사건번호,접수일(년월일),성별,연령대,지역,판매유형,물품소분류,청구이유
2023000101,2023-01-02,여자,50 - 59세,대전광역시,방문판매,헬스장,계약해제.해지/위약금
2023000102,2023-01-02,남자,40 - 49세,대구광역시,기타,양복(서양식 의복)세탁,품질(물품/용역)
2023000103,2023-01-02,여자,40 - 49세,경상남도,일반판매,양복(서양식 의복)세탁,품질(물품/용역)
2023000104,2023-01-02,여자,60 - 64세,인천광역시,일반판매,니트(스웨터),품질(물품/용역)
2023000106,2023-01-02,여자,50 - 59세,인천광역시,일반판매,양복(서양식 의복)세탁,품질(물품/용역)
2023000107,2023-01-02,여자,30 - 39세,경기도,국내온라인거래,양복(서양식 의복)세탁,품질(물품/용역)
2023000108,2023-01-02,여자,40 - 49세,서울특별시,국내온라인거래,점퍼·재킷류,품질(물품/용역)
2023000109,2023-01-02,여자,40 - 49세,경기도,국내온라인거래,점퍼·재킷류,품질(물품/용역)
2023000110,2023-01-02,남자,60 - 64세,세종특별자치시,일반판매,이불·요,품질(물품/용역)
2023000111,2023-01-02,남자,40 - 49세,전라북도,일반판매,모자,품질(물품/용역)
2023000112,2023-01-02,여자,50 - 59세,경상남도,일반판매,핸드백,품질(물품/용역)
2023000113,2023-01-02,남자,40 - 49세,경기도,일반판매,양복(서양식 의복)세탁,품질(물품/용역)
2023000114,2023-01-02,여자,30 - 39세,울산광역시,일반판매,핸드백,품질(물품/용역)
2023000115,2023-01-02,남자,40 - 49세,서울특별시,일반판매,양복(서양식 의복)세탁,품질(물품/용역)
2023000116,2023-01-02,남자,30 - 39세,경기도,기타,양복(서양식 의복)세탁,품질(물품/용역)
2023000117,2023-01-02,여자,50 - 59세,대구광역시,일반판매,머플러,품질(물품/용역)
2023000118,2023-01-02,여자,60 - 64세,경상남도,일반판매,점퍼·재킷류,품질(물품/용역)
2023000120,2023-01-02,남자,40 - 49세,부산광역시,일반판매,점퍼·재킷류,품질(물품/용역)
2023000121,2023-01-02,여자,50 - 59세,서울특별시,국내온라인거래,벨트,품질(물품/용역)
2023000122,2023-01-02,여자,50 - 59세,서울특별시,일반판매,점퍼·재킷류,품질(물품/용역)
2023000123,2023-01-02,여자,50 - 59세,서울특별시,일반판매,점퍼·재킷류,품질(물품/용역)
2023000124,2023-01-02,여자,30 - 39세,경상남도,소셜커머스(쇼핑),스포츠웨어,품질(물품/용역)
2023000125,2023-01-02,여자,50 - 59세,대구광역시,일반판매,피혁세탁,품질(물품/용역)
2023000126,2023-01-02,여자,50 - 59세,대구광역시,일반판매,코트,품질(물품/용역)
2023000127,2023-01-02,여자,30 - 39세,서울특별시,일반판매,양복(서양식 의복)세탁,품질(물품/용역)
2023000128,2023-01-02,남자,40 - 49세,경상북도,일반판매,양복(서양식 의복)세탁,품질(물품/용역)
2023000129,2023-01-02,남자,50 - 59세,경기도,일반판매,점퍼·재킷류,품질(물품/용역)
2023000130,2023-01-02,여자,30 - 39세,서울특별시,국내온라인거래,차량용블랙박스,계약해제.해지/위약금
2023000131,2023-01-02,남자,50 - 59세,충청남도,일반판매,중형승용자동차,AS불만
2023000132,2023-01-02,남자,30 - 39세,경상북도,일반판매,중형승용자동차,AS불만
2023000133,2023-01-02,여자,40 - 49세,경기도,일반판매,양복(서양식 의복)세탁,품질(물품/용역)
2023000134,2023-01-02,남자,50 - 59세,경상남도,일반판매,자동차대여(렌트),계약해제.해지/위약금
2023000135,2023-01-02,남자,65 - 69세,서울특별시,일반판매,의류수선,계약불이행(불완전이행)
2023000136,2023-01-02,남자,30 - 39세,경기도,일반판매,예식서비스,계약해제.해지/위약금
2023000137,2023-01-02,남자,20 - 29세,충청남도,일반판매,이동전화서비스,계약해제.해지/위약금
2023000138,2023-01-02,남자,40 - 49세,경기도,일반판매,실손보험,계약불이행(불완전이행)
2023000139,2023-01-02,남자,40 - 49세,서울특별시,모바일거래,자동차대여(렌트),AS불만
2023000140,2023-01-02,여자,50 - 59세,경기도,국내온라인거래,원피스,청약철회
2023000141,2023-01-02,여자,30 - 39세,서울특별시,일반판매,포장이사운송서비스,계약불이행(불완전이행)
2023000142,2023-01-02,여자,30 - 39세,경기도,일반판매,예식서비스,계약해제.해지/위약금
2023000143,2023-01-02,여자,30 - 39세,서울특별시,국내온라인거래,자동차대여(렌트),계약해제.해지/위약금
2023000144,2023-01-02,여자,30 - 39세,충청북도,전화권유판매,인터넷정보이용서비스,계약불이행(불완전이행)
2023000145,2023-01-02,남자,20 - 29세,부산광역시,국내온라인거래,운동화,청약철회
2023000147,2023-01-02,여자,40 - 49세,인천광역시,방문판매,한의원,계약해제.해지/위약금
2023000148,2023-01-02,여자,30 - 39세,서울특별시,국내온라인거래,기타의류·섬유,품질(물품/용역)
2023000149,2023-01-02,여자,40 - 49세,경기도,국내온라인거래,기타통신기기,청약철회
2023000150,2023-01-02,남자,50 - 59세,경상북도,국내온라인거래,안마의자,AS불만
2023000151,2023-01-02,남자,50 - 59세,서울특별시,일반판매,자동차수리·점검,AS불만
2023000152,2023-01-02,여자,20 - 29세,경기도,노상판매,헬스장,계약해제.해지/위약금
2023000153,2023-01-02,여자,50 - 59세,경기도,국내온라인거래,음식물처리기대여(렌트),품질(물품/용역)
2023000154,2023-01-02,남자,40 - 49세,광주광역시,일반판매,정수기대여(렌트),계약해제.해지/위약금
2023000155,2023-01-02,여자,40 - 49세,서울특별시,일반판매,피부과,계약해제.해지/위약금
2023000156,2023-01-02,남자,20 - 29세,경상북도,국내온라인거래,카셰어링,AS불만
2023000157,2023-01-02,남자,30 - 39세,부산광역시,일반판매,운동화,품질(물품/용역)
2023000158,2023-01-02,남자,40 - 49세,부산광역시,국내온라인거래,중고자동차중개·매매,이자.수수료
2023000159,2023-01-02,여자,50 - 59세,전라남도,국내온라인거래,신발세탁,계약불이행(불완전이행)
2023000160,2023-01-02,여자,50 - 59세,전라남도,국내온라인거래,신발세탁,계약불이행(불완전이행)
2023000161,2023-01-02,남자,30 - 39세,서울특별시,일반판매,카셰어링,표시.광고
2023000163,2023-01-02,여자,50 - 59세,전라남도,국내온라인거래,신발세탁,계약불이행(불완전이행)
2023000164,2023-01-02,남자,40 - 49세,경기도,국내온라인거래,운동화,품질(물품/용역)
2023000165,2023-01-02,남자,20 - 29세,서울특별시,국내온라인거래,전문스포츠화(축구화·골프화 등),품질(물품/용역)
2023000166,2023-01-02,남자,70 - 79세,대전광역시,일반판매,신사화(구두·부츠 등),품질(물품/용역)
2023000167,2023-01-02,남자,30 - 39세,대구광역시,국내온라인거래,운동화,품질(물품/용역)
2023000168,2023-01-02,남자,20 - 29세,서울특별시,일반판매,운동화,품질(물품/용역)
2023000169,2023-01-02,여자,40 - 49세,강원특별자치도,일반판매,운동화,품질(물품/용역)
2023000170,2023-01-02,여자,50 - 59세,부산광역시,일반판매,운동화,품질(물품/용역)
2023000171,2023-01-02,여자,50 - 59세,경기도,국내온라인거래,운동화,품질(물품/용역)
2023000172,2023-01-02,남자,50 - 59세,서울특별시,국내온라인거래,운동화,품질(물품/용역)
2023000173,2023-01-02,여자,65 - 69세,경기도,기타,기타의료서비스,계약해제.해지/위약금
2023000174,2023-01-02,여자,40 - 49세,경기도,국내온라인거래,샌들·슬리퍼,품질(물품/용역)
2023000175,2023-01-02,여자,30 - 39세,충청남도,국내온라인거래,캐주얼바지,품질(물품/용역)
2023000176,2023-01-02,남자,65 - 69세,부산광역시,일반판매,운동화,품질(물품/용역)
2023000177,2023-01-02,남자,40 - 49세,전라북도,기타통신판매,유사투자자문,계약해제.해지/위약금
2023000178,2023-01-02,여자,40 - 49세,충청남도,국내온라인거래,숙녀화(구두·부츠 등),품질(물품/용역)
2023000179,2023-01-02,남자,70 - 79세,부산광역시,일반판매,운동화,품질(물품/용역)
2023000180,2023-01-02,여자,30 - 39세,서울특별시,일반판매,신발세탁,계약불이행(불완전이행)
2023000181,2023-01-02,남자,65 - 69세,서울특별시,일반판매,등산화,품질(물품/용역)
2023000182,2023-01-02,남자,60 - 64세,서울특별시,일반판매,등산화,품질(물품/용역)
2023000183,2023-01-02,여자,40 - 49세,경기도,국내온라인거래,운동화,품질(물품/용역)
2023000184,2023-01-02,남자,60 - 64세,전라북도,일반판매,운동화,품질(물품/용역)
2023000185,2023-01-02,여자,20 - 29세,부산광역시,일반판매,운동화,품질(물품/용역)
2023000186,2023-01-02,남자,60 - 64세,서울특별시,일반판매,운동화,품질(물품/용역)
2023000187,2023-01-02,여자,50 - 59세,부산광역시,일반판매,숙녀화(구두·부츠 등),품질(물품/용역)
2023000188,2023-01-02,여자,20 - 29세,부산광역시,일반판매,운동화,품질(물품/용역)
2023000189,2023-01-02,남자,50 - 59세,경기도,국내온라인거래,신사화(구두·부츠 등),품질(물품/용역)
2023000190,2023-01-02,남자,40 - 49세,경기도,일반판매,신사화(구두·부츠 등),품질(물품/용역)
2023000191,2023-01-02,여자,50 - 59세,경기도,일반판매,숙녀화(구두·부츠 등),품질(물품/용역)
2023000192,2023-01-02,여자,30 - 39세,전라남도,국내온라인거래,신발세탁,계약불이행(불완전이행)
2023000193,2023-01-02,여자,30 - 39세,서울특별시,일반판매,신발세탁,계약불이행(불완전이행)
2023000194,2023-01-02,남자,40 - 49세,경기도,국내온라인거래,운동화,품질(물품/용역)
2023000195,2023-01-02,남자,30 - 39세,서울특별시,국내온라인거래,신사화(구두·부츠 등),품질(물품/용역)
2023000196,2023-01-02,여자,65 - 69세,경기도,일반판매,숙녀화(구두·부츠 등),품질(물품/용역)
2023000197,2023-01-02,남자,50 - 59세,경기도,일반판매,운동화,품질(물품/용역)
2023000198,2023-01-02,여자,65 - 69세,부산광역시,일반판매,운동화,품질(물품/용역)
2023000199,2023-01-02,남자,20 - 29세,부산광역시,일반판매,건강(암·기타질병)보험,계약불이행(불완전이행)
2023000200,2023-01-02,남자,50 - 59세,인천광역시,국내온라인거래,기타신발·용품,품질(물품/용역)
2023000201,2023-01-02,여자,60 - 64세,서울특별시,국내온라인거래,운동화,품질(물품/용역)
2023000202,2023-01-02,여자,50 - 59세,부산광역시,일반판매,운동화,품질(물품/용역)
2023000203,2023-01-02,여자,40 - 49세,전라남도,TV홈쇼핑,전기장판,품질(물품/용역)
2023000204,2023-01-02,여자,30 - 39세,서울특별시,일반판매,운동화,품질(물품/용역)
2023000205,2023-01-02,남자,50 - 59세,대구광역시,국내온라인거래,정수기대여(렌트),품질(물품/용역)
2023000206,2023-01-02,여자,50 - 59세,서울특별시,일반판매,운동화,품질(물품/용역)
2023000207,2023-01-02,남자,30 - 39세,경기도,일반판매,운동화,품질(물품/용역)
2023000209,2023-01-02,여자,50 - 59세,경기도,일반판매,숙녀화(구두·부츠 등),품질(물품/용역)
2023000210,2023-01-02,여자,불명,대구광역시,일반판매,생활패션화(슬립온·아쿠아슈즈·장화·작업화 등),품질(물품/용역)
2023000211,2023-01-02,남자,20 - 29세,경기도,국내온라인거래,신사화(구두·부츠 등),품질(물품/용역)
2023000212,2023-01-02,여자,50 - 59세,대구광역시,일반판매,숙녀화(구두·부츠 등),품질(물품/용역)
2023000213,2023-01-02,남자,불명,서울특별시,기타,전기,계약불이행(불완전이행)
2023000214,2023-01-02,여자,불명,경상남도,전화권유판매,유사투자자문,계약불이행(불완전이행)
2023000217,2023-01-02,남자,40 - 49세,경기도,일반판매,기타가구,계약해제.해지/위약금
2023000218,2023-01-02,여자,40 - 49세,인천광역시,일반판매,하수도위생서비스,거래관행
2023000219,2023-01-02,남자,65 - 69세,서울특별시,방문판매,티셔츠,계약해제.해지/위약금
2023000220,2023-01-02,여자,40 - 49세,경기도,국내온라인거래,유리·크리스탈그릇,품질(물품/용역)
2023000221,2023-01-02,여자,70 - 79세,서울특별시,일반판매,포장이사운송서비스,품질(물품/용역)
2023000222,2023-01-02,여자,70 - 79세,대구광역시,일반판매,기타의료용구,안전(제품/시설)
2023000223,2023-01-02,남자,40 - 49세,서울특별시,일반판매,예식서비스,계약해제.해지/위약금
2023000224,2023-01-02,여자,40 - 49세,서울특별시,일반판매,필라테스,계약불이행(불완전이행)
2023000225,2023-01-02,여자,50 - 59세,충청북도,일반판매,아파트,품질(물품/용역)
2023000226,2023-01-02,남자,30 - 39세,경기도,일반판매,가구세트,계약해제.해지/위약금
2023000227,2023-01-02,여자,40 - 49세,서울특별시,일반판매,필라테스,계약해제.해지/위약금
2023000228,2023-01-02,남자,70 - 79세,서울특별시,일반판매,전기요,AS불만
2023000229,2023-01-02,여자,40 - 49세,경상남도,전화권유판매,초고속인터넷,계약불이행(불완전이행)
2023000230,2023-01-02,남자,20 - 29세,경기도,국내온라인거래,꽃·화초·화환,계약불이행(불완전이행)
2023000231,2023-01-02,남자,70 - 79세,강원특별자치도,일반판매,국내결혼중개,계약해제.해지/위약금
2023000232,2023-01-02,여자,40 - 49세,경기도,국내온라인거래,식기세척기,계약불이행(불완전이행)
2023000233,2023-01-02,남자,40 - 49세,서울특별시,국내온라인거래,유사투자자문,계약불이행(불완전이행)
2023000234,2023-01-02,여자,30 - 39세,대구광역시,일반판매,코트,품질(물품/용역)
2023000235,2023-01-02,여자,60 - 64세,대구광역시,일반판매,기타부엌소모품,품질(물품/용역)
2023000236,2023-01-02,남자,50 - 59세,경기도,국내온라인거래,가스보일러,AS불만
2023000237,2023-01-02,여자,20 - 29세,서울특별시,국내온라인거래,점퍼·재킷류,청약철회
2023000238,2023-01-02,여자,30 - 39세,서울특별시,국내온라인거래,장식장,품질(물품/용역)
2023000239,2023-01-02,남자,30 - 39세,울산광역시,국내온라인거래,기타의류·섬유,청약철회
2023000240,2023-01-02,남자,40 - 49세,제주도,국내온라인거래,온풍기,표시.광고
2023000241,2023-01-02,남자,50 - 59세,서울특별시,국내온라인거래,김치냉장고,계약불이행(불완전이행)
2023000242,2023-01-02,남자,30 - 39세,인천광역시,소셜커머스(쇼핑),노트북컴퓨터,품질(물품/용역)
2023000243,2023-01-02,여자,40 - 49세,인천광역시,국내온라인거래,국외여행,계약불이행(불완전이행)
2023000245,2023-01-02,남자,65 - 69세,경기도,일반판매,서랍장,AS불만
2023000246,2023-01-02,남자,50 - 59세,서울특별시,일반판매,헬스장,계약해제.해지/위약금
2023000247,2023-01-02,여자,30 - 39세,경기도,국내온라인거래,전기자전거,계약해제.해지/위약금
2023000248,2023-01-02,여자,40 - 49세,경상북도,일반판매,전집물,계약불이행(불완전이행)
2023000249,2023-01-02,여자,불명,강원특별자치도,모바일거래,캐주얼바지,계약불이행(불완전이행)
2023000250,2023-01-02,여자,40 - 49세,전라남도,국내온라인거래,기타의류·섬유,계약불이행(불완전이행)
2023000251,2023-01-02,여자,30 - 39세,부산광역시,국내온라인거래,봉지면,계약불이행(불완전이행)
2023000252,2023-01-02,여자,70 - 79세,서울특별시,일반판매,건강(암·기타질병)보험,계약불이행(불완전이행)
2023000254,2023-01-02,남자,30 - 39세,충청남도,기타,인터넷정보이용서비스,계약불이행(불완전이행)
2023000255,2023-01-02,여자,40 - 49세,경기도,일반판매,성형외과,계약해제.해지/위약금
2023000256,2023-01-02,여자,50 - 59세,광주광역시,일반판매,한방진료,계약불이행(불완전이행)
2023000257,2023-01-02,남자,40 - 49세,충청북도,전화권유판매,유사투자자문,계약해제.해지/위약금
2023000258,2023-01-02,남자,불명,강원특별자치도,일반판매,제조물·생산및영업배상보험,안전(제품/시설)
2023000259,2023-01-02,남자,65 - 69세,서울특별시,일반판매,헬스장,계약해제.해지/위약금
2023000260,2023-01-02,여자,20 - 29세,경기도,국내온라인거래,점퍼·재킷류,계약불이행(불완전이행)
2023000261,2023-01-02,남자,30 - 39세,서울특별시,국내온라인거래,골프용품,표시.광고
2023000264,2023-01-02,여자,30 - 39세,경기도,소셜커머스(쇼핑),기타의류·섬유,청약철회
2023000265,2023-01-02,남자,50 - 59세,대구광역시,일반판매,기타사설강습서비스,계약해제.해지/위약금
2023000266,2023-01-02,남자,50 - 59세,경기도,일반판매,신유형상품권,부당행위
2023000267,2023-01-02,여자,40 - 49세,서울특별시,국내온라인거래,스프링매트리스,계약해제.해지/위약금
2023000268,2023-01-02,남자,40 - 49세,경기도,기타통신판매,기타미분류서비스,계약불이행(불완전이행)
2023000269,2023-01-02,남자,50 - 59세,세종특별자치시,국내온라인거래,기타자동차용품,청약철회
2023000270,2023-01-02,여자,40 - 49세,경기도,일반판매,각종자격취득강습,계약불이행(불완전이행)
2023000271,2023-01-02,남자,40 - 49세,경상남도,일반판매,스마트폰,AS불만
2023000272,2023-01-02,여자,50 - 59세,광주광역시,일반판매,스포츠시설이용,안전(제품/시설)
2023000273,2023-01-02,여자,30 - 39세,서울특별시,국내온라인거래,기타완구·인형,계약불이행(불완전이행)
2023000274,2023-01-02,남자,70 - 79세,부산광역시,일반판매,기타공조·냉난방기기,품질(물품/용역)
2023000275,2023-01-02,여자,40 - 49세,전라남도,일반판매,양복(서양식 의복)세탁,품질(물품/용역)
2023000276,2023-01-02,여자,20 - 29세,서울특별시,국내온라인거래,컴퓨터및주변기기대여(렌트),계약해제.해지/위약금
2023000277,2023-01-02,여자,30 - 39세,경기도,국내온라인거래,숙녀화(구두·부츠 등),계약불이행(불완전이행)
2023000278,2023-01-02,남자,20 - 29세,제주도,국내온라인거래,셔츠,계약불이행(불완전이행)
2023000279,2023-01-02,여자,30 - 39세,경상남도,국내온라인거래,노트·수첩·앨범등,청약철회
2023000280,2023-01-02,여자,30 - 39세,인천광역시,소셜커머스(쇼핑),인덕션레인지,안전(제품/시설)
2023000281,2023-01-02,남자,30 - 39세,서울특별시,국내온라인거래,보조배터리,표시.광고
2023000282,2023-01-02,여자,30 - 39세,경기도,국내온라인거래,기타가방,청약철회
2023000283,2023-01-02,남자,30 - 39세,경기도,국내온라인거래,선풍기,품질(물품/용역)
2023000284,2023-01-02,여자,30 - 39세,광주광역시,국내온라인거래,호텔,청약철회
2023000285,2023-01-02,남자,불명,광주광역시,국내온라인거래,운동화,계약불이행(불완전이행)
2023000286,2023-01-02,남자,65 - 69세,서울특별시,방문판매,국외여행,계약해제.해지/위약금
2023000287,2023-01-02,남자,불명,서울특별시,모바일거래,신유형상품권,계약불이행(불완전이행)
2023000288,2023-01-02,남자,60 - 64세,서울특별시,국내온라인거래,기타숙박시설,계약해제.해지/위약금
2023000289,2023-01-02,여자,30 - 39세,경기도,국내온라인거래,티셔츠,품질(물품/용역)
2023000290,2023-01-02,남자,40 - 49세,경기도,일반판매,치과,품질(물품/용역)
2023000291,2023-01-02,여자,40 - 49세,경기도,방문판매,종합체육시설회원권,계약해제.해지/위약금
2023000292,2023-01-02,여자,40 - 49세,부산광역시,방문판매,식탁,청약철회
2023000293,2023-01-02,남자,불명,경기도,기타통신판매,기타건강식품,계약불이행(불완전이행)
2023000294,2023-01-02,남자,불명,대구광역시,일반판매,철도여객운송서비스,계약불이행(불완전이행)
2023000295,2023-01-02,여자,70 - 79세,경기도,전화권유판매,기타건강식품,표시.광고
2023000296,2023-01-02,여자,20 - 29세,제주도,일반판매,신발세탁,계약불이행(불완전이행)
2023000297,2023-01-02,여자,50 - 59세,인천광역시,일반판매,점퍼·재킷류,품질(물품/용역)
2023000298,2023-01-02,남자,20 - 29세,서울특별시,모바일거래,기타숙박시설,계약해제.해지/위약금
2023000299,2023-01-02,여자,50 - 59세,전라남도,기타통신판매,미용서비스,계약해제.해지/위약금
2023000300,2023-01-02,남자,30 - 39세,경상북도,일반판매,운동화,품질(물품/용역)
2023000301,2023-01-02,남자,불명,경상북도,일반판매,신유형상품권,계약불이행(불완전이행)
2023000302,2023-01-02,남자,60 - 64세,대구광역시,일반판매,오토바이,계약불이행(불완전이행)
2023000304,2023-01-02,남자,50 - 59세,인천광역시,국내온라인거래,키보드,계약불이행(불완전이행)
2023000305,2023-01-02,남자,10 - 19세,경상남도,국내온라인거래,어항,품질(물품/용역)
2023000306,2023-01-02,여자,30 - 39세,서울특별시,일반판매,양복(서양식 의복)세탁,품질(물품/용역)
2023000307,2023-01-02,여자,30 - 39세,경기도,기타통신판매,화장품세트,계약불이행(불완전이행)
2023000308,2023-01-02,남자,20 - 29세,경기도,국내온라인거래,점퍼·재킷류,청약철회
2023000309,2023-01-02,남자,40 - 49세,서울특별시,국내온라인거래,전기포트,청약철회
2023000310,2023-01-02,여자,20 - 29세,인천광역시,일반판매,헬스장,품질(물품/용역)
2023000311,2023-01-02,여자,40 - 49세,제주도,일반판매,헬스장,계약해제.해지/위약금
2023000312,2023-01-02,남자,불명,대구광역시,일반판매,시계,계약해제.해지/위약금
2023000313,2023-01-02,여자,40 - 49세,인천광역시,국내온라인거래,보석·귀금속,계약불이행(불완전이행)
2023000314,2023-01-02,남자,30 - 39세,충청북도,전화권유판매,이동전화서비스,무능력자계약
2023000315,2023-01-02,남자,30 - 39세,서울특별시,일반판매,기타통신기기,계약불이행(불완전이행)
2023000316,2023-01-02,여자,20 - 29세,부산광역시,국내온라인거래,캐주얼바지,품질(물품/용역)
2023000317,2023-01-02,남자,불명,경기도,전화권유판매,모바일정보이용서비스,계약해제.해지/위약금
2023000318,2023-01-02,남자,20 - 29세,인천광역시,일반판매,화장실설비,가격.요금
2023000319,2023-01-02,여자,30 - 39세,충청북도,국내온라인거래,호텔,표시.광고
2023000321,2023-01-02,여자,불명,경상남도,일반판매,니트(스웨터),품질(물품/용역)
2023000322,2023-01-02,여자,40 - 49세,인천광역시,일반판매,한의원,계약해제.해지/위약금
2023000323,2023-01-02,여자,불명,경상남도,일반판매,니트(스웨터),품질(물품/용역)
2023000324,2023-01-02,여자,불명,경상남도,일반판매,니트(스웨터),품질(물품/용역)
2023000325,2023-01-02,여자,40 - 49세,서울특별시,국내온라인거래,전기스탠드,품질(물품/용역)
2023000326,2023-01-02,여자,40 - 49세,경기도,일반판매,필라테스,계약해제.해지/위약금
2023000327,2023-01-02,여자,70 - 79세,강원특별자치도,일반판매,건강(암·기타질병)보험,약관
2023000328,2023-01-02,남자,65 - 69세,인천광역시,일반판매,치과,계약해제.해지/위약금
2023000330,2023-01-02,여자,10 - 19세,서울특별시,일반판매,성형외과,계약해제.해지/위약금
2023000331,2023-01-02,여자,20 - 29세,서울특별시,일반판매,피부과,계약불이행(불완전이행)
2023000332,2023-01-02,남자,50 - 59세,경기도,일반판매,성형외과,계약해제.해지/위약금
2023000334,2023-01-02,남자,50 - 59세,경상남도,일반판매,피혁세탁,품질(물품/용역)
2023000336,2023-01-02,여자,40 - 49세,경기도,일반판매,필라테스,계약불이행(불완전이행)
2023000337,2023-01-02,남자,불명,서울특별시,일반판매,TV,AS불만
2023000338,2023-01-02,남자,30 - 39세,경기도,일반판매,치과,계약불이행(불완전이행)
2023000339,2023-01-02,여자,30 - 39세,광주광역시,국내온라인거래,기타일반화장품,품질(물품/용역)
2023000340,2023-01-02,남자,40 - 49세,경기도,모바일거래,제조물·생산및영업배상보험,부당행위
2023000341,2023-01-02,여자,50 - 59세,광주광역시,기타,건강(암·기타질병)보험,계약불이행(불완전이행)
2023000342,2023-01-02,여자,60 - 64세,경기도,일반판매,양복(서양식 의복)세탁,품질(물품/용역)
2023000343,2023-01-02,남자,50 - 59세,전라남도,기타,실손보험,계약불이행(불완전이행)
2023000344,2023-01-02,남자,불명,경기도,국내온라인거래,벨트,계약불이행(불완전이행)
2023000345,2023-01-02,남자,70 - 79세,대전광역시,일반판매,신문광고,계약불이행(불완전이행)
2023000346,2023-01-02,여자,60 - 64세,인천광역시,일반판매,점퍼·재킷류,품질(물품/용역)
2023000347,2023-01-02,여자,40 - 49세,부산광역시,국내온라인거래,숙녀화(구두·부츠 등),품질(물품/용역)
2023000348,2023-01-02,여자,30 - 39세,서울특별시,기타통신판매,예식서비스,계약해제.해지/위약금
2023000349,2023-01-02,여자,40 - 49세,부산광역시,국내온라인거래,숙녀화(구두·부츠 등),품질(물품/용역)
2023000351,2023-01-02,여자,40 - 49세,대전광역시,일반판매,정수기대여(렌트),거래관행
2023000352,2023-01-02,남자,40 - 49세,서울특별시,일반판매,변호서비스,계약해제.해지/위약금
2023000354,2023-01-02,남자,50 - 59세,서울특별시,일반판매,자동차수리·점검,AS불만
2023000355,2023-01-02,여자,30 - 39세,제주도,일반판매,항공화물운송서비스,계약불이행(불완전이행)
2023000356,2023-01-02,여자,50 - 59세,전라북도,일반판매,정수기대여(렌트),계약불이행(불완전이행)
2023000357,2023-01-02,남자,70 - 79세,경기도,일반판매,점퍼·재킷류,품질(물품/용역)
2023000358,2023-01-02,여자,30 - 39세,서울특별시,일반판매,이동전화서비스,품질(물품/용역)
2023000359,2023-01-02,남자,40 - 49세,전라남도,방문판매,소파,계약불이행(불완전이행)
2023000360,2023-01-02,남자,40 - 49세,서울특별시,국내온라인거래,모형완구,표시.광고
2023000361,2023-01-02,남자,30 - 39세,인천광역시,기타,IPTV,가격.요금
2023000362,2023-01-02,여자,20 - 29세,서울특별시,모바일거래,예식서비스,계약해제.해지/위약금
2023000363,2023-01-02,남자,20 - 29세,인천광역시,모바일거래,사진촬영,계약해제.해지/위약금
2023000364,2023-01-02,여자,20 - 29세,경기도,방문판매,헬스장,계약해제.해지/위약금
2023000365,2023-01-02,여자,40 - 49세,경상남도,모바일거래,화장품세트,청약철회
2023000366,2023-01-02,남자,30 - 39세,경기도,모바일거래,기타주방설비,계약불이행(불완전이행)
2023000367,2023-01-02,남자,40 - 49세,서울특별시,기타,정수기대여(렌트),계약해제.해지/위약금
2023000368,2023-01-02,여자,40 - 49세,서울특별시,국내온라인거래,커피,계약불이행(불완전이행)
2023000369,2023-01-02,남자,50 - 59세,경기도,모바일거래,모바일게임서비스,무능력자계약
2023000370,2023-01-02,여자,50 - 59세,경상북도,일반판매,숙녀화(구두·부츠 등),계약불이행(불완전이행)
2023000371,2023-01-02,여자,20 - 29세,인천광역시,소셜커머스(쇼핑),미용서비스,청약철회
2023000372,2023-01-02,남자,70 - 79세,충청북도,일반판매,전기자동차,안전(제품/시설)
2023000373,2023-01-02,남자,70 - 79세,서울특별시,기타통신판매,인터넷정보이용서비스,계약해제.해지/위약금
2023000374,2023-01-02,남자,50 - 59세,경기도,방문판매,정수기대여(렌트),부당행위
2023000375,2023-01-02,남자,50 - 59세,경기도,일반판매,점퍼·재킷류,품질(물품/용역)
2023000377,2023-01-02,남자,40 - 49세,서울특별시,국내온라인거래,합판,품질(물품/용역)
2023000378,2023-01-02,여자,40 - 49세,부산광역시,기타통신판매,숙녀화(구두·부츠 등),품질(물품/용역)
2023000379,2023-01-02,남자,30 - 39세,경기도,국내온라인거래,향수,청약철회
2023000380,2023-01-02,남자,20 - 29세,인천광역시,모바일거래,카셰어링,부당행위
2023000381,2023-01-02,여자,40 - 49세,경상북도,TV홈쇼핑,냉장고,품질(물품/용역)
2023000382,2023-01-02,여자,30 - 39세,제주도,국내온라인거래,펜션,계약해제.해지/위약금
2023000383,2023-01-02,여자,30 - 39세,강원특별자치도,국내온라인거래,국외여행,품질(물품/용역)
2023000384,2023-01-02,남자,불명,경기도,일반판매,이동전화서비스,청약철회
2023000385,2023-01-02,여자,20 - 29세,부산광역시,국내온라인거래,운동화,품질(물품/용역)
2023000387,2023-01-02,여자,불명,서울특별시,국내온라인거래,시계,계약불이행(불완전이행)
2023000388,2023-01-02,여자,20 - 29세,부산광역시,모바일거래,교통카드,계약불이행(불완전이행)
2023000389,2023-01-02,여자,50 - 59세,부산광역시,국내온라인거래,신사화(구두·부츠 등),품질(물품/용역)
2023000390,2023-01-02,여자,60 - 64세,경기도,일반판매,코트,품질(물품/용역)
2023000391,2023-01-02,남자,70 - 79세,서울특별시,일반판매,국외여행,계약불이행(불완전이행)
2023000392,2023-01-02,남자,70 - 79세,서울특별시,TV홈쇼핑,전기자전거,품질(물품/용역)
2023000394,2023-01-02,남자,30 - 39세,경기도,일반판매,외식,품질(물품/용역)
2023000395,2023-01-02,남자,40 - 49세,경기도,국내온라인거래,점퍼·재킷류,계약불이행(불완전이행)
2023000397,2023-01-02,여자,20 - 29세,부산광역시,일반판매,양복(서양식 의복)세탁,품질(물품/용역)
2023000399,2023-01-02,여자,40 - 49세,대전광역시,일반판매,양복(서양식 의복)세탁,품질(물품/용역)
2023000400,2023-01-02,여자,65 - 69세,서울특별시,일반판매,점퍼·재킷류,품질(물품/용역)
2023000401,2023-01-02,남자,65 - 69세,서울특별시,국내온라인거래,유사투자자문,청약철회
2023000402,2023-01-02,남자,불명,부산광역시,기타,IPTV,계약불이행(불완전이행)
2023000405,2023-01-02,여자,30 - 39세,서울특별시,일반판매,양복(서양식 의복)세탁,품질(물품/용역)
2023000406,2023-01-02,여자,30 - 39세,서울특별시,일반판매,양복(서양식 의복)세탁,품질(물품/용역)
2023000407,2023-01-02,남자,20 - 29세,서울특별시,전화권유판매,비뇨의학과,계약해제.해지/위약금
2023000501,2023-01-02,남자,40 - 49세,서울특별시,기타통신판매,쇠고기,청약철회
2023000502,2023-01-02,남자,30 - 39세,서울특별시,일반판매,애완견,계약해제.해지/위약금
2023000503,2023-01-02,남자,40 - 49세,강원특별자치도,일반판매,초고속인터넷,계약해제.해지/위약금
2023000504,2023-01-02,남자,40 - 49세,서울특별시,전화권유판매,인터넷정보이용서비스,청약철회
2023000505,2023-01-02,여자,30 - 39세,경기도,일반판매,국내결혼중개,계약해제.해지/위약금
2023000506,2023-01-02,남자,30 - 39세,서울특별시,기타,예식서비스,청약철회
2023000507,2023-01-02,여자,30 - 39세,광주광역시,기타통신판매,인터넷교육서비스,계약불이행(불완전이행)
2023000508,2023-01-02,여자,30 - 39세,서울특별시,방문판매,헬스장,계약해제.해지/위약금
2023000509,2023-01-02,남자,30 - 39세,인천광역시,국내온라인거래,기타책상·테이블류,청약철회
2023000510,2023-01-02,여자,50 - 59세,전라북도,일반판매,식탁,품질(물품/용역)
2023000511,2023-01-02,여자,30 - 39세,경상남도,일반판매,커피,청약철회
2023000512,2023-01-02,남자,40 - 49세,경상남도,기타,노트북컴퓨터,품질(물품/용역)
2023000513,2023-01-02,남자,30 - 39세,경상북도,국내온라인거래,택배화물운송서비스,계약불이행(불완전이행)
2023000514,2023-01-02,남자,50 - 59세,울산광역시,전화권유판매,기타정보이용서비스,계약불이행(불완전이행)
2023000515,2023-01-02,남자,30 - 39세,경기도,기타,이동전화서비스,부당행위
2023000516,2023-01-02,여자,40 - 49세,서울특별시,국내온라인거래,코트,청약철회
2023000517,2023-01-02,남자,20 - 29세,전라북도,기타통신판매,국외여행,가격.요금
2023000518,2023-01-02,남자,30 - 39세,서울특별시,국내온라인거래,기타컴퓨터·주변기기,계약해제.해지/위약금
2023000519,2023-01-02,남자,30 - 39세,서울특별시,국내온라인거래,신용카드,약관
2023000520,2023-01-02,여자,50 - 59세,강원특별자치도,모바일거래,기타식품류,청약철회
2023000521,2023-01-02,남자,30 - 39세,인천광역시,국내온라인거래,기타의류·섬유,청약철회
2023000522,2023-01-02,여자,40 - 49세,경기도,국내온라인거래,기타의료용구,계약불이행(불완전이행)
2023000523,2023-01-02,여자,40 - 49세,경기도,일반판매,헬스장,계약해제.해지/위약금
2023000524,2023-01-02,남자,40 - 49세,경기도,방문판매,택배화물운송서비스,품질(물품/용역)
2023000525,2023-01-02,여자,50 - 59세,서울특별시,국내온라인거래,기타식품류,계약불이행(불완전이행)
2023000527,2023-01-02,여자,20 - 29세,충청남도,방문판매,필라테스,계약해제.해지/위약금
2023000528,2023-01-02,여자,40 - 49세,충청북도,모바일거래,이동전화서비스,청약철회
2023000530,2023-01-02,여자,40 - 49세,경기도,기타,스포츠시설이용,부당행위
2023000531,2023-01-02,여자,30 - 39세,강원특별자치도,국내온라인거래,기타공조·냉난방기기,청약철회
2023000532,2023-01-02,남자,20 - 29세,충청북도,전화권유판매,헬스장,계약해제.해지/위약금
2023000533,2023-01-02,남자,20 - 29세,서울특별시,일반판매,헬스장,계약해제.해지/위약금
2023000534,2023-01-02,여자,40 - 49세,서울특별시,기타,포장이사운송서비스,계약불이행(불완전이행)
2023000535,2023-01-02,남자,40 - 49세,인천광역시,일반판매,위스키,품질(물품/용역)
2023000536,2023-01-02,여자,40 - 49세,경기도,일반판매,헬스장,계약해제.해지/위약금
2023000537,2023-01-02,남자,30 - 39세,강원특별자치도,국내온라인거래,기타조리기기·기구,계약해제.해지/위약금
2023000538,2023-01-02,여자,50 - 59세,서울특별시,기타,변호서비스,가격.요금
2023000539,2023-01-02,여자,30 - 39세,경기도,국내온라인거래,운동화,청약철회
2023000540,2023-01-02,여자,30 - 39세,제주도,국내온라인거래,CD·LD·DVD(영화·음악·게임),품질(물품/용역)
2023000541,2023-01-02,남자,30 - 39세,경기도,기타,기타정보이용서비스,청약철회
2023000542,2023-01-02,여자,50 - 59세,서울특별시,TV홈쇼핑,정수기대여(렌트),품질(물품/용역)
2023000543,2023-01-02,여자,40 - 49세,대전광역시,기타,독서실이용,계약해제.해지/위약금
2023000544,2023-01-02,여자,20 - 29세,서울특별시,국내온라인거래,커피세트,품질(물품/용역)
2023000545,2023-01-02,남자,40 - 49세,서울특별시,국제온라인거래,인터넷게임서비스,계약불이행(불완전이행)
2023000547,2023-01-02,여자,30 - 39세,서울특별시,소셜커머스(쇼핑),기타숙박시설,계약해제.해지/위약금
2023000548,2023-01-02,남자,30 - 39세,서울특별시,국내온라인거래,볼링용품,청약철회
2023000549,2023-01-02,남자,30 - 39세,서울특별시,일반판매,헬스장,계약해제.해지/위약금
2023000550,2023-01-02,남자,40 - 49세,대구광역시,방문판매,정수기대여(렌트),품질(물품/용역)
2023000551,2023-01-02,남자,30 - 39세,경상북도,전화권유판매,기타정보이용서비스,계약불이행(불완전이행)
2023000552,2023-01-02,남자,20 - 29세,강원특별자치도,기타통신판매,모바일게임서비스,청약철회
2023000553,2023-01-02,남자,20 - 29세,경기도,방문판매,헬스장,계약해제.해지/위약금
2023000554,2023-01-02,남자,30 - 39세,경기도,국내온라인거래,니트(스웨터),계약불이행(불완전이행)
2023000555,2023-01-02,여자,30 - 39세,경기도,방문판매,미분류컨설팅(자문),계약해제.해지/위약금
2023000556,2023-01-02,남자,50 - 59세,울산광역시,일반판매,점퍼·재킷류,품질(물품/용역)
2023000557,2023-01-02,남자,30 - 39세,서울특별시,기타,모바일정보이용서비스,부당행위
2023000558,2023-01-02,여자,50 - 59세,경상남도,국내온라인거래,기타숙박시설,계약해제.해지/위약금
2023000559,2023-01-02,여자,50 - 59세,인천광역시,기타통신판매,건물청소서비스,계약불이행(불완전이행)
2023000560,2023-01-02,남자,30 - 39세,서울특별시,기타,식사배달,품질(물품/용역)
2023000561,2023-01-02,남자,30 - 39세,경기도,국내온라인거래,호텔,계약해제.해지/위약금
2023000562,2023-01-02,여자,30 - 39세,서울특별시,국내온라인거래,기타서적음반류,청약철회
2023000563,2023-01-02,여자,30 - 39세,경기도,기타,할인회원권,표시.광고
2023000564,2023-01-02,여자,50 - 59세,서울특별시,방문판매,포장이사운송서비스,AS불만
2023000565,2023-01-02,여자,30 - 39세,서울특별시,국내온라인거래,티셔츠,청약철회
2023000566,2023-01-02,여자,20 - 29세,광주광역시,국내온라인거래,인터넷교육서비스,AS불만
2023000567,2023-01-02,여자,20 - 29세,서울특별시,일반판매,헬스장,계약해제.해지/위약금
2023000568,2023-01-02,여자,40 - 49세,경기도,일반판매,헬스장,계약해제.해지/위약금
2023000569,2023-01-02,여자,40 - 49세,경상북도,일반판매,커피,안전(제품/시설)
2023000570,2023-01-02,남자,30 - 39세,서울특별시,국제온라인거래,항공여객운송서비스,계약해제.해지/위약금
2023000571,2023-01-02,남자,40 - 49세,서울특별시,국내온라인거래,메모리,청약철회
2023000573,2023-01-02,남자,30 - 39세,경기도,일반판매,일반강습(입시학원등),계약해제.해지/위약금
2023000574,2023-01-02,남자,30 - 39세,제주도,기타통신판매,기타미분류서비스,계약불이행(불완전이행)
2023000575,2023-01-02,남자,30 - 39세,서울특별시,소셜커머스(쇼핑),프린터,계약해제.해지/위약금
2023000576,2023-01-02,남자,40 - 49세,경기도,기타,외식,표시.광고
2023000577,2023-01-02,남자,30 - 39세,서울특별시,일반판매,헬스장,계약해제.해지/위약금
2023000578,2023-01-02,여자,30 - 39세,서울특별시,모바일거래,기타숙박시설,계약해제.해지/위약금
2023000579,2023-01-02,여자,50 - 59세,인천광역시,소셜커머스(쇼핑),커피,청약철회
2023000580,2023-01-02,여자,30 - 39세,강원특별자치도,방문판매,사진촬영,계약해제.해지/위약금
2023000581,2023-01-02,남자,30 - 39세,경기도,일반판매,아파트,AS불만
2023000582,2023-01-02,남자,50 - 59세,부산광역시,일반판매,대리운전,계약불이행(불완전이행)
2023000583,2023-01-02,여자,50 - 59세,경상남도,국내온라인거래,기타식품류,청약철회
2023000584,2023-01-02,여자,20 - 29세,서울특별시,국내온라인거래,코트,청약철회
2023000586,2023-01-02,남자,40 - 49세,경기도,일반판매,국내결혼중개,계약해제.해지/위약금
2023000587,2023-01-02,여자,40 - 49세,경기도,국내온라인거래,의류수선,품질(물품/용역)
2023000588,2023-01-02,여자,20 - 29세,서울특별시,일반판매,헬스장,계약해제.해지/위약금
2023000589,2023-01-02,여자,30 - 39세,경기도,일반판매,피부·체형관리서비스,계약해제.해지/위약금
2023000590,2023-01-02,여자,30 - 39세,대구광역시,방문판매,헬스장,계약해제.해지/위약금
2023000591,2023-01-02,남자,30 - 39세,부산광역시,방문판매,국제결혼중개,계약불이행(불완전이행)
2023000592,2023-01-02,남자,30 - 39세,광주광역시,국제온라인거래,기타숙박시설,계약해제.해지/위약금
2023000593,2023-01-02,여자,30 - 39세,경상남도,모바일거래,비타민제,청약철회
2023000594,2023-01-02,여자,50 - 59세,서울특별시,국내온라인거래,화장품세트,계약불이행(불완전이행)
2023000595,2023-01-03,여자,40 - 49세,대전광역시,일반판매,태블릿PC,계약불이행(불완전이행)
2023000596,2023-01-03,남자,40 - 49세,서울특별시,일반판매,중형승용자동차,표시.광고
2023000597,2023-01-03,여자,40 - 49세,경기도,국내온라인거래,기타자동차용품,품질(물품/용역)
2023000598,2023-01-03,남자,20 - 29세,경기도,일반판매,카셰어링,부당행위
2023000599,2023-01-03,여자,40 - 49세,경기도,일반판매,양복(서양식 의복)세탁,품질(물품/용역)
2023000600,2023-01-03,여자,20 - 29세,서울특별시,일반판매,피부과,품질(물품/용역)
2023000601,2023-01-03,남자,30 - 39세,인천광역시,국내온라인거래,스노우체인,표시.광고
2023000602,2023-01-03,남자,30 - 39세,경기도,일반판매,카셰어링,부당행위
2023000604,2023-01-03,남자,10 - 19세,경기도,모바일거래,교통카드,계약불이행(불완전이행)
2023000605,2023-01-03,남자,20 - 29세,충청북도,일반판매,동물병원,품질(물품/용역)
2023000606,2023-01-03,여자,40 - 49세,인천광역시,일반판매,양복(서양식 의복)세탁,품질(물품/용역)
2023000607,2023-01-03,남자,50 - 59세,경기도,일반판매,이비인후과,품질(물품/용역)
2023000608,2023-01-03,남자,60 - 64세,서울특별시,일반판매,실손보험,약관
2023000609,2023-01-03,남자,30 - 39세,인천광역시,국내온라인거래,인터넷교육서비스,계약불이행(불완전이행)
2023000611,2023-01-03,여자,50 - 59세,인천광역시,국내온라인거래,기타의류·섬유,청약철회
2023000612,2023-01-03,남자,50 - 59세,경기도,일반판매,중형승용자동차,계약불이행(불완전이행)
2023000613,2023-01-03,남자,60 - 64세,경기도,국내온라인거래,시계,품질(물품/용역)
2023000614,2023-01-03,여자,30 - 39세,서울특별시,일반판매,양복(서양식 의복)세탁,품질(물품/용역)
2023000615,2023-01-03,여자,70 - 79세,서울특별시,일반판매,양복(서양식 의복)세탁,품질(물품/용역)
2023000617,2023-01-03,여자,40 - 49세,경기도,국내온라인거래,기타식품류,계약불이행(불완전이행)
2023000618,2023-01-03,남자,70 - 79세,서울특별시,일반판매,전문스포츠화(축구화·골프화 등),품질(물품/용역)
2023000619,2023-01-03,여자,40 - 49세,서울특별시,기타통신판매,호텔,계약해제.해지/위약금
2023000620,2023-01-03,여자,30 - 39세,경기도,일반판매,안과,품질(물품/용역)
2023000621,2023-01-03,남자,30 - 39세,경기도,일반판매,치과,품질(물품/용역)
2023000622,2023-01-03,여자,20 - 29세,인천광역시,일반판매,스포츠시설이용,계약해제.해지/위약금
2023000623,2023-01-03,여자,30 - 39세,서울특별시,국내온라인거래,커피,계약불이행(불완전이행)
2023000624,2023-01-03,남자,40 - 49세,경기도,국내온라인거래,점퍼·재킷류,계약불이행(불완전이행)
2023000625,2023-01-03,남자,40 - 49세,부산광역시,일반판매,골프용품,품질(물품/용역)
2023000626,2023-01-03,여자,20 - 29세,경기도,일반판매,필라테스,계약해제.해지/위약금
2023000627,2023-01-03,여자,20 - 29세,충청남도,일반판매,필라테스,계약해제.해지/위약금
2023000628,2023-01-03,남자,50 - 59세,경기도,국내온라인거래,소파,품질(물품/용역)
2023000629,2023-01-03,여자,30 - 39세,전라남도,국내온라인거래,코트,계약불이행(불완전이행)
2023000630,2023-01-03,여자,60 - 64세,서울특별시,일반판매,이동전화서비스,청약철회
2023000631,2023-01-03,여자,30 - 39세,서울특별시,일반판매,기타모피·가죽의류,품질(물품/용역)
2023000632,2023-01-03,여자,40 - 49세,세종특별자치시,일반판매,각종쿠폰류(무료통화권포함),계약불이행(불완전이행)
2023000633,2023-01-03,여자,30 - 39세,충청남도,전화권유판매,건강(암·기타질병)보험,약관
2023000634,2023-01-03,여자,40 - 49세,서울특별시,일반판매,음식물처리기대여(렌트),AS불만
2023000636,2023-01-03,남자,30 - 39세,인천광역시,일반판매,양복(서양식 의복)세탁,품질(물품/용역)
2023000637,2023-01-03,남자,20 - 29세,충청북도,일반판매,헬스장,계약해제.해지/위약금
2023000638,2023-01-03,남자,30 - 39세,세종특별자치시,일반판매,기타문화·오락시설이용,계약해제.해지/위약금
2023000639,2023-01-03,여자,40 - 49세,충청북도,일반판매,인터넷교육서비스,계약불이행(불완전이행)
2023000640,2023-01-03,여자,40 - 49세,서울특별시,국내온라인거래,점퍼·재킷류,품질(물품/용역)
2023000641,2023-01-03,남자,50 - 59세,서울특별시,일반판매,헬스장,계약해제.해지/위약금
2023000643,2023-01-03,여자,40 - 49세,경기도,국내온라인거래,코트,청약철회
2023000644,2023-01-03,여자,20 - 29세,서울특별시,일반판매,이동전화서비스,계약불이행(불완전이행)
2023000645,2023-01-03,여자,30 - 39세,충청북도,기타통신판매,핸드백,계약해제.해지/위약금
2023000646,2023-01-03,여자,40 - 49세,경기도,일반판매,양복(서양식 의복)세탁,품질(물품/용역)
2023000647,2023-01-03,여자,50 - 59세,경기도,일반판매,운동화,품질(물품/용역)
2023000649,2023-01-03,여자,40 - 49세,경기도,일반판매,정수기대여(렌트),계약해제.해지/위약금
2023000650,2023-01-03,여자,50 - 59세,서울특별시,국내온라인거래,화장품세트,계약불이행(불완전이행)
2023000651,2023-01-03,남자,80세이상,광주광역시,기타통신판매,이동전화서비스,계약불이행(불완전이행)
2023000652,2023-01-03,남자,60 - 64세,인천광역시,일반판매,상조서비스,계약해제.해지/위약금
2023000653,2023-01-03,여자,20 - 29세,경기도,국내온라인거래,양복(서양식 의복)세탁,품질(물품/용역)
2023000654,2023-01-03,여자,40 - 49세,충청북도,일반판매,숙녀화(구두·부츠 등),품질(물품/용역)
2023000655,2023-01-03,여자,30 - 39세,경기도,국내온라인거래,운동화,품질(물품/용역)
2023000656,2023-01-03,여자,30 - 39세,충청북도,일반판매,운동화,품질(물품/용역)
2023000657,2023-01-03,남자,50 - 59세,경기도,TV홈쇼핑,이동전화서비스,부당행위
2023000658,2023-01-03,남자,30 - 39세,대구광역시,일반판매,필라테스,계약해제.해지/위약금
2023000659,2023-01-03,여자,65 - 69세,서울특별시,일반판매,상해보험,계약불이행(불완전이행)
2023000660,2023-01-03,남자,50 - 59세,경기도,국내온라인거래,안마의자,품질(물품/용역)
2023000661,2023-01-03,남자,65 - 69세,경기도,국내온라인거래,국외여행,계약불이행(불완전이행)
2023000662,2023-01-03,남자,65 - 69세,대전광역시,기타,경비·관리서비스,부당행위
2023000663,2023-01-03,남자,40 - 49세,서울특별시,국내온라인거래,스프링매트리스,계약불이행(불완전이행)
2023000664,2023-01-03,남자,40 - 49세,경기도,전화권유판매,유사투자자문,계약해제.해지/위약금
2023000665,2023-01-03,여자,40 - 49세,부산광역시,국내온라인거래,기타내의류,품질(물품/용역)
2023000666,2023-01-03,남자,65 - 69세,경기도,기타통신판매,룸에어컨,품질(물품/용역)
2023000668,2023-01-03,남자,30 - 39세,경기도,국내온라인거래,항공여객운송서비스,이자.수수료
2023000669,2023-01-03,남자,20 - 29세,부산광역시,국내온라인거래,컴퓨터모니터(데스크탑),계약불이행(불완전이행)
2023000670,2023-01-03,여자,50 - 59세,서울특별시,일반판매,운동화,품질(물품/용역)
2023000671,2023-01-03,남자,30 - 39세,경기도,일반판매,점퍼·재킷류,품질(물품/용역)
2023000672,2023-01-03,남자,40 - 49세,부산광역시,일반판매,국외여행,계약해제.해지/위약금
2023000673,2023-01-03,여자,40 - 49세,경기도,전화권유판매,기타일반화장품,계약불이행(불완전이행)
2023000674,2023-01-03,여자,30 - 39세,경상남도,일반판매,헬스장,계약불이행(불완전이행)
2023000675,2023-01-03,여자,30 - 39세,경기도,일반판매,점퍼·재킷류,품질(물품/용역)
2023000676,2023-01-03,여자,50 - 59세,서울특별시,일반판매,필라테스,계약불이행(불완전이행)
2023000677,2023-01-03,남자,70 - 79세,경기도,기타,초고속인터넷,부당행위
2023000679,2023-01-03,남자,50 - 59세,경상남도,국내온라인거래,기타투자자문컨설팅·상품,계약해제.해지/위약금
2023000680,2023-01-03,여자,40 - 49세,부산광역시,일반판매,신발세탁,계약불이행(불완전이행)
2023000681,2023-01-03,남자,50 - 59세,경기도,기타통신판매,호텔,안전(제품/시설)
2023000682,2023-01-03,여자,40 - 49세,충청북도,일반판매,양복(서양식 의복)세탁,품질(물품/용역)
2023000683,2023-01-03,여자,50 - 59세,경기도,일반판매,생활패션화(슬립온·아쿠아슈즈·장화·작업화 등),품질(물품/용역)
2023000684,2023-01-03,여자,20 - 29세,경기도,일반판매,이동전화서비스,부당행위
2023000685,2023-01-03,여자,30 - 39세,경기도,일반판매,골프회원권,계약해제.해지/위약금
2023000686,2023-01-03,여자,40 - 49세,서울특별시,일반판매,양복(서양식 의복)세탁,품질(물품/용역)
2023000687,2023-01-03,여자,60 - 64세,서울특별시,일반판매,헬스장,계약해제.해지/위약금
2023000689,2023-01-03,남자,불명,경기도,모바일거래,항공여객운송서비스,계약불이행(불완전이행)
2023000690,2023-01-03,여자,30 - 39세,서울특별시,일반판매,점퍼·재킷류,품질(물품/용역)
2023000691,2023-01-03,여자,30 - 39세,서울특별시,국내온라인거래,니트(스웨터),품질(물품/용역)
2023000701,2023-01-03,남자,40 - 49세,경기도,국내온라인거래,항공여객운송서비스,계약해제.해지/위약금
2023000702,2023-01-03,여자,40 - 49세,경상남도,국내온라인거래,화장품세트,청약철회
2023000703,2023-01-03,남자,30 - 39세,경기도,기타,예식서비스,계약해제.해지/위약금
2023000704,2023-01-03,남자,30 - 39세,인천광역시,국내온라인거래,항공여객운송서비스,계약불이행(불완전이행)
2023000705,2023-01-03,남자,10 - 19세,경기도,국내온라인거래,음식물처리기대여(렌트),품질(물품/용역)
2023000706,2023-01-03,여자,20 - 29세,서울특별시,국내온라인거래,인터넷정보이용서비스,계약해제.해지/위약금
2023000707,2023-01-03,남자,30 - 39세,강원특별자치도,국내온라인거래,TV,계약해제.해지/위약금
2023000708,2023-01-03,여자,불명,서울특별시,기타,콘도회원권,가격.요금
2023000709,2023-01-03,여자,50 - 59세,경상북도,일반판매,냉장고,품질(물품/용역)
2023000710,2023-01-03,남자,30 - 39세,경기도,일반판매,예식서비스,계약해제.해지/위약금
2023000711,2023-01-03,남자,40 - 49세,경기도,일반판매,카메라부품·용품,계약불이행(불완전이행)
2023000712,2023-01-03,남자,40 - 49세,대구광역시,기타통신판매,기타놀이·게임기구,품질(물품/용역)
2023000713,2023-01-03,남자,60 - 64세,울산광역시,국내온라인거래,애완식물(화분·분재),청약철회
2023000714,2023-01-03,여자,30 - 39세,광주광역시,국내온라인거래,키보드,계약불이행(불완전이행)
2023000715,2023-01-03,여자,30 - 39세,광주광역시,국제온라인거래,항공여객운송서비스,계약해제.해지/위약금
2023000716,2023-01-03,남자,30 - 39세,인천광역시,일반판매,사진촬영,계약해제.해지/위약금
2023000717,2023-01-03,남자,30 - 39세,경상남도,기타,항공여객운송서비스,계약불이행(불완전이행)
2023000718,2023-01-03,여자,50 - 59세,경기도,국내온라인거래,자동차대여(렌트),부당행위
2023000719,2023-01-03,여자,40 - 49세,부산광역시,국내온라인거래,인덕션레인지,부당행위
2023000720,2023-01-03,여자,40 - 49세,부산광역시,기타,일반강습(입시학원등),계약해제.해지/위약금
2023000721,2023-01-03,여자,10 - 19세,부산광역시,일반판매,애완견,계약해제.해지/위약금
2023000722,2023-01-03,여자,40 - 49세,경상남도,기타통신판매,커피,청약철회
2023000723,2023-01-03,여자,30 - 39세,서울특별시,일반판매,헬스장,계약불이행(불완전이행)
2023000724,2023-01-03,여자,20 - 29세,강원특별자치도,국내온라인거래,기타숙박시설,계약해제.해지/위약금
2023000725,2023-01-03,여자,30 - 39세,울산광역시,일반판매,기타숙박시설,부당행위
2023000726,2023-01-03,여자,20 - 29세,강원특별자치도,소셜커머스(쇼핑),옷장,품질(물품/용역)
2023000727,2023-01-03,남자,20 - 29세,세종특별자치시,국내온라인거래,모니터,AS불만
2023000728,2023-01-03,남자,20 - 29세,경기도,방문판매,기타회원권,계약해제.해지/위약금
2023000729,2023-01-03,여자,40 - 49세,부산광역시,소셜커머스(쇼핑),매트,AS불만
2023000730,2023-01-03,여자,50 - 59세,경기도,기타통신판매,옷장,품질(물품/용역)
2023000731,2023-01-03,여자,30 - 39세,서울특별시,국내온라인거래,핸드백,청약철회
2023000732,2023-01-03,여자,65 - 69세,충청남도,방문판매,필라테스,계약해제.해지/위약금
2023000733,2023-01-03,남자,20 - 29세,서울특별시,기타통신판매,호텔,품질(물품/용역)
2023000734,2023-01-03,남자,30 - 39세,인천광역시,국내온라인거래,스포츠시설이용,계약해제.해지/위약금
2023000735,2023-01-03,여자,20 - 29세,인천광역시,국내온라인거래,보석·귀금속,품질(물품/용역)
2023000736,2023-01-03,여자,30 - 39세,경기도,일반판매,의상대여(렌트),계약불이행(불완전이행)
2023000737,2023-01-03,여자,30 - 39세,서울특별시,기타,외식,계약해제.해지/위약금
2023000738,2023-01-03,여자,40 - 49세,인천광역시,국내온라인거래,창호유리,계약불이행(불완전이행)
2023000740,2023-01-03,여자,20 - 29세,대구광역시,국내온라인거래,시계,청약철회
2023000741,2023-01-03,남자,30 - 39세,충청남도,일반판매,기타세탁서비스,부당행위
2023000742,2023-01-03,여자,30 - 39세,전라북도,국내온라인거래,전기장판,안전(제품/시설)
2023000743,2023-01-03,남자,20 - 29세,광주광역시,기타,장식장,품질(물품/용역)
2023000744,2023-01-03,여자,40 - 49세,경기도,전화권유판매,모바일정보이용서비스,부당행위
2023000745,2023-01-03,여자,40 - 49세,서울특별시,일반판매,헬스장,계약해제.해지/위약금
2023000746,2023-01-03,남자,20 - 29세,대구광역시,국내온라인거래,레저·이벤트회원권,청약철회
2023000747,2023-01-03,남자,20 - 29세,서울특별시,국내온라인거래,항공여객운송서비스,계약불이행(불완전이행)
2023000748,2023-01-03,남자,30 - 39세,경기도,기타통신판매,인터넷정보이용서비스,계약해제.해지/위약금
2023000749,2023-01-03,남자,40 - 49세,부산광역시,기타,국내결혼중개,품질(물품/용역)
2023000750,2023-01-03,남자,40 - 49세,경기도,일반판매,기타숙박시설,부당행위
2023000751,2023-01-03,남자,20 - 29세,대구광역시,기타,헬스장,계약해제.해지/위약금
2023000752,2023-01-03,남자,40 - 49세,서울특별시,소셜커머스(쇼핑),기타신사복세트,품질(물품/용역)
2023000753,2023-01-03,남자,50 - 59세,서울특별시,국내온라인거래,태블릿PC,품질(물품/용역)
2023000754,2023-01-03,여자,20 - 29세,충청남도,소셜커머스(쇼핑),애완동·식물용품,안전(제품/시설)
2023000755,2023-01-03,여자,20 - 29세,충청남도,국내온라인거래,운동화,청약철회
2023000756,2023-01-03,여자,20 - 29세,경기도,전화권유판매,인터넷정보이용서비스,계약해제.해지/위약금
2023000757,2023-01-03,남자,30 - 39세,경기도,모바일거래,신사화(구두·부츠 등),청약철회
2023000758,2023-01-03,여자,30 - 39세,부산광역시,기타,필라테스,계약해제.해지/위약금
2023000759,2023-01-03,남자,30 - 39세,서울특별시,국내온라인거래,항공여객운송서비스,청약철회
2023000760,2023-01-03,남자,40 - 49세,경기도,국내온라인거래,택배화물운송서비스,안전(제품/시설)
2023000761,2023-01-03,남자,20 - 29세,경기도,일반판매,헬스장,계약해제.해지/위약금
2023000762,2023-01-03,여자,20 - 29세,경기도,방문판매,헬스장,계약해제.해지/위약금
2023000763,2023-01-03,남자,20 - 29세,서울특별시,국내온라인거래,신사화(구두·부츠 등),청약철회
2023000764,2023-01-03,여자,30 - 39세,경기도,일반판매,소독기,품질(물품/용역)
2023000765,2023-01-03,여자,40 - 49세,경기도,국내온라인거래,전등·전구,품질(물품/용역)
2023000766,2023-01-03,여자,40 - 49세,경상남도,기타,아파트,부당행위
2023000767,2023-01-03,남자,40 - 49세,인천광역시,일반판매,"연회서비스(돌잔치,회갑 등)",계약해제.해지/위약금
2023000768,2023-01-03,여자,20 - 29세,대구광역시,국내온라인거래,기타간편복,청약철회
2023000769,2023-01-03,남자,40 - 49세,서울특별시,기타,노트북컴퓨터,AS불만
2023000770,2023-01-03,남자,20 - 29세,강원특별자치도,방문판매,기타세정제·탈취제,청약철회
2023000771,2023-01-03,여자,40 - 49세,서울특별시,국내온라인거래,싱크대,품질(물품/용역)
2023000772,2023-01-03,남자,30 - 39세,서울특별시,일반판매,헬스장,계약해제.해지/위약금
2023000773,2023-01-03,남자,40 - 49세,서울특별시,모바일거래,택시여객운송서비스,계약해제.해지/위약금
2023000774,2023-01-03,남자,30 - 39세,경상남도,기타,창호유리,AS불만
2023000775,2023-01-03,여자,30 - 39세,서울특별시,기타통신판매,서랍장,계약해제.해지/위약금
2023000777,2023-01-03,여자,40 - 49세,광주광역시,기타통신판매,커피,청약철회
2023000778,2023-01-03,여자,40 - 49세,대구광역시,국내온라인거래,기타의류·섬유,청약철회
2023000779,2023-01-03,여자,40 - 49세,부산광역시,기타,필라테스,계약해제.해지/위약금
2023000780,2023-01-03,남자,40 - 49세,서울특별시,기타,하수도위생서비스,AS불만
2023000781,2023-01-03,여자,40 - 49세,경기도,방문판매,애완고양이,품질(물품/용역)
2023000782,2023-01-03,남자,40 - 49세,서울특별시,일반판매,여관(모텔),계약해제.해지/위약금
2023000783,2023-01-03,여자,40 - 49세,서울특별시,소셜커머스(쇼핑),기타인테리어설비,품질(물품/용역)
2023000784,2023-01-03,여자,40 - 49세,서울특별시,국내온라인거래,전화교육,부당행위
2023000785,2023-01-03,남자,20 - 29세,경상남도,방문판매,헬스장,계약해제.해지/위약금
2023000786,2023-01-03,남자,30 - 39세,경기도,기타,헬스장,계약해제.해지/위약금
2023000787,2023-01-03,여자,30 - 39세,부산광역시,국내온라인거래,기타신발·용품,청약철회
2023000788,2023-01-03,여자,40 - 49세,경상남도,소셜커머스(쇼핑),기타숙박시설,계약해제.해지/위약금
2023000789,2023-01-03,남자,30 - 39세,경기도,일반판매,식탁,품질(물품/용역)
2023000790,2023-01-03,여자,30 - 39세,경기도,국내온라인거래,유산균함유제품,청약철회
2023000791,2023-01-03,남자,30 - 39세,부산광역시,기타통신판매,TV대,청약철회
2023000792,2023-01-03,남자,50 - 59세,인천광역시,기타통신판매,전기장판,품질(물품/용역)
2023000793,2023-01-03,남자,30 - 39세,서울특별시,국내온라인거래,항공여객운송서비스,계약해제.해지/위약금
2023000794,2023-01-03,여자,30 - 39세,경기도,기타,헬스장,계약해제.해지/위약금
2023000795,2023-01-03,여자,30 - 39세,부산광역시,국내온라인거래,기타숙박시설,계약해제.해지/위약금
2023000796,2023-01-03,남자,20 - 29세,경기도,국내온라인거래,스포츠시설이용,계약해제.해지/위약금
2023000797,2023-01-03,여자,50 - 59세,서울특별시,일반판매,유통시설이용,안전(제품/시설)
2023000798,2023-01-03,남자,50 - 59세,인천광역시,일반판매,항공여객운송서비스,계약불이행(불완전이행)
2023000799,2023-01-03,여자,65 - 69세,서울특별시,소셜커머스(쇼핑),항공여객운송서비스,계약해제.해지/위약금
2023000800,2023-01-03,남자,30 - 39세,서울특별시,국제온라인거래,호텔,품질(물품/용역)
2023000801,2023-01-03,남자,20 - 29세,전라남도,기타,택배화물운송서비스,품질(물품/용역)
2023000802,2023-01-03,여자,30 - 39세,경기도,기타,헬스장,계약해제.해지/위약금
2023000803,2023-01-03,남자,40 - 49세,대전광역시,국내온라인거래,기타숙박시설,청약철회
2023000804,2023-01-03,여자,30 - 39세,광주광역시,국내온라인거래,니트(스웨터),청약철회
2023000808,2023-01-03,여자,30 - 39세,서울특별시,모바일거래,모바일정보이용서비스,가격.요금
2023000809,2023-01-04,여자,40 - 49세,경기도,일반판매,점퍼·재킷류,품질(물품/용역)
2023000810,2023-01-04,여자,50 - 59세,경기도,일반판매,식탁,품질(물품/용역)
2023000811,2023-01-04,남자,70 - 79세,서울특별시,기타통신판매,이동전화서비스,계약불이행(불완전이행)
2023000812,2023-01-04,여자,20 - 29세,인천광역시,방문판매,헬스장,계약해제.해지/위약금
2023000813,2023-01-04,여자,30 - 39세,서울특별시,국내온라인거래,코트,계약불이행(불완전이행)
2023000814,2023-01-04,남자,40 - 49세,광주광역시,일반판매,양복(서양식 의복)세탁,품질(물품/용역)
2023000816,2023-01-04,남자,50 - 59세,대전광역시,일반판매,사진촬영,계약해제.해지/위약금
2023000817,2023-01-04,남자,40 - 49세,경기도,일반판매,타이어,계약불이행(불완전이행)
2023000818,2023-01-04,남자,20 - 29세,서울특별시,일반판매,이동전화서비스,계약불이행(불완전이행)
2023000819,2023-01-04,여자,30 - 39세,경상북도,일반판매,외과,품질(물품/용역)
2023000820,2023-01-04,여자,30 - 39세,대전광역시,일반판매,미용서비스,계약불이행(불완전이행)
2023000821,2023-01-04,남자,60 - 64세,경기도,일반판매,기타병·의원서비스,품질(물품/용역)
2023000822,2023-01-04,남자,65 - 69세,전라북도,전화권유판매,인터넷정보이용서비스,계약해제.해지/위약금
2023000823,2023-01-04,여자,30 - 39세,서울특별시,일반판매,기타세탁서비스,품질(물품/용역)
2023000825,2023-01-04,여자,30 - 39세,전라남도,국내온라인거래,샌들·슬리퍼,품질(물품/용역)
2023000826,2023-01-04,여자,20 - 29세,경기도,일반판매,교통카드,부당행위
2023000827,2023-01-04,여자,70 - 79세,서울특별시,일반판매,점퍼·재킷류,품질(물품/용역)
2023000828,2023-01-04,여자,65 - 69세,부산광역시,기타,한의원,품질(물품/용역)
2023000829,2023-01-04,남자,60 - 64세,부산광역시,일반판매,치과,품질(물품/용역)
2023000830,2023-01-04,남자,50 - 59세,경기도,일반판매,가정의학과,품질(물품/용역)
2023000831,2023-01-04,여자,20 - 29세,대구광역시,국내온라인거래,점퍼·재킷류,품질(물품/용역)
2023000833,2023-01-04,남자,20 - 29세,전라북도,국내온라인거래,티셔츠,청약철회
2023000834,2023-01-04,여자,30 - 39세,충청남도,국내온라인거래,여성용내의류,청약철회
2023000835,2023-01-04,남자,80세이상,대구광역시,전화권유판매,모바일정보이용서비스,계약해제.해지/위약금
2023000836,2023-01-04,여자,80세이상,대구광역시,방문판매,IPTV,계약해제.해지/위약금
2023000837,2023-01-04,남자,40 - 49세,부산광역시,일반판매,건강(암·기타질병)보험,약관
2023000840,2023-01-04,여자,50 - 59세,광주광역시,일반판매,건강(암·기타질병)보험,약관
2023000841,2023-01-04,남자,20 - 29세,경기도,일반판매,포장이사운송서비스,계약불이행(불완전이행)
2023000842,2023-01-04,여자,65 - 69세,부산광역시,방문판매,기타인테리어설비,계약불이행(불완전이행)
2023000843,2023-01-04,여자,40 - 49세,경기도,일반판매,양복(서양식 의복)세탁,품질(물품/용역)
2023000845,2023-01-04,여자,50 - 59세,경상남도,일반판매,건강(암·기타질병)보험,약관
2023000846,2023-01-04,여자,30 - 39세,전라남도,국내온라인거래,전기장판,계약불이행(불완전이행)
2023000847,2023-01-04,남자,40 - 49세,서울특별시,일반판매,니트(스웨터),품질(물품/용역)
2023000848,2023-01-04,남자,20 - 29세,인천광역시,일반판매,운동화,계약불이행(불완전이행)
2023000849,2023-01-04,여자,40 - 49세,제주도,일반판매,승용겸화물자동차,계약불이행(불완전이행)
2023000850,2023-01-04,여자,40 - 49세,경기도,소셜커머스(쇼핑),숙녀화(구두·부츠 등),표시.광고
2023000851,2023-01-04,여자,30 - 39세,인천광역시,일반판매,피부·체형관리서비스,계약불이행(불완전이행)
2023000852,2023-01-04,남자,50 - 59세,경기도,기타,전기장판,품질(물품/용역)
2023000853,2023-01-04,남자,40 - 49세,경기도,일반판매,중형승용자동차,품질(물품/용역)
2023000854,2023-01-04,남자,20 - 29세,경기도,일반판매,항공여객운송서비스,계약해제.해지/위약금
2023000855,2023-01-04,여자,40 - 49세,전라북도,일반판매,건강(암·기타질병)보험,품질(물품/용역)
2023000856,2023-01-04,여자,20 - 29세,서울특별시,일반판매,헬스장,계약해제.해지/위약금
2023000857,2023-01-04,여자,30 - 39세,부산광역시,일반판매,운동화,품질(물품/용역)
2023000859,2023-01-04,여자,50 - 59세,경기도,국내온라인거래,전기장판,안전(제품/시설)
2023000860,2023-01-04,여자,40 - 49세,강원특별자치도,국내온라인거래,숙녀화(구두·부츠 등),청약철회
2023000861,2023-01-04,남자,70 - 79세,경상북도,일반판매,축전지,계약불이행(불완전이행)
2023000862,2023-01-04,여자,30 - 39세,부산광역시,일반판매,모피·모피의류,품질(물품/용역)
2023000863,2023-01-04,여자,40 - 49세,대전광역시,일반판매,양복(서양식 의복)세탁,품질(물품/용역)
2023000864,2023-01-04,남자,50 - 59세,경기도,일반판매,대형승용자동차,AS불만
2023000866,2023-01-04,남자,50 - 59세,전라남도,국내온라인거래,타이어,품질(물품/용역)
2023000869,2023-01-04,여자,50 - 59세,대전광역시,소셜커머스(쇼핑),운동화,품질(물품/용역)
2023000870,2023-01-04,여자,40 - 49세,서울특별시,국내온라인거래,운동화,품질(물품/용역)
2023000871,2023-01-04,여자,50 - 59세,서울특별시,기타통신판매,커피,계약불이행(불완전이행)
2023000872,2023-01-04,남자,50 - 59세,경기도,국내온라인거래,공예품,계약불이행(불완전이행)
2023000873,2023-01-04,남자,30 - 39세,경기도,일반판매,헬스장,계약해제.해지/위약금
2023000874,2023-01-04,남자,40 - 49세,대구광역시,일반판매,국제결혼중개,계약불이행(불완전이행)
2023000875,2023-01-04,남자,40 - 49세,서울특별시,국내온라인거래,전기장판,AS불만
2023000876,2023-01-04,여자,40 - 49세,경기도,기타통신판매,헬스장,계약불이행(불완전이행)
2023000877,2023-01-04,남자,40 - 49세,서울특별시,국내온라인거래,전문스포츠화(축구화·골프화 등),품질(물품/용역)
2023000878,2023-01-04,여자,30 - 39세,대구광역시,모바일거래,여성용내의류,청약철회
2023000879,2023-01-04,여자,50 - 59세,경상남도,국내온라인거래,머플러,청약철회
2023000880,2023-01-04,여자,20 - 29세,대구광역시,일반판매,운동화,표시.광고
2023000881,2023-01-04,여자,30 - 39세,경기도,국내온라인거래,시계,청약철회
2023000882,2023-01-04,여자,50 - 59세,경기도,일반판매,탁자,표시.광고
2023000883,2023-01-04,여자,50 - 59세,부산광역시,TV홈쇼핑,기타과일·과일가공식품,품질(물품/용역)
2023000884,2023-01-04,여자,50 - 59세,전라북도,국내온라인거래,운동화,품질(물품/용역)
2023000885,2023-01-04,남자,불명,경기도,국내온라인거래,항공여객운송서비스,부당행위
2023000886,2023-01-04,남자,20 - 29세,충청북도,국내온라인거래,운동화,품질(물품/용역)
2023000887,2023-01-04,여자,50 - 59세,경기도,TV홈쇼핑,코트,품질(물품/용역)
2023000888,2023-01-04,남자,30 - 39세,경기도,방문판매,보석·귀금속,청약철회
2023000889,2023-01-04,남자,30 - 39세,경기도,국내온라인거래,노트북컴퓨터,청약철회
2023000890,2023-01-04,여자,40 - 49세,경상북도,국내온라인거래,택배화물운송서비스,계약불이행(불완전이행)
2023000891,2023-01-04,남자,65 - 69세,경기도,일반판매,신사복세트,품질(물품/용역)
2023000892,2023-01-04,남자,불명,서울특별시,국내온라인거래,기타가사용품,청약철회
2023000893,2023-01-04,남자,50 - 59세,경기도,국내온라인거래,외식,품질(물품/용역)
2023000894,2023-01-04,남자,40 - 49세,경기도,기타통신판매,모바일게임서비스,계약불이행(불완전이행)
2023000895,2023-01-04,여자,40 - 49세,인천광역시,방문판매,기타방문·통신교육서비스,계약해제.해지/위약금
2023000896,2023-01-04,남자,20 - 29세,서울특별시,일반판매,신용카드,계약불이행(불완전이행)
2023000897,2023-01-04,여자,20 - 29세,경기도,국내온라인거래,운동화,품질(물품/용역)
2023000898,2023-01-04,여자,30 - 39세,서울특별시,국내온라인거래,벨트,청약철회
2023000899,2023-01-04,남자,30 - 39세,서울특별시,국내온라인거래,자동차대여(렌트),계약불이행(불완전이행)
2023000900,2023-01-04,남자,40 - 49세,경기도,국내온라인거래,TV,AS불만
2023000901,2023-01-04,남자,40 - 49세,서울특별시,국내온라인거래,기타문화용품,청약철회
2023000902,2023-01-04,여자,30 - 39세,인천광역시,국내온라인거래,기타일반화장품,계약해제.해지/위약금
2023000903,2023-01-04,남자,65 - 69세,강원특별자치도,기타통신판매,유사투자자문,계약해제.해지/위약금
2023000904,2023-01-04,남자,50 - 59세,강원특별자치도,방문판매,학습지,계약해제.해지/위약금
2023000905,2023-01-04,여자,40 - 49세,강원특별자치도,일반판매,점퍼·재킷류,품질(물품/용역)
2023000906,2023-01-04,여자,40 - 49세,경기도,일반판매,딸기,안전(제품/시설)
2023000907,2023-01-04,여자,60 - 64세,경상북도,일반판매,스포츠웨어,품질(물품/용역)
2023000908,2023-01-04,여자,65 - 69세,인천광역시,전화권유판매,유사투자자문,계약해제.해지/위약금
2023000909,2023-01-04,여자,40 - 49세,경기도,일반판매,점퍼·재킷류,품질(물품/용역)
2023000911,2023-01-04,여자,40 - 49세,경기도,국내온라인거래,굴,품질(물품/용역)
2023000912,2023-01-04,남자,30 - 39세,충청남도,기타,정수기대여(렌트),부당행위
2023001001,2023-01-04,여자,40 - 49세,서울특별시,모바일거래,신유형상품권,약관
2023001002,2023-01-04,여자,30 - 39세,경기도,방문판매,필라테스,계약해제.해지/위약금
2023001003,2023-01-04,여자,30 - 39세,서울특별시,국내온라인거래,숙녀화(구두·부츠 등),청약철회
2023001004,2023-01-04,남자,40 - 49세,서울특별시,일반판매,헬스장,계약해제.해지/위약금
2023001005,2023-01-04,남자,30 - 39세,대전광역시,기타,독서실이용,계약해제.해지/위약금
2023001006,2023-01-04,여자,40 - 49세,경기도,일반판매,일반강습(입시학원등),계약해제.해지/위약금
2023001007,2023-01-04,여자,30 - 39세,전라북도,일반판매,양복(서양식 의복)세탁,품질(물품/용역)
2023001008,2023-01-04,남자,40 - 49세,대구광역시,기타통신판매,커피,청약철회
2023001009,2023-01-04,남자,20 - 29세,서울특별시,방문판매,헬스장,계약해제.해지/위약금
2023001010,2023-01-04,남자,30 - 39세,충청남도,전화권유판매,소프트웨어,청약철회
2023001012,2023-01-04,여자,40 - 49세,대구광역시,기타,헬스장,부당행위
2023001013,2023-01-04,남자,20 - 29세,충청남도,일반판매,프라이팬,부당행위
2023001014,2023-01-04,여자,30 - 39세,서울특별시,일반판매,국외여행,계약해제.해지/위약금
2023001015,2023-01-04,남자,20 - 29세,경상북도,소셜커머스(쇼핑),노트북컴퓨터,청약철회
2023001016,2023-01-04,여자,30 - 39세,서울특별시,소셜커머스(쇼핑),숙녀복세트,청약철회
2023001017,2023-01-04,여자,20 - 29세,서울특별시,일반판매,헬스장,계약해제.해지/위약금
2023001018,2023-01-04,남자,30 - 39세,전라북도,기타,기타인테리어설비,계약불이행(불완전이행)
2023001019,2023-01-04,남자,20 - 29세,부산광역시,기타,헬스장,계약해제.해지/위약금
2023001020,2023-01-04,여자,20 - 29세,서울특별시,모바일거래,기타서적음반류,품질(물품/용역)
2023001021,2023-01-04,남자,20 - 29세,서울특별시,국내온라인거래,항공여객운송서비스,계약해제.해지/위약금
2023001022,2023-01-04,여자,30 - 39세,서울특별시,소셜커머스(쇼핑),케이크,계약불이행(불완전이행)
2023001023,2023-01-04,여자,20 - 29세,대구광역시,일반판매,헬스장,계약해제.해지/위약금
2023001024,2023-01-04,남자,20 - 29세,경기도,일반판매,미용서비스,계약해제.해지/위약금
2023001025,2023-01-04,남자,20 - 29세,서울특별시,국내온라인거래,"OTT서비스(넷플릭스,왓챠 등)",계약해제.해지/위약금
2023001026,2023-01-04,여자,50 - 59세,인천광역시,모바일거래,커피,청약철회
2023001027,2023-01-04,여자,30 - 39세,서울특별시,일반판매,필라테스,계약해제.해지/위약금
2023001028,2023-01-04,남자,40 - 49세,서울특별시,일반판매,각종공연관람,약관
2023001029,2023-01-04,여자,40 - 49세,경기도,국내온라인거래,원피스,청약철회
2023001030,2023-01-04,여자,40 - 49세,인천광역시,일반판매,국내결혼중개,계약불이행(불완전이행)
2023001031,2023-01-04,여자,40 - 49세,부산광역시,소셜커머스(쇼핑),커피,청약철회
2023001032,2023-01-04,남자,50 - 59세,인천광역시,전화권유판매,이동전화서비스,계약해제.해지/위약금
2023001033,2023-01-04,여자,50 - 59세,경기도,기타,택배화물운송서비스,품질(물품/용역)
2023001034,2023-01-04,남자,60 - 64세,인천광역시,국내온라인거래,메인보드,품질(물품/용역)
2023001035,2023-01-04,남자,30 - 39세,서울특별시,국내온라인거래,기타숙박시설,청약철회
2023001036,2023-01-04,남자,20 - 29세,서울특별시,소셜커머스(쇼핑),기타미분류서비스,약관
2023001037,2023-01-04,남자,30 - 39세,대구광역시,모바일거래,기타이동통신,표시.광고
2023001038,2023-01-04,여자,20 - 29세,충청북도,소셜커머스(쇼핑),샌들·슬리퍼,품질(물품/용역)
2023001039,2023-01-04,여자,30 - 39세,충청북도,기타,전기진공청소기,AS불만
2023001040,2023-01-04,여자,50 - 59세,서울특별시,일반판매,미용서비스,부당행위
2023001041,2023-01-04,남자,40 - 49세,서울특별시,국내온라인거래,기타농업용기계,품질(물품/용역)
2023001042,2023-01-04,남자,60 - 64세,전라북도,국내온라인거래,안마의자,품질(물품/용역)
2023001043,2023-01-04,여자,30 - 39세,경기도,일반판매,피부·체형관리서비스,계약해제.해지/위약금
2023001044,2023-01-04,남자,20 - 29세,경기도,국내온라인거래,헬스장,계약해제.해지/위약금
2023001045,2023-01-04,여자,20 - 29세,경상남도,방문판매,헬스장,계약해제.해지/위약금
2023001046,2023-01-04,여자,30 - 39세,서울특별시,일반판매,피부·체형관리서비스,계약해제.해지/위약금
2023001047,2023-01-04,여자,30 - 39세,서울특별시,방문판매,피부·체형관리서비스,계약해제.해지/위약금
2023001048,2023-01-04,남자,50 - 59세,경기도,일반판매,헬스장,계약해제.해지/위약금
2023001049,2023-01-04,여자,30 - 39세,충청북도,일반판매,종합체육시설회원권,계약해제.해지/위약금
2023001050,2023-01-04,여자,50 - 59세,서울특별시,모바일거래,신유형상품권,약관
2023001051,2023-01-04,여자,40 - 49세,서울특별시,국내온라인거래,CD플레이어,청약철회
2023001052,2023-01-04,여자,65 - 69세,부산광역시,일반판매,골프회원권,계약해제.해지/위약금
2023001053,2023-01-04,여자,50 - 59세,부산광역시,다단계판매,기타회원권,계약해제.해지/위약금
2023001054,2023-01-04,남자,50 - 59세,대전광역시,전화권유판매,국내결혼중개,계약해제.해지/위약금
2023001055,2023-01-04,여자,30 - 39세,경기도,방문판매,헬스장,계약해제.해지/위약금
2023001056,2023-01-04,여자,30 - 39세,서울특별시,국내온라인거래,니트(스웨터),청약철회
2023001057,2023-01-04,남자,50 - 59세,서울특별시,일반판매,일반강습(입시학원등),부당행위
2023001058,2023-01-04,남자,20 - 29세,경기도,일반판매,프린터,품질(물품/용역)
2023001059,2023-01-04,남자,20 - 29세,인천광역시,전화권유판매,인터넷정보이용서비스,계약해제.해지/위약금
2023001060,2023-01-04,남자,40 - 49세,부산광역시,방문판매,기타의류·섬유,계약해제.해지/위약금
2023001061,2023-01-04,여자,40 - 49세,경상북도,기타,인터넷정보이용서비스,계약해제.해지/위약금
2023001062,2023-01-04,남자,30 - 39세,대구광역시,국내온라인거래,즉석조리식품,청약철회
2023001063,2023-01-04,여자,20 - 29세,서울특별시,일반판매,헬스장,계약해제.해지/위약금
2023001064,2023-01-04,여자,20 - 29세,경기도,국내온라인거래,신사화(구두·부츠 등),청약철회
2023001065,2023-01-04,여자,20 - 29세,경기도,기타,헬스장,계약해제.해지/위약금
2023001066,2023-01-04,남자,20 - 29세,서울특별시,국내온라인거래,기타숙박시설,계약불이행(불완전이행)
2023001067,2023-01-04,여자,30 - 39세,경기도,국내온라인거래,모형완구,품질(물품/용역)
2023001069,2023-01-04,여자,20 - 29세,서울특별시,일반판매,기타서적음반류,계약불이행(불완전이행)
2023001070,2023-01-04,남자,65 - 69세,대전광역시,일반판매,전기장판,청약철회
2023001071,2023-01-04,여자,20 - 29세,서울특별시,모바일거래,헬스장,계약해제.해지/위약금
2023001072,2023-01-04,여자,40 - 49세,경기도,기타,미용서비스,계약해제.해지/위약금
2023001073,2023-01-04,남자,40 - 49세,세종특별자치시,기타,헬스장,계약해제.해지/위약금
2023001074,2023-01-04,여자,40 - 49세,충청북도,소셜커머스(쇼핑),기타일반화장품,계약불이행(불완전이행)
2023001075,2023-01-04,여자,40 - 49세,충청남도,국제온라인거래,국외여행,계약해제.해지/위약금
2023001076,2023-01-04,남자,40 - 49세,경상북도,국내온라인거래,기타의료용구,청약철회
2023001078,2023-01-05,남자,70 - 79세,경상남도,일반판매,정수기대여(렌트),거래관행
2023001080,2023-01-04,남자,30 - 39세,서울특별시,국내온라인거래,호텔,계약불이행(불완전이행)
2023001081,2023-01-05,여자,50 - 59세,경기도,일반판매,대형승용자동차,AS불만
2023001082,2023-01-05,남자,65 - 69세,인천광역시,일반판매,안과,품질(물품/용역)
2023001083,2023-01-05,여자,70 - 79세,경상북도,일반판매,안과,품질(물품/용역)
2023001084,2023-01-05,여자,65 - 69세,경상남도,일반판매,내과,품질(물품/용역)
2023001085,2023-01-05,여자,30 - 39세,충청남도,일반판매,학습지,계약해제.해지/위약금
2023001086,2023-01-05,남자,65 - 69세,강원특별자치도,일반판매,치과,품질(물품/용역)
2023001087,2023-01-05,남자,65 - 69세,경상남도,국내온라인거래,항공여객운송서비스,청약철회
2023001088,2023-01-05,여자,60 - 64세,경기도,기타,침대·매트리스대여(렌트),계약불이행(불완전이행)
2023001089,2023-01-05,여자,30 - 39세,서울특별시,일반판매,기타약품,안전(제품/시설)
2023001091,2023-01-05,남자,50 - 59세,경기도,일반판매,안마의자대여(렌트),계약불이행(불완전이행)
2023001092,2023-01-05,여자,40 - 49세,경기도,방문판매,인터넷교육서비스,계약해제.해지/위약금
2023001093,2023-01-05,여자,30 - 39세,인천광역시,일반판매,한의원,계약해제.해지/위약금
2023001094,2023-01-05,여자,60 - 64세,서울특별시,전화권유판매,기타건강식품,계약해제.해지/위약금
2023001095,2023-01-05,여자,20 - 29세,서울특별시,국내온라인거래,인터넷교육서비스,계약불이행(불완전이행)
2023001097,2023-01-05,여자,30 - 39세,경기도,일반판매,식기세척기,계약불이행(불완전이행)
2023001098,2023-01-05,여자,30 - 39세,제주도,국내온라인거래,건물청소서비스,계약해제.해지/위약금
2023001099,2023-01-05,남자,30 - 39세,인천광역시,국내온라인거래,운동화,청약철회
2023001100,2023-01-05,여자,30 - 39세,경기도,기타통신판매,항공여객운송서비스,계약불이행(불완전이행)
2023001101,2023-01-05,여자,50 - 59세,전라북도,국내온라인거래,가스에어컨,계약해제.해지/위약금
2023001102,2023-01-05,여자,30 - 39세,서울특별시,일반판매,헬스장,계약해제.해지/위약금
2023001103,2023-01-05,남자,40 - 49세,부산광역시,국내온라인거래,스노우체인,품질(물품/용역)
2023001104,2023-01-05,남자,30 - 39세,충청북도,방문판매,초고속인터넷,계약불이행(불완전이행)
2023001105,2023-01-05,여자,20 - 29세,경기도,일반판매,각종공연관람,계약해제.해지/위약금
2023001106,2023-01-05,여자,20 - 29세,경기도,소셜커머스(쇼핑),항공여객운송서비스,계약해제.해지/위약금
2023001107,2023-01-05,여자,40 - 49세,서울특별시,국내온라인거래,유아복,계약불이행(불완전이행)
2023001109,2023-01-05,여자,30 - 39세,경기도,일반판매,헬스장,계약해제.해지/위약금
2023001110,2023-01-05,여자,30 - 39세,경기도,국내온라인거래,인터넷정보이용서비스,청약철회
2023001111,2023-01-05,남자,60 - 64세,경기도,국내온라인거래,스노우체인,품질(물품/용역)
2023001112,2023-01-05,여자,40 - 49세,서울특별시,일반판매,아파트,품질(물품/용역)
2023001113,2023-01-05,남자,40 - 49세,부산광역시,국내온라인거래,유사투자자문,계약해제.해지/위약금
2023001114,2023-01-05,남자,50 - 59세,서울특별시,국내온라인거래,작동완구,품질(물품/용역)
2023001115,2023-01-05,여자,20 - 29세,서울특별시,국내온라인거래,호텔,계약해제.해지/위약금
2023001116,2023-01-05,여자,40 - 49세,광주광역시,국내온라인거래,영양오일류,품질(물품/용역)
2023001117,2023-01-05,여자,40 - 49세,경기도,기타,항공여객운송서비스,계약해제.해지/위약금
2023001118,2023-01-05,여자,30 - 39세,경기도,일반판매,인터넷교육서비스,부당행위
2023001119,2023-01-05,남자,40 - 49세,경기도,국내온라인거래,호텔,계약해제.해지/위약금
2023001120,2023-01-05,남자,40 - 49세,인천광역시,일반판매,중형승용자동차,계약불이행(불완전이행)
2023001121,2023-01-05,남자,30 - 39세,서울특별시,일반판매,양복(서양식 의복)세탁,품질(물품/용역)
2023001122,2023-01-05,남자,30 - 39세,부산광역시,일반판매,대형승용자동차,계약불이행(불완전이행)
2023001123,2023-01-05,남자,10 - 19세,경기도,국내온라인거래,기타신변용품,품질(물품/용역)
2023001124,2023-01-05,여자,20 - 29세,광주광역시,국내온라인거래,기타의류·섬유,청약철회
2023001125,2023-01-05,여자,50 - 59세,경상남도,일반판매,핸드백,품질(물품/용역)
2023001126,2023-01-05,여자,50 - 59세,서울특별시,국내온라인거래,정수기대여(렌트),계약불이행(불완전이행)
2023001127,2023-01-05,남자,40 - 49세,전라남도,전화권유판매,유사투자자문,계약해제.해지/위약금
2023001128,2023-01-05,여자,30 - 39세,서울특별시,기타,이동전화서비스,품질(물품/용역)
2023001130,2023-01-05,여자,65 - 69세,서울특별시,일반판매,점퍼·재킷류,품질(물품/용역)
2023001131,2023-01-05,남자,20 - 29세,경기도,국내온라인거래,인터넷교육서비스,계약불이행(불완전이행)
2023001132,2023-01-05,여자,30 - 39세,경기도,일반판매,외식,부당행위
2023001133,2023-01-05,여자,30 - 39세,서울특별시,국내온라인거래,운동화,계약불이행(불완전이행)
2023001134,2023-01-05,여자,50 - 59세,경기도,일반판매,점퍼·재킷류,품질(물품/용역)
2023001135,2023-01-05,여자,40 - 49세,경기도,모바일거래,이동전화서비스,가격.요금
2023001136,2023-01-05,여자,30 - 39세,울산광역시,국내온라인거래,기타건강식품,계약불이행(불완전이행)
2023001137,2023-01-05,여자,30 - 39세,부산광역시,모바일거래,자동차대여(렌트),계약해제.해지/위약금
2023001138,2023-01-05,여자,40 - 49세,경기도,일반판매,애완고양이,품질(물품/용역)
2023001139,2023-01-05,남자,60 - 64세,경기도,기타통신판매,유사투자자문,청약철회
2023001140,2023-01-05,남자,70 - 79세,경기도,일반판매,카메라,계약해제.해지/위약금
2023001141,2023-01-05,남자,40 - 49세,인천광역시,일반판매,중형승용자동차,품질(물품/용역)
2023001142,2023-01-05,여자,50 - 59세,서울특별시,일반판매,양복(서양식 의복)세탁,품질(물품/용역)
2023001143,2023-01-05,남자,50 - 59세,서울특별시,국내온라인거래,애완동·식물용품,표시.광고
2023001144,2023-01-05,여자,30 - 39세,경기도,국내온라인거래,코트,계약해제.해지/위약금
2023001145,2023-01-05,여자,20 - 29세,경기도,일반판매,점퍼·재킷류,품질(물품/용역)
2023001146,2023-01-05,여자,40 - 49세,전라북도,국내온라인거래,기타육류·육류가공식품,계약불이행(불완전이행)
2023001147,2023-01-05,여자,30 - 39세,서울특별시,일반판매,유사투자자문,계약해제.해지/위약금
2023001148,2023-01-05,여자,30 - 39세,경상남도,국내온라인거래,기타식품류,계약불이행(불완전이행)
2023001149,2023-01-05,여자,40 - 49세,경기도,일반판매,양복(서양식 의복)세탁,품질(물품/용역)
2023001150,2023-01-05,여자,30 - 39세,서울특별시,국내온라인거래,펜션,계약해제.해지/위약금
2023001151,2023-01-05,남자,60 - 64세,경기도,국내온라인거래,냉장고,품질(물품/용역)
2023001152,2023-01-05,여자,40 - 49세,광주광역시,전화권유판매,인터넷정보이용서비스,계약해제.해지/위약금
2023001154,2023-01-05,남자,80세이상,경기도,방문판매,상조서비스,부당행위
2023001155,2023-01-05,남자,40 - 49세,전라남도,일반판매,작동완구,품질(물품/용역)
2023001156,2023-01-05,여자,40 - 49세,경기도,일반판매,점퍼·재킷류,품질(물품/용역)
2023001157,2023-01-05,남자,불명,광주광역시,모바일거래,기타이·미용기구,표시.광고
2023001158,2023-01-05,여자,65 - 69세,경기도,전화권유판매,유사투자자문,계약해제.해지/위약금
2023001159,2023-01-05,남자,40 - 49세,서울특별시,국내온라인거래,온풍기,청약철회
2023001160,2023-01-05,여자,30 - 39세,서울특별시,일반판매,양복(서양식 의복)세탁,품질(물품/용역)
2023001161,2023-01-05,여자,40 - 49세,경기도,모바일거래,미분류컨설팅(자문),계약해제.해지/위약금
2023001163,2023-01-05,남자,70 - 79세,부산광역시,일반판매,이동전화서비스,청약철회
2023001164,2023-01-05,남자,불명,대구광역시,일반판매,정수기대여(렌트),계약불이행(불완전이행)
2023001166,2023-01-05,여자,30 - 39세,인천광역시,국내온라인거래,니트(스웨터),품질(물품/용역)
2023001167,2023-01-05,남자,40 - 49세,부산광역시,전화권유판매,인터넷정보이용서비스,계약불이행(불완전이행)
2023001168,2023-01-05,남자,30 - 39세,서울특별시,일반판매,양복(서양식 의복)세탁,품질(물품/용역)
2023001169,2023-01-05,여자,불명,경기도,전화권유판매,모바일정보이용서비스,계약해제.해지/위약금
2023001170,2023-01-05,남자,40 - 49세,경기도,일반판매,일반강습(입시학원등),계약해제.해지/위약금
2023001171,2023-01-05,여자,20 - 29세,경기도,방문판매,국외여행,계약해제.해지/위약금
2023001172,2023-01-05,여자,40 - 49세,전라남도,전화권유판매,유사투자자문,계약불이행(불완전이행)
2023001173,2023-01-05,여자,20 - 29세,경기도,소셜커머스(쇼핑),항공여객운송서비스,계약불이행(불완전이행)
2023001174,2023-01-05,남자,50 - 59세,제주도,국내온라인거래,기타간편복,계약해제.해지/위약금
2023001175,2023-01-05,여자,20 - 29세,경상남도,일반판매,필라테스,계약해제.해지/위약금
2023001176,2023-01-05,여자,40 - 49세,강원특별자치도,일반판매,케이블TV,계약불이행(불완전이행)
2023001177,2023-01-05,여자,40 - 49세,제주도,국내온라인거래,자기매트리스,계약불이행(불완전이행)
2023001178,2023-01-05,남자,40 - 49세,서울특별시,일반판매,애완동·식물용품,계약해제.해지/위약금
2023001179,2023-01-05,여자,40 - 49세,경기도,국내온라인거래,스마트폰,계약불이행(불완전이행)
2023001180,2023-01-05,남자,40 - 49세,대구광역시,소셜커머스(쇼핑),커피,청약철회
2023001181,2023-01-05,여자,40 - 49세,경기도,일반판매,국내결혼중개,계약해제.해지/위약금
2023001182,2023-01-05,여자,20 - 29세,서울특별시,모바일거래,통신기기케이스,청약철회
2023001183,2023-01-05,남자,30 - 39세,대전광역시,일반판매,헬스장,계약해제.해지/위약금
2023001184,2023-01-05,여자,20 - 29세,서울특별시,방문판매,헬스장,계약해제.해지/위약금
2023001185,2023-01-05,여자,20 - 29세,서울특별시,기타,헬스장,계약해제.해지/위약금
2023001186,2023-01-05,여자,20 - 29세,경상남도,국내온라인거래,기타미분류물품,계약해제.해지/위약금
2023001187,2023-01-05,남자,20 - 29세,전라북도,모바일거래,항공여객운송서비스,이자.수수료
2023001188,2023-01-05,여자,30 - 39세,전라남도,기타,일반강습(입시학원등),계약해제.해지/위약금
2023001189,2023-01-05,여자,40 - 49세,부산광역시,국내온라인거래,보석·귀금속,청약철회
2023001190,2023-01-05,남자,40 - 49세,대전광역시,일반판매,독서실이용,계약해제.해지/위약금
2023001191,2023-01-05,여자,30 - 39세,서울특별시,모바일거래,기타식품류,부당행위
2023001192,2023-01-05,남자,40 - 49세,서울특별시,모바일거래,국외여행,계약해제.해지/위약금
2023001193,2023-01-05,남자,50 - 59세,울산광역시,기타,매트,계약불이행(불완전이행)
2023001194,2023-01-05,남자,20 - 29세,서울특별시,일반판매,일반강습(입시학원등),계약해제.해지/위약금
2023001195,2023-01-05,여자,30 - 39세,인천광역시,소셜커머스(쇼핑),애완동·식물용품,청약철회
2023001196,2023-01-05,여자,40 - 49세,서울특별시,소셜커머스(쇼핑),스포츠웨어,청약철회
2023001197,2023-01-05,남자,20 - 29세,경기도,방문판매,헬스장,계약해제.해지/위약금
2023001198,2023-01-05,여자,40 - 49세,전라남도,국내온라인거래,모바일정보이용서비스,계약해제.해지/위약금
2023001199,2023-01-05,남자,30 - 39세,경기도,전화권유판매,포장이사운송서비스,품질(물품/용역)
2023001200,2023-01-05,여자,30 - 39세,대구광역시,국내온라인거래,기타식품류,청약철회
2023001202,2023-01-05,여자,30 - 39세,경기도,방문판매,필라테스,계약해제.해지/위약금
2023001203,2023-01-05,남자,40 - 49세,경기도,국내온라인거래,기타문화용품,청약철회
2023001204,2023-01-05,여자,60 - 64세,서울특별시,전화권유판매,다이어트식품,표시.광고
2023001205,2023-01-05,여자,30 - 39세,서울특별시,국내온라인거래,국내여행,계약해제.해지/위약금
2023001206,2023-01-05,남자,40 - 49세,충청남도,국내온라인거래,항공여객운송서비스,품질(물품/용역)
2023001207,2023-01-05,남자,20 - 29세,경기도,일반판매,헬스장,계약해제.해지/위약금
2023001208,2023-01-05,여자,50 - 59세,대구광역시,일반판매,초고속인터넷,계약불이행(불완전이행)
2023001209,2023-01-05,남자,20 - 29세,서울특별시,기타통신판매,인터넷교육서비스,계약해제.해지/위약금
2023001210,2023-01-05,여자,40 - 49세,경기도,소셜커머스(쇼핑),레저시설이용,계약해제.해지/위약금
2023001211,2023-01-05,남자,30 - 39세,경기도,기타,기타인테리어설비,품질(물품/용역)
2023001212,2023-01-05,여자,40 - 49세,서울특별시,기타통신판매,기타회원권,계약해제.해지/위약금
2023001213,2023-01-05,남자,20 - 29세,부산광역시,국내온라인거래,기타숙박시설,단순문의.상담
2023001214,2023-01-05,남자,30 - 39세,전라남도,소셜커머스(쇼핑),기타조명기기,품질(물품/용역)
2023001215,2023-01-05,여자,40 - 49세,세종특별자치시,방문판매,인터넷교육서비스,계약해제.해지/위약금
2023001216,2023-01-05,여자,30 - 39세,경기도,국내온라인거래,기타간편복,청약철회
2023001217,2023-01-05,여자,40 - 49세,서울특별시,국내온라인거래,숙녀화(구두·부츠 등),청약철회
2023001218,2023-01-05,남자,40 - 49세,경상남도,국내온라인거래,퍼스널컴퓨터,품질(물품/용역)
2023001219,2023-01-05,남자,30 - 39세,충청북도,기타,CCTV,계약해제.해지/위약금
2023001220,2023-01-05,여자,30 - 39세,서울특별시,일반판매,운동화,청약철회
2023001221,2023-01-05,여자,30 - 39세,서울특별시,국내온라인거래,필라테스,계약해제.해지/위약금
2023001222,2023-01-05,남자,50 - 59세,광주광역시,국내온라인거래,항공여객운송서비스,계약해제.해지/위약금
2023001223,2023-01-05,남자,70 - 79세,인천광역시,방문판매,김치냉장고,품질(물품/용역)
2023001224,2023-01-05,여자,30 - 39세,서울특별시,전화권유판매,요가,계약해제.해지/위약금
2023001225,2023-01-05,남자,40 - 49세,경기도,기타,항공여객운송서비스,청약철회
2023001226,2023-01-05,여자,30 - 39세,경기도,일반판매,헬스장,부당행위
2023001227,2023-01-05,여자,30 - 39세,제주도,국내온라인거래,기타간편복,품질(물품/용역)
2023001228,2023-01-05,남자,40 - 49세,서울특별시,기타,예식서비스,품질(물품/용역)
2023001229,2023-01-05,여자,30 - 39세,경기도,방문판매,헬스장,계약해제.해지/위약금
2023001230,2023-01-05,남자,40 - 49세,경기도,소셜커머스(쇼핑),노트북컴퓨터,품질(물품/용역)
2023001231,2023-01-05,남자,30 - 39세,서울특별시,국내온라인거래,외장하드,품질(물품/용역)
2023001232,2023-01-05,여자,50 - 59세,경상북도,일반판매,커피,청약철회
2023001233,2023-01-05,여자,20 - 29세,제주도,방문판매,헬스장,계약해제.해지/위약금
2023001234,2023-01-05,남자,30 - 39세,서울특별시,국내온라인거래,빵,청약철회
2023001235,2023-01-05,여자,50 - 59세,부산광역시,기타,묘지설비,계약해제.해지/위약금
2023001236,2023-01-05,남자,20 - 29세,인천광역시,일반판매,헬스장,계약해제.해지/위약금
2023001238,2023-01-05,남자,40 - 49세,서울특별시,일반판매,스마트폰,품질(물품/용역)
2023001239,2023-01-05,여자,30 - 39세,부산광역시,TV홈쇼핑,기타일반화장품,청약철회
2023001240,2023-01-05,여자,50 - 59세,울산광역시,기타,미용서비스,품질(물품/용역)
2023001241,2023-01-05,남자,50 - 59세,서울특별시,국내온라인거래,텐트,품질(물품/용역)
2023001302,2023-01-05,여자,40 - 49세,서울특별시,기타,기타인테리어설비,AS불만
2023001303,2023-01-06,남자,50 - 59세,경기도,국내온라인거래,자동차대여(렌트),부당채권추심
2023001304,2023-01-06,남자,80세이상,경기도,일반판매,동물병원,품질(물품/용역)
2023001305,2023-01-06,여자,50 - 59세,경상남도,일반판매,성형외과,품질(물품/용역)
2023001306,2023-01-06,여자,70 - 79세,경기도,일반판매,내과,품질(물품/용역)
2023001307,2023-01-06,여자,50 - 59세,경상남도,일반판매,양복(서양식 의복)세탁,품질(물품/용역)
2023001308,2023-01-06,여자,20 - 29세,경상남도,국내온라인거래,기타완구·인형,품질(물품/용역)
2023001309,2023-01-06,여자,65 - 69세,경기도,국내온라인거래,기타의류·섬유,계약불이행(불완전이행)
2023001310,2023-01-06,남자,70 - 79세,경기도,일반판매,유선방송,부당행위
2023001311,2023-01-06,남자,60 - 64세,울산광역시,기타통신판매,중고전자제품매매업,품질(물품/용역)
2023001313,2023-01-06,여자,50 - 59세,대구광역시,기타,상품권,계약불이행(불완전이행)
2023001314,2023-01-06,여자,60 - 64세,서울특별시,일반판매,숙녀복하의,품질(물품/용역)
2023001315,2023-01-06,남자,65 - 69세,충청남도,일반판매,전기,안전(제품/시설)
2023001316,2023-01-06,남자,60 - 64세,서울특별시,일반판매,즉석조리식품,안전(제품/시설)
2023001317,2023-01-06,남자,불명,경기도,일반판매,점퍼·재킷류,품질(물품/용역)
2023001318,2023-01-06,여자,40 - 49세,충청북도,일반판매,피부·체형관리서비스,계약불이행(불완전이행)
2023001319,2023-01-06,여자,20 - 29세,충청북도,일반판매,캐주얼바지,품질(물품/용역)
2023001321,2023-01-06,남자,30 - 39세,경기도,일반판매,버스여객운송서비스,부당행위
2023001322,2023-01-06,남자,30 - 39세,경기도,일반판매,헬스장,계약해제.해지/위약금
2023001323,2023-01-06,여자,50 - 59세,부산광역시,국내온라인거래,커피,계약불이행(불완전이행)
2023001324,2023-01-06,여자,50 - 59세,부산광역시,일반판매,욕실설비,거래관행
2023001325,2023-01-06,여자,60 - 64세,광주광역시,일반판매,성형외과,품질(물품/용역)
2023001326,2023-01-06,여자,30 - 39세,서울특별시,일반판매,이동전화서비스,청약철회
2023001327,2023-01-06,여자,40 - 49세,경기도,국내온라인거래,화장품세트,계약불이행(불완전이행)
2023001328,2023-01-06,남자,50 - 59세,인천광역시,모바일거래,가상화폐,계약불이행(불완전이행)
2023001329,2023-01-06,남자,20 - 29세,경상남도,방문판매,기타주거관리설비,AS불만
2023001330,2023-01-06,남자,50 - 59세,인천광역시,국내온라인거래,기타자동차용품,AS불만
2023001331,2023-01-06,여자,40 - 49세,경기도,일반판매,티셔츠,청약철회
2023001332,2023-01-06,남자,30 - 39세,서울특별시,모바일거래,기타사무용품,청약철회
2023001333,2023-01-06,여자,30 - 39세,부산광역시,일반판매,필라테스,계약해제.해지/위약금
2023001335,2023-01-06,남자,30 - 39세,서울특별시,국내온라인거래,인터넷게임서비스,계약불이행(불완전이행)
2023001337,2023-01-06,여자,불명,전라북도,전화권유판매,유사투자자문,계약해제.해지/위약금
2023001338,2023-01-06,남자,20 - 29세,경기도,방문판매,헬스장,계약해제.해지/위약금
2023001339,2023-01-06,여자,60 - 64세,경기도,국내온라인거래,도어록,거래관행
2023001340,2023-01-06,남자,60 - 64세,경기도,일반판매,외식,계약해제.해지/위약금
2023001341,2023-01-06,여자,50 - 59세,인천광역시,일반판매,모피·모피의류,품질(물품/용역)
2023001342,2023-01-06,남자,60 - 64세,경기도,일반판매,정수기대여(렌트),계약해제.해지/위약금
2023001343,2023-01-06,여자,60 - 64세,경기도,일반판매,모피·모피의류,품질(물품/용역)
2023001344,2023-01-06,여자,40 - 49세,경기도,일반판매,자동차보험,약관
2023001345,2023-01-06,여자,20 - 29세,서울특별시,일반판매,기타자동차용품,품질(물품/용역)
2023001346,2023-01-06,남자,불명,충청북도,일반판매,전기진공청소기,계약해제.해지/위약금
2023001347,2023-01-06,여자,40 - 49세,경기도,국내온라인거래,전기진공청소기,품질(물품/용역)
2023001348,2023-01-06,남자,30 - 39세,광주광역시,일반판매,아파트,표시.광고
2023001350,2023-01-06,여자,65 - 69세,서울특별시,일반판매,실손보험,약관
2023001352,2023-01-06,남자,40 - 49세,경기도,전화권유판매,유사투자자문,계약해제.해지/위약금
2023001353,2023-01-06,남자,50 - 59세,경기도,전화권유판매,유사투자자문,계약해제.해지/위약금
2023001354,2023-01-06,여자,60 - 64세,경기도,일반판매,스마트폰,계약불이행(불완전이행)
2023001355,2023-01-06,여자,40 - 49세,경상남도,전화권유판매,유사투자자문,계약해제.해지/위약금
2023001357,2023-01-06,여자,50 - 59세,서울특별시,모바일거래,인터넷정보이용서비스,계약해제.해지/위약금
2023001358,2023-01-06,남자,65 - 69세,인천광역시,기타통신판매,인터넷정보이용서비스,계약해제.해지/위약금
2023001359,2023-01-06,여자,50 - 59세,서울특별시,국내온라인거래,립스틱,계약불이행(불완전이행)
2023001360,2023-01-06,여자,70 - 79세,전라남도,기타통신판매,기타건강식품,계약해제.해지/위약금
2023001361,2023-01-06,여자,65 - 69세,서울특별시,일반판매,무스탕,계약불이행(불완전이행)
2023001362,2023-01-06,여자,20 - 29세,경상북도,기타,사진촬영,계약해제.해지/위약금
2023001363,2023-01-06,여자,40 - 49세,경상남도,기타,항공여객운송서비스,계약불이행(불완전이행)
2023001364,2023-01-06,남자,65 - 69세,경기도,일반판매,점퍼·재킷류,품질(물품/용역)
2023001365,2023-01-06,여자,40 - 49세,서울특별시,국내온라인거래,전기장판,AS불만
2023001366,2023-01-06,여자,20 - 29세,경기도,일반판매,헬스장,계약해제.해지/위약금
2023001367,2023-01-06,여자,50 - 59세,울산광역시,국내온라인거래,기타일반화장품,계약불이행(불완전이행)
2023001369,2023-01-06,여자,30 - 39세,서울특별시,국내온라인거래,양복(서양식 의복)세탁,품질(물품/용역)
2023001370,2023-01-06,남자,40 - 49세,서울특별시,모바일거래,택시여객운송서비스,가격.요금
2023001371,2023-01-06,남자,40 - 49세,경기도,일반판매,헬스장,계약불이행(불완전이행)
2023001372,2023-01-06,남자,65 - 69세,경기도,TV홈쇼핑,점퍼·재킷류,품질(물품/용역)
2023001373,2023-01-06,여자,40 - 49세,서울특별시,전화권유판매,유사투자자문,계약해제.해지/위약금
2023001374,2023-01-06,남자,20 - 29세,서울특별시,일반판매,기타회원권,계약해제.해지/위약금
2023001375,2023-01-06,남자,40 - 49세,경기도,일반판매,중형승용자동차,AS불만
2023001377,2023-01-06,여자,30 - 39세,경기도,일반판매,피혁세탁,품질(물품/용역)
2023001378,2023-01-06,여자,50 - 59세,충청남도,일반판매,양복(서양식 의복)세탁,품질(물품/용역)
2023001379,2023-01-06,남자,40 - 49세,경기도,기타통신판매,인터넷정보이용서비스,계약불이행(불완전이행)
2023001380,2023-01-06,남자,40 - 49세,서울특별시,국내온라인거래,외식,청약철회
2023001381,2023-01-06,남자,40 - 49세,경기도,국내온라인거래,점퍼·재킷류,청약철회
2023001382,2023-01-06,여자,30 - 39세,경기도,일반판매,헬스장,계약해제.해지/위약금
2023001383,2023-01-06,여자,40 - 49세,충청남도,일반판매,양복(서양식 의복)세탁,품질(물품/용역)
2023001384,2023-01-06,여자,불명,충청남도,일반판매,기타인테리어설비,계약불이행(불완전이행)
2023001385,2023-01-06,여자,40 - 49세,대구광역시,일반판매,피부과,계약해제.해지/위약금
2023001386,2023-01-06,남자,65 - 69세,인천광역시,일반판매,스마트폰,AS불만
2023001388,2023-01-06,남자,20 - 29세,경기도,일반판매,양복(서양식 의복)세탁,품질(물품/용역)
2023001389,2023-01-06,여자,20 - 29세,경기도,일반판매,실손보험,약관
2023001390,2023-01-06,남자,20 - 29세,경기도,일반판매,양복(서양식 의복)세탁,품질(물품/용역)
2023001391,2023-01-06,여자,30 - 39세,경기도,전화권유판매,유사투자자문,계약해제.해지/위약금
2023001392,2023-01-06,남자,20 - 29세,경기도,일반판매,양복(서양식 의복)세탁,품질(물품/용역)
2023001393,2023-01-06,여자,60 - 64세,충청남도,일반판매,양복(서양식 의복)세탁,품질(물품/용역)
2023001394,2023-01-06,남자,50 - 59세,경기도,TV홈쇼핑,음식물처리기대여(렌트),AS불만
2023001395,2023-01-06,남자,불명,경상남도,국내온라인거래,인터넷게임서비스,계약불이행(불완전이행)
2023001396,2023-01-06,남자,30 - 39세,서울특별시,국내온라인거래,유사투자자문,계약해제.해지/위약금
2023001397,2023-01-06,남자,30 - 39세,전라남도,일반판매,양복(서양식 의복)세탁,품질(물품/용역)
2023001398,2023-01-06,여자,20 - 29세,경기도,국내온라인거래,의자,청약철회
2023001399,2023-01-06,여자,30 - 39세,인천광역시,일반판매,캐주얼바지,품질(물품/용역)
2023001400,2023-01-06,여자,70 - 79세,부산광역시,일반판매,이동전화서비스,청약철회
2023001401,2023-01-06,남자,20 - 29세,인천광역시,국내온라인거래,항공여객운송서비스,계약불이행(불완전이행)
2023001402,2023-01-06,여자,20 - 29세,경기도,국내온라인거래,양복(서양식 의복)세탁,품질(물품/용역)
2023001405,2023-01-06,여자,불명,인천광역시,일반판매,양복(서양식 의복)세탁,품질(물품/용역)
2023001406,2023-01-06,남자,20 - 29세,인천광역시,일반판매,양복(서양식 의복)세탁,품질(물품/용역)
2023001501,2023-01-06,여자,20 - 29세,서울특별시,소셜커머스(쇼핑),보석·귀금속,계약불이행(불완전이행)
2023001502,2023-01-06,여자,40 - 49세,울산광역시,국내온라인거래,기타식품류,부당행위
2023001504,2023-01-06,여자,50 - 59세,경기도,일반판매,모바일게임서비스,부당행위
2023001506,2023-01-06,남자,40 - 49세,부산광역시,국내온라인거래,남성용내의류,청약철회
2023001507,2023-01-06,여자,20 - 29세,부산광역시,모바일거래,기타신변용품,청약철회
2023001508,2023-01-06,남자,65 - 69세,강원특별자치도,모바일거래,전기진공청소기,청약철회
2023001509,2023-01-06,여자,50 - 59세,경기도,소셜커머스(쇼핑),기타미분류물품,청약철회
2023001510,2023-01-06,여자,20 - 29세,대전광역시,방문판매,헬스장,계약해제.해지/위약금
2023001512,2023-01-06,여자,20 - 29세,경기도,일반판매,각종자격취득강습,계약해제.해지/위약금
2023001513,2023-01-06,여자,40 - 49세,충청남도,일반판매,기타숙박시설,청약철회
2023001514,2023-01-06,여자,20 - 29세,서울특별시,국내온라인거래,블라우스,청약철회
2023001515,2023-01-06,여자,20 - 29세,대구광역시,일반판매,필라테스,계약해제.해지/위약금
2023001517,2023-01-06,여자,30 - 39세,대구광역시,국내온라인거래,숙녀복상의,청약철회
2023001518,2023-01-06,여자,60 - 64세,경기도,일반판매,국외여행,계약해제.해지/위약금
2023001519,2023-01-06,남자,65 - 69세,충청북도,모바일거래,인터넷교육서비스,계약불이행(불완전이행)
2023001520,2023-01-06,남자,20 - 29세,서울특별시,방문판매,헬스장,계약해제.해지/위약금
2023001521,2023-01-06,남자,40 - 49세,충청남도,국내온라인거래,노트북컴퓨터,품질(물품/용역)
2023001522,2023-01-06,남자,30 - 39세,서울특별시,국내온라인거래,기타미분류서비스,계약해제.해지/위약금
2023001523,2023-01-06,여자,50 - 59세,경기도,국내온라인거래,커피,청약철회
2023001524,2023-01-06,남자,60 - 64세,서울특별시,일반판매,기타인테리어설비,품질(물품/용역)
2023001525,2023-01-06,남자,불명,경기도,방문판매,기타공조·냉난방기기,품질(물품/용역)
2023001526,2023-01-06,여자,60 - 64세,강원특별자치도,국내온라인거래,커피,계약불이행(불완전이행)
2023001527,2023-01-06,여자,30 - 39세,대구광역시,소셜커머스(쇼핑),기타의류·섬유,약관
2023001528,2023-01-06,여자,10 - 19세,세종특별자치시,일반판매,기타미분류서비스,계약해제.해지/위약금
2023001529,2023-01-06,여자,30 - 39세,서울특별시,국내온라인거래,TV,청약철회
2023001530,2023-01-06,여자,40 - 49세,경상남도,일반판매,아동복,AS불만
2023001531,2023-01-06,남자,50 - 59세,부산광역시,기타,컴퓨터모니터(데스크탑),계약해제.해지/위약금
2023001532,2023-01-06,남자,20 - 29세,서울특별시,기타,헬스장,계약해제.해지/위약금
2023001533,2023-01-06,여자,20 - 29세,부산광역시,일반판매,스마트폰,청약철회
2023001534,2023-01-06,여자,30 - 39세,광주광역시,일반판매,국내결혼중개,계약불이행(불완전이행)
2023001535,2023-01-06,여자,40 - 49세,강원특별자치도,소셜커머스(쇼핑),커피,계약불이행(불완전이행)
2023001536,2023-01-06,여자,40 - 49세,서울특별시,국내온라인거래,옷장,청약철회
2023001537,2023-01-06,여자,50 - 59세,경기도,모바일거래,가스에어컨,품질(물품/용역)
2023001538,2023-01-06,남자,30 - 39세,서울특별시,국내온라인거래,기타숙박시설,계약해제.해지/위약금
2023001539,2023-01-06,남자,30 - 39세,경기도,일반판매,포장이사운송서비스,부당행위
2023001540,2023-01-06,남자,50 - 59세,서울특별시,국내온라인거래,노트북컴퓨터,AS불만
2023001541,2023-01-06,여자,50 - 59세,세종특별자치시,기타,기타예식관련서비스,청약철회
2023001542,2023-01-06,남자,20 - 29세,서울특별시,기타,인터넷정보이용서비스,계약해제.해지/위약금
2023001543,2023-01-06,남자,30 - 39세,부산광역시,소셜커머스(쇼핑),노트북컴퓨터,품질(물품/용역)
2023001544,2023-01-06,여자,30 - 39세,경기도,국내온라인거래,박스(포장용),청약철회
2023001545,2023-01-06,여자,50 - 59세,경상남도,모바일거래,항공여객운송서비스,계약해제.해지/위약금
2023001546,2023-01-06,남자,30 - 39세,광주광역시,일반판매,외식,청약철회
2023001547,2023-01-06,여자,30 - 39세,경기도,방문판매,미용서비스,계약불이행(불완전이행)
2023001548,2023-01-06,여자,20 - 29세,부산광역시,방문판매,헬스장,계약해제.해지/위약금
2023001549,2023-01-06,여자,20 - 29세,서울특별시,기타,기타사설강습서비스,계약해제.해지/위약금
2023001550,2023-01-06,여자,50 - 59세,경상남도,모바일거래,커피,계약불이행(불완전이행)
2023001551,2023-01-06,남자,40 - 49세,서울특별시,국내온라인거래,커피,청약철회
2023001552,2023-01-06,여자,20 - 29세,인천광역시,방문판매,필라테스,계약해제.해지/위약금
2023001553,2023-01-06,여자,30 - 39세,경기도,일반판매,예식서비스,청약철회
2023001554,2023-01-06,여자,40 - 49세,전라남도,국내온라인거래,커피,계약불이행(불완전이행)
2023001601,2023-01-07,여자,20 - 29세,인천광역시,일반판매,요가,계약해제.해지/위약금
2023001602,2023-01-07,남자,50 - 59세,서울특별시,모바일거래,항공여객운송서비스,계약해제.해지/위약금
2023001603,2023-01-07,남자,20 - 29세,경기도,모바일거래,펜션,계약해제.해지/위약금
2023001604,2023-01-07,여자,20 - 29세,인천광역시,일반판매,식탁,청약철회
2023001605,2023-01-07,여자,40 - 49세,서울특별시,기타,포장이사운송서비스,품질(물품/용역)
2023001606,2023-01-07,남자,30 - 39세,서울특별시,방문판매,헬스장,계약해제.해지/위약금
2023001607,2023-01-07,남자,20 - 29세,서울특별시,방문판매,헬스장,계약해제.해지/위약금
2023001608,2023-01-07,여자,50 - 59세,경상남도,소셜커머스(쇼핑),기타일반화장품,계약해제.해지/위약금
2023001609,2023-01-07,여자,30 - 39세,경기도,국내온라인거래,국외여행,계약해제.해지/위약금
2023001610,2023-01-07,남자,40 - 49세,충청남도,일반판매,사진촬영,청약철회
2023001611,2023-01-07,남자,50 - 59세,강원특별자치도,전화권유판매,이동전화서비스,계약해제.해지/위약금
2023001612,2023-01-07,여자,50 - 59세,울산광역시,소셜커머스(쇼핑),커피,계약불이행(불완전이행)
2023001613,2023-01-07,여자,20 - 29세,경기도,모바일거래,펜션,계약해제.해지/위약금
2023001614,2023-01-07,남자,60 - 64세,경기도,TV홈쇼핑,기타건강식품,청약철회
2023001615,2023-01-07,남자,20 - 29세,경기도,기타,택배화물운송서비스,부당행위
2023001616,2023-01-07,여자,20 - 29세,경상남도,일반판매,헬스장,계약해제.해지/위약금
2023001617,2023-01-07,여자,20 - 29세,경기도,기타,기타세탁서비스,부당행위
2023001618,2023-01-07,남자,20 - 29세,경기도,국내온라인거래,TV대,품질(물품/용역)
2023001619,2023-01-07,여자,20 - 29세,서울특별시,국내온라인거래,운동화,부당행위
2023001701,2023-01-08,남자,60 - 64세,부산광역시,일반판매,안마의자대여(렌트),AS불만
2023001703,2023-01-08,여자,30 - 39세,서울특별시,국내온라인거래,샌들·슬리퍼,품질(물품/용역)
2023001704,2023-01-08,여자,40 - 49세,서울특별시,모바일거래,통신기기케이스,품질(물품/용역)
2023001705,2023-01-08,남자,30 - 39세,경기도,기타통신판매,결혼준비대행서비스,계약해제.해지/위약금
2023001706,2023-01-08,여자,40 - 49세,부산광역시,소셜커머스(쇼핑),스마트폰,부당행위
2023001707,2023-01-08,여자,30 - 39세,대전광역시,국내온라인거래,항공여객운송서비스,부당행위
2023001708,2023-01-08,여자,30 - 39세,제주도,소셜커머스(쇼핑),유아복,계약불이행(불완전이행)
2023001709,2023-01-08,남자,불명,경기도,기타,기타음료,품질(물품/용역)
2023001710,2023-01-08,여자,20 - 29세,경기도,국내온라인거래,국외여행,계약해제.해지/위약금
2023001711,2023-01-08,여자,70 - 79세,경상북도,모바일거래,기타건강식품,청약철회
2023001712,2023-01-08,남자,80세이상,서울특별시,기타,묘지설비,부당행위
2023001713,2023-01-08,남자,30 - 39세,대구광역시,기타,스마트폰,부당행위
2023001714,2023-01-08,여자,20 - 29세,서울특별시,일반판매,헬스장,계약해제.해지/위약금
2023001715,2023-01-08,여자,20 - 29세,세종특별자치시,방문판매,헬스장,계약해제.해지/위약금
2023001716,2023-01-09,여자,30 - 39세,경상북도,국내온라인거래,헬스장,계약해제.해지/위약금
2023001717,2023-01-09,여자,50 - 59세,대구광역시,일반판매,동물병원,품질(물품/용역)
2023001718,2023-01-09,남자,10세 미만,광주광역시,일반판매,소아청소년과,품질(물품/용역)
2023001719,2023-01-09,남자,30 - 39세,서울특별시,국내온라인거래,운동화,품질(물품/용역)
2023001720,2023-01-09,여자,50 - 59세,경상북도,국내온라인거래,신사화(구두·부츠 등),품질(물품/용역)
2023001721,2023-01-09,여자,50 - 59세,충청남도,일반판매,숙녀화(구두·부츠 등),품질(물품/용역)
2023001722,2023-01-09,여자,40 - 49세,경기도,일반판매,자동차대여(렌트),부당행위
2023001723,2023-01-09,남자,20 - 29세,인천광역시,일반판매,전문스포츠화(축구화·골프화 등),품질(물품/용역)
2023001724,2023-01-09,여자,30 - 39세,울산광역시,일반판매,운동화,품질(물품/용역)
2023001725,2023-01-09,남자,70 - 79세,경기도,일반판매,운동화,품질(물품/용역)
2023001728,2023-01-06,여자,30 - 39세,서울특별시,국내온라인거래,여성용내의류,청약철회
2023001730,2023-01-09,여자,40 - 49세,서울특별시,일반판매,신발세탁,계약불이행(불완전이행)
2023001732,2023-01-09,여자,30 - 39세,서울특별시,모바일거래,니트(스웨터),청약철회
2023001733,2023-01-09,남자,20 - 29세,서울특별시,국내온라인거래,티셔츠,품질(물품/용역)
2023001735,2023-01-09,남자,20 - 29세,서울특별시,국내온라인거래,티셔츠,품질(물품/용역)
2023001736,2023-01-09,여자,50 - 59세,서울특별시,일반판매,점퍼·재킷류,품질(물품/용역)
2023001737,2023-01-09,여자,65 - 69세,경상남도,방문판매,변액보험,계약해제.해지/위약금
2023001738,2023-01-09,여자,30 - 39세,강원특별자치도,소셜커머스(쇼핑),기타자동차부품,청약철회
2023001739,2023-01-09,여자,불명,경기도,일반판매,서랍장,계약해제.해지/위약금
2023001740,2023-01-09,남자,30 - 39세,경기도,방문판매,헬스장,계약해제.해지/위약금
2023001741,2023-01-09,여자,50 - 59세,서울특별시,일반판매,치과,품질(물품/용역)
2023001742,2023-01-09,여자,50 - 59세,부산광역시,일반판매,점퍼·재킷류,품질(물품/용역)
2023001743,2023-01-09,여자,50 - 59세,경기도,모바일거래,커피,계약불이행(불완전이행)
2023001744,2023-01-09,남자,30 - 39세,서울특별시,국내온라인거래,라텍스매트리스,품질(물품/용역)
2023001745,2023-01-09,남자,60 - 64세,서울특별시,국내온라인거래,인터넷교육서비스,계약해제.해지/위약금
2023001746,2023-01-09,여자,50 - 59세,서울특별시,국내온라인거래,소파,AS불만
2023001747,2023-01-09,여자,20 - 29세,충청남도,일반판매,필라테스,계약해제.해지/위약금
2023001748,2023-01-09,남자,20 - 29세,경기도,방문판매,헬스장,계약해제.해지/위약금
2023001749,2023-01-09,남자,불명,경기도,국내온라인거래,즉석조리식품,계약불이행(불완전이행)
2023001750,2023-01-09,남자,40 - 49세,경기도,모바일거래,스노우체인,계약해제.해지/위약금
2023001751,2023-01-09,남자,65 - 69세,대전광역시,일반판매,자동차대여(렌트),부당행위
2023001752,2023-01-09,여자,20 - 29세,충청북도,소셜커머스(쇼핑),기타숙박시설,계약해제.해지/위약금
2023001754,2023-01-09,남자,40 - 49세,대구광역시,국내온라인거래,운동화,청약철회
2023001755,2023-01-09,남자,40 - 49세,경기도,국내온라인거래,운동화,청약철회
2023001756,2023-01-09,남자,40 - 49세,경기도,기타,신경외과,품질(물품/용역)
2023001757,2023-01-09,남자,50 - 59세,인천광역시,일반판매,안마의자대여(렌트),품질(물품/용역)
2023001758,2023-01-09,여자,40 - 49세,경기도,일반판매,이불·요,품질(물품/용역)
2023001759,2023-01-09,남자,40 - 49세,서울특별시,국내온라인거래,기타자동차부품,표시.광고
2023001760,2023-01-09,여자,65 - 69세,충청남도,소셜커머스(쇼핑),자동차대여(렌트),계약해제.해지/위약금
2023001761,2023-01-09,여자,40 - 49세,경기도,국내온라인거래,싱크대,계약불이행(불완전이행)
2023001762,2023-01-09,남자,20 - 29세,부산광역시,일반판매,양복(서양식 의복)세탁,품질(물품/용역)
2023001763,2023-01-09,남자,30 - 39세,경기도,국내온라인거래,기타숙박시설,계약해제.해지/위약금
2023001764,2023-01-09,여자,20 - 29세,서울특별시,모바일거래,신유형상품권,계약불이행(불완전이행)
2023001765,2023-01-09,여자,40 - 49세,부산광역시,국내온라인거래,스노우체인,품질(물품/용역)
2023001766,2023-01-09,여자,30 - 39세,서울특별시,국내온라인거래,옷장,청약철회
2023001767,2023-01-09,여자,40 - 49세,서울특별시,일반판매,도어록,가격.요금
2023001768,2023-01-09,여자,60 - 64세,서울특별시,일반판매,TV,품질(물품/용역)
2023001769,2023-01-09,여자,65 - 69세,서울특별시,기타,경비·관리서비스,계약해제.해지/위약금
2023001770,2023-01-09,남자,20 - 29세,충청북도,일반판매,헬스장,계약해제.해지/위약금
2023001771,2023-01-09,남자,60 - 64세,경기도,일반판매,도배공사,품질(물품/용역)
2023001772,2023-01-09,여자,20 - 29세,서울특별시,일반판매,자동차대여(렌트),부당행위
2023001773,2023-01-09,남자,30 - 39세,경기도,일반판매,카셰어링,품질(물품/용역)
2023001774,2023-01-09,여자,40 - 49세,경기도,일반판매,양복(서양식 의복)세탁,품질(물품/용역)
2023001775,2023-01-09,여자,60 - 64세,대전광역시,일반판매,포장이사운송서비스,품질(물품/용역)
2023001776,2023-01-09,남자,20 - 29세,경기도,국내온라인거래,기타자동차용품,청약철회
2023001777,2023-01-09,여자,50 - 59세,전라북도,모바일거래,민박기타,계약불이행(불완전이행)
2023001778,2023-01-09,여자,40 - 49세,경상북도,기타통신판매,자동차대여(렌트),계약해제.해지/위약금
2023001779,2023-01-09,여자,40 - 49세,경기도,소셜커머스(쇼핑),숙녀화(구두·부츠 등),계약불이행(불완전이행)
2023001780,2023-01-09,여자,50 - 59세,서울특별시,기타,국외여행,계약불이행(불완전이행)
2023001782,2023-01-09,여자,30 - 39세,서울특별시,국내온라인거래,항공여객운송서비스,계약해제.해지/위약금
2023001783,2023-01-09,여자,50 - 59세,경기도,국내온라인거래,점퍼·재킷류,청약철회
2023001784,2023-01-09,남자,20 - 29세,서울특별시,모바일거래,인터넷교육서비스,계약불이행(불완전이행)
2023001785,2023-01-09,남자,70 - 79세,경기도,일반판매,밥솥,품질(물품/용역)
2023001786,2023-01-09,여자,30 - 39세,충청북도,모바일거래,스커트,청약철회
2023001787,2023-01-09,여자,60 - 64세,인천광역시,모바일거래,티셔츠,청약철회
2023001788,2023-01-09,남자,20 - 29세,경기도,기타,일반강습(입시학원등),계약해제.해지/위약금
2023001789,2023-01-09,여자,50 - 59세,대구광역시,일반판매,양복(서양식 의복)세탁,품질(물품/용역)
2023001791,2023-01-09,남자,50 - 59세,인천광역시,일반판매,상해보험,계약불이행(불완전이행)
2023001793,2023-01-09,여자,40 - 49세,경기도,일반판매,소파,품질(물품/용역)
2023001794,2023-01-09,남자,50 - 59세,경기도,국내온라인거래,헤드폰·이어폰,계약불이행(불완전이행)
2023001795,2023-01-09,여자,30 - 39세,대구광역시,기타,인터넷교육서비스,계약해제.해지/위약금
2023001796,2023-01-09,남자,40 - 49세,대구광역시,국내온라인거래,캐주얼바지,청약철회
2023001797,2023-01-09,남자,50 - 59세,경기도,일반판매,스마트폰,품질(물품/용역)
2023001798,2023-01-09,남자,30 - 39세,충청북도,기타,냉동고,AS불만
2023001799,2023-01-09,여자,20 - 29세,경상북도,일반판매,헬스장,계약해제.해지/위약금
2023001800,2023-01-09,남자,30 - 39세,경기도,일반판매,전기자전거,품질(물품/용역)
2023001801,2023-01-09,남자,60 - 64세,경상남도,일반판매,건강(암·기타질병)보험,계약불이행(불완전이행)
2023001802,2023-01-09,남자,20 - 29세,강원특별자치도,일반판매,점퍼·재킷류,품질(물품/용역)
2023001803,2023-01-09,남자,30 - 39세,서울특별시,국내온라인거래,인터넷교육서비스,계약불이행(불완전이행)
2023001804,2023-01-09,여자,50 - 59세,인천광역시,전화권유판매,유사투자자문,청약철회
2023001805,2023-01-09,여자,30 - 39세,인천광역시,국내온라인거래,니트(스웨터),계약불이행(불완전이행)
2023001806,2023-01-09,남자,30 - 39세,서울특별시,국내온라인거래,신유형상품권,청약철회
2023001807,2023-01-09,남자,(미입력),경상남도,소셜커머스(쇼핑),중고자동차중개·매매,표시.광고
2023001808,2023-01-09,남자,30 - 39세,울산광역시,국내온라인거래,스노우체인,품질(물품/용역)
2023001809,2023-01-09,여자,50 - 59세,경기도,일반판매,운동화,품질(물품/용역)
2023001810,2023-01-09,여자,40 - 49세,경기도,국내온라인거래,모바일게임서비스,계약해제.해지/위약금
2023001811,2023-01-09,남자,20 - 29세,부산광역시,일반판매,헬스장,계약해제.해지/위약금
2023001812,2023-01-09,여자,50 - 59세,경기도,국내온라인거래,자동차대여(렌트),약관
2023001813,2023-01-09,남자,40 - 49세,경기도,전화권유판매,유사투자자문,계약해제.해지/위약금
2023001814,2023-01-09,여자,20 - 29세,경기도,일반판매,양복(서양식 의복)세탁,품질(물품/용역)
2023001815,2023-01-09,남자,30 - 39세,인천광역시,방문판매,기타미분류서비스,품질(물품/용역)
2023001816,2023-01-09,남자,50 - 59세,서울특별시,국내온라인거래,자동차대여(렌트),계약해제.해지/위약금
2023001817,2023-01-09,여자,30 - 39세,경기도,일반판매,스포츠웨어,품질(물품/용역)
2023001818,2023-01-09,여자,30 - 39세,경기도,일반판매,스포츠웨어,품질(물품/용역)
2023001819,2023-01-09,여자,30 - 39세,제주도,국내온라인거래,스노우체인,품질(물품/용역)
2023001821,2023-01-09,남자,40 - 49세,경기도,전화권유판매,기타보건·위생용품,품질(물품/용역)
2023001822,2023-01-09,남자,50 - 59세,경기도,일반판매,등산화,품질(물품/용역)
2023001823,2023-01-09,여자,40 - 49세,경기도,국내온라인거래,티셔츠,계약불이행(불완전이행)
2023001824,2023-01-09,남자,60 - 64세,서울특별시,일반판매,기타금융상품,부당행위
2023001825,2023-01-09,남자,40 - 49세,서울특별시,국내온라인거래,신사화(구두·부츠 등),품질(물품/용역)
2023001827,2023-01-09,남자,50 - 59세,서울특별시,기타,가스보일러,AS불만
2023001828,2023-01-09,여자,30 - 39세,서울특별시,일반판매,양복(서양식 의복)세탁,품질(물품/용역)
2023001829,2023-01-09,남자,10 - 19세,충청북도,일반판매,인터넷교육서비스,계약해제.해지/위약금
2023001830,2023-01-09,여자,20 - 29세,경기도,국내온라인거래,원피스,품질(물품/용역)
2023001832,2023-01-09,여자,50 - 59세,경기도,모바일거래,자동차대여(렌트),계약해제.해지/위약금
2023001833,2023-01-09,여자,40 - 49세,서울특별시,국내온라인거래,마스크,계약불이행(불완전이행)
2023001834,2023-01-09,여자,40 - 49세,광주광역시,일반판매,유아용교재,계약불이행(불완전이행)
2023001835,2023-01-09,여자,40 - 49세,인천광역시,모바일거래,화장품세트,계약해제.해지/위약금
2023001836,2023-01-09,남자,30 - 39세,서울특별시,국내온라인거래,양복(서양식 의복)세탁,품질(물품/용역)
2023001837,2023-01-09,여자,40 - 49세,서울특별시,국내온라인거래,전문스포츠화(축구화·골프화 등),품질(물품/용역)
2023001838,2023-01-09,여자,30 - 39세,서울특별시,국내온라인거래,신발세탁,계약불이행(불완전이행)
2023001839,2023-01-09,여자,10 - 19세,경기도,국내온라인거래,인터넷교육서비스,계약불이행(불완전이행)
2023001840,2023-01-09,남자,40 - 49세,전라북도,일반판매,건강(암·기타질병)보험,약관
2023001841,2023-01-09,남자,50 - 59세,경기도,일반판매,기타인테리어설비,AS불만
2023001842,2023-01-09,남자,50 - 59세,전라남도,방문판매,정수기대여(렌트),계약해제.해지/위약금
2023001843,2023-01-09,남자,80세이상,인천광역시,기타통신판매,택배화물운송서비스,계약불이행(불완전이행)
2023001844,2023-01-09,여자,30 - 39세,서울특별시,일반판매,헬스장,계약불이행(불완전이행)
2023001845,2023-01-09,여자,40 - 49세,경상북도,국내온라인거래,커피,청약철회
2023001846,2023-01-09,여자,50 - 59세,전라북도,국내온라인거래,기타신변용품,품질(물품/용역)
2023001848,2023-01-09,남자,65 - 69세,서울특별시,방문판매,기타여행,계약해제.해지/위약금
2023001849,2023-01-09,남자,60 - 64세,울산광역시,일반판매,김치냉장고,AS불만
2023001850,2023-01-09,여자,40 - 49세,경기도,일반판매,양복(서양식 의복)세탁,품질(물품/용역)
2023001851,2023-01-09,여자,20 - 29세,경기도,국내온라인거래,서랍장,품질(물품/용역)
2023001852,2023-01-09,여자,50 - 59세,인천광역시,일반판매,점퍼·재킷류,품질(물품/용역)
2023001853,2023-01-09,여자,30 - 39세,전라북도,국내온라인거래,유아복,계약불이행(불완전이행)
2023001854,2023-01-09,남자,65 - 69세,광주광역시,기타,콘도회원권,계약해제.해지/위약금
2023001856,2023-01-09,여자,30 - 39세,서울특별시,일반판매,양복(서양식 의복)세탁,품질(물품/용역)
2023001858,2023-01-09,여자,40 - 49세,경기도,기타통신판매,사무용기기대여(렌트),AS불만
2023001859,2023-01-09,여자,40 - 49세,경기도,국내온라인거래,화장품세트,계약불이행(불완전이행)
2023001860,2023-01-09,여자,20 - 29세,대구광역시,국내온라인거래,점퍼·재킷류,품질(물품/용역)
2023001861,2023-01-09,남자,70 - 79세,부산광역시,전화권유판매,유사투자자문,계약해제.해지/위약금
2023001862,2023-01-09,남자,40 - 49세,충청남도,일반판매,외식,안전(제품/시설)
2023001863,2023-01-09,여자,30 - 39세,서울특별시,일반판매,필라테스,계약해제.해지/위약금
2023001864,2023-01-09,남자,50 - 59세,경기도,일반판매,기타인터넷기반서비스,품질(물품/용역)
2023001865,2023-01-09,남자,70 - 79세,서울특별시,일반판매,기타회원권,계약불이행(불완전이행)
2023001866,2023-01-09,남자,20 - 29세,경상남도,일반판매,일반강습(입시학원등),계약해제.해지/위약금
2023001867,2023-01-09,여자,30 - 39세,서울특별시,기타통신판매,기타의류·섬유,청약철회
2023001868,2023-01-09,여자,20 - 29세,인천광역시,국내온라인거래,커피,계약불이행(불완전이행)
2023001869,2023-01-09,여자,20 - 29세,서울특별시,일반판매,피부·체형관리서비스,계약해제.해지/위약금
2023001870,2023-01-09,여자,30 - 39세,전라북도,일반판매,미용서비스,품질(물품/용역)
2023001871,2023-01-09,여자,30 - 39세,경기도,기타,요가,계약해제.해지/위약금
2023001872,2023-01-09,여자,20 - 29세,전라남도,국내온라인거래,기타숙박시설,계약해제.해지/위약금
2023001873,2023-01-09,여자,50 - 59세,부산광역시,소셜커머스(쇼핑),커피,계약불이행(불완전이행)
2023001874,2023-01-09,여자,30 - 39세,경상남도,소셜커머스(쇼핑),기타스포츠·레저기구·용품,계약불이행(불완전이행)
2023001875,2023-01-09,남자,30 - 39세,경기도,기타,기타의료용구,계약해제.해지/위약금
2023001876,2023-01-09,여자,20 - 29세,경기도,국내온라인거래,기타일반화장품,표시.광고
2023001877,2023-01-09,여자,30 - 39세,서울특별시,국내온라인거래,기타조명기기,계약해제.해지/위약금
2023001878,2023-01-09,여자,30 - 39세,대구광역시,국내온라인거래,무스탕,청약철회
2023001879,2023-01-09,여자,20 - 29세,부산광역시,일반판매,미분류컨설팅(자문),계약해제.해지/위약금
2023001880,2023-01-09,여자,20 - 29세,전라남도,방문판매,기타조명기기,청약철회
2023001881,2023-01-09,남자,50 - 59세,강원특별자치도,국내온라인거래,운동화,청약철회
2023001882,2023-01-09,남자,40 - 49세,서울특별시,일반판매,애완동물기타,계약불이행(불완전이행)
2023001883,2023-01-09,남자,50 - 59세,경기도,기타통신판매,공업용기계,청약철회
2023001884,2023-01-09,남자,50 - 59세,경기도,기타,오피스텔,청약철회
2023001886,2023-01-09,여자,20 - 29세,경기도,국내온라인거래,스포츠웨어,청약철회
2023001887,2023-01-09,남자,30 - 39세,인천광역시,국내온라인거래,피부·체형관리서비스,부당행위
2023001888,2023-01-09,여자,30 - 39세,울산광역시,국내온라인거래,화장품세트,계약불이행(불완전이행)
2023001889,2023-01-09,남자,40 - 49세,부산광역시,국내온라인거래,기타신발·용품,청약철회
2023001890,2023-01-09,남자,40 - 49세,인천광역시,기타,상가·오피스텔임대차,계약해제.해지/위약금
2023001891,2023-01-09,여자,30 - 39세,경상북도,기타,아파트,계약불이행(불완전이행)
2023001892,2023-01-09,남자,40 - 49세,서울특별시,기타,자동차주차장,AS불만
2023001893,2023-01-09,남자,30 - 39세,대전광역시,일반판매,헬스장,계약해제.해지/위약금
2023001894,2023-01-09,남자,20 - 29세,경기도,일반판매,고시원이용,계약해제.해지/위약금
2023001895,2023-01-09,여자,40 - 49세,경기도,국내온라인거래,모바일정보이용서비스,계약해제.해지/위약금
2023001896,2023-01-09,남자,20 - 29세,인천광역시,기타통신판매,점퍼·재킷류,청약철회
2023001897,2023-01-09,여자,50 - 59세,부산광역시,국내온라인거래,화장품세트,청약철회
2023001898,2023-01-09,남자,40 - 49세,서울특별시,기타,외식,계약해제.해지/위약금
2023001899,2023-01-09,남자,30 - 39세,인천광역시,기타,임대아파트,품질(물품/용역)
2023001900,2023-01-09,여자,50 - 59세,전라남도,기타통신판매,정수기,청약철회
2023001901,2023-01-09,여자,30 - 39세,서울특별시,일반판매,헬스장,계약해제.해지/위약금
2023001902,2023-01-09,남자,40 - 49세,경기도,국제온라인거래,호텔,계약불이행(불완전이행)
2023001903,2023-01-09,여자,30 - 39세,울산광역시,소셜커머스(쇼핑),기타미분류물품,청약철회
2023001904,2023-01-09,남자,40 - 49세,서울특별시,국내온라인거래,기타숙박시설,계약해제.해지/위약금
2023001905,2023-01-09,여자,30 - 39세,경기도,일반판매,조립완구,품질(물품/용역)
2023001906,2023-01-09,여자,20 - 29세,서울특별시,국내온라인거래,코트,청약철회
2023001907,2023-01-09,여자,30 - 39세,경상남도,기타통신판매,시계,계약해제.해지/위약금
2023001908,2023-01-09,남자,50 - 59세,경상남도,국내온라인거래,커피,청약철회
2023001909,2023-01-09,남자,40 - 49세,전라북도,기타,기타인터넷기반서비스,품질(물품/용역)
2023001910,2023-01-09,남자,20 - 29세,경기도,일반판매,헬스장,이자.수수료
2023001911,2023-01-09,남자,60 - 64세,경기도,기타통신판매,커피,청약철회
2023001912,2023-01-09,여자,20 - 29세,서울특별시,방문판매,헬스장,계약해제.해지/위약금
2023001913,2023-01-09,여자,40 - 49세,부산광역시,기타,인터넷교육서비스,부당행위
2023001914,2023-01-09,여자,20 - 29세,부산광역시,국내온라인거래,기타의류·섬유,청약철회
2023001916,2023-01-09,남자,40 - 49세,경기도,기타,인터넷교육서비스,계약불이행(불완전이행)
2023001917,2023-01-09,여자,20 - 29세,서울특별시,모바일거래,일반강습(입시학원등),계약해제.해지/위약금
2023001918,2023-01-09,여자,20 - 29세,대전광역시,기타,립스틱,품질(물품/용역)
2023001919,2023-01-09,남자,40 - 49세,경상북도,국내온라인거래,운동화,청약철회
2023001920,2023-01-09,여자,40 - 49세,경기도,기타,부동산중개,계약불이행(불완전이행)
2023001921,2023-01-09,여자,40 - 49세,경기도,전화권유판매,음식물처리기대여(렌트),계약해제.해지/위약금
2023001922,2023-01-09,여자,20 - 29세,서울특별시,방문판매,필라테스,계약해제.해지/위약금
2023001923,2023-01-09,남자,50 - 59세,부산광역시,기타통신판매,전기팬히터,청약철회
2023001924,2023-01-09,남자,30 - 39세,울산광역시,국내온라인거래,인터넷교육서비스,부당행위
2023001925,2023-01-09,여자,20 - 29세,충청북도,방문판매,헬스장,계약해제.해지/위약금
2023001926,2023-01-09,여자,30 - 39세,부산광역시,모바일거래,항공여객운송서비스,계약불이행(불완전이행)
2023001927,2023-01-09,여자,20 - 29세,서울특별시,국제온라인거래,기타숙박시설,청약철회
2023001928,2023-01-09,남자,30 - 39세,경기도,국내온라인거래,기타취미용품,계약불이행(불완전이행)
2023001929,2023-01-09,남자,30 - 39세,세종특별자치시,소셜커머스(쇼핑),남성용내의류,품질(물품/용역)
2023001930,2023-01-09,남자,40 - 49세,대구광역시,모바일거래,커피,계약불이행(불완전이행)
2023001932,2023-01-09,남자,10 - 19세,서울특별시,기타,기타숙박시설,계약해제.해지/위약금
2023001933,2023-01-09,여자,40 - 49세,인천광역시,일반판매,보석·귀금속,품질(물품/용역)
2023001934,2023-01-09,남자,20 - 29세,전라남도,기타,일반강습(입시학원등),계약해제.해지/위약금
2023001936,2023-01-09,남자,50 - 59세,서울특별시,모바일거래,"OTT서비스(넷플릭스,왓챠 등)",계약해제.해지/위약금
2023001937,2023-01-09,남자,20 - 29세,서울특별시,국내온라인거래,베개,청약철회
2023001938,2023-01-09,여자,50 - 59세,충청남도,소셜커머스(쇼핑),코트,청약철회
2023001939,2023-01-09,여자,20 - 29세,경기도,일반판매,사진촬영,계약해제.해지/위약금
2023001940,2023-01-09,여자,60 - 64세,대구광역시,국내온라인거래,커피,청약철회
2023001941,2023-01-09,여자,20 - 29세,충청북도,기타,"연회서비스(돌잔치,회갑 등)",계약해제.해지/위약금
2023001942,2023-01-09,여자,60 - 64세,경기도,소셜커머스(쇼핑),애완동·식물용품,청약철회
2023001943,2023-01-09,남자,20 - 29세,경기도,일반판매,택배화물운송서비스,품질(물품/용역)
2023001944,2023-01-09,남자,30 - 39세,서울특별시,일반판매,헬스장,계약해제.해지/위약금
2023001945,2023-01-09,여자,30 - 39세,인천광역시,국내온라인거래,기타숙박시설,계약해제.해지/위약금
2023001946,2023-01-09,남자,30 - 39세,대구광역시,소셜커머스(쇼핑),코펠,계약불이행(불완전이행)
2023001947,2023-01-09,여자,40 - 49세,강원특별자치도,기타,커피메이커,계약해제.해지/위약금
2023001948,2023-01-09,남자,30 - 39세,대전광역시,전화권유판매,모바일정보이용서비스,계약해제.해지/위약금
2023001949,2023-01-09,남자,50 - 59세,충청북도,기타통신판매,이동전화서비스,청약철회
2023001950,2023-01-09,남자,50 - 59세,충청남도,소셜커머스(쇼핑),벽지·바닥재,청약철회
2023002001,2023-01-10,여자,65 - 69세,서울특별시,TV홈쇼핑,점퍼·재킷류,품질(물품/용역)
2023002002,2023-01-10,여자,40 - 49세,경기도,일반판매,미용서비스,품질(물품/용역)
2023002003,2023-01-10,남자,30 - 39세,서울특별시,일반판매,헬스장,계약해제.해지/위약금
2023002004,2023-01-10,여자,30 - 39세,강원특별자치도,일반판매,모자,청약철회
2023002005,2023-01-10,여자,40 - 49세,서울특별시,국내온라인거래,핸드백,품질(물품/용역)
2023002006,2023-01-10,남자,40 - 49세,울산광역시,국내온라인거래,룸에어컨,계약해제.해지/위약금
2023002007,2023-01-10,남자,불명,경기도,국내온라인거래,신용카드,계약불이행(불완전이행)
2023002008,2023-01-10,여자,50 - 59세,부산광역시,국내온라인거래,코트,청약철회
2023002009,2023-01-10,여자,20 - 29세,인천광역시,국내온라인거래,신발세탁,계약불이행(불완전이행)
2023002010,2023-01-10,남자,50 - 59세,대구광역시,일반판매,점퍼·재킷류,품질(물품/용역)
2023002011,2023-01-10,여자,40 - 49세,경기도,국내온라인거래,점퍼·재킷류,품질(물품/용역)
2023002013,2023-01-10,여자,40 - 49세,충청남도,국내온라인거래,점퍼·재킷류,품질(물품/용역)
2023002014,2023-01-10,여자,60 - 64세,경기도,기타,정형외과,품질(물품/용역)
2023002015,2023-01-10,여자,70 - 79세,경기도,기타,내과,품질(물품/용역)
2023002016,2023-01-10,여자,20 - 29세,경기도,기타,기타병·의원서비스,품질(물품/용역)
2023002017,2023-01-10,남자,50 - 59세,부산광역시,모바일거래,모바일정보이용서비스,계약해제.해지/위약금
2023002018,2023-01-10,남자,20 - 29세,서울특별시,국내온라인거래,기타서적음반류,계약불이행(불완전이행)
2023002019,2023-01-10,여자,40 - 49세,경기도,일반판매,점퍼·재킷류,품질(물품/용역)
2023002020,2023-01-10,남자,40 - 49세,경기도,국내온라인거래,국외여행,계약해제.해지/위약금
2023002021,2023-01-10,남자,30 - 39세,경기도,국내온라인거래,스포츠웨어,계약해제.해지/위약금
2023002022,2023-01-10,남자,65 - 69세,서울특별시,일반판매,치과,품질(물품/용역)
2023002023,2023-01-10,남자,70 - 79세,서울특별시,일반판매,정형외과,품질(물품/용역)
2023002024,2023-01-10,남자,40 - 49세,서울특별시,국내온라인거래,인터넷정보이용서비스,약관
2023002025,2023-01-10,남자,50 - 59세,충청남도,일반판매,선어(생선),품질(물품/용역)
2023002026,2023-01-10,여자,50 - 59세,강원특별자치도,일반판매,필라테스,계약해제.해지/위약금
2023002027,2023-01-10,남자,30 - 39세,인천광역시,소셜커머스(쇼핑),기타재봉·세탁·청소용품,청약철회
2023002028,2023-01-10,남자,30 - 39세,서울특별시,국내온라인거래,점퍼·재킷류,청약철회
2023002029,2023-01-10,남자,60 - 64세,경기도,일반판매,전자담배,AS불만
2023002030,2023-01-10,남자,40 - 49세,강원특별자치도,TV홈쇼핑,레포츠장비대여(렌트),AS불만
2023002031,2023-01-10,남자,20 - 29세,전라남도,전화권유판매,인터넷정보이용서비스,계약해제.해지/위약금
2023002032,2023-01-10,여자,20 - 29세,서울특별시,일반판매,점퍼·재킷류,품질(물품/용역)
2023002033,2023-01-10,여자,40 - 49세,경기도,일반판매,티셔츠,청약철회
2023002034,2023-01-10,남자,30 - 39세,대구광역시,일반판매,봉지면,안전(제품/시설)
2023002035,2023-01-10,여자,40 - 49세,인천광역시,일반판매,메이크업강습,계약불이행(불완전이행)
2023002036,2023-01-10,남자,30 - 39세,경기도,국내온라인거래,운동화,계약불이행(불완전이행)
2023002037,2023-01-10,여자,30 - 39세,서울특별시,일반판매,헬스장,계약해제.해지/위약금
2023002038,2023-01-10,여자,30 - 39세,광주광역시,일반판매,국내결혼중개,계약불이행(불완전이행)
2023002040,2023-01-10,여자,40 - 49세,경기도,국내온라인거래,커피,계약해제.해지/위약금
2023002041,2023-01-10,남자,40 - 49세,경기도,국내온라인거래,노트북컴퓨터,AS불만
2023002042,2023-01-10,남자,20 - 29세,경상북도,국내온라인거래,모바일정보이용서비스,계약해제.해지/위약금
2023002043,2023-01-10,여자,10 - 19세,경기도,일반판매,독서실이용,계약해제.해지/위약금
2023002044,2023-01-10,여자,30 - 39세,서울특별시,기타통신판매,결혼준비대행서비스,청약철회
2023002045,2023-01-10,여자,40 - 49세,충청북도,일반판매,양복(서양식 의복)세탁,품질(물품/용역)
2023002046,2023-01-10,남자,20 - 29세,서울특별시,소셜커머스(쇼핑),소파,계약불이행(불완전이행)
2023002047,2023-01-10,여자,30 - 39세,충청북도,국내온라인거래,보석·귀금속,청약철회
2023002048,2023-01-10,남자,20 - 29세,경상남도,방문판매,헬스장,계약해제.해지/위약금
2023002049,2023-01-10,여자,40 - 49세,경기도,전화권유판매,기타사설강습서비스,계약해제.해지/위약금
2023002050,2023-01-10,여자,40 - 49세,경기도,국내온라인거래,점퍼·재킷류,청약철회
2023002051,2023-01-10,여자,50 - 59세,경기도,소셜커머스(쇼핑),커피,계약불이행(불완전이행)
2023002052,2023-01-10,여자,20 - 29세,서울특별시,기타,인터넷정보이용서비스,부당행위
2023002053,2023-01-10,여자,20 - 29세,경기도,기타,기타문화·오락시설이용,계약해제.해지/위약금
2023002054,2023-01-10,남자,40 - 49세,경기도,국내온라인거래,코트,품질(물품/용역)
2023002055,2023-01-10,여자,30 - 39세,경상북도,모바일거래,여성용내의류,표시.광고
2023002056,2023-01-10,여자,40 - 49세,대구광역시,일반판매,식탁,AS불만
2023002057,2023-01-10,여자,50 - 59세,경기도,일반판매,흉부외과,품질(물품/용역)
2023002058,2023-01-10,여자,30 - 39세,경기도,국내온라인거래,아동화,품질(물품/용역)
2023002059,2023-01-10,남자,65 - 69세,경기도,국내온라인거래,커피,청약철회
2023002060,2023-01-10,여자,60 - 64세,경상북도,국내온라인거래,기타일반화장품,청약철회
2023002061,2023-01-10,여자,30 - 39세,서울특별시,국내온라인거래,가습기,품질(물품/용역)
2023002062,2023-01-10,여자,30 - 39세,경기도,일반판매,기타이·미용서비스,청약철회
2023002063,2023-01-10,여자,40 - 49세,울산광역시,TV홈쇼핑,캐주얼바지,계약불이행(불완전이행)
2023002064,2023-01-10,남자,20 - 29세,서울특별시,일반판매,헬스장,계약해제.해지/위약금
2023002065,2023-01-10,여자,60 - 64세,인천광역시,모바일거래,화장품세트,계약불이행(불완전이행)
2023002066,2023-01-10,남자,30 - 39세,서울특별시,기타통신판매,호텔,계약불이행(불완전이행)
2023002067,2023-01-10,여자,65 - 69세,서울특별시,일반판매,점퍼·재킷류,품질(물품/용역)
2023002068,2023-01-10,여자,50 - 59세,인천광역시,일반판매,샌들·슬리퍼,품질(물품/용역)
2023002069,2023-01-10,남자,30 - 39세,서울특별시,국내온라인거래,카셰어링,청약철회
2023002070,2023-01-10,여자,50 - 59세,서울특별시,일반판매,정수기대여(렌트),계약불이행(불완전이행)
2023002071,2023-01-10,남자,30 - 39세,경기도,국내온라인거래,점퍼·재킷류,품질(물품/용역)
2023002072,2023-01-10,여자,40 - 49세,인천광역시,국내온라인거래,기타숙박시설,계약해제.해지/위약금
2023002074,2023-01-10,남자,20 - 29세,경상남도,기타통신판매,기타보건·위생용품,표시.광고
2023002075,2023-01-10,여자,40 - 49세,서울특별시,국내온라인거래,화장품세트,계약불이행(불완전이행)
2023002076,2023-01-10,남자,50 - 59세,경기도,방문판매,우유,가격.요금
2023002077,2023-01-10,여자,40 - 49세,대구광역시,일반판매,코트,품질(물품/용역)
2023002078,2023-01-10,여자,30 - 39세,부산광역시,일반판매,기타사설강습서비스,부당행위
2023002079,2023-01-10,남자,20 - 29세,충청남도,기타통신판매,초고속인터넷,계약불이행(불완전이행)
2023002080,2023-01-10,여자,60 - 64세,충청남도,일반판매,양복(서양식 의복)세탁,품질(물품/용역)
2023002081,2023-01-10,남자,50 - 59세,부산광역시,국내온라인거래,국외여행,계약해제.해지/위약금
2023002082,2023-01-10,여자,40 - 49세,서울특별시,기타통신판매,점퍼·재킷류,계약불이행(불완전이행)
2023002083,2023-01-10,여자,50 - 59세,경기도,일반판매,양복(서양식 의복)세탁,품질(물품/용역)
2023002084,2023-01-10,여자,40 - 49세,대전광역시,국내온라인거래,코트,계약불이행(불완전이행)
2023002085,2023-01-10,남자,30 - 39세,서울특별시,일반판매,헬스장,계약해제.해지/위약금
2023002086,2023-01-10,남자,50 - 59세,경기도,일반판매,양복(서양식 의복)세탁,품질(물품/용역)
2023002087,2023-01-10,여자,60 - 64세,대구광역시,일반판매,양복(서양식 의복)세탁,품질(물품/용역)
2023002088,2023-01-10,여자,40 - 49세,경기도,국내온라인거래,기타이·미용서비스,계약해제.해지/위약금
2023002089,2023-01-10,남자,65 - 69세,강원특별자치도,일반판매,화목보일러,AS불만
2023002090,2023-01-10,여자,30 - 39세,서울특별시,일반판매,양복(서양식 의복)세탁,품질(물품/용역)
2023002091,2023-01-10,여자,40 - 49세,전라북도,국내온라인거래,기타간편복,계약해제.해지/위약금
2023002092,2023-01-10,남자,50 - 59세,부산광역시,일반판매,숙녀화(구두·부츠 등),품질(물품/용역)
2023002093,2023-01-10,남자,80세이상,경기도,일반판매,기타인테리어설비,계약불이행(불완전이행)
2023002094,2023-01-10,남자,65 - 69세,경기도,일반판매,점퍼·재킷류,품질(물품/용역)
2023002095,2023-01-10,여자,30 - 39세,인천광역시,국내온라인거래,기타가방,계약불이행(불완전이행)
2023002096,2023-01-10,여자,40 - 49세,서울특별시,국내온라인거래,선박화물운송서비스,계약해제.해지/위약금
2023002097,2023-01-10,남자,30 - 39세,서울특별시,일반판매,신유형상품권,계약해제.해지/위약금
2023002098,2023-01-10,남자,50 - 59세,경상북도,소셜커머스(쇼핑),침대,청약철회
2023002099,2023-01-10,여자,40 - 49세,인천광역시,국내온라인거래,화장품세트,계약불이행(불완전이행)
2023002100,2023-01-10,남자,30 - 39세,서울특별시,방문판매,인터넷교육서비스,계약해제.해지/위약금
2023002101,2023-01-10,여자,30 - 39세,충청북도,소셜커머스(쇼핑),기타숙박시설,계약해제.해지/위약금
2023002102,2023-01-10,남자,40 - 49세,충청북도,일반판매,정수기대여(렌트),계약불이행(불완전이행)
2023002103,2023-01-10,여자,50 - 59세,서울특별시,소셜커머스(쇼핑),숙녀화(구두·부츠 등),품질(물품/용역)
2023002104,2023-01-10,여자,70 - 79세,서울특별시,일반판매,코트,품질(물품/용역)
2023002105,2023-01-10,남자,70 - 79세,울산광역시,일반판매,유사투자자문,계약해제.해지/위약금
2023002106,2023-01-10,여자,50 - 59세,서울특별시,일반판매,택시여객운송서비스,부당행위
2023002107,2023-01-10,남자,40 - 49세,서울특별시,일반판매,인터넷정보이용서비스,표시.광고
2023002108,2023-01-10,여자,30 - 39세,경기도,일반판매,공중목욕탕,품질(물품/용역)
2023002109,2023-01-10,남자,50 - 59세,서울특별시,일반판매,골프회원권,계약해제.해지/위약금
2023002110,2023-01-10,남자,30 - 39세,충청남도,국내온라인거래,코트,계약해제.해지/위약금
2023002111,2023-01-10,여자,30 - 39세,경상북도,일반판매,스노우체인,안전(제품/시설)
2023002112,2023-01-10,여자,30 - 39세,경기도,국내온라인거래,커피,계약불이행(불완전이행)
2023002114,2023-01-10,여자,30 - 39세,제주도,국내온라인거래,보석·귀금속,청약철회
2023002115,2023-01-10,남자,50 - 59세,경기도,국내온라인거래,기타미분류물품,청약철회
2023002116,2023-01-10,여자,30 - 39세,경기도,국내온라인거래,팬코일(이동식에어컨),계약불이행(불완전이행)
2023002118,2023-01-10,남자,30 - 39세,서울특별시,국내온라인거래,노트북컴퓨터,AS불만
2023002119,2023-01-10,남자,40 - 49세,경기도,일반판매,호텔,계약해제.해지/위약금
2023002120,2023-01-10,남자,30 - 39세,경기도,모바일거래,모바일정보이용서비스,계약해제.해지/위약금
2023002121,2023-01-10,여자,40 - 49세,서울특별시,일반판매,핸드백,품질(물품/용역)
2023002123,2023-01-10,여자,20 - 29세,경기도,일반판매,헬스장,계약해제.해지/위약금
2023002124,2023-01-10,여자,30 - 39세,서울특별시,일반판매,정수기대여(렌트),계약해제.해지/위약금
2023002125,2023-01-10,여자,40 - 49세,충청북도,국내온라인거래,레인지후드,계약불이행(불완전이행)
2023002126,2023-01-10,여자,30 - 39세,경기도,일반판매,정수기대여(렌트),품질(물품/용역)
2023002127,2023-01-10,여자,30 - 39세,서울특별시,국내온라인거래,핸드백,청약철회
2023002128,2023-01-10,남자,30 - 39세,서울특별시,일반판매,보온병,품질(물품/용역)
2023002130,2023-01-10,여자,65 - 69세,경기도,모바일거래,기타의류·섬유,계약불이행(불완전이행)
2023002131,2023-01-10,남자,30 - 39세,제주도,기타통신판매,타일,청약철회
2023002132,2023-01-10,여자,20 - 29세,인천광역시,모바일거래,인터넷교육서비스,계약해제.해지/위약금
2023002133,2023-01-10,남자,40 - 49세,대구광역시,모바일거래,신유형상품권,계약불이행(불완전이행)
2023002134,2023-01-10,남자,50 - 59세,경기도,방문판매,기타서적음반류,청약철회
2023002135,2023-01-10,여자,30 - 39세,서울특별시,일반판매,필라테스,계약해제.해지/위약금
2023002136,2023-01-10,여자,20 - 29세,서울특별시,국내온라인거래,기타의류·섬유,청약철회
2023002137,2023-01-10,여자,40 - 49세,서울특별시,일반판매,니트(스웨터),계약해제.해지/위약금
2023002138,2023-01-10,남자,20 - 29세,인천광역시,일반판매,헬스장,계약해제.해지/위약금
2023002139,2023-01-10,여자,20 - 29세,경기도,전화권유판매,모바일정보이용서비스,계약해제.해지/위약금
2023002140,2023-01-10,여자,20 - 29세,전라남도,일반판매,기타숙박시설,계약해제.해지/위약금
2023002141,2023-01-10,남자,30 - 39세,서울특별시,일반판매,헬스장,계약해제.해지/위약금
2023002143,2023-01-10,남자,50 - 59세,경기도,국내온라인거래,이동전화서비스,청약철회
2023002144,2023-01-10,여자,40 - 49세,서울특별시,일반판매,인터넷교육서비스,계약해제.해지/위약금
2023002145,2023-01-10,여자,20 - 29세,서울특별시,국내온라인거래,유아용교재,청약철회
2023002146,2023-01-10,남자,50 - 59세,경기도,일반판매,외피용약,품질(물품/용역)
2023002147,2023-01-10,여자,20 - 29세,서울특별시,일반판매,미용서비스,계약불이행(불완전이행)
2023002201,2023-01-10,여자,50 - 59세,경기도,기타,"OTT서비스(넷플릭스,왓챠 등)",청약철회
2023002202,2023-01-10,여자,20 - 29세,경기도,일반판매,미용서비스,품질(물품/용역)
2023002203,2023-01-10,남자,40 - 49세,서울특별시,국제온라인거래,항공여객운송서비스,계약불이행(불완전이행)
2023002204,2023-01-10,남자,20 - 29세,울산광역시,기타,기타정보이용서비스,청약철회
2023002205,2023-01-10,남자,30 - 39세,대구광역시,기타,모바일게임서비스,청약철회
2023002206,2023-01-10,여자,60 - 64세,충청남도,기타,헬스장,계약해제.해지/위약금
2023002207,2023-01-10,남자,30 - 39세,경기도,전화권유판매,기타건강식품,청약철회
2023002208,2023-01-10,여자,10 - 19세,대전광역시,국내온라인거래,사진촬영,계약불이행(불완전이행)
2023002209,2023-01-10,남자,40 - 49세,경기도,일반판매,정수기대여(렌트),품질(물품/용역)
2023002210,2023-01-10,남자,40 - 49세,경기도,국내온라인거래,가구세트,표시.광고
2023002211,2023-01-10,여자,30 - 39세,경기도,소셜커머스(쇼핑),니트(스웨터),부당행위
2023002212,2023-01-10,남자,30 - 39세,경기도,국제온라인거래,코트,청약철회
2023002213,2023-01-10,여자,40 - 49세,경기도,국내온라인거래,국내캠프,계약불이행(불완전이행)
2023002214,2023-01-10,여자,40 - 49세,대구광역시,국내온라인거래,TV,청약철회
2023002215,2023-01-10,남자,30 - 39세,인천광역시,방문판매,결혼준비대행서비스,계약해제.해지/위약금
2023002216,2023-01-10,남자,50 - 59세,경상남도,소셜커머스(쇼핑),커피,청약철회
2023002217,2023-01-10,여자,30 - 39세,서울특별시,일반판매,보석·귀금속,청약철회
2023002218,2023-01-10,남자,40 - 49세,부산광역시,일반판매,애완견,계약해제.해지/위약금
2023002219,2023-01-10,여자,50 - 59세,대구광역시,TV홈쇼핑,헤어드라이어,청약철회
2023002220,2023-01-10,여자,20 - 29세,전라남도,국내온라인거래,벽지·바닥재,계약해제.해지/위약금
2023002221,2023-01-10,여자,30 - 39세,서울특별시,기타통신판매,헤드폰·이어폰,AS불만
2023002222,2023-01-10,여자,30 - 39세,서울특별시,국내온라인거래,국외여행,계약해제.해지/위약금
2023002223,2023-01-10,남자,30 - 39세,경기도,기타,헬스장,계약해제.해지/위약금
2023002224,2023-01-10,남자,20 - 29세,인천광역시,국내온라인거래,망원경,계약불이행(불완전이행)
2023002225,2023-01-10,여자,40 - 49세,강원특별자치도,기타,기타인테리어설비,AS불만
2023002226,2023-01-10,여자,30 - 39세,인천광역시,일반판매,기타사설강습서비스,표시.광고
2023002227,2023-01-10,여자,70 - 79세,경기도,기타,묘지설비,계약해제.해지/위약금
2023002228,2023-01-10,여자,30 - 39세,부산광역시,국내온라인거래,애완동·식물용품,표시.광고
2023002229,2023-01-10,여자,30 - 39세,인천광역시,기타,여행용가방,품질(물품/용역)
2023002230,2023-01-10,여자,30 - 39세,서울특별시,일반판매,미용서비스,품질(물품/용역)
2023002231,2023-01-10,여자,60 - 64세,경상남도,국내온라인거래,커피세트,청약철회
2023002232,2023-01-10,남자,20 - 29세,서울특별시,기타통신판매,컴퓨터수리,청약철회
2023002233,2023-01-10,남자,30 - 39세,서울특별시,방문판매,테니스장스쿼시회원권,계약해제.해지/위약금
2023002234,2023-01-10,남자,50 - 59세,경기도,모바일거래,영화관람,계약해제.해지/위약금
2023002235,2023-01-10,여자,40 - 49세,경기도,기타,양복(서양식 의복)세탁,안전(제품/시설)
2023002236,2023-01-10,남자,30 - 39세,경기도,방문판매,건물청소서비스,계약불이행(불완전이행)
2023002237,2023-01-10,여자,20 - 29세,서울특별시,소셜커머스(쇼핑),운동화,청약철회
2023002238,2023-01-10,여자,30 - 39세,부산광역시,일반판매,화장품세트,계약불이행(불완전이행)
2023002239,2023-01-10,여자,20 - 29세,서울특별시,일반판매,필라테스,계약해제.해지/위약금
2023002240,2023-01-10,남자,30 - 39세,경상북도,방문판매,국내결혼중개,계약해제.해지/위약금
2023002241,2023-01-10,여자,30 - 39세,서울특별시,일반판매,골프회원권,계약해제.해지/위약금
2023002242,2023-01-10,남자,30 - 39세,인천광역시,전화권유판매,이동전화서비스,가격.요금
2023002243,2023-01-10,남자,20 - 29세,경기도,일반판매,보석·귀금속,계약불이행(불완전이행)
2023002244,2023-01-10,여자,40 - 49세,서울특별시,기타,기타일반화장품,청약철회
2023002245,2023-01-10,여자,50 - 59세,서울특별시,국내온라인거래,노트북컴퓨터,품질(물품/용역)
2023002246,2023-01-10,남자,50 - 59세,광주광역시,일반판매,국외여행,계약불이행(불완전이행)
2023002247,2023-01-10,남자,40 - 49세,광주광역시,모바일거래,기타숙박시설,계약불이행(불완전이행)
2023002248,2023-01-10,남자,30 - 39세,경기도,국내온라인거래,점퍼·재킷류,청약철회
2023002249,2023-01-10,남자,40 - 49세,서울특별시,국내온라인거래,가스보일러,품질(물품/용역)
2023002250,2023-01-10,여자,20 - 29세,경기도,방문판매,미용서비스,계약불이행(불완전이행)
2023002251,2023-01-10,남자,20 - 29세,경기도,방문판매,헬스장,계약해제.해지/위약금
2023002252,2023-01-10,남자,40 - 49세,인천광역시,기타통신판매,이동전화서비스,계약불이행(불완전이행)
2023002253,2023-01-10,남자,20 - 29세,경기도,일반판매,헬스장,계약해제.해지/위약금
2023002254,2023-01-10,남자,40 - 49세,경기도,국내온라인거래,스마트폰,부당행위
2023002255,2023-01-10,여자,50 - 59세,서울특별시,일반판매,헬스장,계약해제.해지/위약금
2023002256,2023-01-10,남자,40 - 49세,경기도,방문판매,예식서비스,계약해제.해지/위약금
2023002257,2023-01-10,여자,30 - 39세,경상남도,기타통신판매,인터넷교육서비스,계약해제.해지/위약금
2023002258,2023-01-10,여자,20 - 29세,강원특별자치도,일반판매,헬스장,계약해제.해지/위약금
2023002259,2023-01-10,여자,40 - 49세,경상북도,국내온라인거래,화장품세트,청약철회
2023002260,2023-01-10,여자,40 - 49세,서울특별시,기타,전기장판,품질(물품/용역)
2023002261,2023-01-10,여자,30 - 39세,울산광역시,소셜커머스(쇼핑),기타가방,품질(물품/용역)
2023002262,2023-01-10,남자,30 - 39세,서울특별시,일반판매,헬스장,계약해제.해지/위약금
2023002263,2023-01-10,여자,60 - 64세,경상남도,국내온라인거래,커피,청약철회
2023002264,2023-01-10,여자,50 - 59세,서울특별시,국내온라인거래,식기세척기,품질(물품/용역)
2023002265,2023-01-10,여자,50 - 59세,서울특별시,국내온라인거래,영양크림류,거래관행
2023002266,2023-01-10,여자,40 - 49세,경상남도,국내온라인거래,거울,안전(제품/시설)
2023002267,2023-01-10,남자,30 - 39세,부산광역시,일반판매,헬스장,계약해제.해지/위약금
2023002268,2023-01-10,여자,30 - 39세,충청남도,방문판매,기타매체광고,계약해제.해지/위약금
2023002269,2023-01-10,남자,40 - 49세,경기도,일반판매,휠,품질(물품/용역)
2023002270,2023-01-10,남자,20 - 29세,경기도,방문판매,기타사무용품,계약불이행(불완전이행)
2023002271,2023-01-10,여자,30 - 39세,경기도,국내온라인거래,각종공연관람,계약해제.해지/위약금
2023002272,2023-01-10,남자,30 - 39세,강원특별자치도,기타,기타빵·과자류,청약철회
2023002273,2023-01-10,여자,20 - 29세,서울특별시,일반판매,일반강습(입시학원등),계약해제.해지/위약금
2023002274,2023-01-10,여자,40 - 49세,경기도,일반판매,애완고양이,계약불이행(불완전이행)
2023002275,2023-01-10,여자,20 - 29세,부산광역시,일반판매,예식서비스,계약불이행(불완전이행)
2023002276,2023-01-11,여자,70 - 79세,대전광역시,전화권유판매,유사투자자문,계약해제.해지/위약금
2023002277,2023-01-11,남자,30 - 39세,서울특별시,일반판매,자동차주차장,계약해제.해지/위약금
2023002278,2023-01-11,여자,40 - 49세,경기도,기타,성형외과,품질(물품/용역)
2023002279,2023-01-11,남자,40 - 49세,서울특별시,기타,하수도위생서비스,품질(물품/용역)
2023002281,2023-01-11,남자,70 - 79세,서울특별시,일반판매,치과,품질(물품/용역)
2023002282,2023-01-11,남자,60 - 64세,경기도,일반판매,정형외과,품질(물품/용역)
2023002283,2023-01-11,남자,불명,서울특별시,일반판매,기타세탁서비스,청약철회
2023002284,2023-01-11,여자,30 - 39세,서울특별시,국내온라인거래,항공여객운송서비스,청약철회
2023002285,2023-01-11,남자,40 - 49세,경기도,국내온라인거래,호텔,계약해제.해지/위약금
2023002286,2023-01-11,여자,40 - 49세,서울특별시,일반판매,식기세척기,품질(물품/용역)
2023002287,2023-01-11,여자,불명,서울특별시,전화권유판매,모바일정보이용서비스,계약해제.해지/위약금
2023002289,2023-01-11,여자,20 - 29세,충청남도,국내온라인거래,기타숙박시설,계약해제.해지/위약금
2023002290,2023-01-11,여자,50 - 59세,서울특별시,국내온라인거래,전기진공청소기,품질(물품/용역)
2023002291,2023-01-11,여자,40 - 49세,경기도,국내온라인거래,전기보온밥솥,품질(물품/용역)
2023002292,2023-01-11,여자,50 - 59세,부산광역시,일반판매,필라테스,계약해제.해지/위약금
2023002293,2023-01-11,남자,40 - 49세,인천광역시,기타,상품권,계약해제.해지/위약금
2023002294,2023-01-11,남자,40 - 49세,경기도,기타통신판매,포장이사운송서비스,부당행위
2023002295,2023-01-11,여자,40 - 49세,대구광역시,전화권유판매,모바일정보이용서비스,계약불이행(불완전이행)
2023002296,2023-01-11,남자,40 - 49세,경기도,일반판매,하수도위생서비스,거래관행
2023002297,2023-01-11,남자,불명,서울특별시,전화권유판매,유사투자자문,계약불이행(불완전이행)
2023002298,2023-01-11,여자,40 - 49세,대구광역시,일반판매,모바일정보이용서비스,계약불이행(불완전이행)
2023002299,2023-01-11,남자,30 - 39세,경기도,국내온라인거래,기타조명기기,청약철회
2023002300,2023-01-11,남자,50 - 59세,충청남도,일반판매,외과,품질(물품/용역)
2023002302,2023-01-11,여자,40 - 49세,광주광역시,일반판매,필라테스,단순문의.상담
2023002303,2023-01-11,남자,30 - 39세,경기도,일반판매,중형승용자동차,품질(물품/용역)
2023002304,2023-01-11,여자,50 - 59세,강원특별자치도,일반판매,냉장고,품질(물품/용역)
2023002305,2023-01-11,여자,50 - 59세,서울특별시,국내온라인거래,기타의류·섬유,계약불이행(불완전이행)
2023002306,2023-01-11,남자,40 - 49세,인천광역시,일반판매,기타사설강습서비스,표시.광고
2023002307,2023-01-11,여자,20 - 29세,서울특별시,일반판매,운전강습,계약해제.해지/위약금
2023002308,2023-01-11,여자,30 - 39세,서울특별시,모바일거래,사진촬영,계약해제.해지/위약금
2023002309,2023-01-11,여자,20 - 29세,인천광역시,국내온라인거래,전기진공청소기,AS불만
2023002310,2023-01-11,여자,60 - 64세,서울특별시,일반판매,건강(암·기타질병)보험,약관
2023002311,2023-01-11,남자,50 - 59세,서울특별시,일반판매,대형승용자동차,계약불이행(불완전이행)
2023002312,2023-01-11,여자,30 - 39세,경기도,국내온라인거래,기타일반화장품,품질(물품/용역)
2023002313,2023-01-11,여자,50 - 59세,인천광역시,일반판매,가구세트,계약해제.해지/위약금
2023002314,2023-01-11,여자,30 - 39세,인천광역시,기타통신판매,스마트폰,청약철회
2023002315,2023-01-11,남자,65 - 69세,서울특별시,전화권유판매,유사투자자문,계약해제.해지/위약금
2023002316,2023-01-11,남자,40 - 49세,인천광역시,일반판매,헬스장,계약해제.해지/위약금
2023002317,2023-01-11,여자,65 - 69세,서울특별시,일반판매,실손보험,약관
2023002318,2023-01-11,여자,30 - 39세,서울특별시,일반판매,항공여객운송서비스,계약해제.해지/위약금
2023002319,2023-01-11,여자,20 - 29세,서울특별시,국내온라인거래,기타수선·염색서비스,AS불만
2023002320,2023-01-11,남자,30 - 39세,서울특별시,국내온라인거래,베개,표시.광고
2023002321,2023-01-11,여자,40 - 49세,인천광역시,일반판매,실손보험,약관
2023002322,2023-01-11,남자,50 - 59세,경상북도,일반판매,중고자동차중개·매매,표시.광고
2023002323,2023-01-11,여자,30 - 39세,서울특별시,국내온라인거래,기타문화용품,청약철회
2023002324,2023-01-11,남자,65 - 69세,경기도,국내온라인거래,점퍼·재킷류,계약불이행(불완전이행)
2023002325,2023-01-11,남자,40 - 49세,부산광역시,기타통신판매,유사투자자문,계약해제.해지/위약금
2023002326,2023-01-11,남자,50 - 59세,인천광역시,기타,인터넷교육서비스,품질(물품/용역)
2023002327,2023-01-11,여자,50 - 59세,경기도,국내온라인거래,화장품세트,계약불이행(불완전이행)
2023002328,2023-01-11,여자,20 - 29세,충청남도,전화권유판매,인터넷정보이용서비스,계약불이행(불완전이행)
2023002329,2023-01-11,여자,40 - 49세,경기도,국내온라인거래,유아용피복품,청약철회
2023002330,2023-01-11,여자,30 - 39세,서울특별시,국내온라인거래,기타의류·섬유,계약해제.해지/위약금
2023002331,2023-01-11,남자,70 - 79세,경기도,방문판매,오피스텔,청약철회
2023002333,2023-01-11,남자,50 - 59세,제주도,국내온라인거래,스포츠웨어,계약불이행(불완전이행)
2023002334,2023-01-11,남자,30 - 39세,대구광역시,소셜커머스(쇼핑),기타신발·용품,계약해제.해지/위약금
2023002335,2023-01-11,여자,40 - 49세,대구광역시,일반판매,기타신발·용품,계약해제.해지/위약금
2023002336,2023-01-11,여자,60 - 64세,서울특별시,국내온라인거래,점퍼·재킷류,품질(물품/용역)
2023002337,2023-01-11,남자,50 - 59세,서울특별시,일반판매,포장이사운송서비스,계약불이행(불완전이행)
2023002338,2023-01-11,남자,30 - 39세,서울특별시,국내온라인거래,티셔츠,가격.요금
2023002339,2023-01-11,여자,30 - 39세,광주광역시,국내온라인거래,모형완구,청약철회
2023002341,2023-01-11,여자,50 - 59세,부산광역시,소셜커머스(쇼핑),전기자전거,품질(물품/용역)
2023002342,2023-01-11,남자,50 - 59세,전라북도,국내온라인거래,기타자동차용품,청약철회
2023002343,2023-01-11,여자,40 - 49세,부산광역시,일반판매,필라테스,계약해제.해지/위약금
2023002344,2023-01-11,여자,40 - 49세,경기도,전화권유판매,유사투자자문,계약불이행(불완전이행)
2023002345,2023-01-11,여자,30 - 39세,부산광역시,일반판매,보석·귀금속,계약해제.해지/위약금
2023002347,2023-01-11,남자,30 - 39세,경기도,일반판매,애완견,계약해제.해지/위약금
2023002348,2023-01-11,여자,40 - 49세,광주광역시,기타,신유형상품권,약관
2023002349,2023-01-11,남자,40 - 49세,경기도,전화권유판매,유사투자자문,계약불이행(불완전이행)
2023002350,2023-01-11,여자,30 - 39세,충청북도,일반판매,기타목욕서비스,계약불이행(불완전이행)
2023002351,2023-01-11,여자,30 - 39세,경기도,기타통신판매,신유형상품권,계약불이행(불완전이행)
2023002352,2023-01-11,남자,30 - 39세,서울특별시,국내온라인거래,책장·서가,품질(물품/용역)
2023002353,2023-01-11,남자,60 - 64세,서울특별시,국내온라인거래,운동화,품질(물품/용역)
2023002354,2023-01-11,여자,40 - 49세,대전광역시,소셜커머스(쇼핑),국외여행,표시.광고
2023002355,2023-01-11,여자,20 - 29세,서울특별시,기타통신판매,외국어강습,계약해제.해지/위약금
2023002356,2023-01-11,남자,40 - 49세,서울특별시,기타,국내결혼중개,계약불이행(불완전이행)
2023002357,2023-01-11,여자,30 - 39세,부산광역시,일반판매,가스보일러,AS불만
2023002358,2023-01-11,남자,30 - 39세,서울특별시,일반판매,도시가스,품질(물품/용역)
2023002359,2023-01-11,남자,30 - 39세,경기도,방문판매,실손보험,부당행위
2023002360,2023-01-11,여자,30 - 39세,대전광역시,기타,제조물·생산및영업배상보험,계약불이행(불완전이행)
2023002361,2023-01-11,여자,30 - 39세,인천광역시,국내온라인거래,가습기,품질(물품/용역)
2023002362,2023-01-11,여자,50 - 59세,광주광역시,일반판매,건강(암·기타질병)보험,부당행위
2023002364,2023-01-11,여자,30 - 39세,서울특별시,기타,스피커,품질(물품/용역)
2023002365,2023-01-11,여자,40 - 49세,전라북도,일반판매,사진촬영,계약해제.해지/위약금
2023002366,2023-01-11,여자,65 - 69세,경기도,일반판매,점퍼·재킷류,품질(물품/용역)
2023002367,2023-01-11,남자,65 - 69세,경기도,국내온라인거래,TV,AS불만
2023002368,2023-01-11,여자,20 - 29세,광주광역시,일반판매,펜션,계약해제.해지/위약금
2023002369,2023-01-11,남자,20 - 29세,서울특별시,일반판매,외식,품질(물품/용역)
2023002370,2023-01-11,남자,70 - 79세,대전광역시,방문판매,기타미분류서비스,계약해제.해지/위약금
2023002371,2023-01-11,남자,30 - 39세,경기도,일반판매,스마트폰,AS불만
2023002372,2023-01-11,여자,30 - 39세,울산광역시,국내온라인거래,신유형상품권,품질(물품/용역)
2023002373,2023-01-11,여자,40 - 49세,경상남도,일반판매,캐주얼바지,품질(물품/용역)
2023002374,2023-01-11,여자,50 - 59세,대구광역시,국내온라인거래,인터넷교육서비스,부당행위
2023002375,2023-01-11,남자,40 - 49세,전라북도,전화권유판매,유사투자자문,계약해제.해지/위약금
2023002376,2023-01-11,남자,30 - 39세,경기도,국내온라인거래,냉장고,표시.광고
2023002378,2023-01-11,남자,65 - 69세,서울특별시,일반판매,점퍼·재킷류,품질(물품/용역)
2023002379,2023-01-11,남자,20 - 29세,경기도,일반판매,변호서비스,계약해제.해지/위약금
2023002380,2023-01-11,여자,50 - 59세,충청북도,기타통신판매,유사투자자문,계약해제.해지/위약금
2023002383,2023-01-11,여자,60 - 64세,경기도,일반판매,전기세탁기,품질(물품/용역)
2023002384,2023-01-11,남자,20 - 29세,대전광역시,국내온라인거래,전기충전기,품질(물품/용역)
2023002385,2023-01-11,여자,30 - 39세,서울특별시,기타통신판매,반포장이사운송서비스,계약불이행(불완전이행)
2023002386,2023-01-11,남자,50 - 59세,경상남도,전화권유판매,유사투자자문,계약해제.해지/위약금
2023002387,2023-01-11,여자,50 - 59세,경상북도,일반판매,건강(암·기타질병)보험,약관
2023002388,2023-01-11,남자,30 - 39세,인천광역시,국내온라인거래,전기요,품질(물품/용역)
2023002389,2023-01-11,여자,30 - 39세,인천광역시,일반판매,양복(서양식 의복)세탁,품질(물품/용역)
2023002391,2023-01-11,여자,40 - 49세,경상북도,일반판매,의류수선,계약불이행(불완전이행)
2023002392,2023-01-11,남자,30 - 39세,부산광역시,일반판매,이동전화서비스,계약불이행(불완전이행)
2023002393,2023-01-11,여자,70 - 79세,부산광역시,국내온라인거래,영화관람,계약불이행(불완전이행)
2023002394,2023-01-11,여자,40 - 49세,부산광역시,모바일거래,운동화,품질(물품/용역)
2023002395,2023-01-11,남자,40 - 49세,광주광역시,일반판매,방문교육,계약해제.해지/위약금
2023002396,2023-01-11,여자,20 - 29세,경기도,일반판매,포장이사운송서비스,계약불이행(불완전이행)
2023002398,2023-01-11,남자,40 - 49세,서울특별시,국내온라인거래,자동차대여(렌트),부당행위
2023002399,2023-01-11,여자,50 - 59세,서울특별시,일반판매,운동화,품질(물품/용역)
2023002400,2023-01-11,남자,40 - 49세,부산광역시,전화권유판매,인터넷정보이용서비스,계약불이행(불완전이행)
2023002401,2023-01-11,남자,40 - 49세,경상북도,일반판매,기타어패류·어패류가공식품,품질(물품/용역)
2023002402,2023-01-11,남자,30 - 39세,경기도,일반판매,미용서비스,품질(물품/용역)
2023002403,2023-01-11,남자,50 - 59세,서울특별시,국내온라인거래,항공여객운송서비스,계약불이행(불완전이행)
2023002404,2023-01-11,남자,50 - 59세,경기도,일반판매,대형승용자동차,품질(물품/용역)
2023002406,2023-01-11,남자,60 - 64세,서울특별시,일반판매,식탁,계약불이행(불완전이행)
2023002407,2023-01-11,여자,20 - 29세,세종특별자치시,일반판매,종합체육시설회원권,계약해제.해지/위약금
2023002408,2023-01-11,여자,60 - 64세,울산광역시,일반판매,벨트,품질(물품/용역)
2023002410,2023-01-11,여자,65 - 69세,대구광역시,전화권유판매,유사투자자문,계약해제.해지/위약금
2023002411,2023-01-11,남자,20 - 29세,경기도,모바일거래,헬스장,계약해제.해지/위약금
2023002412,2023-01-11,남자,50 - 59세,전라남도,기타통신판매,인터넷정보이용서비스,계약해제.해지/위약금
2023002413,2023-01-11,남자,50 - 59세,경기도,전화권유판매,유사투자자문,계약해제.해지/위약금
2023002414,2023-01-11,여자,40 - 49세,인천광역시,일반판매,기타숙박시설,품질(물품/용역)
2023002415,2023-01-11,남자,70 - 79세,서울특별시,일반판매,캐주얼바지,품질(물품/용역)
2023002416,2023-01-11,여자,50 - 59세,서울특별시,일반판매,운동화,품질(물품/용역)
2023002417,2023-01-11,남자,40 - 49세,경기도,전화권유판매,유사투자자문,계약해제.해지/위약금
2023002418,2023-01-11,여자,30 - 39세,인천광역시,국내온라인거래,티셔츠,품질(물품/용역)
2023002420,2023-01-11,여자,40 - 49세,경상남도,국내온라인거래,점퍼·재킷류,청약철회
2023002421,2023-01-11,여자,20 - 29세,경기도,일반판매,헬스장,계약해제.해지/위약금
2023002423,2023-01-11,여자,50 - 59세,부산광역시,국내온라인거래,티셔츠,계약불이행(불완전이행)
2023002425,2023-01-11,여자,20 - 29세,서울특별시,일반판매,이동전화서비스,계약불이행(불완전이행)
2023002426,2023-01-11,여자,50 - 59세,경기도,기타,국내결혼중개,계약불이행(불완전이행)
2023002427,2023-01-11,여자,50 - 59세,서울특별시,일반판매,이동전화서비스,계약불이행(불완전이행)
2023002428,2023-01-11,여자,20 - 29세,서울특별시,국내온라인거래,블라우스,청약철회
2023002429,2023-01-11,여자,60 - 64세,전라북도,일반판매,운동화,품질(물품/용역)
2023002430,2023-01-11,남자,40 - 49세,경기도,일반판매,기타여행,청약철회
2023002431,2023-01-11,남자,40 - 49세,전라북도,기타,내과,품질(물품/용역)
2023002432,2023-01-11,남자,40 - 49세,전라북도,기타,내과,품질(물품/용역)
2023002433,2023-01-11,남자,40 - 49세,경상남도,일반판매,기타가방,품질(물품/용역)
2023002434,2023-01-11,여자,40 - 49세,경기도,국내온라인거래,점퍼·재킷류,품질(물품/용역)
2023002436,2023-01-11,남자,30 - 39세,서울특별시,일반판매,자동차대여(렌트),계약불이행(불완전이행)
2023002437,2023-01-11,남자,20 - 29세,충청남도,국내온라인거래,전기세탁기,계약불이행(불완전이행)
2023002438,2023-01-11,여자,불명,경상북도,전화권유판매,유사투자자문,계약불이행(불완전이행)
2023002439,2023-01-11,남자,60 - 64세,경기도,일반판매,김치,안전(제품/시설)
2023002440,2023-01-11,여자,40 - 49세,경기도,국내온라인거래,이불·요,품질(물품/용역)
2023002441,2023-01-11,남자,40 - 49세,서울특별시,기타통신판매,정수기대여(렌트),청약철회
2023002442,2023-01-11,남자,40 - 49세,충청남도,전화권유판매,기타매체광고,계약해제.해지/위약금
2023002443,2023-01-11,여자,50 - 59세,전라북도,일반판매,기타이·미용서비스,계약해제.해지/위약금
2023002444,2023-01-11,남자,40 - 49세,서울특별시,국내온라인거래,전동킥보드,청약철회
2023002446,2023-01-11,여자,50 - 59세,서울특별시,일반판매,신발세탁,계약불이행(불완전이행)
2023002448,2023-01-11,남자,불명,충청남도,전화권유판매,유사투자자문,계약해제.해지/위약금
2023002449,2023-01-11,여자,40 - 49세,충청남도,국내온라인거래,기타의류·섬유,청약철회
2023002450,2023-01-11,남자,20 - 29세,광주광역시,일반판매,헬스장,계약해제.해지/위약금
2023002452,2023-01-11,남자,30 - 39세,경상남도,소셜커머스(쇼핑),운동화,청약철회
2023002453,2023-01-11,여자,50 - 59세,경기도,국내온라인거래,각종공연관람,계약해제.해지/위약금
2023002454,2023-01-11,남자,40 - 49세,대전광역시,기타통신판매,휴대폰(2G),품질(물품/용역)
2023002455,2023-01-11,여자,30 - 39세,인천광역시,국내온라인거래,식탁,표시.광고
2023002456,2023-01-11,남자,20 - 29세,강원특별자치도,국내온라인거래,항공여객운송서비스,계약불이행(불완전이행)
2023002457,2023-01-11,여자,30 - 39세,서울특별시,기타,숙녀복상의,청약철회
2023002458,2023-01-11,여자,40 - 49세,서울특별시,소셜커머스(쇼핑),헤드폰·이어폰,품질(물품/용역)
2023002459,2023-01-11,여자,20 - 29세,서울특별시,국내온라인거래,기타미분류서비스,계약해제.해지/위약금
2023002460,2023-01-11,남자,20 - 29세,경기도,국내온라인거래,헤드폰·이어폰,청약철회
2023002461,2023-01-11,여자,30 - 39세,경기도,일반판매,필라테스,계약해제.해지/위약금
2023002462,2023-01-11,여자,30 - 39세,대전광역시,소셜커머스(쇼핑),기타의류·섬유,계약불이행(불완전이행)
2023002463,2023-01-11,남자,10 - 19세,서울특별시,방문판매,기타문화·오락시설이용,안전(제품/시설)
2023002464,2023-01-11,남자,50 - 59세,강원특별자치도,국내온라인거래,쌀,품질(물품/용역)
2023002465,2023-01-11,남자,50 - 59세,서울특별시,기타,스마트폰,AS불만
2023002466,2023-01-11,여자,30 - 39세,서울특별시,국내온라인거래,기타숙박시설,계약불이행(불완전이행)
2023002467,2023-01-11,여자,30 - 39세,서울특별시,기타통신판매,여성용내의류,청약철회
2023002469,2023-01-11,여자,30 - 39세,인천광역시,국제온라인거래,호텔,가격.요금
2023002470,2023-01-11,남자,40 - 49세,서울특별시,TV홈쇼핑,기타건강식품,청약철회
2023002471,2023-01-11,여자,30 - 39세,경상남도,국내온라인거래,국외여행,계약해제.해지/위약금
2023002472,2023-01-11,여자,20 - 29세,세종특별자치시,기타,기타부동산임대차,부당채권추심
2023002473,2023-01-11,여자,20 - 29세,서울특별시,일반판매,기타사설강습서비스,계약해제.해지/위약금
2023002474,2023-01-11,여자,20 - 29세,서울특별시,기타,필라테스,계약해제.해지/위약금
2023002475,2023-01-11,남자,50 - 59세,서울특별시,국내온라인거래,택배화물운송서비스,계약해제.해지/위약금
2023002476,2023-01-11,여자,30 - 39세,인천광역시,모바일거래,국외여행,계약해제.해지/위약금
2023002477,2023-01-11,여자,30 - 39세,서울특별시,일반판매,결혼준비대행서비스,계약해제.해지/위약금
2023002478,2023-01-11,남자,30 - 39세,울산광역시,기타통신판매,IPTV,계약불이행(불완전이행)
2023002479,2023-01-11,여자,20 - 29세,전라남도,기타통신판매,모바일정보이용서비스,계약해제.해지/위약금
2023002480,2023-01-11,남자,50 - 59세,대구광역시,국내온라인거래,카메라,청약철회
2023002481,2023-01-11,여자,20 - 29세,서울특별시,전화권유판매,기타정보이용서비스,계약해제.해지/위약금
2023002482,2023-01-11,여자,40 - 49세,경기도,방문판매,소프트웨어,계약해제.해지/위약금
2023002483,2023-01-11,여자,30 - 39세,서울특별시,방문판매,요가,계약해제.해지/위약금
2023002484,2023-01-11,여자,20 - 29세,서울특별시,국내온라인거래,셔츠,청약철회
2023002485,2023-01-11,여자,30 - 39세,서울특별시,기타,보석·귀금속,청약철회
2023002486,2023-01-11,여자,30 - 39세,경기도,국내온라인거래,물호스,품질(물품/용역)
2023002488,2023-01-11,남자,20 - 29세,경상남도,국내온라인거래,시계,청약철회
2023002489,2023-01-11,남자,50 - 59세,강원특별자치도,일반판매,외식,품질(물품/용역)
2023002490,2023-01-11,여자,30 - 39세,경기도,국내온라인거래,이불·요,청약철회
2023002491,2023-01-11,여자,40 - 49세,서울특별시,소셜커머스(쇼핑),아동복,계약불이행(불완전이행)
2023002492,2023-01-11,여자,40 - 49세,서울특별시,기타,항공여객운송서비스,표시.광고
2023002493,2023-01-11,남자,40 - 49세,서울특별시,국내온라인거래,점퍼·재킷류,청약철회
2023002494,2023-01-11,여자,20 - 29세,서울특별시,일반판매,필라테스,계약해제.해지/위약금
2023002495,2023-01-11,남자,30 - 39세,서울특별시,일반판매,기타교재,계약불이행(불완전이행)
2023002496,2023-01-11,남자,30 - 39세,서울특별시,국내온라인거래,항공여객운송서비스,청약철회
2023002497,2023-01-11,여자,20 - 29세,전라남도,국내온라인거래,인터넷교육서비스,계약해제.해지/위약금
2023002498,2023-01-11,여자,30 - 39세,서울특별시,국내온라인거래,국외여행,계약해제.해지/위약금
2023002499,2023-01-11,여자,30 - 39세,서울특별시,모바일거래,철도여객운송서비스,계약불이행(불완전이행)
2023002500,2023-01-11,여자,30 - 39세,경기도,기타통신판매,꽃·화초·화환,계약불이행(불완전이행)
2023002501,2023-01-11,남자,30 - 39세,서울특별시,방문판매,헬스장,계약해제.해지/위약금
2023002502,2023-01-11,남자,40 - 49세,경기도,기타,노트북컴퓨터,품질(물품/용역)
2023002503,2023-01-11,여자,20 - 29세,서울특별시,기타통신판매,모자,청약철회
2023002504,2023-01-11,남자,40 - 49세,서울특별시,국내온라인거래,전기장판,청약철회
2023002505,2023-01-11,여자,30 - 39세,인천광역시,방문판매,기타이·미용서비스,계약해제.해지/위약금
2023002506,2023-01-11,여자,40 - 49세,서울특별시,기타,기타가방,청약철회
2023002507,2023-01-11,여자,50 - 59세,인천광역시,전화권유판매,기타건강식품,청약철회
2023002508,2023-01-11,여자,30 - 39세,경상북도,국내온라인거래,아동용내의류,청약철회
2023002509,2023-01-11,남자,20 - 29세,서울특별시,일반판매,헬스장,계약해제.해지/위약금
2023002510,2023-01-11,남자,30 - 39세,서울특별시,국내온라인거래,기타신발·용품,청약철회
2023002511,2023-01-11,여자,20 - 29세,부산광역시,국내온라인거래,스포츠웨어,청약철회
2023002512,2023-01-11,남자,30 - 39세,서울특별시,국내온라인거래,전기진공청소기,AS불만
2023002513,2023-01-11,여자,20 - 29세,서울특별시,일반판매,항공여객운송서비스,청약철회
2023002514,2023-01-11,남자,20 - 29세,서울특별시,기타통신판매,이동전화서비스,가격.요금
2023002515,2023-01-11,남자,40 - 49세,서울특별시,일반판매,헬스장,계약해제.해지/위약금
2023002516,2023-01-11,여자,30 - 39세,경기도,모바일거래,가스스토브,계약불이행(불완전이행)
2023002517,2023-01-12,여자,30 - 39세,부산광역시,방문판매,방문교육,계약불이행(불완전이행)
2023002518,2023-01-12,여자,20 - 29세,세종특별자치시,국내온라인거래,의류수선,품질(물품/용역)
2023002519,2023-01-12,여자,40 - 49세,광주광역시,일반판매,소파,품질(물품/용역)
2023002520,2023-01-12,남자,30 - 39세,경기도,국내온라인거래,캐주얼바지,계약불이행(불완전이행)
2023002521,2023-01-12,여자,20 - 29세,충청남도,국내온라인거래,점퍼·재킷류,청약철회
2023002522,2023-01-12,남자,60 - 64세,충청북도,일반판매,캐주얼바지,품질(물품/용역)
2023002523,2023-01-12,남자,30 - 39세,부산광역시,국내온라인거래,자동차주차장,부당행위
2023002524,2023-01-12,여자,20 - 29세,서울특별시,일반판매,샴푸,품질(물품/용역)
2023002525,2023-01-12,남자,60 - 64세,부산광역시,일반판매,외식,부당행위
2023002526,2023-01-12,남자,40 - 49세,부산광역시,국내온라인거래,모형완구,계약해제.해지/위약금
2023002527,2023-01-12,남자,20 - 29세,제주도,국내온라인거래,점퍼·재킷류,청약철회
2023002528,2023-01-12,남자,40 - 49세,서울특별시,국내온라인거래,운동화,청약철회
2023002529,2023-01-12,남자,20 - 29세,경기도,국내온라인거래,티셔츠,청약철회
2023002531,2023-01-12,남자,50 - 59세,대구광역시,일반판매,대형승용자동차,계약불이행(불완전이행)
2023002532,2023-01-12,남자,30 - 39세,경기도,일반판매,예식서비스,계약불이행(불완전이행)
2023002533,2023-01-12,여자,30 - 39세,울산광역시,일반판매,TV,품질(물품/용역)
2023002534,2023-01-12,여자,30 - 39세,충청북도,국제온라인거래,항공여객운송서비스,청약철회
2023002535,2023-01-12,남자,40 - 49세,서울특별시,소셜커머스(쇼핑),마우스,계약해제.해지/위약금
2023002536,2023-01-12,여자,30 - 39세,세종특별자치시,일반판매,예식서비스,계약해제.해지/위약금
2023002537,2023-01-12,여자,70 - 79세,대구광역시,일반판매,치과,품질(물품/용역)
2023002538,2023-01-12,남자,30 - 39세,경기도,국내온라인거래,신유형상품권,계약불이행(불완전이행)
2023002539,2023-01-12,여자,50 - 59세,서울특별시,일반판매,니트(스웨터),품질(물품/용역)
2023002540,2023-01-12,여자,50 - 59세,서울특별시,국내온라인거래,인터넷정보이용서비스,청약철회
2023002541,2023-01-12,여자,40 - 49세,경기도,방문판매,인터넷교육서비스,계약해제.해지/위약금
2023002542,2023-01-12,남자,30 - 39세,서울특별시,일반판매,헬스장,품질(물품/용역)
2023002543,2023-01-12,여자,30 - 39세,강원특별자치도,국내온라인거래,샴푸,계약불이행(불완전이행)
2023002544,2023-01-12,여자,20 - 29세,경기도,국내온라인거래,기타사설강습서비스,청약철회
2023002545,2023-01-12,남자,40 - 49세,부산광역시,일반판매,이동전화서비스,계약해제.해지/위약금
2023002546,2023-01-12,남자,20 - 29세,전라남도,일반판매,필라테스,계약해제.해지/위약금
2023002547,2023-01-12,남자,50 - 59세,경기도,국내온라인거래,기타인테리어설비,품질(물품/용역)
2023002548,2023-01-12,남자,40 - 49세,인천광역시,일반판매,자동차수리·점검,AS불만
2023002549,2023-01-12,남자,40 - 49세,부산광역시,국내온라인거래,스노우체인,청약철회
2023002550,2023-01-12,여자,40 - 49세,서울특별시,국내온라인거래,기타건강식품,청약철회
2023002551,2023-01-12,남자,30 - 39세,서울특별시,국내온라인거래,지갑,표시.광고
2023002552,2023-01-12,남자,60 - 64세,경기도,일반판매,자동차검사,부당행위
2023002553,2023-01-12,남자,40 - 49세,인천광역시,국내온라인거래,룸에어컨,품질(물품/용역)
2023002554,2023-01-12,남자,30 - 39세,경상남도,전화권유판매,모바일정보이용서비스,계약해제.해지/위약금
2023002555,2023-01-12,남자,30 - 39세,경상북도,일반판매,TV,품질(물품/용역)
2023002556,2023-01-12,남자,30 - 39세,인천광역시,국내온라인거래,침대,표시.광고
2023002558,2023-01-12,남자,40 - 49세,인천광역시,일반판매,정수기대여(렌트),계약해제.해지/위약금
2023002559,2023-01-12,남자,30 - 39세,경기도,국내온라인거래,신유형상품권,약관
2023002560,2023-01-12,여자,30 - 39세,경기도,국내온라인거래,캐주얼바지,품질(물품/용역)
2023002561,2023-01-12,여자,30 - 39세,울산광역시,일반판매,헬스장,계약해제.해지/위약금
2023002563,2023-01-12,여자,30 - 39세,광주광역시,방문판매,인터넷교육서비스,계약해제.해지/위약금
2023002564,2023-01-12,여자,30 - 39세,서울특별시,국내온라인거래,기타문화·오락시설이용,계약해제.해지/위약금
2023002565,2023-01-12,남자,40 - 49세,경기도,일반판매,양복(서양식 의복)세탁,품질(물품/용역)
2023002566,2023-01-12,여자,20 - 29세,서울특별시,기타,한방진료,계약해제.해지/위약금
2023002567,2023-01-12,여자,30 - 39세,서울특별시,일반판매,보석·귀금속,AS불만
2023002568,2023-01-12,여자,30 - 39세,경기도,일반판매,이불·침대커버,청약철회
2023002569,2023-01-12,여자,30 - 39세,경기도,기타,피부과,계약해제.해지/위약금
2023002571,2023-01-12,여자,50 - 59세,충청북도,TV홈쇼핑,정수기대여(렌트),계약불이행(불완전이행)
2023002572,2023-01-12,여자,20 - 29세,경기도,국제온라인거래,항공여객운송서비스,청약철회
2023002573,2023-01-12,여자,40 - 49세,경기도,국제온라인거래,모바일게임서비스,청약철회
2023002574,2023-01-12,여자,불명,인천광역시,일반판매,니트(스웨터),계약불이행(불완전이행)
2023002575,2023-01-12,남자,20 - 29세,인천광역시,전화권유판매,인터넷정보이용서비스,계약해제.해지/위약금
2023002576,2023-01-12,남자,40 - 49세,서울특별시,일반판매,점퍼·재킷류,품질(물품/용역)
2023002577,2023-01-12,여자,30 - 39세,서울특별시,국내온라인거래,항공여객운송서비스,계약불이행(불완전이행)
2023002578,2023-01-12,여자,60 - 64세,서울특별시,일반판매,신발세탁,계약불이행(불완전이행)
2023002579,2023-01-12,남자,65 - 69세,대전광역시,일반판매,점퍼·재킷류,품질(물품/용역)
2023002580,2023-01-12,여자,40 - 49세,경기도,기타,기타한방서비스,계약해제.해지/위약금
2023002581,2023-01-12,여자,20 - 29세,대전광역시,방문판매,인터넷교육서비스,계약해제.해지/위약금
2023002584,2023-01-12,남자,40 - 49세,충청남도,일반판매,치과,계약해제.해지/위약금
2023002585,2023-01-12,여자,20 - 29세,경기도,일반판매,한방진료,계약해제.해지/위약금
2023002586,2023-01-12,여자,40 - 49세,경기도,일반판매,치과,계약해제.해지/위약금
2023002587,2023-01-12,남자,70 - 79세,경기도,일반판매,치과,계약해제.해지/위약금
2023002588,2023-01-12,여자,10 - 19세,서울특별시,일반판매,미용서비스,품질(물품/용역)
2023002589,2023-01-12,여자,40 - 49세,서울특별시,일반판매,피부과,계약불이행(불완전이행)
2023002590,2023-01-12,여자,30 - 39세,서울특별시,일반판매,피부과,계약불이행(불완전이행)
2023002591,2023-01-12,남자,20 - 29세,세종특별자치시,국내온라인거래,신유형상품권,품질(물품/용역)
2023002592,2023-01-12,여자,50 - 59세,경기도,일반판매,미용서비스,계약불이행(불완전이행)
2023002593,2023-01-12,여자,30 - 39세,경기도,국내온라인거래,자동차대여(렌트),계약해제.해지/위약금
2023002595,2023-01-12,여자,불명,대전광역시,국내온라인거래,캐주얼바지,청약철회
2023002596,2023-01-12,여자,30 - 39세,서울특별시,일반판매,전기맛사지기,품질(물품/용역)
2023002597,2023-01-12,여자,30 - 39세,서울특별시,국내온라인거래,기타책상·테이블류,계약불이행(불완전이행)
2023002598,2023-01-12,여자,65 - 69세,울산광역시,일반판매,소파,품질(물품/용역)
2023002599,2023-01-12,남자,40 - 49세,경기도,국내온라인거래,식기세척기,품질(물품/용역)
2023002600,2023-01-12,여자,60 - 64세,울산광역시,일반판매,점퍼·재킷류,품질(물품/용역)
2023002601,2023-01-12,남자,30 - 39세,부산광역시,국내온라인거래,기타일반화장품,계약해제.해지/위약금
2023002603,2023-01-12,남자,60 - 64세,서울특별시,전화권유판매,유사투자자문,계약해제.해지/위약금
2023002604,2023-01-12,남자,30 - 39세,부산광역시,일반판매,점퍼·재킷류,품질(물품/용역)
2023002605,2023-01-12,남자,30 - 39세,충청북도,국내온라인거래,숙녀화(구두·부츠 등),청약철회
2023002606,2023-01-12,남자,30 - 39세,해외 및 기타,국내온라인거래,기타서적음반류,계약불이행(불완전이행)
2023002607,2023-01-12,남자,50 - 59세,서울특별시,TV홈쇼핑,음식물처리기대여(렌트),품질(물품/용역)
2023002608,2023-01-12,여자,50 - 59세,경기도,국내온라인거래,원피스,청약철회
2023002609,2023-01-12,여자,60 - 64세,서울특별시,국내온라인거래,점퍼·재킷류,계약불이행(불완전이행)
2023002610,2023-01-12,여자,20 - 29세,인천광역시,일반판매,신발세탁,계약불이행(불완전이행)
2023002611,2023-01-12,여자,50 - 59세,전라북도,일반판매,화장품세트,청약철회
2023002612,2023-01-12,남자,30 - 39세,경기도,일반판매,안과,계약해제.해지/위약금
2023002613,2023-01-12,여자,40 - 49세,경기도,일반판매,피부과,품질(물품/용역)
2023002614,2023-01-12,여자,65 - 69세,서울특별시,일반판매,신사화(구두·부츠 등),품질(물품/용역)
2023002615,2023-01-12,남자,30 - 39세,서울특별시,일반판매,선박화물운송서비스,계약해제.해지/위약금
2023002617,2023-01-12,여자,50 - 59세,경기도,일반판매,피부과,품질(물품/용역)
2023002618,2023-01-12,남자,20 - 29세,해외 및 기타,국제온라인거래,점퍼·재킷류,계약불이행(불완전이행)
2023002619,2023-01-12,남자,65 - 69세,경상남도,국내온라인거래,이동전화서비스,계약불이행(불완전이행)
2023002620,2023-01-12,여자,70 - 79세,전라남도,전화권유판매,유사투자자문,계약해제.해지/위약금
2023002621,2023-01-12,여자,20 - 29세,서울특별시,일반판매,양복(서양식 의복)세탁,품질(물품/용역)
2023002623,2023-01-12,여자,50 - 59세,경기도,일반판매,헬스장,계약해제.해지/위약금
2023002624,2023-01-12,남자,40 - 49세,서울특별시,일반판매,신사화(구두·부츠 등),품질(물품/용역)
2023002625,2023-01-12,남자,50 - 59세,경기도,일반판매,자동차주차장,부당행위
2023002626,2023-01-12,여자,30 - 39세,경상남도,일반판매,필라테스,계약해제.해지/위약금
2023002627,2023-01-12,남자,30 - 39세,서울특별시,일반판매,헬스장,계약해제.해지/위약금
2023002628,2023-01-12,남자,70 - 79세,서울특별시,국내온라인거래,기타숙박시설,계약해제.해지/위약금
2023002629,2023-01-12,남자,40 - 49세,경기도,일반판매,대형승용자동차,부당행위
2023002630,2023-01-12,남자,40 - 49세,서울특별시,일반판매,헬스장,계약불이행(불완전이행)
2023002631,2023-01-12,여자,20 - 29세,인천광역시,일반판매,신발세탁,계약불이행(불완전이행)
2023002632,2023-01-12,여자,20 - 29세,서울특별시,국내온라인거래,양복(서양식 의복)세탁,품질(물품/용역)
2023002633,2023-01-12,여자,30 - 39세,인천광역시,일반판매,헬스장,계약해제.해지/위약금
2023002634,2023-01-12,여자,30 - 39세,대전광역시,국내온라인거래,영양보충용제품,계약불이행(불완전이행)
2023002635,2023-01-12,여자,50 - 59세,서울특별시,일반판매,필라테스,계약해제.해지/위약금
2023002636,2023-01-12,남자,40 - 49세,전라남도,일반판매,농지·산림설비,AS불만
2023002637,2023-01-12,여자,50 - 59세,서울특별시,방문판매,공기청정기대여(렌트),계약불이행(불완전이행)
2023002638,2023-01-12,남자,30 - 39세,경기도,기타통신판매,일반이사운송서비스,가격.요금
2023002639,2023-01-12,여자,40 - 49세,경기도,국내온라인거래,점퍼·재킷류,품질(물품/용역)
2023002640,2023-01-12,남자,30 - 39세,경기도,소셜커머스(쇼핑),기타미분류물품,품질(물품/용역)
2023002641,2023-01-12,남자,20 - 29세,서울특별시,국내온라인거래,항공여객운송서비스,계약해제.해지/위약금
2023002642,2023-01-12,남자,50 - 59세,전라남도,일반판매,태양열온수기,AS불만
2023002643,2023-01-12,여자,30 - 39세,서울특별시,국내온라인거래,철도여객운송서비스,계약해제.해지/위약금
2023002644,2023-01-12,여자,50 - 59세,경기도,일반판매,포장이사운송서비스,거래관행
2023002645,2023-01-12,여자,60 - 64세,인천광역시,국내온라인거래,유사투자자문,계약해제.해지/위약금
2023002646,2023-01-12,남자,65 - 69세,서울특별시,일반판매,이동전화서비스,계약불이행(불완전이행)
2023002648,2023-01-12,여자,50 - 59세,인천광역시,일반판매,기타의류·섬유,계약불이행(불완전이행)
2023002649,2023-01-12,여자,65 - 69세,부산광역시,일반판매,유통시설이용,품질(물품/용역)
2023002650,2023-01-12,남자,40 - 49세,전라남도,전화권유판매,모바일정보이용서비스,계약불이행(불완전이행)
2023002651,2023-01-12,남자,20 - 29세,경기도,일반판매,인터넷교육서비스,계약해제.해지/위약금
2023002652,2023-01-12,여자,20 - 29세,충청북도,일반판매,헬스장,계약해제.해지/위약금
2023002653,2023-01-12,여자,30 - 39세,경기도,기타통신판매,인터넷교육서비스,청약철회
2023002654,2023-01-12,여자,30 - 39세,서울특별시,기타통신판매,기타매체광고,청약철회
2023002655,2023-01-12,남자,30 - 39세,울산광역시,전화권유판매,인터넷정보이용서비스,청약철회
2023002656,2023-01-12,여자,20 - 29세,강원특별자치도,국내온라인거래,택배화물운송서비스,계약불이행(불완전이행)
2023002657,2023-01-12,남자,50 - 59세,경기도,국내온라인거래,TV,품질(물품/용역)
2023002658,2023-01-12,남자,30 - 39세,경기도,모바일거래,TV,계약불이행(불완전이행)
2023002659,2023-01-12,남자,50 - 59세,울산광역시,기타,기타여행,계약해제.해지/위약금
2023002660,2023-01-12,남자,50 - 59세,경기도,기타,일반강습(입시학원등),부당행위
2023002661,2023-01-12,여자,30 - 39세,경기도,전화권유판매,자격시험기타,계약해제.해지/위약금
2023002662,2023-01-12,여자,20 - 29세,경기도,일반판매,헬스장,계약해제.해지/위약금
2023002663,2023-01-12,여자,30 - 39세,경기도,일반판매,택배화물운송서비스,품질(물품/용역)
2023002664,2023-01-12,남자,30 - 39세,부산광역시,방문판매,헬스장,계약해제.해지/위약금
2023002665,2023-01-12,남자,40 - 49세,충청남도,전화권유판매,기타인테리어설비,AS불만
2023002666,2023-01-12,남자,30 - 39세,경기도,방문판매,종합체육시설회원권,계약해제.해지/위약금
2023002667,2023-01-12,남자,40 - 49세,경상남도,국내온라인거래,운동화,계약불이행(불완전이행)
2023002668,2023-01-12,남자,50 - 59세,대전광역시,기타,골프회원권,계약해제.해지/위약금
2023002669,2023-01-12,남자,40 - 49세,인천광역시,국내온라인거래,전기진공청소기,청약철회
2023002670,2023-01-12,여자,30 - 39세,인천광역시,모바일거래,점퍼·재킷류,청약철회
2023002671,2023-01-12,남자,30 - 39세,경기도,일반판매,헬스장,이자.수수료
2023002672,2023-01-12,여자,30 - 39세,울산광역시,기타,국외여행,계약해제.해지/위약금
2023002673,2023-01-12,남자,40 - 49세,서울특별시,일반판매,아이스크림,안전(제품/시설)
2023002674,2023-01-12,남자,50 - 59세,경기도,국내온라인거래,소파,청약철회
2023002675,2023-01-12,남자,30 - 39세,경기도,국내온라인거래,스포츠시설이용,계약해제.해지/위약금
2023002676,2023-01-12,남자,40 - 49세,경기도,국내온라인거래,기타일반화장품,품질(물품/용역)
2023002677,2023-01-12,남자,50 - 59세,서울특별시,국내온라인거래,침대,품질(물품/용역)
2023002678,2023-01-12,여자,30 - 39세,경기도,국내온라인거래,방습제,품질(물품/용역)
2023002679,2023-01-12,여자,20 - 29세,인천광역시,국내온라인거래,바늘,품질(물품/용역)
2023002680,2023-01-12,남자,50 - 59세,서울특별시,모바일거래,기타이동통신,부당행위
2023002681,2023-01-12,남자,20 - 29세,서울특별시,국내온라인거래,위스키,이자.수수료
2023002682,2023-01-12,여자,30 - 39세,서울특별시,일반판매,헬스장,계약해제.해지/위약금
2023002683,2023-01-12,남자,30 - 39세,경기도,기타,미용서비스,계약해제.해지/위약금
2023002684,2023-01-12,남자,30 - 39세,서울특별시,방문판매,결혼준비대행서비스,계약해제.해지/위약금
2023002685,2023-01-12,여자,20 - 29세,제주도,일반판매,필라테스,계약해제.해지/위약금
2023002686,2023-01-12,여자,40 - 49세,서울특별시,국내온라인거래,호텔,계약불이행(불완전이행)
2023002687,2023-01-12,여자,65 - 69세,경기도,국내온라인거래,전자레인지,청약철회
2023002688,2023-01-12,남자,40 - 49세,서울특별시,일반판매,기타식품류,품질(물품/용역)
2023002690,2023-01-12,남자,40 - 49세,서울특별시,기타통신판매,도서·음반대여(렌트),청약철회
2023002691,2023-01-12,여자,30 - 39세,부산광역시,모바일거래,기타가방,부당행위
2023002692,2023-01-12,남자,20 - 29세,인천광역시,방문판매,헬스장,계약해제.해지/위약금
2023002693,2023-01-12,남자,30 - 39세,울산광역시,국내온라인거래,국내결혼중개,계약해제.해지/위약금
2023002694,2023-01-12,여자,20 - 29세,서울특별시,기타,인터넷교육서비스,계약해제.해지/위약금
2023002695,2023-01-12,여자,30 - 39세,부산광역시,국내온라인거래,기타가방,품질(물품/용역)
2023002696,2023-01-12,남자,40 - 49세,경기도,국내온라인거래,노트북컴퓨터,AS불만
2023002697,2023-01-12,여자,40 - 49세,서울특별시,소셜커머스(쇼핑),커피,계약불이행(불완전이행)
2023002698,2023-01-12,여자,30 - 39세,인천광역시,기타,헬스장,계약해제.해지/위약금
2023002699,2023-01-12,남자,30 - 39세,서울특별시,국내온라인거래,칫솔,부당행위
2023002700,2023-01-12,여자,50 - 59세,강원특별자치도,방문판매,음식물처리기,품질(물품/용역)
2023002701,2023-01-12,남자,20 - 29세,부산광역시,전화권유판매,이동전화서비스,계약불이행(불완전이행)
2023002702,2023-01-12,남자,30 - 39세,대구광역시,소셜커머스(쇼핑),안마의자,AS불만
2023002703,2023-01-12,남자,30 - 39세,경기도,모바일거래,인터넷교육서비스,계약해제.해지/위약금
2023002704,2023-01-12,여자,50 - 59세,경상북도,일반판매,미용서비스,부당행위
2023002705,2023-01-12,남자,40 - 49세,경기도,기타,비디오폰,계약불이행(불완전이행)
2023002706,2023-01-12,남자,40 - 49세,경기도,일반판매,가스보일러,AS불만
2023002707,2023-01-12,남자,50 - 59세,경기도,전화권유판매,택배화물운송서비스,계약해제.해지/위약금
2023002708,2023-01-12,여자,20 - 29세,경기도,방문판매,필라테스,계약해제.해지/위약금
2023002709,2023-01-12,여자,30 - 39세,서울특별시,국내온라인거래,점퍼·재킷류,청약철회
2023002710,2023-01-12,여자,20 - 29세,경기도,국내온라인거래,기타서적음반류,청약철회
2023002711,2023-01-12,남자,40 - 49세,서울특별시,일반판매,항공여객운송서비스,계약불이행(불완전이행)
2023002712,2023-01-12,남자,40 - 49세,서울특별시,기타,맥주,품질(물품/용역)
2023002713,2023-01-12,여자,50 - 59세,대구광역시,모바일거래,기타식품류,청약철회
2023002714,2023-01-12,여자,20 - 29세,인천광역시,일반판매,헬스장,계약해제.해지/위약금
2023002715,2023-01-12,남자,20 - 29세,서울특별시,소셜커머스(쇼핑),공업용기계,품질(물품/용역)
2023002716,2023-01-12,남자,30 - 39세,인천광역시,모바일거래,점퍼·재킷류,부당행위
2023002717,2023-01-12,남자,30 - 39세,경기도,국내온라인거래,항공여객운송서비스,청약철회
2023002718,2023-01-12,여자,30 - 39세,광주광역시,기타통신판매,기타매체광고,청약철회
2023002719,2023-01-12,남자,30 - 39세,전라남도,국내온라인거래,이동전화서비스,청약철회
2023002720,2023-01-12,여자,30 - 39세,인천광역시,소셜커머스(쇼핑),기타신발·용품,청약철회
2023002721,2023-01-12,여자,30 - 39세,부산광역시,기타,헬스장,계약해제.해지/위약금
2023002722,2023-01-12,여자,40 - 49세,경기도,국내온라인거래,인터넷교육서비스,계약해제.해지/위약금
2023002723,2023-01-12,남자,20 - 29세,서울특별시,방문판매,헬스장,계약해제.해지/위약금
2023002725,2023-01-12,남자,40 - 49세,인천광역시,국내온라인거래,마스크,품질(물품/용역)
2023002801,2023-01-13,남자,40 - 49세,서울특별시,일반판매,점퍼·재킷류,품질(물품/용역)
2023002803,2023-01-12,여자,40 - 49세,경기도,일반판매,헬스장,계약해제.해지/위약금
2023002804,2023-01-13,남자,20 - 29세,경기도,국내온라인거래,모형완구,계약해제.해지/위약금
2023002805,2023-01-13,남자,20 - 29세,경기도,국내온라인거래,모형완구,계약해제.해지/위약금
2023002807,2023-01-13,남자,30 - 39세,서울특별시,국내온라인거래,버스여객운송서비스,계약불이행(불완전이행)
2023002809,2023-01-13,여자,30 - 39세,경기도,국내온라인거래,항공여객운송서비스,청약철회
2023002811,2023-01-13,여자,30 - 39세,충청북도,국내온라인거래,운동화,계약해제.해지/위약금
2023002812,2023-01-13,남자,20 - 29세,전라북도,국내온라인거래,모자,계약해제.해지/위약금
2023002813,2023-01-13,남자,65 - 69세,충청남도,국내온라인거래,항공여객운송서비스,청약철회
2023002814,2023-01-13,여자,50 - 59세,충청남도,전화권유판매,성형외과,계약해제.해지/위약금
2023002815,2023-01-13,남자,20 - 29세,경기도,국내온라인거래,티셔츠,계약해제.해지/위약금
2023002816,2023-01-13,남자,30 - 39세,서울특별시,국내온라인거래,기타조명기기,품질(물품/용역)
2023002817,2023-01-13,남자,50 - 59세,서울특별시,일반판매,중형승용자동차,계약불이행(불완전이행)
2023002818,2023-01-13,남자,40 - 49세,서울특별시,국내온라인거래,기타의류·섬유,청약철회
2023002820,2023-01-13,여자,30 - 39세,전라남도,국내온라인거래,호텔,표시.광고
2023002821,2023-01-13,여자,80세이상,부산광역시,일반판매,이동전화서비스,계약불이행(불완전이행)
2023002822,2023-01-13,남자,20 - 29세,인천광역시,국내온라인거래,용달화물서비스,계약불이행(불완전이행)
2023002824,2023-01-13,여자,30 - 39세,전라북도,국내온라인거래,식탁,품질(물품/용역)
2023002825,2023-01-13,남자,10 - 19세,광주광역시,일반판매,헬스장,계약해제.해지/위약금
2023002828,2023-01-13,남자,30 - 39세,경기도,일반판매,양복(서양식 의복)세탁,품질(물품/용역)
2023002829,2023-01-13,남자,40 - 49세,부산광역시,국내온라인거래,택배화물운송서비스,계약불이행(불완전이행)
2023002830,2023-01-13,여자,20 - 29세,경기도,모바일거래,원피스,청약철회
2023002831,2023-01-13,여자,50 - 59세,전라북도,일반판매,양복(서양식 의복)세탁,품질(물품/용역)
2023002832,2023-01-13,남자,30 - 39세,서울특별시,일반판매,냉장고,품질(물품/용역)
2023002833,2023-01-13,남자,50 - 59세,경상남도,일반판매,전기자동차,AS불만
2023002834,2023-01-13,여자,50 - 59세,경기도,국내온라인거래,기타의류·섬유,품질(물품/용역)
2023002835,2023-01-13,남자,30 - 39세,충청남도,국내온라인거래,기타책상·테이블류,계약불이행(불완전이행)
2023002836,2023-01-13,여자,20 - 29세,충청남도,일반판매,산부인과,품질(물품/용역)
2023002837,2023-01-13,여자,50 - 59세,경기도,기타통신판매,스마트폰,AS불만
2023002838,2023-01-13,여자,50 - 59세,경기도,기타,치과,품질(물품/용역)
2023002839,2023-01-13,남자,20 - 29세,충청남도,일반판매,산부인과,품질(물품/용역)
2023002840,2023-01-13,남자,65 - 69세,경기도,기타통신판매,스노우체인,품질(물품/용역)
2023002841,2023-01-13,여자,20 - 29세,경기도,국내온라인거래,점퍼·재킷류,청약철회
2023002842,2023-01-13,남자,30 - 39세,경기도,국내온라인거래,운동화,청약철회
2023002843,2023-01-13,남자,30 - 39세,서울특별시,모바일거래,기타식품류,품질(물품/용역)
2023002844,2023-01-13,남자,80세이상,경상남도,일반판매,이동전화서비스,계약해제.해지/위약금
2023002845,2023-01-13,여자,30 - 39세,경상남도,소셜커머스(쇼핑),작동완구,AS불만
2023002846,2023-01-13,남자,40 - 49세,강원특별자치도,일반판매,헬스장,계약해제.해지/위약금
2023002847,2023-01-13,남자,60 - 64세,경기도,국내온라인거래,기타약품,청약철회
2023002848,2023-01-13,여자,20 - 29세,부산광역시,일반판매,미용서비스,품질(물품/용역)
2023002849,2023-01-13,여자,20 - 29세,전라남도,국내온라인거래,기타부엌소모품,계약불이행(불완전이행)
2023002850,2023-01-13,여자,50 - 59세,대구광역시,국내온라인거래,원피스,품질(물품/용역)
2023002851,2023-01-13,남자,50 - 59세,경상남도,국내온라인거래,인터넷정보이용서비스,계약해제.해지/위약금
2023002852,2023-01-13,남자,60 - 64세,경기도,일반판매,묘지설비,약관
2023002853,2023-01-13,여자,20 - 29세,경기도,일반판매,기타문화·오락시설이용,거래관행
2023002854,2023-01-13,여자,30 - 39세,경기도,국내온라인거래,운동화,청약철회
2023002855,2023-01-13,여자,50 - 59세,대구광역시,방문판매,전기자동차,품질(물품/용역)
2023002856,2023-01-13,여자,20 - 29세,서울특별시,일반판매,미용서비스,계약해제.해지/위약금
2023002857,2023-01-13,남자,20 - 29세,대전광역시,모바일거래,코트,계약불이행(불완전이행)
2023002858,2023-01-13,여자,60 - 64세,인천광역시,일반판매,기타인테리어설비,품질(물품/용역)
2023002859,2023-01-13,여자,65 - 69세,인천광역시,일반판매,양복(서양식 의복)세탁,품질(물품/용역)
2023002860,2023-01-13,남자,50 - 59세,대전광역시,일반판매,기타미분류물품,품질(물품/용역)
2023002861,2023-01-13,남자,40 - 49세,서울특별시,국내온라인거래,스마트폰,품질(물품/용역)
2023002862,2023-01-13,여자,20 - 29세,경기도,국내온라인거래,숙녀화(구두·부츠 등),청약철회
2023002863,2023-01-13,남자,30 - 39세,인천광역시,기타,상품권,약관
2023002864,2023-01-13,남자,30 - 39세,경기도,국내온라인거래,항공여객운송서비스,청약철회
2023002865,2023-01-13,남자,30 - 39세,경기도,방문판매,상조서비스,계약해제.해지/위약금
2023002866,2023-01-13,여자,50 - 59세,울산광역시,방문판매,전기장판,품질(물품/용역)
2023002867,2023-01-13,남자,70 - 79세,서울특별시,전화권유판매,기타건강식품,청약철회
2023002868,2023-01-13,여자,50 - 59세,경기도,방문판매,기타사설강습서비스,계약해제.해지/위약금
2023002869,2023-01-13,남자,60 - 64세,충청남도,일반판매,기타건축자재,품질(물품/용역)
2023002871,2023-01-13,남자,40 - 49세,서울특별시,국내온라인거래,점퍼·재킷류,품질(물품/용역)
2023002873,2023-01-13,남자,불명,경상북도,일반판매,케이크,안전(제품/시설)
2023002874,2023-01-13,여자,30 - 39세,강원특별자치도,일반판매,"연회서비스(돌잔치,회갑 등)",계약불이행(불완전이행)
2023002875,2023-01-13,남자,40 - 49세,대구광역시,국내온라인거래,책장·서가,품질(물품/용역)
2023002877,2023-01-13,여자,50 - 59세,서울특별시,소셜커머스(쇼핑),가발,품질(물품/용역)
2023002878,2023-01-13,남자,20 - 29세,경기도,모바일거래,기타교재,품질(물품/용역)
2023002879,2023-01-13,남자,40 - 49세,경기도,국내온라인거래,전기장판,안전(제품/시설)
2023002880,2023-01-13,여자,40 - 49세,대전광역시,일반판매,양복(서양식 의복)세탁,품질(물품/용역)
2023002881,2023-01-13,여자,30 - 39세,인천광역시,기타,신유형상품권,품질(물품/용역)
2023002882,2023-01-13,여자,60 - 64세,광주광역시,국내온라인거래,수저,품질(물품/용역)
2023002883,2023-01-13,여자,50 - 59세,대구광역시,일반판매,초고속인터넷,계약불이행(불완전이행)
2023002884,2023-01-13,여자,30 - 39세,대구광역시,일반판매,점퍼·재킷류,품질(물품/용역)
2023002885,2023-01-13,여자,30 - 39세,서울특별시,국내온라인거래,식탁,품질(물품/용역)
2023002886,2023-01-13,남자,30 - 39세,경상남도,국내온라인거래,모니터,계약해제.해지/위약금
2023002887,2023-01-13,여자,30 - 39세,서울특별시,국내온라인거래,양복(서양식 의복)세탁,품질(물품/용역)
2023002888,2023-01-13,여자,20 - 29세,경기도,일반판매,건강(암·기타질병)보험,약관
2023002889,2023-01-13,남자,65 - 69세,경기도,전화권유판매,유사투자자문,계약해제.해지/위약금
2023002890,2023-01-13,남자,50 - 59세,광주광역시,일반판매,미분류대여(렌트),계약해제.해지/위약금
2023002891,2023-01-13,남자,40 - 49세,충청북도,기타통신판매,상조서비스,계약해제.해지/위약금
2023002892,2023-01-13,남자,10 - 19세,인천광역시,국내온라인거래,보석·귀금속,계약불이행(불완전이행)
2023002893,2023-01-13,여자,40 - 49세,경기도,일반판매,건강(암·기타질병)보험,약관
2023002894,2023-01-13,남자,65 - 69세,충청북도,일반판매,캐주얼바지,품질(물품/용역)
2023002895,2023-01-13,여자,40 - 49세,대전광역시,기타,각종쿠폰류(무료통화권포함),표시.광고
2023002896,2023-01-13,남자,40 - 49세,부산광역시,전화권유판매,유사투자자문,계약해제.해지/위약금
2023002897,2023-01-13,남자,30 - 39세,광주광역시,일반판매,신유형상품권,계약해제.해지/위약금
2023002898,2023-01-13,여자,70 - 79세,전라북도,일반판매,건강(암·기타질병)보험,약관
2023002899,2023-01-13,여자,50 - 59세,대전광역시,국내온라인거래,기타가방,청약철회
2023002900,2023-01-13,남자,30 - 39세,충청남도,기타,국외여행,계약해제.해지/위약금
2023002902,2023-01-13,남자,40 - 49세,인천광역시,일반판매,신유형상품권,계약해제.해지/위약금
2023002903,2023-01-13,여자,20 - 29세,경기도,일반판매,변호서비스,계약해제.해지/위약금
2023002904,2023-01-13,여자,30 - 39세,서울특별시,국내온라인거래,기타보온·보냉기기,품질(물품/용역)
2023002905,2023-01-13,남자,30 - 39세,서울특별시,국내온라인거래,기타교재,계약불이행(불완전이행)
2023002906,2023-01-13,남자,30 - 39세,제주도,일반판매,신사복세트,품질(물품/용역)
2023002907,2023-01-13,남자,30 - 39세,충청북도,일반판매,외식,안전(제품/시설)
2023002908,2023-01-13,여자,60 - 64세,대구광역시,일반판매,국외여행,계약불이행(불완전이행)
2023002909,2023-01-13,남자,50 - 59세,서울특별시,국내온라인거래,운동화,청약철회
2023002910,2023-01-13,남자,30 - 39세,서울특별시,소셜커머스(쇼핑),헬스장,계약해제.해지/위약금
2023002911,2023-01-13,여자,30 - 39세,광주광역시,일반판매,양복(서양식 의복)세탁,품질(물품/용역)
2023002913,2023-01-13,남자,50 - 59세,대구광역시,일반판매,택배화물운송서비스,계약불이행(불완전이행)
2023002914,2023-01-13,여자,60 - 64세,경기도,일반판매,니트(스웨터),품질(물품/용역)
2023002915,2023-01-13,남자,30 - 39세,대전광역시,국내온라인거래,인터넷게임서비스,부당행위
2023002916,2023-01-13,여자,30 - 39세,전라북도,일반판매,티셔츠,계약불이행(불완전이행)
2023002917,2023-01-13,여자,(미입력),경상남도,일반판매,이동전화서비스,청약철회
2023002918,2023-01-13,여자,30 - 39세,경기도,일반판매,코트,품질(물품/용역)
2023002919,2023-01-13,여자,50 - 59세,경기도,일반판매,블라우스,품질(물품/용역)
2023002920,2023-01-13,남자,20 - 29세,경기도,일반판매,코트,계약불이행(불완전이행)
2023002921,2023-01-13,남자,50 - 59세,경상남도,일반판매,포장이사운송서비스,계약불이행(불완전이행)
2023002922,2023-01-13,여자,30 - 39세,경기도,국내온라인거래,호텔,계약해제.해지/위약금
2023002923,2023-01-13,여자,65 - 69세,경상북도,일반판매,건강(암·기타질병)보험,계약불이행(불완전이행)
2023002924,2023-01-13,여자,60 - 64세,서울특별시,일반판매,양복(서양식 의복)세탁,품질(물품/용역)
2023002925,2023-01-13,남자,불명,서울특별시,모바일거래,신유형상품권,청약철회
2023002926,2023-01-13,남자,65 - 69세,경기도,일반판매,외과,품질(물품/용역)
2023002927,2023-01-13,여자,30 - 39세,경상북도,국내온라인거래,항공여객운송서비스,계약불이행(불완전이행)
2023002928,2023-01-13,남자,20 - 29세,경기도,모바일거래,기타숙박시설,계약불이행(불완전이행)
2023003001,2023-01-13,남자,50 - 59세,경상북도,일반판매,신사화(구두·부츠 등),품질(물품/용역)
2023003003,2023-01-13,남자,50 - 59세,서울특별시,기타,전기,부당행위
2023003004,2023-01-13,여자,20 - 29세,부산광역시,일반판매,필라테스,계약해제.해지/위약금
2023003005,2023-01-13,남자,20 - 29세,경기도,국내온라인거래,운동화,계약불이행(불완전이행)
2023003006,2023-01-13,여자,65 - 69세,서울특별시,기타,하수도위생서비스,부당행위
2023003007,2023-01-13,남자,30 - 39세,서울특별시,전화권유판매,인터넷교육서비스,계약해제.해지/위약금
2023003008,2023-01-13,여자,30 - 39세,인천광역시,국내온라인거래,다이어트식품,청약철회
2023003009,2023-01-13,남자,30 - 39세,대구광역시,일반판매,사진촬영,계약해제.해지/위약금
2023003011,2023-01-13,남자,30 - 39세,경기도,일반판매,냉장고,계약불이행(불완전이행)
2023003012,2023-01-13,남자,30 - 39세,경기도,국내온라인거래,인터넷게임서비스,계약불이행(불완전이행)
2023003013,2023-01-13,남자,20 - 29세,서울특별시,국내온라인거래,항공여객운송서비스,계약해제.해지/위약금
2023003014,2023-01-13,여자,20 - 29세,경기도,국내온라인거래,캐주얼바지,청약철회
2023003015,2023-01-13,여자,30 - 39세,서울특별시,방문판매,헬스장,계약해제.해지/위약금
2023003016,2023-01-13,여자,50 - 59세,경기도,일반판매,택배화물운송서비스,계약불이행(불완전이행)
2023003017,2023-01-13,남자,30 - 39세,경상남도,기타,예식서비스,청약철회
2023003018,2023-01-13,남자,30 - 39세,경상남도,기타,스마트폰,AS불만
2023003019,2023-01-13,남자,20 - 29세,서울특별시,일반판매,헬스장,계약해제.해지/위약금
2023003020,2023-01-13,여자,30 - 39세,서울특별시,국내온라인거래,각종공연관람,계약불이행(불완전이행)
2023003021,2023-01-13,여자,40 - 49세,경기도,모바일거래,각종공연관람,계약해제.해지/위약금
2023003022,2023-01-13,남자,40 - 49세,서울특별시,일반판매,안경·안경테,품질(물품/용역)
2023003023,2023-01-13,남자,40 - 49세,서울특별시,국내온라인거래,코트,계약불이행(불완전이행)
2023003024,2023-01-13,여자,30 - 39세,대전광역시,기타통신판매,기타신발·용품,청약철회
2023003025,2023-01-13,여자,20 - 29세,서울특별시,방문판매,헬스장,계약해제.해지/위약금
2023003026,2023-01-13,남자,40 - 49세,경상북도,기타통신판매,기타조명기기,청약철회
2023003027,2023-01-13,여자,30 - 39세,경기도,일반판매,점퍼·재킷류,청약철회
2023003028,2023-01-13,여자,20 - 29세,경기도,전화권유판매,미분류대여(렌트),계약해제.해지/위약금
2023003029,2023-01-13,여자,20 - 29세,광주광역시,국내온라인거래,스포츠관람,계약해제.해지/위약금
2023003030,2023-01-13,남자,40 - 49세,서울특별시,국내온라인거래,영화관람,계약불이행(불완전이행)
2023003031,2023-01-13,여자,40 - 49세,서울특별시,기타,필라테스,계약해제.해지/위약금
2023003032,2023-01-13,여자,40 - 49세,서울특별시,국내온라인거래,원피스,청약철회
2023003033,2023-01-13,여자,20 - 29세,인천광역시,국내온라인거래,숙녀화(구두·부츠 등),부당행위
2023003034,2023-01-13,여자,30 - 39세,서울특별시,국내온라인거래,신변용품·악세서리대여(렌트),청약철회
2023003035,2023-01-13,여자,30 - 39세,서울특별시,방문판매,헬스장,계약해제.해지/위약금
2023003036,2023-01-13,남자,30 - 39세,대구광역시,국내온라인거래,항공여객운송서비스,계약해제.해지/위약금
2023003037,2023-01-13,여자,40 - 49세,제주도,일반판매,애완고양이,계약해제.해지/위약금
2023003038,2023-01-13,여자,40 - 49세,서울특별시,기타,포장이사운송서비스,품질(물품/용역)
2023003039,2023-01-13,여자,20 - 29세,서울특별시,일반판매,헬스장,계약해제.해지/위약금
2023003040,2023-01-13,여자,40 - 49세,서울특별시,국내온라인거래,기타주방설비,계약해제.해지/위약금
2023003041,2023-01-13,여자,30 - 39세,서울특별시,노상판매,기타가방,청약철회
2023003042,2023-01-13,여자,30 - 39세,경기도,기타,기타육류·육류가공식품,계약불이행(불완전이행)
2023003043,2023-01-13,여자,40 - 49세,충청남도,소셜커머스(쇼핑),전동칫솔,AS불만
2023003044,2023-01-13,남자,30 - 39세,서울특별시,모바일거래,외식,품질(물품/용역)
2023003045,2023-01-13,남자,30 - 39세,서울특별시,방문판매,헬스장,계약해제.해지/위약금
2023003046,2023-01-13,남자,30 - 39세,대구광역시,방문판매,국내결혼중개,계약해제.해지/위약금
2023003047,2023-01-13,남자,30 - 39세,대구광역시,일반판매,결혼준비대행서비스,계약해제.해지/위약금
2023003048,2023-01-13,남자,30 - 39세,경기도,국내온라인거래,조립완구,청약철회
2023003049,2023-01-13,남자,30 - 39세,충청북도,기타,정수기,계약해제.해지/위약금
2023003050,2023-01-13,남자,50 - 59세,서울특별시,일반판매,TV,AS불만
2023003051,2023-01-13,여자,20 - 29세,경상남도,소셜커머스(쇼핑),기타의류·섬유,청약철회
2023003052,2023-01-13,여자,30 - 39세,경기도,방문판매,기타교육서비스,계약불이행(불완전이행)
2023003053,2023-01-13,남자,30 - 39세,강원특별자치도,기타,호텔,품질(물품/용역)
2023003054,2023-01-13,남자,50 - 59세,강원특별자치도,국내온라인거래,TV,품질(물품/용역)
2023003055,2023-01-13,여자,50 - 59세,대구광역시,방문판매,냉장고,AS불만
2023003056,2023-01-13,여자,30 - 39세,서울특별시,국내온라인거래,선반침대,청약철회
2023003057,2023-01-13,여자,30 - 39세,서울특별시,국내온라인거래,침대,품질(물품/용역)
2023003101,2023-01-14,여자,50 - 59세,경기도,국내온라인거래,다이어트식품,품질(물품/용역)
2023003102,2023-01-14,남자,20 - 29세,경기도,방문판매,인터넷교육서비스,계약해제.해지/위약금
2023003103,2023-01-14,남자,50 - 59세,경기도,방문판매,포장이사운송서비스,품질(물품/용역)
2023003104,2023-01-14,여자,40 - 49세,전라북도,국내온라인거래,펜션,계약해제.해지/위약금
2023003105,2023-01-14,여자,30 - 39세,충청북도,방문판매,미용서비스,계약불이행(불완전이행)
2023003106,2023-01-14,여자,30 - 39세,경기도,국내온라인거래,레포츠장비대여(렌트),계약해제.해지/위약금
2023003107,2023-01-14,여자,30 - 39세,충청남도,국내온라인거래,기타건강식품,계약불이행(불완전이행)
2023003108,2023-01-14,남자,40 - 49세,경기도,방문판매,헬스장,계약해제.해지/위약금
2023003109,2023-01-14,여자,30 - 39세,서울특별시,일반판매,국내결혼중개,부당행위
2023003110,2023-01-14,여자,30 - 39세,경기도,일반판매,요가,계약해제.해지/위약금
2023003202,2023-01-15,남자,40 - 49세,서울특별시,소셜커머스(쇼핑),기타정보이용서비스,부당행위
2023003203,2023-01-15,여자,40 - 49세,경상남도,기타,학습지,계약해제.해지/위약금
2023003204,2023-01-15,여자,30 - 39세,서울특별시,일반판매,예식서비스,계약해제.해지/위약금
2023003205,2023-01-15,여자,40 - 49세,서울특별시,국내온라인거래,가스보일러,계약불이행(불완전이행)
2023003206,2023-01-15,여자,50 - 59세,서울특별시,국내온라인거래,전기압력밥솥,품질(물품/용역)
2023003207,2023-01-15,남자,30 - 39세,경상북도,모바일거래,모바일게임서비스,청약철회
2023003208,2023-01-15,여자,30 - 39세,전라남도,일반판매,외식,품질(물품/용역)
2023003210,2023-01-13,여자,40 - 49세,강원특별자치도,소셜커머스(쇼핑),니트(스웨터),청약철회
2023003211,2023-01-16,여자,30 - 39세,경기도,국내온라인거래,컵,품질(물품/용역)
2023003212,2023-01-16,남자,40 - 49세,경기도,일반판매,자동차대여(렌트),부당행위
2023003213,2023-01-16,남자,30 - 39세,서울특별시,일반판매,중형승용자동차,품질(물품/용역)
2023003214,2023-01-16,남자,30 - 39세,경기도,일반판매,자동차주차장,계약해제.해지/위약금
2023003217,2023-01-16,남자,30 - 39세,경기도,모바일거래,자동차대여(렌트),부당행위
2023003218,2023-01-16,남자,30 - 39세,서울특별시,소셜커머스(쇼핑),컴퓨터모니터(데스크탑),청약철회
2023003219,2023-01-16,여자,60 - 64세,경기도,기타,기타병·의원서비스,안전(제품/시설)
2023003220,2023-01-16,여자,20 - 29세,충청북도,기타,외과,품질(물품/용역)
2023003222,2023-01-16,남자,40 - 49세,경기도,일반판매,자동차수리·점검,품질(물품/용역)
2023003223,2023-01-16,여자,80세이상,경기도,기타,내과,품질(물품/용역)
2023003224,2023-01-16,여자,50 - 59세,경상남도,기타,성형외과,품질(물품/용역)
2023003225,2023-01-16,남자,40 - 49세,전라남도,모바일거래,스노우체인,청약철회
2023003226,2023-01-16,남자,20 - 29세,경기도,국내온라인거래,택배화물운송서비스,품질(물품/용역)
2023003227,2023-01-16,여자,40 - 49세,인천광역시,국내온라인거래,수도꼭지,품질(물품/용역)
2023003228,2023-01-16,남자,불명,충청북도,모바일거래,신유형상품권,가격.요금
2023003229,2023-01-16,여자,40 - 49세,경기도,국내온라인거래,운동화,계약해제.해지/위약금
2023003230,2023-01-16,남자,30 - 39세,경기도,일반판매,대형승용자동차,품질(물품/용역)
2023003231,2023-01-16,남자,40 - 49세,경기도,일반판매,공중목욕탕,계약해제.해지/위약금
2023003232,2023-01-16,여자,20 - 29세,서울특별시,국내온라인거래,필라테스,계약해제.해지/위약금
2023003233,2023-01-16,여자,20 - 29세,대전광역시,방문판매,헬스장,계약해제.해지/위약금
2023003234,2023-01-16,남자,65 - 69세,부산광역시,전화권유판매,유사투자자문,계약해제.해지/위약금
2023003235,2023-01-16,여자,65 - 69세,서울특별시,일반판매,휠체어,계약해제.해지/위약금
2023003236,2023-01-16,남자,70 - 79세,부산광역시,일반판매,이동전화서비스,계약해제.해지/위약금
2023003237,2023-01-16,남자,40 - 49세,대구광역시,일반판매,자동차보험,부당행위
2023003238,2023-01-16,여자,60 - 64세,부산광역시,일반판매,점퍼·재킷류,품질(물품/용역)
2023003239,2023-01-16,여자,50 - 59세,서울특별시,방문판매,실손보험,계약불이행(불완전이행)
2023003240,2023-01-16,여자,30 - 39세,부산광역시,일반판매,점퍼·재킷류,품질(물품/용역)
2023003241,2023-01-16,남자,50 - 59세,서울특별시,기타통신판매,케이블TV,계약해제.해지/위약금
2023003242,2023-01-16,남자,70 - 79세,서울특별시,일반판매,공중목욕탕,계약불이행(불완전이행)
2023003243,2023-01-16,여자,20 - 29세,경상남도,소셜커머스(쇼핑),화장지(휴지),품질(물품/용역)
2023003244,2023-01-16,남자,30 - 39세,경기도,국내온라인거래,양복(서양식 의복)세탁,품질(물품/용역)
2023003246,2023-01-16,남자,40 - 49세,경기도,국내온라인거래,기타놀이·게임기구,부당행위
2023003247,2023-01-16,여자,40 - 49세,경상북도,소셜커머스(쇼핑),봉지면,계약불이행(불완전이행)
2023003248,2023-01-16,여자,20 - 29세,충청남도,일반판매,항공여객운송서비스,계약해제.해지/위약금
2023003249,2023-01-16,남자,20 - 29세,충청남도,일반판매,소파,AS불만
2023003250,2023-01-16,남자,50 - 59세,경기도,국내온라인거래,기타세탁서비스,거래관행
2023003251,2023-01-16,남자,50 - 59세,서울특별시,모바일거래,카셰어링,계약불이행(불완전이행)
2023003252,2023-01-16,남자,40 - 49세,경기도,국내온라인거래,여행용가방,품질(물품/용역)
2023003253,2023-01-16,여자,40 - 49세,서울특별시,국내온라인거래,코트,청약철회
2023003254,2023-01-16,남자,30 - 39세,경기도,소셜커머스(쇼핑),수리공구,청약철회
2023003257,2023-01-16,남자,40 - 49세,경기도,모바일거래,외식,안전(제품/시설)
2023003258,2023-01-16,여자,30 - 39세,울산광역시,일반판매,학습지,계약해제.해지/위약금
2023003259,2023-01-16,여자,50 - 59세,경상북도,전화권유판매,정수기대여(렌트),품질(물품/용역)
2023003260,2023-01-16,남자,40 - 49세,경기도,일반판매,자동차주차장,계약해제.해지/위약금
2023003261,2023-01-16,여자,60 - 64세,부산광역시,일반판매,기타곡류·곡류가공식품,품질(물품/용역)
2023003262,2023-01-16,남자,60 - 64세,경기도,국내온라인거래,전문스포츠화(축구화·골프화 등),품질(물품/용역)
2023003263,2023-01-16,남자,40 - 49세,대구광역시,일반판매,아파트,표시.광고
2023003264,2023-01-16,여자,20 - 29세,경상북도,국제온라인거래,기타숙박시설,계약해제.해지/위약금
2023003265,2023-01-16,남자,65 - 69세,경기도,일반판매,점퍼·재킷류,품질(물품/용역)
2023003266,2023-01-16,여자,40 - 49세,충청남도,국내온라인거래,서랍장,품질(물품/용역)
2023003267,2023-01-16,여자,20 - 29세,인천광역시,일반판매,필라테스,계약해제.해지/위약금
2023003268,2023-01-16,남자,40 - 49세,대구광역시,모바일거래,모바일정보이용서비스,계약불이행(불완전이행)
2023003269,2023-01-16,남자,50 - 59세,서울특별시,국내온라인거래,기타건강식품,계약불이행(불완전이행)
2023003270,2023-01-16,여자,30 - 39세,경상북도,국내온라인거래,스포츠웨어,품질(물품/용역)
2023003272,2023-01-16,여자,20 - 29세,인천광역시,기타통신판매,인터넷교육서비스,계약해제.해지/위약금
2023003273,2023-01-16,여자,50 - 59세,인천광역시,일반판매,메이크업강습,계약해제.해지/위약금
2023003274,2023-01-16,남자,40 - 49세,강원특별자치도,국내온라인거래,기타가구,표시.광고
2023003275,2023-01-16,여자,40 - 49세,경상남도,일반판매,헬스장,계약해제.해지/위약금
2023003276,2023-01-16,여자,30 - 39세,서울특별시,일반판매,외식,계약불이행(불완전이행)
2023003277,2023-01-16,남자,30 - 39세,경기도,일반판매,헬스장,계약해제.해지/위약금
2023003278,2023-01-16,여자,30 - 39세,광주광역시,기타,외식,품질(물품/용역)
2023003279,2023-01-16,남자,50 - 59세,인천광역시,국내온라인거래,식탁,품질(물품/용역)
2023003280,2023-01-16,남자,30 - 39세,경기도,일반판매,의류수선,품질(물품/용역)
2023003281,2023-01-16,남자,50 - 59세,서울특별시,일반판매,벤치,품질(물품/용역)
2023003282,2023-01-16,남자,30 - 39세,대구광역시,전화권유판매,유사투자자문,계약해제.해지/위약금
2023003283,2023-01-16,남자,40 - 49세,서울특별시,기타,초고속인터넷,가격.요금
2023003284,2023-01-16,남자,50 - 59세,대전광역시,일반판매,대형승용자동차,계약불이행(불완전이행)
2023003285,2023-01-16,여자,50 - 59세,울산광역시,일반판매,골프회원권,품질(물품/용역)
2023003286,2023-01-16,여자,20 - 29세,경기도,국내온라인거래,점퍼·재킷류,품질(물품/용역)
2023003287,2023-01-16,여자,65 - 69세,경기도,일반판매,중형승용자동차,품질(물품/용역)
2023003288,2023-01-16,남자,30 - 39세,서울특별시,국내온라인거래,니트(스웨터),품질(물품/용역)
2023003290,2023-01-16,여자,50 - 59세,경기도,일반판매,중형승용자동차,부당행위
2023003291,2023-01-16,여자,30 - 39세,경기도,국내온라인거래,애완동·식물용품,품질(물품/용역)
2023003292,2023-01-16,여자,60 - 64세,경상북도,국내온라인거래,온풍기,품질(물품/용역)
2023003293,2023-01-16,여자,20 - 29세,충청북도,국내온라인거래,기타의류·섬유,계약해제.해지/위약금
2023003294,2023-01-16,여자,65 - 69세,경기도,일반판매,실손보험,계약불이행(불완전이행)
2023003295,2023-01-16,여자,50 - 59세,서울특별시,국내온라인거래,항공여객운송서비스,계약해제.해지/위약금
2023003296,2023-01-16,남자,60 - 64세,경기도,기타통신판매,IPTV,부당행위
2023003297,2023-01-16,여자,30 - 39세,경기도,국내온라인거래,기타신발·용품,청약철회
2023003298,2023-01-16,남자,40 - 49세,경기도,방문판매,학습지,계약해제.해지/위약금
2023003299,2023-01-16,여자,30 - 39세,서울특별시,국내온라인거래,항공여객운송서비스,계약해제.해지/위약금
2023003300,2023-01-16,여자,40 - 49세,서울특별시,국내온라인거래,전기세탁기,품질(물품/용역)
2023003301,2023-01-16,남자,40 - 49세,경기도,방문판매,학습지,계약해제.해지/위약금
2023003302,2023-01-16,남자,40 - 49세,충청남도,국내온라인거래,국내결혼중개,계약해제.해지/위약금
2023003303,2023-01-16,여자,30 - 39세,경기도,국내온라인거래,모피·모피의류,품질(물품/용역)
2023003304,2023-01-16,여자,40 - 49세,경기도,국내온라인거래,항공여객운송서비스,계약해제.해지/위약금
2023003305,2023-01-16,여자,60 - 64세,대구광역시,기타통신판매,전기맛사지기,계약해제.해지/위약금
2023003306,2023-01-16,여자,20 - 29세,대구광역시,국내온라인거래,기타서적음반류,계약불이행(불완전이행)
2023003307,2023-01-16,남자,30 - 39세,경기도,일반판매,인터넷게임서비스,부당행위
2023003308,2023-01-16,여자,30 - 39세,서울특별시,국내온라인거래,원피스,청약철회
2023003309,2023-01-16,남자,50 - 59세,서울특별시,일반판매,위성방송,계약해제.해지/위약금
2023003310,2023-01-16,여자,20 - 29세,서울특별시,국내온라인거래,기타일반화장품,계약불이행(불완전이행)
2023003311,2023-01-16,남자,70 - 79세,경기도,일반판매,점퍼·재킷류,품질(물품/용역)
2023003312,2023-01-16,여자,80세이상,대구광역시,일반판매,보청기,청약철회
2023003313,2023-01-16,여자,40 - 49세,인천광역시,일반판매,양복(서양식 의복)세탁,품질(물품/용역)
2023003314,2023-01-16,남자,40 - 49세,충청남도,모바일거래,소파,표시.광고
2023003315,2023-01-16,여자,50 - 59세,대전광역시,국내온라인거래,코트,청약철회
2023003316,2023-01-16,여자,20 - 29세,광주광역시,일반판매,양복(서양식 의복)세탁,품질(물품/용역)
2023003317,2023-01-16,여자,30 - 39세,경기도,기타통신판매,화장실설비,가격.요금
2023003318,2023-01-16,남자,65 - 69세,대구광역시,국내온라인거래,기타스포츠·레저기구·용품,AS불만
2023003319,2023-01-16,남자,40 - 49세,강원특별자치도,국내온라인거래,프린터잉크,품질(물품/용역)
2023003320,2023-01-16,남자,65 - 69세,경기도,기타,모바일정보이용서비스,부당행위
2023003321,2023-01-16,여자,30 - 39세,서울특별시,국내온라인거래,니트(스웨터),품질(물품/용역)
2023003322,2023-01-16,여자,20 - 29세,경기도,일반판매,국외여행,계약해제.해지/위약금
2023003323,2023-01-16,남자,65 - 69세,서울특별시,국내온라인거래,이불·요,품질(물품/용역)
2023003324,2023-01-16,여자,50 - 59세,경기도,일반판매,냉장고,품질(물품/용역)
2023003325,2023-01-16,여자,50 - 59세,경기도,일반판매,점퍼·재킷류,품질(물품/용역)
2023003326,2023-01-16,여자,40 - 49세,경기도,국내온라인거래,항공여객운송서비스,계약해제.해지/위약금
2023003327,2023-01-16,여자,40 - 49세,경기도,일반판매,한의원,계약해제.해지/위약금
2023003328,2023-01-16,여자,40 - 49세,경기도,방문판매,소독기,청약철회
2023003330,2023-01-16,여자,20 - 29세,서울특별시,국내온라인거래,기타숙박시설,계약해제.해지/위약금
2023003331,2023-01-16,남자,40 - 49세,경기도,일반판매,중형승용자동차,계약불이행(불완전이행)
2023003332,2023-01-16,남자,30 - 39세,경기도,국내온라인거래,기타신발·용품,계약해제.해지/위약금
2023003333,2023-01-16,남자,30 - 39세,경기도,일반판매,스포츠웨어,계약해제.해지/위약금
2023003334,2023-01-16,남자,20 - 29세,서울특별시,기타,일반강습(입시학원등),계약해제.해지/위약금
2023003335,2023-01-16,남자,20 - 29세,충청북도,국내온라인거래,기타신발·용품,청약철회
2023003336,2023-01-16,남자,50 - 59세,충청남도,일반판매,묘지설비,계약해제.해지/위약금
2023003337,2023-01-16,여자,불명,대구광역시,전화권유판매,모바일정보이용서비스,계약불이행(불완전이행)
2023003338,2023-01-16,남자,30 - 39세,경상북도,일반판매,기타신발·용품,계약해제.해지/위약금
2023003339,2023-01-16,여자,50 - 59세,서울특별시,국내온라인거래,항공여객운송서비스,계약불이행(불완전이행)
2023003340,2023-01-16,여자,50 - 59세,서울특별시,일반판매,점퍼·재킷류,품질(물품/용역)
2023003341,2023-01-16,남자,20 - 29세,부산광역시,국내온라인거래,기타신발·용품,계약해제.해지/위약금
2023003342,2023-01-16,남자,60 - 64세,충청북도,기타통신판매,자동차대여(렌트),약관
2023003343,2023-01-16,남자,20 - 29세,경기도,국내온라인거래,운동화,계약해제.해지/위약금
2023003344,2023-01-16,여자,20 - 29세,서울특별시,일반판매,항공여객운송서비스,계약불이행(불완전이행)
2023003345,2023-01-16,남자,불명,인천광역시,국내온라인거래,기타영상기기,청약철회
2023003346,2023-01-16,여자,40 - 49세,경상북도,일반판매,필라테스,계약해제.해지/위약금
2023003401,2023-01-16,여자,60 - 64세,서울특별시,국내온라인거래,전기칼·칼갈이,품질(물품/용역)
2023003402,2023-01-16,남자,30 - 39세,경기도,일반판매,사진촬영,계약해제.해지/위약금
2023003403,2023-01-16,여자,40 - 49세,서울특별시,국내온라인거래,스커트,청약철회
2023003404,2023-01-16,남자,30 - 39세,대전광역시,국내온라인거래,기타놀이·게임기구,품질(물품/용역)
2023003405,2023-01-16,여자,60 - 64세,전라남도,국내온라인거래,화장품세트,계약불이행(불완전이행)
2023003406,2023-01-16,여자,30 - 39세,인천광역시,국내온라인거래,캐주얼바지,청약철회
2023003407,2023-01-16,남자,20 - 29세,충청북도,방문판매,헬스장,계약해제.해지/위약금
2023003408,2023-01-16,남자,20 - 29세,서울특별시,방문판매,헬스장,이자.수수료
2023003409,2023-01-16,여자,20 - 29세,경기도,기타,항공여객운송서비스,계약해제.해지/위약금
2023003410,2023-01-16,남자,30 - 39세,서울특별시,기타통신판매,퍼스널컴퓨터,계약불이행(불완전이행)
2023003411,2023-01-16,여자,40 - 49세,인천광역시,일반판매,사진촬영,계약해제.해지/위약금
2023003412,2023-01-16,여자,40 - 49세,서울특별시,모바일거래,배낭,청약철회
2023003413,2023-01-16,남자,50 - 59세,충청남도,기타통신판매,전기세탁기,청약철회
2023003414,2023-01-16,남자,20 - 29세,경기도,방문판매,헬스장,계약해제.해지/위약금
2023003415,2023-01-16,여자,30 - 39세,부산광역시,기타,셔츠,품질(물품/용역)
2023003416,2023-01-16,여자,30 - 39세,경기도,국내온라인거래,머플러,계약불이행(불완전이행)
2023003417,2023-01-16,여자,50 - 59세,세종특별자치시,모바일거래,기타신발·용품,부당행위
2023003418,2023-01-16,여자,30 - 39세,서울특별시,소셜커머스(쇼핑),공기청정기,AS불만
2023003419,2023-01-16,여자,30 - 39세,대구광역시,국내온라인거래,인터넷교육서비스,부당행위
2023003420,2023-01-16,여자,40 - 49세,경기도,국내온라인거래,게,품질(물품/용역)
2023003421,2023-01-16,남자,30 - 39세,경상남도,국내온라인거래,골프용품,청약철회
2023003423,2023-01-16,남자,20 - 29세,부산광역시,일반판매,종합체육시설회원권,계약해제.해지/위약금
2023003424,2023-01-16,여자,30 - 39세,인천광역시,일반판매,종합체육시설회원권,계약해제.해지/위약금
2023003425,2023-01-16,남자,30 - 39세,전라남도,전화권유판매,상조서비스,가격.요금
2023003426,2023-01-16,여자,40 - 49세,부산광역시,기타통신판매,기타인테리어설비,품질(물품/용역)
2023003427,2023-01-16,여자,70 - 79세,서울특별시,일반판매,정수기대여(렌트),계약해제.해지/위약금
2023003428,2023-01-16,남자,30 - 39세,강원특별자치도,국내온라인거래,항공여객운송서비스,계약해제.해지/위약금
2023003429,2023-01-16,남자,20 - 29세,서울특별시,소셜커머스(쇼핑),서랍장,품질(물품/용역)
2023003430,2023-01-16,남자,30 - 39세,인천광역시,방문판매,예식서비스,계약해제.해지/위약금
2023003432,2023-01-16,남자,50 - 59세,서울특별시,모바일거래,항공여객운송서비스,계약해제.해지/위약금
2023003433,2023-01-16,남자,60 - 64세,부산광역시,국내온라인거래,택배화물운송서비스,계약불이행(불완전이행)
2023003434,2023-01-16,여자,30 - 39세,서울특별시,국내온라인거래,영업용기계,표시.광고
2023003435,2023-01-16,남자,30 - 39세,서울특별시,모바일거래,기타알선·중개·번역서비스,계약불이행(불완전이행)
2023003436,2023-01-16,남자,30 - 39세,서울특별시,모바일거래,기타숙박시설,계약해제.해지/위약금
2023003437,2023-01-16,남자,40 - 49세,경기도,일반판매,액정보호필름,품질(물품/용역)
2023003438,2023-01-16,여자,20 - 29세,대구광역시,국내온라인거래,합성피혁의류,청약철회
2023003439,2023-01-16,남자,30 - 39세,경상북도,모바일거래,반포장이사운송서비스,계약불이행(불완전이행)
2023003440,2023-01-16,남자,65 - 69세,제주도,모바일거래,국외여행,계약해제.해지/위약금
2023003441,2023-01-16,남자,20 - 29세,경기도,국내온라인거래,기타스포츠·레저기구·용품,청약철회
2023003442,2023-01-16,남자,30 - 39세,서울특별시,기타,모바일게임서비스,청약철회
2023003443,2023-01-16,여자,20 - 29세,경기도,일반판매,항공여객운송서비스,계약해제.해지/위약금
2023003444,2023-01-16,여자,40 - 49세,인천광역시,일반판매,기타이·미용서비스,계약해제.해지/위약금
2023003445,2023-01-16,남자,65 - 69세,부산광역시,방문판매,소파,계약불이행(불완전이행)
2023003446,2023-01-16,여자,40 - 49세,서울특별시,방문판매,가스보일러,AS불만
2023003447,2023-01-16,여자,60 - 64세,경기도,일반판매,기타주방설비,AS불만
2023003448,2023-01-16,여자,30 - 39세,서울특별시,기타,보석·귀금속,계약불이행(불완전이행)
2023003449,2023-01-16,여자,30 - 39세,서울특별시,방문판매,헬스장,계약해제.해지/위약금
2023003450,2023-01-16,남자,50 - 59세,서울특별시,국내온라인거래,기타미분류물품,품질(물품/용역)
2023003451,2023-01-16,남자,40 - 49세,경기도,국내온라인거래,퍼스널컴퓨터,AS불만
2023003452,2023-01-16,여자,30 - 39세,서울특별시,국내온라인거래,캐주얼바지,청약철회
2023003454,2023-01-16,여자,40 - 49세,경기도,일반판매,미용서비스,품질(물품/용역)
2023003455,2023-01-16,여자,40 - 49세,부산광역시,소셜커머스(쇼핑),기타육류·육류가공식품,계약해제.해지/위약금
2023003456,2023-01-17,여자,20 - 29세,대전광역시,기타,건물청소서비스,계약해제.해지/위약금
2023003457,2023-01-17,남자,30 - 39세,서울특별시,일반판매,전기자동차,품질(물품/용역)
2023003458,2023-01-17,여자,50 - 59세,충청남도,국내온라인거래,서랍장,품질(물품/용역)
2023003459,2023-01-17,여자,30 - 39세,인천광역시,국내온라인거래,소파,품질(물품/용역)
2023003460,2023-01-17,남자,30 - 39세,경기도,일반판매,헬스장,계약해제.해지/위약금
2023003461,2023-01-17,남자,30 - 39세,충청북도,국내온라인거래,전기자전거,AS불만
2023003462,2023-01-17,남자,40 - 49세,경기도,국내온라인거래,인터넷게임서비스,청약철회
2023003463,2023-01-17,남자,30 - 39세,경기도,국내온라인거래,와이퍼,품질(물품/용역)
2023003464,2023-01-17,남자,50 - 59세,서울특별시,국내온라인거래,낚시용품,표시.광고
2023003465,2023-01-17,남자,20 - 29세,서울특별시,일반판매,헬스장,계약해제.해지/위약금
2023003466,2023-01-17,여자,65 - 69세,대전광역시,전화권유판매,유사투자자문,계약해제.해지/위약금
2023003467,2023-01-17,남자,20 - 29세,서울특별시,소셜커머스(쇼핑),오토바이,AS불만
2023003469,2023-01-17,여자,20 - 29세,서울특별시,국내온라인거래,펜션,단순문의.상담
2023003470,2023-01-17,여자,40 - 49세,인천광역시,일반판매,상조서비스,계약해제.해지/위약금
2023003472,2023-01-17,여자,40 - 49세,충청북도,기타통신판매,유사투자자문,계약불이행(불완전이행)
2023003473,2023-01-17,남자,30 - 39세,경기도,전화권유판매,유사투자자문,계약해제.해지/위약금
2023003476,2023-01-17,여자,50 - 59세,대구광역시,국내온라인거래,니트(스웨터),표시.광고
2023003477,2023-01-17,남자,60 - 64세,강원특별자치도,일반판매,신경외과,품질(물품/용역)
2023003478,2023-01-17,여자,30 - 39세,서울특별시,국내온라인거래,사진촬영,계약해제.해지/위약금
2023003479,2023-01-17,여자,20 - 29세,서울특별시,일반판매,헬스장,계약해제.해지/위약금
2023003480,2023-01-17,여자,20 - 29세,울산광역시,모바일거래,사진촬영,계약해제.해지/위약금
2023003481,2023-01-17,남자,40 - 49세,서울특별시,일반판매,항공여객운송서비스,계약불이행(불완전이행)
2023003482,2023-01-17,남자,60 - 64세,서울특별시,일반판매,정형외과,품질(물품/용역)
2023003483,2023-01-17,여자,40 - 49세,서울특별시,일반판매,피부과,품질(물품/용역)
2023003484,2023-01-17,남자,40 - 49세,제주도,기타,이동전화서비스,부당행위
2023003485,2023-01-17,남자,65 - 69세,경상남도,일반판매,외과,품질(물품/용역)
2023003486,2023-01-17,여자,20 - 29세,충청남도,국내온라인거래,기타숙박시설,부당행위
2023003488,2023-01-17,남자,50 - 59세,경기도,일반판매,응급의학과,안전(제품/시설)
2023003489,2023-01-17,여자,30 - 39세,전라남도,국내온라인거래,이유식,품질(물품/용역)
2023003490,2023-01-17,남자,50 - 59세,전라북도,일반판매,자동차수리·점검,품질(물품/용역)
2023003491,2023-01-17,여자,50 - 59세,경기도,기타,전기압력밥솥,AS불만
2023003492,2023-01-17,남자,40 - 49세,서울특별시,모바일거래,점퍼·재킷류,품질(물품/용역)
2023003493,2023-01-17,남자,40 - 49세,전라북도,기타,골프회원권,계약불이행(불완전이행)
2023003494,2023-01-17,남자,40 - 49세,경상남도,일반판매,중고자동차중개·매매,표시.광고
2023003495,2023-01-17,남자,50 - 59세,제주도,기타통신판매,건물청소서비스,계약불이행(불완전이행)
2023003496,2023-01-17,남자,65 - 69세,서울특별시,일반판매,스마트폰,AS불만
2023003497,2023-01-17,남자,40 - 49세,경기도,국내온라인거래,어묵,청약철회
2023003498,2023-01-17,남자,20 - 29세,울산광역시,전화권유판매,유사투자자문,계약해제.해지/위약금
2023003499,2023-01-17,여자,30 - 39세,서울특별시,일반판매,기타가구,계약불이행(불완전이행)
2023003500,2023-01-17,남자,50 - 59세,경기도,일반판매,전기자전거,품질(물품/용역)
2023003501,2023-01-17,남자,30 - 39세,서울특별시,일반판매,의류수선,계약불이행(불완전이행)
2023003502,2023-01-17,여자,20 - 29세,경기도,기타,필라테스,계약해제.해지/위약금
2023003503,2023-01-17,여자,30 - 39세,서울특별시,국내온라인거래,쇠고기,청약철회
2023003504,2023-01-17,여자,40 - 49세,경기도,일반판매,기타숙박시설,계약불이행(불완전이행)
2023003505,2023-01-17,남자,30 - 39세,경기도,일반판매,예식서비스,계약해제.해지/위약금
2023003506,2023-01-17,여자,10 - 19세,서울특별시,일반판매,헬스장,계약해제.해지/위약금
2023003507,2023-01-17,여자,20 - 29세,경기도,국내온라인거래,기타자동차용품,계약해제.해지/위약금
2023003508,2023-01-17,여자,20 - 29세,부산광역시,일반판매,필라테스,계약해제.해지/위약금
2023003509,2023-01-17,여자,30 - 39세,인천광역시,일반판매,티셔츠,계약해제.해지/위약금
2023003510,2023-01-17,남자,40 - 49세,경기도,국내온라인거래,기타스포츠·레저기구·용품,계약불이행(불완전이행)
2023003511,2023-01-17,남자,20 - 29세,충청남도,일반판매,택배화물운송서비스,계약불이행(불완전이행)
2023003512,2023-01-17,여자,50 - 59세,서울특별시,국내온라인거래,스커트,계약해제.해지/위약금
2023003513,2023-01-17,남자,20 - 29세,경기도,국내온라인거래,항공여객운송서비스,계약불이행(불완전이행)
2023003514,2023-01-17,여자,50 - 59세,서울특별시,TV홈쇼핑,양복(서양식 의복)세탁,품질(물품/용역)
2023003515,2023-01-17,여자,60 - 64세,대구광역시,방문판매,기타일반화장품,안전(제품/시설)
2023003516,2023-01-17,여자,30 - 39세,서울특별시,소셜커머스(쇼핑),합성피혁의류,계약해제.해지/위약금
2023003517,2023-01-17,남자,20 - 29세,제주도,국내온라인거래,항공여객운송서비스,계약해제.해지/위약금
2023003518,2023-01-17,남자,40 - 49세,강원특별자치도,국내온라인거래,기타가정용공구,계약해제.해지/위약금
2023003519,2023-01-17,여자,불명,서울특별시,국내온라인거래,기타취미용품,청약철회
2023003520,2023-01-17,남자,40 - 49세,경기도,국내온라인거래,기타자동차용품,청약철회
2023003521,2023-01-17,남자,30 - 39세,경기도,일반판매,신유형상품권,거래관행
2023003523,2023-01-17,여자,60 - 64세,충청남도,일반판매,중고자동차중개·매매,계약불이행(불완전이행)
2023003524,2023-01-17,남자,40 - 49세,경기도,일반판매,골프용품,표시.광고
2023003525,2023-01-17,여자,80세이상,경기도,기타,이동전화서비스,부당행위
2023003526,2023-01-17,남자,50 - 59세,인천광역시,국내온라인거래,옷장,품질(물품/용역)
2023003527,2023-01-17,여자,40 - 49세,서울특별시,국내온라인거래,기타의류·섬유,계약불이행(불완전이행)
2023003528,2023-01-17,남자,30 - 39세,경기도,모바일거래,모바일게임서비스,부당행위
2023003529,2023-01-17,여자,30 - 39세,서울특별시,전화권유판매,인터넷정보이용서비스,계약해제.해지/위약금
2023003530,2023-01-17,남자,50 - 59세,경기도,전화권유판매,유사투자자문,계약해제.해지/위약금
2023003531,2023-01-17,남자,65 - 69세,경기도,국내온라인거래,항공여객운송서비스,계약해제.해지/위약금
2023003532,2023-01-17,여자,50 - 59세,서울특별시,국내온라인거래,지갑,품질(물품/용역)
2023003533,2023-01-17,여자,불명,해외 및 기타,국제온라인거래,기타문화용품,계약불이행(불완전이행)
2023003534,2023-01-17,여자,20 - 29세,서울특별시,일반판매,필라테스,계약해제.해지/위약금
2023003535,2023-01-17,여자,50 - 59세,경기도,일반판매,양복(서양식 의복)세탁,품질(물품/용역)
2023003536,2023-01-17,남자,40 - 49세,경상남도,일반판매,항공화물운송서비스,품질(물품/용역)
2023003537,2023-01-17,여자,30 - 39세,대구광역시,국내온라인거래,노트북컴퓨터,AS불만
2023003538,2023-01-17,남자,50 - 59세,경기도,일반판매,점퍼·재킷류,품질(물품/용역)
2023003539,2023-01-17,남자,65 - 69세,경상남도,일반판매,미분류수리가공,품질(물품/용역)
2023003540,2023-01-17,남자,40 - 49세,서울특별시,국내온라인거래,항공여객운송서비스,부당행위
2023003542,2023-01-17,여자,40 - 49세,경기도,국내온라인거래,점퍼·재킷류,계약해제.해지/위약금
2023003543,2023-01-17,여자,60 - 64세,경기도,일반판매,모피·모피의류,품질(물품/용역)
2023003544,2023-01-17,남자,60 - 64세,경기도,일반판매,미분류대여(렌트),AS불만
2023003545,2023-01-17,여자,40 - 49세,충청남도,국내온라인거래,스포츠시설이용,계약불이행(불완전이행)
2023003546,2023-01-17,여자,30 - 39세,대구광역시,소셜커머스(쇼핑),욕실설비,품질(물품/용역)
2023003547,2023-01-17,남자,10 - 19세,충청남도,모바일거래,모바일게임서비스,청약철회
2023003548,2023-01-17,남자,40 - 49세,경기도,국내온라인거래,시계,품질(물품/용역)
2023003549,2023-01-17,남자,50 - 59세,경상남도,국내온라인거래,노트북컴퓨터,품질(물품/용역)
2023003550,2023-01-17,남자,30 - 39세,서울특별시,국내온라인거래,니트(스웨터),계약해제.해지/위약금
2023003551,2023-01-17,여자,50 - 59세,경기도,TV홈쇼핑,기타의류·섬유,품질(물품/용역)
2023003552,2023-01-17,남자,40 - 49세,서울특별시,국내온라인거래,인터넷게임서비스,청약철회
2023003553,2023-01-17,여자,50 - 59세,광주광역시,일반판매,소파,품질(물품/용역)
2023003556,2023-01-17,여자,40 - 49세,울산광역시,일반판매,필라테스,계약해제.해지/위약금
2023003557,2023-01-17,여자,50 - 59세,경기도,국내온라인거래,가구세트,품질(물품/용역)
2023003558,2023-01-17,남자,50 - 59세,서울특별시,전화권유판매,유사투자자문,계약해제.해지/위약금
2023003559,2023-01-17,남자,20 - 29세,대구광역시,일반판매,헬스장,계약해제.해지/위약금
2023003560,2023-01-17,남자,50 - 59세,경상남도,전화권유판매,실손보험,계약해제.해지/위약금
2023003561,2023-01-17,남자,60 - 64세,전라남도,일반판매,건강(암·기타질병)보험,약관
2023003562,2023-01-17,여자,10 - 19세,경기도,일반판매,일반강습(입시학원등),계약해제.해지/위약금
2023003563,2023-01-17,여자,20 - 29세,충청북도,일반판매,필라테스,계약해제.해지/위약금
2023003564,2023-01-17,남자,불명,경기도,소셜커머스(쇼핑),스마트폰,계약불이행(불완전이행)
2023003565,2023-01-17,남자,70 - 79세,대구광역시,일반판매,전기장판,품질(물품/용역)
2023003566,2023-01-17,여자,20 - 29세,대전광역시,기타,헬스장,계약해제.해지/위약금
2023003567,2023-01-17,여자,20 - 29세,서울특별시,국제온라인거래,호텔,계약해제.해지/위약금
2023003568,2023-01-17,여자,40 - 49세,전라북도,국내온라인거래,화장품세트,계약불이행(불완전이행)
2023003569,2023-01-17,남자,30 - 39세,서울특별시,일반판매,피부·체형관리서비스,계약해제.해지/위약금
2023003570,2023-01-17,남자,50 - 59세,서울특별시,모바일거래,신유형상품권,계약불이행(불완전이행)
2023003571,2023-01-17,여자,30 - 39세,인천광역시,일반판매,상품권,계약불이행(불완전이행)
2023003572,2023-01-17,여자,20 - 29세,경기도,국내온라인거래,기타신변용품,계약불이행(불완전이행)
2023003573,2023-01-17,남자,70 - 79세,제주도,일반판매,재봉틀,계약불이행(불완전이행)
2023003574,2023-01-17,남자,60 - 64세,서울특별시,국내온라인거래,항공여객운송서비스,계약해제.해지/위약금
2023003575,2023-01-17,여자,40 - 49세,부산광역시,국내온라인거래,원피스,품질(물품/용역)
2023003576,2023-01-17,남자,40 - 49세,전라북도,국내온라인거래,항공여객운송서비스,계약해제.해지/위약금
2023003577,2023-01-17,여자,30 - 39세,경기도,국내온라인거래,신사화(구두·부츠 등),표시.광고
2023003578,2023-01-17,남자,40 - 49세,서울특별시,국내온라인거래,점퍼·재킷류,계약해제.해지/위약금
2023003579,2023-01-17,여자,40 - 49세,인천광역시,기타통신판매,"OTT서비스(넷플릭스,왓챠 등)",약관
2023003580,2023-01-17,여자,40 - 49세,경상남도,일반판매,점퍼·재킷류,품질(물품/용역)
2023003582,2023-01-17,남자,30 - 39세,부산광역시,일반판매,양복(서양식 의복)세탁,품질(물품/용역)
2023003583,2023-01-17,남자,40 - 49세,경기도,방문판매,헬스장,계약해제.해지/위약금
2023003584,2023-01-17,여자,40 - 49세,경기도,국내온라인거래,항공여객운송서비스,계약해제.해지/위약금
2023003585,2023-01-17,남자,65 - 69세,서울특별시,전화권유판매,국외여행,계약해제.해지/위약금
2023003586,2023-01-17,여자,30 - 39세,경기도,일반판매,"연회서비스(돌잔치,회갑 등)",계약해제.해지/위약금
2023003587,2023-01-17,남자,50 - 59세,경기도,방문판매,변액보험,약관
2023003588,2023-01-17,남자,30 - 39세,강원특별자치도,모바일거래,스포츠웨어,청약철회
2023003589,2023-01-17,여자,30 - 39세,서울특별시,국내온라인거래,기타간편복,계약해제.해지/위약금
2023003590,2023-01-17,여자,40 - 49세,대구광역시,전화권유판매,인터넷교육서비스,계약해제.해지/위약금
2023003591,2023-01-17,여자,30 - 39세,서울특별시,기타통신판매,이동전화서비스,계약해제.해지/위약금
2023003592,2023-01-17,여자,30 - 39세,서울특별시,국내온라인거래,꽃·화초·화환,품질(물품/용역)
2023003593,2023-01-17,여자,30 - 39세,서울특별시,국내온라인거래,전기세탁기,청약철회
2023003594,2023-01-17,남자,30 - 39세,경기도,국내온라인거래,전기장판,품질(물품/용역)
2023003595,2023-01-17,남자,20 - 29세,대구광역시,방문판매,보석·귀금속,계약불이행(불완전이행)
2023003596,2023-01-17,남자,40 - 49세,경기도,기타,이동전화서비스,계약해제.해지/위약금
2023003597,2023-01-17,남자,40 - 49세,경기도,국내온라인거래,녹화음반테이프(비디오카세트LP),청약철회
2023003598,2023-01-17,여자,30 - 39세,대구광역시,국내온라인거래,점퍼·재킷류,청약철회
2023003599,2023-01-17,여자,30 - 39세,경기도,국내온라인거래,기타문화·오락시설이용,계약해제.해지/위약금
2023003600,2023-01-17,여자,30 - 39세,경상남도,국내온라인거래,전기요,안전(제품/시설)
2023003601,2023-01-17,여자,20 - 29세,경기도,일반판매,필라테스,계약해제.해지/위약금
2023003602,2023-01-17,남자,20 - 29세,서울특별시,국내온라인거래,기타영상기기,청약철회
2023003603,2023-01-17,여자,30 - 39세,인천광역시,국내온라인거래,펜션,계약해제.해지/위약금
2023003604,2023-01-17,여자,30 - 39세,대구광역시,기타,아파트,품질(물품/용역)
2023003605,2023-01-17,여자,40 - 49세,서울특별시,국내온라인거래,항공여객운송서비스,계약해제.해지/위약금
2023003606,2023-01-17,여자,20 - 29세,서울특별시,국내온라인거래,택배화물운송서비스,계약불이행(불완전이행)
2023003607,2023-01-17,여자,40 - 49세,서울특별시,국내온라인거래,영화관람,계약해제.해지/위약금
2023003608,2023-01-17,여자,30 - 39세,경기도,기타,유치원,계약해제.해지/위약금
2023003609,2023-01-17,여자,50 - 59세,광주광역시,기타,가스보일러,계약불이행(불완전이행)
2023003610,2023-01-17,여자,50 - 59세,서울특별시,기타,선박화물운송서비스,계약불이행(불완전이행)
2023003611,2023-01-17,남자,30 - 39세,대전광역시,방문판매,기타세탁서비스,청약철회
2023003612,2023-01-17,여자,20 - 29세,경기도,모바일거래,기타숙박시설,표시.광고
2023003613,2023-01-17,여자,50 - 59세,부산광역시,기타통신판매,유사투자자문,계약해제.해지/위약금
2023003614,2023-01-17,남자,30 - 39세,서울특별시,국내온라인거래,기타의류·섬유,청약철회
2023003615,2023-01-17,남자,30 - 39세,충청북도,방문판매,스마트폰,가격.요금
2023003616,2023-01-17,여자,30 - 39세,경기도,국내온라인거래,영어자격(능력)시험,계약해제.해지/위약금
2023003617,2023-01-17,남자,40 - 49세,서울특별시,모바일거래,항공여객운송서비스,계약불이행(불완전이행)
2023003618,2023-01-17,여자,30 - 39세,서울특별시,일반판매,이동전화서비스,계약불이행(불완전이행)
2023003619,2023-01-17,남자,30 - 39세,서울특별시,전화권유판매,의류관리기(스타일러 등),계약해제.해지/위약금
2023003620,2023-01-17,남자,30 - 39세,경기도,국내온라인거래,운동화,청약철회
2023003621,2023-01-17,여자,30 - 39세,경기도,기타,기타사설강습서비스,계약해제.해지/위약금
2023003622,2023-01-17,여자,30 - 39세,서울특별시,기타,사진촬영,계약해제.해지/위약금
2023003623,2023-01-17,남자,30 - 39세,경기도,국내온라인거래,기타컴퓨터·주변기기,품질(물품/용역)
2023003624,2023-01-17,남자,30 - 39세,충청북도,일반판매,소파,품질(물품/용역)
2023003626,2023-01-17,남자,20 - 29세,경상북도,국내온라인거래,철도여객운송서비스,부당행위
2023003627,2023-01-17,남자,30 - 39세,경기도,기타,버스여객운송서비스,계약해제.해지/위약금
2023003628,2023-01-17,남자,30 - 39세,서울특별시,일반판매,피부·체형관리서비스,청약철회
2023003629,2023-01-17,여자,20 - 29세,부산광역시,모바일거래,항공여객운송서비스,계약해제.해지/위약금
2023003630,2023-01-17,남자,40 - 49세,서울특별시,소셜커머스(쇼핑),노트북컴퓨터,AS불만
2023003632,2023-01-17,여자,20 - 29세,인천광역시,방문판매,애완견,AS불만
2023003633,2023-01-17,여자,30 - 39세,서울특별시,기타,레저시설이용,계약해제.해지/위약금
2023003634,2023-01-17,여자,30 - 39세,인천광역시,기타,기타회원권,계약해제.해지/위약금
2023003635,2023-01-17,남자,50 - 59세,서울특별시,일반판매,묘지설비,부당행위
2023003636,2023-01-17,여자,30 - 39세,서울특별시,국내온라인거래,항공여객운송서비스,단순문의.상담
2023003637,2023-01-17,남자,30 - 39세,경기도,국내온라인거래,항공여객운송서비스,청약철회
2023003638,2023-01-17,남자,40 - 49세,경기도,기타,외식,부당행위
2023003639,2023-01-17,남자,30 - 39세,서울특별시,모바일거래,국외여행,계약해제.해지/위약금
2023003640,2023-01-17,여자,30 - 39세,부산광역시,국내온라인거래,원피스,품질(물품/용역)
2023003641,2023-01-17,여자,30 - 39세,경기도,일반판매,기타문화·오락시설이용,계약해제.해지/위약금
2023003642,2023-01-17,여자,50 - 59세,충청북도,전화권유판매,호텔,계약해제.해지/위약금
2023003643,2023-01-17,여자,40 - 49세,경상남도,전화권유판매,인터넷정보이용서비스,계약불이행(불완전이행)
2023003644,2023-01-17,남자,60 - 64세,인천광역시,기타통신판매,미분류대여(렌트),계약해제.해지/위약금
2023003645,2023-01-17,여자,20 - 29세,경기도,기타,필라테스,계약해제.해지/위약금
2023003646,2023-01-17,여자,30 - 39세,경기도,국제온라인거래,항공여객운송서비스,청약철회
2023003647,2023-01-17,남자,30 - 39세,대구광역시,국내온라인거래,기타가구,청약철회
2023003648,2023-01-17,남자,30 - 39세,경상남도,국내온라인거래,철도여객운송서비스,부당행위
2023003649,2023-01-17,남자,30 - 39세,서울특별시,일반판매,예식서비스,계약불이행(불완전이행)
2023003650,2023-01-17,여자,30 - 39세,경기도,기타,의류수선,품질(물품/용역)
2023003651,2023-01-17,여자,40 - 49세,강원특별자치도,국내온라인거래,애완동·식물용품,품질(물품/용역)
2023003652,2023-01-17,남자,30 - 39세,서울특별시,일반판매,헬스장,계약해제.해지/위약금
2023003701,2023-01-18,남자,30 - 39세,경기도,일반판매,대형승용자동차,AS불만
2023003702,2023-01-18,남자,30 - 39세,인천광역시,일반판매,자동차세차,부당행위
2023003703,2023-01-18,남자,40 - 49세,서울특별시,기타,상품권,계약불이행(불완전이행)
2023003704,2023-01-18,여자,70 - 79세,서울특별시,일반판매,양복(서양식 의복)세탁,품질(물품/용역)
2023003705,2023-01-18,여자,30 - 39세,충청남도,일반판매,애완고양이,계약불이행(불완전이행)
2023003706,2023-01-18,남자,60 - 64세,울산광역시,일반판매,자동차수리·점검,AS불만
2023003707,2023-01-18,남자,40 - 49세,경기도,국내온라인거래,TV,품질(물품/용역)
2023003709,2023-01-18,여자,20 - 29세,경기도,일반판매,성형외과,계약해제.해지/위약금
2023003710,2023-01-18,여자,30 - 39세,경기도,모바일거래,서랍장,청약철회
2023003711,2023-01-18,남자,30 - 39세,광주광역시,방문판매,기타자동차용품,청약철회
2023003712,2023-01-18,여자,20 - 29세,경기도,방문판매,미분류대여(렌트),계약해제.해지/위약금
2023003713,2023-01-18,여자,30 - 39세,인천광역시,국내온라인거래,핸드백,계약불이행(불완전이행)
2023003714,2023-01-18,남자,30 - 39세,광주광역시,국내온라인거래,음식물처리기,품질(물품/용역)
2023003715,2023-01-18,여자,30 - 39세,경기도,일반판매,예식서비스,계약해제.해지/위약금
2023003716,2023-01-18,남자,40 - 49세,경상남도,일반판매,기타자전거용품,품질(물품/용역)
2023003717,2023-01-18,여자,40 - 49세,경기도,방문판매,침대·매트리스대여(렌트),품질(물품/용역)
2023003719,2023-01-18,남자,70 - 79세,서울특별시,기타,기타가구,품질(물품/용역)
2023003720,2023-01-18,남자,40 - 49세,경상북도,국내온라인거래,축전지,청약철회
2023003722,2023-01-18,여자,40 - 49세,부산광역시,일반판매,상가·오피스텔임대차,약관
2023003723,2023-01-18,여자,40 - 49세,부산광역시,국내온라인거래,원피스,계약불이행(불완전이행)
2023003724,2023-01-18,남자,30 - 39세,경기도,전화권유판매,소프트웨어,계약불이행(불완전이행)
2023003725,2023-01-18,남자,40 - 49세,광주광역시,국내온라인거래,스노우체인,품질(물품/용역)
2023003726,2023-01-18,남자,30 - 39세,경기도,소셜커머스(쇼핑),모형완구,청약철회
2023003727,2023-01-18,남자,30 - 39세,강원특별자치도,모바일거래,모바일정보이용서비스,계약불이행(불완전이행)
2023003728,2023-01-18,남자,60 - 64세,서울특별시,국내온라인거래,전기진공청소기,계약해제.해지/위약금
2023003729,2023-01-18,남자,30 - 39세,부산광역시,일반판매,자동차주차장,계약해제.해지/위약금
2023003730,2023-01-18,남자,30 - 39세,경기도,국내온라인거래,침대,AS불만
2023003731,2023-01-18,여자,30 - 39세,서울특별시,일반판매,초고속인터넷,계약해제.해지/위약금
2023003732,2023-01-18,여자,20 - 29세,서울특별시,일반판매,고시원이용,계약해제.해지/위약금
2023003733,2023-01-18,여자,40 - 49세,인천광역시,기타,헬스장,계약해제.해지/위약금
2023003734,2023-01-18,여자,50 - 59세,경상북도,전화권유판매,유사투자자문,계약해제.해지/위약금
2023003735,2023-01-18,여자,40 - 49세,경기도,일반판매,이동전화서비스,가격.요금
2023003736,2023-01-18,여자,40 - 49세,세종특별자치시,국내온라인거래,사진촬영,청약철회
2023003737,2023-01-18,남자,20 - 29세,경기도,일반판매,인터넷교육서비스,계약해제.해지/위약금
2023003738,2023-01-18,여자,60 - 64세,경기도,국내온라인거래,화장품세트,계약불이행(불완전이행)
2023003739,2023-01-18,여자,20 - 29세,인천광역시,기타,사진촬영,계약해제.해지/위약금
2023003740,2023-01-18,남자,30 - 39세,인천광역시,국내온라인거래,유사투자자문,계약해제.해지/위약금
2023003741,2023-01-18,여자,20 - 29세,경기도,일반판매,헬스장,계약불이행(불완전이행)
2023003742,2023-01-18,여자,30 - 39세,서울특별시,방문판매,다이어트식품,청약철회
2023003744,2023-01-18,여자,50 - 59세,경기도,기타통신판매,노인복지,계약해제.해지/위약금
2023003745,2023-01-18,남자,60 - 64세,대전광역시,국내온라인거래,TV,품질(물품/용역)
2023003746,2023-01-18,여자,50 - 59세,서울특별시,국내온라인거래,인터넷교육서비스,계약불이행(불완전이행)
2023003747,2023-01-18,여자,30 - 39세,경기도,국내온라인거래,전기장판,품질(물품/용역)
2023003748,2023-01-18,남자,40 - 49세,경기도,기타통신판매,미분류수리가공,품질(물품/용역)
2023003749,2023-01-18,여자,20 - 29세,서울특별시,국내온라인거래,셔츠,청약철회
2023003750,2023-01-18,남자,30 - 39세,서울특별시,기타통신판매,반포장이사운송서비스,품질(물품/용역)
2023003751,2023-01-18,여자,40 - 49세,대전광역시,일반판매,화장품세트,품질(물품/용역)
2023003752,2023-01-18,여자,30 - 39세,전라북도,국내온라인거래,인터넷정보이용서비스,청약철회
2023003753,2023-01-18,남자,50 - 59세,경기도,국내온라인거래,신사복세트,계약불이행(불완전이행)
2023003754,2023-01-18,여자,30 - 39세,서울특별시,국내온라인거래,보석·귀금속,품질(물품/용역)
2023003755,2023-01-18,여자,30 - 39세,서울특별시,국내온라인거래,기타신발·용품,표시.광고
2023003756,2023-01-18,여자,40 - 49세,경기도,전화권유판매,스마트폰,AS불만
2023003757,2023-01-18,남자,30 - 39세,서울특별시,모바일거래,이동전화서비스,청약철회
2023003758,2023-01-18,남자,20 - 29세,서울특별시,일반판매,중고자동차중개·매매,품질(물품/용역)
2023003759,2023-01-18,여자,40 - 49세,서울특별시,일반판매,헬스장,계약해제.해지/위약금
2023003760,2023-01-18,여자,50 - 59세,경기도,일반판매,전기장판,품질(물품/용역)
2023003761,2023-01-18,남자,40 - 49세,경기도,기타통신판매,온풍기,청약철회
2023003763,2023-01-18,남자,20 - 29세,경기도,기타,헬스장,계약해제.해지/위약금
2023003764,2023-01-18,여자,40 - 49세,경기도,일반판매,기타어패류·어패류가공식품,품질(물품/용역)
2023003765,2023-01-18,남자,65 - 69세,대구광역시,일반판매,운동화,품질(물품/용역)
2023003766,2023-01-18,남자,50 - 59세,경기도,일반판매,숙녀화(구두·부츠 등),품질(물품/용역)
2023003767,2023-01-18,남자,50 - 59세,서울특별시,일반판매,운동화,품질(물품/용역)
2023003768,2023-01-18,여자,40 - 49세,경기도,국내온라인거래,숙녀화(구두·부츠 등),품질(물품/용역)
2023003769,2023-01-18,여자,40 - 49세,경기도,일반판매,이동전화서비스,계약불이행(불완전이행)
2023003770,2023-01-18,남자,40 - 49세,서울특별시,일반판매,인터넷교육서비스,계약해제.해지/위약금
2023003771,2023-01-18,남자,60 - 64세,경기도,국내온라인거래,전기자전거,품질(물품/용역)
2023003772,2023-01-18,남자,30 - 39세,경기도,방문판매,헬스장,계약해제.해지/위약금
2023003773,2023-01-18,남자,50 - 59세,경상남도,소셜커머스(쇼핑),기타자동차용품,AS불만
2023003774,2023-01-18,여자,불명,경기도,방문판매,건강(암·기타질병)보험,계약불이행(불완전이행)
2023003775,2023-01-18,남자,10 - 19세,경기도,일반판매,헬스장,계약해제.해지/위약금
2023003776,2023-01-18,여자,30 - 39세,제주도,국내온라인거래,USB,청약철회
2023003777,2023-01-18,남자,30 - 39세,서울특별시,일반판매,통합보장보험,약관
2023003778,2023-01-18,남자,40 - 49세,대구광역시,국내온라인거래,전기진공청소기,품질(물품/용역)
2023003780,2023-01-18,여자,30 - 39세,경기도,일반판매,운동화,품질(물품/용역)
2023003781,2023-01-18,여자,40 - 49세,광주광역시,일반판매,운동화,품질(물품/용역)
2023003782,2023-01-18,여자,30 - 39세,부산광역시,일반판매,샌들·슬리퍼,품질(물품/용역)
2023003783,2023-01-18,여자,50 - 59세,경기도,일반판매,산부인과,품질(물품/용역)
2023003784,2023-01-18,여자,60 - 64세,서울특별시,일반판매,성형외과,품질(물품/용역)
2023003785,2023-01-18,남자,65 - 69세,대전광역시,일반판매,내과,품질(물품/용역)
2023003786,2023-01-18,여자,60 - 64세,충청북도,일반판매,양복(서양식 의복)세탁,품질(물품/용역)
2023003787,2023-01-18,여자,20 - 29세,경기도,국내온라인거래,니트(스웨터),청약철회
2023003788,2023-01-18,여자,40 - 49세,경기도,기타,유치원,계약해제.해지/위약금
2023003789,2023-01-18,여자,50 - 59세,서울특별시,일반판매,산부인과,품질(물품/용역)
2023003790,2023-01-18,여자,30 - 39세,경기도,일반판매,피부·체형관리서비스,품질(물품/용역)
2023003791,2023-01-18,남자,30 - 39세,서울특별시,국내온라인거래,항공여객운송서비스,계약불이행(불완전이행)
2023003792,2023-01-18,여자,50 - 59세,서울특별시,일반판매,양복(서양식 의복)세탁,품질(물품/용역)
2023003793,2023-01-18,여자,60 - 64세,경기도,국내온라인거래,트레이닝기구,품질(물품/용역)
2023003794,2023-01-18,남자,60 - 64세,전라북도,일반판매,스마트폰,계약불이행(불완전이행)
2023003795,2023-01-18,남자,20 - 29세,경기도,국내온라인거래,스마트폰,계약불이행(불완전이행)
2023003796,2023-01-18,남자,30 - 39세,경기도,국내온라인거래,항공여객운송서비스,계약불이행(불완전이행)
2023003797,2023-01-18,여자,50 - 59세,경기도,일반판매,건강(암·기타질병)보험,약관
2023003799,2023-01-18,여자,20 - 29세,서울특별시,국내온라인거래,숙녀화(구두·부츠 등),청약철회
2023003800,2023-01-18,여자,60 - 64세,대구광역시,TV홈쇼핑,전기요,품질(물품/용역)
2023003801,2023-01-18,여자,20 - 29세,경기도,일반판매,필라테스,품질(물품/용역)
2023003802,2023-01-18,여자,30 - 39세,인천광역시,국내온라인거래,기타신변용품,품질(물품/용역)
2023003803,2023-01-18,남자,20 - 29세,경기도,기타,헬스장,계약해제.해지/위약금
2023003804,2023-01-18,남자,20 - 29세,강원특별자치도,모바일거래,모바일정보이용서비스,계약해제.해지/위약금
2023003805,2023-01-18,여자,10 - 19세,서울특별시,일반판매,헬스장,계약해제.해지/위약금
2023003806,2023-01-18,남자,30 - 39세,경기도,국내온라인거래,스노우체인,품질(물품/용역)
2023003808,2023-01-18,남자,50 - 59세,경기도,일반판매,니트(스웨터),표시.광고
2023003809,2023-01-18,여자,30 - 39세,해외 및 기타,국내온라인거래,기타서적음반류,품질(물품/용역)
2023003810,2023-01-18,여자,50 - 59세,충청북도,일반판매,숙녀화(구두·부츠 등),품질(물품/용역)
2023003811,2023-01-18,남자,50 - 59세,서울특별시,국내온라인거래,침대,품질(물품/용역)
2023003812,2023-01-18,여자,40 - 49세,경기도,일반판매,양복(서양식 의복)세탁,품질(물품/용역)
2023003813,2023-01-18,남자,40 - 49세,경기도,일반판매,신발세탁,계약불이행(불완전이행)
2023003814,2023-01-18,여자,60 - 64세,서울특별시,국내온라인거래,기타스포츠·레저기구·용품,품질(물품/용역)
2023003815,2023-01-18,여자,20 - 29세,서울특별시,일반판매,양복(서양식 의복)세탁,품질(물품/용역)
2023003816,2023-01-18,남자,40 - 49세,경기도,일반판매,신발세탁,계약불이행(불완전이행)
2023003818,2023-01-18,여자,40 - 49세,서울특별시,일반판매,아동화,품질(물품/용역)
2023003819,2023-01-18,남자,30 - 39세,대전광역시,일반판매,헬스장,계약불이행(불완전이행)
2023003821,2023-01-18,여자,40 - 49세,서울특별시,국내온라인거래,운동화,품질(물품/용역)
2023003822,2023-01-18,남자,40 - 49세,대전광역시,일반판매,헬스장,계약해제.해지/위약금
2023003823,2023-01-18,여자,30 - 39세,경기도,일반판매,한의원,계약해제.해지/위약금
2023003824,2023-01-18,남자,30 - 39세,서울특별시,일반판매,양복(서양식 의복)세탁,품질(물품/용역)
2023003825,2023-01-18,남자,불명,서울특별시,국내온라인거래,기타간편복,계약불이행(불완전이행)
2023003826,2023-01-18,남자,40 - 49세,대구광역시,국내온라인거래,김치냉장고,표시.광고
2023003827,2023-01-18,남자,70 - 79세,경기도,일반판매,모피·모피의류,품질(물품/용역)
2023003828,2023-01-18,여자,30 - 39세,광주광역시,일반판매,아파트,AS불만
2023003829,2023-01-18,여자,40 - 49세,인천광역시,일반판매,요가,계약해제.해지/위약금
2023003830,2023-01-18,여자,60 - 64세,서울특별시,일반판매,점퍼·재킷류,품질(물품/용역)
2023003831,2023-01-18,남자,40 - 49세,서울특별시,일반판매,가스보일러,품질(물품/용역)
2023003832,2023-01-18,여자,20 - 29세,충청북도,일반판매,헬스장,계약불이행(불완전이행)
2023003833,2023-01-18,여자,60 - 64세,경기도,일반판매,점퍼·재킷류,품질(물품/용역)
2023003834,2023-01-18,남자,30 - 39세,경상남도,방문판매,기타옥외장비·설비,계약불이행(불완전이행)
2023003835,2023-01-18,여자,40 - 49세,충청북도,일반판매,코트,품질(물품/용역)
2023003836,2023-01-18,남자,65 - 69세,부산광역시,일반판매,실손보험,약관
2023003837,2023-01-18,남자,50 - 59세,울산광역시,국내온라인거래,유사투자자문,계약해제.해지/위약금
2023003838,2023-01-18,여자,20 - 29세,서울특별시,일반판매,양복(서양식 의복)세탁,품질(물품/용역)
2023003839,2023-01-18,남자,50 - 59세,경상남도,일반판매,변호서비스,계약불이행(불완전이행)
2023003840,2023-01-18,여자,40 - 49세,인천광역시,기타,헬스장,계약해제.해지/위약금
2023003841,2023-01-18,남자,65 - 69세,경기도,국내온라인거래,소파,표시.광고
2023003842,2023-01-18,남자,30 - 39세,경상남도,일반판매,상품권,부당행위
2023003843,2023-01-18,여자,30 - 39세,서울특별시,국내온라인거래,골프회원권,계약불이행(불완전이행)
2023003844,2023-01-18,여자,30 - 39세,인천광역시,국내온라인거래,이불·요,품질(물품/용역)
2023003845,2023-01-18,남자,40 - 49세,경기도,국내온라인거래,손소독제(손세정제),계약불이행(불완전이행)
2023003846,2023-01-18,여자,40 - 49세,인천광역시,일반판매,외식,계약불이행(불완전이행)
2023003847,2023-01-18,여자,20 - 29세,인천광역시,일반판매,양복(서양식 의복)세탁,품질(물품/용역)
2023003901,2023-01-18,남자,20 - 29세,부산광역시,국내온라인거래,기타미분류서비스,품질(물품/용역)
2023003902,2023-01-18,남자,30 - 39세,강원특별자치도,일반판매,기타숙박시설,계약해제.해지/위약금
2023003903,2023-01-18,남자,20 - 29세,인천광역시,국내온라인거래,펜션,계약해제.해지/위약금
2023003904,2023-01-18,남자,20 - 29세,서울특별시,기타,헬스장,계약해제.해지/위약금
2023003905,2023-01-18,여자,20 - 29세,경기도,국내온라인거래,숙녀화(구두·부츠 등),청약철회
2023003907,2023-01-18,남자,30 - 39세,서울특별시,국내온라인거래,헤드폰·이어폰,청약철회
2023003908,2023-01-18,남자,50 - 59세,인천광역시,기타,여관(모텔),부당채권추심
2023003909,2023-01-18,여자,20 - 29세,서울특별시,소셜커머스(쇼핑),레저시설이용,계약해제.해지/위약금
2023003910,2023-01-18,남자,40 - 49세,경상북도,소셜커머스(쇼핑),전기팬히터,품질(물품/용역)
2023003911,2023-01-18,여자,30 - 39세,서울특별시,일반판매,컵,가격.요금
2023003912,2023-01-18,여자,30 - 39세,경기도,일반판매,기타방문·통신교육서비스,계약불이행(불완전이행)
2023003913,2023-01-18,남자,50 - 59세,부산광역시,기타통신판매,헤드폰·이어폰,청약철회
2023003914,2023-01-18,남자,30 - 39세,서울특별시,기타,헬스장,계약해제.해지/위약금
2023003915,2023-01-18,여자,30 - 39세,부산광역시,소셜커머스(쇼핑),기타가방,부당행위
2023003916,2023-01-18,여자,20 - 29세,경기도,방문판매,필라테스,계약해제.해지/위약금
2023003917,2023-01-18,여자,30 - 39세,서울특별시,방문판매,필라테스,계약해제.해지/위약금
2023003918,2023-01-18,여자,20 - 29세,서울특별시,일반판매,헬스장,계약해제.해지/위약금
2023003919,2023-01-18,여자,30 - 39세,경상남도,국내온라인거래,호텔,안전(제품/시설)
2023003920,2023-01-18,남자,30 - 39세,경기도,국내온라인거래,전기포트,품질(물품/용역)
2023003921,2023-01-18,여자,30 - 39세,부산광역시,국내온라인거래,기타의류·섬유,청약철회
2023003922,2023-01-18,여자,30 - 39세,부산광역시,방문판매,보석·귀금속,품질(물품/용역)
2023003924,2023-01-18,여자,40 - 49세,경상남도,국내온라인거래,LED마스크,계약해제.해지/위약금
2023003925,2023-01-18,남자,60 - 64세,경상남도,기타,택배화물운송서비스,품질(물품/용역)
2023003926,2023-01-18,남자,30 - 39세,대구광역시,일반판매,예식서비스,계약해제.해지/위약금
2023003927,2023-01-18,남자,30 - 39세,서울특별시,기타통신판매,이동전화서비스,청약철회
2023003928,2023-01-18,여자,30 - 39세,경기도,방문판매,예식서비스,품질(물품/용역)
2023003929,2023-01-18,여자,60 - 64세,경상남도,국내온라인거래,점퍼·재킷류,청약철회
2023003931,2023-01-18,여자,30 - 39세,경기도,일반판매,기타식품류,계약해제.해지/위약금
2023003932,2023-01-18,남자,40 - 49세,서울특별시,국내온라인거래,카메라,품질(물품/용역)
2023003933,2023-01-18,여자,30 - 39세,서울특별시,소셜커머스(쇼핑),학습지,계약해제.해지/위약금
2023003934,2023-01-18,남자,60 - 64세,인천광역시,국내온라인거래,호텔,계약해제.해지/위약금
2023003935,2023-01-18,남자,40 - 49세,경기도,일반판매,노트북컴퓨터,안전(제품/시설)
2023003936,2023-01-18,여자,30 - 39세,서울특별시,방문판매,헬스장,계약해제.해지/위약금
2023003937,2023-01-18,여자,40 - 49세,서울특별시,국내온라인거래,항공여객운송서비스,청약철회
2023003938,2023-01-18,여자,65 - 69세,대구광역시,기타통신판매,저축성보험,부당행위
2023003939,2023-01-18,여자,40 - 49세,경기도,일반판매,안경·안경테,청약철회
2023003940,2023-01-18,남자,20 - 29세,경기도,일반판매,헬스장,계약해제.해지/위약금
2023003941,2023-01-18,여자,30 - 39세,충청남도,국내온라인거래,점퍼·재킷류,청약철회
2023003942,2023-01-18,남자,20 - 29세,경상북도,모바일거래,마우스,청약철회
2023003943,2023-01-18,남자,30 - 39세,인천광역시,방문판매,헬스장,계약해제.해지/위약금
2023003944,2023-01-18,남자,40 - 49세,경기도,일반판매,애완견,품질(물품/용역)
2023003945,2023-01-18,남자,20 - 29세,부산광역시,기타,기타음식관련서비스,품질(물품/용역)
2023003946,2023-01-18,여자,30 - 39세,서울특별시,기타,피부·체형관리서비스,가격.요금
2023003947,2023-01-18,여자,20 - 29세,인천광역시,국내온라인거래,원피스,청약철회
2023003948,2023-01-18,남자,30 - 39세,경상남도,국내온라인거래,세탁물건조용품,계약해제.해지/위약금
2023003949,2023-01-18,남자,40 - 49세,대전광역시,모바일거래,복숭아,부당행위
2023003950,2023-01-18,여자,50 - 59세,경기도,소셜커머스(쇼핑),TV,품질(물품/용역)
2023003951,2023-01-18,여자,40 - 49세,경기도,일반판매,전기세탁기,품질(물품/용역)
2023003952,2023-01-18,여자,30 - 39세,서울특별시,국내온라인거래,기타의류·섬유,청약철회
2023003953,2023-01-18,여자,30 - 39세,서울특별시,일반판매,미용서비스,계약불이행(불완전이행)
2023003954,2023-01-18,여자,30 - 39세,인천광역시,소셜커머스(쇼핑),캐주얼바지,청약철회
2023003955,2023-01-18,여자,50 - 59세,경기도,기타,기타인테리어설비,AS불만
2023003956,2023-01-18,여자,40 - 49세,전라북도,소셜커머스(쇼핑),소파,품질(물품/용역)
2023003957,2023-01-18,여자,50 - 59세,전라북도,기타통신판매,기타일반화장품,계약불이행(불완전이행)
2023003958,2023-01-18,여자,40 - 49세,서울특별시,국내온라인거래,호텔,계약불이행(불완전이행)
2023003959,2023-01-18,여자,20 - 29세,서울특별시,국내온라인거래,기타숙박시설,계약해제.해지/위약금
2023003960,2023-01-18,남자,40 - 49세,전라북도,국내온라인거래,캐주얼바지,청약철회
2023003961,2023-01-18,여자,30 - 39세,경상남도,국내온라인거래,운동화,청약철회
2023003962,2023-01-18,여자,50 - 59세,경기도,방문판매,미용서비스,계약해제.해지/위약금
2023003963,2023-01-18,여자,20 - 29세,서울특별시,전화권유판매,필라테스,계약해제.해지/위약금
2023003964,2023-01-18,남자,30 - 39세,전라북도,소셜커머스(쇼핑),믹서기,청약철회
2023003965,2023-01-18,남자,20 - 29세,대구광역시,국내온라인거래,헤드폰·이어폰,AS불만
2023003966,2023-01-18,여자,20 - 29세,광주광역시,전화권유판매,기타인터넷기반서비스,계약해제.해지/위약금
2023003967,2023-01-18,여자,30 - 39세,경기도,국내온라인거래,기타가구,품질(물품/용역)
2023003968,2023-01-18,남자,30 - 39세,경상북도,모바일거래,기타미분류물품,청약철회
2023003969,2023-01-18,남자,50 - 59세,경상남도,국제온라인거래,점퍼·재킷류,계약불이행(불완전이행)
2023003970,2023-01-18,여자,20 - 29세,서울특별시,일반판매,보석·귀금속,품질(물품/용역)
2023003971,2023-01-18,남자,30 - 39세,충청남도,일반판매,룸에어컨,AS불만
2023003972,2023-01-18,남자,20 - 29세,경기도,일반판매,각종자격취득강습,계약해제.해지/위약금
2023003973,2023-01-18,남자,40 - 49세,인천광역시,방문판매,종합체육시설회원권,계약해제.해지/위약금
2023003974,2023-01-18,여자,30 - 39세,부산광역시,모바일거래,점퍼·재킷류,계약불이행(불완전이행)
2023003975,2023-01-18,남자,30 - 39세,경기도,방문판매,기타인테리어설비,계약해제.해지/위약금
2023003976,2023-01-18,여자,30 - 39세,경기도,기타,항공여객운송서비스,계약해제.해지/위약금
2023003977,2023-01-18,남자,20 - 29세,부산광역시,기타,사진촬영,청약철회
2023003978,2023-01-18,여자,30 - 39세,광주광역시,기타,요가,계약해제.해지/위약금
2023003981,2023-01-18,여자,20 - 29세,경기도,국내온라인거래,기타신변용품,표시.광고
2023003982,2023-01-19,남자,50 - 59세,경기도,일반판매,자동차수리·점검,AS불만
2023003983,2023-01-19,여자,40 - 49세,세종특별자치시,일반판매,전기카페트,품질(물품/용역)
2023003984,2023-01-19,여자,30 - 39세,서울특별시,방문판매,실손보험,계약불이행(불완전이행)
2023003985,2023-01-19,남자,30 - 39세,경기도,일반판매,대형승용자동차,품질(물품/용역)
2023003986,2023-01-19,남자,20 - 29세,경기도,국제온라인거래,항공여객운송서비스,계약불이행(불완전이행)
2023003988,2023-01-18,여자,20 - 29세,서울특별시,일반판매,필라테스,계약해제.해지/위약금
2023003989,2023-01-19,여자,30 - 39세,대전광역시,일반판매,필라테스,계약불이행(불완전이행)
2023003990,2023-01-19,여자,60 - 64세,서울특별시,기타,티셔츠,품질(물품/용역)
2023003991,2023-01-19,남자,30 - 39세,서울특별시,일반판매,상품권,계약불이행(불완전이행)
2023003992,2023-01-19,여자,40 - 49세,대구광역시,국내온라인거래,모바일정보이용서비스,거래관행
2023003993,2023-01-19,여자,30 - 39세,경기도,일반판매,벨트,품질(물품/용역)
2023003994,2023-01-19,여자,불명,대전광역시,일반판매,상품권,계약불이행(불완전이행)
2023003995,2023-01-19,남자,30 - 39세,서울특별시,일반판매,피부·체형관리서비스,계약해제.해지/위약금
2023003996,2023-01-19,여자,30 - 39세,울산광역시,국내온라인거래,필라테스,계약해제.해지/위약금
2023003997,2023-01-19,여자,50 - 59세,강원특별자치도,TV홈쇼핑,음식물처리기대여(렌트),품질(물품/용역)
2023003998,2023-01-19,여자,20 - 29세,제주도,일반판매,필라테스,계약해제.해지/위약금
2023003999,2023-01-19,여자,20 - 29세,대전광역시,일반판매,인터넷정보이용서비스,계약불이행(불완전이행)
2023004000,2023-01-19,남자,20 - 29세,경기도,일반판매,자동차수리·점검,AS불만
2023004001,2023-01-19,남자,40 - 49세,서울특별시,국내온라인거래,TV,품질(물품/용역)
2023004002,2023-01-19,여자,30 - 39세,경기도,일반판매,정수기대여(렌트),안전(제품/시설)
2023004005,2023-01-19,여자,50 - 59세,대전광역시,일반판매,공중목욕탕,계약해제.해지/위약금
2023004006,2023-01-19,여자,20 - 29세,경기도,국내온라인거래,티셔츠,계약해제.해지/위약금
2023004007,2023-01-19,여자,50 - 59세,서울특별시,일반판매,상조서비스,계약불이행(불완전이행)
2023004008,2023-01-19,남자,50 - 59세,경기도,모바일거래,호텔,계약해제.해지/위약금
2023004009,2023-01-19,남자,65 - 69세,대전광역시,일반판매,상해보험,약관
2023004010,2023-01-19,여자,50 - 59세,인천광역시,일반판매,점퍼·재킷류,품질(물품/용역)
2023004012,2023-01-19,남자,30 - 39세,경상북도,일반판매,스포츠웨어,품질(물품/용역)
2023004013,2023-01-19,남자,30 - 39세,대전광역시,국내온라인거래,지갑,품질(물품/용역)
2023004014,2023-01-19,여자,40 - 49세,경기도,일반판매,차량용블랙박스,청약철회
2023004015,2023-01-19,남자,40 - 49세,경기도,국내온라인거래,자동차보험,계약불이행(불완전이행)
2023004016,2023-01-19,여자,70 - 79세,경상북도,국내온라인거래,온풍기,계약불이행(불완전이행)
2023004017,2023-01-19,여자,40 - 49세,서울특별시,기타,실손보험,계약불이행(불완전이행)
2023004018,2023-01-19,남자,30 - 39세,서울특별시,국내온라인거래,노트북컴퓨터,품질(물품/용역)
2023004019,2023-01-19,여자,30 - 39세,경상남도,소셜커머스(쇼핑),원피스,청약철회
2023004020,2023-01-19,여자,60 - 64세,서울특별시,국내온라인거래,항공여객운송서비스,청약철회
2023004021,2023-01-19,남자,50 - 59세,경기도,일반판매,이동전화서비스,표시.광고
2023004022,2023-01-19,여자,50 - 59세,강원특별자치도,TV홈쇼핑,핸드백,품질(물품/용역)
2023004023,2023-01-19,남자,65 - 69세,서울특별시,일반판매,보증보험,계약불이행(불완전이행)
2023004024,2023-01-19,여자,40 - 49세,경기도,일반판매,필라테스,계약해제.해지/위약금
2023004025,2023-01-19,남자,30 - 39세,전라남도,방문판매,콘도회원권,계약해제.해지/위약금
2023004026,2023-01-19,여자,40 - 49세,인천광역시,일반판매,항공여객운송서비스,계약해제.해지/위약금
2023004027,2023-01-19,여자,30 - 39세,광주광역시,일반판매,요가,계약불이행(불완전이행)
2023004028,2023-01-19,남자,65 - 69세,대구광역시,일반판매,양복(서양식 의복)세탁,품질(물품/용역)
2023004029,2023-01-19,남자,30 - 39세,경기도,일반판매,자동차수리·점검,AS불만
2023004030,2023-01-19,남자,40 - 49세,부산광역시,기타통신판매,프린터,품질(물품/용역)
2023004031,2023-01-19,남자,30 - 39세,인천광역시,국내온라인거래,커피,계약불이행(불완전이행)
2023004032,2023-01-19,남자,(미입력),충청남도,국내온라인거래,기타자동차용품,품질(물품/용역)
2023004033,2023-01-19,여자,30 - 39세,서울특별시,국내온라인거래,각종공연관람,계약불이행(불완전이행)
2023004035,2023-01-19,여자,20 - 29세,인천광역시,일반판매,헬스장,계약해제.해지/위약금
2023004036,2023-01-19,여자,30 - 39세,대전광역시,국내온라인거래,이불·요,계약불이행(불완전이행)
2023004037,2023-01-19,여자,40 - 49세,경기도,일반판매,양복(서양식 의복)세탁,품질(물품/용역)
2023004038,2023-01-19,남자,40 - 49세,서울특별시,국내온라인거래,호텔,계약해제.해지/위약금
2023004039,2023-01-19,남자,30 - 39세,서울특별시,국내온라인거래,노트북컴퓨터,AS불만
2023004040,2023-01-19,남자,30 - 39세,서울특별시,국내온라인거래,스노우체인,품질(물품/용역)
2023004041,2023-01-19,남자,70 - 79세,인천광역시,일반판매,TV,품질(물품/용역)
2023004042,2023-01-19,여자,40 - 49세,인천광역시,국내온라인거래,아동복,청약철회
2023004043,2023-01-19,남자,40 - 49세,경상남도,모바일거래,그림,계약해제.해지/위약금
2023004044,2023-01-19,여자,10 - 19세,서울특별시,국내온라인거래,애완동·식물용품,청약철회
2023004045,2023-01-19,여자,40 - 49세,경기도,일반판매,양복(서양식 의복)세탁,품질(물품/용역)
2023004046,2023-01-19,남자,50 - 59세,인천광역시,일반판매,정수기대여(렌트),품질(물품/용역)
2023004047,2023-01-19,여자,40 - 49세,부산광역시,국내온라인거래,아동복,청약철회
2023004048,2023-01-19,남자,40 - 49세,경상북도,전화권유판매,기타매체광고,계약불이행(불완전이행)
2023004049,2023-01-19,여자,20 - 29세,서울특별시,일반판매,헬스장,계약해제.해지/위약금
2023004051,2023-01-19,여자,30 - 39세,부산광역시,국내온라인거래,매트,품질(물품/용역)
2023004053,2023-01-19,여자,40 - 49세,서울특별시,전화권유판매,실손보험,계약불이행(불완전이행)
2023004054,2023-01-19,여자,30 - 39세,제주도,소셜커머스(쇼핑),기타재봉·세탁·청소용품,청약철회
2023004055,2023-01-19,남자,60 - 64세,강원특별자치도,국내온라인거래,항공여객운송서비스,계약해제.해지/위약금
2023004056,2023-01-19,여자,30 - 39세,경기도,TV홈쇼핑,음식물처리기대여(렌트),AS불만
2023004058,2023-01-19,남자,30 - 39세,경기도,일반판매,스마트폰,품질(물품/용역)
2023004059,2023-01-19,여자,60 - 64세,경기도,일반판매,침대,계약불이행(불완전이행)
2023004062,2023-01-19,여자,30 - 39세,서울특별시,일반판매,핸드백,품질(물품/용역)
2023004063,2023-01-19,남자,40 - 49세,충청남도,소셜커머스(쇼핑),기타공조·냉난방기기,표시.광고
2023004064,2023-01-19,여자,20 - 29세,부산광역시,일반판매,필라테스,계약불이행(불완전이행)
2023004066,2023-01-19,여자,30 - 39세,전라남도,국내온라인거래,기타의류·섬유,계약불이행(불완전이행)
2023004067,2023-01-19,여자,30 - 39세,서울특별시,국내온라인거래,기타가방,청약철회
2023004068,2023-01-19,남자,30 - 39세,광주광역시,국내온라인거래,기타문화용품,품질(물품/용역)
2023004069,2023-01-19,남자,50 - 59세,인천광역시,일반판매,이동전화서비스,계약해제.해지/위약금
2023004070,2023-01-19,여자,30 - 39세,경기도,방문판매,피부과,계약해제.해지/위약금
2023004071,2023-01-19,여자,50 - 59세,광주광역시,일반판매,묘지설비,계약해제.해지/위약금
2023004072,2023-01-19,여자,65 - 69세,경기도,일반판매,실손보험,계약불이행(불완전이행)
2023004073,2023-01-19,여자,30 - 39세,경기도,국내온라인거래,모형완구,계약불이행(불완전이행)
2023004075,2023-01-19,여자,70 - 79세,서울특별시,일반판매,사과,품질(물품/용역)
2023004076,2023-01-19,여자,50 - 59세,경상북도,일반판매,스마트폰,AS불만
2023004077,2023-01-19,여자,40 - 49세,경기도,일반판매,핸드백,품질(물품/용역)
2023004078,2023-01-19,여자,30 - 39세,부산광역시,일반판매,필라테스,계약불이행(불완전이행)
2023004079,2023-01-19,여자,65 - 69세,경기도,일반판매,종신보험,약관
2023004080,2023-01-19,남자,50 - 59세,경상북도,일반판매,상해보험,약관
2023004081,2023-01-19,여자,40 - 49세,경기도,일반판매,상해보험,약관
2023004082,2023-01-19,남자,65 - 69세,서울특별시,기타통신판매,유사투자자문,계약해제.해지/위약금
2023004083,2023-01-19,남자,40 - 49세,충청북도,일반판매,축전지,품질(물품/용역)
2023004084,2023-01-19,남자,20 - 29세,서울특별시,국내온라인거래,헤드폰·이어폰,계약불이행(불완전이행)
2023004085,2023-01-19,여자,30 - 39세,인천광역시,일반판매,기타가방,청약철회
2023004086,2023-01-19,남자,40 - 49세,인천광역시,일반판매,기타인테리어설비,계약해제.해지/위약금
2023004087,2023-01-19,여자,50 - 59세,서울특별시,일반판매,코트,계약해제.해지/위약금
2023004088,2023-01-19,남자,70 - 79세,인천광역시,국내온라인거래,기타의료용구,AS불만
2023004089,2023-01-19,여자,30 - 39세,광주광역시,일반판매,신발세탁,계약불이행(불완전이행)
2023004090,2023-01-19,여자,20 - 29세,대전광역시,일반판매,필라테스,계약불이행(불완전이행)
2023004091,2023-01-19,여자,30 - 39세,서울특별시,모바일거래,기타의료서비스,계약불이행(불완전이행)
2023004092,2023-01-19,여자,30 - 39세,충청북도,일반판매,기타인테리어설비,품질(물품/용역)
2023004093,2023-01-19,여자,40 - 49세,경기도,국내온라인거래,국외여행,계약해제.해지/위약금
2023004094,2023-01-19,남자,불명,울산광역시,모바일거래,교통카드,계약불이행(불완전이행)
2023004095,2023-01-19,남자,20 - 29세,경기도,국내온라인거래,항공여객운송서비스,청약철회
2023004096,2023-01-19,남자,30 - 39세,충청북도,일반판매,사진촬영,계약불이행(불완전이행)
2023004097,2023-01-19,여자,30 - 39세,서울특별시,국내온라인거래,기타숙박시설,계약해제.해지/위약금
2023004098,2023-01-19,여자,30 - 39세,인천광역시,국내온라인거래,기타숙박시설,계약해제.해지/위약금
2023004099,2023-01-19,여자,30 - 39세,서울특별시,일반판매,미용서비스,품질(물품/용역)
2023004100,2023-01-19,여자,70 - 79세,제주도,일반판매,헬스장,계약해제.해지/위약금
2023004101,2023-01-19,남자,30 - 39세,부산광역시,국내온라인거래,호텔,청약철회
2023004103,2023-01-19,여자,40 - 49세,경기도,일반판매,종합체육시설회원권,계약해제.해지/위약금
2023004105,2023-01-19,여자,30 - 39세,경기도,일반판매,숙녀복하의,품질(물품/용역)
2023004106,2023-01-19,남자,30 - 39세,부산광역시,일반판매,예식서비스,계약해제.해지/위약금
2023004107,2023-01-19,남자,30 - 39세,경기도,일반판매,니트(스웨터),품질(물품/용역)
2023004108,2023-01-19,여자,40 - 49세,서울특별시,일반판매,필라테스,계약해제.해지/위약금
2023004109,2023-01-19,남자,40 - 49세,경기도,일반판매,자동차수리·점검,품질(물품/용역)
2023004111,2023-01-19,남자,40 - 49세,울산광역시,국내온라인거래,전기맛사지기,품질(물품/용역)
2023004112,2023-01-19,여자,30 - 39세,대전광역시,일반판매,자동차세차,계약불이행(불완전이행)
2023004113,2023-01-19,남자,30 - 39세,경기도,국내온라인거래,항공여객운송서비스,계약불이행(불완전이행)
2023004114,2023-01-19,남자,50 - 59세,서울특별시,국내온라인거래,신유형상품권,청약철회
2023004115,2023-01-19,여자,40 - 49세,서울특별시,방문판매,자동차대여(렌트),부당행위
2023004116,2023-01-19,남자,40 - 49세,경기도,모바일거래,펜션,계약해제.해지/위약금
2023004117,2023-01-19,남자,30 - 39세,서울특별시,국내온라인거래,니트(스웨터),청약철회
2023004118,2023-01-19,여자,60 - 64세,전라북도,일반판매,홈오토메이션기기,AS불만
2023004119,2023-01-19,여자,50 - 59세,경기도,일반판매,차량용블랙박스,계약해제.해지/위약금
2023004120,2023-01-19,여자,40 - 49세,울산광역시,일반판매,피부·체형관리서비스,계약해제.해지/위약금
2023004121,2023-01-19,여자,20 - 29세,경기도,일반판매,호텔,약관
2023004122,2023-01-19,여자,40 - 49세,경상북도,국내온라인거래,호텔,계약해제.해지/위약금
2023004123,2023-01-19,여자,30 - 39세,부산광역시,일반판매,필라테스,계약불이행(불완전이행)
2023004124,2023-01-19,남자,40 - 49세,경기도,일반판매,이불·요,품질(물품/용역)
2023004125,2023-01-19,남자,20 - 29세,서울특별시,일반판매,헬스장,계약불이행(불완전이행)
2023004126,2023-01-19,남자,20 - 29세,서울특별시,일반판매,헬스장,계약해제.해지/위약금
2023004127,2023-01-19,여자,65 - 69세,경상남도,일반판매,코트,청약철회
2023004128,2023-01-19,여자,30 - 39세,경기도,국내온라인거래,모바일정보이용서비스,계약해제.해지/위약금
2023004129,2023-01-19,여자,50 - 59세,경기도,모바일거래,펜션,계약해제.해지/위약금
2023004131,2023-01-19,여자,30 - 39세,서울특별시,국내온라인거래,기타가방,청약철회
2023004132,2023-01-19,여자,30 - 39세,울산광역시,일반판매,점퍼·재킷류,품질(물품/용역)
2023004133,2023-01-19,남자,50 - 59세,인천광역시,모바일거래,기타자동차용품,품질(물품/용역)
2023004134,2023-01-19,여자,50 - 59세,대구광역시,일반판매,정수기대여(렌트),품질(물품/용역)
2023004135,2023-01-19,남자,50 - 59세,서울특별시,일반판매,국외여행,청약철회
2023004136,2023-01-19,여자,50 - 59세,경기도,국내온라인거래,닭고기포장육,품질(물품/용역)
2023004137,2023-01-19,여자,80세이상,제주도,일반판매,피혁세탁,품질(물품/용역)
2023004138,2023-01-19,여자,20 - 29세,부산광역시,일반판매,이동전화서비스,계약해제.해지/위약금
2023004139,2023-01-19,여자,20 - 29세,서울특별시,국내온라인거래,항공여객운송서비스,계약불이행(불완전이행)
2023004140,2023-01-19,여자,20 - 29세,서울특별시,국내온라인거래,식탁,품질(물품/용역)
2023004141,2023-01-19,여자,40 - 49세,서울특별시,국내온라인거래,숙녀화(구두·부츠 등),가격.요금
2023004143,2023-01-19,남자,65 - 69세,경기도,일반판매,실손보험,약관
2023004144,2023-01-19,여자,30 - 39세,경기도,일반판매,인터넷교육서비스,계약해제.해지/위약금
2023004145,2023-01-19,여자,50 - 59세,서울특별시,국내온라인거래,기타건강식품,품질(물품/용역)
2023004146,2023-01-19,남자,30 - 39세,경기도,일반판매,안경·안경테,청약철회
2023004147,2023-01-19,여자,50 - 59세,경상남도,국내온라인거래,기타의류·섬유,청약철회
2023004148,2023-01-19,남자,30 - 39세,제주도,소셜커머스(쇼핑),낚시용품,품질(물품/용역)
2023004149,2023-01-19,남자,20 - 29세,경상북도,국내온라인거래,국외여행,계약불이행(불완전이행)
2023004150,2023-01-19,남자,20 - 29세,경기도,방문판매,헬스장,계약해제.해지/위약금
2023004151,2023-01-19,여자,30 - 39세,서울특별시,소셜커머스(쇼핑),기타숙박시설,계약해제.해지/위약금
2023004152,2023-01-19,남자,40 - 49세,서울특별시,국내온라인거래,국외여행,계약불이행(불완전이행)
2023004153,2023-01-19,남자,40 - 49세,경상남도,기타,국제결혼중개,계약해제.해지/위약금
2023004154,2023-01-19,남자,40 - 49세,경기도,국내온라인거래,침대,표시.광고
2023004155,2023-01-19,여자,30 - 39세,경기도,소셜커머스(쇼핑),시계,계약불이행(불완전이행)
2023004156,2023-01-19,여자,50 - 59세,경기도,모바일거래,"OTT서비스(넷플릭스,왓챠 등)",계약해제.해지/위약금
2023004157,2023-01-19,남자,50 - 59세,서울특별시,일반판매,가스보일러,품질(물품/용역)
2023004158,2023-01-19,여자,50 - 59세,전라북도,TV홈쇼핑,소파,품질(물품/용역)
2023004159,2023-01-19,남자,40 - 49세,경상북도,기타,인터넷게임서비스,계약불이행(불완전이행)
2023004160,2023-01-19,남자,20 - 29세,경기도,방문판매,헬스장,계약해제.해지/위약금
2023004161,2023-01-19,여자,40 - 49세,경기도,국내온라인거래,소파,품질(물품/용역)
2023004162,2023-01-19,여자,30 - 39세,전라북도,모바일거래,기타인터넷기반서비스,계약해제.해지/위약금
2023004163,2023-01-19,남자,20 - 29세,광주광역시,일반판매,헬스장,계약해제.해지/위약금
2023004164,2023-01-19,남자,40 - 49세,전라북도,소셜커머스(쇼핑),기타가사장비품,청약철회
2023004165,2023-01-19,여자,20 - 29세,서울특별시,국내온라인거래,노트·수첩·앨범등,청약철회
2023004166,2023-01-19,여자,20 - 29세,서울특별시,국내온라인거래,인터넷교육서비스,계약불이행(불완전이행)
2023004167,2023-01-19,여자,20 - 29세,경기도,일반판매,헬스장,계약해제.해지/위약금
2023004168,2023-01-19,남자,40 - 49세,서울특별시,일반판매,침대,품질(물품/용역)
2023004169,2023-01-19,남자,40 - 49세,경기도,일반판매,건물청소서비스,품질(물품/용역)
2023004170,2023-01-19,남자,30 - 39세,충청남도,일반판매,국내결혼중개,계약불이행(불완전이행)
2023004171,2023-01-19,여자,20 - 29세,부산광역시,일반판매,양복(서양식 의복)세탁,품질(물품/용역)
2023004172,2023-01-19,여자,50 - 59세,경기도,일반판매,헬스장,계약해제.해지/위약금
2023004173,2023-01-19,여자,30 - 39세,서울특별시,국내온라인거래,코트,청약철회
2023004174,2023-01-19,남자,20 - 29세,강원특별자치도,국내온라인거래,호텔,청약철회
2023004175,2023-01-19,남자,40 - 49세,대구광역시,소셜커머스(쇼핑),할인회원권,표시.광고
2023004176,2023-01-19,여자,30 - 39세,충청남도,국내온라인거래,기타육류·육류가공식품,청약철회
2023004177,2023-01-19,여자,30 - 39세,서울특별시,국내온라인거래,기타미분류서비스,품질(물품/용역)
2023004178,2023-01-19,남자,20 - 29세,경기도,국내온라인거래,소파,품질(물품/용역)
2023004179,2023-01-19,여자,40 - 49세,전라북도,기타통신판매,이동전화서비스,계약해제.해지/위약금
2023004180,2023-01-19,여자,60 - 64세,경상북도,소셜커머스(쇼핑),기타가구,청약철회
2023004181,2023-01-19,여자,20 - 29세,대전광역시,기타통신판매,컵,청약철회
2023004182,2023-01-19,남자,30 - 39세,경기도,국내온라인거래,기타숙박시설,계약해제.해지/위약금
2023004184,2023-01-19,여자,30 - 39세,인천광역시,기타,고시원이용,계약해제.해지/위약금
2023004185,2023-01-19,여자,30 - 39세,강원특별자치도,국내온라인거래,기타숙박시설,청약철회
2023004186,2023-01-19,여자,30 - 39세,경상남도,방문판매,소파,계약해제.해지/위약금
2023004187,2023-01-19,여자,50 - 59세,경기도,일반판매,요가,계약해제.해지/위약금
2023004188,2023-01-19,여자,30 - 39세,서울특별시,기타,각종자격취득강습,부당행위
2023004189,2023-01-19,남자,20 - 29세,광주광역시,방문판매,헬스장,계약해제.해지/위약금
2023004190,2023-01-19,남자,40 - 49세,울산광역시,모바일거래,헤드폰·이어폰,계약불이행(불완전이행)
2023004191,2023-01-19,여자,40 - 49세,전라남도,소셜커머스(쇼핑),냄비,품질(물품/용역)
2023004192,2023-01-19,여자,50 - 59세,경기도,기타,항공여객운송서비스,계약불이행(불완전이행)
2023004193,2023-01-19,여자,40 - 49세,경기도,일반판매,헬스장,계약해제.해지/위약금
2023004194,2023-01-19,여자,30 - 39세,부산광역시,일반판매,기타수선·염색서비스,품질(물품/용역)
2023004195,2023-01-19,남자,50 - 59세,충청남도,소셜커머스(쇼핑),택배화물운송서비스,품질(물품/용역)
2023004196,2023-01-19,여자,40 - 49세,서울특별시,국내온라인거래,노트북컴퓨터,계약불이행(불완전이행)
2023004197,2023-01-19,남자,30 - 39세,경기도,소셜커머스(쇼핑),TV,청약철회
2023004198,2023-01-19,남자,20 - 29세,경상남도,기타,헬스장,계약해제.해지/위약금
2023004200,2023-01-19,여자,40 - 49세,대구광역시,전화권유판매,기타정보이용서비스,계약해제.해지/위약금
2023004201,2023-01-19,여자,40 - 49세,경상남도,국내온라인거래,기타서적음반류,계약해제.해지/위약금
2023004202,2023-01-19,여자,40 - 49세,서울특별시,일반판매,기타문화·오락시설이용,계약불이행(불완전이행)
2023004203,2023-01-19,여자,30 - 39세,경기도,방문판매,학습지,계약해제.해지/위약금
2023004204,2023-01-19,남자,30 - 39세,서울특별시,방문판매,학습지,계약해제.해지/위약금
2023004205,2023-01-19,남자,20 - 29세,경상북도,국내온라인거래,인터넷게임서비스,계약불이행(불완전이행)
2023004206,2023-01-19,남자,30 - 39세,서울특별시,모바일거래,헬스장,계약해제.해지/위약금
2023004207,2023-01-19,남자,65 - 69세,경상북도,일반판매,기타인테리어설비,AS불만
2023004208,2023-01-19,여자,40 - 49세,서울특별시,일반판매,피부과,계약해제.해지/위약금
2023004301,2023-01-20,여자,20 - 29세,경기도,일반판매,헬스장,계약불이행(불완전이행)
2023004302,2023-01-20,남자,30 - 39세,서울특별시,국내온라인거래,전동킥보드,청약철회
2023004303,2023-01-20,여자,40 - 49세,서울특별시,일반판매,중형승용자동차,이자.수수료
2023004304,2023-01-20,남자,30 - 39세,광주광역시,소셜커머스(쇼핑),스노우체인,AS불만
2023004305,2023-01-20,여자,40 - 49세,경기도,기타통신판매,중형승합자동차,계약불이행(불완전이행)
2023004306,2023-01-20,여자,30 - 39세,경상남도,국내온라인거래,양복(서양식 의복)세탁,품질(물품/용역)
2023004307,2023-01-20,남자,30 - 39세,대구광역시,일반판매,중형승합자동차,계약불이행(불완전이행)
2023004308,2023-01-20,여자,50 - 59세,서울특별시,국내온라인거래,모바일정보이용서비스,청약철회
2023004309,2023-01-20,남자,50 - 59세,경기도,기타통신판매,음식물처리기대여(렌트),계약해제.해지/위약금
2023004310,2023-01-20,여자,50 - 59세,대구광역시,전화권유판매,인터넷정보이용서비스,계약불이행(불완전이행)
2023004312,2023-01-20,여자,30 - 39세,인천광역시,소셜커머스(쇼핑),기타조명기기,품질(물품/용역)
2023004313,2023-01-20,남자,30 - 39세,충청북도,기타통신판매,오토바이,계약불이행(불완전이행)
2023004314,2023-01-20,남자,65 - 69세,대전광역시,일반판매,상해보험,약관
2023004315,2023-01-20,여자,40 - 49세,서울특별시,일반판매,인덕션레인지,AS불만
2023004316,2023-01-20,남자,30 - 39세,전라남도,기타,상품권,계약불이행(불완전이행)
2023004317,2023-01-20,여자,20 - 29세,부산광역시,일반판매,침대,품질(물품/용역)
2023004319,2023-01-20,남자,30 - 39세,경상북도,방문판매,콘도회원권,계약해제.해지/위약금
2023004320,2023-01-20,여자,30 - 39세,경기도,국내온라인거래,소파커버,청약철회
2023004321,2023-01-20,여자,40 - 49세,대전광역시,일반판매,스마트폰,AS불만
2023004322,2023-01-20,여자,30 - 39세,서울특별시,일반판매,이동전화서비스,계약불이행(불완전이행)
2023004323,2023-01-20,여자,30 - 39세,경기도,기타통신판매,레포츠장비대여(렌트),계약불이행(불완전이행)
2023004324,2023-01-20,여자,40 - 49세,서울특별시,국내온라인거래,베개,품질(물품/용역)
2023004325,2023-01-20,남자,20 - 29세,경기도,일반판매,스마트폰,품질(물품/용역)
2023004326,2023-01-20,여자,30 - 39세,충청북도,기타통신판매,기타숙박시설,계약해제.해지/위약금
2023004328,2023-01-20,남자,40 - 49세,경기도,기타통신판매,인터넷정보이용서비스,계약해제.해지/위약금
2023004329,2023-01-20,여자,20 - 29세,경상북도,일반판매,기타세탁서비스,품질(물품/용역)
2023004330,2023-01-20,남자,30 - 39세,부산광역시,일반판매,인터넷교육서비스,계약해제.해지/위약금
2023004331,2023-01-20,남자,불명,경기도,일반판매,대형승용자동차,계약불이행(불완전이행)
2023004332,2023-01-20,여자,30 - 39세,서울특별시,국내온라인거래,항공여객운송서비스,계약불이행(불완전이행)
2023004333,2023-01-20,남자,50 - 59세,충청북도,전화권유판매,기타회원권,계약해제.해지/위약금
2023004334,2023-01-20,여자,50 - 59세,경기도,국내온라인거래,오토바이,AS불만
2023004335,2023-01-20,남자,50 - 59세,경기도,국내온라인거래,기타의자류,표시.광고
2023004336,2023-01-20,남자,40 - 49세,경상북도,기타,국내결혼중개,계약해제.해지/위약금
2023004337,2023-01-20,여자,40 - 49세,경상남도,일반판매,기타사설강습서비스,계약해제.해지/위약금
2023004338,2023-01-20,남자,40 - 49세,울산광역시,국내온라인거래,전기진공청소기,AS불만
2023004339,2023-01-20,남자,30 - 39세,전라북도,일반판매,사진촬영,계약해제.해지/위약금
2023004340,2023-01-20,여자,80세이상,경기도,TV홈쇼핑,양복(서양식 의복)세탁,품질(물품/용역)
2023004341,2023-01-20,남자,40 - 49세,경기도,일반판매,수영장회원권,계약해제.해지/위약금
2023004342,2023-01-20,여자,80세이상,서울특별시,방문판매,기타건강식품,안전(제품/시설)
2023004343,2023-01-20,남자,30 - 39세,인천광역시,일반판매,택배화물운송서비스,계약불이행(불완전이행)
2023004344,2023-01-20,여자,20 - 29세,서울특별시,일반판매,헬스장,계약해제.해지/위약금
2023004345,2023-01-20,남자,30 - 39세,부산광역시,방문판매,헬스장,계약불이행(불완전이행)
2023004346,2023-01-20,남자,40 - 49세,서울특별시,국내온라인거래,점퍼·재킷류,품질(물품/용역)
2023004347,2023-01-20,여자,70 - 79세,부산광역시,방문판매,실손보험,부당행위
2023004348,2023-01-20,여자,20 - 29세,부산광역시,일반판매,헬스장,계약해제.해지/위약금
2023004349,2023-01-20,여자,40 - 49세,서울특별시,일반판매,이동전화서비스,계약불이행(불완전이행)
2023004350,2023-01-20,남자,20 - 29세,서울특별시,일반판매,양복(서양식 의복)세탁,계약불이행(불완전이행)
2023004351,2023-01-20,남자,50 - 59세,제주도,기타통신판매,니트(스웨터),표시.광고
2023004352,2023-01-20,남자,30 - 39세,대전광역시,일반판매,헬스장,계약해제.해지/위약금
2023004353,2023-01-20,여자,50 - 59세,경기도,국내온라인거래,지갑,품질(물품/용역)
2023004354,2023-01-20,남자,30 - 39세,경기도,국내온라인거래,코트,청약철회
2023004355,2023-01-20,여자,50 - 59세,충청북도,일반판매,피부·체형관리서비스,계약해제.해지/위약금
2023004356,2023-01-20,여자,60 - 64세,서울특별시,일반판매,피혁세탁,품질(물품/용역)
2023004357,2023-01-20,여자,20 - 29세,광주광역시,일반판매,헬스장,계약해제.해지/위약금
2023004358,2023-01-20,남자,30 - 39세,경기도,국내온라인거래,기타자동차용품,계약불이행(불완전이행)
2023004359,2023-01-20,남자,20 - 29세,강원특별자치도,국내온라인거래,건강침대(흙·돌등),계약불이행(불완전이행)
2023004360,2023-01-20,여자,50 - 59세,경기도,일반판매,식탁,계약불이행(불완전이행)
2023004361,2023-01-20,여자,30 - 39세,충청남도,일반판매,필라테스,계약해제.해지/위약금
2023004362,2023-01-20,여자,20 - 29세,인천광역시,일반판매,노트북컴퓨터,AS불만
2023004363,2023-01-20,여자,20 - 29세,광주광역시,일반판매,필라테스,계약해제.해지/위약금
2023004364,2023-01-20,여자,30 - 39세,경기도,일반판매,국내결혼중개,계약해제.해지/위약금
2023004365,2023-01-20,남자,30 - 39세,부산광역시,일반판매,자동차주차장,계약해제.해지/위약금
2023004366,2023-01-20,남자,65 - 69세,경기도,전화권유판매,인터넷정보이용서비스,계약해제.해지/위약금
2023004367,2023-01-20,남자,40 - 49세,경상북도,국내온라인거래,컴퓨터모니터(데스크탑),품질(물품/용역)
2023004368,2023-01-20,남자,30 - 39세,경기도,일반판매,헬스장,계약해제.해지/위약금
2023004369,2023-01-20,여자,50 - 59세,경상남도,국내온라인거래,국외여행,계약불이행(불완전이행)
2023004370,2023-01-20,여자,30 - 39세,경기도,일반판매,헬스장,계약해제.해지/위약금
2023004371,2023-01-20,남자,30 - 39세,경기도,소셜커머스(쇼핑),기타가방,품질(물품/용역)
2023004372,2023-01-20,여자,20 - 29세,인천광역시,전화권유판매,모바일정보이용서비스,계약해제.해지/위약금
2023004373,2023-01-20,여자,50 - 59세,서울특별시,국내온라인거래,화장품세트,계약불이행(불완전이행)
2023004374,2023-01-20,남자,50 - 59세,서울특별시,일반판매,대형승용자동차,품질(물품/용역)
2023004375,2023-01-20,남자,70 - 79세,서울특별시,국내온라인거래,소파,품질(물품/용역)
2023004376,2023-01-20,여자,30 - 39세,경기도,모바일거래,미분류대여(렌트),계약불이행(불완전이행)
2023004377,2023-01-20,여자,40 - 49세,인천광역시,국내온라인거래,노트북컴퓨터,AS불만
2023004378,2023-01-20,남자,(미입력),인천광역시,국내온라인거래,마스크,품질(물품/용역)
2023004379,2023-01-20,남자,50 - 59세,경상남도,기타통신판매,욕실설비,계약불이행(불완전이행)
2023004380,2023-01-20,여자,40 - 49세,부산광역시,일반판매,필라테스,계약해제.해지/위약금
2023004381,2023-01-20,여자,40 - 49세,인천광역시,일반판매,핸드백,품질(물품/용역)
2023004382,2023-01-20,여자,30 - 39세,강원특별자치도,국제온라인거래,인터넷정보이용서비스,계약해제.해지/위약금
2023004383,2023-01-20,남자,30 - 39세,경기도,일반판매,외식,품질(물품/용역)
2023004384,2023-01-20,여자,30 - 39세,경기도,기타,기타조명기기,AS불만
2023004385,2023-01-20,여자,50 - 59세,서울특별시,국내온라인거래,굴,계약불이행(불완전이행)
2023004386,2023-01-20,여자,40 - 49세,경기도,국내온라인거래,즉석조리식품,계약불이행(불완전이행)
2023004387,2023-01-20,여자,30 - 39세,전라남도,국내온라인거래,유아용교재,AS불만
2023004388,2023-01-20,남자,40 - 49세,서울특별시,국내온라인거래,스마트폰,품질(물품/용역)
2023004389,2023-01-20,남자,50 - 59세,부산광역시,기타,신유형상품권,부당행위
2023004390,2023-01-20,남자,30 - 39세,서울특별시,국내온라인거래,퍼스널컴퓨터,품질(물품/용역)
2023004391,2023-01-20,여자,40 - 49세,경기도,국제온라인거래,전기고데기,품질(물품/용역)
2023004392,2023-01-20,여자,50 - 59세,경기도,일반판매,양복(서양식 의복)세탁,품질(물품/용역)
2023004393,2023-01-20,여자,50 - 59세,경기도,일반판매,양복(서양식 의복)세탁,품질(물품/용역)
2023004394,2023-01-20,여자,20 - 29세,서울특별시,일반판매,점퍼·재킷류,품질(물품/용역)
2023004395,2023-01-20,여자,65 - 69세,서울특별시,전화권유판매,기타일반화장품,청약철회
2023004397,2023-01-20,남자,불명,인천광역시,모바일거래,호텔,계약불이행(불완전이행)
2023004398,2023-01-20,여자,40 - 49세,서울특별시,일반판매,기타매체광고,계약해제.해지/위약금
2023004400,2023-01-20,남자,40 - 49세,경상남도,국내온라인거래,펜션,계약해제.해지/위약금
2023004401,2023-01-20,남자,20 - 29세,서울특별시,일반판매,요가,계약해제.해지/위약금
2023004402,2023-01-20,여자,30 - 39세,경기도,전화권유판매,이동전화서비스,계약해제.해지/위약금
2023004403,2023-01-20,남자,30 - 39세,전라남도,국내온라인거래,스프링매트리스,계약해제.해지/위약금
2023004404,2023-01-20,여자,40 - 49세,경상남도,일반판매,기타의류·섬유,품질(물품/용역)
2023004501,2023-01-20,남자,30 - 39세,경상남도,국내온라인거래,헬스장,부당행위
2023004502,2023-01-20,남자,40 - 49세,경상북도,국내온라인거래,기타가구,계약불이행(불완전이행)
2023004503,2023-01-20,남자,20 - 29세,서울특별시,일반판매,헬스장,계약해제.해지/위약금
2023004504,2023-01-20,여자,50 - 59세,경기도,전화권유판매,스마트폰,청약철회
2023004505,2023-01-20,여자,30 - 39세,울산광역시,국내온라인거래,아동복,청약철회
2023004506,2023-01-20,남자,40 - 49세,광주광역시,기타,인쇄서비스,계약불이행(불완전이행)
2023004507,2023-01-20,남자,40 - 49세,경상남도,기타통신판매,하드디스크드라이버,계약불이행(불완전이행)
2023004508,2023-01-20,여자,20 - 29세,경기도,국내온라인거래,모형완구,계약해제.해지/위약금
2023004509,2023-01-20,남자,50 - 59세,인천광역시,기타,항공여객운송서비스,계약불이행(불완전이행)
2023004510,2023-01-20,남자,30 - 39세,서울특별시,일반판매,연수기대여(렌트),품질(물품/용역)
2023004511,2023-01-20,남자,40 - 49세,서울특별시,국내온라인거래,기타정보이용서비스,계약불이행(불완전이행)
2023004512,2023-01-20,남자,50 - 59세,경기도,일반판매,이동전화서비스,청약철회
2023004513,2023-01-20,여자,30 - 39세,경기도,다단계판매,학습지,계약해제.해지/위약금
2023004514,2023-01-20,여자,30 - 39세,경기도,방문판매,피부·체형관리서비스,계약해제.해지/위약금
2023004515,2023-01-20,여자,40 - 49세,서울특별시,국내온라인거래,기타침대류,품질(물품/용역)
2023004516,2023-01-20,남자,40 - 49세,서울특별시,국내온라인거래,전기요,품질(물품/용역)
2023004517,2023-01-20,여자,20 - 29세,제주도,일반판매,헬스장,계약해제.해지/위약금
2023004518,2023-01-20,남자,30 - 39세,경상북도,국내온라인거래,오징어,안전(제품/시설)
2023004520,2023-01-20,여자,50 - 59세,서울특별시,일반판매,헬스장,계약해제.해지/위약금
2023004521,2023-01-20,여자,40 - 49세,경기도,국내온라인거래,숙녀화(구두·부츠 등),청약철회
2023004522,2023-01-20,남자,40 - 49세,서울특별시,모바일거래,기타정보이용서비스,부당행위
2023004523,2023-01-20,남자,30 - 39세,인천광역시,일반판매,헬스장,계약해제.해지/위약금
2023004526,2023-01-20,남자,40 - 49세,경기도,소셜커머스(쇼핑),스마트폰,계약불이행(불완전이행)
2023004527,2023-01-20,여자,20 - 29세,서울특별시,방문판매,필라테스,계약해제.해지/위약금
2023004528,2023-01-20,여자,30 - 39세,경상남도,일반판매,피부·체형관리서비스,계약불이행(불완전이행)
2023004529,2023-01-20,여자,40 - 49세,서울특별시,소셜커머스(쇼핑),전기진공청소기,AS불만
2023004530,2023-01-20,남자,30 - 39세,서울특별시,국내온라인거래,기타육류·육류가공식품,계약불이행(불완전이행)
2023004531,2023-01-20,여자,30 - 39세,대전광역시,소셜커머스(쇼핑),기타숙박시설,청약철회
2023004532,2023-01-20,여자,30 - 39세,서울특별시,일반판매,애완견,부당행위
2023004533,2023-01-20,여자,20 - 29세,경기도,기타,기타인테리어설비,품질(물품/용역)
2023004534,2023-01-20,여자,20 - 29세,경기도,방문판매,헬스장,계약해제.해지/위약금
2023004535,2023-01-20,남자,40 - 49세,대전광역시,방문판매,스마트폰,AS불만
2023004536,2023-01-20,남자,50 - 59세,부산광역시,국내온라인거래,TV,품질(물품/용역)
2023004538,2023-01-20,여자,40 - 49세,광주광역시,국내온라인거래,국외여행,청약철회
2023004539,2023-01-20,남자,40 - 49세,경기도,국제온라인거래,항공여객운송서비스,계약해제.해지/위약금
2023004540,2023-01-20,여자,30 - 39세,서울특별시,일반판매,피부·체형관리서비스,계약해제.해지/위약금
2023004541,2023-01-20,여자,20 - 29세,전라북도,방문판매,헬스장,계약해제.해지/위약금
2023004542,2023-01-20,여자,20 - 29세,인천광역시,국내온라인거래,헬스장,계약해제.해지/위약금
2023004543,2023-01-20,여자,30 - 39세,경기도,국내온라인거래,레저·이벤트회원권,계약해제.해지/위약금
2023004544,2023-01-20,여자,40 - 49세,서울특별시,기타,포장이사운송서비스,품질(물품/용역)
2023004545,2023-01-20,남자,40 - 49세,경기도,모바일거래,이동전화서비스,계약불이행(불완전이행)
2023004546,2023-01-20,남자,30 - 39세,경기도,모바일거래,택배화물운송서비스,품질(물품/용역)
2023004547,2023-01-20,남자,40 - 49세,서울특별시,국내온라인거래,물안경,청약철회
2023004601,2023-01-21,여자,30 - 39세,인천광역시,일반판매,기타사설강습서비스,계약해제.해지/위약금
2023004602,2023-01-21,남자,30 - 39세,부산광역시,국내온라인거래,핸드백,부당행위
2023004603,2023-01-21,남자,40 - 49세,서울특별시,모바일거래,영화관람,계약해제.해지/위약금
2023004604,2023-01-21,여자,30 - 39세,서울특별시,방문판매,항공여객운송서비스,계약불이행(불완전이행)
2023004605,2023-01-21,여자,30 - 39세,경기도,국내온라인거래,응접테이블,청약철회
2023004606,2023-01-21,남자,10 - 19세,인천광역시,모바일거래,종합체육시설회원권,계약해제.해지/위약금
2023004607,2023-01-21,여자,40 - 49세,인천광역시,일반판매,요가,계약해제.해지/위약금
2023004702,2023-01-22,여자,50 - 59세,경기도,국내온라인거래,니트(스웨터),청약철회
2023004703,2023-01-22,남자,30 - 39세,서울특별시,모바일거래,이동전화서비스,가격.요금
2023004704,2023-01-22,여자,60 - 64세,강원특별자치도,소셜커머스(쇼핑),화장품세트,청약철회
2023004705,2023-01-22,여자,50 - 59세,서울특별시,TV홈쇼핑,정수기대여(렌트),품질(물품/용역)
2023004706,2023-01-22,남자,30 - 39세,서울특별시,일반판매,헬스장,계약해제.해지/위약금
2023004707,2023-01-22,여자,20 - 29세,경기도,국내온라인거래,프린터,계약해제.해지/위약금
2023004708,2023-01-22,여자,50 - 59세,경기도,국내온라인거래,점퍼·재킷류,청약철회
2023004709,2023-01-22,남자,20 - 29세,서울특별시,일반판매,스포츠시설이용,계약해제.해지/위약금
2023004710,2023-01-22,남자,50 - 59세,서울특별시,노상판매,스마트폰,품질(물품/용역)
2023004711,2023-01-22,여자,30 - 39세,경기도,일반판매,국내결혼중개,계약해제.해지/위약금
2023004712,2023-01-23,여자,30 - 39세,경기도,일반판매,의상대여(렌트),청약철회
2023004713,2023-01-23,여자,20 - 29세,서울특별시,소셜커머스(쇼핑),통신기기주변장치,계약불이행(불완전이행)
2023004714,2023-01-23,남자,30 - 39세,울산광역시,방문판매,냉장고,품질(물품/용역)
2023004715,2023-01-23,여자,30 - 39세,충청북도,국내온라인거래,인터넷교육서비스,부당행위
2023004716,2023-01-23,남자,30 - 39세,대구광역시,전화권유판매,이동전화서비스,약관
2023004717,2023-01-23,여자,65 - 69세,서울특별시,국내온라인거래,냉장고,가격.요금
2023004718,2023-01-20,여자,30 - 39세,서울특별시,일반판매,기타숙박시설,계약해제.해지/위약금
2023004719,2023-01-24,여자,40 - 49세,부산광역시,기타,이동전화서비스,계약불이행(불완전이행)
2023004720,2023-01-24,여자,30 - 39세,인천광역시,방문판매,공기청정기대여(렌트),AS불만
2023004721,2023-01-24,여자,30 - 39세,서울특별시,일반판매,헬스장,계약해제.해지/위약금
2023004722,2023-01-24,남자,30 - 39세,충청남도,방문판매,헬스장,계약해제.해지/위약금
2023004723,2023-01-24,여자,60 - 64세,서울특별시,일반판매,미용서비스,품질(물품/용역)
2023004724,2023-01-24,여자,40 - 49세,경기도,기타,정수기대여(렌트),품질(물품/용역)
2023004725,2023-01-24,남자,20 - 29세,경기도,일반판매,헬스장,계약해제.해지/위약금
2023004727,2023-01-24,여자,20 - 29세,충청북도,기타,헬스장,계약해제.해지/위약금
2023004728,2023-01-24,여자,30 - 39세,인천광역시,국내온라인거래,기타미분류물품,AS불만
2023004729,2023-01-24,여자,40 - 49세,부산광역시,기타,기타회원권,부당행위
2023004730,2023-01-25,남자,20 - 29세,경기도,모바일거래,교통카드,계약불이행(불완전이행)
2023004731,2023-01-25,여자,40 - 49세,경기도,국내온라인거래,숙녀화(구두·부츠 등),계약불이행(불완전이행)
2023004732,2023-01-25,남자,60 - 64세,부산광역시,일반판매,택배화물운송서비스,계약불이행(불완전이행)
2023004733,2023-01-25,여자,20 - 29세,부산광역시,일반판매,헬스장,계약해제.해지/위약금
2023004734,2023-01-25,남자,40 - 49세,서울특별시,국내온라인거래,호텔,계약불이행(불완전이행)
2023004736,2023-01-25,남자,30 - 39세,제주도,기타,피부과,품질(물품/용역)
2023004738,2023-01-25,남자,40 - 49세,경기도,TV홈쇼핑,국외여행,청약철회
2023004740,2023-01-25,남자,40 - 49세,서울특별시,국제온라인거래,항공여객운송서비스,계약해제.해지/위약금
2023004741,2023-01-25,남자,65 - 69세,대구광역시,일반판매,기타카드,부당행위
2023004742,2023-01-25,여자,40 - 49세,광주광역시,기타,피부과,품질(물품/용역)
2023004744,2023-01-25,여자,30 - 39세,대전광역시,소셜커머스(쇼핑),TV,AS불만
2023004745,2023-01-25,남자,40 - 49세,서울특별시,국내온라인거래,TV,품질(물품/용역)
2023004747,2023-01-25,남자,10 - 19세,대전광역시,국내온라인거래,CD·LD·DVD(영화·음악·게임),청약철회
2023004748,2023-01-25,여자,40 - 49세,경기도,전화권유판매,모바일정보이용서비스,청약철회
2023004749,2023-01-25,여자,40 - 49세,경기도,전화권유판매,모바일정보이용서비스,청약철회
2023004750,2023-01-25,남자,40 - 49세,인천광역시,국내온라인거래,니트(스웨터),표시.광고
2023004751,2023-01-25,남자,60 - 64세,충청북도,국내온라인거래,항공여객운송서비스,계약불이행(불완전이행)
2023004752,2023-01-25,남자,30 - 39세,인천광역시,국내온라인거래,스노우체인,품질(물품/용역)
2023004753,2023-01-25,여자,10 - 19세,경기도,기타통신판매,인터넷교육서비스,계약해제.해지/위약금
2023004754,2023-01-25,남자,40 - 49세,경기도,기타통신판매,운동화,표시.광고
2023004755,2023-01-25,남자,65 - 69세,충청북도,국내온라인거래,기타조리기기·기구,계약불이행(불완전이행)
2023004756,2023-01-25,남자,40 - 49세,서울특별시,국내온라인거래,전자게임기구,계약불이행(불완전이행)
2023004757,2023-01-25,남자,20 - 29세,인천광역시,일반판매,양복(서양식 의복)세탁,품질(물품/용역)
2023004759,2023-01-25,남자,40 - 49세,강원특별자치도,전화권유판매,인터넷정보이용서비스,계약해제.해지/위약금
2023004760,2023-01-25,여자,65 - 69세,경기도,기타,애완동·식물용품,품질(물품/용역)
2023004761,2023-01-25,남자,50 - 59세,경상남도,국내온라인거래,점퍼·재킷류,품질(물품/용역)
2023004762,2023-01-25,여자,30 - 39세,충청남도,일반판매,모바일정보이용서비스,청약철회
2023004763,2023-01-25,여자,80세이상,서울특별시,일반판매,가스보일러,품질(물품/용역)
2023004764,2023-01-25,여자,30 - 39세,인천광역시,국내온라인거래,이유식,계약불이행(불완전이행)
2023004765,2023-01-25,남자,20 - 29세,부산광역시,국내온라인거래,기타서적음반류,표시.광고
2023004766,2023-01-25,남자,30 - 39세,서울특별시,국내온라인거래,양복(서양식 의복)세탁,품질(물품/용역)
2023004767,2023-01-25,여자,50 - 59세,경기도,일반판매,실손보험,계약불이행(불완전이행)
2023004768,2023-01-25,남자,50 - 59세,충청북도,국내온라인거래,모바일정보이용서비스,계약해제.해지/위약금
2023004769,2023-01-25,여자,60 - 64세,대구광역시,일반판매,실손보험,계약불이행(불완전이행)
2023004770,2023-01-25,여자,40 - 49세,부산광역시,모바일거래,이동전화서비스,부당행위
2023004771,2023-01-25,여자,40 - 49세,부산광역시,전화권유판매,실손보험,부당행위
2023004772,2023-01-25,여자,30 - 39세,서울특별시,기타,철도여객운송서비스,품질(물품/용역)
2023004773,2023-01-25,남자,30 - 39세,경기도,국내온라인거래,노트북컴퓨터,AS불만
2023004774,2023-01-25,남자,70 - 79세,대구광역시,일반판매,기타농업시설자재,품질(물품/용역)
2023004775,2023-01-25,여자,40 - 49세,경기도,TV홈쇼핑,음식물처리기대여(렌트),AS불만
2023004777,2023-01-25,여자,30 - 39세,광주광역시,전화권유판매,인터넷정보이용서비스,계약해제.해지/위약금
2023004778,2023-01-25,여자,20 - 29세,서울특별시,국내온라인거래,기타간편복,청약철회
2023004779,2023-01-25,여자,20 - 29세,경상남도,모바일거래,기타의류·섬유,청약철회
2023004780,2023-01-25,여자,50 - 59세,서울특별시,국내온라인거래,기타건강식품,계약불이행(불완전이행)
2023004781,2023-01-25,남자,20 - 29세,경기도,일반판매,외식,품질(물품/용역)
2023004782,2023-01-25,여자,30 - 39세,경기도,국내온라인거래,전기밥솥,청약철회
2023004783,2023-01-25,남자,30 - 39세,서울특별시,일반판매,예식서비스,계약해제.해지/위약금
2023004784,2023-01-25,남자,40 - 49세,서울특별시,기타,기타통신기기,품질(물품/용역)
2023004786,2023-01-25,여자,30 - 39세,서울특별시,일반판매,예식서비스,계약해제.해지/위약금
2023004787,2023-01-25,여자,20 - 29세,서울특별시,일반판매,헬스장,계약해제.해지/위약금
2023004789,2023-01-25,여자,40 - 49세,강원특별자치도,일반판매,미용서비스,가격.요금
2023004790,2023-01-25,남자,40 - 49세,인천광역시,기타통신판매,인터넷교육서비스,계약불이행(불완전이행)
2023004791,2023-01-25,남자,40 - 49세,경기도,국내온라인거래,쌀통,품질(물품/용역)
2023004792,2023-01-25,남자,30 - 39세,경기도,일반판매,"연회서비스(돌잔치,회갑 등)",계약해제.해지/위약금
2023004793,2023-01-25,여자,20 - 29세,서울특별시,국내온라인거래,지갑,품질(물품/용역)
2023004794,2023-01-25,여자,30 - 39세,서울특별시,모바일거래,기타정보이용서비스,부당행위
2023004795,2023-01-25,여자,40 - 49세,서울특별시,일반판매,인터넷교육서비스,계약해제.해지/위약금
2023004796,2023-01-25,남자,50 - 59세,경상남도,일반판매,기타영상기기,청약철회
2023004798,2023-01-25,남자,40 - 49세,대구광역시,모바일거래,기타회원권,부당행위
2023004799,2023-01-25,여자,20 - 29세,경기도,기타,기타회원권,계약해제.해지/위약금
2023004800,2023-01-25,여자,30 - 39세,서울특별시,국내온라인거래,항공여객운송서비스,계약불이행(불완전이행)
2023004801,2023-01-25,여자,50 - 59세,강원특별자치도,일반판매,포장이사운송서비스,계약해제.해지/위약금
2023004803,2023-01-25,여자,60 - 64세,충청남도,국내온라인거래,기타사무용품,청약철회
2023004804,2023-01-25,여자,30 - 39세,경기도,국내온라인거래,외식,품질(물품/용역)
2023004805,2023-01-25,남자,50 - 59세,서울특별시,일반판매,시계,품질(물품/용역)
2023004806,2023-01-25,여자,40 - 49세,경상남도,국내온라인거래,레저·이벤트회원권,계약해제.해지/위약금
2023004807,2023-01-25,남자,30 - 39세,경상남도,국내온라인거래,TV,품질(물품/용역)
2023004808,2023-01-25,남자,50 - 59세,서울특별시,일반판매,대형승용자동차,계약불이행(불완전이행)
2023004809,2023-01-25,여자,40 - 49세,경상북도,일반판매,피부과,품질(물품/용역)
2023004810,2023-01-25,남자,50 - 59세,광주광역시,일반판매,내과,품질(물품/용역)
2023004811,2023-01-25,여자,30 - 39세,충청남도,국내온라인거래,신유형상품권,품질(물품/용역)
2023004812,2023-01-25,남자,20 - 29세,인천광역시,일반판매,기타사설강습서비스,계약해제.해지/위약금
2023004813,2023-01-25,여자,30 - 39세,충청남도,국내온라인거래,물티슈(휴지),계약불이행(불완전이행)
2023004814,2023-01-25,여자,40 - 49세,경기도,국내온라인거래,신유형상품권,계약해제.해지/위약금
2023004815,2023-01-25,남자,30 - 39세,서울특별시,일반판매,실손보험,계약불이행(불완전이행)
2023004816,2023-01-25,남자,50 - 59세,서울특별시,일반판매,이동전화서비스,가격.요금
2023004817,2023-01-25,여자,50 - 59세,세종특별자치시,일반판매,오토바이,청약철회
2023004819,2023-01-25,여자,30 - 39세,전라북도,국내온라인거래,신발세탁,계약불이행(불완전이행)
2023004820,2023-01-25,여자,50 - 59세,부산광역시,일반판매,숙녀화(구두·부츠 등),품질(물품/용역)
2023004822,2023-01-25,여자,30 - 39세,경기도,모바일거래,애완식물(화분·분재),계약불이행(불완전이행)
2023004824,2023-01-25,여자,60 - 64세,대구광역시,일반판매,양복(서양식 의복)세탁,품질(물품/용역)
2023004825,2023-01-25,남자,50 - 59세,경기도,일반판매,스프링매트리스,품질(물품/용역)
2023004826,2023-01-25,남자,50 - 59세,서울특별시,국내온라인거래,항공여객운송서비스,계약불이행(불완전이행)
2023004827,2023-01-25,여자,60 - 64세,대구광역시,일반판매,양복(서양식 의복)세탁,품질(물품/용역)
2023004828,2023-01-25,남자,40 - 49세,서울특별시,모바일거래,국내여행,계약해제.해지/위약금
2023004829,2023-01-25,여자,40 - 49세,서울특별시,모바일거래,모바일게임서비스,무능력자계약
2023004830,2023-01-25,여자,40 - 49세,대전광역시,일반판매,식사배달,품질(물품/용역)
2023004831,2023-01-25,여자,65 - 69세,경기도,일반판매,핸드백,품질(물품/용역)
2023004832,2023-01-25,남자,불명,경기도,국내온라인거래,항공여객운송서비스,계약해제.해지/위약금
2023004833,2023-01-25,남자,불명,경기도,모바일거래,신유형상품권,계약불이행(불완전이행)
2023004834,2023-01-25,남자,70 - 79세,서울특별시,기타통신판매,모바일정보이용서비스,품질(물품/용역)
2023004901,2023-01-25,남자,30 - 39세,서울특별시,일반판매,스포츠시설이용,계약해제.해지/위약금
2023004902,2023-01-25,여자,40 - 49세,전라남도,기타,기타숙박시설,계약해제.해지/위약금
2023004903,2023-01-25,여자,30 - 39세,대구광역시,모바일거래,퀵서비스,계약불이행(불완전이행)
2023004904,2023-01-25,여자,20 - 29세,대구광역시,기타,기타회원권,계약해제.해지/위약금
2023004905,2023-01-25,여자,40 - 49세,경상남도,전화권유판매,유선방송,가격.요금
2023004906,2023-01-25,남자,40 - 49세,서울특별시,전화권유판매,인터넷정보이용서비스,청약철회
2023004907,2023-01-25,남자,30 - 39세,경기도,기타,국내결혼중개,계약해제.해지/위약금
2023004908,2023-01-25,여자,20 - 29세,서울특별시,일반판매,피부·체형관리서비스,계약해제.해지/위약금
2023004909,2023-01-25,남자,20 - 29세,경기도,국내온라인거래,컴퓨터모니터(데스크탑),부당행위
2023004910,2023-01-25,여자,40 - 49세,충청남도,국내온라인거래,캐주얼바지,계약불이행(불완전이행)
2023004911,2023-01-25,남자,40 - 49세,경기도,일반판매,스마트폰,계약해제.해지/위약금
2023004912,2023-01-25,남자,50 - 59세,서울특별시,기타,가스보일러,AS불만
2023004913,2023-01-25,여자,30 - 39세,부산광역시,방문판매,애완견,계약불이행(불완전이행)
2023004914,2023-01-25,남자,30 - 39세,서울특별시,모바일거래,사진촬영,계약해제.해지/위약금
2023004915,2023-01-25,여자,40 - 49세,서울특별시,방문판매,외장하드,품질(물품/용역)
2023004916,2023-01-25,남자,40 - 49세,경기도,국내온라인거래,스마트폰,품질(물품/용역)
2023004917,2023-01-25,여자,50 - 59세,경기도,일반판매,국외캠프,계약해제.해지/위약금
2023004918,2023-01-25,남자,40 - 49세,전라남도,기타통신판매,기타여행,청약철회
2023004919,2023-01-25,여자,30 - 39세,경기도,일반판매,국내결혼중개,계약해제.해지/위약금
2023004920,2023-01-25,여자,30 - 39세,부산광역시,국내온라인거래,기타의류·섬유,품질(물품/용역)
2023004921,2023-01-25,여자,30 - 39세,서울특별시,국내온라인거래,기타조명기기,품질(물품/용역)
2023004922,2023-01-25,여자,40 - 49세,서울특별시,일반판매,요가,계약해제.해지/위약금
2023004923,2023-01-25,여자,40 - 49세,세종특별자치시,국내온라인거래,국외여행,계약해제.해지/위약금
2023004924,2023-01-25,남자,40 - 49세,경상북도,모바일거래,남성용내의류,안전(제품/시설)
2023004925,2023-01-25,남자,50 - 59세,부산광역시,국내온라인거래,그라인더,품질(물품/용역)
2023004926,2023-01-25,남자,30 - 39세,서울특별시,기타통신판매,산후조리원,계약해제.해지/위약금
2023004927,2023-01-25,남자,30 - 39세,제주도,일반판매,운동화,품질(물품/용역)
2023004928,2023-01-25,남자,30 - 39세,경기도,국내온라인거래,컴퓨터모니터(데스크탑),품질(물품/용역)
2023004929,2023-01-25,남자,20 - 29세,서울특별시,모바일거래,전기장판,안전(제품/시설)
2023004930,2023-01-25,남자,30 - 39세,인천광역시,일반판매,헬스장,계약해제.해지/위약금
2023004931,2023-01-25,남자,30 - 39세,서울특별시,모바일거래,외식,계약해제.해지/위약금
2023004932,2023-01-25,남자,20 - 29세,서울특별시,소셜커머스(쇼핑),전기압력밥솥,계약불이행(불완전이행)
2023004933,2023-01-25,여자,30 - 39세,경기도,일반판매,필라테스,계약해제.해지/위약금
2023004934,2023-01-25,여자,60 - 64세,서울특별시,기타통신판매,포장이사운송서비스,계약불이행(불완전이행)
2023004935,2023-01-25,여자,20 - 29세,경기도,일반판매,헬스장,계약해제.해지/위약금
2023004936,2023-01-25,여자,40 - 49세,강원특별자치도,방문판매,인터넷교육서비스,계약해제.해지/위약금
2023004937,2023-01-25,여자,30 - 39세,경기도,일반판매,탈모제,청약철회
2023004938,2023-01-25,여자,30 - 39세,경기도,일반판매,헬스장,청약철회
2023004939,2023-01-25,여자,40 - 49세,강원특별자치도,기타,애완견,표시.광고
2023004940,2023-01-25,여자,20 - 29세,서울특별시,소셜커머스(쇼핑),캐주얼바지,청약철회
2023004941,2023-01-25,여자,30 - 39세,서울특별시,국내온라인거래,각종공연관람,계약해제.해지/위약금
2023004942,2023-01-25,여자,40 - 49세,세종특별자치시,국내온라인거래,호텔,계약해제.해지/위약금
2023004943,2023-01-25,남자,20 - 29세,서울특별시,일반판매,헬스장,계약해제.해지/위약금
2023004944,2023-01-25,여자,50 - 59세,세종특별자치시,국제온라인거래,기타의류·섬유,품질(물품/용역)
2023004945,2023-01-25,여자,30 - 39세,경기도,기타,필라테스,계약해제.해지/위약금
2023004946,2023-01-25,여자,30 - 39세,제주도,국내온라인거래,스마트폰,품질(물품/용역)
2023004947,2023-01-25,남자,40 - 49세,충청남도,소셜커머스(쇼핑),상품권,계약불이행(불완전이행)
2023004949,2023-01-25,남자,65 - 69세,부산광역시,일반판매,택배화물운송서비스,품질(물품/용역)
2023004950,2023-01-25,남자,30 - 39세,경기도,국내온라인거래,기타영상기기,계약불이행(불완전이행)
2023004951,2023-01-25,여자,30 - 39세,경기도,국내온라인거래,사진촬영,계약해제.해지/위약금
2023004952,2023-01-25,여자,40 - 49세,세종특별자치시,국내온라인거래,점퍼·재킷류,품질(물품/용역)
2023004953,2023-01-25,여자,30 - 39세,서울특별시,국내온라인거래,항공여객운송서비스,계약불이행(불완전이행)
2023004954,2023-01-25,여자,40 - 49세,서울특별시,국내온라인거래,사진촬영,계약불이행(불완전이행)
2023004955,2023-01-25,여자,40 - 49세,경기도,기타,사진촬영,품질(물품/용역)
2023004956,2023-01-25,남자,20 - 29세,경기도,국내온라인거래,안경·안경테,계약불이행(불완전이행)
2023004957,2023-01-25,여자,40 - 49세,대전광역시,일반판매,헬스장,계약해제.해지/위약금
2023004958,2023-01-25,여자,60 - 64세,서울특별시,기타,건물청소서비스,계약불이행(불완전이행)
2023004959,2023-01-25,여자,50 - 59세,충청남도,소셜커머스(쇼핑),기타미분류서비스,청약철회
2023004960,2023-01-25,남자,30 - 39세,대구광역시,국내온라인거래,나이프·포크,청약철회
2023004961,2023-01-25,남자,20 - 29세,울산광역시,기타,외식,안전(제품/시설)
2023004962,2023-01-25,남자,30 - 39세,경기도,일반판매,미용서비스,품질(물품/용역)
2023004963,2023-01-25,여자,30 - 39세,대구광역시,일반판매,국외여행,계약해제.해지/위약금
2023004964,2023-01-25,남자,40 - 49세,서울특별시,소셜커머스(쇼핑),냉장고,품질(물품/용역)
2023004965,2023-01-25,남자,50 - 59세,경기도,TV홈쇼핑,김치냉장고,품질(물품/용역)
2023004966,2023-01-25,남자,20 - 29세,서울특별시,일반판매,운전강습,계약해제.해지/위약금
2023004967,2023-01-25,여자,30 - 39세,서울특별시,방문판매,헬스장,계약해제.해지/위약금
2023004968,2023-01-25,여자,40 - 49세,경기도,방문판매,화장대,청약철회
2023004969,2023-01-25,남자,20 - 29세,경기도,국내온라인거래,항공여객운송서비스,품질(물품/용역)
2023004970,2023-01-25,남자,30 - 39세,서울특별시,소셜커머스(쇼핑),운동화,품질(물품/용역)
2023004971,2023-01-25,남자,30 - 39세,서울특별시,일반판매,독서실이용,계약해제.해지/위약금
2023004972,2023-01-25,여자,40 - 49세,경기도,기타통신판매,"OTT서비스(넷플릭스,왓챠 등)",청약철회
2023004973,2023-01-25,남자,60 - 64세,경기도,기타,내과,단순문의.상담
2023004974,2023-01-25,남자,20 - 29세,경기도,일반판매,수영장회원권,계약해제.해지/위약금
2023004975,2023-01-25,남자,20 - 29세,경기도,국내온라인거래,인터넷교육서비스,계약해제.해지/위약금
2023004976,2023-01-25,여자,50 - 59세,충청남도,일반판매,미용서비스,계약불이행(불완전이행)
2023004977,2023-01-25,남자,20 - 29세,대구광역시,기타,인터넷게임서비스,청약철회
2023004978,2023-01-26,여자,50 - 59세,서울특별시,국내온라인거래,기타일반화장품,안전(제품/시설)
2023004979,2023-01-26,여자,70 - 79세,경기도,기타,초고속인터넷,계약불이행(불완전이행)
2023004980,2023-01-26,여자,50 - 59세,충청북도,전화권유판매,유사투자자문,계약해제.해지/위약금
2023004981,2023-01-26,남자,40 - 49세,대구광역시,일반판매,가스보일러,AS불만
2023004982,2023-01-26,여자,60 - 64세,대구광역시,일반판매,양복(서양식 의복)세탁,품질(물품/용역)
2023004983,2023-01-26,남자,30 - 39세,경상북도,국내온라인거래,차량네비게이션(자동항법장치),품질(물품/용역)
2023004984,2023-01-26,여자,50 - 59세,충청북도,TV홈쇼핑,국외여행,계약불이행(불완전이행)
2023004985,2023-01-26,여자,30 - 39세,부산광역시,일반판매,소파,청약철회
2023004986,2023-01-26,남자,30 - 39세,서울특별시,기타통신판매,자동차대여(렌트),계약해제.해지/위약금
2023004987,2023-01-26,여자,20 - 29세,서울특별시,기타,헬스장,계약해제.해지/위약금
2023004988,2023-01-26,여자,40 - 49세,인천광역시,국내온라인거래,원피스,청약철회
2023004989,2023-01-26,남자,30 - 39세,서울특별시,일반판매,중형승용자동차,품질(물품/용역)
2023004990,2023-01-26,여자,20 - 29세,광주광역시,국내온라인거래,핸드백,청약철회
2023004991,2023-01-26,남자,30 - 39세,광주광역시,국내온라인거래,운동화,청약철회
2023004992,2023-01-26,남자,65 - 69세,울산광역시,일반판매,국제결혼중개,계약해제.해지/위약금
2023004993,2023-01-26,남자,30 - 39세,경기도,소셜커머스(쇼핑),기타숙박시설,계약해제.해지/위약금
2023004994,2023-01-26,여자,30 - 39세,경기도,모바일거래,항공여객운송서비스,계약해제.해지/위약금
2023004995,2023-01-26,여자,40 - 49세,경기도,모바일거래,쌀,계약불이행(불완전이행)
2023004996,2023-01-26,여자,40 - 49세,경기도,일반판매,필라테스,계약불이행(불완전이행)
2023004997,2023-01-26,남자,65 - 69세,서울특별시,국내온라인거래,기타건강식품,청약철회
2023004998,2023-01-26,남자,70 - 79세,충청북도,일반판매,내과,품질(물품/용역)
2023004999,2023-01-26,여자,20 - 29세,경기도,일반판매,헬스장,계약해제.해지/위약금
2023005000,2023-01-26,남자,30 - 39세,부산광역시,국내온라인거래,기타책상·테이블류,청약철회
2023005001,2023-01-26,여자,20 - 29세,광주광역시,일반판매,헬스장,계약해제.해지/위약금
2023005002,2023-01-26,남자,20 - 29세,세종특별자치시,국내온라인거래,기타곡류·곡류가공식품,청약철회
2023005003,2023-01-26,여자,30 - 39세,충청남도,일반판매,기타숙박시설,계약불이행(불완전이행)
2023005004,2023-01-26,여자,40 - 49세,충청북도,일반판매,인터넷정보이용서비스,계약해제.해지/위약금
2023005005,2023-01-26,여자,30 - 39세,충청남도,기타통신판매,호텔,계약해제.해지/위약금
2023005006,2023-01-26,여자,50 - 59세,서울특별시,기타,인터넷교육서비스,계약해제.해지/위약금
2023005007,2023-01-26,여자,30 - 39세,충청남도,국내온라인거래,티셔츠,청약철회
2023005008,2023-01-26,여자,30 - 39세,충청북도,일반판매,기타이·미용서비스,계약해제.해지/위약금
2023005009,2023-01-26,남자,20 - 29세,서울특별시,국내온라인거래,태블릿PC,청약철회
2023005011,2023-01-26,여자,50 - 59세,서울특별시,일반판매,양복(서양식 의복)세탁,품질(물품/용역)
2023005014,2023-01-26,여자,50 - 59세,서울특별시,일반판매,양복(서양식 의복)세탁,품질(물품/용역)
2023005015,2023-01-26,남자,40 - 49세,인천광역시,국내온라인거래,신유형상품권,안전(제품/시설)
2023005016,2023-01-26,남자,50 - 59세,경기도,기타,각종공연관람,계약불이행(불완전이행)
2023005017,2023-01-26,여자,50 - 59세,경기도,일반판매,인터넷정보이용서비스,계약불이행(불완전이행)
2023005018,2023-01-26,여자,30 - 39세,서울특별시,국내온라인거래,스커트,청약철회
2023005019,2023-01-26,남자,30 - 39세,경기도,국내온라인거래,TV,AS불만
2023005020,2023-01-26,여자,60 - 64세,경기도,국내온라인거래,기타일반화장품,품질(물품/용역)
2023005022,2023-01-26,여자,50 - 59세,충청남도,기타,사진촬영,계약해제.해지/위약금
2023005023,2023-01-26,남자,불명,대구광역시,일반판매,머플러,품질(물품/용역)
2023005024,2023-01-26,여자,50 - 59세,경기도,국내온라인거래,니트(스웨터),청약철회
2023005025,2023-01-26,여자,20 - 29세,서울특별시,다단계판매,화장품세트,계약해제.해지/위약금
2023005026,2023-01-26,여자,40 - 49세,경기도,기타,모바일게임서비스,가격.요금
2023005028,2023-01-26,여자,30 - 39세,충청북도,일반판매,기타인테리어설비,계약해제.해지/위약금
2023005029,2023-01-26,여자,30 - 39세,서울특별시,일반판매,요가,계약해제.해지/위약금
2023005030,2023-01-26,여자,65 - 69세,경상남도,일반판매,양복(서양식 의복)세탁,품질(물품/용역)
2023005031,2023-01-26,남자,40 - 49세,서울특별시,국내온라인거래,신유형상품권,부당행위
2023005032,2023-01-26,여자,50 - 59세,울산광역시,전화권유판매,기타건강식품,청약철회
2023005033,2023-01-26,여자,50 - 59세,경기도,일반판매,초고속인터넷,계약해제.해지/위약금
2023005035,2023-01-26,남자,30 - 39세,서울특별시,일반판매,항공여객운송서비스,계약해제.해지/위약금
2023005036,2023-01-26,여자,30 - 39세,서울특별시,일반판매,요가,계약해제.해지/위약금
2023005037,2023-01-26,여자,30 - 39세,서울특별시,일반판매,커피,부당행위
2023005038,2023-01-26,여자,65 - 69세,서울특별시,모바일거래,점퍼·재킷류,품질(물품/용역)
2023005040,2023-01-26,남자,50 - 59세,대전광역시,국내온라인거래,선박화물운송서비스,계약해제.해지/위약금
2023005041,2023-01-26,남자,40 - 49세,강원특별자치도,국내온라인거래,기타자동차용품,표시.광고
2023005042,2023-01-26,남자,60 - 64세,경기도,국내온라인거래,컵,가격.요금
2023005043,2023-01-26,남자,10 - 19세,경기도,국내온라인거래,모바일게임서비스,부당행위
2023005044,2023-01-26,여자,불명,대전광역시,모바일거래,스포츠웨어,계약불이행(불완전이행)
2023005045,2023-01-26,여자,40 - 49세,광주광역시,일반판매,전기장판,품질(물품/용역)
2023005046,2023-01-26,여자,50 - 59세,서울특별시,일반판매,스프링매트리스,품질(물품/용역)
2023005047,2023-01-26,남자,10 - 19세,서울특별시,국내온라인거래,국외여행,계약해제.해지/위약금
2023005048,2023-01-26,남자,65 - 69세,경기도,일반판매,인터넷정보이용서비스,계약해제.해지/위약금
2023005050,2023-01-26,남자,40 - 49세,대구광역시,일반판매,상품권,부당행위
2023005051,2023-01-26,여자,40 - 49세,경기도,일반판매,운동화,품질(물품/용역)
2023005052,2023-01-26,여자,50 - 59세,인천광역시,일반판매,내과,품질(물품/용역)
2023005053,2023-01-26,여자,60 - 64세,인천광역시,TV홈쇼핑,양복(서양식 의복)세탁,품질(물품/용역)
2023005054,2023-01-26,남자,70 - 79세,서울특별시,일반판매,기타주택·건물,계약불이행(불완전이행)
2023005055,2023-01-26,남자,40 - 49세,경상남도,일반판매,미용서비스,계약해제.해지/위약금
2023005056,2023-01-26,남자,20 - 29세,전라남도,일반판매,고시원이용,계약해제.해지/위약금
2023005058,2023-01-26,남자,70 - 79세,경기도,기타,치과,품질(물품/용역)
2023005059,2023-01-26,남자,20 - 29세,충청남도,기타,피부과,품질(물품/용역)
2023005060,2023-01-26,여자,40 - 49세,서울특별시,모바일거래,모바일게임서비스,청약철회
2023005061,2023-01-26,여자,65 - 69세,부산광역시,일반판매,이동전화서비스,계약해제.해지/위약금
2023005062,2023-01-26,여자,30 - 39세,경기도,일반판매,애완고양이,청약철회
2023005063,2023-01-26,여자,60 - 64세,경기도,기타,정형외과,품질(물품/용역)
2023005065,2023-01-26,여자,30 - 39세,서울특별시,국제온라인거래,선풍기,표시.광고
2023005066,2023-01-26,여자,20 - 29세,광주광역시,국내온라인거래,신발세탁,계약불이행(불완전이행)
2023005067,2023-01-26,남자,65 - 69세,울산광역시,일반판매,생활패션화(슬립온·아쿠아슈즈·장화·작업화 등),품질(물품/용역)
2023005068,2023-01-26,여자,30 - 39세,경상북도,국내온라인거래,신유형상품권,품질(물품/용역)
2023005069,2023-01-26,남자,80세이상,서울특별시,일반판매,전기면도기,품질(물품/용역)
2023005070,2023-01-26,남자,65 - 69세,대구광역시,국내온라인거래,호텔,계약해제.해지/위약금
2023005071,2023-01-26,남자,80세이상,경기도,일반판매,점퍼·재킷류,품질(물품/용역)
2023005072,2023-01-26,남자,70 - 79세,경기도,국내온라인거래,기타조리기기·기구,품질(물품/용역)
2023005073,2023-01-26,여자,50 - 59세,경기도,국내온라인거래,옷장,품질(물품/용역)
2023005075,2023-01-26,남자,20 - 29세,광주광역시,일반판매,스키용품,부당행위
2023005076,2023-01-26,남자,40 - 49세,경기도,일반판매,종신보험,약관
2023005077,2023-01-26,여자,불명,강원특별자치도,일반판매,머플러,품질(물품/용역)
2023005078,2023-01-26,여자,40 - 49세,울산광역시,국내온라인거래,원피스,청약철회
2023005079,2023-01-26,남자,40 - 49세,경기도,일반판매,점퍼·재킷류,품질(물품/용역)
2023005080,2023-01-26,남자,30 - 39세,서울특별시,모바일거래,항공여객운송서비스,청약철회
2023005081,2023-01-26,여자,65 - 69세,부산광역시,전화권유판매,유사투자자문,청약철회
2023005082,2023-01-26,남자,20 - 29세,광주광역시,일반판매,예식서비스,청약철회
2023005083,2023-01-26,여자,50 - 59세,경기도,TV홈쇼핑,안마의자대여(렌트),품질(물품/용역)
2023005084,2023-01-26,남자,불명,경상북도,일반판매,양복(서양식 의복)세탁,품질(물품/용역)
2023005085,2023-01-26,여자,65 - 69세,경상남도,일반판매,실손보험,약관
2023005086,2023-01-26,남자,40 - 49세,인천광역시,일반판매,자동차세차,계약불이행(불완전이행)
2023005087,2023-01-26,여자,70 - 79세,경상남도,국내온라인거래,양복(서양식 의복)세탁,품질(물품/용역)
2023005088,2023-01-26,남자,30 - 39세,부산광역시,국내온라인거래,기타가구,품질(물품/용역)
2023005089,2023-01-26,여자,30 - 39세,경기도,모바일거래,택시여객운송서비스,약관
2023005090,2023-01-26,남자,30 - 39세,서울특별시,방문판매,기타예식관련서비스,청약철회
2023005091,2023-01-26,남자,20 - 29세,경기도,일반판매,이동전화서비스,계약불이행(불완전이행)
2023005092,2023-01-26,남자,40 - 49세,서울특별시,국내온라인거래,항공여객운송서비스,계약해제.해지/위약금
2023005093,2023-01-26,남자,30 - 39세,경기도,국제온라인거래,애완동·식물용품,품질(물품/용역)
2023005094,2023-01-26,여자,20 - 29세,서울특별시,국내온라인거래,책장·서가,계약불이행(불완전이행)
2023005095,2023-01-26,남자,50 - 59세,서울특별시,소셜커머스(쇼핑),하드디스크드라이버,계약불이행(불완전이행)
2023005096,2023-01-26,여자,30 - 39세,인천광역시,국내온라인거래,니트(스웨터),품질(물품/용역)
2023005097,2023-01-26,남자,30 - 39세,대구광역시,기타,인터넷게임서비스,부당행위
2023005098,2023-01-26,남자,20 - 29세,경기도,일반판매,예식서비스,부당채권추심
2023005099,2023-01-26,남자,20 - 29세,전라남도,모바일거래,점퍼·재킷류,청약철회
2023005100,2023-01-26,남자,20 - 29세,울산광역시,소셜커머스(쇼핑),국외여행,청약철회
2023005101,2023-01-26,남자,40 - 49세,경기도,국내온라인거래,각종공연관람,계약불이행(불완전이행)
2023005102,2023-01-26,남자,40 - 49세,대구광역시,일반판매,애완견,계약불이행(불완전이행)
2023005103,2023-01-26,남자,30 - 39세,인천광역시,소셜커머스(쇼핑),냉동고,품질(물품/용역)
2023005104,2023-01-26,여자,30 - 39세,서울특별시,국내온라인거래,기타사설강습서비스,계약해제.해지/위약금
2023005105,2023-01-26,남자,20 - 29세,경상남도,방문판매,해외유학알선,계약해제.해지/위약금
2023005106,2023-01-26,여자,40 - 49세,대구광역시,소셜커머스(쇼핑),기타육류·육류가공식품,품질(물품/용역)
2023005107,2023-01-26,여자,30 - 39세,경기도,기타,해외유학알선,계약불이행(불완전이행)
2023005108,2023-01-26,남자,40 - 49세,서울특별시,국내온라인거래,감귤,품질(물품/용역)
2023005109,2023-01-26,여자,30 - 39세,서울특별시,국내온라인거래,건물청소서비스,계약해제.해지/위약금
2023005110,2023-01-26,여자,50 - 59세,경기도,일반판매,"OTT서비스(넷플릭스,왓챠 등)",계약해제.해지/위약금
2023005111,2023-01-26,여자,40 - 49세,강원특별자치도,기타,헬스장,계약불이행(불완전이행)
2023005112,2023-01-26,남자,60 - 64세,경기도,기타,창호유리,품질(물품/용역)
2023005113,2023-01-26,여자,30 - 39세,경상남도,국내온라인거래,기타숙박시설,청약철회
2023005114,2023-01-26,여자,50 - 59세,서울특별시,TV홈쇼핑,정수기대여(렌트),계약불이행(불완전이행)
2023005115,2023-01-26,여자,20 - 29세,서울특별시,모바일거래,외식,계약해제.해지/위약금
2023005116,2023-01-26,여자,30 - 39세,경기도,국내온라인거래,스마트폰,품질(물품/용역)
2023005117,2023-01-26,남자,50 - 59세,전라북도,전화권유판매,기타정보이용서비스,계약불이행(불완전이행)
2023005118,2023-01-26,남자,40 - 49세,서울특별시,전화권유판매,인터넷교육서비스,계약해제.해지/위약금
2023005119,2023-01-26,여자,30 - 39세,서울특별시,전화권유판매,인터넷교육서비스,계약해제.해지/위약금
2023005120,2023-01-26,여자,20 - 29세,인천광역시,일반판매,헬스장,계약해제.해지/위약금
2023005121,2023-01-26,여자,50 - 59세,제주도,소셜커머스(쇼핑),기타숙박시설,품질(물품/용역)
2023005122,2023-01-26,여자,50 - 59세,대전광역시,일반판매,아파트,계약해제.해지/위약금
2023005123,2023-01-26,남자,30 - 39세,경기도,방문판매,예식서비스,계약해제.해지/위약금
2023005124,2023-01-26,여자,40 - 49세,서울특별시,전화권유판매,이동전화서비스,가격.요금
2023005125,2023-01-26,여자,30 - 39세,충청남도,일반판매,콘택트렌즈·용품,품질(물품/용역)
2023005126,2023-01-26,여자,40 - 49세,경기도,국내온라인거래,빵,청약철회
2023005127,2023-01-26,여자,30 - 39세,서울특별시,전화권유판매,국내결혼중개,계약해제.해지/위약금
2023005128,2023-01-26,여자,20 - 29세,대구광역시,모바일거래,필라테스,계약해제.해지/위약금
2023005129,2023-01-26,남자,30 - 39세,강원특별자치도,기타,기타세탁서비스,청약철회
2023005130,2023-01-26,남자,20 - 29세,경기도,일반판매,스마트폰,AS불만
2023005131,2023-01-26,여자,30 - 39세,경기도,국내온라인거래,기타숙박시설,가격.요금
2023005132,2023-01-26,여자,30 - 39세,서울특별시,일반판매,외식,청약철회
2023005133,2023-01-26,여자,40 - 49세,서울특별시,국내온라인거래,스마트폰,부당행위
2023005134,2023-01-26,남자,60 - 64세,울산광역시,전화권유판매,초고속인터넷,계약해제.해지/위약금
2023005135,2023-01-26,여자,40 - 49세,경기도,기타통신판매,스마트폰,품질(물품/용역)
2023005136,2023-01-26,남자,30 - 39세,서울특별시,기타,중형승용자동차,부당행위
2023005137,2023-01-26,남자,30 - 39세,서울특별시,기타통신판매,건물청소서비스,부당행위
2023005138,2023-01-26,여자,50 - 59세,울산광역시,일반판매,기타회원권,계약해제.해지/위약금
2023005139,2023-01-26,여자,20 - 29세,경기도,일반판매,일반강습(입시학원등),계약해제.해지/위약금
2023005140,2023-01-26,남자,30 - 39세,대전광역시,전화권유판매,기타건강식품,계약해제.해지/위약금
2023005141,2023-01-26,여자,20 - 29세,인천광역시,국내온라인거래,노트북컴퓨터,청약철회
2023005142,2023-01-26,여자,30 - 39세,부산광역시,기타통신판매,기타사설강습서비스,계약해제.해지/위약금
2023005143,2023-01-26,남자,30 - 39세,강원특별자치도,국내온라인거래,마우스,계약불이행(불완전이행)
2023005144,2023-01-26,여자,20 - 29세,대구광역시,일반판매,필라테스,계약해제.해지/위약금
2023005145,2023-01-26,남자,30 - 39세,서울특별시,기타,헬스장,계약해제.해지/위약금
2023005146,2023-01-26,여자,30 - 39세,강원특별자치도,일반판매,화장품세트,계약해제.해지/위약금
2023005147,2023-01-26,여자,40 - 49세,서울특별시,국내온라인거래,보석·귀금속,청약철회
2023005148,2023-01-26,남자,60 - 64세,서울특별시,모바일거래,시계,품질(물품/용역)
2023005149,2023-01-26,여자,50 - 59세,전라북도,소셜커머스(쇼핑),점퍼·재킷류,품질(물품/용역)
2023005151,2023-01-26,여자,20 - 29세,인천광역시,일반판매,침대,계약불이행(불완전이행)
2023005152,2023-01-26,남자,30 - 39세,강원특별자치도,전화권유판매,기타매체광고,계약해제.해지/위약금
2023005153,2023-01-26,여자,30 - 39세,서울특별시,기타,일반강습(입시학원등),계약해제.해지/위약금
2023005154,2023-01-26,여자,30 - 39세,부산광역시,기타,경비·관리서비스,계약해제.해지/위약금
2023005155,2023-01-26,여자,30 - 39세,경상남도,국내온라인거래,커튼,청약철회
2023005156,2023-01-26,남자,30 - 39세,서울특별시,소셜커머스(쇼핑),티셔츠,청약철회
2023005157,2023-01-26,여자,40 - 49세,경상북도,기타,기타법률서비스,가격.요금
2023005201,2023-01-27,남자,40 - 49세,강원특별자치도,국내온라인거래,스포츠웨어,가격.요금
2023005202,2023-01-27,여자,20 - 29세,서울특별시,국내온라인거래,기타신발·용품,계약불이행(불완전이행)
2023005203,2023-01-27,여자,30 - 39세,서울특별시,일반판매,중형승용자동차,품질(물품/용역)
2023005204,2023-01-27,여자,40 - 49세,광주광역시,기타,점퍼·재킷류,계약해제.해지/위약금
2023005205,2023-01-27,여자,50 - 59세,서울특별시,일반판매,양복(서양식 의복)세탁,품질(물품/용역)
2023005206,2023-01-27,남자,30 - 39세,대전광역시,일반판매,오토바이,AS불만
2023005207,2023-01-27,남자,30 - 39세,서울특별시,일반판매,헬스장,계약해제.해지/위약금
2023005208,2023-01-27,여자,50 - 59세,서울특별시,일반판매,양복(서양식 의복)세탁,품질(물품/용역)
2023005209,2023-01-27,여자,50 - 59세,서울특별시,일반판매,양복(서양식 의복)세탁,품질(물품/용역)
2023005210,2023-01-27,남자,30 - 39세,경기도,국내온라인거래,카메라,품질(물품/용역)
2023005211,2023-01-27,남자,20 - 29세,경기도,일반판매,헬스장,계약해제.해지/위약금
2023005212,2023-01-27,남자,50 - 59세,서울특별시,일반판매,자동차대여(렌트),계약해제.해지/위약금
2023005213,2023-01-27,남자,40 - 49세,경기도,일반판매,대형승용자동차,AS불만
2023005214,2023-01-27,남자,50 - 59세,서울특별시,국내온라인거래,스노우체인,표시.광고
2023005215,2023-01-27,여자,30 - 39세,서울특별시,국내온라인거래,양복(서양식 의복)세탁,품질(물품/용역)
2023005216,2023-01-27,남자,30 - 39세,서울특별시,국내온라인거래,신유형상품권,거래관행
2023005218,2023-01-27,여자,20 - 29세,경기도,국내온라인거래,점퍼·재킷류,청약철회
2023005219,2023-01-27,여자,30 - 39세,경기도,전화권유판매,인터넷정보이용서비스,계약해제.해지/위약금
2023005221,2023-01-27,여자,40 - 49세,경기도,일반판매,피부과,계약불이행(불완전이행)
2023005222,2023-01-27,남자,40 - 49세,경기도,일반판매,치과,계약해제.해지/위약금
2023005223,2023-01-27,남자,20 - 29세,서울특별시,일반판매,피부과,계약불이행(불완전이행)
2023005225,2023-01-27,남자,70 - 79세,인천광역시,일반판매,한의원,계약해제.해지/위약금
2023005226,2023-01-27,여자,20 - 29세,경기도,일반판매,헬스장,계약해제.해지/위약금
2023005227,2023-01-27,여자,50 - 59세,경기도,일반판매,피부과,계약해제.해지/위약금
2023005228,2023-01-27,남자,30 - 39세,서울특별시,일반판매,한의원,계약해제.해지/위약금
2023005229,2023-01-27,남자,30 - 39세,경기도,일반판매,예식서비스,계약해제.해지/위약금
2023005230,2023-01-27,여자,40 - 49세,충청북도,TV홈쇼핑,피혁세탁,품질(물품/용역)
2023005231,2023-01-27,남자,10 - 19세,경기도,일반판매,성형외과,계약해제.해지/위약금
2023005232,2023-01-27,여자,20 - 29세,전라남도,기타,인터넷정보이용서비스,계약해제.해지/위약금
2023005233,2023-01-27,여자,50 - 59세,경기도,일반판매,헬스장,계약해제.해지/위약금
2023005234,2023-01-27,여자,50 - 59세,경기도,일반판매,치과,계약해제.해지/위약금
2023005235,2023-01-27,여자,20 - 29세,인천광역시,전화권유판매,모바일정보이용서비스,계약불이행(불완전이행)
2023005236,2023-01-27,남자,40 - 49세,경기도,소셜커머스(쇼핑),학습지,약관
2023005237,2023-01-27,여자,30 - 39세,경기도,일반판매,결혼준비대행서비스,계약해제.해지/위약금
2023005239,2023-01-27,여자,40 - 49세,충청남도,일반판매,국외여행,계약불이행(불완전이행)
2023005240,2023-01-27,여자,50 - 59세,서울특별시,국내온라인거래,기타빵·과자류,표시.광고
2023005241,2023-01-27,남자,30 - 39세,경기도,국제온라인거래,호텔,계약해제.해지/위약금
2023005242,2023-01-27,남자,20 - 29세,경기도,일반판매,예식서비스,계약해제.해지/위약금
2023005243,2023-01-27,남자,70 - 79세,경상북도,일반판매,다목적승용차,품질(물품/용역)
2023005244,2023-01-27,여자,50 - 59세,경기도,일반판매,기타인테리어설비,품질(물품/용역)
2023005245,2023-01-27,여자,30 - 39세,서울특별시,기타,국내결혼중개,계약해제.해지/위약금
2023005246,2023-01-27,여자,40 - 49세,서울특별시,일반판매,점퍼·재킷류,품질(물품/용역)
2023005247,2023-01-27,여자,50 - 59세,부산광역시,일반판매,점퍼·재킷류,품질(물품/용역)
2023005248,2023-01-27,여자,30 - 39세,서울특별시,일반판매,해외연수알선,청약철회
2023005249,2023-01-27,남자,60 - 64세,서울특별시,국내온라인거래,TV,표시.광고
2023005250,2023-01-27,남자,30 - 39세,경기도,일반판매,점퍼·재킷류,품질(물품/용역)
2023005251,2023-01-27,여자,60 - 64세,서울특별시,국내온라인거래,초고속인터넷,계약해제.해지/위약금
2023005252,2023-01-27,여자,30 - 39세,서울특별시,일반판매,양복(서양식 의복)세탁,품질(물품/용역)
2023005253,2023-01-27,여자,50 - 59세,부산광역시,일반판매,필라테스,계약해제.해지/위약금
2023005254,2023-01-27,여자,20 - 29세,세종특별자치시,일반판매,양복(서양식 의복)세탁,품질(물품/용역)
2023005256,2023-01-27,여자,50 - 59세,인천광역시,일반판매,점퍼·재킷류,품질(물품/용역)
2023005257,2023-01-27,남자,40 - 49세,서울특별시,기타,TV,AS불만
2023005258,2023-01-27,남자,30 - 39세,경기도,일반판매,애완고양이,품질(물품/용역)
2023005259,2023-01-27,남자,65 - 69세,경기도,일반판매,시계,품질(물품/용역)
2023005260,2023-01-27,여자,60 - 64세,경기도,일반판매,이불·요,품질(물품/용역)
2023005261,2023-01-27,남자,30 - 39세,대전광역시,국내온라인거래,캐주얼바지,계약불이행(불완전이행)
2023005262,2023-01-27,여자,30 - 39세,제주도,일반판매,골프회원권,계약불이행(불완전이행)
2023005263,2023-01-27,남자,60 - 64세,대전광역시,국내온라인거래,기타의자류,품질(물품/용역)
2023005264,2023-01-27,여자,40 - 49세,경상남도,일반판매,숙녀화(구두·부츠 등),품질(물품/용역)
2023005265,2023-01-27,여자,40 - 49세,경기도,일반판매,양복(서양식 의복)세탁,품질(물품/용역)
2023005266,2023-01-27,남자,70 - 79세,서울특별시,일반판매,기타약품,품질(물품/용역)
2023005267,2023-01-27,남자,40 - 49세,서울특별시,일반판매,정형외과,품질(물품/용역)
2023005268,2023-01-27,여자,50 - 59세,경기도,국내온라인거래,운동화,품질(물품/용역)
2023005270,2023-01-27,여자,60 - 64세,서울특별시,일반판매,전기세탁기,계약불이행(불완전이행)
2023005271,2023-01-27,남자,40 - 49세,서울특별시,모바일거래,여관(모텔),계약해제.해지/위약금
2023005274,2023-01-27,남자,30 - 39세,경기도,일반판매,신발세탁,품질(물품/용역)
2023005275,2023-01-27,여자,50 - 59세,경기도,일반판매,점퍼·재킷류,품질(물품/용역)
2023005276,2023-01-27,남자,30 - 39세,대구광역시,일반판매,소형승용자동차,품질(물품/용역)
2023005277,2023-01-27,여자,60 - 64세,서울특별시,일반판매,기타약품,계약불이행(불완전이행)
2023005278,2023-01-27,남자,30 - 39세,충청남도,국내온라인거래,운동화,품질(물품/용역)
2023005279,2023-01-27,남자,30 - 39세,경기도,소셜커머스(쇼핑),모바일정보이용서비스,계약해제.해지/위약금
2023005280,2023-01-27,남자,40 - 49세,서울특별시,일반판매,중형승용자동차,품질(물품/용역)
2023005281,2023-01-27,여자,40 - 49세,대구광역시,일반판매,점퍼·재킷류,품질(물품/용역)
2023005282,2023-01-27,여자,40 - 49세,서울특별시,기타,성형외과,계약해제.해지/위약금
2023005283,2023-01-27,여자,40 - 49세,서울특별시,일반판매,성형외과,계약해제.해지/위약금
2023005284,2023-01-27,남자,50 - 59세,강원특별자치도,일반판매,치과,계약해제.해지/위약금
2023005285,2023-01-27,여자,20 - 29세,대구광역시,일반판매,운동화,품질(물품/용역)
2023005286,2023-01-27,남자,50 - 59세,서울특별시,모바일거래,카셰어링,가격.요금
2023005287,2023-01-27,여자,30 - 39세,충청북도,일반판매,티셔츠,품질(물품/용역)
2023005288,2023-01-27,여자,40 - 49세,경상북도,국내온라인거래,코트,품질(물품/용역)
2023005289,2023-01-27,여자,30 - 39세,경기도,국내온라인거래,점퍼·재킷류,품질(물품/용역)
2023005290,2023-01-27,여자,40 - 49세,경기도,일반판매,양복(서양식 의복)세탁,품질(물품/용역)
2023005291,2023-01-27,남자,50 - 59세,서울특별시,국내온라인거래,기타컴퓨터·주변기기,계약불이행(불완전이행)
2023005292,2023-01-27,여자,40 - 49세,대구광역시,일반판매,아파트,부당행위
2023005293,2023-01-27,여자,30 - 39세,서울특별시,국내온라인거래,비타민제,계약불이행(불완전이행)
2023005294,2023-01-27,남자,불명,서울특별시,모바일거래,모바일정보이용서비스,계약불이행(불완전이행)
2023005295,2023-01-27,남자,불명,대전광역시,TV홈쇼핑,상조서비스,계약불이행(불완전이행)
2023005296,2023-01-27,남자,50 - 59세,충청북도,방문판매,신유형상품권,청약철회
2023005301,2023-01-27,여자,40 - 49세,인천광역시,소셜커머스(쇼핑),모형완구,청약철회
2023005302,2023-01-27,여자,60 - 64세,광주광역시,일반판매,정수기대여(렌트),AS불만
2023005303,2023-01-27,여자,30 - 39세,경기도,전화권유판매,인터넷정보이용서비스,계약해제.해지/위약금
2023005304,2023-01-27,남자,30 - 39세,인천광역시,국내온라인거래,컴퓨터수리,AS불만
2023005305,2023-01-27,남자,20 - 29세,경기도,국내온라인거래,캐주얼바지,청약철회
2023005306,2023-01-27,남자,30 - 39세,경기도,일반판매,헬스장,계약해제.해지/위약금
2023005307,2023-01-27,남자,30 - 39세,부산광역시,국내온라인거래,시계,청약철회
2023005308,2023-01-27,여자,40 - 49세,경기도,일반판매,정수기대여(렌트),안전(제품/시설)
2023005309,2023-01-27,여자,20 - 29세,전라남도,국내온라인거래,녹화음반테이프(비디오카세트LP),청약철회
2023005310,2023-01-27,남자,60 - 64세,강원특별자치도,소셜커머스(쇼핑),소파,품질(물품/용역)
2023005311,2023-01-27,남자,30 - 39세,인천광역시,전화권유판매,인터넷정보이용서비스,계약해제.해지/위약금
2023005312,2023-01-27,여자,50 - 59세,부산광역시,국내온라인거래,안약,계약불이행(불완전이행)
2023005313,2023-01-27,여자,40 - 49세,경기도,국내온라인거래,싱크대,AS불만
2023005314,2023-01-27,여자,30 - 39세,서울특별시,국내온라인거래,코트,품질(물품/용역)
2023005315,2023-01-27,남자,50 - 59세,경기도,국내온라인거래,외식,부당행위
2023005316,2023-01-27,남자,40 - 49세,경상북도,국내온라인거래,항공여객운송서비스,부당행위
2023005317,2023-01-27,여자,50 - 59세,인천광역시,국내온라인거래,노트북컴퓨터,품질(물품/용역)
2023005318,2023-01-27,남자,30 - 39세,서울특별시,전화권유판매,유사투자자문,계약불이행(불완전이행)
2023005319,2023-01-27,남자,40 - 49세,경기도,기타,이동전화서비스,계약불이행(불완전이행)
2023005320,2023-01-27,여자,30 - 39세,서울특별시,일반판매,필라테스,계약해제.해지/위약금
2023005321,2023-01-27,여자,65 - 69세,서울특별시,일반판매,콘도회원권,계약해제.해지/위약금
2023005322,2023-01-27,여자,30 - 39세,경기도,일반판매,양복(서양식 의복)세탁,품질(물품/용역)
2023005323,2023-01-27,남자,30 - 39세,경기도,전화권유판매,기타매체광고,청약철회
2023005324,2023-01-27,남자,40 - 49세,경상북도,기타,이동전화서비스,부당행위
2023005325,2023-01-27,남자,40 - 49세,경상북도,기타,택배화물운송서비스,계약불이행(불완전이행)
2023005326,2023-01-27,남자,20 - 29세,서울특별시,일반판매,헬스장,계약해제.해지/위약금
2023005327,2023-01-27,여자,50 - 59세,부산광역시,전화권유판매,이동전화서비스,청약철회
2023005328,2023-01-27,여자,20 - 29세,대구광역시,소셜커머스(쇼핑),숙녀복하의,청약철회
2023005330,2023-01-27,여자,20 - 29세,서울특별시,국내온라인거래,스마트폰,계약해제.해지/위약금
2023005331,2023-01-27,여자,20 - 29세,대전광역시,국내온라인거래,각종공연관람,계약불이행(불완전이행)
2023005332,2023-01-27,여자,30 - 39세,울산광역시,일반판매,미용서비스,계약해제.해지/위약금
2023005333,2023-01-27,여자,20 - 29세,인천광역시,국제온라인거래,여성용내의류,계약불이행(불완전이행)
2023005334,2023-01-27,여자,40 - 49세,대전광역시,국내온라인거래,코트,청약철회
2023005335,2023-01-27,여자,40 - 49세,전라북도,국내온라인거래,전기포트,계약불이행(불완전이행)
2023005338,2023-01-27,여자,40 - 49세,서울특별시,방문판매,기타인테리어설비,품질(물품/용역)
2023005339,2023-01-27,여자,20 - 29세,부산광역시,국제온라인거래,여성용내의류,청약철회
2023005340,2023-01-27,남자,50 - 59세,부산광역시,방문판매,점퍼·재킷류,품질(물품/용역)
2023005341,2023-01-27,남자,20 - 29세,인천광역시,기타,헬스장,계약해제.해지/위약금
2023005342,2023-01-27,남자,40 - 49세,경상북도,방문판매,영화관람,계약해제.해지/위약금
2023005343,2023-01-27,여자,20 - 29세,서울특별시,일반판매,사진촬영,계약불이행(불완전이행)
2023005344,2023-01-27,여자,30 - 39세,서울특별시,방문판매,신유형상품권,약관
2023005345,2023-01-27,여자,30 - 39세,인천광역시,기타,기타위생서비스,품질(물품/용역)
2023005346,2023-01-27,남자,40 - 49세,경기도,소셜커머스(쇼핑),보석·귀금속,청약철회
2023005347,2023-01-27,여자,30 - 39세,울산광역시,일반판매,필라테스,계약해제.해지/위약금
2023005348,2023-01-27,남자,40 - 49세,경기도,소셜커머스(쇼핑),골프용품,품질(물품/용역)
2023005349,2023-01-27,남자,20 - 29세,서울특별시,소셜커머스(쇼핑),헤드폰·이어폰,품질(물품/용역)
2023005350,2023-01-27,여자,30 - 39세,경기도,국내온라인거래,응접테이블,청약철회
2023005351,2023-01-27,남자,50 - 59세,경기도,기타,항공여객운송서비스,계약해제.해지/위약금
2023005352,2023-01-27,남자,30 - 39세,경기도,기타,헬스장,계약해제.해지/위약금
2023005353,2023-01-27,남자,30 - 39세,서울특별시,국내온라인거래,미용서비스,계약해제.해지/위약금
2023005354,2023-01-27,여자,40 - 49세,경기도,국내온라인거래,전기장판,AS불만
2023005355,2023-01-27,남자,10 - 19세,울산광역시,기타,헬스장,계약해제.해지/위약금
2023005356,2023-01-27,여자,40 - 49세,경상북도,국제온라인거래,기타의류·섬유,청약철회
2023005357,2023-01-27,여자,20 - 29세,서울특별시,국내온라인거래,인터넷교육서비스,계약해제.해지/위약금
2023005358,2023-01-27,남자,40 - 49세,서울특별시,방문판매,학습지,계약불이행(불완전이행)
2023005359,2023-01-27,남자,20 - 29세,경기도,국내온라인거래,니트(스웨터),청약철회
2023005361,2023-01-27,여자,30 - 39세,울산광역시,일반판매,필라테스,계약해제.해지/위약금
2023005362,2023-01-27,여자,30 - 39세,인천광역시,국내온라인거래,컵,품질(물품/용역)
2023005363,2023-01-27,여자,30 - 39세,경기도,방문판매,헬스장,계약해제.해지/위약금
2023005364,2023-01-27,여자,20 - 29세,광주광역시,기타통신판매,모바일정보이용서비스,계약해제.해지/위약금
2023005401,2023-01-28,여자,40 - 49세,경기도,일반판매,우유,품질(물품/용역)
2023005402,2023-01-28,여자,20 - 29세,서울특별시,일반판매,헬스장,계약해제.해지/위약금
2023005403,2023-01-28,남자,20 - 29세,경기도,소셜커머스(쇼핑),커튼,품질(물품/용역)
2023005405,2023-01-28,여자,40 - 49세,서울특별시,국내온라인거래,숙녀복상의,청약철회
2023005406,2023-01-28,남자,20 - 29세,서울특별시,일반판매,의류수선,품질(물품/용역)
2023005407,2023-01-28,남자,40 - 49세,전라남도,모바일거래,고시원이용,품질(물품/용역)
2023005409,2023-01-28,여자,30 - 39세,인천광역시,일반판매,헬스장,계약해제.해지/위약금
2023005410,2023-01-28,여자,40 - 49세,인천광역시,국내온라인거래,기타의류·섬유,가격.요금
2023005411,2023-01-28,여자,30 - 39세,서울특별시,일반판매,헬스장,계약해제.해지/위약금
2023005412,2023-01-28,여자,30 - 39세,경상북도,전화권유판매,모바일정보이용서비스,계약해제.해지/위약금
2023005413,2023-01-28,여자,40 - 49세,서울특별시,전화권유판매,인터넷정보이용서비스,계약해제.해지/위약금
2023005414,2023-01-28,남자,30 - 39세,서울특별시,일반판매,항공여객운송서비스,계약해제.해지/위약금
2023005415,2023-01-28,남자,50 - 59세,서울특별시,기타통신판매,이동전화서비스,청약철회
2023005416,2023-01-28,여자,20 - 29세,인천광역시,방문판매,헬스장,계약해제.해지/위약금
2023005417,2023-01-28,남자,40 - 49세,경기도,기타,대리운전,부당행위
2023005501,2023-01-29,여자,20 - 29세,인천광역시,일반판매,요가,계약해제.해지/위약금
2023005502,2023-01-29,여자,30 - 39세,인천광역시,기타통신판매,화장품세트,계약불이행(불완전이행)
2023005503,2023-01-29,남자,30 - 39세,서울특별시,모바일거래,기타숙박시설,계약불이행(불완전이행)
2023005504,2023-01-29,여자,30 - 39세,경기도,국내온라인거래,복합기,단순문의.상담
2023005505,2023-01-29,여자,40 - 49세,서울특별시,국내온라인거래,아동복,청약철회
2023005506,2023-01-29,남자,20 - 29세,경기도,모바일거래,여관(모텔),청약철회
2023005507,2023-01-29,여자,50 - 59세,서울특별시,기타,일반강습(입시학원등),계약해제.해지/위약금
2023005508,2023-01-29,남자,30 - 39세,경기도,국내온라인거래,침대,품질(물품/용역)
2023005509,2023-01-29,남자,30 - 39세,전라북도,국내온라인거래,보석·귀금속,계약불이행(불완전이행)
2023005510,2023-01-29,남자,30 - 39세,경상북도,방문판매,고시원이용,계약불이행(불완전이행)
2023005511,2023-01-29,여자,65 - 69세,강원특별자치도,기타,외식,계약불이행(불완전이행)
2023005512,2023-01-29,남자,50 - 59세,경기도,국내온라인거래,컴퓨터모니터(데스크탑),부당행위
2023005513,2023-01-29,여자,30 - 39세,울산광역시,국제온라인거래,숙녀복하의,청약철회
2023005514,2023-01-29,남자,20 - 29세,경기도,방문판매,인터넷교육서비스,계약해제.해지/위약금
2023005515,2023-01-29,남자,30 - 39세,경기도,기타통신판매,스포츠관람,계약해제.해지/위약금
2023005516,2023-01-29,여자,30 - 39세,충청남도,일반판매,헬스장,계약해제.해지/위약금
2023005518,2023-01-27,여자,40 - 49세,전라남도,국내온라인거래,TV,AS불만
2023005519,2023-01-30,여자,20 - 29세,충청북도,일반판매,보석·귀금속,품질(물품/용역)
2023005520,2023-01-30,남자,50 - 59세,경기도,국내온라인거래,자동차대여(렌트),품질(물품/용역)
2023005521,2023-01-30,여자,50 - 59세,경기도,일반판매,코트,품질(물품/용역)
2023005522,2023-01-30,남자,30 - 39세,경기도,일반판매,자동차수리·점검,AS불만
2023005523,2023-01-30,남자,40 - 49세,서울특별시,일반판매,중형승용자동차,품질(물품/용역)
2023005524,2023-01-30,남자,60 - 64세,대구광역시,전화권유판매,유사투자자문,계약해제.해지/위약금
2023005525,2023-01-30,남자,30 - 39세,광주광역시,일반판매,자동차대여(렌트),계약해제.해지/위약금
2023005526,2023-01-30,남자,40 - 49세,경기도,소셜커머스(쇼핑),인터넷교육서비스,계약불이행(불완전이행)
2023005527,2023-01-30,여자,30 - 39세,경상북도,일반판매,유통시설이용,품질(물품/용역)
2023005528,2023-01-30,남자,30 - 39세,인천광역시,일반판매,사진촬영,품질(물품/용역)
2023005529,2023-01-30,여자,40 - 49세,경기도,기타,기타방문·통신교육서비스,계약불이행(불완전이행)
2023005530,2023-01-30,여자,40 - 49세,인천광역시,국내온라인거래,전기포트,품질(물품/용역)
2023005532,2023-01-30,여자,30 - 39세,서울특별시,국내온라인거래,캐주얼바지,계약해제.해지/위약금
2023005533,2023-01-30,여자,65 - 69세,서울특별시,국내온라인거래,항공여객운송서비스,계약해제.해지/위약금
2023005534,2023-01-30,남자,50 - 59세,서울특별시,국내온라인거래,항공여객운송서비스,계약해제.해지/위약금
2023005535,2023-01-30,남자,20 - 29세,서울특별시,국내온라인거래,전동킥보드,품질(물품/용역)
2023005536,2023-01-30,남자,30 - 39세,울산광역시,일반판매,이동전화서비스,청약철회
2023005537,2023-01-30,남자,20 - 29세,서울특별시,국내온라인거래,노트북컴퓨터,품질(물품/용역)
2023005538,2023-01-30,여자,40 - 49세,경기도,국내온라인거래,항공여객운송서비스,품질(물품/용역)
2023005540,2023-01-30,여자,50 - 59세,서울특별시,일반판매,치과,품질(물품/용역)
2023005541,2023-01-30,남자,30 - 39세,서울특별시,국내온라인거래,자동차대여(렌트),계약해제.해지/위약금
2023005542,2023-01-30,여자,30 - 39세,경기도,국내온라인거래,애완동·식물용품,품질(물품/용역)
2023005543,2023-01-30,남자,50 - 59세,서울특별시,일반판매,점퍼·재킷류,품질(물품/용역)
2023005544,2023-01-30,여자,30 - 39세,경기도,방문판매,학습지,계약해제.해지/위약금
2023005545,2023-01-30,남자,30 - 39세,경상남도,모바일거래,스마트폰,품질(물품/용역)
2023005546,2023-01-30,여자,30 - 39세,충청북도,일반판매,양복(서양식 의복)세탁,품질(물품/용역)
2023005547,2023-01-30,여자,20 - 29세,충청남도,국내온라인거래,펜션,계약해제.해지/위약금
2023005548,2023-01-30,여자,50 - 59세,부산광역시,일반판매,피혁세탁,품질(물품/용역)
2023005549,2023-01-30,여자,30 - 39세,서울특별시,일반판매,전동킥보드,부당행위
2023005550,2023-01-30,여자,50 - 59세,대구광역시,일반판매,양복(서양식 의복)세탁,품질(물품/용역)
2023005552,2023-01-30,남자,30 - 39세,서울특별시,국내온라인거래,기타스포츠·레저기구·용품,계약해제.해지/위약금
2023005554,2023-01-30,여자,50 - 59세,경기도,소셜커머스(쇼핑),신유형상품권,계약불이행(불완전이행)
2023005555,2023-01-30,남자,50 - 59세,경상남도,일반판매,기타민영보험,계약불이행(불완전이행)
2023005556,2023-01-30,여자,50 - 59세,경상남도,일반판매,양복(서양식 의복)세탁,품질(물품/용역)
2023005557,2023-01-30,남자,60 - 64세,강원특별자치도,기타통신판매,인터넷정보이용서비스,계약해제.해지/위약금
2023005558,2023-01-30,남자,70 - 79세,경상남도,일반판매,초고속인터넷,계약해제.해지/위약금
2023005559,2023-01-30,남자,20 - 29세,경기도,일반판매,헬스장,계약해제.해지/위약금
2023005560,2023-01-30,여자,30 - 39세,서울특별시,국내온라인거래,신유형상품권,부당행위
2023005562,2023-01-30,남자,30 - 39세,경기도,국내온라인거래,인터넷게임서비스,약관
2023005563,2023-01-30,여자,20 - 29세,서울특별시,일반판매,헬스장,계약해제.해지/위약금
2023005564,2023-01-30,남자,40 - 49세,경기도,국내온라인거래,항공여객운송서비스,계약해제.해지/위약금
2023005565,2023-01-30,남자,65 - 69세,경기도,일반판매,차량용블랙박스,청약철회
2023005566,2023-01-30,남자,30 - 39세,서울특별시,국내온라인거래,중고전자제품매매업,품질(물품/용역)
2023005567,2023-01-30,여자,40 - 49세,경기도,국내온라인거래,티셔츠,청약철회
2023005568,2023-01-30,남자,40 - 49세,서울특별시,일반판매,소파,청약철회
2023005569,2023-01-30,여자,50 - 59세,경기도,국내온라인거래,점퍼·재킷류,품질(물품/용역)
2023005570,2023-01-30,여자,60 - 64세,경상남도,일반판매,이불·요,품질(물품/용역)
2023005571,2023-01-30,남자,60 - 64세,강원특별자치도,일반판매,농업용트랙터,품질(물품/용역)
2023005572,2023-01-30,여자,40 - 49세,경기도,기타통신판매,식기세척기,계약불이행(불완전이행)
2023005573,2023-01-30,남자,40 - 49세,대구광역시,모바일거래,쌀,계약불이행(불완전이행)
2023005574,2023-01-30,여자,30 - 39세,대전광역시,국내온라인거래,항공여객운송서비스,이자.수수료
2023005575,2023-01-30,남자,40 - 49세,경기도,기타,케이블TV,계약해제.해지/위약금
2023005576,2023-01-30,여자,40 - 49세,경기도,일반판매,양복(서양식 의복)세탁,품질(물품/용역)
2023005577,2023-01-30,남자,30 - 39세,경기도,일반판매,초고속인터넷,계약해제.해지/위약금
2023005578,2023-01-30,여자,40 - 49세,경기도,모바일거래,모바일정보이용서비스,계약해제.해지/위약금
2023005579,2023-01-30,남자,40 - 49세,부산광역시,일반판매,시계,품질(물품/용역)
2023005580,2023-01-30,여자,50 - 59세,경상남도,TV홈쇼핑,기타이·미용기구,계약해제.해지/위약금
2023005581,2023-01-30,여자,30 - 39세,서울특별시,기타,응급의학과,품질(물품/용역)
2023005582,2023-01-30,여자,65 - 69세,경기도,일반판매,한의원,품질(물품/용역)
2023005583,2023-01-30,여자,30 - 39세,서울특별시,기타,내과,품질(물품/용역)
2023005584,2023-01-30,남자,60 - 64세,충청남도,기타,신경외과,품질(물품/용역)
2023005586,2023-01-30,여자,30 - 39세,강원특별자치도,국내온라인거래,니트(스웨터),품질(물품/용역)
2023005587,2023-01-30,여자,20 - 29세,서울특별시,국내온라인거래,기타미분류서비스,계약해제.해지/위약금
2023005588,2023-01-30,남자,30 - 39세,울산광역시,국내온라인거래,자동차대여(렌트),계약불이행(불완전이행)
2023005589,2023-01-30,남자,65 - 69세,경상남도,일반판매,선어(생선),계약불이행(불완전이행)
2023005590,2023-01-30,여자,40 - 49세,대구광역시,일반판매,액정보호필름,품질(물품/용역)
2023005591,2023-01-30,여자,50 - 59세,경기도,국내온라인거래,커피메이커,품질(물품/용역)
2023005592,2023-01-30,남자,10 - 19세,경기도,국내온라인거래,모형완구,청약철회
2023005593,2023-01-30,여자,30 - 39세,경기도,일반판매,양복(서양식 의복)세탁,품질(물품/용역)
2023005594,2023-01-30,여자,60 - 64세,경기도,국내온라인거래,CCTV,품질(물품/용역)
2023005595,2023-01-30,남자,50 - 59세,경기도,국내온라인거래,복합기,AS불만
2023005596,2023-01-30,남자,65 - 69세,서울특별시,방문판매,건강(암·기타질병)보험,약관
2023005597,2023-01-30,여자,30 - 39세,서울특별시,국내온라인거래,원피스,품질(물품/용역)
2023005598,2023-01-30,남자,40 - 49세,경기도,기타,이동전화서비스,부당행위
2023005599,2023-01-30,남자,60 - 64세,부산광역시,TV홈쇼핑,쌀통,품질(물품/용역)
2023005601,2023-01-30,남자,60 - 64세,경기도,국내온라인거래,전동휠,품질(물품/용역)
2023005603,2023-01-30,남자,60 - 64세,경기도,일반판매,벨트,품질(물품/용역)
2023005604,2023-01-30,남자,40 - 49세,대구광역시,일반판매,대형승용자동차,품질(물품/용역)
2023005606,2023-01-30,남자,40 - 49세,경상북도,일반판매,기타인테리어설비,계약해제.해지/위약금
2023005607,2023-01-30,여자,40 - 49세,경기도,기타,컴퓨터수리,계약불이행(불완전이행)
2023005608,2023-01-30,여자,20 - 29세,경기도,일반판매,헬스장,계약해제.해지/위약금
2023005609,2023-01-30,남자,40 - 49세,강원특별자치도,일반판매,자동차수리·점검,부당행위
2023005610,2023-01-30,남자,30 - 39세,울산광역시,국내온라인거래,이동전화서비스,청약철회
2023005612,2023-01-30,여자,30 - 39세,경기도,국내온라인거래,통신기기케이스,계약해제.해지/위약금
2023005614,2023-01-30,여자,30 - 39세,경기도,국내온라인거래,항공여객운송서비스,청약철회
2023005616,2023-01-30,여자,30 - 39세,경기도,국내온라인거래,스포츠웨어,품질(물품/용역)
2023005618,2023-01-30,여자,65 - 69세,부산광역시,일반판매,실손보험,약관
2023005619,2023-01-30,여자,65 - 69세,전라남도,일반판매,종신보험,약관
2023005621,2023-01-30,여자,60 - 64세,경기도,국내온라인거래,코트,청약철회
2023005622,2023-01-30,남자,30 - 39세,경기도,일반판매,상해보험,약관
2023005623,2023-01-30,여자,50 - 59세,경기도,국내온라인거래,점퍼·재킷류,청약철회
2023005624,2023-01-30,남자,50 - 59세,경기도,국내온라인거래,항공여객운송서비스,청약철회
2023005625,2023-01-30,남자,65 - 69세,강원특별자치도,국내온라인거래,항공여객운송서비스,계약해제.해지/위약금
2023005626,2023-01-30,여자,60 - 64세,충청남도,전화권유판매,인터넷정보이용서비스,계약해제.해지/위약금
2023005627,2023-01-30,여자,40 - 49세,전라북도,일반판매,실손보험,약관
2023005628,2023-01-30,남자,50 - 59세,경기도,기타,미분류대여(렌트),계약해제.해지/위약금
2023005630,2023-01-30,여자,30 - 39세,경기도,일반판매,택배화물운송서비스,계약불이행(불완전이행)
2023005631,2023-01-30,여자,40 - 49세,대구광역시,일반판매,전기압력밥솥,품질(물품/용역)
2023005632,2023-01-30,남자,40 - 49세,경기도,일반판매,소형승용자동차,계약불이행(불완전이행)
2023005633,2023-01-30,여자,60 - 64세,서울특별시,일반판매,싱크대,품질(물품/용역)
2023005634,2023-01-30,남자,60 - 64세,인천광역시,일반판매,소형승용자동차,품질(물품/용역)
2023005635,2023-01-30,남자,60 - 64세,서울특별시,기타통신판매,유사투자자문,계약해제.해지/위약금
2023005636,2023-01-30,남자,60 - 64세,서울특별시,기타통신판매,유사투자자문,계약해제.해지/위약금
2023005637,2023-01-30,여자,50 - 59세,광주광역시,일반판매,실손보험,약관
2023005638,2023-01-30,여자,30 - 39세,인천광역시,국내온라인거래,티셔츠,품질(물품/용역)
2023005639,2023-01-30,남자,40 - 49세,경상남도,기타통신판매,유사투자자문,계약해제.해지/위약금
2023005640,2023-01-30,남자,50 - 59세,서울특별시,전화권유판매,유사투자자문,계약해제.해지/위약금
2023005642,2023-01-30,여자,65 - 69세,경기도,일반판매,실손보험,계약불이행(불완전이행)
2023005643,2023-01-30,남자,30 - 39세,서울특별시,전화권유판매,기타투자상품,계약해제.해지/위약금
2023005644,2023-01-30,여자,50 - 59세,서울특별시,일반판매,실손보험,약관
2023005645,2023-01-30,남자,40 - 49세,충청남도,일반판매,실손보험,약관
2023005646,2023-01-30,여자,40 - 49세,경기도,일반판매,매트,품질(물품/용역)
2023005647,2023-01-30,여자,20 - 29세,서울특별시,국내온라인거래,캐주얼바지,청약철회
2023005648,2023-01-30,여자,60 - 64세,서울특별시,일반판매,전기자동차,계약해제.해지/위약금
2023005649,2023-01-30,여자,30 - 39세,경기도,일반판매,스마트폰,AS불만
2023005650,2023-01-30,남자,65 - 69세,경기도,일반판매,외과,품질(물품/용역)
2023005651,2023-01-30,남자,70 - 79세,제주도,일반판매,건강(암·기타질병)보험,계약불이행(불완전이행)
2023005652,2023-01-30,남자,30 - 39세,경기도,방문판매,미분류대여(렌트),약관
2023005653,2023-01-30,여자,불명,대전광역시,일반판매,점퍼·재킷류,품질(물품/용역)
2023005654,2023-01-30,남자,20 - 29세,경기도,방문판매,기타옥외장비·설비,계약불이행(불완전이행)
2023005655,2023-01-30,남자,65 - 69세,울산광역시,방문판매,콘도회원권,계약해제.해지/위약금
2023005656,2023-01-30,여자,40 - 49세,세종특별자치시,일반판매,점퍼·재킷류,품질(물품/용역)
2023005657,2023-01-30,여자,20 - 29세,경기도,방문판매,헬스장,계약해제.해지/위약금
2023005658,2023-01-30,여자,30 - 39세,경기도,국내온라인거래,냉장고,계약해제.해지/위약금
2023005701,2023-01-30,여자,30 - 39세,충청북도,일반판매,필라테스,계약해제.해지/위약금
2023005702,2023-01-30,여자,20 - 29세,서울특별시,모바일거래,독서실이용,AS불만
2023005703,2023-01-30,남자,30 - 39세,서울특별시,국내온라인거래,TV,청약철회
2023005704,2023-01-30,남자,40 - 49세,충청북도,소셜커머스(쇼핑),기타의류·섬유,계약불이행(불완전이행)
2023005705,2023-01-30,남자,50 - 59세,경기도,기타,이동전화서비스,청약철회
2023005706,2023-01-30,남자,30 - 39세,경상남도,모바일거래,봉지면,부당행위
2023005707,2023-01-30,남자,30 - 39세,울산광역시,일반판매,필라테스,계약해제.해지/위약금
2023005708,2023-01-30,여자,50 - 59세,서울특별시,일반판매,기타신변용품,청약철회
2023005709,2023-01-30,남자,20 - 29세,경기도,모바일거래,독서실이용,부당행위
2023005710,2023-01-30,남자,30 - 39세,경상북도,모바일거래,기타숙박시설,청약철회
2023005711,2023-01-30,남자,30 - 39세,대구광역시,기타통신판매,항공여객운송서비스,계약해제.해지/위약금
2023005712,2023-01-30,여자,30 - 39세,서울특별시,기타통신판매,미분류컨설팅(자문),계약해제.해지/위약금
2023005713,2023-01-30,남자,50 - 59세,서울특별시,국내온라인거래,소파,품질(물품/용역)
2023005714,2023-01-30,남자,30 - 39세,경기도,방문판매,식탁,품질(물품/용역)
2023005715,2023-01-30,남자,30 - 39세,충청북도,방문판매,기타전기·승강설비,품질(물품/용역)
2023005716,2023-01-30,여자,20 - 29세,경기도,일반판매,소파,계약해제.해지/위약금
2023005717,2023-01-30,남자,20 - 29세,대구광역시,기타,애완고양이,계약불이행(불완전이행)
2023005718,2023-01-30,남자,30 - 39세,대구광역시,기타통신판매,미분류대여(렌트),계약불이행(불완전이행)
2023005720,2023-01-30,여자,20 - 29세,인천광역시,기타,철도여객운송서비스,계약해제.해지/위약금
2023005721,2023-01-30,여자,30 - 39세,서울특별시,일반판매,헬스장,계약불이행(불완전이행)
2023005722,2023-01-30,여자,40 - 49세,제주도,국내온라인거래,도서·음반대여(렌트),품질(물품/용역)
2023005723,2023-01-30,여자,30 - 39세,경기도,소셜커머스(쇼핑),기타가구,AS불만
2023005724,2023-01-30,남자,30 - 39세,부산광역시,방문판매,국내결혼중개,계약해제.해지/위약금
2023005725,2023-01-30,여자,40 - 49세,세종특별자치시,기타통신판매,기타숙박시설,청약철회
2023005726,2023-01-30,여자,20 - 29세,경상남도,국내온라인거래,항공여객운송서비스,청약철회
2023005727,2023-01-30,남자,40 - 49세,대구광역시,기타통신판매,신사복하의,품질(물품/용역)
2023005728,2023-01-30,남자,50 - 59세,부산광역시,국내온라인거래,국외여행,부당행위
2023005729,2023-01-30,여자,20 - 29세,경기도,일반판매,국내결혼중개,계약해제.해지/위약금
2023005730,2023-01-30,남자,40 - 49세,경기도,방문판매,정수기대여(렌트),계약해제.해지/위약금
2023005731,2023-01-30,남자,20 - 29세,서울특별시,국내온라인거래,기타숙박시설,청약철회
2023005732,2023-01-30,여자,30 - 39세,서울특별시,국내온라인거래,기타완구·인형,청약철회
2023005734,2023-01-30,남자,30 - 39세,경기도,일반판매,국외여행,계약불이행(불완전이행)
2023005735,2023-01-30,여자,30 - 39세,경기도,일반판매,기타문화·오락시설이용,계약해제.해지/위약금
2023005736,2023-01-30,여자,30 - 39세,부산광역시,전화권유판매,필라테스,계약해제.해지/위약금
2023005737,2023-01-30,남자,40 - 49세,경기도,기타,음식물처리기,품질(물품/용역)
2023005738,2023-01-30,남자,40 - 49세,강원특별자치도,국내온라인거래,기타공조·냉난방기기,품질(물품/용역)
2023005739,2023-01-30,여자,20 - 29세,경기도,국내온라인거래,기타문화·오락시설이용,계약해제.해지/위약금
2023005740,2023-01-30,여자,40 - 49세,경상북도,전화권유판매,인터넷정보이용서비스,계약불이행(불완전이행)
2023005741,2023-01-30,여자,30 - 39세,서울특별시,소셜커머스(쇼핑),헬스장,계약해제.해지/위약금
2023005742,2023-01-30,여자,40 - 49세,경기도,기타,미용서비스,품질(물품/용역)
2023005743,2023-01-30,남자,20 - 29세,서울특별시,국내온라인거래,블루투스스피커,품질(물품/용역)
2023005744,2023-01-30,남자,20 - 29세,경기도,국내온라인거래,마우스,품질(물품/용역)
2023005745,2023-01-30,남자,30 - 39세,서울특별시,일반판매,기타컴퓨터·주변기기,청약철회
2023005746,2023-01-30,여자,30 - 39세,인천광역시,전화권유판매,인터넷정보이용서비스,계약해제.해지/위약금
2023005747,2023-01-30,남자,30 - 39세,서울특별시,국내온라인거래,기타책상·테이블류,청약철회
2023005748,2023-01-30,남자,30 - 39세,경기도,방문판매,안경·안경테,계약불이행(불완전이행)
2023005749,2023-01-30,여자,40 - 49세,서울특별시,기타,기타문화·오락시설이용,계약불이행(불완전이행)
2023005750,2023-01-30,남자,40 - 49세,서울특별시,모바일거래,피부·체형관리서비스,계약해제.해지/위약금
2023005751,2023-01-30,남자,40 - 49세,인천광역시,기타,대리운전,계약해제.해지/위약금
2023005752,2023-01-30,여자,20 - 29세,대구광역시,국내온라인거래,헤드폰·이어폰,청약철회
2023005753,2023-01-30,남자,50 - 59세,경기도,기타,일반강습(입시학원등),계약해제.해지/위약금
2023005754,2023-01-30,남자,40 - 49세,서울특별시,소셜커머스(쇼핑),항공여객운송서비스,계약해제.해지/위약금
2023005756,2023-01-30,남자,30 - 39세,강원특별자치도,기타통신판매,소프트웨어,품질(물품/용역)
2023005757,2023-01-30,여자,40 - 49세,인천광역시,기타통신판매,기타의류·섬유,청약철회
2023005758,2023-01-30,여자,30 - 39세,경상북도,일반판매,전기충전기,안전(제품/시설)
2023005759,2023-01-30,남자,30 - 39세,경기도,일반판매,헬스장,계약해제.해지/위약금
2023005760,2023-01-30,여자,30 - 39세,경기도,방문판매,기타목욕서비스,계약해제.해지/위약금
2023005761,2023-01-30,남자,20 - 29세,서울특별시,국내온라인거래,항공여객운송서비스,계약불이행(불완전이행)
2023005762,2023-01-30,남자,40 - 49세,경상남도,기타,펜션,계약해제.해지/위약금
2023005763,2023-01-30,남자,40 - 49세,서울특별시,국내온라인거래,배,청약철회
2023005764,2023-01-30,남자,20 - 29세,인천광역시,일반판매,애완고양이,계약해제.해지/위약금
2023005765,2023-01-30,남자,30 - 39세,대구광역시,기타통신판매,기타숙박시설,청약철회
2023005766,2023-01-30,남자,30 - 39세,서울특별시,국제온라인거래,국외여행,계약해제.해지/위약금
2023005767,2023-01-30,남자,40 - 49세,서울특별시,기타,기타주거관리설비,AS불만
2023005768,2023-01-30,여자,40 - 49세,광주광역시,소셜커머스(쇼핑),코트,청약철회
2023005769,2023-01-30,남자,40 - 49세,서울특별시,TV홈쇼핑,음식물처리기대여(렌트),품질(물품/용역)
2023005770,2023-01-30,여자,20 - 29세,서울특별시,국내온라인거래,점퍼·재킷류,청약철회
2023005771,2023-01-30,여자,30 - 39세,경기도,일반판매,헬스장,계약해제.해지/위약금
2023005772,2023-01-31,여자,30 - 39세,대전광역시,방문판매,헬스장,계약해제.해지/위약금
2023005773,2023-01-31,여자,50 - 59세,경기도,소셜커머스(쇼핑),보석·귀금속,계약불이행(불완전이행)
2023005774,2023-01-31,남자,65 - 69세,충청남도,기타통신판매,항공여객운송서비스,계약해제.해지/위약금
2023005775,2023-01-31,여자,65 - 69세,충청북도,TV홈쇼핑,안마의자대여(렌트),품질(물품/용역)
2023005777,2023-01-31,여자,50 - 59세,대전광역시,일반판매,양복(서양식 의복)세탁,품질(물품/용역)
2023005779,2023-01-31,남자,40 - 49세,부산광역시,국내온라인거래,양복(서양식 의복)세탁,품질(물품/용역)
2023005780,2023-01-31,여자,30 - 39세,서울특별시,국내온라인거래,캐주얼바지,표시.광고
2023005781,2023-01-31,남자,40 - 49세,대전광역시,일반판매,양복(서양식 의복)세탁,품질(물품/용역)
2023005782,2023-01-31,남자,30 - 39세,서울특별시,국내온라인거래,의자,청약철회
2023005783,2023-01-31,남자,50 - 59세,경기도,전화권유판매,기타매체광고,청약철회
2023005784,2023-01-31,여자,20 - 29세,경기도,국내온라인거래,점퍼·재킷류,청약철회
2023005785,2023-01-31,남자,불명,경기도,국내온라인거래,전동킥보드,청약철회
2023005786,2023-01-31,남자,30 - 39세,서울특별시,일반판매,양복(서양식 의복)세탁,품질(물품/용역)
2023005787,2023-01-31,남자,20 - 29세,경기도,일반판매,헬스장,계약해제.해지/위약금
2023005789,2023-01-31,여자,30 - 39세,부산광역시,일반판매,기타이·미용서비스,계약해제.해지/위약금
2023005790,2023-01-31,여자,40 - 49세,강원특별자치도,일반판매,안경·안경테,청약철회
2023005791,2023-01-31,남자,30 - 39세,서울특별시,국내온라인거래,기타미분류서비스,부당행위
2023005792,2023-01-31,남자,65 - 69세,광주광역시,방문판매,상조서비스,계약불이행(불완전이행)
2023005793,2023-01-31,남자,40 - 49세,경기도,모바일거래,카셰어링,부당행위
2023005794,2023-01-31,남자,30 - 39세,경기도,모바일거래,카셰어링,품질(물품/용역)
2023005795,2023-01-31,남자,20 - 29세,서울특별시,일반판매,헬스장,계약해제.해지/위약금
2023005796,2023-01-31,여자,20 - 29세,서울특별시,기타,국외여행,계약해제.해지/위약금
2023005797,2023-01-31,여자,40 - 49세,서울특별시,국내온라인거래,애완동·식물용품,품질(물품/용역)
2023005798,2023-01-31,남자,60 - 64세,경기도,국내온라인거래,전동킥보드,청약철회
2023005799,2023-01-31,남자,50 - 59세,인천광역시,방문판매,소파,청약철회
2023005800,2023-01-31,남자,20 - 29세,부산광역시,방문판매,헬스장,계약해제.해지/위약금
2023005801,2023-01-31,여자,50 - 59세,부산광역시,소셜커머스(쇼핑),차량용블랙박스,AS불만
2023005802,2023-01-31,남자,20 - 29세,경기도,국내온라인거래,지갑,청약철회
2023005803,2023-01-31,여자,30 - 39세,경상남도,방문판매,인터넷교육서비스,계약해제.해지/위약금
2023005804,2023-01-31,남자,65 - 69세,강원특별자치도,일반판매,화목보일러,품질(물품/용역)
2023005805,2023-01-31,남자,20 - 29세,서울특별시,일반판매,헬스장,계약해제.해지/위약금
2023005806,2023-01-31,남자,70 - 79세,경기도,일반판매,국내결혼중개,청약철회
2023005807,2023-01-31,여자,30 - 39세,인천광역시,일반판매,국외여행,계약해제.해지/위약금
2023005808,2023-01-31,남자,30 - 39세,경상남도,국내온라인거래,소시지,품질(물품/용역)
2023005809,2023-01-31,남자,20 - 29세,서울특별시,방문판매,헬스장,계약해제.해지/위약금
2023005810,2023-01-31,남자,20 - 29세,경기도,모바일거래,모바일정보이용서비스,부당행위
2023005811,2023-01-31,남자,30 - 39세,경상북도,일반판매,운동화,청약철회
2023005812,2023-01-31,남자,30 - 39세,경기도,방문판매,기타방문·통신교육서비스,계약해제.해지/위약금
2023005813,2023-01-31,남자,50 - 59세,서울특별시,국내온라인거래,전기팬히터,표시.광고
2023005814,2023-01-31,남자,10 - 19세,부산광역시,방문판매,인터넷교육서비스,계약해제.해지/위약금
2023005815,2023-01-31,여자,60 - 64세,경기도,일반판매,국내결혼중개,계약해제.해지/위약금
2023005817,2023-01-31,여자,50 - 59세,경기도,전화권유판매,모바일정보이용서비스,계약해제.해지/위약금
2023005818,2023-01-31,여자,40 - 49세,서울특별시,일반판매,점퍼·재킷류,품질(물품/용역)
2023005819,2023-01-31,여자,30 - 39세,대전광역시,일반판매,인덕션레인지,품질(물품/용역)
2023005820,2023-01-31,남자,60 - 64세,대전광역시,일반판매,헬스장,계약해제.해지/위약금
2023005821,2023-01-31,여자,30 - 39세,충청북도,일반판매,양복(서양식 의복)세탁,품질(물품/용역)
2023005822,2023-01-31,남자,30 - 39세,부산광역시,소셜커머스(쇼핑),사이다,가격.요금
2023005823,2023-01-31,여자,30 - 39세,부산광역시,국내온라인거래,기타스포츠·레저기구·용품,청약철회
2023005824,2023-01-31,남자,30 - 39세,경기도,국내온라인거래,전기요,품질(물품/용역)
2023005825,2023-01-31,여자,30 - 39세,인천광역시,일반판매,미용서비스,계약해제.해지/위약금
2023005826,2023-01-31,여자,40 - 49세,경기도,일반판매,일반강습(입시학원등),계약해제.해지/위약금
2023005827,2023-01-31,여자,50 - 59세,경기도,국내온라인거래,찬장,품질(물품/용역)
2023005828,2023-01-31,남자,불명,울산광역시,소셜커머스(쇼핑),전기진공청소기,계약불이행(불완전이행)
2023005829,2023-01-31,여자,30 - 39세,서울특별시,일반판매,기타가방,품질(물품/용역)
2023005830,2023-01-31,남자,50 - 59세,충청북도,기타,골프회원권,계약해제.해지/위약금
2023005831,2023-01-31,남자,20 - 29세,경기도,방문판매,콘도회원권,계약해제.해지/위약금
2023005832,2023-01-31,남자,불명,부산광역시,일반판매,양복(서양식 의복)세탁,품질(물품/용역)
2023005833,2023-01-31,여자,30 - 39세,부산광역시,소셜커머스(쇼핑),모바일정보이용서비스,부당행위
2023005834,2023-01-31,남자,30 - 39세,경기도,방문판매,헬스장,계약해제.해지/위약금
2023005835,2023-01-31,남자,20 - 29세,서울특별시,일반판매,독서실이용,계약해제.해지/위약금
2023005836,2023-01-31,여자,50 - 59세,서울특별시,기타,정형외과,품질(물품/용역)
2023005837,2023-01-31,남자,40 - 49세,서울특별시,일반판매,기타병·의원서비스,품질(물품/용역)
2023005838,2023-01-31,여자,10 - 19세,서울특별시,일반판매,정형외과,품질(물품/용역)
2023005839,2023-01-31,남자,20 - 29세,서울특별시,일반판매,양복(서양식 의복)세탁,품질(물품/용역)
2023005840,2023-01-31,여자,40 - 49세,서울특별시,일반판매,피부과,품질(물품/용역)
2023005841,2023-01-31,여자,80세이상,서울특별시,일반판매,정형외과,품질(물품/용역)
2023005842,2023-01-31,여자,불명,부산광역시,일반판매,양복(서양식 의복)세탁,품질(물품/용역)
2023005843,2023-01-31,여자,30 - 39세,서울특별시,기타통신판매,각종자격취득강습,계약해제.해지/위약금
2023005844,2023-01-31,여자,40 - 49세,울산광역시,일반판매,핸드백,품질(물품/용역)
2023005845,2023-01-31,남자,50 - 59세,광주광역시,국내온라인거래,쇠고기포장육,청약철회
2023005846,2023-01-31,남자,30 - 39세,경기도,일반판매,기타인테리어설비,품질(물품/용역)
2023005847,2023-01-31,여자,40 - 49세,경상남도,국내온라인거래,캐주얼바지,품질(물품/용역)
2023005848,2023-01-31,여자,20 - 29세,인천광역시,일반판매,피부·체형관리서비스,계약해제.해지/위약금
2023005849,2023-01-31,여자,40 - 49세,부산광역시,모바일거래,기타숙박시설,계약해제.해지/위약금
2023005850,2023-01-31,남자,30 - 39세,서울특별시,일반판매,인터넷정보이용서비스,계약불이행(불완전이행)
2023005851,2023-01-31,남자,30 - 39세,경상남도,기타,외식,품질(물품/용역)
2023005852,2023-01-31,여자,50 - 59세,경기도,TV홈쇼핑,국외여행,계약해제.해지/위약금
2023005853,2023-01-31,여자,40 - 49세,경기도,일반판매,기타숙박시설,계약해제.해지/위약금
2023005854,2023-01-31,여자,40 - 49세,경상북도,모바일거래,온풍기,청약철회
2023005855,2023-01-31,남자,30 - 39세,대구광역시,일반판매,"연회서비스(돌잔치,회갑 등)",계약해제.해지/위약금
2023005856,2023-01-31,남자,50 - 59세,경상남도,일반판매,오토바이,부당행위
2023005857,2023-01-31,남자,30 - 39세,충청남도,국내온라인거래,운동화,청약철회
2023005858,2023-01-31,여자,30 - 39세,인천광역시,국내온라인거래,원피스,청약철회
2023005859,2023-01-31,남자,70 - 79세,서울특별시,일반판매,이동전화서비스,가격.요금
2023005860,2023-01-31,남자,40 - 49세,경상남도,일반판매,양복(서양식 의복)세탁,계약불이행(불완전이행)
2023005861,2023-01-31,여자,20 - 29세,부산광역시,일반판매,헬스장,계약해제.해지/위약금
2023005862,2023-01-31,남자,30 - 39세,서울특별시,모바일거래,항공여객운송서비스,계약불이행(불완전이행)
2023005863,2023-01-31,여자,30 - 39세,서울특별시,일반판매,필라테스,품질(물품/용역)
2023005864,2023-01-31,남자,65 - 69세,서울특별시,TV홈쇼핑,국외여행,계약해제.해지/위약금
2023005865,2023-01-31,남자,80세이상,경기도,일반판매,이동전화서비스,계약불이행(불완전이행)
2023005866,2023-01-31,남자,60 - 64세,광주광역시,일반판매,전기밥솥,품질(물품/용역)
2023005867,2023-01-31,여자,50 - 59세,경기도,기타통신판매,모바일정보이용서비스,계약불이행(불완전이행)
2023005868,2023-01-31,여자,20 - 29세,경기도,일반판매,종합체육시설회원권,계약해제.해지/위약금
2023005869,2023-01-31,남자,30 - 39세,부산광역시,일반판매,교통카드,부당행위
2023005870,2023-01-31,남자,20 - 29세,전라북도,일반판매,신용카드,계약불이행(불완전이행)
2023005871,2023-01-31,남자,10 - 19세,경상북도,국내온라인거래,양복(서양식 의복)세탁,품질(물품/용역)
2023005872,2023-01-31,여자,40 - 49세,경기도,일반판매,기타사설강습서비스,계약해제.해지/위약금
2023005873,2023-01-31,여자,40 - 49세,강원특별자치도,전화권유판매,유사투자자문,청약철회
2023005874,2023-01-31,여자,30 - 39세,부산광역시,전화권유판매,유사투자자문,청약철회
2023005875,2023-01-31,여자,20 - 29세,부산광역시,국내온라인거래,점퍼·재킷류,품질(물품/용역)
2023005876,2023-01-31,남자,50 - 59세,서울특별시,일반판매,상품권,품질(물품/용역)
2023005877,2023-01-31,여자,50 - 59세,경기도,전화권유판매,기타건강식품,청약철회
2023005878,2023-01-31,여자,50 - 59세,경기도,전화권유판매,인터넷정보이용서비스,계약해제.해지/위약금
2023005879,2023-01-31,남자,70 - 79세,서울특별시,일반판매,초고속인터넷,계약해제.해지/위약금
2023005880,2023-01-31,여자,40 - 49세,충청남도,일반판매,실손보험,약관
2023005881,2023-01-31,남자,40 - 49세,서울특별시,소셜커머스(쇼핑),자동차대여(렌트),계약불이행(불완전이행)
2023005882,2023-01-31,여자,불명,경상남도,일반판매,한복세탁,품질(물품/용역)
2023005884,2023-01-31,여자,40 - 49세,경상남도,국내온라인거래,전기장판,청약철회
2023005885,2023-01-31,남자,30 - 39세,경기도,국내온라인거래,기타자동차부품,청약철회
2023005886,2023-01-31,여자,50 - 59세,전라북도,일반판매,전기자동차,품질(물품/용역)
2023005887,2023-01-31,남자,30 - 39세,세종특별자치시,국내온라인거래,남성용내의류,품질(물품/용역)
2023005888,2023-01-31,여자,40 - 49세,부산광역시,일반판매,이동전화서비스,계약해제.해지/위약금
2023005889,2023-01-31,남자,30 - 39세,서울특별시,국내온라인거래,점퍼·재킷류,품질(물품/용역)
2023005890,2023-01-31,여자,40 - 49세,경기도,모바일거래,타올,품질(물품/용역)
2023005892,2023-01-31,남자,40 - 49세,충청남도,일반판매,자동차수리·점검,부당행위
2023005893,2023-01-31,남자,70 - 79세,경기도,기타통신판매,다이어트식품,표시.광고
2023005894,2023-01-31,남자,20 - 29세,경기도,기타,헬스장,계약해제.해지/위약금
2023005895,2023-01-31,여자,30 - 39세,경기도,일반판매,전기장판,안전(제품/시설)
2023005896,2023-01-31,남자,50 - 59세,경기도,국내온라인거래,기타문화·오락시설이용,계약해제.해지/위약금
2023005897,2023-01-31,여자,60 - 64세,서울특별시,일반판매,피혁세탁,품질(물품/용역)
2023005898,2023-01-31,여자,30 - 39세,인천광역시,일반판매,캐주얼바지,품질(물품/용역)
2023005899,2023-01-31,여자,50 - 59세,울산광역시,방문판매,기타미분류서비스,계약해제.해지/위약금
2023005900,2023-01-31,남자,40 - 49세,서울특별시,기타,냉장고,품질(물품/용역)
2023005901,2023-01-31,남자,40 - 49세,서울특별시,국내온라인거래,이불·요,품질(물품/용역)
2023005902,2023-01-31,여자,20 - 29세,경상남도,국내온라인거래,니트(스웨터),청약철회
2023005903,2023-01-31,남자,30 - 39세,경기도,소셜커머스(쇼핑),"OTT서비스(넷플릭스,왓챠 등)",계약해제.해지/위약금
2023005904,2023-01-31,남자,30 - 39세,대전광역시,기타,기타숙박시설,품질(물품/용역)
2023005905,2023-01-31,남자,30 - 39세,서울특별시,일반판매,헬스장,계약불이행(불완전이행)
2023005906,2023-01-31,남자,60 - 64세,경기도,방문판매,창호유리,청약철회
2023005907,2023-01-31,여자,30 - 39세,대구광역시,기타,일반강습(입시학원등),계약해제.해지/위약금
2023005908,2023-01-31,여자,20 - 29세,경상북도,일반판매,미용서비스,계약해제.해지/위약금
2023005909,2023-01-31,여자,40 - 49세,경기도,국내온라인거래,부엌용합성세제,표시.광고
2023005910,2023-01-31,남자,50 - 59세,경기도,방문판매,기타인테리어설비,계약해제.해지/위약금
2023005911,2023-01-31,여자,40 - 49세,경상남도,일반판매,애완동물이·미용서비스,계약해제.해지/위약금
2023005913,2023-01-31,여자,20 - 29세,강원특별자치도,방문판매,필라테스,계약해제.해지/위약금
2023005914,2023-01-31,남자,40 - 49세,경기도,일반판매,인터넷교육서비스,품질(물품/용역)
2023005915,2023-01-31,남자,30 - 39세,경기도,방문판매,헬스장,계약해제.해지/위약금
2023005916,2023-01-31,여자,40 - 49세,경기도,모바일거래,운동화,부당행위
2023005918,2023-01-31,여자,50 - 59세,부산광역시,일반판매,호텔,청약철회
2023005919,2023-01-31,남자,30 - 39세,인천광역시,모바일거래,복합기,품질(물품/용역)
2023005920,2023-01-31,여자,50 - 59세,경기도,국내온라인거래,CD·LD·DVD(영화·음악·게임),품질(물품/용역)
2023005921,2023-01-31,여자,30 - 39세,서울특별시,방문판매,헬스장,계약해제.해지/위약금
2023005922,2023-01-31,여자,20 - 29세,서울특별시,방문판매,헬스장,계약해제.해지/위약금
2023005923,2023-01-31,여자,20 - 29세,경기도,전화권유판매,초고속인터넷,가격.요금
2023005924,2023-01-31,남자,40 - 49세,서울특별시,모바일거래,기타숙박시설,청약철회
2023005925,2023-01-31,남자,30 - 39세,경기도,기타,기타인테리어설비,계약불이행(불완전이행)
2023005926,2023-01-31,남자,20 - 29세,경기도,국내온라인거래,항공여객운송서비스,계약해제.해지/위약금
2023005927,2023-01-31,여자,30 - 39세,경기도,국내온라인거래,항공여객운송서비스,계약해제.해지/위약금
2023005928,2023-01-31,남자,30 - 39세,서울특별시,일반판매,헬스장,계약해제.해지/위약금
2023005929,2023-01-31,여자,40 - 49세,경기도,기타,타이어,가격.요금
2023005930,2023-01-31,남자,20 - 29세,경기도,소셜커머스(쇼핑),기타통신기기,품질(물품/용역)
2023005931,2023-01-31,여자,20 - 29세,경상북도,국내온라인거래,숙녀복상의,청약철회
2023005932,2023-01-31,남자,20 - 29세,경기도,기타,여관(모텔),계약해제.해지/위약금
2023005933,2023-01-31,남자,30 - 39세,서울특별시,일반판매,헬스장,계약해제.해지/위약금
2023005934,2023-01-31,남자,30 - 39세,경기도,방문판매,헬스장,계약해제.해지/위약금
2023005935,2023-01-31,남자,40 - 49세,인천광역시,기타,반포장이사운송서비스,AS불만
2023005936,2023-01-31,여자,40 - 49세,인천광역시,TV홈쇼핑,음식물처리기대여(렌트),품질(물품/용역)
2023005937,2023-01-31,여자,50 - 59세,경상남도,방문판매,정수기대여(렌트),계약해제.해지/위약금
2023005938,2023-01-31,여자,30 - 39세,경기도,국내온라인거래,기타주방설비,품질(물품/용역)
2023005939,2023-01-31,여자,20 - 29세,경기도,모바일거래,가사도우미,품질(물품/용역)
2023005940,2023-01-31,여자,20 - 29세,서울특별시,일반판매,헬스장,계약해제.해지/위약금
2023005941,2023-01-31,여자,60 - 64세,인천광역시,일반판매,기타의료용구,안전(제품/시설)
2023005942,2023-01-31,여자,30 - 39세,서울특별시,국내온라인거래,기타문화용품,품질(물품/용역)
2023005943,2023-01-31,남자,20 - 29세,서울특별시,일반판매,헬스장,계약해제.해지/위약금
2023005944,2023-01-31,남자,30 - 39세,서울특별시,일반판매,스마트폰,AS불만
2023005945,2023-01-31,여자,20 - 29세,전라남도,국내온라인거래,니트(스웨터),청약철회
2023005946,2023-01-31,남자,20 - 29세,인천광역시,방문판매,헬스장,계약해제.해지/위약금
2023005947,2023-01-31,여자,40 - 49세,인천광역시,국내온라인거래,기타완구·인형,품질(물품/용역)
2023005948,2023-01-31,남자,30 - 39세,대구광역시,일반판매,소파,품질(물품/용역)
2023005949,2023-01-31,여자,50 - 59세,경기도,기타,포장이사운송서비스,계약불이행(불완전이행)
2023005950,2023-01-31,여자,40 - 49세,강원특별자치도,기타,피부·체형관리서비스,계약해제.해지/위약금
2023005951,2023-01-31,여자,30 - 39세,경기도,국내온라인거래,보석·귀금속,청약철회
2023005952,2023-01-31,여자,40 - 49세,서울특별시,기타,법무서비스,가격.요금
2023005953,2023-01-31,여자,30 - 39세,경기도,방문판매,일반이사운송서비스,품질(물품/용역)
2023005954,2023-01-31,여자,30 - 39세,서울특별시,일반판매,예식서비스,계약해제.해지/위약금
2023005955,2023-01-31,남자,40 - 49세,경기도,국내온라인거래,LED램프,계약불이행(불완전이행)
2023005956,2023-01-31,남자,20 - 29세,부산광역시,국내온라인거래,점퍼·재킷류,청약철회
2023005957,2023-01-31,남자,20 - 29세,서울특별시,국내온라인거래,호텔,계약해제.해지/위약금
2023005958,2023-01-31,남자,40 - 49세,경기도,기타,헬스장,계약해제.해지/위약금
2023005959,2023-01-31,남자,20 - 29세,서울특별시,국제온라인거래,항공여객운송서비스,청약철회
2023005960,2023-01-31,여자,20 - 29세,서울특별시,방문판매,헬스장,계약해제.해지/위약금
2023005961,2023-01-31,여자,30 - 39세,울산광역시,국내온라인거래,점퍼·재킷류,청약철회
2023005962,2023-01-31,여자,20 - 29세,경상남도,국내온라인거래,기타이·미용기구,청약철회
2023005963,2023-01-31,남자,40 - 49세,대전광역시,모바일거래,모바일정보이용서비스,부당행위
2023005964,2023-01-31,여자,30 - 39세,서울특별시,국내온라인거래,꽃·화초·화환,계약불이행(불완전이행)
2023006001,2023-02-01,남자,40 - 49세,서울특별시,국내온라인거래,중고자동차중개·매매,계약불이행(불완전이행)
2023006002,2023-02-01,남자,40 - 49세,경기도,국내온라인거래,태블릿PC,청약철회
2023006003,2023-02-01,남자,40 - 49세,경기도,일반판매,외식,품질(물품/용역)
2023006004,2023-02-01,남자,40 - 49세,경기도,일반판매,자동차주차장,부당행위
2023006005,2023-02-01,남자,40 - 49세,서울특별시,일반판매,항공여객운송서비스,계약해제.해지/위약금
2023006006,2023-02-01,남자,20 - 29세,서울특별시,국내온라인거래,소파,품질(물품/용역)
2023006008,2023-01-31,여자,40 - 49세,경상남도,국내온라인거래,기타취미용품,품질(물품/용역)
2023006009,2023-02-01,여자,30 - 39세,제주도,일반판매,골프회원권,계약해제.해지/위약금
2023006010,2023-02-01,여자,40 - 49세,경기도,국내온라인거래,국내여행,계약해제.해지/위약금
2023006011,2023-02-01,남자,40 - 49세,경기도,일반판매,전기자동차,품질(물품/용역)
2023006013,2023-02-01,남자,20 - 29세,대전광역시,모바일거래,펜션,계약해제.해지/위약금
2023006014,2023-02-01,남자,30 - 39세,부산광역시,국내온라인거래,믹서기,계약불이행(불완전이행)
2023006015,2023-02-01,여자,30 - 39세,부산광역시,일반판매,국내결혼중개,계약해제.해지/위약금
2023006017,2023-02-01,남자,20 - 29세,서울특별시,일반판매,니트(스웨터),계약해제.해지/위약금
2023006018,2023-02-01,남자,40 - 49세,부산광역시,일반판매,점퍼·재킷류,품질(물품/용역)
2023006019,2023-02-01,여자,30 - 39세,서울특별시,기타통신판매,전기자전거,청약철회
2023006020,2023-02-01,여자,70 - 79세,서울특별시,기타,유선방송,가격.요금
2023006021,2023-02-01,남자,60 - 64세,서울특별시,일반판매,치과,품질(물품/용역)
2023006022,2023-02-01,남자,30 - 39세,경기도,국내온라인거래,캐주얼바지,품질(물품/용역)
2023006023,2023-02-01,남자,20 - 29세,경기도,일반판매,성형외과,품질(물품/용역)
2023006024,2023-02-01,남자,30 - 39세,경기도,일반판매,헬스장,계약해제.해지/위약금
2023006025,2023-02-01,남자,40 - 49세,서울특별시,국내온라인거래,건물청소서비스,계약불이행(불완전이행)
2023006026,2023-02-01,여자,50 - 59세,경기도,일반판매,치과,품질(물품/용역)
2023006027,2023-02-01,남자,20 - 29세,대전광역시,일반판매,버스여객운송서비스,청약철회
2023006028,2023-02-01,남자,30 - 39세,경기도,모바일거래,호텔,부당행위
2023006029,2023-02-01,여자,50 - 59세,경기도,일반판매,모피·모피의류,품질(물품/용역)
2023006030,2023-02-01,남자,60 - 64세,경기도,국내온라인거래,항공여객운송서비스,계약해제.해지/위약금
2023006031,2023-02-01,여자,30 - 39세,경기도,일반판매,필라테스,계약해제.해지/위약금
2023006032,2023-02-01,남자,40 - 49세,서울특별시,기타,미분류대여(렌트),표시.광고
2023006033,2023-02-01,남자,50 - 59세,전라남도,기타,신경외과,품질(물품/용역)
2023006034,2023-02-01,여자,30 - 39세,대전광역시,국내온라인거래,TV,AS불만
2023006035,2023-02-01,남자,40 - 49세,서울특별시,국내온라인거래,외식,부당행위
2023006036,2023-02-01,남자,30 - 39세,광주광역시,기타,"연회서비스(돌잔치,회갑 등)",계약해제.해지/위약금
2023006037,2023-02-01,남자,40 - 49세,경기도,일반판매,택배화물운송서비스,품질(물품/용역)
2023006038,2023-02-01,여자,40 - 49세,부산광역시,기타통신판매,샴푸,부당행위
2023006039,2023-02-01,여자,40 - 49세,서울특별시,일반판매,레인지후드,AS불만
2023006041,2023-02-01,여자,30 - 39세,경기도,일반판매,피부과,계약해제.해지/위약금
2023006042,2023-02-01,남자,70 - 79세,경기도,TV홈쇼핑,기타건강식품,계약해제.해지/위약금
2023006043,2023-02-01,남자,20 - 29세,경기도,국내온라인거래,외국어강습,계약해제.해지/위약금
2023006044,2023-02-01,여자,50 - 59세,서울특별시,국내온라인거래,국내여행,계약해제.해지/위약금
2023006046,2023-02-01,남자,30 - 39세,서울특별시,국내온라인거래,기타일반화장품,품질(물품/용역)
2023006047,2023-02-01,여자,30 - 39세,경상북도,일반판매,소스,품질(물품/용역)
2023006048,2023-02-01,남자,65 - 69세,서울특별시,일반판매,실손보험,계약불이행(불완전이행)
2023006049,2023-02-01,여자,50 - 59세,울산광역시,국내온라인거래,지갑,청약철회
2023006050,2023-02-01,여자,30 - 39세,서울특별시,일반판매,피부·체형관리서비스,계약해제.해지/위약금
2023006051,2023-02-01,남자,불명,경기도,모바일거래,신유형상품권,계약불이행(불완전이행)
2023006052,2023-02-01,남자,40 - 49세,충청남도,일반판매,중형승용자동차,품질(물품/용역)
2023006053,2023-02-01,여자,30 - 39세,경기도,국내온라인거래,여성용내의류,계약불이행(불완전이행)
2023006054,2023-02-01,남자,20 - 29세,경기도,국내온라인거래,기타문화·오락시설이용,계약해제.해지/위약금
2023006055,2023-02-01,여자,50 - 59세,전라북도,국내온라인거래,소파,품질(물품/용역)
2023006056,2023-02-01,여자,30 - 39세,서울특별시,소셜커머스(쇼핑),국외여행,계약해제.해지/위약금
2023006057,2023-02-01,남자,60 - 64세,전라북도,일반판매,국내여행,계약해제.해지/위약금
2023006058,2023-02-01,남자,65 - 69세,서울특별시,기타통신판매,유사투자자문,계약해제.해지/위약금
2023006059,2023-02-01,여자,20 - 29세,전라남도,국내온라인거래,기타문화·오락시설이용,청약철회
2023006060,2023-02-01,여자,40 - 49세,대구광역시,국내온라인거래,셔츠,청약철회
2023006061,2023-02-01,남자,50 - 59세,서울특별시,소셜커머스(쇼핑),태블릿PC,품질(물품/용역)
2023006062,2023-02-01,여자,50 - 59세,대전광역시,일반판매,원피스,품질(물품/용역)
2023006063,2023-02-01,여자,50 - 59세,경기도,방문판매,전기장판,안전(제품/시설)
2023006064,2023-02-01,남자,50 - 59세,서울특별시,국내온라인거래,국외여행,계약불이행(불완전이행)
2023006065,2023-02-01,남자,30 - 39세,경기도,일반판매,이동전화서비스,가격.요금
2023006066,2023-02-01,남자,30 - 39세,서울특별시,소셜커머스(쇼핑),상품권,계약불이행(불완전이행)
2023006067,2023-02-01,남자,50 - 59세,서울특별시,일반판매,영화관람,부당행위
2023006068,2023-02-01,여자,30 - 39세,경기도,일반판매,필라테스,계약해제.해지/위약금
2023006069,2023-02-01,남자,40 - 49세,서울특별시,기타,자동차대여(렌트),계약불이행(불완전이행)
2023006071,2023-02-01,여자,40 - 49세,대전광역시,일반판매,공중목욕탕,안전(제품/시설)
2023006072,2023-02-01,남자,50 - 59세,서울특별시,기타통신판매,상조서비스,계약불이행(불완전이행)
2023006073,2023-02-01,남자,20 - 29세,경기도,일반판매,일반자전거,AS불만
2023006074,2023-02-01,여자,30 - 39세,광주광역시,일반판매,양복(서양식 의복)세탁,품질(물품/용역)
2023006075,2023-02-01,남자,20 - 29세,광주광역시,국내온라인거래,캐주얼바지,청약철회
2023006076,2023-02-01,남자,40 - 49세,전라북도,국내온라인거래,욕실설비,품질(물품/용역)
2023006078,2023-02-01,남자,40 - 49세,경기도,국내온라인거래,신유형상품권,품질(물품/용역)
2023006079,2023-02-01,여자,50 - 59세,광주광역시,일반판매,양복(서양식 의복)세탁,품질(물품/용역)
2023006080,2023-02-01,여자,50 - 59세,광주광역시,일반판매,양복(서양식 의복)세탁,품질(물품/용역)
2023006081,2023-02-01,남자,30 - 39세,대전광역시,일반판매,국내결혼중개,계약불이행(불완전이행)
2023006082,2023-02-01,여자,50 - 59세,광주광역시,일반판매,양복(서양식 의복)세탁,품질(물품/용역)
2023006083,2023-02-01,남자,40 - 49세,충청북도,기타통신판매,신유형상품권,계약불이행(불완전이행)
2023006084,2023-02-01,여자,50 - 59세,광주광역시,일반판매,양복(서양식 의복)세탁,품질(물품/용역)
2023006085,2023-02-01,여자,50 - 59세,광주광역시,일반판매,양복(서양식 의복)세탁,품질(물품/용역)
2023006086,2023-02-01,여자,40 - 49세,대구광역시,국내온라인거래,운동화,청약철회
2023006087,2023-02-01,여자,50 - 59세,광주광역시,일반판매,양복(서양식 의복)세탁,품질(물품/용역)
2023006088,2023-02-01,여자,60 - 64세,경기도,TV홈쇼핑,노트북컴퓨터,품질(물품/용역)
2023006089,2023-02-01,여자,50 - 59세,광주광역시,일반판매,양복(서양식 의복)세탁,품질(물품/용역)
2023006090,2023-02-01,여자,40 - 49세,경상남도,국내온라인거래,호텔,계약해제.해지/위약금
2023006091,2023-02-01,남자,30 - 39세,전라북도,기타,스마트폰,품질(물품/용역)
2023006092,2023-02-01,여자,30 - 39세,경기도,일반판매,신발세탁,계약불이행(불완전이행)
2023006093,2023-02-01,남자,40 - 49세,서울특별시,일반판매,숙녀화(구두·부츠 등),품질(물품/용역)
2023006094,2023-02-01,남자,40 - 49세,충청남도,국내온라인거래,점퍼·재킷류,계약불이행(불완전이행)
2023006095,2023-02-01,남자,65 - 69세,서울특별시,일반판매,운동화,품질(물품/용역)
2023006096,2023-02-01,남자,50 - 59세,경기도,일반판매,운동화,품질(물품/용역)
2023006097,2023-02-01,여자,불명,경기도,일반판매,양복(서양식 의복)세탁,품질(물품/용역)
2023006098,2023-02-01,남자,70 - 79세,경상북도,일반판매,스마트폰,품질(물품/용역)
2023006099,2023-02-01,여자,40 - 49세,인천광역시,방문판매,가스보일러,품질(물품/용역)
2023006100,2023-02-01,남자,30 - 39세,경기도,일반판매,헬스장,계약해제.해지/위약금
2023006101,2023-02-01,남자,20 - 29세,경기도,국내온라인거래,인터넷교육서비스,계약해제.해지/위약금
2023006102,2023-02-01,여자,20 - 29세,서울특별시,국내온라인거래,신발세탁,계약불이행(불완전이행)
2023006104,2023-02-01,남자,30 - 39세,부산광역시,기타통신판매,매트,품질(물품/용역)
2023006105,2023-02-01,여자,40 - 49세,인천광역시,일반판매,신발세탁,계약불이행(불완전이행)
2023006106,2023-02-01,여자,60 - 64세,경기도,일반판매,포장이사운송서비스,품질(물품/용역)
2023006107,2023-02-01,여자,30 - 39세,부산광역시,국내온라인거래,운동화,품질(물품/용역)
2023006108,2023-02-01,여자,30 - 39세,서울특별시,국내온라인거래,숙녀화(구두·부츠 등),품질(물품/용역)
2023006109,2023-02-01,여자,30 - 39세,경상북도,일반판매,운동화,품질(물품/용역)
2023006110,2023-02-01,여자,30 - 39세,광주광역시,일반판매,등산화,계약불이행(불완전이행)
2023006111,2023-02-01,여자,65 - 69세,서울특별시,국내온라인거래,운동화,품질(물품/용역)
2023006112,2023-02-01,남자,40 - 49세,전라남도,국내온라인거래,운동화,품질(물품/용역)
2023006113,2023-02-01,여자,30 - 39세,서울특별시,일반판매,숙녀화(구두·부츠 등),품질(물품/용역)
2023006114,2023-02-01,여자,30 - 39세,경기도,국내온라인거래,기타미분류물품,청약철회
2023006115,2023-02-01,남자,40 - 49세,경기도,전화권유판매,모바일정보이용서비스,계약해제.해지/위약금
2023006116,2023-02-01,여자,30 - 39세,경기도,국내온라인거래,샌들·슬리퍼,품질(물품/용역)
2023006117,2023-02-01,여자,50 - 59세,세종특별자치시,일반판매,점퍼·재킷류,품질(물품/용역)
2023006118,2023-02-01,여자,50 - 59세,경기도,국내온라인거래,홍삼제품,부당행위
2023006120,2023-02-01,남자,30 - 39세,서울특별시,기타,예식서비스,계약해제.해지/위약금
2023006121,2023-02-01,남자,30 - 39세,경기도,일반판매,양복(서양식 의복)세탁,품질(물품/용역)
2023006122,2023-02-01,남자,40 - 49세,서울특별시,일반판매,택배화물운송서비스,계약불이행(불완전이행)
2023006123,2023-02-01,여자,60 - 64세,전라북도,일반판매,운동화,품질(물품/용역)
2023006125,2023-02-01,여자,40 - 49세,인천광역시,일반판매,식기세척기,품질(물품/용역)
2023006126,2023-02-01,남자,30 - 39세,서울특별시,일반판매,양복(서양식 의복)세탁,품질(물품/용역)
2023006127,2023-02-01,여자,40 - 49세,경기도,소셜커머스(쇼핑),기타가구,계약해제.해지/위약금
2023006128,2023-02-01,여자,20 - 29세,서울특별시,국내온라인거래,국외여행,계약해제.해지/위약금
2023006129,2023-02-01,여자,50 - 59세,서울특별시,국내온라인거래,캐주얼바지,품질(물품/용역)
2023006130,2023-02-01,여자,70 - 79세,부산광역시,일반판매,건강(암·기타질병)보험,약관
2023006132,2023-02-01,남자,60 - 64세,충청남도,일반판매,공제보험,약관
2023006133,2023-02-01,여자,20 - 29세,서울특별시,일반판매,헬스장,계약해제.해지/위약금
2023006135,2023-02-01,여자,30 - 39세,대구광역시,일반판매,필라테스,계약해제.해지/위약금
2023006136,2023-02-01,남자,20 - 29세,경기도,전화권유판매,유사투자자문,계약해제.해지/위약금
2023006137,2023-02-01,남자,30 - 39세,경기도,기타통신판매,기타미분류서비스,계약불이행(불완전이행)
2023006138,2023-02-01,남자,40 - 49세,경기도,일반판매,스마트폰,AS불만
2023006139,2023-02-01,여자,30 - 39세,서울특별시,일반판매,실손보험,약관
2023006140,2023-02-01,남자,60 - 64세,인천광역시,기타통신판매,유사투자자문,청약철회
2023006141,2023-02-01,남자,30 - 39세,서울특별시,국내온라인거래,기타의류·섬유,이자.수수료
2023006142,2023-02-01,여자,50 - 59세,인천광역시,일반판매,인터넷정보이용서비스,계약해제.해지/위약금
2023006143,2023-02-01,여자,20 - 29세,인천광역시,일반판매,기타사설강습서비스,청약철회
2023006144,2023-02-01,여자,30 - 39세,울산광역시,기타통신판매,신유형상품권,단순문의.상담
2023006145,2023-02-01,여자,30 - 39세,광주광역시,기타,상품권,부당행위
2023006146,2023-02-01,남자,40 - 49세,부산광역시,전화권유판매,유사투자자문,계약해제.해지/위약금
2023006147,2023-02-01,남자,70 - 79세,충청북도,전화권유판매,유사투자자문,계약해제.해지/위약금
2023006148,2023-02-01,남자,60 - 64세,서울특별시,국내온라인거래,인쇄서비스,계약불이행(불완전이행)
2023006149,2023-02-01,여자,20 - 29세,서울특별시,국내온라인거래,기타사설강습서비스,계약불이행(불완전이행)
2023006150,2023-02-01,남자,30 - 39세,경기도,국내온라인거래,점퍼·재킷류,품질(물품/용역)
2023006151,2023-02-01,여자,30 - 39세,서울특별시,국내온라인거래,미술전시관람,약관
2023006152,2023-02-01,남자,40 - 49세,강원특별자치도,일반판매,상품권,부당행위
2023006153,2023-02-01,여자,40 - 49세,경기도,국내온라인거래,코트,품질(물품/용역)
2023006154,2023-02-01,남자,50 - 59세,서울특별시,일반판매,점퍼·재킷류,품질(물품/용역)
2023006155,2023-02-01,여자,50 - 59세,서울특별시,국내온라인거래,쌍꺼풀용기구,안전(제품/시설)
2023006156,2023-02-01,여자,40 - 49세,광주광역시,일반판매,숙녀복세트,품질(물품/용역)
2023006201,2023-02-01,남자,40 - 49세,경기도,TV홈쇼핑,음식물처리기,품질(물품/용역)
2023006202,2023-02-01,남자,40 - 49세,서울특별시,일반판매,TV,청약철회
2023006203,2023-02-01,남자,30 - 39세,경상북도,국내온라인거래,전기장판,청약철회
2023006204,2023-02-01,남자,30 - 39세,서울특별시,기타,사진촬영,계약해제.해지/위약금
2023006205,2023-02-01,남자,30 - 39세,경기도,방문판매,결혼준비대행서비스,계약해제.해지/위약금
2023006206,2023-02-01,여자,50 - 59세,경기도,기타,미분류컨설팅(자문),부당행위
2023006207,2023-02-01,여자,30 - 39세,강원특별자치도,기타,기타인테리어설비,계약해제.해지/위약금
2023006208,2023-02-01,남자,40 - 49세,경기도,국내온라인거래,옷장,청약철회
2023006209,2023-02-01,남자,50 - 59세,서울특별시,국내온라인거래,인터넷게임서비스,청약철회
2023006210,2023-02-01,여자,40 - 49세,대전광역시,일반판매,헬스장,계약해제.해지/위약금
2023006211,2023-02-01,남자,50 - 59세,경기도,일반판매,결혼준비대행서비스,계약해제.해지/위약금
2023006212,2023-02-01,여자,30 - 39세,대전광역시,소셜커머스(쇼핑),어린이용한복,품질(물품/용역)
2023006213,2023-02-01,남자,20 - 29세,서울특별시,방문판매,헬스장,계약해제.해지/위약금
2023006214,2023-02-01,남자,40 - 49세,경기도,일반판매,종합체육시설회원권,계약해제.해지/위약금
2023006215,2023-02-01,여자,30 - 39세,서울특별시,일반판매,필라테스,계약해제.해지/위약금
2023006216,2023-02-01,남자,30 - 39세,전라북도,소셜커머스(쇼핑),스프링매트리스,계약해제.해지/위약금
2023006217,2023-02-01,남자,20 - 29세,서울특별시,일반판매,헬스장,계약해제.해지/위약금
2023006218,2023-02-01,여자,40 - 49세,서울특별시,기타통신판매,애완동·식물용품,부당행위
2023006219,2023-02-01,남자,20 - 29세,경기도,국내온라인거래,영양보충용제품,품질(물품/용역)
2023006220,2023-02-01,여자,20 - 29세,서울특별시,일반판매,헬스장,계약해제.해지/위약금
2023006221,2023-02-01,남자,30 - 39세,인천광역시,일반판매,포장이사운송서비스,계약불이행(불완전이행)
2023006222,2023-02-01,여자,40 - 49세,광주광역시,국내온라인거래,기타어패류·어패류가공식품,품질(물품/용역)
2023006223,2023-02-01,남자,30 - 39세,경기도,국내온라인거래,기타가구,품질(물품/용역)
2023006224,2023-02-01,남자,20 - 29세,서울특별시,국내온라인거래,시계,품질(물품/용역)
2023006225,2023-02-01,남자,30 - 39세,경상남도,국내온라인거래,닭고기포장육,청약철회
2023006226,2023-02-01,남자,40 - 49세,강원특별자치도,국내온라인거래,기타미분류물품,품질(물품/용역)
2023006227,2023-02-01,여자,65 - 69세,서울특별시,전화권유판매,기타건강식품,청약철회
2023006228,2023-02-01,여자,40 - 49세,부산광역시,기타통신판매,항공여객운송서비스,계약불이행(불완전이행)
2023006229,2023-02-01,남자,30 - 39세,서울특별시,방문판매,예식서비스,계약해제.해지/위약금
2023006230,2023-02-01,여자,40 - 49세,서울특별시,기타,버스여객운송서비스,품질(물품/용역)
2023006231,2023-02-01,남자,30 - 39세,서울특별시,일반판매,결혼준비대행서비스,계약해제.해지/위약금
2023006232,2023-02-01,여자,20 - 29세,충청남도,국내온라인거래,항공여객운송서비스,계약불이행(불완전이행)
2023006233,2023-02-01,여자,40 - 49세,경기도,국내온라인거래,전기장판,AS불만
2023006234,2023-02-01,남자,50 - 59세,경기도,국내온라인거래,점퍼·재킷류,품질(물품/용역)
2023006235,2023-02-01,여자,40 - 49세,대전광역시,소셜커머스(쇼핑),코트,품질(물품/용역)
2023006236,2023-02-01,남자,50 - 59세,경기도,일반판매,골프용품,AS불만
2023006237,2023-02-01,여자,50 - 59세,인천광역시,전화권유판매,의료용구대여(렌트),계약해제.해지/위약금
2023006238,2023-02-01,남자,50 - 59세,경기도,기타,국외여행,계약불이행(불완전이행)
2023006239,2023-02-01,여자,20 - 29세,서울특별시,기타통신판매,노트북컴퓨터,품질(물품/용역)
2023006241,2023-02-01,여자,50 - 59세,광주광역시,국내온라인거래,국외여행,계약불이행(불완전이행)
2023006242,2023-02-01,여자,30 - 39세,경기도,일반판매,오존살균기,AS불만
2023006243,2023-02-01,남자,30 - 39세,서울특별시,국내온라인거래,옷장,청약철회
2023006244,2023-02-01,여자,50 - 59세,서울특별시,일반판매,각종자격취득강습,계약해제.해지/위약금
2023006245,2023-02-01,남자,50 - 59세,광주광역시,국내온라인거래,기타보건·위생용품,품질(물품/용역)
2023006247,2023-02-01,여자,20 - 29세,경상남도,국내온라인거래,스포츠웨어,청약철회
2023006248,2023-02-01,남자,40 - 49세,대전광역시,국내온라인거래,가구세트,계약불이행(불완전이행)
2023006249,2023-02-01,남자,40 - 49세,충청남도,전화권유판매,모바일정보이용서비스,계약불이행(불완전이행)
2023006250,2023-02-01,남자,30 - 39세,제주도,국내온라인거래,기타가구,품질(물품/용역)
2023006251,2023-02-01,여자,40 - 49세,서울특별시,일반판매,가스보일러,AS불만
2023006252,2023-02-01,남자,40 - 49세,서울특별시,국내온라인거래,호텔,부당행위
2023006253,2023-02-01,남자,30 - 39세,서울특별시,방문판매,필라테스,계약해제.해지/위약금
2023006254,2023-02-01,남자,60 - 64세,서울특별시,국내온라인거래,항공여객운송서비스,청약철회
2023006255,2023-02-01,여자,20 - 29세,서울특별시,소셜커머스(쇼핑),숙녀화(구두·부츠 등),청약철회
2023006256,2023-02-01,여자,30 - 39세,인천광역시,국내온라인거래,기타책상·테이블류,청약철회
2023006257,2023-02-01,남자,40 - 49세,광주광역시,국내온라인거래,국외여행,부당행위
2023006258,2023-02-01,여자,20 - 29세,전라남도,일반판매,헬스장,계약해제.해지/위약금
2023006259,2023-02-01,여자,30 - 39세,전라남도,기타통신판매,감귤,품질(물품/용역)
2023006260,2023-02-01,남자,50 - 59세,경기도,기타,인터넷정보이용서비스,계약해제.해지/위약금
2023006261,2023-02-01,남자,40 - 49세,서울특별시,기타,스마트폰,품질(물품/용역)
2023006262,2023-02-01,남자,30 - 39세,경기도,전화권유판매,초고속인터넷,청약철회
2023006263,2023-02-01,남자,30 - 39세,서울특별시,국내온라인거래,옷장,청약철회
2023006264,2023-02-01,여자,30 - 39세,인천광역시,방문판매,헬스장,계약해제.해지/위약금
2023006265,2023-02-01,여자,50 - 59세,서울특별시,TV홈쇼핑,국외여행,계약해제.해지/위약금
2023006266,2023-02-01,여자,40 - 49세,경기도,국내온라인거래,기타의류·섬유,청약철회
2023006267,2023-02-01,남자,50 - 59세,인천광역시,방문판매,가스보일러,품질(물품/용역)
2023006268,2023-02-01,여자,40 - 49세,서울특별시,국내온라인거래,항공여객운송서비스,계약해제.해지/위약금
2023006269,2023-02-01,남자,40 - 49세,충청남도,국내온라인거래,쌀,표시.광고
2023006270,2023-02-01,남자,20 - 29세,경기도,국내온라인거래,기타컴퓨터·주변기기,청약철회
2023006271,2023-02-01,남자,20 - 29세,서울특별시,국내온라인거래,인터넷교육서비스,계약불이행(불완전이행)
2023006272,2023-02-01,남자,30 - 39세,경기도,일반판매,예식서비스,계약해제.해지/위약금
2023006273,2023-02-01,남자,20 - 29세,대구광역시,일반판매,기타주류,품질(물품/용역)
2023006274,2023-02-01,여자,20 - 29세,서울특별시,기타통신판매,태블릿PC,가격.요금
2023006275,2023-02-01,여자,30 - 39세,경기도,국내온라인거래,기타숙박시설,청약철회
2023006276,2023-02-01,여자,40 - 49세,부산광역시,소셜커머스(쇼핑),전기진공청소기,품질(물품/용역)
2023006277,2023-02-01,여자,10 - 19세,전라남도,기타,헬스장,계약해제.해지/위약금
2023006278,2023-02-01,남자,20 - 29세,인천광역시,방문판매,일반강습(입시학원등),계약해제.해지/위약금
2023006279,2023-02-01,남자,40 - 49세,경기도,기타,하수도위생서비스,가격.요금
2023006280,2023-02-01,여자,40 - 49세,서울특별시,기타,화장품세트,품질(물품/용역)
2023006281,2023-02-01,남자,20 - 29세,충청남도,일반판매,헬스장,계약해제.해지/위약금
2023006282,2023-02-02,여자,30 - 39세,경기도,일반판매,미분류대여(렌트),계약해제.해지/위약금
2023006283,2023-02-02,남자,40 - 49세,서울특별시,일반판매,헬스장,계약해제.해지/위약금
2023006284,2023-02-02,여자,30 - 39세,경기도,국내온라인거래,니트(스웨터),품질(물품/용역)
2023006285,2023-02-02,남자,30 - 39세,서울특별시,국내온라인거래,헬스장,계약해제.해지/위약금
2023006286,2023-02-02,여자,40 - 49세,경기도,국내온라인거래,운동화,품질(물품/용역)
2023006287,2023-02-02,남자,40 - 49세,인천광역시,일반판매,일반강습(입시학원등),계약해제.해지/위약금
2023006288,2023-02-02,남자,30 - 39세,대전광역시,전화권유판매,대리운전,계약불이행(불완전이행)
2023006289,2023-02-02,남자,20 - 29세,충청남도,국제온라인거래,호텔,계약해제.해지/위약금
2023006290,2023-02-02,남자,불명,부산광역시,모바일거래,신유형상품권,계약불이행(불완전이행)
2023006291,2023-02-02,여자,30 - 39세,서울특별시,일반판매,예식서비스,계약해제.해지/위약금
2023006292,2023-02-02,여자,40 - 49세,경상남도,국내온라인거래,인쇄서비스,계약불이행(불완전이행)
2023006293,2023-02-02,남자,40 - 49세,서울특별시,일반판매,건강(암·기타질병)보험,계약불이행(불완전이행)
2023006294,2023-02-02,여자,20 - 29세,서울특별시,국내온라인거래,기타의류·섬유,청약철회
2023006295,2023-02-02,여자,30 - 39세,경기도,일반판매,필라테스,계약해제.해지/위약금
2023006296,2023-02-02,여자,40 - 49세,경기도,일반판매,기타이·미용서비스,품질(물품/용역)
2023006297,2023-02-02,여자,50 - 59세,울산광역시,국내온라인거래,코트,계약불이행(불완전이행)
2023006298,2023-02-02,여자,50 - 59세,서울특별시,일반판매,필라테스,계약해제.해지/위약금
2023006299,2023-02-02,여자,50 - 59세,경기도,일반판매,국내결혼중개,계약해제.해지/위약금
2023006300,2023-02-02,여자,50 - 59세,경기도,기타,각종자격취득강습,계약불이행(불완전이행)
2023006301,2023-02-02,남자,50 - 59세,경상북도,전화권유판매,인터넷정보이용서비스,계약해제.해지/위약금
2023006303,2023-02-02,여자,30 - 39세,강원특별자치도,일반판매,예식서비스,계약해제.해지/위약금
2023006304,2023-02-02,여자,20 - 29세,서울특별시,국제온라인거래,호텔,표시.광고
2023006306,2023-02-02,여자,40 - 49세,경기도,국내온라인거래,기타침구류,청약철회
2023006307,2023-02-02,여자,50 - 59세,강원특별자치도,일반판매,정수기,품질(물품/용역)
2023006308,2023-02-02,남자,70 - 79세,전라북도,전화권유판매,유사투자자문,계약불이행(불완전이행)
2023006309,2023-02-02,여자,50 - 59세,충청북도,국내온라인거래,전기장판,AS불만
2023006311,2023-02-02,여자,30 - 39세,경기도,일반판매,숙녀화(구두·부츠 등),계약불이행(불완전이행)
2023006312,2023-02-02,여자,50 - 59세,경기도,일반판매,스마트폰,AS불만
2023006313,2023-02-02,남자,30 - 39세,서울특별시,일반판매,헬스장,계약해제.해지/위약금
2023006314,2023-02-02,남자,65 - 69세,경기도,일반판매,건강(암·기타질병)보험,약관
2023006315,2023-02-02,여자,40 - 49세,경기도,일반판매,소파,품질(물품/용역)
2023006316,2023-02-02,여자,40 - 49세,경기도,일반판매,필라테스,계약해제.해지/위약금
2023006317,2023-02-02,여자,20 - 29세,제주도,소셜커머스(쇼핑),기타일반화장품,청약철회
2023006318,2023-02-02,남자,30 - 39세,서울특별시,국내온라인거래,기타유아용식생활용품,청약철회
2023006320,2023-02-02,여자,20 - 29세,경기도,국내온라인거래,항공여객운송서비스,계약해제.해지/위약금
2023006321,2023-02-02,여자,40 - 49세,경기도,전화권유판매,유사투자자문,계약해제.해지/위약금
2023006322,2023-02-02,남자,40 - 49세,광주광역시,일반판매,점퍼·재킷류,품질(물품/용역)
2023006323,2023-02-02,남자,40 - 49세,서울특별시,국내온라인거래,TV,품질(물품/용역)
2023006324,2023-02-02,여자,20 - 29세,인천광역시,일반판매,헬스장,계약해제.해지/위약금
2023006325,2023-02-02,여자,10세 미만,광주광역시,전화권유판매,기타민영보험,약관
2023006326,2023-02-02,남자,40 - 49세,대구광역시,방문판매,가구세트,계약불이행(불완전이행)
2023006329,2023-02-02,여자,30 - 39세,경기도,국내온라인거래,원피스,품질(물품/용역)
2023006330,2023-02-02,남자,70 - 79세,서울특별시,기타통신판매,인터넷정보이용서비스,계약해제.해지/위약금
2023006331,2023-02-02,남자,30 - 39세,경상남도,기타,콘도회원권,계약해제.해지/위약금
2023006332,2023-02-02,여자,30 - 39세,경상북도,일반판매,양복(서양식 의복)세탁,품질(물품/용역)
2023006333,2023-02-02,여자,65 - 69세,울산광역시,일반판매,실손보험,약관
2023006335,2023-02-02,여자,40 - 49세,광주광역시,일반판매,기타세탁서비스,계약불이행(불완전이행)
2023006336,2023-02-02,남자,불명,경기도,일반판매,바닥재·마루공사,AS불만
2023006337,2023-02-02,여자,50 - 59세,경기도,일반판매,전기진공청소기,품질(물품/용역)
2023006338,2023-02-02,여자,20 - 29세,서울특별시,국내온라인거래,욕실설비,청약철회
2023006339,2023-02-02,여자,60 - 64세,제주도,전화권유판매,투자자문(컨설팅),계약해제.해지/위약금
2023006340,2023-02-02,여자,30 - 39세,충청남도,일반판매,의상대여(렌트),계약불이행(불완전이행)
2023006341,2023-02-02,남자,40 - 49세,서울특별시,일반판매,상품권,부당행위
2023006342,2023-02-02,남자,40 - 49세,경기도,국내온라인거래,시계,품질(물품/용역)
2023006343,2023-02-02,남자,80세이상,경기도,기타,음식물처리기대여(렌트),계약해제.해지/위약금
2023006344,2023-02-02,남자,30 - 39세,서울특별시,일반판매,가스보일러,품질(물품/용역)
2023006345,2023-02-02,남자,50 - 59세,경기도,전화권유판매,유사투자자문,청약철회
2023006346,2023-02-02,여자,30 - 39세,서울특별시,모바일거래,신유형상품권,거래관행
2023006347,2023-02-02,남자,30 - 39세,서울특별시,국내온라인거래,코트,표시.광고
2023006348,2023-02-02,남자,20 - 29세,인천광역시,일반판매,양복(서양식 의복)세탁,품질(물품/용역)
2023006350,2023-02-02,여자,30 - 39세,서울특별시,국내온라인거래,니트(스웨터),청약철회
2023006352,2023-02-02,남자,50 - 59세,울산광역시,국내온라인거래,생활패션화(슬립온·아쿠아슈즈·장화·작업화 등),품질(물품/용역)
2023006353,2023-02-02,남자,60 - 64세,서울특별시,국내온라인거래,기타가방,품질(물품/용역)
2023006354,2023-02-02,남자,20 - 29세,서울특별시,일반판매,등산화,품질(물품/용역)
2023006355,2023-02-02,남자,30 - 39세,서울특별시,전화권유판매,모바일정보이용서비스,계약해제.해지/위약금
2023006356,2023-02-02,여자,40 - 49세,경기도,소셜커머스(쇼핑),신유형상품권,계약해제.해지/위약금
2023006357,2023-02-02,남자,60 - 64세,서울특별시,일반판매,국내결혼중개,계약해제.해지/위약금
2023006359,2023-02-02,남자,60 - 64세,서울특별시,전화권유판매,인터넷정보이용서비스,계약해제.해지/위약금
2023006360,2023-02-02,남자,50 - 59세,경기도,일반판매,점퍼·재킷류,품질(물품/용역)
2023006361,2023-02-02,남자,불명,인천광역시,일반판매,기름보일러,안전(제품/시설)
2023006363,2023-02-01,남자,40 - 49세,경기도,방문판매,콘도회원권,계약해제.해지/위약금
2023006365,2023-02-02,남자,20 - 29세,인천광역시,일반판매,양복(서양식 의복)세탁,품질(물품/용역)
2023006366,2023-02-02,남자,20 - 29세,인천광역시,일반판매,헬스장,계약해제.해지/위약금
2023006367,2023-02-02,남자,50 - 59세,경기도,국내온라인거래,국외여행,계약불이행(불완전이행)
2023006368,2023-02-02,여자,30 - 39세,부산광역시,기타통신판매,국내결혼중개,계약해제.해지/위약금
2023006369,2023-02-02,남자,20 - 29세,인천광역시,국내온라인거래,양복(서양식 의복)세탁,품질(물품/용역)
2023006370,2023-02-02,남자,50 - 59세,광주광역시,국내온라인거래,항공여객운송서비스,계약해제.해지/위약금
2023006371,2023-02-02,남자,20 - 29세,인천광역시,국내온라인거래,양복(서양식 의복)세탁,품질(물품/용역)
2023006373,2023-02-02,여자,50 - 59세,서울특별시,일반판매,국내결혼중개,계약불이행(불완전이행)
2023006375,2023-02-02,남자,40 - 49세,광주광역시,기타,상해보험,계약불이행(불완전이행)
2023006376,2023-02-02,남자,50 - 59세,대전광역시,모바일거래,점퍼·재킷류,품질(물품/용역)
2023006377,2023-02-02,여자,50 - 59세,서울특별시,모바일거래,펜션,계약해제.해지/위약금
2023006378,2023-02-02,남자,30 - 39세,경상남도,일반판매,예식서비스,계약해제.해지/위약금
2023006379,2023-02-02,남자,40 - 49세,서울특별시,일반판매,점퍼·재킷류,품질(물품/용역)
2023006380,2023-02-02,남자,불명,서울특별시,일반판매,점퍼·재킷류,품질(물품/용역)
2023006381,2023-02-02,여자,30 - 39세,경기도,국내온라인거래,국외여행,계약해제.해지/위약금
2023006382,2023-02-02,남자,40 - 49세,경상북도,일반판매,양복(서양식 의복)세탁,품질(물품/용역)
2023006383,2023-02-02,여자,50 - 59세,경기도,일반판매,피부·체형관리서비스,계약해제.해지/위약금
2023006384,2023-02-02,여자,40 - 49세,부산광역시,일반판매,등산화,품질(물품/용역)
2023006385,2023-02-02,여자,50 - 59세,경기도,국내온라인거래,화장품세트,계약불이행(불완전이행)
2023006386,2023-02-02,여자,60 - 64세,경기도,기타통신판매,인터넷정보이용서비스,청약철회
2023006387,2023-02-02,여자,30 - 39세,경기도,일반판매,양복(서양식 의복)세탁,품질(물품/용역)
2023006388,2023-02-02,여자,70 - 79세,경기도,국내온라인거래,소스,계약불이행(불완전이행)
2023006389,2023-02-02,여자,40 - 49세,강원특별자치도,기타,치과,계약해제.해지/위약금
2023006390,2023-02-02,여자,40 - 49세,서울특별시,일반판매,정형외과,품질(물품/용역)
2023006392,2023-02-02,여자,불명,대전광역시,일반판매,점퍼·재킷류,품질(물품/용역)
2023006393,2023-02-02,남자,20 - 29세,인천광역시,일반판매,중고자동차중개·매매,부당행위
2023006394,2023-02-02,여자,20 - 29세,대전광역시,방문판매,헬스장,계약해제.해지/위약금
2023006395,2023-02-02,여자,40 - 49세,충청남도,일반판매,변호서비스,계약불이행(불완전이행)
2023006397,2023-02-02,남자,40 - 49세,전라북도,국내온라인거래,냉장고,AS불만
2023006399,2023-02-02,남자,30 - 39세,서울특별시,일반판매,헬스장,계약해제.해지/위약금
2023006400,2023-02-02,여자,20 - 29세,전라북도,국내온라인거래,항공여객운송서비스,계약해제.해지/위약금
2023006402,2023-02-02,남자,30 - 39세,인천광역시,기타,외식,계약해제.해지/위약금
2023006403,2023-02-02,남자,30 - 39세,서울특별시,일반판매,국내결혼중개,계약해제.해지/위약금
2023006404,2023-02-02,여자,20 - 29세,경상남도,일반판매,필라테스,계약해제.해지/위약금
2023006405,2023-02-02,남자,30 - 39세,경기도,일반판매,헬스장,계약해제.해지/위약금
2023006406,2023-02-02,남자,40 - 49세,부산광역시,방문판매,컴퓨터수리,부당행위
2023006408,2023-02-02,남자,50 - 59세,서울특별시,국내온라인거래,항공여객운송서비스,계약불이행(불완전이행)
2023006409,2023-02-02,여자,50 - 59세,경기도,국내온라인거래,오존살균기,품질(물품/용역)
2023006410,2023-02-02,여자,20 - 29세,서울특별시,방문판매,헬스장,계약해제.해지/위약금
2023006411,2023-02-02,남자,30 - 39세,서울특별시,기타,예식서비스,계약해제.해지/위약금
2023006412,2023-02-02,여자,50 - 59세,서울특별시,국내온라인거래,국내여행,계약불이행(불완전이행)
2023006413,2023-02-02,여자,20 - 29세,충청북도,기타,취업·이민알선,계약불이행(불완전이행)
2023006414,2023-02-02,남자,30 - 39세,서울특별시,국내온라인거래,애완고양이,품질(물품/용역)
2023006415,2023-02-02,남자,30 - 39세,경상남도,일반판매,외식,계약불이행(불완전이행)
2023006416,2023-02-02,여자,30 - 39세,인천광역시,기타,미술전시관람,계약해제.해지/위약금
2023006417,2023-02-02,여자,40 - 49세,경기도,일반판매,장식장,품질(물품/용역)
2023006418,2023-02-02,여자,20 - 29세,경상남도,국내온라인거래,숙녀화(구두·부츠 등),청약철회
2023006419,2023-02-02,여자,20 - 29세,서울특별시,국내온라인거래,단행본,청약철회
2023006420,2023-02-02,남자,40 - 49세,서울특별시,일반판매,헬스장,계약해제.해지/위약금
2023006421,2023-02-02,여자,30 - 39세,충청북도,일반판매,피부·체형관리서비스,계약해제.해지/위약금
2023006422,2023-02-02,남자,30 - 39세,경상남도,국내온라인거래,향수,청약철회
2023006423,2023-02-02,남자,30 - 39세,전라북도,전화권유판매,초고속인터넷,계약해제.해지/위약금
2023006424,2023-02-02,남자,20 - 29세,경기도,방문판매,헬스장,계약해제.해지/위약금
2023006425,2023-02-02,여자,20 - 29세,대구광역시,일반판매,헬스장,계약해제.해지/위약금
2023006426,2023-02-02,여자,20 - 29세,경상북도,국내온라인거래,항공여객운송서비스,계약해제.해지/위약금
2023006427,2023-02-02,남자,불명,대구광역시,일반판매,택배화물운송서비스,약관
2023006428,2023-02-02,남자,40 - 49세,대구광역시,소셜커머스(쇼핑),시계,청약철회
2023006429,2023-02-02,남자,50 - 59세,서울특별시,국내온라인거래,모바일게임서비스,계약해제.해지/위약금
2023006430,2023-02-02,남자,30 - 39세,서울특별시,기타,국내결혼중개,계약불이행(불완전이행)
2023006431,2023-02-02,여자,30 - 39세,경기도,국내온라인거래,TV,품질(물품/용역)
2023006432,2023-02-02,남자,40 - 49세,인천광역시,기타,기름보일러,품질(물품/용역)
2023006433,2023-02-02,남자,30 - 39세,경기도,기타,기타침대류,청약철회
2023006434,2023-02-02,남자,50 - 59세,울산광역시,기타통신판매,펜션,계약해제.해지/위약금
2023006435,2023-02-02,여자,40 - 49세,충청북도,전화권유판매,다이어트식품,품질(물품/용역)
2023006436,2023-02-02,여자,60 - 64세,경기도,일반판매,헬스장,계약해제.해지/위약금
2023006437,2023-02-02,남자,50 - 59세,대전광역시,국내온라인거래,고시원이용,청약철회
2023006438,2023-02-02,여자,30 - 39세,강원특별자치도,국내온라인거래,유리·크리스탈그릇,청약철회
2023006439,2023-02-02,여자,40 - 49세,경기도,방문판매,방문교육,계약해제.해지/위약금
2023006440,2023-02-02,여자,30 - 39세,충청북도,일반판매,기타가방,품질(물품/용역)
2023006442,2023-02-02,남자,40 - 49세,서울특별시,국내온라인거래,항공여객운송서비스,계약불이행(불완전이행)
2023006443,2023-02-02,남자,50 - 59세,경기도,TV홈쇼핑,김치냉장고,품질(물품/용역)
2023006444,2023-02-02,여자,50 - 59세,경기도,소셜커머스(쇼핑),기타일반화장품,계약불이행(불완전이행)
2023006445,2023-02-02,여자,40 - 49세,경기도,방문판매,고시원이용,계약해제.해지/위약금
2023006446,2023-02-02,여자,20 - 29세,경기도,국내온라인거래,인터넷교육서비스,계약불이행(불완전이행)
2023006447,2023-02-02,남자,30 - 39세,서울특별시,일반판매,헬스장,계약해제.해지/위약금
2023006448,2023-02-02,남자,40 - 49세,대전광역시,국내온라인거래,전등·전구,계약불이행(불완전이행)
2023006449,2023-02-02,여자,30 - 39세,부산광역시,소셜커머스(쇼핑),기타신변용품,계약불이행(불완전이행)
2023006450,2023-02-02,남자,30 - 39세,대전광역시,일반판매,기타이·미용서비스,안전(제품/시설)
2023006451,2023-02-02,여자,50 - 59세,경기도,기타,포장이사운송서비스,품질(물품/용역)
2023006452,2023-02-02,여자,50 - 59세,경기도,국내온라인거래,여성용내의류,청약철회
2023006453,2023-02-02,여자,30 - 39세,서울특별시,국내온라인거래,시계,부당행위
2023006454,2023-02-02,남자,20 - 29세,대전광역시,국내온라인거래,캐주얼바지,계약해제.해지/위약금
2023006455,2023-02-02,남자,50 - 59세,서울특별시,기타,기타인테리어설비,AS불만
2023006456,2023-02-02,여자,30 - 39세,서울특별시,일반판매,미용서비스,품질(물품/용역)
2023006457,2023-02-02,여자,30 - 39세,경기도,기타,소파,계약해제.해지/위약금
2023006458,2023-02-02,여자,20 - 29세,제주도,모바일거래,기타숙박시설,계약불이행(불완전이행)
2023006459,2023-02-02,남자,40 - 49세,경상남도,소셜커머스(쇼핑),모형완구,품질(물품/용역)
2023006460,2023-02-02,남자,30 - 39세,서울특별시,국내온라인거래,핸드백,품질(물품/용역)
2023006501,2023-02-03,여자,20 - 29세,서울특별시,모바일거래,국외여행,계약해제.해지/위약금
2023006502,2023-02-03,남자,70 - 79세,경기도,전화권유판매,유사투자자문,계약해제.해지/위약금
2023006503,2023-02-03,남자,30 - 39세,경상북도,일반판매,자동차수리·점검,품질(물품/용역)
2023006504,2023-02-03,여자,30 - 39세,경기도,일반판매,미용서비스,품질(물품/용역)
2023006505,2023-02-03,여자,30 - 39세,경상북도,국내온라인거래,통신기기주변장치,청약철회
2023006506,2023-02-03,여자,65 - 69세,충청남도,TV홈쇼핑,전기요,청약철회
2023006507,2023-02-03,여자,20 - 29세,서울특별시,일반판매,헬스장,계약불이행(불완전이행)
2023006508,2023-02-03,여자,30 - 39세,경기도,일반판매,필라테스,계약해제.해지/위약금
2023006509,2023-02-03,남자,30 - 39세,서울특별시,일반판매,자동차수리·점검,품질(물품/용역)
2023006510,2023-02-03,여자,30 - 39세,광주광역시,일반판매,산부인과,품질(물품/용역)
2023006511,2023-02-03,여자,30 - 39세,울산광역시,일반판매,헬스장,계약불이행(불완전이행)
2023006513,2023-02-03,여자,40 - 49세,경기도,국내온라인거래,전기장판,안전(제품/시설)
2023006514,2023-02-03,남자,40 - 49세,경기도,일반판매,헬스장,계약해제.해지/위약금
2023006515,2023-02-03,남자,60 - 64세,제주도,국내온라인거래,초고속인터넷,계약해제.해지/위약금
2023006516,2023-02-03,남자,30 - 39세,서울특별시,일반판매,대형승용자동차,품질(물품/용역)
2023006517,2023-02-03,여자,60 - 64세,경기도,전화권유판매,기타건강식품,계약해제.해지/위약금
2023006518,2023-02-03,남자,30 - 39세,서울특별시,TV홈쇼핑,실손보험,계약불이행(불완전이행)
2023006519,2023-02-03,여자,불명,전라북도,전화권유판매,모바일정보이용서비스,계약불이행(불완전이행)
2023006520,2023-02-03,여자,40 - 49세,경기도,국내온라인거래,트레이닝기구,표시.광고
2023006521,2023-02-03,남자,40 - 49세,서울특별시,기타,상품권,부당행위
2023006523,2023-02-03,여자,30 - 39세,서울특별시,국내온라인거래,음식물처리기,청약철회
2023006524,2023-02-03,여자,40 - 49세,경기도,기타,태블릿PC,AS불만
2023006525,2023-02-03,남자,40 - 49세,인천광역시,일반판매,헬스장,계약해제.해지/위약금
2023006527,2023-02-03,여자,20 - 29세,서울특별시,국내온라인거래,기타숙박시설,계약해제.해지/위약금
2023006528,2023-02-03,남자,20 - 29세,경기도,기타,헬스장,계약해제.해지/위약금
2023006529,2023-02-03,여자,70 - 79세,전라남도,일반판매,셔츠,품질(물품/용역)
2023006530,2023-02-03,여자,20 - 29세,경기도,국내온라인거래,호텔,계약해제.해지/위약금
2023006531,2023-02-03,남자,30 - 39세,대전광역시,기타,자동차수리·점검,품질(물품/용역)
2023006532,2023-02-03,여자,30 - 39세,대구광역시,일반판매,헬스장,계약해제.해지/위약금
2023006533,2023-02-03,남자,30 - 39세,인천광역시,일반판매,헬스장,계약해제.해지/위약금
2023006534,2023-02-03,남자,40 - 49세,경기도,일반판매,스마트폰,품질(물품/용역)
2023006535,2023-02-03,남자,30 - 39세,인천광역시,국내온라인거래,점퍼·재킷류,품질(물품/용역)
2023006536,2023-02-03,여자,40 - 49세,경기도,일반판매,다목적승용차,계약불이행(불완전이행)
2023006537,2023-02-03,남자,20 - 29세,경기도,전화권유판매,국외여행,계약불이행(불완전이행)
2023006538,2023-02-03,남자,30 - 39세,서울특별시,국내온라인거래,인터넷정보이용서비스,계약불이행(불완전이행)
2023006539,2023-02-03,남자,20 - 29세,인천광역시,전화권유판매,인터넷정보이용서비스,계약해제.해지/위약금
2023006540,2023-02-03,여자,30 - 39세,서울특별시,국내온라인거래,자동차대여(렌트),계약해제.해지/위약금
2023006541,2023-02-03,남자,30 - 39세,서울특별시,기타,가상화폐,표시.광고
2023006542,2023-02-03,여자,40 - 49세,경기도,일반판매,기타이·미용기구,품질(물품/용역)
2023006543,2023-02-03,남자,50 - 59세,대구광역시,국내온라인거래,철도여객운송서비스,거래관행
2023006544,2023-02-03,남자,40 - 49세,경기도,일반판매,택배화물운송서비스,계약불이행(불완전이행)
2023006545,2023-02-03,여자,20 - 29세,전라남도,국내온라인거래,기타의류·섬유,청약철회
2023006546,2023-02-03,남자,50 - 59세,경기도,국내온라인거래,캐주얼바지,청약철회
2023006547,2023-02-03,남자,30 - 39세,서울특별시,일반판매,헬스장,계약해제.해지/위약금
2023006548,2023-02-03,여자,40 - 49세,서울특별시,일반판매,핸드백,품질(물품/용역)
2023006549,2023-02-03,남자,30 - 39세,경기도,일반판매,헬스장,계약해제.해지/위약금
2023006550,2023-02-03,남자,40 - 49세,경기도,국내온라인거래,호텔,계약불이행(불완전이행)
2023006551,2023-02-03,남자,20 - 29세,광주광역시,일반판매,중형승용자동차,품질(물품/용역)
2023006552,2023-02-03,남자,30 - 39세,서울특별시,일반판매,고시원이용,계약해제.해지/위약금
2023006553,2023-02-03,남자,40 - 49세,전라남도,국내온라인거래,기타회원권,계약불이행(불완전이행)
2023006554,2023-02-03,여자,65 - 69세,대구광역시,일반판매,코트,품질(물품/용역)
2023006555,2023-02-03,여자,20 - 29세,서울특별시,일반판매,사진촬영,청약철회
2023006556,2023-02-03,여자,80세이상,대구광역시,일반판매,이동전화서비스,계약불이행(불완전이행)
2023006557,2023-02-03,여자,50 - 59세,인천광역시,일반판매,벨트,품질(물품/용역)
2023006559,2023-02-03,여자,70 - 79세,경기도,일반판매,양복(서양식 의복)세탁,품질(물품/용역)
2023006560,2023-02-03,여자,40 - 49세,광주광역시,국내온라인거래,니트(스웨터),계약불이행(불완전이행)
2023006561,2023-02-03,남자,30 - 39세,경상남도,일반판매,헬스장,계약해제.해지/위약금
2023006563,2023-02-03,여자,20 - 29세,경상남도,국내온라인거래,생활패션화(슬립온·아쿠아슈즈·장화·작업화 등),품질(물품/용역)
2023006564,2023-02-03,남자,65 - 69세,대구광역시,기타,이동전화서비스,계약불이행(불완전이행)
2023006565,2023-02-03,남자,30 - 39세,경기도,일반판매,자동차주유,품질(물품/용역)
2023006566,2023-02-03,남자,50 - 59세,경기도,국내온라인거래,호텔,계약해제.해지/위약금
2023006567,2023-02-03,남자,40 - 49세,충청북도,기타,성형외과,계약해제.해지/위약금
2023006568,2023-02-03,여자,40 - 49세,경상북도,일반판매,피부과,계약해제.해지/위약금
2023006569,2023-02-03,여자,40 - 49세,서울특별시,국내온라인거래,가운·잠옷류,품질(물품/용역)
2023006570,2023-02-03,여자,40 - 49세,서울특별시,일반판매,음식물처리기대여(렌트),품질(물품/용역)
2023006571,2023-02-03,남자,50 - 59세,경기도,기타,섀시설비,계약불이행(불완전이행)
2023006572,2023-02-03,남자,65 - 69세,서울특별시,일반판매,기타의료용구,계약해제.해지/위약금
2023006573,2023-02-03,여자,30 - 39세,경기도,일반판매,예식서비스,계약해제.해지/위약금
2023006574,2023-02-03,남자,40 - 49세,서울특별시,일반판매,중고자동차중개·매매,계약불이행(불완전이행)
2023006576,2023-02-03,여자,50 - 59세,광주광역시,일반판매,성형외과,계약해제.해지/위약금
2023006577,2023-02-03,여자,40 - 49세,광주광역시,국제온라인거래,항공여객운송서비스,계약해제.해지/위약금
2023006578,2023-02-03,여자,30 - 39세,충청남도,국내온라인거래,전기진공청소기,계약해제.해지/위약금
2023006579,2023-02-03,남자,50 - 59세,경기도,기타,이동전화서비스,약관
2023006580,2023-02-03,여자,60 - 64세,광주광역시,국내온라인거래,커피,계약불이행(불완전이행)
2023006581,2023-02-03,여자,30 - 39세,서울특별시,국내온라인거래,도배공사,AS불만
2023006582,2023-02-03,여자,30 - 39세,대전광역시,기타,인터넷교육서비스,계약해제.해지/위약금
2023006583,2023-02-03,여자,10 - 19세,충청북도,일반판매,한의원,계약해제.해지/위약금
2023006584,2023-02-03,여자,40 - 49세,대전광역시,일반판매,치과,계약해제.해지/위약금
2023006585,2023-02-03,여자,40 - 49세,대전광역시,일반판매,기타병·의원서비스,단순문의.상담
2023006586,2023-02-03,남자,30 - 39세,경기도,일반판매,하수도위생서비스,계약불이행(불완전이행)
2023006587,2023-02-03,여자,20 - 29세,경기도,일반판매,양복(서양식 의복)세탁,품질(물품/용역)
2023006588,2023-02-03,남자,20 - 29세,경기도,일반판매,공중목욕탕,품질(물품/용역)
2023006589,2023-02-03,여자,30 - 39세,서울특별시,일반판매,기타인테리어설비,품질(물품/용역)
2023006590,2023-02-03,남자,40 - 49세,경기도,기타,택배화물운송서비스,품질(물품/용역)
2023006591,2023-02-03,남자,40 - 49세,인천광역시,일반판매,운동화,품질(물품/용역)
2023006592,2023-02-03,여자,30 - 39세,경기도,일반판매,기타이·미용서비스,계약해제.해지/위약금
2023006593,2023-02-03,여자,20 - 29세,서울특별시,국내온라인거래,전기온수기,청약철회
2023006594,2023-02-03,여자,30 - 39세,서울특별시,일반판매,산부인과,가격.요금
2023006595,2023-02-03,여자,20 - 29세,경상북도,국내온라인거래,양복(서양식 의복)세탁,품질(물품/용역)
2023006596,2023-02-03,남자,40 - 49세,세종특별자치시,일반판매,중형승용자동차,품질(물품/용역)
2023006599,2023-02-03,여자,30 - 39세,대전광역시,모바일거래,기타이·미용서비스,계약해제.해지/위약금
2023006600,2023-02-03,남자,50 - 59세,대구광역시,기타,안마의자,AS불만
2023006601,2023-02-03,여자,20 - 29세,경기도,일반판매,상해보험,약관
2023006602,2023-02-03,남자,60 - 64세,대구광역시,일반판매,실손보험,약관
2023006603,2023-02-03,남자,30 - 39세,경기도,일반판매,헬스장,계약해제.해지/위약금
2023006605,2023-02-03,남자,20 - 29세,경기도,일반판매,핸드백,품질(물품/용역)
2023006606,2023-02-03,여자,65 - 69세,서울특별시,일반판매,초고속인터넷,계약해제.해지/위약금
2023006607,2023-02-03,남자,40 - 49세,경상북도,일반판매,건강(암·기타질병)보험,약관
2023006608,2023-02-03,남자,40 - 49세,서울특별시,일반판매,정형외과,가격.요금
2023006610,2023-02-03,남자,40 - 49세,서울특별시,국내온라인거래,신유형상품권,부당행위
2023006611,2023-02-03,남자,40 - 49세,경상남도,일반판매,국내결혼중개,청약철회
2023006612,2023-02-03,여자,50 - 59세,전라남도,전화권유판매,유사투자자문,청약철회
2023006613,2023-02-03,여자,40 - 49세,경기도,일반판매,퍼스널컴퓨터,품질(물품/용역)
2023006614,2023-02-03,여자,20 - 29세,경기도,국내온라인거래,항공여객운송서비스,품질(물품/용역)
2023006615,2023-02-03,여자,30 - 39세,서울특별시,일반판매,해외유학알선,계약해제.해지/위약금
2023006616,2023-02-03,남자,20 - 29세,광주광역시,일반판매,상해보험,계약해제.해지/위약금
2023006617,2023-02-03,남자,20 - 29세,경기도,소셜커머스(쇼핑),점퍼·재킷류,청약철회
2023006618,2023-02-03,여자,65 - 69세,경기도,일반판매,통합보장보험,약관
2023006619,2023-02-03,남자,40 - 49세,충청남도,기타,기타인테리어설비,AS불만
2023006620,2023-02-03,여자,50 - 59세,인천광역시,일반판매,국외여행,계약불이행(불완전이행)
2023006621,2023-02-03,남자,60 - 64세,경기도,전화권유판매,유사투자자문,계약불이행(불완전이행)
2023006622,2023-02-03,여자,40 - 49세,대전광역시,일반판매,운동화,품질(물품/용역)
2023006623,2023-02-03,남자,60 - 64세,부산광역시,국내온라인거래,항공여객운송서비스,계약불이행(불완전이행)
2023006625,2023-02-03,남자,70 - 79세,부산광역시,일반판매,기타악기·용품,계약해제.해지/위약금
2023006626,2023-02-03,남자,불명,충청북도,기타,전기보일러,AS불만
2023006628,2023-02-03,남자,20 - 29세,경기도,일반판매,종합체육시설회원권,계약해제.해지/위약금
2023006629,2023-02-03,남자,30 - 39세,경기도,일반판매,대형승용자동차,품질(물품/용역)
2023006630,2023-02-03,여자,50 - 59세,부산광역시,전화권유판매,할인회원권,계약불이행(불완전이행)
2023006631,2023-02-03,여자,30 - 39세,서울특별시,일반판매,헬스장,계약해제.해지/위약금
2023006632,2023-02-03,여자,40 - 49세,서울특별시,방문판매,스포츠시설이용,계약해제.해지/위약금
2023006701,2023-02-03,여자,30 - 39세,부산광역시,기타,피부·체형관리서비스,품질(물품/용역)
2023006702,2023-02-03,여자,40 - 49세,인천광역시,방문판매,미용서비스,계약불이행(불완전이행)
2023006703,2023-02-03,남자,40 - 49세,전라북도,일반판매,법무서비스,가격.요금
2023006704,2023-02-03,여자,30 - 39세,경기도,국내온라인거래,침대,표시.광고
2023006705,2023-02-03,남자,30 - 39세,경기도,국내온라인거래,항공여객운송서비스,계약해제.해지/위약금
2023006706,2023-02-03,여자,30 - 39세,인천광역시,일반판매,점퍼·재킷류,청약철회
2023006708,2023-02-03,여자,20 - 29세,전라북도,일반판매,헬스장,계약해제.해지/위약금
2023006709,2023-02-03,남자,40 - 49세,강원특별자치도,국내온라인거래,이동전화서비스,부당행위
2023006710,2023-02-03,여자,30 - 39세,경기도,소셜커머스(쇼핑),기타책상·테이블류,품질(물품/용역)
2023006711,2023-02-03,여자,20 - 29세,세종특별자치시,방문판매,이동전화서비스,청약철회
2023006712,2023-02-03,남자,30 - 39세,부산광역시,소셜커머스(쇼핑),USB,계약불이행(불완전이행)
2023006713,2023-02-03,여자,30 - 39세,부산광역시,국내온라인거래,기타컴퓨터·주변기기,품질(물품/용역)
2023006714,2023-02-03,남자,20 - 29세,경기도,국내온라인거래,모형완구,계약불이행(불완전이행)
2023006715,2023-02-03,여자,40 - 49세,경기도,소셜커머스(쇼핑),점퍼·재킷류,청약철회
2023006716,2023-02-03,남자,65 - 69세,경기도,국내온라인거래,항공여객운송서비스,계약불이행(불완전이행)
2023006717,2023-02-03,남자,30 - 39세,경기도,기타,레포츠장비대여(렌트),계약해제.해지/위약금
2023006718,2023-02-03,여자,60 - 64세,서울특별시,기타,헬스장,계약해제.해지/위약금
2023006719,2023-02-03,여자,20 - 29세,전라북도,기타,인터넷교육서비스,계약해제.해지/위약금
2023006720,2023-02-03,남자,30 - 39세,서울특별시,방문판매,헬스장,계약해제.해지/위약금
2023006721,2023-02-03,여자,40 - 49세,서울특별시,기타,기타미분류서비스,계약불이행(불완전이행)
2023006722,2023-02-03,남자,30 - 39세,인천광역시,기타통신판매,기타보관서비스,계약해제.해지/위약금
2023006723,2023-02-03,여자,40 - 49세,경기도,국내온라인거래,기타의류·섬유,청약철회
2023006724,2023-02-03,남자,30 - 39세,서울특별시,국내온라인거래,운동화,품질(물품/용역)
2023006725,2023-02-03,여자,20 - 29세,경기도,방문판매,헬스장,계약해제.해지/위약금
2023006726,2023-02-03,여자,30 - 39세,서울특별시,기타,항공여객운송서비스,계약불이행(불완전이행)
2023006727,2023-02-03,여자,30 - 39세,서울특별시,국내온라인거래,보조배터리,품질(물품/용역)
2023006728,2023-02-03,여자,30 - 39세,광주광역시,방문판매,종합체육시설회원권,계약해제.해지/위약금
2023006729,2023-02-03,여자,30 - 39세,서울특별시,일반판매,운전강습,계약해제.해지/위약금
2023006730,2023-02-03,남자,40 - 49세,대전광역시,기타통신판매,전기장판,안전(제품/시설)
2023006731,2023-02-03,여자,40 - 49세,경상남도,일반판매,점퍼·재킷류,품질(물품/용역)
2023006732,2023-02-03,여자,30 - 39세,충청북도,국내온라인거래,기타문화·오락시설이용,계약불이행(불완전이행)
2023006734,2023-02-03,여자,40 - 49세,경기도,소셜커머스(쇼핑),피부·체형관리서비스,안전(제품/시설)
2023006735,2023-02-03,여자,40 - 49세,경상남도,국내온라인거래,기타건강식품,부당행위
2023006736,2023-02-03,여자,20 - 29세,부산광역시,일반판매,가사도우미,계약불이행(불완전이행)
2023006737,2023-02-03,여자,30 - 39세,대전광역시,방문판매,필라테스,계약해제.해지/위약금
2023006738,2023-02-03,남자,30 - 39세,대전광역시,기타,헬스장,계약해제.해지/위약금
2023006739,2023-02-03,남자,20 - 29세,서울특별시,방문판매,헬스장,계약해제.해지/위약금
2023006740,2023-02-03,남자,20 - 29세,전라북도,일반판매,운동화,품질(물품/용역)
2023006741,2023-02-03,남자,20 - 29세,경기도,국제온라인거래,항공여객운송서비스,계약해제.해지/위약금
2023006742,2023-02-03,여자,20 - 29세,서울특별시,모바일거래,스포츠웨어,청약철회
2023006743,2023-02-03,여자,20 - 29세,경상남도,일반판매,종합체육시설회원권,계약불이행(불완전이행)
2023006744,2023-02-03,여자,20 - 29세,서울특별시,기타,애완동물기타,부당행위
2023006745,2023-02-03,여자,40 - 49세,서울특별시,방문판매,국내결혼중개,계약해제.해지/위약금
2023006746,2023-02-03,여자,40 - 49세,제주도,기타,필라테스,계약해제.해지/위약금
2023006747,2023-02-03,여자,30 - 39세,경기도,국내온라인거래,카메라,AS불만
2023006748,2023-02-03,여자,40 - 49세,서울특별시,기타,아파트,품질(물품/용역)
2023006749,2023-02-03,여자,50 - 59세,서울특별시,국내온라인거래,냉장고,품질(물품/용역)
2023006801,2023-02-04,남자,40 - 49세,경기도,일반판매,기타컴퓨터·주변기기,청약철회
2023006802,2023-02-04,남자,40 - 49세,경기도,기타,창호유리,품질(물품/용역)
2023006803,2023-02-04,여자,60 - 64세,부산광역시,기타,포장이사운송서비스,계약불이행(불완전이행)
2023006804,2023-02-04,여자,30 - 39세,서울특별시,기타통신판매,사진촬영,계약해제.해지/위약금
2023006805,2023-02-04,남자,20 - 29세,강원특별자치도,전화권유판매,인터넷교육서비스,계약해제.해지/위약금
2023006806,2023-02-04,여자,20 - 29세,대전광역시,방문판매,헬스장,계약해제.해지/위약금
2023006807,2023-02-04,여자,40 - 49세,경기도,국내온라인거래,김,청약철회
2023006808,2023-02-04,여자,30 - 39세,경기도,국내온라인거래,음식물처리기,품질(물품/용역)
2023006809,2023-02-04,남자,40 - 49세,서울특별시,국내온라인거래,잡지,계약불이행(불완전이행)
2023006810,2023-02-04,여자,50 - 59세,서울특별시,기타,일반이사운송서비스,단순문의.상담
2023006811,2023-02-04,여자,20 - 29세,경기도,일반판매,헬스장,계약해제.해지/위약금
2023006812,2023-02-04,여자,30 - 39세,대구광역시,방문판매,헬스장,계약해제.해지/위약금
2023006813,2023-02-04,남자,40 - 49세,전라북도,노상판매,모바일정보이용서비스,계약불이행(불완전이행)
2023006814,2023-02-04,남자,50 - 59세,경기도,방문판매,신변용품·악세서리대여(렌트),청약철회
2023006815,2023-02-04,남자,40 - 49세,충청남도,소셜커머스(쇼핑),기타영상기기,AS불만
2023006816,2023-02-04,여자,30 - 39세,경기도,기타,전기온수기,AS불만
2023006817,2023-02-04,남자,30 - 39세,경기도,기타,결혼준비대행서비스,청약철회
2023006818,2023-02-04,남자,40 - 49세,서울특별시,국내온라인거래,항공여객운송서비스,계약해제.해지/위약금
2023006901,2023-02-05,여자,20 - 29세,경기도,국내온라인거래,기타통신기기,계약불이행(불완전이행)
2023006902,2023-02-03,남자,30 - 39세,광주광역시,소셜커머스(쇼핑),전기장판,품질(물품/용역)
2023006903,2023-02-05,남자,50 - 59세,경상북도,기타,도배공사,품질(물품/용역)
2023006904,2023-02-05,남자,50 - 59세,인천광역시,기타,가스보일러,품질(물품/용역)
2023006905,2023-02-05,여자,30 - 39세,서울특별시,국내온라인거래,기타완구·인형,계약불이행(불완전이행)
2023006906,2023-02-05,여자,60 - 64세,대전광역시,국내온라인거래,원피스,품질(물품/용역)
2023006907,2023-02-05,남자,30 - 39세,경기도,국내온라인거래,버스여객운송서비스,계약해제.해지/위약금
2023006909,2023-02-05,남자,50 - 59세,전라남도,국내온라인거래,헤드폰·이어폰,AS불만
2023006910,2023-02-05,남자,70 - 79세,경기도,모바일거래,인터넷교육서비스,계약해제.해지/위약금
2023006911,2023-02-05,남자,30 - 39세,서울특별시,일반판매,예식서비스,계약해제.해지/위약금
2023006912,2023-02-05,남자,30 - 39세,인천광역시,기타,예식서비스,품질(물품/용역)
2023006913,2023-02-06,여자,40 - 49세,서울특별시,기타,헬스장,계약해제.해지/위약금
2023006914,2023-02-06,여자,50 - 59세,서울특별시,기타통신판매,기타건강식품,품질(물품/용역)
2023006915,2023-02-06,남자,40 - 49세,경기도,국내온라인거래,타이어,품질(물품/용역)
2023006917,2023-02-05,남자,50 - 59세,경기도,국제온라인거래,기타책상·테이블류,청약철회
2023006918,2023-02-06,여자,50 - 59세,대구광역시,TV홈쇼핑,안마의자대여(렌트),품질(물품/용역)
2023006919,2023-02-06,여자,40 - 49세,대전광역시,기타통신판매,기타사설강습서비스,계약불이행(불완전이행)
2023006920,2023-02-06,여자,40 - 49세,경상북도,기타,기타정보이용서비스,계약해제.해지/위약금
2023006921,2023-02-06,여자,30 - 39세,서울특별시,일반판매,헬스장,계약해제.해지/위약금
2023006922,2023-02-06,남자,50 - 59세,경기도,국내온라인거래,호텔,계약해제.해지/위약금
2023006923,2023-02-06,남자,30 - 39세,서울특별시,일반판매,항공여객운송서비스,계약불이행(불완전이행)
2023006924,2023-02-06,남자,40 - 49세,서울특별시,국내온라인거래,운동화,청약철회
2023006925,2023-02-06,여자,40 - 49세,울산광역시,국제온라인거래,스노우체인,품질(물품/용역)
2023006926,2023-02-06,여자,30 - 39세,서울특별시,전화권유판매,인터넷정보이용서비스,청약철회
2023006927,2023-02-06,남자,50 - 59세,경기도,국내온라인거래,호텔,부당행위
2023006928,2023-02-06,남자,80세이상,대전광역시,모바일거래,셔츠,표시.광고
2023006929,2023-02-06,남자,30 - 39세,서울특별시,일반판매,사진촬영,계약해제.해지/위약금
2023006930,2023-02-06,여자,40 - 49세,경기도,국내온라인거래,항공여객운송서비스,청약철회
2023006931,2023-02-06,남자,65 - 69세,경상남도,일반판매,기타건축자재,계약불이행(불완전이행)
2023006932,2023-02-06,여자,40 - 49세,인천광역시,일반판매,양복(서양식 의복)세탁,품질(물품/용역)
2023006933,2023-02-06,여자,30 - 39세,서울특별시,국내온라인거래,남성용내의류,청약철회
2023006935,2023-02-06,남자,40 - 49세,전라북도,전화권유판매,미분류컨설팅(자문),청약철회
2023006936,2023-02-06,남자,40 - 49세,서울특별시,모바일거래,카셰어링,계약불이행(불완전이행)
2023006937,2023-02-06,남자,70 - 79세,대전광역시,일반판매,자동차대여(렌트),계약해제.해지/위약금
2023006938,2023-02-06,여자,65 - 69세,서울특별시,TV홈쇼핑,양복(서양식 의복)세탁,품질(물품/용역)
2023006939,2023-02-06,남자,30 - 39세,전라남도,일반판매,예식서비스,계약해제.해지/위약금
2023006940,2023-02-06,남자,50 - 59세,서울특별시,기타통신판매,항공여객운송서비스,계약해제.해지/위약금
2023006942,2023-02-06,남자,30 - 39세,전라남도,일반판매,자동차대여(렌트),계약불이행(불완전이행)
2023006943,2023-02-06,여자,60 - 64세,인천광역시,일반판매,점퍼·재킷류,품질(물품/용역)
2023006944,2023-02-06,남자,불명,서울특별시,일반판매,운전강습,부당행위
2023006945,2023-02-06,남자,65 - 69세,강원특별자치도,기타,골프회원권,계약불이행(불완전이행)
2023006946,2023-02-06,여자,50 - 59세,경기도,방문판매,중형승용자동차,품질(물품/용역)
2023006947,2023-02-06,남자,40 - 49세,서울특별시,일반판매,자동차대여(렌트),계약해제.해지/위약금
2023006948,2023-02-06,여자,20 - 29세,충청북도,일반판매,헬스장,계약해제.해지/위약금
2023006949,2023-02-06,여자,50 - 59세,부산광역시,일반판매,정수기,계약해제.해지/위약금
2023006950,2023-02-06,남자,40 - 49세,대전광역시,일반판매,싱크대,계약불이행(불완전이행)
2023006951,2023-02-06,남자,30 - 39세,부산광역시,기타통신판매,유사투자자문,계약해제.해지/위약금
2023006952,2023-02-06,여자,40 - 49세,경기도,일반판매,국내여행,계약불이행(불완전이행)
2023006953,2023-02-06,여자,30 - 39세,부산광역시,일반판매,이동전화서비스,계약불이행(불완전이행)
2023006954,2023-02-06,여자,40 - 49세,서울특별시,국내온라인거래,항공여객운송서비스,계약불이행(불완전이행)
2023006955,2023-02-06,남자,70 - 79세,경기도,일반판매,콘도회원권,계약불이행(불완전이행)
2023006956,2023-02-06,여자,65 - 69세,경상북도,기타통신판매,기타건강식품,계약불이행(불완전이행)
2023006957,2023-02-06,남자,20 - 29세,서울특별시,일반판매,헬스장,계약해제.해지/위약금
2023006958,2023-02-06,여자,60 - 64세,경기도,일반판매,자동차대여(렌트),부당행위
2023006959,2023-02-06,여자,50 - 59세,경기도,일반판매,가구세트,AS불만
2023006960,2023-02-06,남자,40 - 49세,경기도,국내온라인거래,샌들·슬리퍼,표시.광고
2023006961,2023-02-06,여자,60 - 64세,경기도,일반판매,기타식탁용품,안전(제품/시설)
2023006962,2023-02-06,남자,65 - 69세,부산광역시,일반판매,건강(암·기타질병)보험,계약불이행(불완전이행)
2023006963,2023-02-06,여자,50 - 59세,경상남도,일반판매,점퍼·재킷류,품질(물품/용역)
2023006964,2023-02-06,남자,40 - 49세,경상북도,국내온라인거래,식탁,청약철회
2023006965,2023-02-06,여자,30 - 39세,대전광역시,소셜커머스(쇼핑),기타정보이용서비스,계약불이행(불완전이행)
2023006966,2023-02-06,여자,40 - 49세,인천광역시,일반판매,프린터,AS불만
2023006967,2023-02-06,여자,30 - 39세,경기도,일반판매,식탁,품질(물품/용역)
2023006968,2023-02-06,남자,30 - 39세,경기도,일반판매,사진촬영,계약불이행(불완전이행)
2023006969,2023-02-06,여자,20 - 29세,경기도,국내온라인거래,노트북컴퓨터,청약철회
2023006971,2023-02-06,남자,40 - 49세,대전광역시,기타,기타스포츠·레저기구·용품,품질(물품/용역)
2023006972,2023-02-06,남자,65 - 69세,서울특별시,일반판매,국외여행,계약불이행(불완전이행)
2023006973,2023-02-06,여자,40 - 49세,서울특별시,일반판매,국외여행,계약불이행(불완전이행)
2023006975,2023-02-06,남자,40 - 49세,경기도,국내온라인거래,기타의류·섬유,계약불이행(불완전이행)
2023006976,2023-02-06,여자,30 - 39세,서울특별시,소셜커머스(쇼핑),펜션,계약불이행(불완전이행)
2023006977,2023-02-06,여자,40 - 49세,인천광역시,국내온라인거래,기타서적음반류,계약불이행(불완전이행)
2023006978,2023-02-06,여자,65 - 69세,경기도,방문판매,건강(암·기타질병)보험,약관
2023006979,2023-02-06,여자,20 - 29세,서울특별시,방문판매,부엌용합성세제,청약철회
2023006980,2023-02-06,남자,20 - 29세,인천광역시,국내온라인거래,스마트폰,청약철회
2023006981,2023-02-06,남자,40 - 49세,경상북도,국내온라인거래,화장지(휴지),청약철회
2023006983,2023-02-06,남자,40 - 49세,서울특별시,모바일거래,기타숙박시설,표시.광고
2023006984,2023-02-06,남자,30 - 39세,경상북도,모바일거래,통신기기주변장치,청약철회
2023006985,2023-02-06,남자,40 - 49세,서울특별시,국내온라인거래,항공여객운송서비스,계약해제.해지/위약금
2023006986,2023-02-06,남자,65 - 69세,경기도,일반판매,IPTV,거래관행
2023006987,2023-02-06,여자,20 - 29세,경상북도,전화권유판매,유사투자자문,계약해제.해지/위약금
2023006988,2023-02-06,여자,60 - 64세,서울특별시,국내온라인거래,싱크대,계약해제.해지/위약금
2023006989,2023-02-06,여자,20 - 29세,대전광역시,일반판매,헬스장,계약해제.해지/위약금
2023006990,2023-02-06,여자,50 - 59세,광주광역시,일반판매,기타건강식품,품질(물품/용역)
2023006992,2023-02-06,여자,40 - 49세,서울특별시,일반판매,점퍼·재킷류,품질(물품/용역)
2023006993,2023-02-06,여자,50 - 59세,서울특별시,국내온라인거래,국외여행,계약해제.해지/위약금
2023006995,2023-02-06,남자,65 - 69세,서울특별시,일반판매,대형승용자동차,품질(물품/용역)
2023006996,2023-02-06,남자,40 - 49세,서울특별시,모바일거래,기타여행,표시.광고
2023006997,2023-02-06,남자,65 - 69세,제주도,일반판매,국외여행,계약해제.해지/위약금
2023006998,2023-02-06,여자,30 - 39세,서울특별시,일반판매,전동킥보드,부당행위
2023006999,2023-02-06,여자,40 - 49세,서울특별시,일반판매,필라테스,계약해제.해지/위약금
2023007000,2023-02-06,여자,30 - 39세,서울특별시,일반판매,양복(서양식 의복)세탁,품질(물품/용역)
2023007001,2023-02-06,여자,70 - 79세,전라남도,기타,정형외과,품질(물품/용역)
2023007002,2023-02-06,남자,65 - 69세,충청남도,기타,정형외과,품질(물품/용역)
2023007003,2023-02-06,남자,50 - 59세,경기도,기타,외과,품질(물품/용역)
2023007004,2023-02-06,남자,40 - 49세,서울특별시,일반판매,대형승용자동차,이자.수수료
2023007005,2023-02-06,남자,50 - 59세,인천광역시,국내온라인거래,전동킥보드,품질(물품/용역)
2023007006,2023-02-06,여자,40 - 49세,서울특별시,기타,인터넷교육서비스,계약해제.해지/위약금
2023007007,2023-02-06,남자,30 - 39세,서울특별시,국내온라인거래,신유형상품권,부당행위
2023007008,2023-02-06,여자,50 - 59세,강원특별자치도,국내온라인거래,숙녀화(구두·부츠 등),품질(물품/용역)
2023007009,2023-02-06,남자,30 - 39세,서울특별시,국내온라인거래,건물청소서비스,품질(물품/용역)
2023007010,2023-02-06,남자,80세이상,경기도,일반판매,양복(서양식 의복)세탁,품질(물품/용역)
2023007012,2023-02-06,여자,50 - 59세,경상북도,기타,음식물처리기대여(렌트),품질(물품/용역)
2023007013,2023-02-06,남자,20 - 29세,서울특별시,일반판매,헬스장,계약불이행(불완전이행)
2023007014,2023-02-06,여자,40 - 49세,경상북도,전화권유판매,유사투자자문,계약해제.해지/위약금
2023007015,2023-02-06,남자,20 - 29세,경기도,일반판매,필라테스,계약해제.해지/위약금
2023007016,2023-02-06,여자,50 - 59세,경기도,일반판매,음식물처리기대여(렌트),계약해제.해지/위약금
2023007017,2023-02-06,여자,40 - 49세,경상북도,일반판매,연금보험,약관
2023007018,2023-02-06,남자,60 - 64세,경기도,기타,택배화물운송서비스,부당행위
2023007019,2023-02-06,여자,20 - 29세,경기도,일반판매,요가,계약해제.해지/위약금
2023007020,2023-02-06,여자,20 - 29세,경기도,일반판매,요가,계약불이행(불완전이행)
2023007021,2023-02-06,남자,10 - 19세,충청남도,모바일거래,모바일게임서비스,무능력자계약
2023007022,2023-02-06,남자,40 - 49세,서울특별시,국내온라인거래,건강침대(흙·돌등),품질(물품/용역)
2023007023,2023-02-06,여자,40 - 49세,세종특별자치시,국내온라인거래,점퍼·재킷류,품질(물품/용역)
2023007024,2023-02-06,여자,30 - 39세,경기도,모바일거래,호텔,청약철회
2023007025,2023-02-06,여자,40 - 49세,서울특별시,일반판매,기타보건·위생용품,품질(물품/용역)
2023007026,2023-02-06,여자,65 - 69세,인천광역시,일반판매,공공시설,가격.요금
2023007027,2023-02-06,남자,60 - 64세,경기도,일반판매,기타사설강습서비스,계약해제.해지/위약금
2023007028,2023-02-06,여자,30 - 39세,충청북도,국내온라인거래,책상,품질(물품/용역)
2023007029,2023-02-06,여자,20 - 29세,경기도,일반판매,헬스장,청약철회
2023007030,2023-02-06,여자,40 - 49세,인천광역시,일반판매,운동화,품질(물품/용역)
2023007031,2023-02-06,여자,10 - 19세,세종특별자치시,일반판매,필라테스,계약해제.해지/위약금
2023007032,2023-02-06,여자,30 - 39세,서울특별시,일반판매,항공여객운송서비스,계약불이행(불완전이행)
2023007033,2023-02-06,여자,60 - 64세,인천광역시,일반판매,셔츠,품질(물품/용역)
2023007034,2023-02-06,여자,40 - 49세,서울특별시,일반판매,애완고양이,품질(물품/용역)
2023007036,2023-02-06,여자,10 - 19세,세종특별자치시,일반판매,필라테스,계약해제.해지/위약금
2023007037,2023-02-06,남자,30 - 39세,경기도,국내온라인거래,기타신발·용품,계약해제.해지/위약금
2023007038,2023-02-06,여자,30 - 39세,울산광역시,국내온라인거래,보석·귀금속,청약철회
2023007039,2023-02-06,남자,20 - 29세,서울특별시,일반판매,헬스장,계약해제.해지/위약금
2023007040,2023-02-06,여자,80세이상,서울특별시,TV홈쇼핑,이불·요,표시.광고
2023007041,2023-02-06,남자,30 - 39세,경기도,국내온라인거래,호텔,표시.광고
2023007042,2023-02-06,여자,20 - 29세,경기도,국내온라인거래,소시지,표시.광고
2023007043,2023-02-06,남자,40 - 49세,경기도,일반판매,변호서비스,계약해제.해지/위약금
2023007044,2023-02-06,남자,70 - 79세,경기도,방문판매,콘도회원권,계약해제.해지/위약금
2023007045,2023-02-06,여자,20 - 29세,광주광역시,일반판매,미용서비스,품질(물품/용역)
2023007046,2023-02-06,남자,30 - 39세,서울특별시,국내온라인거래,호텔,계약불이행(불완전이행)
2023007047,2023-02-06,남자,30 - 39세,서울특별시,국내온라인거래,스마트폰,품질(물품/용역)
2023007048,2023-02-06,여자,20 - 29세,서울특별시,모바일거래,항공여객운송서비스,표시.광고
2023007049,2023-02-06,남자,20 - 29세,전라남도,전화권유판매,모바일정보이용서비스,계약해제.해지/위약금
2023007050,2023-02-06,여자,30 - 39세,충청남도,방문판매,피부·체형관리서비스,청약철회
2023007051,2023-02-06,남자,30 - 39세,경기도,국제온라인거래,국외여행,계약해제.해지/위약금
2023007052,2023-02-06,여자,30 - 39세,제주도,일반판매,골프회원권,계약불이행(불완전이행)
2023007053,2023-02-06,여자,20 - 29세,서울특별시,국내온라인거래,기타간편복,청약철회
2023007054,2023-02-06,여자,40 - 49세,전라북도,전화권유판매,모바일정보이용서비스,계약불이행(불완전이행)
2023007055,2023-02-06,여자,30 - 39세,서울특별시,일반판매,피부·체형관리서비스,계약해제.해지/위약금
2023007056,2023-02-06,남자,50 - 59세,서울특별시,일반판매,김치냉장고,안전(제품/시설)
2023007058,2023-02-06,여자,20 - 29세,서울특별시,일반판매,요가,이자.수수료
2023007059,2023-02-06,남자,40 - 49세,서울특별시,국내온라인거래,각종공연관람,계약해제.해지/위약금
2023007060,2023-02-06,남자,50 - 59세,경기도,방문판매,탁자,품질(물품/용역)
2023007061,2023-02-06,남자,30 - 39세,부산광역시,국내온라인거래,항공여객운송서비스,청약철회
2023007062,2023-02-06,여자,40 - 49세,충청남도,국제온라인거래,항공여객운송서비스,계약해제.해지/위약금
2023007063,2023-02-06,남자,30 - 39세,경기도,전화권유판매,이동전화서비스,청약철회
2023007065,2023-02-06,여자,30 - 39세,서울특별시,방문판매,피부·체형관리서비스,계약해제.해지/위약금
2023007066,2023-02-06,여자,20 - 29세,광주광역시,국내온라인거래,지갑,품질(물품/용역)
2023007067,2023-02-06,남자,50 - 59세,부산광역시,소셜커머스(쇼핑),국외여행,계약불이행(불완전이행)
2023007068,2023-02-06,여자,40 - 49세,서울특별시,국내온라인거래,전화이용서비스,부당채권추심
2023007069,2023-02-06,여자,40 - 49세,인천광역시,국제온라인거래,기타신발·용품,청약철회
2023007070,2023-02-06,남자,50 - 59세,부산광역시,기타통신판매,닭고기,계약해제.해지/위약금
2023007071,2023-02-06,여자,20 - 29세,서울특별시,방문판매,헬스장,계약해제.해지/위약금
2023007072,2023-02-06,여자,40 - 49세,경기도,전화권유판매,전기진공청소기,계약불이행(불완전이행)
2023007073,2023-02-06,남자,40 - 49세,강원특별자치도,국제온라인거래,기타스포츠·레저기구·용품,품질(물품/용역)
2023007074,2023-02-06,남자,50 - 59세,인천광역시,기타,가스보일러,AS불만
2023007075,2023-02-06,남자,50 - 59세,인천광역시,국내온라인거래,국외여행,계약해제.해지/위약금
2023007076,2023-02-06,여자,50 - 59세,경기도,기타통신판매,국외여행,계약불이행(불완전이행)
2023007077,2023-02-06,여자,60 - 64세,부산광역시,국내온라인거래,티셔츠,청약철회
2023007078,2023-02-06,남자,30 - 39세,경상남도,국내온라인거래,모형완구,계약해제.해지/위약금
2023007079,2023-02-06,남자,30 - 39세,서울특별시,일반판매,사진촬영,계약해제.해지/위약금
2023007080,2023-02-06,남자,50 - 59세,경기도,국내온라인거래,점퍼·재킷류,청약철회
2023007081,2023-02-06,여자,50 - 59세,광주광역시,국내온라인거래,기타위생설비,AS불만
2023007082,2023-02-06,남자,50 - 59세,전라남도,국내온라인거래,기타조리기기·기구,품질(물품/용역)
2023007083,2023-02-06,남자,40 - 49세,서울특별시,전화권유판매,모바일정보이용서비스,계약해제.해지/위약금
2023007084,2023-02-06,남자,30 - 39세,부산광역시,일반판매,TV,품질(물품/용역)
2023007085,2023-02-06,남자,30 - 39세,인천광역시,기타,외식,부당행위
2023007086,2023-02-06,남자,60 - 64세,경기도,일반판매,태블릿PC,품질(물품/용역)
2023007087,2023-02-06,여자,30 - 39세,서울특별시,국내온라인거래,항공여객운송서비스,청약철회
2023007088,2023-02-06,여자,40 - 49세,경기도,일반판매,미용서비스,품질(물품/용역)
2023007089,2023-02-06,남자,30 - 39세,서울특별시,기타,인터넷게임서비스,부당행위
2023007090,2023-02-06,여자,40 - 49세,경기도,국제온라인거래,항공여객운송서비스,청약철회
2023007091,2023-02-06,여자,30 - 39세,인천광역시,일반판매,헬스장,계약해제.해지/위약금
2023007092,2023-02-06,여자,30 - 39세,서울특별시,소셜커머스(쇼핑),이동전화서비스,가격.요금
2023007093,2023-02-06,남자,30 - 39세,강원특별자치도,국내온라인거래,닭고기포장육,청약철회
2023007094,2023-02-06,여자,30 - 39세,서울특별시,기타,기타문화·오락시설이용,계약불이행(불완전이행)
2023007095,2023-02-06,남자,30 - 39세,서울특별시,국내온라인거래,넥타이,청약철회
2023007096,2023-02-06,남자,20 - 29세,경기도,방문판매,헬스장,계약해제.해지/위약금
2023007097,2023-02-06,여자,20 - 29세,경기도,일반판매,헬스장,계약해제.해지/위약금
2023007098,2023-02-06,남자,20 - 29세,서울특별시,기타,헬스장,계약해제.해지/위약금
2023007099,2023-02-06,남자,20 - 29세,전라남도,일반판매,무스탕,품질(물품/용역)
2023007100,2023-02-06,남자,30 - 39세,서울특별시,국내온라인거래,식사배달,계약해제.해지/위약금
2023007101,2023-02-06,여자,40 - 49세,울산광역시,기타,기타완구·인형,청약철회
2023007102,2023-02-06,남자,40 - 49세,경기도,소셜커머스(쇼핑),기타신발·용품,품질(물품/용역)
2023007103,2023-02-06,여자,40 - 49세,대구광역시,전화권유판매,전기세탁기,청약철회
2023007104,2023-02-06,남자,30 - 39세,서울특별시,국내온라인거래,외식,계약해제.해지/위약금
2023007105,2023-02-06,남자,20 - 29세,전라남도,국내온라인거래,무스탕,청약철회
2023007106,2023-02-06,여자,40 - 49세,서울특별시,국내온라인거래,기타가구,청약철회
2023007107,2023-02-06,남자,50 - 59세,경기도,모바일거래,티셔츠,청약철회
2023007108,2023-02-06,여자,20 - 29세,부산광역시,기타통신판매,각종자격취득강습,계약해제.해지/위약금
2023007109,2023-02-06,남자,30 - 39세,경기도,국내온라인거래,인쇄서비스,품질(물품/용역)
2023007110,2023-02-06,여자,20 - 29세,인천광역시,방문판매,각종자격취득강습,계약해제.해지/위약금
2023007111,2023-02-06,여자,40 - 49세,경상남도,일반판매,이동전화서비스,가격.요금
2023007112,2023-02-06,여자,20 - 29세,경기도,국내온라인거래,인터넷교육서비스,청약철회
2023007113,2023-02-06,남자,30 - 39세,전라남도,국내온라인거래,기타완구·인형,계약불이행(불완전이행)
2023007114,2023-02-06,여자,30 - 39세,대구광역시,전화권유판매,예식서비스,계약해제.해지/위약금
2023007115,2023-02-06,여자,20 - 29세,제주도,국내온라인거래,스마트폰,계약해제.해지/위약금
2023007116,2023-02-06,여자,50 - 59세,대전광역시,국내온라인거래,기타일반화장품,청약철회
2023007117,2023-02-06,여자,50 - 59세,서울특별시,국제온라인거래,안약,계약불이행(불완전이행)
2023007118,2023-02-06,여자,30 - 39세,광주광역시,일반판매,기타이·미용서비스,계약해제.해지/위약금
2023007119,2023-02-06,여자,40 - 49세,경기도,국내온라인거래,유사투자자문,계약해제.해지/위약금
2023007120,2023-02-06,남자,20 - 29세,서울특별시,소셜커머스(쇼핑),기타건강식품,청약철회
2023007121,2023-02-06,남자,30 - 39세,서울특별시,기타,외식,품질(물품/용역)
2023007122,2023-02-06,남자,50 - 59세,서울특별시,일반판매,안경·안경테,품질(물품/용역)
2023007123,2023-02-06,남자,40 - 49세,경기도,소셜커머스(쇼핑),주거용접착제,품질(물품/용역)
2023007124,2023-02-06,남자,30 - 39세,부산광역시,국내온라인거래,인터넷정보이용서비스,부당행위
2023007125,2023-02-06,여자,40 - 49세,부산광역시,일반판매,일반강습(입시학원등),계약해제.해지/위약금
2023007126,2023-02-06,여자,30 - 39세,서울특별시,국내온라인거래,국외여행,계약해제.해지/위약금
2023007127,2023-02-06,여자,30 - 39세,인천광역시,일반판매,필라테스,계약해제.해지/위약금
2023007201,2023-02-07,여자,50 - 59세,강원특별자치도,일반판매,반포장이사운송서비스,품질(물품/용역)
2023007202,2023-02-07,여자,30 - 39세,경상남도,국내온라인거래,블라우스,계약해제.해지/위약금
2023007203,2023-02-07,남자,50 - 59세,경기도,전화권유판매,실손보험,계약불이행(불완전이행)
2023007204,2023-02-07,남자,30 - 39세,경상북도,일반판매,운동화,품질(물품/용역)
2023007205,2023-02-07,여자,40 - 49세,전라남도,일반판매,양복(서양식 의복)세탁,품질(물품/용역)
2023007206,2023-02-07,남자,50 - 59세,서울특별시,기타,실손보험,계약불이행(불완전이행)
2023007207,2023-02-07,남자,40 - 49세,서울특별시,일반판매,점퍼·재킷류,계약불이행(불완전이행)
2023007208,2023-02-07,남자,50 - 59세,강원특별자치도,일반판매,휠체어,AS불만
2023007209,2023-02-07,여자,30 - 39세,인천광역시,방문판매,소파,계약해제.해지/위약금
2023007210,2023-02-07,남자,20 - 29세,경기도,국내온라인거래,기타자동차부품,청약철회
2023007211,2023-02-07,남자,불명,서울특별시,일반판매,양복(서양식 의복)세탁,품질(물품/용역)
2023007212,2023-02-07,여자,20 - 29세,부산광역시,일반판매,레포츠장비대여(렌트),청약철회
2023007213,2023-02-07,여자,40 - 49세,서울특별시,국내온라인거래,항공여객운송서비스,청약철회
2023007214,2023-02-07,여자,20 - 29세,대구광역시,일반판매,헬스장,계약해제.해지/위약금
2023007215,2023-02-07,남자,40 - 49세,경상남도,국내온라인거래,기타자동차부품,계약해제.해지/위약금
2023007216,2023-02-07,여자,30 - 39세,경기도,일반판매,고시원이용,계약해제.해지/위약금
2023007218,2023-02-07,남자,60 - 64세,부산광역시,일반판매,실손보험,계약불이행(불완전이행)
2023007219,2023-02-07,여자,40 - 49세,경상남도,방문판매,인터넷교육서비스,계약해제.해지/위약금
2023007220,2023-02-07,남자,30 - 39세,서울특별시,방문판매,신사복세트,계약불이행(불완전이행)
2023007221,2023-02-07,남자,30 - 39세,인천광역시,기타,인터넷정보이용서비스,약관
2023007222,2023-02-07,남자,40 - 49세,충청남도,기타,기타가구,계약불이행(불완전이행)
2023007223,2023-02-07,여자,50 - 59세,부산광역시,일반판매,실손보험,계약불이행(불완전이행)
2023007224,2023-02-07,남자,40 - 49세,서울특별시,일반판매,기타어패류·어패류가공식품,거래관행
2023007225,2023-02-07,남자,20 - 29세,울산광역시,국내온라인거래,항공여객운송서비스,청약철회
2023007226,2023-02-07,여자,40 - 49세,서울특별시,기타,이동전화서비스,계약불이행(불완전이행)
2023007227,2023-02-07,남자,20 - 29세,대구광역시,국내온라인거래,책상,가격.요금
2023007228,2023-02-07,여자,20 - 29세,경기도,일반판매,고시원이용,품질(물품/용역)
2023007229,2023-02-07,남자,40 - 49세,경기도,국내온라인거래,스마트폰,품질(물품/용역)
2023007230,2023-02-07,여자,불명,경기도,일반판매,호텔,계약해제.해지/위약금
2023007231,2023-02-07,남자,50 - 59세,제주도,기타통신판매,유사투자자문,계약불이행(불완전이행)
2023007232,2023-02-07,여자,20 - 29세,서울특별시,일반판매,외식,표시.광고
2023007233,2023-02-07,남자,40 - 49세,전라북도,일반판매,가스보일러,품질(물품/용역)
2023007234,2023-02-07,남자,불명,서울특별시,일반판매,가스보일러,품질(물품/용역)
2023007235,2023-02-07,남자,30 - 39세,서울특별시,국내온라인거래,항공여객운송서비스,품질(물품/용역)
2023007236,2023-02-07,여자,40 - 49세,인천광역시,국내온라인거래,쇠고기,청약철회
2023007237,2023-02-07,여자,30 - 39세,경기도,모바일거래,기타책상·테이블류,품질(물품/용역)
2023007238,2023-02-07,남자,40 - 49세,서울특별시,일반판매,식탁,품질(물품/용역)
2023007239,2023-02-07,남자,40 - 49세,서울특별시,국내온라인거래,가위,품질(물품/용역)
2023007240,2023-02-07,남자,70 - 79세,대구광역시,일반판매,상품권,부당행위
2023007241,2023-02-07,남자,40 - 49세,서울특별시,국내온라인거래,남성용내의류,계약불이행(불완전이행)
2023007242,2023-02-07,남자,65 - 69세,경상북도,일반판매,침대,품질(물품/용역)
2023007244,2023-02-07,여자,40 - 49세,부산광역시,기타통신판매,이동전화서비스,계약불이행(불완전이행)
2023007245,2023-02-07,여자,20 - 29세,서울특별시,국내온라인거래,점퍼·재킷류,품질(물품/용역)
2023007246,2023-02-07,남자,30 - 39세,충청남도,기타,전기온수장판,안전(제품/시설)
2023007247,2023-02-07,남자,50 - 59세,경기도,전화권유판매,인터넷정보이용서비스,계약해제.해지/위약금
2023007248,2023-02-07,여자,30 - 39세,경기도,일반판매,애완견,계약불이행(불완전이행)
2023007249,2023-02-07,남자,30 - 39세,서울특별시,국내온라인거래,꽃·화초·화환,표시.광고
2023007250,2023-02-07,여자,40 - 49세,서울특별시,일반판매,점퍼·재킷류,품질(물품/용역)
2023007251,2023-02-07,여자,40 - 49세,경상북도,방문판매,국내결혼중개,계약불이행(불완전이행)
2023007252,2023-02-07,남자,60 - 64세,서울특별시,기타,"OTT서비스(넷플릭스,왓챠 등)",부당행위
2023007253,2023-02-07,남자,60 - 64세,서울특별시,국내온라인거래,호텔,계약해제.해지/위약금
2023007254,2023-02-07,남자,20 - 29세,전라북도,국내온라인거래,기타문화·오락시설이용,계약해제.해지/위약금
2023007255,2023-02-07,여자,40 - 49세,서울특별시,국내온라인거래,니트(스웨터),계약불이행(불완전이행)
2023007256,2023-02-07,여자,40 - 49세,대전광역시,일반판매,양복(서양식 의복)세탁,품질(물품/용역)
2023007257,2023-02-07,여자,40 - 49세,전라북도,국내온라인거래,기타가사용품,계약불이행(불완전이행)
2023007258,2023-02-07,여자,40 - 49세,경기도,국내온라인거래,보석·귀금속,청약철회
2023007259,2023-02-07,남자,30 - 39세,대전광역시,모바일거래,스마트폰,가격.요금
2023007260,2023-02-07,여자,30 - 39세,서울특별시,일반판매,양복(서양식 의복)세탁,품질(물품/용역)
2023007261,2023-02-07,남자,65 - 69세,서울특별시,국내온라인거래,국외여행,계약불이행(불완전이행)
2023007262,2023-02-07,여자,50 - 59세,경기도,일반판매,양복(서양식 의복)세탁,품질(물품/용역)
2023007263,2023-02-07,여자,30 - 39세,전라북도,소셜커머스(쇼핑),기타자동차용품,AS불만
2023007264,2023-02-07,남자,40 - 49세,대전광역시,국내온라인거래,영화관람,표시.광고
2023007265,2023-02-07,여자,40 - 49세,충청남도,기타통신판매,인터넷교육서비스,계약해제.해지/위약금
2023007266,2023-02-07,남자,불명,서울특별시,국내온라인거래,모바일게임서비스,청약철회
2023007267,2023-02-07,여자,30 - 39세,인천광역시,일반판매,예식서비스,계약해제.해지/위약금
2023007268,2023-02-07,여자,40 - 49세,대전광역시,일반판매,양복(서양식 의복)세탁,품질(물품/용역)
2023007269,2023-02-07,여자,40 - 49세,대전광역시,일반판매,양복(서양식 의복)세탁,품질(물품/용역)
2023007270,2023-02-07,여자,30 - 39세,대전광역시,일반판매,신경외과,품질(물품/용역)
2023007272,2023-02-07,남자,30 - 39세,서울특별시,일반판매,피부과,품질(물품/용역)
2023007273,2023-02-07,여자,60 - 64세,경기도,일반판매,정형외과,품질(물품/용역)
2023007274,2023-02-07,여자,70 - 79세,경기도,기타,국외여행,계약불이행(불완전이행)
2023007275,2023-02-07,여자,30 - 39세,서울특별시,국내온라인거래,핸드백,품질(물품/용역)
2023007277,2023-02-07,남자,20 - 29세,서울특별시,기타,헬스장,계약해제.해지/위약금
2023007278,2023-02-07,여자,50 - 59세,경상북도,일반판매,양복(서양식 의복)세탁,품질(물품/용역)
2023007279,2023-02-07,여자,30 - 39세,부산광역시,일반판매,숙녀화(구두·부츠 등),품질(물품/용역)
2023007280,2023-02-07,남자,60 - 64세,울산광역시,일반판매,초고속인터넷,계약불이행(불완전이행)
2023007282,2023-02-07,남자,40 - 49세,서울특별시,일반판매,정형외과,품질(물품/용역)
2023007283,2023-02-07,여자,50 - 59세,서울특별시,국내온라인거래,기타가사용품,품질(물품/용역)
2023007284,2023-02-07,남자,40 - 49세,서울특별시,TV홈쇼핑,전기구강세정기,표시.광고
2023007285,2023-02-07,여자,50 - 59세,전라남도,일반판매,초고속인터넷,계약해제.해지/위약금
2023007287,2023-02-07,남자,40 - 49세,경기도,국내온라인거래,냉장고,계약불이행(불완전이행)
2023007288,2023-02-07,여자,50 - 59세,경상남도,일반판매,양복(서양식 의복)세탁,품질(물품/용역)
2023007289,2023-02-07,여자,50 - 59세,경상남도,일반판매,양복(서양식 의복)세탁,품질(물품/용역)
2023007290,2023-02-07,남자,40 - 49세,경기도,일반판매,룸에어컨,품질(물품/용역)
2023007291,2023-02-07,여자,60 - 64세,울산광역시,일반판매,실손보험,계약불이행(불완전이행)
2023007292,2023-02-07,남자,20 - 29세,경상북도,국내온라인거래,닭고기포장육,품질(물품/용역)
2023007293,2023-02-07,여자,70 - 79세,경기도,일반판매,스웨터,품질(물품/용역)
2023007294,2023-02-07,남자,20 - 29세,경기도,일반판매,운동화,품질(물품/용역)
2023007295,2023-02-07,여자,20 - 29세,서울특별시,일반판매,요가,계약불이행(불완전이행)
2023007296,2023-02-07,여자,20 - 29세,서울특별시,국내온라인거래,기타문화·오락시설이용,계약불이행(불완전이행)
2023007297,2023-02-07,여자,30 - 39세,인천광역시,전화권유판매,유사투자자문,계약해제.해지/위약금
2023007298,2023-02-07,여자,40 - 49세,서울특별시,기타,헬스장,계약해제.해지/위약금
2023007299,2023-02-07,여자,20 - 29세,서울특별시,국내온라인거래,통신기기케이스,품질(물품/용역)
2023007300,2023-02-07,여자,20 - 29세,경상남도,모바일거래,신유형상품권,부당행위
2023007302,2023-02-07,남자,50 - 59세,강원특별자치도,국내온라인거래,노트북컴퓨터,AS불만
2023007303,2023-02-07,여자,40 - 49세,서울특별시,기타통신판매,스마트폰,품질(물품/용역)
2023007305,2023-02-07,여자,50 - 59세,충청남도,일반판매,머플러,품질(물품/용역)
2023007306,2023-02-07,남자,30 - 39세,서울특별시,일반판매,헬스장,계약해제.해지/위약금
2023007307,2023-02-07,남자,40 - 49세,경기도,일반판매,헬스장,청약철회
2023007308,2023-02-07,남자,50 - 59세,서울특별시,일반판매,국외여행,계약불이행(불완전이행)
2023007309,2023-02-07,여자,40 - 49세,경기도,일반판매,신발세탁,계약불이행(불완전이행)
2023007310,2023-02-07,남자,30 - 39세,경상남도,일반판매,건강(암·기타질병)보험,약관
2023007311,2023-02-07,여자,50 - 59세,서울특별시,국내온라인거래,신용카드,표시.광고
2023007312,2023-02-07,남자,30 - 39세,경기도,일반판매,예식서비스,계약해제.해지/위약금
2023007313,2023-02-07,남자,40 - 49세,강원특별자치도,전화권유판매,유사투자자문,계약해제.해지/위약금
2023007314,2023-02-07,여자,60 - 64세,경기도,일반판매,생활패션화(슬립온·아쿠아슈즈·장화·작업화 등),품질(물품/용역)
2023007315,2023-02-07,남자,50 - 59세,경상남도,일반판매,운동화,품질(물품/용역)
2023007316,2023-02-07,남자,60 - 64세,대구광역시,일반판매,보청기,품질(물품/용역)
2023007317,2023-02-07,여자,50 - 59세,경기도,일반판매,머플러,품질(물품/용역)
2023007318,2023-02-07,여자,40 - 49세,경기도,국내온라인거래,인터넷교육서비스,표시.광고
2023007319,2023-02-07,남자,40 - 49세,경기도,일반판매,예식서비스,계약해제.해지/위약금
2023007320,2023-02-07,남자,60 - 64세,대전광역시,일반판매,신발세탁,계약불이행(불완전이행)
2023007321,2023-02-07,남자,20 - 29세,부산광역시,기타,신발세탁,계약불이행(불완전이행)
2023007322,2023-02-07,여자,40 - 49세,경기도,국내온라인거래,전기장판,품질(물품/용역)
2023007323,2023-02-07,여자,40 - 49세,서울특별시,기타통신판매,인터넷교육서비스,계약해제.해지/위약금
2023007324,2023-02-07,남자,20 - 29세,경기도,모바일거래,소파,품질(물품/용역)
2023007325,2023-02-07,남자,65 - 69세,서울특별시,일반판매,기타건강식품,계약불이행(불완전이행)
2023007327,2023-02-07,여자,40 - 49세,부산광역시,일반판매,숙녀화(구두·부츠 등),품질(물품/용역)
2023007328,2023-02-07,남자,60 - 64세,광주광역시,일반판매,상해보험,약관
2023007329,2023-02-07,남자,40 - 49세,경기도,일반판매,기타옥외장비·설비,계약불이행(불완전이행)
2023007330,2023-02-07,남자,50 - 59세,서울특별시,일반판매,안경·안경테,품질(물품/용역)
2023007331,2023-02-07,남자,30 - 39세,경상남도,국내온라인거래,전기장판,안전(제품/시설)
2023007332,2023-02-07,남자,20 - 29세,서울특별시,일반판매,헬스장,계약해제.해지/위약금
2023007333,2023-02-07,남자,40 - 49세,서울특별시,방문판매,애완견,청약철회
2023007334,2023-02-07,여자,40 - 49세,대전광역시,일반판매,기타모피·가죽의류,품질(물품/용역)
2023007335,2023-02-07,여자,50 - 59세,경상남도,일반판매,기타인테리어설비,품질(물품/용역)
2023007336,2023-02-07,남자,50 - 59세,경상남도,일반판매,양복(서양식 의복)세탁,계약불이행(불완전이행)
2023007337,2023-02-07,여자,40 - 49세,전라남도,국내온라인거래,기타숙박시설,표시.광고
2023007338,2023-02-07,여자,60 - 64세,경기도,일반판매,이불·요,품질(물품/용역)
2023007339,2023-02-07,남자,50 - 59세,광주광역시,일반판매,운동화,품질(물품/용역)
2023007340,2023-02-07,여자,40 - 49세,경기도,방문판매,헬스장,계약해제.해지/위약금
2023007341,2023-02-07,남자,40 - 49세,광주광역시,일반판매,점퍼·재킷류,품질(물품/용역)
2023007342,2023-02-07,남자,40 - 49세,대구광역시,일반판매,아파트,품질(물품/용역)
2023007343,2023-02-07,여자,50 - 59세,경기도,일반판매,니트(스웨터),품질(물품/용역)
2023007344,2023-02-07,여자,40 - 49세,경기도,일반판매,종합체육시설회원권,계약해제.해지/위약금
2023007345,2023-02-07,남자,30 - 39세,경기도,일반판매,헬스장,품질(물품/용역)
2023007346,2023-02-07,남자,20 - 29세,서울특별시,방문판매,헬스장,품질(물품/용역)
2023007347,2023-02-07,여자,30 - 39세,경기도,일반판매,운동화,품질(물품/용역)
2023007348,2023-02-07,남자,40 - 49세,서울특별시,일반판매,양복(서양식 의복)세탁,품질(물품/용역)
2023007350,2023-02-07,여자,30 - 39세,부산광역시,국내온라인거래,한복세탁,품질(물품/용역)
2023007351,2023-02-07,여자,30 - 39세,서울특별시,일반판매,원피스,품질(물품/용역)
2023007352,2023-02-07,남자,20 - 29세,충청남도,기타,필라테스,계약해제.해지/위약금
2023007354,2023-02-07,여자,65 - 69세,대구광역시,TV홈쇼핑,점퍼·재킷류,품질(물품/용역)
2023007355,2023-02-07,여자,50 - 59세,부산광역시,일반판매,양복(서양식 의복)세탁,품질(물품/용역)
2023007356,2023-02-07,남자,60 - 64세,경기도,기타,기타의료서비스,품질(물품/용역)
2023007357,2023-02-07,여자,20 - 29세,광주광역시,기타,애완동물이·미용서비스,가격.요금
2023007358,2023-02-07,여자,20 - 29세,울산광역시,모바일거래,국외여행,계약불이행(불완전이행)
2023007359,2023-02-07,남자,20 - 29세,경기도,일반판매,레포츠장비대여(렌트),청약철회
2023007360,2023-02-07,여자,20 - 29세,충청남도,방문판매,국내결혼중개,부당행위
2023007361,2023-02-07,여자,40 - 49세,경기도,방문판매,인터넷교육서비스,계약해제.해지/위약금
2023007362,2023-02-07,여자,30 - 39세,부산광역시,소셜커머스(쇼핑),가습기,품질(물품/용역)
2023007363,2023-02-07,여자,30 - 39세,서울특별시,모바일거래,숙녀복세트,청약철회
2023007364,2023-02-07,남자,30 - 39세,경기도,국내온라인거래,항공여객운송서비스,청약철회
2023007365,2023-02-07,남자,30 - 39세,서울특별시,국제온라인거래,항공여객운송서비스,계약해제.해지/위약금
2023007366,2023-02-07,남자,40 - 49세,경기도,소셜커머스(쇼핑),기타가정용공구,표시.광고
2023007367,2023-02-07,남자,50 - 59세,서울특별시,국내온라인거래,캐주얼바지,청약철회
2023007368,2023-02-07,남자,20 - 29세,경기도,전화권유판매,기타매체광고,청약철회
2023007369,2023-02-07,남자,40 - 49세,서울특별시,소셜커머스(쇼핑),태블릿PC,표시.광고
2023007370,2023-02-07,여자,40 - 49세,인천광역시,일반판매,식탁,계약해제.해지/위약금
2023007371,2023-02-07,여자,20 - 29세,인천광역시,방문판매,필라테스,계약해제.해지/위약금
2023007372,2023-02-07,남자,40 - 49세,서울특별시,국내온라인거래,전기진공청소기,품질(물품/용역)
2023007373,2023-02-07,남자,40 - 49세,전라남도,기타,정수기대여(렌트),계약불이행(불완전이행)
2023007374,2023-02-07,여자,20 - 29세,경기도,기타,골프회원권,계약해제.해지/위약금
2023007375,2023-02-07,남자,40 - 49세,경기도,방문판매,헬스장,계약해제.해지/위약금
2023007376,2023-02-07,여자,30 - 39세,서울특별시,일반판매,헬스장,계약해제.해지/위약금
2023007377,2023-02-07,남자,50 - 59세,경상북도,모바일거래,항공여객운송서비스,계약불이행(불완전이행)
2023007378,2023-02-07,여자,30 - 39세,인천광역시,방문판매,종합체육시설회원권,계약해제.해지/위약금
2023007379,2023-02-07,여자,30 - 39세,대구광역시,일반판매,고시원이용,계약해제.해지/위약금
2023007380,2023-02-07,남자,20 - 29세,충청북도,전화권유판매,인터넷정보이용서비스,청약철회
2023007381,2023-02-07,여자,30 - 39세,서울특별시,일반판매,기타숙박시설,계약해제.해지/위약금
2023007382,2023-02-07,여자,30 - 39세,강원특별자치도,방문판매,헬스장,계약해제.해지/위약금
2023007383,2023-02-07,여자,50 - 59세,서울특별시,기타,호텔,계약해제.해지/위약금
2023007384,2023-02-07,남자,20 - 29세,서울특별시,국내온라인거래,외식,계약해제.해지/위약금
2023007385,2023-02-07,남자,20 - 29세,서울특별시,일반판매,안경·안경테,품질(물품/용역)
2023007386,2023-02-07,여자,60 - 64세,경기도,기타,우유,품질(물품/용역)
2023007387,2023-02-07,남자,30 - 39세,경기도,국내온라인거래,TV,품질(물품/용역)
2023007388,2023-02-07,남자,40 - 49세,경상남도,기타통신판매,기타의류·섬유,계약해제.해지/위약금
2023007389,2023-02-07,남자,40 - 49세,부산광역시,전화권유판매,인터넷정보이용서비스,계약불이행(불완전이행)
2023007390,2023-02-07,남자,30 - 39세,전라북도,일반판매,화장실설비,AS불만
2023007391,2023-02-07,남자,30 - 39세,대구광역시,국제온라인거래,택배화물운송서비스,계약불이행(불완전이행)
2023007392,2023-02-07,여자,30 - 39세,세종특별자치시,국내온라인거래,노트북컴퓨터,표시.광고
2023007393,2023-02-07,남자,30 - 39세,서울특별시,국내온라인거래,컵,청약철회
2023007394,2023-02-07,남자,30 - 39세,서울특별시,국내온라인거래,항공여객운송서비스,계약해제.해지/위약금
2023007395,2023-02-07,남자,40 - 49세,경기도,소셜커머스(쇼핑),냉장고,품질(물품/용역)
2023007396,2023-02-07,여자,30 - 39세,대구광역시,국내온라인거래,모피·모피의류,계약불이행(불완전이행)
2023007397,2023-02-07,여자,40 - 49세,부산광역시,방문판매,애완견,계약해제.해지/위약금
2023007398,2023-02-07,여자,30 - 39세,경기도,국내온라인거래,기타사설강습서비스,계약해제.해지/위약금
2023007399,2023-02-07,남자,20 - 29세,경상북도,국내온라인거래,기타건강식품,표시.광고
2023007400,2023-02-07,남자,40 - 49세,인천광역시,국내온라인거래,캐주얼바지,청약철회
2023007401,2023-02-07,남자,30 - 39세,부산광역시,국내온라인거래,공기청정기,계약해제.해지/위약금
2023007402,2023-02-07,여자,30 - 39세,경기도,기타통신판매,기타신발·용품,청약철회
2023007403,2023-02-07,남자,30 - 39세,인천광역시,전화권유판매,기타자동차용품,AS불만
2023007404,2023-02-07,남자,20 - 29세,경기도,전화권유판매,기타매체광고,계약해제.해지/위약금
2023007405,2023-02-07,여자,30 - 39세,서울특별시,TV홈쇼핑,국외여행,계약해제.해지/위약금
2023007406,2023-02-07,여자,40 - 49세,강원특별자치도,일반판매,기타음식관련서비스,부당행위
2023007407,2023-02-07,남자,40 - 49세,경기도,소셜커머스(쇼핑),TV,계약불이행(불완전이행)
2023007408,2023-02-07,여자,30 - 39세,서울특별시,기타통신판매,해외유학알선,계약해제.해지/위약금
2023007409,2023-02-07,여자,40 - 49세,전라남도,국내온라인거래,기타의류·섬유,계약불이행(불완전이행)
2023007410,2023-02-07,남자,20 - 29세,전라북도,국내온라인거래,국외여행,청약철회
2023007411,2023-02-07,남자,30 - 39세,서울특별시,국내온라인거래,기타완구·인형,청약철회
2023007412,2023-02-07,남자,40 - 49세,경기도,일반판매,기타책상·테이블류,표시.광고
2023007413,2023-02-07,여자,20 - 29세,광주광역시,기타,필라테스,부당행위
2023007414,2023-02-07,여자,30 - 39세,서울특별시,일반판매,요가,계약해제.해지/위약금
2023007415,2023-02-07,여자,30 - 39세,부산광역시,방문판매,인터넷교육서비스,계약해제.해지/위약금
2023007416,2023-02-07,여자,40 - 49세,경기도,기타통신판매,정수기대여(렌트),품질(물품/용역)
2023007417,2023-02-07,여자,40 - 49세,서울특별시,국내온라인거래,아동복,청약철회
2023007418,2023-02-07,여자,40 - 49세,대구광역시,기타,공부방이용,계약해제.해지/위약금
2023007419,2023-02-07,남자,30 - 39세,강원특별자치도,국내온라인거래,기타음향기기,청약철회
2023007420,2023-02-07,남자,80세이상,대전광역시,TV홈쇼핑,기타건강식품,계약해제.해지/위약금
2023007421,2023-02-07,남자,50 - 59세,서울특별시,국내온라인거래,TV,AS불만
2023007422,2023-02-07,남자,20 - 29세,서울특별시,국내온라인거래,항공여객운송서비스,청약철회
2023007423,2023-02-07,여자,30 - 39세,서울특별시,국내온라인거래,기타알선·중개·번역서비스,계약해제.해지/위약금
2023007424,2023-02-07,여자,30 - 39세,경상남도,국내온라인거래,수저,품질(물품/용역)
2023007425,2023-02-07,여자,20 - 29세,경상북도,국내온라인거래,무스탕,청약철회
2023007427,2023-02-07,여자,30 - 39세,서울특별시,모바일거래,호텔,청약철회
2023007428,2023-02-07,여자,30 - 39세,서울특별시,국내온라인거래,인쇄서비스,품질(물품/용역)
2023007429,2023-02-07,남자,20 - 29세,경기도,방문판매,헬스장,계약해제.해지/위약금
2023007430,2023-02-07,여자,30 - 39세,서울특별시,모바일거래,철도여객운송서비스,계약해제.해지/위약금
2023007431,2023-02-07,여자,40 - 49세,경기도,일반판매,애완견,청약철회
2023007432,2023-02-07,남자,65 - 69세,서울특별시,기타,스마트폰,AS불만
2023007433,2023-02-07,남자,20 - 29세,서울특별시,방문판매,헬스장,계약해제.해지/위약금
2023007434,2023-02-07,남자,40 - 49세,경기도,국내온라인거래,형광등,품질(물품/용역)
2023007435,2023-02-07,여자,30 - 39세,서울특별시,기타,사진촬영,부당행위
2023007436,2023-02-07,여자,50 - 59세,인천광역시,일반판매,즉석조리식품,품질(물품/용역)
2023007437,2023-02-07,여자,50 - 59세,부산광역시,방문판매,오피스텔,계약불이행(불완전이행)
2023007438,2023-02-08,남자,40 - 49세,충청남도,국내온라인거래,프린터,품질(물품/용역)
2023007439,2023-02-08,여자,40 - 49세,경기도,일반판매,자동차수리·점검,AS불만
2023007440,2023-02-08,여자,50 - 59세,서울특별시,국내온라인거래,시계,청약철회
2023007441,2023-02-08,남자,40 - 49세,경상남도,일반판매,자동차수리·점검,AS불만
2023007442,2023-02-08,여자,10 - 19세,부산광역시,모바일거래,교통카드,계약불이행(불완전이행)
2023007446,2023-02-08,여자,30 - 39세,서울특별시,국내온라인거래,점퍼·재킷류,표시.광고
2023007447,2023-02-08,남자,30 - 39세,충청북도,전화권유판매,인터넷정보이용서비스,계약해제.해지/위약금
2023007448,2023-02-08,여자,40 - 49세,경상북도,기타통신판매,기타컴퓨터·주변기기,청약철회
2023007449,2023-02-08,여자,불명,대구광역시,모바일거래,여관(모텔),계약해제.해지/위약금
2023007450,2023-02-08,여자,20 - 29세,서울특별시,국내온라인거래,기타신발·용품,청약철회
2023007451,2023-02-08,남자,30 - 39세,경기도,일반판매,자동차수리·점검,계약불이행(불완전이행)
2023007452,2023-02-08,여자,60 - 64세,제주도,국내온라인거래,항공여객운송서비스,계약불이행(불완전이행)
2023007453,2023-02-08,남자,20 - 29세,경기도,소셜커머스(쇼핑),안경·안경테,품질(물품/용역)
2023007454,2023-02-08,남자,50 - 59세,경기도,일반판매,다목적승용차,품질(물품/용역)
2023007455,2023-02-08,남자,40 - 49세,서울특별시,일반판매,이동전화서비스,청약철회
2023007456,2023-02-08,남자,20 - 29세,강원특별자치도,기타통신판매,국외여행,계약해제.해지/위약금
2023007457,2023-02-08,남자,60 - 64세,충청남도,일반판매,치과,품질(물품/용역)
2023007458,2023-02-08,여자,30 - 39세,서울특별시,국내온라인거래,기타조명기기,품질(물품/용역)
2023007459,2023-02-08,여자,40 - 49세,서울특별시,국내온라인거래,소파,청약철회
2023007460,2023-02-08,여자,40 - 49세,서울특별시,일반판매,미용서비스,품질(물품/용역)
2023007461,2023-02-08,남자,30 - 39세,서울특별시,국내온라인거래,점퍼·재킷류,청약철회
2023007462,2023-02-08,여자,40 - 49세,경상북도,국내온라인거래,책상,청약철회
2023007463,2023-02-08,남자,40 - 49세,인천광역시,국내온라인거래,보석·귀금속,청약철회
2023007464,2023-02-08,여자,40 - 49세,경기도,일반판매,"OTT서비스(넷플릭스,왓챠 등)",약관
2023007465,2023-02-08,남자,50 - 59세,인천광역시,방문판매,국외여행,계약해제.해지/위약금
2023007466,2023-02-08,여자,40 - 49세,경기도,국내온라인거래,정수기대여(렌트),계약해제.해지/위약금
2023007467,2023-02-08,남자,30 - 39세,서울특별시,국내온라인거래,항공여객운송서비스,계약해제.해지/위약금
2023007468,2023-02-08,남자,60 - 64세,서울특별시,일반판매,스마트폰,부당행위
2023007470,2023-02-08,남자,30 - 39세,울산광역시,일반판매,티셔츠,품질(물품/용역)
2023007471,2023-02-08,여자,40 - 49세,경기도,일반판매,코트,품질(물품/용역)
2023007472,2023-02-08,여자,30 - 39세,서울특별시,국내온라인거래,기타일반화장품,계약해제.해지/위약금
2023007473,2023-02-08,여자,50 - 59세,경상북도,일반판매,기타주거관리설비,품질(물품/용역)
2023007474,2023-02-08,남자,30 - 39세,서울특별시,국내온라인거래,핸드백,품질(물품/용역)
2023007476,2023-02-08,남자,40 - 49세,경기도,국내온라인거래,시스템에어컨,계약해제.해지/위약금
2023007477,2023-02-08,남자,30 - 39세,서울특별시,국내온라인거래,의류관리기(스타일러 등),품질(물품/용역)
2023007478,2023-02-08,남자,10 - 19세,경기도,일반판매,교통카드,청약철회
2023007479,2023-02-08,남자,40 - 49세,충청북도,일반판매,중형승용자동차,품질(물품/용역)
2023007480,2023-02-08,여자,30 - 39세,경기도,소셜커머스(쇼핑),전기진공청소기,AS불만
2023007481,2023-02-08,남자,40 - 49세,서울특별시,국내온라인거래,노트북컴퓨터,청약철회
2023007482,2023-02-08,남자,40 - 49세,대구광역시,일반판매,즉석조리식품,품질(물품/용역)
2023007484,2023-02-08,남자,30 - 39세,서울특별시,일반판매,예식서비스,계약해제.해지/위약금
2023007485,2023-02-08,남자,30 - 39세,서울특별시,기타통신판매,모바일정보이용서비스,약관
2023007486,2023-02-08,여자,30 - 39세,경상북도,일반판매,양복(서양식 의복)세탁,품질(물품/용역)
2023007487,2023-02-08,여자,20 - 29세,경기도,국내온라인거래,핸드백,품질(물품/용역)
2023007488,2023-02-08,여자,40 - 49세,경상남도,국내온라인거래,캐주얼바지,표시.광고
2023007489,2023-02-08,여자,40 - 49세,경상남도,일반판매,헬스장,계약해제.해지/위약금
2023007490,2023-02-08,여자,30 - 39세,서울특별시,일반판매,기타의류·섬유,청약철회
2023007491,2023-02-08,여자,40 - 49세,경기도,일반판매,양복(서양식 의복)세탁,품질(물품/용역)
2023007492,2023-02-08,남자,60 - 64세,인천광역시,일반판매,기타인테리어설비,AS불만
2023007493,2023-02-08,남자,50 - 59세,인천광역시,일반판매,의료용구대여(렌트),계약해제.해지/위약금
2023007494,2023-02-08,여자,30 - 39세,경기도,국내온라인거래,보석·귀금속,품질(물품/용역)
2023007495,2023-02-08,여자,40 - 49세,경기도,기타통신판매,기타가방,계약불이행(불완전이행)
2023007496,2023-02-08,여자,불명,인천광역시,TV홈쇼핑,음식물처리기,품질(물품/용역)
2023007497,2023-02-08,여자,30 - 39세,서울특별시,국내온라인거래,전기장판,품질(물품/용역)
2023007498,2023-02-08,여자,60 - 64세,서울특별시,일반판매,핸드백,품질(물품/용역)
2023007499,2023-02-08,남자,20 - 29세,인천광역시,소셜커머스(쇼핑),기타건강식품,안전(제품/시설)
2023007500,2023-02-08,여자,40 - 49세,서울특별시,일반판매,애완고양이,계약해제.해지/위약금
2023007501,2023-02-08,여자,40 - 49세,경기도,일반판매,요가,계약해제.해지/위약금
2023007502,2023-02-08,여자,40 - 49세,경기도,일반판매,"연회서비스(돌잔치,회갑 등)",계약해제.해지/위약금
2023007503,2023-02-08,남자,불명,경기도,일반판매,자동차주차장,가격.요금
2023007504,2023-02-08,남자,20 - 29세,부산광역시,일반판매,스마트폰,품질(물품/용역)
2023007505,2023-02-08,남자,20 - 29세,부산광역시,일반판매,양복(서양식 의복)세탁,품질(물품/용역)
2023007506,2023-02-08,남자,50 - 59세,광주광역시,일반판매,외식,안전(제품/시설)
2023007507,2023-02-08,여자,불명,서울특별시,일반판매,점퍼·재킷류,품질(물품/용역)
2023007508,2023-02-08,여자,40 - 49세,서울특별시,기타통신판매,노인복지,계약해제.해지/위약금
2023007509,2023-02-08,남자,50 - 59세,서울특별시,일반판매,가스보일러,AS불만
2023007510,2023-02-08,여자,30 - 39세,경기도,일반판매,자동차수리·점검,부당행위
2023007511,2023-02-08,남자,70 - 79세,경상북도,전화권유판매,인터넷정보이용서비스,계약해제.해지/위약금
2023007512,2023-02-08,여자,50 - 59세,경기도,일반판매,요가,품질(물품/용역)
2023007513,2023-02-08,여자,60 - 64세,서울특별시,일반판매,니트(스웨터),품질(물품/용역)
2023007514,2023-02-08,여자,40 - 49세,경기도,일반판매,헬스장,계약불이행(불완전이행)
2023007515,2023-02-08,남자,20 - 29세,경기도,기타,헬스장,계약해제.해지/위약금
2023007516,2023-02-08,남자,30 - 39세,인천광역시,기타,모바일정보이용서비스,청약철회
2023007517,2023-02-08,남자,50 - 59세,서울특별시,국내온라인거래,항공여객운송서비스,청약철회
2023007518,2023-02-08,남자,60 - 64세,경기도,국내온라인거래,항공여객운송서비스,청약철회
2023007519,2023-02-08,남자,40 - 49세,서울특별시,일반판매,헬스장,계약해제.해지/위약금
2023007520,2023-02-08,여자,40 - 49세,대전광역시,일반판매,보석·귀금속,품질(물품/용역)
2023007521,2023-02-08,여자,40 - 49세,울산광역시,모바일거래,음식물처리기대여(렌트),계약해제.해지/위약금
2023007522,2023-02-08,여자,50 - 59세,서울특별시,TV홈쇼핑,음식물처리기대여(렌트),품질(물품/용역)
2023007523,2023-02-08,여자,20 - 29세,경기도,일반판매,헬스장,계약해제.해지/위약금
2023007524,2023-02-08,남자,40 - 49세,서울특별시,국내온라인거래,전기장판,품질(물품/용역)
2023007525,2023-02-08,여자,50 - 59세,경상북도,일반판매,김치냉장고,품질(물품/용역)
2023007526,2023-02-08,여자,40 - 49세,대구광역시,일반판매,기타의류·섬유,계약불이행(불완전이행)
2023007527,2023-02-08,남자,40 - 49세,경기도,일반판매,피부과,품질(물품/용역)
2023007528,2023-02-08,여자,60 - 64세,경기도,일반판매,기타민영보험,약관
2023007529,2023-02-08,여자,60 - 64세,경기도,일반판매,기타민영보험,약관
2023007530,2023-02-08,여자,50 - 59세,서울특별시,전화권유판매,유사투자자문,청약철회
2023007532,2023-02-08,남자,50 - 59세,서울특별시,전화권유판매,유사투자자문,계약해제.해지/위약금
2023007533,2023-02-08,여자,40 - 49세,충청남도,일반판매,음식물처리기대여(렌트),계약해제.해지/위약금
2023007534,2023-02-08,여자,30 - 39세,서울특별시,기타,여성용내의류,품질(물품/용역)
2023007535,2023-02-08,여자,70 - 79세,경기도,일반판매,실손보험,약관
2023007536,2023-02-08,남자,40 - 49세,인천광역시,기타통신판매,TV,품질(물품/용역)
2023007537,2023-02-08,남자,40 - 49세,부산광역시,일반판매,미분류대여(렌트),계약불이행(불완전이행)
2023007538,2023-02-08,남자,40 - 49세,광주광역시,일반판매,소파,계약불이행(불완전이행)
2023007539,2023-02-08,여자,40 - 49세,대전광역시,국내온라인거래,기타의류·섬유,계약불이행(불완전이행)
2023007540,2023-02-08,여자,30 - 39세,경기도,일반판매,필라테스,계약해제.해지/위약금
2023007541,2023-02-08,여자,40 - 49세,인천광역시,국내온라인거래,이동전화서비스,계약불이행(불완전이행)
2023007542,2023-02-08,남자,30 - 39세,경기도,국내온라인거래,기타놀이·게임기구,청약철회
2023007543,2023-02-08,여자,30 - 39세,광주광역시,일반판매,여관(모텔),계약해제.해지/위약금
2023007544,2023-02-08,남자,30 - 39세,인천광역시,국내온라인거래,CPU,품질(물품/용역)
2023007545,2023-02-08,남자,50 - 59세,인천광역시,일반판매,중형승용자동차,부당행위
2023007546,2023-02-08,남자,40 - 49세,서울특별시,일반판매,소형승용자동차,계약불이행(불완전이행)
2023007547,2023-02-08,남자,40 - 49세,대전광역시,국내온라인거래,인터넷게임서비스,계약해제.해지/위약금
2023007548,2023-02-08,남자,50 - 59세,인천광역시,기타통신판매,유사투자자문,청약철회
2023007549,2023-02-08,여자,60 - 64세,경기도,TV홈쇼핑,자기매트리스,품질(물품/용역)
2023007550,2023-02-08,남자,30 - 39세,서울특별시,일반판매,헬스장,계약불이행(불완전이행)
2023007551,2023-02-08,남자,60 - 64세,경상북도,방문판매,상조서비스,부당행위
2023007552,2023-02-08,남자,40 - 49세,경상북도,소셜커머스(쇼핑),전자게임기구,부당행위
2023007553,2023-02-08,남자,20 - 29세,서울특별시,소셜커머스(쇼핑),선어(생선),계약불이행(불완전이행)
2023007554,2023-02-08,남자,50 - 59세,서울특별시,소셜커머스(쇼핑),노트북컴퓨터,품질(물품/용역)
2023007555,2023-02-08,여자,20 - 29세,부산광역시,소셜커머스(쇼핑),전기고데기,계약해제.해지/위약금
2023007556,2023-02-08,남자,20 - 29세,대구광역시,일반판매,헬스장,계약해제.해지/위약금
2023007557,2023-02-08,남자,40 - 49세,경상북도,국내온라인거래,이불·요,청약철회
2023007558,2023-02-08,남자,40 - 49세,경상북도,모바일거래,국외여행,약관
2023007559,2023-02-08,남자,30 - 39세,경기도,국내온라인거래,인터넷게임서비스,부당행위
2023007560,2023-02-08,여자,40 - 49세,경상남도,모바일거래,전기장판,AS불만
2023007561,2023-02-08,여자,30 - 39세,경기도,방문판매,소파,청약철회
2023007562,2023-02-08,여자,50 - 59세,서울특별시,기타,인터넷정보이용서비스,거래관행
2023007563,2023-02-08,여자,40 - 49세,경기도,국내온라인거래,항공여객운송서비스,계약해제.해지/위약금
2023007564,2023-02-08,여자,30 - 39세,대전광역시,국내온라인거래,호텔,계약불이행(불완전이행)
2023007565,2023-02-08,여자,50 - 59세,대구광역시,일반판매,국외여행,계약해제.해지/위약금
2023007566,2023-02-08,여자,50 - 59세,광주광역시,일반판매,방문교육,계약해제.해지/위약금
2023007567,2023-02-08,남자,30 - 39세,경기도,기타,해외연수알선,계약해제.해지/위약금
2023007568,2023-02-08,남자,30 - 39세,서울특별시,국내온라인거래,항공여객운송서비스,계약해제.해지/위약금
2023007569,2023-02-08,남자,40 - 49세,서울특별시,국내온라인거래,시계,계약불이행(불완전이행)
2023007570,2023-02-08,남자,30 - 39세,대전광역시,국내온라인거래,헤드폰·이어폰,품질(물품/용역)
2023007571,2023-02-08,남자,40 - 49세,부산광역시,일반판매,결혼준비대행서비스,계약해제.해지/위약금
2023007572,2023-02-08,여자,30 - 39세,부산광역시,국내온라인거래,기타어패류·어패류가공식품,품질(물품/용역)
2023007573,2023-02-08,여자,30 - 39세,서울특별시,방문판매,학습지,계약해제.해지/위약금
2023007574,2023-02-08,여자,40 - 49세,서울특별시,방문판매,포장이사운송서비스,단순문의.상담
2023007575,2023-02-08,여자,20 - 29세,서울특별시,소셜커머스(쇼핑),각종공연관람,계약해제.해지/위약금
2023007576,2023-02-08,여자,30 - 39세,대전광역시,국내온라인거래,원피스,청약철회
2023007577,2023-02-08,여자,20 - 29세,서울특별시,일반판매,미용서비스,계약해제.해지/위약금
2023007578,2023-02-08,여자,40 - 49세,서울특별시,기타,공기청정기대여(렌트),계약해제.해지/위약금
2023007579,2023-02-08,남자,65 - 69세,서울특별시,국내온라인거래,항공여객운송서비스,계약해제.해지/위약금
2023007580,2023-02-08,남자,40 - 49세,충청북도,일반판매,신발세탁,품질(물품/용역)
2023007581,2023-02-08,남자,30 - 39세,서울특별시,국내온라인거래,기타육류·육류가공식품,청약철회
2023007582,2023-02-08,여자,50 - 59세,울산광역시,일반판매,안마의자대여(렌트),품질(물품/용역)
2023007583,2023-02-08,여자,40 - 49세,경기도,국내온라인거래,기타공조·냉난방기기,청약철회
2023007584,2023-02-08,남자,20 - 29세,경기도,기타,일반강습(입시학원등),계약해제.해지/위약금
2023007585,2023-02-08,여자,20 - 29세,경상북도,일반판매,사진촬영,계약해제.해지/위약금
2023007586,2023-02-08,여자,30 - 39세,대전광역시,국내온라인거래,애완동물기타,청약철회
2023007587,2023-02-08,여자,30 - 39세,경기도,국내온라인거래,가습기,품질(물품/용역)
2023007588,2023-02-08,여자,20 - 29세,서울특별시,방문판매,헬스장,계약해제.해지/위약금
2023007589,2023-02-08,남자,40 - 49세,경상북도,일반판매,택배화물운송서비스,품질(물품/용역)
2023007590,2023-02-08,여자,30 - 39세,충청남도,국내온라인거래,캐주얼바지,청약철회
2023007591,2023-02-08,남자,20 - 29세,경상북도,국내온라인거래,컴퓨터모니터(데스크탑),청약철회
2023007592,2023-02-08,남자,20 - 29세,경상남도,국내온라인거래,기타숙박시설,품질(물품/용역)
2023007593,2023-02-08,여자,30 - 39세,경기도,국내온라인거래,모바일정보이용서비스,계약해제.해지/위약금
2023007594,2023-02-08,여자,30 - 39세,서울특별시,일반판매,헬스장,계약해제.해지/위약금
2023007595,2023-02-08,남자,20 - 29세,대구광역시,방문판매,헬스장,계약해제.해지/위약금
2023007596,2023-02-08,여자,65 - 69세,경기도,소셜커머스(쇼핑),기타가사용품,청약철회
2023007597,2023-02-08,남자,30 - 39세,서울특별시,기타,보건위생용품기타,계약해제.해지/위약금
2023007598,2023-02-08,여자,20 - 29세,경기도,국내온라인거래,소파,가격.요금
2023007600,2023-02-08,남자,30 - 39세,대전광역시,국내온라인거래,항공여객운송서비스,표시.광고
2023007601,2023-02-08,여자,20 - 29세,충청북도,국내온라인거래,보석·귀금속,계약불이행(불완전이행)
2023007602,2023-02-08,여자,30 - 39세,경기도,일반판매,외식,품질(물품/용역)
2023007603,2023-02-08,여자,30 - 39세,서울특별시,국내온라인거래,항공여객운송서비스,계약해제.해지/위약금
2023007604,2023-02-08,여자,40 - 49세,경기도,일반판매,소파,품질(물품/용역)
2023007605,2023-02-08,여자,30 - 39세,경상남도,국내온라인거래,애완식물(화분·분재),부당행위
2023007606,2023-02-08,남자,40 - 49세,경기도,국내온라인거래,기타숙박시설,계약해제.해지/위약금
2023007607,2023-02-08,남자,50 - 59세,경기도,국제온라인거래,음식물처리기대여(렌트),품질(물품/용역)
2023007609,2023-02-08,여자,30 - 39세,서울특별시,국제온라인거래,항공여객운송서비스,계약해제.해지/위약금
2023007610,2023-02-08,여자,30 - 39세,서울특별시,기타,예식서비스,청약철회
2023007611,2023-02-08,여자,60 - 64세,부산광역시,기타,기타간편복,계약해제.해지/위약금
2023007612,2023-02-08,남자,30 - 39세,경상남도,국내온라인거래,매트,계약불이행(불완전이행)
2023007613,2023-02-08,여자,30 - 39세,대구광역시,모바일거래,기타가사서비스,계약불이행(불완전이행)
2023007615,2023-02-08,여자,20 - 29세,서울특별시,국내온라인거래,기타완구·인형,청약철회
2023007616,2023-02-08,남자,40 - 49세,서울특별시,국내온라인거래,비치파라솔,청약철회
2023007617,2023-02-08,남자,40 - 49세,서울특별시,일반판매,인터넷공유기,청약철회
2023007618,2023-02-08,여자,50 - 59세,부산광역시,국내온라인거래,기타신발·용품,청약철회
2023007619,2023-02-08,남자,20 - 29세,서울특별시,소셜커머스(쇼핑),마사지류,청약철회
2023007620,2023-02-08,여자,30 - 39세,경기도,기타,전자레인지,계약불이행(불완전이행)
2023007621,2023-02-08,여자,20 - 29세,경기도,방문판매,헬스장,계약해제.해지/위약금
2023007622,2023-02-08,남자,30 - 39세,강원특별자치도,기타,미용서비스,가격.요금
2023007623,2023-02-08,여자,30 - 39세,경기도,방문판매,헬스장,계약해제.해지/위약금
2023007624,2023-02-08,여자,40 - 49세,부산광역시,기타통신판매,학위취득용교재,가격.요금
2023007625,2023-02-08,남자,30 - 39세,경기도,일반판매,사진촬영,계약해제.해지/위약금
2023007626,2023-02-08,여자,20 - 29세,경기도,국내온라인거래,식탁,품질(물품/용역)
2023007627,2023-02-09,여자,30 - 39세,서울특별시,일반판매,침대·매트리스대여(렌트),계약불이행(불완전이행)
2023007628,2023-02-09,여자,30 - 39세,서울특별시,기타,인터넷정보이용서비스,계약불이행(불완전이행)
2023007629,2023-02-09,남자,50 - 59세,광주광역시,일반판매,중형승용자동차,이자.수수료
2023007630,2023-02-09,남자,30 - 39세,경기도,국내온라인거래,침대,품질(물품/용역)
2023007631,2023-02-09,남자,60 - 64세,서울특별시,일반판매,전기자전거,품질(물품/용역)
2023007632,2023-02-09,여자,20 - 29세,전라남도,일반판매,자동차세차,부당행위
2023007633,2023-02-09,남자,70 - 79세,서울특별시,전화권유판매,기타건강식품,청약철회
2023007634,2023-02-09,남자,40 - 49세,경기도,일반판매,자동차수리·점검,부당행위
2023007635,2023-02-09,남자,50 - 59세,인천광역시,기타통신판매,이동전화서비스,계약불이행(불완전이행)
2023007636,2023-02-09,남자,60 - 64세,전라북도,일반판매,이동전화서비스,계약불이행(불완전이행)
2023007637,2023-02-09,여자,50 - 59세,서울특별시,전화권유판매,인터넷정보이용서비스,계약해제.해지/위약금
2023007638,2023-02-09,남자,30 - 39세,인천광역시,국내온라인거래,펜션,계약해제.해지/위약금
2023007639,2023-02-09,여자,30 - 39세,제주도,국내온라인거래,신유형상품권,청약철회
2023007640,2023-02-09,남자,30 - 39세,경기도,일반판매,기타교육서비스,계약해제.해지/위약금
2023007642,2023-02-09,남자,20 - 29세,충청북도,일반판매,헬스장,계약해제.해지/위약금
2023007643,2023-02-09,남자,50 - 59세,경기도,기타통신판매,인터넷교육서비스,계약불이행(불완전이행)
2023007644,2023-02-09,여자,30 - 39세,울산광역시,국내온라인거래,전기오븐,품질(물품/용역)
2023007645,2023-02-09,여자,30 - 39세,서울특별시,일반판매,캐주얼바지,품질(물품/용역)
2023007646,2023-02-09,여자,30 - 39세,서울특별시,일반판매,결혼준비대행서비스,계약해제.해지/위약금
2023007647,2023-02-09,남자,30 - 39세,경기도,국내온라인거래,신유형상품권,가격.요금
2023007648,2023-02-09,남자,20 - 29세,경기도,국내온라인거래,기타숙박시설,청약철회
2023007649,2023-02-09,여자,30 - 39세,경기도,기타,기타숙박시설,계약해제.해지/위약금
2023007650,2023-02-09,남자,30 - 39세,대구광역시,방문판매,신유형상품권,부당행위
2023007651,2023-02-09,여자,40 - 49세,부산광역시,일반판매,스포츠웨어,품질(물품/용역)
2023007652,2023-02-09,여자,30 - 39세,서울특별시,국내온라인거래,기타일반화장품,계약불이행(불완전이행)
2023007653,2023-02-09,남자,30 - 39세,서울특별시,국내온라인거래,기타의류·섬유,청약철회
2023007654,2023-02-09,남자,60 - 64세,광주광역시,모바일거래,기타가정용공구,AS불만
2023007655,2023-02-09,여자,50 - 59세,서울특별시,국내온라인거래,숙녀복상의,계약해제.해지/위약금
2023007656,2023-02-09,여자,20 - 29세,경상남도,일반판매,캐주얼바지,품질(물품/용역)
2023007657,2023-02-09,여자,60 - 64세,부산광역시,국내온라인거래,성기능향상기기,표시.광고
2023007659,2023-02-09,여자,30 - 39세,세종특별자치시,일반판매,중형승용자동차,품질(물품/용역)
2023007660,2023-02-09,여자,30 - 39세,경상남도,국내온라인거래,향수,계약불이행(불완전이행)
2023007661,2023-02-09,여자,30 - 39세,충청북도,기타,항공여객운송서비스,계약불이행(불완전이행)
2023007662,2023-02-09,여자,30 - 39세,서울특별시,모바일거래,점퍼·재킷류,품질(물품/용역)
2023007663,2023-02-09,여자,30 - 39세,서울특별시,국내온라인거래,택배화물운송서비스,계약불이행(불완전이행)
2023007664,2023-02-09,남자,50 - 59세,경기도,방문판매,비데,계약해제.해지/위약금
2023007665,2023-02-09,남자,50 - 59세,서울특별시,국내온라인거래,소파,계약불이행(불완전이행)
2023007666,2023-02-09,여자,40 - 49세,인천광역시,국내온라인거래,점퍼·재킷류,품질(물품/용역)
2023007667,2023-02-09,여자,30 - 39세,경기도,국내온라인거래,기타악기·용품,품질(물품/용역)
2023007668,2023-02-09,남자,50 - 59세,전라남도,일반판매,스마트폰,품질(물품/용역)
2023007669,2023-02-09,여자,30 - 39세,충청북도,국내온라인거래,기타조명기기,품질(물품/용역)
2023007671,2023-02-09,남자,50 - 59세,경기도,일반판매,대형승용자동차,품질(물품/용역)
2023007672,2023-02-09,남자,50 - 59세,서울특별시,국내온라인거래,돼지고기포장육,계약불이행(불완전이행)
2023007673,2023-02-09,여자,50 - 59세,부산광역시,일반판매,양복(서양식 의복)세탁,품질(물품/용역)
2023007674,2023-02-09,여자,50 - 59세,경기도,일반판매,정형외과,품질(물품/용역)
2023007675,2023-02-09,남자,65 - 69세,경상남도,일반판매,TV,품질(물품/용역)
2023007676,2023-02-09,남자,50 - 59세,경상남도,일반판매,대형승용자동차,품질(물품/용역)
2023007677,2023-02-09,남자,40 - 49세,경기도,모바일거래,레저시설이용,청약철회
2023007678,2023-02-09,여자,30 - 39세,부산광역시,일반판매,양복(서양식 의복)세탁,품질(물품/용역)
2023007679,2023-02-09,남자,40 - 49세,대전광역시,전화권유판매,인터넷정보이용서비스,계약해제.해지/위약금
2023007680,2023-02-09,여자,불명,경기도,기타통신판매,기타정보이용서비스,청약철회
2023007682,2023-02-09,남자,30 - 39세,경기도,일반판매,양복(서양식 의복)세탁,품질(물품/용역)
2023007683,2023-02-09,남자,65 - 69세,부산광역시,국내온라인거래,기타정보이용서비스,가격.요금
2023007684,2023-02-09,남자,30 - 39세,서울특별시,일반판매,기타옥외장비·설비,계약불이행(불완전이행)
2023007685,2023-02-09,남자,40 - 49세,경기도,일반판매,레저시설이용,안전(제품/시설)
2023007686,2023-02-09,남자,20 - 29세,경기도,기타,헬스장,계약해제.해지/위약금
2023007687,2023-02-09,남자,40 - 49세,인천광역시,국내온라인거래,인터넷교육서비스,AS불만
2023007688,2023-02-09,남자,60 - 64세,광주광역시,기타통신판매,펜션,계약해제.해지/위약금
2023007689,2023-02-09,남자,60 - 64세,대전광역시,모바일거래,기타숙박시설,계약해제.해지/위약금
2023007690,2023-02-09,여자,40 - 49세,부산광역시,일반판매,보석·귀금속,품질(물품/용역)
2023007691,2023-02-09,남자,60 - 64세,경기도,일반판매,전자담배,품질(물품/용역)
2023007692,2023-02-09,여자,40 - 49세,경기도,국제온라인거래,기타의류·섬유,계약불이행(불완전이행)
2023007693,2023-02-09,여자,20 - 29세,경기도,국제온라인거래,항공여객운송서비스,계약불이행(불완전이행)
2023007694,2023-02-09,남자,30 - 39세,경기도,모바일거래,모바일게임서비스,청약철회
2023007695,2023-02-09,남자,50 - 59세,경상북도,국내온라인거래,국외여행,계약해제.해지/위약금
2023007697,2023-02-09,여자,30 - 39세,경기도,국내온라인거래,TV,계약불이행(불완전이행)
2023007698,2023-02-09,여자,30 - 39세,경기도,국내온라인거래,소시지,표시.광고
2023007699,2023-02-09,여자,20 - 29세,서울특별시,일반판매,외식,가격.요금
2023007700,2023-02-09,여자,30 - 39세,경기도,모바일거래,헬스장,계약해제.해지/위약금
2023007701,2023-02-09,남자,50 - 59세,서울특별시,국내온라인거래,노트북컴퓨터,품질(물품/용역)
2023007702,2023-02-09,남자,70 - 79세,부산광역시,전화권유판매,이동전화서비스,계약해제.해지/위약금
2023007703,2023-02-09,남자,40 - 49세,서울특별시,일반판매,안경·안경테,품질(물품/용역)
2023007704,2023-02-09,여자,40 - 49세,대구광역시,국내온라인거래,소파,품질(물품/용역)
2023007705,2023-02-09,여자,20 - 29세,경기도,모바일거래,교통카드,계약불이행(불완전이행)
2023007706,2023-02-09,여자,50 - 59세,서울특별시,TV홈쇼핑,기타인테리어설비,계약불이행(불완전이행)
2023007707,2023-02-09,여자,30 - 39세,광주광역시,일반판매,코트,품질(물품/용역)
2023007708,2023-02-09,여자,65 - 69세,경상북도,국내온라인거래,항공여객운송서비스,청약철회
2023007709,2023-02-09,남자,60 - 64세,경상북도,일반판매,정형외과,품질(물품/용역)
2023007710,2023-02-09,여자,60 - 64세,세종특별자치시,일반판매,정형외과,품질(물품/용역)
2023007712,2023-02-09,여자,50 - 59세,경기도,일반판매,양복(서양식 의복)세탁,품질(물품/용역)
2023007713,2023-02-09,남자,65 - 69세,서울특별시,기타,초고속인터넷,부당행위
2023007714,2023-02-09,남자,50 - 59세,경상북도,일반판매,중형승용자동차,계약불이행(불완전이행)
2023007715,2023-02-09,남자,70 - 79세,경기도,전화권유판매,인터넷교육서비스,계약해제.해지/위약금
2023007716,2023-02-09,남자,65 - 69세,경기도,일반판매,골프용품,계약불이행(불완전이행)
2023007717,2023-02-09,남자,60 - 64세,경기도,일반판매,건강(암·기타질병)보험,계약불이행(불완전이행)
2023007718,2023-02-09,남자,50 - 59세,서울특별시,일반판매,중고자동차중개·매매,부당행위
2023007719,2023-02-09,여자,30 - 39세,서울특별시,일반판매,헬스장,계약해제.해지/위약금
2023007720,2023-02-09,남자,30 - 39세,서울특별시,국내온라인거래,의자,청약철회
2023007721,2023-02-09,여자,30 - 39세,경기도,모바일거래,헬스장,계약해제.해지/위약금
2023007722,2023-02-09,남자,65 - 69세,서울특별시,일반판매,이동전화서비스,계약해제.해지/위약금
2023007723,2023-02-09,여자,30 - 39세,인천광역시,일반판매,외식,계약해제.해지/위약금
2023007724,2023-02-09,여자,40 - 49세,제주도,기타통신판매,인터넷정보이용서비스,계약불이행(불완전이행)
2023007725,2023-02-09,남자,30 - 39세,세종특별자치시,기타,음식물처리기,거래관행
2023007726,2023-02-09,남자,70 - 79세,경기도,방문판매,상조서비스,부당행위
2023007727,2023-02-09,남자,65 - 69세,경기도,방문판매,실손보험,계약불이행(불완전이행)
2023007728,2023-02-09,남자,70 - 79세,서울특별시,일반판매,신유형상품권,계약불이행(불완전이행)
2023007729,2023-02-09,남자,불명,서울특별시,모바일거래,신유형상품권,계약불이행(불완전이행)
2023007730,2023-02-09,여자,50 - 59세,충청남도,국내온라인거래,이불·요,품질(물품/용역)
2023007731,2023-02-09,남자,불명,서울특별시,국내온라인거래,인터넷정보이용서비스,부당행위
2023007733,2023-02-09,남자,30 - 39세,부산광역시,일반판매,양복(서양식 의복)세탁,품질(물품/용역)
2023007734,2023-02-09,남자,65 - 69세,경기도,방문판매,상조서비스,계약불이행(불완전이행)
2023007735,2023-02-09,여자,50 - 59세,서울특별시,일반판매,고시원이용,계약불이행(불완전이행)
2023007736,2023-02-09,여자,20 - 29세,경기도,일반판매,헬스장,계약해제.해지/위약금
2023007737,2023-02-09,여자,50 - 59세,경기도,일반판매,포장이사운송서비스,품질(물품/용역)
2023007738,2023-02-09,여자,30 - 39세,부산광역시,일반판매,필라테스,계약해제.해지/위약금
2023007739,2023-02-09,여자,20 - 29세,경상남도,국내온라인거래,헬스장,계약해제.해지/위약금
2023007740,2023-02-09,남자,60 - 64세,서울특별시,전화권유판매,인터넷정보이용서비스,계약해제.해지/위약금
2023007741,2023-02-09,남자,20 - 29세,강원특별자치도,전화권유판매,모바일정보이용서비스,계약해제.해지/위약금
2023007742,2023-02-09,남자,65 - 69세,대전광역시,일반판매,유통시설이용,안전(제품/시설)
2023007743,2023-02-09,남자,30 - 39세,서울특별시,기타,미분류대여(렌트),AS불만
2023007744,2023-02-09,남자,20 - 29세,경기도,방문판매,종합체육시설회원권,계약해제.해지/위약금
2023007745,2023-02-09,여자,30 - 39세,경상북도,국내온라인거래,신용카드,부당행위
2023007746,2023-02-09,여자,50 - 59세,경기도,일반판매,포장이사운송서비스,AS불만
2023007747,2023-02-09,남자,20 - 29세,경기도,국내온라인거래,인터넷교육서비스,계약해제.해지/위약금
2023007748,2023-02-09,남자,50 - 59세,충청북도,국내온라인거래,국외여행,계약불이행(불완전이행)
2023007749,2023-02-09,여자,30 - 39세,경기도,일반판매,정수기대여(렌트),가격.요금
2023007750,2023-02-09,여자,30 - 39세,서울특별시,일반판매,헬스장,계약해제.해지/위약금
2023007751,2023-02-09,여자,20 - 29세,경기도,방문판매,헬스장,계약해제.해지/위약금
2023007752,2023-02-09,남자,65 - 69세,경기도,모바일거래,버스여객운송서비스,계약해제.해지/위약금
2023007753,2023-02-09,여자,30 - 39세,충청북도,국내온라인거래,여성용내의류,청약철회
2023007755,2023-02-09,여자,40 - 49세,부산광역시,국내온라인거래,기타간편복,청약철회
2023007756,2023-02-09,여자,60 - 64세,경기도,TV홈쇼핑,국외여행,계약해제.해지/위약금
2023007757,2023-02-09,여자,20 - 29세,경기도,국내온라인거래,핸드백,품질(물품/용역)
2023007759,2023-02-09,여자,40 - 49세,서울특별시,기타통신판매,전기장판,품질(물품/용역)
2023007760,2023-02-09,여자,30 - 39세,경기도,기타,헬스장,계약해제.해지/위약금
2023007761,2023-02-09,여자,30 - 39세,서울특별시,일반판매,애완고양이,계약해제.해지/위약금
2023007762,2023-02-09,여자,40 - 49세,전라남도,모바일거래,소파,품질(물품/용역)
2023007763,2023-02-09,남자,50 - 59세,경기도,전화권유판매,기타매체광고,계약해제.해지/위약금
2023007764,2023-02-09,여자,50 - 59세,충청남도,일반판매,TV,품질(물품/용역)
2023007765,2023-02-09,여자,50 - 59세,충청북도,TV홈쇼핑,전기압력밥솥,품질(물품/용역)
2023007766,2023-02-09,여자,50 - 59세,울산광역시,모바일거래,시계,계약불이행(불완전이행)
2023007767,2023-02-09,여자,30 - 39세,서울특별시,일반판매,필라테스,안전(제품/시설)
2023007768,2023-02-09,여자,30 - 39세,광주광역시,국내온라인거래,기타신발·용품,품질(물품/용역)
2023007769,2023-02-09,여자,40 - 49세,대구광역시,국내온라인거래,칫솔,청약철회
2023007770,2023-02-09,여자,30 - 39세,대구광역시,국내온라인거래,운동화,청약철회
2023007771,2023-02-09,남자,30 - 39세,경기도,기타,헬스장,계약해제.해지/위약금
2023007772,2023-02-09,남자,50 - 59세,서울특별시,국내온라인거래,화장품세트,청약철회
2023007773,2023-02-09,남자,30 - 39세,서울특별시,기타,창호유리,AS불만
2023007774,2023-02-09,여자,30 - 39세,서울특별시,국내온라인거래,기타미분류서비스,청약철회
2023007775,2023-02-09,여자,30 - 39세,서울특별시,모바일거래,헬스장,계약해제.해지/위약금
2023007776,2023-02-09,여자,40 - 49세,부산광역시,국내온라인거래,어린이용한복,계약불이행(불완전이행)
2023007777,2023-02-09,여자,50 - 59세,서울특별시,기타,기타위생설비,계약불이행(불완전이행)
2023007778,2023-02-09,여자,65 - 69세,광주광역시,전화권유판매,기타일반화장품,청약철회
2023007779,2023-02-09,여자,40 - 49세,경기도,국내온라인거래,기타침구류,청약철회
2023007780,2023-02-09,남자,30 - 39세,경기도,기타,기타인테리어설비,AS불만
2023007781,2023-02-09,여자,40 - 49세,경기도,TV홈쇼핑,인터넷교육서비스,계약불이행(불완전이행)
2023007782,2023-02-09,남자,50 - 59세,인천광역시,일반판매,사무용가방,품질(물품/용역)
2023007783,2023-02-09,남자,50 - 59세,서울특별시,국내온라인거래,기타숙박시설,품질(물품/용역)
2023007784,2023-02-09,남자,50 - 59세,경기도,국내온라인거래,헤어드라이어,계약불이행(불완전이행)
2023007785,2023-02-09,여자,30 - 39세,경기도,국내온라인거래,인쇄서비스,품질(물품/용역)
2023007786,2023-02-09,남자,40 - 49세,경기도,국내온라인거래,항공여객운송서비스,계약해제.해지/위약금
2023007787,2023-02-09,여자,30 - 39세,경기도,국내온라인거래,휠체어,품질(물품/용역)
2023007788,2023-02-09,여자,50 - 59세,경기도,모바일거래,건물청소서비스,AS불만
2023007789,2023-02-09,여자,30 - 39세,인천광역시,국내온라인거래,포장이사운송서비스,품질(물품/용역)
2023007790,2023-02-09,남자,60 - 64세,경상남도,국내온라인거래,가발,청약철회
2023007791,2023-02-09,여자,30 - 39세,인천광역시,방문판매,가구세트,청약철회
2023007792,2023-02-09,여자,30 - 39세,경기도,국내온라인거래,노트북컴퓨터,청약철회
2023007793,2023-02-09,남자,50 - 59세,경기도,국내온라인거래,항공여객운송서비스,계약해제.해지/위약금
2023007794,2023-02-09,여자,30 - 39세,서울특별시,모바일거래,"OTT서비스(넷플릭스,왓챠 등)",약관
2023007795,2023-02-09,남자,30 - 39세,충청북도,기타,택배화물운송서비스,부당행위
2023007796,2023-02-09,여자,30 - 39세,경기도,방문판매,연수기대여(렌트),품질(물품/용역)
2023007797,2023-02-09,남자,20 - 29세,강원특별자치도,국내온라인거래,점퍼·재킷류,청약철회
2023007798,2023-02-09,여자,20 - 29세,경기도,방문판매,콘도회원권,계약해제.해지/위약금
2023007799,2023-02-09,여자,30 - 39세,부산광역시,국내온라인거래,기타숙박시설,계약해제.해지/위약금
2023007800,2023-02-09,남자,30 - 39세,경기도,일반판매,헬스장,계약해제.해지/위약금
2023007801,2023-02-09,여자,30 - 39세,경기도,기타통신판매,항공여객운송서비스,계약불이행(불완전이행)
2023007802,2023-02-09,남자,20 - 29세,부산광역시,국내온라인거래,전기세탁기,청약철회
2023007803,2023-02-09,여자,40 - 49세,경기도,기타통신판매,초고속인터넷,계약해제.해지/위약금
2023007804,2023-02-09,여자,50 - 59세,강원특별자치도,국내온라인거래,커피,청약철회
2023007805,2023-02-09,남자,20 - 29세,경기도,방문판매,헬스장,계약해제.해지/위약금
2023007901,2023-02-10,남자,30 - 39세,울산광역시,일반판매,전동킥보드,품질(물품/용역)
2023007902,2023-02-10,남자,50 - 59세,경기도,국내온라인거래,항공여객운송서비스,계약불이행(불완전이행)
2023007903,2023-02-10,여자,20 - 29세,서울특별시,방문판매,인터넷교육서비스,계약불이행(불완전이행)
2023007904,2023-02-10,여자,50 - 59세,강원특별자치도,일반판매,감귤,계약불이행(불완전이행)
2023007905,2023-02-10,여자,60 - 64세,인천광역시,일반판매,정수기,계약불이행(불완전이행)
2023007906,2023-02-10,여자,30 - 39세,강원특별자치도,일반판매,중고자동차중개·매매,표시.광고
2023007907,2023-02-10,여자,80세이상,서울특별시,일반판매,기타건강식품,계약불이행(불완전이행)
2023007908,2023-02-10,남자,40 - 49세,인천광역시,일반판매,중형승용자동차,품질(물품/용역)
2023007909,2023-02-10,여자,20 - 29세,울산광역시,국내온라인거래,항공여객운송서비스,계약해제.해지/위약금
2023007910,2023-02-10,여자,40 - 49세,경기도,전화권유판매,모바일정보이용서비스,계약불이행(불완전이행)
2023007911,2023-02-10,여자,65 - 69세,서울특별시,일반판매,기타수선·염색서비스,계약불이행(불완전이행)
2023007912,2023-02-10,여자,30 - 39세,경기도,국내온라인거래,기타주방설비,계약불이행(불완전이행)
2023007913,2023-02-10,여자,50 - 59세,부산광역시,일반판매,기타가구,계약불이행(불완전이행)
2023007914,2023-02-10,남자,40 - 49세,경기도,기타,실손보험,계약불이행(불완전이행)
2023007915,2023-02-10,여자,50 - 59세,강원특별자치도,모바일거래,항공여객운송서비스,청약철회
2023007916,2023-02-10,여자,50 - 59세,서울특별시,일반판매,각종자격취득강습,계약해제.해지/위약금
2023007917,2023-02-10,여자,30 - 39세,인천광역시,기타,룸에어컨,계약불이행(불완전이행)
2023007918,2023-02-10,남자,70 - 79세,전라북도,기타통신판매,기타건강식품,품질(물품/용역)
2023007919,2023-02-10,여자,30 - 39세,인천광역시,일반판매,성형외과,계약해제.해지/위약금
2023007920,2023-02-10,여자,50 - 59세,경기도,일반판매,보석·귀금속,품질(물품/용역)
2023007921,2023-02-10,여자,60 - 64세,서울특별시,TV홈쇼핑,음식물처리기,AS불만
2023007922,2023-02-10,여자,30 - 39세,부산광역시,전화권유판매,유사투자자문,계약해제.해지/위약금
2023007923,2023-02-10,남자,20 - 29세,전라남도,국내온라인거래,이동전화서비스,계약해제.해지/위약금
2023007924,2023-02-10,여자,20 - 29세,강원특별자치도,일반판매,헬스장,계약해제.해지/위약금
2023007925,2023-02-10,여자,65 - 69세,경기도,일반판매,국외여행,계약해제.해지/위약금
2023007926,2023-02-10,여자,40 - 49세,서울특별시,국내온라인거래,보석·귀금속,품질(물품/용역)
2023007927,2023-02-10,남자,30 - 39세,대전광역시,일반판매,국내결혼중개,계약해제.해지/위약금
2023007928,2023-02-10,여자,50 - 59세,광주광역시,국내온라인거래,기타신변용품,계약불이행(불완전이행)
2023007929,2023-02-10,남자,40 - 49세,경기도,국내온라인거래,TV,청약철회
2023007930,2023-02-10,남자,70 - 79세,부산광역시,국내온라인거래,인터넷정보이용서비스,계약불이행(불완전이행)
2023007931,2023-02-10,여자,30 - 39세,대구광역시,일반판매,헬스장,계약해제.해지/위약금
2023007933,2023-02-10,여자,30 - 39세,충청북도,모바일거래,캐주얼바지,품질(물품/용역)
2023007934,2023-02-10,남자,40 - 49세,서울특별시,일반판매,중형승용자동차,AS불만
2023007935,2023-02-10,여자,30 - 39세,서울특별시,방문판매,요가,계약해제.해지/위약금
2023007936,2023-02-10,여자,50 - 59세,충청남도,일반판매,도시가스,부당행위
2023007937,2023-02-10,여자,30 - 39세,해외 및 기타,일반판매,성형외과,품질(물품/용역)
2023007938,2023-02-10,남자,20 - 29세,충청북도,일반판매,한의원,계약해제.해지/위약금
2023007939,2023-02-10,남자,30 - 39세,경기도,일반판매,기타병·의원서비스,계약해제.해지/위약금
2023007940,2023-02-10,여자,30 - 39세,경기도,일반판매,피부과,품질(물품/용역)
2023007941,2023-02-10,여자,40 - 49세,광주광역시,일반판매,요가,계약불이행(불완전이행)
2023007942,2023-02-10,여자,30 - 39세,해외 및 기타,일반판매,성형외과,계약해제.해지/위약금
2023007943,2023-02-10,여자,20 - 29세,서울특별시,일반판매,성형외과,계약해제.해지/위약금
2023007944,2023-02-10,여자,50 - 59세,충청북도,일반판매,한의원,계약해제.해지/위약금
2023007945,2023-02-10,남자,30 - 39세,부산광역시,일반판매,헬스장,계약해제.해지/위약금
2023007946,2023-02-10,남자,30 - 39세,인천광역시,전화권유판매,인터넷정보이용서비스,계약불이행(불완전이행)
2023007947,2023-02-10,여자,30 - 39세,경기도,국내온라인거래,운동화,청약철회
2023007948,2023-02-10,남자,30 - 39세,부산광역시,국내온라인거래,기타알선·중개·번역서비스,부당행위
2023007949,2023-02-10,남자,40 - 49세,경기도,국내온라인거래,감귤,품질(물품/용역)
2023007950,2023-02-10,여자,10 - 19세,경기도,일반판매,성형외과,계약해제.해지/위약금
2023007951,2023-02-10,남자,30 - 39세,충청북도,소셜커머스(쇼핑),기타자동차부품,표시.광고
2023007952,2023-02-10,여자,30 - 39세,부산광역시,일반판매,필라테스,계약해제.해지/위약금
2023007953,2023-02-10,남자,30 - 39세,서울특별시,국내온라인거래,TV,품질(물품/용역)
2023007954,2023-02-10,남자,70 - 79세,서울특별시,모바일거래,TV,품질(물품/용역)
2023007955,2023-02-10,여자,65 - 69세,충청남도,국내온라인거래,점퍼·재킷류,계약불이행(불완전이행)
2023007956,2023-02-10,남자,40 - 49세,경기도,모바일거래,기타사설강습서비스,계약해제.해지/위약금
2023007957,2023-02-10,여자,40 - 49세,경기도,국내온라인거래,카메라,품질(물품/용역)
2023007958,2023-02-10,남자,60 - 64세,인천광역시,모바일거래,인터넷정보이용서비스,계약해제.해지/위약금
2023007959,2023-02-10,여자,40 - 49세,경기도,국내온라인거래,전자게임기구,품질(물품/용역)
2023007960,2023-02-10,여자,30 - 39세,충청남도,국내온라인거래,기타의자류,품질(물품/용역)
2023007961,2023-02-10,남자,50 - 59세,경기도,국내온라인거래,기타식탁용품,계약해제.해지/위약금
2023007962,2023-02-10,여자,20 - 29세,대구광역시,국내온라인거래,기타의류·섬유,계약해제.해지/위약금
2023007963,2023-02-10,여자,60 - 64세,대전광역시,TV홈쇼핑,기타일반화장품,품질(물품/용역)
2023007964,2023-02-10,남자,30 - 39세,경기도,일반판매,스포츠시설이용,계약해제.해지/위약금
2023007965,2023-02-10,여자,30 - 39세,경기도,국내온라인거래,기타의료용구,청약철회
2023007966,2023-02-10,여자,65 - 69세,충청북도,일반판매,비데,안전(제품/시설)
2023007967,2023-02-10,여자,40 - 49세,서울특별시,국내온라인거래,호텔,표시.광고
2023007968,2023-02-10,남자,20 - 29세,대구광역시,국내온라인거래,스포츠웨어,청약철회
2023007969,2023-02-10,남자,30 - 39세,울산광역시,전화권유판매,국내결혼중개,계약해제.해지/위약금
2023007970,2023-02-10,여자,60 - 64세,서울특별시,국내온라인거래,골프용품,청약철회
2023007971,2023-02-10,여자,50 - 59세,서울특별시,국내온라인거래,기타의류·섬유,계약해제.해지/위약금
2023007972,2023-02-10,여자,30 - 39세,경기도,일반판매,아동용내의류,청약철회
2023007974,2023-02-10,남자,20 - 29세,경기도,일반판매,종합체육시설회원권,계약해제.해지/위약금
2023007975,2023-02-10,여자,20 - 29세,전라남도,국내온라인거래,운동화,계약해제.해지/위약금
2023007976,2023-02-10,여자,30 - 39세,경기도,국내온라인거래,기타의류·섬유,계약불이행(불완전이행)
2023007977,2023-02-10,남자,20 - 29세,경기도,일반판매,필라테스,계약해제.해지/위약금
2023007978,2023-02-10,여자,20 - 29세,광주광역시,일반판매,헬스장,계약해제.해지/위약금
2023007979,2023-02-10,남자,20 - 29세,서울특별시,국내온라인거래,닭고기포장육,표시.광고
2023007980,2023-02-10,여자,40 - 49세,경기도,일반판매,헬스장,계약불이행(불완전이행)
2023007981,2023-02-10,여자,20 - 29세,대구광역시,기타,성형외과,품질(물품/용역)
2023008001,2023-02-10,여자,30 - 39세,경기도,방문판매,인터넷교육서비스,계약해제.해지/위약금
2023008002,2023-02-10,여자,40 - 49세,경기도,방문판매,인터넷교육서비스,청약철회
2023008003,2023-02-10,여자,20 - 29세,경상북도,일반판매,이동전화서비스,청약철회
2023008004,2023-02-10,여자,30 - 39세,경기도,방문판매,각종자격취득강습,계약해제.해지/위약금
2023008005,2023-02-10,여자,40 - 49세,서울특별시,소셜커머스(쇼핑),기타의료용구,안전(제품/시설)
2023008006,2023-02-10,여자,40 - 49세,경기도,소셜커머스(쇼핑),기타의료용구,품질(물품/용역)
2023008007,2023-02-10,남자,30 - 39세,경기도,기타,스마트폰,품질(물품/용역)
2023008008,2023-02-10,여자,50 - 59세,경기도,기타,기타인테리어설비,AS불만
2023008009,2023-02-10,여자,40 - 49세,전라북도,TV홈쇼핑,음식물처리기대여(렌트),청약철회
2023008010,2023-02-10,남자,30 - 39세,인천광역시,기타,예식서비스,계약해제.해지/위약금
2023008011,2023-02-10,여자,30 - 39세,경기도,기타,외식,안전(제품/시설)
2023008012,2023-02-10,남자,40 - 49세,세종특별자치시,기타,기타미분류서비스,계약불이행(불완전이행)
2023008014,2023-02-10,여자,40 - 49세,광주광역시,국제온라인거래,기타신변용품,청약철회
2023008015,2023-02-10,남자,30 - 39세,경기도,국내온라인거래,항공여객운송서비스,계약불이행(불완전이행)
2023008016,2023-02-10,여자,10세 미만,전라북도,방문판매,인터넷교육서비스,계약해제.해지/위약금
2023008017,2023-02-10,남자,40 - 49세,제주도,방문판매,소파,AS불만
2023008018,2023-02-10,여자,40 - 49세,경기도,국내온라인거래,전기요,품질(물품/용역)
2023008019,2023-02-10,여자,40 - 49세,서울특별시,국내온라인거래,점퍼·재킷류,계약불이행(불완전이행)
2023008020,2023-02-10,남자,40 - 49세,서울특별시,소셜커머스(쇼핑),티셔츠,청약철회
2023008021,2023-02-10,남자,30 - 39세,경기도,일반판매,예식서비스,계약해제.해지/위약금
2023008022,2023-02-10,남자,20 - 29세,경기도,일반판매,소파,계약불이행(불완전이행)
2023008023,2023-02-10,여자,50 - 59세,경상남도,전화권유판매,인터넷정보이용서비스,계약불이행(불완전이행)
2023008024,2023-02-10,남자,30 - 39세,경상북도,소셜커머스(쇼핑),항공여객운송서비스,계약불이행(불완전이행)
2023008025,2023-02-10,여자,30 - 39세,경기도,일반판매,예식서비스,계약해제.해지/위약금
2023008026,2023-02-10,여자,40 - 49세,대구광역시,국내온라인거래,기타신발·용품,품질(물품/용역)
2023008027,2023-02-10,남자,50 - 59세,인천광역시,국내온라인거래,기타미분류물품,안전(제품/시설)
2023008028,2023-02-10,남자,65 - 69세,부산광역시,일반판매,공중목욕탕,안전(제품/시설)
2023008029,2023-02-10,남자,50 - 59세,서울특별시,국내온라인거래,인터넷교육서비스,품질(물품/용역)
2023008030,2023-02-10,여자,30 - 39세,강원특별자치도,전화권유판매,국외여행,계약해제.해지/위약금
2023008031,2023-02-10,남자,30 - 39세,경기도,국내온라인거래,식탁,청약철회
2023008032,2023-02-10,여자,30 - 39세,서울특별시,일반판매,예식서비스,계약불이행(불완전이행)
2023008034,2023-02-10,여자,30 - 39세,경기도,일반판매,기타사설강습서비스,계약해제.해지/위약금
2023008035,2023-02-10,여자,30 - 39세,서울특별시,국내온라인거래,기타한복관련용품,부당행위
2023008036,2023-02-10,여자,50 - 59세,경기도,기타,포장이사운송서비스,품질(물품/용역)
2023008037,2023-02-10,남자,50 - 59세,경상북도,방문판매,정수기대여(렌트),계약해제.해지/위약금
2023008038,2023-02-10,남자,80세이상,울산광역시,전화권유판매,기타여행,계약해제.해지/위약금
2023008039,2023-02-10,여자,40 - 49세,경기도,소셜커머스(쇼핑),냉장고,품질(물품/용역)
2023008040,2023-02-10,남자,40 - 49세,서울특별시,기타,호텔,청약철회
2023008041,2023-02-10,여자,30 - 39세,서울특별시,방문판매,애완견,품질(물품/용역)
2023008042,2023-02-10,여자,20 - 29세,인천광역시,일반판매,기타이·미용서비스,청약철회
2023008043,2023-02-10,남자,40 - 49세,충청남도,일반판매,대형승용자동차,품질(물품/용역)
2023008044,2023-02-10,남자,30 - 39세,서울특별시,기타,가스보일러,AS불만
2023008045,2023-02-10,남자,30 - 39세,인천광역시,모바일거래,기타숙박시설,청약철회
2023008046,2023-02-10,남자,30 - 39세,서울특별시,방문판매,기타매체광고,품질(물품/용역)
2023008047,2023-02-10,여자,30 - 39세,인천광역시,국내온라인거래,숙녀복세트,품질(물품/용역)
2023008048,2023-02-10,여자,40 - 49세,경기도,전화권유판매,인터넷교육서비스,계약해제.해지/위약금
2023008049,2023-02-10,여자,20 - 29세,강원특별자치도,전화권유판매,인터넷정보이용서비스,계약해제.해지/위약금
2023008052,2023-02-10,남자,30 - 39세,부산광역시,국내온라인거래,노트북컴퓨터,청약철회
2023008053,2023-02-10,여자,40 - 49세,대구광역시,기타,정수기대여(렌트),계약불이행(불완전이행)
2023008201,2023-02-11,여자,30 - 39세,경기도,방문판매,헬스장,계약해제.해지/위약금
2023008202,2023-02-11,남자,30 - 39세,대구광역시,전화권유판매,인터넷정보이용서비스,계약해제.해지/위약금
2023008203,2023-02-11,남자,50 - 59세,경기도,기타통신판매,의료용구대여(렌트),청약철회
2023008204,2023-02-11,남자,40 - 49세,서울특별시,전화권유판매,인터넷정보이용서비스,계약불이행(불완전이행)
2023008205,2023-02-11,남자,30 - 39세,경기도,기타,각종자격취득강습,계약해제.해지/위약금
2023008206,2023-02-11,여자,30 - 39세,경상북도,일반판매,헬스장,계약해제.해지/위약금
2023008207,2023-02-11,여자,40 - 49세,전라북도,방문판매,학습지,계약해제.해지/위약금
2023008208,2023-02-11,여자,50 - 59세,경기도,국내온라인거래,커피,계약불이행(불완전이행)
2023008210,2023-02-11,남자,30 - 39세,경기도,기타,바나나,품질(물품/용역)
2023008211,2023-02-11,남자,30 - 39세,경기도,방문판매,기타문화용품,품질(물품/용역)
2023008212,2023-02-11,남자,30 - 39세,서울특별시,일반판매,식탁,계약해제.해지/위약금
2023008213,2023-02-11,여자,50 - 59세,경기도,소셜커머스(쇼핑),기타의류·섬유,품질(물품/용역)
2023008215,2023-02-11,여자,40 - 49세,경기도,일반판매,기타인테리어설비,AS불만
2023008401,2023-02-12,남자,30 - 39세,충청남도,일반판매,예식서비스,계약해제.해지/위약금
2023008402,2023-02-12,여자,20 - 29세,강원특별자치도,방문판매,헬스장,계약해제.해지/위약금
2023008403,2023-02-12,여자,30 - 39세,경상남도,방문판매,소파,계약해제.해지/위약금
2023008404,2023-02-12,여자,50 - 59세,경상북도,전화권유판매,기타정보통신,계약해제.해지/위약금
2023008405,2023-02-12,남자,50 - 59세,대구광역시,모바일거래,인터넷정보이용서비스,청약철회
2023008406,2023-02-12,여자,30 - 39세,서울특별시,일반판매,스포츠시설이용,계약해제.해지/위약금
2023008407,2023-02-12,남자,20 - 29세,경기도,일반판매,이동전화서비스,계약해제.해지/위약금
2023008408,2023-02-12,여자,30 - 39세,서울특별시,모바일거래,외식,계약불이행(불완전이행)
2023008409,2023-02-12,남자,30 - 39세,경상남도,국내온라인거래,기타가구,품질(물품/용역)
2023008410,2023-02-12,남자,30 - 39세,서울특별시,소셜커머스(쇼핑),냉장고,계약불이행(불완전이행)
2023008411,2023-02-12,여자,50 - 59세,광주광역시,TV홈쇼핑,국외여행,계약해제.해지/위약금
2023008412,2023-02-12,여자,50 - 59세,경기도,일반판매,기타사설강습서비스,계약해제.해지/위약금
2023008413,2023-02-12,남자,20 - 29세,경기도,국내온라인거래,TV,품질(물품/용역)
2023008414,2023-02-12,남자,30 - 39세,경기도,방문판매,결혼준비대행서비스,계약해제.해지/위약금
2023008415,2023-02-12,여자,20 - 29세,서울특별시,방문판매,필라테스,계약해제.해지/위약금
2023008416,2023-02-12,남자,30 - 39세,인천광역시,기타,결혼준비대행서비스,계약해제.해지/위약금
2023008417,2023-02-12,남자,40 - 49세,울산광역시,국내온라인거래,기타사설강습서비스,계약해제.해지/위약금
2023008418,2023-02-12,여자,40 - 49세,울산광역시,기타,상품권,계약불이행(불완전이행)
2023008420,2023-02-12,여자,30 - 39세,경상북도,기타,국외여행,계약불이행(불완전이행)
2023008423,2023-02-10,여자,30 - 39세,경기도,기타,일반강습(입시학원등),부당행위
2023008426,2023-02-10,남자,60 - 64세,경기도,국내온라인거래,전기요,품질(물품/용역)
2023008427,2023-02-13,여자,30 - 39세,광주광역시,일반판매,보석·귀금속,품질(물품/용역)
2023008428,2023-02-13,여자,65 - 69세,전라북도,기타,공중목욕탕,가격.요금
2023008429,2023-02-13,여자,40 - 49세,경기도,국내온라인거래,전동휠,품질(물품/용역)
2023008430,2023-02-13,여자,50 - 59세,경기도,일반판매,기타사설강습서비스,계약해제.해지/위약금
2023008431,2023-02-13,남자,30 - 39세,경기도,국내온라인거래,욕실설비,표시.광고
2023008432,2023-02-13,남자,40 - 49세,강원특별자치도,일반판매,전기자동차,품질(물품/용역)
2023008433,2023-02-13,여자,40 - 49세,경기도,일반판매,헬스장,계약해제.해지/위약금
2023008434,2023-02-13,여자,60 - 64세,경기도,전화권유판매,초고속인터넷,계약해제.해지/위약금
2023008435,2023-02-13,남자,30 - 39세,서울특별시,방문판매,콘도회원권,청약철회
2023008436,2023-02-13,남자,40 - 49세,광주광역시,국내온라인거래,냉장고,품질(물품/용역)
2023008437,2023-02-13,여자,40 - 49세,광주광역시,일반판매,양복(서양식 의복)세탁,품질(물품/용역)
2023008439,2023-02-13,여자,40 - 49세,부산광역시,국내온라인거래,기타가방,거래관행
2023008440,2023-02-13,여자,30 - 39세,서울특별시,국내온라인거래,딸기,품질(물품/용역)
2023008441,2023-02-13,남자,65 - 69세,강원특별자치도,국내온라인거래,기타가구,계약불이행(불완전이행)
2023008442,2023-02-13,남자,50 - 59세,충청남도,국내온라인거래,기타과일·과일가공식품,청약철회
2023008444,2023-02-13,남자,40 - 49세,경기도,일반판매,중형승용자동차,품질(물품/용역)
2023008445,2023-02-13,남자,40 - 49세,경기도,기타통신판매,초고속인터넷,표시.광고
2023008446,2023-02-13,여자,50 - 59세,경기도,일반판매,점퍼·재킷류,품질(물품/용역)
2023008447,2023-02-13,남자,40 - 49세,인천광역시,국내온라인거래,제조물·생산및영업배상보험,품질(물품/용역)
2023008448,2023-02-13,남자,30 - 39세,서울특별시,소셜커머스(쇼핑),기타의류·섬유,부당행위
2023008449,2023-02-13,남자,50 - 59세,인천광역시,전화권유판매,인터넷정보이용서비스,품질(물품/용역)
2023008451,2023-02-13,여자,40 - 49세,경상북도,기타통신판매,티셔츠,품질(물품/용역)
2023008452,2023-02-13,남자,40 - 49세,대구광역시,국내온라인거래,기타의료용구,계약불이행(불완전이행)
2023008453,2023-02-13,남자,30 - 39세,광주광역시,일반판매,기타사설강습서비스,계약해제.해지/위약금
2023008454,2023-02-13,여자,40 - 49세,경기도,일반판매,종신보험,계약해제.해지/위약금
2023008455,2023-02-13,남자,30 - 39세,경상북도,국내온라인거래,기타가방,계약불이행(불완전이행)
2023008456,2023-02-13,여자,30 - 39세,경기도,일반판매,헬스장,계약해제.해지/위약금
2023008457,2023-02-13,남자,40 - 49세,서울특별시,국내온라인거래,신사복세트,품질(물품/용역)
2023008458,2023-02-13,남자,70 - 79세,경기도,일반판매,자동차보험,계약해제.해지/위약금
2023008459,2023-02-13,남자,30 - 39세,서울특별시,기타,자동차대여(렌트),부당행위
2023008460,2023-02-13,여자,40 - 49세,부산광역시,전화권유판매,인터넷정보이용서비스,계약해제.해지/위약금
2023008461,2023-02-13,남자,30 - 39세,경기도,모바일거래,택시여객운송서비스,이자.수수료
2023008462,2023-02-13,여자,70 - 79세,전라북도,일반판매,기타민영보험,약관
2023008465,2023-02-13,여자,30 - 39세,경기도,기타,인터넷정보이용서비스,계약해제.해지/위약금
2023008466,2023-02-13,남자,20 - 29세,인천광역시,일반판매,국내결혼중개,계약해제.해지/위약금
2023008467,2023-02-13,남자,30 - 39세,경기도,일반판매,헬스장,계약해제.해지/위약금
2023008468,2023-02-13,여자,20 - 29세,부산광역시,일반판매,핸드백,품질(물품/용역)
2023008470,2023-02-13,남자,30 - 39세,서울특별시,국내온라인거래,전기세탁기,계약불이행(불완전이행)
2023008471,2023-02-13,여자,40 - 49세,경기도,모바일거래,신유형상품권,부당행위
2023008472,2023-02-13,여자,50 - 59세,서울특별시,국내온라인거래,빵,표시.광고
2023008473,2023-02-13,여자,40 - 49세,인천광역시,일반판매,기타주거관리설비,AS불만
2023008474,2023-02-13,여자,40 - 49세,전라북도,전화권유판매,유사투자자문,계약불이행(불완전이행)
2023008475,2023-02-13,여자,40 - 49세,강원특별자치도,국내온라인거래,건강침대(흙·돌등),품질(물품/용역)
2023008476,2023-02-13,여자,65 - 69세,부산광역시,일반판매,상조서비스,계약불이행(불완전이행)
2023008477,2023-02-13,남자,40 - 49세,경기도,일반판매,진단검사의학과,품질(물품/용역)
2023008478,2023-02-13,여자,40 - 49세,경기도,일반판매,펜션,계약해제.해지/위약금
2023008479,2023-02-13,여자,30 - 39세,광주광역시,국내온라인거래,점퍼·재킷류,청약철회
2023008480,2023-02-13,여자,30 - 39세,전라남도,전화권유판매,다이어트식품,계약해제.해지/위약금
2023008482,2023-02-13,여자,불명,부산광역시,일반판매,점퍼·재킷류,품질(물품/용역)
2023008483,2023-02-13,여자,70 - 79세,경기도,일반판매,이동전화서비스,계약해제.해지/위약금
2023008484,2023-02-13,남자,70 - 79세,강원특별자치도,일반판매,냉장고,계약불이행(불완전이행)
2023008485,2023-02-13,남자,40 - 49세,경기도,모바일거래,기타금융상품,부당행위
2023008486,2023-02-13,여자,30 - 39세,전라남도,기타통신판매,예식서비스,계약해제.해지/위약금
2023008487,2023-02-13,남자,70 - 79세,부산광역시,방문판매,상조서비스,계약해제.해지/위약금
2023008488,2023-02-13,여자,불명,경기도,국내온라인거래,숙녀화(구두·부츠 등),계약불이행(불완전이행)
2023008489,2023-02-13,여자,50 - 59세,경기도,국내온라인거래,국외여행,계약해제.해지/위약금
2023008490,2023-02-13,여자,60 - 64세,경상남도,일반판매,양복(서양식 의복)세탁,품질(물품/용역)
2023008491,2023-02-13,여자,50 - 59세,충청남도,일반판매,공중목욕탕,계약불이행(불완전이행)
2023008492,2023-02-13,남자,30 - 39세,서울특별시,일반판매,양복(서양식 의복)세탁,품질(물품/용역)
2023008493,2023-02-13,여자,50 - 59세,대구광역시,방문판매,기타신발·용품,청약철회
2023008494,2023-02-13,남자,30 - 39세,서울특별시,일반판매,양복(서양식 의복)세탁,품질(물품/용역)
2023008495,2023-02-13,여자,30 - 39세,서울특별시,국내온라인거래,스프링매트리스,품질(물품/용역)
2023008496,2023-02-13,여자,60 - 64세,서울특별시,기타통신판매,다이어트식품,계약불이행(불완전이행)
2023008497,2023-02-13,남자,50 - 59세,경기도,국내온라인거래,남성용내의류,계약불이행(불완전이행)
2023008498,2023-02-13,남자,20 - 29세,강원특별자치도,소셜커머스(쇼핑),전동킥보드,안전(제품/시설)
2023008499,2023-02-13,여자,30 - 39세,경기도,국내온라인거래,캐주얼바지,청약철회
2023008500,2023-02-13,남자,30 - 39세,서울특별시,일반판매,헬스장,계약해제.해지/위약금
2023008501,2023-02-13,남자,30 - 39세,경기도,기타통신판매,기타자동차부품,품질(물품/용역)
2023008502,2023-02-13,남자,65 - 69세,경상남도,국내온라인거래,항공여객운송서비스,계약불이행(불완전이행)
2023008503,2023-02-13,남자,65 - 69세,경기도,일반판매,차량용블랙박스,부당행위
2023008504,2023-02-13,여자,20 - 29세,인천광역시,국내온라인거래,아동복,청약철회
2023008505,2023-02-13,남자,50 - 59세,서울특별시,일반판매,자동차보험,계약불이행(불완전이행)
2023008506,2023-02-13,여자,30 - 39세,경기도,일반판매,국내결혼중개,계약불이행(불완전이행)
2023008507,2023-02-13,남자,30 - 39세,대전광역시,국내온라인거래,성기능향상기기,품질(물품/용역)
2023008508,2023-02-13,남자,40 - 49세,인천광역시,기타통신판매,항공여객운송서비스,계약불이행(불완전이행)
2023008509,2023-02-13,남자,65 - 69세,경상북도,국내온라인거래,기타보건·위생용품,품질(물품/용역)
2023008510,2023-02-13,여자,50 - 59세,대전광역시,일반판매,기타약품,품질(물품/용역)
2023008511,2023-02-13,남자,10 - 19세,경기도,국내온라인거래,전자게임기구,품질(물품/용역)
2023008512,2023-02-13,여자,30 - 39세,충청북도,일반판매,신용카드,이자.수수료
2023008513,2023-02-13,남자,40 - 49세,인천광역시,일반판매,기타인테리어설비,품질(물품/용역)
2023008514,2023-02-13,여자,40 - 49세,대구광역시,국내온라인거래,핸드백,계약불이행(불완전이행)
2023008516,2023-02-13,여자,40 - 49세,서울특별시,국내온라인거래,소시지,표시.광고
2023008517,2023-02-13,여자,70 - 79세,서울특별시,모바일거래,항공여객운송서비스,거래관행
2023008518,2023-02-13,여자,70 - 79세,충청남도,방문판매,미분류대여(렌트),부당행위
2023008519,2023-02-13,여자,10 - 19세,경기도,일반판매,수영장회원권,계약불이행(불완전이행)
2023008520,2023-02-13,여자,20 - 29세,서울특별시,국내온라인거래,책장·서가,청약철회
2023008521,2023-02-13,여자,불명,서울특별시,국내온라인거래,보석·귀금속,AS불만
2023008523,2023-02-13,여자,30 - 39세,광주광역시,방문판매,인터넷교육서비스,계약불이행(불완전이행)
2023008524,2023-02-13,여자,20 - 29세,경상남도,일반판매,외식,안전(제품/시설)
2023008525,2023-02-13,여자,40 - 49세,경기도,국내온라인거래,인터넷교육서비스,계약해제.해지/위약금
2023008526,2023-02-13,여자,30 - 39세,경기도,국내온라인거래,신유형상품권,거래관행
2023008528,2023-02-13,남자,40 - 49세,서울특별시,일반판매,헬스장,계약해제.해지/위약금
2023008529,2023-02-13,여자,65 - 69세,경기도,일반판매,티셔츠,품질(물품/용역)
2023008530,2023-02-13,남자,20 - 29세,경기도,국내온라인거래,운동화,계약해제.해지/위약금
2023008531,2023-02-13,여자,60 - 64세,경기도,기타통신판매,기타의류·섬유,계약불이행(불완전이행)
2023008532,2023-02-13,여자,20 - 29세,서울특별시,일반판매,스포츠시설이용,계약해제.해지/위약금
2023008533,2023-02-13,여자,30 - 39세,서울특별시,일반판매,헬스장,계약해제.해지/위약금
2023008534,2023-02-13,여자,20 - 29세,부산광역시,국내온라인거래,점퍼·재킷류,계약불이행(불완전이행)
2023008535,2023-02-13,여자,20 - 29세,인천광역시,일반판매,헬스장,계약해제.해지/위약금
2023008536,2023-02-13,여자,40 - 49세,대전광역시,일반판매,필라테스,계약해제.해지/위약금
2023008537,2023-02-13,여자,20 - 29세,인천광역시,국내온라인거래,CD·LD·DVD(영화·음악·게임),표시.광고
2023008538,2023-02-13,여자,20 - 29세,서울특별시,국내온라인거래,기타숙박시설,계약해제.해지/위약금
2023008539,2023-02-13,여자,70 - 79세,서울특별시,일반판매,마취통증의학과,품질(물품/용역)
2023008540,2023-02-13,여자,70 - 79세,경상북도,일반판매,치과,품질(물품/용역)
2023008541,2023-02-13,남자,65 - 69세,경기도,일반판매,신경외과,품질(물품/용역)
2023008542,2023-02-13,여자,20 - 29세,인천광역시,모바일거래,필라테스,계약해제.해지/위약금
2023008543,2023-02-13,여자,30 - 39세,경기도,국내온라인거래,쇠고기포장육,계약불이행(불완전이행)
2023008544,2023-02-13,여자,30 - 39세,광주광역시,일반판매,요가,계약해제.해지/위약금
2023008545,2023-02-13,남자,50 - 59세,부산광역시,일반판매,건강(암·기타질병)보험,계약불이행(불완전이행)
2023008546,2023-02-13,여자,30 - 39세,서울특별시,일반판매,피부·체형관리서비스,계약해제.해지/위약금
2023008547,2023-02-13,여자,20 - 29세,경기도,기타,필라테스,계약해제.해지/위약금
2023008548,2023-02-13,여자,50 - 59세,경기도,일반판매,피부·체형관리서비스,계약해제.해지/위약금
2023008550,2023-02-13,남자,65 - 69세,인천광역시,기타,헬스장,계약해제.해지/위약금
2023008551,2023-02-13,남자,65 - 69세,충청남도,일반판매,스포츠시설이용,계약불이행(불완전이행)
2023008552,2023-02-13,여자,20 - 29세,대구광역시,국내온라인거래,기타완구·인형,부당행위
2023008553,2023-02-13,남자,30 - 39세,전라북도,국제온라인거래,기타신발·용품,계약불이행(불완전이행)
2023008555,2023-02-13,여자,20 - 29세,경기도,국내온라인거래,점퍼·재킷류,청약철회
2023008556,2023-02-13,남자,30 - 39세,경기도,기타,예식서비스,부당행위
2023008557,2023-02-13,남자,20 - 29세,경기도,기타,오피스텔,계약해제.해지/위약금
2023008558,2023-02-13,남자,30 - 39세,서울특별시,방문판매,헬스장,계약해제.해지/위약금
2023008559,2023-02-13,여자,40 - 49세,서울특별시,국내온라인거래,코트,청약철회
2023008560,2023-02-13,여자,20 - 29세,서울특별시,일반판매,버스여객운송서비스,계약해제.해지/위약금
2023008561,2023-02-13,남자,30 - 39세,서울특별시,기타통신판매,닭고기포장육,품질(물품/용역)
2023008562,2023-02-13,남자,40 - 49세,서울특별시,일반판매,소파,품질(물품/용역)
2023008563,2023-02-13,남자,40 - 49세,인천광역시,국내온라인거래,항공여객운송서비스,계약불이행(불완전이행)
2023008564,2023-02-13,남자,30 - 39세,제주도,국내온라인거래,닭고기포장육,품질(물품/용역)
2023008565,2023-02-13,남자,40 - 49세,경기도,국내온라인거래,책상,계약불이행(불완전이행)
2023008566,2023-02-13,남자,20 - 29세,인천광역시,일반판매,헬스장,계약해제.해지/위약금
2023008567,2023-02-13,여자,30 - 39세,경기도,일반판매,필라테스,계약해제.해지/위약금
2023008568,2023-02-13,여자,40 - 49세,서울특별시,기타,포장이사운송서비스,품질(물품/용역)
2023008569,2023-02-13,여자,30 - 39세,경기도,방문판매,헬스장,계약해제.해지/위약금
2023008570,2023-02-13,여자,40 - 49세,강원특별자치도,국내온라인거래,항공여객운송서비스,계약불이행(불완전이행)
2023008571,2023-02-13,여자,40 - 49세,경상북도,국내온라인거래,원피스,청약철회
2023008572,2023-02-13,여자,50 - 59세,경기도,방문판매,헬스장,계약해제.해지/위약금
2023008573,2023-02-13,여자,20 - 29세,서울특별시,일반판매,헬스장,계약해제.해지/위약금
2023008574,2023-02-13,여자,40 - 49세,경기도,국내온라인거래,점퍼·재킷류,계약불이행(불완전이행)
2023008575,2023-02-13,여자,30 - 39세,경기도,소셜커머스(쇼핑),국내여행,계약해제.해지/위약금
2023008576,2023-02-13,남자,70 - 79세,서울특별시,국내온라인거래,이동전화서비스,계약불이행(불완전이행)
2023008577,2023-02-13,여자,30 - 39세,인천광역시,국내온라인거래,기타의류·섬유,품질(물품/용역)
2023008578,2023-02-13,여자,50 - 59세,서울특별시,기타,헬스장,계약해제.해지/위약금
2023008579,2023-02-13,남자,30 - 39세,인천광역시,국내온라인거래,점퍼·재킷류,품질(물품/용역)
2023008580,2023-02-13,여자,20 - 29세,경기도,기타통신판매,기타미분류서비스,계약해제.해지/위약금
2023008581,2023-02-13,남자,30 - 39세,인천광역시,모바일거래,콜라,청약철회
2023008582,2023-02-13,남자,50 - 59세,경기도,모바일거래,모바일정보이용서비스,계약해제.해지/위약금
2023008583,2023-02-13,남자,30 - 39세,충청북도,모바일거래,소파,품질(물품/용역)
2023008584,2023-02-13,남자,40 - 49세,경기도,기타,가스보일러,AS불만
2023008585,2023-02-13,남자,50 - 59세,서울특별시,국내온라인거래,노트북컴퓨터,품질(물품/용역)
2023008586,2023-02-13,남자,30 - 39세,경상남도,국내온라인거래,인터넷교육서비스,계약해제.해지/위약금
2023008587,2023-02-13,여자,20 - 29세,대구광역시,방문판매,예식서비스,계약해제.해지/위약금
2023008588,2023-02-13,여자,40 - 49세,서울특별시,일반판매,기타인테리어설비,품질(물품/용역)
2023008589,2023-02-13,남자,30 - 39세,부산광역시,기타통신판매,기타스포츠·레저기구·용품,청약철회
2023008590,2023-02-13,남자,30 - 39세,서울특별시,국내온라인거래,펜션,계약불이행(불완전이행)
2023008591,2023-02-13,여자,30 - 39세,경기도,국내온라인거래,기타가정용공구,품질(물품/용역)
2023008592,2023-02-13,남자,30 - 39세,서울특별시,국내온라인거래,스포츠웨어,청약철회
2023008594,2023-02-13,여자,30 - 39세,대구광역시,국내온라인거래,통신기기케이스,청약철회
2023008595,2023-02-13,여자,30 - 39세,서울특별시,국내온라인거래,기타스포츠·레저기구·용품,청약철회
2023008596,2023-02-13,남자,50 - 59세,서울특별시,기타통신판매,이동전화서비스,청약철회
2023008597,2023-02-13,여자,30 - 39세,경기도,기타,건물청소서비스,계약불이행(불완전이행)
2023008598,2023-02-13,남자,40 - 49세,인천광역시,모바일거래,이동전화서비스,계약불이행(불완전이행)
2023008599,2023-02-13,남자,30 - 39세,부산광역시,소셜커머스(쇼핑),국외여행,계약불이행(불완전이행)
2023008600,2023-02-13,남자,20 - 29세,경상남도,국내온라인거래,캐주얼바지,청약철회
2023008601,2023-02-13,여자,30 - 39세,경기도,국내온라인거래,국내여행,계약해제.해지/위약금
2023008602,2023-02-13,여자,50 - 59세,광주광역시,일반판매,헬스장,계약해제.해지/위약금
2023008603,2023-02-13,남자,30 - 39세,서울특별시,일반판매,예식서비스,청약철회
2023008604,2023-02-13,여자,20 - 29세,충청남도,국내온라인거래,기타가방,품질(물품/용역)
2023008605,2023-02-13,여자,20 - 29세,인천광역시,전화권유판매,기타정보이용서비스,계약해제.해지/위약금
2023008606,2023-02-13,여자,30 - 39세,부산광역시,일반판매,헬스장,계약해제.해지/위약금
2023008607,2023-02-13,남자,20 - 29세,충청남도,국내온라인거래,항공여객운송서비스,계약해제.해지/위약금
2023008608,2023-02-13,여자,40 - 49세,경상북도,국내온라인거래,매트,AS불만
2023008609,2023-02-13,여자,50 - 59세,경기도,국내온라인거래,핸드백,청약철회
2023008610,2023-02-13,남자,20 - 29세,부산광역시,전화권유판매,인터넷정보이용서비스,계약불이행(불완전이행)
2023008611,2023-02-13,여자,20 - 29세,경기도,소셜커머스(쇼핑),공기청정기,단순문의.상담
2023008612,2023-02-13,여자,50 - 59세,대전광역시,기타,미용서비스,품질(물품/용역)
2023008613,2023-02-13,남자,40 - 49세,전라남도,모바일거래,다이어트식품,표시.광고
2023008614,2023-02-13,여자,50 - 59세,경기도,기타통신판매,인터넷교육서비스,계약불이행(불완전이행)
2023008615,2023-02-13,남자,30 - 39세,서울특별시,방문판매,헬스장,계약해제.해지/위약금
2023008616,2023-02-13,여자,20 - 29세,경기도,국내온라인거래,기타숙박시설,계약불이행(불완전이행)
2023008617,2023-02-13,남자,30 - 39세,서울특별시,기타,예식서비스,계약해제.해지/위약금
2023008618,2023-02-13,여자,40 - 49세,경기도,국내온라인거래,기타가방,청약철회
2023008619,2023-02-13,여자,30 - 39세,서울특별시,국내온라인거래,화장품세트,청약철회
2023008620,2023-02-13,여자,20 - 29세,인천광역시,기타통신판매,스프링매트리스,품질(물품/용역)
2023008621,2023-02-13,여자,50 - 59세,경기도,일반판매,이동전화서비스,가격.요금
2023008622,2023-02-13,여자,30 - 39세,대전광역시,방문판매,필라테스,계약해제.해지/위약금
2023008623,2023-02-13,남자,30 - 39세,서울특별시,일반판매,헬스장,계약해제.해지/위약금
2023008624,2023-02-13,남자,50 - 59세,경기도,국내온라인거래,호텔,계약해제.해지/위약금
2023008625,2023-02-13,남자,30 - 39세,경기도,국제온라인거래,항공여객운송서비스,청약철회
2023008626,2023-02-13,남자,50 - 59세,강원특별자치도,기타,모바일게임서비스,부당행위
2023008627,2023-02-13,여자,60 - 64세,경기도,모바일거래,샌들·슬리퍼,부당행위
2023008628,2023-02-13,여자,30 - 39세,광주광역시,국내온라인거래,스포츠웨어,계약해제.해지/위약금
2023008629,2023-02-13,여자,70 - 79세,경상북도,기타,압력솥,품질(물품/용역)
2023008630,2023-02-13,남자,40 - 49세,충청북도,모바일거래,태블릿PC,계약불이행(불완전이행)
2023008631,2023-02-13,남자,70 - 79세,인천광역시,방문판매,안마의자,품질(물품/용역)
2023008632,2023-02-13,여자,40 - 49세,경기도,국내온라인거래,항공여객운송서비스,계약해제.해지/위약금
2023008633,2023-02-13,여자,20 - 29세,경기도,일반판매,헬스장,계약해제.해지/위약금
2023008634,2023-02-13,여자,30 - 39세,충청남도,국내온라인거래,인터넷교육서비스,계약해제.해지/위약금
2023008635,2023-02-13,남자,50 - 59세,대전광역시,모바일거래,전기장판,계약불이행(불완전이행)
2023008636,2023-02-13,여자,40 - 49세,경기도,국제온라인거래,모형완구,품질(물품/용역)
2023008637,2023-02-13,여자,40 - 49세,경기도,모바일거래,기타숙박시설,청약철회
2023008638,2023-02-13,남자,30 - 39세,부산광역시,소셜커머스(쇼핑),택배화물운송서비스,청약철회
2023008639,2023-02-13,남자,20 - 29세,경기도,소셜커머스(쇼핑),콜라,계약불이행(불완전이행)
2023008640,2023-02-13,남자,20 - 29세,서울특별시,방문판매,헬스장,이자.수수료
2023008641,2023-02-13,남자,50 - 59세,서울특별시,기타통신판매,유선전화기,청약철회
2023008642,2023-02-13,여자,50 - 59세,서울특별시,국내온라인거래,전등·전구,AS불만
2023008643,2023-02-13,남자,60 - 64세,광주광역시,전화권유판매,기타건강식품,품질(물품/용역)
2023008644,2023-02-13,여자,30 - 39세,경기도,전화권유판매,정수기대여(렌트),표시.광고
2023008645,2023-02-13,남자,20 - 29세,경기도,모바일거래,모바일정보이용서비스,부당행위
2023008646,2023-02-13,여자,30 - 39세,서울특별시,방문판매,예식서비스,청약철회
2023008647,2023-02-13,남자,30 - 39세,서울특별시,전화권유판매,기타매체광고,계약해제.해지/위약금
2023008702,2023-02-13,여자,30 - 39세,경기도,기타,굴,품질(물품/용역)
2023008703,2023-02-14,여자,30 - 39세,대전광역시,일반판매,예식서비스,청약철회
2023008704,2023-02-14,남자,70 - 79세,경기도,전화권유판매,콘도회원권,계약해제.해지/위약금
2023008705,2023-02-14,여자,20 - 29세,서울특별시,모바일거래,기타간편복,청약철회
2023008706,2023-02-14,여자,30 - 39세,서울특별시,방문판매,인터넷교육서비스,계약해제.해지/위약금
2023008707,2023-02-14,여자,50 - 59세,부산광역시,일반판매,창호유리,계약불이행(불완전이행)
2023008708,2023-02-14,남자,30 - 39세,서울특별시,일반판매,외식,부당행위
2023008709,2023-02-14,남자,50 - 59세,충청남도,전화권유판매,이동전화서비스,계약불이행(불완전이행)
2023008710,2023-02-14,여자,60 - 64세,서울특별시,일반판매,텐트,품질(물품/용역)
2023008711,2023-02-14,여자,50 - 59세,전라북도,기타,실손보험,계약불이행(불완전이행)
2023008712,2023-02-14,여자,60 - 64세,광주광역시,일반판매,건강(암·기타질병)보험,약관
2023008714,2023-02-14,남자,50 - 59세,경상북도,일반판매,대형승용자동차,안전(제품/시설)
2023008715,2023-02-14,남자,40 - 49세,대구광역시,국내온라인거래,전기팬히터,AS불만
2023008716,2023-02-14,여자,20 - 29세,경기도,일반판매,기타민영보험,약관
2023008717,2023-02-14,여자,30 - 39세,광주광역시,전화권유판매,유사투자자문,계약해제.해지/위약금
2023008719,2023-02-14,남자,50 - 59세,경기도,일반판매,묘지설비,계약해제.해지/위약금
2023008721,2023-02-14,남자,40 - 49세,경상남도,일반판매,약국,품질(물품/용역)
2023008722,2023-02-14,여자,30 - 39세,서울특별시,국내온라인거래,호텔,계약해제.해지/위약금
2023008724,2023-02-14,여자,30 - 39세,인천광역시,전화권유판매,기타사설강습서비스,표시.광고
2023008725,2023-02-14,여자,50 - 59세,울산광역시,기타통신판매,조개,품질(물품/용역)
2023008726,2023-02-14,여자,50 - 59세,경상북도,국내온라인거래,다이어트식품,청약철회
2023008727,2023-02-14,여자,30 - 39세,서울특별시,일반판매,예식서비스,계약해제.해지/위약금
2023008728,2023-02-14,여자,20 - 29세,인천광역시,국내온라인거래,전산강습,계약불이행(불완전이행)
2023008729,2023-02-14,남자,50 - 59세,경기도,기타통신판매,기타부엌소모품,청약철회
2023008731,2023-02-14,여자,50 - 59세,경상남도,국내온라인거래,블라우스,품질(물품/용역)
2023008732,2023-02-14,여자,50 - 59세,서울특별시,일반판매,침대,계약해제.해지/위약금
2023008734,2023-02-14,남자,70 - 79세,경기도,국내온라인거래,미분류대여(렌트),계약해제.해지/위약금
2023008735,2023-02-14,여자,40 - 49세,대전광역시,방문판매,인터넷교육서비스,계약해제.해지/위약금
2023008736,2023-02-14,남자,30 - 39세,대전광역시,국내온라인거래,기타식생활기기,계약불이행(불완전이행)
2023008737,2023-02-14,여자,50 - 59세,인천광역시,국내온라인거래,점퍼·재킷류,품질(물품/용역)
2023008738,2023-02-14,여자,40 - 49세,경기도,국내온라인거래,전기진공청소기,품질(물품/용역)
2023008739,2023-02-14,남자,30 - 39세,경기도,기타통신판매,인터넷정보이용서비스,청약철회
2023008740,2023-02-14,여자,40 - 49세,서울특별시,일반판매,피부과,계약불이행(불완전이행)
2023008741,2023-02-14,남자,50 - 59세,충청남도,일반판매,노트북컴퓨터,품질(물품/용역)
2023008742,2023-02-14,남자,30 - 39세,경기도,국내온라인거래,의자,품질(물품/용역)
2023008743,2023-02-14,여자,40 - 49세,대구광역시,일반판매,기타문화·오락시설이용,품질(물품/용역)
2023008744,2023-02-14,남자,30 - 39세,강원특별자치도,일반판매,건물청소서비스,계약해제.해지/위약금
2023008745,2023-02-14,여자,30 - 39세,대구광역시,일반판매,헬스장,계약불이행(불완전이행)
2023008746,2023-02-14,남자,30 - 39세,경기도,일반판매,인터넷정보이용서비스,가격.요금
2023008747,2023-02-14,남자,40 - 49세,서울특별시,일반판매,이동전화서비스,표시.광고
2023008748,2023-02-14,여자,20 - 29세,대전광역시,기타통신판매,모바일정보이용서비스,계약해제.해지/위약금
2023008749,2023-02-14,여자,65 - 69세,서울특별시,기타,정형외과,품질(물품/용역)
2023008750,2023-02-14,여자,70 - 79세,서울특별시,기타,정형외과,품질(물품/용역)
2023008751,2023-02-14,남자,20 - 29세,부산광역시,일반판매,양복(서양식 의복)세탁,품질(물품/용역)
2023008752,2023-02-14,남자,70 - 79세,경기도,전화권유판매,IPTV,계약해제.해지/위약금
2023008753,2023-02-14,남자,65 - 69세,서울특별시,일반판매,타이어,이자.수수료
2023008754,2023-02-14,남자,40 - 49세,세종특별자치시,일반판매,점퍼·재킷류,품질(물품/용역)
2023008755,2023-02-14,여자,30 - 39세,경기도,일반판매,자동차주차장,부당행위
2023008756,2023-02-14,남자,20 - 29세,서울특별시,국내온라인거래,항공여객운송서비스,계약해제.해지/위약금
2023008757,2023-02-14,여자,50 - 59세,서울특별시,국내온라인거래,식탁,표시.광고
2023008758,2023-02-14,남자,40 - 49세,서울특별시,일반판매,의료용구대여(렌트),계약불이행(불완전이행)
2023008759,2023-02-14,남자,30 - 39세,충청남도,기타통신판매,도어록,계약해제.해지/위약금
2023008760,2023-02-14,남자,20 - 29세,서울특별시,국내온라인거래,신유형상품권,부당행위
2023008761,2023-02-14,여자,60 - 64세,서울특별시,국내온라인거래,국외여행,계약해제.해지/위약금
2023008763,2023-02-14,여자,30 - 39세,서울특별시,일반판매,국내결혼중개,계약해제.해지/위약금
2023008764,2023-02-14,여자,40 - 49세,서울특별시,국내온라인거래,항공여객운송서비스,계약해제.해지/위약금
2023008765,2023-02-14,남자,불명,충청남도,일반판매,신사복하의,품질(물품/용역)
2023008766,2023-02-14,여자,40 - 49세,경기도,일반판매,정수기대여(렌트),계약불이행(불완전이행)
2023008768,2023-02-14,남자,50 - 59세,대전광역시,일반판매,정수기대여(렌트),품질(물품/용역)
2023008769,2023-02-14,여자,65 - 69세,서울특별시,일반판매,상해보험,약관
2023008771,2023-02-14,여자,60 - 64세,강원특별자치도,국내온라인거래,보석·귀금속,계약불이행(불완전이행)
2023008772,2023-02-14,남자,50 - 59세,충청북도,일반판매,소형화물자동차,품질(물품/용역)
2023008773,2023-02-14,여자,50 - 59세,부산광역시,국내온라인거래,라텍스매트리스,표시.광고
2023008774,2023-02-14,여자,30 - 39세,서울특별시,국내온라인거래,여성용내의류,계약해제.해지/위약금
2023008775,2023-02-14,여자,30 - 39세,서울특별시,일반판매,실손보험,약관
2023008776,2023-02-14,여자,20 - 29세,경상남도,소셜커머스(쇼핑),블라우스,청약철회
2023008777,2023-02-14,여자,30 - 39세,경기도,국내온라인거래,TV대,품질(물품/용역)
2023008778,2023-02-14,여자,40 - 49세,경기도,일반판매,티셔츠,품질(물품/용역)
2023008779,2023-02-14,여자,50 - 59세,경기도,국내온라인거래,기타의류·섬유,계약불이행(불완전이행)
2023008780,2023-02-14,남자,30 - 39세,부산광역시,국내온라인거래,전기장판,품질(물품/용역)
2023008781,2023-02-14,여자,40 - 49세,대구광역시,일반판매,기타의료용구,안전(제품/시설)
2023008783,2023-02-14,여자,20 - 29세,제주도,국내온라인거래,인터넷교육서비스,거래관행
2023008784,2023-02-14,여자,30 - 39세,서울특별시,모바일거래,식사배달,품질(물품/용역)
2023008785,2023-02-14,여자,20 - 29세,대구광역시,국내온라인거래,니트(스웨터),품질(물품/용역)
2023008786,2023-02-14,남자,30 - 39세,강원특별자치도,일반판매,기타빵·과자류,품질(물품/용역)
2023008787,2023-02-14,여자,60 - 64세,경상북도,국내온라인거래,캐주얼바지,청약철회
2023008788,2023-02-14,여자,60 - 64세,서울특별시,국내온라인거래,국외여행,표시.광고
2023008789,2023-02-14,여자,30 - 39세,경기도,국내온라인거래,빵,품질(물품/용역)
2023008790,2023-02-14,남자,30 - 39세,서울특별시,국내온라인거래,책장·서가,품질(물품/용역)
2023008792,2023-02-14,여자,40 - 49세,대전광역시,전화권유판매,인터넷정보이용서비스,청약철회
2023008793,2023-02-14,여자,40 - 49세,경기도,국내온라인거래,펜션,계약해제.해지/위약금
2023008794,2023-02-14,남자,70 - 79세,경기도,일반판매,도시가스,가격.요금
2023008795,2023-02-14,여자,40 - 49세,충청남도,국내온라인거래,머플러,품질(물품/용역)
2023008796,2023-02-14,남자,60 - 64세,경상북도,일반판매,대형승용자동차,부당행위
2023008797,2023-02-14,여자,40 - 49세,광주광역시,일반판매,요가,계약불이행(불완전이행)
2023008798,2023-02-14,여자,40 - 49세,부산광역시,일반판매,커피,표시.광고
2023008799,2023-02-14,남자,50 - 59세,경기도,일반판매,노트북컴퓨터,품질(물품/용역)
2023008801,2023-02-14,남자,30 - 39세,경기도,국내온라인거래,의류관리기(스타일러 등),품질(물품/용역)
2023008802,2023-02-14,여자,40 - 49세,대구광역시,일반판매,양복(서양식 의복)세탁,품질(물품/용역)
2023008803,2023-02-14,남자,60 - 64세,서울특별시,일반판매,기타인테리어설비,계약불이행(불완전이행)
2023008804,2023-02-14,남자,60 - 64세,서울특별시,일반판매,기타인테리어설비,AS불만
2023008805,2023-02-14,남자,50 - 59세,서울특별시,일반판매,초고속인터넷,AS불만
2023008806,2023-02-14,남자,30 - 39세,경상남도,일반판매,자동차수리·점검,품질(물품/용역)
2023008807,2023-02-14,남자,30 - 39세,충청북도,국내온라인거래,신용카드,계약불이행(불완전이행)
2023008808,2023-02-14,여자,50 - 59세,서울특별시,일반판매,기타의류·섬유,품질(물품/용역)
2023008809,2023-02-14,여자,70 - 79세,인천광역시,일반판매,경비·관리서비스,품질(물품/용역)
2023008811,2023-02-14,남자,20 - 29세,경기도,국내온라인거래,양복(서양식 의복)세탁,품질(물품/용역)
2023008812,2023-02-14,남자,50 - 59세,서울특별시,일반판매,항공여객운송서비스,계약불이행(불완전이행)
2023008813,2023-02-14,여자,40 - 49세,세종특별자치시,국내온라인거래,양복(서양식 의복)세탁,품질(물품/용역)
2023008814,2023-02-14,여자,20 - 29세,대구광역시,일반판매,미용서비스,품질(물품/용역)
2023008815,2023-02-14,여자,50 - 59세,경기도,일반판매,핸드백,품질(물품/용역)
2023008816,2023-02-14,남자,30 - 39세,경상북도,국내온라인거래,기타의류·섬유,계약불이행(불완전이행)
2023008817,2023-02-14,남자,50 - 59세,제주도,국내온라인거래,자동차대여(렌트),계약불이행(불완전이행)
2023008818,2023-02-14,여자,60 - 64세,대전광역시,일반판매,국내결혼중개,계약해제.해지/위약금
2023008819,2023-02-14,남자,20 - 29세,서울특별시,국내온라인거래,콜라,품질(물품/용역)
2023008820,2023-02-14,남자,40 - 49세,서울특별시,국내온라인거래,책상,표시.광고
2023008821,2023-02-14,여자,20 - 29세,경기도,일반판매,헬스장,계약해제.해지/위약금
2023008822,2023-02-14,남자,60 - 64세,경상북도,기타통신판매,이동전화서비스,계약불이행(불완전이행)
2023008823,2023-02-14,남자,50 - 59세,서울특별시,일반판매,골프회원권,계약해제.해지/위약금
2023008824,2023-02-14,여자,60 - 64세,경상남도,일반판매,모자,품질(물품/용역)
2023008825,2023-02-14,남자,60 - 64세,경상북도,일반판매,기타음향기기,AS불만
2023008826,2023-02-14,여자,20 - 29세,경기도,모바일거래,상조서비스,계약해제.해지/위약금
2023008827,2023-02-14,여자,30 - 39세,경상남도,전화권유판매,모바일정보이용서비스,계약불이행(불완전이행)
2023008828,2023-02-14,여자,30 - 39세,서울특별시,국내온라인거래,숙녀화(구두·부츠 등),품질(물품/용역)
2023008830,2023-02-14,여자,20 - 29세,경기도,국내온라인거래,기타신변용품,품질(물품/용역)
2023008831,2023-02-14,남자,30 - 39세,서울특별시,국내온라인거래,건물청소서비스,계약불이행(불완전이행)
2023008832,2023-02-14,남자,50 - 59세,경기도,국내온라인거래,TV,품질(물품/용역)
2023008833,2023-02-14,여자,40 - 49세,서울특별시,일반판매,인터넷정보이용서비스,표시.광고
2023008902,2023-02-14,여자,30 - 39세,경기도,기타,기타문화·오락시설이용,계약해제.해지/위약금
2023008903,2023-02-14,여자,30 - 39세,서울특별시,국내온라인거래,국외여행,계약해제.해지/위약금
2023008904,2023-02-14,여자,30 - 39세,경기도,국내온라인거래,기타일반화장품,청약철회
2023008905,2023-02-14,여자,40 - 49세,경기도,국내온라인거래,기타조리기기·기구,품질(물품/용역)
2023008906,2023-02-14,여자,30 - 39세,경기도,일반판매,각종공연관람,계약불이행(불완전이행)
2023008907,2023-02-14,여자,30 - 39세,경기도,기타,사진촬영,계약불이행(불완전이행)
2023008908,2023-02-14,남자,40 - 49세,전라남도,전화권유판매,기타매체광고,계약해제.해지/위약금
2023008909,2023-02-14,여자,20 - 29세,제주도,기타,항공여객운송서비스,계약해제.해지/위약금
2023008910,2023-02-14,남자,10 - 19세,경기도,기타통신판매,이동전화서비스,청약철회
2023008911,2023-02-14,여자,40 - 49세,경기도,기타,포장이사운송서비스,품질(물품/용역)
2023008912,2023-02-14,여자,30 - 39세,부산광역시,기타,기타음식관련서비스,부당행위
2023008913,2023-02-14,여자,30 - 39세,광주광역시,기타,모바일정보이용서비스,계약해제.해지/위약금
2023008914,2023-02-14,여자,20 - 29세,서울특별시,국내온라인거래,영양보충용제품,청약철회
2023008915,2023-02-14,여자,80세이상,부산광역시,일반판매,기타의류·섬유,품질(물품/용역)
2023008916,2023-02-14,남자,40 - 49세,경기도,기타,호텔,안전(제품/시설)
2023008917,2023-02-14,남자,30 - 39세,서울특별시,소셜커머스(쇼핑),반포장이사운송서비스,품질(물품/용역)
2023008918,2023-02-14,남자,50 - 59세,경상남도,일반판매,유선방송,계약해제.해지/위약금
2023008919,2023-02-14,여자,50 - 59세,서울특별시,기타,해외유학알선,계약해제.해지/위약금
2023008920,2023-02-14,남자,20 - 29세,경기도,방문판매,헬스장,계약해제.해지/위약금
2023008921,2023-02-14,여자,30 - 39세,서울특별시,일반판매,애완고양이,계약해제.해지/위약금
2023008922,2023-02-14,남자,65 - 69세,경기도,국내온라인거래,인터넷정보이용서비스,계약불이행(불완전이행)
2023008923,2023-02-14,남자,40 - 49세,충청북도,국내온라인거래,의류관리기(스타일러 등),청약철회
2023008924,2023-02-14,남자,40 - 49세,경기도,기타통신판매,초고속인터넷,계약해제.해지/위약금
2023008925,2023-02-14,남자,40 - 49세,대구광역시,국내온라인거래,국내결혼중개,계약해제.해지/위약금
2023008926,2023-02-14,남자,30 - 39세,경기도,기타,이동전화서비스,품질(물품/용역)
2023008927,2023-02-14,여자,30 - 39세,인천광역시,전화권유판매,화장품세트,청약철회
2023008928,2023-02-14,남자,30 - 39세,서울특별시,일반판매,결혼준비대행서비스,계약해제.해지/위약금
2023008929,2023-02-14,남자,40 - 49세,경기도,국내온라인거래,기타놀이·게임기구,단순문의.상담
2023008930,2023-02-14,여자,30 - 39세,서울특별시,기타통신판매,이동전화서비스,가격.요금
2023008931,2023-02-14,여자,30 - 39세,경기도,소셜커머스(쇼핑),호텔,가격.요금
2023008932,2023-02-14,남자,30 - 39세,전라남도,일반판매,가스에어컨,계약불이행(불완전이행)
2023008933,2023-02-14,남자,30 - 39세,경기도,일반판매,헬스장,계약해제.해지/위약금
2023008934,2023-02-14,남자,40 - 49세,전라북도,일반판매,니트(스웨터),청약철회
2023008935,2023-02-14,여자,20 - 29세,경기도,국내온라인거래,국외여행,계약해제.해지/위약금
2023008936,2023-02-14,남자,30 - 39세,경기도,일반판매,빵,품질(물품/용역)
2023008937,2023-02-14,여자,30 - 39세,대전광역시,모바일거래,펜션,청약철회
2023008938,2023-02-14,여자,30 - 39세,제주도,국내온라인거래,스커트,청약철회
2023008939,2023-02-14,남자,20 - 29세,대전광역시,기타,헬스장,계약해제.해지/위약금
2023008940,2023-02-14,남자,40 - 49세,경기도,일반판매,음식물처리기,AS불만
2023008941,2023-02-14,남자,20 - 29세,서울특별시,기타,헬스장,이자.수수료
2023008942,2023-02-14,여자,30 - 39세,경상북도,전화권유판매,인터넷정보이용서비스,계약해제.해지/위약금
2023008943,2023-02-14,남자,40 - 49세,울산광역시,국내온라인거래,캐주얼바지,청약철회
2023008944,2023-02-14,여자,30 - 39세,서울특별시,국내온라인거래,기타서적음반류,품질(물품/용역)
2023008945,2023-02-14,남자,50 - 59세,광주광역시,방문판매,전기온수장판,안전(제품/시설)
2023008946,2023-02-14,여자,40 - 49세,서울특별시,소셜커머스(쇼핑),신유형상품권,약관
2023008947,2023-02-14,남자,20 - 29세,부산광역시,국내온라인거래,항공여객운송서비스,계약해제.해지/위약금
2023008948,2023-02-14,남자,20 - 29세,경기도,국내온라인거래,기타취미용품,청약철회
2023008949,2023-02-14,남자,30 - 39세,경기도,기타,성형외과,품질(물품/용역)
2023008950,2023-02-14,여자,30 - 39세,서울특별시,국내온라인거래,항공여객운송서비스,청약철회
2023008951,2023-02-14,남자,30 - 39세,서울특별시,국내온라인거래,외국어강습,계약불이행(불완전이행)
2023008952,2023-02-14,남자,40 - 49세,부산광역시,전화권유판매,인터넷정보이용서비스,계약해제.해지/위약금
2023008953,2023-02-14,남자,30 - 39세,서울특별시,국내온라인거래,항공여객운송서비스,계약불이행(불완전이행)
2023008954,2023-02-14,여자,20 - 29세,경기도,일반판매,피부·체형관리서비스,계약해제.해지/위약금
2023008955,2023-02-14,여자,20 - 29세,경기도,방문판매,결혼준비대행서비스,계약해제.해지/위약금
2023008956,2023-02-14,여자,40 - 49세,대구광역시,국내온라인거래,음식물처리기,품질(물품/용역)
2023008957,2023-02-14,남자,50 - 59세,서울특별시,일반판매,욕실용세정제,청약철회
2023008958,2023-02-14,남자,60 - 64세,서울특별시,소셜커머스(쇼핑),국내여행,계약해제.해지/위약금
2023008961,2023-02-15,여자,20 - 29세,경기도,일반판매,자동차주유,부당행위
2023008963,2023-02-14,남자,50 - 59세,서울특별시,국내온라인거래,TV,품질(물품/용역)
2023008964,2023-02-15,여자,50 - 59세,인천광역시,국내온라인거래,기타간편복,청약철회
2023008965,2023-02-15,여자,70 - 79세,인천광역시,소셜커머스(쇼핑),기타건강식품,품질(물품/용역)
2023008966,2023-02-15,여자,65 - 69세,전라남도,기타,기타옥외장비·설비,계약불이행(불완전이행)
2023008967,2023-02-15,여자,40 - 49세,전라북도,국내온라인거래,양복(서양식 의복)세탁,품질(물품/용역)
2023008968,2023-02-15,여자,40 - 49세,경기도,일반판매,자동차대여(렌트),품질(물품/용역)
2023008969,2023-02-15,남자,60 - 64세,인천광역시,방문판매,종신보험,부당행위
2023008970,2023-02-15,남자,40 - 49세,대전광역시,기타,고시원이용,계약해제.해지/위약금
2023008971,2023-02-15,남자,40 - 49세,경기도,소셜커머스(쇼핑),안경·안경테,청약철회
2023008972,2023-02-15,남자,40 - 49세,경상북도,모바일거래,호텔,계약해제.해지/위약금
2023008973,2023-02-15,여자,40 - 49세,서울특별시,국내온라인거래,운동화,계약해제.해지/위약금
2023008974,2023-02-15,여자,불명,경기도,일반판매,기타공조·냉난방기기,품질(물품/용역)
2023008976,2023-02-15,여자,20 - 29세,서울특별시,국내온라인거래,기타일반화장품,청약철회
2023008977,2023-02-15,남자,20 - 29세,서울특별시,일반판매,헬스장,계약해제.해지/위약금
2023008978,2023-02-15,남자,50 - 59세,경상북도,일반판매,초고속인터넷,계약해제.해지/위약금
2023008979,2023-02-15,남자,20 - 29세,서울특별시,전화권유판매,헬스장,계약해제.해지/위약금
2023008980,2023-02-15,남자,65 - 69세,전라남도,방문판매,기타옥외장비·설비,부당행위
2023008981,2023-02-15,여자,40 - 49세,인천광역시,기타통신판매,이동전화서비스,계약불이행(불완전이행)
2023008982,2023-02-15,남자,30 - 39세,광주광역시,국내온라인거래,헤어드라이어,계약불이행(불완전이행)
2023008983,2023-02-15,남자,50 - 59세,서울특별시,국내온라인거래,기타자동차용품,품질(물품/용역)
2023008985,2023-02-15,여자,65 - 69세,경상남도,기타,인터넷정보이용서비스,계약불이행(불완전이행)
2023008986,2023-02-15,여자,40 - 49세,대구광역시,국내온라인거래,캐주얼바지,청약철회
2023008988,2023-02-15,여자,40 - 49세,대구광역시,일반판매,전동킥보드,계약해제.해지/위약금
2023008989,2023-02-15,남자,30 - 39세,경상북도,국제온라인거래,의류수선,품질(물품/용역)
2023008990,2023-02-15,남자,30 - 39세,경상북도,국제온라인거래,의류수선,품질(물품/용역)
2023008991,2023-02-15,남자,20 - 29세,서울특별시,국내온라인거래,기타내의류,청약철회
2023008992,2023-02-15,남자,50 - 59세,경상남도,일반판매,셔츠,품질(물품/용역)
2023008993,2023-02-15,여자,30 - 39세,서울특별시,일반판매,상품권,부당행위
2023008994,2023-02-15,남자,40 - 49세,경기도,국내온라인거래,국외여행,거래관행
2023008995,2023-02-15,남자,30 - 39세,경기도,국내온라인거래,점퍼·재킷류,품질(물품/용역)
2023008997,2023-02-15,여자,40 - 49세,충청북도,모바일거래,신유형상품권,계약불이행(불완전이행)
2023008998,2023-02-15,남자,40 - 49세,서울특별시,모바일거래,항공여객운송서비스,청약철회
2023008999,2023-02-15,남자,불명,서울특별시,일반판매,자물쇠,계약불이행(불완전이행)
2023009000,2023-02-15,여자,50 - 59세,인천광역시,일반판매,점퍼·재킷류,품질(물품/용역)
2023009001,2023-02-15,여자,30 - 39세,경기도,일반판매,양복(서양식 의복)세탁,품질(물품/용역)
2023009002,2023-02-15,남자,40 - 49세,서울특별시,일반판매,보석·귀금속,품질(물품/용역)
2023009004,2023-02-15,여자,60 - 64세,광주광역시,일반판매,기타민영보험,약관
2023009005,2023-02-15,남자,40 - 49세,전라남도,전화권유판매,모바일정보이용서비스,계약해제.해지/위약금
2023009006,2023-02-15,남자,40 - 49세,경상북도,전화권유판매,유사투자자문,청약철회
2023009007,2023-02-15,남자,65 - 69세,경상북도,일반판매,소파,품질(물품/용역)
2023009009,2023-02-15,여자,60 - 64세,서울특별시,일반판매,건강(암·기타질병)보험,약관
2023009010,2023-02-15,여자,40 - 49세,경상북도,전화권유판매,유사투자자문,계약해제.해지/위약금
2023009011,2023-02-15,남자,40 - 49세,서울특별시,일반판매,헬스장,계약해제.해지/위약금
2023009012,2023-02-15,여자,40 - 49세,경기도,국내온라인거래,항공여객운송서비스,계약불이행(불완전이행)
2023009013,2023-02-15,여자,50 - 59세,전라남도,일반판매,건강(암·기타질병)보험,약관
2023009014,2023-02-15,여자,50 - 59세,경기도,국내온라인거래,운동화,청약철회
2023009015,2023-02-15,남자,60 - 64세,전라북도,일반판매,자동차수리·점검,AS불만
2023009016,2023-02-15,여자,30 - 39세,경상북도,국내온라인거래,유아복,계약불이행(불완전이행)
2023009018,2023-02-15,여자,70 - 79세,서울특별시,전화권유판매,화장품세트,부당채권추심
2023009019,2023-02-15,남자,40 - 49세,경기도,모바일거래,펜션,계약불이행(불완전이행)
2023009020,2023-02-15,여자,20 - 29세,광주광역시,일반판매,전산강습,계약해제.해지/위약금
2023009021,2023-02-15,여자,40 - 49세,경기도,일반판매,코트,품질(물품/용역)
2023009022,2023-02-15,남자,60 - 64세,경상남도,국내온라인거래,항공여객운송서비스,계약해제.해지/위약금
2023009023,2023-02-15,여자,30 - 39세,부산광역시,일반판매,생활패션화(슬립온·아쿠아슈즈·장화·작업화 등),품질(물품/용역)
2023009024,2023-02-15,남자,20 - 29세,대전광역시,일반판매,헬스장,계약해제.해지/위약금
2023009026,2023-02-15,남자,30 - 39세,경기도,국내온라인거래,시계,계약불이행(불완전이행)
2023009027,2023-02-15,여자,60 - 64세,부산광역시,일반판매,양복(서양식 의복)세탁,품질(물품/용역)
2023009028,2023-02-15,여자,20 - 29세,경기도,일반판매,헬스장,계약해제.해지/위약금
2023009029,2023-02-15,남자,30 - 39세,서울특별시,국내온라인거래,욕실설비,품질(물품/용역)
2023009030,2023-02-15,여자,30 - 39세,경기도,국내온라인거래,전기프라이팬,품질(물품/용역)
2023009031,2023-02-15,남자,40 - 49세,서울특별시,일반판매,신발세탁,계약불이행(불완전이행)
2023009032,2023-02-15,남자,30 - 39세,서울특별시,일반판매,아동화,품질(물품/용역)
2023009033,2023-02-15,여자,20 - 29세,충청북도,일반판매,헬스장,계약해제.해지/위약금
2023009034,2023-02-15,여자,40 - 49세,인천광역시,기타,옷장,품질(물품/용역)
2023009035,2023-02-15,남자,30 - 39세,경기도,일반판매,미분류대여(렌트),품질(물품/용역)
2023009036,2023-02-15,여자,50 - 59세,경기도,TV홈쇼핑,국내여행,표시.광고
2023009037,2023-02-15,남자,65 - 69세,인천광역시,일반판매,안경·안경테,품질(물품/용역)
2023009038,2023-02-15,남자,30 - 39세,서울특별시,국내온라인거래,책장·서가,계약해제.해지/위약금
2023009039,2023-02-15,여자,30 - 39세,서울특별시,일반판매,성형외과,품질(물품/용역)
2023009041,2023-02-15,남자,40 - 49세,경기도,일반판매,신사화(구두·부츠 등),품질(물품/용역)
2023009042,2023-02-15,여자,40 - 49세,서울특별시,일반판매,운동화,품질(물품/용역)
2023009043,2023-02-15,여자,50 - 59세,대전광역시,일반판매,기타병·의원서비스,품질(물품/용역)
2023009044,2023-02-15,여자,40 - 49세,서울특별시,일반판매,운동화,품질(물품/용역)
2023009045,2023-02-15,여자,40 - 49세,울산광역시,국내온라인거래,등산화,품질(물품/용역)
2023009046,2023-02-15,여자,50 - 59세,강원특별자치도,국내온라인거래,신발세탁,계약불이행(불완전이행)
2023009047,2023-02-15,여자,60 - 64세,경기도,일반판매,신경외과,품질(물품/용역)
2023009048,2023-02-15,남자,65 - 69세,충청남도,일반판매,신사화(구두·부츠 등),품질(물품/용역)
2023009049,2023-02-15,여자,50 - 59세,경기도,일반판매,숙녀화(구두·부츠 등),품질(물품/용역)
2023009050,2023-02-15,여자,20 - 29세,경기도,일반판매,운동화,품질(물품/용역)
2023009051,2023-02-15,여자,30 - 39세,경기도,국내온라인거래,숙녀화(구두·부츠 등),품질(물품/용역)
2023009052,2023-02-15,남자,50 - 59세,대전광역시,일반판매,바닥재·마루공사,품질(물품/용역)
2023009053,2023-02-15,남자,50 - 59세,전라북도,일반판매,운동화,품질(물품/용역)
2023009054,2023-02-15,여자,30 - 39세,강원특별자치도,국내온라인거래,운동화,품질(물품/용역)
2023009055,2023-02-15,남자,30 - 39세,서울특별시,일반판매,신사화(구두·부츠 등),품질(물품/용역)
2023009056,2023-02-15,여자,70 - 79세,경기도,일반판매,생활패션화(슬립온·아쿠아슈즈·장화·작업화 등),안전(제품/시설)
2023009057,2023-02-15,남자,20 - 29세,서울특별시,일반판매,운동화,품질(물품/용역)
2023009058,2023-02-15,여자,30 - 39세,경기도,일반판매,운동화,품질(물품/용역)
2023009059,2023-02-15,여자,30 - 39세,경기도,기타,피부·체형관리서비스,품질(물품/용역)
2023009060,2023-02-15,남자,40 - 49세,서울특별시,일반판매,국외여행,계약불이행(불완전이행)
2023009061,2023-02-15,남자,60 - 64세,서울특별시,일반판매,국외여행,계약불이행(불완전이행)
2023009062,2023-02-15,여자,20 - 29세,대전광역시,국내온라인거래,기타의류·섬유,계약불이행(불완전이행)
2023009063,2023-02-15,여자,50 - 59세,서울특별시,일반판매,국외여행,계약불이행(불완전이행)
2023009064,2023-02-15,여자,50 - 59세,경기도,일반판매,국외여행,계약불이행(불완전이행)
2023009065,2023-02-15,남자,50 - 59세,경기도,일반판매,국외여행,계약불이행(불완전이행)
2023009066,2023-02-15,남자,65 - 69세,경기도,일반판매,골프용품,품질(물품/용역)
2023009067,2023-02-15,남자,65 - 69세,서울특별시,일반판매,국외여행,계약불이행(불완전이행)
2023009069,2023-02-15,여자,50 - 59세,서울특별시,일반판매,국외여행,계약불이행(불완전이행)
2023009070,2023-02-15,남자,20 - 29세,경기도,일반판매,헬스장,계약해제.해지/위약금
2023009071,2023-02-15,남자,30 - 39세,서울특별시,국내온라인거래,스포츠웨어,계약해제.해지/위약금
2023009072,2023-02-15,여자,40 - 49세,경기도,일반판매,이불·요,품질(물품/용역)
2023009073,2023-02-15,남자,20 - 29세,서울특별시,일반판매,독서실이용,계약해제.해지/위약금
2023009074,2023-02-15,남자,20 - 29세,서울특별시,일반판매,헬스장,계약해제.해지/위약금
2023009075,2023-02-15,남자,30 - 39세,경기도,일반판매,자동차수리·점검,AS불만
2023009076,2023-02-15,남자,30 - 39세,서울특별시,기타,인터넷정보이용서비스,계약불이행(불완전이행)
2023009077,2023-02-15,여자,65 - 69세,경상남도,일반판매,기타의료용구,품질(물품/용역)
2023009079,2023-02-15,남자,20 - 29세,서울특별시,기타,헬스장,계약해제.해지/위약금
2023009081,2023-02-15,여자,30 - 39세,서울특별시,모바일거래,애완동물이·미용서비스,계약해제.해지/위약금
2023009082,2023-02-15,여자,40 - 49세,서울특별시,국내온라인거래,기타의류·섬유,청약철회
2023009083,2023-02-15,여자,30 - 39세,경상북도,일반판매,양복(서양식 의복)세탁,품질(물품/용역)
2023009085,2023-02-15,남자,30 - 39세,서울특별시,일반판매,양복(서양식 의복)세탁,품질(물품/용역)
2023009086,2023-02-15,남자,30 - 39세,경기도,일반판매,자동차수리·점검,AS불만
2023009087,2023-02-15,여자,30 - 39세,서울특별시,일반판매,헬스장,품질(물품/용역)
2023009088,2023-02-15,여자,30 - 39세,경기도,국내온라인거래,양복(서양식 의복)세탁,품질(물품/용역)
2023009089,2023-02-15,여자,30 - 39세,부산광역시,일반판매,햄,품질(물품/용역)
2023009091,2023-02-15,여자,30 - 39세,경기도,국내온라인거래,양복(서양식 의복)세탁,품질(물품/용역)
2023009093,2023-02-15,남자,50 - 59세,경상북도,전화권유판매,유사투자자문,계약해제.해지/위약금
2023009094,2023-02-15,여자,40 - 49세,대전광역시,국내온라인거래,생활패션화(슬립온·아쿠아슈즈·장화·작업화 등),품질(물품/용역)
2023009095,2023-02-15,남자,30 - 39세,인천광역시,국내온라인거래,쇠고기포장육,품질(물품/용역)
2023009096,2023-02-15,남자,40 - 49세,충청남도,국내온라인거래,인터넷게임서비스,계약불이행(불완전이행)
2023009097,2023-02-15,여자,50 - 59세,서울특별시,소셜커머스(쇼핑),냉장고,거래관행
2023009098,2023-02-15,남자,65 - 69세,경기도,기타,안마의자대여(렌트),품질(물품/용역)
2023009099,2023-02-15,여자,30 - 39세,서울특별시,국내온라인거래,사진촬영,품질(물품/용역)
2023009100,2023-02-15,남자,30 - 39세,경기도,국내온라인거래,전기장판,안전(제품/시설)
2023009101,2023-02-15,남자,30 - 39세,대구광역시,소셜커머스(쇼핑),기타스포츠·레저기구·용품,품질(물품/용역)
2023009102,2023-02-15,여자,30 - 39세,서울특별시,일반판매,공중목욕탕,표시.광고
2023009104,2023-02-15,여자,30 - 39세,서울특별시,일반판매,오피스텔,계약불이행(불완전이행)
2023009108,2023-02-15,남자,70 - 79세,충청남도,국내온라인거래,전기스토브,품질(물품/용역)
2023009109,2023-02-15,여자,30 - 39세,경기도,일반판매,양복(서양식 의복)세탁,품질(물품/용역)
2023009110,2023-02-15,여자,30 - 39세,경기도,일반판매,양복(서양식 의복)세탁,품질(물품/용역)
2023009111,2023-02-15,남자,50 - 59세,경상북도,일반판매,실손보험,약관
2023009112,2023-02-15,여자,40 - 49세,경기도,일반판매,기타미분류서비스,계약해제.해지/위약금
2023009114,2023-02-15,남자,10 - 19세,대구광역시,국내온라인거래,인터넷정보이용서비스,계약불이행(불완전이행)
2023009115,2023-02-15,여자,40 - 49세,서울특별시,일반판매,양복(서양식 의복)세탁,품질(물품/용역)
2023009116,2023-02-15,여자,65 - 69세,경기도,일반판매,상조서비스,계약불이행(불완전이행)
2023009117,2023-02-15,여자,30 - 39세,경상남도,일반판매,헬스장,계약불이행(불완전이행)
2023009118,2023-02-15,여자,40 - 49세,전라남도,일반판매,상조서비스,계약해제.해지/위약금
2023009119,2023-02-15,남자,30 - 39세,경상남도,일반판매,대형승용자동차,계약불이행(불완전이행)
2023009120,2023-02-15,남자,30 - 39세,인천광역시,일반판매,헬스장,계약해제.해지/위약금
2023009121,2023-02-15,남자,30 - 39세,경기도,기타,국외여행,계약불이행(불완전이행)
2023009122,2023-02-15,여자,50 - 59세,대구광역시,기타통신판매,기타인테리어설비,AS불만
2023009123,2023-02-15,남자,20 - 29세,부산광역시,방문판매,헬스장,계약해제.해지/위약금
2023009124,2023-02-15,남자,30 - 39세,부산광역시,전화권유판매,기타정보이용서비스,계약해제.해지/위약금
2023009125,2023-02-15,남자,40 - 49세,서울특별시,국내온라인거래,니트(스웨터),부당행위
2023009126,2023-02-15,여자,40 - 49세,서울특별시,국내온라인거래,니트(스웨터),청약철회
2023009127,2023-02-15,여자,30 - 39세,대전광역시,소셜커머스(쇼핑),기타식품류,청약철회
2023009128,2023-02-15,여자,50 - 59세,경기도,국내온라인거래,기타간편복,청약철회
2023009129,2023-02-15,여자,20 - 29세,충청북도,기타,운동화,계약불이행(불완전이행)
2023009130,2023-02-15,남자,40 - 49세,대전광역시,국내온라인거래,기타내의류,계약불이행(불완전이행)
2023009131,2023-02-15,여자,20 - 29세,대구광역시,모바일거래,항공여객운송서비스,계약해제.해지/위약금
2023009132,2023-02-15,여자,20 - 29세,경기도,방문판매,헬스장,계약해제.해지/위약금
2023009133,2023-02-15,여자,50 - 59세,강원특별자치도,국내온라인거래,티셔츠,청약철회
2023009134,2023-02-15,남자,50 - 59세,전라남도,기타통신판매,전기장판,품질(물품/용역)
2023009135,2023-02-15,남자,30 - 39세,인천광역시,국내온라인거래,헤드폰·이어폰,계약불이행(불완전이행)
2023009136,2023-02-15,여자,20 - 29세,서울특별시,일반판매,헬스장,계약해제.해지/위약금
2023009137,2023-02-15,여자,20 - 29세,경기도,일반판매,필라테스,계약해제.해지/위약금
2023009138,2023-02-15,남자,30 - 39세,경상북도,국내온라인거래,보온병,청약철회
2023009139,2023-02-15,남자,20 - 29세,충청북도,국내온라인거래,소파,청약철회
2023009140,2023-02-15,남자,20 - 29세,경상남도,기타통신판매,인터넷교육서비스,계약불이행(불완전이행)
2023009141,2023-02-15,남자,40 - 49세,서울특별시,일반판매,택배화물운송서비스,품질(물품/용역)
2023009142,2023-02-15,남자,40 - 49세,서울특별시,국내온라인거래,초고속인터넷,가격.요금
2023009143,2023-02-15,여자,20 - 29세,서울특별시,기타,헬스장,계약해제.해지/위약금
2023009144,2023-02-15,여자,50 - 59세,경기도,기타,기타의류·섬유,청약철회
2023009145,2023-02-15,여자,50 - 59세,경기도,일반판매,기타교육서비스,계약해제.해지/위약금
2023009146,2023-02-15,남자,20 - 29세,부산광역시,일반판매,헬스장,계약해제.해지/위약금
2023009147,2023-02-15,여자,30 - 39세,경기도,기타,가스에어컨,품질(물품/용역)
2023009148,2023-02-15,남자,30 - 39세,인천광역시,방문판매,헬스장,계약해제.해지/위약금
2023009149,2023-02-15,여자,30 - 39세,경기도,일반판매,필라테스,계약해제.해지/위약금
2023009150,2023-02-15,여자,30 - 39세,서울특별시,모바일거래,국내결혼중개,계약해제.해지/위약금
2023009152,2023-02-15,남자,30 - 39세,서울특별시,국내온라인거래,옷장,품질(물품/용역)
2023009153,2023-02-15,여자,20 - 29세,경기도,모바일거래,기타정보이용서비스,계약해제.해지/위약금
2023009154,2023-02-15,여자,40 - 49세,경기도,국내온라인거래,기타숙박시설,계약해제.해지/위약금
2023009155,2023-02-15,남자,30 - 39세,대전광역시,국내온라인거래,컴퓨터모니터(데스크탑),청약철회
2023009156,2023-02-15,여자,30 - 39세,서울특별시,국내온라인거래,헤어드라이어,부당행위
2023009157,2023-02-15,여자,20 - 29세,서울특별시,방문판매,보석·귀금속,계약해제.해지/위약금
2023009158,2023-02-15,남자,20 - 29세,경기도,일반판매,헬스장,계약해제.해지/위약금
2023009159,2023-02-15,남자,50 - 59세,경기도,국내온라인거래,레저시설이용,이자.수수료
2023009160,2023-02-15,여자,20 - 29세,인천광역시,모바일거래,인터넷교육서비스,계약해제.해지/위약금
2023009161,2023-02-15,여자,40 - 49세,경기도,국내온라인거래,기타컴퓨터·주변기기,청약철회
2023009162,2023-02-15,남자,60 - 64세,경기도,소셜커머스(쇼핑),가습기,품질(물품/용역)
2023009163,2023-02-15,여자,30 - 39세,서울특별시,기타,기타숙박시설,계약불이행(불완전이행)
2023009164,2023-02-15,여자,30 - 39세,경기도,모바일거래,기타숙박시설,부당행위
2023009165,2023-02-15,여자,40 - 49세,경기도,기타,종합체육시설회원권,계약해제.해지/위약금
2023009166,2023-02-15,남자,40 - 49세,대전광역시,국내온라인거래,남성용내의류,계약불이행(불완전이행)
2023009167,2023-02-15,여자,20 - 29세,서울특별시,기타,항공여객운송서비스,청약철회
2023009168,2023-02-15,여자,20 - 29세,서울특별시,일반판매,기타어패류·어패류가공식품,품질(물품/용역)
2023009169,2023-02-15,남자,30 - 39세,경기도,일반판매,스마트폰,품질(물품/용역)
2023009170,2023-02-15,남자,30 - 39세,대전광역시,일반판매,기타공조·냉난방설비,품질(물품/용역)
2023009171,2023-02-15,남자,30 - 39세,서울특별시,기타,예식서비스,부당행위
2023009172,2023-02-15,남자,20 - 29세,충청남도,국내온라인거래,전자게임기구,품질(물품/용역)
2023009173,2023-02-15,남자,40 - 49세,서울특별시,기타,헬스장,계약해제.해지/위약금
2023009174,2023-02-15,여자,20 - 29세,대구광역시,기타,통신기기케이스,청약철회
2023009175,2023-02-15,남자,50 - 59세,경기도,국내온라인거래,항공여객운송서비스,계약해제.해지/위약금
2023009176,2023-02-15,남자,30 - 39세,경기도,국내온라인거래,냄비,품질(물품/용역)
2023009177,2023-02-15,남자,50 - 59세,경기도,기타,이동전화서비스,계약불이행(불완전이행)
2023009178,2023-02-15,남자,20 - 29세,서울특별시,국내온라인거래,기타미분류서비스,청약철회
2023009179,2023-02-15,여자,40 - 49세,광주광역시,일반판매,공기청정기대여(렌트),계약해제.해지/위약금
2023009180,2023-02-15,여자,20 - 29세,경상남도,일반판매,펜션,계약불이행(불완전이행)
2023009181,2023-02-15,여자,20 - 29세,경상북도,국내온라인거래,각종공연관람,청약철회
2023009182,2023-02-15,여자,40 - 49세,서울특별시,국내온라인거래,항공여객운송서비스,계약해제.해지/위약금
2023009184,2023-02-15,여자,20 - 29세,경기도,일반판매,피임용품,청약철회
2023009185,2023-02-15,여자,30 - 39세,경상남도,기타통신판매,학습지,계약불이행(불완전이행)
2023009186,2023-02-15,여자,50 - 59세,전라남도,모바일거래,기타인테리어설비,AS불만
2023009187,2023-02-15,남자,20 - 29세,서울특별시,모바일거래,기타세탁서비스,품질(물품/용역)
2023009188,2023-02-15,여자,30 - 39세,경기도,국내온라인거래,국외여행,계약불이행(불완전이행)
2023009189,2023-02-15,여자,40 - 49세,전라북도,기타통신판매,세탁용합성세제,품질(물품/용역)
2023009201,2023-02-16,남자,50 - 59세,대구광역시,국내온라인거래,헤드폰·이어폰,청약철회
2023009202,2023-02-16,여자,30 - 39세,전라남도,국내온라인거래,기타숙박시설,계약해제.해지/위약금
2023009203,2023-02-16,여자,30 - 39세,인천광역시,일반판매,헬스장,계약해제.해지/위약금
2023009204,2023-02-16,여자,30 - 39세,인천광역시,일반판매,자동차주차장,계약해제.해지/위약금
2023009205,2023-02-16,남자,30 - 39세,경기도,소셜커머스(쇼핑),와이퍼,품질(물품/용역)
2023009206,2023-02-16,남자,40 - 49세,서울특별시,일반판매,자동차수리·점검,AS불만
2023009207,2023-02-16,남자,30 - 39세,서울특별시,소셜커머스(쇼핑),기타미분류물품,가격.요금
2023009208,2023-02-16,여자,60 - 64세,서울특별시,일반판매,스포츠웨어,품질(물품/용역)
2023009209,2023-02-16,여자,30 - 39세,부산광역시,국내온라인거래,기타자동차용품,청약철회
2023009210,2023-02-16,남자,30 - 39세,인천광역시,모바일거래,카셰어링,품질(물품/용역)
2023009212,2023-02-16,남자,30 - 39세,경기도,국내온라인거래,차량용블랙박스,청약철회
2023009213,2023-02-16,남자,70 - 79세,서울특별시,방문판매,기타회원권,청약철회
2023009214,2023-02-16,남자,60 - 64세,경기도,모바일거래,자동차보험,계약해제.해지/위약금
2023009215,2023-02-16,남자,65 - 69세,경상남도,일반판매,상조서비스,청약철회
2023009216,2023-02-16,여자,30 - 39세,인천광역시,기타,항공여객운송서비스,계약불이행(불완전이행)
2023009217,2023-02-16,여자,40 - 49세,부산광역시,기타통신판매,유사투자자문,계약해제.해지/위약금
2023009219,2023-02-16,여자,40 - 49세,경기도,기타,미용서비스,계약해제.해지/위약금
2023009220,2023-02-16,여자,30 - 39세,경기도,일반판매,헬스장,계약해제.해지/위약금
2023009222,2023-02-16,여자,30 - 39세,서울특별시,일반판매,철도여객운송서비스,계약해제.해지/위약금
2023009223,2023-02-16,남자,30 - 39세,전라북도,방문판매,화재보험,계약해제.해지/위약금
2023009224,2023-02-16,여자,60 - 64세,경기도,전화권유판매,다이어트식품,품질(물품/용역)
2023009225,2023-02-16,남자,50 - 59세,경기도,국내온라인거래,기타건강식품,청약철회
2023009226,2023-02-16,여자,65 - 69세,대전광역시,국내온라인거래,원피스,계약불이행(불완전이행)
2023009227,2023-02-16,남자,60 - 64세,인천광역시,일반판매,이동전화서비스,가격.요금
2023009228,2023-02-16,여자,20 - 29세,전라남도,일반판매,성형외과,계약해제.해지/위약금
2023009229,2023-02-16,여자,60 - 64세,광주광역시,일반판매,양복(서양식 의복)세탁,품질(물품/용역)
2023009231,2023-02-16,여자,50 - 59세,서울특별시,TV홈쇼핑,음식물처리기대여(렌트),품질(물품/용역)
2023009234,2023-02-16,남자,30 - 39세,서울특별시,국내온라인거래,점퍼·재킷류,품질(물품/용역)
2023009235,2023-02-16,남자,50 - 59세,서울특별시,일반판매,연금보험,부당행위
2023009236,2023-02-16,여자,20 - 29세,서울특별시,모바일거래,미용서비스,계약해제.해지/위약금
2023009237,2023-02-16,남자,30 - 39세,대구광역시,모바일거래,카셰어링,약관
2023009238,2023-02-16,남자,30 - 39세,서울특별시,기타,피부·체형관리서비스,계약해제.해지/위약금
2023009239,2023-02-16,여자,40 - 49세,경상남도,소셜커머스(쇼핑),오토바이,AS불만
2023009240,2023-02-16,남자,30 - 39세,경기도,일반판매,자동차수리·점검,부당행위
2023009241,2023-02-16,남자,70 - 79세,서울특별시,TV홈쇼핑,국외여행,계약해제.해지/위약금
2023009242,2023-02-16,여자,30 - 39세,부산광역시,일반판매,골프회원권,계약해제.해지/위약금
2023009243,2023-02-16,여자,30 - 39세,경기도,방문판매,상조서비스,계약해제.해지/위약금
2023009244,2023-02-16,남자,40 - 49세,대구광역시,국내온라인거래,커피메이커,AS불만
2023009245,2023-02-16,여자,50 - 59세,서울특별시,전화권유판매,유사투자자문,계약해제.해지/위약금
2023009246,2023-02-16,남자,50 - 59세,서울특별시,일반판매,중형승용자동차,품질(물품/용역)
2023009247,2023-02-16,여자,30 - 39세,인천광역시,방문판매,인터넷교육서비스,계약해제.해지/위약금
2023009248,2023-02-16,여자,30 - 39세,서울특별시,일반판매,헬스장,계약해제.해지/위약금
2023009249,2023-02-16,남자,70 - 79세,경기도,일반판매,이동전화서비스,계약불이행(불완전이행)
2023009250,2023-02-16,여자,50 - 59세,경기도,국내온라인거래,선어(생선),품질(물품/용역)
2023009251,2023-02-16,여자,40 - 49세,강원특별자치도,일반판매,TV,계약불이행(불완전이행)
2023009252,2023-02-16,여자,20 - 29세,경기도,일반판매,필라테스,계약해제.해지/위약금
2023009253,2023-02-16,여자,40 - 49세,광주광역시,일반판매,점퍼·재킷류,품질(물품/용역)
2023009254,2023-02-16,여자,30 - 39세,인천광역시,일반판매,필라테스,계약해제.해지/위약금
2023009257,2023-02-16,여자,30 - 39세,경기도,국내온라인거래,인터넷게임서비스,부당행위
2023009258,2023-02-16,남자,40 - 49세,전라북도,일반판매,중고자동차중개·매매,표시.광고
2023009259,2023-02-16,남자,70 - 79세,서울특별시,국내온라인거래,기타화물운송서비스,거래관행
2023009260,2023-02-16,여자,40 - 49세,대전광역시,전화권유판매,인터넷정보이용서비스,계약불이행(불완전이행)
2023009261,2023-02-16,여자,30 - 39세,충청남도,국내온라인거래,기타신변용품,표시.광고
2023009262,2023-02-16,남자,50 - 59세,대구광역시,전화권유판매,유사투자자문,계약해제.해지/위약금
2023009263,2023-02-16,여자,20 - 29세,서울특별시,일반판매,독서실이용,계약해제.해지/위약금
2023009264,2023-02-16,여자,30 - 39세,경기도,국내온라인거래,필라테스,계약해제.해지/위약금
2023009265,2023-02-16,여자,50 - 59세,서울특별시,일반판매,기타의류·섬유,계약해제.해지/위약금
2023009267,2023-02-16,남자,30 - 39세,서울특별시,국내온라인거래,서랍장,계약해제.해지/위약금
2023009268,2023-02-16,여자,50 - 59세,인천광역시,일반판매,스포츠시설이용,계약불이행(불완전이행)
2023009269,2023-02-16,여자,50 - 59세,서울특별시,일반판매,국외여행,계약해제.해지/위약금
2023009270,2023-02-16,남자,40 - 49세,서울특별시,일반판매,점퍼·재킷류,품질(물품/용역)
2023009271,2023-02-16,여자,50 - 59세,경기도,방문판매,유사투자자문,계약해제.해지/위약금
2023009272,2023-02-16,여자,40 - 49세,서울특별시,국내온라인거래,인터넷정보이용서비스,계약불이행(불완전이행)
2023009273,2023-02-16,여자,50 - 59세,경기도,일반판매,숙녀화(구두·부츠 등),품질(물품/용역)
2023009274,2023-02-16,남자,40 - 49세,경기도,국내온라인거래,항공여객운송서비스,계약불이행(불완전이행)
2023009275,2023-02-16,여자,40 - 49세,전라남도,일반판매,신경외과,품질(물품/용역)
2023009276,2023-02-16,여자,20 - 29세,경기도,일반판매,정형외과,품질(물품/용역)
2023009277,2023-02-16,여자,40 - 49세,서울특별시,일반판매,성형외과,품질(물품/용역)
2023009278,2023-02-16,여자,50 - 59세,서울특별시,일반판매,기타민영보험,약관
2023009279,2023-02-16,여자,50 - 59세,서울특별시,일반판매,기타민영보험,약관
2023009280,2023-02-16,여자,50 - 59세,경기도,일반판매,실손보험,약관
2023009281,2023-02-16,남자,50 - 59세,서울특별시,국내온라인거래,통신기기케이스,계약해제.해지/위약금
2023009282,2023-02-16,남자,50 - 59세,경상남도,일반판매,기타인테리어설비,계약불이행(불완전이행)
2023009283,2023-02-16,여자,30 - 39세,전라남도,일반판매,점퍼·재킷류,품질(물품/용역)
2023009284,2023-02-16,남자,30 - 39세,경기도,일반판매,자동차주유,부당행위
2023009285,2023-02-16,남자,30 - 39세,부산광역시,국내온라인거래,옷장,품질(물품/용역)
2023009286,2023-02-16,여자,50 - 59세,충청남도,국내온라인거래,운동화,품질(물품/용역)
2023009287,2023-02-16,남자,50 - 59세,충청북도,기타,초고속인터넷,부당행위
2023009288,2023-02-16,여자,30 - 39세,서울특별시,일반판매,자동차대여(렌트),부당행위
2023009289,2023-02-16,여자,(미입력),경기도,국내온라인거래,스노우체인,표시.광고
2023009290,2023-02-16,남자,30 - 39세,서울특별시,일반판매,신사화(구두·부츠 등),품질(물품/용역)
2023009291,2023-02-16,여자,40 - 49세,경기도,기타,골프회원권,계약해제.해지/위약금
2023009292,2023-02-16,남자,40 - 49세,경기도,국내온라인거래,기타스포츠·레저기구·용품,청약철회
2023009294,2023-02-16,여자,40 - 49세,경기도,국내온라인거래,양파,청약철회
2023009295,2023-02-16,남자,30 - 39세,서울특별시,국내온라인거래,노트북컴퓨터,품질(물품/용역)
2023009296,2023-02-16,여자,20 - 29세,경기도,일반판매,헬스장,계약해제.해지/위약금
2023009297,2023-02-16,여자,20 - 29세,서울특별시,일반판매,실손보험,계약불이행(불완전이행)
2023009298,2023-02-16,여자,30 - 39세,경기도,일반판매,피부·체형관리서비스,계약불이행(불완전이행)
2023009299,2023-02-16,여자,50 - 59세,인천광역시,국내온라인거래,전기장판,품질(물품/용역)
2023009300,2023-02-16,여자,30 - 39세,인천광역시,일반판매,양복(서양식 의복)세탁,품질(물품/용역)
2023009301,2023-02-16,여자,20 - 29세,서울특별시,국내온라인거래,기타의류·섬유,청약철회
2023009302,2023-02-16,여자,40 - 49세,광주광역시,기타,스마트폰,부당행위
2023009304,2023-02-16,남자,50 - 59세,전라남도,모바일거래,"OTT서비스(넷플릭스,왓챠 등)",계약해제.해지/위약금
2023009306,2023-02-16,여자,40 - 49세,인천광역시,국내온라인거래,국외여행,계약불이행(불완전이행)
2023009307,2023-02-16,여자,30 - 39세,서울특별시,국내온라인거래,캐주얼바지,청약철회
2023009309,2023-02-16,남자,30 - 39세,부산광역시,모바일거래,이동전화서비스,계약불이행(불완전이행)
2023009310,2023-02-16,여자,30 - 39세,서울특별시,국내온라인거래,통신기기케이스,청약철회
2023009311,2023-02-16,남자,30 - 39세,경기도,일반판매,전기진공청소기,계약불이행(불완전이행)
2023009312,2023-02-16,남자,70 - 79세,경기도,전화권유판매,유사투자자문,계약불이행(불완전이행)
2023009313,2023-02-16,여자,20 - 29세,경상북도,일반판매,기타병·의원서비스,계약해제.해지/위약금
2023009314,2023-02-16,남자,40 - 49세,전라북도,일반판매,기타의류·섬유,계약불이행(불완전이행)
2023009316,2023-02-16,남자,50 - 59세,서울특별시,일반판매,스마트폰,품질(물품/용역)
2023009317,2023-02-16,여자,불명,경기도,전화권유판매,모바일정보이용서비스,계약불이행(불완전이행)
2023009318,2023-02-16,남자,50 - 59세,경상남도,방문판매,상조서비스,청약철회
2023009319,2023-02-16,여자,40 - 49세,서울특별시,국내온라인거래,점퍼·재킷류,청약철회
2023009320,2023-02-16,여자,50 - 59세,서울특별시,노상판매,유선방송,계약불이행(불완전이행)
2023009321,2023-02-16,남자,20 - 29세,서울특별시,기타,헬스장,계약해제.해지/위약금
2023009322,2023-02-16,여자,30 - 39세,울산광역시,일반판매,가구세트,계약불이행(불완전이행)
2023009323,2023-02-16,남자,20 - 29세,경기도,모바일거래,기타숙박시설,가격.요금
2023009324,2023-02-16,남자,50 - 59세,경상남도,국내온라인거래,전기팬히터,부당행위
2023009325,2023-02-16,여자,30 - 39세,부산광역시,국내온라인거래,TV,계약해제.해지/위약금
2023009326,2023-02-16,여자,40 - 49세,경기도,기타,외식,안전(제품/시설)
2023009327,2023-02-16,남자,20 - 29세,전라북도,국내온라인거래,통신기기케이스,품질(물품/용역)
2023009328,2023-02-16,남자,40 - 49세,인천광역시,국내온라인거래,녹화음반테이프(비디오카세트LP),품질(물품/용역)
2023009329,2023-02-16,남자,30 - 39세,충청남도,국내온라인거래,국외여행,청약철회
2023009330,2023-02-16,남자,30 - 39세,서울특별시,일반판매,소파,청약철회
2023009331,2023-02-16,여자,30 - 39세,서울특별시,국내온라인거래,애완견,품질(물품/용역)
2023009332,2023-02-16,남자,30 - 39세,경기도,기타,모바일정보이용서비스,계약해제.해지/위약금
2023009333,2023-02-16,여자,40 - 49세,부산광역시,기타,커피,부당행위
2023009334,2023-02-16,남자,50 - 59세,인천광역시,일반판매,고시원이용,계약해제.해지/위약금
2023009335,2023-02-16,여자,70 - 79세,부산광역시,기타,보청기,품질(물품/용역)
2023009336,2023-02-16,여자,30 - 39세,경기도,모바일거래,사진촬영,계약해제.해지/위약금
2023009337,2023-02-16,남자,10 - 19세,서울특별시,국내온라인거래,항공여객운송서비스,계약불이행(불완전이행)
2023009338,2023-02-16,남자,40 - 49세,서울특별시,기타,레포츠장비대여(렌트),품질(물품/용역)
2023009339,2023-02-16,남자,30 - 39세,충청남도,기타,헬스장,계약해제.해지/위약금
2023009340,2023-02-16,남자,60 - 64세,경상남도,모바일거래,성기능향상기기,계약해제.해지/위약금
2023009341,2023-02-16,남자,30 - 39세,부산광역시,국내온라인거래,스웨터,품질(물품/용역)
2023009342,2023-02-16,남자,30 - 39세,경기도,국내온라인거래,기타조리기기·기구,가격.요금
2023009343,2023-02-16,남자,20 - 29세,서울특별시,일반판매,헬스장,계약해제.해지/위약금
2023009344,2023-02-16,여자,50 - 59세,경기도,국내온라인거래,기타의류·섬유,계약불이행(불완전이행)
2023009345,2023-02-16,여자,20 - 29세,대구광역시,기타,숙녀화(구두·부츠 등),청약철회
2023009347,2023-02-16,남자,30 - 39세,경기도,기타,결혼준비대행서비스,계약불이행(불완전이행)
2023009348,2023-02-16,여자,20 - 29세,서울특별시,국내온라인거래,니트(스웨터),품질(물품/용역)
2023009349,2023-02-16,여자,40 - 49세,부산광역시,기타,기타빵·과자류,부당행위
2023009350,2023-02-16,남자,40 - 49세,경기도,일반판매,이동전화서비스,품질(물품/용역)
2023009351,2023-02-16,여자,20 - 29세,서울특별시,방문판매,필라테스,계약해제.해지/위약금
2023009352,2023-02-16,여자,50 - 59세,경기도,일반판매,사진촬영,계약불이행(불완전이행)
2023009353,2023-02-16,남자,30 - 39세,경기도,소셜커머스(쇼핑),TV대,품질(물품/용역)
2023009354,2023-02-16,여자,40 - 49세,경기도,기타,외식,부당행위
2023009355,2023-02-16,여자,40 - 49세,경기도,일반판매,핸드백,부당행위
2023009356,2023-02-16,여자,20 - 29세,서울특별시,국내온라인거래,기타숙박시설,계약해제.해지/위약금
2023009357,2023-02-16,여자,30 - 39세,경기도,방문판매,이동전화서비스,계약해제.해지/위약금
2023009358,2023-02-16,남자,30 - 39세,부산광역시,국내온라인거래,캐주얼바지,청약철회
2023009359,2023-02-16,남자,40 - 49세,경상북도,기타통신판매,인터넷게임서비스,무능력자계약
2023009360,2023-02-16,남자,40 - 49세,경기도,방문판매,천마제품,청약철회
2023009361,2023-02-16,남자,40 - 49세,경기도,국내온라인거래,시계,AS불만
2023009362,2023-02-16,여자,30 - 39세,충청북도,국내온라인거래,핸드백,청약철회
2023009363,2023-02-16,남자,30 - 39세,전라남도,모바일거래,기타간편복,청약철회
2023009364,2023-02-16,여자,30 - 39세,충청북도,기타,미용서비스,안전(제품/시설)
2023009365,2023-02-16,여자,60 - 64세,서울특별시,국내온라인거래,안경·안경테,AS불만
2023009366,2023-02-16,남자,30 - 39세,서울특별시,기타,항공여객운송서비스,계약불이행(불완전이행)
2023009367,2023-02-16,남자,30 - 39세,경기도,일반판매,스포츠시설이용,계약해제.해지/위약금
2023009368,2023-02-16,여자,50 - 59세,서울특별시,일반판매,피부·체형관리서비스,계약해제.해지/위약금
2023009369,2023-02-16,여자,30 - 39세,서울특별시,기타,포장이사운송서비스,품질(물품/용역)
2023009370,2023-02-16,여자,40 - 49세,경상남도,소셜커머스(쇼핑),기타간편복,계약해제.해지/위약금
2023009371,2023-02-16,여자,40 - 49세,부산광역시,기타,각종공연관람,품질(물품/용역)
2023009372,2023-02-16,여자,20 - 29세,대전광역시,국내온라인거래,기타간편복,청약철회
2023009374,2023-02-16,여자,20 - 29세,서울특별시,전화권유판매,이동전화서비스,품질(물품/용역)
2023009375,2023-02-16,남자,40 - 49세,서울특별시,국내온라인거래,항공여객운송서비스,계약해제.해지/위약금
2023009376,2023-02-16,남자,30 - 39세,대전광역시,소셜커머스(쇼핑),즉석조리식품,안전(제품/시설)
2023009377,2023-02-16,남자,40 - 49세,경기도,국내온라인거래,안마의자,AS불만
2023009378,2023-02-16,여자,30 - 39세,경기도,방문판매,헬스장,계약해제.해지/위약금
2023009379,2023-02-16,남자,30 - 39세,경상북도,국내온라인거래,항공여객운송서비스,청약철회
2023009380,2023-02-16,여자,30 - 39세,서울특별시,방문판매,헬스장,계약해제.해지/위약금
2023009381,2023-02-16,여자,30 - 39세,경기도,국내온라인거래,게,청약철회
2023009382,2023-02-16,남자,40 - 49세,경기도,일반판매,종합체육시설회원권,계약해제.해지/위약금
2023009401,2023-02-17,남자,40 - 49세,경기도,일반판매,애완견,계약불이행(불완전이행)
2023009402,2023-02-17,남자,50 - 59세,경상북도,일반판매,유선방송,거래관행
2023009404,2023-02-16,여자,30 - 39세,경기도,일반판매,스키용품,표시.광고
2023009405,2023-02-17,남자,50 - 59세,광주광역시,기타통신판매,유사투자자문,청약철회
2023009406,2023-02-17,여자,40 - 49세,경기도,일반판매,스포츠시설이용,계약해제.해지/위약금
2023009407,2023-02-17,남자,50 - 59세,서울특별시,일반판매,자동차세차,부당행위
2023009408,2023-02-17,여자,60 - 64세,경상남도,기타통신판매,인터넷정보이용서비스,계약해제.해지/위약금
2023009409,2023-02-17,여자,40 - 49세,경기도,일반판매,스포츠시설이용,계약해제.해지/위약금
2023009411,2023-02-17,남자,70 - 79세,경기도,일반판매,이동전화서비스,계약불이행(불완전이행)
2023009412,2023-02-17,여자,40 - 49세,경기도,일반판매,스포츠시설이용,계약해제.해지/위약금
2023009414,2023-02-17,여자,30 - 39세,경상남도,방문판매,인터넷교육서비스,계약해제.해지/위약금
2023009415,2023-02-17,남자,40 - 49세,경기도,일반판매,자동차주유,부당행위
2023009416,2023-02-17,여자,40 - 49세,전라북도,방문판매,실손보험,계약불이행(불완전이행)
2023009417,2023-02-17,여자,30 - 39세,경기도,일반판매,스마트폰,품질(물품/용역)
2023009418,2023-02-17,여자,20 - 29세,경기도,전화권유판매,유사투자자문,계약해제.해지/위약금
2023009419,2023-02-17,남자,50 - 59세,경기도,일반판매,자동차수리·점검,품질(물품/용역)
2023009420,2023-02-17,남자,50 - 59세,전라북도,기타통신판매,스마트폰,청약철회
2023009421,2023-02-17,남자,40 - 49세,경기도,국내온라인거래,기타자동차용품,계약불이행(불완전이행)
2023009422,2023-02-17,여자,80세이상,전라남도,방문판매,기타건강식품,청약철회
2023009423,2023-02-17,남자,40 - 49세,경기도,국내온라인거래,전동킥보드,표시.광고
2023009424,2023-02-17,여자,65 - 69세,경기도,일반판매,기타모피·가죽의류,품질(물품/용역)
2023009425,2023-02-17,여자,20 - 29세,경상북도,일반판매,중고자동차중개·매매,표시.광고
2023009426,2023-02-17,여자,40 - 49세,서울특별시,일반판매,양복(서양식 의복)세탁,품질(물품/용역)
2023009428,2023-02-17,여자,30 - 39세,대전광역시,일반판매,양복(서양식 의복)세탁,품질(물품/용역)
2023009429,2023-02-17,여자,30 - 39세,충청북도,국내온라인거래,닭고기포장육,청약철회
2023009430,2023-02-17,남자,불명,전라남도,국내온라인거래,지갑,품질(물품/용역)
2023009431,2023-02-17,남자,30 - 39세,서울특별시,국내온라인거래,자동차대여(렌트),부당행위
2023009432,2023-02-17,여자,40 - 49세,경기도,국내온라인거래,샌들·슬리퍼,계약불이행(불완전이행)
2023009433,2023-02-17,남자,40 - 49세,경기도,국내온라인거래,화장실설비,계약불이행(불완전이행)
2023009436,2023-02-17,남자,50 - 59세,서울특별시,전화권유판매,유사투자자문,계약해제.해지/위약금
2023009437,2023-02-17,남자,70 - 79세,서울특별시,일반판매,건강(암·기타질병)보험,약관
2023009438,2023-02-17,남자,30 - 39세,인천광역시,모바일거래,전기세탁기,계약불이행(불완전이행)
2023009439,2023-02-17,남자,70 - 79세,서울특별시,일반판매,건강(암·기타질병)보험,약관
2023009440,2023-02-17,남자,70 - 79세,서울특별시,일반판매,건강(암·기타질병)보험,약관
2023009441,2023-02-17,여자,65 - 69세,경상남도,일반판매,건강(암·기타질병)보험,약관
2023009442,2023-02-17,남자,65 - 69세,경기도,일반판매,건강(암·기타질병)보험,약관
2023009443,2023-02-17,여자,불명,경기도,노상판매,우유,계약해제.해지/위약금
2023009444,2023-02-17,여자,50 - 59세,서울특별시,일반판매,이동전화서비스,계약불이행(불완전이행)
2023009445,2023-02-17,여자,50 - 59세,서울특별시,일반판매,미분류대여(렌트),계약해제.해지/위약금
2023009446,2023-02-17,남자,30 - 39세,인천광역시,방문판매,헬스장,계약해제.해지/위약금
2023009447,2023-02-17,남자,40 - 49세,세종특별자치시,일반판매,중고자동차중개·매매,표시.광고
2023009448,2023-02-17,여자,30 - 39세,대전광역시,일반판매,헬스장,계약해제.해지/위약금
2023009449,2023-02-17,여자,30 - 39세,서울특별시,일반판매,캐주얼바지,품질(물품/용역)
2023009450,2023-02-17,여자,40 - 49세,경기도,일반판매,미용서비스,계약해제.해지/위약금
2023009451,2023-02-17,여자,30 - 39세,전라북도,국내온라인거래,기타일반화장품,계약불이행(불완전이행)
2023009452,2023-02-17,남자,30 - 39세,충청북도,기타통신판매,이동전화서비스,계약불이행(불완전이행)
2023009453,2023-02-17,남자,40 - 49세,서울특별시,일반판매,공중목욕탕,계약불이행(불완전이행)
2023009454,2023-02-17,남자,30 - 39세,경기도,전화권유판매,유사투자자문,계약해제.해지/위약금
2023009455,2023-02-17,여자,40 - 49세,경기도,TV홈쇼핑,TV,품질(물품/용역)
2023009456,2023-02-17,남자,30 - 39세,경기도,일반판매,외식,계약불이행(불완전이행)
2023009457,2023-02-17,남자,50 - 59세,경기도,일반판매,점퍼·재킷류,품질(물품/용역)
2023009458,2023-02-17,여자,30 - 39세,서울특별시,일반판매,기타이·미용서비스,계약불이행(불완전이행)
2023009459,2023-02-17,여자,60 - 64세,부산광역시,일반판매,동물병원,품질(물품/용역)
2023009460,2023-02-17,여자,65 - 69세,경기도,전화권유판매,유사투자자문,계약해제.해지/위약금
2023009461,2023-02-17,남자,40 - 49세,부산광역시,국내온라인거래,항공여객운송서비스,계약해제.해지/위약금
2023009462,2023-02-17,남자,65 - 69세,대전광역시,일반판매,안과,품질(물품/용역)
2023009463,2023-02-17,여자,40 - 49세,서울특별시,일반판매,핸드백,품질(물품/용역)
2023009464,2023-02-17,여자,30 - 39세,경기도,국제온라인거래,택배화물운송서비스,청약철회
2023009465,2023-02-17,여자,40 - 49세,부산광역시,일반판매,기타교육서비스,계약해제.해지/위약금
2023009466,2023-02-17,남자,20 - 29세,서울특별시,국내온라인거래,영어자격(능력)시험,계약불이행(불완전이행)
2023009468,2023-02-17,남자,70 - 79세,광주광역시,일반판매,전기진공청소기,품질(물품/용역)
2023009469,2023-02-17,남자,30 - 39세,충청남도,일반판매,건물청소서비스,계약불이행(불완전이행)
2023009470,2023-02-17,남자,10 - 19세,제주도,국내온라인거래,기타신발·용품,청약철회
2023009471,2023-02-17,여자,20 - 29세,서울특별시,국내온라인거래,기타가방,청약철회
2023009472,2023-02-17,여자,50 - 59세,서울특별시,일반판매,샌들·슬리퍼,품질(물품/용역)
2023009473,2023-02-17,여자,20 - 29세,경기도,일반판매,헬스장,계약해제.해지/위약금
2023009474,2023-02-17,여자,30 - 39세,인천광역시,방문판매,인터넷교육서비스,계약해제.해지/위약금
2023009475,2023-02-17,남자,60 - 64세,서울특별시,일반판매,항공여객운송서비스,청약철회
2023009477,2023-02-17,여자,30 - 39세,서울특별시,모바일거래,택시여객운송서비스,가격.요금
2023009478,2023-02-17,여자,30 - 39세,서울특별시,국내온라인거래,원피스,청약철회
2023009479,2023-02-17,여자,30 - 39세,서울특별시,방문판매,방문교육,표시.광고
2023009480,2023-02-17,여자,30 - 39세,서울특별시,일반판매,전기세탁기,거래관행
2023009481,2023-02-17,남자,30 - 39세,인천광역시,일반판매,기타인테리어설비,품질(물품/용역)
2023009482,2023-02-17,여자,40 - 49세,서울특별시,국내온라인거래,양복(서양식 의복)세탁,품질(물품/용역)
2023009484,2023-02-17,남자,40 - 49세,서울특별시,일반판매,스웨터,품질(물품/용역)
2023009485,2023-02-17,남자,65 - 69세,전라북도,일반판매,단독·다가구주택,계약불이행(불완전이행)
2023009486,2023-02-17,남자,40 - 49세,전라남도,소셜커머스(쇼핑),전기자전거,품질(물품/용역)
2023009487,2023-02-17,남자,40 - 49세,경상북도,국내온라인거래,노트북컴퓨터,품질(물품/용역)
2023009488,2023-02-17,남자,50 - 59세,강원특별자치도,일반판매,신사화(구두·부츠 등),품질(물품/용역)
2023009489,2023-02-17,남자,40 - 49세,울산광역시,국내온라인거래,신사화(구두·부츠 등),품질(물품/용역)
2023009490,2023-02-17,여자,40 - 49세,전라북도,일반판매,운동화,품질(물품/용역)
2023009491,2023-02-17,여자,50 - 59세,대구광역시,일반판매,캐주얼바지,품질(물품/용역)
2023009492,2023-02-17,남자,40 - 49세,경기도,기타,신사화(구두·부츠 등),품질(물품/용역)
2023009493,2023-02-17,여자,50 - 59세,울산광역시,일반판매,숙녀화(구두·부츠 등),품질(물품/용역)
2023009494,2023-02-17,남자,60 - 64세,경기도,기타,동물병원,품질(물품/용역)
2023009495,2023-02-17,여자,40 - 49세,전라북도,일반판매,캐주얼바지,품질(물품/용역)
2023009496,2023-02-17,남자,불명,경기도,일반판매,셔츠,품질(물품/용역)
2023009497,2023-02-17,여자,20 - 29세,서울특별시,일반판매,이동전화서비스,가격.요금
2023009498,2023-02-17,여자,30 - 39세,인천광역시,일반판매,핸드백,품질(물품/용역)
2023009499,2023-02-17,여자,50 - 59세,충청남도,국내온라인거래,보석·귀금속,청약철회
2023009500,2023-02-17,남자,불명,대구광역시,모바일거래,니트(스웨터),청약철회
2023009501,2023-02-17,여자,40 - 49세,경기도,국내온라인거래,남성용내의류,계약불이행(불완전이행)
2023009502,2023-02-17,여자,50 - 59세,제주도,일반판매,이동전화서비스,계약불이행(불완전이행)
2023009503,2023-02-17,여자,30 - 39세,경기도,일반판매,양복(서양식 의복)세탁,계약불이행(불완전이행)
2023009504,2023-02-17,여자,20 - 29세,광주광역시,일반판매,요가,계약해제.해지/위약금
2023009505,2023-02-17,남자,65 - 69세,경기도,기타,기타회원권,계약불이행(불완전이행)
2023009506,2023-02-17,남자,70 - 79세,경기도,기타,기타회원권,계약불이행(불완전이행)
2023009507,2023-02-17,남자,70 - 79세,서울특별시,기타,기타회원권,계약불이행(불완전이행)
2023009601,2023-02-17,여자,30 - 39세,서울특별시,국내온라인거래,샌들·슬리퍼,청약철회
2023009602,2023-02-17,남자,40 - 49세,서울특별시,국내온라인거래,항공여객운송서비스,청약철회
2023009603,2023-02-17,여자,20 - 29세,경기도,기타,예식서비스,계약해제.해지/위약금
2023009604,2023-02-17,남자,40 - 49세,서울특별시,기타,스마트폰,AS불만
2023009605,2023-02-17,여자,50 - 59세,대전광역시,전화권유판매,기타정보이용서비스,계약해제.해지/위약금
2023009606,2023-02-17,남자,20 - 29세,경기도,기타,의자,품질(물품/용역)
2023009607,2023-02-17,여자,30 - 39세,경기도,국내온라인거래,여성용내의류,품질(물품/용역)
2023009609,2023-02-17,여자,40 - 49세,경기도,국내온라인거래,기타세정제·탈취제,청약철회
2023009610,2023-02-17,여자,40 - 49세,서울특별시,국내온라인거래,항공여객운송서비스,계약해제.해지/위약금
2023009611,2023-02-17,남자,50 - 59세,광주광역시,국내온라인거래,전기밥솥,품질(물품/용역)
2023009612,2023-02-17,남자,30 - 39세,경상남도,전화권유판매,기타정보이용서비스,계약불이행(불완전이행)
2023009613,2023-02-17,여자,40 - 49세,경기도,기타,국외여행,계약해제.해지/위약금
2023009614,2023-02-17,여자,20 - 29세,대구광역시,국내온라인거래,기타문화용품,AS불만
2023009615,2023-02-17,남자,20 - 29세,대전광역시,방문판매,테니스용품,품질(물품/용역)
2023009616,2023-02-17,여자,50 - 59세,전라북도,일반판매,택배화물운송서비스,품질(물품/용역)
2023009617,2023-02-17,남자,50 - 59세,경기도,일반판매,외식,품질(물품/용역)
2023009618,2023-02-17,여자,50 - 59세,경기도,방문판매,캐주얼바지,품질(물품/용역)
2023009619,2023-02-17,여자,40 - 49세,경기도,기타,미용서비스,부당행위
2023009620,2023-02-17,여자,30 - 39세,서울특별시,기타,스마트폰,AS불만
2023009621,2023-02-17,여자,50 - 59세,경기도,국내온라인거래,소파,품질(물품/용역)
2023009622,2023-02-17,여자,40 - 49세,경상남도,소셜커머스(쇼핑),코트,품질(물품/용역)
2023009623,2023-02-17,여자,30 - 39세,서울특별시,일반판매,기타이·미용서비스,계약해제.해지/위약금
2023009624,2023-02-17,여자,30 - 39세,대전광역시,국제온라인거래,국외여행,이자.수수료
2023009625,2023-02-17,남자,40 - 49세,서울특별시,국내온라인거래,장식장,표시.광고
2023009626,2023-02-17,여자,30 - 39세,제주도,국내온라인거래,신용카드,계약불이행(불완전이행)
2023009627,2023-02-17,여자,30 - 39세,서울특별시,전화권유판매,공기청정기대여(렌트),계약해제.해지/위약금
2023009628,2023-02-17,여자,40 - 49세,경기도,소셜커머스(쇼핑),핸드백,표시.광고
2023009630,2023-02-17,남자,60 - 64세,인천광역시,국내온라인거래,인터넷교육서비스,계약해제.해지/위약금
2023009631,2023-02-17,남자,50 - 59세,서울특별시,일반판매,식기세척기,AS불만
2023009632,2023-02-17,여자,20 - 29세,충청북도,방문판매,필라테스,계약해제.해지/위약금
2023009633,2023-02-17,여자,40 - 49세,서울특별시,국내온라인거래,점퍼·재킷류,계약불이행(불완전이행)
2023009634,2023-02-17,남자,30 - 39세,경기도,소셜커머스(쇼핑),가구세트,청약철회
2023009635,2023-02-17,남자,40 - 49세,제주도,국내온라인거래,기타인테리어설비,계약해제.해지/위약금
2023009636,2023-02-17,여자,50 - 59세,경기도,기타,기타인테리어설비,AS불만
2023009637,2023-02-17,여자,30 - 39세,경상남도,기타,헬스장,계약해제.해지/위약금
2023009638,2023-02-17,여자,40 - 49세,부산광역시,기타,전자게임기구,품질(물품/용역)
2023009639,2023-02-17,남자,30 - 39세,대전광역시,방문판매,헬스장,계약해제.해지/위약금
2023009640,2023-02-17,남자,30 - 39세,경기도,일반판매,영어자격(능력)시험,계약해제.해지/위약금
2023009641,2023-02-17,여자,40 - 49세,부산광역시,기타,인터넷정보이용서비스,부당행위
2023009642,2023-02-17,여자,30 - 39세,서울특별시,모바일거래,모바일정보이용서비스,계약해제.해지/위약금
2023009643,2023-02-17,여자,40 - 49세,서울특별시,국내온라인거래,인터넷정보이용서비스,계약불이행(불완전이행)
2023009644,2023-02-17,남자,30 - 39세,경기도,방문판매,헬스장,계약해제.해지/위약금
2023009645,2023-02-17,남자,20 - 29세,제주도,일반판매,헬스장,계약해제.해지/위약금
2023009646,2023-02-17,여자,20 - 29세,서울특별시,일반판매,각종자격취득강습,계약해제.해지/위약금
2023009647,2023-02-17,여자,20 - 29세,서울특별시,국내온라인거래,항공여객운송서비스,계약불이행(불완전이행)
2023009648,2023-02-17,남자,30 - 39세,광주광역시,전화권유판매,기타정보이용서비스,계약불이행(불완전이행)
2023009650,2023-02-17,여자,20 - 29세,부산광역시,방문판매,헬스장,계약해제.해지/위약금
2023009651,2023-02-17,여자,20 - 29세,경기도,일반판매,건물청소서비스,청약철회
2023009652,2023-02-17,여자,30 - 39세,서울특별시,소셜커머스(쇼핑),니트(스웨터),청약철회
2023009653,2023-02-17,여자,20 - 29세,인천광역시,방문판매,헬스장,계약해제.해지/위약금
2023009654,2023-02-17,여자,20 - 29세,경기도,일반판매,미용서비스,계약해제.해지/위약금
2023009655,2023-02-17,남자,50 - 59세,대구광역시,일반판매,TV,품질(물품/용역)
2023009656,2023-02-17,여자,30 - 39세,대구광역시,일반판매,사기그릇,품질(물품/용역)
2023009657,2023-02-17,남자,65 - 69세,전라북도,모바일거래,TV,품질(물품/용역)
2023009658,2023-02-17,남자,30 - 39세,인천광역시,소셜커머스(쇼핑),캐주얼바지,부당행위
2023009659,2023-02-17,여자,20 - 29세,서울특별시,기타,헬스장,계약해제.해지/위약금
2023009701,2023-02-18,여자,30 - 39세,울산광역시,국내온라인거래,항공여객운송서비스,계약해제.해지/위약금
2023009702,2023-02-18,여자,20 - 29세,서울특별시,방문판매,요가,계약해제.해지/위약금
2023009703,2023-02-18,남자,30 - 39세,경상북도,국내온라인거래,전자게임기구,AS불만
2023009704,2023-02-18,여자,30 - 39세,서울특별시,다단계판매,인터넷교육서비스,계약해제.해지/위약금
2023009705,2023-02-18,남자,30 - 39세,경상남도,소셜커머스(쇼핑),침대,품질(물품/용역)
2023009706,2023-02-18,여자,20 - 29세,대구광역시,일반판매,필라테스,계약해제.해지/위약금
2023009707,2023-02-18,남자,50 - 59세,서울특별시,국내온라인거래,기타숙박시설,계약해제.해지/위약금
2023009708,2023-02-18,남자,20 - 29세,경기도,기타통신판매,국외여행,부당행위
2023009709,2023-02-18,남자,30 - 39세,서울특별시,일반판매,국내결혼중개,계약불이행(불완전이행)
2023009710,2023-02-18,남자,30 - 39세,경기도,국내온라인거래,택배화물운송서비스,품질(물품/용역)
2023009711,2023-02-18,남자,30 - 39세,충청북도,국내온라인거래,식기세척기,AS불만
2023009712,2023-02-18,남자,50 - 59세,울산광역시,기타통신판매,초고속인터넷,계약불이행(불완전이행)
2023009801,2023-02-19,여자,30 - 39세,제주도,국내온라인거래,기타사설강습서비스,계약해제.해지/위약금
2023009802,2023-02-19,남자,65 - 69세,경상남도,모바일거래,호텔,계약해제.해지/위약금
2023009803,2023-02-19,여자,20 - 29세,경기도,국내온라인거래,헤드폰·이어폰,품질(물품/용역)
2023009804,2023-02-19,여자,40 - 49세,서울특별시,모바일거래,택배화물운송서비스,단순문의.상담
2023009805,2023-02-19,여자,20 - 29세,전라남도,기타,여관(모텔),계약해제.해지/위약금
2023009806,2023-02-19,남자,30 - 39세,인천광역시,국내온라인거래,펜션,청약철회
2023009807,2023-02-19,여자,50 - 59세,경기도,일반판매,필라테스,계약해제.해지/위약금
2023009808,2023-02-19,남자,30 - 39세,서울특별시,소셜커머스(쇼핑),항공여객운송서비스,계약해제.해지/위약금
2023009809,2023-02-19,여자,30 - 39세,충청남도,국제온라인거래,코트,청약철회
2023009810,2023-02-19,남자,40 - 49세,서울특별시,국제온라인거래,항공여객운송서비스,청약철회
2023009811,2023-02-19,남자,40 - 49세,인천광역시,모바일거래,모바일정보이용서비스,약관
2023009812,2023-02-19,남자,20 - 29세,인천광역시,일반판매,고시원이용,부당행위
2023009813,2023-02-19,남자,20 - 29세,서울특별시,국내온라인거래,전기오븐레인지,청약철회
2023009814,2023-02-19,여자,50 - 59세,대전광역시,일반판매,종합체육시설회원권,청약철회
2023009815,2023-02-19,남자,40 - 49세,대구광역시,국내온라인거래,국외여행,청약철회
2023009820,2023-02-20,여자,40 - 49세,경기도,일반판매,양복(서양식 의복)세탁,품질(물품/용역)
2023009822,2023-02-17,여자,40 - 49세,경기도,기타,미용서비스,계약해제.해지/위약금
2023009823,2023-02-20,남자,70 - 79세,대전광역시,기타,초고속인터넷,부당행위
2023009824,2023-02-20,여자,60 - 64세,서울특별시,기타통신판매,국외여행,계약해제.해지/위약금
2023009825,2023-02-20,남자,60 - 64세,충청북도,기타,국내결혼중개,계약불이행(불완전이행)
2023009826,2023-02-20,남자,40 - 49세,충청남도,일반판매,기타인테리어설비,거래관행
2023009827,2023-02-20,여자,40 - 49세,서울특별시,국내온라인거래,옷장,청약철회
2023009828,2023-02-20,남자,65 - 69세,경기도,국내온라인거래,상조서비스,계약해제.해지/위약금
2023009829,2023-02-20,여자,40 - 49세,경상남도,일반판매,양복(서양식 의복)세탁,품질(물품/용역)
2023009831,2023-02-20,남자,20 - 29세,경상북도,기타통신판매,기타미분류서비스,계약해제.해지/위약금
2023009832,2023-02-20,남자,70 - 79세,서울특별시,일반판매,항공여객운송서비스,계약불이행(불완전이행)
2023009833,2023-02-20,남자,40 - 49세,세종특별자치시,일반판매,중형승용자동차,계약불이행(불완전이행)
2023009834,2023-02-20,남자,65 - 69세,서울특별시,일반판매,헬스장,계약불이행(불완전이행)
2023009835,2023-02-20,여자,50 - 59세,인천광역시,전화권유판매,종신보험,부당행위
2023009837,2023-02-20,여자,30 - 39세,경기도,국내온라인거래,모바일정보이용서비스,계약해제.해지/위약금
2023009838,2023-02-20,남자,30 - 39세,경기도,국내온라인거래,점퍼·재킷류,계약불이행(불완전이행)
2023009839,2023-02-20,남자,40 - 49세,세종특별자치시,일반판매,운동화,품질(물품/용역)
2023009840,2023-02-20,여자,50 - 59세,경기도,일반판매,캐주얼바지,품질(물품/용역)
2023009841,2023-02-20,남자,30 - 39세,부산광역시,일반판매,대형승용자동차,품질(물품/용역)
2023009842,2023-02-20,여자,40 - 49세,경기도,일반판매,일반강습(입시학원등),계약해제.해지/위약금
2023009843,2023-02-20,여자,50 - 59세,서울특별시,기타통신판매,국외여행,계약해제.해지/위약금
2023009844,2023-02-20,남자,40 - 49세,경상북도,국내온라인거래,차량네비게이션(자동항법장치),표시.광고
2023009845,2023-02-20,여자,40 - 49세,대전광역시,일반판매,점퍼·재킷류,품질(물품/용역)
2023009846,2023-02-20,여자,30 - 39세,서울특별시,국내온라인거래,호텔,표시.광고
2023009848,2023-02-20,남자,30 - 39세,부산광역시,일반판매,자동차수리·점검,부당행위
2023009849,2023-02-20,남자,20 - 29세,강원특별자치도,국내온라인거래,퍼스널컴퓨터,품질(물품/용역)
2023009850,2023-02-20,여자,60 - 64세,서울특별시,일반판매,공중목욕탕,계약해제.해지/위약금
2023009851,2023-02-20,여자,40 - 49세,서울특별시,일반판매,각종자격취득강습,계약불이행(불완전이행)
2023009852,2023-02-20,남자,50 - 59세,울산광역시,일반판매,스마트폰,품질(물품/용역)
2023009854,2023-02-20,여자,30 - 39세,서울특별시,일반판매,헬스장,계약불이행(불완전이행)
2023009855,2023-02-20,남자,40 - 49세,대전광역시,일반판매,독서실이용,품질(물품/용역)
2023009856,2023-02-20,남자,30 - 39세,경기도,국내온라인거래,남성용내의류,계약해제.해지/위약금
2023009857,2023-02-20,여자,40 - 49세,서울특별시,국내온라인거래,신유형상품권,부당행위
2023009858,2023-02-20,여자,30 - 39세,서울특별시,일반판매,헬스장,계약해제.해지/위약금
2023009859,2023-02-20,여자,20 - 29세,경기도,국내온라인거래,국외여행,계약해제.해지/위약금
2023009860,2023-02-20,여자,30 - 39세,경상남도,기타,각종공연관람,계약불이행(불완전이행)
2023009861,2023-02-20,여자,30 - 39세,서울특별시,일반판매,헬스장,계약해제.해지/위약금
2023009862,2023-02-20,남자,60 - 64세,서울특별시,일반판매,자동차수리·점검,AS불만
2023009863,2023-02-20,여자,30 - 39세,광주광역시,일반판매,요가,계약해제.해지/위약금
2023009864,2023-02-20,남자,40 - 49세,충청남도,일반판매,헬스장,계약해제.해지/위약금
2023009865,2023-02-20,남자,20 - 29세,경기도,국내온라인거래,점퍼·재킷류,품질(물품/용역)
2023009866,2023-02-20,여자,30 - 39세,인천광역시,국내온라인거래,기타관람·감상,계약해제.해지/위약금
2023009867,2023-02-20,남자,50 - 59세,광주광역시,국내온라인거래,안경·안경테,품질(물품/용역)
2023009868,2023-02-20,여자,30 - 39세,경기도,일반판매,중고자동차중개·매매,계약해제.해지/위약금
2023009869,2023-02-20,여자,20 - 29세,전라북도,기타통신판매,국외여행,계약해제.해지/위약금
2023009870,2023-02-20,남자,50 - 59세,인천광역시,모바일거래,기타자동차부품,청약철회
2023009871,2023-02-20,여자,30 - 39세,서울특별시,기타통신판매,건물청소서비스,계약불이행(불완전이행)
2023009872,2023-02-20,남자,20 - 29세,서울특별시,일반판매,헬스장,계약해제.해지/위약금
2023009873,2023-02-20,여자,30 - 39세,충청북도,국내온라인거래,고구마,품질(물품/용역)
2023009874,2023-02-20,여자,30 - 39세,경기도,일반판매,필라테스,계약불이행(불완전이행)
2023009875,2023-02-20,남자,40 - 49세,전라북도,국내온라인거래,메인보드,계약해제.해지/위약금
2023009876,2023-02-20,남자,40 - 49세,경기도,일반판매,골프회원권,계약해제.해지/위약금
2023009877,2023-02-20,남자,60 - 64세,서울특별시,전화권유판매,유사투자자문,계약해제.해지/위약금
2023009878,2023-02-20,남자,50 - 59세,대구광역시,국내온라인거래,전문스포츠화(축구화·골프화 등),청약철회
2023009879,2023-02-20,여자,30 - 39세,대전광역시,일반판매,헬스장,계약불이행(불완전이행)
2023009880,2023-02-20,여자,65 - 69세,충청북도,일반판매,기타공조·냉난방기기,품질(물품/용역)
2023009882,2023-02-20,남자,20 - 29세,인천광역시,일반판매,자동차대여(렌트),부당행위
2023009883,2023-02-20,남자,30 - 39세,인천광역시,일반판매,자동차수리·점검,품질(물품/용역)
2023009884,2023-02-20,여자,30 - 39세,서울특별시,일반판매,자동차대여(렌트),약관
2023009885,2023-02-20,남자,80세이상,부산광역시,일반판매,치과,품질(물품/용역)
2023009887,2023-02-20,남자,40 - 49세,충청북도,일반판매,치과,품질(물품/용역)
2023009888,2023-02-20,여자,30 - 39세,인천광역시,일반판매,시계,AS불만
2023009889,2023-02-20,여자,30 - 39세,충청북도,국내온라인거래,식탁,품질(물품/용역)
2023009890,2023-02-20,여자,20 - 29세,경기도,일반판매,양복(서양식 의복)세탁,품질(물품/용역)
2023009891,2023-02-20,여자,50 - 59세,서울특별시,일반판매,기타병·의원서비스,품질(물품/용역)
2023009892,2023-02-20,여자,20 - 29세,인천광역시,일반판매,헬스장,계약해제.해지/위약금
2023009893,2023-02-20,남자,20 - 29세,경상남도,일반판매,임대아파트,계약해제.해지/위약금
2023009894,2023-02-20,여자,20 - 29세,서울특별시,기타,기타회원권,계약해제.해지/위약금
2023009895,2023-02-20,남자,30 - 39세,대전광역시,소셜커머스(쇼핑),셔츠,품질(물품/용역)
2023009896,2023-02-20,남자,50 - 59세,광주광역시,일반판매,전기자동차,계약해제.해지/위약금
2023009897,2023-02-20,남자,80세이상,대구광역시,전화권유판매,유사투자자문,품질(물품/용역)
2023009899,2023-02-20,남자,50 - 59세,전라북도,국내온라인거래,태블릿PC,계약불이행(불완전이행)
2023009900,2023-02-20,여자,30 - 39세,서울특별시,국내온라인거래,천연피혁의류,품질(물품/용역)
2023009901,2023-02-20,여자,30 - 39세,경상남도,방문판매,필라테스,계약해제.해지/위약금
2023009902,2023-02-20,여자,40 - 49세,대전광역시,일반판매,양복(서양식 의복)세탁,품질(물품/용역)
2023009903,2023-02-20,남자,20 - 29세,경기도,일반판매,버스여객운송서비스,계약불이행(불완전이행)
2023009904,2023-02-20,남자,65 - 69세,경기도,일반판매,타이어,계약불이행(불완전이행)
2023009906,2023-02-20,여자,30 - 39세,경기도,국내온라인거래,양복(서양식 의복)세탁,품질(물품/용역)
2023009907,2023-02-20,여자,65 - 69세,인천광역시,기타통신판매,기타내의류,계약불이행(불완전이행)
2023009908,2023-02-20,여자,50 - 59세,서울특별시,일반판매,퍼스널컴퓨터,품질(물품/용역)
2023009910,2023-02-20,여자,40 - 49세,경기도,전화권유판매,인터넷정보이용서비스,계약해제.해지/위약금
2023009911,2023-02-20,남자,40 - 49세,서울특별시,국내온라인거래,전문스포츠화(축구화·골프화 등),품질(물품/용역)
2023009912,2023-02-20,남자,50 - 59세,경기도,국내온라인거래,조립완구,계약해제.해지/위약금
2023009913,2023-02-20,여자,불명,대전광역시,일반판매,점퍼·재킷류,품질(물품/용역)
2023009914,2023-02-20,남자,50 - 59세,경기도,TV홈쇼핑,안마의자대여(렌트),품질(물품/용역)
2023009915,2023-02-20,여자,30 - 39세,대구광역시,방문판매,소파,계약해제.해지/위약금
2023009916,2023-02-20,여자,20 - 29세,서울특별시,일반판매,운동화,품질(물품/용역)
2023009917,2023-02-20,남자,40 - 49세,부산광역시,일반판매,특수자동차,품질(물품/용역)
2023009918,2023-02-20,여자,30 - 39세,강원특별자치도,일반판매,양복(서양식 의복)세탁,품질(물품/용역)
2023009919,2023-02-20,남자,40 - 49세,광주광역시,일반판매,실손보험,계약불이행(불완전이행)
2023009920,2023-02-20,여자,40 - 49세,경기도,일반판매,양복(서양식 의복)세탁,품질(물품/용역)
2023009921,2023-02-20,남자,70 - 79세,경기도,국내온라인거래,국외여행,계약해제.해지/위약금
2023009922,2023-02-20,남자,40 - 49세,경기도,국내온라인거래,운동화,품질(물품/용역)
2023009923,2023-02-20,여자,40 - 49세,전라남도,국내온라인거래,벨트,품질(물품/용역)
2023009924,2023-02-20,남자,30 - 39세,경기도,국제온라인거래,점퍼·재킷류,계약불이행(불완전이행)
2023009925,2023-02-20,여자,40 - 49세,경기도,국내온라인거래,스마트폰,품질(물품/용역)
2023009926,2023-02-20,남자,65 - 69세,서울특별시,국내온라인거래,캐주얼바지,품질(물품/용역)
2023009927,2023-02-20,남자,20 - 29세,서울특별시,일반판매,헬스장,계약해제.해지/위약금
2023009928,2023-02-20,남자,30 - 39세,경기도,일반판매,신유형상품권,거래관행
2023009929,2023-02-20,남자,30 - 39세,서울특별시,일반판매,미용서비스,품질(물품/용역)
2023009930,2023-02-20,여자,30 - 39세,대구광역시,일반판매,양복(서양식 의복)세탁,품질(물품/용역)
2023009931,2023-02-20,여자,20 - 29세,서울특별시,기타,헬스장,계약해제.해지/위약금
2023009932,2023-02-20,남자,30 - 39세,인천광역시,국내온라인거래,항공여객운송서비스,계약해제.해지/위약금
2023009933,2023-02-20,여자,40 - 49세,인천광역시,기타,"연회서비스(돌잔치,회갑 등)",계약해제.해지/위약금
2023009934,2023-02-20,여자,50 - 59세,경기도,일반판매,국내전화,가격.요금
2023009935,2023-02-20,여자,30 - 39세,서울특별시,일반판매,점퍼·재킷류,품질(물품/용역)
2023009936,2023-02-20,여자,20 - 29세,경기도,일반판매,이동전화서비스,청약철회
2023009937,2023-02-20,여자,80세이상,서울특별시,일반판매,가스보일러,품질(물품/용역)
2023009938,2023-02-20,남자,50 - 59세,충청남도,국내온라인거래,캐주얼바지,품질(물품/용역)
2023009939,2023-02-20,여자,20 - 29세,강원특별자치도,모바일거래,기타숙박시설,계약해제.해지/위약금
2023009940,2023-02-20,여자,40 - 49세,울산광역시,국내온라인거래,캐주얼바지,품질(물품/용역)
2023009941,2023-02-20,남자,20 - 29세,대전광역시,일반판매,헬스장,계약해제.해지/위약금
2023009942,2023-02-20,여자,30 - 39세,대구광역시,일반판매,기타건강식품,계약해제.해지/위약금
2023009943,2023-02-20,남자,30 - 39세,경기도,국내온라인거래,항공여객운송서비스,청약철회
2023009945,2023-02-20,여자,20 - 29세,경기도,일반판매,헬스장,계약해제.해지/위약금
2023009946,2023-02-20,남자,40 - 49세,부산광역시,일반판매,대형승용자동차,계약불이행(불완전이행)
2023009947,2023-02-20,여자,40 - 49세,경기도,국내온라인거래,모형완구,표시.광고
2023009948,2023-02-20,남자,30 - 39세,경기도,국내온라인거래,미분류컨설팅(자문),계약불이행(불완전이행)
2023009949,2023-02-20,남자,30 - 39세,경상남도,일반판매,기타전기·승강설비,계약해제.해지/위약금
2023009950,2023-02-20,여자,30 - 39세,서울특별시,국내온라인거래,캐주얼바지,청약철회
2023009951,2023-02-20,남자,30 - 39세,서울특별시,국내온라인거래,컴퓨터모니터(데스크탑),청약철회
2023009952,2023-02-20,여자,30 - 39세,강원특별자치도,국내온라인거래,기타식생활기기,품질(물품/용역)
2023009953,2023-02-20,여자,30 - 39세,서울특별시,방문판매,방문교육,계약해제.해지/위약금
2023009955,2023-02-20,남자,40 - 49세,서울특별시,기타통신판매,인터넷정보이용서비스,거래관행
2023009956,2023-02-20,남자,40 - 49세,부산광역시,기타,택배화물운송서비스,계약불이행(불완전이행)
2023009957,2023-02-20,여자,30 - 39세,서울특별시,국내온라인거래,항공여객운송서비스,계약해제.해지/위약금
2023009958,2023-02-20,여자,40 - 49세,경기도,국내온라인거래,각종공연관람,계약해제.해지/위약금
2023009959,2023-02-20,남자,20 - 29세,서울특별시,소셜커머스(쇼핑),통신기기케이스,품질(물품/용역)
2023009960,2023-02-20,여자,20 - 29세,부산광역시,전화권유판매,스마트폰,계약해제.해지/위약금
2023009961,2023-02-20,남자,30 - 39세,서울특별시,국내온라인거래,모자,청약철회
2023009962,2023-02-20,남자,30 - 39세,인천광역시,국내온라인거래,산후조리원,계약해제.해지/위약금
2023009963,2023-02-20,여자,30 - 39세,대구광역시,기타통신판매,이동전화서비스,부당행위
2023009964,2023-02-20,여자,30 - 39세,대구광역시,일반판매,보온병,부당행위
2023009965,2023-02-20,남자,20 - 29세,경기도,기타,기타의류·섬유,청약철회
2023009966,2023-02-20,여자,20 - 29세,경기도,일반판매,일반강습(입시학원등),계약해제.해지/위약금
2023009967,2023-02-20,여자,20 - 29세,광주광역시,국내온라인거래,식사배달,품질(물품/용역)
2023009969,2023-02-20,여자,30 - 39세,서울특별시,국내온라인거래,CD·LD·DVD(영화·음악·게임),계약불이행(불완전이행)
2023009970,2023-02-20,남자,20 - 29세,대구광역시,전화권유판매,인터넷정보이용서비스,계약해제.해지/위약금
2023009971,2023-02-20,남자,30 - 39세,경기도,국내온라인거래,기타미분류서비스,계약불이행(불완전이행)
2023009972,2023-02-20,남자,30 - 39세,부산광역시,일반판매,기타채소·채소가공식품,계약불이행(불완전이행)
2023009973,2023-02-20,여자,50 - 59세,울산광역시,모바일거래,신사화(구두·부츠 등),계약해제.해지/위약금
2023009974,2023-02-20,여자,40 - 49세,경기도,방문판매,정수기대여(렌트),계약해제.해지/위약금
2023009975,2023-02-20,여자,20 - 29세,전라남도,일반판매,미용서비스,품질(물품/용역)
2023009976,2023-02-20,남자,30 - 39세,강원특별자치도,기타,룸에어컨,품질(물품/용역)
2023009977,2023-02-20,남자,40 - 49세,서울특별시,모바일거래,"OTT서비스(넷플릭스,왓챠 등)",계약불이행(불완전이행)
2023009979,2023-02-20,남자,30 - 39세,충청남도,국내온라인거래,전기온수장판,품질(물품/용역)
2023009980,2023-02-20,여자,40 - 49세,부산광역시,국내온라인거래,전기요,안전(제품/시설)
2023009981,2023-02-20,여자,20 - 29세,경기도,국내온라인거래,기타가방,청약철회
2023009982,2023-02-20,여자,40 - 49세,경기도,기타통신판매,전기장판,품질(물품/용역)
2023009983,2023-02-20,남자,20 - 29세,경기도,일반판매,이동전화서비스,청약철회
2023009984,2023-02-20,남자,40 - 49세,서울특별시,국내온라인거래,이동전화서비스,계약불이행(불완전이행)
2023009985,2023-02-20,여자,20 - 29세,경상북도,국내온라인거래,기타놀이·게임기구,청약철회
2023009986,2023-02-20,여자,30 - 39세,경기도,일반판매,필라테스,계약불이행(불완전이행)
2023009987,2023-02-20,여자,30 - 39세,전라북도,모바일거래,기타신변용품,청약철회
2023009988,2023-02-20,여자,40 - 49세,경상남도,일반판매,기타옥외장비·설비,계약불이행(불완전이행)
2023009989,2023-02-20,여자,40 - 49세,경기도,기타통신판매,애완동·식물용품,청약철회
2023009990,2023-02-20,여자,30 - 39세,경기도,방문판매,피부·체형관리서비스,계약해제.해지/위약금
2023009991,2023-02-20,여자,20 - 29세,대구광역시,모바일거래,항공여객운송서비스,계약해제.해지/위약금
2023009992,2023-02-20,남자,40 - 49세,세종특별자치시,기타,택배화물운송서비스,계약불이행(불완전이행)
2023009993,2023-02-20,여자,40 - 49세,경기도,TV홈쇼핑,기타숙박시설,청약철회
2023009994,2023-02-20,여자,30 - 39세,서울특별시,국내온라인거래,기타전문서비스,부당행위
2023009995,2023-02-20,여자,20 - 29세,광주광역시,일반판매,일반강습(입시학원등),계약해제.해지/위약금
2023009996,2023-02-20,여자,20 - 29세,경기도,기타,헬스장,계약해제.해지/위약금
2023009997,2023-02-20,남자,20 - 29세,인천광역시,국내온라인거래,인터넷교육서비스,계약불이행(불완전이행)
2023009998,2023-02-20,여자,30 - 39세,서울특별시,국내온라인거래,기타알선·중개·번역서비스,계약불이행(불완전이행)
2023009999,2023-02-20,여자,40 - 49세,경기도,일반판매,스마트폰,품질(물품/용역)
2023010001,2023-02-20,여자,40 - 49세,경기도,일반판매,식탁,청약철회
2023010002,2023-02-20,여자,30 - 39세,대구광역시,일반판매,피부·체형관리서비스,계약해제.해지/위약금
2023010003,2023-02-20,남자,30 - 39세,대전광역시,국내온라인거래,미분류대여(렌트),가격.요금
2023010004,2023-02-20,여자,30 - 39세,서울특별시,국내온라인거래,여성용내의류,청약철회
2023010005,2023-02-20,남자,70 - 79세,경기도,국내온라인거래,헤드폰·이어폰,품질(물품/용역)
2023010006,2023-02-20,남자,30 - 39세,전라북도,소셜커머스(쇼핑),스마트폰,부당행위
2023010007,2023-02-20,남자,20 - 29세,충청남도,일반판매,기타의류·섬유,부당행위
2023010008,2023-02-20,남자,40 - 49세,서울특별시,국내온라인거래,도어체크,계약불이행(불완전이행)
2023010009,2023-02-20,여자,30 - 39세,경기도,기타,아파트,계약불이행(불완전이행)
2023010010,2023-02-20,여자,40 - 49세,경기도,전화권유판매,인터넷정보이용서비스,계약불이행(불완전이행)
2023010011,2023-02-20,여자,40 - 49세,인천광역시,기타통신판매,기타일반화장품,무능력자계약
2023010012,2023-02-20,여자,30 - 39세,경기도,국내온라인거래,음식물처리기,품질(물품/용역)
2023010013,2023-02-20,여자,30 - 39세,서울특별시,국내온라인거래,펜션,계약해제.해지/위약금
2023010014,2023-02-20,남자,30 - 39세,경기도,국내온라인거래,운동화,청약철회
2023010015,2023-02-20,여자,30 - 39세,경기도,국내온라인거래,책상,품질(물품/용역)
2023010016,2023-02-20,여자,30 - 39세,경상남도,소셜커머스(쇼핑),티셔츠,계약해제.해지/위약금
2023010017,2023-02-20,여자,20 - 29세,서울특별시,기타통신판매,기타완구·인형,청약철회
2023010018,2023-02-20,여자,30 - 39세,경기도,국내온라인거래,헤드폰·이어폰,품질(물품/용역)
2023010101,2023-02-21,남자,20 - 29세,서울특별시,국제온라인거래,기타관람·감상,청약철회
2023010102,2023-02-21,남자,50 - 59세,경기도,소셜커머스(쇼핑),전기요,AS불만
2023010103,2023-02-21,남자,30 - 39세,전라남도,모바일거래,기타통신기기,품질(물품/용역)
2023010104,2023-02-21,남자,60 - 64세,경기도,일반판매,가스보일러,품질(물품/용역)
2023010105,2023-02-21,남자,40 - 49세,서울특별시,국내온라인거래,기타신발·용품,청약철회
2023010106,2023-02-21,남자,40 - 49세,서울특별시,국내온라인거래,캐주얼바지,품질(물품/용역)
2023010107,2023-02-21,남자,30 - 39세,충청남도,방문판매,결혼준비대행서비스,계약해제.해지/위약금
2023010109,2023-02-21,여자,40 - 49세,대구광역시,일반판매,피부과,계약해제.해지/위약금
2023010110,2023-02-21,여자,30 - 39세,경기도,모바일거래,항공여객운송서비스,청약철회
2023010111,2023-02-21,여자,65 - 69세,울산광역시,일반판매,양복(서양식 의복)세탁,품질(물품/용역)
2023010112,2023-02-21,남자,70 - 79세,부산광역시,전화권유판매,유사투자자문,계약해제.해지/위약금
2023010113,2023-02-21,남자,20 - 29세,서울특별시,방문판매,헬스장,계약해제.해지/위약금
2023010115,2023-02-21,남자,40 - 49세,경기도,국내온라인거래,카셰어링,부당행위
2023010116,2023-02-21,여자,30 - 39세,경기도,국내온라인거래,점퍼·재킷류,계약해제.해지/위약금
2023010118,2023-02-21,남자,40 - 49세,강원특별자치도,국내온라인거래,신유형상품권,표시.광고
2023010119,2023-02-21,남자,40 - 49세,광주광역시,일반판매,스마트폰,품질(물품/용역)
2023010120,2023-02-21,여자,30 - 39세,서울특별시,국내온라인거래,책장·서가,계약불이행(불완전이행)
2023010121,2023-02-21,여자,30 - 39세,서울특별시,국내온라인거래,비디오카메라,품질(물품/용역)
2023010122,2023-02-21,여자,40 - 49세,부산광역시,기타,신용카드,계약불이행(불완전이행)
2023010123,2023-02-21,여자,40 - 49세,서울특별시,소셜커머스(쇼핑),티셔츠,품질(물품/용역)
2023010124,2023-02-21,여자,40 - 49세,부산광역시,일반판매,신용카드,계약불이행(불완전이행)
2023010125,2023-02-21,여자,20 - 29세,경기도,일반판매,피부·체형관리서비스,계약해제.해지/위약금
2023010128,2023-02-21,여자,50 - 59세,경기도,일반판매,성형외과,계약해제.해지/위약금
2023010131,2023-02-21,남자,20 - 29세,부산광역시,방문판매,헬스장,계약해제.해지/위약금
2023010132,2023-02-21,여자,30 - 39세,경기도,모바일거래,캐주얼바지,청약철회
2023010133,2023-02-21,여자,30 - 39세,경기도,기타통신판매,기타알선·중개·번역서비스,계약불이행(불완전이행)
2023010134,2023-02-21,남자,50 - 59세,인천광역시,국내온라인거래,생활패션화(슬립온·아쿠아슈즈·장화·작업화 등),품질(물품/용역)
2023010135,2023-02-21,여자,30 - 39세,서울특별시,국내온라인거래,노트북컴퓨터,품질(물품/용역)
2023010136,2023-02-21,여자,30 - 39세,경기도,기타,한의원,계약불이행(불완전이행)
2023010137,2023-02-21,남자,40 - 49세,서울특별시,일반판매,국외여행,계약해제.해지/위약금
2023010138,2023-02-21,남자,30 - 39세,강원특별자치도,국내온라인거래,전문스포츠화(축구화·골프화 등),품질(물품/용역)
2023010139,2023-02-21,여자,40 - 49세,서울특별시,기타,택시여객운송서비스,계약불이행(불완전이행)
2023010140,2023-02-21,남자,80세이상,경기도,기타통신판매,기타음향기기,품질(물품/용역)
2023010141,2023-02-21,여자,불명,경기도,일반판매,양복(서양식 의복)세탁,품질(물품/용역)
2023010142,2023-02-21,여자,50 - 59세,대구광역시,기타통신판매,각종자격취득강습,계약해제.해지/위약금
2023010143,2023-02-21,여자,40 - 49세,경기도,일반판매,헬스장,계약해제.해지/위약금
2023010144,2023-02-21,남자,불명,경기도,모바일거래,교통카드,계약불이행(불완전이행)
2023010145,2023-02-21,여자,50 - 59세,부산광역시,방문판매,소파,계약불이행(불완전이행)
2023010146,2023-02-21,여자,40 - 49세,경기도,일반판매,아동화,품질(물품/용역)
2023010147,2023-02-21,여자,20 - 29세,경기도,기타통신판매,통신기기주변장치,계약불이행(불완전이행)
2023010148,2023-02-21,남자,70 - 79세,부산광역시,일반판매,냉장고,품질(물품/용역)
2023010149,2023-02-21,여자,30 - 39세,서울특별시,국내온라인거래,항공여객운송서비스,표시.광고
2023010150,2023-02-21,여자,70 - 79세,경기도,TV홈쇼핑,정수기대여(렌트),계약불이행(불완전이행)
2023010151,2023-02-21,남자,20 - 29세,경기도,방문판매,기타사설강습서비스,계약해제.해지/위약금
2023010152,2023-02-21,여자,60 - 64세,서울특별시,국내온라인거래,코트,품질(물품/용역)
2023010153,2023-02-21,여자,30 - 39세,대전광역시,국내온라인거래,기타의자류,안전(제품/시설)
2023010154,2023-02-21,여자,50 - 59세,서울특별시,국내온라인거래,기타가구,품질(물품/용역)
2023010155,2023-02-21,남자,30 - 39세,서울특별시,방문판매,예식서비스,계약해제.해지/위약금
2023010156,2023-02-21,남자,60 - 64세,경기도,일반판매,자동차세차,부당행위
2023010158,2023-02-21,여자,20 - 29세,충청북도,일반판매,헬스장,계약해제.해지/위약금
2023010159,2023-02-21,여자,30 - 39세,경상북도,국제온라인거래,인터넷정보이용서비스,계약해제.해지/위약금
2023010160,2023-02-21,남자,60 - 64세,서울특별시,일반판매,자동차수리·점검,AS불만
2023010161,2023-02-21,여자,40 - 49세,경기도,국내온라인거래,시계,부당행위
2023010162,2023-02-21,여자,30 - 39세,경기도,일반판매,예식서비스,계약해제.해지/위약금
2023010163,2023-02-21,남자,40 - 49세,경상남도,기타,스포츠시설이용,계약해제.해지/위약금
2023010164,2023-02-21,남자,20 - 29세,서울특별시,국내온라인거래,모형완구,청약철회
2023010165,2023-02-21,여자,40 - 49세,서울특별시,국내온라인거래,기타보건·위생용품,청약철회
2023010166,2023-02-21,여자,30 - 39세,서울특별시,국내온라인거래,통신기기주변장치,표시.광고
2023010167,2023-02-21,여자,70 - 79세,경기도,일반판매,점퍼·재킷류,품질(물품/용역)
2023010168,2023-02-21,여자,60 - 64세,경기도,일반판매,지갑,품질(물품/용역)
2023010169,2023-02-21,여자,20 - 29세,경기도,일반판매,피부·체형관리서비스,청약철회
2023010170,2023-02-21,남자,50 - 59세,전라남도,기타통신판매,이동전화서비스,품질(물품/용역)
2023010171,2023-02-21,여자,65 - 69세,제주도,일반판매,이동전화서비스,청약철회
2023010172,2023-02-21,여자,50 - 59세,서울특별시,일반판매,성형외과,계약해제.해지/위약금
2023010173,2023-02-21,남자,불명,전라북도,국내온라인거래,선반침대,청약철회
2023010174,2023-02-21,남자,50 - 59세,대구광역시,일반판매,대형승용자동차,품질(물품/용역)
2023010175,2023-02-21,여자,30 - 39세,대전광역시,모바일거래,호텔,청약철회
2023010176,2023-02-21,남자,30 - 39세,경기도,국내온라인거래,쇠고기포장육,표시.광고
2023010177,2023-02-21,여자,30 - 39세,경기도,국내온라인거래,쇠고기포장육,표시.광고
2023010178,2023-02-21,여자,50 - 59세,경기도,국내온라인거래,니트(스웨터),청약철회
2023010179,2023-02-21,여자,20 - 29세,세종특별자치시,일반판매,기타매체광고,계약해제.해지/위약금
2023010180,2023-02-21,여자,20 - 29세,경기도,일반판매,점퍼·재킷류,품질(물품/용역)
2023010181,2023-02-21,남자,40 - 49세,충청남도,일반판매,자동차주차장,부당행위
2023010182,2023-02-21,남자,40 - 49세,경기도,국내온라인거래,체중계,계약불이행(불완전이행)
2023010183,2023-02-21,여자,40 - 49세,제주도,일반판매,점퍼·재킷류,품질(물품/용역)
2023010184,2023-02-21,남자,40 - 49세,전라남도,모바일거래,퍼스널컴퓨터,AS불만
2023010185,2023-02-21,여자,40 - 49세,서울특별시,일반판매,숙녀화(구두·부츠 등),품질(물품/용역)
2023010186,2023-02-21,남자,30 - 39세,경기도,일반판매,헬스장,계약해제.해지/위약금
2023010187,2023-02-21,남자,40 - 49세,서울특별시,국내온라인거래,인터넷교육서비스,계약불이행(불완전이행)
2023010188,2023-02-21,남자,20 - 29세,전라북도,모바일거래,기타숙박시설,계약해제.해지/위약금
2023010189,2023-02-21,여자,10 - 19세,경기도,방문판매,헬스장,계약해제.해지/위약금
2023010190,2023-02-21,여자,50 - 59세,서울특별시,일반판매,운동화,품질(물품/용역)
2023010191,2023-02-21,남자,65 - 69세,광주광역시,국내온라인거래,점퍼·재킷류,표시.광고
2023010192,2023-02-21,남자,30 - 39세,대전광역시,일반판매,운동화,품질(물품/용역)
2023010193,2023-02-21,남자,50 - 59세,서울특별시,일반판매,기타민영보험,약관
2023010194,2023-02-21,여자,30 - 39세,경상남도,일반판매,캐주얼바지,품질(물품/용역)
2023010195,2023-02-21,여자,40 - 49세,대구광역시,기타,기타신발·용품,품질(물품/용역)
2023010196,2023-02-21,남자,50 - 59세,전라북도,일반판매,가상화폐,계약해제.해지/위약금
2023010197,2023-02-21,여자,40 - 49세,서울특별시,방문판매,공기청정기대여(렌트),계약해제.해지/위약금
2023010198,2023-02-21,남자,65 - 69세,서울특별시,일반판매,기타인테리어설비,품질(물품/용역)
2023010199,2023-02-21,여자,20 - 29세,경기도,국내온라인거래,양복(서양식 의복)세탁,품질(물품/용역)
2023010200,2023-02-21,여자,30 - 39세,경기도,일반판매,초콜릿,계약해제.해지/위약금
2023010201,2023-02-21,여자,30 - 39세,서울특별시,국내온라인거래,항공여객운송서비스,계약해제.해지/위약금
2023010202,2023-02-21,남자,60 - 64세,제주도,일반판매,운동화,품질(물품/용역)
2023010203,2023-02-21,여자,50 - 59세,세종특별자치시,TV홈쇼핑,프라이팬,품질(물품/용역)
2023010204,2023-02-21,여자,20 - 29세,경기도,일반판매,치과,품질(물품/용역)
2023010206,2023-02-21,남자,30 - 39세,인천광역시,기타통신판매,인터넷정보이용서비스,계약해제.해지/위약금
2023010207,2023-02-21,여자,50 - 59세,경기도,일반판매,정형외과,품질(물품/용역)
2023010208,2023-02-21,여자,20 - 29세,대구광역시,소셜커머스(쇼핑),기타의류·섬유,청약철회
2023010210,2023-02-21,여자,40 - 49세,충청북도,국내온라인거래,스포츠웨어,청약철회
2023010211,2023-02-21,여자,50 - 59세,서울특별시,TV홈쇼핑,건강(암·기타질병)보험,약관
2023010212,2023-02-21,남자,30 - 39세,경기도,일반판매,즉석조리식품,청약철회
2023010213,2023-02-21,여자,65 - 69세,서울특별시,국내온라인거래,당근,표시.광고
2023010214,2023-02-21,남자,50 - 59세,서울특별시,국내온라인거래,국외여행,계약해제.해지/위약금
2023010215,2023-02-21,여자,50 - 59세,부산광역시,일반판매,이비인후과,품질(물품/용역)
2023010216,2023-02-21,여자,50 - 59세,부산광역시,일반판매,외식,품질(물품/용역)
2023010217,2023-02-21,남자,50 - 59세,전라남도,전화권유판매,유사투자자문,계약해제.해지/위약금
2023010218,2023-02-21,여자,40 - 49세,전라북도,국내온라인거래,샌들·슬리퍼,품질(물품/용역)
2023010219,2023-02-21,여자,40 - 49세,서울특별시,일반판매,미용서비스,품질(물품/용역)
2023010220,2023-02-21,여자,40 - 49세,광주광역시,국내온라인거래,운동화,청약철회
2023010221,2023-02-21,남자,30 - 39세,인천광역시,일반판매,산후조리원,계약해제.해지/위약금
2023010222,2023-02-21,남자,70 - 79세,서울특별시,일반판매,TV,품질(물품/용역)
2023010223,2023-02-21,여자,30 - 39세,서울특별시,일반판매,신발세탁,계약불이행(불완전이행)
2023010224,2023-02-21,남자,20 - 29세,경기도,국내온라인거래,교통카드,부당행위
2023010226,2023-02-21,남자,60 - 64세,대구광역시,일반판매,실손보험,계약불이행(불완전이행)
2023010227,2023-02-21,남자,30 - 39세,경기도,전화권유판매,유사투자자문,계약불이행(불완전이행)
2023010228,2023-02-21,여자,30 - 39세,전라북도,기타통신판매,사진촬영,계약불이행(불완전이행)
2023010229,2023-02-21,남자,40 - 49세,충청북도,전화권유판매,인터넷정보이용서비스,계약불이행(불완전이행)
2023010230,2023-02-21,여자,50 - 59세,제주도,일반판매,택배화물운송서비스,계약불이행(불완전이행)
2023010231,2023-02-21,남자,50 - 59세,경기도,일반판매,이동전화서비스,계약해제.해지/위약금
2023010232,2023-02-21,여자,30 - 39세,부산광역시,기타,기타병·의원서비스,품질(물품/용역)
2023010234,2023-02-21,여자,30 - 39세,부산광역시,일반판매,헬스장,계약불이행(불완전이행)
2023010235,2023-02-21,여자,40 - 49세,부산광역시,일반판매,점퍼·재킷류,품질(물품/용역)
2023010236,2023-02-21,남자,불명,경기도,소셜커머스(쇼핑),사과,계약불이행(불완전이행)
2023010237,2023-02-21,여자,20 - 29세,인천광역시,국내온라인거래,점퍼·재킷류,청약철회
2023010302,2023-02-21,여자,20 - 29세,대전광역시,일반판매,필라테스,안전(제품/시설)
2023010303,2023-02-21,여자,30 - 39세,서울특별시,일반판매,미용서비스,품질(물품/용역)
2023010304,2023-02-21,남자,60 - 64세,전라북도,일반판매,국외여행,계약해제.해지/위약금
2023010305,2023-02-21,남자,30 - 39세,강원특별자치도,소셜커머스(쇼핑),택배화물운송서비스,단순문의.상담
2023010306,2023-02-21,여자,30 - 39세,서울특별시,소셜커머스(쇼핑),스마트폰,품질(물품/용역)
2023010307,2023-02-21,여자,30 - 39세,서울특별시,국내온라인거래,노트북컴퓨터,품질(물품/용역)
2023010308,2023-02-21,남자,30 - 39세,서울특별시,국내온라인거래,기타건강식품,청약철회
2023010309,2023-02-21,남자,30 - 39세,인천광역시,국내온라인거래,국제결혼중개,품질(물품/용역)
2023010310,2023-02-21,남자,40 - 49세,경기도,전화권유판매,인터넷교육서비스,계약해제.해지/위약금
2023010311,2023-02-21,여자,30 - 39세,경기도,국내온라인거래,찬장,품질(물품/용역)
2023010312,2023-02-21,남자,30 - 39세,서울특별시,일반판매,헬스장,계약불이행(불완전이행)
2023010313,2023-02-21,여자,30 - 39세,경기도,일반판매,소파,계약불이행(불완전이행)
2023010314,2023-02-21,여자,30 - 39세,대전광역시,일반판매,헬스장,계약해제.해지/위약금
2023010315,2023-02-21,남자,30 - 39세,서울특별시,국내온라인거래,기타이동통신,계약불이행(불완전이행)
2023010316,2023-02-21,여자,40 - 49세,전라남도,국내온라인거래,기타가구,품질(물품/용역)
2023010317,2023-02-21,여자,30 - 39세,서울특별시,국내온라인거래,기타회원권,계약해제.해지/위약금
2023010318,2023-02-21,여자,50 - 59세,서울특별시,기타,요가,계약해제.해지/위약금
2023010319,2023-02-21,남자,50 - 59세,서울특별시,국내온라인거래,인터넷정보이용서비스,가격.요금
2023010320,2023-02-21,여자,40 - 49세,부산광역시,소셜커머스(쇼핑),전기온수장판,품질(물품/용역)
2023010321,2023-02-21,남자,40 - 49세,경상남도,국내온라인거래,책장·서가,부당행위
2023010322,2023-02-21,여자,30 - 39세,서울특별시,방문판매,필라테스,계약해제.해지/위약금
2023010323,2023-02-21,남자,40 - 49세,경기도,기타통신판매,호텔,계약불이행(불완전이행)
2023010324,2023-02-21,여자,30 - 39세,서울특별시,국내온라인거래,항공여객운송서비스,계약해제.해지/위약금
2023010325,2023-02-21,여자,40 - 49세,강원특별자치도,국내온라인거래,점퍼·재킷류,청약철회
2023010326,2023-02-21,여자,40 - 49세,경기도,일반판매,인터넷교육서비스,계약해제.해지/위약금
2023010327,2023-02-21,여자,40 - 49세,경기도,기타,기타인테리어설비,품질(물품/용역)
2023010328,2023-02-21,남자,40 - 49세,경기도,국내온라인거래,노트북컴퓨터,청약철회
2023010329,2023-02-21,남자,40 - 49세,경기도,일반판매,냉장고,AS불만
2023010330,2023-02-21,남자,30 - 39세,전라북도,국내온라인거래,항공여객운송서비스,청약철회
2023010331,2023-02-21,남자,30 - 39세,서울특별시,국내온라인거래,기타컴퓨터·주변기기,부당행위
2023010332,2023-02-21,남자,65 - 69세,광주광역시,기타,택배화물운송서비스,계약불이행(불완전이행)
2023010333,2023-02-21,남자,30 - 39세,서울특별시,국내온라인거래,점퍼·재킷류,품질(물품/용역)
2023010334,2023-02-21,남자,20 - 29세,서울특별시,기타,헬스장,계약해제.해지/위약금
2023010335,2023-02-21,여자,20 - 29세,인천광역시,국내온라인거래,기타책상·테이블류,청약철회
2023010336,2023-02-21,남자,30 - 39세,경기도,국내온라인거래,기타미분류서비스,계약불이행(불완전이행)
2023010337,2023-02-21,여자,40 - 49세,서울특별시,모바일거래,화장품세트,품질(물품/용역)
2023010338,2023-02-21,여자,20 - 29세,경상남도,일반판매,헬스장,계약해제.해지/위약금
2023010339,2023-02-21,여자,30 - 39세,전라남도,전화권유판매,초고속인터넷,계약해제.해지/위약금
2023010340,2023-02-21,여자,30 - 39세,경기도,기타통신판매,사진촬영,계약해제.해지/위약금
2023010341,2023-02-21,여자,30 - 39세,부산광역시,국내온라인거래,기타통신기기,청약철회
2023010342,2023-02-21,여자,30 - 39세,경기도,국내온라인거래,전기오븐,품질(물품/용역)
2023010343,2023-02-21,남자,30 - 39세,서울특별시,기타,결혼준비대행서비스,계약불이행(불완전이행)
2023010344,2023-02-21,남자,50 - 59세,전라남도,모바일거래,노트북컴퓨터,청약철회
2023010345,2023-02-21,남자,30 - 39세,서울특별시,국내온라인거래,태블릿PC,청약철회
2023010346,2023-02-21,여자,30 - 39세,경기도,국내온라인거래,기타간편복,청약철회
2023010347,2023-02-21,여자,30 - 39세,서울특별시,일반판매,포장이사운송서비스,품질(물품/용역)
2023010348,2023-02-21,남자,30 - 39세,서울특별시,국내온라인거래,항공여객운송서비스,계약해제.해지/위약금
2023010349,2023-02-21,남자,40 - 49세,대전광역시,모바일거래,인터넷게임서비스,청약철회
2023010350,2023-02-21,여자,30 - 39세,대구광역시,국내온라인거래,운동화,청약철회
2023010351,2023-02-21,남자,30 - 39세,서울특별시,일반판매,국제결혼중개,계약불이행(불완전이행)
2023010352,2023-02-21,여자,30 - 39세,경기도,일반판매,피부·체형관리서비스,계약해제.해지/위약금
2023010353,2023-02-21,남자,40 - 49세,경기도,국내온라인거래,텐트,품질(물품/용역)
2023010354,2023-02-21,여자,40 - 49세,서울특별시,방문판매,기타인테리어설비,품질(물품/용역)
2023010355,2023-02-21,여자,20 - 29세,경상남도,일반판매,예식서비스,계약해제.해지/위약금
2023010356,2023-02-21,여자,30 - 39세,부산광역시,일반판매,기타인테리어설비,계약해제.해지/위약금
2023010357,2023-02-21,남자,30 - 39세,대구광역시,일반판매,양복(서양식 의복)세탁,계약불이행(불완전이행)
2023010358,2023-02-21,남자,30 - 39세,경기도,국내온라인거래,노트북컴퓨터,품질(물품/용역)
2023010359,2023-02-21,여자,40 - 49세,경기도,국내온라인거래,국외여행,계약불이행(불완전이행)
2023010360,2023-02-21,여자,20 - 29세,경기도,소셜커머스(쇼핑),기타이·미용기구,안전(제품/시설)
2023010361,2023-02-21,여자,40 - 49세,경상북도,기타,신발세탁,계약불이행(불완전이행)
2023010362,2023-02-21,남자,40 - 49세,인천광역시,국내온라인거래,항공여객운송서비스,계약불이행(불완전이행)
2023010363,2023-02-21,남자,20 - 29세,서울특별시,국내온라인거래,노트북컴퓨터,AS불만
2023010364,2023-02-21,남자,30 - 39세,경상남도,방문판매,안경·안경테,품질(물품/용역)
2023010365,2023-02-21,남자,20 - 29세,경기도,국내온라인거래,항공여객운송서비스,계약불이행(불완전이행)
2023010366,2023-02-21,여자,40 - 49세,경기도,국제온라인거래,항공여객운송서비스,계약해제.해지/위약금
2023010367,2023-02-21,남자,20 - 29세,서울특별시,방문판매,헬스장,계약해제.해지/위약금
2023010368,2023-02-21,남자,40 - 49세,대구광역시,국내온라인거래,국외여행,청약철회
2023010369,2023-02-21,남자,20 - 29세,경기도,방문판매,헬스장,계약해제.해지/위약금
2023010370,2023-02-21,여자,30 - 39세,경기도,일반판매,미용서비스,계약해제.해지/위약금
2023010371,2023-02-21,남자,30 - 39세,서울특별시,기타,예식서비스,계약해제.해지/위약금
2023010373,2023-02-21,여자,65 - 69세,인천광역시,기타,기타인테리어설비,계약해제.해지/위약금
2023010374,2023-02-22,여자,65 - 69세,서울특별시,기타,창호유리,품질(물품/용역)
2023010375,2023-02-22,남자,30 - 39세,인천광역시,일반판매,자동차주차장,계약해제.해지/위약금
2023010376,2023-02-22,남자,60 - 64세,서울특별시,기타,정수기대여(렌트),계약해제.해지/위약금
2023010377,2023-02-22,남자,40 - 49세,강원특별자치도,국내온라인거래,신유형상품권,표시.광고
2023010378,2023-02-22,남자,50 - 59세,경상남도,기타,중형승용자동차,품질(물품/용역)
2023010379,2023-02-22,여자,40 - 49세,경기도,일반판매,피부·체형관리서비스,계약해제.해지/위약금
2023010380,2023-02-22,여자,50 - 59세,서울특별시,국내온라인거래,영양오일류,안전(제품/시설)
2023010382,2023-02-22,남자,50 - 59세,전라북도,일반판매,이동전화서비스,계약불이행(불완전이행)
2023010383,2023-02-22,여자,40 - 49세,경기도,일반판매,스마트폰,AS불만
2023010384,2023-02-22,남자,50 - 59세,대전광역시,일반판매,자동차수리·점검,AS불만
2023010385,2023-02-22,여자,30 - 39세,서울특별시,기타통신판매,운동화,청약철회
2023010386,2023-02-22,여자,30 - 39세,서울특별시,국내온라인거래,점퍼·재킷류,품질(물품/용역)
2023010387,2023-02-22,여자,20 - 29세,서울특별시,일반판매,국내결혼중개,계약해제.해지/위약금
2023010388,2023-02-22,여자,30 - 39세,서울특별시,일반판매,국내결혼중개,계약불이행(불완전이행)
2023010390,2023-02-22,남자,60 - 64세,경기도,일반판매,자동차세차,부당행위
2023010391,2023-02-22,여자,40 - 49세,인천광역시,기타,인터넷교육서비스,계약해제.해지/위약금
2023010392,2023-02-22,남자,40 - 49세,제주도,일반판매,결혼준비대행서비스,계약해제.해지/위약금
2023010393,2023-02-22,여자,50 - 59세,서울특별시,일반판매,실손보험,부당행위
2023010394,2023-02-22,남자,70 - 79세,부산광역시,일반판매,가스보일러,품질(물품/용역)
2023010395,2023-02-22,남자,30 - 39세,인천광역시,국내온라인거래,운동화,청약철회
2023010396,2023-02-22,여자,30 - 39세,서울특별시,국내온라인거래,캐주얼바지,청약철회
2023010397,2023-02-22,남자,20 - 29세,전라북도,국내온라인거래,신유형상품권,부당행위
2023010398,2023-02-22,남자,50 - 59세,경기도,일반판매,안마의자,계약불이행(불완전이행)
2023010399,2023-02-22,남자,30 - 39세,인천광역시,소셜커머스(쇼핑),쇠고기포장육,품질(물품/용역)
2023010400,2023-02-22,남자,50 - 59세,경기도,국내온라인거래,스프링매트리스,품질(물품/용역)
2023010401,2023-02-22,여자,40 - 49세,인천광역시,일반판매,양복(서양식 의복)세탁,품질(물품/용역)
2023010402,2023-02-22,남자,60 - 64세,경상남도,일반판매,중형승용자동차,AS불만
2023010404,2023-02-22,남자,30 - 39세,경기도,국내온라인거래,기타숙박시설,계약해제.해지/위약금
2023010405,2023-02-22,여자,65 - 69세,서울특별시,일반판매,기타민영보험,약관
2023010406,2023-02-22,여자,65 - 69세,서울특별시,일반판매,기타민영보험,약관
2023010407,2023-02-22,여자,65 - 69세,서울특별시,일반판매,기타민영보험,약관
2023010408,2023-02-22,남자,40 - 49세,대구광역시,방문판매,가구세트,계약불이행(불완전이행)
2023010409,2023-02-22,여자,30 - 39세,대구광역시,국내온라인거래,기타사설강습서비스,계약해제.해지/위약금
2023010411,2023-02-22,남자,40 - 49세,세종특별자치시,모바일거래,자동차대여(렌트),부당행위
2023010414,2023-02-22,여자,20 - 29세,해외 및 기타,국내온라인거래,기타문화용품,계약불이행(불완전이행)
2023010415,2023-02-22,여자,30 - 39세,해외 및 기타,국내온라인거래,기타문화용품,계약불이행(불완전이행)
2023010416,2023-02-22,여자,30 - 39세,서울특별시,국제온라인거래,항공여객운송서비스,계약불이행(불완전이행)
2023010419,2023-02-22,남자,20 - 29세,부산광역시,국내온라인거래,여관(모텔),계약해제.해지/위약금
2023010420,2023-02-22,여자,40 - 49세,경기도,국내온라인거래,항공여객운송서비스,계약해제.해지/위약금
2023010421,2023-02-22,여자,20 - 29세,경기도,국내온라인거래,항공여객운송서비스,계약불이행(불완전이행)
2023010422,2023-02-22,여자,40 - 49세,경기도,일반판매,스포츠시설이용,계약해제.해지/위약금
2023010423,2023-02-22,여자,30 - 39세,경기도,국내온라인거래,기타가방,청약철회
2023010424,2023-02-22,여자,20 - 29세,경기도,국내온라인거래,항공여객운송서비스,계약불이행(불완전이행)
2023010425,2023-02-22,여자,40 - 49세,서울특별시,일반판매,한의원,계약해제.해지/위약금
2023010426,2023-02-22,여자,30 - 39세,제주도,일반판매,헬스장,계약해제.해지/위약금
2023010427,2023-02-22,남자,10 - 19세,부산광역시,국내온라인거래,기타신변용품,계약불이행(불완전이행)
2023010429,2023-02-22,여자,70 - 79세,전라남도,TV홈쇼핑,머플러,계약불이행(불완전이행)
2023010430,2023-02-22,여자,40 - 49세,대구광역시,국내온라인거래,스마트폰,품질(물품/용역)
2023010431,2023-02-22,남자,30 - 39세,경기도,일반판매,헬스장,계약해제.해지/위약금
2023010432,2023-02-22,여자,60 - 64세,서울특별시,일반판매,정수기대여(렌트),계약불이행(불완전이행)
2023010435,2023-02-22,여자,20 - 29세,경기도,국내온라인거래,미용서비스,계약불이행(불완전이행)
2023010436,2023-02-22,남자,20 - 29세,서울특별시,기타,헬스장,계약해제.해지/위약금
2023010437,2023-02-22,남자,40 - 49세,부산광역시,일반판매,캐주얼바지,품질(물품/용역)
2023010438,2023-02-22,남자,30 - 39세,부산광역시,기타통신판매,드라이버,청약철회
2023010439,2023-02-22,여자,30 - 39세,경기도,모바일거래,기타미분류서비스,계약해제.해지/위약금
2023010440,2023-02-22,여자,30 - 39세,경기도,일반판매,헬스장,계약불이행(불완전이행)
2023010441,2023-02-22,여자,20 - 29세,경기도,국내온라인거래,양복(서양식 의복)세탁,품질(물품/용역)
2023010442,2023-02-22,여자,50 - 59세,경기도,전화권유판매,헬스장,계약해제.해지/위약금
2023010443,2023-02-22,남자,20 - 29세,서울특별시,국내온라인거래,미분류컨설팅(자문),계약불이행(불완전이행)
2023010444,2023-02-22,남자,60 - 64세,서울특별시,기타,정수기대여(렌트),가격.요금
2023010445,2023-02-22,남자,40 - 49세,경기도,소셜커머스(쇼핑),기타식품류,품질(물품/용역)
2023010446,2023-02-22,여자,50 - 59세,서울특별시,국내온라인거래,전기세탁기,계약불이행(불완전이행)
2023010448,2023-02-22,여자,60 - 64세,서울특별시,일반판매,건강(암·기타질병)보험,약관
2023010449,2023-02-22,여자,60 - 64세,서울특별시,일반판매,건강(암·기타질병)보험,약관
2023010450,2023-02-22,남자,40 - 49세,경기도,소셜커머스(쇼핑),컴퓨터모니터(데스크탑),AS불만
2023010451,2023-02-22,남자,60 - 64세,서울특별시,일반판매,건강(암·기타질병)보험,약관
2023010452,2023-02-22,남자,60 - 64세,서울특별시,일반판매,건강(암·기타질병)보험,약관
2023010453,2023-02-22,남자,40 - 49세,광주광역시,국내온라인거래,의자,품질(물품/용역)
2023010454,2023-02-22,여자,30 - 39세,서울특별시,모바일거래,호텔,청약철회
2023010455,2023-02-22,여자,30 - 39세,인천광역시,일반판매,외국어강습,계약해제.해지/위약금
2023010456,2023-02-22,여자,30 - 39세,서울특별시,국내온라인거래,항공여객운송서비스,계약불이행(불완전이행)
2023010457,2023-02-22,여자,20 - 29세,경기도,방문판매,헬스장,품질(물품/용역)
2023010458,2023-02-22,여자,30 - 39세,서울특별시,국내온라인거래,치즈,품질(물품/용역)
2023010459,2023-02-22,여자,30 - 39세,서울특별시,전화권유판매,인터넷정보이용서비스,계약불이행(불완전이행)
2023010460,2023-02-22,남자,80세이상,부산광역시,전화권유판매,사기그릇,청약철회
2023010461,2023-02-22,남자,60 - 64세,울산광역시,일반판매,연금보험,약관
2023010462,2023-02-22,여자,30 - 39세,경기도,모바일거래,모피·모피의류,청약철회
2023010463,2023-02-22,남자,40 - 49세,경기도,국내온라인거래,기타가방,품질(물품/용역)
2023010464,2023-02-22,여자,40 - 49세,서울특별시,방문판매,인터넷교육서비스,계약해제.해지/위약금
2023010465,2023-02-22,남자,50 - 59세,경상북도,기타,유사투자자문,계약해제.해지/위약금
2023010466,2023-02-22,남자,50 - 59세,광주광역시,일반판매,이동전화서비스,계약해제.해지/위약금
2023010467,2023-02-22,남자,30 - 39세,경기도,방문판매,인터넷교육서비스,계약해제.해지/위약금
2023010468,2023-02-22,여자,30 - 39세,충청남도,일반판매,신경외과,품질(물품/용역)
2023010469,2023-02-22,남자,40 - 49세,대전광역시,국내온라인거래,가습기,계약불이행(불완전이행)
2023010470,2023-02-22,남자,50 - 59세,서울특별시,일반판매,대형승용자동차,품질(물품/용역)
2023010471,2023-02-22,여자,30 - 39세,서울특별시,국내온라인거래,양복(서양식 의복)세탁,품질(물품/용역)
2023010472,2023-02-22,여자,30 - 39세,부산광역시,일반판매,머플러,품질(물품/용역)
2023010473,2023-02-22,여자,40 - 49세,충청남도,일반판매,애완고양이,품질(물품/용역)
2023010474,2023-02-22,여자,50 - 59세,서울특별시,기타,외과,품질(물품/용역)
2023010475,2023-02-22,남자,60 - 64세,서울특별시,기타,정형외과,품질(물품/용역)
2023010476,2023-02-22,여자,40 - 49세,경기도,국제온라인거래,항공여객운송서비스,계약불이행(불완전이행)
2023010477,2023-02-22,남자,40 - 49세,인천광역시,기타,제조물·생산및영업배상보험,품질(물품/용역)
2023010478,2023-02-22,여자,20 - 29세,서울특별시,일반판매,외식,품질(물품/용역)
2023010479,2023-02-22,여자,30 - 39세,광주광역시,기타,요가,계약해제.해지/위약금
2023010480,2023-02-22,남자,30 - 39세,경상남도,일반판매,점퍼·재킷류,계약불이행(불완전이행)
2023010481,2023-02-22,남자,불명,경상남도,전화권유판매,유사투자자문,계약해제.해지/위약금
2023010482,2023-02-22,남자,40 - 49세,서울특별시,국내온라인거래,"OTT서비스(넷플릭스,왓챠 등)",계약해제.해지/위약금
2023010483,2023-02-22,남자,불명,서울특별시,기타,상품권,계약해제.해지/위약금
2023010484,2023-02-22,여자,30 - 39세,서울특별시,국내온라인거래,핸드백,청약철회
2023010485,2023-02-22,여자,65 - 69세,인천광역시,방문판매,상조서비스,계약해제.해지/위약금
2023010486,2023-02-22,여자,30 - 39세,대전광역시,일반판매,포장이사운송서비스,계약불이행(불완전이행)
2023010487,2023-02-22,여자,30 - 39세,서울특별시,일반판매,헬스장,계약해제.해지/위약금
2023010488,2023-02-22,여자,40 - 49세,서울특별시,기타,포장이사운송서비스,계약해제.해지/위약금
2023010489,2023-02-22,남자,30 - 39세,인천광역시,소셜커머스(쇼핑),스마트폰,계약불이행(불완전이행)
2023010490,2023-02-22,여자,30 - 39세,경기도,일반판매,헬스장,계약해제.해지/위약금
2023010491,2023-02-22,남자,40 - 49세,서울특별시,소셜커머스(쇼핑),호텔,이자.수수료
2023010492,2023-02-22,여자,30 - 39세,서울특별시,국내온라인거래,식사배달,품질(물품/용역)
2023010493,2023-02-22,여자,50 - 59세,대구광역시,일반판매,골프회원권,AS불만
2023010494,2023-02-22,여자,30 - 39세,경기도,기타통신판매,국외여행,계약해제.해지/위약금
2023010495,2023-02-22,남자,40 - 49세,서울특별시,국내온라인거래,LED램프,품질(물품/용역)
2023010496,2023-02-22,남자,30 - 39세,경기도,국내온라인거래,전자담배,청약철회
2023010497,2023-02-22,여자,40 - 49세,경기도,국내온라인거래,기타조리기기·기구,품질(물품/용역)
2023010498,2023-02-22,여자,40 - 49세,충청북도,기타,비데,계약해제.해지/위약금
2023010499,2023-02-22,여자,40 - 49세,경기도,국내온라인거래,정수기,AS불만
2023010500,2023-02-22,여자,30 - 39세,경상남도,방문판매,정수기대여(렌트),계약해제.해지/위약금
2023010501,2023-02-22,여자,30 - 39세,경기도,기타,음식물처리기,품질(물품/용역)
2023010502,2023-02-22,남자,30 - 39세,충청북도,일반판매,예식서비스,계약해제.해지/위약금
2023010503,2023-02-22,여자,40 - 49세,경상북도,국내온라인거래,티셔츠,청약철회
2023010504,2023-02-22,남자,20 - 29세,서울특별시,기타,모바일게임서비스,청약철회
2023010505,2023-02-22,남자,40 - 49세,전라북도,국내온라인거래,보석·귀금속,계약불이행(불완전이행)
2023010506,2023-02-22,여자,50 - 59세,서울특별시,기타,요가,계약해제.해지/위약금
2023010507,2023-02-22,여자,20 - 29세,대전광역시,국내온라인거래,인터넷교육서비스,계약불이행(불완전이행)
2023010508,2023-02-22,여자,30 - 39세,경상북도,일반판매,수영장회원권,계약불이행(불완전이행)
2023010509,2023-02-22,남자,20 - 29세,경기도,일반판매,스포츠시설이용,계약해제.해지/위약금
2023010510,2023-02-22,여자,40 - 49세,서울특별시,기타,스마트폰,계약불이행(불완전이행)
2023010511,2023-02-22,여자,40 - 49세,전라남도,국내온라인거래,기타장류,청약철회
2023010512,2023-02-22,여자,30 - 39세,경상남도,기타통신판매,초고속인터넷,계약해제.해지/위약금
2023010513,2023-02-22,여자,30 - 39세,경기도,일반판매,예식서비스,계약해제.해지/위약금
2023010514,2023-02-22,여자,30 - 39세,경기도,방문판매,필라테스,계약해제.해지/위약금
2023010515,2023-02-22,남자,20 - 29세,서울특별시,일반판매,결혼준비대행서비스,계약해제.해지/위약금
2023010516,2023-02-22,여자,20 - 29세,서울특별시,모바일거래,애완견,청약철회
2023010517,2023-02-22,여자,30 - 39세,경기도,일반판매,애완동물기타,계약불이행(불완전이행)
2023010518,2023-02-22,남자,60 - 64세,세종특별자치시,일반판매,스팀다리미,품질(물품/용역)
2023010519,2023-02-22,여자,30 - 39세,경기도,일반판매,각종자격취득강습,계약해제.해지/위약금
2023010520,2023-02-22,여자,20 - 29세,인천광역시,국내온라인거래,운동화,청약철회
2023010521,2023-02-22,여자,65 - 69세,경기도,기타,음식물처리기,품질(물품/용역)
2023010522,2023-02-22,남자,40 - 49세,충청남도,기타,일반강습(입시학원등),계약불이행(불완전이행)
2023010523,2023-02-22,여자,30 - 39세,부산광역시,국내온라인거래,항공여객운송서비스,품질(물품/용역)
2023010524,2023-02-22,남자,20 - 29세,울산광역시,방문판매,헬스장,계약해제.해지/위약금
2023010526,2023-02-22,여자,30 - 39세,인천광역시,소셜커머스(쇼핑),식기세척기,계약불이행(불완전이행)
2023010527,2023-02-22,여자,40 - 49세,대구광역시,기타,"OTT서비스(넷플릭스,왓챠 등)",부당행위
2023010528,2023-02-22,남자,50 - 59세,강원특별자치도,일반판매,골프회원권,계약해제.해지/위약금
2023010529,2023-02-22,여자,20 - 29세,서울특별시,일반판매,콘택트렌즈·용품,청약철회
2023010530,2023-02-22,남자,30 - 39세,충청북도,국내온라인거래,운동화,청약철회
2023010531,2023-02-22,여자,30 - 39세,서울특별시,모바일거래,항공여객운송서비스,계약해제.해지/위약금
2023010532,2023-02-22,여자,40 - 49세,경기도,기타,방문교육,계약해제.해지/위약금
2023010533,2023-02-22,남자,30 - 39세,서울특별시,일반판매,기타사설강습서비스,계약불이행(불완전이행)
2023010601,2023-02-23,여자,30 - 39세,경기도,기타통신판매,기타위생설비,품질(물품/용역)
2023010602,2023-02-23,여자,30 - 39세,대전광역시,일반판매,애완견,품질(물품/용역)
2023010603,2023-02-23,남자,10 - 19세,경상남도,일반판매,이동전화서비스,계약불이행(불완전이행)
2023010604,2023-02-23,남자,40 - 49세,인천광역시,일반판매,대형승용자동차,품질(물품/용역)
2023010605,2023-02-23,남자,40 - 49세,부산광역시,일반판매,성형외과,계약해제.해지/위약금
2023010606,2023-02-23,여자,20 - 29세,서울특별시,국내온라인거래,이동전화서비스,청약철회
2023010607,2023-02-23,남자,40 - 49세,전라남도,일반판매,정수기대여(렌트),품질(물품/용역)
2023010608,2023-02-23,남자,50 - 59세,충청남도,일반판매,가발,품질(물품/용역)
2023010609,2023-02-23,남자,70 - 79세,경기도,전화권유판매,유사투자자문,계약해제.해지/위약금
2023010610,2023-02-23,남자,40 - 49세,경기도,국내온라인거래,운동화,청약철회
2023010611,2023-02-23,여자,40 - 49세,서울특별시,국내온라인거래,각종공연관람,계약해제.해지/위약금
2023010612,2023-02-23,여자,30 - 39세,서울특별시,일반판매,건강(암·기타질병)보험,약관
2023010613,2023-02-23,여자,30 - 39세,서울특별시,일반판매,건강(암·기타질병)보험,약관
2023010614,2023-02-23,여자,30 - 39세,경기도,국내온라인거래,각종공연관람,이자.수수료
2023010616,2023-02-23,여자,40 - 49세,인천광역시,기타,헬스장,계약해제.해지/위약금
2023010618,2023-02-23,남자,65 - 69세,부산광역시,일반판매,건강(암·기타질병)보험,약관
2023010619,2023-02-23,남자,40 - 49세,제주도,국내온라인거래,토스터기,AS불만
2023010620,2023-02-23,여자,20 - 29세,서울특별시,국내온라인거래,양복(서양식 의복)세탁,품질(물품/용역)
2023010621,2023-02-23,남자,40 - 49세,경기도,국제온라인거래,항공여객운송서비스,계약불이행(불완전이행)
2023010622,2023-02-23,남자,80세이상,대구광역시,일반판매,건강(암·기타질병)보험,약관
2023010623,2023-02-23,남자,20 - 29세,경기도,일반판매,차량용블랙박스,품질(물품/용역)
2023010624,2023-02-23,남자,50 - 59세,경기도,국내온라인거래,항공여객운송서비스,계약해제.해지/위약금
2023010625,2023-02-23,남자,30 - 39세,인천광역시,전화권유판매,인터넷정보이용서비스,계약해제.해지/위약금
2023010626,2023-02-23,여자,30 - 39세,전라남도,방문판매,인터넷교육서비스,계약불이행(불완전이행)
2023010627,2023-02-23,남자,20 - 29세,경기도,기타,자동차대여(렌트),부당행위
2023010628,2023-02-23,남자,40 - 49세,경기도,TV홈쇼핑,국외여행,계약해제.해지/위약금
2023010629,2023-02-23,남자,30 - 39세,부산광역시,모바일거래,통신기기케이스,청약철회
2023010630,2023-02-23,여자,60 - 64세,서울특별시,일반판매,이불·요,품질(물품/용역)
2023010631,2023-02-23,남자,30 - 39세,서울특별시,국내온라인거래,항공여객운송서비스,계약해제.해지/위약금
2023010632,2023-02-23,남자,40 - 49세,전라북도,전화권유판매,상조서비스,청약철회
2023010633,2023-02-23,남자,65 - 69세,서울특별시,일반판매,전기자전거,품질(물품/용역)
2023010634,2023-02-23,여자,50 - 59세,인천광역시,전화권유판매,유사투자자문,계약해제.해지/위약금
2023010635,2023-02-23,남자,40 - 49세,충청남도,모바일거래,냉장고,품질(물품/용역)
2023010636,2023-02-23,여자,30 - 39세,부산광역시,일반판매,중형승용자동차,품질(물품/용역)
2023010638,2023-02-23,여자,40 - 49세,경상남도,국내온라인거래,양복(서양식 의복)세탁,품질(물품/용역)
2023010639,2023-02-23,남자,65 - 69세,서울특별시,기타,건강(암·기타질병)보험,계약불이행(불완전이행)
2023010640,2023-02-23,남자,50 - 59세,전라남도,방문판매,콘도회원권,계약불이행(불완전이행)
2023010641,2023-02-23,남자,40 - 49세,대전광역시,국내온라인거래,복합기,품질(물품/용역)
2023010642,2023-02-23,남자,불명,인천광역시,일반판매,미분류대여(렌트),계약해제.해지/위약금
2023010644,2023-02-23,남자,40 - 49세,서울특별시,국내온라인거래,항공여객운송서비스,이자.수수료
2023010646,2023-02-23,남자,20 - 29세,서울특별시,일반판매,종합체육시설회원권,계약해제.해지/위약금
2023010647,2023-02-23,여자,40 - 49세,인천광역시,국내온라인거래,기타간편복,계약불이행(불완전이행)
2023010648,2023-02-23,남자,20 - 29세,대구광역시,국내온라인거래,기타컴퓨터·주변기기,청약철회
2023010650,2023-02-23,남자,40 - 49세,경기도,국내온라인거래,운동화,표시.광고
2023010651,2023-02-23,남자,50 - 59세,경기도,일반판매,골프회원권,계약불이행(불완전이행)
2023010652,2023-02-23,남자,65 - 69세,부산광역시,전화권유판매,유사투자자문,계약불이행(불완전이행)
2023010653,2023-02-23,여자,20 - 29세,경기도,방문판매,보석·귀금속,계약해제.해지/위약금
2023010654,2023-02-23,남자,40 - 49세,서울특별시,국내온라인거래,숙녀화(구두·부츠 등),부당행위
2023010655,2023-02-23,여자,30 - 39세,경기도,일반판매,건강(암·기타질병)보험,약관
2023010656,2023-02-23,여자,60 - 64세,서울특별시,국내온라인거래,게,계약불이행(불완전이행)
2023010657,2023-02-23,여자,65 - 69세,대전광역시,전화권유판매,공기청정기대여(렌트),품질(물품/용역)
2023010658,2023-02-23,여자,40 - 49세,울산광역시,일반판매,니트(스웨터),품질(물품/용역)
2023010659,2023-02-23,여자,30 - 39세,경기도,일반판매,필라테스,계약해제.해지/위약금
2023010660,2023-02-23,남자,20 - 29세,전라북도,기타통신판매,신유형상품권,부당행위
2023010661,2023-02-23,여자,40 - 49세,경기도,일반판매,피부·체형관리서비스,계약해제.해지/위약금
2023010662,2023-02-23,남자,40 - 49세,서울특별시,국내온라인거래,인터넷교육서비스,계약해제.해지/위약금
2023010663,2023-02-23,여자,30 - 39세,경기도,국내온라인거래,블라우스,청약철회
2023010664,2023-02-23,남자,30 - 39세,서울특별시,국내온라인거래,항공여객운송서비스,계약불이행(불완전이행)
2023010665,2023-02-23,여자,40 - 49세,경기도,일반판매,티셔츠,청약철회
2023010666,2023-02-23,남자,50 - 59세,경상남도,일반판매,경승용차,부당행위
2023010667,2023-02-23,남자,40 - 49세,서울특별시,방문판매,콘도회원권,계약불이행(불완전이행)
2023010668,2023-02-23,여자,65 - 69세,대구광역시,일반판매,점퍼·재킷류,품질(물품/용역)
2023010670,2023-02-23,남자,30 - 39세,울산광역시,국내온라인거래,기타미분류물품,계약불이행(불완전이행)
2023010671,2023-02-23,여자,40 - 49세,서울특별시,일반판매,포장이사운송서비스,계약불이행(불완전이행)
2023010672,2023-02-23,남자,40 - 49세,경상남도,일반판매,중고자동차중개·매매,표시.광고
2023010673,2023-02-23,남자,40 - 49세,부산광역시,국내온라인거래,기타건강식품,품질(물품/용역)
2023010674,2023-02-23,여자,60 - 64세,서울특별시,방문판매,실손보험,부당행위
2023010675,2023-02-23,남자,20 - 29세,대전광역시,일반판매,미용서비스,계약불이행(불완전이행)
2023010676,2023-02-23,여자,20 - 29세,서울특별시,일반판매,양복(서양식 의복)세탁,품질(물품/용역)
2023010677,2023-02-23,여자,20 - 29세,경기도,모바일거래,사진촬영,계약해제.해지/위약금
2023010678,2023-02-23,여자,20 - 29세,광주광역시,국내온라인거래,기타신발·용품,부당행위
2023010679,2023-02-23,여자,40 - 49세,부산광역시,일반판매,소파,품질(물품/용역)
2023010680,2023-02-23,여자,50 - 59세,대전광역시,기타,외과,품질(물품/용역)
2023010681,2023-02-23,여자,50 - 59세,경상북도,일반판매,스마트폰,AS불만
2023010682,2023-02-23,여자,50 - 59세,서울특별시,일반판매,기타의류·섬유,청약철회
2023010683,2023-02-23,여자,30 - 39세,서울특별시,방문판매,인터넷교육서비스,계약불이행(불완전이행)
2023010684,2023-02-23,여자,30 - 39세,서울특별시,기타통신판매,부업알선,계약해제.해지/위약금
2023010685,2023-02-23,남자,30 - 39세,경기도,기타통신판매,이동전화서비스,계약불이행(불완전이행)
2023010686,2023-02-23,여자,60 - 64세,제주도,일반판매,헬스장,품질(물품/용역)
2023010687,2023-02-23,남자,40 - 49세,서울특별시,국내온라인거래,메모리,AS불만
2023010688,2023-02-23,남자,30 - 39세,경기도,기타,통신기기주변장치,계약불이행(불완전이행)
2023010689,2023-02-23,여자,65 - 69세,부산광역시,일반판매,점퍼·재킷류,품질(물품/용역)
2023010690,2023-02-23,여자,30 - 39세,서울특별시,기타통신판매,기타의류·섬유,계약불이행(불완전이행)
2023010691,2023-02-23,여자,20 - 29세,서울특별시,전화권유판매,상조서비스,부당행위
2023010692,2023-02-23,남자,40 - 49세,전라북도,기타,헬스장,계약해제.해지/위약금
2023010695,2023-02-23,여자,불명,인천광역시,모바일거래,교통카드,계약불이행(불완전이행)
2023010696,2023-02-23,여자,30 - 39세,인천광역시,일반판매,호텔,계약불이행(불완전이행)
2023010697,2023-02-23,여자,30 - 39세,부산광역시,일반판매,인터넷교육서비스,계약해제.해지/위약금
2023010698,2023-02-23,남자,70 - 79세,경기도,일반판매,우유,계약해제.해지/위약금
2023010699,2023-02-23,여자,50 - 59세,경기도,일반판매,기타일반화장품,품질(물품/용역)
2023010700,2023-02-23,남자,40 - 49세,경기도,소셜커머스(쇼핑),컴퓨터모니터(데스크탑),품질(물품/용역)
2023010701,2023-02-23,여자,10 - 19세,경기도,일반판매,헬스장,계약해제.해지/위약금
2023010801,2023-02-23,여자,20 - 29세,서울특별시,일반판매,국내결혼중개,계약해제.해지/위약금
2023010802,2023-02-23,여자,30 - 39세,경기도,소셜커머스(쇼핑),소파,청약철회
2023010803,2023-02-23,여자,20 - 29세,서울특별시,일반판매,헬스장,계약해제.해지/위약금
2023010804,2023-02-23,남자,30 - 39세,경기도,기타,변호서비스,부당행위
2023010805,2023-02-23,남자,30 - 39세,경기도,방문판매,헬스장,계약해제.해지/위약금
2023010806,2023-02-23,여자,40 - 49세,경기도,방문판매,소파,AS불만
2023010807,2023-02-23,여자,60 - 64세,서울특별시,방문판매,소파,품질(물품/용역)
2023010808,2023-02-23,여자,30 - 39세,서울특별시,국내온라인거래,항공여객운송서비스,청약철회
2023010809,2023-02-23,여자,40 - 49세,서울특별시,기타,해외유학알선,부당행위
2023010810,2023-02-23,여자,30 - 39세,서울특별시,방문판매,고시원이용,계약해제.해지/위약금
2023010811,2023-02-23,남자,30 - 39세,인천광역시,국내온라인거래,가습기,AS불만
2023010814,2023-02-23,남자,10 - 19세,인천광역시,일반판매,종합체육시설회원권,계약해제.해지/위약금
2023010815,2023-02-23,남자,20 - 29세,서울특별시,기타통신판매,국내결혼중개,계약해제.해지/위약금
2023010816,2023-02-23,남자,30 - 39세,경상북도,기타,포장이사운송서비스,계약불이행(불완전이행)
2023010818,2023-02-23,여자,20 - 29세,대구광역시,전화권유판매,비데,품질(물품/용역)
2023010819,2023-02-23,여자,20 - 29세,충청남도,일반판매,영화관람,청약철회
2023010820,2023-02-23,남자,20 - 29세,경기도,일반판매,종합체육시설회원권,계약해제.해지/위약금
2023010821,2023-02-23,남자,60 - 64세,대구광역시,소셜커머스(쇼핑),TV,청약철회
2023010823,2023-02-23,남자,20 - 29세,서울특별시,기타통신판매,이동전화서비스,가격.요금
2023010824,2023-02-23,남자,40 - 49세,서울특별시,소셜커머스(쇼핑),노트북컴퓨터,AS불만
2023010825,2023-02-23,남자,30 - 39세,인천광역시,기타,예식서비스,계약해제.해지/위약금
2023010826,2023-02-23,여자,30 - 39세,전라남도,방문판매,포장이사운송서비스,부당행위
2023010827,2023-02-23,여자,20 - 29세,경기도,소셜커머스(쇼핑),핸드백,청약철회
2023010828,2023-02-23,남자,20 - 29세,대전광역시,소셜커머스(쇼핑),기타의자류,품질(물품/용역)
2023010829,2023-02-23,남자,30 - 39세,대구광역시,기타,일반강습(입시학원등),계약해제.해지/위약금
2023010830,2023-02-23,여자,40 - 49세,부산광역시,기타,포장이사운송서비스,계약불이행(불완전이행)
2023010831,2023-02-23,여자,65 - 69세,충청남도,모바일거래,고구마,계약불이행(불완전이행)
2023010832,2023-02-23,남자,50 - 59세,경상남도,국내온라인거래,학습지,단순문의.상담
2023010834,2023-02-23,남자,30 - 39세,경기도,일반판매,점퍼·재킷류,청약철회
2023010835,2023-02-23,여자,70 - 79세,전라북도,방문판매,식기세척기,청약철회
2023010836,2023-02-23,여자,50 - 59세,부산광역시,기타,일반강습(입시학원등),계약해제.해지/위약금
2023010837,2023-02-23,여자,30 - 39세,충청남도,기타,피부·체형관리서비스,계약해제.해지/위약금
2023010838,2023-02-23,여자,40 - 49세,경기도,전화권유판매,인터넷정보이용서비스,계약해제.해지/위약금
2023010839,2023-02-23,남자,20 - 29세,서울특별시,국내온라인거래,운동화,품질(물품/용역)
2023010840,2023-02-23,여자,30 - 39세,서울특별시,기타,오피스텔,품질(물품/용역)
2023010841,2023-02-23,남자,30 - 39세,경기도,일반판매,결혼준비대행서비스,계약해제.해지/위약금
2023010842,2023-02-23,여자,30 - 39세,서울특별시,기타,복합기,계약해제.해지/위약금
2023010843,2023-02-23,여자,50 - 59세,경기도,국내온라인거래,기타의료용구,부당행위
2023010845,2023-02-23,남자,40 - 49세,서울특별시,국내온라인거래,펜션,청약철회
2023010846,2023-02-23,여자,30 - 39세,경기도,방문판매,요가,계약해제.해지/위약금
2023010847,2023-02-23,남자,20 - 29세,서울특별시,일반판매,헬스장,계약해제.해지/위약금
2023010848,2023-02-23,여자,40 - 49세,경기도,소셜커머스(쇼핑),통신기기케이스,품질(물품/용역)
2023010849,2023-02-23,남자,20 - 29세,경기도,기타,변호서비스,부당행위
2023010850,2023-02-23,남자,40 - 49세,경상북도,방문판매,학습지,청약철회
2023010851,2023-02-23,남자,70 - 79세,서울특별시,일반판매,전화이용서비스,가격.요금
2023010852,2023-02-23,여자,30 - 39세,충청북도,국내온라인거래,향수,품질(물품/용역)
2023010853,2023-02-23,여자,30 - 39세,서울특별시,기타,국외캠프,부당행위
2023010854,2023-02-23,남자,30 - 39세,세종특별자치시,국내온라인거래,헤드폰·이어폰,청약철회
2023010855,2023-02-23,남자,30 - 39세,서울특별시,일반판매,결혼준비대행서비스,계약해제.해지/위약금
2023010856,2023-02-23,남자,50 - 59세,인천광역시,전화권유판매,포장이사운송서비스,품질(물품/용역)
2023010857,2023-02-23,여자,30 - 39세,서울특별시,국제온라인거래,지갑,부당행위
2023010859,2023-02-23,남자,30 - 39세,경기도,국내온라인거래,기타취미용품,품질(물품/용역)
2023010860,2023-02-23,남자,20 - 29세,전라남도,일반판매,헬스장,계약해제.해지/위약금
2023010861,2023-02-23,남자,40 - 49세,서울특별시,기타통신판매,인터넷교육서비스,계약해제.해지/위약금
2023010862,2023-02-23,여자,20 - 29세,인천광역시,일반판매,헬스장,계약해제.해지/위약금
2023010863,2023-02-23,남자,40 - 49세,세종특별자치시,국내온라인거래,스프링매트리스,계약불이행(불완전이행)
2023010864,2023-02-23,여자,20 - 29세,서울특별시,전화권유판매,인터넷정보이용서비스,계약불이행(불완전이행)
2023010865,2023-02-23,여자,30 - 39세,서울특별시,기타통신판매,기타미분류서비스,계약불이행(불완전이행)
2023010866,2023-02-23,여자,40 - 49세,경상남도,전화권유판매,모바일정보이용서비스,계약불이행(불완전이행)
2023010867,2023-02-23,여자,30 - 39세,경기도,일반판매,기타주택·건물,계약해제.해지/위약금
2023010868,2023-02-23,여자,40 - 49세,인천광역시,일반판매,케이크,계약불이행(불완전이행)
2023010869,2023-02-23,남자,30 - 39세,서울특별시,일반판매,예식서비스,계약해제.해지/위약금
2023010870,2023-02-23,남자,40 - 49세,인천광역시,일반판매,예식서비스,품질(물품/용역)
2023010871,2023-02-23,여자,30 - 39세,부산광역시,일반판매,항공여객운송서비스,계약불이행(불완전이행)
2023010872,2023-02-23,여자,30 - 39세,경기도,기타,미용서비스,품질(물품/용역)
2023010873,2023-02-23,여자,40 - 49세,서울특별시,일반판매,식탁,품질(물품/용역)
2023010874,2023-02-23,남자,50 - 59세,경기도,기타,기타주방설비,품질(물품/용역)
2023010875,2023-02-23,여자,30 - 39세,경기도,국내온라인거래,스마트폰,거래관행
2023010876,2023-02-23,여자,30 - 39세,인천광역시,방문판매,보석·귀금속,표시.광고
2023010878,2023-02-23,여자,20 - 29세,서울특별시,방문판매,필라테스,계약해제.해지/위약금
2023010879,2023-02-23,여자,50 - 59세,경기도,기타,기타가구,청약철회
2023010880,2023-02-23,남자,40 - 49세,경기도,기타,자동차수리·점검,AS불만
2023010881,2023-02-23,여자,40 - 49세,세종특별자치시,일반판매,필라테스,계약해제.해지/위약금
2023010882,2023-02-23,여자,20 - 29세,서울특별시,모바일거래,헬스장,계약해제.해지/위약금
2023010884,2023-02-23,남자,20 - 29세,대구광역시,기타,헬스장,계약해제.해지/위약금
2023010886,2023-02-24,여자,40 - 49세,서울특별시,일반판매,자동차수리·점검,부당행위
2023010889,2023-02-24,남자,30 - 39세,강원특별자치도,기타,자동차수리·점검,부당행위
2023010890,2023-02-24,여자,30 - 39세,경상남도,방문판매,인터넷교육서비스,계약해제.해지/위약금
2023010891,2023-02-24,남자,30 - 39세,서울특별시,일반판매,자동차수리·점검,부당행위
2023010892,2023-02-24,여자,50 - 59세,서울특별시,일반판매,커튼,청약철회
2023010894,2023-02-24,남자,65 - 69세,경기도,모바일거래,스마트폰,AS불만
2023010895,2023-02-24,남자,30 - 39세,경기도,방문판매,헬스장,계약불이행(불완전이행)
2023010896,2023-02-24,남자,40 - 49세,인천광역시,국내온라인거래,미분류대여(렌트),계약해제.해지/위약금
2023010897,2023-02-24,여자,70 - 79세,부산광역시,일반판매,냉장고,품질(물품/용역)
2023010898,2023-02-24,여자,30 - 39세,울산광역시,모바일거래,스포츠웨어,청약철회
2023010899,2023-02-24,여자,30 - 39세,경기도,국내온라인거래,LED마스크,품질(물품/용역)
2023010900,2023-02-24,여자,80세이상,충청북도,노상판매,홍삼제품,품질(물품/용역)
2023010901,2023-02-24,여자,20 - 29세,경기도,일반판매,골프회원권,품질(물품/용역)
2023010902,2023-02-24,남자,40 - 49세,전라남도,국내온라인거래,화장품세트,계약불이행(불완전이행)
2023010903,2023-02-24,여자,40 - 49세,서울특별시,국제온라인거래,기타가방,품질(물품/용역)
2023010904,2023-02-24,여자,30 - 39세,인천광역시,일반판매,헬스장,계약해제.해지/위약금
2023010905,2023-02-24,남자,70 - 79세,서울특별시,모바일거래,펜션,계약해제.해지/위약금
2023010906,2023-02-24,여자,20 - 29세,경기도,일반판매,헬스장,계약해제.해지/위약금
2023010907,2023-02-24,여자,30 - 39세,경기도,일반판매,필라테스,계약해제.해지/위약금
2023010908,2023-02-24,남자,40 - 49세,서울특별시,모바일거래,카셰어링,부당행위
2023010909,2023-02-24,남자,30 - 39세,경기도,전화권유판매,콘도회원권,계약해제.해지/위약금
2023010910,2023-02-24,여자,30 - 39세,충청북도,국내온라인거래,전기진공청소기,AS불만
2023010911,2023-02-24,여자,30 - 39세,경기도,일반판매,예식서비스,청약철회
2023010912,2023-02-24,여자,20 - 29세,대전광역시,모바일거래,교통카드,계약불이행(불완전이행)
2023010913,2023-02-24,남자,50 - 59세,경기도,국내온라인거래,전기장판,품질(물품/용역)
2023010914,2023-02-24,남자,30 - 39세,서울특별시,국내온라인거래,양복(서양식 의복)세탁,품질(물품/용역)
2023010915,2023-02-24,남자,60 - 64세,인천광역시,기타통신판매,인터넷정보이용서비스,계약불이행(불완전이행)
2023010916,2023-02-24,여자,50 - 59세,경상북도,일반판매,택배화물운송서비스,계약불이행(불완전이행)
2023010917,2023-02-24,여자,50 - 59세,경기도,일반판매,가스보일러,품질(물품/용역)
2023010918,2023-02-24,여자,40 - 49세,대전광역시,일반판매,코트,품질(물품/용역)
2023010919,2023-02-24,남자,40 - 49세,경기도,일반판매,외식,안전(제품/시설)
2023010920,2023-02-24,여자,30 - 39세,충청북도,국내온라인거래,인터넷교육서비스,계약해제.해지/위약금
2023010921,2023-02-24,남자,40 - 49세,광주광역시,국내온라인거래,아동화,품질(물품/용역)
2023010922,2023-02-24,남자,60 - 64세,서울특별시,국내온라인거래,기타세트가구류,청약철회
2023010923,2023-02-24,여자,40 - 49세,경기도,모바일거래,신용카드,표시.광고
2023010924,2023-02-24,여자,30 - 39세,경기도,일반판매,국내결혼중개,계약해제.해지/위약금
2023010925,2023-02-24,여자,30 - 39세,서울특별시,일반판매,헬스장,계약해제.해지/위약금
2023010926,2023-02-24,여자,65 - 69세,경기도,일반판매,이동전화서비스,부당행위
2023010927,2023-02-24,남자,40 - 49세,경기도,국내온라인거래,바닥재·마루공사,계약해제.해지/위약금
2023010928,2023-02-24,여자,50 - 59세,광주광역시,일반판매,양복(서양식 의복)세탁,품질(물품/용역)
2023010929,2023-02-24,남자,20 - 29세,경기도,모바일거래,카셰어링,부당행위
2023010930,2023-02-24,남자,20 - 29세,경기도,국내온라인거래,키보드,AS불만
2023010931,2023-02-24,여자,40 - 49세,서울특별시,기타통신판매,각종자격취득강습,계약불이행(불완전이행)
2023010932,2023-02-24,여자,50 - 59세,강원특별자치도,일반판매,핸드백,품질(물품/용역)
2023010933,2023-02-24,남자,30 - 39세,서울특별시,모바일거래,항공여객운송서비스,계약불이행(불완전이행)
2023010934,2023-02-24,여자,65 - 69세,대구광역시,일반판매,이동전화서비스,청약철회
2023010935,2023-02-24,남자,30 - 39세,경기도,일반판매,예식서비스,계약해제.해지/위약금
2023010936,2023-02-24,여자,70 - 79세,전라남도,일반판매,티셔츠,계약해제.해지/위약금
2023010937,2023-02-24,여자,50 - 59세,광주광역시,기타통신판매,하수도위생서비스,계약불이행(불완전이행)
2023010938,2023-02-24,여자,65 - 69세,충청남도,국내온라인거래,기타서적음반류,계약불이행(불완전이행)
2023010941,2023-02-24,여자,30 - 39세,대전광역시,일반판매,양복(서양식 의복)세탁,품질(물품/용역)
2023010942,2023-02-24,여자,30 - 39세,대전광역시,일반판매,양복(서양식 의복)세탁,품질(물품/용역)
2023010943,2023-02-24,남자,30 - 39세,경상남도,국내온라인거래,기타신발·용품,청약철회
2023010944,2023-02-24,남자,70 - 79세,서울특별시,일반판매,기타인테리어설비,계약불이행(불완전이행)
2023010945,2023-02-24,여자,50 - 59세,인천광역시,국내온라인거래,노트북컴퓨터,계약불이행(불완전이행)
2023010946,2023-02-24,여자,20 - 29세,서울특별시,국내온라인거래,외식,계약해제.해지/위약금
2023010947,2023-02-24,여자,20 - 29세,경기도,일반판매,자동차대여(렌트),품질(물품/용역)
2023010948,2023-02-24,여자,40 - 49세,경기도,일반판매,소파,계약불이행(불완전이행)
2023010949,2023-02-24,여자,50 - 59세,경기도,TV홈쇼핑,국외여행,계약해제.해지/위약금
2023010950,2023-02-24,여자,30 - 39세,경기도,국내온라인거래,원피스,품질(물품/용역)
2023010951,2023-02-24,여자,20 - 29세,경기도,일반판매,외식,품질(물품/용역)
2023010952,2023-02-24,여자,60 - 64세,경기도,전화권유판매,다이어트식품,청약철회
2023010953,2023-02-24,여자,40 - 49세,서울특별시,일반판매,헬스장,계약해제.해지/위약금
2023010954,2023-02-24,여자,65 - 69세,강원특별자치도,기타,기타일반화장품,부당채권추심
2023010955,2023-02-24,남자,50 - 59세,강원특별자치도,일반판매,태블릿PC,품질(물품/용역)
2023010957,2023-02-24,여자,30 - 39세,서울특별시,국내온라인거래,기타의류·섬유,청약철회
2023010958,2023-02-24,여자,20 - 29세,서울특별시,국제온라인거래,호텔,계약해제.해지/위약금
2023010959,2023-02-24,남자,30 - 39세,서울특별시,국내온라인거래,메모리,품질(물품/용역)
2023010960,2023-02-24,여자,30 - 39세,경기도,국내온라인거래,국외여행,계약해제.해지/위약금
2023010961,2023-02-24,남자,70 - 79세,부산광역시,일반판매,중형승용자동차,품질(물품/용역)
2023010962,2023-02-24,여자,30 - 39세,경기도,일반판매,기타숙박시설,청약철회
2023010963,2023-02-24,여자,20 - 29세,경기도,국내온라인거래,항공여객운송서비스,청약철회
2023010964,2023-02-24,남자,50 - 59세,충청남도,TV홈쇼핑,음식물처리기대여(렌트),계약해제.해지/위약금
2023010965,2023-02-24,여자,20 - 29세,경기도,국내온라인거래,사진촬영,청약철회
2023010966,2023-02-24,여자,30 - 39세,서울특별시,일반판매,대형승용자동차,부당행위
2023010967,2023-02-24,남자,40 - 49세,충청남도,전화권유판매,인터넷정보이용서비스,계약해제.해지/위약금
2023010968,2023-02-24,남자,40 - 49세,서울특별시,일반판매,병리과,품질(물품/용역)
2023010969,2023-02-24,여자,40 - 49세,경상북도,일반판매,산부인과,품질(물품/용역)
2023010970,2023-02-24,여자,65 - 69세,경기도,일반판매,초고속인터넷,계약해제.해지/위약금
2023010971,2023-02-24,남자,30 - 39세,경상북도,전화권유판매,유사투자자문,청약철회
2023010972,2023-02-24,남자,40 - 49세,경기도,국제온라인거래,기타침대류,계약불이행(불완전이행)
2023010973,2023-02-24,남자,40 - 49세,서울특별시,국내온라인거래,기타가구,품질(물품/용역)
2023010974,2023-02-24,남자,30 - 39세,경기도,일반판매,성기능향상기기,청약철회
2023010975,2023-02-24,여자,40 - 49세,충청북도,일반판매,공중파방송,계약해제.해지/위약금
2023010976,2023-02-24,남자,60 - 64세,경기도,일반판매,아파트,계약해제.해지/위약금
2023010977,2023-02-24,여자,50 - 59세,인천광역시,모바일거래,전기압력밥솥,표시.광고
2023010978,2023-02-24,여자,30 - 39세,서울특별시,일반판매,헬스장,계약불이행(불완전이행)
2023010979,2023-02-24,남자,70 - 79세,충청북도,일반판매,유사투자자문,계약해제.해지/위약금
2023010980,2023-02-24,여자,65 - 69세,울산광역시,일반판매,치과,품질(물품/용역)
2023010981,2023-02-24,남자,30 - 39세,광주광역시,일반판매,실손보험,약관
2023010982,2023-02-24,남자,30 - 39세,인천광역시,일반판매,법률(행정),가격.요금
2023010983,2023-02-24,여자,30 - 39세,충청남도,기타,기타인테리어설비,계약불이행(불완전이행)
2023010984,2023-02-24,남자,60 - 64세,대구광역시,모바일거래,항공여객운송서비스,부당행위
2023010985,2023-02-24,남자,20 - 29세,경기도,일반판매,각종자격취득강습,계약해제.해지/위약금
2023010986,2023-02-24,여자,20 - 29세,서울특별시,일반판매,헬스장,계약해제.해지/위약금
2023010987,2023-02-24,여자,40 - 49세,경기도,기타,사진촬영,계약해제.해지/위약금
2023010988,2023-02-24,여자,30 - 39세,경기도,국내온라인거래,의류관리기(스타일러 등),품질(물품/용역)
2023010989,2023-02-24,남자,30 - 39세,서울특별시,일반판매,셔츠,품질(물품/용역)
2023010990,2023-02-24,여자,30 - 39세,부산광역시,전화권유판매,이동전화서비스,계약불이행(불완전이행)
2023011001,2023-02-24,여자,30 - 39세,서울특별시,모바일거래,기타가방,청약철회
2023011002,2023-02-24,남자,20 - 29세,인천광역시,국내온라인거래,소파,AS불만
2023011003,2023-02-24,여자,30 - 39세,서울특별시,전화권유판매,항공여객운송서비스,계약해제.해지/위약금
2023011004,2023-02-24,남자,30 - 39세,경상북도,소셜커머스(쇼핑),셔츠,청약철회
2023011005,2023-02-24,여자,40 - 49세,경기도,국내온라인거래,서랍장,계약불이행(불완전이행)
2023011006,2023-02-24,여자,30 - 39세,대구광역시,일반판매,페인트,가격.요금
2023011007,2023-02-24,남자,10 - 19세,경기도,일반판매,기타서적음반류,청약철회
2023011008,2023-02-24,남자,40 - 49세,서울특별시,국제온라인거래,항공여객운송서비스,계약해제.해지/위약금
2023011009,2023-02-24,남자,30 - 39세,대전광역시,기타,안경·안경테,AS불만
2023011010,2023-02-24,남자,50 - 59세,전라북도,국내온라인거래,꽃·화초·화환,청약철회
2023011011,2023-02-24,여자,60 - 64세,경기도,일반판매,국외여행,계약해제.해지/위약금
2023011012,2023-02-24,여자,20 - 29세,서울특별시,일반판매,외식,안전(제품/시설)
2023011013,2023-02-24,남자,40 - 49세,서울특별시,국내온라인거래,항공여객운송서비스,품질(물품/용역)
2023011014,2023-02-24,남자,30 - 39세,대구광역시,일반판매,미용서비스,계약해제.해지/위약금
2023011015,2023-02-24,남자,40 - 49세,경기도,소셜커머스(쇼핑),국외여행,계약불이행(불완전이행)
2023011016,2023-02-24,남자,40 - 49세,대구광역시,방문판매,기타신발·용품,품질(물품/용역)
2023011017,2023-02-24,남자,30 - 39세,경기도,모바일거래,수영장회원권,계약해제.해지/위약금
2023011018,2023-02-24,여자,30 - 39세,서울특별시,일반판매,헬스장,계약해제.해지/위약금
2023011019,2023-02-24,남자,40 - 49세,전라남도,기타통신판매,인터넷교육서비스,표시.광고
2023011020,2023-02-24,남자,20 - 29세,충청남도,일반판매,애완견,부당행위
2023011021,2023-02-24,여자,20 - 29세,전라남도,일반판매,미용서비스,계약불이행(불완전이행)
2023011022,2023-02-24,여자,40 - 49세,서울특별시,기타,가구세트,표시.광고
2023011023,2023-02-24,남자,40 - 49세,광주광역시,방문판매,인터넷교육서비스,계약해제.해지/위약금
2023011024,2023-02-24,여자,30 - 39세,경기도,전화권유판매,노트북컴퓨터,품질(물품/용역)
2023011025,2023-02-24,남자,40 - 49세,인천광역시,국내온라인거래,분무기,청약철회
2023011026,2023-02-24,여자,20 - 29세,경기도,국내온라인거래,기타미분류서비스,품질(물품/용역)
2023011027,2023-02-24,남자,30 - 39세,서울특별시,국내온라인거래,항공여객운송서비스,계약불이행(불완전이행)
2023011028,2023-02-24,남자,30 - 39세,경기도,일반판매,헬스장,계약불이행(불완전이행)
2023011029,2023-02-24,여자,40 - 49세,부산광역시,기타,기타가스·급배수설비,계약불이행(불완전이행)
2023011030,2023-02-24,남자,30 - 39세,경상북도,기타,예식서비스,계약해제.해지/위약금
2023011031,2023-02-24,남자,30 - 39세,인천광역시,국내온라인거래,점퍼·재킷류,청약철회
2023011032,2023-02-24,여자,40 - 49세,경기도,국내온라인거래,니트(스웨터),청약철회
2023011033,2023-02-24,여자,40 - 49세,부산광역시,국내온라인거래,침대,청약철회
2023011034,2023-02-24,남자,30 - 39세,경기도,국내온라인거래,호텔,이자.수수료
2023011036,2023-02-24,남자,30 - 39세,인천광역시,일반판매,헬스장,계약해제.해지/위약금
2023011037,2023-02-24,남자,30 - 39세,인천광역시,방문판매,결혼준비대행서비스,계약해제.해지/위약금
2023011038,2023-02-24,남자,30 - 39세,경상남도,기타통신판매,이동전화서비스,계약해제.해지/위약금
2023011039,2023-02-24,여자,30 - 39세,경상북도,방문판매,결혼준비대행서비스,청약철회
2023011040,2023-02-24,여자,40 - 49세,부산광역시,전화권유판매,인터넷정보이용서비스,계약해제.해지/위약금
2023011041,2023-02-24,남자,30 - 39세,서울특별시,국내온라인거래,항공여객운송서비스,청약철회
2023011042,2023-02-24,여자,30 - 39세,강원특별자치도,국내온라인거래,항공여객운송서비스,계약불이행(불완전이행)
2023011043,2023-02-24,남자,30 - 39세,경상남도,방문판매,결혼준비대행서비스,청약철회
2023011044,2023-02-24,여자,40 - 49세,인천광역시,방문판매,포장이사운송서비스,품질(물품/용역)
2023011045,2023-02-24,여자,20 - 29세,경기도,방문판매,결혼준비대행서비스,계약해제.해지/위약금
2023011046,2023-02-24,여자,20 - 29세,경기도,일반판매,헬스장,계약해제.해지/위약금
2023011101,2023-02-25,남자,40 - 49세,경기도,국내온라인거래,스마트폰,청약철회
2023011102,2023-02-25,남자,30 - 39세,경기도,기타,기타스포츠·레저기구·용품,품질(물품/용역)
2023011103,2023-02-25,여자,30 - 39세,경기도,국내온라인거래,국외여행,계약해제.해지/위약금
2023011104,2023-02-25,남자,30 - 39세,서울특별시,일반판매,산후조리원,계약해제.해지/위약금
2023011105,2023-02-25,남자,20 - 29세,인천광역시,국내온라인거래,보석·귀금속,청약철회
2023011106,2023-02-25,여자,50 - 59세,부산광역시,국내온라인거래,호텔,계약해제.해지/위약금
2023011107,2023-02-25,남자,50 - 59세,울산광역시,국제온라인거래,항공여객운송서비스,계약해제.해지/위약금
2023011108,2023-02-25,남자,30 - 39세,부산광역시,국내온라인거래,TV,품질(물품/용역)
2023011109,2023-02-25,남자,40 - 49세,대전광역시,국내온라인거래,자격증교재,청약철회
2023011110,2023-02-25,남자,50 - 59세,경상남도,모바일거래,기타숙박시설,거래관행
2023011111,2023-02-25,여자,50 - 59세,경기도,국내온라인거래,숙녀복하의,청약철회
2023011112,2023-02-25,남자,30 - 39세,인천광역시,국내온라인거래,기타숙박시설,이자.수수료
2023011201,2023-02-26,여자,20 - 29세,서울특별시,국내온라인거래,캐주얼바지,청약철회
2023011202,2023-02-26,남자,40 - 49세,울산광역시,방문판매,콘도회원권,계약해제.해지/위약금
2023011203,2023-02-26,남자,30 - 39세,서울특별시,기타,독서실이용,계약해제.해지/위약금
2023011204,2023-02-26,여자,30 - 39세,경기도,일반판매,국내결혼중개,계약해제.해지/위약금
2023011205,2023-02-26,남자,40 - 49세,인천광역시,국내온라인거래,인터넷게임서비스,청약철회
2023011206,2023-02-26,여자,20 - 29세,경기도,전화권유판매,인터넷정보이용서비스,계약해제.해지/위약금
2023011207,2023-02-26,남자,50 - 59세,경기도,일반판매,항공여객운송서비스,계약해제.해지/위약금
2023011208,2023-02-26,남자,30 - 39세,서울특별시,국내온라인거래,모형완구,청약철회
2023011209,2023-02-26,여자,40 - 49세,서울특별시,국내온라인거래,키보드,청약철회
2023011210,2023-02-26,남자,30 - 39세,서울특별시,국내온라인거래,컴퓨터수리,AS불만
2023011211,2023-02-26,남자,40 - 49세,충청남도,국내온라인거래,정수기,청약철회
2023011212,2023-02-26,남자,50 - 59세,울산광역시,국내온라인거래,국외여행,계약불이행(불완전이행)
2023011213,2023-02-26,남자,50 - 59세,경기도,국내온라인거래,압력솥,청약철회
2023011214,2023-02-26,여자,불명,서울특별시,모바일거래,스마트폰,계약해제.해지/위약금
2023011216,2023-02-24,남자,30 - 39세,경기도,일반판매,기타이·미용서비스,계약해제.해지/위약금
2023011217,2023-02-27,여자,65 - 69세,경기도,기타통신판매,인터넷정보이용서비스,계약불이행(불완전이행)
2023011218,2023-02-27,여자,30 - 39세,경기도,국내온라인거래,원피스,청약철회
2023011219,2023-02-27,남자,60 - 64세,대전광역시,기타통신판매,초고속인터넷,계약해제.해지/위약금
2023011220,2023-02-27,여자,50 - 59세,경기도,TV홈쇼핑,안마의자대여(렌트),품질(물품/용역)
2023011221,2023-02-27,여자,50 - 59세,대구광역시,국내온라인거래,니트(스웨터),품질(물품/용역)
2023011222,2023-02-27,여자,40 - 49세,인천광역시,소셜커머스(쇼핑),통신기기주변장치,안전(제품/시설)
2023011223,2023-02-27,남자,30 - 39세,서울특별시,일반판매,예식서비스,계약불이행(불완전이행)
2023011225,2023-02-27,여자,60 - 64세,서울특별시,국내온라인거래,기타가방,품질(물품/용역)
2023011226,2023-02-27,여자,50 - 59세,서울특별시,국내온라인거래,숙녀복상의,계약해제.해지/위약금
2023011227,2023-02-27,여자,50 - 59세,인천광역시,국내온라인거래,전기장판,품질(물품/용역)
2023011228,2023-02-27,남자,60 - 64세,경기도,일반판매,공중목욕탕,계약불이행(불완전이행)
2023011229,2023-02-27,여자,20 - 29세,경기도,일반판매,필라테스,계약해제.해지/위약금
2023011230,2023-02-27,여자,20 - 29세,서울특별시,전화권유판매,헬스장,계약해제.해지/위약금
2023011231,2023-02-27,남자,40 - 49세,경기도,일반판매,노트북컴퓨터,품질(물품/용역)
2023011232,2023-02-27,여자,50 - 59세,서울특별시,기타,헬스장,계약해제.해지/위약금
2023011233,2023-02-27,남자,30 - 39세,경기도,국내온라인거래,운동화,계약해제.해지/위약금
2023011234,2023-02-27,여자,30 - 39세,전라북도,방문판매,기타회원권,계약해제.해지/위약금
2023011235,2023-02-27,여자,40 - 49세,서울특별시,일반판매,철도여객운송서비스,부당행위
2023011236,2023-02-27,여자,40 - 49세,서울특별시,방문판매,인터넷교육서비스,청약철회
2023011237,2023-02-27,남자,40 - 49세,경기도,일반판매,대형승용자동차,AS불만
2023011238,2023-02-27,여자,20 - 29세,경기도,방문판매,필라테스,계약해제.해지/위약금
2023011239,2023-02-27,남자,50 - 59세,서울특별시,일반판매,자동차수리·점검,품질(물품/용역)
2023011240,2023-02-27,남자,30 - 39세,경기도,방문판매,헬스장,계약해제.해지/위약금
2023011241,2023-02-27,여자,50 - 59세,경기도,일반판매,실손보험,약관
2023011242,2023-02-27,여자,30 - 39세,서울특별시,일반판매,헬스장,계약해제.해지/위약금
2023011243,2023-02-27,남자,40 - 49세,서울특별시,소셜커머스(쇼핑),점퍼·재킷류,AS불만
2023011244,2023-02-27,남자,40 - 49세,경상북도,일반판매,니트(스웨터),품질(물품/용역)
2023011245,2023-02-27,여자,20 - 29세,충청남도,일반판매,필라테스,계약해제.해지/위약금
2023011246,2023-02-27,남자,65 - 69세,서울특별시,TV홈쇼핑,전기밥솥,품질(물품/용역)
2023011247,2023-02-27,여자,30 - 39세,서울특별시,기타통신판매,카셰어링,부당행위
2023011248,2023-02-27,여자,30 - 39세,서울특별시,일반판매,핸드백,품질(물품/용역)
2023011249,2023-02-27,남자,30 - 39세,서울특별시,국내온라인거래,기타의류·섬유,약관
2023011250,2023-02-27,남자,30 - 39세,경기도,일반판매,기타사설강습서비스,계약해제.해지/위약금
2023011251,2023-02-27,여자,30 - 39세,강원특별자치도,일반판매,가구세트,품질(물품/용역)
2023011252,2023-02-27,여자,30 - 39세,서울특별시,일반판매,헬스장,계약불이행(불완전이행)
2023011253,2023-02-27,남자,40 - 49세,서울특별시,일반판매,홈오토메이션기기,AS불만
2023011254,2023-02-27,남자,50 - 59세,서울특별시,일반판매,헬스장,계약해제.해지/위약금
2023011255,2023-02-27,여자,40 - 49세,서울특별시,소셜커머스(쇼핑),니트(스웨터),표시.광고
2023011256,2023-02-27,여자,50 - 59세,서울특별시,국내온라인거래,항공여객운송서비스,계약불이행(불완전이행)
2023011257,2023-02-27,여자,50 - 59세,서울특별시,국내온라인거래,점퍼·재킷류,계약불이행(불완전이행)
2023011258,2023-02-27,여자,50 - 59세,경기도,일반판매,자동차주차장,계약해제.해지/위약금
2023011259,2023-02-27,남자,40 - 49세,경기도,국내온라인거래,필기용구,표시.광고
2023011260,2023-02-27,남자,50 - 59세,서울특별시,일반판매,자동차수리·점검,AS불만
2023011261,2023-02-27,남자,40 - 49세,경기도,국내온라인거래,기타자동차부품,계약불이행(불완전이행)
2023011262,2023-02-27,남자,30 - 39세,경상남도,일반판매,예식서비스,계약해제.해지/위약금
2023011263,2023-02-27,여자,40 - 49세,광주광역시,국내온라인거래,전기장판,품질(물품/용역)
2023011264,2023-02-27,남자,70 - 79세,강원특별자치도,전화권유판매,인터넷정보이용서비스,계약해제.해지/위약금
2023011266,2023-02-27,여자,30 - 39세,서울특별시,국내온라인거래,기타일반화장품,청약철회
2023011267,2023-02-27,남자,50 - 59세,부산광역시,일반판매,대형승용자동차,품질(물품/용역)
2023011268,2023-02-27,여자,40 - 49세,세종특별자치시,일반판매,양복(서양식 의복)세탁,품질(물품/용역)
2023011269,2023-02-27,여자,20 - 29세,경기도,일반판매,정수기대여(렌트),계약해제.해지/위약금
2023011270,2023-02-27,남자,40 - 49세,충청남도,일반판매,남성용내의류,품질(물품/용역)
2023011271,2023-02-27,남자,40 - 49세,강원특별자치도,일반판매,항공여객운송서비스,계약불이행(불완전이행)
2023011272,2023-02-27,여자,30 - 39세,경기도,국내온라인거래,기타신변용품,품질(물품/용역)
2023011273,2023-02-27,여자,30 - 39세,인천광역시,소셜커머스(쇼핑),부업알선,계약해제.해지/위약금
2023011274,2023-02-27,여자,50 - 59세,경기도,소셜커머스(쇼핑),기타의료용구,품질(물품/용역)
2023011276,2023-02-27,남자,50 - 59세,전라북도,일반판매,기타옥외장비·설비,품질(물품/용역)
2023011277,2023-02-27,남자,40 - 49세,경기도,기타,국내전화,계약해제.해지/위약금
2023011278,2023-02-27,여자,20 - 29세,경상남도,전화권유판매,인터넷정보이용서비스,계약해제.해지/위약금
2023011279,2023-02-27,남자,20 - 29세,부산광역시,일반판매,헬스장,품질(물품/용역)
2023011280,2023-02-27,여자,30 - 39세,서울특별시,국내온라인거래,신유형상품권,계약해제.해지/위약금
2023011282,2023-02-27,남자,50 - 59세,서울특별시,일반판매,헬스장,계약해제.해지/위약금
2023011283,2023-02-27,여자,50 - 59세,대구광역시,일반판매,양복(서양식 의복)세탁,품질(물품/용역)
2023011284,2023-02-27,여자,50 - 59세,대구광역시,일반판매,양복(서양식 의복)세탁,품질(물품/용역)
2023011285,2023-02-27,여자,40 - 49세,서울특별시,TV홈쇼핑,냉장고,계약불이행(불완전이행)
2023011286,2023-02-27,여자,30 - 39세,경기도,국내온라인거래,음식물처리기,품질(물품/용역)
2023011287,2023-02-27,남자,40 - 49세,세종특별자치시,일반판매,외국어강습,계약불이행(불완전이행)
2023011288,2023-02-27,여자,30 - 39세,서울특별시,국내온라인거래,양복(서양식 의복)세탁,품질(물품/용역)
2023011289,2023-02-27,여자,40 - 49세,경기도,일반판매,도배공사,품질(물품/용역)
2023011290,2023-02-27,남자,30 - 39세,광주광역시,국내온라인거래,미분류컨설팅(자문),계약불이행(불완전이행)
2023011292,2023-02-27,여자,30 - 39세,경기도,국내온라인거래,전기장판,품질(물품/용역)
2023011293,2023-02-27,여자,60 - 64세,대구광역시,일반판매,캐주얼바지,품질(물품/용역)
2023011294,2023-02-27,남자,30 - 39세,서울특별시,소셜커머스(쇼핑),소스,계약불이행(불완전이행)
2023011295,2023-02-27,여자,20 - 29세,전라북도,전화권유판매,기타투자상품,계약해제.해지/위약금
2023011296,2023-02-27,여자,30 - 39세,경기도,기타,산부인과,품질(물품/용역)
2023011298,2023-02-27,남자,50 - 59세,서울특별시,일반판매,치과,계약불이행(불완전이행)
2023011299,2023-02-27,남자,20 - 29세,제주도,국내온라인거래,기타문화·오락시설이용,계약해제.해지/위약금
2023011300,2023-02-27,여자,40 - 49세,서울특별시,기타,인터넷교육서비스,계약불이행(불완전이행)
2023011301,2023-02-27,남자,40 - 49세,경기도,일반판매,점퍼·재킷류,품질(물품/용역)
2023011302,2023-02-27,남자,50 - 59세,울산광역시,국내온라인거래,운동화,청약철회
2023011303,2023-02-27,남자,50 - 59세,대전광역시,국내온라인거래,호텔,가격.요금
2023011304,2023-02-27,여자,40 - 49세,인천광역시,기타,포장이사운송서비스,품질(물품/용역)
2023011305,2023-02-27,여자,70 - 79세,인천광역시,일반판매,양복(서양식 의복)세탁,품질(물품/용역)
2023011306,2023-02-27,남자,30 - 39세,서울특별시,방문판매,보석·귀금속,계약해제.해지/위약금
2023011307,2023-02-27,여자,50 - 59세,대구광역시,일반판매,양복(서양식 의복)세탁,품질(물품/용역)
2023011308,2023-02-27,남자,60 - 64세,경기도,일반판매,대형승용자동차,품질(물품/용역)
2023011309,2023-02-27,남자,70 - 79세,충청남도,기타통신판매,항공여객운송서비스,청약철회
2023011311,2023-02-27,여자,70 - 79세,세종특별자치시,일반판매,기타옥외장비·설비,품질(물품/용역)
2023011312,2023-02-27,남자,40 - 49세,서울특별시,일반판매,국내결혼중개,계약해제.해지/위약금
2023011313,2023-02-27,여자,20 - 29세,광주광역시,모바일거래,외식,품질(물품/용역)
2023011314,2023-02-27,여자,60 - 64세,서울특별시,일반판매,각종자격취득강습,계약해제.해지/위약금
2023011315,2023-02-27,여자,50 - 59세,서울특별시,기타통신판매,국외여행,계약불이행(불완전이행)
2023011316,2023-02-27,남자,70 - 79세,서울특별시,국내온라인거래,기타건강식품,청약철회
2023011318,2023-02-27,여자,60 - 64세,경기도,일반판매,기타건강식품,청약철회
2023011320,2023-02-27,여자,40 - 49세,서울특별시,모바일거래,호텔,계약해제.해지/위약금
2023011321,2023-02-27,여자,60 - 64세,제주도,소셜커머스(쇼핑),전기팬히터,AS불만
2023011322,2023-02-27,남자,50 - 59세,대전광역시,일반판매,헬스장,계약해제.해지/위약금
2023011323,2023-02-27,남자,40 - 49세,서울특별시,국내온라인거래,기타컴퓨터·주변기기,청약철회
2023011324,2023-02-27,남자,65 - 69세,서울특별시,모바일거래,신유형상품권,부당행위
2023011325,2023-02-27,여자,20 - 29세,충청남도,일반판매,외식,계약해제.해지/위약금
2023011326,2023-02-27,여자,40 - 49세,전라남도,일반판매,헬스장,계약해제.해지/위약금
2023011327,2023-02-27,여자,30 - 39세,부산광역시,기타,포장이사운송서비스,품질(물품/용역)
2023011329,2023-02-27,여자,30 - 39세,경기도,기타,예식서비스,청약철회
2023011330,2023-02-27,남자,40 - 49세,경기도,일반판매,기타인테리어설비,AS불만
2023011331,2023-02-27,남자,30 - 39세,경기도,소셜커머스(쇼핑),기타문화·오락시설이용,계약해제.해지/위약금
2023011332,2023-02-27,남자,20 - 29세,부산광역시,국내온라인거래,컴퓨터모니터(데스크탑),품질(물품/용역)
2023011333,2023-02-27,남자,40 - 49세,서울특별시,일반판매,텐트,품질(물품/용역)
2023011334,2023-02-27,남자,30 - 39세,경상남도,국내온라인거래,식탁,AS불만
2023011335,2023-02-27,남자,30 - 39세,서울특별시,기타통신판매,스마트폰,부당행위
2023011336,2023-02-27,여자,50 - 59세,경기도,기타,신문,계약해제.해지/위약금
2023011337,2023-02-27,여자,20 - 29세,서울특별시,일반판매,요가,계약해제.해지/위약금
2023011338,2023-02-27,남자,30 - 39세,인천광역시,국내온라인거래,호텔,청약철회
2023011339,2023-02-27,여자,30 - 39세,경기도,기타,국외여행,계약해제.해지/위약금
2023011340,2023-02-27,여자,40 - 49세,서울특별시,일반판매,헬스장,계약해제.해지/위약금
2023011341,2023-02-27,여자,40 - 49세,서울특별시,국내온라인거래,기타음료,계약불이행(불완전이행)
2023011342,2023-02-27,여자,20 - 29세,광주광역시,일반판매,미용서비스,품질(물품/용역)
2023011344,2023-02-27,여자,40 - 49세,경기도,일반판매,외식,가격.요금
2023011345,2023-02-27,여자,50 - 59세,경기도,기타통신판매,정수기,계약불이행(불완전이행)
2023011346,2023-02-27,남자,50 - 59세,경상남도,모바일거래,기타의류·섬유,계약불이행(불완전이행)
2023011347,2023-02-27,남자,50 - 59세,광주광역시,기타,아파트,표시.광고
2023011348,2023-02-27,남자,40 - 49세,전라남도,국내온라인거래,기타통신기기,청약철회
2023011349,2023-02-27,남자,40 - 49세,부산광역시,국내온라인거래,호텔,청약철회
2023011350,2023-02-27,남자,50 - 59세,서울특별시,일반판매,기타문화·오락시설이용,계약해제.해지/위약금
2023011351,2023-02-27,여자,20 - 29세,서울특별시,방문판매,포장이사운송서비스,품질(물품/용역)
2023011352,2023-02-27,여자,30 - 39세,대전광역시,일반판매,헬스장,계약해제.해지/위약금
2023011353,2023-02-27,여자,20 - 29세,경기도,일반판매,헬스장,계약해제.해지/위약금
2023011354,2023-02-27,남자,30 - 39세,강원특별자치도,방문판매,국외여행,계약해제.해지/위약금
2023011355,2023-02-27,여자,50 - 59세,경기도,방문판매,침대,품질(물품/용역)
2023011356,2023-02-27,여자,30 - 39세,경기도,국내온라인거래,자격증교재,청약철회
2023011357,2023-02-27,남자,20 - 29세,경상북도,일반판매,기타사설강습서비스,계약해제.해지/위약금
2023011358,2023-02-27,여자,50 - 59세,경기도,모바일거래,헬스장,계약해제.해지/위약금
2023011359,2023-02-27,여자,40 - 49세,경기도,일반판매,인터넷교육서비스,계약해제.해지/위약금
2023011360,2023-02-27,여자,60 - 64세,경기도,소셜커머스(쇼핑),감귤,품질(물품/용역)
2023011361,2023-02-27,여자,30 - 39세,경상북도,기타통신판매,스커트,청약철회
2023011362,2023-02-27,여자,30 - 39세,인천광역시,국내온라인거래,인터넷정보이용서비스,계약불이행(불완전이행)
2023011363,2023-02-27,남자,20 - 29세,서울특별시,기타,레저시설이용,계약해제.해지/위약금
2023011364,2023-02-27,여자,40 - 49세,경기도,국내온라인거래,보석·귀금속,계약불이행(불완전이행)
2023011365,2023-02-27,남자,40 - 49세,인천광역시,일반판매,즉석조리식품,품질(물품/용역)
2023011366,2023-02-27,남자,20 - 29세,경기도,일반판매,외식,안전(제품/시설)
2023011367,2023-02-27,여자,40 - 49세,광주광역시,국내온라인거래,부업알선,청약철회
2023011368,2023-02-27,여자,40 - 49세,경기도,국내온라인거래,기타교재,청약철회
2023011369,2023-02-27,여자,40 - 49세,경기도,기타,기타미분류서비스,계약불이행(불완전이행)
2023011370,2023-02-27,여자,50 - 59세,광주광역시,일반판매,요가,계약해제.해지/위약금
2023011371,2023-02-27,남자,30 - 39세,부산광역시,기타,호텔,계약해제.해지/위약금
2023011372,2023-02-27,여자,30 - 39세,충청북도,기타,헬스장,청약철회
2023011373,2023-02-27,여자,20 - 29세,전라북도,모바일거래,유리·크리스탈그릇,계약불이행(불완전이행)
2023011374,2023-02-27,여자,20 - 29세,인천광역시,일반판매,헬스장,계약해제.해지/위약금
2023011375,2023-02-27,여자,30 - 39세,서울특별시,국내온라인거래,캐주얼바지,청약철회
2023011376,2023-02-27,남자,40 - 49세,경상남도,모바일거래,모바일게임서비스,청약철회
2023011377,2023-02-27,남자,50 - 59세,서울특별시,기타,스포츠시설이용,부당행위
2023011378,2023-02-27,여자,50 - 59세,강원특별자치도,기타,노트북컴퓨터,품질(물품/용역)
2023011379,2023-02-27,남자,30 - 39세,전라남도,기타,애완견,계약해제.해지/위약금
2023011381,2023-02-27,남자,30 - 39세,서울특별시,모바일거래,외식,계약해제.해지/위약금
2023011382,2023-02-27,여자,30 - 39세,경기도,소셜커머스(쇼핑),기타가방,청약철회
2023011383,2023-02-27,남자,40 - 49세,경상남도,소셜커머스(쇼핑),차량네비게이션(자동항법장치),품질(물품/용역)
2023011384,2023-02-27,여자,30 - 39세,경상북도,국내온라인거래,스마트폰,청약철회
2023011385,2023-02-27,남자,30 - 39세,인천광역시,국내온라인거래,스마트폰,단순문의.상담
2023011386,2023-02-27,남자,40 - 49세,제주도,국내온라인거래,키보드,계약해제.해지/위약금
2023011387,2023-02-27,여자,30 - 39세,경기도,기타,필라테스,계약해제.해지/위약금
2023011388,2023-02-27,여자,50 - 59세,경기도,소셜커머스(쇼핑),캐주얼바지,청약철회
2023011389,2023-02-27,남자,30 - 39세,서울특별시,국내온라인거래,전기진공청소기,품질(물품/용역)
2023011390,2023-02-27,남자,60 - 64세,서울특별시,국내온라인거래,의류관리기(스타일러 등),계약불이행(불완전이행)
2023011391,2023-02-27,여자,40 - 49세,경기도,기타통신판매,압력솥,품질(물품/용역)
2023011392,2023-02-27,남자,40 - 49세,경기도,국내온라인거래,CCTV,품질(물품/용역)
2023011393,2023-02-27,남자,30 - 39세,부산광역시,일반판매,안경·안경테,계약불이행(불완전이행)
2023011394,2023-02-28,남자,70 - 79세,서울특별시,일반판매,기타민영보험,약관
2023011395,2023-02-28,남자,70 - 79세,서울특별시,일반판매,기타민영보험,약관
2023011396,2023-02-28,남자,40 - 49세,서울특별시,일반판매,항공여객운송서비스,이자.수수료
2023011397,2023-02-28,남자,70 - 79세,서울특별시,전화권유판매,모바일정보이용서비스,계약해제.해지/위약금
2023011398,2023-02-28,여자,50 - 59세,서울특별시,일반판매,건강(암·기타질병)보험,약관
2023011399,2023-02-28,남자,50 - 59세,충청남도,일반판매,실손보험,약관
2023011400,2023-02-28,남자,40 - 49세,경기도,일반판매,차량용블랙박스,품질(물품/용역)
2023011401,2023-02-28,여자,40 - 49세,서울특별시,일반판매,피부·체형관리서비스,계약불이행(불완전이행)
2023011402,2023-02-28,여자,40 - 49세,광주광역시,일반판매,건강(암·기타질병)보험,약관
2023011403,2023-02-28,여자,50 - 59세,경상남도,국내온라인거래,기타음향기기,품질(물품/용역)
2023011404,2023-02-28,남자,30 - 39세,인천광역시,국내온라인거래,기타완구·인형,청약철회
2023011405,2023-02-28,남자,40 - 49세,경기도,국내온라인거래,전기자전거,표시.광고
2023011407,2023-02-28,남자,50 - 59세,서울특별시,일반판매,중형승용자동차,품질(물품/용역)
2023011408,2023-02-28,여자,30 - 39세,경기도,일반판매,사진촬영,계약해제.해지/위약금
2023011409,2023-02-28,남자,40 - 49세,충청북도,국내온라인거래,항공여객운송서비스,계약해제.해지/위약금
2023011410,2023-02-28,여자,40 - 49세,경기도,국내온라인거래,신유형상품권,계약불이행(불완전이행)
2023011411,2023-02-28,여자,40 - 49세,서울특별시,모바일거래,"OTT서비스(넷플릭스,왓챠 등)",가격.요금
2023011412,2023-02-28,여자,50 - 59세,경기도,일반판매,건강(암·기타질병)보험,약관
2023011413,2023-02-28,남자,40 - 49세,경기도,국내온라인거래,쇠고기,계약불이행(불완전이행)
2023011414,2023-02-28,남자,50 - 59세,경기도,일반판매,기타가구,계약해제.해지/위약금
2023011415,2023-02-28,남자,40 - 49세,서울특별시,기타통신판매,호텔,계약해제.해지/위약금
2023011416,2023-02-28,여자,30 - 39세,경기도,국내온라인거래,기타이·미용서비스,안전(제품/시설)
2023011417,2023-02-28,남자,65 - 69세,대구광역시,전화권유판매,유사투자자문,계약해제.해지/위약금
2023011418,2023-02-28,여자,20 - 29세,경기도,일반판매,컴퓨터및주변기기대여(렌트),계약해제.해지/위약금
2023011419,2023-02-28,남자,40 - 49세,광주광역시,일반판매,대형승용자동차,품질(물품/용역)
2023011420,2023-02-28,여자,30 - 39세,경기도,일반판매,핸드백,품질(물품/용역)
2023011421,2023-02-28,여자,40 - 49세,경기도,기타통신판매,인터넷교육서비스,계약해제.해지/위약금
2023011422,2023-02-28,여자,60 - 64세,충청남도,기타통신판매,니트(스웨터),계약불이행(불완전이행)
2023011423,2023-02-28,남자,70 - 79세,부산광역시,전화권유판매,인터넷정보이용서비스,계약해제.해지/위약금
2023011424,2023-02-28,여자,불명,서울특별시,일반판매,가운·잠옷류,품질(물품/용역)
2023011425,2023-02-28,남자,40 - 49세,서울특별시,일반판매,대형승용자동차,품질(물품/용역)
2023011426,2023-02-28,여자,불명,서울특별시,일반판매,기타간편복,품질(물품/용역)
2023011427,2023-02-28,여자,40 - 49세,서울특별시,국내온라인거래,기타가구,품질(물품/용역)
2023011428,2023-02-28,남자,40 - 49세,경기도,국내온라인거래,전기진공청소기,표시.광고
2023011429,2023-02-28,여자,30 - 39세,경기도,일반판매,숙녀화(구두·부츠 등),품질(물품/용역)
2023011430,2023-02-28,여자,40 - 49세,경기도,국내온라인거래,운동화,품질(물품/용역)
2023011431,2023-02-28,남자,50 - 59세,충청남도,일반판매,등산화,품질(물품/용역)
2023011432,2023-02-28,여자,40 - 49세,서울특별시,일반판매,숙녀화(구두·부츠 등),품질(물품/용역)
2023011433,2023-02-28,여자,50 - 59세,충청남도,국내온라인거래,운동화,품질(물품/용역)
2023011434,2023-02-28,남자,30 - 39세,경기도,일반판매,신발세탁,계약불이행(불완전이행)
2023011435,2023-02-28,남자,50 - 59세,경기도,국내온라인거래,기타이·미용기구,품질(물품/용역)
2023011436,2023-02-28,여자,65 - 69세,경기도,일반판매,기타조리기기·기구,품질(물품/용역)
2023011437,2023-02-28,남자,20 - 29세,경기도,방문판매,기타사설강습서비스,계약해제.해지/위약금
2023011438,2023-02-28,여자,20 - 29세,서울특별시,국내온라인거래,건물청소서비스,품질(물품/용역)
2023011439,2023-02-28,남자,40 - 49세,서울특별시,일반판매,피부과,계약해제.해지/위약금
2023011441,2023-02-28,남자,40 - 49세,서울특별시,모바일거래,외식,계약해제.해지/위약금
2023011442,2023-02-28,여자,50 - 59세,경기도,일반판매,미용서비스,품질(물품/용역)
2023011443,2023-02-28,남자,30 - 39세,경기도,국내온라인거래,캐주얼바지,부당행위
2023011444,2023-02-28,남자,50 - 59세,경기도,기타,신유형상품권,약관
2023011445,2023-02-28,여자,20 - 29세,부산광역시,일반판매,시계,품질(물품/용역)
2023011446,2023-02-28,여자,30 - 39세,경기도,일반판매,핸드백,품질(물품/용역)
2023011447,2023-02-28,남자,30 - 39세,경상남도,국내온라인거래,운동화,계약불이행(불완전이행)
2023011448,2023-02-28,남자,40 - 49세,제주도,일반판매,보청기,계약불이행(불완전이행)
2023011449,2023-02-28,여자,30 - 39세,경기도,국내온라인거래,모바일정보이용서비스,청약철회
2023011450,2023-02-28,여자,50 - 59세,인천광역시,일반판매,헬스장,계약해제.해지/위약금
2023011451,2023-02-28,여자,60 - 64세,대구광역시,일반판매,골프회원권,계약해제.해지/위약금
2023011452,2023-02-28,여자,50 - 59세,경기도,일반판매,핸드백,품질(물품/용역)
2023011453,2023-02-28,여자,40 - 49세,충청북도,국내온라인거래,양복(서양식 의복)세탁,품질(물품/용역)
2023011454,2023-02-28,남자,40 - 49세,제주도,전화권유판매,유사투자자문,계약불이행(불완전이행)
2023011455,2023-02-28,여자,50 - 59세,경기도,방문판매,인터넷교육서비스,계약해제.해지/위약금
2023011456,2023-02-28,여자,40 - 49세,서울특별시,일반판매,외식,계약해제.해지/위약금
2023011457,2023-02-28,여자,40 - 49세,서울특별시,일반판매,이동전화서비스,계약해제.해지/위약금
2023011458,2023-02-28,여자,불명,충청북도,일반판매,점퍼·재킷류,품질(물품/용역)
2023011459,2023-02-28,여자,40 - 49세,경상북도,일반판매,상조서비스,계약해제.해지/위약금
2023011460,2023-02-28,남자,40 - 49세,인천광역시,일반판매,중형승용자동차,품질(물품/용역)
2023011461,2023-02-28,여자,40 - 49세,서울특별시,일반판매,침대,품질(물품/용역)
2023011462,2023-02-28,남자,20 - 29세,경기도,기타통신판매,카셰어링,부당행위
2023011463,2023-02-28,여자,40 - 49세,경기도,기타통신판매,포장이사운송서비스,계약불이행(불완전이행)
2023011464,2023-02-28,여자,40 - 49세,서울특별시,방문판매,의료용구대여(렌트),부당행위
2023011465,2023-02-28,남자,60 - 64세,대구광역시,국내온라인거래,전기진공청소기,품질(물품/용역)
2023011466,2023-02-28,여자,50 - 59세,강원특별자치도,일반판매,점퍼·재킷류,품질(물품/용역)
2023011467,2023-02-28,남자,50 - 59세,전라북도,전화권유판매,유사투자자문,계약해제.해지/위약금
2023011468,2023-02-28,여자,65 - 69세,경기도,일반판매,코트,품질(물품/용역)
2023011469,2023-02-28,남자,불명,서울특별시,국내온라인거래,인터넷게임서비스,계약불이행(불완전이행)
2023011470,2023-02-28,남자,70 - 79세,서울특별시,일반판매,치과,품질(물품/용역)
2023011472,2023-02-28,여자,60 - 64세,광주광역시,일반판매,치과,품질(물품/용역)
2023011473,2023-02-28,여자,40 - 49세,부산광역시,국내온라인거래,점퍼·재킷류,품질(물품/용역)
2023011474,2023-02-28,남자,50 - 59세,서울특별시,국내온라인거래,항공여객운송서비스,이자.수수료
2023011476,2023-02-28,여자,40 - 49세,경상남도,국내온라인거래,숙녀화(구두·부츠 등),품질(물품/용역)
2023011477,2023-02-28,여자,60 - 64세,경기도,일반판매,실손보험,약관
2023011478,2023-02-28,여자,불명,대구광역시,모바일거래,기타숙박시설,부당행위
2023011479,2023-02-28,남자,50 - 59세,인천광역시,일반판매,양복(서양식 의복)세탁,품질(물품/용역)
2023011480,2023-02-28,남자,60 - 64세,부산광역시,일반판매,신사화(구두·부츠 등),품질(물품/용역)
2023011481,2023-02-28,남자,50 - 59세,인천광역시,일반판매,양복(서양식 의복)세탁,품질(물품/용역)
2023011482,2023-02-28,여자,30 - 39세,경기도,일반판매,건물청소서비스,가격.요금
2023011483,2023-02-28,남자,40 - 49세,서울특별시,일반판매,기타가구,계약해제.해지/위약금
2023011484,2023-02-28,남자,30 - 39세,충청남도,일반판매,자동차주차장,부당행위
2023011485,2023-02-28,남자,60 - 64세,경상남도,일반판매,초고속인터넷,계약해제.해지/위약금
2023011486,2023-02-28,남자,불명,경상남도,전화권유판매,유사투자자문,계약해제.해지/위약금
2023011487,2023-02-28,남자,30 - 39세,세종특별자치시,국내온라인거래,기타숙박시설,계약해제.해지/위약금
2023011488,2023-02-28,여자,40 - 49세,대전광역시,방문판매,음식물처리기대여(렌트),계약해제.해지/위약금
2023011489,2023-02-28,여자,40 - 49세,경상남도,일반판매,필라테스,계약해제.해지/위약금
2023011490,2023-02-28,여자,30 - 39세,경상남도,방문판매,인터넷교육서비스,계약해제.해지/위약금
2023011491,2023-02-28,남자,30 - 39세,경기도,국내온라인거래,가습기,AS불만
2023011492,2023-02-28,남자,40 - 49세,경기도,일반판매,기타사설강습서비스,계약해제.해지/위약금
2023011493,2023-02-28,남자,60 - 64세,경기도,국제온라인거래,기타일반화장품,표시.광고
2023011494,2023-02-28,남자,40 - 49세,경기도,방문판매,콘도회원권,계약해제.해지/위약금
2023011495,2023-02-28,남자,30 - 39세,서울특별시,일반판매,국내결혼중개,계약해제.해지/위약금
2023011498,2023-02-28,남자,30 - 39세,경기도,일반판매,기타세탁서비스,품질(물품/용역)
2023011499,2023-02-28,여자,불명,대구광역시,국내온라인거래,기타육류·육류가공식품,계약불이행(불완전이행)
2023011500,2023-02-28,남자,70 - 79세,서울특별시,일반판매,기타인터넷기반서비스,계약불이행(불완전이행)
2023011502,2023-02-28,여자,50 - 59세,경기도,기타통신판매,상조서비스,계약불이행(불완전이행)
2023011503,2023-02-28,남자,60 - 64세,경기도,기타,원화예·적금,이자.수수료
2023011504,2023-02-28,남자,70 - 79세,서울특별시,TV홈쇼핑,기타간편복,품질(물품/용역)
2023011505,2023-02-28,남자,70 - 79세,서울특별시,TV홈쇼핑,기타간편복,품질(물품/용역)
2023011506,2023-02-28,여자,50 - 59세,인천광역시,국내온라인거래,스마트폰,품질(물품/용역)
2023011509,2023-02-28,남자,30 - 39세,충청북도,국내온라인거래,의류수선,품질(물품/용역)
2023011510,2023-02-28,남자,불명,서울특별시,국내온라인거래,신유형상품권,부당행위
2023011511,2023-02-28,남자,30 - 39세,충청북도,국내온라인거래,의류수선,품질(물품/용역)
2023011512,2023-02-28,여자,30 - 39세,경기도,국내온라인거래,스웨터,품질(물품/용역)
2023011514,2023-02-28,여자,20 - 29세,서울특별시,국내온라인거래,스마트폰,계약불이행(불완전이행)
2023011601,2023-02-28,남자,30 - 39세,경기도,기타,항공여객운송서비스,안전(제품/시설)
2023011602,2023-02-28,여자,30 - 39세,서울특별시,방문판매,헬스장,계약해제.해지/위약금
2023011603,2023-02-28,여자,40 - 49세,서울특별시,모바일거래,항공여객운송서비스,청약철회
2023011604,2023-02-28,여자,40 - 49세,울산광역시,전화권유판매,인터넷정보이용서비스,계약해제.해지/위약금
2023011605,2023-02-28,남자,30 - 39세,전라북도,기타통신판매,주방세트,청약철회
2023011606,2023-02-28,남자,40 - 49세,경기도,방문판매,헬스장,계약해제.해지/위약금
2023011607,2023-02-28,남자,20 - 29세,경기도,국내온라인거래,책상,계약해제.해지/위약금
2023011608,2023-02-28,남자,40 - 49세,서울특별시,국내온라인거래,보조배터리,부당행위
2023011609,2023-02-28,여자,30 - 39세,대구광역시,방문판매,헬스장,약관
2023011610,2023-02-28,남자,30 - 39세,서울특별시,일반판매,통신기기주변장치,품질(물품/용역)
2023011611,2023-02-28,여자,40 - 49세,서울특별시,전화권유판매,포장이사운송서비스,품질(물품/용역)
2023011612,2023-02-28,남자,40 - 49세,서울특별시,국내온라인거래,인터넷교육서비스,계약해제.해지/위약금
2023011613,2023-02-28,여자,20 - 29세,충청북도,일반판매,기타신발·용품,품질(물품/용역)
2023011614,2023-02-28,여자,30 - 39세,서울특별시,기타통신판매,인터넷교육서비스,계약해제.해지/위약금
2023011615,2023-02-28,여자,20 - 29세,경상남도,일반판매,필라테스,계약해제.해지/위약금
2023011616,2023-02-28,남자,50 - 59세,경기도,국내온라인거래,자격증교재,품질(물품/용역)
2023011617,2023-02-28,여자,50 - 59세,대구광역시,기타,종합체육시설회원권,계약해제.해지/위약금
2023011618,2023-02-28,남자,50 - 59세,서울특별시,기타,택배화물운송서비스,계약불이행(불완전이행)
2023011619,2023-02-28,남자,50 - 59세,경기도,국내온라인거래,항공여객운송서비스,계약해제.해지/위약금
2023011620,2023-02-28,여자,40 - 49세,서울특별시,소셜커머스(쇼핑),레저·이벤트회원권,계약해제.해지/위약금
2023011621,2023-02-28,남자,30 - 39세,대전광역시,국내온라인거래,사다리,청약철회
2023011622,2023-02-28,남자,60 - 64세,부산광역시,일반판매,기타숙박시설,계약해제.해지/위약금
2023011623,2023-02-28,남자,20 - 29세,서울특별시,국내온라인거래,각종공연관람,계약해제.해지/위약금
2023011624,2023-02-28,여자,20 - 29세,경기도,일반판매,헬스장,계약해제.해지/위약금
2023011625,2023-02-28,남자,20 - 29세,서울특별시,일반판매,기타미분류서비스,계약해제.해지/위약금
2023011626,2023-02-28,여자,30 - 39세,서울특별시,기타,산후조리원,계약해제.해지/위약금
2023011627,2023-02-28,여자,30 - 39세,광주광역시,일반판매,피부·체형관리서비스,품질(물품/용역)
2023011628,2023-02-28,남자,40 - 49세,서울특별시,TV홈쇼핑,항공여객운송서비스,계약불이행(불완전이행)
2023011629,2023-02-28,남자,30 - 39세,경기도,국내온라인거래,인터넷교육서비스,계약불이행(불완전이행)
2023011630,2023-02-28,여자,60 - 64세,대구광역시,기타,외식,품질(물품/용역)
2023011631,2023-02-28,남자,30 - 39세,경기도,기타,각종자격취득강습,계약해제.해지/위약금
2023011632,2023-02-28,여자,30 - 39세,서울특별시,모바일거래,마우스,청약철회
2023011633,2023-02-28,남자,40 - 49세,경상남도,기타통신판매,스마트폰,품질(물품/용역)
2023011634,2023-02-28,여자,20 - 29세,경기도,방문판매,헬스장,계약해제.해지/위약금
2023011635,2023-02-28,여자,30 - 39세,경상북도,기타,인터넷정보이용서비스,계약해제.해지/위약금
2023011637,2023-02-28,여자,60 - 64세,대구광역시,TV홈쇼핑,음식물처리기대여(렌트),AS불만
2023011638,2023-02-28,남자,40 - 49세,경기도,기타,레저시설이용,계약해제.해지/위약금
2023011639,2023-02-28,여자,20 - 29세,서울특별시,일반판매,수영장회원권,계약해제.해지/위약금
2023011640,2023-02-28,여자,30 - 39세,광주광역시,모바일거래,숙녀화(구두·부츠 등),계약불이행(불완전이행)
2023011641,2023-02-28,남자,50 - 59세,서울특별시,국내온라인거래,남성용내의류,계약불이행(불완전이행)
2023011642,2023-02-28,여자,20 - 29세,경기도,일반판매,일반강습(입시학원등),계약해제.해지/위약금
2023011643,2023-02-28,남자,20 - 29세,광주광역시,일반판매,헬스장,계약해제.해지/위약금
2023011644,2023-02-28,여자,30 - 39세,경기도,일반판매,기타문화·오락시설이용,안전(제품/시설)
2023011645,2023-02-28,남자,20 - 29세,서울특별시,모바일거래,기타숙박시설,계약해제.해지/위약금
2023011646,2023-02-28,여자,40 - 49세,서울특별시,기타,사진촬영,계약해제.해지/위약금
2023011647,2023-02-28,남자,50 - 59세,서울특별시,국내온라인거래,항공여객운송서비스,가격.요금
2023011648,2023-02-28,여자,20 - 29세,대구광역시,모바일거래,통신기기케이스,청약철회
2023011649,2023-02-28,여자,20 - 29세,경기도,일반판매,스포츠웨어,청약철회
2023011650,2023-02-28,여자,40 - 49세,서울특별시,일반판매,식탁,품질(물품/용역)
2023011651,2023-02-28,남자,30 - 39세,광주광역시,방문판매,헬스장,계약해제.해지/위약금
2023011652,2023-02-28,여자,30 - 39세,경기도,방문판매,필라테스,계약해제.해지/위약금
2023011653,2023-02-28,남자,30 - 39세,경기도,국내온라인거래,기타가방,품질(물품/용역)
2023011654,2023-02-28,여자,30 - 39세,경기도,국내온라인거래,기타미분류서비스,계약불이행(불완전이행)
2023011656,2023-02-28,여자,40 - 49세,서울특별시,TV홈쇼핑,음식물처리기대여(렌트),품질(물품/용역)
2023011657,2023-02-28,여자,30 - 39세,광주광역시,일반판매,종합체육시설회원권,계약해제.해지/위약금
2023011659,2023-02-28,남자,40 - 49세,경기도,국내온라인거래,여관(모텔),계약해제.해지/위약금
2023011660,2023-02-28,여자,40 - 49세,충청남도,국내온라인거래,기타조명기기,청약철회
2023011661,2023-02-28,여자,20 - 29세,경기도,일반판매,필라테스,계약해제.해지/위약금
2023011662,2023-02-28,남자,30 - 39세,경기도,모바일거래,여관(모텔),계약해제.해지/위약금
2023011663,2023-02-28,남자,65 - 69세,대구광역시,기타,기타인테리어설비,AS불만
2023011664,2023-02-28,남자,20 - 29세,경기도,방문판매,헬스장,계약해제.해지/위약금
2023011665,2023-02-28,남자,40 - 49세,경기도,국내온라인거래,노트북컴퓨터,거래관행
2023011666,2023-02-28,남자,20 - 29세,서울특별시,국내온라인거래,키보드,청약철회
2023011667,2023-02-28,여자,30 - 39세,서울특별시,국내온라인거래,숙녀복상의,청약철회
2023011668,2023-02-28,여자,30 - 39세,서울특별시,일반판매,포장이사운송서비스,품질(물품/용역)
2023011669,2023-02-28,여자,40 - 49세,경상남도,기타,연수기대여(렌트),품질(물품/용역)
2023011670,2023-02-28,남자,20 - 29세,서울특별시,일반판매,인터넷교육서비스,계약해제.해지/위약금
2023011671,2023-02-28,여자,30 - 39세,서울특별시,소셜커머스(쇼핑),전기고데기,청약철회
2023011672,2023-02-28,여자,40 - 49세,울산광역시,기타통신판매,국외여행,계약해제.해지/위약금
2023011673,2023-02-28,남자,50 - 59세,대구광역시,국내온라인거래,기타숙박시설,청약철회
2023011674,2023-02-28,남자,30 - 39세,경기도,국내온라인거래,전기프라이팬,안전(제품/시설)
2023011701,2023-03-01,남자,20 - 29세,충청북도,방문판매,헬스장,계약해제.해지/위약금
2023011702,2023-03-01,여자,30 - 39세,대구광역시,소셜커머스(쇼핑),기타육류·육류가공식품,품질(물품/용역)
2023011703,2023-03-01,남자,20 - 29세,경기도,국내온라인거래,기타조명기기,청약철회
2023011704,2023-03-01,여자,40 - 49세,경기도,기타,식탁,계약불이행(불완전이행)
2023011705,2023-03-01,여자,30 - 39세,경상북도,국내온라인거래,매트,AS불만
2023011706,2023-03-01,남자,30 - 39세,인천광역시,기타,택배화물운송서비스,계약불이행(불완전이행)
2023011707,2023-03-01,남자,30 - 39세,서울특별시,국내온라인거래,마우스,품질(물품/용역)
2023011708,2023-03-01,여자,30 - 39세,경기도,일반판매,헬스장,계약해제.해지/위약금
2023011709,2023-03-01,남자,40 - 49세,강원특별자치도,기타,기타보관서비스,계약해제.해지/위약금
2023011710,2023-03-01,남자,30 - 39세,경상남도,방문판매,헬스장,계약해제.해지/위약금
2023011711,2023-03-01,남자,40 - 49세,경기도,소셜커머스(쇼핑),사진촬영,계약해제.해지/위약금
2023011712,2023-03-01,남자,65 - 69세,경기도,기타,변호서비스,부당행위
2023011713,2023-03-01,여자,30 - 39세,경기도,방문판매,필라테스,계약해제.해지/위약금
2023011715,2023-03-01,여자,60 - 64세,대전광역시,기타,인터넷정보이용서비스,계약불이행(불완전이행)
2023011716,2023-03-01,남자,30 - 39세,경상남도,모바일거래,변리서비스,계약해제.해지/위약금
2023011717,2023-03-01,여자,30 - 39세,전라남도,일반판매,기타인테리어설비,AS불만
2023011718,2023-03-01,남자,40 - 49세,경기도,모바일거래,건물청소서비스,계약해제.해지/위약금
2023011719,2023-03-01,여자,30 - 39세,충청남도,국내온라인거래,영화관람,거래관행
2023011720,2023-03-01,남자,30 - 39세,경기도,기타통신판매,이동전화서비스,계약해제.해지/위약금
2023011721,2023-03-01,여자,60 - 64세,경기도,국내온라인거래,전기장판,품질(물품/용역)
2023011722,2023-03-01,여자,40 - 49세,서울특별시,국내온라인거래,항공여객운송서비스,계약해제.해지/위약금
2023011724,2023-03-02,여자,50 - 59세,경기도,일반판매,헬스장,계약불이행(불완전이행)
2023011725,2023-03-02,남자,40 - 49세,서울특별시,방문판매,헬스장,계약해제.해지/위약금
2023011727,2023-02-28,여자,20 - 29세,광주광역시,국내온라인거래,기타숙박시설,계약해제.해지/위약금
2023011728,2023-03-02,여자,30 - 39세,서울특별시,국내온라인거래,스포츠웨어,청약철회
2023011729,2023-03-02,여자,40 - 49세,충청남도,일반판매,건물청소서비스,계약불이행(불완전이행)
2023011730,2023-03-02,여자,20 - 29세,경기도,일반판매,테니스장스쿼시회원권,계약해제.해지/위약금
2023011731,2023-03-02,남자,(미입력),경기도,일반판매,자동차수리·점검,품질(물품/용역)
2023011733,2023-03-02,남자,30 - 39세,충청남도,방문판매,보석·귀금속,계약불이행(불완전이행)
2023011734,2023-03-02,남자,40 - 49세,경기도,모바일거래,펜션,계약해제.해지/위약금
2023011735,2023-03-02,남자,20 - 29세,부산광역시,일반판매,피부과,계약해제.해지/위약금
2023011736,2023-03-02,여자,30 - 39세,경기도,방문판매,인터넷교육서비스,계약해제.해지/위약금
2023011737,2023-03-02,여자,20 - 29세,서울특별시,국내온라인거래,기타의류·섬유,계약불이행(불완전이행)
2023011738,2023-03-02,남자,40 - 49세,경상북도,국내온라인거래,기타신발·용품,청약철회
2023011739,2023-03-02,여자,40 - 49세,서울특별시,국내온라인거래,기타숙박시설,계약해제.해지/위약금
2023011740,2023-03-02,여자,40 - 49세,경기도,일반판매,헬스장,계약해제.해지/위약금
2023011741,2023-03-02,남자,50 - 59세,대구광역시,일반판매,대형승용자동차,품질(물품/용역)
2023011742,2023-03-02,남자,30 - 39세,경기도,일반판매,자동차수리·점검,계약불이행(불완전이행)
2023011743,2023-03-02,남자,20 - 29세,경기도,기타,헬스장,계약해제.해지/위약금
2023011744,2023-03-02,여자,30 - 39세,부산광역시,모바일거래,신발세탁,품질(물품/용역)
2023011745,2023-03-02,남자,30 - 39세,서울특별시,일반판매,운동화,품질(물품/용역)
2023011746,2023-03-02,여자,70 - 79세,경기도,일반판매,생활패션화(슬립온·아쿠아슈즈·장화·작업화 등),품질(물품/용역)
2023011747,2023-03-02,남자,40 - 49세,충청남도,일반판매,전기자동차,AS불만
2023011748,2023-03-02,남자,65 - 69세,서울특별시,국내온라인거래,운동화,품질(물품/용역)
2023011749,2023-03-02,남자,40 - 49세,경기도,일반판매,생활패션화(슬립온·아쿠아슈즈·장화·작업화 등),품질(물품/용역)
2023011750,2023-03-02,여자,50 - 59세,전라남도,일반판매,운동화,품질(물품/용역)
2023011751,2023-03-02,남자,50 - 59세,부산광역시,일반판매,운동화,품질(물품/용역)
2023011752,2023-03-02,여자,20 - 29세,인천광역시,국내온라인거래,운동화,품질(물품/용역)
2023011753,2023-03-02,여자,20 - 29세,충청남도,일반판매,신발세탁,계약불이행(불완전이행)
2023011754,2023-03-02,여자,50 - 59세,울산광역시,일반판매,운동화,품질(물품/용역)
2023011755,2023-03-02,남자,60 - 64세,경기도,일반판매,등산화,품질(물품/용역)
2023011756,2023-03-02,남자,70 - 79세,경기도,일반판매,운동화,품질(물품/용역)
2023011757,2023-03-02,남자,50 - 59세,인천광역시,국내온라인거래,운동화,품질(물품/용역)
2023011758,2023-03-02,여자,65 - 69세,서울특별시,일반판매,운동화,품질(물품/용역)
2023011759,2023-03-02,남자,30 - 39세,서울특별시,국내온라인거래,점퍼·재킷류,청약철회
2023011760,2023-03-02,여자,30 - 39세,경기도,모바일거래,기타사설강습서비스,계약해제.해지/위약금
2023011761,2023-03-02,남자,70 - 79세,서울특별시,일반판매,운전강습,계약해제.해지/위약금
2023011762,2023-03-02,남자,40 - 49세,인천광역시,기타통신판매,기타민영보험,계약불이행(불완전이행)
2023011763,2023-03-02,남자,70 - 79세,서울특별시,방문판매,초고속인터넷,계약해제.해지/위약금
2023011764,2023-03-02,여자,65 - 69세,광주광역시,전화권유판매,실손보험,부당행위
2023011766,2023-03-02,여자,50 - 59세,대전광역시,일반판매,양복(서양식 의복)세탁,품질(물품/용역)
2023011767,2023-03-02,여자,65 - 69세,경기도,기타,기타여행,계약해제.해지/위약금
2023011768,2023-03-02,여자,30 - 39세,서울특별시,국내온라인거래,항공여객운송서비스,청약철회
2023011769,2023-03-02,남자,50 - 59세,대구광역시,국내온라인거래,항공여객운송서비스,청약철회
2023011770,2023-03-02,남자,30 - 39세,경기도,일반판매,헬스장,계약해제.해지/위약금
2023011771,2023-03-02,남자,60 - 64세,대전광역시,전화권유판매,유사투자자문,계약해제.해지/위약금
2023011772,2023-03-02,여자,50 - 59세,대구광역시,일반판매,내과,품질(물품/용역)
2023011773,2023-03-02,여자,20 - 29세,경기도,일반판매,캐주얼바지,품질(물품/용역)
2023011774,2023-03-02,여자,60 - 64세,광주광역시,국내온라인거래,TV,청약철회
2023011776,2023-03-02,여자,60 - 64세,경기도,일반판매,양복(서양식 의복)세탁,품질(물품/용역)
2023011777,2023-03-02,여자,50 - 59세,경기도,일반판매,기타인테리어설비,계약해제.해지/위약금
2023011778,2023-03-02,여자,40 - 49세,울산광역시,전화권유판매,인터넷정보이용서비스,계약해제.해지/위약금
2023011779,2023-03-02,남자,30 - 39세,서울특별시,일반판매,바닥재·마루공사,AS불만
2023011780,2023-03-02,여자,40 - 49세,대구광역시,일반판매,기타이·미용서비스,계약불이행(불완전이행)
2023011782,2023-03-02,여자,20 - 29세,경기도,일반판매,필라테스,계약해제.해지/위약금
2023011783,2023-03-02,남자,65 - 69세,전라남도,일반판매,건강(암·기타질병)보험,계약불이행(불완전이행)
2023011784,2023-03-02,여자,20 - 29세,경기도,국내온라인거래,각종자격취득강습,계약해제.해지/위약금
2023011785,2023-03-02,여자,30 - 39세,서울특별시,국내온라인거래,니트(스웨터),품질(물품/용역)
2023011786,2023-03-02,여자,40 - 49세,경기도,일반판매,스포츠웨어,품질(물품/용역)
2023011787,2023-03-02,남자,60 - 64세,전라남도,기타통신판매,도시가스,부당행위
2023011788,2023-03-02,남자,40 - 49세,서울특별시,국내온라인거래,노트북컴퓨터,AS불만
2023011789,2023-03-02,남자,30 - 39세,경기도,방문판매,결혼준비대행서비스,계약해제.해지/위약금
2023011790,2023-03-02,여자,20 - 29세,경기도,일반판매,기타사설강습서비스,계약해제.해지/위약금
2023011791,2023-03-02,여자,50 - 59세,전라북도,일반판매,핸드백,품질(물품/용역)
2023011792,2023-03-02,여자,40 - 49세,울산광역시,국내온라인거래,전기장판,품질(물품/용역)
2023011793,2023-03-02,남자,30 - 39세,대전광역시,일반판매,헬스장,계약해제.해지/위약금
2023011794,2023-03-02,남자,30 - 39세,울산광역시,일반판매,헬스장,계약해제.해지/위약금
2023011795,2023-03-02,여자,30 - 39세,경기도,국내온라인거래,기타이·미용기구,품질(물품/용역)
2023011797,2023-03-02,여자,20 - 29세,대전광역시,국내온라인거래,캐주얼바지,청약철회
2023011798,2023-03-02,여자,70 - 79세,전라남도,일반판매,초고속인터넷,계약해제.해지/위약금
2023011799,2023-03-02,여자,30 - 39세,강원특별자치도,일반판매,중형승용자동차,품질(물품/용역)
2023011800,2023-03-02,여자,불명,인천광역시,일반판매,룸에어컨,부당행위
2023011801,2023-03-02,남자,70 - 79세,경기도,전화권유판매,유사투자자문,계약해제.해지/위약금
2023011802,2023-03-02,남자,40 - 49세,경기도,일반판매,자동차대여(렌트),부당행위
2023011803,2023-03-02,남자,30 - 39세,광주광역시,일반판매,의류수선,품질(물품/용역)
2023011804,2023-03-02,남자,30 - 39세,광주광역시,일반판매,의류수선,품질(물품/용역)
2023011805,2023-03-02,남자,50 - 59세,경기도,소셜커머스(쇼핑),기타자동차용품,품질(물품/용역)
2023011806,2023-03-02,남자,40 - 49세,부산광역시,국내온라인거래,텐트,품질(물품/용역)
2023011807,2023-03-02,남자,30 - 39세,인천광역시,일반판매,피부·체형관리서비스,계약해제.해지/위약금
2023011808,2023-03-02,여자,30 - 39세,부산광역시,소셜커머스(쇼핑),기타미분류서비스,거래관행
2023011809,2023-03-02,남자,50 - 59세,서울특별시,일반판매,가발,계약불이행(불완전이행)
2023011810,2023-03-02,여자,60 - 64세,경기도,일반판매,점퍼·재킷류,품질(물품/용역)
2023011811,2023-03-02,남자,40 - 49세,경기도,기타,치과,품질(물품/용역)
2023011812,2023-03-02,여자,65 - 69세,경기도,기타,정형외과,품질(물품/용역)
2023011813,2023-03-02,남자,30 - 39세,전라남도,일반판매,점퍼·재킷류,품질(물품/용역)
2023011814,2023-03-02,여자,40 - 49세,서울특별시,일반판매,인터넷교육서비스,계약해제.해지/위약금
2023011815,2023-03-02,여자,40 - 49세,서울특별시,일반판매,양복(서양식 의복)세탁,품질(물품/용역)
2023011816,2023-03-02,여자,70 - 79세,제주도,일반판매,이동전화서비스,계약불이행(불완전이행)
2023011817,2023-03-02,남자,40 - 49세,경기도,기타,사다리,품질(물품/용역)
2023011818,2023-03-02,여자,20 - 29세,경상북도,일반판매,신발세탁,계약불이행(불완전이행)
2023011819,2023-03-02,남자,20 - 29세,경기도,방문판매,헬스장,계약해제.해지/위약금
2023011820,2023-03-02,여자,30 - 39세,경기도,일반판매,기타식품류,안전(제품/시설)
2023011821,2023-03-02,여자,50 - 59세,세종특별자치시,국내온라인거래,운동화,품질(물품/용역)
2023011822,2023-03-02,남자,30 - 39세,서울특별시,일반판매,양복(서양식 의복)세탁,품질(물품/용역)
2023011823,2023-03-02,남자,40 - 49세,인천광역시,일반판매,외식,계약불이행(불완전이행)
2023011824,2023-03-02,여자,40 - 49세,경기도,일반판매,점퍼·재킷류,품질(물품/용역)
2023011827,2023-03-02,남자,65 - 69세,서울특별시,일반판매,신사화(구두·부츠 등),품질(물품/용역)
2023011828,2023-03-02,여자,60 - 64세,세종특별자치시,일반판매,이불·요,품질(물품/용역)
2023011829,2023-03-02,남자,65 - 69세,서울특별시,전화권유판매,유사투자자문,청약철회
2023011830,2023-03-02,남자,20 - 29세,서울특별시,일반판매,스포츠시설이용,계약해제.해지/위약금
2023011831,2023-03-02,여자,30 - 39세,울산광역시,일반판매,스마트폰,AS불만
2023011901,2023-03-02,여자,30 - 39세,경상남도,기타,일반강습(입시학원등),계약해제.해지/위약금
2023011902,2023-03-02,여자,50 - 59세,서울특별시,국내온라인거래,원피스,부당행위
2023011903,2023-03-02,여자,40 - 49세,서울특별시,국내온라인거래,인터넷교육서비스,계약불이행(불완전이행)
2023011905,2023-03-02,여자,30 - 39세,서울특별시,일반판매,필라테스,부당행위
2023011906,2023-03-02,여자,30 - 39세,인천광역시,기타,대리운전,품질(물품/용역)
2023011907,2023-03-02,여자,40 - 49세,강원특별자치도,일반판매,피부·체형관리서비스,계약해제.해지/위약금
2023011908,2023-03-02,남자,30 - 39세,울산광역시,기타통신판매,기타매체광고,청약철회
2023011909,2023-03-02,여자,30 - 39세,대전광역시,기타,헬스장,계약해제.해지/위약금
2023011910,2023-03-02,남자,30 - 39세,서울특별시,국내온라인거래,전기진공청소기,AS불만
2023011911,2023-03-02,남자,40 - 49세,경기도,국내온라인거래,운동화,계약해제.해지/위약금
2023011912,2023-03-02,여자,20 - 29세,서울특별시,방문판매,사진촬영,계약해제.해지/위약금
2023011913,2023-03-02,여자,40 - 49세,경상남도,일반판매,포장이사운송서비스,계약불이행(불완전이행)
2023011914,2023-03-02,여자,20 - 29세,인천광역시,일반판매,미용서비스,계약해제.해지/위약금
2023011915,2023-03-02,남자,40 - 49세,제주도,국내온라인거래,지갑,계약해제.해지/위약금
2023011916,2023-03-02,남자,40 - 49세,경기도,기타,항공여객운송서비스,계약불이행(불완전이행)
2023011917,2023-03-02,여자,30 - 39세,경기도,일반판매,포장이사운송서비스,품질(물품/용역)
2023011918,2023-03-02,남자,30 - 39세,경기도,모바일거래,모바일게임서비스,청약철회
2023011919,2023-03-02,여자,20 - 29세,광주광역시,모바일거래,항공여객운송서비스,계약해제.해지/위약금
2023011920,2023-03-02,여자,50 - 59세,경상남도,TV홈쇼핑,화장품세트,계약불이행(불완전이행)
2023011921,2023-03-02,여자,30 - 39세,경기도,기타,아파트,계약불이행(불완전이행)
2023011922,2023-03-02,여자,20 - 29세,경기도,일반판매,헬스장,계약해제.해지/위약금
2023011923,2023-03-02,남자,30 - 39세,부산광역시,국내온라인거래,항공여객운송서비스,계약불이행(불완전이행)
2023011924,2023-03-02,남자,20 - 29세,경기도,기타,기타신발·용품,청약철회
2023011925,2023-03-02,남자,30 - 39세,인천광역시,소셜커머스(쇼핑),기타모피·가죽의류,품질(물품/용역)
2023011926,2023-03-02,여자,40 - 49세,대구광역시,일반판매,이동전화서비스,가격.요금
2023011927,2023-03-02,여자,40 - 49세,인천광역시,일반판매,헬스장,계약해제.해지/위약금
2023011928,2023-03-02,여자,20 - 29세,서울특별시,일반판매,이동전화서비스,계약해제.해지/위약금
2023011929,2023-03-02,남자,30 - 39세,서울특별시,전화권유판매,기타매체광고,계약해제.해지/위약금
2023011930,2023-03-02,여자,30 - 39세,전라남도,기타통신판매,기타완구·인형,계약불이행(불완전이행)
2023011931,2023-03-02,남자,40 - 49세,울산광역시,TV홈쇼핑,소파,품질(물품/용역)
2023011932,2023-03-02,남자,30 - 39세,서울특별시,일반판매,독서실이용,계약해제.해지/위약금
2023011933,2023-03-02,여자,40 - 49세,서울특별시,전화권유판매,건물청소서비스,계약불이행(불완전이행)
2023011934,2023-03-02,여자,40 - 49세,경기도,기타,애완견,계약해제.해지/위약금
2023011935,2023-03-02,남자,30 - 39세,서울특별시,일반판매,초고속인터넷,계약해제.해지/위약금
2023011936,2023-03-02,남자,20 - 29세,서울특별시,국내온라인거래,항공여객운송서비스,계약해제.해지/위약금
2023011937,2023-03-02,남자,30 - 39세,서울특별시,일반판매,니트(스웨터),품질(물품/용역)
2023011938,2023-03-02,남자,50 - 59세,대구광역시,국내온라인거래,TV,품질(물품/용역)
2023011939,2023-03-02,여자,40 - 49세,제주도,방문판매,헬스장,계약해제.해지/위약금
2023011940,2023-03-02,남자,20 - 29세,대전광역시,국내온라인거래,셔츠,계약불이행(불완전이행)
2023011941,2023-03-02,남자,20 - 29세,서울특별시,기타,헬스장,계약해제.해지/위약금
2023011942,2023-03-02,남자,40 - 49세,서울특별시,모바일거래,코트,청약철회
2023011943,2023-03-02,남자,30 - 39세,경상남도,국내온라인거래,점퍼·재킷류,계약불이행(불완전이행)
2023011944,2023-03-02,남자,40 - 49세,대구광역시,일반판매,국내결혼중개,계약해제.해지/위약금
2023011945,2023-03-02,남자,30 - 39세,경상북도,모바일거래,사진촬영,계약해제.해지/위약금
2023011946,2023-03-02,남자,40 - 49세,전라남도,모바일거래,점퍼·재킷류,청약철회
2023011947,2023-03-03,남자,40 - 49세,부산광역시,일반판매,대형승용자동차,품질(물품/용역)
2023011948,2023-03-03,여자,30 - 39세,서울특별시,국내온라인거래,통신기기주변장치,청약철회
2023011949,2023-03-03,남자,30 - 39세,충청남도,국내온라인거래,전기칼·칼갈이,품질(물품/용역)
2023011950,2023-03-03,여자,30 - 39세,서울특별시,모바일거래,항공여객운송서비스,계약불이행(불완전이행)
2023011951,2023-03-03,여자,40 - 49세,서울특별시,일반판매,초고속인터넷,거래관행
2023011952,2023-03-03,여자,50 - 59세,서울특별시,국내온라인거래,다이어트식품,표시.광고
2023011953,2023-03-03,여자,65 - 69세,서울특별시,모바일거래,기타의류·섬유,계약불이행(불완전이행)
2023011954,2023-03-03,남자,40 - 49세,서울특별시,전화권유판매,모바일정보이용서비스,계약불이행(불완전이행)
2023011955,2023-03-03,여자,50 - 59세,대전광역시,일반판매,이동전화서비스,계약해제.해지/위약금
2023011957,2023-03-03,여자,50 - 59세,서울특별시,국내온라인거래,욕실설비,계약불이행(불완전이행)
2023011958,2023-03-03,여자,70 - 79세,인천광역시,TV홈쇼핑,안마의자대여(렌트),계약불이행(불완전이행)
2023011959,2023-03-03,남자,40 - 49세,경기도,일반판매,기타문화·오락시설이용,품질(물품/용역)
2023011960,2023-03-03,남자,30 - 39세,인천광역시,국내온라인거래,기타신발·용품,품질(물품/용역)
2023011961,2023-03-03,여자,40 - 49세,충청북도,기타,호텔,안전(제품/시설)
2023011963,2023-03-03,여자,70 - 79세,경기도,일반판매,항공여객운송서비스,계약해제.해지/위약금
2023011964,2023-03-03,남자,불명,인천광역시,국제온라인거래,호텔,계약해제.해지/위약금
2023011965,2023-03-03,남자,40 - 49세,서울특별시,일반판매,스마트폰,품질(물품/용역)
2023011966,2023-03-03,여자,50 - 59세,대구광역시,국내온라인거래,기타의류·섬유,계약불이행(불완전이행)
2023011967,2023-03-03,남자,60 - 64세,서울특별시,기타통신판매,자동차보험,품질(물품/용역)
2023011968,2023-03-03,여자,30 - 39세,대전광역시,기타통신판매,이유식,품질(물품/용역)
2023011969,2023-03-03,남자,50 - 59세,제주도,국내온라인거래,이동전화서비스,계약불이행(불완전이행)
2023011970,2023-03-03,남자,30 - 39세,전라남도,기타통신판매,정수기대여(렌트),계약해제.해지/위약금
2023011971,2023-03-03,남자,40 - 49세,서울특별시,국내온라인거래,셔츠,계약불이행(불완전이행)
2023011972,2023-03-03,남자,80세이상,대구광역시,기타,정수기대여(렌트),계약해제.해지/위약금
2023011973,2023-03-03,남자,65 - 69세,서울특별시,일반판매,건강(암·기타질병)보험,약관
2023011974,2023-03-03,남자,30 - 39세,서울특별시,국내온라인거래,전문스포츠화(축구화·골프화 등),청약철회
2023011975,2023-03-03,여자,30 - 39세,경기도,일반판매,유사투자자문,계약불이행(불완전이행)
2023011976,2023-03-03,여자,60 - 64세,경기도,기타,전기세탁기,AS불만
2023011977,2023-03-03,여자,30 - 39세,서울특별시,일반판매,헬스장,계약해제.해지/위약금
2023011978,2023-03-03,남자,30 - 39세,서울특별시,국내온라인거래,기타문화용품,계약불이행(불완전이행)
2023011979,2023-03-03,남자,30 - 39세,서울특별시,일반판매,자동차수리·점검,계약불이행(불완전이행)
2023011980,2023-03-03,여자,불명,광주광역시,모바일거래,식사배달,품질(물품/용역)
2023011981,2023-03-03,여자,40 - 49세,서울특별시,일반판매,정수기대여(렌트),계약해제.해지/위약금
2023011982,2023-03-03,여자,30 - 39세,경기도,일반판매,핸드백,품질(물품/용역)
2023011983,2023-03-03,여자,40 - 49세,서울특별시,전화권유판매,부업알선,계약해제.해지/위약금
2023011985,2023-03-03,여자,30 - 39세,서울특별시,모바일거래,교통카드,계약해제.해지/위약금
2023011986,2023-03-03,남자,40 - 49세,경기도,일반판매,기타세탁서비스,품질(물품/용역)
2023011987,2023-03-03,남자,40 - 49세,부산광역시,기타통신판매,기타서적음반류,계약불이행(불완전이행)
2023011988,2023-03-03,여자,30 - 39세,경기도,일반판매,점퍼·재킷류,품질(물품/용역)
2023011989,2023-03-03,여자,20 - 29세,서울특별시,일반판매,헬스장,계약해제.해지/위약금
2023011990,2023-03-03,여자,불명,경기도,국내온라인거래,국외여행,계약해제.해지/위약금
2023011991,2023-03-03,남자,50 - 59세,경기도,국내온라인거래,노트북컴퓨터,AS불만
2023011992,2023-03-03,남자,30 - 39세,서울특별시,일반판매,양복(서양식 의복)세탁,품질(물품/용역)
2023011993,2023-03-03,여자,20 - 29세,서울특별시,국내온라인거래,레저시설이용,품질(물품/용역)
2023011994,2023-03-03,여자,30 - 39세,서울특별시,국내온라인거래,미용서비스,품질(물품/용역)
2023011995,2023-03-03,남자,40 - 49세,인천광역시,일반판매,소파,품질(물품/용역)
2023011996,2023-03-03,여자,40 - 49세,서울특별시,국내온라인거래,기타조리기기·기구,계약불이행(불완전이행)
2023011997,2023-03-03,남자,80세이상,경기도,전화권유판매,유사투자자문,계약해제.해지/위약금
2023011998,2023-03-03,남자,50 - 59세,세종특별자치시,전화권유판매,유사투자자문,계약해제.해지/위약금
2023011999,2023-03-03,여자,30 - 39세,경기도,일반판매,침대·매트리스대여(렌트),품질(물품/용역)
2023012000,2023-03-03,여자,40 - 49세,경기도,방문판매,기타인테리어설비,계약해제.해지/위약금
2023012002,2023-03-03,남자,50 - 59세,울산광역시,방문판매,상조서비스,계약해제.해지/위약금
2023012003,2023-03-03,여자,60 - 64세,경기도,일반판매,기타사설강습서비스,청약철회
2023012005,2023-03-03,남자,30 - 39세,제주도,일반판매,침대,계약불이행(불완전이행)
2023012006,2023-03-03,여자,40 - 49세,경기도,국내온라인거래,기타간편복,품질(물품/용역)
2023012007,2023-03-03,남자,60 - 64세,경기도,국제온라인거래,국외여행,계약불이행(불완전이행)
2023012008,2023-03-03,여자,50 - 59세,경기도,일반판매,건강(암·기타질병)보험,약관
2023012009,2023-03-03,여자,40 - 49세,경기도,모바일거래,여성용내의류,청약철회
2023012010,2023-03-03,남자,30 - 39세,서울특별시,일반판매,미용서비스,품질(물품/용역)
2023012011,2023-03-03,남자,30 - 39세,인천광역시,일반판매,정형외과,단순문의.상담
2023012012,2023-03-03,남자,50 - 59세,경기도,일반판매,양복(서양식 의복)세탁,품질(물품/용역)
2023012013,2023-03-03,남자,40 - 49세,충청북도,전화권유판매,유사투자자문,계약해제.해지/위약금
2023012014,2023-03-03,여자,40 - 49세,서울특별시,국내온라인거래,숙녀화(구두·부츠 등),품질(물품/용역)
2023012015,2023-03-03,여자,20 - 29세,서울특별시,일반판매,가정의학과,계약불이행(불완전이행)
2023012016,2023-03-03,여자,30 - 39세,전라남도,일반판매,신발세탁,계약불이행(불완전이행)
2023012017,2023-03-03,여자,60 - 64세,경기도,국내온라인거래,원피스,청약철회
2023012018,2023-03-03,남자,50 - 59세,경기도,국내온라인거래,기타의류·섬유,계약불이행(불완전이행)
2023012019,2023-03-03,여자,40 - 49세,서울특별시,소셜커머스(쇼핑),보석·귀금속,계약해제.해지/위약금
2023012020,2023-03-03,남자,60 - 64세,경상북도,전화권유판매,유사투자자문,계약해제.해지/위약금
2023012021,2023-03-03,남자,20 - 29세,전라남도,기타통신판매,이동전화서비스,계약불이행(불완전이행)
2023012023,2023-03-03,여자,50 - 59세,경기도,일반판매,변호서비스,청약철회
2023012024,2023-03-03,여자,50 - 59세,충청북도,국내온라인거래,기타인테리어설비,계약불이행(불완전이행)
2023012025,2023-03-03,여자,50 - 59세,경기도,일반판매,안과,안전(제품/시설)
2023012026,2023-03-03,남자,40 - 49세,부산광역시,국내온라인거래,자동차대여(렌트),계약해제.해지/위약금
2023012027,2023-03-03,여자,65 - 69세,경기도,일반판매,실손보험,약관
2023012028,2023-03-03,여자,50 - 59세,광주광역시,일반판매,숙녀화(구두·부츠 등),품질(물품/용역)
2023012029,2023-03-03,여자,30 - 39세,서울특별시,일반판매,기타사설강습서비스,계약해제.해지/위약금
2023012031,2023-03-03,여자,40 - 49세,전라북도,일반판매,골프회원권,계약불이행(불완전이행)
2023012032,2023-03-03,여자,50 - 59세,서울특별시,방문판매,헬스장,청약철회
2023012033,2023-03-03,여자,30 - 39세,경상남도,국내온라인거래,기타가방,계약불이행(불완전이행)
2023012034,2023-03-03,남자,50 - 59세,강원특별자치도,일반판매,신사화(구두·부츠 등),품질(물품/용역)
2023012036,2023-03-03,여자,30 - 39세,경기도,일반판매,의상대여(렌트),품질(물품/용역)
2023012038,2023-03-03,남자,20 - 29세,해외 및 기타,일반판매,대학·대학원,계약해제.해지/위약금
2023012039,2023-03-03,여자,30 - 39세,경기도,국내온라인거래,신유형상품권,청약철회
2023012040,2023-03-03,여자,20 - 29세,서울특별시,국내온라인거래,캐주얼바지,청약철회
2023012042,2023-03-03,여자,30 - 39세,경기도,모바일거래,모바일정보이용서비스,표시.광고
2023012043,2023-03-03,여자,30 - 39세,전라남도,국내온라인거래,전기장판,품질(물품/용역)
2023012044,2023-03-03,남자,50 - 59세,충청남도,국내온라인거래,지갑,계약불이행(불완전이행)
2023012045,2023-03-03,여자,30 - 39세,경기도,일반판매,헬스장,계약해제.해지/위약금
2023012046,2023-03-03,남자,40 - 49세,충청남도,일반판매,신발세탁,계약불이행(불완전이행)
2023012047,2023-03-03,여자,30 - 39세,충청북도,방문판매,결혼준비대행서비스,계약불이행(불완전이행)
2023012048,2023-03-03,여자,30 - 39세,제주도,일반판매,차량용블랙박스,계약불이행(불완전이행)
2023012049,2023-03-03,여자,40 - 49세,인천광역시,국내온라인거래,공기청정기,계약불이행(불완전이행)
2023012050,2023-03-03,여자,20 - 29세,전라북도,일반판매,미용서비스,가격.요금
2023012051,2023-03-03,여자,40 - 49세,경기도,방문판매,정수기대여(렌트),AS불만
2023012052,2023-03-03,남자,70 - 79세,서울특별시,모바일거래,신사화(구두·부츠 등),계약불이행(불완전이행)
2023012053,2023-03-03,남자,40 - 49세,경기도,국내온라인거래,성기능향상기기,계약불이행(불완전이행)
2023012054,2023-03-03,남자,20 - 29세,서울특별시,방문판매,성형외과,계약해제.해지/위약금
2023012055,2023-03-03,남자,60 - 64세,서울특별시,국내온라인거래,LED램프,계약불이행(불완전이행)
2023012056,2023-03-03,여자,50 - 59세,서울특별시,일반판매,성형외과,계약해제.해지/위약금
2023012057,2023-03-03,여자,40 - 49세,경상북도,국내온라인거래,양복(서양식 의복)세탁,품질(물품/용역)
2023012101,2023-03-03,여자,20 - 29세,서울특별시,기타,노트북컴퓨터,부당행위
2023012102,2023-03-03,여자,30 - 39세,울산광역시,국내온라인거래,원피스,청약철회
2023012103,2023-03-03,여자,30 - 39세,인천광역시,국내온라인거래,숙녀복상의,청약철회
2023012104,2023-03-03,여자,30 - 39세,대구광역시,기타통신판매,기타완구·인형,청약철회
2023012106,2023-03-03,여자,30 - 39세,서울특별시,국내온라인거래,전기장판,안전(제품/시설)
2023012107,2023-03-03,남자,20 - 29세,경상남도,기타,수영장회원권,계약해제.해지/위약금
2023012108,2023-03-03,남자,30 - 39세,서울특별시,일반판매,헬스장,계약해제.해지/위약금
2023012109,2023-03-03,여자,30 - 39세,경기도,국내온라인거래,레저·이벤트회원권,계약해제.해지/위약금
2023012110,2023-03-03,여자,20 - 29세,서울특별시,국내온라인거래,택배화물운송서비스,거래관행
2023012112,2023-03-03,여자,40 - 49세,경기도,소셜커머스(쇼핑),의료용구대여(렌트),부당행위
2023012113,2023-03-03,남자,50 - 59세,인천광역시,국내온라인거래,보석·귀금속,청약철회
2023012114,2023-03-03,여자,30 - 39세,경기도,일반판매,미용서비스,품질(물품/용역)
2023012115,2023-03-03,남자,30 - 39세,인천광역시,기타,스마트폰,품질(물품/용역)
2023012116,2023-03-03,여자,30 - 39세,경기도,방문판매,인터넷교육서비스,계약해제.해지/위약금
2023012117,2023-03-03,여자,40 - 49세,부산광역시,방문판매,헬스장,계약해제.해지/위약금
2023012118,2023-03-03,여자,30 - 39세,강원특별자치도,국내온라인거래,텐트,품질(물품/용역)
2023012119,2023-03-03,여자,30 - 39세,충청남도,국내온라인거래,베개,청약철회
2023012120,2023-03-03,남자,30 - 39세,경상남도,방문판매,필라테스,계약해제.해지/위약금
2023012121,2023-03-03,남자,20 - 29세,경기도,모바일거래,국외여행,계약해제.해지/위약금
2023012122,2023-03-03,남자,20 - 29세,인천광역시,방문판매,헬스장,계약해제.해지/위약금
2023012123,2023-03-03,여자,30 - 39세,대전광역시,기타,기타세탁서비스,계약불이행(불완전이행)
2023012124,2023-03-03,여자,60 - 64세,서울특별시,일반판매,소파,청약철회
2023012125,2023-03-03,남자,40 - 49세,경기도,일반판매,소파,품질(물품/용역)
2023012126,2023-03-03,여자,30 - 39세,경기도,국내온라인거래,기타의류·섬유,청약철회
2023012127,2023-03-03,여자,20 - 29세,경기도,전화권유판매,인터넷정보이용서비스,계약해제.해지/위약금
2023012128,2023-03-03,남자,65 - 69세,대전광역시,일반판매,헬스장,계약해제.해지/위약금
2023012129,2023-03-03,여자,20 - 29세,대전광역시,방문판매,헬스장,계약해제.해지/위약금
2023012130,2023-03-03,여자,20 - 29세,경기도,국내온라인거래,각종공연관람,계약불이행(불완전이행)
2023012131,2023-03-03,남자,50 - 59세,경상남도,전화권유판매,택배화물운송서비스,청약철회
2023012132,2023-03-03,여자,20 - 29세,대구광역시,소셜커머스(쇼핑),휴대용가스레인지,품질(물품/용역)
2023012133,2023-03-03,남자,80세이상,전라북도,TV홈쇼핑,기타공조·냉난방기기,품질(물품/용역)
2023012134,2023-03-03,여자,70 - 79세,서울특별시,기타,노인복지,품질(물품/용역)
2023012135,2023-03-03,남자,50 - 59세,경기도,일반판매,초고속인터넷,계약해제.해지/위약금
2023012136,2023-03-03,여자,20 - 29세,전라남도,방문판매,필라테스,계약해제.해지/위약금
2023012137,2023-03-03,여자,40 - 49세,서울특별시,기타통신판매,항공여객운송서비스,계약해제.해지/위약금
2023012138,2023-03-03,남자,30 - 39세,경기도,일반판매,가스보일러,AS불만
2023012139,2023-03-03,여자,20 - 29세,경기도,기타,건물청소서비스,계약해제.해지/위약금
2023012140,2023-03-03,남자,30 - 39세,서울특별시,방문판매,필라테스,계약해제.해지/위약금
2023012141,2023-03-03,여자,20 - 29세,경기도,국제온라인거래,동물약품,계약해제.해지/위약금
2023012142,2023-03-03,남자,40 - 49세,서울특별시,국내온라인거래,인터넷교육서비스,계약불이행(불완전이행)
2023012144,2023-03-03,남자,40 - 49세,경상북도,국내온라인거래,전기진공청소기,AS불만
2023012145,2023-03-03,남자,20 - 29세,경기도,기타,신유형상품권,부당행위
2023012146,2023-03-03,여자,20 - 29세,인천광역시,일반판매,이동전화서비스,계약해제.해지/위약금
2023012147,2023-03-03,여자,20 - 29세,광주광역시,방문판매,요가,계약해제.해지/위약금
2023012148,2023-03-03,남자,30 - 39세,인천광역시,방문판매,헬스장,계약해제.해지/위약금
2023012149,2023-03-03,남자,70 - 79세,서울특별시,TV홈쇼핑,톱,AS불만
2023012150,2023-03-03,남자,40 - 49세,서울특별시,국제온라인거래,항공여객운송서비스,계약불이행(불완전이행)
2023012151,2023-03-03,여자,10 - 19세,충청남도,국내온라인거래,고시원이용,계약해제.해지/위약금
2023012152,2023-03-03,여자,30 - 39세,충청북도,일반판매,필라테스,계약해제.해지/위약금
2023012153,2023-03-03,여자,50 - 59세,경기도,일반판매,사진촬영,계약불이행(불완전이행)
2023012154,2023-03-03,여자,30 - 39세,서울특별시,국내온라인거래,기타알선·중개·번역서비스,계약해제.해지/위약금
2023012155,2023-03-03,여자,30 - 39세,부산광역시,소셜커머스(쇼핑),캐주얼바지,계약해제.해지/위약금
2023012156,2023-03-03,여자,20 - 29세,경상남도,모바일거래,기타숙박시설,청약철회
2023012157,2023-03-03,여자,40 - 49세,경기도,기타통신판매,변호서비스,계약해제.해지/위약금
2023012158,2023-03-03,남자,20 - 29세,경기도,일반판매,인터넷교육서비스,계약해제.해지/위약금
2023012159,2023-03-03,남자,40 - 49세,대구광역시,국내온라인거래,기타의류·섬유,청약철회
2023012160,2023-03-03,여자,20 - 29세,경기도,국내온라인거래,기타완구·인형,계약불이행(불완전이행)
2023012161,2023-03-03,여자,30 - 39세,부산광역시,기타,사진촬영,계약불이행(불완전이행)
2023012162,2023-03-03,여자,20 - 29세,경기도,기타,결혼준비대행서비스,계약해제.해지/위약금
2023012163,2023-03-03,남자,30 - 39세,대구광역시,국내온라인거래,항공여객운송서비스,가격.요금
2023012164,2023-03-03,여자,20 - 29세,경기도,기타,헬스장,계약해제.해지/위약금
2023012165,2023-03-03,남자,40 - 49세,서울특별시,국내온라인거래,헤드폰·이어폰,계약불이행(불완전이행)
2023012166,2023-03-03,여자,50 - 59세,강원특별자치도,국내온라인거래,국외여행,계약해제.해지/위약금
2023012167,2023-03-03,남자,30 - 39세,울산광역시,국내온라인거래,TV,품질(물품/용역)
2023012168,2023-03-03,여자,30 - 39세,서울특별시,기타통신판매,기타조리기기·기구,청약철회
2023012169,2023-03-03,여자,30 - 39세,경기도,방문판매,콘도회원권,계약해제.해지/위약금
2023012170,2023-03-03,여자,20 - 29세,경기도,방문판매,일반강습(입시학원등),계약해제.해지/위약금
2023012171,2023-03-03,여자,30 - 39세,인천광역시,국내온라인거래,전기진공청소기,계약불이행(불완전이행)
2023012172,2023-03-03,여자,30 - 39세,경기도,국내온라인거래,립스틱,계약불이행(불완전이행)
2023012201,2023-03-04,남자,30 - 39세,광주광역시,일반판매,헬스장,계약해제.해지/위약금
2023012202,2023-03-04,남자,40 - 49세,경상남도,방문판매,라텍스매트리스,품질(물품/용역)
2023012203,2023-03-04,남자,70 - 79세,서울특별시,방문판매,가스보일러,AS불만
2023012205,2023-03-04,여자,20 - 29세,서울특별시,일반판매,해외유학알선,계약해제.해지/위약금
2023012206,2023-03-04,남자,30 - 39세,전라북도,국내온라인거래,노트북컴퓨터,AS불만
2023012207,2023-03-04,여자,30 - 39세,서울특별시,국내온라인거래,공기청정기,계약불이행(불완전이행)
2023012208,2023-03-04,여자,20 - 29세,경기도,기타,기타이·미용서비스,계약해제.해지/위약금
2023012209,2023-03-04,남자,40 - 49세,광주광역시,국내온라인거래,스포츠웨어,청약철회
2023012210,2023-03-04,남자,30 - 39세,경상북도,방문판매,콘도회원권,계약해제.해지/위약금
2023012211,2023-03-04,남자,30 - 39세,경상남도,국내온라인거래,기타책상·테이블류,품질(물품/용역)
2023012213,2023-03-04,여자,30 - 39세,서울특별시,일반판매,미용서비스,계약해제.해지/위약금
2023012214,2023-03-04,남자,50 - 59세,경기도,일반판매,생활패션화(슬립온·아쿠아슈즈·장화·작업화 등),품질(물품/용역)
2023012401,2023-03-05,여자,40 - 49세,대구광역시,국내온라인거래,원피스,청약철회
2023012402,2023-03-05,여자,70 - 79세,부산광역시,일반판매,공중목욕탕,계약해제.해지/위약금
2023012403,2023-03-05,여자,30 - 39세,경기도,소셜커머스(쇼핑),선풍기,AS불만
2023012404,2023-03-05,여자,20 - 29세,대구광역시,방문판매,일반강습(입시학원등),계약해제.해지/위약금
2023012405,2023-03-05,여자,30 - 39세,서울특별시,모바일거래,건물청소서비스,계약해제.해지/위약금
2023012406,2023-03-05,남자,20 - 29세,경기도,기타통신판매,국내결혼중개,계약해제.해지/위약금
2023012407,2023-03-05,여자,30 - 39세,서울특별시,국내온라인거래,국외여행,계약해제.해지/위약금
2023012408,2023-03-05,여자,20 - 29세,대전광역시,방문판매,헬스장,계약해제.해지/위약금
2023012409,2023-03-05,남자,30 - 39세,서울특별시,국내온라인거래,항공여객운송서비스,계약해제.해지/위약금
2023012410,2023-03-05,여자,30 - 39세,인천광역시,기타,사진촬영,계약해제.해지/위약금
2023012412,2023-03-05,남자,40 - 49세,서울특별시,국내온라인거래,기타의료용구,품질(물품/용역)
2023012413,2023-03-05,여자,20 - 29세,경상남도,방문판매,기타이동통신,청약철회
2023012414,2023-03-05,남자,50 - 59세,경기도,TV홈쇼핑,소파,표시.광고
2023012415,2023-03-05,남자,30 - 39세,경기도,일반판매,헬스장,계약해제.해지/위약금
2023012417,2023-03-06,여자,40 - 49세,경상남도,일반판매,정수기대여(렌트),부당행위
2023012418,2023-03-06,여자,불명,서울특별시,국내온라인거래,국외여행,계약해제.해지/위약금
2023012419,2023-03-06,여자,65 - 69세,경기도,일반판매,IPTV,거래관행
2023012421,2023-03-03,여자,40 - 49세,울산광역시,TV홈쇼핑,인터넷교육서비스,부당행위
2023012423,2023-03-06,남자,30 - 39세,경기도,소셜커머스(쇼핑),항공여객운송서비스,계약해제.해지/위약금
2023012424,2023-03-06,남자,30 - 39세,경기도,방문판매,실손보험,계약해제.해지/위약금
2023012425,2023-03-06,남자,30 - 39세,제주도,국내온라인거래,전기진공청소기,품질(물품/용역)
2023012426,2023-03-06,여자,40 - 49세,경기도,일반판매,양복(서양식 의복)세탁,품질(물품/용역)
2023012427,2023-03-06,남자,40 - 49세,경기도,국내온라인거래,타이어,품질(물품/용역)
2023012428,2023-03-06,남자,50 - 59세,경상북도,국내온라인거래,안마의자,AS불만
2023012430,2023-03-04,여자,50 - 59세,부산광역시,일반판매,의자,계약해제.해지/위약금
2023012431,2023-03-06,여자,50 - 59세,서울특별시,국내온라인거래,니트(스웨터),청약철회
2023012432,2023-03-06,여자,60 - 64세,서울특별시,국내온라인거래,신유형상품권,부당행위
2023012433,2023-03-06,남자,30 - 39세,경기도,전화권유판매,인터넷정보이용서비스,계약해제.해지/위약금
2023012434,2023-03-06,남자,30 - 39세,경기도,국내온라인거래,카셰어링,부당행위
2023012435,2023-03-06,여자,65 - 69세,서울특별시,일반판매,자동차주차장,계약해제.해지/위약금
2023012436,2023-03-06,여자,30 - 39세,서울특별시,국내온라인거래,건물청소서비스,계약불이행(불완전이행)
2023012437,2023-03-06,여자,30 - 39세,강원특별자치도,국내온라인거래,점퍼·재킷류,품질(물품/용역)
2023012439,2023-03-06,여자,50 - 59세,충청북도,국내온라인거래,기타미분류물품,품질(물품/용역)
2023012440,2023-03-06,여자,불명,서울특별시,모바일거래,스마트폰,품질(물품/용역)
2023012441,2023-03-06,남자,65 - 69세,경상남도,TV홈쇼핑,사과,품질(물품/용역)
2023012442,2023-03-06,여자,40 - 49세,경기도,일반판매,변호서비스,계약해제.해지/위약금
2023012443,2023-03-06,여자,40 - 49세,경기도,모바일거래,전문스포츠화(축구화·골프화 등),품질(물품/용역)
2023012444,2023-03-06,여자,40 - 49세,전라남도,일반판매,양복(서양식 의복)세탁,품질(물품/용역)
2023012445,2023-03-06,여자,40 - 49세,경기도,방문판매,정수기대여(렌트),품질(물품/용역)
2023012446,2023-03-06,남자,40 - 49세,경상남도,기타통신판매,통합보장보험,계약불이행(불완전이행)
2023012447,2023-03-06,여자,50 - 59세,서울특별시,모바일거래,기타어패류·어패류가공식품,계약해제.해지/위약금
2023012448,2023-03-06,남자,40 - 49세,경기도,일반판매,김치냉장고,품질(물품/용역)
2023012449,2023-03-06,남자,40 - 49세,대전광역시,일반판매,자동차수리·점검,부당행위
2023012450,2023-03-06,여자,50 - 59세,경기도,방문판매,헬스장,계약해제.해지/위약금
2023012451,2023-03-06,여자,40 - 49세,부산광역시,국내온라인거래,신유형상품권,약관
2023012452,2023-03-06,남자,50 - 59세,충청남도,국내온라인거래,식물추출물발효제품,청약철회
2023012453,2023-03-06,여자,20 - 29세,인천광역시,일반판매,헬스장,계약해제.해지/위약금
2023012454,2023-03-06,여자,20 - 29세,서울특별시,국내온라인거래,기타가방,계약불이행(불완전이행)
2023012455,2023-03-06,남자,40 - 49세,경기도,국내온라인거래,항공여객운송서비스,계약불이행(불완전이행)
2023012456,2023-03-06,여자,20 - 29세,서울특별시,일반판매,헬스장,계약해제.해지/위약금
2023012457,2023-03-06,여자,20 - 29세,울산광역시,국내온라인거래,기타미분류서비스,계약해제.해지/위약금
2023012458,2023-03-06,여자,40 - 49세,광주광역시,일반판매,점퍼·재킷류,AS불만
2023012459,2023-03-06,남자,60 - 64세,경상남도,일반판매,초고속인터넷,계약해제.해지/위약금
2023012460,2023-03-06,여자,불명,대구광역시,일반판매,점퍼·재킷류,품질(물품/용역)
2023012461,2023-03-06,여자,50 - 59세,서울특별시,기타,치약,청약철회
2023012462,2023-03-06,여자,30 - 39세,경기도,일반판매,예식서비스,계약해제.해지/위약금
2023012463,2023-03-06,남자,30 - 39세,서울특별시,국내온라인거래,카셰어링,부당행위
2023012464,2023-03-06,여자,40 - 49세,부산광역시,국내온라인거래,원피스,계약불이행(불완전이행)
2023012465,2023-03-06,남자,50 - 59세,충청남도,일반판매,냉장고,AS불만
2023012466,2023-03-06,여자,30 - 39세,부산광역시,일반판매,실손보험,계약불이행(불완전이행)
2023012467,2023-03-06,여자,40 - 49세,충청북도,국내온라인거래,기타과일·과일가공식품,품질(물품/용역)
2023012468,2023-03-06,여자,30 - 39세,강원특별자치도,일반판매,고시원이용,계약해제.해지/위약금
2023012469,2023-03-06,남자,30 - 39세,경기도,국내온라인거래,국외여행,계약해제.해지/위약금
2023012470,2023-03-06,남자,30 - 39세,경기도,방문판매,의상대여(렌트),계약불이행(불완전이행)
2023012472,2023-03-06,남자,50 - 59세,서울특별시,일반판매,점퍼·재킷류,품질(물품/용역)
2023012473,2023-03-06,남자,70 - 79세,서울특별시,일반판매,TV,품질(물품/용역)
2023012474,2023-03-06,여자,50 - 59세,울산광역시,일반판매,피부·체형관리서비스,계약해제.해지/위약금
2023012475,2023-03-06,여자,60 - 64세,경기도,전화권유판매,유사투자자문,계약해제.해지/위약금
2023012476,2023-03-06,여자,60 - 64세,서울특별시,국내온라인거래,소파,품질(물품/용역)
2023012477,2023-03-06,여자,30 - 39세,서울특별시,전화권유판매,정수기대여(렌트),계약해제.해지/위약금
2023012478,2023-03-06,여자,20 - 29세,경기도,국내온라인거래,이동전화서비스,가격.요금
2023012479,2023-03-06,여자,20 - 29세,경상남도,모바일거래,운동화,품질(물품/용역)
2023012481,2023-03-06,남자,30 - 39세,인천광역시,국제온라인거래,항공여객운송서비스,계약해제.해지/위약금
2023012482,2023-03-06,남자,40 - 49세,대구광역시,국내온라인거래,운동화,품질(물품/용역)
2023012483,2023-03-06,여자,30 - 39세,경기도,기타,외국어강습,계약해제.해지/위약금
2023012484,2023-03-06,여자,30 - 39세,서울특별시,국내온라인거래,캐주얼바지,품질(물품/용역)
2023012485,2023-03-06,남자,65 - 69세,경기도,일반판매,차량용블랙박스,계약불이행(불완전이행)
2023012486,2023-03-06,남자,40 - 49세,부산광역시,일반판매,중형승용자동차,품질(물품/용역)
2023012487,2023-03-06,여자,40 - 49세,서울특별시,일반판매,헬스장,계약해제.해지/위약금
2023012488,2023-03-06,여자,70 - 79세,서울특별시,전화권유판매,모바일정보이용서비스,계약불이행(불완전이행)
2023012489,2023-03-06,여자,40 - 49세,제주도,소셜커머스(쇼핑),블라인드,계약불이행(불완전이행)
2023012490,2023-03-06,여자,20 - 29세,서울특별시,일반판매,사진촬영,계약불이행(불완전이행)
2023012492,2023-03-06,여자,60 - 64세,경상북도,일반판매,머플러,품질(물품/용역)
2023012493,2023-03-06,여자,50 - 59세,서울특별시,국내온라인거래,신유형상품권,약관
2023012494,2023-03-06,여자,40 - 49세,대전광역시,일반판매,운동화,품질(물품/용역)
2023012495,2023-03-06,남자,30 - 39세,서울특별시,국내온라인거래,봉지면,청약철회
2023012496,2023-03-06,남자,30 - 39세,서울특별시,소셜커머스(쇼핑),스마트폰,계약불이행(불완전이행)
2023012497,2023-03-06,남자,30 - 39세,경기도,일반판매,양복(서양식 의복)세탁,품질(물품/용역)
2023012498,2023-03-06,여자,20 - 29세,서울특별시,일반판매,필라테스,계약해제.해지/위약금
2023012499,2023-03-06,남자,50 - 59세,서울특별시,일반판매,필라테스,계약해제.해지/위약금
2023012500,2023-03-06,남자,30 - 39세,경기도,국내온라인거래,양복(서양식 의복)세탁,품질(물품/용역)
2023012501,2023-03-06,남자,30 - 39세,전라북도,일반판매,독서실이용,계약해제.해지/위약금
2023012502,2023-03-06,여자,40 - 49세,서울특별시,국내온라인거래,숙녀화(구두·부츠 등),계약해제.해지/위약금
2023012503,2023-03-06,여자,30 - 39세,인천광역시,모바일거래,호텔,청약철회
2023012504,2023-03-06,남자,50 - 59세,경기도,TV홈쇼핑,자동차대여(렌트),계약해제.해지/위약금
2023012505,2023-03-06,여자,40 - 49세,경상남도,일반판매,자동차주유,가격.요금
2023012506,2023-03-06,여자,20 - 29세,경상남도,국내온라인거래,기타가구,품질(물품/용역)
2023012507,2023-03-06,여자,40 - 49세,경기도,국내온라인거래,원피스,계약불이행(불완전이행)
2023012508,2023-03-06,남자,50 - 59세,강원특별자치도,국내온라인거래,항공여객운송서비스,계약불이행(불완전이행)
2023012509,2023-03-06,여자,40 - 49세,인천광역시,전화권유판매,모바일정보이용서비스,계약해제.해지/위약금
2023012510,2023-03-06,남자,40 - 49세,경기도,국내온라인거래,카셰어링,품질(물품/용역)
2023012511,2023-03-06,여자,30 - 39세,경상북도,국내온라인거래,기타간편복,부당행위
2023012512,2023-03-06,남자,30 - 39세,경기도,일반판매,아파트,품질(물품/용역)
2023012513,2023-03-06,여자,30 - 39세,경기도,국내온라인거래,각종공연관람,계약해제.해지/위약금
2023012514,2023-03-06,여자,40 - 49세,경기도,일반판매,핸드백,품질(물품/용역)
2023012515,2023-03-06,여자,40 - 49세,경상북도,국내온라인거래,책상,계약불이행(불완전이행)
2023012516,2023-03-06,여자,불명,서울특별시,국내온라인거래,신유형상품권,청약철회
2023012517,2023-03-06,남자,40 - 49세,인천광역시,일반판매,애완동물기타,계약해제.해지/위약금
2023012518,2023-03-06,여자,20 - 29세,경기도,일반판매,기타사설강습서비스,계약해제.해지/위약금
2023012520,2023-03-06,남자,60 - 64세,서울특별시,일반판매,외식,안전(제품/시설)
2023012521,2023-03-06,남자,20 - 29세,충청남도,일반판매,양복(서양식 의복)세탁,품질(물품/용역)
2023012522,2023-03-06,여자,30 - 39세,경상북도,국내온라인거래,점퍼·재킷류,품질(물품/용역)
2023012523,2023-03-06,여자,30 - 39세,서울특별시,기타통신판매,기타이동통신,계약불이행(불완전이행)
2023012524,2023-03-06,남자,30 - 39세,경기도,일반판매,양복(서양식 의복)세탁,품질(물품/용역)
2023012525,2023-03-06,여자,60 - 64세,경기도,방문판매,피부·체형관리서비스,계약해제.해지/위약금
2023012526,2023-03-06,여자,30 - 39세,경기도,국내온라인거래,원피스,품질(물품/용역)
2023012527,2023-03-06,여자,40 - 49세,경기도,일반판매,양복(서양식 의복)세탁,품질(물품/용역)
2023012528,2023-03-06,여자,20 - 29세,부산광역시,기타,애완견,계약불이행(불완전이행)
2023012529,2023-03-06,남자,50 - 59세,서울특별시,국내온라인거래,TV,품질(물품/용역)
2023012530,2023-03-06,여자,30 - 39세,충청북도,국내온라인거래,전기진공청소기,계약불이행(불완전이행)
2023012531,2023-03-06,여자,20 - 29세,부산광역시,일반판매,양복(서양식 의복)세탁,품질(물품/용역)
2023012532,2023-03-06,여자,50 - 59세,서울특별시,일반판매,기타의료서비스,단순문의.상담
2023012533,2023-03-06,남자,40 - 49세,경기도,일반판매,흉부외과,단순문의.상담
2023012534,2023-03-06,여자,50 - 59세,대전광역시,전화권유판매,인터넷정보이용서비스,계약해제.해지/위약금
2023012535,2023-03-06,남자,40 - 49세,경기도,국내온라인거래,기타완구·인형,표시.광고
2023012536,2023-03-06,남자,40 - 49세,충청북도,일반판매,이동전화서비스,계약불이행(불완전이행)
2023012537,2023-03-06,여자,50 - 59세,서울특별시,국내온라인거래,프라이팬,품질(물품/용역)
2023012538,2023-03-06,남자,40 - 49세,부산광역시,일반판매,양복(서양식 의복)세탁,품질(물품/용역)
2023012601,2023-03-06,여자,20 - 29세,서울특별시,일반판매,IPTV,부당행위
2023012602,2023-03-06,여자,20 - 29세,서울특별시,일반판매,기타음료,품질(물품/용역)
2023012603,2023-03-06,여자,40 - 49세,서울특별시,국내온라인거래,기타정보이용서비스,청약철회
2023012604,2023-03-06,여자,30 - 39세,서울특별시,국내온라인거래,기타채소·채소가공식품,계약불이행(불완전이행)
2023012605,2023-03-06,여자,30 - 39세,인천광역시,일반판매,국내결혼중개,계약해제.해지/위약금
2023012606,2023-03-06,여자,30 - 39세,경기도,일반판매,전기세탁기,AS불만
2023012607,2023-03-06,여자,30 - 39세,인천광역시,국내온라인거래,냉장고,계약불이행(불완전이행)
2023012608,2023-03-06,남자,50 - 59세,대구광역시,일반판매,침대,계약해제.해지/위약금
2023012609,2023-03-06,여자,40 - 49세,경기도,소셜커머스(쇼핑),전기세탁기,품질(물품/용역)
2023012610,2023-03-06,남자,30 - 39세,경기도,일반판매,헬스장,계약해제.해지/위약금
2023012611,2023-03-06,남자,30 - 39세,서울특별시,기타,건물청소서비스,품질(물품/용역)
2023012612,2023-03-06,남자,30 - 39세,대구광역시,일반판매,포장이사운송서비스,계약불이행(불완전이행)
2023012613,2023-03-06,여자,60 - 64세,경기도,국내온라인거래,영양크림류,품질(물품/용역)
2023012614,2023-03-06,여자,40 - 49세,인천광역시,방문판매,인터넷교육서비스,계약해제.해지/위약금
2023012615,2023-03-06,남자,20 - 29세,경기도,일반판매,IPTV,계약불이행(불완전이행)
2023012616,2023-03-06,여자,20 - 29세,서울특별시,일반판매,헬스장,계약해제.해지/위약금
2023012617,2023-03-06,여자,40 - 49세,경기도,기타,기타회원권,계약불이행(불완전이행)
2023012618,2023-03-06,남자,30 - 39세,경상남도,모바일거래,스포츠시설이용,계약해제.해지/위약금
2023012619,2023-03-06,남자,40 - 49세,부산광역시,기타,정수기대여(렌트),부당채권추심
2023012620,2023-03-06,여자,30 - 39세,경기도,일반판매,일반강습(입시학원등),계약해제.해지/위약금
2023012621,2023-03-06,여자,20 - 29세,대구광역시,일반판매,헬스장,계약해제.해지/위약금
2023012622,2023-03-06,여자,30 - 39세,부산광역시,국내온라인거래,침대,품질(물품/용역)
2023012623,2023-03-06,남자,30 - 39세,경기도,기타,예식서비스,계약해제.해지/위약금
2023012624,2023-03-06,여자,20 - 29세,경기도,국제온라인거래,기타숙박시설,청약철회
2023012625,2023-03-06,여자,30 - 39세,경상남도,기타,항공여객운송서비스,품질(물품/용역)
2023012626,2023-03-06,여자,30 - 39세,경기도,기타,피부·체형관리서비스,계약해제.해지/위약금
2023012627,2023-03-06,남자,50 - 59세,경기도,기타,묘지설비,약관
2023012628,2023-03-06,남자,40 - 49세,경기도,전화권유판매,유사투자자문,계약해제.해지/위약금
2023012629,2023-03-06,남자,40 - 49세,서울특별시,모바일거래,건물청소서비스,계약해제.해지/위약금
2023012630,2023-03-06,남자,50 - 59세,경상북도,기타,인터넷정보이용서비스,청약철회
2023012631,2023-03-06,남자,40 - 49세,서울특별시,일반판매,이동전화서비스,계약해제.해지/위약금
2023012632,2023-03-06,여자,20 - 29세,서울특별시,일반판매,헬스장,계약해제.해지/위약금
2023012633,2023-03-06,남자,60 - 64세,경기도,국제온라인거래,기타숙박시설,가격.요금
2023012635,2023-03-06,여자,20 - 29세,경기도,일반판매,전산강습,계약해제.해지/위약금
2023012636,2023-03-06,남자,20 - 29세,서울특별시,기타,헬스장,계약해제.해지/위약금
2023012637,2023-03-06,남자,60 - 64세,강원특별자치도,국내온라인거래,항공여객운송서비스,계약불이행(불완전이행)
2023012638,2023-03-06,여자,40 - 49세,제주도,기타통신판매,초고속인터넷,계약해제.해지/위약금
2023012639,2023-03-06,남자,40 - 49세,경상남도,국내온라인거래,전기온수장판,AS불만
2023012640,2023-03-06,남자,20 - 29세,제주도,기타,헬스장,계약해제.해지/위약금
2023012641,2023-03-06,여자,30 - 39세,서울특별시,기타통신판매,모바일정보이용서비스,청약철회
2023012642,2023-03-06,여자,30 - 39세,대구광역시,일반판매,헬스장,계약해제.해지/위약금
2023012643,2023-03-06,남자,50 - 59세,경기도,국내온라인거래,기타숙박시설,부당행위
2023012644,2023-03-06,남자,30 - 39세,서울특별시,국내온라인거래,신사복상의,품질(물품/용역)
2023012645,2023-03-06,남자,20 - 29세,전라북도,전화권유판매,고시원이용,계약해제.해지/위약금
2023012646,2023-03-06,남자,65 - 69세,충청북도,모바일거래,택배화물운송서비스,계약불이행(불완전이행)
2023012647,2023-03-06,여자,50 - 59세,서울특별시,소셜커머스(쇼핑),키보드,청약철회
2023012648,2023-03-06,남자,40 - 49세,서울특별시,기타,스마트폰,법.제도
2023012649,2023-03-06,남자,50 - 59세,경기도,전화권유판매,오피스텔,계약해제.해지/위약금
2023012650,2023-03-06,여자,20 - 29세,전라북도,모바일거래,기타가방,청약철회
2023012651,2023-03-06,여자,30 - 39세,광주광역시,방문판매,미용서비스,계약해제.해지/위약금
2023012652,2023-03-06,여자,40 - 49세,경기도,일반판매,안경·안경테,품질(물품/용역)
2023012653,2023-03-06,남자,50 - 59세,경상북도,기타통신판매,기타인터넷기반서비스,부당행위
2023012654,2023-03-06,남자,60 - 64세,인천광역시,기타,기타인테리어설비,계약불이행(불완전이행)
2023012655,2023-03-06,남자,40 - 49세,서울특별시,일반판매,기타인테리어설비,품질(물품/용역)
2023012656,2023-03-06,여자,20 - 29세,대전광역시,모바일거래,항공여객운송서비스,계약해제.해지/위약금
2023012657,2023-03-06,남자,50 - 59세,전라남도,국내온라인거래,항공여객운송서비스,계약해제.해지/위약금
2023012658,2023-03-06,남자,40 - 49세,대구광역시,국내온라인거래,점퍼·재킷류,청약철회
2023012659,2023-03-06,남자,20 - 29세,서울특별시,일반판매,스포츠시설이용,계약해제.해지/위약금
2023012660,2023-03-06,여자,30 - 39세,경기도,일반판매,헬스장,계약해제.해지/위약금
2023012661,2023-03-06,남자,30 - 39세,경상남도,방문판매,레저·이벤트회원권,계약불이행(불완전이행)
2023012662,2023-03-06,남자,20 - 29세,서울특별시,국내온라인거래,택배화물운송서비스,계약불이행(불완전이행)
2023012663,2023-03-06,여자,30 - 39세,인천광역시,일반판매,필라테스,계약해제.해지/위약금
2023012664,2023-03-06,남자,30 - 39세,인천광역시,일반판매,국제결혼중개,계약해제.해지/위약금
2023012665,2023-03-06,여자,40 - 49세,인천광역시,방문판매,헬스장,계약불이행(불완전이행)
2023012666,2023-03-06,남자,20 - 29세,서울특별시,국제온라인거래,항공여객운송서비스,계약불이행(불완전이행)
2023012667,2023-03-06,여자,50 - 59세,광주광역시,방문판매,일반강습(입시학원등),계약해제.해지/위약금
2023012668,2023-03-06,남자,40 - 49세,서울특별시,기타통신판매,택배화물운송서비스,품질(물품/용역)
2023012669,2023-03-06,여자,30 - 39세,전라남도,기타,결혼준비대행서비스,계약해제.해지/위약금
2023012670,2023-03-07,여자,30 - 39세,서울특별시,국내온라인거래,호텔,계약해제.해지/위약금
2023012671,2023-03-07,남자,40 - 49세,제주도,국내온라인거래,노트북컴퓨터,표시.광고
2023012672,2023-03-07,남자,30 - 39세,서울특별시,국내온라인거래,인터넷교육서비스,계약불이행(불완전이행)
2023012673,2023-03-07,남자,40 - 49세,서울특별시,전화권유판매,인터넷정보이용서비스,계약불이행(불완전이행)
2023012674,2023-03-07,여자,50 - 59세,인천광역시,일반판매,인터넷교육서비스,계약해제.해지/위약금
2023012675,2023-03-07,여자,50 - 59세,경기도,국내온라인거래,니트(스웨터),표시.광고
2023012676,2023-03-07,여자,50 - 59세,부산광역시,국내온라인거래,점퍼·재킷류,청약철회
2023012677,2023-03-07,여자,30 - 39세,서울특별시,방문판매,건물청소서비스,계약해제.해지/위약금
2023012678,2023-03-07,남자,30 - 39세,부산광역시,기타,침대·매트리스대여(렌트),계약불이행(불완전이행)
2023012679,2023-03-07,여자,50 - 59세,경기도,일반판매,공중목욕탕,계약불이행(불완전이행)
2023012680,2023-03-07,여자,30 - 39세,인천광역시,국내온라인거래,기타수선·염색서비스,품질(물품/용역)
2023012681,2023-03-07,남자,50 - 59세,울산광역시,국내온라인거래,식초,계약해제.해지/위약금
2023012682,2023-03-07,여자,50 - 59세,서울특별시,국내온라인거래,점퍼·재킷류,품질(물품/용역)
2023012683,2023-03-07,남자,20 - 29세,서울특별시,국내온라인거래,스마트폰,품질(물품/용역)
2023012684,2023-03-07,남자,20 - 29세,서울특별시,일반판매,항공여객운송서비스,계약불이행(불완전이행)
2023012685,2023-03-07,여자,30 - 39세,서울특별시,일반판매,모자,품질(물품/용역)
2023012686,2023-03-07,여자,30 - 39세,서울특별시,소셜커머스(쇼핑),향수,표시.광고
2023012687,2023-03-07,여자,30 - 39세,경기도,기타통신판매,미분류컨설팅(자문),계약해제.해지/위약금
2023012688,2023-03-07,여자,20 - 29세,경기도,국내온라인거래,원피스,청약철회
2023012689,2023-03-07,여자,40 - 49세,부산광역시,일반판매,양복(서양식 의복)세탁,품질(물품/용역)
2023012690,2023-03-07,남자,30 - 39세,전라북도,국내온라인거래,캐주얼바지,청약철회
2023012691,2023-03-07,여자,30 - 39세,경상남도,일반판매,국외여행,청약철회
2023012692,2023-03-07,여자,30 - 39세,서울특별시,국내온라인거래,기타숙박시설,계약해제.해지/위약금
2023012694,2023-03-07,남자,30 - 39세,서울특별시,국내온라인거래,모뎀,청약철회
2023012695,2023-03-07,여자,30 - 39세,서울특별시,일반판매,실손보험,계약불이행(불완전이행)
2023012696,2023-03-07,여자,30 - 39세,서울특별시,소셜커머스(쇼핑),기타옥외장비·설비,품질(물품/용역)
2023012697,2023-03-07,여자,40 - 49세,경기도,모바일거래,펜션,계약불이행(불완전이행)
2023012698,2023-03-07,여자,30 - 39세,충청북도,국제온라인거래,항공여객운송서비스,계약해제.해지/위약금
2023012699,2023-03-07,남자,불명,인천광역시,국내온라인거래,핸드백,표시.광고
2023012700,2023-03-07,여자,30 - 39세,경기도,국내온라인거래,소파,품질(물품/용역)
2023012701,2023-03-07,여자,30 - 39세,경기도,일반판매,상조서비스,계약해제.해지/위약금
2023012702,2023-03-07,남자,20 - 29세,경기도,일반판매,헬스장,계약해제.해지/위약금
2023012703,2023-03-07,남자,40 - 49세,경기도,국내온라인거래,모바일정보이용서비스,계약해제.해지/위약금
2023012704,2023-03-07,여자,20 - 29세,대전광역시,일반판매,헬스장,청약철회
2023012705,2023-03-07,남자,불명,서울특별시,국제온라인거래,항공여객운송서비스,계약해제.해지/위약금
2023012706,2023-03-07,남자,50 - 59세,전라북도,전화권유판매,유사투자자문,청약철회
2023012707,2023-03-07,여자,65 - 69세,경기도,일반판매,건강(암·기타질병)보험,약관
2023012708,2023-03-07,남자,20 - 29세,경기도,일반판매,외식,안전(제품/시설)
2023012709,2023-03-07,남자,30 - 39세,서울특별시,국내온라인거래,호텔,계약불이행(불완전이행)
2023012710,2023-03-07,여자,50 - 59세,경기도,일반판매,점퍼·재킷류,품질(물품/용역)
2023012711,2023-03-07,남자,30 - 39세,서울특별시,국내온라인거래,양복(서양식 의복)세탁,계약불이행(불완전이행)
2023012712,2023-03-07,남자,60 - 64세,서울특별시,국내온라인거래,국외여행,계약해제.해지/위약금
2023012713,2023-03-07,여자,40 - 49세,충청남도,소셜커머스(쇼핑),책상,계약해제.해지/위약금
2023012714,2023-03-07,여자,70 - 79세,서울특별시,일반판매,모피·모피의류,품질(물품/용역)
2023012715,2023-03-07,남자,30 - 39세,서울특별시,전화권유판매,유사투자자문,계약해제.해지/위약금
2023012716,2023-03-07,여자,20 - 29세,서울특별시,일반판매,필라테스,계약해제.해지/위약금
2023012801,2023-03-07,남자,60 - 64세,경기도,일반판매,헬스장,계약해제.해지/위약금
2023012802,2023-03-07,남자,20 - 29세,경기도,전화권유판매,헬스장,계약해제.해지/위약금
2023012803,2023-03-07,여자,20 - 29세,부산광역시,일반판매,기타침대류,품질(물품/용역)
2023012804,2023-03-07,남자,30 - 39세,서울특별시,일반판매,신사복세트,품질(물품/용역)
2023012805,2023-03-07,여자,40 - 49세,대구광역시,일반판매,헬스장,계약해제.해지/위약금
2023012806,2023-03-07,여자,30 - 39세,경상남도,국내온라인거래,전기장판,품질(물품/용역)
2023012807,2023-03-07,남자,30 - 39세,경기도,국내온라인거래,전기장판,품질(물품/용역)
2023012808,2023-03-07,남자,40 - 49세,강원특별자치도,전화권유판매,유사투자자문,계약해제.해지/위약금
2023012809,2023-03-07,여자,40 - 49세,경기도,기타통신판매,전기포트,안전(제품/시설)
2023012810,2023-03-07,남자,40 - 49세,광주광역시,일반판매,헬스장,계약해제.해지/위약금
2023012811,2023-03-07,여자,30 - 39세,경기도,일반판매,자동차수리·점검,부당행위
2023012812,2023-03-07,여자,30 - 39세,경기도,방문판매,전기맛사지기,품질(물품/용역)
2023012813,2023-03-07,여자,40 - 49세,서울특별시,방문판매,기타조명기기,계약해제.해지/위약금
2023012814,2023-03-07,여자,40 - 49세,전라북도,국내온라인거래,조립완구,품질(물품/용역)
2023012815,2023-03-07,남자,30 - 39세,서울특별시,일반판매,양복(서양식 의복)세탁,품질(물품/용역)
2023012816,2023-03-07,여자,30 - 39세,인천광역시,일반판매,국내결혼중개,계약해제.해지/위약금
2023012817,2023-03-07,여자,30 - 39세,경기도,모바일거래,지갑,계약해제.해지/위약금
2023012818,2023-03-07,여자,50 - 59세,경기도,일반판매,냉장고,계약불이행(불완전이행)
2023012819,2023-03-07,여자,30 - 39세,서울특별시,국내온라인거래,침대,품질(물품/용역)
2023012820,2023-03-07,여자,50 - 59세,경상북도,전화권유판매,정수기대여(렌트),계약해제.해지/위약금
2023012821,2023-03-07,여자,30 - 39세,세종특별자치시,기타,음식물처리기대여(렌트),계약불이행(불완전이행)
2023012822,2023-03-07,남자,30 - 39세,서울특별시,모바일거래,건물청소서비스,계약불이행(불완전이행)
2023012824,2023-03-07,여자,불명,경상남도,국내온라인거래,기타문화·오락시설이용,계약해제.해지/위약금
2023012825,2023-03-07,여자,50 - 59세,서울특별시,일반판매,머플러,품질(물품/용역)
2023012826,2023-03-07,남자,50 - 59세,대전광역시,국내온라인거래,항공여객운송서비스,청약철회
2023012827,2023-03-07,남자,65 - 69세,서울특별시,기타,신경외과,품질(물품/용역)
2023012828,2023-03-07,남자,30 - 39세,인천광역시,소셜커머스(쇼핑),태블릿PC,품질(물품/용역)
2023012829,2023-03-07,남자,70 - 79세,부산광역시,기타,치과,가격.요금
2023012830,2023-03-07,여자,30 - 39세,경기도,국내온라인거래,원피스,계약불이행(불완전이행)
2023012831,2023-03-07,남자,불명,대구광역시,일반판매,캐주얼바지,품질(물품/용역)
2023012832,2023-03-07,남자,불명,서울특별시,국내온라인거래,신발세탁,품질(물품/용역)
2023012833,2023-03-07,여자,20 - 29세,경기도,일반판매,헬스장,계약해제.해지/위약금
2023012834,2023-03-07,여자,20 - 29세,경기도,일반판매,헬스장,계약해제.해지/위약금
2023012836,2023-03-07,남자,40 - 49세,경기도,일반판매,점퍼·재킷류,품질(물품/용역)
2023012837,2023-03-07,여자,20 - 29세,경기도,일반판매,미용서비스,계약불이행(불완전이행)
2023012838,2023-03-07,여자,30 - 39세,제주도,일반판매,예식서비스,계약해제.해지/위약금
2023012839,2023-03-07,여자,30 - 39세,울산광역시,국제온라인거래,기타숙박시설,청약철회
2023012840,2023-03-07,여자,30 - 39세,부산광역시,일반판매,양복(서양식 의복)세탁,품질(물품/용역)
2023012841,2023-03-07,여자,50 - 59세,경기도,국내온라인거래,원피스,품질(물품/용역)
2023012842,2023-03-07,남자,30 - 39세,경상남도,일반판매,기타의자류,안전(제품/시설)
2023012843,2023-03-07,여자,20 - 29세,경기도,일반판매,국외여행,계약불이행(불완전이행)
2023012844,2023-03-07,남자,70 - 79세,서울특별시,전화권유판매,인터넷정보이용서비스,계약해제.해지/위약금
2023012845,2023-03-07,여자,30 - 39세,서울특별시,일반판매,화장품세트,청약철회
2023012846,2023-03-07,여자,70 - 79세,서울특별시,일반판매,상조서비스,부당행위
2023012848,2023-03-07,여자,30 - 39세,서울특별시,일반판매,점퍼·재킷류,품질(물품/용역)
2023012850,2023-03-07,여자,65 - 69세,대전광역시,전화권유판매,기타일반화장품,계약해제.해지/위약금
2023012851,2023-03-07,여자,40 - 49세,서울특별시,국내온라인거래,원피스,표시.광고
2023012852,2023-03-07,여자,50 - 59세,인천광역시,국내온라인거래,양복(서양식 의복)세탁,품질(물품/용역)
2023012853,2023-03-07,남자,60 - 64세,서울특별시,일반판매,이동전화서비스,부당행위
2023012854,2023-03-07,남자,60 - 64세,경기도,모바일거래,인터넷게임서비스,부당행위
2023012855,2023-03-07,남자,65 - 69세,울산광역시,전화권유판매,유사투자자문,계약해제.해지/위약금
2023012856,2023-03-07,남자,50 - 59세,인천광역시,일반판매,실손보험,약관
2023012857,2023-03-07,여자,40 - 49세,서울특별시,기타,상품권,품질(물품/용역)
2023012858,2023-03-07,남자,30 - 39세,경기도,일반판매,양복(서양식 의복)세탁,품질(물품/용역)
2023012859,2023-03-07,여자,65 - 69세,경상북도,일반판매,건강(암·기타질병)보험,약관
2023012860,2023-03-07,남자,30 - 39세,경기도,일반판매,양복(서양식 의복)세탁,품질(물품/용역)
2023012861,2023-03-07,여자,40 - 49세,충청남도,국내온라인거래,기타가방,계약불이행(불완전이행)
2023012862,2023-03-07,남자,30 - 39세,서울특별시,일반판매,기타시계류,AS불만
2023012863,2023-03-07,여자,60 - 64세,인천광역시,국내온라인거래,코트,품질(물품/용역)
2023012865,2023-03-07,남자,30 - 39세,경상남도,국내온라인거래,어패류젓갈,안전(제품/시설)
2023012866,2023-03-07,여자,30 - 39세,서울특별시,국내온라인거래,항공여객운송서비스,계약불이행(불완전이행)
2023012867,2023-03-07,남자,불명,경기도,기타통신판매,노인복지,계약해제.해지/위약금
2023012868,2023-03-07,여자,40 - 49세,경기도,일반판매,전기장판,품질(물품/용역)
2023012901,2023-03-07,남자,40 - 49세,서울특별시,모바일거래,스마트폰,AS불만
2023012902,2023-03-07,여자,40 - 49세,경기도,국내온라인거래,식기세척기,청약철회
2023012903,2023-03-07,여자,20 - 29세,경기도,모바일거래,기타가방,청약철회
2023012904,2023-03-07,여자,10 - 19세,경기도,전화권유판매,포장이사운송서비스,품질(물품/용역)
2023012905,2023-03-07,여자,30 - 39세,경기도,국내온라인거래,숙녀복세트,청약철회
2023012906,2023-03-07,여자,50 - 59세,서울특별시,국내온라인거래,노트북컴퓨터,표시.광고
2023012907,2023-03-07,남자,40 - 49세,서울특별시,국내온라인거래,기타숙박시설,청약철회
2023012908,2023-03-07,남자,50 - 59세,인천광역시,국내온라인거래,브랜디,약관
2023012909,2023-03-07,여자,20 - 29세,경기도,국내온라인거래,코트,청약철회
2023012910,2023-03-07,여자,30 - 39세,대전광역시,전화권유판매,국내결혼중개,계약불이행(불완전이행)
2023012911,2023-03-07,여자,20 - 29세,광주광역시,모바일거래,기타가방,계약불이행(불완전이행)
2023012912,2023-03-07,남자,50 - 59세,부산광역시,모바일거래,성기능향상기기,계약해제.해지/위약금
2023012913,2023-03-07,남자,40 - 49세,인천광역시,국내온라인거래,캐주얼바지,계약불이행(불완전이행)
2023012914,2023-03-07,여자,30 - 39세,서울특별시,방문판매,사진촬영,계약해제.해지/위약금
2023012915,2023-03-07,여자,20 - 29세,서울특별시,국내온라인거래,기타공조·냉난방기기,계약해제.해지/위약금
2023012916,2023-03-07,남자,50 - 59세,충청북도,전화권유판매,기타정보통신,계약불이행(불완전이행)
2023012917,2023-03-07,남자,20 - 29세,인천광역시,전화권유판매,인터넷정보이용서비스,계약해제.해지/위약금
2023012918,2023-03-07,남자,50 - 59세,경기도,방문판매,영업용기계,AS불만
2023012919,2023-03-07,여자,30 - 39세,경상북도,모바일거래,헤어크림,품질(물품/용역)
2023012920,2023-03-07,여자,30 - 39세,인천광역시,일반판매,독서실이용,계약해제.해지/위약금
2023012921,2023-03-07,여자,30 - 39세,경기도,국내온라인거래,인쇄서비스,계약불이행(불완전이행)
2023012922,2023-03-07,여자,40 - 49세,경기도,국내온라인거래,호텔,계약해제.해지/위약금
2023012923,2023-03-07,남자,30 - 39세,서울특별시,국내온라인거래,펜션,청약철회
2023012924,2023-03-07,여자,30 - 39세,부산광역시,기타,일반강습(입시학원등),계약해제.해지/위약금
2023012925,2023-03-07,남자,30 - 39세,서울특별시,모바일거래,인쇄서비스,계약해제.해지/위약금
2023012926,2023-03-07,여자,50 - 59세,강원특별자치도,일반판매,인터폰,AS불만
2023012927,2023-03-07,여자,20 - 29세,인천광역시,기타,점퍼·재킷류,청약철회
2023012928,2023-03-07,남자,30 - 39세,경기도,일반판매,종합체육시설회원권,계약해제.해지/위약금
2023012929,2023-03-07,여자,40 - 49세,인천광역시,국내온라인거래,택배화물운송서비스,계약불이행(불완전이행)
2023012930,2023-03-07,남자,30 - 39세,인천광역시,일반판매,헬스장,계약해제.해지/위약금
2023012931,2023-03-07,여자,30 - 39세,울산광역시,국내온라인거래,기타가방,청약철회
2023012932,2023-03-07,여자,40 - 49세,경기도,일반판매,냄비,품질(물품/용역)
2023012933,2023-03-07,여자,30 - 39세,충청북도,모바일거래,모바일게임서비스,청약철회
2023012934,2023-03-07,여자,30 - 39세,서울특별시,국내온라인거래,서랍장,계약불이행(불완전이행)
2023012935,2023-03-07,여자,30 - 39세,서울특별시,기타,기타의료서비스,부당행위
2023012936,2023-03-07,여자,20 - 29세,서울특별시,소셜커머스(쇼핑),향수,품질(물품/용역)
2023012937,2023-03-07,남자,30 - 39세,경기도,국내온라인거래,스프링매트리스,품질(물품/용역)
2023012938,2023-03-07,여자,20 - 29세,충청남도,국내온라인거래,여성용내의류,청약철회
2023012939,2023-03-07,여자,40 - 49세,인천광역시,방문판매,소파,품질(물품/용역)
2023012940,2023-03-07,남자,30 - 39세,경기도,국내온라인거래,컴퓨터모니터(데스크탑),품질(물품/용역)
2023012941,2023-03-07,남자,10 - 19세,대구광역시,기타통신판매,모바일게임서비스,청약철회
2023012942,2023-03-07,남자,30 - 39세,서울특별시,기타,건물청소서비스,계약불이행(불완전이행)
2023012943,2023-03-07,남자,50 - 59세,인천광역시,일반판매,스마트폰,AS불만
2023012944,2023-03-07,여자,30 - 39세,부산광역시,일반판매,이동전화서비스,청약철회
2023012945,2023-03-07,남자,40 - 49세,인천광역시,방문판매,침대,계약불이행(불완전이행)
2023012946,2023-03-07,남자,40 - 49세,인천광역시,기타,변호서비스,계약해제.해지/위약금
2023012947,2023-03-07,여자,30 - 39세,인천광역시,일반판매,국내결혼중개,계약해제.해지/위약금
2023012948,2023-03-07,여자,20 - 29세,서울특별시,방문판매,헬스장,계약해제.해지/위약금
2023012949,2023-03-07,여자,30 - 39세,서울특별시,국내온라인거래,숙녀화(구두·부츠 등),청약철회
2023012950,2023-03-07,여자,40 - 49세,경기도,방문판매,기타인테리어설비,계약불이행(불완전이행)
2023012951,2023-03-07,여자,30 - 39세,부산광역시,일반판매,전기장판,안전(제품/시설)
2023012952,2023-03-07,여자,30 - 39세,경기도,모바일거래,신변용품·악세서리대여(렌트),청약철회
2023012953,2023-03-07,여자,20 - 29세,서울특별시,기타,필라테스,계약해제.해지/위약금
2023012954,2023-03-07,남자,40 - 49세,서울특별시,방문판매,포장이사운송서비스,품질(물품/용역)
2023012955,2023-03-07,여자,30 - 39세,서울특별시,기타,양복(서양식 의복)세탁,청약철회
2023012956,2023-03-07,여자,30 - 39세,대전광역시,방문판매,필라테스,계약해제.해지/위약금
2023012957,2023-03-07,남자,30 - 39세,인천광역시,일반판매,남성용한복,청약철회
2023012958,2023-03-07,남자,30 - 39세,경기도,방문판매,헬스장,계약해제.해지/위약금
2023012959,2023-03-07,남자,20 - 29세,부산광역시,기타통신판매,이동전화서비스,계약불이행(불완전이행)
2023012960,2023-03-07,남자,30 - 39세,서울특별시,일반판매,미용서비스,품질(물품/용역)
2023012961,2023-03-07,여자,50 - 59세,부산광역시,일반판매,필라테스,계약해제.해지/위약금
2023012962,2023-03-07,남자,30 - 39세,서울특별시,방문판매,결혼준비대행서비스,계약해제.해지/위약금
2023012963,2023-03-07,여자,40 - 49세,경기도,국내온라인거래,핸드백,품질(물품/용역)
2023012964,2023-03-07,남자,30 - 39세,서울특별시,기타,항공여객운송서비스,품질(물품/용역)
2023012965,2023-03-07,남자,30 - 39세,대구광역시,국내온라인거래,기타컴퓨터·주변기기,청약철회
2023012966,2023-03-07,여자,60 - 64세,경기도,일반판매,가스보일러,AS불만
2023012967,2023-03-07,여자,30 - 39세,경기도,국내온라인거래,항공여객운송서비스,계약해제.해지/위약금
2023012968,2023-03-07,여자,30 - 39세,부산광역시,기타통신판매,요가,계약해제.해지/위약금
2023012969,2023-03-07,여자,30 - 39세,경기도,기타,프라이팬,품질(물품/용역)
2023012970,2023-03-07,여자,30 - 39세,경기도,국내온라인거래,꽃·화초·화환,청약철회
2023012971,2023-03-07,여자,60 - 64세,인천광역시,전화권유판매,헬스장,계약해제.해지/위약금
2023012972,2023-03-07,여자,50 - 59세,대구광역시,기타,사진촬영,계약해제.해지/위약금
2023012973,2023-03-07,남자,20 - 29세,서울특별시,방문판매,헬스장,계약해제.해지/위약금
2023012974,2023-03-07,남자,50 - 59세,경기도,모바일거래,옷장,계약해제.해지/위약금
2023012975,2023-03-07,여자,40 - 49세,대전광역시,기타,공중목욕탕,안전(제품/시설)
2023012976,2023-03-07,여자,30 - 39세,강원특별자치도,기타,일반강습(입시학원등),계약해제.해지/위약금
2023012978,2023-03-07,남자,30 - 39세,광주광역시,국내온라인거래,카메라,품질(물품/용역)
2023012979,2023-03-07,남자,20 - 29세,서울특별시,방문판매,헬스장,계약해제.해지/위약금
2023012982,2023-03-08,여자,30 - 39세,경기도,일반판매,기타세탁서비스,부당행위
2023012984,2023-03-08,남자,40 - 49세,인천광역시,모바일거래,자동차대여(렌트),부당행위
2023012985,2023-03-08,남자,40 - 49세,경상남도,일반판매,대형승용자동차,품질(물품/용역)
2023012986,2023-03-08,여자,30 - 39세,광주광역시,일반판매,예식서비스,청약철회
2023012987,2023-03-08,여자,30 - 39세,서울특별시,일반판매,필라테스,계약해제.해지/위약금
2023012988,2023-03-08,남자,40 - 49세,경기도,일반판매,기타인테리어설비,AS불만
2023012990,2023-03-08,남자,30 - 39세,인천광역시,소셜커머스(쇼핑),블루투스스피커,AS불만
2023012991,2023-03-08,여자,40 - 49세,대전광역시,전화권유판매,유사투자자문,청약철회
2023012992,2023-03-08,남자,50 - 59세,인천광역시,방문판매,콘도회원권,계약해제.해지/위약금
2023012993,2023-03-08,남자,40 - 49세,광주광역시,국내온라인거래,아동복,청약철회
2023012994,2023-03-08,여자,30 - 39세,서울특별시,일반판매,타이어,부당행위
2023012995,2023-03-08,여자,30 - 39세,서울특별시,기타통신판매,건물청소서비스,계약해제.해지/위약금
2023012996,2023-03-08,남자,50 - 59세,경상북도,소셜커머스(쇼핑),티셔츠,청약철회
2023012997,2023-03-08,여자,20 - 29세,서울특별시,국내온라인거래,캐주얼바지,품질(물품/용역)
2023012998,2023-03-08,남자,30 - 39세,경상북도,일반판매,대형승용자동차,안전(제품/시설)
2023012999,2023-03-08,남자,40 - 49세,서울특별시,일반판매,중형승용자동차,계약불이행(불완전이행)
2023013001,2023-03-08,여자,20 - 29세,서울특별시,일반판매,헬스장,계약해제.해지/위약금
2023013002,2023-03-08,남자,30 - 39세,서울특별시,기타통신판매,시스템에어컨,AS불만
2023013003,2023-03-08,남자,30 - 39세,부산광역시,국내온라인거래,점퍼·재킷류,품질(물품/용역)
2023013005,2023-03-08,남자,40 - 49세,서울특별시,일반판매,예식서비스,계약해제.해지/위약금
2023013006,2023-03-08,남자,20 - 29세,서울특별시,모바일거래,카셰어링,부당행위
2023013007,2023-03-08,여자,30 - 39세,경기도,일반판매,캐주얼바지,품질(물품/용역)
2023013008,2023-03-08,여자,30 - 39세,서울특별시,국내온라인거래,원피스,청약철회
2023013010,2023-03-08,남자,30 - 39세,충청남도,방문판매,콘도회원권,계약해제.해지/위약금
2023013011,2023-03-08,여자,20 - 29세,서울특별시,국내온라인거래,블라인드,청약철회
2023013012,2023-03-08,남자,50 - 59세,서울특별시,TV홈쇼핑,기타일반화장품,품질(물품/용역)
2023013013,2023-03-08,여자,50 - 59세,경기도,방문판매,공기청정기대여(렌트),품질(물품/용역)
2023013014,2023-03-08,여자,30 - 39세,서울특별시,일반판매,국내결혼중개,계약해제.해지/위약금
2023013015,2023-03-08,남자,50 - 59세,광주광역시,방문판매,건강(암·기타질병)보험,계약불이행(불완전이행)
2023013016,2023-03-08,여자,50 - 59세,경기도,모바일거래,자동차대여(렌트),약관
2023013017,2023-03-08,여자,20 - 29세,세종특별자치시,국내온라인거래,미분류대여(렌트),계약불이행(불완전이행)
2023013018,2023-03-08,남자,30 - 39세,충청남도,일반판매,헬스장,계약해제.해지/위약금
2023013019,2023-03-08,여자,30 - 39세,울산광역시,일반판매,필라테스,계약해제.해지/위약금
2023013020,2023-03-08,여자,30 - 39세,서울특별시,국내온라인거래,항공여객운송서비스,계약해제.해지/위약금
2023013022,2023-03-08,남자,40 - 49세,광주광역시,일반판매,중고자동차중개·매매,계약불이행(불완전이행)
2023013023,2023-03-08,남자,50 - 59세,광주광역시,일반판매,국내결혼중개,계약해제.해지/위약금
2023013024,2023-03-08,남자,30 - 39세,경기도,국내온라인거래,국외여행,계약불이행(불완전이행)
2023013025,2023-03-08,여자,20 - 29세,경기도,일반판매,헬스장,계약불이행(불완전이행)
2023013026,2023-03-08,여자,30 - 39세,경상남도,국내온라인거래,모니터,청약철회
2023013027,2023-03-08,여자,30 - 39세,서울특별시,일반판매,필라테스,계약해제.해지/위약금
2023013028,2023-03-08,남자,40 - 49세,전라남도,국내온라인거래,서랍장,청약철회
2023013029,2023-03-08,여자,20 - 29세,경상남도,일반판매,헬스장,계약해제.해지/위약금
2023013030,2023-03-08,여자,30 - 39세,경기도,일반판매,이동전화서비스,계약해제.해지/위약금
2023013032,2023-03-08,여자,50 - 59세,인천광역시,일반판매,점퍼·재킷류,품질(물품/용역)
2023013033,2023-03-08,남자,40 - 49세,충청북도,국내온라인거래,항공여객운송서비스,계약불이행(불완전이행)
2023013034,2023-03-08,여자,65 - 69세,부산광역시,일반판매,빵,품질(물품/용역)
2023013035,2023-03-08,여자,불명,경기도,국내온라인거래,국외여행,계약해제.해지/위약금
2023013036,2023-03-08,여자,40 - 49세,경기도,일반판매,기타어패류·어패류가공식품,품질(물품/용역)
2023013037,2023-03-08,여자,30 - 39세,경상북도,모바일거래,모바일게임서비스,청약철회
2023013038,2023-03-08,여자,20 - 29세,경상북도,일반판매,헬스장,계약해제.해지/위약금
2023013039,2023-03-08,여자,30 - 39세,서울특별시,국내온라인거래,사진촬영,계약불이행(불완전이행)
2023013040,2023-03-08,남자,40 - 49세,강원특별자치도,일반판매,기타자동차용품,계약불이행(불완전이행)
2023013041,2023-03-08,여자,20 - 29세,서울특별시,일반판매,골프회원권,계약해제.해지/위약금
2023013042,2023-03-08,여자,30 - 39세,경기도,국내온라인거래,기타사설강습서비스,계약해제.해지/위약금
2023013043,2023-03-08,여자,50 - 59세,부산광역시,기타통신판매,미분류대여(렌트),계약해제.해지/위약금
2023013044,2023-03-08,여자,30 - 39세,인천광역시,일반판매,양복(서양식 의복)세탁,품질(물품/용역)
2023013045,2023-03-08,여자,30 - 39세,경기도,국내온라인거래,니트(스웨터),청약철회
2023013046,2023-03-08,남자,30 - 39세,서울특별시,일반판매,니트(스웨터),품질(물품/용역)
2023013047,2023-03-08,남자,30 - 39세,서울특별시,방문판매,결혼준비대행서비스,계약해제.해지/위약금
2023013048,2023-03-08,여자,30 - 39세,인천광역시,국내온라인거래,기타신변용품,계약불이행(불완전이행)
2023013049,2023-03-08,여자,50 - 59세,서울특별시,국내온라인거래,인터넷정보이용서비스,계약해제.해지/위약금
2023013050,2023-03-08,남자,65 - 69세,서울특별시,일반판매,상해보험,약관
2023013051,2023-03-08,여자,30 - 39세,경기도,일반판매,헬스장,계약해제.해지/위약금
2023013052,2023-03-08,남자,70 - 79세,충청북도,일반판매,건강(암·기타질병)보험,약관
2023013053,2023-03-08,남자,60 - 64세,충청북도,국내온라인거래,온풍기,품질(물품/용역)
2023013054,2023-03-08,남자,30 - 39세,경상북도,일반판매,기타자동차용품,품질(물품/용역)
2023013055,2023-03-08,남자,50 - 59세,부산광역시,일반판매,대형승용자동차,품질(물품/용역)
2023013056,2023-03-08,여자,40 - 49세,경기도,모바일거래,미술전시관람,계약해제.해지/위약금
2023013057,2023-03-08,여자,20 - 29세,서울특별시,국내온라인거래,스커트,청약철회
2023013058,2023-03-08,여자,65 - 69세,인천광역시,노상판매,기타방문·통신교육서비스,계약해제.해지/위약금
2023013059,2023-03-08,남자,30 - 39세,전라북도,국내온라인거래,양복(서양식 의복)세탁,품질(물품/용역)
2023013060,2023-03-08,남자,40 - 49세,경기도,소셜커머스(쇼핑),신사화(구두·부츠 등),청약철회
2023013061,2023-03-08,여자,40 - 49세,경기도,기타통신판매,포장이사운송서비스,품질(물품/용역)
2023013062,2023-03-08,여자,50 - 59세,제주도,방문판매,국외여행,계약해제.해지/위약금
2023013063,2023-03-08,남자,30 - 39세,인천광역시,방문판매,실손보험,계약불이행(불완전이행)
2023013064,2023-03-08,남자,40 - 49세,세종특별자치시,전화권유판매,콘도회원권,계약해제.해지/위약금
2023013065,2023-03-08,남자,50 - 59세,제주도,일반판매,안경·안경테,청약철회
2023013066,2023-03-08,남자,65 - 69세,경기도,기타,정수기대여(렌트),계약해제.해지/위약금
2023013067,2023-03-08,여자,65 - 69세,서울특별시,전화권유판매,유사투자자문,청약철회
2023013068,2023-03-08,여자,30 - 39세,서울특별시,일반판매,사진촬영,품질(물품/용역)
2023013069,2023-03-08,여자,50 - 59세,서울특별시,일반판매,점퍼·재킷류,품질(물품/용역)
2023013070,2023-03-08,남자,50 - 59세,경상남도,국내온라인거래,스마트폰,계약해제.해지/위약금
2023013071,2023-03-08,남자,30 - 39세,서울특별시,일반판매,헬스장,계약해제.해지/위약금
2023013073,2023-03-08,여자,50 - 59세,부산광역시,국내온라인거래,인터넷교육서비스,계약해제.해지/위약금
2023013074,2023-03-08,여자,30 - 39세,경기도,기타통신판매,인터넷전화,부당행위
2023013075,2023-03-08,남자,20 - 29세,경기도,방문판매,자격증교재,계약불이행(불완전이행)
2023013076,2023-03-08,남자,70 - 79세,광주광역시,기타,초고속인터넷,계약불이행(불완전이행)
2023013077,2023-03-08,남자,70 - 79세,인천광역시,기타,가스보일러,AS불만
2023013078,2023-03-08,남자,65 - 69세,인천광역시,국내온라인거래,비디오카메라,품질(물품/용역)
2023013079,2023-03-08,여자,30 - 39세,경기도,일반판매,결혼준비대행서비스,계약해제.해지/위약금
2023013080,2023-03-08,여자,50 - 59세,경상북도,일반판매,건강(암·기타질병)보험,약관
2023013081,2023-03-08,여자,70 - 79세,서울특별시,국내온라인거래,운동화,계약불이행(불완전이행)
2023013082,2023-03-08,여자,40 - 49세,광주광역시,기타,기타교육서비스,계약해제.해지/위약금
2023013083,2023-03-08,남자,50 - 59세,서울특별시,일반판매,중형승용자동차,품질(물품/용역)
2023013084,2023-03-08,여자,50 - 59세,서울특별시,일반판매,묘지설비,계약해제.해지/위약금
2023013085,2023-03-08,남자,60 - 64세,광주광역시,일반판매,양복(서양식 의복)세탁,품질(물품/용역)
2023013086,2023-03-08,남자,70 - 79세,서울특별시,방문판매,소파,청약철회
2023013087,2023-03-08,여자,20 - 29세,서울특별시,모바일거래,교통카드,계약불이행(불완전이행)
2023013088,2023-03-08,여자,20 - 29세,경기도,국내온라인거래,초콜릿,계약불이행(불완전이행)
2023013089,2023-03-08,남자,30 - 39세,전라북도,일반판매,성형외과,품질(물품/용역)
2023013090,2023-03-08,남자,65 - 69세,부산광역시,일반판매,치과,품질(물품/용역)
2023013091,2023-03-08,여자,30 - 39세,경기도,방문판매,공기청정기,청약철회
2023013092,2023-03-08,여자,40 - 49세,충청남도,일반판매,매트,품질(물품/용역)
2023013101,2023-03-08,여자,40 - 49세,울산광역시,소셜커머스(쇼핑),펜션,계약해제.해지/위약금
2023013102,2023-03-08,여자,50 - 59세,경기도,국내온라인거래,국외여행,계약해제.해지/위약금
2023013103,2023-03-08,여자,20 - 29세,경기도,국내온라인거래,외국어강습,계약해제.해지/위약금
2023013104,2023-03-08,남자,20 - 29세,대전광역시,국내온라인거래,기타가구,청약철회
2023013105,2023-03-08,남자,30 - 39세,인천광역시,기타,결혼준비대행서비스,계약해제.해지/위약금
2023013106,2023-03-08,여자,40 - 49세,경기도,방문판매,인터넷교육서비스,계약해제.해지/위약금
2023013107,2023-03-08,남자,65 - 69세,서울특별시,기타통신판매,페인트,청약철회
2023013108,2023-03-08,여자,50 - 59세,경기도,국내온라인거래,전기맛사지기,청약철회
2023013109,2023-03-08,남자,30 - 39세,서울특별시,모바일거래,예식서비스,계약해제.해지/위약금
2023013110,2023-03-08,여자,30 - 39세,서울특별시,전화권유판매,기타정보이용서비스,계약불이행(불완전이행)
2023013111,2023-03-08,남자,40 - 49세,서울특별시,기타,스낵과자,품질(물품/용역)
2023013112,2023-03-08,남자,50 - 59세,전라남도,국내온라인거래,기타숙박시설,가격.요금
2023013113,2023-03-08,여자,20 - 29세,서울특별시,모바일거래,호텔,계약해제.해지/위약금
2023013114,2023-03-08,여자,20 - 29세,인천광역시,전화권유판매,국내결혼중개,계약해제.해지/위약금
2023013115,2023-03-08,남자,40 - 49세,경기도,기타,국외여행,표시.광고
2023013116,2023-03-08,여자,60 - 64세,대전광역시,일반판매,공중목욕탕,계약불이행(불완전이행)
2023013117,2023-03-08,여자,20 - 29세,경기도,방문판매,필라테스,계약해제.해지/위약금
2023013118,2023-03-08,남자,20 - 29세,경기도,일반판매,헬스장,계약해제.해지/위약금
2023013119,2023-03-08,남자,60 - 64세,경기도,일반판매,노트북컴퓨터,부당행위
2023013120,2023-03-08,남자,40 - 49세,서울특별시,기타,기타인테리어설비,계약불이행(불완전이행)
2023013121,2023-03-08,남자,30 - 39세,서울특별시,일반판매,"연회서비스(돌잔치,회갑 등)",계약해제.해지/위약금
2023013122,2023-03-08,여자,30 - 39세,경기도,TV홈쇼핑,국외여행,계약불이행(불완전이행)
2023013123,2023-03-08,여자,30 - 39세,대구광역시,일반판매,필라테스,계약해제.해지/위약금
2023013124,2023-03-08,남자,20 - 29세,충청남도,일반판매,스포츠시설이용,계약해제.해지/위약금
2023013125,2023-03-08,남자,30 - 39세,서울특별시,기타,헬스장,계약해제.해지/위약금
2023013126,2023-03-08,여자,30 - 39세,경기도,방문판매,필라테스,계약해제.해지/위약금
2023013127,2023-03-08,여자,20 - 29세,전라북도,국내온라인거래,항공여객운송서비스,계약해제.해지/위약금
2023013128,2023-03-08,여자,30 - 39세,울산광역시,일반판매,필라테스,계약해제.해지/위약금
2023013129,2023-03-08,여자,30 - 39세,서울특별시,국내온라인거래,기타부엌소모품,품질(물품/용역)
2023013130,2023-03-08,남자,30 - 39세,경기도,모바일거래,봉지면,청약철회
2023013131,2023-03-08,여자,20 - 29세,서울특별시,일반판매,필라테스,계약해제.해지/위약금
2023013132,2023-03-08,여자,30 - 39세,서울특별시,방문판매,기타가구,청약철회
2023013133,2023-03-08,남자,30 - 39세,서울특별시,국내온라인거래,전기장판,AS불만
2023013134,2023-03-08,남자,30 - 39세,충청남도,모바일거래,모바일게임서비스,부당행위
2023013135,2023-03-08,여자,20 - 29세,서울특별시,국내온라인거래,기타숙박시설,계약해제.해지/위약금
2023013136,2023-03-08,남자,30 - 39세,서울특별시,일반판매,외국어강습,계약해제.해지/위약금
2023013137,2023-03-08,여자,30 - 39세,경기도,국내온라인거래,응접테이블,품질(물품/용역)
2023013138,2023-03-08,남자,50 - 59세,부산광역시,방문판매,식탁,품질(물품/용역)
2023013139,2023-03-08,남자,20 - 29세,경기도,일반판매,헬스장,계약해제.해지/위약금
2023013140,2023-03-08,남자,30 - 39세,인천광역시,국내온라인거래,애완고양이,계약해제.해지/위약금
2023013141,2023-03-08,남자,50 - 59세,경기도,기타,경비·관리서비스,부당행위
2023013142,2023-03-08,여자,20 - 29세,인천광역시,국내온라인거래,시계,계약불이행(불완전이행)
2023013143,2023-03-08,남자,20 - 29세,서울특별시,국내온라인거래,스웨터,청약철회
2023013144,2023-03-08,남자,50 - 59세,경기도,기타,기타행정서비스,계약해제.해지/위약금
2023013145,2023-03-08,여자,30 - 39세,서울특별시,기타,초고속인터넷,계약해제.해지/위약금
2023013146,2023-03-08,남자,40 - 49세,세종특별자치시,기타,국내결혼중개,계약해제.해지/위약금
2023013147,2023-03-08,여자,50 - 59세,광주광역시,소셜커머스(쇼핑),냉장고,AS불만
2023013148,2023-03-08,남자,20 - 29세,서울특별시,소셜커머스(쇼핑),헤드폰·이어폰,AS불만
2023013149,2023-03-08,여자,30 - 39세,경기도,국내온라인거래,소파,이자.수수료
2023013150,2023-03-08,여자,40 - 49세,경상북도,소셜커머스(쇼핑),인터넷공유기,청약철회
2023013151,2023-03-08,남자,30 - 39세,서울특별시,방문판매,헬스장,계약해제.해지/위약금
2023013152,2023-03-08,남자,50 - 59세,서울특별시,방문판매,콘도회원권,계약해제.해지/위약금
2023013153,2023-03-08,여자,30 - 39세,서울특별시,일반판매,기타사설강습서비스,계약해제.해지/위약금
2023013154,2023-03-08,남자,30 - 39세,경상남도,국내온라인거래,국외여행,계약해제.해지/위약금
2023013155,2023-03-08,여자,30 - 39세,부산광역시,국내온라인거래,기타가구,품질(물품/용역)
2023013156,2023-03-08,여자,40 - 49세,제주도,일반판매,미용서비스,계약불이행(불완전이행)
2023013157,2023-03-08,여자,40 - 49세,서울특별시,모바일거래,호텔,청약철회
2023013158,2023-03-08,여자,30 - 39세,경기도,기타,필라테스,계약해제.해지/위약금
2023013159,2023-03-08,여자,30 - 39세,경기도,일반판매,정수기,AS불만
2023013160,2023-03-08,남자,20 - 29세,부산광역시,기타,시계,계약해제.해지/위약금
2023013161,2023-03-08,남자,30 - 39세,부산광역시,국내온라인거래,항공여객운송서비스,계약불이행(불완전이행)
2023013162,2023-03-08,남자,50 - 59세,부산광역시,소셜커머스(쇼핑),모바일정보이용서비스,계약해제.해지/위약금
2023013163,2023-03-08,여자,40 - 49세,서울특별시,방문판매,오토바이,청약철회
2023013164,2023-03-08,남자,30 - 39세,강원특별자치도,기타,초고속인터넷,부당행위
2023013165,2023-03-08,남자,40 - 49세,경기도,기타,택배화물운송서비스,가격.요금
2023013166,2023-03-08,여자,30 - 39세,서울특별시,기타,미용서비스,부당행위
2023013167,2023-03-08,남자,20 - 29세,경기도,노상판매,버스여객운송서비스,계약불이행(불완전이행)
2023013168,2023-03-08,여자,20 - 29세,경상북도,모바일거래,이동전화서비스,표시.광고
2023013169,2023-03-08,남자,40 - 49세,서울특별시,일반판매,기타인테리어설비,계약해제.해지/위약금
2023013170,2023-03-08,남자,30 - 39세,경기도,국내온라인거래,기타신발·용품,청약철회
2023013171,2023-03-08,여자,65 - 69세,서울특별시,기타,택배화물운송서비스,계약불이행(불완전이행)
2023013172,2023-03-08,남자,40 - 49세,부산광역시,전화권유판매,인터넷정보이용서비스,계약해제.해지/위약금
2023013173,2023-03-08,남자,40 - 49세,경기도,방문판매,국가자격(능력)시험,계약해제.해지/위약금
2023013174,2023-03-08,여자,60 - 64세,서울특별시,국내온라인거래,공기청정기대여(렌트),품질(물품/용역)
2023013175,2023-03-08,여자,40 - 49세,경기도,모바일거래,모바일게임서비스,청약철회
2023013176,2023-03-08,여자,30 - 39세,인천광역시,기타,포장이사운송서비스,부당행위
2023013177,2023-03-08,여자,20 - 29세,경상북도,모바일거래,여행용가방,청약철회
2023013178,2023-03-08,여자,30 - 39세,경기도,일반판매,예식서비스,계약해제.해지/위약금
2023013179,2023-03-08,여자,30 - 39세,인천광역시,일반판매,헤어드라이어,계약불이행(불완전이행)
2023013180,2023-03-08,여자,30 - 39세,부산광역시,전화권유판매,인터넷교육서비스,계약해제.해지/위약금
2023013181,2023-03-08,남자,30 - 39세,부산광역시,국내온라인거래,기타컴퓨터·주변기기,AS불만
2023013182,2023-03-08,여자,20 - 29세,서울특별시,국내온라인거래,항공여객운송서비스,청약철회
2023013183,2023-03-09,남자,50 - 59세,경상남도,기타,스마트폰,품질(물품/용역)
2023013184,2023-03-09,여자,30 - 39세,서울특별시,모바일거래,각종공연관람,품질(물품/용역)
2023013185,2023-03-09,남자,30 - 39세,제주도,일반판매,택배화물운송서비스,계약불이행(불완전이행)
2023013186,2023-03-09,여자,50 - 59세,서울특별시,일반판매,정수기대여(렌트),계약불이행(불완전이행)
2023013187,2023-03-09,남자,30 - 39세,서울특별시,전화권유판매,인터넷정보이용서비스,계약해제.해지/위약금
2023013189,2023-03-09,남자,65 - 69세,경기도,방문판매,인터넷정보이용서비스,계약해제.해지/위약금
2023013190,2023-03-09,여자,40 - 49세,부산광역시,일반판매,옷장,품질(물품/용역)
2023013191,2023-03-09,남자,30 - 39세,경기도,국내온라인거래,메모리,품질(물품/용역)
2023013192,2023-03-09,여자,40 - 49세,경기도,국내온라인거래,신유형상품권,약관
2023013193,2023-03-09,여자,50 - 59세,부산광역시,방문판매,인터넷교육서비스,계약해제.해지/위약금
2023013195,2023-03-09,남자,60 - 64세,서울특별시,일반판매,소형승용자동차,품질(물품/용역)
2023013196,2023-03-09,남자,30 - 39세,경기도,국내온라인거래,스마트폰,AS불만
2023013197,2023-03-09,남자,40 - 49세,서울특별시,일반판매,중형승용자동차,품질(물품/용역)
2023013198,2023-03-09,남자,20 - 29세,인천광역시,일반판매,카셰어링,부당행위
2023013199,2023-03-09,남자,30 - 39세,경기도,국내온라인거래,항공여객운송서비스,청약철회
2023013200,2023-03-09,남자,40 - 49세,경기도,국내온라인거래,"OTT서비스(넷플릭스,왓챠 등)",계약해제.해지/위약금
2023013201,2023-03-09,남자,30 - 39세,전라북도,일반판매,헬스장,계약해제.해지/위약금
2023013202,2023-03-09,남자,30 - 39세,경기도,소셜커머스(쇼핑),전기장판,품질(물품/용역)
2023013203,2023-03-09,남자,20 - 29세,서울특별시,국내온라인거래,양복(서양식 의복)세탁,품질(물품/용역)
2023013204,2023-03-09,남자,60 - 64세,부산광역시,일반판매,오토바이,품질(물품/용역)
2023013205,2023-03-09,남자,50 - 59세,경상북도,기타통신판매,포장이사운송서비스,품질(물품/용역)
2023013206,2023-03-09,여자,20 - 29세,서울특별시,기타,기타이·미용서비스,품질(물품/용역)
2023013207,2023-03-09,여자,50 - 59세,대전광역시,일반판매,전기자동차,안전(제품/시설)
2023013208,2023-03-09,남자,30 - 39세,대구광역시,일반판매,양복(서양식 의복)세탁,품질(물품/용역)
2023013210,2023-03-09,여자,40 - 49세,대구광역시,모바일거래,점퍼·재킷류,계약불이행(불완전이행)
2023013211,2023-03-09,남자,40 - 49세,충청남도,일반판매,스마트폰,AS불만
2023013212,2023-03-09,남자,40 - 49세,서울특별시,일반판매,기타인테리어설비,AS불만
2023013213,2023-03-09,여자,50 - 59세,충청북도,다단계판매,국외여행,계약해제.해지/위약금
2023013214,2023-03-09,남자,30 - 39세,서울특별시,국내온라인거래,스마트폰,품질(물품/용역)
2023013215,2023-03-09,남자,60 - 64세,경상북도,일반판매,국외여행,계약불이행(불완전이행)
2023013216,2023-03-09,여자,50 - 59세,전라북도,모바일거래,모바일정보이용서비스,계약해제.해지/위약금
2023013217,2023-03-09,여자,20 - 29세,경상남도,모바일거래,호텔,계약해제.해지/위약금
2023013218,2023-03-09,남자,50 - 59세,경기도,일반판매,자동차수리·점검,부당행위
2023013219,2023-03-09,여자,70 - 79세,충청남도,일반판매,음식물처리기대여(렌트),계약해제.해지/위약금
2023013220,2023-03-09,여자,70 - 79세,대전광역시,기타통신판매,티셔츠,품질(물품/용역)
2023013221,2023-03-09,남자,60 - 64세,세종특별자치시,일반판매,음식물처리기대여(렌트),AS불만
2023013222,2023-03-09,남자,50 - 59세,서울특별시,국내온라인거래,침대,계약불이행(불완전이행)
2023013223,2023-03-09,남자,30 - 39세,전라북도,일반판매,점퍼·재킷류,품질(물품/용역)
2023013224,2023-03-09,남자,30 - 39세,경상남도,일반판매,국외여행,계약해제.해지/위약금
2023013226,2023-03-09,남자,60 - 64세,경기도,소셜커머스(쇼핑),가스에어컨,청약철회
2023013228,2023-03-09,여자,20 - 29세,경기도,일반판매,피부·체형관리서비스,계약해제.해지/위약금
2023013229,2023-03-09,남자,50 - 59세,대구광역시,국내온라인거래,호텔,계약불이행(불완전이행)
2023013230,2023-03-09,남자,70 - 79세,경기도,전화권유판매,모바일정보이용서비스,계약해제.해지/위약금
2023013231,2023-03-09,여자,65 - 69세,서울특별시,방문판매,연금보험,계약불이행(불완전이행)
2023013232,2023-03-09,남자,40 - 49세,광주광역시,국내온라인거래,기타숙박시설,계약해제.해지/위약금
2023013233,2023-03-09,여자,30 - 39세,서울특별시,국내온라인거래,우산,청약철회
2023013234,2023-03-09,여자,30 - 39세,서울특별시,일반판매,헬스장,계약해제.해지/위약금
2023013235,2023-03-09,남자,50 - 59세,충청북도,일반판매,중형승용자동차,품질(물품/용역)
2023013236,2023-03-09,남자,30 - 39세,울산광역시,기타통신판매,기타숙박시설,품질(물품/용역)
2023013238,2023-03-09,여자,40 - 49세,인천광역시,기타통신판매,외식,부당행위
2023013239,2023-03-09,남자,50 - 59세,충청남도,전화권유판매,모바일정보이용서비스,계약불이행(불완전이행)
2023013240,2023-03-09,여자,40 - 49세,경기도,국내온라인거래,각종공연관람,계약해제.해지/위약금
2023013241,2023-03-09,남자,20 - 29세,서울특별시,국내온라인거래,양복(서양식 의복)세탁,품질(물품/용역)
2023013242,2023-03-09,남자,60 - 64세,제주도,일반판매,드라이버,품질(물품/용역)
2023013243,2023-03-09,남자,50 - 59세,경상북도,일반판매,외식,계약불이행(불완전이행)
2023013244,2023-03-09,남자,40 - 49세,부산광역시,국내온라인거래,호텔,계약해제.해지/위약금
2023013245,2023-03-09,여자,30 - 39세,인천광역시,국내온라인거래,원피스,품질(물품/용역)
2023013246,2023-03-09,남자,10 - 19세,대전광역시,일반판매,스프링매트리스,품질(물품/용역)
2023013247,2023-03-09,여자,40 - 49세,강원특별자치도,방문판매,기타의료용구,안전(제품/시설)
2023013248,2023-03-09,여자,20 - 29세,경기도,국내온라인거래,인터넷정보이용서비스,부당행위
2023013249,2023-03-09,남자,70 - 79세,경기도,일반판매,종합체육시설회원권,계약불이행(불완전이행)
2023013250,2023-03-09,남자,40 - 49세,인천광역시,국내온라인거래,의료용구대여(렌트),계약해제.해지/위약금
2023013251,2023-03-09,여자,30 - 39세,서울특별시,일반판매,종합체육시설회원권,계약해제.해지/위약금
2023013252,2023-03-09,여자,20 - 29세,경기도,국내온라인거래,니트(스웨터),청약철회
2023013254,2023-03-09,여자,50 - 59세,경기도,기타,이동전화서비스,계약불이행(불완전이행)
2023013255,2023-03-09,여자,20 - 29세,충청남도,국내온라인거래,핸드백,계약불이행(불완전이행)
2023013256,2023-03-09,여자,70 - 79세,서울특별시,국내온라인거래,코트,품질(물품/용역)
2023013257,2023-03-09,여자,30 - 39세,경기도,일반판매,예식서비스,계약해제.해지/위약금
2023013258,2023-03-09,여자,50 - 59세,서울특별시,일반판매,침대,계약해제.해지/위약금
2023013259,2023-03-09,남자,50 - 59세,서울특별시,모바일거래,전동킥보드,품질(물품/용역)
2023013260,2023-03-09,남자,50 - 59세,전라북도,국내온라인거래,모바일게임서비스,계약불이행(불완전이행)
2023013261,2023-03-09,여자,30 - 39세,부산광역시,방문판매,기타유아용승용물,품질(물품/용역)
2023013262,2023-03-09,여자,40 - 49세,서울특별시,일반판매,요가,계약해제.해지/위약금
2023013263,2023-03-09,여자,50 - 59세,경상남도,국내온라인거래,기타채소·채소가공식품,품질(물품/용역)
2023013264,2023-03-09,여자,30 - 39세,경기도,일반판매,의자,품질(물품/용역)
2023013265,2023-03-09,여자,40 - 49세,전라북도,국내온라인거래,음식물처리기대여(렌트),품질(물품/용역)
2023013266,2023-03-09,여자,60 - 64세,경기도,기타,이동전화서비스,약관
2023013267,2023-03-09,여자,50 - 59세,경기도,일반판매,냉장고,품질(물품/용역)
2023013268,2023-03-09,여자,30 - 39세,경기도,국내온라인거래,변압기,품질(물품/용역)
2023013269,2023-03-09,여자,50 - 59세,경기도,일반판매,외식,계약해제.해지/위약금
2023013271,2023-03-09,여자,20 - 29세,경기도,일반판매,미용서비스,품질(물품/용역)
2023013272,2023-03-09,여자,65 - 69세,경기도,국내온라인거래,기타채소·채소가공식품,계약해제.해지/위약금
2023013273,2023-03-09,여자,50 - 59세,울산광역시,전화권유판매,기타민영보험,계약불이행(불완전이행)
2023013274,2023-03-09,여자,30 - 39세,충청남도,일반판매,동물병원,품질(물품/용역)
2023013275,2023-03-09,여자,80세이상,인천광역시,일반판매,신경외과,품질(물품/용역)
2023013276,2023-03-09,남자,20 - 29세,경기도,일반판매,자동차대여(렌트),부당행위
2023013277,2023-03-09,여자,50 - 59세,서울특별시,일반판매,전기자전거,품질(물품/용역)
2023013278,2023-03-09,여자,30 - 39세,부산광역시,국내온라인거래,기타의류·섬유,계약불이행(불완전이행)
2023013279,2023-03-09,여자,30 - 39세,서울특별시,일반판매,사진촬영,계약해제.해지/위약금
2023013280,2023-03-09,남자,20 - 29세,경상남도,국내온라인거래,기타영상기기,품질(물품/용역)
2023013281,2023-03-09,여자,70 - 79세,대전광역시,일반판매,식기세척기,품질(물품/용역)
2023013282,2023-03-09,여자,70 - 79세,서울특별시,기타,콘도회원권,계약해제.해지/위약금
2023013283,2023-03-09,남자,30 - 39세,서울특별시,일반판매,헬스장,계약불이행(불완전이행)
2023013284,2023-03-09,여자,20 - 29세,서울특별시,소셜커머스(쇼핑),통신기기케이스,거래관행
2023013285,2023-03-09,여자,50 - 59세,서울특별시,일반판매,실손보험,약관
2023013286,2023-03-09,남자,65 - 69세,서울특별시,국내온라인거래,스프링매트리스,AS불만
2023013287,2023-03-09,남자,30 - 39세,서울특별시,국내온라인거래,통신기기케이스,표시.광고
2023013288,2023-03-09,여자,50 - 59세,경기도,일반판매,기타미분류서비스,이자.수수료
2023013290,2023-03-09,남자,40 - 49세,강원특별자치도,국내온라인거래,모자,품질(물품/용역)
2023013292,2023-03-09,여자,30 - 39세,서울특별시,기타통신판매,초고속인터넷,계약불이행(불완전이행)
2023013293,2023-03-09,여자,20 - 29세,인천광역시,일반판매,헬스장,계약해제.해지/위약금
2023013294,2023-03-09,여자,50 - 59세,대구광역시,국내온라인거래,기타세탁서비스,품질(물품/용역)
2023013295,2023-03-09,여자,30 - 39세,경기도,일반판매,중형승용자동차,계약불이행(불완전이행)
2023013296,2023-03-09,여자,50 - 59세,대구광역시,일반판매,기타세탁서비스,품질(물품/용역)
2023013297,2023-03-09,여자,40 - 49세,경기도,국내온라인거래,코트,품질(물품/용역)
2023013298,2023-03-09,여자,30 - 39세,광주광역시,일반판매,양복(서양식 의복)세탁,품질(물품/용역)
2023013299,2023-03-09,여자,60 - 64세,서울특별시,TV홈쇼핑,염색제,품질(물품/용역)
2023013300,2023-03-09,여자,80세이상,경상북도,일반판매,이동전화서비스,부당행위
2023013301,2023-03-09,남자,40 - 49세,서울특별시,일반판매,예식서비스,가격.요금
2023013302,2023-03-09,여자,60 - 64세,경기도,전화권유판매,모바일정보이용서비스,계약해제.해지/위약금
2023013303,2023-03-09,여자,30 - 39세,부산광역시,방문판매,학습지,계약해제.해지/위약금
2023013304,2023-03-09,여자,40 - 49세,경상남도,국내온라인거래,전기진공청소기,안전(제품/시설)
2023013305,2023-03-09,여자,30 - 39세,경기도,국내온라인거래,필라테스,계약해제.해지/위약금
2023013306,2023-03-09,여자,40 - 49세,서울특별시,국내온라인거래,싱크대,품질(물품/용역)
2023013307,2023-03-09,여자,40 - 49세,경기도,국내온라인거래,시계,품질(물품/용역)
2023013308,2023-03-09,남자,30 - 39세,경상북도,국내온라인거래,전기충전기,AS불만
2023013309,2023-03-09,남자,30 - 39세,인천광역시,방문판매,초고속인터넷,품질(물품/용역)
2023013310,2023-03-09,여자,30 - 39세,서울특별시,국내온라인거래,국외여행,계약해제.해지/위약금
2023013311,2023-03-09,여자,30 - 39세,부산광역시,국내온라인거래,키보드,AS불만
2023013312,2023-03-09,남자,40 - 49세,서울특별시,기타,이동전화서비스,약관
2023013313,2023-03-09,여자,50 - 59세,서울특별시,기타,포장이사운송서비스,품질(물품/용역)
2023013315,2023-03-09,남자,30 - 39세,서울특별시,기타,건물청소서비스,계약불이행(불완전이행)
2023013317,2023-03-09,남자,50 - 59세,경기도,방문판매,국내결혼중개,계약해제.해지/위약금
2023013318,2023-03-09,남자,50 - 59세,경상남도,기타,콘도회원권,계약해제.해지/위약금
2023013319,2023-03-09,남자,50 - 59세,서울특별시,일반판매,이동전화서비스,계약불이행(불완전이행)
2023013320,2023-03-09,여자,40 - 49세,서울특별시,국내온라인거래,인터넷교육서비스,계약불이행(불완전이행)
2023013321,2023-03-09,남자,30 - 39세,경기도,국내온라인거래,항공여객운송서비스,계약해제.해지/위약금
2023013322,2023-03-09,남자,30 - 39세,경기도,기타,욕실설비,AS불만
2023013323,2023-03-09,여자,30 - 39세,경기도,기타통신판매,각종자격취득강습,부당행위
2023013324,2023-03-09,남자,30 - 39세,경기도,기타,기타이·미용서비스,계약해제.해지/위약금
2023013325,2023-03-09,여자,30 - 39세,경기도,국내온라인거래,소프트웨어,계약불이행(불완전이행)
2023013326,2023-03-09,여자,20 - 29세,부산광역시,방문판매,헬스장,계약해제.해지/위약금
2023013327,2023-03-09,여자,30 - 39세,경기도,국내온라인거래,기타가사용품,계약해제.해지/위약금
2023013328,2023-03-09,여자,20 - 29세,서울특별시,일반판매,피부·체형관리서비스,계약해제.해지/위약금
2023013329,2023-03-09,여자,40 - 49세,서울특별시,기타,전기세탁기,품질(물품/용역)
2023013330,2023-03-09,여자,50 - 59세,서울특별시,기타,도배공사,품질(물품/용역)
2023013331,2023-03-09,여자,60 - 64세,경기도,국내온라인거래,항공여객운송서비스,계약해제.해지/위약금
2023013332,2023-03-09,여자,20 - 29세,서울특별시,소셜커머스(쇼핑),기타숙박시설,계약해제.해지/위약금
2023013333,2023-03-09,여자,50 - 59세,경상북도,방문판매,기타정보이용서비스,약관
2023013334,2023-03-09,여자,40 - 49세,경기도,방문판매,방문교육,계약해제.해지/위약금
2023013335,2023-03-09,여자,40 - 49세,경기도,방문판매,기타의료용구,청약철회
2023013336,2023-03-09,여자,30 - 39세,서울특별시,국내온라인거래,항공여객운송서비스,가격.요금
2023013337,2023-03-09,여자,30 - 39세,서울특별시,일반판매,국내결혼중개,계약해제.해지/위약금
2023013338,2023-03-09,남자,30 - 39세,서울특별시,일반판매,애완동물기타,부당행위
2023013339,2023-03-09,여자,30 - 39세,서울특별시,국내온라인거래,호텔,청약철회
2023013340,2023-03-09,여자,40 - 49세,세종특별자치시,기타,사진촬영,부당행위
2023013341,2023-03-09,남자,20 - 29세,대구광역시,일반판매,헬스장,계약해제.해지/위약금
2023013342,2023-03-09,남자,50 - 59세,광주광역시,기타,애완견,계약해제.해지/위약금
2023013344,2023-03-09,여자,70 - 79세,경기도,국내온라인거래,침대,청약철회
2023013345,2023-03-09,여자,30 - 39세,경기도,기타,수영장회원권,계약해제.해지/위약금
2023013346,2023-03-09,남자,30 - 39세,서울특별시,일반판매,전기세탁기,품질(물품/용역)
2023013347,2023-03-09,남자,50 - 59세,경기도,국내온라인거래,서랍장,품질(물품/용역)
2023013348,2023-03-09,여자,40 - 49세,경기도,방문판매,기타통신기기,청약철회
2023013349,2023-03-09,여자,30 - 39세,경기도,일반판매,택배화물운송서비스,계약불이행(불완전이행)
2023013350,2023-03-09,여자,50 - 59세,대구광역시,국내온라인거래,스포츠웨어,청약철회
2023013351,2023-03-09,여자,20 - 29세,경상북도,방문판매,결혼준비대행서비스,청약철회
2023013352,2023-03-09,여자,40 - 49세,서울특별시,기타,점퍼·재킷류,계약불이행(불완전이행)
2023013354,2023-03-09,남자,20 - 29세,서울특별시,국내온라인거래,국외여행,계약해제.해지/위약금
2023013355,2023-03-09,여자,30 - 39세,인천광역시,일반판매,인터넷교육서비스,계약해제.해지/위약금
2023013357,2023-03-09,여자,30 - 39세,전라북도,일반판매,골프회원권,계약해제.해지/위약금
2023013358,2023-03-09,남자,30 - 39세,서울특별시,국내온라인거래,메모리,부당행위
2023013359,2023-03-09,여자,30 - 39세,충청남도,기타,헬스장,안전(제품/시설)
2023013360,2023-03-09,남자,40 - 49세,서울특별시,국내온라인거래,통신기기케이스,품질(물품/용역)
2023013361,2023-03-10,남자,50 - 59세,서울특별시,일반판매,냉장고,품질(물품/용역)
2023013362,2023-03-10,여자,50 - 59세,부산광역시,일반판매,오토바이,계약불이행(불완전이행)
2023013363,2023-03-10,여자,50 - 59세,서울특별시,국내온라인거래,호텔,표시.광고
2023013364,2023-03-10,남자,20 - 29세,부산광역시,일반판매,카셰어링,부당행위
2023013365,2023-03-10,여자,50 - 59세,광주광역시,국내온라인거래,양복(서양식 의복)세탁,품질(물품/용역)
2023013366,2023-03-10,여자,50 - 59세,경기도,일반판매,자동차주유,안전(제품/시설)
2023013367,2023-03-10,남자,20 - 29세,경기도,모바일거래,전동킥보드,품질(물품/용역)
2023013369,2023-03-10,여자,40 - 49세,경기도,국내온라인거래,자동차대여(렌트),청약철회
2023013370,2023-03-10,남자,30 - 39세,경기도,국내온라인거래,기타자동차부품,청약철회
2023013371,2023-03-10,여자,30 - 39세,경기도,일반판매,신발세탁,계약불이행(불완전이행)
2023013372,2023-03-10,남자,40 - 49세,대구광역시,일반판매,운동화,품질(물품/용역)
2023013373,2023-03-10,여자,50 - 59세,인천광역시,일반판매,숙녀화(구두·부츠 등),품질(물품/용역)
2023013374,2023-03-10,여자,50 - 59세,충청북도,일반판매,운동화,품질(물품/용역)
2023013375,2023-03-10,남자,30 - 39세,서울특별시,국내온라인거래,신발세탁,계약불이행(불완전이행)
2023013376,2023-03-10,여자,40 - 49세,서울특별시,일반판매,샌들·슬리퍼,품질(물품/용역)
2023013377,2023-03-10,남자,30 - 39세,서울특별시,국내온라인거래,신발세탁,계약불이행(불완전이행)
2023013378,2023-03-10,여자,70 - 79세,경기도,일반판매,숙녀화(구두·부츠 등),품질(물품/용역)
2023013379,2023-03-10,여자,40 - 49세,대구광역시,일반판매,중형승용자동차,품질(물품/용역)
2023013380,2023-03-10,여자,30 - 39세,경기도,모바일거래,포장이사운송서비스,계약불이행(불완전이행)
2023013381,2023-03-10,남자,30 - 39세,강원특별자치도,국내온라인거래,건강(암·기타질병)보험,계약불이행(불완전이행)
2023013384,2023-03-10,여자,65 - 69세,인천광역시,일반판매,국외여행,청약철회
2023013385,2023-03-10,여자,65 - 69세,경기도,일반판매,상해보험,약관
2023013386,2023-03-10,남자,50 - 59세,경기도,일반판매,실손보험,약관
2023013387,2023-03-10,남자,20 - 29세,경기도,소셜커머스(쇼핑),합성피혁의류,청약철회
2023013388,2023-03-10,여자,70 - 79세,경기도,전화권유판매,유사투자자문,계약해제.해지/위약금
2023013389,2023-03-10,여자,30 - 39세,경기도,모바일거래,국외여행,계약해제.해지/위약금
2023013390,2023-03-10,여자,30 - 39세,경상남도,전화권유판매,유사투자자문,계약해제.해지/위약금
2023013391,2023-03-10,남자,30 - 39세,경상남도,일반판매,자동차수리·점검,품질(물품/용역)
2023013392,2023-03-10,여자,50 - 59세,경상남도,다단계판매,국외여행,계약불이행(불완전이행)
2023013393,2023-03-10,여자,60 - 64세,충청남도,일반판매,차량용블랙박스,품질(물품/용역)
2023013394,2023-03-10,남자,40 - 49세,전라북도,국내온라인거래,시계,청약철회
2023013396,2023-03-10,남자,40 - 49세,부산광역시,국내온라인거래,타이어,계약불이행(불완전이행)
2023013397,2023-03-10,여자,40 - 49세,부산광역시,국내온라인거래,코트,청약철회
2023013398,2023-03-10,남자,30 - 39세,경기도,국내온라인거래,유사투자자문,계약해제.해지/위약금
2023013402,2023-03-10,여자,50 - 59세,광주광역시,전화권유판매,유사투자자문,계약해제.해지/위약금
2023013403,2023-03-10,남자,65 - 69세,경기도,일반판매,건강(암·기타질병)보험,약관
2023013404,2023-03-10,여자,20 - 29세,서울특별시,모바일거래,헬스장,계약해제.해지/위약금
2023013405,2023-03-10,여자,60 - 64세,서울특별시,기타통신판매,여성용내의류,청약철회
2023013406,2023-03-10,남자,40 - 49세,경기도,기타,음식물처리기,품질(물품/용역)
2023013407,2023-03-10,남자,30 - 39세,인천광역시,일반판매,유사투자자문,계약해제.해지/위약금
2023013409,2023-03-10,여자,30 - 39세,경기도,일반판매,한의원,품질(물품/용역)
2023013410,2023-03-10,여자,20 - 29세,경기도,국내온라인거래,스포츠웨어,청약철회
2023013412,2023-03-10,여자,30 - 39세,서울특별시,일반판매,자동차대여(렌트),계약불이행(불완전이행)
2023013413,2023-03-10,여자,50 - 59세,경기도,일반판매,전기압력밥솥,계약해제.해지/위약금
2023013414,2023-03-10,여자,40 - 49세,부산광역시,일반판매,양복(서양식 의복)세탁,품질(물품/용역)
2023013415,2023-03-10,여자,40 - 49세,경기도,전화권유판매,유사투자자문,계약해제.해지/위약금
2023013416,2023-03-10,남자,40 - 49세,경기도,일반판매,건강(암·기타질병)보험,부당행위
2023013417,2023-03-10,여자,50 - 59세,경기도,일반판매,미분류대여(렌트),AS불만
2023013418,2023-03-10,여자,40 - 49세,경기도,국내온라인거래,유아용카시트(안전의자),안전(제품/시설)
2023013419,2023-03-10,남자,65 - 69세,경상북도,국내온라인거래,기타숙박시설,계약해제.해지/위약금
2023013420,2023-03-10,여자,40 - 49세,경기도,국내온라인거래,각종공연관람,계약불이행(불완전이행)
2023013421,2023-03-10,여자,30 - 39세,경상북도,방문판매,학습지,계약해제.해지/위약금
2023013422,2023-03-10,남자,40 - 49세,경기도,일반판매,기타컴퓨터·주변기기,품질(물품/용역)
2023013423,2023-03-10,여자,40 - 49세,경기도,국내온라인거래,호텔,계약해제.해지/위약금
2023013424,2023-03-10,여자,30 - 39세,서울특별시,소셜커머스(쇼핑),기타숙박시설,품질(물품/용역)
2023013425,2023-03-10,여자,70 - 79세,경기도,방문판매,상조서비스,계약해제.해지/위약금
2023013426,2023-03-10,여자,20 - 29세,경기도,일반판매,캐주얼바지,품질(물품/용역)
2023013427,2023-03-10,여자,20 - 29세,충청남도,일반판매,미용서비스,계약불이행(불완전이행)
2023013428,2023-03-10,여자,65 - 69세,대전광역시,국내온라인거래,향수,계약불이행(불완전이행)
2023013430,2023-03-10,여자,40 - 49세,경기도,일반판매,피부·체형관리서비스,계약해제.해지/위약금
2023013431,2023-03-10,남자,40 - 49세,광주광역시,일반판매,오토바이,품질(물품/용역)
2023013432,2023-03-10,남자,50 - 59세,경기도,일반판매,기타인테리어설비,계약불이행(불완전이행)
2023013433,2023-03-10,남자,40 - 49세,광주광역시,기타통신판매,비료,가격.요금
2023013434,2023-03-10,남자,40 - 49세,광주광역시,일반판매,소형화물자동차,품질(물품/용역)
2023013435,2023-03-10,여자,50 - 59세,서울특별시,기타,스마트폰,품질(물품/용역)
2023013436,2023-03-10,여자,30 - 39세,부산광역시,일반판매,종합체육시설회원권,계약해제.해지/위약금
2023013437,2023-03-10,여자,20 - 29세,경기도,국내온라인거래,신발세탁,계약불이행(불완전이행)
2023013438,2023-03-10,남자,50 - 59세,광주광역시,일반판매,중형승용자동차,품질(물품/용역)
2023013439,2023-03-10,여자,30 - 39세,인천광역시,국내온라인거래,점퍼·재킷류,품질(물품/용역)
2023013440,2023-03-10,여자,50 - 59세,인천광역시,일반판매,점퍼·재킷류,품질(물품/용역)
2023013441,2023-03-10,여자,50 - 59세,서울특별시,국내온라인거래,샴푸,품질(물품/용역)
2023013442,2023-03-10,남자,30 - 39세,서울특별시,국내온라인거래,운동화,품질(물품/용역)
2023013443,2023-03-10,여자,20 - 29세,서울특별시,일반판매,신발세탁,계약불이행(불완전이행)
2023013444,2023-03-10,여자,50 - 59세,경기도,국내온라인거래,운동화,품질(물품/용역)
2023013445,2023-03-10,여자,20 - 29세,경기도,일반판매,성형외과,계약해제.해지/위약금
2023013446,2023-03-10,여자,60 - 64세,경기도,일반판매,가발,품질(물품/용역)
2023013447,2023-03-10,여자,30 - 39세,대전광역시,일반판매,신발세탁,계약불이행(불완전이행)
2023013448,2023-03-10,여자,불명,서울특별시,기타통신판매,자동차보험,계약불이행(불완전이행)
2023013449,2023-03-10,남자,40 - 49세,인천광역시,일반판매,기타의류·섬유,계약불이행(불완전이행)
2023013450,2023-03-10,남자,10 - 19세,제주도,국내온라인거래,항공여객운송서비스,청약철회
2023013451,2023-03-10,여자,30 - 39세,부산광역시,일반판매,국내결혼중개,계약해제.해지/위약금
2023013452,2023-03-10,여자,50 - 59세,서울특별시,일반판매,양복(서양식 의복)세탁,품질(물품/용역)
2023013453,2023-03-10,여자,65 - 69세,경기도,국내온라인거래,토마토,품질(물품/용역)
2023013454,2023-03-10,남자,40 - 49세,대구광역시,국내온라인거래,스마트폰,청약철회
2023013455,2023-03-10,남자,불명,경기도,일반판매,포장이사운송서비스,계약불이행(불완전이행)
2023013456,2023-03-10,남자,70 - 79세,경상북도,일반판매,이동전화서비스,계약불이행(불완전이행)
2023013457,2023-03-10,여자,60 - 64세,서울특별시,전화권유판매,모바일정보이용서비스,계약해제.해지/위약금
2023013458,2023-03-10,여자,40 - 49세,서울특별시,국내온라인거래,기타의류·섬유,계약불이행(불완전이행)
2023013459,2023-03-10,남자,40 - 49세,경기도,일반판매,양복(서양식 의복)세탁,품질(물품/용역)
2023013460,2023-03-10,남자,30 - 39세,강원특별자치도,일반판매,중형승용자동차,품질(물품/용역)
2023013461,2023-03-10,여자,40 - 49세,경기도,방문판매,상조서비스,계약해제.해지/위약금
2023013462,2023-03-10,여자,40 - 49세,경기도,국내온라인거래,운동화,품질(물품/용역)
2023013463,2023-03-10,남자,50 - 59세,경상남도,국내온라인거래,장의관련서비스,부당행위
2023013464,2023-03-10,남자,30 - 39세,서울특별시,일반판매,소파,계약불이행(불완전이행)
2023013465,2023-03-10,여자,60 - 64세,인천광역시,기타,건강(암·기타질병)보험,부당행위
2023013466,2023-03-10,남자,30 - 39세,서울특별시,모바일거래,중고자동차중개·매매,계약해제.해지/위약금
2023013468,2023-03-10,남자,70 - 79세,경기도,일반판매,소파,품질(물품/용역)
2023013469,2023-03-10,여자,30 - 39세,인천광역시,국내온라인거래,운동화,청약철회
2023013470,2023-03-10,여자,30 - 39세,서울특별시,일반판매,헬스장,계약불이행(불완전이행)
2023013471,2023-03-10,여자,50 - 59세,서울특별시,국내온라인거래,국외여행,계약해제.해지/위약금
2023013472,2023-03-10,여자,65 - 69세,경기도,일반판매,건강(암·기타질병)보험,부당행위
2023013473,2023-03-10,여자,20 - 29세,서울특별시,일반판매,종합체육시설회원권,계약해제.해지/위약금
2023013474,2023-03-10,여자,50 - 59세,경기도,국내온라인거래,인터넷정보이용서비스,계약불이행(불완전이행)
2023013475,2023-03-10,여자,30 - 39세,대구광역시,일반판매,필라테스,계약해제.해지/위약금
2023013476,2023-03-10,여자,65 - 69세,서울특별시,국내온라인거래,기타조리기기·기구,품질(물품/용역)
2023013477,2023-03-10,남자,80세이상,경상남도,일반판매,내과,계약불이행(불완전이행)
2023013478,2023-03-10,여자,50 - 59세,경기도,일반판매,외과,품질(물품/용역)
2023013480,2023-03-10,여자,30 - 39세,인천광역시,전화권유판매,사진촬영,계약불이행(불완전이행)
2023013481,2023-03-10,남자,70 - 79세,경기도,전화권유판매,유사투자자문,계약불이행(불완전이행)
2023013483,2023-03-10,여자,40 - 49세,서울특별시,국내온라인거래,점퍼·재킷류,표시.광고
2023013484,2023-03-10,남자,50 - 59세,강원특별자치도,국내온라인거래,태블릿PC,계약불이행(불완전이행)
2023013485,2023-03-10,여자,50 - 59세,대전광역시,일반판매,기타목욕서비스,계약불이행(불완전이행)
2023013486,2023-03-10,여자,70 - 79세,부산광역시,일반판매,포장이사운송서비스,계약불이행(불완전이행)
2023013501,2023-03-10,여자,20 - 29세,서울특별시,일반판매,초고속인터넷,가격.요금
2023013502,2023-03-10,여자,50 - 59세,인천광역시,기타,항공여객운송서비스,부당행위
2023013503,2023-03-10,여자,40 - 49세,대구광역시,모바일거래,믹서기,계약불이행(불완전이행)
2023013504,2023-03-10,여자,30 - 39세,경상남도,일반판매,필라테스,계약해제.해지/위약금
2023013505,2023-03-10,남자,30 - 39세,인천광역시,기타,기타예식관련서비스,계약해제.해지/위약금
2023013506,2023-03-10,남자,20 - 29세,서울특별시,방문판매,헬스장,계약해제.해지/위약금
2023013507,2023-03-10,여자,50 - 59세,부산광역시,일반판매,숙녀복하의,청약철회
2023013508,2023-03-10,남자,20 - 29세,대구광역시,국내온라인거래,기타숙박시설,계약해제.해지/위약금
2023013509,2023-03-10,남자,40 - 49세,경상북도,전화권유판매,모바일정보이용서비스,계약해제.해지/위약금
2023013510,2023-03-10,여자,40 - 49세,서울특별시,모바일거래,베개,청약철회
2023013511,2023-03-10,여자,30 - 39세,대구광역시,일반판매,애완견,계약해제.해지/위약금
2023013512,2023-03-10,여자,30 - 39세,서울특별시,국내온라인거래,단행본,계약불이행(불완전이행)
2023013513,2023-03-10,남자,30 - 39세,경기도,국내온라인거래,스낵과자,품질(물품/용역)
2023013514,2023-03-10,남자,30 - 39세,경기도,국내온라인거래,전기요,AS불만
2023013515,2023-03-10,남자,20 - 29세,경기도,전화권유판매,헬스장,계약해제.해지/위약금
2023013516,2023-03-10,남자,40 - 49세,광주광역시,일반판매,의자,품질(물품/용역)
2023013517,2023-03-10,남자,40 - 49세,경기도,기타,무선전화기,품질(물품/용역)
2023013518,2023-03-10,남자,30 - 39세,전라북도,일반판매,딸기,품질(물품/용역)
2023013519,2023-03-10,여자,20 - 29세,서울특별시,일반판매,피부·체형관리서비스,품질(물품/용역)
2023013520,2023-03-10,여자,30 - 39세,서울특별시,소셜커머스(쇼핑),기타건강식품,품질(물품/용역)
2023013521,2023-03-10,남자,40 - 49세,경기도,방문판매,헬스장,계약해제.해지/위약금
2023013522,2023-03-10,여자,30 - 39세,서울특별시,기타,필라테스,계약해제.해지/위약금
2023013523,2023-03-10,여자,50 - 59세,경상북도,기타,비데,계약해제.해지/위약금
2023013524,2023-03-10,여자,50 - 59세,서울특별시,일반판매,국내결혼중개,계약해제.해지/위약금
2023013526,2023-03-10,남자,40 - 49세,서울특별시,국내온라인거래,LED램프,단순문의.상담
2023013527,2023-03-10,남자,40 - 49세,전라북도,국내온라인거래,기타가구,품질(물품/용역)
2023013528,2023-03-10,여자,30 - 39세,서울특별시,기타,필라테스,계약해제.해지/위약금
2023013529,2023-03-10,여자,30 - 39세,서울특별시,전화권유판매,인터넷정보이용서비스,계약불이행(불완전이행)
2023013530,2023-03-10,남자,40 - 49세,경기도,국내온라인거래,책상,계약불이행(불완전이행)
2023013531,2023-03-10,여자,30 - 39세,부산광역시,방문판매,기타방문·통신교육서비스,계약해제.해지/위약금
2023013532,2023-03-10,여자,30 - 39세,인천광역시,기타통신판매,기타문화·오락시설이용,계약불이행(불완전이행)
2023013533,2023-03-10,남자,30 - 39세,인천광역시,국내온라인거래,세면용구유니트,품질(물품/용역)
2023013534,2023-03-10,남자,30 - 39세,경기도,기타,포장이사운송서비스,품질(물품/용역)
2023013535,2023-03-10,여자,30 - 39세,서울특별시,국내온라인거래,항공여객운송서비스,가격.요금
2023013536,2023-03-10,남자,50 - 59세,서울특별시,일반판매,스마트폰,AS불만
2023013537,2023-03-10,여자,30 - 39세,서울특별시,국내온라인거래,기타가구,품질(물품/용역)
2023013538,2023-03-10,여자,40 - 49세,인천광역시,국내온라인거래,점퍼·재킷류,품질(물품/용역)
2023013539,2023-03-10,여자,30 - 39세,경기도,국내온라인거래,커피메이커,품질(물품/용역)
2023013540,2023-03-10,여자,40 - 49세,서울특별시,일반판매,아동복,청약철회
2023013541,2023-03-10,여자,30 - 39세,경기도,기타,기타옥외장비·설비,계약불이행(불완전이행)
2023013542,2023-03-10,여자,30 - 39세,서울특별시,일반판매,보석·귀금속,청약철회
2023013543,2023-03-10,여자,50 - 59세,인천광역시,기타,신용카드,계약해제.해지/위약금
2023013544,2023-03-10,여자,50 - 59세,서울특별시,기타,정수기대여(렌트),계약불이행(불완전이행)
2023013545,2023-03-10,여자,40 - 49세,인천광역시,방문판매,헬스장,계약해제.해지/위약금
2023013546,2023-03-10,남자,60 - 64세,경기도,전화권유판매,기타건강식품,청약철회
2023013547,2023-03-10,여자,20 - 29세,경기도,일반판매,이동전화서비스,청약철회
2023013548,2023-03-10,남자,30 - 39세,서울특별시,방문판매,골프회원권,계약해제.해지/위약금
2023013549,2023-03-10,여자,20 - 29세,광주광역시,방문판매,헬스장,계약해제.해지/위약금
2023013550,2023-03-10,남자,30 - 39세,경기도,기타통신판매,시스템에어컨,부당행위
2023013551,2023-03-10,여자,20 - 29세,서울특별시,기타통신판매,초고속인터넷,부당행위
2023013552,2023-03-10,남자,30 - 39세,부산광역시,소셜커머스(쇼핑),기타가방,품질(물품/용역)
2023013553,2023-03-10,남자,30 - 39세,경기도,일반판매,식탁,계약불이행(불완전이행)
2023013554,2023-03-10,남자,40 - 49세,경상북도,방문판매,전기의류건조기,AS불만
2023013555,2023-03-10,여자,30 - 39세,서울특별시,기타,외식,부당행위
2023013556,2023-03-10,여자,30 - 39세,서울특별시,국내온라인거래,인터넷정보이용서비스,부당행위
2023013557,2023-03-10,여자,40 - 49세,경기도,기타,기타방문·통신교육서비스,계약해제.해지/위약금
2023013558,2023-03-10,남자,60 - 64세,광주광역시,국내온라인거래,골프회원권,계약해제.해지/위약금
2023013559,2023-03-10,여자,20 - 29세,경기도,모바일거래,인터넷교육서비스,계약해제.해지/위약금
2023013560,2023-03-10,남자,30 - 39세,서울특별시,국내온라인거래,인터넷교육서비스,계약불이행(불완전이행)
2023013561,2023-03-10,남자,50 - 59세,경기도,일반판매,미분류대여(렌트),계약해제.해지/위약금
2023013562,2023-03-10,남자,50 - 59세,서울특별시,국내온라인거래,기타가사장비품,품질(물품/용역)
2023013563,2023-03-10,여자,50 - 59세,서울특별시,일반판매,필라테스,계약해제.해지/위약금
2023013601,2023-03-11,남자,30 - 39세,경기도,국내온라인거래,스포츠웨어,부당행위
2023013602,2023-03-11,남자,30 - 39세,경기도,국내온라인거래,운동화,청약철회
2023013603,2023-03-11,남자,40 - 49세,서울특별시,국내온라인거래,화장품세트,가격.요금
2023013604,2023-03-11,남자,30 - 39세,충청남도,일반판매,헬스장,계약해제.해지/위약금
2023013605,2023-03-11,여자,40 - 49세,경상남도,기타통신판매,초고속인터넷,품질(물품/용역)
2023013606,2023-03-11,여자,30 - 39세,서울특별시,국내온라인거래,시계,청약철회
2023013607,2023-03-11,여자,40 - 49세,경기도,국내온라인거래,스커트,부당행위
2023013608,2023-03-11,여자,40 - 49세,서울특별시,국내온라인거래,기타일반화장품,청약철회
2023013609,2023-03-11,남자,30 - 39세,울산광역시,국내온라인거래,고시원이용,계약해제.해지/위약금
2023013610,2023-03-11,여자,20 - 29세,경기도,일반판매,스포츠시설이용,계약해제.해지/위약금
2023013611,2023-03-11,여자,20 - 29세,부산광역시,방문판매,헬스장,계약해제.해지/위약금
2023013612,2023-03-11,여자,20 - 29세,경상북도,기타통신판매,인터넷교육서비스,계약불이행(불완전이행)
2023013701,2023-03-12,여자,20 - 29세,경기도,기타통신판매,인터넷교육서비스,계약해제.해지/위약금
2023013702,2023-03-12,남자,20 - 29세,서울특별시,국내온라인거래,기타가구,품질(물품/용역)
2023013703,2023-03-12,여자,30 - 39세,경기도,국내온라인거래,인터넷교육서비스,계약해제.해지/위약금
2023013704,2023-03-12,여자,20 - 29세,서울특별시,국내온라인거래,항공여객운송서비스,계약불이행(불완전이행)
2023013705,2023-03-12,여자,30 - 39세,경기도,전화권유판매,국내결혼중개,계약해제.해지/위약금
2023013706,2023-03-12,남자,40 - 49세,부산광역시,소셜커머스(쇼핑),전기오븐레인지,청약철회
2023013707,2023-03-12,남자,50 - 59세,경기도,일반판매,숙녀복상의,청약철회
2023013708,2023-03-12,여자,40 - 49세,경기도,국내온라인거래,식물추출물발효제품,품질(물품/용역)
2023013709,2023-03-12,여자,30 - 39세,서울특별시,국내온라인거래,기타숙박시설,계약해제.해지/위약금
2023013710,2023-03-12,남자,40 - 49세,경기도,기타통신판매,호텔,계약불이행(불완전이행)
2023013711,2023-03-12,남자,20 - 29세,대구광역시,일반판매,헬스장,계약해제.해지/위약금
2023013712,2023-03-12,남자,30 - 39세,경기도,방문판매,예식서비스,계약해제.해지/위약금
2023013715,2023-03-13,남자,50 - 59세,경기도,일반판매,기타스포츠·레저기구·용품,품질(물품/용역)
2023013716,2023-03-13,여자,40 - 49세,충청남도,일반판매,원피스,품질(물품/용역)
2023013717,2023-03-13,여자,40 - 49세,대구광역시,소셜커머스(쇼핑),기타의류·섬유,청약철회
2023013718,2023-03-13,남자,40 - 49세,경기도,TV홈쇼핑,음식물처리기대여(렌트),AS불만
2023013719,2023-03-13,여자,30 - 39세,서울특별시,국내온라인거래,항공여객운송서비스,청약철회
2023013720,2023-03-13,여자,20 - 29세,서울특별시,국내온라인거래,블루투스스피커,청약철회
2023013721,2023-03-13,남자,40 - 49세,인천광역시,일반판매,운동화,품질(물품/용역)
2023013722,2023-03-13,남자,30 - 39세,대전광역시,일반판매,중형승합자동차,품질(물품/용역)
2023013723,2023-03-13,여자,60 - 64세,경기도,국내온라인거래,코트,계약해제.해지/위약금
2023013725,2023-03-13,남자,20 - 29세,대구광역시,일반판매,헬스장,계약해제.해지/위약금
2023013726,2023-03-13,여자,30 - 39세,서울특별시,일반판매,요가,계약해제.해지/위약금
2023013727,2023-03-13,여자,40 - 49세,부산광역시,일반판매,니트(스웨터),품질(물품/용역)
2023013728,2023-03-13,여자,50 - 59세,경상남도,일반판매,건물청소서비스,계약불이행(불완전이행)
2023013729,2023-03-13,남자,50 - 59세,전라남도,일반판매,건강(암·기타질병)보험,약관
2023013730,2023-03-13,남자,50 - 59세,서울특별시,국내온라인거래,쇠고기포장육,계약불이행(불완전이행)
2023013731,2023-03-13,여자,50 - 59세,부산광역시,기타,골프회원권,품질(물품/용역)
2023013732,2023-03-13,남자,40 - 49세,경기도,전화권유판매,초고속인터넷,계약해제.해지/위약금
2023013733,2023-03-13,여자,40 - 49세,광주광역시,일반판매,기타간편복,품질(물품/용역)
2023013734,2023-03-13,남자,20 - 29세,경상북도,전화권유판매,인터넷정보이용서비스,계약불이행(불완전이행)
2023013735,2023-03-13,여자,20 - 29세,서울특별시,전화권유판매,모바일정보이용서비스,계약해제.해지/위약금
2023013736,2023-03-13,여자,30 - 39세,서울특별시,모바일거래,카셰어링,계약불이행(불완전이행)
2023013737,2023-03-13,남자,40 - 49세,대전광역시,모바일거래,기타숙박시설,청약철회
2023013738,2023-03-13,여자,30 - 39세,서울특별시,국내온라인거래,운동화,청약철회
2023013739,2023-03-13,여자,40 - 49세,경기도,국내온라인거래,인터넷정보이용서비스,계약불이행(불완전이행)
2023013740,2023-03-13,남자,30 - 39세,서울특별시,전화권유판매,인터넷정보이용서비스,계약해제.해지/위약금
2023013741,2023-03-13,여자,40 - 49세,인천광역시,국내온라인거래,레저시설이용,계약해제.해지/위약금
2023013742,2023-03-13,여자,30 - 39세,서울특별시,소셜커머스(쇼핑),공기청정기,계약불이행(불완전이행)
2023013743,2023-03-13,여자,20 - 29세,경기도,일반판매,각종자격취득강습,계약해제.해지/위약금
2023013744,2023-03-13,남자,불명,서울특별시,국내온라인거래,헤어드라이어,계약불이행(불완전이행)
2023013745,2023-03-13,여자,40 - 49세,서울특별시,일반판매,티셔츠,품질(물품/용역)
2023013746,2023-03-13,남자,30 - 39세,서울특별시,국내온라인거래,냉장고,청약철회
2023013747,2023-03-13,남자,30 - 39세,경상남도,일반판매,국외여행,계약해제.해지/위약금
2023013748,2023-03-13,남자,40 - 49세,서울특별시,국내온라인거래,TV,표시.광고
2023013749,2023-03-13,남자,40 - 49세,제주도,일반판매,시스템에어컨,품질(물품/용역)
2023013750,2023-03-13,남자,30 - 39세,경기도,기타,카펫,부당행위
2023013751,2023-03-13,남자,40 - 49세,광주광역시,일반판매,국제결혼중개,계약해제.해지/위약금
2023013752,2023-03-13,남자,65 - 69세,서울특별시,기타,이동전화서비스,계약불이행(불완전이행)
2023013753,2023-03-13,남자,40 - 49세,경상남도,국내온라인거래,신유형상품권,부당행위
2023013755,2023-03-13,남자,40 - 49세,경상남도,국내온라인거래,자동차대여(렌트),계약해제.해지/위약금
2023013756,2023-03-13,남자,30 - 39세,서울특별시,일반판매,대형승용자동차,계약해제.해지/위약금
2023013757,2023-03-13,남자,30 - 39세,인천광역시,일반판매,택배화물운송서비스,계약불이행(불완전이행)
2023013758,2023-03-13,남자,50 - 59세,전라북도,일반판매,기타여행,계약해제.해지/위약금
2023013759,2023-03-13,여자,30 - 39세,울산광역시,방문판매,인터넷교육서비스,계약해제.해지/위약금
2023013760,2023-03-13,여자,20 - 29세,서울특별시,일반판매,전동킥보드,부당행위
2023013761,2023-03-13,남자,30 - 39세,경기도,방문판매,기타미분류서비스,계약불이행(불완전이행)
2023013762,2023-03-13,여자,60 - 64세,전라북도,일반판매,건강(암·기타질병)보험,약관
2023013763,2023-03-13,여자,50 - 59세,서울특별시,일반판매,이동전화서비스,계약해제.해지/위약금
2023013764,2023-03-13,여자,50 - 59세,충청북도,방문판매,정수기대여(렌트),계약불이행(불완전이행)
2023013765,2023-03-13,여자,20 - 29세,강원특별자치도,국내온라인거래,코트,품질(물품/용역)
2023013766,2023-03-13,남자,70 - 79세,경기도,기타,항공여객운송서비스,약관
2023013767,2023-03-13,남자,20 - 29세,대구광역시,소셜커머스(쇼핑),티셔츠,청약철회
2023013769,2023-03-13,남자,80세이상,광주광역시,기타통신판매,이동전화서비스,계약불이행(불완전이행)
2023013770,2023-03-13,남자,30 - 39세,울산광역시,일반판매,양복(서양식 의복)세탁,품질(물품/용역)
2023013771,2023-03-13,남자,30 - 39세,세종특별자치시,소셜커머스(쇼핑),운동화,품질(물품/용역)
2023013772,2023-03-13,남자,30 - 39세,서울특별시,일반판매,대형승용자동차,계약불이행(불완전이행)
2023013774,2023-03-13,여자,30 - 39세,대전광역시,소셜커머스(쇼핑),기타의료용구,계약불이행(불완전이행)
2023013775,2023-03-13,여자,30 - 39세,서울특별시,일반판매,필라테스,계약해제.해지/위약금
2023013776,2023-03-13,남자,50 - 59세,광주광역시,국내온라인거래,침대,AS불만
2023013777,2023-03-13,남자,30 - 39세,충청남도,일반판매,기타세탁서비스,품질(물품/용역)
2023013778,2023-03-13,여자,40 - 49세,광주광역시,일반판매,신유형상품권,부당행위
2023013779,2023-03-13,남자,불명,서울특별시,모바일거래,호텔,청약철회
2023013780,2023-03-13,남자,30 - 39세,인천광역시,기타통신판매,애완동물기타,계약불이행(불완전이행)
2023013781,2023-03-13,남자,50 - 59세,대구광역시,일반판매,콘도회원권,계약해제.해지/위약금
2023013782,2023-03-13,남자,20 - 29세,전라남도,국내온라인거래,운동화,청약철회
2023013783,2023-03-13,여자,40 - 49세,경기도,일반판매,전기세탁기,AS불만
2023013784,2023-03-13,남자,65 - 69세,대구광역시,일반판매,자동차수리·점검,품질(물품/용역)
2023013785,2023-03-13,남자,40 - 49세,광주광역시,국내온라인거래,스포츠웨어,품질(물품/용역)
2023013786,2023-03-13,남자,80세이상,서울특별시,일반판매,보청기,품질(물품/용역)
2023013787,2023-03-13,여자,50 - 59세,전라남도,일반판매,건강(암·기타질병)보험,약관
2023013788,2023-03-13,여자,40 - 49세,경상남도,일반판매,헤어드라이어,품질(물품/용역)
2023013789,2023-03-13,여자,40 - 49세,서울특별시,국내온라인거래,보석·귀금속,계약불이행(불완전이행)
2023013790,2023-03-13,남자,65 - 69세,인천광역시,전화권유판매,유사투자자문,계약불이행(불완전이행)
2023013791,2023-03-13,여자,30 - 39세,충청북도,일반판매,인터넷교육서비스,계약해제.해지/위약금
2023013792,2023-03-13,여자,50 - 59세,경기도,일반판매,이동전화서비스,청약철회
2023013793,2023-03-13,남자,20 - 29세,서울특별시,국내온라인거래,기타신발·용품,품질(물품/용역)
2023013794,2023-03-13,남자,40 - 49세,경상남도,일반판매,안마의자대여(렌트),품질(물품/용역)
2023013795,2023-03-13,여자,40 - 49세,서울특별시,국내온라인거래,숙녀화(구두·부츠 등),품질(물품/용역)
2023013796,2023-03-13,여자,30 - 39세,서울특별시,국내온라인거래,티셔츠,품질(물품/용역)
2023013797,2023-03-13,남자,80세이상,부산광역시,기타통신판매,보건위생용품기타,청약철회
2023013798,2023-03-13,여자,40 - 49세,경기도,전화권유판매,유사투자자문,청약철회
2023013799,2023-03-13,여자,30 - 39세,서울특별시,일반판매,헬스장,계약해제.해지/위약금
2023013800,2023-03-13,남자,40 - 49세,서울특별시,일반판매,점퍼·재킷류,품질(물품/용역)
2023013801,2023-03-13,여자,20 - 29세,대구광역시,일반판매,헬스장,계약해제.해지/위약금
2023013802,2023-03-13,여자,50 - 59세,경기도,일반판매,샌들·슬리퍼,품질(물품/용역)
2023013803,2023-03-13,남자,40 - 49세,경기도,기타통신판매,신용카드,표시.광고
2023013804,2023-03-13,여자,40 - 49세,대전광역시,일반판매,캐주얼바지,품질(물품/용역)
2023013806,2023-03-13,여자,20 - 29세,서울특별시,국내온라인거래,필라테스,계약해제.해지/위약금
2023013807,2023-03-13,남자,30 - 39세,부산광역시,일반판매,피부과,계약해제.해지/위약금
2023013808,2023-03-13,여자,30 - 39세,경기도,일반판매,피부과,계약해제.해지/위약금
2023013809,2023-03-13,여자,20 - 29세,경기도,일반판매,성형외과,계약해제.해지/위약금
2023013810,2023-03-13,남자,50 - 59세,대전광역시,일반판매,안과,계약해제.해지/위약금
2023013811,2023-03-13,남자,60 - 64세,서울특별시,일반판매,치과,계약해제.해지/위약금
2023013812,2023-03-13,남자,50 - 59세,대구광역시,일반판매,스마트폰,품질(물품/용역)
2023013813,2023-03-13,남자,40 - 49세,인천광역시,국내온라인거래,기타스포츠·레저기구·용품,계약불이행(불완전이행)
2023013814,2023-03-13,여자,50 - 59세,경기도,일반판매,한의원,계약해제.해지/위약금
2023013815,2023-03-13,여자,40 - 49세,서울특별시,국내온라인거래,핸드백,품질(물품/용역)
2023013816,2023-03-13,남자,30 - 39세,대전광역시,일반판매,피부과,계약해제.해지/위약금
2023013817,2023-03-13,여자,20 - 29세,서울특별시,일반판매,피부과,계약해제.해지/위약금
2023013818,2023-03-13,여자,30 - 39세,부산광역시,일반판매,산부인과,부당행위
2023013819,2023-03-13,여자,30 - 39세,서울특별시,국내온라인거래,숙녀화(구두·부츠 등),품질(물품/용역)
2023013821,2023-03-13,여자,30 - 39세,서울특별시,방문판매,헬스장,계약불이행(불완전이행)
2023013822,2023-03-13,여자,50 - 59세,제주도,국내온라인거래,옷장,계약불이행(불완전이행)
2023013823,2023-03-13,남자,65 - 69세,서울특별시,일반판매,종신보험,표시.광고
2023013824,2023-03-13,여자,65 - 69세,경기도,일반판매,상품권,품질(물품/용역)
2023013825,2023-03-13,여자,50 - 59세,경기도,일반판매,점퍼·재킷류,품질(물품/용역)
2023013826,2023-03-13,남자,60 - 64세,경기도,일반판매,자동차대여(렌트),부당행위
2023013827,2023-03-13,남자,65 - 69세,전라남도,일반판매,건강(암·기타질병)보험,약관
2023013828,2023-03-13,여자,20 - 29세,경상북도,국내온라인거래,옷장,품질(물품/용역)
2023013829,2023-03-13,여자,40 - 49세,대전광역시,기타,기타신발·용품,계약불이행(불완전이행)
2023013830,2023-03-13,여자,30 - 39세,서울특별시,일반판매,점퍼·재킷류,품질(물품/용역)
2023013831,2023-03-13,여자,40 - 49세,서울특별시,전화권유판매,인터넷정보이용서비스,계약불이행(불완전이행)
2023013832,2023-03-13,남자,40 - 49세,경기도,일반판매,유사투자자문,계약해제.해지/위약금
2023013833,2023-03-13,여자,30 - 39세,경기도,일반판매,스포츠시설이용,계약불이행(불완전이행)
2023013834,2023-03-13,여자,50 - 59세,충청북도,TV홈쇼핑,핸드백,품질(물품/용역)
2023013835,2023-03-13,여자,40 - 49세,인천광역시,기타통신판매,항공여객운송서비스,청약철회
2023013836,2023-03-13,여자,30 - 39세,서울특별시,일반판매,운동화,품질(물품/용역)
2023013837,2023-03-13,여자,30 - 39세,서울특별시,일반판매,헬스장,계약해제.해지/위약금
2023013838,2023-03-13,남자,40 - 49세,전라남도,일반판매,임대아파트,품질(물품/용역)
2023013839,2023-03-13,여자,30 - 39세,대구광역시,국내온라인거래,핸드백,품질(물품/용역)
2023013840,2023-03-13,여자,30 - 39세,경기도,일반판매,양복(서양식 의복)세탁,품질(물품/용역)
2023013841,2023-03-13,남자,30 - 39세,경기도,일반판매,자동차수리·점검,이자.수수료
2023013842,2023-03-13,여자,50 - 59세,서울특별시,일반판매,니트(스웨터),품질(물품/용역)
2023013843,2023-03-13,남자,70 - 79세,서울특별시,일반판매,온천탕,계약불이행(불완전이행)
2023013844,2023-03-13,남자,40 - 49세,대구광역시,국내온라인거래,인터넷교육서비스,계약해제.해지/위약금
2023013845,2023-03-13,여자,30 - 39세,서울특별시,국내온라인거래,니트(스웨터),품질(물품/용역)
2023013846,2023-03-13,여자,65 - 69세,경기도,일반판매,기타인테리어설비,계약해제.해지/위약금
2023013847,2023-03-13,남자,30 - 39세,경기도,일반판매,양복(서양식 의복)세탁,품질(물품/용역)
2023013848,2023-03-13,남자,40 - 49세,경기도,일반판매,양복(서양식 의복)세탁,품질(물품/용역)
2023013849,2023-03-13,여자,40 - 49세,서울특별시,기타통신판매,이동전화서비스,가격.요금
2023013850,2023-03-13,여자,30 - 39세,인천광역시,일반판매,필라테스,계약해제.해지/위약금
2023013851,2023-03-13,여자,40 - 49세,충청북도,일반판매,점퍼·재킷류,품질(물품/용역)
2023013852,2023-03-13,여자,50 - 59세,서울특별시,일반판매,건강(암·기타질병)보험,약관
2023013853,2023-03-13,여자,50 - 59세,경기도,일반판매,한방진료,계약해제.해지/위약금
2023013854,2023-03-13,여자,30 - 39세,경기도,일반판매,양복(서양식 의복)세탁,품질(물품/용역)
2023013855,2023-03-13,여자,10 - 19세,경기도,일반판매,성형외과,계약해제.해지/위약금
2023013856,2023-03-13,여자,20 - 29세,경기도,일반판매,성형외과,품질(물품/용역)
2023013901,2023-03-13,여자,30 - 39세,서울특별시,국내온라인거래,기타숙박시설,청약철회
2023013902,2023-03-13,여자,30 - 39세,경기도,방문판매,요가,계약해제.해지/위약금
2023013903,2023-03-13,남자,40 - 49세,인천광역시,소셜커머스(쇼핑),컴퓨터모니터(데스크탑),청약철회
2023013904,2023-03-13,남자,30 - 39세,서울특별시,기타,외식,단순문의.상담
2023013905,2023-03-13,남자,20 - 29세,경기도,일반판매,헬스장,계약해제.해지/위약금
2023013906,2023-03-13,남자,20 - 29세,전라남도,방문판매,헬스장,계약해제.해지/위약금
2023013907,2023-03-13,여자,50 - 59세,인천광역시,기타,헬스장,계약해제.해지/위약금
2023013908,2023-03-13,남자,40 - 49세,경상남도,국내온라인거래,TV,품질(물품/용역)
2023013909,2023-03-13,여자,30 - 39세,서울특별시,일반판매,필라테스,계약해제.해지/위약금
2023013910,2023-03-13,여자,30 - 39세,충청북도,국내온라인거래,항공여객운송서비스,계약해제.해지/위약금
2023013911,2023-03-13,남자,30 - 39세,강원특별자치도,전화권유판매,기타매체광고,계약해제.해지/위약금
2023013912,2023-03-13,남자,30 - 39세,인천광역시,전화권유판매,인터넷정보이용서비스,계약해제.해지/위약금
2023013914,2023-03-13,남자,20 - 29세,대전광역시,일반판매,헬스장,계약해제.해지/위약금
2023013915,2023-03-13,남자,40 - 49세,충청남도,국내온라인거래,전기고데기,청약철회
2023013916,2023-03-13,여자,30 - 39세,서울특별시,국내온라인거래,컵,표시.광고
2023013917,2023-03-13,여자,50 - 59세,대구광역시,국제온라인거래,기타의류·섬유,청약철회
2023013918,2023-03-13,여자,40 - 49세,광주광역시,소셜커머스(쇼핑),전기카페트,품질(물품/용역)
2023013919,2023-03-13,남자,30 - 39세,경기도,국내온라인거래,기타관람·감상,표시.광고
2023013920,2023-03-13,남자,30 - 39세,경기도,방문판매,헬스장,계약해제.해지/위약금
2023013921,2023-03-13,남자,20 - 29세,서울특별시,일반판매,독서실이용,계약해제.해지/위약금
2023013922,2023-03-13,남자,30 - 39세,서울특별시,일반판매,예식서비스,계약해제.해지/위약금
2023013923,2023-03-13,남자,30 - 39세,경기도,일반판매,가구세트,계약불이행(불완전이행)
2023013924,2023-03-13,남자,50 - 59세,충청남도,국내온라인거래,노트북컴퓨터,AS불만
2023013926,2023-03-13,남자,40 - 49세,서울특별시,국제온라인거래,항공여객운송서비스,계약불이행(불완전이행)
2023013927,2023-03-13,여자,30 - 39세,경상북도,기타,항공여객운송서비스,계약해제.해지/위약금
2023013928,2023-03-13,남자,40 - 49세,서울특별시,국내온라인거래,서랍장,품질(물품/용역)
2023013929,2023-03-13,여자,40 - 49세,경상북도,국내온라인거래,인터넷정보이용서비스,청약철회
2023013930,2023-03-13,여자,30 - 39세,대전광역시,일반판매,헬스장,계약해제.해지/위약금
2023013931,2023-03-13,남자,50 - 59세,경상남도,방문판매,콘도회원권,계약해제.해지/위약금
2023013932,2023-03-13,여자,30 - 39세,경기도,소셜커머스(쇼핑),전기세탁기,AS불만
2023013933,2023-03-13,남자,40 - 49세,대전광역시,국내온라인거래,기타숙박시설,청약철회
2023013934,2023-03-13,여자,20 - 29세,부산광역시,일반판매,골프회원권,계약해제.해지/위약금
2023013935,2023-03-13,남자,30 - 39세,경기도,방문판매,하수도위생서비스,계약불이행(불완전이행)
2023013936,2023-03-13,남자,30 - 39세,경상북도,기타,국제결혼중개,계약불이행(불완전이행)
2023013937,2023-03-13,여자,20 - 29세,서울특별시,국내온라인거래,코트,청약철회
2023013939,2023-03-13,남자,20 - 29세,경기도,방문판매,헬스장,계약해제.해지/위약금
2023013940,2023-03-13,여자,20 - 29세,대전광역시,일반판매,헬스장,계약해제.해지/위약금
2023013941,2023-03-13,여자,20 - 29세,전라북도,일반판매,택배화물운송서비스,계약불이행(불완전이행)
2023013942,2023-03-13,남자,20 - 29세,경기도,기타,기타회원권,계약해제.해지/위약금
2023013943,2023-03-13,여자,30 - 39세,경기도,기타,사진촬영,계약해제.해지/위약금
2023013944,2023-03-13,여자,20 - 29세,충청남도,기타,안마의자대여(렌트),품질(물품/용역)
2023013945,2023-03-13,여자,30 - 39세,부산광역시,방문판매,골프회원권,계약해제.해지/위약금
2023013946,2023-03-13,여자,50 - 59세,서울특별시,기타,오피스텔,안전(제품/시설)
2023013947,2023-03-13,여자,40 - 49세,서울특별시,국내온라인거래,기타서적음반류,청약철회
2023013948,2023-03-13,남자,30 - 39세,인천광역시,방문판매,헬스장,계약해제.해지/위약금
2023013949,2023-03-13,남자,30 - 39세,경기도,국내온라인거래,TV,품질(물품/용역)
2023013950,2023-03-13,남자,30 - 39세,인천광역시,소셜커머스(쇼핑),모자,품질(물품/용역)
2023013951,2023-03-13,여자,30 - 39세,경상북도,기타,피부·체형관리서비스,청약철회
2023013953,2023-03-13,남자,40 - 49세,전라남도,국내온라인거래,기타통신기기,부당행위
2023013954,2023-03-13,남자,30 - 39세,서울특별시,국내온라인거래,미용서비스,품질(물품/용역)
2023013955,2023-03-13,여자,30 - 39세,경기도,국내온라인거래,이동전화서비스,계약불이행(불완전이행)
2023013956,2023-03-13,남자,30 - 39세,경상북도,국내온라인거래,기타숙박시설,계약불이행(불완전이행)
2023013957,2023-03-13,여자,40 - 49세,경기도,일반판매,가스보일러,AS불만
2023013958,2023-03-13,여자,40 - 49세,서울특별시,국내온라인거래,소파,AS불만
2023013959,2023-03-13,여자,50 - 59세,경상남도,소셜커머스(쇼핑),운동화,청약철회
2023013960,2023-03-13,남자,40 - 49세,경기도,소셜커머스(쇼핑),가습기,AS불만
2023013961,2023-03-13,여자,40 - 49세,서울특별시,국내온라인거래,기타간편복,청약철회
2023013963,2023-03-13,여자,40 - 49세,경상북도,국내온라인거래,호텔,계약해제.해지/위약금
2023013964,2023-03-13,남자,40 - 49세,서울특별시,모바일거래,항공여객운송서비스,계약해제.해지/위약금
2023013965,2023-03-13,남자,30 - 39세,서울특별시,모바일거래,기타목욕서비스,계약해제.해지/위약금
2023013966,2023-03-13,남자,20 - 29세,인천광역시,국내온라인거래,기타가방,청약철회
2023013967,2023-03-13,여자,40 - 49세,경기도,일반판매,헬스장,계약해제.해지/위약금
2023013968,2023-03-13,여자,50 - 59세,경상북도,방문판매,건강(암·기타질병)보험,계약불이행(불완전이행)
2023013969,2023-03-13,여자,30 - 39세,대구광역시,국내온라인거래,미용서비스,계약불이행(불완전이행)
2023013970,2023-03-13,남자,50 - 59세,대구광역시,일반판매,도어록,안전(제품/시설)
2023013971,2023-03-13,여자,20 - 29세,서울특별시,일반판매,전기진공청소기,표시.광고
2023013972,2023-03-13,남자,40 - 49세,부산광역시,전화권유판매,인터넷정보이용서비스,계약불이행(불완전이행)
2023013973,2023-03-13,여자,40 - 49세,부산광역시,기타통신판매,기타완구·인형,표시.광고
2023013974,2023-03-13,남자,40 - 49세,경상북도,일반판매,국제결혼중개,계약불이행(불완전이행)
2023013975,2023-03-13,여자,20 - 29세,서울특별시,방문판매,헬스장,계약해제.해지/위약금
2023013976,2023-03-13,여자,20 - 29세,대구광역시,방문판매,정수기대여(렌트),AS불만
2023013977,2023-03-14,남자,(미입력),서울특별시,일반판매,항공여객운송서비스,계약불이행(불완전이행)
2023013978,2023-03-14,여자,30 - 39세,서울특별시,일반판매,헬스장,계약해제.해지/위약금
2023013979,2023-03-14,여자,50 - 59세,서울특별시,기타,기타인테리어설비,AS불만
2023013980,2023-03-14,남자,40 - 49세,부산광역시,기타,점퍼·재킷류,계약불이행(불완전이행)
2023013981,2023-03-14,남자,50 - 59세,전라북도,일반판매,전기자동차,AS불만
2023013982,2023-03-14,여자,40 - 49세,강원특별자치도,일반판매,항공여객운송서비스,안전(제품/시설)
2023013983,2023-03-14,여자,40 - 49세,경상남도,국내온라인거래,기타보건·위생용품,품질(물품/용역)
2023013985,2023-03-14,여자,60 - 64세,서울특별시,소셜커머스(쇼핑),냉장고,품질(물품/용역)
2023013986,2023-03-14,여자,40 - 49세,경기도,일반판매,정수기대여(렌트),계약해제.해지/위약금
2023013987,2023-03-14,여자,20 - 29세,대전광역시,일반판매,헬스장,계약해제.해지/위약금
2023013988,2023-03-14,여자,20 - 29세,서울특별시,국내온라인거래,점퍼·재킷류,계약불이행(불완전이행)
2023013989,2023-03-14,남자,65 - 69세,경상북도,일반판매,가발,계약해제.해지/위약금
2023013990,2023-03-14,남자,30 - 39세,경기도,방문판매,국외여행,계약해제.해지/위약금
2023013991,2023-03-14,남자,60 - 64세,서울특별시,기타통신판매,이동전화서비스,계약불이행(불완전이행)
2023013992,2023-03-14,남자,50 - 59세,경기도,기타통신판매,초고속인터넷,부당행위
2023013993,2023-03-14,남자,30 - 39세,경기도,국내온라인거래,시계,계약불이행(불완전이행)
2023013994,2023-03-14,남자,40 - 49세,경기도,기타통신판매,점퍼·재킷류,청약철회
2023013996,2023-03-14,여자,50 - 59세,울산광역시,국내온라인거래,항공여객운송서비스,계약불이행(불완전이행)
2023013997,2023-03-14,남자,65 - 69세,경상남도,전화권유판매,인터넷정보이용서비스,청약철회
2023013999,2023-03-14,여자,30 - 39세,대전광역시,국내온라인거래,양복(서양식 의복)세탁,품질(물품/용역)
2023014000,2023-03-14,여자,30 - 39세,서울특별시,일반판매,필라테스,계약해제.해지/위약금
2023014002,2023-03-14,남자,50 - 59세,경상남도,일반판매,양복(서양식 의복)세탁,품질(물품/용역)
2023014003,2023-03-14,남자,20 - 29세,부산광역시,일반판매,헬스장,계약해제.해지/위약금
2023014004,2023-03-14,여자,40 - 49세,경상남도,일반판매,건물청소서비스,계약불이행(불완전이행)
2023014005,2023-03-14,여자,20 - 29세,경상남도,일반판매,양복(서양식 의복)세탁,품질(물품/용역)
2023014006,2023-03-14,여자,50 - 59세,경기도,국내온라인거래,국내여행,부당행위
2023014007,2023-03-14,남자,30 - 39세,경기도,국내온라인거래,호텔,청약철회
2023014008,2023-03-14,여자,70 - 79세,경상남도,국내온라인거래,코트,품질(물품/용역)
2023014009,2023-03-14,여자,20 - 29세,서울특별시,국내온라인거래,기타문화용품,품질(물품/용역)
2023014010,2023-03-14,남자,30 - 39세,부산광역시,일반판매,운동화,청약철회
2023014011,2023-03-14,여자,40 - 49세,경기도,국내온라인거래,점퍼·재킷류,품질(물품/용역)
2023014013,2023-03-14,남자,30 - 39세,경기도,일반판매,미분류수리가공,품질(물품/용역)
2023014014,2023-03-14,여자,30 - 39세,서울특별시,일반판매,기타음식관련서비스,안전(제품/시설)
2023014015,2023-03-14,남자,70 - 79세,부산광역시,일반판매,운동화,품질(물품/용역)
2023014016,2023-03-14,여자,60 - 64세,전라북도,기타통신판매,모바일정보이용서비스,계약해제.해지/위약금
2023014017,2023-03-14,여자,80세이상,부산광역시,일반판매,점퍼·재킷류,품질(물품/용역)
2023014018,2023-03-14,여자,30 - 39세,서울특별시,일반판매,예식서비스,계약해제.해지/위약금
2023014020,2023-03-14,남자,불명,서울특별시,일반판매,안마의자대여(렌트),부당행위
2023014021,2023-03-14,여자,30 - 39세,인천광역시,일반판매,이동전화서비스,부당행위
2023014022,2023-03-14,남자,50 - 59세,경기도,모바일거래,모바일게임서비스,청약철회
2023014023,2023-03-14,여자,30 - 39세,전라남도,국내온라인거래,각종공연관람,청약철회
2023014024,2023-03-14,여자,50 - 59세,경상남도,일반판매,소형승용자동차,계약해제.해지/위약금
2023014025,2023-03-14,남자,40 - 49세,충청남도,기타통신판매,정수기대여(렌트),품질(물품/용역)
2023014026,2023-03-14,여자,30 - 39세,경기도,일반판매,점퍼·재킷류,품질(물품/용역)
2023014027,2023-03-14,남자,20 - 29세,부산광역시,전화권유판매,유사투자자문,계약불이행(불완전이행)
2023014028,2023-03-14,여자,40 - 49세,대구광역시,일반판매,니트(스웨터),품질(물품/용역)
2023014029,2023-03-14,여자,60 - 64세,부산광역시,일반판매,성형외과,품질(물품/용역)
2023014030,2023-03-14,남자,불명,대구광역시,국내온라인거래,기타컴퓨터·주변기기,품질(물품/용역)
2023014031,2023-03-14,남자,40 - 49세,경기도,일반판매,애완견,거래관행
2023014032,2023-03-14,여자,40 - 49세,인천광역시,국내온라인거래,책장·서가,계약불이행(불완전이행)
2023014033,2023-03-14,여자,40 - 49세,광주광역시,일반판매,기타간편복,품질(물품/용역)
2023014034,2023-03-14,여자,40 - 49세,부산광역시,일반판매,신발세탁,계약불이행(불완전이행)
2023014035,2023-03-14,남자,10 - 19세,서울특별시,일반판매,운동화,품질(물품/용역)
2023014036,2023-03-14,여자,30 - 39세,대전광역시,일반판매,헬스장,계약해제.해지/위약금
2023014037,2023-03-14,남자,50 - 59세,인천광역시,국내온라인거래,항공여객운송서비스,계약해제.해지/위약금
2023014038,2023-03-14,남자,40 - 49세,전라북도,기타통신판매,운동화,품질(물품/용역)
2023014040,2023-03-14,여자,20 - 29세,전라북도,국내온라인거래,신발세탁,계약불이행(불완전이행)
2023014041,2023-03-14,여자,40 - 49세,서울특별시,일반판매,셔츠,품질(물품/용역)
2023014042,2023-03-14,여자,30 - 39세,대전광역시,국내온라인거래,숙녀화(구두·부츠 등),품질(물품/용역)
2023014043,2023-03-14,여자,40 - 49세,서울특별시,일반판매,셔츠,품질(물품/용역)
2023014044,2023-03-14,남자,70 - 79세,경기도,국내온라인거래,인터넷정보이용서비스,부당행위
2023014045,2023-03-14,여자,50 - 59세,경기도,일반판매,가구세트,계약해제.해지/위약금
2023014046,2023-03-14,여자,불명,대구광역시,일반판매,미용서비스,계약불이행(불완전이행)
2023014047,2023-03-14,여자,40 - 49세,부산광역시,국내온라인거래,숙녀화(구두·부츠 등),품질(물품/용역)
2023014048,2023-03-14,여자,50 - 59세,경기도,일반판매,운동화,품질(물품/용역)
2023014049,2023-03-14,여자,30 - 39세,경기도,일반판매,핸드백,품질(물품/용역)
2023014050,2023-03-14,남자,30 - 39세,경기도,일반판매,헬스장,계약해제.해지/위약금
2023014051,2023-03-14,여자,50 - 59세,서울특별시,전화권유판매,모바일정보이용서비스,계약해제.해지/위약금
2023014052,2023-03-14,여자,40 - 49세,서울특별시,일반판매,기타회원권,계약해제.해지/위약금
2023014053,2023-03-14,여자,50 - 59세,서울특별시,국내온라인거래,기타일반화장품,품질(물품/용역)
2023014054,2023-03-14,남자,40 - 49세,전라남도,국내온라인거래,CCTV,계약불이행(불완전이행)
2023014055,2023-03-14,여자,40 - 49세,경기도,국내온라인거래,티셔츠,품질(물품/용역)
2023014056,2023-03-14,남자,40 - 49세,충청남도,기타,전기밥솥,품질(물품/용역)
2023014057,2023-03-14,여자,50 - 59세,경기도,일반판매,양복(서양식 의복)세탁,품질(물품/용역)
2023014058,2023-03-14,남자,30 - 39세,경기도,국내온라인거래,점퍼·재킷류,청약철회
2023014059,2023-03-14,여자,30 - 39세,경기도,일반판매,책장·서가,품질(물품/용역)
2023014060,2023-03-14,여자,40 - 49세,대구광역시,국내온라인거래,피부·체형관리서비스,계약해제.해지/위약금
2023014061,2023-03-14,남자,30 - 39세,전라남도,일반판매,외과,단순문의.상담
2023014062,2023-03-14,남자,50 - 59세,경기도,일반판매,정형외과,품질(물품/용역)
2023014063,2023-03-14,남자,50 - 59세,경기도,일반판매,치과,단순문의.상담
2023014064,2023-03-14,여자,30 - 39세,부산광역시,일반판매,숙녀화(구두·부츠 등),품질(물품/용역)
2023014065,2023-03-14,여자,30 - 39세,경기도,국내온라인거래,코트,품질(물품/용역)
2023014066,2023-03-14,남자,50 - 59세,경기도,국내온라인거래,스낵과자,안전(제품/시설)
2023014067,2023-03-14,여자,40 - 49세,경상남도,일반판매,양복(서양식 의복)세탁,품질(물품/용역)
2023014068,2023-03-14,남자,30 - 39세,경기도,국내온라인거래,소프트웨어,청약철회
2023014069,2023-03-14,남자,50 - 59세,경기도,기타통신판매,가스보일러,계약불이행(불완전이행)
2023014070,2023-03-14,여자,30 - 39세,광주광역시,일반판매,코트,품질(물품/용역)
2023014071,2023-03-14,여자,불명,전라북도,일반판매,필라테스,계약해제.해지/위약금
2023014072,2023-03-14,남자,30 - 39세,서울특별시,국내온라인거래,전자게임기구,품질(물품/용역)
2023014073,2023-03-14,여자,40 - 49세,경기도,국내온라인거래,점퍼·재킷류,표시.광고
2023014074,2023-03-14,여자,50 - 59세,경기도,국내온라인거래,호텔,계약해제.해지/위약금
2023014075,2023-03-14,여자,50 - 59세,경상남도,일반판매,이동전화서비스,가격.요금
2023014076,2023-03-14,남자,20 - 29세,경상북도,일반판매,헬스장,계약해제.해지/위약금
2023014077,2023-03-14,남자,40 - 49세,경기도,국내온라인거래,바이올린,품질(물품/용역)
2023014078,2023-03-14,여자,20 - 29세,경기도,기타,택배화물운송서비스,품질(물품/용역)
2023014079,2023-03-14,여자,40 - 49세,경기도,국내온라인거래,타일,계약불이행(불완전이행)
2023014080,2023-03-14,남자,30 - 39세,경기도,국내온라인거래,커터기,품질(물품/용역)
2023014081,2023-03-14,남자,20 - 29세,경기도,국내온라인거래,기타문화·오락시설이용,계약해제.해지/위약금
2023014082,2023-03-14,여자,50 - 59세,서울특별시,일반판매,음식물처리기,품질(물품/용역)
2023014083,2023-03-14,남자,20 - 29세,경기도,모바일거래,헬스장,계약해제.해지/위약금
2023014084,2023-03-14,남자,20 - 29세,강원특별자치도,기타,정수기대여(렌트),계약해제.해지/위약금
2023014085,2023-03-14,여자,30 - 39세,경기도,국내온라인거래,항공여객운송서비스,청약철회
2023014086,2023-03-14,여자,40 - 49세,대전광역시,국내온라인거래,프라이팬,품질(물품/용역)
2023014087,2023-03-14,여자,20 - 29세,충청북도,국내온라인거래,캐주얼바지,계약불이행(불완전이행)
2023014088,2023-03-14,여자,30 - 39세,서울특별시,소셜커머스(쇼핑),운동화,청약철회
2023014089,2023-03-14,여자,30 - 39세,서울특별시,기타,"연회서비스(돌잔치,회갑 등)",청약철회
2023014090,2023-03-14,여자,20 - 29세,서울특별시,방문판매,헬스장,계약해제.해지/위약금
2023014091,2023-03-14,여자,30 - 39세,서울특별시,국내온라인거래,사진촬영,계약해제.해지/위약금
2023014092,2023-03-14,남자,50 - 59세,경기도,일반판매,텐트,품질(물품/용역)
2023014093,2023-03-14,여자,20 - 29세,서울특별시,국내온라인거래,기타의류·섬유,표시.광고
2023014094,2023-03-14,남자,30 - 39세,경기도,기타,IPTV,부당채권추심
2023014095,2023-03-14,여자,30 - 39세,서울특별시,소셜커머스(쇼핑),기타가방,청약철회
2023014096,2023-03-14,남자,40 - 49세,인천광역시,기타통신판매,정수기대여(렌트),계약해제.해지/위약금
2023014097,2023-03-14,여자,50 - 59세,경기도,국내온라인거래,인터넷교육서비스,계약불이행(불완전이행)
2023014098,2023-03-14,여자,20 - 29세,경기도,국내온라인거래,숙녀화(구두·부츠 등),청약철회
2023014099,2023-03-14,남자,30 - 39세,충청북도,국내온라인거래,항공여객운송서비스,청약철회
2023014100,2023-03-14,남자,30 - 39세,서울특별시,국내온라인거래,통신기기케이스,청약철회
2023014101,2023-03-14,여자,20 - 29세,충청북도,모바일거래,기타가방,품질(물품/용역)
2023014102,2023-03-14,여자,20 - 29세,서울특별시,일반판매,결혼준비대행서비스,계약해제.해지/위약금
2023014103,2023-03-14,여자,40 - 49세,경기도,모바일거래,항공여객운송서비스,계약해제.해지/위약금
2023014104,2023-03-14,남자,40 - 49세,세종특별자치시,국내온라인거래,노트북컴퓨터,계약불이행(불완전이행)
2023014105,2023-03-14,여자,40 - 49세,대구광역시,TV홈쇼핑,기타숙박시설,약관
2023014106,2023-03-14,여자,30 - 39세,서울특별시,모바일거래,기타의류·섬유,청약철회
2023014107,2023-03-14,여자,10 - 19세,광주광역시,모바일거래,기타완구·인형,청약철회
2023014108,2023-03-14,여자,50 - 59세,경상북도,기타,타일,가격.요금
2023014109,2023-03-14,여자,10 - 19세,서울특별시,기타,일반강습(입시학원등),계약해제.해지/위약금
2023014110,2023-03-14,남자,30 - 39세,광주광역시,기타통신판매,CD·LD·DVD(영화·음악·게임),청약철회
2023014111,2023-03-14,남자,20 - 29세,경기도,방문판매,헬스장,계약해제.해지/위약금
2023014112,2023-03-14,여자,30 - 39세,부산광역시,국내온라인거래,캐주얼바지,품질(물품/용역)
2023014113,2023-03-14,여자,70 - 79세,서울특별시,일반판매,그릇세트,품질(물품/용역)
2023014114,2023-03-14,여자,40 - 49세,경기도,소셜커머스(쇼핑),항공여객운송서비스,계약해제.해지/위약금
2023014115,2023-03-14,남자,20 - 29세,서울특별시,다단계판매,일반강습(입시학원등),계약해제.해지/위약금
2023014116,2023-03-14,남자,30 - 39세,경기도,국내온라인거래,헤드폰·이어폰,AS불만
2023014117,2023-03-14,여자,30 - 39세,경기도,일반판매,종합체육시설회원권,계약해제.해지/위약금
2023014119,2023-03-14,여자,40 - 49세,경기도,국내온라인거래,초고속인터넷,가격.요금
2023014120,2023-03-14,여자,40 - 49세,서울특별시,국내온라인거래,사진촬영,계약해제.해지/위약금
2023014121,2023-03-14,남자,40 - 49세,경기도,모바일거래,포장이사운송서비스,품질(물품/용역)
2023014122,2023-03-14,여자,30 - 39세,경기도,일반판매,결혼준비대행서비스,청약철회
2023014123,2023-03-14,남자,20 - 29세,전라북도,방문판매,헬스장,계약해제.해지/위약금
2023014124,2023-03-14,여자,40 - 49세,충청북도,국내온라인거래,애완식물(화분·분재),청약철회
2023014125,2023-03-14,남자,30 - 39세,서울특별시,방문판매,예식서비스,계약해제.해지/위약금
2023014126,2023-03-14,여자,40 - 49세,대전광역시,기타,헬스장,계약해제.해지/위약금
2023014127,2023-03-14,여자,30 - 39세,서울특별시,모바일거래,항공여객운송서비스,계약해제.해지/위약금
2023014128,2023-03-14,여자,30 - 39세,부산광역시,국내온라인거래,침대,품질(물품/용역)
2023014129,2023-03-14,여자,20 - 29세,경기도,기타,니트(스웨터),청약철회
2023014130,2023-03-14,남자,20 - 29세,경기도,기타,여관(모텔),품질(물품/용역)
2023014131,2023-03-14,여자,40 - 49세,경기도,국내온라인거래,항공여객운송서비스,계약해제.해지/위약금
2023014132,2023-03-14,남자,40 - 49세,서울특별시,기타,초고속인터넷,부당행위
2023014134,2023-03-14,남자,20 - 29세,충청남도,방문판매,헬스장,계약해제.해지/위약금
2023014135,2023-03-14,여자,40 - 49세,경기도,국내온라인거래,헤드폰·이어폰,청약철회
2023014136,2023-03-14,여자,30 - 39세,울산광역시,국내온라인거래,보석·귀금속,품질(물품/용역)
2023014137,2023-03-14,남자,30 - 39세,전라북도,전화권유판매,IPTV,계약불이행(불완전이행)
2023014138,2023-03-14,남자,30 - 39세,강원특별자치도,기타,기타이·미용서비스,계약해제.해지/위약금
2023014139,2023-03-14,여자,30 - 39세,경기도,소셜커머스(쇼핑),점퍼·재킷류,부당행위
2023014140,2023-03-14,여자,40 - 49세,인천광역시,국내온라인거래,티셔츠,청약철회
2023014142,2023-03-14,여자,40 - 49세,부산광역시,국내온라인거래,이불·요,품질(물품/용역)
2023014143,2023-03-14,여자,30 - 39세,대전광역시,모바일거래,국외여행,청약철회
2023014144,2023-03-14,남자,20 - 29세,충청남도,소셜커머스(쇼핑),기타모피·가죽의류,청약철회
2023014145,2023-03-14,남자,40 - 49세,대구광역시,모바일거래,항공여객운송서비스,계약해제.해지/위약금
2023014146,2023-03-14,남자,40 - 49세,대구광역시,기타,아파트,품질(물품/용역)
2023014147,2023-03-14,여자,40 - 49세,경상북도,후원방문판매,장의관련서비스,계약해제.해지/위약금
2023014148,2023-03-14,여자,40 - 49세,서울특별시,기타,숙녀화(구두·부츠 등),품질(물품/용역)
2023014149,2023-03-14,여자,30 - 39세,경기도,국제온라인거래,항공여객운송서비스,계약불이행(불완전이행)
2023014150,2023-03-14,여자,65 - 69세,서울특별시,국내온라인거래,전기진공청소기,표시.광고
2023014151,2023-03-14,여자,30 - 39세,서울특별시,국내온라인거래,건물청소서비스,계약해제.해지/위약금
2023014153,2023-03-14,여자,30 - 39세,서울특별시,일반판매,서랍장,품질(물품/용역)
2023014154,2023-03-14,여자,30 - 39세,서울특별시,기타통신판매,초고속인터넷,부당행위
2023014155,2023-03-14,남자,40 - 49세,울산광역시,모바일거래,모바일정보이용서비스,청약철회
2023014156,2023-03-14,여자,40 - 49세,서울특별시,국내온라인거래,헤어드라이어,계약불이행(불완전이행)
2023014157,2023-03-14,남자,40 - 49세,경기도,방문판매,콘도회원권,계약해제.해지/위약금
2023014158,2023-03-14,남자,40 - 49세,울산광역시,국내온라인거래,항공여객운송서비스,계약불이행(불완전이행)
2023014159,2023-03-14,남자,30 - 39세,대전광역시,국내온라인거래,기타영상기기,품질(물품/용역)
2023014160,2023-03-14,남자,40 - 49세,경기도,방문판매,정수기대여(렌트),품질(물품/용역)
2023014161,2023-03-14,여자,40 - 49세,전라남도,국내온라인거래,항공여객운송서비스,계약해제.해지/위약금
2023014162,2023-03-15,남자,40 - 49세,강원특별자치도,소셜커머스(쇼핑),정수기대여(렌트),계약해제.해지/위약금
2023014163,2023-03-15,여자,30 - 39세,부산광역시,국내온라인거래,노트북컴퓨터,표시.광고
2023014164,2023-03-15,남자,70 - 79세,인천광역시,국내온라인거래,공기청정기,품질(물품/용역)
2023014165,2023-03-15,남자,30 - 39세,서울특별시,모바일거래,기타예식관련서비스,계약불이행(불완전이행)
2023014166,2023-03-15,남자,30 - 39세,경기도,전화권유판매,전기자동차,계약해제.해지/위약금
2023014167,2023-03-15,남자,30 - 39세,울산광역시,일반판매,기타위생서비스,부당행위
2023014168,2023-03-15,여자,50 - 59세,인천광역시,국내온라인거래,기타이·미용기구,품질(물품/용역)
2023014169,2023-03-15,남자,30 - 39세,서울특별시,국내온라인거래,운동화,품질(물품/용역)
2023014170,2023-03-15,여자,40 - 49세,경기도,기타,초고속인터넷,계약해제.해지/위약금
2023014171,2023-03-15,남자,20 - 29세,광주광역시,전화권유판매,인터넷정보이용서비스,계약해제.해지/위약금
2023014172,2023-03-15,여자,40 - 49세,인천광역시,일반판매,사진촬영,계약불이행(불완전이행)
2023014173,2023-03-15,남자,50 - 59세,경기도,전화권유판매,정수기대여(렌트),계약해제.해지/위약금
2023014174,2023-03-15,남자,65 - 69세,경기도,일반판매,실손보험,약관
2023014175,2023-03-15,여자,30 - 39세,전라남도,국내온라인거래,스포츠웨어,계약해제.해지/위약금
2023014176,2023-03-15,남자,40 - 49세,서울특별시,국내온라인거래,캐주얼바지,계약불이행(불완전이행)
2023014177,2023-03-15,남자,50 - 59세,부산광역시,일반판매,중고자동차중개·매매,부당행위
2023014178,2023-03-15,여자,30 - 39세,서울특별시,국내온라인거래,기타숙박시설,표시.광고
2023014179,2023-03-15,여자,30 - 39세,서울특별시,일반판매,헬스장,계약해제.해지/위약금
2023014180,2023-03-15,남자,40 - 49세,서울특별시,기타통신판매,인터넷정보이용서비스,계약불이행(불완전이행)
2023014181,2023-03-15,여자,40 - 49세,서울특별시,일반판매,건강(암·기타질병)보험,약관
2023014182,2023-03-15,남자,30 - 39세,울산광역시,일반판매,스마트폰,AS불만
2023014183,2023-03-15,남자,70 - 79세,경상북도,일반판매,묘목·모종,계약불이행(불완전이행)
2023014184,2023-03-15,여자,50 - 59세,서울특별시,전화권유판매,정수기대여(렌트),약관
2023014185,2023-03-15,남자,20 - 29세,충청북도,기타,헬스장,계약해제.해지/위약금
2023014186,2023-03-15,남자,30 - 39세,경기도,모바일거래,모바일정보이용서비스,부당행위
2023014187,2023-03-15,여자,65 - 69세,경상북도,기타통신판매,TV,품질(물품/용역)
2023014188,2023-03-15,여자,20 - 29세,경상남도,모바일거래,호텔,계약해제.해지/위약금
2023014189,2023-03-15,여자,30 - 39세,서울특별시,국내온라인거래,양복(서양식 의복)세탁,품질(물품/용역)
2023014190,2023-03-15,남자,40 - 49세,대전광역시,국내온라인거래,기타숙박시설,계약해제.해지/위약금
2023014191,2023-03-15,여자,50 - 59세,충청북도,국내온라인거래,보석·귀금속,품질(물품/용역)
2023014192,2023-03-15,남자,30 - 39세,경기도,일반판매,헬스장,계약해제.해지/위약금
2023014193,2023-03-15,여자,40 - 49세,경기도,일반판매,가구세트,계약해제.해지/위약금
2023014194,2023-03-15,남자,50 - 59세,서울특별시,국내온라인거래,사진촬영,계약해제.해지/위약금
2023014195,2023-03-15,여자,40 - 49세,경기도,방문판매,기타자동차용품,AS불만
2023014196,2023-03-15,여자,40 - 49세,경상남도,일반판매,의류수선,품질(물품/용역)
2023014197,2023-03-15,여자,50 - 59세,울산광역시,국내온라인거래,기타책상·테이블류,품질(물품/용역)
2023014198,2023-03-15,여자,70 - 79세,경기도,일반판매,건강(암·기타질병)보험,약관
2023014199,2023-03-15,남자,40 - 49세,인천광역시,기타통신판매,IPTV,부당행위
2023014200,2023-03-15,남자,80세이상,제주도,기타통신판매,전기팬히터,품질(물품/용역)
2023014201,2023-03-15,남자,30 - 39세,경기도,방문판매,차량네비게이션(자동항법장치),품질(물품/용역)
2023014202,2023-03-15,남자,20 - 29세,경기도,국내온라인거래,전기진공청소기,품질(물품/용역)
2023014203,2023-03-15,여자,30 - 39세,경기도,일반판매,기타위생서비스,품질(물품/용역)
2023014204,2023-03-15,여자,20 - 29세,서울특별시,소셜커머스(쇼핑),핸드백,청약철회
2023014205,2023-03-15,여자,40 - 49세,경기도,일반판매,국외여행,계약해제.해지/위약금
2023014206,2023-03-15,여자,20 - 29세,경기도,국내온라인거래,원피스,청약철회
2023014207,2023-03-15,여자,40 - 49세,경기도,국내온라인거래,숙녀복세트,청약철회
2023014208,2023-03-15,여자,30 - 39세,서울특별시,기타,외식,계약해제.해지/위약금
2023014209,2023-03-15,여자,30 - 39세,경기도,국내온라인거래,화장대,품질(물품/용역)
2023014210,2023-03-15,남자,40 - 49세,경기도,국내온라인거래,헤드폰·이어폰,품질(물품/용역)
2023014211,2023-03-15,여자,50 - 59세,경기도,일반판매,헬스장,계약해제.해지/위약금
2023014212,2023-03-15,남자,70 - 79세,전라북도,전화권유판매,모바일정보이용서비스,계약불이행(불완전이행)
2023014213,2023-03-15,여자,30 - 39세,인천광역시,국내온라인거래,아동복,청약철회
2023014214,2023-03-15,여자,65 - 69세,인천광역시,일반판매,기타여행,계약해제.해지/위약금
2023014216,2023-03-15,여자,50 - 59세,경기도,국내온라인거래,니트(스웨터),청약철회
2023014217,2023-03-15,남자,40 - 49세,대구광역시,국내온라인거래,인터넷정보이용서비스,계약불이행(불완전이행)
2023014218,2023-03-15,여자,20 - 29세,경기도,일반판매,각종자격취득강습,표시.광고
2023014220,2023-03-15,남자,30 - 39세,서울특별시,일반판매,중형승용자동차,품질(물품/용역)
2023014221,2023-03-15,여자,30 - 39세,부산광역시,일반판매,공기청정기대여(렌트),계약불이행(불완전이행)
2023014222,2023-03-15,여자,40 - 49세,경기도,기타,재봉틀,품질(물품/용역)
2023014223,2023-03-15,남자,30 - 39세,서울특별시,일반판매,포장이사운송서비스,AS불만
2023014224,2023-03-15,남자,65 - 69세,서울특별시,일반판매,소파,품질(물품/용역)
2023014225,2023-03-15,여자,65 - 69세,대전광역시,일반판매,헬스장,계약해제.해지/위약금
2023014226,2023-03-15,여자,50 - 59세,경기도,일반판매,콘도회원권,계약해제.해지/위약금
2023014227,2023-03-15,여자,30 - 39세,서울특별시,국내온라인거래,책장·서가,품질(물품/용역)
2023014228,2023-03-15,남자,40 - 49세,서울특별시,기타통신판매,헬스장,계약해제.해지/위약금
2023014229,2023-03-15,남자,40 - 49세,경기도,일반판매,경비·관리서비스,계약해제.해지/위약금
2023014230,2023-03-15,남자,30 - 39세,부산광역시,일반판매,실손보험,약관
2023014231,2023-03-15,남자,40 - 49세,경기도,소셜커머스(쇼핑),호텔,청약철회
2023014232,2023-03-15,남자,30 - 39세,인천광역시,일반판매,포장이사운송서비스,품질(물품/용역)
2023014233,2023-03-15,남자,30 - 39세,대전광역시,일반판매,신발세탁,계약불이행(불완전이행)
2023014235,2023-03-15,남자,30 - 39세,서울특별시,국내온라인거래,상품권,부당행위
2023014236,2023-03-15,남자,50 - 59세,서울특별시,모바일거래,기타의료용구,AS불만
2023014237,2023-03-15,여자,50 - 59세,경기도,일반판매,핸드백,품질(물품/용역)
2023014238,2023-03-15,여자,40 - 49세,충청북도,국내온라인거래,기타교육서비스,계약해제.해지/위약금
2023014239,2023-03-15,남자,불명,서울특별시,일반판매,점퍼·재킷류,품질(물품/용역)
2023014240,2023-03-15,여자,40 - 49세,세종특별자치시,전화권유판매,모바일정보이용서비스,계약해제.해지/위약금
2023014241,2023-03-15,여자,30 - 39세,경기도,국내온라인거래,항공여객운송서비스,계약불이행(불완전이행)
2023014242,2023-03-15,남자,60 - 64세,대전광역시,일반판매,가스보일러,거래관행
2023014245,2023-03-15,남자,40 - 49세,경상북도,일반판매,국내결혼중개,계약해제.해지/위약금
2023014246,2023-03-15,여자,50 - 59세,부산광역시,일반판매,건강(암·기타질병)보험,약관
2023014247,2023-03-15,남자,20 - 29세,충청북도,일반판매,펜션,계약해제.해지/위약금
2023014248,2023-03-15,여자,40 - 49세,경기도,국내온라인거래,프린터,품질(물품/용역)
2023014249,2023-03-15,여자,50 - 59세,경기도,일반판매,니트(스웨터),품질(물품/용역)
2023014250,2023-03-15,남자,불명,경상북도,전화권유판매,초고속인터넷,품질(물품/용역)
2023014251,2023-03-15,여자,40 - 49세,경기도,일반판매,점퍼·재킷류,품질(물품/용역)
2023014252,2023-03-15,남자,50 - 59세,서울특별시,일반판매,이동전화서비스,부당행위
2023014253,2023-03-15,남자,60 - 64세,충청남도,국내온라인거래,복합기,품질(물품/용역)
2023014254,2023-03-15,남자,80세이상,부산광역시,일반판매,운동화,품질(물품/용역)
2023014255,2023-03-15,여자,20 - 29세,서울특별시,기타통신판매,기타사설강습서비스,표시.광고
2023014256,2023-03-15,남자,20 - 29세,서울특별시,국내온라인거래,의류수선,품질(물품/용역)
2023014257,2023-03-15,여자,30 - 39세,경기도,국내온라인거래,옷장,청약철회
2023014258,2023-03-15,여자,40 - 49세,경기도,일반판매,외식,품질(물품/용역)
2023014259,2023-03-15,여자,30 - 39세,전라남도,일반판매,아동화,품질(물품/용역)
2023014260,2023-03-15,남자,50 - 59세,서울특별시,일반판매,운동화,품질(물품/용역)
2023014261,2023-03-15,여자,60 - 64세,서울특별시,일반판매,건강(암·기타질병)보험,약관
2023014262,2023-03-15,여자,20 - 29세,경기도,일반판매,필라테스,계약해제.해지/위약금
2023014263,2023-03-15,남자,50 - 59세,대전광역시,기타통신판매,사진촬영,계약불이행(불완전이행)
2023014265,2023-03-15,남자,30 - 39세,서울특별시,일반판매,자동차보험,부당행위
2023014266,2023-03-15,여자,40 - 49세,대전광역시,국내온라인거래,호텔,계약해제.해지/위약금
2023014267,2023-03-15,여자,30 - 39세,경기도,일반판매,스포츠시설이용,계약해제.해지/위약금
2023014268,2023-03-15,여자,65 - 69세,부산광역시,일반판매,양복(서양식 의복)세탁,품질(물품/용역)
2023014269,2023-03-15,여자,50 - 59세,제주도,일반판매,예식서비스,계약해제.해지/위약금
2023014270,2023-03-15,여자,40 - 49세,인천광역시,기타통신판매,인터넷정보이용서비스,계약해제.해지/위약금
2023014271,2023-03-15,여자,50 - 59세,경상북도,일반판매,핸드백,품질(물품/용역)
2023014272,2023-03-15,남자,불명,인천광역시,국내온라인거래,호텔,표시.광고
2023014273,2023-03-15,여자,40 - 49세,경기도,일반판매,건강(암·기타질병)보험,약관
2023014274,2023-03-15,여자,70 - 79세,경기도,일반판매,건강(암·기타질병)보험,약관
2023014275,2023-03-15,남자,30 - 39세,경기도,국내온라인거래,샌들·슬리퍼,청약철회
2023014276,2023-03-15,여자,30 - 39세,경상북도,일반판매,양복(서양식 의복)세탁,품질(물품/용역)
2023014277,2023-03-15,여자,60 - 64세,서울특별시,전화권유판매,레저·이벤트회원권,계약해제.해지/위약금
2023014278,2023-03-15,남자,20 - 29세,경상북도,일반판매,양복(서양식 의복)세탁,품질(물품/용역)
2023014279,2023-03-15,남자,70 - 79세,서울특별시,국내온라인거래,전기요,AS불만
2023014280,2023-03-15,여자,40 - 49세,경상남도,국내온라인거래,유사투자자문,계약불이행(불완전이행)
2023014281,2023-03-15,남자,50 - 59세,서울특별시,국내온라인거래,실손보험,계약불이행(불완전이행)
2023014282,2023-03-15,남자,40 - 49세,경상남도,전화권유판매,유사투자자문,계약해제.해지/위약금
2023014283,2023-03-15,남자,50 - 59세,경기도,전화권유판매,유사투자자문,청약철회
2023014284,2023-03-15,남자,불명,경기도,전화권유판매,유사투자자문,계약불이행(불완전이행)
2023014285,2023-03-15,여자,40 - 49세,서울특별시,국내온라인거래,기타간편복,청약철회
2023014286,2023-03-15,남자,40 - 49세,서울특별시,국내온라인거래,스캐너,AS불만
2023014287,2023-03-15,여자,30 - 39세,경기도,국내온라인거래,기타의류·섬유,계약불이행(불완전이행)
2023014288,2023-03-15,남자,30 - 39세,경기도,국내온라인거래,항공여객운송서비스,계약해제.해지/위약금
2023014289,2023-03-15,남자,40 - 49세,서울특별시,기타통신판매,점퍼·재킷류,청약철회
2023014290,2023-03-15,남자,30 - 39세,경기도,모바일거래,항공여객운송서비스,계약불이행(불완전이행)
2023014291,2023-03-15,여자,40 - 49세,경상남도,일반판매,필라테스,계약해제.해지/위약금
2023014292,2023-03-15,여자,30 - 39세,서울특별시,일반판매,미용서비스,계약해제.해지/위약금
2023014293,2023-03-15,여자,30 - 39세,서울특별시,방문판매,헬스장,계약해제.해지/위약금
2023014294,2023-03-15,여자,20 - 29세,서울특별시,방문판매,헬스장,계약해제.해지/위약금
2023014295,2023-03-15,남자,40 - 49세,경상북도,소셜커머스(쇼핑),항공여객운송서비스,부당행위
2023014296,2023-03-15,남자,30 - 39세,제주도,기타,스마트폰,AS불만
2023014297,2023-03-15,남자,40 - 49세,인천광역시,국내온라인거래,전기진공청소기,품질(물품/용역)
2023014298,2023-03-15,여자,30 - 39세,서울특별시,국내온라인거래,기타통신기기,계약불이행(불완전이행)
2023014299,2023-03-15,여자,40 - 49세,충청북도,전화권유판매,스마트폰,청약철회
2023014300,2023-03-15,남자,40 - 49세,대전광역시,국내온라인거래,스마트폰,AS불만
2023014301,2023-03-15,여자,40 - 49세,서울특별시,방문판매,일반이사운송서비스,품질(물품/용역)
2023014302,2023-03-15,여자,30 - 39세,전라북도,일반판매,의상대여(렌트),계약해제.해지/위약금
2023014303,2023-03-15,남자,50 - 59세,서울특별시,일반판매,기타인테리어설비,계약불이행(불완전이행)
2023014304,2023-03-15,여자,30 - 39세,대구광역시,국내온라인거래,스프링매트리스,품질(물품/용역)
2023014305,2023-03-15,여자,50 - 59세,경기도,기타,전기프라이팬,품질(물품/용역)
2023014306,2023-03-15,남자,50 - 59세,경기도,일반판매,국제결혼중개,품질(물품/용역)
2023014307,2023-03-15,여자,30 - 39세,서울특별시,국내온라인거래,산후조리원,AS불만
2023014308,2023-03-15,여자,30 - 39세,경상남도,전화권유판매,복권,계약해제.해지/위약금
2023014309,2023-03-15,남자,20 - 29세,인천광역시,일반판매,헬스장,계약해제.해지/위약금
2023014310,2023-03-15,여자,20 - 29세,서울특별시,방문판매,헬스장,계약해제.해지/위약금
2023014311,2023-03-15,여자,40 - 49세,서울특별시,일반판매,국외캠프,계약해제.해지/위약금
2023014312,2023-03-15,여자,20 - 29세,광주광역시,국내온라인거래,일반이사운송서비스,품질(물품/용역)
2023014313,2023-03-15,여자,30 - 39세,인천광역시,소셜커머스(쇼핑),호텔,계약해제.해지/위약금
2023014314,2023-03-15,남자,40 - 49세,대전광역시,일반판매,도서·음반대여(렌트),약관
2023014315,2023-03-15,여자,30 - 39세,충청남도,방문판매,헬스장,계약해제.해지/위약금
2023014316,2023-03-15,남자,40 - 49세,경기도,일반판매,포장이사운송서비스,가격.요금
2023014317,2023-03-15,여자,30 - 39세,서울특별시,모바일거래,스커트,청약철회
2023014318,2023-03-15,남자,40 - 49세,세종특별자치시,국내온라인거래,블루투스스피커,품질(물품/용역)
2023014319,2023-03-15,남자,30 - 39세,경상북도,기타,택배화물운송서비스,품질(물품/용역)
2023014320,2023-03-15,남자,30 - 39세,인천광역시,일반판매,TV,품질(물품/용역)
2023014321,2023-03-15,남자,30 - 39세,서울특별시,일반판매,헬스장,계약해제.해지/위약금
2023014322,2023-03-15,여자,20 - 29세,경기도,기타,신발세탁,품질(물품/용역)
2023014323,2023-03-15,여자,20 - 29세,부산광역시,방문판매,기타사설강습서비스,계약해제.해지/위약금
2023014324,2023-03-15,남자,40 - 49세,서울특별시,방문판매,인터넷교육서비스,계약해제.해지/위약금
2023014325,2023-03-15,여자,30 - 39세,경기도,방문판매,침대·매트리스대여(렌트),계약불이행(불완전이행)
2023014326,2023-03-15,여자,30 - 39세,광주광역시,소셜커머스(쇼핑),의자,청약철회
2023014327,2023-03-15,남자,20 - 29세,울산광역시,국내온라인거래,키보드,계약해제.해지/위약금
2023014329,2023-03-15,남자,20 - 29세,경상남도,방문판매,헬스장,계약해제.해지/위약금
2023014330,2023-03-15,남자,50 - 59세,경기도,국내온라인거래,호텔,계약불이행(불완전이행)
2023014331,2023-03-15,여자,20 - 29세,경상남도,국내온라인거래,기타미분류서비스,계약해제.해지/위약금
2023014332,2023-03-15,여자,30 - 39세,충청남도,기타통신판매,기타회원권,계약불이행(불완전이행)
2023014333,2023-03-15,남자,40 - 49세,경기도,국내온라인거래,TV,계약불이행(불완전이행)
2023014334,2023-03-15,남자,40 - 49세,충청북도,기타,아파트,안전(제품/시설)
2023014335,2023-03-15,남자,30 - 39세,인천광역시,일반판매,골프회원권,계약해제.해지/위약금
2023014336,2023-03-15,여자,50 - 59세,서울특별시,일반판매,고시원이용,계약해제.해지/위약금
2023014337,2023-03-15,여자,30 - 39세,경상남도,국내온라인거래,기타신발·용품,AS불만
2023014338,2023-03-15,여자,20 - 29세,광주광역시,기타,기타미분류서비스,부당행위
2023014339,2023-03-15,남자,20 - 29세,전라북도,기타,기타숙박시설,청약철회
2023014340,2023-03-15,남자,30 - 39세,인천광역시,국내온라인거래,의자,품질(물품/용역)
2023014341,2023-03-15,남자,30 - 39세,경기도,방문판매,결혼준비대행서비스,계약해제.해지/위약금
2023014342,2023-03-15,여자,40 - 49세,서울특별시,모바일거래,인터넷교육서비스,계약불이행(불완전이행)
2023014343,2023-03-15,남자,40 - 49세,경기도,기타,기타인테리어설비,계약해제.해지/위약금
2023014344,2023-03-15,남자,70 - 79세,경기도,기타,오피스텔,계약해제.해지/위약금
2023014345,2023-03-15,여자,30 - 39세,경기도,일반판매,사진촬영,계약불이행(불완전이행)
2023014346,2023-03-15,여자,30 - 39세,경기도,국내온라인거래,노트·수첩·앨범등,계약불이행(불완전이행)
2023014347,2023-03-15,여자,30 - 39세,대전광역시,국내온라인거래,기타조명기기,청약철회
2023014348,2023-03-15,여자,30 - 39세,서울특별시,국내온라인거래,기타위생서비스,품질(물품/용역)
2023014349,2023-03-15,남자,40 - 49세,경기도,국내온라인거래,TV,품질(물품/용역)
2023014350,2023-03-15,여자,20 - 29세,부산광역시,소셜커머스(쇼핑),스마트폰,청약철회
2023014351,2023-03-15,여자,30 - 39세,경기도,소셜커머스(쇼핑),국외여행,부당행위
2023014352,2023-03-15,여자,30 - 39세,경상북도,기타통신판매,모바일정보이용서비스,계약불이행(불완전이행)
2023014353,2023-03-15,여자,30 - 39세,서울특별시,모바일거래,항공여객운송서비스,계약불이행(불완전이행)
2023014354,2023-03-15,여자,30 - 39세,충청북도,국제온라인거래,외식,안전(제품/시설)
2023014355,2023-03-15,남자,40 - 49세,부산광역시,국내온라인거래,여행용가방,품질(물품/용역)
2023014356,2023-03-15,여자,30 - 39세,서울특별시,일반판매,외식,계약해제.해지/위약금
2023014357,2023-03-15,여자,40 - 49세,대구광역시,소셜커머스(쇼핑),여성용내의류,부당행위
2023014358,2023-03-15,여자,50 - 59세,경기도,국내온라인거래,항공여객운송서비스,계약불이행(불완전이행)
2023014359,2023-03-15,여자,30 - 39세,서울특별시,방문판매,헬스장,계약해제.해지/위약금
2023014360,2023-03-15,남자,50 - 59세,강원특별자치도,TV홈쇼핑,안마의자대여(렌트),AS불만
2023014361,2023-03-15,여자,30 - 39세,경기도,국내온라인거래,기타미분류서비스,계약불이행(불완전이행)
2023014363,2023-03-15,여자,20 - 29세,충청북도,모바일거래,필라테스,계약해제.해지/위약금
2023014364,2023-03-15,남자,20 - 29세,서울특별시,국내온라인거래,선풍기,AS불만
2023014366,2023-03-15,남자,20 - 29세,서울특별시,일반판매,일반강습(입시학원등),계약해제.해지/위약금
2023014367,2023-03-15,여자,30 - 39세,전라북도,일반판매,헬스장,계약해제.해지/위약금
2023014401,2023-03-16,남자,60 - 64세,인천광역시,일반판매,전기자전거,품질(물품/용역)
2023014402,2023-03-16,여자,40 - 49세,부산광역시,국내온라인거래,침대,품질(물품/용역)
2023014403,2023-03-16,남자,20 - 29세,대구광역시,일반판매,자동차대여(렌트),부당행위
2023014404,2023-03-16,남자,60 - 64세,서울특별시,국내온라인거래,가위,청약철회
2023014405,2023-03-16,여자,40 - 49세,경기도,국내온라인거래,점퍼·재킷류,품질(물품/용역)
2023014406,2023-03-16,여자,40 - 49세,광주광역시,기타통신판매,침대·매트리스대여(렌트),부당행위
2023014407,2023-03-16,여자,30 - 39세,서울특별시,일반판매,무선인터넷,가격.요금
2023014408,2023-03-16,여자,50 - 59세,서울특별시,국내온라인거래,국외여행,부당행위
2023014409,2023-03-16,남자,30 - 39세,부산광역시,일반판매,헬스장,계약해제.해지/위약금
2023014410,2023-03-16,여자,30 - 39세,인천광역시,소셜커머스(쇼핑),기타미분류물품,부당행위
2023014411,2023-03-16,여자,30 - 39세,경상북도,국내온라인거래,핸드백,품질(물품/용역)
2023014412,2023-03-16,남자,30 - 39세,인천광역시,기타,수영장회원권,계약해제.해지/위약금
2023014413,2023-03-16,여자,40 - 49세,충청남도,일반판매,가옥임대차,품질(물품/용역)
2023014414,2023-03-16,남자,40 - 49세,경상남도,방문판매,건강(암·기타질병)보험,계약불이행(불완전이행)
2023014415,2023-03-16,남자,30 - 39세,대구광역시,국내온라인거래,양복(서양식 의복)세탁,품질(물품/용역)
2023014416,2023-03-16,여자,30 - 39세,경상북도,일반판매,스마트폰,AS불만
2023014417,2023-03-16,여자,30 - 39세,서울특별시,일반판매,변호서비스,계약해제.해지/위약금
2023014418,2023-03-16,남자,60 - 64세,경상북도,국내온라인거래,미분류대여(렌트),품질(물품/용역)
2023014420,2023-03-16,남자,40 - 49세,인천광역시,국내온라인거래,정수기대여(렌트),계약해제.해지/위약금
2023014421,2023-03-16,여자,50 - 59세,서울특별시,국내온라인거래,전기밥솥,AS불만
2023014422,2023-03-16,남자,30 - 39세,경기도,국내온라인거래,유사투자자문,계약해제.해지/위약금
2023014423,2023-03-16,여자,50 - 59세,경기도,전화권유판매,인터넷정보이용서비스,계약해제.해지/위약금
2023014424,2023-03-16,여자,30 - 39세,경기도,일반판매,헬스장,계약해제.해지/위약금
2023014425,2023-03-16,남자,40 - 49세,대구광역시,일반판매,자동차주차장,계약해제.해지/위약금
2023014426,2023-03-16,여자,30 - 39세,서울특별시,일반판매,헬스장,계약해제.해지/위약금
2023014427,2023-03-16,여자,70 - 79세,서울특별시,전화권유판매,기타건강식품,계약해제.해지/위약금
2023014428,2023-03-16,여자,40 - 49세,경기도,일반판매,헬스장,계약해제.해지/위약금
2023014429,2023-03-16,여자,40 - 49세,서울특별시,TV홈쇼핑,의료용구대여(렌트),품질(물품/용역)
2023014430,2023-03-16,여자,20 - 29세,경상북도,일반판매,미용서비스,품질(물품/용역)
2023014431,2023-03-16,여자,30 - 39세,광주광역시,국내온라인거래,블루투스스피커,품질(물품/용역)
2023014432,2023-03-16,남자,60 - 64세,전라남도,기타통신판매,이동전화서비스,부당행위
2023014433,2023-03-16,남자,20 - 29세,서울특별시,국내온라인거래,전기자전거,품질(물품/용역)
2023014434,2023-03-16,남자,20 - 29세,서울특별시,방문판매,필라테스,계약해제.해지/위약금
2023014435,2023-03-16,남자,65 - 69세,서울특별시,일반판매,전기자전거,품질(물품/용역)
2023014436,2023-03-16,남자,65 - 69세,충청남도,방문판매,기타옥외장비·설비,계약해제.해지/위약금
2023014437,2023-03-16,여자,20 - 29세,서울특별시,일반판매,수영장회원권,계약불이행(불완전이행)
2023014438,2023-03-16,남자,40 - 49세,충청남도,일반판매,국내결혼중개,계약해제.해지/위약금
2023014439,2023-03-16,여자,30 - 39세,제주도,국내온라인거래,운동화,품질(물품/용역)
2023014440,2023-03-16,남자,30 - 39세,경기도,일반판매,예식서비스,계약해제.해지/위약금
2023014441,2023-03-16,남자,40 - 49세,서울특별시,국내온라인거래,모바일정보이용서비스,부당행위
2023014442,2023-03-16,여자,20 - 29세,광주광역시,방문판매,단행본,청약철회
2023014443,2023-03-16,여자,50 - 59세,경상북도,일반판매,기타회원권,계약해제.해지/위약금
2023014444,2023-03-16,여자,50 - 59세,경기도,국내온라인거래,점퍼·재킷류,품질(물품/용역)
2023014445,2023-03-16,여자,50 - 59세,경기도,기타통신판매,인터넷정보이용서비스,계약해제.해지/위약금
2023014447,2023-03-16,남자,40 - 49세,전라북도,국내온라인거래,화장품세트,품질(물품/용역)
2023014448,2023-03-16,남자,40 - 49세,서울특별시,일반판매,기타회원권,계약불이행(불완전이행)
2023014449,2023-03-16,여자,20 - 29세,경기도,일반판매,피부·체형관리서비스,계약해제.해지/위약금
2023014450,2023-03-16,여자,30 - 39세,경기도,소셜커머스(쇼핑),시계,품질(물품/용역)
2023014451,2023-03-16,남자,30 - 39세,경기도,방문판매,상해보험,계약불이행(불완전이행)
2023014452,2023-03-16,남자,30 - 39세,충청남도,일반판매,취업·이민알선,계약해제.해지/위약금
2023014453,2023-03-16,남자,40 - 49세,경기도,일반판매,운동화,품질(물품/용역)
2023014454,2023-03-16,남자,50 - 59세,경상북도,일반판매,양복(서양식 의복)세탁,품질(물품/용역)
2023014455,2023-03-16,여자,50 - 59세,경기도,일반판매,운동화,품질(물품/용역)
2023014456,2023-03-16,여자,30 - 39세,대전광역시,국내온라인거래,자동차세차,계약불이행(불완전이행)
2023014457,2023-03-16,여자,30 - 39세,서울특별시,방문판매,결혼준비대행서비스,품질(물품/용역)
2023014458,2023-03-16,남자,50 - 59세,경상북도,방문판매,가스보일러,품질(물품/용역)
2023014459,2023-03-16,남자,불명,서울특별시,일반판매,기타사설강습서비스,계약해제.해지/위약금
2023014461,2023-03-16,여자,30 - 39세,충청남도,일반판매,이불·요,품질(물품/용역)
2023014462,2023-03-16,여자,50 - 59세,경기도,소셜커머스(쇼핑),화분(꽃가루)제품,계약불이행(불완전이행)
2023014463,2023-03-16,여자,60 - 64세,서울특별시,국내온라인거래,국외여행,계약불이행(불완전이행)
2023014464,2023-03-16,남자,40 - 49세,경기도,전화권유판매,유사투자자문,계약해제.해지/위약금
2023014466,2023-03-16,남자,50 - 59세,강원특별자치도,일반판매,니트(스웨터),품질(물품/용역)
2023014467,2023-03-16,여자,20 - 29세,경기도,국내온라인거래,냄비,청약철회
2023014468,2023-03-16,남자,40 - 49세,경기도,일반판매,중형승용자동차,AS불만
2023014469,2023-03-16,남자,60 - 64세,부산광역시,기타통신판매,기타이동통신,계약해제.해지/위약금
2023014470,2023-03-16,남자,40 - 49세,경기도,국내온라인거래,기타의자류,계약불이행(불완전이행)
2023014471,2023-03-16,여자,30 - 39세,부산광역시,일반판매,헬스장,부당행위
2023014472,2023-03-16,여자,50 - 59세,서울특별시,기타,정수기대여(렌트),계약불이행(불완전이행)
2023014473,2023-03-16,남자,20 - 29세,서울특별시,일반판매,중고자동차중개·매매,표시.광고
2023014474,2023-03-16,여자,50 - 59세,인천광역시,일반판매,핸드백,품질(물품/용역)
2023014475,2023-03-16,남자,30 - 39세,서울특별시,일반판매,결혼준비대행서비스,계약해제.해지/위약금
2023014476,2023-03-16,여자,20 - 29세,경기도,국내온라인거래,니트(스웨터),품질(물품/용역)
2023014477,2023-03-16,남자,80세이상,제주도,기타통신판매,성기능향상기기,품질(물품/용역)
2023014478,2023-03-16,남자,40 - 49세,경기도,국내온라인거래,점퍼·재킷류,청약철회
2023014479,2023-03-16,남자,70 - 79세,부산광역시,일반판매,초고속인터넷,거래관행
2023014480,2023-03-16,여자,50 - 59세,서울특별시,일반판매,모피·모피의류,품질(물품/용역)
2023014481,2023-03-16,여자,30 - 39세,경기도,모바일거래,기타문화·오락시설이용,계약불이행(불완전이행)
2023014482,2023-03-16,여자,50 - 59세,경기도,일반판매,치과,품질(물품/용역)
2023014483,2023-03-16,여자,60 - 64세,서울특별시,일반판매,상해보험,약관
2023014484,2023-03-16,여자,40 - 49세,인천광역시,일반판매,건강(암·기타질병)보험,약관
2023014485,2023-03-16,여자,65 - 69세,경상북도,일반판매,상해보험,약관
2023014486,2023-03-16,남자,50 - 59세,대구광역시,일반판매,중고자동차중개·매매,품질(물품/용역)
2023014487,2023-03-16,여자,40 - 49세,경기도,국내온라인거래,신발세탁,계약불이행(불완전이행)
2023014488,2023-03-16,남자,30 - 39세,서울특별시,국내온라인거래,운동화,품질(물품/용역)
2023014489,2023-03-16,남자,50 - 59세,서울특별시,일반판매,기타세탁서비스,품질(물품/용역)
2023014490,2023-03-16,남자,50 - 59세,경기도,일반판매,중형승용자동차,품질(물품/용역)
2023014493,2023-03-16,여자,30 - 39세,경기도,일반판매,운동화,계약불이행(불완전이행)
2023014494,2023-03-16,남자,30 - 39세,경기도,방문판매,정수기대여(렌트),계약해제.해지/위약금
2023014495,2023-03-16,남자,50 - 59세,서울특별시,일반판매,운동화,품질(물품/용역)
2023014496,2023-03-16,여자,20 - 29세,경상남도,일반판매,중형승용자동차,품질(물품/용역)
2023014497,2023-03-16,남자,70 - 79세,서울특별시,방문판매,기타매체광고,계약해제.해지/위약금
2023014498,2023-03-16,여자,30 - 39세,경상남도,국내온라인거래,핸드백,품질(물품/용역)
2023014499,2023-03-16,여자,65 - 69세,경기도,국내온라인거래,니트(스웨터),품질(물품/용역)
2023014500,2023-03-16,남자,30 - 39세,인천광역시,일반판매,점퍼·재킷류,품질(물품/용역)
2023014503,2023-03-16,남자,70 - 79세,경상남도,방문판매,상조서비스,계약해제.해지/위약금
2023014504,2023-03-16,여자,65 - 69세,경상남도,방문판매,상조서비스,계약해제.해지/위약금
2023014505,2023-03-16,여자,50 - 59세,경기도,전화권유판매,기타정보이용서비스,계약불이행(불완전이행)
2023014508,2023-03-16,남자,20 - 29세,전라남도,국내온라인거래,기타자동차용품,청약철회
2023014509,2023-03-16,여자,40 - 49세,충청남도,일반판매,코트,품질(물품/용역)
2023014510,2023-03-16,여자,30 - 39세,경기도,전화권유판매,인터넷정보이용서비스,계약해제.해지/위약금
2023014511,2023-03-16,여자,30 - 39세,경기도,전화권유판매,인터넷정보이용서비스,계약해제.해지/위약금
2023014512,2023-03-16,남자,80세이상,서울특별시,전화권유판매,기타건강식품,계약해제.해지/위약금
2023014513,2023-03-16,남자,20 - 29세,경상남도,일반판매,헬스장,계약해제.해지/위약금
2023014515,2023-03-16,남자,30 - 39세,부산광역시,국내온라인거래,항공여객운송서비스,계약불이행(불완전이행)
2023014516,2023-03-16,여자,40 - 49세,경기도,국내온라인거래,항공여객운송서비스,계약해제.해지/위약금
2023014517,2023-03-16,남자,20 - 29세,대전광역시,모바일거래,인터넷교육서비스,계약해제.해지/위약금
2023014518,2023-03-16,남자,30 - 39세,서울특별시,일반판매,택배화물운송서비스,품질(물품/용역)
2023014519,2023-03-16,남자,20 - 29세,경기도,방문판매,헬스장,계약해제.해지/위약금
2023014520,2023-03-16,여자,30 - 39세,경기도,국내온라인거래,의자,청약철회
2023014521,2023-03-16,여자,20 - 29세,세종특별자치시,국내온라인거래,서랍장,청약철회
2023014522,2023-03-16,여자,50 - 59세,경기도,기타,필라테스,계약해제.해지/위약금
2023014523,2023-03-16,남자,40 - 49세,서울특별시,기타통신판매,국외여행,계약해제.해지/위약금
2023014524,2023-03-16,여자,20 - 29세,울산광역시,방문판매,요가,계약해제.해지/위약금
2023014525,2023-03-16,남자,40 - 49세,경기도,소셜커머스(쇼핑),퍼스널컴퓨터,AS불만
2023014527,2023-03-16,여자,50 - 59세,전라북도,국내온라인거래,항공여객운송서비스,거래관행
2023014528,2023-03-16,여자,30 - 39세,대구광역시,국내온라인거래,음식물처리기,계약불이행(불완전이행)
2023014529,2023-03-16,여자,50 - 59세,제주도,모바일거래,항공여객운송서비스,이자.수수료
2023014530,2023-03-16,여자,30 - 39세,경기도,국내온라인거래,항공여객운송서비스,계약불이행(불완전이행)
2023014531,2023-03-16,남자,30 - 39세,서울특별시,방문판매,종합체육시설회원권,계약해제.해지/위약금
2023014532,2023-03-16,남자,20 - 29세,경기도,국내온라인거래,화장대,부당행위
2023014534,2023-03-16,여자,40 - 49세,경기도,일반판매,인터넷교육서비스,계약불이행(불완전이행)
2023014535,2023-03-16,여자,40 - 49세,부산광역시,일반판매,농업용비닐,품질(물품/용역)
2023014536,2023-03-16,여자,20 - 29세,경기도,기타,룸에어컨,부당행위
2023014537,2023-03-16,여자,20 - 29세,경기도,국내온라인거래,통신기기케이스,청약철회
2023014538,2023-03-16,여자,50 - 59세,경기도,국내온라인거래,기타의류·섬유,청약철회
2023014539,2023-03-16,여자,30 - 39세,경기도,방문판매,국내결혼중개,부당행위
2023014540,2023-03-16,여자,40 - 49세,강원특별자치도,노상판매,정수기대여(렌트),AS불만
2023014541,2023-03-16,남자,30 - 39세,경기도,모바일거래,기타숙박시설,청약철회
2023014542,2023-03-16,남자,30 - 39세,경기도,일반판매,해외유학알선,계약해제.해지/위약금
2023014543,2023-03-16,남자,20 - 29세,서울특별시,기타,예식서비스,계약해제.해지/위약금
2023014544,2023-03-16,여자,30 - 39세,서울특별시,방문판매,헬스장,계약해제.해지/위약금
2023014545,2023-03-16,남자,30 - 39세,경상북도,기타,기타인테리어설비,계약불이행(불완전이행)
2023014546,2023-03-16,여자,30 - 39세,경기도,기타,미용서비스,품질(물품/용역)
2023014547,2023-03-16,남자,65 - 69세,서울특별시,일반판매,기타사설강습서비스,계약해제.해지/위약금
2023014549,2023-03-16,남자,40 - 49세,전라북도,국내온라인거래,TV대,부당행위
2023014550,2023-03-16,남자,30 - 39세,경상북도,국내온라인거래,모바일게임서비스,품질(물품/용역)
2023014551,2023-03-16,남자,50 - 59세,경기도,기타,카메라,AS불만
2023014552,2023-03-16,남자,20 - 29세,서울특별시,소셜커머스(쇼핑),스포츠웨어,청약철회
2023014553,2023-03-16,남자,50 - 59세,부산광역시,일반판매,골프회원권,계약해제.해지/위약금
2023014554,2023-03-16,남자,40 - 49세,경기도,국내온라인거래,기타가방,계약불이행(불완전이행)
2023014555,2023-03-16,여자,20 - 29세,경기도,국내온라인거래,항공여객운송서비스,계약불이행(불완전이행)
2023014556,2023-03-16,여자,40 - 49세,충청남도,방문판매,학습지,청약철회
2023014557,2023-03-16,여자,20 - 29세,서울특별시,방문판매,종합체육시설회원권,계약해제.해지/위약금
2023014558,2023-03-16,여자,30 - 39세,서울특별시,국내온라인거래,원피스,청약철회
2023014559,2023-03-16,남자,20 - 29세,서울특별시,방문판매,헬스장,계약해제.해지/위약금
2023014560,2023-03-16,남자,30 - 39세,경기도,전화권유판매,종합체육시설회원권,계약해제.해지/위약금
2023014561,2023-03-16,여자,20 - 29세,광주광역시,기타,요가,계약해제.해지/위약금
2023014562,2023-03-16,여자,60 - 64세,경기도,국내온라인거래,욕실설비,품질(물품/용역)
2023014563,2023-03-16,남자,30 - 39세,경기도,소셜커머스(쇼핑),각종공연관람,계약해제.해지/위약금
2023014564,2023-03-16,남자,60 - 64세,충청북도,국내온라인거래,앰프,계약불이행(불완전이행)
2023014565,2023-03-16,남자,40 - 49세,울산광역시,기타,국외여행,계약불이행(불완전이행)
2023014566,2023-03-16,남자,30 - 39세,경상남도,소셜커머스(쇼핑),기타재봉·세탁·청소용품,청약철회
2023014567,2023-03-16,남자,20 - 29세,강원특별자치도,방문판매,경비·관리서비스,계약해제.해지/위약금
2023014568,2023-03-16,여자,30 - 39세,서울특별시,국내온라인거래,숙녀화(구두·부츠 등),계약불이행(불완전이행)
2023014569,2023-03-16,여자,30 - 39세,광주광역시,일반판매,테니스장스쿼시회원권,계약해제.해지/위약금
2023014570,2023-03-16,남자,40 - 49세,서울특별시,기타,골프회원권,계약해제.해지/위약금
2023014571,2023-03-16,여자,40 - 49세,서울특별시,일반판매,미분류컨설팅(자문),계약해제.해지/위약금
2023014572,2023-03-16,여자,20 - 29세,충청북도,기타,컴퓨터수리,품질(물품/용역)
2023014573,2023-03-16,여자,20 - 29세,서울특별시,모바일거래,헬스장,계약해제.해지/위약금
2023014574,2023-03-16,여자,50 - 59세,서울특별시,전화권유판매,기타매체광고,청약철회
2023014575,2023-03-16,여자,30 - 39세,경기도,전화권유판매,학습지,계약해제.해지/위약금
2023014576,2023-03-16,남자,40 - 49세,세종특별자치시,노상판매,시스템에어컨,계약해제.해지/위약금
2023014577,2023-03-17,여자,50 - 59세,전라북도,방문판매,헬스장,계약불이행(불완전이행)
2023014578,2023-03-17,남자,30 - 39세,경기도,국내온라인거래,모바일정보이용서비스,계약해제.해지/위약금
2023014579,2023-03-17,여자,30 - 39세,경상남도,일반판매,자동차대여(렌트),부당행위
2023014580,2023-03-17,여자,30 - 39세,울산광역시,국내온라인거래,점퍼·재킷류,품질(물품/용역)
2023014581,2023-03-17,여자,20 - 29세,대전광역시,일반판매,양복(서양식 의복)세탁,품질(물품/용역)
2023014582,2023-03-17,남자,50 - 59세,경상남도,국내온라인거래,비타민제,표시.광고
2023014583,2023-03-17,여자,40 - 49세,경상남도,일반판매,건강(암·기타질병)보험,계약불이행(불완전이행)
2023014584,2023-03-17,여자,불명,경상남도,일반판매,점퍼·재킷류,품질(물품/용역)
2023014585,2023-03-17,여자,10 - 19세,서울특별시,일반판매,헬스장,계약해제.해지/위약금
2023014586,2023-03-17,여자,30 - 39세,경기도,국내온라인거래,건물청소서비스,계약불이행(불완전이행)
2023014587,2023-03-17,남자,20 - 29세,울산광역시,일반판매,피부과,계약해제.해지/위약금
2023014588,2023-03-17,여자,40 - 49세,인천광역시,일반판매,셔츠,품질(물품/용역)
2023014589,2023-03-17,여자,40 - 49세,광주광역시,전화권유판매,모바일정보이용서비스,계약불이행(불완전이행)
2023014590,2023-03-17,남자,40 - 49세,경기도,일반판매,기타사설강습서비스,계약해제.해지/위약금
2023014591,2023-03-17,남자,70 - 79세,경기도,일반판매,상조서비스,계약해제.해지/위약금
2023014592,2023-03-17,남자,20 - 29세,충청남도,일반판매,헬스장,계약해제.해지/위약금
2023014594,2023-03-17,여자,70 - 79세,경기도,일반판매,스마트폰,품질(물품/용역)
2023014595,2023-03-17,남자,40 - 49세,세종특별자치시,일반판매,항공여객운송서비스,계약해제.해지/위약금
2023014596,2023-03-17,남자,65 - 69세,제주도,전화권유판매,유사투자자문,계약해제.해지/위약금
2023014597,2023-03-17,남자,20 - 29세,서울특별시,일반판매,인쇄서비스,계약불이행(불완전이행)
2023014598,2023-03-17,여자,30 - 39세,서울특별시,국내온라인거래,점퍼·재킷류,품질(물품/용역)
2023014599,2023-03-17,여자,30 - 39세,경기도,전화권유판매,인터넷정보이용서비스,계약해제.해지/위약금
2023014600,2023-03-17,남자,30 - 39세,경기도,국제온라인거래,국외여행,안전(제품/시설)
2023014601,2023-03-17,여자,20 - 29세,대전광역시,일반판매,피부과,계약해제.해지/위약금
2023014602,2023-03-17,여자,30 - 39세,서울특별시,국내온라인거래,항공여객운송서비스,계약해제.해지/위약금
2023014603,2023-03-17,여자,30 - 39세,충청북도,국내온라인거래,지갑,청약철회
2023014604,2023-03-17,남자,40 - 49세,경기도,방문판매,외식,안전(제품/시설)
2023014605,2023-03-17,여자,60 - 64세,경기도,국내온라인거래,조개,청약철회
2023014606,2023-03-17,남자,40 - 49세,경기도,국내온라인거래,운동화,청약철회
2023014607,2023-03-17,남자,불명,경상남도,일반판매,통신기기주변장치,AS불만
2023014608,2023-03-17,여자,40 - 49세,부산광역시,모바일거래,신용카드,표시.광고
2023014609,2023-03-17,여자,30 - 39세,인천광역시,일반판매,음식물처리기대여(렌트),청약철회
2023014610,2023-03-17,남자,30 - 39세,경기도,국내온라인거래,항공여객운송서비스,거래관행
2023014611,2023-03-17,여자,30 - 39세,서울특별시,일반판매,헬스장,계약해제.해지/위약금
2023014612,2023-03-17,여자,50 - 59세,대구광역시,일반판매,티셔츠,품질(물품/용역)
2023014614,2023-03-17,여자,50 - 59세,서울특별시,일반판매,미용서비스,거래관행
2023014615,2023-03-17,여자,50 - 59세,전라북도,일반판매,양복(서양식 의복)세탁,품질(물품/용역)
2023014616,2023-03-17,여자,40 - 49세,경기도,국내온라인거래,기타신변용품,품질(물품/용역)
2023014617,2023-03-17,남자,30 - 39세,충청남도,일반판매,점퍼·재킷류,품질(물품/용역)
2023014618,2023-03-17,여자,40 - 49세,서울특별시,일반판매,필라테스,품질(물품/용역)
2023014619,2023-03-17,여자,20 - 29세,서울특별시,일반판매,헬스장,계약해제.해지/위약금
2023014620,2023-03-17,남자,50 - 59세,인천광역시,국내온라인거래,소프트웨어,품질(물품/용역)
2023014621,2023-03-17,남자,30 - 39세,서울특별시,일반판매,기타인테리어설비,AS불만
2023014622,2023-03-17,남자,불명,경기도,국내온라인거래,점퍼·재킷류,계약불이행(불완전이행)
2023014623,2023-03-17,여자,50 - 59세,경기도,일반판매,인터넷교육서비스,계약해제.해지/위약금
2023014624,2023-03-17,남자,30 - 39세,경기도,일반판매,아파트,품질(물품/용역)
2023014625,2023-03-17,여자,50 - 59세,대구광역시,전화권유판매,인터넷정보이용서비스,계약불이행(불완전이행)
2023014626,2023-03-17,남자,40 - 49세,경상북도,전화권유판매,유사투자자문,계약불이행(불완전이행)
2023014627,2023-03-17,여자,30 - 39세,경기도,국내온라인거래,기타과일·과일가공식품,계약불이행(불완전이행)
2023014628,2023-03-17,여자,30 - 39세,전라남도,일반판매,점퍼·재킷류,품질(물품/용역)
2023014630,2023-03-17,여자,20 - 29세,부산광역시,방문판매,인터넷교육서비스,계약불이행(불완전이행)
2023014631,2023-03-17,남자,30 - 39세,서울특별시,일반판매,애완견,품질(물품/용역)
2023014632,2023-03-17,여자,20 - 29세,충청북도,국내온라인거래,사진촬영,계약해제.해지/위약금
2023014633,2023-03-17,남자,60 - 64세,대구광역시,기타통신판매,기타건강식품,계약해제.해지/위약금
2023014634,2023-03-17,여자,30 - 39세,경기도,일반판매,인터넷교육서비스,계약불이행(불완전이행)
2023014635,2023-03-17,여자,40 - 49세,서울특별시,기타통신판매,포장이사운송서비스,계약불이행(불완전이행)
2023014636,2023-03-17,남자,40 - 49세,서울특별시,국내온라인거래,기타자동차부품,품질(물품/용역)
2023014637,2023-03-17,남자,30 - 39세,인천광역시,국내온라인거래,기타자동차부품,품질(물품/용역)
2023014639,2023-03-17,여자,20 - 29세,서울특별시,일반판매,헬스장,계약불이행(불완전이행)
2023014640,2023-03-17,남자,60 - 64세,서울특별시,국내온라인거래,헤드폰·이어폰,AS불만
2023014641,2023-03-17,여자,50 - 59세,울산광역시,일반판매,무스탕,품질(물품/용역)
2023014642,2023-03-17,남자,50 - 59세,서울특별시,일반판매,냉장고,품질(물품/용역)
2023014644,2023-03-17,여자,40 - 49세,경기도,기타,요가,계약해제.해지/위약금
2023014645,2023-03-17,여자,40 - 49세,광주광역시,일반판매,헬스장,계약해제.해지/위약금
2023014646,2023-03-17,남자,70 - 79세,부산광역시,일반판매,이동전화서비스,부당행위
2023014647,2023-03-17,여자,30 - 39세,경상남도,국내온라인거래,이동전화서비스,품질(물품/용역)
2023014648,2023-03-17,남자,50 - 59세,서울특별시,전화권유판매,유사투자자문,계약불이행(불완전이행)
2023014649,2023-03-17,남자,30 - 39세,광주광역시,국내온라인거래,전기오븐레인지,품질(물품/용역)
2023014650,2023-03-17,여자,40 - 49세,인천광역시,일반판매,건강(암·기타질병)보험,계약불이행(불완전이행)
2023014651,2023-03-17,남자,30 - 39세,서울특별시,일반판매,정형외과,품질(물품/용역)
2023014652,2023-03-17,여자,40 - 49세,경기도,국내온라인거래,신유형상품권,부당행위
2023014653,2023-03-17,여자,50 - 59세,서울특별시,일반판매,성형외과,품질(물품/용역)
2023014654,2023-03-17,남자,80세이상,부산광역시,일반판매,스마트폰,계약불이행(불완전이행)
2023014655,2023-03-17,남자,40 - 49세,서울특별시,소셜커머스(쇼핑),항공여객운송서비스,계약해제.해지/위약금
2023014656,2023-03-17,여자,20 - 29세,대전광역시,일반판매,헬스장,계약해제.해지/위약금
2023014657,2023-03-17,여자,40 - 49세,경기도,일반판매,피부·체형관리서비스,품질(물품/용역)
2023014659,2023-03-17,여자,20 - 29세,경상남도,국내온라인거래,헤드폰·이어폰,품질(물품/용역)
2023014662,2023-03-17,남자,30 - 39세,경기도,모바일거래,기타투자상품,계약불이행(불완전이행)
2023014663,2023-03-17,남자,50 - 59세,경기도,일반판매,공구세트,청약철회
2023014664,2023-03-17,남자,50 - 59세,전라북도,일반판매,기타조명기기,계약불이행(불완전이행)
2023014665,2023-03-17,남자,50 - 59세,서울특별시,일반판매,자동차수리·점검,AS불만
2023014666,2023-03-17,여자,30 - 39세,대전광역시,전화권유판매,인터넷교육서비스,계약해제.해지/위약금
2023014667,2023-03-17,남자,70 - 79세,인천광역시,기타통신판매,성기능향상기기,청약철회
2023014668,2023-03-17,남자,60 - 64세,서울특별시,일반판매,양복(서양식 의복)세탁,품질(물품/용역)
2023014669,2023-03-17,남자,30 - 39세,서울특별시,기타통신판매,기타육류·육류가공식품,품질(물품/용역)
2023014670,2023-03-17,여자,40 - 49세,경상북도,일반판매,점퍼·재킷류,품질(물품/용역)
2023014671,2023-03-17,여자,30 - 39세,서울특별시,일반판매,헬스장,AS불만
2023014672,2023-03-17,남자,20 - 29세,서울특별시,일반판매,헬스장,계약해제.해지/위약금
2023014673,2023-03-17,남자,20 - 29세,서울특별시,국내온라인거래,양복(서양식 의복)세탁,품질(물품/용역)
2023014674,2023-03-17,남자,30 - 39세,서울특별시,일반판매,캐주얼바지,청약철회
2023014675,2023-03-17,여자,60 - 64세,전라북도,일반판매,상해보험,품질(물품/용역)
2023014677,2023-03-17,남자,30 - 39세,서울특별시,모바일거래,기타숙박시설,계약불이행(불완전이행)
2023014678,2023-03-17,여자,40 - 49세,대전광역시,국내온라인거래,호텔,계약해제.해지/위약금
2023014679,2023-03-17,남자,65 - 69세,서울특별시,기타,이동전화서비스,가격.요금
2023014680,2023-03-17,남자,(미입력),대전광역시,국내온라인거래,자동차대여(렌트),계약불이행(불완전이행)
2023014701,2023-03-17,남자,30 - 39세,전라북도,일반판매,경비·관리서비스,AS불만
2023014702,2023-03-17,남자,65 - 69세,인천광역시,국내온라인거래,보청기,품질(물품/용역)
2023014703,2023-03-17,여자,40 - 49세,충청남도,국내온라인거래,포장이사운송서비스,계약불이행(불완전이행)
2023014704,2023-03-17,여자,30 - 39세,서울특별시,일반판매,헬스장,계약해제.해지/위약금
2023014705,2023-03-17,여자,40 - 49세,울산광역시,일반판매,원피스,계약해제.해지/위약금
2023014706,2023-03-17,남자,40 - 49세,경기도,일반판매,음식물처리기대여(렌트),가격.요금
2023014707,2023-03-17,여자,30 - 39세,서울특별시,국제온라인거래,신변용품·악세서리대여(렌트),계약불이행(불완전이행)
2023014708,2023-03-17,남자,40 - 49세,광주광역시,전화권유판매,골프회원권,계약해제.해지/위약금
2023014709,2023-03-17,남자,20 - 29세,서울특별시,기타,일반강습(입시학원등),계약해제.해지/위약금
2023014710,2023-03-17,남자,30 - 39세,광주광역시,기타,예식서비스,계약해제.해지/위약금
2023014711,2023-03-17,여자,30 - 39세,서울특별시,소셜커머스(쇼핑),헤드폰·이어폰,청약철회
2023014712,2023-03-17,남자,50 - 59세,서울특별시,국내온라인거래,운동화,청약철회
2023014713,2023-03-17,여자,30 - 39세,서울특별시,기타,양복(서양식 의복)세탁,품질(물품/용역)
2023014714,2023-03-17,여자,60 - 64세,경기도,일반판매,일반강습(입시학원등),계약해제.해지/위약금
2023014715,2023-03-17,여자,40 - 49세,대구광역시,일반판매,마사지류,안전(제품/시설)
2023014716,2023-03-17,여자,20 - 29세,충청북도,모바일거래,기타가방,청약철회
2023014717,2023-03-17,남자,30 - 39세,경기도,국내온라인거래,망원경,품질(물품/용역)
2023014718,2023-03-17,여자,30 - 39세,인천광역시,일반판매,필라테스,계약해제.해지/위약금
2023014719,2023-03-17,남자,40 - 49세,경기도,일반판매,외식,가격.요금
2023014720,2023-03-17,여자,40 - 49세,경기도,국내온라인거래,국외여행,청약철회
2023014722,2023-03-17,남자,40 - 49세,서울특별시,모바일거래,인터넷교육서비스,계약해제.해지/위약금
2023014723,2023-03-17,남자,40 - 49세,서울특별시,국제온라인거래,호텔,청약철회
2023014724,2023-03-17,여자,40 - 49세,대구광역시,전화권유판매,인터넷정보이용서비스,계약해제.해지/위약금
2023014725,2023-03-17,남자,20 - 29세,대구광역시,일반판매,헬스장,계약해제.해지/위약금
2023014726,2023-03-17,여자,40 - 49세,경상남도,기타,기타방문·통신교육서비스,계약해제.해지/위약금
2023014727,2023-03-17,남자,40 - 49세,경기도,방문판매,취업·이민알선,부당행위
2023014728,2023-03-17,여자,30 - 39세,경상남도,일반판매,기타이·미용서비스,품질(물품/용역)
2023014729,2023-03-17,남자,50 - 59세,대전광역시,국내온라인거래,전기맛사지기,AS불만
2023014730,2023-03-17,여자,20 - 29세,전라남도,방문판매,헬스장,계약해제.해지/위약금
2023014731,2023-03-17,여자,30 - 39세,광주광역시,국내온라인거래,핸드백,계약불이행(불완전이행)
2023014732,2023-03-17,남자,30 - 39세,대구광역시,기타,미용서비스,가격.요금
2023014733,2023-03-17,남자,50 - 59세,경기도,일반판매,건강침대(흙·돌등),품질(물품/용역)
2023014734,2023-03-17,여자,30 - 39세,서울특별시,일반판매,미용서비스,품질(물품/용역)
2023014735,2023-03-17,남자,10 - 19세,서울특별시,기타,헬스장,계약해제.해지/위약금
2023014736,2023-03-17,남자,40 - 49세,경기도,국내온라인거래,TV,품질(물품/용역)
2023014737,2023-03-17,남자,30 - 39세,대전광역시,일반판매,예식서비스,계약해제.해지/위약금
2023014738,2023-03-17,남자,20 - 29세,경기도,국내온라인거래,컴퓨터수리,부당행위
2023014739,2023-03-17,남자,50 - 59세,대구광역시,국내온라인거래,보조배터리,표시.광고
2023014740,2023-03-17,여자,30 - 39세,경기도,국내온라인거래,김치냉장고,계약불이행(불완전이행)
2023014741,2023-03-17,여자,50 - 59세,경기도,일반판매,헬스장,계약해제.해지/위약금
2023014742,2023-03-17,남자,30 - 39세,부산광역시,국내온라인거래,세탁물건조용품,계약해제.해지/위약금
2023014743,2023-03-17,여자,60 - 64세,인천광역시,일반판매,미용서비스,품질(물품/용역)
2023014744,2023-03-17,남자,30 - 39세,서울특별시,국내온라인거래,키보드,품질(물품/용역)
2023014745,2023-03-17,남자,70 - 79세,서울특별시,일반판매,안마의자대여(렌트),청약철회
2023014746,2023-03-17,여자,30 - 39세,경상북도,후원방문판매,화장품세트,계약불이행(불완전이행)
2023014748,2023-03-17,남자,40 - 49세,대전광역시,국내온라인거래,가스보일러,품질(물품/용역)
2023014749,2023-03-17,여자,40 - 49세,경기도,기타,종합체육시설회원권,계약해제.해지/위약금
2023014750,2023-03-17,여자,30 - 39세,서울특별시,국내온라인거래,태블릿PC,부당행위
2023014751,2023-03-17,여자,30 - 39세,부산광역시,일반판매,미용서비스,품질(물품/용역)
2023014752,2023-03-17,남자,50 - 59세,경기도,국내온라인거래,호텔,청약철회
2023014753,2023-03-17,여자,30 - 39세,경기도,국내온라인거래,기타스포츠·레저기구·용품,청약철회
2023014754,2023-03-17,여자,60 - 64세,서울특별시,국내온라인거래,TV,AS불만
2023014755,2023-03-17,여자,30 - 39세,서울특별시,일반판매,기타문화·오락시설이용,계약해제.해지/위약금
2023014756,2023-03-17,남자,30 - 39세,경기도,국내온라인거래,전기포트,품질(물품/용역)
2023014757,2023-03-17,남자,30 - 39세,서울특별시,기타,기타주거관리설비,품질(물품/용역)
2023014758,2023-03-17,여자,30 - 39세,경기도,기타,정수기대여(렌트),가격.요금
2023014759,2023-03-17,여자,30 - 39세,충청북도,국내온라인거래,건물청소서비스,계약해제.해지/위약금
2023014760,2023-03-17,남자,40 - 49세,경기도,일반판매,TV,품질(물품/용역)
2023014761,2023-03-17,여자,50 - 59세,경기도,기타,기타인테리어설비,AS불만
2023014762,2023-03-17,여자,30 - 39세,서울특별시,소셜커머스(쇼핑),기타가방,품질(물품/용역)
2023014763,2023-03-17,남자,20 - 29세,경상남도,국내온라인거래,전기스탠드,품질(물품/용역)
2023014764,2023-03-17,여자,30 - 39세,부산광역시,국내온라인거래,비타민제,계약불이행(불완전이행)
2023014765,2023-03-17,남자,40 - 49세,서울특별시,국내온라인거래,기타가방,청약철회
2023014766,2023-03-17,남자,30 - 39세,충청남도,일반판매,침대·매트리스대여(렌트),청약철회
2023014767,2023-03-17,남자,40 - 49세,울산광역시,모바일거래,자동차수리·점검,계약불이행(불완전이행)
2023014768,2023-03-17,여자,30 - 39세,서울특별시,국내온라인거래,의자,청약철회
2023014769,2023-03-17,남자,50 - 59세,충청남도,국내온라인거래,항공여객운송서비스,무능력자계약
2023014770,2023-03-17,여자,50 - 59세,경상남도,소셜커머스(쇼핑),텐트,품질(물품/용역)
2023014801,2023-03-18,여자,40 - 49세,경기도,기타,미용서비스,품질(물품/용역)
2023014802,2023-03-18,여자,65 - 69세,경기도,국내온라인거래,기타의류·섬유,청약철회
2023014803,2023-03-18,남자,40 - 49세,경기도,일반판매,기타위생서비스,가격.요금
2023014804,2023-03-18,여자,30 - 39세,서울특별시,모바일거래,사진촬영,계약해제.해지/위약금
2023014805,2023-03-18,남자,40 - 49세,경기도,기타,스포츠시설이용,계약불이행(불완전이행)
2023014806,2023-03-18,남자,30 - 39세,서울특별시,국내온라인거래,컴퓨터모니터(데스크탑),품질(물품/용역)
2023014807,2023-03-18,여자,30 - 39세,경기도,일반판매,일반강습(입시학원등),계약해제.해지/위약금
2023014808,2023-03-18,여자,30 - 39세,광주광역시,일반판매,테니스장스쿼시회원권,계약해제.해지/위약금
2023014809,2023-03-18,여자,20 - 29세,서울특별시,일반판매,기타사설강습서비스,계약해제.해지/위약금
2023014810,2023-03-18,남자,30 - 39세,경기도,국내온라인거래,이동전화서비스,계약해제.해지/위약금
2023014811,2023-03-18,여자,40 - 49세,경기도,국내온라인거래,전기진공청소기,품질(물품/용역)
2023014812,2023-03-18,여자,20 - 29세,서울특별시,일반판매,신발세탁,계약불이행(불완전이행)
2023014813,2023-03-18,여자,30 - 39세,경기도,방문판매,인터넷교육서비스,계약해제.해지/위약금
2023014814,2023-03-18,여자,30 - 39세,경기도,국내온라인거래,코트,청약철회
2023014815,2023-03-18,남자,30 - 39세,경기도,국내온라인거래,트레이닝기구,AS불만
2023014816,2023-03-18,여자,50 - 59세,서울특별시,일반판매,이동전화서비스,가격.요금
2023014817,2023-03-18,여자,20 - 29세,충청남도,방문판매,헬스장,청약철회
2023014818,2023-03-18,여자,30 - 39세,서울특별시,국내온라인거래,항공여객운송서비스,계약불이행(불완전이행)
2023014819,2023-03-18,남자,30 - 39세,인천광역시,국내온라인거래,시계,부당행위
2023014820,2023-03-18,여자,40 - 49세,경기도,국내온라인거래,기타미분류물품,품질(물품/용역)
2023014901,2023-03-19,여자,65 - 69세,서울특별시,기타,기타세탁서비스,품질(물품/용역)
2023014902,2023-03-19,남자,50 - 59세,전라북도,국제온라인거래,항공여객운송서비스,계약해제.해지/위약금
2023014903,2023-03-19,남자,40 - 49세,서울특별시,일반판매,이동전화서비스,계약불이행(불완전이행)
2023014904,2023-03-19,여자,40 - 49세,부산광역시,일반판매,식탁,청약철회
2023014905,2023-03-19,여자,30 - 39세,부산광역시,일반판매,필라테스,계약해제.해지/위약금
2023014906,2023-03-19,남자,70 - 79세,경상남도,전화권유판매,기타정보이용서비스,계약해제.해지/위약금
2023014907,2023-03-19,남자,20 - 29세,울산광역시,일반판매,일반강습(입시학원등),계약해제.해지/위약금
2023014908,2023-03-19,여자,30 - 39세,부산광역시,일반판매,소파,품질(물품/용역)
2023014909,2023-03-19,여자,불명,울산광역시,기타,미분류대여(렌트),부당행위
2023014910,2023-03-19,남자,50 - 59세,경기도,국내온라인거래,포장이사운송서비스,계약불이행(불완전이행)
2023014911,2023-03-19,여자,30 - 39세,전라남도,방문판매,이동전화서비스,청약철회
2023014912,2023-03-19,여자,30 - 39세,인천광역시,일반판매,요가,계약해제.해지/위약금
2023014913,2023-03-19,여자,40 - 49세,경기도,방문판매,인터넷교육서비스,계약해제.해지/위약금
2023014915,2023-03-17,여자,40 - 49세,서울특별시,국내온라인거래,기타의류·섬유,청약철회
2023014916,2023-03-20,남자,30 - 39세,울산광역시,국내온라인거래,프린터,품질(물품/용역)
2023014917,2023-03-20,남자,50 - 59세,경상남도,일반판매,기타정보이용서비스,계약해제.해지/위약금
2023014918,2023-03-20,남자,70 - 79세,강원특별자치도,일반판매,기타스포츠·레저기구·용품,품질(물품/용역)
2023014919,2023-03-20,남자,30 - 39세,인천광역시,모바일거래,모바일정보이용서비스,계약불이행(불완전이행)
2023014920,2023-03-20,여자,20 - 29세,경기도,전화권유판매,인터넷정보이용서비스,계약해제.해지/위약금
2023014922,2023-03-20,남자,20 - 29세,부산광역시,일반판매,이동전화서비스,계약해제.해지/위약금
2023014923,2023-03-20,여자,30 - 39세,부산광역시,일반판매,원피스,품질(물품/용역)
2023014924,2023-03-20,여자,20 - 29세,경기도,전화권유판매,상조서비스,계약해제.해지/위약금
2023014925,2023-03-20,남자,50 - 59세,인천광역시,기타통신판매,이동전화서비스,계약불이행(불완전이행)
2023014926,2023-03-20,남자,50 - 59세,경기도,TV홈쇼핑,소파,표시.광고
2023014927,2023-03-20,남자,30 - 39세,서울특별시,일반판매,신용카드,계약불이행(불완전이행)
2023014929,2023-03-20,남자,30 - 39세,서울특별시,일반판매,정수기대여(렌트),계약해제.해지/위약금
2023014930,2023-03-20,남자,60 - 64세,인천광역시,일반판매,신문,계약해제.해지/위약금
2023014931,2023-03-20,여자,50 - 59세,제주도,일반판매,노트북컴퓨터,품질(물품/용역)
2023014932,2023-03-20,남자,50 - 59세,서울특별시,국내온라인거래,전기자전거,품질(물품/용역)
2023014933,2023-03-20,남자,30 - 39세,인천광역시,전화권유판매,인터넷정보이용서비스,계약해제.해지/위약금
2023014934,2023-03-20,남자,50 - 59세,경기도,국내온라인거래,전기장판,청약철회
2023014935,2023-03-20,남자,20 - 29세,경기도,방문판매,헬스장,계약해제.해지/위약금
2023014936,2023-03-20,여자,20 - 29세,경기도,방문판매,헬스장,계약해제.해지/위약금
2023014937,2023-03-20,여자,30 - 39세,서울특별시,일반판매,상해보험,계약불이행(불완전이행)
2023014938,2023-03-20,남자,65 - 69세,경기도,일반판매,자동차대여(렌트),계약불이행(불완전이행)
2023014939,2023-03-20,남자,40 - 49세,경기도,국내온라인거래,콘도,청약철회
2023014940,2023-03-20,여자,10세 미만,서울특별시,일반판매,안과,품질(물품/용역)
2023014941,2023-03-20,남자,30 - 39세,경기도,기타,국외여행,계약해제.해지/위약금
2023014942,2023-03-20,여자,50 - 59세,전라북도,국내온라인거래,카펫,품질(물품/용역)
2023014944,2023-03-20,남자,50 - 59세,전라북도,국내온라인거래,인터넷교육서비스,계약불이행(불완전이행)
2023014946,2023-03-20,여자,30 - 39세,인천광역시,일반판매,외식,품질(물품/용역)
2023014947,2023-03-20,남자,40 - 49세,강원특별자치도,국내온라인거래,기타자동차부품,품질(물품/용역)
2023014948,2023-03-20,여자,50 - 59세,경기도,전화권유판매,인터넷교육서비스,계약해제.해지/위약금
2023014952,2023-03-20,여자,30 - 39세,경기도,국내온라인거래,인터넷교육서비스,계약해제.해지/위약금
2023014953,2023-03-20,남자,60 - 64세,경기도,일반판매,전기자전거,품질(물품/용역)
2023014954,2023-03-20,여자,20 - 29세,경상북도,국내온라인거래,기타책상·테이블류,청약철회
2023014955,2023-03-20,남자,50 - 59세,경기도,모바일거래,기타서적음반류,계약불이행(불완전이행)
2023014957,2023-03-20,여자,40 - 49세,경기도,국내온라인거래,룸에어컨,표시.광고
2023014958,2023-03-20,남자,불명,세종특별자치시,국내온라인거래,운동용가방,계약불이행(불완전이행)
2023014959,2023-03-20,여자,불명,경기도,모바일거래,기타완구·인형,계약불이행(불완전이행)
2023014960,2023-03-20,남자,65 - 69세,서울특별시,일반판매,외식,계약불이행(불완전이행)
2023014961,2023-03-20,남자,30 - 39세,부산광역시,소셜커머스(쇼핑),헤드폰·이어폰,품질(물품/용역)
2023014962,2023-03-20,남자,40 - 49세,충청북도,국내온라인거래,항공여객운송서비스,계약해제.해지/위약금
2023014963,2023-03-20,남자,30 - 39세,인천광역시,일반판매,자동차수리·점검,부당행위
2023014964,2023-03-20,여자,50 - 59세,경기도,일반판매,양복(서양식 의복)세탁,품질(물품/용역)
2023014965,2023-03-20,남자,30 - 39세,인천광역시,일반판매,대형승용자동차,품질(물품/용역)
2023014966,2023-03-20,남자,20 - 29세,경기도,국내온라인거래,양복(서양식 의복)세탁,품질(물품/용역)
2023014967,2023-03-20,남자,60 - 64세,경기도,일반판매,자동차대여(렌트),부당행위
2023014968,2023-03-20,여자,40 - 49세,서울특별시,일반판매,자동차대여(렌트),계약불이행(불완전이행)
2023014969,2023-03-20,여자,30 - 39세,경상남도,일반판매,모바일정보이용서비스,품질(물품/용역)
2023014970,2023-03-20,여자,30 - 39세,대구광역시,국내온라인거래,인터넷정보이용서비스,계약불이행(불완전이행)
2023014971,2023-03-20,남자,40 - 49세,경기도,일반판매,헬스장,계약해제.해지/위약금
2023014972,2023-03-20,여자,30 - 39세,부산광역시,일반판매,예식서비스,계약해제.해지/위약금
2023014974,2023-03-20,남자,30 - 39세,광주광역시,국내온라인거래,샴푸,청약철회
2023014975,2023-03-20,여자,30 - 39세,충청북도,기타,초고속인터넷,가격.요금
2023014976,2023-03-20,여자,50 - 59세,서울특별시,국내온라인거래,니트(스웨터),품질(물품/용역)
2023014977,2023-03-20,남자,65 - 69세,경기도,국제온라인거래,기타숙박시설,계약불이행(불완전이행)
2023014978,2023-03-20,여자,50 - 59세,서울특별시,국내온라인거래,니트(스웨터),품질(물품/용역)
2023014979,2023-03-20,여자,불명,광주광역시,일반판매,헬스장,계약해제.해지/위약금
2023014980,2023-03-20,여자,65 - 69세,부산광역시,일반판매,이동전화서비스,계약해제.해지/위약금
2023014981,2023-03-20,남자,20 - 29세,서울특별시,방문판매,결혼준비대행서비스,계약해제.해지/위약금
2023014982,2023-03-20,남자,30 - 39세,전라북도,일반판매,스마트폰,AS불만
2023014983,2023-03-20,남자,20 - 29세,서울특별시,일반판매,헬스장,계약해제.해지/위약금
2023014984,2023-03-20,여자,50 - 59세,서울특별시,일반판매,자동차대여(렌트),부당행위
2023014985,2023-03-20,여자,60 - 64세,부산광역시,방문판매,안마의자,품질(물품/용역)
2023014986,2023-03-20,남자,30 - 39세,전라남도,국내온라인거래,기타자동차용품,청약철회
2023014987,2023-03-20,남자,40 - 49세,전라북도,일반판매,자동차주유,부당행위
2023014988,2023-03-20,남자,50 - 59세,경기도,전화권유판매,유사투자자문,계약해제.해지/위약금
2023014989,2023-03-20,여자,20 - 29세,서울특별시,국내온라인거래,기타가방,계약불이행(불완전이행)
2023014990,2023-03-20,남자,30 - 39세,경기도,일반판매,애완고양이,계약불이행(불완전이행)
2023014991,2023-03-20,여자,40 - 49세,서울특별시,일반판매,피부·체형관리서비스,계약해제.해지/위약금
2023014992,2023-03-20,여자,65 - 69세,서울특별시,일반판매,치과,계약해제.해지/위약금
2023014994,2023-03-20,남자,40 - 49세,서울특별시,일반판매,택배화물운송서비스,부당행위
2023014995,2023-03-20,여자,40 - 49세,서울특별시,국내온라인거래,니트(스웨터),품질(물품/용역)
2023014996,2023-03-20,남자,40 - 49세,서울특별시,일반판매,대형승용자동차,품질(물품/용역)
2023014997,2023-03-20,남자,30 - 39세,서울특별시,국내온라인거래,니트(스웨터),품질(물품/용역)
2023014998,2023-03-20,여자,50 - 59세,강원특별자치도,일반판매,기타가방,품질(물품/용역)
2023014999,2023-03-20,여자,30 - 39세,인천광역시,국내온라인거래,기타스포츠·레저기구·용품,계약해제.해지/위약금
2023015000,2023-03-20,여자,50 - 59세,인천광역시,TV홈쇼핑,정수기대여(렌트),품질(물품/용역)
2023015001,2023-03-20,여자,50 - 59세,경기도,일반판매,양복(서양식 의복)세탁,품질(물품/용역)
2023015002,2023-03-20,여자,20 - 29세,서울특별시,기타통신판매,무선인터넷,부당행위
2023015003,2023-03-20,남자,60 - 64세,경기도,일반판매,대형승용자동차,품질(물품/용역)
2023015004,2023-03-20,남자,20 - 29세,인천광역시,일반판매,헬스장,계약해제.해지/위약금
2023015005,2023-03-20,여자,50 - 59세,경기도,방문판매,식탁,계약해제.해지/위약금
2023015006,2023-03-20,여자,30 - 39세,경기도,일반판매,아동용내의류,계약불이행(불완전이행)
2023015007,2023-03-20,여자,40 - 49세,경기도,일반판매,기타가방,품질(물품/용역)
2023015008,2023-03-20,남자,40 - 49세,전라북도,일반판매,고시원이용,계약해제.해지/위약금
2023015009,2023-03-20,여자,40 - 49세,경기도,일반판매,기타세탁서비스,품질(물품/용역)
2023015010,2023-03-20,남자,70 - 79세,경기도,방문판매,건강(암·기타질병)보험,계약불이행(불완전이행)
2023015011,2023-03-20,여자,불명,경상남도,일반판매,기타가방,품질(물품/용역)
2023015012,2023-03-20,남자,20 - 29세,대구광역시,일반판매,요가,계약해제.해지/위약금
2023015013,2023-03-20,여자,30 - 39세,경기도,일반판매,스낵과자,품질(물품/용역)
2023015014,2023-03-20,남자,20 - 29세,경기도,일반판매,예식서비스,계약해제.해지/위약금
2023015015,2023-03-20,여자,40 - 49세,경기도,국내온라인거래,기타숙박시설,부당행위
2023015016,2023-03-20,여자,40 - 49세,경기도,소셜커머스(쇼핑),숙녀화(구두·부츠 등),청약철회
2023015017,2023-03-20,남자,50 - 59세,전라남도,국내온라인거래,축전지,계약불이행(불완전이행)
2023015018,2023-03-20,여자,50 - 59세,서울특별시,국내온라인거래,항공여객운송서비스,계약불이행(불완전이행)
2023015019,2023-03-20,여자,40 - 49세,경기도,일반판매,피부·체형관리서비스,계약해제.해지/위약금
2023015020,2023-03-20,여자,65 - 69세,서울특별시,모바일거래,이동전화서비스,부당행위
2023015021,2023-03-20,여자,30 - 39세,서울특별시,국내온라인거래,캐주얼바지,품질(물품/용역)
2023015022,2023-03-20,여자,30 - 39세,경기도,기타,사진촬영,계약불이행(불완전이행)
2023015023,2023-03-20,여자,50 - 59세,서울특별시,일반판매,이동전화서비스,청약철회
2023015024,2023-03-20,남자,30 - 39세,서울특별시,방문판매,결혼준비대행서비스,계약불이행(불완전이행)
2023015025,2023-03-20,여자,불명,경기도,일반판매,양복(서양식 의복)세탁,품질(물품/용역)
2023015026,2023-03-20,여자,50 - 59세,충청북도,TV홈쇼핑,국외여행,계약해제.해지/위약금
2023015027,2023-03-20,남자,30 - 39세,서울특별시,일반판매,피부과,계약해제.해지/위약금
2023015028,2023-03-20,남자,30 - 39세,경기도,일반판매,양복(서양식 의복)세탁,품질(물품/용역)
2023015029,2023-03-20,남자,30 - 39세,서울특별시,국내온라인거래,인터넷교육서비스,약관
2023015030,2023-03-20,여자,30 - 39세,대전광역시,일반판매,점퍼·재킷류,품질(물품/용역)
2023015032,2023-03-20,남자,불명,인천광역시,일반판매,신유형상품권,계약불이행(불완전이행)
2023015033,2023-03-20,남자,40 - 49세,경기도,일반판매,양복(서양식 의복)세탁,품질(물품/용역)
2023015034,2023-03-20,여자,40 - 49세,서울특별시,국내온라인거래,니트(스웨터),계약불이행(불완전이행)
2023015035,2023-03-20,남자,40 - 49세,서울특별시,모바일거래,모바일정보이용서비스,부당행위
2023015036,2023-03-20,남자,40 - 49세,경기도,일반판매,중형승용자동차,품질(물품/용역)
2023015101,2023-03-20,남자,30 - 39세,경기도,기타,국내결혼중개,계약해제.해지/위약금
2023015102,2023-03-20,여자,30 - 39세,전라북도,일반판매,소파,청약철회
2023015103,2023-03-20,여자,30 - 39세,경상북도,국내온라인거래,기타조명기기,청약철회
2023015104,2023-03-20,여자,40 - 49세,서울특별시,일반판매,캐주얼바지,청약철회
2023015105,2023-03-20,남자,40 - 49세,서울특별시,일반판매,국내결혼중개,계약해제.해지/위약금
2023015106,2023-03-20,남자,40 - 49세,경기도,다단계판매,국외여행,계약해제.해지/위약금
2023015107,2023-03-20,남자,20 - 29세,경기도,방문판매,종합체육시설회원권,계약해제.해지/위약금
2023015108,2023-03-20,여자,30 - 39세,서울특별시,소셜커머스(쇼핑),국외여행,계약해제.해지/위약금
2023015109,2023-03-20,여자,30 - 39세,인천광역시,일반판매,골프회원권,계약해제.해지/위약금
2023015110,2023-03-20,여자,30 - 39세,서울특별시,국내온라인거래,건물청소서비스,품질(물품/용역)
2023015111,2023-03-20,여자,30 - 39세,전라북도,일반판매,택배화물운송서비스,계약불이행(불완전이행)
2023015112,2023-03-20,여자,30 - 39세,경기도,모바일거래,립스틱,계약불이행(불완전이행)
2023015113,2023-03-20,남자,20 - 29세,충청북도,방문판매,헬스장,계약해제.해지/위약금
2023015114,2023-03-20,남자,30 - 39세,경기도,국내온라인거래,점퍼·재킷류,청약철회
2023015115,2023-03-20,남자,40 - 49세,강원특별자치도,국내온라인거래,노트북컴퓨터,청약철회
2023015116,2023-03-20,여자,30 - 39세,충청남도,국내온라인거래,헬스장,계약해제.해지/위약금
2023015117,2023-03-20,여자,40 - 49세,경기도,일반판매,스포츠시설이용,부당행위
2023015118,2023-03-20,남자,40 - 49세,충청남도,모바일거래,베개,표시.광고
2023015119,2023-03-20,남자,30 - 39세,인천광역시,모바일거래,모바일게임서비스,청약철회
2023015120,2023-03-20,여자,30 - 39세,경기도,방문판매,헬스장,계약해제.해지/위약금
2023015121,2023-03-20,여자,30 - 39세,부산광역시,모바일거래,인터넷정보이용서비스,청약철회
2023015122,2023-03-20,남자,40 - 49세,경기도,국내온라인거래,벌꿀,표시.광고
2023015123,2023-03-20,남자,40 - 49세,경기도,국내온라인거래,운동화,청약철회
2023015124,2023-03-20,여자,40 - 49세,대구광역시,일반판매,변호서비스,계약불이행(불완전이행)
2023015125,2023-03-20,여자,50 - 59세,인천광역시,국내온라인거래,TV,품질(물품/용역)
2023015126,2023-03-20,남자,50 - 59세,전라남도,국내온라인거래,기타가구,계약해제.해지/위약금
2023015128,2023-03-20,남자,30 - 39세,경기도,기타,정수기대여(렌트),품질(물품/용역)
2023015129,2023-03-20,여자,50 - 59세,경기도,일반판매,기타인테리어설비,품질(물품/용역)
2023015130,2023-03-20,남자,20 - 29세,서울특별시,국내온라인거래,인터넷정보이용서비스,청약철회
2023015131,2023-03-20,여자,50 - 59세,서울특별시,일반판매,헬스장,계약해제.해지/위약금
2023015132,2023-03-20,남자,30 - 39세,서울특별시,일반판매,애완견,계약불이행(불완전이행)
2023015133,2023-03-20,남자,20 - 29세,서울특별시,방문판매,각종자격취득강습,계약해제.해지/위약금
2023015134,2023-03-20,남자,30 - 39세,서울특별시,방문판매,헬스장,계약해제.해지/위약금
2023015135,2023-03-20,남자,40 - 49세,서울특별시,국내온라인거래,냉장고,품질(물품/용역)
2023015136,2023-03-20,여자,30 - 39세,서울특별시,국내온라인거래,기타통신기기,부당행위
2023015137,2023-03-20,남자,20 - 29세,광주광역시,전화권유판매,인터넷정보이용서비스,계약해제.해지/위약금
2023015138,2023-03-20,여자,30 - 39세,대구광역시,일반판매,필라테스,계약해제.해지/위약금
2023015139,2023-03-20,여자,40 - 49세,경기도,일반판매,기타인테리어설비,품질(물품/용역)
2023015140,2023-03-20,여자,40 - 49세,대구광역시,국내온라인거래,아동화,청약철회
2023015141,2023-03-20,남자,20 - 29세,경기도,모바일거래,인터넷게임서비스,부당행위
2023015142,2023-03-20,여자,20 - 29세,서울특별시,일반판매,굴,안전(제품/시설)
2023015143,2023-03-20,여자,30 - 39세,서울특별시,일반판매,헬스장,계약해제.해지/위약금
2023015144,2023-03-20,남자,30 - 39세,경기도,일반판매,골프용품,AS불만
2023015145,2023-03-20,여자,30 - 39세,서울특별시,일반판매,시계부품·용품,AS불만
2023015146,2023-03-20,남자,50 - 59세,경상북도,국내온라인거래,인터넷정보이용서비스,계약해제.해지/위약금
2023015147,2023-03-20,여자,20 - 29세,충청북도,일반판매,필라테스,계약해제.해지/위약금
2023015148,2023-03-20,남자,40 - 49세,경기도,일반판매,"연회서비스(돌잔치,회갑 등)",계약해제.해지/위약금
2023015149,2023-03-20,여자,50 - 59세,충청남도,일반판매,해외유학알선,계약불이행(불완전이행)
2023015150,2023-03-20,여자,40 - 49세,충청남도,국내온라인거래,기타문화용품,계약불이행(불완전이행)
2023015151,2023-03-20,남자,30 - 39세,서울특별시,국내온라인거래,우유,표시.광고
2023015152,2023-03-20,남자,30 - 39세,서울특별시,일반판매,예식서비스,계약해제.해지/위약금
2023015153,2023-03-20,남자,30 - 39세,서울특별시,국내온라인거래,TV,청약철회
2023015154,2023-03-20,여자,30 - 39세,인천광역시,국내온라인거래,항공여객운송서비스,청약철회
2023015155,2023-03-20,남자,50 - 59세,대구광역시,국내온라인거래,기타건강식품,품질(물품/용역)
2023015156,2023-03-20,남자,30 - 39세,경기도,일반판매,헬스장,계약해제.해지/위약금
2023015157,2023-03-20,여자,30 - 39세,울산광역시,방문판매,필라테스,청약철회
2023015158,2023-03-20,남자,60 - 64세,서울특별시,국내온라인거래,외장하드,AS불만
2023015159,2023-03-20,여자,30 - 39세,경상북도,일반판매,이동전화서비스,청약철회
2023015160,2023-03-20,여자,60 - 64세,경기도,방문판매,초고속인터넷,계약해제.해지/위약금
2023015161,2023-03-20,남자,50 - 59세,부산광역시,일반판매,스마트폰,계약불이행(불완전이행)
2023015162,2023-03-20,남자,20 - 29세,대구광역시,소셜커머스(쇼핑),티셔츠,청약철회
2023015163,2023-03-20,여자,20 - 29세,경기도,국내온라인거래,헬스장,계약해제.해지/위약금
2023015165,2023-03-20,여자,50 - 59세,경기도,국내온라인거래,시계,계약불이행(불완전이행)
2023015166,2023-03-20,남자,50 - 59세,서울특별시,방문판매,기타의류·섬유,청약철회
2023015167,2023-03-20,여자,40 - 49세,경기도,일반판매,일반이사운송서비스,계약불이행(불완전이행)
2023015168,2023-03-20,여자,20 - 29세,경상남도,국내온라인거래,보석·귀금속,청약철회
2023015169,2023-03-20,남자,40 - 49세,경상북도,국내온라인거래,그래픽카드,품질(물품/용역)
2023015170,2023-03-20,남자,40 - 49세,경기도,일반판매,소파,품질(물품/용역)
2023015171,2023-03-20,여자,20 - 29세,경기도,일반판매,필라테스,계약해제.해지/위약금
2023015172,2023-03-20,여자,40 - 49세,경기도,국내온라인거래,프라이팬,청약철회
2023015173,2023-03-20,여자,40 - 49세,서울특별시,국내온라인거래,옷장,계약불이행(불완전이행)
2023015174,2023-03-20,여자,50 - 59세,경기도,국내온라인거래,기타의류·섬유,청약철회
2023015175,2023-03-20,남자,30 - 39세,경기도,모바일거래,인터넷정보이용서비스,계약해제.해지/위약금
2023015176,2023-03-20,여자,20 - 29세,경기도,국내온라인거래,보석·귀금속,품질(물품/용역)
2023015177,2023-03-20,여자,30 - 39세,경기도,일반판매,헬스장,계약해제.해지/위약금
2023015178,2023-03-21,여자,50 - 59세,경기도,일반판매,기타가방,품질(물품/용역)
2023015179,2023-03-21,여자,40 - 49세,경기도,일반판매,자동차주유,안전(제품/시설)
2023015180,2023-03-21,여자,40 - 49세,충청북도,국내온라인거래,신발세탁,계약불이행(불완전이행)
2023015181,2023-03-21,여자,40 - 49세,강원특별자치도,일반판매,신발세탁,계약불이행(불완전이행)
2023015182,2023-03-21,여자,30 - 39세,서울특별시,국내온라인거래,운동화,품질(물품/용역)
2023015183,2023-03-21,남자,60 - 64세,서울특별시,전화권유판매,유사투자자문,계약해제.해지/위약금
2023015184,2023-03-21,남자,40 - 49세,서울특별시,일반판매,내과,부당행위
2023015185,2023-03-21,남자,65 - 69세,서울특별시,기타통신판매,이동전화서비스,계약불이행(불완전이행)
2023015186,2023-03-21,여자,20 - 29세,충청남도,국내온라인거래,기타의류·섬유,청약철회
2023015187,2023-03-21,남자,50 - 59세,서울특별시,일반판매,중고자동차중개·매매,계약해제.해지/위약금
2023015189,2023-03-21,여자,40 - 49세,경기도,국내온라인거래,점퍼·재킷류,청약철회
2023015191,2023-03-21,남자,40 - 49세,서울특별시,일반판매,운동화,품질(물품/용역)
2023015192,2023-03-21,여자,50 - 59세,강원특별자치도,일반판매,숙녀화(구두·부츠 등),품질(물품/용역)
2023015193,2023-03-21,여자,65 - 69세,경기도,일반판매,운동화,품질(물품/용역)
2023015194,2023-03-21,남자,50 - 59세,서울특별시,일반판매,운동화,품질(물품/용역)
2023015195,2023-03-21,여자,40 - 49세,경상남도,국내온라인거래,운동화,품질(물품/용역)
2023015196,2023-03-21,여자,20 - 29세,서울특별시,일반판매,신발세탁,계약불이행(불완전이행)
2023015197,2023-03-21,여자,불명,해외 및 기타,국내온라인거래,마스크,표시.광고
2023015199,2023-03-21,여자,50 - 59세,충청북도,일반판매,성형외과,품질(물품/용역)
2023015200,2023-03-21,여자,50 - 59세,경기도,일반판매,점퍼·재킷류,계약불이행(불완전이행)
2023015201,2023-03-21,여자,50 - 59세,서울특별시,국내온라인거래,식탁,AS불만
2023015202,2023-03-21,남자,40 - 49세,경기도,기타,기타병·의원서비스,품질(물품/용역)
2023015203,2023-03-21,남자,65 - 69세,서울특별시,기타,기타병·의원서비스,품질(물품/용역)
2023015204,2023-03-21,남자,30 - 39세,경기도,국내온라인거래,자동차주차장,부당행위
2023015205,2023-03-21,남자,30 - 39세,서울특별시,국내온라인거래,기타사설강습서비스,계약불이행(불완전이행)
2023015206,2023-03-21,여자,30 - 39세,경상북도,국내온라인거래,사무용가방,품질(물품/용역)
2023015207,2023-03-21,남자,70 - 79세,경기도,기타,신용카드,계약해제.해지/위약금
2023015208,2023-03-21,여자,30 - 39세,대구광역시,기타,항공여객운송서비스,계약해제.해지/위약금
2023015209,2023-03-21,여자,30 - 39세,전라남도,전화권유판매,인터넷정보이용서비스,계약불이행(불완전이행)
2023015210,2023-03-21,여자,40 - 49세,경기도,소셜커머스(쇼핑),이불·요,품질(물품/용역)
2023015211,2023-03-21,여자,40 - 49세,인천광역시,일반판매,가스보일러,AS불만
2023015212,2023-03-21,남자,30 - 39세,경기도,일반판매,신발세탁,계약불이행(불완전이행)
2023015213,2023-03-21,여자,40 - 49세,경기도,기타,헬스장,계약해제.해지/위약금
2023015214,2023-03-21,남자,50 - 59세,경기도,국내온라인거래,캐주얼바지,청약철회
2023015215,2023-03-21,여자,20 - 29세,경기도,국내온라인거래,캐주얼바지,품질(물품/용역)
2023015216,2023-03-21,여자,40 - 49세,대구광역시,국내온라인거래,항공여객운송서비스,계약해제.해지/위약금
2023015217,2023-03-21,남자,65 - 69세,경기도,전화권유판매,유사투자자문,계약해제.해지/위약금
2023015218,2023-03-21,남자,30 - 39세,서울특별시,일반판매,헬스장,계약해제.해지/위약금
2023015219,2023-03-21,남자,40 - 49세,서울특별시,일반판매,자동차대여(렌트),부당행위
2023015220,2023-03-21,여자,40 - 49세,대구광역시,국내온라인거래,기타식품류,청약철회
2023015221,2023-03-21,남자,40 - 49세,울산광역시,일반판매,국내여행,계약불이행(불완전이행)
2023015222,2023-03-21,여자,40 - 49세,경기도,국내온라인거래,점퍼·재킷류,품질(물품/용역)
2023015223,2023-03-21,남자,50 - 59세,경기도,일반판매,국내결혼중개,계약해제.해지/위약금
2023015224,2023-03-21,여자,40 - 49세,서울특별시,소셜커머스(쇼핑),유산균함유제품,청약철회
2023015225,2023-03-21,여자,50 - 59세,경기도,국내온라인거래,기타육류·육류가공식품,계약불이행(불완전이행)
2023015227,2023-03-21,여자,50 - 59세,경기도,일반판매,헬스장,계약불이행(불완전이행)
2023015228,2023-03-21,남자,30 - 39세,서울특별시,국내온라인거래,헤어드라이어,AS불만
2023015229,2023-03-21,여자,30 - 39세,서울특별시,일반판매,필라테스,계약해제.해지/위약금
2023015231,2023-03-21,남자,40 - 49세,인천광역시,전화권유판매,모바일정보이용서비스,계약해제.해지/위약금
2023015232,2023-03-21,여자,30 - 39세,충청북도,기타통신판매,기타숙박시설,계약해제.해지/위약금
2023015233,2023-03-21,여자,50 - 59세,부산광역시,국내온라인거래,기타일반화장품,계약불이행(불완전이행)
2023015235,2023-03-21,남자,65 - 69세,경기도,일반판매,기타과일·과일가공식품,품질(물품/용역)
2023015236,2023-03-21,남자,30 - 39세,경기도,국내온라인거래,지갑,품질(물품/용역)
2023015237,2023-03-21,남자,50 - 59세,경기도,일반판매,차량용블랙박스,계약해제.해지/위약금
2023015238,2023-03-21,여자,50 - 59세,서울특별시,일반판매,점퍼·재킷류,품질(물품/용역)
2023015239,2023-03-21,남자,30 - 39세,경기도,국내온라인거래,헤드폰·이어폰,품질(물품/용역)
2023015240,2023-03-21,여자,20 - 29세,부산광역시,일반판매,스포츠시설이용,계약해제.해지/위약금
2023015241,2023-03-21,여자,40 - 49세,서울특별시,소셜커머스(쇼핑),캐주얼바지,청약철회
2023015242,2023-03-21,남자,50 - 59세,서울특별시,국내온라인거래,헤드폰·이어폰,계약불이행(불완전이행)
2023015243,2023-03-21,남자,60 - 64세,서울특별시,일반판매,점퍼·재킷류,품질(물품/용역)
2023015244,2023-03-21,여자,불명,전라남도,방문판매,인터넷교육서비스,계약해제.해지/위약금
2023015245,2023-03-21,여자,40 - 49세,경기도,일반판매,신사복세트,품질(물품/용역)
2023015246,2023-03-21,남자,40 - 49세,서울특별시,일반판매,양복(서양식 의복)세탁,품질(물품/용역)
2023015247,2023-03-21,남자,50 - 59세,서울특별시,국내온라인거래,점퍼·재킷류,품질(물품/용역)
2023015248,2023-03-21,여자,40 - 49세,울산광역시,일반판매,필라테스,계약해제.해지/위약금
2023015249,2023-03-21,여자,60 - 64세,서울특별시,일반판매,기타모피·가죽의류,품질(물품/용역)
2023015250,2023-03-21,여자,30 - 39세,인천광역시,일반판매,건강(암·기타질병)보험,약관
2023015251,2023-03-21,여자,30 - 39세,경기도,일반판매,학습지,계약해제.해지/위약금
2023015254,2023-03-21,여자,40 - 49세,경기도,국내온라인거래,식탁,표시.광고
2023015255,2023-03-21,남자,65 - 69세,광주광역시,일반판매,전기자동차,AS불만
2023015256,2023-03-21,남자,50 - 59세,부산광역시,전화권유판매,유사투자자문,계약해제.해지/위약금
2023015257,2023-03-21,남자,불명,서울특별시,국내온라인거래,호텔,계약해제.해지/위약금
2023015258,2023-03-21,남자,30 - 39세,전라남도,일반판매,기타매체광고,계약해제.해지/위약금
2023015260,2023-03-21,여자,40 - 49세,경기도,국내온라인거래,기타건강식품,품질(물품/용역)
2023015261,2023-03-21,여자,40 - 49세,경기도,일반판매,인터넷교육서비스,계약해제.해지/위약금
2023015262,2023-03-21,남자,50 - 59세,전라북도,방문판매,인터넷교육서비스,계약해제.해지/위약금
2023015263,2023-03-21,여자,50 - 59세,서울특별시,국내온라인거래,기타가방,품질(물품/용역)
2023015265,2023-03-21,여자,50 - 59세,경상북도,국내온라인거래,전기스위치,계약불이행(불완전이행)
2023015266,2023-03-21,남자,65 - 69세,세종특별자치시,일반판매,유사투자자문,계약해제.해지/위약금
2023015267,2023-03-21,남자,30 - 39세,부산광역시,일반판매,헬스장,품질(물품/용역)
2023015268,2023-03-21,남자,50 - 59세,경기도,방문판매,건강(암·기타질병)보험,계약불이행(불완전이행)
2023015269,2023-03-21,여자,40 - 49세,경상남도,전화권유판매,유사투자자문,표시.광고
2023015270,2023-03-21,남자,40 - 49세,경기도,국내온라인거래,기타자동차용품,품질(물품/용역)
2023015271,2023-03-21,남자,30 - 39세,경기도,일반판매,헬스장,계약불이행(불완전이행)
2023015272,2023-03-21,여자,40 - 49세,대전광역시,일반판매,매트,품질(물품/용역)
2023015273,2023-03-21,여자,30 - 39세,경기도,일반판매,점퍼·재킷류,품질(물품/용역)
2023015274,2023-03-21,남자,30 - 39세,경기도,일반판매,스마트폰,품질(물품/용역)
2023015275,2023-03-21,여자,20 - 29세,대전광역시,전화권유판매,상조서비스,계약해제.해지/위약금
2023015276,2023-03-21,남자,30 - 39세,충청남도,일반판매,기타문화용품,계약불이행(불완전이행)
2023015277,2023-03-21,여자,40 - 49세,경기도,일반판매,코트,품질(물품/용역)
2023015278,2023-03-21,여자,40 - 49세,광주광역시,국내온라인거래,기타가방,계약불이행(불완전이행)
2023015279,2023-03-21,남자,20 - 29세,경기도,일반판매,기타주거관리설비,품질(물품/용역)
2023015280,2023-03-21,남자,50 - 59세,서울특별시,일반판매,교통카드,약관
2023015281,2023-03-21,여자,50 - 59세,대구광역시,국내온라인거래,기타숙박시설,청약철회
2023015282,2023-03-21,여자,50 - 59세,대전광역시,일반판매,기타의자류,품질(물품/용역)
2023015283,2023-03-21,남자,70 - 79세,서울특별시,일반판매,점퍼·재킷류,품질(물품/용역)
2023015284,2023-03-21,여자,30 - 39세,경상북도,일반판매,외국어강습,계약해제.해지/위약금
2023015285,2023-03-21,남자,60 - 64세,전라북도,일반판매,스마트폰,품질(물품/용역)
2023015286,2023-03-21,여자,30 - 39세,서울특별시,일반판매,헬스장,계약해제.해지/위약금
2023015287,2023-03-21,남자,20 - 29세,전라북도,일반판매,기타유란류·유란류가공식품,품질(물품/용역)
2023015288,2023-03-21,남자,50 - 59세,충청북도,일반판매,운동화,품질(물품/용역)
2023015289,2023-03-21,남자,30 - 39세,서울특별시,국내온라인거래,노트북컴퓨터,품질(물품/용역)
2023015290,2023-03-21,여자,20 - 29세,경기도,소셜커머스(쇼핑),원피스,청약철회
2023015291,2023-03-21,남자,30 - 39세,서울특별시,일반판매,예식서비스,계약해제.해지/위약금
2023015292,2023-03-21,남자,60 - 64세,부산광역시,일반판매,변호서비스,계약불이행(불완전이행)
2023015293,2023-03-21,여자,20 - 29세,경기도,국내온라인거래,아이섀도,청약철회
2023015294,2023-03-21,남자,50 - 59세,부산광역시,소셜커머스(쇼핑),펜션,계약해제.해지/위약금
2023015295,2023-03-21,여자,40 - 49세,강원특별자치도,일반판매,건강(암·기타질병)보험,약관
2023015296,2023-03-21,여자,50 - 59세,광주광역시,일반판매,헬스장,계약해제.해지/위약금
2023015297,2023-03-21,여자,30 - 39세,인천광역시,국내온라인거래,운동화,품질(물품/용역)
2023015298,2023-03-21,여자,60 - 64세,충청북도,방문판매,기타여행,계약해제.해지/위약금
2023015299,2023-03-21,여자,30 - 39세,경기도,국내온라인거래,전기의류건조기,품질(물품/용역)
2023015301,2023-03-21,여자,20 - 29세,서울특별시,국내온라인거래,티셔츠,품질(물품/용역)
2023015302,2023-03-21,여자,30 - 39세,서울특별시,일반판매,운동화,품질(물품/용역)
2023015303,2023-03-21,여자,40 - 49세,광주광역시,일반판매,전문스포츠화(축구화·골프화 등),품질(물품/용역)
2023015304,2023-03-21,여자,30 - 39세,경기도,일반판매,소파,AS불만
2023015305,2023-03-21,여자,20 - 29세,경기도,기타,필라테스,계약해제.해지/위약금
2023015306,2023-03-21,여자,40 - 49세,경기도,기타통신판매,인터넷정보이용서비스,계약불이행(불완전이행)
2023015307,2023-03-21,여자,30 - 39세,서울특별시,일반판매,운동화,품질(물품/용역)
2023015308,2023-03-21,남자,50 - 59세,강원특별자치도,국내온라인거래,항공여객운송서비스,청약철회
2023015309,2023-03-21,여자,40 - 49세,대구광역시,일반판매,기타통신기기,AS불만
2023015310,2023-03-21,남자,30 - 39세,서울특별시,국내온라인거래,키보드,AS불만
2023015311,2023-03-21,여자,40 - 49세,서울특별시,국내온라인거래,전기맛사지기,품질(물품/용역)
2023015312,2023-03-21,남자,20 - 29세,부산광역시,일반판매,헬스장,계약해제.해지/위약금
2023015313,2023-03-21,남자,20 - 29세,서울특별시,국내온라인거래,이동전화서비스,계약불이행(불완전이행)
2023015314,2023-03-21,남자,40 - 49세,경기도,국내온라인거래,양복(서양식 의복)세탁,품질(물품/용역)
2023015315,2023-03-21,여자,40 - 49세,경기도,일반판매,양복(서양식 의복)세탁,품질(물품/용역)
2023015316,2023-03-21,남자,40 - 49세,광주광역시,전화권유판매,유사투자자문,계약해제.해지/위약금
2023015317,2023-03-21,여자,30 - 39세,경기도,모바일거래,의자,품질(물품/용역)
2023015318,2023-03-21,여자,40 - 49세,서울특별시,일반판매,피부·체형관리서비스,계약해제.해지/위약금
2023015319,2023-03-21,여자,60 - 64세,서울특별시,일반판매,양복(서양식 의복)세탁,품질(물품/용역)
2023015320,2023-03-21,여자,60 - 64세,경기도,일반판매,핸드백,품질(물품/용역)
2023015321,2023-03-21,남자,불명,경기도,일반판매,스포츠웨어,품질(물품/용역)
2023015322,2023-03-21,남자,70 - 79세,부산광역시,방문판매,상조서비스,계약해제.해지/위약금
2023015323,2023-03-21,여자,70 - 79세,부산광역시,전화권유판매,모바일정보이용서비스,계약불이행(불완전이행)
2023015324,2023-03-21,여자,20 - 29세,서울특별시,기타,성형외과,품질(물품/용역)
2023015325,2023-03-21,남자,30 - 39세,경기도,국내온라인거래,전기맛사지기,AS불만
2023015327,2023-03-21,여자,30 - 39세,경기도,전화권유판매,모바일정보이용서비스,계약불이행(불완전이행)
2023015328,2023-03-21,남자,30 - 39세,경기도,전화권유판매,인터넷정보이용서비스,계약불이행(불완전이행)
2023015329,2023-03-21,여자,40 - 49세,부산광역시,기타,각종자격취득강습,계약해제.해지/위약금
2023015330,2023-03-21,여자,30 - 39세,인천광역시,일반판매,기타사설강습서비스,계약해제.해지/위약금
2023015331,2023-03-21,여자,40 - 49세,제주도,국내온라인거래,항공여객운송서비스,계약해제.해지/위약금
2023015332,2023-03-21,여자,40 - 49세,경기도,일반판매,헬스장,계약해제.해지/위약금
2023015333,2023-03-21,남자,30 - 39세,울산광역시,국내온라인거래,펜션,계약해제.해지/위약금
2023015334,2023-03-21,여자,20 - 29세,대구광역시,국내온라인거래,기타숙박시설,부당행위
2023015335,2023-03-21,여자,40 - 49세,서울특별시,일반판매,필라테스,계약해제.해지/위약금
2023015336,2023-03-21,여자,40 - 49세,경상북도,소셜커머스(쇼핑),운동화,청약철회
2023015337,2023-03-21,남자,30 - 39세,서울특별시,국제온라인거래,항공여객운송서비스,계약해제.해지/위약금
2023015338,2023-03-21,남자,30 - 39세,서울특별시,국내온라인거래,각종공연관람,계약해제.해지/위약금
2023015339,2023-03-21,여자,20 - 29세,서울특별시,국내온라인거래,기타숙박시설,청약철회
2023015340,2023-03-21,남자,50 - 59세,충청남도,국내온라인거래,점퍼·재킷류,계약불이행(불완전이행)
2023015341,2023-03-21,여자,30 - 39세,서울특별시,일반판매,아파트,가격.요금
2023015342,2023-03-21,남자,30 - 39세,서울특별시,국내온라인거래,노트북컴퓨터,품질(물품/용역)
2023015343,2023-03-21,여자,40 - 49세,광주광역시,국내온라인거래,점퍼·재킷류,청약철회
2023015344,2023-03-21,남자,30 - 39세,경기도,국내온라인거래,기타사무용품,품질(물품/용역)
2023015345,2023-03-21,여자,20 - 29세,전라북도,방문판매,테니스장스쿼시회원권,계약해제.해지/위약금
2023015346,2023-03-21,남자,50 - 59세,경기도,기타,아파트,AS불만
2023015347,2023-03-21,남자,50 - 59세,서울특별시,국내온라인거래,스마트폰,계약불이행(불완전이행)
2023015348,2023-03-21,여자,50 - 59세,경기도,소셜커머스(쇼핑),영양크림류,계약불이행(불완전이행)
2023015349,2023-03-21,여자,30 - 39세,경기도,기타,인터넷교육서비스,계약해제.해지/위약금
2023015350,2023-03-21,남자,40 - 49세,경상북도,전화권유판매,인터넷정보이용서비스,계약해제.해지/위약금
2023015351,2023-03-21,여자,50 - 59세,전라북도,일반판매,시스템에어컨,계약해제.해지/위약금
2023015352,2023-03-21,여자,20 - 29세,경기도,일반판매,필라테스,계약불이행(불완전이행)
2023015353,2023-03-21,여자,30 - 39세,충청남도,모바일거래,일반강습(입시학원등),계약해제.해지/위약금
2023015354,2023-03-21,남자,80세이상,서울특별시,기타,기타인테리어설비,AS불만
2023015355,2023-03-21,여자,20 - 29세,경기도,일반판매,헬스장,계약해제.해지/위약금
2023015356,2023-03-21,남자,40 - 49세,서울특별시,일반판매,스마트폰,계약불이행(불완전이행)
2023015357,2023-03-21,여자,30 - 39세,서울특별시,국내온라인거래,캐주얼바지,청약철회
2023015358,2023-03-21,여자,40 - 49세,서울특별시,국내온라인거래,항공여객운송서비스,계약해제.해지/위약금
2023015359,2023-03-21,여자,30 - 39세,서울특별시,일반판매,헬스장,계약해제.해지/위약금
2023015360,2023-03-21,여자,30 - 39세,경상북도,방문판매,기타방문·통신교육서비스,계약해제.해지/위약금
2023015361,2023-03-21,여자,20 - 29세,서울특별시,국내온라인거래,기타숙박시설,청약철회
2023015362,2023-03-21,여자,40 - 49세,서울특별시,일반판매,포장이사운송서비스,계약불이행(불완전이행)
2023015363,2023-03-21,여자,30 - 39세,울산광역시,일반판매,기타회원권,계약해제.해지/위약금
2023015364,2023-03-21,여자,30 - 39세,서울특별시,일반판매,이동전화서비스,청약철회
2023015365,2023-03-21,여자,20 - 29세,인천광역시,일반판매,기타의류·섬유,계약해제.해지/위약금
2023015366,2023-03-21,여자,50 - 59세,울산광역시,국제온라인거래,숙녀복상의,청약철회
2023015367,2023-03-21,여자,50 - 59세,서울특별시,국내온라인거래,전기세탁기,AS불만
2023015368,2023-03-21,남자,30 - 39세,서울특별시,기타통신판매,하우스용철골,품질(물품/용역)
2023015369,2023-03-21,남자,50 - 59세,서울특별시,일반판매,기타빵·과자류,안전(제품/시설)
2023015370,2023-03-21,여자,20 - 29세,광주광역시,일반판매,필라테스,계약해제.해지/위약금
2023015371,2023-03-21,남자,40 - 49세,경기도,국내온라인거래,시계,AS불만
2023015372,2023-03-21,여자,40 - 49세,울산광역시,전화권유판매,인터넷정보이용서비스,계약불이행(불완전이행)
2023015373,2023-03-21,여자,30 - 39세,서울특별시,일반판매,기타사설강습서비스,계약해제.해지/위약금
2023015374,2023-03-21,남자,30 - 39세,서울특별시,국내온라인거래,기타완구·인형,계약불이행(불완전이행)
2023015375,2023-03-21,여자,30 - 39세,대구광역시,국내온라인거래,기타정보이용서비스,청약철회
2023015376,2023-03-21,남자,30 - 39세,서울특별시,국내온라인거래,전자게임기구,계약해제.해지/위약금
2023015377,2023-03-21,남자,40 - 49세,충청남도,일반판매,포장이사운송서비스,계약불이행(불완전이행)
2023015378,2023-03-21,남자,30 - 39세,대구광역시,국내온라인거래,항공여객운송서비스,청약철회
2023015379,2023-03-21,남자,20 - 29세,경기도,국내온라인거래,미분류대여(렌트),계약불이행(불완전이행)
2023015380,2023-03-21,남자,30 - 39세,서울특별시,국내온라인거래,기타서적음반류,청약철회
2023015381,2023-03-21,남자,60 - 64세,경기도,일반판매,안마의자,부당행위
2023015382,2023-03-21,여자,20 - 29세,울산광역시,방문판매,헬스장,계약해제.해지/위약금
2023015383,2023-03-21,여자,30 - 39세,서울특별시,일반판매,택배화물운송서비스,계약불이행(불완전이행)
2023015385,2023-03-21,여자,20 - 29세,서울특별시,국내온라인거래,기타의류·섬유,청약철회
2023015387,2023-03-21,여자,30 - 39세,경상남도,방문판매,달걀,품질(물품/용역)
2023015388,2023-03-21,남자,30 - 39세,서울특별시,소셜커머스(쇼핑),호텔,계약불이행(불완전이행)
2023015389,2023-03-21,여자,30 - 39세,인천광역시,일반판매,헬스장,계약해제.해지/위약금
2023015390,2023-03-21,여자,30 - 39세,경상남도,일반판매,피부·체형관리서비스,계약해제.해지/위약금
2023015391,2023-03-21,여자,20 - 29세,서울특별시,일반판매,헬스장,계약해제.해지/위약금
2023015392,2023-03-21,여자,50 - 59세,인천광역시,TV홈쇼핑,전기맛사지기,품질(물품/용역)
2023015393,2023-03-21,여자,40 - 49세,인천광역시,국제온라인거래,기타숙박시설,청약철회
2023015394,2023-03-21,남자,30 - 39세,서울특별시,국내온라인거래,항공여객운송서비스,계약해제.해지/위약금
2023015395,2023-03-21,남자,40 - 49세,경기도,소셜커머스(쇼핑),TV,계약불이행(불완전이행)
2023015396,2023-03-21,여자,30 - 39세,울산광역시,일반판매,필라테스,계약해제.해지/위약금
2023015397,2023-03-21,여자,40 - 49세,서울특별시,기타,헬스장,계약해제.해지/위약금
2023015398,2023-03-21,남자,40 - 49세,인천광역시,국내온라인거래,항공여객운송서비스,계약해제.해지/위약금
2023015399,2023-03-21,여자,30 - 39세,경기도,국내온라인거래,항공여객운송서비스,청약철회
2023015400,2023-03-21,남자,30 - 39세,광주광역시,국내온라인거래,스마트폰,청약철회
2023015401,2023-03-21,여자,50 - 59세,서울특별시,기타,수영장회원권,계약불이행(불완전이행)
2023015402,2023-03-21,여자,30 - 39세,경기도,국내온라인거래,일반강습(입시학원등),청약철회
2023015403,2023-03-21,여자,30 - 39세,인천광역시,일반판매,국외여행,계약해제.해지/위약금
2023015404,2023-03-21,여자,40 - 49세,세종특별자치시,일반판매,필라테스,계약해제.해지/위약금
2023015405,2023-03-21,남자,40 - 49세,충청북도,일반판매,스팀다리미,품질(물품/용역)
2023015406,2023-03-21,여자,30 - 39세,서울특별시,일반판매,피부·체형관리서비스,계약해제.해지/위약금
2023015407,2023-03-21,여자,40 - 49세,광주광역시,일반판매,일반강습(입시학원등),계약해제.해지/위약금
2023015408,2023-03-21,남자,30 - 39세,서울특별시,모바일거래,국내여행,계약해제.해지/위약금
2023015409,2023-03-21,여자,50 - 59세,대구광역시,일반판매,식탁,AS불만
2023015410,2023-03-21,여자,40 - 49세,경상남도,국내온라인거래,기타가사용품,품질(물품/용역)
2023015411,2023-03-21,남자,60 - 64세,경기도,국내온라인거래,항공여객운송서비스,계약해제.해지/위약금
2023015412,2023-03-21,여자,40 - 49세,대구광역시,모바일거래,시계,계약불이행(불완전이행)
2023015413,2023-03-21,남자,30 - 39세,서울특별시,기타,택배화물운송서비스,품질(물품/용역)
2023015414,2023-03-21,여자,30 - 39세,전라남도,일반판매,헬스장,계약해제.해지/위약금
2023015415,2023-03-21,여자,30 - 39세,경기도,일반판매,기타세트가구류,품질(물품/용역)
2023015416,2023-03-21,여자,30 - 39세,대구광역시,일반판매,예식서비스,계약해제.해지/위약금
2023015417,2023-03-22,남자,40 - 49세,경기도,일반판매,기타미분류서비스,계약불이행(불완전이행)
2023015418,2023-03-22,여자,30 - 39세,경상남도,일반판매,가발,품질(물품/용역)
2023015419,2023-03-22,여자,50 - 59세,부산광역시,기타통신판매,기타일반화장품,청약철회
2023015420,2023-03-22,남자,60 - 64세,경기도,일반판매,기타승용차,품질(물품/용역)
2023015421,2023-03-22,남자,65 - 69세,광주광역시,기타통신판매,국외여행,계약불이행(불완전이행)
2023015423,2023-03-22,남자,30 - 39세,대구광역시,일반판매,여성용한복,계약해제.해지/위약금
2023015424,2023-03-22,여자,40 - 49세,울산광역시,일반판매,대형승용자동차,AS불만
2023015425,2023-03-22,여자,60 - 64세,경기도,기타,포장이사운송서비스,계약불이행(불완전이행)
2023015426,2023-03-22,남자,50 - 59세,광주광역시,기타,초고속인터넷,부당행위
2023015428,2023-03-22,여자,40 - 49세,경기도,모바일거래,기타약품,계약불이행(불완전이행)
2023015429,2023-03-22,여자,30 - 39세,경기도,모바일거래,티셔츠,청약철회
2023015430,2023-03-22,여자,30 - 39세,경기도,일반판매,포장이사운송서비스,계약불이행(불완전이행)
2023015431,2023-03-22,여자,40 - 49세,서울특별시,국내온라인거래,기타자동차용품,표시.광고
2023015432,2023-03-22,여자,20 - 29세,서울특별시,기타,사진촬영,계약해제.해지/위약금
2023015433,2023-03-22,남자,65 - 69세,부산광역시,일반판매,외과,품질(물품/용역)
2023015434,2023-03-22,남자,20 - 29세,경기도,일반판매,헬스장,계약해제.해지/위약금
2023015435,2023-03-22,여자,60 - 64세,경기도,국내온라인거래,기타스포츠·레저기구·용품,품질(물품/용역)
2023015436,2023-03-22,남자,40 - 49세,전라북도,일반판매,이동전화서비스,부당행위
2023015437,2023-03-22,여자,50 - 59세,경기도,일반판매,조개,품질(물품/용역)
2023015438,2023-03-22,남자,30 - 39세,서울특별시,일반판매,헬스장,계약해제.해지/위약금
2023015439,2023-03-22,남자,30 - 39세,인천광역시,국내온라인거래,기타화물운송서비스,계약불이행(불완전이행)
2023015440,2023-03-22,남자,50 - 59세,경기도,국내온라인거래,니트(스웨터),청약철회
2023015441,2023-03-22,여자,20 - 29세,서울특별시,모바일거래,건물청소서비스,계약불이행(불완전이행)
2023015442,2023-03-22,남자,30 - 39세,경기도,일반판매,기타문화용품,청약철회
2023015443,2023-03-22,남자,50 - 59세,전라북도,일반판매,중고자동차중개·매매,품질(물품/용역)
2023015444,2023-03-22,여자,40 - 49세,경기도,일반판매,펜션,계약해제.해지/위약금
2023015445,2023-03-22,여자,50 - 59세,전라북도,국내온라인거래,기타미분류서비스,계약해제.해지/위약금
2023015446,2023-03-22,남자,20 - 29세,경기도,기타통신판매,이동전화서비스,부당행위
2023015447,2023-03-22,여자,30 - 39세,경기도,일반판매,헬스장,계약해제.해지/위약금
2023015449,2023-03-22,여자,30 - 39세,경기도,국내온라인거래,기타이·미용기구,품질(물품/용역)
2023015450,2023-03-22,남자,60 - 64세,부산광역시,일반판매,국외여행,계약불이행(불완전이행)
2023015452,2023-03-22,남자,30 - 39세,충청남도,국내온라인거래,기타이동통신,계약불이행(불완전이행)
2023015454,2023-03-22,남자,70 - 79세,서울특별시,기타,치과,품질(물품/용역)
2023015455,2023-03-22,여자,30 - 39세,서울특별시,일반판매,헬스장,계약해제.해지/위약금
2023015456,2023-03-22,남자,30 - 39세,경기도,일반판매,옷장,계약해제.해지/위약금
2023015458,2023-03-22,여자,40 - 49세,서울특별시,국내온라인거래,신유형상품권,계약불이행(불완전이행)
2023015459,2023-03-22,남자,40 - 49세,서울특별시,소셜커머스(쇼핑),남성용내의류,청약철회
2023015460,2023-03-22,남자,30 - 39세,경상북도,일반판매,실손보험,계약불이행(불완전이행)
2023015461,2023-03-22,남자,20 - 29세,서울특별시,일반판매,기타빵·과자류,품질(물품/용역)
2023015462,2023-03-22,남자,20 - 29세,강원특별자치도,일반판매,카셰어링,부당행위
2023015463,2023-03-22,여자,65 - 69세,경상남도,일반판매,건강(암·기타질병)보험,약관
2023015464,2023-03-22,여자,30 - 39세,서울특별시,기타통신판매,운동화,표시.광고
2023015465,2023-03-22,여자,30 - 39세,경기도,국내온라인거래,점퍼·재킷류,품질(물품/용역)
2023015466,2023-03-22,여자,30 - 39세,서울특별시,국내온라인거래,티셔츠,품질(물품/용역)
2023015467,2023-03-22,여자,20 - 29세,서울특별시,일반판매,기타사설강습서비스,계약해제.해지/위약금
2023015468,2023-03-22,여자,50 - 59세,경기도,일반판매,국외여행,계약해제.해지/위약금
2023015469,2023-03-22,여자,40 - 49세,경기도,기타통신판매,포장이사운송서비스,품질(물품/용역)
2023015470,2023-03-22,여자,40 - 49세,부산광역시,일반판매,상조서비스,계약해제.해지/위약금
2023015471,2023-03-22,여자,30 - 39세,세종특별자치시,일반판매,필라테스,계약해제.해지/위약금
2023015472,2023-03-22,여자,40 - 49세,경기도,일반판매,공중목욕탕,계약해제.해지/위약금
2023015473,2023-03-22,남자,30 - 39세,경기도,일반판매,양복(서양식 의복)세탁,품질(물품/용역)
2023015474,2023-03-22,여자,불명,경기도,국내온라인거래,원피스,품질(물품/용역)
2023015475,2023-03-22,남자,50 - 59세,경기도,전화권유판매,모바일정보이용서비스,계약해제.해지/위약금
2023015476,2023-03-22,남자,20 - 29세,경기도,일반판매,미용서비스,계약불이행(불완전이행)
2023015477,2023-03-22,여자,30 - 39세,경기도,일반판매,운동화,품질(물품/용역)
2023015478,2023-03-22,여자,30 - 39세,서울특별시,일반판매,헬스장,계약해제.해지/위약금
2023015480,2023-03-22,여자,20 - 29세,서울특별시,국내온라인거래,이동전화서비스,품질(물품/용역)
2023015481,2023-03-22,남자,50 - 59세,부산광역시,국내온라인거래,펜션,계약해제.해지/위약금
2023015482,2023-03-22,여자,50 - 59세,서울특별시,일반판매,점퍼·재킷류,계약해제.해지/위약금
2023015483,2023-03-22,남자,50 - 59세,전라북도,일반판매,건강(암·기타질병)보험,약관
2023015484,2023-03-22,여자,20 - 29세,경기도,일반판매,상해보험,약관
2023015485,2023-03-22,남자,20 - 29세,경상북도,일반판매,건강(암·기타질병)보험,약관
2023015486,2023-03-22,남자,60 - 64세,대전광역시,일반판매,중형승용자동차,품질(물품/용역)
2023015487,2023-03-22,남자,40 - 49세,인천광역시,국내온라인거래,카메라,안전(제품/시설)
2023015488,2023-03-22,남자,20 - 29세,인천광역시,소셜커머스(쇼핑),항공여객운송서비스,청약철회
2023015490,2023-03-22,남자,40 - 49세,경기도,소셜커머스(쇼핑),모니터,청약철회
2023015491,2023-03-22,여자,60 - 64세,대구광역시,일반판매,캐주얼바지,품질(물품/용역)
2023015492,2023-03-22,여자,50 - 59세,경기도,일반판매,건물청소서비스,품질(물품/용역)
2023015493,2023-03-22,여자,50 - 59세,경기도,기타,섀시설비,품질(물품/용역)
2023015494,2023-03-22,남자,20 - 29세,경상남도,일반판매,미분류수리가공,계약불이행(불완전이행)
2023015495,2023-03-22,남자,20 - 29세,경기도,국내온라인거래,운동화,청약철회
2023015496,2023-03-22,남자,50 - 59세,경기도,방문판매,아파트,계약해제.해지/위약금
2023015497,2023-03-22,여자,30 - 39세,경기도,국내온라인거래,기타간편복,청약철회
2023015498,2023-03-22,남자,50 - 59세,경상남도,일반판매,골프회원권,계약불이행(불완전이행)
2023015499,2023-03-22,남자,30 - 39세,경기도,일반판매,기타인테리어설비,품질(물품/용역)
2023015500,2023-03-22,여자,65 - 69세,서울특별시,국내온라인거래,골프용품,품질(물품/용역)
2023015502,2023-03-22,남자,65 - 69세,경상남도,일반판매,국외여행,이자.수수료
2023015503,2023-03-22,여자,30 - 39세,경기도,일반판매,제조물·생산및영업배상보험,약관
2023015504,2023-03-22,여자,20 - 29세,부산광역시,일반판매,학습지,계약해제.해지/위약금
2023015505,2023-03-22,남자,40 - 49세,대구광역시,일반판매,인터넷정보이용서비스,계약해제.해지/위약금
2023015506,2023-03-22,남자,50 - 59세,서울특별시,국내온라인거래,택배화물운송서비스,계약불이행(불완전이행)
2023015507,2023-03-22,남자,20 - 29세,경기도,국내온라인거래,기타스포츠·레저기구·용품,계약불이행(불완전이행)
2023015508,2023-03-22,남자,65 - 69세,서울특별시,기타통신판매,기타자동차부품,청약철회
2023015509,2023-03-22,여자,50 - 59세,경기도,일반판매,양복(서양식 의복)세탁,품질(물품/용역)
2023015510,2023-03-22,남자,65 - 69세,대전광역시,모바일거래,철도여객운송서비스,부당행위
2023015512,2023-03-22,남자,70 - 79세,경기도,기타통신판매,USB,품질(물품/용역)
2023015513,2023-03-22,남자,40 - 49세,서울특별시,모바일거래,기타미분류서비스,계약해제.해지/위약금
2023015514,2023-03-22,남자,40 - 49세,강원특별자치도,국내온라인거래,스노우체인,품질(물품/용역)
2023015515,2023-03-22,여자,40 - 49세,서울특별시,일반판매,핸드백,품질(물품/용역)
2023015516,2023-03-22,여자,60 - 64세,세종특별자치시,일반판매,점퍼·재킷류,품질(물품/용역)
2023015517,2023-03-22,남자,30 - 39세,경기도,일반판매,핸드백,품질(물품/용역)
2023015518,2023-03-22,남자,30 - 39세,서울특별시,소셜커머스(쇼핑),운동화,품질(물품/용역)
2023015519,2023-03-22,남자,40 - 49세,서울특별시,일반판매,점퍼·재킷류,품질(물품/용역)
2023015520,2023-03-22,남자,50 - 59세,광주광역시,일반판매,운동화,품질(물품/용역)
2023015521,2023-03-22,남자,50 - 59세,광주광역시,일반판매,운동화,품질(물품/용역)
2023015522,2023-03-22,남자,50 - 59세,광주광역시,일반판매,운동화,품질(물품/용역)
2023015523,2023-03-22,여자,30 - 39세,인천광역시,방문판매,기타방문·통신교육서비스,계약해제.해지/위약금
2023015524,2023-03-22,여자,20 - 29세,서울특별시,일반판매,양복(서양식 의복)세탁,품질(물품/용역)
2023015525,2023-03-22,여자,30 - 39세,경기도,일반판매,신발세탁,품질(물품/용역)
2023015526,2023-03-22,여자,30 - 39세,서울특별시,국내온라인거래,양복(서양식 의복)세탁,품질(물품/용역)
2023015527,2023-03-22,여자,40 - 49세,서울특별시,기타통신판매,기타공조·냉난방설비,AS불만
2023015528,2023-03-22,여자,30 - 39세,경기도,국내온라인거래,코트,품질(물품/용역)
2023015529,2023-03-22,여자,40 - 49세,서울특별시,일반판매,필라테스,계약해제.해지/위약금
2023015530,2023-03-22,여자,30 - 39세,부산광역시,국내온라인거래,등산화,청약철회
2023015531,2023-03-22,남자,30 - 39세,경기도,일반판매,택배화물운송서비스,품질(물품/용역)
2023015532,2023-03-22,남자,20 - 29세,경기도,모바일거래,호텔,계약불이행(불완전이행)
2023015533,2023-03-22,여자,30 - 39세,경기도,국내온라인거래,핸드백,청약철회
2023015534,2023-03-22,여자,30 - 39세,충청북도,기타,예식서비스,계약해제.해지/위약금
2023015535,2023-03-22,여자,30 - 39세,울산광역시,국내온라인거래,기타통신기기,품질(물품/용역)
2023015536,2023-03-22,여자,30 - 39세,강원특별자치도,일반판매,학습지,계약해제.해지/위약금
2023015537,2023-03-22,여자,20 - 29세,경기도,일반판매,헬스장,계약해제.해지/위약금
2023015538,2023-03-22,여자,30 - 39세,경기도,국내온라인거래,커튼,품질(물품/용역)
2023015539,2023-03-22,여자,40 - 49세,서울특별시,국내온라인거래,사무용가방,부당행위
2023015540,2023-03-22,남자,40 - 49세,세종특별자치시,일반판매,신발세탁,표시.광고
2023015541,2023-03-22,여자,20 - 29세,서울특별시,국내온라인거래,숙녀화(구두·부츠 등),청약철회
2023015542,2023-03-22,남자,30 - 39세,경기도,기타,신발세탁,품질(물품/용역)
2023015544,2023-03-22,남자,30 - 39세,서울특별시,방문판매,점퍼·재킷류,청약철회
2023015545,2023-03-22,여자,40 - 49세,경기도,국내온라인거래,TV,청약철회
2023015546,2023-03-22,여자,20 - 29세,경기도,모바일거래,모바일정보이용서비스,계약해제.해지/위약금
2023015547,2023-03-22,여자,30 - 39세,경기도,일반판매,기타세탁서비스,품질(물품/용역)
2023015549,2023-03-22,여자,40 - 49세,경기도,기타,포장이사운송서비스,가격.요금
2023015550,2023-03-22,남자,20 - 29세,경기도,전화권유판매,기타정보이용서비스,계약해제.해지/위약금
2023015551,2023-03-22,남자,20 - 29세,서울특별시,일반판매,헬스장,계약해제.해지/위약금
2023015552,2023-03-22,남자,30 - 39세,인천광역시,일반판매,스마트폰,품질(물품/용역)
2023015553,2023-03-22,여자,40 - 49세,경기도,국내온라인거래,의자,품질(물품/용역)
2023015555,2023-03-22,여자,50 - 59세,서울특별시,국내온라인거래,옷장,품질(물품/용역)
2023015556,2023-03-22,남자,40 - 49세,인천광역시,국내온라인거래,운동화,청약철회
2023015557,2023-03-22,남자,60 - 64세,경기도,국내온라인거래,운동화,청약철회
2023015558,2023-03-22,여자,50 - 59세,서울특별시,국내온라인거래,기타일반화장품,품질(물품/용역)
2023015559,2023-03-22,여자,30 - 39세,서울특별시,일반판매,필라테스,계약해제.해지/위약금
2023015560,2023-03-22,여자,30 - 39세,충청남도,국내온라인거래,펜션,계약해제.해지/위약금
2023015561,2023-03-22,남자,30 - 39세,서울특별시,일반판매,헬스장,계약해제.해지/위약금
2023015562,2023-03-22,여자,40 - 49세,서울특별시,일반판매,택배화물운송서비스,계약해제.해지/위약금
2023015563,2023-03-22,여자,40 - 49세,경기도,국내온라인거래,니트(스웨터),청약철회
2023015564,2023-03-22,남자,50 - 59세,경기도,국내온라인거래,기타가구,청약철회
2023015565,2023-03-22,여자,30 - 39세,경상남도,국내온라인거래,항공여객운송서비스,계약해제.해지/위약금
2023015566,2023-03-22,남자,40 - 49세,서울특별시,국내온라인거래,항공여객운송서비스,계약해제.해지/위약금
2023015567,2023-03-22,남자,20 - 29세,경기도,일반판매,헬스장,계약불이행(불완전이행)
2023015568,2023-03-22,남자,60 - 64세,서울특별시,일반판매,종합체육시설회원권,계약해제.해지/위약금
2023015569,2023-03-22,남자,40 - 49세,충청북도,국내온라인거래,메인보드,AS불만
2023015570,2023-03-22,여자,30 - 39세,서울특별시,전화권유판매,기타정보이용서비스,계약해제.해지/위약금
2023015571,2023-03-22,남자,30 - 39세,서울특별시,국내온라인거래,운동화,청약철회
2023015572,2023-03-22,여자,50 - 59세,인천광역시,기타,골프회원권,계약해제.해지/위약금
2023015573,2023-03-22,여자,50 - 59세,서울특별시,국내온라인거래,블라우스,청약철회
2023015574,2023-03-22,여자,40 - 49세,대구광역시,일반판매,필라테스,계약해제.해지/위약금
2023015575,2023-03-22,여자,20 - 29세,경기도,기타,건물청소서비스,품질(물품/용역)
2023015576,2023-03-22,여자,20 - 29세,경상남도,국내온라인거래,애완동·식물용품,청약철회
2023015577,2023-03-22,남자,30 - 39세,경기도,일반판매,예식서비스,계약해제.해지/위약금
2023015578,2023-03-22,여자,50 - 59세,서울특별시,일반판매,사진촬영,계약해제.해지/위약금
2023015579,2023-03-22,여자,30 - 39세,충청북도,기타,대리운전,계약불이행(불완전이행)
2023015580,2023-03-22,여자,40 - 49세,대구광역시,일반판매,전기맛사지기,AS불만
2023015581,2023-03-22,남자,50 - 59세,부산광역시,일반판매,골프회원권,계약해제.해지/위약금
2023015582,2023-03-22,여자,50 - 59세,서울특별시,국내온라인거래,레저시설이용,계약불이행(불완전이행)
2023015583,2023-03-22,여자,20 - 29세,서울특별시,방문판매,화장품세트,계약해제.해지/위약금
2023015584,2023-03-22,남자,30 - 39세,경기도,기타,기타인테리어설비,계약해제.해지/위약금
2023015585,2023-03-22,여자,60 - 64세,경기도,일반판매,헬스장,계약해제.해지/위약금
2023015586,2023-03-22,남자,30 - 39세,서울특별시,국내온라인거래,기타건강식품,청약철회
2023015587,2023-03-22,여자,40 - 49세,인천광역시,방문판매,포장이사운송서비스,품질(물품/용역)
2023015588,2023-03-22,남자,40 - 49세,서울특별시,국내온라인거래,탁자,청약철회
2023015589,2023-03-22,여자,30 - 39세,인천광역시,일반판매,스마트폰,품질(물품/용역)
2023015590,2023-03-22,남자,40 - 49세,경기도,기타,기타예식관련서비스,계약해제.해지/위약금
2023015591,2023-03-22,남자,30 - 39세,부산광역시,기타,택배화물운송서비스,품질(물품/용역)
2023015592,2023-03-22,여자,40 - 49세,서울특별시,국내온라인거래,전기장판,품질(물품/용역)
2023015593,2023-03-22,여자,40 - 49세,부산광역시,일반판매,기타세탁서비스,청약철회
2023015594,2023-03-22,남자,30 - 39세,인천광역시,기타,기타인테리어설비,AS불만
2023015595,2023-03-22,남자,30 - 39세,인천광역시,방문판매,방문교육,계약해제.해지/위약금
2023015596,2023-03-22,여자,30 - 39세,서울특별시,국내온라인거래,국외여행,계약해제.해지/위약금
2023015597,2023-03-22,여자,30 - 39세,경기도,국내온라인거래,여성용내의류,청약철회
2023015598,2023-03-22,여자,20 - 29세,서울특별시,일반판매,미용서비스,품질(물품/용역)
2023015599,2023-03-22,여자,30 - 39세,인천광역시,기타,의상대여(렌트),청약철회
2023015600,2023-03-22,여자,50 - 59세,충청북도,일반판매,포장이사운송서비스,계약불이행(불완전이행)
2023015601,2023-03-22,남자,50 - 59세,서울특별시,일반판매,헤드폰·이어폰,품질(물품/용역)
2023015602,2023-03-22,여자,30 - 39세,경기도,일반판매,예식서비스,계약해제.해지/위약금
2023015603,2023-03-22,남자,50 - 59세,경기도,일반판매,기타인테리어설비,품질(물품/용역)
2023015604,2023-03-22,여자,40 - 49세,광주광역시,기타,기타세탁서비스,품질(물품/용역)
2023015605,2023-03-22,여자,40 - 49세,경기도,기타,국외여행,계약해제.해지/위약금
2023015606,2023-03-22,남자,40 - 49세,경기도,국내온라인거래,TV,계약불이행(불완전이행)
2023015607,2023-03-22,여자,50 - 59세,전라북도,방문판매,인터넷교육서비스,계약해제.해지/위약금
2023015608,2023-03-22,남자,50 - 59세,울산광역시,소셜커머스(쇼핑),기타회원권,계약해제.해지/위약금
2023015609,2023-03-22,여자,40 - 49세,인천광역시,일반판매,침대,계약해제.해지/위약금
2023015610,2023-03-22,여자,40 - 49세,대구광역시,일반판매,필라테스,계약해제.해지/위약금
2023015611,2023-03-22,여자,40 - 49세,울산광역시,국내온라인거래,국외여행,계약해제.해지/위약금
2023015612,2023-03-22,여자,20 - 29세,경기도,국내온라인거래,숙녀복세트,청약철회
2023015613,2023-03-22,남자,30 - 39세,경기도,국내온라인거래,일반강습(입시학원등),계약해제.해지/위약금
2023015614,2023-03-22,여자,30 - 39세,경기도,국내온라인거래,마스크,청약철회
2023015615,2023-03-22,여자,65 - 69세,경기도,기타통신판매,중고전자제품매매업,부당행위
2023015616,2023-03-22,여자,20 - 29세,경기도,기타통신판매,펜션,청약철회
2023015617,2023-03-22,남자,40 - 49세,서울특별시,일반판매,소파,품질(물품/용역)
2023015618,2023-03-22,여자,40 - 49세,울산광역시,일반판매,필라테스,계약해제.해지/위약금
2023015619,2023-03-22,남자,20 - 29세,경상북도,일반판매,인터넷교육서비스,계약해제.해지/위약금
2023015621,2023-03-22,여자,20 - 29세,인천광역시,방문판매,필라테스,계약해제.해지/위약금
2023015622,2023-03-22,여자,30 - 39세,부산광역시,일반판매,택배화물운송서비스,계약불이행(불완전이행)
2023015623,2023-03-22,여자,30 - 39세,전라남도,국내온라인거래,인터넷교육서비스,계약해제.해지/위약금
2023015624,2023-03-22,여자,30 - 39세,경기도,소셜커머스(쇼핑),침대,계약불이행(불완전이행)
2023015625,2023-03-22,여자,30 - 39세,서울특별시,국내온라인거래,파운데이션,계약불이행(불완전이행)
2023015626,2023-03-23,여자,20 - 29세,서울특별시,일반판매,포장이사운송서비스,거래관행
2023015627,2023-03-23,남자,70 - 79세,서울특별시,일반판매,정형외과,품질(물품/용역)
2023015628,2023-03-23,남자,40 - 49세,경상남도,일반판매,기타인테리어설비,거래관행
2023015629,2023-03-23,남자,40 - 49세,인천광역시,일반판매,묘지설비,계약해제.해지/위약금
2023015630,2023-03-23,남자,20 - 29세,서울특별시,일반판매,예식서비스,계약해제.해지/위약금
2023015631,2023-03-23,남자,30 - 39세,경상남도,국내온라인거래,기타자동차부품,청약철회
2023015632,2023-03-23,여자,50 - 59세,충청남도,일반판매,건강(암·기타질병)보험,약관
2023015633,2023-03-23,여자,50 - 59세,충청남도,일반판매,건강(암·기타질병)보험,약관
2023015634,2023-03-23,여자,50 - 59세,충청남도,일반판매,건강(암·기타질병)보험,약관
2023015635,2023-03-23,여자,50 - 59세,충청남도,일반판매,건강(암·기타질병)보험,품질(물품/용역)
2023015636,2023-03-23,남자,40 - 49세,경기도,일반판매,한의원,안전(제품/시설)
2023015637,2023-03-23,여자,70 - 79세,서울특별시,전화권유판매,화장품세트,청약철회
2023015638,2023-03-23,남자,40 - 49세,경상남도,일반판매,외국어강습,계약해제.해지/위약금
2023015639,2023-03-23,여자,30 - 39세,경기도,모바일거래,이동전화서비스,표시.광고
2023015640,2023-03-23,여자,40 - 49세,충청북도,일반판매,결혼준비대행서비스,품질(물품/용역)
2023015642,2023-03-23,남자,30 - 39세,대전광역시,일반판매,헬스장,계약해제.해지/위약금
2023015643,2023-03-23,여자,60 - 64세,서울특별시,일반판매,안과,품질(물품/용역)
2023015644,2023-03-23,여자,40 - 49세,충청북도,일반판매,학습지,계약해제.해지/위약금
2023015645,2023-03-23,여자,30 - 39세,서울특별시,일반판매,골프회원권,계약해제.해지/위약금
2023015646,2023-03-23,남자,20 - 29세,경기도,국내온라인거래,점퍼·재킷류,계약해제.해지/위약금
2023015647,2023-03-23,여자,30 - 39세,서울특별시,일반판매,신용카드,청약철회
2023015648,2023-03-23,남자,30 - 39세,경기도,일반판매,헬스장,계약해제.해지/위약금
2023015649,2023-03-23,여자,40 - 49세,경기도,국내온라인거래,호텔,계약해제.해지/위약금
2023015650,2023-03-23,여자,40 - 49세,광주광역시,일반판매,헬스장,계약해제.해지/위약금
2023015651,2023-03-23,여자,50 - 59세,대구광역시,기타,미분류대여(렌트),품질(물품/용역)
2023015652,2023-03-23,여자,20 - 29세,경기도,일반판매,국내결혼중개,계약불이행(불완전이행)
2023015653,2023-03-23,남자,20 - 29세,서울특별시,일반판매,헬스장,계약해제.해지/위약금
2023015654,2023-03-23,여자,65 - 69세,서울특별시,일반판매,양복(서양식 의복)세탁,품질(물품/용역)
2023015656,2023-03-23,남자,50 - 59세,경기도,일반판매,기타세정제·탈취제,품질(물품/용역)
2023015657,2023-03-23,여자,70 - 79세,서울특별시,일반판매,인터넷정보이용서비스,계약해제.해지/위약금
2023015658,2023-03-23,남자,40 - 49세,인천광역시,기타,신경외과,품질(물품/용역)
2023015659,2023-03-23,남자,불명,서울특별시,모바일거래,기타건강식품,계약불이행(불완전이행)
2023015660,2023-03-23,여자,30 - 39세,대전광역시,국내온라인거래,텐트,품질(물품/용역)
2023015661,2023-03-23,남자,40 - 49세,경기도,일반판매,카셰어링,부당행위
2023015662,2023-03-23,남자,50 - 59세,경기도,기타,대형승용자동차,부당행위
2023015663,2023-03-23,남자,30 - 39세,서울특별시,일반판매,종합체육시설회원권,계약불이행(불완전이행)
2023015664,2023-03-23,여자,30 - 39세,경기도,소셜커머스(쇼핑),신유형상품권,부당행위
2023015665,2023-03-23,남자,50 - 59세,울산광역시,일반판매,달걀,안전(제품/시설)
2023015666,2023-03-23,남자,65 - 69세,대전광역시,일반판매,중형승용자동차,가격.요금
2023015667,2023-03-23,남자,불명,경기도,일반판매,헤어드라이어,AS불만
2023015668,2023-03-23,여자,40 - 49세,충청북도,방문판매,저축성보험,계약불이행(불완전이행)
2023015669,2023-03-23,남자,40 - 49세,인천광역시,기타,정형외과,품질(물품/용역)
2023015670,2023-03-23,여자,20 - 29세,경기도,일반판매,헬스장,계약해제.해지/위약금
2023015672,2023-03-23,남자,70 - 79세,울산광역시,전화권유판매,기타미분류서비스,계약해제.해지/위약금
2023015673,2023-03-23,남자,20 - 29세,서울특별시,국내온라인거래,신유형상품권,계약불이행(불완전이행)
2023015674,2023-03-23,여자,40 - 49세,울산광역시,국내온라인거래,전기요,품질(물품/용역)
2023015675,2023-03-23,여자,30 - 39세,인천광역시,기타통신판매,인터넷교육서비스,계약해제.해지/위약금
2023015676,2023-03-23,여자,불명,경상북도,국내온라인거래,기타식탁용품,청약철회
2023015677,2023-03-23,남자,60 - 64세,인천광역시,국내온라인거래,전기요,AS불만
2023015678,2023-03-23,남자,(미입력),경기도,국내온라인거래,호텔,계약해제.해지/위약금
2023015679,2023-03-23,남자,80세이상,부산광역시,일반판매,기타건강식품,품질(물품/용역)
2023015680,2023-03-23,여자,40 - 49세,서울특별시,일반판매,애완동물기타,품질(물품/용역)
2023015681,2023-03-23,남자,30 - 39세,경기도,국내온라인거래,점퍼·재킷류,청약철회
2023015682,2023-03-23,남자,50 - 59세,경기도,국내온라인거래,항공여객운송서비스,계약해제.해지/위약금
2023015683,2023-03-23,여자,20 - 29세,경기도,기타통신판매,포장이사운송서비스,계약불이행(불완전이행)
2023015685,2023-03-23,여자,50 - 59세,대구광역시,일반판매,양복(서양식 의복)세탁,품질(물품/용역)
2023015686,2023-03-23,남자,50 - 59세,경기도,전화권유판매,유사투자자문,계약해제.해지/위약금
2023015687,2023-03-23,남자,50 - 59세,경상북도,전화권유판매,유사투자자문,계약해제.해지/위약금
2023015689,2023-03-23,여자,50 - 59세,서울특별시,국내온라인거래,트레이닝기구,품질(물품/용역)
2023015690,2023-03-23,남자,40 - 49세,서울특별시,일반판매,신사복세트,품질(물품/용역)
2023015691,2023-03-23,여자,30 - 39세,제주도,방문판매,필라테스,계약해제.해지/위약금
2023015692,2023-03-23,여자,50 - 59세,부산광역시,일반판매,건강(암·기타질병)보험,약관
2023015693,2023-03-23,남자,50 - 59세,경기도,국내온라인거래,벨트,표시.광고
2023015694,2023-03-23,남자,65 - 69세,경기도,일반판매,초고속인터넷,계약불이행(불완전이행)
2023015695,2023-03-23,남자,30 - 39세,경상남도,기타통신판매,스마트폰,품질(물품/용역)
2023015696,2023-03-23,남자,50 - 59세,경상북도,일반판매,전기보일러,품질(물품/용역)
2023015697,2023-03-23,여자,40 - 49세,서울특별시,국내온라인거래,금속그릇,청약철회
2023015698,2023-03-23,남자,50 - 59세,충청남도,전화권유판매,건강(암·기타질병)보험,계약불이행(불완전이행)
2023015699,2023-03-23,여자,50 - 59세,광주광역시,국내온라인거래,숙녀화(구두·부츠 등),청약철회
2023015700,2023-03-23,남자,30 - 39세,경기도,모바일거래,모바일정보이용서비스,계약해제.해지/위약금
2023015703,2023-03-23,여자,20 - 29세,서울특별시,일반판매,요가,계약해제.해지/위약금
2023015704,2023-03-23,여자,50 - 59세,서울특별시,일반판매,애완고양이,품질(물품/용역)
2023015705,2023-03-23,남자,60 - 64세,경기도,일반판매,포장이사운송서비스,계약불이행(불완전이행)
2023015706,2023-03-23,남자,50 - 59세,강원특별자치도,일반판매,바닥재·마루공사,AS불만
2023015707,2023-03-23,여자,30 - 39세,경기도,일반판매,음식물처리기대여(렌트),AS불만
2023015708,2023-03-23,남자,50 - 59세,경상남도,국내온라인거래,기타식생활기기,품질(물품/용역)
2023015709,2023-03-23,남자,50 - 59세,경기도,일반판매,스마트폰,AS불만
2023015711,2023-03-23,남자,불명,전라남도,모바일거래,모바일게임서비스,계약불이행(불완전이행)
2023015712,2023-03-23,남자,30 - 39세,경기도,기타통신판매,포장이사운송서비스,계약불이행(불완전이행)
2023015714,2023-03-23,남자,불명,경기도,전화권유판매,모바일정보이용서비스,계약불이행(불완전이행)
2023015715,2023-03-23,남자,30 - 39세,서울특별시,소셜커머스(쇼핑),전기자전거,안전(제품/시설)
2023015716,2023-03-23,남자,60 - 64세,서울특별시,국내온라인거래,기타건강식품,품질(물품/용역)
2023015717,2023-03-23,여자,50 - 59세,경기도,일반판매,숙녀화(구두·부츠 등),품질(물품/용역)
2023015718,2023-03-23,남자,40 - 49세,부산광역시,일반판매,골프회원권,계약불이행(불완전이행)
2023015719,2023-03-23,남자,60 - 64세,서울특별시,일반판매,스마트폰,AS불만
2023015720,2023-03-23,여자,60 - 64세,대전광역시,전화권유판매,유사투자자문,계약해제.해지/위약금
2023015721,2023-03-23,남자,30 - 39세,서울특별시,국내온라인거래,점퍼·재킷류,품질(물품/용역)
2023015722,2023-03-23,여자,40 - 49세,경기도,일반판매,필라테스,계약해제.해지/위약금
2023015723,2023-03-23,남자,50 - 59세,경기도,기타통신판매,기타인테리어설비,품질(물품/용역)
2023015724,2023-03-23,여자,65 - 69세,서울특별시,일반판매,일반강습(입시학원등),계약해제.해지/위약금
2023015725,2023-03-23,남자,40 - 49세,서울특별시,일반판매,스마트폰,품질(물품/용역)
2023015726,2023-03-23,여자,30 - 39세,경기도,국내온라인거래,신유형상품권,부당행위
2023015727,2023-03-23,여자,20 - 29세,서울특별시,일반판매,필라테스,계약해제.해지/위약금
2023015728,2023-03-23,여자,30 - 39세,충청북도,모바일거래,기타음식관련서비스,표시.광고
2023015729,2023-03-23,여자,50 - 59세,제주도,일반판매,안경·안경테,거래관행
2023015730,2023-03-23,여자,40 - 49세,경기도,기타통신판매,인터넷교육서비스,청약철회
2023015731,2023-03-23,여자,40 - 49세,서울특별시,모바일거래,카셰어링,계약불이행(불완전이행)
2023015732,2023-03-23,여자,40 - 49세,경기도,기타,실손보험,부당행위
2023015733,2023-03-23,남자,20 - 29세,전라북도,국내온라인거래,점퍼·재킷류,AS불만
2023015734,2023-03-23,여자,30 - 39세,경기도,국내온라인거래,원피스,청약철회
2023015802,2023-03-23,남자,30 - 39세,서울특별시,일반판매,식사배달,계약불이행(불완전이행)
2023015803,2023-03-23,여자,40 - 49세,경기도,전화권유판매,영양크림류,청약철회
2023015804,2023-03-23,여자,40 - 49세,부산광역시,국내온라인거래,아동용내의류,청약철회
2023015805,2023-03-23,여자,30 - 39세,경기도,일반판매,예식서비스,계약해제.해지/위약금
2023015806,2023-03-23,남자,30 - 39세,서울특별시,국내온라인거래,유산균함유제품,부당행위
2023015807,2023-03-23,여자,20 - 29세,강원특별자치도,전화권유판매,학습지,계약해제.해지/위약금
2023015808,2023-03-23,남자,40 - 49세,경기도,소셜커머스(쇼핑),시계부품·용품,청약철회
2023015809,2023-03-23,여자,20 - 29세,부산광역시,모바일거래,모바일게임서비스,부당행위
2023015810,2023-03-23,여자,40 - 49세,대전광역시,기타,인터넷교육서비스,계약해제.해지/위약금
2023015811,2023-03-23,남자,50 - 59세,경상북도,전화권유판매,모바일정보이용서비스,계약불이행(불완전이행)
2023015812,2023-03-23,여자,30 - 39세,부산광역시,소셜커머스(쇼핑),기타식생활기기,계약불이행(불완전이행)
2023015813,2023-03-23,여자,30 - 39세,인천광역시,기타,룸에어컨,AS불만
2023015814,2023-03-23,여자,20 - 29세,대구광역시,국내온라인거래,기타의류·섬유,청약철회
2023015815,2023-03-23,여자,40 - 49세,부산광역시,모바일거래,인터넷교육서비스,계약해제.해지/위약금
2023015816,2023-03-23,여자,40 - 49세,울산광역시,일반판매,필라테스,계약해제.해지/위약금
2023015817,2023-03-23,남자,50 - 59세,경기도,국내온라인거래,국외여행,부당행위
2023015818,2023-03-23,여자,30 - 39세,경기도,일반판매,기타미분류물품,품질(물품/용역)
2023015819,2023-03-23,남자,20 - 29세,충청북도,국내온라인거래,기타미분류물품,계약불이행(불완전이행)
2023015820,2023-03-23,여자,20 - 29세,경상남도,일반판매,헬스장,계약해제.해지/위약금
2023015821,2023-03-23,여자,40 - 49세,대구광역시,기타,필라테스,계약해제.해지/위약금
2023015822,2023-03-23,여자,20 - 29세,경상북도,전화권유판매,스마트폰,청약철회
2023015824,2023-03-23,남자,50 - 59세,경기도,국내온라인거래,항공여객운송서비스,계약불이행(불완전이행)
2023015825,2023-03-23,남자,30 - 39세,대전광역시,방문판매,보석·귀금속,계약불이행(불완전이행)
2023015826,2023-03-23,남자,40 - 49세,서울특별시,모바일거래,헬스장,계약해제.해지/위약금
2023015827,2023-03-23,여자,20 - 29세,서울특별시,소셜커머스(쇼핑),기타신변용품,청약철회
2023015828,2023-03-23,남자,50 - 59세,대구광역시,방문판매,이동전화서비스,계약해제.해지/위약금
2023015829,2023-03-23,여자,30 - 39세,전라남도,일반판매,기타주방설비,AS불만
2023015830,2023-03-23,여자,30 - 39세,경기도,모바일거래,기타숙박시설,청약철회
2023015831,2023-03-23,남자,30 - 39세,서울특별시,국제온라인거래,기타숙박시설,표시.광고
2023015832,2023-03-23,여자,20 - 29세,대구광역시,일반판매,필라테스,계약해제.해지/위약금
2023015833,2023-03-23,여자,40 - 49세,대구광역시,일반판매,필라테스,계약해제.해지/위약금
2023015834,2023-03-23,여자,40 - 49세,대구광역시,일반판매,필라테스,계약해제.해지/위약금
2023015835,2023-03-23,여자,40 - 49세,서울특별시,기타,이동전화서비스,부당행위
2023015836,2023-03-23,여자,20 - 29세,울산광역시,기타,필라테스,계약해제.해지/위약금
2023015837,2023-03-23,남자,30 - 39세,부산광역시,기타통신판매,항공여객운송서비스,계약불이행(불완전이행)
2023015838,2023-03-23,여자,50 - 59세,대구광역시,일반판매,필라테스,계약해제.해지/위약금
2023015839,2023-03-23,남자,50 - 59세,경기도,국내온라인거래,소프트웨어,계약해제.해지/위약금
2023015840,2023-03-23,남자,40 - 49세,경기도,일반판매,포장이사운송서비스,품질(물품/용역)
2023015841,2023-03-23,여자,50 - 59세,대구광역시,일반판매,필라테스,계약해제.해지/위약금
2023015842,2023-03-23,여자,20 - 29세,서울특별시,방문판매,항공여객운송서비스,부당행위
2023015843,2023-03-23,남자,50 - 59세,서울특별시,모바일거래,모바일정보이용서비스,부당행위
2023015844,2023-03-23,여자,30 - 39세,경기도,일반판매,고시원이용,계약해제.해지/위약금
2023015845,2023-03-23,남자,30 - 39세,서울특별시,국내온라인거래,의자,품질(물품/용역)
2023015846,2023-03-23,남자,40 - 49세,경기도,전화권유판매,아파트,계약해제.해지/위약금
2023015847,2023-03-23,남자,30 - 39세,경기도,기타통신판매,음식물처리기,청약철회
2023015848,2023-03-23,남자,20 - 29세,서울특별시,국내온라인거래,인쇄서비스,부당행위
2023015849,2023-03-23,여자,20 - 29세,경기도,국내온라인거래,통신기기케이스,계약불이행(불완전이행)
2023015850,2023-03-23,여자,40 - 49세,경상남도,일반판매,외국어강습,계약해제.해지/위약금
2023015851,2023-03-23,여자,40 - 49세,서울특별시,국내온라인거래,스포츠웨어,청약철회
2023015852,2023-03-23,여자,40 - 49세,대구광역시,일반판매,필라테스,계약해제.해지/위약금
2023015853,2023-03-23,남자,30 - 39세,경기도,일반판매,식탁,품질(물품/용역)
2023015854,2023-03-23,여자,20 - 29세,대구광역시,일반판매,필라테스,계약해제.해지/위약금
2023015855,2023-03-23,여자,30 - 39세,대전광역시,기타,결혼준비대행서비스,계약해제.해지/위약금
2023015856,2023-03-23,남자,40 - 49세,서울특별시,국내온라인거래,기타신발·용품,청약철회
2023015857,2023-03-23,여자,30 - 39세,(미입력),일반판매,헬스장,계약해제.해지/위약금
2023015858,2023-03-23,여자,30 - 39세,경기도,국내온라인거래,캐주얼바지,품질(물품/용역)
2023015859,2023-03-23,여자,50 - 59세,경기도,기타통신판매,이동전화서비스,부당행위
2023015860,2023-03-23,남자,50 - 59세,경상북도,일반판매,국내결혼중개,계약해제.해지/위약금
2023015861,2023-03-23,여자,30 - 39세,대구광역시,일반판매,필라테스,계약해제.해지/위약금
2023015862,2023-03-23,여자,30 - 39세,서울특별시,소셜커머스(쇼핑),기타교육서비스,계약불이행(불완전이행)
2023015863,2023-03-23,남자,40 - 49세,대전광역시,국내온라인거래,항공여객운송서비스,청약철회
2023015865,2023-03-23,여자,50 - 59세,경기도,국내온라인거래,숙녀복상의,청약철회
2023015866,2023-03-23,남자,40 - 49세,울산광역시,TV홈쇼핑,기타건강식품,계약불이행(불완전이행)
2023015867,2023-03-23,여자,30 - 39세,제주도,기타,하수도위생서비스,계약불이행(불완전이행)
2023015868,2023-03-23,여자,40 - 49세,경기도,국내온라인거래,숙녀복하의,품질(물품/용역)
2023015869,2023-03-23,여자,20 - 29세,서울특별시,모바일거래,모바일정보이용서비스,부당행위
2023015870,2023-03-23,여자,30 - 39세,대구광역시,일반판매,필라테스,계약해제.해지/위약금
2023015871,2023-03-23,여자,40 - 49세,부산광역시,국제온라인거래,여성용내의류,청약철회
2023015872,2023-03-23,남자,40 - 49세,경기도,국제온라인거래,항공여객운송서비스,계약해제.해지/위약금
2023015873,2023-03-23,남자,30 - 39세,서울특별시,국내온라인거래,국외여행,계약불이행(불완전이행)
2023015875,2023-03-24,여자,40 - 49세,제주도,일반판매,미분류대여(렌트),계약해제.해지/위약금
2023015877,2023-03-23,남자,30 - 39세,울산광역시,일반판매,TV,품질(물품/용역)
2023015878,2023-03-24,남자,40 - 49세,충청북도,기타통신판매,이동전화서비스,거래관행
2023015880,2023-03-24,남자,65 - 69세,서울특별시,기타,중고자동차중개·매매,품질(물품/용역)
2023015881,2023-03-24,남자,50 - 59세,대구광역시,기타,상품권,부당행위
2023015882,2023-03-24,남자,40 - 49세,서울특별시,국내온라인거래,신사화(구두·부츠 등),청약철회
2023015883,2023-03-24,여자,30 - 39세,대구광역시,국내온라인거래,신유형상품권,표시.광고
2023015884,2023-03-24,여자,40 - 49세,인천광역시,일반판매,양복(서양식 의복)세탁,계약불이행(불완전이행)
2023015885,2023-03-24,남자,70 - 79세,서울특별시,소셜커머스(쇼핑),기타자전거,품질(물품/용역)
2023015886,2023-03-24,남자,30 - 39세,경기도,기타,정수기대여(렌트),계약해제.해지/위약금
2023015887,2023-03-24,여자,30 - 39세,경기도,기타통신판매,건물청소서비스,계약불이행(불완전이행)
2023015888,2023-03-24,남자,50 - 59세,서울특별시,국내온라인거래,기타숙박시설,계약불이행(불완전이행)
2023015889,2023-03-24,남자,40 - 49세,서울특별시,소셜커머스(쇼핑),호텔,계약해제.해지/위약금
2023015890,2023-03-24,여자,30 - 39세,대구광역시,일반판매,헬스장,계약해제.해지/위약금
2023015891,2023-03-24,여자,50 - 59세,경기도,국내온라인거래,운동화,계약불이행(불완전이행)
2023015892,2023-03-24,여자,40 - 49세,울산광역시,국내온라인거래,양복(서양식 의복)세탁,품질(물품/용역)
2023015893,2023-03-24,여자,20 - 29세,서울특별시,일반판매,헬스장,계약해제.해지/위약금
2023015894,2023-03-24,여자,50 - 59세,서울특별시,일반판매,운동화,청약철회
2023015895,2023-03-24,여자,30 - 39세,경상북도,일반판매,피부과,계약해제.해지/위약금
2023015896,2023-03-24,여자,40 - 49세,경기도,일반판매,필라테스,계약해제.해지/위약금
2023015897,2023-03-24,여자,30 - 39세,경기도,일반판매,성형외과,계약해제.해지/위약금
2023015898,2023-03-24,남자,30 - 39세,충청북도,방문판매,학습지,계약해제.해지/위약금
2023015899,2023-03-24,여자,30 - 39세,대구광역시,방문판매,인터넷교육서비스,계약불이행(불완전이행)
2023015900,2023-03-24,남자,40 - 49세,서울특별시,국내온라인거래,신유형상품권,부당행위
2023015901,2023-03-24,여자,50 - 59세,서울특별시,일반판매,양복(서양식 의복)세탁,품질(물품/용역)
2023015902,2023-03-24,남자,40 - 49세,경상북도,일반판매,중고자동차중개·매매,표시.광고
2023015903,2023-03-24,여자,70 - 79세,서울특별시,일반판매,양복(서양식 의복)세탁,품질(물품/용역)
2023015904,2023-03-24,남자,30 - 39세,대구광역시,국내온라인거래,운명감정서비스,표시.광고
2023015905,2023-03-24,여자,50 - 59세,경기도,국내온라인거래,항공여객운송서비스,계약해제.해지/위약금
2023015906,2023-03-24,남자,65 - 69세,충청남도,기타통신판매,소프트웨어,품질(물품/용역)
2023015907,2023-03-24,여자,40 - 49세,대구광역시,국내온라인거래,숙녀화(구두·부츠 등),청약철회
2023015908,2023-03-24,남자,20 - 29세,부산광역시,일반판매,필라테스,계약해제.해지/위약금
2023015909,2023-03-24,남자,65 - 69세,경기도,일반판매,실손보험,약관
2023015910,2023-03-24,남자,50 - 59세,서울특별시,국내온라인거래,기타의류·섬유,계약불이행(불완전이행)
2023015911,2023-03-24,여자,50 - 59세,경기도,기타,캐주얼바지,품질(물품/용역)
2023015912,2023-03-24,남자,50 - 59세,인천광역시,국내온라인거래,신유형상품권,부당행위
2023015913,2023-03-24,남자,50 - 59세,전라북도,일반판매,특수자동차,품질(물품/용역)
2023015915,2023-03-24,남자,50 - 59세,전라남도,전화권유판매,유사투자자문,계약해제.해지/위약금
2023015916,2023-03-24,남자,30 - 39세,서울특별시,일반판매,양복(서양식 의복)세탁,품질(물품/용역)
2023015918,2023-03-24,여자,30 - 39세,서울특별시,일반판매,한의원,계약불이행(불완전이행)
2023015919,2023-03-24,여자,20 - 29세,부산광역시,일반판매,피부과,계약불이행(불완전이행)
2023015920,2023-03-24,여자,50 - 59세,부산광역시,일반판매,스포츠시설이용,계약불이행(불완전이행)
2023015923,2023-03-24,여자,30 - 39세,서울특별시,일반판매,필라테스,계약불이행(불완전이행)
2023015924,2023-03-24,남자,50 - 59세,충청북도,일반판매,중고자동차중개·매매,계약불이행(불완전이행)
2023015925,2023-03-24,남자,50 - 59세,경기도,국내온라인거래,기타자동차용품,계약불이행(불완전이행)
2023015926,2023-03-24,남자,40 - 49세,서울특별시,전화권유판매,모바일정보이용서비스,계약해제.해지/위약금
2023015927,2023-03-24,여자,50 - 59세,경기도,모바일거래,호텔,청약철회
2023015928,2023-03-24,여자,30 - 39세,서울특별시,국내온라인거래,기타미분류물품,청약철회
2023015929,2023-03-24,여자,65 - 69세,대구광역시,일반판매,외식,품질(물품/용역)
2023015930,2023-03-24,남자,50 - 59세,전라북도,기타,중고자동차중개·매매,AS불만
2023015932,2023-03-24,남자,60 - 64세,대구광역시,기타통신판매,성기능향상기기,품질(물품/용역)
2023015933,2023-03-24,여자,50 - 59세,울산광역시,일반판매,필라테스,계약불이행(불완전이행)
2023015934,2023-03-24,여자,20 - 29세,경기도,일반판매,양복(서양식 의복)세탁,품질(물품/용역)
2023015935,2023-03-24,남자,50 - 59세,부산광역시,일반판매,골프회원권,계약불이행(불완전이행)
2023015937,2023-03-24,여자,40 - 49세,경기도,기타,미용서비스,계약불이행(불완전이행)
2023015938,2023-03-24,남자,30 - 39세,경기도,국내온라인거래,점퍼·재킷류,품질(물품/용역)
2023015939,2023-03-24,여자,50 - 59세,부산광역시,일반판매,신사화(구두·부츠 등),품질(물품/용역)
2023015940,2023-03-24,여자,50 - 59세,울산광역시,기타,필라테스,계약해제.해지/위약금
2023015941,2023-03-24,남자,50 - 59세,경기도,일반판매,정수기대여(렌트),계약불이행(불완전이행)
2023015942,2023-03-24,남자,50 - 59세,울산광역시,일반판매,이동전화서비스,계약불이행(불완전이행)
2023015943,2023-03-24,남자,40 - 49세,서울특별시,일반판매,기타세탁서비스,품질(물품/용역)
2023015944,2023-03-24,남자,50 - 59세,강원특별자치도,기타통신판매,기타자동차부품,계약불이행(불완전이행)
2023015945,2023-03-24,여자,30 - 39세,세종특별자치시,국내온라인거래,기타조명기기,계약해제.해지/위약금
2023015946,2023-03-24,여자,40 - 49세,경기도,기타,신유형상품권,부당행위
2023015947,2023-03-24,여자,70 - 79세,경기도,일반판매,양복(서양식 의복)세탁,품질(물품/용역)
2023015948,2023-03-24,여자,60 - 64세,경기도,일반판매,이동전화서비스,계약불이행(불완전이행)
2023015949,2023-03-24,여자,40 - 49세,경상북도,방문판매,아이스크림,품질(물품/용역)
2023015950,2023-03-24,여자,40 - 49세,경기도,국내온라인거래,항공여객운송서비스,청약철회
2023015951,2023-03-24,여자,20 - 29세,경기도,기타통신판매,각종자격취득강습,계약해제.해지/위약금
2023015952,2023-03-24,여자,70 - 79세,대구광역시,일반판매,운동화,품질(물품/용역)
2023015953,2023-03-24,여자,65 - 69세,서울특별시,국내온라인거래,기타침대류,품질(물품/용역)
2023015954,2023-03-24,여자,40 - 49세,경기도,국내온라인거래,기타숙박시설,계약불이행(불완전이행)
2023015955,2023-03-24,남자,30 - 39세,인천광역시,일반판매,아파트,계약해제.해지/위약금
2023015956,2023-03-24,여자,30 - 39세,서울특별시,국제온라인거래,운동화,품질(물품/용역)
2023015957,2023-03-24,여자,30 - 39세,부산광역시,국내온라인거래,기타약품,계약불이행(불완전이행)
2023015958,2023-03-24,여자,30 - 39세,서울특별시,일반판매,필라테스,계약해제.해지/위약금
2023015959,2023-03-24,여자,30 - 39세,서울특별시,국내온라인거래,국외여행,품질(물품/용역)
2023015960,2023-03-24,남자,40 - 49세,서울특별시,기타통신판매,중고자동차중개·매매,청약철회
2023015961,2023-03-24,남자,30 - 39세,서울특별시,국내온라인거래,지갑,표시.광고
2023015962,2023-03-24,남자,20 - 29세,경기도,일반판매,피부과,계약해제.해지/위약금
2023015963,2023-03-24,남자,20 - 29세,대전광역시,방문판매,콘도회원권,계약해제.해지/위약금
2023015964,2023-03-24,여자,30 - 39세,대전광역시,국내온라인거래,소시지,표시.광고
2023015965,2023-03-24,여자,20 - 29세,대구광역시,모바일거래,기타인테리어설비,계약불이행(불완전이행)
2023015966,2023-03-24,남자,40 - 49세,경기도,일반판매,국제결혼중개,계약불이행(불완전이행)
2023015968,2023-03-24,남자,40 - 49세,경기도,국내온라인거래,타이어,표시.광고
2023015971,2023-03-24,여자,40 - 49세,경기도,국내온라인거래,스커트,품질(물품/용역)
2023015972,2023-03-24,남자,10 - 19세,충청남도,일반판매,헤드폰·이어폰,부당행위
2023015973,2023-03-24,남자,50 - 59세,인천광역시,일반판매,양복(서양식 의복)세탁,품질(물품/용역)
2023015974,2023-03-24,여자,40 - 49세,서울특별시,국내온라인거래,양복(서양식 의복)세탁,품질(물품/용역)
2023015975,2023-03-24,여자,30 - 39세,경기도,국내온라인거래,코트,품질(물품/용역)
2023015976,2023-03-24,남자,40 - 49세,경기도,일반판매,스포츠웨어,품질(물품/용역)
2023015977,2023-03-24,남자,20 - 29세,서울특별시,일반판매,한의원,계약해제.해지/위약금
2023015978,2023-03-24,남자,80세이상,경기도,일반판매,치과,계약불이행(불완전이행)
2023015979,2023-03-24,여자,70 - 79세,경기도,일반판매,치과,계약불이행(불완전이행)
2023015980,2023-03-24,여자,50 - 59세,부산광역시,일반판매,양복(서양식 의복)세탁,품질(물품/용역)
2023015981,2023-03-24,여자,60 - 64세,서울특별시,일반판매,점퍼·재킷류,품질(물품/용역)
2023015982,2023-03-24,여자,65 - 69세,경기도,일반판매,점퍼·재킷류,계약해제.해지/위약금
2023015983,2023-03-24,남자,20 - 29세,서울특별시,국내온라인거래,기타의류·섬유,청약철회
2023015984,2023-03-24,남자,65 - 69세,전라북도,일반판매,기름보일러,품질(물품/용역)
2023016001,2023-03-24,여자,20 - 29세,서울특별시,기타,외식,부당행위
2023016002,2023-03-24,여자,30 - 39세,서울특별시,국내온라인거래,기타가사용품,품질(물품/용역)
2023016003,2023-03-24,남자,20 - 29세,경기도,국내온라인거래,미분류컨설팅(자문),계약해제.해지/위약금
2023016004,2023-03-24,남자,20 - 29세,서울특별시,국내온라인거래,항공여객운송서비스,계약불이행(불완전이행)
2023016005,2023-03-24,여자,40 - 49세,서울특별시,국내온라인거래,인터넷교육서비스,계약불이행(불완전이행)
2023016006,2023-03-24,여자,30 - 39세,경기도,TV홈쇼핑,복식재료(단추·지퍼등),품질(물품/용역)
2023016007,2023-03-24,여자,20 - 29세,경기도,국내온라인거래,기타인터넷기반서비스,계약해제.해지/위약금
2023016008,2023-03-24,여자,30 - 39세,대구광역시,일반판매,필라테스,계약해제.해지/위약금
2023016009,2023-03-24,남자,40 - 49세,경상북도,기타,이동전화서비스,계약불이행(불완전이행)
2023016011,2023-03-24,남자,30 - 39세,서울특별시,국내온라인거래,남성용내의류,계약불이행(불완전이행)
2023016012,2023-03-24,남자,20 - 29세,경기도,기타통신판매,전기장판,품질(물품/용역)
2023016013,2023-03-24,여자,30 - 39세,전라북도,방문판매,결혼준비대행서비스,계약해제.해지/위약금
2023016014,2023-03-24,여자,20 - 29세,경상북도,국내온라인거래,통신기기케이스,계약불이행(불완전이행)
2023016015,2023-03-24,여자,30 - 39세,대구광역시,일반판매,필라테스,계약해제.해지/위약금
2023016016,2023-03-24,남자,30 - 39세,서울특별시,국내온라인거래,컴퓨터모니터(데스크탑),부당행위
2023016017,2023-03-24,남자,50 - 59세,경기도,기타통신판매,기타방문·통신교육서비스,계약해제.해지/위약금
2023016018,2023-03-24,여자,40 - 49세,서울특별시,국내온라인거래,각종공연관람,계약해제.해지/위약금
2023016019,2023-03-24,여자,50 - 59세,경기도,기타,정수기대여(렌트),품질(물품/용역)
2023016020,2023-03-24,여자,30 - 39세,대전광역시,국내온라인거래,기타가방,품질(물품/용역)
2023016021,2023-03-24,여자,40 - 49세,부산광역시,일반판매,기타화물운송서비스,품질(물품/용역)
2023016022,2023-03-24,여자,40 - 49세,경기도,소셜커머스(쇼핑),기타식생활기기,청약철회
2023016023,2023-03-24,여자,40 - 49세,전라남도,일반판매,아동복,품질(물품/용역)
2023016024,2023-03-24,남자,40 - 49세,인천광역시,국내온라인거래,피아노,품질(물품/용역)
2023016025,2023-03-24,여자,20 - 29세,인천광역시,국내온라인거래,지갑,청약철회
2023016026,2023-03-24,남자,30 - 39세,부산광역시,국내온라인거래,티셔츠,청약철회
2023016027,2023-03-24,여자,20 - 29세,서울특별시,국내온라인거래,미술전시관람,계약해제.해지/위약금
2023016028,2023-03-24,여자,40 - 49세,부산광역시,국내온라인거래,어린이용한복,청약철회
2023016029,2023-03-24,여자,40 - 49세,전라북도,방문판매,인터넷교육서비스,계약해제.해지/위약금
2023016030,2023-03-24,여자,50 - 59세,전라북도,국내온라인거래,시계,청약철회
2023016031,2023-03-24,남자,30 - 39세,서울특별시,국제온라인거래,기타숙박시설,계약해제.해지/위약금
2023016032,2023-03-24,남자,20 - 29세,강원특별자치도,일반판매,음식물처리기대여(렌트),품질(물품/용역)
2023016033,2023-03-24,여자,20 - 29세,서울특별시,전화권유판매,스포츠시설이용,계약해제.해지/위약금
2023016034,2023-03-24,남자,40 - 49세,경기도,일반판매,자동차수리·점검,부당행위
2023016035,2023-03-24,남자,40 - 49세,경기도,일반판매,식기세척기,AS불만
2023016036,2023-03-24,여자,30 - 39세,서울특별시,일반판매,요가,계약불이행(불완전이행)
2023016037,2023-03-24,여자,50 - 59세,대구광역시,기타,필라테스,계약해제.해지/위약금
2023016038,2023-03-24,남자,20 - 29세,경상남도,노상판매,스마트폰,계약해제.해지/위약금
2023016039,2023-03-24,여자,70 - 79세,서울특별시,일반판매,일반이사운송서비스,품질(물품/용역)
2023016040,2023-03-24,남자,30 - 39세,대구광역시,일반판매,헬스장,계약해제.해지/위약금
2023016041,2023-03-24,여자,40 - 49세,강원특별자치도,국내온라인거래,국외여행,계약해제.해지/위약금
2023016043,2023-03-24,남자,40 - 49세,서울특별시,기타,기타여행,계약해제.해지/위약금
2023016044,2023-03-24,여자,20 - 29세,서울특별시,전화권유판매,컴퓨터S/W개발(홈페이지제작),계약해제.해지/위약금
2023016045,2023-03-24,여자,30 - 39세,서울특별시,일반판매,예식서비스,계약해제.해지/위약금
2023016046,2023-03-24,여자,20 - 29세,인천광역시,국내온라인거래,인쇄서비스,품질(물품/용역)
2023016047,2023-03-24,여자,50 - 59세,서울특별시,국내온라인거래,미분류수리가공,품질(물품/용역)
2023016048,2023-03-24,남자,40 - 49세,충청북도,국내온라인거래,컴퓨터모니터(데스크탑),품질(물품/용역)
2023016049,2023-03-24,남자,60 - 64세,경기도,일반판매,이동전화서비스,품질(물품/용역)
2023016050,2023-03-24,남자,30 - 39세,강원특별자치도,국내온라인거래,기타가구,품질(물품/용역)
2023016051,2023-03-24,남자,30 - 39세,경기도,일반판매,택배화물운송서비스,계약불이행(불완전이행)
2023016052,2023-03-24,여자,30 - 39세,인천광역시,일반판매,TV,품질(물품/용역)
2023016053,2023-03-24,남자,20 - 29세,경상북도,방문판매,헬스장,계약해제.해지/위약금
2023016054,2023-03-24,여자,20 - 29세,경상북도,일반판매,필라테스,계약해제.해지/위약금
2023016055,2023-03-24,여자,40 - 49세,경기도,일반판매,정수기대여(렌트),품질(물품/용역)
2023016056,2023-03-24,여자,50 - 59세,서울특별시,국내온라인거래,호텔,청약철회
2023016057,2023-03-24,여자,40 - 49세,대구광역시,일반판매,필라테스,계약해제.해지/위약금
2023016058,2023-03-24,여자,30 - 39세,서울특별시,일반판매,피부·체형관리서비스,청약철회
2023016059,2023-03-24,여자,20 - 29세,서울특별시,일반판매,헬스장,계약해제.해지/위약금
2023016060,2023-03-24,여자,20 - 29세,부산광역시,방문판매,헬스장,계약해제.해지/위약금
2023016061,2023-03-24,여자,20 - 29세,인천광역시,일반판매,필라테스,계약해제.해지/위약금
2023016062,2023-03-24,여자,20 - 29세,부산광역시,기타,기타숙박시설,계약해제.해지/위약금
2023016063,2023-03-24,여자,30 - 39세,울산광역시,일반판매,기타숙박시설,계약해제.해지/위약금
2023016064,2023-03-24,여자,20 - 29세,서울특별시,일반판매,헬스장,계약해제.해지/위약금
2023016065,2023-03-24,남자,50 - 59세,경상남도,소셜커머스(쇼핑),복합기,품질(물품/용역)
2023016066,2023-03-24,남자,40 - 49세,부산광역시,국내온라인거래,기타숙박시설,계약해제.해지/위약금
2023016067,2023-03-24,여자,40 - 49세,부산광역시,국내온라인거래,점퍼·재킷류,청약철회
2023016068,2023-03-24,여자,20 - 29세,전라남도,방문판매,종합체육시설회원권,계약해제.해지/위약금
2023016069,2023-03-24,남자,30 - 39세,경기도,국내온라인거래,시계,계약불이행(불완전이행)
2023016070,2023-03-24,여자,40 - 49세,서울특별시,기타,정수기,AS불만
2023016101,2023-03-24,남자,30 - 39세,서울특별시,전화권유판매,국내결혼중개,계약해제.해지/위약금
2023016102,2023-03-25,남자,40 - 49세,경기도,국내온라인거래,항공여객운송서비스,청약철회
2023016103,2023-03-25,남자,30 - 39세,부산광역시,국내온라인거래,철도여객운송서비스,부당행위
2023016104,2023-03-25,여자,40 - 49세,울산광역시,일반판매,필라테스,계약해제.해지/위약금
2023016105,2023-03-25,여자,20 - 29세,울산광역시,일반판매,필라테스,계약해제.해지/위약금
2023016106,2023-03-25,남자,40 - 49세,대전광역시,국내온라인거래,스피커,청약철회
2023016107,2023-03-25,여자,20 - 29세,인천광역시,기타,헬스장,계약해제.해지/위약금
2023016108,2023-03-25,여자,40 - 49세,경상북도,국내온라인거래,기타조리기기·기구,품질(물품/용역)
2023016109,2023-03-25,남자,30 - 39세,경기도,방문판매,신사복세트,청약철회
2023016110,2023-03-25,남자,20 - 29세,인천광역시,모바일거래,항공여객운송서비스,청약철회
2023016111,2023-03-25,여자,40 - 49세,울산광역시,일반판매,필라테스,계약불이행(불완전이행)
2023016112,2023-03-25,여자,30 - 39세,전라북도,국내온라인거래,스포츠웨어,청약철회
2023016113,2023-03-25,남자,30 - 39세,충청남도,기타,초고속인터넷,계약불이행(불완전이행)
2023016114,2023-03-25,여자,20 - 29세,서울특별시,일반판매,헬스장,계약해제.해지/위약금
2023016115,2023-03-25,여자,20 - 29세,서울특별시,방문판매,헬스장,계약해제.해지/위약금
2023016201,2023-03-26,남자,40 - 49세,서울특별시,일반판매,스마트폰,AS불만
2023016202,2023-03-26,여자,20 - 29세,서울특별시,기타,일반강습(입시학원등),계약해제.해지/위약금
2023016203,2023-03-26,여자,30 - 39세,서울특별시,국내온라인거래,운동화,품질(물품/용역)
2023016204,2023-03-26,남자,20 - 29세,서울특별시,국내온라인거래,이동전화서비스,가격.요금
2023016205,2023-03-26,남자,40 - 49세,경기도,국내온라인거래,항공여객운송서비스,청약철회
2023016206,2023-03-26,여자,30 - 39세,광주광역시,일반판매,헬스장,계약해제.해지/위약금
2023016207,2023-03-26,여자,40 - 49세,경기도,국내온라인거래,스마트폰,가격.요금
2023016208,2023-03-26,남자,20 - 29세,대전광역시,일반판매,헬스장,계약해제.해지/위약금
2023016209,2023-03-26,남자,40 - 49세,인천광역시,일반판매,기타통신기기,계약해제.해지/위약금
2023016210,2023-03-26,남자,30 - 39세,서울특별시,국내온라인거래,"OTT서비스(넷플릭스,왓챠 등)",계약해제.해지/위약금
2023016212,2023-03-26,여자,30 - 39세,대구광역시,소셜커머스(쇼핑),기타아동복,청약철회
2023016213,2023-03-25,여자,40 - 49세,대구광역시,국내온라인거래,항공여객운송서비스,계약불이행(불완전이행)
2023016214,2023-03-27,남자,50 - 59세,부산광역시,국내온라인거래,펜션,청약철회
2023016215,2023-03-27,남자,70 - 79세,경상남도,전화권유판매,모바일정보이용서비스,계약해제.해지/위약금
2023016216,2023-03-27,남자,60 - 64세,대전광역시,일반판매,침대,품질(물품/용역)
2023016217,2023-03-27,남자,20 - 29세,서울특별시,일반판매,헬스장,계약해제.해지/위약금
2023016218,2023-03-27,여자,40 - 49세,충청북도,기타통신판매,캐주얼바지,청약철회
2023016219,2023-03-27,여자,30 - 39세,서울특별시,일반판매,케이크,표시.광고
2023016220,2023-03-27,여자,불명,부산광역시,국내온라인거래,티셔츠,청약철회
2023016221,2023-03-27,남자,40 - 49세,경기도,일반판매,기타인테리어설비,AS불만
2023016222,2023-03-27,여자,40 - 49세,충청남도,국내온라인거래,신발세탁,품질(물품/용역)
2023016224,2023-03-27,여자,40 - 49세,서울특별시,국내온라인거래,애완동물기타,품질(물품/용역)
2023016225,2023-03-27,여자,20 - 29세,서울특별시,일반판매,골프회원권,계약불이행(불완전이행)
2023016226,2023-03-27,여자,60 - 64세,세종특별자치시,일반판매,식탁,품질(물품/용역)
2023016228,2023-03-27,남자,30 - 39세,대구광역시,국내온라인거래,카셰어링,부당행위
2023016229,2023-03-27,여자,30 - 39세,경기도,국내온라인거래,니트(스웨터),청약철회
2023016230,2023-03-27,남자,30 - 39세,경상남도,국내온라인거래,기타자동차용품,품질(물품/용역)
2023016231,2023-03-27,남자,50 - 59세,인천광역시,기타통신판매,사진촬영,계약해제.해지/위약금
2023016232,2023-03-27,여자,40 - 49세,서울특별시,일반판매,캐주얼바지,품질(물품/용역)
2023016233,2023-03-27,남자,30 - 39세,충청남도,일반판매,자동차대여(렌트),계약해제.해지/위약금
2023016235,2023-03-27,여자,30 - 39세,인천광역시,일반판매,필라테스,계약해제.해지/위약금
2023016236,2023-03-27,남자,40 - 49세,서울특별시,국내온라인거래,자동차보험,계약해제.해지/위약금
2023016237,2023-03-27,여자,40 - 49세,경상북도,국내온라인거래,셔츠,표시.광고
2023016238,2023-03-27,남자,50 - 59세,충청남도,국내온라인거래,기타부엌소모품,품질(물품/용역)
2023016239,2023-03-27,여자,65 - 69세,서울특별시,일반판매,퍼스널컴퓨터,품질(물품/용역)
2023016240,2023-03-27,남자,30 - 39세,서울특별시,일반판매,기타곡류·곡류가공식품,청약철회
2023016241,2023-03-27,여자,30 - 39세,경기도,국내온라인거래,셔츠,표시.광고
2023016242,2023-03-27,여자,70 - 79세,경기도,일반판매,내과,품질(물품/용역)
2023016243,2023-03-27,남자,70 - 79세,서울특별시,전화권유판매,기타건강식품,계약해제.해지/위약금
2023016244,2023-03-27,여자,30 - 39세,부산광역시,국내온라인거래,기타숙박시설,계약해제.해지/위약금
2023016249,2023-03-27,남자,20 - 29세,서울특별시,일반판매,성형외과,계약해제.해지/위약금
2023016250,2023-03-27,여자,40 - 49세,울산광역시,일반판매,필라테스,계약해제.해지/위약금
2023016251,2023-03-27,남자,30 - 39세,서울특별시,방문판매,결혼준비대행서비스,계약불이행(불완전이행)
2023016252,2023-03-27,여자,50 - 59세,강원특별자치도,국내온라인거래,니트(스웨터),계약불이행(불완전이행)
2023016253,2023-03-27,여자,40 - 49세,경기도,국내온라인거래,기타자동차용품,계약불이행(불완전이행)
2023016254,2023-03-27,남자,65 - 69세,부산광역시,일반판매,골프용품,품질(물품/용역)
2023016255,2023-03-27,남자,30 - 39세,서울특별시,국내온라인거래,기타가구,청약철회
2023016256,2023-03-27,여자,30 - 39세,서울특별시,기타통신판매,인터넷정보이용서비스,계약불이행(불완전이행)
2023016258,2023-03-27,여자,20 - 29세,경기도,국내온라인거래,태블릿PC,품질(물품/용역)
2023016259,2023-03-27,여자,30 - 39세,경기도,모바일거래,책장·서가,품질(물품/용역)
2023016260,2023-03-27,남자,50 - 59세,경기도,소셜커머스(쇼핑),소프트웨어,품질(물품/용역)
2023016261,2023-03-27,여자,50 - 59세,경기도,기타,기타일반화장품,계약불이행(불완전이행)
2023016262,2023-03-27,여자,40 - 49세,부산광역시,소셜커머스(쇼핑),전기장판,안전(제품/시설)
2023016263,2023-03-27,남자,30 - 39세,서울특별시,국내온라인거래,전기온수장판,AS불만
2023016264,2023-03-27,남자,65 - 69세,부산광역시,국내온라인거래,기타약품,품질(물품/용역)
2023016265,2023-03-27,남자,40 - 49세,서울특별시,일반판매,자동차대여(렌트),계약불이행(불완전이행)
2023016266,2023-03-27,여자,30 - 39세,경기도,기타통신판매,여관(모텔),계약해제.해지/위약금
2023016267,2023-03-27,남자,40 - 49세,서울특별시,일반판매,기타정보이용서비스,계약해제.해지/위약금
2023016268,2023-03-27,남자,65 - 69세,울산광역시,기타통신판매,인터넷정보이용서비스,계약불이행(불완전이행)
2023016269,2023-03-27,여자,60 - 64세,경상남도,기타통신판매,시스템에어컨,AS불만
2023016270,2023-03-27,남자,20 - 29세,경기도,일반판매,전기자전거,계약불이행(불완전이행)
2023016271,2023-03-27,여자,50 - 59세,부산광역시,기타통신판매,국외여행,품질(물품/용역)
2023016272,2023-03-27,남자,50 - 59세,서울특별시,일반판매,종합체육시설회원권,계약불이행(불완전이행)
2023016273,2023-03-27,여자,40 - 49세,서울특별시,일반판매,산후조리원,계약해제.해지/위약금
2023016274,2023-03-27,여자,40 - 49세,충청남도,기타통신판매,기타의류·섬유,계약불이행(불완전이행)
2023016275,2023-03-27,남자,20 - 29세,경기도,일반판매,자동차수리·점검,품질(물품/용역)
2023016276,2023-03-27,여자,40 - 49세,서울특별시,방문판매,국내결혼중개,계약해제.해지/위약금
2023016277,2023-03-27,여자,30 - 39세,서울특별시,국내온라인거래,캐주얼바지,품질(물품/용역)
2023016278,2023-03-27,여자,40 - 49세,서울특별시,국내온라인거래,기타의류·섬유,청약철회
2023016279,2023-03-27,남자,40 - 49세,서울특별시,소셜커머스(쇼핑),봉지면,계약해제.해지/위약금
2023016280,2023-03-27,남자,40 - 49세,경기도,국내온라인거래,티셔츠,청약철회
2023016281,2023-03-27,여자,20 - 29세,경기도,국내온라인거래,스포츠관람,청약철회
2023016282,2023-03-27,남자,20 - 29세,서울특별시,국내온라인거래,캐주얼바지,청약철회
2023016283,2023-03-27,남자,불명,경상남도,일반판매,양복(서양식 의복)세탁,계약불이행(불완전이행)
2023016284,2023-03-27,남자,40 - 49세,경기도,국내온라인거래,국내결혼중개,계약해제.해지/위약금
2023016285,2023-03-27,남자,40 - 49세,서울특별시,일반판매,양복(서양식 의복)세탁,계약불이행(불완전이행)
2023016286,2023-03-27,남자,60 - 64세,경기도,일반판매,신사화(구두·부츠 등),품질(물품/용역)
2023016287,2023-03-27,여자,40 - 49세,인천광역시,일반판매,기타책상·테이블류,품질(물품/용역)
2023016288,2023-03-27,남자,30 - 39세,광주광역시,일반판매,중고자동차중개·매매,계약불이행(불완전이행)
2023016290,2023-03-27,남자,30 - 39세,서울특별시,일반판매,건물청소서비스,품질(물품/용역)
2023016291,2023-03-27,여자,30 - 39세,경기도,국내온라인거래,헤드폰·이어폰,부당행위
2023016292,2023-03-27,여자,40 - 49세,인천광역시,국내온라인거래,다이어트식품,청약철회
2023016293,2023-03-27,여자,20 - 29세,서울특별시,일반판매,노트북컴퓨터,품질(물품/용역)
2023016294,2023-03-27,남자,20 - 29세,서울특별시,일반판매,실손보험,계약불이행(불완전이행)
2023016297,2023-03-27,여자,50 - 59세,경기도,일반판매,아파트,품질(물품/용역)
2023016298,2023-03-27,여자,40 - 49세,경기도,일반판매,기타정보이용서비스,계약해제.해지/위약금
2023016299,2023-03-27,남자,65 - 69세,대전광역시,일반판매,가스보일러,품질(물품/용역)
2023016300,2023-03-27,여자,40 - 49세,경기도,전화권유판매,기타정보이용서비스,계약해제.해지/위약금
2023016301,2023-03-27,여자,50 - 59세,경기도,일반판매,양복(서양식 의복)세탁,품질(물품/용역)
2023016302,2023-03-27,여자,40 - 49세,경기도,기타,상품권,부당행위
2023016303,2023-03-27,남자,50 - 59세,경기도,일반판매,자동차대여(렌트),부당행위
2023016304,2023-03-27,여자,50 - 59세,충청남도,일반판매,실손보험,약관
2023016305,2023-03-27,여자,20 - 29세,서울특별시,국내온라인거래,애완동·식물용품,계약해제.해지/위약금
2023016306,2023-03-27,여자,50 - 59세,경상남도,일반판매,코트,품질(물품/용역)
2023016307,2023-03-27,여자,30 - 39세,경기도,일반판매,필라테스,계약해제.해지/위약금
2023016308,2023-03-27,여자,40 - 49세,인천광역시,일반판매,국외여행,계약불이행(불완전이행)
2023016309,2023-03-27,남자,30 - 39세,충청남도,일반판매,자동차수리·점검,품질(물품/용역)
2023016310,2023-03-27,여자,20 - 29세,대구광역시,국내온라인거래,국외여행,계약불이행(불완전이행)
2023016311,2023-03-27,여자,40 - 49세,경기도,국내온라인거래,운동화,표시.광고
2023016312,2023-03-27,여자,60 - 64세,경기도,국내온라인거래,코트,표시.광고
2023016313,2023-03-27,남자,50 - 59세,전라남도,방문판매,건강(암·기타질병)보험,약관
2023016314,2023-03-27,여자,20 - 29세,서울특별시,일반판매,미용서비스,품질(물품/용역)
2023016315,2023-03-27,남자,70 - 79세,서울특별시,일반판매,이동전화서비스,계약불이행(불완전이행)
2023016316,2023-03-27,여자,40 - 49세,광주광역시,일반판매,실손보험,약관
2023016317,2023-03-27,여자,30 - 39세,서울특별시,일반판매,헬스장,계약해제.해지/위약금
2023016319,2023-03-27,남자,20 - 29세,서울특별시,모바일거래,건물청소서비스,계약해제.해지/위약금
2023016321,2023-03-27,여자,50 - 59세,부산광역시,일반판매,아파트,AS불만
2023016322,2023-03-27,여자,30 - 39세,경상북도,일반판매,운동화,품질(물품/용역)
2023016323,2023-03-27,여자,30 - 39세,경기도,국내온라인거래,기타완구·인형,청약철회
2023016324,2023-03-27,남자,65 - 69세,서울특별시,국내온라인거래,기타재봉·세탁·청소용품,청약철회
2023016325,2023-03-27,남자,60 - 64세,전라북도,국내온라인거래,스포츠웨어,계약불이행(불완전이행)
2023016326,2023-03-27,남자,40 - 49세,경기도,일반판매,건강(암·기타질병)보험,약관
2023016327,2023-03-27,남자,70 - 79세,서울특별시,일반판매,메모리,품질(물품/용역)
2023016328,2023-03-27,여자,30 - 39세,인천광역시,일반판매,결혼준비대행서비스,품질(물품/용역)
2023016329,2023-03-27,남자,30 - 39세,대전광역시,일반판매,치과,품질(물품/용역)
2023016330,2023-03-27,남자,60 - 64세,경기도,일반판매,성형외과,품질(물품/용역)
2023016331,2023-03-27,여자,30 - 39세,경기도,일반판매,성형외과,품질(물품/용역)
2023016332,2023-03-27,여자,50 - 59세,경기도,일반판매,정형외과,품질(물품/용역)
2023016333,2023-03-27,여자,40 - 49세,부산광역시,국내온라인거래,옷장,계약해제.해지/위약금
2023016334,2023-03-27,여자,20 - 29세,충청북도,일반판매,경비·관리서비스,가격.요금
2023016335,2023-03-27,여자,40 - 49세,경기도,일반판매,스마트폰,AS불만
2023016336,2023-03-27,남자,30 - 39세,인천광역시,일반판매,우유,부당행위
2023016337,2023-03-27,여자,20 - 29세,서울특별시,국내온라인거래,기타간편복,청약철회
2023016338,2023-03-27,남자,40 - 49세,대구광역시,국내온라인거래,기타회원권,계약해제.해지/위약금
2023016339,2023-03-27,남자,40 - 49세,경기도,국내온라인거래,기타숙박시설,계약불이행(불완전이행)
2023016340,2023-03-27,여자,40 - 49세,서울특별시,일반판매,국외캠프,계약해제.해지/위약금
2023016341,2023-03-27,여자,30 - 39세,대구광역시,방문판매,필라테스,계약해제.해지/위약금
2023016342,2023-03-27,여자,50 - 59세,울산광역시,일반판매,필라테스,계약해제.해지/위약금
2023016343,2023-03-27,남자,40 - 49세,경상북도,국내온라인거래,모니터,표시.광고
2023016344,2023-03-27,남자,50 - 59세,경상남도,국내온라인거래,인쇄서비스,계약해제.해지/위약금
2023016345,2023-03-27,여자,30 - 39세,울산광역시,일반판매,필라테스,계약해제.해지/위약금
2023016346,2023-03-27,여자,20 - 29세,서울특별시,일반판매,가사도우미,부당행위
2023016347,2023-03-27,여자,30 - 39세,전라북도,모바일거래,어패류젓갈,부당행위
2023016348,2023-03-27,여자,30 - 39세,광주광역시,일반판매,애완견,계약해제.해지/위약금
2023016349,2023-03-27,남자,30 - 39세,경기도,국내온라인거래,점퍼·재킷류,청약철회
2023016350,2023-03-27,남자,30 - 39세,충청남도,국내온라인거래,가스에어컨,계약불이행(불완전이행)
2023016351,2023-03-27,여자,30 - 39세,서울특별시,국내온라인거래,항공여객운송서비스,청약철회
2023016352,2023-03-27,여자,30 - 39세,부산광역시,국내온라인거래,기타의류·섬유,계약불이행(불완전이행)
2023016353,2023-03-27,여자,40 - 49세,울산광역시,일반판매,필라테스,계약해제.해지/위약금
2023016354,2023-03-27,여자,30 - 39세,대구광역시,기타,필라테스,계약해제.해지/위약금
2023016355,2023-03-27,남자,65 - 69세,서울특별시,기타,택배화물운송서비스,계약불이행(불완전이행)
2023016356,2023-03-27,여자,30 - 39세,서울특별시,국내온라인거래,"OTT서비스(넷플릭스,왓챠 등)",계약해제.해지/위약금
2023016357,2023-03-27,여자,30 - 39세,경기도,일반판매,의자,계약해제.해지/위약금
2023016358,2023-03-27,여자,40 - 49세,서울특별시,기타통신판매,연수기대여(렌트),품질(물품/용역)
2023016359,2023-03-27,여자,40 - 49세,경기도,방문판매,기타의료용구,품질(물품/용역)
2023016361,2023-03-27,남자,30 - 39세,인천광역시,국내온라인거래,이동전화서비스,청약철회
2023016362,2023-03-27,여자,20 - 29세,경기도,일반판매,선어(생선),품질(물품/용역)
2023016363,2023-03-27,여자,50 - 59세,부산광역시,일반판매,필라테스,계약해제.해지/위약금
2023016364,2023-03-27,여자,30 - 39세,울산광역시,소셜커머스(쇼핑),안마의자,품질(물품/용역)
2023016365,2023-03-27,여자,20 - 29세,경기도,국제온라인거래,기타이·미용기구,부당행위
2023016366,2023-03-27,여자,50 - 59세,경상북도,국제온라인거래,숙녀화(구두·부츠 등),청약철회
2023016367,2023-03-27,여자,30 - 39세,경기도,국내온라인거래,캐주얼바지,청약철회
2023016368,2023-03-27,여자,50 - 59세,부산광역시,일반판매,필라테스,계약해제.해지/위약금
2023016369,2023-03-27,남자,20 - 29세,경기도,기타,고시원이용,계약해제.해지/위약금
2023016370,2023-03-27,남자,40 - 49세,서울특별시,국내온라인거래,국외여행,부당행위
2023016371,2023-03-27,여자,40 - 49세,경기도,국내온라인거래,인터넷교육서비스,계약불이행(불완전이행)
2023016372,2023-03-27,여자,40 - 49세,울산광역시,기타,택배화물운송서비스,계약불이행(불완전이행)
2023016373,2023-03-27,여자,40 - 49세,울산광역시,일반판매,필라테스,계약해제.해지/위약금
2023016374,2023-03-27,여자,20 - 29세,서울특별시,국내온라인거래,여성용내의류,청약철회
2023016375,2023-03-27,남자,20 - 29세,인천광역시,방문판매,헬스장,계약해제.해지/위약금
2023016377,2023-03-27,여자,30 - 39세,서울특별시,일반판매,콘도,안전(제품/시설)
2023016378,2023-03-27,여자,30 - 39세,울산광역시,일반판매,필라테스,계약해제.해지/위약금
2023016379,2023-03-27,여자,30 - 39세,울산광역시,일반판매,필라테스,계약해제.해지/위약금
2023016380,2023-03-27,남자,40 - 49세,인천광역시,일반판매,골프회원권,계약해제.해지/위약금
2023016381,2023-03-27,여자,30 - 39세,경기도,국내온라인거래,숙녀복상의,청약철회
2023016382,2023-03-27,남자,30 - 39세,서울특별시,국내온라인거래,점퍼·재킷류,청약철회
2023016383,2023-03-27,남자,30 - 39세,경기도,국내온라인거래,항공여객운송서비스,계약해제.해지/위약금
2023016384,2023-03-27,남자,40 - 49세,경기도,국내온라인거래,각종공연관람,계약불이행(불완전이행)
2023016385,2023-03-27,여자,40 - 49세,울산광역시,일반판매,필라테스,계약해제.해지/위약금
2023016386,2023-03-27,여자,30 - 39세,울산광역시,일반판매,필라테스,계약해제.해지/위약금
2023016387,2023-03-27,여자,50 - 59세,경기도,소셜커머스(쇼핑),기타숙박시설,이자.수수료
2023016388,2023-03-27,여자,30 - 39세,서울특별시,일반판매,헬스장,계약해제.해지/위약금
2023016389,2023-03-27,남자,20 - 29세,강원특별자치도,국내온라인거래,캐주얼바지,청약철회
2023016390,2023-03-27,여자,40 - 49세,울산광역시,일반판매,필라테스,계약해제.해지/위약금
2023016391,2023-03-27,여자,50 - 59세,경기도,일반판매,기타사설강습서비스,계약해제.해지/위약금
2023016392,2023-03-27,남자,50 - 59세,충청북도,국내온라인거래,전기세탁기,부당행위
2023016393,2023-03-27,남자,40 - 49세,대구광역시,일반판매,양복(서양식 의복)세탁,품질(물품/용역)
2023016394,2023-03-27,남자,30 - 39세,경기도,일반판매,식탁,품질(물품/용역)
2023016395,2023-03-27,여자,30 - 39세,경기도,국내온라인거래,전등·전구,계약해제.해지/위약금
2023016396,2023-03-27,여자,20 - 29세,경기도,기타,필라테스,계약해제.해지/위약금
2023016397,2023-03-27,여자,30 - 39세,서울특별시,국내온라인거래,여성용내의류,청약철회
2023016398,2023-03-27,남자,65 - 69세,서울특별시,국내온라인거래,캐주얼바지,청약철회
2023016399,2023-03-27,여자,40 - 49세,경기도,전화권유판매,인터넷정보이용서비스,계약해제.해지/위약금
2023016400,2023-03-27,남자,20 - 29세,경기도,방문판매,인터넷교육서비스,부당행위
2023016401,2023-03-27,여자,30 - 39세,서울특별시,방문판매,보석·귀금속,청약철회
2023016402,2023-03-27,여자,40 - 49세,서울특별시,국내온라인거래,기타숙박시설,계약해제.해지/위약금
2023016403,2023-03-27,여자,50 - 59세,울산광역시,방문판매,인터넷교육서비스,계약해제.해지/위약금
2023016404,2023-03-27,여자,40 - 49세,울산광역시,기타,필라테스,계약해제.해지/위약금
2023016405,2023-03-27,남자,20 - 29세,부산광역시,기타,헬스장,계약해제.해지/위약금
2023016406,2023-03-27,남자,30 - 39세,서울특별시,일반판매,이동전화서비스,청약철회
2023016407,2023-03-27,남자,30 - 39세,인천광역시,모바일거래,레저시설이용,안전(제품/시설)
2023016408,2023-03-27,남자,30 - 39세,서울특별시,기타,외식,안전(제품/시설)
2023016409,2023-03-27,남자,30 - 39세,부산광역시,기타,택배화물운송서비스,품질(물품/용역)
2023016410,2023-03-27,남자,30 - 39세,경상남도,소셜커머스(쇼핑),TV,품질(물품/용역)
2023016411,2023-03-27,여자,30 - 39세,울산광역시,기타,필라테스,계약해제.해지/위약금
2023016412,2023-03-27,남자,40 - 49세,세종특별자치시,모바일거래,골프회원권,계약해제.해지/위약금
2023016413,2023-03-27,남자,20 - 29세,서울특별시,일반판매,고시원이용,계약해제.해지/위약금
2023016415,2023-03-27,여자,50 - 59세,부산광역시,국내온라인거래,기타여행,계약불이행(불완전이행)
2023016416,2023-03-27,여자,20 - 29세,울산광역시,일반판매,필라테스,계약해제.해지/위약금
2023016417,2023-03-27,남자,30 - 39세,충청북도,방문판매,포장이사운송서비스,안전(제품/시설)
2023016418,2023-03-27,여자,20 - 29세,경상남도,방문판매,헬스장,계약해제.해지/위약금
2023016419,2023-03-27,여자,20 - 29세,인천광역시,모바일거래,기타완구·인형,품질(물품/용역)
2023016420,2023-03-27,여자,40 - 49세,대구광역시,일반판매,필라테스,계약해제.해지/위약금
2023016421,2023-03-27,남자,80세이상,서울특별시,기타,기타여객운송서비스,계약해제.해지/위약금
2023016422,2023-03-27,여자,20 - 29세,대구광역시,국내온라인거래,인터넷정보이용서비스,계약불이행(불완전이행)
2023016423,2023-03-27,남자,30 - 39세,경기도,국제온라인거래,기타신발·용품,청약철회
2023016424,2023-03-27,여자,20 - 29세,대구광역시,일반판매,기타사설강습서비스,계약해제.해지/위약금
2023016425,2023-03-27,여자,30 - 39세,경기도,방문판매,기타방문·통신교육서비스,계약해제.해지/위약금
2023016426,2023-03-27,남자,40 - 49세,충청북도,국내온라인거래,커피메이커,품질(물품/용역)
2023016427,2023-03-27,여자,20 - 29세,경기도,일반판매,스마트폰,계약해제.해지/위약금
2023016428,2023-03-27,남자,20 - 29세,서울특별시,국내온라인거래,인터넷교육서비스,부당행위
2023016429,2023-03-27,남자,60 - 64세,경기도,기타,원화예·적금,법.제도
2023016430,2023-03-27,여자,30 - 39세,경기도,일반판매,국내결혼중개,계약해제.해지/위약금
2023016431,2023-03-27,여자,40 - 49세,서울특별시,국내온라인거래,항공여객운송서비스,계약불이행(불완전이행)
2023016432,2023-03-27,남자,30 - 39세,경기도,일반판매,일반강습(입시학원등),계약해제.해지/위약금
2023016433,2023-03-27,남자,30 - 39세,서울특별시,국내온라인거래,기타간편복,청약철회
2023016434,2023-03-28,남자,30 - 39세,인천광역시,일반판매,자동차수리·점검,부당행위
2023016435,2023-03-28,남자,50 - 59세,경기도,국내온라인거래,가발,청약철회
2023016436,2023-03-28,여자,50 - 59세,경기도,일반판매,양복(서양식 의복)세탁,품질(물품/용역)
2023016437,2023-03-28,여자,20 - 29세,경기도,국내온라인거래,기타관람·감상,청약철회
2023016438,2023-03-28,남자,30 - 39세,인천광역시,국내온라인거래,기타자동차용품,안전(제품/시설)
2023016439,2023-03-28,남자,20 - 29세,서울특별시,일반판매,헬스장,계약해제.해지/위약금
2023016440,2023-03-28,여자,40 - 49세,전라남도,일반판매,기타투자상품,계약불이행(불완전이행)
2023016441,2023-03-28,여자,30 - 39세,울산광역시,국내온라인거래,항공여객운송서비스,계약불이행(불완전이행)
2023016444,2023-03-28,여자,30 - 39세,경기도,기타통신판매,인터넷정보이용서비스,계약해제.해지/위약금
2023016445,2023-03-28,남자,30 - 39세,경기도,일반판매,헬스장,계약해제.해지/위약금
2023016446,2023-03-28,남자,50 - 59세,강원특별자치도,일반판매,타이어,계약불이행(불완전이행)
2023016447,2023-03-28,남자,40 - 49세,경기도,일반판매,헬스장,계약불이행(불완전이행)
2023016448,2023-03-28,남자,50 - 59세,광주광역시,일반판매,기타사설강습서비스,계약해제.해지/위약금
2023016449,2023-03-28,여자,50 - 59세,서울특별시,기타,초고속인터넷,계약해제.해지/위약금
2023016450,2023-03-28,여자,50 - 59세,서울특별시,일반판매,기타사설강습서비스,계약해제.해지/위약금
2023016451,2023-03-28,남자,60 - 64세,경기도,국내온라인거래,항공여객운송서비스,계약불이행(불완전이행)
2023016452,2023-03-28,여자,50 - 59세,울산광역시,국내온라인거래,점퍼·재킷류,청약철회
2023016453,2023-03-28,여자,20 - 29세,울산광역시,일반판매,필라테스,계약해제.해지/위약금
2023016454,2023-03-28,남자,50 - 59세,대전광역시,일반판매,정수기대여(렌트),계약해제.해지/위약금
2023016456,2023-03-28,여자,40 - 49세,울산광역시,일반판매,필라테스,계약불이행(불완전이행)
2023016457,2023-03-28,여자,30 - 39세,경기도,일반판매,헬스장,계약불이행(불완전이행)
2023016458,2023-03-28,남자,50 - 59세,충청남도,일반판매,양복(서양식 의복)세탁,AS불만
2023016459,2023-03-28,남자,20 - 29세,광주광역시,일반판매,헬스장,계약해제.해지/위약금
2023016460,2023-03-28,여자,30 - 39세,대전광역시,일반판매,산부인과,가격.요금
2023016462,2023-03-28,남자,30 - 39세,서울특별시,일반판매,피부과,계약해제.해지/위약금
2023016463,2023-03-28,여자,30 - 39세,서울특별시,기타,택배화물운송서비스,AS불만
2023016464,2023-03-28,남자,불명,경기도,일반판매,전자담배,AS불만
2023016465,2023-03-28,여자,30 - 39세,서울특별시,모바일거래,신유형상품권,계약불이행(불완전이행)
2023016466,2023-03-28,여자,40 - 49세,경기도,일반판매,애완견,품질(물품/용역)
2023016467,2023-03-28,여자,20 - 29세,서울특별시,국내온라인거래,숙녀복하의,청약철회
2023016468,2023-03-28,남자,60 - 64세,경기도,일반판매,이동전화서비스,계약불이행(불완전이행)
2023016469,2023-03-28,남자,20 - 29세,경기도,기타,헬스장,계약해제.해지/위약금
2023016470,2023-03-28,여자,40 - 49세,전라북도,방문판매,인터넷교육서비스,계약해제.해지/위약금
2023016471,2023-03-28,남자,80세이상,인천광역시,일반판매,연수기대여(렌트),계약해제.해지/위약금
2023016472,2023-03-28,여자,40 - 49세,경상남도,방문판매,인터넷교육서비스,계약불이행(불완전이행)
2023016473,2023-03-28,여자,70 - 79세,서울특별시,기타,아파트,가격.요금
2023016474,2023-03-28,남자,불명,충청남도,전화권유판매,유사투자자문,청약철회
2023016475,2023-03-28,여자,50 - 59세,부산광역시,국내온라인거래,태블릿PC,청약철회
2023016476,2023-03-28,여자,40 - 49세,충청북도,일반판매,점퍼·재킷류,품질(물품/용역)
2023016477,2023-03-28,여자,40 - 49세,경기도,일반판매,니트(스웨터),품질(물품/용역)
2023016478,2023-03-28,여자,50 - 59세,대구광역시,방문판매,국외여행,계약해제.해지/위약금
2023016479,2023-03-28,여자,40 - 49세,대구광역시,국내온라인거래,양복(서양식 의복)세탁,품질(물품/용역)
2023016481,2023-03-28,남자,30 - 39세,강원특별자치도,일반판매,기타사무용품,청약철회
2023016482,2023-03-28,여자,40 - 49세,대구광역시,국내온라인거래,양복(서양식 의복)세탁,품질(물품/용역)
2023016483,2023-03-28,남자,20 - 29세,대전광역시,일반판매,헬스장,계약해제.해지/위약금
2023016485,2023-03-28,여자,60 - 64세,인천광역시,국내온라인거래,기타의류·섬유,계약불이행(불완전이행)
2023016486,2023-03-28,남자,60 - 64세,서울특별시,국내온라인거래,복합기,품질(물품/용역)
2023016488,2023-03-28,남자,80세이상,경기도,전화권유판매,모바일정보이용서비스,계약불이행(불완전이행)
2023016489,2023-03-28,여자,30 - 39세,경기도,국내온라인거래,전기진공청소기,품질(물품/용역)
2023016490,2023-03-28,여자,40 - 49세,부산광역시,기타,기타병·의원서비스,품질(물품/용역)
2023016491,2023-03-28,여자,30 - 39세,경기도,기타,성형외과,품질(물품/용역)
2023016492,2023-03-28,남자,50 - 59세,서울특별시,일반판매,점퍼·재킷류,품질(물품/용역)
2023016493,2023-03-28,여자,30 - 39세,서울특별시,일반판매,메모리폼,품질(물품/용역)
2023016494,2023-03-28,남자,30 - 39세,서울특별시,모바일거래,호텔,계약해제.해지/위약금
2023016495,2023-03-28,여자,60 - 64세,경상남도,일반판매,양복(서양식 의복)세탁,품질(물품/용역)
2023016496,2023-03-28,여자,20 - 29세,경상남도,일반판매,양복(서양식 의복)세탁,품질(물품/용역)
2023016497,2023-03-28,여자,40 - 49세,울산광역시,일반판매,필라테스,계약불이행(불완전이행)
2023016498,2023-03-28,남자,40 - 49세,서울특별시,국내온라인거래,인터넷정보이용서비스,계약불이행(불완전이행)
2023016499,2023-03-28,여자,40 - 49세,충청남도,모바일거래,기타이동통신,청약철회
2023016500,2023-03-28,여자,50 - 59세,부산광역시,일반판매,기타사설강습서비스,계약불이행(불완전이행)
2023016501,2023-03-28,남자,80세이상,강원특별자치도,일반판매,믹서기,AS불만
2023016502,2023-03-28,남자,20 - 29세,인천광역시,국내온라인거래,노트북컴퓨터,품질(물품/용역)
2023016503,2023-03-28,남자,30 - 39세,서울특별시,국내온라인거래,헬스장,계약해제.해지/위약금
2023016504,2023-03-28,남자,30 - 39세,서울특별시,기타,버스여객운송서비스,품질(물품/용역)
2023016505,2023-03-28,남자,30 - 39세,경상남도,일반판매,자동차주차장,계약불이행(불완전이행)
2023016506,2023-03-28,남자,50 - 59세,경기도,일반판매,김치냉장고,품질(물품/용역)
2023016507,2023-03-28,남자,65 - 69세,서울특별시,일반판매,고시원이용,계약해제.해지/위약금
2023016508,2023-03-28,여자,20 - 29세,경기도,일반판매,헬스장,계약해제.해지/위약금
2023016509,2023-03-28,여자,30 - 39세,서울특별시,일반판매,상품권,법.제도
2023016510,2023-03-28,남자,40 - 49세,서울특별시,일반판매,스마트폰,AS불만
2023016511,2023-03-28,여자,40 - 49세,경기도,국내온라인거래,이동전화서비스,부당행위
2023016512,2023-03-28,여자,30 - 39세,서울특별시,일반판매,예식서비스,계약해제.해지/위약금
2023016513,2023-03-28,남자,30 - 39세,서울특별시,일반판매,헬스장,계약해제.해지/위약금
2023016514,2023-03-28,여자,20 - 29세,부산광역시,국내온라인거래,원피스,품질(물품/용역)
2023016516,2023-03-28,남자,20 - 29세,경기도,모바일거래,호텔,표시.광고
2023016517,2023-03-28,남자,70 - 79세,경기도,일반판매,치과,품질(물품/용역)
2023016518,2023-03-28,남자,60 - 64세,경상북도,일반판매,비뇨의학과,품질(물품/용역)
2023016519,2023-03-28,남자,40 - 49세,경기도,일반판매,양복(서양식 의복)세탁,품질(물품/용역)
2023016520,2023-03-28,여자,30 - 39세,경기도,기타통신판매,각종자격취득강습,부당행위
2023016521,2023-03-28,여자,30 - 39세,대구광역시,모바일거래,이동전화서비스,계약해제.해지/위약금
2023016523,2023-03-28,여자,불명,서울특별시,기타통신판매,건강(암·기타질병)보험,계약불이행(불완전이행)
2023016524,2023-03-28,여자,65 - 69세,서울특별시,소셜커머스(쇼핑),기타식품류,거래관행
2023016525,2023-03-28,여자,60 - 64세,경기도,일반판매,티셔츠,품질(물품/용역)
2023016526,2023-03-28,남자,30 - 39세,인천광역시,국내온라인거래,기타여행,청약철회
2023016527,2023-03-28,남자,불명,서울특별시,일반판매,상품권,계약불이행(불완전이행)
2023016528,2023-03-28,여자,60 - 64세,전라남도,일반판매,코트,품질(물품/용역)
2023016529,2023-03-28,여자,70 - 79세,대전광역시,기타,산부인과,품질(물품/용역)
2023016531,2023-03-28,여자,40 - 49세,경기도,일반판매,셔츠,품질(물품/용역)
2023016532,2023-03-28,여자,50 - 59세,부산광역시,일반판매,코트,품질(물품/용역)
2023016533,2023-03-28,남자,30 - 39세,부산광역시,일반판매,지갑,품질(물품/용역)
2023016534,2023-03-28,여자,50 - 59세,경상북도,일반판매,기타가방,품질(물품/용역)
2023016601,2023-03-28,여자,20 - 29세,대전광역시,국내온라인거래,기타의류·섬유,청약철회
2023016602,2023-03-28,남자,40 - 49세,경기도,국내온라인거래,기타숙박시설,이자.수수료
2023016603,2023-03-28,남자,30 - 39세,서울특별시,국내온라인거래,스포츠웨어,표시.광고
2023016604,2023-03-28,남자,50 - 59세,경기도,기타,시계부품·용품,AS불만
2023016605,2023-03-28,여자,50 - 59세,울산광역시,일반판매,필라테스,계약해제.해지/위약금
2023016606,2023-03-28,여자,40 - 49세,제주도,국내온라인거래,인터넷정보이용서비스,계약해제.해지/위약금
2023016607,2023-03-28,남자,40 - 49세,인천광역시,일반판매,이동전화서비스,계약해제.해지/위약금
2023016608,2023-03-28,남자,30 - 39세,경기도,국내온라인거래,시계,계약불이행(불완전이행)
2023016610,2023-03-28,남자,40 - 49세,경기도,국내온라인거래,캐주얼바지,부당행위
2023016611,2023-03-28,여자,40 - 49세,서울특별시,모바일거래,전기장판,품질(물품/용역)
2023016612,2023-03-28,여자,20 - 29세,울산광역시,일반판매,필라테스,계약해제.해지/위약금
2023016613,2023-03-28,여자,30 - 39세,경기도,일반판매,보석·귀금속,AS불만
2023016614,2023-03-28,남자,30 - 39세,충청남도,일반판매,포장이사운송서비스,계약불이행(불완전이행)
2023016615,2023-03-28,여자,50 - 59세,서울특별시,일반판매,기타인테리어설비,AS불만
2023016616,2023-03-28,여자,30 - 39세,경기도,방문판매,기타방문·통신교육서비스,계약해제.해지/위약금
2023016618,2023-03-28,여자,20 - 29세,서울특별시,국내온라인거래,호텔,청약철회
2023016619,2023-03-28,여자,30 - 39세,서울특별시,국내온라인거래,기타서적음반류,품질(물품/용역)
2023016620,2023-03-28,여자,20 - 29세,울산광역시,일반판매,필라테스,계약해제.해지/위약금
2023016621,2023-03-28,여자,20 - 29세,부산광역시,일반판매,필라테스,계약해제.해지/위약금
2023016622,2023-03-28,여자,40 - 49세,경기도,일반판매,서랍장,안전(제품/시설)
2023016623,2023-03-28,여자,20 - 29세,서울특별시,국내온라인거래,기타가사서비스,품질(물품/용역)
2023016624,2023-03-28,여자,30 - 39세,부산광역시,일반판매,소파,품질(물품/용역)
2023016625,2023-03-28,남자,40 - 49세,서울특별시,국내온라인거래,항공여객운송서비스,계약불이행(불완전이행)
2023016626,2023-03-28,여자,30 - 39세,부산광역시,전화권유판매,학습지,계약해제.해지/위약금
2023016627,2023-03-28,여자,30 - 39세,경기도,국내온라인거래,운동화,품질(물품/용역)
2023016628,2023-03-28,여자,40 - 49세,서울특별시,소셜커머스(쇼핑),기타일반화장품,안전(제품/시설)
2023016629,2023-03-28,여자,30 - 39세,경기도,국내온라인거래,마스크,계약불이행(불완전이행)
2023016630,2023-03-28,남자,50 - 59세,경기도,모바일거래,국외여행,청약철회
2023016631,2023-03-28,남자,40 - 49세,부산광역시,일반판매,애완견,계약불이행(불완전이행)
2023016633,2023-03-28,남자,20 - 29세,울산광역시,국내온라인거래,호텔,계약해제.해지/위약금
2023016634,2023-03-28,여자,30 - 39세,경기도,일반판매,헬스장,계약해제.해지/위약금
2023016635,2023-03-28,여자,40 - 49세,인천광역시,기타,음식물처리기,품질(물품/용역)
2023016636,2023-03-28,남자,40 - 49세,서울특별시,국내온라인거래,텐트,AS불만
2023016637,2023-03-28,남자,40 - 49세,부산광역시,국내온라인거래,TV,품질(물품/용역)
2023016638,2023-03-28,여자,20 - 29세,서울특별시,일반판매,피부·체형관리서비스,계약해제.해지/위약금
2023016639,2023-03-28,여자,20 - 29세,서울특별시,방문판매,헬스장,계약해제.해지/위약금
2023016640,2023-03-28,여자,10 - 19세,서울특별시,국내온라인거래,점퍼·재킷류,청약철회
2023016641,2023-03-28,남자,30 - 39세,서울특별시,국내온라인거래,컴퓨터모니터(데스크탑),품질(물품/용역)
2023016642,2023-03-28,여자,30 - 39세,서울특별시,방문판매,인터넷교육서비스,계약해제.해지/위약금
2023016643,2023-03-28,여자,40 - 49세,경기도,기타통신판매,IPTV,계약해제.해지/위약금
2023016644,2023-03-28,여자,20 - 29세,부산광역시,일반판매,종합체육시설회원권,계약해제.해지/위약금
2023016645,2023-03-28,여자,50 - 59세,울산광역시,일반판매,필라테스,계약해제.해지/위약금
2023016646,2023-03-28,여자,30 - 39세,서울특별시,국제온라인거래,항공여객운송서비스,부당행위
2023016647,2023-03-28,여자,30 - 39세,제주도,국내온라인거래,기타유아용식생활용품,청약철회
2023016648,2023-03-28,여자,20 - 29세,대구광역시,일반판매,미용서비스,계약불이행(불완전이행)
2023016649,2023-03-28,여자,30 - 39세,경기도,국내온라인거래,각종공연관람,가격.요금
2023016650,2023-03-28,여자,30 - 39세,경기도,기타,운명감정서비스,계약해제.해지/위약금
2023016651,2023-03-28,여자,30 - 39세,서울특별시,방문판매,국외여행,계약해제.해지/위약금
2023016652,2023-03-28,여자,30 - 39세,서울특별시,국내온라인거래,유산균함유제품,표시.광고
2023016653,2023-03-28,남자,40 - 49세,경기도,방문판매,인터넷교육서비스,계약해제.해지/위약금
2023016654,2023-03-28,남자,40 - 49세,경기도,기타통신판매,기타통신기기,품질(물품/용역)
2023016655,2023-03-28,여자,20 - 29세,경기도,국내온라인거래,항공여객운송서비스,계약불이행(불완전이행)
2023016656,2023-03-28,남자,65 - 69세,경상북도,전화권유판매,인터넷정보이용서비스,청약철회
2023016657,2023-03-28,여자,30 - 39세,서울특별시,일반판매,인터넷정보이용서비스,계약해제.해지/위약금
2023016658,2023-03-28,여자,40 - 49세,대구광역시,일반판매,이동전화서비스,계약불이행(불완전이행)
2023016659,2023-03-28,여자,30 - 39세,광주광역시,국내온라인거래,선글라스,청약철회
2023016660,2023-03-28,남자,50 - 59세,경기도,전화권유판매,모바일정보이용서비스,계약해제.해지/위약금
2023016661,2023-03-28,여자,30 - 39세,경기도,일반판매,골프회원권,계약해제.해지/위약금
2023016662,2023-03-28,여자,20 - 29세,서울특별시,일반판매,헬스장,계약해제.해지/위약금
2023016663,2023-03-28,여자,50 - 59세,울산광역시,국내온라인거래,모피·모피의류,청약철회
2023016664,2023-03-28,여자,40 - 49세,서울특별시,전화권유판매,노인복지,청약철회
2023016665,2023-03-28,여자,30 - 39세,서울특별시,일반판매,헬스장,계약해제.해지/위약금
2023016666,2023-03-28,남자,40 - 49세,경상남도,일반판매,텐트,품질(물품/용역)
2023016667,2023-03-28,여자,30 - 39세,서울특별시,일반판매,필라테스,계약해제.해지/위약금
2023016668,2023-03-28,남자,40 - 49세,경상북도,모바일거래,기타책상·테이블류,청약철회
2023016669,2023-03-28,남자,30 - 39세,경상북도,소셜커머스(쇼핑),기타숙박시설,안전(제품/시설)
2023016670,2023-03-28,여자,30 - 39세,경기도,전화권유판매,모바일정보이용서비스,계약불이행(불완전이행)
2023016671,2023-03-28,남자,20 - 29세,부산광역시,방문판매,스마트폰,계약불이행(불완전이행)
2023016672,2023-03-28,여자,20 - 29세,서울특별시,일반판매,예식서비스,계약해제.해지/위약금
2023016673,2023-03-28,여자,20 - 29세,경기도,일반판매,결혼준비대행서비스,계약해제.해지/위약금
2023016674,2023-03-28,남자,65 - 69세,서울특별시,일반판매,기타이동통신,가격.요금
2023016675,2023-03-28,남자,60 - 64세,서울특별시,일반판매,가스보일러,AS불만
2023016676,2023-03-28,남자,50 - 59세,대구광역시,일반판매,이동전화서비스,계약해제.해지/위약금
2023016677,2023-03-28,남자,30 - 39세,충청남도,기타,남성용내의류,부당행위
2023016678,2023-03-28,남자,30 - 39세,경기도,일반판매,택배화물운송서비스,계약불이행(불완전이행)
2023016679,2023-03-28,여자,30 - 39세,경상북도,모바일거래,기타일반화장품,계약불이행(불완전이행)
2023016680,2023-03-28,여자,65 - 69세,서울특별시,전화권유판매,신문,계약해제.해지/위약금
2023016681,2023-03-28,남자,20 - 29세,서울특별시,기타통신판매,이동전화서비스,품질(물품/용역)
2023016682,2023-03-28,남자,65 - 69세,경상남도,일반판매,기타미분류서비스,계약불이행(불완전이행)
2023016683,2023-03-28,여자,20 - 29세,부산광역시,기타,미용서비스,계약해제.해지/위약금
2023016684,2023-03-28,여자,50 - 59세,경상남도,국내온라인거래,기타인터넷기반서비스,계약불이행(불완전이행)
2023016685,2023-03-28,여자,30 - 39세,서울특별시,일반판매,케이크,청약철회
2023016686,2023-03-28,남자,30 - 39세,경상남도,모바일거래,펜션,계약해제.해지/위약금
2023016687,2023-03-28,여자,40 - 49세,서울특별시,소셜커머스(쇼핑),전기세탁기,품질(물품/용역)
2023016688,2023-03-28,여자,50 - 59세,인천광역시,일반판매,여성용내의류,청약철회
2023016689,2023-03-28,남자,30 - 39세,대전광역시,일반판매,헬스장,계약불이행(불완전이행)
2023016690,2023-03-28,여자,40 - 49세,서울특별시,국내온라인거래,항공여객운송서비스,표시.광고
2023016691,2023-03-28,여자,30 - 39세,인천광역시,기타,오피스텔,계약불이행(불완전이행)
2023016692,2023-03-28,여자,40 - 49세,부산광역시,TV홈쇼핑,소파,품질(물품/용역)
2023016693,2023-03-28,여자,20 - 29세,서울특별시,국내온라인거래,노트북컴퓨터,품질(물품/용역)
2023016694,2023-03-28,남자,40 - 49세,경기도,국내온라인거래,헤드폰·이어폰,AS불만
2023016695,2023-03-28,여자,20 - 29세,서울특별시,국내온라인거래,잡지,청약철회
2023016696,2023-03-28,남자,30 - 39세,서울특별시,기타,항공화물운송서비스,계약불이행(불완전이행)
2023016697,2023-03-28,남자,70 - 79세,경상남도,국내온라인거래,기타침대류,품질(물품/용역)
2023016698,2023-03-28,남자,50 - 59세,경기도,국내온라인거래,초고속인터넷,계약해제.해지/위약금
2023016699,2023-03-28,남자,40 - 49세,강원특별자치도,국제온라인거래,항공여객운송서비스,계약불이행(불완전이행)
2023016700,2023-03-28,여자,40 - 49세,경기도,기타,운명감정서비스,계약해제.해지/위약금
2023016701,2023-03-28,남자,30 - 39세,충청북도,국내온라인거래,전자담배,청약철회
2023016702,2023-03-28,남자,60 - 64세,경기도,일반판매,운동용가방,청약철회
2023016703,2023-03-28,남자,60 - 64세,경상남도,방문판매,국내결혼중개,계약해제.해지/위약금
2023016704,2023-03-28,남자,불명,서울특별시,기타통신판매,건물청소서비스,품질(물품/용역)
2023016705,2023-03-29,남자,20 - 29세,서울특별시,일반판매,점퍼·재킷류,품질(물품/용역)
2023016706,2023-03-29,여자,30 - 39세,경상남도,국내온라인거래,양복(서양식 의복)세탁,품질(물품/용역)
2023016707,2023-03-29,여자,40 - 49세,경기도,일반판매,건강(암·기타질병)보험,약관
2023016708,2023-03-29,여자,50 - 59세,서울특별시,일반판매,양복(서양식 의복)세탁,품질(물품/용역)
2023016709,2023-03-29,여자,40 - 49세,대전광역시,국내온라인거래,기타가방,품질(물품/용역)
2023016710,2023-03-29,남자,60 - 64세,전라남도,전화권유판매,모바일정보이용서비스,계약불이행(불완전이행)
2023016711,2023-03-29,남자,30 - 39세,서울특별시,일반판매,자동차수리·점검,AS불만
2023016712,2023-03-29,남자,60 - 64세,전라남도,전화권유판매,모바일정보이용서비스,계약불이행(불완전이행)
2023016713,2023-03-29,여자,20 - 29세,경기도,일반판매,헬스장,계약해제.해지/위약금
2023016714,2023-03-29,남자,30 - 39세,경기도,일반판매,자동차주차장,부당행위
2023016715,2023-03-29,남자,40 - 49세,서울특별시,기타,정수기대여(렌트),계약해제.해지/위약금
2023016716,2023-03-29,여자,50 - 59세,경기도,일반판매,헬스장,계약해제.해지/위약금
2023016717,2023-03-29,남자,40 - 49세,서울특별시,일반판매,자동차수리·점검,품질(물품/용역)
2023016719,2023-03-29,여자,10세 미만,대구광역시,일반판매,이동전화서비스,계약해제.해지/위약금
2023016720,2023-03-29,남자,40 - 49세,세종특별자치시,일반판매,중형승용자동차,AS불만
2023016721,2023-03-29,남자,30 - 39세,세종특별자치시,일반판매,대형승용자동차,AS불만
2023016722,2023-03-29,여자,불명,서울특별시,일반판매,티셔츠,품질(물품/용역)
2023016723,2023-03-29,여자,40 - 49세,울산광역시,일반판매,필라테스,계약해제.해지/위약금
2023016724,2023-03-29,남자,70 - 79세,경기도,일반판매,초고속인터넷,계약해제.해지/위약금
2023016725,2023-03-29,남자,60 - 64세,울산광역시,다단계판매,차량용블랙박스,계약불이행(불완전이행)
2023016727,2023-03-29,남자,20 - 29세,경기도,일반판매,카셰어링,부당행위
2023016728,2023-03-29,여자,30 - 39세,대전광역시,일반판매,헬스장,계약해제.해지/위약금
2023016729,2023-03-29,남자,60 - 64세,전라남도,전화권유판매,모바일정보이용서비스,계약불이행(불완전이행)
2023016730,2023-03-29,남자,50 - 59세,인천광역시,일반판매,점퍼·재킷류,품질(물품/용역)
2023016731,2023-03-29,남자,60 - 64세,전라남도,전화권유판매,모바일정보이용서비스,계약불이행(불완전이행)
2023016732,2023-03-29,여자,70 - 79세,부산광역시,기타,안과,품질(물품/용역)
2023016734,2023-03-29,여자,30 - 39세,서울특별시,일반판매,기타가방,거래관행
2023016735,2023-03-29,여자,50 - 59세,서울특별시,일반판매,전기장판,AS불만
2023016736,2023-03-29,여자,20 - 29세,충청남도,일반판매,미용서비스,AS불만
2023016737,2023-03-29,남자,60 - 64세,경기도,기타,싱크대,AS불만
2023016739,2023-03-29,여자,30 - 39세,경기도,국내온라인거래,지갑,계약불이행(불완전이행)
2023016740,2023-03-29,남자,30 - 39세,인천광역시,기타,화재보험,약관
2023016741,2023-03-29,남자,30 - 39세,서울특별시,모바일거래,신유형상품권,계약해제.해지/위약금
2023016742,2023-03-29,여자,50 - 59세,서울특별시,일반판매,정수기대여(렌트),계약해제.해지/위약금
2023016743,2023-03-29,여자,30 - 39세,서울특별시,일반판매,스포츠시설이용,계약해제.해지/위약금
2023016744,2023-03-29,남자,30 - 39세,서울특별시,국내온라인거래,운동화,계약불이행(불완전이행)
2023016745,2023-03-29,여자,50 - 59세,경기도,일반판매,기타간편복,품질(물품/용역)
2023016746,2023-03-29,남자,30 - 39세,광주광역시,국내온라인거래,항공여객운송서비스,계약해제.해지/위약금
2023016747,2023-03-29,여자,30 - 39세,서울특별시,일반판매,성형외과,품질(물품/용역)
2023016748,2023-03-29,여자,60 - 64세,경기도,방문판매,가구세트,계약해제.해지/위약금
2023016749,2023-03-29,여자,30 - 39세,부산광역시,일반판매,스커트,품질(물품/용역)
2023016750,2023-03-29,남자,40 - 49세,경상북도,국내온라인거래,실손보험,계약불이행(불완전이행)
2023016751,2023-03-29,여자,40 - 49세,대구광역시,국내온라인거래,지갑,품질(물품/용역)
2023016752,2023-03-29,여자,30 - 39세,광주광역시,국내온라인거래,아동복,품질(물품/용역)
2023016753,2023-03-29,여자,40 - 49세,부산광역시,국내온라인거래,항공여객운송서비스,계약불이행(불완전이행)
2023016754,2023-03-29,여자,60 - 64세,경기도,모바일거래,미분류대여(렌트),표시.광고
2023016755,2023-03-29,남자,20 - 29세,대전광역시,일반판매,헬스장,계약해제.해지/위약금
2023016756,2023-03-29,여자,30 - 39세,경기도,국내온라인거래,서랍장,계약불이행(불완전이행)
2023016758,2023-03-29,여자,30 - 39세,경기도,국내온라인거래,사진촬영,계약불이행(불완전이행)
2023016759,2023-03-29,여자,60 - 64세,경상남도,일반판매,점퍼·재킷류,품질(물품/용역)
2023016760,2023-03-29,남자,40 - 49세,서울특별시,기타통신판매,룸에어컨,가격.요금
2023016761,2023-03-29,남자,60 - 64세,경상남도,국내온라인거래,소파,계약불이행(불완전이행)
2023016762,2023-03-29,여자,30 - 39세,서울특별시,소셜커머스(쇼핑),전기의류건조기,AS불만
2023016763,2023-03-29,여자,30 - 39세,울산광역시,일반판매,필라테스,계약불이행(불완전이행)
2023016764,2023-03-29,여자,30 - 39세,대구광역시,일반판매,필라테스,계약해제.해지/위약금
2023016765,2023-03-29,여자,20 - 29세,부산광역시,국내온라인거래,기타간편복,품질(물품/용역)
2023016766,2023-03-29,여자,30 - 39세,대전광역시,일반판매,골프회원권,계약해제.해지/위약금
2023016767,2023-03-29,여자,50 - 59세,경기도,TV홈쇼핑,국외여행,거래관행
2023016768,2023-03-29,남자,65 - 69세,광주광역시,일반판매,신경외과,품질(물품/용역)
2023016769,2023-03-29,남자,20 - 29세,대전광역시,일반판매,헬스장,계약해제.해지/위약금
2023016770,2023-03-29,여자,30 - 39세,서울특별시,일반판매,전동킥보드,부당행위
2023016771,2023-03-29,여자,70 - 79세,부산광역시,기타통신판매,인터넷정보이용서비스,계약해제.해지/위약금
2023016772,2023-03-29,여자,20 - 29세,경기도,국내온라인거래,외식,표시.광고
2023016773,2023-03-29,여자,불명,경기도,국내온라인거래,기타간편복,청약철회
2023016774,2023-03-29,남자,40 - 49세,충청남도,국내온라인거래,기타침대류,청약철회
2023016775,2023-03-29,여자,40 - 49세,서울특별시,기타통신판매,점퍼·재킷류,청약철회
2023016776,2023-03-29,여자,50 - 59세,인천광역시,모바일거래,항공여객운송서비스,청약철회
2023016777,2023-03-29,여자,20 - 29세,경기도,방문판매,애완고양이,계약해제.해지/위약금
2023016778,2023-03-29,여자,20 - 29세,서울특별시,소셜커머스(쇼핑),티셔츠,계약불이행(불완전이행)
2023016779,2023-03-29,여자,50 - 59세,경기도,국내온라인거래,부엌용합성세제,품질(물품/용역)
2023016780,2023-03-29,여자,20 - 29세,경기도,일반판매,헬스장,계약해제.해지/위약금
2023016781,2023-03-29,남자,20 - 29세,경기도,일반판매,헬스장,계약해제.해지/위약금
2023016782,2023-03-29,여자,40 - 49세,서울특별시,국제온라인거래,항공여객운송서비스,계약해제.해지/위약금
2023016783,2023-03-29,여자,30 - 39세,경기도,일반판매,헬스장,계약해제.해지/위약금
2023016784,2023-03-29,여자,30 - 39세,서울특별시,방문판매,인터넷교육서비스,계약해제.해지/위약금
2023016785,2023-03-29,여자,20 - 29세,서울특별시,국내온라인거래,요가,계약해제.해지/위약금
2023016786,2023-03-29,남자,50 - 59세,경기도,일반판매,기타인테리어설비,계약불이행(불완전이행)
2023016787,2023-03-29,여자,30 - 39세,대전광역시,일반판매,이동전화서비스,거래관행
2023016788,2023-03-29,여자,60 - 64세,서울특별시,국내온라인거래,신유형상품권,부당행위
2023016789,2023-03-29,남자,60 - 64세,경상북도,일반판매,안과,품질(물품/용역)
2023016790,2023-03-29,여자,10 - 19세,경상남도,일반판매,정형외과,품질(물품/용역)
2023016791,2023-03-29,여자,30 - 39세,전라북도,방문판매,학습지,계약해제.해지/위약금
2023016792,2023-03-29,여자,20 - 29세,광주광역시,일반판매,헬스장,계약해제.해지/위약금
2023016793,2023-03-29,여자,30 - 39세,경기도,일반판매,아파트,계약불이행(불완전이행)
2023016794,2023-03-29,여자,50 - 59세,서울특별시,방문판매,공기청정기대여(렌트),계약해제.해지/위약금
2023016795,2023-03-29,여자,50 - 59세,서울특별시,방문판매,공기청정기대여(렌트),계약해제.해지/위약금
2023016796,2023-03-29,남자,70 - 79세,서울특별시,방문판매,건강침대(흙·돌등),품질(물품/용역)
2023016797,2023-03-29,남자,40 - 49세,경기도,일반판매,자동차수리·점검,부당행위
2023016798,2023-03-29,여자,불명,경상남도,일반판매,양복(서양식 의복)세탁,품질(물품/용역)
2023016799,2023-03-29,여자,40 - 49세,서울특별시,일반판매,기타미분류서비스,계약불이행(불완전이행)
2023016800,2023-03-29,남자,30 - 39세,인천광역시,일반판매,양복(서양식 의복)세탁,품질(물품/용역)
2023016801,2023-03-29,남자,20 - 29세,경기도,일반판매,이동전화서비스,품질(물품/용역)
2023016802,2023-03-29,여자,40 - 49세,부산광역시,국제온라인거래,점퍼·재킷류,계약불이행(불완전이행)
2023016803,2023-03-29,여자,30 - 39세,인천광역시,일반판매,애완견,품질(물품/용역)
2023016804,2023-03-29,남자,50 - 59세,대전광역시,소셜커머스(쇼핑),소파,AS불만
2023016805,2023-03-29,여자,40 - 49세,경기도,국내온라인거래,항공여객운송서비스,계약불이행(불완전이행)
2023016806,2023-03-29,남자,40 - 49세,경기도,국내온라인거래,항공여객운송서비스,청약철회
2023016808,2023-03-29,여자,불명,부산광역시,일반판매,스마트폰,AS불만
2023016809,2023-03-29,여자,60 - 64세,부산광역시,국내온라인거래,기타건강식품,품질(물품/용역)
2023016810,2023-03-29,남자,60 - 64세,서울특별시,전화권유판매,유사투자자문,계약불이행(불완전이행)
2023016811,2023-03-29,여자,50 - 59세,경기도,국내온라인거래,프라이팬,품질(물품/용역)
2023016812,2023-03-29,남자,20 - 29세,서울특별시,국내온라인거래,기타사무용품,청약철회
2023016813,2023-03-29,남자,30 - 39세,경기도,전화권유판매,기타주방설비,계약불이행(불완전이행)
2023016814,2023-03-29,여자,30 - 39세,경기도,일반판매,헬스장,계약불이행(불완전이행)
2023016815,2023-03-29,여자,30 - 39세,대구광역시,국내온라인거래,기타가방,계약불이행(불완전이행)
2023016816,2023-03-29,여자,30 - 39세,서울특별시,일반판매,헬스장,계약해제.해지/위약금
2023016817,2023-03-29,여자,70 - 79세,대구광역시,방문판매,공기청정기대여(렌트),계약해제.해지/위약금
2023016818,2023-03-29,여자,50 - 59세,울산광역시,일반판매,필라테스,계약해제.해지/위약금
2023016819,2023-03-29,여자,50 - 59세,울산광역시,일반판매,필라테스,계약해제.해지/위약금
2023016820,2023-03-29,남자,30 - 39세,인천광역시,방문판매,헬스장,계약해제.해지/위약금
2023016821,2023-03-29,여자,40 - 49세,부산광역시,국내온라인거래,복합기,청약철회
2023016822,2023-03-29,남자,40 - 49세,서울특별시,방문판매,필라테스,계약해제.해지/위약금
2023016823,2023-03-29,여자,20 - 29세,인천광역시,방문판매,오피스텔,청약철회
2023016824,2023-03-29,여자,40 - 49세,서울특별시,국내온라인거래,항공여객운송서비스,계약해제.해지/위약금
2023016825,2023-03-29,여자,40 - 49세,부산광역시,소셜커머스(쇼핑),유산균함유제품,청약철회
2023016826,2023-03-29,여자,40 - 49세,서울특별시,일반판매,블라우스,계약해제.해지/위약금
2023016827,2023-03-29,남자,30 - 39세,서울특별시,일반판매,헬스장,계약해제.해지/위약금
2023016828,2023-03-29,남자,30 - 39세,서울특별시,일반판매,헬스장,계약해제.해지/위약금
2023016829,2023-03-29,남자,20 - 29세,서울특별시,방문판매,헬스장,계약해제.해지/위약금
2023016830,2023-03-29,여자,40 - 49세,경기도,기타,건물청소서비스,계약해제.해지/위약금
2023016831,2023-03-29,여자,20 - 29세,경기도,국내온라인거래,숙녀복하의,청약철회
2023016832,2023-03-29,여자,60 - 64세,충청북도,일반판매,도어록,계약불이행(불완전이행)
2023016833,2023-03-29,남자,40 - 49세,경상북도,국내온라인거래,기타사설강습서비스,계약불이행(불완전이행)
2023016834,2023-03-29,여자,70 - 79세,경기도,일반판매,숙녀복상의,부당행위
2023016835,2023-03-29,여자,20 - 29세,부산광역시,전화권유판매,방송광고,청약철회
2023016836,2023-03-29,여자,30 - 39세,서울특별시,기타,운명감정서비스,계약해제.해지/위약금
2023016837,2023-03-29,여자,40 - 49세,서울특별시,기타,헬스장,계약해제.해지/위약금
2023016838,2023-03-29,남자,30 - 39세,서울특별시,일반판매,예식서비스,청약철회
2023016839,2023-03-29,여자,30 - 39세,경기도,일반판매,식사배달,부당행위
2023016840,2023-03-29,여자,30 - 39세,대구광역시,모바일거래,기타정보이용서비스,계약해제.해지/위약금
2023016841,2023-03-29,남자,30 - 39세,경기도,일반판매,건물청소서비스,계약불이행(불완전이행)
2023016844,2023-03-29,여자,20 - 29세,경기도,국내온라인거래,원피스,청약철회
2023016845,2023-03-29,여자,30 - 39세,경기도,방문판매,인터넷교육서비스,계약해제.해지/위약금
2023016846,2023-03-29,남자,40 - 49세,서울특별시,일반판매,건물청소서비스,부당행위
2023016847,2023-03-29,여자,40 - 49세,경기도,기타,운명감정서비스,계약해제.해지/위약금
2023016848,2023-03-29,여자,40 - 49세,강원특별자치도,일반판매,식기세척기,품질(물품/용역)
2023016849,2023-03-29,여자,20 - 29세,경기도,국내온라인거래,기타이·미용기구,안전(제품/시설)
2023016850,2023-03-29,여자,30 - 39세,세종특별자치시,방문판매,학습지,청약철회
2023016851,2023-03-29,여자,40 - 49세,경기도,TV홈쇼핑,기타민영보험,부당행위
2023016852,2023-03-29,여자,20 - 29세,서울특별시,일반판매,미용서비스,품질(물품/용역)
2023016853,2023-03-29,남자,30 - 39세,부산광역시,일반판매,헬스장,계약해제.해지/위약금
2023016854,2023-03-29,남자,30 - 39세,경기도,국내온라인거래,소프트웨어,품질(물품/용역)
2023016855,2023-03-29,남자,30 - 39세,경기도,일반판매,사진촬영,부당행위
2023016856,2023-03-29,여자,20 - 29세,서울특별시,일반판매,필라테스,계약해제.해지/위약금
2023016857,2023-03-29,남자,50 - 59세,경기도,기타,전자게임기구,AS불만
2023016858,2023-03-29,남자,30 - 39세,경상북도,국내온라인거래,노트북컴퓨터,청약철회
2023016859,2023-03-29,여자,30 - 39세,서울특별시,기타,운명감정서비스,계약해제.해지/위약금
2023016860,2023-03-29,여자,30 - 39세,전라북도,일반판매,예식서비스,계약해제.해지/위약금
2023016861,2023-03-29,남자,50 - 59세,경기도,국내온라인거래,응접테이블,안전(제품/시설)
2023016862,2023-03-29,여자,30 - 39세,부산광역시,국내온라인거래,코트,청약철회
2023016863,2023-03-29,여자,20 - 29세,경기도,국내온라인거래,전기의류건조기,표시.광고
2023016864,2023-03-29,여자,40 - 49세,대구광역시,국내온라인거래,캐주얼바지,청약철회
2023016865,2023-03-29,여자,40 - 49세,서울특별시,국내온라인거래,소파,품질(물품/용역)
2023016866,2023-03-29,여자,30 - 39세,인천광역시,국내온라인거래,항공여객운송서비스,계약해제.해지/위약금
2023016867,2023-03-29,여자,30 - 39세,울산광역시,국내온라인거래,아동복,계약해제.해지/위약금
2023016868,2023-03-29,여자,30 - 39세,전라북도,일반판매,학습지,계약해제.해지/위약금
2023016869,2023-03-29,여자,30 - 39세,서울특별시,국내온라인거래,코트,청약철회
2023016870,2023-03-29,여자,30 - 39세,제주도,일반판매,정수기대여(렌트),품질(물품/용역)
2023016871,2023-03-29,여자,20 - 29세,서울특별시,일반판매,헬스장,계약해제.해지/위약금
2023016872,2023-03-29,남자,50 - 59세,경상남도,국내온라인거래,TV대,청약철회
2023016873,2023-03-29,여자,30 - 39세,울산광역시,국내온라인거래,화장품세트,청약철회
2023016874,2023-03-29,여자,40 - 49세,울산광역시,방문판매,필라테스,계약해제.해지/위약금
2023016875,2023-03-29,남자,40 - 49세,경기도,국내온라인거래,기타숙박시설,청약철회
2023016876,2023-03-29,여자,40 - 49세,서울특별시,기타,점퍼·재킷류,청약철회
2023016877,2023-03-29,여자,30 - 39세,경기도,기타,운명감정서비스,계약해제.해지/위약금
2023016878,2023-03-29,남자,50 - 59세,경기도,기타,아파트,AS불만
2023016879,2023-03-29,남자,20 - 29세,인천광역시,일반판매,운전강습,계약해제.해지/위약금
2023016880,2023-03-29,남자,40 - 49세,대구광역시,국내온라인거래,기타서적음반류,표시.광고
2023016881,2023-03-29,남자,40 - 49세,대구광역시,국내온라인거래,컴퓨터모니터(데스크탑),청약철회
2023016882,2023-03-29,여자,30 - 39세,경기도,국내온라인거래,카페트청소기,계약해제.해지/위약금
2023016884,2023-03-29,여자,20 - 29세,전라북도,일반판매,고시원이용,계약해제.해지/위약금
2023016885,2023-03-29,여자,30 - 39세,서울특별시,일반판매,헬스장,계약불이행(불완전이행)
2023016886,2023-03-29,여자,30 - 39세,부산광역시,소셜커머스(쇼핑),티셔츠,품질(물품/용역)
2023016887,2023-03-29,남자,20 - 29세,서울특별시,국내온라인거래,의자,거래관행
2023016888,2023-03-29,여자,30 - 39세,경기도,전화권유판매,국내결혼중개,계약해제.해지/위약금
2023016889,2023-03-29,남자,40 - 49세,인천광역시,TV홈쇼핑,기타일반화장품,품질(물품/용역)
2023016890,2023-03-29,남자,60 - 64세,경상북도,기타,냉장고,계약불이행(불완전이행)
2023016891,2023-03-29,여자,30 - 39세,서울특별시,기타,예식서비스,계약해제.해지/위약금
2023016892,2023-03-29,여자,30 - 39세,서울특별시,일반판매,예식서비스,품질(물품/용역)
2023016893,2023-03-29,남자,40 - 49세,대전광역시,소셜커머스(쇼핑),기타책상·테이블류,AS불만
2023016894,2023-03-29,여자,20 - 29세,인천광역시,국내온라인거래,결혼준비대행서비스,계약해제.해지/위약금
2023016895,2023-03-29,여자,10 - 19세,경기도,일반판매,독서실이용,계약해제.해지/위약금
2023016896,2023-03-29,여자,50 - 59세,광주광역시,방문판매,여성용내의류,청약철회
2023016897,2023-03-29,여자,30 - 39세,경상북도,일반판매,필라테스,계약해제.해지/위약금
2023016898,2023-03-29,남자,30 - 39세,경기도,국제온라인거래,운동화,청약철회
2023016899,2023-03-29,여자,20 - 29세,부산광역시,국내온라인거래,운동화,계약불이행(불완전이행)
2023016900,2023-03-29,여자,65 - 69세,서울특별시,TV홈쇼핑,국외여행,계약해제.해지/위약금
2023016901,2023-03-29,남자,30 - 39세,전라남도,국내온라인거래,믹서기,품질(물품/용역)
2023016902,2023-03-29,여자,50 - 59세,경기도,일반판매,포장이사운송서비스,품질(물품/용역)
2023016903,2023-03-29,남자,30 - 39세,경기도,국내온라인거래,기타알선·중개·번역서비스,계약해제.해지/위약금
2023016905,2023-03-29,남자,20 - 29세,경기도,국내온라인거래,스마트폰,AS불만
2023016906,2023-03-29,여자,30 - 39세,경기도,국내온라인거래,펜션,품질(물품/용역)
2023016907,2023-03-29,여자,50 - 59세,경기도,방문판매,필라테스,계약해제.해지/위약금
2023016908,2023-03-29,남자,30 - 39세,부산광역시,일반판매,미용서비스,계약해제.해지/위약금
2023016909,2023-03-29,남자,50 - 59세,강원특별자치도,기타,기타옥외장비·설비,계약해제.해지/위약금
2023017001,2023-03-30,여자,40 - 49세,강원특별자치도,국내온라인거래,양복(서양식 의복)세탁,품질(물품/용역)
2023017002,2023-03-30,남자,40 - 49세,대구광역시,일반판매,중형승용자동차,품질(물품/용역)
2023017003,2023-03-30,여자,20 - 29세,경기도,일반판매,일반강습(입시학원등),계약해제.해지/위약금
2023017004,2023-03-30,남자,20 - 29세,경기도,국내온라인거래,기타자동차부품,품질(물품/용역)
2023017005,2023-03-30,여자,40 - 49세,서울특별시,모바일거래,기타숙박시설,표시.광고
2023017006,2023-03-30,남자,30 - 39세,서울특별시,국내온라인거래,침대,품질(물품/용역)
2023017008,2023-03-30,여자,20 - 29세,인천광역시,일반판매,카셰어링,품질(물품/용역)
2023017009,2023-03-30,여자,60 - 64세,부산광역시,일반판매,변액보험,계약해제.해지/위약금
2023017010,2023-03-30,남자,20 - 29세,서울특별시,일반판매,자동차대여(렌트),부당행위
2023017011,2023-03-30,여자,40 - 49세,서울특별시,국내온라인거래,무선인터넷,부당행위
2023017012,2023-03-30,남자,50 - 59세,서울특별시,일반판매,정수기대여(렌트),계약해제.해지/위약금
2023017013,2023-03-30,남자,30 - 39세,서울특별시,국내온라인거래,침대,품질(물품/용역)
2023017014,2023-03-30,여자,20 - 29세,서울특별시,일반판매,헬스장,계약해제.해지/위약금
2023017015,2023-03-30,여자,20 - 29세,충청북도,일반판매,헬스장,계약해제.해지/위약금
2023017016,2023-03-30,남자,70 - 79세,경기도,전화권유판매,유사투자자문,청약철회
2023017017,2023-03-30,여자,40 - 49세,부산광역시,일반판매,필라테스,계약해제.해지/위약금
2023017018,2023-03-30,여자,30 - 39세,충청북도,방문판매,학습지,계약해제.해지/위약금
2023017019,2023-03-30,여자,40 - 49세,서울특별시,국내온라인거래,양복(서양식 의복)세탁,품질(물품/용역)
2023017020,2023-03-30,여자,60 - 64세,부산광역시,국내온라인거래,점퍼·재킷류,계약불이행(불완전이행)
2023017021,2023-03-30,남자,50 - 59세,충청남도,국내온라인거래,침대,품질(물품/용역)
2023017022,2023-03-30,남자,30 - 39세,서울특별시,일반판매,양복(서양식 의복)세탁,AS불만
2023017023,2023-03-30,남자,40 - 49세,강원특별자치도,국내온라인거래,양복(서양식 의복)세탁,품질(물품/용역)
2023017024,2023-03-30,여자,30 - 39세,경기도,국내온라인거래,버터,계약불이행(불완전이행)
2023017025,2023-03-30,남자,40 - 49세,서울특별시,기타통신판매,다이어트식품,품질(물품/용역)
2023017026,2023-03-30,여자,30 - 39세,경기도,기타,피부·체형관리서비스,계약해제.해지/위약금
2023017027,2023-03-30,남자,40 - 49세,충청남도,일반판매,노트북컴퓨터,AS불만
2023017028,2023-03-30,남자,50 - 59세,경기도,일반판매,캐주얼바지,품질(물품/용역)
2023017029,2023-03-30,남자,30 - 39세,경기도,일반판매,레저시설이용,안전(제품/시설)
2023017030,2023-03-30,여자,20 - 29세,광주광역시,일반판매,헬스장,계약해제.해지/위약금
2023017031,2023-03-30,남자,65 - 69세,광주광역시,국내온라인거래,보조배터리,품질(물품/용역)
2023017032,2023-03-30,여자,20 - 29세,대전광역시,일반판매,헬스장,계약해제.해지/위약금
2023017033,2023-03-30,남자,70 - 79세,대전광역시,전화권유판매,차량용블랙박스,청약철회
2023017034,2023-03-30,여자,50 - 59세,인천광역시,TV홈쇼핑,미분류대여(렌트),계약해제.해지/위약금
2023017035,2023-03-30,여자,50 - 59세,경상남도,일반판매,기타의료용구,청약철회
2023017036,2023-03-30,여자,40 - 49세,전라남도,전화권유판매,유사투자자문,계약해제.해지/위약금
2023017037,2023-03-30,여자,20 - 29세,경기도,국내온라인거래,캐주얼바지,계약해제.해지/위약금
2023017038,2023-03-30,여자,40 - 49세,인천광역시,일반판매,인터넷교육서비스,계약해제.해지/위약금
2023017039,2023-03-30,남자,30 - 39세,경기도,기타통신판매,유사투자자문,계약해제.해지/위약금
2023017040,2023-03-30,남자,65 - 69세,울산광역시,국내온라인거래,자동차수리·점검,계약불이행(불완전이행)
2023017041,2023-03-30,여자,70 - 79세,전라남도,전화권유판매,유사투자자문,계약해제.해지/위약금
2023017042,2023-03-30,여자,40 - 49세,서울특별시,전화권유판매,유사투자자문,계약해제.해지/위약금
2023017043,2023-03-30,여자,50 - 59세,충청남도,일반판매,건강(암·기타질병)보험,약관
2023017044,2023-03-30,여자,50 - 59세,울산광역시,일반판매,필라테스,계약해제.해지/위약금
2023017045,2023-03-30,남자,20 - 29세,경기도,일반판매,인터넷교육서비스,계약해제.해지/위약금
2023017046,2023-03-30,여자,30 - 39세,전라남도,소셜커머스(쇼핑),냄비,품질(물품/용역)
2023017047,2023-03-30,여자,40 - 49세,경기도,국내온라인거래,티셔츠,계약해제.해지/위약금
2023017048,2023-03-30,여자,30 - 39세,서울특별시,모바일거래,기타부엌소모품,청약철회
2023017049,2023-03-30,남자,20 - 29세,인천광역시,방문판매,헬스장,계약해제.해지/위약금
2023017050,2023-03-30,여자,20 - 29세,서울특별시,일반판매,헬스장,계약해제.해지/위약금
2023017051,2023-03-30,남자,60 - 64세,대구광역시,일반판매,대형승용자동차,품질(물품/용역)
2023017052,2023-03-30,남자,40 - 49세,서울특별시,일반판매,예식서비스,계약해제.해지/위약금
2023017054,2023-03-30,여자,40 - 49세,서울특별시,일반판매,피부과,품질(물품/용역)
2023017055,2023-03-30,남자,20 - 29세,경기도,일반판매,외국어강습,계약해제.해지/위약금
2023017056,2023-03-30,여자,40 - 49세,전라남도,국내온라인거래,항공여객운송서비스,계약해제.해지/위약금
2023017057,2023-03-30,남자,50 - 59세,경기도,전화권유판매,인터넷정보이용서비스,계약해제.해지/위약금
2023017058,2023-03-30,남자,60 - 64세,전라남도,일반판매,실손보험,계약불이행(불완전이행)
2023017059,2023-03-30,여자,30 - 39세,서울특별시,일반판매,필라테스,계약불이행(불완전이행)
2023017060,2023-03-30,여자,60 - 64세,경상남도,기타통신판매,점퍼·재킷류,계약불이행(불완전이행)
2023017063,2023-03-30,남자,20 - 29세,전라북도,국내온라인거래,블라인드,청약철회
2023017064,2023-03-30,여자,60 - 64세,대전광역시,일반판매,이불·요,계약해제.해지/위약금
2023017065,2023-03-30,여자,20 - 29세,경기도,일반판매,종합체육시설회원권,계약해제.해지/위약금
2023017066,2023-03-30,여자,40 - 49세,세종특별자치시,방문판매,건강(암·기타질병)보험,계약불이행(불완전이행)
2023017067,2023-03-30,여자,40 - 49세,경기도,국내온라인거래,여성용내의류,품질(물품/용역)
2023017068,2023-03-30,여자,40 - 49세,인천광역시,일반판매,양복(서양식 의복)세탁,품질(물품/용역)
2023017069,2023-03-30,남자,40 - 49세,경기도,전화권유판매,기타매체광고,계약해제.해지/위약금
2023017070,2023-03-30,여자,40 - 49세,경기도,일반판매,애완동물기타,계약불이행(불완전이행)
2023017071,2023-03-30,남자,40 - 49세,경기도,국내온라인거래,택배화물운송서비스,품질(물품/용역)
2023017072,2023-03-30,남자,20 - 29세,서울특별시,기타,이동전화서비스,가격.요금
2023017073,2023-03-30,여자,30 - 39세,서울특별시,일반판매,필라테스,계약해제.해지/위약금
2023017074,2023-03-30,남자,60 - 64세,서울특별시,일반판매,연금보험,약관
2023017075,2023-03-30,여자,40 - 49세,경기도,일반판매,지갑,품질(물품/용역)
2023017076,2023-03-30,여자,20 - 29세,경기도,일반판매,필라테스,계약해제.해지/위약금
2023017077,2023-03-30,여자,60 - 64세,경상남도,일반판매,기타가방,품질(물품/용역)
2023017079,2023-03-30,여자,50 - 59세,경기도,소셜커머스(쇼핑),쇠고기포장육,품질(물품/용역)
2023017080,2023-03-30,여자,50 - 59세,서울특별시,일반판매,점퍼·재킷류,품질(물품/용역)
2023017081,2023-03-30,여자,50 - 59세,경기도,TV홈쇼핑,음식물처리기대여(렌트),계약불이행(불완전이행)
2023017082,2023-03-30,여자,20 - 29세,광주광역시,국내온라인거래,점퍼·재킷류,계약불이행(불완전이행)
2023017083,2023-03-30,여자,40 - 49세,인천광역시,기타통신판매,모바일정보이용서비스,청약철회
2023017084,2023-03-30,여자,30 - 39세,전라남도,국내온라인거래,숙녀화(구두·부츠 등),계약불이행(불완전이행)
2023017085,2023-03-30,여자,30 - 39세,서울특별시,일반판매,점퍼·재킷류,품질(물품/용역)
2023017086,2023-03-30,여자,30 - 39세,부산광역시,일반판매,필라테스,계약해제.해지/위약금
2023017087,2023-03-30,여자,30 - 39세,서울특별시,일반판매,코트,품질(물품/용역)
2023017088,2023-03-30,여자,30 - 39세,경기도,일반판매,양복(서양식 의복)세탁,품질(물품/용역)
2023017089,2023-03-30,남자,40 - 49세,대전광역시,일반판매,대형승용자동차,품질(물품/용역)
2023017091,2023-03-30,여자,50 - 59세,서울특별시,일반판매,한의원,단순문의.상담
2023017092,2023-03-30,여자,50 - 59세,대구광역시,일반판매,피부과,계약해제.해지/위약금
2023017094,2023-03-30,남자,30 - 39세,충청남도,일반판매,운동화,계약불이행(불완전이행)
2023017095,2023-03-30,남자,65 - 69세,서울특별시,일반판매,피부과,계약불이행(불완전이행)
2023017096,2023-03-30,여자,50 - 59세,인천광역시,일반판매,피부과,계약해제.해지/위약금
2023017097,2023-03-30,남자,50 - 59세,경기도,일반판매,성형외과,계약해제.해지/위약금
2023017098,2023-03-30,남자,50 - 59세,경기도,기타,정수기대여(렌트),계약해제.해지/위약금
2023017099,2023-03-30,여자,50 - 59세,울산광역시,일반판매,필라테스,계약해제.해지/위약금
2023017100,2023-03-30,여자,30 - 39세,서울특별시,일반판매,피부과,계약해제.해지/위약금
2023017101,2023-03-30,여자,40 - 49세,서울특별시,기타,운명감정서비스,계약해제.해지/위약금
2023017102,2023-03-30,여자,20 - 29세,경기도,일반판매,인터넷교육서비스,이자.수수료
2023017103,2023-03-30,남자,70 - 79세,대전광역시,모바일거래,유사투자자문,계약해제.해지/위약금
2023017104,2023-03-30,남자,20 - 29세,인천광역시,일반판매,피부과,품질(물품/용역)
2023017106,2023-03-30,남자,불명,서울특별시,일반판매,헬스장,계약해제.해지/위약금
2023017107,2023-03-30,여자,40 - 49세,경상남도,기타,피부과,계약해제.해지/위약금
2023017108,2023-03-30,남자,30 - 39세,경기도,기타,한의원,품질(물품/용역)
2023017109,2023-03-30,여자,20 - 29세,서울특별시,일반판매,피부과,계약해제.해지/위약금
2023017110,2023-03-30,여자,30 - 39세,서울특별시,일반판매,피부과,계약해제.해지/위약금
2023017111,2023-03-30,여자,불명,경기도,모바일거래,화장지(휴지),계약불이행(불완전이행)
2023017112,2023-03-30,남자,40 - 49세,인천광역시,일반판매,치과,품질(물품/용역)
2023017113,2023-03-30,여자,30 - 39세,서울특별시,노상판매,공제보험,계약불이행(불완전이행)
2023017114,2023-03-30,남자,30 - 39세,경기도,소셜커머스(쇼핑),기타육류·육류가공식품,계약해제.해지/위약금
2023017116,2023-03-30,남자,50 - 59세,서울특별시,전화권유판매,유사투자자문,계약해제.해지/위약금
2023017117,2023-03-30,남자,30 - 39세,울산광역시,모바일거래,모바일게임서비스,부당행위
2023017118,2023-03-30,남자,60 - 64세,대구광역시,방문판매,상조서비스,계약해제.해지/위약금
2023017119,2023-03-30,남자,불명,충청남도,일반판매,공중목욕탕,계약불이행(불완전이행)
2023017201,2023-03-30,여자,40 - 49세,울산광역시,일반판매,필라테스,계약해제.해지/위약금
2023017203,2023-03-30,여자,30 - 39세,서울특별시,국내온라인거래,초고속인터넷,계약불이행(불완전이행)
2023017204,2023-03-30,여자,30 - 39세,서울특별시,국내온라인거래,기타미분류서비스,계약해제.해지/위약금
2023017205,2023-03-30,여자,30 - 39세,경기도,기타,미분류대여(렌트),부당행위
2023017206,2023-03-30,남자,65 - 69세,부산광역시,국내온라인거래,기타가방,청약철회
2023017207,2023-03-30,여자,40 - 49세,대구광역시,모바일거래,펜션,계약해제.해지/위약금
2023017208,2023-03-30,여자,20 - 29세,경기도,국내온라인거래,필라테스,계약해제.해지/위약금
2023017209,2023-03-30,남자,50 - 59세,경기도,전화권유판매,인터넷정보이용서비스,계약불이행(불완전이행)
2023017210,2023-03-30,남자,40 - 49세,경기도,모바일거래,기타미분류서비스,부당행위
2023017211,2023-03-30,남자,40 - 49세,서울특별시,국내온라인거래,모형완구,계약불이행(불완전이행)
2023017212,2023-03-30,남자,20 - 29세,세종특별자치시,국내온라인거래,스마트폰,계약불이행(불완전이행)
2023017213,2023-03-30,남자,60 - 64세,부산광역시,일반판매,기타의료용구,품질(물품/용역)
2023017214,2023-03-30,남자,30 - 39세,서울특별시,국내온라인거래,기타의류·섬유,청약철회
2023017215,2023-03-30,남자,30 - 39세,경기도,방문판매,헬스장,계약해제.해지/위약금
2023017216,2023-03-30,남자,30 - 39세,전라북도,전화권유판매,레저·이벤트회원권,청약철회
2023017217,2023-03-30,여자,20 - 29세,경기도,기타,기타교육서비스,청약철회
2023017219,2023-03-30,여자,20 - 29세,서울특별시,전화권유판매,레저·이벤트회원권,계약해제.해지/위약금
2023017220,2023-03-30,여자,30 - 39세,전라남도,기타통신판매,인터넷정보이용서비스,계약해제.해지/위약금
2023017221,2023-03-30,여자,40 - 49세,경기도,기타,외국어강습,계약불이행(불완전이행)
2023017222,2023-03-30,여자,20 - 29세,서울특별시,모바일거래,건물청소서비스,계약불이행(불완전이행)
2023017223,2023-03-30,남자,30 - 39세,인천광역시,소셜커머스(쇼핑),인덕션레인지,계약불이행(불완전이행)
2023017224,2023-03-30,남자,40 - 49세,서울특별시,일반판매,필라테스,계약해제.해지/위약금
2023017225,2023-03-30,남자,30 - 39세,서울특별시,기타,결혼준비대행서비스,계약해제.해지/위약금
2023017226,2023-03-30,남자,50 - 59세,울산광역시,일반판매,아파트,품질(물품/용역)
2023017228,2023-03-30,여자,50 - 59세,인천광역시,국내온라인거래,소파,청약철회
2023017229,2023-03-30,여자,30 - 39세,강원특별자치도,국내온라인거래,서랍장,가격.요금
2023017230,2023-03-30,남자,30 - 39세,경기도,기타통신판매,미분류대여(렌트),표시.광고
2023017231,2023-03-30,남자,30 - 39세,서울특별시,기타통신판매,호텔,청약철회
2023017232,2023-03-30,남자,20 - 29세,서울특별시,국내온라인거래,기타식품류,청약철회
2023017233,2023-03-30,여자,60 - 64세,경상남도,국내온라인거래,소파,품질(물품/용역)
2023017234,2023-03-30,여자,30 - 39세,서울특별시,일반판매,피부·체형관리서비스,계약해제.해지/위약금
2023017235,2023-03-30,남자,20 - 29세,대구광역시,일반판매,애완동물이·미용서비스,계약해제.해지/위약금
2023017236,2023-03-30,여자,40 - 49세,울산광역시,일반판매,필라테스,계약해제.해지/위약금
2023017237,2023-03-30,남자,30 - 39세,서울특별시,국내온라인거래,노트북컴퓨터,AS불만
2023017238,2023-03-30,여자,40 - 49세,경기도,다단계판매,인터넷교육서비스,계약해제.해지/위약금
2023017239,2023-03-30,여자,40 - 49세,경기도,방문판매,각종자격취득강습,계약해제.해지/위약금
2023017240,2023-03-30,여자,30 - 39세,울산광역시,일반판매,소시지,품질(물품/용역)
2023017241,2023-03-30,여자,20 - 29세,전라남도,전화권유판매,인터넷정보이용서비스,청약철회
2023017242,2023-03-30,여자,40 - 49세,서울특별시,일반판매,미용서비스,계약해제.해지/위약금
2023017243,2023-03-30,여자,40 - 49세,인천광역시,국내온라인거래,국내여행,계약불이행(불완전이행)
2023017244,2023-03-30,남자,40 - 49세,경기도,국내온라인거래,시계,AS불만
2023017245,2023-03-30,여자,20 - 29세,서울특별시,전화권유판매,인터넷정보이용서비스,계약해제.해지/위약금
2023017246,2023-03-30,여자,20 - 29세,경기도,전화권유판매,사진촬영,계약해제.해지/위약금
2023017247,2023-03-30,여자,65 - 69세,전라남도,일반판매,기타인테리어설비,계약해제.해지/위약금
2023017248,2023-03-30,남자,60 - 64세,경기도,방문판매,헬스장,계약해제.해지/위약금
2023017249,2023-03-30,남자,20 - 29세,인천광역시,일반판매,헬스장,계약해제.해지/위약금
2023017250,2023-03-30,여자,30 - 39세,대구광역시,기타,헬스장,안전(제품/시설)
2023017251,2023-03-30,남자,40 - 49세,경기도,소셜커머스(쇼핑),전기진공청소기,품질(물품/용역)
2023017252,2023-03-30,남자,20 - 29세,서울특별시,방문판매,헬스장,계약해제.해지/위약금
2023017253,2023-03-30,남자,40 - 49세,서울특별시,일반판매,기타인테리어설비,AS불만
2023017254,2023-03-30,남자,50 - 59세,경상북도,모바일거래,블루투스스피커,청약철회
2023017255,2023-03-30,남자,20 - 29세,서울특별시,기타,종합체육시설회원권,계약해제.해지/위약금
2023017256,2023-03-30,남자,30 - 39세,서울특별시,일반판매,헬스장,계약해제.해지/위약금
2023017257,2023-03-30,여자,20 - 29세,경기도,일반판매,연수기대여(렌트),AS불만
2023017258,2023-03-30,여자,50 - 59세,울산광역시,일반판매,필라테스,계약해제.해지/위약금
2023017259,2023-03-30,여자,30 - 39세,부산광역시,일반판매,필라테스,계약불이행(불완전이행)
2023017260,2023-03-30,여자,50 - 59세,서울특별시,일반판매,중고전자제품매매업,청약철회
2023017261,2023-03-30,여자,65 - 69세,경기도,일반판매,필라테스,계약해제.해지/위약금
2023017262,2023-03-30,남자,40 - 49세,경상북도,국내온라인거래,전기진공청소기,청약철회
2023017263,2023-03-30,여자,50 - 59세,인천광역시,기타,기타인테리어설비,품질(물품/용역)
2023017264,2023-03-30,남자,20 - 29세,부산광역시,일반판매,골프회원권,계약해제.해지/위약금
2023017265,2023-03-30,여자,40 - 49세,경상남도,일반판매,미용서비스,계약해제.해지/위약금
2023017266,2023-03-30,여자,30 - 39세,경기도,기타통신판매,기타스포츠·레저기구·용품,부당행위
2023017267,2023-03-30,여자,20 - 29세,광주광역시,일반판매,헬스장,계약해제.해지/위약금
2023017268,2023-03-30,남자,40 - 49세,부산광역시,방문판매,국내결혼중개,계약불이행(불완전이행)
2023017269,2023-03-30,여자,20 - 29세,서울특별시,소셜커머스(쇼핑),모피·모피의류,품질(물품/용역)
2023017270,2023-03-30,여자,30 - 39세,부산광역시,국내온라인거래,캐주얼바지,부당행위
2023017271,2023-03-30,남자,50 - 59세,경기도,소셜커머스(쇼핑),텐트,품질(물품/용역)
2023017272,2023-03-30,여자,50 - 59세,대구광역시,일반판매,케이블TV,가격.요금
2023017273,2023-03-30,남자,40 - 49세,서울특별시,일반판매,미용서비스,계약해제.해지/위약금
2023017274,2023-03-30,여자,30 - 39세,서울특별시,국내온라인거래,아동용내의류,계약불이행(불완전이행)
2023017275,2023-03-30,남자,40 - 49세,서울특별시,소셜커머스(쇼핑),헤어드라이어,부당행위
2023017276,2023-03-30,남자,30 - 39세,서울특별시,국내온라인거래,헤드폰·이어폰,청약철회
2023017277,2023-03-30,남자,30 - 39세,대구광역시,기타,기타정보이용서비스,부당행위
2023017278,2023-03-30,여자,40 - 49세,제주도,일반판매,식탁,계약해제.해지/위약금
2023017279,2023-03-30,여자,30 - 39세,경기도,전화권유판매,인터넷정보이용서비스,계약해제.해지/위약금
2023017280,2023-03-30,여자,20 - 29세,서울특별시,일반판매,기타이·미용서비스,품질(물품/용역)
2023017282,2023-03-30,여자,30 - 39세,울산광역시,일반판매,필라테스,계약해제.해지/위약금
2023017283,2023-03-30,여자,50 - 59세,대구광역시,국내온라인거래,기타간편복,청약철회
2023017284,2023-03-30,남자,30 - 39세,경기도,기타,외식,품질(물품/용역)
2023017285,2023-03-30,남자,30 - 39세,충청남도,국내온라인거래,항공여객운송서비스,계약불이행(불완전이행)
2023017286,2023-03-30,여자,30 - 39세,충청남도,방문판매,헬스장,계약해제.해지/위약금
2023017287,2023-03-31,여자,40 - 49세,경기도,일반판매,소파,품질(물품/용역)
2023017288,2023-03-31,여자,20 - 29세,부산광역시,국내온라인거래,전기스탠드,계약해제.해지/위약금
2023017289,2023-03-31,여자,30 - 39세,경기도,국내온라인거래,신발세탁,계약불이행(불완전이행)
2023017290,2023-03-31,남자,30 - 39세,서울특별시,모바일거래,기타숙박시설,계약해제.해지/위약금
2023017291,2023-03-31,여자,(미입력),경기도,소셜커머스(쇼핑),게,계약불이행(불완전이행)
2023017292,2023-03-31,여자,40 - 49세,경상북도,국내온라인거래,운동화,품질(물품/용역)
2023017293,2023-03-31,여자,30 - 39세,경기도,국내온라인거래,숙녀화(구두·부츠 등),품질(물품/용역)
2023017294,2023-03-31,여자,50 - 59세,서울특별시,국내온라인거래,운동화,품질(물품/용역)
2023017295,2023-03-31,여자,50 - 59세,부산광역시,국내온라인거래,신발세탁,계약불이행(불완전이행)
2023017296,2023-03-31,여자,60 - 64세,경상남도,일반판매,신발세탁,계약불이행(불완전이행)
2023017297,2023-03-31,남자,40 - 49세,경기도,일반판매,운동화,품질(물품/용역)
2023017298,2023-03-31,남자,40 - 49세,서울특별시,국내온라인거래,운동화,품질(물품/용역)
2023017299,2023-03-31,남자,50 - 59세,경기도,일반판매,운동화,품질(물품/용역)
2023017300,2023-03-31,남자,60 - 64세,경기도,일반판매,운동화,품질(물품/용역)
2023017301,2023-03-31,여자,30 - 39세,서울특별시,국내온라인거래,여성용내의류,품질(물품/용역)
2023017302,2023-03-31,여자,40 - 49세,대구광역시,일반판매,상해보험,계약불이행(불완전이행)
2023017303,2023-03-31,여자,50 - 59세,경기도,국내온라인거래,항공여객운송서비스,계약불이행(불완전이행)
2023017304,2023-03-31,여자,50 - 59세,경기도,일반판매,숙녀화(구두·부츠 등),품질(물품/용역)
2023017305,2023-03-31,여자,40 - 49세,서울특별시,일반판매,중형승용자동차,품질(물품/용역)
2023017306,2023-03-31,남자,20 - 29세,대구광역시,일반판매,신발세탁,계약불이행(불완전이행)
2023017307,2023-03-31,여자,60 - 64세,부산광역시,일반판매,운동화,품질(물품/용역)
2023017308,2023-03-31,여자,40 - 49세,부산광역시,국내온라인거래,운동화,품질(물품/용역)
2023017309,2023-03-31,여자,30 - 39세,경기도,국내온라인거래,운동화,품질(물품/용역)
2023017310,2023-03-31,여자,40 - 49세,서울특별시,일반판매,신발세탁,계약불이행(불완전이행)
2023017311,2023-03-31,여자,30 - 39세,충청남도,국내온라인거래,운동화,품질(물품/용역)
2023017312,2023-03-31,남자,40 - 49세,경기도,국내온라인거래,운동화,품질(물품/용역)
2023017313,2023-03-31,남자,30 - 39세,대구광역시,국내온라인거래,항공여객운송서비스,계약해제.해지/위약금
2023017314,2023-03-31,남자,50 - 59세,강원특별자치도,국내온라인거래,운동화,품질(물품/용역)
2023017315,2023-03-31,남자,40 - 49세,경상남도,일반판매,보증보험,계약불이행(불완전이행)
2023017316,2023-03-31,여자,40 - 49세,세종특별자치시,일반판매,의자,계약해제.해지/위약금
2023017317,2023-03-31,남자,30 - 39세,광주광역시,국내온라인거래,음식물처리기대여(렌트),품질(물품/용역)
2023017319,2023-03-31,남자,20 - 29세,대전광역시,국내온라인거래,전기자전거,청약철회
2023017320,2023-03-31,남자,70 - 79세,경기도,국내온라인거래,기타가구,계약불이행(불완전이행)
2023017321,2023-03-31,여자,30 - 39세,경상북도,국내온라인거래,중고자동차중개·매매,부당행위
2023017322,2023-03-31,여자,40 - 49세,전라남도,기타통신판매,전기세탁기,품질(물품/용역)
2023017323,2023-03-31,여자,40 - 49세,충청남도,기타통신판매,중고자동차중개·매매,계약해제.해지/위약금
2023017324,2023-03-31,남자,50 - 59세,강원특별자치도,일반판매,타이어,부당행위
2023017325,2023-03-31,남자,40 - 49세,경기도,국내온라인거래,신유형상품권,계약불이행(불완전이행)
2023017326,2023-03-31,여자,30 - 39세,서울특별시,기타통신판매,원피스,품질(물품/용역)
2023017327,2023-03-31,여자,40 - 49세,경기도,국내온라인거래,기타일반화장품,표시.광고
2023017328,2023-03-31,여자,30 - 39세,서울특별시,일반판매,양복(서양식 의복)세탁,계약불이행(불완전이행)
2023017329,2023-03-31,여자,40 - 49세,경기도,일반판매,양복(서양식 의복)세탁,품질(물품/용역)
2023017330,2023-03-31,남자,60 - 64세,경기도,전화권유판매,유사투자자문,계약불이행(불완전이행)
2023017331,2023-03-31,여자,30 - 39세,부산광역시,일반판매,케이크,품질(물품/용역)
2023017332,2023-03-31,남자,40 - 49세,서울특별시,소셜커머스(쇼핑),노트북컴퓨터,계약해제.해지/위약금
2023017333,2023-03-31,여자,30 - 39세,서울특별시,국내온라인거래,신유형상품권,계약불이행(불완전이행)
2023017334,2023-03-31,여자,40 - 49세,경기도,일반판매,전자게임기구,품질(물품/용역)
2023017335,2023-03-31,남자,50 - 59세,서울특별시,일반판매,헬스장,계약해제.해지/위약금
2023017336,2023-03-31,여자,20 - 29세,부산광역시,기타,카메라,AS불만
2023017338,2023-03-31,여자,60 - 64세,인천광역시,기타,건강(암·기타질병)보험,부당행위
2023017339,2023-03-31,여자,40 - 49세,경기도,국내온라인거래,기타서적음반류,품질(물품/용역)
2023017340,2023-03-31,남자,30 - 39세,경기도,일반판매,자동차수리·점검,부당행위
2023017341,2023-03-31,여자,30 - 39세,서울특별시,기타,포장이사운송서비스,계약불이행(불완전이행)
2023017342,2023-03-31,여자,30 - 39세,서울특별시,일반판매,택시여객운송서비스,계약불이행(불완전이행)
2023017343,2023-03-31,여자,40 - 49세,울산광역시,일반판매,필라테스,계약해제.해지/위약금
2023017345,2023-03-31,남자,60 - 64세,전라남도,전화권유판매,모바일정보이용서비스,계약불이행(불완전이행)
2023017346,2023-03-31,남자,30 - 39세,충청북도,전화권유판매,유사투자자문,계약해제.해지/위약금
2023017347,2023-03-31,여자,30 - 39세,서울특별시,국내온라인거래,호텔,청약철회
2023017348,2023-03-31,여자,30 - 39세,경기도,국내온라인거래,CD·LD·DVD(영화·음악·게임),품질(물품/용역)
2023017349,2023-03-31,남자,30 - 39세,서울특별시,일반판매,헬스장,계약해제.해지/위약금
2023017350,2023-03-31,여자,40 - 49세,강원특별자치도,기타통신판매,공기청정기대여(렌트),계약해제.해지/위약금
2023017351,2023-03-31,여자,30 - 39세,경기도,일반판매,미용서비스,품질(물품/용역)
2023017352,2023-03-31,남자,40 - 49세,서울특별시,국내온라인거래,항공여객운송서비스,계약해제.해지/위약금
2023017353,2023-03-31,남자,40 - 49세,대구광역시,전화권유판매,유사투자자문,계약해제.해지/위약금
2023017354,2023-03-31,남자,40 - 49세,충청남도,국내온라인거래,항공여객운송서비스,계약불이행(불완전이행)
2023017355,2023-03-31,남자,30 - 39세,경기도,일반판매,자동차대여(렌트),약관
2023017356,2023-03-31,남자,40 - 49세,서울특별시,일반판매,기타법률서비스,계약해제.해지/위약금
2023017357,2023-03-31,남자,60 - 64세,서울특별시,일반판매,변호서비스,계약해제.해지/위약금
2023017358,2023-03-31,남자,40 - 49세,경상남도,국내온라인거래,냉장고,계약불이행(불완전이행)
2023017359,2023-03-31,여자,60 - 64세,경기도,기타,베개,표시.광고
2023017360,2023-03-31,남자,40 - 49세,경상남도,일반판매,중고자동차중개·매매,AS불만
2023017361,2023-03-31,여자,20 - 29세,경기도,일반판매,헬스장,계약해제.해지/위약금
2023017362,2023-03-31,남자,20 - 29세,대구광역시,국내온라인거래,펜션,계약불이행(불완전이행)
2023017364,2023-03-31,여자,60 - 64세,부산광역시,일반판매,점퍼·재킷류,품질(물품/용역)
2023017365,2023-03-31,여자,40 - 49세,서울특별시,일반판매,피부·체형관리서비스,품질(물품/용역)
2023017366,2023-03-31,여자,30 - 39세,충청남도,모바일거래,포장이사운송서비스,계약불이행(불완전이행)
2023017367,2023-03-31,남자,80세이상,경기도,일반판매,상품권,표시.광고
2023017368,2023-03-31,남자,40 - 49세,경상북도,국내온라인거래,전기진공청소기,안전(제품/시설)
2023017369,2023-03-31,남자,50 - 59세,서울특별시,전화권유판매,유사투자자문,계약해제.해지/위약금
2023017370,2023-03-31,여자,60 - 64세,부산광역시,일반판매,양복(서양식 의복)세탁,품질(물품/용역)
2023017371,2023-03-31,남자,60 - 64세,서울특별시,TV홈쇼핑,미분류대여(렌트),계약해제.해지/위약금
2023017372,2023-03-31,여자,20 - 29세,서울특별시,일반판매,요가,계약해제.해지/위약금
2023017373,2023-03-31,남자,70 - 79세,강원특별자치도,일반판매,보청기,품질(물품/용역)
2023017374,2023-03-31,여자,40 - 49세,경기도,일반판매,성형외과,계약해제.해지/위약금
2023017375,2023-03-31,여자,20 - 29세,서울특별시,일반판매,포장이사운송서비스,계약불이행(불완전이행)
2023017376,2023-03-31,남자,10 - 19세,서울특별시,일반판매,수영장회원권,계약불이행(불완전이행)
2023017378,2023-03-31,남자,60 - 64세,서울특별시,일반판매,이동전화서비스,가격.요금
2023017379,2023-03-31,남자,30 - 39세,서울특별시,국내온라인거래,운동화,청약철회
2023017380,2023-03-31,남자,30 - 39세,경기도,일반판매,양복(서양식 의복)세탁,품질(물품/용역)
2023017381,2023-03-31,여자,65 - 69세,서울특별시,기타,기타목욕서비스,약관
2023017382,2023-03-31,여자,40 - 49세,서울특별시,국내온라인거래,책상,거래관행
2023017383,2023-03-31,여자,40 - 49세,울산광역시,국내온라인거래,정수기대여(렌트),품질(물품/용역)
2023017384,2023-03-31,여자,20 - 29세,충청남도,국내온라인거래,기타서적음반류,품질(물품/용역)
2023017386,2023-03-31,남자,50 - 59세,인천광역시,일반판매,신사화(구두·부츠 등),품질(물품/용역)
2023017387,2023-03-31,남자,30 - 39세,대구광역시,TV홈쇼핑,상조서비스,계약불이행(불완전이행)
2023017388,2023-03-31,여자,50 - 59세,서울특별시,일반판매,스포츠시설이용,계약해제.해지/위약금
2023017389,2023-03-31,여자,30 - 39세,경기도,일반판매,"연회서비스(돌잔치,회갑 등)",계약해제.해지/위약금
2023017390,2023-03-31,남자,50 - 59세,울산광역시,국내온라인거래,기타숙박시설,표시.광고
2023017391,2023-03-31,여자,60 - 64세,전라남도,일반판매,포장이사운송서비스,거래관행
2023017392,2023-03-31,여자,30 - 39세,경기도,일반판매,결혼준비대행서비스,계약해제.해지/위약금
2023017393,2023-03-31,여자,40 - 49세,경상북도,일반판매,신발세탁,계약불이행(불완전이행)
2023017394,2023-03-31,여자,40 - 49세,대전광역시,일반판매,지갑,계약불이행(불완전이행)
2023017395,2023-03-31,여자,30 - 39세,경기도,모바일거래,신유형상품권,거래관행
2023017396,2023-03-31,여자,30 - 39세,서울특별시,기타,운명감정서비스,계약해제.해지/위약금
2023017397,2023-03-31,여자,65 - 69세,경상남도,일반판매,국외여행,계약불이행(불완전이행)
2023017398,2023-03-31,여자,60 - 64세,대구광역시,일반판매,제조물·생산및영업배상보험,약관
2023017399,2023-03-31,여자,60 - 64세,경기도,일반판매,실손보험,약관
2023017400,2023-03-31,여자,40 - 49세,경기도,국내온라인거래,기타모피·가죽의류,품질(물품/용역)
2023017401,2023-03-31,여자,30 - 39세,경기도,모바일거래,기타가사서비스,계약불이행(불완전이행)
2023017402,2023-03-31,남자,40 - 49세,인천광역시,국내온라인거래,전기장판,품질(물품/용역)
2023017403,2023-03-31,여자,60 - 64세,전라남도,일반판매,건강(암·기타질병)보험,약관
2023017404,2023-03-31,남자,40 - 49세,서울특별시,일반판매,헬스장,계약해제.해지/위약금
2023017405,2023-03-31,여자,40 - 49세,인천광역시,일반판매,생활패션화(슬립온·아쿠아슈즈·장화·작업화 등),품질(물품/용역)
2023017406,2023-03-31,여자,30 - 39세,부산광역시,일반판매,필라테스,계약해제.해지/위약금
2023017407,2023-03-31,여자,60 - 64세,부산광역시,전화권유판매,유사투자자문,계약해제.해지/위약금
2023017408,2023-03-31,남자,65 - 69세,경기도,일반판매,기타인테리어설비,AS불만
2023017409,2023-03-31,여자,20 - 29세,서울특별시,국내온라인거래,기타문화용품,청약철회
2023017410,2023-03-31,여자,50 - 59세,인천광역시,일반판매,TV,품질(물품/용역)
2023017411,2023-03-31,남자,50 - 59세,경기도,일반판매,화장실설비,품질(물품/용역)
2023017412,2023-03-31,남자,20 - 29세,전라북도,기타통신판매,중고자동차중개·매매,계약불이행(불완전이행)
2023017413,2023-03-31,남자,30 - 39세,경기도,국내온라인거래,항공여객운송서비스,계약해제.해지/위약금
2023017414,2023-03-31,여자,50 - 59세,부산광역시,일반판매,필라테스,계약해제.해지/위약금
2023017415,2023-03-31,여자,30 - 39세,전라북도,일반판매,미용서비스,품질(물품/용역)
2023017416,2023-03-31,여자,20 - 29세,대구광역시,일반판매,양복(서양식 의복)세탁,품질(물품/용역)
2023017417,2023-03-31,여자,30 - 39세,서울특별시,국내온라인거래,기타일반화장품,계약불이행(불완전이행)
2023017418,2023-03-31,여자,40 - 49세,경기도,일반판매,점퍼·재킷류,품질(물품/용역)
2023017419,2023-03-31,남자,50 - 59세,대전광역시,일반판매,종합체육시설회원권,계약해제.해지/위약금
2023017420,2023-03-31,여자,20 - 29세,경기도,일반판매,피부과,계약해제.해지/위약금
2023017421,2023-03-31,여자,20 - 29세,경기도,일반판매,각종자격취득강습,계약해제.해지/위약금
2023017422,2023-03-31,여자,40 - 49세,경상북도,일반판매,건강(암·기타질병)보험,계약불이행(불완전이행)
2023017423,2023-03-31,여자,60 - 64세,경기도,일반판매,공중목욕탕,계약해제.해지/위약금
2023017501,2023-03-31,여자,30 - 39세,서울특별시,국내온라인거래,신용카드,약관
2023017502,2023-03-31,남자,30 - 39세,제주도,기타,기타의류·섬유,계약해제.해지/위약금
2023017503,2023-03-31,남자,40 - 49세,세종특별자치시,모바일거래,항공여객운송서비스,청약철회
2023017504,2023-03-31,여자,30 - 39세,서울특별시,소셜커머스(쇼핑),기타건강식품,청약철회
2023017505,2023-03-31,남자,50 - 59세,서울특별시,일반판매,기타미분류서비스,가격.요금
2023017506,2023-03-31,남자,50 - 59세,강원특별자치도,국내온라인거래,정수기,품질(물품/용역)
2023017507,2023-03-31,여자,30 - 39세,충청북도,전화권유판매,기타매체광고,청약철회
2023017509,2023-03-31,여자,30 - 39세,충청북도,방문판매,기타방문·통신교육서비스,계약해제.해지/위약금
2023017510,2023-03-31,여자,30 - 39세,서울특별시,일반판매,피부·체형관리서비스,계약해제.해지/위약금
2023017511,2023-03-31,여자,30 - 39세,인천광역시,일반판매,필라테스,계약해제.해지/위약금
2023017512,2023-03-31,여자,30 - 39세,경상남도,방문판매,학습지,계약해제.해지/위약금
2023017513,2023-03-31,남자,30 - 39세,서울특별시,국내온라인거래,퍼스널컴퓨터,청약철회
2023017514,2023-03-31,남자,50 - 59세,서울특별시,모바일거래,이동전화서비스,약관
2023017515,2023-03-31,남자,30 - 39세,경기도,일반판매,신발세탁,계약불이행(불완전이행)
2023017516,2023-03-31,여자,65 - 69세,경기도,기타,항공여객운송서비스,계약불이행(불완전이행)
2023017517,2023-03-31,남자,10 - 19세,대전광역시,모바일거래,라텍스매트리스,AS불만
2023017518,2023-03-31,여자,60 - 64세,경상남도,일반판매,다이어트식품,품질(물품/용역)
2023017519,2023-03-31,남자,40 - 49세,경기도,국내온라인거래,기타채소·채소가공식품,계약불이행(불완전이행)
2023017520,2023-03-31,남자,30 - 39세,서울특별시,국내온라인거래,건물청소서비스,계약해제.해지/위약금
2023017521,2023-03-31,여자,30 - 39세,인천광역시,국내온라인거래,기타정보이용서비스,계약해제.해지/위약금
2023017522,2023-03-31,남자,40 - 49세,충청남도,방문판매,인터넷교육서비스,계약해제.해지/위약금
2023017524,2023-03-31,남자,30 - 39세,서울특별시,방문판매,스마트폰,품질(물품/용역)
2023017525,2023-03-31,여자,40 - 49세,인천광역시,기타,헬스장,계약해제.해지/위약금
2023017526,2023-03-31,여자,40 - 49세,경기도,국내온라인거래,숙녀복상의,청약철회
2023017527,2023-03-31,여자,40 - 49세,부산광역시,국내온라인거래,기타책상·테이블류,계약불이행(불완전이행)
2023017528,2023-03-31,여자,30 - 39세,서울특별시,국내온라인거래,매트,품질(물품/용역)
2023017529,2023-03-31,여자,30 - 39세,서울특별시,국내온라인거래,기타가방,청약철회
2023017530,2023-03-31,남자,40 - 49세,인천광역시,일반판매,기타가구,계약불이행(불완전이행)
2023017531,2023-03-31,남자,30 - 39세,경기도,국내온라인거래,시계,계약불이행(불완전이행)
2023017532,2023-03-31,여자,20 - 29세,경기도,일반판매,기타교육서비스,계약해제.해지/위약금
2023017533,2023-03-31,남자,30 - 39세,서울특별시,일반판매,헬스장,계약해제.해지/위약금
2023017534,2023-03-31,여자,30 - 39세,대전광역시,일반판매,필라테스,계약해제.해지/위약금
2023017535,2023-03-31,여자,50 - 59세,강원특별자치도,국내온라인거래,펜션,계약해제.해지/위약금
2023017537,2023-03-31,남자,30 - 39세,세종특별자치시,국내온라인거래,책상,AS불만
2023017538,2023-03-31,남자,30 - 39세,충청북도,모바일거래,건물청소서비스,계약불이행(불완전이행)
2023017539,2023-03-31,남자,30 - 39세,경상남도,기타,스마트폰,부당행위
2023017540,2023-03-31,여자,30 - 39세,서울특별시,일반판매,헬스장,청약철회
2023017541,2023-03-31,남자,40 - 49세,인천광역시,일반판매,노트북컴퓨터,AS불만
2023017542,2023-03-31,여자,40 - 49세,충청북도,국내온라인거래,커튼,청약철회
2023017543,2023-03-31,여자,40 - 49세,전라북도,일반판매,포장이사운송서비스,품질(물품/용역)
2023017544,2023-03-31,여자,40 - 49세,강원특별자치도,전화권유판매,할인회원권,계약해제.해지/위약금
2023017545,2023-03-31,여자,20 - 29세,경상북도,일반판매,고시원이용,계약해제.해지/위약금
2023017546,2023-03-31,남자,50 - 59세,광주광역시,일반판매,정수기,AS불만
2023017547,2023-03-31,남자,20 - 29세,광주광역시,방문판매,인터넷교육서비스,계약해제.해지/위약금
2023017548,2023-03-31,여자,20 - 29세,인천광역시,기타,운명감정서비스,계약해제.해지/위약금
2023017549,2023-03-31,남자,20 - 29세,인천광역시,일반판매,골프회원권,계약해제.해지/위약금
2023017550,2023-03-31,남자,20 - 29세,경기도,일반판매,컴퓨터S/W개발(홈페이지제작),부당행위
2023017551,2023-03-31,남자,30 - 39세,서울특별시,국제온라인거래,기타문화·오락시설이용,계약해제.해지/위약금
2023017816,2023-03-31,여자,30 - 39세,경기도,소셜커머스(쇼핑),항공여객운송서비스,계약해제.해지/위약금
