사건번호,접수일(년월일),성별,연령대,지역,판매유형,물품소분류,청구이유
2024017650,2024-04-01,여자,60 - 64세,전라남도,일반판매,실손보험,계약불이행(불완전이행)
2024017654,2024-04-01,남자,불명,경기도,국내온라인거래,항공여객운송서비스,계약불이행(불완전이행)
2024017658,2024-04-01,여자,30 - 39세,서울특별시,일반판매,숙녀화(구두·부츠 등),품질(물품/용역)
2024017719,2024-04-01,여자,20 - 29세,인천광역시,방문판매,기타매체광고,계약해제.해지/위약금
2024017735,2024-04-01,여자,30 - 39세,인천광역시,국내온라인거래,스팀다리미,부당행위
2024017778,2024-04-01,여자,20 - 29세,경기도,전화권유판매,인터넷교육서비스,계약해제.해지/위약금
2024017779,2024-04-01,남자,40 - 49세,광주광역시,방문판매,국제결혼중개,계약불이행(불완전이행)
2024017780,2024-04-01,남자,30 - 39세,대전광역시,일반판매,커튼,계약해제.해지/위약금
2024017781,2024-04-01,남자,20 - 29세,전라남도,국내온라인거래,기타의류·섬유,계약불이행(불완전이행)
2024017782,2024-04-01,남자,30 - 39세,서울특별시,일반판매,헬스장,계약해제.해지/위약금
2024017783,2024-04-01,여자,40 - 49세,부산광역시,국내온라인거래,레저시설이용,청약철회
2024017784,2024-04-01,남자,20 - 29세,경기도,일반판매,헬스장,계약해제.해지/위약금
2024017785,2024-04-01,여자,40 - 49세,서울특별시,국내온라인거래,기타미분류서비스,거래관행
2024017786,2024-04-01,남자,30 - 39세,서울특별시,국내온라인거래,전기충전기,품질(물품/용역)
2024017787,2024-04-01,여자,40 - 49세,서울특별시,기타,기타주택·건물,계약해제.해지/위약금
2024017788,2024-04-01,남자,40 - 49세,충청남도,국내온라인거래,항공여객운송서비스,청약철회
2024017789,2024-04-01,여자,30 - 39세,경기도,일반판매,항공여객운송서비스,단순문의.상담
2024017790,2024-04-01,여자,60 - 64세,충청북도,TV홈쇼핑,음식물처리기대여(렌트),품질(물품/용역)
2024017791,2024-04-01,남자,30 - 39세,경기도,국내온라인거래,기타문화·오락시설이용,계약불이행(불완전이행)
2024017792,2024-04-01,여자,30 - 39세,경기도,일반판매,결혼준비대행서비스,청약철회
2024017793,2024-04-01,남자,50 - 59세,경기도,국내온라인거래,기타신발·용품,청약철회
2024017794,2024-04-01,여자,20 - 29세,경기도,방문판매,인터넷교육서비스,계약해제.해지/위약금
2024017795,2024-04-01,여자,30 - 39세,인천광역시,일반판매,국외여행,품질(물품/용역)
2024017797,2024-04-01,여자,20 - 29세,경기도,방문판매,전산강습,계약해제.해지/위약금
2024017798,2024-04-01,여자,20 - 29세,부산광역시,국내온라인거래,캐주얼바지,청약철회
2024017799,2024-04-01,여자,20 - 29세,부산광역시,기타,사진촬영,이자.수수료
2024017800,2024-04-01,여자,30 - 39세,경기도,일반판매,종합체육시설회원권,계약해제.해지/위약금
2024017801,2024-04-01,남자,30 - 39세,경기도,일반판매,헬스장,계약해제.해지/위약금
2024017802,2024-04-01,여자,30 - 39세,경기도,방문판매,레저·이벤트회원권,거래관행
2024017803,2024-04-01,남자,20 - 29세,경기도,기타,헬스장,계약해제.해지/위약금
2024017804,2024-04-01,여자,40 - 49세,울산광역시,기타,기타미분류서비스,계약불이행(불완전이행)
2024017805,2024-04-01,남자,40 - 49세,충청남도,일반판매,침대,품질(물품/용역)
2024017806,2024-04-01,남자,30 - 39세,서울특별시,국내온라인거래,모바일정보이용서비스,부당행위
2024017807,2024-04-01,남자,30 - 39세,경기도,국내온라인거래,기타숙박시설,계약해제.해지/위약금
2024017808,2024-04-01,여자,50 - 59세,경기도,국내온라인거래,김치,거래관행
2024017809,2024-04-01,여자,30 - 39세,경기도,일반판매,필라테스,계약해제.해지/위약금
2024017810,2024-04-01,여자,20 - 29세,경기도,국내온라인거래,국외여행,청약철회
2024017811,2024-04-01,여자,40 - 49세,경기도,소셜커머스(쇼핑),기타침구류,품질(물품/용역)
2024017812,2024-04-01,남자,20 - 29세,경기도,국내온라인거래,모니터,품질(물품/용역)
2024017813,2024-04-01,남자,20 - 29세,경기도,국내온라인거래,마우스,품질(물품/용역)
2024017814,2024-04-01,여자,40 - 49세,경상남도,국내온라인거래,숙녀화(구두·부츠 등),청약철회
2024017815,2024-04-01,여자,20 - 29세,경기도,일반판매,필라테스,계약해제.해지/위약금
2024017816,2024-04-01,남자,40 - 49세,경상북도,방문판매,기타인테리어설비,계약해제.해지/위약금
2024017817,2024-04-01,남자,30 - 39세,경기도,기타통신판매,점퍼·재킷류,청약철회
2024017818,2024-04-01,남자,40 - 49세,인천광역시,국제온라인거래,항공여객운송서비스,품질(물품/용역)
2024017819,2024-04-01,남자,40 - 49세,경상남도,국내온라인거래,기타의류·섬유,계약불이행(불완전이행)
2024017820,2024-04-01,여자,50 - 59세,서울특별시,일반판매,점퍼·재킷류,품질(물품/용역)
2024017821,2024-04-01,여자,30 - 39세,서울특별시,소셜커머스(쇼핑),침대,청약철회
2024017822,2024-04-01,여자,10 - 19세,서울특별시,일반판매,일반강습(입시학원등),청약철회
2024017823,2024-04-01,여자,30 - 39세,부산광역시,모바일거래,노트·수첩·앨범등,청약철회
2024017824,2024-04-01,여자,30 - 39세,인천광역시,국내온라인거래,노트·수첩·앨범등,품질(물품/용역)
2024017825,2024-04-01,남자,70 - 79세,강원특별자치도,국내온라인거래,자동차주유,표시.광고
2024017826,2024-04-01,여자,20 - 29세,서울특별시,국내온라인거래,기타이·미용기구,계약해제.해지/위약금
2024017827,2024-04-01,여자,20 - 29세,경상남도,일반판매,사진촬영,계약불이행(불완전이행)
2024017828,2024-04-01,남자,40 - 49세,경기도,일반판매,필라테스,계약해제.해지/위약금
2024017829,2024-04-01,여자,40 - 49세,경기도,국내온라인거래,캐주얼바지,품질(물품/용역)
2024017830,2024-04-01,여자,20 - 29세,경기도,국내온라인거래,기타숙박시설,표시.광고
2024017831,2024-04-01,남자,20 - 29세,울산광역시,일반판매,기타완구·인형,부당행위
2024017832,2024-04-01,여자,20 - 29세,경기도,일반판매,외국어강습,계약해제.해지/위약금
2024017833,2024-04-01,남자,40 - 49세,서울특별시,국내온라인거래,기타신발·용품,청약철회
2024017834,2024-04-01,여자,20 - 29세,서울특별시,국내온라인거래,인터넷정보이용서비스,계약해제.해지/위약금
2024017835,2024-04-01,여자,30 - 39세,경상북도,모바일거래,기타문화용품,품질(물품/용역)
2024017836,2024-04-01,여자,30 - 39세,인천광역시,소셜커머스(쇼핑),기타신변용품,부당행위
2024017837,2024-04-01,여자,20 - 29세,전라북도,일반판매,미용서비스,계약불이행(불완전이행)
2024017737,2024-04-01,여자,40 - 49세,해외 및 기타,일반판매,성형외과,품질(물품/용역)
2024017632,2024-04-01,여자,50 - 59세,인천광역시,일반판매,일반강습(입시학원등),계약해제.해지/위약금
2024017674,2024-04-01,여자,60 - 64세,서울특별시,기타,호텔,계약해제.해지/위약금
2024017681,2024-04-01,남자,40 - 49세,경상북도,일반판매,도시가스,가격.요금
2024017685,2024-04-01,여자,40 - 49세,경기도,국내온라인거래,항공여객운송서비스,계약해제.해지/위약금
2024017690,2024-04-01,여자,40 - 49세,인천광역시,TV홈쇼핑,쇠고기포장육,품질(물품/용역)
2024017703,2024-04-01,여자,20 - 29세,경기도,일반판매,헬스장,계약불이행(불완전이행)
2024017712,2024-04-01,여자,40 - 49세,서울특별시,일반판매,산후조리원,계약해제.해지/위약금
2024017738,2024-04-01,여자,40 - 49세,서울특별시,국내온라인거래,소파,품질(물품/용역)
2024017739,2024-04-01,남자,30 - 39세,서울특별시,일반판매,일반강습(입시학원등),계약해제.해지/위약금
2024017653,2024-04-01,여자,50 - 59세,경기도,기타통신판매,건물청소서비스,계약불이행(불완전이행)
2024017676,2024-04-01,남자,30 - 39세,서울특별시,일반판매,커피,품질(물품/용역)
2024017709,2024-04-01,남자,50 - 59세,서울특별시,일반판매,이동전화서비스,계약불이행(불완전이행)
2024017716,2024-04-01,여자,30 - 39세,광주광역시,국내온라인거래,항공여객운송서비스,계약불이행(불완전이행)
2024017706,2024-04-01,여자,불명,경기도,국내온라인거래,항공여객운송서비스,계약불이행(불완전이행)
2024017718,2024-04-01,여자,50 - 59세,경상남도,일반판매,기타병·의원서비스,품질(물품/용역)
2024017683,2024-04-01,남자,50 - 59세,울산광역시,일반판매,유사투자자문,계약해제.해지/위약금
2024017688,2024-04-01,남자,10세 미만,경기도,일반판매,실손보험,계약불이행(불완전이행)
2024017699,2024-04-01,남자,50 - 59세,서울특별시,일반판매,치과,품질(물품/용역)
2024017740,2024-04-01,남자,40 - 49세,서울특별시,일반판매,중형승용자동차,AS불만
2024017743,2024-04-01,여자,30 - 39세,서울특별시,일반판매,헬스장,계약해제.해지/위약금
2024017744,2024-04-01,남자,20 - 29세,경기도,국내온라인거래,항공여객운송서비스,청약철회
2024017745,2024-04-01,여자,20 - 29세,경상남도,일반판매,헬스장,계약해제.해지/위약금
2024017746,2024-04-01,여자,20 - 29세,서울특별시,국제온라인거래,운동화,표시.광고
2024017747,2024-04-01,여자,30 - 39세,인천광역시,일반판매,사진촬영,계약해제.해지/위약금
2024017748,2024-04-01,남자,30 - 39세,충청북도,일반판매,변호서비스,계약해제.해지/위약금
2024017749,2024-04-01,남자,30 - 39세,경기도,기타통신판매,인터넷교육서비스,계약불이행(불완전이행)
2024017750,2024-04-01,여자,40 - 49세,서울특별시,국내온라인거래,기타미분류서비스,부당행위
2024017751,2024-04-01,여자,40 - 49세,서울특별시,일반판매,미용서비스,계약해제.해지/위약금
2024017752,2024-04-01,여자,20 - 29세,서울특별시,방문판매,헬스장,계약해제.해지/위약금
2024017753,2024-04-01,여자,30 - 39세,서울특별시,국내온라인거래,식사배달,품질(물품/용역)
2024017754,2024-04-01,여자,40 - 49세,충청남도,국내온라인거래,사진촬영,계약불이행(불완전이행)
2024017755,2024-04-01,여자,30 - 39세,경기도,국내온라인거래,기타의류·섬유,청약철회
2024017756,2024-04-01,여자,20 - 29세,대구광역시,국내온라인거래,유아용피복품,청약철회
2024017757,2024-04-01,여자,40 - 49세,강원특별자치도,국내온라인거래,쇠고기포장육,품질(물품/용역)
2024017758,2024-04-01,여자,50 - 59세,경기도,소셜커머스(쇼핑),운동화,청약철회
2024017759,2024-04-01,남자,50 - 59세,울산광역시,소셜커머스(쇼핑),프린터,품질(물품/용역)
2024017760,2024-04-01,여자,30 - 39세,충청남도,소셜커머스(쇼핑),침대,품질(물품/용역)
2024017761,2024-04-01,여자,30 - 39세,경기도,국내온라인거래,여행용가방,청약철회
2024017641,2024-04-01,남자,60 - 64세,인천광역시,일반판매,치과,품질(물품/용역)
2024017645,2024-04-01,여자,20 - 29세,인천광역시,기타,신유형상품권,부당행위
2024017671,2024-04-01,남자,20 - 29세,서울특별시,일반판매,성형외과,계약해제.해지/위약금
2024017762,2024-04-01,남자,50 - 59세,충청남도,국내온라인거래,항공여객운송서비스,청약철회
2024017763,2024-04-01,여자,30 - 39세,서울특별시,일반판매,요가,계약해제.해지/위약금
2024017764,2024-04-01,여자,40 - 49세,인천광역시,소셜커머스(쇼핑),TV,품질(물품/용역)
2024017765,2024-04-01,여자,30 - 39세,경기도,국내온라인거래,외국어강습,청약철회
2024017766,2024-04-01,여자,40 - 49세,경기도,국내온라인거래,영화관람,계약해제.해지/위약금
2024017767,2024-04-01,남자,20 - 29세,전라북도,일반판매,헬스장,계약해제.해지/위약금
2024017768,2024-04-01,남자,30 - 39세,서울특별시,국제온라인거래,호텔,계약해제.해지/위약금
2024017769,2024-04-01,여자,30 - 39세,경기도,일반판매,포장이사운송서비스,계약불이행(불완전이행)
2024017770,2024-04-01,남자,30 - 39세,서울특별시,기타,산후조리원,계약해제.해지/위약금
2024017771,2024-04-01,남자,30 - 39세,서울특별시,소셜커머스(쇼핑),기타건강식품,계약해제.해지/위약금
2024017772,2024-04-01,남자,40 - 49세,경기도,국내온라인거래,식탁,청약철회
2024017773,2024-04-01,여자,40 - 49세,부산광역시,모바일거래,기타인터넷기반서비스,청약철회
2024017774,2024-04-01,남자,40 - 49세,충청남도,기타,국내결혼중개,계약해제.해지/위약금
2024017775,2024-04-01,여자,30 - 39세,인천광역시,일반판매,사진촬영,계약해제.해지/위약금
2024017776,2024-04-01,남자,20 - 29세,서울특별시,일반판매,상조서비스,무능력자계약
2024017777,2024-04-01,남자,30 - 39세,경기도,소셜커머스(쇼핑),헤드폰·이어폰,청약철회
2024017642,2024-04-01,남자,40 - 49세,서울특별시,국내온라인거래,골프회원권,계약불이행(불완전이행)
2024017657,2024-04-01,여자,30 - 39세,충청북도,국내온라인거래,침대,품질(물품/용역)
2024017667,2024-04-01,남자,30 - 39세,서울특별시,소셜커머스(쇼핑),점퍼·재킷류,청약철회
2024017675,2024-04-01,여자,40 - 49세,서울특별시,국내온라인거래,항공여객운송서비스,계약해제.해지/위약금
2024017677,2024-04-01,여자,65 - 69세,인천광역시,일반판매,외식,품질(물품/용역)
2024017687,2024-04-01,남자,70 - 79세,경기도,일반판매,아파트,품질(물품/용역)
2024017691,2024-04-01,남자,30 - 39세,경기도,국내온라인거래,자동차대여(렌트),계약해제.해지/위약금
2024017693,2024-04-01,남자,70 - 79세,경기도,기타통신판매,기타침대류,품질(물품/용역)
2024017697,2024-04-01,여자,40 - 49세,서울특별시,국내온라인거래,기타가방,표시.광고
2024017708,2024-04-01,여자,40 - 49세,경기도,기타,헬스장,계약해제.해지/위약금
2024017710,2024-04-01,남자,20 - 29세,서울특별시,국내온라인거래,헤드폰·이어폰,품질(물품/용역)
2024017713,2024-04-01,남자,불명,광주광역시,국내온라인거래,항공여객운송서비스,계약불이행(불완전이행)
2024017717,2024-04-01,남자,65 - 69세,경기도,일반판매,치과,품질(물품/용역)
2024017715,2024-04-01,여자,65 - 69세,서울특별시,방문판매,실손보험,계약불이행(불완전이행)
2024017634,2024-04-01,남자,50 - 59세,경기도,국내온라인거래,항공여객운송서비스,계약불이행(불완전이행)
2024017637,2024-04-01,남자,30 - 39세,인천광역시,국제온라인거래,모바일정보이용서비스,계약불이행(불완전이행)
2024017659,2024-04-01,여자,30 - 39세,경기도,일반판매,헬스장,계약해제.해지/위약금
2024017666,2024-04-01,남자,40 - 49세,제주도,소셜커머스(쇼핑),일반자전거,계약불이행(불완전이행)
2024017668,2024-04-01,여자,50 - 59세,충청남도,방문판매,소파,계약불이행(불완전이행)
2024017669,2024-04-01,남자,40 - 49세,인천광역시,모바일거래,항공화물운송서비스,청약철회
2024017680,2024-04-01,여자,30 - 39세,대전광역시,일반판매,헬스장,계약해제.해지/위약금
2024017698,2024-04-01,남자,50 - 59세,서울특별시,일반판매,포장이사운송서비스,계약불이행(불완전이행)
2024017721,2024-04-01,여자,30 - 39세,전라남도,국내온라인거래,숙녀화(구두·부츠 등),계약해제.해지/위약금
2024017736,2024-04-01,여자,20 - 29세,대전광역시,일반판매,헬스장,계약해제.해지/위약금
2024017742,2024-04-01,여자,20 - 29세,경기도,국제온라인거래,호텔,청약철회
2024017731,2024-04-01,여자,20 - 29세,경기도,기타,성형외과,계약해제.해지/위약금
2024017636,2024-04-01,여자,20 - 29세,충청북도,국내온라인거래,항공여객운송서비스,계약해제.해지/위약금
2024017630,2024-04-01,남자,20 - 29세,서울특별시,일반판매,헬스장,계약해제.해지/위약금
2024017631,2024-04-01,여자,70 - 79세,인천광역시,국내온라인거래,염색제,품질(물품/용역)
2024017643,2024-04-01,남자,20 - 29세,경기도,방문판매,단행본,청약철회
2024017633,2024-04-01,여자,30 - 39세,경기도,국내온라인거래,스마트폰,품질(물품/용역)
2024017635,2024-04-01,남자,20 - 29세,인천광역시,국내온라인거래,호텔,청약철회
2024017639,2024-04-01,남자,40 - 49세,경기도,기타,신용카드,계약불이행(불완전이행)
2024017644,2024-04-01,남자,40 - 49세,서울특별시,일반판매,외식,부당행위
2024017646,2024-04-01,여자,20 - 29세,대전광역시,일반판매,헬스장,계약해제.해지/위약금
2024017647,2024-04-01,여자,30 - 39세,서울특별시,국내온라인거래,초음파방충기,계약해제.해지/위약금
2024017648,2024-04-01,여자,50 - 59세,경기도,기타통신판매,국외여행,품질(물품/용역)
2024017649,2024-04-01,남자,30 - 39세,서울특별시,국내온라인거래,기타스포츠·레저기구·용품,품질(물품/용역)
2024017651,2024-04-01,여자,30 - 39세,경기도,국내온라인거래,기타신발·용품,계약불이행(불완전이행)
2024017652,2024-04-01,여자,50 - 59세,경기도,일반판매,항공여객운송서비스,계약해제.해지/위약금
2024017655,2024-04-01,남자,70 - 79세,서울특별시,기타,전기,부당행위
2024017656,2024-04-01,남자,30 - 39세,경기도,국내온라인거래,항공여객운송서비스,약관
2024017663,2024-04-01,여자,50 - 59세,충청북도,일반판매,스포츠시설이용,안전(제품/시설)
2024017665,2024-04-01,여자,30 - 39세,서울특별시,일반판매,헬스장,계약해제.해지/위약금
2024017678,2024-04-01,남자,불명,경기도,국내온라인거래,스마트폰,계약불이행(불완전이행)
2024017679,2024-04-01,여자,65 - 69세,서울특별시,일반판매,초고속인터넷,품질(물품/용역)
2024017684,2024-04-01,여자,30 - 39세,서울특별시,모바일거래,기타미분류서비스,계약불이행(불완전이행)
2024017705,2024-04-01,남자,40 - 49세,경상북도,국내온라인거래,중고자동차중개·매매,계약불이행(불완전이행)
2024017711,2024-04-01,남자,30 - 39세,경기도,방문판매,의상대여(렌트),계약해제.해지/위약금
2024017725,2024-04-01,남자,50 - 59세,경기도,국내온라인거래,기타자전거용품,품질(물품/용역)
2024017682,2024-04-01,여자,50 - 59세,경기도,국내온라인거래,호텔,계약불이행(불완전이행)
2024017661,2024-04-01,남자,40 - 49세,서울특별시,일반판매,자동차대여(렌트),부당행위
2024017689,2024-04-01,남자,50 - 59세,서울특별시,일반판매,타이어,품질(물품/용역)
2024017692,2024-04-01,여자,50 - 59세,세종특별자치시,일반판매,자동차수리·점검,계약해제.해지/위약금
2024017694,2024-04-01,남자,40 - 49세,충청북도,기타통신판매,유사투자자문,계약해제.해지/위약금
2024017695,2024-04-01,여자,30 - 39세,경기도,국내온라인거래,각종공연관람,계약해제.해지/위약금
2024017696,2024-04-01,남자,30 - 39세,경기도,국내온라인거래,신유형상품권,표시.광고
2024017704,2024-04-01,남자,40 - 49세,경상북도,국내온라인거래,전기진공청소기,부당행위
2024017720,2024-04-01,여자,50 - 59세,경상남도,일반판매,상해보험,계약불이행(불완전이행)
2024017729,2024-04-01,남자,30 - 39세,경상북도,국내온라인거래,호텔,계약해제.해지/위약금
2024017730,2024-04-01,여자,20 - 29세,경상남도,국내온라인거래,니트(스웨터),청약철회
2024017732,2024-04-01,여자,50 - 59세,서울특별시,기타,피부과,품질(물품/용역)
2024017741,2024-04-01,남자,30 - 39세,서울특별시,국내온라인거래,점퍼·재킷류,청약철회
2024017843,2024-04-02,남자,30 - 39세,인천광역시,TV홈쇼핑,국외여행,계약불이행(불완전이행)
2024017939,2024-04-02,남자,40 - 49세,경기도,일반판매,자동차보험,계약불이행(불완전이행)
2024017941,2024-04-02,여자,50 - 59세,경기도,일반판매,포장이사운송서비스,계약불이행(불완전이행)
2024017844,2024-04-02,여자,50 - 59세,경기도,일반판매,헬스장,계약해제.해지/위약금
2024017847,2024-04-02,여자,20 - 29세,인천광역시,기타,레저시설이용,안전(제품/시설)
2024017842,2024-04-02,남자,50 - 59세,경기도,기타통신판매,변호서비스,계약해제.해지/위약금
2024017857,2024-04-02,남자,30 - 39세,경기도,기타,기타정보이용서비스,단순문의.상담
2024017858,2024-04-02,남자,40 - 49세,경기도,국내온라인거래,인터넷정보이용서비스,부당행위
2024017859,2024-04-02,여자,50 - 59세,경기도,모바일거래,모바일정보이용서비스,부당행위
2024017865,2024-04-02,여자,30 - 39세,경기도,국내온라인거래,기타관람·감상,계약해제.해지/위약금
2024017887,2024-04-02,남자,50 - 59세,경기도,국내온라인거래,신유형상품권,부당행위
2024017888,2024-04-02,여자,20 - 29세,경상남도,국내온라인거래,기타의류·섬유,부당행위
2024017950,2024-04-02,여자,30 - 39세,경기도,일반판매,예식서비스,계약해제.해지/위약금
2024017953,2024-04-02,여자,40 - 49세,경상북도,방문판매,인터넷교육서비스,계약해제.해지/위약금
2024017954,2024-04-02,여자,30 - 39세,경기도,국내온라인거래,기타건강식품,AS불만
2024017955,2024-04-02,남자,40 - 49세,인천광역시,일반판매,외식,안전(제품/시설)
2024017956,2024-04-02,여자,20 - 29세,대전광역시,일반판매,필라테스,계약해제.해지/위약금
2024017957,2024-04-02,여자,50 - 59세,부산광역시,일반판매,기타숙박시설,청약철회
2024017958,2024-04-02,남자,20 - 29세,경상북도,일반판매,종합체육시설회원권,계약해제.해지/위약금
2024017959,2024-04-02,여자,30 - 39세,경기도,일반판매,식기세척기,품질(물품/용역)
2024017960,2024-04-02,남자,30 - 39세,서울특별시,일반판매,헤드폰·이어폰,계약해제.해지/위약금
2024017961,2024-04-02,여자,50 - 59세,부산광역시,방문판매,필라테스,계약해제.해지/위약금
2024017962,2024-04-02,여자,20 - 29세,서울특별시,방문판매,피부·체형관리서비스,계약불이행(불완전이행)
2024017963,2024-04-02,남자,30 - 39세,경기도,일반판매,음식물처리기,AS불만
2024017964,2024-04-02,여자,40 - 49세,경기도,일반판매,수영장회원권,계약불이행(불완전이행)
2024017965,2024-04-02,남자,50 - 59세,서울특별시,일반판매,안경·안경테,계약불이행(불완전이행)
2024017966,2024-04-02,남자,30 - 39세,광주광역시,국내온라인거래,TV,청약철회
2024017967,2024-04-02,여자,20 - 29세,경기도,국내온라인거래,기타가구,청약철회
2024017968,2024-04-02,남자,40 - 49세,경기도,모바일거래,포장이사운송서비스,부당행위
2024017969,2024-04-02,여자,30 - 39세,경기도,방문판매,미용서비스,품질(물품/용역)
2024017970,2024-04-02,여자,50 - 59세,서울특별시,일반판매,소파,품질(물품/용역)
2024017971,2024-04-02,여자,40 - 49세,제주도,일반판매,전기진공청소기,AS불만
2024017972,2024-04-02,남자,40 - 49세,강원특별자치도,일반판매,기타인테리어설비,거래관행
2024017973,2024-04-02,여자,30 - 39세,경상남도,소셜커머스(쇼핑),전기장판,AS불만
2024017974,2024-04-02,여자,20 - 29세,서울특별시,방문판매,헬스장,계약해제.해지/위약금
2024017975,2024-04-02,여자,30 - 39세,경기도,국내온라인거래,기타간편복,청약철회
2024017976,2024-04-02,남자,20 - 29세,경기도,국내온라인거래,인덕션레인지,계약불이행(불완전이행)
2024017977,2024-04-02,여자,30 - 39세,서울특별시,국내온라인거래,룸에어컨,표시.광고
2024017978,2024-04-02,여자,20 - 29세,경기도,국내온라인거래,기타숙박시설,계약해제.해지/위약금
2024017979,2024-04-02,남자,50 - 59세,부산광역시,모바일거래,다이어트식품,계약불이행(불완전이행)
2024017980,2024-04-02,여자,20 - 29세,경기도,국내온라인거래,소프트웨어,품질(물품/용역)
2024017981,2024-04-02,여자,20 - 29세,서울특별시,일반판매,헬스장,계약불이행(불완전이행)
2024017982,2024-04-02,남자,30 - 39세,경기도,일반판매,포장이사운송서비스,품질(물품/용역)
2024017983,2024-04-02,남자,20 - 29세,전라북도,모바일거래,상품권,부당행위
2024017984,2024-04-02,여자,20 - 29세,대구광역시,모바일거래,숙녀화(구두·부츠 등),청약철회
2024017985,2024-04-02,여자,20 - 29세,서울특별시,방문판매,헬스장,계약해제.해지/위약금
2024017986,2024-04-02,여자,20 - 29세,경기도,국내온라인거래,전등·전구,청약철회
2024017987,2024-04-02,남자,30 - 39세,경기도,일반판매,미용서비스,계약해제.해지/위약금
2024017988,2024-04-02,남자,30 - 39세,경상남도,국내온라인거래,기타통신기기,계약불이행(불완전이행)
2024017989,2024-04-02,남자,30 - 39세,경기도,일반판매,정수기대여(렌트),AS불만
2024017990,2024-04-02,여자,30 - 39세,울산광역시,방문판매,요가,계약해제.해지/위약금
2024017991,2024-04-02,여자,40 - 49세,경기도,국내온라인거래,기타미분류서비스,계약해제.해지/위약금
2024017992,2024-04-02,여자,40 - 49세,서울특별시,국내온라인거래,기타신발·용품,품질(물품/용역)
2024017993,2024-04-02,남자,40 - 49세,대구광역시,국내온라인거래,항공여객운송서비스,청약철회
2024017994,2024-04-02,여자,30 - 39세,서울특별시,모바일거래,기타의류·섬유,계약불이행(불완전이행)
2024017995,2024-04-02,남자,20 - 29세,경기도,국내온라인거래,메인보드,품질(물품/용역)
2024017996,2024-04-02,남자,50 - 59세,충청남도,모바일거래,모바일게임서비스,청약철회
2024017997,2024-04-02,여자,40 - 49세,전라남도,국내온라인거래,전기칼·칼갈이,품질(물품/용역)
2024017998,2024-04-02,여자,70 - 79세,광주광역시,TV홈쇼핑,음식물처리기대여(렌트),계약해제.해지/위약금
2024017999,2024-04-02,여자,40 - 49세,경기도,국내온라인거래,싱크대,품질(물품/용역)
2024018000,2024-04-02,여자,30 - 39세,충청북도,국내온라인거래,마이크,부당행위
2024018001,2024-04-02,남자,20 - 29세,경기도,일반판매,예식서비스,계약해제.해지/위약금
2024018002,2024-04-02,남자,20 - 29세,서울특별시,국내온라인거래,호텔,계약해제.해지/위약금
2024018003,2024-04-02,남자,30 - 39세,인천광역시,모바일거래,비디오카메라,부당행위
2024018004,2024-04-02,남자,40 - 49세,서울특별시,일반판매,가스보일러,AS불만
2024018005,2024-04-02,남자,10 - 19세,인천광역시,기타통신판매,전자담배,청약철회
2024018006,2024-04-02,여자,50 - 59세,서울특별시,국내온라인거래,기타숙박시설,계약불이행(불완전이행)
2024018007,2024-04-02,여자,30 - 39세,경기도,국내온라인거래,원피스,청약철회
2024018008,2024-04-02,여자,20 - 29세,서울특별시,기타,컴퓨터수리,가격.요금
2024018009,2024-04-02,남자,50 - 59세,전라남도,국내온라인거래,전기오븐,품질(물품/용역)
2024018010,2024-04-02,여자,40 - 49세,경상남도,모바일거래,일반강습(입시학원등),계약해제.해지/위약금
2024018011,2024-04-02,남자,30 - 39세,서울특별시,일반판매,헬스장,계약해제.해지/위약금
2024018012,2024-04-02,여자,20 - 29세,충청남도,일반판매,헬스장,계약해제.해지/위약금
2024018013,2024-04-02,남자,40 - 49세,서울특별시,국내온라인거래,항공여객운송서비스,계약해제.해지/위약금
2024018014,2024-04-02,남자,30 - 39세,경기도,모바일거래,모바일정보이용서비스,단순문의.상담
2024018015,2024-04-02,남자,50 - 59세,서울특별시,일반판매,일반자전거,품질(물품/용역)
2024018016,2024-04-02,여자,30 - 39세,경기도,모바일거래,애완고양이,품질(물품/용역)
2024018017,2024-04-02,남자,40 - 49세,경기도,기타통신판매,초고속인터넷,품질(물품/용역)
2024018018,2024-04-02,여자,30 - 39세,대구광역시,국내온라인거래,지갑,계약해제.해지/위약금
2024018019,2024-04-02,남자,30 - 39세,대구광역시,일반판매,책장·서가,품질(물품/용역)
2024018020,2024-04-02,여자,20 - 29세,광주광역시,기타,각종자격취득강습,계약해제.해지/위약금
2024018021,2024-04-02,여자,40 - 49세,경기도,국내온라인거래,항공여객운송서비스,품질(물품/용역)
2024018022,2024-04-02,여자,20 - 29세,서울특별시,국내온라인거래,기타가사용품,품질(물품/용역)
2024018023,2024-04-02,남자,30 - 39세,충청남도,국내온라인거래,국외여행,표시.광고
2024018024,2024-04-02,여자,65 - 69세,충청북도,일반판매,여성용한복,품질(물품/용역)
2024018025,2024-04-02,남자,30 - 39세,경기도,기타통신판매,기타정보이용서비스,청약철회
2024018026,2024-04-02,여자,40 - 49세,경기도,모바일거래,혼합견과류,품질(물품/용역)
2024018027,2024-04-02,여자,10세 미만,서울특별시,일반판매,미용서비스,계약불이행(불완전이행)
2024018028,2024-04-02,남자,30 - 39세,대구광역시,일반판매,기타스포츠·레저기구·용품,AS불만
2024018029,2024-04-02,여자,20 - 29세,서울특별시,국내온라인거래,셔츠,청약철회
2024018030,2024-04-02,여자,30 - 39세,서울특별시,국내온라인거래,기타신발·용품,청약철회
2024018031,2024-04-02,여자,40 - 49세,경상북도,기타,일반강습(입시학원등),계약해제.해지/위약금
2024018032,2024-04-02,여자,50 - 59세,강원특별자치도,국내온라인거래,기타인터넷기반서비스,부당행위
2024017845,2024-04-02,여자,50 - 59세,대전광역시,일반판매,중형승용자동차,품질(물품/용역)
2024017848,2024-04-02,남자,50 - 59세,전라북도,일반판매,도어,품질(물품/용역)
2024017850,2024-04-02,남자,30 - 39세,부산광역시,일반판매,정수기대여(렌트),계약해제.해지/위약금
2024017869,2024-04-02,여자,40 - 49세,서울특별시,일반판매,인터넷정보이용서비스,계약해제.해지/위약금
2024017871,2024-04-02,남자,30 - 39세,충청남도,국내온라인거래,사진촬영,계약불이행(불완전이행)
2024018033,2024-04-02,여자,20 - 29세,경기도,국내온라인거래,침대,청약철회
2024018034,2024-04-02,여자,30 - 39세,경기도,국내온라인거래,기타건강식품,품질(물품/용역)
2024018035,2024-04-02,여자,30 - 39세,경기도,일반판매,포장이사운송서비스,품질(물품/용역)
2024018036,2024-04-02,남자,50 - 59세,경상남도,모바일거래,보석·귀금속,부당행위
2024018037,2024-04-02,여자,20 - 29세,경기도,방문판매,전기세탁기,품질(물품/용역)
2024018038,2024-04-02,여자,40 - 49세,경기도,모바일거래,커피,청약철회
2024018039,2024-04-02,남자,30 - 39세,서울특별시,국내온라인거래,인터넷교육서비스,계약해제.해지/위약금
2024018040,2024-04-02,남자,20 - 29세,서울특별시,국내온라인거래,소프트웨어,계약해제.해지/위약금
2024018041,2024-04-02,남자,30 - 39세,경기도,일반판매,사진촬영,청약철회
2024018042,2024-04-02,여자,40 - 49세,서울특별시,TV홈쇼핑,전기장판,품질(물품/용역)
2024018043,2024-04-02,남자,50 - 59세,경기도,국내온라인거래,소프트웨어,계약불이행(불완전이행)
2024018044,2024-04-02,남자,30 - 39세,인천광역시,방문판매,콘도회원권,계약해제.해지/위약금
2024018045,2024-04-02,여자,30 - 39세,서울특별시,일반판매,필라테스,계약해제.해지/위약금
2024018046,2024-04-02,여자,40 - 49세,전라남도,일반판매,보청기,AS불만
2024018047,2024-04-02,여자,30 - 39세,전라북도,방문판매,헬스장,계약해제.해지/위약금
2024018048,2024-04-02,남자,20 - 29세,서울특별시,국내온라인거래,항공여객운송서비스,부당행위
2024017903,2024-04-02,여자,65 - 69세,경기도,일반판매,가스보일러,품질(물품/용역)
2024017930,2024-04-02,남자,30 - 39세,광주광역시,모바일거래,식사배달,품질(물품/용역)
2024017932,2024-04-02,여자,30 - 39세,충청북도,국내온라인거래,헬스장,청약철회
2024017840,2024-04-02,남자,30 - 39세,서울특별시,일반판매,자동차주유,품질(물품/용역)
2024017951,2024-04-02,여자,40 - 49세,서울특별시,국내온라인거래,캐주얼바지,청약철회
2024017906,2024-04-02,여자,20 - 29세,서울특별시,국내온라인거래,닭고기포장육,품질(물품/용역)
2024017929,2024-04-02,남자,40 - 49세,경기도,국내온라인거래,기타공조·냉난방기기,청약철회
2024017846,2024-04-02,여자,30 - 39세,경기도,일반판매,필라테스,계약해제.해지/위약금
2024017856,2024-04-02,남자,30 - 39세,전라북도,방문판매,이동전화서비스,계약해제.해지/위약금
2024017870,2024-04-02,여자,30 - 39세,서울특별시,일반판매,미용서비스,계약해제.해지/위약금
2024017916,2024-04-02,여자,30 - 39세,서울특별시,기타,기타병·의원서비스,품질(물품/용역)
2024017898,2024-04-02,여자,30 - 39세,경기도,국내온라인거래,기타가구,계약불이행(불완전이행)
2024017900,2024-04-02,남자,30 - 39세,충청북도,일반판매,실손보험,계약불이행(불완전이행)
2024017902,2024-04-02,남자,70 - 79세,경기도,일반판매,냉동고,품질(물품/용역)
2024017915,2024-04-02,남자,30 - 39세,경기도,기타통신판매,이동전화서비스,품질(물품/용역)
2024017918,2024-04-02,여자,40 - 49세,경기도,일반판매,애완견,계약해제.해지/위약금
2024017922,2024-04-02,남자,60 - 64세,전라남도,전화권유판매,건강(암·기타질병)보험,계약불이행(불완전이행)
2024017931,2024-04-02,남자,30 - 39세,인천광역시,기타,피부과,계약해제.해지/위약금
2024017937,2024-04-02,여자,60 - 64세,부산광역시,일반판매,한의원,계약해제.해지/위약금
2024017878,2024-04-02,남자,70 - 79세,부산광역시,기타통신판매,국외여행,계약해제.해지/위약금
2024017839,2024-04-02,여자,30 - 39세,경기도,국내온라인거래,호텔,계약불이행(불완전이행)
2024017852,2024-04-02,여자,불명,부산광역시,일반판매,헬스장,계약해제.해지/위약금
2024017934,2024-04-02,남자,30 - 39세,서울특별시,국내온라인거래,모바일정보이용서비스,청약철회
2024017938,2024-04-02,여자,30 - 39세,경상남도,일반판매,자동차세차,AS불만
2024017926,2024-04-02,남자,30 - 39세,광주광역시,일반판매,자동차주차장,계약해제.해지/위약금
2024017936,2024-04-02,여자,30 - 39세,전라남도,기타,성형외과,계약해제.해지/위약금
2024017866,2024-04-02,여자,50 - 59세,울산광역시,TV홈쇼핑,국외여행,계약불이행(불완전이행)
2024017877,2024-04-02,여자,50 - 59세,경기도,국내온라인거래,사기그릇,청약철회
2024017884,2024-04-02,여자,20 - 29세,경기도,국제온라인거래,항공여객운송서비스,계약해제.해지/위약금
2024017885,2024-04-02,남자,20 - 29세,부산광역시,일반판매,기타이·미용서비스,계약해제.해지/위약금
2024017886,2024-04-02,남자,40 - 49세,경상북도,전화권유판매,모바일정보이용서비스,계약해제.해지/위약금
2024017894,2024-04-02,여자,30 - 39세,경상남도,국내온라인거래,기타건강식품,계약해제.해지/위약금
2024017910,2024-04-02,남자,40 - 49세,인천광역시,국내온라인거래,기타스포츠·레저기구·용품,품질(물품/용역)
2024017927,2024-04-02,남자,50 - 59세,서울특별시,국내온라인거래,가스보일러,표시.광고
2024017933,2024-04-02,남자,65 - 69세,광주광역시,모바일거래,모바일정보이용서비스,가격.요금
2024017935,2024-04-02,여자,30 - 39세,서울특별시,국내온라인거래,각종공연관람,계약해제.해지/위약금
2024017952,2024-04-02,여자,30 - 39세,서울특별시,소셜커머스(쇼핑),기타의자류,품질(물품/용역)
2024017838,2024-04-02,여자,불명,경상북도,일반판매,전기진공청소기,계약불이행(불완전이행)
2024017841,2024-04-02,여자,30 - 39세,경기도,일반판매,정수기,계약해제.해지/위약금
2024017849,2024-04-02,여자,50 - 59세,경상북도,일반판매,자동차리스,계약불이행(불완전이행)
2024017854,2024-04-02,여자,50 - 59세,대구광역시,TV홈쇼핑,국외여행,계약해제.해지/위약금
2024017855,2024-04-02,남자,30 - 39세,경기도,기타,기타정보이용서비스,단순문의.상담
2024017861,2024-04-02,여자,60 - 64세,경기도,국내온라인거래,기타가사용품,품질(물품/용역)
2024017862,2024-04-02,남자,30 - 39세,서울특별시,소셜커머스(쇼핑),스마트폰,품질(물품/용역)
2024017863,2024-04-02,남자,50 - 59세,경상남도,방문판매,기타인테리어설비,계약해제.해지/위약금
2024017876,2024-04-02,여자,40 - 49세,경상남도,일반판매,필라테스,계약해제.해지/위약금
2024017880,2024-04-02,남자,40 - 49세,경기도,소셜커머스(쇼핑),굴,품질(물품/용역)
2024017872,2024-04-02,남자,40 - 49세,경기도,국내온라인거래,모바일게임서비스,청약철회
2024017882,2024-04-02,여자,30 - 39세,서울특별시,국내온라인거래,항공여객운송서비스,표시.광고
2024017908,2024-04-02,남자,60 - 64세,서울특별시,기타,치과,품질(물품/용역)
2024017895,2024-04-02,여자,50 - 59세,서울특별시,국내온라인거래,다이어트식품,품질(물품/용역)
2024017913,2024-04-02,여자,40 - 49세,경기도,일반판매,필라테스,계약해제.해지/위약금
2024017914,2024-04-02,여자,50 - 59세,서울특별시,국내온라인거래,건포도,품질(물품/용역)
2024017923,2024-04-02,여자,40 - 49세,경기도,일반판매,기타인테리어설비,거래관행
2024017853,2024-04-02,여자,30 - 39세,경기도,방문판매,인터넷교육서비스,계약해제.해지/위약금
2024017860,2024-04-02,남자,30 - 39세,경기도,모바일거래,기타간편복,청약철회
2024017867,2024-04-02,남자,20 - 29세,인천광역시,전화권유판매,헬스장,계약해제.해지/위약금
2024017875,2024-04-02,남자,40 - 49세,경기도,일반판매,실손보험,계약불이행(불완전이행)
2024017889,2024-04-02,남자,60 - 64세,대전광역시,일반판매,이동전화서비스,거래관행
2024017892,2024-04-02,여자,50 - 59세,전라남도,일반판매,정수기대여(렌트),품질(물품/용역)
2024017911,2024-04-02,남자,30 - 39세,부산광역시,일반판매,상해보험,계약불이행(불완전이행)
2024017920,2024-04-02,여자,30 - 39세,서울특별시,국내온라인거래,도배공사,품질(물품/용역)
2024017928,2024-04-02,여자,65 - 69세,경기도,국내온라인거래,골프회원권,계약해제.해지/위약금
2024017947,2024-04-02,남자,40 - 49세,세종특별자치시,일반판매,자동차수리·점검,품질(물품/용역)
2024017945,2024-04-02,남자,불명,울산광역시,국내온라인거래,항공여객운송서비스,계약해제.해지/위약금
2024017946,2024-04-02,남자,30 - 39세,전라북도,국내온라인거래,자동차대여(렌트),부당행위
2024017883,2024-04-02,남자,30 - 39세,서울특별시,국내온라인거래,항공여객운송서비스,계약해제.해지/위약금
2024017944,2024-04-02,남자,65 - 69세,서울특별시,일반판매,전기보온밥솥,품질(물품/용역)
2024017901,2024-04-02,남자,30 - 39세,인천광역시,국내온라인거래,기타정보이용서비스,부당행위
2024017905,2024-04-02,여자,30 - 39세,서울특별시,국내온라인거래,기타건강식품,계약해제.해지/위약금
2024017141,2024-04-03,남자,20 - 29세,충청북도,일반판매,양복(서양식 의복)세탁,품질(물품/용역)
2024018136,2024-04-03,여자,40 - 49세,경기도,방문판매,기타매체광고,계약해제.해지/위약금
2024016642,2024-04-03,여자,20 - 29세,전라남도,일반판매,기타세탁서비스,품질(물품/용역)
2024018050,2024-04-03,남자,65 - 69세,충청북도,국내온라인거래,항공여객운송서비스,계약해제.해지/위약금
2024018054,2024-04-03,여자,40 - 49세,세종특별자치시,모바일거래,이동전화서비스,무능력자계약
2024018056,2024-04-03,남자,20 - 29세,경기도,모바일거래,일반강습(입시학원등),계약해제.해지/위약금
2024018074,2024-04-03,남자,40 - 49세,전라남도,국내온라인거래,점퍼·재킷류,청약철회
2024018077,2024-04-03,여자,30 - 39세,전라북도,일반판매,기타인테리어설비,계약불이행(불완전이행)
2024018102,2024-04-03,여자,40 - 49세,서울특별시,모바일거래,항공여객운송서비스,계약해제.해지/위약금
2024018104,2024-04-03,남자,50 - 59세,경기도,일반판매,기타수선·염색서비스,계약불이행(불완전이행)
2024018109,2024-04-03,여자,불명,서울특별시,국내온라인거래,스커트,품질(물품/용역)
2024018143,2024-04-03,여자,20 - 29세,충청남도,기타통신판매,다이어트식품,안전(제품/시설)
2024018112,2024-04-03,남자,30 - 39세,경기도,국내온라인거래,기타문화·오락시설이용,청약철회
2024018113,2024-04-03,남자,30 - 39세,인천광역시,소셜커머스(쇼핑),탈취제,품질(물품/용역)
2024018116,2024-04-03,여자,10 - 19세,충청남도,기타,치과,계약해제.해지/위약금
2024018117,2024-04-03,남자,40 - 49세,경기도,일반판매,중고자동차중개·매매,품질(물품/용역)
2024018119,2024-04-03,남자,50 - 59세,충청북도,일반판매,정수기대여(렌트),계약불이행(불완전이행)
2024018121,2024-04-03,여자,60 - 64세,제주도,일반판매,이동전화서비스,계약해제.해지/위약금
2024018128,2024-04-03,여자,40 - 49세,경기도,모바일거래,기타의류·섬유,계약불이행(불완전이행)
2024018067,2024-04-03,남자,30 - 39세,경기도,기타,모바일게임서비스,부당행위
2024018075,2024-04-03,남자,65 - 69세,경기도,일반판매,실손보험,계약불이행(불완전이행)
2024018052,2024-04-03,여자,10 - 19세,충청남도,소셜커머스(쇼핑),케이크,품질(물품/용역)
2024018058,2024-04-03,남자,20 - 29세,경기도,국제온라인거래,호텔,계약해제.해지/위약금
2024018059,2024-04-03,여자,20 - 29세,경기도,기타,비디오카메라,AS불만
2024018062,2024-04-03,남자,30 - 39세,인천광역시,방문판매,헬스장,계약해제.해지/위약금
2024018068,2024-04-03,여자,40 - 49세,경기도,기타,기타옥외장비·설비,계약해제.해지/위약금
2024018072,2024-04-03,여자,40 - 49세,부산광역시,소셜커머스(쇼핑),숙녀화(구두·부츠 등),청약철회
2024018079,2024-04-03,남자,50 - 59세,대구광역시,국내온라인거래,택시여객운송서비스,청약철회
2024018082,2024-04-03,남자,30 - 39세,서울특별시,일반판매,이동전화서비스,계약불이행(불완전이행)
2024018083,2024-04-03,여자,50 - 59세,서울특별시,일반판매,휴대폰(2G),계약불이행(불완전이행)
2024018095,2024-04-03,여자,80세이상,서울특별시,일반판매,콘도회원권,계약해제.해지/위약금
2024018099,2024-04-03,여자,80세이상,서울특별시,기타통신판매,포장이사운송서비스,품질(물품/용역)
2024018108,2024-04-03,여자,50 - 59세,서울특별시,전화권유판매,유사투자자문,계약불이행(불완전이행)
2024018134,2024-04-03,여자,40 - 49세,서울특별시,일반판매,한의원,계약해제.해지/위약금
2024018135,2024-04-03,여자,40 - 49세,경기도,일반판매,기타병·의원서비스,계약해제.해지/위약금
2024016885,2024-04-03,남자,50 - 59세,서울특별시,일반판매,점퍼·재킷류,품질(물품/용역)
2024016887,2024-04-03,남자,40 - 49세,부산광역시,국내온라인거래,점퍼·재킷류,품질(물품/용역)
2024018105,2024-04-03,여자,20 - 29세,서울특별시,국내온라인거래,초음파방충기,표시.광고
2024018087,2024-04-03,남자,20 - 29세,경기도,일반판매,헬스장,계약해제.해지/위약금
2024018090,2024-04-03,여자,20 - 29세,서울특별시,일반판매,여성용내의류,청약철회
2024018093,2024-04-03,여자,40 - 49세,경기도,전화권유판매,인터넷정보이용서비스,계약해제.해지/위약금
2024018100,2024-04-03,여자,40 - 49세,서울특별시,방문판매,피부·체형관리서비스,계약해제.해지/위약금
2024018114,2024-04-03,남자,50 - 59세,경기도,국내온라인거래,굴,품질(물품/용역)
2024018103,2024-04-03,여자,20 - 29세,경기도,방문판매,피부·체형관리서비스,계약해제.해지/위약금
2024018124,2024-04-03,남자,50 - 59세,서울특별시,일반판매,봉지면,안전(제품/시설)
2024018139,2024-04-03,여자,65 - 69세,경기도,국내온라인거래,점퍼·재킷류,계약불이행(불완전이행)
2024018141,2024-04-03,여자,50 - 59세,전라남도,일반판매,국외여행,계약불이행(불완전이행)
2024015988,2024-04-03,남자,40 - 49세,경기도,일반판매,기타가방,품질(물품/용역)
2024018060,2024-04-03,여자,30 - 39세,광주광역시,국내온라인거래,미분류대여(렌트),계약해제.해지/위약금
2024018071,2024-04-03,여자,20 - 29세,서울특별시,국내온라인거래,작동완구,청약철회
2024018094,2024-04-03,남자,30 - 39세,경상북도,국제온라인거래,항공여객운송서비스,계약불이행(불완전이행)
2024018101,2024-04-03,남자,40 - 49세,인천광역시,기타,이동전화서비스,계약불이행(불완전이행)
2024018115,2024-04-03,여자,30 - 39세,인천광역시,국내온라인거래,보석·귀금속,품질(물품/용역)
2024018140,2024-04-03,여자,60 - 64세,경상북도,일반판매,국외여행,청약철회
2024018055,2024-04-03,여자,50 - 59세,세종특별자치시,일반판매,기타병·의원서비스,품질(물품/용역)
2024018061,2024-04-03,여자,65 - 69세,울산광역시,일반판매,국외여행,계약해제.해지/위약금
2024018063,2024-04-03,남자,30 - 39세,서울특별시,일반판매,전기자전거,가격.요금
2024018064,2024-04-03,남자,30 - 39세,부산광역시,일반판매,국내결혼중개,품질(물품/용역)
2024018066,2024-04-03,남자,40 - 49세,경기도,국내온라인거래,항공여객운송서비스,계약해제.해지/위약금
2024017673,2024-04-03,여자,40 - 49세,경기도,일반판매,스포츠웨어,품질(물품/용역)
2024016943,2024-04-03,여자,70 - 79세,서울특별시,일반판매,점퍼·재킷류,품질(물품/용역)
2024018224,2024-04-03,남자,30 - 39세,경기도,방문판매,국외여행,계약해제.해지/위약금
2024018225,2024-04-03,여자,20 - 29세,경상북도,국내온라인거래,숙녀화(구두·부츠 등),청약철회
2024018226,2024-04-03,여자,20 - 29세,경기도,국내온라인거래,소프트웨어,품질(물품/용역)
2024018227,2024-04-03,남자,40 - 49세,대구광역시,일반판매,기타컴퓨터·주변기기,계약불이행(불완전이행)
2024018228,2024-04-03,남자,50 - 59세,경상북도,일반판매,닭고기,품질(물품/용역)
2024018229,2024-04-03,여자,50 - 59세,부산광역시,모바일거래,모바일게임서비스,부당행위
2024018230,2024-04-03,남자,30 - 39세,경기도,일반판매,예식서비스,계약해제.해지/위약금
2024018231,2024-04-03,여자,30 - 39세,서울특별시,국내온라인거래,기타사무용기기,품질(물품/용역)
2024018073,2024-04-03,여자,20 - 29세,서울특별시,일반판매,필라테스,계약해제.해지/위약금
2024018232,2024-04-03,남자,40 - 49세,충청북도,국내온라인거래,보조배터리,안전(제품/시설)
2024018233,2024-04-03,남자,40 - 49세,경기도,국내온라인거래,통신기기주변장치,청약철회
2024018234,2024-04-03,남자,40 - 49세,충청북도,국내온라인거래,기타의료용구,AS불만
2024018235,2024-04-03,여자,50 - 59세,전라북도,일반판매,기타장류,품질(물품/용역)
2024018236,2024-04-03,여자,30 - 39세,서울특별시,국내온라인거래,핸드백,청약철회
2024018237,2024-04-03,여자,30 - 39세,경기도,일반판매,예식서비스,계약해제.해지/위약금
2024018238,2024-04-03,여자,40 - 49세,서울특별시,일반판매,각종자격취득강습,계약해제.해지/위약금
2024018239,2024-04-03,여자,40 - 49세,서울특별시,기타통신판매,기타인테리어설비,품질(물품/용역)
2024018240,2024-04-03,여자,50 - 59세,부산광역시,기타,전기의류건조기,품질(물품/용역)
2024018241,2024-04-03,여자,30 - 39세,부산광역시,국내온라인거래,기타의류·섬유,청약철회
2024018242,2024-04-03,여자,30 - 39세,경상북도,국내온라인거래,항공여객운송서비스,계약해제.해지/위약금
2024018243,2024-04-03,여자,30 - 39세,경기도,국내온라인거래,항공여객운송서비스,부당행위
2024018244,2024-04-03,남자,40 - 49세,경기도,국내온라인거래,노트북컴퓨터,계약불이행(불완전이행)
2024018245,2024-04-03,여자,30 - 39세,경기도,기타,헬스장,계약해제.해지/위약금
2024018246,2024-04-03,여자,40 - 49세,서울특별시,기타,포장이사운송서비스,계약불이행(불완전이행)
2024018247,2024-04-03,여자,30 - 39세,서울특별시,소셜커머스(쇼핑),요가,청약철회
2024018248,2024-04-03,여자,20 - 29세,경상남도,기타,헬스장,계약해제.해지/위약금
2024018249,2024-04-03,남자,30 - 39세,서울특별시,국내온라인거래,인터넷교육서비스,청약철회
2024018250,2024-04-03,남자,30 - 39세,경상남도,국내온라인거래,숙녀화(구두·부츠 등),계약불이행(불완전이행)
2024018251,2024-04-03,남자,20 - 29세,경기도,일반판매,일반강습(입시학원등),계약해제.해지/위약금
2024018252,2024-04-03,여자,30 - 39세,서울특별시,일반판매,결혼준비대행서비스,계약불이행(불완전이행)
2024018253,2024-04-03,여자,30 - 39세,서울특별시,국내온라인거래,노트·수첩·앨범등,품질(물품/용역)
2024018254,2024-04-03,여자,20 - 29세,강원특별자치도,기타통신판매,기타서적음반류,청약철회
2024018255,2024-04-03,여자,30 - 39세,대전광역시,일반판매,헬스장,부당행위
2024018256,2024-04-03,여자,30 - 39세,서울특별시,국내온라인거래,스커트,청약철회
2024018257,2024-04-03,여자,20 - 29세,부산광역시,일반판매,필라테스,계약해제.해지/위약금
2024018258,2024-04-03,여자,40 - 49세,서울특별시,기타통신판매,보석·귀금속,청약철회
2024018259,2024-04-03,여자,20 - 29세,대전광역시,일반판매,기타이·미용서비스,계약해제.해지/위약금
2024015742,2024-04-03,여자,30 - 39세,경기도,국내온라인거래,코트,품질(물품/용역)
2024018092,2024-04-03,여자,65 - 69세,경기도,방문판매,미분류대여(렌트),계약불이행(불완전이행)
2024018097,2024-04-03,여자,40 - 49세,서울특별시,일반판매,성형외과,계약해제.해지/위약금
2024018098,2024-04-03,여자,40 - 49세,경기도,방문판매,가스보일러,계약불이행(불완전이행)
2024017360,2024-04-03,여자,40 - 49세,서울특별시,일반판매,핸드백,품질(물품/용역)
2024018144,2024-04-03,남자,40 - 49세,인천광역시,일반판매,식기세척기,품질(물품/용역)
2024018145,2024-04-03,남자,30 - 39세,서울특별시,일반판매,헬스장,계약해제.해지/위약금
2024018146,2024-04-03,여자,40 - 49세,대구광역시,일반판매,냉장고,계약불이행(불완전이행)
2024018147,2024-04-03,여자,30 - 39세,부산광역시,일반판매,건물청소서비스,청약철회
2024018148,2024-04-03,남자,30 - 39세,경기도,방문판매,콘도회원권,청약철회
2024018149,2024-04-03,남자,40 - 49세,부산광역시,기타,자동차주유,계약불이행(불완전이행)
2024018150,2024-04-03,여자,40 - 49세,경상남도,모바일거래,숙녀화(구두·부츠 등),계약불이행(불완전이행)
2024018151,2024-04-03,여자,20 - 29세,서울특별시,일반판매,예식서비스,계약해제.해지/위약금
2024018152,2024-04-03,여자,30 - 39세,충청남도,일반판매,기타간편복,계약불이행(불완전이행)
2024018153,2024-04-03,남자,30 - 39세,전라북도,일반판매,기타이동통신,품질(물품/용역)
2024018154,2024-04-03,남자,30 - 39세,경기도,국내온라인거래,기타약품,청약철회
2024018155,2024-04-03,여자,30 - 39세,인천광역시,일반판매,기타교육서비스,청약철회
2024018156,2024-04-03,남자,40 - 49세,서울특별시,국내온라인거래,기타관리서비스,계약해제.해지/위약금
2024018157,2024-04-03,여자,20 - 29세,서울특별시,일반판매,기타문화·오락시설이용,계약불이행(불완전이행)
2024018076,2024-04-03,여자,40 - 49세,전라남도,모바일거래,외식,품질(물품/용역)
2024018158,2024-04-03,여자,20 - 29세,서울특별시,모바일거래,항공여객운송서비스,부당행위
2024018159,2024-04-03,여자,40 - 49세,서울특별시,방문판매,포장이사운송서비스,계약불이행(불완전이행)
2024018160,2024-04-03,남자,30 - 39세,경기도,기타통신판매,결혼준비대행서비스,계약해제.해지/위약금
2024018161,2024-04-03,남자,30 - 39세,서울특별시,국내온라인거래,헤드폰·이어폰,AS불만
2024018162,2024-04-03,여자,40 - 49세,경기도,국제온라인거래,호텔,계약불이행(불완전이행)
2024018084,2024-04-03,남자,40 - 49세,경기도,일반판매,식기세척기,거래관행
2024018086,2024-04-03,남자,20 - 29세,전라북도,일반판매,중고자동차중개·매매,계약불이행(불완전이행)
2024018088,2024-04-03,남자,30 - 39세,인천광역시,일반판매,외식,품질(물품/용역)
2024018089,2024-04-03,남자,40 - 49세,대구광역시,일반판매,자동차수리·점검,품질(물품/용역)
2024018129,2024-04-03,남자,80세이상,충청북도,일반판매,기타농업용기계,AS불만
2024018163,2024-04-03,남자,40 - 49세,경기도,기타통신판매,기타화물운송서비스,계약불이행(불완전이행)
2024018164,2024-04-03,남자,20 - 29세,서울특별시,일반판매,사진촬영,계약해제.해지/위약금
2024018165,2024-04-03,여자,40 - 49세,경기도,일반판매,스마트폰,AS불만
2024018166,2024-04-03,남자,60 - 64세,충청남도,소셜커머스(쇼핑),기타미분류서비스,AS불만
2024018167,2024-04-03,여자,50 - 59세,광주광역시,기타,필라테스,계약해제.해지/위약금
2024018168,2024-04-03,남자,40 - 49세,광주광역시,국내온라인거래,의류관리기(스타일러 등),청약철회
2024018169,2024-04-03,여자,40 - 49세,부산광역시,소셜커머스(쇼핑),유산균함유제품,품질(물품/용역)
2024018170,2024-04-03,여자,20 - 29세,서울특별시,국내온라인거래,전기고데기,품질(물품/용역)
2024018171,2024-04-03,여자,20 - 29세,강원특별자치도,일반판매,예식서비스,청약철회
2024018172,2024-04-03,남자,20 - 29세,대구광역시,국내온라인거래,호텔,가격.요금
2024018173,2024-04-03,남자,50 - 59세,경기도,국내온라인거래,택배화물운송서비스,계약불이행(불완전이행)
2024018174,2024-04-03,남자,50 - 59세,경기도,국내온라인거래,기타인테리어설비,AS불만
2024018175,2024-04-03,여자,50 - 59세,경기도,일반판매,소파,품질(물품/용역)
2024018176,2024-04-03,여자,50 - 59세,전라북도,국내온라인거래,기타가구,청약철회
2024018177,2024-04-03,여자,30 - 39세,경기도,국내온라인거래,외식,품질(물품/용역)
2024018178,2024-04-03,남자,30 - 39세,경상남도,방문판매,방범경보장치,부당채권추심
2024018179,2024-04-03,남자,20 - 29세,경기도,방문판매,헬스장,계약해제.해지/위약금
2024018180,2024-04-03,여자,30 - 39세,경기도,소셜커머스(쇼핑),사진촬영,계약불이행(불완전이행)
2024018181,2024-04-03,남자,40 - 49세,전라남도,국내온라인거래,비타민제,계약불이행(불완전이행)
2024018182,2024-04-03,남자,20 - 29세,서울특별시,일반판매,헬스장,계약해제.해지/위약금
2024018183,2024-04-03,여자,20 - 29세,서울특별시,방문판매,헬스장,계약해제.해지/위약금
2024018184,2024-04-03,남자,30 - 39세,서울특별시,일반판매,룸에어컨,계약불이행(불완전이행)
2024018185,2024-04-03,여자,30 - 39세,광주광역시,일반판매,전기진공청소기,청약철회
2024018186,2024-04-03,남자,10세 미만,대구광역시,국내온라인거래,항공여객운송서비스,이자.수수료
2024018187,2024-04-03,여자,30 - 39세,경상남도,국내온라인거래,전기진공청소기,AS불만
2024018188,2024-04-03,남자,30 - 39세,경기도,방문판매,콘도회원권,계약해제.해지/위약금
2024018189,2024-04-03,남자,20 - 29세,경기도,방문판매,헬스장,계약해제.해지/위약금
2024018190,2024-04-03,남자,65 - 69세,서울특별시,국내온라인거래,국외여행,계약불이행(불완전이행)
2024018191,2024-04-03,남자,50 - 59세,경기도,국내온라인거래,기타미분류물품,청약철회
2024018192,2024-04-03,여자,20 - 29세,경상남도,일반판매,헬스장,계약해제.해지/위약금
2024018137,2024-04-03,여자,30 - 39세,경기도,일반판매,한의원,계약해제.해지/위약금
2024018193,2024-04-03,여자,20 - 29세,경상남도,모바일거래,외국어강습,계약해제.해지/위약금
2024018194,2024-04-03,여자,40 - 49세,충청남도,TV홈쇼핑,기타이·미용기구,AS불만
2024018195,2024-04-03,여자,20 - 29세,경기도,일반판매,헬스장,계약해제.해지/위약금
2024018196,2024-04-03,여자,50 - 59세,경상남도,기타,피부·체형관리서비스,계약해제.해지/위약금
2024018197,2024-04-03,남자,20 - 29세,서울특별시,모바일거래,버스여객운송서비스,청약철회
2024018198,2024-04-03,여자,30 - 39세,서울특별시,일반판매,포장이사운송서비스,품질(물품/용역)
2024018199,2024-04-03,남자,30 - 39세,서울특별시,국내온라인거래,스포츠시설이용,계약해제.해지/위약금
2024018200,2024-04-03,여자,50 - 59세,서울특별시,기타,기타방재·방범설비,가격.요금
2024018201,2024-04-03,여자,50 - 59세,경기도,국내온라인거래,기타매체광고,계약해제.해지/위약금
2024018202,2024-04-03,남자,30 - 39세,서울특별시,일반판매,예식서비스,계약해제.해지/위약금
2024018203,2024-04-03,남자,50 - 59세,부산광역시,국내온라인거래,식탁,표시.광고
2024018204,2024-04-03,남자,20 - 29세,대구광역시,국내온라인거래,시계,청약철회
2024018205,2024-04-03,여자,20 - 29세,부산광역시,국내온라인거래,점퍼·재킷류,청약철회
2024018206,2024-04-03,남자,30 - 39세,경기도,일반판매,식탁,계약해제.해지/위약금
2024018051,2024-04-03,남자,60 - 64세,대구광역시,일반판매,건강(암·기타질병)보험,계약불이행(불완전이행)
2024018069,2024-04-03,남자,40 - 49세,경상남도,모바일거래,식사배달,표시.광고
2024018207,2024-04-03,남자,30 - 39세,서울특별시,일반판매,사진촬영,부당행위
2024018208,2024-04-03,남자,40 - 49세,대구광역시,기타,음식물처리기대여(렌트),계약불이행(불완전이행)
2024018209,2024-04-03,남자,40 - 49세,경기도,국내온라인거래,소프트웨어,청약철회
2024018210,2024-04-03,여자,30 - 39세,경기도,일반판매,피부·체형관리서비스,계약해제.해지/위약금
2024018211,2024-04-03,여자,30 - 39세,서울특별시,일반판매,일반강습(입시학원등),계약해제.해지/위약금
2024018212,2024-04-03,여자,30 - 39세,경기도,국내온라인거래,철도여객운송서비스,계약해제.해지/위약금
2024018213,2024-04-03,여자,30 - 39세,서울특별시,일반판매,학습지,청약철회
2024018214,2024-04-03,남자,40 - 49세,경기도,국내온라인거래,노트북컴퓨터,품질(물품/용역)
2024018215,2024-04-03,여자,40 - 49세,경기도,국내온라인거래,인터넷교육서비스,계약해제.해지/위약금
2024018216,2024-04-03,남자,30 - 39세,강원특별자치도,일반판매,양복(서양식 의복)세탁,품질(물품/용역)
2024018217,2024-04-03,남자,20 - 29세,세종특별자치시,국내온라인거래,응접테이블,계약불이행(불완전이행)
2024018218,2024-04-03,여자,50 - 59세,서울특별시,방문판매,기타주방설비,계약불이행(불완전이행)
2024018219,2024-04-03,여자,30 - 39세,서울특별시,일반판매,"OTT서비스(넷플릭스,왓챠 등)",부당행위
2024018220,2024-04-03,여자,40 - 49세,경기도,일반판매,항공여객운송서비스,계약해제.해지/위약금
2024018221,2024-04-03,여자,20 - 29세,경기도,국내온라인거래,기타신발·용품,청약철회
2024018222,2024-04-03,여자,50 - 59세,제주도,국내온라인거래,화장품세트,부당행위
2024018223,2024-04-03,여자,40 - 49세,인천광역시,일반판매,골프회원권,계약해제.해지/위약금
2024018396,2024-04-04,여자,20 - 29세,경기도,일반판매,헬스장,계약해제.해지/위약금
2024018398,2024-04-04,여자,20 - 29세,경기도,국내온라인거래,항공여객운송서비스,계약해제.해지/위약금
2024018399,2024-04-04,남자,30 - 39세,인천광역시,기타,포장이사운송서비스,계약불이행(불완전이행)
2024018400,2024-04-04,남자,20 - 29세,경기도,일반판매,테니스장스쿼시회원권,계약해제.해지/위약금
2024018401,2024-04-04,남자,30 - 39세,서울특별시,국내온라인거래,항공여객운송서비스,부당행위
2024018402,2024-04-04,남자,30 - 39세,경상남도,일반판매,국내결혼중개,계약불이행(불완전이행)
2024018403,2024-04-04,남자,40 - 49세,광주광역시,국내온라인거래,이동전화서비스,부당행위
2024018404,2024-04-04,여자,30 - 39세,전라남도,국내온라인거래,숙녀화(구두·부츠 등),청약철회
2024018405,2024-04-04,남자,50 - 59세,서울특별시,소셜커머스(쇼핑),침대,청약철회
2024018406,2024-04-04,여자,20 - 29세,경기도,국내온라인거래,호텔,계약해제.해지/위약금
2024018407,2024-04-04,여자,30 - 39세,서울특별시,기타,미분류컨설팅(자문),계약불이행(불완전이행)
2024018408,2024-04-04,남자,40 - 49세,서울특별시,일반판매,기타주택·건물,계약해제.해지/위약금
2024018409,2024-04-04,여자,60 - 64세,서울특별시,일반판매,미용서비스,부당행위
2024018410,2024-04-04,여자,30 - 39세,경기도,소셜커머스(쇼핑),전기세탁기,AS불만
2024018411,2024-04-04,여자,40 - 49세,경기도,일반판매,사진촬영,청약철회
2024018412,2024-04-04,남자,20 - 29세,서울특별시,일반판매,미용서비스,품질(물품/용역)
2024018413,2024-04-04,남자,40 - 49세,서울특별시,국내온라인거래,소파,AS불만
2024018414,2024-04-04,남자,30 - 39세,경기도,기타,컴퓨터모니터(데스크탑),품질(물품/용역)
2024018415,2024-04-04,여자,40 - 49세,서울특별시,기타,양복(서양식 의복)세탁,품질(물품/용역)
2024018416,2024-04-04,여자,20 - 29세,경기도,방문판매,헬스장,계약해제.해지/위약금
2024018417,2024-04-04,남자,20 - 29세,인천광역시,일반판매,아파트,AS불만
2024018418,2024-04-04,여자,40 - 49세,경기도,일반판매,헬스장,계약해제.해지/위약금
2024018419,2024-04-04,여자,20 - 29세,서울특별시,기타,기타수선·염색서비스,계약불이행(불완전이행)
2024018420,2024-04-04,여자,20 - 29세,경기도,국내온라인거래,운동화,표시.광고
2024018421,2024-04-04,여자,30 - 39세,충청북도,일반판매,학습지,계약해제.해지/위약금
2024018422,2024-04-04,여자,40 - 49세,경기도,국제온라인거래,기타의류·섬유,청약철회
2024018423,2024-04-04,여자,30 - 39세,서울특별시,일반판매,골프회원권,계약해제.해지/위약금
2024018424,2024-04-04,남자,40 - 49세,대구광역시,일반판매,기타세탁서비스,품질(물품/용역)
2024018425,2024-04-04,여자,40 - 49세,충청북도,국내온라인거래,기타숙박시설,청약철회
2024018426,2024-04-04,남자,40 - 49세,서울특별시,기타통신판매,인터넷교육서비스,계약해제.해지/위약금
2024018427,2024-04-04,남자,40 - 49세,경기도,모바일거래,기타정보이용서비스,부당행위
2024018428,2024-04-04,여자,20 - 29세,서울특별시,국내온라인거래,보석·귀금속,표시.광고
2024018429,2024-04-04,남자,20 - 29세,인천광역시,국내온라인거래,기타매체광고,계약해제.해지/위약금
2024018430,2024-04-04,여자,40 - 49세,경기도,기타,헬스장,계약해제.해지/위약금
2024018431,2024-04-04,여자,30 - 39세,서울특별시,일반판매,신발세탁,품질(물품/용역)
2024018432,2024-04-04,남자,20 - 29세,대구광역시,기타,식기세척기,계약불이행(불완전이행)
2024018433,2024-04-04,여자,40 - 49세,서울특별시,국내온라인거래,기타의류·섬유,계약해제.해지/위약금
2024018434,2024-04-04,남자,10세 미만,대구광역시,일반판매,헬스장,계약해제.해지/위약금
2024018435,2024-04-04,남자,40 - 49세,경기도,일반판매,포장이사운송서비스,품질(물품/용역)
2024018436,2024-04-04,남자,40 - 49세,서울특별시,국내온라인거래,인터넷정보이용서비스,계약해제.해지/위약금
2024018437,2024-04-04,여자,20 - 29세,경기도,국내온라인거래,통신기기케이스,청약철회
2024018438,2024-04-04,여자,40 - 49세,제주도,국내온라인거래,운동화,청약철회
2024018439,2024-04-04,남자,30 - 39세,전라북도,기타통신판매,샴푸,계약불이행(불완전이행)
2024018440,2024-04-04,남자,30 - 39세,경기도,일반판매,전기세탁기,계약불이행(불완전이행)
2024018441,2024-04-04,남자,40 - 49세,경기도,국내온라인거래,국외여행,표시.광고
2024018442,2024-04-04,여자,40 - 49세,서울특별시,후원방문판매,샴푸,계약해제.해지/위약금
2024018443,2024-04-04,남자,30 - 39세,인천광역시,모바일거래,항공여객운송서비스,계약해제.해지/위약금
2024018444,2024-04-04,남자,30 - 39세,서울특별시,국내온라인거래,의자,청약철회
2024018445,2024-04-04,여자,20 - 29세,대구광역시,일반판매,헬스장,계약해제.해지/위약금
2024018446,2024-04-04,여자,30 - 39세,서울특별시,국내온라인거래,사진촬영,계약해제.해지/위약금
2024018447,2024-04-04,여자,30 - 39세,충청남도,국내온라인거래,스마트폰,청약철회
2024018448,2024-04-04,여자,40 - 49세,경기도,기타,포장이사운송서비스,품질(물품/용역)
2024018449,2024-04-04,여자,40 - 49세,서울특별시,국내온라인거래,레저·이벤트회원권,계약불이행(불완전이행)
2024018450,2024-04-04,여자,20 - 29세,서울특별시,기타,종합체육시설회원권,계약해제.해지/위약금
2024018451,2024-04-04,여자,40 - 49세,경상남도,국내온라인거래,보석·귀금속,부당행위
2024018452,2024-04-04,여자,50 - 59세,경기도,일반판매,포장이사운송서비스,부당행위
2024018453,2024-04-04,여자,40 - 49세,경기도,일반판매,일반강습(입시학원등),계약해제.해지/위약금
2024018454,2024-04-04,여자,20 - 29세,서울특별시,방문판매,헬스장,계약해제.해지/위약금
2024018455,2024-04-04,남자,20 - 29세,서울특별시,기타,기타세탁서비스,계약불이행(불완전이행)
2024018456,2024-04-04,남자,20 - 29세,대구광역시,일반판매,냉장고,계약불이행(불완전이행)
2024018457,2024-04-04,남자,40 - 49세,부산광역시,국내온라인거래,기타의자류,품질(물품/용역)
2024018458,2024-04-04,남자,20 - 29세,서울특별시,일반판매,헬스장,계약불이행(불완전이행)
2024018459,2024-04-04,남자,30 - 39세,세종특별자치시,국내온라인거래,호텔,계약해제.해지/위약금
2024018460,2024-04-04,남자,50 - 59세,대구광역시,국내온라인거래,액정보호필름,표시.광고
2024018461,2024-04-04,여자,30 - 39세,서울특별시,일반판매,이동전화서비스,가격.요금
2024018462,2024-04-04,여자,40 - 49세,경상남도,국내온라인거래,기타의류·섬유,청약철회
2024018463,2024-04-04,남자,20 - 29세,서울특별시,일반판매,오피스텔,계약해제.해지/위약금
2024018464,2024-04-04,여자,40 - 49세,서울특별시,일반판매,선박여객운송서비스,계약불이행(불완전이행)
2024018465,2024-04-04,남자,50 - 59세,경기도,일반판매,공중목욕탕,부당행위
2024018466,2024-04-04,남자,60 - 64세,경기도,국내온라인거래,TV,AS불만
2024018467,2024-04-04,남자,40 - 49세,경기도,국내온라인거래,호텔,계약해제.해지/위약금
2024018468,2024-04-04,여자,20 - 29세,경기도,국내온라인거래,항공여객운송서비스,부당행위
2024018469,2024-04-04,여자,30 - 39세,서울특별시,일반판매,기타회원권,계약해제.해지/위약금
2024018470,2024-04-04,남자,40 - 49세,서울특별시,국내온라인거래,전기맛사지기,청약철회
2024018471,2024-04-04,여자,20 - 29세,서울특별시,국내온라인거래,모자,청약철회
2024018472,2024-04-04,여자,40 - 49세,충청북도,일반판매,호텔,품질(물품/용역)
2024018473,2024-04-04,여자,10 - 19세,인천광역시,전화권유판매,인터넷교육서비스,계약해제.해지/위약금
2024018474,2024-04-04,남자,40 - 49세,경상북도,기타,건물청소서비스,부당행위
2024018475,2024-04-04,남자,50 - 59세,경상남도,방문판매,이불·요,계약불이행(불완전이행)
2024018476,2024-04-04,여자,40 - 49세,경기도,소셜커머스(쇼핑),우유,부당행위
2024018477,2024-04-04,여자,30 - 39세,서울특별시,일반판매,포장이사운송서비스,품질(물품/용역)
2024018478,2024-04-04,여자,20 - 29세,경기도,일반판매,헬스장,계약해제.해지/위약금
2024018479,2024-04-04,여자,40 - 49세,경기도,방문판매,우유,계약해제.해지/위약금
2024018480,2024-04-04,여자,30 - 39세,전라북도,국내온라인거래,기타신발·용품,청약철회
2024018481,2024-04-04,남자,30 - 39세,전라북도,국내온라인거래,감귤,청약철회
2024018482,2024-04-04,여자,30 - 39세,충청북도,방문판매,헬스장,계약해제.해지/위약금
2024018483,2024-04-04,남자,20 - 29세,서울특별시,기타통신판매,기타숙박시설,계약불이행(불완전이행)
2024018264,2024-04-04,여자,30 - 39세,경기도,일반판매,사진촬영,계약해제.해지/위약금
2024018268,2024-04-04,여자,40 - 49세,경기도,일반판매,미분류대여(렌트),부당행위
2024018270,2024-04-04,여자,60 - 64세,경상남도,국내온라인거래,침대,품질(물품/용역)
2024018277,2024-04-04,여자,60 - 64세,서울특별시,일반판매,실손보험,약관
2024018280,2024-04-04,여자,20 - 29세,서울특별시,일반판매,필라테스,계약해제.해지/위약금
2024018283,2024-04-04,여자,40 - 49세,전라북도,국내온라인거래,국외여행,품질(물품/용역)
2024018284,2024-04-04,남자,30 - 39세,부산광역시,소셜커머스(쇼핑),각종쿠폰류(무료통화권포함),청약철회
2024018290,2024-04-04,남자,40 - 49세,전라북도,국내온라인거래,국외여행,품질(물품/용역)
2024018300,2024-04-04,여자,40 - 49세,울산광역시,국내온라인거래,티셔츠,계약불이행(불완전이행)
2024018301,2024-04-04,남자,40 - 49세,경기도,기타,정수기대여(렌트),계약해제.해지/위약금
2024018322,2024-04-04,여자,30 - 39세,경기도,일반판매,필라테스,계약불이행(불완전이행)
2024018364,2024-04-04,여자,20 - 29세,인천광역시,일반판매,탁자,품질(물품/용역)
2024018261,2024-04-04,여자,30 - 39세,서울특별시,모바일거래,기타이·미용서비스,가격.요금
2024018262,2024-04-04,여자,30 - 39세,서울특별시,국내온라인거래,기타신발·용품,계약불이행(불완전이행)
2024018266,2024-04-04,여자,30 - 39세,서울특별시,국내온라인거래,모형완구,품질(물품/용역)
2024018302,2024-04-04,남자,40 - 49세,서울특별시,소셜커머스(쇼핑),중고전자제품매매업,품질(물품/용역)
2024018317,2024-04-04,여자,20 - 29세,경기도,일반판매,예식서비스,계약해제.해지/위약금
2024018320,2024-04-04,여자,30 - 39세,서울특별시,일반판매,블라우스,계약해제.해지/위약금
2024018347,2024-04-04,남자,30 - 39세,인천광역시,국내온라인거래,스포츠웨어,표시.광고
2024018357,2024-04-04,남자,30 - 39세,서울특별시,소셜커머스(쇼핑),여성용내의류,청약철회
2024018385,2024-04-04,남자,30 - 39세,충청북도,기타,실손보험,계약불이행(불완전이행)
2024018389,2024-04-04,여자,20 - 29세,경기도,일반판매,헬스장,계약해제.해지/위약금
2024018390,2024-04-04,남자,20 - 29세,경기도,기타,테니스장스쿼시회원권,계약해제.해지/위약금
2024018391,2024-04-04,여자,30 - 39세,경기도,기타통신판매,초고속인터넷,거래관행
2024018392,2024-04-04,여자,50 - 59세,인천광역시,국내온라인거래,기타가구,계약해제.해지/위약금
2024018393,2024-04-04,여자,40 - 49세,경기도,국내온라인거래,택배화물운송서비스,계약불이행(불완전이행)
2024018394,2024-04-04,여자,20 - 29세,인천광역시,소셜커머스(쇼핑),점퍼·재킷류,청약철회
2024018395,2024-04-04,여자,30 - 39세,서울특별시,기타,필라테스,계약해제.해지/위약금
2024018263,2024-04-04,여자,20 - 29세,서울특별시,국내온라인거래,소프트웨어,계약불이행(불완전이행)
2024018276,2024-04-04,여자,40 - 49세,인천광역시,일반판매,상해보험,계약불이행(불완전이행)
2024018340,2024-04-04,여자,40 - 49세,인천광역시,국내온라인거래,운동화,계약불이행(불완전이행)
2024018289,2024-04-04,여자,40 - 49세,전라북도,국내온라인거래,국외여행,품질(물품/용역)
2024018291,2024-04-04,남자,40 - 49세,전라북도,국내온라인거래,국외여행,품질(물품/용역)
2024018298,2024-04-04,남자,40 - 49세,경기도,일반판매,헬스장,계약해제.해지/위약금
2024018303,2024-04-04,남자,30 - 39세,경기도,기타,기타가스류,품질(물품/용역)
2024018310,2024-04-04,남자,40 - 49세,경상남도,국내온라인거래,식탁,계약불이행(불완전이행)
2024018311,2024-04-04,남자,40 - 49세,경상북도,일반판매,애완견,계약불이행(불완전이행)
2024018344,2024-04-04,여자,30 - 39세,경기도,일반판매,헬스장,계약불이행(불완전이행)
2024018316,2024-04-04,남자,40 - 49세,경기도,기타통신판매,헬스장,계약해제.해지/위약금
2024018327,2024-04-04,여자,60 - 64세,경기도,TV홈쇼핑,음식물처리기대여(렌트),품질(물품/용역)
2024018345,2024-04-04,남자,50 - 59세,서울특별시,일반판매,자동차리스,계약해제.해지/위약금
2024018367,2024-04-04,여자,50 - 59세,서울특별시,모바일거래,기타매체광고,계약해제.해지/위약금
2024017164,2024-04-04,여자,40 - 49세,대전광역시,일반판매,티셔츠,품질(물품/용역)
2024017890,2024-04-04,여자,50 - 59세,광주광역시,국내온라인거래,점퍼·재킷류,품질(물품/용역)
2024018267,2024-04-04,여자,60 - 64세,경상북도,일반판매,기타이·미용서비스,계약불이행(불완전이행)
2024018269,2024-04-04,여자,40 - 49세,충청북도,기타,실손보험,계약불이행(불완전이행)
2024018272,2024-04-04,남자,50 - 59세,부산광역시,일반판매,기타공조·냉난방기기,계약불이행(불완전이행)
2024018275,2024-04-04,여자,40 - 49세,경기도,TV홈쇼핑,국외여행,품질(물품/용역)
2024018286,2024-04-04,여자,40 - 49세,대구광역시,소셜커머스(쇼핑),숙녀화(구두·부츠 등),청약철회
2024018335,2024-04-04,남자,40 - 49세,서울특별시,국내온라인거래,오토바이,품질(물품/용역)
2024018370,2024-04-04,여자,30 - 39세,경상남도,일반판매,항공여객운송서비스,거래관행
2024018372,2024-04-04,여자,30 - 39세,경기도,일반판매,헬스장,계약해제.해지/위약금
2024018381,2024-04-04,남자,30 - 39세,경기도,국내온라인거래,항공여객운송서비스,청약철회
2024018382,2024-04-04,남자,65 - 69세,경기도,일반판매,가스보일러,부당행위
2024018273,2024-04-04,남자,50 - 59세,경상남도,일반판매,중형승용자동차,품질(물품/용역)
2024018278,2024-04-04,여자,30 - 39세,서울특별시,일반판매,헬스장,계약해제.해지/위약금
2024018279,2024-04-04,남자,30 - 39세,서울특별시,일반판매,헬스장,계약해제.해지/위약금
2024018287,2024-04-04,남자,40 - 49세,서울특별시,기타,타이어,AS불만
2024018295,2024-04-04,여자,40 - 49세,경기도,전화권유판매,유사투자자문,계약해제.해지/위약금
2024018296,2024-04-04,여자,70 - 79세,충청남도,일반판매,정수기대여(렌트),계약해제.해지/위약금
2024018299,2024-04-04,남자,40 - 49세,서울특별시,국내온라인거래,우유,계약불이행(불완전이행)
2024018304,2024-04-04,남자,50 - 59세,서울특별시,방문판매,상조서비스,계약해제.해지/위약금
2024018308,2024-04-04,여자,40 - 49세,대전광역시,국내온라인거래,통신기기케이스,계약불이행(불완전이행)
2024018309,2024-04-04,여자,30 - 39세,경기도,일반판매,필라테스,계약해제.해지/위약금
2024018313,2024-04-04,여자,30 - 39세,경기도,일반판매,헬스장,계약해제.해지/위약금
2024018314,2024-04-04,여자,20 - 29세,경기도,국내온라인거래,점퍼·재킷류,청약철회
2024018321,2024-04-04,여자,50 - 59세,부산광역시,국내온라인거래,숙녀화(구두·부츠 등),계약불이행(불완전이행)
2024018323,2024-04-04,여자,40 - 49세,전라남도,국내온라인거래,점퍼·재킷류,계약해제.해지/위약금
2024018325,2024-04-04,여자,20 - 29세,인천광역시,일반판매,필라테스,계약해제.해지/위약금
2024018332,2024-04-04,남자,50 - 59세,경상북도,일반판매,중고자동차중개·매매,표시.광고
2024018334,2024-04-04,남자,60 - 64세,충청남도,일반판매,콘도회원권,계약불이행(불완전이행)
2024018342,2024-04-04,남자,30 - 39세,경기도,일반판매,헬스장,계약해제.해지/위약금
2024018369,2024-04-04,여자,40 - 49세,충청북도,모바일거래,모바일게임서비스,무능력자계약
2024018353,2024-04-04,남자,50 - 59세,서울특별시,전화권유판매,인터넷정보이용서비스,계약해제.해지/위약금
2024018354,2024-04-04,여자,70 - 79세,경기도,일반판매,치과,계약해제.해지/위약금
2024018359,2024-04-04,여자,40 - 49세,울산광역시,국내온라인거래,숙녀화(구두·부츠 등),청약철회
2024018365,2024-04-04,여자,40 - 49세,경상북도,기타,사진촬영,계약해제.해지/위약금
2024018366,2024-04-04,여자,40 - 49세,서울특별시,국내온라인거래,기타이·미용기구,품질(물품/용역)
2024016939,2024-04-04,남자,20 - 29세,울산광역시,일반판매,양복(서양식 의복)세탁,품질(물품/용역)
2024018374,2024-04-04,여자,40 - 49세,경기도,일반판매,포장이사운송서비스,거래관행
2024018380,2024-04-04,여자,20 - 29세,경기도,모바일거래,호텔,계약해제.해지/위약금
2024018386,2024-04-04,여자,40 - 49세,경기도,기타,자동차리스,계약해제.해지/위약금
2024018387,2024-04-04,남자,30 - 39세,서울특별시,국내온라인거래,보석·귀금속,계약해제.해지/위약금
2024017893,2024-04-04,남자,20 - 29세,충청북도,일반판매,양복(서양식 의복)세탁,품질(물품/용역)
2024017377,2024-04-04,여자,30 - 39세,경기도,일반판매,핸드백,품질(물품/용역)
2024018260,2024-04-04,남자,10 - 19세,서울특별시,일반판매,헬스장,계약해제.해지/위약금
2024018265,2024-04-04,여자,60 - 64세,충청북도,기타,초고속인터넷,계약해제.해지/위약금
2024018271,2024-04-04,여자,50 - 59세,인천광역시,일반판매,필라테스,계약해제.해지/위약금
2024018282,2024-04-04,여자,30 - 39세,서울특별시,일반판매,실손보험,계약불이행(불완전이행)
2024018288,2024-04-04,여자,40 - 49세,경상남도,기타,필라테스,계약해제.해지/위약금
2024018292,2024-04-04,남자,40 - 49세,전라북도,국내온라인거래,국외여행,품질(물품/용역)
2024018293,2024-04-04,여자,30 - 39세,충청남도,기타통신판매,점퍼·재킷류,청약철회
2024018294,2024-04-04,남자,30 - 39세,경기도,국내온라인거래,호텔,청약철회
2024018297,2024-04-04,여자,40 - 49세,경기도,기타,묘지설비,계약해제.해지/위약금
2024017387,2024-04-04,여자,50 - 59세,부산광역시,국내온라인거래,기타간편복,품질(물품/용역)
2024017640,2024-04-04,여자,50 - 59세,서울특별시,일반판매,점퍼·재킷류,품질(물품/용역)
2024017948,2024-04-04,여자,20 - 29세,경상남도,국내온라인거래,점퍼·재킷류,품질(물품/용역)
2024018305,2024-04-04,여자,30 - 39세,충청북도,국내온라인거래,호텔,계약불이행(불완전이행)
2024018306,2024-04-04,여자,50 - 59세,경기도,일반판매,교복,계약해제.해지/위약금
2024018312,2024-04-04,여자,40 - 49세,경기도,국내온라인거래,캐주얼바지,계약불이행(불완전이행)
2024018324,2024-04-04,여자,40 - 49세,경기도,국내온라인거래,식탁,품질(물품/용역)
2024018326,2024-04-04,남자,30 - 39세,대전광역시,일반판매,전기자전거,가격.요금
2024018328,2024-04-04,남자,30 - 39세,경기도,일반판매,헬스장,계약해제.해지/위약금
2024018329,2024-04-04,남자,50 - 59세,서울특별시,일반판매,기타정보이용서비스,계약해제.해지/위약금
2024018341,2024-04-04,남자,불명,경상북도,기타,체크카드,부당행위
2024018343,2024-04-04,여자,40 - 49세,경기도,일반판매,기타이·미용서비스,계약해제.해지/위약금
2024018348,2024-04-04,남자,60 - 64세,충청남도,일반판매,치과,품질(물품/용역)
2024018349,2024-04-04,남자,40 - 49세,강원특별자치도,기타,자동차수리·점검,계약불이행(불완전이행)
2024018355,2024-04-04,남자,65 - 69세,경기도,일반판매,타이어,품질(물품/용역)
2024018360,2024-04-04,여자,30 - 39세,경기도,일반판매,한의원,계약해제.해지/위약금
2024018373,2024-04-04,남자,50 - 59세,경상북도,방문판매,각종자격취득강습,계약해제.해지/위약금
2024018376,2024-04-04,남자,40 - 49세,대전광역시,국내온라인거래,중형승용자동차,계약불이행(불완전이행)
2024018377,2024-04-04,남자,70 - 79세,서울특별시,국내온라인거래,사과,계약불이행(불완전이행)
2024018384,2024-04-04,남자,30 - 39세,경기도,일반판매,상품권,청약철회
2024018375,2024-04-04,남자,불명,부산광역시,국내온라인거래,기타문화·오락시설이용,청약철회
2024018379,2024-04-04,남자,30 - 39세,서울특별시,국내온라인거래,자동차대여(렌트),부당행위
2024018378,2024-04-04,남자,65 - 69세,부산광역시,기타,실손보험,계약불이행(불완전이행)
2024018510,2024-04-05,여자,50 - 59세,인천광역시,기타통신판매,시스템에어컨,계약불이행(불완전이행)
2024018515,2024-04-05,남자,40 - 49세,경기도,일반판매,기타교육서비스,계약해제.해지/위약금
2024018522,2024-04-05,여자,50 - 59세,경상북도,일반판매,필라테스,계약해제.해지/위약금
2024018524,2024-04-05,여자,40 - 49세,서울특별시,일반판매,방문교육,계약불이행(불완전이행)
2024018525,2024-04-05,남자,30 - 39세,서울특별시,국내온라인거래,항공여객운송서비스,청약철회
2024018526,2024-04-05,여자,40 - 49세,세종특별자치시,전화권유판매,인터넷정보이용서비스,약관
2024018529,2024-04-05,여자,40 - 49세,경기도,일반판매,미용서비스,계약해제.해지/위약금
2024018531,2024-04-05,남자,80세이상,인천광역시,TV홈쇼핑,안마의자대여(렌트),계약해제.해지/위약금
2024018534,2024-04-05,여자,40 - 49세,경기도,국내온라인거래,항공여객운송서비스,청약철회
2024018536,2024-04-05,여자,20 - 29세,부산광역시,일반판매,필라테스,계약해제.해지/위약금
2024018541,2024-04-05,남자,20 - 29세,서울특별시,국내온라인거래,국내여행,계약불이행(불완전이행)
2024018542,2024-04-05,남자,60 - 64세,경상남도,전화권유판매,기타농업용기계,품질(물품/용역)
2024017686,2024-04-05,여자,40 - 49세,대구광역시,소셜커머스(쇼핑),셔츠,품질(물품/용역)
2024018547,2024-04-05,남자,40 - 49세,서울특별시,일반판매,자동차수리·점검,계약불이행(불완전이행)
2024018549,2024-04-05,남자,20 - 29세,서울특별시,일반판매,피부·체형관리서비스,계약해제.해지/위약금
2024018552,2024-04-05,여자,30 - 39세,경상북도,일반판매,항공여객운송서비스,계약해제.해지/위약금
2024018558,2024-04-05,여자,50 - 59세,서울특별시,국내온라인거래,전기세탁기,계약불이행(불완전이행)
2024018528,2024-04-05,남자,30 - 39세,경기도,국내온라인거래,이동전화서비스,청약철회
2024018535,2024-04-05,남자,50 - 59세,인천광역시,일반판매,전기압력밥솥,AS불만
2024018537,2024-04-05,여자,50 - 59세,서울특별시,일반판매,포장이사운송서비스,품질(물품/용역)
2024018546,2024-04-05,여자,20 - 29세,서울특별시,일반판매,헬스장,계약해제.해지/위약금
2024018556,2024-04-05,남자,30 - 39세,세종특별자치시,기타통신판매,전기자동차,계약불이행(불완전이행)
2024017707,2024-04-05,남자,50 - 59세,서울특별시,일반판매,지갑,품질(물품/용역)
2024018559,2024-04-05,여자,40 - 49세,서울특별시,일반판매,침대,계약해제.해지/위약금
2024018576,2024-04-05,여자,40 - 49세,부산광역시,방문판매,인터넷교육서비스,계약해제.해지/위약금
2024018487,2024-04-05,여자,40 - 49세,서울특별시,일반판매,골프회원권,계약해제.해지/위약금
2024018502,2024-04-05,여자,60 - 64세,서울특별시,국내온라인거래,기타의류·섬유,청약철회
2024018509,2024-04-05,남자,30 - 39세,서울특별시,소셜커머스(쇼핑),기타스포츠·레저기구·용품,품질(물품/용역)
2024016937,2024-04-05,여자,30 - 39세,인천광역시,국내온라인거래,스포츠웨어,청약철회
2024018813,2024-04-05,여자,40 - 49세,경기도,일반판매,종합체육시설회원권,계약해제.해지/위약금
2024015949,2024-04-05,남자,40 - 49세,충청남도,국내온라인거래,이불·요,품질(물품/용역)
2024018496,2024-04-05,남자,30 - 39세,충청북도,국내온라인거래,기타간편복,청약철회
2024018497,2024-04-05,남자,40 - 49세,전라남도,전화권유판매,유사투자자문,청약철회
2024018500,2024-04-05,남자,30 - 39세,경기도,일반판매,헬스장,계약해제.해지/위약금
2024018565,2024-04-05,여자,40 - 49세,경상북도,기타통신판매,건물청소서비스,계약불이행(불완전이행)
2024018570,2024-04-05,남자,50 - 59세,경기도,일반판매,전기세탁기,가격.요금
2024018669,2024-04-05,남자,40 - 49세,인천광역시,일반판매,이동전화서비스,표시.광고
2024018670,2024-04-05,여자,20 - 29세,서울특별시,일반판매,국내결혼중개,계약해제.해지/위약금
2024018671,2024-04-05,남자,30 - 39세,경상북도,일반판매,기타예식관련서비스,계약해제.해지/위약금
2024018672,2024-04-05,여자,70 - 79세,서울특별시,국내온라인거래,가스보일러,품질(물품/용역)
2024018673,2024-04-05,여자,50 - 59세,경상남도,일반판매,국외여행,계약불이행(불완전이행)
2024018674,2024-04-05,여자,60 - 64세,인천광역시,기타,국내여행,품질(물품/용역)
2024018675,2024-04-05,남자,40 - 49세,대전광역시,국내온라인거래,모바일게임서비스,청약철회
2024018676,2024-04-05,여자,30 - 39세,경상남도,기타통신판매,식사배달,안전(제품/시설)
2024018677,2024-04-05,남자,20 - 29세,경기도,일반판매,국외여행,계약해제.해지/위약금
2024018490,2024-04-05,여자,30 - 39세,서울특별시,일반판매,헬스장,계약해제.해지/위약금
2024018492,2024-04-05,남자,불명,강원특별자치도,국내온라인거래,레저시설이용,계약해제.해지/위약금
2024018494,2024-04-05,여자,30 - 39세,서울특별시,국내온라인거래,핸드백,계약불이행(불완전이행)
2024018501,2024-04-05,남자,50 - 59세,충청남도,국내온라인거래,기타서적음반류,청약철회
2024018507,2024-04-05,남자,20 - 29세,충청남도,국내온라인거래,국외여행,계약해제.해지/위약금
2024018512,2024-04-05,여자,65 - 69세,부산광역시,일반판매,변호서비스,계약해제.해지/위약금
2024018513,2024-04-05,남자,60 - 64세,서울특별시,국내온라인거래,전기압력밥솥,계약불이행(불완전이행)
2024018517,2024-04-05,여자,30 - 39세,경기도,국내온라인거래,운동화,청약철회
2024018518,2024-04-05,여자,30 - 39세,서울특별시,일반판매,기타숙박시설,계약불이행(불완전이행)
2024018530,2024-04-05,남자,30 - 39세,경상남도,일반판매,헬스장,계약해제.해지/위약금
2024018523,2024-04-05,남자,40 - 49세,경기도,기타통신판매,스마트폰,AS불만
2024018532,2024-04-05,여자,30 - 39세,서울특별시,소셜커머스(쇼핑),핸드백,청약철회
2024018543,2024-04-05,남자,40 - 49세,서울특별시,일반판매,외식,거래관행
2024018575,2024-04-05,남자,50 - 59세,경기도,기타,비뇨의학과,품질(물품/용역)
2024018580,2024-04-05,남자,40 - 49세,서울특별시,일반판매,외식,계약불이행(불완전이행)
2024018548,2024-04-05,남자,불명,경기도,일반판매,자동차수리·점검,계약불이행(불완전이행)
2024018503,2024-04-05,여자,60 - 64세,서울특별시,일반판매,치과,품질(물품/용역)
2024018516,2024-04-05,남자,65 - 69세,경기도,모바일거래,신용카드,이자.수수료
2024018601,2024-04-05,남자,30 - 39세,경기도,국내온라인거래,의자,청약철회
2024018602,2024-04-05,남자,40 - 49세,경기도,소셜커머스(쇼핑),기타매체광고,부당행위
2024018603,2024-04-05,남자,30 - 39세,대구광역시,일반판매,국내결혼중개,계약해제.해지/위약금
2024018604,2024-04-05,남자,40 - 49세,경기도,기타통신판매,항공여객운송서비스,계약해제.해지/위약금
2024018605,2024-04-05,여자,50 - 59세,강원특별자치도,국내온라인거래,비타민제,계약불이행(불완전이행)
2024018606,2024-04-05,여자,40 - 49세,경기도,기타,음식물처리기대여(렌트),청약철회
2024018607,2024-04-05,여자,20 - 29세,충청남도,일반판매,미용서비스,계약불이행(불완전이행)
2024018608,2024-04-05,남자,20 - 29세,대전광역시,국내온라인거래,이동전화서비스,부당채권추심
2024018609,2024-04-05,남자,40 - 49세,충청북도,일반판매,기타행정서비스,계약불이행(불완전이행)
2024018610,2024-04-05,여자,20 - 29세,인천광역시,일반판매,그림,품질(물품/용역)
2024018611,2024-04-05,남자,40 - 49세,경기도,일반판매,기타조리기기·기구,AS불만
2024018612,2024-04-05,여자,30 - 39세,서울특별시,일반판매,택배화물운송서비스,계약불이행(불완전이행)
2024018613,2024-04-05,여자,30 - 39세,경기도,국내온라인거래,기타미분류물품,계약해제.해지/위약금
2024018614,2024-04-05,남자,40 - 49세,경기도,전화권유판매,다이어트식품,계약불이행(불완전이행)
2024018615,2024-04-05,남자,30 - 39세,부산광역시,일반판매,헬스장,계약해제.해지/위약금
2024018616,2024-04-05,여자,30 - 39세,광주광역시,방문판매,가스보일러,부당행위
2024018617,2024-04-05,남자,20 - 29세,경기도,일반판매,고시원이용,계약해제.해지/위약금
2024018618,2024-04-05,남자,50 - 59세,서울특별시,국내온라인거래,인터넷교육서비스,부당행위
2024018619,2024-04-05,남자,20 - 29세,부산광역시,국내온라인거래,인터넷게임서비스,청약철회
2024018620,2024-04-05,여자,40 - 49세,충청남도,TV홈쇼핑,세탁용합성세제,품질(물품/용역)
2024018621,2024-04-05,남자,60 - 64세,경기도,방문판매,침대·매트리스대여(렌트),AS불만
2024018622,2024-04-05,남자,40 - 49세,경기도,국내온라인거래,건물청소서비스,품질(물품/용역)
2024018623,2024-04-05,남자,40 - 49세,서울특별시,국내온라인거래,기타가방,청약철회
2024018624,2024-04-05,여자,30 - 39세,서울특별시,국내온라인거래,항공여객운송서비스,계약해제.해지/위약금
2024018625,2024-04-05,남자,30 - 39세,서울특별시,국내온라인거래,운동화,청약철회
2024018626,2024-04-05,여자,30 - 39세,서울특별시,국내온라인거래,향수,청약철회
2024018627,2024-04-05,여자,20 - 29세,경상남도,일반판매,소파,청약철회
2024018628,2024-04-05,여자,40 - 49세,서울특별시,국내온라인거래,소프트웨어,계약해제.해지/위약금
2024018629,2024-04-05,여자,30 - 39세,서울특별시,일반판매,냉난방시스템,계약해제.해지/위약금
2024018630,2024-04-05,여자,20 - 29세,경기도,국내온라인거래,항공여객운송서비스,계약불이행(불완전이행)
2024018631,2024-04-05,남자,40 - 49세,경기도,일반판매,항공화물운송서비스,품질(물품/용역)
2024018632,2024-04-05,여자,40 - 49세,경기도,일반판매,스프링매트리스,품질(물품/용역)
2024017385,2024-04-05,남자,40 - 49세,경기도,국내온라인거래,점퍼·재킷류,품질(물품/용역)
2024018499,2024-04-05,남자,30 - 39세,경기도,국내온라인거래,기타숙박시설,청약철회
2024018544,2024-04-05,남자,40 - 49세,서울특별시,일반판매,노인복지,계약해제.해지/위약금
2024018633,2024-04-05,여자,50 - 59세,인천광역시,일반판매,헬스장,계약해제.해지/위약금
2024018634,2024-04-05,남자,20 - 29세,서울특별시,국내온라인거래,항공여객운송서비스,청약철회
2024018635,2024-04-05,남자,40 - 49세,강원특별자치도,국내온라인거래,일반이사운송서비스,품질(물품/용역)
2024018636,2024-04-05,여자,30 - 39세,경기도,소셜커머스(쇼핑),전기요,안전(제품/시설)
2024018637,2024-04-05,남자,40 - 49세,서울특별시,국내온라인거래,기타건강식품,계약불이행(불완전이행)
2024018638,2024-04-05,남자,40 - 49세,충청남도,국내온라인거래,지갑,품질(물품/용역)
2024018639,2024-04-05,여자,30 - 39세,대구광역시,일반판매,헬스장,계약불이행(불완전이행)
2024018640,2024-04-05,남자,30 - 39세,경기도,전화권유판매,외식,계약해제.해지/위약금
2024018641,2024-04-05,남자,20 - 29세,부산광역시,일반판매,애완동물기타,부당행위
2024018642,2024-04-05,남자,30 - 39세,서울특별시,국제온라인거래,기타화물운송서비스,품질(물품/용역)
2024018643,2024-04-05,남자,50 - 59세,부산광역시,모바일거래,캐주얼바지,계약불이행(불완전이행)
2024018644,2024-04-05,남자,30 - 39세,서울특별시,국내온라인거래,헤드폰·이어폰,청약철회
2024018645,2024-04-05,여자,40 - 49세,인천광역시,국내온라인거래,모바일정보이용서비스,계약해제.해지/위약금
2024018646,2024-04-05,여자,30 - 39세,부산광역시,일반판매,필라테스,계약해제.해지/위약금
2024018647,2024-04-05,여자,50 - 59세,경상북도,국내온라인거래,소스,안전(제품/시설)
2024018648,2024-04-05,남자,30 - 39세,서울특별시,국내온라인거래,마사지류,계약불이행(불완전이행)
2024018649,2024-04-05,여자,20 - 29세,서울특별시,일반판매,미용서비스,품질(물품/용역)
2024018650,2024-04-05,남자,50 - 59세,경기도,일반판매,기타문화·오락시설이용,안전(제품/시설)
2024018651,2024-04-05,남자,20 - 29세,서울특별시,일반판매,헬스장,청약철회
2024018652,2024-04-05,여자,20 - 29세,충청남도,방문판매,필라테스,계약해제.해지/위약금
2024018653,2024-04-05,남자,40 - 49세,서울특별시,소셜커머스(쇼핑),콘도,계약해제.해지/위약금
2024018654,2024-04-05,여자,30 - 39세,서울특별시,소셜커머스(쇼핑),핸드백,청약철회
2024018655,2024-04-05,여자,30 - 39세,인천광역시,기타,수도꼭지,품질(물품/용역)
2024018656,2024-04-05,여자,60 - 64세,경기도,소셜커머스(쇼핑),소파,품질(물품/용역)
2024018657,2024-04-05,여자,70 - 79세,경기도,일반판매,포장이사운송서비스,품질(물품/용역)
2024018658,2024-04-05,여자,40 - 49세,서울특별시,일반판매,침대,청약철회
2024018660,2024-04-05,남자,20 - 29세,경기도,기타통신판매,스포츠시설이용,계약해제.해지/위약금
2024018661,2024-04-05,남자,30 - 39세,부산광역시,모바일거래,항공여객운송서비스,이자.수수료
2024018662,2024-04-05,남자,50 - 59세,서울특별시,일반판매,헬스장,안전(제품/시설)
2024018663,2024-04-05,여자,50 - 59세,경상남도,국제온라인거래,항공여객운송서비스,가격.요금
2024018664,2024-04-05,남자,30 - 39세,서울특별시,전화권유판매,이동전화서비스,계약불이행(불완전이행)
2024018665,2024-04-05,여자,20 - 29세,경기도,전화권유판매,기타건강식품,품질(물품/용역)
2024018666,2024-04-05,남자,30 - 39세,부산광역시,국제온라인거래,호텔,표시.광고
2024018667,2024-04-05,남자,50 - 59세,인천광역시,기타,일반강습(입시학원등),계약해제.해지/위약금
2024018668,2024-04-05,여자,20 - 29세,인천광역시,기타통신판매,기타음료,품질(물품/용역)
2024016946,2024-04-05,여자,20 - 29세,울산광역시,일반판매,니트(스웨터),품질(물품/용역)
2024016731,2024-04-05,여자,30 - 39세,충청북도,국내온라인거래,핸드백,청약철회
2024018484,2024-04-05,남자,불명,서울특별시,국내온라인거래,캐주얼바지,계약불이행(불완전이행)
2024018489,2024-04-05,여자,60 - 64세,서울특별시,일반판매,묘지설비,계약해제.해지/위약금
2024018491,2024-04-05,여자,40 - 49세,경기도,일반판매,피부·체형관리서비스,계약해제.해지/위약금
2024018495,2024-04-05,여자,50 - 59세,경기도,국내온라인거래,인덕션레인지,품질(물품/용역)
2024018505,2024-04-05,남자,65 - 69세,경기도,전화권유판매,기타건강식품,계약해제.해지/위약금
2024018511,2024-04-05,남자,40 - 49세,경기도,모바일거래,기타자동차부품,청약철회
2024018514,2024-04-05,여자,40 - 49세,서울특별시,국내온라인거래,점퍼·재킷류,계약해제.해지/위약금
2024016513,2024-04-05,남자,40 - 49세,경기도,일반판매,티셔츠,품질(물품/용역)
2024018527,2024-04-05,여자,불명,서울특별시,국내온라인거래,원피스,청약철회
2024018533,2024-04-05,여자,불명,경기도,국내온라인거래,도어록,품질(물품/용역)
2024018539,2024-04-05,여자,30 - 39세,인천광역시,일반판매,기타세탁서비스,계약불이행(불완전이행)
2024018540,2024-04-05,여자,40 - 49세,서울특별시,기타,포장이사운송서비스,계약불이행(불완전이행)
2024018550,2024-04-05,남자,70 - 79세,서울특별시,일반판매,동력예취기,품질(물품/용역)
2024018551,2024-04-05,남자,40 - 49세,경기도,일반판매,정수기대여(렌트),약관
2024018554,2024-04-05,남자,40 - 49세,서울특별시,일반판매,기타인테리어설비,AS불만
2024018560,2024-04-05,남자,30 - 39세,대구광역시,일반판매,전기자전거,안전(제품/시설)
2024018567,2024-04-05,남자,65 - 69세,서울특별시,TV홈쇼핑,정수기대여(렌트),계약해제.해지/위약금
2024018581,2024-04-05,남자,불명,서울특별시,국내온라인거래,애완동·식물용품,계약불이행(불완전이행)
2024018488,2024-04-05,남자,20 - 29세,서울특별시,일반판매,전기,품질(물품/용역)
2024018486,2024-04-05,여자,20 - 29세,경기도,일반판매,헬스장,계약불이행(불완전이행)
2024018506,2024-04-05,여자,40 - 49세,서울특별시,국내온라인거래,항공여객운송서비스,계약불이행(불완전이행)
2024018519,2024-04-05,여자,20 - 29세,경기도,모바일거래,현물(금기타),청약철회
2024018520,2024-04-05,남자,20 - 29세,서울특별시,일반판매,중고자동차중개·매매,계약불이행(불완전이행)
2024018564,2024-04-05,여자,65 - 69세,경기도,전화권유판매,기타회원권,계약불이행(불완전이행)
2024018577,2024-04-05,남자,30 - 39세,부산광역시,일반판매,기타자동차용품,계약해제.해지/위약금
2024017104,2024-04-05,여자,30 - 39세,경상북도,국내온라인거래,티셔츠,품질(물품/용역)
2024017662,2024-04-05,여자,20 - 29세,인천광역시,국내온라인거래,천연피혁의류,품질(물품/용역)
2024018701,2024-04-06,여자,60 - 64세,서울특별시,일반판매,기타인테리어설비,품질(물품/용역)
2024018702,2024-04-06,여자,40 - 49세,광주광역시,국내온라인거래,독서실이용,계약해제.해지/위약금
2024018703,2024-04-06,여자,40 - 49세,서울특별시,국내온라인거래,점퍼·재킷류,계약해제.해지/위약금
2024018704,2024-04-06,남자,30 - 39세,경기도,일반판매,기타주방설비,계약불이행(불완전이행)
2024018705,2024-04-06,남자,20 - 29세,서울특별시,방문판매,헬스장,계약해제.해지/위약금
2024018706,2024-04-06,남자,30 - 39세,경기도,일반판매,포장이사운송서비스,품질(물품/용역)
2024018707,2024-04-06,여자,20 - 29세,전라남도,국제온라인거래,항공여객운송서비스,계약불이행(불완전이행)
2024018708,2024-04-06,여자,20 - 29세,서울특별시,국내온라인거래,모자,청약철회
2024018709,2024-04-06,남자,30 - 39세,경기도,후원방문판매,헬스장,계약해제.해지/위약금
2024018710,2024-04-06,여자,20 - 29세,서울특별시,일반판매,종합체육시설회원권,계약해제.해지/위약금
2024018711,2024-04-06,남자,50 - 59세,경상남도,소셜커머스(쇼핑),전기진공청소기,품질(물품/용역)
2024018712,2024-04-06,남자,30 - 39세,충청남도,국내온라인거래,점퍼·재킷류,품질(물품/용역)
2024018713,2024-04-06,남자,30 - 39세,경기도,모바일거래,즉석조리식품,청약철회
2024018714,2024-04-06,여자,50 - 59세,경기도,기타,헬스장,계약해제.해지/위약금
2024018715,2024-04-06,여자,60 - 64세,서울특별시,일반판매,스낵과자,품질(물품/용역)
2024018716,2024-04-06,여자,40 - 49세,대전광역시,기타,기타교육서비스,계약불이행(불완전이행)
2024018717,2024-04-06,남자,60 - 64세,전라남도,방문판매,콘도회원권,계약불이행(불완전이행)
2024018718,2024-04-06,여자,50 - 59세,충청남도,국내온라인거래,티셔츠,계약해제.해지/위약금
2024018719,2024-04-06,남자,20 - 29세,인천광역시,국내온라인거래,여행용가방,품질(물품/용역)
2024018720,2024-04-06,남자,50 - 59세,경기도,국내온라인거래,국외여행,계약불이행(불완전이행)
2024018721,2024-04-06,여자,30 - 39세,강원특별자치도,기타,헬스장,계약해제.해지/위약금
2024018722,2024-04-06,여자,50 - 59세,경기도,기타,기타사설강습서비스,계약해제.해지/위약금
2024018723,2024-04-06,여자,30 - 39세,경기도,일반판매,헬스장,계약해제.해지/위약금
2024018724,2024-04-06,남자,40 - 49세,경기도,국내온라인거래,단행본,부당행위
2024018725,2024-04-06,여자,30 - 39세,인천광역시,일반판매,헬스장,계약해제.해지/위약금
2024018809,2024-04-07,여자,30 - 39세,전라남도,모바일거래,숙녀화(구두·부츠 등),청약철회
2024018810,2024-04-07,남자,30 - 39세,서울특별시,국내온라인거래,초고속인터넷,가격.요금
2024018811,2024-04-07,여자,50 - 59세,강원특별자치도,국내온라인거래,전기진공청소기,품질(물품/용역)
2024018812,2024-04-07,남자,30 - 39세,부산광역시,기타통신판매,기타스포츠·레저기구·용품,청약철회
2024018801,2024-04-07,남자,20 - 29세,경기도,방문판매,인터넷교육서비스,계약해제.해지/위약금
2024018802,2024-04-07,남자,30 - 39세,서울특별시,일반판매,자격시험기타,계약해제.해지/위약금
2024018803,2024-04-07,남자,30 - 39세,서울특별시,국내온라인거래,점퍼·재킷류,품질(물품/용역)
2024018804,2024-04-07,남자,20 - 29세,서울특별시,일반판매,헬스장,계약해제.해지/위약금
2024018805,2024-04-07,여자,40 - 49세,대구광역시,국내온라인거래,숙녀화(구두·부츠 등),청약철회
2024018806,2024-04-07,남자,30 - 39세,대구광역시,모바일거래,시계,계약불이행(불완전이행)
2024018807,2024-04-07,남자,30 - 39세,경기도,모바일거래,기타숙박시설,계약해제.해지/위약금
2024018808,2024-04-07,남자,40 - 49세,경상북도,일반판매,이동전화서비스,계약불이행(불완전이행)
2024018815,2024-04-08,여자,65 - 69세,경기도,일반판매,국외여행,계약해제.해지/위약금
2024018821,2024-04-08,남자,30 - 39세,경기도,국내온라인거래,신유형상품권,청약철회
2024018828,2024-04-08,남자,50 - 59세,서울특별시,국내온라인거래,국외여행,품질(물품/용역)
2024018831,2024-04-08,여자,20 - 29세,경기도,일반판매,예식서비스,계약불이행(불완전이행)
2024018832,2024-04-08,남자,40 - 49세,인천광역시,일반판매,기타간편복,계약해제.해지/위약금
2024018834,2024-04-08,남자,60 - 64세,경기도,국내온라인거래,기타자동차용품,계약해제.해지/위약금
2024018842,2024-04-08,여자,50 - 59세,강원특별자치도,TV홈쇼핑,음식물처리기대여(렌트),AS불만
2024018837,2024-04-08,남자,30 - 39세,서울특별시,일반판매,사진촬영,계약해제.해지/위약금
2024018839,2024-04-08,여자,20 - 29세,경기도,소셜커머스(쇼핑),기타음향기기,계약해제.해지/위약금
2024018851,2024-04-08,남자,30 - 39세,충청북도,국내온라인거래,기타가사용품,계약불이행(불완전이행)
2024018853,2024-04-08,여자,40 - 49세,서울특별시,소셜커머스(쇼핑),기타의류·섬유,계약불이행(불완전이행)
2024018868,2024-04-08,남자,65 - 69세,경기도,방문판매,기타매체광고,계약해제.해지/위약금
2024018878,2024-04-08,여자,20 - 29세,서울특별시,국내온라인거래,태블릿PC,품질(물품/용역)
2024018885,2024-04-08,여자,50 - 59세,부산광역시,일반판매,공중목욕탕,계약불이행(불완전이행)
2024018898,2024-04-08,남자,40 - 49세,경상북도,기타통신판매,건물청소서비스,청약철회
2024018902,2024-04-08,남자,40 - 49세,경기도,일반판매,기타병·의원서비스,계약불이행(불완전이행)
2024018903,2024-04-08,남자,60 - 64세,울산광역시,전화권유판매,유사투자자문,계약해제.해지/위약금
2024018905,2024-04-08,여자,30 - 39세,서울특별시,일반판매,필라테스,계약해제.해지/위약금
2024018914,2024-04-08,남자,50 - 59세,인천광역시,국내온라인거래,항공여객운송서비스,품질(물품/용역)
2024018922,2024-04-08,남자,30 - 39세,경기도,국내온라인거래,항공여객운송서비스,청약철회
2024018923,2024-04-08,남자,50 - 59세,경상북도,일반판매,등산화,청약철회
2024018924,2024-04-08,남자,40 - 49세,경기도,일반판매,자동차대여(렌트),계약불이행(불완전이행)
2024018929,2024-04-08,여자,불명,서울특별시,소셜커머스(쇼핑),코트,청약철회
2024018977,2024-04-08,여자,20 - 29세,경기도,소셜커머스(쇼핑),낚시용품,AS불만
2024018942,2024-04-08,남자,50 - 59세,충청북도,일반판매,중형승용자동차,AS불만
2024018943,2024-04-08,여자,40 - 49세,부산광역시,일반판매,건강(암·기타질병)보험,계약불이행(불완전이행)
2024018944,2024-04-08,여자,20 - 29세,서울특별시,일반판매,헬스장,계약해제.해지/위약금
2024018976,2024-04-08,남자,30 - 39세,경기도,국내온라인거래,복식재료(단추·지퍼등),청약철회
2024018978,2024-04-08,여자,30 - 39세,경기도,국내온라인거래,니트(스웨터),청약철회
2024018979,2024-04-08,남자,20 - 29세,부산광역시,기타통신판매,이동전화서비스,부당행위
2024018980,2024-04-08,여자,40 - 49세,경기도,일반판매,피부·체형관리서비스,계약해제.해지/위약금
2024018981,2024-04-08,여자,30 - 39세,서울특별시,국내온라인거래,숙녀복상의,품질(물품/용역)
2024018982,2024-04-08,남자,40 - 49세,서울특별시,모바일거래,기타숙박시설,계약해제.해지/위약금
2024018983,2024-04-08,여자,20 - 29세,경기도,국제온라인거래,호텔,계약해제.해지/위약금
2024018984,2024-04-08,여자,20 - 29세,대구광역시,국내온라인거래,예식서비스,계약해제.해지/위약금
2024018985,2024-04-08,남자,50 - 59세,대전광역시,기타,건물청소서비스,표시.광고
2024018986,2024-04-08,여자,30 - 39세,부산광역시,국내온라인거래,항공여객운송서비스,청약철회
2024018987,2024-04-08,여자,20 - 29세,서울특별시,방문판매,미용서비스,계약해제.해지/위약금
2024018988,2024-04-08,여자,20 - 29세,대구광역시,국내온라인거래,기타음료,품질(물품/용역)
2024018989,2024-04-08,여자,40 - 49세,경기도,국내온라인거래,숙녀복상의,청약철회
2024018990,2024-04-08,여자,40 - 49세,경기도,전화권유판매,인터넷교육서비스,청약철회
2024018991,2024-04-08,남자,30 - 39세,경기도,일반판매,헬스장,계약해제.해지/위약금
2024018992,2024-04-08,남자,20 - 29세,경기도,기타,이동전화서비스,계약해제.해지/위약금
2024018993,2024-04-08,여자,50 - 59세,전라북도,일반판매,일반강습(입시학원등),계약해제.해지/위약금
2024018994,2024-04-08,여자,20 - 29세,경상남도,일반판매,요가,부당채권추심
2024018995,2024-04-08,여자,40 - 49세,전라남도,국내온라인거래,기타가구,청약철회
2024018996,2024-04-08,여자,30 - 39세,서울특별시,모바일거래,기타완구·인형,품질(물품/용역)
2024018997,2024-04-08,여자,20 - 29세,경기도,국내온라인거래,항공여객운송서비스,계약해제.해지/위약금
2024018998,2024-04-08,여자,20 - 29세,서울특별시,일반판매,항공화물운송서비스,계약불이행(불완전이행)
2024018999,2024-04-08,여자,30 - 39세,충청북도,국내온라인거래,기타가구,계약해제.해지/위약금
2024019000,2024-04-08,여자,30 - 39세,부산광역시,일반판매,기타사설강습서비스,계약불이행(불완전이행)
2024019001,2024-04-08,여자,30 - 39세,서울특별시,모바일거래,외국어강습,청약철회
2024019002,2024-04-08,여자,30 - 39세,서울특별시,일반판매,헬스장,계약해제.해지/위약금
2024019003,2024-04-08,남자,20 - 29세,경상남도,일반판매,기타이동통신,계약해제.해지/위약금
2024019004,2024-04-08,여자,20 - 29세,경기도,일반판매,애완견,청약철회
2024019005,2024-04-08,여자,40 - 49세,서울특별시,일반판매,외국어강습,청약철회
2024019006,2024-04-08,남자,30 - 39세,경기도,모바일거래,기타문화·오락시설이용,계약해제.해지/위약금
2024019007,2024-04-08,남자,50 - 59세,경기도,일반판매,책상,계약불이행(불완전이행)
2024019008,2024-04-08,여자,30 - 39세,서울특별시,기타,요가,계약해제.해지/위약금
2024019009,2024-04-08,여자,30 - 39세,경기도,국제온라인거래,항공여객운송서비스,청약철회
2024019010,2024-04-08,남자,40 - 49세,경기도,기타,기타인테리어설비,계약불이행(불완전이행)
2024019011,2024-04-08,여자,20 - 29세,인천광역시,일반판매,미용서비스,계약해제.해지/위약금
2024019012,2024-04-08,남자,30 - 39세,광주광역시,국내온라인거래,트레이닝기구,안전(제품/시설)
2024019013,2024-04-08,남자,20 - 29세,서울특별시,국제온라인거래,항공여객운송서비스,계약해제.해지/위약금
2024019014,2024-04-08,여자,20 - 29세,충청북도,기타,해외유학알선,계약해제.해지/위약금
2024019015,2024-04-08,여자,30 - 39세,부산광역시,국내온라인거래,사진촬영,계약불이행(불완전이행)
2024019016,2024-04-08,여자,30 - 39세,전라북도,일반판매,헬스장,계약해제.해지/위약금
2024019017,2024-04-08,여자,30 - 39세,서울특별시,소셜커머스(쇼핑),분유,품질(물품/용역)
2024019018,2024-04-08,남자,30 - 39세,경기도,국내온라인거래,운동화,청약철회
2024019019,2024-04-08,여자,30 - 39세,서울특별시,국내온라인거래,모바일정보이용서비스,계약불이행(불완전이행)
2024019020,2024-04-08,남자,10 - 19세,경기도,일반판매,헬스장,계약해제.해지/위약금
2024019021,2024-04-08,여자,50 - 59세,서울특별시,일반판매,외식,안전(제품/시설)
2024019022,2024-04-08,남자,10 - 19세,충청남도,방문판매,헬스장,계약해제.해지/위약금
2024019023,2024-04-08,여자,20 - 29세,광주광역시,일반판매,외식,부당행위
2024019024,2024-04-08,여자,30 - 39세,인천광역시,일반판매,헬스장,계약해제.해지/위약금
2024019025,2024-04-08,남자,30 - 39세,경기도,방문판매,기타회원권,청약철회
2024019026,2024-04-08,여자,60 - 64세,전라남도,소셜커머스(쇼핑),소파,청약철회
2024019027,2024-04-08,여자,30 - 39세,서울특별시,전화권유판매,초고속인터넷,계약해제.해지/위약금
2024019028,2024-04-08,남자,50 - 59세,대전광역시,국내온라인거래,기타숙박시설,청약철회
2024019029,2024-04-08,남자,30 - 39세,경기도,국제온라인거래,인터넷게임서비스,청약철회
2024019030,2024-04-08,남자,30 - 39세,서울특별시,일반판매,초고속인터넷,계약해제.해지/위약금
2024019031,2024-04-08,여자,20 - 29세,경기도,국내온라인거래,원피스,부당행위
2024019032,2024-04-08,여자,20 - 29세,전라북도,일반판매,기타회원권,계약해제.해지/위약금
2024019033,2024-04-08,여자,20 - 29세,서울특별시,모바일거래,항공여객운송서비스,청약철회
2024019034,2024-04-08,남자,40 - 49세,전라북도,국내온라인거래,기타스포츠·레저기구·용품,품질(물품/용역)
2024019035,2024-04-08,남자,20 - 29세,경기도,모바일거래,인터넷교육서비스,계약해제.해지/위약금
2024019036,2024-04-08,남자,20 - 29세,경기도,방문판매,콘도회원권,계약해제.해지/위약금
2024019037,2024-04-08,여자,20 - 29세,광주광역시,일반판매,일반강습(입시학원등),계약해제.해지/위약금
2024019038,2024-04-08,남자,20 - 29세,서울특별시,일반판매,헬스장,계약해제.해지/위약금
2024019039,2024-04-08,여자,30 - 39세,경기도,소셜커머스(쇼핑),기타가방,계약불이행(불완전이행)
2024019040,2024-04-08,여자,20 - 29세,서울특별시,일반판매,부동산중개,표시.광고
2024019041,2024-04-08,여자,30 - 39세,경기도,일반판매,소파,품질(물품/용역)
2024019042,2024-04-08,남자,20 - 29세,충청북도,국내온라인거래,비디오카메라,청약철회
2024019043,2024-04-08,남자,40 - 49세,경기도,국내온라인거래,컵,청약철회
2024019044,2024-04-08,남자,30 - 39세,서울특별시,국내온라인거래,기타책상·테이블류,품질(물품/용역)
2024019045,2024-04-08,남자,65 - 69세,강원특별자치도,기타통신판매,테이프레코더(녹음),계약불이행(불완전이행)
2024019046,2024-04-08,남자,40 - 49세,서울특별시,국제온라인거래,"OTT서비스(넷플릭스,왓챠 등)",부당행위
2024019047,2024-04-08,남자,30 - 39세,충청남도,국내온라인거래,컴퓨터모니터(데스크탑),표시.광고
2024019048,2024-04-08,남자,20 - 29세,서울특별시,국내온라인거래,신사복상의,청약철회
2024019049,2024-04-08,여자,30 - 39세,서울특별시,일반판매,영화관람,품질(물품/용역)
2024019050,2024-04-08,여자,50 - 59세,경상남도,모바일거래,기타신발·용품,청약철회
2024019051,2024-04-08,여자,20 - 29세,서울특별시,일반판매,헬스장,계약해제.해지/위약금
2024018941,2024-04-08,여자,60 - 64세,경상북도,일반판매,기타인테리어설비,품질(물품/용역)
2024019052,2024-04-08,여자,20 - 29세,충청남도,전화권유판매,기타매체광고,품질(물품/용역)
2024019053,2024-04-08,남자,30 - 39세,울산광역시,일반판매,국내결혼중개,계약불이행(불완전이행)
2024019054,2024-04-08,남자,10 - 19세,경기도,국내온라인거래,항공여객운송서비스,청약철회
2024019055,2024-04-08,남자,20 - 29세,인천광역시,기타,각종자격취득강습,계약해제.해지/위약금
2024019056,2024-04-08,남자,65 - 69세,강원특별자치도,기타통신판매,스마트폰,품질(물품/용역)
2024019057,2024-04-08,남자,30 - 39세,광주광역시,소셜커머스(쇼핑),기타영상기기,계약해제.해지/위약금
2024019058,2024-04-08,남자,20 - 29세,부산광역시,TV홈쇼핑,식기세척기,품질(물품/용역)
2024019059,2024-04-08,여자,30 - 39세,경기도,기타,모바일정보이용서비스,부당행위
2024019060,2024-04-08,여자,30 - 39세,부산광역시,모바일거래,모바일게임서비스,청약철회
2024019061,2024-04-08,남자,50 - 59세,경기도,모바일거래,모바일정보이용서비스,계약해제.해지/위약금
2024019062,2024-04-08,여자,30 - 39세,대구광역시,기타,미분류컨설팅(자문),계약불이행(불완전이행)
2024018814,2024-04-08,여자,40 - 49세,서울특별시,기타,음식물처리기,AS불만
2024018823,2024-04-08,여자,60 - 64세,전라남도,일반판매,경승용차,AS불만
2024018845,2024-04-08,남자,40 - 49세,강원특별자치도,국내온라인거래,"OTT서비스(넷플릭스,왓챠 등)",계약불이행(불완전이행)
2024018849,2024-04-08,남자,60 - 64세,경기도,일반판매,국내결혼중개,계약해제.해지/위약금
2024018879,2024-04-08,여자,50 - 59세,경기도,모바일거래,카셰어링,부당행위
2024018886,2024-04-08,여자,20 - 29세,충청남도,일반판매,정수기대여(렌트),품질(물품/용역)
2024018948,2024-04-08,남자,30 - 39세,경기도,일반판매,기타인테리어설비,AS불만
2024018945,2024-04-08,여자,20 - 29세,서울특별시,국내온라인거래,국외여행,계약해제.해지/위약금
2024018946,2024-04-08,여자,30 - 39세,서울특별시,국내온라인거래,사진촬영,가격.요금
2024018947,2024-04-08,남자,30 - 39세,울산광역시,일반판매,항공여객운송서비스,품질(물품/용역)
2024018949,2024-04-08,여자,20 - 29세,경상남도,일반판매,요가,계약해제.해지/위약금
2024018950,2024-04-08,남자,30 - 39세,경기도,일반판매,고시원이용,계약해제.해지/위약금
2024018951,2024-04-08,여자,10 - 19세,서울특별시,일반판매,헬스장,계약불이행(불완전이행)
2024018952,2024-04-08,남자,40 - 49세,서울특별시,모바일거래,모바일정보이용서비스,부당행위
2024018953,2024-04-08,여자,30 - 39세,서울특별시,소셜커머스(쇼핑),콘도,계약해제.해지/위약금
2024018954,2024-04-08,여자,30 - 39세,서울특별시,국내온라인거래,스마트폰,품질(물품/용역)
2024018955,2024-04-08,여자,50 - 59세,대구광역시,일반판매,기름보일러,품질(물품/용역)
2024018956,2024-04-08,남자,20 - 29세,서울특별시,국내온라인거래,항공여객운송서비스,계약해제.해지/위약금
2024018957,2024-04-08,남자,40 - 49세,부산광역시,일반판매,매트,청약철회
2024018958,2024-04-08,남자,40 - 49세,부산광역시,모바일거래,신유형상품권,부당행위
2024018959,2024-04-08,여자,20 - 29세,경기도,기타,기타방문·통신교육서비스,계약해제.해지/위약금
2024018960,2024-04-08,남자,30 - 39세,서울특별시,국내온라인거래,항공여객운송서비스,계약해제.해지/위약금
2024018961,2024-04-08,남자,20 - 29세,경상북도,일반판매,침대,부당행위
2024018962,2024-04-08,남자,30 - 39세,전라남도,국내온라인거래,트레이닝기구,AS불만
2024018963,2024-04-08,여자,30 - 39세,서울특별시,국내온라인거래,점퍼·재킷류,청약철회
2024018964,2024-04-08,남자,30 - 39세,인천광역시,국내온라인거래,항공여객운송서비스,청약철회
2024018965,2024-04-08,여자,20 - 29세,대구광역시,일반판매,이동전화서비스,청약철회
2024018966,2024-04-08,남자,20 - 29세,서울특별시,일반판매,헬스장,계약해제.해지/위약금
2024018967,2024-04-08,여자,30 - 39세,경기도,기타,"OTT서비스(넷플릭스,왓챠 등)",부당행위
2024018968,2024-04-08,여자,30 - 39세,경기도,국내온라인거래,통신기기주변장치,AS불만
2024018969,2024-04-08,남자,30 - 39세,경기도,일반판매,고시원이용,계약해제.해지/위약금
2024018970,2024-04-08,여자,20 - 29세,서울특별시,기타,공동주택관리서비스,가격.요금
2024018971,2024-04-08,여자,20 - 29세,서울특별시,일반판매,기타세탁서비스,안전(제품/시설)
2024018972,2024-04-08,남자,30 - 39세,서울특별시,일반판매,기타의류·섬유,품질(물품/용역)
2024018973,2024-04-08,남자,40 - 49세,경상남도,국내온라인거래,책장·서가,부당행위
2024018974,2024-04-08,여자,30 - 39세,경기도,국제온라인거래,작동완구,표시.광고
2024018975,2024-04-08,여자,30 - 39세,대구광역시,기타,버스여객운송서비스,계약불이행(불완전이행)
2024018857,2024-04-08,여자,40 - 49세,충청남도,모바일거래,쇠고기,계약불이행(불완전이행)
2024018884,2024-04-08,남자,65 - 69세,경기도,전화권유판매,기타건강식품,계약해제.해지/위약금
2024018830,2024-04-08,여자,65 - 69세,충청남도,일반판매,애완견,계약해제.해지/위약금
2024018824,2024-04-08,남자,50 - 59세,부산광역시,방문판매,건강(암·기타질병)보험,계약불이행(불완전이행)
2024018825,2024-04-08,남자,30 - 39세,경상남도,일반판매,중형승용자동차,계약불이행(불완전이행)
2024018826,2024-04-08,남자,30 - 39세,대구광역시,일반판매,기타사설강습서비스,계약해제.해지/위약금
2024018827,2024-04-08,남자,30 - 39세,서울특별시,국내온라인거래,꽃·화초·화환,계약불이행(불완전이행)
2024018841,2024-04-08,남자,50 - 59세,충청북도,국내온라인거래,기타자동차용품,품질(물품/용역)
2024018835,2024-04-08,여자,20 - 29세,부산광역시,일반판매,독서실이용,계약해제.해지/위약금
2024018843,2024-04-08,여자,80세이상,경기도,일반판매,각종자격취득강습,계약해제.해지/위약금
2024018844,2024-04-08,여자,20 - 29세,울산광역시,모바일거래,운동화,표시.광고
2024018846,2024-04-08,남자,20 - 29세,경기도,일반판매,전기자전거,품질(물품/용역)
2024018847,2024-04-08,남자,40 - 49세,경기도,일반판매,자동차대여(렌트),부당행위
2024018848,2024-04-08,남자,20 - 29세,강원특별자치도,일반판매,골프회원권,계약해제.해지/위약금
2024018850,2024-04-08,여자,60 - 64세,인천광역시,방문판매,실손보험,계약불이행(불완전이행)
2024018852,2024-04-08,남자,30 - 39세,경기도,국내온라인거래,기타매체광고,계약불이행(불완전이행)
2024018854,2024-04-08,남자,60 - 64세,경기도,일반판매,실손보험,계약불이행(불완전이행)
2024018856,2024-04-08,여자,50 - 59세,서울특별시,일반판매,실손보험,계약불이행(불완전이행)
2024018860,2024-04-08,남자,50 - 59세,서울특별시,일반판매,헬스장,계약해제.해지/위약금
2024018862,2024-04-08,여자,60 - 64세,서울특별시,기타통신판매,자동차대여(렌트),계약해제.해지/위약금
2024018863,2024-04-08,남자,20 - 29세,경기도,일반판매,휠,AS불만
2024018865,2024-04-08,남자,50 - 59세,전라남도,일반판매,대형승용자동차,AS불만
2024018872,2024-04-08,남자,60 - 64세,강원특별자치도,일반판매,이동전화서비스,계약해제.해지/위약금
2024018874,2024-04-08,여자,50 - 59세,경상남도,기타,종신보험,계약불이행(불완전이행)
2024018891,2024-04-08,남자,65 - 69세,전라남도,일반판매,자동차수리·점검,품질(물품/용역)
2024018894,2024-04-08,남자,40 - 49세,서울특별시,일반판매,헬스장,계약해제.해지/위약금
2024018896,2024-04-08,남자,20 - 29세,서울특별시,일반판매,헬스장,계약해제.해지/위약금
2024018901,2024-04-08,남자,30 - 39세,경기도,일반판매,중형승용자동차,품질(물품/용역)
2024018904,2024-04-08,남자,20 - 29세,서울특별시,일반판매,헬스장,계약해제.해지/위약금
2024018906,2024-04-08,여자,30 - 39세,전라남도,일반판매,헬스장,계약해제.해지/위약금
2024018907,2024-04-08,여자,40 - 49세,경상북도,일반판매,중고자동차중개·매매,표시.광고
2024018916,2024-04-08,남자,40 - 49세,경기도,소셜커머스(쇼핑),전기진공청소기,품질(물품/용역)
2024018917,2024-04-08,남자,50 - 59세,경상북도,기타,실손보험,계약불이행(불완전이행)
2024018920,2024-04-08,여자,50 - 59세,서울특별시,일반판매,티셔츠,청약철회
2024018935,2024-04-08,남자,30 - 39세,서울특별시,국내온라인거래,점퍼·재킷류,계약불이행(불완전이행)
2024018936,2024-04-08,여자,40 - 49세,경기도,기타,컴퓨터S/W개발(홈페이지제작),청약철회
2024018939,2024-04-08,여자,50 - 59세,대전광역시,일반판매,연금보험,약관
2024018820,2024-04-08,여자,30 - 39세,충청남도,국내온라인거래,냉장고,AS불만
2024018838,2024-04-08,남자,50 - 59세,경기도,모바일거래,반포장이사운송서비스,품질(물품/용역)
2024018840,2024-04-08,남자,50 - 59세,인천광역시,기타통신판매,자동차대여(렌트),계약해제.해지/위약금
2024018861,2024-04-08,남자,40 - 49세,인천광역시,일반판매,대형승용자동차,계약불이행(불완전이행)
2024018858,2024-04-08,여자,40 - 49세,경기도,국내온라인거래,숙녀복상의,청약철회
2024018859,2024-04-08,여자,30 - 39세,서울특별시,국내온라인거래,기타숙박시설,계약해제.해지/위약금
2024018864,2024-04-08,남자,20 - 29세,충청북도,일반판매,기타사설강습서비스,계약해제.해지/위약금
2024018877,2024-04-08,남자,70 - 79세,경기도,국내온라인거래,항공여객운송서비스,청약철회
2024018880,2024-04-08,여자,40 - 49세,강원특별자치도,일반판매,동물병원,품질(물품/용역)
2024018881,2024-04-08,여자,50 - 59세,서울특별시,일반판매,건강(암·기타질병)보험,계약불이행(불완전이행)
2024018900,2024-04-08,남자,65 - 69세,서울특별시,TV홈쇼핑,음식물처리기대여(렌트),품질(물품/용역)
2024018909,2024-04-08,여자,60 - 64세,경기도,국내온라인거래,국외여행,계약해제.해지/위약금
2024018911,2024-04-08,여자,30 - 39세,서울특별시,국내온라인거래,기타숙박시설,계약해제.해지/위약금
2024018912,2024-04-08,여자,50 - 59세,강원특별자치도,일반판매,도색공사,AS불만
2024018932,2024-04-08,여자,70 - 79세,경기도,국내온라인거래,국외여행,계약불이행(불완전이행)
2024018934,2024-04-08,여자,30 - 39세,서울특별시,국내온라인거래,항공여객운송서비스,계약불이행(불완전이행)
2024018883,2024-04-08,남자,50 - 59세,경상남도,일반판매,골프용품,AS불만
2024019120,2024-04-09,여자,40 - 49세,경기도,일반판매,건강(암·기타질병)보험,부당행위
2024019121,2024-04-09,여자,30 - 39세,인천광역시,기타,성형외과,품질(물품/용역)
2024015746,2024-04-09,여자,50 - 59세,울산광역시,국내온라인거래,운동화,품질(물품/용역)
2024019128,2024-04-09,남자,30 - 39세,경기도,국내온라인거래,소파,AS불만
2024016478,2024-04-09,여자,30 - 39세,경기도,일반판매,운동화,품질(물품/용역)
2024016487,2024-04-09,남자,30 - 39세,경상남도,일반판매,운동화,품질(물품/용역)
2024016492,2024-04-09,남자,30 - 39세,경기도,일반판매,운동화,품질(물품/용역)
2024016725,2024-04-09,남자,30 - 39세,충청북도,국내온라인거래,신발세탁,계약불이행(불완전이행)
2024019129,2024-04-09,여자,30 - 39세,서울특별시,국내온라인거래,코트,청약철회
2024016897,2024-04-09,여자,40 - 49세,경기도,국내온라인거래,운동화,품질(물품/용역)
2024016906,2024-04-09,남자,40 - 49세,경상남도,일반판매,신사화(구두·부츠 등),품질(물품/용역)
2024017337,2024-04-09,남자,30 - 39세,대전광역시,일반판매,운동화,품질(물품/용역)
2024019133,2024-04-09,여자,40 - 49세,경기도,국내온라인거래,국외여행,품질(물품/용역)
2024019137,2024-04-09,남자,40 - 49세,서울특별시,국내온라인거래,통신기기주변장치,계약불이행(불완전이행)
2024019138,2024-04-09,남자,50 - 59세,서울특별시,일반판매,국내결혼중개,계약불이행(불완전이행)
2024019139,2024-04-09,여자,30 - 39세,대구광역시,소셜커머스(쇼핑),기타어패류·어패류가공식품,청약철회
2024019140,2024-04-09,여자,40 - 49세,서울특별시,일반판매,예식서비스,계약해제.해지/위약금
2024019145,2024-04-09,남자,40 - 49세,경기도,일반판매,전기장판,안전(제품/시설)
2024019147,2024-04-09,남자,30 - 39세,경기도,소셜커머스(쇼핑),메인보드,계약해제.해지/위약금
2024019152,2024-04-09,남자,40 - 49세,인천광역시,일반판매,중고자동차중개·매매,품질(물품/용역)
2024019163,2024-04-09,여자,20 - 29세,경기도,일반판매,기타가구,계약불이행(불완전이행)
2024019169,2024-04-09,여자,20 - 29세,경기도,기타통신판매,변호서비스,계약불이행(불완전이행)
2024019170,2024-04-09,남자,70 - 79세,경기도,방문판매,기타보관서비스,계약해제.해지/위약금
2024019173,2024-04-09,남자,40 - 49세,경기도,국내온라인거래,이동전화서비스,품질(물품/용역)
2024019134,2024-04-09,남자,20 - 29세,부산광역시,기타,전기자전거,품질(물품/용역)
2024019142,2024-04-09,남자,40 - 49세,경기도,국내온라인거래,노트북컴퓨터,AS불만
2024019157,2024-04-09,남자,20 - 29세,경기도,일반판매,애완견,계약해제.해지/위약금
2024019160,2024-04-09,남자,30 - 39세,경기도,국내온라인거래,복식재료(단추·지퍼등),품질(물품/용역)
2024019176,2024-04-09,여자,20 - 29세,인천광역시,일반판매,부동산중개,부당행위
2024019185,2024-04-09,남자,30 - 39세,서울특별시,일반판매,골프회원권,계약해제.해지/위약금
2024019189,2024-04-09,여자,30 - 39세,경기도,일반판매,필라테스,계약해제.해지/위약금
2024019180,2024-04-09,남자,60 - 64세,서울특별시,방문판매,차량네비게이션(자동항법장치),표시.광고
2024019186,2024-04-09,남자,60 - 64세,경상북도,기타통신판매,유사투자자문,계약해제.해지/위약금
2024019064,2024-04-09,여자,40 - 49세,전라남도,일반판매,운동화,AS불만
2024019065,2024-04-09,남자,70 - 79세,전라남도,일반판매,음식물처리기,계약불이행(불완전이행)
2024019066,2024-04-09,남자,50 - 59세,충청남도,기타,"OTT서비스(넷플릭스,왓챠 등)",부당행위
2024019067,2024-04-09,남자,30 - 39세,경기도,국제온라인거래,호텔,계약해제.해지/위약금
2024019068,2024-04-09,여자,50 - 59세,충청남도,국내온라인거래,방석,청약철회
2024019069,2024-04-09,남자,60 - 64세,경기도,모바일거래,인터넷정보이용서비스,계약해제.해지/위약금
2024019070,2024-04-09,여자,30 - 39세,대구광역시,일반판매,포장이사운송서비스,품질(물품/용역)
2024019072,2024-04-09,남자,30 - 39세,서울특별시,일반판매,자동차수리·점검,품질(물품/용역)
2024019076,2024-04-09,여자,40 - 49세,부산광역시,국내온라인거래,기타숙박시설,청약철회
2024019077,2024-04-09,남자,40 - 49세,경기도,국내온라인거래,조립완구,계약불이행(불완전이행)
2024019078,2024-04-09,여자,20 - 29세,부산광역시,기타,초고속인터넷,무능력자계약
2024019085,2024-04-09,남자,30 - 39세,경기도,일반판매,중고자동차중개·매매,표시.광고
2024019086,2024-04-09,여자,20 - 29세,경기도,기타,고시원이용,계약해제.해지/위약금
2024019088,2024-04-09,여자,30 - 39세,인천광역시,국내온라인거래,핸드백,청약철회
2024019091,2024-04-09,여자,50 - 59세,강원특별자치도,국내온라인거래,옷장,계약불이행(불완전이행)
2024019092,2024-04-09,남자,30 - 39세,서울특별시,일반판매,숙녀복상의,거래관행
2024019093,2024-04-09,여자,50 - 59세,인천광역시,모바일거래,기타가사용품,안전(제품/시설)
2024019099,2024-04-09,여자,40 - 49세,서울특별시,국내온라인거래,노트북컴퓨터,품질(물품/용역)
2024019112,2024-04-09,여자,30 - 39세,부산광역시,소셜커머스(쇼핑),신유형상품권,청약철회
2024019102,2024-04-09,여자,30 - 39세,충청북도,일반판매,필라테스,계약해제.해지/위약금
2024019106,2024-04-09,여자,50 - 59세,울산광역시,일반판매,옷장,계약불이행(불완전이행)
2024019107,2024-04-09,여자,50 - 59세,경상남도,일반판매,기타자동차부품,AS불만
2024019109,2024-04-09,여자,50 - 59세,서울특별시,방문판매,상조서비스,계약해제.해지/위약금
2024019111,2024-04-09,여자,30 - 39세,서울특별시,일반판매,이동전화서비스,약관
2024019113,2024-04-09,남자,20 - 29세,충청북도,일반판매,헬스장,계약해제.해지/위약금
2024019114,2024-04-09,여자,40 - 49세,서울특별시,일반판매,실손보험,계약불이행(불완전이행)
2024019117,2024-04-09,남자,30 - 39세,전라남도,일반판매,중형승용자동차,계약불이행(불완전이행)
2024019074,2024-04-09,여자,30 - 39세,충청북도,일반판매,냉장고,청약철회
2024019089,2024-04-09,남자,30 - 39세,경기도,국내온라인거래,인터넷정보이용서비스,계약불이행(불완전이행)
2024019100,2024-04-09,여자,30 - 39세,서울특별시,국내온라인거래,건물청소서비스,계약불이행(불완전이행)
2024019105,2024-04-09,남자,50 - 59세,충청남도,일반판매,헤드폰·이어폰,AS불만
2024019115,2024-04-09,남자,40 - 49세,경기도,국내온라인거래,기타숙박시설,청약철회
2024019118,2024-04-09,남자,불명,경상남도,국내온라인거래,게,계약해제.해지/위약금
2024019071,2024-04-09,남자,20 - 29세,서울특별시,국내온라인거래,스포츠웨어,청약철회
2024019073,2024-04-09,여자,40 - 49세,서울특별시,국제온라인거래,점퍼·재킷류,계약불이행(불완전이행)
2024019075,2024-04-09,남자,50 - 59세,경상북도,일반판매,연금보험,계약불이행(불완전이행)
2024019079,2024-04-09,여자,60 - 64세,대전광역시,일반판매,안경·안경테,품질(물품/용역)
2024019081,2024-04-09,여자,50 - 59세,경상북도,국내온라인거래,선글라스,청약철회
2024019082,2024-04-09,남자,70 - 79세,서울특별시,일반판매,상해보험,계약불이행(불완전이행)
2024019083,2024-04-09,여자,20 - 29세,경기도,일반판매,요가,계약해제.해지/위약금
2024019103,2024-04-09,남자,30 - 39세,충청북도,일반판매,필라테스,계약해제.해지/위약금
2024019110,2024-04-09,남자,50 - 59세,경기도,일반판매,유통시설이용,품질(물품/용역)
2024015744,2024-04-09,남자,40 - 49세,경기도,국내온라인거래,운동화,품질(물품/용역)
2024016205,2024-04-09,여자,65 - 69세,서울특별시,일반판매,숙녀화(구두·부츠 등),품질(물품/용역)
2024017374,2024-04-09,남자,80세이상,경기도,일반판매,등산화,품질(물품/용역)
2024019131,2024-04-09,남자,20 - 29세,서울특별시,국내온라인거래,항공여객운송서비스,청약철회
2024019166,2024-04-09,여자,50 - 59세,경기도,일반판매,산부인과,품질(물품/용역)
2024019167,2024-04-09,남자,50 - 59세,서울특별시,모바일거래,식사배달,품질(물품/용역)
2024019171,2024-04-09,남자,20 - 29세,경기도,일반판매,진단검사의학과,가격.요금
2024019172,2024-04-09,여자,40 - 49세,대구광역시,국내온라인거래,상품권,계약불이행(불완전이행)
2024019182,2024-04-09,남자,50 - 59세,경상남도,모바일거래,유사투자자문,계약해제.해지/위약금
2024019183,2024-04-09,남자,40 - 49세,서울특별시,국내온라인거래,티셔츠,계약불이행(불완전이행)
2024019136,2024-04-09,남자,30 - 39세,경기도,국내온라인거래,가구세트,품질(물품/용역)
2024019146,2024-04-09,여자,30 - 39세,경기도,기타,정수기대여(렌트),계약해제.해지/위약금
2024019149,2024-04-09,여자,50 - 59세,서울특별시,기타,치과,품질(물품/용역)
2024019151,2024-04-09,남자,70 - 79세,경기도,일반판매,오토바이,계약불이행(불완전이행)
2024019159,2024-04-09,남자,50 - 59세,인천광역시,기타,치과,품질(물품/용역)
2024019168,2024-04-09,남자,40 - 49세,서울특별시,일반판매,중형승합자동차,품질(물품/용역)
2024017733,2024-04-09,남자,30 - 39세,대전광역시,일반판매,운동화,품질(물품/용역)
2024015741,2024-04-09,남자,30 - 39세,충청북도,국내온라인거래,운동화,품질(물품/용역)
2024019127,2024-04-09,여자,20 - 29세,서울특별시,일반판매,필라테스,계약해제.해지/위약금
2024019135,2024-04-09,여자,40 - 49세,서울특별시,국내온라인거래,성형외과,계약해제.해지/위약금
2024019165,2024-04-09,남자,40 - 49세,서울특별시,일반판매,태블릿PC,AS불만
2024019175,2024-04-09,여자,50 - 59세,경상남도,일반판매,실손보험,계약불이행(불완전이행)
2024019278,2024-04-09,남자,50 - 59세,경기도,모바일거래,항공여객운송서비스,계약해제.해지/위약금
2024019279,2024-04-09,남자,20 - 29세,대구광역시,방문판매,콘도회원권,계약해제.해지/위약금
2024019280,2024-04-09,여자,30 - 39세,광주광역시,국내온라인거래,기타건강식품,계약해제.해지/위약금
2024019281,2024-04-09,여자,20 - 29세,서울특별시,일반판매,일반강습(입시학원등),계약해제.해지/위약금
2024019282,2024-04-09,여자,40 - 49세,강원특별자치도,기타,동물약품,계약불이행(불완전이행)
2024019283,2024-04-09,여자,20 - 29세,경기도,일반판매,예식서비스,계약해제.해지/위약금
2024019284,2024-04-09,여자,30 - 39세,대전광역시,국내온라인거래,초음파방충기,품질(물품/용역)
2024019285,2024-04-09,남자,40 - 49세,전라남도,국내온라인거래,지갑,청약철회
2024019190,2024-04-09,여자,50 - 59세,서울특별시,일반판매,상품권,약관
2024019188,2024-04-09,남자,30 - 39세,서울특별시,전화권유판매,유사투자자문,청약철회
2024019194,2024-04-09,남자,40 - 49세,경기도,일반판매,골프회원권,계약불이행(불완전이행)
2024019195,2024-04-09,여자,50 - 59세,부산광역시,국내온라인거래,운동화,부당행위
2024019196,2024-04-09,남자,40 - 49세,대전광역시,국내온라인거래,호텔,계약불이행(불완전이행)
2024019197,2024-04-09,남자,70 - 79세,인천광역시,국내온라인거래,TV,AS불만
2024019198,2024-04-09,남자,30 - 39세,경기도,일반판매,소파,계약불이행(불완전이행)
2024019199,2024-04-09,여자,40 - 49세,서울특별시,국내온라인거래,기타미분류서비스,계약불이행(불완전이행)
2024019200,2024-04-09,남자,50 - 59세,서울특별시,국내온라인거래,헤드폰·이어폰,AS불만
2024019201,2024-04-09,여자,30 - 39세,서울특별시,기타,정수기,계약해제.해지/위약금
2024019202,2024-04-09,남자,40 - 49세,대전광역시,국내온라인거래,항공여객운송서비스,계약불이행(불완전이행)
2024019203,2024-04-09,여자,50 - 59세,경기도,국내온라인거래,커튼,계약불이행(불완전이행)
2024019204,2024-04-09,남자,30 - 39세,서울특별시,국내온라인거래,인터넷정보이용서비스,계약불이행(불완전이행)
2024019205,2024-04-09,여자,40 - 49세,경기도,국내온라인거래,전기진공청소기,품질(물품/용역)
2024019206,2024-04-09,여자,50 - 59세,충청북도,국내온라인거래,점퍼·재킷류,청약철회
2024019207,2024-04-09,여자,30 - 39세,서울특별시,전화권유판매,애완견,계약해제.해지/위약금
2024019208,2024-04-09,남자,30 - 39세,대전광역시,일반판매,밥솥,부당채권추심
2024019209,2024-04-09,남자,50 - 59세,경기도,모바일거래,항공여객운송서비스,계약해제.해지/위약금
2024019123,2024-04-09,남자,40 - 49세,강원특별자치도,국내온라인거래,기타자동차용품,품질(물품/용역)
2024019274,2024-04-09,여자,30 - 39세,서울특별시,일반판매,헬스장,계약해제.해지/위약금
2024019275,2024-04-09,남자,20 - 29세,경기도,일반판매,일반강습(입시학원등),계약해제.해지/위약금
2024019276,2024-04-09,여자,40 - 49세,인천광역시,일반판매,아이스크림,품질(물품/용역)
2024019277,2024-04-09,여자,20 - 29세,경기도,기타통신판매,인터넷교육서비스,계약해제.해지/위약금
2024019095,2024-04-09,남자,40 - 49세,경기도,국내온라인거래,국외여행,계약불이행(불완전이행)
2024019096,2024-04-09,남자,40 - 49세,부산광역시,모바일거래,호텔,계약해제.해지/위약금
2024019097,2024-04-09,여자,30 - 39세,경기도,국내온라인거래,숙녀화(구두·부츠 등),청약철회
2024019126,2024-04-09,남자,불명,경기도,국내온라인거래,기타의류·섬유,청약철회
2024016480,2024-04-09,남자,20 - 29세,서울특별시,일반판매,운동화,품질(물품/용역)
2024016902,2024-04-09,여자,60 - 64세,경기도,일반판매,운동화,품질(물품/용역)
2024016944,2024-04-09,여자,30 - 39세,경기도,국내온라인거래,숙녀화(구두·부츠 등),품질(물품/용역)
2024017185,2024-04-09,남자,30 - 39세,부산광역시,국내온라인거래,운동화,품질(물품/용역)
2024017376,2024-04-09,남자,80세이상,경기도,일반판매,등산화,품질(물품/용역)
2024017728,2024-04-09,여자,50 - 59세,서울특별시,일반판매,생활패션화(슬립온·아쿠아슈즈·장화·작업화 등),품질(물품/용역)
2024019132,2024-04-09,여자,60 - 64세,충청북도,기타,정수기대여(렌트),표시.광고
2024019156,2024-04-09,남자,30 - 39세,인천광역시,일반판매,퍼스널컴퓨터,AS불만
2024019164,2024-04-09,여자,30 - 39세,경기도,국내온라인거래,유아복,청약철회
2024019210,2024-04-09,남자,30 - 39세,경기도,국내온라인거래,기타신발·용품,청약철회
2024019211,2024-04-09,여자,40 - 49세,부산광역시,국내온라인거래,커튼,청약철회
2024019212,2024-04-09,여자,20 - 29세,경상남도,일반판매,소파,청약철회
2024019213,2024-04-09,남자,40 - 49세,경기도,국내온라인거래,국외여행,품질(물품/용역)
2024019214,2024-04-09,남자,20 - 29세,경기도,국내온라인거래,기타가방,청약철회
2024019215,2024-04-09,여자,30 - 39세,서울특별시,전화권유판매,기타매체광고,청약철회
2024019216,2024-04-09,여자,40 - 49세,부산광역시,국내온라인거래,커튼,청약철회
2024019217,2024-04-09,남자,40 - 49세,경기도,국내온라인거래,IPTV,부당채권추심
2024019218,2024-04-09,여자,80세이상,서울특별시,국내온라인거래,기타매체광고,부당행위
2024019219,2024-04-09,여자,20 - 29세,대구광역시,일반판매,헬스장,계약해제.해지/위약금
2024019220,2024-04-09,여자,20 - 29세,서울특별시,국내온라인거래,항공여객운송서비스,계약해제.해지/위약금
2024019221,2024-04-09,여자,20 - 29세,충청북도,국내온라인거래,펜션,계약해제.해지/위약금
2024015752,2024-04-09,여자,50 - 59세,인천광역시,일반판매,숙녀화(구두·부츠 등),품질(물품/용역)
2024019222,2024-04-09,여자,40 - 49세,경기도,국내온라인거래,항공여객운송서비스,계약해제.해지/위약금
2024019158,2024-04-09,남자,50 - 59세,인천광역시,기타,치과,품질(물품/용역)
2024019223,2024-04-09,남자,40 - 49세,부산광역시,국내온라인거래,기타숙박시설,표시.광고
2024019224,2024-04-09,여자,20 - 29세,경기도,일반판매,필라테스,계약해제.해지/위약금
2024019225,2024-04-09,여자,30 - 39세,서울특별시,국내온라인거래,점퍼·재킷류,청약철회
2024019226,2024-04-09,여자,50 - 59세,대구광역시,일반판매,기타가방,부당행위
2024019227,2024-04-09,여자,50 - 59세,경상북도,일반판매,일반강습(입시학원등),계약해제.해지/위약금
2024019228,2024-04-09,남자,40 - 49세,경기도,일반판매,초고속인터넷,계약해제.해지/위약금
2024019229,2024-04-09,여자,30 - 39세,경기도,일반판매,아파트,AS불만
2024019230,2024-04-09,남자,20 - 29세,서울특별시,국내온라인거래,국외여행,계약해제.해지/위약금
2024019231,2024-04-09,남자,40 - 49세,인천광역시,국내온라인거래,운동화,청약철회
2024019232,2024-04-09,남자,40 - 49세,서울특별시,국내온라인거래,호텔,가격.요금
2024019233,2024-04-09,여자,30 - 39세,경기도,일반판매,반포장이사운송서비스,계약불이행(불완전이행)
2024019234,2024-04-09,여자,20 - 29세,서울특별시,노상판매,셔츠,계약해제.해지/위약금
2024015952,2024-04-09,여자,30 - 39세,경기도,국내온라인거래,신발세탁,계약불이행(불완전이행)
2024016701,2024-04-09,여자,30 - 39세,서울특별시,국내온라인거래,아동화,품질(물품/용역)
2024019245,2024-04-09,여자,20 - 29세,인천광역시,국내온라인거래,기타신발·용품,표시.광고
2024019243,2024-04-09,남자,30 - 39세,경기도,일반판매,택배화물운송서비스,계약불이행(불완전이행)
2024019244,2024-04-09,여자,30 - 39세,서울특별시,국내온라인거래,미분류컨설팅(자문),계약불이행(불완전이행)
2024019246,2024-04-09,여자,50 - 59세,광주광역시,기타,이동전화서비스,청약철회
2024019247,2024-04-09,남자,50 - 59세,서울특별시,일반판매,소파,청약철회
2024019248,2024-04-09,여자,40 - 49세,경기도,일반판매,기타사설강습서비스,단순문의.상담
2024019249,2024-04-09,남자,50 - 59세,서울특별시,일반판매,시계,계약불이행(불완전이행)
2024019250,2024-04-09,여자,40 - 49세,서울특별시,기타,일반강습(입시학원등),계약해제.해지/위약금
2024019251,2024-04-09,여자,30 - 39세,경기도,방문판매,헬스장,계약해제.해지/위약금
2024019252,2024-04-09,여자,30 - 39세,울산광역시,소셜커머스(쇼핑),전기맛사지기,안전(제품/시설)
2024019253,2024-04-09,남자,60 - 64세,강원특별자치도,기타통신판매,국내여행,계약해제.해지/위약금
2024019254,2024-04-09,남자,20 - 29세,부산광역시,일반판매,콘택트렌즈·용품,부당행위
2024019255,2024-04-09,여자,50 - 59세,전라북도,기타,인터넷교육서비스,계약해제.해지/위약금
2024019256,2024-04-09,남자,40 - 49세,서울특별시,일반판매,포장이사운송서비스,품질(물품/용역)
2024019177,2024-04-09,여자,60 - 64세,전라북도,일반판매,건강(암·기타질병)보험,계약불이행(불완전이행)
2024019179,2024-04-09,여자,60 - 64세,부산광역시,모바일거래,모바일게임서비스,계약해제.해지/위약금
2024019181,2024-04-09,남자,40 - 49세,인천광역시,일반판매,스마트폰,AS불만
2024019192,2024-04-09,남자,40 - 49세,경기도,일반판매,일반자전거,품질(물품/용역)
2024019235,2024-04-09,남자,40 - 49세,서울특별시,국내온라인거래,컴퓨터모니터(데스크탑),품질(물품/용역)
2024019236,2024-04-09,여자,50 - 59세,경상북도,국내온라인거래,스포츠웨어,청약철회
2024019237,2024-04-09,남자,40 - 49세,경상북도,일반판매,이동전화서비스,부당행위
2024019238,2024-04-09,남자,40 - 49세,경기도,국내온라인거래,기타스포츠·레저기구·용품,청약철회
2024019239,2024-04-09,여자,30 - 39세,경상남도,일반판매,전기세탁기,가격.요금
2024019240,2024-04-09,여자,30 - 39세,대구광역시,모바일거래,항공여객운송서비스,청약철회
2024019241,2024-04-09,여자,30 - 39세,경기도,일반판매,미용서비스,계약불이행(불완전이행)
2024019242,2024-04-09,남자,30 - 39세,대전광역시,일반판매,의자,품질(물품/용역)
2024019257,2024-04-09,여자,20 - 29세,부산광역시,일반판매,헬스장,계약해제.해지/위약금
2024019258,2024-04-09,여자,30 - 39세,경기도,국내온라인거래,전기진공청소기,청약철회
2024019259,2024-04-09,여자,60 - 64세,서울특별시,국제온라인거래,호텔,계약해제.해지/위약금
2024019260,2024-04-09,남자,50 - 59세,경기도,일반판매,안마의자,품질(물품/용역)
2024019261,2024-04-09,여자,20 - 29세,서울특별시,국제온라인거래,기타숙박시설,계약해제.해지/위약금
2024019262,2024-04-09,여자,40 - 49세,서울특별시,국내온라인거래,기타의류·섬유,청약철회
2024019263,2024-04-09,남자,20 - 29세,경상북도,국내온라인거래,인터넷정보이용서비스,부당행위
2024019264,2024-04-09,남자,20 - 29세,경기도,일반판매,헬스장,계약해제.해지/위약금
2024019265,2024-04-09,남자,40 - 49세,대전광역시,모바일거래,인터넷게임서비스,무능력자계약
2024019266,2024-04-09,남자,20 - 29세,서울특별시,일반판매,피혁세탁,품질(물품/용역)
2024019267,2024-04-09,여자,40 - 49세,경기도,국내온라인거래,캐주얼바지,품질(물품/용역)
2024019268,2024-04-09,남자,50 - 59세,서울특별시,소셜커머스(쇼핑),기타이·미용서비스,계약해제.해지/위약금
2024019269,2024-04-09,여자,20 - 29세,서울특별시,국내온라인거래,CD·LD·DVD(영화·음악·게임),청약철회
2024019270,2024-04-09,여자,20 - 29세,부산광역시,국내온라인거래,기타간편복,계약불이행(불완전이행)
2024019271,2024-04-09,남자,30 - 39세,경기도,소셜커머스(쇼핑),가스에어컨,계약불이행(불완전이행)
2024019272,2024-04-09,여자,60 - 64세,서울특별시,국내온라인거래,기타숙박시설,계약해제.해지/위약금
2024019273,2024-04-09,여자,40 - 49세,부산광역시,국내온라인거래,민간자격(능력)시험,품질(물품/용역)
2024019304,2024-04-10,여자,60 - 64세,부산광역시,국내온라인거래,온풍기,품질(물품/용역)
2024019305,2024-04-10,여자,30 - 39세,서울특별시,후원방문판매,화장품세트,계약해제.해지/위약금
2024019306,2024-04-10,여자,60 - 64세,경상북도,일반판매,골프용품,품질(물품/용역)
2024019307,2024-04-10,남자,40 - 49세,충청남도,일반판매,아파트,품질(물품/용역)
2024019308,2024-04-10,여자,30 - 39세,경기도,모바일거래,기타미분류서비스,계약해제.해지/위약금
2024019309,2024-04-10,남자,40 - 49세,경기도,국내온라인거래,기타건강식품,계약불이행(불완전이행)
2024019310,2024-04-10,남자,40 - 49세,서울특별시,일반판매,초고속인터넷,계약해제.해지/위약금
2024019311,2024-04-10,남자,30 - 39세,세종특별자치시,일반판매,기타인테리어설비,품질(물품/용역)
2024019312,2024-04-10,여자,30 - 39세,부산광역시,일반판매,필라테스,계약해제.해지/위약금
2024019286,2024-04-10,여자,20 - 29세,경기도,일반판매,필라테스,계약해제.해지/위약금
2024019287,2024-04-10,여자,30 - 39세,경기도,일반판매,아파트,계약불이행(불완전이행)
2024019288,2024-04-10,남자,30 - 39세,부산광역시,일반판매,기타주방설비,품질(물품/용역)
2024019289,2024-04-10,여자,30 - 39세,서울특별시,일반판매,피부·체형관리서비스,계약해제.해지/위약금
2024019290,2024-04-10,여자,60 - 64세,서울특별시,일반판매,전기압력밥솥,품질(물품/용역)
2024019291,2024-04-10,여자,30 - 39세,서울특별시,일반판매,소파,품질(물품/용역)
2024019292,2024-04-10,여자,20 - 29세,경상남도,일반판매,필라테스,계약해제.해지/위약금
2024019293,2024-04-10,남자,60 - 64세,인천광역시,일반판매,항공여객운송서비스,품질(물품/용역)
2024019294,2024-04-10,남자,30 - 39세,대구광역시,국내온라인거래,전기스탠드,계약해제.해지/위약금
2024019295,2024-04-10,여자,30 - 39세,강원특별자치도,일반판매,외국어강습,계약해제.해지/위약금
2024019296,2024-04-10,남자,20 - 29세,경기도,일반판매,헬스장,계약해제.해지/위약금
2024019297,2024-04-10,여자,20 - 29세,부산광역시,기타통신판매,기타미분류서비스,계약불이행(불완전이행)
2024019298,2024-04-10,여자,50 - 59세,경기도,일반판매,미용서비스,계약불이행(불완전이행)
2024019299,2024-04-10,여자,50 - 59세,부산광역시,기타통신판매,기타의료용구,청약철회
2024019300,2024-04-10,여자,20 - 29세,충청남도,국내온라인거래,여성용내의류,청약철회
2024019301,2024-04-10,남자,50 - 59세,대구광역시,일반판매,기타세탁서비스,품질(물품/용역)
2024019302,2024-04-10,여자,40 - 49세,서울특별시,국내온라인거래,숙녀화(구두·부츠 등),청약철회
2024019303,2024-04-10,남자,20 - 29세,인천광역시,일반판매,헬스장,계약해제.해지/위약금
2024019335,2024-04-11,여자,30 - 39세,경기도,전화권유판매,국내결혼중개,계약불이행(불완전이행)
2024019341,2024-04-11,남자,30 - 39세,경기도,일반판매,변호서비스,계약불이행(불완전이행)
2024019344,2024-04-11,남자,50 - 59세,경기도,방문판매,정수기대여(렌트),계약해제.해지/위약금
2024019350,2024-04-11,여자,50 - 59세,경기도,방문판매,식기세척기,계약불이행(불완전이행)
2024019357,2024-04-11,남자,30 - 39세,경상남도,소셜커머스(쇼핑),기타자동차부품,청약철회
2024019364,2024-04-11,남자,30 - 39세,경기도,국내온라인거래,호텔,계약불이행(불완전이행)
2024019368,2024-04-11,여자,30 - 39세,광주광역시,일반판매,기타이·미용서비스,계약해제.해지/위약금
2024019372,2024-04-11,여자,20 - 29세,경기도,일반판매,필라테스,계약해제.해지/위약금
2024019373,2024-04-11,여자,20 - 29세,경기도,기타,일반강습(입시학원등),계약해제.해지/위약금
2024019376,2024-04-11,남자,40 - 49세,경기도,기타,기타세탁서비스,계약불이행(불완전이행)
2024018931,2024-04-11,남자,50 - 59세,서울특별시,일반판매,티셔츠,품질(물품/용역)
2024019323,2024-04-11,남자,30 - 39세,대구광역시,일반판매,중형승용자동차,품질(물품/용역)
2024019325,2024-04-11,남자,50 - 59세,대전광역시,기타,초고속인터넷,부당행위
2024019334,2024-04-11,남자,50 - 59세,서울특별시,모바일거래,이동전화서비스,표시.광고
2024019336,2024-04-11,남자,30 - 39세,서울특별시,국내온라인거래,의자,계약불이행(불완전이행)
2024019340,2024-04-11,여자,50 - 59세,서울특별시,일반판매,기타미분류서비스,계약해제.해지/위약금
2024019342,2024-04-11,남자,30 - 39세,서울특별시,국내온라인거래,항공여객운송서비스,청약철회
2024019371,2024-04-11,남자,30 - 39세,경기도,일반판매,애완동물기타,거래관행
2024018319,2024-04-11,남자,30 - 39세,경상남도,일반판매,모자,품질(물품/용역)
2024018574,2024-04-11,여자,40 - 49세,경기도,일반판매,피혁세탁,품질(물품/용역)
2024019362,2024-04-11,여자,30 - 39세,경기도,방문판매,우유,계약해제.해지/위약금
2024019365,2024-04-11,남자,50 - 59세,경기도,일반판매,치과,계약해제.해지/위약금
2024019369,2024-04-11,여자,65 - 69세,인천광역시,기타,제조물·생산및영업배상보험,부당행위
2024018106,2024-04-11,여자,65 - 69세,서울특별시,일반판매,점퍼·재킷류,품질(물품/용역)
2024019374,2024-04-11,여자,40 - 49세,부산광역시,국내온라인거래,고구마,품질(물품/용역)
2024019377,2024-04-11,남자,50 - 59세,부산광역시,소셜커머스(쇼핑),운동화,청약철회
2024019379,2024-04-11,여자,40 - 49세,서울특별시,일반판매,소파,품질(물품/용역)
2024019380,2024-04-11,여자,30 - 39세,충청남도,일반판매,중형승용자동차,품질(물품/용역)
2024019386,2024-04-11,여자,30 - 39세,서울특별시,국내온라인거래,항공여객운송서비스,계약해제.해지/위약금
2024019390,2024-04-11,여자,60 - 64세,경기도,기타통신판매,유사투자자문,청약철회
2024019391,2024-04-11,여자,30 - 39세,충청남도,일반판매,헬스장,계약해제.해지/위약금
2024019392,2024-04-11,여자,30 - 39세,서울특별시,국내온라인거래,항공여객운송서비스,청약철회
2024019395,2024-04-11,여자,30 - 39세,서울특별시,기타,포장이사운송서비스,품질(물품/용역)
2024019396,2024-04-11,남자,40 - 49세,경기도,일반판매,헬스장,계약해제.해지/위약금
2024019398,2024-04-11,남자,40 - 49세,강원특별자치도,일반판매,중형승용자동차,품질(물품/용역)
2024019314,2024-04-11,여자,40 - 49세,경기도,기타,기타사설강습서비스,계약불이행(불완전이행)
2024019317,2024-04-11,남자,50 - 59세,경기도,국내온라인거래,샴푸,계약불이행(불완전이행)
2024019327,2024-04-11,여자,50 - 59세,서울특별시,국내온라인거래,골프회원권,계약해제.해지/위약금
2024019339,2024-04-11,남자,20 - 29세,인천광역시,방문판매,의상대여(렌트),청약철회
2024019345,2024-04-11,남자,40 - 49세,서울특별시,소셜커머스(쇼핑),전기프라이팬,AS불만
2024019346,2024-04-11,여자,20 - 29세,서울특별시,모바일거래,피부·체형관리서비스,계약해제.해지/위약금
2024019354,2024-04-11,남자,30 - 39세,경기도,국내온라인거래,카셰어링,계약해제.해지/위약금
2024019363,2024-04-11,남자,30 - 39세,대구광역시,일반판매,퍼스널컴퓨터,품질(물품/용역)
2024019383,2024-04-11,남자,50 - 59세,서울특별시,모바일거래,유사투자자문,계약해제.해지/위약금
2024019400,2024-04-11,여자,40 - 49세,경기도,일반판매,실손보험,계약불이행(불완전이행)
2024019328,2024-04-11,남자,60 - 64세,경상북도,일반판매,전기자동차,AS불만
2024019331,2024-04-11,여자,50 - 59세,서울특별시,국내온라인거래,기타일반화장품,품질(물품/용역)
2024017381,2024-04-11,여자,30 - 39세,전라북도,일반판매,핸드백,품질(물품/용역)
2024019389,2024-04-11,여자,30 - 39세,경기도,일반판매,일반강습(입시학원등),청약철회
2024019313,2024-04-11,남자,50 - 59세,충청남도,국내온라인거래,컴퓨터S/W개발(홈페이지제작),계약불이행(불완전이행)
2024019316,2024-04-11,남자,20 - 29세,경기도,일반판매,애완견,품질(물품/용역)
2024019318,2024-04-11,여자,50 - 59세,서울특별시,국내온라인거래,즉석조리식품,계약불이행(불완전이행)
2024019319,2024-04-11,남자,65 - 69세,서울특별시,국내온라인거래,헤드폰·이어폰,AS불만
2024019321,2024-04-11,남자,50 - 59세,서울특별시,국내온라인거래,기타건강식품,계약불이행(불완전이행)
2024019322,2024-04-11,여자,40 - 49세,인천광역시,국내온라인거래,숙녀화(구두·부츠 등),계약불이행(불완전이행)
2024019330,2024-04-11,여자,20 - 29세,경기도,국내온라인거래,타올,청약철회
2024019349,2024-04-11,여자,80세이상,부산광역시,일반판매,기타의료서비스,안전(제품/시설)
2024019360,2024-04-11,여자,30 - 39세,부산광역시,소셜커머스(쇼핑),기타신발·용품,계약불이행(불완전이행)
2024019361,2024-04-11,남자,40 - 49세,서울특별시,일반판매,일반강습(입시학원등),계약해제.해지/위약금
2024019367,2024-04-11,남자,40 - 49세,서울특별시,모바일거래,카셰어링,계약해제.해지/위약금
2024019370,2024-04-11,남자,30 - 39세,부산광역시,국내온라인거래,호텔,청약철회
2024019375,2024-04-11,남자,30 - 39세,서울특별시,일반판매,이동전화서비스,청약철회
2024019401,2024-04-11,남자,40 - 49세,부산광역시,일반판매,스마트폰,계약불이행(불완전이행)
2024019329,2024-04-11,남자,20 - 29세,서울특별시,국내온라인거래,모자,표시.광고
2024017372,2024-04-11,남자,30 - 39세,서울특별시,국내온라인거래,양복(서양식 의복)세탁,품질(물품/용역)
2024018584,2024-04-11,여자,50 - 59세,광주광역시,일반판매,양복(서양식 의복)세탁,품질(물품/용역)
2024018368,2024-04-11,여자,30 - 39세,대구광역시,일반판매,캐주얼바지,품질(물품/용역)
2024019326,2024-04-11,남자,불명,경기도,국내온라인거래,점퍼·재킷류,청약철회
2024019356,2024-04-11,남자,30 - 39세,경기도,국내온라인거래,포장이사운송서비스,계약불이행(불완전이행)
2024018350,2024-04-11,남자,50 - 59세,광주광역시,일반판매,점퍼·재킷류,품질(물품/용역)
2024019459,2024-04-11,남자,30 - 39세,서울특별시,기타,포장이사운송서비스,품질(물품/용역)
2024019460,2024-04-11,남자,40 - 49세,전라남도,국내온라인거래,기타스포츠·레저기구·용품,AS불만
2024019461,2024-04-11,여자,30 - 39세,부산광역시,일반판매,전기진공청소기,계약불이행(불완전이행)
2024019462,2024-04-11,남자,40 - 49세,인천광역시,국내온라인거래,기타숙박시설,계약불이행(불완전이행)
2024019463,2024-04-11,여자,30 - 39세,경기도,기타,전화이용서비스,청약철회
2024019464,2024-04-11,여자,40 - 49세,서울특별시,일반판매,헬스장,계약해제.해지/위약금
2024019465,2024-04-11,여자,20 - 29세,전라북도,국내온라인거래,국외여행,청약철회
2024019466,2024-04-11,남자,20 - 29세,서울특별시,방문판매,헬스장,계약해제.해지/위약금
2024019467,2024-04-11,남자,40 - 49세,서울특별시,국제온라인거래,항공여객운송서비스,계약해제.해지/위약금
2024019468,2024-04-11,여자,30 - 39세,대전광역시,방문판매,헬스장,계약해제.해지/위약금
2024019469,2024-04-11,남자,50 - 59세,서울특별시,국내온라인거래,전기진공청소기,품질(물품/용역)
2024019472,2024-04-11,남자,50 - 59세,경기도,일반판매,노트북컴퓨터,품질(물품/용역)
2024019473,2024-04-11,남자,30 - 39세,대전광역시,일반판매,국외여행,계약해제.해지/위약금
2024019474,2024-04-11,남자,20 - 29세,경기도,전화권유판매,오피스텔,청약철회
2024019475,2024-04-11,여자,20 - 29세,경기도,일반판매,헬스장,계약해제.해지/위약금
2024019476,2024-04-11,남자,30 - 39세,전라남도,국내온라인거래,응접테이블,품질(물품/용역)
2024019477,2024-04-11,여자,30 - 39세,경기도,국내온라인거래,전화교육,계약해제.해지/위약금
2024019478,2024-04-11,남자,40 - 49세,인천광역시,일반판매,기타여행,계약해제.해지/위약금
2024019479,2024-04-11,남자,30 - 39세,경기도,국내온라인거래,낚시용품,계약불이행(불완전이행)
2024019480,2024-04-11,여자,20 - 29세,서울특별시,국내온라인거래,스마트폰,청약철회
2024019481,2024-04-11,남자,30 - 39세,경기도,국내온라인거래,전기충전기,청약철회
2024019482,2024-04-11,여자,30 - 39세,전라남도,소셜커머스(쇼핑),국외여행,계약해제.해지/위약금
2024019483,2024-04-11,남자,40 - 49세,경기도,국내온라인거래,기타주방설비,계약불이행(불완전이행)
2024019484,2024-04-11,여자,65 - 69세,서울특별시,국내온라인거래,운동화,청약철회
2024019485,2024-04-11,여자,40 - 49세,경기도,기타통신판매,숙녀복세트,청약철회
2024019486,2024-04-11,여자,30 - 39세,전라남도,국제온라인거래,기타숙박시설,계약해제.해지/위약금
2024019487,2024-04-11,여자,20 - 29세,경상북도,일반판매,국내결혼중개,청약철회
2024019488,2024-04-11,남자,50 - 59세,충청북도,일반판매,전기온수기,안전(제품/시설)
2024019489,2024-04-11,여자,30 - 39세,인천광역시,일반판매,핸드백,부당행위
2024019490,2024-04-11,남자,30 - 39세,광주광역시,국내온라인거래,코트,청약철회
2024019491,2024-04-11,여자,50 - 59세,경기도,일반판매,필라테스,계약해제.해지/위약금
2024019492,2024-04-11,여자,20 - 29세,경기도,모바일거래,인터넷교육서비스,계약해제.해지/위약금
2024019493,2024-04-11,남자,30 - 39세,서울특별시,국내온라인거래,외식,부당행위
2024019494,2024-04-11,여자,30 - 39세,경기도,기타통신판매,일반이사운송서비스,품질(물품/용역)
2024019495,2024-04-11,여자,30 - 39세,서울특별시,일반판매,국내결혼중개,부당행위
2024019496,2024-04-11,여자,30 - 39세,제주도,국내온라인거래,숙녀화(구두·부츠 등),계약해제.해지/위약금
2024019470,2024-04-11,남자,20 - 29세,울산광역시,일반판매,전기맛사지기,AS불만
2024019471,2024-04-11,여자,30 - 39세,경기도,소셜커머스(쇼핑),운동화,품질(물품/용역)
2024019497,2024-04-11,남자,20 - 29세,충청북도,모바일거래,기타미분류물품,계약불이행(불완전이행)
2024019498,2024-04-11,여자,30 - 39세,울산광역시,일반판매,스마트폰,부당행위
2024019499,2024-04-11,여자,40 - 49세,대구광역시,모바일거래,기타미분류물품,청약철회
2024019500,2024-04-11,남자,30 - 39세,서울특별시,국내온라인거래,항공여객운송서비스,계약해제.해지/위약금
2024019501,2024-04-11,여자,20 - 29세,경기도,방문판매,헬스장,계약해제.해지/위약금
2024019502,2024-04-11,남자,50 - 59세,경기도,모바일거래,전기보온밥솥,계약불이행(불완전이행)
2024019503,2024-04-11,여자,30 - 39세,경기도,기타통신판매,음식물처리기대여(렌트),AS불만
2024019504,2024-04-11,여자,20 - 29세,경기도,국내온라인거래,기타일반화장품,표시.광고
2024019505,2024-04-11,여자,10 - 19세,충청북도,일반판매,종합체육시설회원권,계약해제.해지/위약금
2024019506,2024-04-11,남자,50 - 59세,경기도,국내온라인거래,TV,품질(물품/용역)
2024019507,2024-04-11,남자,60 - 64세,서울특별시,국내온라인거래,식사배달,계약해제.해지/위약금
2024019508,2024-04-11,남자,30 - 39세,경기도,전화권유판매,정수기대여(렌트),계약해제.해지/위약금
2024019509,2024-04-11,남자,65 - 69세,경기도,방문판매,초고속인터넷,부당행위
2024019510,2024-04-11,여자,30 - 39세,경기도,모바일거래,국외여행,표시.광고
2024019511,2024-04-11,남자,30 - 39세,서울특별시,모바일거래,모바일게임서비스,청약철회
2024019512,2024-04-11,여자,30 - 39세,경기도,국내온라인거래,김,품질(물품/용역)
2024019513,2024-04-11,여자,30 - 39세,인천광역시,모바일거래,기타인테리어설비,품질(물품/용역)
2024019320,2024-04-11,여자,20 - 29세,경기도,일반판매,필라테스,계약해제.해지/위약금
2024019324,2024-04-11,여자,50 - 59세,경기도,방문판매,실손보험,계약불이행(불완전이행)
2024019333,2024-04-11,남자,50 - 59세,경기도,전화권유판매,모바일정보이용서비스,계약불이행(불완전이행)
2024019337,2024-04-11,여자,40 - 49세,경기도,국내온라인거래,기타인테리어설비,품질(물품/용역)
2024019338,2024-04-11,여자,50 - 59세,경기도,일반판매,항공여객운송서비스,가격.요금
2024019348,2024-04-11,여자,20 - 29세,서울특별시,일반판매,미용서비스,계약해제.해지/위약금
2024019352,2024-04-11,남자,30 - 39세,대전광역시,일반판매,예식서비스,계약해제.해지/위약금
2024019355,2024-04-11,남자,30 - 39세,서울특별시,기타통신판매,식탁,청약철회
2024018131,2024-04-11,남자,30 - 39세,서울특별시,일반판매,양복(서양식 의복)세탁,품질(물품/용역)
2024019359,2024-04-11,여자,40 - 49세,세종특별자치시,국내온라인거래,자동차대여(렌트),계약불이행(불완전이행)
2024018870,2024-04-11,여자,30 - 39세,서울특별시,일반판매,양복(서양식 의복)세탁,품질(물품/용역)
2024018582,2024-04-11,여자,30 - 39세,전라남도,일반판매,점퍼·재킷류,품질(물품/용역)
2024019366,2024-04-11,남자,50 - 59세,경기도,국내온라인거래,헤드폰·이어폰,품질(물품/용역)
2024018388,2024-04-11,여자,50 - 59세,광주광역시,일반판매,니트(스웨터),품질(물품/용역)
2024018873,2024-04-11,여자,20 - 29세,서울특별시,일반판매,양복(서양식 의복)세탁,품질(물품/용역)
2024018070,2024-04-11,남자,50 - 59세,서울특별시,일반판매,양복(서양식 의복)세탁,품질(물품/용역)
2024019378,2024-04-11,여자,30 - 39세,부산광역시,기타,피부과,계약해제.해지/위약금
2024019382,2024-04-11,남자,50 - 59세,경기도,일반판매,차량용블랙박스,계약해제.해지/위약금
2024019384,2024-04-11,남자,20 - 29세,대전광역시,국내온라인거래,일반자전거,품질(물품/용역)
2024019387,2024-04-11,남자,30 - 39세,경기도,전화권유판매,인터넷정보이용서비스,계약해제.해지/위약금
2024019388,2024-04-11,남자,30 - 39세,경기도,일반판매,인터넷정보이용서비스,계약해제.해지/위약금
2024019393,2024-04-11,여자,40 - 49세,부산광역시,국내온라인거래,소파,품질(물품/용역)
2024019394,2024-04-11,남자,70 - 79세,경기도,소셜커머스(쇼핑),신유형상품권,계약불이행(불완전이행)
2024019397,2024-04-11,여자,40 - 49세,인천광역시,국내온라인거래,인터넷교육서비스,청약철회
2024019399,2024-04-11,여자,50 - 59세,서울특별시,국내온라인거래,국외여행,계약불이행(불완전이행)
2024019403,2024-04-11,여자,30 - 39세,경기도,모바일거래,숙녀복세트,청약철회
2024019405,2024-04-11,여자,65 - 69세,대구광역시,국내온라인거래,헤드폰·이어폰,청약철회
2024018339,2024-04-11,남자,40 - 49세,인천광역시,일반판매,셔츠,품질(물품/용역)
2024018557,2024-04-11,여자,50 - 59세,서울특별시,국내온라인거래,이불·침대커버,품질(물품/용역)
2024019410,2024-04-11,남자,40 - 49세,경기도,소셜커머스(쇼핑),기타가구,계약해제.해지/위약금
2024019411,2024-04-11,남자,40 - 49세,제주도,국제온라인거래,항공여객운송서비스,계약해제.해지/위약금
2024019412,2024-04-11,여자,10 - 19세,경기도,일반판매,각종자격취득강습,계약불이행(불완전이행)
2024019414,2024-04-11,여자,20 - 29세,충청남도,국내온라인거래,통신기기주변장치,계약불이행(불완전이행)
2024019415,2024-04-11,여자,40 - 49세,광주광역시,TV홈쇼핑,음식물처리기대여(렌트),계약불이행(불완전이행)
2024019416,2024-04-11,남자,30 - 39세,서울특별시,기타,기타인테리어설비,품질(물품/용역)
2024019417,2024-04-11,여자,20 - 29세,전라남도,국내온라인거래,기타숙박시설,계약해제.해지/위약금
2024019418,2024-04-11,남자,40 - 49세,경기도,국내온라인거래,노트북컴퓨터,AS불만
2024019419,2024-04-11,여자,30 - 39세,부산광역시,국내온라인거래,기타간편복,청약철회
2024019420,2024-04-11,여자,60 - 64세,세종특별자치시,모바일거래,국외여행,계약불이행(불완전이행)
2024019421,2024-04-11,여자,20 - 29세,서울특별시,전화권유판매,신유형상품권,가격.요금
2024019422,2024-04-11,남자,40 - 49세,경기도,일반판매,운동화,품질(물품/용역)
2024019423,2024-04-11,남자,30 - 39세,대구광역시,일반판매,독서실이용,계약해제.해지/위약금
2024019424,2024-04-11,여자,30 - 39세,경기도,일반판매,종합체육시설회원권,계약해제.해지/위약금
2024019402,2024-04-11,남자,50 - 59세,서울특별시,국내온라인거래,국외여행,품질(물품/용역)
2024019425,2024-04-11,여자,40 - 49세,경기도,국내온라인거래,기타책상·테이블류,청약철회
2024019426,2024-04-11,여자,20 - 29세,전라남도,국내온라인거래,항공여객운송서비스,청약철회
2024019427,2024-04-11,남자,40 - 49세,서울특별시,소셜커머스(쇼핑),샴푸,청약철회
2024019428,2024-04-11,남자,60 - 64세,대전광역시,국내온라인거래,골프용품,AS불만
2024019429,2024-04-11,남자,20 - 29세,대전광역시,일반판매,주식,계약해제.해지/위약금
2024019430,2024-04-11,남자,40 - 49세,경기도,국내온라인거래,국외여행,계약불이행(불완전이행)
2024019431,2024-04-11,남자,20 - 29세,대전광역시,기타통신판매,기타숙박시설,계약해제.해지/위약금
2024019432,2024-04-11,남자,30 - 39세,충청남도,기타,기타매체광고,청약철회
2024019433,2024-04-11,여자,30 - 39세,전라북도,일반판매,미용서비스,품질(물품/용역)
2024019434,2024-04-11,여자,40 - 49세,서울특별시,일반판매,포장이사운송서비스,품질(물품/용역)
2024019435,2024-04-11,여자,20 - 29세,서울특별시,국내온라인거래,시계,품질(물품/용역)
2024019436,2024-04-11,남자,30 - 39세,경상북도,소셜커머스(쇼핑),냉장고,AS불만
2024019437,2024-04-11,여자,20 - 29세,대전광역시,일반판매,헬스장,계약해제.해지/위약금
2024019438,2024-04-11,남자,20 - 29세,경기도,방문판매,헬스장,계약해제.해지/위약금
2024019439,2024-04-11,남자,30 - 39세,충청남도,일반판매,음식물처리기,품질(물품/용역)
2024019440,2024-04-11,남자,20 - 29세,경기도,국내온라인거래,펜션,계약해제.해지/위약금
2024019441,2024-04-11,남자,20 - 29세,경기도,일반판매,헬스장,계약해제.해지/위약금
2024018940,2024-04-11,여자,40 - 49세,강원특별자치도,일반판매,양복(서양식 의복)세탁,품질(물품/용역)
2024019442,2024-04-11,여자,10 - 19세,경기도,국내온라인거래,캐주얼바지,청약철회
2024019443,2024-04-11,남자,50 - 59세,경기도,전화권유판매,유사투자자문,계약해제.해지/위약금
2024019444,2024-04-11,남자,20 - 29세,인천광역시,방문판매,이동전화서비스,부당행위
2024019445,2024-04-11,여자,30 - 39세,세종특별자치시,일반판매,우산,품질(물품/용역)
2024019446,2024-04-11,남자,50 - 59세,부산광역시,소셜커머스(쇼핑),감자,청약철회
2024019447,2024-04-11,여자,20 - 29세,인천광역시,일반판매,예식서비스,계약해제.해지/위약금
2024019448,2024-04-11,남자,50 - 59세,서울특별시,일반판매,케이블TV,계약해제.해지/위약금
2024019449,2024-04-11,여자,40 - 49세,경기도,전화권유판매,기타매체광고,청약철회
2024019450,2024-04-11,여자,40 - 49세,강원특별자치도,국내온라인거래,항공여객운송서비스,계약해제.해지/위약금
2024019451,2024-04-11,남자,30 - 39세,인천광역시,방문판매,헬스장,계약해제.해지/위약금
2024019452,2024-04-11,여자,20 - 29세,경기도,일반판매,사진촬영,계약해제.해지/위약금
2024019453,2024-04-11,남자,50 - 59세,서울특별시,일반판매,골프회원권,계약해제.해지/위약금
2024019454,2024-04-11,남자,30 - 39세,부산광역시,기타,룸에어컨,계약불이행(불완전이행)
2024019455,2024-04-11,여자,50 - 59세,경상북도,일반판매,침대,품질(물품/용역)
2024019456,2024-04-11,여자,30 - 39세,경기도,일반판매,헬스장,계약해제.해지/위약금
2024019457,2024-04-11,여자,40 - 49세,서울특별시,소셜커머스(쇼핑),기타책상·테이블류,품질(물품/용역)
2024019458,2024-04-11,남자,30 - 39세,경기도,국내온라인거래,국외여행,계약해제.해지/위약금
2024018910,2024-04-11,여자,20 - 29세,대전광역시,일반판매,양복(서양식 의복)세탁,품질(물품/용역)
2024019523,2024-04-12,남자,50 - 59세,대전광역시,일반판매,골프회원권,계약불이행(불완전이행)
2024019525,2024-04-12,여자,불명,서울특별시,일반판매,스마트폰,계약불이행(불완전이행)
2024019533,2024-04-12,여자,30 - 39세,경기도,일반판매,필라테스,계약해제.해지/위약금
2024019544,2024-04-12,남자,50 - 59세,충청북도,국내온라인거래,차량네비게이션(자동항법장치),AS불만
2024019545,2024-04-12,여자,30 - 39세,경기도,전화권유판매,모바일정보이용서비스,계약불이행(불완전이행)
2024019562,2024-04-12,남자,50 - 59세,인천광역시,일반판매,화재보험,계약불이행(불완전이행)
2024019564,2024-04-12,남자,40 - 49세,부산광역시,국내온라인거래,안마의자,AS불만
2024018053,2024-04-12,남자,40 - 49세,경기도,일반판매,기타간편복,품질(물품/용역)
2024019582,2024-04-12,남자,20 - 29세,경상북도,국내온라인거래,가상화폐,부당행위
2024019597,2024-04-12,남자,40 - 49세,대구광역시,기타,상해보험,계약불이행(불완전이행)
2024018110,2024-04-12,남자,40 - 49세,서울특별시,일반판매,핸드백,품질(물품/용역)
2024019572,2024-04-12,여자,65 - 69세,경기도,일반판매,건강(암·기타질병)보험,계약불이행(불완전이행)
2024019574,2024-04-12,남자,30 - 39세,경기도,국내온라인거래,항공여객운송서비스,계약해제.해지/위약금
2024018508,2024-04-12,여자,불명,경기도,국내온라인거래,기타모피·가죽의류,품질(물품/용역)
2024019576,2024-04-12,남자,50 - 59세,경기도,전화권유판매,모바일정보이용서비스,계약해제.해지/위약금
2024018817,2024-04-12,여자,40 - 49세,경기도,일반판매,양복(서양식 의복)세탁,품질(물품/용역)
2024017180,2024-04-12,여자,40 - 49세,서울특별시,일반판매,캐주얼바지,품질(물품/용역)
2024017362,2024-04-12,여자,50 - 59세,경기도,일반판매,핸드백,품질(물품/용역)
2024017940,2024-04-12,여자,30 - 39세,서울특별시,국내온라인거래,코트,품질(물품/용역)
2024019577,2024-04-12,남자,20 - 29세,경기도,일반판매,독서실이용,품질(물품/용역)
2024019580,2024-04-12,여자,40 - 49세,경기도,국내온라인거래,기타숙박시설,청약철회
2024019587,2024-04-12,여자,40 - 49세,서울특별시,국제온라인거래,아동용내의류,계약불이행(불완전이행)
2024019584,2024-04-12,여자,30 - 39세,부산광역시,일반판매,헬스장,계약해제.해지/위약금
2024019586,2024-04-12,여자,30 - 39세,서울특별시,소셜커머스(쇼핑),아동복,가격.요금
2024019589,2024-04-12,남자,30 - 39세,경기도,일반판매,국외여행,거래관행
2024019590,2024-04-12,남자,불명,경기도,일반판매,외식,품질(물품/용역)
2024019592,2024-04-12,여자,40 - 49세,울산광역시,일반판매,피부·체형관리서비스,계약해제.해지/위약금
2024019593,2024-04-12,남자,30 - 39세,경상북도,기타,고시원이용,계약해제.해지/위약금
2024019598,2024-04-12,남자,50 - 59세,충청북도,기타,외식,계약불이행(불완전이행)
2024019595,2024-04-12,여자,40 - 49세,경기도,일반판매,기타가방,품질(물품/용역)
2024019596,2024-04-12,남자,40 - 49세,경기도,기타,스마트폰,AS불만
2024019599,2024-04-12,남자,65 - 69세,부산광역시,전화권유판매,모바일정보이용서비스,계약해제.해지/위약금
2024019601,2024-04-12,여자,30 - 39세,부산광역시,국내온라인거래,호텔,계약해제.해지/위약금
2024019603,2024-04-12,여자,50 - 59세,경기도,기타,건강(암·기타질병)보험,계약불이행(불완전이행)
2024019604,2024-04-12,남자,30 - 39세,서울특별시,모바일거래,펜션,계약해제.해지/위약금
2024019611,2024-04-12,여자,50 - 59세,서울특별시,방문판매,요가,계약불이행(불완전이행)
2024019614,2024-04-12,여자,50 - 59세,경기도,국내온라인거래,캐주얼바지,품질(물품/용역)
2024019616,2024-04-12,남자,20 - 29세,서울특별시,모바일거래,전동킥보드,안전(제품/시설)
2024019617,2024-04-12,여자,20 - 29세,경기도,일반판매,헬스장,계약해제.해지/위약금
2024020012,2024-04-12,여자,30 - 39세,서울특별시,기타,미용서비스,품질(물품/용역)
2024019618,2024-04-12,남자,30 - 39세,경기도,국내온라인거래,국외여행,표시.광고
2024019619,2024-04-12,여자,50 - 59세,인천광역시,일반판매,항공여객운송서비스,계약불이행(불완전이행)
2024019620,2024-04-12,남자,20 - 29세,전라북도,일반판매,헬스장,계약해제.해지/위약금
2024019621,2024-04-12,여자,40 - 49세,경기도,기타,기타민영보험,계약불이행(불완전이행)
2024019702,2024-04-12,남자,50 - 59세,부산광역시,국내온라인거래,기타의류·섬유,AS불만
2024019624,2024-04-12,여자,60 - 64세,전라남도,기타통신판매,건물청소서비스,계약불이행(불완전이행)
2024019701,2024-04-12,여자,40 - 49세,경기도,일반판매,기타냉장·냉동기기,계약불이행(불완전이행)
2024019703,2024-04-12,남자,30 - 39세,충청남도,국내온라인거래,항공여객운송서비스,계약해제.해지/위약금
2024019704,2024-04-12,남자,30 - 39세,경기도,국내온라인거래,항공여객운송서비스,계약해제.해지/위약금
2024019705,2024-04-12,남자,30 - 39세,서울특별시,일반판매,음식물처리기대여(렌트),품질(물품/용역)
2024019706,2024-04-12,남자,30 - 39세,서울특별시,소셜커머스(쇼핑),의자,품질(물품/용역)
2024019707,2024-04-12,여자,20 - 29세,인천광역시,모바일거래,메이크업강습,청약철회
2024019708,2024-04-12,여자,30 - 39세,강원특별자치도,기타,예식서비스,계약해제.해지/위약금
2024019709,2024-04-12,여자,20 - 29세,서울특별시,국내온라인거래,인터넷교육서비스,청약철회
2024019710,2024-04-12,남자,30 - 39세,서울특별시,일반판매,예식서비스,계약해제.해지/위약금
2024019711,2024-04-12,남자,30 - 39세,경기도,전화권유판매,모바일정보이용서비스,계약해제.해지/위약금
2024019712,2024-04-12,여자,20 - 29세,대전광역시,일반판매,헬스장,계약해제.해지/위약금
2024019713,2024-04-12,여자,30 - 39세,부산광역시,국내온라인거래,호텔,청약철회
2024019714,2024-04-12,여자,20 - 29세,충청북도,국내온라인거래,원피스,표시.광고
2024019715,2024-04-12,여자,40 - 49세,대구광역시,TV홈쇼핑,음식물처리기대여(렌트),AS불만
2024019716,2024-04-12,남자,60 - 64세,전라북도,국내온라인거래,인터넷교육서비스,계약불이행(불완전이행)
2024019717,2024-04-12,여자,30 - 39세,서울특별시,국내온라인거래,인터넷교육서비스,부당행위
2024019718,2024-04-12,여자,50 - 59세,부산광역시,전화권유판매,인터넷교육서비스,청약철회
2024019719,2024-04-12,여자,20 - 29세,광주광역시,국제온라인거래,항공여객운송서비스,계약불이행(불완전이행)
2024019720,2024-04-12,남자,30 - 39세,서울특별시,일반판매,헬스장,계약해제.해지/위약금
2024019721,2024-04-12,여자,30 - 39세,경기도,소셜커머스(쇼핑),주전자,청약철회
2024019722,2024-04-12,여자,20 - 29세,전라북도,국내온라인거래,냉장고,품질(물품/용역)
2024019723,2024-04-12,여자,60 - 64세,대구광역시,모바일거래,점퍼·재킷류,계약불이행(불완전이행)
2024019724,2024-04-12,남자,30 - 39세,경기도,방문판매,기타건강식품,품질(물품/용역)
2024019725,2024-04-12,남자,30 - 39세,서울특별시,일반판매,국내결혼중개,계약해제.해지/위약금
2024019726,2024-04-12,여자,40 - 49세,부산광역시,국내온라인거래,컴퓨터S/W개발(홈페이지제작),청약철회
2024019727,2024-04-12,여자,20 - 29세,인천광역시,일반판매,항공여객운송서비스,계약불이행(불완전이행)
2024019728,2024-04-12,남자,30 - 39세,경기도,국내온라인거래,항공여객운송서비스,계약해제.해지/위약금
2024019729,2024-04-12,여자,20 - 29세,서울특별시,일반판매,미용서비스,부당행위
2024019730,2024-04-12,남자,40 - 49세,경기도,국내온라인거래,컴퓨터모니터(데스크탑),단순문의.상담
2024019731,2024-04-12,여자,30 - 39세,서울특별시,일반판매,사진촬영,계약해제.해지/위약금
2024019732,2024-04-12,여자,30 - 39세,경기도,일반판매,사진촬영,계약해제.해지/위약금
2024019733,2024-04-12,남자,40 - 49세,광주광역시,일반판매,국내결혼중개,계약해제.해지/위약금
2024019734,2024-04-12,여자,70 - 79세,경상북도,방문판매,기타교육서비스,계약해제.해지/위약금
2024019735,2024-04-12,여자,20 - 29세,서울특별시,기타,헬스장,계약해제.해지/위약금
2024019736,2024-04-12,여자,20 - 29세,광주광역시,일반판매,필라테스,계약해제.해지/위약금
2024019737,2024-04-12,남자,30 - 39세,경기도,소셜커머스(쇼핑),침대,품질(물품/용역)
2024019738,2024-04-12,여자,20 - 29세,경기도,국내온라인거래,기타숙박시설,계약불이행(불완전이행)
2024019739,2024-04-12,여자,20 - 29세,경기도,방문판매,사진촬영,계약해제.해지/위약금
2024019740,2024-04-12,여자,60 - 64세,광주광역시,TV홈쇼핑,국내여행,품질(물품/용역)
2024019741,2024-04-12,여자,65 - 69세,강원특별자치도,국내온라인거래,기타미분류물품,계약불이행(불완전이행)
2024019742,2024-04-12,여자,20 - 29세,경기도,일반판매,기타세탁서비스,가격.요금
2024019743,2024-04-12,남자,40 - 49세,서울특별시,일반판매,장의관련서비스,계약불이행(불완전이행)
2024019744,2024-04-12,여자,40 - 49세,경기도,국내온라인거래,호텔,부당행위
2024019745,2024-04-12,남자,50 - 59세,경기도,전화권유판매,유사투자자문,계약해제.해지/위약금
2024019746,2024-04-12,여자,30 - 39세,인천광역시,국내온라인거래,기타간편복,청약철회
2024019747,2024-04-12,남자,30 - 39세,대전광역시,국내온라인거래,소파,품질(물품/용역)
2024019748,2024-04-12,남자,40 - 49세,인천광역시,국내온라인거래,헤어크림,계약해제.해지/위약금
2024019514,2024-04-12,여자,50 - 59세,인천광역시,일반판매,헬스장,계약해제.해지/위약금
2024019515,2024-04-12,남자,50 - 59세,경기도,일반판매,대형승용자동차,품질(물품/용역)
2024019517,2024-04-12,남자,40 - 49세,전라북도,모바일거래,모바일정보이용서비스,계약해제.해지/위약금
2024019518,2024-04-12,남자,50 - 59세,경상북도,일반판매,자동차수리·점검,품질(물품/용역)
2024019749,2024-04-12,여자,30 - 39세,경기도,국내온라인거래,기타가사용품,청약철회
2024019750,2024-04-12,남자,50 - 59세,경기도,국내온라인거래,가습기,안전(제품/시설)
2024019751,2024-04-12,여자,30 - 39세,서울특별시,국내온라인거래,항공여객운송서비스,계약해제.해지/위약금
2024019752,2024-04-12,여자,40 - 49세,경기도,국제온라인거래,항공여객운송서비스,계약해제.해지/위약금
2024019753,2024-04-12,남자,40 - 49세,경기도,국내온라인거래,국외여행,계약해제.해지/위약금
2024019754,2024-04-12,남자,50 - 59세,경기도,국제온라인거래,항공여객운송서비스,청약철회
2024019755,2024-04-12,여자,40 - 49세,강원특별자치도,국내온라인거래,기타숙박시설,계약해제.해지/위약금
2024019756,2024-04-12,여자,40 - 49세,충청남도,방문판매,포장이사운송서비스,부당행위
2024019757,2024-04-12,여자,30 - 39세,경기도,기타,필라테스,계약해제.해지/위약금
2024019758,2024-04-12,여자,30 - 39세,서울특별시,국내온라인거래,니트(스웨터),청약철회
2024019759,2024-04-12,남자,40 - 49세,세종특별자치시,국내온라인거래,기타건강식품,부당행위
2024019760,2024-04-12,여자,50 - 59세,대구광역시,일반판매,항공여객운송서비스,부당행위
2024019761,2024-04-12,남자,30 - 39세,서울특별시,국내온라인거래,기타매체광고,계약해제.해지/위약금
2024019762,2024-04-12,여자,20 - 29세,경상남도,모바일거래,기타숙박시설,청약철회
2024019763,2024-04-12,남자,60 - 64세,경기도,국내온라인거래,기타의료용구,부당행위
2024019764,2024-04-12,여자,30 - 39세,서울특별시,국내온라인거래,보석·귀금속,가격.요금
2024019765,2024-04-12,남자,40 - 49세,경기도,기타통신판매,레저시설이용,계약해제.해지/위약금
2024019766,2024-04-12,여자,20 - 29세,경기도,국내온라인거래,기타의류·섬유,청약철회
2024019520,2024-04-12,남자,50 - 59세,대구광역시,기타,모바일정보이용서비스,약관
2024019521,2024-04-12,남자,30 - 39세,경기도,소셜커머스(쇼핑),TV대,이자.수수료
2024019524,2024-04-12,남자,30 - 39세,경기도,국제온라인거래,항공여객운송서비스,청약철회
2024019526,2024-04-12,여자,40 - 49세,서울특별시,일반판매,초고속인터넷,가격.요금
2024018869,2024-04-12,남자,70 - 79세,서울특별시,일반판매,점퍼·재킷류,품질(물품/용역)
2024018871,2024-04-12,여자,40 - 49세,강원특별자치도,일반판매,점퍼·재킷류,품질(물품/용역)
2024019528,2024-04-12,여자,50 - 59세,경상북도,일반판매,오토바이,계약불이행(불완전이행)
2024019529,2024-04-12,여자,30 - 39세,서울특별시,기타,치과,품질(물품/용역)
2024019531,2024-04-12,여자,불명,경상북도,국내온라인거래,숙녀화(구두·부츠 등),계약해제.해지/위약금
2024019553,2024-04-12,여자,50 - 59세,경기도,일반판매,치과,품질(물품/용역)
2024019557,2024-04-12,남자,20 - 29세,경기도,일반판매,헬스장,계약해제.해지/위약금
2024019558,2024-04-12,여자,40 - 49세,경기도,방문판매,상조서비스,계약해제.해지/위약금
2024019767,2024-04-12,여자,30 - 39세,서울특별시,일반판매,외식,부당행위
2024019768,2024-04-12,남자,30 - 39세,경기도,국내온라인거래,기타약품,청약철회
2024019769,2024-04-12,여자,40 - 49세,광주광역시,일반판매,필라테스,계약해제.해지/위약금
2024019770,2024-04-12,여자,40 - 49세,부산광역시,일반판매,냉장고,청약철회
2024019771,2024-04-12,여자,40 - 49세,경기도,국내온라인거래,핸드백,청약철회
2024019532,2024-04-12,남자,50 - 59세,부산광역시,국내온라인거래,차량용블랙박스,표시.광고
2024019534,2024-04-12,남자,20 - 29세,서울특별시,일반판매,건강(암·기타질병)보험,약관
2024019535,2024-04-12,남자,60 - 64세,경기도,기타,승강설비,품질(물품/용역)
2024019536,2024-04-12,여자,40 - 49세,경상남도,국내온라인거래,TV,품질(물품/용역)
2024019538,2024-04-12,남자,50 - 59세,경기도,일반판매,종신보험,계약불이행(불완전이행)
2024019539,2024-04-12,남자,20 - 29세,경상남도,일반판매,독서실이용,계약해제.해지/위약금
2024019540,2024-04-12,남자,40 - 49세,강원특별자치도,국내온라인거래,기타인터넷기반서비스,가격.요금
2024019547,2024-04-12,남자,40 - 49세,경기도,일반판매,실손보험,계약불이행(불완전이행)
2024019548,2024-04-12,여자,40 - 49세,서울특별시,일반판매,피부과,품질(물품/용역)
2024019549,2024-04-12,여자,70 - 79세,경기도,국내온라인거래,신유형상품권,품질(물품/용역)
2024019550,2024-04-12,여자,30 - 39세,경기도,소셜커머스(쇼핑),숙녀화(구두·부츠 등),청약철회
2024019551,2024-04-12,남자,60 - 64세,부산광역시,기타,실손보험,계약불이행(불완전이행)
2024019772,2024-04-12,남자,30 - 39세,서울특별시,국내온라인거래,기타건강식품,계약불이행(불완전이행)
2024019773,2024-04-12,여자,20 - 29세,전라남도,국내온라인거래,기타숙박시설,청약철회
2024019774,2024-04-12,여자,50 - 59세,서울특별시,전화권유판매,이동전화서비스,계약해제.해지/위약금
2024019775,2024-04-12,여자,20 - 29세,경기도,일반판매,헬스장,계약해제.해지/위약금
2024019776,2024-04-12,남자,30 - 39세,서울특별시,국제온라인거래,위스키,청약철회
2024019778,2024-04-12,여자,40 - 49세,경기도,기타,기타사설강습서비스,계약해제.해지/위약금
2024019779,2024-04-12,여자,40 - 49세,인천광역시,소셜커머스(쇼핑),스마트폰,가격.요금
2024019780,2024-04-12,여자,30 - 39세,인천광역시,모바일거래,각종공연관람,계약해제.해지/위약금
2024019781,2024-04-12,여자,40 - 49세,대전광역시,기타,이동전화서비스,부당채권추심
2024019782,2024-04-12,남자,20 - 29세,부산광역시,모바일거래,호텔,청약철회
2024019783,2024-04-12,여자,40 - 49세,제주도,국내온라인거래,기타조리기기·기구,품질(물품/용역)
2024019784,2024-04-12,남자,20 - 29세,인천광역시,모바일거래,인터넷게임서비스,부당행위
2024019785,2024-04-12,여자,20 - 29세,광주광역시,일반판매,필라테스,계약해제.해지/위약금
2024019786,2024-04-12,여자,40 - 49세,경기도,모바일거래,모바일게임서비스,청약철회
2024019787,2024-04-12,남자,40 - 49세,서울특별시,방문판매,공기청정기대여(렌트),부당행위
2024019788,2024-04-12,남자,10세 미만,광주광역시,일반판매,기타주류,품질(물품/용역)
2024019789,2024-04-12,남자,30 - 39세,서울특별시,국내온라인거래,기타음식관련서비스,계약불이행(불완전이행)
2024019552,2024-04-12,여자,65 - 69세,대구광역시,일반판매,국내결혼중개,계약해제.해지/위약금
2024019554,2024-04-12,여자,40 - 49세,광주광역시,전화권유판매,미분류대여(렌트),계약해제.해지/위약금
2024019556,2024-04-12,여자,50 - 59세,광주광역시,일반판매,스마트폰,AS불만
2024019559,2024-04-12,여자,50 - 59세,인천광역시,국내온라인거래,여성용내의류,품질(물품/용역)
2024019563,2024-04-12,여자,40 - 49세,인천광역시,국내온라인거래,지갑,청약철회
2024019561,2024-04-12,남자,30 - 39세,대구광역시,기타통신판매,트레이닝기구,AS불만
2024019565,2024-04-12,여자,40 - 49세,경기도,국제온라인거래,항공여객운송서비스,청약철회
2024019566,2024-04-12,여자,30 - 39세,서울특별시,방문판매,헬스장,계약해제.해지/위약금
2024019567,2024-04-12,남자,40 - 49세,서울특별시,기타,다세대주택,계약불이행(불완전이행)
2024019568,2024-04-12,여자,40 - 49세,서울특별시,기타,정수기대여(렌트),계약불이행(불완전이행)
2024019569,2024-04-12,여자,30 - 39세,서울특별시,국내온라인거래,항공여객운송서비스,계약해제.해지/위약금
2024019570,2024-04-12,남자,30 - 39세,인천광역시,일반판매,아파트,AS불만
2024019790,2024-04-12,남자,20 - 29세,경기도,국내온라인거래,점퍼·재킷류,청약철회
2024019791,2024-04-12,남자,20 - 29세,경상북도,국내온라인거래,인터넷공유기,품질(물품/용역)
2024019792,2024-04-12,여자,30 - 39세,서울특별시,일반판매,헬스장,계약해제.해지/위약금
2024019793,2024-04-12,남자,20 - 29세,전라북도,기타,신유형상품권,부당행위
2024019794,2024-04-12,남자,30 - 39세,부산광역시,국내온라인거래,항공여객운송서비스,이자.수수료
2024019516,2024-04-12,여자,40 - 49세,경상남도,모바일거래,"OTT서비스(넷플릭스,왓챠 등)",계약해제.해지/위약금
2024019527,2024-04-12,남자,40 - 49세,충청북도,일반판매,아파트,AS불만
2024019573,2024-04-12,여자,40 - 49세,경기도,일반판매,건물청소서비스,계약불이행(불완전이행)
2024019585,2024-04-12,여자,20 - 29세,서울특별시,일반판매,필라테스,계약해제.해지/위약금
2024019615,2024-04-12,여자,30 - 39세,경기도,일반판매,사진촬영,계약해제.해지/위약금
2024019612,2024-04-12,여자,20 - 29세,충청북도,일반판매,인터넷교육서비스,계약해제.해지/위약금
2024019613,2024-04-12,남자,40 - 49세,서울특별시,국내온라인거래,식기세척기,품질(물품/용역)
2024019625,2024-04-12,여자,30 - 39세,서울특별시,기타통신판매,국내결혼중개,계약해제.해지/위약금
2024019795,2024-04-12,여자,40 - 49세,서울특별시,국내온라인거래,기타신발·용품,계약불이행(불완전이행)
2024019796,2024-04-12,여자,40 - 49세,울산광역시,기타,종합체육시설회원권,계약해제.해지/위약금
2024019797,2024-04-12,남자,30 - 39세,충청남도,일반판매,호텔,부당행위
2024019798,2024-04-12,여자,50 - 59세,인천광역시,TV홈쇼핑,국외여행,계약해제.해지/위약금
2024019799,2024-04-12,남자,20 - 29세,경기도,일반판매,예식서비스,계약해제.해지/위약금
2024019800,2024-04-12,남자,20 - 29세,광주광역시,방문판매,헬스장,계약해제.해지/위약금
2024019801,2024-04-12,여자,40 - 49세,경기도,일반판매,이동전화서비스,가격.요금
2024019802,2024-04-12,여자,30 - 39세,대구광역시,일반판매,예식서비스,계약불이행(불완전이행)
2024019803,2024-04-12,여자,20 - 29세,서울특별시,국내온라인거래,스포츠관람,계약불이행(불완전이행)
2024019804,2024-04-12,여자,20 - 29세,경상남도,기타통신판매,국외여행,표시.광고
2024019805,2024-04-12,여자,30 - 39세,경기도,국내온라인거래,점퍼·재킷류,청약철회
2024019806,2024-04-12,여자,30 - 39세,경상북도,소셜커머스(쇼핑),헤드폰·이어폰,품질(물품/용역)
2024019913,2024-04-13,여자,30 - 39세,서울특별시,일반판매,국내결혼중개,계약해제.해지/위약금
2024019914,2024-04-13,여자,20 - 29세,경기도,모바일거래,헬스장,계약해제.해지/위약금
2024019915,2024-04-13,여자,40 - 49세,서울특별시,일반판매,산후조리원,부당행위
2024019916,2024-04-13,남자,30 - 39세,부산광역시,국내온라인거래,항공여객운송서비스,계약불이행(불완전이행)
2024019917,2024-04-13,여자,40 - 49세,경기도,국내온라인거래,스웨터,청약철회
2024019918,2024-04-13,여자,50 - 59세,경기도,일반판매,인터넷교육서비스,계약해제.해지/위약금
2024019919,2024-04-13,남자,40 - 49세,대구광역시,국내온라인거래,운동화,AS불만
2024019901,2024-04-13,남자,60 - 64세,강원특별자치도,전화권유판매,국외여행,계약불이행(불완전이행)
2024019902,2024-04-13,여자,50 - 59세,경기도,전화권유판매,고시원이용,계약해제.해지/위약금
2024019903,2024-04-13,남자,20 - 29세,경기도,기타,모바일게임서비스,부당행위
2024019904,2024-04-13,남자,40 - 49세,경기도,일반판매,할인회원권,계약해제.해지/위약금
2024019905,2024-04-13,남자,20 - 29세,대구광역시,일반판매,헬스장,계약해제.해지/위약금
2024019906,2024-04-13,남자,20 - 29세,충청남도,전화권유판매,기타회원권,계약해제.해지/위약금
2024019907,2024-04-13,여자,20 - 29세,광주광역시,일반판매,국외여행,단순문의.상담
2024019908,2024-04-13,남자,40 - 49세,부산광역시,모바일거래,비타민제,계약불이행(불완전이행)
2024019909,2024-04-13,여자,50 - 59세,울산광역시,전화권유판매,민간자격(능력)시험,계약불이행(불완전이행)
2024019910,2024-04-13,남자,40 - 49세,인천광역시,모바일거래,기타보온·보냉기기,청약철회
2024019911,2024-04-13,여자,70 - 79세,대구광역시,국내온라인거래,복합기,청약철회
2024019912,2024-04-13,남자,10세 미만,대전광역시,일반판매,국내결혼중개,청약철회
2024020001,2024-04-14,여자,50 - 59세,충청북도,일반판매,기타가방,품질(물품/용역)
2024020002,2024-04-14,여자,40 - 49세,서울특별시,일반판매,항공여객운송서비스,품질(물품/용역)
2024020003,2024-04-14,남자,30 - 39세,경상북도,국내온라인거래,인터넷교육서비스,계약해제.해지/위약금
2024020004,2024-04-14,남자,60 - 64세,경기도,소셜커머스(쇼핑),점퍼·재킷류,청약철회
2024020005,2024-04-14,여자,40 - 49세,서울특별시,일반판매,골프회원권,계약해제.해지/위약금
2024020006,2024-04-14,남자,20 - 29세,충청북도,일반판매,스마트폰,계약불이행(불완전이행)
2024020007,2024-04-14,여자,30 - 39세,광주광역시,국내온라인거래,여행용가방,청약철회
2024020008,2024-04-14,남자,65 - 69세,경기도,전화권유판매,기타매체광고,계약해제.해지/위약금
2024020009,2024-04-14,여자,50 - 59세,경기도,기타통신판매,스마트폰,부당행위
2024020010,2024-04-14,여자,30 - 39세,서울특별시,일반판매,필라테스,계약해제.해지/위약금
2024020011,2024-04-14,남자,30 - 39세,서울특별시,국내온라인거래,전지,표시.광고
2024020013,2024-04-15,남자,20 - 29세,충청남도,일반판매,헬스장,계약해제.해지/위약금
2024020015,2024-04-15,남자,불명,경기도,일반판매,기타세탁서비스,계약불이행(불완전이행)
2024020016,2024-04-15,남자,30 - 39세,전라남도,일반판매,학습지,계약해제.해지/위약금
2024020022,2024-04-15,남자,20 - 29세,울산광역시,국내온라인거래,신유형상품권,청약철회
2024020027,2024-04-15,남자,70 - 79세,경기도,전화권유판매,안마의자대여(렌트),계약해제.해지/위약금
2024020014,2024-04-15,여자,불명,경기도,TV홈쇼핑,기타조리기기·기구,품질(물품/용역)
2024020017,2024-04-15,남자,30 - 39세,경기도,국내온라인거래,자동차수리·점검,표시.광고
2024020019,2024-04-15,남자,30 - 39세,경상남도,국내온라인거래,티셔츠,청약철회
2024020020,2024-04-15,남자,70 - 79세,서울특별시,일반판매,중고자동차중개·매매,계약불이행(불완전이행)
2024020023,2024-04-15,남자,70 - 79세,경상남도,방문판매,콘도회원권,계약불이행(불완전이행)
2024020024,2024-04-15,여자,70 - 79세,경기도,국내온라인거래,굴비,품질(물품/용역)
2024020026,2024-04-15,남자,50 - 59세,경기도,방문판매,실손보험,계약불이행(불완전이행)
2024020029,2024-04-15,여자,40 - 49세,충청남도,일반판매,항공여객운송서비스,품질(물품/용역)
2024020031,2024-04-15,여자,30 - 39세,세종특별자치시,일반판매,미용서비스,계약불이행(불완전이행)
2024020034,2024-04-15,남자,30 - 39세,경기도,국내온라인거래,골프용품,계약불이행(불완전이행)
2024020035,2024-04-15,남자,40 - 49세,인천광역시,일반판매,자동차리스,품질(물품/용역)
2024020036,2024-04-15,여자,50 - 59세,인천광역시,일반판매,기타사설강습서비스,계약해제.해지/위약금
2024020018,2024-04-15,여자,20 - 29세,경기도,기타통신판매,유사투자자문,청약철회
2024020025,2024-04-15,남자,40 - 49세,서울특별시,국내온라인거래,기타숙박시설,약관
2024020030,2024-04-15,여자,50 - 59세,서울특별시,모바일거래,신유형상품권,부당행위
2024020159,2024-04-15,여자,30 - 39세,서울특별시,국내온라인거래,신사화(구두·부츠 등),계약불이행(불완전이행)
2024020053,2024-04-15,여자,20 - 29세,충청남도,일반판매,애완견,계약불이행(불완전이행)
2024020070,2024-04-15,남자,불명,충청북도,일반판매,중형승용자동차,품질(물품/용역)
2024020076,2024-04-15,여자,30 - 39세,경상북도,기타,연금보험,계약해제.해지/위약금
2024020107,2024-04-15,여자,20 - 29세,서울특별시,국내온라인거래,감귤,약관
2024020110,2024-04-15,남자,20 - 29세,제주도,기타,각종자격취득강습,계약해제.해지/위약금
2024020112,2024-04-15,여자,20 - 29세,부산광역시,일반판매,피부과,계약해제.해지/위약금
2024020123,2024-04-15,남자,40 - 49세,충청남도,일반판매,중고자동차중개·매매,AS불만
2024020124,2024-04-15,남자,30 - 39세,경기도,국내온라인거래,오일류,계약해제.해지/위약금
2024020164,2024-04-15,남자,50 - 59세,광주광역시,일반판매,차량용블랙박스,계약해제.해지/위약금
2024020115,2024-04-15,여자,30 - 39세,경상남도,기타통신판매,유사투자자문,청약철회
2024020116,2024-04-15,여자,30 - 39세,경상남도,기타통신판매,유사투자자문,청약철회
2024020137,2024-04-15,여자,50 - 59세,경기도,국내온라인거래,소파,품질(물품/용역)
2024020055,2024-04-15,남자,60 - 64세,서울특별시,일반판매,선박화물운송서비스,계약해제.해지/위약금
2024020151,2024-04-15,여자,30 - 39세,인천광역시,기타,항공여객운송서비스,계약불이행(불완전이행)
2024020066,2024-04-15,남자,40 - 49세,경기도,일반판매,애완동물기타,계약해제.해지/위약금
2024020099,2024-04-15,여자,50 - 59세,인천광역시,일반판매,필라테스,청약철회
2024020118,2024-04-15,여자,20 - 29세,서울특별시,국내온라인거래,신유형상품권,계약불이행(불완전이행)
2024020138,2024-04-15,여자,60 - 64세,충청남도,기타,흉부외과,품질(물품/용역)
2024020153,2024-04-15,남자,70 - 79세,경기도,일반판매,의료용구대여(렌트),품질(물품/용역)
2024020155,2024-04-15,여자,40 - 49세,전라북도,일반판매,건강(암·기타질병)보험,계약불이행(불완전이행)
2024020167,2024-04-15,여자,20 - 29세,서울특별시,기타,헬스장,계약해제.해지/위약금
2024020171,2024-04-15,남자,40 - 49세,해외 및 기타,국제온라인거래,항공여객운송서비스,계약불이행(불완전이행)
2024020158,2024-04-15,여자,20 - 29세,경기도,일반판매,필라테스,계약해제.해지/위약금
2024020166,2024-04-15,여자,30 - 39세,경상남도,일반판매,피부·체형관리서비스,계약해제.해지/위약금
2024020163,2024-04-15,남자,20 - 29세,경기도,일반판매,중형승용자동차,AS불만
2024020040,2024-04-15,남자,불명,경기도,일반판매,이동전화서비스,계약해제.해지/위약금
2024020045,2024-04-15,여자,30 - 39세,경기도,일반판매,헬스장,계약불이행(불완전이행)
2024020047,2024-04-15,여자,20 - 29세,서울특별시,일반판매,헬스장,계약해제.해지/위약금
2024020048,2024-04-15,남자,30 - 39세,경기도,기타,기타정보이용서비스,단순문의.상담
2024020058,2024-04-15,남자,20 - 29세,경기도,소셜커머스(쇼핑),신유형상품권,계약해제.해지/위약금
2024020063,2024-04-15,남자,30 - 39세,서울특별시,국내온라인거래,초고속인터넷,계약불이행(불완전이행)
2024020078,2024-04-15,여자,30 - 39세,서울특별시,국내온라인거래,정수기대여(렌트),계약해제.해지/위약금
2024020102,2024-04-15,여자,65 - 69세,서울특별시,일반판매,TV,품질(물품/용역)
2024020152,2024-04-15,남자,40 - 49세,경기도,모바일거래,기타숙박시설,표시.광고
2024020144,2024-04-15,여자,70 - 79세,서울특별시,기타,침대·매트리스대여(렌트),계약해제.해지/위약금
2024020150,2024-04-15,여자,50 - 59세,부산광역시,국제온라인거래,신유형상품권,거래관행
2024020188,2024-04-15,여자,60 - 64세,서울특별시,일반판매,스마트폰,AS불만
2024020189,2024-04-15,남자,20 - 29세,경기도,방문판매,헬스장,계약해제.해지/위약금
2024020190,2024-04-15,남자,20 - 29세,서울특별시,일반판매,운전강습,부당행위
2024020191,2024-04-15,남자,40 - 49세,대구광역시,국내온라인거래,시계,거래관행
2024020192,2024-04-15,남자,50 - 59세,경기도,국내온라인거래,공기청정기,계약해제.해지/위약금
2024020193,2024-04-15,남자,40 - 49세,서울특별시,일반판매,항공여객운송서비스,계약해제.해지/위약금
2024020194,2024-04-15,여자,20 - 29세,제주도,일반판매,헬스장,계약해제.해지/위약금
2024020195,2024-04-15,남자,30 - 39세,경기도,국내온라인거래,인쇄서비스,청약철회
2024020196,2024-04-15,남자,30 - 39세,인천광역시,일반판매,국외여행,계약해제.해지/위약금
2024020197,2024-04-15,남자,50 - 59세,인천광역시,일반판매,전자담배,계약불이행(불완전이행)
2024020198,2024-04-15,남자,40 - 49세,서울특별시,국내온라인거래,기타문화용품,계약불이행(불완전이행)
2024020199,2024-04-15,여자,30 - 39세,경기도,국내온라인거래,컵,품질(물품/용역)
2024020200,2024-04-15,여자,20 - 29세,경기도,일반판매,헬스장,계약해제.해지/위약금
2024020201,2024-04-15,여자,40 - 49세,대구광역시,일반판매,양복(서양식 의복)세탁,품질(물품/용역)
2024020202,2024-04-15,남자,40 - 49세,서울특별시,국내온라인거래,스포츠웨어,품질(물품/용역)
2024020203,2024-04-15,남자,50 - 59세,충청북도,방문판매,콘도회원권,계약해제.해지/위약금
2024020204,2024-04-15,여자,30 - 39세,부산광역시,기타,룸에어컨,품질(물품/용역)
2024020205,2024-04-15,여자,30 - 39세,경기도,소셜커머스(쇼핑),애완동·식물용품,품질(물품/용역)
2024020136,2024-04-15,여자,20 - 29세,인천광역시,모바일거래,식사배달,품질(물품/용역)
2024020206,2024-04-15,여자,20 - 29세,서울특별시,소셜커머스(쇼핑),소파,청약철회
2024020207,2024-04-15,남자,50 - 59세,서울특별시,일반판매,항공여객운송서비스,계약해제.해지/위약금
2024020208,2024-04-15,여자,30 - 39세,경상북도,국내온라인거래,기타숙박시설,청약철회
2024020209,2024-04-15,여자,20 - 29세,충청북도,일반판매,그림,청약철회
2024020210,2024-04-15,남자,30 - 39세,울산광역시,일반판매,외식,부당행위
2024020211,2024-04-15,남자,40 - 49세,충청남도,국내온라인거래,기타통신기기,계약불이행(불완전이행)
2024020212,2024-04-15,여자,30 - 39세,서울특별시,일반판매,헬스장,계약불이행(불완전이행)
2024020213,2024-04-15,여자,40 - 49세,대전광역시,일반판매,안경·안경테,품질(물품/용역)
2024020214,2024-04-15,여자,40 - 49세,부산광역시,방문판매,국내결혼중개,품질(물품/용역)
2024020215,2024-04-15,여자,30 - 39세,경기도,일반판매,미용서비스,품질(물품/용역)
2024020216,2024-04-15,남자,30 - 39세,강원특별자치도,국내온라인거래,인터넷교육서비스,청약철회
2024020217,2024-04-15,여자,20 - 29세,경기도,모바일거래,사진촬영,계약해제.해지/위약금
2024020218,2024-04-15,여자,20 - 29세,경기도,일반판매,항공여객운송서비스,계약불이행(불완전이행)
2024020219,2024-04-15,남자,40 - 49세,경기도,국내온라인거래,기타식생활기기,AS불만
2024020220,2024-04-15,남자,40 - 49세,충청북도,국내온라인거래,기타미분류서비스,부당행위
2024020221,2024-04-15,여자,20 - 29세,서울특별시,일반판매,점퍼·재킷류,품질(물품/용역)
2024020222,2024-04-15,여자,20 - 29세,충청북도,국내온라인거래,스커트,청약철회
2024020223,2024-04-15,여자,20 - 29세,광주광역시,국내온라인거래,공예품,계약불이행(불완전이행)
2024020224,2024-04-15,남자,40 - 49세,서울특별시,국내온라인거래,노트·수첩·앨범등,청약철회
2024020225,2024-04-15,남자,50 - 59세,대전광역시,일반판매,낚시용품,AS불만
2024020226,2024-04-15,여자,30 - 39세,경기도,기타,일반강습(입시학원등),계약해제.해지/위약금
2024020227,2024-04-15,여자,20 - 29세,인천광역시,일반판매,니트(스웨터),품질(물품/용역)
2024020228,2024-04-15,여자,40 - 49세,서울특별시,기타,헤드폰·이어폰,AS불만
2024020229,2024-04-15,여자,20 - 29세,서울특별시,국내온라인거래,국외여행,품질(물품/용역)
2024020230,2024-04-15,여자,50 - 59세,인천광역시,전화권유판매,기타인터넷기반서비스,계약해제.해지/위약금
2024020231,2024-04-15,여자,40 - 49세,서울특별시,국내온라인거래,기타신발·용품,청약철회
2024020232,2024-04-15,여자,50 - 59세,인천광역시,일반판매,여성용내의류,품질(물품/용역)
2024020233,2024-04-15,남자,20 - 29세,서울특별시,국내온라인거래,기타서적음반류,청약철회
2024020234,2024-04-15,여자,20 - 29세,서울특별시,국내온라인거래,항공여객운송서비스,부당행위
2024020235,2024-04-15,여자,20 - 29세,서울특별시,기타,헬스장,계약해제.해지/위약금
2024020236,2024-04-15,남자,40 - 49세,대구광역시,일반판매,기타가구,계약해제.해지/위약금
2024020237,2024-04-15,남자,60 - 64세,경기도,일반판매,국외여행,품질(물품/용역)
2024020238,2024-04-15,남자,60 - 64세,경기도,국내온라인거래,항공여객운송서비스,계약불이행(불완전이행)
2024020239,2024-04-15,여자,20 - 29세,서울특별시,일반판매,헬스장,계약해제.해지/위약금
2024020240,2024-04-15,여자,50 - 59세,대구광역시,국내온라인거래,영양강장제,품질(물품/용역)
2024020241,2024-04-15,여자,50 - 59세,서울특별시,국내온라인거래,기타미분류서비스,계약해제.해지/위약금
2024020242,2024-04-15,여자,40 - 49세,서울특별시,방문판매,기타정보이용서비스,청약철회
2024020243,2024-04-15,여자,40 - 49세,경기도,일반판매,포장이사운송서비스,품질(물품/용역)
2024020244,2024-04-15,여자,30 - 39세,경기도,국내온라인거래,운명감정서비스,계약해제.해지/위약금
2024020245,2024-04-15,여자,40 - 49세,강원특별자치도,국내온라인거래,각종공연관람,계약해제.해지/위약금
2024020246,2024-04-15,남자,30 - 39세,울산광역시,일반판매,프라이팬,품질(물품/용역)
2024020247,2024-04-15,여자,40 - 49세,대구광역시,방문판매,학습지,계약해제.해지/위약금
2024020248,2024-04-15,여자,30 - 39세,서울특별시,방문판매,피부·체형관리서비스,계약해제.해지/위약금
2024020249,2024-04-15,여자,20 - 29세,전라북도,일반판매,헬스장,계약해제.해지/위약금
2024020250,2024-04-15,남자,40 - 49세,경상북도,국제온라인거래,텐트,AS불만
2024020251,2024-04-15,여자,40 - 49세,경기도,국내온라인거래,항공여객운송서비스,계약해제.해지/위약금
2024020252,2024-04-15,남자,40 - 49세,강원특별자치도,국내온라인거래,믹서기,품질(물품/용역)
2024020253,2024-04-15,남자,40 - 49세,경기도,방문판매,식기세척기,청약철회
2024020254,2024-04-15,남자,30 - 39세,경기도,기타,호텔,계약불이행(불완전이행)
2024020255,2024-04-15,남자,40 - 49세,서울특별시,국내온라인거래,티셔츠,청약철회
2024020256,2024-04-15,여자,40 - 49세,서울특별시,일반판매,헬스장,계약불이행(불완전이행)
2024020257,2024-04-15,남자,50 - 59세,서울특별시,국내온라인거래,TV,AS불만
2024020258,2024-04-15,남자,20 - 29세,광주광역시,기타,전기의류건조기,AS불만
2024020259,2024-04-15,남자,20 - 29세,전라남도,국내온라인거래,인터넷정보이용서비스,계약해제.해지/위약금
2024020260,2024-04-15,여자,20 - 29세,인천광역시,국제온라인거래,작동완구,품질(물품/용역)
2024020261,2024-04-15,여자,30 - 39세,서울특별시,일반판매,전산강습,계약불이행(불완전이행)
2024020262,2024-04-15,여자,50 - 59세,서울특별시,일반판매,냉장고,품질(물품/용역)
2024020263,2024-04-15,남자,65 - 69세,인천광역시,국내온라인거래,TV,품질(물품/용역)
2024020264,2024-04-15,여자,50 - 59세,전라남도,일반판매,가구세트,계약해제.해지/위약금
2024020265,2024-04-15,여자,20 - 29세,경기도,기타,버스여객운송서비스,계약불이행(불완전이행)
2024020266,2024-04-15,남자,20 - 29세,경기도,국내온라인거래,필라테스,계약불이행(불완전이행)
2024020267,2024-04-15,여자,30 - 39세,충청남도,기타통신판매,기타스포츠·레저기구·용품,청약철회
2024020268,2024-04-15,남자,40 - 49세,인천광역시,국내온라인거래,기타보건·위생용품,청약철회
2024020269,2024-04-15,남자,40 - 49세,경기도,일반판매,등산화,품질(물품/용역)
2024020270,2024-04-15,여자,20 - 29세,충청남도,기타,헬스장,계약해제.해지/위약금
2024020271,2024-04-15,남자,40 - 49세,서울특별시,국내온라인거래,CCTV,AS불만
2024020272,2024-04-15,여자,30 - 39세,충청북도,국내온라인거래,인쇄서비스,AS불만
2024020273,2024-04-15,여자,30 - 39세,서울특별시,기타통신판매,유산균함유제품,품질(물품/용역)
2024020274,2024-04-15,여자,40 - 49세,경기도,국내온라인거래,전기맛사지기,AS불만
2024020275,2024-04-15,여자,30 - 39세,부산광역시,일반판매,피부·체형관리서비스,계약해제.해지/위약금
2024020276,2024-04-15,여자,40 - 49세,경상남도,국내온라인거래,애완동·식물용품,청약철회
2024020071,2024-04-15,남자,70 - 79세,경기도,일반판매,건강(암·기타질병)보험,계약불이행(불완전이행)
2024020077,2024-04-15,남자,60 - 64세,경상북도,기타통신판매,악기용품,AS불만
2024020101,2024-04-15,남자,불명,서울특별시,기타통신판매,이동전화서비스,계약불이행(불완전이행)
2024020108,2024-04-15,남자,30 - 39세,경기도,일반판매,예식서비스,계약해제.해지/위약금
2024020117,2024-04-15,남자,40 - 49세,경기도,기타통신판매,전기자전거,계약해제.해지/위약금
2024020121,2024-04-15,여자,60 - 64세,경기도,일반판매,건강(암·기타질병)보험,약관
2024020162,2024-04-15,남자,60 - 64세,충청남도,일반판매,자동차수리·점검,품질(물품/용역)
2024020168,2024-04-15,여자,40 - 49세,경기도,일반판매,기타가구,부당행위
2024020173,2024-04-15,여자,30 - 39세,경기도,일반판매,자동차세차,품질(물품/용역)
2024020093,2024-04-15,남자,50 - 59세,서울특별시,일반판매,바닥재·마루공사,계약불이행(불완전이행)
2024020106,2024-04-15,남자,40 - 49세,경기도,국내온라인거래,매트,계약해제.해지/위약금
2024020130,2024-04-15,남자,40 - 49세,광주광역시,일반판매,선어(생선),안전(제품/시설)
2024020133,2024-04-15,남자,50 - 59세,전라북도,국내온라인거래,항공여객운송서비스,계약불이행(불완전이행)
2024020139,2024-04-15,여자,65 - 69세,경상남도,기타,기타병·의원서비스,품질(물품/용역)
2024020141,2024-04-15,여자,65 - 69세,인천광역시,기타,정형외과,품질(물품/용역)
2024020057,2024-04-15,여자,20 - 29세,서울특별시,모바일거래,기타사설강습서비스,계약해제.해지/위약금
2024020050,2024-04-15,남자,60 - 64세,서울특별시,기타통신판매,퍼스널컴퓨터,AS불만
2024020073,2024-04-15,여자,20 - 29세,경기도,모바일거래,부업알선,계약해제.해지/위약금
2024020074,2024-04-15,여자,30 - 39세,대구광역시,일반판매,결혼준비대행서비스,계약해제.해지/위약금
2024020082,2024-04-15,남자,20 - 29세,경기도,모바일거래,전동킥보드,부당행위
2024020094,2024-04-15,여자,30 - 39세,서울특별시,일반판매,필라테스,계약불이행(불완전이행)
2024020043,2024-04-15,여자,40 - 49세,부산광역시,일반판매,내과,품질(물품/용역)
2024020095,2024-04-15,여자,50 - 59세,경기도,국내온라인거래,신발세탁,계약불이행(불완전이행)
2024020096,2024-04-15,남자,불명,경기도,국내온라인거래,기타여행,청약철회
2024020100,2024-04-15,남자,30 - 39세,경기도,모바일거래,교통카드,계약불이행(불완전이행)
2024020135,2024-04-15,여자,40 - 49세,경기도,모바일거래,사진촬영,계약해제.해지/위약금
2024020174,2024-04-15,여자,30 - 39세,대구광역시,국내온라인거래,마사지류,품질(물품/용역)
2024020175,2024-04-15,남자,40 - 49세,대전광역시,전화권유판매,초고속인터넷,계약불이행(불완전이행)
2024020176,2024-04-15,여자,50 - 59세,서울특별시,일반판매,미용서비스,계약해제.해지/위약금
2024020177,2024-04-15,여자,20 - 29세,충청북도,방문판매,필라테스,계약해제.해지/위약금
2024020178,2024-04-15,여자,40 - 49세,서울특별시,국내온라인거래,항공여객운송서비스,청약철회
2024020179,2024-04-15,남자,40 - 49세,서울특별시,국내온라인거래,코트,청약철회
2024020180,2024-04-15,남자,20 - 29세,경기도,방문판매,결혼준비대행서비스,계약해제.해지/위약금
2024020182,2024-04-15,여자,40 - 49세,경상남도,일반판매,의자,품질(물품/용역)
2024020183,2024-04-15,여자,20 - 29세,충청북도,기타통신판매,시스템에어컨,품질(물품/용역)
2024020184,2024-04-15,남자,30 - 39세,서울특별시,국내온라인거래,항공여객운송서비스,이자.수수료
2024020185,2024-04-15,남자,40 - 49세,광주광역시,기타,기타사설강습서비스,계약해제.해지/위약금
2024020186,2024-04-15,남자,50 - 59세,경기도,일반판매,초고속인터넷,부당행위
2024020187,2024-04-15,여자,30 - 39세,충청남도,일반판매,포장이사운송서비스,부당행위
2024020041,2024-04-15,여자,50 - 59세,부산광역시,일반판매,전기진공청소기,청약철회
2024020067,2024-04-15,여자,30 - 39세,제주도,일반판매,사진촬영,계약해제.해지/위약금
2024020051,2024-04-15,남자,30 - 39세,서울특별시,일반판매,자동차수리·점검,품질(물품/용역)
2024020061,2024-04-15,남자,30 - 39세,경기도,국내온라인거래,신유형상품권,청약철회
2024020068,2024-04-15,여자,20 - 29세,경상남도,소셜커머스(쇼핑),기타가방,청약철회
2024020075,2024-04-15,여자,20 - 29세,전라북도,일반판매,헬스장,계약해제.해지/위약금
2024020092,2024-04-15,남자,20 - 29세,충청남도,국내온라인거래,부동산중개,계약해제.해지/위약금
2024020098,2024-04-15,여자,60 - 64세,전라북도,일반판매,기타병·의원서비스,품질(물품/용역)
2024020054,2024-04-15,여자,30 - 39세,서울특별시,일반판매,기타이·미용서비스,품질(물품/용역)
2024020056,2024-04-15,남자,40 - 49세,부산광역시,국내온라인거래,식탁,표시.광고
2024020059,2024-04-15,남자,60 - 64세,전라남도,기타,이동전화서비스,부당행위
2024020157,2024-04-15,여자,20 - 29세,서울특별시,일반판매,예식서비스,계약해제.해지/위약금
2024020119,2024-04-15,여자,40 - 49세,경상남도,국내온라인거래,티셔츠,계약불이행(불완전이행)
2024020140,2024-04-15,여자,65 - 69세,충청북도,기타,정형외과,품질(물품/용역)
2024020170,2024-04-15,남자,40 - 49세,해외 및 기타,국제온라인거래,호텔,가격.요금
2024020090,2024-04-15,남자,30 - 39세,경상남도,일반판매,건강(암·기타질병)보험,계약불이행(불완전이행)
2024020105,2024-04-15,여자,30 - 39세,서울특별시,국내온라인거래,식탁,AS불만
2024020109,2024-04-15,남자,30 - 39세,서울특별시,일반판매,아파트,계약불이행(불완전이행)
2024020145,2024-04-15,여자,10 - 19세,경기도,일반판매,이동전화서비스,계약해제.해지/위약금
2024020038,2024-04-15,여자,20 - 29세,충청남도,일반판매,피부과,계약해제.해지/위약금
2024020097,2024-04-15,남자,60 - 64세,대전광역시,일반판매,정형외과,품질(물품/용역)
2024020122,2024-04-15,남자,60 - 64세,경기도,일반판매,전동킥보드,안전(제품/시설)
2024020147,2024-04-15,남자,20 - 29세,경기도,기타,치과,계약해제.해지/위약금
2024020172,2024-04-15,여자,60 - 64세,경기도,일반판매,자동차수리·점검,품질(물품/용역)
2024020335,2024-04-16,남자,70 - 79세,경기도,모바일거래,모바일정보이용서비스,계약해제.해지/위약금
2024020338,2024-04-16,남자,50 - 59세,경기도,일반판매,국내결혼중개,계약불이행(불완전이행)
2024020342,2024-04-16,여자,60 - 64세,서울특별시,모바일거래,항공여객운송서비스,계약불이행(불완전이행)
2024020379,2024-04-16,여자,40 - 49세,서울특별시,일반판매,골프용품,AS불만
2024020382,2024-04-16,여자,30 - 39세,광주광역시,일반판매,필라테스,계약해제.해지/위약금
2024020388,2024-04-16,남자,30 - 39세,경기도,일반판매,대형승용자동차,AS불만
2024020389,2024-04-16,남자,65 - 69세,서울특별시,전화권유판매,유사투자자문,계약해제.해지/위약금
2024020306,2024-04-16,여자,20 - 29세,서울특별시,일반판매,기타신발·용품,계약불이행(불완전이행)
2024020309,2024-04-16,여자,30 - 39세,경기도,일반판매,이동전화서비스,계약해제.해지/위약금
2024020300,2024-04-16,여자,30 - 39세,서울특별시,소셜커머스(쇼핑),아동복,청약철회
2024020302,2024-04-16,여자,40 - 49세,서울특별시,국내온라인거래,항공여객운송서비스,계약불이행(불완전이행)
2024020316,2024-04-16,남자,30 - 39세,경기도,일반판매,예식서비스,계약해제.해지/위약금
2024020308,2024-04-16,여자,50 - 59세,대전광역시,모바일거래,항공여객운송서비스,계약해제.해지/위약금
2024020311,2024-04-16,남자,30 - 39세,서울특별시,국내온라인거래,모형완구,계약불이행(불완전이행)
2024020371,2024-04-16,여자,40 - 49세,경기도,전화권유판매,인터넷정보이용서비스,계약불이행(불완전이행)
2024020343,2024-04-16,여자,40 - 49세,경기도,소셜커머스(쇼핑),신유형상품권,약관
2024020353,2024-04-16,여자,50 - 59세,인천광역시,국내온라인거래,신유형상품권,계약불이행(불완전이행)
2024020392,2024-04-16,남자,30 - 39세,서울특별시,국내온라인거래,신사화(구두·부츠 등),청약철회
2024020295,2024-04-16,여자,40 - 49세,경기도,일반판매,전기자전거,품질(물품/용역)
2024020301,2024-04-16,남자,20 - 29세,충청북도,일반판매,골프회원권,계약해제.해지/위약금
2024020346,2024-04-16,남자,60 - 64세,서울특별시,모바일거래,항공여객운송서비스,계약불이행(불완전이행)
2024020361,2024-04-16,남자,65 - 69세,울산광역시,일반판매,국내결혼중개,계약해제.해지/위약금
2024020278,2024-04-16,남자,40 - 49세,인천광역시,소셜커머스(쇼핑),자동차검사,품질(물품/용역)
2024020292,2024-04-16,여자,30 - 39세,경기도,소셜커머스(쇼핑),호텔,표시.광고
2024020283,2024-04-16,여자,30 - 39세,부산광역시,국내온라인거래,니트(스웨터),청약철회
2024020356,2024-04-16,남자,40 - 49세,경기도,기타,국내결혼중개,품질(물품/용역)
2024020358,2024-04-16,남자,40 - 49세,인천광역시,일반판매,자동차대여(렌트),품질(물품/용역)
2024020387,2024-04-16,남자,30 - 39세,광주광역시,일반판매,기타인테리어설비,계약불이행(불완전이행)
2024020334,2024-04-16,여자,40 - 49세,경기도,국내온라인거래,통신기기케이스,청약철회
2024020319,2024-04-16,여자,40 - 49세,경상북도,일반판매,포장이사운송서비스,부당행위
2024020325,2024-04-16,남자,40 - 49세,경상북도,일반판매,건강(암·기타질병)보험,계약불이행(불완전이행)
2024020303,2024-04-16,여자,30 - 39세,경기도,일반판매,이동전화서비스,계약불이행(불완전이행)
2024020369,2024-04-16,여자,30 - 39세,충청북도,국내온라인거래,스포츠웨어,계약불이행(불완전이행)
2024020373,2024-04-16,여자,50 - 59세,경기도,일반판매,일반강습(입시학원등),계약해제.해지/위약금
2024020374,2024-04-16,남자,30 - 39세,서울특별시,국내온라인거래,인쇄서비스,계약해제.해지/위약금
2024020376,2024-04-16,남자,30 - 39세,서울특별시,일반판매,대형승용자동차,AS불만
2024020277,2024-04-16,남자,50 - 59세,경기도,일반판매,대형승용자동차,계약불이행(불완전이행)
2024020280,2024-04-16,남자,10 - 19세,대전광역시,일반판매,헬스장,계약해제.해지/위약금
2024020310,2024-04-16,남자,50 - 59세,울산광역시,모바일거래,유사투자자문,청약철회
2024020321,2024-04-16,여자,40 - 49세,인천광역시,일반판매,기타승용차,계약불이행(불완전이행)
2024020285,2024-04-16,남자,40 - 49세,대전광역시,국내온라인거래,항공여객운송서비스,계약불이행(불완전이행)
2024020291,2024-04-16,남자,30 - 39세,경기도,국내온라인거래,기타가사용품,청약철회
2024020307,2024-04-16,여자,20 - 29세,경기도,모바일거래,항공여객운송서비스,청약철회
2024020315,2024-04-16,남자,40 - 49세,광주광역시,일반판매,중고자동차중개·매매,표시.광고
2024020323,2024-04-16,여자,20 - 29세,경기도,일반판매,헬스장,계약해제.해지/위약금
2024020350,2024-04-16,남자,30 - 39세,서울특별시,소셜커머스(쇼핑),카메라,청약철회
2024020367,2024-04-16,여자,40 - 49세,경상북도,기타,포장이사운송서비스,계약불이행(불완전이행)
2024020375,2024-04-16,여자,20 - 29세,부산광역시,국내온라인거래,기타숙박시설,계약해제.해지/위약금
2024020293,2024-04-16,남자,50 - 59세,경상남도,기타,정수기대여(렌트),품질(물품/용역)
2024020317,2024-04-16,남자,50 - 59세,서울특별시,일반판매,골프회원권,계약해제.해지/위약금
2024020344,2024-04-16,여자,40 - 49세,부산광역시,모바일거래,다이어트식품,표시.광고
2024020345,2024-04-16,남자,50 - 59세,인천광역시,전화권유판매,이동전화서비스,계약불이행(불완전이행)
2024020348,2024-04-16,여자,40 - 49세,제주도,일반판매,기타세탁서비스,계약불이행(불완전이행)
2024020355,2024-04-16,남자,불명,서울특별시,국내온라인거래,항공여객운송서비스,계약해제.해지/위약금
2024020341,2024-04-16,여자,50 - 59세,서울특별시,국내온라인거래,호텔,청약철회
2024020363,2024-04-16,남자,50 - 59세,서울특별시,국내온라인거래,인터넷교육서비스,표시.광고
2024020370,2024-04-16,여자,20 - 29세,대전광역시,일반판매,헬스장,계약해제.해지/위약금
2024020391,2024-04-16,남자,30 - 39세,서울특별시,방문판매,결혼준비대행서비스,청약철회
2024020287,2024-04-16,여자,20 - 29세,경기도,국내온라인거래,신유형상품권,부당행위
2024020368,2024-04-16,여자,50 - 59세,경기도,방문판매,미분류대여(렌트),청약철회
2024020290,2024-04-16,여자,30 - 39세,서울특별시,기타통신판매,기타숙박시설,계약해제.해지/위약금
2024020297,2024-04-16,여자,20 - 29세,서울특별시,국내온라인거래,호텔,계약해제.해지/위약금
2024020298,2024-04-16,남자,30 - 39세,서울특별시,모바일거래,기타숙박시설,계약해제.해지/위약금
2024020299,2024-04-16,여자,30 - 39세,서울특별시,국내온라인거래,항공여객운송서비스,계약해제.해지/위약금
2024020322,2024-04-16,남자,20 - 29세,경기도,일반판매,예식서비스,계약해제.해지/위약금
2024020327,2024-04-16,여자,65 - 69세,경기도,국내온라인거래,전기세탁기,품질(물품/용역)
2024020332,2024-04-16,남자,40 - 49세,서울특별시,국내온라인거래,모바일정보이용서비스,계약해제.해지/위약금
2024020340,2024-04-16,여자,40 - 49세,서울특별시,국내온라인거래,핸드백,청약철회
2024020402,2024-04-16,남자,20 - 29세,서울특별시,국내온라인거래,룸에어컨,부당행위
2024020403,2024-04-16,여자,60 - 64세,전라북도,모바일거래,다이어트식품,품질(물품/용역)
2024020404,2024-04-16,남자,30 - 39세,서울특별시,국내온라인거래,카메라부품·용품,AS불만
2024020405,2024-04-16,남자,40 - 49세,부산광역시,기타,IPTV,부당행위
2024020406,2024-04-16,남자,40 - 49세,경기도,기타통신판매,레저·이벤트회원권,계약해제.해지/위약금
2024020407,2024-04-16,여자,20 - 29세,경기도,국내온라인거래,냉장고,계약불이행(불완전이행)
2024020408,2024-04-16,여자,20 - 29세,경기도,모바일거래,기타숙박시설,계약해제.해지/위약금
2024020409,2024-04-16,여자,50 - 59세,울산광역시,일반판매,헬스장,계약해제.해지/위약금
2024020410,2024-04-16,여자,20 - 29세,경기도,국내온라인거래,스팀다리미,품질(물품/용역)
2024020411,2024-04-16,남자,30 - 39세,경기도,기타,부동산중개,표시.광고
2024020412,2024-04-16,여자,20 - 29세,경상남도,국내온라인거래,기타인터넷기반서비스,계약불이행(불완전이행)
2024020413,2024-04-16,남자,50 - 59세,경기도,국내온라인거래,기타통신기기,계약불이행(불완전이행)
2024020414,2024-04-16,남자,50 - 59세,경기도,일반판매,포장이사운송서비스,계약불이행(불완전이행)
2024020415,2024-04-16,남자,50 - 59세,경상남도,모바일거래,기타미분류서비스,부당행위
2024020416,2024-04-16,남자,20 - 29세,서울특별시,방문판매,헬스장,계약해제.해지/위약금
2024020417,2024-04-16,여자,30 - 39세,서울특별시,일반판매,기타교육서비스,청약철회
2024020418,2024-04-16,남자,30 - 39세,서울특별시,일반판매,결혼준비대행서비스,계약불이행(불완전이행)
2024020419,2024-04-16,여자,30 - 39세,경기도,일반판매,산후조리원,계약해제.해지/위약금
2024020420,2024-04-16,남자,40 - 49세,경기도,일반판매,온천탕,부당행위
2024020421,2024-04-16,여자,40 - 49세,경기도,일반판매,사진촬영,계약불이행(불완전이행)
2024020422,2024-04-16,남자,30 - 39세,경기도,모바일거래,국외여행,이자.수수료
2024020423,2024-04-16,여자,30 - 39세,경기도,일반판매,가구세트,청약철회
2024020424,2024-04-16,여자,50 - 59세,충청남도,기타,정수기대여(렌트),계약해제.해지/위약금
2024020425,2024-04-16,남자,40 - 49세,서울특별시,일반판매,초고속인터넷,계약해제.해지/위약금
2024020426,2024-04-16,여자,30 - 39세,경기도,일반판매,가발,품질(물품/용역)
2024020427,2024-04-16,여자,20 - 29세,경상남도,일반판매,기타이·미용서비스,계약해제.해지/위약금
2024020428,2024-04-16,여자,40 - 49세,강원특별자치도,일반판매,기타어패류·어패류가공식품,청약철회
2024020429,2024-04-16,남자,30 - 39세,충청북도,국내온라인거래,통신기기케이스,품질(물품/용역)
2024020430,2024-04-16,여자,30 - 39세,서울특별시,기타,기타여행,계약해제.해지/위약금
2024020431,2024-04-16,여자,40 - 49세,서울특별시,일반판매,USB,품질(물품/용역)
2024020432,2024-04-16,여자,20 - 29세,대구광역시,모바일거래,보석·귀금속,청약철회
2024020433,2024-04-16,여자,20 - 29세,경기도,국내온라인거래,국외여행,계약해제.해지/위약금
2024020434,2024-04-16,여자,60 - 64세,전라북도,일반판매,기타인테리어설비,AS불만
2024020435,2024-04-16,남자,60 - 64세,경상남도,일반판매,국외여행,표시.광고
2024020436,2024-04-16,남자,30 - 39세,경기도,방문판매,기타인테리어설비,계약해제.해지/위약금
2024020359,2024-04-16,남자,40 - 49세,경기도,일반판매,기타자동차용품,부당행위
2024020372,2024-04-16,여자,40 - 49세,울산광역시,기타,건강(암·기타질병)보험,계약불이행(불완전이행)
2024020437,2024-04-16,남자,40 - 49세,경기도,일반판매,초고속인터넷,계약해제.해지/위약금
2024020438,2024-04-16,남자,40 - 49세,서울특별시,기타,포장이사운송서비스,계약불이행(불완전이행)
2024020439,2024-04-16,남자,40 - 49세,경기도,국내온라인거래,통신기기케이스,청약철회
2024020440,2024-04-16,남자,30 - 39세,서울특별시,국내온라인거래,니트(스웨터),청약철회
2024020441,2024-04-16,남자,30 - 39세,광주광역시,국내온라인거래,카메라,청약철회
2024020442,2024-04-16,여자,30 - 39세,서울특별시,국내온라인거래,기타문화용품,청약철회
2024020443,2024-04-16,남자,40 - 49세,경상남도,소셜커머스(쇼핑),침대,표시.광고
2024020444,2024-04-16,남자,40 - 49세,경기도,일반판매,기타세탁서비스,품질(물품/용역)
2024020445,2024-04-16,남자,30 - 39세,경기도,일반판매,"연회서비스(돌잔치,회갑 등)",계약해제.해지/위약금
2024020446,2024-04-16,여자,30 - 39세,경기도,일반판매,이동전화서비스,계약해제.해지/위약금
2024020447,2024-04-16,여자,30 - 39세,경기도,일반판매,요가,계약해제.해지/위약금
2024020448,2024-04-16,여자,50 - 59세,경기도,방문판매,공기청정기대여(렌트),계약해제.해지/위약금
2024020449,2024-04-16,여자,40 - 49세,충청북도,국내온라인거래,항공여객운송서비스,계약해제.해지/위약금
2024020450,2024-04-16,여자,30 - 39세,경기도,기타,기타가구,계약불이행(불완전이행)
2024020451,2024-04-16,여자,65 - 69세,서울특별시,일반판매,도시가스,가격.요금
2024020452,2024-04-16,여자,50 - 59세,대전광역시,일반판매,골프회원권,계약해제.해지/위약금
2024020453,2024-04-16,여자,30 - 39세,부산광역시,국내온라인거래,항공여객운송서비스,표시.광고
2024020454,2024-04-16,남자,20 - 29세,경기도,국내온라인거래,전기고데기,계약해제.해지/위약금
2024020284,2024-04-16,여자,30 - 39세,서울특별시,일반판매,아파트,계약불이행(불완전이행)
2024020288,2024-04-16,남자,불명,대구광역시,국내온라인거래,이불·요,계약해제.해지/위약금
2024020296,2024-04-16,여자,50 - 59세,서울특별시,일반판매,도배공사,계약불이행(불완전이행)
2024020366,2024-04-16,남자,50 - 59세,경기도,전화권유판매,이동전화서비스,계약불이행(불완전이행)
2024020385,2024-04-16,여자,50 - 59세,인천광역시,TV홈쇼핑,사과,품질(물품/용역)
2024020455,2024-04-16,남자,20 - 29세,경기도,국내온라인거래,일반이사운송서비스,계약해제.해지/위약금
2024020456,2024-04-16,남자,40 - 49세,전라북도,일반판매,공기청정기,품질(물품/용역)
2024020457,2024-04-16,남자,60 - 64세,경기도,국내온라인거래,국외여행,품질(물품/용역)
2024020458,2024-04-16,남자,30 - 39세,서울특별시,국내온라인거래,항공여객운송서비스,가격.요금
2024020459,2024-04-16,여자,20 - 29세,대전광역시,일반판매,기타음식관련서비스,품질(물품/용역)
2024020460,2024-04-16,남자,50 - 59세,대구광역시,방문판매,골프회원권,계약해제.해지/위약금
2024020461,2024-04-16,남자,30 - 39세,제주도,모바일거래,항공여객운송서비스,계약불이행(불완전이행)
2024020462,2024-04-16,남자,30 - 39세,광주광역시,일반판매,헬스장,계약해제.해지/위약금
2024020463,2024-04-16,남자,40 - 49세,부산광역시,국내온라인거래,인터넷교육서비스,계약해제.해지/위약금
2024020464,2024-04-16,여자,50 - 59세,경상북도,국내온라인거래,항공여객운송서비스,계약해제.해지/위약금
2024020465,2024-04-16,여자,20 - 29세,서울특별시,국내온라인거래,애완견,계약해제.해지/위약금
2024020466,2024-04-16,여자,20 - 29세,서울특별시,국내온라인거래,기타화물운송서비스,품질(물품/용역)
2024020467,2024-04-16,여자,20 - 29세,서울특별시,국내온라인거래,침대,청약철회
2024020468,2024-04-16,여자,30 - 39세,경기도,일반판매,필라테스,계약해제.해지/위약금
2024020469,2024-04-16,남자,40 - 49세,서울특별시,일반판매,헬스장,계약해제.해지/위약금
2024020470,2024-04-16,남자,60 - 64세,경기도,기타,법무서비스,가격.요금
2024020471,2024-04-16,남자,40 - 49세,경기도,일반판매,타이어,부당행위
2024020472,2024-04-16,여자,40 - 49세,서울특별시,국내온라인거래,선글라스,청약철회
2024020473,2024-04-16,여자,20 - 29세,인천광역시,국내온라인거래,항공여객운송서비스,법.제도
2024020474,2024-04-16,남자,20 - 29세,서울특별시,모바일거래,각종쿠폰류(무료통화권포함),부당행위
2024020475,2024-04-16,여자,20 - 29세,서울특별시,일반판매,냉장고,품질(물품/용역)
2024020476,2024-04-16,남자,40 - 49세,경기도,국내온라인거래,전기맛사지기,품질(물품/용역)
2024020477,2024-04-16,남자,30 - 39세,서울특별시,국내온라인거래,기타통신기기,가격.요금
2024020478,2024-04-16,남자,20 - 29세,서울특별시,기타,화장실설비,품질(물품/용역)
2024020479,2024-04-16,여자,30 - 39세,경기도,소셜커머스(쇼핑),태블릿PC,품질(물품/용역)
2024020480,2024-04-16,여자,40 - 49세,서울특별시,일반판매,냄비,안전(제품/시설)
2024020481,2024-04-16,남자,60 - 64세,충청남도,일반판매,국외여행,계약해제.해지/위약금
2024020482,2024-04-16,남자,20 - 29세,경기도,기타통신판매,펜션,계약해제.해지/위약금
2024020483,2024-04-16,여자,20 - 29세,광주광역시,국내온라인거래,통신기기케이스,청약철회
2024020484,2024-04-16,남자,40 - 49세,경기도,국내온라인거래,전기요,안전(제품/시설)
2024020485,2024-04-16,여자,40 - 49세,경기도,일반판매,포장이사운송서비스,품질(물품/용역)
2024020486,2024-04-16,남자,40 - 49세,서울특별시,일반판매,캐주얼바지,품질(물품/용역)
2024020487,2024-04-16,남자,30 - 39세,경기도,일반판매,컴퓨터수리,가격.요금
2024020488,2024-04-16,여자,50 - 59세,대전광역시,일반판매,헬스장,계약해제.해지/위약금
2024020489,2024-04-16,남자,20 - 29세,충청북도,국내온라인거래,전기진공청소기,청약철회
2024020490,2024-04-16,여자,30 - 39세,서울특별시,국내온라인거래,기타가방,품질(물품/용역)
2024020491,2024-04-16,남자,30 - 39세,경기도,기타,택배화물운송서비스,품질(물품/용역)
2024020492,2024-04-16,여자,10세 미만,인천광역시,국내온라인거래,기타과일·과일가공식품,청약철회
2024020493,2024-04-16,남자,30 - 39세,서울특별시,방문판매,사진촬영,가격.요금
2024020494,2024-04-16,여자,40 - 49세,경기도,일반판매,소파,품질(물품/용역)
2024020495,2024-04-16,여자,20 - 29세,경기도,국내온라인거래,숙녀화(구두·부츠 등),계약불이행(불완전이행)
2024020496,2024-04-16,남자,40 - 49세,경기도,모바일거래,모바일게임서비스,부당행위
2024020497,2024-04-16,여자,20 - 29세,충청북도,기타,헬스장,계약해제.해지/위약금
2024020498,2024-04-16,남자,30 - 39세,경기도,국내온라인거래,기타미분류서비스,계약해제.해지/위약금
2024020499,2024-04-16,남자,50 - 59세,서울특별시,일반판매,기타관리서비스,계약해제.해지/위약금
2024020500,2024-04-16,남자,10 - 19세,경기도,방문판매,헬스장,계약해제.해지/위약금
2024020501,2024-04-16,여자,40 - 49세,서울특별시,일반판매,학습지,계약불이행(불완전이행)
2024020502,2024-04-16,여자,30 - 39세,경기도,일반판매,헬스장,계약해제.해지/위약금
2024020503,2024-04-16,남자,20 - 29세,전라북도,국내온라인거래,노트북컴퓨터,단순문의.상담
2024020504,2024-04-16,여자,30 - 39세,부산광역시,국내온라인거래,기타의류·섬유,청약철회
2024020505,2024-04-16,여자,20 - 29세,서울특별시,일반판매,요가,계약해제.해지/위약금
2024020506,2024-04-16,남자,20 - 29세,경기도,국제온라인거래,모형완구,품질(물품/용역)
2024020507,2024-04-16,여자,30 - 39세,경상북도,방문판매,기타방문·통신교육서비스,계약해제.해지/위약금
2024020349,2024-04-16,여자,70 - 79세,경기도,기타통신판매,기타일반화장품,품질(물품/용역)
2024020352,2024-04-16,여자,60 - 64세,서울특별시,국내온라인거래,유사투자자문,계약불이행(불완전이행)
2024020279,2024-04-16,여자,50 - 59세,인천광역시,TV홈쇼핑,음식물처리기대여(렌트),계약불이행(불완전이행)
2024020281,2024-04-16,남자,40 - 49세,강원특별자치도,국내온라인거래,일반자전거,품질(물품/용역)
2024020289,2024-04-16,여자,50 - 59세,충청북도,국내온라인거래,기타의류·섬유,계약불이행(불완전이행)
2024020294,2024-04-16,남자,50 - 59세,서울특별시,일반판매,인터넷정보이용서비스,계약해제.해지/위약금
2024020326,2024-04-16,남자,20 - 29세,강원특별자치도,국내온라인거래,보석·귀금속,계약해제.해지/위약금
2024020354,2024-04-16,남자,20 - 29세,해외 및 기타,국제온라인거래,기타서적음반류,계약불이행(불완전이행)
2024020282,2024-04-16,남자,50 - 59세,인천광역시,일반판매,대형승용자동차,품질(물품/용역)
2024020304,2024-04-16,남자,40 - 49세,부산광역시,일반판매,미분류대여(렌트),안전(제품/시설)
2024020313,2024-04-16,남자,30 - 39세,경기도,기타,기타정보이용서비스,단순문의.상담
2024020314,2024-04-16,여자,40 - 49세,울산광역시,일반판매,신발세탁,계약불이행(불완전이행)
2024020365,2024-04-16,여자,50 - 59세,경기도,전화권유판매,다이어트식품,계약불이행(불완전이행)
2024020393,2024-04-16,남자,20 - 29세,경기도,일반판매,헬스장,계약해제.해지/위약금
2024020394,2024-04-16,여자,40 - 49세,대전광역시,일반판매,헬스장,계약해제.해지/위약금
2024020395,2024-04-16,남자,20 - 29세,대구광역시,일반판매,식사배달,품질(물품/용역)
2024020396,2024-04-16,여자,20 - 29세,경기도,전화권유판매,펜션,계약해제.해지/위약금
2024020397,2024-04-16,남자,20 - 29세,인천광역시,일반판매,공기청정기대여(렌트),계약해제.해지/위약금
2024020398,2024-04-16,여자,30 - 39세,경기도,모바일거래,항공여객운송서비스,청약철회
2024020399,2024-04-16,여자,20 - 29세,경기도,방문판매,필라테스,계약해제.해지/위약금
2024020400,2024-04-16,여자,40 - 49세,서울특별시,일반판매,포장이사운송서비스,계약불이행(불완전이행)
2024020401,2024-04-16,여자,20 - 29세,경상남도,일반판매,미용서비스,품질(물품/용역)
2024020516,2024-04-17,여자,30 - 39세,인천광역시,국내온라인거래,운동화,품질(물품/용역)
2024020654,2024-04-17,여자,50 - 59세,서울특별시,국내온라인거래,비타민제,계약불이행(불완전이행)
2024020655,2024-04-17,여자,20 - 29세,인천광역시,전화권유판매,기타이·미용서비스,품질(물품/용역)
2024020656,2024-04-17,여자,20 - 29세,부산광역시,일반판매,레저시설이용,품질(물품/용역)
2024020657,2024-04-17,남자,40 - 49세,서울특별시,기타,기타이동통신,AS불만
2024020658,2024-04-17,남자,30 - 39세,서울특별시,국내온라인거래,퍼스널컴퓨터,품질(물품/용역)
2024020659,2024-04-17,남자,40 - 49세,경기도,기타,선박화물운송서비스,계약불이행(불완전이행)
2024020660,2024-04-17,남자,20 - 29세,서울특별시,기타,헬스장,계약해제.해지/위약금
2024020661,2024-04-17,여자,20 - 29세,서울특별시,국내온라인거래,스포츠웨어,품질(물품/용역)
2024020662,2024-04-17,남자,30 - 39세,경기도,국내온라인거래,기타매체광고,계약불이행(불완전이행)
2024020663,2024-04-17,여자,20 - 29세,경기도,전화권유판매,초고속인터넷,계약해제.해지/위약금
2024020664,2024-04-17,여자,30 - 39세,경기도,국내온라인거래,항공여객운송서비스,계약해제.해지/위약금
2024020665,2024-04-17,남자,65 - 69세,경기도,전화권유판매,스마트폰,청약철회
2024020666,2024-04-17,여자,30 - 39세,경기도,일반판매,항공여객운송서비스,부당행위
2024020667,2024-04-17,여자,50 - 59세,대구광역시,국내온라인거래,스커트,청약철회
2024020668,2024-04-17,남자,20 - 29세,경기도,방문판매,결혼준비대행서비스,계약해제.해지/위약금
2024020669,2024-04-17,남자,30 - 39세,서울특별시,소셜커머스(쇼핑),전기진공청소기,청약철회
2024020670,2024-04-17,남자,50 - 59세,강원특별자치도,기타,기타인테리어설비,AS불만
2024020671,2024-04-17,남자,50 - 59세,부산광역시,국내온라인거래,복합기,품질(물품/용역)
2024020672,2024-04-17,여자,30 - 39세,서울특별시,국내온라인거래,항공여객운송서비스,부당행위
2024020673,2024-04-17,남자,20 - 29세,경기도,일반판매,방향제,표시.광고
2024020674,2024-04-17,여자,40 - 49세,경기도,일반판매,기타인테리어설비,품질(물품/용역)
2024020675,2024-04-17,남자,70 - 79세,경상남도,방문판매,경비·관리서비스,계약해제.해지/위약금
2024020676,2024-04-17,여자,60 - 64세,경기도,국내온라인거래,선풍기,품질(물품/용역)
2024020677,2024-04-17,여자,30 - 39세,서울특별시,국내온라인거래,기타의자류,청약철회
2024020678,2024-04-17,여자,30 - 39세,서울특별시,국내온라인거래,세탁물건조용품,계약불이행(불완전이행)
2024020679,2024-04-17,남자,30 - 39세,경기도,국내온라인거래,기타세트가구류,품질(물품/용역)
2024020680,2024-04-17,여자,30 - 39세,서울특별시,일반판매,기타사설강습서비스,계약불이행(불완전이행)
2024020681,2024-04-17,여자,30 - 39세,경기도,국내온라인거래,미술전시관람,청약철회
2024020682,2024-04-17,여자,30 - 39세,서울특별시,국내온라인거래,기타신발·용품,청약철회
2024020683,2024-04-17,여자,20 - 29세,서울특별시,국내온라인거래,기타간편복,청약철회
2024020684,2024-04-17,여자,20 - 29세,서울특별시,국내온라인거래,기타가방,청약철회
2024020685,2024-04-17,남자,30 - 39세,대전광역시,일반판매,헬스장,계약해제.해지/위약금
2024020686,2024-04-17,여자,40 - 49세,서울특별시,국내온라인거래,기타신발·용품,청약철회
2024020687,2024-04-17,남자,65 - 69세,전라북도,일반판매,기타이동통신,계약해제.해지/위약금
2024020688,2024-04-17,남자,20 - 29세,서울특별시,일반판매,안경·안경테,청약철회
2024020689,2024-04-17,남자,40 - 49세,인천광역시,소셜커머스(쇼핑),비닐테이프,표시.광고
2024020690,2024-04-17,여자,30 - 39세,경기도,국내온라인거래,항공여객운송서비스,청약철회
2024020691,2024-04-17,남자,50 - 59세,경기도,국내온라인거래,국외여행,계약불이행(불완전이행)
2024020692,2024-04-17,남자,30 - 39세,서울특별시,기타,결혼준비대행서비스,계약해제.해지/위약금
2024020693,2024-04-17,남자,20 - 29세,경기도,일반판매,헬스장,계약해제.해지/위약금
2024020694,2024-04-17,남자,30 - 39세,경기도,국내온라인거래,기타식생활기기,AS불만
2024020695,2024-04-17,여자,60 - 64세,경기도,일반판매,필라테스,계약해제.해지/위약금
2024020696,2024-04-17,여자,50 - 59세,인천광역시,기타통신판매,기타가구,청약철회
2024020697,2024-04-17,남자,30 - 39세,서울특별시,방문판매,헬스장,계약해제.해지/위약금
2024020698,2024-04-17,여자,30 - 39세,서울특별시,일반판매,텐트,품질(물품/용역)
2024020699,2024-04-17,남자,20 - 29세,서울특별시,방문판매,헬스장,계약해제.해지/위약금
2024020700,2024-04-17,남자,30 - 39세,서울특별시,국내온라인거래,기타의류·섬유,청약철회
2024020701,2024-04-17,여자,20 - 29세,서울특별시,모바일거래,기타간편복,청약철회
2024020702,2024-04-17,남자,40 - 49세,충청남도,모바일거래,모바일게임서비스,청약철회
2024020703,2024-04-17,여자,20 - 29세,서울특별시,일반판매,헬스장,계약해제.해지/위약금
2024020704,2024-04-17,여자,30 - 39세,경기도,국내온라인거래,어항,계약불이행(불완전이행)
2024020705,2024-04-17,남자,65 - 69세,인천광역시,국내온라인거래,공업용기계,청약철회
2024020706,2024-04-17,남자,10 - 19세,경기도,기타,헬스장,계약해제.해지/위약금
2024020707,2024-04-17,남자,30 - 39세,전라남도,국내온라인거래,인터넷게임서비스,부당행위
2024020708,2024-04-17,여자,30 - 39세,경기도,전화권유판매,기타매체광고,계약해제.해지/위약금
2024020709,2024-04-17,여자,30 - 39세,서울특별시,국내온라인거래,캐주얼바지,청약철회
2024020710,2024-04-17,여자,40 - 49세,서울특별시,일반판매,국내결혼중개,계약해제.해지/위약금
2024020711,2024-04-17,여자,40 - 49세,경기도,일반판매,트레이닝기구,품질(물품/용역)
2024020712,2024-04-17,남자,50 - 59세,부산광역시,국내온라인거래,기타미분류물품,품질(물품/용역)
2024020713,2024-04-17,여자,30 - 39세,경기도,일반판매,종합체육시설회원권,계약해제.해지/위약금
2024020714,2024-04-17,남자,40 - 49세,대구광역시,소셜커머스(쇼핑),김,계약해제.해지/위약금
2024020715,2024-04-17,여자,30 - 39세,경상남도,국내온라인거래,기타가구,품질(물품/용역)
2024020716,2024-04-17,여자,30 - 39세,경기도,일반판매,헬스장,계약해제.해지/위약금
2024020717,2024-04-17,남자,60 - 64세,경기도,일반판매,이동전화서비스,계약불이행(불완전이행)
2024020718,2024-04-17,남자,30 - 39세,광주광역시,일반판매,도어체크,AS불만
2024020719,2024-04-17,여자,20 - 29세,서울특별시,일반판매,종합체육시설회원권,계약해제.해지/위약금
2024020720,2024-04-17,여자,20 - 29세,인천광역시,기타통신판매,인터넷교육서비스,청약철회
2024020721,2024-04-17,남자,40 - 49세,경기도,방문판매,김치냉장고,품질(물품/용역)
2024020722,2024-04-17,여자,20 - 29세,경기도,국내온라인거래,소독기,AS불만
2024020723,2024-04-17,남자,65 - 69세,서울특별시,국내온라인거래,국외여행,계약해제.해지/위약금
2024020724,2024-04-17,남자,30 - 39세,경기도,일반판매,포장이사운송서비스,품질(물품/용역)
2024020725,2024-04-17,여자,20 - 29세,경기도,소셜커머스(쇼핑),통신기기케이스,AS불만
2024020726,2024-04-17,여자,50 - 59세,경기도,방문판매,정수기대여(렌트),계약불이행(불완전이행)
2024020727,2024-04-17,남자,30 - 39세,서울특별시,국내온라인거래,미용서비스,품질(물품/용역)
2024020728,2024-04-17,남자,50 - 59세,경기도,국내온라인거래,기타의료용구,청약철회
2024020729,2024-04-17,남자,30 - 39세,대구광역시,국내온라인거래,인터넷교육서비스,계약해제.해지/위약금
2024020730,2024-04-17,남자,30 - 39세,대구광역시,일반판매,국내결혼중개,계약해제.해지/위약금
2024020731,2024-04-17,여자,20 - 29세,서울특별시,국내온라인거래,기타의류·섬유,품질(물품/용역)
2024020732,2024-04-17,남자,30 - 39세,충청남도,일반판매,식사배달,품질(물품/용역)
2024020733,2024-04-17,남자,30 - 39세,광주광역시,방문판매,헬스장,계약해제.해지/위약금
2024020734,2024-04-17,여자,10 - 19세,경기도,일반판매,기타의류·섬유,청약철회
2024020735,2024-04-17,여자,30 - 39세,충청북도,일반판매,헬스장,계약해제.해지/위약금
2024020736,2024-04-17,여자,20 - 29세,서울특별시,국내온라인거래,점퍼·재킷류,청약철회
2024020737,2024-04-17,여자,40 - 49세,서울특별시,기타,항공여객운송서비스,계약불이행(불완전이행)
2024020738,2024-04-17,여자,30 - 39세,경기도,모바일거래,사진촬영,계약해제.해지/위약금
2024020635,2024-04-17,남자,20 - 29세,부산광역시,기타통신판매,태블릿PC,계약해제.해지/위약금
2024020512,2024-04-17,남자,70 - 79세,경기도,기타,초고속인터넷,계약불이행(불완전이행)
2024020518,2024-04-17,남자,40 - 49세,전라북도,일반판매,자동차수리·점검,부당행위
2024020519,2024-04-17,남자,30 - 39세,경기도,일반판매,초고속인터넷,품질(물품/용역)
2024020541,2024-04-17,남자,불명,서울특별시,기타,초고속인터넷,부당행위
2024020543,2024-04-17,남자,40 - 49세,서울특별시,일반판매,대형승용자동차,계약불이행(불완전이행)
2024020554,2024-04-17,남자,40 - 49세,전라북도,국내온라인거래,호텔,청약철회
2024020562,2024-04-17,남자,20 - 29세,경기도,국내온라인거래,항공여객운송서비스,계약불이행(불완전이행)
2024020620,2024-04-17,여자,20 - 29세,경기도,소셜커머스(쇼핑),기타사무용품,청약철회
2024020621,2024-04-17,여자,20 - 29세,경기도,국내온라인거래,양복(서양식 의복)세탁,부당행위
2024020623,2024-04-17,남자,30 - 39세,경기도,국내온라인거래,이동전화서비스,계약불이행(불완전이행)
2024020575,2024-04-17,남자,30 - 39세,경기도,국내온라인거래,스피커,품질(물품/용역)
2024020614,2024-04-17,남자,80세이상,부산광역시,일반판매,안과,품질(물품/용역)
2024020619,2024-04-17,남자,70 - 79세,경기도,기타통신판매,TV,계약해제.해지/위약금
2024020508,2024-04-17,남자,불명,경기도,국내온라인거래,기타완구·인형,표시.광고
2024020556,2024-04-17,남자,30 - 39세,경상북도,일반판매,중고자동차중개·매매,AS불만
2024020586,2024-04-17,남자,40 - 49세,세종특별자치시,일반판매,장식장,안전(제품/시설)
2024020604,2024-04-17,여자,40 - 49세,충청남도,일반판매,스마트폰,품질(물품/용역)
2024020509,2024-04-17,남자,20 - 29세,인천광역시,국내온라인거래,가습기,표시.광고
2024020511,2024-04-17,여자,20 - 29세,경기도,일반판매,독서실이용,계약해제.해지/위약금
2024020533,2024-04-17,여자,20 - 29세,경기도,모바일거래,자동차대여(렌트),계약해제.해지/위약금
2024020536,2024-04-17,여자,50 - 59세,부산광역시,TV홈쇼핑,냄비,품질(물품/용역)
2024020537,2024-04-17,여자,30 - 39세,광주광역시,일반판매,필라테스,계약해제.해지/위약금
2024020539,2024-04-17,남자,20 - 29세,경기도,일반판매,헬스장,계약해제.해지/위약금
2024020592,2024-04-17,여자,50 - 59세,경기도,일반판매,메이크업강습,계약해제.해지/위약금
2024020571,2024-04-17,남자,60 - 64세,인천광역시,일반판매,포장이사운송서비스,계약불이행(불완전이행)
2024020574,2024-04-17,남자,50 - 59세,전라남도,일반판매,컴퓨터모니터(데스크탑),청약철회
2024020595,2024-04-17,여자,불명,경기도,국내온라인거래,오븐류,품질(물품/용역)
2024020608,2024-04-17,여자,50 - 59세,부산광역시,일반판매,식기세척기,AS불만
2024020609,2024-04-17,여자,40 - 49세,대구광역시,일반판매,필라테스,계약해제.해지/위약금
2024020613,2024-04-17,남자,30 - 39세,부산광역시,일반판매,헬스장,계약불이행(불완전이행)
2024020626,2024-04-17,남자,20 - 29세,대구광역시,일반판매,아파트,가격.요금
2024020628,2024-04-17,남자,40 - 49세,부산광역시,국내온라인거래,유사투자자문,계약해제.해지/위약금
2024020535,2024-04-17,남자,40 - 49세,경기도,일반판매,상해보험,약관
2024020540,2024-04-17,남자,40 - 49세,경기도,일반판매,상해보험,계약불이행(불완전이행)
2024020544,2024-04-17,남자,30 - 39세,경상북도,일반판매,스마트폰,품질(물품/용역)
2024020570,2024-04-17,남자,20 - 29세,서울특별시,소셜커머스(쇼핑),기타어패류·어패류가공식품,청약철회
2024020607,2024-04-17,여자,40 - 49세,서울특별시,국내온라인거래,스마트폰,AS불만
2024020578,2024-04-17,여자,30 - 39세,세종특별자치시,국내온라인거래,소파,계약불이행(불완전이행)
2024020580,2024-04-17,남자,40 - 49세,경기도,국내온라인거래,축전지,품질(물품/용역)
2024020636,2024-04-17,남자,30 - 39세,인천광역시,국내온라인거래,신유형상품권,계약불이행(불완전이행)
2024020637,2024-04-17,남자,50 - 59세,경상북도,국내온라인거래,기타조리기기·기구,청약철회
2024020638,2024-04-17,여자,40 - 49세,전라남도,일반판매,기타유사보험,단순문의.상담
2024020639,2024-04-17,여자,40 - 49세,울산광역시,방문판매,학습지,청약철회
2024020640,2024-04-17,여자,40 - 49세,경기도,방문판매,우유,이자.수수료
2024020641,2024-04-17,남자,10 - 19세,대구광역시,모바일거래,모바일게임서비스,부당행위
2024020642,2024-04-17,여자,20 - 29세,인천광역시,국내온라인거래,돼지고기,부당행위
2024020643,2024-04-17,여자,30 - 39세,서울특별시,모바일거래,"OTT서비스(넷플릭스,왓챠 등)",가격.요금
2024020644,2024-04-17,남자,30 - 39세,경기도,일반판매,예식서비스,계약해제.해지/위약금
2024020645,2024-04-17,여자,40 - 49세,경기도,국내온라인거래,컴퓨터S/W개발(홈페이지제작),청약철회
2024020646,2024-04-17,여자,40 - 49세,제주도,국내온라인거래,기타미분류물품,계약불이행(불완전이행)
2024020647,2024-04-17,여자,30 - 39세,경기도,일반판매,항공여객운송서비스,계약불이행(불완전이행)
2024020648,2024-04-17,남자,50 - 59세,대구광역시,국내온라인거래,기타위생서비스,품질(물품/용역)
2024020649,2024-04-17,남자,40 - 49세,경기도,일반판매,초고속인터넷,계약해제.해지/위약금
2024020650,2024-04-17,남자,40 - 49세,서울특별시,일반판매,외식,품질(물품/용역)
2024020651,2024-04-17,여자,30 - 39세,부산광역시,모바일거래,감귤,청약철회
2024020652,2024-04-17,남자,65 - 69세,부산광역시,국제온라인거래,항공여객운송서비스,품질(물품/용역)
2024020653,2024-04-17,여자,20 - 29세,경기도,일반판매,헬스장,계약해제.해지/위약금
2024020631,2024-04-17,여자,20 - 29세,서울특별시,일반판매,자동차보험,품질(물품/용역)
2024020632,2024-04-17,여자,30 - 39세,서울특별시,전화권유판매,이동전화서비스,계약해제.해지/위약금
2024020557,2024-04-17,남자,40 - 49세,부산광역시,일반판매,자동차주차장,품질(물품/용역)
2024020589,2024-04-17,남자,불명,경기도,국내온라인거래,각종공연관람,계약해제.해지/위약금
2024020601,2024-04-17,여자,60 - 64세,서울특별시,일반판매,한의원,계약해제.해지/위약금
2024020529,2024-04-17,남자,40 - 49세,경기도,일반판매,실손보험,약관
2024020547,2024-04-17,여자,50 - 59세,경기도,일반판매,유통시설이용,품질(물품/용역)
2024020538,2024-04-17,남자,40 - 49세,경기도,일반판매,상해보험,계약불이행(불완전이행)
2024020561,2024-04-17,여자,30 - 39세,서울특별시,국내온라인거래,호텔,계약해제.해지/위약금
2024020555,2024-04-17,남자,40 - 49세,경기도,국내온라인거래,건강(암·기타질병)보험,약관
2024020618,2024-04-17,남자,50 - 59세,인천광역시,일반판매,스프링매트리스,청약철회
2024020573,2024-04-17,여자,50 - 59세,인천광역시,일반판매,기타인테리어설비,계약불이행(불완전이행)
2024020616,2024-04-17,남자,40 - 49세,서울특별시,일반판매,항공여객운송서비스,계약불이행(불완전이행)
2024020622,2024-04-17,여자,40 - 49세,서울특별시,국내온라인거래,신유형상품권,계약해제.해지/위약금
2024020633,2024-04-17,남자,40 - 49세,경상남도,일반판매,택배화물운송서비스,거래관행
2024020525,2024-04-17,남자,30 - 39세,서울특별시,일반판매,헬스장,계약해제.해지/위약금
2024020629,2024-04-17,여자,20 - 29세,전라남도,방문판매,인터넷교육서비스,청약철회
2024020527,2024-04-17,남자,50 - 59세,경기도,일반판매,중형승용자동차,계약불이행(불완전이행)
2024020531,2024-04-17,남자,30 - 39세,서울특별시,일반판매,자동차대여(렌트),부당행위
2024020582,2024-04-17,여자,40 - 49세,서울특별시,일반판매,기타문화용품,가격.요금
2024020602,2024-04-17,남자,50 - 59세,서울특별시,일반판매,자동차보험,계약불이행(불완전이행)
2024020615,2024-04-17,여자,60 - 64세,서울특별시,일반판매,안과,품질(물품/용역)
2024020624,2024-04-17,여자,30 - 39세,서울특별시,소셜커머스(쇼핑),호텔,청약철회
2024020630,2024-04-17,남자,80세이상,경기도,일반판매,포장이사운송서비스,계약불이행(불완전이행)
2024018085,2024-04-17,남자,30 - 39세,부산광역시,일반판매,양복(서양식 의복)세탁,품질(물품/용역)
2024020603,2024-04-17,여자,30 - 39세,서울특별시,일반판매,피부과,계약해제.해지/위약금
2024020605,2024-04-17,남자,70 - 79세,광주광역시,기타,건강(암·기타질병)보험,계약불이행(불완전이행)
2024020606,2024-04-17,여자,30 - 39세,서울특별시,국내온라인거래,애완고양이,계약해제.해지/위약금
2024020522,2024-04-17,남자,50 - 59세,경상북도,모바일거래,모바일정보이용서비스,부당행위
2024020513,2024-04-17,여자,20 - 29세,경기도,일반판매,일반이사운송서비스,계약불이행(불완전이행)
2024020521,2024-04-17,남자,40 - 49세,충청남도,국내온라인거래,골프회원권,계약해제.해지/위약금
2024020517,2024-04-17,여자,20 - 29세,인천광역시,일반판매,헬스장,계약해제.해지/위약금
2024020520,2024-04-17,여자,40 - 49세,충청남도,일반판매,중고자동차중개·매매,계약불이행(불완전이행)
2024020534,2024-04-17,남자,40 - 49세,경기도,일반판매,상해보험,계약불이행(불완전이행)
2024020548,2024-04-17,남자,70 - 79세,경상남도,국내온라인거래,침대,품질(물품/용역)
2024020553,2024-04-17,남자,30 - 39세,경상남도,국내온라인거래,페인트,청약철회
2024020560,2024-04-17,여자,50 - 59세,경기도,일반판매,기타인테리어설비,품질(물품/용역)
2024020565,2024-04-17,여자,40 - 49세,인천광역시,소셜커머스(쇼핑),신유형상품권,표시.광고
2024020579,2024-04-17,여자,30 - 39세,서울특별시,일반판매,가구세트,AS불만
2024020597,2024-04-17,남자,40 - 49세,경기도,모바일거래,차량용블랙박스,품질(물품/용역)
2024020523,2024-04-17,남자,40 - 49세,강원특별자치도,일반판매,포장이사운송서비스,품질(물품/용역)
2024020600,2024-04-17,남자,30 - 39세,광주광역시,기타,신경외과,품질(물품/용역)
2024020594,2024-04-17,남자,30 - 39세,경기도,국내온라인거래,기타신변용품,계약불이행(불완전이행)
2024020572,2024-04-17,남자,50 - 59세,경기도,소셜커머스(쇼핑),문어,계약불이행(불완전이행)
2024020581,2024-04-17,남자,불명,서울특별시,국내온라인거래,주거용접착제,계약해제.해지/위약금
2024020526,2024-04-17,남자,40 - 49세,서울특별시,일반판매,포장이사운송서비스,품질(물품/용역)
2024020545,2024-04-17,여자,40 - 49세,경기도,일반판매,상조서비스,계약불이행(불완전이행)
2024020549,2024-04-17,남자,30 - 39세,충청북도,전화권유판매,인터넷정보이용서비스,계약해제.해지/위약금
2024020550,2024-04-17,남자,40 - 49세,서울특별시,방문판매,상조서비스,계약불이행(불완전이행)
2024020552,2024-04-17,여자,40 - 49세,경기도,일반판매,카셰어링,부당행위
2024020530,2024-04-17,남자,50 - 59세,경기도,기타,도시가스,거래관행
2024020558,2024-04-17,남자,20 - 29세,인천광역시,일반판매,노트북컴퓨터,AS불만
2024020563,2024-04-17,여자,40 - 49세,전라남도,국내온라인거래,애완식물(화분·분재),청약철회
2024020564,2024-04-17,남자,40 - 49세,서울특별시,국제온라인거래,호텔,계약해제.해지/위약금
2024020514,2024-04-17,남자,80세이상,경기도,기타통신판매,유사투자자문,계약해제.해지/위약금
2024020515,2024-04-17,여자,60 - 64세,경기도,TV홈쇼핑,국외여행,계약불이행(불완전이행)
2024019581,2024-04-18,여자,50 - 59세,전라남도,일반판매,핸드백,품질(물품/용역)
2024020381,2024-04-18,여자,50 - 59세,경상북도,국내온라인거래,니트(스웨터),품질(물품/용역)
2024020128,2024-04-18,남자,50 - 59세,대구광역시,일반판매,양복(서양식 의복)세탁,품질(물품/용역)
2024019575,2024-04-18,여자,70 - 79세,대구광역시,일반판매,모피·모피의류,품질(물품/용역)
2024019125,2024-04-18,남자,40 - 49세,인천광역시,일반판매,양복(서양식 의복)세탁,품질(물품/용역)
2024020757,2024-04-18,여자,60 - 64세,전라남도,TV홈쇼핑,음식물처리기대여(렌트),계약불이행(불완전이행)
2024020758,2024-04-18,여자,50 - 59세,충청남도,국내온라인거래,소파,AS불만
2024020771,2024-04-18,여자,30 - 39세,경기도,방문판매,신유형상품권,청약철회
2024020775,2024-04-18,여자,40 - 49세,경기도,일반판매,자동차수리·점검,품질(물품/용역)
2024019162,2024-04-18,여자,40 - 49세,경상남도,일반판매,숙녀복상의,품질(물품/용역)
2024019541,2024-04-18,여자,20 - 29세,서울특별시,일반판매,양복(서양식 의복)세탁,품질(물품/용역)
2024019332,2024-04-18,여자,70 - 79세,경상북도,TV홈쇼핑,의류수선,품질(물품/용역)
2024020759,2024-04-18,남자,50 - 59세,서울특별시,일반판매,침대,AS불만
2024020755,2024-04-18,남자,40 - 49세,부산광역시,기타,대형승용자동차,AS불만
2024020782,2024-04-18,남자,40 - 49세,경상북도,일반판매,자동차수리·점검,계약불이행(불완전이행)
2024020786,2024-04-18,남자,30 - 39세,경기도,일반판매,자동차수리·점검,가격.요금
2024020803,2024-04-18,남자,30 - 39세,경기도,국내온라인거래,기타숙박시설,계약해제.해지/위약금
2024020824,2024-04-18,남자,80세이상,대전광역시,일반판매,안마의자,품질(물품/용역)
2024020826,2024-04-18,여자,20 - 29세,경기도,모바일거래,기타사설강습서비스,계약해제.해지/위약금
2024020845,2024-04-18,남자,40 - 49세,충청남도,일반판매,정수기대여(렌트),거래관행
2024020846,2024-04-18,여자,70 - 79세,충청북도,방문판매,우유,계약해제.해지/위약금
2024020849,2024-04-18,여자,30 - 39세,경기도,일반판매,헬스장,계약해제.해지/위약금
2024020851,2024-04-18,남자,50 - 59세,인천광역시,일반판매,헬스장,계약해제.해지/위약금
2024020822,2024-04-18,여자,65 - 69세,부산광역시,일반판매,아파트,계약해제.해지/위약금
2024020825,2024-04-18,여자,40 - 49세,부산광역시,일반판매,아파트,계약불이행(불완전이행)
2024020830,2024-04-18,여자,30 - 39세,부산광역시,일반판매,정수기대여(렌트),계약해제.해지/위약금
2024020754,2024-04-18,남자,40 - 49세,부산광역시,모바일거래,와이퍼,품질(물품/용역)
2024020383,2024-04-18,여자,50 - 59세,울산광역시,일반판매,점퍼·재킷류,품질(물품/용역)
2024020028,2024-04-18,남자,60 - 64세,충청북도,일반판매,점퍼·재킷류,품질(물품/용역)
2024020848,2024-04-18,여자,40 - 49세,강원특별자치도,기타,기타병·의원서비스,품질(물품/용역)
2024020852,2024-04-18,남자,20 - 29세,서울특별시,일반판매,이동전화서비스,계약해제.해지/위약금
2024019116,2024-04-18,여자,40 - 49세,서울특별시,기타,양복(서양식 의복)세탁,품질(물품/용역)
2024019090,2024-04-18,여자,40 - 49세,서울특별시,국내온라인거래,캐주얼바지,품질(물품/용역)
2024020161,2024-04-18,여자,20 - 29세,서울특별시,일반판매,양복(서양식 의복)세탁,품질(물품/용역)
2024019153,2024-04-18,여자,70 - 79세,부산광역시,일반판매,양복(서양식 의복)세탁,품질(물품/용역)
2024020739,2024-04-18,남자,30 - 39세,경기도,기타통신판매,기타투자상품,계약불이행(불완전이행)
2024020740,2024-04-18,여자,20 - 29세,서울특별시,방문판매,실손보험,계약불이행(불완전이행)
2024020745,2024-04-18,남자,30 - 39세,경상북도,일반판매,중형승용자동차,AS불만
2024020751,2024-04-18,남자,50 - 59세,경기도,일반판매,자동차대여(렌트),계약해제.해지/위약금
2024020767,2024-04-18,남자,70 - 79세,서울특별시,일반판매,보청기,품질(물품/용역)
2024020772,2024-04-18,여자,30 - 39세,충청남도,일반판매,피부과,계약불이행(불완전이행)
2024020779,2024-04-18,남자,20 - 29세,서울특별시,일반판매,보증보험,계약해제.해지/위약금
2024020815,2024-04-18,여자,30 - 39세,인천광역시,전화권유판매,기타매체광고,계약불이행(불완전이행)
2024020752,2024-04-18,남자,20 - 29세,울산광역시,일반판매,기타보건·위생용품,품질(물품/용역)
2024020763,2024-04-18,남자,30 - 39세,부산광역시,일반판매,신유형상품권,계약해제.해지/위약금
2024020790,2024-04-18,남자,50 - 59세,서울특별시,일반판매,대형승용자동차,계약불이행(불완전이행)
2024020793,2024-04-18,여자,30 - 39세,경기도,일반판매,핸드백,계약해제.해지/위약금
2024020823,2024-04-18,여자,70 - 79세,인천광역시,기타,초고속인터넷,계약해제.해지/위약금
2024020829,2024-04-18,남자,20 - 29세,서울특별시,국제온라인거래,항공여객운송서비스,계약해제.해지/위약금
2024019404,2024-04-18,여자,40 - 49세,경기도,일반판매,기타가방,품질(물품/용역)
2024020044,2024-04-18,여자,30 - 39세,충청북도,일반판매,핸드백,품질(물품/용역)
2024020742,2024-04-18,여자,50 - 59세,경기도,일반판매,기타가방,품질(물품/용역)
2024020760,2024-04-18,여자,40 - 49세,서울특별시,일반판매,스낵과자,품질(물품/용역)
2024020753,2024-04-18,여자,30 - 39세,경기도,일반판매,냉장고,청약철회
2024020794,2024-04-18,여자,50 - 59세,경기도,일반판매,이동전화서비스,계약불이행(불완전이행)
2024020761,2024-04-18,여자,30 - 39세,서울특별시,국내온라인거래,보석·귀금속,계약불이행(불완전이행)
2024020795,2024-04-18,남자,20 - 29세,경기도,일반판매,필라테스,계약불이행(불완전이행)
2024020807,2024-04-18,여자,50 - 59세,경기도,일반판매,중형승용자동차,품질(물품/용역)
2024020812,2024-04-18,남자,40 - 49세,경기도,국내온라인거래,인터넷정보이용서비스,계약불이행(불완전이행)
2024020818,2024-04-18,여자,50 - 59세,경기도,일반판매,화장실설비,가격.요금
2024020819,2024-04-18,여자,20 - 29세,전라북도,일반판매,일반자전거,계약해제.해지/위약금
2024020827,2024-04-18,남자,50 - 59세,경기도,국내온라인거래,조립완구,표시.광고
2024020836,2024-04-18,여자,40 - 49세,경기도,일반판매,중형승용자동차,품질(물품/용역)
2024020847,2024-04-18,여자,60 - 64세,경기도,방문판매,기타전기·승강설비,계약불이행(불완전이행)
2024020165,2024-04-18,여자,60 - 64세,부산광역시,일반판매,양복(서양식 의복)세탁,품질(물품/용역)
2024020762,2024-04-18,남자,20 - 29세,서울특별시,국내온라인거래,자동차대여(렌트),계약불이행(불완전이행)
2024020764,2024-04-18,여자,40 - 49세,경기도,국내온라인거래,스포츠시설이용,청약철회
2024020768,2024-04-18,여자,70 - 79세,대전광역시,일반판매,안마의자,품질(물품/용역)
2024020769,2024-04-18,남자,65 - 69세,경기도,기타,변호서비스,계약해제.해지/위약금
2024020770,2024-04-18,남자,40 - 49세,경기도,국내온라인거래,노트북컴퓨터,청약철회
2024020773,2024-04-18,여자,40 - 49세,경기도,일반판매,자동차주차장,AS불만
2024020828,2024-04-18,여자,50 - 59세,경기도,일반판매,소파,청약철회
2024020832,2024-04-18,여자,50 - 59세,대구광역시,모바일거래,모바일정보이용서비스,부당행위
2024020835,2024-04-18,남자,20 - 29세,경상남도,일반판매,택배화물운송서비스,계약불이행(불완전이행)
2024020853,2024-04-18,여자,20 - 29세,경기도,노상판매,초고속인터넷,계약불이행(불완전이행)
2024020384,2024-04-18,여자,40 - 49세,경기도,일반판매,양복(서양식 의복)세탁,품질(물품/용역)
2024019409,2024-04-18,여자,50 - 59세,서울특별시,일반판매,점퍼·재킷류,품질(물품/용역)
2024020390,2024-04-18,남자,60 - 64세,대전광역시,일반판매,점퍼·재킷류,품질(물품/용역)
2024019591,2024-04-18,여자,20 - 29세,대전광역시,일반판매,양복(서양식 의복)세탁,품질(물품/용역)
2024019381,2024-04-18,여자,50 - 59세,부산광역시,일반판매,숙녀복상의,품질(물품/용역)
2024020114,2024-04-18,여자,40 - 49세,경상북도,국내온라인거래,이불·요,품질(물품/용역)
2024019555,2024-04-18,여자,20 - 29세,인천광역시,일반판매,양복(서양식 의복)세탁,품질(물품/용역)
2024019347,2024-04-18,여자,20 - 29세,서울특별시,국내온라인거래,원피스,청약철회
2024020134,2024-04-18,여자,40 - 49세,서울특별시,국내온라인거래,티셔츠,품질(물품/용역)
2024020351,2024-04-18,여자,40 - 49세,경상남도,일반판매,양복(서양식 의복)세탁,품질(물품/용역)
2024019353,2024-04-18,남자,40 - 49세,경상북도,일반판매,스포츠웨어,품질(물품/용역)
2024019571,2024-04-18,여자,50 - 59세,경상북도,일반판매,점퍼·재킷류,품질(물품/용역)
2024020854,2024-04-18,남자,30 - 39세,경기도,모바일거래,기타간편복,품질(물품/용역)
2024020855,2024-04-18,남자,65 - 69세,충청남도,기타,기타묘목·모종·종자,품질(물품/용역)
2024020856,2024-04-18,남자,50 - 59세,서울특별시,국내온라인거래,의자,품질(물품/용역)
2024020857,2024-04-18,여자,50 - 59세,경상북도,일반판매,헬스장,계약해제.해지/위약금
2024020858,2024-04-18,여자,30 - 39세,서울특별시,국내온라인거래,침대,품질(물품/용역)
2024020859,2024-04-18,여자,40 - 49세,서울특별시,기타,기타세탁서비스,부당행위
2024020860,2024-04-18,여자,30 - 39세,서울특별시,일반판매,요가,계약불이행(불완전이행)
2024020861,2024-04-18,여자,40 - 49세,서울특별시,일반판매,점퍼·재킷류,계약해제.해지/위약금
2024020862,2024-04-18,여자,20 - 29세,서울특별시,모바일거래,기타음식관련서비스,계약불이행(불완전이행)
2024020863,2024-04-18,남자,20 - 29세,경상남도,일반판매,국외여행,계약불이행(불완전이행)
2024020864,2024-04-18,여자,20 - 29세,경기도,다단계판매,화장품세트,청약철회
2024020865,2024-04-18,여자,20 - 29세,경기도,일반판매,헬스장,계약해제.해지/위약금
2024020866,2024-04-18,여자,40 - 49세,경기도,방문판매,공기청정기대여(렌트),계약해제.해지/위약금
2024020867,2024-04-18,남자,50 - 59세,서울특별시,일반판매,카메라부품·용품,부당행위
2024020868,2024-04-18,여자,50 - 59세,인천광역시,일반판매,헬스장,계약해제.해지/위약금
2024020869,2024-04-18,남자,30 - 39세,경상남도,국내온라인거래,항공여객운송서비스,표시.광고
2024020870,2024-04-18,남자,65 - 69세,경상남도,국내온라인거래,기타시계류,품질(물품/용역)
2024020871,2024-04-18,여자,30 - 39세,인천광역시,국내온라인거래,기타책상·테이블류,AS불만
2024020872,2024-04-18,여자,50 - 59세,인천광역시,일반판매,해외유학알선,가격.요금
2024020873,2024-04-18,여자,20 - 29세,경기도,일반판매,스마트폰,AS불만
2024020874,2024-04-18,남자,40 - 49세,서울특별시,모바일거래,콘도회원권,계약불이행(불완전이행)
2024020875,2024-04-18,여자,30 - 39세,경기도,일반판매,항공여객운송서비스,품질(물품/용역)
2024020876,2024-04-18,여자,30 - 39세,경기도,국내온라인거래,캐주얼바지,청약철회
2024020877,2024-04-18,남자,50 - 59세,서울특별시,일반판매,스마트폰,AS불만
2024020878,2024-04-18,여자,30 - 39세,인천광역시,방문판매,기타매체광고,계약해제.해지/위약금
2024020879,2024-04-18,남자,40 - 49세,부산광역시,국내온라인거래,기타건강식품,품질(물품/용역)
2024020880,2024-04-18,여자,30 - 39세,경기도,일반판매,헬스장,계약해제.해지/위약금
2024020881,2024-04-18,여자,30 - 39세,서울특별시,일반판매,포장이사운송서비스,품질(물품/용역)
2024020882,2024-04-18,남자,40 - 49세,인천광역시,국내온라인거래,항공여객운송서비스,계약해제.해지/위약금
2024019546,2024-04-18,여자,20 - 29세,서울특별시,일반판매,양복(서양식 의복)세탁,품질(물품/용역)
2024020883,2024-04-18,여자,20 - 29세,인천광역시,국내온라인거래,숙녀화(구두·부츠 등),청약철회
2024020884,2024-04-18,여자,20 - 29세,대구광역시,일반판매,헬스장,계약해제.해지/위약금
2024020885,2024-04-18,남자,30 - 39세,대전광역시,기타,예식서비스,계약해제.해지/위약금
2024020886,2024-04-18,여자,20 - 29세,서울특별시,일반판매,고시원이용,계약해제.해지/위약금
2024020887,2024-04-18,여자,50 - 59세,경기도,전화권유판매,기타건강식품,계약해제.해지/위약금
2024020888,2024-04-18,여자,30 - 39세,서울특별시,일반판매,옷장,AS불만
2024020889,2024-04-18,남자,30 - 39세,경기도,일반판매,아파트,품질(물품/용역)
2024020890,2024-04-18,여자,30 - 39세,인천광역시,일반판매,피부·체형관리서비스,계약불이행(불완전이행)
2024020891,2024-04-18,남자,20 - 29세,경기도,일반판매,헬스장,계약해제.해지/위약금
2024020892,2024-04-18,여자,50 - 59세,서울특별시,일반판매,피부·체형관리서비스,계약해제.해지/위약금
2024020893,2024-04-18,여자,30 - 39세,서울특별시,일반판매,예식서비스,계약해제.해지/위약금
2024020894,2024-04-18,여자,50 - 59세,경기도,일반판매,스마트폰,품질(물품/용역)
2024020895,2024-04-18,여자,50 - 59세,경기도,일반판매,기타스포츠·레저기구·용품,품질(물품/용역)
2024020896,2024-04-18,남자,30 - 39세,서울특별시,국내온라인거래,노트북컴퓨터,표시.광고
2024020897,2024-04-18,남자,40 - 49세,경기도,소셜커머스(쇼핑),기타빵·과자류,계약불이행(불완전이행)
2024020898,2024-04-18,여자,30 - 39세,서울특별시,일반판매,기타가방,가격.요금
2024020899,2024-04-18,여자,30 - 39세,강원특별자치도,국내온라인거래,인터넷정보이용서비스,계약해제.해지/위약금
2024020900,2024-04-18,여자,30 - 39세,부산광역시,국내온라인거래,캐주얼바지,청약철회
2024020901,2024-04-18,여자,30 - 39세,광주광역시,일반판매,예식서비스,계약해제.해지/위약금
2024020902,2024-04-18,여자,30 - 39세,제주도,일반판매,헬스장,계약해제.해지/위약금
2024020903,2024-04-18,여자,20 - 29세,경기도,일반판매,초고속인터넷,계약불이행(불완전이행)
2024020904,2024-04-18,여자,30 - 39세,경기도,전화권유판매,기타정보이용서비스,계약불이행(불완전이행)
2024020905,2024-04-18,여자,30 - 39세,인천광역시,모바일거래,기타세탁서비스,품질(물품/용역)
2024020906,2024-04-18,여자,20 - 29세,경기도,국내온라인거래,기타일반화장품,청약철회
2024020907,2024-04-18,여자,30 - 39세,서울특별시,기타,헬스장,계약해제.해지/위약금
2024020908,2024-04-18,여자,30 - 39세,인천광역시,국내온라인거래,공기청정기,품질(물품/용역)
2024020909,2024-04-18,여자,30 - 39세,경기도,모바일거래,기타세탁서비스,품질(물품/용역)
2024020910,2024-04-18,여자,30 - 39세,경기도,방문판매,기타미분류서비스,안전(제품/시설)
2024020911,2024-04-18,남자,30 - 39세,인천광역시,기타,기타미분류서비스,계약해제.해지/위약금
2024020912,2024-04-18,여자,50 - 59세,울산광역시,기타,레저시설이용,안전(제품/시설)
2024020913,2024-04-18,여자,50 - 59세,울산광역시,일반판매,기타미분류서비스,부당행위
2024020914,2024-04-18,남자,60 - 64세,경기도,국내온라인거래,항공여객운송서비스,부당행위
2024020915,2024-04-18,여자,30 - 39세,서울특별시,국내온라인거래,스커트,청약철회
2024020916,2024-04-18,여자,30 - 39세,서울특별시,국내온라인거래,기타채소·채소가공식품,청약철회
2024020917,2024-04-18,남자,30 - 39세,광주광역시,국내온라인거래,기타금융상품,계약불이행(불완전이행)
2024020918,2024-04-18,남자,40 - 49세,경기도,일반판매,이동전화서비스,계약불이행(불완전이행)
2024020919,2024-04-18,남자,30 - 39세,경기도,일반판매,헬스장,계약해제.해지/위약금
2024020920,2024-04-18,남자,40 - 49세,서울특별시,국내온라인거래,소프트웨어,품질(물품/용역)
2024020921,2024-04-18,남자,40 - 49세,경기도,TV홈쇼핑,싱크대,품질(물품/용역)
2024020922,2024-04-18,여자,40 - 49세,충청북도,기타,골프회원권,계약해제.해지/위약금
2024020923,2024-04-18,남자,50 - 59세,서울특별시,일반판매,골프회원권,부당행위
2024020924,2024-04-18,여자,30 - 39세,서울특별시,일반판매,헬스장,계약해제.해지/위약금
2024020925,2024-04-18,남자,30 - 39세,경기도,국내온라인거래,헤드폰·이어폰,약관
2024020926,2024-04-18,남자,50 - 59세,서울특별시,모바일거래,기타정보통신,부당행위
2024020927,2024-04-18,여자,20 - 29세,서울특별시,국내온라인거래,기타숙박시설,계약불이행(불완전이행)
2024020928,2024-04-18,남자,30 - 39세,경상북도,일반판매,예식서비스,계약해제.해지/위약금
2024020929,2024-04-18,남자,20 - 29세,서울특별시,일반판매,택배화물운송서비스,계약불이행(불완전이행)
2024020930,2024-04-18,여자,30 - 39세,충청남도,국내온라인거래,식탁,AS불만
2024020931,2024-04-18,여자,20 - 29세,대전광역시,기타,기타교육서비스,계약해제.해지/위약금
2024020932,2024-04-18,남자,40 - 49세,인천광역시,모바일거래,기타정보이용서비스,계약해제.해지/위약금
2024020933,2024-04-18,여자,30 - 39세,경기도,국내온라인거래,라텍스매트리스,품질(물품/용역)
2024020934,2024-04-18,남자,40 - 49세,경기도,모바일거래,이동전화서비스,약관
2024020935,2024-04-18,여자,30 - 39세,서울특별시,일반판매,양복(서양식 의복)세탁,품질(물품/용역)
2024020936,2024-04-18,여자,30 - 39세,인천광역시,방문판매,필라테스,계약해제.해지/위약금
2024020937,2024-04-18,여자,10 - 19세,경기도,국내온라인거래,점퍼·재킷류,청약철회
2024020938,2024-04-18,남자,20 - 29세,경기도,기타통신판매,학습지,계약해제.해지/위약금
2024020939,2024-04-18,여자,20 - 29세,서울특별시,국내온라인거래,보석·귀금속,청약철회
2024020940,2024-04-18,여자,20 - 29세,경기도,국내온라인거래,기타의류·섬유,품질(물품/용역)
2024020941,2024-04-18,여자,40 - 49세,전라북도,국내온라인거래,액자,청약철회
2024020805,2024-04-18,남자,불명,경기도,국내온라인거래,기타책상·테이블류,계약해제.해지/위약금
2024020806,2024-04-18,남자,30 - 39세,경기도,방문판매,피부과,품질(물품/용역)
2024020765,2024-04-18,남자,65 - 69세,강원특별자치도,방문판매,콘도회원권,계약해제.해지/위약금
2024020774,2024-04-18,여자,40 - 49세,경기도,기타,인터넷교육서비스,계약해제.해지/위약금
2024020791,2024-04-18,남자,30 - 39세,경기도,국내온라인거래,기타건강식품,품질(물품/용역)
2024020792,2024-04-18,여자,20 - 29세,서울특별시,일반판매,한의원,계약해제.해지/위약금
2024020808,2024-04-18,여자,50 - 59세,서울특별시,기타통신판매,성형외과,계약해제.해지/위약금
2024020810,2024-04-18,여자,30 - 39세,서울특별시,전화권유판매,필라테스,계약해제.해지/위약금
2024020817,2024-04-18,여자,50 - 59세,경기도,일반판매,다이어트식품,계약불이행(불완전이행)
2024020838,2024-04-18,남자,70 - 79세,서울특별시,국내온라인거래,정수기,청약철회
2024020839,2024-04-18,남자,30 - 39세,경기도,국내온라인거래,호텔,계약해제.해지/위약금
2024020843,2024-04-18,여자,10 - 19세,서울특별시,국내온라인거래,하드디스크드라이버,청약철회
2024019579,2024-04-18,여자,50 - 59세,전라남도,일반판매,핸드백,품질(물품/용역)
2024019063,2024-04-18,남자,30 - 39세,경기도,국내온라인거래,기타가방,품질(물품/용역)
2024020357,2024-04-18,여자,50 - 59세,경기도,일반판매,양복(서양식 의복)세탁,품질(물품/용역)
2024020746,2024-04-18,남자,50 - 59세,경상남도,일반판매,대형승용자동차,AS불만
2024020811,2024-04-18,남자,30 - 39세,경기도,소셜커머스(쇼핑),인터넷정보이용서비스,거래관행
2024020816,2024-04-18,여자,40 - 49세,대구광역시,일반판매,유모차,품질(물품/용역)
2024020814,2024-04-18,남자,30 - 39세,경기도,국내온라인거래,기타의료용구,청약철회
2024020069,2024-04-18,남자,40 - 49세,대구광역시,일반판매,양복(서양식 의복)세탁,품질(물품/용역)
2024020032,2024-04-18,여자,20 - 29세,인천광역시,일반판매,피혁세탁,품질(물품/용역)
2024019084,2024-04-18,남자,70 - 79세,경기도,국내온라인거래,점퍼·재킷류,청약철회
2024020744,2024-04-18,남자,65 - 69세,강원특별자치도,기타,초고속인터넷,계약불이행(불완전이행)
2024020787,2024-04-18,여자,30 - 39세,인천광역시,국내온라인거래,통신기기주변장치,표시.광고
2024020784,2024-04-18,여자,30 - 39세,서울특별시,일반판매,일반강습(입시학원등),계약해제.해지/위약금
2024020801,2024-04-18,남자,50 - 59세,대구광역시,전화권유판매,유사투자자문,계약불이행(불완전이행)
2024020834,2024-04-18,여자,30 - 39세,인천광역시,모바일거래,유사투자자문,계약불이행(불완전이행)
2024020844,2024-04-18,여자,30 - 39세,광주광역시,일반판매,선반침대,거래관행
2024020052,2024-04-19,여자,50 - 59세,경기도,일반판매,기타가방,품질(물품/용역)
2024021046,2024-04-19,여자,20 - 29세,경기도,방문판매,필라테스,계약해제.해지/위약금
2024021048,2024-04-19,남자,40 - 49세,충청북도,전화권유판매,유사투자자문,계약해제.해지/위약금
2024020360,2024-04-19,여자,50 - 59세,광주광역시,국내온라인거래,코트,품질(물품/용역)
2024020974,2024-04-19,남자,65 - 69세,경기도,국내온라인거래,인터넷정보이용서비스,계약해제.해지/위약금
2024020984,2024-04-19,여자,50 - 59세,서울특별시,기타,전기장판,안전(제품/시설)
2024020995,2024-04-19,여자,60 - 64세,서울특별시,TV홈쇼핑,국외여행,계약불이행(불완전이행)
2024021037,2024-04-19,남자,50 - 59세,경기도,일반판매,이동전화서비스,계약불이행(불완전이행)
2024021024,2024-04-19,남자,20 - 29세,경상남도,일반판매,자동차견인,가격.요금
2024021022,2024-04-19,남자,60 - 64세,서울특별시,일반판매,소화기,안전(제품/시설)
2024021009,2024-04-19,남자,50 - 59세,경기도,국내온라인거래,점퍼·재킷류,표시.광고
2024021013,2024-04-19,남자,50 - 59세,경기도,일반판매,정수기대여(렌트),계약불이행(불완전이행)
2024021005,2024-04-19,남자,30 - 39세,경기도,소셜커머스(쇼핑),전기오븐,안전(제품/시설)
2024021006,2024-04-19,여자,30 - 39세,서울특별시,일반판매,기타인테리어설비,AS불만
2024021016,2024-04-19,여자,30 - 39세,서울특별시,일반판매,피부·체형관리서비스,계약해제.해지/위약금
2024020982,2024-04-19,남자,50 - 59세,경기도,소셜커머스(쇼핑),골프용품,계약불이행(불완전이행)
2024020959,2024-04-19,여자,30 - 39세,충청북도,기타,주택자금대출,부당행위
2024020981,2024-04-19,남자,80세이상,서울특별시,일반판매,대형승용자동차,AS불만
2024020987,2024-04-19,남자,30 - 39세,경기도,모바일거래,CD·LD·DVD(영화·음악·게임),품질(물품/용역)
2024020997,2024-04-19,여자,50 - 59세,경기도,국내온라인거래,항공여객운송서비스,이자.수수료
2024021012,2024-04-19,남자,불명,서울특별시,기타,골프회원권,표시.광고
2024021027,2024-04-19,남자,30 - 39세,경기도,모바일거래,카셰어링,부당행위
2024020111,2024-04-19,남자,20 - 29세,울산광역시,일반판매,양복(서양식 의복)세탁,품질(물품/용역)
2024020944,2024-04-19,남자,60 - 64세,울산광역시,모바일거래,인터넷정보이용서비스,청약철회
2024020962,2024-04-19,남자,60 - 64세,대전광역시,국내온라인거래,항공여객운송서비스,계약불이행(불완전이행)
2024020968,2024-04-19,남자,30 - 39세,서울특별시,일반판매,피부과,계약해제.해지/위약금
2024021019,2024-04-19,남자,20 - 29세,서울특별시,모바일거래,카셰어링,부당행위
2024020993,2024-04-19,여자,30 - 39세,경기도,국내온라인거래,항공여객운송서비스,청약철회
2024021008,2024-04-19,남자,70 - 79세,서울특별시,일반판매,종합체육시설회원권,계약해제.해지/위약금
2024020947,2024-04-19,여자,60 - 64세,경기도,전화권유판매,유사투자자문,계약해제.해지/위약금
2024020980,2024-04-19,여자,20 - 29세,경기도,일반판매,자동차대여(렌트),AS불만
2024020999,2024-04-19,남자,60 - 64세,서울특별시,기타통신판매,유사투자자문,계약해제.해지/위약금
2024021001,2024-04-19,여자,40 - 49세,경기도,전화권유판매,기타매체광고,계약해제.해지/위약금
2024020950,2024-04-19,여자,70 - 79세,서울특별시,모바일거래,초고속인터넷,품질(물품/용역)
2024020972,2024-04-19,여자,60 - 64세,인천광역시,기타,종신보험,계약불이행(불완전이행)
2024020985,2024-04-19,남자,20 - 29세,서울특별시,국내온라인거래,미분류대여(렌트),청약철회
2024020953,2024-04-19,여자,50 - 59세,경기도,국내온라인거래,국외여행,계약해제.해지/위약금
2024020946,2024-04-19,남자,30 - 39세,서울특별시,국내온라인거래,신유형상품권,표시.광고
2024020951,2024-04-19,여자,20 - 29세,강원특별자치도,일반판매,헬스장,계약해제.해지/위약금
2024020965,2024-04-19,남자,20 - 29세,경기도,국내온라인거래,각종공연관람,계약해제.해지/위약금
2024020969,2024-04-19,여자,40 - 49세,경기도,방문판매,인터넷교육서비스,품질(물품/용역)
2024020973,2024-04-19,여자,40 - 49세,서울특별시,일반판매,모바일정보이용서비스,가격.요금
2024020978,2024-04-19,남자,불명,인천광역시,국내온라인거래,감귤,품질(물품/용역)
2024020979,2024-04-19,남자,60 - 64세,경기도,일반판매,자동차수리·점검,AS불만
2024020998,2024-04-19,남자,65 - 69세,전라북도,일반판매,치과,품질(물품/용역)
2024021003,2024-04-19,여자,20 - 29세,서울특별시,일반판매,헬스장,계약해제.해지/위약금
2024021035,2024-04-19,남자,40 - 49세,경기도,국내온라인거래,항공화물운송서비스,가격.요금
2024021049,2024-04-19,여자,20 - 29세,서울특별시,소셜커머스(쇼핑),지갑,청약철회
2024019080,2024-04-19,여자,30 - 39세,경기도,일반판매,모피·모피의류,품질(물품/용역)
2024020988,2024-04-19,여자,40 - 49세,부산광역시,소셜커머스(쇼핑),아동복,청약철회
2024021002,2024-04-19,여자,60 - 64세,충청북도,국내온라인거래,기타인테리어설비,계약불이행(불완전이행)
2024021010,2024-04-19,남자,20 - 29세,서울특별시,전화권유판매,건강(암·기타질병)보험,계약불이행(불완전이행)
2024021031,2024-04-19,여자,70 - 79세,서울특별시,일반판매,기타인테리어설비,가격.요금
2024021050,2024-04-19,여자,40 - 49세,경기도,일반판매,미용서비스,계약불이행(불완전이행)
2024020970,2024-04-19,여자,불명,서울특별시,소셜커머스(쇼핑),기타의류·섬유,청약철회
2024020976,2024-04-19,여자,30 - 39세,경기도,일반판매,자동차주차장,가격.요금
2024020983,2024-04-19,남자,40 - 49세,부산광역시,국내온라인거래,전등·전구,품질(물품/용역)
2024020991,2024-04-19,남자,70 - 79세,서울특별시,전화권유판매,유사투자자문,계약해제.해지/위약금
2024021000,2024-04-19,여자,65 - 69세,경기도,일반판매,캐주얼바지,품질(물품/용역)
2024021015,2024-04-19,남자,50 - 59세,경기도,기타,경비·관리서비스,계약불이행(불완전이행)
2024021017,2024-04-19,여자,30 - 39세,인천광역시,기타,사무용기기대여(렌트),계약해제.해지/위약금
2024020958,2024-04-19,여자,60 - 64세,광주광역시,전화권유판매,유사투자자문,계약해제.해지/위약금
2024020964,2024-04-19,여자,50 - 59세,인천광역시,기타,기타인테리어설비,품질(물품/용역)
2024021029,2024-04-19,여자,65 - 69세,서울특별시,일반판매,기타이동통신,계약불이행(불완전이행)
2024021032,2024-04-19,여자,불명,충청남도,국내온라인거래,국외여행,부당행위
2024021036,2024-04-19,여자,20 - 29세,경기도,국내온라인거래,호텔,계약해제.해지/위약금
2024021101,2024-04-19,남자,30 - 39세,경기도,TV홈쇼핑,전기온수장판,품질(물품/용역)
2024021102,2024-04-19,남자,50 - 59세,충청남도,기타,일반이사운송서비스,품질(물품/용역)
2024021103,2024-04-19,남자,40 - 49세,서울특별시,기타,사진촬영,계약불이행(불완전이행)
2024021104,2024-04-19,남자,30 - 39세,경상남도,국내온라인거래,숙녀화(구두·부츠 등),청약철회
2024021105,2024-04-19,남자,50 - 59세,울산광역시,일반판매,레저시설이용,부당행위
2024021106,2024-04-19,여자,30 - 39세,서울특별시,일반판매,미용서비스,안전(제품/시설)
2024021107,2024-04-19,여자,40 - 49세,인천광역시,일반판매,기타육류·육류가공식품,품질(물품/용역)
2024021108,2024-04-19,남자,20 - 29세,경기도,일반판매,수영장회원권,계약해제.해지/위약금
2024021109,2024-04-19,여자,40 - 49세,부산광역시,일반판매,소파,품질(물품/용역)
2024021110,2024-04-19,남자,30 - 39세,서울특별시,방문판매,포장이사운송서비스,계약불이행(불완전이행)
2024021111,2024-04-19,여자,40 - 49세,경기도,일반판매,사진촬영,계약해제.해지/위약금
2024021112,2024-04-19,여자,50 - 59세,경기도,일반판매,정수기대여(렌트),AS불만
2024021113,2024-04-19,여자,40 - 49세,제주도,국내온라인거래,지갑,부당행위
2024021114,2024-04-19,남자,40 - 49세,부산광역시,기타,기타일반화장품,청약철회
2024021115,2024-04-19,여자,30 - 39세,서울특별시,일반판매,국내결혼중개,계약해제.해지/위약금
2024021116,2024-04-19,여자,40 - 49세,경기도,국내온라인거래,국외여행,계약해제.해지/위약금
2024021117,2024-04-19,여자,50 - 59세,서울특별시,일반판매,핸드백,계약해제.해지/위약금
2024021118,2024-04-19,여자,40 - 49세,경상남도,국내온라인거래,기타가구,청약철회
2024021119,2024-04-19,여자,50 - 59세,경기도,TV홈쇼핑,기타조리기기·기구,청약철회
2024021120,2024-04-19,여자,20 - 29세,서울특별시,일반판매,미용서비스,품질(물품/용역)
2024021121,2024-04-19,여자,40 - 49세,경기도,국내온라인거래,점퍼·재킷류,청약철회
2024021122,2024-04-19,여자,40 - 49세,서울특별시,국내온라인거래,기타숙박시설,계약해제.해지/위약금
2024021123,2024-04-19,여자,10세 미만,서울특별시,일반판매,피부·체형관리서비스,계약해제.해지/위약금
2024021124,2024-04-19,여자,30 - 39세,서울특별시,국내온라인거래,전화교육,청약철회
2024021125,2024-04-19,여자,30 - 39세,부산광역시,일반판매,기타인테리어설비,계약불이행(불완전이행)
2024021126,2024-04-19,여자,30 - 39세,경상북도,일반판매,원피스,품질(물품/용역)
2024021127,2024-04-19,여자,30 - 39세,경기도,일반판매,애완견,품질(물품/용역)
2024021128,2024-04-19,여자,30 - 39세,경기도,일반판매,기타신사복세트,품질(물품/용역)
2024021129,2024-04-19,남자,30 - 39세,인천광역시,기타,예식서비스,계약해제.해지/위약금
2024021130,2024-04-19,여자,30 - 39세,인천광역시,국제온라인거래,점퍼·재킷류,계약불이행(불완전이행)
2024021131,2024-04-19,여자,40 - 49세,대구광역시,국내온라인거래,보석·귀금속,품질(물품/용역)
2024021132,2024-04-19,남자,30 - 39세,경기도,기타통신판매,통신기기주변장치,AS불만
2024021133,2024-04-19,남자,50 - 59세,서울특별시,국내온라인거래,의자,품질(물품/용역)
2024021134,2024-04-19,여자,40 - 49세,경기도,일반판매,캐주얼바지,품질(물품/용역)
2024021135,2024-04-19,남자,20 - 29세,전라북도,국내온라인거래,인터넷교육서비스,계약불이행(불완전이행)
2024021136,2024-04-19,남자,30 - 39세,광주광역시,일반판매,시스템에어컨,품질(물품/용역)
2024021137,2024-04-19,여자,50 - 59세,서울특별시,소셜커머스(쇼핑),가축사료,품질(물품/용역)
2024021138,2024-04-19,여자,30 - 39세,인천광역시,국내온라인거래,스커트,청약철회
2024021139,2024-04-19,남자,40 - 49세,서울특별시,국내온라인거래,선풍기,AS불만
2024021140,2024-04-19,남자,50 - 59세,울산광역시,일반판매,기타부동산임대차,부당행위
2024021141,2024-04-19,남자,30 - 39세,경기도,국내온라인거래,헤드폰·이어폰,청약철회
2024021142,2024-04-19,남자,20 - 29세,경기도,일반판매,헬스장,계약해제.해지/위약금
2024021143,2024-04-19,남자,40 - 49세,경상남도,기타,스마트폰,계약불이행(불완전이행)
2024021144,2024-04-19,남자,30 - 39세,서울특별시,기타,인터넷게임서비스,청약철회
2024021145,2024-04-19,여자,30 - 39세,경기도,국내온라인거래,양복(서양식 의복)세탁,청약철회
2024021146,2024-04-19,남자,30 - 39세,경기도,일반판매,항공여객운송서비스,계약불이행(불완전이행)
2024021147,2024-04-19,남자,40 - 49세,서울특별시,일반판매,헬스장,계약해제.해지/위약금
2024021148,2024-04-19,남자,50 - 59세,세종특별자치시,전화권유판매,스마트폰,계약불이행(불완전이행)
2024021149,2024-04-19,여자,20 - 29세,충청남도,국내온라인거래,부업알선,단순문의.상담
2024021150,2024-04-19,남자,30 - 39세,서울특별시,일반판매,종합체육시설회원권,계약해제.해지/위약금
2024021151,2024-04-19,여자,20 - 29세,대구광역시,국내온라인거래,항공화물운송서비스,계약해제.해지/위약금
2024021152,2024-04-19,여자,20 - 29세,부산광역시,일반판매,필라테스,계약해제.해지/위약금
2024021153,2024-04-19,여자,30 - 39세,경기도,국내온라인거래,기타유아용식생활용품,청약철회
2024021154,2024-04-19,남자,40 - 49세,경기도,국제온라인거래,호텔,계약해제.해지/위약금
2024021155,2024-04-19,여자,30 - 39세,서울특별시,일반판매,필라테스,계약해제.해지/위약금
2024021156,2024-04-19,남자,30 - 39세,경기도,일반판매,포장이사운송서비스,품질(물품/용역)
2024021157,2024-04-19,여자,20 - 29세,인천광역시,모바일거래,건물청소서비스,계약불이행(불완전이행)
2024021158,2024-04-19,여자,30 - 39세,제주도,일반판매,예식서비스,계약해제.해지/위약금
2024021159,2024-04-19,여자,20 - 29세,경기도,기타,기타숙박시설,계약해제.해지/위약금
2024021160,2024-04-19,여자,50 - 59세,경기도,일반판매,정수기대여(렌트),계약불이행(불완전이행)
2024021161,2024-04-19,여자,60 - 64세,대전광역시,TV홈쇼핑,LED마스크,계약해제.해지/위약금
2024021162,2024-04-19,남자,40 - 49세,대전광역시,일반판매,기타일반화장품,품질(물품/용역)
2024021163,2024-04-19,여자,10 - 19세,경기도,일반판매,헬스장,계약해제.해지/위약금
2024021164,2024-04-19,여자,30 - 39세,경기도,일반판매,예식서비스,계약해제.해지/위약금
2024021165,2024-04-19,여자,40 - 49세,경기도,방문판매,이동전화서비스,계약해제.해지/위약금
2024021166,2024-04-19,남자,30 - 39세,경상남도,일반판매,예식서비스,계약해제.해지/위약금
2024021167,2024-04-19,여자,20 - 29세,경상북도,기타,기타통신기기,무능력자계약
2024021168,2024-04-19,남자,50 - 59세,서울특별시,모바일거래,국외여행,계약해제.해지/위약금
2024021169,2024-04-19,여자,50 - 59세,인천광역시,모바일거래,이동전화서비스,부당행위
2024021170,2024-04-19,여자,40 - 49세,인천광역시,국내온라인거래,효소함유제품,표시.광고
2024021171,2024-04-19,여자,30 - 39세,부산광역시,일반판매,인터넷교육서비스,계약해제.해지/위약금
2024021172,2024-04-19,여자,40 - 49세,경기도,일반판매,요가,계약해제.해지/위약금
2024021173,2024-04-19,여자,30 - 39세,서울특별시,국내온라인거래,기타간편복,청약철회
2024021174,2024-04-19,남자,50 - 59세,충청북도,전화권유판매,기타정보이용서비스,계약불이행(불완전이행)
2024021175,2024-04-19,여자,30 - 39세,서울특별시,국내온라인거래,기타세탁서비스,계약불이행(불완전이행)
2024021176,2024-04-19,남자,30 - 39세,인천광역시,방문판매,정수기대여(렌트),부당행위
2024021177,2024-04-19,여자,30 - 39세,경기도,방문판매,여성용한복,청약철회
2024021178,2024-04-19,여자,40 - 49세,광주광역시,기타통신판매,통신기기주변장치,계약해제.해지/위약금
2024021179,2024-04-19,남자,30 - 39세,인천광역시,일반판매,애완견,품질(물품/용역)
2024021180,2024-04-19,남자,30 - 39세,인천광역시,TV홈쇼핑,전기진공청소기,품질(물품/용역)
2024021181,2024-04-19,남자,30 - 39세,인천광역시,기타,헬스장,계약해제.해지/위약금
2024021182,2024-04-19,남자,30 - 39세,제주도,전화권유판매,헬스장,계약해제.해지/위약금
2024021183,2024-04-19,여자,40 - 49세,경상남도,모바일거래,보석·귀금속,품질(물품/용역)
2024021184,2024-04-19,남자,30 - 39세,광주광역시,일반판매,이동전화서비스,품질(물품/용역)
2024021185,2024-04-19,여자,30 - 39세,경기도,다단계판매,외국어강습,계약해제.해지/위약금
2024021186,2024-04-19,여자,30 - 39세,인천광역시,방문판매,상품권,부당행위
2024021187,2024-04-19,남자,20 - 29세,경기도,일반판매,헬스장,계약해제.해지/위약금
2024020954,2024-04-19,남자,60 - 64세,강원특별자치도,TV홈쇼핑,정수기대여(렌트),계약불이행(불완전이행)
2024020943,2024-04-19,남자,10 - 19세,광주광역시,일반판매,자동차수리·점검,품질(물품/용역)
2024020955,2024-04-19,여자,30 - 39세,충청북도,일반판매,미용서비스,계약해제.해지/위약금
2024021038,2024-04-19,여자,60 - 64세,인천광역시,일반판매,건강(암·기타질병)보험,계약불이행(불완전이행)
2024020990,2024-04-19,남자,60 - 64세,서울특별시,일반판매,치과,계약해제.해지/위약금
2024021004,2024-04-19,남자,65 - 69세,부산광역시,일반판매,외식,AS불만
2024020949,2024-04-19,남자,70 - 79세,경상남도,일반판매,건강(암·기타질병)보험,계약불이행(불완전이행)
2024020960,2024-04-19,남자,40 - 49세,경기도,모바일거래,유사투자자문,계약해제.해지/위약금
2024020961,2024-04-19,남자,20 - 29세,인천광역시,일반판매,기타문화·오락시설이용,계약해제.해지/위약금
2024021028,2024-04-19,여자,40 - 49세,경기도,일반판매,기타세탁서비스,품질(물품/용역)
2024021041,2024-04-19,여자,불명,대구광역시,일반판매,건물청소서비스,계약불이행(불완전이행)
2024021047,2024-04-19,여자,40 - 49세,서울특별시,일반판매,포장이사운송서비스,품질(물품/용역)
2024021188,2024-04-19,여자,30 - 39세,서울특별시,기타,미용서비스,품질(물품/용역)
2024021189,2024-04-19,여자,20 - 29세,대구광역시,일반판매,필라테스,계약해제.해지/위약금
2024021190,2024-04-19,남자,50 - 59세,경기도,일반판매,김치냉장고,AS불만
2024021191,2024-04-19,여자,20 - 29세,서울특별시,전화권유판매,인터넷교육서비스,계약해제.해지/위약금
2024021192,2024-04-19,여자,30 - 39세,서울특별시,국내온라인거래,기타건강식품,안전(제품/시설)
2024020781,2024-04-19,여자,20 - 29세,서울특별시,일반판매,양복(서양식 의복)세탁,품질(물품/용역)
2024019161,2024-04-19,여자,50 - 59세,서울특별시,일반판매,점퍼·재킷류,품질(물품/용역)
2024019609,2024-04-19,여자,20 - 29세,경기도,국내온라인거래,기타의류·섬유,계약불이행(불완전이행)
2024020992,2024-04-19,여자,65 - 69세,경기도,일반판매,기타회원권,계약해제.해지/위약금
2024021011,2024-04-19,여자,20 - 29세,전라남도,소셜커머스(쇼핑),숙녀화(구두·부츠 등),청약철회
2024021014,2024-04-19,남자,50 - 59세,경기도,일반판매,안마의자,안전(제품/시설)
2024020952,2024-04-19,여자,불명,대구광역시,국내온라인거래,전기장판,품질(물품/용역)
2024021329,2024-04-19,여자,40 - 49세,서울특별시,기타,택배화물운송서비스,부당행위
2024021045,2024-04-19,남자,40 - 49세,부산광역시,일반판매,기타목욕서비스,부당행위
2024020963,2024-04-19,남자,40 - 49세,경상남도,방문판매,포장이사운송서비스,품질(물품/용역)
2024020971,2024-04-19,남자,30 - 39세,서울특별시,일반판매,예식서비스,계약해제.해지/위약금
2024020977,2024-04-19,남자,40 - 49세,경기도,방문판매,콘도회원권,계약해제.해지/위약금
2024020129,2024-04-19,여자,65 - 69세,인천광역시,일반판매,양복(서양식 의복)세탁,품질(물품/용역)
2024021043,2024-04-19,여자,40 - 49세,경상남도,국내온라인거래,머플러,청약철회
2024021205,2024-04-20,남자,40 - 49세,서울특별시,일반판매,일반강습(입시학원등),계약해제.해지/위약금
2024021206,2024-04-20,남자,30 - 39세,대전광역시,기타통신판매,인터넷교육서비스,청약철회
2024021207,2024-04-20,여자,30 - 39세,서울특별시,일반판매,국내결혼중개,계약해제.해지/위약금
2024021208,2024-04-20,남자,40 - 49세,경기도,기타,기타인테리어설비,AS불만
2024021209,2024-04-20,여자,20 - 29세,서울특별시,일반판매,피부·체형관리서비스,계약해제.해지/위약금
2024021210,2024-04-20,남자,60 - 64세,경기도,기타,포장이사운송서비스,품질(물품/용역)
2024021211,2024-04-20,여자,30 - 39세,서울특별시,모바일거래,항공여객운송서비스,부당행위
2024021212,2024-04-20,남자,30 - 39세,경기도,일반판매,소파,청약철회
2024021213,2024-04-20,여자,20 - 29세,대전광역시,국내온라인거래,셔츠,청약철회
2024021214,2024-04-20,여자,20 - 29세,경상남도,일반판매,보석·귀금속,표시.광고
2024021215,2024-04-20,여자,30 - 39세,경기도,일반판매,미용서비스,계약불이행(불완전이행)
2024021216,2024-04-20,여자,30 - 39세,서울특별시,모바일거래,양복(서양식 의복)세탁,품질(물품/용역)
2024021217,2024-04-20,여자,30 - 39세,전라남도,국내온라인거래,기타미분류물품,품질(물품/용역)
2024021218,2024-04-20,남자,20 - 29세,충청남도,일반판매,헬스장,계약해제.해지/위약금
2024021219,2024-04-20,여자,60 - 64세,인천광역시,국내온라인거래,여성용내의류,청약철회
2024021220,2024-04-20,여자,30 - 39세,경기도,일반판매,양복(서양식 의복)세탁,품질(물품/용역)
2024021221,2024-04-20,여자,20 - 29세,서울특별시,모바일거래,원피스,이자.수수료
2024021201,2024-04-20,여자,65 - 69세,서울특별시,기타,정수기대여(렌트),품질(물품/용역)
2024021202,2024-04-20,남자,40 - 49세,충청북도,국내온라인거래,헤드폰·이어폰,부당행위
2024021203,2024-04-20,남자,50 - 59세,서울특별시,방문판매,기타사설강습서비스,계약해제.해지/위약금
2024021204,2024-04-20,여자,40 - 49세,경기도,일반판매,골프회원권,계약불이행(불완전이행)
2024021301,2024-04-21,여자,30 - 39세,경기도,국내온라인거래,스낵과자,부당행위
2024021302,2024-04-21,남자,30 - 39세,경기도,일반판매,헬스장,계약해제.해지/위약금
2024021303,2024-04-21,여자,50 - 59세,전라남도,일반판매,국외여행,계약불이행(불완전이행)
2024021304,2024-04-21,여자,50 - 59세,경상남도,일반판매,호텔,품질(물품/용역)
2024021305,2024-04-21,남자,20 - 29세,제주도,일반판매,여관(모텔),품질(물품/용역)
2024021306,2024-04-21,남자,60 - 64세,경상북도,소셜커머스(쇼핑),냉장고,품질(물품/용역)
2024021307,2024-04-21,여자,30 - 39세,서울특별시,일반판매,택배화물운송서비스,계약불이행(불완전이행)
2024021308,2024-04-21,남자,30 - 39세,부산광역시,국내온라인거래,스마트폰,품질(물품/용역)
2024021309,2024-04-21,남자,40 - 49세,경상남도,일반판매,기타인테리어설비,계약해제.해지/위약금
2024021310,2024-04-21,남자,40 - 49세,경기도,일반판매,애완고양이,계약불이행(불완전이행)
2024021311,2024-04-21,여자,50 - 59세,서울특별시,일반판매,기타인테리어설비,품질(물품/용역)
2024021312,2024-04-21,여자,30 - 39세,경기도,일반판매,포장이사운송서비스,계약해제.해지/위약금
2024021313,2024-04-21,여자,20 - 29세,인천광역시,일반판매,종합체육시설회원권,계약해제.해지/위약금
2024021314,2024-04-21,여자,50 - 59세,경기도,일반판매,점퍼·재킷류,청약철회
2024021315,2024-04-21,여자,30 - 39세,대구광역시,일반판매,건물청소서비스,계약불이행(불완전이행)
2024021316,2024-04-21,남자,30 - 39세,대구광역시,일반판매,사진촬영,계약해제.해지/위약금
2024021317,2024-04-21,여자,30 - 39세,서울특별시,일반판매,기타사설강습서비스,계약해제.해지/위약금
2024021318,2024-04-21,남자,50 - 59세,서울특별시,국제온라인거래,기타숙박시설,계약해제.해지/위약금
2024021319,2024-04-21,여자,30 - 39세,경기도,방문판매,피부·체형관리서비스,청약철회
2024021320,2024-04-21,여자,30 - 39세,서울특별시,국내온라인거래,기타수선·염색서비스,계약불이행(불완전이행)
2024021321,2024-04-21,남자,30 - 39세,서울특별시,국내온라인거래,양복(서양식 의복)세탁,계약불이행(불완전이행)
2024021322,2024-04-21,남자,30 - 39세,인천광역시,전화권유판매,기타매체광고,계약해제.해지/위약금
2024021323,2024-04-21,여자,20 - 29세,인천광역시,국제온라인거래,항공여객운송서비스,계약불이행(불완전이행)
2024021324,2024-04-21,여자,40 - 49세,서울특별시,국내온라인거래,호텔,계약해제.해지/위약금
2024021325,2024-04-21,남자,30 - 39세,서울특별시,국내온라인거래,택배화물운송서비스,계약불이행(불완전이행)
2024021326,2024-04-21,여자,60 - 64세,서울특별시,일반판매,기타음식관련서비스,품질(물품/용역)
2024021327,2024-04-21,여자,40 - 49세,경기도,일반판매,이동전화서비스,가격.요금
2024021328,2024-04-21,여자,30 - 39세,경기도,기타,건물청소서비스,계약불이행(불완전이행)
2024018919,2024-04-22,남자,65 - 69세,인천광역시,일반판매,운동화,품질(물품/용역)
2024018913,2024-04-22,여자,40 - 49세,경기도,일반판매,숙녀화(구두·부츠 등),품질(물품/용역)
2024018915,2024-04-22,남자,50 - 59세,충청북도,일반판매,운동화,품질(물품/용역)
2024021341,2024-04-22,여자,40 - 49세,서울특별시,국내온라인거래,기타간편복,청약철회
2024021344,2024-04-22,남자,30 - 39세,인천광역시,일반판매,대형승용자동차,계약불이행(불완전이행)
2024021351,2024-04-22,남자,30 - 39세,충청남도,국내온라인거래,기타스포츠·레저기구·용품,청약철회
2024021362,2024-04-22,여자,30 - 39세,충청남도,국내온라인거래,샌들·슬리퍼,품질(물품/용역)
2024021363,2024-04-22,남자,40 - 49세,서울특별시,일반판매,건강(암·기타질병)보험,부당행위
2024021475,2024-04-22,남자,40 - 49세,서울특별시,기타통신판매,음식물처리기대여(렌트),AS불만
2024021476,2024-04-22,남자,60 - 64세,서울특별시,일반판매,헬스장,계약해제.해지/위약금
2024021477,2024-04-22,여자,30 - 39세,서울특별시,일반판매,결혼준비대행서비스,계약해제.해지/위약금
2024021478,2024-04-22,여자,30 - 39세,인천광역시,모바일거래,모바일정보이용서비스,청약철회
2024021479,2024-04-22,여자,30 - 39세,서울특별시,기타통신판매,기타미분류서비스,청약철회
2024021480,2024-04-22,남자,30 - 39세,충청북도,국내온라인거래,인터넷게임서비스,부당행위
2024021481,2024-04-22,여자,30 - 39세,대전광역시,일반판매,전기세탁기,계약불이행(불완전이행)
2024021482,2024-04-22,남자,30 - 39세,경기도,국내온라인거래,항공여객운송서비스,계약불이행(불완전이행)
2024021483,2024-04-22,여자,20 - 29세,경기도,방문판매,콘도회원권,청약철회
2024021484,2024-04-22,남자,30 - 39세,부산광역시,국내온라인거래,인터넷게임서비스,부당행위
2024021485,2024-04-22,남자,40 - 49세,대구광역시,전화권유판매,기타매체광고,계약불이행(불완전이행)
2024021486,2024-04-22,여자,40 - 49세,서울특별시,기타,필라테스,계약해제.해지/위약금
2024021487,2024-04-22,남자,30 - 39세,경기도,기타,인터넷게임서비스,청약철회
2024021488,2024-04-22,여자,40 - 49세,경기도,일반판매,일반강습(입시학원등),청약철회
2024021489,2024-04-22,여자,40 - 49세,대구광역시,일반판매,소파,품질(물품/용역)
2024021490,2024-04-22,여자,40 - 49세,경기도,기타,학습지,계약해제.해지/위약금
2024021342,2024-04-22,여자,30 - 39세,부산광역시,일반판매,항공여객운송서비스,품질(물품/용역)
2024021347,2024-04-22,여자,20 - 29세,경상북도,국내온라인거래,건물청소서비스,계약불이행(불완전이행)
2024021364,2024-04-22,남자,65 - 69세,경기도,일반판매,전기압력밥솥,품질(물품/용역)
2024021491,2024-04-22,여자,50 - 59세,경기도,기타,욕실설비,계약불이행(불완전이행)
2024021492,2024-04-22,여자,40 - 49세,경기도,일반판매,정수기대여(렌트),품질(물품/용역)
2024021493,2024-04-22,남자,30 - 39세,경기도,국내온라인거래,텐트,품질(물품/용역)
2024021494,2024-04-22,남자,30 - 39세,전라남도,국내온라인거래,기타보건·위생용품,청약철회
2024021495,2024-04-22,남자,30 - 39세,경기도,국내온라인거래,일반이사운송서비스,품질(물품/용역)
2024021496,2024-04-22,여자,40 - 49세,전라북도,방문판매,보석·귀금속,청약철회
2024021497,2024-04-22,여자,50 - 59세,경상남도,국내온라인거래,기타인테리어설비,계약불이행(불완전이행)
2024021498,2024-04-22,여자,30 - 39세,경기도,국내온라인거래,기타가사용품,품질(물품/용역)
2024021499,2024-04-22,여자,20 - 29세,경기도,기타,양복(서양식 의복)세탁,계약불이행(불완전이행)
2024021500,2024-04-22,남자,20 - 29세,경기도,국제온라인거래,호텔,계약해제.해지/위약금
2024021501,2024-04-22,남자,30 - 39세,서울특별시,기타통신판매,이동전화서비스,가격.요금
2024021502,2024-04-22,남자,30 - 39세,부산광역시,일반판매,룸에어컨,품질(물품/용역)
2024021503,2024-04-22,남자,30 - 39세,충청북도,국내온라인거래,모바일게임서비스,계약해제.해지/위약금
2024021504,2024-04-22,여자,30 - 39세,경기도,모바일거래,"OTT서비스(넷플릭스,왓챠 등)",계약해제.해지/위약금
2024021505,2024-04-22,여자,20 - 29세,서울특별시,모바일거래,사진촬영,청약철회
2024021506,2024-04-22,남자,30 - 39세,경기도,일반판매,기타세탁서비스,계약불이행(불완전이행)
2024021507,2024-04-22,여자,30 - 39세,인천광역시,국내온라인거래,셔츠,청약철회
2024021508,2024-04-22,여자,20 - 29세,경기도,일반판매,신발세탁,품질(물품/용역)
2024021509,2024-04-22,여자,30 - 39세,경기도,방문판매,헬스장,계약해제.해지/위약금
2024021510,2024-04-22,여자,30 - 39세,대전광역시,국제온라인거래,항공여객운송서비스,계약해제.해지/위약금
2024021511,2024-04-22,여자,30 - 39세,경기도,일반판매,외식,부당행위
2024021512,2024-04-22,남자,30 - 39세,부산광역시,기타,모바일정보이용서비스,계약해제.해지/위약금
2024021513,2024-04-22,남자,40 - 49세,경기도,기타,기타미분류서비스,계약해제.해지/위약금
2024021514,2024-04-22,여자,20 - 29세,경상북도,일반판매,골프회원권,계약해제.해지/위약금
2024021515,2024-04-22,여자,40 - 49세,전라남도,일반판매,정수기대여(렌트),가격.요금
2024021516,2024-04-22,남자,40 - 49세,대구광역시,기타통신판매,소파,청약철회
2024021517,2024-04-22,여자,20 - 29세,서울특별시,국내온라인거래,단행본,청약철회
2024021518,2024-04-22,여자,20 - 29세,경기도,일반판매,필라테스,계약해제.해지/위약금
2024021519,2024-04-22,여자,40 - 49세,서울특별시,일반판매,기타법률서비스,계약해제.해지/위약금
2024021520,2024-04-22,남자,50 - 59세,강원특별자치도,국내온라인거래,기타식생활기기,품질(물품/용역)
2024021521,2024-04-22,여자,50 - 59세,인천광역시,일반판매,학습지,계약해제.해지/위약금
2024021522,2024-04-22,남자,30 - 39세,충청남도,국내온라인거래,인터넷정보이용서비스,청약철회
2024021523,2024-04-22,남자,40 - 49세,경기도,국내온라인거래,액정보호필름,청약철회
2024021524,2024-04-22,남자,40 - 49세,부산광역시,일반판매,타이어,부당행위
2024021525,2024-04-22,남자,40 - 49세,서울특별시,기타,기타매체광고,계약해제.해지/위약금
2024021330,2024-04-22,여자,50 - 59세,경기도,기타,이동전화서비스,계약불이행(불완전이행)
2024021526,2024-04-22,남자,40 - 49세,경상남도,일반판매,공기청정기대여(렌트),계약해제.해지/위약금
2024021527,2024-04-22,남자,65 - 69세,서울특별시,기타통신판매,국외여행,계약해제.해지/위약금
2024021528,2024-04-22,여자,50 - 59세,충청남도,국내온라인거래,보석·귀금속,청약철회
2024021529,2024-04-22,여자,20 - 29세,서울특별시,일반판매,사진촬영,품질(물품/용역)
2024021530,2024-04-22,남자,40 - 49세,충청남도,방문판매,홍삼제품,청약철회
2024021531,2024-04-22,여자,40 - 49세,부산광역시,소셜커머스(쇼핑),항공여객운송서비스,청약철회
2024021532,2024-04-22,여자,30 - 39세,대구광역시,방문판매,결혼준비대행서비스,계약해제.해지/위약금
2024021533,2024-04-22,남자,40 - 49세,서울특별시,소셜커머스(쇼핑),돼지고기포장육,품질(물품/용역)
2024021534,2024-04-22,남자,30 - 39세,경기도,소셜커머스(쇼핑),펜션,계약불이행(불완전이행)
2024021535,2024-04-22,남자,20 - 29세,경기도,방문판매,시계부품·용품,부당행위
2024021536,2024-04-22,남자,30 - 39세,경기도,국내온라인거래,조립완구,계약불이행(불완전이행)
2024021537,2024-04-22,여자,20 - 29세,경상북도,소셜커머스(쇼핑),이불·침대커버,계약불이행(불완전이행)
2024021538,2024-04-22,여자,40 - 49세,서울특별시,일반판매,이동전화서비스,가격.요금
2024021539,2024-04-22,여자,20 - 29세,경기도,국내온라인거래,호텔,계약해제.해지/위약금
2024021540,2024-04-22,여자,60 - 64세,서울특별시,일반판매,기타의류·섬유,청약철회
2024021541,2024-04-22,여자,40 - 49세,경기도,일반판매,기타서적음반류,청약철회
2024021542,2024-04-22,여자,30 - 39세,경기도,방문판매,헬스장,계약해제.해지/위약금
2024021543,2024-04-22,남자,20 - 29세,경기도,모바일거래,호텔,계약불이행(불완전이행)
2024021544,2024-04-22,여자,20 - 29세,충청남도,일반판매,헬스장,계약해제.해지/위약금
2024021545,2024-04-22,여자,30 - 39세,경기도,일반판매,헬스장,계약해제.해지/위약금
2024021546,2024-04-22,남자,50 - 59세,경기도,기타,택배화물운송서비스,계약불이행(불완전이행)
2024021547,2024-04-22,남자,40 - 49세,경기도,기타,환풍기,AS불만
2024021548,2024-04-22,남자,30 - 39세,경상남도,일반판매,사진촬영,이자.수수료
2024021549,2024-04-22,여자,30 - 39세,울산광역시,국내온라인거래,기타의류·섬유,청약철회
2024021550,2024-04-22,여자,20 - 29세,경기도,방문판매,기타의류·섬유,청약철회
2024021551,2024-04-22,남자,30 - 39세,경기도,국내온라인거래,자동차대여(렌트),계약해제.해지/위약금
2024021552,2024-04-22,여자,20 - 29세,서울특별시,일반판매,가발,계약불이행(불완전이행)
2024021553,2024-04-22,남자,50 - 59세,경기도,일반판매,향수,품질(물품/용역)
2024021554,2024-04-22,여자,40 - 49세,서울특별시,일반판매,가구세트,계약불이행(불완전이행)
2024021555,2024-04-22,여자,20 - 29세,서울특별시,국제온라인거래,장난감총,품질(물품/용역)
2024021556,2024-04-22,남자,30 - 39세,대구광역시,기타,유선방송,품질(물품/용역)
2024021557,2024-04-22,남자,40 - 49세,경기도,일반판매,택배화물운송서비스,계약불이행(불완전이행)
2024021558,2024-04-22,여자,30 - 39세,경기도,소셜커머스(쇼핑),시계,부당행위
2024021559,2024-04-22,남자,40 - 49세,경기도,방문판매,포장이사운송서비스,계약해제.해지/위약금
2024021560,2024-04-22,여자,30 - 39세,경기도,국내온라인거래,보석·귀금속,청약철회
2024021561,2024-04-22,남자,30 - 39세,서울특별시,일반판매,예식서비스,계약해제.해지/위약금
2024021562,2024-04-22,남자,30 - 39세,광주광역시,일반판매,IPTV,계약해제.해지/위약금
2024021563,2024-04-22,여자,40 - 49세,서울특별시,기타통신판매,각종공연관람,부당행위
2024021564,2024-04-22,여자,30 - 39세,부산광역시,일반판매,건물청소서비스,계약불이행(불완전이행)
2024021565,2024-04-22,여자,40 - 49세,경기도,기타,학습지,계약해제.해지/위약금
2024021566,2024-04-22,여자,20 - 29세,경기도,국내온라인거래,기타의류·섬유,청약철회
2024021366,2024-04-22,남자,30 - 39세,경기도,기타통신판매,예식서비스,계약해제.해지/위약금
2024021368,2024-04-22,남자,40 - 49세,인천광역시,국내온라인거래,항공여객운송서비스,계약불이행(불완전이행)
2024021412,2024-04-22,남자,30 - 39세,경기도,일반판매,헬스장,계약해제.해지/위약금
2024017921,2024-04-22,남자,60 - 64세,경상북도,일반판매,운동화,품질(물품/용역)
2024018918,2024-04-22,여자,30 - 39세,충청북도,일반판매,운동화,품질(물품/용역)
2024021358,2024-04-22,남자,40 - 49세,경기도,소셜커머스(쇼핑),보조배터리,표시.광고
2024021401,2024-04-22,여자,불명,경기도,일반판매,테니스장스쿼시회원권,계약해제.해지/위약금
2024021473,2024-04-22,여자,70 - 79세,경기도,일반판매,국내결혼중개,계약해제.해지/위약금
2024017925,2024-04-22,남자,40 - 49세,경기도,일반판매,신사화(구두·부츠 등),품질(물품/용역)
2024018561,2024-04-22,남자,60 - 64세,경기도,일반판매,전문스포츠화(축구화·골프화 등),품질(물품/용역)
2024018566,2024-04-22,여자,30 - 39세,경기도,국내온라인거래,숙녀화(구두·부츠 등),품질(물품/용역)
2024021340,2024-04-22,여자,20 - 29세,서울특별시,일반판매,헬스장,계약해제.해지/위약금
2024021343,2024-04-22,여자,50 - 59세,인천광역시,국내온라인거래,헤어드라이어,품질(물품/용역)
2024021367,2024-04-22,여자,40 - 49세,경기도,일반판매,기타인터넷기반서비스,계약불이행(불완전이행)
2024021371,2024-04-22,남자,30 - 39세,인천광역시,일반판매,헬스장,계약해제.해지/위약금
2024021409,2024-04-22,남자,50 - 59세,대전광역시,국내온라인거래,음식물처리기,품질(물품/용역)
2024021411,2024-04-22,남자,60 - 64세,서울특별시,일반판매,아파트,AS불만
2024021419,2024-04-22,남자,30 - 39세,서울특별시,국내온라인거래,낚시용품,청약철회
2024021449,2024-04-22,여자,20 - 29세,서울특별시,일반판매,헬스장,계약해제.해지/위약금
2024021450,2024-04-22,여자,65 - 69세,서울특별시,국내온라인거래,LED마스크,청약철회
2024021456,2024-04-22,여자,40 - 49세,경기도,방문판매,마사지류,계약해제.해지/위약금
2024021465,2024-04-22,여자,40 - 49세,서울특별시,일반판매,피부과,품질(물품/용역)
2024021361,2024-04-22,남자,40 - 49세,인천광역시,기타통신판매,사진촬영,청약철회
2024021392,2024-04-22,여자,40 - 49세,부산광역시,국내온라인거래,비타민제,청약철회
2024021395,2024-04-22,남자,70 - 79세,경기도,일반판매,전기자전거,AS불만
2024021413,2024-04-22,남자,40 - 49세,경기도,기타,정수기대여(렌트),계약해제.해지/위약금
2024021415,2024-04-22,남자,불명,서울특별시,소셜커머스(쇼핑),헤드폰·이어폰,청약철회
2024021442,2024-04-22,여자,40 - 49세,서울특별시,국내온라인거래,국외여행,계약불이행(불완전이행)
2024021471,2024-04-22,남자,20 - 29세,강원특별자치도,일반판매,기타미분류서비스,품질(물품/용역)
2024021346,2024-04-22,여자,60 - 64세,경기도,기타통신판매,펜션,계약해제.해지/위약금
2024021356,2024-04-22,남자,30 - 39세,충청북도,일반판매,예식서비스,계약해제.해지/위약금
2024021373,2024-04-22,남자,40 - 49세,대전광역시,국내온라인거래,기타책상·테이블류,계약해제.해지/위약금
2024021431,2024-04-22,여자,20 - 29세,서울특별시,방문판매,기타이·미용서비스,거래관행
2024021386,2024-04-22,여자,50 - 59세,전라남도,일반판매,기타여행,계약해제.해지/위약금
2024021390,2024-04-22,남자,50 - 59세,전라남도,일반판매,기타여행,계약해제.해지/위약금
2024021445,2024-04-22,여자,30 - 39세,부산광역시,일반판매,아동복,품질(물품/용역)
2024021428,2024-04-22,여자,65 - 69세,강원특별자치도,일반판매,전기배선,AS불만
2024021446,2024-04-22,남자,70 - 79세,서울특별시,일반판매,김치냉장고,계약불이행(불완전이행)
2024021375,2024-04-22,남자,30 - 39세,서울특별시,일반판매,항공여객운송서비스,청약철회
2024021379,2024-04-22,여자,50 - 59세,대전광역시,국내온라인거래,게,계약불이행(불완전이행)
2024021387,2024-04-22,여자,60 - 64세,인천광역시,일반판매,건강(암·기타질병)보험,계약불이행(불완전이행)
2024021331,2024-04-22,여자,40 - 49세,인천광역시,일반판매,헬스장,청약철회
2024021339,2024-04-22,여자,60 - 64세,대구광역시,TV홈쇼핑,온풍기,계약해제.해지/위약금
2024021337,2024-04-22,남자,50 - 59세,서울특별시,일반판매,자동차대여(렌트),가격.요금
2024021369,2024-04-22,여자,50 - 59세,서울특별시,기타통신판매,압력솥,AS불만
2024021394,2024-04-22,남자,30 - 39세,경기도,기타,실손보험,계약해제.해지/위약금
2024021408,2024-04-22,여자,40 - 49세,경기도,국내온라인거래,국내여행,계약해제.해지/위약금
2024021461,2024-04-22,남자,30 - 39세,부산광역시,일반판매,중형승용자동차,품질(물품/용역)
2024021467,2024-04-22,여자,30 - 39세,대구광역시,방문판매,필라테스,계약해제.해지/위약금
2024021468,2024-04-22,남자,20 - 29세,서울특별시,일반판매,헬스장,계약해제.해지/위약금
2024021469,2024-04-22,여자,30 - 39세,서울특별시,국내온라인거래,기타교육서비스,계약해제.해지/위약금
2024021474,2024-04-22,여자,30 - 39세,대전광역시,모바일거래,모바일게임서비스,계약해제.해지/위약금
2024018120,2024-04-22,남자,40 - 49세,경상남도,일반판매,생활패션화(슬립온·아쿠아슈즈·장화·작업화 등),품질(물품/용역)
2024021354,2024-04-22,여자,30 - 39세,경상남도,국내온라인거래,통신기기주변장치,품질(물품/용역)
2024021377,2024-04-22,남자,40 - 49세,전라남도,일반판매,기타여행,계약해제.해지/위약금
2024021380,2024-04-22,여자,20 - 29세,경기도,일반판매,헬스장,계약해제.해지/위약금
2024021385,2024-04-22,남자,40 - 49세,전라남도,일반판매,기타여행,계약해제.해지/위약금
2024021388,2024-04-22,남자,40 - 49세,전라남도,일반판매,기타여행,계약해제.해지/위약금
2024021457,2024-04-22,남자,40 - 49세,서울특별시,기타통신판매,기타알선·중개·번역서비스,계약불이행(불완전이행)
2024021336,2024-04-22,여자,50 - 59세,대구광역시,일반판매,자동차수리·점검,품질(물품/용역)
2024021345,2024-04-22,남자,60 - 64세,서울특별시,전화권유판매,유사투자자문,계약해제.해지/위약금
2024021350,2024-04-22,여자,10 - 19세,인천광역시,일반판매,헬스장,계약해제.해지/위약금
2024021357,2024-04-22,여자,30 - 39세,서울특별시,국내온라인거래,신유형상품권,계약불이행(불완전이행)
2024021353,2024-04-22,여자,50 - 59세,서울특별시,일반판매,중형승용자동차,품질(물품/용역)
2024021355,2024-04-22,남자,50 - 59세,경상남도,국내온라인거래,전기충전기,안전(제품/시설)
2024021360,2024-04-22,여자,10 - 19세,서울특별시,모바일거래,헬스장,계약해제.해지/위약금
2024021370,2024-04-22,남자,30 - 39세,충청북도,기타통신판매,중고전자제품매매업,청약철회
2024021372,2024-04-22,여자,30 - 39세,부산광역시,국제온라인거래,기타숙박시설,계약해제.해지/위약금
2024021384,2024-04-22,여자,20 - 29세,경기도,일반판매,필라테스,계약불이행(불완전이행)
2024021389,2024-04-22,남자,50 - 59세,전라남도,일반판매,기타여행,계약해제.해지/위약금
2024021391,2024-04-22,남자,40 - 49세,전라남도,일반판매,기타여행,계약해제.해지/위약금
2024021398,2024-04-22,남자,60 - 64세,경기도,일반판매,자동차수리·점검,품질(물품/용역)
2024021402,2024-04-22,남자,30 - 39세,경기도,모바일거래,자동차주유,계약해제.해지/위약금
2024021406,2024-04-22,남자,50 - 59세,대구광역시,일반판매,기타가구,계약불이행(불완전이행)
2024021418,2024-04-22,여자,10 - 19세,인천광역시,일반판매,이동전화서비스,계약해제.해지/위약금
2024021421,2024-04-22,남자,50 - 59세,부산광역시,국내온라인거래,항공여객운송서비스,청약철회
2024018133,2024-04-22,여자,50 - 59세,경기도,일반판매,운동화,품질(물품/용역)
2024021422,2024-04-22,여자,20 - 29세,서울특별시,모바일거래,기타미분류서비스,계약해제.해지/위약금
2024021426,2024-04-22,남자,40 - 49세,경기도,모바일거래,철도여객운송서비스,AS불만
2024021429,2024-04-22,남자,불명,부산광역시,국내온라인거래,기타보건·위생용품,계약해제.해지/위약금
2024021432,2024-04-22,여자,30 - 39세,대구광역시,방문판매,사진촬영,계약해제.해지/위약금
2024021464,2024-04-22,여자,30 - 39세,서울특별시,국제온라인거래,기타숙박시설,계약해제.해지/위약금
2024021443,2024-04-22,남자,60 - 64세,충청남도,기타,피부과,품질(물품/용역)
2024021444,2024-04-22,여자,40 - 49세,인천광역시,기타,내과,품질(물품/용역)
2024021454,2024-04-22,남자,30 - 39세,서울특별시,국내온라인거래,홍삼제품,계약불이행(불완전이행)
2024018571,2024-04-22,남자,50 - 59세,서울특별시,일반판매,생활패션화(슬립온·아쿠아슈즈·장화·작업화 등),품질(물품/용역)
2024017917,2024-04-22,남자,50 - 59세,경기도,일반판매,운동화,품질(물품/용역)
2024021403,2024-04-22,남자,50 - 59세,경상남도,모바일거래,정수기대여(렌트),계약불이행(불완전이행)
2024021404,2024-04-22,여자,80세이상,서울특별시,일반판매,신경과,품질(물품/용역)
2024021434,2024-04-22,여자,50 - 59세,광주광역시,일반판매,스프링매트리스,품질(물품/용역)
2024021460,2024-04-22,남자,20 - 29세,서울특별시,일반판매,피부과,계약해제.해지/위약금
2024021397,2024-04-22,여자,40 - 49세,전라남도,일반판매,대형승용자동차,품질(물품/용역)
2024021448,2024-04-22,남자,30 - 39세,경기도,방문판매,피부과,계약해제.해지/위약금
2024021332,2024-04-22,여자,60 - 64세,서울특별시,국내온라인거래,국외여행,품질(물품/용역)
2024021333,2024-04-22,남자,50 - 59세,경상남도,기타통신판매,기타자동차부품,청약철회
2024021334,2024-04-22,여자,40 - 49세,대구광역시,국내온라인거래,캐주얼바지,청약철회
2024021335,2024-04-22,여자,40 - 49세,대전광역시,일반판매,건강(암·기타질병)보험,계약불이행(불완전이행)
2024021393,2024-04-22,남자,65 - 69세,서울특별시,일반판매,신경외과,품질(물품/용역)
2024021399,2024-04-22,남자,30 - 39세,대구광역시,방문판매,침대,계약불이행(불완전이행)
2024021407,2024-04-22,여자,40 - 49세,서울특별시,일반판매,기타병·의원서비스,안전(제품/시설)
2024018122,2024-04-22,남자,50 - 59세,경기도,일반판매,신사화(구두·부츠 등),품질(물품/용역)
2024021439,2024-04-22,여자,불명,인천광역시,일반판매,홍삼제품,계약불이행(불완전이행)
2024021458,2024-04-22,남자,40 - 49세,경기도,국내온라인거래,TV,계약불이행(불완전이행)
2024021462,2024-04-22,여자,30 - 39세,경기도,국내온라인거래,기타의류·섬유,계약불이행(불완전이행)
2024021463,2024-04-22,남자,50 - 59세,서울특별시,일반판매,타이어,품질(물품/용역)
2024021470,2024-04-22,여자,20 - 29세,서울특별시,일반판매,요가,계약해제.해지/위약금
2024021410,2024-04-22,여자,20 - 29세,인천광역시,국내온라인거래,기타스포츠·레저기구·용품,계약해제.해지/위약금
2024021436,2024-04-22,남자,60 - 64세,인천광역시,기타,가스레인지,품질(물품/용역)
2024021437,2024-04-22,여자,20 - 29세,서울특별시,일반판매,필라테스,계약해제.해지/위약금
2024021440,2024-04-22,남자,50 - 59세,대구광역시,일반판매,자동차견인,가격.요금
2024021452,2024-04-22,여자,20 - 29세,서울특별시,국내온라인거래,기타숙박시설,계약해제.해지/위약금
2024021455,2024-04-22,남자,20 - 29세,경상남도,국내온라인거래,하드디스크드라이버,품질(물품/용역)
2024021435,2024-04-22,여자,30 - 39세,서울특별시,국내온라인거래,기타가방,청약철회
2024021441,2024-04-22,여자,40 - 49세,서울특별시,국내온라인거래,서랍장,청약철회
2024021451,2024-04-22,남자,30 - 39세,서울특별시,국내온라인거래,보석·귀금속,청약철회
2024018127,2024-04-22,남자,50 - 59세,대구광역시,국내온라인거래,운동화,품질(물품/용역)
2024017924,2024-04-22,여자,30 - 39세,전라남도,일반판매,운동화,품질(물품/용역)
2024018338,2024-04-22,여자,30 - 39세,대구광역시,일반판매,숙녀화(구두·부츠 등),품질(물품/용역)
2024018816,2024-04-22,남자,30 - 39세,경기도,국내온라인거래,전문스포츠화(축구화·골프화 등),품질(물품/용역)
2024018573,2024-04-22,여자,40 - 49세,경기도,일반판매,샌들·슬리퍼,품질(물품/용역)
2024021567,2024-04-23,남자,불명,대구광역시,기타,수도꼭지,품질(물품/용역)
2024021608,2024-04-23,여자,30 - 39세,서울특별시,국내온라인거래,아동복,품질(물품/용역)
2024021599,2024-04-23,남자,30 - 39세,인천광역시,일반판매,예식서비스,계약해제.해지/위약금
2024021642,2024-04-23,여자,20 - 29세,경기도,국내온라인거래,자동차수리·점검,AS불만
2024021654,2024-04-23,남자,30 - 39세,울산광역시,국내온라인거래,기타자동차용품,AS불만
2024021669,2024-04-23,남자,60 - 64세,서울특별시,일반판매,한방진료,계약해제.해지/위약금
2024021596,2024-04-23,남자,50 - 59세,인천광역시,국내온라인거래,전자담배,표시.광고
2024021605,2024-04-23,남자,30 - 39세,서울특별시,일반판매,헬스장,계약해제.해지/위약금
2024021624,2024-04-23,여자,30 - 39세,인천광역시,국내온라인거래,유아복,청약철회
2024021627,2024-04-23,남자,70 - 79세,충청남도,일반판매,정형외과,품질(물품/용역)
2024021676,2024-04-23,남자,65 - 69세,경기도,기타,실손보험,계약불이행(불완전이행)
2024021600,2024-04-23,여자,30 - 39세,경기도,국내온라인거래,항공여객운송서비스,계약해제.해지/위약금
2024021618,2024-04-23,남자,20 - 29세,서울특별시,국내온라인거래,기타숙박시설,청약철회
2024021626,2024-04-23,여자,50 - 59세,서울특별시,일반판매,일반이사운송서비스,이자.수수료
2024021633,2024-04-23,남자,40 - 49세,충청북도,국내온라인거래,자동차대여(렌트),부당행위
2024021766,2024-04-23,여자,40 - 49세,서울특별시,일반판매,전자담배,AS불만
2024021767,2024-04-23,여자,50 - 59세,서울특별시,일반판매,외식,부당행위
2024021768,2024-04-23,남자,60 - 64세,대구광역시,일반판매,오피스텔,AS불만
2024021769,2024-04-23,남자,40 - 49세,대전광역시,일반판매,기타식생활기기,단순문의.상담
2024021770,2024-04-23,여자,20 - 29세,경기도,기타,피부·체형관리서비스,계약해제.해지/위약금
2024021771,2024-04-23,남자,30 - 39세,서울특별시,소셜커머스(쇼핑),기타신변용품,품질(물품/용역)
2024021772,2024-04-23,여자,30 - 39세,경기도,방문판매,종합체육시설회원권,계약해제.해지/위약금
2024021694,2024-04-23,여자,40 - 49세,서울특별시,기타,양복(서양식 의복)세탁,계약불이행(불완전이행)
2024021695,2024-04-23,남자,30 - 39세,경기도,일반판매,외식,품질(물품/용역)
2024021696,2024-04-23,남자,30 - 39세,대구광역시,일반판매,헬스장,계약해제.해지/위약금
2024021697,2024-04-23,남자,20 - 29세,경기도,일반판매,애완동물기타,계약해제.해지/위약금
2024021698,2024-04-23,여자,40 - 49세,부산광역시,소셜커머스(쇼핑),기타과일·과일가공식품,표시.광고
2024021699,2024-04-23,여자,20 - 29세,서울특별시,일반판매,독서실이용,계약해제.해지/위약금
2024021700,2024-04-23,여자,30 - 39세,경기도,국내온라인거래,블라우스,청약철회
2024021701,2024-04-23,남자,20 - 29세,경기도,일반판매,기타세탁서비스,품질(물품/용역)
2024021702,2024-04-23,여자,30 - 39세,인천광역시,일반판매,국외여행,계약해제.해지/위약금
2024021703,2024-04-23,남자,20 - 29세,경기도,모바일거래,인터넷정보이용서비스,청약철회
2024021704,2024-04-23,남자,20 - 29세,서울특별시,국내온라인거래,인터넷정보이용서비스,계약불이행(불완전이행)
2024021705,2024-04-23,남자,20 - 29세,대구광역시,일반판매,헬스장,계약불이행(불완전이행)
2024021706,2024-04-23,남자,50 - 59세,전라북도,전화권유판매,기타회원권,계약해제.해지/위약금
2024021707,2024-04-23,남자,30 - 39세,전라남도,국내온라인거래,가스보일러,계약불이행(불완전이행)
2024021773,2024-04-23,여자,20 - 29세,인천광역시,일반판매,결혼준비대행서비스,계약해제.해지/위약금
2024021774,2024-04-23,남자,50 - 59세,경기도,국제온라인거래,공예품,품질(물품/용역)
2024021775,2024-04-23,남자,30 - 39세,서울특별시,기타,기타정보이용서비스,계약해제.해지/위약금
2024021776,2024-04-23,여자,30 - 39세,대구광역시,방문판매,가스보일러,가격.요금
2024021777,2024-04-23,남자,60 - 64세,경기도,일반판매,안마의자대여(렌트),안전(제품/시설)
2024021778,2024-04-23,여자,20 - 29세,서울특별시,일반판매,국내결혼중개,계약해제.해지/위약금
2024021779,2024-04-23,여자,30 - 39세,서울특별시,국내온라인거래,마사지류,안전(제품/시설)
2024021780,2024-04-23,여자,30 - 39세,강원특별자치도,기타통신판매,인터넷교육서비스,계약해제.해지/위약금
2024021781,2024-04-23,남자,30 - 39세,대구광역시,기타,레저시설이용,품질(물품/용역)
2024021782,2024-04-23,여자,30 - 39세,전라북도,국내온라인거래,샴푸,계약불이행(불완전이행)
2024021783,2024-04-23,남자,40 - 49세,부산광역시,일반판매,냉장고,품질(물품/용역)
2024021784,2024-04-23,여자,30 - 39세,대구광역시,방문판매,기타방문·통신교육서비스,계약해제.해지/위약금
2024021785,2024-04-23,남자,30 - 39세,대전광역시,일반판매,이동전화서비스,청약철회
2024021786,2024-04-23,여자,20 - 29세,인천광역시,전화권유판매,헬스장,계약해제.해지/위약금
2024021787,2024-04-23,여자,50 - 59세,부산광역시,일반판매,기타이동통신,계약해제.해지/위약금
2024021788,2024-04-23,여자,20 - 29세,대전광역시,방문판매,종합체육시설회원권,계약해제.해지/위약금
2024021789,2024-04-23,남자,20 - 29세,경기도,국내온라인거래,종합체육시설회원권,계약해제.해지/위약금
2024021790,2024-04-23,여자,30 - 39세,경기도,국내온라인거래,국내여행,계약해제.해지/위약금
2024021708,2024-04-23,남자,65 - 69세,서울특별시,국내온라인거래,CCTV,청약철회
2024021709,2024-04-23,여자,50 - 59세,경기도,국내온라인거래,당근,청약철회
2024021710,2024-04-23,남자,40 - 49세,경기도,전화권유판매,인터넷교육서비스,계약해제.해지/위약금
2024021711,2024-04-23,남자,40 - 49세,서울특별시,기타통신판매,모바일게임서비스,표시.광고
2024021712,2024-04-23,여자,40 - 49세,서울특별시,기타,각종자격취득강습,계약해제.해지/위약금
2024021713,2024-04-23,남자,20 - 29세,서울특별시,일반판매,헬스장,계약해제.해지/위약금
2024021714,2024-04-23,남자,30 - 39세,대구광역시,일반판매,안마의자대여(렌트),계약해제.해지/위약금
2024021715,2024-04-23,여자,30 - 39세,인천광역시,기타,사진촬영,계약해제.해지/위약금
2024021716,2024-04-23,여자,40 - 49세,서울특별시,모바일거래,영업용기계,계약불이행(불완전이행)
2024021717,2024-04-23,여자,20 - 29세,인천광역시,일반판매,필라테스,계약불이행(불완전이행)
2024021718,2024-04-23,여자,40 - 49세,인천광역시,국내온라인거래,항공여객운송서비스,계약해제.해지/위약금
2024021719,2024-04-23,남자,30 - 39세,서울특별시,일반판매,기타주택·건물,계약해제.해지/위약금
2024021720,2024-04-23,여자,40 - 49세,경기도,국내온라인거래,초음파방충기,계약불이행(불완전이행)
2024021721,2024-04-23,여자,30 - 39세,서울특별시,국내온라인거래,항공여객운송서비스,계약해제.해지/위약금
2024021722,2024-04-23,여자,20 - 29세,서울특별시,방문판매,헬스장,계약해제.해지/위약금
2024021723,2024-04-23,여자,50 - 59세,경기도,방문판매,필라테스,계약해제.해지/위약금
2024021724,2024-04-23,남자,30 - 39세,대전광역시,일반판매,헬스장,계약해제.해지/위약금
2024021725,2024-04-23,남자,40 - 49세,부산광역시,일반판매,바닥재·마루공사,품질(물품/용역)
2024021791,2024-04-23,여자,30 - 39세,경상북도,일반판매,화장실설비,AS불만
2024021792,2024-04-23,여자,30 - 39세,울산광역시,국내온라인거래,인터넷교육서비스,계약해제.해지/위약금
2024021793,2024-04-23,여자,30 - 39세,서울특별시,일반판매,기타인테리어설비,계약해제.해지/위약금
2024021794,2024-04-23,남자,20 - 29세,광주광역시,국내온라인거래,택배화물운송서비스,계약불이행(불완전이행)
2024021795,2024-04-23,여자,40 - 49세,세종특별자치시,전화권유판매,학습지,계약해제.해지/위약금
2024021796,2024-04-23,여자,30 - 39세,경기도,모바일거래,사진촬영,계약해제.해지/위약금
2024021797,2024-04-23,여자,30 - 39세,경기도,일반판매,테니스장스쿼시회원권,청약철회
2024021726,2024-04-23,남자,40 - 49세,경기도,일반판매,기타사설강습서비스,청약철회
2024021727,2024-04-23,여자,20 - 29세,서울특별시,일반판매,국가자격(능력)시험,가격.요금
2024021728,2024-04-23,남자,40 - 49세,인천광역시,모바일거래,일반이사운송서비스,가격.요금
2024021729,2024-04-23,남자,40 - 49세,서울특별시,일반판매,국내결혼중개,계약해제.해지/위약금
2024021730,2024-04-23,여자,40 - 49세,전라남도,국내온라인거래,운동화,계약불이행(불완전이행)
2024021731,2024-04-23,남자,30 - 39세,울산광역시,일반판매,아파트,AS불만
2024021732,2024-04-23,남자,30 - 39세,서울특별시,국내온라인거래,니트(스웨터),청약철회
2024021733,2024-04-23,여자,40 - 49세,전라남도,일반판매,일반강습(입시학원등),계약해제.해지/위약금
2024021734,2024-04-23,여자,30 - 39세,경기도,기타,펜션,안전(제품/시설)
2024021735,2024-04-23,남자,30 - 39세,서울특별시,일반판매,초고속인터넷,계약해제.해지/위약금
2024021736,2024-04-23,남자,50 - 59세,서울특별시,국내온라인거래,노트북컴퓨터,AS불만
2024021737,2024-04-23,여자,40 - 49세,경기도,국내온라인거래,향수,계약불이행(불완전이행)
2024021738,2024-04-23,여자,20 - 29세,경기도,일반판매,헬스장,계약해제.해지/위약금
2024021739,2024-04-23,남자,40 - 49세,경상북도,국내온라인거래,블루투스스피커,AS불만
2024021740,2024-04-23,여자,50 - 59세,경기도,일반판매,이동전화서비스,가격.요금
2024021741,2024-04-23,남자,40 - 49세,서울특별시,방문판매,학습지,계약해제.해지/위약금
2024021742,2024-04-23,남자,50 - 59세,경기도,일반판매,이동전화서비스,계약불이행(불완전이행)
2024021743,2024-04-23,여자,30 - 39세,서울특별시,일반판매,사진촬영,품질(물품/용역)
2024021744,2024-04-23,남자,50 - 59세,경상남도,국내온라인거래,보건위생용품기타,품질(물품/용역)
2024021745,2024-04-23,여자,20 - 29세,서울특별시,모바일거래,인터넷교육서비스,계약해제.해지/위약금
2024021746,2024-04-23,여자,40 - 49세,인천광역시,일반판매,필라테스,계약불이행(불완전이행)
2024021747,2024-04-23,여자,30 - 39세,경상남도,국내온라인거래,점퍼·재킷류,표시.광고
2024021748,2024-04-23,여자,40 - 49세,서울특별시,기타,정수기대여(렌트),AS불만
2024021749,2024-04-23,여자,40 - 49세,서울특별시,일반판매,커튼,청약철회
2024021750,2024-04-23,남자,30 - 39세,인천광역시,일반판매,일반강습(입시학원등),계약해제.해지/위약금
2024021751,2024-04-23,남자,40 - 49세,경기도,국제온라인거래,항공여객운송서비스,계약불이행(불완전이행)
2024021752,2024-04-23,여자,30 - 39세,서울특별시,일반판매,결혼준비대행서비스,계약해제.해지/위약금
2024021753,2024-04-23,남자,20 - 29세,경기도,국내온라인거래,기타문화용품,청약철회
2024021754,2024-04-23,남자,70 - 79세,서울특별시,국내온라인거래,TV,AS불만
2024021755,2024-04-23,여자,30 - 39세,전라남도,국내온라인거래,피아노,AS불만
2024021756,2024-04-23,남자,20 - 29세,세종특별자치시,일반판매,인터넷게임서비스,부당행위
2024021757,2024-04-23,여자,50 - 59세,경상북도,일반판매,택배화물운송서비스,품질(물품/용역)
2024021758,2024-04-23,남자,40 - 49세,경상남도,소셜커머스(쇼핑),냉장고,품질(물품/용역)
2024021759,2024-04-23,여자,30 - 39세,경상북도,일반판매,기타미분류물품,품질(물품/용역)
2024021760,2024-04-23,여자,20 - 29세,경기도,국내온라인거래,인터넷교육서비스,계약해제.해지/위약금
2024021761,2024-04-23,남자,30 - 39세,경기도,일반판매,기타스포츠·레저기구·용품,품질(물품/용역)
2024021762,2024-04-23,남자,40 - 49세,대구광역시,일반판매,식탁,AS불만
2024021763,2024-04-23,남자,30 - 39세,경기도,국내온라인거래,기타책상·테이블류,품질(물품/용역)
2024021764,2024-04-23,남자,30 - 39세,충청북도,모바일거래,인터넷교육서비스,계약해제.해지/위약금
2024021765,2024-04-23,여자,20 - 29세,경기도,일반판매,수영장회원권,계약해제.해지/위약금
2024021591,2024-04-23,여자,30 - 39세,충청북도,방문판매,결혼준비대행서비스,청약철회
2024021655,2024-04-23,여자,20 - 29세,충청남도,일반판매,한의원,안전(제품/시설)
2024021670,2024-04-23,남자,30 - 39세,대구광역시,일반판매,기타신발·용품,청약철회
2024021678,2024-04-23,남자,40 - 49세,경기도,국내온라인거래,기타자동차부품,AS불만
2024021691,2024-04-23,여자,50 - 59세,경기도,국내온라인거래,방습제,품질(물품/용역)
2024021690,2024-04-23,남자,30 - 39세,세종특별자치시,모바일거래,기타미분류서비스,가격.요금
2024021569,2024-04-23,여자,50 - 59세,인천광역시,일반판매,노인복지,계약해제.해지/위약금
2024021625,2024-04-23,남자,30 - 39세,서울특별시,방문판매,필라테스,계약해제.해지/위약금
2024021619,2024-04-23,남자,40 - 49세,서울특별시,일반판매,자동차대여(렌트),계약해제.해지/위약금
2024021621,2024-04-23,남자,20 - 29세,경기도,일반판매,미용서비스,계약불이행(불완전이행)
2024021622,2024-04-23,남자,20 - 29세,서울특별시,일반판매,카셰어링,품질(물품/용역)
2024021672,2024-04-23,여자,불명,광주광역시,국내온라인거래,기타숙박시설,계약해제.해지/위약금
2024021629,2024-04-23,남자,50 - 59세,경기도,일반판매,대형승용자동차,AS불만
2024021630,2024-04-23,남자,40 - 49세,울산광역시,국내온라인거래,레저시설이용,계약해제.해지/위약금
2024021568,2024-04-23,남자,30 - 39세,경기도,모바일거래,모바일정보이용서비스,청약철회
2024021572,2024-04-23,남자,20 - 29세,부산광역시,일반판매,스마트폰,품질(물품/용역)
2024021573,2024-04-23,남자,50 - 59세,서울특별시,소셜커머스(쇼핑),비디오카메라,청약철회
2024021574,2024-04-23,남자,40 - 49세,경기도,일반판매,자동차수리·점검,AS불만
2024021581,2024-04-23,여자,50 - 59세,강원특별자치도,국내온라인거래,골프회원권,계약해제.해지/위약금
2024021589,2024-04-23,여자,30 - 39세,서울특별시,일반판매,헬스장,계약해제.해지/위약금
2024021593,2024-04-23,여자,60 - 64세,경기도,일반판매,침대,품질(물품/용역)
2024021597,2024-04-23,여자,60 - 64세,광주광역시,기타,건강(암·기타질병)보험,계약불이행(불완전이행)
2024021598,2024-04-23,여자,70 - 79세,경기도,기타,치과,품질(물품/용역)
2024021571,2024-04-23,남자,30 - 39세,서울특별시,일반판매,대형승용자동차,AS불만
2024021575,2024-04-23,남자,40 - 49세,충청북도,국내온라인거래,자동차수리·점검,AS불만
2024021604,2024-04-23,여자,30 - 39세,서울특별시,국내온라인거래,여성용내의류,청약철회
2024021609,2024-04-23,남자,30 - 39세,서울특별시,일반판매,헬스장,계약해제.해지/위약금
2024021611,2024-04-23,여자,50 - 59세,서울특별시,일반판매,국내결혼중개,계약해제.해지/위약금
2024021613,2024-04-23,남자,30 - 39세,광주광역시,국내온라인거래,기타자동차용품,품질(물품/용역)
2024021614,2024-04-23,남자,30 - 39세,경기도,전화권유판매,기타매체광고,계약해제.해지/위약금
2024021628,2024-04-23,여자,30 - 39세,인천광역시,방문판매,필라테스,계약불이행(불완전이행)
2024021635,2024-04-23,남자,20 - 29세,서울특별시,기타통신판매,인터넷교육서비스,표시.광고
2024021658,2024-04-23,여자,50 - 59세,경기도,모바일거래,점퍼·재킷류,청약철회
2024021659,2024-04-23,남자,30 - 39세,울산광역시,일반판매,의료용구대여(렌트),계약불이행(불완전이행)
2024021664,2024-04-23,남자,20 - 29세,경기도,국내온라인거래,항공여객운송서비스,계약해제.해지/위약금
2024021682,2024-04-23,남자,40 - 49세,서울특별시,국내온라인거래,모자,청약철회
2024021588,2024-04-23,여자,40 - 49세,경기도,기타,헬스장,계약불이행(불완전이행)
2024021590,2024-04-23,여자,20 - 29세,경기도,일반판매,스마트폰,청약철회
2024021592,2024-04-23,남자,50 - 59세,경기도,국내온라인거래,사무용기기대여(렌트),계약해제.해지/위약금
2024021601,2024-04-23,여자,30 - 39세,서울특별시,국내온라인거래,국외여행,청약철회
2024021576,2024-04-23,여자,30 - 39세,서울특별시,일반판매,헬스장,계약해제.해지/위약금
2024021586,2024-04-23,남자,40 - 49세,서울특별시,TV홈쇼핑,건강(암·기타질병)보험,계약불이행(불완전이행)
2024021595,2024-04-23,여자,50 - 59세,전라북도,일반판매,피부·체형관리서비스,계약해제.해지/위약금
2024021615,2024-04-23,남자,20 - 29세,경기도,일반판매,예식서비스,계약해제.해지/위약금
2024021648,2024-04-23,남자,40 - 49세,울산광역시,일반판매,상해보험,계약불이행(불완전이행)
2024021674,2024-04-23,남자,20 - 29세,대구광역시,일반판매,자동차수리·점검,품질(물품/용역)
2024021587,2024-04-23,남자,20 - 29세,서울특별시,모바일거래,헤드폰·이어폰,부당행위
2024021645,2024-04-23,여자,60 - 64세,경기도,방문판매,기타여행,계약해제.해지/위약금
2024021684,2024-04-23,여자,30 - 39세,경기도,국내온라인거래,룸에어컨,계약불이행(불완전이행)
2024021620,2024-04-23,여자,30 - 39세,경기도,국내온라인거래,항공여객운송서비스,계약해제.해지/위약금
2024021640,2024-04-23,여자,30 - 39세,서울특별시,국내온라인거래,스포츠관람,계약해제.해지/위약금
2024021662,2024-04-23,여자,30 - 39세,전라북도,일반판매,초고속인터넷,계약해제.해지/위약금
2024021634,2024-04-23,여자,30 - 39세,경상남도,국내온라인거래,"OTT서비스(넷플릭스,왓챠 등)",계약불이행(불완전이행)
2024021585,2024-04-23,여자,70 - 79세,부산광역시,TV홈쇼핑,선글라스,청약철회
2024021594,2024-04-23,남자,30 - 39세,서울특별시,국내온라인거래,기타가사용품,계약불이행(불완전이행)
2024021612,2024-04-23,여자,30 - 39세,서울특별시,일반판매,자동차수리·점검,품질(물품/용역)
2024021657,2024-04-23,여자,20 - 29세,경기도,일반판매,헬스장,계약불이행(불완전이행)
2024021680,2024-04-23,남자,30 - 39세,경상북도,일반판매,인터넷교육서비스,계약불이행(불완전이행)
2024021681,2024-04-23,남자,30 - 39세,울산광역시,TV홈쇼핑,기타어패류·어패류가공식품,계약불이행(불완전이행)
2024021687,2024-04-23,여자,20 - 29세,서울특별시,국내온라인거래,사진촬영,계약해제.해지/위약금
2024021688,2024-04-23,여자,50 - 59세,경기도,일반판매,항공여객운송서비스,품질(물품/용역)
2024021839,2024-04-24,남자,50 - 59세,서울특별시,국내온라인거래,항공여객운송서비스,청약철회
2024019519,2024-04-24,여자,70 - 79세,대구광역시,일반판매,스커트,품질(물품/용역)
2024021885,2024-04-24,여자,불명,경기도,국내온라인거래,항공여객운송서비스,계약해제.해지/위약금
2024021898,2024-04-24,남자,40 - 49세,대구광역시,기타,신유형상품권,약관
2024021849,2024-04-24,남자,40 - 49세,경기도,일반판매,스마트폰,AS불만
2024021876,2024-04-24,여자,40 - 49세,경기도,국내온라인거래,국외여행,계약불이행(불완전이행)
2024021893,2024-04-24,여자,40 - 49세,경기도,국내온라인거래,기타자동차용품,품질(물품/용역)
2024021901,2024-04-24,남자,40 - 49세,서울특별시,모바일거래,국외여행,품질(물품/용역)
2024021932,2024-04-24,여자,40 - 49세,경기도,소셜커머스(쇼핑),일반강습(입시학원등),계약해제.해지/위약금
2024021933,2024-04-24,여자,40 - 49세,서울특별시,국내온라인거래,티셔츠,품질(물품/용역)
2024021934,2024-04-24,남자,30 - 39세,경기도,전화권유판매,기타매체광고,청약철회
2024021935,2024-04-24,여자,20 - 29세,대구광역시,일반판매,기타의류·섬유,품질(물품/용역)
2024021936,2024-04-24,여자,20 - 29세,부산광역시,기타,건물청소서비스,부당행위
2024021937,2024-04-24,남자,30 - 39세,서울특별시,일반판매,스마트폰,AS불만
2024021938,2024-04-24,남자,50 - 59세,대전광역시,기타,애완동물이·미용서비스,부당행위
2024021939,2024-04-24,남자,50 - 59세,서울특별시,국내온라인거래,냉장고,청약철회
2024021940,2024-04-24,여자,10세 미만,경기도,일반판매,필라테스,계약해제.해지/위약금
2024021941,2024-04-24,남자,20 - 29세,경기도,국내온라인거래,사진촬영,계약해제.해지/위약금
2024021942,2024-04-24,남자,60 - 64세,강원특별자치도,일반판매,기타음식관련서비스,품질(물품/용역)
2024021943,2024-04-24,여자,20 - 29세,서울특별시,국제온라인거래,기타숙박시설,계약해제.해지/위약금
2024021944,2024-04-24,남자,50 - 59세,부산광역시,국내온라인거래,비데,청약철회
2024021945,2024-04-24,남자,30 - 39세,경기도,일반판매,헬스장,계약해제.해지/위약금
2024021946,2024-04-24,남자,20 - 29세,충청남도,국내온라인거래,항공여객운송서비스,계약불이행(불완전이행)
2024021947,2024-04-24,남자,30 - 39세,대구광역시,일반판매,기타식품류,안전(제품/시설)
2024021948,2024-04-24,여자,30 - 39세,경기도,국내온라인거래,블라우스,청약철회
2024021949,2024-04-24,여자,30 - 39세,전라남도,국내온라인거래,펜션,청약철회
2024021821,2024-04-24,여자,20 - 29세,경기도,국내온라인거래,노트북컴퓨터,품질(물품/용역)
2024021842,2024-04-24,남자,30 - 39세,세종특별자치시,일반판매,냉장고,품질(물품/용역)
2024021889,2024-04-24,여자,30 - 39세,충청남도,기타통신판매,인터넷정보이용서비스,계약해제.해지/위약금
2024021950,2024-04-24,남자,30 - 39세,경기도,일반판매,기타숙박시설,계약불이행(불완전이행)
2024021951,2024-04-24,남자,20 - 29세,대전광역시,국제온라인거래,인터넷정보이용서비스,계약해제.해지/위약금
2024021952,2024-04-24,남자,20 - 29세,경상북도,국내온라인거래,선박여객운송서비스,부당행위
2024021953,2024-04-24,남자,30 - 39세,충청남도,국내온라인거래,화장실설비,청약철회
2024021954,2024-04-24,여자,30 - 39세,경기도,기타,국외여행,계약해제.해지/위약금
2024021955,2024-04-24,여자,20 - 29세,경기도,국내온라인거래,이불·요,청약철회
2024021956,2024-04-24,여자,20 - 29세,대구광역시,국제온라인거래,항공여객운송서비스,청약철회
2024021957,2024-04-24,남자,40 - 49세,서울특별시,기타통신판매,피부·체형관리서비스,계약해제.해지/위약금
2024021958,2024-04-24,남자,20 - 29세,서울특별시,일반판매,헬스장,계약해제.해지/위약금
2024021959,2024-04-24,남자,30 - 39세,서울특별시,국내온라인거래,성기능향상기기,품질(물품/용역)
2024021960,2024-04-24,남자,20 - 29세,서울특별시,일반판매,여관(모텔),계약불이행(불완전이행)
2024021961,2024-04-24,남자,40 - 49세,광주광역시,일반판매,헬스장,계약해제.해지/위약금
2024021962,2024-04-24,여자,40 - 49세,서울특별시,소셜커머스(쇼핑),정수기,품질(물품/용역)
2024021963,2024-04-24,남자,20 - 29세,경기도,국내온라인거래,기타방송서비스,부당행위
2024021964,2024-04-24,남자,50 - 59세,서울특별시,기타,정수기대여(렌트),계약불이행(불완전이행)
2024021965,2024-04-24,여자,20 - 29세,충청북도,소셜커머스(쇼핑),서랍장,AS불만
2024021800,2024-04-24,여자,40 - 49세,경기도,일반판매,필라테스,계약해제.해지/위약금
2024021807,2024-04-24,남자,30 - 39세,경기도,기타,전기맛사지기,AS불만
2024021813,2024-04-24,여자,60 - 64세,세종특별자치시,소셜커머스(쇼핑),김치냉장고,품질(물품/용역)
2024021815,2024-04-24,여자,65 - 69세,경기도,국내온라인거래,국외여행,계약해제.해지/위약금
2024021966,2024-04-24,여자,30 - 39세,경상남도,일반판매,헬스장,계약해제.해지/위약금
2024021967,2024-04-24,여자,30 - 39세,광주광역시,국내온라인거래,기타의류·섬유,청약철회
2024021968,2024-04-24,여자,30 - 39세,제주도,국제온라인거래,항공여객운송서비스,계약해제.해지/위약금
2024021969,2024-04-24,여자,40 - 49세,서울특별시,국내온라인거래,기타알선·중개·번역서비스,계약불이행(불완전이행)
2024021970,2024-04-24,여자,40 - 49세,서울특별시,국내온라인거래,보석·귀금속,청약철회
2024021971,2024-04-24,남자,40 - 49세,서울특별시,국내온라인거래,플라스틱그릇,청약철회
2024021972,2024-04-24,남자,20 - 29세,경상북도,국내온라인거래,기타숙박시설,계약불이행(불완전이행)
2024021973,2024-04-24,남자,20 - 29세,서울특별시,일반판매,미용서비스,계약해제.해지/위약금
2024021974,2024-04-24,남자,20 - 29세,충청북도,일반판매,이동전화서비스,계약불이행(불완전이행)
2024021975,2024-04-24,여자,50 - 59세,서울특별시,국내온라인거래,기타숙박시설,계약해제.해지/위약금
2024021976,2024-04-24,여자,20 - 29세,서울특별시,방문판매,필라테스,계약해제.해지/위약금
2024021977,2024-04-24,여자,20 - 29세,경기도,방문판매,필라테스,계약해제.해지/위약금
2024021978,2024-04-24,남자,30 - 39세,인천광역시,국내온라인거래,항공여객운송서비스,이자.수수료
2024021979,2024-04-24,여자,30 - 39세,경기도,전화권유판매,기타미분류서비스,계약불이행(불완전이행)
2024021980,2024-04-24,여자,40 - 49세,경상남도,전화권유판매,공기청정기대여(렌트),부당행위
2024021981,2024-04-24,남자,40 - 49세,경기도,국내온라인거래,공구세트,청약철회
2024021982,2024-04-24,여자,30 - 39세,경기도,전화권유판매,기타매체광고,계약해제.해지/위약금
2024021983,2024-04-24,남자,30 - 39세,대전광역시,국내온라인거래,항공여객운송서비스,계약불이행(불완전이행)
2024021816,2024-04-24,여자,40 - 49세,서울특별시,기타,일반이사운송서비스,계약해제.해지/위약금
2024021826,2024-04-24,여자,20 - 29세,서울특별시,일반판매,미용서비스,계약불이행(불완전이행)
2024021828,2024-04-24,남자,40 - 49세,경상남도,국내온라인거래,기타숙박시설,청약철회
2024021837,2024-04-24,남자,30 - 39세,서울특별시,국내온라인거래,인터넷정보이용서비스,계약해제.해지/위약금
2024021845,2024-04-24,여자,40 - 49세,경기도,일반판매,초고속인터넷,계약해제.해지/위약금
2024021891,2024-04-24,여자,40 - 49세,부산광역시,모바일거래,기타건강식품,계약해제.해지/위약금
2024021900,2024-04-24,남자,20 - 29세,해외 및 기타,국제온라인거래,모바일게임서비스,계약불이행(불완전이행)
2024021984,2024-04-24,남자,20 - 29세,경기도,기타,택배화물운송서비스,계약불이행(불완전이행)
2024021985,2024-04-24,남자,30 - 39세,경기도,기타,국내결혼중개,청약철회
2024021986,2024-04-24,여자,30 - 39세,서울특별시,모바일거래,식사배달,부당행위
2024021987,2024-04-24,여자,20 - 29세,경기도,일반판매,일반강습(입시학원등),계약해제.해지/위약금
2024021988,2024-04-24,여자,30 - 39세,전라북도,일반판매,전기세탁기,계약불이행(불완전이행)
2024021989,2024-04-24,여자,20 - 29세,서울특별시,일반판매,독서실이용,청약철회
2024021990,2024-04-24,여자,40 - 49세,전라북도,국내온라인거래,경대,청약철회
2024021991,2024-04-24,남자,30 - 39세,경기도,일반판매,헬스장,계약해제.해지/위약금
2024021992,2024-04-24,여자,30 - 39세,서울특별시,일반판매,기타사설강습서비스,계약해제.해지/위약금
2024021993,2024-04-24,여자,30 - 39세,경기도,기타,독서실이용,청약철회
2024021994,2024-04-24,남자,30 - 39세,울산광역시,방문판매,기타가방,품질(물품/용역)
2024021995,2024-04-24,여자,30 - 39세,대구광역시,국내온라인거래,기타가방,청약철회
2024021996,2024-04-24,여자,30 - 39세,인천광역시,국내온라인거래,보석·귀금속,청약철회
2024021997,2024-04-24,남자,30 - 39세,서울특별시,노상판매,아파트,청약철회
2024021998,2024-04-24,남자,40 - 49세,서울특별시,TV홈쇼핑,국내여행,표시.광고
2024021999,2024-04-24,남자,20 - 29세,서울특별시,국내온라인거래,컴퓨터수리,AS불만
2024022000,2024-04-24,남자,40 - 49세,경기도,국내온라인거래,기타숙박시설,표시.광고
2024022001,2024-04-24,여자,20 - 29세,전라북도,국내온라인거래,캐주얼바지,계약불이행(불완전이행)
2024022002,2024-04-24,남자,30 - 39세,경기도,일반판매,헬스장,계약해제.해지/위약금
2024022003,2024-04-24,남자,40 - 49세,서울특별시,방문판매,헬스장,부당행위
2024022004,2024-04-24,남자,30 - 39세,서울특별시,일반판매,골프용품,부당행위
2024022005,2024-04-24,남자,30 - 39세,서울특별시,국내온라인거래,의자,계약해제.해지/위약금
2024022006,2024-04-24,남자,40 - 49세,경상남도,일반판매,기타숙박시설,청약철회
2024022007,2024-04-24,여자,30 - 39세,서울특별시,일반판매,헬스장,계약해제.해지/위약금
2024022008,2024-04-24,남자,30 - 39세,경기도,일반판매,"연회서비스(돌잔치,회갑 등)",계약해제.해지/위약금
2024022009,2024-04-24,여자,30 - 39세,강원특별자치도,일반판매,요가,계약해제.해지/위약금
2024022010,2024-04-24,여자,40 - 49세,서울특별시,소셜커머스(쇼핑),숙녀복하의,표시.광고
2024022011,2024-04-24,여자,20 - 29세,부산광역시,국내온라인거래,기타신변용품,청약철회
2024022012,2024-04-24,여자,30 - 39세,서울특별시,모바일거래,양복(서양식 의복)세탁,부당행위
2024022013,2024-04-24,남자,20 - 29세,충청북도,모바일거래,기타숙박시설,청약철회
2024022014,2024-04-24,여자,30 - 39세,서울특별시,국내온라인거래,기타의류·섬유,품질(물품/용역)
2024022015,2024-04-24,여자,40 - 49세,서울특별시,기타,양복(서양식 의복)세탁,계약불이행(불완전이행)
2024022016,2024-04-24,여자,30 - 39세,경기도,방문판매,냉장고,품질(물품/용역)
2024022017,2024-04-24,여자,30 - 39세,경기도,모바일거래,기타의류·섬유,청약철회
2024022018,2024-04-24,여자,30 - 39세,경기도,일반판매,헬스장,계약해제.해지/위약금
2024021799,2024-04-24,여자,30 - 39세,경기도,기타,의자,품질(물품/용역)
2024021803,2024-04-24,남자,30 - 39세,전라남도,국내온라인거래,중형승용자동차,계약불이행(불완전이행)
2024021810,2024-04-24,여자,40 - 49세,광주광역시,국내온라인거래,헤드폰·이어폰,AS불만
2024021814,2024-04-24,여자,30 - 39세,서울특별시,전화권유판매,상조서비스,청약철회
2024020037,2024-04-24,여자,20 - 29세,경상남도,일반판매,셔츠,품질(물품/용역)
2024021798,2024-04-24,남자,60 - 64세,부산광역시,소셜커머스(쇼핑),가습기,품질(물품/용역)
2024020377,2024-04-24,여자,30 - 39세,강원특별자치도,일반판매,양복(서양식 의복)세탁,품질(물품/용역)
2024021904,2024-04-24,남자,30 - 39세,인천광역시,국내온라인거래,항공여객운송서비스,가격.요금
2024021905,2024-04-24,여자,30 - 39세,대구광역시,국내온라인거래,항공여객운송서비스,청약철회
2024021906,2024-04-24,여자,30 - 39세,서울특별시,국내온라인거래,레인지후드,청약철회
2024021805,2024-04-24,남자,60 - 64세,충청남도,국내온라인거래,등산화,표시.광고
2024021820,2024-04-24,여자,70 - 79세,서울특별시,일반판매,냉장고,품질(물품/용역)
2024021822,2024-04-24,여자,30 - 39세,서울특별시,국내온라인거래,음식물처리기,품질(물품/용역)
2024021823,2024-04-24,남자,30 - 39세,경기도,일반판매,예식서비스,계약해제.해지/위약금
2024021867,2024-04-24,여자,30 - 39세,경기도,TV홈쇼핑,보석·귀금속,품질(물품/용역)
2024021856,2024-04-24,여자,30 - 39세,경기도,방문판매,인터넷교육서비스,계약해제.해지/위약금
2024021907,2024-04-24,남자,40 - 49세,경기도,일반판매,사진촬영,계약해제.해지/위약금
2024021908,2024-04-24,남자,30 - 39세,경기도,일반판매,신사복세트,계약해제.해지/위약금
2024021909,2024-04-24,여자,30 - 39세,경기도,국내온라인거래,기타숙박시설,청약철회
2024021910,2024-04-24,남자,30 - 39세,대구광역시,일반판매,식기세척기,AS불만
2024021911,2024-04-24,남자,20 - 29세,경기도,일반판매,헬스장,계약해제.해지/위약금
2024021912,2024-04-24,남자,30 - 39세,서울특별시,일반판매,예식서비스,계약해제.해지/위약금
2024021913,2024-04-24,여자,40 - 49세,경기도,국내온라인거래,가스오븐,청약철회
2024021914,2024-04-24,여자,40 - 49세,대구광역시,국내온라인거래,기타방문·통신교육서비스,계약해제.해지/위약금
2024021915,2024-04-24,남자,20 - 29세,서울특별시,일반판매,헬스장,계약해제.해지/위약금
2024021916,2024-04-24,여자,30 - 39세,경기도,일반판매,신사복하의,품질(물품/용역)
2024021917,2024-04-24,여자,30 - 39세,인천광역시,국내온라인거래,기타서적음반류,AS불만
2024021918,2024-04-24,여자,40 - 49세,인천광역시,국내온라인거래,국외여행,품질(물품/용역)
2024021919,2024-04-24,여자,40 - 49세,경기도,국내온라인거래,가운·잠옷류,품질(물품/용역)
2024021920,2024-04-24,남자,30 - 39세,서울특별시,국내온라인거래,호텔,계약해제.해지/위약금
2024021921,2024-04-24,여자,40 - 49세,서울특별시,모바일거래,기타세탁서비스,계약불이행(불완전이행)
2024021922,2024-04-24,남자,40 - 49세,경기도,국내온라인거래,기타신발·용품,품질(물품/용역)
2024021923,2024-04-24,남자,30 - 39세,서울특별시,일반판매,스프링매트리스,계약불이행(불완전이행)
2024021924,2024-04-24,남자,30 - 39세,경상북도,일반판매,바닥재·마루공사,품질(물품/용역)
2024021925,2024-04-24,남자,40 - 49세,충청남도,국내온라인거래,식탁,청약철회
2024021926,2024-04-24,여자,20 - 29세,경기도,일반판매,예식서비스,계약해제.해지/위약금
2024021927,2024-04-24,여자,40 - 49세,경기도,소셜커머스(쇼핑),기타스포츠·레저기구·용품,품질(물품/용역)
2024021928,2024-04-24,남자,30 - 39세,서울특별시,국내온라인거래,기타숙박시설,청약철회
2024021929,2024-04-24,여자,30 - 39세,제주도,국내온라인거래,샌들·슬리퍼,계약해제.해지/위약금
2024021930,2024-04-24,남자,50 - 59세,서울특별시,국제온라인거래,기타숙박시설,계약불이행(불완전이행)
2024021931,2024-04-24,남자,30 - 39세,경상북도,모바일거래,기타숙박시설,부당행위
2024021846,2024-04-24,여자,30 - 39세,서울특별시,일반판매,피부과,계약해제.해지/위약금
2024021877,2024-04-24,여자,40 - 49세,전라남도,국내온라인거래,숙녀화(구두·부츠 등),계약불이행(불완전이행)
2024021850,2024-04-24,남자,20 - 29세,부산광역시,일반판매,헬스장,계약해제.해지/위약금
2024021894,2024-04-24,여자,50 - 59세,경기도,국내온라인거래,항공여객운송서비스,청약철회
2024021868,2024-04-24,여자,40 - 49세,경기도,일반판매,아파트,품질(물품/용역)
2024021869,2024-04-24,남자,40 - 49세,서울특별시,일반판매,기타가방,계약불이행(불완전이행)
2024021870,2024-04-24,여자,50 - 59세,경기도,국내온라인거래,니트(스웨터),청약철회
2024021874,2024-04-24,여자,30 - 39세,인천광역시,국내온라인거래,자동차주차장,품질(물품/용역)
2024021883,2024-04-24,여자,20 - 29세,경기도,일반판매,취업·이민알선,계약해제.해지/위약금
2024021890,2024-04-24,남자,20 - 29세,부산광역시,일반판매,이동전화서비스,계약불이행(불완전이행)
2024021892,2024-04-24,여자,40 - 49세,경상남도,일반판매,자동차주유,가격.요금
2024021895,2024-04-24,남자,30 - 39세,서울특별시,국내온라인거래,호텔,계약불이행(불완전이행)
2024020039,2024-04-24,여자,40 - 49세,서울특별시,국내온라인거래,점퍼·재킷류,품질(물품/용역)
2024020312,2024-04-24,여자,60 - 64세,경기도,일반판매,천연피혁의류,품질(물품/용역)
2024019141,2024-04-24,여자,60 - 64세,부산광역시,일반판매,원피스,품질(물품/용역)
2024021802,2024-04-24,남자,불명,충청남도,일반판매,전기밥솥,안전(제품/시설)
2024021829,2024-04-24,여자,불명,충청남도,국내온라인거래,점퍼·재킷류,계약불이행(불완전이행)
2024021830,2024-04-24,남자,30 - 39세,충청남도,일반판매,동물병원,품질(물품/용역)
2024021851,2024-04-24,여자,40 - 49세,서울특별시,일반판매,종합체육시설회원권,계약해제.해지/위약금
2024021853,2024-04-24,여자,60 - 64세,경기도,TV홈쇼핑,소파,품질(물품/용역)
2024021860,2024-04-24,남자,40 - 49세,경기도,일반판매,포장이사운송서비스,품질(물품/용역)
2024021871,2024-04-24,남자,40 - 49세,서울특별시,일반판매,기타사설강습서비스,계약해제.해지/위약금
2024021818,2024-04-24,남자,40 - 49세,충청남도,소셜커머스(쇼핑),전동킥보드,AS불만
2024021862,2024-04-24,여자,30 - 39세,서울특별시,전화권유판매,인터넷교육서비스,계약해제.해지/위약금
2024021882,2024-04-24,여자,불명,경기도,일반판매,침대,안전(제품/시설)
2024021903,2024-04-24,남자,30 - 39세,경기도,일반판매,헬스장,계약해제.해지/위약금
2024021801,2024-04-24,여자,30 - 39세,인천광역시,국내온라인거래,숙녀화(구두·부츠 등),청약철회
2024021811,2024-04-24,남자,40 - 49세,대전광역시,국내온라인거래,기타숙박시설,계약불이행(불완전이행)
2024021812,2024-04-24,여자,30 - 39세,경상북도,국내온라인거래,숙녀화(구두·부츠 등),계약불이행(불완전이행)
2024021852,2024-04-24,여자,60 - 64세,서울특별시,일반판매,차량용블랙박스,계약해제.해지/위약금
2024021855,2024-04-24,남자,50 - 59세,인천광역시,국내온라인거래,자동차대여(렌트),계약불이행(불완전이행)
2024021859,2024-04-24,남자,50 - 59세,충청남도,일반판매,자동차수리·점검,품질(물품/용역)
2024021872,2024-04-24,남자,20 - 29세,경기도,국내온라인거래,호텔,청약철회
2024021888,2024-04-24,남자,40 - 49세,서울특별시,일반판매,정수기,계약불이행(불완전이행)
2024021902,2024-04-24,남자,40 - 49세,전라남도,일반판매,자동차수리·점검,AS불만
2024021804,2024-04-24,여자,50 - 59세,경상남도,전화권유판매,모바일정보이용서비스,계약불이행(불완전이행)
2024021835,2024-04-24,여자,70 - 79세,부산광역시,일반판매,이동전화서비스,거래관행
2024021836,2024-04-24,여자,50 - 59세,충청남도,일반판매,양복(서양식 의복)세탁,부당행위
2024021857,2024-04-24,여자,50 - 59세,서울특별시,일반판매,점퍼·재킷류,청약철회
2024021873,2024-04-24,여자,40 - 49세,경상북도,국내온라인거래,화장수류,계약불이행(불완전이행)
2024021881,2024-04-24,남자,40 - 49세,경기도,국제온라인거래,항공여객운송서비스,계약불이행(불완전이행)
2024021886,2024-04-24,여자,50 - 59세,부산광역시,일반판매,이동전화서비스,계약불이행(불완전이행)
2024021887,2024-04-24,여자,20 - 29세,부산광역시,일반판매,이동전화서비스,계약불이행(불완전이행)
2024021896,2024-04-24,남자,20 - 29세,해외 및 기타,국제온라인거래,기타문화용품,계약불이행(불완전이행)
2024021899,2024-04-24,남자,20 - 29세,해외 및 기타,일반판매,기타의류·섬유,계약해제.해지/위약금
2024020131,2024-04-24,여자,20 - 29세,서울특별시,국내온라인거래,니트(스웨터),품질(물품/용역)
2024021841,2024-04-24,남자,40 - 49세,서울특별시,국내온라인거래,항공여객운송서비스,청약철회
2024021854,2024-04-24,남자,65 - 69세,서울특별시,일반판매,유통시설이용,안전(제품/시설)
2024021861,2024-04-24,남자,30 - 39세,서울특별시,국내온라인거래,포장이사운송서비스,계약불이행(불완전이행)
2024021864,2024-04-24,여자,40 - 49세,경기도,방문판매,도어,계약해제.해지/위약금
2024021865,2024-04-24,여자,40 - 49세,경기도,방문판매,옷장,계약해제.해지/위약금
2024021866,2024-04-24,남자,70 - 79세,서울특별시,일반판매,김치냉장고,AS불만
2024021875,2024-04-24,여자,30 - 39세,서울특별시,국내온라인거래,신유형상품권,부당행위
2024021806,2024-04-24,남자,30 - 39세,경기도,일반판매,정수기대여(렌트),가격.요금
2024021809,2024-04-24,여자,불명,충청북도,기타,자동차세차,AS불만
2024022039,2024-04-25,여자,20 - 29세,서울특별시,일반판매,기타사설강습서비스,계약해제.해지/위약금
2024022040,2024-04-25,남자,30 - 39세,대전광역시,일반판매,헬스장,계약해제.해지/위약금
2024022062,2024-04-25,여자,30 - 39세,부산광역시,국내온라인거래,숙녀복세트,청약철회
2024022087,2024-04-25,여자,50 - 59세,경기도,국내온라인거래,이불·요,청약철회
2024022026,2024-04-25,여자,40 - 49세,경기도,일반판매,기타사설강습서비스,계약해제.해지/위약금
2024022028,2024-04-25,남자,70 - 79세,대구광역시,전화권유판매,유사투자자문,계약해제.해지/위약금
2024022030,2024-04-25,여자,30 - 39세,경기도,일반판매,외국어강습,계약해제.해지/위약금
2024022099,2024-04-25,여자,30 - 39세,서울특별시,국내온라인거래,항공여객운송서비스,청약철회
2024015471,2024-04-25,여자,50 - 59세,경기도,일반판매,숙녀화(구두·부츠 등),품질(물품/용역)
2024021653,2024-04-25,남자,50 - 59세,경기도,일반판매,신사복하의,품질(물품/용역)
2024021417,2024-04-25,여자,50 - 59세,경기도,일반판매,양복(서양식 의복)세탁,품질(물품/용역)
2024020546,2024-04-25,여자,30 - 39세,대구광역시,국내온라인거래,캐주얼바지,청약철회
2024021054,2024-04-25,여자,50 - 59세,서울특별시,국내온라인거래,기타가방,품질(물품/용역)
2024022019,2024-04-25,여자,50 - 59세,인천광역시,기타,이동전화서비스,계약불이행(불완전이행)
2024022021,2024-04-25,남자,40 - 49세,대구광역시,일반판매,대형승용자동차,품질(물품/용역)
2024022025,2024-04-25,남자,불명,광주광역시,국내온라인거래,기타가구,계약해제.해지/위약금
2024022033,2024-04-25,여자,30 - 39세,경기도,국내온라인거래,텐트,AS불만
2024022042,2024-04-25,여자,50 - 59세,경기도,국내온라인거래,항공여객운송서비스,계약해제.해지/위약금
2024022043,2024-04-25,남자,40 - 49세,경기도,일반판매,헬스장,계약해제.해지/위약금
2024022044,2024-04-25,여자,40 - 49세,서울특별시,일반판매,포장이사운송서비스,품질(물품/용역)
2024022048,2024-04-25,여자,40 - 49세,경기도,기타,키보드,AS불만
2024022054,2024-04-25,남자,30 - 39세,경기도,국내온라인거래,기타자동차부품,계약불이행(불완전이행)
2024022066,2024-04-25,남자,30 - 39세,경기도,일반판매,자동차수리·점검,AS불만
2024022058,2024-04-25,남자,40 - 49세,경기도,기타통신판매,유사투자자문,계약해제.해지/위약금
2024022063,2024-04-25,여자,20 - 29세,경기도,일반판매,헬스장,계약해제.해지/위약금
2024022070,2024-04-25,여자,40 - 49세,서울특별시,국내온라인거래,뮤코다당·단백제품,안전(제품/시설)
2024022076,2024-04-25,여자,50 - 59세,경기도,일반판매,전기밥솥,품질(물품/용역)
2024022084,2024-04-25,남자,20 - 29세,경기도,일반판매,헬스장,계약해제.해지/위약금
2024022085,2024-04-25,여자,50 - 59세,대구광역시,기타,한의원,가격.요금
2024022088,2024-04-25,남자,불명,인천광역시,일반판매,초고속인터넷,부당행위
2024022089,2024-04-25,남자,30 - 39세,충청남도,국내온라인거래,캐주얼바지,계약해제.해지/위약금
2024022090,2024-04-25,남자,50 - 59세,서울특별시,국제온라인거래,호텔,계약해제.해지/위약금
2024020804,2024-04-25,여자,65 - 69세,부산광역시,일반판매,셔츠,품질(물품/용역)
2024021616,2024-04-25,여자,20 - 29세,서울특별시,일반판매,기타간편복,품질(물품/용역)
2024022093,2024-04-25,남자,20 - 29세,서울특별시,일반판매,대형승용자동차,품질(물품/용역)
2024022096,2024-04-25,남자,40 - 49세,서울특별시,국내온라인거래,TV,품질(물품/용역)
2024020833,2024-04-25,남자,40 - 49세,서울특별시,일반판매,양복(서양식 의복)세탁,품질(물품/용역)
2024022023,2024-04-25,여자,65 - 69세,서울특별시,국내온라인거래,항공여객운송서비스,부당행위
2024022027,2024-04-25,여자,30 - 39세,경기도,소셜커머스(쇼핑),음식물처리기,품질(물품/용역)
2024022031,2024-04-25,남자,20 - 29세,경기도,일반판매,헬스장,계약해제.해지/위약금
2024022046,2024-04-25,남자,50 - 59세,경기도,일반판매,자동차수리·점검,AS불만
2024022061,2024-04-25,남자,50 - 59세,경기도,일반판매,신경외과,품질(물품/용역)
2024022050,2024-04-25,여자,20 - 29세,충청남도,국내온라인거래,호텔,청약철회
2024022057,2024-04-25,여자,70 - 79세,서울특별시,일반판매,흉부외과,품질(물품/용역)
2024022060,2024-04-25,여자,30 - 39세,서울특별시,국내온라인거래,티셔츠,청약철회
2024022079,2024-04-25,여자,30 - 39세,서울특별시,일반판매,차량용블랙박스,청약철회
2024022080,2024-04-25,여자,30 - 39세,경기도,국내온라인거래,공구세트,청약철회
2024022083,2024-04-25,남자,50 - 59세,강원특별자치도,소셜커머스(쇼핑),전기진공청소기,품질(물품/용역)
2024022073,2024-04-25,남자,30 - 39세,대전광역시,일반판매,양복(서양식 의복)세탁,계약불이행(불완전이행)
2024022034,2024-04-25,여자,30 - 39세,충청남도,국내온라인거래,기타미분류물품,계약불이행(불완전이행)
2024022045,2024-04-25,남자,60 - 64세,서울특별시,국내온라인거래,국외여행,계약해제.해지/위약금
2024022053,2024-04-25,남자,30 - 39세,경상남도,일반판매,전당포,부당행위
2024022094,2024-04-25,남자,40 - 49세,경상남도,일반판매,자동차주유,안전(제품/시설)
2024021365,2024-04-25,여자,50 - 59세,전라남도,일반판매,기타모피·가죽의류,품질(물품/용역)
2024020587,2024-04-25,남자,40 - 49세,인천광역시,일반판매,양복(서양식 의복)세탁,품질(물품/용역)
2024022064,2024-04-25,여자,40 - 49세,경기도,국내온라인거래,숙녀화(구두·부츠 등),청약철회
2024022092,2024-04-25,남자,40 - 49세,부산광역시,일반판매,택배화물운송서비스,계약불이행(불완전이행)
2024022103,2024-04-25,남자,20 - 29세,경기도,기타통신판매,식사배달,안전(제품/시설)
2024022104,2024-04-25,남자,20 - 29세,부산광역시,국내온라인거래,기타자동차용품,청약철회
2024022105,2024-04-25,남자,40 - 49세,인천광역시,일반판매,기타회원권,계약해제.해지/위약금
2024022106,2024-04-25,남자,40 - 49세,전라북도,기타,의류염색,계약불이행(불완전이행)
2024022107,2024-04-25,남자,50 - 59세,충청남도,일반판매,헬스장,계약해제.해지/위약금
2024022108,2024-04-25,여자,30 - 39세,인천광역시,국내온라인거래,캐주얼바지,청약철회
2024022109,2024-04-25,남자,30 - 39세,경기도,국내온라인거래,운동화,청약철회
2024022110,2024-04-25,여자,40 - 49세,경기도,TV홈쇼핑,기타이·미용기구,품질(물품/용역)
2024022111,2024-04-25,여자,40 - 49세,대구광역시,국내온라인거래,스마트폰,청약철회
2024022112,2024-04-25,남자,40 - 49세,경기도,국내온라인거래,항공여객운송서비스,계약해제.해지/위약금
2024022113,2024-04-25,여자,40 - 49세,서울특별시,소셜커머스(쇼핑),프라이팬,계약불이행(불완전이행)
2024022114,2024-04-25,남자,30 - 39세,부산광역시,국내온라인거래,항공여객운송서비스,계약불이행(불완전이행)
2024022115,2024-04-25,남자,50 - 59세,경기도,국내온라인거래,국외여행,가격.요금
2024022116,2024-04-25,남자,40 - 49세,대전광역시,소셜커머스(쇼핑),호텔,안전(제품/시설)
2024022117,2024-04-25,남자,40 - 49세,경기도,일반판매,점퍼·재킷류,품질(물품/용역)
2024022118,2024-04-25,여자,30 - 39세,경기도,소셜커머스(쇼핑),기타식품류,품질(물품/용역)
2024022119,2024-04-25,여자,30 - 39세,울산광역시,모바일거래,숙녀복하의,청약철회
2024022120,2024-04-25,여자,30 - 39세,인천광역시,방문판매,필라테스,계약해제.해지/위약금
2024022121,2024-04-25,남자,65 - 69세,인천광역시,일반판매,스마트폰,계약해제.해지/위약금
2024022122,2024-04-25,남자,70 - 79세,경상남도,기타,안마의자대여(렌트),가격.요금
2024022123,2024-04-25,여자,60 - 64세,서울특별시,기타,기타주택·건물,계약불이행(불완전이행)
2024022124,2024-04-25,남자,40 - 49세,경상북도,일반판매,기타시계류,AS불만
2024022125,2024-04-25,여자,30 - 39세,서울특별시,국내온라인거래,호텔,계약해제.해지/위약금
2024022126,2024-04-25,남자,30 - 39세,광주광역시,소셜커머스(쇼핑),LED마스크,청약철회
2024022127,2024-04-25,여자,30 - 39세,부산광역시,국내온라인거래,기타가구,계약불이행(불완전이행)
2024022128,2024-04-25,남자,30 - 39세,충청남도,일반판매,음식물처리기,AS불만
2024022129,2024-04-25,여자,30 - 39세,경기도,소셜커머스(쇼핑),기타문화·오락시설이용,부당행위
2024022130,2024-04-25,남자,30 - 39세,울산광역시,국내온라인거래,인터넷교육서비스,계약해제.해지/위약금
2024020809,2024-04-25,여자,30 - 39세,부산광역시,일반판매,원피스,품질(물품/용역)
2024020788,2024-04-25,남자,30 - 39세,강원특별자치도,일반판매,양복(서양식 의복)세탁,품질(물품/용역)
2024022131,2024-04-25,남자,50 - 59세,강원특별자치도,모바일거래,책상,청약철회
2024022132,2024-04-25,여자,50 - 59세,부산광역시,일반판매,일반이사운송서비스,계약불이행(불완전이행)
2024022133,2024-04-25,여자,60 - 64세,경기도,일반판매,전기세탁기,품질(물품/용역)
2024022134,2024-04-25,여자,30 - 39세,경기도,국내온라인거래,보리,표시.광고
2024022135,2024-04-25,남자,40 - 49세,경기도,일반판매,포장이사운송서비스,계약불이행(불완전이행)
2024022136,2024-04-25,여자,30 - 39세,경기도,소셜커머스(쇼핑),여성용내의류,청약철회
2024022137,2024-04-25,여자,20 - 29세,경상남도,국내온라인거래,침대,품질(물품/용역)
2024022138,2024-04-25,여자,20 - 29세,서울특별시,모바일거래,사진촬영,계약불이행(불완전이행)
2024022139,2024-04-25,여자,30 - 39세,서울특별시,일반판매,헬스장,계약해제.해지/위약금
2024022140,2024-04-25,여자,20 - 29세,서울특별시,일반판매,필라테스,계약해제.해지/위약금
2024022141,2024-04-25,남자,20 - 29세,충청남도,국내온라인거래,항공여객운송서비스,계약불이행(불완전이행)
2024022142,2024-04-25,여자,30 - 39세,경기도,일반판매,"연회서비스(돌잔치,회갑 등)",부당행위
2024022143,2024-04-25,여자,40 - 49세,서울특별시,국내온라인거래,보석·귀금속,품질(물품/용역)
2024022144,2024-04-25,여자,30 - 39세,충청북도,기타,피부·체형관리서비스,품질(물품/용역)
2024022145,2024-04-25,여자,30 - 39세,경기도,국내온라인거래,점퍼·재킷류,가격.요금
2024022146,2024-04-25,여자,30 - 39세,서울특별시,일반판매,도배공사,품질(물품/용역)
2024022147,2024-04-25,여자,40 - 49세,경기도,국내온라인거래,김치냉장고,품질(물품/용역)
2024022148,2024-04-25,여자,40 - 49세,강원특별자치도,기타,미용서비스,계약불이행(불완전이행)
2024021020,2024-04-25,남자,40 - 49세,서울특별시,국내온라인거래,캐주얼바지,품질(물품/용역)
2024020802,2024-04-25,여자,20 - 29세,경기도,일반판매,점퍼·재킷류,품질(물품/용역)
2024021668,2024-04-25,남자,40 - 49세,인천광역시,일반판매,지갑,품질(물품/용역)
2024022149,2024-04-25,여자,20 - 29세,경기도,국내온라인거래,인터넷교육서비스,계약해제.해지/위약금
2024022150,2024-04-25,여자,50 - 59세,서울특별시,소셜커머스(쇼핑),블라우스,청약철회
2024022151,2024-04-25,남자,40 - 49세,서울특별시,국내온라인거래,캐주얼바지,청약철회
2024022152,2024-04-25,남자,30 - 39세,경기도,국내온라인거래,항공여객운송서비스,품질(물품/용역)
2024022153,2024-04-25,여자,40 - 49세,경기도,전화권유판매,초고속인터넷,계약불이행(불완전이행)
2024022154,2024-04-25,여자,20 - 29세,전라북도,국내온라인거래,서랍장,품질(물품/용역)
2024022155,2024-04-25,남자,30 - 39세,경상남도,전화권유판매,기타매체광고,부당행위
2024022156,2024-04-25,여자,60 - 64세,경상북도,일반판매,공업용기계,품질(물품/용역)
2024022157,2024-04-25,남자,20 - 29세,인천광역시,국내온라인거래,항공여객운송서비스,계약해제.해지/위약금
2024022158,2024-04-25,여자,50 - 59세,서울특별시,일반판매,포장이사운송서비스,품질(물품/용역)
2024022159,2024-04-25,남자,20 - 29세,서울특별시,국내온라인거래,영화관람,계약불이행(불완전이행)
2024022160,2024-04-25,여자,40 - 49세,경기도,전화권유판매,기타숙박시설,계약해제.해지/위약금
2024022161,2024-04-25,여자,30 - 39세,대구광역시,방문판매,결혼준비대행서비스,계약해제.해지/위약금
2024022162,2024-04-25,여자,40 - 49세,경기도,국내온라인거래,인터넷전화,청약철회
2024022163,2024-04-25,여자,30 - 39세,인천광역시,일반판매,헬스장,계약해제.해지/위약금
2024022164,2024-04-25,남자,30 - 39세,경기도,국제온라인거래,기타컴퓨터·주변기기,부당행위
2024022165,2024-04-25,남자,30 - 39세,경상남도,국내온라인거래,선글라스,계약불이행(불완전이행)
2024022166,2024-04-25,남자,50 - 59세,경기도,일반판매,기타식품류,품질(물품/용역)
2024022167,2024-04-25,여자,20 - 29세,인천광역시,기타,필라테스,계약해제.해지/위약금
2024022168,2024-04-25,여자,40 - 49세,서울특별시,일반판매,이동전화서비스,청약철회
2024022169,2024-04-25,여자,60 - 64세,강원특별자치도,모바일거래,기타의류·섬유,품질(물품/용역)
2024022170,2024-04-25,여자,20 - 29세,서울특별시,일반판매,헬스장,계약해제.해지/위약금
2024022171,2024-04-25,여자,30 - 39세,경기도,일반판매,버스여객운송서비스,안전(제품/시설)
2024022172,2024-04-25,여자,30 - 39세,서울특별시,일반판매,변호서비스,계약불이행(불완전이행)
2024022173,2024-04-25,여자,50 - 59세,경기도,일반판매,건물청소서비스,품질(물품/용역)
2024022174,2024-04-25,여자,30 - 39세,서울특별시,소셜커머스(쇼핑),화장품세트,품질(물품/용역)
2024022175,2024-04-25,여자,20 - 29세,경기도,일반판매,결혼준비대행서비스,계약해제.해지/위약금
2024022176,2024-04-25,남자,30 - 39세,울산광역시,일반판매,변호서비스,계약해제.해지/위약금
2024022177,2024-04-25,여자,30 - 39세,서울특별시,국내온라인거래,숙녀복상의,청약철회
2024022178,2024-04-25,남자,40 - 49세,대구광역시,국내온라인거래,홈오토메이션기기,품질(물품/용역)
2024022179,2024-04-25,여자,50 - 59세,광주광역시,모바일거래,기타의료용구,안전(제품/시설)
2024022180,2024-04-25,여자,20 - 29세,경기도,방문판매,헬스장,계약해제.해지/위약금
2024022181,2024-04-25,남자,30 - 39세,경상남도,방문판매,기타위생설비,계약불이행(불완전이행)
2024022182,2024-04-25,남자,30 - 39세,경기도,국내온라인거래,기타이·미용기구,청약철회
2024022183,2024-04-25,여자,30 - 39세,경기도,일반판매,국외여행,계약해제.해지/위약금
2024022184,2024-04-25,남자,20 - 29세,강원특별자치도,기타통신판매,인터넷교육서비스,계약해제.해지/위약금
2024022185,2024-04-25,남자,40 - 49세,경기도,국내온라인거래,기타신변용품,청약철회
2024022186,2024-04-25,여자,20 - 29세,경기도,일반판매,수영장회원권,계약해제.해지/위약금
2024022187,2024-04-25,여자,30 - 39세,전라남도,국내온라인거래,기타의류·섬유,청약철회
2024022188,2024-04-25,남자,30 - 39세,대전광역시,일반판매,기타건축자재,계약해제.해지/위약금
2024022189,2024-04-25,여자,20 - 29세,경기도,모바일거래,기타의류·섬유,청약철회
2024022190,2024-04-25,남자,30 - 39세,인천광역시,국내온라인거래,기타주방설비,계약불이행(불완전이행)
2024022191,2024-04-25,남자,20 - 29세,경기도,기타,택배화물운송서비스,품질(물품/용역)
2024022192,2024-04-25,여자,30 - 39세,경기도,국내온라인거래,기타신발·용품,청약철회
2024022101,2024-04-25,여자,40 - 49세,강원특별자치도,국내온라인거래,신사화(구두·부츠 등),계약불이행(불완전이행)
2024022102,2024-04-25,여자,30 - 39세,인천광역시,일반판매,치과,품질(물품/용역)
2024020591,2024-04-25,여자,40 - 49세,경기도,일반판매,블라우스,품질(물품/용역)
2024021438,2024-04-25,남자,30 - 39세,경기도,일반판매,기타세탁서비스,품질(물품/용역)
2024021603,2024-04-25,여자,30 - 39세,세종특별자치시,일반판매,양복(서양식 의복)세탁,품질(물품/용역)
2024022035,2024-04-25,남자,20 - 29세,인천광역시,일반판매,캐주얼바지,부당행위
2024022056,2024-04-25,여자,40 - 49세,경기도,일반판매,기타서적음반류,계약불이행(불완전이행)
2024022059,2024-04-25,여자,40 - 49세,경기도,국내온라인거래,항공여객운송서비스,계약해제.해지/위약금
2024022069,2024-04-25,여자,10 - 19세,경기도,일반판매,헬스장,계약해제.해지/위약금
2024022049,2024-04-25,여자,30 - 39세,경기도,일반판매,필라테스,계약해제.해지/위약금
2024022051,2024-04-25,여자,30 - 39세,경기도,소셜커머스(쇼핑),통신기기케이스,품질(물품/용역)
2024022065,2024-04-25,여자,30 - 39세,경상남도,일반판매,실손보험,약관
2024022067,2024-04-25,여자,30 - 39세,경기도,국내온라인거래,기타화물운송서비스,부당행위
2024022091,2024-04-25,남자,30 - 39세,대전광역시,일반판매,헬스장,계약해제.해지/위약금
2024022097,2024-04-25,남자,불명,충청북도,국내온라인거래,가상화폐,계약불이행(불완전이행)
2024022022,2024-04-25,여자,30 - 39세,경기도,국내온라인거래,셔츠,품질(물품/용역)
2024022047,2024-04-25,여자,40 - 49세,서울특별시,기타통신판매,미용서비스,품질(물품/용역)
2024022081,2024-04-25,남자,60 - 64세,경상남도,국내온라인거래,자동차대여(렌트),부당행위
2024015550,2024-04-25,남자,30 - 39세,서울특별시,일반판매,신발세탁,계약불이행(불완전이행)
2024020611,2024-04-25,여자,40 - 49세,경기도,국내온라인거래,캐주얼바지,품질(물품/용역)
2024021693,2024-04-25,여자,40 - 49세,경기도,일반판매,점퍼·재킷류,품질(물품/용역)
2024021663,2024-04-25,여자,40 - 49세,부산광역시,일반판매,점퍼·재킷류,품질(물품/용역)
2024021685,2024-04-25,남자,60 - 64세,부산광역시,일반판매,캐주얼바지,품질(물품/용역)
2024022020,2024-04-25,남자,30 - 39세,경기도,방문판매,골프회원권,계약불이행(불완전이행)
2024022220,2024-04-26,여자,40 - 49세,대전광역시,국내온라인거래,인터넷교육서비스,계약해제.해지/위약금
2024022265,2024-04-26,여자,40 - 49세,서울특별시,일반판매,기타완구·인형,품질(물품/용역)
2024022238,2024-04-26,여자,50 - 59세,경기도,기타통신판매,건물청소서비스,계약불이행(불완전이행)
2024022251,2024-04-26,여자,30 - 39세,경기도,일반판매,필라테스,계약해제.해지/위약금
2024022288,2024-04-26,남자,30 - 39세,경기도,방문판매,기타알선·중개·번역서비스,청약철회
2024022195,2024-04-26,여자,불명,서울특별시,기타,공기청정기대여(렌트),계약불이행(불완전이행)
2024022204,2024-04-26,남자,60 - 64세,서울특별시,일반판매,신경외과,품질(물품/용역)
2024022206,2024-04-26,남자,30 - 39세,경기도,기타,국외여행,계약해제.해지/위약금
2024022268,2024-04-26,여자,60 - 64세,충청북도,일반판매,가스보일러,계약불이행(불완전이행)
2024021381,2024-04-26,여자,50 - 59세,울산광역시,일반판매,양복(서양식 의복)세탁,품질(물품/용역)
2024022301,2024-04-26,남자,50 - 59세,인천광역시,모바일거래,항공여객운송서비스,계약해제.해지/위약금
2024022302,2024-04-26,여자,50 - 59세,경기도,TV홈쇼핑,음식물처리기대여(렌트),청약철회
2024022303,2024-04-26,남자,30 - 39세,경기도,국제온라인거래,호텔,계약불이행(불완전이행)
2024022304,2024-04-26,여자,40 - 49세,광주광역시,국내온라인거래,숙녀화(구두·부츠 등),청약철회
2024022305,2024-04-26,여자,40 - 49세,인천광역시,일반판매,필라테스,계약해제.해지/위약금
2024022306,2024-04-26,여자,30 - 39세,경상북도,모바일거래,기타가방,청약철회
2024022307,2024-04-26,남자,60 - 64세,부산광역시,일반판매,의자,품질(물품/용역)
2024022308,2024-04-26,남자,40 - 49세,경기도,소셜커머스(쇼핑),골프용품,청약철회
2024022309,2024-04-26,남자,60 - 64세,경상남도,일반판매,운동화,품질(물품/용역)
2024022310,2024-04-26,여자,30 - 39세,경기도,기타,음식물처리기,품질(물품/용역)
2024022311,2024-04-26,여자,40 - 49세,인천광역시,일반판매,필라테스,계약해제.해지/위약금
2024022312,2024-04-26,남자,50 - 59세,서울특별시,국내온라인거래,벨트,품질(물품/용역)
2024022313,2024-04-26,남자,20 - 29세,강원특별자치도,일반판매,기타정보이용서비스,계약불이행(불완전이행)
2024022314,2024-04-26,여자,50 - 59세,서울특별시,일반판매,포장이사운송서비스,품질(물품/용역)
2024022315,2024-04-26,여자,30 - 39세,경기도,일반판매,헬스장,계약해제.해지/위약금
2024022316,2024-04-26,여자,50 - 59세,경상남도,기타,이동전화서비스,부당행위
2024022317,2024-04-26,여자,30 - 39세,경기도,모바일거래,숙녀화(구두·부츠 등),청약철회
2024022318,2024-04-26,여자,40 - 49세,경기도,기타,학습지,계약해제.해지/위약금
2024022319,2024-04-26,여자,50 - 59세,경기도,기타,기타가구,계약해제.해지/위약금
2024022320,2024-04-26,여자,40 - 49세,경기도,국내온라인거래,인터넷교육서비스,계약해제.해지/위약금
2024022321,2024-04-26,남자,20 - 29세,경기도,방문판매,헬스장,계약해제.해지/위약금
2024022322,2024-04-26,여자,20 - 29세,전라북도,기타,소프트웨어,청약철회
2024022323,2024-04-26,남자,30 - 39세,서울특별시,일반판매,항공여객운송서비스,품질(물품/용역)
2024022324,2024-04-26,여자,30 - 39세,서울특별시,국내온라인거래,기타숙박시설,계약해제.해지/위약금
2024022325,2024-04-26,남자,50 - 59세,경상남도,방문판매,콘도회원권,계약해제.해지/위약금
2024022326,2024-04-26,여자,30 - 39세,경기도,모바일거래,포장이사운송서비스,이자.수수료
2024022327,2024-04-26,여자,20 - 29세,광주광역시,국내온라인거래,기타신발·용품,청약철회
2024022328,2024-04-26,여자,30 - 39세,서울특별시,소셜커머스(쇼핑),책상,계약불이행(불완전이행)
2024022329,2024-04-26,남자,40 - 49세,충청북도,모바일거래,모바일게임서비스,청약철회
2024022330,2024-04-26,여자,20 - 29세,경기도,일반판매,헬스장,계약해제.해지/위약금
2024022331,2024-04-26,여자,20 - 29세,인천광역시,방문판매,헬스장,계약해제.해지/위약금
2024022332,2024-04-26,여자,50 - 59세,전라남도,일반판매,안마의자대여(렌트),품질(물품/용역)
2024022333,2024-04-26,남자,30 - 39세,경기도,일반판매,기타인테리어설비,AS불만
2024022334,2024-04-26,남자,20 - 29세,서울특별시,방문판매,헬스장,계약해제.해지/위약금
2024022335,2024-04-26,남자,20 - 29세,충청남도,국내온라인거래,기타숙박시설,계약해제.해지/위약금
2024022336,2024-04-26,여자,50 - 59세,서울특별시,국내온라인거래,기타의류·섬유,청약철회
2024022337,2024-04-26,남자,50 - 59세,서울특별시,국내온라인거래,시스템에어컨,청약철회
2024022338,2024-04-26,여자,50 - 59세,경기도,일반판매,필라테스,계약해제.해지/위약금
2024022339,2024-04-26,여자,20 - 29세,대구광역시,국내온라인거래,기타의류·섬유,청약철회
2024022340,2024-04-26,여자,30 - 39세,서울특별시,일반판매,골프회원권,계약해제.해지/위약금
2024022341,2024-04-26,남자,40 - 49세,부산광역시,전화권유판매,인터넷정보이용서비스,계약불이행(불완전이행)
2024022342,2024-04-26,남자,불명,부산광역시,일반판매,공기청정기대여(렌트),부당행위
2024022343,2024-04-26,남자,20 - 29세,경기도,일반판매,헬스장,계약해제.해지/위약금
2024022344,2024-04-26,여자,40 - 49세,서울특별시,기타,필라테스,계약해제.해지/위약금
2024022345,2024-04-26,여자,20 - 29세,서울특별시,국내온라인거래,기타영상기기,부당행위
2024022346,2024-04-26,남자,50 - 59세,서울특별시,기타,기타세탁서비스,품질(물품/용역)
2024022347,2024-04-26,여자,60 - 64세,서울특별시,TV홈쇼핑,이불·요,품질(물품/용역)
2024022348,2024-04-26,여자,20 - 29세,경기도,기타,헬스장,계약해제.해지/위약금
2024022349,2024-04-26,남자,40 - 49세,경기도,국내온라인거래,이불·침대커버,품질(물품/용역)
2024022350,2024-04-26,남자,20 - 29세,충청남도,일반판매,헬스장,계약해제.해지/위약금
2024022351,2024-04-26,남자,10 - 19세,경기도,일반판매,헬스장,계약해제.해지/위약금
2024022352,2024-04-26,여자,30 - 39세,인천광역시,국내온라인거래,음식물처리기대여(렌트),AS불만
2024022353,2024-04-26,여자,40 - 49세,경기도,전화권유판매,다이어트식품,계약해제.해지/위약금
2024022354,2024-04-26,여자,40 - 49세,경기도,방문판매,인터넷교육서비스,계약해제.해지/위약금
2024022355,2024-04-26,남자,20 - 29세,경기도,국내온라인거래,캐주얼바지,품질(물품/용역)
2024022356,2024-04-26,여자,50 - 59세,경기도,국내온라인거래,국내여행,가격.요금
2024022357,2024-04-26,여자,20 - 29세,서울특별시,국내온라인거래,숙녀복세트,청약철회
2024022358,2024-04-26,남자,50 - 59세,경상남도,국내온라인거래,공기청정기,청약철회
2024022359,2024-04-26,여자,20 - 29세,제주도,국내온라인거래,원피스,계약해제.해지/위약금
2024022360,2024-04-26,여자,20 - 29세,서울특별시,국내온라인거래,닭고기,안전(제품/시설)
2024022361,2024-04-26,여자,30 - 39세,경기도,일반판매,기타숙박시설,계약해제.해지/위약금
2024022362,2024-04-26,남자,40 - 49세,부산광역시,모바일거래,항공여객운송서비스,이자.수수료
2024022363,2024-04-26,여자,30 - 39세,서울특별시,국내온라인거래,기타침대류,품질(물품/용역)
2024022364,2024-04-26,여자,20 - 29세,경상남도,소셜커머스(쇼핑),CD·LD·DVD(영화·음악·게임),계약해제.해지/위약금
2024022365,2024-04-26,남자,50 - 59세,인천광역시,일반판매,침대·매트리스대여(렌트),청약철회
2024022366,2024-04-26,여자,30 - 39세,서울특별시,국내온라인거래,노트북컴퓨터,품질(물품/용역)
2024022367,2024-04-26,남자,30 - 39세,광주광역시,전화권유판매,기타정보이용서비스,계약불이행(불완전이행)
2024022368,2024-04-26,남자,30 - 39세,경기도,국내온라인거래,커피메이커,청약철회
2024022369,2024-04-26,여자,30 - 39세,경기도,일반판매,소파,청약철회
2024022370,2024-04-26,여자,20 - 29세,서울특별시,방문판매,각종자격취득강습,계약해제.해지/위약금
2024022371,2024-04-26,남자,40 - 49세,경기도,모바일거래,사진촬영,계약해제.해지/위약금
2024022372,2024-04-26,여자,60 - 64세,경기도,TV홈쇼핑,국외여행,계약해제.해지/위약금
2024022373,2024-04-26,여자,30 - 39세,인천광역시,국내온라인거래,호텔,계약불이행(불완전이행)
2024022374,2024-04-26,여자,20 - 29세,서울특별시,일반판매,기타수선·염색서비스,AS불만
2024022375,2024-04-26,여자,40 - 49세,경기도,일반판매,기타의류·섬유,품질(물품/용역)
2024022376,2024-04-26,남자,40 - 49세,서울특별시,방문판매,헬스장,계약해제.해지/위약금
2024022377,2024-04-26,여자,20 - 29세,대구광역시,기타,기타세탁서비스,계약불이행(불완전이행)
2024022378,2024-04-26,남자,30 - 39세,전라남도,일반판매,시스템에어컨,품질(물품/용역)
2024022379,2024-04-26,남자,60 - 64세,인천광역시,방문판매,콘도회원권,청약철회
2024022380,2024-04-26,남자,60 - 64세,경기도,국내온라인거래,국외여행,계약불이행(불완전이행)
2024022381,2024-04-26,남자,30 - 39세,서울특별시,일반판매,헬스장,계약해제.해지/위약금
2024022382,2024-04-26,남자,30 - 39세,경기도,기타,시스템에어컨,부당행위
2024022383,2024-04-26,남자,40 - 49세,울산광역시,국내온라인거래,화장품세트,계약불이행(불완전이행)
2024022384,2024-04-26,여자,60 - 64세,서울특별시,국내온라인거래,음식물처리기대여(렌트),계약불이행(불완전이행)
2024022385,2024-04-26,남자,50 - 59세,대구광역시,국내온라인거래,골프회원권,계약해제.해지/위약금
2024022386,2024-04-26,여자,10세 미만,인천광역시,기타,필라테스,계약해제.해지/위약금
2024022387,2024-04-26,여자,30 - 39세,인천광역시,모바일거래,미용서비스,계약해제.해지/위약금
2024022388,2024-04-26,남자,30 - 39세,경기도,국내온라인거래,티셔츠,청약철회
2024021675,2024-04-26,여자,40 - 49세,경기도,일반판매,이불·요,품질(물품/용역)
2024020789,2024-04-26,여자,30 - 39세,광주광역시,일반판매,양복(서양식 의복)세탁,품질(물품/용역)
2024021007,2024-04-26,여자,60 - 64세,서울특별시,국내온라인거래,기타가방,품질(물품/용역)
2024022389,2024-04-26,여자,30 - 39세,경기도,국내온라인거래,기타스포츠·레저기구·용품,부당행위
2024022390,2024-04-26,여자,30 - 39세,울산광역시,방문판매,컴퓨터수리,청약철회
2024022391,2024-04-26,여자,20 - 29세,전라남도,일반판매,의류수선,계약해제.해지/위약금
2024022392,2024-04-26,여자,40 - 49세,광주광역시,기타,인터넷교육서비스,계약해제.해지/위약금
2024022393,2024-04-26,여자,30 - 39세,경기도,기타,기타세탁서비스,계약불이행(불완전이행)
2024022394,2024-04-26,남자,30 - 39세,부산광역시,기타,모바일게임서비스,청약철회
2024022395,2024-04-26,여자,20 - 29세,경기도,모바일거래,양복(서양식 의복)세탁,품질(물품/용역)
2024022396,2024-04-26,여자,40 - 49세,경상남도,국내온라인거래,호텔,청약철회
2024022397,2024-04-26,여자,30 - 39세,서울특별시,국내온라인거래,항공여객운송서비스,가격.요금
2024022222,2024-04-26,남자,50 - 59세,경기도,국내온라인거래,인터넷교육서비스,청약철회
2024022224,2024-04-26,남자,60 - 64세,경기도,모바일거래,전동킥보드,부당행위
2024022226,2024-04-26,여자,40 - 49세,경기도,일반판매,건물청소서비스,계약해제.해지/위약금
2024022235,2024-04-26,남자,40 - 49세,경기도,국내온라인거래,각종공연관람,계약해제.해지/위약금
2024021472,2024-04-26,여자,50 - 59세,경기도,일반판매,점퍼·재킷류,품질(물품/용역)
2024022400,2024-04-26,여자,40 - 49세,경상북도,기타,기타매체광고,계약해제.해지/위약금
2024022398,2024-04-26,여자,40 - 49세,서울특별시,모바일거래,커피,품질(물품/용역)
2024022399,2024-04-26,남자,50 - 59세,인천광역시,기타,택배화물운송서비스,품질(물품/용역)
2024022401,2024-04-26,여자,20 - 29세,서울특별시,일반판매,종합체육시설회원권,계약해제.해지/위약금
2024022402,2024-04-26,여자,30 - 39세,서울특별시,모바일거래,코트,품질(물품/용역)
2024022403,2024-04-26,여자,40 - 49세,서울특별시,일반판매,포장이사운송서비스,품질(물품/용역)
2024022404,2024-04-26,여자,50 - 59세,경기도,일반판매,반포장이사운송서비스,가격.요금
2024022405,2024-04-26,여자,40 - 49세,경기도,국내온라인거래,골프회원권,부당행위
2024022406,2024-04-26,남자,40 - 49세,전라북도,기타,기타미분류서비스,품질(물품/용역)
2024022407,2024-04-26,남자,40 - 49세,인천광역시,국내온라인거래,기타의류·섬유,청약철회
2024022194,2024-04-26,여자,30 - 39세,경기도,일반판매,자동차세차,품질(물품/용역)
2024022199,2024-04-26,여자,30 - 39세,인천광역시,모바일거래,사진촬영,계약해제.해지/위약금
2024022211,2024-04-26,남자,50 - 59세,서울특별시,일반판매,중형승용자동차,품질(물품/용역)
2024022216,2024-04-26,여자,50 - 59세,인천광역시,기타,중형승합자동차,청약철회
2024022258,2024-04-26,여자,40 - 49세,경상남도,일반판매,필라테스,계약해제.해지/위약금
2024022271,2024-04-26,남자,40 - 49세,서울특별시,일반판매,자동차수리·점검,계약불이행(불완전이행)
2024022292,2024-04-26,남자,40 - 49세,서울특별시,국내온라인거래,호두,안전(제품/시설)
2024022259,2024-04-26,남자,20 - 29세,경상남도,일반판매,자동차대여(렌트),부당행위
2024022283,2024-04-26,여자,40 - 49세,인천광역시,국내온라인거래,TV,품질(물품/용역)
2024022286,2024-04-26,남자,50 - 59세,서울특별시,국내온라인거래,인터넷정보이용서비스,부당행위
2024022209,2024-04-26,남자,30 - 39세,경기도,국내온라인거래,기타숙박시설,계약해제.해지/위약금
2024020598,2024-04-26,여자,40 - 49세,경기도,일반판매,점퍼·재킷류,품질(물품/용역)
2024022213,2024-04-26,여자,20 - 29세,경기도,기타,헬스장,계약해제.해지/위약금
2024022229,2024-04-26,여자,65 - 69세,경상남도,방문판매,기타미분류물품,계약불이행(불완전이행)
2024022262,2024-04-26,여자,40 - 49세,경기도,국내온라인거래,인터넷교육서비스,계약해제.해지/위약금
2024022264,2024-04-26,여자,40 - 49세,서울특별시,일반판매,국내결혼중개,계약해제.해지/위약금
2024022270,2024-04-26,여자,20 - 29세,경상남도,일반판매,헬스장,계약해제.해지/위약금
2024021606,2024-04-26,여자,20 - 29세,경상남도,일반판매,양복(서양식 의복)세탁,품질(물품/용역)
2024022293,2024-04-26,여자,30 - 39세,경기도,소셜커머스(쇼핑),점퍼·재킷류,계약불이행(불완전이행)
2024022294,2024-04-26,여자,30 - 39세,경기도,일반판매,기타가방,AS불만
2024020612,2024-04-26,남자,65 - 69세,경상남도,일반판매,양복(서양식 의복)세탁,품질(물품/용역)
2024021689,2024-04-26,여자,40 - 49세,경상남도,일반판매,양복(서양식 의복)세탁,품질(물품/용역)
2024020821,2024-04-26,여자,40 - 49세,서울특별시,일반판매,지갑,품질(물품/용역)
2024021636,2024-04-26,여자,30 - 39세,경상남도,일반판매,양복(서양식 의복)세탁,품질(물품/용역)
2024022221,2024-04-26,남자,40 - 49세,경기도,모바일거래,자동차주차장,이자.수수료
2024022225,2024-04-26,여자,65 - 69세,광주광역시,국내온라인거래,기타조리기기·기구,품질(물품/용역)
2024022227,2024-04-26,남자,30 - 39세,경기도,국내온라인거래,샌들·슬리퍼,청약철회
2024022234,2024-04-26,여자,30 - 39세,서울특별시,국제온라인거래,항공여객운송서비스,부당행위
2024022239,2024-04-26,남자,40 - 49세,서울특별시,일반판매,미분류대여(렌트),계약해제.해지/위약금
2024022240,2024-04-26,여자,50 - 59세,경기도,국내온라인거래,전기의류건조기,AS불만
2024022232,2024-04-26,여자,60 - 64세,세종특별자치시,일반판매,실손보험,계약불이행(불완전이행)
2024022233,2024-04-26,남자,20 - 29세,서울특별시,국내온라인거래,호텔,계약해제.해지/위약금
2024022205,2024-04-26,여자,30 - 39세,경기도,방문판매,콘도회원권,청약철회
2024022207,2024-04-26,여자,70 - 79세,전라북도,일반판매,전기담요,청약철회
2024022210,2024-04-26,여자,50 - 59세,서울특별시,일반판매,건강(암·기타질병)보험,계약불이행(불완전이행)
2024022217,2024-04-26,남자,65 - 69세,울산광역시,방문판매,정수기대여(렌트),계약불이행(불완전이행)
2024022620,2024-04-26,여자,30 - 39세,서울특별시,방문판매,헬스장,계약해제.해지/위약금
2024020634,2024-04-26,여자,40 - 49세,경기도,국내온라인거래,점퍼·재킷류,품질(물품/용역)
2024020588,2024-04-26,남자,30 - 39세,대전광역시,일반판매,양복(서양식 의복)세탁,품질(물품/용역)
2024021623,2024-04-26,여자,30 - 39세,서울특별시,일반판매,아동복,품질(물품/용역)
2024021040,2024-04-26,남자,60 - 64세,대구광역시,국내온라인거래,신사복하의,품질(물품/용역)
2024022200,2024-04-26,여자,20 - 29세,서울특별시,소셜커머스(쇼핑),헤드폰·이어폰,청약철회
2024022203,2024-04-26,남자,50 - 59세,경상남도,일반판매,스마트폰,품질(물품/용역)
2024022208,2024-04-26,여자,40 - 49세,경기도,일반판매,건강(암·기타질병)보험,약관
2024022228,2024-04-26,여자,50 - 59세,경기도,기타통신판매,국외여행,계약해제.해지/위약금
2024020831,2024-04-26,남자,50 - 59세,부산광역시,일반판매,이불·요,품질(물품/용역)
2024022284,2024-04-26,여자,40 - 49세,대구광역시,국내온라인거래,작동완구,품질(물품/용역)
2024022243,2024-04-26,남자,불명,서울특별시,일반판매,기타음료,안전(제품/시설)
2024022246,2024-04-26,남자,20 - 29세,경기도,국제온라인거래,점퍼·재킷류,청약철회
2024022244,2024-04-26,여자,30 - 39세,충청남도,국내온라인거래,항공여객운송서비스,계약해제.해지/위약금
2024022245,2024-04-26,남자,40 - 49세,인천광역시,일반판매,자동차대여(렌트),부당행위
2024022273,2024-04-26,남자,40 - 49세,인천광역시,일반판매,김치냉장고,AS불만
2024022218,2024-04-26,남자,40 - 49세,경기도,국내온라인거래,항공여객운송서비스,계약불이행(불완전이행)
2024022219,2024-04-26,남자,30 - 39세,경기도,소셜커머스(쇼핑),스마트폰,품질(물품/용역)
2024022248,2024-04-26,남자,40 - 49세,경기도,일반판매,중형승용자동차,품질(물품/용역)
2024022263,2024-04-26,남자,70 - 79세,서울특별시,기타,치과,품질(물품/용역)
2024022279,2024-04-26,남자,30 - 39세,부산광역시,일반판매,사진촬영,계약해제.해지/위약금
2024022280,2024-04-26,여자,30 - 39세,서울특별시,국내온라인거래,부엌용합성세제,품질(물품/용역)
2024022281,2024-04-26,남자,40 - 49세,경기도,국내온라인거래,항공여객운송서비스,계약해제.해지/위약금
2024022202,2024-04-26,여자,50 - 59세,부산광역시,일반판매,서랍장,AS불만
2024022223,2024-04-26,남자,30 - 39세,서울특별시,일반판매,외국어강습,계약해제.해지/위약금
2024022274,2024-04-26,여자,30 - 39세,강원특별자치도,방문판매,요가,계약해제.해지/위약금
2024020743,2024-04-26,여자,40 - 49세,울산광역시,일반판매,코트,품질(물품/용역)
2024021644,2024-04-26,여자,50 - 59세,경상남도,일반판매,양복(서양식 의복)세탁,품질(물품/용역)
2024020576,2024-04-26,여자,50 - 59세,부산광역시,일반판매,점퍼·재킷류,품질(물품/용역)
2024022196,2024-04-26,남자,40 - 49세,경기도,기타,종신보험,계약불이행(불완전이행)
2024022197,2024-04-26,남자,30 - 39세,서울특별시,일반판매,이동전화서비스,청약철회
2024022198,2024-04-26,남자,40 - 49세,서울특별시,국내온라인거래,소프트웨어,품질(물품/용역)
2024022242,2024-04-26,여자,20 - 29세,충청북도,일반판매,고시원이용,계약해제.해지/위약금
2024022250,2024-04-26,남자,30 - 39세,경기도,기타통신판매,IPTV,계약해제.해지/위약금
2024022261,2024-04-26,여자,30 - 39세,경기도,전화권유판매,정수기대여(렌트),계약해제.해지/위약금
2024022193,2024-04-26,남자,20 - 29세,경기도,기타,신유형상품권,부당행위
2024022201,2024-04-26,여자,30 - 39세,서울특별시,국내온라인거래,자동차대여(렌트),계약해제.해지/위약금
2024022501,2024-04-27,남자,50 - 59세,대구광역시,일반판매,기타문화·오락시설이용,계약해제.해지/위약금
2024022502,2024-04-27,여자,40 - 49세,서울특별시,일반판매,기타교육서비스,계약해제.해지/위약금
2024022503,2024-04-27,남자,30 - 39세,대구광역시,일반판매,국내결혼중개,계약해제.해지/위약금
2024022504,2024-04-27,남자,20 - 29세,경기도,일반판매,욕실설비,계약불이행(불완전이행)
2024022505,2024-04-27,여자,40 - 49세,전라북도,일반판매,일반강습(입시학원등),계약해제.해지/위약금
2024022506,2024-04-27,남자,30 - 39세,경기도,국내온라인거래,인터넷교육서비스,계약해제.해지/위약금
2024022507,2024-04-27,남자,30 - 39세,전라남도,모바일거래,기타숙박시설,계약해제.해지/위약금
2024022508,2024-04-27,남자,30 - 39세,충청남도,국내온라인거래,의자,품질(물품/용역)
2024022509,2024-04-27,여자,30 - 39세,부산광역시,국내온라인거래,여성용내의류,계약해제.해지/위약금
2024022510,2024-04-27,남자,40 - 49세,경기도,국내온라인거래,택배화물운송서비스,계약불이행(불완전이행)
2024022511,2024-04-27,남자,30 - 39세,광주광역시,방문판매,헬스장,계약해제.해지/위약금
2024022512,2024-04-27,여자,10 - 19세,경기도,국내온라인거래,영화관람,계약해제.해지/위약금
2024022513,2024-04-27,여자,20 - 29세,서울특별시,방문판매,헬스장,계약해제.해지/위약금
2024022514,2024-04-27,남자,60 - 64세,강원특별자치도,모바일거래,부업알선,부당행위
2024022515,2024-04-27,남자,20 - 29세,부산광역시,국제온라인거래,기타스포츠·레저기구·용품,부당행위
2024022516,2024-04-27,여자,30 - 39세,경상남도,국내온라인거래,기타일반화장품,계약불이행(불완전이행)
2024022601,2024-04-28,여자,40 - 49세,광주광역시,국내온라인거래,기타의자류,안전(제품/시설)
2024022602,2024-04-28,남자,30 - 39세,경기도,기타,아파트,AS불만
2024022603,2024-04-28,남자,50 - 59세,서울특별시,기타,기타인테리어설비,계약해제.해지/위약금
2024022604,2024-04-28,여자,40 - 49세,경상남도,기타,공기청정기대여(렌트),계약불이행(불완전이행)
2024022605,2024-04-28,여자,50 - 59세,서울특별시,기타,헬스장,계약해제.해지/위약금
2024022606,2024-04-28,여자,30 - 39세,경기도,일반판매,헬스장,계약해제.해지/위약금
2024022607,2024-04-28,남자,60 - 64세,경기도,국내온라인거래,기타이동통신,부당행위
2024022608,2024-04-28,여자,20 - 29세,서울특별시,일반판매,스마트폰,부당행위
2024022609,2024-04-28,여자,50 - 59세,인천광역시,일반판매,필라테스,계약해제.해지/위약금
2024022610,2024-04-28,여자,30 - 39세,서울특별시,일반판매,스마트폰,AS불만
2024022611,2024-04-28,여자,40 - 49세,경기도,일반판매,포장이사운송서비스,품질(물품/용역)
2024022612,2024-04-28,남자,40 - 49세,충청남도,기타,IPTV,계약불이행(불완전이행)
2024022613,2024-04-28,여자,40 - 49세,서울특별시,국내온라인거래,스팀다리미,AS불만
2024022614,2024-04-28,남자,40 - 49세,경기도,국내온라인거래,호텔,청약철회
2024022615,2024-04-28,여자,20 - 29세,경기도,일반판매,피부·체형관리서비스,계약해제.해지/위약금
2024022616,2024-04-28,여자,40 - 49세,경기도,국내온라인거래,통신기기케이스,청약철회
2024022617,2024-04-28,여자,20 - 29세,경기도,국내온라인거래,인터넷정보이용서비스,계약해제.해지/위약금
2024022618,2024-04-28,여자,20 - 29세,서울특별시,국내온라인거래,기타미분류서비스,계약해제.해지/위약금
2024022619,2024-04-28,남자,50 - 59세,경기도,전화권유판매,국내결혼중개,계약불이행(불완전이행)
2024022645,2024-04-29,여자,40 - 49세,서울특별시,모바일거래,자동차대여(렌트),부당행위
2024022627,2024-04-29,여자,50 - 59세,인천광역시,일반판매,니트(스웨터),계약해제.해지/위약금
2024022633,2024-04-29,남자,50 - 59세,경기도,국내온라인거래,전기자전거,계약불이행(불완전이행)
2024022648,2024-04-29,남자,30 - 39세,대구광역시,모바일거래,모바일정보이용서비스,계약해제.해지/위약금
2024022652,2024-04-29,여자,65 - 69세,서울특별시,일반판매,꽃·화초·화환,품질(물품/용역)
2024022654,2024-04-29,여자,30 - 39세,경기도,국내온라인거래,기타문화용품,계약불이행(불완전이행)
2024022660,2024-04-29,남자,70 - 79세,경기도,기타통신판매,스마트폰,품질(물품/용역)
2024022678,2024-04-29,여자,20 - 29세,대구광역시,일반판매,미용서비스,계약불이행(불완전이행)
2024022694,2024-04-29,남자,30 - 39세,경기도,모바일거래,식사배달,계약불이행(불완전이행)
2024022720,2024-04-29,여자,30 - 39세,서울특별시,국내온라인거래,건물청소서비스,거래관행
2024022724,2024-04-29,여자,40 - 49세,서울특별시,방문판매,필라테스,계약해제.해지/위약금
2024022624,2024-04-29,여자,50 - 59세,서울특별시,기타,자동차수리·점검,AS불만
2024022632,2024-04-29,여자,30 - 39세,서울특별시,일반판매,요가,계약해제.해지/위약금
2024022649,2024-04-29,여자,20 - 29세,경기도,소셜커머스(쇼핑),블라인드,계약불이행(불완전이행)
2024022650,2024-04-29,여자,40 - 49세,경기도,일반판매,아파트,AS불만
2024022681,2024-04-29,여자,30 - 39세,경기도,일반판매,동물병원,품질(물품/용역)
2024022722,2024-04-29,여자,60 - 64세,충청북도,일반판매,프로판가스·용기,부당행위
2024022658,2024-04-29,여자,40 - 49세,인천광역시,기타통신판매,샌들·슬리퍼,청약철회
2024022661,2024-04-29,남자,20 - 29세,서울특별시,일반판매,철도여객운송서비스,가격.요금
2024019191,2024-04-29,남자,40 - 49세,경기도,국내온라인거래,점퍼·재킷류,품질(물품/용역)
2024022701,2024-04-29,남자,불명,서울특별시,국내온라인거래,기타음료,계약해제.해지/위약금
2024022704,2024-04-29,남자,40 - 49세,경기도,모바일거래,신유형상품권,단순문의.상담
2024022667,2024-04-29,여자,30 - 39세,서울특별시,국내온라인거래,호텔,청약철회
2024022683,2024-04-29,남자,40 - 49세,경기도,국내온라인거래,프린터잉크,청약철회
2024022687,2024-04-29,여자,40 - 49세,서울특별시,국내온라인거래,항공여객운송서비스,청약철회
2024022639,2024-04-29,남자,50 - 59세,경상남도,국내온라인거래,캐주얼바지,청약철회
2024022655,2024-04-29,남자,30 - 39세,서울특별시,국내온라인거래,스포츠시설이용,계약해제.해지/위약금
2024022657,2024-04-29,여자,40 - 49세,경기도,일반판매,국내결혼중개,계약해제.해지/위약금
2024022662,2024-04-29,남자,40 - 49세,경기도,국내온라인거래,기타자동차용품,품질(물품/용역)
2024022675,2024-04-29,여자,40 - 49세,경상남도,방문판매,방문교육,계약해제.해지/위약금
2024019407,2024-04-29,여자,50 - 59세,경기도,일반판매,천연피혁의류,품질(물품/용역)
2024021677,2024-04-29,여자,50 - 59세,대구광역시,일반판매,숙녀복상의,품질(물품/용역)
2024020072,2024-04-29,남자,30 - 39세,경상남도,일반판매,양복(서양식 의복)세탁,품질(물품/용역)
2024020330,2024-04-29,남자,50 - 59세,경상남도,일반판매,양복(서양식 의복)세탁,품질(물품/용역)
2024022636,2024-04-29,여자,50 - 59세,경기도,일반판매,기타건강식품,계약불이행(불완전이행)
2024022651,2024-04-29,남자,불명,경기도,일반판매,아파트,AS불만
2024022697,2024-04-29,여자,40 - 49세,서울특별시,기타,치과,품질(물품/용역)
2024022718,2024-04-29,남자,50 - 59세,경기도,방문판매,상조서비스,계약해제.해지/위약금
2024022726,2024-04-29,여자,30 - 39세,경기도,모바일거래,신유형상품권,계약불이행(불완전이행)
2024022625,2024-04-29,남자,30 - 39세,서울특별시,일반판매,종합체육시설회원권,계약해제.해지/위약금
2024022634,2024-04-29,남자,40 - 49세,강원특별자치도,일반판매,대형승용자동차,AS불만
2024022638,2024-04-29,남자,30 - 39세,인천광역시,모바일거래,자동차주차장,표시.광고
2024022669,2024-04-29,여자,50 - 59세,경기도,전화권유판매,중고자동차중개·매매,품질(물품/용역)
2024022670,2024-04-29,남자,50 - 59세,대전광역시,전화권유판매,모바일정보이용서비스,부당행위
2024022690,2024-04-29,남자,40 - 49세,경기도,국내온라인거래,인터넷정보이용서비스,약관
2024022698,2024-04-29,여자,40 - 49세,광주광역시,일반판매,미용서비스,계약불이행(불완전이행)
2024022699,2024-04-29,남자,30 - 39세,충청남도,기타통신판매,기타자동차용품,품질(물품/용역)
2024022672,2024-04-29,여자,40 - 49세,경기도,기타,신유형상품권,부당행위
2024022696,2024-04-29,남자,30 - 39세,강원특별자치도,일반판매,중고자동차중개·매매,AS불만
2024022711,2024-04-29,여자,40 - 49세,전라북도,기타,건강(암·기타질병)보험,계약불이행(불완전이행)
2024022729,2024-04-29,남자,20 - 29세,부산광역시,국내온라인거래,기타완구·인형,청약철회
2024022730,2024-04-29,남자,20 - 29세,경기도,일반판매,헬스장,계약해제.해지/위약금
2024022731,2024-04-29,여자,20 - 29세,경상남도,일반판매,컴퓨터수리,계약불이행(불완전이행)
2024022732,2024-04-29,여자,20 - 29세,서울특별시,국내온라인거래,기타정보이용서비스,부당행위
2024022733,2024-04-29,여자,30 - 39세,서울특별시,국내온라인거래,양복(서양식 의복)세탁,품질(물품/용역)
2024022734,2024-04-29,남자,40 - 49세,부산광역시,일반판매,레저시설이용,부당행위
2024022735,2024-04-29,남자,40 - 49세,경기도,국내온라인거래,기타숙박시설,계약해제.해지/위약금
2024022736,2024-04-29,남자,30 - 39세,경기도,국내온라인거래,미분류대여(렌트),청약철회
2024022737,2024-04-29,여자,30 - 39세,부산광역시,전화권유판매,인터넷정보이용서비스,계약불이행(불완전이행)
2024022738,2024-04-29,여자,20 - 29세,인천광역시,기타통신판매,어패류젓갈,계약불이행(불완전이행)
2024022739,2024-04-29,여자,30 - 39세,대구광역시,일반판매,헬스장,계약불이행(불완전이행)
2024022740,2024-04-29,여자,40 - 49세,광주광역시,국내온라인거래,TV,부당행위
2024022741,2024-04-29,여자,40 - 49세,경기도,기타,미용서비스,계약불이행(불완전이행)
2024022742,2024-04-29,남자,30 - 39세,경기도,기타,사진촬영,계약불이행(불완전이행)
2024022743,2024-04-29,여자,50 - 59세,서울특별시,모바일거래,스팀다리미,품질(물품/용역)
2024022744,2024-04-29,남자,20 - 29세,제주도,국내온라인거래,신사화(구두·부츠 등),계약해제.해지/위약금
2024022745,2024-04-29,여자,20 - 29세,경상북도,일반판매,벨트,부당행위
2024022746,2024-04-29,여자,20 - 29세,충청남도,일반판매,기타통신기기,품질(물품/용역)
2024022747,2024-04-29,남자,30 - 39세,경기도,방문판매,포장이사운송서비스,계약해제.해지/위약금
2024022748,2024-04-29,여자,30 - 39세,서울특별시,소셜커머스(쇼핑),기타문화·오락시설이용,계약해제.해지/위약금
2024022749,2024-04-29,남자,40 - 49세,서울특별시,국내온라인거래,점퍼·재킷류,청약철회
2024022750,2024-04-29,남자,50 - 59세,전라남도,일반판매,소파,품질(물품/용역)
2024022751,2024-04-29,여자,40 - 49세,부산광역시,일반판매,버스여객운송서비스,품질(물품/용역)
2024022752,2024-04-29,남자,40 - 49세,경기도,국내온라인거래,낚시용품,청약철회
2024022753,2024-04-29,여자,30 - 39세,경기도,국내온라인거래,블라우스,품질(물품/용역)
2024022754,2024-04-29,여자,50 - 59세,대구광역시,국내온라인거래,여성용내의류,품질(물품/용역)
2024022755,2024-04-29,여자,60 - 64세,광주광역시,일반판매,음식물처리기대여(렌트),AS불만
2024022756,2024-04-29,여자,20 - 29세,인천광역시,국내온라인거래,원피스,청약철회
2024022757,2024-04-29,남자,30 - 39세,경기도,국내온라인거래,기타통신기기,청약철회
2024022758,2024-04-29,여자,50 - 59세,인천광역시,일반판매,초고속인터넷,AS불만
2024022759,2024-04-29,남자,30 - 39세,부산광역시,일반판매,이동전화서비스,품질(물품/용역)
2024022760,2024-04-29,남자,30 - 39세,서울특별시,일반판매,기타숙박시설,안전(제품/시설)
2024022761,2024-04-29,남자,20 - 29세,경상북도,일반판매,국외여행,계약해제.해지/위약금
2024022762,2024-04-29,여자,50 - 59세,서울특별시,일반판매,커피메이커,AS불만
2024022763,2024-04-29,남자,40 - 49세,광주광역시,일반판매,포장이사운송서비스,품질(물품/용역)
2024022764,2024-04-29,여자,80세이상,서울특별시,일반판매,이동전화서비스,부당행위
2024022765,2024-04-29,남자,20 - 29세,경기도,일반판매,기타매체광고,청약철회
2024022766,2024-04-29,남자,50 - 59세,인천광역시,일반판매,이동전화서비스,청약철회
2024022767,2024-04-29,남자,50 - 59세,전라북도,국내온라인거래,서랍장,계약불이행(불완전이행)
2024022768,2024-04-29,남자,20 - 29세,전라남도,국내온라인거래,노트북컴퓨터,계약해제.해지/위약금
2024022769,2024-04-29,여자,30 - 39세,서울특별시,기타,기타세탁서비스,품질(물품/용역)
2024022770,2024-04-29,남자,30 - 39세,광주광역시,일반판매,정수기대여(렌트),계약해제.해지/위약금
2024022771,2024-04-29,여자,30 - 39세,경기도,모바일거래,기타세탁서비스,품질(물품/용역)
2024022772,2024-04-29,여자,20 - 29세,서울특별시,소셜커머스(쇼핑),TV,품질(물품/용역)
2024022773,2024-04-29,남자,20 - 29세,부산광역시,국제온라인거래,기타건강식품,계약불이행(불완전이행)
2024022774,2024-04-29,남자,40 - 49세,서울특별시,국내온라인거래,항공여객운송서비스,계약불이행(불완전이행)
2024022775,2024-04-29,남자,50 - 59세,광주광역시,일반판매,기타미분류서비스,계약해제.해지/위약금
2024022776,2024-04-29,남자,30 - 39세,경기도,일반판매,빵,품질(물품/용역)
2024022777,2024-04-29,여자,30 - 39세,서울특별시,소셜커머스(쇼핑),양복(서양식 의복)세탁,품질(물품/용역)
2024022778,2024-04-29,남자,40 - 49세,경기도,일반판매,여관(모텔),품질(물품/용역)
2024022779,2024-04-29,여자,20 - 29세,서울특별시,일반판매,이동전화서비스,가격.요금
2024022780,2024-04-29,여자,40 - 49세,부산광역시,국내온라인거래,숙녀복상의,청약철회
2024022781,2024-04-29,남자,40 - 49세,서울특별시,소셜커머스(쇼핑),전기맛사지기,청약철회
2024022782,2024-04-29,여자,40 - 49세,경기도,일반판매,기타사설강습서비스,계약해제.해지/위약금
2024022783,2024-04-29,남자,30 - 39세,대구광역시,방문판매,결혼준비대행서비스,계약해제.해지/위약금
2024022784,2024-04-29,여자,30 - 39세,서울특별시,국내온라인거래,기타미분류물품,청약철회
2024022785,2024-04-29,남자,40 - 49세,울산광역시,국내온라인거래,스포츠웨어,표시.광고
2024022786,2024-04-29,여자,20 - 29세,서울특별시,국내온라인거래,인터넷교육서비스,계약해제.해지/위약금
2024022787,2024-04-29,남자,20 - 29세,제주도,일반판매,헬스장,계약해제.해지/위약금
2024022788,2024-04-29,여자,20 - 29세,서울특별시,일반판매,스포츠시설이용,안전(제품/시설)
2024022789,2024-04-29,여자,20 - 29세,부산광역시,국내온라인거래,인터넷교육서비스,계약불이행(불완전이행)
2024022790,2024-04-29,남자,40 - 49세,경기도,일반판매,유통시설이용,표시.광고
2024022791,2024-04-29,여자,30 - 39세,인천광역시,일반판매,이동전화서비스,계약해제.해지/위약금
2024022792,2024-04-29,남자,60 - 64세,경기도,일반판매,스마트폰,품질(물품/용역)
2024022793,2024-04-29,남자,50 - 59세,서울특별시,국내온라인거래,운동화,청약철회
2024022794,2024-04-29,남자,40 - 49세,경기도,기타,창호유리,AS불만
2024022795,2024-04-29,여자,20 - 29세,경기도,국내온라인거래,캐주얼바지,청약철회
2024022796,2024-04-29,여자,40 - 49세,서울특별시,국내온라인거래,시계부품·용품,표시.광고
2024022797,2024-04-29,여자,20 - 29세,경기도,국내온라인거래,인터넷교육서비스,계약불이행(불완전이행)
2024022798,2024-04-29,남자,40 - 49세,경기도,국내온라인거래,국외여행,표시.광고
2024022799,2024-04-29,여자,50 - 59세,경기도,모바일거래,게,청약철회
2024022800,2024-04-29,여자,40 - 49세,부산광역시,국내온라인거래,기타일반화장품,계약불이행(불완전이행)
2024022801,2024-04-29,남자,60 - 64세,인천광역시,기타통신판매,항공여객운송서비스,계약해제.해지/위약금
2024022802,2024-04-29,여자,30 - 39세,강원특별자치도,기타,아파트,계약불이행(불완전이행)
2024022803,2024-04-29,여자,30 - 39세,인천광역시,일반판매,이동전화서비스,계약해제.해지/위약금
2024022804,2024-04-29,여자,20 - 29세,서울특별시,일반판매,헬스장,계약해제.해지/위약금
2024022805,2024-04-29,여자,20 - 29세,경기도,국내온라인거래,모바일정보이용서비스,부당행위
2024022806,2024-04-29,남자,20 - 29세,경상남도,국내온라인거래,기타의자류,계약해제.해지/위약금
2024022807,2024-04-29,남자,30 - 39세,인천광역시,일반판매,일반강습(입시학원등),계약해제.해지/위약금
2024022808,2024-04-29,남자,30 - 39세,경기도,일반판매,정수기대여(렌트),계약해제.해지/위약금
2024022809,2024-04-29,여자,40 - 49세,서울특별시,일반판매,포장이사운송서비스,계약불이행(불완전이행)
2024022810,2024-04-29,남자,40 - 49세,경상남도,소셜커머스(쇼핑),태블릿PC,계약불이행(불완전이행)
2024022811,2024-04-29,남자,30 - 39세,경기도,국내온라인거래,액자,부당행위
2024022812,2024-04-29,남자,20 - 29세,대전광역시,국내온라인거래,가구세트,품질(물품/용역)
2024022813,2024-04-29,여자,20 - 29세,인천광역시,일반판매,기타이·미용서비스,품질(물품/용역)
2024022814,2024-04-29,남자,20 - 29세,경기도,일반판매,헬스장,계약해제.해지/위약금
2024022815,2024-04-29,여자,40 - 49세,서울특별시,기타,일반강습(입시학원등),계약해제.해지/위약금
2024022816,2024-04-29,여자,20 - 29세,경기도,일반판매,헬스장,계약해제.해지/위약금
2024022817,2024-04-29,여자,20 - 29세,울산광역시,국내온라인거래,스커트,표시.광고
2024022818,2024-04-29,남자,40 - 49세,서울특별시,국내온라인거래,기타숙박시설,계약해제.해지/위약금
2024022819,2024-04-29,여자,30 - 39세,경기도,일반판매,향수,계약해제.해지/위약금
2024022820,2024-04-29,여자,20 - 29세,서울특별시,기타통신판매,인터넷교육서비스,계약해제.해지/위약금
2024022821,2024-04-29,남자,20 - 29세,경기도,국내온라인거래,CD·LD·DVD(영화·음악·게임),청약철회
2024021400,2024-04-29,여자,20 - 29세,서울특별시,국내온라인거래,기타가방,품질(물품/용역)
2024019148,2024-04-29,남자,30 - 39세,서울특별시,소셜커머스(쇼핑),점퍼·재킷류,품질(물품/용역)
2024020333,2024-04-29,여자,40 - 49세,경상남도,일반판매,양복(서양식 의복)세탁,품질(물품/용역)
2024022637,2024-04-29,남자,50 - 59세,서울특별시,전화권유판매,유사투자자문,계약해제.해지/위약금
2024022653,2024-04-29,남자,65 - 69세,대전광역시,방문판매,종신보험,계약불이행(불완전이행)
2024022674,2024-04-29,남자,40 - 49세,서울특별시,기타,상품권,부당행위
2024022710,2024-04-29,여자,40 - 49세,경기도,기타,아파트,부당행위
2024022676,2024-04-29,여자,20 - 29세,경상남도,일반판매,필라테스,계약해제.해지/위약금
2024021424,2024-04-29,남자,40 - 49세,서울특별시,국내온라인거래,스포츠웨어,품질(물품/용역)
2024022626,2024-04-29,남자,50 - 59세,부산광역시,일반판매,치과,품질(물품/용역)
2024022631,2024-04-29,남자,40 - 49세,전라북도,일반판매,대형승용자동차,AS불만
2024022635,2024-04-29,남자,20 - 29세,충청남도,일반판매,중형승용자동차,계약불이행(불완전이행)
2024022665,2024-04-29,남자,30 - 39세,경기도,방문판매,헬스장,계약불이행(불완전이행)
2024022666,2024-04-29,남자,20 - 29세,충청남도,소셜커머스(쇼핑),헤드폰·이어폰,청약철회
2024022623,2024-04-29,남자,50 - 59세,광주광역시,일반판매,건강(암·기타질병)보험,계약불이행(불완전이행)
2024022673,2024-04-29,여자,30 - 39세,서울특별시,국내온라인거래,기타과일·과일가공식품,계약불이행(불완전이행)
2024022659,2024-04-29,남자,70 - 79세,인천광역시,일반판매,이동전화서비스,청약철회
2024022668,2024-04-29,남자,40 - 49세,경상북도,기타,골프회원권,계약불이행(불완전이행)
2024022693,2024-04-29,남자,40 - 49세,서울특별시,일반판매,전기맛사지기,AS불만
2024022703,2024-04-29,남자,40 - 49세,경상남도,방문판매,인터넷교육서비스,계약해제.해지/위약금
2024022725,2024-04-29,여자,40 - 49세,경기도,국내온라인거래,기타신발·용품,품질(물품/용역)
2024022663,2024-04-29,남자,40 - 49세,서울특별시,일반판매,스마트폰,AS불만
2024022671,2024-04-29,남자,30 - 39세,부산광역시,국내온라인거래,티셔츠,계약불이행(불완전이행)
2024022691,2024-04-29,남자,20 - 29세,경기도,일반판매,자동차대여(렌트),계약불이행(불완전이행)
2024022700,2024-04-29,여자,20 - 29세,경기도,일반판매,테니스장스쿼시회원권,계약해제.해지/위약금
2024021607,2024-04-29,여자,60 - 64세,인천광역시,일반판매,이불·요,품질(물품/용역)
2024022832,2024-04-30,여자,20 - 29세,서울특별시,방문판매,기타미분류서비스,계약불이행(불완전이행)
2024022834,2024-04-30,남자,20 - 29세,경기도,일반판매,오피스텔,계약불이행(불완전이행)
2024022855,2024-04-30,남자,60 - 64세,경기도,국내온라인거래,인터넷정보이용서비스,계약해제.해지/위약금
2024022877,2024-04-30,남자,불명,광주광역시,기타,이동전화서비스,품질(물품/용역)
2024022889,2024-04-30,여자,50 - 59세,경기도,일반판매,한방진료,품질(물품/용역)
2024020780,2024-04-30,여자,50 - 59세,대전광역시,일반판매,양복(서양식 의복)세탁,품질(물품/용역)
2024022825,2024-04-30,여자,65 - 69세,부산광역시,일반판매,자동차수리·점검,품질(물품/용역)
2024022857,2024-04-30,남자,20 - 29세,서울특별시,일반판매,외식,품질(물품/용역)
2024022878,2024-04-30,여자,60 - 64세,인천광역시,전화권유판매,유사투자자문,계약해제.해지/위약금
2024022887,2024-04-30,남자,50 - 59세,서울특별시,기타통신판매,오징어,품질(물품/용역)
2024022892,2024-04-30,남자,30 - 39세,인천광역시,국내온라인거래,선글라스,품질(물품/용역)
2024022824,2024-04-30,남자,40 - 49세,울산광역시,일반판매,중고자동차중개·매매,품질(물품/용역)
2024022864,2024-04-30,남자,30 - 39세,세종특별자치시,일반판매,외과,품질(물품/용역)
2024022865,2024-04-30,여자,40 - 49세,경기도,일반판매,정형외과,품질(물품/용역)
2024022875,2024-04-30,남자,30 - 39세,서울특별시,일반판매,중고자동차중개·매매,품질(물품/용역)
2024022880,2024-04-30,남자,30 - 39세,대전광역시,일반판매,호텔,계약해제.해지/위약금
2024022899,2024-04-30,여자,30 - 39세,경기도,소셜커머스(쇼핑),TV,품질(물품/용역)
2024022866,2024-04-30,여자,40 - 49세,인천광역시,일반판매,정수기대여(렌트),부당행위
2024022870,2024-04-30,남자,30 - 39세,서울특별시,기타,자동차주차장,가격.요금
2024022882,2024-04-30,여자,30 - 39세,강원특별자치도,일반판매,요가,계약해제.해지/위약금
2024022891,2024-04-30,여자,60 - 64세,대구광역시,일반판매,실손보험,계약불이행(불완전이행)
2024022895,2024-04-30,남자,80세이상,경기도,일반판매,스마트폰,품질(물품/용역)
2024022896,2024-04-30,남자,40 - 49세,강원특별자치도,국내온라인거래,호텔,계약해제.해지/위약금
2024022922,2024-04-30,여자,50 - 59세,경기도,방문판매,공기청정기대여(렌트),AS불만
2024022902,2024-04-30,남자,50 - 59세,서울특별시,국내온라인거래,항공여객운송서비스,계약해제.해지/위약금
2024022910,2024-04-30,여자,40 - 49세,경기도,일반판매,기타인테리어설비,계약불이행(불완전이행)
2024022041,2024-04-30,여자,50 - 59세,경기도,일반판매,캐주얼바지,품질(물품/용역)
2024021840,2024-04-30,여자,50 - 59세,충청남도,국내온라인거래,점퍼·재킷류,품질(물품/용역)
2024022831,2024-04-30,여자,30 - 39세,경기도,소셜커머스(쇼핑),숙녀화(구두·부츠 등),청약철회
2024022840,2024-04-30,남자,50 - 59세,울산광역시,일반판매,자동차대여(렌트),계약해제.해지/위약금
2024022843,2024-04-30,여자,40 - 49세,광주광역시,기타통신판매,"연회서비스(돌잔치,회갑 등)",계약해제.해지/위약금
2024022912,2024-04-30,여자,불명,서울특별시,일반판매,헬스장,계약해제.해지/위약금
2024022874,2024-04-30,여자,65 - 69세,경기도,국내온라인거래,떡류,계약불이행(불완전이행)
2024022876,2024-04-30,남자,40 - 49세,서울특별시,일반판매,싱크대,계약불이행(불완전이행)
2024022906,2024-04-30,여자,30 - 39세,서울특별시,소셜커머스(쇼핑),기타건강식품,청약철회
2024022909,2024-04-30,여자,50 - 59세,서울특별시,국내온라인거래,호텔,계약해제.해지/위약금
2024022919,2024-04-30,여자,30 - 39세,강원특별자치도,방문판매,인터넷교육서비스,계약해제.해지/위약금
2024022914,2024-04-30,여자,20 - 29세,강원특별자치도,국내온라인거래,기타숙박시설,계약해제.해지/위약금
2024022829,2024-04-30,남자,50 - 59세,경기도,기타통신판매,유사투자자문,계약해제.해지/위약금
2024022884,2024-04-30,여자,40 - 49세,경기도,일반판매,기타사설강습서비스,청약철회
2024022858,2024-04-30,여자,20 - 29세,서울특별시,모바일거래,헬스장,계약해제.해지/위약금
2024022859,2024-04-30,여자,20 - 29세,인천광역시,국내온라인거래,숙녀화(구두·부츠 등),청약철회
2024022888,2024-04-30,여자,30 - 39세,전라남도,일반판매,공기청정기대여(렌트),계약해제.해지/위약금
2024022900,2024-04-30,여자,40 - 49세,서울특별시,국내온라인거래,항공여객운송서비스,계약해제.해지/위약금
2024022903,2024-04-30,여자,20 - 29세,인천광역시,일반판매,샌들·슬리퍼,청약철회
2024022907,2024-04-30,남자,30 - 39세,부산광역시,기타통신판매,룸에어컨,AS불만
2024022908,2024-04-30,여자,30 - 39세,서울특별시,국내온라인거래,기타의류·섬유,품질(물품/용역)
2024022915,2024-04-30,남자,50 - 59세,경기도,일반판매,프린터,품질(물품/용역)
2024022913,2024-04-30,여자,65 - 69세,경기도,국내온라인거래,인터넷정보이용서비스,약관
2024022917,2024-04-30,남자,50 - 59세,대구광역시,국제온라인거래,모바일정보이용서비스,계약해제.해지/위약금
2024022920,2024-04-30,여자,80세이상,충청남도,전화권유판매,기타건강식품,부당행위
2024022833,2024-04-30,여자,40 - 49세,부산광역시,일반판매,헬스장,계약해제.해지/위약금
2024022838,2024-04-30,남자,20 - 29세,서울특별시,일반판매,전기밥솥,AS불만
2024022849,2024-04-30,여자,30 - 39세,경기도,국내온라인거래,항공여객운송서비스,청약철회
2024022860,2024-04-30,남자,40 - 49세,서울특별시,국내온라인거래,기타신발·용품,품질(물품/용역)
2024022862,2024-04-30,여자,20 - 29세,경기도,방문판매,초고속인터넷,계약해제.해지/위약금
2024022868,2024-04-30,여자,30 - 39세,충청남도,기타,필라테스,계약불이행(불완전이행)
2024022901,2024-04-30,여자,50 - 59세,전라남도,국내온라인거래,보석·귀금속,계약불이행(불완전이행)
2024022916,2024-04-30,남자,50 - 59세,경상북도,기타,공제보험,계약불이행(불완전이행)
2024022929,2024-04-30,여자,30 - 39세,경상북도,기타,믹서기,AS불만
2024022930,2024-04-30,남자,30 - 39세,서울특별시,국내온라인거래,벨트,청약철회
2024022931,2024-04-30,남자,40 - 49세,경기도,국내온라인거래,영상게임기,AS불만
2024022932,2024-04-30,여자,30 - 39세,서울특별시,일반판매,기타미분류물품,부당행위
2024022933,2024-04-30,여자,40 - 49세,서울특별시,모바일거래,포장이사운송서비스,품질(물품/용역)
2024022934,2024-04-30,여자,20 - 29세,서울특별시,모바일거래,기타사설강습서비스,계약해제.해지/위약금
2024022935,2024-04-30,남자,30 - 39세,경기도,일반판매,포장이사운송서비스,품질(물품/용역)
2024022936,2024-04-30,남자,30 - 39세,대전광역시,방문판매,헬스장,계약해제.해지/위약금
2024022937,2024-04-30,남자,30 - 39세,인천광역시,일반판매,스마트폰,AS불만
2024022938,2024-04-30,남자,30 - 39세,경기도,소셜커머스(쇼핑),전기장판,AS불만
2024022939,2024-04-30,여자,30 - 39세,서울특별시,국내온라인거래,항공여객운송서비스,계약불이행(불완전이행)
2024022940,2024-04-30,여자,30 - 39세,전라남도,국내온라인거래,숙녀화(구두·부츠 등),청약철회
2024022941,2024-04-30,남자,40 - 49세,경기도,일반판매,이동전화서비스,청약철회
2024022942,2024-04-30,여자,20 - 29세,대전광역시,일반판매,피부·체형관리서비스,품질(물품/용역)
2024022943,2024-04-30,여자,40 - 49세,부산광역시,국내온라인거래,여성용내의류,청약철회
2024022944,2024-04-30,여자,40 - 49세,경상남도,국내온라인거래,주방세트,품질(물품/용역)
2024022945,2024-04-30,여자,40 - 49세,서울특별시,일반판매,항공여객운송서비스,품질(물품/용역)
2024022946,2024-04-30,남자,20 - 29세,경기도,방문판매,헬스장,계약해제.해지/위약금
2024022947,2024-04-30,여자,20 - 29세,인천광역시,일반판매,필라테스,계약해제.해지/위약금
2024022948,2024-04-30,여자,30 - 39세,부산광역시,국내온라인거래,기타회원권,품질(물품/용역)
2024022949,2024-04-30,남자,65 - 69세,경상남도,일반판매,기타채소·채소가공식품,품질(물품/용역)
2024022950,2024-04-30,여자,20 - 29세,대구광역시,방문판매,헬스장,계약해제.해지/위약금
2024022951,2024-04-30,남자,20 - 29세,서울특별시,국내온라인거래,CD·LD·DVD(영화·음악·게임),품질(물품/용역)
2024022952,2024-04-30,여자,30 - 39세,충청북도,일반판매,식탁,계약불이행(불완전이행)
2024022953,2024-04-30,남자,40 - 49세,경기도,국내온라인거래,운동화,약관
2024022954,2024-04-30,여자,20 - 29세,경상남도,일반판매,헬스장,계약해제.해지/위약금
2024022955,2024-04-30,남자,65 - 69세,대전광역시,국제온라인거래,기타악기·용품,청약철회
2024022956,2024-04-30,여자,20 - 29세,서울특별시,국내온라인거래,통신기기케이스,품질(물품/용역)
2024022957,2024-04-30,남자,40 - 49세,경기도,국내온라인거래,블루투스스피커,AS불만
2024022958,2024-04-30,남자,20 - 29세,서울특별시,국내온라인거래,피아노,청약철회
2024022959,2024-04-30,남자,40 - 49세,경기도,국내온라인거래,기타숙박시설,계약해제.해지/위약금
2024022960,2024-04-30,남자,40 - 49세,경상남도,일반판매,기타숙박시설,품질(물품/용역)
2024022961,2024-04-30,남자,20 - 29세,충청남도,일반판매,펜션,청약철회
2024022962,2024-04-30,여자,30 - 39세,충청북도,일반판매,이동전화서비스,계약불이행(불완전이행)
2024022963,2024-04-30,남자,50 - 59세,광주광역시,국제온라인거래,치약,계약불이행(불완전이행)
2024022964,2024-04-30,남자,30 - 39세,서울특별시,전화권유판매,기타매체광고,계약불이행(불완전이행)
2024022965,2024-04-30,여자,30 - 39세,경기도,기타,전기충전기,AS불만
2024022966,2024-04-30,여자,70 - 79세,경기도,일반판매,스포츠웨어,품질(물품/용역)
2024022967,2024-04-30,여자,50 - 59세,전라북도,국내온라인거래,블라우스,청약철회
2024022968,2024-04-30,여자,40 - 49세,경기도,일반판매,학습지,계약해제.해지/위약금
2024022969,2024-04-30,남자,20 - 29세,대전광역시,국내온라인거래,TV,계약불이행(불완전이행)
2024022970,2024-04-30,여자,30 - 39세,대구광역시,기타통신판매,예식서비스,계약해제.해지/위약금
2024022971,2024-04-30,남자,20 - 29세,세종특별자치시,일반판매,헬스장,계약해제.해지/위약금
2024022972,2024-04-30,여자,30 - 39세,경기도,국내온라인거래,스팀다리미,청약철회
2024022973,2024-04-30,여자,40 - 49세,서울특별시,일반판매,선글라스,AS불만
2024022974,2024-04-30,남자,40 - 49세,경기도,소셜커머스(쇼핑),침대,계약불이행(불완전이행)
2024022975,2024-04-30,여자,20 - 29세,서울특별시,일반판매,기타세탁서비스,부당행위
2024022976,2024-04-30,여자,20 - 29세,서울특별시,일반판매,보석·귀금속,계약해제.해지/위약금
2024022977,2024-04-30,남자,50 - 59세,대구광역시,전화권유판매,국내결혼중개,계약해제.해지/위약금
2024022978,2024-04-30,남자,30 - 39세,경기도,국내온라인거래,전자게임기구,청약철회
2024022979,2024-04-30,여자,50 - 59세,부산광역시,일반판매,국내결혼중개,계약불이행(불완전이행)
2024022980,2024-04-30,남자,30 - 39세,서울특별시,일반판매,신사복세트,품질(물품/용역)
2024022981,2024-04-30,남자,20 - 29세,전라북도,국제온라인거래,항공여객운송서비스,청약철회
2024022982,2024-04-30,남자,50 - 59세,서울특별시,일반판매,이동전화서비스,청약철회
2024022983,2024-04-30,남자,30 - 39세,경기도,전화권유판매,기타매체광고,계약해제.해지/위약금
2024022984,2024-04-30,여자,20 - 29세,경상남도,기타,일반강습(입시학원등),계약해제.해지/위약금
2024022985,2024-04-30,여자,30 - 39세,대전광역시,일반판매,변호서비스,부당행위
2024022986,2024-04-30,남자,50 - 59세,경기도,방문판매,정수기대여(렌트),부당행위
2024022987,2024-04-30,여자,40 - 49세,전라남도,국내온라인거래,의자,청약철회
2024022988,2024-04-30,여자,20 - 29세,대구광역시,일반판매,헬스장,계약해제.해지/위약금
2024022989,2024-04-30,여자,20 - 29세,서울특별시,일반판매,헬스장,계약해제.해지/위약금
2024022990,2024-04-30,여자,20 - 29세,서울특별시,국내온라인거래,미분류컨설팅(자문),계약불이행(불완전이행)
2024022991,2024-04-30,남자,30 - 39세,경기도,일반판매,포장이사운송서비스,품질(물품/용역)
2024022992,2024-04-30,남자,50 - 59세,서울특별시,국내온라인거래,기타가방,품질(물품/용역)
2024022993,2024-04-30,여자,30 - 39세,서울특별시,일반판매,피부·체형관리서비스,계약해제.해지/위약금
2024022994,2024-04-30,여자,30 - 39세,경기도,국내온라인거래,헤드폰·이어폰,부당행위
2024022995,2024-04-30,여자,30 - 39세,서울특별시,일반판매,미용서비스,계약해제.해지/위약금
2024022996,2024-04-30,여자,40 - 49세,서울특별시,소셜커머스(쇼핑),인덕션레인지,품질(물품/용역)
2024022997,2024-04-30,여자,40 - 49세,경기도,일반판매,기타회원권,계약불이행(불완전이행)
2024022998,2024-04-30,남자,40 - 49세,경기도,전화권유판매,국내결혼중개,계약불이행(불완전이행)
2024022999,2024-04-30,여자,30 - 39세,전라북도,국내온라인거래,결혼준비대행서비스,계약해제.해지/위약금
2024023000,2024-04-30,남자,20 - 29세,대구광역시,방문판매,이동전화서비스,청약철회
2024023001,2024-04-30,여자,40 - 49세,광주광역시,국내온라인거래,숙녀화(구두·부츠 등),청약철회
2024023002,2024-04-30,여자,20 - 29세,서울특별시,모바일거래,건물청소서비스,계약해제.해지/위약금
2024023003,2024-04-30,남자,40 - 49세,서울특별시,TV홈쇼핑,호텔,계약불이행(불완전이행)
2024023004,2024-04-30,남자,30 - 39세,울산광역시,일반판매,항공여객운송서비스,이자.수수료
2024023005,2024-04-30,여자,30 - 39세,서울특별시,일반판매,필라테스,계약해제.해지/위약금
2024023006,2024-04-30,남자,50 - 59세,서울특별시,기타통신판매,호텔,부당행위
2024023007,2024-04-30,여자,30 - 39세,경기도,국내온라인거래,이동전화서비스,부당행위
2024023008,2024-04-30,여자,40 - 49세,울산광역시,방문판매,영화관람,청약철회
2024023009,2024-04-30,여자,30 - 39세,서울특별시,일반판매,기타가방,부당행위
2024023010,2024-04-30,여자,20 - 29세,서울특별시,국내온라인거래,의자,품질(물품/용역)
2024023011,2024-04-30,여자,20 - 29세,서울특별시,국내온라인거래,캐주얼바지,청약철회
2024023012,2024-04-30,여자,50 - 59세,인천광역시,일반판매,스프링매트리스,품질(물품/용역)
2024023013,2024-04-30,남자,20 - 29세,경기도,노상판매,헬스장,계약해제.해지/위약금
2024023014,2024-04-30,여자,30 - 39세,경기도,일반판매,헬스장,계약해제.해지/위약금
2024023015,2024-04-30,여자,20 - 29세,서울특별시,국내온라인거래,항공여객운송서비스,계약해제.해지/위약금
2024023016,2024-04-30,여자,20 - 29세,경기도,일반판매,헬스장,계약해제.해지/위약금
2024023017,2024-04-30,여자,10 - 19세,충청남도,일반판매,헬스장,계약해제.해지/위약금
2024023018,2024-04-30,남자,30 - 39세,제주도,기타,미분류컨설팅(자문),계약해제.해지/위약금
2024023019,2024-04-30,여자,20 - 29세,서울특별시,기타,기타조리기기·기구,품질(물품/용역)
2024023020,2024-04-30,여자,20 - 29세,경기도,기타,항공여객운송서비스,계약불이행(불완전이행)
2024023021,2024-04-30,남자,30 - 39세,경기도,기타,국내결혼중개,계약해제.해지/위약금
2024023022,2024-04-30,여자,50 - 59세,경기도,일반판매,식탁,부당행위
2024023023,2024-04-30,남자,30 - 39세,광주광역시,국내온라인거래,항공여객운송서비스,계약불이행(불완전이행)
2024023024,2024-04-30,여자,50 - 59세,경기도,기타,포장이사운송서비스,품질(물품/용역)
2024023025,2024-04-30,남자,40 - 49세,대구광역시,모바일거래,인터넷게임서비스,청약철회
2024023026,2024-04-30,남자,20 - 29세,서울특별시,방문판매,피부·체형관리서비스,계약불이행(불완전이행)
2024023027,2024-04-30,남자,30 - 39세,경기도,기타,국외여행,계약해제.해지/위약금
2024023028,2024-04-30,남자,30 - 39세,경기도,일반판매,정수기,청약철회
2024023029,2024-04-30,여자,20 - 29세,경기도,국내온라인거래,기타세탁서비스,품질(물품/용역)
2024022822,2024-04-30,남자,80세이상,대전광역시,일반판매,안마의자,품질(물품/용역)
2024022823,2024-04-30,남자,30 - 39세,경기도,일반판매,자동차수리·점검,품질(물품/용역)
2024022836,2024-04-30,여자,50 - 59세,경기도,일반판매,필라테스,계약해제.해지/위약금
2024022845,2024-04-30,남자,불명,서울특별시,국내온라인거래,택배화물운송서비스,계약불이행(불완전이행)
2024022851,2024-04-30,남자,65 - 69세,경상남도,국내온라인거래,인터넷교육서비스,계약해제.해지/위약금
2024022854,2024-04-30,남자,40 - 49세,서울특별시,국내온라인거래,보석·귀금속,계약불이행(불완전이행)
2024022883,2024-04-30,남자,40 - 49세,대구광역시,소셜커머스(쇼핑),선풍기,품질(물품/용역)
2024022893,2024-04-30,여자,20 - 29세,충청남도,국내온라인거래,항공여객운송서비스,청약철회
2024022827,2024-04-30,남자,50 - 59세,서울특별시,국내온라인거래,티셔츠,청약철회
2024022885,2024-04-30,여자,60 - 64세,서울특별시,국내온라인거래,원피스,청약철회
2024022850,2024-04-30,남자,60 - 64세,경기도,국내온라인거래,가구세트,계약불이행(불완전이행)
2024022867,2024-04-30,여자,30 - 39세,경기도,일반판매,중형승용자동차,품질(물품/용역)
2024022886,2024-04-30,여자,40 - 49세,서울특별시,일반판매,사진촬영,계약해제.해지/위약금
2024022897,2024-04-30,여자,30 - 39세,경기도,국내온라인거래,전기맛사지기,청약철회
2024022898,2024-04-30,남자,40 - 49세,경기도,일반판매,항공여객운송서비스,계약해제.해지/위약금
2024022828,2024-04-30,남자,50 - 59세,울산광역시,전화권유판매,유사투자자문,계약해제.해지/위약금
2024022837,2024-04-30,여자,50 - 59세,대구광역시,일반판매,헬스장,계약해제.해지/위약금
2024022844,2024-04-30,여자,40 - 49세,경기도,국내온라인거래,전기장판,AS불만
2024022847,2024-04-30,여자,20 - 29세,서울특별시,일반판매,미용서비스,계약불이행(불완전이행)
2024022848,2024-04-30,남자,20 - 29세,충청북도,국제온라인거래,항공여객운송서비스,계약해제.해지/위약금
2024022852,2024-04-30,여자,60 - 64세,대구광역시,국내온라인거래,기타어패류·어패류가공식품,계약불이행(불완전이행)
2024022853,2024-04-30,남자,불명,대구광역시,방문판매,기타의료용구,표시.광고
2024022894,2024-04-30,남자,30 - 39세,서울특별시,전화권유판매,기타매체광고,계약해제.해지/위약금
2024022686,2024-04-30,여자,50 - 59세,경기도,일반판매,점퍼·재킷류,품질(물품/용역)
2024022826,2024-04-30,남자,20 - 29세,경기도,일반판매,수영장회원권,계약해제.해지/위약금
2024022830,2024-04-30,여자,20 - 29세,경기도,일반판매,자동차수리·점검,AS불만
2024022863,2024-04-30,남자,50 - 59세,서울특별시,기타,정수기대여(렌트),계약해제.해지/위약금
2024023077,2024-05-01,남자,30 - 39세,충청남도,국내온라인거래,기타책상·테이블류,품질(물품/용역)
2024023056,2024-05-01,남자,20 - 29세,대전광역시,국제온라인거래,기타서적음반류,부당행위
2024023057,2024-05-01,여자,30 - 39세,경기도,기타,모바일정보이용서비스,계약해제.해지/위약금
2024023058,2024-05-01,여자,20 - 29세,강원특별자치도,일반판매,고시원이용,계약해제.해지/위약금
2024023059,2024-05-01,여자,20 - 29세,서울특별시,일반판매,필라테스,계약해제.해지/위약금
2024023060,2024-05-01,남자,50 - 59세,대전광역시,기타,헬스장,계약해제.해지/위약금
2024023061,2024-05-01,여자,20 - 29세,서울특별시,일반판매,필라테스,계약해제.해지/위약금
2024023062,2024-05-01,여자,30 - 39세,부산광역시,국내온라인거래,기타의류·섬유,청약철회
2024023063,2024-05-01,남자,20 - 29세,서울특별시,일반판매,항공여객운송서비스,계약불이행(불완전이행)
2024023064,2024-05-01,여자,30 - 39세,부산광역시,소셜커머스(쇼핑),책장·서가,품질(물품/용역)
2024023065,2024-05-01,여자,50 - 59세,강원특별자치도,국내온라인거래,텐트,계약불이행(불완전이행)
2024023066,2024-05-01,여자,30 - 39세,경기도,전화권유판매,변호서비스,계약불이행(불완전이행)
2024023067,2024-05-01,여자,40 - 49세,경기도,기타통신판매,정수기대여(렌트),계약해제.해지/위약금
2024023068,2024-05-01,남자,20 - 29세,서울특별시,국내온라인거래,선박여객운송서비스,계약불이행(불완전이행)
2024023069,2024-05-01,여자,20 - 29세,부산광역시,국내온라인거래,거울,품질(물품/용역)
2024023070,2024-05-01,남자,40 - 49세,경기도,일반판매,기타자동차용품,부당행위
2024023071,2024-05-01,여자,30 - 39세,광주광역시,방문판매,아파트,계약해제.해지/위약금
2024023072,2024-05-01,여자,30 - 39세,서울특별시,모바일거래,보석·귀금속,청약철회
2024023073,2024-05-01,남자,20 - 29세,경기도,모바일거래,건물청소서비스,계약불이행(불완전이행)
2024023074,2024-05-01,남자,40 - 49세,경기도,방문판매,헬스장,계약해제.해지/위약금
2024023075,2024-05-01,여자,70 - 79세,경기도,국내온라인거래,숙녀복세트,품질(물품/용역)
2024023076,2024-05-01,여자,20 - 29세,경기도,국내온라인거래,기타의류·섬유,단순문의.상담
2024022249,2024-05-01,여자,40 - 49세,서울특별시,일반판매,점퍼·재킷류,품질(물품/용역)
2024022075,2024-05-01,여자,30 - 39세,서울특별시,일반판매,무스탕,품질(물품/용역)
2024023030,2024-05-01,여자,30 - 39세,서울특별시,모바일거래,숙녀화(구두·부츠 등),계약불이행(불완전이행)
2024023031,2024-05-01,여자,20 - 29세,경기도,기타,헬스장,계약해제.해지/위약금
2024023032,2024-05-01,남자,40 - 49세,충청남도,국내온라인거래,전기진공청소기,품질(물품/용역)
2024023033,2024-05-01,남자,50 - 59세,세종특별자치시,일반판매,비데,계약해제.해지/위약금
2024023034,2024-05-01,여자,50 - 59세,대전광역시,일반판매,헬스장,계약해제.해지/위약금
2024023035,2024-05-01,여자,50 - 59세,인천광역시,국내온라인거래,커튼,표시.광고
2024023036,2024-05-01,여자,60 - 64세,서울특별시,TV홈쇼핑,정수기대여(렌트),품질(물품/용역)
2024023037,2024-05-01,여자,50 - 59세,서울특별시,전화권유판매,기타미분류서비스,계약해제.해지/위약금
2024023038,2024-05-01,남자,30 - 39세,경기도,국내온라인거래,안경·안경테,청약철회
2024023039,2024-05-01,남자,30 - 39세,광주광역시,방문판매,헬스장,청약철회
2024023040,2024-05-01,남자,50 - 59세,서울특별시,국내온라인거래,기타방송서비스,계약해제.해지/위약금
2024023041,2024-05-01,여자,30 - 39세,인천광역시,일반판매,스포츠시설이용,안전(제품/시설)
2024023042,2024-05-01,여자,50 - 59세,부산광역시,TV홈쇼핑,소파,표시.광고
2024023043,2024-05-01,남자,20 - 29세,서울특별시,일반판매,헬스장,계약해제.해지/위약금
2024023044,2024-05-01,여자,50 - 59세,경상북도,일반판매,기타인테리어설비,부당행위
2024023045,2024-05-01,남자,20 - 29세,서울특별시,국제온라인거래,모바일정보이용서비스,계약해제.해지/위약금
2024023046,2024-05-01,여자,20 - 29세,경기도,일반판매,헬스장,계약해제.해지/위약금
2024023047,2024-05-01,여자,20 - 29세,경기도,소셜커머스(쇼핑),점퍼·재킷류,품질(물품/용역)
2024023048,2024-05-01,남자,20 - 29세,서울특별시,일반판매,예식서비스,계약해제.해지/위약금
2024023049,2024-05-01,여자,20 - 29세,경기도,방문판매,피부·체형관리서비스,계약해제.해지/위약금
2024023050,2024-05-01,여자,20 - 29세,울산광역시,일반판매,외국어강습,계약해제.해지/위약금
2024023051,2024-05-01,남자,30 - 39세,서울특별시,국제온라인거래,항공여객운송서비스,계약해제.해지/위약금
2024023052,2024-05-01,여자,50 - 59세,부산광역시,일반판매,전기의류건조기,품질(물품/용역)
2024023053,2024-05-01,남자,50 - 59세,인천광역시,국내온라인거래,흥신소,계약해제.해지/위약금
2024023054,2024-05-01,남자,40 - 49세,서울특별시,국내온라인거래,스마트폰,품질(물품/용역)
2024023055,2024-05-01,남자,20 - 29세,부산광역시,일반판매,헬스장,계약해제.해지/위약금
2024022721,2024-05-01,여자,40 - 49세,경기도,일반판매,양복(서양식 의복)세탁,품질(물품/용역)
2024023120,2024-05-02,남자,20 - 29세,대전광역시,일반판매,헬스장,계약해제.해지/위약금
2024023133,2024-05-02,남자,30 - 39세,전라남도,일반판매,건물청소서비스,부당행위
2024023134,2024-05-02,남자,40 - 49세,경기도,일반판매,각종쿠폰류(무료통화권포함),부당행위
2024023156,2024-05-02,남자,60 - 64세,경기도,기타,정형외과,품질(물품/용역)
2024023148,2024-05-02,여자,30 - 39세,경기도,방문판매,침대,계약해제.해지/위약금
2024023123,2024-05-02,남자,20 - 29세,서울특별시,일반판매,전기자전거,AS불만
2024023153,2024-05-02,여자,40 - 49세,대전광역시,국내온라인거래,항공여객운송서비스,청약철회
2024023165,2024-05-02,남자,60 - 64세,강원특별자치도,기타통신판매,국외여행,계약해제.해지/위약금
2024023110,2024-05-02,남자,40 - 49세,충청남도,일반판매,기타행정서비스,계약불이행(불완전이행)
2024023116,2024-05-02,여자,50 - 59세,경기도,TV홈쇼핑,상조서비스,청약철회
2024023117,2024-05-02,남자,80세이상,인천광역시,일반판매,이동전화서비스,가격.요금
2024023129,2024-05-02,여자,40 - 49세,경상북도,국내온라인거래,초음파방충기,계약불이행(불완전이행)
2024023142,2024-05-02,남자,30 - 39세,서울특별시,전화권유판매,유사투자자문,계약해제.해지/위약금
2024023147,2024-05-02,여자,40 - 49세,광주광역시,일반판매,실손보험,계약불이행(불완전이행)
2024023149,2024-05-02,남자,30 - 39세,대전광역시,국내온라인거래,믹서기,품질(물품/용역)
2024023085,2024-05-02,남자,20 - 29세,울산광역시,모바일거래,카셰어링,가격.요금
2024021825,2024-05-02,남자,30 - 39세,전라북도,일반판매,티셔츠,품질(물품/용역)
2024022713,2024-05-02,남자,50 - 59세,경기도,일반판매,양복(서양식 의복)세탁,품질(물품/용역)
2024021396,2024-05-02,남자,50 - 59세,경상북도,일반판매,캐주얼바지,품질(물품/용역)
2024022682,2024-05-02,여자,65 - 69세,경기도,일반판매,양복(서양식 의복)세탁,품질(물품/용역)
2024023168,2024-05-02,남자,불명,대구광역시,국내온라인거래,점퍼·재킷류,청약철회
2024023160,2024-05-02,남자,40 - 49세,경기도,일반판매,대형승용자동차,계약불이행(불완전이행)
2024023097,2024-05-02,남자,50 - 59세,대전광역시,일반판매,중고자동차중개·매매,AS불만
2024023099,2024-05-02,남자,30 - 39세,대구광역시,기타통신판매,차량용블랙박스,AS불만
2024023112,2024-05-02,남자,70 - 79세,서울특별시,일반판매,일반자전거,품질(물품/용역)
2024023221,2024-05-02,남자,20 - 29세,부산광역시,국내온라인거래,의자,계약불이행(불완전이행)
2024023222,2024-05-02,여자,20 - 29세,광주광역시,일반판매,변호서비스,계약해제.해지/위약금
2024023223,2024-05-02,여자,30 - 39세,경상남도,방문판매,헬스장,계약해제.해지/위약금
2024023224,2024-05-02,여자,30 - 39세,경기도,국내온라인거래,보석·귀금속,청약철회
2024023225,2024-05-02,남자,30 - 39세,광주광역시,일반판매,도어클로우저,계약불이행(불완전이행)
2024023226,2024-05-02,남자,65 - 69세,경상남도,일반판매,사진촬영,부당행위
2024023227,2024-05-02,여자,50 - 59세,경기도,국내온라인거래,기타악기·용품,청약철회
2024023228,2024-05-02,여자,40 - 49세,서울특별시,국내온라인거래,스팀다리미,AS불만
2024023229,2024-05-02,남자,30 - 39세,대전광역시,국내온라인거래,태블릿PC,청약철회
2024023230,2024-05-02,여자,30 - 39세,서울특별시,국내온라인거래,호텔,계약해제.해지/위약금
2024023231,2024-05-02,남자,40 - 49세,경상북도,국내온라인거래,냉장고,품질(물품/용역)
2024023232,2024-05-02,여자,20 - 29세,서울특별시,방문판매,자동차견인,가격.요금
2024023233,2024-05-02,여자,40 - 49세,제주도,기타,기타미분류서비스,계약해제.해지/위약금
2024023234,2024-05-02,여자,50 - 59세,부산광역시,일반판매,항공여객운송서비스,계약불이행(불완전이행)
2024023235,2024-05-02,남자,30 - 39세,서울특별시,국내온라인거래,포장이사운송서비스,품질(물품/용역)
2024023236,2024-05-02,남자,50 - 59세,충청남도,기타통신판매,벽지·바닥재,청약철회
2024023237,2024-05-02,여자,30 - 39세,서울특별시,국내온라인거래,밀가루,청약철회
2024023238,2024-05-02,남자,50 - 59세,경기도,일반판매,헬스장,계약해제.해지/위약금
2024023103,2024-05-02,남자,30 - 39세,광주광역시,기타통신판매,기타숙박시설,계약불이행(불완전이행)
2024023111,2024-05-02,여자,20 - 29세,서울특별시,일반판매,원피스,청약철회
2024023114,2024-05-02,여자,10 - 19세,전라남도,기타,스마트폰,AS불만
2024023239,2024-05-02,여자,50 - 59세,인천광역시,일반판매,필라테스,계약불이행(불완전이행)
2024023240,2024-05-02,여자,30 - 39세,서울특별시,기타통신판매,꽃·화초·화환,청약철회
2024023241,2024-05-02,남자,30 - 39세,경기도,국내온라인거래,항공여객운송서비스,계약불이행(불완전이행)
2024023242,2024-05-02,남자,30 - 39세,인천광역시,기타,결혼준비대행서비스,계약해제.해지/위약금
2024023243,2024-05-02,여자,30 - 39세,경기도,일반판매,독서실이용,계약해제.해지/위약금
2024023244,2024-05-02,남자,40 - 49세,경기도,모바일거래,항공여객운송서비스,부당행위
2024023245,2024-05-02,남자,30 - 39세,전라남도,소셜커머스(쇼핑),태블릿PC,청약철회
2024023246,2024-05-02,여자,20 - 29세,경기도,모바일거래,미분류컨설팅(자문),계약해제.해지/위약금
2024023247,2024-05-02,여자,30 - 39세,대전광역시,일반판매,보석·귀금속,청약철회
2024023248,2024-05-02,여자,30 - 39세,서울특별시,기타,정수기대여(렌트),계약해제.해지/위약금
2024023249,2024-05-02,남자,30 - 39세,경기도,일반판매,기타가구,계약해제.해지/위약금
2024023250,2024-05-02,여자,20 - 29세,경기도,모바일거래,호텔,계약불이행(불완전이행)
2024023251,2024-05-02,여자,30 - 39세,서울특별시,국내온라인거래,기타의류·섬유,청약철회
2024023252,2024-05-02,여자,20 - 29세,서울특별시,국내온라인거래,선박여객운송서비스,계약불이행(불완전이행)
2024023253,2024-05-02,여자,30 - 39세,서울특별시,일반판매,예식서비스,계약해제.해지/위약금
2024023080,2024-05-02,여자,30 - 39세,경기도,국내온라인거래,호텔,계약해제.해지/위약금
2024023093,2024-05-02,남자,50 - 59세,부산광역시,일반판매,공제보험,계약불이행(불완전이행)
2024023095,2024-05-02,남자,40 - 49세,대구광역시,일반판매,중형승용자동차,품질(물품/용역)
2024023098,2024-05-02,여자,30 - 39세,서울특별시,국내온라인거래,여성용내의류,품질(물품/용역)
2024023130,2024-05-02,여자,50 - 59세,부산광역시,일반판매,호텔,계약불이행(불완전이행)
2024023138,2024-05-02,남자,30 - 39세,경기도,국내온라인거래,티셔츠,청약철회
2024023139,2024-05-02,여자,60 - 64세,경기도,일반판매,상해보험,약관
2024023141,2024-05-02,여자,40 - 49세,인천광역시,국내온라인거래,포장이사운송서비스,품질(물품/용역)
2024023151,2024-05-02,남자,50 - 59세,경기도,전화권유판매,이동전화서비스,부당행위
2024020850,2024-05-02,여자,40 - 49세,경기도,일반판매,양복(서양식 의복)세탁,품질(물품/용역)
2024022032,2024-05-02,남자,50 - 59세,경기도,일반판매,신사복상의,품질(물품/용역)
2024020799,2024-05-02,여자,30 - 39세,대전광역시,일반판매,핸드백,품질(물품/용역)
2024022705,2024-05-02,여자,30 - 39세,경기도,국내온라인거래,니트(스웨터),청약철회
2024020596,2024-05-02,남자,40 - 49세,경기도,일반판매,양복(서양식 의복)세탁,품질(물품/용역)
2024022689,2024-05-02,남자,30 - 39세,경기도,국내온라인거래,양복(서양식 의복)세탁,품질(물품/용역)
2024021884,2024-05-02,남자,40 - 49세,경기도,일반판매,피혁세탁,품질(물품/용역)
2024022714,2024-05-02,남자,50 - 59세,경기도,일반판매,양복(서양식 의복)세탁,품질(물품/용역)
2024022707,2024-05-02,여자,30 - 39세,인천광역시,일반판매,양복(서양식 의복)세탁,품질(물품/용역)
2024021617,2024-05-02,남자,30 - 39세,대구광역시,일반판매,양복(서양식 의복)세탁,품질(물품/용역)
2024023084,2024-05-02,남자,20 - 29세,대전광역시,일반판매,자동차대여(렌트),부당행위
2024023092,2024-05-02,남자,50 - 59세,대전광역시,일반판매,전기자전거,품질(물품/용역)
2024023083,2024-05-02,남자,60 - 64세,경기도,기타,소형화물자동차,AS불만
2024023090,2024-05-02,여자,20 - 29세,경기도,일반판매,치과,계약해제.해지/위약금
2024023124,2024-05-02,남자,30 - 39세,서울특별시,일반판매,양복(서양식 의복)세탁,품질(물품/용역)
2024023131,2024-05-02,남자,불명,울산광역시,일반판매,오토바이,AS불만
2024023170,2024-05-02,여자,30 - 39세,대전광역시,일반판매,부동산중개,계약불이행(불완전이행)
2024023171,2024-05-02,남자,40 - 49세,대구광역시,국내온라인거래,골프회원권,청약철회
2024023172,2024-05-02,여자,20 - 29세,서울특별시,일반판매,필라테스,계약해제.해지/위약금
2024023173,2024-05-02,여자,30 - 39세,전라남도,국내온라인거래,소파,품질(물품/용역)
2024023174,2024-05-02,여자,10세 미만,광주광역시,국내온라인거래,기타신발·용품,청약철회
2024023175,2024-05-02,여자,30 - 39세,경기도,국내온라인거래,사진촬영,계약불이행(불완전이행)
2024023176,2024-05-02,남자,40 - 49세,서울특별시,국제온라인거래,철도여객운송서비스,계약해제.해지/위약금
2024023177,2024-05-02,남자,30 - 39세,경기도,방문판매,예식서비스,계약해제.해지/위약금
2024023178,2024-05-02,남자,30 - 39세,서울특별시,일반판매,전기충전기,AS불만
2024023179,2024-05-02,남자,20 - 29세,인천광역시,국내온라인거래,기타미분류서비스,계약해제.해지/위약금
2024023180,2024-05-02,남자,40 - 49세,경상남도,국내온라인거래,국외여행,청약철회
2024023181,2024-05-02,여자,50 - 59세,서울특별시,국내온라인거래,기타신발·용품,청약철회
2024023182,2024-05-02,남자,30 - 39세,경기도,방문판매,일반강습(입시학원등),계약해제.해지/위약금
2024023183,2024-05-02,남자,30 - 39세,경기도,일반판매,포장이사운송서비스,가격.요금
2024023184,2024-05-02,여자,30 - 39세,서울특별시,일반판매,기타빵·과자류,계약불이행(불완전이행)
2024023185,2024-05-02,여자,40 - 49세,경기도,일반판매,고시원이용,청약철회
2024023186,2024-05-02,남자,20 - 29세,부산광역시,기타통신판매,인터넷게임서비스,부당행위
2024023187,2024-05-02,남자,30 - 39세,울산광역시,모바일거래,기타인테리어설비,계약불이행(불완전이행)
2024023188,2024-05-02,여자,20 - 29세,인천광역시,모바일거래,모바일정보이용서비스,가격.요금
2024023189,2024-05-02,여자,20 - 29세,경기도,일반판매,헬스장,계약해제.해지/위약금
2024023190,2024-05-02,여자,40 - 49세,부산광역시,일반판매,국외여행,계약해제.해지/위약금
2024023191,2024-05-02,여자,20 - 29세,충청북도,일반판매,호텔,부당행위
2024023192,2024-05-02,남자,30 - 39세,경기도,일반판매,헬스장,계약해제.해지/위약금
2024023193,2024-05-02,여자,30 - 39세,경상남도,일반판매,음식물처리기대여(렌트),품질(물품/용역)
2024023194,2024-05-02,여자,20 - 29세,경상남도,모바일거래,기타의류·섬유,부당행위
2024023195,2024-05-02,남자,30 - 39세,경상북도,기타,국내결혼중개,계약해제.해지/위약금
2024023196,2024-05-02,남자,40 - 49세,경기도,방문판매,기타자전거용품,품질(물품/용역)
2024023197,2024-05-02,여자,20 - 29세,대구광역시,기타,기타미분류서비스,부당행위
2024023198,2024-05-02,여자,50 - 59세,충청북도,기타,포장이사운송서비스,부당행위
2024023199,2024-05-02,여자,30 - 39세,서울특별시,소셜커머스(쇼핑),캐주얼바지,품질(물품/용역)
2024023200,2024-05-02,여자,30 - 39세,경기도,일반판매,헬스장,계약해제.해지/위약금
2024023201,2024-05-02,남자,20 - 29세,경상남도,국내온라인거래,기타자동차용품,품질(물품/용역)
2024023202,2024-05-02,남자,40 - 49세,충청남도,국내온라인거래,게,품질(물품/용역)
2024023203,2024-05-02,남자,30 - 39세,서울특별시,국내온라인거래,전기충전기,안전(제품/시설)
2024023204,2024-05-02,남자,30 - 39세,경기도,일반판매,헬스장,계약해제.해지/위약금
2024023205,2024-05-02,남자,40 - 49세,서울특별시,방문판매,미분류대여(렌트),계약해제.해지/위약금
2024023206,2024-05-02,여자,30 - 39세,경상북도,일반판매,보석·귀금속,품질(물품/용역)
2024023207,2024-05-02,여자,20 - 29세,서울특별시,기타,각종자격취득강습,계약해제.해지/위약금
2024023208,2024-05-02,남자,20 - 29세,광주광역시,국내온라인거래,기타의류·섬유,청약철회
2024023209,2024-05-02,여자,60 - 64세,서울특별시,일반판매,수영장회원권,계약해제.해지/위약금
2024023210,2024-05-02,남자,20 - 29세,서울특별시,기타,노트북컴퓨터,AS불만
2024023211,2024-05-02,여자,50 - 59세,제주도,일반판매,헬스장,계약해제.해지/위약금
2024023212,2024-05-02,여자,20 - 29세,충청북도,일반판매,예식서비스,계약해제.해지/위약금
2024023213,2024-05-02,여자,30 - 39세,인천광역시,국제온라인거래,항공여객운송서비스,계약해제.해지/위약금
2024023214,2024-05-02,남자,40 - 49세,서울특별시,국내온라인거래,항공여객운송서비스,청약철회
2024023215,2024-05-02,남자,40 - 49세,인천광역시,기타,변호서비스,계약불이행(불완전이행)
2024023216,2024-05-02,남자,50 - 59세,경기도,국내온라인거래,TV,AS불만
2024023217,2024-05-02,여자,30 - 39세,대구광역시,전화권유판매,인터넷정보이용서비스,계약불이행(불완전이행)
2024023218,2024-05-02,여자,40 - 49세,서울특별시,전화권유판매,기타미분류물품,청약철회
2024023219,2024-05-02,남자,30 - 39세,서울특별시,일반판매,기타사설강습서비스,계약해제.해지/위약금
2024023220,2024-05-02,남자,20 - 29세,경상남도,일반판매,국외여행,계약해제.해지/위약금
2024023078,2024-05-02,남자,30 - 39세,서울특별시,일반판매,헬스장,계약해제.해지/위약금
2024023081,2024-05-02,남자,40 - 49세,경기도,일반판매,기타자동차부품,계약해제.해지/위약금
2024023082,2024-05-02,여자,불명,경기도,일반판매,대형승용자동차,계약불이행(불완전이행)
2024023121,2024-05-02,여자,65 - 69세,부산광역시,일반판매,실손보험,계약불이행(불완전이행)
2024022708,2024-05-02,여자,30 - 39세,인천광역시,일반판매,양복(서양식 의복)세탁,품질(물품/용역)
2024021832,2024-05-02,여자,20 - 29세,서울특별시,국내온라인거래,스포츠웨어,품질(물품/용역)
2024022241,2024-05-02,남자,50 - 59세,부산광역시,일반판매,캐주얼바지,품질(물품/용역)
2024022688,2024-05-02,여자,50 - 59세,충청남도,일반판매,기타가방,품질(물품/용역)
2024022038,2024-05-02,남자,30 - 39세,전라남도,일반판매,티셔츠,품질(물품/용역)
2024023089,2024-05-02,여자,50 - 59세,부산광역시,일반판매,실손보험,계약불이행(불완전이행)
2024023079,2024-05-02,여자,20 - 29세,서울특별시,일반판매,핸드백,계약불이행(불완전이행)
2024023094,2024-05-02,남자,80세이상,부산광역시,기타,기타인테리어설비,계약불이행(불완전이행)
2024023096,2024-05-02,남자,70 - 79세,서울특별시,일반판매,시계,품질(물품/용역)
2024023100,2024-05-02,여자,50 - 59세,경기도,일반판매,스마트폰,AS불만
2024023136,2024-05-02,여자,20 - 29세,경상북도,국내온라인거래,기타건강식품,계약해제.해지/위약금
2024023144,2024-05-02,여자,30 - 39세,대전광역시,국내온라인거래,태블릿PC,계약불이행(불완전이행)
2024023146,2024-05-02,남자,60 - 64세,서울특별시,국제온라인거래,항공여객운송서비스,계약해제.해지/위약금
2024023155,2024-05-02,남자,60 - 64세,전라북도,기타,마취통증의학과,품질(물품/용역)
2024023158,2024-05-02,여자,40 - 49세,경기도,일반판매,TV,품질(물품/용역)
2024023162,2024-05-02,남자,40 - 49세,서울특별시,국내온라인거래,전기자전거,계약불이행(불완전이행)
2024023135,2024-05-02,여자,20 - 29세,서울특별시,국내온라인거래,숙녀화(구두·부츠 등),청약철회
2024023167,2024-05-02,남자,30 - 39세,서울특별시,일반판매,기타세탁서비스,부당행위
2024023169,2024-05-02,여자,30 - 39세,인천광역시,방문판매,기타사설강습서비스,계약불이행(불완전이행)
2024022068,2024-05-02,여자,40 - 49세,서울특별시,일반판매,피혁세탁,품질(물품/용역)
2024022098,2024-05-02,여자,30 - 39세,제주도,국내온라인거래,핸드백,청약철회
2024021848,2024-05-02,여자,30 - 39세,울산광역시,일반판매,양복(서양식 의복)세탁,품질(물품/용역)
2024021843,2024-05-02,남자,30 - 39세,대전광역시,일반판매,양복(서양식 의복)세탁,품질(물품/용역)
2024023255,2024-05-03,여자,20 - 29세,경기도,일반판매,동물병원,품질(물품/용역)
2024023268,2024-05-03,여자,30 - 39세,부산광역시,국내온라인거래,전기자전거,계약해제.해지/위약금
2024023274,2024-05-03,남자,40 - 49세,전라북도,일반판매,건강(암·기타질병)보험,계약불이행(불완전이행)
2024023275,2024-05-03,남자,30 - 39세,서울특별시,국내온라인거래,카셰어링,부당행위
2024023284,2024-05-03,여자,40 - 49세,경기도,일반판매,기타회원권,계약해제.해지/위약금
2024023286,2024-05-03,남자,30 - 39세,광주광역시,일반판매,피부과,계약해제.해지/위약금
2024023290,2024-05-03,여자,50 - 59세,대구광역시,일반판매,이비인후과,품질(물품/용역)
2024023295,2024-05-03,남자,50 - 59세,광주광역시,일반판매,자동차수리·점검,AS불만
2024023326,2024-05-03,남자,30 - 39세,서울특별시,일반판매,섀시설비,AS불만
2024023342,2024-05-03,여자,40 - 49세,경기도,국내온라인거래,호텔,청약철회
2024023357,2024-05-03,남자,40 - 49세,강원특별자치도,국내온라인거래,기타주택·건물,계약불이행(불완전이행)
2024023363,2024-05-03,여자,50 - 59세,경기도,일반판매,고시원이용,계약해제.해지/위약금
2024023364,2024-05-03,여자,50 - 59세,경기도,TV홈쇼핑,기타의료용구,청약철회
2024023291,2024-05-03,여자,50 - 59세,울산광역시,일반판매,시스템에어컨,품질(물품/용역)
2024023334,2024-05-03,여자,30 - 39세,대전광역시,일반판매,이불·침대커버,계약불이행(불완전이행)
2024023355,2024-05-03,남자,30 - 39세,전라남도,모바일거래,신유형상품권,거래관행
2024023382,2024-05-03,여자,50 - 59세,경상남도,일반판매,건강(암·기타질병)보험,단순문의.상담
2024023367,2024-05-03,남자,50 - 59세,대전광역시,일반판매,오피스텔,표시.광고
2024023402,2024-05-03,남자,60 - 64세,경기도,일반판매,이동전화서비스,청약철회
2024023396,2024-05-03,여자,50 - 59세,광주광역시,국내온라인거래,점퍼·재킷류,청약철회
2024023401,2024-05-03,남자,70 - 79세,서울특별시,기타,기타이동통신,단순문의.상담
2024023403,2024-05-03,남자,20 - 29세,서울특별시,국내온라인거래,기타문화·오락시설이용,청약철회
2024023404,2024-05-03,여자,40 - 49세,서울특별시,일반판매,기타시력보조기구,품질(물품/용역)
2024023405,2024-05-03,여자,30 - 39세,경기도,일반판매,영어자격(능력)시험,계약해제.해지/위약금
2024023406,2024-05-03,남자,30 - 39세,대구광역시,방문판매,기타인테리어설비,계약불이행(불완전이행)
2024023407,2024-05-03,남자,40 - 49세,부산광역시,국내온라인거래,냉장고,계약해제.해지/위약금
2024023408,2024-05-03,여자,40 - 49세,경기도,방문판매,다이어트식품,계약해제.해지/위약금
2024023409,2024-05-03,남자,50 - 59세,서울특별시,일반판매,기타컴퓨터·주변기기,AS불만
2024023410,2024-05-03,여자,40 - 49세,경기도,일반판매,양복(서양식 의복)세탁,품질(물품/용역)
2024023411,2024-05-03,남자,40 - 49세,인천광역시,일반판매,소파,AS불만
2024023412,2024-05-03,여자,20 - 29세,경기도,일반판매,헬스장,계약해제.해지/위약금
2024023413,2024-05-03,여자,65 - 69세,서울특별시,TV홈쇼핑,국외여행,계약해제.해지/위약금
2024023414,2024-05-03,남자,30 - 39세,경기도,국제온라인거래,항공여객운송서비스,계약해제.해지/위약금
2024023415,2024-05-03,여자,50 - 59세,경기도,일반판매,요가,계약해제.해지/위약금
2024023416,2024-05-03,남자,40 - 49세,서울특별시,기타,TV,부당행위
2024023417,2024-05-03,여자,20 - 29세,경기도,기타,각종공연관람,부당행위
2024023418,2024-05-03,여자,30 - 39세,인천광역시,국내온라인거래,운동화,청약철회
2024023419,2024-05-03,여자,30 - 39세,인천광역시,일반판매,할인회원권,청약철회
2024023420,2024-05-03,남자,30 - 39세,경기도,기타통신판매,기타알선·중개·번역서비스,부당행위
2024023421,2024-05-03,여자,20 - 29세,서울특별시,방문판매,기타의료용구,품질(물품/용역)
2024023422,2024-05-03,여자,30 - 39세,서울특별시,국내온라인거래,캐주얼바지,청약철회
2024023423,2024-05-03,여자,50 - 59세,경기도,국내온라인거래,국외여행,품질(물품/용역)
2024023424,2024-05-03,여자,30 - 39세,경기도,일반판매,헬스장,계약해제.해지/위약금
2024023425,2024-05-03,남자,50 - 59세,서울특별시,국내온라인거래,티셔츠,청약철회
2024023426,2024-05-03,여자,30 - 39세,강원특별자치도,방문판매,헬스장,계약해제.해지/위약금
2024023427,2024-05-03,여자,30 - 39세,인천광역시,국내온라인거래,항공여객운송서비스,계약해제.해지/위약금
2024023428,2024-05-03,여자,20 - 29세,서울특별시,국내온라인거래,통신기기케이스,청약철회
2024023429,2024-05-03,여자,50 - 59세,경기도,일반판매,스마트폰,부당행위
2024023430,2024-05-03,남자,30 - 39세,경기도,국내온라인거래,모바일게임서비스,부당행위
2024023431,2024-05-03,여자,40 - 49세,서울특별시,국내온라인거래,기타스포츠·레저기구·용품,품질(물품/용역)
2024023432,2024-05-03,남자,50 - 59세,서울특별시,TV홈쇼핑,침대,청약철회
2024023298,2024-05-03,남자,40 - 49세,경기도,일반판매,대형승용자동차,AS불만
2024023301,2024-05-03,남자,40 - 49세,대구광역시,국내온라인거래,진단검사의학과,계약해제.해지/위약금
2024023390,2024-05-03,여자,40 - 49세,경기도,기타,신용카드,계약불이행(불완전이행)
2024023433,2024-05-03,남자,60 - 64세,서울특별시,국제온라인거래,석유곤로,계약해제.해지/위약금
2024023434,2024-05-03,여자,30 - 39세,서울특별시,국내온라인거래,기타숙박시설,계약불이행(불완전이행)
2024023435,2024-05-03,여자,20 - 29세,대구광역시,국내온라인거래,기타의류·섬유,청약철회
2024023436,2024-05-03,남자,65 - 69세,경기도,일반판매,초고속인터넷,가격.요금
2024023437,2024-05-03,여자,20 - 29세,서울특별시,국내온라인거래,항공여객운송서비스,계약해제.해지/위약금
2024023438,2024-05-03,남자,30 - 39세,경기도,일반판매,헬스장,계약해제.해지/위약금
2024023439,2024-05-03,여자,30 - 39세,서울특별시,일반판매,미용서비스,계약해제.해지/위약금
2024023440,2024-05-03,여자,30 - 39세,경기도,일반판매,헬스장,계약해제.해지/위약금
2024023441,2024-05-03,여자,30 - 39세,경기도,국내온라인거래,단행본,계약불이행(불완전이행)
2024023442,2024-05-03,여자,50 - 59세,전라북도,방문판매,숙녀복세트,품질(물품/용역)
2024023443,2024-05-03,여자,40 - 49세,서울특별시,기타,기타사설강습서비스,계약해제.해지/위약금
2024023444,2024-05-03,여자,40 - 49세,경기도,국내온라인거래,원피스,청약철회
2024023445,2024-05-03,여자,40 - 49세,전라북도,국내온라인거래,국내여행,청약철회
2024023446,2024-05-03,남자,40 - 49세,충청남도,기타,운전강습,청약철회
2024023447,2024-05-03,여자,30 - 39세,전라북도,국내온라인거래,매트,품질(물품/용역)
2024023448,2024-05-03,여자,50 - 59세,광주광역시,일반판매,메이크업강습,계약해제.해지/위약금
2024023449,2024-05-03,여자,40 - 49세,경상북도,일반판매,가스보일러,계약불이행(불완전이행)
2024023450,2024-05-03,여자,30 - 39세,서울특별시,방문판매,헬스장,계약해제.해지/위약금
2024023451,2024-05-03,남자,30 - 39세,서울특별시,국내온라인거래,돼지고기,안전(제품/시설)
2024023452,2024-05-03,남자,50 - 59세,서울특별시,국내온라인거래,기타가방,품질(물품/용역)
2024023453,2024-05-03,여자,20 - 29세,인천광역시,일반판매,헬스장,계약해제.해지/위약금
2024023454,2024-05-03,여자,30 - 39세,경기도,기타,인터넷교육서비스,거래관행
2024023455,2024-05-03,남자,20 - 29세,서울특별시,일반판매,헬스장,계약해제.해지/위약금
2024023456,2024-05-03,남자,30 - 39세,경기도,일반판매,항공여객운송서비스,품질(물품/용역)
2024023457,2024-05-03,남자,30 - 39세,충청남도,방문판매,콘도회원권,부당행위
2024023458,2024-05-03,남자,50 - 59세,서울특별시,국내온라인거래,서랍장,청약철회
2024023459,2024-05-03,여자,30 - 39세,경기도,국내온라인거래,기타조미식품,품질(물품/용역)
2024023460,2024-05-03,남자,불명,대전광역시,일반판매,애완견,품질(물품/용역)
2024023461,2024-05-03,여자,20 - 29세,대전광역시,일반판매,헬스장,계약해제.해지/위약금
2024023462,2024-05-03,남자,40 - 49세,전라남도,국내온라인거래,노트북컴퓨터,청약철회
2024023463,2024-05-03,남자,50 - 59세,서울특별시,일반판매,싱크대,AS불만
2024023464,2024-05-03,여자,20 - 29세,경기도,일반판매,사진촬영,계약해제.해지/위약금
2024023465,2024-05-03,남자,40 - 49세,서울특별시,노상판매,점퍼·재킷류,품질(물품/용역)
2024023466,2024-05-03,여자,20 - 29세,경기도,일반판매,헬스장,계약해제.해지/위약금
2024023467,2024-05-03,남자,40 - 49세,인천광역시,국내온라인거래,기타자동차부품,계약해제.해지/위약금
2024023468,2024-05-03,여자,20 - 29세,부산광역시,국내온라인거래,기타간편복,계약해제.해지/위약금
2024023469,2024-05-03,여자,30 - 39세,경기도,일반판매,미용서비스,품질(물품/용역)
2024023470,2024-05-03,남자,20 - 29세,경기도,일반판매,스마트폰,품질(물품/용역)
2024023471,2024-05-03,여자,20 - 29세,서울특별시,일반판매,헬스장,계약해제.해지/위약금
2024023472,2024-05-03,여자,30 - 39세,경기도,일반판매,양복(서양식 의복)세탁,품질(물품/용역)
2024023473,2024-05-03,여자,20 - 29세,강원특별자치도,일반판매,아파트,계약해제.해지/위약금
2024023474,2024-05-03,여자,20 - 29세,경기도,국제온라인거래,호텔,계약불이행(불완전이행)
2024023475,2024-05-03,여자,40 - 49세,강원특별자치도,일반판매,정수기대여(렌트),가격.요금
2024023476,2024-05-03,남자,30 - 39세,경기도,일반판매,PDA단말기,가격.요금
2024023477,2024-05-03,여자,40 - 49세,서울특별시,TV홈쇼핑,소파,품질(물품/용역)
2024023478,2024-05-03,여자,40 - 49세,서울특별시,방문판매,피부·체형관리서비스,계약불이행(불완전이행)
2024023479,2024-05-03,여자,30 - 39세,경기도,일반판매,운전강습,계약해제.해지/위약금
2024023480,2024-05-03,남자,40 - 49세,서울특별시,국내온라인거래,항공여객운송서비스,품질(물품/용역)
2024023481,2024-05-03,남자,40 - 49세,서울특별시,일반판매,스마트폰,가격.요금
2024023482,2024-05-03,남자,50 - 59세,경기도,전화권유판매,정수기대여(렌트),계약해제.해지/위약금
2024023483,2024-05-03,남자,30 - 39세,경기도,일반판매,도색공사,계약불이행(불완전이행)
2024023484,2024-05-03,여자,30 - 39세,제주도,방문판매,헬스장,계약해제.해지/위약금
2024023485,2024-05-03,남자,30 - 39세,경기도,국내온라인거래,기타재봉·세탁·청소용품,청약철회
2024023486,2024-05-03,여자,20 - 29세,대전광역시,국내온라인거래,호텔,계약불이행(불완전이행)
2024023487,2024-05-03,남자,30 - 39세,서울특별시,기타,이동전화서비스,가격.요금
2024023488,2024-05-03,여자,20 - 29세,경기도,방문판매,헬스장,계약해제.해지/위약금
2024023489,2024-05-03,여자,30 - 39세,경기도,일반판매,기타교육서비스,청약철회
2024023490,2024-05-03,여자,30 - 39세,대전광역시,일반판매,헬스장,계약해제.해지/위약금
2024023491,2024-05-03,여자,20 - 29세,경기도,국내온라인거래,각종공연관람,계약해제.해지/위약금
2024023492,2024-05-03,남자,20 - 29세,경상남도,기타,소파,청약철회
2024023493,2024-05-03,여자,30 - 39세,서울특별시,국내온라인거래,각종공연관람,부당행위
2024023494,2024-05-03,남자,40 - 49세,인천광역시,일반판매,방범경보장치,품질(물품/용역)
2024023495,2024-05-03,여자,30 - 39세,대구광역시,국내온라인거래,식탁,청약철회
2024023496,2024-05-03,여자,40 - 49세,경기도,일반판매,포장이사운송서비스,품질(물품/용역)
2024023497,2024-05-03,남자,20 - 29세,충청남도,일반판매,버스여객운송서비스,계약불이행(불완전이행)
2024023498,2024-05-03,남자,40 - 49세,서울특별시,모바일거래,기타관람·감상,부당행위
2024023499,2024-05-03,남자,40 - 49세,서울특별시,국내온라인거래,면도기,AS불만
2024023500,2024-05-03,여자,40 - 49세,서울특별시,기타,종합체육시설회원권,계약해제.해지/위약금
2024023501,2024-05-03,남자,65 - 69세,충청북도,국내온라인거래,소프트웨어,계약불이행(불완전이행)
2024023502,2024-05-03,남자,40 - 49세,서울특별시,소셜커머스(쇼핑),기타통신기기,가격.요금
2024022723,2024-05-03,여자,20 - 29세,경기도,국내온라인거래,양복(서양식 의복)세탁,품질(물품/용역)
2024023259,2024-05-03,남자,30 - 39세,서울특별시,일반판매,카셰어링,계약해제.해지/위약금
2024023285,2024-05-03,여자,20 - 29세,경기도,일반판매,치과,계약해제.해지/위약금
2024023288,2024-05-03,남자,40 - 49세,경기도,모바일거래,모바일게임서비스,계약불이행(불완전이행)
2024023293,2024-05-03,남자,30 - 39세,서울특별시,모바일거래,인터넷교육서비스,계약해제.해지/위약금
2024023313,2024-05-03,남자,40 - 49세,부산광역시,방문판매,호텔,부당행위
2024023314,2024-05-03,여자,60 - 64세,부산광역시,일반판매,공제보험,계약불이행(불완전이행)
2024023315,2024-05-03,여자,40 - 49세,부산광역시,국제온라인거래,기타건강식품,계약불이행(불완전이행)
2024023317,2024-05-03,남자,40 - 49세,서울특별시,일반판매,기타사설강습서비스,계약불이행(불완전이행)
2024023328,2024-05-03,여자,40 - 49세,서울특별시,모바일거래,기타숙박시설,계약해제.해지/위약금
2024023344,2024-05-03,남자,65 - 69세,대전광역시,전화권유판매,유사투자자문,계약해제.해지/위약금
2024023346,2024-05-03,남자,30 - 39세,강원특별자치도,일반판매,애완견,품질(물품/용역)
2024023362,2024-05-03,남자,20 - 29세,서울특별시,일반판매,헬스장,계약해제.해지/위약금
2024023366,2024-05-03,여자,50 - 59세,경기도,전화권유판매,기타건강식품,계약해제.해지/위약금
2024023374,2024-05-03,남자,50 - 59세,서울특별시,방문판매,차량용블랙박스,청약철회
2024023381,2024-05-03,여자,30 - 39세,경기도,국내온라인거래,아동용내의류,표시.광고
2024023386,2024-05-03,남자,40 - 49세,대전광역시,기타통신판매,기타문화·오락시설이용,계약해제.해지/위약금
2024023503,2024-05-03,여자,20 - 29세,서울특별시,모바일거래,CD·LD·DVD(영화·음악·게임),청약철회
2024023504,2024-05-03,남자,40 - 49세,경기도,국내온라인거래,스피커,청약철회
2024023505,2024-05-03,남자,30 - 39세,부산광역시,국내온라인거래,헤드폰·이어폰,품질(물품/용역)
2024023506,2024-05-03,여자,40 - 49세,경기도,모바일거래,기타신발·용품,청약철회
2024023388,2024-05-03,남자,40 - 49세,경상남도,소셜커머스(쇼핑),기타건강식품,청약철회
2024023330,2024-05-03,남자,30 - 39세,서울특별시,국내온라인거래,침대,AS불만
2024023347,2024-05-03,여자,20 - 29세,경기도,기타,포장이사운송서비스,가격.요금
2024023376,2024-05-03,여자,70 - 79세,광주광역시,기타,상해보험,계약불이행(불완전이행)
2024023306,2024-05-03,여자,20 - 29세,경기도,국내온라인거래,기타이·미용기구,품질(물품/용역)
2024023308,2024-05-03,여자,10 - 19세,서울특별시,일반판매,미용서비스,안전(제품/시설)
2024023312,2024-05-03,남자,40 - 49세,전라남도,일반판매,중형승용자동차,품질(물품/용역)
2024023332,2024-05-03,남자,40 - 49세,서울특별시,일반판매,종신보험,계약불이행(불완전이행)
2024023343,2024-05-03,여자,50 - 59세,경기도,일반판매,룸에어컨,계약불이행(불완전이행)
2024023345,2024-05-03,여자,20 - 29세,서울특별시,일반판매,동물병원,품질(물품/용역)
2024023265,2024-05-03,여자,30 - 39세,부산광역시,일반판매,헬스장,부당행위
2024023277,2024-05-03,여자,40 - 49세,대전광역시,국내온라인거래,캐주얼바지,청약철회
2024023280,2024-05-03,남자,50 - 59세,경기도,TV홈쇼핑,음식물처리기대여(렌트),계약불이행(불완전이행)
2024023287,2024-05-03,여자,20 - 29세,서울특별시,국제온라인거래,호텔,청약철회
2024023297,2024-05-03,남자,20 - 29세,해외 및 기타,국제온라인거래,모바일게임서비스,계약불이행(불완전이행)
2024023311,2024-05-03,여자,40 - 49세,서울특별시,소셜커머스(쇼핑),전기장판,안전(제품/시설)
2024023333,2024-05-03,여자,20 - 29세,대전광역시,전화권유판매,모바일정보이용서비스,계약불이행(불완전이행)
2024023292,2024-05-03,여자,50 - 59세,경상남도,일반판매,건강(암·기타질병)보험,계약불이행(불완전이행)
2024023318,2024-05-03,여자,40 - 49세,서울특별시,국내온라인거래,식기세척기,계약불이행(불완전이행)
2024023379,2024-05-03,남자,20 - 29세,서울특별시,일반판매,해외유학알선,계약해제.해지/위약금
2024023389,2024-05-03,남자,60 - 64세,대구광역시,기타통신판매,침대·매트리스대여(렌트),계약불이행(불완전이행)
2024023391,2024-05-03,남자,70 - 79세,경기도,일반판매,헬스장,계약해제.해지/위약금
2024023325,2024-05-03,여자,30 - 39세,경기도,국내온라인거래,기타가방,품질(물품/용역)
2024023327,2024-05-03,여자,40 - 49세,제주도,일반판매,타이어,품질(물품/용역)
2024023331,2024-05-03,남자,40 - 49세,서울특별시,기타,모바일게임서비스,부당행위
2024023336,2024-05-03,여자,50 - 59세,부산광역시,전화권유판매,정수기대여(렌트),품질(물품/용역)
2024023339,2024-05-03,남자,40 - 49세,대전광역시,일반판매,숙녀복상의,계약해제.해지/위약금
2024023341,2024-05-03,여자,40 - 49세,서울특별시,국내온라인거래,옷장,계약불이행(불완전이행)
2024023340,2024-05-03,남자,50 - 59세,광주광역시,방문판매,콘도회원권,계약해제.해지/위약금
2024023356,2024-05-03,여자,50 - 59세,인천광역시,일반판매,헬스장,계약해제.해지/위약금
2024023283,2024-05-03,남자,불명,전라북도,국내온라인거래,모바일정보이용서비스,무능력자계약
2024023322,2024-05-03,여자,50 - 59세,서울특별시,TV홈쇼핑,압력솥,품질(물품/용역)
2024023324,2024-05-03,여자,40 - 49세,경기도,소셜커머스(쇼핑),옷장,AS불만
2024023352,2024-05-03,남자,65 - 69세,충청북도,전화권유판매,기타정보이용서비스,계약해제.해지/위약금
2024023371,2024-05-03,남자,불명,경기도,국내온라인거래,신유형상품권,부당행위
2024023262,2024-05-03,여자,40 - 49세,경기도,국내온라인거래,기타의류·섬유,청약철회
2024023263,2024-05-03,남자,60 - 64세,서울특별시,기타,카셰어링,부당행위
2024023296,2024-05-03,여자,60 - 64세,서울특별시,방문판매,인터넷교육서비스,계약불이행(불완전이행)
2024023302,2024-05-03,여자,30 - 39세,광주광역시,일반판매,변호서비스,계약해제.해지/위약금
2024023303,2024-05-03,여자,20 - 29세,충청북도,국내온라인거래,옷장,품질(물품/용역)
2024023309,2024-05-03,여자,30 - 39세,대구광역시,일반판매,예식서비스,계약해제.해지/위약금
2024023320,2024-05-03,남자,40 - 49세,서울특별시,일반판매,운동화,AS불만
2024023329,2024-05-03,여자,40 - 49세,충청북도,소셜커머스(쇼핑),운동화,청약철회
2024023354,2024-05-03,남자,30 - 39세,경기도,기타통신판매,대리운전,계약불이행(불완전이행)
2024023365,2024-05-03,여자,30 - 39세,광주광역시,방문판매,헬스장,계약해제.해지/위약금
2024023375,2024-05-03,여자,70 - 79세,광주광역시,기타,상해보험,계약불이행(불완전이행)
2024023397,2024-05-03,남자,30 - 39세,서울특별시,국내온라인거래,기타의료서비스,단순문의.상담
2024023338,2024-05-03,여자,30 - 39세,경상남도,소셜커머스(쇼핑),기타가구,청약철회
2024023373,2024-05-03,여자,30 - 39세,강원특별자치도,일반판매,실손보험,계약불이행(불완전이행)
2024022728,2024-05-03,여자,30 - 39세,경기도,국내온라인거래,기타가방,품질(물품/용역)
2024023254,2024-05-03,남자,30 - 39세,대구광역시,일반판매,예식서비스,부당행위
2024023294,2024-05-03,여자,30 - 39세,전라북도,일반판매,펜션,계약해제.해지/위약금
2024023335,2024-05-03,여자,65 - 69세,경상남도,국내온라인거래,국외여행,계약해제.해지/위약금
2024023348,2024-05-03,남자,50 - 59세,서울특별시,일반판매,중고자동차중개·매매,품질(물품/용역)
2024023368,2024-05-03,남자,40 - 49세,경기도,국내온라인거래,호텔,계약불이행(불완전이행)
2024023716,2024-05-03,여자,30 - 39세,서울특별시,국내온라인거래,각종공연관람,부당행위
2024023256,2024-05-03,여자,50 - 59세,인천광역시,일반판매,기타인테리어설비,품질(물품/용역)
2024023257,2024-05-03,여자,50 - 59세,전라북도,기타,상해보험,계약불이행(불완전이행)
2024023271,2024-05-03,남자,30 - 39세,경기도,전화권유판매,유사투자자문,계약해제.해지/위약금
2024023264,2024-05-03,여자,30 - 39세,세종특별자치시,일반판매,헬스장,계약해제.해지/위약금
2024023266,2024-05-03,남자,30 - 39세,서울특별시,일반판매,헬스장,계약해제.해지/위약금
2024023267,2024-05-03,여자,20 - 29세,부산광역시,소셜커머스(쇼핑),신유형상품권,표시.광고
2024023269,2024-05-03,남자,30 - 39세,경기도,국내온라인거래,인터넷게임서비스,약관
2024023276,2024-05-03,남자,65 - 69세,서울특별시,일반판매,기타육류·육류가공식품,품질(물품/용역)
2024023282,2024-05-03,여자,30 - 39세,충청남도,모바일거래,소파,계약불이행(불완전이행)
2024023300,2024-05-03,남자,50 - 59세,경기도,일반판매,대형승용자동차,품질(물품/용역)
2024023304,2024-05-03,여자,30 - 39세,서울특별시,국내온라인거래,핸드백,계약불이행(불완전이행)
2024023305,2024-05-03,남자,30 - 39세,경기도,일반판매,대형승용자동차,품질(물품/용역)
2024023383,2024-05-03,여자,30 - 39세,경기도,방문판매,필라테스,계약해제.해지/위약금
2024023384,2024-05-03,여자,40 - 49세,인천광역시,기타통신판매,일반이사운송서비스,계약해제.해지/위약금
2024023385,2024-05-03,남자,50 - 59세,인천광역시,일반판매,건강(암·기타질병)보험,약관
2024023395,2024-05-03,남자,30 - 39세,광주광역시,일반판매,포장이사운송서비스,계약불이행(불완전이행)
2024023270,2024-05-03,남자,40 - 49세,경기도,국내온라인거래,전기자전거,품질(물품/용역)
2024023278,2024-05-03,여자,40 - 49세,광주광역시,국내온라인거래,밥솥,품질(물품/용역)
2024023258,2024-05-03,남자,20 - 29세,서울특별시,일반판매,기타문화·오락시설이용,부당행위
2024023281,2024-05-03,여자,20 - 29세,울산광역시,모바일거래,여성용내의류,청약철회
2024023608,2024-05-04,여자,20 - 29세,경기도,일반판매,헬스장,계약해제.해지/위약금
2024023609,2024-05-04,여자,40 - 49세,인천광역시,국내온라인거래,소프트웨어,청약철회
2024023610,2024-05-04,여자,20 - 29세,서울특별시,일반판매,피부·체형관리서비스,청약철회
2024023611,2024-05-04,여자,30 - 39세,경기도,국내온라인거래,보석·귀금속,청약철회
2024023601,2024-05-04,남자,40 - 49세,경상남도,국내온라인거래,기타의료용구,청약철회
2024023602,2024-05-04,남자,30 - 39세,서울특별시,기타,룸에어컨,품질(물품/용역)
2024023603,2024-05-04,여자,30 - 39세,서울특별시,기타통신판매,건물청소서비스,계약불이행(불완전이행)
2024023604,2024-05-04,남자,50 - 59세,전라북도,일반판매,시스템에어컨,품질(물품/용역)
2024023605,2024-05-04,남자,20 - 29세,서울특별시,일반판매,헬스장,계약해제.해지/위약금
2024023606,2024-05-04,여자,70 - 79세,부산광역시,기타통신판매,스마트폰,계약불이행(불완전이행)
2024023607,2024-05-04,여자,20 - 29세,서울특별시,방문판매,피부·체형관리서비스,부당행위
2024023701,2024-05-05,여자,70 - 79세,서울특별시,방문판매,기타의료용구,품질(물품/용역)
2024023702,2024-05-05,남자,30 - 39세,경상남도,일반판매,사진촬영,계약해제.해지/위약금
2024023703,2024-05-05,여자,20 - 29세,서울특별시,일반판매,필라테스,계약해제.해지/위약금
2024023704,2024-05-05,남자,40 - 49세,서울특별시,소셜커머스(쇼핑),전기면도기,품질(물품/용역)
2024023705,2024-05-05,여자,20 - 29세,서울특별시,방문판매,요가,계약해제.해지/위약금
2024023706,2024-05-05,여자,20 - 29세,서울특별시,국제온라인거래,항공여객운송서비스,계약해제.해지/위약금
2024023707,2024-05-05,남자,40 - 49세,서울특별시,기타,포장이사운송서비스,품질(물품/용역)
2024023708,2024-05-05,여자,40 - 49세,경상남도,소셜커머스(쇼핑),벨트,계약불이행(불완전이행)
2024023709,2024-05-05,남자,50 - 59세,서울특별시,일반판매,기타인테리어설비,계약해제.해지/위약금
2024023710,2024-05-05,남자,30 - 39세,전라북도,일반판매,국내결혼중개,계약해제.해지/위약금
2024023711,2024-05-05,여자,10 - 19세,경기도,기타,국외여행,계약불이행(불완전이행)
2024023712,2024-05-05,남자,20 - 29세,경기도,일반판매,헬스장,계약해제.해지/위약금
2024023713,2024-05-05,남자,30 - 39세,경기도,국내온라인거래,기타완구·인형,계약불이행(불완전이행)
2024023714,2024-05-05,여자,20 - 29세,인천광역시,일반판매,외식,품질(물품/용역)
2024023715,2024-05-05,남자,20 - 29세,대구광역시,국제온라인거래,항공여객운송서비스,청약철회
2024023717,2024-05-06,남자,40 - 49세,서울특별시,모바일거래,대리운전,부당행위
2024023718,2024-05-06,여자,20 - 29세,세종특별자치시,소셜커머스(쇼핑),기타가구,품질(물품/용역)
2024023719,2024-05-06,남자,50 - 59세,부산광역시,국제온라인거래,오디오세트,품질(물품/용역)
2024023720,2024-05-06,남자,40 - 49세,서울특별시,기타,콘도회원권,계약해제.해지/위약금
2024023721,2024-05-06,여자,50 - 59세,광주광역시,일반판매,소파,품질(물품/용역)
2024023722,2024-05-06,여자,30 - 39세,서울특별시,국내온라인거래,기타가방,청약철회
2024023723,2024-05-06,남자,20 - 29세,경기도,국내온라인거래,보석·귀금속,청약철회
2024023724,2024-05-06,여자,40 - 49세,경기도,방문판매,기타매체광고,계약해제.해지/위약금
2024023725,2024-05-06,남자,65 - 69세,경기도,일반판매,가스보일러,품질(물품/용역)
2024023726,2024-05-06,남자,30 - 39세,서울특별시,일반판매,침대,계약해제.해지/위약금
2024023727,2024-05-06,남자,30 - 39세,인천광역시,기타,일반강습(입시학원등),계약해제.해지/위약금
2024023728,2024-05-06,남자,30 - 39세,강원특별자치도,국내온라인거래,기타육류·육류가공식품,청약철회
2024023729,2024-05-06,남자,80세이상,경상남도,일반판매,쇠고기,거래관행
2024023730,2024-05-06,남자,50 - 59세,서울특별시,기타,욕실설비,품질(물품/용역)
2024023731,2024-05-06,여자,20 - 29세,대전광역시,모바일거래,기타미분류서비스,계약불이행(불완전이행)
2024018107,2024-05-07,여자,30 - 39세,경상남도,일반판매,신발세탁,계약불이행(불완전이행)
2024023733,2024-05-07,남자,20 - 29세,경기도,기타,신용카드,부당행위
2024023747,2024-05-07,남자,30 - 39세,서울특별시,일반판매,실손보험,계약불이행(불완전이행)
2024023805,2024-05-07,여자,30 - 39세,대전광역시,일반판매,피부과,계약해제.해지/위약금
2024023779,2024-05-07,여자,40 - 49세,서울특별시,방문판매,학습지,계약불이행(불완전이행)
2024023791,2024-05-07,남자,20 - 29세,경기도,기타통신판매,자동차대여(렌트),부당행위
2024023808,2024-05-07,남자,20 - 29세,인천광역시,국내온라인거래,항공여객운송서비스,계약해제.해지/위약금
2024023839,2024-05-07,남자,50 - 59세,서울특별시,전화권유판매,기타매체광고,계약해제.해지/위약금
2024023854,2024-05-07,여자,30 - 39세,인천광역시,모바일거래,식사배달,안전(제품/시설)
2024023857,2024-05-07,남자,80세이상,충청북도,일반판매,신경외과,품질(물품/용역)
2024023840,2024-05-07,여자,50 - 59세,서울특별시,기타,외국어강습,계약해제.해지/위약금
2024023858,2024-05-07,여자,40 - 49세,서울특별시,일반판매,한의원,계약해제.해지/위약금
2024020104,2024-05-07,남자,50 - 59세,대구광역시,국내온라인거래,등산화,품질(물품/용역)
2024020086,2024-05-07,여자,40 - 49세,경기도,일반판매,운동화,품질(물품/용역)
2024023803,2024-05-07,여자,50 - 59세,서울특별시,일반판매,통합보장보험,계약불이행(불완전이행)
2024023811,2024-05-07,남자,50 - 59세,경기도,국내온라인거래,인터넷교육서비스,계약해제.해지/위약금
2024023848,2024-05-07,여자,20 - 29세,경기도,국내온라인거래,호텔,부당행위
2024023853,2024-05-07,여자,40 - 49세,경기도,일반판매,기타인테리어설비,계약불이행(불완전이행)
2024023789,2024-05-07,여자,20 - 29세,서울특별시,일반판매,헬스장,계약해제.해지/위약금
2024023797,2024-05-07,남자,30 - 39세,서울특별시,일반판매,기타문화·오락시설이용,표시.광고
2024023810,2024-05-07,여자,40 - 49세,경기도,국내온라인거래,기타문화·오락시설이용,계약불이행(불완전이행)
2024023830,2024-05-07,남자,30 - 39세,경기도,국내온라인거래,캐주얼바지,표시.광고
2024023843,2024-05-07,여자,65 - 69세,제주도,국내온라인거래,전기프라이팬,품질(물품/용역)
2024023851,2024-05-07,여자,30 - 39세,서울특별시,기타통신판매,보석·귀금속,부당행위
2024023852,2024-05-07,남자,40 - 49세,서울특별시,일반판매,택배화물운송서비스,품질(물품/용역)
2024023763,2024-05-07,여자,40 - 49세,부산광역시,모바일거래,카셰어링,계약해제.해지/위약금
2024023734,2024-05-07,남자,30 - 39세,대구광역시,기타,수리공구,AS불만
2024023759,2024-05-07,여자,30 - 39세,서울특별시,기타통신판매,국외여행,품질(물품/용역)
2024023741,2024-05-07,남자,40 - 49세,경기도,국내온라인거래,모자,계약불이행(불완전이행)
2024023757,2024-05-07,여자,40 - 49세,부산광역시,기타통신판매,인터넷교육서비스,계약해제.해지/위약금
2024023765,2024-05-07,남자,60 - 64세,서울특별시,국내온라인거래,기타미분류물품,품질(물품/용역)
2024023776,2024-05-07,남자,20 - 29세,서울특별시,국내온라인거래,쇠고기포장육,계약해제.해지/위약금
2024023786,2024-05-07,남자,30 - 39세,서울특별시,일반판매,기타문화·오락시설이용,안전(제품/시설)
2024023794,2024-05-07,남자,30 - 39세,서울특별시,기타,이동전화서비스,계약불이행(불완전이행)
2024023800,2024-05-07,남자,30 - 39세,경상북도,일반판매,골프회원권,계약해제.해지/위약금
2024023828,2024-05-07,여자,40 - 49세,부산광역시,일반판매,건강(암·기타질병)보험,계약불이행(불완전이행)
2024023849,2024-05-07,여자,40 - 49세,부산광역시,일반판매,애완견,품질(물품/용역)
2024023861,2024-05-07,남자,70 - 79세,광주광역시,일반판매,기타옥외장비·설비,가격.요금
2024023868,2024-05-07,여자,30 - 39세,서울특별시,일반판매,필라테스,계약해제.해지/위약금
2024023744,2024-05-07,남자,30 - 39세,서울특별시,국내온라인거래,인터넷정보이용서비스,약관
2024023750,2024-05-07,남자,30 - 39세,부산광역시,일반판매,변액보험,약관
2024023752,2024-05-07,여자,30 - 39세,대구광역시,기타,성형외과,계약해제.해지/위약금
2024023834,2024-05-07,남자,60 - 64세,서울특별시,일반판매,아파트,AS불만
2024023842,2024-05-07,여자,30 - 39세,경상남도,국제온라인거래,호텔,청약철회
2024023845,2024-05-07,여자,50 - 59세,서울특별시,일반판매,기타의자류,청약철회
2024023850,2024-05-07,남자,40 - 49세,서울특별시,국내온라인거래,기타서적음반류,청약철회
2024023953,2024-05-07,남자,20 - 29세,전라북도,기타,일반강습(입시학원등),계약해제.해지/위약금
2024023954,2024-05-07,여자,20 - 29세,강원특별자치도,소셜커머스(쇼핑),헤드폰·이어폰,계약불이행(불완전이행)
2024023955,2024-05-07,남자,30 - 39세,경기도,국내온라인거래,통신기기케이스,청약철회
2024023956,2024-05-07,여자,40 - 49세,서울특별시,일반판매,산후조리원,계약해제.해지/위약금
2024023957,2024-05-07,남자,50 - 59세,부산광역시,TV홈쇼핑,국외여행,계약불이행(불완전이행)
2024023958,2024-05-07,남자,65 - 69세,경상북도,일반판매,국외여행,계약해제.해지/위약금
2024023959,2024-05-07,여자,40 - 49세,서울특별시,국내온라인거래,기타이·미용기구,청약철회
2024023960,2024-05-07,여자,40 - 49세,서울특별시,기타통신판매,기타전기,가격.요금
2024023961,2024-05-07,남자,40 - 49세,경기도,일반판매,호텔,계약해제.해지/위약금
2024023962,2024-05-07,남자,40 - 49세,서울특별시,국내온라인거래,점퍼·재킷류,청약철회
2024023963,2024-05-07,남자,20 - 29세,경기도,일반판매,헬스장,계약해제.해지/위약금
2024023964,2024-05-07,남자,30 - 39세,서울특별시,국제온라인거래,항공여객운송서비스,계약해제.해지/위약금
2024023965,2024-05-07,여자,50 - 59세,인천광역시,일반판매,안경·안경테,품질(물품/용역)
2024023966,2024-05-07,여자,20 - 29세,경기도,방문판매,일반강습(입시학원등),계약해제.해지/위약금
2024023967,2024-05-07,남자,50 - 59세,전라남도,일반판매,택배화물운송서비스,품질(물품/용역)
2024023968,2024-05-07,남자,30 - 39세,대전광역시,일반판매,화장실설비,품질(물품/용역)
2024023969,2024-05-07,여자,20 - 29세,경기도,국내온라인거래,건물청소서비스,품질(물품/용역)
2024023970,2024-05-07,여자,30 - 39세,부산광역시,기타,미용서비스,AS불만
2024023971,2024-05-07,여자,50 - 59세,광주광역시,일반판매,헬스장,계약해제.해지/위약금
2024023972,2024-05-07,남자,30 - 39세,서울특별시,국내온라인거래,인터넷정보이용서비스,계약불이행(불완전이행)
2024023735,2024-05-07,여자,40 - 49세,서울특별시,국내온라인거래,여성용내의류,부당행위
2024023768,2024-05-07,여자,70 - 79세,서울특별시,기타통신판매,초고속인터넷,계약불이행(불완전이행)
2024023769,2024-05-07,남자,50 - 59세,경기도,국내온라인거래,캐주얼바지,계약불이행(불완전이행)
2024023771,2024-05-07,남자,20 - 29세,충청남도,모바일거래,모바일정보이용서비스,계약해제.해지/위약금
2024023798,2024-05-07,여자,50 - 59세,인천광역시,일반판매,헬스장,계약해제.해지/위약금
2024023799,2024-05-07,남자,70 - 79세,경기도,국내온라인거래,국외여행,계약불이행(불완전이행)
2024023802,2024-05-07,여자,40 - 49세,충청북도,일반판매,중형승용자동차,품질(물품/용역)
2024023806,2024-05-07,여자,30 - 39세,서울특별시,일반판매,필라테스,계약해제.해지/위약금
2024023824,2024-05-07,여자,40 - 49세,경기도,국내온라인거래,마스카라,계약불이행(불완전이행)
2024023826,2024-05-07,여자,60 - 64세,서울특별시,일반판매,중형승용자동차,품질(물품/용역)
2024023860,2024-05-07,여자,30 - 39세,서울특별시,모바일거래,원피스,품질(물품/용역)
2024023790,2024-05-07,남자,30 - 39세,울산광역시,모바일거래,기타자동차용품,품질(물품/용역)
2024023831,2024-05-07,여자,40 - 49세,서울특별시,국내온라인거래,기타의류·섬유,계약불이행(불완전이행)
2024023973,2024-05-07,남자,40 - 49세,경기도,소셜커머스(쇼핑),텐트,청약철회
2024023974,2024-05-07,남자,40 - 49세,경기도,일반판매,산후조리원,청약철회
2024023975,2024-05-07,남자,20 - 29세,경기도,일반판매,운전강습,계약해제.해지/위약금
2024023976,2024-05-07,여자,30 - 39세,경상북도,국내온라인거래,아동복,부당행위
2024023977,2024-05-07,여자,20 - 29세,강원특별자치도,일반판매,필라테스,계약해제.해지/위약금
2024023978,2024-05-07,남자,40 - 49세,서울특별시,소셜커머스(쇼핑),기타건강식품,계약불이행(불완전이행)
2024023979,2024-05-07,여자,30 - 39세,경기도,국내온라인거래,기타의류·섬유,청약철회
2024023980,2024-05-07,여자,30 - 39세,경기도,국제온라인거래,항공여객운송서비스,계약불이행(불완전이행)
2024023981,2024-05-07,여자,30 - 39세,경기도,국내온라인거래,항공여객운송서비스,계약불이행(불완전이행)
2024023982,2024-05-07,여자,20 - 29세,대전광역시,국내온라인거래,기타의류·섬유,계약불이행(불완전이행)
2024023983,2024-05-07,여자,20 - 29세,경기도,모바일거래,인터넷교육서비스,계약해제.해지/위약금
2024023984,2024-05-07,여자,20 - 29세,부산광역시,방문판매,요가,계약해제.해지/위약금
2024023738,2024-05-07,남자,30 - 39세,세종특별자치시,일반판매,헬스장,계약해제.해지/위약금
2024023754,2024-05-07,남자,20 - 29세,인천광역시,일반판매,헬스장,계약해제.해지/위약금
2024023760,2024-05-07,남자,50 - 59세,경상남도,일반판매,항공여객운송서비스,계약해제.해지/위약금
2024023761,2024-05-07,여자,30 - 39세,부산광역시,국내온라인거래,호텔,계약해제.해지/위약금
2024023764,2024-05-07,여자,20 - 29세,서울특별시,국내온라인거래,인터넷교육서비스,부당행위
2024023767,2024-05-07,남자,20 - 29세,인천광역시,모바일거래,철도여객운송서비스,계약불이행(불완전이행)
2024023777,2024-05-07,여자,20 - 29세,경기도,일반판매,각종자격취득강습,계약해제.해지/위약금
2024023780,2024-05-07,여자,30 - 39세,충청북도,국내온라인거래,침대,표시.광고
2024023869,2024-05-07,남자,20 - 29세,광주광역시,일반판매,헬스장,청약철회
2024023807,2024-05-07,남자,30 - 39세,경기도,국내온라인거래,스포츠웨어,청약철회
2024023809,2024-05-07,남자,30 - 39세,경기도,국내온라인거래,우산,부당행위
2024023817,2024-05-07,여자,40 - 49세,경기도,모바일거래,점퍼·재킷류,계약불이행(불완전이행)
2024023832,2024-05-07,여자,65 - 69세,경기도,소셜커머스(쇼핑),사과,품질(물품/용역)
2024023870,2024-05-07,여자,40 - 49세,전라북도,국제온라인거래,택배화물운송서비스,계약불이행(불완전이행)
2024020081,2024-05-07,여자,70 - 79세,부산광역시,일반판매,숙녀화(구두·부츠 등),품질(물품/용역)
2024021582,2024-05-07,남자,30 - 39세,서울특별시,일반판매,신발세탁,계약불이행(불완전이행)
2024023871,2024-05-07,여자,20 - 29세,경기도,일반판매,신사복세트,부당행위
2024023872,2024-05-07,여자,40 - 49세,서울특별시,국내온라인거래,국외여행,계약해제.해지/위약금
2024023873,2024-05-07,여자,30 - 39세,경기도,국내온라인거래,기타의류·섬유,청약철회
2024023874,2024-05-07,여자,20 - 29세,서울특별시,모바일거래,여관(모텔),품질(물품/용역)
2024023875,2024-05-07,여자,30 - 39세,충청남도,소셜커머스(쇼핑),스마트폰,청약철회
2024023876,2024-05-07,여자,30 - 39세,경기도,일반판매,기타세트가구류,청약철회
2024023877,2024-05-07,여자,50 - 59세,충청남도,기타,일반강습(입시학원등),계약해제.해지/위약금
2024023878,2024-05-07,남자,30 - 39세,부산광역시,일반판매,신사복세트,청약철회
2024023879,2024-05-07,여자,30 - 39세,광주광역시,일반판매,헬스장,계약해제.해지/위약금
2024023880,2024-05-07,남자,40 - 49세,서울특별시,국내온라인거래,헤드폰·이어폰,품질(물품/용역)
2024023881,2024-05-07,여자,30 - 39세,울산광역시,일반판매,결혼준비대행서비스,계약해제.해지/위약금
2024023882,2024-05-07,남자,40 - 49세,서울특별시,기타,인덕션레인지,AS불만
2024023883,2024-05-07,여자,20 - 29세,경기도,일반판매,국외여행,계약해제.해지/위약금
2024023884,2024-05-07,남자,40 - 49세,경상북도,국내온라인거래,항공여객운송서비스,청약철회
2024020583,2024-05-07,남자,30 - 39세,경기도,국내온라인거래,운동화,품질(물품/용역)
2024023885,2024-05-07,여자,20 - 29세,충청남도,기타통신판매,국외여행,계약해제.해지/위약금
2024023886,2024-05-07,남자,70 - 79세,서울특별시,일반판매,냉난방시스템,부당행위
2024023887,2024-05-07,여자,20 - 29세,서울특별시,일반판매,헬스장,계약해제.해지/위약금
2024023888,2024-05-07,여자,20 - 29세,서울특별시,일반판매,헬스장,계약해제.해지/위약금
2024023889,2024-05-07,여자,30 - 39세,서울특별시,국내온라인거래,다이어트식품,계약불이행(불완전이행)
2024023890,2024-05-07,여자,30 - 39세,서울특별시,방문판매,필라테스,계약해제.해지/위약금
2024023891,2024-05-07,남자,30 - 39세,부산광역시,일반판매,포장이사운송서비스,계약불이행(불완전이행)
2024023892,2024-05-07,여자,50 - 59세,서울특별시,국내온라인거래,쓰레기통,청약철회
2024023893,2024-05-07,여자,50 - 59세,경기도,일반판매,피부·체형관리서비스,계약해제.해지/위약금
2024023894,2024-05-07,남자,40 - 49세,경기도,국내온라인거래,장난감총,품질(물품/용역)
2024023895,2024-05-07,남자,20 - 29세,광주광역시,일반판매,양복지,품질(물품/용역)
2024023896,2024-05-07,여자,30 - 39세,서울특별시,일반판매,헬스장,계약해제.해지/위약금
2024023897,2024-05-07,남자,30 - 39세,경기도,일반판매,대리운전,품질(물품/용역)
2024023898,2024-05-07,남자,30 - 39세,강원특별자치도,모바일거래,모바일게임서비스,계약불이행(불완전이행)
2024023899,2024-05-07,여자,20 - 29세,서울특별시,일반판매,양복지,부당행위
2024023900,2024-05-07,여자,40 - 49세,경기도,국내온라인거래,저주파치료기,품질(물품/용역)
2024023901,2024-05-07,여자,50 - 59세,경기도,일반판매,신발세탁,품질(물품/용역)
2024023902,2024-05-07,여자,20 - 29세,경기도,일반판매,각종자격취득강습,계약해제.해지/위약금
2024023903,2024-05-07,남자,30 - 39세,서울특별시,국내온라인거래,헬스장,계약해제.해지/위약금
2024023904,2024-05-07,여자,30 - 39세,대구광역시,국내온라인거래,이동전화서비스,거래관행
2024023905,2024-05-07,남자,40 - 49세,서울특별시,일반판매,택배화물운송서비스,품질(물품/용역)
2024023906,2024-05-07,여자,30 - 39세,광주광역시,일반판매,세탁용합성세제,품질(물품/용역)
2024023907,2024-05-07,남자,30 - 39세,서울특별시,모바일거래,모바일정보이용서비스,계약불이행(불완전이행)
2024023908,2024-05-07,남자,30 - 39세,서울특별시,일반판매,헬스장,계약해제.해지/위약금
2024023909,2024-05-07,남자,50 - 59세,인천광역시,일반판매,취업·이민알선,부당행위
2024023910,2024-05-07,남자,50 - 59세,경상북도,국내온라인거래,기타조명기기,안전(제품/시설)
2024023911,2024-05-07,남자,40 - 49세,전라북도,국내온라인거래,냉장고,품질(물품/용역)
2024023912,2024-05-07,여자,30 - 39세,서울특별시,국내온라인거래,항공여객운송서비스,계약해제.해지/위약금
2024023913,2024-05-07,남자,50 - 59세,인천광역시,일반판매,소파,품질(물품/용역)
2024023914,2024-05-07,여자,40 - 49세,서울특별시,일반판매,초고속인터넷,계약불이행(불완전이행)
2024023915,2024-05-07,여자,50 - 59세,경상남도,일반판매,유사투자자문,계약불이행(불완전이행)
2024023916,2024-05-07,남자,30 - 39세,경기도,국내온라인거래,서랍장,청약철회
2024023917,2024-05-07,여자,20 - 29세,서울특별시,일반판매,독서실이용,계약해제.해지/위약금
2024023918,2024-05-07,여자,30 - 39세,인천광역시,국내온라인거래,티셔츠,청약철회
2024023919,2024-05-07,여자,40 - 49세,서울특별시,국내온라인거래,의자,청약철회
2024023920,2024-05-07,여자,70 - 79세,전라남도,모바일거래,이동전화서비스,부당행위
2024023921,2024-05-07,여자,40 - 49세,서울특별시,국내온라인거래,TV,AS불만
2024023922,2024-05-07,남자,30 - 39세,광주광역시,일반판매,헬스장,계약해제.해지/위약금
2024023923,2024-05-07,여자,20 - 29세,서울특별시,일반판매,헬스장,계약해제.해지/위약금
2024023924,2024-05-07,여자,40 - 49세,서울특별시,국내온라인거래,펜션,부당행위
2024023925,2024-05-07,남자,30 - 39세,경상남도,일반판매,국외여행,계약해제.해지/위약금
2024023926,2024-05-07,여자,40 - 49세,경기도,일반판매,포장이사운송서비스,품질(물품/용역)
2024023833,2024-05-07,여자,40 - 49세,경기도,모바일거래,치약,청약철회
2024023927,2024-05-07,여자,30 - 39세,서울특별시,모바일거래,할인회원권,계약불이행(불완전이행)
2024023928,2024-05-07,여자,20 - 29세,제주도,국내온라인거래,보석·귀금속,청약철회
2024023929,2024-05-07,여자,40 - 49세,대구광역시,일반판매,필라테스,계약불이행(불완전이행)
2024023930,2024-05-07,남자,20 - 29세,서울특별시,일반판매,헬스장,계약해제.해지/위약금
2024023931,2024-05-07,여자,30 - 39세,부산광역시,일반판매,기타재봉·세탁·청소용품,품질(물품/용역)
2024023932,2024-05-07,여자,40 - 49세,서울특별시,일반판매,필라테스,계약해제.해지/위약금
2024023933,2024-05-07,여자,20 - 29세,경기도,일반판매,기타이·미용서비스,품질(물품/용역)
2024023934,2024-05-07,여자,40 - 49세,경기도,국내온라인거래,기타건축자재,품질(물품/용역)
2024023935,2024-05-07,여자,30 - 39세,전라남도,국내온라인거래,보석·귀금속,청약철회
2024023936,2024-05-07,여자,30 - 39세,서울특별시,국내온라인거래,각종공연관람,계약해제.해지/위약금
2024023937,2024-05-07,여자,20 - 29세,경기도,일반판매,필라테스,계약해제.해지/위약금
2024023938,2024-05-07,여자,20 - 29세,대전광역시,모바일거래,보석·귀금속,계약불이행(불완전이행)
2024023939,2024-05-07,여자,20 - 29세,경기도,일반판매,사진촬영,계약해제.해지/위약금
2024023940,2024-05-07,남자,30 - 39세,강원특별자치도,일반판매,종합체육시설회원권,계약해제.해지/위약금
2024023941,2024-05-07,여자,40 - 49세,서울특별시,국내온라인거래,냉장고,AS불만
2024023942,2024-05-07,남자,20 - 29세,경기도,모바일거래,식사배달,안전(제품/시설)
2024023943,2024-05-07,여자,40 - 49세,울산광역시,국제온라인거래,항공여객운송서비스,계약해제.해지/위약금
2024023944,2024-05-07,여자,30 - 39세,전라북도,국내온라인거래,쌀통,AS불만
2024023945,2024-05-07,여자,20 - 29세,서울특별시,전화권유판매,인터넷교육서비스,계약해제.해지/위약금
2024023946,2024-05-07,남자,40 - 49세,서울특별시,일반판매,골프회원권,계약불이행(불완전이행)
2024023947,2024-05-07,남자,20 - 29세,경기도,국내온라인거래,라텍스매트리스,계약불이행(불완전이행)
2024023948,2024-05-07,여자,30 - 39세,충청남도,국내온라인거래,기타간편복,청약철회
2024023949,2024-05-07,남자,50 - 59세,경상남도,전화권유판매,스마트폰,계약불이행(불완전이행)
2024023950,2024-05-07,여자,20 - 29세,인천광역시,국내온라인거래,보석·귀금속,청약철회
2024023951,2024-05-07,남자,40 - 49세,경기도,국내온라인거래,기타가구,청약철회
2024023952,2024-05-07,여자,20 - 29세,경기도,일반판매,일반강습(입시학원등),계약해제.해지/위약금
2024023758,2024-05-07,남자,40 - 49세,대전광역시,소셜커머스(쇼핑),전기자전거,AS불만
2024023766,2024-05-07,남자,30 - 39세,경기도,국내온라인거래,사진촬영,계약해제.해지/위약금
2024023773,2024-05-07,남자,60 - 64세,경상남도,일반판매,응급의학과,품질(물품/용역)
2024023787,2024-05-07,여자,50 - 59세,경기도,소셜커머스(쇼핑),전기진공청소기,품질(물품/용역)
2024023739,2024-05-07,남자,40 - 49세,경기도,일반판매,기타자동차부품,계약불이행(불완전이행)
2024023762,2024-05-07,남자,20 - 29세,경기도,모바일거래,기타자동차부품,표시.광고
2024023793,2024-05-07,남자,20 - 29세,서울특별시,국내온라인거래,기타간편복,계약불이행(불완전이행)
2024023796,2024-05-07,남자,40 - 49세,경상남도,일반판매,기타침대류,계약해제.해지/위약금
2024023816,2024-05-07,여자,50 - 59세,대구광역시,국내온라인거래,쟁반,품질(물품/용역)
2024023838,2024-05-07,남자,50 - 59세,충청남도,소셜커머스(쇼핑),비타민제,계약불이행(불완전이행)
2024023856,2024-05-07,여자,70 - 79세,대전광역시,일반판매,치과,품질(물품/용역)
2024020113,2024-05-07,여자,50 - 59세,경상남도,일반판매,신발세탁,계약불이행(불완전이행)
2024020125,2024-05-07,여자,30 - 39세,경상북도,국내온라인거래,신발세탁,계약불이행(불완전이행)
2024021583,2024-05-07,남자,30 - 39세,서울특별시,일반판매,신발세탁,계약불이행(불완전이행)
2024020085,2024-05-07,남자,40 - 49세,경상남도,일반판매,운동화,품질(물품/용역)
2024020149,2024-05-07,여자,50 - 59세,충청남도,국내온라인거래,운동화,품질(물품/용역)
2024020777,2024-05-07,남자,40 - 49세,광주광역시,일반판매,운동화,품질(물품/용역)
2024021656,2024-05-07,여자,60 - 64세,서울특별시,일반판매,운동화,품질(물품/용역)
2024023743,2024-05-07,여자,30 - 39세,경기도,국내온라인거래,각종공연관람,부당행위
2024023745,2024-05-07,여자,60 - 64세,경기도,일반판매,점퍼·재킷류,부당행위
2024023753,2024-05-07,여자,50 - 59세,경기도,일반판매,아파트,품질(물품/용역)
2024023778,2024-05-07,여자,30 - 39세,인천광역시,일반판매,애완고양이,계약해제.해지/위약금
2024020749,2024-05-07,여자,50 - 59세,경기도,일반판매,생활패션화(슬립온·아쿠아슈즈·장화·작업화 등),품질(물품/용역)
2024021584,2024-05-07,남자,30 - 39세,서울특별시,일반판매,신발세탁,계약불이행(불완전이행)
2024023836,2024-05-07,여자,20 - 29세,충청북도,국내온라인거래,숙녀화(구두·부츠 등),계약불이행(불완전이행)
2024023772,2024-05-07,여자,30 - 39세,경기도,국내온라인거래,호텔,청약철회
2024023774,2024-05-07,여자,40 - 49세,경기도,일반판매,포장이사운송서비스,품질(물품/용역)
2024023785,2024-05-07,여자,40 - 49세,경기도,국내온라인거래,기타채소·채소가공식품,안전(제품/시설)
2024023788,2024-05-07,여자,30 - 39세,인천광역시,국내온라인거래,가스에어컨,계약불이행(불완전이행)
2024023804,2024-05-07,남자,30 - 39세,서울특별시,모바일거래,카셰어링,부당행위
2024023812,2024-05-07,여자,60 - 64세,경기도,방문판매,케이블TV,부당행위
2024023815,2024-05-07,남자,50 - 59세,전라남도,일반판매,타이어,품질(물품/용역)
2024023821,2024-05-07,남자,40 - 49세,경기도,일반판매,오토바이,품질(물품/용역)
2024023837,2024-05-07,남자,60 - 64세,서울특별시,일반판매,이동전화서비스,표시.광고
2024023846,2024-05-07,남자,60 - 64세,경기도,일반판매,기타미분류서비스,계약불이행(불완전이행)
2024023855,2024-05-07,여자,20 - 29세,경기도,모바일거래,여성용내의류,부당행위
2024020088,2024-05-07,여자,50 - 59세,광주광역시,일반판매,운동화,품질(물품/용역)
2024020154,2024-05-07,여자,65 - 69세,대구광역시,일반판매,신발세탁,계약불이행(불완전이행)
2024020364,2024-05-07,남자,65 - 69세,경기도,일반판매,운동화,품질(물품/용역)
2024023732,2024-05-07,여자,10 - 19세,대구광역시,소셜커머스(쇼핑),통신기기케이스,청약철회
2024023737,2024-05-07,남자,60 - 64세,인천광역시,기타,건강(암·기타질병)보험,계약불이행(불완전이행)
2024023742,2024-05-07,여자,60 - 64세,경기도,국내온라인거래,전기진공청소기,품질(물품/용역)
2024023751,2024-05-07,남자,20 - 29세,서울특별시,국내온라인거래,운동화,청약철회
2024023756,2024-05-07,남자,65 - 69세,광주광역시,일반판매,아파트,청약철회
2024020087,2024-05-07,남자,50 - 59세,경기도,국내온라인거래,운동화,품질(물품/용역)
2024020091,2024-05-07,여자,50 - 59세,서울특별시,일반판매,숙녀화(구두·부츠 등),품질(물품/용역)
2024023814,2024-05-07,남자,20 - 29세,경기도,일반판매,헬스장,계약해제.해지/위약금
2024023748,2024-05-07,남자,30 - 39세,부산광역시,일반판매,변액보험,약관
2024023792,2024-05-07,남자,50 - 59세,경기도,전화권유판매,유사투자자문,계약해제.해지/위약금
2024020103,2024-05-07,남자,50 - 59세,대구광역시,국내온라인거래,등산화,품질(물품/용역)
2024024225,2024-05-08,남자,30 - 39세,서울특별시,국내온라인거래,매트,품질(물품/용역)
2024024226,2024-05-08,남자,30 - 39세,부산광역시,모바일거래,기타의류·섬유,계약불이행(불완전이행)
2024024227,2024-05-08,남자,30 - 39세,서울특별시,일반판매,묘지설비,계약해제.해지/위약금
2024024228,2024-05-08,여자,65 - 69세,대구광역시,국내온라인거래,오징어,품질(물품/용역)
2024024229,2024-05-08,남자,30 - 39세,인천광역시,국내온라인거래,운동화,AS불만
2024024230,2024-05-08,남자,50 - 59세,경기도,일반판매,중형승용자동차,계약불이행(불완전이행)
2024024231,2024-05-08,여자,20 - 29세,서울특별시,일반판매,미용서비스,계약불이행(불완전이행)
2024024232,2024-05-08,여자,30 - 39세,서울특별시,일반판매,종합체육시설회원권,계약해제.해지/위약금
2024024233,2024-05-08,남자,40 - 49세,경상남도,국내온라인거래,캐주얼바지,품질(물품/용역)
2024024234,2024-05-08,남자,20 - 29세,경기도,일반판매,헬스장,계약해제.해지/위약금
2024024235,2024-05-08,여자,30 - 39세,경기도,일반판매,신발세탁,청약철회
2024024236,2024-05-08,남자,30 - 39세,울산광역시,전화권유판매,인터넷교육서비스,계약해제.해지/위약금
2024024237,2024-05-08,남자,20 - 29세,경기도,국내온라인거래,전자담배,AS불만
2024024238,2024-05-08,여자,30 - 39세,광주광역시,국내온라인거래,항공여객운송서비스,청약철회
2024024239,2024-05-08,여자,30 - 39세,경기도,기타,학습지,부당행위
2024024240,2024-05-08,여자,20 - 29세,서울특별시,일반판매,애완견,품질(물품/용역)
2024024241,2024-05-08,여자,30 - 39세,대구광역시,방문판매,공중목욕탕,계약해제.해지/위약금
2024021834,2024-05-08,여자,40 - 49세,경기도,일반판매,기타가방,품질(물품/용역)
2024024032,2024-05-08,남자,40 - 49세,대전광역시,소셜커머스(쇼핑),전기장판,품질(물품/용역)
2024024044,2024-05-08,여자,50 - 59세,경기도,기타,인터넷정보이용서비스,계약해제.해지/위약금
2024024049,2024-05-08,여자,40 - 49세,서울특별시,일반판매,포장이사운송서비스,품질(물품/용역)
2024024050,2024-05-08,여자,30 - 39세,인천광역시,방문판매,미분류수리가공,부당행위
2024024084,2024-05-08,남자,30 - 39세,경기도,TV홈쇼핑,점퍼·재킷류,청약철회
2024024088,2024-05-08,여자,30 - 39세,경기도,일반판매,필라테스,계약해제.해지/위약금
2024024098,2024-05-08,여자,40 - 49세,경기도,일반판매,소형승용자동차,품질(물품/용역)
2024024105,2024-05-08,남자,불명,전라남도,국내온라인거래,노트북컴퓨터,표시.광고
2024024116,2024-05-08,남자,50 - 59세,경상남도,일반판매,실손보험,계약불이행(불완전이행)
2024024120,2024-05-08,여자,20 - 29세,부산광역시,일반판매,헬스장,계약해제.해지/위약금
2024024083,2024-05-08,남자,70 - 79세,경기도,일반판매,레저·이벤트회원권,계약불이행(불완전이행)
2024023986,2024-05-08,남자,60 - 64세,인천광역시,전화권유판매,유사투자자문,계약해제.해지/위약금
2024023988,2024-05-08,여자,50 - 59세,대구광역시,일반판매,차량용블랙박스,AS불만
2024024003,2024-05-08,남자,40 - 49세,서울특별시,기타,실손보험,계약불이행(불완전이행)
2024024002,2024-05-08,남자,30 - 39세,서울특별시,일반판매,소파,품질(물품/용역)
2024024017,2024-05-08,남자,40 - 49세,경기도,방문판매,가스보일러,품질(물품/용역)
2024024020,2024-05-08,남자,50 - 59세,충청남도,기타,기타인터넷기반서비스,부당행위
2024024026,2024-05-08,남자,30 - 39세,광주광역시,일반판매,헬스장,부당행위
2024024027,2024-05-08,여자,30 - 39세,서울특별시,일반판매,결혼준비대행서비스,계약불이행(불완전이행)
2024024009,2024-05-08,여자,30 - 39세,대전광역시,일반판매,헬스장,계약해제.해지/위약금
2024024011,2024-05-08,남자,40 - 49세,강원특별자치도,TV홈쇼핑,음식물처리기대여(렌트),계약해제.해지/위약금
2024024018,2024-05-08,여자,40 - 49세,서울특별시,국내온라인거래,항공여객운송서비스,계약불이행(불완전이행)
2024024062,2024-05-08,여자,40 - 49세,경상남도,모바일거래,시스템에어컨,품질(물품/용역)
2024024101,2024-05-08,여자,20 - 29세,경기도,국내온라인거래,버스여객운송서비스,계약해제.해지/위약금
2024024104,2024-05-08,남자,65 - 69세,서울특별시,일반판매,초고속인터넷,계약해제.해지/위약금
2024024117,2024-05-08,남자,50 - 59세,경상북도,기타통신판매,차량용블랙박스,청약철회
2024024131,2024-05-08,여자,20 - 29세,경기도,일반판매,헬스장,계약해제.해지/위약금
2024024132,2024-05-08,남자,20 - 29세,서울특별시,국내온라인거래,캐주얼바지,청약철회
2024024133,2024-05-08,남자,20 - 29세,경기도,국내온라인거래,CD·LD·DVD(영화·음악·게임),거래관행
2024024134,2024-05-08,여자,30 - 39세,인천광역시,전화권유판매,기타매체광고,계약해제.해지/위약금
2024024135,2024-05-08,남자,40 - 49세,경기도,모바일거래,모바일정보이용서비스,품질(물품/용역)
2024024136,2024-05-08,여자,30 - 39세,경상남도,일반판매,포장이사운송서비스,계약불이행(불완전이행)
2024024137,2024-05-08,여자,20 - 29세,서울특별시,국내온라인거래,항공여객운송서비스,청약철회
2024024138,2024-05-08,남자,65 - 69세,경기도,일반판매,운동화,품질(물품/용역)
2024024139,2024-05-08,여자,20 - 29세,경기도,국내온라인거래,기타숙박시설,청약철회
2024024140,2024-05-08,여자,30 - 39세,경기도,일반판매,헬스장,계약해제.해지/위약금
2024024141,2024-05-08,여자,30 - 39세,서울특별시,국내온라인거래,해외연수알선,계약해제.해지/위약금
2024022272,2024-05-08,여자,50 - 59세,충청북도,일반판매,핸드백,품질(물품/용역)
2024024142,2024-05-08,여자,50 - 59세,경기도,일반판매,헬스장,계약해제.해지/위약금
2024024143,2024-05-08,남자,40 - 49세,서울특별시,국내온라인거래,기타인테리어설비,부당행위
2024024144,2024-05-08,남자,80세이상,경기도,국내온라인거래,항공여객운송서비스,부당행위
2024024145,2024-05-08,남자,40 - 49세,광주광역시,소셜커머스(쇼핑),골프용품,청약철회
2024024146,2024-05-08,남자,30 - 39세,경기도,기타,점퍼·재킷류,계약불이행(불완전이행)
2024024147,2024-05-08,남자,30 - 39세,대구광역시,소셜커머스(쇼핑),조립완구,품질(물품/용역)
2024024148,2024-05-08,여자,60 - 64세,경기도,방문판매,기타인테리어설비,계약해제.해지/위약금
2024024149,2024-05-08,여자,30 - 39세,서울특별시,국내온라인거래,책장·서가,품질(물품/용역)
2024024150,2024-05-08,여자,30 - 39세,광주광역시,전화권유판매,인터넷교육서비스,부당행위
2024024151,2024-05-08,남자,30 - 39세,부산광역시,일반판매,컴퓨터수리,계약불이행(불완전이행)
2024024152,2024-05-08,여자,40 - 49세,서울특별시,국내온라인거래,기타신발·용품,청약철회
2024024153,2024-05-08,여자,30 - 39세,경기도,국내온라인거래,기타숙박시설,계약해제.해지/위약금
2024024154,2024-05-08,여자,30 - 39세,광주광역시,기타,헬스장,계약해제.해지/위약금
2024024155,2024-05-08,여자,20 - 29세,서울특별시,국내온라인거래,항공여객운송서비스,계약해제.해지/위약금
2024024156,2024-05-08,여자,30 - 39세,경기도,일반판매,미용서비스,품질(물품/용역)
2024024157,2024-05-08,여자,40 - 49세,서울특별시,국내온라인거래,건물청소서비스,계약해제.해지/위약금
2024024158,2024-05-08,남자,40 - 49세,서울특별시,일반판매,기타인테리어설비,품질(물품/용역)
2024024159,2024-05-08,여자,20 - 29세,경상남도,모바일거래,국외여행,이자.수수료
2024024160,2024-05-08,여자,30 - 39세,경기도,일반판매,정수기대여(렌트),AS불만
2024024161,2024-05-08,여자,20 - 29세,충청남도,방문판매,필라테스,계약해제.해지/위약금
2024024162,2024-05-08,여자,10 - 19세,경기도,일반판매,외국어강습,계약해제.해지/위약금
2024024163,2024-05-08,여자,20 - 29세,인천광역시,일반판매,헬스장,계약해제.해지/위약금
2024024164,2024-05-08,남자,50 - 59세,서울특별시,일반판매,노트북컴퓨터,AS불만
2024024165,2024-05-08,여자,40 - 49세,서울특별시,일반판매,사진촬영,계약해제.해지/위약금
2024024166,2024-05-08,여자,20 - 29세,광주광역시,모바일거래,숙녀화(구두·부츠 등),부당행위
2024024167,2024-05-08,여자,40 - 49세,충청북도,소셜커머스(쇼핑),냉장고,계약불이행(불완전이행)
2024024168,2024-05-08,남자,20 - 29세,서울특별시,일반판매,헬스장,계약해제.해지/위약금
2024024169,2024-05-08,남자,40 - 49세,서울특별시,모바일거래,항공여객운송서비스,계약해제.해지/위약금
2024024170,2024-05-08,여자,30 - 39세,경기도,국내온라인거래,인터넷교육서비스,계약해제.해지/위약금
2024024171,2024-05-08,남자,30 - 39세,경상남도,방문판매,안마의자,품질(물품/용역)
2024024172,2024-05-08,여자,20 - 29세,경상남도,모바일거래,셔츠,청약철회
2024024021,2024-05-08,남자,30 - 39세,서울특별시,일반판매,예식서비스,계약해제.해지/위약금
2024024173,2024-05-08,여자,20 - 29세,서울특별시,일반판매,헬스장,계약해제.해지/위약금
2024024174,2024-05-08,남자,20 - 29세,전라북도,모바일거래,점퍼·재킷류,계약불이행(불완전이행)
2024024175,2024-05-08,남자,30 - 39세,서울특별시,국내온라인거래,인터넷게임서비스,거래관행
2024024176,2024-05-08,남자,20 - 29세,대구광역시,모바일거래,모바일게임서비스,청약철회
2024024177,2024-05-08,남자,40 - 49세,서울특별시,일반판매,예식서비스,계약해제.해지/위약금
2024024178,2024-05-08,여자,20 - 29세,부산광역시,일반판매,헬스장,계약해제.해지/위약금
2024024179,2024-05-08,여자,30 - 39세,경기도,국내온라인거래,호텔,청약철회
2024024180,2024-05-08,남자,20 - 29세,서울특별시,국내온라인거래,각종공연관람,계약해제.해지/위약금
2024024181,2024-05-08,여자,50 - 59세,서울특별시,국제온라인거래,코트,청약철회
2024024182,2024-05-08,여자,20 - 29세,경기도,국내온라인거래,꽃·화초·화환,계약불이행(불완전이행)
2024024183,2024-05-08,여자,20 - 29세,대구광역시,국내온라인거래,니트(스웨터),품질(물품/용역)
2024024184,2024-05-08,여자,40 - 49세,대구광역시,일반판매,오징어,표시.광고
2024024185,2024-05-08,남자,30 - 39세,부산광역시,일반판매,헬스장,계약해제.해지/위약금
2024024186,2024-05-08,여자,20 - 29세,강원특별자치도,일반판매,변호서비스,부당행위
2024024187,2024-05-08,남자,30 - 39세,전라북도,국내온라인거래,건물청소서비스,품질(물품/용역)
2024024188,2024-05-08,남자,20 - 29세,경상북도,전화권유판매,초고속인터넷,부당행위
2024024189,2024-05-08,남자,30 - 39세,경기도,일반판매,소파,청약철회
2024024190,2024-05-08,남자,30 - 39세,전라남도,국내온라인거래,펜션,계약불이행(불완전이행)
2024022702,2024-05-08,여자,50 - 59세,경상남도,일반판매,점퍼·재킷류,품질(물품/용역)
2024024191,2024-05-08,여자,40 - 49세,경기도,일반판매,도어록,품질(물품/용역)
2024024192,2024-05-08,여자,65 - 69세,서울특별시,국내온라인거래,사무용가방,품질(물품/용역)
2024024193,2024-05-08,여자,40 - 49세,대구광역시,일반판매,헬스장,계약해제.해지/위약금
2024024194,2024-05-08,여자,40 - 49세,경기도,일반판매,전기진공청소기,품질(물품/용역)
2024024195,2024-05-08,여자,50 - 59세,경기도,모바일거래,점퍼·재킷류,표시.광고
2024024196,2024-05-08,남자,30 - 39세,경기도,일반판매,포장이사운송서비스,품질(물품/용역)
2024024197,2024-05-08,남자,30 - 39세,경기도,일반판매,기타미분류서비스,계약해제.해지/위약금
2024024198,2024-05-08,남자,30 - 39세,인천광역시,국내온라인거래,여관(모텔),계약해제.해지/위약금
2024024199,2024-05-08,남자,20 - 29세,경기도,방문판매,스마트폰,가격.요금
2024024200,2024-05-08,여자,40 - 49세,서울특별시,일반판매,기타미분류물품,청약철회
2024024201,2024-05-08,여자,30 - 39세,부산광역시,국내온라인거래,기타신발·용품,표시.광고
2024024202,2024-05-08,남자,60 - 64세,서울특별시,기타,가스보일러,품질(물품/용역)
2024024203,2024-05-08,여자,30 - 39세,인천광역시,국내온라인거래,시계,계약해제.해지/위약금
2024024204,2024-05-08,여자,50 - 59세,경기도,모바일거래,기타가방,청약철회
2024024205,2024-05-08,남자,30 - 39세,강원특별자치도,일반판매,아파트,계약해제.해지/위약금
2024024206,2024-05-08,남자,40 - 49세,서울특별시,일반판매,TV,AS불만
2024024207,2024-05-08,남자,20 - 29세,부산광역시,국내온라인거래,인터넷게임서비스,청약철회
2024024208,2024-05-08,남자,30 - 39세,경기도,국내온라인거래,벽지·바닥재,품질(물품/용역)
2024024209,2024-05-08,남자,40 - 49세,서울특별시,모바일거래,이동전화서비스,부당행위
2024024210,2024-05-08,여자,20 - 29세,인천광역시,방문판매,기타미분류서비스,계약해제.해지/위약금
2024024211,2024-05-08,여자,30 - 39세,경기도,기타,헬스장,계약해제.해지/위약금
2024024212,2024-05-08,남자,30 - 39세,서울특별시,방문판매,헬스장,계약해제.해지/위약금
2024024213,2024-05-08,여자,30 - 39세,서울특별시,국내온라인거래,기타모피·가죽의류,청약철회
2024024214,2024-05-08,여자,40 - 49세,부산광역시,일반판매,기타인테리어설비,계약불이행(불완전이행)
2024024215,2024-05-08,여자,20 - 29세,전라남도,국내온라인거래,핸드백,청약철회
2024024216,2024-05-08,여자,20 - 29세,서울특별시,국내온라인거래,전기고데기,품질(물품/용역)
2024024217,2024-05-08,여자,20 - 29세,경기도,국내온라인거래,양복(서양식 의복)세탁,품질(물품/용역)
2024024218,2024-05-08,남자,40 - 49세,서울특별시,일반판매,사진촬영,계약불이행(불완전이행)
2024024219,2024-05-08,남자,40 - 49세,광주광역시,일반판매,건물청소서비스,계약불이행(불완전이행)
2024024220,2024-05-08,남자,30 - 39세,부산광역시,모바일거래,식사배달,계약불이행(불완전이행)
2024024221,2024-05-08,남자,30 - 39세,경기도,국내온라인거래,항공여객운송서비스,계약해제.해지/위약금
2024024222,2024-05-08,여자,40 - 49세,서울특별시,국내온라인거래,항공여객운송서비스,계약해제.해지/위약금
2024024223,2024-05-08,남자,40 - 49세,경기도,국내온라인거래,음식물처리기대여(렌트),계약해제.해지/위약금
2024024224,2024-05-08,여자,40 - 49세,서울특별시,국내온라인거래,기타신발·용품,거래관행
2024024045,2024-05-08,여자,50 - 59세,서울특별시,방문판매,정수기대여(렌트),청약철회
2024024091,2024-05-08,여자,20 - 29세,서울특별시,국내온라인거래,기타의류·섬유,청약철회
2024024115,2024-05-08,남자,40 - 49세,서울특별시,국내온라인거래,기타자동차용품,품질(물품/용역)
2024024127,2024-05-08,남자,30 - 39세,부산광역시,국내온라인거래,자동차보험,계약불이행(불완전이행)
2024024039,2024-05-08,남자,50 - 59세,경기도,국내온라인거래,낚시용품,청약철회
2024024042,2024-05-08,여자,40 - 49세,서울특별시,모바일거래,모바일정보이용서비스,부당행위
2024024055,2024-05-08,여자,30 - 39세,인천광역시,일반판매,종합체육시설회원권,계약해제.해지/위약금
2024024082,2024-05-08,여자,30 - 39세,경상남도,일반판매,헬스장,계약해제.해지/위약금
2024024100,2024-05-08,여자,40 - 49세,인천광역시,국내온라인거래,김,품질(물품/용역)
2024024108,2024-05-08,남자,50 - 59세,경기도,일반판매,국내결혼중개,계약해제.해지/위약금
2024024110,2024-05-08,남자,50 - 59세,강원특별자치도,일반판매,포장이사운송서비스,계약해제.해지/위약금
2024024129,2024-05-08,여자,40 - 49세,서울특별시,모바일거래,기타숙박시설,계약해제.해지/위약금
2024023999,2024-05-08,남자,30 - 39세,서울특별시,일반판매,기타자전거,AS불만
2024024000,2024-05-08,여자,30 - 39세,경기도,모바일거래,자동차주차장,계약해제.해지/위약금
2024024010,2024-05-08,여자,60 - 64세,경상남도,국내온라인거래,전기자전거,AS불만
2024024012,2024-05-08,여자,40 - 49세,부산광역시,국내온라인거래,신유형상품권,청약철회
2024024081,2024-05-08,남자,70 - 79세,경기도,일반판매,미분류대여(렌트),계약해제.해지/위약금
2024024013,2024-05-08,남자,50 - 59세,전라북도,기타통신판매,다이어트식품,계약불이행(불완전이행)
2024024023,2024-05-08,여자,30 - 39세,서울특별시,일반판매,예식서비스,품질(물품/용역)
2024024025,2024-05-08,남자,40 - 49세,서울특별시,소셜커머스(쇼핑),기타침대류,청약철회
2024024031,2024-05-08,남자,30 - 39세,인천광역시,일반판매,전기압력밥솥,품질(물품/용역)
2024024034,2024-05-08,남자,30 - 39세,충청남도,방문판매,국내전화,부당행위
2024024036,2024-05-08,여자,65 - 69세,서울특별시,기타,기타인테리어설비,품질(물품/용역)
2024024038,2024-05-08,남자,40 - 49세,충청남도,국내온라인거래,전기진공청소기,청약철회
2024024040,2024-05-08,여자,50 - 59세,대전광역시,방문판매,기타매체광고,계약해제.해지/위약금
2024024107,2024-05-08,남자,40 - 49세,경상남도,국내온라인거래,스포츠관람,표시.광고
2024024118,2024-05-08,남자,30 - 39세,경기도,국내온라인거래,신용카드,계약불이행(불완전이행)
2024024125,2024-05-08,남자,30 - 39세,경기도,일반판매,이동전화서비스,청약철회
2024024063,2024-05-08,남자,30 - 39세,광주광역시,국내온라인거래,기타이·미용기구,품질(물품/용역)
2024024067,2024-05-08,여자,60 - 64세,경기도,일반판매,우유,계약해제.해지/위약금
2024024076,2024-05-08,여자,20 - 29세,경기도,일반판매,헬스장,계약해제.해지/위약금
2024024077,2024-05-08,여자,20 - 29세,전라남도,방문판매,식기세척기,청약철회
2024024126,2024-05-08,남자,불명,대구광역시,일반판매,공중목욕탕,단순문의.상담
2024022255,2024-05-08,여자,30 - 39세,서울특별시,일반판매,양복(서양식 의복)세탁,품질(물품/용역)
2024022072,2024-05-08,남자,40 - 49세,광주광역시,일반판매,학생용가방,품질(물품/용역)
2024022269,2024-05-08,여자,30 - 39세,서울특별시,일반판매,양복(서양식 의복)세탁,품질(물품/용역)
2024024054,2024-05-08,여자,불명,서울특별시,국내온라인거래,기타예식관련서비스,계약해제.해지/위약금
2024024078,2024-05-08,여자,30 - 39세,서울특별시,국내온라인거래,기타보건·위생용품,청약철회
2024024028,2024-05-08,남자,40 - 49세,경기도,일반판매,이동전화서비스,계약불이행(불완전이행)
2024024033,2024-05-08,남자,40 - 49세,경기도,방문판매,공기청정기대여(렌트),계약불이행(불완전이행)
2024024041,2024-05-08,여자,20 - 29세,경기도,일반판매,각종자격취득강습,계약해제.해지/위약금
2024024046,2024-05-08,남자,40 - 49세,경기도,기타통신판매,펜션,계약해제.해지/위약금
2024024072,2024-05-08,여자,40 - 49세,서울특별시,일반판매,피부·체형관리서비스,계약해제.해지/위약금
2024024060,2024-05-08,여자,30 - 39세,서울특별시,국내온라인거래,블라우스,계약불이행(불완전이행)
2024024064,2024-05-08,남자,70 - 79세,경기도,일반판매,국외여행,계약불이행(불완전이행)
2024024073,2024-05-08,남자,30 - 39세,경기도,일반판매,기타정보이용서비스,계약불이행(불완전이행)
2024024074,2024-05-08,남자,불명,경기도,기타,신문,계약해제.해지/위약금
2024024128,2024-05-08,남자,50 - 59세,서울특별시,일반판매,정형외과,품질(물품/용역)
2024023993,2024-05-08,남자,30 - 39세,경기도,일반판매,헬스장,부당행위
2024023994,2024-05-08,여자,65 - 69세,경기도,일반판매,양복(서양식 의복)세탁,품질(물품/용역)
2024023997,2024-05-08,여자,40 - 49세,서울특별시,국내온라인거래,건물청소서비스,계약불이행(불완전이행)
2024023998,2024-05-08,여자,60 - 64세,인천광역시,일반판매,필라테스,계약불이행(불완전이행)
2024024052,2024-05-08,여자,30 - 39세,경기도,모바일거래,건물청소서비스,계약불이행(불완전이행)
2024024065,2024-05-08,남자,50 - 59세,울산광역시,국내온라인거래,항공여객운송서비스,표시.광고
2024024069,2024-05-08,여자,20 - 29세,경기도,일반판매,호텔,계약해제.해지/위약금
2024024086,2024-05-08,여자,80세이상,서울특별시,일반판매,안과,품질(물품/용역)
2024024090,2024-05-08,남자,60 - 64세,인천광역시,국내온라인거래,룸에어컨,품질(물품/용역)
2024023989,2024-05-08,남자,40 - 49세,경기도,일반판매,자동차주차장,부당행위
2024023996,2024-05-08,남자,40 - 49세,서울특별시,국내온라인거래,스마트폰,계약불이행(불완전이행)
2024024024,2024-05-08,남자,50 - 59세,세종특별자치시,일반판매,스마트폰,품질(물품/용역)
2024024029,2024-05-08,여자,65 - 69세,경기도,국내온라인거래,항공여객운송서비스,계약불이행(불완전이행)
2024022254,2024-05-08,여자,30 - 39세,서울특별시,일반판매,양복(서양식 의복)세탁,품질(물품/용역)
2024024053,2024-05-08,여자,30 - 39세,인천광역시,국내온라인거래,초콜릿,품질(물품/용역)
2024024058,2024-05-08,여자,60 - 64세,서울특별시,일반판매,성형외과,계약해제.해지/위약금
2024024079,2024-05-08,남자,20 - 29세,서울특별시,모바일거래,철도여객운송서비스,표시.광고
2024024085,2024-05-08,여자,50 - 59세,경기도,국내온라인거래,기타의류·섬유,계약불이행(불완전이행)
2024024093,2024-05-08,남자,60 - 64세,경기도,국내온라인거래,녹화음반테이프(비디오카세트LP),품질(물품/용역)
2024024095,2024-05-08,남자,65 - 69세,서울특별시,일반판매,치과,계약해제.해지/위약금
2024024097,2024-05-08,남자,20 - 29세,대구광역시,기타통신판매,인터넷정보이용서비스,청약철회
2024024099,2024-05-08,남자,20 - 29세,강원특별자치도,국내온라인거래,기타자동차부품,계약해제.해지/위약금
2024024103,2024-05-08,여자,20 - 29세,경기도,국내온라인거래,기타문화용품,품질(물품/용역)
2024023985,2024-05-08,여자,40 - 49세,경상북도,일반판매,중고자동차중개·매매,품질(물품/용역)
2024023990,2024-05-08,남자,70 - 79세,부산광역시,일반판매,중형승용자동차,품질(물품/용역)
2024023991,2024-05-08,남자,30 - 39세,경기도,국내온라인거래,메모리,계약불이행(불완전이행)
2024024004,2024-05-08,남자,50 - 59세,경상북도,국제온라인거래,기타악기·용품,청약철회
2024024043,2024-05-08,남자,30 - 39세,인천광역시,일반판매,복사서비스,품질(물품/용역)
2024024047,2024-05-08,남자,40 - 49세,서울특별시,국내온라인거래,전기의류건조기,계약해제.해지/위약금
2024024056,2024-05-08,남자,60 - 64세,대전광역시,소셜커머스(쇼핑),농업용호스,표시.광고
2024024059,2024-05-08,남자,30 - 39세,충청북도,방문판매,외식,부당행위
2024024066,2024-05-08,여자,40 - 49세,전라북도,일반판매,고시원이용,계약해제.해지/위약금
2024024071,2024-05-08,남자,60 - 64세,서울특별시,기타통신판매,이동전화서비스,부당행위
2024024075,2024-05-08,여자,60 - 64세,경상북도,기타통신판매,기타미분류서비스,계약해제.해지/위약금
2024024102,2024-05-08,여자,40 - 49세,서울특별시,일반판매,원피스,품질(물품/용역)
2024024119,2024-05-08,남자,20 - 29세,대전광역시,일반판매,예식서비스,계약해제.해지/위약금
2024023987,2024-05-08,남자,60 - 64세,충청북도,일반판매,자동차수리·점검,품질(물품/용역)
2024024001,2024-05-08,여자,10 - 19세,서울특별시,국내온라인거래,일반강습(입시학원등),계약불이행(불완전이행)
2024024014,2024-05-08,남자,20 - 29세,대구광역시,국내온라인거래,운동화,계약불이행(불완전이행)
2024024015,2024-05-08,여자,40 - 49세,서울특별시,기타통신판매,TV,품질(물품/용역)
2024024022,2024-05-08,여자,30 - 39세,경기도,국내온라인거래,중형승용자동차,계약불이행(불완전이행)
2024024035,2024-05-08,여자,20 - 29세,경상남도,모바일거래,건물청소서비스,계약불이행(불완전이행)
2024024037,2024-05-08,여자,30 - 39세,서울특별시,국내온라인거래,기타이·미용기구,안전(제품/시설)
2024022275,2024-05-08,남자,40 - 49세,경기도,일반판매,양복(서양식 의복)세탁,품질(물품/용역)
2024022252,2024-05-08,여자,30 - 39세,서울특별시,일반판매,양복(서양식 의복)세탁,품질(물품/용역)
2024023992,2024-05-08,남자,65 - 69세,서울특별시,전화권유판매,유사투자자문,계약해제.해지/위약금
2024024057,2024-05-08,남자,30 - 39세,경기도,기타통신판매,전기세탁기,품질(물품/용역)
2024024087,2024-05-08,남자,30 - 39세,인천광역시,모바일거래,모바일정보이용서비스,계약해제.해지/위약금
2024024124,2024-05-08,여자,40 - 49세,경기도,방문판매,헬스장,계약해제.해지/위약금
2024024130,2024-05-08,여자,50 - 59세,충청남도,방문판매,기타인테리어설비,AS불만
2024024308,2024-05-09,여자,20 - 29세,강원특별자치도,기타통신판매,인터넷교육서비스,계약해제.해지/위약금
2024024317,2024-05-09,여자,30 - 39세,서울특별시,국내온라인거래,원피스,청약철회
2024024333,2024-05-09,남자,50 - 59세,전라남도,국내온라인거래,기타자동차부품,계약해제.해지/위약금
2024024334,2024-05-09,남자,50 - 59세,서울특별시,일반판매,대형승용자동차,품질(물품/용역)
2024024339,2024-05-09,여자,20 - 29세,경상남도,국내온라인거래,기타미분류물품,계약불이행(불완전이행)
2024024341,2024-05-09,여자,65 - 69세,대전광역시,일반판매,중형승용자동차,품질(물품/용역)
2024022052,2024-05-09,남자,40 - 49세,경상남도,일반판매,피혁세탁,품질(물품/용역)
2024022835,2024-05-09,여자,40 - 49세,서울특별시,일반판매,양복(서양식 의복)세탁,품질(물품/용역)
2024022267,2024-05-09,남자,40 - 49세,서울특별시,일반판매,티셔츠,품질(물품/용역)
2024024249,2024-05-09,남자,20 - 29세,경기도,일반판매,종합체육시설회원권,계약해제.해지/위약금
2024024258,2024-05-09,여자,30 - 39세,서울특별시,일반판매,미용서비스,계약해제.해지/위약금
2024024285,2024-05-09,남자,30 - 39세,경기도,일반판매,기타숙박시설,계약해제.해지/위약금
2024024264,2024-05-09,남자,50 - 59세,경상남도,전화권유판매,영업용기계,계약불이행(불완전이행)
2024024280,2024-05-09,여자,20 - 29세,경기도,국내온라인거래,부업알선,계약불이행(불완전이행)
2024024290,2024-05-09,여자,60 - 64세,부산광역시,TV홈쇼핑,샴푸,품질(물품/용역)
2024024366,2024-05-09,여자,40 - 49세,전라북도,국내온라인거래,기타의류·섬유,계약불이행(불완전이행)
2024024367,2024-05-09,여자,40 - 49세,경상남도,모바일거래,항공여객운송서비스,이자.수수료
2024024368,2024-05-09,남자,20 - 29세,경기도,국내온라인거래,지갑,청약철회
2024024369,2024-05-09,남자,50 - 59세,전라북도,국내온라인거래,운동화,품질(물품/용역)
2024024370,2024-05-09,여자,20 - 29세,경상남도,국내온라인거래,통신기기케이스,청약철회
2024024371,2024-05-09,남자,30 - 39세,대구광역시,일반판매,택배화물운송서비스,품질(물품/용역)
2024024372,2024-05-09,남자,30 - 39세,경기도,국내온라인거래,기타스포츠·레저기구·용품,청약철회
2024024373,2024-05-09,남자,30 - 39세,서울특별시,국제온라인거래,셔츠,청약철회
2024024374,2024-05-09,남자,40 - 49세,경기도,국내온라인거래,국내여행,계약불이행(불완전이행)
2024024375,2024-05-09,남자,40 - 49세,경기도,일반판매,포장이사운송서비스,품질(물품/용역)
2024024376,2024-05-09,남자,30 - 39세,대전광역시,국내온라인거래,냉장고,청약철회
2024024377,2024-05-09,남자,60 - 64세,충청남도,기타통신판매,묘목·모종,부당행위
2024024378,2024-05-09,여자,20 - 29세,부산광역시,모바일거래,기타옷감·실,청약철회
2024024379,2024-05-09,여자,40 - 49세,경기도,국내온라인거래,기타미분류서비스,청약철회
2024024380,2024-05-09,남자,20 - 29세,경기도,방문판매,헬스장,계약해제.해지/위약금
2024024381,2024-05-09,남자,20 - 29세,서울특별시,국내온라인거래,운전강습,계약불이행(불완전이행)
2024024382,2024-05-09,남자,20 - 29세,광주광역시,일반판매,헬스장,계약해제.해지/위약금
2024024383,2024-05-09,여자,30 - 39세,대구광역시,기타,스마트폰,부당행위
2024024384,2024-05-09,여자,30 - 39세,경기도,국내온라인거래,정수기대여(렌트),품질(물품/용역)
2024024385,2024-05-09,여자,20 - 29세,서울특별시,국내온라인거래,기타서적음반류,품질(물품/용역)
2024024386,2024-05-09,남자,50 - 59세,경기도,국내온라인거래,국외여행,계약해제.해지/위약금
2024024387,2024-05-09,남자,30 - 39세,경기도,기타,도어,AS불만
2024024388,2024-05-09,여자,40 - 49세,경기도,국내온라인거래,블라우스,청약철회
2024024389,2024-05-09,여자,20 - 29세,경기도,국내온라인거래,통신기기케이스,품질(물품/용역)
2024024390,2024-05-09,여자,30 - 39세,충청북도,국내온라인거래,숙녀화(구두·부츠 등),계약해제.해지/위약금
2024024391,2024-05-09,남자,60 - 64세,경기도,TV홈쇼핑,음식물처리기대여(렌트),AS불만
2024024392,2024-05-09,남자,40 - 49세,서울특별시,국제온라인거래,기타완구·인형,계약해제.해지/위약금
2024024393,2024-05-09,여자,30 - 39세,서울특별시,일반판매,사진촬영,계약해제.해지/위약금
2024024394,2024-05-09,남자,60 - 64세,경기도,기타,기타정보통신,가격.요금
2024024395,2024-05-09,여자,30 - 39세,충청북도,국내온라인거래,기타숙박시설,계약해제.해지/위약금
2024024396,2024-05-09,여자,20 - 29세,전라북도,국내온라인거래,항공여객운송서비스,계약해제.해지/위약금
2024024397,2024-05-09,남자,30 - 39세,서울특별시,국내온라인거래,베개,표시.광고
2024024398,2024-05-09,남자,40 - 49세,경기도,국제온라인거래,항공여객운송서비스,계약불이행(불완전이행)
2024024399,2024-05-09,남자,30 - 39세,경기도,국내온라인거래,전기세탁기,청약철회
2024024400,2024-05-09,여자,30 - 39세,경기도,국내온라인거래,캐주얼바지,청약철회
2024024401,2024-05-09,여자,20 - 29세,서울특별시,모바일거래,기타세탁서비스,품질(물품/용역)
2024024402,2024-05-09,남자,40 - 49세,제주도,기타통신판매,중고전자제품매매업,품질(물품/용역)
2024024403,2024-05-09,남자,50 - 59세,서울특별시,국내온라인거래,헤드폰·이어폰,청약철회
2024024404,2024-05-09,여자,30 - 39세,부산광역시,일반판매,정수기대여(렌트),품질(물품/용역)
2024024405,2024-05-09,남자,40 - 49세,서울특별시,국내온라인거래,국외여행,품질(물품/용역)
2024024406,2024-05-09,여자,20 - 29세,서울특별시,국내온라인거래,캐주얼바지,청약철회
2024024407,2024-05-09,여자,50 - 59세,경기도,국내온라인거래,기타미분류서비스,계약불이행(불완전이행)
2024024408,2024-05-09,여자,20 - 29세,대전광역시,일반판매,미용서비스,계약해제.해지/위약금
2024024409,2024-05-09,남자,20 - 29세,제주도,일반판매,트레이닝기구,AS불만
2024024410,2024-05-09,남자,30 - 39세,광주광역시,국내온라인거래,호텔,계약불이행(불완전이행)
2024024411,2024-05-09,여자,50 - 59세,서울특별시,일반판매,헬스장,계약해제.해지/위약금
2024024412,2024-05-09,여자,30 - 39세,서울특별시,일반판매,요가,계약해제.해지/위약금
2024024413,2024-05-09,남자,50 - 59세,대구광역시,일반판매,기타음식관련서비스,품질(물품/용역)
2024024414,2024-05-09,여자,40 - 49세,서울특별시,국내온라인거래,노트북컴퓨터,품질(물품/용역)
2024024415,2024-05-09,여자,30 - 39세,경기도,일반판매,기타사설강습서비스,계약해제.해지/위약금
2024024416,2024-05-09,남자,20 - 29세,서울특별시,일반판매,헬스장,계약해제.해지/위약금
2024024417,2024-05-09,여자,30 - 39세,경기도,일반판매,국내결혼중개,계약해제.해지/위약금
2024024418,2024-05-09,여자,30 - 39세,경기도,전화권유판매,다이어트식품,단순문의.상담
2024024419,2024-05-09,남자,30 - 39세,경기도,일반판매,컴퓨터수리,가격.요금
2024024420,2024-05-09,여자,30 - 39세,경기도,일반판매,기타가사서비스,계약불이행(불완전이행)
2024024421,2024-05-09,여자,40 - 49세,전라남도,일반판매,이동전화서비스,품질(물품/용역)
2024024422,2024-05-09,여자,40 - 49세,경기도,국내온라인거래,기타가방,품질(물품/용역)
2024024321,2024-05-09,남자,30 - 39세,서울특별시,일반판매,헬스장,계약해제.해지/위약금
2024024353,2024-05-09,여자,70 - 79세,부산광역시,일반판매,케이블TV,계약해제.해지/위약금
2024024423,2024-05-09,여자,20 - 29세,서울특별시,일반판매,필라테스,계약해제.해지/위약금
2024024424,2024-05-09,남자,30 - 39세,경기도,일반판매,미분류대여(렌트),계약해제.해지/위약금
2024024425,2024-05-09,남자,30 - 39세,충청북도,기타,미분류수리가공,품질(물품/용역)
2024024426,2024-05-09,남자,30 - 39세,경기도,국내온라인거래,책장·서가,품질(물품/용역)
2024024427,2024-05-09,여자,50 - 59세,서울특별시,일반판매,펜션,계약해제.해지/위약금
2024024428,2024-05-09,남자,40 - 49세,서울특별시,국내온라인거래,국외여행,계약해제.해지/위약금
2024024429,2024-05-09,여자,30 - 39세,경상남도,국내온라인거래,숙녀화(구두·부츠 등),청약철회
2024024430,2024-05-09,여자,30 - 39세,인천광역시,국내온라인거래,김치냉장고,AS불만
2024024431,2024-05-09,남자,30 - 39세,부산광역시,일반판매,스마트폰,계약불이행(불완전이행)
2024024432,2024-05-09,남자,60 - 64세,서울특별시,일반판매,기타인테리어설비,AS불만
2024024433,2024-05-09,남자,20 - 29세,서울특별시,일반판매,기타문화·오락시설이용,계약해제.해지/위약금
2024024434,2024-05-09,여자,20 - 29세,경기도,국제온라인거래,호텔,계약불이행(불완전이행)
2024024435,2024-05-09,남자,40 - 49세,경기도,국내온라인거래,프린터,청약철회
2024024436,2024-05-09,여자,20 - 29세,경기도,국내온라인거래,스커트,계약불이행(불완전이행)
2024024358,2024-05-09,남자,50 - 59세,경기도,일반판매,전기압력밥솥,부당행위
2024024437,2024-05-09,남자,30 - 39세,대구광역시,기타,국내결혼중개,계약해제.해지/위약금
2024024438,2024-05-09,남자,30 - 39세,경기도,국제온라인거래,낚시용품,품질(물품/용역)
2024024439,2024-05-09,남자,30 - 39세,경기도,국내온라인거래,기타숙박시설,계약해제.해지/위약금
2024024440,2024-05-09,여자,30 - 39세,서울특별시,소셜커머스(쇼핑),전기맛사지기,품질(물품/용역)
2024024441,2024-05-09,여자,20 - 29세,경기도,일반판매,헬스장,계약해제.해지/위약금
2024024442,2024-05-09,남자,40 - 49세,부산광역시,일반판매,택배화물운송서비스,계약불이행(불완전이행)
2024024443,2024-05-09,남자,30 - 39세,경기도,기타통신판매,기타장류,품질(물품/용역)
2024024444,2024-05-09,남자,20 - 29세,경상북도,일반판매,헬스장,계약해제.해지/위약금
2024024445,2024-05-09,여자,30 - 39세,경기도,소셜커머스(쇼핑),도서·음반대여(렌트),품질(물품/용역)
2024024446,2024-05-09,여자,50 - 59세,경기도,국내온라인거래,기타가방,청약철회
2024024447,2024-05-09,여자,20 - 29세,경기도,일반판매,헬스장,부당행위
2024024448,2024-05-09,여자,40 - 49세,서울특별시,국내온라인거래,펜션,부당행위
2024024449,2024-05-09,남자,40 - 49세,서울특별시,국내온라인거래,인터넷교육서비스,계약불이행(불완전이행)
2024024450,2024-05-09,여자,30 - 39세,경기도,국내온라인거래,기타가방,청약철회
2024024451,2024-05-09,남자,60 - 64세,서울특별시,국내온라인거래,항공여객운송서비스,계약불이행(불완전이행)
2024024452,2024-05-09,여자,50 - 59세,서울특별시,국내온라인거래,택배화물운송서비스,계약불이행(불완전이행)
2024024453,2024-05-09,여자,30 - 39세,경기도,전화권유판매,정수기대여(렌트),AS불만
2024024454,2024-05-09,여자,20 - 29세,서울특별시,일반판매,기타사설강습서비스,계약해제.해지/위약금
2024024455,2024-05-09,여자,40 - 49세,대구광역시,모바일거래,모바일정보이용서비스,청약철회
2024024456,2024-05-09,여자,30 - 39세,서울특별시,국제온라인거래,기타숙박시설,계약해제.해지/위약금
2024024457,2024-05-09,남자,40 - 49세,서울특별시,기타,기타미분류서비스,부당행위
2024024458,2024-05-09,여자,20 - 29세,경기도,일반판매,케이블TV,가격.요금
2024024459,2024-05-09,남자,40 - 49세,서울특별시,기타통신판매,인터넷정보이용서비스,계약불이행(불완전이행)
2024024460,2024-05-09,여자,20 - 29세,전라북도,방문판매,사진촬영,계약불이행(불완전이행)
2024024461,2024-05-09,여자,20 - 29세,경기도,방문판매,헬스장,계약해제.해지/위약금
2024024462,2024-05-09,여자,40 - 49세,경기도,기타,기타세탁서비스,부당행위
2024024463,2024-05-09,남자,30 - 39세,대구광역시,모바일거래,모바일게임서비스,계약불이행(불완전이행)
2024024464,2024-05-09,여자,30 - 39세,경기도,일반판매,포장이사운송서비스,품질(물품/용역)
2024024465,2024-05-09,여자,30 - 39세,경기도,방문판매,결혼준비대행서비스,계약해제.해지/위약금
2024024466,2024-05-09,여자,20 - 29세,서울특별시,모바일거래,기타숙박시설,계약불이행(불완전이행)
2024024467,2024-05-09,남자,40 - 49세,경기도,전화권유판매,이동전화서비스,계약불이행(불완전이행)
2024024469,2024-05-09,남자,60 - 64세,경기도,전화권유판매,법무서비스,계약해제.해지/위약금
2024024470,2024-05-09,여자,10 - 19세,서울특별시,일반판매,헬스장,계약해제.해지/위약금
2024024471,2024-05-09,여자,20 - 29세,대구광역시,일반판매,결혼준비대행서비스,계약해제.해지/위약금
2024024472,2024-05-09,여자,50 - 59세,서울특별시,일반판매,법률(행정),계약불이행(불완전이행)
2024024473,2024-05-09,여자,20 - 29세,경기도,모바일거래,항공여객운송서비스,계약해제.해지/위약금
2024024474,2024-05-09,여자,30 - 39세,경상남도,국내온라인거래,기타서적음반류,품질(물품/용역)
2024024475,2024-05-09,남자,30 - 39세,대구광역시,일반판매,의상대여(렌트),계약해제.해지/위약금
2024024476,2024-05-09,여자,20 - 29세,세종특별자치시,모바일거래,기타신발·용품,계약불이행(불완전이행)
2024024477,2024-05-09,남자,30 - 39세,서울특별시,방문판매,골프회원권,계약해제.해지/위약금
2024024245,2024-05-09,여자,50 - 59세,경기도,국내온라인거래,감귤,계약불이행(불완전이행)
2024024255,2024-05-09,여자,50 - 59세,전라남도,기타통신판매,포장이사운송서비스,품질(물품/용역)
2024024275,2024-05-09,남자,60 - 64세,경기도,국내온라인거래,꽃·화초·화환,계약불이행(불완전이행)
2024024277,2024-05-09,여자,20 - 29세,서울특별시,일반판매,헬스장,계약해제.해지/위약금
2024024283,2024-05-09,남자,60 - 64세,경기도,기타,케이블TV,부당행위
2024024320,2024-05-09,여자,40 - 49세,서울특별시,모바일거래,침대,표시.광고
2024024354,2024-05-09,여자,20 - 29세,경기도,일반판매,기타예·적금,계약해제.해지/위약금
2024024365,2024-05-09,남자,10 - 19세,강원특별자치도,일반판매,종신보험,약관
2024022717,2024-05-09,남자,60 - 64세,부산광역시,일반판매,기타세탁서비스,품질(물품/용역)
2024021844,2024-05-09,남자,40 - 49세,경기도,일반판매,양복(서양식 의복)세탁,품질(물품/용역)
2024022029,2024-05-09,남자,40 - 49세,서울특별시,일반판매,니트(스웨터),품질(물품/용역)
2024024262,2024-05-09,여자,40 - 49세,서울특별시,방문판매,스팀다리미,부당행위
2024024289,2024-05-09,여자,40 - 49세,경기도,모바일거래,꽃·화초·화환,표시.광고
2024024294,2024-05-09,남자,60 - 64세,전라북도,일반판매,기타농업용기계,AS불만
2024024266,2024-05-09,남자,20 - 29세,강원특별자치도,일반판매,진단검사의학과,품질(물품/용역)
2024024284,2024-05-09,여자,30 - 39세,대구광역시,기타,상해보험,계약불이행(불완전이행)
2024024287,2024-05-09,남자,30 - 39세,경상북도,일반판매,자동차수리·점검,AS불만
2024024299,2024-05-09,남자,30 - 39세,서울특별시,전화권유판매,상조서비스,이자.수수료
2024024243,2024-05-09,여자,40 - 49세,서울특별시,소셜커머스(쇼핑),신유형상품권,표시.광고
2024024244,2024-05-09,남자,50 - 59세,서울특별시,기타,유사투자자문,계약해제.해지/위약금
2024024246,2024-05-09,남자,50 - 59세,서울특별시,전화권유판매,유사투자자문,계약해제.해지/위약금
2024024263,2024-05-09,남자,40 - 49세,경기도,기타,음식물처리기,품질(물품/용역)
2024024267,2024-05-09,남자,50 - 59세,부산광역시,일반판매,안경·안경테,품질(물품/용역)
2024024319,2024-05-09,남자,30 - 39세,강원특별자치도,일반판매,자동차대여(렌트),계약해제.해지/위약금
2024024272,2024-05-09,남자,30 - 39세,인천광역시,일반판매,필라테스,계약불이행(불완전이행)
2024024274,2024-05-09,남자,20 - 29세,전라남도,국내온라인거래,항공여객운송서비스,계약해제.해지/위약금
2024024282,2024-05-09,여자,40 - 49세,경기도,일반판매,냄비,품질(물품/용역)
2024024302,2024-05-09,남자,70 - 79세,부산광역시,일반판매,공중목욕탕,부당행위
2024024310,2024-05-09,남자,30 - 39세,서울특별시,국내온라인거래,자동차대여(렌트),계약해제.해지/위약금
2024024288,2024-05-09,여자,30 - 39세,경기도,일반판매,피부·체형관리서비스,계약해제.해지/위약금
2024024363,2024-05-09,남자,불명,경기도,일반판매,대형승용자동차,계약불이행(불완전이행)
2024024301,2024-05-09,남자,40 - 49세,충청남도,일반판매,대형승용자동차,부당행위
2024024303,2024-05-09,남자,30 - 39세,서울특별시,일반판매,피부과,품질(물품/용역)
2024024304,2024-05-09,남자,20 - 29세,경기도,일반판매,성형외과,계약해제.해지/위약금
2024024309,2024-05-09,남자,30 - 39세,서울특별시,일반판매,헬스장,계약해제.해지/위약금
2024024315,2024-05-09,여자,30 - 39세,서울특별시,일반판매,필라테스,계약해제.해지/위약금
2024024316,2024-05-09,남자,30 - 39세,경기도,국내온라인거래,자동차대여(렌트),계약불이행(불완전이행)
2024024330,2024-05-09,여자,30 - 39세,경기도,국내온라인거래,항공여객운송서비스,부당행위
2024023157,2024-05-09,남자,30 - 39세,전라북도,일반판매,양복(서양식 의복)세탁,품질(물품/용역)
2024023122,2024-05-09,여자,50 - 59세,강원특별자치도,일반판매,점퍼·재킷류,품질(물품/용역)
2024023319,2024-05-09,여자,30 - 39세,부산광역시,일반판매,모자,품질(물품/용역)
2024024362,2024-05-09,남자,30 - 39세,경기도,기타통신판매,PDA단말기,계약불이행(불완전이행)
2024024242,2024-05-09,여자,불명,서울특별시,국내온라인거래,도서·음반대여(렌트),표시.광고
2024024250,2024-05-09,여자,80세이상,경기도,일반판매,정수기대여(렌트),계약해제.해지/위약금
2024024281,2024-05-09,여자,20 - 29세,대전광역시,일반판매,시계,계약불이행(불완전이행)
2024024336,2024-05-09,여자,50 - 59세,인천광역시,국내온라인거래,TV,품질(물품/용역)
2024024296,2024-05-09,남자,30 - 39세,경기도,기타,도어,계약불이행(불완전이행)
2024024313,2024-05-09,여자,40 - 49세,인천광역시,국내온라인거래,기타자동차용품,표시.광고
2024024328,2024-05-09,남자,30 - 39세,전라북도,기타,상품권,계약불이행(불완전이행)
2024024329,2024-05-09,여자,80세이상,경기도,일반판매,보석·귀금속,계약불이행(불완전이행)
2024024337,2024-05-09,남자,불명,부산광역시,일반판매,항공여객운송서비스,계약불이행(불완전이행)
2024024345,2024-05-09,남자,80세이상,대구광역시,전화권유판매,유사투자자문,청약철회
2024024346,2024-05-09,남자,50 - 59세,충청남도,일반판매,침대,AS불만
2024024273,2024-05-09,여자,20 - 29세,서울특별시,모바일거래,기타스포츠·레저기구·용품,품질(물품/용역)
2024024348,2024-05-09,남자,30 - 39세,서울특별시,소셜커머스(쇼핑),봉지면,청약철회
2024023125,2024-05-09,남자,50 - 59세,경상남도,일반판매,기타가방,품질(물품/용역)
2024023106,2024-05-09,여자,50 - 59세,경기도,일반판매,피혁세탁,품질(물품/용역)
2024024286,2024-05-09,남자,30 - 39세,경기도,국내온라인거래,기타의류·섬유,청약철회
2024024247,2024-05-09,남자,50 - 59세,서울특별시,국내온라인거래,김치냉장고,품질(물품/용역)
2024024251,2024-05-09,여자,20 - 29세,서울특별시,일반판매,필라테스,계약해제.해지/위약금
2024024253,2024-05-09,남자,40 - 49세,경기도,일반판매,의류수선,부당행위
2024024276,2024-05-09,여자,30 - 39세,제주도,모바일거래,모바일정보이용서비스,계약해제.해지/위약금
2024024292,2024-05-09,남자,40 - 49세,경기도,일반판매,안마의자,계약불이행(불완전이행)
2024024295,2024-05-09,여자,40 - 49세,경기도,국내온라인거래,기타이·미용기구,부당행위
2024024298,2024-05-09,남자,40 - 49세,서울특별시,일반판매,자동차수리·점검,AS불만
2024024305,2024-05-09,남자,40 - 49세,서울특별시,일반판매,기타사설강습서비스,부당행위
2024024306,2024-05-09,여자,30 - 39세,인천광역시,국내온라인거래,물안경,부당행위
2024024323,2024-05-09,남자,60 - 64세,부산광역시,국내온라인거래,기타이동통신,청약철회
2024024332,2024-05-09,여자,65 - 69세,경기도,기타통신판매,포장이사운송서비스,계약불이행(불완전이행)
2024024344,2024-05-09,남자,30 - 39세,서울특별시,일반판매,운전강습,계약해제.해지/위약금
2024024352,2024-05-09,여자,40 - 49세,인천광역시,국내온라인거래,신유형상품권,부당행위
2024024257,2024-05-09,여자,20 - 29세,경기도,모바일거래,모바일게임서비스,계약불이행(불완전이행)
2024024260,2024-05-09,여자,50 - 59세,부산광역시,전화권유판매,모바일정보이용서비스,계약불이행(불완전이행)
2024024270,2024-05-09,여자,30 - 39세,경기도,일반판매,공기청정기,AS불만
2024024312,2024-05-09,여자,30 - 39세,해외 및 기타,소셜커머스(쇼핑),가습기,계약해제.해지/위약금
2024024252,2024-05-09,여자,50 - 59세,경기도,일반판매,스마트폰,품질(물품/용역)
2024024259,2024-05-09,남자,50 - 59세,경기도,기타통신판매,신용카드,부당행위
2024024318,2024-05-09,남자,70 - 79세,인천광역시,일반판매,차량용블랙박스,계약해제.해지/위약금
2024024335,2024-05-09,여자,30 - 39세,경기도,일반판매,피부·체형관리서비스,품질(물품/용역)
2024024265,2024-05-09,남자,60 - 64세,제주도,일반판매,외과,품질(물품/용역)
2024024356,2024-05-09,여자,불명,경상북도,모바일거래,모바일정보이용서비스,부당행위
2024024357,2024-05-09,남자,불명,경기도,국내온라인거래,항공여객운송서비스,부당행위
2024022890,2024-05-09,여자,30 - 39세,서울특별시,일반판매,양복(서양식 의복)세탁,품질(물품/용역)
2024022231,2024-05-09,여자,50 - 59세,울산광역시,일반판매,양복(서양식 의복)세탁,품질(물품/용역)
2024021880,2024-05-09,남자,50 - 59세,대구광역시,일반판매,기타간편복,품질(물품/용역)
2024022918,2024-05-09,여자,40 - 49세,서울특별시,국내온라인거래,원피스,품질(물품/용역)
2024023104,2024-05-09,여자,20 - 29세,충청남도,국내온라인거래,기타간편복,품질(물품/용역)
2024022927,2024-05-09,여자,40 - 49세,충청남도,국내온라인거래,양복(서양식 의복)세탁,품질(물품/용역)
2024023137,2024-05-09,남자,30 - 39세,인천광역시,일반판매,기타간편복,품질(물품/용역)
2024024340,2024-05-09,남자,30 - 39세,서울특별시,국내온라인거래,통신기기주변장치,계약불이행(불완전이행)
2024024361,2024-05-09,남자,40 - 49세,인천광역시,일반판매,기타의료서비스,계약해제.해지/위약금
2024024351,2024-05-09,여자,40 - 49세,서울특별시,일반판매,사진촬영,계약해제.해지/위약금
2024024486,2024-05-10,남자,불명,경기도,국내온라인거래,소프트웨어,부당행위
2024024582,2024-05-10,남자,60 - 64세,충청남도,소셜커머스(쇼핑),냉장고,품질(물품/용역)
2024023164,2024-05-10,여자,65 - 69세,경상북도,일반판매,양복(서양식 의복)세탁,품질(물품/용역)
2024024485,2024-05-10,남자,30 - 39세,경기도,일반판매,자동차수리·점검,계약불이행(불완전이행)
2024024495,2024-05-10,남자,50 - 59세,부산광역시,일반판매,이동전화서비스,계약해제.해지/위약금
2024024496,2024-05-10,여자,60 - 64세,경기도,TV홈쇼핑,미분류대여(렌트),계약해제.해지/위약금
2024024498,2024-05-10,남자,70 - 79세,대전광역시,일반판매,건강(암·기타질병)보험,약관
2024024524,2024-05-10,여자,30 - 39세,서울특별시,국내온라인거래,매트,품질(물품/용역)
2024024528,2024-05-10,여자,50 - 59세,서울특별시,국내온라인거래,기타건강식품,표시.광고
2024024535,2024-05-10,남자,40 - 49세,서울특별시,방문판매,상조서비스,계약불이행(불완전이행)
2024024533,2024-05-10,남자,20 - 29세,서울특별시,일반판매,헬스장,부당행위
2024024534,2024-05-10,여자,30 - 39세,서울특별시,국내온라인거래,룸에어컨,계약불이행(불완전이행)
2024024536,2024-05-10,남자,40 - 49세,경상북도,모바일거래,기타알선·중개·번역서비스,부당행위
2024024539,2024-05-10,남자,20 - 29세,서울특별시,방문판매,공기청정기,부당행위
2024024543,2024-05-10,여자,40 - 49세,경기도,기타,기타사설강습서비스,청약철회
2024024563,2024-05-10,남자,50 - 59세,경기도,일반판매,스포츠시설이용,계약해제.해지/위약금
2024024566,2024-05-10,여자,50 - 59세,서울특별시,일반판매,상해보험,계약불이행(불완전이행)
2024024579,2024-05-10,여자,30 - 39세,서울특별시,국내온라인거래,인터넷정보이용서비스,계약불이행(불완전이행)
2024024517,2024-05-10,남자,40 - 49세,경기도,소셜커머스(쇼핑),키보드,청약철회
2024024519,2024-05-10,여자,30 - 39세,경상북도,일반판매,포장이사운송서비스,품질(물품/용역)
2024024530,2024-05-10,여자,20 - 29세,부산광역시,국내온라인거래,운동화,품질(물품/용역)
2024024532,2024-05-10,여자,50 - 59세,경기도,국내온라인거래,인터넷교육서비스,부당행위
2024024544,2024-05-10,남자,70 - 79세,경상북도,기타,치과,품질(물품/용역)
2024024545,2024-05-10,여자,60 - 64세,대구광역시,기타,안과,품질(물품/용역)
2024024572,2024-05-10,남자,70 - 79세,부산광역시,기타,한의원,계약해제.해지/위약금
2024024577,2024-05-10,남자,20 - 29세,부산광역시,일반판매,기타전문서비스,계약불이행(불완전이행)
2024024478,2024-05-10,여자,40 - 49세,서울특별시,국내온라인거래,전기포트,부당행위
2024024479,2024-05-10,여자,40 - 49세,서울특별시,일반판매,헬스장,부당행위
2024024518,2024-05-10,남자,50 - 59세,인천광역시,소셜커머스(쇼핑),항공여객운송서비스,계약해제.해지/위약금
2024024538,2024-05-10,남자,40 - 49세,충청남도,일반판매,기타주거관리설비,AS불만
2024024557,2024-05-10,남자,30 - 39세,인천광역시,모바일거래,호텔,계약해제.해지/위약금
2024024561,2024-05-10,남자,불명,서울특별시,국내온라인거래,호텔,계약불이행(불완전이행)
2024024576,2024-05-10,여자,50 - 59세,인천광역시,일반판매,필라테스,계약해제.해지/위약금
2024024489,2024-05-10,남자,50 - 59세,울산광역시,일반판매,기타인테리어설비,AS불만
2024024483,2024-05-10,여자,65 - 69세,서울특별시,국내온라인거래,점퍼·재킷류,청약철회
2024024484,2024-05-10,여자,불명,경기도,일반판매,항공여객운송서비스,계약불이행(불완전이행)
2024024490,2024-05-10,남자,50 - 59세,강원특별자치도,일반판매,영양보충용제품,안전(제품/시설)
2024024492,2024-05-10,여자,50 - 59세,울산광역시,일반판매,헬스장,계약해제.해지/위약금
2024024500,2024-05-10,여자,40 - 49세,경기도,일반판매,안과,품질(물품/용역)
2024024503,2024-05-10,남자,50 - 59세,충청남도,일반판매,차량용블랙박스,AS불만
2024024504,2024-05-10,여자,40 - 49세,대구광역시,모바일거래,모바일게임서비스,계약불이행(불완전이행)
2024024507,2024-05-10,남자,70 - 79세,경기도,기타통신판매,전기자전거,품질(물품/용역)
2024024516,2024-05-10,여자,30 - 39세,서울특별시,일반판매,기타세탁서비스,계약해제.해지/위약금
2024024522,2024-05-10,여자,40 - 49세,경기도,기타통신판매,기타건강식품,청약철회
2024024531,2024-05-10,남자,40 - 49세,경상북도,일반판매,기타미분류물품,AS불만
2024024542,2024-05-10,여자,50 - 59세,서울특별시,일반판매,운전강습,계약불이행(불완전이행)
2024024548,2024-05-10,남자,30 - 39세,서울특별시,일반판매,헬스장,부당행위
2024024549,2024-05-10,여자,60 - 64세,서울특별시,방문판매,기타미분류물품,계약해제.해지/위약금
2024024552,2024-05-10,여자,10 - 19세,서울특별시,일반판매,헬스장,계약해제.해지/위약금
2024024554,2024-05-10,여자,30 - 39세,경기도,일반판매,헬스장,계약해제.해지/위약금
2024024558,2024-05-10,여자,40 - 49세,경기도,일반판매,기타이·미용서비스,계약해제.해지/위약금
2024024560,2024-05-10,남자,80세이상,서울특별시,일반판매,모바일게임서비스,거래관행
2024024565,2024-05-10,남자,30 - 39세,인천광역시,국내온라인거래,식탁,품질(물품/용역)
2024024581,2024-05-10,여자,20 - 29세,대전광역시,일반판매,복사서비스,계약불이행(불완전이행)
2024024571,2024-05-10,여자,65 - 69세,부산광역시,기타,한의원,품질(물품/용역)
2024024574,2024-05-10,남자,30 - 39세,서울특별시,일반판매,건강(암·기타질병)보험,약관
2024024508,2024-05-10,여자,30 - 39세,경기도,모바일거래,양복(서양식 의복)세탁,계약불이행(불완전이행)
2024024513,2024-05-10,여자,불명,인천광역시,기타,필라테스,계약불이행(불완전이행)
2024023279,2024-05-10,여자,40 - 49세,서울특별시,일반판매,양복(서양식 의복)세탁,품질(물품/용역)
2024023862,2024-05-10,여자,30 - 39세,경상남도,일반판매,양복(서양식 의복)세탁,품질(물품/용역)
2024024919,2024-05-10,여자,20 - 29세,세종특별자치시,일반판매,헬스장,계약해제.해지/위약금
2024023847,2024-05-10,남자,40 - 49세,서울특별시,일반판매,코트,품질(물품/용역)
2024024509,2024-05-10,남자,30 - 39세,충청남도,일반판매,기타옥외장비·설비,계약불이행(불완전이행)
2024023749,2024-05-10,여자,30 - 39세,경기도,일반판매,양복(서양식 의복)세탁,품질(물품/용역)
2024024488,2024-05-10,남자,50 - 59세,서울특별시,기타통신판매,기타일반화장품,청약철회
2024024515,2024-05-10,여자,30 - 39세,경기도,국내온라인거래,의자,품질(물품/용역)
2024024541,2024-05-10,남자,40 - 49세,대구광역시,일반판매,국외여행,계약불이행(불완전이행)
2024024547,2024-05-10,여자,20 - 29세,서울특별시,일반판매,성형외과,계약해제.해지/위약금
2024024555,2024-05-10,여자,30 - 39세,서울특별시,국내온라인거래,부업알선,계약해제.해지/위약금
2024024546,2024-05-10,여자,40 - 49세,인천광역시,기타,내과,품질(물품/용역)
2024024575,2024-05-10,여자,40 - 49세,울산광역시,국내온라인거래,국외여행,계약불이행(불완전이행)
2024024480,2024-05-10,여자,40 - 49세,인천광역시,일반판매,필라테스,부당행위
2024024520,2024-05-10,남자,50 - 59세,서울특별시,소셜커머스(쇼핑),기타보건·위생용품,계약불이행(불완전이행)
2024024521,2024-05-10,남자,30 - 39세,서울특별시,일반판매,헤드폰·이어폰,계약불이행(불완전이행)
2024024540,2024-05-10,남자,70 - 79세,대전광역시,기타,정수기대여(렌트),품질(물품/용역)
2024024564,2024-05-10,남자,30 - 39세,인천광역시,일반판매,종합체육시설회원권,계약해제.해지/위약금
2024024601,2024-05-10,여자,20 - 29세,인천광역시,국내온라인거래,사진촬영,계약해제.해지/위약금
2024024602,2024-05-10,여자,40 - 49세,경기도,국내온라인거래,정수기대여(렌트),계약해제.해지/위약금
2024024603,2024-05-10,여자,30 - 39세,서울특별시,국내온라인거래,캐주얼바지,청약철회
2024024604,2024-05-10,여자,30 - 39세,서울특별시,소셜커머스(쇼핑),전기진공청소기,AS불만
2024024605,2024-05-10,남자,30 - 39세,경기도,국내온라인거래,철도여객운송서비스,부당행위
2024024606,2024-05-10,남자,70 - 79세,전라남도,일반판매,국외여행,계약해제.해지/위약금
2024024607,2024-05-10,여자,30 - 39세,경기도,국내온라인거래,각종공연관람,계약해제.해지/위약금
2024024608,2024-05-10,여자,40 - 49세,부산광역시,국내온라인거래,항공여객운송서비스,계약불이행(불완전이행)
2024024609,2024-05-10,여자,20 - 29세,서울특별시,국제온라인거래,등산화,청약철회
2024024610,2024-05-10,여자,20 - 29세,서울특별시,기타,버스여객운송서비스,계약해제.해지/위약금
2024024512,2024-05-10,남자,불명,경기도,국내온라인거래,룸에어컨,계약불이행(불완전이행)
2024024526,2024-05-10,남자,30 - 39세,서울특별시,국내온라인거래,미분류컨설팅(자문),품질(물품/용역)
2024024551,2024-05-10,여자,20 - 29세,부산광역시,방문판매,헬스장,계약해제.해지/위약금
2024024553,2024-05-10,여자,70 - 79세,서울특별시,일반판매,국외여행,계약해제.해지/위약금
2024024559,2024-05-10,여자,30 - 39세,대구광역시,국내온라인거래,보석·귀금속,계약불이행(불완전이행)
2024024562,2024-05-10,여자,40 - 49세,서울특별시,일반판매,항공여객운송서비스,품질(물품/용역)
2024024611,2024-05-10,여자,30 - 39세,서울특별시,국내온라인거래,벽지·바닥재,청약철회
2024024612,2024-05-10,여자,20 - 29세,인천광역시,일반판매,필라테스,계약해제.해지/위약금
2024024613,2024-05-10,여자,20 - 29세,인천광역시,국내온라인거래,점퍼·재킷류,청약철회
2024024614,2024-05-10,여자,20 - 29세,충청북도,일반판매,헬스장,계약해제.해지/위약금
2024024615,2024-05-10,남자,30 - 39세,경기도,방문판매,결혼준비대행서비스,계약해제.해지/위약금
2024024616,2024-05-10,여자,50 - 59세,서울특별시,일반판매,김치냉장고,품질(물품/용역)
2024024617,2024-05-10,여자,20 - 29세,서울특별시,국내온라인거래,기타숙박시설,계약해제.해지/위약금
2024024618,2024-05-10,여자,30 - 39세,경기도,국내온라인거래,연수기대여(렌트),계약해제.해지/위약금
2024024619,2024-05-10,남자,40 - 49세,서울특별시,일반판매,기타가스·급배수설비,AS불만
2024024620,2024-05-10,남자,30 - 39세,서울특별시,일반판매,포장이사운송서비스,품질(물품/용역)
2024024621,2024-05-10,남자,40 - 49세,대구광역시,모바일거래,양복(서양식 의복)세탁,계약불이행(불완전이행)
2024024622,2024-05-10,여자,40 - 49세,서울특별시,기타,기타옥외장비·설비,계약불이행(불완전이행)
2024024623,2024-05-10,남자,40 - 49세,부산광역시,방문판매,가구세트,계약해제.해지/위약금
2024024624,2024-05-10,여자,50 - 59세,인천광역시,기타,공기청정기대여(렌트),계약해제.해지/위약금
2024024625,2024-05-10,여자,20 - 29세,경기도,국내온라인거래,미술전시관람,계약해제.해지/위약금
2024024626,2024-05-10,여자,40 - 49세,광주광역시,기타,기타사설강습서비스,계약해제.해지/위약금
2024024627,2024-05-10,여자,20 - 29세,경기도,국내온라인거래,이동전화서비스,계약불이행(불완전이행)
2024024628,2024-05-10,남자,50 - 59세,인천광역시,일반판매,기타일반화장품,품질(물품/용역)
2024024629,2024-05-10,남자,30 - 39세,경기도,국내온라인거래,식사배달,품질(물품/용역)
2024024630,2024-05-10,여자,30 - 39세,경기도,일반판매,국외여행,계약해제.해지/위약금
2024024631,2024-05-10,여자,30 - 39세,인천광역시,국내온라인거래,전기스탠드,청약철회
2024024632,2024-05-10,여자,50 - 59세,경기도,기타,미분류컨설팅(자문),계약해제.해지/위약금
2024024633,2024-05-10,남자,40 - 49세,경기도,일반판매,시계,품질(물품/용역)
2024024634,2024-05-10,여자,30 - 39세,경기도,기타통신판매,카메라,청약철회
2024024635,2024-05-10,여자,30 - 39세,경기도,일반판매,피부·체형관리서비스,계약해제.해지/위약금
2024024636,2024-05-10,남자,30 - 39세,서울특별시,모바일거래,미분류대여(렌트),부당행위
2024024637,2024-05-10,여자,20 - 29세,충청북도,방문판매,헬스장,계약해제.해지/위약금
2024024638,2024-05-10,여자,50 - 59세,경상북도,일반판매,기타이·미용서비스,계약해제.해지/위약금
2024024639,2024-05-10,남자,40 - 49세,경기도,일반판매,TV,AS불만
2024024640,2024-05-10,남자,65 - 69세,경기도,일반판매,안마의자,부당행위
2024024641,2024-05-10,남자,40 - 49세,서울특별시,일반판매,일반강습(입시학원등),계약불이행(불완전이행)
2024024642,2024-05-10,여자,60 - 64세,경기도,전화권유판매,초고속인터넷,계약해제.해지/위약금
2024024643,2024-05-10,여자,30 - 39세,인천광역시,소셜커머스(쇼핑),헬스장,계약해제.해지/위약금
2024024644,2024-05-10,여자,40 - 49세,경기도,국내온라인거래,떡류,청약철회
2024024645,2024-05-10,남자,30 - 39세,서울특별시,국내온라인거래,항공여객운송서비스,품질(물품/용역)
2024024646,2024-05-10,여자,50 - 59세,강원특별자치도,방문판매,마사지류,계약해제.해지/위약금
2024024647,2024-05-10,남자,30 - 39세,서울특별시,일반판매,애완견,계약불이행(불완전이행)
2024024648,2024-05-10,여자,50 - 59세,인천광역시,방문판매,콘도회원권,청약철회
2024024649,2024-05-10,남자,30 - 39세,서울특별시,국내온라인거래,식기세척기,계약불이행(불완전이행)
2024024650,2024-05-10,남자,30 - 39세,서울특별시,기타,세무서비스,계약불이행(불완전이행)
2024024651,2024-05-10,여자,30 - 39세,경기도,일반판매,테니스장스쿼시회원권,계약해제.해지/위약금
2024024652,2024-05-10,여자,30 - 39세,경기도,국내온라인거래,기타취미용품,청약철회
2024024653,2024-05-10,여자,40 - 49세,경기도,모바일거래,모바일정보이용서비스,계약해제.해지/위약금
2024024654,2024-05-10,여자,30 - 39세,서울특별시,국내온라인거래,항공여객운송서비스,이자.수수료
2024024655,2024-05-10,여자,30 - 39세,서울특별시,일반판매,필라테스,계약해제.해지/위약금
2024024656,2024-05-10,여자,30 - 39세,경기도,일반판매,신사복세트,부당행위
2024024657,2024-05-10,여자,40 - 49세,경기도,국내온라인거래,항공여객운송서비스,계약불이행(불완전이행)
2024024658,2024-05-10,여자,50 - 59세,경기도,일반판매,필라테스,계약해제.해지/위약금
2024024659,2024-05-10,남자,40 - 49세,대구광역시,기타,아파트,부당행위
2024024660,2024-05-10,여자,40 - 49세,충청남도,국내온라인거래,항공여객운송서비스,청약철회
2024024661,2024-05-10,여자,20 - 29세,경기도,소셜커머스(쇼핑),커튼,청약철회
2024024662,2024-05-10,여자,30 - 39세,전라북도,기타통신판매,보석·귀금속,계약불이행(불완전이행)
2024024663,2024-05-10,여자,40 - 49세,부산광역시,일반판매,헬스장,계약해제.해지/위약금
2024024664,2024-05-10,남자,40 - 49세,광주광역시,일반판매,기타숙박시설,계약해제.해지/위약금
2024024665,2024-05-10,남자,20 - 29세,서울특별시,기타,모바일게임서비스,거래관행
2024024666,2024-05-10,여자,30 - 39세,인천광역시,일반판매,항공여객운송서비스,품질(물품/용역)
2024024667,2024-05-10,남자,20 - 29세,서울특별시,방문판매,헬스장,계약해제.해지/위약금
2024024668,2024-05-10,남자,65 - 69세,경기도,소셜커머스(쇼핑),토마토,품질(물품/용역)
2024024669,2024-05-10,여자,20 - 29세,광주광역시,모바일거래,헬스장,계약해제.해지/위약금
2024024670,2024-05-10,여자,40 - 49세,서울특별시,국내온라인거래,샌들·슬리퍼,청약철회
2024024671,2024-05-10,여자,30 - 39세,세종특별자치시,국내온라인거래,기타숙박시설,계약불이행(불완전이행)
2024024672,2024-05-10,남자,40 - 49세,강원특별자치도,국내온라인거래,기타스포츠·레저기구·용품,청약철회
2024024673,2024-05-10,남자,20 - 29세,대전광역시,국내온라인거래,펜션,계약해제.해지/위약금
2024024674,2024-05-10,남자,20 - 29세,충청남도,일반판매,기타예식관련서비스,계약해제.해지/위약금
2024024675,2024-05-10,남자,50 - 59세,전라남도,국내온라인거래,기타자동차부품,청약철회
2024024676,2024-05-10,남자,40 - 49세,서울특별시,국제온라인거래,호텔,계약불이행(불완전이행)
2024024677,2024-05-10,여자,30 - 39세,충청남도,기타,이동전화서비스,계약불이행(불완전이행)
2024024678,2024-05-10,남자,50 - 59세,전라남도,국내온라인거래,기타정보통신,계약불이행(불완전이행)
2024024679,2024-05-10,남자,30 - 39세,서울특별시,일반판매,외식,품질(물품/용역)
2024024680,2024-05-10,여자,20 - 29세,경상북도,국내온라인거래,인터넷교육서비스,계약해제.해지/위약금
2024024681,2024-05-10,남자,20 - 29세,인천광역시,기타,골프용품,AS불만
2024024682,2024-05-10,남자,20 - 29세,서울특별시,일반판매,항공여객운송서비스,계약불이행(불완전이행)
2024024683,2024-05-10,남자,70 - 79세,서울특별시,일반판매,석유스토브,품질(물품/용역)
2024024684,2024-05-10,여자,10 - 19세,서울특별시,일반판매,헬스장,단순문의.상담
2024024685,2024-05-10,여자,20 - 29세,제주도,국내온라인거래,기타미분류서비스,부당행위
2024024686,2024-05-10,남자,40 - 49세,경상북도,일반판매,스마트폰,품질(물품/용역)
2024024687,2024-05-10,여자,30 - 39세,경상남도,국제온라인거래,기타신발·용품,청약철회
2024024688,2024-05-10,여자,30 - 39세,서울특별시,국내온라인거래,스포츠웨어,표시.광고
2024024689,2024-05-10,남자,30 - 39세,서울특별시,일반판매,위스키,표시.광고
2024024690,2024-05-10,남자,30 - 39세,경기도,일반판매,기타미분류서비스,품질(물품/용역)
2024024691,2024-05-10,여자,30 - 39세,서울특별시,국내온라인거래,기타조명기기,청약철회
2024024692,2024-05-10,남자,30 - 39세,경기도,일반판매,기타가구,계약해제.해지/위약금
2024024693,2024-05-10,남자,50 - 59세,서울특별시,국내온라인거래,정수기대여(렌트),계약해제.해지/위약금
2024024694,2024-05-10,여자,40 - 49세,서울특별시,국내온라인거래,기타이동통신,AS불만
2024024695,2024-05-10,남자,20 - 29세,인천광역시,일반판매,헬스장,계약해제.해지/위약금
2024024696,2024-05-10,여자,40 - 49세,경기도,전화권유판매,기타매체광고,청약철회
2024024697,2024-05-10,여자,20 - 29세,서울특별시,국내온라인거래,기타숙박시설,계약해제.해지/위약금
2024024698,2024-05-10,남자,30 - 39세,인천광역시,일반판매,기타가방,품질(물품/용역)
2024024699,2024-05-10,남자,40 - 49세,경기도,국내온라인거래,모자,청약철회
2024024700,2024-05-10,남자,20 - 29세,경기도,국내온라인거래,점퍼·재킷류,청약철회
2024024701,2024-05-10,여자,40 - 49세,서울특별시,국내온라인거래,티셔츠,청약철회
2024024702,2024-05-10,여자,30 - 39세,경기도,국내온라인거래,티셔츠,계약불이행(불완전이행)
2024024703,2024-05-10,남자,20 - 29세,서울특별시,일반판매,필라테스,계약해제.해지/위약금
2024024704,2024-05-10,남자,30 - 39세,인천광역시,국내온라인거래,인터넷정보이용서비스,청약철회
2024024705,2024-05-10,여자,30 - 39세,대전광역시,기타,정수기대여(렌트),부당채권추심
2024024706,2024-05-10,남자,20 - 29세,전라북도,방문판매,기타회원권,계약해제.해지/위약금
2024024707,2024-05-10,여자,40 - 49세,서울특별시,국내온라인거래,믹서기,품질(물품/용역)
2024024708,2024-05-10,여자,30 - 39세,서울특별시,기타통신판매,인터넷교육서비스,계약해제.해지/위약금
2024024709,2024-05-10,여자,40 - 49세,서울특별시,국내온라인거래,기타사무용기기,계약해제.해지/위약금
2024024710,2024-05-10,남자,20 - 29세,서울특별시,모바일거래,이동전화서비스,계약불이행(불완전이행)
2024024711,2024-05-10,여자,20 - 29세,서울특별시,국내온라인거래,기타신발·용품,청약철회
2024024712,2024-05-10,여자,10 - 19세,부산광역시,소셜커머스(쇼핑),스포츠웨어,품질(물품/용역)
2024024713,2024-05-10,여자,30 - 39세,경상남도,일반판매,항공여객운송서비스,청약철회
2024024714,2024-05-10,남자,30 - 39세,대전광역시,국내온라인거래,기타식탁용품,품질(물품/용역)
2024024715,2024-05-10,여자,40 - 49세,경기도,일반판매,애완견,품질(물품/용역)
2024024716,2024-05-10,남자,30 - 39세,경기도,일반판매,항공여객운송서비스,품질(물품/용역)
2024024717,2024-05-10,여자,30 - 39세,서울특별시,국내온라인거래,다이어트식품,청약철회
2024024718,2024-05-10,여자,30 - 39세,경기도,소셜커머스(쇼핑),토마토,계약불이행(불완전이행)
2024024719,2024-05-10,여자,30 - 39세,부산광역시,국내온라인거래,기타가방,청약철회
2024024720,2024-05-10,여자,30 - 39세,전라남도,국내온라인거래,통신기기케이스,계약불이행(불완전이행)
2024023866,2024-05-10,여자,30 - 39세,서울특별시,일반판매,양복(서양식 의복)세탁,품질(물품/용역)
2024024481,2024-05-10,여자,40 - 49세,인천광역시,국내온라인거래,스포츠웨어,부당행위
2024024493,2024-05-10,여자,60 - 64세,대전광역시,일반판매,상조서비스,계약해제.해지/위약금
2024024510,2024-05-10,남자,30 - 39세,경기도,일반판매,자동차수리·점검,품질(물품/용역)
2024024804,2024-05-11,여자,20 - 29세,서울특별시,기타,다이어트식품,계약해제.해지/위약금
2024024805,2024-05-11,여자,50 - 59세,인천광역시,기타,"OTT서비스(넷플릭스,왓챠 등)",계약해제.해지/위약금
2024024806,2024-05-11,여자,30 - 39세,강원특별자치도,국내온라인거래,영양크림류,청약철회
2024024807,2024-05-11,여자,30 - 39세,서울특별시,국내온라인거래,기타영상기기,품질(물품/용역)
2024024808,2024-05-11,남자,50 - 59세,경기도,소셜커머스(쇼핑),트레이닝기구,계약해제.해지/위약금
2024024809,2024-05-11,여자,30 - 39세,인천광역시,일반판매,기타이·미용서비스,계약해제.해지/위약금
2024024810,2024-05-11,남자,30 - 39세,서울특별시,국내온라인거래,기타신발·용품,청약철회
2024024811,2024-05-11,남자,40 - 49세,부산광역시,일반판매,스마트폰,품질(물품/용역)
2024024812,2024-05-11,남자,30 - 39세,경기도,일반판매,가스보일러,AS불만
2024024813,2024-05-11,남자,70 - 79세,대구광역시,일반판매,전기면도기,품질(물품/용역)
2024024814,2024-05-11,여자,20 - 29세,부산광역시,모바일거래,인터넷교육서비스,계약해제.해지/위약금
2024024815,2024-05-11,남자,60 - 64세,경기도,일반판매,노트북컴퓨터,품질(물품/용역)
2024024816,2024-05-11,남자,30 - 39세,강원특별자치도,일반판매,시스템에어컨,AS불만
2024024817,2024-05-11,여자,40 - 49세,서울특별시,국내온라인거래,학생용가방,청약철회
2024024818,2024-05-11,남자,20 - 29세,부산광역시,방문판매,피부·체형관리서비스,계약해제.해지/위약금
2024024801,2024-05-11,남자,40 - 49세,전라남도,국내온라인거래,남성용내의류,청약철회
2024024802,2024-05-11,여자,40 - 49세,서울특별시,일반판매,기타세탁서비스,품질(물품/용역)
2024024803,2024-05-11,여자,30 - 39세,서울특별시,국제온라인거래,항공여객운송서비스,계약불이행(불완전이행)
2024024819,2024-05-11,남자,30 - 39세,서울특별시,국내온라인거래,선풍기,청약철회
2024024820,2024-05-11,여자,20 - 29세,대구광역시,방문판매,결혼준비대행서비스,계약해제.해지/위약금
2024024821,2024-05-11,남자,50 - 59세,대전광역시,일반판매,헬스장,청약철회
2024024822,2024-05-11,남자,50 - 59세,부산광역시,국제온라인거래,기타숙박시설,표시.광고
2024024823,2024-05-11,남자,40 - 49세,경기도,국제온라인거래,항공화물운송서비스,계약불이행(불완전이행)
2024024824,2024-05-11,여자,20 - 29세,경기도,기타통신판매,기타가구,청약철회
2024024901,2024-05-12,남자,20 - 29세,인천광역시,기타,냉난방시스템,가격.요금
2024024902,2024-05-12,남자,40 - 49세,서울특별시,기타,국제결혼중개,부당행위
2024024903,2024-05-12,여자,20 - 29세,대구광역시,일반판매,헬스장,계약해제.해지/위약금
2024024904,2024-05-12,여자,20 - 29세,서울특별시,국내온라인거래,기타신발·용품,청약철회
2024024905,2024-05-12,남자,40 - 49세,인천광역시,일반판매,포장이사운송서비스,품질(물품/용역)
2024024906,2024-05-12,남자,30 - 39세,서울특별시,일반판매,예식서비스,계약해제.해지/위약금
2024024907,2024-05-12,남자,65 - 69세,광주광역시,국내온라인거래,식탁,청약철회
2024024908,2024-05-12,여자,30 - 39세,경기도,국내온라인거래,TV대,품질(물품/용역)
2024024909,2024-05-12,여자,65 - 69세,경기도,기타,변호서비스,품질(물품/용역)
2024024910,2024-05-12,남자,30 - 39세,경기도,일반판매,건물청소서비스,계약불이행(불완전이행)
2024024911,2024-05-12,남자,40 - 49세,강원특별자치도,일반판매,식기세척기,AS불만
2024024912,2024-05-12,남자,40 - 49세,서울특별시,국내온라인거래,기타숙박시설,계약해제.해지/위약금
2024024913,2024-05-12,여자,50 - 59세,서울특별시,일반판매,소파,청약철회
2024024914,2024-05-12,여자,20 - 29세,경기도,국내온라인거래,립스틱,계약해제.해지/위약금
2024024915,2024-05-12,여자,40 - 49세,전라남도,국내온라인거래,호텔,품질(물품/용역)
2024024916,2024-05-12,남자,30 - 39세,경기도,일반판매,룸에어컨,품질(물품/용역)
2024024917,2024-05-12,여자,30 - 39세,전라북도,방문판매,헬스장,계약해제.해지/위약금
2024024918,2024-05-12,여자,40 - 49세,부산광역시,국내온라인거래,항공여객운송서비스,청약철회
2024024931,2024-05-13,남자,30 - 39세,강원특별자치도,국내온라인거래,기타숙박시설,부당행위
2024024970,2024-05-13,남자,40 - 49세,경기도,국내온라인거래,국외여행,계약해제.해지/위약금
2024024973,2024-05-13,여자,50 - 59세,서울특별시,국내온라인거래,캐주얼바지,부당행위
2024025022,2024-05-13,여자,30 - 39세,서울특별시,모바일거래,티셔츠,계약불이행(불완전이행)
2024024926,2024-05-13,남자,65 - 69세,세종특별자치시,국내온라인거래,노트북컴퓨터,품질(물품/용역)
2024024928,2024-05-13,남자,불명,서울특별시,기타,핸드백,계약불이행(불완전이행)
2024024930,2024-05-13,여자,30 - 39세,부산광역시,국내온라인거래,헤드폰·이어폰,품질(물품/용역)
2024024939,2024-05-13,여자,20 - 29세,경기도,국내온라인거래,옷장,품질(물품/용역)
2024024966,2024-05-13,여자,50 - 59세,인천광역시,일반판매,필라테스,계약불이행(불완전이행)
2024024974,2024-05-13,남자,30 - 39세,인천광역시,일반판매,여행자보험,계약불이행(불완전이행)
2024024976,2024-05-13,여자,20 - 29세,인천광역시,기타통신판매,국외여행,계약해제.해지/위약금
2024024977,2024-05-13,남자,불명,인천광역시,기타,운동화,계약불이행(불완전이행)
2024024988,2024-05-13,여자,30 - 39세,경기도,모바일거래,퀵서비스,부당행위
2024025029,2024-05-13,여자,30 - 39세,경기도,일반판매,피부과,계약해제.해지/위약금
2024024929,2024-05-13,남자,20 - 29세,인천광역시,국내온라인거래,항공여객운송서비스,품질(물품/용역)
2024024943,2024-05-13,남자,50 - 59세,대전광역시,일반판매,상해보험,계약불이행(불완전이행)
2024024944,2024-05-13,여자,40 - 49세,경기도,일반판매,건강(암·기타질병)보험,계약불이행(불완전이행)
2024024946,2024-05-13,남자,10 - 19세,경기도,일반판매,자동차대여(렌트),AS불만
2024024994,2024-05-13,남자,50 - 59세,경기도,국내온라인거래,캐주얼바지,청약철회
2024024936,2024-05-13,남자,40 - 49세,세종특별자치시,소셜커머스(쇼핑),기타자동차용품,청약철회
2024024937,2024-05-13,여자,50 - 59세,서울특별시,일반판매,공제보험,부당행위
2024024942,2024-05-13,남자,50 - 59세,전라남도,TV홈쇼핑,음식물처리기대여(렌트),계약불이행(불완전이행)
2024024952,2024-05-13,남자,30 - 39세,대구광역시,일반판매,자동차대여(렌트),부당행위
2024024963,2024-05-13,남자,50 - 59세,서울특별시,방문판매,기타여행,계약해제.해지/위약금
2024024981,2024-05-13,남자,65 - 69세,경상남도,국내온라인거래,유사투자자문,계약해제.해지/위약금
2024024982,2024-05-13,여자,60 - 64세,부산광역시,일반판매,이동전화서비스,계약불이행(불완전이행)
2024024985,2024-05-13,여자,40 - 49세,부산광역시,국내온라인거래,항공여객운송서비스,거래관행
2024025139,2024-05-13,남자,65 - 69세,전라북도,국내온라인거래,항공여객운송서비스,계약불이행(불완전이행)
2024025140,2024-05-13,여자,20 - 29세,경기도,방문판매,보석·귀금속,계약해제.해지/위약금
2024025141,2024-05-13,남자,30 - 39세,전라북도,기타,가스보일러,AS불만
2024025142,2024-05-13,여자,20 - 29세,인천광역시,일반판매,종합체육시설회원권,계약불이행(불완전이행)
2024025143,2024-05-13,남자,40 - 49세,서울특별시,소셜커머스(쇼핑),항공여객운송서비스,계약해제.해지/위약금
2024025144,2024-05-13,남자,30 - 39세,서울특별시,일반판매,헬스장,계약해제.해지/위약금
2024025145,2024-05-13,여자,20 - 29세,인천광역시,일반판매,헬스장,계약해제.해지/위약금
2024025146,2024-05-13,여자,20 - 29세,경기도,일반판매,필라테스,계약해제.해지/위약금
2024025147,2024-05-13,남자,50 - 59세,경기도,국내온라인거래,국외여행,부당행위
2024025148,2024-05-13,남자,40 - 49세,경기도,소셜커머스(쇼핑),보조배터리,안전(제품/시설)
2024025149,2024-05-13,남자,20 - 29세,경기도,일반판매,기타회원권,계약해제.해지/위약금
2024025150,2024-05-13,남자,20 - 29세,서울특별시,일반판매,결혼준비대행서비스,계약해제.해지/위약금
2024025151,2024-05-13,여자,40 - 49세,경기도,국내온라인거래,봉지면,계약해제.해지/위약금
2024025152,2024-05-13,여자,30 - 39세,경기도,방문판매,방향제,품질(물품/용역)
2024025153,2024-05-13,남자,40 - 49세,경상남도,소셜커머스(쇼핑),정수기대여(렌트),계약해제.해지/위약금
2024025154,2024-05-13,여자,20 - 29세,서울특별시,일반판매,헬스장,계약해제.해지/위약금
2024025155,2024-05-13,여자,30 - 39세,경상남도,일반판매,헬스장,계약해제.해지/위약금
2024025156,2024-05-13,남자,30 - 39세,인천광역시,일반판매,공업용기계,품질(물품/용역)
2024025157,2024-05-13,남자,40 - 49세,경기도,기타,미분류대여(렌트),계약해제.해지/위약금
2024025158,2024-05-13,여자,30 - 39세,인천광역시,국내온라인거래,기타회원권,계약해제.해지/위약금
2024025159,2024-05-13,남자,40 - 49세,충청남도,국제온라인거래,호텔,계약해제.해지/위약금
2024025160,2024-05-13,남자,20 - 29세,서울특별시,일반판매,독서실이용,계약해제.해지/위약금
2024025161,2024-05-13,남자,30 - 39세,대구광역시,방문판매,헬스장,계약해제.해지/위약금
2024025162,2024-05-13,여자,40 - 49세,서울특별시,국내온라인거래,기타신발·용품,품질(물품/용역)
2024025163,2024-05-13,남자,30 - 39세,서울특별시,일반판매,종합체육시설회원권,계약해제.해지/위약금
2024025164,2024-05-13,여자,40 - 49세,전라남도,국내온라인거래,항공여객운송서비스,청약철회
2024025165,2024-05-13,남자,40 - 49세,경기도,일반판매,전기세탁기,AS불만
2024025166,2024-05-13,남자,40 - 49세,서울특별시,일반판매,국내결혼중개,청약철회
2024025167,2024-05-13,남자,50 - 59세,경기도,기타통신판매,포장이사운송서비스,계약해제.해지/위약금
2024025168,2024-05-13,여자,20 - 29세,인천광역시,국내온라인거래,각종공연관람,계약불이행(불완전이행)
2024025169,2024-05-13,여자,30 - 39세,서울특별시,일반판매,스포츠시설이용,안전(제품/시설)
2024025170,2024-05-13,남자,60 - 64세,경기도,TV홈쇼핑,전기압력밥솥,품질(물품/용역)
2024025171,2024-05-13,남자,30 - 39세,부산광역시,국내온라인거래,기타옥외장비·설비,품질(물품/용역)
2024025172,2024-05-13,여자,30 - 39세,서울특별시,기타,기타관혼상제,가격.요금
2024025173,2024-05-13,남자,30 - 39세,서울특별시,모바일거래,모바일정보이용서비스,부당행위
2024025174,2024-05-13,남자,10 - 19세,전라북도,방문판매,인터넷교육서비스,계약해제.해지/위약금
2024025175,2024-05-13,여자,40 - 49세,경기도,국내온라인거래,기타신발·용품,청약철회
2024025176,2024-05-13,남자,20 - 29세,서울특별시,모바일거래,니트(스웨터),품질(물품/용역)
2024025177,2024-05-13,남자,50 - 59세,경기도,일반판매,스마트폰,AS불만
2024025178,2024-05-13,남자,20 - 29세,인천광역시,국내온라인거래,항공여객운송서비스,부당행위
2024025179,2024-05-13,여자,30 - 39세,부산광역시,전화권유판매,학습지,청약철회
2024025180,2024-05-13,여자,20 - 29세,대전광역시,모바일거래,외식,부당행위
2024025181,2024-05-13,남자,40 - 49세,경기도,국내온라인거래,의자,청약철회
2024023394,2024-05-13,남자,20 - 29세,광주광역시,일반판매,양복(서양식 의복)세탁,품질(물품/용역)
2024024920,2024-05-13,남자,40 - 49세,충청남도,일반판매,이동전화서비스,거래관행
2024024923,2024-05-13,여자,40 - 49세,경기도,모바일거래,신유형상품권,부당행위
2024024924,2024-05-13,남자,70 - 79세,경기도,국내온라인거래,항공여객운송서비스,계약해제.해지/위약금
2024024940,2024-05-13,여자,30 - 39세,서울특별시,국내온라인거래,원피스,청약철회
2024024949,2024-05-13,남자,30 - 39세,경기도,소셜커머스(쇼핑),기타육류·육류가공식품,부당행위
2024024955,2024-05-13,여자,30 - 39세,서울특별시,기타통신판매,자동차주차장,계약해제.해지/위약금
2024024960,2024-05-13,남자,40 - 49세,경기도,일반판매,항공여객운송서비스,가격.요금
2024024962,2024-05-13,남자,50 - 59세,부산광역시,국내온라인거래,컴퓨터S/W개발(홈페이지제작),계약불이행(불완전이행)
2024024968,2024-05-13,여자,30 - 39세,경기도,국내온라인거래,통신기기케이스,청약철회
2024024986,2024-05-13,남자,40 - 49세,경기도,모바일거래,셔츠,계약불이행(불완전이행)
2024024989,2024-05-13,남자,30 - 39세,경기도,일반판매,미용서비스,품질(물품/용역)
2024024999,2024-05-13,남자,불명,강원특별자치도,기타,항공여객운송서비스,계약해제.해지/위약금
2024025004,2024-05-13,남자,불명,울산광역시,기타,예식서비스,계약해제.해지/위약금
2024025005,2024-05-13,여자,50 - 59세,부산광역시,일반판매,치과,품질(물품/용역)
2024025007,2024-05-13,여자,65 - 69세,서울특별시,일반판매,미용서비스,계약해제.해지/위약금
2024025008,2024-05-13,남자,20 - 29세,서울특별시,일반판매,미용서비스,안전(제품/시설)
2024025012,2024-05-13,남자,30 - 39세,서울특별시,일반판매,종합체육시설회원권,계약해제.해지/위약금
2024025027,2024-05-13,여자,60 - 64세,광주광역시,전화권유판매,유사투자자문,계약불이행(불완전이행)
2024025028,2024-05-13,여자,40 - 49세,서울특별시,국내온라인거래,운동화,청약철회
2024025031,2024-05-13,여자,30 - 39세,서울특별시,일반판매,요가,계약해제.해지/위약금
2024025032,2024-05-13,남자,30 - 39세,경상북도,일반판매,기타인테리어설비,품질(물품/용역)
2024025033,2024-05-13,여자,60 - 64세,충청북도,일반판매,도색공사,AS불만
2024025034,2024-05-13,여자,40 - 49세,전라남도,일반판매,점퍼·재킷류,청약철회
2024025035,2024-05-13,여자,20 - 29세,대전광역시,국제온라인거래,항공여객운송서비스,계약해제.해지/위약금
2024025036,2024-05-13,여자,20 - 29세,인천광역시,일반판매,일반강습(입시학원등),계약해제.해지/위약금
2024025037,2024-05-13,여자,20 - 29세,광주광역시,일반판매,기타이·미용서비스,품질(물품/용역)
2024025038,2024-05-13,남자,50 - 59세,서울특별시,일반판매,욕실설비,안전(제품/시설)
2024025039,2024-05-13,여자,20 - 29세,인천광역시,국내온라인거래,국외여행,계약해제.해지/위약금
2024025040,2024-05-13,남자,60 - 64세,광주광역시,일반판매,정수기대여(렌트),부당행위
2024025041,2024-05-13,여자,30 - 39세,충청남도,국내온라인거래,기타의류·섬유,청약철회
2024025042,2024-05-13,남자,30 - 39세,경기도,일반판매,기타매체광고,계약해제.해지/위약금
2024025043,2024-05-13,남자,50 - 59세,충청북도,일반판매,정수기대여(렌트),품질(물품/용역)
2024025044,2024-05-13,남자,30 - 39세,경기도,일반판매,가구세트,청약철회
2024025045,2024-05-13,여자,20 - 29세,경기도,국내온라인거래,룸에어컨,AS불만
2024025046,2024-05-13,남자,80세이상,경상남도,방문판매,콘도회원권,청약철회
2024025047,2024-05-13,여자,20 - 29세,경기도,국내온라인거래,기타신발·용품,청약철회
2024025048,2024-05-13,남자,40 - 49세,충청남도,전화권유판매,기타매체광고,계약불이행(불완전이행)
2024025049,2024-05-13,남자,30 - 39세,서울특별시,일반판매,베개,품질(물품/용역)
2024025050,2024-05-13,남자,40 - 49세,경상북도,국내온라인거래,기타주방설비,AS불만
2024025051,2024-05-13,남자,30 - 39세,서울특별시,일반판매,식탁,계약해제.해지/위약금
2024025052,2024-05-13,여자,10 - 19세,경기도,일반판매,요가,계약해제.해지/위약금
2024025053,2024-05-13,여자,50 - 59세,경기도,기타,정수기대여(렌트),계약해제.해지/위약금
2024025054,2024-05-13,남자,50 - 59세,서울특별시,국내온라인거래,기타식탁용품,부당행위
2024025055,2024-05-13,여자,40 - 49세,경기도,국내온라인거래,스커트,청약철회
2024025056,2024-05-13,여자,20 - 29세,서울특별시,모바일거래,케이크,표시.광고
2024025057,2024-05-13,여자,30 - 39세,서울특별시,국내온라인거래,기타숙박시설,청약철회
2024025058,2024-05-13,남자,30 - 39세,경기도,국내온라인거래,스포츠웨어,청약철회
2024025059,2024-05-13,여자,40 - 49세,서울특별시,일반판매,스마트폰,AS불만
2024025060,2024-05-13,남자,50 - 59세,경기도,소셜커머스(쇼핑),골프용품,품질(물품/용역)
2024025061,2024-05-13,남자,30 - 39세,충청남도,국내온라인거래,인터넷교육서비스,계약해제.해지/위약금
2024025062,2024-05-13,여자,30 - 39세,경기도,일반판매,기타가스류,품질(물품/용역)
2024025063,2024-05-13,남자,40 - 49세,서울특별시,국내온라인거래,예식서비스,계약해제.해지/위약금
2024025064,2024-05-13,남자,70 - 79세,경기도,일반판매,기름보일러,AS불만
2024025065,2024-05-13,남자,20 - 29세,서울특별시,국내온라인거래,항공여객운송서비스,부당행위
2024025066,2024-05-13,여자,20 - 29세,경상남도,방문판매,독서실이용,계약해제.해지/위약금
2024025067,2024-05-13,여자,20 - 29세,전라북도,국내온라인거래,기타아동복,계약불이행(불완전이행)
2024025068,2024-05-13,남자,60 - 64세,충청남도,기타,스마트폰,품질(물품/용역)
2024025069,2024-05-13,남자,20 - 29세,충청북도,일반판매,결혼준비대행서비스,계약해제.해지/위약금
2024025070,2024-05-13,남자,40 - 49세,강원특별자치도,방문판매,결혼준비대행서비스,청약철회
2024025071,2024-05-13,남자,40 - 49세,경기도,국내온라인거래,운동화,품질(물품/용역)
2024025072,2024-05-13,남자,20 - 29세,서울특별시,국내온라인거래,항공여객운송서비스,계약해제.해지/위약금
2024025073,2024-05-13,남자,30 - 39세,강원특별자치도,모바일거래,모바일게임서비스,청약철회
2024025074,2024-05-13,남자,40 - 49세,서울특별시,국내온라인거래,룸에어컨,부당행위
2024025075,2024-05-13,남자,20 - 29세,충청북도,일반판매,독서실이용,계약해제.해지/위약금
2024025076,2024-05-13,여자,30 - 39세,경상남도,일반판매,필라테스,계약해제.해지/위약금
2024025077,2024-05-13,남자,20 - 29세,경기도,국내온라인거래,기타육류·육류가공식품,품질(물품/용역)
2024025078,2024-05-13,여자,30 - 39세,인천광역시,일반판매,학습지,품질(물품/용역)
2024025079,2024-05-13,남자,30 - 39세,경기도,일반판매,식탁,품질(물품/용역)
2024025080,2024-05-13,남자,20 - 29세,경기도,모바일거래,항공여객운송서비스,청약철회
2024025081,2024-05-13,여자,20 - 29세,경상남도,국내온라인거래,프라이팬,청약철회
2024025083,2024-05-13,남자,40 - 49세,서울특별시,일반판매,스마트폰,품질(물품/용역)
2024025084,2024-05-13,남자,65 - 69세,광주광역시,국내온라인거래,모니터,품질(물품/용역)
2024025085,2024-05-13,남자,20 - 29세,서울특별시,기타,종합체육시설회원권,계약해제.해지/위약금
2024025086,2024-05-13,여자,30 - 39세,충청북도,국내온라인거래,벽지·바닥재,표시.광고
2024025087,2024-05-13,여자,20 - 29세,경기도,일반판매,헬스장,청약철회
2024025088,2024-05-13,남자,30 - 39세,경기도,전화권유판매,정수기대여(렌트),계약해제.해지/위약금
2024025089,2024-05-13,여자,30 - 39세,경기도,일반판매,학습지,계약해제.해지/위약금
2024025090,2024-05-13,여자,20 - 29세,인천광역시,모바일거래,다이어트식품,계약해제.해지/위약금
2024025091,2024-05-13,남자,30 - 39세,서울특별시,일반판매,예식서비스,계약해제.해지/위약금
2024025092,2024-05-13,여자,20 - 29세,서울특별시,국내온라인거래,의자,청약철회
2024025093,2024-05-13,남자,30 - 39세,경상북도,일반판매,골프회원권,계약해제.해지/위약금
2024025094,2024-05-13,남자,50 - 59세,경기도,국내온라인거래,인터넷정보이용서비스,AS불만
2024025095,2024-05-13,여자,30 - 39세,서울특별시,기타,펜션,계약해제.해지/위약금
2024025096,2024-05-13,여자,30 - 39세,서울특별시,일반판매,항공여객운송서비스,계약불이행(불완전이행)
2024025097,2024-05-13,여자,70 - 79세,경기도,방문판매,침대·매트리스대여(렌트),계약해제.해지/위약금
2024025098,2024-05-13,남자,30 - 39세,대전광역시,일반판매,예식서비스,계약해제.해지/위약금
2024025099,2024-05-13,여자,40 - 49세,광주광역시,일반판매,일반강습(입시학원등),청약철회
2024025100,2024-05-13,남자,70 - 79세,경기도,TV홈쇼핑,기타스포츠·레저기구·용품,청약철회
2024025101,2024-05-13,여자,20 - 29세,서울특별시,국내온라인거래,각종공연관람,계약해제.해지/위약금
2024025102,2024-05-13,남자,40 - 49세,경기도,국내온라인거래,음식물처리기,AS불만
2024025103,2024-05-13,여자,40 - 49세,서울특별시,일반판매,기타의류·섬유,청약철회
2024025104,2024-05-13,여자,20 - 29세,경기도,방문판매,식탁,계약해제.해지/위약금
2024025105,2024-05-13,남자,30 - 39세,경기도,방문판매,콘도회원권,계약해제.해지/위약금
2024025106,2024-05-13,남자,50 - 59세,경기도,기타,외식,안전(제품/시설)
2024025107,2024-05-13,여자,30 - 39세,서울특별시,국내온라인거래,택배화물운송서비스,품질(물품/용역)
2024025108,2024-05-13,여자,40 - 49세,경기도,일반판매,전기의류건조기,계약불이행(불완전이행)
2024025109,2024-05-13,여자,30 - 39세,경기도,일반판매,피부·체형관리서비스,계약해제.해지/위약금
2024025110,2024-05-13,남자,30 - 39세,대전광역시,일반판매,헬스장,계약해제.해지/위약금
2024025111,2024-05-13,남자,30 - 39세,부산광역시,기타,아파트,품질(물품/용역)
2024025112,2024-05-13,남자,20 - 29세,서울특별시,국내온라인거래,항공여객운송서비스,계약해제.해지/위약금
2024025113,2024-05-13,여자,50 - 59세,충청남도,일반판매,포장이사운송서비스,품질(물품/용역)
2024025114,2024-05-13,남자,50 - 59세,경기도,일반판매,기타숙박시설,안전(제품/시설)
2024025115,2024-05-13,여자,20 - 29세,전라남도,일반판매,예식서비스,계약해제.해지/위약금
2024025116,2024-05-13,남자,40 - 49세,경기도,국제온라인거래,항공여객운송서비스,계약해제.해지/위약금
2024025117,2024-05-13,남자,60 - 64세,경기도,일반판매,태블릿PC,부당행위
2024025118,2024-05-13,여자,40 - 49세,인천광역시,국내온라인거래,소프트웨어,청약철회
2024025119,2024-05-13,여자,30 - 39세,경기도,국내온라인거래,양복(서양식 의복)세탁,계약불이행(불완전이행)
2024025120,2024-05-13,여자,40 - 49세,서울특별시,국내온라인거래,블루투스스피커,청약철회
2024025121,2024-05-13,여자,30 - 39세,서울특별시,국내온라인거래,항공여객운송서비스,계약불이행(불완전이행)
2024025122,2024-05-13,여자,30 - 39세,부산광역시,일반판매,양복(서양식 의복)세탁,품질(물품/용역)
2024025123,2024-05-13,남자,50 - 59세,대구광역시,기타,이동전화서비스,거래관행
2024025124,2024-05-13,여자,20 - 29세,인천광역시,국내온라인거래,항공여객운송서비스,계약해제.해지/위약금
2024025125,2024-05-13,여자,40 - 49세,경기도,일반판매,골프회원권,계약불이행(불완전이행)
2024025126,2024-05-13,여자,30 - 39세,전라북도,국내온라인거래,룸에어컨,계약불이행(불완전이행)
2024025127,2024-05-13,남자,30 - 39세,경기도,일반판매,기타통신기기,품질(물품/용역)
2024025128,2024-05-13,여자,20 - 29세,대전광역시,국내온라인거래,호텔,청약철회
2024025129,2024-05-13,남자,50 - 59세,서울특별시,국내온라인거래,항공여객운송서비스,가격.요금
2024025130,2024-05-13,여자,40 - 49세,경기도,국내온라인거래,전기자전거,청약철회
2024025131,2024-05-13,여자,20 - 29세,충청북도,국내온라인거래,기타미분류물품,청약철회
2024025132,2024-05-13,남자,20 - 29세,경기도,방문판매,헬스장,계약해제.해지/위약금
2024025133,2024-05-13,여자,40 - 49세,경기도,국내온라인거래,기타취미용품,청약철회
2024025134,2024-05-13,남자,20 - 29세,인천광역시,일반판매,헬스장,계약해제.해지/위약금
2024025135,2024-05-13,여자,40 - 49세,부산광역시,국내온라인거래,기타미분류서비스,계약해제.해지/위약금
2024025136,2024-05-13,남자,50 - 59세,전라북도,전화권유판매,기타건강식품,부당행위
2024025137,2024-05-13,남자,50 - 59세,경상남도,일반판매,가구세트,청약철회
2024024932,2024-05-13,여자,20 - 29세,경기도,모바일거래,항공여객운송서비스,계약해제.해지/위약금
2024024921,2024-05-13,여자,20 - 29세,전라북도,일반판매,정수기,계약불이행(불완전이행)
2024024969,2024-05-13,여자,20 - 29세,경상남도,일반판매,산부인과,품질(물품/용역)
2024025030,2024-05-13,남자,30 - 39세,서울특별시,일반판매,외식,표시.광고
2024024927,2024-05-13,남자,65 - 69세,경상북도,일반판매,기타조리기기·기구,품질(물품/용역)
2024024933,2024-05-13,여자,20 - 29세,경기도,일반판매,기타병·의원서비스,계약해제.해지/위약금
2024024971,2024-05-13,남자,50 - 59세,서울특별시,일반판매,외식,품질(물품/용역)
2024024990,2024-05-13,남자,20 - 29세,경기도,소셜커머스(쇼핑),스마트폰,청약철회
2024024992,2024-05-13,남자,20 - 29세,강원특별자치도,국내온라인거래,운동화,품질(물품/용역)
2024025003,2024-05-13,남자,40 - 49세,경상북도,국내온라인거래,호텔,청약철회
2024025015,2024-05-13,남자,40 - 49세,세종특별자치시,일반판매,대형승용자동차,품질(물품/용역)
2024025017,2024-05-13,여자,40 - 49세,광주광역시,국내온라인거래,자동차대여(렌트),계약불이행(불완전이행)
2024025024,2024-05-13,남자,50 - 59세,인천광역시,일반판매,고시원이용,계약불이행(불완전이행)
2024025025,2024-05-13,여자,65 - 69세,서울특별시,기타통신판매,유사투자자문,계약해제.해지/위약금
2024024947,2024-05-13,남자,불명,서울특별시,국내온라인거래,항공여객운송서비스,계약해제.해지/위약금
2024024950,2024-05-13,여자,50 - 59세,부산광역시,일반판매,실손보험,계약불이행(불완전이행)
2024024953,2024-05-13,남자,20 - 29세,경기도,일반판매,와이퍼,계약해제.해지/위약금
2024024958,2024-05-13,남자,20 - 29세,울산광역시,일반판매,성형외과,계약해제.해지/위약금
2024024979,2024-05-13,남자,불명,대전광역시,기타,태블릿PC,계약불이행(불완전이행)
2024025190,2024-05-14,남자,30 - 39세,대구광역시,일반판매,전기자동차,계약불이행(불완전이행)
2024025201,2024-05-14,남자,40 - 49세,경기도,기타통신판매,오토바이,AS불만
2024025207,2024-05-14,여자,30 - 39세,충청남도,국내온라인거래,기타가방,계약불이행(불완전이행)
2024025204,2024-05-14,여자,30 - 39세,인천광역시,소셜커머스(쇼핑),기타유아용식생활용품,계약불이행(불완전이행)
2024025311,2024-05-14,여자,40 - 49세,경상북도,국내온라인거래,기타의류·섬유,청약철회
2024025209,2024-05-14,여자,40 - 49세,대전광역시,소셜커머스(쇼핑),기타조명기기,청약철회
2024025341,2024-05-14,여자,40 - 49세,경상북도,일반판매,건물청소서비스,품질(물품/용역)
2024025242,2024-05-14,남자,20 - 29세,경기도,모바일거래,전동킥보드,부당행위
2024025266,2024-05-14,여자,40 - 49세,서울특별시,국내온라인거래,"OTT서비스(넷플릭스,왓챠 등)",가격.요금
2024025276,2024-05-14,여자,60 - 64세,경기도,일반판매,국외여행,품질(물품/용역)
2024025296,2024-05-14,남자,60 - 64세,인천광역시,일반판매,이동전화서비스,부당행위
2024025316,2024-05-14,남자,20 - 29세,인천광역시,일반판매,사진촬영,품질(물품/용역)
2024025317,2024-05-14,남자,70 - 79세,서울특별시,일반판매,초고속인터넷,계약해제.해지/위약금
2024025325,2024-05-14,남자,60 - 64세,서울특별시,일반판매,중고자동차중개·매매,품질(물품/용역)
2024025332,2024-05-14,여자,60 - 64세,서울특별시,일반판매,아파트,계약불이행(불완전이행)
2024025247,2024-05-14,남자,50 - 59세,인천광역시,소셜커머스(쇼핑),안마의자,청약철회
2024025272,2024-05-14,여자,불명,인천광역시,기타,이동전화서비스,계약해제.해지/위약금
2024025275,2024-05-14,남자,40 - 49세,부산광역시,일반판매,골프용품,AS불만
2024025280,2024-05-14,남자,20 - 29세,서울특별시,국내온라인거래,기타이동통신,계약불이행(불완전이행)
2024025288,2024-05-14,여자,60 - 64세,경기도,일반판매,산부인과,계약해제.해지/위약금
2024025284,2024-05-14,남자,40 - 49세,경기도,전화권유판매,기타매체광고,청약철회
2024025285,2024-05-14,여자,50 - 59세,부산광역시,국내온라인거래,염색제,품질(물품/용역)
2024025292,2024-05-14,남자,50 - 59세,대구광역시,기타통신판매,국외여행,계약불이행(불완전이행)
2024025294,2024-05-14,남자,50 - 59세,경기도,소셜커머스(쇼핑),비닐테이프,청약철회
2024025251,2024-05-14,여자,30 - 39세,경기도,국내온라인거래,인터넷정보이용서비스,거래관행
2024025307,2024-05-14,여자,50 - 59세,부산광역시,모바일거래,모바일정보이용서비스,계약불이행(불완전이행)
2024025314,2024-05-14,남자,20 - 29세,대전광역시,일반판매,침대,계약불이행(불완전이행)
2024025327,2024-05-14,여자,40 - 49세,경기도,일반판매,코트,품질(물품/용역)
2024025328,2024-05-14,여자,40 - 49세,울산광역시,일반판매,바닥재·마루공사,품질(물품/용역)
2024025336,2024-05-14,남자,30 - 39세,대구광역시,기타통신판매,이동전화서비스,표시.광고
2024025191,2024-05-14,남자,30 - 39세,서울특별시,모바일거래,자동차대여(렌트),품질(물품/용역)
2024025226,2024-05-14,남자,65 - 69세,경기도,기타,성형외과,품질(물품/용역)
2024025227,2024-05-14,남자,30 - 39세,경상남도,일반판매,전기자동차,계약불이행(불완전이행)
2024025261,2024-05-14,남자,30 - 39세,경기도,기타통신판매,욕실설비,표시.광고
2024025274,2024-05-14,여자,30 - 39세,서울특별시,모바일거래,변호서비스,청약철회
2024025283,2024-05-14,남자,50 - 59세,인천광역시,일반판매,신용카드,부당채권추심
2024025183,2024-05-14,남자,20 - 29세,부산광역시,국내온라인거래,메인보드,부당행위
2024025187,2024-05-14,여자,50 - 59세,강원특별자치도,일반판매,보석·귀금속,부당행위
2024025229,2024-05-14,여자,30 - 39세,인천광역시,국내온라인거래,헬스장,계약해제.해지/위약금
2024025255,2024-05-14,남자,30 - 39세,경기도,국내온라인거래,국내결혼중개,계약해제.해지/위약금
2024025286,2024-05-14,여자,불명,경기도,국내온라인거래,국외여행,계약해제.해지/위약금
2024025306,2024-05-14,여자,40 - 49세,경기도,일반판매,필라테스,청약철회
2024025320,2024-05-14,여자,30 - 39세,서울특별시,일반판매,예식서비스,계약해제.해지/위약금
2024025329,2024-05-14,남자,40 - 49세,경기도,일반판매,국제결혼중개,계약불이행(불완전이행)
2024025240,2024-05-14,여자,40 - 49세,경기도,일반판매,성형외과,품질(물품/용역)
2024025241,2024-05-14,여자,40 - 49세,서울특별시,일반판매,전기자동차,계약불이행(불완전이행)
2024025256,2024-05-14,여자,30 - 39세,서울특별시,일반판매,헬스장,계약불이행(불완전이행)
2024025258,2024-05-14,여자,40 - 49세,서울특별시,소셜커머스(쇼핑),보조배터리,품질(물품/용역)
2024025293,2024-05-14,여자,60 - 64세,전라남도,국내온라인거래,머플러,계약불이행(불완전이행)
2024025297,2024-05-14,남자,40 - 49세,서울특별시,일반판매,치과,품질(물품/용역)
2024025302,2024-05-14,남자,60 - 64세,대전광역시,일반판매,도색공사,계약불이행(불완전이행)
2024025262,2024-05-14,여자,30 - 39세,경기도,국내온라인거래,니트(스웨터),청약철회
2024025303,2024-05-14,여자,30 - 39세,경기도,국내온라인거래,항공여객운송서비스,계약불이행(불완전이행)
2024025342,2024-05-14,남자,40 - 49세,경기도,일반판매,아파트,AS불만
2024025202,2024-05-14,남자,불명,경상남도,국내온라인거래,농업용비닐,계약불이행(불완전이행)
2024025211,2024-05-14,여자,불명,서울특별시,국내온라인거래,기타서적음반류,계약해제.해지/위약금
2024025214,2024-05-14,여자,60 - 64세,전라남도,기타,상해보험,계약불이행(불완전이행)
2024025265,2024-05-14,남자,30 - 39세,경기도,일반판매,자동차수리·점검,AS불만
2024025267,2024-05-14,남자,40 - 49세,세종특별자치시,일반판매,전기자전거,AS불만
2024025269,2024-05-14,여자,20 - 29세,경기도,모바일거래,인터넷정보이용서비스,계약해제.해지/위약금
2024025193,2024-05-14,남자,40 - 49세,서울특별시,일반판매,차량용블랙박스,부당행위
2024025219,2024-05-14,남자,50 - 59세,서울특별시,방문판매,연금보험,부당행위
2024025282,2024-05-14,여자,50 - 59세,전라북도,방문판매,아파트,계약해제.해지/위약금
2024025278,2024-05-14,여자,65 - 69세,제주도,방문판매,기타여행,계약해제.해지/위약금
2024025290,2024-05-14,여자,40 - 49세,부산광역시,국내온라인거래,꽃·화초·화환,계약불이행(불완전이행)
2024025291,2024-05-14,남자,30 - 39세,경기도,국내온라인거래,쇠고기,표시.광고
2024025298,2024-05-14,남자,40 - 49세,서울특별시,일반판매,치과,품질(물품/용역)
2024025300,2024-05-14,여자,불명,대전광역시,모바일거래,어패류젓갈,안전(제품/시설)
2024025305,2024-05-14,남자,60 - 64세,대구광역시,일반판매,이동전화서비스,계약불이행(불완전이행)
2024025312,2024-05-14,여자,40 - 49세,부산광역시,소셜커머스(쇼핑),음식물처리기,품질(물품/용역)
2024025322,2024-05-14,남자,40 - 49세,서울특별시,국내온라인거래,항공여객운송서비스,계약불이행(불완전이행)
2024025310,2024-05-14,여자,40 - 49세,인천광역시,기타,기타세탁서비스,계약불이행(불완전이행)
2024025321,2024-05-14,남자,40 - 49세,서울특별시,일반판매,의상대여(렌트),계약해제.해지/위약금
2024025330,2024-05-14,여자,30 - 39세,경기도,일반판매,한의원,계약해제.해지/위약금
2024025331,2024-05-14,여자,40 - 49세,경기도,TV홈쇼핑,보석·귀금속,품질(물품/용역)
2024025208,2024-05-14,여자,40 - 49세,서울특별시,일반판매,미분류대여(렌트),계약해제.해지/위약금
2024025223,2024-05-14,남자,50 - 59세,경상남도,전화권유판매,인터넷정보이용서비스,계약불이행(불완전이행)
2024025231,2024-05-14,남자,65 - 69세,서울특별시,일반판매,외식,품질(물품/용역)
2024025237,2024-05-14,여자,65 - 69세,서울특별시,일반판매,기타의료용구,품질(물품/용역)
2024025243,2024-05-14,여자,40 - 49세,서울특별시,국내온라인거래,숙녀화(구두·부츠 등),청약철회
2024025248,2024-05-14,남자,30 - 39세,인천광역시,일반판매,대형승용자동차,품질(물품/용역)
2024025257,2024-05-14,여자,50 - 59세,경상북도,일반판매,실손보험,계약불이행(불완전이행)
2024025263,2024-05-14,남자,30 - 39세,경상남도,방문판매,컴퓨터수리,AS불만
2024025268,2024-05-14,남자,40 - 49세,서울특별시,일반판매,포장이사운송서비스,계약불이행(불완전이행)
2024025270,2024-05-14,여자,30 - 39세,경기도,소셜커머스(쇼핑),캐주얼바지,청약철회
2024025295,2024-05-14,여자,30 - 39세,대전광역시,국내온라인거래,기타건강식품,표시.광고
2024025299,2024-05-14,남자,40 - 49세,서울특별시,TV홈쇼핑,전기자전거,청약철회
2024025335,2024-05-14,남자,65 - 69세,부산광역시,일반판매,국내여행,계약해제.해지/위약금
2024025323,2024-05-14,남자,50 - 59세,서울특별시,전화권유판매,초고속인터넷,계약해제.해지/위약금
2024025333,2024-05-14,여자,50 - 59세,서울특별시,일반판매,아파트,계약불이행(불완전이행)
2024025184,2024-05-14,여자,50 - 59세,경기도,국내온라인거래,셔츠,계약불이행(불완전이행)
2024025185,2024-05-14,남자,30 - 39세,울산광역시,모바일거래,기타스포츠·레저기구·용품,계약불이행(불완전이행)
2024025186,2024-05-14,남자,30 - 39세,서울특별시,국내온라인거래,스포츠웨어,청약철회
2024025189,2024-05-14,여자,30 - 39세,경기도,국내온라인거래,호텔,계약해제.해지/위약금
2024025205,2024-05-14,여자,30 - 39세,경기도,국내온라인거래,기저귀,부당행위
2024025213,2024-05-14,여자,30 - 39세,서울특별시,전화권유판매,기타매체광고,부당행위
2024025218,2024-05-14,여자,40 - 49세,경상남도,국내온라인거래,니트(스웨터),청약철회
2024025222,2024-05-14,남자,10 - 19세,인천광역시,일반판매,소아청소년과,품질(물품/용역)
2024025232,2024-05-14,여자,30 - 39세,인천광역시,국내온라인거래,신용카드,계약해제.해지/위약금
2024025233,2024-05-14,여자,50 - 59세,대구광역시,국내온라인거래,외국어강습,계약해제.해지/위약금
2024025235,2024-05-14,여자,20 - 29세,경기도,일반판매,필라테스,계약해제.해지/위약금
2024025249,2024-05-14,여자,80세이상,경기도,전화권유판매,이동전화서비스,계약해제.해지/위약금
2024025250,2024-05-14,남자,20 - 29세,울산광역시,국내온라인거래,캐주얼바지,청약철회
2024025277,2024-05-14,남자,불명,서울특별시,국내온라인거래,기타식품류,계약불이행(불완전이행)
2024025287,2024-05-14,남자,30 - 39세,서울특별시,일반판매,자동차주차장,가격.요금
2024025197,2024-05-14,여자,20 - 29세,해외 및 기타,일반판매,이동전화서비스,계약해제.해지/위약금
2024025212,2024-05-14,남자,50 - 59세,대구광역시,전화권유판매,일반강습(입시학원등),청약철회
2024025216,2024-05-14,남자,불명,경기도,일반판매,침대,AS불만
2024025220,2024-05-14,남자,30 - 39세,대구광역시,일반판매,자동차수리·점검,품질(물품/용역)
2024025228,2024-05-14,남자,40 - 49세,충청남도,일반판매,중형승용자동차,계약불이행(불완전이행)
2024025188,2024-05-14,여자,40 - 49세,경기도,전화권유판매,애완고양이,계약불이행(불완전이행)
2024025192,2024-05-14,남자,65 - 69세,경상남도,일반판매,치과,AS불만
2024025343,2024-05-14,남자,30 - 39세,경상남도,기타통신판매,테니스장스쿼시회원권,청약철회
2024025344,2024-05-14,여자,30 - 39세,서울특별시,국내온라인거래,호텔,계약해제.해지/위약금
2024025345,2024-05-14,여자,40 - 49세,서울특별시,국내온라인거래,먹는샘물,청약철회
2024025346,2024-05-14,여자,30 - 39세,전라남도,기타통신판매,다이어트식품,품질(물품/용역)
2024025347,2024-05-14,남자,20 - 29세,서울특별시,일반판매,헬스장,계약해제.해지/위약금
2024025348,2024-05-14,남자,50 - 59세,경기도,방문판매,아파트,부당행위
2024025349,2024-05-14,여자,20 - 29세,인천광역시,국내온라인거래,숙녀화(구두·부츠 등),청약철회
2024025350,2024-05-14,여자,30 - 39세,서울특별시,일반판매,항공여객운송서비스,부당행위
2024025351,2024-05-14,남자,30 - 39세,경상북도,기타,건물청소서비스,계약불이행(불완전이행)
2024025352,2024-05-14,남자,50 - 59세,경기도,국내온라인거래,카메라,부당행위
2024025353,2024-05-14,남자,20 - 29세,서울특별시,일반판매,헬스장,계약해제.해지/위약금
2024025354,2024-05-14,여자,20 - 29세,경기도,모바일거래,헬스장,계약해제.해지/위약금
2024025355,2024-05-14,여자,30 - 39세,경기도,국내온라인거래,기타조명기기,안전(제품/시설)
2024025356,2024-05-14,남자,50 - 59세,경기도,일반판매,포장이사운송서비스,품질(물품/용역)
2024025357,2024-05-14,여자,20 - 29세,경기도,모바일거래,기타완구·인형,계약해제.해지/위약금
2024025358,2024-05-14,여자,30 - 39세,울산광역시,국내온라인거래,사진촬영,계약해제.해지/위약금
2024025359,2024-05-14,여자,30 - 39세,전라북도,국내온라인거래,기타신발·용품,청약철회
2024025360,2024-05-14,여자,80세이상,경기도,일반판매,정수기대여(렌트),계약해제.해지/위약금
2024025361,2024-05-14,여자,20 - 29세,서울특별시,국내온라인거래,블루투스스피커,계약불이행(불완전이행)
2024025362,2024-05-14,여자,20 - 29세,경기도,일반판매,헬스장,계약해제.해지/위약금
2024025363,2024-05-14,여자,20 - 29세,서울특별시,방문판매,헬스장,계약해제.해지/위약금
2024025364,2024-05-14,남자,30 - 39세,경기도,일반판매,이동전화서비스,계약해제.해지/위약금
2024025365,2024-05-14,여자,20 - 29세,서울특별시,국내온라인거래,스커트,청약철회
2024025366,2024-05-14,남자,30 - 39세,경기도,일반판매,헬스장,계약해제.해지/위약금
2024025367,2024-05-14,남자,20 - 29세,부산광역시,일반판매,헬스장,계약해제.해지/위약금
2024025368,2024-05-14,남자,60 - 64세,강원특별자치도,기타,기타자동차용품,품질(물품/용역)
2024025369,2024-05-14,여자,30 - 39세,서울특별시,일반판매,보석·귀금속,청약철회
2024025370,2024-05-14,여자,50 - 59세,서울특별시,전화권유판매,유사투자자문,계약해제.해지/위약금
2024025371,2024-05-14,여자,50 - 59세,인천광역시,전화권유판매,기타일반화장품,부당행위
2024025372,2024-05-14,여자,20 - 29세,서울특별시,일반판매,예식서비스,계약해제.해지/위약금
2024025373,2024-05-14,여자,20 - 29세,서울특별시,방문판매,결혼준비대행서비스,계약불이행(불완전이행)
2024025374,2024-05-14,여자,20 - 29세,경기도,일반판매,예식서비스,계약해제.해지/위약금
2024025375,2024-05-14,남자,30 - 39세,서울특별시,일반판매,"연회서비스(돌잔치,회갑 등)",계약해제.해지/위약금
2024025195,2024-05-14,남자,30 - 39세,충청남도,기타,상품권,약관
2024025376,2024-05-14,여자,30 - 39세,경상남도,국내온라인거래,기타내의류,부당행위
2024025377,2024-05-14,여자,20 - 29세,경기도,일반판매,헬스장,계약해제.해지/위약금
2024025378,2024-05-14,남자,30 - 39세,대구광역시,일반판매,기타예식관련서비스,계약불이행(불완전이행)
2024025379,2024-05-14,여자,20 - 29세,경기도,일반판매,헬스장,계약해제.해지/위약금
2024025380,2024-05-14,여자,20 - 29세,충청북도,일반판매,미용서비스,계약불이행(불완전이행)
2024025381,2024-05-14,남자,40 - 49세,경기도,국내온라인거래,마이크,청약철회
2024025382,2024-05-14,여자,20 - 29세,광주광역시,일반판매,각종자격취득강습,계약해제.해지/위약금
2024025383,2024-05-14,남자,50 - 59세,서울특별시,일반판매,기타미분류물품,가격.요금
2024025384,2024-05-14,여자,20 - 29세,경기도,방문판매,필라테스,계약해제.해지/위약금
2024025385,2024-05-14,남자,40 - 49세,서울특별시,일반판매,교복,품질(물품/용역)
2024025386,2024-05-14,남자,30 - 39세,인천광역시,기타,신발세탁,품질(물품/용역)
2024025387,2024-05-14,남자,40 - 49세,서울특별시,국내온라인거래,인터넷게임서비스,청약철회
2024025388,2024-05-14,여자,30 - 39세,경기도,국내온라인거래,의상대여(렌트),계약해제.해지/위약금
2024025389,2024-05-14,여자,20 - 29세,부산광역시,국내온라인거래,CD·LD·DVD(영화·음악·게임),품질(물품/용역)
2024025390,2024-05-14,남자,20 - 29세,강원특별자치도,국내온라인거래,TV,계약해제.해지/위약금
2024025391,2024-05-14,남자,50 - 59세,전라남도,국내온라인거래,TV,계약해제.해지/위약금
2024025392,2024-05-14,남자,20 - 29세,서울특별시,모바일거래,인터넷게임서비스,부당행위
2024025393,2024-05-14,남자,65 - 69세,경상남도,기타,자동차주유,부당채권추심
2024025394,2024-05-14,여자,40 - 49세,경기도,기타통신판매,골프회원권,계약불이행(불완전이행)
2024025395,2024-05-14,여자,40 - 49세,대전광역시,국제온라인거래,호텔,계약해제.해지/위약금
2024025396,2024-05-14,남자,20 - 29세,서울특별시,일반판매,스마트폰,AS불만
2024025397,2024-05-14,남자,40 - 49세,서울특별시,기타,음식물처리기,품질(물품/용역)
2024025398,2024-05-14,여자,20 - 29세,경기도,국내온라인거래,타올,청약철회
2024025399,2024-05-14,여자,20 - 29세,서울특별시,일반판매,헬스장,계약해제.해지/위약금
2024025400,2024-05-14,남자,30 - 39세,경기도,방문판매,헬스장,계약해제.해지/위약금
2024025401,2024-05-14,남자,70 - 79세,경기도,일반판매,골프회원권,계약불이행(불완전이행)
2024025402,2024-05-14,여자,20 - 29세,전라북도,기타,헬스장,계약해제.해지/위약금
2024025403,2024-05-14,남자,30 - 39세,경기도,일반판매,기타스포츠·레저기구·용품,품질(물품/용역)
2024025404,2024-05-14,여자,40 - 49세,부산광역시,국내온라인거래,모자,품질(물품/용역)
2024025405,2024-05-14,남자,70 - 79세,경기도,국내온라인거래,도어록,AS불만
2024025406,2024-05-14,남자,30 - 39세,서울특별시,일반판매,신발세탁,품질(물품/용역)
2024025407,2024-05-14,여자,30 - 39세,경기도,기타,아파트,AS불만
2024025408,2024-05-14,여자,20 - 29세,서울특별시,방문판매,필라테스,계약해제.해지/위약금
2024025409,2024-05-14,여자,40 - 49세,경기도,국내온라인거래,카메라부품·용품,품질(물품/용역)
2024025410,2024-05-14,여자,50 - 59세,경상북도,일반판매,도색공사,품질(물품/용역)
2024025411,2024-05-14,여자,40 - 49세,경기도,모바일거래,해외유학알선,계약해제.해지/위약금
2024025412,2024-05-14,남자,20 - 29세,전라남도,방문판매,헬스장,계약해제.해지/위약금
2024025413,2024-05-14,여자,30 - 39세,경기도,국내온라인거래,숙녀화(구두·부츠 등),청약철회
2024025414,2024-05-14,남자,70 - 79세,경기도,일반판매,전기진공청소기,계약해제.해지/위약금
2024025415,2024-05-14,여자,30 - 39세,서울특별시,방문판매,룸에어컨,계약불이행(불완전이행)
2024025416,2024-05-14,남자,30 - 39세,경기도,기타,기타인테리어설비,계약해제.해지/위약금
2024025417,2024-05-14,남자,20 - 29세,인천광역시,기타,예식서비스,계약해제.해지/위약금
2024025418,2024-05-14,여자,30 - 39세,경기도,방문판매,헬스장,계약해제.해지/위약금
2024025419,2024-05-14,여자,30 - 39세,서울특별시,방문판매,미분류컨설팅(자문),계약해제.해지/위약금
2024025420,2024-05-14,여자,20 - 29세,경기도,방문판매,헬스장,계약해제.해지/위약금
2024025421,2024-05-14,여자,30 - 39세,서울특별시,소셜커머스(쇼핑),캐주얼바지,품질(물품/용역)
2024025422,2024-05-14,여자,30 - 39세,서울특별시,국내온라인거래,화장대,품질(물품/용역)
2024025423,2024-05-14,남자,20 - 29세,서울특별시,국내온라인거래,각종공연관람,부당행위
2024025424,2024-05-14,여자,20 - 29세,대구광역시,일반판매,필라테스,계약해제.해지/위약금
2024025425,2024-05-14,남자,30 - 39세,경기도,기타,항공여객운송서비스,계약불이행(불완전이행)
2024025426,2024-05-14,남자,40 - 49세,대구광역시,일반판매,커피메이커,AS불만
2024025427,2024-05-14,남자,50 - 59세,서울특별시,전화권유판매,기타이동통신,가격.요금
2024025428,2024-05-14,남자,40 - 49세,경상북도,모바일거래,각종공연관람,계약해제.해지/위약금
2024025429,2024-05-14,남자,30 - 39세,경기도,일반판매,의자,부당행위
2024025430,2024-05-14,남자,40 - 49세,전라남도,일반판매,수도꼭지,계약불이행(불완전이행)
2024025431,2024-05-14,남자,30 - 39세,서울특별시,전화권유판매,헬스장,계약해제.해지/위약금
2024025432,2024-05-14,여자,20 - 29세,경기도,기타,헬스장,계약해제.해지/위약금
2024025433,2024-05-14,여자,30 - 39세,서울특별시,국내온라인거래,CD·LD·DVD(영화·음악·게임),청약철회
2024025434,2024-05-14,남자,40 - 49세,강원특별자치도,국내온라인거래,초고속인터넷,계약해제.해지/위약금
2024025435,2024-05-14,여자,30 - 39세,서울특별시,전화권유판매,학습지,계약해제.해지/위약금
2024025436,2024-05-14,여자,40 - 49세,광주광역시,TV홈쇼핑,마사지류,품질(물품/용역)
2024025437,2024-05-14,여자,40 - 49세,울산광역시,국내온라인거래,각종공연관람,부당행위
2024025438,2024-05-14,여자,40 - 49세,서울특별시,일반판매,커피,안전(제품/시설)
2024025439,2024-05-14,남자,40 - 49세,경기도,모바일거래,철도여객운송서비스,품질(물품/용역)
2024025440,2024-05-14,여자,20 - 29세,서울특별시,국내온라인거래,기타간편복,청약철회
2024025441,2024-05-14,여자,50 - 59세,서울특별시,국제온라인거래,기타세탁서비스,품질(물품/용역)
2024025442,2024-05-14,남자,40 - 49세,충청남도,기타,골프회원권,계약불이행(불완전이행)
2024025443,2024-05-14,남자,50 - 59세,경기도,전화권유판매,초고속인터넷,가격.요금
2024025444,2024-05-14,남자,30 - 39세,경기도,일반판매,경비·관리서비스,계약불이행(불완전이행)
2024025445,2024-05-14,남자,50 - 59세,경기도,국내온라인거래,호텔,계약해제.해지/위약금
2024025446,2024-05-14,남자,30 - 39세,서울특별시,국내온라인거래,인터넷게임서비스,부당행위
2024025447,2024-05-14,여자,20 - 29세,경기도,모바일거래,항공여객운송서비스,청약철회
2024025448,2024-05-14,남자,50 - 59세,강원특별자치도,국제온라인거래,호텔,계약해제.해지/위약금
2024025449,2024-05-14,여자,20 - 29세,인천광역시,국내온라인거래,인터넷교육서비스,청약철회
2024025450,2024-05-14,여자,30 - 39세,대전광역시,기타,포장이사운송서비스,계약불이행(불완전이행)
2024025451,2024-05-14,남자,30 - 39세,서울특별시,국내온라인거래,기타숙박시설,계약해제.해지/위약금
2024025452,2024-05-14,여자,30 - 39세,울산광역시,방문판매,퍼스널컴퓨터,이자.수수료
2024025453,2024-05-14,여자,30 - 39세,서울특별시,방문판매,기타통신기기,AS불만
2024025454,2024-05-14,남자,50 - 59세,대구광역시,일반판매,스마트폰,품질(물품/용역)
2024025455,2024-05-14,여자,20 - 29세,경기도,방문판매,헬스장,계약해제.해지/위약금
2024025456,2024-05-14,여자,20 - 29세,서울특별시,일반판매,종합체육시설회원권,계약해제.해지/위약금
2024025457,2024-05-14,여자,40 - 49세,광주광역시,일반판매,마사지류,계약해제.해지/위약금
2024025458,2024-05-14,남자,30 - 39세,경기도,일반판매,종합체육시설회원권,계약해제.해지/위약금
2024025459,2024-05-14,남자,40 - 49세,서울특별시,일반판매,모니터,AS불만
2024025460,2024-05-14,여자,20 - 29세,서울특별시,일반판매,헬스장,계약해제.해지/위약금
2024025289,2024-05-14,남자,50 - 59세,인천광역시,일반판매,국내여행,계약불이행(불완전이행)
2024025198,2024-05-14,남자,30 - 39세,전라북도,일반판매,중고자동차중개·매매,품질(물품/용역)
2024025199,2024-05-14,여자,20 - 29세,서울특별시,일반판매,헬스장,계약해제.해지/위약금
2024025461,2024-05-14,여자,30 - 39세,경기도,국내온라인거래,아동복,청약철회
2024025462,2024-05-14,여자,20 - 29세,경기도,전화권유판매,기타매체광고,계약해제.해지/위약금
2024025463,2024-05-14,여자,40 - 49세,서울특별시,일반판매,종합체육시설회원권,계약해제.해지/위약금
2024024111,2024-05-15,여자,50 - 59세,전라북도,일반판매,양복(서양식 의복)세탁,품질(물품/용역)
2024025464,2024-05-15,남자,50 - 59세,대구광역시,일반판매,빵,품질(물품/용역)
2024025465,2024-05-15,남자,40 - 49세,경기도,국내온라인거래,항공여객운송서비스,계약불이행(불완전이행)
2024025466,2024-05-15,여자,30 - 39세,경기도,일반판매,"연회서비스(돌잔치,회갑 등)",이자.수수료
2024025467,2024-05-15,여자,50 - 59세,경기도,모바일거래,프라이팬,품질(물품/용역)
2024025468,2024-05-15,남자,10세 미만,부산광역시,국내온라인거래,인터넷게임서비스,부당행위
2024025469,2024-05-15,여자,30 - 39세,서울특별시,국제온라인거래,각종공연관람,계약해제.해지/위약금
2024025470,2024-05-15,여자,20 - 29세,서울특별시,일반판매,헬스장,계약해제.해지/위약금
2024025471,2024-05-15,남자,20 - 29세,서울특별시,방문판매,헬스장,계약해제.해지/위약금
2024025472,2024-05-15,여자,40 - 49세,충청남도,모바일거래,국외여행,계약해제.해지/위약금
2024025473,2024-05-15,여자,30 - 39세,서울특별시,기타통신판매,국내결혼중개,계약해제.해지/위약금
2024025474,2024-05-15,남자,30 - 39세,경기도,기타통신판매,기타세탁서비스,품질(물품/용역)
2024025475,2024-05-15,남자,30 - 39세,대구광역시,기타,아파트,부당행위
2024025476,2024-05-15,남자,40 - 49세,서울특별시,국내온라인거래,항공여객운송서비스,계약해제.해지/위약금
2024025477,2024-05-15,남자,40 - 49세,경기도,국내온라인거래,운동화,청약철회
2024025478,2024-05-15,여자,30 - 39세,경기도,일반판매,기타숙박시설,계약해제.해지/위약금
2024025479,2024-05-15,남자,30 - 39세,인천광역시,일반판매,아파트,품질(물품/용역)
2024025480,2024-05-15,남자,50 - 59세,대구광역시,기타,아파트,부당행위
2024025481,2024-05-15,남자,30 - 39세,충청북도,모바일거래,인터넷게임서비스,청약철회
2024025482,2024-05-15,여자,20 - 29세,경기도,기타,신사복세트,약관
2024025483,2024-05-15,남자,65 - 69세,경기도,국내온라인거래,골프회원권,계약해제.해지/위약금
2024025484,2024-05-15,여자,50 - 59세,부산광역시,국내온라인거래,보석·귀금속,청약철회
2024025485,2024-05-15,여자,50 - 59세,서울특별시,기타,기타미분류서비스,계약해제.해지/위약금
2024025486,2024-05-15,여자,20 - 29세,부산광역시,일반판매,필라테스,계약해제.해지/위약금
2024025487,2024-05-15,남자,50 - 59세,경기도,소셜커머스(쇼핑),기타식생활기기,청약철회
2024025488,2024-05-15,남자,30 - 39세,인천광역시,모바일거래,스포츠관람,계약해제.해지/위약금
2024025489,2024-05-15,여자,30 - 39세,충청남도,소셜커머스(쇼핑),아동복,품질(물품/용역)
2024025490,2024-05-15,남자,40 - 49세,울산광역시,국내온라인거래,기타매체광고,계약해제.해지/위약금
2024024016,2024-05-15,여자,40 - 49세,세종특별자치시,일반판매,니트(스웨터),품질(물품/용역)
2024024550,2024-05-15,남자,30 - 39세,인천광역시,일반판매,점퍼·재킷류,품질(물품/용역)
2024024314,2024-05-15,여자,40 - 49세,부산광역시,일반판매,티셔츠,품질(물품/용역)
2024024350,2024-05-15,남자,40 - 49세,충청북도,일반판매,양복(서양식 의복)세탁,품질(물품/용역)
2024024998,2024-05-16,여자,50 - 59세,인천광역시,일반판매,점퍼·재킷류,품질(물품/용역)
2024022641,2024-05-16,여자,30 - 39세,경기도,일반판매,운동화,품질(물품/용역)
2024023091,2024-05-16,여자,30 - 39세,서울특별시,일반판매,운동화,품질(물품/용역)
2024023115,2024-05-16,여자,30 - 39세,경기도,국내온라인거래,샌들·슬리퍼,품질(물품/용역)
2024024951,2024-05-16,여자,65 - 69세,울산광역시,일반판매,점퍼·재킷류,품질(물품/용역)
2024024537,2024-05-16,여자,30 - 39세,경기도,국내온라인거래,아동복,품질(물품/용역)
2024022856,2024-05-16,여자,40 - 49세,부산광역시,일반판매,숙녀화(구두·부츠 등),품질(물품/용역)
2024025491,2024-05-16,남자,불명,부산광역시,기타,빵,품질(물품/용역)
2024024271,2024-05-16,여자,50 - 59세,경기도,일반판매,점퍼·재킷류,품질(물품/용역)
2024024972,2024-05-16,여자,40 - 49세,경기도,일반판매,점퍼·재킷류,품질(물품/용역)
2024024578,2024-05-16,여자,60 - 64세,경기도,일반판매,핸드백,품질(물품/용역)
2024023102,2024-05-16,여자,50 - 59세,경기도,일반판매,생활패션화(슬립온·아쿠아슈즈·장화·작업화 등),품질(물품/용역)
2024023108,2024-05-16,여자,20 - 29세,경상북도,일반판매,전문스포츠화(축구화·골프화 등),품질(물품/용역)
2024025494,2024-05-16,여자,30 - 39세,경상북도,국내온라인거래,항공여객운송서비스,청약철회
2024025499,2024-05-16,남자,70 - 79세,광주광역시,국내온라인거래,전기자전거,계약해제.해지/위약금
2024025500,2024-05-16,남자,30 - 39세,경기도,전화권유판매,상조서비스,계약해제.해지/위약금
2024025502,2024-05-16,여자,50 - 59세,대전광역시,기타통신판매,기타주거관리설비,AS불만
2024025503,2024-05-16,여자,50 - 59세,경상북도,일반판매,도색공사,품질(물품/용역)
2024025511,2024-05-16,여자,30 - 39세,대구광역시,국내온라인거래,매트,표시.광고
2024025512,2024-05-16,여자,30 - 39세,인천광역시,기타,안경·안경테,부당행위
2024025523,2024-05-16,여자,30 - 39세,부산광역시,일반판매,타이어,품질(물품/용역)
2024025532,2024-05-16,남자,70 - 79세,경기도,기타,치과,품질(물품/용역)
2024025537,2024-05-16,남자,50 - 59세,서울특별시,일반판매,대형승용자동차,계약불이행(불완전이행)
2024025547,2024-05-16,여자,70 - 79세,서울특별시,일반판매,식탁,계약불이행(불완전이행)
2024025548,2024-05-16,여자,60 - 64세,경기도,일반판매,여성용한복,계약불이행(불완전이행)
2024025550,2024-05-16,남자,50 - 59세,서울특별시,모바일거래,기타일반화장품,청약철회
2024025552,2024-05-16,여자,30 - 39세,경기도,일반판매,자동차세차,품질(물품/용역)
2024025567,2024-05-16,여자,50 - 59세,경기도,일반판매,택배화물운송서비스,계약불이행(불완전이행)
2024025573,2024-05-16,여자,50 - 59세,울산광역시,일반판매,헬스장,계약해제.해지/위약금
2024025575,2024-05-16,여자,30 - 39세,경기도,방문판매,전기진공청소기,부당행위
2024025577,2024-05-16,남자,60 - 64세,경기도,기타통신판매,기타민영보험,계약불이행(불완전이행)
2024025583,2024-05-16,여자,50 - 59세,경기도,일반판매,코트,계약불이행(불완전이행)
2024025608,2024-05-16,여자,50 - 59세,경상북도,일반판매,침대,계약해제.해지/위약금
2024025609,2024-05-16,여자,50 - 59세,경기도,일반판매,기타사설강습서비스,계약해제.해지/위약금
2024025610,2024-05-16,여자,20 - 29세,전라북도,모바일거래,외식,계약불이행(불완전이행)
2024025616,2024-05-16,여자,70 - 79세,대구광역시,일반판매,기타이·미용서비스,계약해제.해지/위약금
2024025627,2024-05-16,여자,30 - 39세,경상북도,모바일거래,보석·귀금속,AS불만
2024025504,2024-05-16,여자,40 - 49세,경상북도,일반판매,안마의자,품질(물품/용역)
2024025513,2024-05-16,남자,30 - 39세,경상남도,국내온라인거래,자동차대여(렌트),계약해제.해지/위약금
2024025515,2024-05-16,남자,20 - 29세,경기도,기타,치과,품질(물품/용역)
2024025535,2024-05-16,여자,30 - 39세,경기도,일반판매,자동차대여(렌트),부당행위
2024025540,2024-05-16,여자,60 - 64세,서울특별시,일반판매,기타어패류·어패류가공식품,품질(물품/용역)
2024025568,2024-05-16,남자,40 - 49세,경기도,모바일거래,항공여객운송서비스,계약해제.해지/위약금
2024025603,2024-05-16,남자,30 - 39세,서울특별시,국내온라인거래,국외여행,청약철회
2024025605,2024-05-16,여자,20 - 29세,서울특별시,국내온라인거래,CD·LD·DVD(영화·음악·게임),계약불이행(불완전이행)
2024025621,2024-05-16,여자,20 - 29세,충청남도,일반판매,헬스장,계약해제.해지/위약금
2024025625,2024-05-16,남자,65 - 69세,경기도,국내온라인거래,복합기,계약불이행(불완전이행)
2024024030,2024-05-16,여자,50 - 59세,광주광역시,일반판매,니트(스웨터),품질(물품/용역)
2024024948,2024-05-16,여자,30 - 39세,서울특별시,일반판매,니트(스웨터),품질(물품/용역)
2024025521,2024-05-16,여자,30 - 39세,서울특별시,국내온라인거래,기타문화·오락시설이용,약관
2024025542,2024-05-16,여자,50 - 59세,경기도,일반판매,각종쿠폰류(무료통화권포함),약관
2024025569,2024-05-16,남자,40 - 49세,강원특별자치도,일반판매,스마트폰,부당행위
2024025010,2024-05-16,여자,40 - 49세,경상남도,일반판매,피혁세탁,품질(물품/용역)
2024024964,2024-05-16,여자,65 - 69세,경기도,일반판매,양복(서양식 의복)세탁,품질(물품/용역)
2024025493,2024-05-16,여자,50 - 59세,경기도,국내온라인거래,룸에어컨,청약철회
2024025516,2024-05-16,여자,불명,경기도,기타,학습지,계약불이행(불완전이행)
2024025520,2024-05-16,남자,20 - 29세,부산광역시,모바일거래,유사투자자문,계약해제.해지/위약금
2024025526,2024-05-16,남자,20 - 29세,인천광역시,방문판매,헬스장,계약해제.해지/위약금
2024025533,2024-05-16,남자,30 - 39세,인천광역시,국내온라인거래,태블릿PC,표시.광고
2024025534,2024-05-16,남자,65 - 69세,인천광역시,기타통신판매,건강(암·기타질병)보험,부당행위
2024025536,2024-05-16,여자,30 - 39세,서울특별시,기타통신판매,신문,계약불이행(불완전이행)
2024025539,2024-05-16,남자,30 - 39세,서울특별시,일반판매,딸기,품질(물품/용역)
2024025549,2024-05-16,남자,60 - 64세,전라북도,기타통신판매,기타교육서비스,부당행위
2024025559,2024-05-16,여자,30 - 39세,인천광역시,국내온라인거래,원피스,청약철회
2024025574,2024-05-16,여자,30 - 39세,서울특별시,국내온라인거래,기타세탁서비스,계약불이행(불완전이행)
2024025586,2024-05-16,여자,40 - 49세,경기도,국내온라인거래,점퍼·재킷류,AS불만
2024025592,2024-05-16,남자,불명,인천광역시,국내온라인거래,국외여행,계약해제.해지/위약금
2024025595,2024-05-16,남자,30 - 39세,경기도,일반판매,전기의류건조기,계약불이행(불완전이행)
2024025496,2024-05-16,여자,50 - 59세,경기도,기타통신판매,CCTV,품질(물품/용역)
2024025498,2024-05-16,남자,20 - 29세,서울특별시,일반판매,기타자전거용품,계약해제.해지/위약금
2024025596,2024-05-16,남자,30 - 39세,서울특별시,일반판매,운전강습,계약불이행(불완전이행)
2024025629,2024-05-16,남자,50 - 59세,부산광역시,전화권유판매,유사투자자문,청약철회
2024025635,2024-05-16,여자,30 - 39세,인천광역시,방문판매,헬스장,계약해제.해지/위약금
2024025636,2024-05-16,남자,20 - 29세,전라북도,일반판매,헬스장,계약해제.해지/위약금
2024025637,2024-05-16,여자,40 - 49세,서울특별시,일반판매,기타회원권,계약해제.해지/위약금
2024025638,2024-05-16,남자,30 - 39세,인천광역시,기타,아파트,AS불만
2024025639,2024-05-16,남자,40 - 49세,서울특별시,일반판매,여관(모텔),계약해제.해지/위약금
2024025640,2024-05-16,여자,40 - 49세,경기도,일반판매,기타여객운송서비스,가격.요금
2024025641,2024-05-16,여자,30 - 39세,서울특별시,일반판매,피부·체형관리서비스,청약철회
2024025642,2024-05-16,남자,40 - 49세,서울특별시,일반판매,헬스장,계약해제.해지/위약금
2024025643,2024-05-16,남자,20 - 29세,서울특별시,국내온라인거래,의자,청약철회
2024025644,2024-05-16,남자,30 - 39세,서울특별시,국내온라인거래,항공여객운송서비스,표시.광고
2024025645,2024-05-16,남자,30 - 39세,서울특별시,모바일거래,식사배달,계약불이행(불완전이행)
2024025646,2024-05-16,여자,20 - 29세,경기도,일반판매,헬스장,계약해제.해지/위약금
2024025647,2024-05-16,남자,20 - 29세,경상남도,일반판매,헬스장,계약해제.해지/위약금
2024025648,2024-05-16,여자,30 - 39세,경기도,국내온라인거래,기타의류·섬유,청약철회
2024025649,2024-05-16,남자,20 - 29세,경상남도,기타통신판매,기타가방,계약해제.해지/위약금
2024025650,2024-05-16,여자,30 - 39세,인천광역시,국내온라인거래,장식장,AS불만
2024025614,2024-05-16,여자,30 - 39세,경기도,국내온라인거래,미용서비스,계약해제.해지/위약금
2024025620,2024-05-16,남자,30 - 39세,경기도,일반판매,스마트폰,품질(물품/용역)
2024025623,2024-05-16,여자,50 - 59세,서울특별시,소셜커머스(쇼핑),모니터,품질(물품/용역)
2024025626,2024-05-16,여자,20 - 29세,서울특별시,모바일거래,통신기기케이스,품질(물품/용역)
2024025630,2024-05-16,여자,30 - 39세,서울특별시,국내온라인거래,식탁,청약철회
2024025631,2024-05-16,남자,65 - 69세,서울특별시,전화권유판매,기타건강식품,청약철회
2024025651,2024-05-16,남자,20 - 29세,경기도,소셜커머스(쇼핑),기타정보통신,계약해제.해지/위약금
2024025653,2024-05-16,여자,20 - 29세,충청북도,일반판매,보조배터리,품질(물품/용역)
2024025654,2024-05-16,여자,30 - 39세,서울특별시,국내온라인거래,여성용내의류,품질(물품/용역)
2024025655,2024-05-16,남자,30 - 39세,경상북도,국내온라인거래,스마트폰,계약불이행(불완전이행)
2024025656,2024-05-16,여자,20 - 29세,서울특별시,모바일거래,모바일게임서비스,청약철회
2024025657,2024-05-16,남자,30 - 39세,대전광역시,일반판매,헬스장,계약해제.해지/위약금
2024025658,2024-05-16,여자,40 - 49세,경기도,기타,기타주방설비,품질(물품/용역)
2024025659,2024-05-16,남자,40 - 49세,경기도,국내온라인거래,기타회원권,계약불이행(불완전이행)
2024025660,2024-05-16,여자,30 - 39세,경상북도,국내온라인거래,인터넷게임서비스,청약철회
2024025661,2024-05-16,여자,20 - 29세,경상남도,국내온라인거래,기타의류·섬유,품질(물품/용역)
2024025662,2024-05-16,남자,30 - 39세,충청남도,일반판매,사진촬영,계약불이행(불완전이행)
2024025663,2024-05-16,여자,40 - 49세,대전광역시,방문판매,국내결혼중개,계약해제.해지/위약금
2024025664,2024-05-16,남자,60 - 64세,서울특별시,전화권유판매,다이어트식품,계약해제.해지/위약금
2024025665,2024-05-16,남자,20 - 29세,서울특별시,기타통신판매,인쇄서비스,AS불만
2024025666,2024-05-16,여자,30 - 39세,대전광역시,국내온라인거래,기타유아용식생활용품,청약철회
2024025667,2024-05-16,여자,30 - 39세,경기도,방문판매,우유,계약해제.해지/위약금
2024025668,2024-05-16,남자,30 - 39세,경기도,일반판매,소파,계약해제.해지/위약금
2024025669,2024-05-16,여자,40 - 49세,경기도,국내온라인거래,냉장고,계약불이행(불완전이행)
2024025670,2024-05-16,여자,30 - 39세,인천광역시,전화권유판매,고시원이용,계약해제.해지/위약금
2024025671,2024-05-16,남자,65 - 69세,서울특별시,기타,아파트,AS불만
2024025672,2024-05-16,남자,20 - 29세,서울특별시,기타,기타미분류서비스,계약해제.해지/위약금
2024025673,2024-05-16,남자,40 - 49세,충청남도,방문판매,기타옥외장비·설비,계약해제.해지/위약금
2024025674,2024-05-16,남자,20 - 29세,서울특별시,일반판매,스포츠시설이용,계약불이행(불완전이행)
2024025675,2024-05-16,여자,30 - 39세,대구광역시,국내온라인거래,기타의류·섬유,청약철회
2024025676,2024-05-16,남자,20 - 29세,서울특별시,국내온라인거래,기타숙박시설,계약해제.해지/위약금
2024025677,2024-05-16,여자,50 - 59세,경상남도,일반판매,TV,계약해제.해지/위약금
2024025678,2024-05-16,여자,20 - 29세,경기도,방문판매,헬스장,계약해제.해지/위약금
2024025679,2024-05-16,여자,20 - 29세,경기도,일반판매,사진촬영,계약해제.해지/위약금
2024025680,2024-05-16,여자,40 - 49세,경기도,국내온라인거래,소파,청약철회
2024025681,2024-05-16,여자,20 - 29세,서울특별시,일반판매,헬스장,계약해제.해지/위약금
2024025682,2024-05-16,여자,50 - 59세,서울특별시,방문판매,포장이사운송서비스,품질(물품/용역)
2024025683,2024-05-16,남자,30 - 39세,서울특별시,일반판매,헬스장,계약해제.해지/위약금
2024025684,2024-05-16,남자,40 - 49세,서울특별시,국내온라인거래,TV,청약철회
2024024957,2024-05-16,여자,40 - 49세,서울특별시,일반판매,양복(서양식 의복)세탁,품질(물품/용역)
2024024327,2024-05-16,여자,40 - 49세,충청남도,일반판매,교복,품질(물품/용역)
2024022629,2024-05-16,여자,30 - 39세,서울특별시,일반판매,숙녀화(구두·부츠 등),품질(물품/용역)
2024023380,2024-05-16,여자,40 - 49세,서울특별시,일반판매,샌들·슬리퍼,품질(물품/용역)
2024025685,2024-05-16,남자,40 - 49세,강원특별자치도,TV홈쇼핑,전기진공청소기,계약불이행(불완전이행)
2024025686,2024-05-16,남자,20 - 29세,서울특별시,일반판매,이불·침대커버,계약해제.해지/위약금
2024025687,2024-05-16,여자,20 - 29세,경기도,기타,헬스장,계약해제.해지/위약금
2024025688,2024-05-16,여자,20 - 29세,경기도,일반판매,헬스장,계약해제.해지/위약금
2024025689,2024-05-16,여자,30 - 39세,서울특별시,국내온라인거래,기타숙박시설,계약해제.해지/위약금
2024025690,2024-05-16,남자,40 - 49세,광주광역시,기타통신판매,인터넷교육서비스,계약해제.해지/위약금
2024025691,2024-05-16,여자,50 - 59세,전라북도,소셜커머스(쇼핑),안마의자대여(렌트),품질(물품/용역)
2024025692,2024-05-16,여자,20 - 29세,인천광역시,국내온라인거래,호텔,품질(물품/용역)
2024025693,2024-05-16,여자,30 - 39세,서울특별시,국내온라인거래,점퍼·재킷류,품질(물품/용역)
2024025694,2024-05-16,남자,40 - 49세,경기도,일반판매,즉석조리식품,품질(물품/용역)
2024025695,2024-05-16,여자,30 - 39세,강원특별자치도,소셜커머스(쇼핑),염색제,품질(물품/용역)
2024025696,2024-05-16,여자,50 - 59세,경기도,기타,헬스장,계약해제.해지/위약금
2024025697,2024-05-16,남자,30 - 39세,서울특별시,국내온라인거래,단행본,계약불이행(불완전이행)
2024025698,2024-05-16,여자,40 - 49세,경상남도,기타,기타방문·통신교육서비스,계약해제.해지/위약금
2024025699,2024-05-16,여자,30 - 39세,서울특별시,소셜커머스(쇼핑),냄비,청약철회
2024025700,2024-05-16,남자,20 - 29세,서울특별시,일반판매,헬스장,계약해제.해지/위약금
2024025701,2024-05-16,여자,20 - 29세,경상북도,국내온라인거래,인터넷정보이용서비스,부당행위
2024025702,2024-05-16,여자,40 - 49세,서울특별시,국내온라인거래,기타숙박시설,품질(물품/용역)
2024025703,2024-05-16,남자,20 - 29세,대구광역시,모바일거래,호텔,부당행위
2024025704,2024-05-16,여자,30 - 39세,경기도,일반판매,헬스장,계약해제.해지/위약금
2024025705,2024-05-16,남자,30 - 39세,경기도,일반판매,국내결혼중개,계약해제.해지/위약금
2024025706,2024-05-16,남자,40 - 49세,서울특별시,국제온라인거래,기타냉장·냉동기기,계약해제.해지/위약금
2024025707,2024-05-16,여자,20 - 29세,서울특별시,일반판매,헬스장,계약해제.해지/위약금
2024025708,2024-05-16,여자,30 - 39세,경기도,국내온라인거래,각종공연관람,계약불이행(불완전이행)
2024025709,2024-05-16,여자,50 - 59세,경기도,국제온라인거래,스포츠웨어,계약불이행(불완전이행)
2024025710,2024-05-16,남자,40 - 49세,울산광역시,국내온라인거래,전기포트,품질(물품/용역)
2024025711,2024-05-16,남자,40 - 49세,경기도,소셜커머스(쇼핑),가스레인지,단순문의.상담
2024025712,2024-05-16,여자,40 - 49세,충청북도,국내온라인거래,화장품세트,품질(물품/용역)
2024025713,2024-05-16,여자,20 - 29세,경기도,일반판매,예식서비스,계약해제.해지/위약금
2024025714,2024-05-16,남자,40 - 49세,서울특별시,국내온라인거래,스포츠웨어,표시.광고
2024025715,2024-05-16,여자,30 - 39세,제주도,일반판매,공중목욕탕,부당행위
2024025716,2024-05-16,여자,20 - 29세,부산광역시,일반판매,필라테스,계약불이행(불완전이행)
2024025717,2024-05-16,남자,30 - 39세,경기도,일반판매,의상대여(렌트),계약해제.해지/위약금
2024025718,2024-05-16,여자,20 - 29세,경기도,일반판매,사진촬영,계약해제.해지/위약금
2024025719,2024-05-16,남자,30 - 39세,경기도,기타통신판매,항공여객운송서비스,부당행위
2024025720,2024-05-16,남자,50 - 59세,경기도,일반판매,돼지고기포장육,품질(물품/용역)
2024025721,2024-05-16,남자,60 - 64세,경기도,국내온라인거래,호텔,계약해제.해지/위약금
2024025722,2024-05-16,남자,50 - 59세,경기도,일반판매,기름보일러,가격.요금
2024025723,2024-05-16,남자,30 - 39세,부산광역시,소셜커머스(쇼핑),기타미분류물품,청약철회
2024025724,2024-05-16,여자,30 - 39세,경기도,국내온라인거래,인터넷교육서비스,계약불이행(불완전이행)
2024025725,2024-05-16,여자,30 - 39세,경기도,일반판매,운동화,청약철회
2024025726,2024-05-16,남자,30 - 39세,대구광역시,기타통신판매,건물청소서비스,계약불이행(불완전이행)
2024025727,2024-05-16,남자,40 - 49세,서울특별시,기타,펜션,계약해제.해지/위약금
2024025728,2024-05-16,남자,30 - 39세,경기도,일반판매,시스템에어컨,가격.요금
2024025729,2024-05-16,남자,30 - 39세,경기도,일반판매,헬스장,계약해제.해지/위약금
2024025730,2024-05-16,남자,65 - 69세,대전광역시,소셜커머스(쇼핑),식탁,표시.광고
2024025731,2024-05-16,여자,20 - 29세,서울특별시,일반판매,기타교육서비스,품질(물품/용역)
2024025732,2024-05-16,여자,30 - 39세,경기도,방문판매,기타가구,계약해제.해지/위약금
2024025733,2024-05-16,여자,40 - 49세,경상북도,국제온라인거래,호텔,계약해제.해지/위약금
2024025734,2024-05-16,여자,20 - 29세,경기도,일반판매,헬스장,계약불이행(불완전이행)
2024025735,2024-05-16,여자,30 - 39세,경기도,국내온라인거래,호텔,계약해제.해지/위약금
2024025736,2024-05-16,남자,20 - 29세,경기도,국내온라인거래,카메라,부당행위
2024025737,2024-05-16,여자,30 - 39세,경기도,일반판매,보석·귀금속,AS불만
2024025517,2024-05-16,남자,40 - 49세,경기도,일반판매,자동차수리·점검,품질(물품/용역)
2024025505,2024-05-16,남자,40 - 49세,경상북도,전화권유판매,유사투자자문,계약해제.해지/위약금
2024025588,2024-05-16,남자,30 - 39세,인천광역시,일반판매,사진촬영,계약해제.해지/위약금
2024025597,2024-05-16,여자,불명,부산광역시,국내온라인거래,호텔,계약해제.해지/위약금
2024025501,2024-05-16,여자,60 - 64세,서울특별시,일반판매,자동차수리·점검,AS불만
2024025527,2024-05-16,여자,50 - 59세,충청남도,일반판매,정형외과,품질(물품/용역)
2024025564,2024-05-16,여자,20 - 29세,경기도,모바일거래,미용서비스,계약불이행(불완전이행)
2024025579,2024-05-16,여자,30 - 39세,경기도,국내온라인거래,핸드백,표시.광고
2024025611,2024-05-16,남자,30 - 39세,서울특별시,일반판매,골프회원권,계약불이행(불완전이행)
2024025738,2024-05-16,남자,20 - 29세,경상북도,일반판매,기타이·미용서비스,부당행위
2024025739,2024-05-16,여자,20 - 29세,경기도,일반판매,기타이·미용서비스,품질(물품/용역)
2024025740,2024-05-16,남자,40 - 49세,울산광역시,국내온라인거래,펜션,이자.수수료
2024025741,2024-05-16,남자,10 - 19세,부산광역시,국내온라인거래,항공여객운송서비스,이자.수수료
2024025742,2024-05-16,남자,40 - 49세,경상북도,국내온라인거래,운동화,계약불이행(불완전이행)
2024025743,2024-05-16,남자,60 - 64세,경기도,일반판매,냉난방시스템,AS불만
2024025744,2024-05-16,여자,50 - 59세,경기도,기타,모바일정보이용서비스,청약철회
2024025745,2024-05-16,여자,30 - 39세,서울특별시,소셜커머스(쇼핑),꽃·화초·화환,청약철회
2024025747,2024-05-16,남자,30 - 39세,인천광역시,일반판매,미용서비스,계약불이행(불완전이행)
2024025748,2024-05-16,남자,30 - 39세,경상북도,일반판매,헬스장,계약해제.해지/위약금
2024025749,2024-05-16,남자,40 - 49세,경기도,일반판매,신발세탁,품질(물품/용역)
2024025750,2024-05-16,여자,30 - 39세,서울특별시,국내온라인거래,가구세트,청약철회
2024025751,2024-05-16,여자,20 - 29세,서울특별시,일반판매,기타의류·섬유,품질(물품/용역)
2024025752,2024-05-16,여자,30 - 39세,경기도,일반판매,스포츠웨어,부당행위
2024025753,2024-05-16,남자,20 - 29세,제주도,일반판매,헬스장,청약철회
2024022628,2024-05-16,여자,30 - 39세,서울특별시,국내온라인거래,운동화,품질(물품/용역)
2024021427,2024-05-16,남자,60 - 64세,부산광역시,일반판매,전문스포츠화(축구화·골프화 등),품질(물품/용역)
2024021638,2024-05-16,여자,40 - 49세,경기도,일반판매,운동화,품질(물품/용역)
2024025553,2024-05-16,남자,30 - 39세,서울특별시,일반판매,차량용블랙박스,AS불만
2024025556,2024-05-16,남자,20 - 29세,대전광역시,일반판매,중형승용자동차,AS불만
2024025562,2024-05-16,남자,30 - 39세,서울특별시,일반판매,선탠·선스크린화장품,계약불이행(불완전이행)
2024025581,2024-05-16,남자,65 - 69세,부산광역시,일반판매,안경·안경테,AS불만
2024025582,2024-05-16,남자,불명,경기도,국내온라인거래,라텍스매트리스,청약철회
2024025591,2024-05-16,남자,20 - 29세,대구광역시,국내온라인거래,기타음료,계약불이행(불완전이행)
2024025615,2024-05-16,여자,60 - 64세,서울특별시,TV홈쇼핑,화장품세트,청약철회
2024025014,2024-05-16,여자,30 - 39세,서울특별시,국내온라인거래,캐주얼바지,품질(물품/용역)
2024024482,2024-05-16,남자,70 - 79세,광주광역시,일반판매,기타세탁서비스,품질(물품/용역)
2024024514,2024-05-16,여자,65 - 69세,경상북도,일반판매,기타세탁서비스,품질(물품/용역)
2024025612,2024-05-16,여자,50 - 59세,광주광역시,일반판매,침대,품질(물품/용역)
2024025613,2024-05-16,여자,50 - 59세,경기도,전화권유판매,포장이사운송서비스,품질(물품/용역)
2024025617,2024-05-16,여자,65 - 69세,서울특별시,국내온라인거래,캐주얼바지,계약해제.해지/위약금
2024022646,2024-05-16,여자,20 - 29세,대구광역시,일반판매,신발세탁,계약불이행(불완전이행)
2024023378,2024-05-16,남자,60 - 64세,서울특별시,국내온라인거래,운동화,품질(물품/용역)
2024024089,2024-05-16,남자,20 - 29세,서울특별시,일반판매,양복(서양식 의복)세탁,계약불이행(불완전이행)
2024022642,2024-05-16,여자,50 - 59세,경기도,일반판매,숙녀화(구두·부츠 등),품질(물품/용역)
2024022644,2024-05-16,여자,40 - 49세,경기도,국내온라인거래,샌들·슬리퍼,품질(물품/용역)
2024023105,2024-05-16,남자,50 - 59세,경기도,국내온라인거래,운동화,품질(물품/용역)
2024021414,2024-05-16,여자,40 - 49세,서울특별시,일반판매,샌들·슬리퍼,품질(물품/용역)
2024022095,2024-05-16,남자,20 - 29세,서울특별시,일반판매,운동화,품질(물품/용역)
2024021661,2024-05-16,여자,65 - 69세,전라북도,일반판매,생활패션화(슬립온·아쿠아슈즈·장화·작업화 등),품질(물품/용역)
2024022643,2024-05-16,남자,30 - 39세,서울특별시,일반판매,운동화,품질(물품/용역)
2024023736,2024-05-16,여자,20 - 29세,경기도,국내온라인거래,신발세탁,계약불이행(불완전이행)
2024025530,2024-05-16,여자,50 - 59세,인천광역시,기타,한의원,품질(물품/용역)
2024025531,2024-05-16,남자,65 - 69세,서울특별시,기타,정형외과,품질(물품/용역)
2024021021,2024-05-16,여자,40 - 49세,경기도,일반판매,운동화,품질(물품/용역)
2024025518,2024-05-16,남자,65 - 69세,인천광역시,전화권유판매,유사투자자문,청약철회
2024025551,2024-05-16,여자,30 - 39세,부산광역시,일반판매,성형외과,품질(물품/용역)
2024025528,2024-05-16,여자,80세이상,강원특별자치도,일반판매,응급의학과,품질(물품/용역)
2024025541,2024-05-16,남자,60 - 64세,경기도,전화권유판매,유사투자자문,청약철회
2024025543,2024-05-16,여자,50 - 59세,경기도,일반판매,외국어강습,계약해제.해지/위약금
2024025554,2024-05-16,여자,30 - 39세,서울특별시,일반판매,피부과,계약해제.해지/위약금
2024025557,2024-05-16,남자,30 - 39세,인천광역시,국내온라인거래,전기자동차,계약불이행(불완전이행)
2024025561,2024-05-16,남자,30 - 39세,서울특별시,일반판매,헬스장,계약해제.해지/위약금
2024021025,2024-05-16,남자,40 - 49세,경기도,국내온라인거래,운동화,품질(물품/용역)
2024021425,2024-05-16,여자,30 - 39세,경상남도,국내온라인거래,샌들·슬리퍼,품질(물품/용역)
2024021423,2024-05-16,남자,40 - 49세,경기도,국내온라인거래,운동화,품질(물품/용역)
2024024048,2024-05-16,여자,40 - 49세,대구광역시,일반판매,양복(서양식 의복)세탁,품질(물품/용역)
2024024092,2024-05-16,여자,50 - 59세,서울특별시,일반판매,핸드백,품질(물품/용역)
2024022630,2024-05-16,여자,60 - 64세,충청북도,일반판매,숙녀화(구두·부츠 등),품질(물품/용역)
2024022712,2024-05-16,여자,30 - 39세,충청남도,일반판매,운동화,품질(물품/용역)
2024025585,2024-05-16,여자,30 - 39세,경기도,모바일거래,기타사설강습서비스,계약해제.해지/위약금
2024025606,2024-05-16,남자,불명,세종특별자치시,일반판매,중형승용자동차,품질(물품/용역)
2024025624,2024-05-16,여자,30 - 39세,서울특별시,기타통신판매,가사도우미,계약해제.해지/위약금
2024025632,2024-05-16,여자,30 - 39세,경기도,일반판매,피부·체형관리서비스,계약해제.해지/위약금
2024024322,2024-05-16,남자,40 - 49세,인천광역시,국내온라인거래,핸드백,품질(물품/용역)
2024022841,2024-05-16,여자,50 - 59세,경기도,일반판매,운동화,품질(물품/용역)
2024021641,2024-05-16,남자,40 - 49세,경기도,일반판매,운동화,품질(물품/용역)
2024025519,2024-05-16,남자,40 - 49세,부산광역시,국내온라인거래,오토바이,AS불만
2024025492,2024-05-16,남자,10 - 19세,경기도,일반판매,헬스장,계약해제.해지/위약금
2024025508,2024-05-16,남자,30 - 39세,경기도,국내온라인거래,기타채소·채소가공식품,품질(물품/용역)
2024025578,2024-05-16,여자,50 - 59세,서울특별시,기타,피부과,계약해제.해지/위약금
2024025618,2024-05-16,남자,30 - 39세,경기도,국내온라인거래,김치,청약철회
2024025619,2024-05-16,여자,50 - 59세,경기도,일반판매,기타인테리어설비,AS불만
2024024506,2024-05-16,여자,30 - 39세,경기도,일반판매,양복(서양식 의복)세탁,품질(물품/용역)
2024024934,2024-05-16,여자,40 - 49세,경기도,일반판매,코트,품질(물품/용역)
2024023377,2024-05-16,여자,40 - 49세,서울특별시,일반판매,신발세탁,계약불이행(불완전이행)
2024023829,2024-05-16,여자,30 - 39세,서울특별시,국내온라인거래,운동화,품질(물품/용역)
2024024268,2024-05-16,여자,50 - 59세,대구광역시,일반판매,양복(서양식 의복)세탁,품질(물품/용역)
2024024965,2024-05-16,여자,50 - 59세,경기도,일반판매,양복(서양식 의복)세탁,품질(물품/용역)
2024024311,2024-05-16,여자,40 - 49세,인천광역시,일반판매,핸드백,품질(물품/용역)
2024024922,2024-05-16,여자,65 - 69세,대구광역시,일반판매,점퍼·재킷류,품질(물품/용역)
2024022640,2024-05-16,남자,40 - 49세,전라북도,국내온라인거래,운동화,품질(물품/용역)
2024025497,2024-05-16,여자,30 - 39세,서울특별시,일반판매,카셰어링,AS불만
2024025524,2024-05-16,남자,30 - 39세,서울특별시,국내온라인거래,기타자동차부품,계약해제.해지/위약금
2024025529,2024-05-16,여자,20 - 29세,서울특별시,일반판매,피부과,계약해제.해지/위약금
2024025545,2024-05-16,여자,50 - 59세,서울특별시,모바일거래,룸에어컨,품질(물품/용역)
2024023161,2024-05-17,여자,40 - 49세,인천광역시,국내온라인거래,아동용내의류,품질(물품/용역)
2024025854,2024-05-17,여자,30 - 39세,경기도,국내온라인거래,애완동·식물용품,계약불이행(불완전이행)
2024020956,2024-05-17,여자,20 - 29세,서울특별시,국내온라인거래,운동화,품질(물품/용역)
2024025784,2024-05-17,여자,30 - 39세,경상남도,국내온라인거래,모자,계약불이행(불완전이행)
2024025758,2024-05-17,여자,30 - 39세,서울특별시,일반판매,기타미분류물품,청약철회
2024025759,2024-05-17,여자,30 - 39세,경기도,일반판매,헬스장,계약해제.해지/위약금
2024025768,2024-05-17,남자,40 - 49세,울산광역시,국내온라인거래,기타매체광고,부당행위
2024025771,2024-05-17,남자,30 - 39세,경기도,일반판매,용달화물서비스,품질(물품/용역)
2024025776,2024-05-17,남자,60 - 64세,광주광역시,일반판매,차량용블랙박스,AS불만
2024025783,2024-05-17,남자,40 - 49세,경기도,기타통신판매,자동차대여(렌트),계약불이행(불완전이행)
2024025785,2024-05-17,여자,30 - 39세,경기도,모바일거래,모바일정보이용서비스,청약철회
2024025794,2024-05-17,여자,30 - 39세,경기도,국내온라인거래,헤어드라이어,표시.광고
2024025796,2024-05-17,여자,30 - 39세,경기도,방문판매,실손보험,계약불이행(불완전이행)
2024025800,2024-05-17,남자,30 - 39세,경상남도,국내온라인거래,차량네비게이션(자동항법장치),품질(물품/용역)
2024025801,2024-05-17,남자,80세이상,강원특별자치도,일반판매,이동전화서비스,계약불이행(불완전이행)
2024025803,2024-05-17,여자,30 - 39세,경기도,국내온라인거래,항공여객운송서비스,청약철회
2024025804,2024-05-17,남자,50 - 59세,경기도,일반판매,골프회원권,계약해제.해지/위약금
2024025807,2024-05-17,남자,60 - 64세,부산광역시,일반판매,전기장판,안전(제품/시설)
2024025810,2024-05-17,여자,60 - 64세,서울특별시,기타,기타병·의원서비스,품질(물품/용역)
2024025813,2024-05-17,여자,70 - 79세,경기도,일반판매,변호서비스,품질(물품/용역)
2024025815,2024-05-17,남자,65 - 69세,서울특별시,전화권유판매,IPTV,계약불이행(불완전이행)
2024025817,2024-05-17,여자,40 - 49세,인천광역시,방문판매,필라테스,계약해제.해지/위약금
2024025831,2024-05-17,여자,65 - 69세,서울특별시,일반판매,전기장판,AS불만
2024025901,2024-05-17,남자,20 - 29세,서울특별시,일반판매,스마트폰,품질(물품/용역)
2024025902,2024-05-17,여자,30 - 39세,인천광역시,국내온라인거래,가스에어컨,부당행위
2024025903,2024-05-17,여자,30 - 39세,경기도,소셜커머스(쇼핑),서랍장,청약철회
2024025904,2024-05-17,남자,40 - 49세,경기도,국내온라인거래,방향제,품질(물품/용역)
2024025905,2024-05-17,여자,20 - 29세,서울특별시,국내온라인거래,기타농업시설자재,청약철회
2024025906,2024-05-17,남자,40 - 49세,세종특별자치시,일반판매,포장이사운송서비스,부당행위
2024025907,2024-05-17,남자,40 - 49세,강원특별자치도,국내온라인거래,기타컴퓨터·주변기기,계약불이행(불완전이행)
2024025908,2024-05-17,남자,20 - 29세,서울특별시,일반판매,헬스장,계약해제.해지/위약금
2024025909,2024-05-17,남자,50 - 59세,경상북도,모바일거래,레저·이벤트회원권,계약불이행(불완전이행)
2024025910,2024-05-17,남자,30 - 39세,서울특별시,일반판매,기타완구·인형,청약철회
2024025911,2024-05-17,여자,20 - 29세,광주광역시,소셜커머스(쇼핑),여성용내의류,청약철회
2024025912,2024-05-17,여자,40 - 49세,경기도,국내온라인거래,기타가사용품,품질(물품/용역)
2024025913,2024-05-17,남자,40 - 49세,부산광역시,국내온라인거래,항공여객운송서비스,계약해제.해지/위약금
2024025914,2024-05-17,여자,40 - 49세,서울특별시,기타통신판매,반포장이사운송서비스,계약불이행(불완전이행)
2024025915,2024-05-17,남자,70 - 79세,인천광역시,TV홈쇼핑,기타육류·육류가공식품,AS불만
2024025916,2024-05-17,남자,30 - 39세,인천광역시,국내온라인거래,기타가사용품,품질(물품/용역)
2024025917,2024-05-17,여자,20 - 29세,대전광역시,국내온라인거래,항공여객운송서비스,계약해제.해지/위약금
2024025918,2024-05-17,남자,20 - 29세,서울특별시,방문판매,헬스장,계약해제.해지/위약금
2024025919,2024-05-17,여자,30 - 39세,경기도,방문판매,콘도회원권,계약해제.해지/위약금
2024025920,2024-05-17,남자,30 - 39세,경기도,모바일거래,기타숙박시설,계약해제.해지/위약금
2024025921,2024-05-17,여자,20 - 29세,서울특별시,국내온라인거래,기타이동통신,부당행위
2024025922,2024-05-17,여자,20 - 29세,서울특별시,국제온라인거래,항공여객운송서비스,계약불이행(불완전이행)
2024025923,2024-05-17,여자,30 - 39세,경기도,방문판매,신사복세트,부당행위
2024025924,2024-05-17,남자,40 - 49세,경상북도,모바일거래,머플러,청약철회
2024025925,2024-05-17,남자,20 - 29세,경기도,일반판매,헬스장,계약해제.해지/위약금
2024025926,2024-05-17,여자,30 - 39세,경기도,일반판매,국내결혼중개,부당행위
2024025927,2024-05-17,남자,20 - 29세,경기도,방문판매,헬스장,계약해제.해지/위약금
2024025928,2024-05-17,여자,20 - 29세,경기도,일반판매,냉장고,계약불이행(불완전이행)
2024025929,2024-05-17,여자,20 - 29세,울산광역시,국내온라인거래,미분류대여(렌트),계약해제.해지/위약금
2024025930,2024-05-17,남자,20 - 29세,경기도,국제온라인거래,항공여객운송서비스,계약해제.해지/위약금
2024025931,2024-05-17,여자,40 - 49세,서울특별시,일반판매,항공여객운송서비스,부당채권추심
2024025932,2024-05-17,남자,30 - 39세,경기도,일반판매,초고속인터넷,품질(물품/용역)
2024025933,2024-05-17,여자,40 - 49세,충청남도,국내온라인거래,핸드백,부당행위
2024025934,2024-05-17,남자,30 - 39세,강원특별자치도,국내온라인거래,농업용비닐,계약불이행(불완전이행)
2024025935,2024-05-17,남자,30 - 39세,경기도,국내온라인거래,가스에어컨,부당행위
2024025936,2024-05-17,여자,40 - 49세,경기도,기타,포장이사운송서비스,품질(물품/용역)
2024025937,2024-05-17,여자,40 - 49세,경기도,기타,스마트폰,계약해제.해지/위약금
2024025938,2024-05-17,남자,40 - 49세,경기도,국내온라인거래,운동화,청약철회
2024025939,2024-05-17,남자,40 - 49세,경기도,국내온라인거래,블루투스스피커,계약불이행(불완전이행)
2024025802,2024-05-17,남자,30 - 39세,경기도,일반판매,CCTV,계약해제.해지/위약금
2024025940,2024-05-17,남자,50 - 59세,서울특별시,모바일거래,이동전화서비스,부당행위
2024025941,2024-05-17,여자,20 - 29세,인천광역시,방문판매,식기세척기,청약철회
2024025942,2024-05-17,여자,50 - 59세,서울특별시,기타,기타세탁서비스,품질(물품/용역)
2024025943,2024-05-17,여자,40 - 49세,서울특별시,모바일거래,치즈,품질(물품/용역)
2024025944,2024-05-17,남자,40 - 49세,충청남도,노상판매,선박여객운송서비스,청약철회
2024025945,2024-05-17,여자,20 - 29세,충청북도,일반판매,헬스장,계약해제.해지/위약금
2024025946,2024-05-17,여자,30 - 39세,서울특별시,국내온라인거래,기타가방,청약철회
2024025947,2024-05-17,여자,40 - 49세,경기도,국내온라인거래,골프회원권,계약해제.해지/위약금
2024025948,2024-05-17,남자,20 - 29세,인천광역시,일반판매,양복(서양식 의복)세탁,품질(물품/용역)
2024025949,2024-05-17,여자,40 - 49세,경기도,국내온라인거래,스포츠관람,계약불이행(불완전이행)
2024025950,2024-05-17,여자,60 - 64세,경기도,TV홈쇼핑,베개,품질(물품/용역)
2024025951,2024-05-17,여자,40 - 49세,경기도,소셜커머스(쇼핑),보석·귀금속,계약불이행(불완전이행)
2024025787,2024-05-17,여자,40 - 49세,경상남도,일반판매,자동차대여(렌트),부당행위
2024025788,2024-05-17,남자,50 - 59세,전라북도,일반판매,소형화물자동차,AS불만
2024025832,2024-05-17,남자,30 - 39세,경기도,국내온라인거래,선탠·선스크린화장품,청약철회
2024025834,2024-05-17,여자,30 - 39세,경상남도,일반판매,이동전화서비스,계약불이행(불완전이행)
2024025840,2024-05-17,여자,40 - 49세,울산광역시,기타,실손보험,계약불이행(불완전이행)
2024025952,2024-05-17,여자,50 - 59세,경기도,방문판매,기타매체광고,계약해제.해지/위약금
2024025953,2024-05-17,남자,30 - 39세,인천광역시,일반판매,사진촬영,계약해제.해지/위약금
2024025954,2024-05-17,여자,30 - 39세,서울특별시,모바일거래,기타정보이용서비스,가격.요금
2024025955,2024-05-17,남자,20 - 29세,경기도,국내온라인거래,인터넷교육서비스,품질(물품/용역)
2024025956,2024-05-17,여자,40 - 49세,인천광역시,TV홈쇼핑,유산균함유제품,계약해제.해지/위약금
2024025957,2024-05-17,남자,50 - 59세,경기도,일반판매,김치냉장고,품질(물품/용역)
2024025958,2024-05-17,남자,20 - 29세,경기도,국내온라인거래,컴퓨터모니터(데스크탑),품질(물품/용역)
2024025959,2024-05-17,여자,40 - 49세,경기도,국내온라인거래,보석·귀금속,청약철회
2024025960,2024-05-17,여자,40 - 49세,대구광역시,일반판매,기타가방,품질(물품/용역)
2024025961,2024-05-17,여자,20 - 29세,서울특별시,전화권유판매,피부·체형관리서비스,계약해제.해지/위약금
2024025962,2024-05-17,남자,20 - 29세,충청북도,방문판매,가구리폼·수리,청약철회
2024025963,2024-05-17,남자,30 - 39세,경기도,방문판매,헬스장,계약해제.해지/위약금
2024025964,2024-05-17,남자,30 - 39세,전라북도,국내온라인거래,마우스,AS불만
2024025965,2024-05-17,남자,20 - 29세,서울특별시,일반판매,국내캠프,계약해제.해지/위약금
2024025966,2024-05-17,여자,20 - 29세,경기도,일반판매,헬스장,계약해제.해지/위약금
2024025967,2024-05-17,남자,10 - 19세,경기도,일반판매,기타사설강습서비스,계약해제.해지/위약금
2024025968,2024-05-17,남자,30 - 39세,전라북도,국내온라인거래,인터넷교육서비스,계약불이행(불완전이행)
2024025969,2024-05-17,남자,40 - 49세,강원특별자치도,국내온라인거래,액정보호필름,청약철회
2024025970,2024-05-17,여자,20 - 29세,경기도,국내온라인거래,블라우스,품질(물품/용역)
2024025971,2024-05-17,남자,20 - 29세,경기도,일반판매,헬스장,계약해제.해지/위약금
2024025972,2024-05-17,남자,20 - 29세,경기도,국내온라인거래,기타가방,품질(물품/용역)
2024025973,2024-05-17,남자,30 - 39세,서울특별시,국내온라인거래,모형완구,청약철회
2024025974,2024-05-17,남자,40 - 49세,서울특별시,국내온라인거래,기타의류·섬유,청약철회
2024025975,2024-05-17,남자,40 - 49세,부산광역시,일반판매,철도여객운송서비스,부당행위
2024023361,2024-05-17,여자,30 - 39세,경기도,일반판매,양복(서양식 의복)세탁,품질(물품/용역)
2024024491,2024-05-17,남자,20 - 29세,경기도,일반판매,피혁세탁,품질(물품/용역)
2024025976,2024-05-17,여자,20 - 29세,서울특별시,국내온라인거래,각종공연관람,계약불이행(불완전이행)
2024025977,2024-05-17,여자,30 - 39세,서울특별시,방문판매,필라테스,계약해제.해지/위약금
2024025978,2024-05-17,여자,50 - 59세,경기도,국내온라인거래,기타가정용공구,단순문의.상담
2024025979,2024-05-17,여자,40 - 49세,광주광역시,일반판매,각종자격취득강습,계약해제.해지/위약금
2024025980,2024-05-17,남자,30 - 39세,세종특별자치시,국내온라인거래,코트,표시.광고
2024025981,2024-05-17,남자,50 - 59세,광주광역시,국내온라인거래,기타미분류서비스,거래관행
2024025982,2024-05-17,남자,30 - 39세,인천광역시,기타,호텔,계약불이행(불완전이행)
2024025983,2024-05-17,남자,50 - 59세,경기도,국내온라인거래,항공여객운송서비스,계약해제.해지/위약금
2024025984,2024-05-17,여자,20 - 29세,충청남도,소셜커머스(쇼핑),헤어드라이어,청약철회
2024025985,2024-05-17,남자,50 - 59세,경기도,국내온라인거래,기타서적음반류,계약해제.해지/위약금
2024025986,2024-05-17,남자,40 - 49세,서울특별시,국내온라인거래,기타인테리어설비,품질(물품/용역)
2024025987,2024-05-17,남자,40 - 49세,대구광역시,방문판매,인쇄서비스,계약해제.해지/위약금
2024025988,2024-05-17,여자,30 - 39세,경기도,국내온라인거래,수영장회원권,계약해제.해지/위약금
2024025989,2024-05-17,남자,40 - 49세,충청남도,모바일거래,모바일게임서비스,청약철회
2024025990,2024-05-17,여자,40 - 49세,경기도,국제온라인거래,호텔,가격.요금
2024025991,2024-05-17,남자,40 - 49세,인천광역시,국내온라인거래,기타곡류·곡류가공식품,청약철회
2024025992,2024-05-17,여자,30 - 39세,서울특별시,국내온라인거래,부업알선,청약철회
2024025993,2024-05-17,여자,20 - 29세,서울특별시,일반판매,택배화물운송서비스,계약해제.해지/위약금
2024025994,2024-05-17,여자,30 - 39세,경기도,일반판매,기타신사복세트,표시.광고
2024025995,2024-05-17,여자,30 - 39세,경기도,국내온라인거래,기타관람·감상,청약철회
2024025996,2024-05-17,여자,20 - 29세,경기도,국제온라인거래,항공여객운송서비스,계약불이행(불완전이행)
2024025997,2024-05-17,여자,30 - 39세,부산광역시,국내온라인거래,여행용가방,청약철회
2024025998,2024-05-17,여자,30 - 39세,인천광역시,국제온라인거래,항공여객운송서비스,계약해제.해지/위약금
2024025999,2024-05-17,여자,30 - 39세,서울특별시,국제온라인거래,인터넷정보이용서비스,계약해제.해지/위약금
2024026000,2024-05-17,여자,30 - 39세,서울특별시,국제온라인거래,기타숙박시설,부당행위
2024026001,2024-05-17,여자,20 - 29세,대전광역시,국내온라인거래,헤어린스,계약불이행(불완전이행)
2024026002,2024-05-17,남자,30 - 39세,서울특별시,국내온라인거래,보조배터리,안전(제품/시설)
2024026003,2024-05-17,남자,30 - 39세,전라남도,국내온라인거래,서랍장,품질(물품/용역)
2024026004,2024-05-17,남자,30 - 39세,서울특별시,일반판매,기타빵·과자류,부당행위
2024026005,2024-05-17,여자,40 - 49세,서울특별시,국내온라인거래,매트,청약철회
2024026006,2024-05-17,여자,30 - 39세,대구광역시,방문판매,피아노,청약철회
2024026007,2024-05-17,남자,20 - 29세,경기도,방문판매,기타세탁서비스,품질(물품/용역)
2024026008,2024-05-17,남자,30 - 39세,서울특별시,일반판매,신사복세트,계약불이행(불완전이행)
2024026009,2024-05-17,남자,30 - 39세,대구광역시,소셜커머스(쇼핑),기타책상·테이블류,품질(물품/용역)
2024026010,2024-05-17,남자,40 - 49세,경기도,기타통신판매,기타인터넷기반서비스,계약해제.해지/위약금
2024026011,2024-05-17,여자,20 - 29세,경기도,소셜커머스(쇼핑),캐주얼바지,계약불이행(불완전이행)
2024026012,2024-05-17,여자,50 - 59세,충청북도,국내온라인거래,기타사설강습서비스,청약철회
2024026013,2024-05-17,남자,60 - 64세,경기도,국내온라인거래,골프용품,AS불만
2024025755,2024-05-17,여자,50 - 59세,경상남도,일반판매,다이어트식품,계약불이행(불완전이행)
2024026014,2024-05-17,여자,30 - 39세,서울특별시,일반판매,미용서비스,계약해제.해지/위약금
2024026015,2024-05-17,여자,20 - 29세,서울특별시,방문판매,헬스장,계약불이행(불완전이행)
2024026016,2024-05-17,여자,40 - 49세,경기도,국내온라인거래,기타가방,청약철회
2024026017,2024-05-17,여자,30 - 39세,서울특별시,일반판매,기타이·미용서비스,계약해제.해지/위약금
2024026018,2024-05-17,여자,40 - 49세,서울특별시,국내온라인거래,점퍼·재킷류,청약철회
2024025777,2024-05-17,남자,40 - 49세,강원특별자치도,국내온라인거래,모바일게임서비스,무능력자계약
2024025760,2024-05-17,남자,30 - 39세,대구광역시,국내온라인거래,자동차대여(렌트),계약해제.해지/위약금
2024025761,2024-05-17,남자,40 - 49세,경기도,국내온라인거래,기타유아용식생활용품,부당행위
2024025763,2024-05-17,남자,50 - 59세,인천광역시,일반판매,중형승용자동차,품질(물품/용역)
2024025764,2024-05-17,여자,30 - 39세,부산광역시,국내온라인거래,기타조명기기,청약철회
2024025780,2024-05-17,여자,40 - 49세,경기도,일반판매,항공여객운송서비스,거래관행
2024025775,2024-05-17,여자,30 - 39세,경기도,모바일거래,호텔,계약해제.해지/위약금
2024025779,2024-05-17,남자,20 - 29세,서울특별시,일반판매,헬스장,계약해제.해지/위약금
2024025781,2024-05-17,여자,30 - 39세,대구광역시,국내온라인거래,기타의류·섬유,계약불이행(불완전이행)
2024025782,2024-05-17,남자,40 - 49세,경기도,일반판매,공제보험,계약불이행(불완전이행)
2024025790,2024-05-17,여자,40 - 49세,부산광역시,일반판매,항공여객운송서비스,계약불이행(불완전이행)
2024025795,2024-05-17,여자,40 - 49세,광주광역시,기타,사진촬영,계약해제.해지/위약금
2024025808,2024-05-17,남자,20 - 29세,서울특별시,국내온라인거래,인터넷게임서비스,계약해제.해지/위약금
2024025823,2024-05-17,여자,40 - 49세,서울특별시,일반판매,커피,계약불이행(불완전이행)
2024025827,2024-05-17,남자,20 - 29세,부산광역시,국내온라인거래,호텔,계약해제.해지/위약금
2024025828,2024-05-17,여자,60 - 64세,경기도,전화권유판매,유사투자자문,계약해제.해지/위약금
2024025756,2024-05-17,여자,50 - 59세,서울특별시,기타통신판매,냉장고,품질(물품/용역)
2024025757,2024-05-17,남자,65 - 69세,충청남도,일반판매,골프회원권,안전(제품/시설)
2024023163,2024-05-17,남자,50 - 59세,대구광역시,국내온라인거래,점퍼·재킷류,품질(물품/용역)
2024023864,2024-05-17,여자,50 - 59세,경상남도,일반판매,양복(서양식 의복)세탁,품질(물품/용역)
2024025791,2024-05-17,여자,40 - 49세,부산광역시,국내온라인거래,기타신변용품,표시.광고
2024025793,2024-05-17,여자,30 - 39세,인천광역시,방문판매,신사복세트,계약불이행(불완전이행)
2024025797,2024-05-17,여자,50 - 59세,부산광역시,국내온라인거래,점퍼·재킷류,계약불이행(불완전이행)
2024025818,2024-05-17,여자,40 - 49세,충청북도,일반판매,인터넷교육서비스,계약해제.해지/위약금
2024025819,2024-05-17,남자,30 - 39세,대전광역시,국내온라인거래,캐주얼바지,계약불이행(불완전이행)
2024023166,2024-05-17,남자,50 - 59세,대구광역시,일반판매,양복(서양식 의복)세탁,품질(물품/용역)
2024023126,2024-05-17,여자,30 - 39세,경기도,일반판매,양복(서양식 의복)세탁,품질(물품/용역)
2024025789,2024-05-17,남자,50 - 59세,경기도,일반판매,대형승용자동차,품질(물품/용역)
2024025825,2024-05-17,여자,50 - 59세,경기도,일반판매,자동차대여(렌트),AS불만
2024025843,2024-05-17,여자,20 - 29세,경기도,모바일거래,성형외과,계약해제.해지/위약금
2024025767,2024-05-17,남자,20 - 29세,경기도,국내온라인거래,호텔,계약해제.해지/위약금
2024025769,2024-05-17,여자,40 - 49세,경기도,방문판매,공부방이용,계약불이행(불완전이행)
2024025774,2024-05-17,남자,50 - 59세,서울특별시,소셜커머스(쇼핑),일반자전거,품질(물품/용역)
2024025786,2024-05-17,남자,50 - 59세,서울특별시,국내온라인거래,자동차대여(렌트),계약해제.해지/위약금
2024025821,2024-05-17,여자,65 - 69세,서울특별시,기타통신판매,부업알선,계약해제.해지/위약금
2024025824,2024-05-17,여자,60 - 64세,경상북도,일반판매,자동차수리·점검,가격.요금
2024025847,2024-05-17,남자,30 - 39세,서울특별시,일반판매,호텔,계약해제.해지/위약금
2024025830,2024-05-17,여자,20 - 29세,서울특별시,방문판매,기타미분류서비스,품질(물품/용역)
2024025849,2024-05-17,남자,70 - 79세,경상남도,일반판매,이동전화서비스,가격.요금
2024025765,2024-05-17,여자,20 - 29세,경기도,일반판매,한의원,계약해제.해지/위약금
2024025852,2024-05-17,남자,40 - 49세,경기도,국내온라인거래,상품권,부당행위
2024026221,2024-05-17,여자,40 - 49세,경기도,국내온라인거래,스커트,청약철회
2024023841,2024-05-17,여자,40 - 49세,서울특별시,일반판매,양복(서양식 의복)세탁,품질(물품/용역)
2024025799,2024-05-17,남자,불명,세종특별자치시,국내온라인거래,노트북컴퓨터,품질(물품/용역)
2024025814,2024-05-17,남자,30 - 39세,경기도,모바일거래,모바일게임서비스,거래관행
2024025816,2024-05-17,여자,30 - 39세,부산광역시,국내온라인거래,항공여객운송서비스,계약불이행(불완전이행)
2024025829,2024-05-17,남자,40 - 49세,경기도,소셜커머스(쇼핑),메모리,품질(물품/용역)
2024025844,2024-05-17,여자,20 - 29세,경기도,일반판매,성형외과,계약해제.해지/위약금
2024025850,2024-05-17,남자,70 - 79세,서울특별시,방문판매,실손보험,계약불이행(불완전이행)
2024022923,2024-05-17,여자,40 - 49세,서울특별시,국내온라인거래,원피스,품질(물품/용역)
2024025754,2024-05-17,여자,40 - 49세,서울특별시,소셜커머스(쇼핑),니트(스웨터),청약철회
2024025762,2024-05-17,남자,40 - 49세,울산광역시,국내온라인거래,펜션,계약불이행(불완전이행)
2024025805,2024-05-17,여자,50 - 59세,서울특별시,국내온라인거래,안마의자,청약철회
2024025806,2024-05-17,남자,30 - 39세,서울특별시,국내온라인거래,기타세탁서비스,계약불이행(불완전이행)
2024025822,2024-05-17,여자,40 - 49세,서울특별시,국내온라인거래,쌀,표시.광고
2024025851,2024-05-17,남자,50 - 59세,경기도,일반판매,기타통신기기,AS불만
2024025772,2024-05-17,남자,50 - 59세,경상남도,소셜커머스(쇼핑),이불·요,품질(물품/용역)
2024026101,2024-05-18,여자,30 - 39세,경기도,일반판매,헬스장,청약철회
2024026102,2024-05-18,여자,30 - 39세,서울특별시,일반판매,필라테스,계약해제.해지/위약금
2024026103,2024-05-18,여자,20 - 29세,서울특별시,일반판매,헬스장,계약해제.해지/위약금
2024026104,2024-05-18,여자,40 - 49세,경기도,일반판매,헬스장,계약해제.해지/위약금
2024026105,2024-05-18,남자,50 - 59세,서울특별시,국내온라인거래,TV,품질(물품/용역)
2024026106,2024-05-18,남자,30 - 39세,경기도,국내온라인거래,미분류대여(렌트),AS불만
2024026107,2024-05-18,여자,30 - 39세,경기도,일반판매,기타세탁서비스,품질(물품/용역)
2024026108,2024-05-18,여자,40 - 49세,경기도,일반판매,헬스장,계약해제.해지/위약금
2024026109,2024-05-18,남자,30 - 39세,서울특별시,국내온라인거래,항공여객운송서비스,계약해제.해지/위약금
2024026110,2024-05-18,남자,70 - 79세,대전광역시,기타,인터넷정보이용서비스,청약철회
2024026111,2024-05-18,남자,30 - 39세,경기도,일반판매,신사복세트,품질(물품/용역)
2024026112,2024-05-18,남자,60 - 64세,강원특별자치도,국내온라인거래,기타컴퓨터·주변기기,AS불만
2024026113,2024-05-18,여자,20 - 29세,광주광역시,일반판매,호텔,품질(물품/용역)
2024026114,2024-05-18,남자,30 - 39세,대전광역시,기타,영화관람,청약철회
2024026115,2024-05-18,여자,40 - 49세,대전광역시,국내온라인거래,CD·LD·DVD(영화·음악·게임),부당행위
2024026116,2024-05-18,여자,20 - 29세,대구광역시,국내온라인거래,항공여객운송서비스,품질(물품/용역)
2024026117,2024-05-18,여자,30 - 39세,부산광역시,일반판매,기타세탁서비스,품질(물품/용역)
2024026118,2024-05-18,남자,80세이상,서울특별시,전화권유판매,기타건강식품,계약해제.해지/위약금
2024026119,2024-05-18,여자,20 - 29세,광주광역시,일반판매,사진촬영,계약불이행(불완전이행)
2024026120,2024-05-18,여자,30 - 39세,경기도,국내온라인거래,국외여행,품질(물품/용역)
2024026201,2024-05-19,남자,30 - 39세,충청북도,일반판매,기타인테리어설비,AS불만
2024026202,2024-05-19,남자,20 - 29세,대전광역시,일반판매,헬스장,계약해제.해지/위약금
2024026203,2024-05-19,남자,20 - 29세,서울특별시,기타,반포장이사운송서비스,품질(물품/용역)
2024026204,2024-05-19,남자,20 - 29세,부산광역시,국내온라인거래,기타가방,품질(물품/용역)
2024026205,2024-05-19,남자,20 - 29세,부산광역시,국내온라인거래,샌들·슬리퍼,청약철회
2024026206,2024-05-19,여자,40 - 49세,전라북도,일반판매,필라테스,계약해제.해지/위약금
2024026207,2024-05-19,남자,50 - 59세,경기도,기타,항공여객운송서비스,안전(제품/시설)
2024026208,2024-05-19,남자,20 - 29세,대구광역시,국내온라인거래,국외여행,청약철회
2024026209,2024-05-19,여자,40 - 49세,서울특별시,국내온라인거래,블라우스,약관
2024026210,2024-05-19,여자,20 - 29세,경상북도,국내온라인거래,인터넷게임서비스,청약철회
2024026211,2024-05-19,남자,20 - 29세,경기도,국내온라인거래,모형완구,계약해제.해지/위약금
2024026212,2024-05-19,여자,20 - 29세,울산광역시,일반판매,택배화물운송서비스,청약철회
2024026213,2024-05-19,남자,50 - 59세,경기도,일반판매,소파,품질(물품/용역)
2024026214,2024-05-19,여자,30 - 39세,경기도,국내온라인거래,전기세탁기,AS불만
2024026215,2024-05-19,남자,30 - 39세,경기도,기타,사진촬영,계약해제.해지/위약금
2024026216,2024-05-19,여자,40 - 49세,대전광역시,모바일거래,국외여행,부당행위
2024026217,2024-05-19,여자,40 - 49세,경상남도,소셜커머스(쇼핑),신유형상품권,부당행위
2024026218,2024-05-19,여자,30 - 39세,경기도,일반판매,헬스장,계약해제.해지/위약금
2024026219,2024-05-19,여자,40 - 49세,경기도,일반판매,수영장회원권,계약불이행(불완전이행)
2024026220,2024-05-19,여자,30 - 39세,경기도,국내온라인거래,우산,계약불이행(불완전이행)
2024026333,2024-05-20,남자,30 - 39세,경기도,국내온라인거래,기타신변용품,청약철회
2024026346,2024-05-20,여자,50 - 59세,경기도,일반판매,스마트폰,품질(물품/용역)
2024026360,2024-05-20,남자,40 - 49세,충청남도,기타,상품권,약관
2024026357,2024-05-20,남자,70 - 79세,경상북도,기타통신판매,국외여행,계약해제.해지/위약금
2024026359,2024-05-20,남자,20 - 29세,전라남도,국내온라인거래,호텔,청약철회
2024026222,2024-05-20,남자,30 - 39세,충청북도,국내온라인거래,항공여객운송서비스,계약불이행(불완전이행)
2024026224,2024-05-20,남자,불명,서울특별시,기타,노트북컴퓨터,AS불만
2024026230,2024-05-20,남자,40 - 49세,울산광역시,일반판매,자동차수리·점검,계약불이행(불완전이행)
2024026250,2024-05-20,남자,50 - 59세,경기도,기타,기타특수자동차·중장비,AS불만
2024026254,2024-05-20,여자,20 - 29세,세종특별자치시,기타,피부과,품질(물품/용역)
2024026256,2024-05-20,여자,20 - 29세,경상남도,일반판매,독서실이용,계약해제.해지/위약금
2024026260,2024-05-20,남자,40 - 49세,경상남도,일반판매,기타자동차용품,품질(물품/용역)
2024026361,2024-05-20,여자,50 - 59세,경기도,일반판매,정형외과,품질(물품/용역)
2024026362,2024-05-20,여자,30 - 39세,경기도,일반판매,한의원,계약해제.해지/위약금
2024026251,2024-05-20,남자,40 - 49세,전라남도,국내온라인거래,신유형상품권,약관
2024026354,2024-05-20,남자,30 - 39세,대전광역시,일반판매,외식,부당행위
2024026366,2024-05-20,남자,50 - 59세,인천광역시,일반판매,실손보험,계약불이행(불완전이행)
2024026227,2024-05-20,남자,50 - 59세,서울특별시,일반판매,실손보험,계약불이행(불완전이행)
2024026294,2024-05-20,여자,40 - 49세,부산광역시,일반판매,산부인과,품질(물품/용역)
2024026304,2024-05-20,남자,40 - 49세,세종특별자치시,일반판매,내과,품질(물품/용역)
2024026315,2024-05-20,남자,불명,부산광역시,기타,의자,계약불이행(불완전이행)
2024026325,2024-05-20,남자,30 - 39세,경기도,국내온라인거래,항공여객운송서비스,계약해제.해지/위약금
2024026332,2024-05-20,여자,50 - 59세,전라북도,일반판매,CCTV,계약해제.해지/위약금
2024026274,2024-05-20,여자,불명,경기도,국내온라인거래,기타의류·섬유,계약해제.해지/위약금
2024026351,2024-05-20,여자,40 - 49세,부산광역시,국내온라인거래,캐주얼바지,청약철회
2024026318,2024-05-20,남자,20 - 29세,서울특별시,기타,실손보험,계약불이행(불완전이행)
2024026328,2024-05-20,여자,30 - 39세,경기도,일반판매,헬스장,청약철회
2024026345,2024-05-20,여자,30 - 39세,충청남도,일반판매,냉면,안전(제품/시설)
2024026348,2024-05-20,남자,40 - 49세,세종특별자치시,기타통신판매,이동전화서비스,부당행위
2024026368,2024-05-20,남자,40 - 49세,경기도,방문판매,신문,계약해제.해지/위약금
2024026264,2024-05-20,여자,50 - 59세,서울특별시,일반판매,필라테스,계약해제.해지/위약금
2024026273,2024-05-20,여자,65 - 69세,경기도,일반판매,냉장고,품질(물품/용역)
2024026301,2024-05-20,여자,불명,대구광역시,일반판매,포장이사운송서비스,품질(물품/용역)
2024026350,2024-05-20,여자,20 - 29세,서울특별시,국내온라인거래,인터넷교육서비스,계약해제.해지/위약금
2024026353,2024-05-20,여자,50 - 59세,대전광역시,일반판매,소파,부당행위
2024026246,2024-05-20,남자,20 - 29세,서울특별시,모바일거래,즉석조리식품,안전(제품/시설)
2024026253,2024-05-20,여자,20 - 29세,경기도,기타,필라테스,계약해제.해지/위약금
2024026262,2024-05-20,여자,20 - 29세,경기도,일반판매,헬스장,청약철회
2024026310,2024-05-20,여자,60 - 64세,전라북도,기타통신판매,기타매체광고,청약철회
2024026282,2024-05-20,남자,50 - 59세,서울특별시,기타통신판매,유사투자자문,계약해제.해지/위약금
2024026297,2024-05-20,남자,70 - 79세,부산광역시,모바일거래,유사투자자문,청약철회
2024026320,2024-05-20,남자,30 - 39세,경상남도,일반판매,중고자동차중개·매매,품질(물품/용역)
2024026335,2024-05-20,여자,불명,경기도,기타,사진촬영,계약해제.해지/위약금
2024026352,2024-05-20,여자,40 - 49세,경기도,방문판매,우유,계약해제.해지/위약금
2024026235,2024-05-20,남자,50 - 59세,경기도,국내온라인거래,이동전화서비스,부당행위
2024026236,2024-05-20,여자,30 - 39세,제주도,일반판매,자동차대여(렌트),부당행위
2024026241,2024-05-20,여자,30 - 39세,충청북도,일반판매,국외여행,부당행위
2024026244,2024-05-20,여자,60 - 64세,경기도,기타통신판매,정수기,품질(물품/용역)
2024026265,2024-05-20,남자,30 - 39세,경기도,국내온라인거래,기타스포츠·레저기구·용품,계약불이행(불완전이행)
2024026267,2024-05-20,여자,30 - 39세,인천광역시,일반판매,공중목욕탕,약관
2024026280,2024-05-20,남자,40 - 49세,경기도,기타통신판매,먹는샘물,부당행위
2024026281,2024-05-20,여자,30 - 39세,서울특별시,일반판매,국내결혼중개,계약불이행(불완전이행)
2024026286,2024-05-20,여자,30 - 39세,인천광역시,국내온라인거래,인터넷교육서비스,계약해제.해지/위약금
2024026327,2024-05-20,남자,50 - 59세,울산광역시,방문판매,기타건강식품,계약불이행(불완전이행)
2024026329,2024-05-20,남자,30 - 39세,충청남도,일반판매,자동차대여(렌트),부당행위
2024026363,2024-05-20,남자,40 - 49세,제주도,국내온라인거래,유사투자자문,계약해제.해지/위약금
2024026322,2024-05-20,여자,40 - 49세,경기도,일반판매,기타해조류·해조류가공식품,안전(제품/시설)
2024026367,2024-05-20,남자,20 - 29세,서울특별시,국내온라인거래,노트북컴퓨터,계약불이행(불완전이행)
2024026283,2024-05-20,남자,20 - 29세,서울특별시,국내온라인거래,스포츠웨어,부당행위
2024026284,2024-05-20,여자,40 - 49세,서울특별시,일반판매,헬스장,계약해제.해지/위약금
2024026287,2024-05-20,여자,60 - 64세,경기도,기타통신판매,정수기대여(렌트),부당행위
2024026299,2024-05-20,남자,40 - 49세,경상북도,일반판매,도시가스,계약불이행(불완전이행)
2024026302,2024-05-20,여자,20 - 29세,서울특별시,국제온라인거래,인터넷교육서비스,청약철회
2024026307,2024-05-20,여자,40 - 49세,서울특별시,국내온라인거래,기타가사용품,청약철회
2024026309,2024-05-20,여자,60 - 64세,경기도,국내온라인거래,국내여행,계약해제.해지/위약금
2024026271,2024-05-20,여자,40 - 49세,서울특별시,기타통신판매,일반강습(입시학원등),계약해제.해지/위약금
2024026324,2024-05-20,남자,50 - 59세,충청남도,기타통신판매,정수기대여(렌트),계약해제.해지/위약금
2024026337,2024-05-20,남자,40 - 49세,경기도,국내온라인거래,중형승용자동차,계약불이행(불완전이행)
2024026364,2024-05-20,남자,30 - 39세,인천광역시,국내온라인거래,기타컴퓨터·주변기기,계약불이행(불완전이행)
2024026232,2024-05-20,남자,60 - 64세,경기도,일반판매,이동전화서비스,청약철회
2024026245,2024-05-20,남자,60 - 64세,경상북도,일반판매,신경외과,품질(물품/용역)
2024026252,2024-05-20,여자,40 - 49세,충청남도,기타,실손보험,계약불이행(불완전이행)
2024026277,2024-05-20,여자,30 - 39세,서울특별시,일반판매,치과,계약해제.해지/위약금
2024026290,2024-05-20,남자,30 - 39세,대구광역시,국내온라인거래,대형승용자동차,AS불만
2024026292,2024-05-20,여자,20 - 29세,경기도,일반판매,피부과,계약해제.해지/위약금
2024026316,2024-05-20,남자,30 - 39세,서울특별시,일반판매,기타육류·육류가공식품,안전(제품/시설)
2024026330,2024-05-20,남자,불명,경상남도,일반판매,자동차대여(렌트),계약해제.해지/위약금
2024026334,2024-05-20,남자,40 - 49세,경기도,국내온라인거래,항공여객운송서비스,청약철회
2024026340,2024-05-20,여자,20 - 29세,서울특별시,일반판매,치과,계약해제.해지/위약금
2024023865,2024-05-20,남자,50 - 59세,경상남도,일반판매,양복(서양식 의복)세탁,품질(물품/용역)
2024026437,2024-05-20,여자,65 - 69세,울산광역시,국내온라인거래,TV,품질(물품/용역)
2024026438,2024-05-20,여자,50 - 59세,강원특별자치도,일반판매,안경·안경테,품질(물품/용역)
2024026439,2024-05-20,여자,20 - 29세,경기도,국내온라인거래,각종공연관람,계약불이행(불완전이행)
2024026440,2024-05-20,남자,40 - 49세,강원특별자치도,모바일거래,모바일게임서비스,청약철회
2024026441,2024-05-20,여자,20 - 29세,서울특별시,국내온라인거래,기타숙박시설,계약해제.해지/위약금
2024026442,2024-05-20,남자,30 - 39세,충청남도,기타,스마트폰,AS불만
2024026443,2024-05-20,남자,60 - 64세,광주광역시,TV홈쇼핑,스포츠웨어,청약철회
2024026444,2024-05-20,남자,40 - 49세,서울특별시,일반판매,국내결혼중개,계약해제.해지/위약금
2024026445,2024-05-20,여자,50 - 59세,경기도,전화권유판매,기타매체광고,계약해제.해지/위약금
2024026446,2024-05-20,여자,30 - 39세,서울특별시,국내온라인거래,비타민제,계약불이행(불완전이행)
2024026447,2024-05-20,남자,40 - 49세,서울특별시,일반판매,사진촬영,계약해제.해지/위약금
2024026448,2024-05-20,여자,20 - 29세,서울특별시,방문판매,헬스장,계약해제.해지/위약금
2024026449,2024-05-20,남자,50 - 59세,서울특별시,기타,일반이사운송서비스,가격.요금
2024026450,2024-05-20,여자,30 - 39세,서울특별시,기타통신판매,생활패션화(슬립온·아쿠아슈즈·장화·작업화 등),청약철회
2024026451,2024-05-20,여자,30 - 39세,서울특별시,기타,악기용품,청약철회
2024026452,2024-05-20,남자,50 - 59세,인천광역시,일반판매,아파트,안전(제품/시설)
2024026453,2024-05-20,남자,20 - 29세,인천광역시,국내온라인거래,전기진공청소기,AS불만
2024026454,2024-05-20,남자,20 - 29세,경기도,일반판매,헬스장,계약해제.해지/위약금
2024026261,2024-05-20,남자,30 - 39세,광주광역시,일반판매,중형승용자동차,AS불만
2024026237,2024-05-20,여자,30 - 39세,대구광역시,방문판매,기타숙박시설,계약해제.해지/위약금
2024026275,2024-05-20,남자,60 - 64세,인천광역시,국내온라인거래,축전지,품질(물품/용역)
2024026313,2024-05-20,남자,40 - 49세,서울특별시,일반판매,메인보드,품질(물품/용역)
2024026455,2024-05-20,여자,40 - 49세,광주광역시,국내온라인거래,국외여행,청약철회
2024026226,2024-05-20,여자,30 - 39세,경기도,국내온라인거래,기타숙박시설,부당행위
2024026231,2024-05-20,여자,40 - 49세,경기도,일반판매,일반강습(입시학원등),계약불이행(불완전이행)
2024026249,2024-05-20,남자,40 - 49세,대구광역시,국내온라인거래,기타숙박시설,청약철회
2024026306,2024-05-20,여자,40 - 49세,충청북도,일반판매,기타이·미용서비스,계약해제.해지/위약금
2024026317,2024-05-20,남자,40 - 49세,경기도,국내온라인거래,스마트폰,품질(물품/용역)
2024026228,2024-05-20,남자,40 - 49세,세종특별자치시,국내온라인거래,카셰어링,계약해제.해지/위약금
2024026229,2024-05-20,남자,60 - 64세,경상북도,국내온라인거래,차량네비게이션(자동항법장치),품질(물품/용역)
2024026243,2024-05-20,남자,30 - 39세,경상북도,일반판매,자동차대여(렌트),계약해제.해지/위약금
2024026314,2024-05-20,여자,40 - 49세,서울특별시,기타,전기오븐,AS불만
2024026263,2024-05-20,남자,65 - 69세,경기도,일반판매,중형승용자동차,품질(물품/용역)
2024026270,2024-05-20,여자,40 - 49세,서울특별시,일반판매,기타인테리어설비,계약해제.해지/위약금
2024026288,2024-05-20,여자,30 - 39세,서울특별시,전화권유판매,초고속인터넷,계약불이행(불완전이행)
2024026343,2024-05-20,남자,65 - 69세,서울특별시,기타,기타매체광고,계약불이행(불완전이행)
2024026349,2024-05-20,남자,40 - 49세,전라북도,모바일거래,기타숙박시설,계약해제.해지/위약금
2024026369,2024-05-20,여자,40 - 49세,경기도,국제온라인거래,항공여객운송서비스,계약해제.해지/위약금
2024026370,2024-05-20,남자,30 - 39세,대전광역시,국내온라인거래,샴푸,청약철회
2024026371,2024-05-20,여자,30 - 39세,서울특별시,일반판매,항공여객운송서비스,품질(물품/용역)
2024026372,2024-05-20,여자,20 - 29세,경기도,일반판매,피부·체형관리서비스,계약해제.해지/위약금
2024026373,2024-05-20,여자,30 - 39세,경기도,국내온라인거래,향수,품질(물품/용역)
2024026374,2024-05-20,여자,30 - 39세,서울특별시,국내온라인거래,기타스포츠·레저기구·용품,청약철회
2024026375,2024-05-20,여자,20 - 29세,충청남도,모바일거래,다이어트식품,청약철회
2024026376,2024-05-20,여자,10세 미만,인천광역시,일반판매,애완견,계약해제.해지/위약금
2024026456,2024-05-20,남자,40 - 49세,서울특별시,TV홈쇼핑,소파,청약철회
2024026458,2024-05-20,남자,30 - 39세,경기도,국내온라인거래,전기맛사지기,AS불만
2024026459,2024-05-20,여자,20 - 29세,경상북도,일반판매,헬스장,계약해제.해지/위약금
2024026460,2024-05-20,여자,40 - 49세,경기도,국내온라인거래,니트(스웨터),품질(물품/용역)
2024026461,2024-05-20,여자,40 - 49세,대구광역시,국내온라인거래,스팀다리미,청약철회
2024026462,2024-05-20,여자,40 - 49세,부산광역시,국내온라인거래,공기청정기,청약철회
2024026463,2024-05-20,여자,40 - 49세,경기도,국내온라인거래,국외여행,품질(물품/용역)
2024026464,2024-05-20,남자,30 - 39세,경기도,국내온라인거래,블루투스스피커,계약해제.해지/위약금
2024026465,2024-05-20,남자,20 - 29세,서울특별시,기타,헬스장,계약해제.해지/위약금
2024026466,2024-05-20,여자,20 - 29세,부산광역시,기타,고시원이용,청약철회
2024026467,2024-05-20,남자,30 - 39세,대전광역시,일반판매,기타이동통신,계약불이행(불완전이행)
2024026468,2024-05-20,남자,60 - 64세,서울특별시,국내온라인거래,전기진공청소기,품질(물품/용역)
2024026469,2024-05-20,남자,40 - 49세,서울특별시,국내온라인거래,컴퓨터S/W개발(홈페이지제작),청약철회
2024026223,2024-05-20,여자,불명,강원특별자치도,국내온라인거래,항공여객운송서비스,계약해제.해지/위약금
2024026377,2024-05-20,남자,50 - 59세,경상남도,일반판매,골프회원권,계약해제.해지/위약금
2024026378,2024-05-20,여자,20 - 29세,서울특별시,일반판매,미용서비스,계약해제.해지/위약금
2024026379,2024-05-20,남자,50 - 59세,경기도,국내온라인거래,쌀통,품질(물품/용역)
2024026380,2024-05-20,여자,20 - 29세,서울특별시,국내온라인거래,향수,청약철회
2024026381,2024-05-20,남자,40 - 49세,경기도,국내온라인거래,스포츠관람,계약해제.해지/위약금
2024026382,2024-05-20,남자,20 - 29세,경기도,모바일거래,애완견,계약불이행(불완전이행)
2024026383,2024-05-20,여자,50 - 59세,경기도,국내온라인거래,항공여객운송서비스,부당행위
2024026384,2024-05-20,여자,30 - 39세,경기도,방문판매,신사복세트,계약해제.해지/위약금
2024026385,2024-05-20,여자,10 - 19세,서울특별시,국내온라인거래,전화교육,계약해제.해지/위약금
2024026386,2024-05-20,남자,40 - 49세,세종특별자치시,기타,포장이사운송서비스,계약해제.해지/위약금
2024026387,2024-05-20,여자,20 - 29세,경기도,국내온라인거래,애완동·식물용품,계약불이행(불완전이행)
2024026388,2024-05-20,여자,30 - 39세,서울특별시,일반판매,예식서비스,계약해제.해지/위약금
2024026389,2024-05-20,남자,20 - 29세,부산광역시,방문판매,일반강습(입시학원등),계약해제.해지/위약금
2024026390,2024-05-20,여자,50 - 59세,부산광역시,국내온라인거래,기타가사장비품,품질(물품/용역)
2024026391,2024-05-20,여자,30 - 39세,인천광역시,일반판매,기타주방설비,품질(물품/용역)
2024026392,2024-05-20,여자,40 - 49세,경기도,소셜커머스(쇼핑),기타과일·과일가공식품,품질(물품/용역)
2024026393,2024-05-20,남자,10 - 19세,경기도,국내온라인거래,모바일게임서비스,부당행위
2024026470,2024-05-20,남자,30 - 39세,경기도,국내온라인거래,벨트,청약철회
2024026471,2024-05-20,여자,20 - 29세,경기도,기타,미용서비스,청약철회
2024026472,2024-05-20,여자,40 - 49세,서울특별시,기타,기타사설강습서비스,청약철회
2024026473,2024-05-20,여자,20 - 29세,서울특별시,일반판매,헬스장,계약해제.해지/위약금
2024026474,2024-05-20,여자,30 - 39세,인천광역시,일반판매,외식,부당행위
2024026475,2024-05-20,여자,30 - 39세,부산광역시,소셜커머스(쇼핑),가스에어컨,계약해제.해지/위약금
2024026476,2024-05-20,남자,40 - 49세,충청북도,국내온라인거래,전기의류건조기,계약불이행(불완전이행)
2024026477,2024-05-20,여자,40 - 49세,인천광역시,모바일거래,신유형상품권,청약철회
2024026478,2024-05-20,남자,40 - 49세,경상남도,기타통신판매,점퍼·재킷류,계약해제.해지/위약금
2024026479,2024-05-20,여자,40 - 49세,부산광역시,일반판매,이동전화서비스,청약철회
2024026480,2024-05-20,여자,30 - 39세,서울특별시,일반판매,헬스장,계약해제.해지/위약금
2024026481,2024-05-20,남자,30 - 39세,경기도,모바일거래,모바일게임서비스,부당행위
2024026482,2024-05-20,남자,30 - 39세,강원특별자치도,모바일거래,스낵과자,부당행위
2024026483,2024-05-20,여자,20 - 29세,경기도,국내온라인거래,애완동·식물용품,품질(물품/용역)
2024026484,2024-05-20,여자,30 - 39세,서울특별시,소셜커머스(쇼핑),기타숙박시설,계약해제.해지/위약금
2024026485,2024-05-20,여자,20 - 29세,서울특별시,국내온라인거래,기타의류·섬유,청약철회
2024026486,2024-05-20,여자,30 - 39세,대구광역시,국내온라인거래,통신기기케이스,청약철회
2024026394,2024-05-20,남자,20 - 29세,대전광역시,국내온라인거래,인터넷교육서비스,계약해제.해지/위약금
2024026395,2024-05-20,여자,20 - 29세,대전광역시,국내온라인거래,여성용내의류,청약철회
2024026396,2024-05-20,여자,40 - 49세,서울특별시,기타,기타인테리어설비,품질(물품/용역)
2024026397,2024-05-20,남자,50 - 59세,경기도,일반판매,기타인테리어설비,품질(물품/용역)
2024026398,2024-05-20,남자,30 - 39세,인천광역시,일반판매,미용서비스,품질(물품/용역)
2024026399,2024-05-20,남자,50 - 59세,강원특별자치도,모바일거래,국내결혼중개,계약해제.해지/위약금
2024026400,2024-05-20,여자,30 - 39세,인천광역시,일반판매,기타이동통신,계약불이행(불완전이행)
2024026401,2024-05-20,남자,20 - 29세,서울특별시,국내온라인거래,셔츠,품질(물품/용역)
2024026402,2024-05-20,여자,20 - 29세,경기도,국내온라인거래,기타가방,약관
2024026404,2024-05-20,남자,50 - 59세,경기도,소셜커머스(쇼핑),기타장류,계약불이행(불완전이행)
2024026405,2024-05-20,남자,30 - 39세,인천광역시,국내온라인거래,TV,AS불만
2024026406,2024-05-20,남자,30 - 39세,서울특별시,방문판매,컴퓨터수리,AS불만
2024026407,2024-05-20,여자,40 - 49세,부산광역시,국내온라인거래,화장품세트,품질(물품/용역)
2024026408,2024-05-20,여자,50 - 59세,서울특별시,기타,오피스텔,계약해제.해지/위약금
2024026409,2024-05-20,여자,20 - 29세,경기도,국내온라인거래,각종공연관람,계약불이행(불완전이행)
2024026344,2024-05-20,여자,50 - 59세,서울특별시,기타,실손보험,계약불이행(불완전이행)
2024026358,2024-05-20,남자,20 - 29세,경기도,국내온라인거래,침대,계약불이행(불완전이행)
2024026247,2024-05-20,남자,40 - 49세,대구광역시,소셜커머스(쇼핑),거울,부당행위
2024026239,2024-05-20,여자,40 - 49세,경상남도,일반판매,건강(암·기타질병)보험,계약불이행(불완전이행)
2024026259,2024-05-20,남자,20 - 29세,광주광역시,일반판매,예식서비스,계약해제.해지/위약금
2024026266,2024-05-20,여자,30 - 39세,부산광역시,방문판매,오피스텔,청약철회
2024026269,2024-05-20,여자,20 - 29세,경기도,일반판매,기타인테리어설비,AS불만
2024026410,2024-05-20,남자,20 - 29세,경기도,방문판매,헬스장,계약해제.해지/위약금
2024026411,2024-05-20,여자,40 - 49세,서울특별시,일반판매,기타이·미용서비스,계약불이행(불완전이행)
2024026412,2024-05-20,남자,70 - 79세,충청남도,국내온라인거래,국외여행,계약해제.해지/위약금
2024026413,2024-05-20,남자,20 - 29세,전라남도,방문판매,헬스장,계약해제.해지/위약금
2024026414,2024-05-20,여자,20 - 29세,서울특별시,일반판매,종합체육시설회원권,계약해제.해지/위약금
2024026415,2024-05-20,여자,30 - 39세,서울특별시,기타통신판매,숙녀복상의,청약철회
2024026416,2024-05-20,여자,20 - 29세,서울특별시,일반판매,호텔,부당행위
2024026417,2024-05-20,여자,30 - 39세,제주도,기타통신판매,요가,계약해제.해지/위약금
2024026418,2024-05-20,남자,30 - 39세,경기도,일반판매,기타세탁서비스,품질(물품/용역)
2024026419,2024-05-20,여자,40 - 49세,경기도,일반판매,종합체육시설회원권,계약해제.해지/위약금
2024026420,2024-05-20,여자,40 - 49세,경상북도,국내온라인거래,기타의류·섬유,품질(물품/용역)
2024026421,2024-05-20,남자,50 - 59세,서울특별시,국내온라인거래,가스에어컨,부당행위
2024026422,2024-05-20,여자,20 - 29세,경기도,방문판매,헬스장,계약해제.해지/위약금
2024026423,2024-05-20,여자,50 - 59세,경기도,일반판매,항공여객운송서비스,계약불이행(불완전이행)
2024026424,2024-05-20,남자,30 - 39세,경기도,기타,기타인테리어설비,계약해제.해지/위약금
2024026425,2024-05-20,남자,30 - 39세,서울특별시,소셜커머스(쇼핑),캐주얼바지,품질(물품/용역)
2024026426,2024-05-20,남자,30 - 39세,경기도,일반판매,전기맛사지기,AS불만
2024026427,2024-05-20,여자,40 - 49세,서울특별시,방문판매,포장이사운송서비스,계약해제.해지/위약금
2024026428,2024-05-20,여자,40 - 49세,대전광역시,국내온라인거래,기타농업용기계,청약철회
2024026429,2024-05-20,여자,30 - 39세,부산광역시,일반판매,미용서비스,품질(물품/용역)
2024026430,2024-05-20,여자,30 - 39세,대구광역시,기타,정수기대여(렌트),품질(물품/용역)
2024026431,2024-05-20,남자,30 - 39세,부산광역시,모바일거래,항공여객운송서비스,청약철회
2024026432,2024-05-20,남자,20 - 29세,서울특별시,일반판매,종합체육시설회원권,계약해제.해지/위약금
2024026433,2024-05-20,여자,30 - 39세,서울특별시,소셜커머스(쇼핑),소파,청약철회
2024026434,2024-05-20,남자,50 - 59세,경상남도,일반판매,의류관리기(스타일러 등),계약불이행(불완전이행)
2024026435,2024-05-20,여자,40 - 49세,부산광역시,방문판매,헬스장,계약해제.해지/위약금
2024026436,2024-05-20,남자,40 - 49세,대전광역시,모바일거래,모바일게임서비스,청약철회
2024026507,2024-05-21,여자,불명,광주광역시,국내온라인거래,항공여객운송서비스,계약해제.해지/위약금
2024026508,2024-05-21,여자,40 - 49세,경기도,국내온라인거래,묘목·모종,품질(물품/용역)
2024026520,2024-05-21,여자,20 - 29세,경기도,국내온라인거래,항공여객운송서비스,청약철회
2024026522,2024-05-21,여자,40 - 49세,경상남도,일반판매,침대,부당행위
2024026525,2024-05-21,여자,30 - 39세,서울특별시,일반판매,기타방문·통신교육서비스,계약해제.해지/위약금
2024026526,2024-05-21,남자,20 - 29세,경기도,국내온라인거래,컴퓨터및주변기기대여(렌트),계약해제.해지/위약금
2024026543,2024-05-21,남자,40 - 49세,경기도,전화권유판매,전화교육,부당행위
2024026656,2024-05-21,남자,40 - 49세,서울특별시,국내온라인거래,참외,품질(물품/용역)
2024026657,2024-05-21,남자,30 - 39세,광주광역시,국내온라인거래,기타이동통신,계약불이행(불완전이행)
2024026658,2024-05-21,남자,20 - 29세,전라북도,국내온라인거래,카메라,계약불이행(불완전이행)
2024026659,2024-05-21,남자,20 - 29세,서울특별시,국내온라인거래,헤드폰·이어폰,청약철회
2024026660,2024-05-21,여자,30 - 39세,서울특별시,국내온라인거래,각종공연관람,계약해제.해지/위약금
2024026661,2024-05-21,남자,30 - 39세,인천광역시,기타,포장이사운송서비스,계약불이행(불완전이행)
2024026662,2024-05-21,여자,20 - 29세,서울특별시,일반판매,국내결혼중개,계약해제.해지/위약금
2024026663,2024-05-21,남자,30 - 39세,경기도,국내온라인거래,보석·귀금속,품질(물품/용역)
2024026664,2024-05-21,여자,20 - 29세,경기도,일반판매,포장이사운송서비스,계약불이행(불완전이행)
2024026665,2024-05-21,여자,30 - 39세,경기도,국내온라인거래,여성용내의류,청약철회
2024026666,2024-05-21,여자,20 - 29세,경상남도,모바일거래,애완동물기타,계약불이행(불완전이행)
2024026667,2024-05-21,남자,20 - 29세,전라북도,모바일거래,기타금융상품,부당채권추심
2024026668,2024-05-21,남자,30 - 39세,경기도,국내온라인거래,남성용내의류,청약철회
2024026669,2024-05-21,남자,30 - 39세,경상북도,국내온라인거래,선풍기,청약철회
2024026670,2024-05-21,여자,30 - 39세,세종특별자치시,일반판매,정수기대여(렌트),품질(물품/용역)
2024026671,2024-05-21,남자,20 - 29세,경상남도,모바일거래,고시원이용,계약해제.해지/위약금
2024026672,2024-05-21,남자,40 - 49세,부산광역시,일반판매,기타세탁서비스,품질(물품/용역)
2024026673,2024-05-21,남자,20 - 29세,전라북도,일반판매,헬스장,계약해제.해지/위약금
2024026674,2024-05-21,남자,30 - 39세,부산광역시,국내온라인거래,항공화물운송서비스,계약불이행(불완전이행)
2024026639,2024-05-21,여자,60 - 64세,경기도,일반판매,비데,품질(물품/용역)
2024026643,2024-05-21,여자,40 - 49세,대전광역시,일반판매,실손보험,약관
2024026648,2024-05-21,남자,30 - 39세,대구광역시,일반판매,IPTV,부당행위
2024026649,2024-05-21,남자,65 - 69세,서울특별시,국내온라인거래,공기청정기대여(렌트),계약불이행(불완전이행)
2024026650,2024-05-21,여자,40 - 49세,해외 및 기타,일반판매,운동화,계약불이행(불완전이행)
2024026651,2024-05-21,여자,30 - 39세,서울특별시,국내온라인거래,미용서비스,품질(물품/용역)
2024026675,2024-05-21,여자,40 - 49세,부산광역시,국내온라인거래,기타간편복,청약철회
2024026676,2024-05-21,여자,20 - 29세,경기도,국내온라인거래,블라우스,청약철회
2024026677,2024-05-21,여자,20 - 29세,경기도,일반판매,헬스장,계약해제.해지/위약금
2024026678,2024-05-21,남자,30 - 39세,경기도,방문판매,미분류컨설팅(자문),계약해제.해지/위약금
2024026679,2024-05-21,남자,40 - 49세,경상북도,일반판매,골프회원권,계약불이행(불완전이행)
2024026680,2024-05-21,여자,30 - 39세,충청남도,일반판매,펜션,계약해제.해지/위약금
2024026681,2024-05-21,남자,20 - 29세,서울특별시,국내온라인거래,헤드폰·이어폰,청약철회
2024026682,2024-05-21,여자,10세 미만,경기도,방문판매,의류수선,계약불이행(불완전이행)
2024026683,2024-05-21,남자,50 - 59세,광주광역시,국내온라인거래,보석·귀금속,계약불이행(불완전이행)
2024026684,2024-05-21,여자,30 - 39세,울산광역시,국내온라인거래,기타여행,청약철회
2024026685,2024-05-21,여자,20 - 29세,경기도,일반판매,필라테스,계약불이행(불완전이행)
2024026686,2024-05-21,여자,30 - 39세,서울특별시,국내온라인거래,기타가구,품질(물품/용역)
2024026687,2024-05-21,여자,50 - 59세,서울특별시,전화권유판매,다이어트식품,계약해제.해지/위약금
2024026688,2024-05-21,여자,40 - 49세,서울특별시,국내온라인거래,기타가방,계약해제.해지/위약금
2024026689,2024-05-21,여자,40 - 49세,경기도,방문판매,컴퓨터수리,부당행위
2024026690,2024-05-21,남자,30 - 39세,부산광역시,국내온라인거래,보트,청약철회
2024026691,2024-05-21,남자,30 - 39세,경기도,국내온라인거래,기타매체광고,계약불이행(불완전이행)
2024026692,2024-05-21,여자,30 - 39세,충청남도,국내온라인거래,미분류컨설팅(자문),계약해제.해지/위약금
2024026693,2024-05-21,남자,30 - 39세,서울특별시,국내온라인거래,냉장고,부당행위
2024026694,2024-05-21,여자,20 - 29세,인천광역시,방문판매,헬스장,계약해제.해지/위약금
2024026695,2024-05-21,남자,20 - 29세,서울특별시,국내온라인거래,신사화(구두·부츠 등),청약철회
2024026696,2024-05-21,남자,30 - 39세,부산광역시,모바일거래,모바일정보이용서비스,부당행위
2024026697,2024-05-21,여자,20 - 29세,인천광역시,국내온라인거래,보석·귀금속,청약철회
2024026698,2024-05-21,남자,60 - 64세,경기도,일반판매,시스템에어컨,AS불만
2024026699,2024-05-21,남자,20 - 29세,서울특별시,모바일거래,향수,계약해제.해지/위약금
2024026700,2024-05-21,남자,30 - 39세,서울특별시,일반판매,항공여객운송서비스,계약불이행(불완전이행)
2024026701,2024-05-21,남자,30 - 39세,경기도,일반판매,변호서비스,계약해제.해지/위약금
2024026702,2024-05-21,남자,30 - 39세,충청남도,일반판매,서랍장,계약해제.해지/위약금
2024026703,2024-05-21,남자,20 - 29세,부산광역시,국내온라인거래,기타숙박시설,표시.광고
2024026704,2024-05-21,여자,20 - 29세,서울특별시,국내온라인거래,보온병,청약철회
2024026705,2024-05-21,남자,30 - 39세,서울특별시,국내온라인거래,기타알선·중개·번역서비스,계약해제.해지/위약금
2024026706,2024-05-21,남자,40 - 49세,충청남도,국내온라인거래,비데,안전(제품/시설)
2024026707,2024-05-21,여자,20 - 29세,대구광역시,일반판매,기타음료,품질(물품/용역)
2024026708,2024-05-21,남자,50 - 59세,인천광역시,일반판매,부동산중개,부당행위
2024026709,2024-05-21,남자,30 - 39세,경기도,국내온라인거래,기타미분류물품,청약철회
2024026710,2024-05-21,남자,40 - 49세,서울특별시,모바일거래,모바일게임서비스,부당행위
2024026711,2024-05-21,여자,65 - 69세,서울특별시,기타,변호서비스,부당행위
2024026712,2024-05-21,남자,30 - 39세,인천광역시,기타,아파트,계약해제.해지/위약금
2024026713,2024-05-21,여자,20 - 29세,서울특별시,일반판매,택배화물운송서비스,계약불이행(불완전이행)
2024026714,2024-05-21,여자,20 - 29세,대전광역시,일반판매,예식서비스,계약해제.해지/위약금
2024026715,2024-05-21,남자,50 - 59세,서울특별시,국내온라인거래,기타관람·감상,거래관행
2024026716,2024-05-21,남자,50 - 59세,인천광역시,방문판매,기타미분류물품,계약해제.해지/위약금
2024026717,2024-05-21,여자,20 - 29세,경기도,모바일거래,핸드백,부당행위
2024026718,2024-05-21,여자,20 - 29세,경기도,일반판매,필라테스,계약해제.해지/위약금
2024026719,2024-05-21,여자,30 - 39세,대구광역시,국내온라인거래,부업알선,계약해제.해지/위약금
2024026720,2024-05-21,남자,50 - 59세,대전광역시,기타,정수기대여(렌트),계약해제.해지/위약금
2024026721,2024-05-21,남자,40 - 49세,대전광역시,전화권유판매,성기능향상기기,품질(물품/용역)
2024026722,2024-05-21,여자,50 - 59세,인천광역시,국내온라인거래,각종공연관람,계약해제.해지/위약금
2024026723,2024-05-21,남자,40 - 49세,서울특별시,국제온라인거래,항공여객운송서비스,계약불이행(불완전이행)
2024026724,2024-05-21,남자,40 - 49세,대구광역시,일반판매,룸에어컨,계약불이행(불완전이행)
2024026725,2024-05-21,남자,30 - 39세,부산광역시,국내온라인거래,시계,약관
2024026726,2024-05-21,남자,30 - 39세,부산광역시,일반판매,호텔,안전(제품/시설)
2024024997,2024-05-21,여자,40 - 49세,대구광역시,일반판매,점퍼·재킷류,품질(물품/용역)
2024025026,2024-05-21,여자,40 - 49세,경기도,일반판매,양복(서양식 의복)세탁,품질(물품/용역)
2024026727,2024-05-21,여자,20 - 29세,인천광역시,국내온라인거래,각종공연관람,계약불이행(불완전이행)
2024026728,2024-05-21,남자,40 - 49세,경기도,국내온라인거래,전기밥솥,AS불만
2024026729,2024-05-21,남자,20 - 29세,대전광역시,국내온라인거래,항공여객운송서비스,계약불이행(불완전이행)
2024026730,2024-05-21,남자,50 - 59세,서울특별시,일반판매,포장이사운송서비스,계약불이행(불완전이행)
2024026731,2024-05-21,여자,30 - 39세,서울특별시,일반판매,예식서비스,계약해제.해지/위약금
2024026732,2024-05-21,남자,30 - 39세,경기도,기타,도배공사,AS불만
2024026733,2024-05-21,여자,30 - 39세,서울특별시,국내온라인거래,핸드백,품질(물품/용역)
2024026734,2024-05-21,남자,30 - 39세,서울특별시,일반판매,의상대여(렌트),계약해제.해지/위약금
2024026735,2024-05-21,남자,50 - 59세,광주광역시,기타통신판매,보석·귀금속,계약불이행(불완전이행)
2024026736,2024-05-21,여자,50 - 59세,대구광역시,국내온라인거래,원피스,청약철회
2024026737,2024-05-21,여자,30 - 39세,광주광역시,일반판매,피부·체형관리서비스,계약해제.해지/위약금
2024026738,2024-05-21,여자,40 - 49세,서울특별시,국내온라인거래,선풍기,청약철회
2024026739,2024-05-21,남자,10 - 19세,광주광역시,국내온라인거래,모바일게임서비스,청약철회
2024026740,2024-05-21,남자,20 - 29세,서울특별시,국내온라인거래,각종공연관람,계약해제.해지/위약금
2024026741,2024-05-21,남자,70 - 79세,부산광역시,국내온라인거래,의자,부당행위
2024026742,2024-05-21,남자,50 - 59세,경기도,일반판매,골프회원권,계약불이행(불완전이행)
2024026743,2024-05-21,남자,30 - 39세,경기도,일반판매,헬스장,계약해제.해지/위약금
2024026744,2024-05-21,남자,30 - 39세,경기도,기타,전기스위치,AS불만
2024026496,2024-05-21,남자,40 - 49세,서울특별시,일반판매,대형승용자동차,계약불이행(불완전이행)
2024026745,2024-05-21,남자,30 - 39세,대구광역시,일반판매,항공화물운송서비스,품질(물품/용역)
2024026746,2024-05-21,남자,30 - 39세,서울특별시,국내온라인거래,기타미분류서비스,청약철회
2024026747,2024-05-21,여자,30 - 39세,경기도,국내온라인거래,기타신발·용품,계약불이행(불완전이행)
2024026748,2024-05-21,남자,30 - 39세,경기도,국내온라인거래,TV,청약철회
2024026749,2024-05-21,남자,30 - 39세,경기도,국내온라인거래,입욕제,계약불이행(불완전이행)
2024026750,2024-05-21,여자,30 - 39세,부산광역시,모바일거래,모바일정보이용서비스,청약철회
2024026751,2024-05-21,여자,50 - 59세,경기도,국내온라인거래,소파,계약해제.해지/위약금
2024026752,2024-05-21,여자,20 - 29세,서울특별시,기타,기타이·미용서비스,품질(물품/용역)
2024026753,2024-05-21,남자,40 - 49세,경상북도,일반판매,스마트폰,품질(물품/용역)
2024026754,2024-05-21,남자,30 - 39세,서울특별시,국제온라인거래,모바일정보이용서비스,청약철회
2024026755,2024-05-21,남자,30 - 39세,서울특별시,소셜커머스(쇼핑),티셔츠,품질(물품/용역)
2024026756,2024-05-21,남자,20 - 29세,대전광역시,일반판매,헬스장,계약불이행(불완전이행)
2024026757,2024-05-21,여자,20 - 29세,서울특별시,일반판매,기타음식관련서비스,부당행위
2024026758,2024-05-21,남자,30 - 39세,울산광역시,국내온라인거래,소프트웨어,청약철회
2024026759,2024-05-21,여자,30 - 39세,서울특별시,국내온라인거래,호텔,계약해제.해지/위약금
2024026760,2024-05-21,남자,30 - 39세,경기도,국내온라인거래,책상,계약불이행(불완전이행)
2024026761,2024-05-21,남자,40 - 49세,전라북도,국내온라인거래,기타약품,청약철회
2024026762,2024-05-21,남자,30 - 39세,강원특별자치도,일반판매,룸에어컨,계약불이행(불완전이행)
2024026763,2024-05-21,남자,30 - 39세,강원특별자치도,기타,항공여객운송서비스,계약불이행(불완전이행)
2024026764,2024-05-21,여자,20 - 29세,부산광역시,방문판매,헬스장,계약해제.해지/위약금
2024026765,2024-05-21,여자,50 - 59세,경기도,국내온라인거래,기타건강식품,계약불이행(불완전이행)
2024026766,2024-05-21,여자,30 - 39세,서울특별시,일반판매,기타사설강습서비스,계약해제.해지/위약금
2024026767,2024-05-21,남자,40 - 49세,경상남도,기타,택배화물운송서비스,계약불이행(불완전이행)
2024026768,2024-05-21,여자,40 - 49세,대구광역시,기타,정수기대여(렌트),계약해제.해지/위약금
2024026769,2024-05-21,여자,50 - 59세,서울특별시,국제온라인거래,택배화물운송서비스,계약불이행(불완전이행)
2024026770,2024-05-21,여자,40 - 49세,제주도,국내온라인거래,휴대폰(2G),AS불만
2024026771,2024-05-21,여자,30 - 39세,경기도,국내온라인거래,침대·매트리스대여(렌트),청약철회
2024026772,2024-05-21,남자,20 - 29세,경기도,방문판매,신사복세트,계약해제.해지/위약금
2024026773,2024-05-21,남자,50 - 59세,경기도,국내온라인거래,기타침대류,품질(물품/용역)
2024026774,2024-05-21,남자,30 - 39세,서울특별시,방문판매,결혼준비대행서비스,계약해제.해지/위약금
2024026775,2024-05-21,남자,40 - 49세,서울특별시,모바일거래,가스에어컨,계약불이행(불완전이행)
2024026776,2024-05-21,여자,50 - 59세,경기도,국내온라인거래,국내여행,계약해제.해지/위약금
2024026777,2024-05-21,여자,40 - 49세,서울특별시,일반판매,택배화물운송서비스,계약불이행(불완전이행)
2024026778,2024-05-21,남자,30 - 39세,대구광역시,소셜커머스(쇼핑),룸에어컨,품질(물품/용역)
2024026779,2024-05-21,여자,40 - 49세,경기도,국내온라인거래,점퍼·재킷류,품질(물품/용역)
2024026780,2024-05-21,남자,30 - 39세,경기도,일반판매,헬스장,계약해제.해지/위약금
2024026781,2024-05-21,남자,50 - 59세,서울특별시,국내온라인거래,위성방송수신세트,품질(물품/용역)
2024026782,2024-05-21,여자,30 - 39세,서울특별시,일반판매,피부·체형관리서비스,계약해제.해지/위약금
2024026783,2024-05-21,여자,30 - 39세,경기도,국내온라인거래,전기요,품질(물품/용역)
2024026784,2024-05-21,여자,20 - 29세,경기도,일반판매,헬스장,계약해제.해지/위약금
2024026785,2024-05-21,남자,40 - 49세,경기도,국내온라인거래,항공여객운송서비스,계약불이행(불완전이행)
2024026786,2024-05-21,남자,20 - 29세,전라남도,국내온라인거래,옥타코사놀함유제품,청약철회
2024026787,2024-05-21,남자,40 - 49세,대구광역시,기타,기타여행,계약불이행(불완전이행)
2024026788,2024-05-21,남자,40 - 49세,인천광역시,기타통신판매,기타통신기기,품질(물품/용역)
2024026789,2024-05-21,여자,50 - 59세,충청북도,방문판매,침대,품질(물품/용역)
2024026790,2024-05-21,남자,30 - 39세,인천광역시,국내온라인거래,기타인테리어설비,청약철회
2024026791,2024-05-21,여자,50 - 59세,대전광역시,국내온라인거래,운동화,품질(물품/용역)
2024026792,2024-05-21,여자,40 - 49세,서울특별시,일반판매,피부·체형관리서비스,계약해제.해지/위약금
2024026793,2024-05-21,여자,40 - 49세,경상남도,일반판매,애완고양이,계약해제.해지/위약금
2024026794,2024-05-21,여자,20 - 29세,서울특별시,일반판매,헬스장,계약해제.해지/위약금
2024026795,2024-05-21,여자,20 - 29세,서울특별시,소셜커머스(쇼핑),기타유아용승용물,AS불만
2024026796,2024-05-21,남자,20 - 29세,인천광역시,방문판매,신사복세트,청약철회
2024026797,2024-05-21,남자,30 - 39세,서울특별시,국내온라인거래,모바일게임서비스,청약철회
2024026798,2024-05-21,여자,30 - 39세,서울특별시,국내온라인거래,기타완구·인형,AS불만
2024026799,2024-05-21,여자,30 - 39세,경기도,소셜커머스(쇼핑),옷걸이,청약철회
2024026488,2024-05-21,여자,40 - 49세,울산광역시,일반판매,애완동물기타,부당행위
2024026492,2024-05-21,남자,50 - 59세,충청남도,국내온라인거래,기타자동차용품,계약불이행(불완전이행)
2024026514,2024-05-21,남자,30 - 39세,대구광역시,일반판매,헬스장,계약해제.해지/위약금
2024025021,2024-05-21,여자,40 - 49세,제주도,일반판매,양복(서양식 의복)세탁,품질(물품/용역)
2024026577,2024-05-21,남자,50 - 59세,경기도,TV홈쇼핑,국외여행,계약해제.해지/위약금
2024026529,2024-05-21,남자,40 - 49세,부산광역시,국내온라인거래,자동차대여(렌트),청약철회
2024026530,2024-05-21,여자,40 - 49세,경기도,기타,해외유학알선,계약해제.해지/위약금
2024026584,2024-05-21,남자,30 - 39세,경기도,전화권유판매,일반강습(입시학원등),부당행위
2024026590,2024-05-21,여자,20 - 29세,부산광역시,모바일거래,항공여객운송서비스,청약철회
2024026595,2024-05-21,여자,40 - 49세,경상북도,모바일거래,상품권,계약해제.해지/위약금
2024026627,2024-05-21,여자,30 - 39세,경기도,일반판매,기타문화·오락시설이용,부당행위
2024026646,2024-05-21,여자,30 - 39세,서울특별시,국내온라인거래,캐주얼바지,청약철회
2024026494,2024-05-21,여자,30 - 39세,서울특별시,방문판매,전기진공청소기,청약철회
2024026499,2024-05-21,남자,50 - 59세,경기도,일반판매,외과,품질(물품/용역)
2024026506,2024-05-21,여자,불명,대구광역시,일반판매,기타식품류,품질(물품/용역)
2024026515,2024-05-21,남자,20 - 29세,경기도,일반판매,기타법률서비스,단순문의.상담
2024026518,2024-05-21,여자,40 - 49세,서울특별시,기타,학습지,계약해제.해지/위약금
2024026523,2024-05-21,여자,10 - 19세,경기도,국내온라인거래,사진촬영,계약해제.해지/위약금
2024026538,2024-05-21,남자,50 - 59세,경기도,일반판매,기타병·의원서비스,계약해제.해지/위약금
2024026541,2024-05-21,남자,20 - 29세,부산광역시,일반판매,이비인후과,품질(물품/용역)
2024026545,2024-05-21,여자,20 - 29세,서울특별시,국내온라인거래,헬스장,계약해제.해지/위약금
2024026546,2024-05-21,남자,40 - 49세,서울특별시,기타통신판매,가스스토브,계약불이행(불완전이행)
2024026552,2024-05-21,남자,30 - 39세,경기도,일반판매,일반강습(입시학원등),부당행위
2024026597,2024-05-21,남자,불명,서울특별시,국내온라인거래,기타숙박시설,계약해제.해지/위약금
2024026601,2024-05-21,남자,30 - 39세,서울특별시,국내온라인거래,기타병·의원서비스,계약해제.해지/위약금
2024026605,2024-05-21,여자,20 - 29세,경기도,일반판매,헬스장,계약해제.해지/위약금
2024026606,2024-05-21,남자,50 - 59세,부산광역시,국내온라인거래,전기자전거,품질(물품/용역)
2024026609,2024-05-21,여자,65 - 69세,서울특별시,일반판매,국외여행,계약해제.해지/위약금
2024026610,2024-05-21,남자,20 - 29세,대구광역시,방문판매,건강(암·기타질병)보험,계약불이행(불완전이행)
2024026624,2024-05-21,남자,50 - 59세,서울특별시,일반판매,냉장고,계약불이행(불완전이행)
2024026647,2024-05-21,여자,40 - 49세,서울특별시,국내온라인거래,이동전화서비스,계약불이행(불완전이행)
2024026653,2024-05-21,남자,30 - 39세,경상남도,기타,컴퓨터수리,계약불이행(불완전이행)
2024026509,2024-05-21,남자,50 - 59세,경기도,국내온라인거래,전등·전구,AS불만
2024026511,2024-05-21,여자,30 - 39세,서울특별시,방문판매,신사복세트,계약해제.해지/위약금
2024026547,2024-05-21,여자,30 - 39세,서울특별시,모바일거래,자동차주차장,계약불이행(불완전이행)
2024026561,2024-05-21,여자,70 - 79세,울산광역시,기타,상해보험,계약불이행(불완전이행)
2024026569,2024-05-21,남자,30 - 39세,서울특별시,모바일거래,카셰어링,부당행위
2024026611,2024-05-21,남자,30 - 39세,경상남도,기타통신판매,기타스포츠·레저기구·용품,AS불만
2024026613,2024-05-21,여자,40 - 49세,경기도,일반판매,스포츠시설이용,계약해제.해지/위약금
2024026626,2024-05-21,여자,50 - 59세,인천광역시,기타,필라테스,계약해제.해지/위약금
2024026500,2024-05-21,남자,50 - 59세,경기도,전화권유판매,유사투자자문,계약해제.해지/위약금
2024026535,2024-05-21,남자,40 - 49세,인천광역시,일반판매,포장이사운송서비스,품질(물품/용역)
2024026558,2024-05-21,여자,65 - 69세,경기도,국내온라인거래,룸에어컨,계약불이행(불완전이행)
2024026559,2024-05-21,남자,30 - 39세,부산광역시,국내온라인거래,기타육류·육류가공식품,청약철회
2024026614,2024-05-21,여자,40 - 49세,경기도,소셜커머스(쇼핑),전기진공청소기,부당행위
2024026640,2024-05-21,여자,50 - 59세,서울특별시,국내온라인거래,소독기,부당행위
2024026555,2024-05-21,남자,40 - 49세,서울특별시,일반판매,스포츠시설이용,청약철회
2024026493,2024-05-21,남자,30 - 39세,대전광역시,일반판매,헬스장,계약해제.해지/위약금
2024026566,2024-05-21,남자,40 - 49세,서울특별시,일반판매,예식서비스,계약해제.해지/위약금
2024024527,2024-05-21,여자,60 - 64세,서울특별시,일반판매,셔츠,품질(물품/용역)
2024026501,2024-05-21,남자,50 - 59세,서울특별시,기타,국외여행,계약해제.해지/위약금
2024026503,2024-05-21,남자,50 - 59세,서울특별시,국내온라인거래,남성용내의류,계약불이행(불완전이행)
2024026537,2024-05-21,남자,불명,서울특별시,국내온라인거래,인터넷정보이용서비스,계약해제.해지/위약금
2024026562,2024-05-21,여자,50 - 59세,경기도,일반판매,룸에어컨,품질(물품/용역)
2024026564,2024-05-21,남자,50 - 59세,경기도,기타,연금보험,계약불이행(불완전이행)
2024026580,2024-05-21,남자,60 - 64세,경기도,일반판매,자동차주차장,계약해제.해지/위약금
2024026617,2024-05-21,여자,50 - 59세,서울특별시,국내온라인거래,택배화물운송서비스,계약불이행(불완전이행)
2024026618,2024-05-21,여자,30 - 39세,충청남도,국내온라인거래,호텔,청약철회
2024026619,2024-05-21,남자,불명,경상남도,국내온라인거래,인터넷정보이용서비스,계약불이행(불완전이행)
2024026638,2024-05-21,여자,40 - 49세,경기도,기타,기타사설강습서비스,계약해제.해지/위약금
2024026487,2024-05-21,남자,50 - 59세,인천광역시,일반판매,경비·관리서비스,품질(물품/용역)
2024026489,2024-05-21,남자,40 - 49세,서울특별시,기타,건강(암·기타질병)보험,계약불이행(불완전이행)
2024024006,2024-05-21,여자,20 - 29세,서울특별시,일반판매,양복(서양식 의복)세탁,품질(물품/용역)
2024026504,2024-05-21,여자,30 - 39세,서울특별시,모바일거래,기타민영보험,약관
2024026534,2024-05-21,여자,50 - 59세,부산광역시,일반판매,대형승용자동차,품질(물품/용역)
2024026542,2024-05-21,여자,40 - 49세,서울특별시,일반판매,기타매체광고,계약해제.해지/위약금
2024026548,2024-05-21,여자,20 - 29세,대구광역시,방문판매,기타예식관련서비스,계약해제.해지/위약금
2024026549,2024-05-21,여자,30 - 39세,경기도,국내온라인거래,기타사설강습서비스,계약해제.해지/위약금
2024026554,2024-05-21,남자,40 - 49세,인천광역시,국내온라인거래,모바일정보이용서비스,부당행위
2024026556,2024-05-21,남자,40 - 49세,경상남도,일반판매,대형승용자동차,품질(물품/용역)
2024026490,2024-05-21,남자,40 - 49세,강원특별자치도,기타통신판매,각종쿠폰류(무료통화권포함),표시.광고
2024026505,2024-05-21,남자,30 - 39세,서울특별시,일반판매,헬스장,계약해제.해지/위약금
2024026544,2024-05-21,여자,40 - 49세,전라북도,국내온라인거래,점퍼·재킷류,청약철회
2024026550,2024-05-21,여자,40 - 49세,서울특별시,일반판매,양복(서양식 의복)세탁,계약해제.해지/위약금
2024026563,2024-05-21,여자,20 - 29세,경기도,일반판매,화장품세트,계약해제.해지/위약금
2024026567,2024-05-21,여자,20 - 29세,서울특별시,국내온라인거래,각종공연관람,계약불이행(불완전이행)
2024026571,2024-05-21,남자,40 - 49세,전라북도,일반판매,전기오븐,품질(물품/용역)
2024026578,2024-05-21,여자,불명,경기도,국내온라인거래,호텔,표시.광고
2024026602,2024-05-21,남자,70 - 79세,부산광역시,일반판매,국내결혼중개,계약해제.해지/위약금
2024026621,2024-05-21,남자,40 - 49세,경기도,기타통신판매,화장대,품질(물품/용역)
2024026628,2024-05-21,여자,50 - 59세,서울특별시,일반판매,식탁,품질(물품/용역)
2024026641,2024-05-21,여자,50 - 59세,경기도,전화권유판매,인터넷교육서비스,계약해제.해지/위약금
2024026644,2024-05-21,여자,40 - 49세,경기도,국내온라인거래,전기진공청소기,계약불이행(불완전이행)
2024026573,2024-05-21,여자,30 - 39세,경기도,일반판매,헬스장,계약해제.해지/위약금
2024026568,2024-05-21,여자,40 - 49세,경기도,국제온라인거래,국외여행,계약불이행(불완전이행)
2024026583,2024-05-21,여자,20 - 29세,인천광역시,일반판매,필라테스,계약해제.해지/위약금
2024026587,2024-05-21,남자,50 - 59세,경기도,모바일거래,"OTT서비스(넷플릭스,왓챠 등)",부당행위
2024026593,2024-05-21,여자,40 - 49세,서울특별시,일반판매,기타세탁서비스,품질(물품/용역)
2024026615,2024-05-21,남자,50 - 59세,대구광역시,일반판매,정수기대여(렌트),거래관행
2024026616,2024-05-21,여자,30 - 39세,경기도,소셜커머스(쇼핑),스마트폰,청약철회
2024026631,2024-05-21,여자,불명,서울특별시,국내온라인거래,스팀다리미,청약철회
2024026598,2024-05-21,여자,20 - 29세,인천광역시,방문판매,결혼준비대행서비스,계약불이행(불완전이행)
2024026623,2024-05-21,여자,20 - 29세,서울특별시,기타통신판매,전기고데기,표시.광고
2024026513,2024-05-21,여자,불명,충청북도,일반판매,정수기대여(렌트),AS불만
2024026519,2024-05-21,여자,30 - 39세,경기도,기타통신판매,포장이사운송서비스,품질(물품/용역)
2024026521,2024-05-21,여자,30 - 39세,서울특별시,국내온라인거래,각종공연관람,품질(물품/용역)
2024026528,2024-05-21,여자,20 - 29세,서울특별시,일반판매,신사복세트,계약해제.해지/위약금
2024026531,2024-05-21,여자,20 - 29세,경기도,일반판매,헬스장,계약해제.해지/위약금
2024026634,2024-05-21,여자,40 - 49세,서울특별시,일반판매,통합보장보험,계약불이행(불완전이행)
2024026642,2024-05-21,남자,30 - 39세,서울특별시,방문판매,실손보험,계약불이행(불완전이행)
2024026645,2024-05-21,여자,30 - 39세,경기도,기타통신판매,이동전화서비스,계약불이행(불완전이행)
2024026524,2024-05-21,남자,30 - 39세,인천광역시,국내온라인거래,모자,청약철회
2024026532,2024-05-21,여자,40 - 49세,경기도,국내온라인거래,기타의류·섬유,계약불이행(불완전이행)
2024026589,2024-05-21,여자,40 - 49세,대전광역시,일반판매,기타사설강습서비스,계약해제.해지/위약금
2024026599,2024-05-21,여자,30 - 39세,경기도,일반판매,포장이사운송서비스,계약불이행(불완전이행)
2024026630,2024-05-21,남자,40 - 49세,울산광역시,일반판매,초고속인터넷,계약불이행(불완전이행)
2024026498,2024-05-21,남자,10세 미만,대구광역시,일반판매,비뇨의학과,품질(물품/용역)
2024026517,2024-05-21,여자,50 - 59세,서울특별시,국내온라인거래,국외여행,거래관행
2024026540,2024-05-21,여자,50 - 59세,경기도,일반판매,기타병·의원서비스,계약해제.해지/위약금
2024026553,2024-05-21,여자,30 - 39세,서울특별시,일반판매,헬스장,계약해제.해지/위약금
2024026560,2024-05-21,여자,30 - 39세,경기도,방문판매,남성용내의류,계약불이행(불완전이행)
2024026582,2024-05-21,여자,20 - 29세,전라북도,일반판매,헬스장,계약해제.해지/위약금
2024026594,2024-05-21,남자,20 - 29세,경기도,국내온라인거래,항공여객운송서비스,청약철회
2024026607,2024-05-21,여자,40 - 49세,서울특별시,일반판매,미용서비스,계약불이행(불완전이행)
2024026637,2024-05-21,여자,50 - 59세,서울특별시,국내온라인거래,보석·귀금속,청약철회
2024026654,2024-05-21,여자,50 - 59세,서울특별시,방문판매,아파트,청약철회
2024026655,2024-05-21,여자,30 - 39세,경기도,전화권유판매,국내결혼중개,계약해제.해지/위약금
2024026812,2024-05-22,남자,40 - 49세,경기도,일반판매,자동차대여(렌트),약관
2024026813,2024-05-22,남자,65 - 69세,전라북도,기타,건강(암·기타질병)보험,계약불이행(불완전이행)
2024026840,2024-05-22,여자,60 - 64세,서울특별시,일반판매,필라테스,계약해제.해지/위약금
2024026897,2024-05-22,여자,20 - 29세,서울특별시,소셜커머스(쇼핑),전기자전거,품질(물품/용역)
2024026900,2024-05-22,여자,30 - 39세,부산광역시,일반판매,피부과,계약해제.해지/위약금
2024026909,2024-05-22,여자,불명,경기도,기타,인터넷정보이용서비스,계약해제.해지/위약금
2024026915,2024-05-22,남자,30 - 39세,서울특별시,모바일거래,카셰어링,부당행위
2024026919,2024-05-22,남자,50 - 59세,경기도,모바일거래,카셰어링,AS불만
2024025225,2024-05-22,여자,20 - 29세,전라북도,국내온라인거래,티셔츠,품질(물품/용역)
2024026832,2024-05-22,여자,20 - 29세,경기도,국내온라인거래,국외여행,청약철회
2024026858,2024-05-22,남자,50 - 59세,서울특별시,일반판매,대형승용자동차,품질(물품/용역)
2024026870,2024-05-22,남자,50 - 59세,경상북도,모바일거래,모바일정보이용서비스,부당행위
2024026891,2024-05-22,여자,20 - 29세,부산광역시,국내온라인거래,보석·귀금속,청약철회
2024026821,2024-05-22,여자,30 - 39세,경기도,소셜커머스(쇼핑),애완동·식물용품,계약불이행(불완전이행)
2024026846,2024-05-22,남자,20 - 29세,대전광역시,일반판매,헬스장,계약해제.해지/위약금
2024026861,2024-05-22,남자,불명,경기도,국내온라인거래,기타정보이용서비스,계약불이행(불완전이행)
2024026869,2024-05-22,남자,40 - 49세,서울특별시,기타,항공여객운송서비스,계약불이행(불완전이행)
2024025622,2024-05-22,여자,65 - 69세,경기도,일반판매,점퍼·재킷류,품질(물품/용역)
2024026512,2024-05-22,여자,20 - 29세,충청남도,일반판매,기타의류·섬유,청약철회
2024027032,2024-05-22,여자,30 - 39세,서울특별시,일반판매,예식서비스,계약해제.해지/위약금
2024027033,2024-05-22,여자,20 - 29세,경기도,국내온라인거래,보석·귀금속,청약철회
2024027034,2024-05-22,여자,30 - 39세,서울특별시,일반판매,헬스장,계약해제.해지/위약금
2024027035,2024-05-22,여자,30 - 39세,대구광역시,국내온라인거래,기타가사용품,품질(물품/용역)
2024027036,2024-05-22,남자,30 - 39세,서울특별시,국내온라인거래,기타책상·테이블류,품질(물품/용역)
2024027037,2024-05-22,여자,30 - 39세,서울특별시,국내온라인거래,기타일반화장품,청약철회
2024027038,2024-05-22,여자,20 - 29세,대구광역시,기타,포장이사운송서비스,계약불이행(불완전이행)
2024026588,2024-05-22,여자,40 - 49세,광주광역시,일반판매,티셔츠,품질(물품/용역)
2024025254,2024-05-22,여자,20 - 29세,인천광역시,일반판매,점퍼·재킷류,품질(물품/용역)
2024025587,2024-05-22,여자,50 - 59세,경기도,일반판매,양복(서양식 의복)세탁,품질(물품/용역)
2024026864,2024-05-22,남자,50 - 59세,서울특별시,국내온라인거래,호텔,계약해제.해지/위약금
2024026850,2024-05-22,남자,30 - 39세,경기도,국내온라인거래,차량용블랙박스,AS불만
2024026852,2024-05-22,남자,70 - 79세,대구광역시,일반판매,이동전화서비스,계약해제.해지/위약금
2024026854,2024-05-22,남자,30 - 39세,경기도,국내온라인거래,레저시설이용,계약불이행(불완전이행)
2024026855,2024-05-22,여자,40 - 49세,울산광역시,일반판매,기타이·미용서비스,계약해제.해지/위약금
2024026871,2024-05-22,여자,50 - 59세,서울특별시,국내온라인거래,스프링매트리스,품질(물품/용역)
2024026877,2024-05-22,남자,50 - 59세,경기도,기타,국내결혼중개,계약해제.해지/위약금
2024026924,2024-05-22,남자,40 - 49세,대전광역시,일반판매,카셰어링,단순문의.상담
2024026933,2024-05-22,여자,20 - 29세,경기도,모바일거래,모바일정보이용서비스,부당행위
2024026966,2024-05-22,여자,40 - 49세,경기도,전화권유판매,기타일반화장품,표시.광고
2024026967,2024-05-22,여자,60 - 64세,경기도,일반판매,싱크대,품질(물품/용역)
2024026968,2024-05-22,남자,50 - 59세,경상남도,방문판매,기타옥외장비·설비,계약불이행(불완전이행)
2024026969,2024-05-22,남자,30 - 39세,세종특별자치시,일반판매,감귤,품질(물품/용역)
2024026970,2024-05-22,여자,30 - 39세,경기도,기타통신판매,베개,청약철회
2024026971,2024-05-22,남자,20 - 29세,경기도,일반판매,사진촬영,계약해제.해지/위약금
2024026972,2024-05-22,남자,50 - 59세,인천광역시,일반판매,커피,부당행위
2024026973,2024-05-22,남자,40 - 49세,경기도,모바일거래,모바일게임서비스,무능력자계약
2024026974,2024-05-22,남자,40 - 49세,경기도,국내온라인거래,전기진공청소기,부당행위
2024026975,2024-05-22,남자,50 - 59세,경기도,국내온라인거래,기타회원권,계약불이행(불완전이행)
2024026976,2024-05-22,남자,30 - 39세,서울특별시,일반판매,항공여객운송서비스,계약불이행(불완전이행)
2024026977,2024-05-22,남자,10 - 19세,경기도,모바일거래,기타자전거,계약불이행(불완전이행)
2024026978,2024-05-22,여자,40 - 49세,경상남도,국내온라인거래,화장품세트,청약철회
2024026979,2024-05-22,남자,20 - 29세,경기도,소셜커머스(쇼핑),셔츠,청약철회
2024026980,2024-05-22,여자,20 - 29세,서울특별시,국내온라인거래,모형완구,계약불이행(불완전이행)
2024026981,2024-05-22,여자,40 - 49세,부산광역시,국내온라인거래,헤어드라이어,품질(물품/용역)
2024026982,2024-05-22,여자,20 - 29세,서울특별시,국내온라인거래,국내여행,계약해제.해지/위약금
2024026983,2024-05-22,남자,30 - 39세,경기도,일반판매,포장이사운송서비스,계약불이행(불완전이행)
2024026984,2024-05-22,남자,30 - 39세,서울특별시,국내온라인거래,항공여객운송서비스,계약해제.해지/위약금
2024026985,2024-05-22,여자,20 - 29세,경기도,일반판매,피부·체형관리서비스,청약철회
2024026986,2024-05-22,여자,20 - 29세,서울특별시,일반판매,신발세탁,품질(물품/용역)
2024026987,2024-05-22,남자,40 - 49세,경기도,국내온라인거래,식탁,계약해제.해지/위약금
2024026988,2024-05-22,남자,30 - 39세,부산광역시,국내온라인거래,컴퓨터모니터(데스크탑),품질(물품/용역)
2024026989,2024-05-22,남자,30 - 39세,서울특별시,일반판매,사진촬영,계약해제.해지/위약금
2024026990,2024-05-22,남자,50 - 59세,경기도,국제온라인거래,모니터,계약해제.해지/위약금
2024026991,2024-05-22,여자,30 - 39세,경기도,국내온라인거래,스웨터,청약철회
2024026992,2024-05-22,남자,40 - 49세,경기도,국내온라인거래,기타의류·섬유,품질(물품/용역)
2024026993,2024-05-22,여자,40 - 49세,경상북도,일반판매,사진촬영,계약해제.해지/위약금
2024026994,2024-05-22,남자,60 - 64세,서울특별시,기타,TV,품질(물품/용역)
2024026995,2024-05-22,여자,30 - 39세,서울특별시,국내온라인거래,점퍼·재킷류,청약철회
2024026996,2024-05-22,여자,40 - 49세,강원특별자치도,기타,기타관리서비스,계약해제.해지/위약금
2024026997,2024-05-22,남자,20 - 29세,서울특별시,소셜커머스(쇼핑),의자,품질(물품/용역)
2024026998,2024-05-22,남자,30 - 39세,울산광역시,일반판매,고시원이용,계약불이행(불완전이행)
2024026999,2024-05-22,남자,40 - 49세,서울특별시,기타통신판매,정수기대여(렌트),계약불이행(불완전이행)
2024026817,2024-05-22,남자,40 - 49세,경상남도,일반판매,포장이사운송서비스,계약불이행(불완전이행)
2024026836,2024-05-22,여자,50 - 59세,인천광역시,일반판매,필라테스,계약불이행(불완전이행)
2024026865,2024-05-22,남자,불명,대전광역시,국내온라인거래,기타숙박시설,계약해제.해지/위약금
2024026922,2024-05-22,여자,40 - 49세,경기도,일반판매,연금보험,부당행위
2024026942,2024-05-22,여자,20 - 29세,경상남도,일반판매,기타사설강습서비스,계약불이행(불완전이행)
2024026945,2024-05-22,여자,20 - 29세,대구광역시,국내온라인거래,숙녀화(구두·부츠 등),청약철회
2024026946,2024-05-22,남자,70 - 79세,서울특별시,일반판매,이동전화서비스,청약철회
2024026947,2024-05-22,여자,20 - 29세,서울특별시,국내온라인거래,미용서비스,계약불이행(불완전이행)
2024026948,2024-05-22,여자,40 - 49세,충청북도,일반판매,호텔,AS불만
2024026949,2024-05-22,여자,60 - 64세,경기도,일반판매,헬스장,계약해제.해지/위약금
2024027000,2024-05-22,여자,30 - 39세,서울특별시,소셜커머스(쇼핑),냉장고,계약불이행(불완전이행)
2024027001,2024-05-22,여자,40 - 49세,인천광역시,국제온라인거래,기타미분류서비스,부당행위
2024027002,2024-05-22,여자,20 - 29세,경기도,일반판매,헬스장,계약해제.해지/위약금
2024027003,2024-05-22,남자,40 - 49세,강원특별자치도,일반판매,애완견,품질(물품/용역)
2024027004,2024-05-22,남자,30 - 39세,서울특별시,일반판매,예식서비스,계약해제.해지/위약금
2024027005,2024-05-22,여자,40 - 49세,경기도,국내온라인거래,노트북컴퓨터,계약불이행(불완전이행)
2024027006,2024-05-22,여자,30 - 39세,서울특별시,방문판매,헬스장,계약해제.해지/위약금
2024027007,2024-05-22,남자,30 - 39세,경상북도,국내온라인거래,기타숙박시설,계약해제.해지/위약금
2024027008,2024-05-22,남자,40 - 49세,서울특별시,국내온라인거래,택배화물운송서비스,계약불이행(불완전이행)
2024027009,2024-05-22,여자,40 - 49세,인천광역시,일반판매,필라테스,계약해제.해지/위약금
2024027010,2024-05-22,여자,20 - 29세,경기도,모바일거래,호텔,청약철회
2024027011,2024-05-22,여자,20 - 29세,서울특별시,방문판매,헬스장,계약해제.해지/위약금
2024027012,2024-05-22,여자,50 - 59세,부산광역시,기타,이동전화서비스,계약불이행(불완전이행)
2024027013,2024-05-22,남자,65 - 69세,서울특별시,일반판매,기타세탁서비스,품질(물품/용역)
2024027014,2024-05-22,여자,50 - 59세,인천광역시,소셜커머스(쇼핑),스프링매트리스,품질(물품/용역)
2024026950,2024-05-22,남자,40 - 49세,부산광역시,기타,버스여객운송서비스,청약철회
2024026951,2024-05-22,남자,30 - 39세,서울특별시,국내온라인거래,기타가사장비품,가격.요금
2024026952,2024-05-22,여자,30 - 39세,강원특별자치도,일반판매,피부·체형관리서비스,계약해제.해지/위약금
2024026953,2024-05-22,여자,20 - 29세,부산광역시,국내온라인거래,가운·잠옷류,부당행위
2024026954,2024-05-22,남자,불명,강원특별자치도,일반판매,택배화물운송서비스,AS불만
2024026955,2024-05-22,여자,40 - 49세,서울특별시,국내온라인거래,다이어트식품,품질(물품/용역)
2024026956,2024-05-22,여자,20 - 29세,서울특별시,일반판매,헬스장,계약해제.해지/위약금
2024026957,2024-05-22,남자,40 - 49세,서울특별시,기타통신판매,스마트폰,계약해제.해지/위약금
2024026958,2024-05-22,여자,30 - 39세,경기도,국내온라인거래,숙녀화(구두·부츠 등),계약해제.해지/위약금
2024026959,2024-05-22,남자,40 - 49세,경기도,일반판매,커피,품질(물품/용역)
2024026960,2024-05-22,남자,30 - 39세,대구광역시,일반판매,아파트,부당행위
2024026961,2024-05-22,여자,50 - 59세,경기도,전화권유판매,오피스텔,AS불만
2024026962,2024-05-22,여자,50 - 59세,부산광역시,국내온라인거래,원피스,계약해제.해지/위약금
2024026963,2024-05-22,여자,10 - 19세,서울특별시,일반판매,기타이·미용서비스,품질(물품/용역)
2024026964,2024-05-22,남자,20 - 29세,경기도,일반판매,신사복세트,부당행위
2024026965,2024-05-22,남자,40 - 49세,대전광역시,모바일거래,모바일정보이용서비스,계약불이행(불완전이행)
2024027015,2024-05-22,여자,50 - 59세,경기도,일반판매,미용서비스,계약해제.해지/위약금
2024027016,2024-05-22,여자,20 - 29세,전라북도,방문판매,헬스장,계약해제.해지/위약금
2024027017,2024-05-22,남자,30 - 39세,서울특별시,일반판매,국내결혼중개,계약해제.해지/위약금
2024027018,2024-05-22,여자,50 - 59세,경기도,전화권유판매,기타건강식품,계약해제.해지/위약금
2024027019,2024-05-22,남자,50 - 59세,서울특별시,소셜커머스(쇼핑),골프용품,AS불만
2024027020,2024-05-22,남자,30 - 39세,강원특별자치도,기타,국내결혼중개,계약해제.해지/위약금
2024027021,2024-05-22,여자,20 - 29세,경기도,일반판매,헬스장,계약불이행(불완전이행)
2024027022,2024-05-22,여자,40 - 49세,경상남도,일반판매,노트북컴퓨터,안전(제품/시설)
2024027023,2024-05-22,여자,30 - 39세,경기도,일반판매,각종공연관람,계약불이행(불완전이행)
2024027024,2024-05-22,남자,20 - 29세,경상북도,일반판매,고시원이용,계약해제.해지/위약금
2024027025,2024-05-22,남자,20 - 29세,경기도,일반판매,각종자격취득강습,계약해제.해지/위약금
2024027026,2024-05-22,여자,30 - 39세,서울특별시,기타,미용서비스,품질(물품/용역)
2024027027,2024-05-22,남자,40 - 49세,세종특별자치시,일반판매,냉동고,AS불만
2024027028,2024-05-22,여자,30 - 39세,제주도,기타,헬스장,계약해제.해지/위약금
2024027029,2024-05-22,여자,40 - 49세,충청북도,국내온라인거래,숙녀복하의,청약철회
2024027030,2024-05-22,여자,20 - 29세,대전광역시,소셜커머스(쇼핑),연극관람,청약철회
2024027031,2024-05-22,여자,20 - 29세,서울특별시,방문판매,헬스장,계약해제.해지/위약금
2024026862,2024-05-22,여자,30 - 39세,인천광역시,일반판매,음식물처리기대여(렌트),계약해제.해지/위약금
2024026819,2024-05-22,여자,20 - 29세,서울특별시,국내온라인거래,숙녀복하의,품질(물품/용역)
2024026822,2024-05-22,남자,50 - 59세,경상북도,일반판매,중형승용자동차,AS불만
2024026824,2024-05-22,여자,30 - 39세,부산광역시,국내온라인거래,기타문화·오락시설이용,계약해제.해지/위약금
2024026826,2024-05-22,여자,30 - 39세,경기도,기타통신판매,"연회서비스(돌잔치,회갑 등)",계약해제.해지/위약금
2024026830,2024-05-22,여자,20 - 29세,전라북도,국내온라인거래,초고속인터넷,계약해제.해지/위약금
2024026833,2024-05-22,여자,30 - 39세,인천광역시,일반판매,성형외과,계약해제.해지/위약금
2024026838,2024-05-22,여자,20 - 29세,경기도,일반판매,헬스장,계약해제.해지/위약금
2024026888,2024-05-22,남자,50 - 59세,서울특별시,일반판매,상해보험,계약불이행(불완전이행)
2024026886,2024-05-22,남자,30 - 39세,서울특별시,기타통신판매,기타과일·과일가공식품,품질(물품/용역)
2024026887,2024-05-22,남자,불명,경기도,일반판매,전기장판,AS불만
2024026907,2024-05-22,남자,40 - 49세,세종특별자치시,국내온라인거래,항공여객운송서비스,계약해제.해지/위약금
2024026908,2024-05-22,여자,30 - 39세,경기도,국내온라인거래,아이스크림,품질(물품/용역)
2024026916,2024-05-22,여자,40 - 49세,인천광역시,기타,신유형상품권,계약불이행(불완전이행)
2024026918,2024-05-22,남자,40 - 49세,서울특별시,일반판매,종합체육시설회원권,계약해제.해지/위약금
2024026921,2024-05-22,남자,30 - 39세,서울특별시,방문판매,미분류대여(렌트),계약해제.해지/위약금
2024026923,2024-05-22,여자,40 - 49세,경기도,일반판매,일반강습(입시학원등),부당행위
2024026927,2024-05-22,여자,50 - 59세,인천광역시,국내온라인거래,여성용내의류,계약해제.해지/위약금
2024026929,2024-05-22,남자,50 - 59세,경기도,모바일거래,항공여객운송서비스,품질(물품/용역)
2024026931,2024-05-22,남자,80세이상,경기도,기타,기타병·의원서비스,품질(물품/용역)
2024026932,2024-05-22,여자,50 - 59세,서울특별시,전화권유판매,기타정보이용서비스,계약불이행(불완전이행)
2024026874,2024-05-22,남자,40 - 49세,대구광역시,국내온라인거래,비타민제,계약불이행(불완전이행)
2024026805,2024-05-22,여자,20 - 29세,서울특별시,일반판매,헬스장,청약철회
2024026839,2024-05-22,여자,40 - 49세,경기도,국내온라인거래,기타재봉·세탁·청소용품,안전(제품/시설)
2024026880,2024-05-22,여자,40 - 49세,경기도,기타,기타인테리어설비,품질(물품/용역)
2024026893,2024-05-22,남자,30 - 39세,대전광역시,기타통신판매,건강(암·기타질병)보험,부당행위
2024026894,2024-05-22,여자,30 - 39세,전라북도,소셜커머스(쇼핑),항공여객운송서비스,청약철회
2024026896,2024-05-22,남자,30 - 39세,부산광역시,일반판매,성형외과,계약해제.해지/위약금
2024026825,2024-05-22,여자,40 - 49세,서울특별시,모바일거래,모바일정보이용서비스,부당행위
2024026828,2024-05-22,여자,20 - 29세,경기도,일반판매,예식서비스,계약해제.해지/위약금
2024026842,2024-05-22,여자,60 - 64세,경기도,기타통신판매,공기청정기대여(렌트),계약해제.해지/위약금
2024026843,2024-05-22,여자,20 - 29세,경기도,일반판매,헬스장,부당행위
2024026911,2024-05-22,남자,30 - 39세,서울특별시,일반판매,공기청정기대여(렌트),계약해제.해지/위약금
2024026902,2024-05-22,여자,30 - 39세,충청남도,방문판매,기타건강식품,품질(물품/용역)
2024026903,2024-05-22,여자,50 - 59세,경기도,국내온라인거래,헤드폰·이어폰,계약불이행(불완전이행)
2024026905,2024-05-22,여자,60 - 64세,충청북도,기타,정수기,품질(물품/용역)
2024026913,2024-05-22,여자,50 - 59세,경기도,일반판매,바닥재·마루공사,품질(물품/용역)
2024026925,2024-05-22,남자,불명,제주도,국내온라인거래,기타사설강습서비스,계약해제.해지/위약금
2024026926,2024-05-22,여자,20 - 29세,서울특별시,일반판매,헬스장,계약해제.해지/위약금
2024026928,2024-05-22,남자,60 - 64세,대전광역시,기타통신판매,기타미분류물품,품질(물품/용역)
2024026935,2024-05-22,여자,80세이상,부산광역시,기타,흉부외과,품질(물품/용역)
2024026936,2024-05-22,여자,20 - 29세,경상북도,일반판매,무선인터넷,품질(물품/용역)
2024026939,2024-05-22,남자,30 - 39세,대전광역시,방문판매,실손보험,계약불이행(불완전이행)
2024026943,2024-05-22,여자,30 - 39세,서울특별시,기타통신판매,국내여행,계약해제.해지/위약금
2024026803,2024-05-22,남자,20 - 29세,서울특별시,모바일거래,신유형상품권,부당행위
2024026804,2024-05-22,여자,50 - 59세,전라북도,국내온라인거래,기타자전거,부당행위
2024026807,2024-05-22,남자,40 - 49세,부산광역시,일반판매,중형승용자동차,품질(물품/용역)
2024026810,2024-05-22,남자,10 - 19세,대구광역시,기타,스마트폰,AS불만
2024026873,2024-05-22,여자,40 - 49세,경기도,일반판매,포장이사운송서비스,부당행위
2024025766,2024-05-22,여자,50 - 59세,경상남도,일반판매,양복(서양식 의복)세탁,품질(물품/용역)
2024026802,2024-05-22,여자,30 - 39세,서울특별시,국내온라인거래,여성용내의류,계약해제.해지/위약금
2024026809,2024-05-22,남자,30 - 39세,경기도,일반판매,폐차·구조변경등기타,품질(물품/용역)
2024026823,2024-05-22,여자,30 - 39세,세종특별자치시,국내온라인거래,숙녀화(구두·부츠 등),계약불이행(불완전이행)
2024026827,2024-05-22,남자,불명,경기도,국내온라인거래,이동전화서비스,부당행위
2024026831,2024-05-22,남자,20 - 29세,충청남도,모바일거래,신유형상품권,부당행위
2024026849,2024-05-22,여자,50 - 59세,경상북도,일반판매,식탁,계약해제.해지/위약금
2024026857,2024-05-22,남자,70 - 79세,서울특별시,일반판매,TV,AS불만
2024026863,2024-05-22,남자,20 - 29세,경상남도,일반판매,이동전화서비스,계약불이행(불완전이행)
2024026866,2024-05-22,남자,40 - 49세,전라북도,일반판매,자동차수리·점검,AS불만
2024026938,2024-05-22,남자,30 - 39세,인천광역시,일반판매,이동전화서비스,부당행위
2024026800,2024-05-22,여자,불명,서울특별시,기타,포장이사운송서비스,품질(물품/용역)
2024026815,2024-05-22,여자,40 - 49세,충청남도,국내온라인거래,키보드,품질(물품/용역)
2024026816,2024-05-22,남자,50 - 59세,경상북도,전화권유판매,유사투자자문,계약해제.해지/위약금
2024026820,2024-05-22,남자,30 - 39세,서울특별시,일반판매,국내결혼중개,계약해제.해지/위약금
2024026808,2024-05-22,여자,65 - 69세,서울특별시,국내온라인거래,다이어트식품,품질(물품/용역)
2024026818,2024-05-22,남자,40 - 49세,경기도,일반판매,성형외과,품질(물품/용역)
2024026834,2024-05-22,여자,40 - 49세,경상북도,일반판매,자동차세차,AS불만
2024026844,2024-05-22,남자,30 - 39세,경기도,국내온라인거래,항공여객운송서비스,청약철회
2024026845,2024-05-22,남자,불명,경기도,기타,기타미분류서비스,부당행위
2024026853,2024-05-22,여자,20 - 29세,경기도,국내온라인거래,쇠고기포장육,표시.광고
2024026872,2024-05-22,여자,50 - 59세,세종특별자치시,국내온라인거래,국외여행,계약불이행(불완전이행)
2024026860,2024-05-22,여자,20 - 29세,경기도,일반판매,기타서적음반류,청약철회
2024026875,2024-05-22,여자,40 - 49세,서울특별시,일반판매,헬스장,계약해제.해지/위약금
2024026892,2024-05-22,남자,30 - 39세,대전광역시,기타통신판매,건강(암·기타질병)보험,부당행위
2024026510,2024-05-22,여자,20 - 29세,충청남도,일반판매,기타의류·섬유,청약철회
2024025236,2024-05-22,남자,50 - 59세,경기도,일반판매,티셔츠,품질(물품/용역)
2024026941,2024-05-22,여자,30 - 39세,서울특별시,전화권유판매,상조서비스,계약불이행(불완전이행)
2024026878,2024-05-22,남자,30 - 39세,부산광역시,모바일거래,기타자동차부품,청약철회
2024026882,2024-05-22,여자,60 - 64세,충청남도,일반판매,건강(암·기타질병)보험,약관
2024026883,2024-05-22,여자,30 - 39세,부산광역시,모바일거래,기타가방,청약철회
2024026910,2024-05-22,남자,30 - 39세,충청남도,국내온라인거래,항공여객운송서비스,계약해제.해지/위약금
2024026930,2024-05-22,여자,40 - 49세,경상남도,기타,욕실설비,AS불만
2024026934,2024-05-22,남자,30 - 39세,경기도,일반판매,아파트,계약해제.해지/위약금
2024026937,2024-05-22,남자,40 - 49세,부산광역시,방문판매,국외여행,계약해제.해지/위약금
2024027041,2024-05-23,여자,40 - 49세,서울특별시,국내온라인거래,신유형상품권,계약해제.해지/위약금
2024027042,2024-05-23,남자,30 - 39세,경기도,국내온라인거래,기타스포츠·레저기구·용품,청약철회
2024027046,2024-05-23,여자,40 - 49세,부산광역시,일반판매,헬스장,계약해제.해지/위약금
2024027048,2024-05-23,여자,40 - 49세,서울특별시,국내온라인거래,국외여행,품질(물품/용역)
2024027063,2024-05-23,남자,60 - 64세,대전광역시,국내온라인거래,안마의자,AS불만
2024027069,2024-05-23,남자,50 - 59세,전라북도,국내온라인거래,식물추출물발효제품,품질(물품/용역)
2024027088,2024-05-23,남자,30 - 39세,충청남도,기타통신판매,오토바이,계약불이행(불완전이행)
2024027098,2024-05-23,남자,30 - 39세,부산광역시,일반판매,기타자동차용품,품질(물품/용역)
2024027103,2024-05-23,여자,40 - 49세,서울특별시,일반판매,실손보험,계약불이행(불완전이행)
2024027112,2024-05-23,여자,20 - 29세,전라북도,일반판매,미용서비스,품질(물품/용역)
2024027135,2024-05-23,여자,20 - 29세,경상남도,방문판매,헬스장,계약해제.해지/위약금
2024027136,2024-05-23,여자,30 - 39세,서울특별시,일반판매,초고속인터넷,계약해제.해지/위약금
2024027146,2024-05-23,남자,30 - 39세,경기도,국내온라인거래,스포츠웨어,청약철회
2024027150,2024-05-23,남자,40 - 49세,경기도,일반판매,정수기대여(렌트),거래관행
2024026272,2024-05-23,여자,20 - 29세,서울특별시,일반판매,양복(서양식 의복)세탁,품질(물품/용역)
2024027080,2024-05-23,여자,50 - 59세,서울특별시,국내온라인거래,스포츠웨어,청약철회
2024027099,2024-05-23,남자,70 - 79세,부산광역시,일반판매,치과,품질(물품/용역)
2024027105,2024-05-23,남자,40 - 49세,경기도,일반판매,전기자전거,부당행위
2024020842,2024-05-23,남자,40 - 49세,경기도,일반판매,등산화,품질(물품/용역)
2024023358,2024-05-23,여자,50 - 59세,울산광역시,일반판매,운동화,품질(물품/용역)
2024027062,2024-05-23,남자,70 - 79세,경기도,기타,유사투자자문,계약해제.해지/위약금
2024027039,2024-05-23,남자,50 - 59세,충청북도,전화권유판매,기타건강식품,계약불이행(불완전이행)
2024027043,2024-05-23,남자,40 - 49세,부산광역시,모바일거래,카셰어링,계약해제.해지/위약금
2024027054,2024-05-23,여자,40 - 49세,부산광역시,국내온라인거래,소금,품질(물품/용역)
2024027055,2024-05-23,여자,60 - 64세,경기도,TV홈쇼핑,기타이·미용기구,청약철회
2024027057,2024-05-23,여자,50 - 59세,경기도,소셜커머스(쇼핑),사과,표시.광고
2024027059,2024-05-23,여자,65 - 69세,서울특별시,일반판매,기타의류·섬유,청약철회
2024027065,2024-05-23,남자,30 - 39세,강원특별자치도,모바일거래,기타알선·중개·번역서비스,계약불이행(불완전이행)
2024027066,2024-05-23,여자,20 - 29세,인천광역시,일반판매,미용서비스,계약불이행(불완전이행)
2024027067,2024-05-23,여자,40 - 49세,경기도,소셜커머스(쇼핑),전기세탁기,부당행위
2024027072,2024-05-23,남자,40 - 49세,경상북도,소셜커머스(쇼핑),기타책상·테이블류,청약철회
2024027137,2024-05-23,여자,65 - 69세,경기도,일반판매,교통카드,품질(물품/용역)
2024027082,2024-05-23,남자,30 - 39세,서울특별시,모바일거래,피부·체형관리서비스,계약해제.해지/위약금
2024027084,2024-05-23,여자,40 - 49세,경기도,국내온라인거래,블루투스스피커,청약철회
2024027090,2024-05-23,여자,30 - 39세,경상북도,일반판매,연수기대여(렌트),계약해제.해지/위약금
2024027113,2024-05-23,남자,40 - 49세,서울특별시,국내온라인거래,중형승용자동차,계약불이행(불완전이행)
2024027119,2024-05-23,남자,40 - 49세,경기도,일반판매,중형승용자동차,품질(물품/용역)
2024027120,2024-05-23,남자,70 - 79세,인천광역시,일반판매,룸에어컨,안전(제품/시설)
2024027122,2024-05-23,여자,20 - 29세,대구광역시,국내온라인거래,항공여객운송서비스,계약해제.해지/위약금
2024027138,2024-05-23,남자,80세이상,서울특별시,일반판매,이동전화서비스,거래관행
2024027149,2024-05-23,여자,50 - 59세,서울특별시,기타,인터넷정보이용서비스,거래관행
2024027151,2024-05-23,여자,30 - 39세,경기도,일반판매,숙녀화(구두·부츠 등),청약철회
2024027162,2024-05-23,여자,50 - 59세,경기도,기타,펜션,계약해제.해지/위약금
2024027163,2024-05-23,여자,30 - 39세,서울특별시,국내온라인거래,국외여행,계약불이행(불완전이행)
2024027164,2024-05-23,여자,30 - 39세,서울특별시,국제온라인거래,호텔,계약해제.해지/위약금
2024027165,2024-05-23,남자,40 - 49세,전라북도,일반판매,중고전자제품매매업,계약불이행(불완전이행)
2024027107,2024-05-23,남자,70 - 79세,서울특별시,전화권유판매,유사투자자문,계약해제.해지/위약금
2024027143,2024-05-23,여자,60 - 64세,서울특별시,기타,유사투자자문,계약해제.해지/위약금
2024027167,2024-05-23,여자,30 - 39세,서울특별시,국내온라인거래,모바일게임서비스,계약해제.해지/위약금
2024027168,2024-05-23,남자,30 - 39세,서울특별시,국내온라인거래,케이크,청약철회
2024027169,2024-05-23,여자,20 - 29세,경기도,국내온라인거래,핸드백,부당행위
2024027170,2024-05-23,남자,40 - 49세,서울특별시,일반판매,택배화물운송서비스,가격.요금
2024027171,2024-05-23,여자,20 - 29세,울산광역시,일반판매,일반강습(입시학원등),계약불이행(불완전이행)
2024027172,2024-05-23,남자,60 - 64세,부산광역시,국내온라인거래,기타식품류,품질(물품/용역)
2024027173,2024-05-23,남자,30 - 39세,경기도,국내온라인거래,초고속인터넷,품질(물품/용역)
2024027174,2024-05-23,남자,50 - 59세,전라북도,국내온라인거래,TV,청약철회
2024027175,2024-05-23,남자,30 - 39세,서울특별시,일반판매,헬스장,청약철회
2024027176,2024-05-23,남자,20 - 29세,경기도,일반판매,양복(서양식 의복)세탁,품질(물품/용역)
2024027177,2024-05-23,남자,60 - 64세,인천광역시,국내온라인거래,기타건강식품,표시.광고
2024027178,2024-05-23,여자,40 - 49세,경기도,모바일거래,"OTT서비스(넷플릭스,왓챠 등)",부당행위
2024027179,2024-05-23,여자,30 - 39세,대전광역시,모바일거래,인터넷교육서비스,청약철회
2024027180,2024-05-23,여자,40 - 49세,서울특별시,TV홈쇼핑,의료용구대여(렌트),부당행위
2024027181,2024-05-23,남자,30 - 39세,부산광역시,국내온라인거래,TV,청약철회
2024027182,2024-05-23,여자,30 - 39세,서울특별시,국내온라인거래,선박여객운송서비스,계약해제.해지/위약금
2024027183,2024-05-23,여자,20 - 29세,서울특별시,기타,헬스장,계약해제.해지/위약금
2024027184,2024-05-23,남자,20 - 29세,경상북도,국내온라인거래,소파,청약철회
2024027185,2024-05-23,남자,20 - 29세,경기도,일반판매,헬스장,계약해제.해지/위약금
2024027186,2024-05-23,남자,40 - 49세,경기도,일반판매,단독·다가구주택,AS불만
2024027187,2024-05-23,여자,20 - 29세,경기도,방문판매,헬스장,계약해제.해지/위약금
2024027188,2024-05-23,남자,30 - 39세,서울특별시,국내온라인거래,포장이사운송서비스,계약불이행(불완전이행)
2024027189,2024-05-23,남자,20 - 29세,경상북도,일반판매,기타문화·오락시설이용,계약해제.해지/위약금
2024027190,2024-05-23,남자,40 - 49세,서울특별시,국내온라인거래,국외여행,계약불이행(불완전이행)
2024027191,2024-05-23,여자,20 - 29세,서울특별시,국내온라인거래,기타내의류,청약철회
2024027192,2024-05-23,여자,20 - 29세,경기도,일반판매,필라테스,계약해제.해지/위약금
2024027193,2024-05-23,남자,30 - 39세,충청남도,일반판매,고시원이용,계약해제.해지/위약금
2024027194,2024-05-23,남자,40 - 49세,울산광역시,국내온라인거래,텐트,품질(물품/용역)
2024027195,2024-05-23,여자,50 - 59세,경상남도,일반판매,공중목욕탕,계약불이행(불완전이행)
2024027196,2024-05-23,남자,40 - 49세,경기도,일반판매,벽지·바닥재,청약철회
2024027197,2024-05-23,남자,50 - 59세,서울특별시,국내온라인거래,냉장고,부당행위
2024027198,2024-05-23,여자,30 - 39세,서울특별시,국내온라인거래,캐주얼바지,청약철회
2024027199,2024-05-23,남자,30 - 39세,경기도,기타,기타인테리어설비,AS불만
2024027200,2024-05-23,여자,50 - 59세,서울특별시,모바일거래,호텔,계약해제.해지/위약금
2024027201,2024-05-23,남자,30 - 39세,부산광역시,일반판매,초고속인터넷,계약불이행(불완전이행)
2024027202,2024-05-23,여자,20 - 29세,경상남도,방문판매,소파,청약철회
2024027203,2024-05-23,남자,30 - 39세,대구광역시,모바일거래,인터넷정보이용서비스,계약해제.해지/위약금
2024027204,2024-05-23,남자,30 - 39세,경기도,일반판매,스포츠웨어,품질(물품/용역)
2024027205,2024-05-23,여자,40 - 49세,경기도,국내온라인거래,기타가방,청약철회
2024027206,2024-05-23,여자,40 - 49세,경기도,모바일거래,항공여객운송서비스,청약철회
2024027207,2024-05-23,여자,20 - 29세,대구광역시,방문판매,결혼준비대행서비스,계약해제.해지/위약금
2024027208,2024-05-23,여자,40 - 49세,서울특별시,기타통신판매,비타민제,계약해제.해지/위약금
2024027209,2024-05-23,여자,20 - 29세,경기도,방문판매,헬스장,계약해제.해지/위약금
2024027210,2024-05-23,남자,30 - 39세,경기도,일반판매,아파트,품질(물품/용역)
2024027211,2024-05-23,남자,30 - 39세,대전광역시,일반판매,건강침대(흙·돌등),품질(물품/용역)
2024027212,2024-05-23,남자,30 - 39세,경상북도,일반판매,택배화물운송서비스,품질(물품/용역)
2024027213,2024-05-23,여자,30 - 39세,경상북도,일반판매,결혼준비대행서비스,계약해제.해지/위약금
2024027214,2024-05-23,여자,20 - 29세,경기도,일반판매,헬스장,계약불이행(불완전이행)
2024027215,2024-05-23,남자,30 - 39세,경상북도,국내온라인거래,기타관람·감상,청약철회
2024023372,2024-05-23,여자,40 - 49세,울산광역시,국내온라인거래,운동화,품질(물품/용역)
2024026258,2024-05-23,남자,20 - 29세,서울특별시,일반판매,양복(서양식 의복)세탁,품질(물품/용역)
2024027144,2024-05-23,남자,40 - 49세,세종특별자치시,국내온라인거래,티셔츠,계약불이행(불완전이행)
2024027216,2024-05-23,남자,30 - 39세,경상남도,일반판매,제조물·생산및영업배상보험,부당행위
2024027217,2024-05-23,여자,50 - 59세,서울특별시,전화권유판매,기타복지서비스,계약해제.해지/위약금
2024027218,2024-05-23,여자,30 - 39세,경상남도,전화권유판매,인터넷정보이용서비스,계약해제.해지/위약금
2024027219,2024-05-23,여자,40 - 49세,서울특별시,국내온라인거래,호텔,청약철회
2024027220,2024-05-23,여자,40 - 49세,경기도,국내온라인거래,호텔,계약해제.해지/위약금
2024027221,2024-05-23,여자,30 - 39세,경기도,일반판매,필라테스,계약해제.해지/위약금
2024027222,2024-05-23,여자,30 - 39세,경기도,국내온라인거래,기타숙박시설,계약해제.해지/위약금
2024027223,2024-05-23,남자,30 - 39세,경기도,일반판매,기타세탁서비스,품질(물품/용역)
2024027224,2024-05-23,여자,30 - 39세,서울특별시,모바일거래,기타침대류,청약철회
2024027225,2024-05-23,남자,30 - 39세,대구광역시,모바일거래,조립완구,품질(물품/용역)
2024027226,2024-05-23,여자,20 - 29세,경상남도,국내온라인거래,캐주얼바지,품질(물품/용역)
2024027227,2024-05-23,남자,30 - 39세,서울특별시,국내온라인거래,셔츠,품질(물품/용역)
2024027228,2024-05-23,여자,30 - 39세,서울특별시,모바일거래,기타완구·인형,계약불이행(불완전이행)
2024027229,2024-05-23,여자,30 - 39세,서울특별시,방문판매,헬스장,계약불이행(불완전이행)
2024027230,2024-05-23,남자,40 - 49세,경상북도,기타통신판매,국내결혼중개,계약해제.해지/위약금
2024027231,2024-05-23,여자,30 - 39세,서울특별시,국내온라인거래,기타의류·섬유,청약철회
2024027232,2024-05-23,여자,20 - 29세,서울특별시,일반판매,헬스장,계약불이행(불완전이행)
2024027233,2024-05-23,남자,20 - 29세,경기도,국내온라인거래,펜션,계약해제.해지/위약금
2024027234,2024-05-23,남자,40 - 49세,대구광역시,소셜커머스(쇼핑),복합기,청약철회
2024027235,2024-05-23,남자,40 - 49세,서울특별시,국내온라인거래,TV대,계약불이행(불완전이행)
2024027236,2024-05-23,남자,30 - 39세,경기도,일반판매,종합체육시설회원권,계약해제.해지/위약금
2024027237,2024-05-23,남자,40 - 49세,인천광역시,일반판매,식탁,계약해제.해지/위약금
2024027238,2024-05-23,여자,50 - 59세,충청북도,국내온라인거래,점퍼·재킷류,계약불이행(불완전이행)
2024027239,2024-05-23,남자,40 - 49세,대전광역시,국내온라인거래,기타숙박시설,계약해제.해지/위약금
2024027240,2024-05-23,남자,30 - 39세,서울특별시,일반판매,항공여객운송서비스,품질(물품/용역)
2024027241,2024-05-23,남자,30 - 39세,경기도,일반판매,국내결혼중개,계약해제.해지/위약금
2024027242,2024-05-23,여자,50 - 59세,충청남도,일반판매,김치냉장고,계약불이행(불완전이행)
2024027243,2024-05-23,여자,50 - 59세,경기도,기타통신판매,기타곡류·곡류가공식품,청약철회
2024027244,2024-05-23,여자,40 - 49세,서울특별시,국내온라인거래,믹서기,청약철회
2024027245,2024-05-23,남자,30 - 39세,서울특별시,국제온라인거래,케이크,계약불이행(불완전이행)
2024027246,2024-05-23,여자,20 - 29세,경상남도,일반판매,예식서비스,계약해제.해지/위약금
2024027247,2024-05-23,여자,40 - 49세,경기도,기타,헬스장,계약해제.해지/위약금
2024027248,2024-05-23,여자,30 - 39세,전라북도,국내온라인거래,항공여객운송서비스,계약해제.해지/위약금
2024021018,2024-05-23,여자,20 - 29세,서울특별시,일반판매,신발세탁,품질(물품/용역)
2024024113,2024-05-23,여자,30 - 39세,경상남도,일반판매,샌들·슬리퍼,계약불이행(불완전이행)
2024027249,2024-05-23,남자,30 - 39세,경기도,국내온라인거래,펜션,계약해제.해지/위약금
2024027250,2024-05-23,남자,30 - 39세,서울특별시,국제온라인거래,조립완구,계약불이행(불완전이행)
2024027251,2024-05-23,남자,20 - 29세,서울특별시,일반판매,캐주얼바지,품질(물품/용역)
2024027252,2024-05-23,남자,40 - 49세,경상남도,일반판매,기타통신기기,부당행위
2024021430,2024-05-23,여자,20 - 29세,경기도,국내온라인거래,신발세탁,계약불이행(불완전이행)
2024024980,2024-05-23,여자,30 - 39세,서울특별시,일반판매,기타세탁서비스,품질(물품/용역)
2024024080,2024-05-23,남자,50 - 59세,대구광역시,일반판매,기타세탁서비스,품질(물품/용역)
2024025634,2024-05-23,여자,30 - 39세,경상남도,일반판매,양복(서양식 의복)세탁,품질(물품/용역)
2024027281,2024-05-23,남자,30 - 39세,경기도,일반판매,시계,품질(물품/용역)
2024027282,2024-05-23,여자,60 - 64세,경기도,일반판매,포장이사운송서비스,품질(물품/용역)
2024027283,2024-05-23,남자,30 - 39세,서울특별시,국내온라인거래,영화관람,계약불이행(불완전이행)
2024027284,2024-05-23,여자,30 - 39세,경기도,소셜커머스(쇼핑),헤어브러시,품질(물품/용역)
2024027285,2024-05-23,남자,30 - 39세,경상남도,일반판매,중고자동차중개·매매,품질(물품/용역)
2024027286,2024-05-23,남자,20 - 29세,경기도,국내온라인거래,기타통신기기,품질(물품/용역)
2024027287,2024-05-23,여자,20 - 29세,전라북도,국내온라인거래,헤어드라이어,품질(물품/용역)
2024027288,2024-05-23,여자,30 - 39세,서울특별시,일반판매,정수기대여(렌트),AS불만
2024027289,2024-05-23,남자,20 - 29세,경기도,국내온라인거래,각종공연관람,계약해제.해지/위약금
2024027290,2024-05-23,여자,20 - 29세,경기도,국내온라인거래,기타서적음반류,청약철회
2024027060,2024-05-23,남자,40 - 49세,경기도,모바일거래,유사투자자문,계약해제.해지/위약금
2024027061,2024-05-23,여자,20 - 29세,충청북도,방문판매,인터넷교육서비스,계약불이행(불완전이행)
2024027076,2024-05-23,남자,불명,경기도,국내온라인거래,참외,품질(물품/용역)
2024027077,2024-05-23,여자,50 - 59세,서울특별시,방문판매,기타매체광고,청약철회
2024027253,2024-05-23,남자,40 - 49세,경기도,국내온라인거래,낚시용품,품질(물품/용역)
2024027254,2024-05-23,여자,20 - 29세,경기도,방문판매,포장이사운송서비스,계약불이행(불완전이행)
2024027255,2024-05-23,남자,30 - 39세,대구광역시,국내온라인거래,조립완구,청약철회
2024027256,2024-05-23,남자,50 - 59세,경기도,전화권유판매,무선전화기,부당행위
2024027257,2024-05-23,여자,40 - 49세,경기도,국내온라인거래,냄비,품질(물품/용역)
2024027258,2024-05-23,여자,40 - 49세,경상남도,국내온라인거래,니트(스웨터),청약철회
2024027259,2024-05-23,남자,40 - 49세,경기도,국내온라인거래,룸에어컨,품질(물품/용역)
2024027260,2024-05-23,남자,50 - 59세,경기도,국내온라인거래,모바일정보이용서비스,계약해제.해지/위약금
2024027261,2024-05-23,여자,40 - 49세,경기도,일반판매,헬스장,계약해제.해지/위약금
2024027262,2024-05-23,남자,50 - 59세,경기도,전화권유판매,기타건강식품,계약해제.해지/위약금
2024027263,2024-05-23,여자,30 - 39세,광주광역시,일반판매,학습지,계약불이행(불완전이행)
2024027264,2024-05-23,남자,60 - 64세,서울특별시,일반판매,호텔,계약불이행(불완전이행)
2024027265,2024-05-23,남자,30 - 39세,서울특별시,일반판매,티셔츠,품질(물품/용역)
2024027266,2024-05-23,여자,30 - 39세,경기도,모바일거래,펜션,부당행위
2024027267,2024-05-23,여자,20 - 29세,서울특별시,국제온라인거래,항공여객운송서비스,부당행위
2024027268,2024-05-23,여자,20 - 29세,부산광역시,일반판매,예식서비스,계약해제.해지/위약금
2024027269,2024-05-23,여자,40 - 49세,경기도,일반판매,기타의류·섬유,청약철회
2024027270,2024-05-23,남자,20 - 29세,인천광역시,일반판매,기타가사서비스,계약불이행(불완전이행)
2024027271,2024-05-23,여자,40 - 49세,경기도,일반판매,기름보일러,품질(물품/용역)
2024027272,2024-05-23,여자,40 - 49세,경기도,일반판매,미용서비스,계약해제.해지/위약금
2024027273,2024-05-23,여자,40 - 49세,광주광역시,국내온라인거래,보석·귀금속,계약불이행(불완전이행)
2024027274,2024-05-23,여자,20 - 29세,인천광역시,국내온라인거래,캐주얼바지,품질(물품/용역)
2024027275,2024-05-23,남자,30 - 39세,경기도,방문판매,결혼준비대행서비스,계약해제.해지/위약금
2024027276,2024-05-23,여자,20 - 29세,경상북도,국내온라인거래,숙녀화(구두·부츠 등),청약철회
2024027277,2024-05-23,남자,30 - 39세,서울특별시,전화권유판매,기타매체광고,계약해제.해지/위약금
2024027278,2024-05-23,여자,20 - 29세,경기도,국내온라인거래,모바일정보이용서비스,계약해제.해지/위약금
2024027279,2024-05-23,남자,50 - 59세,전라남도,국내온라인거래,룸에어컨,계약불이행(불완전이행)
2024027280,2024-05-23,남자,30 - 39세,서울특별시,기타,전자게임기구,AS불만
2024025602,2024-05-23,여자,30 - 39세,충청북도,국내온라인거래,스포츠웨어,품질(물품/용역)
2024026312,2024-05-23,여자,30 - 39세,서울특별시,일반판매,양복(서양식 의복)세탁,품질(물품/용역)
2024025572,2024-05-23,여자,50 - 59세,경기도,TV홈쇼핑,핸드백,품질(물품/용역)
2024027045,2024-05-23,남자,30 - 39세,경상북도,국내온라인거래,기타자동차용품,AS불만
2024025798,2024-05-23,여자,40 - 49세,경기도,일반판매,양복(서양식 의복)세탁,품질(물품/용역)
2024027052,2024-05-23,여자,30 - 39세,경기도,일반판매,한의원,계약해제.해지/위약금
2024027056,2024-05-23,남자,40 - 49세,충청남도,일반판매,자동차대여(렌트),계약해제.해지/위약금
2024027070,2024-05-23,여자,30 - 39세,전라북도,일반판매,펜션,가격.요금
2024027081,2024-05-23,남자,80세이상,서울특별시,기타통신판매,전기맛사지기,표시.광고
2024025234,2024-05-23,남자,30 - 39세,서울특별시,일반판매,양복(서양식 의복)세탁,품질(물품/용역)
2024025835,2024-05-23,여자,50 - 59세,경기도,일반판매,캐주얼바지,품질(물품/용역)
2024024061,2024-05-23,여자,40 - 49세,서울특별시,일반판매,양복(서양식 의복)세탁,품질(물품/용역)
2024024511,2024-05-23,여자,40 - 49세,경기도,일반판매,캐주얼바지,품질(물품/용역)
2024025514,2024-05-23,여자,30 - 39세,인천광역시,일반판매,점퍼·재킷류,품질(물품/용역)
2024024325,2024-05-23,여자,50 - 59세,경기도,일반판매,양복(서양식 의복)세탁,품질(물품/용역)
2024024975,2024-05-23,남자,60 - 64세,인천광역시,일반판매,양복(서양식 의복)세탁,품질(물품/용역)
2024027091,2024-05-23,여자,40 - 49세,인천광역시,일반판매,아이스크림,표시.광고
2024027114,2024-05-23,여자,50 - 59세,경상남도,TV홈쇼핑,실손보험,계약불이행(불완전이행)
2024027115,2024-05-23,남자,50 - 59세,경기도,기타통신판매,인터넷정보이용서비스,계약불이행(불완전이행)
2024027141,2024-05-23,여자,30 - 39세,대구광역시,기타,반포장이사운송서비스,계약불이행(불완전이행)
2024027148,2024-05-23,여자,40 - 49세,경기도,국내온라인거래,가발,계약불이행(불완전이행)
2024027049,2024-05-23,남자,30 - 39세,부산광역시,일반판매,자동차수리·점검,청약철회
2024027050,2024-05-23,여자,30 - 39세,부산광역시,국내온라인거래,전기장판,AS불만
2024027073,2024-05-23,여자,40 - 49세,경기도,기타,보증보험,계약불이행(불완전이행)
2024026596,2024-05-23,여자,30 - 39세,경기도,일반판매,양복(서양식 의복)세탁,품질(물품/용역)
2024026581,2024-05-23,여자,30 - 39세,광주광역시,일반판매,한복세탁,품질(물품/용역)
2024025224,2024-05-23,남자,30 - 39세,서울특별시,국내온라인거래,셔츠,품질(물품/용역)
2024025246,2024-05-23,여자,40 - 49세,경기도,국내온라인거래,스포츠웨어,품질(물품/용역)
2024026629,2024-05-23,여자,30 - 39세,대전광역시,일반판매,캐주얼바지,품질(물품/용역)
2024027044,2024-05-23,남자,40 - 49세,인천광역시,모바일거래,대리운전,가격.요금
2024027047,2024-05-23,여자,30 - 39세,경기도,일반판매,헬스장,계약해제.해지/위약금
2024027085,2024-05-23,여자,30 - 39세,경기도,일반판매,숙녀화(구두·부츠 등),계약불이행(불완전이행)
2024027087,2024-05-23,남자,40 - 49세,부산광역시,전화권유판매,모바일정보이용서비스,계약해제.해지/위약금
2024027092,2024-05-23,남자,65 - 69세,경기도,일반판매,자동차수리·점검,품질(물품/용역)
2024027095,2024-05-23,여자,40 - 49세,경기도,국내온라인거래,카메라,표시.광고
2024027117,2024-05-23,여자,50 - 59세,서울특별시,일반판매,헬스장,계약해제.해지/위약금
2024027132,2024-05-23,남자,50 - 59세,서울특별시,국내온라인거래,다이어트식품,청약철회
2024027123,2024-05-23,남자,50 - 59세,서울특별시,일반판매,상품권,계약해제.해지/위약금
2024027127,2024-05-23,여자,65 - 69세,전라남도,일반판매,가스레인지,안전(제품/시설)
2024027140,2024-05-23,여자,70 - 79세,부산광역시,전화권유판매,유사투자자문,계약해제.해지/위약금
2024023310,2024-05-23,남자,40 - 49세,충청북도,국내온라인거래,샌들·슬리퍼,품질(물품/용역)
2024024094,2024-05-23,여자,30 - 39세,광주광역시,일반판매,양복(서양식 의복)세탁,품질(물품/용역)
2024025200,2024-05-23,남자,60 - 64세,경기도,일반판매,점퍼·재킷류,품질(물품/용역)
2024027106,2024-05-23,여자,20 - 29세,서울특별시,국내온라인거래,애완동·식물용품,가격.요금
2024027110,2024-05-23,여자,30 - 39세,제주도,일반판매,성형외과,품질(물품/용역)
2024027129,2024-05-23,남자,65 - 69세,충청남도,일반판매,치과,품질(물품/용역)
2024027130,2024-05-23,여자,60 - 64세,경기도,일반판매,실손보험,계약불이행(불완전이행)
2024027131,2024-05-23,여자,50 - 59세,경상북도,국내온라인거래,응접테이블,품질(물품/용역)
2024027093,2024-05-23,남자,30 - 39세,대구광역시,일반판매,응급의학과,품질(물품/용역)
2024027094,2024-05-23,여자,40 - 49세,서울특별시,일반판매,기타병·의원서비스,계약해제.해지/위약금
2024027096,2024-05-23,여자,10 - 19세,서울특별시,일반판매,성형외과,계약해제.해지/위약금
2024027102,2024-05-23,여자,20 - 29세,서울특별시,국내온라인거래,인터넷교육서비스,계약해제.해지/위약금
2024027109,2024-05-23,남자,30 - 39세,경기도,일반판매,전기세탁기,품질(물품/용역)
2024027154,2024-05-23,남자,20 - 29세,대전광역시,국내온라인거래,각종공연관람,계약불이행(불완전이행)
2024027155,2024-05-23,남자,30 - 39세,경기도,국내온라인거래,가축사료,계약불이행(불완전이행)
2024027040,2024-05-23,여자,70 - 79세,경기도,일반판매,치과,품질(물품/용역)
2024027051,2024-05-23,남자,50 - 59세,울산광역시,일반판매,자동차수리·점검,계약불이행(불완전이행)
2024027068,2024-05-23,여자,20 - 29세,대전광역시,국내온라인거래,통신기기케이스,계약불이행(불완전이행)
2024027083,2024-05-23,여자,50 - 59세,서울특별시,일반판매,성형외과,계약해제.해지/위약금
2024027104,2024-05-23,여자,40 - 49세,경기도,국내온라인거래,CCTV,청약철회
2024027121,2024-05-23,남자,50 - 59세,서울특별시,국내온라인거래,기타자동차용품,품질(물품/용역)
2024027124,2024-05-23,여자,30 - 39세,서울특별시,일반판매,실손보험,계약불이행(불완전이행)
2024027152,2024-05-23,여자,30 - 39세,서울특별시,전화권유판매,점퍼·재킷류,계약해제.해지/위약금
2024027058,2024-05-23,남자,20 - 29세,인천광역시,일반판매,향수,품질(물품/용역)
2024027064,2024-05-23,여자,30 - 39세,서울특별시,국제온라인거래,점퍼·재킷류,청약철회
2024027086,2024-05-23,여자,65 - 69세,대구광역시,TV홈쇼핑,음식물처리기대여(렌트),AS불만
2024027089,2024-05-23,남자,30 - 39세,전라남도,일반판매,미용서비스,계약불이행(불완전이행)
2024027108,2024-05-23,남자,50 - 59세,경기도,일반판매,자동차수리·점검,품질(물품/용역)
2024027125,2024-05-23,여자,30 - 39세,서울특별시,국제온라인거래,기타문화용품,계약불이행(불완전이행)
2024027139,2024-05-23,여자,30 - 39세,경기도,일반판매,자동차수리·점검,품질(물품/용역)
2024027142,2024-05-23,남자,80세이상,부산광역시,일반판매,이동전화서비스,계약불이행(불완전이행)
2024027159,2024-05-23,여자,50 - 59세,서울특별시,전화권유판매,다이어트식품,계약불이행(불완전이행)
2024027327,2024-05-24,남자,50 - 59세,경기도,일반판매,중형승용자동차,계약불이행(불완전이행)
2024027336,2024-05-24,남자,40 - 49세,충청남도,기타통신판매,타이어,계약해제.해지/위약금
2024027366,2024-05-24,남자,30 - 39세,서울특별시,기타,기타의료서비스,부당행위
2024027294,2024-05-24,남자,40 - 49세,경기도,국내온라인거래,가구세트,부당행위
2024027299,2024-05-24,남자,20 - 29세,경기도,기타,기타인테리어설비,AS불만
2024027306,2024-05-24,여자,50 - 59세,인천광역시,국내온라인거래,공제보험,약관
2024027309,2024-05-24,남자,30 - 39세,충청남도,일반판매,고시원이용,부당행위
2024027310,2024-05-24,여자,40 - 49세,인천광역시,일반판매,다이어트식품,계약불이행(불완전이행)
2024027317,2024-05-24,여자,20 - 29세,경기도,기타통신판매,이동전화서비스,계약불이행(불완전이행)
2024027334,2024-05-24,남자,40 - 49세,경기도,일반판매,기타세탁서비스,부당행위
2024027338,2024-05-24,남자,40 - 49세,경기도,국내온라인거래,기타자동차용품,부당행위
2024027344,2024-05-24,남자,50 - 59세,서울특별시,기타,오피스텔,계약불이행(불완전이행)
2024027351,2024-05-24,남자,30 - 39세,서울특별시,기타통신판매,책상,청약철회
2024027343,2024-05-24,남자,50 - 59세,서울특별시,방문판매,상조서비스,청약철회
2024027353,2024-05-24,남자,40 - 49세,대구광역시,기타통신판매,건물청소서비스,계약해제.해지/위약금
2024027368,2024-05-24,여자,30 - 39세,인천광역시,일반판매,기타문화용품,계약불이행(불완전이행)
2024027369,2024-05-24,여자,20 - 29세,경기도,일반판매,예식서비스,계약해제.해지/위약금
2024027311,2024-05-24,여자,20 - 29세,경기도,모바일거래,일반자전거,부당행위
2024027304,2024-05-24,여자,65 - 69세,서울특별시,기타,치과,품질(물품/용역)
2024027339,2024-05-24,여자,40 - 49세,경기도,모바일거래,모바일정보이용서비스,청약철회
2024027348,2024-05-24,남자,50 - 59세,경기도,일반판매,대형승용자동차,AS불만
2024027350,2024-05-24,여자,30 - 39세,경상남도,국내온라인거래,기타문화용품,청약철회
2024027357,2024-05-24,여자,20 - 29세,대구광역시,일반판매,산부인과,품질(물품/용역)
2024027358,2024-05-24,남자,65 - 69세,충청북도,일반판매,기타가스류,계약해제.해지/위약금
2024027363,2024-05-24,남자,50 - 59세,대전광역시,일반판매,의류수선,계약불이행(불완전이행)
2024027370,2024-05-24,여자,40 - 49세,세종특별자치시,일반판매,택배화물운송서비스,계약해제.해지/위약금
2024027371,2024-05-24,남자,40 - 49세,충청북도,일반판매,카셰어링,AS불만
2024027375,2024-05-24,여자,40 - 49세,부산광역시,일반판매,한의원,품질(물품/용역)
2024027346,2024-05-24,남자,10 - 19세,서울특별시,일반판매,피부과,계약해제.해지/위약금
2024027295,2024-05-24,여자,50 - 59세,인천광역시,방문판매,필라테스,계약불이행(불완전이행)
2024027296,2024-05-24,여자,50 - 59세,경기도,기타,국외여행,계약불이행(불완전이행)
2024027297,2024-05-24,여자,20 - 29세,서울특별시,일반판매,성형외과,계약해제.해지/위약금
2024027300,2024-05-24,남자,65 - 69세,경기도,기타,건강(암·기타질병)보험,계약불이행(불완전이행)
2024027303,2024-05-24,여자,60 - 64세,경기도,일반판매,포장이사운송서비스,품질(물품/용역)
2024027323,2024-05-24,여자,60 - 64세,부산광역시,일반판매,아파트,청약철회
2024027340,2024-05-24,여자,40 - 49세,대구광역시,일반판매,테니스장스쿼시회원권,계약해제.해지/위약금
2024027345,2024-05-24,남자,30 - 39세,충청북도,소셜커머스(쇼핑),기타스포츠·레저기구·용품,계약불이행(불완전이행)
2024027362,2024-05-24,남자,20 - 29세,충청남도,전화권유판매,유사투자자문,계약해제.해지/위약금
2024027365,2024-05-24,남자,40 - 49세,경기도,국내온라인거래,인덕션레인지,청약철회
2024027367,2024-05-24,남자,50 - 59세,충청남도,모바일거래,기타회원권,계약불이행(불완전이행)
2024027373,2024-05-24,여자,30 - 39세,경기도,일반판매,보석·귀금속,품질(물품/용역)
2024027401,2024-05-24,여자,20 - 29세,부산광역시,소셜커머스(쇼핑),제습기,품질(물품/용역)
2024027402,2024-05-24,남자,30 - 39세,경기도,기타통신판매,건물청소서비스,품질(물품/용역)
2024027403,2024-05-24,여자,20 - 29세,충청북도,일반판매,여관(모텔),계약해제.해지/위약금
2024027404,2024-05-24,여자,30 - 39세,광주광역시,국내온라인거래,티셔츠,계약불이행(불완전이행)
2024027405,2024-05-24,여자,50 - 59세,경상북도,모바일거래,항공여객운송서비스,계약해제.해지/위약금
2024027406,2024-05-24,남자,30 - 39세,경기도,일반판매,항공여객운송서비스,계약해제.해지/위약금
2024027407,2024-05-24,여자,40 - 49세,경기도,국내온라인거래,기타숙박시설,청약철회
2024027408,2024-05-24,여자,20 - 29세,경상남도,국내온라인거래,여행용가방,청약철회
2024027409,2024-05-24,남자,40 - 49세,경기도,국내온라인거래,시계,계약불이행(불완전이행)
2024027410,2024-05-24,여자,30 - 39세,경기도,일반판매,예식서비스,계약해제.해지/위약금
2024027411,2024-05-24,여자,30 - 39세,경기도,기타,시스템에어컨,계약해제.해지/위약금
2024027412,2024-05-24,여자,20 - 29세,경기도,일반판매,각종자격취득강습,계약해제.해지/위약금
2024027413,2024-05-24,남자,30 - 39세,경기도,기타,인터넷게임서비스,계약해제.해지/위약금
2024027414,2024-05-24,남자,30 - 39세,충청북도,소셜커머스(쇼핑),작동완구,청약철회
2024027415,2024-05-24,남자,40 - 49세,경기도,국내온라인거래,룸에어컨,품질(물품/용역)
2024027416,2024-05-24,남자,50 - 59세,경기도,일반판매,항공여객운송서비스,계약해제.해지/위약금
2024027417,2024-05-24,여자,20 - 29세,광주광역시,국내온라인거래,원피스,청약철회
2024027302,2024-05-24,여자,30 - 39세,서울특별시,국내온라인거래,각종공연관람,부당행위
2024027308,2024-05-24,남자,20 - 29세,경기도,소셜커머스(쇼핑),룸에어컨,부당행위
2024027312,2024-05-24,여자,40 - 49세,경기도,국내온라인거래,우유병,청약철회
2024027331,2024-05-24,여자,40 - 49세,경기도,국내온라인거래,기타가방,표시.광고
2024027332,2024-05-24,여자,30 - 39세,서울특별시,전화권유판매,국내결혼중개,계약해제.해지/위약금
2024027337,2024-05-24,남자,40 - 49세,인천광역시,기타통신판매,기타주방설비,청약철회
2024027349,2024-05-24,여자,20 - 29세,서울특별시,일반판매,신사복세트,품질(물품/용역)
2024027360,2024-05-24,여자,40 - 49세,대구광역시,일반판매,필라테스,계약해제.해지/위약금
2024027418,2024-05-24,여자,40 - 49세,인천광역시,국내온라인거래,전기맛사지기,품질(물품/용역)
2024027419,2024-05-24,여자,40 - 49세,광주광역시,국내온라인거래,유아복,AS불만
2024027420,2024-05-24,여자,20 - 29세,서울특별시,모바일거래,사진촬영,계약해제.해지/위약금
2024027421,2024-05-24,여자,20 - 29세,서울특별시,국내온라인거래,마이크,청약철회
2024027422,2024-05-24,여자,30 - 39세,경기도,국내온라인거래,항공여객운송서비스,계약해제.해지/위약금
2024027423,2024-05-24,여자,40 - 49세,광주광역시,노상판매,기타방문·통신교육서비스,계약해제.해지/위약금
2024027424,2024-05-24,여자,30 - 39세,경기도,국내온라인거래,유산균함유제품,계약해제.해지/위약금
2024027425,2024-05-24,여자,50 - 59세,인천광역시,국내온라인거래,기타신변용품,청약철회
2024027426,2024-05-24,남자,30 - 39세,서울특별시,기타,기타회원권,약관
2024027427,2024-05-24,남자,65 - 69세,서울특별시,기타통신판매,초고속인터넷,AS불만
2024027428,2024-05-24,여자,40 - 49세,전라북도,방문판매,기타교육서비스,계약해제.해지/위약금
2024027429,2024-05-24,여자,50 - 59세,경기도,국내온라인거래,인터넷교육서비스,계약불이행(불완전이행)
2024027430,2024-05-24,여자,30 - 39세,서울특별시,국내온라인거래,호텔,청약철회
2024027431,2024-05-24,남자,20 - 29세,경기도,전화권유판매,헬스장,계약해제.해지/위약금
2024027432,2024-05-24,여자,30 - 39세,인천광역시,국내온라인거래,기타농업용기계,품질(물품/용역)
2024027433,2024-05-24,여자,30 - 39세,전라북도,일반판매,기타가구,품질(물품/용역)
2024027434,2024-05-24,남자,40 - 49세,부산광역시,일반판매,보석·귀금속,계약불이행(불완전이행)
2024027435,2024-05-24,여자,50 - 59세,경기도,일반판매,TV,품질(물품/용역)
2024027436,2024-05-24,여자,20 - 29세,대구광역시,일반판매,일반강습(입시학원등),계약해제.해지/위약금
2024027437,2024-05-24,여자,30 - 39세,대구광역시,다단계판매,학습지,계약해제.해지/위약금
2024027438,2024-05-24,여자,30 - 39세,경기도,국내온라인거래,선풍기,품질(물품/용역)
2024027439,2024-05-24,여자,20 - 29세,경기도,일반판매,건물청소서비스,계약불이행(불완전이행)
2024027440,2024-05-24,남자,50 - 59세,서울특별시,국내온라인거래,욕실설비,청약철회
2024027441,2024-05-24,남자,30 - 39세,서울특별시,일반판매,외식,품질(물품/용역)
2024027442,2024-05-24,여자,30 - 39세,서울특별시,방문판매,국내여행,계약해제.해지/위약금
2024027443,2024-05-24,남자,20 - 29세,서울특별시,일반판매,기타간편복,품질(물품/용역)
2024027444,2024-05-24,남자,50 - 59세,경상남도,일반판매,연수기대여(렌트),품질(물품/용역)
2024027445,2024-05-24,여자,30 - 39세,경기도,국내온라인거래,기타스포츠·레저기구·용품,청약철회
2024027446,2024-05-24,남자,40 - 49세,대구광역시,국내온라인거래,정수기대여(렌트),부당행위
2024027447,2024-05-24,여자,30 - 39세,경기도,기타,국외여행,계약해제.해지/위약금
2024027448,2024-05-24,여자,30 - 39세,경기도,국내온라인거래,기타문화용품,품질(물품/용역)
2024027449,2024-05-24,여자,30 - 39세,전라남도,국내온라인거래,전기온수장판,품질(물품/용역)
2024027450,2024-05-24,남자,20 - 29세,충청남도,일반판매,음식물처리기,AS불만
2024027451,2024-05-24,여자,30 - 39세,서울특별시,국내온라인거래,양복(서양식 의복)세탁,품질(물품/용역)
2024027452,2024-05-24,남자,50 - 59세,경기도,일반판매,소파,품질(물품/용역)
2024027453,2024-05-24,남자,20 - 29세,경기도,국내온라인거래,항공여객운송서비스,품질(물품/용역)
2024027454,2024-05-24,여자,30 - 39세,경기도,국내온라인거래,운동화,청약철회
2024027455,2024-05-24,여자,30 - 39세,부산광역시,국내온라인거래,냉장고,계약불이행(불완전이행)
2024027456,2024-05-24,여자,20 - 29세,서울특별시,소셜커머스(쇼핑),각종공연관람,계약불이행(불완전이행)
2024027457,2024-05-24,여자,20 - 29세,경기도,일반판매,독서실이용,표시.광고
2024027458,2024-05-24,여자,30 - 39세,경기도,기타,필라테스,계약해제.해지/위약금
2024027459,2024-05-24,여자,60 - 64세,서울특별시,모바일거래,인터넷게임서비스,부당행위
2024027460,2024-05-24,여자,40 - 49세,인천광역시,국내온라인거래,티셔츠,품질(물품/용역)
2024027461,2024-05-24,여자,40 - 49세,경상남도,국내온라인거래,기타의류·섬유,청약철회
2024027462,2024-05-24,여자,40 - 49세,서울특별시,국제온라인거래,기타숙박시설,계약해제.해지/위약금
2024027463,2024-05-24,여자,40 - 49세,울산광역시,국내온라인거래,니트(스웨터),품질(물품/용역)
2024027464,2024-05-24,여자,20 - 29세,전라북도,국내온라인거래,캐주얼바지,청약철회
2024027465,2024-05-24,남자,30 - 39세,경기도,일반판매,포장이사운송서비스,계약불이행(불완전이행)
2024027466,2024-05-24,여자,20 - 29세,서울특별시,일반판매,사진촬영,계약해제.해지/위약금
2024027467,2024-05-24,남자,50 - 59세,인천광역시,국내온라인거래,기타미분류물품,AS불만
2024027468,2024-05-24,남자,30 - 39세,경기도,일반판매,헬스장,계약해제.해지/위약금
2024027469,2024-05-24,남자,30 - 39세,서울특별시,기타,캐주얼바지,청약철회
2024027470,2024-05-24,여자,30 - 39세,경상북도,국내온라인거래,오븐류,표시.광고
2024027471,2024-05-24,여자,30 - 39세,인천광역시,일반판매,예식서비스,계약해제.해지/위약금
2024027472,2024-05-24,여자,20 - 29세,경기도,일반판매,소파,품질(물품/용역)
2024027473,2024-05-24,남자,30 - 39세,대구광역시,국내온라인거래,기타미분류물품,청약철회
2024027474,2024-05-24,여자,30 - 39세,인천광역시,일반판매,택배화물운송서비스,품질(물품/용역)
2024027475,2024-05-24,남자,50 - 59세,경기도,국내온라인거래,녹화음반테이프(비디오카세트LP),청약철회
2024027476,2024-05-24,여자,65 - 69세,인천광역시,기타,자동차대여(렌트),품질(물품/용역)
2024027477,2024-05-24,여자,30 - 39세,울산광역시,국내온라인거래,매트,청약철회
2024027478,2024-05-24,여자,20 - 29세,경기도,일반판매,헬스장,계약해제.해지/위약금
2024027479,2024-05-24,여자,20 - 29세,경기도,일반판매,사진촬영,청약철회
2024027480,2024-05-24,남자,20 - 29세,서울특별시,국제온라인거래,국외여행,계약불이행(불완전이행)
2024027481,2024-05-24,남자,20 - 29세,인천광역시,일반판매,애완견,계약해제.해지/위약금
2024027482,2024-05-24,여자,30 - 39세,서울특별시,모바일거래,모바일게임서비스,청약철회
2024027483,2024-05-24,여자,30 - 39세,서울특별시,일반판매,항공여객운송서비스,품질(물품/용역)
2024027484,2024-05-24,남자,30 - 39세,서울특별시,일반판매,룸에어컨,AS불만
2024027485,2024-05-24,여자,30 - 39세,서울특별시,국내온라인거래,사진촬영,청약철회
2024027486,2024-05-24,여자,20 - 29세,경상남도,방문판매,일반강습(입시학원등),계약해제.해지/위약금
2024027487,2024-05-24,여자,40 - 49세,경기도,일반판매,필라테스,계약해제.해지/위약금
2024027488,2024-05-24,여자,50 - 59세,서울특별시,국내온라인거래,항공여객운송서비스,계약해제.해지/위약금
2024027489,2024-05-24,남자,30 - 39세,서울특별시,국내온라인거래,기타사무용품,청약철회
2024027490,2024-05-24,남자,50 - 59세,전라북도,일반판매,공중목욕탕,안전(제품/시설)
2024027491,2024-05-24,여자,20 - 29세,서울특별시,일반판매,항공여객운송서비스,품질(물품/용역)
2024027492,2024-05-24,여자,20 - 29세,인천광역시,소셜커머스(쇼핑),셔츠,청약철회
2024027493,2024-05-24,남자,50 - 59세,서울특별시,국내온라인거래,인터넷정보이용서비스,부당행위
2024027494,2024-05-24,여자,30 - 39세,서울특별시,일반판매,헬스장,계약해제.해지/위약금
2024027495,2024-05-24,여자,20 - 29세,부산광역시,일반판매,헬스장,계약해제.해지/위약금
2024027496,2024-05-24,남자,20 - 29세,서울특별시,일반판매,기타과일·과일가공식품,품질(물품/용역)
2024027497,2024-05-24,남자,20 - 29세,해외 및 기타,일반판매,케이크,안전(제품/시설)
2024027498,2024-05-24,여자,40 - 49세,대전광역시,국내온라인거래,전기오븐,AS불만
2024027499,2024-05-24,남자,20 - 29세,경기도,국내온라인거래,기타의료용구,품질(물품/용역)
2024027500,2024-05-24,여자,30 - 39세,서울특별시,기타,각종공연관람,계약불이행(불완전이행)
2024027501,2024-05-24,남자,30 - 39세,전라북도,국내온라인거래,텐트,AS불만
2024027502,2024-05-24,남자,50 - 59세,대전광역시,일반판매,항공여객운송서비스,계약불이행(불완전이행)
2024027503,2024-05-24,여자,30 - 39세,인천광역시,일반판매,필라테스,계약해제.해지/위약금
2024027504,2024-05-24,여자,20 - 29세,인천광역시,일반판매,헬스장,계약해제.해지/위약금
2024027505,2024-05-24,여자,20 - 29세,경기도,일반판매,필라테스,계약해제.해지/위약금
2024027506,2024-05-24,남자,20 - 29세,경기도,기타,인터넷게임서비스,부당행위
2024027507,2024-05-24,여자,20 - 29세,경기도,기타,사진촬영,계약불이행(불완전이행)
2024027508,2024-05-24,남자,30 - 39세,서울특별시,소셜커머스(쇼핑),기타가구,청약철회
2024027509,2024-05-24,여자,30 - 39세,경기도,국내온라인거래,지갑,품질(물품/용역)
2024027347,2024-05-24,남자,65 - 69세,대구광역시,국내온라인거래,운동화,계약불이행(불완전이행)
2024027354,2024-05-24,여자,65 - 69세,경기도,일반판매,포장이사운송서비스,계약불이행(불완전이행)
2024027356,2024-05-24,남자,20 - 29세,경기도,모바일거래,사진촬영,계약해제.해지/위약금
2024027307,2024-05-24,남자,65 - 69세,서울특별시,기타통신판매,유사투자자문,계약해제.해지/위약금
2024027326,2024-05-24,남자,40 - 49세,서울특별시,일반판매,양복(서양식 의복)세탁,품질(물품/용역)
2024027335,2024-05-24,남자,20 - 29세,서울특별시,일반판매,헬스장,계약해제.해지/위약금
2024027355,2024-05-24,여자,40 - 49세,서울특별시,국내온라인거래,점퍼·재킷류,청약철회
2024027329,2024-05-24,여자,80세이상,서울특별시,일반판매,치과,계약해제.해지/위약금
2024027364,2024-05-24,남자,불명,경기도,기타통신판매,중고자동차중개·매매,계약해제.해지/위약금
2024027376,2024-05-24,여자,30 - 39세,경기도,소셜커머스(쇼핑),스포츠웨어,청약철회
2024027372,2024-05-24,여자,50 - 59세,경기도,일반판매,TV,품질(물품/용역)
2024027291,2024-05-24,남자,20 - 29세,경상남도,모바일거래,펜션,이자.수수료
2024027292,2024-05-24,여자,60 - 64세,대전광역시,방문판매,의료용구대여(렌트),부당행위
2024027298,2024-05-24,여자,50 - 59세,경기도,소셜커머스(쇼핑),헤어크림,계약불이행(불완전이행)
2024027305,2024-05-24,여자,30 - 39세,경기도,국내온라인거래,기타일반화장품,부당행위
2024027318,2024-05-24,여자,40 - 49세,부산광역시,방문판매,침대·매트리스대여(렌트),부당행위
2024027319,2024-05-24,여자,30 - 39세,서울특별시,소셜커머스(쇼핑),기타의류·섬유,청약철회
2024027322,2024-05-24,여자,30 - 39세,경기도,일반판매,헬스장,계약해제.해지/위약금
2024027341,2024-05-24,남자,30 - 39세,인천광역시,소셜커머스(쇼핑),마우스,부당행위
2024027352,2024-05-24,여자,40 - 49세,경기도,방문판매,침대·매트리스대여(렌트),부당행위
2024027359,2024-05-24,남자,50 - 59세,경기도,국내온라인거래,샌들·슬리퍼,품질(물품/용역)
2024027601,2024-05-25,여자,50 - 59세,서울특별시,국내온라인거래,티셔츠,품질(물품/용역)
2024027602,2024-05-25,남자,20 - 29세,경상남도,모바일거래,취업·이민알선,계약해제.해지/위약금
2024027603,2024-05-25,여자,30 - 39세,서울특별시,기타,필라테스,계약해제.해지/위약금
2024027604,2024-05-25,여자,30 - 39세,경기도,방문판매,콘도회원권,계약해제.해지/위약금
2024027605,2024-05-25,남자,40 - 49세,부산광역시,국제온라인거래,호텔,청약철회
2024027606,2024-05-25,여자,40 - 49세,경기도,기타,아파트,AS불만
2024027607,2024-05-25,여자,30 - 39세,충청남도,국내온라인거래,기타컴퓨터·주변기기,계약불이행(불완전이행)
2024027608,2024-05-25,여자,60 - 64세,경상북도,국내온라인거래,이동전화서비스,거래관행
2024027609,2024-05-25,여자,65 - 69세,경기도,일반판매,전기세탁기,청약철회
2024027610,2024-05-25,남자,40 - 49세,경기도,기타,기타자동차부품,AS불만
2024027611,2024-05-25,여자,20 - 29세,서울특별시,일반판매,마사지류,계약해제.해지/위약금
2024027612,2024-05-25,여자,30 - 39세,경기도,일반판매,헬스장,계약해제.해지/위약금
2024027613,2024-05-25,남자,40 - 49세,경상남도,국내온라인거래,작동완구,AS불만
2024027614,2024-05-25,여자,20 - 29세,인천광역시,방문판매,학습지,계약해제.해지/위약금
2024027615,2024-05-25,여자,20 - 29세,인천광역시,일반판매,항공여객운송서비스,계약불이행(불완전이행)
2024027616,2024-05-25,여자,30 - 39세,충청북도,기타통신판매,건물청소서비스,계약불이행(불완전이행)
2024027701,2024-05-26,남자,50 - 59세,부산광역시,노상판매,콘도회원권,계약불이행(불완전이행)
2024027703,2024-05-26,여자,40 - 49세,경기도,일반판매,인쇄서비스,계약불이행(불완전이행)
2024027704,2024-05-26,남자,30 - 39세,부산광역시,기타,시계부품·용품,AS불만
2024027705,2024-05-26,남자,20 - 29세,경기도,일반판매,이동전화서비스,청약철회
2024027706,2024-05-26,여자,50 - 59세,서울특별시,국내온라인거래,펜션,계약불이행(불완전이행)
2024027707,2024-05-26,여자,60 - 64세,경기도,방문판매,기타세탁서비스,품질(물품/용역)
2024027708,2024-05-26,여자,20 - 29세,경기도,국내온라인거래,필라테스,청약철회
2024027709,2024-05-26,여자,40 - 49세,서울특별시,일반판매,국외여행,계약해제.해지/위약금
2024027710,2024-05-26,여자,20 - 29세,경기도,국내온라인거래,기타사설강습서비스,청약철회
2024027711,2024-05-26,남자,30 - 39세,경기도,일반판매,포장이사운송서비스,품질(물품/용역)
2024027712,2024-05-26,남자,30 - 39세,경기도,일반판매,기타인테리어설비,AS불만
2024027713,2024-05-26,여자,50 - 59세,서울특별시,국내온라인거래,니트(스웨터),품질(물품/용역)
2024027714,2024-05-26,여자,20 - 29세,경기도,기타,이동전화서비스,부당행위
2024027715,2024-05-26,여자,20 - 29세,경기도,국내온라인거래,각종공연관람,계약불이행(불완전이행)
2024027716,2024-05-26,여자,60 - 64세,경기도,국내온라인거래,호텔,계약해제.해지/위약금
2024027717,2024-05-26,여자,30 - 39세,대구광역시,국내온라인거래,가축사료,계약해제.해지/위약금
2024027718,2024-05-26,남자,40 - 49세,충청북도,일반판매,시스템에어컨,품질(물품/용역)
2024027719,2024-05-26,여자,40 - 49세,경기도,일반판매,필라테스,계약불이행(불완전이행)
2024027720,2024-05-26,남자,40 - 49세,서울특별시,국내온라인거래,기타스포츠·레저기구·용품,품질(물품/용역)
2024027721,2024-05-26,여자,30 - 39세,경기도,모바일거래,사진촬영,계약해제.해지/위약금
2024027722,2024-05-26,여자,30 - 39세,충청북도,국내온라인거래,기타취미용품,표시.광고
2024027723,2024-05-26,남자,50 - 59세,서울특별시,일반판매,니트(스웨터),품질(물품/용역)
2024027724,2024-05-26,남자,20 - 29세,경상남도,기타통신판매,여관(모텔),청약철회
2024027725,2024-05-26,남자,30 - 39세,인천광역시,일반판매,애완동물기타,청약철회
2024027726,2024-05-26,여자,20 - 29세,경기도,일반판매,결혼준비대행서비스,계약해제.해지/위약금
2024027730,2024-05-27,여자,40 - 49세,서울특별시,국내온라인거래,기타건강식품,부당행위
2024027731,2024-05-27,남자,40 - 49세,경기도,국내온라인거래,조개,품질(물품/용역)
2024027910,2024-05-27,남자,50 - 59세,경기도,일반판매,헬스장,부당행위
2024027913,2024-05-27,여자,30 - 39세,경기도,일반판매,기타가구,부당행위
2024027924,2024-05-27,남자,30 - 39세,경상북도,국내온라인거래,티셔츠,청약철회
2024027861,2024-05-27,남자,40 - 49세,경기도,일반판매,노트북컴퓨터,표시.광고
2024027865,2024-05-27,여자,30 - 39세,인천광역시,기타,성형외과,계약해제.해지/위약금
2024027872,2024-05-27,남자,30 - 39세,인천광역시,일반판매,노트북컴퓨터,부당행위
2024027736,2024-05-27,남자,60 - 64세,경상북도,방문판매,기타옥외장비·설비,계약불이행(불완전이행)
2024027746,2024-05-27,남자,30 - 39세,경기도,일반판매,기타자동차용품,AS불만
2024027763,2024-05-27,남자,70 - 79세,서울특별시,기타통신판매,게,청약철회
2024027769,2024-05-27,여자,30 - 39세,서울특별시,전화권유판매,결혼준비대행서비스,계약해제.해지/위약금
2024027785,2024-05-27,여자,40 - 49세,대전광역시,전화권유판매,유사투자자문,계약해제.해지/위약금
2024027788,2024-05-27,여자,50 - 59세,부산광역시,전화권유판매,오피스텔,계약해제.해지/위약금
2024027789,2024-05-27,여자,30 - 39세,제주도,일반판매,중고자동차중개·매매,AS불만
2024027794,2024-05-27,남자,50 - 59세,경기도,전화권유판매,유사투자자문,계약해제.해지/위약금
2024027797,2024-05-27,여자,10 - 19세,경기도,기타,종합체육시설회원권,계약해제.해지/위약금
2024027824,2024-05-27,남자,50 - 59세,경기도,소셜커머스(쇼핑),옷장,청약철회
2024027825,2024-05-27,남자,50 - 59세,서울특별시,일반판매,자동차수리·점검,AS불만
2024027835,2024-05-27,여자,30 - 39세,경기도,전화권유판매,다이어트식품,청약철회
2024027841,2024-05-27,남자,50 - 59세,경기도,모바일거래,카셰어링,계약해제.해지/위약금
2024027842,2024-05-27,여자,60 - 64세,서울특별시,일반판매,성형외과,계약해제.해지/위약금
2024027848,2024-05-27,남자,30 - 39세,충청북도,국내온라인거래,기타묘목·모종·종자,계약불이행(불완전이행)
2024027850,2024-05-27,남자,30 - 39세,서울특별시,국내온라인거래,항공여객운송서비스,계약불이행(불완전이행)
2024027862,2024-05-27,여자,40 - 49세,인천광역시,국내온라인거래,선풍기,품질(물품/용역)
2024027869,2024-05-27,남자,70 - 79세,부산광역시,전화권유판매,기타건강식품,품질(물품/용역)
2024027904,2024-05-27,여자,30 - 39세,경기도,TV홈쇼핑,기타이·미용기구,품질(물품/용역)
2024027908,2024-05-27,여자,50 - 59세,서울특별시,국내온라인거래,국외여행,품질(물품/용역)
2024027916,2024-05-27,여자,30 - 39세,경기도,국내온라인거래,도어록,계약불이행(불완전이행)
2024027917,2024-05-27,여자,30 - 39세,울산광역시,전화권유판매,유사투자자문,계약해제.해지/위약금
2024027783,2024-05-27,남자,20 - 29세,경기도,국내온라인거래,호텔,청약철회
2024027925,2024-05-27,여자,40 - 49세,서울특별시,일반판매,골프회원권,계약해제.해지/위약금
2024027811,2024-05-27,남자,20 - 29세,서울특별시,일반판매,실손보험,계약불이행(불완전이행)
2024027816,2024-05-27,남자,60 - 64세,경상남도,일반판매,한의원,품질(물품/용역)
2024027818,2024-05-27,남자,70 - 79세,경기도,전화권유판매,유사투자자문,계약해제.해지/위약금
2024027832,2024-05-27,여자,40 - 49세,부산광역시,소셜커머스(쇼핑),펜션,청약철회
2024027852,2024-05-27,남자,70 - 79세,서울특별시,일반판매,철도여객운송서비스,계약불이행(불완전이행)
2024027876,2024-05-27,여자,30 - 39세,서울특별시,소셜커머스(쇼핑),커피,청약철회
2024027877,2024-05-27,여자,30 - 39세,서울특별시,소셜커머스(쇼핑),보리,청약철회
2024027880,2024-05-27,여자,40 - 49세,대전광역시,일반판매,골프회원권,계약해제.해지/위약금
2024027882,2024-05-27,남자,30 - 39세,서울특별시,방문판매,결혼준비대행서비스,청약철회
2024027922,2024-05-27,남자,70 - 79세,서울특별시,기타,상품권,약관
2024027921,2024-05-27,남자,60 - 64세,충청남도,모바일거래,기타의류·섬유,청약철회
2024027930,2024-05-27,남자,40 - 49세,경기도,일반판매,기타주거관리설비,부당행위
2024027931,2024-05-27,여자,60 - 64세,서울특별시,소셜커머스(쇼핑),음식물처리기,안전(제품/시설)
2024027780,2024-05-27,남자,30 - 39세,인천광역시,기타,가상화폐,이자.수수료
2024025338,2024-05-27,여자,40 - 49세,인천광역시,일반판매,점퍼·재킷류,품질(물품/용역)
2024027793,2024-05-27,여자,50 - 59세,경기도,방문판매,헬스장,계약해제.해지/위약금
2024027831,2024-05-27,여자,40 - 49세,경기도,일반판매,공기청정기대여(렌트),부당행위
2024027834,2024-05-27,여자,40 - 49세,경기도,국내온라인거래,룸에어컨,부당행위
2024027836,2024-05-27,여자,60 - 64세,서울특별시,국내온라인거래,다이어트식품,청약철회
2024027837,2024-05-27,여자,30 - 39세,경기도,일반판매,양복(서양식 의복)세탁,계약불이행(불완전이행)
2024027843,2024-05-27,남자,20 - 29세,인천광역시,국내온라인거래,기타가방,청약철회
2024027846,2024-05-27,여자,40 - 49세,세종특별자치시,국내온라인거래,아동용내의류,거래관행
2024027847,2024-05-27,여자,50 - 59세,서울특별시,일반판매,필라테스,계약해제.해지/위약금
2024027849,2024-05-27,남자,30 - 39세,경기도,국내온라인거래,자동차대여(렌트),계약불이행(불완전이행)
2024027860,2024-05-27,여자,20 - 29세,서울특별시,일반판매,헬스장,계약해제.해지/위약금
2024027863,2024-05-27,여자,50 - 59세,서울특별시,국내온라인거래,항공여객운송서비스,청약철회
2024027866,2024-05-27,남자,50 - 59세,경기도,국내온라인거래,오토바이,품질(물품/용역)
2024027867,2024-05-27,여자,50 - 59세,서울특별시,일반판매,종합체육시설회원권,계약해제.해지/위약금
2024027868,2024-05-27,여자,65 - 69세,대구광역시,일반판매,안경·안경테,거래관행
2024027870,2024-05-27,남자,50 - 59세,울산광역시,기타,초고속인터넷,부당행위
2024027871,2024-05-27,남자,40 - 49세,경기도,방문판매,콘도회원권,계약해제.해지/위약금
2024027873,2024-05-27,남자,20 - 29세,서울특별시,모바일거래,카셰어링,부당행위
2024027885,2024-05-27,여자,불명,제주도,일반판매,상조서비스,계약불이행(불완전이행)
2024027887,2024-05-27,여자,40 - 49세,경기도,국내온라인거래,전기세탁기,계약불이행(불완전이행)
2024027890,2024-05-27,남자,40 - 49세,광주광역시,국내온라인거래,헤드폰·이어폰,청약철회
2024027894,2024-05-27,여자,20 - 29세,서울특별시,국내온라인거래,점퍼·재킷류,청약철회
2024027895,2024-05-27,여자,불명,부산광역시,기타,기타신발·용품,청약철회
2024027898,2024-05-27,여자,65 - 69세,경기도,일반판매,기타세탁서비스,품질(물품/용역)
2024027900,2024-05-27,여자,40 - 49세,서울특별시,기타,미분류컨설팅(자문),계약불이행(불완전이행)
2024027905,2024-05-27,여자,50 - 59세,경기도,기타통신판매,핸드백,청약철회
2024027906,2024-05-27,여자,30 - 39세,부산광역시,모바일거래,숙녀화(구두·부츠 등),청약철회
2024027907,2024-05-27,남자,50 - 59세,서울특별시,일반판매,보석·귀금속,품질(물품/용역)
2024027927,2024-05-27,여자,불명,전라북도,기타통신판매,유사투자자문,계약해제.해지/위약금
2024027928,2024-05-27,여자,50 - 59세,강원특별자치도,기타,건강(암·기타질병)보험,계약불이행(불완전이행)
2024025538,2024-05-27,여자,40 - 49세,서울특별시,일반판매,니트(스웨터),품질(물품/용역)
2024026527,2024-05-27,여자,30 - 39세,대구광역시,일반판매,셔츠,품질(물품/용역)
2024027728,2024-05-27,여자,50 - 59세,울산광역시,국내온라인거래,전기진공청소기,부당행위
2024027735,2024-05-27,남자,40 - 49세,경기도,일반판매,자동차수리·점검,품질(물품/용역)
2024027738,2024-05-27,남자,20 - 29세,경기도,기타통신판매,식사배달,부당행위
2024027739,2024-05-27,남자,30 - 39세,서울특별시,국내온라인거래,기타조명기기,계약불이행(불완전이행)
2024027754,2024-05-27,남자,50 - 59세,제주도,기타통신판매,정수기대여(렌트),계약불이행(불완전이행)
2024027772,2024-05-27,여자,30 - 39세,경기도,일반판매,헬스장,계약해제.해지/위약금
2024027774,2024-05-27,남자,30 - 39세,충청남도,방문판매,실손보험,계약불이행(불완전이행)
2024027775,2024-05-27,여자,30 - 39세,서울특별시,일반판매,건강(암·기타질병)보험,계약불이행(불완전이행)
2024027781,2024-05-27,남자,60 - 64세,경상남도,일반판매,실손보험,계약불이행(불완전이행)
2024027798,2024-05-27,남자,20 - 29세,부산광역시,모바일거래,건물청소서비스,계약해제.해지/위약금
2024027803,2024-05-27,여자,20 - 29세,서울특별시,국내온라인거래,니트(스웨터),청약철회
2024027805,2024-05-27,여자,30 - 39세,경상북도,일반판매,포장이사운송서비스,계약불이행(불완전이행)
2024027807,2024-05-27,남자,50 - 59세,충청남도,일반판매,기타통신기기,AS불만
2024027809,2024-05-27,여자,30 - 39세,서울특별시,국내온라인거래,기타침대류,청약철회
2024027810,2024-05-27,여자,65 - 69세,경기도,기타통신판매,국내여행,계약불이행(불완전이행)
2024027812,2024-05-27,남자,40 - 49세,충청남도,기타통신판매,하수도위생서비스,계약불이행(불완전이행)
2024027813,2024-05-27,여자,30 - 39세,경기도,일반판매,독서실이용,계약해제.해지/위약금
2024027821,2024-05-27,여자,30 - 39세,서울특별시,일반판매,이동전화서비스,계약불이행(불완전이행)
2024027822,2024-05-27,남자,30 - 39세,서울특별시,방문판매,신사복세트,품질(물품/용역)
2024027823,2024-05-27,여자,20 - 29세,서울특별시,국내온라인거래,블라우스,계약불이행(불완전이행)
2024027827,2024-05-27,여자,70 - 79세,경기도,국내온라인거래,소파,계약불이행(불완전이행)
2024027828,2024-05-27,남자,20 - 29세,경기도,일반판매,기타세탁서비스,계약불이행(불완전이행)
2024027830,2024-05-27,남자,70 - 79세,서울특별시,일반판매,전기압력밥솥,품질(물품/용역)
2024027729,2024-05-27,남자,60 - 64세,서울특별시,기타,스마트폰,안전(제품/시설)
2024027732,2024-05-27,여자,65 - 69세,충청남도,기타,정수기대여(렌트),AS불만
2024027733,2024-05-27,여자,40 - 49세,경상남도,모바일거래,애완견,계약불이행(불완전이행)
2024027741,2024-05-27,남자,30 - 39세,경기도,국내온라인거래,돼지고기,품질(물품/용역)
2024027770,2024-05-27,여자,20 - 29세,서울특별시,국내온라인거래,스마트폰,부당행위
2024027804,2024-05-27,여자,40 - 49세,경기도,국내온라인거래,소파,계약해제.해지/위약금
2024025580,2024-05-27,여자,50 - 59세,서울특별시,일반판매,핸드백,품질(물품/용역)
2024027786,2024-05-27,여자,30 - 39세,경기도,일반판매,외식,계약해제.해지/위약금
2024027998,2024-05-27,여자,60 - 64세,경기도,일반판매,한복세탁,품질(물품/용역)
2024027999,2024-05-27,남자,10 - 19세,서울특별시,일반판매,식사배달,안전(제품/시설)
2024028000,2024-05-27,여자,40 - 49세,인천광역시,국내온라인거래,통신기기케이스,청약철회
2024028001,2024-05-27,여자,30 - 39세,서울특별시,일반판매,예식서비스,계약해제.해지/위약금
2024028002,2024-05-27,여자,30 - 39세,서울특별시,국제온라인거래,항공여객운송서비스,계약해제.해지/위약금
2024028003,2024-05-27,여자,30 - 39세,서울특별시,방문판매,결혼준비대행서비스,청약철회
2024028004,2024-05-27,여자,30 - 39세,경상남도,모바일거래,인터넷교육서비스,계약해제.해지/위약금
2024028005,2024-05-27,여자,20 - 29세,경기도,일반판매,헬스장,계약해제.해지/위약금
2024028006,2024-05-27,여자,30 - 39세,경기도,일반판매,기타의류·섬유,청약철회
2024028007,2024-05-27,여자,30 - 39세,세종특별자치시,소셜커머스(쇼핑),기타서적음반류,계약불이행(불완전이행)
2024028008,2024-05-27,여자,40 - 49세,경기도,국내온라인거래,방문교육,계약불이행(불완전이행)
2024028009,2024-05-27,남자,40 - 49세,경기도,국내온라인거래,메모리,품질(물품/용역)
2024028010,2024-05-27,남자,20 - 29세,서울특별시,일반판매,이동전화서비스,계약해제.해지/위약금
2024028011,2024-05-27,남자,30 - 39세,부산광역시,국내온라인거래,안마의자,계약불이행(불완전이행)
2024028012,2024-05-27,여자,40 - 49세,대구광역시,일반판매,룸에어컨,AS불만
2024028013,2024-05-27,남자,50 - 59세,경상남도,방문판매,CCTV,계약해제.해지/위약금
2024028014,2024-05-27,여자,불명,경기도,국내온라인거래,정수기대여(렌트),AS불만
2024028015,2024-05-27,남자,40 - 49세,서울특별시,기타,변호서비스,계약해제.해지/위약금
2024028016,2024-05-27,여자,30 - 39세,경상북도,일반판매,닭고기,부당행위
2024028017,2024-05-27,남자,65 - 69세,서울특별시,일반판매,아파트,AS불만
2024028018,2024-05-27,여자,60 - 64세,서울특별시,일반판매,기타미분류서비스,품질(물품/용역)
2024028019,2024-05-27,여자,30 - 39세,대구광역시,기타,냉장고,품질(물품/용역)
2024028020,2024-05-27,여자,20 - 29세,서울특별시,국내온라인거래,각종공연관람,계약불이행(불완전이행)
2024028021,2024-05-27,여자,30 - 39세,서울특별시,방문판매,예식서비스,계약해제.해지/위약금
2024028022,2024-05-27,여자,10 - 19세,경기도,일반판매,헬스장,계약해제.해지/위약금
2024028023,2024-05-27,남자,40 - 49세,경기도,소셜커머스(쇼핑),기타스포츠·레저기구·용품,거래관행
2024028024,2024-05-27,남자,20 - 29세,경기도,방문판매,일반강습(입시학원등),계약해제.해지/위약금
2024028025,2024-05-27,남자,20 - 29세,제주도,국내온라인거래,기타모피·가죽의류,청약철회
2024028026,2024-05-27,여자,30 - 39세,부산광역시,국내온라인거래,베개,품질(물품/용역)
2024028027,2024-05-27,남자,30 - 39세,서울특별시,일반판매,포장이사운송서비스,계약불이행(불완전이행)
2024028028,2024-05-27,남자,20 - 29세,충청남도,국내온라인거래,컵,품질(물품/용역)
2024028029,2024-05-27,남자,10 - 19세,서울특별시,일반판매,종합체육시설회원권,계약해제.해지/위약금
2024028030,2024-05-27,남자,20 - 29세,경기도,일반판매,헬스장,계약해제.해지/위약금
2024028031,2024-05-27,여자,30 - 39세,경기도,모바일거래,소파커버,품질(물품/용역)
2024028032,2024-05-27,남자,30 - 39세,인천광역시,일반판매,펜션,부당행위
2024028033,2024-05-27,여자,20 - 29세,부산광역시,모바일거래,여관(모텔),계약해제.해지/위약금
2024028034,2024-05-27,여자,20 - 29세,경기도,일반판매,미용서비스,부당행위
2024028035,2024-05-27,여자,20 - 29세,경기도,일반판매,피부·체형관리서비스,청약철회
2024028036,2024-05-27,여자,30 - 39세,인천광역시,국내온라인거래,기타의류·섬유,청약철회
2024028037,2024-05-27,남자,30 - 39세,부산광역시,국내온라인거래,기타신발·용품,부당행위
2024028038,2024-05-27,여자,20 - 29세,경기도,일반판매,미용서비스,품질(물품/용역)
2024028039,2024-05-27,남자,30 - 39세,경기도,일반판매,오피스텔,계약불이행(불완전이행)
2024028040,2024-05-27,남자,30 - 39세,경기도,기타,도배공사,품질(물품/용역)
2024028041,2024-05-27,여자,20 - 29세,인천광역시,국내온라인거래,기타서적음반류,청약철회
2024028042,2024-05-27,남자,30 - 39세,경기도,기타통신판매,기타조명기기,청약철회
2024028043,2024-05-27,여자,20 - 29세,경기도,방문판매,헬스장,계약해제.해지/위약금
2024028044,2024-05-27,남자,20 - 29세,경기도,일반판매,택배화물운송서비스,AS불만
2024028045,2024-05-27,남자,30 - 39세,경상남도,국내온라인거래,기타숙박시설,부당행위
2024028046,2024-05-27,여자,20 - 29세,경기도,일반판매,피부·체형관리서비스,계약해제.해지/위약금
2024027779,2024-05-27,여자,30 - 39세,서울특별시,국내온라인거래,애완동·식물용품,품질(물품/용역)
2024027854,2024-05-27,남자,40 - 49세,경기도,방문판매,정수기대여(렌트),계약해제.해지/위약금
2024027855,2024-05-27,남자,70 - 79세,대구광역시,국내온라인거래,소파,청약철회
2024027856,2024-05-27,남자,40 - 49세,경기도,국내온라인거래,기타가사장비품,AS불만
2024027875,2024-05-27,남자,40 - 49세,서울특별시,소셜커머스(쇼핑),블라인드,청약철회
2024027884,2024-05-27,남자,65 - 69세,부산광역시,기타,도시가스,계약불이행(불완전이행)
2024027912,2024-05-27,여자,40 - 49세,경기도,일반판매,정수기대여(렌트),계약불이행(불완전이행)
2024027933,2024-05-27,여자,40 - 49세,경기도,일반판매,기타이·미용서비스,계약해제.해지/위약금
2024027934,2024-05-27,여자,40 - 49세,경상남도,기타,비타민제,계약불이행(불완전이행)
2024027935,2024-05-27,남자,30 - 39세,서울특별시,국내온라인거래,룸에어컨,계약해제.해지/위약금
2024027936,2024-05-27,남자,50 - 59세,경상북도,일반판매,안마의자대여(렌트),AS불만
2024027937,2024-05-27,여자,30 - 39세,서울특별시,일반판매,헬스장,청약철회
2024027938,2024-05-27,여자,20 - 29세,서울특별시,일반판매,기타부동산임대차,가격.요금
2024027939,2024-05-27,남자,50 - 59세,인천광역시,전화권유판매,유사투자자문,계약해제.해지/위약금
2024027940,2024-05-27,남자,30 - 39세,서울특별시,일반판매,플라스틱그릇,품질(물품/용역)
2024027941,2024-05-27,남자,50 - 59세,경기도,국내온라인거래,운동화,표시.광고
2024027942,2024-05-27,여자,20 - 29세,경기도,기타통신판매,마사지류,품질(물품/용역)
2024027943,2024-05-27,남자,40 - 49세,서울특별시,일반판매,양복(서양식 의복)세탁,계약불이행(불완전이행)
2024027944,2024-05-27,남자,20 - 29세,서울특별시,국내온라인거래,캐주얼바지,계약불이행(불완전이행)
2024027945,2024-05-27,여자,20 - 29세,서울특별시,기타,헬스장,계약해제.해지/위약금
2024027946,2024-05-27,여자,40 - 49세,인천광역시,국내온라인거래,숙녀화(구두·부츠 등),표시.광고
2024027947,2024-05-27,남자,40 - 49세,경기도,국내온라인거래,기타가방,청약철회
2024027948,2024-05-27,남자,20 - 29세,서울특별시,일반판매,고시원이용,계약해제.해지/위약금
2024027949,2024-05-27,남자,30 - 39세,서울특별시,일반판매,기타사설강습서비스,계약해제.해지/위약금
2024027950,2024-05-27,여자,40 - 49세,서울특별시,국내온라인거래,냉장고,계약불이행(불완전이행)
2024027951,2024-05-27,남자,50 - 59세,경기도,국제온라인거래,신사화(구두·부츠 등),가격.요금
2024027952,2024-05-27,남자,50 - 59세,강원특별자치도,기타,용달화물서비스,품질(물품/용역)
2024027953,2024-05-27,여자,30 - 39세,경기도,일반판매,필라테스,계약해제.해지/위약금
2024027954,2024-05-27,여자,40 - 49세,울산광역시,일반판매,기타사설강습서비스,계약해제.해지/위약금
2024027955,2024-05-27,여자,30 - 39세,서울특별시,국내온라인거래,점퍼·재킷류,청약철회
2024027956,2024-05-27,남자,30 - 39세,경상남도,국내온라인거래,티셔츠,품질(물품/용역)
2024027957,2024-05-27,남자,30 - 39세,경기도,국내온라인거래,기타인터넷기반서비스,품질(물품/용역)
2024027958,2024-05-27,남자,40 - 49세,경기도,기타통신판매,포장이사운송서비스,계약불이행(불완전이행)
2024027959,2024-05-27,남자,30 - 39세,서울특별시,방문판매,중형승용자동차,품질(물품/용역)
2024027960,2024-05-27,여자,20 - 29세,경기도,일반판매,헬스장,계약해제.해지/위약금
2024027961,2024-05-27,남자,50 - 59세,서울특별시,일반판매,기타이동통신,계약불이행(불완전이행)
2024027962,2024-05-27,남자,30 - 39세,경기도,모바일거래,커피,부당행위
2024027963,2024-05-27,남자,30 - 39세,전라북도,국내온라인거래,태블릿PC,청약철회
2024027964,2024-05-27,여자,30 - 39세,서울특별시,국내온라인거래,인터넷교육서비스,계약해제.해지/위약금
2024027965,2024-05-27,여자,40 - 49세,대전광역시,일반판매,프린터,품질(물품/용역)
2024027966,2024-05-27,남자,30 - 39세,경상남도,국내온라인거래,국외여행,청약철회
2024027967,2024-05-27,남자,50 - 59세,부산광역시,기타,아파트,AS불만
2024027968,2024-05-27,여자,50 - 59세,전라북도,기타,기타여행,계약불이행(불완전이행)
2024027969,2024-05-27,여자,30 - 39세,인천광역시,국내온라인거래,기타침대류,품질(물품/용역)
2024027970,2024-05-27,남자,30 - 39세,서울특별시,국내온라인거래,기타정보이용서비스,계약해제.해지/위약금
2024027971,2024-05-27,남자,40 - 49세,전라북도,일반판매,식기세척기,품질(물품/용역)
2024027972,2024-05-27,남자,30 - 39세,서울특별시,국내온라인거래,항공여객운송서비스,계약해제.해지/위약금
2024027973,2024-05-27,남자,30 - 39세,충청북도,기타,국내결혼중개,계약해제.해지/위약금
2024027974,2024-05-27,남자,20 - 29세,서울특별시,일반판매,독서실이용,계약해제.해지/위약금
2024027975,2024-05-27,여자,40 - 49세,인천광역시,일반판매,기타사설강습서비스,계약해제.해지/위약금
2024027976,2024-05-27,남자,30 - 39세,경상남도,국내온라인거래,헤드폰·이어폰,계약불이행(불완전이행)
2024027977,2024-05-27,여자,20 - 29세,경기도,전화권유판매,레저시설이용,계약해제.해지/위약금
2024027978,2024-05-27,남자,50 - 59세,서울특별시,기타,기타미분류서비스,부당행위
2024027979,2024-05-27,여자,30 - 39세,서울특별시,국내온라인거래,인터넷교육서비스,계약해제.해지/위약금
2024027980,2024-05-27,여자,30 - 39세,서울특별시,일반판매,양복(서양식 의복)세탁,품질(물품/용역)
2024027981,2024-05-27,남자,30 - 39세,인천광역시,일반판매,피아노,계약불이행(불완전이행)
2024027982,2024-05-27,남자,20 - 29세,경기도,일반판매,미용서비스,품질(물품/용역)
2024027983,2024-05-27,여자,30 - 39세,경상남도,국제온라인거래,기타숙박시설,청약철회
2024027984,2024-05-27,여자,20 - 29세,인천광역시,일반판매,헬스장,계약해제.해지/위약금
2024027985,2024-05-27,여자,30 - 39세,경기도,일반판매,기타미분류서비스,계약불이행(불완전이행)
2024027986,2024-05-27,여자,50 - 59세,대구광역시,일반판매,아파트,부당행위
2024027987,2024-05-27,남자,40 - 49세,경기도,모바일거래,일반이사운송서비스,계약해제.해지/위약금
2024027988,2024-05-27,여자,40 - 49세,경기도,일반판매,헬스장,계약해제.해지/위약금
2024027989,2024-05-27,남자,30 - 39세,서울특별시,방문판매,비데,계약해제.해지/위약금
2024027990,2024-05-27,여자,30 - 39세,경기도,기타,포장이사운송서비스,계약해제.해지/위약금
2024027991,2024-05-27,남자,50 - 59세,경상북도,일반판매,자동차수리·점검,AS불만
2024027992,2024-05-27,남자,20 - 29세,서울특별시,국내온라인거래,각종공연관람,계약불이행(불완전이행)
2024027993,2024-05-27,여자,30 - 39세,경기도,국내온라인거래,비누통,품질(물품/용역)
2024027994,2024-05-27,남자,10 - 19세,인천광역시,일반판매,종합체육시설회원권,계약해제.해지/위약금
2024027995,2024-05-27,여자,40 - 49세,전라남도,소셜커머스(쇼핑),블라우스,청약철회
2024027996,2024-05-27,남자,40 - 49세,경기도,국제온라인거래,마우스,계약불이행(불완전이행)
2024027997,2024-05-27,남자,20 - 29세,충청북도,방문판매,기타회원권,계약해제.해지/위약금
2024026234,2024-05-27,여자,40 - 49세,부산광역시,일반판매,점퍼·재킷류,품질(물품/용역)
2024026539,2024-05-27,남자,30 - 39세,서울특별시,국내온라인거래,양복(서양식 의복)세탁,품질(물품/용역)
2024027771,2024-05-27,남자,30 - 39세,경기도,기타,자동차주차장,계약불이행(불완전이행)
2024027814,2024-05-27,여자,30 - 39세,경기도,일반판매,필라테스,계약해제.해지/위약금
2024025217,2024-05-27,남자,20 - 29세,서울특별시,일반판매,양복(서양식 의복)세탁,품질(물품/용역)
2024027737,2024-05-27,남자,50 - 59세,서울특별시,방문판매,묘지설비,부당행위
2024027791,2024-05-27,남자,40 - 49세,서울특별시,국내온라인거래,기타일반화장품,거래관행
2024027792,2024-05-27,여자,40 - 49세,충청북도,국내온라인거래,냉장고,품질(물품/용역)
2024027915,2024-05-27,남자,40 - 49세,대구광역시,국내온라인거래,차량네비게이션(자동항법장치),품질(물품/용역)
2024027923,2024-05-27,남자,60 - 64세,서울특별시,국내온라인거래,기타건강식품,안전(제품/시설)
2024027800,2024-05-27,남자,30 - 39세,전라북도,국내온라인거래,중고자동차중개·매매,표시.광고
2024027815,2024-05-27,남자,60 - 64세,경상남도,일반판매,정형외과,계약해제.해지/위약금
2024027826,2024-05-27,여자,40 - 49세,경기도,전화권유판매,유사투자자문,계약불이행(불완전이행)
2024027844,2024-05-27,남자,30 - 39세,세종특별자치시,국내온라인거래,기타자동차용품,청약철회
2024027845,2024-05-27,남자,20 - 29세,충청북도,소셜커머스(쇼핑),침대,품질(물품/용역)
2024027859,2024-05-27,남자,30 - 39세,경기도,일반판매,보석·귀금속,계약해제.해지/위약금
2024028129,2024-05-28,남자,20 - 29세,울산광역시,일반판매,보석·귀금속,계약해제.해지/위약금
2024028049,2024-05-28,여자,40 - 49세,경기도,일반판매,의자,품질(물품/용역)
2024028050,2024-05-28,여자,20 - 29세,서울특별시,일반판매,헬스장,부당행위
2024028054,2024-05-28,남자,30 - 39세,경기도,일반판매,항공여객운송서비스,계약해제.해지/위약금
2024028061,2024-05-28,남자,50 - 59세,경기도,일반판매,기타미분류서비스,부당행위
2024028071,2024-05-28,남자,40 - 49세,경기도,국내온라인거래,기타조명기기,부당행위
2024028163,2024-05-28,여자,40 - 49세,경상북도,일반판매,소파,품질(물품/용역)
2024028177,2024-05-28,여자,20 - 29세,서울특별시,일반판매,택배화물운송서비스,계약불이행(불완전이행)
2024028179,2024-05-28,여자,40 - 49세,충청남도,일반판매,치과,품질(물품/용역)
2024028180,2024-05-28,여자,70 - 79세,서울특별시,전화권유판매,기타일반화장품,거래관행
2024028181,2024-05-28,여자,30 - 39세,서울특별시,국내온라인거래,각종공연관람,계약불이행(불완전이행)
2024028182,2024-05-28,남자,50 - 59세,인천광역시,모바일거래,안마의자,청약철회
2024028183,2024-05-28,여자,50 - 59세,부산광역시,국내온라인거래,이동전화서비스,계약불이행(불완전이행)
2024028184,2024-05-28,남자,50 - 59세,서울특별시,일반판매,택배화물운송서비스,계약불이행(불완전이행)
2024028070,2024-05-28,여자,30 - 39세,서울특별시,국내온라인거래,항공여객운송서비스,부당행위
2024028076,2024-05-28,남자,40 - 49세,강원특별자치도,방문판매,인터넷교육서비스,계약해제.해지/위약금
2024028087,2024-05-28,남자,40 - 49세,서울특별시,국내온라인거래,라이트,품질(물품/용역)
2024028108,2024-05-28,여자,40 - 49세,부산광역시,국내온라인거래,기타문화·오락시설이용,계약불이행(불완전이행)
2024028185,2024-05-28,여자,40 - 49세,경기도,국내온라인거래,보석·귀금속,청약철회
2024028186,2024-05-28,여자,40 - 49세,서울특별시,소셜커머스(쇼핑),화장대,청약철회
2024028187,2024-05-28,남자,30 - 39세,서울특별시,일반판매,기타가방,품질(물품/용역)
2024028188,2024-05-28,남자,30 - 39세,대구광역시,일반판매,기타인테리어설비,계약불이행(불완전이행)
2024028189,2024-05-28,여자,40 - 49세,서울특별시,일반판매,사진촬영,청약철회
2024028190,2024-05-28,남자,40 - 49세,경기도,기타,국외여행,계약해제.해지/위약금
2024028191,2024-05-28,여자,30 - 39세,서울특별시,국내온라인거래,애완동·식물용품,계약불이행(불완전이행)
2024028192,2024-05-28,여자,20 - 29세,경상남도,방문판매,종합체육시설회원권,계약해제.해지/위약금
2024028193,2024-05-28,여자,30 - 39세,인천광역시,소셜커머스(쇼핑),미술전시관람,계약해제.해지/위약금
2024028194,2024-05-28,여자,20 - 29세,전라남도,국내온라인거래,원피스,품질(물품/용역)
2024028195,2024-05-28,여자,40 - 49세,서울특별시,일반판매,필라테스,계약해제.해지/위약금
2024028196,2024-05-28,여자,40 - 49세,인천광역시,일반판매,대문,품질(물품/용역)
2024028197,2024-05-28,남자,50 - 59세,인천광역시,일반판매,기타묘목·모종·종자,계약불이행(불완전이행)
2024028198,2024-05-28,여자,20 - 29세,서울특별시,일반판매,종합체육시설회원권,계약해제.해지/위약금
2024028199,2024-05-28,남자,30 - 39세,인천광역시,일반판매,스마트폰,AS불만
2024028200,2024-05-28,여자,40 - 49세,서울특별시,일반판매,기타세탁서비스,품질(물품/용역)
2024028201,2024-05-28,남자,30 - 39세,경기도,일반판매,가스에어컨,AS불만
2024028202,2024-05-28,남자,30 - 39세,울산광역시,일반판매,포장이사운송서비스,계약불이행(불완전이행)
2024028203,2024-05-28,여자,20 - 29세,대구광역시,방문판매,필라테스,계약해제.해지/위약금
2024028204,2024-05-28,남자,40 - 49세,서울특별시,국내온라인거래,인터넷교육서비스,계약해제.해지/위약금
2024028205,2024-05-28,여자,40 - 49세,부산광역시,국내온라인거래,기타간편복,계약불이행(불완전이행)
2024028206,2024-05-28,남자,40 - 49세,광주광역시,전화권유판매,아파트,계약해제.해지/위약금
2024028207,2024-05-28,남자,70 - 79세,부산광역시,국내온라인거래,보석·귀금속,청약철회
2024028208,2024-05-28,여자,40 - 49세,제주도,방문판매,기타가스·급배수설비,AS불만
2024028209,2024-05-28,여자,30 - 39세,서울특별시,일반판매,필라테스,계약해제.해지/위약금
2024028210,2024-05-28,여자,40 - 49세,경기도,국내온라인거래,국외여행,계약불이행(불완전이행)
2024028211,2024-05-28,여자,30 - 39세,서울특별시,기타통신판매,기타가구,청약철회
2024028212,2024-05-28,남자,40 - 49세,서울특별시,일반판매,양복(서양식 의복)세탁,품질(물품/용역)
2024028213,2024-05-28,여자,40 - 49세,전라남도,일반판매,미용서비스,부당행위
2024028214,2024-05-28,남자,30 - 39세,서울특별시,일반판매,헬스장,계약해제.해지/위약금
2024028215,2024-05-28,남자,10세 미만,전라남도,소셜커머스(쇼핑),택배화물운송서비스,계약불이행(불완전이행)
2024028216,2024-05-28,남자,20 - 29세,충청남도,국내온라인거래,언어(능력)자격시험기타,품질(물품/용역)
2024028217,2024-05-28,여자,30 - 39세,경기도,기타,기타이·미용기구,계약불이행(불완전이행)
2024028218,2024-05-28,남자,30 - 39세,서울특별시,소셜커머스(쇼핑),치약,표시.광고
2024028219,2024-05-28,여자,20 - 29세,서울특별시,일반판매,항공여객운송서비스,계약불이행(불완전이행)
2024028220,2024-05-28,남자,20 - 29세,경기도,모바일거래,항공여객운송서비스,계약해제.해지/위약금
2024028221,2024-05-28,여자,30 - 39세,부산광역시,일반판매,스마트폰,품질(물품/용역)
2024028222,2024-05-28,남자,40 - 49세,경기도,모바일거래,기타과일·과일가공식품,청약철회
2024028223,2024-05-28,남자,50 - 59세,경기도,국내온라인거래,항공여객운송서비스,계약해제.해지/위약금
2024028224,2024-05-28,여자,30 - 39세,서울특별시,일반판매,필라테스,계약해제.해지/위약금
2024028225,2024-05-28,여자,40 - 49세,부산광역시,기타,필라테스,계약불이행(불완전이행)
2024028226,2024-05-28,여자,40 - 49세,서울특별시,국내온라인거래,기타숙박시설,계약해제.해지/위약금
2024028227,2024-05-28,여자,30 - 39세,인천광역시,기타,피부·체형관리서비스,계약해제.해지/위약금
2024028228,2024-05-28,여자,20 - 29세,충청북도,기타,스포츠웨어,품질(물품/용역)
2024028229,2024-05-28,여자,30 - 39세,경기도,일반판매,피부·체형관리서비스,계약해제.해지/위약금
2024028230,2024-05-28,여자,20 - 29세,제주도,일반판매,기타완구·인형,계약불이행(불완전이행)
2024028231,2024-05-28,여자,40 - 49세,서울특별시,일반판매,필라테스,계약해제.해지/위약금
2024028232,2024-05-28,여자,30 - 39세,서울특별시,국내온라인거래,기타완구·인형,품질(물품/용역)
2024028233,2024-05-28,남자,40 - 49세,전라남도,일반판매,이동전화서비스,가격.요금
2024028234,2024-05-28,여자,40 - 49세,서울특별시,국내온라인거래,인터넷교육서비스,계약해제.해지/위약금
2024028235,2024-05-28,남자,20 - 29세,광주광역시,일반판매,미용서비스,계약해제.해지/위약금
2024028236,2024-05-28,여자,30 - 39세,충청남도,기타통신판매,인터넷교육서비스,계약해제.해지/위약금
2024028237,2024-05-28,여자,20 - 29세,경기도,국내온라인거래,신사화(구두·부츠 등),청약철회
2024028238,2024-05-28,여자,40 - 49세,서울특별시,국내온라인거래,기타숙박시설,계약해제.해지/위약금
2024028239,2024-05-28,여자,20 - 29세,서울특별시,일반판매,기타스포츠·레저기구·용품,청약철회
2024028240,2024-05-28,남자,20 - 29세,대구광역시,일반판매,기타세탁서비스,계약불이행(불완전이행)
2024028241,2024-05-28,여자,30 - 39세,서울특별시,국내온라인거래,펜션,부당행위
2024028242,2024-05-28,남자,40 - 49세,서울특별시,국내온라인거래,룸에어컨,청약철회
2024028243,2024-05-28,여자,30 - 39세,인천광역시,소셜커머스(쇼핑),소파,품질(물품/용역)
2024028244,2024-05-28,남자,30 - 39세,서울특별시,기타,유통시설이용,품질(물품/용역)
2024028245,2024-05-28,남자,20 - 29세,울산광역시,일반판매,헬스장,계약해제.해지/위약금
2024028246,2024-05-28,남자,40 - 49세,울산광역시,일반판매,대리운전,품질(물품/용역)
2024028247,2024-05-28,여자,50 - 59세,서울특별시,일반판매,필라테스,계약해제.해지/위약금
2024028248,2024-05-28,여자,50 - 59세,서울특별시,소셜커머스(쇼핑),호텔,계약해제.해지/위약금
2024028249,2024-05-28,여자,40 - 49세,경상남도,방문판매,방문교육,계약해제.해지/위약금
2024028250,2024-05-28,남자,50 - 59세,경기도,일반판매,종합체육시설회원권,계약해제.해지/위약금
2024028251,2024-05-28,여자,50 - 59세,경기도,기타,기타위생서비스,부당행위
2024028252,2024-05-28,남자,30 - 39세,경기도,국내온라인거래,방석,청약철회
2024028253,2024-05-28,여자,30 - 39세,인천광역시,일반판매,예식서비스,계약해제.해지/위약금
2024028254,2024-05-28,남자,10세 미만,경상남도,기타,기타컴퓨터·주변기기,품질(물품/용역)
2024028255,2024-05-28,여자,50 - 59세,대구광역시,국내온라인거래,초고속인터넷,부당행위
2024028256,2024-05-28,여자,40 - 49세,인천광역시,전화권유판매,기타일반화장품,계약해제.해지/위약금
2024028257,2024-05-28,남자,50 - 59세,전라남도,일반판매,점퍼·재킷류,AS불만
2024028258,2024-05-28,남자,50 - 59세,경기도,국내온라인거래,항공여객운송서비스,부당행위
2024028259,2024-05-28,남자,30 - 39세,충청남도,방문판매,결혼준비대행서비스,청약철회
2024028260,2024-05-28,여자,65 - 69세,서울특별시,모바일거래,TV,계약해제.해지/위약금
2024028261,2024-05-28,남자,20 - 29세,대전광역시,일반판매,헬스장,계약해제.해지/위약금
2024028262,2024-05-28,여자,40 - 49세,서울특별시,국내온라인거래,침대,품질(물품/용역)
2024028263,2024-05-28,여자,30 - 39세,부산광역시,기타통신판매,부업알선,계약해제.해지/위약금
2024028264,2024-05-28,여자,20 - 29세,부산광역시,일반판매,필라테스,계약불이행(불완전이행)
2024028265,2024-05-28,여자,60 - 64세,경기도,일반판매,기타미분류물품,품질(물품/용역)
2024028266,2024-05-28,남자,50 - 59세,충청남도,기타,섀시설비,AS불만
2024028267,2024-05-28,남자,20 - 29세,서울특별시,국내온라인거래,항공여객운송서비스,부당행위
2024028268,2024-05-28,여자,20 - 29세,경기도,일반판매,필라테스,계약해제.해지/위약금
2024028269,2024-05-28,여자,20 - 29세,서울특별시,국내온라인거래,항공여객운송서비스,부당행위
2024028270,2024-05-28,여자,20 - 29세,경기도,방문판매,테니스장스쿼시회원권,계약해제.해지/위약금
2024028271,2024-05-28,남자,40 - 49세,경기도,국내온라인거래,카메라,품질(물품/용역)
2024028272,2024-05-28,남자,20 - 29세,서울특별시,국내온라인거래,택배화물운송서비스,계약불이행(불완전이행)
2024028273,2024-05-28,남자,30 - 39세,서울특별시,방문판매,헬스장,계약해제.해지/위약금
2024028274,2024-05-28,여자,50 - 59세,경기도,일반판매,기타미분류서비스,가격.요금
2024028275,2024-05-28,여자,40 - 49세,충청남도,일반판매,기타인테리어설비,AS불만
2024028276,2024-05-28,여자,30 - 39세,경기도,일반판매,헬스장,계약해제.해지/위약금
2024028277,2024-05-28,남자,10 - 19세,대구광역시,국내온라인거래,CD·LD·DVD(영화·음악·게임),청약철회
2024028278,2024-05-28,남자,30 - 39세,서울특별시,일반판매,연수기,품질(물품/용역)
2024028279,2024-05-28,여자,40 - 49세,경상남도,전화권유판매,기타건강식품,계약해제.해지/위약금
2024028280,2024-05-28,남자,30 - 39세,경기도,일반판매,중고전자제품매매업,품질(물품/용역)
2024028281,2024-05-28,남자,20 - 29세,서울특별시,국제온라인거래,항공여객운송서비스,부당행위
2024028282,2024-05-28,여자,20 - 29세,서울특별시,국내온라인거래,항공여객운송서비스,계약해제.해지/위약금
2024028283,2024-05-28,여자,10세 미만,전라남도,일반판매,소파,품질(물품/용역)
2024028284,2024-05-28,여자,30 - 39세,인천광역시,국내온라인거래,꽃·화초·화환,청약철회
2024028285,2024-05-28,남자,40 - 49세,서울특별시,일반판매,이동전화서비스,가격.요금
2024028286,2024-05-28,남자,20 - 29세,경기도,일반판매,헬스장,계약해제.해지/위약금
2024028287,2024-05-28,여자,20 - 29세,세종특별자치시,소셜커머스(쇼핑),기타책상·테이블류,품질(물품/용역)
2024028288,2024-05-28,남자,20 - 29세,광주광역시,국내온라인거래,TV,계약불이행(불완전이행)
2024028289,2024-05-28,남자,40 - 49세,인천광역시,국내온라인거래,서랍장,계약불이행(불완전이행)
2024028290,2024-05-28,여자,20 - 29세,서울특별시,일반판매,헬스장,계약불이행(불완전이행)
2024028063,2024-05-28,여자,40 - 49세,서울특별시,일반판매,피부과,계약해제.해지/위약금
2024028057,2024-05-28,여자,40 - 49세,경기도,일반판매,기타주류,청약철회
2024028074,2024-05-28,남자,20 - 29세,경기도,일반판매,피부과,계약해제.해지/위약금
2024028123,2024-05-28,여자,70 - 79세,서울특별시,일반판매,치과,계약불이행(불완전이행)
2024028128,2024-05-28,남자,30 - 39세,충청북도,일반판매,자동차대여(렌트),가격.요금
2024028133,2024-05-28,남자,65 - 69세,경상남도,기타통신판매,유사투자자문,계약해제.해지/위약금
2024028138,2024-05-28,여자,20 - 29세,경기도,일반판매,헬스장,계약해제.해지/위약금
2024028142,2024-05-28,남자,40 - 49세,대전광역시,일반판매,냉장고,계약해제.해지/위약금
2024028147,2024-05-28,남자,20 - 29세,서울특별시,일반판매,헬스장,계약해제.해지/위약금
2024028153,2024-05-28,여자,50 - 59세,대구광역시,소셜커머스(쇼핑),소파,청약철회
2024028154,2024-05-28,남자,20 - 29세,경상남도,국내온라인거래,호텔,품질(물품/용역)
2024028158,2024-05-28,남자,40 - 49세,인천광역시,일반판매,묘지설비,계약해제.해지/위약금
2024028160,2024-05-28,여자,70 - 79세,부산광역시,일반판매,외식,품질(물품/용역)
2024028166,2024-05-28,여자,40 - 49세,경기도,일반판매,헬스장,계약불이행(불완전이행)
2024028167,2024-05-28,남자,30 - 39세,부산광역시,기타,가스에어컨,품질(물품/용역)
2024028170,2024-05-28,남자,50 - 59세,제주도,국내온라인거래,기타곡류·곡류가공식품,품질(물품/용역)
2024028047,2024-05-28,여자,불명,경상북도,국내온라인거래,캐주얼바지,계약불이행(불완전이행)
2024028083,2024-05-28,여자,40 - 49세,경기도,일반판매,필라테스,계약해제.해지/위약금
2024028090,2024-05-28,여자,20 - 29세,광주광역시,일반판매,피부과,계약해제.해지/위약금
2024028132,2024-05-28,남자,40 - 49세,대전광역시,일반판매,이동전화서비스,청약철회
2024028143,2024-05-28,남자,30 - 39세,서울특별시,일반판매,피부과,계약해제.해지/위약금
2024028052,2024-05-28,여자,20 - 29세,부산광역시,국내온라인거래,태블릿PC,품질(물품/용역)
2024028137,2024-05-28,남자,30 - 39세,서울특별시,국내온라인거래,외장하드,청약철회
2024028055,2024-05-28,여자,20 - 29세,경기도,기타,종합체육시설회원권,계약해제.해지/위약금
2024028056,2024-05-28,남자,30 - 39세,충청남도,기타,기타병·의원서비스,품질(물품/용역)
2024028098,2024-05-28,남자,20 - 29세,경기도,일반판매,레저시설이용,품질(물품/용역)
2024028067,2024-05-28,남자,50 - 59세,대구광역시,국내온라인거래,항공여객운송서비스,계약불이행(불완전이행)
2024028100,2024-05-28,여자,80세이상,서울특별시,방문판매,이온수기,부당행위
2024028104,2024-05-28,남자,40 - 49세,세종특별자치시,일반판매,시스템에어컨,AS불만
2024028105,2024-05-28,남자,40 - 49세,경기도,소셜커머스(쇼핑),손소독제(손세정제),부당행위
2024028111,2024-05-28,여자,50 - 59세,경기도,방문판매,이불·요,계약불이행(불완전이행)
2024028141,2024-05-28,여자,50 - 59세,광주광역시,기타,신유형상품권,거래관행
2024028130,2024-05-28,남자,60 - 64세,경기도,일반판매,중형승용자동차,부당행위
2024028136,2024-05-28,남자,40 - 49세,경기도,방문판매,콘도회원권,계약해제.해지/위약금
2024028155,2024-05-28,여자,30 - 39세,충청북도,기타,제조물·생산및영업배상보험,부당행위
2024028157,2024-05-28,남자,40 - 49세,서울특별시,국내온라인거래,가습기,품질(물품/용역)
2024028048,2024-05-28,남자,30 - 39세,경기도,모바일거래,모바일게임서비스,부당행위
2024028107,2024-05-28,남자,65 - 69세,서울특별시,일반판매,전기면도기,계약불이행(불완전이행)
2024028113,2024-05-28,여자,40 - 49세,경기도,일반판매,변호서비스,계약해제.해지/위약금
2024028144,2024-05-28,여자,30 - 39세,경기도,국내온라인거래,기타숙박시설,계약해제.해지/위약금
2024028124,2024-05-28,여자,60 - 64세,부산광역시,일반판매,신경외과,품질(물품/용역)
2024028139,2024-05-28,남자,30 - 39세,대구광역시,일반판매,결혼준비대행서비스,계약해제.해지/위약금
2024028140,2024-05-28,여자,20 - 29세,경기도,일반판매,헬스장,계약해제.해지/위약금
2024028150,2024-05-28,남자,40 - 49세,서울특별시,일반판매,정형외과,품질(물품/용역)
2024028164,2024-05-28,여자,20 - 29세,경기도,기타,기타이·미용서비스,품질(물품/용역)
2024028168,2024-05-28,여자,30 - 39세,부산광역시,국내온라인거래,기타의료용구,청약철회
2024028171,2024-05-28,남자,40 - 49세,경상남도,일반판매,포장이사운송서비스,거래관행
2024028173,2024-05-28,여자,50 - 59세,경기도,국내온라인거래,침대,품질(물품/용역)
2024028135,2024-05-28,여자,30 - 39세,경기도,일반판매,TV,품질(물품/용역)
2024028058,2024-05-28,남자,불명,대구광역시,기타,기타미분류서비스,표시.광고
2024028059,2024-05-28,남자,60 - 64세,충청남도,일반판매,냉장고,계약불이행(불완전이행)
2024028068,2024-05-28,여자,30 - 39세,경기도,국내온라인거래,각종공연관람,계약불이행(불완전이행)
2024028072,2024-05-28,남자,50 - 59세,서울특별시,일반판매,치과,품질(물품/용역)
2024028097,2024-05-28,남자,30 - 39세,서울특별시,일반판매,예식서비스,계약해제.해지/위약금
2024028103,2024-05-28,남자,30 - 39세,경상남도,일반판매,방향제,품질(물품/용역)
2024028073,2024-05-28,남자,20 - 29세,경기도,국내온라인거래,각종공연관람,계약불이행(불완전이행)
2024028091,2024-05-28,남자,20 - 29세,서울특별시,일반판매,헬스장,계약해제.해지/위약금
2024028094,2024-05-28,남자,50 - 59세,경기도,일반판매,실손보험,계약불이행(불완전이행)
2024028101,2024-05-28,여자,20 - 29세,경상북도,국내온라인거래,항공여객운송서비스,청약철회
2024028174,2024-05-28,여자,60 - 64세,대구광역시,기타통신판매,초고속인터넷,계약해제.해지/위약금
2024028161,2024-05-28,남자,50 - 59세,광주광역시,일반판매,기타인테리어설비,안전(제품/시설)
2024028172,2024-05-28,남자,30 - 39세,경기도,일반판매,신사복세트,계약불이행(불완전이행)
2024028165,2024-05-28,남자,50 - 59세,경기도,일반판매,택배화물운송서비스,품질(물품/용역)
2024028175,2024-05-28,남자,30 - 39세,대구광역시,국내온라인거래,기타숙박시설,계약불이행(불완전이행)
2024028080,2024-05-28,남자,30 - 39세,충청남도,기타,"OTT서비스(넷플릭스,왓챠 등)",부당행위
2024028081,2024-05-28,남자,40 - 49세,경기도,일반판매,포장이사운송서비스,거래관행
2024028085,2024-05-28,남자,40 - 49세,서울특별시,기타통신판매,인터넷정보이용서비스,청약철회
2024028075,2024-05-28,남자,40 - 49세,경기도,국내온라인거래,사과,부당행위
2024028088,2024-05-28,남자,60 - 64세,경기도,일반판매,기타이동통신,부당채권추심
2024028092,2024-05-28,여자,20 - 29세,경상남도,국내온라인거래,스마트폰,품질(물품/용역)
2024028110,2024-05-28,남자,65 - 69세,서울특별시,일반판매,고시원이용,계약해제.해지/위약금
2024028112,2024-05-28,남자,65 - 69세,서울특별시,국내온라인거래,룸에어컨,계약해제.해지/위약금
2024028119,2024-05-28,남자,50 - 59세,경상북도,국내온라인거래,차량네비게이션(자동항법장치),품질(물품/용역)
2024028120,2024-05-28,여자,20 - 29세,서울특별시,일반판매,헬스장,계약해제.해지/위약금
2024028121,2024-05-28,남자,20 - 29세,인천광역시,기타,성형외과,품질(물품/용역)
2024028125,2024-05-28,여자,30 - 39세,서울특별시,국내온라인거래,기타숙박시설,계약해제.해지/위약금
2024028149,2024-05-28,남자,65 - 69세,경상북도,국내온라인거래,애완식물(화분·분재),계약불이행(불완전이행)
2024028131,2024-05-28,여자,30 - 39세,전라남도,국내온라인거래,기타건강식품,청약철회
2024028145,2024-05-28,여자,60 - 64세,경기도,일반판매,초고속인터넷,계약해제.해지/위약금
2024028159,2024-05-28,남자,50 - 59세,대전광역시,모바일거래,레저시설이용,계약불이행(불완전이행)
2024028169,2024-05-28,남자,70 - 79세,경상북도,일반판매,소형화물자동차,품질(물품/용역)
2024028176,2024-05-28,남자,40 - 49세,경상남도,소셜커머스(쇼핑),TV,계약불이행(불완전이행)
2024028178,2024-05-28,남자,65 - 69세,서울특별시,일반판매,자동차수리·점검,품질(물품/용역)
2024028078,2024-05-28,여자,30 - 39세,서울특별시,방문판매,헬스장,계약해제.해지/위약금
2024028079,2024-05-28,남자,10 - 19세,경기도,일반판매,치과,계약해제.해지/위약금
2024028096,2024-05-28,남자,40 - 49세,서울특별시,일반판매,대형승용자동차,계약해제.해지/위약금
2024028118,2024-05-28,여자,40 - 49세,경기도,국내온라인거래,기타일반화장품,청약철회
2024028122,2024-05-28,여자,40 - 49세,전라남도,기타,치과,계약해제.해지/위약금
2024028134,2024-05-28,남자,40 - 49세,경기도,일반판매,중고자동차중개·매매,품질(물품/용역)
2024028350,2024-05-29,여자,20 - 29세,경상남도,일반판매,헬스장,계약해제.해지/위약금
2024028353,2024-05-29,여자,50 - 59세,경기도,일반판매,화장실설비,계약불이행(불완전이행)
2024028366,2024-05-29,여자,30 - 39세,경기도,기타,건강(암·기타질병)보험,부당행위
2024028391,2024-05-29,여자,50 - 59세,대구광역시,일반판매,소파,품질(물품/용역)
2024028398,2024-05-29,남자,50 - 59세,제주도,기타통신판매,골프용품,계약불이행(불완전이행)
2024028412,2024-05-29,남자,20 - 29세,경기도,국내온라인거래,항공여객운송서비스,청약철회
2024028291,2024-05-29,여자,30 - 39세,경상남도,국내온라인거래,티셔츠,계약불이행(불완전이행)
2024028304,2024-05-29,여자,60 - 64세,서울특별시,일반판매,타일,품질(물품/용역)
2024028313,2024-05-29,여자,불명,경기도,국내온라인거래,항공여객운송서비스,계약해제.해지/위약금
2024028338,2024-05-29,남자,20 - 29세,충청남도,국내온라인거래,기타위생서비스,계약불이행(불완전이행)
2024028329,2024-05-29,남자,50 - 59세,서울특별시,모바일거래,"OTT서비스(넷플릭스,왓챠 등)",부당행위
2024028337,2024-05-29,남자,30 - 39세,경기도,일반판매,"연회서비스(돌잔치,회갑 등)",계약해제.해지/위약금
2024028347,2024-05-29,남자,30 - 39세,경기도,국내온라인거래,선글라스,품질(물품/용역)
2024028381,2024-05-29,여자,20 - 29세,강원특별자치도,일반판매,필라테스,계약해제.해지/위약금
2024028387,2024-05-29,여자,40 - 49세,경기도,일반판매,정수기대여(렌트),계약해제.해지/위약금
2024028388,2024-05-29,남자,50 - 59세,충청북도,국내온라인거래,오토바이,품질(물품/용역)
2024028407,2024-05-29,여자,30 - 39세,서울특별시,일반판매,필라테스,계약불이행(불완전이행)
2024028292,2024-05-29,남자,60 - 64세,제주도,모바일거래,유사투자자문,계약해제.해지/위약금
2024028293,2024-05-29,남자,40 - 49세,광주광역시,국내온라인거래,TV,청약철회
2024028295,2024-05-29,남자,50 - 59세,부산광역시,방문판매,침대,품질(물품/용역)
2024028299,2024-05-29,여자,40 - 49세,경상남도,모바일거래,캐주얼바지,품질(물품/용역)
2024028310,2024-05-29,여자,20 - 29세,서울특별시,국내온라인거래,호텔,청약철회
2024028334,2024-05-29,남자,30 - 39세,부산광역시,일반판매,변호서비스,계약해제.해지/위약금
2024028316,2024-05-29,남자,50 - 59세,서울특별시,방문판매,콘도회원권,계약해제.해지/위약금
2024028332,2024-05-29,여자,65 - 69세,광주광역시,전화권유판매,영양크림류,품질(물품/용역)
2024028352,2024-05-29,남자,30 - 39세,경상북도,일반판매,컴퓨터수리,계약불이행(불완전이행)
2024028358,2024-05-29,남자,40 - 49세,경기도,일반판매,하수도위생서비스,계약해제.해지/위약금
2024028364,2024-05-29,여자,40 - 49세,전라북도,일반판매,기타행정서비스,계약해제.해지/위약금
2024028384,2024-05-29,여자,30 - 39세,서울특별시,일반판매,필라테스,부당행위
2024028402,2024-05-29,남자,40 - 49세,서울특별시,기타통신판매,일반이사운송서비스,계약불이행(불완전이행)
2024028418,2024-05-29,남자,20 - 29세,경기도,일반판매,중고자동차중개·매매,품질(물품/용역)
2024028409,2024-05-29,남자,20 - 29세,서울특별시,일반판매,헬스장,계약해제.해지/위약금
2024028427,2024-05-29,여자,30 - 39세,경기도,일반판매,성형외과,계약해제.해지/위약금
2024028424,2024-05-29,남자,50 - 59세,강원특별자치도,일반판매,중형승용자동차,품질(물품/용역)
2024028429,2024-05-29,남자,40 - 49세,서울특별시,모바일거래,기타숙박시설,청약철회
2024028294,2024-05-29,여자,40 - 49세,부산광역시,국내온라인거래,룸에어컨,계약불이행(불완전이행)
2024028326,2024-05-29,여자,40 - 49세,서울특별시,일반판매,필라테스,계약불이행(불완전이행)
2024028333,2024-05-29,여자,30 - 39세,서울특별시,일반판매,필라테스,계약불이행(불완전이행)
2024028346,2024-05-29,여자,30 - 39세,서울특별시,일반판매,필라테스,계약불이행(불완전이행)
2024028351,2024-05-29,여자,30 - 39세,충청북도,일반판매,스마트폰,AS불만
2024028373,2024-05-29,남자,50 - 59세,서울특별시,국내온라인거래,택배화물운송서비스,계약해제.해지/위약금
2024028376,2024-05-29,남자,30 - 39세,경기도,일반판매,헬스장,계약해제.해지/위약금
2024028383,2024-05-29,여자,40 - 49세,인천광역시,일반판매,일반강습(입시학원등),부당행위
2024028399,2024-05-29,남자,50 - 59세,서울특별시,일반판매,중고자동차중개·매매,계약불이행(불완전이행)
2024028408,2024-05-29,여자,40 - 49세,세종특별자치시,국내온라인거래,기타가방,청약철회
2024028414,2024-05-29,남자,40 - 49세,강원특별자치도,모바일거래,모바일게임서비스,부당행위
2024028415,2024-05-29,여자,20 - 29세,서울특별시,일반판매,외국어강습,계약해제.해지/위약금
2024028416,2024-05-29,남자,10 - 19세,경기도,방문판매,헬스장,계약해제.해지/위약금
2024028421,2024-05-29,남자,20 - 29세,경기도,국내온라인거래,기타자동차용품,청약철회
2024028423,2024-05-29,여자,30 - 39세,서울특별시,일반판매,정수기대여(렌트),계약해제.해지/위약금
2024028297,2024-05-29,남자,불명,대구광역시,일반판매,항공여객운송서비스,품질(물품/용역)
2024028298,2024-05-29,남자,50 - 59세,부산광역시,일반판매,안마의자,AS불만
2024028302,2024-05-29,여자,20 - 29세,서울특별시,국내온라인거래,전기세탁기,부당행위
2024028314,2024-05-29,여자,60 - 64세,경기도,기타,이비인후과,품질(물품/용역)
2024028322,2024-05-29,여자,40 - 49세,울산광역시,일반판매,골프용품,AS불만
2024028323,2024-05-29,여자,50 - 59세,서울특별시,모바일거래,모바일정보이용서비스,계약해제.해지/위약금
2024028328,2024-05-29,남자,20 - 29세,경상남도,방문판매,상조서비스,계약해제.해지/위약금
2024028340,2024-05-29,남자,20 - 29세,경기도,일반판매,각종자격취득강습,계약해제.해지/위약금
2024028341,2024-05-29,여자,40 - 49세,경기도,국내온라인거래,캐주얼바지,계약불이행(불완전이행)
2024028344,2024-05-29,여자,30 - 39세,충청남도,국내온라인거래,인터넷교육서비스,계약해제.해지/위약금
2024028345,2024-05-29,여자,20 - 29세,서울특별시,국내온라인거래,침대,청약철회
2024028348,2024-05-29,남자,30 - 39세,서울특별시,일반판매,예식서비스,계약해제.해지/위약금
2024028363,2024-05-29,남자,40 - 49세,경기도,소셜커머스(쇼핑),소파,품질(물품/용역)
2024028369,2024-05-29,남자,30 - 39세,경기도,일반판매,건강(암·기타질병)보험,부당행위
2024028433,2024-05-29,여자,30 - 39세,서울특별시,기타,수영장회원권,계약해제.해지/위약금
2024028434,2024-05-29,여자,20 - 29세,인천광역시,일반판매,헬스장,계약해제.해지/위약금
2024028435,2024-05-29,남자,40 - 49세,서울특별시,일반판매,이동전화서비스,계약해제.해지/위약금
2024028436,2024-05-29,남자,60 - 64세,서울특별시,모바일거래,호텔,청약철회
2024028437,2024-05-29,남자,30 - 39세,전라남도,기타,기타인테리어설비,계약불이행(불완전이행)
2024028438,2024-05-29,남자,50 - 59세,경상북도,일반판매,기타농업용기계,AS불만
2024028439,2024-05-29,남자,30 - 39세,경상남도,모바일거래,기타알선·중개·번역서비스,부당행위
2024028440,2024-05-29,여자,40 - 49세,서울특별시,일반판매,항공여객운송서비스,부당행위
2024028441,2024-05-29,남자,30 - 39세,대구광역시,일반판매,헬스장,계약해제.해지/위약금
2024028442,2024-05-29,남자,30 - 39세,대구광역시,소셜커머스(쇼핑),모자,계약불이행(불완전이행)
2024028443,2024-05-29,남자,40 - 49세,전라남도,국제온라인거래,기타의류·섬유,청약철회
2024028444,2024-05-29,여자,30 - 39세,경기도,일반판매,결혼준비대행서비스,AS불만
2024028445,2024-05-29,남자,20 - 29세,서울특별시,기타,보석·귀금속,계약불이행(불완전이행)
2024028446,2024-05-29,여자,20 - 29세,충청남도,기타통신판매,감귤,품질(물품/용역)
2024028447,2024-05-29,여자,30 - 39세,대전광역시,국내온라인거래,이불·침대커버,청약철회
2024028430,2024-05-29,남자,40 - 49세,경기도,전화권유판매,유사투자자문,계약해제.해지/위약금
2024028312,2024-05-29,여자,20 - 29세,부산광역시,방문판매,피부·체형관리서비스,부당행위
2024028325,2024-05-29,여자,50 - 59세,경기도,일반판매,헬스장,계약불이행(불완전이행)
2024028448,2024-05-29,남자,50 - 59세,경기도,국내온라인거래,이동전화서비스,가격.요금
2024028449,2024-05-29,여자,30 - 39세,서울특별시,국내온라인거래,모자,청약철회
2024028450,2024-05-29,여자,30 - 39세,충청남도,기타,기타놀이·게임기구,부당행위
2024028451,2024-05-29,여자,30 - 39세,서울특별시,일반판매,산후조리원,부당행위
2024028452,2024-05-29,남자,50 - 59세,충청북도,국내온라인거래,보석·귀금속,부당행위
2024028453,2024-05-29,여자,40 - 49세,인천광역시,TV홈쇼핑,건강침대(흙·돌등),AS불만
2024028454,2024-05-29,남자,40 - 49세,강원특별자치도,방문판매,콘도회원권,계약해제.해지/위약금
2024028455,2024-05-29,여자,30 - 39세,서울특별시,일반판매,고시원이용,계약해제.해지/위약금
2024028456,2024-05-29,여자,30 - 39세,서울특별시,국내온라인거래,숙녀복상의,계약불이행(불완전이행)
2024028457,2024-05-29,남자,40 - 49세,서울특별시,일반판매,위스키,품질(물품/용역)
2024028458,2024-05-29,여자,50 - 59세,경기도,일반판매,기타의류·섬유,품질(물품/용역)
2024028459,2024-05-29,여자,30 - 39세,세종특별자치시,국내온라인거래,소파,품질(물품/용역)
2024028460,2024-05-29,남자,40 - 49세,경기도,일반판매,기타인테리어설비,AS불만
2024028461,2024-05-29,여자,50 - 59세,경기도,일반판매,외식,안전(제품/시설)
2024028462,2024-05-29,남자,40 - 49세,경기도,모바일거래,골프용품,AS불만
2024028463,2024-05-29,여자,30 - 39세,제주도,소셜커머스(쇼핑),기타숙박시설,계약해제.해지/위약금
2024028464,2024-05-29,여자,20 - 29세,대구광역시,소셜커머스(쇼핑),일반강습(입시학원등),계약해제.해지/위약금
2024028465,2024-05-29,남자,20 - 29세,부산광역시,방문판매,헬스장,계약해제.해지/위약금
2024028466,2024-05-29,여자,20 - 29세,서울특별시,방문판매,헬스장,계약해제.해지/위약금
2024028467,2024-05-29,여자,50 - 59세,충청남도,방문판매,이불·요,품질(물품/용역)
2024028468,2024-05-29,여자,30 - 39세,서울특별시,국내온라인거래,인터넷교육서비스,계약해제.해지/위약금
2024028469,2024-05-29,남자,40 - 49세,전라남도,방문판매,포장이사운송서비스,AS불만
2024028470,2024-05-29,여자,20 - 29세,대전광역시,방문판매,필라테스,계약불이행(불완전이행)
2024028471,2024-05-29,여자,20 - 29세,서울특별시,국내온라인거래,캐주얼바지,청약철회
2024028472,2024-05-29,여자,20 - 29세,서울특별시,기타통신판매,인터넷교육서비스,계약해제.해지/위약금
2024028473,2024-05-29,여자,40 - 49세,서울특별시,일반판매,인터넷교육서비스,계약해제.해지/위약금
2024028474,2024-05-29,남자,20 - 29세,대전광역시,일반판매,헬스장,계약해제.해지/위약금
2024028475,2024-05-29,여자,30 - 39세,경기도,일반판매,신사복세트,부당행위
2024028476,2024-05-29,여자,20 - 29세,경기도,일반판매,기타약품,품질(물품/용역)
2024028477,2024-05-29,남자,20 - 29세,경기도,방문판매,헬스장,계약해제.해지/위약금
2024028478,2024-05-29,여자,40 - 49세,경기도,국내온라인거래,캐주얼바지,계약불이행(불완전이행)
2024028479,2024-05-29,여자,30 - 39세,부산광역시,국내온라인거래,기타미분류물품,계약불이행(불완전이행)
2024028480,2024-05-29,남자,30 - 39세,서울특별시,일반판매,헬스장,계약해제.해지/위약금
2024028481,2024-05-29,남자,20 - 29세,경기도,일반판매,필라테스,계약해제.해지/위약금
2024028482,2024-05-29,여자,50 - 59세,부산광역시,일반판매,필라테스,계약해제.해지/위약금
2024028483,2024-05-29,여자,20 - 29세,대전광역시,일반판매,침대,표시.광고
2024028484,2024-05-29,여자,30 - 39세,대구광역시,전화권유판매,인터넷정보이용서비스,계약불이행(불완전이행)
2024028485,2024-05-29,여자,30 - 39세,경기도,방문판매,소파,계약해제.해지/위약금
2024028486,2024-05-29,여자,20 - 29세,서울특별시,일반판매,필라테스,계약해제.해지/위약금
2024028487,2024-05-29,남자,30 - 39세,대구광역시,일반판매,헬스장,계약해제.해지/위약금
2024028488,2024-05-29,여자,40 - 49세,서울특별시,국내온라인거래,항공여객운송서비스,계약해제.해지/위약금
2024028489,2024-05-29,여자,40 - 49세,경기도,국제온라인거래,항공여객운송서비스,부당행위
2024028490,2024-05-29,여자,50 - 59세,경기도,국내온라인거래,국외여행,계약불이행(불완전이행)
2024028491,2024-05-29,여자,40 - 49세,서울특별시,일반판매,룸에어컨,거래관행
2024028492,2024-05-29,여자,20 - 29세,부산광역시,방문판매,인터넷교육서비스,계약해제.해지/위약금
2024028493,2024-05-29,여자,20 - 29세,경기도,일반판매,필라테스,계약해제.해지/위약금
2024028494,2024-05-29,여자,40 - 49세,경기도,국내온라인거래,항공여객운송서비스,부당행위
2024028495,2024-05-29,여자,50 - 59세,경기도,국내온라인거래,기타컴퓨터·주변기기,품질(물품/용역)
2024028496,2024-05-29,남자,30 - 39세,경상남도,기타,공기청정기대여(렌트),계약해제.해지/위약금
2024028497,2024-05-29,여자,20 - 29세,서울특별시,방문판매,헬스장,계약해제.해지/위약금
2024028498,2024-05-29,여자,30 - 39세,경기도,국내온라인거래,기타육류·육류가공식품,품질(물품/용역)
2024028499,2024-05-29,여자,20 - 29세,인천광역시,방문판매,독서실이용,계약해제.해지/위약금
2024028500,2024-05-29,여자,40 - 49세,부산광역시,국내온라인거래,기타미분류서비스,부당행위
2024028501,2024-05-29,여자,30 - 39세,경상북도,모바일거래,호텔,계약해제.해지/위약금
2024028502,2024-05-29,여자,40 - 49세,울산광역시,국내온라인거래,숙녀화(구두·부츠 등),청약철회
2024028503,2024-05-29,남자,50 - 59세,경기도,국내온라인거래,항공여객운송서비스,계약해제.해지/위약금
2024028504,2024-05-29,여자,30 - 39세,서울특별시,기타통신판매,일반강습(입시학원등),단순문의.상담
2024028505,2024-05-29,남자,50 - 59세,서울특별시,소셜커머스(쇼핑),톱,품질(물품/용역)
2024028506,2024-05-29,여자,30 - 39세,인천광역시,국내온라인거래,정수기대여(렌트),계약해제.해지/위약금
2024028507,2024-05-29,여자,30 - 39세,서울특별시,국내온라인거래,기타숙박시설,계약해제.해지/위약금
2024028508,2024-05-29,남자,30 - 39세,서울특별시,기타,기타컴퓨터·주변기기,AS불만
2024028509,2024-05-29,여자,10세 미만,서울특별시,국내온라인거래,아동복,청약철회
2024028510,2024-05-29,남자,30 - 39세,경기도,소셜커머스(쇼핑),기타유아용식생활용품,안전(제품/시설)
2024028511,2024-05-29,남자,20 - 29세,울산광역시,모바일거래,식사배달,품질(물품/용역)
2024028512,2024-05-29,남자,30 - 39세,경기도,일반판매,헬스장,계약해제.해지/위약금
2024028513,2024-05-29,여자,30 - 39세,경상북도,국내온라인거래,기타미분류서비스,계약해제.해지/위약금
2024028514,2024-05-29,여자,20 - 29세,서울특별시,국내온라인거래,기타가구,청약철회
2024028515,2024-05-29,여자,20 - 29세,경기도,기타통신판매,사진촬영,계약불이행(불완전이행)
2024028516,2024-05-29,여자,40 - 49세,경상남도,소셜커머스(쇼핑),비치파라솔,계약해제.해지/위약금
2024028517,2024-05-29,여자,40 - 49세,경기도,방문판매,전기진공청소기,청약철회
2024028518,2024-05-29,남자,30 - 39세,서울특별시,일반판매,모자,품질(물품/용역)
2024028519,2024-05-29,여자,30 - 39세,서울특별시,국내온라인거래,기타간편복,청약철회
2024028520,2024-05-29,여자,30 - 39세,경기도,국내온라인거래,타올,품질(물품/용역)
2024028521,2024-05-29,남자,40 - 49세,서울특별시,국내온라인거래,아이스크림,품질(물품/용역)
2024028522,2024-05-29,여자,40 - 49세,서울특별시,일반판매,피부·체형관리서비스,계약불이행(불완전이행)
2024028523,2024-05-29,남자,30 - 39세,서울특별시,기타,기타컴퓨터·주변기기,AS불만
2024028524,2024-05-29,여자,50 - 59세,전라남도,기타,기타인테리어설비,AS불만
2024028525,2024-05-29,여자,30 - 39세,부산광역시,기타통신판매,유모차,품질(물품/용역)
2024028526,2024-05-29,여자,20 - 29세,서울특별시,국내온라인거래,기타완구·인형,계약불이행(불완전이행)
2024028527,2024-05-29,여자,40 - 49세,인천광역시,기타,모피·모피의류,품질(물품/용역)
2024028528,2024-05-29,여자,20 - 29세,서울특별시,모바일거래,각종공연관람,계약불이행(불완전이행)
2024028529,2024-05-29,여자,40 - 49세,경기도,기타,기타가사용품,AS불만
2024028530,2024-05-29,남자,40 - 49세,광주광역시,기타통신판매,모바일정보이용서비스,부당행위
2024028531,2024-05-29,여자,30 - 39세,부산광역시,전화권유판매,기타매체광고,계약불이행(불완전이행)
2024028532,2024-05-29,여자,50 - 59세,부산광역시,일반판매,정수기,품질(물품/용역)
2024028533,2024-05-29,여자,30 - 39세,서울특별시,일반판매,이동전화서비스,청약철회
2024028534,2024-05-29,남자,40 - 49세,경기도,방문판매,경비·관리서비스,계약해제.해지/위약금
2024028535,2024-05-29,여자,40 - 49세,경기도,국내온라인거래,국외여행,계약해제.해지/위약금
2024028536,2024-05-29,남자,50 - 59세,경기도,모바일거래,택시여객운송서비스,표시.광고
2024028537,2024-05-29,여자,40 - 49세,서울특별시,국내온라인거래,니트(스웨터),청약철회
2024028538,2024-05-29,여자,30 - 39세,경기도,국내온라인거래,가스에어컨,표시.광고
2024028539,2024-05-29,남자,30 - 39세,인천광역시,국내온라인거래,전기진공청소기,품질(물품/용역)
2024028540,2024-05-29,남자,20 - 29세,서울특별시,국내온라인거래,캐주얼바지,계약불이행(불완전이행)
2024028541,2024-05-29,남자,30 - 39세,경기도,국내온라인거래,소파,AS불만
2024028542,2024-05-29,남자,40 - 49세,서울특별시,기타,대형승용자동차,단순문의.상담
2024028543,2024-05-29,여자,40 - 49세,경기도,일반판매,보석·귀금속,품질(물품/용역)
2024028544,2024-05-29,남자,40 - 49세,충청북도,기타,호텔,계약불이행(불완전이행)
2024028545,2024-05-29,남자,20 - 29세,서울특별시,국제온라인거래,택배화물운송서비스,청약철회
2024028546,2024-05-29,여자,40 - 49세,경기도,소셜커머스(쇼핑),기타회원권,부당행위
2024028547,2024-05-29,여자,20 - 29세,인천광역시,방문판매,필라테스,계약해제.해지/위약금
2024028548,2024-05-29,여자,30 - 39세,세종특별자치시,기타통신판매,공예품,표시.광고
2024028549,2024-05-29,여자,40 - 49세,경기도,국내온라인거래,니트(스웨터),청약철회
2024028550,2024-05-29,여자,30 - 39세,서울특별시,국내온라인거래,아동용내의류,품질(물품/용역)
2024028551,2024-05-29,여자,30 - 39세,서울특별시,국내온라인거래,향수,가격.요금
2024028552,2024-05-29,여자,30 - 39세,경기도,소셜커머스(쇼핑),전자담배,표시.광고
2024028553,2024-05-29,여자,20 - 29세,서울특별시,국내온라인거래,기타숙박시설,계약해제.해지/위약금
2024028554,2024-05-29,여자,30 - 39세,경기도,국내온라인거래,항공여객운송서비스,계약불이행(불완전이행)
2024028555,2024-05-29,여자,20 - 29세,전라북도,기타통신판매,신사화(구두·부츠 등),청약철회
2024028556,2024-05-29,여자,30 - 39세,부산광역시,국내온라인거래,스낵과자,청약철회
2024028300,2024-05-29,남자,40 - 49세,경기도,국내온라인거래,모형완구,품질(물품/용역)
2024028306,2024-05-29,남자,40 - 49세,충청남도,국내온라인거래,전기진공청소기,품질(물품/용역)
2024028315,2024-05-29,남자,50 - 59세,부산광역시,모바일거래,유사투자자문,계약해제.해지/위약금
2024028339,2024-05-29,여자,20 - 29세,서울특별시,일반판매,기타주거관리설비,AS불만
2024028356,2024-05-29,남자,40 - 49세,대구광역시,모바일거래,호텔,청약철회
2024028359,2024-05-29,남자,40 - 49세,인천광역시,일반판매,실손보험,계약불이행(불완전이행)
2024028362,2024-05-29,여자,40 - 49세,충청남도,기타,건강(암·기타질병)보험,계약불이행(불완전이행)
2024028379,2024-05-29,남자,80세이상,경기도,일반판매,소파,품질(물품/용역)
2024028380,2024-05-29,여자,50 - 59세,서울특별시,일반판매,성형외과,계약해제.해지/위약금
2024028397,2024-05-29,남자,50 - 59세,울산광역시,국내온라인거래,이동전화서비스,거래관행
2024028303,2024-05-29,여자,70 - 79세,경기도,일반판매,헬스장,계약해제.해지/위약금
2024028327,2024-05-29,여자,20 - 29세,경기도,모바일거래,인터넷교육서비스,계약해제.해지/위약금
2024028330,2024-05-29,여자,불명,경상북도,국내온라인거래,화분(꽃가루)제품,계약해제.해지/위약금
2024028335,2024-05-29,여자,80세이상,서울특별시,일반판매,전기맛사지기,AS불만
2024026636,2024-05-29,여자,50 - 59세,경기도,일반판매,니트(스웨터),품질(물품/용역)
2024028342,2024-05-29,남자,30 - 39세,인천광역시,국제온라인거래,항공여객운송서비스,부당행위
2024028395,2024-05-29,여자,40 - 49세,경기도,국내온라인거래,컵,청약철회
2024028419,2024-05-29,남자,20 - 29세,전라북도,국내온라인거래,이동전화서비스,청약철회
2024028307,2024-05-29,여자,40 - 49세,서울특별시,기타통신판매,호텔,계약해제.해지/위약금
2024028321,2024-05-29,남자,40 - 49세,경기도,일반판매,전기의류건조기,품질(물품/용역)
2024028336,2024-05-29,남자,30 - 39세,대구광역시,국내온라인거래,주스,계약불이행(불완전이행)
2024028375,2024-05-29,남자,20 - 29세,서울특별시,국내온라인거래,소파,부당행위
2024028393,2024-05-29,여자,30 - 39세,경기도,기타통신판매,필라테스,계약해제.해지/위약금
2024028406,2024-05-29,남자,30 - 39세,서울특별시,일반판매,예식서비스,계약해제.해지/위약금
2024028425,2024-05-29,남자,50 - 59세,경기도,일반판매,상해보험,약관
2024028365,2024-05-29,남자,40 - 49세,충청북도,국내온라인거래,컴퓨터수리,계약해제.해지/위약금
2024028367,2024-05-29,남자,40 - 49세,서울특별시,국내온라인거래,타이어,청약철회
2024028368,2024-05-29,여자,40 - 49세,경기도,국내온라인거래,국외여행,계약해제.해지/위약금
2024028382,2024-05-29,여자,20 - 29세,경기도,방문판매,결혼준비대행서비스,청약철회
2024028354,2024-05-29,여자,불명,경기도,일반판매,헬스장,계약불이행(불완전이행)
2024028355,2024-05-29,여자,30 - 39세,경기도,일반판매,"연회서비스(돌잔치,회갑 등)",계약해제.해지/위약금
2024028360,2024-05-29,남자,불명,경기도,일반판매,헬스장,계약해제.해지/위약금
2024028372,2024-05-29,여자,40 - 49세,경기도,일반판매,기타책상·테이블류,품질(물품/용역)
2024028404,2024-05-29,남자,50 - 59세,경기도,일반판매,포장이사운송서비스,품질(물품/용역)
2024028405,2024-05-29,남자,80세이상,경기도,소셜커머스(쇼핑),기타건강식품,품질(물품/용역)
2024028413,2024-05-29,남자,불명,서울특별시,일반판매,기타인테리어설비,AS불만
2024028428,2024-05-29,여자,50 - 59세,서울특별시,국내온라인거래,LED램프,품질(물품/용역)
2024028378,2024-05-29,여자,30 - 39세,경기도,기타,건강(암·기타질병)보험,부당행위
2024028401,2024-05-29,여자,불명,충청북도,방문판매,식기세척기,청약철회
2024028607,2024-05-30,남자,50 - 59세,서울특별시,국내온라인거래,운동화,청약철회
2024028618,2024-05-30,여자,20 - 29세,서울특별시,모바일거래,택배화물운송서비스,계약불이행(불완전이행)
2024028558,2024-05-30,여자,불명,서울특별시,방문판매,신사복세트,계약불이행(불완전이행)
2024028572,2024-05-30,여자,65 - 69세,울산광역시,방문판매,건강(암·기타질병)보험,계약불이행(불완전이행)
2024028579,2024-05-30,여자,40 - 49세,경상북도,소셜커머스(쇼핑),국외여행,부당행위
2024028587,2024-05-30,여자,60 - 64세,경상남도,일반판매,전기자동차,AS불만
2024028577,2024-05-30,여자,60 - 64세,부산광역시,일반판매,기타사설강습서비스,계약불이행(불완전이행)
2024028583,2024-05-30,여자,20 - 29세,인천광역시,국내온라인거래,식사배달,계약불이행(불완전이행)
2024028590,2024-05-30,남자,40 - 49세,충청남도,국내온라인거래,전기진공청소기,청약철회
2024028608,2024-05-30,남자,40 - 49세,경기도,국내온라인거래,텐트,품질(물품/용역)
2024028624,2024-05-30,여자,30 - 39세,강원특별자치도,일반판매,사진촬영,계약해제.해지/위약금
2024028628,2024-05-30,남자,50 - 59세,경상북도,일반판매,중형승용자동차,부당행위
2024026311,2024-05-30,남자,40 - 49세,부산광역시,일반판매,점퍼·재킷류,품질(물품/용역)
2024027313,2024-05-30,여자,30 - 39세,충청남도,국내온라인거래,아동복,품질(물품/용역)
2024027817,2024-05-30,여자,40 - 49세,경기도,국내온라인거래,기타간편복,품질(물품/용역)
2024028609,2024-05-30,여자,50 - 59세,경상남도,일반판매,안마의자대여(렌트),계약불이행(불완전이행)
2024028621,2024-05-30,여자,30 - 39세,경기도,일반판매,한의원,계약해제.해지/위약금
2024028574,2024-05-30,남자,60 - 64세,경기도,일반판매,이동전화서비스,계약불이행(불완전이행)
2024028578,2024-05-30,여자,50 - 59세,서울특별시,소셜커머스(쇼핑),미분류컨설팅(자문),계약해제.해지/위약금
2024028569,2024-05-30,여자,30 - 39세,경상남도,일반판매,산부인과,품질(물품/용역)
2024028588,2024-05-30,남자,40 - 49세,대전광역시,일반판매,전기자전거,AS불만
2024027111,2024-05-30,여자,30 - 39세,경기도,국내온라인거래,블라우스,품질(물품/용역)
2024027133,2024-05-30,여자,40 - 49세,경상남도,일반판매,기타가방,품질(물품/용역)
2024025525,2024-05-30,남자,50 - 59세,충청남도,일반판매,점퍼·재킷류,품질(물품/용역)
2024028623,2024-05-30,여자,30 - 39세,서울특별시,소셜커머스(쇼핑),화장대,품질(물품/용역)
2024028567,2024-05-30,여자,50 - 59세,서울특별시,국제온라인거래,항공여객운송서비스,계약해제.해지/위약금
2024028564,2024-05-30,남자,30 - 39세,경기도,일반판매,상품권,계약불이행(불완전이행)
2024028565,2024-05-30,남자,30 - 39세,경기도,일반판매,기타의료용구,계약불이행(불완전이행)
2024028570,2024-05-30,남자,불명,경기도,일반판매,스마트폰,AS불만
2024028585,2024-05-30,남자,40 - 49세,전라남도,전화권유판매,기타매체광고,계약해제.해지/위약금
2024028592,2024-05-30,여자,30 - 39세,경기도,일반판매,기타이·미용기구,품질(물품/용역)
2024028593,2024-05-30,여자,50 - 59세,광주광역시,전화권유판매,국내결혼중개,계약해제.해지/위약금
2024028596,2024-05-30,여자,40 - 49세,경기도,일반판매,필라테스,청약철회
2024028597,2024-05-30,여자,30 - 39세,대전광역시,일반판매,전집물,계약불이행(불완전이행)
2024025203,2024-05-30,남자,50 - 59세,인천광역시,일반판매,양복(서양식 의복)세탁,품질(물품/용역)
2024025628,2024-05-30,남자,40 - 49세,충청남도,일반판매,스포츠웨어,품질(물품/용역)
2024028615,2024-05-30,남자,20 - 29세,경기도,국내온라인거래,펜션,계약해제.해지/위약금
2024028613,2024-05-30,여자,10 - 19세,해외 및 기타,국제온라인거래,기타문화용품,계약불이행(불완전이행)
2024028629,2024-05-30,남자,50 - 59세,서울특별시,국내온라인거래,보석·귀금속,품질(물품/용역)
2024028557,2024-05-30,남자,20 - 29세,경상남도,일반판매,예식서비스,계약해제.해지/위약금
2024028636,2024-05-30,여자,40 - 49세,서울특별시,일반판매,기타식품류,품질(물품/용역)
2024028637,2024-05-30,남자,30 - 39세,경기도,일반판매,헬스장,계약해제.해지/위약금
2024028638,2024-05-30,남자,20 - 29세,경기도,국내온라인거래,신발세탁,품질(물품/용역)
2024028639,2024-05-30,남자,30 - 39세,경기도,국내온라인거래,기타사무용품,품질(물품/용역)
2024028640,2024-05-30,남자,30 - 39세,경기도,방문판매,필라테스,계약해제.해지/위약금
2024028641,2024-05-30,여자,30 - 39세,서울특별시,국제온라인거래,항공여객운송서비스,계약불이행(불완전이행)
2024028642,2024-05-30,남자,20 - 29세,대전광역시,일반판매,소파,부당행위
2024028643,2024-05-30,남자,30 - 39세,서울특별시,기타,사진촬영,청약철회
2024028644,2024-05-30,남자,30 - 39세,경기도,기타통신판매,비데,계약해제.해지/위약금
2024028645,2024-05-30,여자,20 - 29세,서울특별시,일반판매,헬스장,계약해제.해지/위약금
2024028646,2024-05-30,여자,20 - 29세,경상남도,일반판매,일반강습(입시학원등),계약해제.해지/위약금
2024028647,2024-05-30,여자,30 - 39세,경기도,국내온라인거래,인덕션레인지,청약철회
2024028648,2024-05-30,여자,60 - 64세,충청남도,전화권유판매,초고속인터넷,가격.요금
2024028649,2024-05-30,남자,50 - 59세,경기도,방문판매,전자담배,AS불만
2024028650,2024-05-30,남자,40 - 49세,경상북도,모바일거래,캐주얼바지,청약철회
2024028651,2024-05-30,여자,40 - 49세,서울특별시,일반판매,기타세탁서비스,품질(물품/용역)
2024028652,2024-05-30,여자,30 - 39세,충청남도,모바일거래,기타일반화장품,청약철회
2024028653,2024-05-30,남자,20 - 29세,서울특별시,국내온라인거래,기타문화용품,청약철회
2024028654,2024-05-30,남자,30 - 39세,대전광역시,일반판매,예식서비스,계약해제.해지/위약금
2024028655,2024-05-30,여자,30 - 39세,경기도,모바일거래,항공여객운송서비스,청약철회
2024028656,2024-05-30,여자,20 - 29세,경기도,국내온라인거래,즉석조리식품,청약철회
2024028657,2024-05-30,남자,30 - 39세,경기도,일반판매,헬스장,계약해제.해지/위약금
2024028658,2024-05-30,여자,30 - 39세,서울특별시,일반판매,피혁세탁,부당행위
2024028659,2024-05-30,여자,40 - 49세,부산광역시,기타,기타숙박시설,품질(물품/용역)
2024028660,2024-05-30,남자,30 - 39세,서울특별시,모바일거래,호텔,계약해제.해지/위약금
2024028661,2024-05-30,여자,70 - 79세,제주도,일반판매,기타사무용품,품질(물품/용역)
2024028662,2024-05-30,여자,40 - 49세,경기도,일반판매,기타가방,품질(물품/용역)
2024028663,2024-05-30,남자,60 - 64세,울산광역시,일반판매,골프용품,계약불이행(불완전이행)
2024028664,2024-05-30,남자,30 - 39세,경기도,기타통신판매,스마트폰,AS불만
2024028665,2024-05-30,남자,40 - 49세,세종특별자치시,기타,스마트폰,AS불만
2024028666,2024-05-30,여자,10 - 19세,경기도,국내온라인거래,바디클렌저,계약불이행(불완전이행)
2024028667,2024-05-30,여자,40 - 49세,경기도,소셜커머스(쇼핑),정수기대여(렌트),계약해제.해지/위약금
2024028668,2024-05-30,여자,40 - 49세,경상남도,기타통신판매,기타가방,계약불이행(불완전이행)
2024028669,2024-05-30,여자,20 - 29세,서울특별시,국내온라인거래,통신기기케이스,청약철회
2024028670,2024-05-30,남자,20 - 29세,경기도,국내온라인거래,면도기,표시.광고
2024028671,2024-05-30,여자,30 - 39세,인천광역시,일반판매,외식,품질(물품/용역)
2024028672,2024-05-30,여자,20 - 29세,서울특별시,일반판매,니트(스웨터),청약철회
2024028673,2024-05-30,여자,40 - 49세,인천광역시,국내온라인거래,국외여행,계약해제.해지/위약금
2024028674,2024-05-30,여자,20 - 29세,충청북도,국내온라인거래,화장대,청약철회
2024028675,2024-05-30,남자,30 - 39세,경기도,국내온라인거래,인터넷게임서비스,계약불이행(불완전이행)
2024028676,2024-05-30,남자,30 - 39세,전라남도,소셜커머스(쇼핑),헤어드라이어,청약철회
2024028677,2024-05-30,여자,30 - 39세,대전광역시,기타,자동차주차장,부당행위
2024028678,2024-05-30,남자,30 - 39세,서울특별시,소셜커머스(쇼핑),기타신발·용품,품질(물품/용역)
2024028679,2024-05-30,남자,40 - 49세,경기도,일반판매,중형승용자동차,계약해제.해지/위약금
2024028680,2024-05-30,남자,30 - 39세,대구광역시,국내온라인거래,항공여객운송서비스,계약해제.해지/위약금
2024028566,2024-05-30,남자,30 - 39세,경기도,일반판매,기타숙박시설,계약불이행(불완전이행)
2024028582,2024-05-30,남자,30 - 39세,경기도,일반판매,변호서비스,계약불이행(불완전이행)
2024028681,2024-05-30,여자,20 - 29세,서울특별시,국내온라인거래,전자담배,계약불이행(불완전이행)
2024028682,2024-05-30,여자,30 - 39세,서울특별시,모바일거래,다이어트식품,청약철회
2024028683,2024-05-30,여자,50 - 59세,경기도,국내온라인거래,기타인테리어설비,품질(물품/용역)
2024028684,2024-05-30,여자,20 - 29세,충청북도,소셜커머스(쇼핑),이불·요,품질(물품/용역)
2024028685,2024-05-30,남자,40 - 49세,서울특별시,기타통신판매,국제결혼중개,계약해제.해지/위약금
2024028686,2024-05-30,남자,20 - 29세,경상북도,일반판매,헬스장,계약해제.해지/위약금
2024028687,2024-05-30,남자,40 - 49세,서울특별시,국내온라인거래,CD·LD·DVD(영화·음악·게임),품질(물품/용역)
2024028688,2024-05-30,남자,40 - 49세,서울특별시,국내온라인거래,항공여객운송서비스,품질(물품/용역)
2024028689,2024-05-30,여자,30 - 39세,강원특별자치도,국내온라인거래,헤어드라이어,계약불이행(불완전이행)
2024028690,2024-05-30,여자,30 - 39세,경기도,일반판매,운전강습,부당행위
2024028691,2024-05-30,남자,40 - 49세,부산광역시,기타,기타조명기기,계약불이행(불완전이행)
2024028692,2024-05-30,여자,30 - 39세,대전광역시,기타통신판매,숙녀복하의,품질(물품/용역)
2024028693,2024-05-30,남자,40 - 49세,경기도,일반판매,전자담배,부당행위
2024028694,2024-05-30,여자,30 - 39세,서울특별시,모바일거래,항공여객운송서비스,계약불이행(불완전이행)
2024028695,2024-05-30,여자,40 - 49세,강원특별자치도,국내온라인거래,티셔츠,부당채권추심
2024028696,2024-05-30,여자,40 - 49세,서울특별시,국내온라인거래,운동화,청약철회
2024028697,2024-05-30,남자,30 - 39세,광주광역시,국내온라인거래,기타가방,품질(물품/용역)
2024028698,2024-05-30,여자,20 - 29세,인천광역시,일반판매,헬스장,계약해제.해지/위약금
2024028699,2024-05-30,여자,30 - 39세,대전광역시,일반판매,필라테스,계약해제.해지/위약금
2024028700,2024-05-30,남자,30 - 39세,경기도,국내온라인거래,캐주얼바지,청약철회
2024028701,2024-05-30,남자,30 - 39세,경기도,모바일거래,항공여객운송서비스,계약해제.해지/위약금
2024028702,2024-05-30,여자,30 - 39세,경기도,일반판매,이동전화서비스,계약해제.해지/위약금
2024028703,2024-05-30,여자,40 - 49세,서울특별시,국내온라인거래,각종공연관람,계약불이행(불완전이행)
2024028704,2024-05-30,남자,30 - 39세,전라북도,소셜커머스(쇼핑),책상,청약철회
2024028705,2024-05-30,남자,20 - 29세,충청남도,국내온라인거래,스마트폰,계약불이행(불완전이행)
2024028706,2024-05-30,여자,30 - 39세,경상남도,일반판매,아동복,품질(물품/용역)
2024028707,2024-05-30,남자,20 - 29세,경기도,국내온라인거래,운동화,청약철회
2024028708,2024-05-30,남자,20 - 29세,전라북도,국내온라인거래,지갑,청약철회
2024028709,2024-05-30,남자,60 - 64세,서울특별시,일반판매,닭고기포장육,품질(물품/용역)
2024028710,2024-05-30,여자,40 - 49세,인천광역시,TV홈쇼핑,국외여행,품질(물품/용역)
2024028711,2024-05-30,남자,30 - 39세,충청북도,모바일거래,인터넷정보이용서비스,계약불이행(불완전이행)
2024028712,2024-05-30,여자,20 - 29세,경기도,국내온라인거래,항공여객운송서비스,계약해제.해지/위약금
2024028713,2024-05-30,여자,20 - 29세,서울특별시,일반판매,산후조리원,계약해제.해지/위약금
2024028714,2024-05-30,여자,30 - 39세,경기도,모바일거래,항공여객운송서비스,계약해제.해지/위약금
2024028715,2024-05-30,여자,20 - 29세,서울특별시,국내온라인거래,카메라,청약철회
2024028716,2024-05-30,여자,20 - 29세,서울특별시,일반판매,필라테스,계약해제.해지/위약금
2024028717,2024-05-30,여자,50 - 59세,인천광역시,일반판매,영업용기계,품질(물품/용역)
2024028718,2024-05-30,남자,30 - 39세,대구광역시,국내온라인거래,기타조명기기,청약철회
2024028719,2024-05-30,여자,30 - 39세,서울특별시,국내온라인거래,아동화,청약철회
2024028720,2024-05-30,남자,20 - 29세,인천광역시,소셜커머스(쇼핑),기타신발·용품,청약철회
2024028721,2024-05-30,남자,50 - 59세,서울특별시,국내온라인거래,태블릿PC,AS불만
2024028722,2024-05-30,남자,20 - 29세,인천광역시,일반판매,헬스장,청약철회
2024028723,2024-05-30,남자,30 - 39세,제주도,국내온라인거래,메인보드,AS불만
2024028724,2024-05-30,여자,20 - 29세,충청남도,일반판매,기타예식관련서비스,AS불만
2024028725,2024-05-30,여자,30 - 39세,울산광역시,국내온라인거래,항공여객운송서비스,청약철회
2024028726,2024-05-30,여자,20 - 29세,인천광역시,기타,헬스장,계약해제.해지/위약금
2024028727,2024-05-30,여자,30 - 39세,광주광역시,국내온라인거래,티셔츠,청약철회
2024028728,2024-05-30,남자,20 - 29세,서울특별시,일반판매,헬스장,계약해제.해지/위약금
2024028729,2024-05-30,남자,20 - 29세,경기도,국내온라인거래,항공여객운송서비스,계약불이행(불완전이행)
2024028730,2024-05-30,남자,30 - 39세,울산광역시,일반판매,서랍장,품질(물품/용역)
2024028731,2024-05-30,여자,70 - 79세,서울특별시,일반판매,숙녀화(구두·부츠 등),청약철회
2024028732,2024-05-30,여자,40 - 49세,경기도,일반판매,모바일정보이용서비스,가격.요금
2024028733,2024-05-30,여자,65 - 69세,서울특별시,전화권유판매,케이블TV,계약해제.해지/위약금
2024028734,2024-05-30,남자,20 - 29세,서울특별시,일반판매,사진촬영,계약해제.해지/위약금
2024028735,2024-05-30,남자,40 - 49세,서울특별시,국내온라인거래,룸에어컨,품질(물품/용역)
2024028736,2024-05-30,남자,30 - 39세,경기도,기타,포장이사운송서비스,계약불이행(불완전이행)
2024028737,2024-05-30,여자,30 - 39세,부산광역시,일반판매,음식물처리기,품질(물품/용역)
2024028738,2024-05-30,남자,20 - 29세,충청북도,일반판매,캐주얼바지,계약불이행(불완전이행)
2024028739,2024-05-30,여자,20 - 29세,경기도,일반판매,헬스장,계약불이행(불완전이행)
2024028740,2024-05-30,여자,30 - 39세,서울특별시,일반판매,신사복세트,계약해제.해지/위약금
2024028741,2024-05-30,남자,40 - 49세,경기도,일반판매,일반이사운송서비스,품질(물품/용역)
2024028742,2024-05-30,남자,40 - 49세,서울특별시,일반판매,산후조리원,가격.요금
2024028743,2024-05-30,남자,20 - 29세,경기도,일반판매,헬스장,계약해제.해지/위약금
2024028744,2024-05-30,남자,20 - 29세,경상북도,방문판매,헬스장,계약해제.해지/위약금
2024028745,2024-05-30,여자,30 - 39세,경상남도,방문판매,학습지,계약해제.해지/위약금
2024028746,2024-05-30,여자,40 - 49세,부산광역시,기타,해외유학알선,청약철회
2024028747,2024-05-30,남자,30 - 39세,서울특별시,일반판매,도배공사,부당행위
2024028748,2024-05-30,여자,20 - 29세,경기도,국내온라인거래,각종공연관람,계약불이행(불완전이행)
2024028749,2024-05-30,남자,40 - 49세,부산광역시,일반판매,초고속인터넷,계약불이행(불완전이행)
2024028750,2024-05-30,여자,40 - 49세,경기도,국내온라인거래,식탁,청약철회
2024028751,2024-05-30,여자,30 - 39세,충청남도,방문판매,전집물,계약해제.해지/위약금
2024028752,2024-05-30,여자,30 - 39세,경기도,일반판매,사진촬영,계약불이행(불완전이행)
2024028753,2024-05-30,여자,20 - 29세,서울특별시,국내온라인거래,기타일반화장품,품질(물품/용역)
2024028754,2024-05-30,여자,30 - 39세,서울특별시,일반판매,기타의류·섬유,청약철회
2024028755,2024-05-30,여자,30 - 39세,서울특별시,모바일거래,서랍장,품질(물품/용역)
2024028756,2024-05-30,여자,10 - 19세,대전광역시,모바일거래,기타숙박시설,계약불이행(불완전이행)
2024027829,2024-05-30,여자,40 - 49세,충청북도,일반판매,이불·침대커버,품질(물품/용역)
2024028559,2024-05-30,남자,65 - 69세,서울특별시,전화권유판매,음식물처리기대여(렌트),계약해제.해지/위약금
2024028560,2024-05-30,남자,60 - 64세,서울특별시,방문판매,건강(암·기타질병)보험,계약불이행(불완전이행)
2024028561,2024-05-30,여자,40 - 49세,경기도,기타,헬스장,계약해제.해지/위약금
2024028611,2024-05-30,여자,30 - 39세,해외 및 기타,국제온라인거래,기타문화용품,계약불이행(불완전이행)
2024028571,2024-05-30,여자,65 - 69세,서울특별시,국내온라인거래,헤어크림,청약철회
2024027134,2024-05-30,여자,40 - 49세,대구광역시,일반판매,점퍼·재킷류,품질(물품/용역)
2024028622,2024-05-30,남자,50 - 59세,인천광역시,전화권유판매,기타매체광고,계약해제.해지/위약금
2024028625,2024-05-30,여자,40 - 49세,경기도,국내온라인거래,TV,품질(물품/용역)
2024026331,2024-05-30,남자,70 - 79세,경기도,국내온라인거래,남성용내의류,표시.광고
2024026889,2024-05-30,남자,40 - 49세,경기도,일반판매,피혁세탁,품질(물품/용역)
2024028568,2024-05-30,남자,20 - 29세,경기도,일반판매,중형승용자동차,품질(물품/용역)
2024028576,2024-05-30,남자,70 - 79세,경기도,일반판매,보청기,품질(물품/용역)
2024028584,2024-05-30,남자,30 - 39세,서울특별시,일반판매,사진촬영,계약해제.해지/위약금
2024028586,2024-05-30,여자,60 - 64세,경기도,TV홈쇼핑,보석·귀금속,AS불만
2024028602,2024-05-30,여자,20 - 29세,경기도,일반판매,피부·체형관리서비스,계약불이행(불완전이행)
2024028589,2024-05-30,여자,30 - 39세,서울특별시,국내온라인거래,TV,계약해제.해지/위약금
2024028601,2024-05-30,여자,65 - 69세,충청북도,국내온라인거래,인터넷교육서비스,계약해제.해지/위약금
2024028086,2024-05-30,여자,20 - 29세,대구광역시,일반판매,원피스,품질(물품/용역)
2024027840,2024-05-30,여자,30 - 39세,서울특별시,일반판매,핸드백,품질(물품/용역)
2024028116,2024-05-30,여자,20 - 29세,경기도,일반판매,양복(서양식 의복)세탁,품질(물품/용역)
2024026837,2024-05-30,여자,40 - 49세,경기도,일반판매,양복(서양식 의복)세탁,품질(물품/용역)
2024027879,2024-05-30,여자,30 - 39세,서울특별시,일반판매,점퍼·재킷류,품질(물품/용역)
2024025826,2024-05-30,여자,40 - 49세,경기도,국내온라인거래,점퍼·재킷류,품질(물품/용역)
2024026585,2024-05-30,여자,65 - 69세,경기도,일반판매,양복(서양식 의복)세탁,품질(물품/용역)
2024026574,2024-05-30,여자,30 - 39세,서울특별시,국내온라인거래,학생용가방,품질(물품/용역)
2024026920,2024-05-30,여자,50 - 59세,서울특별시,일반판매,양복(서양식 의복)세탁,품질(물품/용역)
2024027802,2024-05-30,여자,60 - 64세,경기도,일반판매,점퍼·재킷류,품질(물품/용역)
2024028095,2024-05-30,여자,20 - 29세,인천광역시,국내온라인거래,점퍼·재킷류,품질(물품/용역)
2024028762,2024-05-31,남자,40 - 49세,서울특별시,국내온라인거래,캐주얼바지,부당행위
2024026829,2024-05-31,여자,40 - 49세,대전광역시,일반판매,양복(서양식 의복)세탁,품질(물품/용역)
2024024984,2024-05-31,여자,30 - 39세,서울특별시,일반판매,숙녀화(구두·부츠 등),품질(물품/용역)
2024025006,2024-05-31,남자,50 - 59세,인천광역시,국내온라인거래,운동화,품질(물품/용역)
2024028811,2024-05-31,남자,불명,경기도,기타,인터넷교육서비스,품질(물품/용역)
2024025599,2024-05-31,여자,30 - 39세,충청북도,소셜커머스(쇼핑),생활패션화(슬립온·아쿠아슈즈·장화·작업화 등),품질(물품/용역)
2024028775,2024-05-31,여자,40 - 49세,서울특별시,일반판매,필라테스,부당행위
2024028777,2024-05-31,여자,50 - 59세,인천광역시,방문판매,식기세척기,부당행위
2024028780,2024-05-31,여자,30 - 39세,전라북도,소셜커머스(쇼핑),숙녀화(구두·부츠 등),청약철회
2024028781,2024-05-31,남자,20 - 29세,서울특별시,국내온라인거래,인터넷교육서비스,계약불이행(불완전이행)
2024028785,2024-05-31,여자,20 - 29세,서울특별시,국내온라인거래,인터넷교육서비스,계약해제.해지/위약금
2024028786,2024-05-31,남자,20 - 29세,경기도,기타통신판매,스마트폰,품질(물품/용역)
2024028787,2024-05-31,남자,30 - 39세,전라남도,국내온라인거래,항공여객운송서비스,계약해제.해지/위약금
2024028788,2024-05-31,여자,50 - 59세,서울특별시,국내온라인거래,기타신변용품,계약불이행(불완전이행)
2024028819,2024-05-31,여자,30 - 39세,경상북도,전화권유판매,인터넷정보이용서비스,계약불이행(불완전이행)
2024027864,2024-05-31,여자,30 - 39세,경기도,국내온라인거래,티셔츠,품질(물품/용역)
2024028809,2024-05-31,여자,40 - 49세,인천광역시,국내온라인거래,기타가방,청약철회
2024024324,2024-05-31,여자,20 - 29세,부산광역시,일반판매,신발세탁,계약불이행(불완전이행)
2024024993,2024-05-31,여자,30 - 39세,세종특별자치시,일반판매,운동화,품질(물품/용역)
2024025576,2024-05-31,남자,40 - 49세,경상남도,국내온라인거래,신발세탁,계약불이행(불완전이행)
2024028817,2024-05-31,여자,65 - 69세,경기도,기타통신판매,초고속인터넷,계약해제.해지/위약금
2024026944,2024-05-31,여자,50 - 59세,서울특별시,일반판매,양복(서양식 의복)세탁,품질(물품/용역)
2024028901,2024-05-31,남자,50 - 59세,경기도,기타,번역·통역서비스,계약해제.해지/위약금
2024028902,2024-05-31,여자,30 - 39세,강원특별자치도,일반판매,소파,계약불이행(불완전이행)
2024028903,2024-05-31,여자,30 - 39세,인천광역시,국내온라인거래,기타완구·인형,품질(물품/용역)
2024028904,2024-05-31,여자,30 - 39세,경상남도,국내온라인거래,사기그릇,계약불이행(불완전이행)
2024028905,2024-05-31,여자,70 - 79세,인천광역시,전화권유판매,화장품세트,부당행위
2024028906,2024-05-31,여자,20 - 29세,경기도,전화권유판매,어학교재,계약해제.해지/위약금
2024028907,2024-05-31,여자,20 - 29세,서울특별시,일반판매,종합체육시설회원권,계약해제.해지/위약금
2024028908,2024-05-31,남자,30 - 39세,경기도,국내온라인거래,기타숙박시설,부당행위
2024028909,2024-05-31,여자,20 - 29세,경기도,국내온라인거래,티셔츠,품질(물품/용역)
2024028910,2024-05-31,여자,30 - 39세,경기도,일반판매,인터넷교육서비스,계약해제.해지/위약금
2024028911,2024-05-31,여자,50 - 59세,대구광역시,일반판매,기타의류·섬유,품질(물품/용역)
2024028912,2024-05-31,남자,40 - 49세,전라북도,일반판매,공기청정기,부당채권추심
2024028913,2024-05-31,남자,50 - 59세,경기도,기타통신판매,기타건축자재,부당행위
2024028914,2024-05-31,남자,30 - 39세,경기도,국내온라인거래,기타책상·테이블류,청약철회
2024028915,2024-05-31,남자,40 - 49세,경기도,일반판매,기타가구,품질(물품/용역)
2024028916,2024-05-31,여자,30 - 39세,대구광역시,모바일거래,기타미분류물품,품질(물품/용역)
2024028917,2024-05-31,여자,20 - 29세,서울특별시,일반판매,헬스장,계약해제.해지/위약금
2024028918,2024-05-31,남자,30 - 39세,서울특별시,전화권유판매,기타주택·건물,계약해제.해지/위약금
2024028919,2024-05-31,여자,60 - 64세,제주도,일반판매,TV,품질(물품/용역)
2024028920,2024-05-31,여자,30 - 39세,서울특별시,국내온라인거래,공기청정기대여(렌트),부당채권추심
2024028921,2024-05-31,여자,40 - 49세,서울특별시,국내온라인거래,쇠고기,안전(제품/시설)
2024028922,2024-05-31,남자,60 - 64세,강원특별자치도,일반판매,창호유리,AS불만
2024028923,2024-05-31,여자,50 - 59세,서울특별시,일반판매,헬스장,계약해제.해지/위약금
2024028924,2024-05-31,여자,70 - 79세,인천광역시,일반판매,블라우스,청약철회
2024028925,2024-05-31,여자,40 - 49세,대구광역시,국내온라인거래,기타정보이용서비스,계약불이행(불완전이행)
2024028926,2024-05-31,여자,40 - 49세,서울특별시,일반판매,피부·체형관리서비스,계약해제.해지/위약금
2024028927,2024-05-31,여자,20 - 29세,경기도,일반판매,필라테스,계약해제.해지/위약금
2024028928,2024-05-31,남자,30 - 39세,대구광역시,일반판매,아파트,품질(물품/용역)
2024028929,2024-05-31,여자,30 - 39세,서울특별시,일반판매,기타사설강습서비스,계약해제.해지/위약금
2024028930,2024-05-31,여자,50 - 59세,광주광역시,일반판매,냄비,품질(물품/용역)
2024028931,2024-05-31,여자,40 - 49세,경기도,방문판매,인터넷교육서비스,계약해제.해지/위약금
2024028932,2024-05-31,남자,50 - 59세,서울특별시,국내온라인거래,항공여객운송서비스,부당행위
2024028933,2024-05-31,여자,30 - 39세,서울특별시,기타,기타방문·통신교육서비스,계약해제.해지/위약금
2024028934,2024-05-31,남자,30 - 39세,부산광역시,방문판매,헬스장,계약해제.해지/위약금
2024028935,2024-05-31,여자,40 - 49세,인천광역시,일반판매,골프회원권,계약해제.해지/위약금
2024028936,2024-05-31,여자,50 - 59세,울산광역시,국내온라인거래,가스오븐,청약철회
2024028937,2024-05-31,남자,20 - 29세,경기도,국제온라인거래,항공여객운송서비스,청약철회
2024028938,2024-05-31,남자,20 - 29세,경기도,기타,국외여행,계약해제.해지/위약금
2024028939,2024-05-31,남자,20 - 29세,서울특별시,일반판매,기타의류·섬유,품질(물품/용역)
2024028940,2024-05-31,여자,30 - 39세,서울특별시,모바일거래,모바일게임서비스,무능력자계약
2024028941,2024-05-31,남자,30 - 39세,인천광역시,국제온라인거래,기타숙박시설,계약불이행(불완전이행)
2024028942,2024-05-31,남자,40 - 49세,대전광역시,국내온라인거래,점퍼·재킷류,품질(물품/용역)
2024028943,2024-05-31,남자,40 - 49세,대구광역시,국내온라인거래,스마트폰,품질(물품/용역)
2024028944,2024-05-31,남자,30 - 39세,경기도,기타통신판매,기타가구,계약불이행(불완전이행)
2024028945,2024-05-31,여자,40 - 49세,서울특별시,일반판매,필라테스,계약해제.해지/위약금
2024028946,2024-05-31,여자,20 - 29세,경기도,방문판매,요가,계약해제.해지/위약금
2024028947,2024-05-31,여자,20 - 29세,인천광역시,일반판매,헬스장,계약해제.해지/위약금
2024028948,2024-05-31,여자,20 - 29세,경기도,국제온라인거래,모바일정보이용서비스,계약해제.해지/위약금
2024028949,2024-05-31,남자,30 - 39세,경기도,방문판매,이동전화서비스,청약철회
2024028950,2024-05-31,여자,20 - 29세,서울특별시,일반판매,일반강습(입시학원등),계약해제.해지/위약금
2024028791,2024-05-31,여자,50 - 59세,경기도,국내온라인거래,캐주얼바지,부당행위
2024028798,2024-05-31,남자,20 - 29세,부산광역시,국내온라인거래,기타민영보험,계약불이행(불완전이행)
2024028805,2024-05-31,남자,50 - 59세,경기도,소셜커머스(쇼핑),티셔츠,부당행위
2024028807,2024-05-31,남자,30 - 39세,서울특별시,국내온라인거래,비타민제,부당행위
2024028951,2024-05-31,남자,50 - 59세,강원특별자치도,일반판매,자동차수리·점검,품질(물품/용역)
2024028952,2024-05-31,남자,30 - 39세,충청북도,기타통신판매,단무지,품질(물품/용역)
2024028953,2024-05-31,여자,20 - 29세,세종특별자치시,일반판매,종합체육시설회원권,계약해제.해지/위약금
2024028954,2024-05-31,여자,40 - 49세,서울특별시,방문판매,모바일정보이용서비스,청약철회
2024028955,2024-05-31,여자,30 - 39세,서울특별시,일반판매,미용서비스,계약해제.해지/위약금
2024028956,2024-05-31,남자,40 - 49세,서울특별시,일반판매,사진촬영,계약해제.해지/위약금
2024028957,2024-05-31,남자,40 - 49세,경기도,일반판매,이동전화서비스,가격.요금
2024028958,2024-05-31,남자,30 - 39세,서울특별시,국내온라인거래,벨트,청약철회
2024028959,2024-05-31,남자,40 - 49세,서울특별시,소셜커머스(쇼핑),기타숙박시설,청약철회
2024028960,2024-05-31,여자,30 - 39세,경기도,국내온라인거래,기타사설강습서비스,계약해제.해지/위약금
2024028961,2024-05-31,남자,20 - 29세,강원특별자치도,국내온라인거래,인터넷정보이용서비스,계약불이행(불완전이행)
2024028962,2024-05-31,여자,30 - 39세,경기도,국내온라인거래,기타일반화장품,계약불이행(불완전이행)
2024028963,2024-05-31,남자,30 - 39세,서울특별시,국내온라인거래,인쇄서비스,청약철회
2024028964,2024-05-31,여자,40 - 49세,경기도,기타,기타공조·냉난방설비,AS불만
2024028965,2024-05-31,남자,10 - 19세,서울특별시,일반판매,카메라부품·용품,품질(물품/용역)
2024028966,2024-05-31,여자,50 - 59세,대구광역시,일반판매,아파트,품질(물품/용역)
2024028967,2024-05-31,여자,20 - 29세,서울특별시,일반판매,이동전화서비스,계약불이행(불완전이행)
2024028968,2024-05-31,남자,30 - 39세,서울특별시,일반판매,기타교육서비스,계약불이행(불완전이행)
2024028969,2024-05-31,여자,30 - 39세,서울특별시,소셜커머스(쇼핑),기타완구·인형,계약해제.해지/위약금
2024028970,2024-05-31,여자,30 - 39세,대전광역시,일반판매,국외여행,청약철회
2024028971,2024-05-31,여자,30 - 39세,서울특별시,일반판매,기타일반화장품,계약해제.해지/위약금
2024028972,2024-05-31,남자,30 - 39세,경상남도,기타,벨트,계약해제.해지/위약금
2024028973,2024-05-31,여자,20 - 29세,광주광역시,국내온라인거래,냉장고,청약철회
2024028974,2024-05-31,여자,30 - 39세,서울특별시,국내온라인거래,모자,청약철회
2024028975,2024-05-31,여자,40 - 49세,경상북도,일반판매,인터넷교육서비스,계약해제.해지/위약금
2024028976,2024-05-31,남자,30 - 39세,경기도,국내온라인거래,각종공연관람,계약불이행(불완전이행)
2024028977,2024-05-31,남자,65 - 69세,강원특별자치도,기타,카페트청소기,계약불이행(불완전이행)
2024028978,2024-05-31,남자,20 - 29세,경기도,일반판매,헬스장,계약해제.해지/위약금
2024028979,2024-05-31,남자,40 - 49세,대구광역시,국내온라인거래,커피,계약불이행(불완전이행)
2024028980,2024-05-31,여자,30 - 39세,경기도,모바일거래,숙녀화(구두·부츠 등),청약철회
2024028981,2024-05-31,여자,40 - 49세,서울특별시,일반판매,스마트폰,계약해제.해지/위약금
2024028982,2024-05-31,여자,30 - 39세,인천광역시,국내온라인거래,니트(스웨터),청약철회
2024028983,2024-05-31,여자,30 - 39세,경상남도,일반판매,테니스장스쿼시회원권,계약해제.해지/위약금
2024028984,2024-05-31,여자,50 - 59세,경기도,일반판매,국외여행,품질(물품/용역)
2024028985,2024-05-31,여자,20 - 29세,대구광역시,일반판매,미용서비스,청약철회
2024028986,2024-05-31,여자,30 - 39세,경기도,모바일거래,각종공연관람,계약해제.해지/위약금
2024028987,2024-05-31,여자,20 - 29세,전라남도,국내온라인거래,냉장고,AS불만
2024028988,2024-05-31,여자,30 - 39세,경기도,방문판매,인터넷교육서비스,계약해제.해지/위약금
2024028989,2024-05-31,남자,30 - 39세,광주광역시,국내온라인거래,항공여객운송서비스,품질(물품/용역)
2024028990,2024-05-31,여자,40 - 49세,경기도,소셜커머스(쇼핑),베이킹파우더,품질(물품/용역)
2024028991,2024-05-31,여자,30 - 39세,강원특별자치도,일반판매,시스템에어컨,품질(물품/용역)
2024028992,2024-05-31,남자,30 - 39세,경기도,국내온라인거래,정수기대여(렌트),계약해제.해지/위약금
2024028993,2024-05-31,여자,30 - 39세,경기도,일반판매,노트북컴퓨터,품질(물품/용역)
2024028994,2024-05-31,여자,30 - 39세,경상남도,국내온라인거래,노트북컴퓨터,계약불이행(불완전이행)
2024028995,2024-05-31,여자,30 - 39세,광주광역시,일반판매,종합체육시설회원권,계약해제.해지/위약금
2024028996,2024-05-31,여자,30 - 39세,충청남도,국내온라인거래,애완동·식물용품,청약철회
2024028997,2024-05-31,여자,30 - 39세,서울특별시,국내온라인거래,스웨터,청약철회
2024028998,2024-05-31,여자,30 - 39세,경기도,국내온라인거래,아동복,청약철회
2024028999,2024-05-31,남자,40 - 49세,전라북도,방문판매,콘도회원권,계약해제.해지/위약금
2024029000,2024-05-31,여자,40 - 49세,경상남도,국내온라인거래,룸에어컨,품질(물품/용역)
2024029001,2024-05-31,여자,20 - 29세,서울특별시,일반판매,헬스장,계약해제.해지/위약금
2024029002,2024-05-31,남자,50 - 59세,서울특별시,국내온라인거래,컴퓨터모니터(데스크탑),청약철회
2024029003,2024-05-31,남자,30 - 39세,경기도,일반판매,TV,AS불만
2024029004,2024-05-31,여자,40 - 49세,부산광역시,전화권유판매,기타의류·섬유,청약철회
2024029005,2024-05-31,여자,30 - 39세,경기도,기타,헬스장,계약해제.해지/위약금
2024029006,2024-05-31,여자,30 - 39세,울산광역시,국내온라인거래,그림,청약철회
2024029007,2024-05-31,남자,30 - 39세,인천광역시,일반판매,버터,안전(제품/시설)
2024029008,2024-05-31,여자,30 - 39세,서울특별시,기타,헬스장,계약해제.해지/위약금
2024029009,2024-05-31,여자,40 - 49세,인천광역시,국내온라인거래,운동화,청약철회
2024029010,2024-05-31,여자,30 - 39세,서울특별시,일반판매,펜션,계약해제.해지/위약금
2024029011,2024-05-31,남자,30 - 39세,경기도,일반판매,기타미분류서비스,부당행위
2024029012,2024-05-31,여자,40 - 49세,서울특별시,방문판매,모바일정보이용서비스,청약철회
2024029013,2024-05-31,여자,30 - 39세,서울특별시,기타,공기청정기대여(렌트),계약불이행(불완전이행)
2024029014,2024-05-31,여자,30 - 39세,경상남도,일반판매,헬스장,계약해제.해지/위약금
2024029015,2024-05-31,여자,50 - 59세,서울특별시,방문판매,방문교육,계약해제.해지/위약금
2024028776,2024-05-31,여자,30 - 39세,서울특별시,일반판매,헬스장,계약해제.해지/위약금
2024028783,2024-05-31,여자,40 - 49세,전라남도,일반판매,외식,계약불이행(불완전이행)
2024028810,2024-05-31,남자,50 - 59세,대전광역시,일반판매,성형외과,품질(물품/용역)
2024024331,2024-05-31,여자,40 - 49세,대구광역시,국내온라인거래,운동화,품질(물품/용역)
2024025013,2024-05-31,남자,50 - 59세,경기도,일반판매,신사화(구두·부츠 등),품질(물품/용역)
2024025604,2024-05-31,여자,30 - 39세,서울특별시,일반판매,숙녀화(구두·부츠 등),계약불이행(불완전이행)
2024027333,2024-05-31,여자,40 - 49세,전라북도,일반판매,피혁세탁,품질(물품/용역)
2024027784,2024-05-31,여자,50 - 59세,대구광역시,일반판매,원피스,품질(물품/용역)
2024028106,2024-05-31,여자,50 - 59세,서울특별시,TV홈쇼핑,점퍼·재킷류,품질(물품/용역)
2024028758,2024-05-31,여자,40 - 49세,경기도,소셜커머스(쇼핑),기타회원권,안전(제품/시설)
2024028760,2024-05-31,남자,20 - 29세,경기도,국내온라인거래,기타숙박시설,부당행위
2024028765,2024-05-31,여자,30 - 39세,서울특별시,일반판매,필라테스,계약불이행(불완전이행)
2024028771,2024-05-31,여자,30 - 39세,서울특별시,소셜커머스(쇼핑),책상,부당행위
2024028764,2024-05-31,남자,40 - 49세,경상북도,일반판매,치과,계약불이행(불완전이행)
2024028795,2024-05-31,여자,40 - 49세,광주광역시,기타,블라우스,청약철회
2024028797,2024-05-31,남자,60 - 64세,부산광역시,기타통신판매,냉면,표시.광고
2024028800,2024-05-31,남자,30 - 39세,경기도,국내온라인거래,모바일게임서비스,부당행위
2024028803,2024-05-31,남자,30 - 39세,제주도,국내온라인거래,셔츠,계약불이행(불완전이행)
2024028804,2024-05-31,남자,50 - 59세,경기도,일반판매,시스템에어컨,품질(물품/용역)
2024028779,2024-05-31,남자,20 - 29세,경기도,일반판매,헬스장,계약불이행(불완전이행)
2024025601,2024-05-31,여자,50 - 59세,서울특별시,국내온라인거래,샌들·슬리퍼,품질(물품/용역)
2024028822,2024-05-31,여자,60 - 64세,대전광역시,방문판매,건강(암·기타질병)보험,부당행위
2024029224,2024-05-31,여자,40 - 49세,경기도,국내온라인거래,이불·요,청약철회
2024028763,2024-05-31,여자,20 - 29세,충청남도,모바일거래,카셰어링,계약불이행(불완전이행)
2024028766,2024-05-31,여자,30 - 39세,경기도,일반판매,미분류대여(렌트),계약해제.해지/위약금
2024028789,2024-05-31,여자,40 - 49세,서울특별시,국내온라인거래,기타시력보조기구,표시.광고
2024028816,2024-05-31,여자,30 - 39세,서울특별시,일반판매,피부과,계약해제.해지/위약금
2024028759,2024-05-31,여자,30 - 39세,광주광역시,국내온라인거래,차량용블랙박스,AS불만
2024028770,2024-05-31,남자,40 - 49세,부산광역시,기타통신판매,신사화(구두·부츠 등),부당행위
2024028773,2024-05-31,남자,30 - 39세,경기도,일반판매,룸에어컨,계약해제.해지/위약금
2024028782,2024-05-31,남자,40 - 49세,경기도,국내온라인거래,자동차대여(렌트),품질(물품/용역)
2024028799,2024-05-31,여자,30 - 39세,서울특별시,기타통신판매,기타의류·섬유,가격.요금
2024028757,2024-05-31,여자,30 - 39세,서울특별시,일반판매,유아용카시트(안전의자),AS불만
2024028761,2024-05-31,남자,40 - 49세,대구광역시,일반판매,중형승용자동차,품질(물품/용역)
2024024355,2024-05-31,남자,20 - 29세,경상남도,일반판매,신발세탁,계약불이행(불완전이행)
2024024360,2024-05-31,여자,70 - 79세,경기도,일반판매,전문스포츠화(축구화·골프화 등),품질(물품/용역)
2024024987,2024-05-31,여자,40 - 49세,경상북도,일반판매,샌들·슬리퍼,품질(물품/용역)
2024025555,2024-05-31,남자,10 - 19세,서울특별시,국내온라인거래,운동화,품질(물품/용역)
2024025839,2024-05-31,남자,30 - 39세,경기도,일반판매,신발세탁,계약불이행(불완전이행)
2024025846,2024-05-31,여자,50 - 59세,세종특별자치시,일반판매,신발세탁,계약불이행(불완전이행)
2024028069,2024-05-31,여자,20 - 29세,부산광역시,일반판매,양복(서양식 의복)세탁,품질(물품/용역)
2024025510,2024-05-31,남자,30 - 39세,서울특별시,일반판매,양복(서양식 의복)세탁,품질(물품/용역)
2024027330,2024-05-31,여자,20 - 29세,서울특별시,국내온라인거래,숙녀복세트,품질(물품/용역)
2024028084,2024-05-31,여자,30 - 39세,서울특별시,일반판매,양복(서양식 의복)세탁,품질(물품/용역)
2024026233,2024-05-31,여자,30 - 39세,경상남도,일반판매,신발세탁,계약불이행(불완전이행)
2024026248,2024-05-31,여자,30 - 39세,서울특별시,일반판매,숙녀화(구두·부츠 등),품질(물품/용역)
2024026622,2024-05-31,남자,30 - 39세,충청북도,일반판매,운동화,품질(물품/용역)
2024024996,2024-05-31,여자,50 - 59세,경상남도,일반판매,신발세탁,계약불이행(불완전이행)
2024026841,2024-05-31,여자,30 - 39세,경기도,국내온라인거래,기타가방,품질(물품/용역)
2024028793,2024-05-31,남자,40 - 49세,경기도,일반판매,기타세트가구류,계약해제.해지/위약금
2024028794,2024-05-31,여자,40 - 49세,서울특별시,일반판매,자동차주차장,계약해제.해지/위약금
2024028802,2024-05-31,남자,40 - 49세,대구광역시,기타통신판매,국외여행,부당행위
2024028808,2024-05-31,여자,50 - 59세,경상남도,다단계판매,자격시험기타,부당행위
2024028820,2024-05-31,남자,60 - 64세,서울특별시,일반판매,유사투자자문,계약해제.해지/위약금
2024028784,2024-05-31,여자,30 - 39세,전라북도,일반판매,종신보험,계약불이행(불완전이행)
2024028823,2024-05-31,여자,50 - 59세,전라남도,일반판매,건강(암·기타질병)보험,계약불이행(불완전이행)
2024029117,2024-06-01,여자,40 - 49세,서울특별시,모바일거래,필라테스,계약해제.해지/위약금
2024029118,2024-06-01,여자,30 - 39세,서울특별시,국내온라인거래,항공여객운송서비스,계약해제.해지/위약금
2024029119,2024-06-01,남자,30 - 39세,서울특별시,국내온라인거래,항공여객운송서비스,계약불이행(불완전이행)
2024029120,2024-06-01,남자,30 - 39세,서울특별시,일반판매,헬스장,계약해제.해지/위약금
2024029121,2024-06-01,여자,30 - 39세,서울특별시,일반판매,미용서비스,계약해제.해지/위약금
2024029122,2024-06-01,여자,50 - 59세,서울특별시,일반판매,싱크대,AS불만
2024029101,2024-06-01,남자,40 - 49세,경기도,일반판매,예식서비스,계약해제.해지/위약금
2024029102,2024-06-01,여자,30 - 39세,서울특별시,일반판매,요가,계약해제.해지/위약금
2024029103,2024-06-01,여자,20 - 29세,서울특별시,국내온라인거래,티셔츠,청약철회
2024029104,2024-06-01,여자,20 - 29세,경기도,기타,학습지,계약해제.해지/위약금
2024029105,2024-06-01,남자,30 - 39세,울산광역시,일반판매,종합체육시설회원권,계약해제.해지/위약금
2024029106,2024-06-01,남자,30 - 39세,경상남도,방문판매,기타매체광고,계약해제.해지/위약금
2024029107,2024-06-01,여자,50 - 59세,경상남도,국내온라인거래,보석·귀금속,청약철회
2024029108,2024-06-01,여자,50 - 59세,서울특별시,방문판매,침대·매트리스대여(렌트),계약해제.해지/위약금
2024029109,2024-06-01,남자,30 - 39세,서울특별시,기타,키보드,품질(물품/용역)
2024029110,2024-06-01,여자,20 - 29세,서울특별시,일반판매,기타문화·오락시설이용,계약해제.해지/위약금
2024029111,2024-06-01,여자,20 - 29세,서울특별시,모바일거래,모바일정보이용서비스,청약철회
2024029112,2024-06-01,남자,30 - 39세,경기도,모바일거래,모바일게임서비스,청약철회
2024029113,2024-06-01,여자,30 - 39세,경기도,국제온라인거래,호텔,계약해제.해지/위약금
2024029114,2024-06-01,남자,20 - 29세,경기도,기타,오피스텔,계약불이행(불완전이행)
2024029115,2024-06-01,남자,20 - 29세,인천광역시,기타,인터넷교육서비스,계약해제.해지/위약금
2024029116,2024-06-01,여자,30 - 39세,경상북도,소셜커머스(쇼핑),전기진공청소기,품질(물품/용역)
2024029201,2024-06-02,여자,30 - 39세,경기도,일반판매,예식서비스,계약해제.해지/위약금
2024029202,2024-06-02,남자,30 - 39세,전라남도,소셜커머스(쇼핑),의자,품질(물품/용역)
2024029203,2024-06-02,남자,20 - 29세,경기도,소셜커머스(쇼핑),기타취미용품,품질(물품/용역)
2024029204,2024-06-02,여자,30 - 39세,경기도,방문판매,결혼준비대행서비스,계약해제.해지/위약금
2024029205,2024-06-02,여자,50 - 59세,경기도,기타,아파트,계약불이행(불완전이행)
2024029206,2024-06-02,남자,30 - 39세,대구광역시,일반판매,신사복세트,계약해제.해지/위약금
2024029207,2024-06-02,여자,30 - 39세,대구광역시,일반판매,유선방송,계약해제.해지/위약금
2024029208,2024-06-02,여자,20 - 29세,서울특별시,모바일거래,건물청소서비스,품질(물품/용역)
2024029209,2024-06-02,여자,10 - 19세,경기도,방문판매,헬스장,계약해제.해지/위약금
2024029210,2024-06-02,여자,20 - 29세,서울특별시,일반판매,양복(서양식 의복)세탁,계약불이행(불완전이행)
2024029211,2024-06-02,여자,50 - 59세,경기도,일반판매,전자수첩,AS불만
2024029212,2024-06-02,여자,20 - 29세,경기도,일반판매,헬스장,계약해제.해지/위약금
2024029213,2024-06-02,여자,30 - 39세,경기도,일반판매,변호서비스,계약해제.해지/위약금
2024029214,2024-06-02,남자,40 - 49세,경기도,일반판매,예식서비스,계약해제.해지/위약금
2024029215,2024-06-02,남자,30 - 39세,경기도,국내온라인거래,남성용내의류,청약철회
2024029216,2024-06-02,남자,40 - 49세,부산광역시,국내온라인거래,기타자동차부품,계약해제.해지/위약금
2024029217,2024-06-02,남자,50 - 59세,경기도,일반판매,정수기대여(렌트),계약해제.해지/위약금
2024029218,2024-06-02,남자,30 - 39세,충청북도,국내온라인거래,남성용내의류,계약불이행(불완전이행)
2024029219,2024-06-02,남자,65 - 69세,대구광역시,전화권유판매,초고속인터넷,계약불이행(불완전이행)
2024029220,2024-06-02,여자,40 - 49세,서울특별시,일반판매,국외여행,계약해제.해지/위약금
2024029221,2024-06-02,여자,50 - 59세,서울특별시,모바일거래,모바일게임서비스,무능력자계약
2024029222,2024-06-02,남자,20 - 29세,대전광역시,국내온라인거래,항공여객운송서비스,계약해제.해지/위약금
2024029223,2024-06-02,남자,40 - 49세,울산광역시,일반판매,소파,품질(물품/용역)
2024029357,2024-06-03,남자,30 - 39세,대구광역시,국내온라인거래,가스에어컨,품질(물품/용역)
2024029355,2024-06-03,남자,40 - 49세,대전광역시,소셜커머스(쇼핑),기타컴퓨터·주변기기,계약불이행(불완전이행)
2024029356,2024-06-03,남자,30 - 39세,서울특별시,일반판매,헬스장,계약해제.해지/위약금
2024029358,2024-06-03,여자,20 - 29세,서울특별시,일반판매,운전강습,계약해제.해지/위약금
2024029359,2024-06-03,여자,40 - 49세,전라북도,국내온라인거래,숙녀화(구두·부츠 등),청약철회
2024029360,2024-06-03,여자,20 - 29세,대전광역시,일반판매,필라테스,계약해제.해지/위약금
2024029361,2024-06-03,여자,20 - 29세,경기도,방문판매,콘도회원권,계약해제.해지/위약금
2024029362,2024-06-03,여자,40 - 49세,서울특별시,국내온라인거래,조립완구,청약철회
2024029363,2024-06-03,남자,30 - 39세,인천광역시,국내온라인거래,티셔츠,청약철회
2024029364,2024-06-03,여자,40 - 49세,서울특별시,국내온라인거래,인터넷교육서비스,계약해제.해지/위약금
2024029365,2024-06-03,여자,40 - 49세,대구광역시,일반판매,침대,품질(물품/용역)
2024029366,2024-06-03,여자,50 - 59세,서울특별시,국내온라인거래,숙녀화(구두·부츠 등),청약철회
2024029367,2024-06-03,여자,50 - 59세,서울특별시,국내온라인거래,국외여행,계약불이행(불완전이행)
2024029368,2024-06-03,남자,30 - 39세,서울특별시,일반판매,항공여객운송서비스,계약불이행(불완전이행)
2024029369,2024-06-03,여자,50 - 59세,서울특별시,일반판매,골프회원권,부당행위
2024029370,2024-06-03,여자,20 - 29세,서울특별시,국내온라인거래,항공여객운송서비스,계약해제.해지/위약금
2024029371,2024-06-03,남자,40 - 49세,경기도,국내온라인거래,스마트폰,AS불만
2024029372,2024-06-03,여자,20 - 29세,경기도,일반판매,헬스장,계약해제.해지/위약금
2024029373,2024-06-03,여자,30 - 39세,경기도,일반판매,선글라스,AS불만
2024029374,2024-06-03,여자,30 - 39세,부산광역시,일반판매,소파,AS불만
2024029375,2024-06-03,남자,60 - 64세,전라북도,국내온라인거래,보석·귀금속,계약불이행(불완전이행)
2024029376,2024-06-03,여자,20 - 29세,경상남도,일반판매,피부·체형관리서비스,계약불이행(불완전이행)
2024029377,2024-06-03,여자,30 - 39세,경기도,일반판매,예식서비스,AS불만
2024029378,2024-06-03,남자,50 - 59세,충청남도,국내온라인거래,항공여객운송서비스,계약불이행(불완전이행)
2024029379,2024-06-03,여자,20 - 29세,제주도,일반판매,헬스장,계약해제.해지/위약금
2024029380,2024-06-03,여자,30 - 39세,서울특별시,국내온라인거래,기타가사용품,품질(물품/용역)
2024029381,2024-06-03,여자,20 - 29세,대구광역시,일반판매,메이크업강습,계약해제.해지/위약금
2024029382,2024-06-03,여자,20 - 29세,울산광역시,일반판매,헬스장,계약해제.해지/위약금
2024029383,2024-06-03,여자,10 - 19세,경상남도,모바일거래,여관(모텔),청약철회
2024029384,2024-06-03,남자,50 - 59세,경기도,국내온라인거래,성기능향상기기,품질(물품/용역)
2024029385,2024-06-03,여자,30 - 39세,경상북도,소셜커머스(쇼핑),현상·인화,계약불이행(불완전이행)
2024029386,2024-06-03,남자,30 - 39세,인천광역시,기타통신판매,초고속인터넷,계약해제.해지/위약금
2024029387,2024-06-03,남자,30 - 39세,전라북도,일반판매,기타숙박시설,청약철회
2024029388,2024-06-03,남자,20 - 29세,경기도,국내온라인거래,자동차대여(렌트),가격.요금
2024029389,2024-06-03,여자,30 - 39세,경기도,일반판매,필라테스,계약해제.해지/위약금
2024029390,2024-06-03,남자,50 - 59세,경기도,국내온라인거래,운동화,청약철회
2024029391,2024-06-03,여자,30 - 39세,서울특별시,일반판매,요가,계약해제.해지/위약금
2024029392,2024-06-03,여자,20 - 29세,대구광역시,방문판매,일반강습(입시학원등),계약해제.해지/위약금
2024029393,2024-06-03,여자,40 - 49세,서울특별시,일반판매,기타스포츠·레저기구·용품,품질(물품/용역)
2024029394,2024-06-03,여자,30 - 39세,인천광역시,국내온라인거래,카메라,품질(물품/용역)
2024029395,2024-06-03,여자,40 - 49세,경기도,국내온라인거래,펜션,계약해제.해지/위약금
2024029396,2024-06-03,여자,50 - 59세,경기도,기타,니트(스웨터),품질(물품/용역)
2024029397,2024-06-03,여자,20 - 29세,서울특별시,일반판매,필라테스,계약해제.해지/위약금
2024029398,2024-06-03,여자,40 - 49세,울산광역시,모바일거래,기타미분류서비스,계약해제.해지/위약금
2024029399,2024-06-03,여자,30 - 39세,경기도,일반판매,필라테스,계약불이행(불완전이행)
2024029400,2024-06-03,남자,50 - 59세,대구광역시,기타,항공여객운송서비스,청약철회
2024029401,2024-06-03,남자,30 - 39세,경기도,일반판매,헬스장,계약해제.해지/위약금
2024029402,2024-06-03,여자,30 - 39세,전라남도,국내온라인거래,기타스포츠·레저기구·용품,품질(물품/용역)
2024029403,2024-06-03,남자,30 - 39세,경기도,소셜커머스(쇼핑),셔츠,청약철회
2024029404,2024-06-03,남자,50 - 59세,경기도,국내온라인거래,기타컴퓨터·주변기기,품질(물품/용역)
2024029405,2024-06-03,여자,40 - 49세,경상남도,기타,기타인테리어설비,계약불이행(불완전이행)
2024029406,2024-06-03,여자,30 - 39세,대구광역시,일반판매,점퍼·재킷류,부당행위
2024029407,2024-06-03,여자,30 - 39세,대전광역시,국내온라인거래,기타신발·용품,청약철회
2024029408,2024-06-03,여자,50 - 59세,인천광역시,일반판매,기타사설강습서비스,계약해제.해지/위약금
2024029409,2024-06-03,남자,40 - 49세,서울특별시,일반판매,안마의자,품질(물품/용역)
2024029410,2024-06-03,여자,20 - 29세,서울특별시,일반판매,의류수선,품질(물품/용역)
2024029411,2024-06-03,여자,20 - 29세,경기도,일반판매,커튼레일,청약철회
2024029412,2024-06-03,여자,20 - 29세,부산광역시,일반판매,헬스장,계약해제.해지/위약금
2024029413,2024-06-03,여자,20 - 29세,서울특별시,일반판매,필라테스,계약해제.해지/위약금
2024029414,2024-06-03,남자,40 - 49세,강원특별자치도,국내온라인거래,기타간편복,계약불이행(불완전이행)
2024029415,2024-06-03,남자,30 - 39세,충청북도,일반판매,기타법률서비스,부당행위
2024029416,2024-06-03,남자,30 - 39세,전라남도,모바일거래,기타숙박시설,계약해제.해지/위약금
2024029417,2024-06-03,여자,60 - 64세,경기도,일반판매,소파,청약철회
2024029418,2024-06-03,여자,40 - 49세,울산광역시,국내온라인거래,기타건강식품,청약철회
2024029419,2024-06-03,여자,20 - 29세,서울특별시,전화권유판매,초고속인터넷,부당행위
2024029420,2024-06-03,여자,50 - 59세,경기도,일반판매,숙녀화(구두·부츠 등),품질(물품/용역)
2024029421,2024-06-03,여자,30 - 39세,서울특별시,국내온라인거래,건물청소서비스,품질(물품/용역)
2024029422,2024-06-03,남자,40 - 49세,경기도,국내온라인거래,기타신발·용품,청약철회
2024029423,2024-06-03,여자,40 - 49세,경상남도,국내온라인거래,기타이·미용기구,품질(물품/용역)
2024029424,2024-06-03,남자,30 - 39세,부산광역시,일반판매,헬스장,계약해제.해지/위약금
2024029425,2024-06-03,남자,40 - 49세,서울특별시,국내온라인거래,항공화물운송서비스,계약해제.해지/위약금
2024029426,2024-06-03,여자,30 - 39세,경기도,국내온라인거래,항공여객운송서비스,부당행위
2024029427,2024-06-03,남자,20 - 29세,경기도,기타,종합체육시설회원권,계약해제.해지/위약금
2024029428,2024-06-03,여자,30 - 39세,서울특별시,국내온라인거래,효소함유제품,계약불이행(불완전이행)
2024029429,2024-06-03,여자,40 - 49세,인천광역시,전화권유판매,모바일정보이용서비스,계약해제.해지/위약금
2024029430,2024-06-03,여자,50 - 59세,경기도,국내온라인거래,유사투자자문,계약해제.해지/위약금
2024029431,2024-06-03,여자,20 - 29세,강원특별자치도,국내온라인거래,각종공연관람,계약불이행(불완전이행)
2024029432,2024-06-03,여자,30 - 39세,부산광역시,일반판매,기타신발·용품,품질(물품/용역)
2024029433,2024-06-03,남자,40 - 49세,강원특별자치도,전화권유판매,인터넷정보이용서비스,계약불이행(불완전이행)
2024029434,2024-06-03,남자,20 - 29세,전라북도,전화권유판매,레저·이벤트회원권,계약해제.해지/위약금
2024029435,2024-06-03,남자,30 - 39세,서울특별시,방문판매,헬스장,계약해제.해지/위약금
2024029436,2024-06-03,남자,60 - 64세,대구광역시,일반판매,이동전화서비스,계약해제.해지/위약금
2024029437,2024-06-03,남자,20 - 29세,인천광역시,일반판매,기타자동차부품,품질(물품/용역)
2024029438,2024-06-03,남자,30 - 39세,경기도,모바일거래,이동전화서비스,가격.요금
2024029439,2024-06-03,남자,40 - 49세,경기도,국내온라인거래,항공여객운송서비스,계약해제.해지/위약금
2024029440,2024-06-03,여자,50 - 59세,경상남도,일반판매,국외여행,이자.수수료
2024029441,2024-06-03,남자,50 - 59세,서울특별시,국내온라인거래,감자,품질(물품/용역)
2024029442,2024-06-03,여자,30 - 39세,서울특별시,모바일거래,기타가구,계약불이행(불완전이행)
2024029443,2024-06-03,남자,30 - 39세,경상남도,일반판매,기타인테리어설비,계약해제.해지/위약금
2024029444,2024-06-03,여자,30 - 39세,경기도,소셜커머스(쇼핑),그릇세트,품질(물품/용역)
2024029445,2024-06-03,남자,30 - 39세,경상남도,국내온라인거래,기타건축자재,AS불만
2024029446,2024-06-03,여자,20 - 29세,경기도,모바일거래,미용서비스,청약철회
2024029447,2024-06-03,여자,30 - 39세,경기도,일반판매,신사복세트,계약불이행(불완전이행)
2024029448,2024-06-03,여자,20 - 29세,부산광역시,일반판매,헬스장,청약철회
2024029449,2024-06-03,여자,30 - 39세,강원특별자치도,모바일거래,헤어드라이어,청약철회
2024029450,2024-06-03,남자,40 - 49세,서울특별시,국내온라인거래,모형완구,청약철회
2024029451,2024-06-03,남자,40 - 49세,서울특별시,기타,기타사설강습서비스,계약해제.해지/위약금
2024029452,2024-06-03,여자,40 - 49세,경기도,일반판매,학생용가방,품질(물품/용역)
2024029453,2024-06-03,남자,40 - 49세,서울특별시,국내온라인거래,보조배터리,부당행위
2024029454,2024-06-03,남자,30 - 39세,서울특별시,기타,포장이사운송서비스,계약불이행(불완전이행)
2024029455,2024-06-03,여자,20 - 29세,서울특별시,일반판매,헬스장,계약해제.해지/위약금
2024029456,2024-06-03,남자,40 - 49세,광주광역시,국내온라인거래,유아복,청약철회
2024029457,2024-06-03,여자,20 - 29세,경기도,국내온라인거래,기타가구,청약철회
2024029458,2024-06-03,여자,20 - 29세,부산광역시,모바일거래,인터넷정보이용서비스,청약철회
2024029459,2024-06-03,여자,20 - 29세,경기도,국내온라인거래,이동전화서비스,품질(물품/용역)
2024029460,2024-06-03,여자,20 - 29세,대구광역시,모바일거래,모바일정보이용서비스,계약해제.해지/위약금
2024029289,2024-06-03,여자,20 - 29세,서울특별시,국내온라인거래,기타일반화장품,계약불이행(불완전이행)
2024029300,2024-06-03,여자,60 - 64세,경상남도,일반판매,건강(암·기타질병)보험,계약불이행(불완전이행)
2024029320,2024-06-03,남자,65 - 69세,경기도,일반판매,묘지설비,계약불이행(불완전이행)
2024029325,2024-06-03,남자,70 - 79세,서울특별시,국내온라인거래,중고자동차중개·매매,청약철회
2024029351,2024-06-03,남자,50 - 59세,경기도,일반판매,각종자격취득강습,계약해제.해지/위약금
2024029352,2024-06-03,여자,30 - 39세,경상남도,국내온라인거래,샌들·슬리퍼,청약철회
2024029291,2024-06-03,남자,30 - 39세,충청남도,국내온라인거래,키보드,청약철회
2024029301,2024-06-03,여자,20 - 29세,서울특별시,일반판매,자동차대여(렌트),AS불만
2024029308,2024-06-03,남자,40 - 49세,전라북도,국내온라인거래,전기보일러,품질(물품/용역)
2024029292,2024-06-03,남자,30 - 39세,경기도,일반판매,교통카드,부당행위
2024029343,2024-06-03,여자,20 - 29세,경기도,국내온라인거래,전기자전거,계약해제.해지/위약금
2024029344,2024-06-03,남자,60 - 64세,경기도,일반판매,이동전화서비스,계약불이행(불완전이행)
2024029345,2024-06-03,남자,50 - 59세,대전광역시,기타,항공여객운송서비스,품질(물품/용역)
2024029226,2024-06-03,여자,40 - 49세,경기도,기타,헬스장,계약해제.해지/위약금
2024029243,2024-06-03,여자,50 - 59세,서울특별시,일반판매,중형승용자동차,AS불만
2024029251,2024-06-03,남자,30 - 39세,경기도,국내온라인거래,셔츠,청약철회
2024029253,2024-06-03,남자,60 - 64세,대구광역시,일반판매,자동차수리·점검,AS불만
2024029255,2024-06-03,남자,70 - 79세,광주광역시,일반판매,대형승용자동차,AS불만
2024029257,2024-06-03,여자,40 - 49세,부산광역시,기타,실손보험,계약불이행(불완전이행)
2024029265,2024-06-03,남자,50 - 59세,경기도,일반판매,정형외과,품질(물품/용역)
2024029231,2024-06-03,여자,40 - 49세,서울특별시,국내온라인거래,운동화,청약철회
2024029238,2024-06-03,여자,20 - 29세,부산광역시,기타통신판매,기타숙박시설,부당행위
2024029240,2024-06-03,남자,40 - 49세,경기도,일반판매,항공여객운송서비스,계약불이행(불완전이행)
2024029242,2024-06-03,여자,60 - 64세,서울특별시,일반판매,미용서비스,계약불이행(불완전이행)
2024029258,2024-06-03,여자,70 - 79세,서울특별시,일반판매,헬스장,계약해제.해지/위약금
2024029272,2024-06-03,남자,70 - 79세,서울특별시,일반판매,이동전화서비스,계약해제.해지/위약금
2024029307,2024-06-03,남자,40 - 49세,인천광역시,일반판매,호텔,계약해제.해지/위약금
2024029314,2024-06-03,남자,40 - 49세,경기도,일반판매,자동차수리·점검,품질(물품/용역)
2024029315,2024-06-03,여자,50 - 59세,인천광역시,국내온라인거래,기타숙박시설,품질(물품/용역)
2024029317,2024-06-03,여자,불명,경상남도,국내온라인거래,기타묘목·모종·종자,품질(물품/용역)
2024029321,2024-06-03,여자,불명,경기도,국내온라인거래,기타스포츠·레저기구·용품,품질(물품/용역)
2024029331,2024-06-03,남자,50 - 59세,대구광역시,기타,유사투자자문,계약해제.해지/위약금
2024029334,2024-06-03,여자,50 - 59세,서울특별시,일반판매,애완동물기타,부당행위
2024029335,2024-06-03,여자,20 - 29세,서울특별시,일반판매,항공여객운송서비스,청약철회
2024029350,2024-06-03,남자,30 - 39세,경기도,방문판매,콘도회원권,부당행위
2024029228,2024-06-03,남자,불명,부산광역시,국내온라인거래,스포츠관람,품질(물품/용역)
2024029233,2024-06-03,남자,40 - 49세,경기도,기타,스마트폰,품질(물품/용역)
2024029250,2024-06-03,여자,20 - 29세,충청북도,국내온라인거래,통신기기케이스,계약해제.해지/위약금
2024029246,2024-06-03,여자,50 - 59세,경기도,국내온라인거래,커피,계약불이행(불완전이행)
2024029252,2024-06-03,여자,40 - 49세,부산광역시,방문판매,건강(암·기타질병)보험,계약불이행(불완전이행)
2024029273,2024-06-03,여자,20 - 29세,경기도,국내온라인거래,캐주얼바지,계약불이행(불완전이행)
2024029287,2024-06-03,남자,30 - 39세,경기도,국내온라인거래,신유형상품권,계약해제.해지/위약금
2024029235,2024-06-03,남자,65 - 69세,인천광역시,일반판매,건강(암·기타질병)보험,계약불이행(불완전이행)
2024029236,2024-06-03,여자,30 - 39세,서울특별시,일반판매,필라테스,부당행위
2024029254,2024-06-03,남자,50 - 59세,경기도,일반판매,건강(암·기타질병)보험,계약불이행(불완전이행)
2024029275,2024-06-03,여자,20 - 29세,경기도,일반판매,헬스장,부당채권추심
2024029277,2024-06-03,여자,40 - 49세,서울특별시,국내온라인거래,호텔,계약해제.해지/위약금
2024029279,2024-06-03,여자,30 - 39세,서울특별시,국내온라인거래,이동전화서비스,계약불이행(불완전이행)
2024029280,2024-06-03,남자,30 - 39세,서울특별시,모바일거래,기타숙박시설,계약해제.해지/위약금
2024029288,2024-06-03,여자,30 - 39세,전라남도,일반판매,경비·관리서비스,계약해제.해지/위약금
2024029290,2024-06-03,여자,50 - 59세,경기도,방문판매,포장이사운송서비스,품질(물품/용역)
2024029297,2024-06-03,여자,20 - 29세,대전광역시,국내온라인거래,사진촬영,계약해제.해지/위약금
2024029304,2024-06-03,남자,30 - 39세,경상남도,일반판매,소파,계약불이행(불완전이행)
2024029302,2024-06-03,남자,40 - 49세,경기도,일반판매,대형승용자동차,품질(물품/용역)
2024029303,2024-06-03,남자,40 - 49세,경기도,TV홈쇼핑,전기압력밥솥,표시.광고
2024029306,2024-06-03,여자,20 - 29세,전라남도,일반판매,필라테스,계약해제.해지/위약금
2024029322,2024-06-03,남자,30 - 39세,서울특별시,일반판매,자동차수리·점검,품질(물품/용역)
2024029327,2024-06-03,여자,20 - 29세,서울특별시,일반판매,자동차대여(렌트),부당행위
2024029329,2024-06-03,남자,50 - 59세,경기도,전화권유판매,유사투자자문,계약해제.해지/위약금
2024029336,2024-06-03,남자,65 - 69세,대전광역시,일반판매,기타공조·냉난방기기,품질(물품/용역)
2024029338,2024-06-03,여자,20 - 29세,인천광역시,국내온라인거래,항공여객운송서비스,품질(물품/용역)
2024029225,2024-06-03,남자,불명,서울특별시,방문판매,신사복세트,계약불이행(불완전이행)
2024029227,2024-06-03,여자,40 - 49세,경기도,기타,헬스장,계약해제.해지/위약금
2024029229,2024-06-03,여자,60 - 64세,서울특별시,TV홈쇼핑,기타이·미용기구,품질(물품/용역)
2024029230,2024-06-03,여자,20 - 29세,경기도,국내온라인거래,각종공연관람,계약불이행(불완전이행)
2024029234,2024-06-03,여자,30 - 39세,충청남도,소셜커머스(쇼핑),옷장,청약철회
2024029239,2024-06-03,남자,30 - 39세,서울특별시,일반판매,골프회원권,계약해제.해지/위약금
2024029245,2024-06-03,여자,20 - 29세,인천광역시,일반판매,헬스장,계약해제.해지/위약금
2024029247,2024-06-03,남자,60 - 64세,대전광역시,일반판매,헬스장,계약해제.해지/위약금
2024029260,2024-06-03,남자,50 - 59세,서울특별시,기타,신문,계약해제.해지/위약금
2024029262,2024-06-03,남자,40 - 49세,경기도,국내온라인거래,비타민제,청약철회
2024029264,2024-06-03,남자,50 - 59세,서울특별시,일반판매,기타약품,품질(물품/용역)
2024029267,2024-06-03,남자,65 - 69세,경상북도,일반판매,신경외과,품질(물품/용역)
2024029268,2024-06-03,여자,30 - 39세,서울특별시,국내온라인거래,전기자전거,품질(물품/용역)
2024029269,2024-06-03,남자,70 - 79세,경기도,일반판매,골프용품,품질(물품/용역)
2024029270,2024-06-03,여자,65 - 69세,대구광역시,일반판매,기타의료서비스,안전(제품/시설)
2024029278,2024-06-03,여자,40 - 49세,경기도,국내온라인거래,골프용품,품질(물품/용역)
2024029284,2024-06-03,남자,30 - 39세,대구광역시,일반판매,중형승용자동차,부당행위
2024029285,2024-06-03,여자,65 - 69세,충청북도,국내온라인거래,기타식생활기기,품질(물품/용역)
2024029293,2024-06-03,여자,50 - 59세,서울특별시,일반판매,필라테스,계약불이행(불완전이행)
2024029294,2024-06-03,여자,40 - 49세,서울특별시,방문판매,침대,부당행위
2024029295,2024-06-03,남자,50 - 59세,경기도,일반판매,전기세탁기,계약불이행(불완전이행)
2024029296,2024-06-03,남자,40 - 49세,경기도,국내온라인거래,모니터,부당행위
2024029313,2024-06-03,여자,40 - 49세,경상남도,일반판매,묘목·모종,품질(물품/용역)
2024029316,2024-06-03,남자,60 - 64세,대전광역시,일반판매,소파,품질(물품/용역)
2024029318,2024-06-03,여자,65 - 69세,대구광역시,일반판매,라텍스매트리스,품질(물품/용역)
2024029324,2024-06-03,남자,10 - 19세,서울특별시,일반판매,애완동물기타,품질(물품/용역)
2024029326,2024-06-03,남자,40 - 49세,경기도,국내온라인거래,스포츠웨어,품질(물품/용역)
2024029330,2024-06-03,여자,60 - 64세,서울특별시,모바일거래,신유형상품권,부당행위
2024029333,2024-06-03,남자,40 - 49세,경기도,기타,기타옥외장비·설비,계약불이행(불완전이행)
2024029337,2024-06-03,여자,20 - 29세,경기도,국내온라인거래,공기청정기,청약철회
2024029341,2024-06-03,남자,40 - 49세,서울특별시,일반판매,유통시설이용,품질(물품/용역)
2024029354,2024-06-03,여자,20 - 29세,경기도,국내온라인거래,기타건강식품,표시.광고
2024029309,2024-06-03,여자,40 - 49세,경기도,일반판매,포장이사운송서비스,계약불이행(불완전이행)
2024029340,2024-06-03,여자,80세이상,서울특별시,일반판매,내과,품질(물품/용역)
2024029342,2024-06-03,여자,50 - 59세,전라북도,일반판매,성형외과,품질(물품/용역)
2024029237,2024-06-03,여자,20 - 29세,경기도,일반판매,헬스장,계약해제.해지/위약금
2024029263,2024-06-03,남자,40 - 49세,서울특별시,국내온라인거래,기타과일·과일가공식품,표시.광고
2024029249,2024-06-03,여자,40 - 49세,경상북도,국내온라인거래,국외여행,부당행위
2024029266,2024-06-03,남자,20 - 29세,경상북도,일반판매,중형승용자동차,계약불이행(불완전이행)
2024029283,2024-06-03,여자,50 - 59세,서울특별시,일반판매,인터넷교육서비스,계약해제.해지/위약금
2024029286,2024-06-03,남자,65 - 69세,대구광역시,일반판매,전기자전거,AS불만
2024029305,2024-06-03,여자,20 - 29세,서울특별시,일반판매,헬스장,계약해제.해지/위약금
2024029312,2024-06-03,남자,50 - 59세,경상북도,소셜커머스(쇼핑),기타조리기기·기구,품질(물품/용역)
2024029323,2024-06-03,여자,40 - 49세,충청남도,기타,유사투자자문,계약해제.해지/위약금
2024029560,2024-06-04,남자,10 - 19세,서울특별시,국내온라인거래,기타육류·육류가공식품,청약철회
2024029563,2024-06-04,여자,40 - 49세,서울특별시,기타,침대·매트리스대여(렌트),계약불이행(불완전이행)
2024029551,2024-06-04,여자,30 - 39세,경상남도,기타통신판매,유사투자자문,계약해제.해지/위약금
2024029548,2024-06-04,여자,40 - 49세,인천광역시,일반판매,침대,품질(물품/용역)
2024029559,2024-06-04,여자,20 - 29세,경기도,국내온라인거래,스프링매트리스,계약불이행(불완전이행)
2024029574,2024-06-04,남자,30 - 39세,서울특별시,국내온라인거래,안마의자,청약철회
2024029579,2024-06-04,여자,40 - 49세,서울특별시,소셜커머스(쇼핑),기타가사용품,품질(물품/용역)
2024029576,2024-06-04,여자,70 - 79세,서울특별시,국내온라인거래,룸에어컨,표시.광고
2024029577,2024-06-04,여자,40 - 49세,전라북도,전화권유판매,초고속인터넷,계약불이행(불완전이행)
2024029571,2024-06-04,여자,30 - 39세,서울특별시,일반판매,애완견,품질(물품/용역)
2024029568,2024-06-04,여자,30 - 39세,서울특별시,일반판매,일반강습(입시학원등),계약해제.해지/위약금
2024029575,2024-06-04,남자,50 - 59세,전라남도,일반판매,건강(암·기타질병)보험,품질(물품/용역)
2024029582,2024-06-04,남자,65 - 69세,전라북도,소셜커머스(쇼핑),티셔츠,표시.광고
2024029580,2024-06-04,남자,50 - 59세,울산광역시,일반판매,애완고양이,거래관행
2024029585,2024-06-04,남자,30 - 39세,경기도,일반판매,아파트,계약불이행(불완전이행)
2024029570,2024-06-04,남자,40 - 49세,대구광역시,국내온라인거래,참외,청약철회
2024029581,2024-06-04,여자,40 - 49세,경상남도,TV홈쇼핑,음식물처리기대여(렌트),계약해제.해지/위약금
2024029572,2024-06-04,남자,70 - 79세,전라남도,일반판매,실손보험,계약불이행(불완전이행)
2024029578,2024-06-04,남자,30 - 39세,대구광역시,일반판매,스마트폰,AS불만
2024029488,2024-06-04,여자,20 - 29세,부산광역시,국내온라인거래,원피스,품질(물품/용역)
2024029511,2024-06-04,여자,불명,경기도,전화권유판매,할인회원권,계약해제.해지/위약금
2024029533,2024-06-04,남자,30 - 39세,서울특별시,일반판매,타이어,품질(물품/용역)
2024029536,2024-06-04,여자,불명,서울특별시,국내온라인거래,항공여객운송서비스,계약해제.해지/위약금
2024029537,2024-06-04,남자,30 - 39세,경기도,국내온라인거래,헬스장,계약해제.해지/위약금
2024029564,2024-06-04,여자,20 - 29세,서울특별시,국내온라인거래,테니스장스쿼시회원권,계약해제.해지/위약금
2024026901,2024-06-04,남자,65 - 69세,부산광역시,일반판매,캐주얼바지,품질(물품/용역)
2024029567,2024-06-04,남자,30 - 39세,충청남도,일반판매,시스템에어컨,계약해제.해지/위약금
2024029553,2024-06-04,여자,40 - 49세,충청북도,기타,치과,품질(물품/용역)
2024029552,2024-06-04,남자,20 - 29세,서울특별시,일반판매,전기자전거,품질(물품/용역)
2024029555,2024-06-04,남자,70 - 79세,경기도,TV홈쇼핑,전기자전거,청약철회
2024029556,2024-06-04,여자,20 - 29세,서울특별시,일반판매,헬스장,계약해제.해지/위약금
2024029557,2024-06-04,여자,30 - 39세,부산광역시,기타통신판매,유사투자자문,계약해제.해지/위약금
2024029558,2024-06-04,여자,20 - 29세,부산광역시,국내온라인거래,보석·귀금속,계약불이행(불완전이행)
2024026899,2024-06-04,여자,40 - 49세,서울특별시,일반판매,양복(서양식 의복)세탁,품질(물품/용역)
2024027838,2024-06-04,여자,20 - 29세,서울특별시,일반판매,양복(서양식 의복)세탁,품질(물품/용역)
2024029466,2024-06-04,남자,40 - 49세,경기도,국내온라인거래,중형승용자동차,계약불이행(불완전이행)
2024029472,2024-06-04,남자,30 - 39세,경기도,일반판매,헬스장,계약불이행(불완전이행)
2024029479,2024-06-04,여자,20 - 29세,경기도,국내온라인거래,전기온수장판,안전(제품/시설)
2024029526,2024-06-04,여자,65 - 69세,부산광역시,전화권유판매,유사투자자문,청약철회
2024029527,2024-06-04,남자,40 - 49세,경기도,방문판매,결혼준비대행서비스,계약해제.해지/위약금
2024029530,2024-06-04,여자,30 - 39세,대구광역시,국내온라인거래,다이어트식품,계약해제.해지/위약금
2024029535,2024-06-04,남자,20 - 29세,충청남도,일반판매,헬스장,계약해제.해지/위약금
2024029543,2024-06-04,남자,30 - 39세,경기도,기타,이동전화서비스,계약불이행(불완전이행)
2024029565,2024-06-04,남자,70 - 79세,경기도,기타,건강(암·기타질병)보험,계약불이행(불완전이행)
2024029566,2024-06-04,남자,30 - 39세,충청북도,국내온라인거래,티셔츠,청약철회
2024029562,2024-06-04,여자,70 - 79세,서울특별시,방문판매,상조서비스,계약해제.해지/위약금
2024027799,2024-06-04,남자,50 - 59세,경기도,일반판매,점퍼·재킷류,품질(물품/용역)
2024027075,2024-06-04,여자,50 - 59세,충청북도,국내온라인거래,스커트,표시.광고
2024029461,2024-06-04,여자,30 - 39세,충청북도,국내온라인거래,의자,청약철회
2024029463,2024-06-04,남자,50 - 59세,서울특별시,일반판매,정수기대여(렌트),계약해제.해지/위약금
2024029468,2024-06-04,여자,40 - 49세,경상북도,전화권유판매,음식물처리기대여(렌트),AS불만
2024029469,2024-06-04,여자,40 - 49세,경기도,TV홈쇼핑,환풍기,계약불이행(불완전이행)
2024029471,2024-06-04,여자,30 - 39세,경기도,기타,여행자보험,계약불이행(불완전이행)
2024029477,2024-06-04,남자,40 - 49세,경기도,국내온라인거래,보석·귀금속,청약철회
2024029481,2024-06-04,여자,30 - 39세,서울특별시,방문판매,포장이사운송서비스,계약불이행(불완전이행)
2024029482,2024-06-04,여자,60 - 64세,부산광역시,일반판매,일반이사운송서비스,품질(물품/용역)
2024029485,2024-06-04,여자,40 - 49세,인천광역시,기타,포장이사운송서비스,품질(물품/용역)
2024029521,2024-06-04,남자,30 - 39세,경상북도,국내온라인거래,신유형상품권,부당행위
2024029522,2024-06-04,남자,40 - 49세,대구광역시,국내온라인거래,기타문화용품,계약불이행(불완전이행)
2024029528,2024-06-04,남자,40 - 49세,서울특별시,국내온라인거래,CCTV,계약불이행(불완전이행)
2024029569,2024-06-04,남자,불명,전라북도,기타통신판매,기타방재·방범설비,계약불이행(불완전이행)
2024029473,2024-06-04,여자,50 - 59세,서울특별시,일반판매,블라우스,청약철회
2024029476,2024-06-04,남자,20 - 29세,경기도,국내온라인거래,숙녀화(구두·부츠 등),계약불이행(불완전이행)
2024029489,2024-06-04,여자,50 - 59세,서울특별시,국내온라인거래,인터넷교육서비스,계약해제.해지/위약금
2024029484,2024-06-04,남자,30 - 39세,경기도,일반판매,헬스장,계약해제.해지/위약금
2024029487,2024-06-04,여자,50 - 59세,서울특별시,국내온라인거래,기타신변용품,품질(물품/용역)
2024029531,2024-06-04,남자,30 - 39세,경기도,소셜커머스(쇼핑),호텔,계약해제.해지/위약금
2024029501,2024-06-04,남자,50 - 59세,경상남도,전화권유판매,인터넷정보이용서비스,계약해제.해지/위약금
2024029506,2024-06-04,여자,40 - 49세,서울특별시,일반판매,외국어강습,계약해제.해지/위약금
2024029507,2024-06-04,여자,65 - 69세,부산광역시,일반판매,실손보험,계약불이행(불완전이행)
2024029523,2024-06-04,여자,20 - 29세,서울특별시,국내온라인거래,원피스,청약철회
2024029529,2024-06-04,남자,30 - 39세,서울특별시,일반판매,건강(암·기타질병)보험,계약불이행(불완전이행)
2024029539,2024-06-04,여자,30 - 39세,경기도,방문판매,임대아파트,부당행위
2024029541,2024-06-04,여자,40 - 49세,경기도,기타,포장이사운송서비스,계약불이행(불완전이행)
2024029549,2024-06-04,남자,65 - 69세,부산광역시,일반판매,식탁,품질(물품/용역)
2024028127,2024-06-04,남자,20 - 29세,경기도,국내온라인거래,점퍼·재킷류,품질(물품/용역)
2024029465,2024-06-04,여자,40 - 49세,경기도,방문판매,홍삼제품,청약철회
2024029492,2024-06-04,남자,40 - 49세,인천광역시,일반판매,김치냉장고,품질(물품/용역)
2024029495,2024-06-04,여자,70 - 79세,경기도,국내온라인거래,인터넷정보이용서비스,부당행위
2024029509,2024-06-04,남자,불명,서울특별시,국내온라인거래,항공여객운송서비스,계약해제.해지/위약금
2024029510,2024-06-04,여자,60 - 64세,경기도,기타,항공여객운송서비스,부당행위
2024029516,2024-06-04,여자,30 - 39세,충청남도,국내온라인거래,기타가구,품질(물품/용역)
2024029519,2024-06-04,남자,40 - 49세,대전광역시,모바일거래,기타숙박시설,계약해제.해지/위약금
2024029538,2024-06-04,남자,40 - 49세,강원특별자치도,일반판매,마른오징어,품질(물품/용역)
2024029546,2024-06-04,남자,40 - 49세,대구광역시,일반판매,가발,계약불이행(불완전이행)
2024029497,2024-06-04,남자,40 - 49세,서울특별시,일반판매,기타사설강습서비스,계약해제.해지/위약금
2024029520,2024-06-04,여자,30 - 39세,전라북도,국내온라인거래,전기진공청소기,AS불만
2024029475,2024-06-04,여자,30 - 39세,충청남도,일반판매,미용서비스,계약해제.해지/위약금
2024029490,2024-06-04,남자,20 - 29세,부산광역시,모바일거래,기타수선·염색서비스,계약불이행(불완전이행)
2024029498,2024-06-04,여자,20 - 29세,경기도,일반판매,헬스장,계약해제.해지/위약금
2024029540,2024-06-04,남자,65 - 69세,강원특별자치도,일반판매,골프회원권,계약해제.해지/위약금
2024029493,2024-06-04,남자,50 - 59세,경기도,기타,스포츠시설이용,품질(물품/용역)
2024029462,2024-06-04,여자,30 - 39세,서울특별시,일반판매,스프링매트리스,계약해제.해지/위약금
2024029467,2024-06-04,여자,30 - 39세,경기도,방문판매,건강(암·기타질병)보험,부당행위
2024029474,2024-06-04,여자,30 - 39세,경기도,국내온라인거래,운동화,청약철회
2024029478,2024-06-04,여자,30 - 39세,강원특별자치도,기타통신판매,샌들·슬리퍼,청약철회
2024029644,2024-06-04,여자,40 - 49세,광주광역시,국제온라인거래,펜션,계약해제.해지/위약금
2024029645,2024-06-04,남자,60 - 64세,광주광역시,전화권유판매,기타미분류서비스,계약해제.해지/위약금
2024029646,2024-06-04,여자,10세 미만,전라북도,국내온라인거래,기타곡류·곡류가공식품,품질(물품/용역)
2024029647,2024-06-04,여자,30 - 39세,경기도,방문판매,공기청정기대여(렌트),부당행위
2024029648,2024-06-04,여자,30 - 39세,경기도,일반판매,헬스장,계약불이행(불완전이행)
2024029649,2024-06-04,여자,30 - 39세,대구광역시,기타,정수기대여(렌트),품질(물품/용역)
2024029650,2024-06-04,남자,30 - 39세,대구광역시,방문판매,기타예식관련서비스,계약해제.해지/위약금
2024029651,2024-06-04,여자,40 - 49세,인천광역시,국내온라인거래,국외여행,계약불이행(불완전이행)
2024029652,2024-06-04,여자,40 - 49세,전라남도,기타,기타미분류서비스,계약해제.해지/위약금
2024029653,2024-06-04,여자,20 - 29세,경기도,일반판매,사진촬영,품질(물품/용역)
2024029654,2024-06-04,여자,30 - 39세,서울특별시,기타통신판매,방문교육,계약해제.해지/위약금
2024029655,2024-06-04,남자,40 - 49세,경상북도,일반판매,일반이사운송서비스,계약불이행(불완전이행)
2024029656,2024-06-04,여자,40 - 49세,대구광역시,방문판매,냉장고,AS불만
2024029657,2024-06-04,여자,40 - 49세,경상남도,모바일거래,의상대여(렌트),청약철회
2024029658,2024-06-04,여자,10 - 19세,경기도,전화권유판매,학습지,청약철회
2024029659,2024-06-04,여자,30 - 39세,경기도,기타,미용서비스,계약해제.해지/위약금
2024029660,2024-06-04,여자,20 - 29세,경기도,국제온라인거래,항공여객운송서비스,청약철회
2024029661,2024-06-04,여자,30 - 39세,서울특별시,일반판매,결혼준비대행서비스,품질(물품/용역)
2024029662,2024-06-04,여자,30 - 39세,서울특별시,국내온라인거래,원피스,청약철회
2024029664,2024-06-04,여자,20 - 29세,경기도,소셜커머스(쇼핑),냉장고,계약불이행(불완전이행)
2024029665,2024-06-04,여자,40 - 49세,경기도,국내온라인거래,화장품세트,청약철회
2024029666,2024-06-04,여자,30 - 39세,경기도,기타,피부·체형관리서비스,계약해제.해지/위약금
2024029667,2024-06-04,여자,30 - 39세,서울특별시,국내온라인거래,옷장,청약철회
2024029668,2024-06-04,여자,65 - 69세,경기도,일반판매,기타미분류물품,품질(물품/용역)
2024029669,2024-06-04,여자,50 - 59세,서울특별시,모바일거래,캐주얼바지,청약철회
2024029670,2024-06-04,남자,30 - 39세,서울특별시,기타,예식서비스,계약해제.해지/위약금
2024029671,2024-06-04,남자,40 - 49세,서울특별시,국내온라인거래,헤드폰·이어폰,AS불만
2024029672,2024-06-04,여자,50 - 59세,경기도,TV홈쇼핑,음식물처리기대여(렌트),AS불만
2024029673,2024-06-04,남자,30 - 39세,대구광역시,일반판매,기타예식관련서비스,계약해제.해지/위약금
2024029674,2024-06-04,남자,30 - 39세,부산광역시,소셜커머스(쇼핑),우물펌프,청약철회
2024029675,2024-06-04,여자,30 - 39세,경기도,국내온라인거래,샌들·슬리퍼,품질(물품/용역)
2024029676,2024-06-04,남자,20 - 29세,대전광역시,모바일거래,항공여객운송서비스,부당행위
2024029677,2024-06-04,여자,40 - 49세,경기도,기타,건물청소서비스,계약불이행(불완전이행)
2024029678,2024-06-04,남자,40 - 49세,인천광역시,국내온라인거래,기타스포츠·레저기구·용품,청약철회
2024029679,2024-06-04,남자,40 - 49세,서울특별시,국내온라인거래,항공여객운송서비스,계약해제.해지/위약금
2024029680,2024-06-04,여자,40 - 49세,인천광역시,모바일거래,레저시설이용,계약불이행(불완전이행)
2024029681,2024-06-04,남자,65 - 69세,부산광역시,전화권유판매,모바일정보이용서비스,계약불이행(불완전이행)
2024029682,2024-06-04,여자,50 - 59세,전라남도,일반판매,헬스장,계약불이행(불완전이행)
2024029683,2024-06-04,남자,30 - 39세,서울특별시,일반판매,기타세탁서비스,부당행위
2024029684,2024-06-04,여자,30 - 39세,서울특별시,국내온라인거래,의상대여(렌트),계약해제.해지/위약금
2024029685,2024-06-04,남자,50 - 59세,강원특별자치도,기타통신판매,기타의류·섬유,청약철회
2024029686,2024-06-04,여자,40 - 49세,경기도,방문판매,식기세척기,계약해제.해지/위약금
2024029687,2024-06-04,여자,30 - 39세,서울특별시,일반판매,식탁,계약해제.해지/위약금
2024029688,2024-06-04,남자,30 - 39세,인천광역시,국내온라인거래,마우스,AS불만
2024029689,2024-06-04,여자,30 - 39세,서울특별시,국내온라인거래,배추,품질(물품/용역)
2024029690,2024-06-04,여자,20 - 29세,경기도,기타통신판매,국외여행,계약해제.해지/위약금
2024029691,2024-06-04,여자,50 - 59세,경상북도,방문판매,기타가구,품질(물품/용역)
2024029692,2024-06-04,남자,40 - 49세,서울특별시,국제온라인거래,기타컴퓨터·주변기기,품질(물품/용역)
2024029693,2024-06-04,남자,50 - 59세,경상북도,국내온라인거래,제습기,부당행위
2024029694,2024-06-04,남자,50 - 59세,경기도,국내온라인거래,항공여객운송서비스,계약불이행(불완전이행)
2024029695,2024-06-04,여자,40 - 49세,제주도,국내온라인거래,항공여객운송서비스,계약해제.해지/위약금
2024029696,2024-06-04,남자,40 - 49세,충청남도,국내온라인거래,전기진공청소기,AS불만
2024029697,2024-06-04,남자,30 - 39세,경기도,모바일거래,전문스포츠화(축구화·골프화 등),품질(물품/용역)
2024029698,2024-06-04,남자,30 - 39세,부산광역시,일반판매,미용서비스,계약불이행(불완전이행)
2024029699,2024-06-04,여자,40 - 49세,제주도,국내온라인거래,냉장고,품질(물품/용역)
2024029700,2024-06-04,여자,30 - 39세,경기도,일반판매,소파,계약불이행(불완전이행)
2024029701,2024-06-04,여자,20 - 29세,대구광역시,일반판매,헬스장,계약해제.해지/위약금
2024029702,2024-06-04,여자,40 - 49세,경상남도,기타,미분류컨설팅(자문),부당행위
2024029703,2024-06-04,남자,30 - 39세,서울특별시,국내온라인거래,식사배달,계약불이행(불완전이행)
2024029586,2024-06-04,남자,20 - 29세,서울특별시,국내온라인거래,기타숙박시설,부당행위
2024029587,2024-06-04,남자,30 - 39세,서울특별시,국내온라인거래,인터넷게임서비스,부당행위
2024029588,2024-06-04,여자,20 - 29세,경기도,모바일거래,보석·귀금속,청약철회
2024029589,2024-06-04,여자,30 - 39세,서울특별시,일반판매,예식서비스,계약해제.해지/위약금
2024029590,2024-06-04,남자,30 - 39세,서울특별시,일반판매,양복(서양식 의복)세탁,품질(물품/용역)
2024029591,2024-06-04,남자,20 - 29세,경상남도,모바일거래,일반강습(입시학원등),청약철회
2024029592,2024-06-04,남자,30 - 39세,경기도,일반판매,항공여객운송서비스,계약해제.해지/위약금
2024029593,2024-06-04,여자,40 - 49세,인천광역시,일반판매,칫솔,품질(물품/용역)
2024029594,2024-06-04,여자,30 - 39세,경기도,일반판매,"연회서비스(돌잔치,회갑 등)",계약해제.해지/위약금
2024029595,2024-06-04,남자,20 - 29세,강원특별자치도,기타통신판매,초고속인터넷,계약해제.해지/위약금
2024029596,2024-06-04,남자,30 - 39세,전라북도,일반판매,이불·요,품질(물품/용역)
2024029597,2024-06-04,여자,20 - 29세,대구광역시,국내온라인거래,캐주얼바지,청약철회
2024029598,2024-06-04,남자,30 - 39세,서울특별시,일반판매,포장이사운송서비스,품질(물품/용역)
2024029599,2024-06-04,여자,30 - 39세,충청남도,기타,사진촬영,계약불이행(불완전이행)
2024029704,2024-06-04,여자,20 - 29세,전라남도,국내온라인거래,각종공연관람,청약철회
2024029705,2024-06-04,여자,30 - 39세,서울특별시,일반판매,통신기기케이스,청약철회
2024029706,2024-06-04,남자,40 - 49세,대전광역시,기타,중형승용자동차,부당행위
2024027116,2024-06-04,여자,20 - 29세,경기도,일반판매,양복(서양식 의복)세탁,품질(물품/용역)
2024029600,2024-06-04,여자,40 - 49세,서울특별시,일반판매,피부·체형관리서비스,계약해제.해지/위약금
2024029601,2024-06-04,남자,50 - 59세,제주도,일반판매,농기계수리업,품질(물품/용역)
2024029602,2024-06-04,여자,50 - 59세,서울특별시,일반판매,스마트폰,AS불만
2024029603,2024-06-04,남자,30 - 39세,대구광역시,일반판매,시스템에어컨,품질(물품/용역)
2024029604,2024-06-04,남자,40 - 49세,강원특별자치도,일반판매,CCTV,계약해제.해지/위약금
2024029605,2024-06-04,남자,50 - 59세,경기도,국내온라인거래,운동화,계약불이행(불완전이행)
2024029606,2024-06-04,여자,30 - 39세,인천광역시,일반판매,택배화물운송서비스,계약불이행(불완전이행)
2024029607,2024-06-04,남자,20 - 29세,전라북도,방문판매,헬스장,계약해제.해지/위약금
2024029608,2024-06-04,여자,20 - 29세,경기도,모바일거래,모바일정보이용서비스,가격.요금
2024029609,2024-06-04,남자,40 - 49세,경기도,일반판매,애완동물기타,청약철회
2024029610,2024-06-04,여자,40 - 49세,경기도,일반판매,일반강습(입시학원등),계약해제.해지/위약금
2024029611,2024-06-04,남자,40 - 49세,인천광역시,TV홈쇼핑,음식물처리기대여(렌트),계약해제.해지/위약금
2024029612,2024-06-04,남자,10 - 19세,경기도,일반판매,독서실이용,계약해제.해지/위약금
2024029613,2024-06-04,남자,30 - 39세,서울특별시,모바일거래,룸에어컨,가격.요금
2024029614,2024-06-04,여자,40 - 49세,울산광역시,국내온라인거래,기타건강식품,부당행위
2024029615,2024-06-04,여자,70 - 79세,경기도,일반판매,국외여행,계약해제.해지/위약금
2024029616,2024-06-04,남자,40 - 49세,서울특별시,방문판매,헬스장,계약해제.해지/위약금
2024029617,2024-06-04,여자,60 - 64세,서울특별시,일반판매,피부·체형관리서비스,청약철회
2024029618,2024-06-04,남자,40 - 49세,경기도,소셜커머스(쇼핑),TV대,청약철회
2024029619,2024-06-04,여자,20 - 29세,서울특별시,전화권유판매,화장품세트,청약철회
2024029620,2024-06-04,남자,30 - 39세,경기도,국내온라인거래,만두피,부당행위
2024029621,2024-06-04,여자,30 - 39세,경기도,기타통신판매,기타이동통신,부당행위
2024029622,2024-06-04,남자,50 - 59세,제주도,국내온라인거래,모형완구,계약불이행(불완전이행)
2024029623,2024-06-04,여자,40 - 49세,서울특별시,국내온라인거래,바디클렌저,계약불이행(불완전이행)
2024029624,2024-06-04,여자,30 - 39세,인천광역시,국내온라인거래,운동화,계약불이행(불완전이행)
2024029625,2024-06-04,남자,20 - 29세,경기도,국제온라인거래,호텔,계약불이행(불완전이행)
2024029626,2024-06-04,남자,50 - 59세,서울특별시,국내온라인거래,펜션,계약해제.해지/위약금
2024029627,2024-06-04,여자,40 - 49세,경기도,일반판매,기타수선·염색서비스,품질(물품/용역)
2024029628,2024-06-04,남자,60 - 64세,경기도,일반판매,환풍기,AS불만
2024029629,2024-06-04,여자,20 - 29세,인천광역시,일반판매,헬스장,계약해제.해지/위약금
2024029630,2024-06-04,여자,40 - 49세,경기도,국내온라인거래,아동복,청약철회
2024029631,2024-06-04,남자,40 - 49세,경상북도,모바일거래,기타가구,청약철회
2024029632,2024-06-04,여자,20 - 29세,경기도,국내온라인거래,기타신발·용품,청약철회
2024029633,2024-06-04,남자,40 - 49세,서울특별시,일반판매,국외여행,계약해제.해지/위약금
2024029634,2024-06-04,여자,20 - 29세,경기도,일반판매,필라테스,계약해제.해지/위약금
2024029635,2024-06-04,여자,50 - 59세,광주광역시,방문판매,기타이·미용기구,품질(물품/용역)
2024029636,2024-06-04,여자,30 - 39세,경상남도,일반판매,소파,품질(물품/용역)
2024029637,2024-06-04,남자,20 - 29세,전라남도,방문판매,헬스장,계약해제.해지/위약금
2024029638,2024-06-04,여자,30 - 39세,충청북도,국내온라인거래,통신기기케이스,품질(물품/용역)
2024029639,2024-06-04,남자,60 - 64세,경기도,국제온라인거래,항공여객운송서비스,품질(물품/용역)
2024029640,2024-06-04,여자,50 - 59세,광주광역시,모바일거래,인터넷교육서비스,계약해제.해지/위약금
2024029641,2024-06-04,여자,20 - 29세,경기도,기타,기타의류·섬유,청약철회
2024029642,2024-06-04,여자,30 - 39세,경기도,일반판매,포장이사운송서비스,계약해제.해지/위약금
2024029643,2024-06-04,여자,40 - 49세,인천광역시,일반판매,애완견,계약해제.해지/위약금
2024029500,2024-06-04,여자,50 - 59세,서울특별시,기타,실손보험,계약불이행(불완전이행)
2024029508,2024-06-04,남자,40 - 49세,충청북도,기타,기타정보이용서비스,청약철회
2024029513,2024-06-04,남자,65 - 69세,인천광역시,기타통신판매,모바일정보이용서비스,계약불이행(불완전이행)
2024029514,2024-06-04,여자,50 - 59세,경기도,일반판매,묘지설비,계약불이행(불완전이행)
2024029517,2024-06-04,남자,20 - 29세,서울특별시,국내온라인거래,신유형상품권,청약철회
2024029532,2024-06-04,여자,65 - 69세,서울특별시,국내온라인거래,기타건강식품,품질(물품/용역)
2024029534,2024-06-04,남자,60 - 64세,서울특별시,일반판매,대형승용자동차,AS불만
2024029542,2024-06-04,남자,30 - 39세,경상남도,기타,자동차수리·점검,AS불만
2024029715,2024-06-05,여자,65 - 69세,경기도,일반판매,이동전화서비스,청약철회
2024029716,2024-06-05,여자,30 - 39세,서울특별시,국내온라인거래,아동복,청약철회
2024029707,2024-06-05,여자,30 - 39세,경기도,일반판매,신사복세트,부당행위
2024029710,2024-06-05,남자,40 - 49세,서울특별시,국내온라인거래,항공여객운송서비스,품질(물품/용역)
2024029714,2024-06-05,남자,40 - 49세,경기도,국내온라인거래,기타이동통신,청약철회
2024029794,2024-06-05,남자,60 - 64세,경기도,일반판매,승강설비,계약불이행(불완전이행)
2024029737,2024-06-05,남자,불명,충청북도,국내온라인거래,컴퓨터S/W개발(홈페이지제작),계약불이행(불완전이행)
2024029756,2024-06-05,남자,80세이상,서울특별시,기타,기타병·의원서비스,품질(물품/용역)
2024029763,2024-06-05,남자,30 - 39세,부산광역시,전화권유판매,국내결혼중개,계약해제.해지/위약금
2024029792,2024-06-05,남자,80세이상,경기도,기타통신판매,기타건강식품,표시.광고
2024029740,2024-06-05,여자,40 - 49세,경상남도,기타,정수기대여(렌트),품질(물품/용역)
2024029759,2024-06-05,여자,50 - 59세,경상남도,일반판매,실손보험,계약불이행(불완전이행)
2024029776,2024-06-05,여자,30 - 39세,경기도,일반판매,요가,부당행위
2024029784,2024-06-05,남자,20 - 29세,충청남도,전화권유판매,유사투자자문,청약철회
2024029785,2024-06-05,남자,40 - 49세,전라북도,일반판매,국수,품질(물품/용역)
2024029786,2024-06-05,여자,60 - 64세,대구광역시,일반판매,성형외과,품질(물품/용역)
2024029720,2024-06-05,남자,30 - 39세,서울특별시,소셜커머스(쇼핑),전기자전거,안전(제품/시설)
2024029748,2024-06-05,여자,30 - 39세,전라남도,일반판매,룸에어컨,품질(물품/용역)
2024029762,2024-06-05,여자,50 - 59세,전라남도,방문판매,아파트,부당행위
2024029807,2024-06-05,남자,60 - 64세,경기도,국제온라인거래,항공여객운송서비스,계약해제.해지/위약금
2024029830,2024-06-05,여자,40 - 49세,경기도,국내온라인거래,냉장고,AS불만
2024029768,2024-06-05,남자,40 - 49세,인천광역시,일반판매,스마트폰,안전(제품/시설)
2024029788,2024-06-05,남자,40 - 49세,서울특별시,국내온라인거래,사진촬영,계약해제.해지/위약금
2024029808,2024-06-05,여자,20 - 29세,서울특별시,국내온라인거래,호텔,계약해제.해지/위약금
2024029809,2024-06-05,남자,50 - 59세,광주광역시,일반판매,경승용차,AS불만
2024029810,2024-06-05,여자,20 - 29세,광주광역시,일반판매,항공여객운송서비스,계약불이행(불완전이행)
2024029726,2024-06-05,여자,50 - 59세,경기도,방문판매,미용서비스,계약불이행(불완전이행)
2024029732,2024-06-05,남자,30 - 39세,서울특별시,일반판매,선풍기,AS불만
2024029749,2024-06-05,남자,70 - 79세,부산광역시,국내온라인거래,전기온수기,청약철회
2024029739,2024-06-05,여자,50 - 59세,서울특별시,기타,기타이동통신,계약해제.해지/위약금
2024029811,2024-06-05,여자,30 - 39세,경기도,소셜커머스(쇼핑),원피스,청약철회
2024029755,2024-06-05,남자,30 - 39세,경기도,일반판매,기타인테리어설비,가격.요금
2024029813,2024-06-05,여자,40 - 49세,서울특별시,일반판매,초고속인터넷,계약해제.해지/위약금
2024029790,2024-06-05,남자,30 - 39세,경상북도,국내온라인거래,기타가구,품질(물품/용역)
2024029804,2024-06-05,남자,30 - 39세,경기도,일반판매,탁주,품질(물품/용역)
2024029770,2024-06-05,남자,40 - 49세,울산광역시,국내온라인거래,블루투스스피커,AS불만
2024029773,2024-06-05,여자,60 - 64세,울산광역시,일반판매,TV,AS불만
2024029787,2024-06-05,여자,20 - 29세,대구광역시,일반판매,헬스장,계약해제.해지/위약금
2024029796,2024-06-05,여자,50 - 59세,부산광역시,전화권유판매,유사투자자문,청약철회
2024029797,2024-06-05,남자,30 - 39세,경기도,국내온라인거래,호텔,계약해제.해지/위약금
2024029777,2024-06-05,남자,30 - 39세,경기도,모바일거래,자동차보험,약관
2024029780,2024-06-05,남자,30 - 39세,경기도,일반판매,헬스장,계약해제.해지/위약금
2024029734,2024-06-05,남자,30 - 39세,경기도,기타,피부과,계약해제.해지/위약금
2024029735,2024-06-05,여자,30 - 39세,서울특별시,국내온라인거래,기타의류·섬유,계약불이행(불완전이행)
2024029802,2024-06-05,여자,40 - 49세,경상남도,국내온라인거래,골프용품,표시.광고
2024029822,2024-06-05,남자,20 - 29세,서울특별시,모바일거래,고시원이용,계약해제.해지/위약금
2024029825,2024-06-05,여자,60 - 64세,서울특별시,국내온라인거래,소파,품질(물품/용역)
2024029743,2024-06-05,여자,50 - 59세,서울특별시,일반판매,피부·체형관리서비스,품질(물품/용역)
2024029724,2024-06-05,여자,30 - 39세,서울특별시,일반판매,필라테스,계약해제.해지/위약금
2024029733,2024-06-05,남자,10 - 19세,서울특별시,국내온라인거래,통신기기주변장치,부당행위
2024029727,2024-06-05,남자,30 - 39세,경기도,소셜커머스(쇼핑),자동차대여(렌트),계약해제.해지/위약금
2024029729,2024-06-05,여자,40 - 49세,서울특별시,국내온라인거래,사기그릇,청약철회
2024029827,2024-06-05,여자,65 - 69세,경기도,일반판매,기타사설강습서비스,계약해제.해지/위약금
2024029775,2024-06-05,남자,30 - 39세,인천광역시,국내온라인거래,각종공연관람,계약불이행(불완전이행)
2024029778,2024-06-05,남자,30 - 39세,경기도,일반판매,골프회원권,계약해제.해지/위약금
2024029767,2024-06-05,여자,50 - 59세,경기도,국내온라인거래,침대,청약철회
2024029772,2024-06-05,여자,40 - 49세,서울특별시,모바일거래,모바일정보이용서비스,계약불이행(불완전이행)
2024029731,2024-06-05,여자,40 - 49세,경기도,국내온라인거래,안마의자,AS불만
2024029819,2024-06-05,여자,50 - 59세,서울특별시,일반판매,이동전화서비스,부당행위
2024029828,2024-06-05,여자,불명,해외 및 기타,국제온라인거래,여행용가방,계약불이행(불완전이행)
2024029829,2024-06-05,여자,20 - 29세,해외 및 기타,국제온라인거래,모자,계약불이행(불완전이행)
2024029800,2024-06-05,남자,30 - 39세,서울특별시,국내온라인거래,식사배달,계약불이행(불완전이행)
2024029745,2024-06-05,남자,30 - 39세,서울특별시,일반판매,헬스장,부당행위
2024029764,2024-06-05,여자,20 - 29세,서울특별시,기타,인터넷정보이용서비스,계약해제.해지/위약금
2024029725,2024-06-05,여자,50 - 59세,전라남도,전화권유판매,상조서비스,계약해제.해지/위약금
2024029769,2024-06-05,남자,50 - 59세,경기도,국내온라인거래,운동화,청약철회
2024029718,2024-06-05,남자,30 - 39세,대전광역시,방문판매,헬스장,계약해제.해지/위약금
2024029709,2024-06-05,여자,20 - 29세,경기도,소셜커머스(쇼핑),각종공연관람,계약불이행(불완전이행)
2024029712,2024-06-05,남자,50 - 59세,서울특별시,기타,믹서기,AS불만
2024029713,2024-06-05,남자,30 - 39세,경상남도,일반판매,기타시계류,거래관행
2024029717,2024-06-05,여자,30 - 39세,충청남도,국내온라인거래,기타숙박시설,청약철회
2024029806,2024-06-05,남자,20 - 29세,서울특별시,모바일거래,모바일정보이용서비스,청약철회
2024029818,2024-06-05,남자,40 - 49세,서울특별시,모바일거래,세무서비스,계약해제.해지/위약금
2024029821,2024-06-05,남자,40 - 49세,경기도,일반판매,외과,품질(물품/용역)
2024029721,2024-06-05,여자,40 - 49세,전라남도,국내온라인거래,인터넷교육서비스,부당행위
2024029741,2024-06-05,여자,20 - 29세,대전광역시,일반판매,필라테스,부당행위
2024029708,2024-06-05,남자,40 - 49세,인천광역시,일반판매,작동완구,품질(물품/용역)
2024029757,2024-06-05,남자,60 - 64세,부산광역시,일반판매,건강(암·기타질병)보험,계약불이행(불완전이행)
2024029766,2024-06-05,남자,30 - 39세,서울특별시,기타통신판매,국내결혼중개,계약해제.해지/위약금
2024029747,2024-06-05,남자,40 - 49세,경기도,일반판매,헬스장,계약해제.해지/위약금
2024029751,2024-06-05,여자,65 - 69세,서울특별시,모바일거래,펜션,계약해제.해지/위약금
2024029752,2024-06-05,여자,20 - 29세,대전광역시,국내온라인거래,캐주얼바지,청약철회
2024029765,2024-06-05,남자,40 - 49세,부산광역시,일반판매,포장이사운송서비스,부당행위
2024029779,2024-06-05,여자,50 - 59세,경기도,방문판매,건강(암·기타질병)보험,계약불이행(불완전이행)
2024029781,2024-06-05,남자,80세이상,경상남도,일반판매,노인복지,안전(제품/시설)
2024029782,2024-06-05,남자,40 - 49세,부산광역시,일반판매,실손보험,계약불이행(불완전이행)
2024029793,2024-06-05,여자,40 - 49세,제주도,일반판매,양복(서양식 의복)세탁,계약해제.해지/위약금
2024029722,2024-06-05,남자,50 - 59세,경기도,국내온라인거래,기타의료용구,청약철회
2024029801,2024-06-05,남자,50 - 59세,광주광역시,일반판매,가스보일러,계약불이행(불완전이행)
2024029815,2024-06-05,남자,30 - 39세,충청남도,일반판매,도배공사,품질(물품/용역)
2024029826,2024-06-05,남자,30 - 39세,서울특별시,일반판매,전자담배,AS불만
2024029845,2024-06-05,남자,20 - 29세,대구광역시,국내온라인거래,기타육류·육류가공식품,청약철회
2024029846,2024-06-05,여자,40 - 49세,서울특별시,일반판매,헬스장,계약불이행(불완전이행)
2024029847,2024-06-05,여자,30 - 39세,서울특별시,국내온라인거래,기타이동통신,계약불이행(불완전이행)
2024029848,2024-06-05,남자,20 - 29세,경기도,일반판매,오토바이,품질(물품/용역)
2024029849,2024-06-05,남자,30 - 39세,부산광역시,국내온라인거래,CD·LD·DVD(영화·음악·게임),청약철회
2024029850,2024-06-05,남자,30 - 39세,경기도,기타,코트,계약불이행(불완전이행)
2024029851,2024-06-05,여자,30 - 39세,서울특별시,방문판매,기타사설강습서비스,계약해제.해지/위약금
2024029852,2024-06-05,남자,40 - 49세,부산광역시,국제온라인거래,항공여객운송서비스,계약불이행(불완전이행)
2024029853,2024-06-05,남자,50 - 59세,서울특별시,국내온라인거래,기타간편복,청약철회
2024029854,2024-06-05,남자,30 - 39세,경기도,일반판매,외식,품질(물품/용역)
2024029855,2024-06-05,여자,40 - 49세,경기도,일반판매,스마트폰,AS불만
2024029856,2024-06-05,여자,30 - 39세,서울특별시,모바일거래,의상대여(렌트),청약철회
2024029857,2024-06-05,남자,40 - 49세,인천광역시,일반판매,기타가구,단순문의.상담
2024029858,2024-06-05,여자,20 - 29세,서울특별시,국내온라인거래,기타재봉·세탁·청소용품,계약불이행(불완전이행)
2024029859,2024-06-05,여자,20 - 29세,서울특별시,일반판매,필라테스,계약해제.해지/위약금
2024029860,2024-06-05,여자,40 - 49세,전라남도,모바일거래,숙녀복상의,청약철회
2024029861,2024-06-05,여자,20 - 29세,서울특별시,일반판매,헬스장,계약해제.해지/위약금
2024029862,2024-06-05,남자,30 - 39세,서울특별시,일반판매,양복(서양식 의복)세탁,품질(물품/용역)
2024029863,2024-06-05,여자,20 - 29세,충청남도,일반판매,항공여객운송서비스,계약불이행(불완전이행)
2024029864,2024-06-05,남자,20 - 29세,광주광역시,국내온라인거래,탈모제,계약불이행(불완전이행)
2024029865,2024-06-05,남자,30 - 39세,대전광역시,일반판매,전기팬히터,품질(물품/용역)
2024029866,2024-06-05,여자,30 - 39세,부산광역시,모바일거래,기타이·미용서비스,부당행위
2024029867,2024-06-05,여자,40 - 49세,서울특별시,기타,꽃·화초·화환,품질(물품/용역)
2024029868,2024-06-05,남자,40 - 49세,인천광역시,소셜커머스(쇼핑),신사복세트,계약불이행(불완전이행)
2024029869,2024-06-05,남자,30 - 39세,전라북도,일반판매,기타예식관련서비스,계약불이행(불완전이행)
2024029870,2024-06-05,남자,30 - 39세,서울특별시,모바일거래,기타숙박시설,청약철회
2024029871,2024-06-05,남자,20 - 29세,경기도,일반판매,예식서비스,계약해제.해지/위약금
2024029872,2024-06-05,여자,40 - 49세,서울특별시,일반판매,애완동·식물용품,계약해제.해지/위약금
2024029873,2024-06-05,여자,20 - 29세,인천광역시,방문판매,헬스장,계약해제.해지/위약금
2024029874,2024-06-05,여자,20 - 29세,부산광역시,일반판매,테니스장스쿼시회원권,계약해제.해지/위약금
2024029875,2024-06-05,남자,65 - 69세,경상남도,일반판매,기타숙박시설,청약철회
2024029876,2024-06-05,여자,40 - 49세,서울특별시,노상판매,아파트,AS불만
2024029877,2024-06-05,여자,50 - 59세,경기도,기타,정수기대여(렌트),품질(물품/용역)
2024029878,2024-06-05,남자,30 - 39세,서울특별시,모바일거래,사진촬영,계약해제.해지/위약금
2024029879,2024-06-05,여자,30 - 39세,경기도,기타,마사지류,계약불이행(불완전이행)
2024029880,2024-06-05,남자,30 - 39세,경기도,일반판매,건물청소서비스,계약해제.해지/위약금
2024029881,2024-06-05,여자,20 - 29세,경상남도,국내온라인거래,항공여객운송서비스,청약철회
2024029882,2024-06-05,여자,30 - 39세,경기도,TV홈쇼핑,안마의자대여(렌트),품질(물품/용역)
2024029883,2024-06-05,여자,40 - 49세,서울특별시,일반판매,샴푸,품질(물품/용역)
2024029884,2024-06-05,여자,20 - 29세,서울특별시,일반판매,기타이·미용서비스,품질(물품/용역)
2024029885,2024-06-05,여자,40 - 49세,충청남도,소셜커머스(쇼핑),스포츠웨어,계약불이행(불완전이행)
2024029886,2024-06-05,여자,20 - 29세,경기도,방문판매,헬스장,계약해제.해지/위약금
2024029887,2024-06-05,여자,30 - 39세,대전광역시,방문판매,필라테스,계약해제.해지/위약금
2024029888,2024-06-05,남자,40 - 49세,경기도,TV홈쇼핑,국외여행,계약불이행(불완전이행)
2024029889,2024-06-05,여자,20 - 29세,인천광역시,국내온라인거래,각종공연관람,계약불이행(불완전이행)
2024029890,2024-06-05,남자,50 - 59세,경상북도,국내온라인거래,인터넷전화,부당행위
2024029891,2024-06-05,여자,40 - 49세,서울특별시,일반판매,산후조리원,계약해제.해지/위약금
2024029892,2024-06-05,여자,20 - 29세,경기도,일반판매,헬스장,계약해제.해지/위약금
2024029893,2024-06-05,여자,30 - 39세,인천광역시,일반판매,방문교육,계약해제.해지/위약금
2024029894,2024-06-05,남자,30 - 39세,서울특별시,방문판매,골프용품,AS불만
2024029895,2024-06-05,여자,40 - 49세,서울특별시,국내온라인거래,룸에어컨,계약불이행(불완전이행)
2024029896,2024-06-05,여자,30 - 39세,부산광역시,일반판매,이동전화서비스,계약해제.해지/위약금
2024029897,2024-06-05,남자,40 - 49세,경기도,방문판매,헬스장,청약철회
2024029898,2024-06-05,여자,20 - 29세,인천광역시,국내온라인거래,각종공연관람,계약불이행(불완전이행)
2024029899,2024-06-05,여자,50 - 59세,경기도,방문판매,하수도위생서비스,가격.요금
2024029900,2024-06-05,여자,65 - 69세,광주광역시,모바일거래,철도여객운송서비스,표시.광고
2024029901,2024-06-05,남자,30 - 39세,서울특별시,일반판매,예식서비스,계약해제.해지/위약금
2024029902,2024-06-05,남자,40 - 49세,전라북도,기타,TV,AS불만
2024029903,2024-06-05,여자,20 - 29세,경기도,국내온라인거래,가구세트,계약불이행(불완전이행)
2024029904,2024-06-05,여자,30 - 39세,부산광역시,일반판매,스마트폰,계약불이행(불완전이행)
2024029905,2024-06-05,여자,30 - 39세,세종특별자치시,기타,가구세트,품질(물품/용역)
2024029906,2024-06-05,여자,30 - 39세,인천광역시,국내온라인거래,아동화,청약철회
2024029907,2024-06-05,여자,30 - 39세,경기도,국내온라인거래,기타음식관련서비스,계약불이행(불완전이행)
2024029908,2024-06-05,여자,50 - 59세,경상남도,국내온라인거래,항공여객운송서비스,청약철회
2024029909,2024-06-05,남자,40 - 49세,충청북도,일반판매,기타음식관련서비스,품질(물품/용역)
2024029711,2024-06-05,여자,20 - 29세,서울특별시,일반판매,필라테스,계약해제.해지/위약금
2024029910,2024-06-05,여자,40 - 49세,부산광역시,일반판매,기타매체광고,계약해제.해지/위약금
2024029911,2024-06-05,남자,40 - 49세,경상북도,일반판매,골프용품,AS불만
2024029912,2024-06-05,여자,40 - 49세,서울특별시,기타,요가,청약철회
2024029913,2024-06-05,여자,20 - 29세,서울특별시,일반판매,헬스장,청약철회
2024029914,2024-06-05,남자,40 - 49세,대전광역시,기타통신판매,기타이동통신,품질(물품/용역)
2024029915,2024-06-05,여자,40 - 49세,서울특별시,일반판매,기타위생서비스,부당행위
2024029916,2024-06-05,여자,20 - 29세,경기도,일반판매,미용서비스,단순문의.상담
2024029917,2024-06-05,남자,30 - 39세,경상북도,국내온라인거래,스포츠웨어,청약철회
2024029918,2024-06-05,남자,40 - 49세,충청북도,국내온라인거래,기타스포츠·레저기구·용품,청약철회
2024029919,2024-06-05,여자,30 - 39세,서울특별시,일반판매,독서실이용,청약철회
2024029920,2024-06-05,여자,30 - 39세,경기도,국내온라인거래,기타스포츠·레저기구·용품,AS불만
2024029921,2024-06-05,여자,40 - 49세,부산광역시,일반판매,냉장고,품질(물품/용역)
2024029922,2024-06-05,여자,30 - 39세,경상남도,국내온라인거래,기타책상·테이블류,품질(물품/용역)
2024029923,2024-06-05,여자,30 - 39세,서울특별시,기타통신판매,여성용내의류,표시.광고
2024029924,2024-06-05,여자,20 - 29세,인천광역시,국내온라인거래,기타책상·테이블류,표시.광고
2024029925,2024-06-05,여자,40 - 49세,대구광역시,방문판매,기타인테리어설비,계약해제.해지/위약금
2024029926,2024-06-05,여자,30 - 39세,경기도,국내온라인거래,기타음식관련서비스,계약불이행(불완전이행)
2024029927,2024-06-05,남자,50 - 59세,서울특별시,국내온라인거래,항공여객운송서비스,품질(물품/용역)
2024029928,2024-06-05,여자,30 - 39세,경기도,기타통신판매,보온도시락,품질(물품/용역)
2024029929,2024-06-05,여자,30 - 39세,전라남도,모바일거래,결혼준비대행서비스,계약해제.해지/위약금
2024029930,2024-06-05,남자,40 - 49세,경기도,소셜커머스(쇼핑),점퍼·재킷류,청약철회
2024029753,2024-06-05,남자,70 - 79세,부산광역시,국내온라인거래,기타건강식품,표시.광고
2024029771,2024-06-05,여자,40 - 49세,인천광역시,국내온라인거래,호텔,계약불이행(불완전이행)
2024029738,2024-06-05,여자,50 - 59세,대구광역시,국내온라인거래,호텔,표시.광고
2024029742,2024-06-05,남자,30 - 39세,경기도,일반판매,애완동물기타,부당행위
2024029744,2024-06-05,여자,20 - 29세,서울특별시,국내온라인거래,스포츠웨어,부당행위
2024029746,2024-06-05,여자,40 - 49세,인천광역시,국내온라인거래,니트(스웨터),청약철회
2024029758,2024-06-05,여자,20 - 29세,대전광역시,방문판매,헬스장,계약해제.해지/위약금
2024029761,2024-06-05,여자,40 - 49세,경기도,국내온라인거래,항공여객운송서비스,계약불이행(불완전이행)
2024029783,2024-06-05,여자,70 - 79세,인천광역시,방문판매,포장이사운송서비스,계약불이행(불완전이행)
2024029795,2024-06-05,여자,50 - 59세,서울특별시,일반판매,전기세탁기,품질(물품/용역)
2024029798,2024-06-05,여자,20 - 29세,서울특별시,일반판매,식사배달,계약해제.해지/위약금
2024029803,2024-06-05,여자,30 - 39세,서울특별시,일반판매,피부·체형관리서비스,계약해제.해지/위약금
2024029805,2024-06-05,여자,40 - 49세,대구광역시,일반판매,돼지고기포장육,품질(물품/용역)
2024029814,2024-06-05,남자,40 - 49세,서울특별시,일반판매,자동차대여(렌트),부당행위
2024029817,2024-06-05,남자,65 - 69세,충청북도,일반판매,상품권,계약해제.해지/위약금
2024029728,2024-06-05,여자,30 - 39세,대구광역시,국내온라인거래,기타가구,품질(물품/용역)
2024029750,2024-06-05,남자,불명,부산광역시,국내온라인거래,인터넷정보이용서비스,단순문의.상담
2024029754,2024-06-05,여자,30 - 39세,서울특별시,일반판매,식사배달,계약불이행(불완전이행)
2024029835,2024-06-05,여자,40 - 49세,경기도,국내온라인거래,전기맛사지기,안전(제품/시설)
2024029832,2024-06-05,여자,30 - 39세,경기도,일반판매,기타주택·건물,계약해제.해지/위약금
2024029833,2024-06-05,남자,30 - 39세,경기도,일반판매,신사복세트,계약불이행(불완전이행)
2024029834,2024-06-05,여자,30 - 39세,서울특별시,국내온라인거래,핸드백,표시.광고
2024029836,2024-06-05,여자,30 - 39세,경기도,모바일거래,건물청소서비스,부당행위
2024029837,2024-06-05,여자,20 - 29세,부산광역시,일반판매,종합체육시설회원권,계약해제.해지/위약금
2024029838,2024-06-05,남자,30 - 39세,서울특별시,국내온라인거래,가스에어컨,품질(물품/용역)
2024029839,2024-06-05,여자,40 - 49세,서울특별시,소셜커머스(쇼핑),태블릿PC,계약해제.해지/위약금
2024029840,2024-06-05,남자,40 - 49세,부산광역시,소셜커머스(쇼핑),TV,청약철회
2024029841,2024-06-05,여자,50 - 59세,서울특별시,일반판매,책장·서가,품질(물품/용역)
2024029842,2024-06-05,여자,30 - 39세,경기도,국제온라인거래,항공여객운송서비스,계약불이행(불완전이행)
2024029843,2024-06-05,여자,30 - 39세,충청북도,방문판매,필라테스,계약해제.해지/위약금
2024029844,2024-06-05,남자,30 - 39세,서울특별시,방문판매,국내결혼중개,계약해제.해지/위약금
2024029816,2024-06-05,남자,30 - 39세,인천광역시,기타,기타주거관리설비,AS불만
2024029936,2024-06-06,여자,40 - 49세,경기도,국내온라인거래,캐주얼바지,청약철회
2024029937,2024-06-06,여자,40 - 49세,광주광역시,국내온라인거래,TV,청약철회
2024029953,2024-06-06,여자,30 - 39세,서울특별시,국내온라인거래,건물청소서비스,품질(물품/용역)
2024029954,2024-06-06,남자,40 - 49세,인천광역시,국내온라인거래,전기세탁기,품질(물품/용역)
2024029955,2024-06-06,남자,50 - 59세,서울특별시,기타,양복(서양식 의복)세탁,부당행위
2024029931,2024-06-06,남자,30 - 39세,서울특별시,방문판매,양복지,부당행위
2024029932,2024-06-06,남자,30 - 39세,서울특별시,국제온라인거래,호텔,계약해제.해지/위약금
2024029933,2024-06-06,남자,40 - 49세,경기도,기타,기타일반화장품,청약철회
2024029938,2024-06-06,남자,30 - 39세,대구광역시,일반판매,인터넷교육서비스,계약해제.해지/위약금
2024029956,2024-06-06,남자,30 - 39세,경기도,기타,도서·음반대여(렌트),계약불이행(불완전이행)
2024029957,2024-06-06,여자,40 - 49세,서울특별시,방문판매,기타의류·섬유,품질(물품/용역)
2024029958,2024-06-06,여자,10 - 19세,전라남도,소셜커머스(쇼핑),보석·귀금속,단순문의.상담
2024029939,2024-06-06,남자,30 - 39세,경기도,일반판매,헬스장,계약불이행(불완전이행)
2024029940,2024-06-06,남자,30 - 39세,경기도,방문판매,미분류대여(렌트),품질(물품/용역)
2024029941,2024-06-06,여자,40 - 49세,충청북도,일반판매,소파,계약해제.해지/위약금
2024029959,2024-06-06,남자,40 - 49세,서울특별시,모바일거래,기타세탁서비스,계약불이행(불완전이행)
2024029960,2024-06-06,남자,20 - 29세,경상북도,일반판매,기타인테리어설비,계약불이행(불완전이행)
2024029961,2024-06-06,여자,30 - 39세,경기도,국내온라인거래,모바일게임서비스,청약철회
2024029962,2024-06-06,남자,50 - 59세,서울특별시,국내온라인거래,가스에어컨,AS불만
2024029963,2024-06-06,여자,60 - 64세,경기도,국내온라인거래,보석·귀금속,청약철회
2024029964,2024-06-06,남자,30 - 39세,경기도,일반판매,기타인테리어설비,품질(물품/용역)
2024029942,2024-06-06,여자,20 - 29세,강원특별자치도,모바일거래,항공여객운송서비스,계약해제.해지/위약금
2024029943,2024-06-06,여자,40 - 49세,광주광역시,국내온라인거래,국외여행,계약불이행(불완전이행)
2024029944,2024-06-06,여자,20 - 29세,경기도,국제온라인거래,항공여객운송서비스,계약해제.해지/위약금
2024029945,2024-06-06,여자,30 - 39세,경기도,국내온라인거래,사진촬영,청약철회
2024029946,2024-06-06,여자,30 - 39세,경기도,일반판매,예식서비스,계약해제.해지/위약금
2024029947,2024-06-06,여자,40 - 49세,충청남도,모바일거래,이동전화서비스,품질(물품/용역)
2024029948,2024-06-06,여자,30 - 39세,경기도,국제온라인거래,항공여객운송서비스,청약철회
2024029949,2024-06-06,여자,20 - 29세,서울특별시,국내온라인거래,각종공연관람,계약불이행(불완전이행)
2024029934,2024-06-06,여자,60 - 64세,서울특별시,일반판매,이동전화서비스,청약철회
2024029935,2024-06-06,여자,50 - 59세,경기도,국내온라인거래,이불·침대커버,청약철회
2024029950,2024-06-06,남자,30 - 39세,경기도,모바일거래,모바일게임서비스,청약철회
2024029951,2024-06-06,여자,20 - 29세,경기도,국내온라인거래,인터넷교육서비스,계약해제.해지/위약금
2024029952,2024-06-06,남자,40 - 49세,서울특별시,전화권유판매,모바일정보이용서비스,계약해제.해지/위약금
2024026341,2024-06-07,여자,30 - 39세,서울특별시,일반판매,숙녀화(구두·부츠 등),청약철회
2024029464,2024-06-07,남자,30 - 39세,인천광역시,일반판매,양복(서양식 의복)세탁,품질(물품/용역)
2024029505,2024-06-07,여자,40 - 49세,대구광역시,일반판매,기타세탁서비스,품질(물품/용역)
2024030059,2024-06-07,남자,65 - 69세,서울특별시,기타통신판매,인터넷교육서비스,계약해제.해지/위약금
2024030087,2024-06-07,여자,60 - 64세,경기도,일반판매,자동차주차장,표시.광고
2024028769,2024-06-07,남자,50 - 59세,경기도,국내온라인거래,티셔츠,품질(물품/용역)
2024028778,2024-06-07,여자,50 - 59세,대전광역시,일반판매,양복(서양식 의복)세탁,품질(물품/용역)
2024027820,2024-06-07,남자,40 - 49세,경기도,일반판매,사무용가방,품질(물품/용역)
2024027857,2024-06-07,남자,20 - 29세,경기도,국내온라인거래,티셔츠,품질(물품/용역)
2024030009,2024-06-07,남자,40 - 49세,서울특별시,국내온라인거래,식기세척기,AS불만
2024030027,2024-06-07,여자,30 - 39세,서울특별시,소셜커머스(쇼핑),기타일반화장품,품질(물품/용역)
2024028603,2024-06-07,여자,50 - 59세,경상북도,일반판매,양복(서양식 의복)세탁,품질(물품/용역)
2024027874,2024-06-07,여자,30 - 39세,경기도,모바일거래,양복(서양식 의복)세탁,품질(물품/용역)
2024029994,2024-06-07,남자,40 - 49세,서울특별시,국내온라인거래,티셔츠,청약철회
2024030018,2024-06-07,여자,40 - 49세,경기도,일반판매,단독·다가구주택,AS불만
2024030019,2024-06-07,남자,60 - 64세,부산광역시,일반판매,유통시설이용,거래관행
2024030025,2024-06-07,여자,50 - 59세,경기도,일반판매,포장이사운송서비스,거래관행
2024030042,2024-06-07,여자,40 - 49세,경기도,기타,한의원,품질(물품/용역)
2024030005,2024-06-07,남자,50 - 59세,부산광역시,일반판매,중형승용자동차,품질(물품/용역)
2024030070,2024-06-07,여자,30 - 39세,서울특별시,국내온라인거래,인터넷정보이용서비스,약관
2024030079,2024-06-07,남자,30 - 39세,대구광역시,국내온라인거래,시계부품·용품,청약철회
2024030084,2024-06-07,여자,50 - 59세,경기도,일반판매,세탁용합성세제,품질(물품/용역)
2024026336,2024-06-07,여자,30 - 39세,서울특별시,일반판매,숙녀화(구두·부츠 등),품질(물품/용역)
2024030054,2024-06-07,여자,40 - 49세,인천광역시,일반판매,태블릿PC,AS불만
2024030419,2024-06-07,여자,30 - 39세,경기도,일반판매,결혼준비대행서비스,계약해제.해지/위약금
2024029990,2024-06-07,남자,40 - 49세,경기도,모바일거래,카셰어링,부당행위
2024030017,2024-06-07,여자,50 - 59세,서울특별시,국내온라인거래,기타어패류·어패류가공식품,품질(물품/용역)
2024030020,2024-06-07,여자,50 - 59세,인천광역시,전화권유판매,유사투자자문,계약해제.해지/위약금
2024029991,2024-06-07,남자,20 - 29세,광주광역시,일반판매,콘도회원권,계약해제.해지/위약금
2024029995,2024-06-07,남자,20 - 29세,경기도,일반판매,중고자동차중개·매매,표시.광고
2024029997,2024-06-07,여자,30 - 39세,경기도,기타통신판매,공기청정기대여(렌트),계약해제.해지/위약금
2024030024,2024-06-07,남자,50 - 59세,울산광역시,일반판매,물안경,품질(물품/용역)
2024030029,2024-06-07,여자,30 - 39세,경기도,일반판매,요가,계약해제.해지/위약금
2024030001,2024-06-07,남자,50 - 59세,서울특별시,국내온라인거래,항공여객운송서비스,계약불이행(불완전이행)
2024030030,2024-06-07,여자,50 - 59세,강원특별자치도,일반판매,미용서비스,계약해제.해지/위약금
2024030032,2024-06-07,남자,40 - 49세,경기도,방문판매,CCTV,계약불이행(불완전이행)
2024030045,2024-06-07,남자,30 - 39세,경기도,일반판매,정형외과,품질(물품/용역)
2024030046,2024-06-07,여자,30 - 39세,경기도,일반판매,성형외과,품질(물품/용역)
2024030052,2024-06-07,여자,50 - 59세,서울특별시,기타통신판매,국외여행,계약해제.해지/위약금
2024030055,2024-06-07,여자,40 - 49세,경기도,국내온라인거래,항공여객운송서비스,청약철회
2024029976,2024-06-07,남자,30 - 39세,경상북도,기타,정수기대여(렌트),계약해제.해지/위약금
2024030057,2024-06-07,남자,30 - 39세,경기도,국내온라인거래,기타자동차부품,계약불이행(불완전이행)
2024030063,2024-06-07,남자,30 - 39세,경기도,일반판매,미용서비스,계약불이행(불완전이행)
2024030065,2024-06-07,여자,40 - 49세,경상남도,소셜커머스(쇼핑),기타가방,청약철회
2024029987,2024-06-07,남자,80세이상,서울특별시,국내온라인거래,가스에어컨,청약철회
2024029988,2024-06-07,여자,50 - 59세,경기도,소셜커머스(쇼핑),트레이닝기구,안전(제품/시설)
2024030068,2024-06-07,남자,70 - 79세,경기도,TV홈쇼핑,화장품세트,계약불이행(불완전이행)
2024029993,2024-06-07,여자,40 - 49세,경기도,일반판매,필라테스,계약해제.해지/위약금
2024030000,2024-06-07,남자,70 - 79세,경기도,일반판매,이동전화서비스,계약해제.해지/위약금
2024030002,2024-06-07,여자,40 - 49세,충청남도,국내온라인거래,신유형상품권,부당행위
2024030069,2024-06-07,남자,30 - 39세,서울특별시,일반판매,소파,품질(물품/용역)
2024030081,2024-06-07,남자,40 - 49세,경상남도,국내온라인거래,국내여행,청약철회
2024030011,2024-06-07,남자,30 - 39세,서울특별시,일반판매,전기자전거,AS불만
2024030026,2024-06-07,남자,50 - 59세,부산광역시,국내온라인거래,보석·귀금속,청약철회
2024030034,2024-06-07,여자,30 - 39세,서울특별시,모바일거래,기타숙박시설,계약해제.해지/위약금
2024030050,2024-06-07,남자,30 - 39세,경기도,기타통신판매,펜션,계약해제.해지/위약금
2024029989,2024-06-07,여자,30 - 39세,서울특별시,국내온라인거래,블라우스,청약철회
2024029984,2024-06-07,남자,20 - 29세,서울특별시,모바일거래,카셰어링,AS불만
2024030007,2024-06-07,남자,70 - 79세,경기도,국내온라인거래,전기자전거,품질(물품/용역)
2024030016,2024-06-07,여자,30 - 39세,서울특별시,일반판매,자동차대여(렌트),계약해제.해지/위약금
2024028635,2024-06-07,여자,30 - 39세,경상남도,일반판매,양복(서양식 의복)세탁,품질(물품/용역)
2024029491,2024-06-07,여자,65 - 69세,경기도,일반판매,점퍼·재킷류,품질(물품/용역)
2024030058,2024-06-07,남자,40 - 49세,강원특별자치도,소셜커머스(쇼핑),상품권,표시.광고
2024028426,2024-06-07,여자,40 - 49세,서울특별시,일반판매,니트(스웨터),품질(물품/용역)
2024028422,2024-06-07,여자,30 - 39세,대전광역시,일반판매,양복(서양식 의복)세탁,품질(물품/용역)
2024030061,2024-06-07,남자,30 - 39세,서울특별시,소셜커머스(쇼핑),콘도,계약해제.해지/위약금
2024030067,2024-06-07,남자,40 - 49세,경기도,국제온라인거래,기타스포츠·레저기구·용품,계약불이행(불완전이행)
2024025194,2024-06-07,남자,50 - 59세,서울특별시,국내온라인거래,전문스포츠화(축구화·골프화 등),품질(물품/용역)
2024030071,2024-06-07,남자,20 - 29세,서울특별시,일반판매,헬스장,계약해제.해지/위약금
2024030073,2024-06-07,남자,40 - 49세,대전광역시,일반판매,자동차대여(렌트),부당행위
2024030076,2024-06-07,여자,70 - 79세,서울특별시,일반판매,기타침구류,품질(물품/용역)
2024030085,2024-06-07,남자,50 - 59세,경기도,방문판매,이동전화서비스,계약해제.해지/위약금
2024030015,2024-06-07,남자,30 - 39세,인천광역시,국내온라인거래,헤드폰·이어폰,부당행위
2024030031,2024-06-07,여자,30 - 39세,서울특별시,기타,기타조리기기·기구,품질(물품/용역)
2024030037,2024-06-07,여자,20 - 29세,경기도,기타통신판매,국외여행,계약해제.해지/위약금
2024030074,2024-06-07,여자,50 - 59세,서울특별시,전화권유판매,인터넷정보이용서비스,계약해제.해지/위약금
2024025571,2024-06-07,남자,50 - 59세,경기도,국내온라인거래,운동화,품질(물품/용역)
2024029512,2024-06-07,여자,30 - 39세,서울특별시,국내온라인거래,스커트,품질(물품/용역)
2024028114,2024-06-07,남자,30 - 39세,경기도,일반판매,양복(서양식 의복)세탁,품질(물품/용역)
2024029973,2024-06-07,남자,20 - 29세,대전광역시,전화권유판매,성형외과,계약해제.해지/위약금
2024029975,2024-06-07,여자,40 - 49세,서울특별시,TV홈쇼핑,전기맛사지기,AS불만
2024029992,2024-06-07,남자,50 - 59세,경기도,일반판매,전기세탁기,품질(물품/용역)
2024029999,2024-06-07,여자,50 - 59세,경상남도,모바일거래,기타이·미용기구,계약불이행(불완전이행)
2024030003,2024-06-07,남자,50 - 59세,경기도,일반판매,대형승용자동차,계약불이행(불완전이행)
2024030006,2024-06-07,여자,40 - 49세,서울특별시,일반판매,산부인과,가격.요금
2024030008,2024-06-07,여자,50 - 59세,경기도,일반판매,캐주얼바지,품질(물품/용역)
2024030013,2024-06-07,여자,40 - 49세,경기도,일반판매,필라테스,계약해제.해지/위약금
2024030014,2024-06-07,여자,40 - 49세,경기도,국내온라인거래,식사배달,계약불이행(불완전이행)
2024030044,2024-06-07,여자,65 - 69세,경기도,일반판매,신경외과,품질(물품/용역)
2024030021,2024-06-07,남자,50 - 59세,경기도,기타,건강(암·기타질병)보험,계약불이행(불완전이행)
2024030022,2024-06-07,남자,40 - 49세,제주도,일반판매,카셰어링,부당행위
2024030047,2024-06-07,남자,70 - 79세,경기도,일반판매,정형외과,품질(물품/용역)
2024030066,2024-06-07,남자,40 - 49세,서울특별시,일반판매,자전거타이어,계약불이행(불완전이행)
2024030072,2024-06-07,여자,50 - 59세,서울특별시,기타,초고속인터넷,계약해제.해지/위약금
2024030082,2024-06-07,여자,20 - 29세,부산광역시,국내온라인거래,기타세탁서비스,약관
2024028627,2024-06-07,여자,40 - 49세,경상남도,일반판매,양복(서양식 의복)세탁,품질(물품/용역)
2024029486,2024-06-07,남자,30 - 39세,서울특별시,일반판매,양복(서양식 의복)세탁,품질(물품/용역)
2024029353,2024-06-07,남자,50 - 59세,인천광역시,국내온라인거래,니트(스웨터),품질(물품/용역)
2024028598,2024-06-07,여자,40 - 49세,울산광역시,국내온라인거래,니트(스웨터),품질(물품/용역)
2024021665,2024-06-07,여자,50 - 59세,경기도,일반판매,신발세탁,계약불이행(불완전이행)
2024023835,2024-06-07,여자,40 - 49세,부산광역시,일반판매,신발세탁,계약불이행(불완전이행)
2024026570,2024-06-07,남자,40 - 49세,경기도,일반판매,운동화,품질(물품/용역)
2024026633,2024-06-07,여자,40 - 49세,경상북도,일반판매,샌들·슬리퍼,품질(물품/용역)
2024029261,2024-06-07,여자,50 - 59세,서울특별시,일반판매,캐주얼바지,청약철회
2024029974,2024-06-07,여자,30 - 39세,경기도,국내온라인거래,통신기기케이스,품질(물품/용역)
2024029980,2024-06-07,남자,70 - 79세,경기도,전화권유판매,초고속인터넷,부당행위
2024029983,2024-06-07,남자,불명,경기도,일반판매,기타자동차부품,계약불이행(불완전이행)
2024026917,2024-06-07,남자,40 - 49세,경기도,국내온라인거래,사무용가방,품질(물품/용역)
2024029985,2024-06-07,남자,20 - 29세,대전광역시,일반판매,자동차대여(렌트),AS불만
2024027315,2024-06-07,여자,20 - 29세,경기도,국내온라인거래,점퍼·재킷류,품질(물품/용역)
2024027901,2024-06-07,남자,30 - 39세,경상북도,일반판매,양복(서양식 의복)세탁,품질(물품/용역)
2024030012,2024-06-07,여자,30 - 39세,서울특별시,일반판매,종합체육시설회원권,계약해제.해지/위약금
2024030043,2024-06-07,여자,70 - 79세,경기도,일반판매,한의원,품질(물품/용역)
2024029483,2024-06-07,여자,30 - 39세,대구광역시,국내온라인거래,티셔츠,품질(물품/용역)
2024030051,2024-06-07,남자,40 - 49세,서울특별시,일반판매,자동차대여(렌트),계약불이행(불완전이행)
2024030053,2024-06-07,남자,40 - 49세,부산광역시,일반판매,기타숙박시설,이자.수수료
2024030056,2024-06-07,남자,30 - 39세,경기도,국내온라인거래,항공여객운송서비스,청약철회
2024030060,2024-06-07,남자,30 - 39세,서울특별시,일반판매,기타세탁서비스,계약불이행(불완전이행)
2024030062,2024-06-07,여자,40 - 49세,서울특별시,TV홈쇼핑,전기보온밥솥,품질(물품/용역)
2024030077,2024-06-07,남자,30 - 39세,서울특별시,전화권유판매,기타매체광고,계약불이행(불완전이행)
2024030078,2024-06-07,여자,40 - 49세,서울특별시,국내온라인거래,이동전화서비스,계약해제.해지/위약금
2024030086,2024-06-07,여자,40 - 49세,경기도,일반판매,포장이사운송서비스,거래관행
2024027320,2024-06-07,여자,30 - 39세,충청남도,일반판매,원피스,품질(물품/용역)
2024025326,2024-06-07,남자,40 - 49세,대전광역시,일반판매,샌들·슬리퍼,품질(물품/용역)
2024029349,2024-06-07,여자,40 - 49세,경기도,국내온라인거래,점퍼·재킷류,품질(물품/용역)
2024029470,2024-06-07,여자,30 - 39세,서울특별시,일반판매,양복(서양식 의복)세탁,품질(물품/용역)
2024029583,2024-06-07,남자,40 - 49세,서울특별시,일반판매,코트,품질(물품/용역)
2024030080,2024-06-07,여자,20 - 29세,인천광역시,국내온라인거래,항공여객운송서비스,청약철회
2024026867,2024-06-07,남자,30 - 39세,경상남도,일반판매,양복(서양식 의복)세탁,품질(물품/용역)
2024027301,2024-06-07,남자,40 - 49세,세종특별자치시,일반판매,양복(서양식 의복)세탁,품질(물품/용역)
2024030179,2024-06-07,여자,40 - 49세,인천광역시,국내온라인거래,항공여객운송서비스,부당행위
2024030180,2024-06-07,남자,30 - 39세,경기도,국내온라인거래,각종공연관람,계약불이행(불완전이행)
2024030181,2024-06-07,남자,30 - 39세,대전광역시,국내온라인거래,매트,AS불만
2024030182,2024-06-07,여자,40 - 49세,광주광역시,방문판매,인터넷교육서비스,계약해제.해지/위약금
2024030183,2024-06-07,남자,10 - 19세,서울특별시,일반판매,독서실이용,계약해제.해지/위약금
2024030184,2024-06-07,여자,20 - 29세,서울특별시,국내온라인거래,각종공연관람,계약불이행(불완전이행)
2024030101,2024-06-07,여자,30 - 39세,인천광역시,일반판매,TV,안전(제품/시설)
2024030102,2024-06-07,여자,20 - 29세,경기도,방문판매,결혼준비대행서비스,계약해제.해지/위약금
2024030103,2024-06-07,남자,20 - 29세,서울특별시,국내온라인거래,기타컴퓨터·주변기기,청약철회
2024030104,2024-06-07,여자,30 - 39세,서울특별시,일반판매,헬스장,계약해제.해지/위약금
2024030105,2024-06-07,여자,10 - 19세,울산광역시,국내온라인거래,CD·LD·DVD(영화·음악·게임),계약불이행(불완전이행)
2024030106,2024-06-07,여자,30 - 39세,경상남도,전화권유판매,초고속인터넷,계약불이행(불완전이행)
2024030107,2024-06-07,남자,30 - 39세,경상남도,일반판매,외식,안전(제품/시설)
2024030108,2024-06-07,남자,40 - 49세,전라북도,기타,프린터,AS불만
2024030109,2024-06-07,여자,30 - 39세,서울특별시,국내온라인거래,기타의류·섬유,청약철회
2024030110,2024-06-07,남자,30 - 39세,경상남도,국내온라인거래,의자,품질(물품/용역)
2024030111,2024-06-07,남자,30 - 39세,경기도,국내온라인거래,기타조명기기,계약불이행(불완전이행)
2024030112,2024-06-07,남자,40 - 49세,부산광역시,소셜커머스(쇼핑),TV,청약철회
2024030113,2024-06-07,여자,20 - 29세,대전광역시,국내온라인거래,각종공연관람,계약불이행(불완전이행)
2024030114,2024-06-07,여자,20 - 29세,경기도,일반판매,헬스장,계약해제.해지/위약금
2024030115,2024-06-07,여자,10 - 19세,경기도,방문판매,미용서비스,AS불만
2024030116,2024-06-07,남자,50 - 59세,대구광역시,일반판매,기타음료,부당행위
2024030117,2024-06-07,여자,30 - 39세,부산광역시,국내온라인거래,숙녀화(구두·부츠 등),청약철회
2024030118,2024-06-07,남자,30 - 39세,서울특별시,소셜커머스(쇼핑),치약,부당행위
2024030119,2024-06-07,남자,40 - 49세,경기도,국내온라인거래,통신기기케이스,표시.광고
2024030120,2024-06-07,남자,40 - 49세,경기도,국내온라인거래,기타숙박시설,부당행위
2024030121,2024-06-07,남자,50 - 59세,경상남도,일반판매,룸에어컨,품질(물품/용역)
2024030122,2024-06-07,여자,30 - 39세,경기도,방문판매,종합체육시설회원권,계약해제.해지/위약금
2024030123,2024-06-07,남자,30 - 39세,울산광역시,국내온라인거래,각종공연관람,청약철회
2024030124,2024-06-07,여자,20 - 29세,경기도,국내온라인거래,기타이·미용서비스,계약해제.해지/위약금
2024030125,2024-06-07,남자,30 - 39세,인천광역시,국내온라인거래,기타숙박시설,계약불이행(불완전이행)
2024030126,2024-06-07,여자,30 - 39세,경기도,기타,자동차대여(렌트),부당행위
2024030127,2024-06-07,여자,40 - 49세,경기도,국내온라인거래,항공여객운송서비스,계약해제.해지/위약금
2024030128,2024-06-07,여자,20 - 29세,경기도,국내온라인거래,상추,안전(제품/시설)
2024030129,2024-06-07,남자,65 - 69세,경상북도,기타통신판매,포장이사운송서비스,계약불이행(불완전이행)
2024030130,2024-06-07,여자,40 - 49세,인천광역시,일반판매,헬스장,계약해제.해지/위약금
2024030131,2024-06-07,여자,50 - 59세,인천광역시,TV홈쇼핑,기타가사장비품,청약철회
2024030132,2024-06-07,남자,60 - 64세,부산광역시,국내온라인거래,카메라부품·용품,부당행위
2024030133,2024-06-07,여자,20 - 29세,경기도,방문판매,헬스장,계약해제.해지/위약금
2024030134,2024-06-07,여자,50 - 59세,충청남도,일반판매,기타숙박시설,계약해제.해지/위약금
2024030135,2024-06-07,여자,50 - 59세,경기도,TV홈쇼핑,안마의자,AS불만
2024030136,2024-06-07,남자,30 - 39세,경기도,일반판매,티셔츠,계약해제.해지/위약금
2024030137,2024-06-07,남자,30 - 39세,경기도,국내온라인거래,연극관람,계약불이행(불완전이행)
2024030138,2024-06-07,여자,20 - 29세,제주도,일반판매,헬스장,계약해제.해지/위약금
2024030139,2024-06-07,남자,40 - 49세,대구광역시,일반판매,항공여객운송서비스,부당행위
2024030140,2024-06-07,여자,20 - 29세,서울특별시,일반판매,스포츠시설이용,계약해제.해지/위약금
2024030141,2024-06-07,여자,40 - 49세,경기도,국내온라인거래,호텔,청약철회
2024030142,2024-06-07,여자,20 - 29세,서울특별시,국내온라인거래,항공여객운송서비스,계약해제.해지/위약금
2024030143,2024-06-07,남자,80세이상,서울특별시,일반판매,이동전화서비스,청약철회
2024030144,2024-06-07,여자,30 - 39세,전라북도,국내온라인거래,기타의류·섬유,청약철회
2024030145,2024-06-07,여자,30 - 39세,인천광역시,소셜커머스(쇼핑),전기충전기,품질(물품/용역)
2024030146,2024-06-07,여자,20 - 29세,경기도,일반판매,미용서비스,계약해제.해지/위약금
2024030147,2024-06-07,남자,30 - 39세,인천광역시,일반판매,안마의자,AS불만
2024030148,2024-06-07,여자,20 - 29세,서울특별시,일반판매,피부·체형관리서비스,계약해제.해지/위약금
2024030149,2024-06-07,여자,40 - 49세,서울특별시,모바일거래,국외여행,계약해제.해지/위약금
2024030150,2024-06-07,여자,40 - 49세,대구광역시,소셜커머스(쇼핑),티셔츠,청약철회
2024030151,2024-06-07,남자,50 - 59세,경기도,국내온라인거래,TV,청약철회
2024030152,2024-06-07,남자,20 - 29세,경기도,국내온라인거래,각종공연관람,계약불이행(불완전이행)
2024030153,2024-06-07,여자,20 - 29세,서울특별시,일반판매,헬스장,계약해제.해지/위약금
2024030154,2024-06-07,여자,20 - 29세,서울특별시,방문판매,헬스장,계약해제.해지/위약금
2024030155,2024-06-07,여자,20 - 29세,경기도,일반판매,헬스장,계약해제.해지/위약금
2024030156,2024-06-07,남자,30 - 39세,서울특별시,기타통신판매,상조서비스,계약해제.해지/위약금
2024030157,2024-06-07,남자,40 - 49세,경기도,국내온라인거래,기타컴퓨터·주변기기,계약불이행(불완전이행)
2024030158,2024-06-07,여자,40 - 49세,경기도,국내온라인거래,레저시설이용,계약해제.해지/위약금
2024030159,2024-06-07,여자,30 - 39세,세종특별자치시,국내온라인거래,기타신발·용품,계약불이행(불완전이행)
2024030160,2024-06-07,여자,30 - 39세,인천광역시,국내온라인거래,펜션,계약해제.해지/위약금
2024030161,2024-06-07,남자,20 - 29세,인천광역시,국내온라인거래,향수,부당행위
2024030162,2024-06-07,여자,20 - 29세,경기도,방문판매,헬스장,계약해제.해지/위약금
2024028431,2024-06-07,여자,40 - 49세,서울특별시,일반판매,양복(서양식 의복)세탁,품질(물품/용역)
2024029547,2024-06-07,남자,30 - 39세,대구광역시,일반판매,점퍼·재킷류,품질(물품/용역)
2024027321,2024-06-07,여자,30 - 39세,경기도,일반판매,양복(서양식 의복)세탁,품질(물품/용역)
2024028826,2024-06-07,여자,50 - 59세,서울특별시,일반판매,티셔츠,품질(물품/용역)
2024029276,2024-06-07,여자,40 - 49세,울산광역시,일반판매,양복(서양식 의복)세탁,품질(물품/용역)
2024027932,2024-06-07,남자,40 - 49세,경기도,일반판매,기타세탁서비스,품질(물품/용역)
2024030185,2024-06-07,여자,20 - 29세,대구광역시,국내온라인거래,여성용내의류,청약철회
2024030186,2024-06-07,남자,30 - 39세,경기도,국내온라인거래,스포츠웨어,청약철회
2024030187,2024-06-07,여자,60 - 64세,경기도,일반판매,미용서비스,계약해제.해지/위약금
2024030188,2024-06-07,여자,30 - 39세,강원특별자치도,일반판매,정수기대여(렌트),계약불이행(불완전이행)
2024030189,2024-06-07,남자,30 - 39세,서울특별시,일반판매,종합체육시설회원권,계약해제.해지/위약금
2024030190,2024-06-07,남자,20 - 29세,서울특별시,일반판매,헬스장,계약해제.해지/위약금
2024030191,2024-06-07,남자,20 - 29세,제주도,국내온라인거래,인터넷게임서비스,계약불이행(불완전이행)
2024030192,2024-06-07,여자,30 - 39세,경기도,일반판매,포장이사운송서비스,계약해제.해지/위약금
2024030193,2024-06-07,남자,40 - 49세,경기도,일반판매,초고속인터넷,이자.수수료
2024030194,2024-06-07,여자,30 - 39세,전라남도,국내온라인거래,냄비,청약철회
2024030195,2024-06-07,남자,30 - 39세,경기도,일반판매,헬스장,계약해제.해지/위약금
2024030196,2024-06-07,남자,20 - 29세,경기도,국내온라인거래,기타이·미용기구,단순문의.상담
2024030197,2024-06-07,남자,60 - 64세,서울특별시,일반판매,상품권,계약해제.해지/위약금
2024025271,2024-06-07,여자,40 - 49세,경기도,일반판매,운동화,품질(물품/용역)
2024025589,2024-06-07,여자,40 - 49세,경기도,일반판매,샌들·슬리퍼,품질(물품/용역)
2024027074,2024-06-07,여자,40 - 49세,부산광역시,일반판매,점퍼·재킷류,품질(물품/용역)
2024030198,2024-06-07,남자,50 - 59세,서울특별시,일반판매,잡지,계약해제.해지/위약금
2024030199,2024-06-07,남자,40 - 49세,대전광역시,일반판매,국내결혼중개,계약해제.해지/위약금
2024030200,2024-06-07,여자,30 - 39세,강원특별자치도,일반판매,고시원이용,계약해제.해지/위약금
2024030201,2024-06-07,여자,20 - 29세,경기도,일반판매,예식서비스,계약해제.해지/위약금
2024030202,2024-06-07,여자,30 - 39세,서울특별시,국내온라인거래,떡류,계약해제.해지/위약금
2024030203,2024-06-07,남자,30 - 39세,경기도,일반판매,스마트폰,품질(물품/용역)
2024030204,2024-06-07,여자,20 - 29세,서울특별시,모바일거래,믹서기,계약해제.해지/위약금
2024030205,2024-06-07,여자,30 - 39세,서울특별시,모바일거래,식사배달,계약불이행(불완전이행)
2024029518,2024-06-07,여자,40 - 49세,경기도,일반판매,양복(서양식 의복)세탁,품질(물품/용역)
2024028390,2024-06-07,남자,30 - 39세,경상북도,일반판매,티셔츠,품질(물품/용역)
2024029281,2024-06-07,여자,20 - 29세,전라남도,일반판매,양복(서양식 의복)세탁,품질(물품/용역)
2024030163,2024-06-07,여자,30 - 39세,부산광역시,기타,애완동·식물용품,계약해제.해지/위약금
2024030164,2024-06-07,남자,30 - 39세,대구광역시,방문판매,기타위생서비스,품질(물품/용역)
2024030165,2024-06-07,남자,65 - 69세,서울특별시,전화권유판매,기타알선·중개·번역서비스,부당행위
2024030166,2024-06-07,남자,40 - 49세,경기도,일반판매,전기다리미,품질(물품/용역)
2024030167,2024-06-07,여자,40 - 49세,울산광역시,방문판매,침대·매트리스대여(렌트),품질(물품/용역)
2024030168,2024-06-07,여자,40 - 49세,경상남도,기타,기타사설강습서비스,계약해제.해지/위약금
2024030169,2024-06-07,여자,20 - 29세,서울특별시,방문판매,헬스장,계약해제.해지/위약금
2024030170,2024-06-07,남자,30 - 39세,인천광역시,일반판매,"연회서비스(돌잔치,회갑 등)",계약해제.해지/위약금
2024030171,2024-06-07,남자,30 - 39세,경기도,일반판매,애완동물기타,계약해제.해지/위약금
2024030172,2024-06-07,여자,40 - 49세,부산광역시,일반판매,냄비,계약해제.해지/위약금
2024030173,2024-06-07,남자,30 - 39세,대전광역시,모바일거래,모바일정보이용서비스,품질(물품/용역)
2024030174,2024-06-07,남자,30 - 39세,서울특별시,소셜커머스(쇼핑),인터넷정보이용서비스,부당행위
2024030175,2024-06-07,남자,30 - 39세,서울특별시,국내온라인거래,항공여객운송서비스,계약해제.해지/위약금
2024030176,2024-06-07,남자,50 - 59세,서울특별시,일반판매,항공여객운송서비스,계약불이행(불완전이행)
2024030177,2024-06-07,남자,30 - 39세,서울특별시,일반판매,예식서비스,계약해제.해지/위약금
2024030178,2024-06-07,여자,40 - 49세,경기도,기타,항공여객운송서비스,계약해제.해지/위약금
2024030301,2024-06-08,여자,30 - 39세,경기도,국내온라인거래,침대,품질(물품/용역)
2024030302,2024-06-08,남자,60 - 64세,서울특별시,국내온라인거래,스마트폰,품질(물품/용역)
2024030303,2024-06-08,남자,20 - 29세,서울특별시,일반판매,일반강습(입시학원등),계약해제.해지/위약금
2024030304,2024-06-08,남자,20 - 29세,부산광역시,기타,전자게임기구,부당행위
2024030305,2024-06-08,여자,20 - 29세,경기도,기타,일반강습(입시학원등),계약해제.해지/위약금
2024030306,2024-06-08,남자,30 - 39세,서울특별시,국내온라인거래,기타미분류물품,AS불만
2024030307,2024-06-08,여자,30 - 39세,경기도,일반판매,의류수선,품질(물품/용역)
2024030308,2024-06-08,여자,40 - 49세,경기도,모바일거래,기타이·미용서비스,계약불이행(불완전이행)
2024030309,2024-06-08,남자,20 - 29세,경기도,일반판매,펜션,계약해제.해지/위약금
2024030310,2024-06-08,남자,65 - 69세,세종특별자치시,기타통신판매,초고속인터넷,부당채권추심
2024030311,2024-06-08,여자,40 - 49세,경상북도,국내온라인거래,티셔츠,청약철회
2024030312,2024-06-08,여자,40 - 49세,경기도,일반판매,변호서비스,계약해제.해지/위약금
2024030313,2024-06-08,여자,20 - 29세,인천광역시,국내온라인거래,각종공연관람,계약불이행(불완전이행)
2024030412,2024-06-09,남자,30 - 39세,서울특별시,일반판매,전기오븐,AS불만
2024030413,2024-06-09,여자,20 - 29세,경기도,모바일거래,항공여객운송서비스,계약해제.해지/위약금
2024030414,2024-06-09,남자,50 - 59세,서울특별시,국내온라인거래,냉장고,계약불이행(불완전이행)
2024030415,2024-06-09,여자,30 - 39세,인천광역시,국내온라인거래,캐주얼바지,품질(물품/용역)
2024030416,2024-06-09,여자,30 - 39세,충청남도,기타,예식서비스,계약해제.해지/위약금
2024030417,2024-06-09,여자,30 - 39세,대구광역시,일반판매,항공여객운송서비스,품질(물품/용역)
2024030418,2024-06-09,남자,30 - 39세,서울특별시,국내온라인거래,기타숙박시설,가격.요금
2024030401,2024-06-09,남자,20 - 29세,서울특별시,일반판매,전문스포츠화(축구화·골프화 등),품질(물품/용역)
2024030402,2024-06-09,남자,70 - 79세,경기도,기타통신판매,기타건강식품,청약철회
2024030403,2024-06-09,여자,40 - 49세,인천광역시,국내온라인거래,호텔,계약해제.해지/위약금
2024030404,2024-06-09,여자,30 - 39세,서울특별시,전화권유판매,인터넷교육서비스,청약철회
2024030405,2024-06-09,남자,40 - 49세,경기도,국내온라인거래,화장대,청약철회
2024030406,2024-06-09,여자,30 - 39세,경기도,국내온라인거래,기타의류·섬유,계약불이행(불완전이행)
2024030407,2024-06-09,남자,50 - 59세,강원특별자치도,일반판매,창호유리,품질(물품/용역)
2024030408,2024-06-09,남자,40 - 49세,서울특별시,국내온라인거래,식기세척기,청약철회
2024030409,2024-06-09,여자,40 - 49세,인천광역시,기타,냉장고,AS불만
2024030410,2024-06-09,여자,10 - 19세,경기도,기타,미용서비스,품질(물품/용역)
2024030411,2024-06-09,여자,20 - 29세,서울특별시,일반판매,피부·체형관리서비스,계약해제.해지/위약금
2024030428,2024-06-10,남자,불명,서울특별시,일반판매,공중목욕탕,안전(제품/시설)
2024030434,2024-06-10,여자,65 - 69세,광주광역시,기타,실손보험,계약불이행(불완전이행)
2024030470,2024-06-10,남자,70 - 79세,경기도,일반판매,유통시설이용,부당행위
2024030483,2024-06-10,여자,50 - 59세,경기도,모바일거래,티셔츠,계약불이행(불완전이행)
2024030571,2024-06-10,여자,30 - 39세,경기도,방문판매,의상대여(렌트),계약해제.해지/위약금
2024030499,2024-06-10,남자,30 - 39세,전라남도,일반판매,자동차수리·점검,품질(물품/용역)
2024030500,2024-06-10,여자,70 - 79세,경상남도,기타,상조서비스,계약해제.해지/위약금
2024030420,2024-06-10,여자,10 - 19세,서울특별시,기타통신판매,펜션,계약해제.해지/위약금
2024030536,2024-06-10,남자,50 - 59세,광주광역시,전화권유판매,상조서비스,청약철회
2024030541,2024-06-10,여자,30 - 39세,서울특별시,국내온라인거래,기타가구,청약철회
2024030429,2024-06-10,남자,60 - 64세,경기도,일반판매,기타위생서비스,계약불이행(불완전이행)
2024030435,2024-06-10,남자,30 - 39세,경기도,일반판매,기타스포츠·레저기구·용품,품질(물품/용역)
2024030546,2024-06-10,여자,30 - 39세,경기도,일반판매,"연회서비스(돌잔치,회갑 등)",계약해제.해지/위약금
2024030555,2024-06-10,여자,40 - 49세,대전광역시,소셜커머스(쇼핑),티셔츠,계약불이행(불완전이행)
2024030556,2024-06-10,남자,50 - 59세,경기도,일반판매,내과,품질(물품/용역)
2024030440,2024-06-10,남자,50 - 59세,인천광역시,기타통신판매,스마트폰,AS불만
2024030497,2024-06-10,여자,50 - 59세,서울특별시,전화권유판매,룸에어컨,부당행위
2024030512,2024-06-10,여자,40 - 49세,서울특별시,일반판매,미용서비스,품질(물품/용역)
2024030431,2024-06-10,남자,20 - 29세,경기도,일반판매,기타스포츠·레저기구·용품,품질(물품/용역)
2024030433,2024-06-10,여자,20 - 29세,서울특별시,일반판매,교통카드,부당행위
2024030436,2024-06-10,남자,30 - 39세,경기도,일반판매,안경·안경테,부당행위
2024030437,2024-06-10,여자,20 - 29세,서울특별시,일반판매,기타세탁서비스,품질(물품/용역)
2024030438,2024-06-10,여자,40 - 49세,서울특별시,기타,기타인테리어설비,계약불이행(불완전이행)
2024030445,2024-06-10,여자,40 - 49세,경기도,일반판매,떡류,계약불이행(불완전이행)
2024030446,2024-06-10,여자,30 - 39세,경기도,일반판매,전기오븐레인지,품질(물품/용역)
2024030451,2024-06-10,여자,20 - 29세,서울특별시,일반판매,피부·체형관리서비스,부당행위
2024030455,2024-06-10,여자,20 - 29세,경기도,국제온라인거래,호텔,청약철회
2024030458,2024-06-10,남자,50 - 59세,충청북도,국내온라인거래,책장·서가,품질(물품/용역)
2024030475,2024-06-10,여자,40 - 49세,경기도,전화권유판매,사진촬영,계약해제.해지/위약금
2024030479,2024-06-10,남자,50 - 59세,대구광역시,TV홈쇼핑,기타자동차용품,품질(물품/용역)
2024030482,2024-06-10,남자,50 - 59세,경기도,일반판매,차량네비게이션(자동항법장치),AS불만
2024030484,2024-06-10,여자,30 - 39세,경기도,일반판매,신사복세트,계약해제.해지/위약금
2024030501,2024-06-10,여자,30 - 39세,부산광역시,일반판매,각종자격취득강습,부당행위
2024030502,2024-06-10,여자,40 - 49세,광주광역시,일반판매,실손보험,계약불이행(불완전이행)
2024030503,2024-06-10,남자,30 - 39세,경상북도,국내온라인거래,기타서적음반류,품질(물품/용역)
2024030508,2024-06-10,남자,30 - 39세,대구광역시,국내온라인거래,보석·귀금속,청약철회
2024030516,2024-06-10,여자,50 - 59세,서울특별시,방문판매,연금보험,계약불이행(불완전이행)
2024030517,2024-06-10,남자,40 - 49세,서울특별시,국내온라인거래,자동차대여(렌트),품질(물품/용역)
2024030522,2024-06-10,여자,50 - 59세,경기도,전화권유판매,모바일정보이용서비스,계약해제.해지/위약금
2024030525,2024-06-10,여자,20 - 29세,경기도,일반판매,기타일반화장품,계약불이행(불완전이행)
2024030423,2024-06-10,여자,30 - 39세,경기도,일반판매,필라테스,계약불이행(불완전이행)
2024030432,2024-06-10,여자,40 - 49세,경상북도,국내온라인거래,전기진공청소기,표시.광고
2024030441,2024-06-10,남자,30 - 39세,인천광역시,일반판매,자동차수리·점검,품질(물품/용역)
2024030447,2024-06-10,남자,30 - 39세,서울특별시,일반판매,중형승용자동차,AS불만
2024030449,2024-06-10,남자,60 - 64세,서울특별시,일반판매,유사투자자문,계약해제.해지/위약금
2024030450,2024-06-10,여자,50 - 59세,부산광역시,일반판매,한의원,품질(물품/용역)
2024030476,2024-06-10,여자,불명,부산광역시,일반판매,필라테스,계약해제.해지/위약금
2024030478,2024-06-10,남자,40 - 49세,경기도,기타,건강(암·기타질병)보험,계약불이행(불완전이행)
2024030514,2024-06-10,남자,65 - 69세,울산광역시,국내온라인거래,국외여행,계약불이행(불완전이행)
2024030527,2024-06-10,여자,30 - 39세,부산광역시,기타통신판매,상조서비스,계약해제.해지/위약금
2024030528,2024-06-10,여자,65 - 69세,서울특별시,모바일거래,신용카드,부당행위
2024030540,2024-06-10,여자,50 - 59세,전라북도,일반판매,아파트,AS불만
2024030552,2024-06-10,남자,30 - 39세,서울특별시,국내온라인거래,전문스포츠화(축구화·골프화 등),이자.수수료
2024030548,2024-06-10,남자,30 - 39세,경기도,방문판매,미분류대여(렌트),부당행위
2024030557,2024-06-10,남자,20 - 29세,경기도,국내온라인거래,보석·귀금속,청약철회
2024030558,2024-06-10,남자,80세이상,서울특별시,일반판매,건강(암·기타질병)보험,계약불이행(불완전이행)
2024030472,2024-06-10,남자,30 - 39세,경기도,일반판매,자동차세차,품질(물품/용역)
2024030474,2024-06-10,여자,30 - 39세,서울특별시,일반판매,필라테스,계약불이행(불완전이행)
2024030485,2024-06-10,남자,30 - 39세,대구광역시,일반판매,헬스장,계약해제.해지/위약금
2024030510,2024-06-10,여자,50 - 59세,서울특별시,일반판매,애완동물기타,계약해제.해지/위약금
2024030568,2024-06-10,남자,50 - 59세,인천광역시,전화권유판매,초고속인터넷,계약불이행(불완전이행)
2024030570,2024-06-10,여자,30 - 39세,세종특별자치시,일반판매,사진촬영,계약해제.해지/위약금
2024030425,2024-06-10,남자,40 - 49세,광주광역시,일반판매,자동차수리·점검,품질(물품/용역)
2024030461,2024-06-10,여자,50 - 59세,경기도,방문판매,대문,계약불이행(불완전이행)
2024028417,2024-06-10,여자,50 - 59세,대구광역시,일반판매,핸드백,품질(물품/용역)
2024030464,2024-06-10,여자,50 - 59세,부산광역시,국내온라인거래,인터넷정보이용서비스,계약해제.해지/위약금
2024030468,2024-06-10,남자,30 - 39세,서울특별시,전화권유판매,국내결혼중개,계약해제.해지/위약금
2024030575,2024-06-10,여자,40 - 49세,경기도,일반판매,기타인테리어설비,계약불이행(불완전이행)
2024030576,2024-06-10,남자,30 - 39세,서울특별시,기타,자격시험기타,계약불이행(불완전이행)
2024030577,2024-06-10,남자,40 - 49세,인천광역시,소셜커머스(쇼핑),기타가구,청약철회
2024030578,2024-06-10,여자,30 - 39세,경상북도,국내온라인거래,원피스,청약철회
2024030579,2024-06-10,여자,20 - 29세,경기도,소셜커머스(쇼핑),각종공연관람,계약불이행(불완전이행)
2024030580,2024-06-10,여자,30 - 39세,충청남도,일반판매,룸에어컨,품질(물품/용역)
2024030582,2024-06-10,남자,40 - 49세,전라북도,일반판매,호텔,단순문의.상담
2024030583,2024-06-10,남자,20 - 29세,대전광역시,일반판매,헬스장,계약해제.해지/위약금
2024030584,2024-06-10,여자,30 - 39세,인천광역시,일반판매,헬스장,계약해제.해지/위약금
2024030585,2024-06-10,여자,20 - 29세,대구광역시,국내온라인거래,각종공연관람,계약해제.해지/위약금
2024030586,2024-06-10,여자,20 - 29세,광주광역시,국내온라인거래,샌들·슬리퍼,청약철회
2024030587,2024-06-10,여자,40 - 49세,서울특별시,국내온라인거래,여성용내의류,청약철회
2024030588,2024-06-10,여자,30 - 39세,충청남도,국내온라인거래,기타미분류서비스,청약철회
2024030589,2024-06-10,남자,50 - 59세,경기도,기타,기타주거관리설비,계약불이행(불완전이행)
2024030590,2024-06-10,남자,20 - 29세,서울특별시,국내온라인거래,각종공연관람,계약불이행(불완전이행)
2024030591,2024-06-10,여자,30 - 39세,경기도,일반판매,산후조리원,계약해제.해지/위약금
2024030592,2024-06-10,남자,40 - 49세,서울특별시,국내온라인거래,기타조명기기,계약불이행(불완전이행)
2024030593,2024-06-10,여자,20 - 29세,서울특별시,국내온라인거래,기타식품류,계약불이행(불완전이행)
2024030594,2024-06-10,여자,40 - 49세,서울특별시,국내온라인거래,각종공연관람,계약불이행(불완전이행)
2024030595,2024-06-10,여자,40 - 49세,울산광역시,기타,기타사설강습서비스,계약해제.해지/위약금
2024030596,2024-06-10,남자,50 - 59세,제주도,일반판매,헬스장,청약철회
2024030597,2024-06-10,여자,30 - 39세,경기도,일반판매,기타가구,품질(물품/용역)
2024030598,2024-06-10,남자,30 - 39세,세종특별자치시,모바일거래,항공여객운송서비스,표시.광고
2024030599,2024-06-10,여자,20 - 29세,경기도,국내온라인거래,기타통신기기,부당행위
2024030600,2024-06-10,남자,20 - 29세,서울특별시,국제온라인거래,항공여객운송서비스,청약철회
2024030601,2024-06-10,여자,30 - 39세,부산광역시,국내온라인거래,유아용교재,부당행위
2024030602,2024-06-10,여자,20 - 29세,대구광역시,방문판매,사진촬영,계약해제.해지/위약금
2024030603,2024-06-10,여자,20 - 29세,경기도,국내온라인거래,이불·요,계약불이행(불완전이행)
2024030604,2024-06-10,여자,40 - 49세,충청북도,일반판매,시스템에어컨,계약불이행(불완전이행)
2024030605,2024-06-10,남자,40 - 49세,서울특별시,국내온라인거래,"OTT서비스(넷플릭스,왓챠 등)",계약해제.해지/위약금
2024030606,2024-06-10,여자,20 - 29세,서울특별시,국내온라인거래,각종공연관람,계약불이행(불완전이행)
2024030607,2024-06-10,남자,30 - 39세,대구광역시,국내온라인거래,기타스포츠·레저기구·용품,품질(물품/용역)
2024030608,2024-06-10,남자,20 - 29세,서울특별시,국내온라인거래,각종공연관람,계약불이행(불완전이행)
2024030609,2024-06-10,남자,40 - 49세,서울특별시,일반판매,정수기대여(렌트),품질(물품/용역)
2024030610,2024-06-10,여자,40 - 49세,경기도,일반판매,룸에어컨,품질(물품/용역)
2024030611,2024-06-10,여자,30 - 39세,부산광역시,국내온라인거래,모자,계약불이행(불완전이행)
2024030612,2024-06-10,여자,40 - 49세,인천광역시,방문판매,이불·요,품질(물품/용역)
2024030613,2024-06-10,남자,40 - 49세,서울특별시,일반판매,피부·체형관리서비스,계약불이행(불완전이행)
2024030614,2024-06-10,여자,50 - 59세,경기도,TV홈쇼핑,금속그릇,품질(물품/용역)
2024030615,2024-06-10,남자,30 - 39세,경기도,기타,정수기대여(렌트),품질(물품/용역)
2024030616,2024-06-10,여자,20 - 29세,서울특별시,일반판매,침대,계약해제.해지/위약금
2024030617,2024-06-10,여자,40 - 49세,서울특별시,국내온라인거래,스포츠웨어,계약불이행(불완전이행)
2024030618,2024-06-10,남자,40 - 49세,경기도,일반판매,포장이사운송서비스,품질(물품/용역)
2024030619,2024-06-10,여자,50 - 59세,인천광역시,국내온라인거래,호텔,품질(물품/용역)
2024030620,2024-06-10,여자,50 - 59세,충청남도,TV홈쇼핑,공기청정기,품질(물품/용역)
2024030621,2024-06-10,여자,20 - 29세,경기도,국내온라인거래,각종공연관람,계약해제.해지/위약금
2024030622,2024-06-10,남자,20 - 29세,경기도,국내온라인거래,각종공연관람,계약해제.해지/위약금
2024030623,2024-06-10,여자,30 - 39세,강원특별자치도,국내온라인거래,비타민제,청약철회
2024030624,2024-06-10,남자,30 - 39세,인천광역시,일반판매,종합체육시설회원권,계약해제.해지/위약금
2024030625,2024-06-10,남자,50 - 59세,대구광역시,전화권유판매,인터넷정보이용서비스,청약철회
2024030626,2024-06-10,남자,30 - 39세,서울특별시,일반판매,예식서비스,단순문의.상담
2024030627,2024-06-10,여자,30 - 39세,서울특별시,일반판매,산후조리원,계약해제.해지/위약금
2024030628,2024-06-10,남자,60 - 64세,경기도,국내온라인거래,싱크대,품질(물품/용역)
2024030629,2024-06-10,여자,30 - 39세,전라남도,국제온라인거래,각종공연관람,청약철회
2024030630,2024-06-10,여자,30 - 39세,강원특별자치도,방문판매,인터넷교육서비스,계약해제.해지/위약금
2024030631,2024-06-10,여자,30 - 39세,경기도,국내온라인거래,애완동·식물용품,계약해제.해지/위약금
2024030632,2024-06-10,남자,40 - 49세,경기도,기타,헬스장,청약철회
2024030581,2024-06-10,남자,20 - 29세,서울특별시,일반판매,헬스장,계약해제.해지/위약금
2024030633,2024-06-10,남자,40 - 49세,경기도,방문판매,소파,청약철회
2024030634,2024-06-10,남자,20 - 29세,광주광역시,국내온라인거래,헤드폰·이어폰,AS불만
2024030635,2024-06-10,여자,30 - 39세,서울특별시,일반판매,미용서비스,품질(물품/용역)
2024030636,2024-06-10,여자,50 - 59세,충청북도,국내온라인거래,기타사설강습서비스,품질(물품/용역)
2024030637,2024-06-10,남자,40 - 49세,경상남도,국내온라인거래,모바일게임서비스,청약철회
2024030638,2024-06-10,여자,20 - 29세,경기도,국내온라인거래,니트(스웨터),청약철회
2024030639,2024-06-10,여자,20 - 29세,서울특별시,일반판매,기타사설강습서비스,계약해제.해지/위약금
2024030640,2024-06-10,여자,20 - 29세,서울특별시,국내온라인거래,각종공연관람,계약해제.해지/위약금
2024030641,2024-06-10,여자,65 - 69세,대구광역시,전화권유판매,국내결혼중개,계약해제.해지/위약금
2024030642,2024-06-10,여자,20 - 29세,서울특별시,국내온라인거래,각종공연관람,계약해제.해지/위약금
2024030643,2024-06-10,여자,30 - 39세,경기도,방문판매,헬스장,계약해제.해지/위약금
2024030644,2024-06-10,남자,40 - 49세,제주도,일반판매,태양열온수기,AS불만
2024030645,2024-06-10,남자,65 - 69세,경기도,일반판매,국내여행,계약해제.해지/위약금
2024030646,2024-06-10,남자,50 - 59세,경기도,일반판매,기타조리기기·기구,품질(물품/용역)
2024030647,2024-06-10,여자,20 - 29세,부산광역시,일반판매,항공여객운송서비스,계약불이행(불완전이행)
2024030648,2024-06-10,여자,20 - 29세,경기도,국내온라인거래,각종공연관람,계약해제.해지/위약금
2024030649,2024-06-10,남자,30 - 39세,서울특별시,일반판매,택배화물운송서비스,계약불이행(불완전이행)
2024030650,2024-06-10,여자,30 - 39세,경기도,기타통신판매,여행용가방,청약철회
2024030651,2024-06-10,여자,20 - 29세,서울특별시,일반판매,헬스장,계약해제.해지/위약금
2024030652,2024-06-10,여자,40 - 49세,서울특별시,국내온라인거래,선글라스,품질(물품/용역)
2024030653,2024-06-10,여자,20 - 29세,강원특별자치도,일반판매,헬스장,계약해제.해지/위약금
2024030654,2024-06-10,남자,40 - 49세,경기도,국내온라인거래,각종공연관람,계약불이행(불완전이행)
2024030655,2024-06-10,여자,40 - 49세,경상남도,일반판매,기타이동통신,계약불이행(불완전이행)
2024030656,2024-06-10,여자,40 - 49세,서울특별시,일반판매,미용서비스,품질(물품/용역)
2024030657,2024-06-10,여자,20 - 29세,충청남도,기타,애완견,안전(제품/시설)
2024030658,2024-06-10,남자,30 - 39세,서울특별시,국내온라인거래,셔츠,청약철회
2024030659,2024-06-10,여자,20 - 29세,인천광역시,일반판매,필라테스,계약불이행(불완전이행)
2024030660,2024-06-10,남자,20 - 29세,서울특별시,방문판매,헬스장,계약해제.해지/위약금
2024030661,2024-06-10,여자,40 - 49세,대전광역시,기타,이동전화서비스,청약철회
2024030662,2024-06-10,남자,30 - 39세,경기도,국내온라인거래,낚시용품,청약철회
2024030663,2024-06-10,여자,30 - 39세,경기도,일반판매,예식서비스,계약해제.해지/위약금
2024030664,2024-06-10,여자,40 - 49세,전라남도,기타,시스템에어컨,AS불만
2024030665,2024-06-10,여자,30 - 39세,경기도,국내온라인거래,기타숙박시설,계약해제.해지/위약금
2024030666,2024-06-10,남자,30 - 39세,경기도,국내온라인거래,작동완구,청약철회
2024030667,2024-06-10,여자,50 - 59세,경기도,일반판매,스마트폰,AS불만
2024030668,2024-06-10,여자,30 - 39세,경기도,일반판매,필라테스,계약해제.해지/위약금
2024030669,2024-06-10,여자,20 - 29세,서울특별시,방문판매,보석·귀금속,청약철회
2024030670,2024-06-10,여자,20 - 29세,서울특별시,일반판매,이동전화서비스,가격.요금
2024030671,2024-06-10,여자,20 - 29세,서울특별시,일반판매,헬스장,계약해제.해지/위약금
2024030672,2024-06-10,여자,30 - 39세,경기도,국내온라인거래,스커트,가격.요금
2024030673,2024-06-10,남자,20 - 29세,부산광역시,국내온라인거래,티셔츠,부당행위
2024030674,2024-06-10,여자,20 - 29세,경기도,국내온라인거래,각종공연관람,계약불이행(불완전이행)
2024030675,2024-06-10,여자,20 - 29세,경기도,국내온라인거래,각종공연관람,계약불이행(불완전이행)
2024030676,2024-06-10,여자,30 - 39세,세종특별자치시,국내온라인거래,각종공연관람,계약불이행(불완전이행)
2024030677,2024-06-10,여자,30 - 39세,충청남도,일반판매,건물청소서비스,계약불이행(불완전이행)
2024030678,2024-06-10,여자,40 - 49세,부산광역시,일반판매,기타음식관련서비스,품질(물품/용역)
2024030679,2024-06-10,여자,65 - 69세,서울특별시,모바일거래,국외여행,계약해제.해지/위약금
2024030680,2024-06-10,여자,30 - 39세,경기도,일반판매,기타사설강습서비스,계약해제.해지/위약금
2024030681,2024-06-10,남자,40 - 49세,인천광역시,일반판매,외식,품질(물품/용역)
2024030682,2024-06-10,여자,30 - 39세,경기도,소셜커머스(쇼핑),기타의류·섬유,청약철회
2024030683,2024-06-10,남자,20 - 29세,경기도,국내온라인거래,각종공연관람,계약해제.해지/위약금
2024030684,2024-06-10,여자,20 - 29세,경기도,국내온라인거래,기타사설강습서비스,계약해제.해지/위약금
2024030685,2024-06-10,여자,30 - 39세,서울특별시,국내온라인거래,식사배달,계약해제.해지/위약금
2024030686,2024-06-10,여자,20 - 29세,인천광역시,일반판매,헬스장,계약해제.해지/위약금
2024030687,2024-06-10,여자,20 - 29세,경기도,모바일거래,각종공연관람,계약해제.해지/위약금
2024030688,2024-06-10,남자,30 - 39세,서울특별시,기타,식사배달,계약불이행(불완전이행)
2024030689,2024-06-10,여자,20 - 29세,부산광역시,국내온라인거래,CD·LD·DVD(영화·음악·게임),계약불이행(불완전이행)
2024030690,2024-06-10,남자,40 - 49세,서울특별시,일반판매,김치냉장고,부당행위
2024030691,2024-06-10,여자,30 - 39세,서울특별시,국내온라인거래,스포츠웨어,청약철회
2024030424,2024-06-10,남자,50 - 59세,경상북도,국내온라인거래,전기자전거,품질(물품/용역)
2024030439,2024-06-10,여자,20 - 29세,경기도,일반판매,피부·체형관리서비스,부당행위
2024030448,2024-06-10,여자,20 - 29세,서울특별시,모바일거래,건물청소서비스,부당행위
2024029544,2024-06-10,여자,30 - 39세,서울특별시,일반판매,기타세탁서비스,품질(물품/용역)
2024030513,2024-06-10,남자,60 - 64세,경기도,일반판매,자동차대여(렌트),계약불이행(불완전이행)
2024030463,2024-06-10,여자,30 - 39세,경기도,기타통신판매,아이스크림,계약불이행(불완전이행)
2024030521,2024-06-10,여자,30 - 39세,경기도,일반판매,기타문화·오락시설이용,부당행위
2024030529,2024-06-10,여자,50 - 59세,서울특별시,일반판매,기타주거관리설비,AS불만
2024030554,2024-06-10,남자,60 - 64세,경상북도,국제온라인거래,기타자동차부품,품질(물품/용역)
2024030563,2024-06-10,여자,30 - 39세,세종특별자치시,일반판매,예식서비스,계약해제.해지/위약금
2024030566,2024-06-10,남자,20 - 29세,대구광역시,모바일거래,인터넷정보이용서비스,계약해제.해지/위약금
2024030426,2024-06-10,남자,30 - 39세,인천광역시,일반판매,기타서적음반류,청약철회
2024030539,2024-06-10,남자,20 - 29세,서울특별시,모바일거래,미분류컨설팅(자문),계약불이행(불완전이행)
2024030542,2024-06-10,남자,30 - 39세,서울특별시,일반판매,기타승용차,계약해제.해지/위약금
2024030551,2024-06-10,남자,20 - 29세,서울특별시,일반판매,애완견,청약철회
2024030559,2024-06-10,남자,불명,경상남도,국내온라인거래,콘도,표시.광고
2024030562,2024-06-10,여자,30 - 39세,경기도,국내온라인거래,방석,품질(물품/용역)
2024030496,2024-06-10,여자,50 - 59세,대구광역시,일반판매,기타이·미용서비스,약관
2024030520,2024-06-10,남자,40 - 49세,충청북도,일반판매,침대·매트리스대여(렌트),AS불만
2024030524,2024-06-10,남자,20 - 29세,인천광역시,국내온라인거래,인터넷교육서비스,부당행위
2024030526,2024-06-10,여자,20 - 29세,서울특별시,일반판매,헬스장,계약해제.해지/위약금
2024030530,2024-06-10,남자,30 - 39세,경기도,일반판매,피부·체형관리서비스,계약해제.해지/위약금
2024030532,2024-06-10,남자,30 - 39세,경기도,일반판매,통신기기주변장치,안전(제품/시설)
2024030535,2024-06-10,여자,20 - 29세,대전광역시,국제온라인거래,항공여객운송서비스,청약철회
2024030543,2024-06-10,여자,65 - 69세,충청남도,일반판매,상해보험,계약불이행(불완전이행)
2024030561,2024-06-10,남자,30 - 39세,인천광역시,국내온라인거래,포장이사운송서비스,품질(물품/용역)
2024030456,2024-06-10,여자,30 - 39세,서울특별시,국내온라인거래,기타숙박시설,청약철회
2024030459,2024-06-10,여자,40 - 49세,경기도,국내온라인거래,호텔,계약해제.해지/위약금
2024030480,2024-06-10,남자,50 - 59세,서울특별시,일반판매,중형승용자동차,계약불이행(불완전이행)
2024030481,2024-06-10,여자,80세이상,충청남도,방문판매,건강(암·기타질병)보험,계약해제.해지/위약금
2024030492,2024-06-10,여자,70 - 79세,부산광역시,일반판매,이동전화서비스,부당행위
2024030498,2024-06-10,남자,40 - 49세,충청남도,기타통신판매,기타자동차부품,품질(물품/용역)
2024030572,2024-06-10,여자,65 - 69세,경상남도,기타,경비·관리서비스,계약해제.해지/위약금
2024030422,2024-06-10,남자,30 - 39세,경기도,일반판매,자동차수리·점검,AS불만
2024030430,2024-06-10,남자,50 - 59세,경상남도,일반판매,타이어,계약불이행(불완전이행)
2024030442,2024-06-10,여자,30 - 39세,대전광역시,일반판매,헬스장,계약해제.해지/위약금
2024030454,2024-06-10,여자,40 - 49세,경기도,일반판매,전기세탁기,품질(물품/용역)
2024030460,2024-06-10,남자,60 - 64세,부산광역시,전화권유판매,유사투자자문,계약불이행(불완전이행)
2024029760,2024-06-10,여자,40 - 49세,서울특별시,일반판매,양복(서양식 의복)세탁,품질(물품/용역)
2024028343,2024-06-10,여자,불명,경상남도,일반판매,스포츠웨어,품질(물품/용역)
2024029525,2024-06-10,여자,30 - 39세,경기도,일반판매,양복(서양식 의복)세탁,품질(물품/용역)
2024030489,2024-06-10,남자,65 - 69세,부산광역시,일반판매,실손보험,계약불이행(불완전이행)
2024030505,2024-06-10,남자,50 - 59세,경기도,국내온라인거래,텐트,품질(물품/용역)
2024030523,2024-06-10,남자,50 - 59세,서울특별시,전화권유판매,유사투자자문,계약해제.해지/위약금
2024030534,2024-06-10,여자,20 - 29세,인천광역시,일반판매,한의원,품질(물품/용역)
2024030545,2024-06-10,남자,60 - 64세,경상남도,일반판매,전기자전거,AS불만
2024030569,2024-06-10,남자,30 - 39세,경기도,일반판매,국내결혼중개,계약해제.해지/위약금
2024030573,2024-06-10,남자,40 - 49세,서울특별시,국내온라인거래,운동화,계약불이행(불완전이행)
2024030694,2024-06-11,여자,30 - 39세,경기도,국내온라인거래,숙녀화(구두·부츠 등),계약불이행(불완전이행)
2024030699,2024-06-11,남자,40 - 49세,경기도,기타,헬스장,계약해제.해지/위약금
2024030706,2024-06-11,남자,30 - 39세,대구광역시,기타,고시원이용,계약해제.해지/위약금
2024030724,2024-06-11,남자,60 - 64세,대전광역시,기타,이동전화서비스,부당행위
2024030696,2024-06-11,여자,20 - 29세,서울특별시,일반판매,필라테스,계약해제.해지/위약금
2024030715,2024-06-11,남자,65 - 69세,서울특별시,일반판매,공제보험,계약불이행(불완전이행)
2024030725,2024-06-11,남자,20 - 29세,대구광역시,국내온라인거래,기타숙박시설,청약철회
2024030735,2024-06-11,남자,50 - 59세,경상남도,일반판매,상조서비스,계약해제.해지/위약금
2024030769,2024-06-11,여자,20 - 29세,대구광역시,국내온라인거래,미용서비스,계약해제.해지/위약금
2024030772,2024-06-11,여자,30 - 39세,경기도,국내온라인거래,캐주얼바지,청약철회
2024030774,2024-06-11,여자,60 - 64세,대전광역시,기타,실손보험,단순문의.상담
2024030799,2024-06-11,남자,40 - 49세,광주광역시,국내온라인거래,자동차대여(렌트),계약불이행(불완전이행)
2024030807,2024-06-11,남자,불명,경상북도,국내온라인거래,꽃·화초·화환,계약불이행(불완전이행)
2024030805,2024-06-11,여자,40 - 49세,서울특별시,국내온라인거래,기타문화·오락시설이용,계약해제.해지/위약금
2024030803,2024-06-11,남자,60 - 64세,서울특별시,일반판매,이동전화서비스,가격.요금
2024030707,2024-06-11,여자,30 - 39세,충청남도,국내온라인거래,각종공연관람,계약불이행(불완전이행)
2024030739,2024-06-11,남자,20 - 29세,경기도,일반판매,헬스장,계약해제.해지/위약금
2024030692,2024-06-11,남자,65 - 69세,대전광역시,일반판매,고구마,품질(물품/용역)
2024030693,2024-06-11,여자,50 - 59세,서울특별시,일반판매,자동차대여(렌트),부당행위
2024030703,2024-06-11,여자,70 - 79세,서울특별시,기타,기타주거관리설비,AS불만
2024030713,2024-06-11,여자,40 - 49세,서울특별시,국내온라인거래,선풍기,계약불이행(불완전이행)
2024030719,2024-06-11,남자,40 - 49세,부산광역시,기타,정수기대여(렌트),품질(물품/용역)
2024030723,2024-06-11,남자,30 - 39세,서울특별시,모바일거래,모바일정보이용서비스,청약철회
2024030733,2024-06-11,남자,40 - 49세,대구광역시,기타,운명감정서비스,계약불이행(불완전이행)
2024030736,2024-06-11,여자,70 - 79세,전라남도,일반판매,미용서비스,품질(물품/용역)
2024030746,2024-06-11,여자,20 - 29세,경기도,일반판매,헬스장,계약해제.해지/위약금
2024030752,2024-06-11,여자,40 - 49세,서울특별시,국내온라인거래,커피,계약불이행(불완전이행)
2024030753,2024-06-11,여자,40 - 49세,서울특별시,일반판매,일반강습(입시학원등),계약해제.해지/위약금
2024030792,2024-06-11,여자,불명,인천광역시,국내온라인거래,매트,품질(물품/용역)
2024030809,2024-06-11,남자,30 - 39세,서울특별시,일반판매,의상대여(렌트),계약해제.해지/위약금
2024030695,2024-06-11,여자,60 - 64세,경기도,일반판매,포장이사운송서비스,품질(물품/용역)
2024030711,2024-06-11,남자,30 - 39세,서울특별시,국내온라인거래,각종공연관람,계약불이행(불완전이행)
2024030717,2024-06-11,남자,65 - 69세,경기도,TV홈쇼핑,국외여행,품질(물품/용역)
2024030754,2024-06-11,여자,30 - 39세,서울특별시,국내온라인거래,의상대여(렌트),계약불이행(불완전이행)
2024030759,2024-06-11,여자,30 - 39세,서울특별시,일반판매,캐주얼바지,청약철회
2024030771,2024-06-11,여자,65 - 69세,서울특별시,일반판매,건강(암·기타질병)보험,계약불이행(불완전이행)
2024030778,2024-06-11,여자,60 - 64세,경기도,일반판매,기타인테리어설비,품질(물품/용역)
2024030879,2024-06-11,여자,20 - 29세,서울특별시,국내온라인거래,각종공연관람,계약해제.해지/위약금
2024030880,2024-06-11,여자,50 - 59세,서울특별시,국내온라인거래,각종공연관람,계약불이행(불완전이행)
2024030881,2024-06-11,여자,20 - 29세,경상북도,방문판매,테니스장스쿼시회원권,계약해제.해지/위약금
2024030882,2024-06-11,여자,20 - 29세,서울특별시,모바일거래,인터넷교육서비스,계약해제.해지/위약금
2024030883,2024-06-11,남자,30 - 39세,전라남도,일반판매,선글라스,품질(물품/용역)
2024030884,2024-06-11,남자,20 - 29세,경상북도,일반판매,예식서비스,계약해제.해지/위약금
2024030885,2024-06-11,남자,65 - 69세,서울특별시,일반판매,식탁,청약철회
2024030886,2024-06-11,여자,30 - 39세,대구광역시,국내온라인거래,보석·귀금속,계약불이행(불완전이행)
2024030712,2024-06-11,남자,20 - 29세,경기도,일반판매,기타미분류서비스,계약불이행(불완전이행)
2024030720,2024-06-11,여자,30 - 39세,서울특별시,국내온라인거래,기타가사용품,품질(물품/용역)
2024030887,2024-06-11,여자,20 - 29세,서울특별시,국내온라인거래,각종공연관람,계약해제.해지/위약금
2024030888,2024-06-11,여자,20 - 29세,경기도,일반판매,기타이·미용서비스,안전(제품/시설)
2024030889,2024-06-11,여자,40 - 49세,서울특별시,방문판매,헬스장,계약해제.해지/위약금
2024030890,2024-06-11,여자,40 - 49세,부산광역시,기타,신발세탁,품질(물품/용역)
2024030891,2024-06-11,여자,40 - 49세,경기도,일반판매,헬스장,계약해제.해지/위약금
2024030892,2024-06-11,남자,40 - 49세,대전광역시,방문판매,콘도회원권,계약해제.해지/위약금
2024030893,2024-06-11,남자,30 - 39세,서울특별시,국내온라인거래,각종공연관람,계약불이행(불완전이행)
2024030894,2024-06-11,여자,40 - 49세,서울특별시,일반판매,항공여객운송서비스,계약불이행(불완전이행)
2024030895,2024-06-11,남자,30 - 39세,경기도,소셜커머스(쇼핑),선어(생선),품질(물품/용역)
2024030705,2024-06-11,남자,60 - 64세,경기도,일반판매,기타자동차부품,품질(물품/용역)
2024030716,2024-06-11,여자,60 - 64세,서울특별시,일반판매,미분류컨설팅(자문),계약불이행(불완전이행)
2024030722,2024-06-11,남자,50 - 59세,서울특별시,일반판매,노트북컴퓨터,품질(물품/용역)
2024030727,2024-06-11,남자,20 - 29세,제주도,국내온라인거래,인터넷교육서비스,계약해제.해지/위약금
2024030741,2024-06-11,남자,50 - 59세,부산광역시,일반판매,변호서비스,계약불이행(불완전이행)
2024030747,2024-06-11,여자,30 - 39세,경기도,일반판매,건강(암·기타질병)보험,계약불이행(불완전이행)
2024030742,2024-06-11,여자,20 - 29세,경기도,모바일거래,"연회서비스(돌잔치,회갑 등)",계약해제.해지/위약금
2024030743,2024-06-11,여자,60 - 64세,강원특별자치도,일반판매,음식물처리기대여(렌트),품질(물품/용역)
2024030758,2024-06-11,남자,30 - 39세,경기도,모바일거래,피자,표시.광고
2024030760,2024-06-11,남자,30 - 39세,서울특별시,기타통신판매,기타이동통신,거래관행
2024030761,2024-06-11,여자,40 - 49세,경상남도,일반판매,보석·귀금속,계약불이행(불완전이행)
2024030764,2024-06-11,여자,60 - 64세,서울특별시,일반판매,필라테스,계약해제.해지/위약금
2024030767,2024-06-11,여자,30 - 39세,제주도,국내온라인거래,"OTT서비스(넷플릭스,왓챠 등)",가격.요금
2024030773,2024-06-11,여자,20 - 29세,경기도,국내온라인거래,각종공연관람,계약해제.해지/위약금
2024030775,2024-06-11,여자,50 - 59세,경기도,국내온라인거래,항공여객운송서비스,계약해제.해지/위약금
2024030780,2024-06-11,여자,30 - 39세,인천광역시,일반판매,원피스,청약철회
2024030783,2024-06-11,남자,30 - 39세,경기도,기타,초고속인터넷,계약불이행(불완전이행)
2024030787,2024-06-11,여자,30 - 39세,경상북도,국내온라인거래,소파,청약철회
2024030796,2024-06-11,여자,40 - 49세,광주광역시,기타,제조물·생산및영업배상보험,부당행위
2024030802,2024-06-11,남자,70 - 79세,경상남도,일반판매,신경외과,품질(물품/용역)
2024030896,2024-06-11,여자,40 - 49세,대구광역시,소셜커머스(쇼핑),기타의자류,품질(물품/용역)
2024030897,2024-06-11,남자,20 - 29세,부산광역시,국내온라인거래,각종공연관람,청약철회
2024030898,2024-06-11,여자,30 - 39세,경기도,국내온라인거래,레포츠장비대여(렌트),부당행위
2024030899,2024-06-11,남자,65 - 69세,전라북도,국내온라인거래,룸에어컨,품질(물품/용역)
2024030900,2024-06-11,남자,20 - 29세,서울특별시,일반판매,사진촬영,청약철회
2024030901,2024-06-11,남자,20 - 29세,충청남도,국내온라인거래,전기요,안전(제품/시설)
2024030902,2024-06-11,여자,20 - 29세,경기도,국내온라인거래,호텔,계약해제.해지/위약금
2024029545,2024-06-11,남자,70 - 79세,제주도,일반판매,점퍼·재킷류,품질(물품/용역)
2024030903,2024-06-11,남자,30 - 39세,경상북도,국내온라인거래,그라인더,품질(물품/용역)
2024030904,2024-06-11,남자,30 - 39세,서울특별시,일반판매,미용서비스,계약불이행(불완전이행)
2024030905,2024-06-11,여자,30 - 39세,울산광역시,국내온라인거래,각종공연관람,청약철회
2024030906,2024-06-11,남자,50 - 59세,광주광역시,일반판매,외식,품질(물품/용역)
2024030907,2024-06-11,여자,20 - 29세,서울특별시,일반판매,헬스장,계약해제.해지/위약금
2024030908,2024-06-11,여자,20 - 29세,울산광역시,국내온라인거래,각종공연관람,청약철회
2024030909,2024-06-11,여자,30 - 39세,경기도,일반판매,기타빵·과자류,품질(물품/용역)
2024030910,2024-06-11,여자,30 - 39세,경기도,국내온라인거래,각종공연관람,계약해제.해지/위약금
2024030911,2024-06-11,여자,20 - 29세,서울특별시,일반판매,미용서비스,AS불만
2024030912,2024-06-11,남자,30 - 39세,서울특별시,국내온라인거래,기타취미용품,계약불이행(불완전이행)
2024030913,2024-06-11,여자,30 - 39세,전라남도,국내온라인거래,각종공연관람,청약철회
2024030914,2024-06-11,여자,20 - 29세,인천광역시,일반판매,예식서비스,계약불이행(불완전이행)
2024030915,2024-06-11,여자,30 - 39세,서울특별시,소셜커머스(쇼핑),프라이팬,품질(물품/용역)
2024030916,2024-06-11,여자,20 - 29세,서울특별시,모바일거래,모바일게임서비스,청약철회
2024030917,2024-06-11,여자,60 - 64세,경상남도,국내온라인거래,기타정보이용서비스,계약해제.해지/위약금
2024030918,2024-06-11,여자,30 - 39세,경기도,방문판매,헬스장,계약해제.해지/위약금
2024030919,2024-06-11,여자,30 - 39세,경상남도,국내온라인거래,기타컴퓨터·주변기기,청약철회
2024030920,2024-06-11,남자,60 - 64세,경기도,일반판매,우유,품질(물품/용역)
2024030810,2024-06-11,여자,50 - 59세,경기도,국내온라인거래,원피스,청약철회
2024030811,2024-06-11,여자,40 - 49세,서울특별시,국내온라인거래,인터넷교육서비스,계약해제.해지/위약금
2024030812,2024-06-11,여자,30 - 39세,울산광역시,국내온라인거래,이불·침대커버,품질(물품/용역)
2024030813,2024-06-11,여자,50 - 59세,서울특별시,국내온라인거래,항공여객운송서비스,계약해제.해지/위약금
2024030814,2024-06-11,여자,65 - 69세,서울특별시,전화권유판매,기타정보이용서비스,계약해제.해지/위약금
2024030815,2024-06-11,남자,30 - 39세,서울특별시,국내온라인거래,기타문화·오락시설이용,계약불이행(불완전이행)
2024030816,2024-06-11,여자,30 - 39세,서울특별시,국내온라인거래,각종공연관람,계약불이행(불완전이행)
2024030817,2024-06-11,남자,40 - 49세,경기도,국내온라인거래,의자,청약철회
2024030818,2024-06-11,남자,50 - 59세,대구광역시,전화권유판매,오피스텔,계약해제.해지/위약금
2024030819,2024-06-11,여자,40 - 49세,경기도,일반판매,미용서비스,청약철회
2024030820,2024-06-11,남자,30 - 39세,경기도,일반판매,미분류대여(렌트),계약불이행(불완전이행)
2024030821,2024-06-11,여자,30 - 39세,서울특별시,일반판매,택배화물운송서비스,품질(물품/용역)
2024030822,2024-06-11,남자,40 - 49세,전라남도,국내온라인거래,버터,품질(물품/용역)
2024030823,2024-06-11,남자,40 - 49세,경기도,국내온라인거래,항공여객운송서비스,계약해제.해지/위약금
2024030824,2024-06-11,여자,30 - 39세,울산광역시,국내온라인거래,가운·잠옷류,청약철회
2024030825,2024-06-11,여자,20 - 29세,충청남도,방문판매,헬스장,계약해제.해지/위약금
2024030921,2024-06-11,남자,60 - 64세,경상북도,일반판매,국외여행,부당행위
2024030922,2024-06-11,남자,40 - 49세,대구광역시,일반판매,침대,품질(물품/용역)
2024030923,2024-06-11,남자,30 - 39세,대구광역시,전화권유판매,초고속인터넷,계약불이행(불완전이행)
2024030924,2024-06-11,남자,50 - 59세,서울특별시,국내온라인거래,레저시설이용,계약불이행(불완전이행)
2024030925,2024-06-11,여자,30 - 39세,인천광역시,전화권유판매,미분류컨설팅(자문),부당행위
2024030926,2024-06-11,여자,20 - 29세,서울특별시,국내온라인거래,각종공연관람,계약불이행(불완전이행)
2024030927,2024-06-11,여자,20 - 29세,광주광역시,국내온라인거래,각종공연관람,청약철회
2024030928,2024-06-11,여자,30 - 39세,전라북도,기타,기타교육서비스,계약해제.해지/위약금
2024030929,2024-06-11,여자,50 - 59세,경기도,TV홈쇼핑,사과,표시.광고
2024030930,2024-06-11,여자,40 - 49세,경기도,일반판매,샴푸,가격.요금
2024030931,2024-06-11,여자,20 - 29세,서울특별시,국내온라인거래,기타부엌소모품,청약철회
2024030932,2024-06-11,여자,40 - 49세,경기도,일반판매,포장이사운송서비스,계약불이행(불완전이행)
2024030933,2024-06-11,남자,30 - 39세,경기도,기타통신판매,기타알선·중개·번역서비스,청약철회
2024030934,2024-06-11,남자,20 - 29세,전라남도,국내온라인거래,각종공연관람,청약철회
2024030935,2024-06-11,여자,50 - 59세,서울특별시,일반판매,필라테스,계약해제.해지/위약금
2024030936,2024-06-11,여자,20 - 29세,전라북도,국제온라인거래,기타숙박시설,계약해제.해지/위약금
2024030937,2024-06-11,여자,20 - 29세,경기도,국내온라인거래,각종공연관람,계약해제.해지/위약금
2024030938,2024-06-11,여자,40 - 49세,서울특별시,국내온라인거래,거울,계약해제.해지/위약금
2024030826,2024-06-11,남자,30 - 39세,서울특별시,일반판매,헬스장,약관
2024030827,2024-06-11,남자,50 - 59세,경상북도,국내온라인거래,프린터,청약철회
2024030828,2024-06-11,여자,60 - 64세,부산광역시,일반판매,옷장,품질(물품/용역)
2024030829,2024-06-11,여자,40 - 49세,인천광역시,국내온라인거래,통신기기케이스,AS불만
2024030830,2024-06-11,남자,30 - 39세,인천광역시,소셜커머스(쇼핑),마우스,AS불만
2024030831,2024-06-11,여자,40 - 49세,대구광역시,일반판매,정수기,계약해제.해지/위약금
2024030832,2024-06-11,남자,20 - 29세,경기도,일반판매,양복(서양식 의복)세탁,품질(물품/용역)
2024030833,2024-06-11,여자,20 - 29세,경상북도,국내온라인거래,각종공연관람,계약불이행(불완전이행)
2024030834,2024-06-11,여자,30 - 39세,인천광역시,국내온라인거래,각종공연관람,계약해제.해지/위약금
2024030835,2024-06-11,남자,20 - 29세,서울특별시,모바일거래,철도여객운송서비스,계약해제.해지/위약금
2024030836,2024-06-11,남자,40 - 49세,서울특별시,국내온라인거래,기타자동차용품,품질(물품/용역)
2024030837,2024-06-11,여자,20 - 29세,경기도,일반판매,피부·체형관리서비스,계약해제.해지/위약금
2024030838,2024-06-11,여자,20 - 29세,경기도,국내온라인거래,기타문화·오락시설이용,계약해제.해지/위약금
2024030839,2024-06-11,여자,40 - 49세,서울특별시,일반판매,헬스장,계약해제.해지/위약금
2024030840,2024-06-11,남자,40 - 49세,대전광역시,기타,골프회원권,계약해제.해지/위약금
2024030841,2024-06-11,여자,50 - 59세,서울특별시,국내온라인거래,응접테이블,청약철회
2024030842,2024-06-11,여자,40 - 49세,경기도,국내온라인거래,서랍장,품질(물품/용역)
2024030939,2024-06-11,남자,50 - 59세,경기도,일반판매,장작,안전(제품/시설)
2024030940,2024-06-11,여자,30 - 39세,광주광역시,일반판매,예식서비스,계약해제.해지/위약금
2024030941,2024-06-11,남자,20 - 29세,서울특별시,국내온라인거래,각종공연관람,계약불이행(불완전이행)
2024030942,2024-06-11,여자,20 - 29세,울산광역시,일반판매,각종공연관람,청약철회
2024030943,2024-06-11,여자,20 - 29세,대전광역시,일반판매,예식서비스,계약해제.해지/위약금
2024030944,2024-06-11,여자,40 - 49세,경기도,기타,기타사설강습서비스,계약해제.해지/위약금
2024030945,2024-06-11,여자,30 - 39세,서울특별시,국내온라인거래,퍼스널컴퓨터,계약불이행(불완전이행)
2024030946,2024-06-11,여자,30 - 39세,서울특별시,국내온라인거래,인터넷교육서비스,계약해제.해지/위약금
2024030947,2024-06-11,여자,20 - 29세,경기도,국내온라인거래,기타가사서비스,품질(물품/용역)
2024030948,2024-06-11,여자,40 - 49세,경기도,국내온라인거래,호텔,계약해제.해지/위약금
2024030949,2024-06-11,여자,20 - 29세,서울특별시,국내온라인거래,국외여행,계약해제.해지/위약금
2024030950,2024-06-11,여자,65 - 69세,서울특별시,국내온라인거래,각종공연관람,계약해제.해지/위약금
2024030951,2024-06-11,여자,40 - 49세,경기도,국내온라인거래,각종공연관람,계약불이행(불완전이행)
2024030952,2024-06-11,남자,40 - 49세,서울특별시,일반판매,필라테스,계약해제.해지/위약금
2024030953,2024-06-11,남자,60 - 64세,인천광역시,일반판매,자동차대여(렌트),계약해제.해지/위약금
2024030954,2024-06-11,여자,40 - 49세,부산광역시,일반판매,여성용내의류,품질(물품/용역)
2024030955,2024-06-11,여자,50 - 59세,경기도,일반판매,각종자격취득강습,계약해제.해지/위약금
2024030956,2024-06-11,여자,40 - 49세,경기도,일반판매,기타위생서비스,품질(물품/용역)
2024030957,2024-06-11,남자,20 - 29세,서울특별시,기타통신판매,레저시설이용,청약철회
2024030843,2024-06-11,남자,40 - 49세,서울특별시,기타통신판매,스마트폰,거래관행
2024030844,2024-06-11,여자,40 - 49세,전라북도,모바일거래,기타신발·용품,계약불이행(불완전이행)
2024030845,2024-06-11,남자,30 - 39세,서울특별시,일반판매,헬스장,계약해제.해지/위약금
2024030846,2024-06-11,여자,30 - 39세,인천광역시,일반판매,헬스장,계약해제.해지/위약금
2024030847,2024-06-11,여자,30 - 39세,광주광역시,국내온라인거래,기타의류·섬유,청약철회
2024030848,2024-06-11,남자,20 - 29세,인천광역시,국내온라인거래,기타의료용구,청약철회
2024030849,2024-06-11,여자,20 - 29세,인천광역시,전화권유판매,헬스장,계약해제.해지/위약금
2024030850,2024-06-11,남자,70 - 79세,경상북도,전화권유판매,기타매체광고,가격.요금
2024030851,2024-06-11,여자,30 - 39세,경상북도,일반판매,기타금융상품,계약불이행(불완전이행)
2024030852,2024-06-11,남자,20 - 29세,인천광역시,국내온라인거래,각종공연관람,계약해제.해지/위약금
2024030853,2024-06-11,여자,30 - 39세,서울특별시,국내온라인거래,각종공연관람,계약불이행(불완전이행)
2024030854,2024-06-11,남자,30 - 39세,광주광역시,국내온라인거래,인터넷정보이용서비스,계약불이행(불완전이행)
2024030855,2024-06-11,여자,50 - 59세,전라북도,TV홈쇼핑,노트북컴퓨터,청약철회
2024030856,2024-06-11,남자,20 - 29세,서울특별시,국내온라인거래,영화관람,계약불이행(불완전이행)
2024030857,2024-06-11,남자,20 - 29세,서울특별시,국내온라인거래,각종공연관람,계약해제.해지/위약금
2024030858,2024-06-11,남자,50 - 59세,서울특별시,기타,포장이사운송서비스,계약불이행(불완전이행)
2024030859,2024-06-11,남자,20 - 29세,부산광역시,일반판매,헬스장,계약해제.해지/위약금
2024030860,2024-06-11,남자,20 - 29세,인천광역시,국내온라인거래,"OTT서비스(넷플릭스,왓챠 등)",청약철회
2024030861,2024-06-11,여자,30 - 39세,전라남도,모바일거래,핸드백,계약불이행(불완전이행)
2024030862,2024-06-11,남자,20 - 29세,서울특별시,국내온라인거래,각종공연관람,계약불이행(불완전이행)
2024030863,2024-06-11,남자,20 - 29세,서울특별시,국내온라인거래,각종공연관람,계약불이행(불완전이행)
2024030864,2024-06-11,여자,40 - 49세,부산광역시,모바일거래,기타사설강습서비스,계약해제.해지/위약금
2024030865,2024-06-11,여자,40 - 49세,부산광역시,일반판매,기타음료,안전(제품/시설)
2024030866,2024-06-11,여자,30 - 39세,부산광역시,소셜커머스(쇼핑),보조배터리,청약철회
2024030867,2024-06-11,남자,30 - 39세,인천광역시,기타,예식서비스,계약해제.해지/위약금
2024030868,2024-06-11,남자,40 - 49세,경상남도,방문판매,섀시설비,계약해제.해지/위약금
2024030869,2024-06-11,여자,20 - 29세,경상북도,일반판매,예식서비스,계약해제.해지/위약금
2024030870,2024-06-11,여자,40 - 49세,서울특별시,일반판매,안마의자,품질(물품/용역)
2024030871,2024-06-11,여자,20 - 29세,부산광역시,국내온라인거래,기타가방,부당행위
2024030872,2024-06-11,남자,30 - 39세,서울특별시,일반판매,기타세탁서비스,품질(물품/용역)
2024030873,2024-06-11,여자,30 - 39세,경기도,국내온라인거래,냉장고,품질(물품/용역)
2024030874,2024-06-11,여자,40 - 49세,대구광역시,TV홈쇼핑,음식물처리기대여(렌트),부당채권추심
2024030875,2024-06-11,남자,30 - 39세,인천광역시,일반판매,예식서비스,계약해제.해지/위약금
2024030876,2024-06-11,남자,20 - 29세,서울특별시,일반판매,기타이동통신,계약불이행(불완전이행)
2024030877,2024-06-11,여자,10세 미만,서울특별시,기타,"OTT서비스(넷플릭스,왓챠 등)",청약철회
2024030878,2024-06-11,남자,20 - 29세,서울특별시,국내온라인거래,정수기대여(렌트),계약불이행(불완전이행)
2024030702,2024-06-11,여자,20 - 29세,경기도,국내온라인거래,서랍장,품질(물품/용역)
2024030730,2024-06-11,여자,20 - 29세,서울특별시,일반판매,헬스장,계약해제.해지/위약금
2024030708,2024-06-11,여자,60 - 64세,전라남도,일반판매,치과,계약해제.해지/위약금
2024030710,2024-06-11,남자,40 - 49세,경기도,일반판매,독서실이용,계약해제.해지/위약금
2024030726,2024-06-11,여자,50 - 59세,경기도,일반판매,실손보험,약관
2024030729,2024-06-11,남자,50 - 59세,대구광역시,국내온라인거래,기타숙박시설,계약해제.해지/위약금
2024030731,2024-06-11,여자,30 - 39세,경기도,일반판매,실손보험,계약불이행(불완전이행)
2024030779,2024-06-11,남자,60 - 64세,경상북도,일반판매,자동차수리·점검,부당행위
2024030738,2024-06-11,여자,40 - 49세,경기도,국내온라인거래,냉장고,계약불이행(불완전이행)
2024030745,2024-06-11,남자,40 - 49세,서울특별시,일반판매,헬스장,계약해제.해지/위약금
2024030755,2024-06-11,여자,30 - 39세,서울특별시,국내온라인거래,세무서비스,계약불이행(불완전이행)
2024030762,2024-06-11,남자,30 - 39세,서울특별시,방문판매,결혼준비대행서비스,계약해제.해지/위약금
2024030763,2024-06-11,여자,20 - 29세,부산광역시,일반판매,필라테스,계약해제.해지/위약금
2024030768,2024-06-11,남자,50 - 59세,서울특별시,일반판매,중형승용자동차,AS불만
2024030782,2024-06-11,남자,70 - 79세,전라남도,기타통신판매,이동전화서비스,청약철회
2024030788,2024-06-11,여자,20 - 29세,경기도,국내온라인거래,기타정보이용서비스,품질(물품/용역)
2024030789,2024-06-11,남자,50 - 59세,충청남도,일반판매,상해보험,계약불이행(불완전이행)
2024030790,2024-06-11,여자,60 - 64세,경기도,일반판매,초고속인터넷,계약해제.해지/위약금
2024030793,2024-06-11,남자,20 - 29세,경상남도,기타,각종자격취득강습,계약해제.해지/위약금
2024030801,2024-06-11,남자,65 - 69세,충청북도,일반판매,차량네비게이션(자동항법장치),AS불만
2024030804,2024-06-11,여자,20 - 29세,경기도,모바일거래,기타사설강습서비스,계약해제.해지/위약금
2024030806,2024-06-11,여자,60 - 64세,인천광역시,기타,종신보험,계약불이행(불완전이행)
2024030808,2024-06-11,남자,20 - 29세,경기도,소셜커머스(쇼핑),와이퍼,품질(물품/용역)
2024030776,2024-06-11,여자,40 - 49세,서울특별시,일반판매,택배화물운송서비스,계약불이행(불완전이행)
2024030777,2024-06-11,여자,30 - 39세,서울특별시,국내온라인거래,모자,품질(물품/용역)
2024030798,2024-06-11,남자,30 - 39세,대구광역시,일반판매,식탁,AS불만
2024030718,2024-06-11,여자,40 - 49세,경기도,일반판매,선글라스,품질(물품/용역)
2024030721,2024-06-11,여자,20 - 29세,경기도,국내온라인거래,베개,계약불이행(불완전이행)
2024030987,2024-06-12,여자,20 - 29세,서울특별시,일반판매,헬스장,계약해제.해지/위약금
2024031017,2024-06-12,여자,20 - 29세,경기도,국내온라인거래,모자,청약철회
2024031021,2024-06-12,남자,40 - 49세,울산광역시,일반판매,정형외과,품질(물품/용역)
2024031063,2024-06-12,여자,50 - 59세,서울특별시,일반판매,이동전화서비스,부당행위
2024030083,2024-06-12,여자,40 - 49세,부산광역시,일반판매,양복(서양식 의복)세탁,품질(물품/용역)
2024031065,2024-06-12,여자,50 - 59세,서울특별시,일반판매,보석·귀금속,품질(물품/용역)
2024031070,2024-06-12,여자,30 - 39세,인천광역시,모바일거래,카셰어링,부당행위
2024031074,2024-06-12,남자,40 - 49세,대전광역시,방문판매,콘도회원권,계약해제.해지/위약금
2024031076,2024-06-12,여자,30 - 39세,세종특별자치시,국내온라인거래,어패류젓갈,계약불이행(불완전이행)
2024031081,2024-06-12,여자,60 - 64세,서울특별시,TV홈쇼핑,음식물처리기대여(렌트),AS불만
2024030994,2024-06-12,여자,40 - 49세,경기도,국내온라인거래,기타재봉·세탁·청소용품,품질(물품/용역)
2024030997,2024-06-12,남자,30 - 39세,서울특별시,방문판매,헬스장,계약해제.해지/위약금
2024031023,2024-06-12,여자,20 - 29세,전라남도,소셜커머스(쇼핑),앞치마,청약철회
2024030958,2024-06-12,여자,40 - 49세,경기도,소셜커머스(쇼핑),모자,청약철회
2024031044,2024-06-12,남자,40 - 49세,서울특별시,소셜커머스(쇼핑),기타자동차용품,AS불만
2024030961,2024-06-12,남자,50 - 59세,부산광역시,국내온라인거래,일반자전거,AS불만
2024030965,2024-06-12,남자,40 - 49세,대전광역시,국내온라인거래,식사배달,품질(물품/용역)
2024031039,2024-06-12,남자,20 - 29세,서울특별시,모바일거래,기타음향기기,청약철회
2024031045,2024-06-12,여자,40 - 49세,경기도,기타통신판매,미분류대여(렌트),계약해제.해지/위약금
2024031046,2024-06-12,여자,30 - 39세,서울특별시,소셜커머스(쇼핑),각종공연관람,계약불이행(불완전이행)
2024031050,2024-06-12,남자,70 - 79세,경상북도,기타,기타주거관리설비,품질(물품/용역)
2024031051,2024-06-12,남자,70 - 79세,경상북도,국내온라인거래,국외여행,계약해제.해지/위약금
2024031056,2024-06-12,남자,50 - 59세,인천광역시,일반판매,축전지,품질(물품/용역)
2024031067,2024-06-12,남자,70 - 79세,인천광역시,국내온라인거래,인터넷정보이용서비스,계약해제.해지/위약금
2024031160,2024-06-12,남자,40 - 49세,경기도,기타,음식물처리기대여(렌트),AS불만
2024031161,2024-06-12,여자,40 - 49세,부산광역시,일반판매,포장이사운송서비스,계약불이행(불완전이행)
2024031191,2024-06-12,여자,30 - 39세,경기도,국내온라인거래,각종공연관람,계약해제.해지/위약금
2024031192,2024-06-12,남자,30 - 39세,서울특별시,국제온라인거래,호텔,계약해제.해지/위약금
2024031210,2024-06-12,여자,30 - 39세,서울특별시,일반판매,헬스장,계약해제.해지/위약금
2024031211,2024-06-12,남자,40 - 49세,충청북도,일반판매,보증보험,약관
2024031232,2024-06-12,여자,30 - 39세,경기도,국내온라인거래,선풍기,청약철회
2024031233,2024-06-12,남자,30 - 39세,경상남도,국내온라인거래,기타완구·인형,부당행위
2024031055,2024-06-12,남자,30 - 39세,서울특별시,일반판매,아파트,표시.광고
2024031057,2024-06-12,여자,60 - 64세,대전광역시,국내온라인거래,다이어트식품,계약해제.해지/위약금
2024031106,2024-06-12,남자,30 - 39세,경상남도,일반판매,파마약,품질(물품/용역)
2024031107,2024-06-12,여자,20 - 29세,서울특별시,일반판매,각종공연관람,계약해제.해지/위약금
2024031162,2024-06-12,남자,50 - 59세,인천광역시,일반판매,도어록,AS불만
2024031163,2024-06-12,여자,30 - 39세,서울특별시,국내온라인거래,기타가방,청약철회
2024031234,2024-06-12,여자,30 - 39세,인천광역시,소셜커머스(쇼핑),기타일반화장품,청약철회
2024031108,2024-06-12,여자,20 - 29세,경기도,국내온라인거래,각종공연관람,계약해제.해지/위약금
2024031109,2024-06-12,남자,30 - 39세,서울특별시,일반판매,헬스장,계약해제.해지/위약금
2024031110,2024-06-12,여자,50 - 59세,전라북도,기타,기타숙박시설,계약해제.해지/위약금
2024031164,2024-06-12,남자,30 - 39세,경기도,기타,정수기대여(렌트),AS불만
2024031165,2024-06-12,여자,20 - 29세,서울특별시,방문판매,헬스장,계약해제.해지/위약금
2024030959,2024-06-12,남자,40 - 49세,경기도,국내온라인거래,기타미분류서비스,부당행위
2024030967,2024-06-12,남자,30 - 39세,강원특별자치도,국내온라인거래,항공여객운송서비스,계약해제.해지/위약금
2024031235,2024-06-12,여자,20 - 29세,인천광역시,국내온라인거래,여성용내의류,청약철회
2024031068,2024-06-12,여자,30 - 39세,서울특별시,모바일거래,모바일정보이용서비스,품질(물품/용역)
2024031069,2024-06-12,여자,30 - 39세,인천광역시,일반판매,전자게임기구,AS불만
2024031111,2024-06-12,남자,30 - 39세,경상남도,국내온라인거래,사진촬영,청약철회
2024031112,2024-06-12,여자,20 - 29세,충청남도,일반판매,영어자격(능력)시험,계약해제.해지/위약금
2024031166,2024-06-12,남자,30 - 39세,경기도,일반판매,예식서비스,계약해제.해지/위약금
2024031167,2024-06-12,남자,30 - 39세,부산광역시,국내온라인거래,티셔츠,청약철회
2024031193,2024-06-12,여자,40 - 49세,서울특별시,일반판매,택배화물운송서비스,청약철회
2024031194,2024-06-12,남자,10 - 19세,광주광역시,방문판매,헬스장,계약해제.해지/위약금
2024030969,2024-06-12,여자,30 - 39세,충청북도,국내온라인거래,각종공연관람,계약불이행(불완전이행)
2024031236,2024-06-12,여자,20 - 29세,부산광역시,일반판매,쌀,계약불이행(불완전이행)
2024031078,2024-06-12,남자,50 - 59세,경기도,국내온라인거래,신사화(구두·부츠 등),청약철회
2024031113,2024-06-12,남자,40 - 49세,서울특별시,국내온라인거래,기타취미용품,청약철회
2024031114,2024-06-12,여자,20 - 29세,인천광역시,국내온라인거래,숙녀화(구두·부츠 등),청약철회
2024031168,2024-06-12,여자,20 - 29세,서울특별시,방문판매,헬스장,계약해제.해지/위약금
2024031169,2024-06-12,남자,40 - 49세,충청남도,일반판매,식탁,품질(물품/용역)
2024031195,2024-06-12,남자,40 - 49세,서울특별시,일반판매,신발세탁,품질(물품/용역)
2024031196,2024-06-12,여자,40 - 49세,경기도,모바일거래,기타정보이용서비스,가격.요금
2024031011,2024-06-12,여자,20 - 29세,서울특별시,소셜커머스(쇼핑),각종공연관람,계약해제.해지/위약금
2024031013,2024-06-12,여자,30 - 39세,경기도,일반판매,피부·체형관리서비스,계약해제.해지/위약금
2024031085,2024-06-12,여자,30 - 39세,서울특별시,모바일거래,각종공연관람,계약불이행(불완전이행)
2024031086,2024-06-12,여자,20 - 29세,전라남도,모바일거래,각종공연관람,청약철회
2024031115,2024-06-12,남자,40 - 49세,충청남도,모바일거래,각종자격취득강습,계약해제.해지/위약금
2024031116,2024-06-12,남자,30 - 39세,서울특별시,일반판매,포장이사운송서비스,계약불이행(불완전이행)
2024031135,2024-06-12,여자,30 - 39세,서울특별시,방문판매,기타이·미용서비스,계약해제.해지/위약금
2024031136,2024-06-12,여자,40 - 49세,서울특별시,국내온라인거래,태블릿PC,청약철회
2024031137,2024-06-12,남자,20 - 29세,경기도,국내온라인거래,면도용크림,품질(물품/용역)
2024031138,2024-06-12,여자,40 - 49세,서울특별시,기타,기타식품류,품질(물품/용역)
2024031170,2024-06-12,여자,20 - 29세,서울특별시,모바일거래,각종공연관람,계약불이행(불완전이행)
2024031171,2024-06-12,여자,20 - 29세,경기도,방문판매,헬스장,계약해제.해지/위약금
2024031212,2024-06-12,남자,30 - 39세,서울특별시,국내온라인거래,운동화,품질(물품/용역)
2024031213,2024-06-12,여자,30 - 39세,경기도,국내온라인거래,음식물처리기,AS불만
2024031087,2024-06-12,여자,40 - 49세,전라북도,소셜커머스(쇼핑),기타건강식품,계약불이행(불완전이행)
2024031088,2024-06-12,여자,40 - 49세,서울특별시,국내온라인거래,캐주얼바지,표시.광고
2024031117,2024-06-12,남자,40 - 49세,강원특별자치도,국내온라인거래,기타이·미용기구,청약철회
2024031118,2024-06-12,여자,20 - 29세,경기도,모바일거래,각종공연관람,계약해제.해지/위약금
2024031139,2024-06-12,남자,50 - 59세,대전광역시,일반판매,골프용품,품질(물품/용역)
2024031140,2024-06-12,남자,20 - 29세,서울특별시,일반판매,기타이동통신,부당행위
2024031172,2024-06-12,남자,20 - 29세,경기도,국내온라인거래,각종공연관람,계약불이행(불완전이행)
2024031197,2024-06-12,여자,30 - 39세,경기도,일반판매,필라테스,계약해제.해지/위약금
2024031198,2024-06-12,남자,30 - 39세,전라남도,방문판매,헬스장,계약해제.해지/위약금
2024031214,2024-06-12,여자,20 - 29세,경기도,국내온라인거래,각종공연관람,계약해제.해지/위약금
2024031089,2024-06-12,남자,40 - 49세,서울특별시,모바일거래,항공여객운송서비스,계약해제.해지/위약금
2024031119,2024-06-12,여자,30 - 39세,경기도,방문판매,콘도회원권,청약철회
2024031120,2024-06-12,남자,40 - 49세,서울특별시,일반판매,콘도회원권,계약불이행(불완전이행)
2024031141,2024-06-12,여자,40 - 49세,울산광역시,TV홈쇼핑,기타이·미용기구,품질(물품/용역)
2024031142,2024-06-12,여자,40 - 49세,경기도,일반판매,애완견,품질(물품/용역)
2024031173,2024-06-12,여자,20 - 29세,인천광역시,방문판매,헬스장,계약해제.해지/위약금
2024031174,2024-06-12,여자,30 - 39세,광주광역시,모바일거래,항공여객운송서비스,청약철회
2024031175,2024-06-12,여자,30 - 39세,인천광역시,기타통신판매,밥솥,안전(제품/시설)
2024031199,2024-06-12,여자,30 - 39세,경상남도,국내온라인거래,호텔,계약해제.해지/위약금
2024031200,2024-06-12,여자,40 - 49세,경기도,국내온라인거래,기타의류·섬유,품질(물품/용역)
2024031215,2024-06-12,여자,20 - 29세,경기도,국제온라인거래,항공여객운송서비스,부당행위
2024031216,2024-06-12,여자,20 - 29세,경상북도,국내온라인거래,각종공연관람,계약불이행(불완전이행)
2024031090,2024-06-12,여자,30 - 39세,서울특별시,일반판매,기타사설강습서비스,계약해제.해지/위약금
2024031091,2024-06-12,남자,60 - 64세,서울특별시,일반판매,이동전화서비스,부당행위
2024031121,2024-06-12,여자,40 - 49세,경기도,국제온라인거래,다이어트식품,계약해제.해지/위약금
2024031122,2024-06-12,남자,40 - 49세,인천광역시,방문판매,식탁,청약철회
2024031143,2024-06-12,여자,30 - 39세,경기도,국내온라인거래,블라우스,청약철회
2024031144,2024-06-12,남자,30 - 39세,대구광역시,소셜커머스(쇼핑),커피,계약불이행(불완전이행)
2024031176,2024-06-12,여자,40 - 49세,경기도,일반판매,음식물처리기대여(렌트),AS불만
2024031177,2024-06-12,여자,20 - 29세,인천광역시,국내온라인거래,각종공연관람,계약불이행(불완전이행)
2024031201,2024-06-12,남자,30 - 39세,광주광역시,국내온라인거래,기타통신기기,품질(물품/용역)
2024031202,2024-06-12,여자,20 - 29세,전라남도,국내온라인거래,기타미분류서비스,계약불이행(불완전이행)
2024031217,2024-06-12,여자,65 - 69세,대구광역시,TV홈쇼핑,국외여행,부당행위
2024031218,2024-06-12,여자,40 - 49세,인천광역시,국내온라인거래,기타숙박시설,계약해제.해지/위약금
2024031092,2024-06-12,여자,30 - 39세,경기도,일반판매,각종공연관람,계약해제.해지/위약금
2024031093,2024-06-12,여자,20 - 29세,경기도,국내온라인거래,각종공연관람,계약불이행(불완전이행)
2024031123,2024-06-12,남자,30 - 39세,경기도,전화권유판매,기타매체광고,계약해제.해지/위약금
2024031124,2024-06-12,남자,30 - 39세,서울특별시,일반판매,예식서비스,계약해제.해지/위약금
2024031145,2024-06-12,남자,30 - 39세,서울특별시,국내온라인거래,각종자격취득강습,부당행위
2024031146,2024-06-12,여자,20 - 29세,대구광역시,일반판매,미용서비스,품질(물품/용역)
2024031178,2024-06-12,여자,30 - 39세,서울특별시,일반판매,헬스장,계약해제.해지/위약금
2024031203,2024-06-12,여자,30 - 39세,경기도,기타,필라테스,계약해제.해지/위약금
2024031219,2024-06-12,남자,50 - 59세,서울특별시,일반판매,기타숙박시설,부당행위
2024031220,2024-06-12,여자,40 - 49세,경기도,일반판매,피부·체형관리서비스,계약해제.해지/위약금
2024030974,2024-06-12,여자,40 - 49세,서울특별시,국내온라인거래,국외여행,계약해제.해지/위약금
2024030980,2024-06-12,남자,30 - 39세,경기도,기타통신판매,각종공연관람,계약불이행(불완전이행)
2024030986,2024-06-12,남자,40 - 49세,서울특별시,국내온라인거래,냉장고,계약불이행(불완전이행)
2024031094,2024-06-12,여자,30 - 39세,서울특별시,일반판매,예식서비스,계약해제.해지/위약금
2024031095,2024-06-12,남자,30 - 39세,경상북도,국내온라인거래,항공여객운송서비스,계약해제.해지/위약금
2024031147,2024-06-12,여자,10 - 19세,강원특별자치도,일반판매,미용서비스,품질(물품/용역)
2024031148,2024-06-12,여자,40 - 49세,서울특별시,국내온라인거래,기타채소·채소가공식품,품질(물품/용역)
2024031179,2024-06-12,여자,20 - 29세,경기도,국내온라인거래,국외여행,계약해제.해지/위약금
2024031180,2024-06-12,남자,40 - 49세,서울특별시,전화권유판매,초고속인터넷,가격.요금
2024031204,2024-06-12,여자,30 - 39세,서울특별시,일반판매,필라테스,계약해제.해지/위약금
2024031221,2024-06-12,여자,20 - 29세,경기도,국내온라인거래,기타예식관련서비스,계약해제.해지/위약금
2024031222,2024-06-12,여자,40 - 49세,경상남도,일반판매,휴대폰(2G),부당행위
2024030990,2024-06-12,남자,40 - 49세,경기도,일반판매,여관(모텔),계약불이행(불완전이행)
2024031096,2024-06-12,여자,50 - 59세,대전광역시,일반판매,헬스장,계약해제.해지/위약금
2024031097,2024-06-12,남자,20 - 29세,경기도,일반판매,종합체육시설회원권,계약해제.해지/위약금
2024031149,2024-06-12,여자,40 - 49세,서울특별시,국내온라인거래,기타책상·테이블류,품질(물품/용역)
2024031181,2024-06-12,여자,30 - 39세,서울특별시,국내온라인거래,각종공연관람,계약해제.해지/위약금
2024031182,2024-06-12,여자,20 - 29세,경기도,방문판매,필라테스,계약해제.해지/위약금
2024031205,2024-06-12,여자,50 - 59세,경상북도,일반판매,점퍼·재킷류,품질(물품/용역)
2024031206,2024-06-12,여자,40 - 49세,부산광역시,일반판매,이동전화서비스,부당행위
2024031223,2024-06-12,남자,40 - 49세,대전광역시,방문판매,콘도회원권,계약해제.해지/위약금
2024031224,2024-06-12,여자,20 - 29세,인천광역시,국내온라인거래,각종공연관람,계약해제.해지/위약금
2024030995,2024-06-12,남자,40 - 49세,경기도,모바일거래,항공여객운송서비스,청약철회
2024030999,2024-06-12,남자,70 - 79세,서울특별시,일반판매,이동전화서비스,청약철회
2024031098,2024-06-12,남자,30 - 39세,서울특별시,국내온라인거래,룸에어컨,부당행위
2024031099,2024-06-12,남자,불명,대구광역시,일반판매,일반이사운송서비스,계약불이행(불완전이행)
2024031125,2024-06-12,여자,20 - 29세,서울특별시,일반판매,식사배달,계약불이행(불완전이행)
2024031126,2024-06-12,남자,20 - 29세,서울특별시,국내온라인거래,각종공연관람,계약해제.해지/위약금
2024031150,2024-06-12,남자,30 - 39세,경기도,일반판매,신발세탁,품질(물품/용역)
2024031151,2024-06-12,여자,40 - 49세,서울특별시,국내온라인거래,국내전화,품질(물품/용역)
2024031152,2024-06-12,남자,40 - 49세,대구광역시,국내온라인거래,국내결혼중개,계약해제.해지/위약금
2024031183,2024-06-12,여자,30 - 39세,대구광역시,국내온라인거래,원피스,청약철회
2024031184,2024-06-12,여자,50 - 59세,서울특별시,일반판매,기타회원권,계약해제.해지/위약금
2024031225,2024-06-12,여자,40 - 49세,경기도,일반판매,소파,품질(물품/용역)
2024031027,2024-06-12,남자,40 - 49세,인천광역시,일반판매,대형승용자동차,품질(물품/용역)
2024031031,2024-06-12,남자,30 - 39세,충청남도,일반판매,자동차세차,품질(물품/용역)
2024031100,2024-06-12,여자,30 - 39세,서울특별시,국내온라인거래,애완동·식물용품,계약해제.해지/위약금
2024031101,2024-06-12,여자,10 - 19세,강원특별자치도,국내온라인거래,각종공연관람,계약불이행(불완전이행)
2024031127,2024-06-12,여자,불명,경기도,방문판매,애완고양이,계약불이행(불완전이행)
2024031128,2024-06-12,여자,50 - 59세,경기도,TV홈쇼핑,음식물처리기대여(렌트),청약철회
2024031153,2024-06-12,여자,30 - 39세,서울특별시,국내온라인거래,녹화음반테이프(비디오카세트LP),품질(물품/용역)
2024031154,2024-06-12,여자,40 - 49세,서울특별시,일반판매,이동전화서비스,계약해제.해지/위약금
2024031185,2024-06-12,여자,70 - 79세,경상남도,일반판매,커피메이커,안전(제품/시설)
2024031186,2024-06-12,남자,40 - 49세,서울특별시,모바일거래,이동전화서비스,가격.요금
2024031207,2024-06-12,여자,20 - 29세,충청남도,국내온라인거래,각종공연관람,계약불이행(불완전이행)
2024031226,2024-06-12,여자,20 - 29세,충청북도,국내온라인거래,국외여행,계약해제.해지/위약금
2024031227,2024-06-12,여자,40 - 49세,서울특별시,국내온라인거래,모자,계약불이행(불완전이행)
2024031033,2024-06-12,여자,30 - 39세,서울특별시,일반판매,침대,계약해제.해지/위약금
2024031035,2024-06-12,여자,30 - 39세,서울특별시,일반판매,헬스장,계약해제.해지/위약금
2024031102,2024-06-12,남자,30 - 39세,인천광역시,국내온라인거래,커피세트,청약철회
2024031129,2024-06-12,여자,60 - 64세,강원특별자치도,일반판매,김치냉장고,계약불이행(불완전이행)
2024031130,2024-06-12,남자,40 - 49세,경상남도,일반판매,헬스장,계약해제.해지/위약금
2024031155,2024-06-12,여자,20 - 29세,대전광역시,국내온라인거래,캐주얼바지,품질(물품/용역)
2024031156,2024-06-12,남자,60 - 64세,경상남도,일반판매,국외여행,가격.요금
2024031187,2024-06-12,여자,40 - 49세,경상남도,일반판매,기타인테리어설비,계약불이행(불완전이행)
2024031188,2024-06-12,여자,40 - 49세,경기도,일반판매,이동전화서비스,품질(물품/용역)
2024031208,2024-06-12,여자,20 - 29세,부산광역시,방문판매,헬스장,계약해제.해지/위약금
2024031209,2024-06-12,여자,20 - 29세,경기도,모바일거래,식사배달,계약불이행(불완전이행)
2024031228,2024-06-12,남자,70 - 79세,경기도,방문판매,컴퓨터수리,AS불만
2024031037,2024-06-12,여자,60 - 64세,경기도,일반판매,아파트,계약해제.해지/위약금
2024031103,2024-06-12,남자,20 - 29세,경기도,일반판매,철도여객운송서비스,부당행위
2024031104,2024-06-12,여자,20 - 29세,서울특별시,국내온라인거래,각종공연관람,계약불이행(불완전이행)
2024031131,2024-06-12,남자,30 - 39세,충청북도,일반판매,포장이사운송서비스,품질(물품/용역)
2024031132,2024-06-12,남자,30 - 39세,서울특별시,국내온라인거래,각종공연관람,계약해제.해지/위약금
2024031157,2024-06-12,남자,20 - 29세,전라북도,국내온라인거래,각종공연관람,청약철회
2024031158,2024-06-12,여자,10 - 19세,서울특별시,일반판매,소프트웨어,청약철회
2024031189,2024-06-12,남자,30 - 39세,경기도,일반판매,테니스장스쿼시회원권,계약해제.해지/위약금
2024031190,2024-06-12,남자,30 - 39세,경기도,국내온라인거래,식사배달,청약철회
2024031230,2024-06-12,여자,30 - 39세,부산광역시,모바일거래,블라우스,청약철회
2024031231,2024-06-12,여자,20 - 29세,경기도,기타통신판매,각종공연관람,계약해제.해지/위약금
2024031040,2024-06-12,여자,40 - 49세,경기도,일반판매,기타사설강습서비스,청약철회
2024031054,2024-06-12,여자,50 - 59세,서울특별시,일반판매,이동전화서비스,부당행위
2024031105,2024-06-12,여자,40 - 49세,서울특별시,일반판매,사과,부당행위
2024031133,2024-06-12,남자,10 - 19세,경기도,국내온라인거래,각종공연관람,계약불이행(불완전이행)
2024031134,2024-06-12,남자,40 - 49세,충청남도,일반판매,인터넷교육서비스,계약해제.해지/위약금
2024031159,2024-06-12,여자,20 - 29세,서울특별시,소셜커머스(쇼핑),각종공연관람,계약불이행(불완전이행)
2024030978,2024-06-12,남자,70 - 79세,서울특별시,방문판매,이동전화서비스,계약해제.해지/위약금
2024030996,2024-06-12,여자,30 - 39세,충청남도,일반판매,시스템에어컨,AS불만
2024030998,2024-06-12,남자,50 - 59세,대구광역시,소셜커머스(쇼핑),커튼,부당행위
2024031001,2024-06-12,여자,30 - 39세,서울특별시,국내온라인거래,신유형상품권,약관
2024031005,2024-06-12,남자,30 - 39세,서울특별시,국내온라인거래,항공여객운송서비스,청약철회
2024031006,2024-06-12,여자,30 - 39세,경기도,소셜커머스(쇼핑),각종공연관람,계약불이행(불완전이행)
2024031007,2024-06-12,여자,50 - 59세,경상남도,일반판매,실손보험,계약불이행(불완전이행)
2024031009,2024-06-12,여자,40 - 49세,경기도,국내온라인거래,기타가구,품질(물품/용역)
2024031012,2024-06-12,여자,50 - 59세,경기도,국내온라인거래,서랍장,품질(물품/용역)
2024031020,2024-06-12,여자,60 - 64세,경기도,기타통신판매,케이블TV,계약불이행(불완전이행)
2024031022,2024-06-12,남자,60 - 64세,부산광역시,일반판매,건강(암·기타질병)보험,계약해제.해지/위약금
2024031028,2024-06-12,여자,40 - 49세,경기도,국내온라인거래,항공여객운송서비스,부당행위
2024031030,2024-06-12,여자,10 - 19세,경기도,국내온라인거래,각종공연관람,계약불이행(불완전이행)
2024031034,2024-06-12,여자,40 - 49세,서울특별시,일반판매,지갑,계약해제.해지/위약금
2024031041,2024-06-12,여자,30 - 39세,강원특별자치도,국내온라인거래,각종공연관람,계약불이행(불완전이행)
2024030963,2024-06-12,여자,20 - 29세,서울특별시,국내온라인거래,카셰어링,AS불만
2024030985,2024-06-12,남자,70 - 79세,경기도,기타통신판매,유사투자자문,계약해제.해지/위약금
2024030970,2024-06-12,남자,70 - 79세,경상남도,전화권유판매,유사투자자문,계약해제.해지/위약금
2024030984,2024-06-12,남자,불명,충청남도,일반판매,소스,계약불이행(불완전이행)
2024031008,2024-06-12,여자,65 - 69세,경기도,기타,인터넷게임서비스,부당행위
2024031075,2024-06-12,남자,50 - 59세,경상남도,일반판매,자동차수리·점검,품질(물품/용역)
2024031079,2024-06-12,여자,60 - 64세,부산광역시,기타,실손보험,계약불이행(불완전이행)
2024031082,2024-06-12,남자,불명,부산광역시,국내온라인거래,선풍기,계약해제.해지/위약금
2024030991,2024-06-12,여자,50 - 59세,인천광역시,국내온라인거래,여성용내의류,청약철회
2024031018,2024-06-12,여자,30 - 39세,경상남도,소셜커머스(쇼핑),이유식,품질(물품/용역)
2024031083,2024-06-12,남자,불명,서울특별시,국내온라인거래,선글라스,표시.광고
2024030966,2024-06-12,남자,30 - 39세,대전광역시,일반판매,자동차주차장,가격.요금
2024030975,2024-06-12,남자,70 - 79세,대전광역시,전화권유판매,유사투자자문,계약해제.해지/위약금
2024030992,2024-06-12,남자,40 - 49세,충청북도,일반판매,자동차주차장,AS불만
2024031026,2024-06-12,여자,20 - 29세,서울특별시,일반판매,니트(스웨터),청약철회
2024031032,2024-06-12,남자,30 - 39세,서울특별시,일반판매,자동차수리·점검,품질(물품/용역)
2024031038,2024-06-12,여자,40 - 49세,부산광역시,전화권유판매,오피스텔,청약철회
2024031047,2024-06-12,남자,70 - 79세,경기도,일반판매,외식,안전(제품/시설)
2024031048,2024-06-12,여자,30 - 39세,인천광역시,국내온라인거래,각종공연관람,계약불이행(불완전이행)
2024031062,2024-06-12,여자,30 - 39세,경기도,국내온라인거래,기타일반화장품,계약불이행(불완전이행)
2024031000,2024-06-12,여자,30 - 39세,서울특별시,일반판매,식탁,계약해제.해지/위약금
2024031019,2024-06-12,여자,20 - 29세,서울특별시,일반판매,헬스장,계약해제.해지/위약금
2024031029,2024-06-12,남자,30 - 39세,경기도,일반판매,시스템에어컨,계약불이행(불완전이행)
2024031043,2024-06-12,남자,50 - 59세,경기도,기타,가스보일러,AS불만
2024031049,2024-06-12,여자,60 - 64세,대구광역시,일반판매,소파,계약불이행(불완전이행)
2024030962,2024-06-12,남자,30 - 39세,인천광역시,일반판매,건강(암·기타질병)보험,계약불이행(불완전이행)
2024030964,2024-06-12,여자,20 - 29세,경기도,국내온라인거래,각종공연관람,계약불이행(불완전이행)
2024030982,2024-06-12,여자,40 - 49세,대전광역시,일반판매,골프회원권,계약해제.해지/위약금
2024030988,2024-06-12,여자,65 - 69세,서울특별시,일반판매,초고속인터넷,단순문의.상담
2024030960,2024-06-12,여자,30 - 39세,충청북도,국내온라인거래,각종공연관람,계약불이행(불완전이행)
2024030973,2024-06-12,여자,30 - 39세,서울특별시,기타통신판매,각종공연관람,계약불이행(불완전이행)
2024030976,2024-06-12,남자,65 - 69세,서울특별시,일반판매,반포장이사운송서비스,계약불이행(불완전이행)
2024030977,2024-06-12,남자,60 - 64세,서울특별시,일반판매,필라테스,계약해제.해지/위약금
2024030983,2024-06-12,남자,60 - 64세,경기도,전화권유판매,유사투자자문,계약해제.해지/위약금
2024031002,2024-06-12,남자,불명,경기도,일반판매,기타숙박시설,계약해제.해지/위약금
2024031003,2024-06-12,남자,30 - 39세,대구광역시,국내온라인거래,모바일정보이용서비스,계약해제.해지/위약금
2024030714,2024-06-12,남자,40 - 49세,경기도,일반판매,양복(서양식 의복)세탁,품질(물품/용역)
2024031025,2024-06-12,여자,40 - 49세,경기도,방문판매,기타교육서비스,계약해제.해지/위약금
2024031064,2024-06-12,남자,30 - 39세,전라북도,기타,골프용품,AS불만
2024030494,2024-06-12,남자,30 - 39세,경기도,일반판매,티셔츠,품질(물품/용역)
2024031288,2024-06-13,남자,30 - 39세,서울특별시,국내온라인거래,신유형상품권,계약불이행(불완전이행)
2024031307,2024-06-13,여자,20 - 29세,대구광역시,모바일거래,인쇄서비스,계약불이행(불완전이행)
2024030709,2024-06-13,여자,30 - 39세,경기도,일반판매,양복(서양식 의복)세탁,품질(물품/용역)
2024030064,2024-06-13,여자,60 - 64세,경상북도,일반판매,양복(서양식 의복)세탁,품질(물품/용역)
2024031261,2024-06-13,여자,40 - 49세,경기도,일반판매,헬스장,약관
2024031287,2024-06-13,여자,30 - 39세,전라북도,국내온라인거래,점퍼·재킷류,청약철회
2024031321,2024-06-13,여자,30 - 39세,인천광역시,국내온라인거래,각종공연관람,계약불이행(불완전이행)
2024031329,2024-06-13,여자,30 - 39세,경기도,모바일거래,신유형상품권,청약철회
2024031339,2024-06-13,남자,40 - 49세,경상북도,일반판매,이동전화서비스,계약불이행(불완전이행)
2024031342,2024-06-13,남자,불명,경기도,국내온라인거래,각종공연관람,계약해제.해지/위약금
2024031346,2024-06-13,여자,20 - 29세,서울특별시,국내온라인거래,국외여행,계약해제.해지/위약금
2024031347,2024-06-13,여자,30 - 39세,서울특별시,기타,애완동·식물용품,계약해제.해지/위약금
2024031245,2024-06-13,여자,20 - 29세,인천광역시,국내온라인거래,각종공연관람,계약불이행(불완전이행)
2024029998,2024-06-13,여자,40 - 49세,경상남도,일반판매,양복(서양식 의복)세탁,품질(물품/용역)
2024031270,2024-06-13,여자,20 - 29세,경기도,국내온라인거래,각종공연관람,계약불이행(불완전이행)
2024031286,2024-06-13,남자,30 - 39세,서울특별시,모바일거래,자동차주유,계약해제.해지/위약금
2024030698,2024-06-13,여자,50 - 59세,인천광역시,일반판매,양복(서양식 의복)세탁,품질(물품/용역)
2024031300,2024-06-13,여자,70 - 79세,서울특별시,국내온라인거래,각종공연관람,계약해제.해지/위약금
2024031309,2024-06-13,여자,50 - 59세,서울특별시,국내온라인거래,필라테스,청약철회
2024031316,2024-06-13,여자,40 - 49세,대구광역시,모바일거래,신유형상품권,계약해제.해지/위약금
2024031317,2024-06-13,남자,30 - 39세,경기도,국내온라인거래,모형완구,계약불이행(불완전이행)
2024031250,2024-06-13,여자,20 - 29세,인천광역시,일반판매,미용서비스,계약불이행(불완전이행)
2024031337,2024-06-13,여자,30 - 39세,서울특별시,모바일거래,호텔,계약해제.해지/위약금
2024031344,2024-06-13,여자,40 - 49세,서울특별시,일반판매,국내결혼중개,계약해제.해지/위약금
2024031251,2024-06-13,남자,40 - 49세,경기도,일반판매,안경·안경테,품질(물품/용역)
2024031254,2024-06-13,여자,20 - 29세,전라북도,일반판매,기타교육서비스,계약해제.해지/위약금
2024031345,2024-06-13,여자,40 - 49세,대전광역시,일반판매,필라테스,계약해제.해지/위약금
2024031265,2024-06-13,여자,20 - 29세,경상북도,모바일거래,숙녀화(구두·부츠 등),청약철회
2024031268,2024-06-13,남자,불명,경상북도,일반판매,중형승용자동차,계약해제.해지/위약금
2024031269,2024-06-13,여자,60 - 64세,경기도,일반판매,중형승용자동차,품질(물품/용역)
2024031282,2024-06-13,여자,50 - 59세,경기도,TV홈쇼핑,국외여행,계약해제.해지/위약금
2024031292,2024-06-13,남자,불명,대전광역시,국내온라인거래,헤드폰·이어폰,계약불이행(불완전이행)
2024031293,2024-06-13,여자,30 - 39세,서울특별시,국내온라인거래,태블릿PC,품질(물품/용역)
2024031298,2024-06-13,남자,40 - 49세,울산광역시,일반판매,미분류대여(렌트),청약철회
2024031301,2024-06-13,남자,50 - 59세,전라남도,TV홈쇼핑,상조서비스,계약해제.해지/위약금
2024031318,2024-06-13,남자,20 - 29세,전라북도,일반판매,예식서비스,계약해제.해지/위약금
2024031274,2024-06-13,여자,30 - 39세,서울특별시,국내온라인거래,운동화,계약불이행(불완전이행)
2024031239,2024-06-13,남자,40 - 49세,경기도,소셜커머스(쇼핑),음식물처리기,AS불만
2024031264,2024-06-13,남자,50 - 59세,전라북도,일반판매,자동차수리·점검,계약불이행(불완전이행)
2024031266,2024-06-13,여자,70 - 79세,경기도,국내온라인거래,전기세탁기,품질(물품/용역)
2024031277,2024-06-13,남자,70 - 79세,대구광역시,일반판매,케이블TV,계약해제.해지/위약금
2024031281,2024-06-13,여자,30 - 39세,경상북도,기타통신판매,인터넷교육서비스,계약해제.해지/위약금
2024031248,2024-06-13,여자,30 - 39세,인천광역시,기타,초고속인터넷,계약해제.해지/위약금
2024031283,2024-06-13,여자,20 - 29세,경기도,국내온라인거래,각종공연관람,계약해제.해지/위약금
2024031258,2024-06-13,여자,30 - 39세,충청북도,일반판매,유통시설이용,거래관행
2024029812,2024-06-13,남자,40 - 49세,서울특별시,일반판매,양복(서양식 의복)세탁,품질(물품/용역)
2024031294,2024-06-13,남자,65 - 69세,대구광역시,기타,기타냉장·냉동기기,AS불만
2024031262,2024-06-13,남자,30 - 39세,인천광역시,일반판매,양복(서양식 의복)세탁,계약불이행(불완전이행)
2024031295,2024-06-13,남자,30 - 39세,울산광역시,일반판매,기타인테리어설비,계약해제.해지/위약금
2024031303,2024-06-13,남자,40 - 49세,서울특별시,방문판매,식기세척기,품질(물품/용역)
2024031304,2024-06-13,여자,40 - 49세,서울특별시,국내온라인거래,안경·안경테,품질(물품/용역)
2024031311,2024-06-13,여자,50 - 59세,대구광역시,국내온라인거래,기타의류·섬유,계약불이행(불완전이행)
2024031331,2024-06-13,남자,불명,경기도,일반판매,스마트폰,AS불만
2024031333,2024-06-13,남자,30 - 39세,경기도,전화권유판매,국외여행,계약해제.해지/위약금
2024031242,2024-06-13,남자,30 - 39세,대구광역시,국내온라인거래,모형완구,청약철회
2024031246,2024-06-13,여자,20 - 29세,서울특별시,국내온라인거래,각종공연관람,계약불이행(불완전이행)
2024031385,2024-06-13,여자,20 - 29세,서울특별시,국내온라인거래,티셔츠,청약철회
2024031401,2024-06-13,여자,20 - 29세,서울특별시,국내온라인거래,원피스,청약철회
2024031402,2024-06-13,여자,40 - 49세,대전광역시,국내온라인거래,보석·귀금속,계약해제.해지/위약금
2024031403,2024-06-13,여자,40 - 49세,서울특별시,기타통신판매,다이어트식품,단순문의.상담
2024031418,2024-06-13,여자,30 - 39세,부산광역시,국내온라인거래,여성용내의류,품질(물품/용역)
2024031419,2024-06-13,남자,30 - 39세,부산광역시,일반판매,기타사설강습서비스,계약해제.해지/위약금
2024031420,2024-06-13,여자,30 - 39세,경기도,국내온라인거래,캐주얼바지,표시.광고
2024031363,2024-06-13,남자,30 - 39세,강원특별자치도,방문판매,콘도회원권,계약불이행(불완전이행)
2024031364,2024-06-13,남자,30 - 39세,서울특별시,일반판매,예식서비스,계약해제.해지/위약금
2024031365,2024-06-13,여자,40 - 49세,경기도,국내온라인거래,믹서기,AS불만
2024031255,2024-06-13,여자,65 - 69세,경상북도,일반판매,화재보험,계약불이행(불완전이행)
2024030770,2024-06-13,여자,65 - 69세,강원특별자치도,일반판매,점퍼·재킷류,품질(물품/용역)
2024031256,2024-06-13,여자,50 - 59세,경상북도,국내온라인거래,기타가구,품질(물품/용역)
2024031271,2024-06-13,여자,40 - 49세,충청남도,일반판매,각종자격취득강습,품질(물품/용역)
2024031404,2024-06-13,남자,40 - 49세,광주광역시,국내온라인거래,기타건축자재,품질(물품/용역)
2024031425,2024-06-13,남자,30 - 39세,세종특별자치시,국내온라인거래,인터넷교육서비스,계약해제.해지/위약금
2024031428,2024-06-13,여자,40 - 49세,서울특별시,국내온라인거래,기타식품류,부당행위
2024031429,2024-06-13,여자,40 - 49세,서울특별시,기타,사과,부당행위
2024031366,2024-06-13,남자,30 - 39세,경기도,국제온라인거래,호텔,계약해제.해지/위약금
2024031367,2024-06-13,남자,30 - 39세,인천광역시,일반판매,정수기대여(렌트),품질(물품/용역)
2024031280,2024-06-13,여자,20 - 29세,경기도,전화권유판매,기타이동통신,약관
2024031285,2024-06-13,남자,30 - 39세,대구광역시,기타,신용카드,계약불이행(불완전이행)
2024031247,2024-06-13,여자,20 - 29세,서울특별시,모바일거래,각종공연관람,계약불이행(불완전이행)
2024031252,2024-06-13,여자,30 - 39세,서울특별시,일반판매,피부·체형관리서비스,계약해제.해지/위약금
2024031426,2024-06-13,여자,30 - 39세,경기도,국내온라인거래,향수,품질(물품/용역)
2024031427,2024-06-13,여자,20 - 29세,인천광역시,일반판매,한의원,계약해제.해지/위약금
2024031433,2024-06-13,여자,30 - 39세,경기도,국내온라인거래,기타식생활기기,AS불만
2024031434,2024-06-13,남자,40 - 49세,경기도,일반판매,헬스장,계약해제.해지/위약금
2024031435,2024-06-13,여자,30 - 39세,서울특별시,국내온라인거래,각종공연관람,계약불이행(불완전이행)
2024031368,2024-06-13,여자,20 - 29세,서울특별시,국내온라인거래,항공여객운송서비스,품질(물품/용역)
2024031369,2024-06-13,남자,30 - 39세,경기도,국내온라인거래,소파,청약철회
2024031384,2024-06-13,여자,50 - 59세,경기도,일반판매,보석·귀금속,계약해제.해지/위약금
2024031302,2024-06-13,여자,30 - 39세,전라북도,TV홈쇼핑,전동칫솔,품질(물품/용역)
2024031313,2024-06-13,남자,30 - 39세,서울특별시,모바일거래,전기자전거,부당행위
2024031405,2024-06-13,남자,40 - 49세,경기도,기타,오피스텔,계약불이행(불완전이행)
2024031406,2024-06-13,여자,40 - 49세,서울특별시,국내온라인거래,티셔츠,청약철회
2024031253,2024-06-13,남자,40 - 49세,충청남도,일반판매,골프용품,품질(물품/용역)
2024029730,2024-06-13,여자,50 - 59세,부산광역시,일반판매,양복(서양식 의복)세탁,품질(물품/용역)
2024031430,2024-06-13,여자,50 - 59세,부산광역시,일반판매,기타이·미용기구,계약불이행(불완전이행)
2024031257,2024-06-13,여자,60 - 64세,서울특별시,일반판매,점퍼·재킷류,청약철회
2024031259,2024-06-13,여자,30 - 39세,부산광역시,국내온라인거래,기타의류·섬유,계약불이행(불완전이행)
2024031267,2024-06-13,남자,50 - 59세,강원특별자치도,일반판매,상조서비스,계약해제.해지/위약금
2024031332,2024-06-13,여자,40 - 49세,광주광역시,일반판매,기타한방서비스,품질(물품/용역)
2024031407,2024-06-13,여자,30 - 39세,서울특별시,국내온라인거래,식사배달,계약불이행(불완전이행)
2024031431,2024-06-13,남자,20 - 29세,광주광역시,모바일거래,기타이동통신,표시.광고
2024031432,2024-06-13,여자,40 - 49세,경기도,일반판매,애완동물이·미용서비스,부당행위
2024031436,2024-06-13,남자,30 - 39세,서울특별시,국내온라인거래,반포장이사운송서비스,계약불이행(불완전이행)
2024031305,2024-06-13,남자,40 - 49세,서울특별시,기타통신판매,오징어,청약철회
2024031312,2024-06-13,남자,20 - 29세,서울특별시,일반판매,자동차주차장,계약해제.해지/위약금
2024031315,2024-06-13,여자,30 - 39세,인천광역시,일반판매,이동전화서비스,계약불이행(불완전이행)
2024031370,2024-06-13,여자,30 - 39세,전라북도,국내온라인거래,혈압계,청약철회
2024031371,2024-06-13,여자,30 - 39세,서울특별시,국내온라인거래,인터넷교육서비스,계약해제.해지/위약금
2024031372,2024-06-13,남자,20 - 29세,서울특별시,국내온라인거래,컵,표시.광고
2024031386,2024-06-13,남자,60 - 64세,경기도,일반판매,기타곡류·곡류가공식품,가격.요금
2024031387,2024-06-13,여자,50 - 59세,서울특별시,국제온라인거래,전기오븐,품질(물품/용역)
2024031388,2024-06-13,여자,20 - 29세,서울특별시,국내온라인거래,캐주얼바지,청약철회
2024031408,2024-06-13,여자,20 - 29세,서울특별시,일반판매,헬스장,계약해제.해지/위약금
2024031409,2024-06-13,남자,30 - 39세,강원특별자치도,국제온라인거래,키보드,품질(물품/용역)
2024031437,2024-06-13,여자,20 - 29세,경기도,국내온라인거래,각종공연관람,계약해제.해지/위약금
2024031438,2024-06-13,남자,30 - 39세,경기도,국내온라인거래,전기온수기,품질(물품/용역)
2024031439,2024-06-13,여자,50 - 59세,서울특별시,기타,부동산중개,계약불이행(불완전이행)
2024031440,2024-06-13,여자,20 - 29세,서울특별시,일반판매,헬스장,계약해제.해지/위약금
2024031348,2024-06-13,남자,40 - 49세,서울특별시,일반판매,국내결혼중개,계약해제.해지/위약금
2024031349,2024-06-13,남자,30 - 39세,서울특별시,일반판매,그래픽카드,AS불만
2024031350,2024-06-13,여자,50 - 59세,경기도,국내온라인거래,음식물처리기,AS불만
2024031373,2024-06-13,여자,30 - 39세,서울특별시,국내온라인거래,각종공연관람,계약해제.해지/위약금
2024031374,2024-06-13,여자,40 - 49세,서울특별시,기타통신판매,이동전화서비스,계약해제.해지/위약금
2024031389,2024-06-13,여자,40 - 49세,서울특별시,기타,기타미분류물품,거래관행
2024031390,2024-06-13,여자,30 - 39세,서울특별시,국내온라인거래,룸에어컨,AS불만
2024031410,2024-06-13,여자,20 - 29세,서울특별시,일반판매,외국어강습,계약해제.해지/위약금
2024031411,2024-06-13,여자,50 - 59세,경상북도,일반판매,소파,계약불이행(불완전이행)
2024031441,2024-06-13,여자,40 - 49세,경상북도,국내온라인거래,모자,품질(물품/용역)
2024031442,2024-06-13,여자,40 - 49세,경기도,국내온라인거래,식기세척기,품질(물품/용역)
2024031351,2024-06-13,여자,20 - 29세,서울특별시,일반판매,택배화물운송서비스,청약철회
2024031352,2024-06-13,여자,50 - 59세,경기도,국내온라인거래,포장이사운송서비스,계약불이행(불완전이행)
2024031375,2024-06-13,여자,10 - 19세,대구광역시,국내온라인거래,여성용내의류,청약철회
2024031376,2024-06-13,여자,40 - 49세,충청남도,국내온라인거래,인터넷교육서비스,부당행위
2024031377,2024-06-13,여자,30 - 39세,충청북도,방문판매,도어,품질(물품/용역)
2024031391,2024-06-13,남자,40 - 49세,서울특별시,일반판매,수영장회원권,계약해제.해지/위약금
2024031412,2024-06-13,여자,30 - 39세,전라남도,일반판매,기타주방설비,계약불이행(불완전이행)
2024031443,2024-06-13,남자,20 - 29세,울산광역시,국내온라인거래,각종공연관람,청약철회
2024031444,2024-06-13,여자,30 - 39세,충청북도,일반판매,신발세탁,계약불이행(불완전이행)
2024031353,2024-06-13,남자,20 - 29세,서울특별시,국내온라인거래,각종공연관람,계약불이행(불완전이행)
2024031378,2024-06-13,남자,70 - 79세,대전광역시,국제온라인거래,기타의류·섬유,계약불이행(불완전이행)
2024031379,2024-06-13,여자,30 - 39세,전라북도,국내온라인거래,기타내의류,청약철회
2024031392,2024-06-13,여자,50 - 59세,경기도,국내온라인거래,기타세정제·탈취제,품질(물품/용역)
2024031393,2024-06-13,여자,20 - 29세,서울특별시,일반판매,모바일정보이용서비스,청약철회
2024031413,2024-06-13,여자,30 - 39세,울산광역시,국내온라인거래,아동복,청약철회
2024031414,2024-06-13,여자,30 - 39세,경기도,모바일거래,호텔,부당행위
2024031445,2024-06-13,남자,30 - 39세,대전광역시,국내온라인거래,모자,품질(물품/용역)
2024031446,2024-06-13,여자,30 - 39세,전라북도,국내온라인거래,각종공연관람,청약철회
2024031354,2024-06-13,여자,30 - 39세,경기도,일반판매,레저시설이용,계약해제.해지/위약금
2024031355,2024-06-13,여자,30 - 39세,대전광역시,일반판매,자동차대여(렌트),계약불이행(불완전이행)
2024031380,2024-06-13,남자,30 - 39세,서울특별시,일반판매,사진촬영,계약해제.해지/위약금
2024031381,2024-06-13,여자,50 - 59세,인천광역시,국내온라인거래,믹서기,품질(물품/용역)
2024031447,2024-06-13,남자,40 - 49세,울산광역시,국내온라인거래,헤드폰·이어폰,품질(물품/용역)
2024031448,2024-06-13,여자,40 - 49세,경상남도,국내온라인거래,소파,품질(물품/용역)
2024031415,2024-06-13,남자,30 - 39세,인천광역시,방문판매,콘도회원권,계약해제.해지/위약금
2024031416,2024-06-13,여자,20 - 29세,경기도,국내온라인거래,기타사진용품,청약철회
2024031449,2024-06-13,남자,30 - 39세,서울특별시,국내온라인거래,항공여객운송서비스,계약해제.해지/위약금
2024031450,2024-06-13,여자,20 - 29세,경기도,국내온라인거래,각종공연관람,계약불이행(불완전이행)
2024031451,2024-06-13,여자,50 - 59세,전라남도,국내온라인거래,국외여행,계약불이행(불완전이행)
2024031356,2024-06-13,여자,20 - 29세,경기도,국내온라인거래,노트북컴퓨터,AS불만
2024031394,2024-06-13,남자,40 - 49세,서울특별시,국내온라인거래,성기능향상기기,품질(물품/용역)
2024031395,2024-06-13,남자,30 - 39세,서울특별시,전화권유판매,기타매체광고,계약해제.해지/위약금
2024031452,2024-06-13,여자,30 - 39세,충청남도,모바일거래,고시원이용,품질(물품/용역)
2024031453,2024-06-13,남자,40 - 49세,대전광역시,일반판매,이동전화서비스,품질(물품/용역)
2024031357,2024-06-13,여자,40 - 49세,경기도,국내온라인거래,제습기,안전(제품/시설)
2024031358,2024-06-13,여자,20 - 29세,충청북도,일반판매,골프회원권,계약해제.해지/위약금
2024031396,2024-06-13,여자,50 - 59세,서울특별시,국내온라인거래,전기진공청소기,품질(물품/용역)
2024031397,2024-06-13,여자,30 - 39세,서울특별시,기타,기타사설강습서비스,계약해제.해지/위약금
2024031398,2024-06-13,남자,40 - 49세,서울특별시,국내온라인거래,TV,청약철회
2024031417,2024-06-13,여자,30 - 39세,경기도,국내온라인거래,인터넷교육서비스,계약불이행(불완전이행)
2024031421,2024-06-13,남자,30 - 39세,서울특별시,국내온라인거래,각종공연관람,계약해제.해지/위약금
2024031422,2024-06-13,남자,30 - 39세,서울특별시,소셜커머스(쇼핑),노트북컴퓨터,품질(물품/용역)
2024031359,2024-06-13,남자,20 - 29세,인천광역시,방문판매,모형완구,계약불이행(불완전이행)
2024031360,2024-06-13,여자,20 - 29세,서울특별시,모바일거래,각종자격취득강습,계약해제.해지/위약금
2024031361,2024-06-13,여자,10 - 19세,경기도,모바일거래,통신기기케이스,청약철회
2024031382,2024-06-13,남자,30 - 39세,대구광역시,국내온라인거래,기타숙박시설,부당행위
2024031383,2024-06-13,여자,20 - 29세,서울특별시,국내온라인거래,각종공연관람,계약불이행(불완전이행)
2024031240,2024-06-13,여자,20 - 29세,서울특별시,기타,각종공연관람,계약불이행(불완전이행)
2024031399,2024-06-13,여자,40 - 49세,인천광역시,일반판매,국외여행,계약해제.해지/위약금
2024031400,2024-06-13,남자,30 - 39세,경기도,기타,기타간편복,계약해제.해지/위약금
2024031423,2024-06-13,여자,50 - 59세,경기도,소셜커머스(쇼핑),기타세탁서비스,계약불이행(불완전이행)
2024031424,2024-06-13,여자,50 - 59세,경기도,일반판매,필라테스,계약불이행(불완전이행)
2024031362,2024-06-13,남자,40 - 49세,경기도,방문판매,기타조명기기,품질(물품/용역)
2024031454,2024-06-13,남자,50 - 59세,서울특별시,다단계판매,택배화물운송서비스,계약불이행(불완전이행)
2024031455,2024-06-13,여자,30 - 39세,경상남도,국내온라인거래,호텔,품질(물품/용역)
2024031456,2024-06-13,여자,30 - 39세,광주광역시,국내온라인거래,기타신발·용품,계약불이행(불완전이행)
2024031457,2024-06-13,남자,50 - 59세,경기도,방문판매,콘도회원권,계약해제.해지/위약금
2024031458,2024-06-13,남자,65 - 69세,대전광역시,모바일거래,점퍼·재킷류,계약불이행(불완전이행)
2024031459,2024-06-13,여자,50 - 59세,인천광역시,국내온라인거래,냄비,품질(물품/용역)
2024031460,2024-06-13,여자,40 - 49세,광주광역시,모바일거래,스마트폰,단순문의.상담
2024031461,2024-06-13,남자,30 - 39세,경기도,일반판매,(구)기타이륜자동차,품질(물품/용역)
2024031462,2024-06-13,여자,20 - 29세,대전광역시,국내온라인거래,기타신발·용품,계약해제.해지/위약금
2024031463,2024-06-13,여자,30 - 39세,전라남도,국내온라인거래,이불·침대커버,계약불이행(불완전이행)
2024031464,2024-06-13,여자,50 - 59세,서울특별시,국내온라인거래,각종공연관람,계약해제.해지/위약금
2024031465,2024-06-13,여자,65 - 69세,서울특별시,기타,다세대주택,계약해제.해지/위약금
2024031466,2024-06-13,여자,20 - 29세,인천광역시,국내온라인거래,각종공연관람,계약불이행(불완전이행)
2024031467,2024-06-13,남자,30 - 39세,경기도,방문판매,골프회원권,계약해제.해지/위약금
2024031468,2024-06-13,여자,20 - 29세,울산광역시,국내온라인거래,각종공연관람,청약철회
2024031469,2024-06-13,여자,40 - 49세,서울특별시,기타,양파,청약철회
2024031470,2024-06-13,남자,30 - 39세,광주광역시,국내온라인거래,룸에어컨,가격.요금
2024031471,2024-06-13,여자,20 - 29세,인천광역시,국내온라인거래,니트(스웨터),품질(물품/용역)
2024031472,2024-06-13,여자,30 - 39세,경상북도,기타통신판매,다이어트식품,청약철회
2024031473,2024-06-13,남자,30 - 39세,전라북도,일반판매,기타냉장·냉동기기,AS불만
2024031474,2024-06-13,남자,30 - 39세,대전광역시,국내온라인거래,항공여객운송서비스,계약해제.해지/위약금
2024031475,2024-06-13,여자,20 - 29세,경기도,국내온라인거래,남성용내의류,표시.광고
2024031325,2024-06-13,여자,70 - 79세,충청북도,기타통신판매,벽돌,계약불이행(불완전이행)
2024031338,2024-06-13,남자,40 - 49세,대전광역시,기타,제조물·생산및영업배상보험,계약불이행(불완전이행)
2024031343,2024-06-13,여자,60 - 64세,전라남도,일반판매,건강(암·기타질병)보험,계약불이행(불완전이행)
2024031284,2024-06-13,여자,40 - 49세,인천광역시,국내온라인거래,필기용구,청약철회
2024030518,2024-06-13,여자,30 - 39세,경기도,국내온라인거래,타올,품질(물품/용역)
2024031330,2024-06-13,여자,30 - 39세,서울특별시,국내온라인거래,건물청소서비스,품질(물품/용역)
2024031335,2024-06-13,남자,70 - 79세,경기도,기타통신판매,기타매체광고,부당행위
2024031323,2024-06-13,남자,40 - 49세,인천광역시,국내온라인거래,세정제,품질(물품/용역)
2024031328,2024-06-13,남자,60 - 64세,서울특별시,국내온라인거래,소파,품질(물품/용역)
2024030075,2024-06-13,여자,30 - 39세,서울특별시,일반판매,양복(서양식 의복)세탁,품질(물품/용역)
2024031322,2024-06-13,남자,65 - 69세,강원특별자치도,기타,기타건축자재,계약불이행(불완전이행)
2024031326,2024-06-13,남자,65 - 69세,경기도,일반판매,테니스용품,계약불이행(불완전이행)
2024029996,2024-06-13,남자,50 - 59세,경기도,일반판매,양복(서양식 의복)세탁,품질(물품/용역)
2024030565,2024-06-13,여자,50 - 59세,전라북도,국내온라인거래,천연피혁의류,품질(물품/용역)
2024029824,2024-06-13,여자,30 - 39세,경기도,일반판매,양복(서양식 의복)세탁,품질(물품/용역)
2024030010,2024-06-13,여자,30 - 39세,경기도,일반판매,양복(서양식 의복)세탁,품질(물품/용역)
2024030033,2024-06-13,여자,40 - 49세,서울특별시,국내온라인거래,여성용내의류,품질(물품/용역)
2024031299,2024-06-13,여자,30 - 39세,인천광역시,일반판매,피부·체형관리서비스,계약해제.해지/위약금
2024031341,2024-06-13,여자,50 - 59세,부산광역시,일반판매,건강(암·기타질병)보험,계약불이행(불완전이행)
2024031237,2024-06-13,여자,40 - 49세,경기도,국내온라인거래,인터넷게임서비스,품질(물품/용역)
2024031238,2024-06-13,남자,20 - 29세,서울특별시,일반판매,토마토,품질(물품/용역)
2024031241,2024-06-13,남자,65 - 69세,전라북도,기타,유사투자자문,계약해제.해지/위약금
2024031243,2024-06-13,남자,30 - 39세,서울특별시,소셜커머스(쇼핑),각종공연관람,계약불이행(불완전이행)
2024031244,2024-06-13,남자,30 - 39세,대전광역시,국내온라인거래,자동차대여(렌트),계약해제.해지/위약금
2024031249,2024-06-13,남자,30 - 39세,경기도,일반판매,외식,안전(제품/시설)
2024031260,2024-06-13,남자,40 - 49세,경기도,일반판매,자동차수리·점검,AS불만
2024031263,2024-06-13,남자,65 - 69세,서울특별시,일반판매,기타인테리어설비,가격.요금
2024031272,2024-06-13,여자,30 - 39세,경상남도,국내온라인거래,원피스,청약철회
2024031273,2024-06-13,남자,70 - 79세,전라북도,전화권유판매,인터넷정보이용서비스,약관
2024031275,2024-06-13,남자,40 - 49세,서울특별시,국내온라인거래,기타부동산임대차,계약해제.해지/위약금
2024031276,2024-06-13,여자,40 - 49세,부산광역시,일반판매,아파트,계약해제.해지/위약금
2024031279,2024-06-13,여자,30 - 39세,서울특별시,국내온라인거래,각종공연관람,계약해제.해지/위약금
2024031289,2024-06-13,남자,40 - 49세,충청남도,국내온라인거래,TV,AS불만
2024031291,2024-06-13,여자,50 - 59세,경기도,일반판매,헬스장,계약해제.해지/위약금
2024031296,2024-06-13,남자,40 - 49세,서울특별시,일반판매,고시원이용,품질(물품/용역)
2024031297,2024-06-13,여자,20 - 29세,서울특별시,일반판매,일반강습(입시학원등),계약해제.해지/위약금
2024031319,2024-06-13,남자,40 - 49세,강원특별자치도,일반판매,사진촬영,계약해제.해지/위약금
2024030564,2024-06-13,여자,40 - 49세,서울특별시,일반판매,양복(서양식 의복)세탁,품질(물품/용역)
2024031478,2024-06-14,남자,50 - 59세,충청북도,일반판매,대형승용자동차,품질(물품/용역)
2024031487,2024-06-14,남자,40 - 49세,부산광역시,일반판매,자동차대여(렌트),계약해제.해지/위약금
2024031491,2024-06-14,남자,불명,서울특별시,일반판매,중고자동차중개·매매,이자.수수료
2024031505,2024-06-14,여자,30 - 39세,경기도,국내온라인거래,펜션,청약철회
2024031517,2024-06-14,남자,20 - 29세,충청북도,일반판매,택배화물운송서비스,계약불이행(불완전이행)
2024031521,2024-06-14,여자,30 - 39세,경기도,일반판매,헬스장,계약해제.해지/위약금
2024031500,2024-06-14,남자,불명,경기도,국내온라인거래,항공여객운송서비스,계약불이행(불완전이행)
2024031506,2024-06-14,남자,40 - 49세,경기도,일반판매,전동휠,AS불만
2024031529,2024-06-14,여자,30 - 39세,서울특별시,국내온라인거래,기타세탁서비스,계약불이행(불완전이행)
2024031522,2024-06-14,여자,30 - 39세,서울특별시,국내온라인거래,호텔,계약해제.해지/위약금
2024031553,2024-06-14,여자,40 - 49세,서울특별시,소셜커머스(쇼핑),신유형상품권,거래관행
2024031581,2024-06-14,남자,60 - 64세,경상북도,일반판매,미분류대여(렌트),부당행위
2024031519,2024-06-14,남자,50 - 59세,광주광역시,일반판매,신용카드,부당행위
2024031524,2024-06-14,남자,40 - 49세,경기도,기타통신판매,TV대,계약불이행(불완전이행)
2024031526,2024-06-14,여자,20 - 29세,서울특별시,국내온라인거래,기타스포츠·레저기구·용품,계약불이행(불완전이행)
2024031480,2024-06-14,남자,50 - 59세,경기도,일반판매,중형승용자동차,AS불만
2024031494,2024-06-14,여자,20 - 29세,충청남도,일반판매,헬스장,계약불이행(불완전이행)
2024031501,2024-06-14,남자,30 - 39세,서울특별시,일반판매,카셰어링,AS불만
2024031502,2024-06-14,남자,불명,전라북도,기타,정수기대여(렌트),품질(물품/용역)
2024031533,2024-06-14,남자,50 - 59세,세종특별자치시,일반판매,중형승용자동차,계약불이행(불완전이행)
2024031507,2024-06-14,남자,50 - 59세,경기도,일반판매,항공여객운송서비스,거래관행
2024031516,2024-06-14,남자,50 - 59세,인천광역시,일반판매,건강(암·기타질병)보험,계약불이행(불완전이행)
2024031532,2024-06-14,남자,40 - 49세,서울특별시,일반판매,기타인테리어설비,계약불이행(불완전이행)
2024031542,2024-06-14,남자,30 - 39세,서울특별시,일반판매,전기진공청소기,품질(물품/용역)
2024031544,2024-06-14,남자,50 - 59세,서울특별시,일반판매,국내결혼중개,계약해제.해지/위약금
2024031509,2024-06-14,여자,20 - 29세,서울특별시,기타,애완동물기타,계약해제.해지/위약금
2024031510,2024-06-14,여자,40 - 49세,서울특별시,기타,전기세탁기,계약불이행(불완전이행)
2024031511,2024-06-14,여자,40 - 49세,경기도,일반판매,실손보험,계약불이행(불완전이행)
2024031525,2024-06-14,남자,40 - 49세,서울특별시,일반판매,타올,계약해제.해지/위약금
2024031579,2024-06-14,여자,20 - 29세,서울특별시,국내온라인거래,식사배달,계약해제.해지/위약금
2024031580,2024-06-14,여자,40 - 49세,해외 및 기타,일반판매,헬스장,계약불이행(불완전이행)
2024031518,2024-06-14,남자,30 - 39세,부산광역시,일반판매,중형승용자동차,품질(물품/용역)
2024031498,2024-06-14,남자,30 - 39세,서울특별시,일반판매,전동킥보드,가격.요금
2024031520,2024-06-14,남자,30 - 39세,부산광역시,일반판매,중고자동차중개·매매,표시.광고
2024031538,2024-06-14,여자,50 - 59세,경기도,모바일거래,기타신변용품,품질(물품/용역)
2024031539,2024-06-14,여자,40 - 49세,경기도,모바일거래,기타식품류,가격.요금
2024031540,2024-06-14,남자,50 - 59세,서울특별시,국내온라인거래,식사배달,계약불이행(불완전이행)
2024031548,2024-06-14,여자,40 - 49세,서울특별시,일반판매,피아노,계약해제.해지/위약금
2024031551,2024-06-14,남자,60 - 64세,인천광역시,전화권유판매,유사투자자문,계약해제.해지/위약금
2024029282,2024-06-14,남자,60 - 64세,경기도,일반판매,셔츠,품질(물품/용역)
2024031587,2024-06-14,남자,50 - 59세,강원특별자치도,국내온라인거래,기타미분류물품,부당행위
2024031593,2024-06-14,남자,50 - 59세,부산광역시,일반판매,건강(암·기타질병)보험,계약불이행(불완전이행)
2024031594,2024-06-14,여자,50 - 59세,경기도,모바일거래,커피,표시.광고
2024031595,2024-06-14,남자,20 - 29세,서울특별시,국내온라인거래,전기스위치,안전(제품/시설)
2024031493,2024-06-14,여자,20 - 29세,대구광역시,국내온라인거래,캐주얼바지,청약철회
2024031549,2024-06-14,여자,50 - 59세,경상북도,일반판매,필라테스,계약해제.해지/위약금
2024031490,2024-06-14,남자,60 - 64세,경기도,기타통신판매,유사투자자문,계약해제.해지/위약금
2024031503,2024-06-14,여자,20 - 29세,경기도,모바일거래,항공여객운송서비스,계약해제.해지/위약금
2024031508,2024-06-14,남자,30 - 39세,경기도,국내온라인거래,정수기대여(렌트),계약불이행(불완전이행)
2024031515,2024-06-14,남자,30 - 39세,부산광역시,일반판매,예식서비스,계약해제.해지/위약금
2024031476,2024-06-14,여자,30 - 39세,경기도,일반판매,기타인테리어설비,AS불만
2024031485,2024-06-14,남자,60 - 64세,서울특별시,방문판매,헬스장,계약해제.해지/위약금
2024031547,2024-06-14,여자,20 - 29세,경기도,국내온라인거래,여성용내의류,청약철회
2024031554,2024-06-14,남자,불명,대구광역시,일반판매,종합체육시설회원권,계약해제.해지/위약금
2024031557,2024-06-14,남자,65 - 69세,경기도,모바일거래,기타인테리어설비,품질(물품/용역)
2024031479,2024-06-14,남자,40 - 49세,경기도,모바일거래,이동전화서비스,계약불이행(불완전이행)
2024031543,2024-06-14,남자,50 - 59세,서울특별시,일반판매,변호서비스,계약불이행(불완전이행)
2024031583,2024-06-14,남자,40 - 49세,서울특별시,국내온라인거래,콩류,품질(물품/용역)
2024031556,2024-06-14,남자,40 - 49세,경기도,기타,안마의자,품질(물품/용역)
2024031559,2024-06-14,여자,40 - 49세,경기도,일반판매,호텔,품질(물품/용역)
2024031528,2024-06-14,남자,30 - 39세,서울특별시,국내온라인거래,각종공연관람,계약불이행(불완전이행)
2024031666,2024-06-14,남자,20 - 29세,서울특별시,일반판매,헬스장,계약해제.해지/위약금
2024031667,2024-06-14,남자,30 - 39세,서울특별시,국내온라인거래,이불·요,품질(물품/용역)
2024031668,2024-06-14,여자,40 - 49세,경기도,일반판매,캐주얼바지,품질(물품/용역)
2024031669,2024-06-14,남자,40 - 49세,전라남도,기타,유산균함유제품,부당행위
2024031670,2024-06-14,여자,20 - 29세,서울특별시,방문판매,필라테스,계약해제.해지/위약금
2024031671,2024-06-14,남자,20 - 29세,충청북도,일반판매,골프회원권,계약해제.해지/위약금
2024031672,2024-06-14,남자,65 - 69세,서울특별시,일반판매,바닥재·마루공사,품질(물품/용역)
2024031673,2024-06-14,남자,40 - 49세,대구광역시,국내온라인거래,인터넷교육서비스,계약해제.해지/위약금
2024031674,2024-06-14,여자,30 - 39세,인천광역시,일반판매,스프링매트리스,품질(물품/용역)
2024031675,2024-06-14,여자,20 - 29세,경기도,일반판매,택시여객운송서비스,계약불이행(불완전이행)
2024031676,2024-06-14,여자,40 - 49세,서울특별시,일반판매,필라테스,계약해제.해지/위약금
2024031677,2024-06-14,여자,30 - 39세,대전광역시,국내온라인거래,기타간편복,계약해제.해지/위약금
2024031678,2024-06-14,남자,30 - 39세,경기도,일반판매,헬스장,계약해제.해지/위약금
2024031679,2024-06-14,여자,30 - 39세,경기도,일반판매,일반강습(입시학원등),계약해제.해지/위약금
2024031680,2024-06-14,여자,40 - 49세,인천광역시,국내온라인거래,항공여객운송서비스,계약해제.해지/위약금
2024031681,2024-06-14,여자,20 - 29세,충청북도,국내온라인거래,각종공연관람,청약철회
2024031682,2024-06-14,남자,60 - 64세,충청남도,방문판매,정수기대여(렌트),부당행위
2024031531,2024-06-14,여자,50 - 59세,대구광역시,일반판매,시계,품질(물품/용역)
2024031534,2024-06-14,여자,40 - 49세,강원특별자치도,국내온라인거래,기타숙박시설,계약해제.해지/위약금
2024031535,2024-06-14,여자,30 - 39세,서울특별시,일반판매,헬스장,계약불이행(불완전이행)
2024031536,2024-06-14,남자,30 - 39세,서울특별시,일반판매,예식서비스,청약철회
2024031545,2024-06-14,남자,40 - 49세,충청북도,국내온라인거래,침대,계약불이행(불완전이행)
2024031555,2024-06-14,남자,20 - 29세,서울특별시,기타통신판매,사진촬영,청약철회
2024031561,2024-06-14,여자,30 - 39세,서울특별시,국내온라인거래,식사배달,계약해제.해지/위약금
2024031683,2024-06-14,여자,20 - 29세,서울특별시,국내온라인거래,기타가구,청약철회
2024031514,2024-06-14,여자,50 - 59세,광주광역시,일반판매,기타책상·테이블류,품질(물품/용역)
2024031523,2024-06-14,남자,40 - 49세,서울특별시,일반판매,기타승용물,AS불만
2024031571,2024-06-14,여자,50 - 59세,광주광역시,일반판매,건강(암·기타질병)보험,약관
2024031575,2024-06-14,남자,20 - 29세,해외 및 기타,국제온라인거래,모바일게임서비스,계약불이행(불완전이행)
2024031589,2024-06-14,남자,65 - 69세,경기도,일반판매,침대,계약해제.해지/위약금
2024031596,2024-06-14,여자,50 - 59세,경기도,국내온라인거래,각종공연관람,계약해제.해지/위약금
2024031564,2024-06-14,남자,50 - 59세,경기도,국내온라인거래,항공여객운송서비스,청약철회
2024031574,2024-06-14,남자,불명,경상남도,국내온라인거래,기타컴퓨터·주변기기,계약불이행(불완전이행)
2024031578,2024-06-14,남자,30 - 39세,경기도,일반판매,기타자동차용품,AS불만
2024031597,2024-06-14,남자,30 - 39세,서울특별시,국내온라인거래,스마트폰,청약철회
2024031598,2024-06-14,여자,20 - 29세,경기도,국내온라인거래,핸드백,청약철회
2024031599,2024-06-14,남자,30 - 39세,경기도,기타,스포츠시설이용,계약해제.해지/위약금
2024031600,2024-06-14,여자,20 - 29세,서울특별시,국내온라인거래,달걀,품질(물품/용역)
2024031601,2024-06-14,여자,30 - 39세,서울특별시,일반판매,각종공연관람,계약불이행(불완전이행)
2024031602,2024-06-14,여자,20 - 29세,경기도,일반판매,헬스장,계약해제.해지/위약금
2024031603,2024-06-14,여자,30 - 39세,서울특별시,모바일거래,기타숙박시설,계약해제.해지/위약금
2024031604,2024-06-14,남자,40 - 49세,부산광역시,국내온라인거래,스포츠웨어,청약철회
2024031605,2024-06-14,여자,20 - 29세,경기도,국내온라인거래,각종공연관람,계약불이행(불완전이행)
2024031606,2024-06-14,남자,40 - 49세,세종특별자치시,일반판매,가구세트,부당행위
2024031607,2024-06-14,여자,65 - 69세,서울특별시,일반판매,원피스,계약해제.해지/위약금
2024031608,2024-06-14,여자,30 - 39세,서울특별시,국내온라인거래,각종공연관람,계약불이행(불완전이행)
2024031609,2024-06-14,여자,40 - 49세,서울특별시,국내온라인거래,셔츠,청약철회
2024031610,2024-06-14,여자,40 - 49세,서울특별시,일반판매,골프회원권,계약해제.해지/위약금
2024031611,2024-06-14,여자,30 - 39세,서울특별시,일반판매,필라테스,계약해제.해지/위약금
2024031612,2024-06-14,여자,30 - 39세,경기도,국내온라인거래,각종공연관람,계약불이행(불완전이행)
2024031613,2024-06-14,남자,40 - 49세,서울특별시,일반판매,국외여행,계약해제.해지/위약금
2024031684,2024-06-14,남자,30 - 39세,대구광역시,일반판매,신발세탁,품질(물품/용역)
2024031685,2024-06-14,남자,20 - 29세,전라북도,기타,사진촬영,계약해제.해지/위약금
2024031686,2024-06-14,여자,30 - 39세,경기도,일반판매,매실추출물제품,품질(물품/용역)
2024031687,2024-06-14,여자,50 - 59세,경기도,모바일거래,장식장,표시.광고
2024031688,2024-06-14,여자,20 - 29세,인천광역시,기타,전기세탁기,품질(물품/용역)
2024031689,2024-06-14,여자,40 - 49세,서울특별시,일반판매,기타사설강습서비스,계약해제.해지/위약금
2024031690,2024-06-14,여자,20 - 29세,경기도,방문판매,헬스장,청약철회
2024031691,2024-06-14,여자,30 - 39세,부산광역시,기타,헬스장,계약해제.해지/위약금
2024031692,2024-06-14,여자,30 - 39세,경기도,일반판매,수영장회원권,계약해제.해지/위약금
2024031693,2024-06-14,여자,20 - 29세,경기도,일반판매,헬스장,계약해제.해지/위약금
2024031694,2024-06-14,남자,40 - 49세,경기도,국내온라인거래,항공여객운송서비스,계약불이행(불완전이행)
2024031695,2024-06-14,남자,30 - 39세,서울특별시,국내온라인거래,레포츠장비대여(렌트),부당행위
2024031696,2024-06-14,여자,30 - 39세,경기도,일반판매,모자,청약철회
2024031697,2024-06-14,여자,20 - 29세,서울특별시,국내온라인거래,각종공연관람,계약해제.해지/위약금
2024031698,2024-06-14,여자,20 - 29세,서울특별시,국내온라인거래,식사배달,계약불이행(불완전이행)
2024031699,2024-06-14,남자,30 - 39세,서울특별시,일반판매,변호서비스,계약해제.해지/위약금
2024031700,2024-06-14,남자,20 - 29세,서울특별시,일반판매,각종자격취득강습,계약불이행(불완전이행)
2024031701,2024-06-14,여자,20 - 29세,경기도,국내온라인거래,각종공연관람,계약불이행(불완전이행)
2024031614,2024-06-14,여자,20 - 29세,서울특별시,일반판매,건물청소서비스,계약불이행(불완전이행)
2024031615,2024-06-14,남자,30 - 39세,경상북도,국내온라인거래,호텔,청약철회
2024031616,2024-06-14,남자,40 - 49세,서울특별시,일반판매,초고속인터넷,계약불이행(불완전이행)
2024031617,2024-06-14,남자,30 - 39세,경기도,소셜커머스(쇼핑),티셔츠,계약불이행(불완전이행)
2024031618,2024-06-14,남자,60 - 64세,경기도,일반판매,초고속인터넷,부당행위
2024031619,2024-06-14,남자,65 - 69세,부산광역시,소셜커머스(쇼핑),김치,품질(물품/용역)
2024031620,2024-06-14,남자,20 - 29세,대구광역시,국제온라인거래,모바일정보이용서비스,청약철회
2024031621,2024-06-14,여자,30 - 39세,강원특별자치도,국내온라인거래,각종공연관람,계약해제.해지/위약금
2024031622,2024-06-14,남자,40 - 49세,서울특별시,일반판매,헬스장,계약해제.해지/위약금
2024031623,2024-06-14,여자,20 - 29세,서울특별시,국내온라인거래,인터넷교육서비스,계약해제.해지/위약금
2024031624,2024-06-14,여자,40 - 49세,경기도,일반판매,물안경,품질(물품/용역)
2024031625,2024-06-14,여자,30 - 39세,경기도,일반판매,변호서비스,가격.요금
2024031626,2024-06-14,남자,30 - 39세,경기도,국내온라인거래,인터넷게임서비스,부당행위
2024031627,2024-06-14,남자,60 - 64세,충청남도,기타통신판매,안경·안경테,품질(물품/용역)
2024031628,2024-06-14,여자,60 - 64세,서울특별시,국내온라인거래,김치냉장고,품질(물품/용역)
2024031629,2024-06-14,여자,20 - 29세,인천광역시,국내온라인거래,인터넷교육서비스,부당행위
2024031630,2024-06-14,남자,20 - 29세,인천광역시,방문판매,헬스장,계약해제.해지/위약금
2024031631,2024-06-14,여자,20 - 29세,서울특별시,국내온라인거래,각종공연관람,계약해제.해지/위약금
2024031702,2024-06-14,남자,40 - 49세,서울특별시,국내온라인거래,룸에어컨,AS불만
2024031703,2024-06-14,남자,50 - 59세,강원특별자치도,일반판매,헬스장,계약해제.해지/위약금
2024031704,2024-06-14,남자,30 - 39세,서울특별시,국내온라인거래,각종공연관람,계약불이행(불완전이행)
2024031705,2024-06-14,여자,30 - 39세,경기도,국내온라인거래,각종공연관람,계약불이행(불완전이행)
2024031706,2024-06-14,여자,30 - 39세,경기도,전화권유판매,필라테스,계약해제.해지/위약금
2024031707,2024-06-14,남자,30 - 39세,서울특별시,국내온라인거래,인터넷정보이용서비스,부당행위
2024031708,2024-06-14,남자,40 - 49세,인천광역시,전화권유판매,이동전화서비스,거래관행
2024031709,2024-06-14,남자,40 - 49세,경기도,국내온라인거래,모니터,청약철회
2024031710,2024-06-14,남자,20 - 29세,서울특별시,방문판매,콘도회원권,청약철회
2024031711,2024-06-14,남자,20 - 29세,경기도,소셜커머스(쇼핑),각종공연관람,계약불이행(불완전이행)
2024031712,2024-06-14,여자,30 - 39세,대전광역시,국내온라인거래,기타가구,계약불이행(불완전이행)
2024031713,2024-06-14,여자,30 - 39세,대구광역시,일반판매,기타음료,품질(물품/용역)
2024031714,2024-06-14,여자,40 - 49세,경기도,소셜커머스(쇼핑),스포츠웨어,청약철회
2024031715,2024-06-14,여자,20 - 29세,경기도,모바일거래,각종공연관람,계약불이행(불완전이행)
2024031716,2024-06-14,여자,20 - 29세,서울특별시,일반판매,일반강습(입시학원등),계약불이행(불완전이행)
2024031717,2024-06-14,남자,20 - 29세,경기도,국내온라인거래,통신기기케이스,품질(물품/용역)
2024031632,2024-06-14,남자,50 - 59세,서울특별시,일반판매,IPTV,계약해제.해지/위약금
2024031633,2024-06-14,여자,30 - 39세,경기도,일반판매,각종자격취득강습,계약해제.해지/위약금
2024031634,2024-06-14,여자,20 - 29세,인천광역시,기타,기타이·미용서비스,품질(물품/용역)
2024031635,2024-06-14,남자,40 - 49세,경상남도,일반판매,가스보일러,계약불이행(불완전이행)
2024031636,2024-06-14,여자,10 - 19세,서울특별시,국내온라인거래,기타신발·용품,청약철회
2024031637,2024-06-14,남자,30 - 39세,경상남도,일반판매,예식서비스,계약해제.해지/위약금
2024031638,2024-06-14,여자,30 - 39세,경기도,국내온라인거래,핸드백,청약철회
2024031639,2024-06-14,남자,30 - 39세,인천광역시,국내온라인거래,호텔,계약해제.해지/위약금
2024031640,2024-06-14,남자,60 - 64세,강원특별자치도,전화권유판매,유사투자자문,계약해제.해지/위약금
2024031641,2024-06-14,남자,50 - 59세,서울특별시,일반판매,기타통신기기,품질(물품/용역)
2024031642,2024-06-14,여자,30 - 39세,전라남도,국내온라인거래,기타가구,청약철회
2024031643,2024-06-14,여자,20 - 29세,경상남도,일반판매,침대,품질(물품/용역)
2024031644,2024-06-14,여자,30 - 39세,강원특별자치도,국내온라인거래,각종공연관람,계약해제.해지/위약금
2024031645,2024-06-14,여자,20 - 29세,서울특별시,국내온라인거래,기타정보이용서비스,부당행위
2024031646,2024-06-14,남자,40 - 49세,대구광역시,일반판매,공기청정기대여(렌트),부당행위
2024031647,2024-06-14,여자,30 - 39세,인천광역시,국내온라인거래,기타미분류물품,품질(물품/용역)
2024031648,2024-06-14,여자,60 - 64세,경기도,기타,레저시설이용,안전(제품/시설)
2024031495,2024-06-14,여자,30 - 39세,서울특별시,모바일거래,항공여객운송서비스,청약철회
2024031497,2024-06-14,여자,50 - 59세,경기도,일반판매,전동킥보드,AS불만
2024031527,2024-06-14,여자,30 - 39세,충청남도,기타통신판매,보석·귀금속,청약철회
2024031649,2024-06-14,남자,40 - 49세,서울특별시,소셜커머스(쇼핑),기타가구,품질(물품/용역)
2024031650,2024-06-14,여자,30 - 39세,서울특별시,일반판매,아파트,계약불이행(불완전이행)
2024031651,2024-06-14,여자,50 - 59세,서울특별시,국내온라인거래,인터넷교육서비스,계약해제.해지/위약금
2024031652,2024-06-14,남자,40 - 49세,대구광역시,국내온라인거래,스피커,계약해제.해지/위약금
2024031653,2024-06-14,남자,30 - 39세,서울특별시,기타,예식서비스,계약해제.해지/위약금
2024031654,2024-06-14,남자,65 - 69세,서울특별시,국내온라인거래,홍삼제품,계약불이행(불완전이행)
2024031655,2024-06-14,남자,30 - 39세,경상남도,국내온라인거래,스마트폰,청약철회
2024031656,2024-06-14,여자,40 - 49세,경기도,일반판매,필라테스,계약해제.해지/위약금
2024031657,2024-06-14,여자,20 - 29세,서울특별시,국내온라인거래,기타숙박시설,품질(물품/용역)
2024031659,2024-06-14,여자,50 - 59세,대구광역시,일반판매,호텔,품질(물품/용역)
2024031660,2024-06-14,남자,30 - 39세,전라북도,기타,인터넷게임서비스,부당행위
2024031661,2024-06-14,남자,40 - 49세,경기도,국내온라인거래,기타가사용품,품질(물품/용역)
2024031662,2024-06-14,남자,60 - 64세,서울특별시,일반판매,국외여행,계약불이행(불완전이행)
2024031663,2024-06-14,남자,20 - 29세,경기도,일반판매,가스에어컨,계약불이행(불완전이행)
2024031664,2024-06-14,남자,30 - 39세,서울특별시,국내온라인거래,숙녀화(구두·부츠 등),청약철회
2024031665,2024-06-14,남자,40 - 49세,경기도,일반판매,도배공사,AS불만
2024029986,2024-06-14,여자,40 - 49세,경기도,일반판매,양복(서양식 의복)세탁,품질(물품/용역)
2024030443,2024-06-14,여자,20 - 29세,충청남도,일반판매,양복(서양식 의복)세탁,품질(물품/용역)
2024031570,2024-06-14,남자,30 - 39세,인천광역시,일반판매,대형승용자동차,AS불만
2024031585,2024-06-14,남자,50 - 59세,해외 및 기타,국제온라인거래,기타건강식품,계약불이행(불완전이행)
2024031588,2024-06-14,남자,60 - 64세,충청남도,일반판매,대형승용자동차,안전(제품/시설)
2024030744,2024-06-14,남자,20 - 29세,경상남도,일반판매,피혁세탁,품질(물품/용역)
2024031563,2024-06-14,남자,50 - 59세,서울특별시,일반판매,정수기대여(렌트),계약해제.해지/위약금
2024031569,2024-06-14,여자,65 - 69세,서울특별시,기타,일반이사운송서비스,품질(물품/용역)
2024031573,2024-06-14,남자,50 - 59세,인천광역시,국내온라인거래,전기자전거,품질(물품/용역)
2024031477,2024-06-14,여자,40 - 49세,서울특별시,일반판매,미분류대여(렌트),품질(물품/용역)
2024031481,2024-06-14,여자,30 - 39세,경기도,일반판매,전기자전거,품질(물품/용역)
2024031484,2024-06-14,여자,50 - 59세,대전광역시,국내온라인거래,TV,품질(물품/용역)
2024031489,2024-06-14,여자,50 - 59세,서울특별시,일반판매,헬스장,계약해제.해지/위약금
2024031530,2024-06-14,남자,30 - 39세,경기도,일반판매,레저시설이용,계약해제.해지/위약금
2024031552,2024-06-14,여자,20 - 29세,서울특별시,일반판매,피부·체형관리서비스,계약해제.해지/위약금
2024030750,2024-06-14,여자,50 - 59세,경상남도,일반판매,양복(서양식 의복)세탁,품질(물품/용역)
2024028077,2024-06-14,여자,50 - 59세,경기도,일반판매,양복(서양식 의복)세탁,품질(물품/용역)
2024028432,2024-06-14,여자,50 - 59세,충청남도,일반판매,기타가방,품질(물품/용역)
2024028595,2024-06-14,여자,40 - 49세,광주광역시,일반판매,양복(서양식 의복)세탁,품질(물품/용역)
2024031513,2024-06-14,남자,20 - 29세,서울특별시,국내온라인거래,항공여객운송서비스,계약해제.해지/위약금
2024031577,2024-06-14,여자,20 - 29세,경기도,기타통신판매,미분류컨설팅(자문),계약해제.해지/위약금
2024028768,2024-06-14,남자,50 - 59세,대구광역시,일반판매,티셔츠,품질(물품/용역)
2024031582,2024-06-14,남자,40 - 49세,서울특별시,일반판매,타이어,품질(물품/용역)
2024031721,2024-06-15,남자,30 - 39세,부산광역시,일반판매,헬스장,계약해제.해지/위약금
2024031747,2024-06-15,남자,40 - 49세,서울특별시,일반판매,선풍기,AS불만
2024031722,2024-06-15,남자,30 - 39세,서울특별시,일반판매,헬스장,계약해제.해지/위약금
2024031723,2024-06-15,남자,40 - 49세,제주도,일반판매,정수기대여(렌트),계약해제.해지/위약금
2024031724,2024-06-15,여자,30 - 39세,경상북도,일반판매,일반이사운송서비스,품질(물품/용역)
2024031725,2024-06-15,남자,50 - 59세,서울특별시,일반판매,정수기대여(렌트),계약해제.해지/위약금
2024031726,2024-06-15,여자,60 - 64세,강원특별자치도,모바일거래,항공여객운송서비스,계약해제.해지/위약금
2024031727,2024-06-15,여자,20 - 29세,경기도,국내온라인거래,각종공연관람,계약불이행(불완전이행)
2024031728,2024-06-15,남자,20 - 29세,서울특별시,일반판매,헬스장,계약해제.해지/위약금
2024031729,2024-06-15,여자,20 - 29세,서울특별시,일반판매,포장이사운송서비스,품질(물품/용역)
2024031730,2024-06-15,남자,30 - 39세,경기도,일반판매,헬스장,계약해제.해지/위약금
2024031731,2024-06-15,남자,30 - 39세,대전광역시,전화권유판매,비데,계약해제.해지/위약금
2024031732,2024-06-15,남자,20 - 29세,경기도,기타통신판매,기타스포츠·레저기구·용품,청약철회
2024031733,2024-06-15,여자,40 - 49세,인천광역시,일반판매,미용서비스,품질(물품/용역)
2024031734,2024-06-15,남자,50 - 59세,서울특별시,국내온라인거래,기타가방,품질(물품/용역)
2024031735,2024-06-15,남자,50 - 59세,서울특별시,국내온라인거래,스포츠웨어,AS불만
2024031736,2024-06-15,여자,40 - 49세,경상남도,방문판매,인터넷교육서비스,계약해제.해지/위약금
2024031737,2024-06-15,남자,30 - 39세,경상북도,전화권유판매,국내결혼중개,계약해제.해지/위약금
2024031738,2024-06-15,남자,20 - 29세,경기도,국내온라인거래,화장대,청약철회
2024031739,2024-06-15,남자,50 - 59세,서울특별시,국제온라인거래,호텔,청약철회
2024031740,2024-06-15,여자,20 - 29세,충청북도,국내온라인거래,기타숙박시설,계약불이행(불완전이행)
2024031741,2024-06-15,남자,20 - 29세,경기도,일반판매,기타미분류물품,품질(물품/용역)
2024031742,2024-06-15,여자,40 - 49세,인천광역시,기타,헬스장,계약해제.해지/위약금
2024031743,2024-06-15,여자,50 - 59세,서울특별시,일반판매,국외여행,품질(물품/용역)
2024031718,2024-06-15,여자,20 - 29세,서울특별시,국내온라인거래,각종공연관람,계약불이행(불완전이행)
2024031719,2024-06-15,여자,60 - 64세,전라남도,TV홈쇼핑,가구리폼·수리,품질(물품/용역)
2024031744,2024-06-15,여자,30 - 39세,강원특별자치도,국내온라인거래,기타컴퓨터·주변기기,AS불만
2024031745,2024-06-15,여자,40 - 49세,전라남도,국내온라인거래,기타의료용구,부당행위
2024031720,2024-06-15,여자,50 - 59세,광주광역시,기타,포장이사운송서비스,단순문의.상담
2024031746,2024-06-15,남자,20 - 29세,인천광역시,일반판매,전기장판,안전(제품/시설)
2024031749,2024-06-16,남자,20 - 29세,서울특별시,국내온라인거래,기타건축자재,품질(물품/용역)
2024031756,2024-06-16,남자,65 - 69세,서울특별시,국내온라인거래,기타간편복,청약철회
2024031757,2024-06-16,남자,30 - 39세,서울특별시,일반판매,기타세탁서비스,품질(물품/용역)
2024031758,2024-06-16,남자,30 - 39세,서울특별시,일반판매,펜션,계약해제.해지/위약금
2024031759,2024-06-16,남자,20 - 29세,인천광역시,방문판매,홍삼제품,청약철회
2024031750,2024-06-16,여자,20 - 29세,경기도,일반판매,이동전화서비스,계약해제.해지/위약금
2024031751,2024-06-16,여자,30 - 39세,경기도,일반판매,포장이사운송서비스,계약불이행(불완전이행)
2024031752,2024-06-16,여자,30 - 39세,서울특별시,기타,점퍼·재킷류,품질(물품/용역)
2024031753,2024-06-16,여자,50 - 59세,서울특별시,국내온라인거래,인터넷정보이용서비스,약관
2024031754,2024-06-16,여자,20 - 29세,서울특별시,전화권유판매,인터넷정보이용서비스,계약해제.해지/위약금
2024031755,2024-06-16,남자,60 - 64세,경상남도,일반판매,초고속인터넷,계약불이행(불완전이행)
2024031778,2024-06-17,여자,30 - 39세,광주광역시,소셜커머스(쇼핑),스포츠웨어,청약철회
2024031841,2024-06-17,여자,60 - 64세,경기도,기타,정수기대여(렌트),부당행위
2024031886,2024-06-17,남자,60 - 64세,충청남도,방문판매,기타의자류,계약해제.해지/위약금
2024031908,2024-06-17,여자,50 - 59세,제주도,일반판매,중형승용자동차,품질(물품/용역)
2024031932,2024-06-17,남자,40 - 49세,경상남도,국내온라인거래,성기능향상기기,계약해제.해지/위약금
2024031896,2024-06-17,남자,20 - 29세,강원특별자치도,국내온라인거래,펜션,계약해제.해지/위약금
2024031910,2024-06-17,남자,60 - 64세,대구광역시,전화권유판매,상조서비스,계약해제.해지/위약금
2024031922,2024-06-17,여자,30 - 39세,서울특별시,일반판매,이동전화서비스,청약철회
2024031925,2024-06-17,여자,65 - 69세,경기도,일반판매,이동전화서비스,계약불이행(불완전이행)
2024031831,2024-06-17,남자,20 - 29세,울산광역시,국내온라인거래,각종공연관람,거래관행
2024031832,2024-06-17,여자,30 - 39세,경기도,소셜커머스(쇼핑),원피스,청약철회
2024031783,2024-06-17,여자,50 - 59세,충청남도,일반판매,전기진공청소기,품질(물품/용역)
2024031784,2024-06-17,여자,50 - 59세,경상북도,기타,건강(암·기타질병)보험,계약불이행(불완전이행)
2024031790,2024-06-17,여자,50 - 59세,인천광역시,일반판매,필라테스,계약해제.해지/위약금
2024031869,2024-06-17,여자,30 - 39세,서울특별시,국내온라인거래,국외여행,계약해제.해지/위약금
2024031894,2024-06-17,여자,50 - 59세,경상북도,방문판매,식탁,청약철회
2024031895,2024-06-17,여자,30 - 39세,인천광역시,방문판매,실손보험,계약불이행(불완전이행)
2024031899,2024-06-17,남자,20 - 29세,부산광역시,국내온라인거래,스포츠관람,계약해제.해지/위약금
2024031769,2024-06-17,여자,20 - 29세,서울특별시,기타,교통카드,계약불이행(불완전이행)
2024031789,2024-06-17,남자,30 - 39세,경기도,일반판매,미용서비스,계약해제.해지/위약금
2024031842,2024-06-17,남자,65 - 69세,서울특별시,모바일거래,자동차주차장,계약불이행(불완전이행)
2024031796,2024-06-17,여자,80세이상,대전광역시,TV홈쇼핑,기타조리기기·기구,AS불만
2024031855,2024-06-17,남자,30 - 39세,울산광역시,일반판매,기타자동차부품,AS불만
2024031859,2024-06-17,남자,30 - 39세,경기도,모바일거래,카셰어링,계약불이행(불완전이행)
2024031854,2024-06-17,남자,30 - 39세,대구광역시,국내온라인거래,브레이크,표시.광고
2024031856,2024-06-17,남자,30 - 39세,경기도,일반판매,중형승용자동차,AS불만
2024031875,2024-06-17,남자,40 - 49세,충청남도,일반판매,택배화물운송서비스,계약불이행(불완전이행)
2024031880,2024-06-17,남자,60 - 64세,광주광역시,국내온라인거래,전기맛사지기,품질(물품/용역)
2024031885,2024-06-17,남자,불명,대구광역시,일반판매,소파,계약해제.해지/위약금
2024031900,2024-06-17,남자,40 - 49세,대전광역시,일반판매,헬스장,계약해제.해지/위약금
2024031891,2024-06-17,남자,30 - 39세,경기도,방문판매,정수기대여(렌트),계약해제.해지/위약금
2024031905,2024-06-17,남자,30 - 39세,서울특별시,국내온라인거래,각종자격취득강습,표시.광고
2024031933,2024-06-17,여자,65 - 69세,대구광역시,일반판매,성형외과,품질(물품/용역)
2024031762,2024-06-17,남자,50 - 59세,경상북도,일반판매,재활의학과,품질(물품/용역)
2024031760,2024-06-17,여자,30 - 39세,서울특별시,기타,예식서비스,계약해제.해지/위약금
2024031850,2024-06-17,남자,40 - 49세,서울특별시,일반판매,전기오븐,품질(물품/용역)
2024031821,2024-06-17,여자,30 - 39세,경기도,국내온라인거래,항공여객운송서비스,부당행위
2024031793,2024-06-17,여자,20 - 29세,경기도,국내온라인거래,커튼,청약철회
2024031820,2024-06-17,남자,50 - 59세,경기도,국내온라인거래,외장하드,부당행위
2024031823,2024-06-17,남자,20 - 29세,서울특별시,일반판매,자동차대여(렌트),계약해제.해지/위약금
2024031836,2024-06-17,남자,40 - 49세,충청남도,국제온라인거래,항공여객운송서비스,계약불이행(불완전이행)
2024031857,2024-06-17,여자,20 - 29세,경기도,일반판매,헬스장,부당채권추심
2024031862,2024-06-17,남자,40 - 49세,경기도,모바일거래,인터넷게임서비스,부당행위
2024031909,2024-06-17,여자,40 - 49세,서울특별시,국내온라인거래,자동차대여(렌트),계약불이행(불완전이행)
2024031943,2024-06-17,남자,50 - 59세,경기도,방문판매,콘도회원권,계약불이행(불완전이행)
2024030490,2024-06-17,여자,60 - 64세,경기도,일반판매,양복(서양식 의복)세탁,품질(물품/용역)
2024031881,2024-06-17,여자,50 - 59세,대전광역시,일반판매,기타세탁서비스,부당행위
2024031882,2024-06-17,남자,30 - 39세,서울특별시,국내온라인거래,자동차대여(렌트),부당행위
2024031883,2024-06-17,남자,50 - 59세,인천광역시,국내온라인거래,스포츠웨어,부당행위
2024031763,2024-06-17,남자,65 - 69세,충청북도,기타통신판매,노트북컴퓨터,AS불만
2024031781,2024-06-17,남자,30 - 39세,서울특별시,국내온라인거래,기타가정용공구,품질(물품/용역)
2024031807,2024-06-17,여자,30 - 39세,경상북도,국내온라인거래,건물청소서비스,계약불이행(불완전이행)
2024031834,2024-06-17,남자,40 - 49세,경기도,국내온라인거래,기타숙박시설,계약해제.해지/위약금
2024031835,2024-06-17,남자,40 - 49세,경기도,일반판매,기타미분류서비스,계약불이행(불완전이행)
2024031851,2024-06-17,여자,30 - 39세,인천광역시,일반판매,김치냉장고,품질(물품/용역)
2024031860,2024-06-17,남자,30 - 39세,경기도,일반판매,중고자동차중개·매매,품질(물품/용역)
2024031863,2024-06-17,여자,30 - 39세,경기도,기타통신판매,기타매체광고,부당행위
2024031877,2024-06-17,남자,65 - 69세,경상북도,기타통신판매,인터넷정보이용서비스,계약불이행(불완전이행)
2024031878,2024-06-17,남자,30 - 39세,전라북도,국내온라인거래,항공여객운송서비스,품질(물품/용역)
2024031884,2024-06-17,여자,60 - 64세,서울특별시,방문판매,미용서비스,계약해제.해지/위약금
2024031902,2024-06-17,여자,20 - 29세,경기도,일반판매,자동차대여(렌트),계약불이행(불완전이행)
2024031914,2024-06-17,남자,30 - 39세,경기도,소셜커머스(쇼핑),애완동물기타,계약불이행(불완전이행)
2024031915,2024-06-17,여자,40 - 49세,경기도,국내온라인거래,국외여행,청약철회
2024031916,2024-06-17,여자,20 - 29세,충청북도,일반판매,헬스장,계약해제.해지/위약금
2024031926,2024-06-17,남자,30 - 39세,대구광역시,일반판매,예식서비스,계약해제.해지/위약금
2024031931,2024-06-17,남자,70 - 79세,광주광역시,기타,아파트,계약해제.해지/위약금
2024031937,2024-06-17,남자,65 - 69세,경기도,모바일거래,기타주택·건물,계약불이행(불완전이행)
2024031761,2024-06-17,남자,70 - 79세,경상북도,일반판매,신경외과,품질(물품/용역)
2024031764,2024-06-17,남자,70 - 79세,서울특별시,일반판매,소형화물자동차,계약불이행(불완전이행)
2024031774,2024-06-17,여자,40 - 49세,서울특별시,기타통신판매,각종자격취득강습,계약해제.해지/위약금
2024031795,2024-06-17,여자,60 - 64세,서울특별시,기타,버스여객운송서비스,품질(물품/용역)
2024031813,2024-06-17,여자,50 - 59세,서울특별시,일반판매,치과,품질(물품/용역)
2024031948,2024-06-17,남자,60 - 64세,인천광역시,기타,항공여객운송서비스,계약불이행(불완전이행)
2024031765,2024-06-17,여자,50 - 59세,서울특별시,국내온라인거래,스포츠웨어,청약철회
2024031938,2024-06-17,여자,40 - 49세,경상남도,모바일거래,부업알선,청약철회
2024031939,2024-06-17,여자,30 - 39세,경기도,소셜커머스(쇼핑),전기자전거,AS불만
2024031942,2024-06-17,남자,20 - 29세,경기도,일반판매,이동전화서비스,부당행위
2024031768,2024-06-17,여자,30 - 39세,대구광역시,일반판매,기타세탁서비스,품질(물품/용역)
2024031782,2024-06-17,여자,30 - 39세,경기도,국내온라인거래,캐주얼바지,품질(물품/용역)
2024031788,2024-06-17,남자,30 - 39세,경기도,일반판매,골프용품,부당행위
2024031791,2024-06-17,여자,40 - 49세,서울특별시,일반판매,골프회원권,계약불이행(불완전이행)
2024031801,2024-06-17,남자,30 - 39세,서울특별시,모바일거래,항공여객운송서비스,청약철회
2024031804,2024-06-17,여자,60 - 64세,서울특별시,모바일거래,유사투자자문,계약해제.해지/위약금
2024031808,2024-06-17,남자,30 - 39세,경기도,기타,룸에어컨,부당행위
2024031810,2024-06-17,남자,50 - 59세,경기도,국내온라인거래,항공여객운송서비스,계약불이행(불완전이행)
2024031811,2024-06-17,여자,50 - 59세,인천광역시,TV홈쇼핑,기타과일·과일가공식품,부당행위
2024031812,2024-06-17,남자,50 - 59세,전라북도,전화권유판매,유사투자자문,계약불이행(불완전이행)
2024031815,2024-06-17,남자,50 - 59세,강원특별자치도,일반판매,태블릿PC,품질(물품/용역)
2024031822,2024-06-17,여자,20 - 29세,서울특별시,일반판매,실손보험,계약불이행(불완전이행)
2024031825,2024-06-17,남자,30 - 39세,경기도,일반판매,자동차수리·점검,품질(물품/용역)
2024031830,2024-06-17,여자,20 - 29세,서울특별시,모바일거래,기타사설강습서비스,부당행위
2024031858,2024-06-17,남자,30 - 39세,서울특별시,일반판매,기타유아용식생활용품,청약철회
2024031870,2024-06-17,여자,30 - 39세,경기도,방문판매,가스에어컨,부당행위
2024031800,2024-06-17,여자,30 - 39세,인천광역시,국내온라인거래,각종공연관람,계약해제.해지/위약금
2024031803,2024-06-17,여자,30 - 39세,인천광역시,국내온라인거래,기타일반화장품,품질(물품/용역)
2024031840,2024-06-17,여자,20 - 29세,경기도,국내온라인거래,보조배터리,품질(물품/용역)
2024031845,2024-06-17,남자,50 - 59세,대전광역시,전화권유판매,기타건강식품,부당행위
2024031846,2024-06-17,여자,30 - 39세,경기도,소셜커머스(쇼핑),스포츠웨어,청약철회
2024031866,2024-06-17,남자,50 - 59세,부산광역시,일반판매,대형승용자동차,품질(물품/용역)
2024031873,2024-06-17,남자,60 - 64세,대구광역시,기타통신판매,침대·매트리스대여(렌트),계약불이행(불완전이행)
2024031874,2024-06-17,남자,30 - 39세,인천광역시,일반판매,전기자전거,품질(물품/용역)
2024031887,2024-06-17,여자,65 - 69세,서울특별시,국내온라인거래,기타조리기기·기구,품질(물품/용역)
2024031892,2024-06-17,여자,20 - 29세,경기도,국내온라인거래,항공여객운송서비스,계약해제.해지/위약금
2024031924,2024-06-17,남자,50 - 59세,서울특별시,일반판매,자동차대여(렌트),품질(물품/용역)
2024031936,2024-06-17,남자,70 - 79세,서울특별시,일반판매,중형승용자동차,품질(물품/용역)
2024031949,2024-06-17,남자,30 - 39세,대전광역시,소셜커머스(쇼핑),기타스포츠·레저기구·용품,청약철회
2024031950,2024-06-17,여자,30 - 39세,서울특별시,국내온라인거래,전기스탠드,계약해제.해지/위약금
2024031951,2024-06-17,여자,50 - 59세,경기도,기타,포장이사운송서비스,품질(물품/용역)
2024031952,2024-06-17,여자,40 - 49세,서울특별시,국내온라인거래,화장실설비,AS불만
2024031953,2024-06-17,남자,30 - 39세,서울특별시,일반판매,신사복세트,계약해제.해지/위약금
2024031954,2024-06-17,여자,20 - 29세,경기도,일반판매,헬스장,계약해제.해지/위약금
2024031955,2024-06-17,여자,30 - 39세,서울특별시,일반판매,항공여객운송서비스,계약불이행(불완전이행)
2024031956,2024-06-17,여자,30 - 39세,경기도,국내온라인거래,인터넷교육서비스,가격.요금
2024031957,2024-06-17,여자,20 - 29세,대구광역시,모바일거래,기타사설강습서비스,계약불이행(불완전이행)
2024031958,2024-06-17,여자,20 - 29세,경상남도,국내온라인거래,독서실이용,계약해제.해지/위약금
2024031959,2024-06-17,남자,30 - 39세,부산광역시,국내온라인거래,노트북컴퓨터,품질(물품/용역)
2024031960,2024-06-17,남자,40 - 49세,대구광역시,국내온라인거래,응접테이블,청약철회
2024031961,2024-06-17,여자,30 - 39세,서울특별시,국내온라인거래,캐주얼바지,품질(물품/용역)
2024031962,2024-06-17,남자,50 - 59세,서울특별시,국내온라인거래,스포츠웨어,품질(물품/용역)
2024031963,2024-06-17,여자,50 - 59세,경기도,국내온라인거래,테이프레코더(녹음),계약불이행(불완전이행)
2024031964,2024-06-17,여자,30 - 39세,경기도,기타,봉지면,부당행위
2024031965,2024-06-17,남자,20 - 29세,서울특별시,일반판매,헬스장,계약해제.해지/위약금
2024031966,2024-06-17,남자,20 - 29세,경기도,일반판매,헬스장,계약해제.해지/위약금
2024031814,2024-06-17,여자,50 - 59세,울산광역시,일반판매,치과,계약불이행(불완전이행)
2024031826,2024-06-17,여자,50 - 59세,충청남도,국내온라인거래,기타건강식품,계약불이행(불완전이행)
2024031833,2024-06-17,남자,30 - 39세,서울특별시,방문판매,건강(암·기타질병)보험,계약불이행(불완전이행)
2024031837,2024-06-17,남자,40 - 49세,경기도,일반판매,책장·서가,AS불만
2024031852,2024-06-17,여자,30 - 39세,인천광역시,국내온라인거래,각종공연관람,청약철회
2024031911,2024-06-17,여자,30 - 39세,대구광역시,국내온라인거래,오일류,청약철회
2024031929,2024-06-17,남자,30 - 39세,경기도,국내온라인거래,숙녀화(구두·부츠 등),계약불이행(불완전이행)
2024031967,2024-06-17,남자,20 - 29세,서울특별시,일반판매,기타수선·염색서비스,부당행위
2024031968,2024-06-17,남자,30 - 39세,경기도,국내온라인거래,보석·귀금속,부당행위
2024031969,2024-06-17,여자,20 - 29세,경기도,방문판매,헬스장,계약해제.해지/위약금
2024031970,2024-06-17,남자,40 - 49세,대전광역시,일반판매,기타놀이·게임기구,계약해제.해지/위약금
2024031971,2024-06-17,남자,40 - 49세,세종특별자치시,일반판매,이동전화서비스,부당채권추심
2024031972,2024-06-17,여자,40 - 49세,경기도,국내온라인거래,기타숙박시설,계약해제.해지/위약금
2024031973,2024-06-17,여자,30 - 39세,경기도,기타통신판매,호텔,계약해제.해지/위약금
2024031974,2024-06-17,여자,30 - 39세,서울특별시,국내온라인거래,각종공연관람,계약해제.해지/위약금
2024031975,2024-06-17,여자,10 - 19세,경상북도,모바일거래,미용서비스,계약해제.해지/위약금
2024031976,2024-06-17,여자,30 - 39세,경기도,기타,기타인테리어설비,품질(물품/용역)
2024031977,2024-06-17,여자,20 - 29세,인천광역시,국내온라인거래,여성용내의류,품질(물품/용역)
2024031978,2024-06-17,여자,20 - 29세,부산광역시,방문판매,헬스장,계약해제.해지/위약금
2024031979,2024-06-17,여자,40 - 49세,경기도,일반판매,미분류대여(렌트),청약철회
2024031980,2024-06-17,여자,30 - 39세,경기도,일반판매,룸에어컨,품질(물품/용역)
2024031981,2024-06-17,여자,30 - 39세,서울특별시,국내온라인거래,항공여객운송서비스,계약불이행(불완전이행)
2024031982,2024-06-17,여자,20 - 29세,대구광역시,일반판매,테니스장스쿼시회원권,계약해제.해지/위약금
2024031983,2024-06-17,여자,50 - 59세,서울특별시,기타,기타사설강습서비스,계약해제.해지/위약금
2024031984,2024-06-17,여자,40 - 49세,서울특별시,국내온라인거래,기타보건·위생용품,품질(물품/용역)
2024031944,2024-06-17,남자,50 - 59세,광주광역시,방문판매,정수기대여(렌트),계약해제.해지/위약금
2024031985,2024-06-17,여자,40 - 49세,전라북도,일반판매,항공여객운송서비스,품질(물품/용역)
2024031986,2024-06-17,남자,30 - 39세,서울특별시,방문판매,결혼준비대행서비스,계약해제.해지/위약금
2024031987,2024-06-17,여자,40 - 49세,경기도,국내온라인거래,기타매체광고,계약불이행(불완전이행)
2024031988,2024-06-17,여자,65 - 69세,부산광역시,국내온라인거래,국외여행,이자.수수료
2024031989,2024-06-17,남자,30 - 39세,광주광역시,기타,건물청소서비스,AS불만
2024031990,2024-06-17,남자,40 - 49세,부산광역시,일반판매,TV,AS불만
2024031991,2024-06-17,여자,40 - 49세,서울특별시,기타,인터넷교육서비스,무능력자계약
2024031992,2024-06-17,남자,30 - 39세,전라남도,일반판매,헬스장,계약해제.해지/위약금
2024031993,2024-06-17,남자,40 - 49세,경상남도,국내온라인거래,기타숙박시설,계약해제.해지/위약금
2024031994,2024-06-17,남자,30 - 39세,제주도,기타,기타교육서비스,계약불이행(불완전이행)
2024031995,2024-06-17,남자,30 - 39세,전라남도,기타,모바일게임서비스,부당행위
2024031996,2024-06-17,여자,20 - 29세,부산광역시,일반판매,항공여객운송서비스,안전(제품/시설)
2024031997,2024-06-17,여자,40 - 49세,경기도,국내온라인거래,국내여행,품질(물품/용역)
2024031998,2024-06-17,남자,40 - 49세,서울특별시,일반판매,기타주택·건물,AS불만
2024031999,2024-06-17,여자,20 - 29세,전라남도,전화권유판매,영어자격(능력)시험,계약해제.해지/위약금
2024032000,2024-06-17,남자,30 - 39세,경기도,기타,인덕션레인지,계약불이행(불완전이행)
2024032001,2024-06-17,여자,50 - 59세,경기도,방문판매,미분류컨설팅(자문),계약해제.해지/위약금
2024032002,2024-06-17,남자,30 - 39세,인천광역시,기타,기타인테리어설비,계약불이행(불완전이행)
2024032003,2024-06-17,여자,40 - 49세,부산광역시,일반판매,포장이사운송서비스,계약불이행(불완전이행)
2024032004,2024-06-17,남자,40 - 49세,경기도,국내온라인거래,공업용기계,품질(물품/용역)
2024032005,2024-06-17,남자,30 - 39세,서울특별시,일반판매,포장이사운송서비스,계약불이행(불완전이행)
2024032006,2024-06-17,여자,20 - 29세,서울특별시,일반판매,각종공연관람,계약불이행(불완전이행)
2024032007,2024-06-17,남자,50 - 59세,경기도,TV홈쇼핑,호텔,계약해제.해지/위약금
2024032008,2024-06-17,남자,50 - 59세,서울특별시,일반판매,인터넷정보이용서비스,부당행위
2024032009,2024-06-17,여자,40 - 49세,서울특별시,일반판매,헬스장,계약해제.해지/위약금
2024032010,2024-06-17,남자,20 - 29세,서울특별시,일반판매,헬스장,계약해제.해지/위약금
2024032011,2024-06-17,여자,40 - 49세,경기도,일반판매,필라테스,계약해제.해지/위약금
2024032012,2024-06-17,여자,40 - 49세,전라남도,일반판매,국외여행,계약불이행(불완전이행)
2024032013,2024-06-17,여자,50 - 59세,경기도,모바일거래,팬코일(이동식에어컨),청약철회
2024032014,2024-06-17,남자,40 - 49세,인천광역시,국제온라인거래,항공여객운송서비스,계약해제.해지/위약금
2024032015,2024-06-17,여자,30 - 39세,서울특별시,국내온라인거래,기타스포츠·레저기구·용품,청약철회
2024032016,2024-06-17,남자,30 - 39세,서울특별시,모바일거래,철도여객운송서비스,표시.광고
2024032017,2024-06-17,여자,20 - 29세,경기도,기타,피부·체형관리서비스,계약해제.해지/위약금
2024032018,2024-06-17,남자,40 - 49세,인천광역시,방문판매,자동차수리·점검,품질(물품/용역)
2024032019,2024-06-17,여자,30 - 39세,경기도,국내온라인거래,냄비,청약철회
2024032020,2024-06-17,남자,40 - 49세,경기도,국내온라인거래,국외여행,거래관행
2024032021,2024-06-17,남자,20 - 29세,대전광역시,국내온라인거래,인터넷교육서비스,계약해제.해지/위약금
2024032022,2024-06-17,남자,50 - 59세,경기도,일반판매,포장이사운송서비스,품질(물품/용역)
2024032023,2024-06-17,남자,30 - 39세,서울특별시,일반판매,기타곡류·곡류가공식품,품질(물품/용역)
2024032024,2024-06-17,여자,40 - 49세,경기도,기타,변호서비스,계약해제.해지/위약금
2024032025,2024-06-17,여자,40 - 49세,경기도,국내온라인거래,티셔츠,청약철회
2024032026,2024-06-17,여자,30 - 39세,경기도,소셜커머스(쇼핑),기타시계류,품질(물품/용역)
2024032027,2024-06-17,여자,20 - 29세,경기도,방문판매,필라테스,계약해제.해지/위약금
2024032028,2024-06-17,여자,30 - 39세,부산광역시,국내온라인거래,모형완구,청약철회
2024032029,2024-06-17,여자,30 - 39세,서울특별시,일반판매,예식서비스,계약해제.해지/위약금
2024032030,2024-06-17,여자,40 - 49세,대구광역시,기타,피부·체형관리서비스,부당행위
2024032031,2024-06-17,남자,30 - 39세,경기도,전화권유판매,기타매체광고,계약해제.해지/위약금
2024032032,2024-06-17,여자,20 - 29세,인천광역시,일반판매,헬스장,계약해제.해지/위약금
2024032033,2024-06-17,남자,30 - 39세,경기도,방문판매,룸에어컨,계약불이행(불완전이행)
2024032034,2024-06-17,남자,65 - 69세,서울특별시,기타,소파,계약불이행(불완전이행)
2024032035,2024-06-17,여자,20 - 29세,대전광역시,국내온라인거래,욕실설비,청약철회
2024032036,2024-06-17,여자,30 - 39세,서울특별시,일반판매,고시원이용,계약해제.해지/위약금
2024032037,2024-06-17,남자,20 - 29세,충청남도,일반판매,헬스장,계약해제.해지/위약금
2024032038,2024-06-17,여자,40 - 49세,서울특별시,일반판매,이동전화서비스,계약불이행(불완전이행)
2024032039,2024-06-17,여자,40 - 49세,서울특별시,국내온라인거래,숙녀화(구두·부츠 등),품질(물품/용역)
2024032040,2024-06-17,남자,40 - 49세,경기도,방문판매,기타건축자재,계약해제.해지/위약금
2024032041,2024-06-17,여자,30 - 39세,대구광역시,국내온라인거래,기타가구,청약철회
2024032042,2024-06-17,남자,30 - 39세,경기도,방문판매,헬스장,계약해제.해지/위약금
2024032043,2024-06-17,여자,20 - 29세,경기도,일반판매,이동전화서비스,계약불이행(불완전이행)
2024032044,2024-06-17,남자,65 - 69세,경상남도,국내온라인거래,기타의류·섬유,품질(물품/용역)
2024032045,2024-06-17,여자,50 - 59세,전라북도,일반판매,TV,계약불이행(불완전이행)
2024032046,2024-06-17,남자,40 - 49세,서울특별시,일반판매,골프회원권,계약해제.해지/위약금
2024032047,2024-06-17,남자,30 - 39세,경기도,국내온라인거래,쌀,청약철회
2024032048,2024-06-17,여자,40 - 49세,강원특별자치도,기타통신판매,기타미분류물품,계약불이행(불완전이행)
2024032049,2024-06-17,여자,30 - 39세,대구광역시,일반판매,일반강습(입시학원등),계약해제.해지/위약금
2024032050,2024-06-17,남자,30 - 39세,경상남도,전화권유판매,인터넷교육서비스,계약불이행(불완전이행)
2024032051,2024-06-17,여자,30 - 39세,서울특별시,일반판매,피부·체형관리서비스,계약해제.해지/위약금
2024032052,2024-06-17,여자,20 - 29세,세종특별자치시,국내온라인거래,각종공연관람,계약불이행(불완전이행)
2024032053,2024-06-17,남자,40 - 49세,경기도,국제온라인거래,보석·귀금속,청약철회
2024032054,2024-06-17,여자,40 - 49세,광주광역시,국내온라인거래,펜션,품질(물품/용역)
2024032055,2024-06-17,여자,20 - 29세,경기도,방문판매,콘도회원권,청약철회
2024032056,2024-06-17,남자,40 - 49세,인천광역시,방문판매,기타미분류서비스,부당행위
2024032057,2024-06-17,여자,50 - 59세,전라북도,일반판매,기타세트가구류,품질(물품/용역)
2024032058,2024-06-17,남자,30 - 39세,서울특별시,소셜커머스(쇼핑),기타식생활기기,품질(물품/용역)
2024032059,2024-06-17,여자,30 - 39세,제주도,국제온라인거래,호텔,계약해제.해지/위약금
2024032060,2024-06-17,여자,30 - 39세,경기도,기타,사진촬영,청약철회
2024032061,2024-06-17,남자,30 - 39세,경기도,일반판매,초고속인터넷,계약해제.해지/위약금
2024032062,2024-06-17,여자,30 - 39세,서울특별시,국내온라인거래,기타숙박시설,계약불이행(불완전이행)
2024032063,2024-06-17,남자,40 - 49세,부산광역시,일반판매,헤어드라이어,안전(제품/시설)
2024032064,2024-06-17,남자,30 - 39세,서울특별시,국내온라인거래,항공여객운송서비스,계약해제.해지/위약금
2024032065,2024-06-17,여자,20 - 29세,서울특별시,기타,소파,청약철회
2024032066,2024-06-17,여자,30 - 39세,서울특별시,일반판매,독서실이용,계약해제.해지/위약금
2024032067,2024-06-17,여자,30 - 39세,대전광역시,일반판매,항공여객운송서비스,계약불이행(불완전이행)
2024032068,2024-06-17,남자,20 - 29세,충청북도,일반판매,공부방이용,청약철회
2024032069,2024-06-17,여자,30 - 39세,경기도,일반판매,미용서비스,계약해제.해지/위약금
2024032070,2024-06-17,남자,65 - 69세,경기도,국내온라인거래,무선전화기,AS불만
2024032071,2024-06-17,여자,40 - 49세,경기도,국내온라인거래,항공여객운송서비스,부당행위
2024032072,2024-06-17,남자,40 - 49세,대구광역시,국내온라인거래,항공여객운송서비스,계약해제.해지/위약금
2024032073,2024-06-17,남자,40 - 49세,경기도,일반판매,국내결혼중개,계약해제.해지/위약금
2024032074,2024-06-17,남자,40 - 49세,서울특별시,국내온라인거래,호텔,계약불이행(불완전이행)
2024032075,2024-06-17,여자,20 - 29세,서울특별시,국내온라인거래,호텔,계약해제.해지/위약금
2024032076,2024-06-17,여자,50 - 59세,대구광역시,소셜커머스(쇼핑),기타냉장·냉동기기,표시.광고
2024032077,2024-06-17,여자,30 - 39세,경기도,일반판매,사진촬영,청약철회
2024032078,2024-06-17,여자,30 - 39세,서울특별시,전화권유판매,예식서비스,계약해제.해지/위약금
2024032079,2024-06-17,여자,20 - 29세,서울특별시,국내온라인거래,각종공연관람,계약해제.해지/위약금
2024032080,2024-06-17,여자,30 - 39세,서울특별시,일반판매,애완견,청약철회
2024032081,2024-06-17,여자,30 - 39세,경기도,기타통신판매,마우스,계약불이행(불완전이행)
2024032082,2024-06-17,남자,30 - 39세,충청북도,기타통신판매,기타의류·섬유,계약불이행(불완전이행)
2024031816,2024-06-17,여자,40 - 49세,경상북도,일반판매,메이크업강습,부당행위
2024031861,2024-06-17,남자,60 - 64세,부산광역시,전화권유판매,건강(암·기타질병)보험,계약불이행(불완전이행)
2024031876,2024-06-17,남자,40 - 49세,경기도,일반판매,대형승용자동차,AS불만
2024031898,2024-06-17,남자,20 - 29세,경기도,국내온라인거래,항공여객운송서비스,청약철회
2024031917,2024-06-17,여자,20 - 29세,세종특별자치시,기타,국내결혼중개,계약해제.해지/위약금
2024031809,2024-06-17,여자,40 - 49세,서울특별시,기타,포장이사운송서비스,계약불이행(불완전이행)
2024031818,2024-06-17,여자,불명,서울특별시,국내온라인거래,각종공연관람,계약해제.해지/위약금
2024031824,2024-06-17,여자,50 - 59세,강원특별자치도,일반판매,내과,품질(물품/용역)
2024031848,2024-06-17,남자,40 - 49세,경기도,기타,전자담배,AS불만
2024031849,2024-06-17,남자,50 - 59세,경상남도,일반판매,실손보험,계약불이행(불완전이행)
2024031853,2024-06-17,여자,50 - 59세,경기도,일반판매,피부과,품질(물품/용역)
2024031871,2024-06-17,남자,40 - 49세,경기도,일반판매,기타인테리어설비,AS불만
2024031897,2024-06-17,여자,30 - 39세,서울특별시,모바일거래,카셰어링,계약해제.해지/위약금
2024031901,2024-06-17,남자,30 - 39세,부산광역시,일반판매,헬스장,계약해제.해지/위약금
2024031903,2024-06-17,여자,40 - 49세,전라남도,국내온라인거래,기타신발·용품,청약철회
2024031904,2024-06-17,여자,20 - 29세,인천광역시,국내온라인거래,자동차대여(렌트),계약불이행(불완전이행)
2024031907,2024-06-17,여자,20 - 29세,인천광역시,국내온라인거래,미용서비스,계약불이행(불완전이행)
2024031918,2024-06-17,여자,50 - 59세,경기도,국내온라인거래,호텔,계약해제.해지/위약금
2024031920,2024-06-17,여자,40 - 49세,인천광역시,기타,성형외과,계약해제.해지/위약금
2024031923,2024-06-17,여자,30 - 39세,경기도,일반판매,종합체육시설회원권,계약해제.해지/위약금
2024031945,2024-06-17,여자,50 - 59세,서울특별시,일반판매,축전지,AS불만
2024031946,2024-06-17,남자,불명,경상북도,일반판매,음식물처리기,품질(물품/용역)
2024031947,2024-06-17,여자,30 - 39세,경기도,국내온라인거래,기타의류·섬유,안전(제품/시설)
2024032192,2024-06-18,여자,30 - 39세,대구광역시,일반판매,중형승용자동차,품질(물품/용역)
2024032193,2024-06-18,남자,20 - 29세,서울특별시,모바일거래,신유형상품권,계약해제.해지/위약금
2024032194,2024-06-18,여자,30 - 39세,서울특별시,일반판매,기타예식관련서비스,계약해제.해지/위약금
2024032212,2024-06-18,여자,30 - 39세,서울특별시,기타,헬스장,계약해제.해지/위약금
2024032137,2024-06-18,여자,65 - 69세,경기도,방문판매,콘도회원권,계약해제.해지/위약금
2024032140,2024-06-18,여자,40 - 49세,경상남도,일반판매,실손보험,계약불이행(불완전이행)
2024032148,2024-06-18,남자,30 - 39세,강원특별자치도,기타,포장이사운송서비스,품질(물품/용역)
2024032097,2024-06-18,남자,50 - 59세,경기도,일반판매,고시원이용,부당행위
2024028156,2024-06-18,남자,50 - 59세,서울특별시,일반판매,운동화,품질(물품/용역)
2024028385,2024-06-18,여자,50 - 59세,서울특별시,일반판매,운동화,품질(물품/용역)
2024028606,2024-06-18,여자,60 - 64세,대구광역시,일반판매,샌들·슬리퍼,품질(물품/용역)
2024028612,2024-06-18,남자,20 - 29세,울산광역시,국내온라인거래,샌들·슬리퍼,품질(물품/용역)
2024028815,2024-06-18,남자,40 - 49세,경기도,일반판매,운동화,품질(물품/용역)
2024032084,2024-06-18,여자,50 - 59세,서울특별시,일반판매,기타세탁서비스,계약불이행(불완전이행)
2024032085,2024-06-18,남자,20 - 29세,전라북도,일반판매,애완고양이,계약불이행(불완전이행)
2024032100,2024-06-18,여자,30 - 39세,서울특별시,국제온라인거래,항공여객운송서비스,계약해제.해지/위약금
2024032106,2024-06-18,남자,30 - 39세,경기도,일반판매,필라테스,계약해제.해지/위약금
2024032086,2024-06-18,여자,20 - 29세,경기도,기타,필라테스,계약해제.해지/위약금
2024032120,2024-06-18,여자,50 - 59세,서울특별시,국내온라인거래,향수,품질(물품/용역)
2024032107,2024-06-18,여자,20 - 29세,서울특별시,모바일거래,각종공연관람,계약해제.해지/위약금
2024032129,2024-06-18,남자,40 - 49세,경기도,일반판매,스마트폰,AS불만
2024032187,2024-06-18,여자,30 - 39세,부산광역시,일반판매,기타신발·용품,계약불이행(불완전이행)
2024032136,2024-06-18,여자,65 - 69세,경기도,방문판매,콘도회원권,계약해제.해지/위약금
2024032198,2024-06-18,여자,30 - 39세,울산광역시,모바일거래,사진촬영,계약해제.해지/위약금
2024032200,2024-06-18,여자,70 - 79세,경기도,일반판매,자동차수리·점검,품질(물품/용역)
2024028630,2024-06-18,남자,40 - 49세,광주광역시,국내온라인거래,샌들·슬리퍼,계약불이행(불완전이행)
2024032101,2024-06-18,여자,40 - 49세,인천광역시,국내온라인거래,각종공연관람,계약불이행(불완전이행)
2024032155,2024-06-18,남자,40 - 49세,경기도,모바일거래,식사배달,품질(물품/용역)
2024032168,2024-06-18,남자,30 - 39세,부산광역시,일반판매,노트북컴퓨터,거래관행
2024032173,2024-06-18,여자,70 - 79세,서울특별시,일반판매,소파,계약해제.해지/위약금
2024032157,2024-06-18,남자,50 - 59세,부산광역시,기타,아파트,품질(물품/용역)
2024032171,2024-06-18,여자,30 - 39세,서울특별시,일반판매,성형외과,계약해제.해지/위약금
2024032176,2024-06-18,남자,40 - 49세,경상남도,일반판매,중고자동차중개·매매,AS불만
2024032178,2024-06-18,남자,40 - 49세,대구광역시,일반판매,대형승용자동차,AS불만
2024032181,2024-06-18,남자,65 - 69세,서울특별시,소셜커머스(쇼핑),기타건강식품,계약불이행(불완전이행)
2024032225,2024-06-18,남자,40 - 49세,충청남도,일반판매,스마트폰,AS불만
2024028814,2024-06-18,남자,50 - 59세,경기도,일반판매,운동화,품질(물품/용역)
2024029256,2024-06-18,여자,30 - 39세,울산광역시,국내온라인거래,신발세탁,계약불이행(불완전이행)
2024032217,2024-06-18,여자,40 - 49세,광주광역시,일반판매,냉장고,품질(물품/용역)
2024032165,2024-06-18,여자,30 - 39세,인천광역시,국내온라인거래,인쇄서비스,부당행위
2024032179,2024-06-18,남자,30 - 39세,경기도,모바일거래,기타숙박시설,계약해제.해지/위약금
2024032183,2024-06-18,여자,20 - 29세,서울특별시,국내온라인거래,각종공연관람,청약철회
2024032189,2024-06-18,여자,20 - 29세,광주광역시,국내온라인거래,골프용품,AS불만
2024027767,2024-06-18,남자,40 - 49세,광주광역시,일반판매,운동화,품질(물품/용역)
2024027776,2024-06-18,여자,50 - 59세,대전광역시,국내온라인거래,운동화,품질(물품/용역)
2024028309,2024-06-18,남자,50 - 59세,경기도,일반판매,신발세탁,계약불이행(불완전이행)
2024028386,2024-06-18,여자,40 - 49세,대구광역시,국내온라인거래,운동화,품질(물품/용역)
2024028396,2024-06-18,여자,60 - 64세,경기도,일반판매,운동화,품질(물품/용역)
2024032090,2024-06-18,남자,50 - 59세,충청북도,일반판매,치과,품질(물품/용역)
2024032091,2024-06-18,남자,30 - 39세,경기도,모바일거래,식사배달,품질(물품/용역)
2024032142,2024-06-18,여자,30 - 39세,서울특별시,방문판매,헬스장,계약불이행(불완전이행)
2024032144,2024-06-18,남자,40 - 49세,서울특별시,일반판매,헬스장,계약해제.해지/위약금
2024032160,2024-06-18,여자,50 - 59세,경상북도,국내온라인거래,원피스,청약철회
2024032162,2024-06-18,여자,30 - 39세,서울특별시,일반판매,신경외과,품질(물품/용역)
2024032174,2024-06-18,여자,20 - 29세,강원특별자치도,국내온라인거래,각종공연관람,계약불이행(불완전이행)
2024032182,2024-06-18,여자,40 - 49세,서울특별시,일반판매,요가,계약해제.해지/위약금
2024032222,2024-06-18,남자,40 - 49세,경상남도,기타,정수기대여(렌트),품질(물품/용역)
2024032083,2024-06-18,여자,20 - 29세,인천광역시,기타,국내결혼중개,계약해제.해지/위약금
2024032094,2024-06-18,남자,30 - 39세,서울특별시,일반판매,전기밥솥,품질(물품/용역)
2024032104,2024-06-18,여자,30 - 39세,부산광역시,일반판매,중고자동차중개·매매,이자.수수료
2024032105,2024-06-18,여자,30 - 39세,서울특별시,일반판매,피부과,계약해제.해지/위약금
2024032109,2024-06-18,남자,50 - 59세,대전광역시,국내온라인거래,소프트웨어,품질(물품/용역)
2024032114,2024-06-18,여자,50 - 59세,강원특별자치도,기타,건강(암·기타질병)보험,계약불이행(불완전이행)
2024032131,2024-06-18,남자,40 - 49세,경기도,국내온라인거래,외장하드,품질(물품/용역)
2024032117,2024-06-18,남자,50 - 59세,경기도,기타통신판매,초고속인터넷,계약해제.해지/위약금
2024032123,2024-06-18,남자,50 - 59세,경기도,국내온라인거래,샌들·슬리퍼,품질(물품/용역)
2024032126,2024-06-18,남자,30 - 39세,경기도,국내온라인거래,소파베드,청약철회
2024032128,2024-06-18,남자,20 - 29세,경기도,모바일거래,카셰어링,부당행위
2024032132,2024-06-18,여자,60 - 64세,대전광역시,일반판매,유선방송,계약해제.해지/위약금
2024032134,2024-06-18,여자,30 - 39세,서울특별시,기타,필라테스,계약해제.해지/위약금
2024032138,2024-06-18,남자,50 - 59세,경기도,국내온라인거래,전동킥보드,품질(물품/용역)
2024032151,2024-06-18,남자,40 - 49세,경기도,기타통신판매,신용카드,부당행위
2024032202,2024-06-18,여자,40 - 49세,광주광역시,국내온라인거래,기타간편복,계약불이행(불완전이행)
2024032206,2024-06-18,여자,40 - 49세,대구광역시,기타,피부·체형관리서비스,계약불이행(불완전이행)
2024032228,2024-06-18,여자,30 - 39세,인천광역시,국내온라인거래,기타의류·섬유,청약철회
2024032229,2024-06-18,남자,20 - 29세,전라남도,국내온라인거래,안경·안경테,품질(물품/용역)
2024032230,2024-06-18,여자,30 - 39세,서울특별시,국제온라인거래,호텔,계약해제.해지/위약금
2024032231,2024-06-18,남자,30 - 39세,서울특별시,모바일거래,모바일정보이용서비스,계약해제.해지/위약금
2024032232,2024-06-18,여자,20 - 29세,경기도,일반판매,헬스장,계약해제.해지/위약금
2024032233,2024-06-18,여자,30 - 39세,서울특별시,기타통신판매,다이어트식품,계약해제.해지/위약금
2024032234,2024-06-18,여자,40 - 49세,경기도,국내온라인거래,호텔,계약해제.해지/위약금
2024032235,2024-06-18,남자,30 - 39세,전라남도,모바일거래,모바일게임서비스,부당행위
2024032236,2024-06-18,여자,40 - 49세,광주광역시,국내온라인거래,기타숙박시설,계약해제.해지/위약금
2024032237,2024-06-18,남자,40 - 49세,전라남도,기타,기타인테리어설비,계약해제.해지/위약금
2024032238,2024-06-18,남자,50 - 59세,경기도,일반판매,외식,부당행위
2024032239,2024-06-18,여자,20 - 29세,경기도,국내온라인거래,항공여객운송서비스,청약철회
2024032240,2024-06-18,남자,50 - 59세,서울특별시,모바일거래,기타방송서비스,부당행위
2024032241,2024-06-18,여자,40 - 49세,경기도,일반판매,이불·침대커버,품질(물품/용역)
2024032242,2024-06-18,여자,20 - 29세,인천광역시,일반판매,미용서비스,계약불이행(불완전이행)
2024032243,2024-06-18,남자,20 - 29세,경기도,일반판매,택배화물운송서비스,계약불이행(불완전이행)
2024032244,2024-06-18,여자,30 - 39세,경기도,국내온라인거래,각종공연관람,계약불이행(불완전이행)
2024032245,2024-06-18,남자,20 - 29세,서울특별시,일반판매,헬스장,계약해제.해지/위약금
2024032246,2024-06-18,여자,65 - 69세,경기도,일반판매,예식서비스,계약해제.해지/위약금
2024032247,2024-06-18,남자,30 - 39세,서울특별시,모바일거래,모바일게임서비스,부당행위
2024032248,2024-06-18,여자,30 - 39세,경기도,방문판매,헬스장,계약해제.해지/위약금
2024032249,2024-06-18,여자,40 - 49세,서울특별시,국내온라인거래,샌들·슬리퍼,이자.수수료
2024032250,2024-06-18,여자,20 - 29세,충청북도,일반판매,필라테스,계약해제.해지/위약금
2024032251,2024-06-18,남자,40 - 49세,서울특별시,국내온라인거래,기타숙박시설,계약해제.해지/위약금
2024032252,2024-06-18,남자,10 - 19세,경상남도,방문판매,도서·음반대여(렌트),계약해제.해지/위약금
2024032253,2024-06-18,여자,30 - 39세,서울특별시,일반판매,국외여행,계약불이행(불완전이행)
2024032254,2024-06-18,여자,30 - 39세,경기도,국내온라인거래,소파,품질(물품/용역)
2024032255,2024-06-18,여자,30 - 39세,경기도,기타,예식서비스,계약해제.해지/위약금
2024032256,2024-06-18,여자,50 - 59세,강원특별자치도,일반판매,항공여객운송서비스,부당행위
2024032257,2024-06-18,여자,40 - 49세,경기도,TV홈쇼핑,여성용내의류,표시.광고
2024032258,2024-06-18,남자,30 - 39세,광주광역시,일반판매,소독기,AS불만
2024032259,2024-06-18,여자,30 - 39세,서울특별시,일반판매,사진촬영,청약철회
2024032260,2024-06-18,남자,30 - 39세,경기도,방문판매,기타인테리어설비,AS불만
2024032261,2024-06-18,여자,40 - 49세,서울특별시,일반판매,건물청소서비스,계약해제.해지/위약금
2024032262,2024-06-18,여자,20 - 29세,인천광역시,국내온라인거래,캐주얼바지,계약불이행(불완전이행)
2024032263,2024-06-18,남자,20 - 29세,경기도,국제온라인거래,항공여객운송서비스,계약해제.해지/위약금
2024032264,2024-06-18,남자,30 - 39세,충청북도,기타통신판매,정수기대여(렌트),계약불이행(불완전이행)
2024032265,2024-06-18,여자,30 - 39세,경기도,일반판매,양복(서양식 의복)세탁,품질(물품/용역)
2024032266,2024-06-18,여자,40 - 49세,대전광역시,국내온라인거래,기타보건·위생용품,안전(제품/시설)
2024032267,2024-06-18,여자,30 - 39세,경기도,국제온라인거래,의자,청약철회
2024032268,2024-06-18,남자,20 - 29세,광주광역시,국내온라인거래,항공여객운송서비스,계약해제.해지/위약금
2024032269,2024-06-18,남자,30 - 39세,대전광역시,국내온라인거래,애완동·식물용품,계약불이행(불완전이행)
2024032270,2024-06-18,남자,30 - 39세,서울특별시,기타,룸에어컨,계약불이행(불완전이행)
2024032271,2024-06-18,남자,30 - 39세,대구광역시,기타,기타가방,청약철회
2024032272,2024-06-18,여자,40 - 49세,서울특별시,방문판매,유산균함유제품,품질(물품/용역)
2024032273,2024-06-18,여자,50 - 59세,경상북도,TV홈쇼핑,기타식생활기기,청약철회
2024032274,2024-06-18,여자,20 - 29세,경기도,국내온라인거래,국외여행,안전(제품/시설)
2024032275,2024-06-18,여자,20 - 29세,경기도,일반판매,필라테스,계약해제.해지/위약금
2024032276,2024-06-18,남자,60 - 64세,경기도,국내온라인거래,기타숙박시설,계약해제.해지/위약금
2024032277,2024-06-18,여자,50 - 59세,경기도,일반판매,택배화물운송서비스,계약불이행(불완전이행)
2024032278,2024-06-18,남자,40 - 49세,경기도,국내온라인거래,기타숙박시설,계약불이행(불완전이행)
2024032279,2024-06-18,여자,40 - 49세,서울특별시,국내온라인거래,식사배달,계약불이행(불완전이행)
2024032280,2024-06-18,남자,30 - 39세,경기도,전화권유판매,기타인테리어설비,계약불이행(불완전이행)
2024032281,2024-06-18,남자,30 - 39세,경상북도,일반판매,종합체육시설회원권,계약해제.해지/위약금
2024032282,2024-06-18,남자,20 - 29세,경기도,모바일거래,항공여객운송서비스,계약불이행(불완전이행)
2024032283,2024-06-18,남자,20 - 29세,대전광역시,일반판매,맥주,부당행위
2024032284,2024-06-18,여자,40 - 49세,서울특별시,방문판매,포장이사운송서비스,계약불이행(불완전이행)
2024032285,2024-06-18,여자,20 - 29세,서울특별시,국내온라인거래,각종공연관람,계약불이행(불완전이행)
2024032286,2024-06-18,남자,30 - 39세,서울특별시,국내온라인거래,기타조명기기,청약철회
2024032287,2024-06-18,남자,20 - 29세,경기도,기타통신판매,이동전화서비스,계약불이행(불완전이행)
2024032288,2024-06-18,여자,30 - 39세,서울특별시,국내온라인거래,전기진공청소기,표시.광고
2024032289,2024-06-18,남자,30 - 39세,경기도,일반판매,이동전화서비스,거래관행
2024032290,2024-06-18,여자,20 - 29세,경상북도,기타,염색제,계약불이행(불완전이행)
2024032291,2024-06-18,여자,30 - 39세,울산광역시,일반판매,독서실이용,계약해제.해지/위약금
2024032292,2024-06-18,남자,30 - 39세,서울특별시,국내온라인거래,기타조리기기·기구,품질(물품/용역)
2024032293,2024-06-18,여자,30 - 39세,경상북도,국내온라인거래,여성용내의류,청약철회
2024032294,2024-06-18,여자,20 - 29세,서울특별시,국내온라인거래,기타관람·감상,계약해제.해지/위약금
2024032295,2024-06-18,여자,30 - 39세,경기도,기타,인덕션레인지,품질(물품/용역)
2024032296,2024-06-18,여자,20 - 29세,대전광역시,국내온라인거래,인터넷교육서비스,계약해제.해지/위약금
2024032297,2024-06-18,남자,40 - 49세,경기도,국내온라인거래,항공여객운송서비스,계약해제.해지/위약금
2024032298,2024-06-18,남자,30 - 39세,서울특별시,모바일거래,신발세탁,품질(물품/용역)
2024032299,2024-06-18,여자,40 - 49세,경상남도,일반판매,필라테스,계약해제.해지/위약금
2024032300,2024-06-18,여자,40 - 49세,서울특별시,모바일거래,모바일게임서비스,부당행위
2024032301,2024-06-18,남자,40 - 49세,서울특별시,기타,외식,가격.요금
2024032302,2024-06-18,여자,20 - 29세,경기도,일반판매,필라테스,계약불이행(불완전이행)
2024032303,2024-06-18,여자,50 - 59세,경기도,일반판매,점퍼·재킷류,품질(물품/용역)
2024032304,2024-06-18,여자,20 - 29세,경기도,일반판매,산후조리원,계약해제.해지/위약금
2024032305,2024-06-18,남자,70 - 79세,인천광역시,기타,가스보일러,AS불만
2024032306,2024-06-18,여자,30 - 39세,서울특별시,기타,반포장이사운송서비스,계약불이행(불완전이행)
2024032307,2024-06-18,남자,30 - 39세,서울특별시,일반판매,헬스장,계약불이행(불완전이행)
2024032308,2024-06-18,여자,20 - 29세,서울특별시,기타,결혼준비대행서비스,계약해제.해지/위약금
2024032309,2024-06-18,여자,30 - 39세,광주광역시,국제온라인거래,호텔,계약해제.해지/위약금
2024032310,2024-06-18,여자,20 - 29세,서울특별시,국내온라인거래,인터넷교육서비스,계약해제.해지/위약금
2024032311,2024-06-18,여자,20 - 29세,충청북도,일반판매,예식서비스,계약해제.해지/위약금
2024032312,2024-06-18,여자,40 - 49세,서울특별시,국내온라인거래,스포츠웨어,가격.요금
2024032313,2024-06-18,남자,20 - 29세,서울특별시,국내온라인거래,각종공연관람,계약불이행(불완전이행)
2024032314,2024-06-18,여자,40 - 49세,경기도,일반판매,기타세탁서비스,품질(물품/용역)
2024032315,2024-06-18,남자,20 - 29세,제주도,일반판매,항공여객운송서비스,품질(물품/용역)
2024032316,2024-06-18,여자,50 - 59세,경기도,전화권유판매,기타매체광고,계약해제.해지/위약금
2024032317,2024-06-18,여자,30 - 39세,경상북도,국내온라인거래,호텔,계약해제.해지/위약금
2024032318,2024-06-18,여자,30 - 39세,경기도,일반판매,헬스장,계약해제.해지/위약금
2024032319,2024-06-18,여자,30 - 39세,경기도,기타통신판매,부업알선,계약불이행(불완전이행)
2024032320,2024-06-18,여자,40 - 49세,부산광역시,국내온라인거래,전기진공청소기,품질(물품/용역)
2024032321,2024-06-18,여자,40 - 49세,경기도,국내온라인거래,호텔,청약철회
2024032322,2024-06-18,여자,50 - 59세,전라남도,기타,미용서비스,품질(물품/용역)
2024032323,2024-06-18,남자,50 - 59세,경기도,기타통신판매,공기청정기대여(렌트),계약불이행(불완전이행)
2024032087,2024-06-18,남자,30 - 39세,서울특별시,기타통신판매,기타사설강습서비스,계약해제.해지/위약금
2024032110,2024-06-18,여자,60 - 64세,경기도,일반판매,중고자동차중개·매매,부당행위
2024032112,2024-06-18,남자,30 - 39세,경기도,기타,성형외과,품질(물품/용역)
2024032124,2024-06-18,남자,70 - 79세,서울특별시,국내온라인거래,기타건강식품,계약불이행(불완전이행)
2024032127,2024-06-18,남자,40 - 49세,서울특별시,국내온라인거래,캐주얼바지,청약철회
2024032145,2024-06-18,남자,40 - 49세,충청북도,국내온라인거래,신용카드,부당채권추심
2024032324,2024-06-18,남자,50 - 59세,경기도,국내온라인거래,국내결혼중개,계약해제.해지/위약금
2024032325,2024-06-18,여자,20 - 29세,경상북도,기타통신판매,퍼스널컴퓨터,거래관행
2024032326,2024-06-18,여자,20 - 29세,경기도,일반판매,필라테스,계약해제.해지/위약금
2024032327,2024-06-18,여자,30 - 39세,경기도,일반판매,피부·체형관리서비스,계약해제.해지/위약금
2024032328,2024-06-18,여자,30 - 39세,인천광역시,일반판매,미용서비스,품질(물품/용역)
2024032329,2024-06-18,남자,40 - 49세,부산광역시,일반판매,국내결혼중개,계약해제.해지/위약금
2024032330,2024-06-18,여자,30 - 39세,서울특별시,일반판매,기타세탁서비스,품질(물품/용역)
2024032331,2024-06-18,남자,40 - 49세,경기도,국내온라인거래,식탁,품질(물품/용역)
2024032332,2024-06-18,여자,40 - 49세,전라남도,일반판매,항공여객운송서비스,계약불이행(불완전이행)
2024032333,2024-06-18,여자,40 - 49세,경기도,기타,포장이사운송서비스,계약불이행(불완전이행)
2024032334,2024-06-18,남자,30 - 39세,서울특별시,국내온라인거래,닭고기포장육,품질(물품/용역)
2024032335,2024-06-18,여자,40 - 49세,서울특별시,국내온라인거래,신발세탁,품질(물품/용역)
2024032336,2024-06-18,남자,40 - 49세,강원특별자치도,국내온라인거래,LED램프,계약불이행(불완전이행)
2024032337,2024-06-18,여자,20 - 29세,경기도,국내온라인거래,각종공연관람,계약해제.해지/위약금
2024032338,2024-06-18,남자,20 - 29세,서울특별시,일반판매,헬스장,계약해제.해지/위약금
2024032339,2024-06-18,여자,30 - 39세,경기도,일반판매,"연회서비스(돌잔치,회갑 등)",계약해제.해지/위약금
2024032340,2024-06-18,여자,20 - 29세,서울특별시,일반판매,포장이사운송서비스,품질(물품/용역)
2024032341,2024-06-18,여자,30 - 39세,인천광역시,국내온라인거래,항공여객운송서비스,부당행위
2024032342,2024-06-18,남자,40 - 49세,서울특별시,방문판매,하수도위생서비스,품질(물품/용역)
2024032343,2024-06-18,여자,30 - 39세,제주도,전화권유판매,CCTV,부당행위
2024032344,2024-06-18,남자,30 - 39세,경기도,일반판매,레인지후드,품질(물품/용역)
2024032345,2024-06-18,여자,30 - 39세,서울특별시,국내온라인거래,부업알선,계약해제.해지/위약금
2024032346,2024-06-18,여자,30 - 39세,인천광역시,국내온라인거래,기타미분류서비스,청약철회
2024032347,2024-06-18,여자,30 - 39세,경기도,일반판매,커튼,품질(물품/용역)
2024032348,2024-06-18,여자,30 - 39세,경기도,국내온라인거래,원피스,청약철회
2024032349,2024-06-18,남자,50 - 59세,경기도,일반판매,룸에어컨,품질(물품/용역)
2024032350,2024-06-18,남자,30 - 39세,인천광역시,기타,기타가구,계약불이행(불완전이행)
2024032351,2024-06-18,여자,40 - 49세,대구광역시,일반판매,이동전화서비스,거래관행
2024032352,2024-06-18,여자,40 - 49세,세종특별자치시,방문판매,기타회원권,계약해제.해지/위약금
2024032353,2024-06-18,남자,60 - 64세,충청북도,일반판매,국외여행,계약불이행(불완전이행)
2024032354,2024-06-18,여자,50 - 59세,서울특별시,일반판매,헬스장,계약해제.해지/위약금
2024032355,2024-06-18,여자,20 - 29세,서울특별시,국내온라인거래,기타미분류서비스,거래관행
2024032356,2024-06-18,여자,30 - 39세,서울특별시,국내온라인거래,기타미분류물품,계약불이행(불완전이행)
2024032357,2024-06-18,여자,20 - 29세,인천광역시,국내온라인거래,기타예식관련서비스,AS불만
2024032358,2024-06-18,여자,20 - 29세,경기도,모바일거래,보석·귀금속,계약불이행(불완전이행)
2024032215,2024-06-18,여자,50 - 59세,서울특별시,국내온라인거래,보석·귀금속,청약철회
2024032216,2024-06-18,남자,50 - 59세,경기도,국내온라인거래,자동차수리·점검,계약불이행(불완전이행)
2024032088,2024-06-18,남자,불명,대구광역시,국내온라인거래,호텔,계약해제.해지/위약금
2024032089,2024-06-18,여자,40 - 49세,인천광역시,일반판매,헬스장,계약불이행(불완전이행)
2024032092,2024-06-18,남자,50 - 59세,경상남도,일반판매,외식,안전(제품/시설)
2024032093,2024-06-18,남자,30 - 39세,경상남도,방문판매,콘도회원권,계약불이행(불완전이행)
2024032121,2024-06-18,여자,20 - 29세,서울특별시,일반판매,요가,계약해제.해지/위약금
2024032130,2024-06-18,남자,50 - 59세,경기도,일반판매,건강(암·기타질병)보험,약관
2024032153,2024-06-18,남자,80세이상,서울특별시,국내온라인거래,전기진공청소기,품질(물품/용역)
2024032166,2024-06-18,남자,60 - 64세,서울특별시,국내온라인거래,국외여행,계약불이행(불완전이행)
2024032188,2024-06-18,남자,40 - 49세,경상남도,일반판매,양복(서양식 의복)세탁,품질(물품/용역)
2024032190,2024-06-18,남자,40 - 49세,울산광역시,모바일거래,사진촬영,계약해제.해지/위약금
2024032191,2024-06-18,남자,80세이상,대전광역시,기타통신판매,인터넷정보이용서비스,약관
2024032196,2024-06-18,남자,20 - 29세,경상북도,일반판매,예식서비스,계약해제.해지/위약금
2024032210,2024-06-18,남자,40 - 49세,경기도,일반판매,오피스텔,계약불이행(불완전이행)
2024032218,2024-06-18,남자,30 - 39세,경기도,일반판매,포장이사운송서비스,계약불이행(불완전이행)
2024032223,2024-06-18,여자,40 - 49세,서울특별시,일반판매,전기오븐레인지,안전(제품/시설)
2024032224,2024-06-18,여자,20 - 29세,서울특별시,국내온라인거래,각종공연관람,계약불이행(불완전이행)
2024032146,2024-06-18,여자,40 - 49세,대구광역시,국내온라인거래,전기스토브,품질(물품/용역)
2024032150,2024-06-18,여자,40 - 49세,경기도,소셜커머스(쇼핑),기타문화·오락시설이용,청약철회
2024032175,2024-06-18,여자,50 - 59세,강원특별자치도,기타통신판매,고시원이용,계약해제.해지/위약금
2024032203,2024-06-18,여자,20 - 29세,서울특별시,일반판매,기타회원권,계약해제.해지/위약금
2024032211,2024-06-18,여자,20 - 29세,서울특별시,국내온라인거래,기타사진용품,품질(물품/용역)
2024032197,2024-06-18,남자,50 - 59세,광주광역시,소셜커머스(쇼핑),통신기기케이스,품질(물품/용역)
2024027768,2024-06-18,남자,50 - 59세,서울특별시,기타,운동화,품질(물품/용역)
2024028394,2024-06-18,남자,20 - 29세,서울특별시,국내온라인거래,운동화,품질(물품/용역)
2024032156,2024-06-18,여자,20 - 29세,경기도,국내온라인거래,룸에어컨,계약불이행(불완전이행)
2024032161,2024-06-18,남자,20 - 29세,경기도,일반판매,고시원이용,계약해제.해지/위약금
2024032185,2024-06-18,남자,50 - 59세,경기도,국내온라인거래,보석·귀금속,계약불이행(불완전이행)
2024032201,2024-06-18,여자,40 - 49세,세종특별자치시,일반판매,종합체육시설회원권,계약해제.해지/위약금
2024032204,2024-06-18,여자,40 - 49세,서울특별시,일반판매,각종공연관람,계약해제.해지/위약금
2024032096,2024-06-18,남자,30 - 39세,제주도,국내온라인거래,컴퓨터수리,계약불이행(불완전이행)
2024032108,2024-06-18,남자,20 - 29세,전라남도,국내온라인거래,인터넷교육서비스,품질(물품/용역)
2024032119,2024-06-18,여자,20 - 29세,경상북도,방문판매,어학교재,계약해제.해지/위약금
2024032133,2024-06-18,여자,30 - 39세,대전광역시,국내온라인거래,기타가구,품질(물품/용역)
2024032195,2024-06-18,여자,40 - 49세,경기도,국내온라인거래,콩류,품질(물품/용역)
2024027757,2024-06-18,여자,50 - 59세,대전광역시,일반판매,숙녀화(구두·부츠 등),품질(물품/용역)
2024027878,2024-06-18,여자,50 - 59세,서울특별시,국내온라인거래,운동화,품질(물품/용역)
2024027889,2024-06-18,여자,30 - 39세,경기도,국내온라인거래,신발세탁,계약불이행(불완전이행)
2024028400,2024-06-18,남자,40 - 49세,서울특별시,일반판매,운동화,품질(물품/용역)
2024028610,2024-06-18,여자,50 - 59세,경기도,소셜커머스(쇼핑),숙녀화(구두·부츠 등),품질(물품/용역)
2024027764,2024-06-18,여자,40 - 49세,경기도,국내온라인거래,숙녀화(구두·부츠 등),품질(물품/용역)
2024028599,2024-06-18,여자,40 - 49세,경상남도,일반판매,신발세탁,계약불이행(불완전이행)
2024027762,2024-06-18,남자,20 - 29세,서울특별시,일반판매,운동화,품질(물품/용역)
2024027886,2024-06-18,남자,40 - 49세,경기도,일반판매,신발세탁,계약불이행(불완전이행)
2024028370,2024-06-18,여자,40 - 49세,울산광역시,일반판매,운동화,품질(물품/용역)
2024028813,2024-06-18,여자,50 - 59세,경기도,일반판매,숙녀화(구두·부츠 등),품질(물품/용역)
2024032164,2024-06-18,여자,50 - 59세,서울특별시,국내온라인거래,신유형상품권,품질(물품/용역)
2024032169,2024-06-18,남자,불명,경기도,기타,기타위생서비스,품질(물품/용역)
2024032199,2024-06-18,여자,30 - 39세,인천광역시,일반판매,필라테스,계약해제.해지/위약금
2024032371,2024-06-19,남자,30 - 39세,서울특별시,국내온라인거래,애완동·식물용품,품질(물품/용역)
2024032378,2024-06-19,여자,20 - 29세,경상북도,국내온라인거래,인터넷교육서비스,계약해제.해지/위약금
2024032384,2024-06-19,남자,50 - 59세,경기도,일반판매,냉장고,품질(물품/용역)
2024032391,2024-06-19,여자,30 - 39세,강원특별자치도,기타통신판매,침대·매트리스대여(렌트),계약불이행(불완전이행)
2024032408,2024-06-19,여자,50 - 59세,인천광역시,국내온라인거래,항공여객운송서비스,계약해제.해지/위약금
2024032411,2024-06-19,여자,40 - 49세,대전광역시,기타,피부과,계약해제.해지/위약금
2024032413,2024-06-19,여자,30 - 39세,서울특별시,모바일거래,모바일정보이용서비스,부당행위
2024032416,2024-06-19,여자,30 - 39세,경기도,국내온라인거래,항공여객운송서비스,계약해제.해지/위약금
2024032417,2024-06-19,여자,50 - 59세,경기도,일반판매,이동전화서비스,계약해제.해지/위약금
2024032456,2024-06-19,여자,30 - 39세,인천광역시,국내온라인거래,기타의류·섬유,청약철회
2024032457,2024-06-19,여자,10 - 19세,경상남도,기타,치과,품질(물품/용역)
2024032458,2024-06-19,여자,30 - 39세,경상북도,일반판매,미용서비스,거래관행
2024032468,2024-06-19,여자,60 - 64세,부산광역시,일반판매,건강(암·기타질병)보험,계약불이행(불완전이행)
2024032366,2024-06-19,여자,20 - 29세,서울특별시,일반판매,성형외과,계약해제.해지/위약금
2024032370,2024-06-19,여자,불명,대구광역시,기타,전기장판,품질(물품/용역)
2024032471,2024-06-19,남자,30 - 39세,경기도,일반판매,의류수선,계약불이행(불완전이행)
2024032475,2024-06-19,여자,30 - 39세,서울특별시,모바일거래,봉지면,계약불이행(불완전이행)
2024032375,2024-06-19,여자,40 - 49세,인천광역시,일반판매,음식물처리기,품질(물품/용역)
2024032373,2024-06-19,남자,50 - 59세,서울특별시,일반판매,신용카드,계약불이행(불완전이행)
2024032398,2024-06-19,남자,40 - 49세,경기도,모바일거래,자동차주차장,계약불이행(불완전이행)
2024032495,2024-06-19,여자,40 - 49세,대전광역시,일반판매,필라테스,부당행위
2024032503,2024-06-19,여자,50 - 59세,경기도,국내온라인거래,여성용내의류,청약철회
2024032421,2024-06-19,남자,40 - 49세,인천광역시,일반판매,실손보험,계약불이행(불완전이행)
2024032509,2024-06-19,남자,70 - 79세,충청남도,소셜커머스(쇼핑),기타숙박시설,계약해제.해지/위약금
2024032536,2024-06-19,여자,20 - 29세,서울특별시,일반판매,종합체육시설회원권,계약해제.해지/위약금
2024032537,2024-06-19,남자,30 - 39세,충청남도,국내온라인거래,기타숙박시설,계약해제.해지/위약금
2024032432,2024-06-19,남자,30 - 39세,인천광역시,국내온라인거래,노트북컴퓨터,품질(물품/용역)
2024032558,2024-06-19,여자,30 - 39세,인천광역시,국내온라인거래,점퍼·재킷류,청약철회
2024032559,2024-06-19,여자,30 - 39세,경기도,국내온라인거래,기타화물운송서비스,계약해제.해지/위약금
2024032576,2024-06-19,남자,40 - 49세,경기도,기타,포장이사운송서비스,품질(물품/용역)
2024032577,2024-06-19,남자,30 - 39세,인천광역시,국내온라인거래,각종공연관람,계약불이행(불완전이행)
2024032538,2024-06-19,남자,50 - 59세,경기도,국내온라인거래,모니터,품질(물품/용역)
2024032578,2024-06-19,여자,10 - 19세,경기도,국내온라인거래,각종공연관람,계약불이행(불완전이행)
2024032550,2024-06-19,여자,30 - 39세,서울특별시,일반판매,헬스장,계약해제.해지/위약금
2024032592,2024-06-19,여자,30 - 39세,경기도,일반판매,필라테스,계약불이행(불완전이행)
2024032595,2024-06-19,남자,30 - 39세,대전광역시,일반판매,예식서비스,계약해제.해지/위약금
2024032596,2024-06-19,남자,10 - 19세,인천광역시,모바일거래,퀵서비스,품질(물품/용역)
2024032560,2024-06-19,남자,20 - 29세,경기도,일반판매,고시원이용,계약불이행(불완전이행)
2024032587,2024-06-19,여자,30 - 39세,서울특별시,국내온라인거래,인터넷교육서비스,부당행위
2024032588,2024-06-19,남자,40 - 49세,대구광역시,기타,기타음식관련서비스,안전(제품/시설)
2024032597,2024-06-19,남자,65 - 69세,서울특별시,국내온라인거래,냉장고,계약불이행(불완전이행)
2024032606,2024-06-19,여자,20 - 29세,서울특별시,국내온라인거래,원피스,청약철회
2024032582,2024-06-19,남자,30 - 39세,제주도,방문판매,헬스장,계약해제.해지/위약금
2024032589,2024-06-19,여자,10 - 19세,경상북도,모바일거래,각종공연관람,계약불이행(불완전이행)
2024032598,2024-06-19,여자,20 - 29세,대전광역시,기타,예식서비스,계약해제.해지/위약금
2024032447,2024-06-19,여자,20 - 29세,서울특별시,일반판매,각종공연관람,계약불이행(불완전이행)
2024032455,2024-06-19,여자,30 - 39세,대전광역시,국내온라인거래,헤어드라이어,청약철회
2024032459,2024-06-19,여자,30 - 39세,경기도,일반판매,음식물처리기대여(렌트),계약해제.해지/위약금
2024032590,2024-06-19,여자,40 - 49세,부산광역시,국내온라인거래,TV,품질(물품/용역)
2024032591,2024-06-19,남자,30 - 39세,경기도,국내온라인거래,항공여객운송서비스,계약해제.해지/위약금
2024032363,2024-06-19,여자,50 - 59세,경기도,일반판매,미용서비스,계약불이행(불완전이행)
2024032388,2024-06-19,남자,40 - 49세,경기도,국내온라인거래,셔츠,청약철회
2024032493,2024-06-19,남자,30 - 39세,경기도,일반판매,예식서비스,계약해제.해지/위약금
2024032494,2024-06-19,여자,20 - 29세,대전광역시,일반판매,미용서비스,부당행위
2024032593,2024-06-19,남자,10 - 19세,인천광역시,모바일거래,합판,품질(물품/용역)
2024032594,2024-06-19,여자,20 - 29세,서울특별시,전화권유판매,기타정보이용서비스,부당행위
2024032396,2024-06-19,여자,20 - 29세,서울특별시,국내온라인거래,캐주얼바지,계약해제.해지/위약금
2024032506,2024-06-19,여자,30 - 39세,경기도,일반판매,피부·체형관리서비스,부당행위
2024032522,2024-06-19,남자,30 - 39세,경상남도,기타통신판매,예식서비스,부당행위
2024032599,2024-06-19,남자,40 - 49세,부산광역시,국제온라인거래,노트북컴퓨터,품질(물품/용역)
2024032600,2024-06-19,남자,65 - 69세,경기도,TV홈쇼핑,기타육류·육류가공식품,품질(물품/용역)
2024032579,2024-06-19,남자,50 - 59세,경상남도,국내온라인거래,노트북컴퓨터,품질(물품/용역)
2024032404,2024-06-19,여자,50 - 59세,경기도,일반판매,포장이사운송서비스,부당행위
2024032426,2024-06-19,여자,65 - 69세,경기도,방문판매,정수기대여(렌트),계약불이행(불완전이행)
2024032524,2024-06-19,남자,30 - 39세,부산광역시,전화권유판매,기타정보이용서비스,계약해제.해지/위약금
2024032526,2024-06-19,여자,20 - 29세,경기도,기타통신판매,인터넷교육서비스,부당행위
2024032601,2024-06-19,여자,30 - 39세,서울특별시,국내온라인거래,태블릿PC,가격.요금
2024032583,2024-06-19,여자,40 - 49세,서울특별시,방문판매,창호유리,품질(물품/용역)
2024032584,2024-06-19,남자,60 - 64세,서울특별시,소셜커머스(쇼핑),신사화(구두·부츠 등),품질(물품/용역)
2024032602,2024-06-19,남자,30 - 39세,서울특별시,국제온라인거래,기타화물운송서비스,계약불이행(불완전이행)
2024032603,2024-06-19,여자,50 - 59세,경기도,국내온라인거래,전기의류건조기,부당행위
2024032604,2024-06-19,여자,40 - 49세,서울특별시,국내온라인거래,각종공연관람,계약해제.해지/위약금
2024032605,2024-06-19,여자,40 - 49세,인천광역시,국내온라인거래,항공여객운송서비스,부당행위
2024032539,2024-06-19,여자,20 - 29세,경기도,일반판매,미용서비스,품질(물품/용역)
2024032540,2024-06-19,남자,70 - 79세,서울특별시,일반판매,정수기대여(렌트),계약불이행(불완전이행)
2024032585,2024-06-19,여자,20 - 29세,경기도,국제온라인거래,호텔,청약철회
2024032586,2024-06-19,남자,20 - 29세,경기도,방문판매,헬스장,계약해제.해지/위약금
2024032561,2024-06-19,여자,20 - 29세,경기도,일반판매,헬스장,계약해제.해지/위약금
2024032562,2024-06-19,남자,20 - 29세,전라남도,일반판매,항공여객운송서비스,계약불이행(불완전이행)
2024032580,2024-06-19,남자,30 - 39세,경기도,국내온라인거래,자격증교재,계약불이행(불완전이행)
2024032581,2024-06-19,남자,30 - 39세,충청남도,국내온라인거래,신사화(구두·부츠 등),계약해제.해지/위약금
2024032541,2024-06-19,남자,30 - 39세,대전광역시,일반판매,태블릿PC,AS불만
2024032542,2024-06-19,남자,20 - 29세,경기도,전화권유판매,기타정보이용서비스,계약해제.해지/위약금
2024032543,2024-06-19,여자,40 - 49세,서울특별시,일반판매,사진촬영,계약해제.해지/위약금
2024032563,2024-06-19,남자,20 - 29세,경기도,일반판매,골프회원권,계약해제.해지/위약금
2024032544,2024-06-19,여자,30 - 39세,부산광역시,국내온라인거래,원피스,청약철회
2024032545,2024-06-19,여자,30 - 39세,서울특별시,일반판매,헬스장,계약해제.해지/위약금
2024032565,2024-06-19,여자,30 - 39세,충청북도,일반판매,음식물처리기,품질(물품/용역)
2024032566,2024-06-19,여자,20 - 29세,경기도,일반판매,필라테스,계약해제.해지/위약금
2024032546,2024-06-19,남자,40 - 49세,서울특별시,국내온라인거래,태블릿PC,품질(물품/용역)
2024032547,2024-06-19,여자,20 - 29세,서울특별시,일반판매,고시원이용,계약해제.해지/위약금
2024032520,2024-06-19,남자,30 - 39세,부산광역시,전화권유판매,기타정보이용서비스,계약해제.해지/위약금
2024032567,2024-06-19,남자,30 - 39세,인천광역시,일반판매,기타알선·중개·번역서비스,계약해제.해지/위약금
2024032548,2024-06-19,남자,20 - 29세,경기도,전화권유판매,초고속인터넷,계약해제.해지/위약금
2024032549,2024-06-19,여자,40 - 49세,서울특별시,국내온라인거래,기타미분류서비스,법.제도
2024032525,2024-06-19,여자,30 - 39세,부산광역시,일반판매,스커트,부당행위
2024032551,2024-06-19,남자,30 - 39세,제주도,방문판매,경비·관리서비스,계약해제.해지/위약금
2024032568,2024-06-19,여자,40 - 49세,서울특별시,일반판매,즉석조리식품,품질(물품/용역)
2024032569,2024-06-19,남자,40 - 49세,부산광역시,기타통신판매,가스보일러,계약불이행(불완전이행)
2024032392,2024-06-19,남자,30 - 39세,충청북도,모바일거래,휠,품질(물품/용역)
2024032552,2024-06-19,남자,30 - 39세,서울특별시,방문판매,일반강습(입시학원등),계약해제.해지/위약금
2024032553,2024-06-19,여자,10 - 19세,경상북도,국내온라인거래,각종공연관람,계약불이행(불완전이행)
2024032570,2024-06-19,여자,30 - 39세,인천광역시,국내온라인거래,각종공연관람,계약불이행(불완전이행)
2024032531,2024-06-19,여자,30 - 39세,서울특별시,국내온라인거래,기타이·미용기구,청약철회
2024032372,2024-06-19,여자,30 - 39세,충청남도,일반판매,옷장,계약해제.해지/위약금
2024032554,2024-06-19,남자,30 - 39세,경기도,일반판매,기타가구,청약철회
2024032555,2024-06-19,남자,10 - 19세,경상남도,국내온라인거래,각종공연관람,청약철회
2024032571,2024-06-19,여자,30 - 39세,인천광역시,방문판매,피부·체형관리서비스,계약해제.해지/위약금
2024032572,2024-06-19,남자,40 - 49세,충청북도,기타,냉장고,AS불만
2024032573,2024-06-19,여자,40 - 49세,울산광역시,국내온라인거래,기타신발·용품,청약철회
2024032532,2024-06-19,남자,65 - 69세,강원특별자치도,기타,국외여행,계약불이행(불완전이행)
2024032533,2024-06-19,여자,40 - 49세,경기도,일반판매,양복(서양식 의복)세탁,품질(물품/용역)
2024032415,2024-06-19,여자,20 - 29세,충청남도,국내온라인거래,각종공연관람,부당행위
2024032420,2024-06-19,남자,40 - 49세,경기도,국내온라인거래,인터넷정보이용서비스,계약해제.해지/위약금
2024032431,2024-06-19,남자,40 - 49세,부산광역시,일반판매,교통카드,계약해제.해지/위약금
2024032556,2024-06-19,여자,65 - 69세,경기도,기타,매실추출물제품,품질(물품/용역)
2024032557,2024-06-19,남자,30 - 39세,경기도,국내온라인거래,조립완구,AS불만
2024032574,2024-06-19,남자,30 - 39세,경기도,일반판매,정수기,부당행위
2024032575,2024-06-19,남자,65 - 69세,대구광역시,기타,기타가스·급배수설비,부당행위
2024032534,2024-06-19,여자,30 - 39세,서울특별시,국내온라인거래,인터넷정보이용서비스,계약해제.해지/위약금
2024032535,2024-06-19,여자,70 - 79세,인천광역시,전화권유판매,모바일정보이용서비스,청약철회
2024032607,2024-06-19,여자,20 - 29세,충청북도,국내온라인거래,각종공연관람,청약철회
2024032460,2024-06-19,남자,40 - 49세,경기도,방문판매,헬스장,계약해제.해지/위약금
2024031785,2024-06-19,남자,50 - 59세,충청북도,일반판매,벨트,품질(물품/용역)
2024032367,2024-06-19,남자,20 - 29세,경기도,기타통신판매,건물청소서비스,계약해제.해지/위약금
2024032437,2024-06-19,여자,불명,충청남도,기타,전자레인지,품질(물품/용역)
2024032442,2024-06-19,여자,불명,대전광역시,국내온라인거래,각종공연관람,계약불이행(불완전이행)
2024032492,2024-06-19,여자,50 - 59세,경기도,기타,기타인터넷기반서비스,계약불이행(불완전이행)
2024032501,2024-06-19,여자,65 - 69세,부산광역시,일반판매,성형외과,품질(물품/용역)
2024032613,2024-06-19,남자,40 - 49세,경기도,일반판매,포장이사운송서비스,계약해제.해지/위약금
2024032614,2024-06-19,여자,50 - 59세,서울특별시,일반판매,양복(서양식 의복)세탁,계약불이행(불완전이행)
2024032615,2024-06-19,남자,20 - 29세,서울특별시,국내온라인거래,기타컴퓨터·주변기기,표시.광고
2024032616,2024-06-19,여자,20 - 29세,서울특별시,방문판매,필라테스,계약해제.해지/위약금
2024032617,2024-06-19,여자,30 - 39세,경기도,일반판매,필라테스,계약불이행(불완전이행)
2024032618,2024-06-19,남자,30 - 39세,서울특별시,국내온라인거래,스마트폰,품질(물품/용역)
2024032619,2024-06-19,여자,40 - 49세,대구광역시,국내온라인거래,스포츠웨어,청약철회
2024032620,2024-06-19,여자,20 - 29세,경기도,일반판매,미용서비스,계약해제.해지/위약금
2024032621,2024-06-19,남자,30 - 39세,서울특별시,모바일거래,모바일정보이용서비스,부당행위
2024032622,2024-06-19,여자,30 - 39세,부산광역시,소셜커머스(쇼핑),침대,AS불만
2024032623,2024-06-19,남자,20 - 29세,경기도,방문판매,헬스장,계약해제.해지/위약금
2024032624,2024-06-19,여자,20 - 29세,경상남도,기타통신판매,호텔,계약해제.해지/위약금
2024032625,2024-06-19,남자,30 - 39세,대구광역시,기타,사진촬영,품질(물품/용역)
2024032626,2024-06-19,남자,30 - 39세,경기도,기타통신판매,인터넷정보이용서비스,계약해제.해지/위약금
2024032627,2024-06-19,남자,30 - 39세,서울특별시,일반판매,펜션,계약해제.해지/위약금
2024032628,2024-06-19,남자,30 - 39세,서울특별시,기타,스포츠시설이용,안전(제품/시설)
2024032629,2024-06-19,남자,50 - 59세,서울특별시,국내온라인거래,영양보충용제품,계약불이행(불완전이행)
2024032630,2024-06-19,여자,40 - 49세,서울특별시,일반판매,숙녀복세트,계약해제.해지/위약금
2024032631,2024-06-19,남자,30 - 39세,경기도,일반판매,TV,AS불만
2024032514,2024-06-19,여자,40 - 49세,대전광역시,기타통신판매,퀵서비스,계약해제.해지/위약금
2024032632,2024-06-19,남자,20 - 29세,경기도,일반판매,헬스장,계약해제.해지/위약금
2024032633,2024-06-19,여자,40 - 49세,부산광역시,모바일거래,모바일게임서비스,청약철회
2024032634,2024-06-19,남자,30 - 39세,제주도,국내온라인거래,항공여객운송서비스,계약해제.해지/위약금
2024032635,2024-06-19,여자,20 - 29세,서울특별시,방문판매,헬스장,계약해제.해지/위약금
2024032636,2024-06-19,남자,40 - 49세,대구광역시,국내온라인거래,스포츠웨어,청약철회
2024032637,2024-06-19,여자,60 - 64세,서울특별시,일반판매,싱크대,품질(물품/용역)
2024032638,2024-06-19,여자,70 - 79세,제주도,전화권유판매,기타건강식품,계약해제.해지/위약금
2024032639,2024-06-19,남자,20 - 29세,서울특별시,기타,호텔,청약철회
2024032640,2024-06-19,남자,40 - 49세,대구광역시,기타,기타영상기기,단순문의.상담
2024032641,2024-06-19,여자,40 - 49세,서울특별시,국내온라인거래,호텔,표시.광고
2024032642,2024-06-19,여자,40 - 49세,부산광역시,국내온라인거래,기타신발·용품,품질(물품/용역)
2024032643,2024-06-19,남자,40 - 49세,경기도,일반판매,기타가구,품질(물품/용역)
2024032644,2024-06-19,남자,40 - 49세,대전광역시,국내온라인거래,티셔츠,청약철회
2024032645,2024-06-19,여자,30 - 39세,경기도,국내온라인거래,기타가구,청약철회
2024032646,2024-06-19,여자,20 - 29세,서울특별시,모바일거래,기타숙박시설,계약해제.해지/위약금
2024032647,2024-06-19,여자,20 - 29세,경기도,국내온라인거래,기타의류·섬유,청약철회
2024032401,2024-06-19,남자,30 - 39세,경기도,국내온라인거래,인터넷게임서비스,부당행위
2024032402,2024-06-19,여자,20 - 29세,광주광역시,국내온라인거래,의자,계약불이행(불완전이행)
2024032440,2024-06-19,남자,40 - 49세,강원특별자치도,방문판매,콘도회원권,계약해제.해지/위약금
2024032443,2024-06-19,여자,30 - 39세,서울특별시,국내온라인거래,기타숙박시설,계약해제.해지/위약금
2024032453,2024-06-19,여자,30 - 39세,경기도,일반판매,원피스,청약철회
2024032461,2024-06-19,남자,50 - 59세,경기도,일반판매,이동전화서비스,계약해제.해지/위약금
2024032512,2024-06-19,남자,50 - 59세,세종특별자치시,모바일거래,기타숙박시설,부당행위
2024032529,2024-06-19,여자,20 - 29세,경기도,일반판매,피부·체형관리서비스,안전(제품/시설)
2024032530,2024-06-19,남자,50 - 59세,경기도,일반판매,이비인후과,품질(물품/용역)
2024032608,2024-06-19,남자,30 - 39세,경기도,일반판매,일반강습(입시학원등),계약해제.해지/위약금
2024032609,2024-06-19,남자,20 - 29세,경기도,국내온라인거래,철도여객운송서비스,계약해제.해지/위약금
2024032610,2024-06-19,남자,30 - 39세,서울특별시,일반판매,세면설비,부당행위
2024032611,2024-06-19,여자,20 - 29세,경기도,국내온라인거래,선글라스,가격.요금
2024032612,2024-06-19,여자,20 - 29세,인천광역시,국내온라인거래,식사배달,품질(물품/용역)
2024032385,2024-06-19,여자,20 - 29세,서울특별시,일반판매,헬스장,계약해제.해지/위약금
2024032381,2024-06-19,여자,30 - 39세,경기도,일반판매,필라테스,계약불이행(불완전이행)
2024032382,2024-06-19,남자,65 - 69세,부산광역시,일반판매,공제보험,계약불이행(불완전이행)
2024032386,2024-06-19,여자,30 - 39세,경기도,기타,자동차대여(렌트),부당행위
2024032389,2024-06-19,남자,40 - 49세,경기도,국내온라인거래,자동차대여(렌트),AS불만
2024032433,2024-06-19,남자,20 - 29세,경기도,일반판매,헬스장,계약해제.해지/위약금
2024032480,2024-06-19,여자,40 - 49세,경기도,국내온라인거래,국외여행,계약불이행(불완전이행)
2024032517,2024-06-19,남자,70 - 79세,경기도,일반판매,치과,품질(물품/용역)
2024032518,2024-06-19,여자,50 - 59세,경상남도,일반판매,필라테스,청약철회
2024032523,2024-06-19,남자,30 - 39세,경상북도,기타통신판매,이동전화서비스,계약해제.해지/위약금
2024032528,2024-06-19,남자,30 - 39세,경기도,소셜커머스(쇼핑),기타가사용품,품질(물품/용역)
2024032364,2024-06-19,여자,70 - 79세,경기도,TV홈쇼핑,상조서비스,계약불이행(불완전이행)
2024032365,2024-06-19,남자,70 - 79세,강원특별자치도,모바일거래,유사투자자문,계약해제.해지/위약금
2024032448,2024-06-19,남자,30 - 39세,경기도,기타통신판매,사진촬영,계약해제.해지/위약금
2024032466,2024-06-19,여자,불명,서울특별시,국내온라인거래,실,청약철회
2024032467,2024-06-19,여자,20 - 29세,경기도,일반판매,종신보험,부당행위
2024032486,2024-06-19,여자,30 - 39세,전라북도,국내온라인거래,기타의류·섬유,계약불이행(불완전이행)
2024032487,2024-06-19,남자,30 - 39세,경기도,일반판매,예식서비스,계약불이행(불완전이행)
2024032516,2024-06-19,여자,30 - 39세,경기도,일반판매,외과,품질(물품/용역)
2024032414,2024-06-19,남자,30 - 39세,경기도,소셜커머스(쇼핑),기타자동차용품,AS불만
2024032463,2024-06-19,남자,불명,경기도,기타,오븐류,품질(물품/용역)
2024032476,2024-06-19,여자,30 - 39세,강원특별자치도,일반판매,기타세탁서비스,계약불이행(불완전이행)
2024032478,2024-06-19,남자,20 - 29세,경기도,국내온라인거래,노트북컴퓨터,부당행위
2024032482,2024-06-19,여자,40 - 49세,서울특별시,일반판매,포장이사운송서비스,품질(물품/용역)
2024032483,2024-06-19,남자,40 - 49세,서울특별시,일반판매,자동차대여(렌트),부당행위
2024032489,2024-06-19,남자,40 - 49세,강원특별자치도,방문판매,기타회원권,계약해제.해지/위약금
2024032490,2024-06-19,남자,60 - 64세,경기도,모바일거래,모바일게임서비스,부당행위
2024032497,2024-06-19,남자,30 - 39세,전라남도,국내온라인거래,호텔,계약해제.해지/위약금
2024032511,2024-06-19,여자,40 - 49세,서울특별시,국내온라인거래,식기세척기,계약불이행(불완전이행)
2024032527,2024-06-19,남자,20 - 29세,충청북도,국내온라인거래,복숭아,부당행위
2024032360,2024-06-19,여자,불명,경기도,기타,아파트,품질(물품/용역)
2024032419,2024-06-19,여자,30 - 39세,서울특별시,기타통신판매,기타여행,계약해제.해지/위약금
2024032434,2024-06-19,남자,30 - 39세,서울특별시,방문판매,자동차리스,계약해제.해지/위약금
2024032436,2024-06-19,여자,30 - 39세,광주광역시,국내온라인거래,헤어드라이어,청약철회
2024032481,2024-06-19,여자,65 - 69세,서울특별시,다단계판매,기타건강식품,청약철회
2024032446,2024-06-19,남자,20 - 29세,경기도,일반판매,피부과,계약해제.해지/위약금
2024032491,2024-06-19,남자,30 - 39세,충청북도,기타통신판매,일반이사운송서비스,계약해제.해지/위약금
2024030989,2024-06-19,여자,30 - 39세,대전광역시,국내온라인거래,점퍼·재킷류,품질(물품/용역)
2024032368,2024-06-19,남자,50 - 59세,광주광역시,일반판매,IPTV,계약해제.해지/위약금
2024032383,2024-06-19,여자,20 - 29세,충청남도,일반판매,헬스장,계약해제.해지/위약금
2024032393,2024-06-19,여자,30 - 39세,인천광역시,일반판매,필라테스,계약해제.해지/위약금
2024032406,2024-06-19,남자,30 - 39세,경기도,국내온라인거래,기타자동차용품,계약불이행(불완전이행)
2024032412,2024-06-19,여자,65 - 69세,서울특별시,국내온라인거래,룸에어컨,표시.광고
2024032428,2024-06-19,여자,40 - 49세,서울특별시,국내온라인거래,마사지류,부당행위
2024032435,2024-06-19,여자,40 - 49세,서울특별시,국내온라인거래,기타숙박시설,계약해제.해지/위약금
2024032444,2024-06-19,남자,40 - 49세,대구광역시,일반판매,아파트,품질(물품/용역)
2024032449,2024-06-19,여자,40 - 49세,경기도,기타,케이블TV,계약불이행(불완전이행)
2024032498,2024-06-19,여자,40 - 49세,경기도,일반판매,보청기,부당행위
2024031080,2024-06-19,여자,30 - 39세,대구광역시,국내온라인거래,모자,품질(물품/용역)
2024032429,2024-06-19,여자,30 - 39세,대전광역시,일반판매,피부과,계약해제.해지/위약금
2024032464,2024-06-19,남자,50 - 59세,경기도,국내온라인거래,인터넷교육서비스,계약불이행(불완전이행)
2024032473,2024-06-19,여자,60 - 64세,경기도,국내온라인거래,국외여행,품질(물품/용역)
2024031483,2024-06-19,여자,30 - 39세,부산광역시,일반판매,양복(서양식 의복)세탁,품질(물품/용역)
2024031829,2024-06-19,여자,30 - 39세,대구광역시,일반판매,양복(서양식 의복)세탁,품질(물품/용역)
2024032361,2024-06-19,남자,30 - 39세,충청남도,일반판매,예식서비스,계약해제.해지/위약금
2024032390,2024-06-19,여자,40 - 49세,서울특별시,국내온라인거래,기타의류·섬유,계약불이행(불완전이행)
2024032399,2024-06-19,여자,50 - 59세,충청북도,국내온라인거래,기타건강식품,부당행위
2024032423,2024-06-19,남자,40 - 49세,서울특별시,일반판매,기타숙박시설,계약해제.해지/위약금
2024032472,2024-06-19,여자,60 - 64세,경기도,국내온라인거래,기타숙박시설,부당행위
2024032439,2024-06-19,여자,30 - 39세,강원특별자치도,모바일거래,기타건강식품,품질(물품/용역)
2024032521,2024-06-19,여자,65 - 69세,서울특별시,일반판매,실손보험,계약불이행(불완전이행)
2024032510,2024-06-19,여자,70 - 79세,충청남도,전화권유판매,이동전화서비스,계약불이행(불완전이행)
2024032513,2024-06-19,여자,30 - 39세,인천광역시,국내온라인거래,기타의류·섬유,계약불이행(불완전이행)
2024032696,2024-06-20,여자,40 - 49세,부산광역시,일반판매,스마트폰,부당행위
2024032699,2024-06-20,여자,30 - 39세,경기도,기타,미분류대여(렌트),계약해제.해지/위약금
2024031893,2024-06-20,남자,40 - 49세,울산광역시,일반판매,양복(서양식 의복)세탁,품질(물품/용역)
2024031906,2024-06-20,여자,50 - 59세,울산광역시,일반판매,양복(서양식 의복)세탁,품질(물품/용역)
2024032709,2024-06-20,여자,40 - 49세,인천광역시,일반판매,애완견,품질(물품/용역)
2024032722,2024-06-20,남자,60 - 64세,경기도,일반판매,차량용블랙박스,계약불이행(불완전이행)
2024032154,2024-06-20,남자,50 - 59세,대전광역시,일반판매,티셔츠,품질(물품/용역)
2024032769,2024-06-20,여자,20 - 29세,서울특별시,다단계판매,피부·체형관리서비스,계약해제.해지/위약금
2024032780,2024-06-20,여자,40 - 49세,경기도,TV홈쇼핑,음식물처리기대여(렌트),계약해제.해지/위약금
2024032648,2024-06-20,남자,30 - 39세,경기도,일반판매,상해보험,계약불이행(불완전이행)
2024032649,2024-06-20,남자,60 - 64세,경기도,일반판매,중형승용자동차,AS불만
2024032681,2024-06-20,남자,50 - 59세,울산광역시,일반판매,초고속인터넷,계약불이행(불완전이행)
2024032690,2024-06-20,여자,40 - 49세,경기도,국내온라인거래,헤어드라이어,품질(물품/용역)
2024032694,2024-06-20,남자,50 - 59세,경상북도,국내온라인거래,장식장,품질(물품/용역)
2024032695,2024-06-20,남자,60 - 64세,경기도,일반판매,초고속인터넷,계약해제.해지/위약금
2024032704,2024-06-20,여자,20 - 29세,경기도,방문판매,침대·매트리스대여(렌트),계약해제.해지/위약금
2024032792,2024-06-20,여자,20 - 29세,서울특별시,국내온라인거래,사진촬영,계약해제.해지/위약금
2024032807,2024-06-20,여자,50 - 59세,부산광역시,일반판매,콩류,거래관행
2024032713,2024-06-20,여자,70 - 79세,경기도,기타,종신보험,계약불이행(불완전이행)
2024032734,2024-06-20,남자,불명,부산광역시,기타,선박여객운송서비스,가격.요금
2024032738,2024-06-20,남자,불명,경기도,국내온라인거래,캐주얼바지,청약철회
2024032810,2024-06-20,남자,20 - 29세,강원특별자치도,일반판매,헬스장,계약해제.해지/위약금
2024032816,2024-06-20,남자,불명,강원특별자치도,국내온라인거래,각종공연관람,계약해제.해지/위약금
2024032749,2024-06-20,남자,불명,충청남도,국내온라인거래,기타가방,청약철회
2024032658,2024-06-20,남자,40 - 49세,경기도,일반판매,중고자동차중개·매매,계약불이행(불완전이행)
2024032762,2024-06-20,남자,50 - 59세,충청북도,일반판매,전기자전거,품질(물품/용역)
2024032763,2024-06-20,여자,40 - 49세,부산광역시,기타,유사투자자문,계약해제.해지/위약금
2024032782,2024-06-20,남자,20 - 29세,서울특별시,일반판매,이동전화서비스,청약철회
2024032739,2024-06-20,남자,70 - 79세,전라북도,기타,정형외과,품질(물품/용역)
2024032758,2024-06-20,여자,40 - 49세,경기도,국내온라인거래,전기진공청소기,AS불만
2024032772,2024-06-20,여자,30 - 39세,부산광역시,소셜커머스(쇼핑),셔츠,청약철회
2024032820,2024-06-20,여자,30 - 39세,서울특별시,국내온라인거래,전기자전거,품질(물품/용역)
2024027744,2024-06-20,남자,30 - 39세,경기도,국내온라인거래,운동화,품질(물품/용역)
2024032099,2024-06-20,여자,30 - 39세,경기도,일반판매,양복(서양식 의복)세탁,품질(물품/용역)
2024030040,2024-06-20,남자,40 - 49세,서울특별시,일반판매,양복(서양식 의복)세탁,품질(물품/용역)
2024032659,2024-06-20,여자,30 - 39세,경기도,국내온라인거래,조립완구,청약철회
2024032682,2024-06-20,여자,40 - 49세,경기도,기타통신판매,TV,AS불만
2024032692,2024-06-20,남자,40 - 49세,경상북도,국내온라인거래,전기자전거,청약철회
2024032650,2024-06-20,남자,30 - 39세,서울특별시,일반판매,자동차수리·점검,부당행위
2024032652,2024-06-20,남자,50 - 59세,경기도,국내온라인거래,자동차대여(렌트),계약해제.해지/위약금
2024032653,2024-06-20,여자,30 - 39세,서울특별시,일반판매,피부·체형관리서비스,계약해제.해지/위약금
2024032657,2024-06-20,여자,80세이상,대구광역시,일반판매,기타병·의원서비스,안전(제품/시설)
2024032663,2024-06-20,여자,50 - 59세,인천광역시,기타,건물청소서비스,품질(물품/용역)
2024032698,2024-06-20,여자,50 - 59세,경상북도,국내온라인거래,호텔,품질(물품/용역)
2024032703,2024-06-20,남자,30 - 39세,제주도,기타,섀시설비,품질(물품/용역)
2024032708,2024-06-20,여자,30 - 39세,세종특별자치시,모바일거래,의자,청약철회
2024032718,2024-06-20,여자,40 - 49세,서울특별시,국내온라인거래,기타신변용품,품질(물품/용역)
2024032728,2024-06-20,여자,50 - 59세,부산광역시,일반판매,기타식품류,품질(물품/용역)
2024032808,2024-06-20,여자,20 - 29세,경기도,일반판매,한의원,계약해제.해지/위약금
2024032771,2024-06-20,남자,60 - 64세,충청남도,일반판매,스마트폰,AS불만
2024032774,2024-06-20,여자,30 - 39세,충청남도,국내온라인거래,기타건강식품,계약불이행(불완전이행)
2024032775,2024-06-20,여자,40 - 49세,경기도,일반판매,피부과,계약불이행(불완전이행)
2024032811,2024-06-20,여자,20 - 29세,경기도,일반판매,성형외과,품질(물품/용역)
2024032677,2024-06-20,여자,30 - 39세,대구광역시,국내온라인거래,핸드백,품질(물품/용역)
2024032716,2024-06-20,남자,40 - 49세,대구광역시,국내온라인거래,도어록,계약불이행(불완전이행)
2024032725,2024-06-20,남자,70 - 79세,서울특별시,기타,상조서비스,계약해제.해지/위약금
2024032660,2024-06-20,남자,40 - 49세,경기도,일반판매,자동차수리·점검,품질(물품/용역)
2024032666,2024-06-20,여자,40 - 49세,전라북도,일반판매,상해보험,계약불이행(불완전이행)
2024032669,2024-06-20,여자,20 - 29세,서울특별시,국내온라인거래,기타의류·섬유,부당행위
2024032744,2024-06-20,남자,20 - 29세,인천광역시,일반판매,기타문화·오락시설이용,안전(제품/시설)
2024032751,2024-06-20,여자,50 - 59세,인천광역시,일반판매,정수기대여(렌트),계약해제.해지/위약금
2024032788,2024-06-20,남자,65 - 69세,인천광역시,일반판매,TV,품질(물품/용역)
2024032795,2024-06-20,여자,30 - 39세,서울특별시,기타,피부과,품질(물품/용역)
2024032802,2024-06-20,여자,60 - 64세,서울특별시,일반판매,정수기대여(렌트),계약해제.해지/위약금
2024032742,2024-06-20,남자,20 - 29세,부산광역시,기타통신판매,유사투자자문,계약해제.해지/위약금
2024032801,2024-06-20,여자,20 - 29세,서울특별시,일반판매,헬스장,계약해제.해지/위약금
2024032819,2024-06-20,여자,10 - 19세,서울특별시,일반판매,한의원,계약해제.해지/위약금
2024032705,2024-06-20,여자,30 - 39세,전라남도,국내온라인거래,인터넷정보이용서비스,계약불이행(불완전이행)
2024032724,2024-06-20,여자,40 - 49세,서울특별시,국내온라인거래,봉지면,청약철회
2024032736,2024-06-20,남자,30 - 39세,서울특별시,일반판매,이동전화서비스,부당행위
2024032740,2024-06-20,남자,65 - 69세,부산광역시,일반판매,내과,품질(물품/용역)
2024032747,2024-06-20,남자,30 - 39세,경상남도,일반판매,기타세탁서비스,계약불이행(불완전이행)
2024032752,2024-06-20,남자,65 - 69세,부산광역시,일반판매,내과,품질(물품/용역)
2024032759,2024-06-20,남자,65 - 69세,경상남도,전화권유판매,유사투자자문,계약해제.해지/위약금
2024032761,2024-06-20,남자,30 - 39세,울산광역시,일반판매,자동차수리·점검,가격.요금
2024032785,2024-06-20,여자,50 - 59세,충청남도,일반판매,필라테스,계약불이행(불완전이행)
2024032794,2024-06-20,여자,30 - 39세,서울특별시,국내온라인거래,헤어드라이어,계약불이행(불완전이행)
2024032805,2024-06-20,남자,60 - 64세,경상남도,기타,장의관련서비스,부당행위
2024027747,2024-06-20,여자,50 - 59세,강원특별자치도,국내온라인거래,샌들·슬리퍼,품질(물품/용역)
2024031496,2024-06-20,남자,20 - 29세,서울특별시,일반판매,양복(서양식 의복)세탁,품질(물품/용역)
2024031014,2024-06-20,여자,30 - 39세,경기도,모바일거래,스포츠웨어,품질(물품/용역)
2024032804,2024-06-20,남자,50 - 59세,경기도,일반판매,오토바이,품질(물품/용역)
2024032809,2024-06-20,여자,50 - 59세,경기도,기타통신판매,룸에어컨,부당행위
2024032817,2024-06-20,여자,30 - 39세,경기도,소셜커머스(쇼핑),헤어드라이어,계약불이행(불완전이행)
2024032821,2024-06-20,여자,50 - 59세,대구광역시,국내온라인거래,기타의료용구,안전(제품/시설)
2024027752,2024-06-20,여자,30 - 39세,서울특별시,일반판매,샌들·슬리퍼,품질(물품/용역)
2024027756,2024-06-20,여자,20 - 29세,서울특별시,국내온라인거래,신발세탁,계약불이행(불완전이행)
2024031787,2024-06-20,여자,50 - 59세,경기도,일반판매,핸드백,품질(물품/용역)
2024031052,2024-06-20,여자,60 - 64세,서울특별시,일반판매,양복(서양식 의복)세탁,품질(물품/용역)
2024032125,2024-06-20,여자,30 - 39세,경기도,국내온라인거래,캐주얼바지,품질(물품/용역)
2024032135,2024-06-20,남자,20 - 29세,경기도,일반판매,신사복세트,품질(물품/용역)
2024032662,2024-06-20,여자,50 - 59세,대구광역시,기타,모바일정보이용서비스,계약불이행(불완전이행)
2024032664,2024-06-20,여자,40 - 49세,서울특별시,국내온라인거래,건물청소서비스,계약불이행(불완전이행)
2024025279,2024-06-20,남자,40 - 49세,대전광역시,일반판매,신발세탁,계약불이행(불완전이행)
2024027742,2024-06-20,여자,30 - 39세,경기도,일반판매,운동화,품질(물품/용역)
2024027743,2024-06-20,여자,40 - 49세,경기도,일반판매,운동화,품질(물품/용역)
2024032670,2024-06-20,여자,20 - 29세,서울특별시,국내온라인거래,각종공연관람,계약불이행(불완전이행)
2024032671,2024-06-20,남자,30 - 39세,경기도,일반판매,블라인드,부당행위
2024032702,2024-06-20,남자,20 - 29세,경기도,일반판매,헬스장,계약불이행(불완전이행)
2024032711,2024-06-20,남자,60 - 64세,서울특별시,일반판매,포장이사운송서비스,계약불이행(불완전이행)
2024032712,2024-06-20,남자,30 - 39세,서울특별시,국내온라인거래,전기어댑터,계약불이행(불완전이행)
2024032143,2024-06-20,여자,40 - 49세,울산광역시,일반판매,양복(서양식 의복)세탁,품질(물품/용역)
2024032720,2024-06-20,여자,40 - 49세,부산광역시,모바일거래,항공여객운송서비스,부당행위
2024032723,2024-06-20,여자,40 - 49세,서울특별시,국내온라인거래,항공여객운송서비스,계약불이행(불완전이행)
2024031838,2024-06-20,여자,40 - 49세,충청북도,일반판매,점퍼·재킷류,품질(물품/용역)
2024032731,2024-06-20,남자,40 - 49세,서울특별시,일반판매,기타매체광고,계약해제.해지/위약금
2024032226,2024-06-20,여자,50 - 59세,경상남도,일반판매,양복(서양식 의복)세탁,품질(물품/용역)
2024032750,2024-06-20,여자,불명,서울특별시,일반판매,시스템에어컨,부당행위
2024032755,2024-06-20,남자,40 - 49세,경상북도,일반판매,애완견,계약해제.해지/위약금
2024032765,2024-06-20,여자,40 - 49세,경기도,방문판매,텐트,품질(물품/용역)
2024032766,2024-06-20,남자,30 - 39세,경기도,일반판매,국내결혼중개,계약해제.해지/위약금
2024032767,2024-06-20,남자,30 - 39세,경상남도,국내온라인거래,모니터,청약철회
2024032781,2024-06-20,여자,50 - 59세,경기도,일반판매,타이어,품질(물품/용역)
2024032783,2024-06-20,남자,40 - 49세,경상남도,국내온라인거래,여관(모텔),계약불이행(불완전이행)
2024032787,2024-06-20,남자,65 - 69세,서울특별시,일반판매,기타스포츠·레저기구·용품,계약불이행(불완전이행)
2024032814,2024-06-20,남자,불명,대전광역시,국내온라인거래,모바일게임서비스,계약해제.해지/위약금
2024032793,2024-06-20,남자,30 - 39세,경기도,국내온라인거래,기타자동차부품,품질(물품/용역)
2024032806,2024-06-20,남자,20 - 29세,서울특별시,일반판매,안경·안경테,품질(물품/용역)
2024032812,2024-06-20,여자,50 - 59세,세종특별자치시,일반판매,실손보험,계약불이행(불완전이행)
2024032813,2024-06-20,여자,20 - 29세,서울특별시,모바일거래,호텔,부당행위
2024032220,2024-06-20,여자,40 - 49세,경상남도,일반판매,양복(서양식 의복)세탁,품질(물품/용역)
2024030090,2024-06-20,여자,50 - 59세,경기도,일반판매,점퍼·재킷류,품질(물품/용역)
2024032665,2024-06-20,여자,30 - 39세,경기도,소셜커머스(쇼핑),아동용내의류,품질(물품/용역)
2024032674,2024-06-20,여자,40 - 49세,경기도,기타,음식물처리기대여(렌트),품질(물품/용역)
2024032684,2024-06-20,여자,40 - 49세,광주광역시,전화권유판매,중형승용자동차,품질(물품/용역)
2024032685,2024-06-20,남자,20 - 29세,울산광역시,일반판매,자동차수리·점검,계약불이행(불완전이행)
2024032686,2024-06-20,여자,30 - 39세,충청북도,국내온라인거래,헤어드라이어,계약불이행(불완전이행)
2024032691,2024-06-20,여자,불명,대구광역시,기타통신판매,컴퓨터수리,계약불이행(불완전이행)
2024032676,2024-06-20,남자,30 - 39세,서울특별시,국내온라인거래,펜션,계약해제.해지/위약금
2024032732,2024-06-20,남자,40 - 49세,서울특별시,국내온라인거래,게,품질(물품/용역)
2024032733,2024-06-20,여자,20 - 29세,경기도,국내온라인거래,항공여객운송서비스,계약불이행(불완전이행)
2024032770,2024-06-20,여자,30 - 39세,인천광역시,모바일거래,헬스장,계약해제.해지/위약금
2024032790,2024-06-20,여자,30 - 39세,광주광역시,모바일거래,피자,계약불이행(불완전이행)
2024032791,2024-06-20,여자,50 - 59세,부산광역시,국내온라인거래,이동전화서비스,거래관행
2024032799,2024-06-20,남자,50 - 59세,대전광역시,국내온라인거래,호텔,계약해제.해지/위약금
2024027748,2024-06-20,여자,50 - 59세,제주도,일반판매,숙녀화(구두·부츠 등),품질(물품/용역)
2024030519,2024-06-20,여자,30 - 39세,서울특별시,일반판매,양복(서양식 의복)세탁,품질(물품/용역)
2024030550,2024-06-20,여자,20 - 29세,울산광역시,일반판매,티셔츠,품질(물품/용역)
2024032667,2024-06-20,여자,불명,서울특별시,국내온라인거래,항공여객운송서비스,부당행위
2024032700,2024-06-20,남자,60 - 64세,경기도,국내온라인거래,기타가사용품,청약철회
2024032661,2024-06-20,남자,60 - 64세,경기도,전화권유판매,애완견,표시.광고
2024032673,2024-06-20,여자,50 - 59세,울산광역시,일반판매,실손보험,계약불이행(불완전이행)
2024032678,2024-06-20,남자,40 - 49세,부산광역시,국내온라인거래,전기압력밥솥,부당행위
2024032701,2024-06-20,남자,60 - 64세,경기도,국내온라인거래,토마토,계약해제.해지/위약금
2024032773,2024-06-20,여자,50 - 59세,인천광역시,TV홈쇼핑,미분류대여(렌트),품질(물품/용역)
2024032737,2024-06-20,여자,50 - 59세,경기도,전화권유판매,다이어트식품,청약철회
2024032753,2024-06-20,남자,20 - 29세,서울특별시,일반판매,정형외과,품질(물품/용역)
2024032784,2024-06-20,여자,60 - 64세,경기도,일반판매,필라테스,계약불이행(불완전이행)
2024032803,2024-06-20,여자,50 - 59세,대구광역시,일반판매,정형외과,품질(물품/용역)
2024032822,2024-06-20,여자,20 - 29세,경기도,소셜커머스(쇼핑),운동화,품질(물품/용역)
2024032823,2024-06-20,여자,30 - 39세,서울특별시,일반판매,필라테스,계약해제.해지/위약금
2024032824,2024-06-20,남자,40 - 49세,세종특별자치시,일반판매,기타인테리어설비,계약불이행(불완전이행)
2024032825,2024-06-20,여자,20 - 29세,대전광역시,국내온라인거래,인터넷교육서비스,부당행위
2024032826,2024-06-20,남자,20 - 29세,경기도,일반판매,이동전화서비스,계약불이행(불완전이행)
2024032827,2024-06-20,남자,30 - 39세,부산광역시,국내온라인거래,TV대,청약철회
2024032828,2024-06-20,여자,40 - 49세,충청남도,모바일거래,마사지류,부당행위
2024032848,2024-06-20,남자,50 - 59세,경기도,국내온라인거래,감귤,품질(물품/용역)
2024032849,2024-06-20,남자,40 - 49세,세종특별자치시,국내온라인거래,이동전화서비스,부당채권추심
2024032850,2024-06-20,남자,60 - 64세,경상남도,국내온라인거래,전기진공청소기,부당행위
2024032851,2024-06-20,여자,30 - 39세,경기도,방문판매,필라테스,계약해제.해지/위약금
2024032852,2024-06-20,여자,30 - 39세,서울특별시,소셜커머스(쇼핑),기타식생활기기,부당행위
2024032853,2024-06-20,여자,40 - 49세,경기도,일반판매,호텔,계약해제.해지/위약금
2024032854,2024-06-20,남자,30 - 39세,경기도,일반판매,자동차수리·점검,계약불이행(불완전이행)
2024032855,2024-06-20,남자,30 - 39세,충청북도,기타,기타매체광고,계약해제.해지/위약금
2024032856,2024-06-20,여자,30 - 39세,서울특별시,일반판매,택배화물운송서비스,품질(물품/용역)
2024032857,2024-06-20,여자,65 - 69세,경기도,일반판매,운동화,계약해제.해지/위약금
2024032858,2024-06-20,남자,20 - 29세,서울특별시,모바일거래,헬스장,계약해제.해지/위약금
2024032859,2024-06-20,여자,20 - 29세,서울특별시,국내온라인거래,각종공연관람,계약불이행(불완전이행)
2024032860,2024-06-20,여자,20 - 29세,인천광역시,일반판매,예식서비스,계약해제.해지/위약금
2024032861,2024-06-20,여자,40 - 49세,경기도,일반판매,골프회원권,계약불이행(불완전이행)
2024032862,2024-06-20,여자,30 - 39세,부산광역시,국내온라인거래,캐주얼바지,청약철회
2024032863,2024-06-20,남자,30 - 39세,서울특별시,일반판매,섀시설비,계약불이행(불완전이행)
2024032864,2024-06-20,남자,30 - 39세,부산광역시,일반판매,창호유리,부당행위
2024032865,2024-06-20,남자,30 - 39세,충청남도,방문판매,헬스장,계약해제.해지/위약금
2024032882,2024-06-20,남자,40 - 49세,경상북도,일반판매,기타냉장·냉동기기,AS불만
2024032883,2024-06-20,여자,20 - 29세,경기도,일반판매,헬스장,계약해제.해지/위약금
2024032884,2024-06-20,여자,30 - 39세,인천광역시,소셜커머스(쇼핑),국외여행,계약해제.해지/위약금
2024032885,2024-06-20,남자,20 - 29세,울산광역시,일반판매,유선방송,계약해제.해지/위약금
2024032886,2024-06-20,남자,40 - 49세,경기도,국내온라인거래,기타가스류,청약철회
2024032887,2024-06-20,여자,30 - 39세,경기도,기타통신판매,기타매체광고,계약불이행(불완전이행)
2024032888,2024-06-20,여자,30 - 39세,서울특별시,국내온라인거래,티셔츠,품질(물품/용역)
2024032889,2024-06-20,여자,40 - 49세,경기도,국내온라인거래,숙녀화(구두·부츠 등),청약철회
2024032890,2024-06-20,여자,40 - 49세,서울특별시,방문판매,정수기대여(렌트),계약해제.해지/위약금
2024032891,2024-06-20,여자,20 - 29세,경상북도,일반판매,미용서비스,계약해제.해지/위약금
2024032892,2024-06-20,여자,30 - 39세,경기도,기타통신판매,사진촬영,청약철회
2024032893,2024-06-20,남자,40 - 49세,서울특별시,일반판매,예식서비스,계약해제.해지/위약금
2024032894,2024-06-20,남자,40 - 49세,경기도,일반판매,미분류대여(렌트),계약해제.해지/위약금
2024032895,2024-06-20,남자,30 - 39세,서울특별시,기타,메이크업강습,계약해제.해지/위약금
2024032896,2024-06-20,남자,30 - 39세,서울특별시,소셜커머스(쇼핑),전기오븐레인지,품질(물품/용역)
2024032897,2024-06-20,여자,30 - 39세,경기도,일반판매,해외유학알선,부당행위
2024032898,2024-06-20,여자,30 - 39세,강원특별자치도,방문판매,콘도회원권,계약해제.해지/위약금
2024032900,2024-06-20,남자,20 - 29세,경기도,모바일거래,기타문화용품,계약불이행(불완전이행)
2024032901,2024-06-20,남자,40 - 49세,경기도,일반판매,모자,품질(물품/용역)
2024032902,2024-06-20,남자,30 - 39세,대구광역시,기타,택배화물운송서비스,품질(물품/용역)
2024032903,2024-06-20,여자,40 - 49세,서울특별시,국내온라인거래,항공여객운송서비스,부당행위
2024032904,2024-06-20,여자,30 - 39세,서울특별시,기타,요가,계약해제.해지/위약금
2024032905,2024-06-20,여자,65 - 69세,경기도,소셜커머스(쇼핑),룸에어컨,계약불이행(불완전이행)
2024032906,2024-06-20,여자,30 - 39세,서울특별시,일반판매,변호서비스,계약해제.해지/위약금
2024032907,2024-06-20,여자,40 - 49세,경기도,국내온라인거래,화장품세트,품질(물품/용역)
2024032908,2024-06-20,여자,30 - 39세,울산광역시,국내온라인거래,헤어드라이어,청약철회
2024032909,2024-06-20,여자,20 - 29세,울산광역시,일반판매,인터넷교육서비스,계약해제.해지/위약금
2024032910,2024-06-20,여자,30 - 39세,대전광역시,기타통신판매,기타방문·통신교육서비스,계약해제.해지/위약금
2024032911,2024-06-20,여자,30 - 39세,경상남도,국내온라인거래,애완동·식물용품,AS불만
2024032912,2024-06-20,남자,50 - 59세,울산광역시,일반판매,기타여행,계약불이행(불완전이행)
2024032913,2024-06-20,여자,65 - 69세,인천광역시,모바일거래,음식물처리기,품질(물품/용역)
2024032914,2024-06-20,여자,30 - 39세,경기도,일반판매,기타가구,계약해제.해지/위약금
2024032915,2024-06-20,남자,40 - 49세,서울특별시,다단계판매,기타방문·통신교육서비스,계약해제.해지/위약금
2024032916,2024-06-20,여자,40 - 49세,인천광역시,국내온라인거래,레저시설이용,계약해제.해지/위약금
2024032936,2024-06-20,여자,30 - 39세,경기도,기타,피부·체형관리서비스,계약해제.해지/위약금
2024032937,2024-06-20,남자,40 - 49세,경상남도,기타,국제결혼중개,계약해제.해지/위약금
2024032938,2024-06-20,여자,50 - 59세,경기도,일반판매,고시원이용,계약해제.해지/위약금
2024032939,2024-06-20,남자,20 - 29세,경기도,일반판매,헬스장,계약해제.해지/위약금
2024032940,2024-06-20,여자,30 - 39세,서울특별시,일반판매,헬스장,계약해제.해지/위약금
2024032941,2024-06-20,여자,30 - 39세,경기도,국내온라인거래,각종공연관람,계약해제.해지/위약금
2024032866,2024-06-20,여자,50 - 59세,경기도,전화권유판매,유사투자자문,부당행위
2024032899,2024-06-20,여자,20 - 29세,세종특별자치시,방문판매,기타인테리어설비,품질(물품/용역)
2024032917,2024-06-20,남자,20 - 29세,서울특별시,국내온라인거래,인터넷교육서비스,계약해제.해지/위약금
2024032829,2024-06-20,여자,30 - 39세,경상남도,일반판매,운동화,품질(물품/용역)
2024032797,2024-06-20,남자,50 - 59세,서울특별시,일반판매,중고자동차중개·매매,표시.광고
2024032697,2024-06-20,여자,40 - 49세,서울특별시,국내온라인거래,시계,청약철회
2024031010,2024-06-20,남자,30 - 39세,서울특별시,일반판매,아동복,품질(물품/용역)
2024025334,2024-06-20,남자,40 - 49세,대전광역시,일반판매,신발세탁,계약불이행(불완전이행)
2024032656,2024-06-20,남자,40 - 49세,경기도,일반판매,중형승용자동차,품질(물품/용역)
2024027749,2024-06-20,남자,40 - 49세,경상북도,일반판매,신발세탁,계약불이행(불완전이행)
2024032098,2024-06-20,남자,50 - 59세,서울특별시,일반판매,점퍼·재킷류,품질(물품/용역)
2024030757,2024-06-20,남자,40 - 49세,경상남도,일반판매,양복(서양식 의복)세탁,품질(물품/용역)
2024030756,2024-06-20,남자,40 - 49세,경상남도,일반판매,양복(서양식 의복)세탁,품질(물품/용역)
2024032830,2024-06-20,남자,30 - 39세,경기도,국내온라인거래,기타일반화장품,청약철회
2024032831,2024-06-20,여자,40 - 49세,경기도,기타통신판매,인터넷전화,AS불만
2024032832,2024-06-20,남자,20 - 29세,대구광역시,일반판매,헬스장,계약해제.해지/위약금
2024032833,2024-06-20,여자,20 - 29세,경상남도,소셜커머스(쇼핑),원피스,품질(물품/용역)
2024032834,2024-06-20,여자,50 - 59세,경기도,기타통신판매,이동전화서비스,가격.요금
2024032835,2024-06-20,남자,30 - 39세,서울특별시,일반판매,"연회서비스(돌잔치,회갑 등)",계약해제.해지/위약금
2024032836,2024-06-20,여자,40 - 49세,경기도,일반판매,골프회원권,계약해제.해지/위약금
2024032837,2024-06-20,남자,60 - 64세,대구광역시,국내온라인거래,티셔츠,청약철회
2024032838,2024-06-20,여자,50 - 59세,전라북도,국내온라인거래,소파,품질(물품/용역)
2024032839,2024-06-20,여자,40 - 49세,경기도,일반판매,기타인테리어설비,품질(물품/용역)
2024032840,2024-06-20,남자,30 - 39세,서울특별시,국내온라인거래,모니터,표시.광고
2024032841,2024-06-20,여자,20 - 29세,서울특별시,국제온라인거래,항공여객운송서비스,계약해제.해지/위약금
2024032842,2024-06-20,여자,40 - 49세,경기도,국내온라인거래,항공여객운송서비스,계약해제.해지/위약금
2024032843,2024-06-20,여자,20 - 29세,경기도,일반판매,봉지면,안전(제품/시설)
2024032844,2024-06-20,남자,50 - 59세,울산광역시,전화권유판매,노트북컴퓨터,계약해제.해지/위약금
2024032845,2024-06-20,여자,30 - 39세,경상북도,국내온라인거래,이불·요,청약철회
2024032846,2024-06-20,여자,30 - 39세,경기도,국내온라인거래,모바일정보이용서비스,계약해제.해지/위약금
2024032847,2024-06-20,여자,20 - 29세,경기도,국내온라인거래,서랍장,품질(물품/용역)
2024032867,2024-06-20,여자,30 - 39세,서울특별시,일반판매,학습지,계약해제.해지/위약금
2024032868,2024-06-20,여자,40 - 49세,서울특별시,국내온라인거래,기타완구·인형,청약철회
2024032869,2024-06-20,여자,50 - 59세,경상남도,국내온라인거래,기타의류·섬유,청약철회
2024032870,2024-06-20,남자,65 - 69세,경기도,일반판매,항공화물운송서비스,계약해제.해지/위약금
2024032871,2024-06-20,남자,40 - 49세,경기도,일반판매,외식,가격.요금
2024032872,2024-06-20,여자,70 - 79세,경기도,모바일거래,항공여객운송서비스,부당행위
2024032873,2024-06-20,남자,30 - 39세,부산광역시,일반판매,산후조리원,계약해제.해지/위약금
2024032874,2024-06-20,여자,20 - 29세,부산광역시,모바일거래,기타식품류,품질(물품/용역)
2024032875,2024-06-20,여자,30 - 39세,경기도,일반판매,산후조리원,계약해제.해지/위약금
2024032876,2024-06-20,여자,30 - 39세,서울특별시,국제온라인거래,항공여객운송서비스,계약해제.해지/위약금
2024032877,2024-06-20,여자,40 - 49세,서울특별시,방문판매,공기청정기대여(렌트),가격.요금
2024032878,2024-06-20,남자,40 - 49세,경기도,국내온라인거래,컴퓨터모니터(데스크탑),부당행위
2024032879,2024-06-20,여자,40 - 49세,충청남도,기타,가스에어컨,품질(물품/용역)
2024032880,2024-06-20,여자,30 - 39세,경기도,국내온라인거래,각종공연관람,계약불이행(불완전이행)
2024032881,2024-06-20,여자,20 - 29세,서울특별시,방문판매,헬스장,계약해제.해지/위약금
2024032655,2024-06-20,여자,40 - 49세,서울특별시,일반판매,피부과,계약해제.해지/위약금
2024032668,2024-06-20,여자,60 - 64세,경기도,기타,건강(암·기타질병)보험,계약불이행(불완전이행)
2024032683,2024-06-20,여자,20 - 29세,경기도,전화권유판매,필라테스,계약해제.해지/위약금
2024032715,2024-06-20,남자,40 - 49세,경기도,국내온라인거래,전기맛사지기,안전(제품/시설)
2024032918,2024-06-20,여자,50 - 59세,서울특별시,전화권유판매,스마트폰,가격.요금
2024032919,2024-06-20,여자,30 - 39세,강원특별자치도,모바일거래,티셔츠,청약철회
2024032920,2024-06-20,여자,30 - 39세,서울특별시,국내온라인거래,샌들·슬리퍼,품질(물품/용역)
2024032921,2024-06-20,여자,20 - 29세,전라북도,국제온라인거래,기타숙박시설,계약해제.해지/위약금
2024032922,2024-06-20,남자,30 - 39세,서울특별시,일반판매,예식서비스,계약해제.해지/위약금
2024032923,2024-06-20,여자,20 - 29세,인천광역시,일반판매,요가,계약해제.해지/위약금
2024032924,2024-06-20,여자,50 - 59세,서울특별시,기타,기타신발·용품,청약철회
2024032925,2024-06-20,여자,30 - 39세,서울특별시,일반판매,애완견,계약해제.해지/위약금
2024032926,2024-06-20,여자,20 - 29세,인천광역시,국내온라인거래,각종공연관람,계약해제.해지/위약금
2024032927,2024-06-20,남자,40 - 49세,부산광역시,기타,컴퓨터수리,부당행위
2024032928,2024-06-20,남자,30 - 39세,서울특별시,일반판매,일반강습(입시학원등),청약철회
2024032929,2024-06-20,여자,30 - 39세,서울특별시,일반판매,골프회원권,계약불이행(불완전이행)
2024032930,2024-06-20,남자,20 - 29세,대구광역시,방문판매,헬스장,계약해제.해지/위약금
2024032931,2024-06-20,남자,10 - 19세,경기도,모바일거래,모바일게임서비스,부당행위
2024032932,2024-06-20,여자,30 - 39세,강원특별자치도,전화권유판매,미분류컨설팅(자문),청약철회
2024032933,2024-06-20,여자,50 - 59세,경기도,일반판매,아파트,계약불이행(불완전이행)
2024032934,2024-06-20,남자,40 - 49세,서울특별시,국내온라인거래,기타스포츠·레저기구·용품,계약불이행(불완전이행)
2024032935,2024-06-20,남자,30 - 39세,서울특별시,국내온라인거래,가운·잠옷류,품질(물품/용역)
2024033033,2024-06-21,여자,20 - 29세,경기도,기타통신판매,건물청소서비스,계약불이행(불완전이행)
2024033041,2024-06-21,남자,40 - 49세,부산광역시,일반판매,식사배달,계약불이행(불완전이행)
2024031499,2024-06-21,여자,50 - 59세,경기도,일반판매,양복(서양식 의복)세탁,품질(물품/용역)
2024031888,2024-06-21,여자,40 - 49세,경기도,일반판매,티셔츠,품질(물품/용역)
2024033043,2024-06-21,남자,60 - 64세,서울특별시,일반판매,기타주거관리설비,가격.요금
2024033050,2024-06-21,여자,20 - 29세,제주도,전화권유판매,상조서비스,계약해제.해지/위약금
2024031921,2024-06-21,남자,40 - 49세,경상남도,일반판매,점퍼·재킷류,품질(물품/용역)
2024032967,2024-06-21,여자,30 - 39세,울산광역시,소셜커머스(쇼핑),헤어드라이어,계약불이행(불완전이행)
2024032996,2024-06-21,남자,40 - 49세,대구광역시,국내온라인거래,기타자전거용품,청약철회
2024033029,2024-06-21,남자,30 - 39세,부산광역시,기타,기타매체광고,계약불이행(불완전이행)
2024033051,2024-06-21,남자,40 - 49세,경기도,기타,제조물·생산및영업배상보험,약관
2024032947,2024-06-21,남자,30 - 39세,세종특별자치시,일반판매,기타세정제·탈취제,안전(제품/시설)
2024032969,2024-06-21,여자,40 - 49세,서울특별시,국내온라인거래,헤어드라이어,부당행위
2024032971,2024-06-21,남자,40 - 49세,경상남도,국내온라인거래,헤어드라이어,부당행위
2024032979,2024-06-21,여자,30 - 39세,서울특별시,국내온라인거래,블라우스,청약철회
2024032981,2024-06-21,여자,30 - 39세,경기도,국내온라인거래,헤어드라이어,계약불이행(불완전이행)
2024032986,2024-06-21,남자,20 - 29세,경기도,모바일거래,카셰어링,계약해제.해지/위약금
2024032999,2024-06-21,여자,60 - 64세,대전광역시,기타,상해보험,약관
2024033003,2024-06-21,남자,20 - 29세,경기도,국내온라인거래,태블릿PC,청약철회
2024032159,2024-06-21,여자,50 - 59세,경기도,일반판매,양복(서양식 의복)세탁,품질(물품/용역)
2024031073,2024-06-21,여자,30 - 39세,서울특별시,일반판매,천연피혁의류,품질(물품/용역)
2024033052,2024-06-21,여자,불명,서울특별시,소셜커머스(쇼핑),기타가구,품질(물품/용역)
2024032953,2024-06-21,남자,20 - 29세,인천광역시,국내온라인거래,닭고기포장육,부당행위
2024032959,2024-06-21,남자,30 - 39세,대구광역시,일반판매,이동전화서비스,부당행위
2024032977,2024-06-21,여자,10 - 19세,서울특별시,국내온라인거래,기타방문·통신교육서비스,계약해제.해지/위약금
2024033009,2024-06-21,여자,40 - 49세,인천광역시,소셜커머스(쇼핑),립스틱,품질(물품/용역)
2024033012,2024-06-21,남자,70 - 79세,서울특별시,국내온라인거래,컴퓨터모니터(데스크탑),품질(물품/용역)
2024033013,2024-06-21,여자,불명,경기도,국내온라인거래,각종공연관람,계약불이행(불완전이행)
2024033031,2024-06-21,남자,50 - 59세,충청북도,일반판매,내과,품질(물품/용역)
2024033059,2024-06-21,여자,40 - 49세,서울특별시,일반판매,신용카드,계약불이행(불완전이행)
2024033037,2024-06-21,남자,50 - 59세,인천광역시,기타,정수기대여(렌트),품질(물품/용역)
2024033015,2024-06-21,남자,50 - 59세,인천광역시,일반판매,택배화물운송서비스,계약불이행(불완전이행)
2024033017,2024-06-21,남자,60 - 64세,광주광역시,전화권유판매,기타건강식품,계약불이행(불완전이행)
2024033018,2024-06-21,여자,50 - 59세,경기도,기타,무선인터넷,부당행위
2024033021,2024-06-21,남자,20 - 29세,광주광역시,일반판매,자동차보험,계약불이행(불완전이행)
2024033024,2024-06-21,여자,20 - 29세,서울특별시,소셜커머스(쇼핑),캐주얼바지,청약철회
2024033038,2024-06-21,남자,20 - 29세,경기도,모바일거래,인터넷정보이용서비스,계약불이행(불완전이행)
2024033053,2024-06-21,여자,80세이상,경기도,기타통신판매,기타의료용구,품질(물품/용역)
2024033056,2024-06-21,여자,30 - 39세,해외 및 기타,국제온라인거래,국내여행,계약불이행(불완전이행)
2024032983,2024-06-21,남자,30 - 39세,대구광역시,일반판매,"OTT서비스(넷플릭스,왓챠 등)",계약불이행(불완전이행)
2024033042,2024-06-21,남자,30 - 39세,경상남도,국내온라인거래,각종공연관람,계약불이행(불완전이행)
2024032960,2024-06-21,여자,40 - 49세,경기도,일반판매,자동차세차,계약해제.해지/위약금
2024032978,2024-06-21,여자,80세이상,서울특별시,일반판매,제조물·생산및영업배상보험,품질(물품/용역)
2024032987,2024-06-21,여자,40 - 49세,충청북도,기타통신판매,국수,부당행위
2024032988,2024-06-21,여자,30 - 39세,서울특별시,국내온라인거래,의자,청약철회
2024032989,2024-06-21,여자,20 - 29세,경기도,모바일거래,호텔,계약해제.해지/위약금
2024032990,2024-06-21,여자,70 - 79세,인천광역시,전화권유판매,샴푸,청약철회
2024032948,2024-06-21,남자,40 - 49세,충청남도,국내온라인거래,소파,AS불만
2024032954,2024-06-21,남자,40 - 49세,서울특별시,모바일거래,보석·귀금속,계약불이행(불완전이행)
2024032962,2024-06-21,여자,30 - 39세,서울특별시,국내온라인거래,항공여객운송서비스,계약불이행(불완전이행)
2024032963,2024-06-21,남자,30 - 39세,대구광역시,국내온라인거래,기타숙박시설,계약해제.해지/위약금
2024032965,2024-06-21,남자,40 - 49세,인천광역시,일반판매,기타주거관리설비,품질(물품/용역)
2024032966,2024-06-21,여자,70 - 79세,부산광역시,일반판매,치과,품질(물품/용역)
2024032968,2024-06-21,여자,40 - 49세,경기도,기타,이동전화서비스,부당행위
2024032972,2024-06-21,남자,30 - 39세,경상남도,기타통신판매,휠,계약해제.해지/위약금
2024033008,2024-06-21,여자,40 - 49세,경기도,기타,포장이사운송서비스,계약불이행(불완전이행)
2024033039,2024-06-21,여자,40 - 49세,경기도,국내온라인거래,기타숙박시설,계약불이행(불완전이행)
2024033044,2024-06-21,남자,30 - 39세,경기도,국내온라인거래,인터넷정보이용서비스,계약불이행(불완전이행)
2024033023,2024-06-21,여자,20 - 29세,서울특별시,기타통신판매,외국어강습,계약해제.해지/위약금
2024033026,2024-06-21,여자,30 - 39세,서울특별시,국내온라인거래,전동킥보드,부당행위
2024033028,2024-06-21,남자,40 - 49세,경기도,일반판매,기타자동차부품,계약불이행(불완전이행)
2024033501,2024-06-21,여자,20 - 29세,경기도,일반판매,필라테스,계약불이행(불완전이행)
2024032118,2024-06-21,여자,20 - 29세,세종특별자치시,일반판매,양복(서양식 의복)세탁,품질(물품/용역)
2024032950,2024-06-21,여자,30 - 39세,충청북도,전화권유판매,기타매체광고,계약해제.해지/위약금
2024032958,2024-06-21,여자,30 - 39세,서울특별시,국내온라인거래,애완견,품질(물품/용역)
2024032997,2024-06-21,남자,불명,부산광역시,국내온라인거래,기타건강식품,표시.광고
2024033005,2024-06-21,남자,40 - 49세,경기도,일반판매,기타농업시설자재,계약불이행(불완전이행)
2024033011,2024-06-21,여자,50 - 59세,경기도,국내온라인거래,식탁,품질(물품/용역)
2024033020,2024-06-21,여자,30 - 39세,서울특별시,일반판매,보석·귀금속,청약철회
2024033025,2024-06-21,여자,50 - 59세,서울특별시,전화권유판매,피부과,계약해제.해지/위약금
2024033120,2024-06-21,여자,20 - 29세,경기도,모바일거래,점퍼·재킷류,계약불이행(불완전이행)
2024033121,2024-06-21,여자,40 - 49세,충청북도,국내온라인거래,헤어드라이어,계약불이행(불완전이행)
2024033122,2024-06-21,남자,30 - 39세,경기도,전화권유판매,예식서비스,계약해제.해지/위약금
2024033123,2024-06-21,여자,40 - 49세,경기도,국내온라인거래,스포츠시설이용,계약해제.해지/위약금
2024033124,2024-06-21,여자,20 - 29세,대전광역시,국내온라인거래,각종공연관람,계약불이행(불완전이행)
2024033125,2024-06-21,남자,30 - 39세,경기도,국내온라인거래,항공여객운송서비스,계약불이행(불완전이행)
2024033126,2024-06-21,남자,30 - 39세,경기도,일반판매,기타문화·오락시설이용,계약불이행(불완전이행)
2024033127,2024-06-21,여자,30 - 39세,경기도,기타,현상·인화,계약불이행(불완전이행)
2024033128,2024-06-21,여자,30 - 39세,대전광역시,국내온라인거래,원피스,계약불이행(불완전이행)
2024033129,2024-06-21,여자,50 - 59세,대구광역시,일반판매,시계,AS불만
2024033130,2024-06-21,남자,30 - 39세,서울특별시,기타,포장이사운송서비스,계약해제.해지/위약금
2024033131,2024-06-21,남자,50 - 59세,경기도,모바일거래,이동전화서비스,계약불이행(불완전이행)
2024033132,2024-06-21,남자,40 - 49세,서울특별시,일반판매,초고속인터넷,계약해제.해지/위약금
2024033133,2024-06-21,여자,20 - 29세,서울특별시,방문판매,기타이·미용서비스,부당행위
2024033134,2024-06-21,남자,30 - 39세,서울특별시,국내온라인거래,기타신발·용품,청약철회
2024033135,2024-06-21,남자,30 - 39세,서울특별시,일반판매,종합체육시설회원권,계약해제.해지/위약금
2024033136,2024-06-21,여자,20 - 29세,서울특별시,국내온라인거래,인터넷교육서비스,계약해제.해지/위약금
2024033137,2024-06-21,남자,40 - 49세,울산광역시,기타,식기세척기,품질(물품/용역)
2024033138,2024-06-21,남자,20 - 29세,경기도,일반판매,미용서비스,계약해제.해지/위약금
2024033139,2024-06-21,여자,30 - 39세,경기도,국내온라인거래,항공여객운송서비스,청약철회
2024033140,2024-06-21,여자,20 - 29세,대구광역시,국내온라인거래,스포츠웨어,계약불이행(불완전이행)
2024033141,2024-06-21,여자,30 - 39세,대전광역시,기타,헬스장,계약해제.해지/위약금
2024033142,2024-06-21,남자,30 - 39세,대구광역시,국내온라인거래,기타미분류서비스,계약불이행(불완전이행)
2024033143,2024-06-21,여자,50 - 59세,대구광역시,방문판매,필라테스,계약해제.해지/위약금
2024033144,2024-06-21,남자,50 - 59세,서울특별시,일반판매,TV,부당행위
2024032942,2024-06-21,여자,70 - 79세,서울특별시,일반판매,보청기,품질(물품/용역)
2024032956,2024-06-21,여자,30 - 39세,서울특별시,국내온라인거래,원피스,품질(물품/용역)
2024032957,2024-06-21,남자,40 - 49세,충청남도,방문판매,세탁용합성세제,청약철회
2024033002,2024-06-21,여자,40 - 49세,서울특별시,국내온라인거래,헤어드라이어,계약불이행(불완전이행)
2024032970,2024-06-21,여자,20 - 29세,서울특별시,기타통신판매,기타숙박시설,계약해제.해지/위약금
2024032980,2024-06-21,남자,40 - 49세,전라북도,일반판매,포장이사운송서비스,거래관행
2024033000,2024-06-21,남자,10 - 19세,대구광역시,일반판매,독서실이용,계약해제.해지/위약금
2024033004,2024-06-21,여자,30 - 39세,경기도,소셜커머스(쇼핑),전기진공청소기,품질(물품/용역)
2024033022,2024-06-21,남자,50 - 59세,인천광역시,국내온라인거래,모바일정보이용서비스,청약철회
2024033145,2024-06-21,여자,50 - 59세,경기도,일반판매,소파,청약철회
2024033146,2024-06-21,여자,50 - 59세,경기도,일반판매,창호유리,AS불만
2024033147,2024-06-21,여자,30 - 39세,서울특별시,일반판매,국내결혼중개,계약해제.해지/위약금
2024033149,2024-06-21,여자,40 - 49세,서울특별시,국내온라인거래,기타의류·섬유,청약철회
2024033150,2024-06-21,여자,40 - 49세,대전광역시,일반판매,일반강습(입시학원등),가격.요금
2024033151,2024-06-21,여자,40 - 49세,서울특별시,국내온라인거래,캐주얼바지,계약불이행(불완전이행)
2024033152,2024-06-21,남자,30 - 39세,인천광역시,국내온라인거래,소프트웨어,품질(물품/용역)
2024033153,2024-06-21,남자,20 - 29세,서울특별시,방문판매,헬스장,계약해제.해지/위약금
2024033154,2024-06-21,남자,40 - 49세,인천광역시,방문판매,시스템에어컨,품질(물품/용역)
2024033155,2024-06-21,여자,30 - 39세,경기도,일반판매,식기세척기,AS불만
2024033156,2024-06-21,여자,20 - 29세,경기도,국내온라인거래,애완동·식물용품,품질(물품/용역)
2024033157,2024-06-21,여자,30 - 39세,경기도,국내온라인거래,식탁,청약철회
2024033158,2024-06-21,여자,10 - 19세,충청남도,국내온라인거래,연극관람,청약철회
2024033159,2024-06-21,여자,50 - 59세,인천광역시,소셜커머스(쇼핑),룸에어컨,품질(물품/용역)
2024033160,2024-06-21,여자,30 - 39세,서울특별시,국내온라인거래,컴퓨터모니터(데스크탑),안전(제품/시설)
2024033161,2024-06-21,여자,20 - 29세,서울특별시,국내온라인거래,스포츠웨어,청약철회
2024033032,2024-06-21,남자,40 - 49세,서울특별시,전화권유판매,기타사설강습서비스,계약불이행(불완전이행)
2024033047,2024-06-21,여자,50 - 59세,경기도,전화권유판매,유사투자자문,계약해제.해지/위약금
2024033058,2024-06-21,남자,40 - 49세,경기도,일반판매,스마트폰,품질(물품/용역)
2024033162,2024-06-21,여자,20 - 29세,충청남도,일반판매,헬스장,계약해제.해지/위약금
2024033163,2024-06-21,여자,60 - 64세,서울특별시,기타,기타이·미용서비스,계약해제.해지/위약금
2024033164,2024-06-21,여자,30 - 39세,경기도,국내온라인거래,기타교육서비스,부당행위
2024033165,2024-06-21,여자,20 - 29세,서울특별시,일반판매,일반강습(입시학원등),계약해제.해지/위약금
2024033166,2024-06-21,남자,30 - 39세,경기도,국내온라인거래,태블릿PC,계약불이행(불완전이행)
2024033167,2024-06-21,남자,40 - 49세,인천광역시,국내온라인거래,블루투스스피커,계약불이행(불완전이행)
2024033168,2024-06-21,여자,40 - 49세,경기도,일반판매,택배화물운송서비스,계약불이행(불완전이행)
2024033169,2024-06-21,여자,60 - 64세,경상남도,기타,변호서비스,품질(물품/용역)
2024033170,2024-06-21,남자,40 - 49세,서울특별시,일반판매,스마트폰,AS불만
2024033171,2024-06-21,여자,20 - 29세,경기도,기타통신판매,피부·체형관리서비스,계약해제.해지/위약금
2024033172,2024-06-21,여자,30 - 39세,서울특별시,소셜커머스(쇼핑),프라이팬,부당행위
2024033173,2024-06-21,여자,20 - 29세,서울특별시,국내온라인거래,인터넷정보이용서비스,부당행위
2024033174,2024-06-21,여자,30 - 39세,서울특별시,국내온라인거래,셔츠,청약철회
2024033175,2024-06-21,남자,40 - 49세,인천광역시,모바일거래,음식물처리기대여(렌트),계약해제.해지/위약금
2024033176,2024-06-21,여자,30 - 39세,서울특별시,일반판매,헬스장,계약해제.해지/위약금
2024033177,2024-06-21,여자,30 - 39세,경기도,일반판매,미용서비스,청약철회
2024033178,2024-06-21,남자,30 - 39세,세종특별자치시,모바일거래,이동전화서비스,계약해제.해지/위약금
2024033179,2024-06-21,남자,40 - 49세,경기도,방문판매,TV,AS불만
2024033180,2024-06-21,여자,40 - 49세,서울특별시,국내온라인거래,원피스,청약철회
2024033181,2024-06-21,여자,30 - 39세,경기도,국내온라인거래,숙녀화(구두·부츠 등),품질(물품/용역)
2024033182,2024-06-21,남자,40 - 49세,서울특별시,국내온라인거래,호텔,계약해제.해지/위약금
2024033183,2024-06-21,남자,30 - 39세,경기도,국내온라인거래,음식물처리기,청약철회
2024033184,2024-06-21,여자,40 - 49세,경기도,국내온라인거래,룸에어컨,AS불만
2024033185,2024-06-21,남자,30 - 39세,서울특별시,모바일거래,위성방송,계약해제.해지/위약금
2024033186,2024-06-21,남자,50 - 59세,서울특별시,국내온라인거래,전자게임기구,AS불만
2024033187,2024-06-21,여자,65 - 69세,경기도,일반판매,정수기대여(렌트),품질(물품/용역)
2024033188,2024-06-21,여자,20 - 29세,서울특별시,국내온라인거래,기타의자류,품질(물품/용역)
2024033189,2024-06-21,여자,40 - 49세,경기도,일반판매,요가,계약해제.해지/위약금
2024033190,2024-06-21,여자,20 - 29세,서울특별시,일반판매,헬스장,계약해제.해지/위약금
2024033191,2024-06-21,남자,30 - 39세,경기도,전화권유판매,기타매체광고,계약해제.해지/위약금
2024033192,2024-06-21,여자,40 - 49세,경기도,국내온라인거래,헤어드라이어,계약해제.해지/위약금
2024033193,2024-06-21,여자,40 - 49세,대구광역시,국내온라인거래,응접테이블,청약철회
2024033194,2024-06-21,여자,20 - 29세,서울특별시,일반판매,예식서비스,계약해제.해지/위약금
2024033195,2024-06-21,남자,40 - 49세,경기도,국내온라인거래,보온도시락,부당행위
2024033196,2024-06-21,여자,40 - 49세,충청남도,방문판매,침대·매트리스대여(렌트),품질(물품/용역)
2024033197,2024-06-21,남자,50 - 59세,광주광역시,일반판매,정수기대여(렌트),계약해제.해지/위약금
2024033198,2024-06-21,여자,20 - 29세,서울특별시,모바일거래,펜션,계약해제.해지/위약금
2024033199,2024-06-21,여자,20 - 29세,서울특별시,일반판매,헬스장,약관
2024033200,2024-06-21,남자,20 - 29세,경기도,국내온라인거래,호텔,계약불이행(불완전이행)
2024033201,2024-06-21,남자,20 - 29세,대전광역시,기타통신판매,각종자격취득강습,부당행위
2024033202,2024-06-21,여자,20 - 29세,경기도,국내온라인거래,각종공연관람,계약불이행(불완전이행)
2024033203,2024-06-21,여자,40 - 49세,서울특별시,기타,필라테스,계약해제.해지/위약금
2024033204,2024-06-21,여자,30 - 39세,경상북도,국제온라인거래,기타의류·섬유,청약철회
2024033205,2024-06-21,남자,30 - 39세,광주광역시,국내온라인거래,선풍기,품질(물품/용역)
2024033206,2024-06-21,여자,30 - 39세,부산광역시,국내온라인거래,기타책상·테이블류,품질(물품/용역)
2024033207,2024-06-21,남자,30 - 39세,서울특별시,일반판매,이동전화서비스,가격.요금
2024033208,2024-06-21,여자,30 - 39세,충청북도,소셜커머스(쇼핑),기타스포츠·레저기구·용품,계약불이행(불완전이행)
2024033209,2024-06-21,남자,20 - 29세,경상남도,,기타인테리어설비,계약불이행(불완전이행)
2024033210,2024-06-21,남자,30 - 39세,경상북도,국내온라인거래,티셔츠,품질(물품/용역)
2024033211,2024-06-21,여자,20 - 29세,광주광역시,일반판매,예식서비스,계약해제.해지/위약금
2024033212,2024-06-21,여자,30 - 39세,제주도,기타통신판매,캐주얼바지,계약해제.해지/위약금
2024033213,2024-06-21,여자,30 - 39세,인천광역시,일반판매,외식,계약불이행(불완전이행)
2024033006,2024-06-21,여자,30 - 39세,인천광역시,소셜커머스(쇼핑),식탁,품질(물품/용역)
2024033007,2024-06-21,여자,30 - 39세,서울특별시,일반판매,미용서비스,계약불이행(불완전이행)
2024032946,2024-06-21,여자,50 - 59세,경기도,전화권유판매,인터넷교육서비스,계약해제.해지/위약금
2024032955,2024-06-21,남자,30 - 39세,서울특별시,기타통신판매,인터넷교육서비스,계약해제.해지/위약금
2024032964,2024-06-21,남자,20 - 29세,경기도,기타통신판매,시스템에어컨,부당행위
2024033057,2024-06-21,여자,20 - 29세,경기도,일반판매,헬스장,계약해제.해지/위약금
2024033101,2024-06-21,여자,30 - 39세,대전광역시,일반판매,헬스장,계약해제.해지/위약금
2024032994,2024-06-21,남자,30 - 39세,경기도,일반판매,자동차수리·점검,부당행위
2024032998,2024-06-21,여자,40 - 49세,경기도,일반판매,쓰레기통,청약철회
2024033030,2024-06-21,남자,40 - 49세,경기도,국내온라인거래,기타자전거용품,품질(물품/용역)
2024033035,2024-06-21,여자,40 - 49세,서울특별시,일반판매,다이어트식품,계약해제.해지/위약금
2024033045,2024-06-21,남자,10 - 19세,서울특별시,모바일거래,모바일정보이용서비스,계약해제.해지/위약금
2024033102,2024-06-21,여자,20 - 29세,충청남도,국내온라인거래,각종공연관람,계약불이행(불완전이행)
2024033103,2024-06-21,여자,20 - 29세,서울특별시,국내온라인거래,각종공연관람,계약불이행(불완전이행)
2024033104,2024-06-21,여자,30 - 39세,서울특별시,방문판매,필라테스,계약해제.해지/위약금
2024033105,2024-06-21,남자,70 - 79세,경기도,일반판매,아파트,AS불만
2024033106,2024-06-21,남자,50 - 59세,경기도,국내온라인거래,국외여행,계약해제.해지/위약금
2024033107,2024-06-21,여자,40 - 49세,서울특별시,국내온라인거래,전기세탁기,품질(물품/용역)
2024033108,2024-06-21,남자,40 - 49세,경기도,국내온라인거래,인터넷정보이용서비스,청약철회
2024033109,2024-06-21,여자,40 - 49세,광주광역시,국내온라인거래,헤어드라이어,청약철회
2024033110,2024-06-21,여자,30 - 39세,경상남도,일반판매,원피스,부당행위
2024033111,2024-06-21,여자,40 - 49세,서울특별시,국내온라인거래,선풍기,계약해제.해지/위약금
2024033112,2024-06-21,남자,20 - 29세,서울특별시,국내온라인거래,항공여객운송서비스,계약해제.해지/위약금
2024033113,2024-06-21,여자,20 - 29세,경기도,일반판매,헬스장,계약해제.해지/위약금
2024033114,2024-06-21,여자,30 - 39세,울산광역시,국내온라인거래,영양크림류,청약철회
2024033115,2024-06-21,여자,30 - 39세,경기도,일반판매,상조서비스,계약해제.해지/위약금
2024033116,2024-06-21,남자,20 - 29세,경기도,일반판매,헬스장,계약해제.해지/위약금
2024033117,2024-06-21,여자,40 - 49세,서울특별시,기타통신판매,레포츠장비대여(렌트),부당행위
2024033118,2024-06-21,여자,30 - 39세,충청북도,국내온라인거래,헤어드라이어,청약철회
2024033119,2024-06-21,남자,50 - 59세,전라북도,국내온라인거래,TV,AS불만
2024032944,2024-06-21,남자,40 - 49세,경기도,소셜커머스(쇼핑),기타건축자재,품질(물품/용역)
2024032951,2024-06-21,여자,20 - 29세,서울특별시,국내온라인거래,항공여객운송서비스,부당행위
2024032975,2024-06-21,여자,40 - 49세,전라북도,국내온라인거래,샌들·슬리퍼,가격.요금
2024032993,2024-06-21,남자,50 - 59세,인천광역시,전화권유판매,인터넷정보이용서비스,계약불이행(불완전이행)
2024032995,2024-06-21,여자,40 - 49세,경기도,국제온라인거래,항공여객운송서비스,계약해제.해지/위약금
2024033040,2024-06-21,여자,30 - 39세,강원특별자치도,소셜커머스(쇼핑),침대,품질(물품/용역)
2024033054,2024-06-21,남자,30 - 39세,경기도,소셜커머스(쇼핑),기타가구,부당행위
2024032945,2024-06-21,여자,50 - 59세,경기도,국내온라인거래,모형완구,계약불이행(불완전이행)
2024032974,2024-06-21,남자,40 - 49세,부산광역시,일반판매,소형화물자동차,품질(물품/용역)
2024032982,2024-06-21,남자,50 - 59세,충청남도,전화권유판매,기타매체광고,계약해제.해지/위약금
2024032441,2024-06-21,남자,65 - 69세,서울특별시,일반판매,기타세탁서비스,품질(물품/용역)
2024031306,2024-06-21,여자,30 - 39세,경기도,일반판매,양복(서양식 의복)세탁,품질(물품/용역)
2024033301,2024-06-22,남자,30 - 39세,세종특별자치시,국내온라인거래,기타약품,계약불이행(불완전이행)
2024033302,2024-06-22,남자,40 - 49세,울산광역시,TV홈쇼핑,음식물처리기대여(렌트),계약해제.해지/위약금
2024033303,2024-06-22,남자,40 - 49세,제주도,국내온라인거래,남성용내의류,계약해제.해지/위약금
2024033304,2024-06-22,남자,20 - 29세,서울특별시,일반판매,헬스장,계약해제.해지/위약금
2024033305,2024-06-22,남자,10 - 19세,경기도,일반판매,헬스장,계약해제.해지/위약금
2024033306,2024-06-22,여자,30 - 39세,강원특별자치도,일반판매,기타의류·섬유,부당행위
2024033307,2024-06-22,남자,40 - 49세,서울특별시,기타,기타사설강습서비스,계약불이행(불완전이행)
2024033308,2024-06-22,여자,20 - 29세,대구광역시,일반판매,헬스장,계약불이행(불완전이행)
2024033309,2024-06-22,여자,40 - 49세,제주도,국내온라인거래,항공여객운송서비스,부당채권추심
2024033310,2024-06-22,남자,30 - 39세,서울특별시,일반판매,골프회원권,계약해제.해지/위약금
2024033311,2024-06-22,여자,30 - 39세,서울특별시,기타,예식서비스,계약해제.해지/위약금
2024033312,2024-06-22,여자,30 - 39세,서울특별시,국내온라인거래,항공여객운송서비스,계약해제.해지/위약금
2024033313,2024-06-22,여자,20 - 29세,경기도,일반판매,헬스장,계약해제.해지/위약금
2024033314,2024-06-22,여자,50 - 59세,서울특별시,기타,기타인테리어설비,AS불만
2024033315,2024-06-22,남자,40 - 49세,경기도,국내온라인거래,라텍스매트리스,청약철회
2024033316,2024-06-22,남자,40 - 49세,전라북도,기타,식사배달,계약불이행(불완전이행)
2024033317,2024-06-22,여자,30 - 39세,서울특별시,일반판매,국내결혼중개,계약해제.해지/위약금
2024033318,2024-06-22,남자,20 - 29세,부산광역시,방문판매,국외여행,청약철회
2024033319,2024-06-22,여자,30 - 39세,인천광역시,국내온라인거래,펜션,품질(물품/용역)
2024033320,2024-06-22,여자,30 - 39세,경기도,기타통신판매,미분류컨설팅(자문),청약철회
2024033321,2024-06-22,여자,50 - 59세,경기도,일반판매,필라테스,계약해제.해지/위약금
2024033401,2024-06-23,여자,40 - 49세,인천광역시,일반판매,피부·체형관리서비스,안전(제품/시설)
2024033402,2024-06-23,여자,30 - 39세,서울특별시,기타,국내결혼중개,계약해제.해지/위약금
2024033403,2024-06-23,남자,40 - 49세,대전광역시,국내온라인거래,호텔,계약해제.해지/위약금
2024033404,2024-06-23,여자,50 - 59세,경기도,일반판매,포장이사운송서비스,품질(물품/용역)
2024033405,2024-06-23,남자,60 - 64세,대구광역시,전화권유판매,IPTV,계약해제.해지/위약금
2024033406,2024-06-23,남자,20 - 29세,광주광역시,일반판매,헬스장,계약해제.해지/위약금
2024033407,2024-06-23,남자,50 - 59세,전라북도,일반판매,기타미분류물품,부당행위
2024033408,2024-06-23,남자,30 - 39세,서울특별시,국내온라인거래,마우스,AS불만
2024033409,2024-06-23,여자,65 - 69세,서울특별시,모바일거래,도배공사,AS불만
2024033410,2024-06-23,남자,30 - 39세,서울특별시,국제온라인거래,기타약품,계약해제.해지/위약금
2024033411,2024-06-23,여자,40 - 49세,서울특별시,기타통신판매,수영장회원권,계약해제.해지/위약금
2024033412,2024-06-23,여자,30 - 39세,인천광역시,기타,피부·체형관리서비스,계약해제.해지/위약금
2024033413,2024-06-23,남자,20 - 29세,서울특별시,소셜커머스(쇼핑),호텔,계약해제.해지/위약금
2024033414,2024-06-23,여자,20 - 29세,경기도,일반판매,헬스장,계약해제.해지/위약금
2024033415,2024-06-23,남자,60 - 64세,서울특별시,국제온라인거래,기타의자류,청약철회
2024033416,2024-06-23,남자,40 - 49세,경상북도,일반판매,안마의자대여(렌트),계약해제.해지/위약금
2024033417,2024-06-23,남자,40 - 49세,대구광역시,모바일거래,모바일게임서비스,부당행위
2024033418,2024-06-23,남자,30 - 39세,경기도,일반판매,노트북컴퓨터,청약철회
2024033569,2024-06-24,남자,50 - 59세,서울특별시,일반판매,기타인테리어설비,AS불만
2024033570,2024-06-24,남자,불명,경기도,국내온라인거래,항공여객운송서비스,계약해제.해지/위약금
2024033601,2024-06-24,여자,30 - 39세,경상북도,모바일거래,모바일정보이용서비스,계약불이행(불완전이행)
2024033557,2024-06-24,여자,20 - 29세,대구광역시,일반판매,자동차수리·점검,품질(물품/용역)
2024033571,2024-06-24,여자,40 - 49세,경기도,국내온라인거래,기타식품류,계약불이행(불완전이행)
2024033564,2024-06-24,남자,30 - 39세,충청남도,국내온라인거래,기타정보이용서비스,계약해제.해지/위약금
2024033506,2024-06-24,여자,40 - 49세,전라북도,일반판매,냉장고,계약불이행(불완전이행)
2024033575,2024-06-24,남자,20 - 29세,경기도,일반판매,피부과,계약해제.해지/위약금
2024033581,2024-06-24,여자,50 - 59세,서울특별시,방문판매,건강(암·기타질병)보험,계약불이행(불완전이행)
2024033582,2024-06-24,남자,70 - 79세,인천광역시,일반판매,신경외과,품질(물품/용역)
2024033508,2024-06-24,여자,30 - 39세,서울특별시,일반판매,피부·체형관리서비스,계약해제.해지/위약금
2024033531,2024-06-24,여자,20 - 29세,부산광역시,국내온라인거래,전기진공청소기,부당행위
2024033585,2024-06-24,남자,30 - 39세,경상남도,일반판매,국외여행,계약해제.해지/위약금
2024033533,2024-06-24,여자,70 - 79세,서울특별시,전화권유판매,기타일반화장품,안전(제품/시설)
2024033535,2024-06-24,여자,30 - 39세,서울특별시,국내온라인거래,캐주얼바지,청약철회
2024033605,2024-06-24,남자,20 - 29세,서울특별시,국내온라인거래,식사배달,계약불이행(불완전이행)
2024033546,2024-06-24,남자,70 - 79세,충청남도,일반판매,양복(서양식 의복)세탁,계약불이행(불완전이행)
2024033549,2024-06-24,남자,20 - 29세,충청북도,국내온라인거래,룸에어컨,청약철회
2024033550,2024-06-24,여자,20 - 29세,서울특별시,국내온라인거래,운동화,청약철회
2024033537,2024-06-24,여자,30 - 39세,경기도,일반판매,자동차보험,계약해제.해지/위약금
2024033697,2024-06-24,여자,30 - 39세,경기도,국내온라인거래,미분류컨설팅(자문),계약해제.해지/위약금
2024033698,2024-06-24,여자,40 - 49세,서울특별시,일반판매,시계,AS불만
2024033699,2024-06-24,남자,50 - 59세,경기도,국내온라인거래,기타의류·섬유,청약철회
2024033700,2024-06-24,남자,50 - 59세,인천광역시,일반판매,스마트폰,AS불만
2024033701,2024-06-24,여자,40 - 49세,서울특별시,국내온라인거래,각종공연관람,계약불이행(불완전이행)
2024033702,2024-06-24,여자,30 - 39세,세종특별자치시,국내온라인거래,봉지면,계약불이행(불완전이행)
2024033703,2024-06-24,여자,30 - 39세,인천광역시,일반판매,식사배달,계약해제.해지/위약금
2024033704,2024-06-24,남자,30 - 39세,강원특별자치도,기타통신판매,건물청소서비스,계약해제.해지/위약금
2024033705,2024-06-24,여자,20 - 29세,서울특별시,일반판매,이불·침대커버,품질(물품/용역)
2024033706,2024-06-24,여자,20 - 29세,경기도,일반판매,해외연수알선,계약불이행(불완전이행)
2024033707,2024-06-24,여자,40 - 49세,광주광역시,TV홈쇼핑,항공여객운송서비스,계약불이행(불완전이행)
2024033708,2024-06-24,남자,20 - 29세,서울특별시,국내온라인거래,양복(서양식 의복)세탁,품질(물품/용역)
2024033709,2024-06-24,여자,40 - 49세,서울특별시,국내온라인거래,냉장고,품질(물품/용역)
2024033710,2024-06-24,여자,20 - 29세,충청북도,모바일거래,각종공연관람,청약철회
2024033711,2024-06-24,남자,30 - 39세,서울특별시,국내온라인거래,티셔츠,청약철회
2024033712,2024-06-24,여자,30 - 39세,서울특별시,일반판매,건물청소서비스,계약불이행(불완전이행)
2024033713,2024-06-24,여자,30 - 39세,경기도,국내온라인거래,샴푸,청약철회
2024033714,2024-06-24,여자,40 - 49세,서울특별시,전화권유판매,인터넷교육서비스,계약해제.해지/위약금
2024033715,2024-06-24,남자,20 - 29세,경기도,방문판매,커튼,품질(물품/용역)
2024033716,2024-06-24,여자,50 - 59세,서울특별시,일반판매,포장이사운송서비스,계약불이행(불완전이행)
2024033717,2024-06-24,여자,30 - 39세,경기도,소셜커머스(쇼핑),인터넷정보이용서비스,가격.요금
2024033718,2024-06-24,여자,40 - 49세,서울특별시,방문판매,인터넷교육서비스,계약해제.해지/위약금
2024033719,2024-06-24,여자,40 - 49세,서울특별시,국내온라인거래,전기장판,품질(물품/용역)
2024033720,2024-06-24,여자,40 - 49세,대구광역시,국내온라인거래,기타육류·육류가공식품,계약불이행(불완전이행)
2024033721,2024-06-24,여자,30 - 39세,부산광역시,국내온라인거래,항공여객운송서비스,계약해제.해지/위약금
2024033722,2024-06-24,여자,40 - 49세,경기도,기타,기타인테리어설비,품질(물품/용역)
2024033723,2024-06-24,여자,40 - 49세,경상남도,모바일거래,기타이·미용기구,청약철회
2024033724,2024-06-24,여자,20 - 29세,서울특별시,방문판매,헬스장,계약해제.해지/위약금
2024033725,2024-06-24,남자,50 - 59세,경기도,국내온라인거래,헤드폰·이어폰,청약철회
2024033726,2024-06-24,남자,50 - 59세,경기도,일반판매,정수기대여(렌트),계약불이행(불완전이행)
2024033727,2024-06-24,여자,20 - 29세,대전광역시,일반판매,스포츠관람,계약해제.해지/위약금
2024033545,2024-06-24,여자,50 - 59세,경기도,일반판매,내과,품질(물품/용역)
2024033728,2024-06-24,여자,40 - 49세,경기도,방문판매,오피스텔,계약해제.해지/위약금
2024033729,2024-06-24,남자,30 - 39세,인천광역시,국내온라인거래,기타건강식품,품질(물품/용역)
2024033730,2024-06-24,여자,20 - 29세,서울특별시,일반판매,미용서비스,부당행위
2024033731,2024-06-24,남자,20 - 29세,서울특별시,국내온라인거래,도배공사,계약불이행(불완전이행)
2024033732,2024-06-24,남자,30 - 39세,전라북도,국내온라인거래,기타미분류서비스,계약불이행(불완전이행)
2024033733,2024-06-24,여자,20 - 29세,인천광역시,국내온라인거래,헬스장,계약불이행(불완전이행)
2024033734,2024-06-24,여자,30 - 39세,인천광역시,소셜커머스(쇼핑),여성용내의류,청약철회
2024033504,2024-06-24,남자,30 - 39세,서울특별시,일반판매,기타위생서비스,계약불이행(불완전이행)
2024033505,2024-06-24,여자,40 - 49세,전라북도,일반판매,오토바이,품질(물품/용역)
2024033517,2024-06-24,남자,50 - 59세,대전광역시,국내온라인거래,호텔,청약철회
2024033509,2024-06-24,남자,40 - 49세,충청북도,일반판매,중고자동차중개·매매,계약해제.해지/위약금
2024033511,2024-06-24,여자,불명,부산광역시,국내온라인거래,스커트,청약철회
2024033512,2024-06-24,남자,30 - 39세,경상남도,일반판매,자동차대여(렌트),계약불이행(불완전이행)
2024033514,2024-06-24,남자,40 - 49세,서울특별시,국내온라인거래,통신기기주변장치,AS불만
2024033526,2024-06-24,남자,불명,대구광역시,기타,경비·관리서비스,품질(물품/용역)
2024033540,2024-06-24,남자,불명,경기도,일반판매,헬스장,계약해제.해지/위약금
2024033544,2024-06-24,여자,30 - 39세,경기도,국내온라인거래,기타가구,표시.광고
2024033551,2024-06-24,여자,70 - 79세,서울특별시,국내온라인거래,프린터,청약철회
2024033611,2024-06-24,남자,60 - 64세,경기도,일반판매,노트북컴퓨터,AS불만
2024033612,2024-06-24,여자,40 - 49세,경상북도,모바일거래,모바일게임서비스,계약해제.해지/위약금
2024033613,2024-06-24,여자,20 - 29세,경기도,국내온라인거래,기타의류·섬유,청약철회
2024033614,2024-06-24,여자,10 - 19세,인천광역시,국내온라인거래,각종공연관람,계약불이행(불완전이행)
2024033615,2024-06-24,남자,20 - 29세,광주광역시,국내온라인거래,안경·안경테,계약불이행(불완전이행)
2024033616,2024-06-24,남자,20 - 29세,서울특별시,방문판매,어학교재,청약철회
2024033617,2024-06-24,여자,20 - 29세,서울특별시,일반판매,필라테스,계약해제.해지/위약금
2024033618,2024-06-24,여자,20 - 29세,서울특별시,국제온라인거래,기타숙박시설,계약해제.해지/위약금
2024033619,2024-06-24,여자,20 - 29세,경상남도,국내온라인거래,인터넷정보이용서비스,부당행위
2024033620,2024-06-24,여자,30 - 39세,부산광역시,일반판매,국외여행,청약철회
2024033621,2024-06-24,여자,20 - 29세,경상남도,일반판매,헬스장,계약해제.해지/위약금
2024033622,2024-06-24,여자,20 - 29세,경상북도,일반판매,헬스장,계약해제.해지/위약금
2024033623,2024-06-24,여자,20 - 29세,서울특별시,국내온라인거래,각종공연관람,계약해제.해지/위약금
2024033624,2024-06-24,여자,30 - 39세,세종특별자치시,일반판매,영화관람,청약철회
2024033625,2024-06-24,여자,20 - 29세,강원특별자치도,국내온라인거래,각종공연관람,계약불이행(불완전이행)
2024033626,2024-06-24,남자,40 - 49세,전라북도,국내온라인거래,택배화물운송서비스,계약불이행(불완전이행)
2024033627,2024-06-24,남자,40 - 49세,경기도,모바일거래,참외,품질(물품/용역)
2024033628,2024-06-24,여자,20 - 29세,경기도,일반판매,피부·체형관리서비스,계약해제.해지/위약금
2024033629,2024-06-24,여자,40 - 49세,경상남도,국내온라인거래,국외여행,청약철회
2024033630,2024-06-24,여자,20 - 29세,서울특별시,국내온라인거래,각종공연관람,계약불이행(불완전이행)
2024033631,2024-06-24,남자,40 - 49세,부산광역시,국내온라인거래,보석·귀금속,계약불이행(불완전이행)
2024033632,2024-06-24,여자,20 - 29세,서울특별시,방문판매,콘도회원권,계약해제.해지/위약금
2024033633,2024-06-24,여자,30 - 39세,서울특별시,일반판매,침대,AS불만
2024033634,2024-06-24,여자,30 - 39세,대구광역시,일반판매,인터넷교육서비스,계약해제.해지/위약금
2024033635,2024-06-24,여자,10세 미만,서울특별시,일반판매,택배화물운송서비스,품질(물품/용역)
2024033636,2024-06-24,여자,30 - 39세,경기도,일반판매,일반강습(입시학원등),계약해제.해지/위약금
2024033637,2024-06-24,여자,20 - 29세,경기도,방문판매,헬스장,계약해제.해지/위약금
2024033638,2024-06-24,여자,40 - 49세,대구광역시,국내온라인거래,기타숙박시설,계약해제.해지/위약금
2024033639,2024-06-24,여자,30 - 39세,경상남도,모바일거래,기타이·미용기구,품질(물품/용역)
2024033640,2024-06-24,남자,30 - 39세,경기도,일반판매,헬스장,계약해제.해지/위약금
2024033641,2024-06-24,남자,30 - 39세,경기도,소셜커머스(쇼핑),룸에어컨,계약불이행(불완전이행)
2024033642,2024-06-24,남자,20 - 29세,서울특별시,방문판매,기타회원권,계약해제.해지/위약금
2024033520,2024-06-24,남자,40 - 49세,경기도,국내온라인거래,도어록,부당행위
2024033521,2024-06-24,남자,30 - 39세,서울특별시,일반판매,사진촬영,부당행위
2024033534,2024-06-24,남자,30 - 39세,부산광역시,국내온라인거래,컴퓨터모니터(데스크탑),품질(물품/용역)
2024033541,2024-06-24,남자,50 - 59세,경기도,일반판매,중형승용자동차,AS불만
2024033553,2024-06-24,여자,20 - 29세,서울특별시,일반판매,필라테스,계약불이행(불완전이행)
2024033556,2024-06-24,여자,30 - 39세,경기도,일반판매,마사지류,계약해제.해지/위약금
2024033643,2024-06-24,여자,50 - 59세,서울특별시,일반판매,가구세트,계약불이행(불완전이행)
2024033644,2024-06-24,여자,40 - 49세,인천광역시,일반판매,헬스장,계약해제.해지/위약금
2024033645,2024-06-24,여자,30 - 39세,전라북도,모바일거래,냉장고,AS불만
2024033646,2024-06-24,여자,40 - 49세,경기도,국내온라인거래,기타관람·감상,계약해제.해지/위약금
2024033647,2024-06-24,여자,30 - 39세,경기도,일반판매,헬스장,계약해제.해지/위약금
2024033648,2024-06-24,여자,40 - 49세,서울특별시,국내온라인거래,숙녀화(구두·부츠 등),청약철회
2024033649,2024-06-24,남자,30 - 39세,서울특별시,일반판매,헬스장,계약해제.해지/위약금
2024033650,2024-06-24,남자,30 - 39세,서울특별시,전화권유판매,이동전화서비스,청약철회
2024033651,2024-06-24,여자,20 - 29세,서울특별시,국내온라인거래,원피스,청약철회
2024033652,2024-06-24,여자,20 - 29세,경기도,일반판매,원피스,품질(물품/용역)
2024033653,2024-06-24,남자,20 - 29세,서울특별시,국내온라인거래,운동화,청약철회
2024033654,2024-06-24,남자,50 - 59세,충청남도,일반판매,기타건축자재,품질(물품/용역)
2024033655,2024-06-24,남자,30 - 39세,인천광역시,일반판매,할인회원권,계약해제.해지/위약금
2024033656,2024-06-24,여자,30 - 39세,전라남도,일반판매,즉석조리식품,안전(제품/시설)
2024033657,2024-06-24,여자,20 - 29세,서울특별시,일반판매,의류수선,청약철회
2024033658,2024-06-24,남자,30 - 39세,서울특별시,일반판매,카메라,AS불만
2024033659,2024-06-24,여자,30 - 39세,서울특별시,소셜커머스(쇼핑),샌들·슬리퍼,청약철회
2024033660,2024-06-24,여자,20 - 29세,경기도,방문판매,헬스장,계약불이행(불완전이행)
2024033558,2024-06-24,남자,30 - 39세,대구광역시,기타통신판매,건물청소서비스,계약불이행(불완전이행)
2024033563,2024-06-24,남자,30 - 39세,충청북도,국내온라인거래,점퍼·재킷류,청약철회
2024033577,2024-06-24,여자,50 - 59세,경기도,일반판매,포장이사운송서비스,계약불이행(불완전이행)
2024033595,2024-06-24,여자,20 - 29세,경기도,일반판매,일반강습(입시학원등),부당행위
2024033608,2024-06-24,여자,불명,인천광역시,모바일거래,영화관람,계약불이행(불완전이행)
2024033661,2024-06-24,남자,50 - 59세,경기도,국내온라인거래,국외여행,표시.광고
2024033662,2024-06-24,남자,30 - 39세,경기도,일반판매,국내결혼중개,계약해제.해지/위약금
2024033663,2024-06-24,남자,40 - 49세,경기도,소셜커머스(쇼핑),여행용가방,부당행위
2024033664,2024-06-24,여자,50 - 59세,전라북도,국내온라인거래,호텔,청약철회
2024033665,2024-06-24,남자,40 - 49세,부산광역시,국내온라인거래,가구세트,계약불이행(불완전이행)
2024033666,2024-06-24,여자,40 - 49세,경기도,일반판매,기타세탁서비스,품질(물품/용역)
2024033667,2024-06-24,여자,40 - 49세,충청남도,일반판매,요가,계약해제.해지/위약금
2024033668,2024-06-24,여자,20 - 29세,경기도,국내온라인거래,애완동·식물용품,계약해제.해지/위약금
2024033669,2024-06-24,여자,40 - 49세,경기도,모바일거래,복숭아,품질(물품/용역)
2024033670,2024-06-24,남자,65 - 69세,경기도,국내온라인거래,항공여객운송서비스,계약불이행(불완전이행)
2024033671,2024-06-24,여자,30 - 39세,서울특별시,국제온라인거래,호텔,계약해제.해지/위약금
2024033672,2024-06-24,남자,50 - 59세,서울특별시,일반판매,스마트폰,AS불만
2024033673,2024-06-24,남자,30 - 39세,서울특별시,국제온라인거래,케이크,계약불이행(불완전이행)
2024033674,2024-06-24,여자,30 - 39세,서울특별시,일반판매,미용서비스,품질(물품/용역)
2024033675,2024-06-24,여자,30 - 39세,인천광역시,국내온라인거래,캐주얼바지,청약철회
2024033676,2024-06-24,여자,20 - 29세,대전광역시,국내온라인거래,보석·귀금속,품질(물품/용역)
2024033677,2024-06-24,여자,20 - 29세,서울특별시,국내온라인거래,각종공연관람,계약불이행(불완전이행)
2024033678,2024-06-24,남자,30 - 39세,서울특별시,국제온라인거래,호텔,계약불이행(불완전이행)
2024033679,2024-06-24,여자,30 - 39세,인천광역시,일반판매,양복(서양식 의복)세탁,품질(물품/용역)
2024033680,2024-06-24,여자,20 - 29세,경상남도,모바일거래,기타컴퓨터·주변기기,품질(물품/용역)
2024033681,2024-06-24,여자,30 - 39세,인천광역시,일반판매,정수기대여(렌트),AS불만
2024033682,2024-06-24,여자,30 - 39세,인천광역시,기타,사진촬영,계약해제.해지/위약금
2024033683,2024-06-24,여자,30 - 39세,서울특별시,일반판매,항공여객운송서비스,계약불이행(불완전이행)
2024033684,2024-06-24,남자,20 - 29세,경기도,국내온라인거래,기타가방,청약철회
2024033685,2024-06-24,여자,60 - 64세,서울특별시,기타,항공여객운송서비스,부당행위
2024033686,2024-06-24,남자,40 - 49세,울산광역시,일반판매,벨트,AS불만
2024033687,2024-06-24,여자,20 - 29세,서울특별시,국내온라인거래,각종공연관람,계약불이행(불완전이행)
2024033688,2024-06-24,여자,20 - 29세,경기도,일반판매,필라테스,계약해제.해지/위약금
2024033689,2024-06-24,여자,50 - 59세,서울특별시,일반판매,코트,품질(물품/용역)
2024033690,2024-06-24,여자,20 - 29세,경기도,국내온라인거래,각종공연관람,계약해제.해지/위약금
2024033691,2024-06-24,남자,50 - 59세,세종특별자치시,방문판매,인터넷교육서비스,계약해제.해지/위약금
2024033692,2024-06-24,남자,50 - 59세,경기도,국내온라인거래,등산화,품질(물품/용역)
2024033693,2024-06-24,남자,40 - 49세,서울특별시,국내온라인거래,항공여객운송서비스,계약해제.해지/위약금
2024033694,2024-06-24,여자,20 - 29세,경기도,국내온라인거래,각종공연관람,계약불이행(불완전이행)
2024033695,2024-06-24,남자,30 - 39세,전라북도,국내온라인거래,펜션,계약해제.해지/위약금
2024033696,2024-06-24,여자,30 - 39세,경기도,국제온라인거래,티셔츠,청약철회
2024033503,2024-06-24,남자,65 - 69세,인천광역시,전화권유판매,유사투자자문,계약해제.해지/위약금
2024033561,2024-06-24,남자,20 - 29세,경기도,일반판매,애완고양이,계약불이행(불완전이행)
2024033562,2024-06-24,남자,70 - 79세,서울특별시,일반판매,스마트폰,AS불만
2024033580,2024-06-24,여자,20 - 29세,광주광역시,일반판매,헬스장,계약해제.해지/위약금
2024033502,2024-06-24,남자,불명,충청북도,기타,기타건강식품,부당행위
2024033519,2024-06-24,여자,70 - 79세,경기도,일반판매,치과,계약불이행(불완전이행)
2024033548,2024-06-24,남자,40 - 49세,경기도,일반판매,실손보험,계약불이행(불완전이행)
2024033555,2024-06-24,여자,20 - 29세,서울특별시,모바일거래,카셰어링,AS불만
2024033510,2024-06-24,남자,40 - 49세,경상북도,일반판매,외식,부당행위
2024033513,2024-06-24,남자,30 - 39세,경기도,모바일거래,버스여객운송서비스,부당행위
2024033516,2024-06-24,여자,20 - 29세,서울특별시,일반판매,헬스장,부당행위
2024033518,2024-06-24,남자,40 - 49세,대전광역시,기타통신판매,보석·귀금속,계약불이행(불완전이행)
2024033522,2024-06-24,남자,60 - 64세,경기도,국내온라인거래,기타이·미용기구,표시.광고
2024033523,2024-06-24,남자,30 - 39세,경상북도,전화권유판매,기타매체광고,계약해제.해지/위약금
2024033607,2024-06-24,여자,30 - 39세,서울특별시,국내온라인거래,기타회원권,계약불이행(불완전이행)
2024033610,2024-06-24,여자,50 - 59세,강원특별자치도,국내온라인거래,봉지면,청약철회
2024033604,2024-06-24,남자,60 - 64세,경상북도,국내온라인거래,시계,품질(물품/용역)
2024033573,2024-06-24,남자,30 - 39세,경기도,일반판매,이동전화서비스,부당행위
2024033578,2024-06-24,남자,50 - 59세,경기도,TV홈쇼핑,음식물처리기대여(렌트),AS불만
2024033592,2024-06-24,남자,70 - 79세,경기도,일반판매,상해보험,계약불이행(불완전이행)
2024033588,2024-06-24,여자,30 - 39세,경기도,국내온라인거래,기타일반화장품,품질(물품/용역)
2024033609,2024-06-24,남자,50 - 59세,서울특별시,방문판매,정수기대여(렌트),계약해제.해지/위약금
2024033515,2024-06-24,여자,60 - 64세,부산광역시,모바일거래,미용서비스,부당행위
2024033527,2024-06-24,여자,40 - 49세,서울특별시,전화권유판매,유사투자자문,계약불이행(불완전이행)
2024033539,2024-06-24,남자,50 - 59세,인천광역시,국내온라인거래,건물청소서비스,품질(물품/용역)
2024033543,2024-06-24,여자,30 - 39세,서울특별시,기타,치과,품질(물품/용역)
2024033565,2024-06-24,여자,70 - 79세,경기도,기타,실손보험,계약불이행(불완전이행)
2024033596,2024-06-24,여자,30 - 39세,서울특별시,국내온라인거래,스피커,청약철회
2024033590,2024-06-24,남자,50 - 59세,강원특별자치도,국내온라인거래,샌들·슬리퍼,표시.광고
2024033598,2024-06-24,여자,50 - 59세,서울특별시,일반판매,치과,품질(물품/용역)
2024033507,2024-06-24,남자,20 - 29세,충청남도,기타통신판매,점퍼·재킷류,부당행위
2024033525,2024-06-24,여자,50 - 59세,경기도,일반판매,정수기대여(렌트),품질(물품/용역)
2024033542,2024-06-24,여자,40 - 49세,경기도,국내온라인거래,기타가방,품질(물품/용역)
2024033554,2024-06-24,남자,30 - 39세,경기도,국내온라인거래,원피스,청약철회
2024033586,2024-06-24,여자,40 - 49세,서울특별시,일반판매,골프용품,품질(물품/용역)
2024033529,2024-06-24,여자,40 - 49세,경기도,국내온라인거래,스프링매트리스,이자.수수료
2024033567,2024-06-24,남자,30 - 39세,부산광역시,일반판매,경비·관리서비스,부당행위
2024031828,2024-06-24,여자,40 - 49세,서울특별시,일반판매,니트(스웨터),품질(물품/용역)
2024031562,2024-06-24,여자,50 - 59세,충청남도,일반판매,여성용내의류,품질(물품/용역)
2024033876,2024-06-25,여자,50 - 59세,충청북도,모바일거래,골프회원권,계약불이행(불완전이행)
2024033877,2024-06-25,남자,30 - 39세,광주광역시,국내온라인거래,기타가정용공구,품질(물품/용역)
2024033810,2024-06-25,남자,10 - 19세,경기도,일반판매,성형외과,계약해제.해지/위약금
2024033816,2024-06-25,남자,60 - 64세,제주도,국내온라인거래,룸에어컨,청약철회
2024033887,2024-06-25,여자,30 - 39세,경기도,소셜커머스(쇼핑),우산,품질(물품/용역)
2024033878,2024-06-25,여자,30 - 39세,서울특별시,국내온라인거래,항공여객운송서비스,계약불이행(불완전이행)
2024033904,2024-06-25,여자,40 - 49세,경기도,일반판매,고시원이용,청약철회
2024033909,2024-06-25,남자,40 - 49세,서울특별시,국내온라인거래,컴퓨터S/W개발(홈페이지제작),계약불이행(불완전이행)
2024033910,2024-06-25,남자,30 - 39세,전라북도,국내온라인거래,냉장고,AS불만
2024033911,2024-06-25,여자,40 - 49세,서울특별시,일반판매,요가,계약해제.해지/위약금
2024033817,2024-06-25,여자,불명,경기도,국내온라인거래,각종공연관람,계약불이행(불완전이행)
2024033829,2024-06-25,여자,30 - 39세,경기도,소셜커머스(쇼핑),레저시설이용,표시.광고
2024033912,2024-06-25,여자,20 - 29세,서울특별시,소셜커머스(쇼핑),운동화,품질(물품/용역)
2024033924,2024-06-25,남자,50 - 59세,서울특별시,일반판매,기타이동통신,부당채권추심
2024033837,2024-06-25,여자,20 - 29세,대전광역시,국내온라인거래,원피스,계약불이행(불완전이행)
2024033841,2024-06-25,남자,불명,광주광역시,일반판매,항공여객운송서비스,계약불이행(불완전이행)
2024031324,2024-06-25,남자,40 - 49세,광주광역시,일반판매,양복(서양식 의복)세탁,품질(물품/용역)
2024033850,2024-06-25,여자,40 - 49세,인천광역시,일반판매,일반강습(입시학원등),계약해제.해지/위약금
2024033855,2024-06-25,여자,20 - 29세,대구광역시,기타통신판매,국내결혼중개,계약해제.해지/위약금
2024033897,2024-06-25,남자,20 - 29세,인천광역시,일반판매,공중목욕탕,품질(물품/용역)
2024033898,2024-06-25,여자,40 - 49세,서울특별시,국내온라인거래,각종공연관람,계약불이행(불완전이행)
2024033928,2024-06-25,여자,30 - 39세,인천광역시,국내온라인거래,국외여행,계약해제.해지/위약금
2024033929,2024-06-25,남자,30 - 39세,인천광역시,국내온라인거래,각종공연관람,계약불이행(불완전이행)
2024033857,2024-06-25,남자,40 - 49세,대구광역시,일반판매,신유형상품권,부당행위
2024033871,2024-06-25,남자,80세이상,대전광역시,전화권유판매,상조서비스,계약해제.해지/위약금
2024033905,2024-06-25,여자,20 - 29세,서울특별시,국내온라인거래,전기맛사지기,안전(제품/시설)
2024033906,2024-06-25,여자,30 - 39세,경상북도,국내온라인거래,항공여객운송서비스,계약해제.해지/위약금
2024033861,2024-06-25,여자,20 - 29세,서울특별시,국내온라인거래,식사배달,계약불이행(불완전이행)
2024033858,2024-06-25,여자,30 - 39세,경기도,일반판매,헬스장,계약해제.해지/위약금
2024033866,2024-06-25,여자,40 - 49세,경기도,일반판매,건강(암·기타질병)보험,계약불이행(불완전이행)
2024033913,2024-06-25,남자,30 - 39세,경기도,일반판매,룸에어컨,계약불이행(불완전이행)
2024033914,2024-06-25,남자,40 - 49세,경기도,국내온라인거래,단행본,품질(물품/용역)
2024033893,2024-06-25,남자,20 - 29세,경기도,방문판매,미분류컨설팅(자문),계약불이행(불완전이행)
2024033894,2024-06-25,여자,30 - 39세,인천광역시,소셜커머스(쇼핑),떡류,계약불이행(불완전이행)
2024033930,2024-06-25,남자,30 - 39세,전라북도,일반판매,인터넷정보이용서비스,계약해제.해지/위약금
2024033931,2024-06-25,남자,30 - 39세,경기도,모바일거래,모바일게임서비스,계약해제.해지/위약금
2024033916,2024-06-25,남자,30 - 39세,서울특별시,일반판매,예식서비스,계약해제.해지/위약금
2024033879,2024-06-25,여자,40 - 49세,전라남도,일반판매,정수기대여(렌트),계약해제.해지/위약금
2024033899,2024-06-25,남자,20 - 29세,부산광역시,국내온라인거래,키보드,청약철회
2024033900,2024-06-25,남자,30 - 39세,경기도,국내온라인거래,모바일게임서비스,품질(물품/용역)
2024029968,2024-06-25,여자,40 - 49세,서울특별시,국내온라인거래,운동화,품질(물품/용역)
2024033926,2024-06-25,여자,20 - 29세,서울특별시,방문판매,필라테스,계약해제.해지/위약금
2024033927,2024-06-25,남자,50 - 59세,경기도,일반판매,TV,품질(물품/용역)
2024033880,2024-06-25,남자,30 - 39세,대구광역시,일반판매,스포츠시설이용,계약불이행(불완전이행)
2024033883,2024-06-25,여자,30 - 39세,대구광역시,방문판매,사진촬영,계약불이행(불완전이행)
2024033884,2024-06-25,남자,50 - 59세,인천광역시,국제온라인거래,항공여객운송서비스,청약철회
2024033907,2024-06-25,여자,40 - 49세,서울특별시,국내온라인거래,욕실용세정제,품질(물품/용역)
2024033908,2024-06-25,여자,20 - 29세,서울특별시,소셜커머스(쇼핑),각종공연관람,계약불이행(불완전이행)
2024033917,2024-06-25,남자,30 - 39세,부산광역시,일반판매,기타음식관련서비스,품질(물품/용역)
2024033918,2024-06-25,남자,40 - 49세,경상남도,국내온라인거래,복숭아,계약불이행(불완전이행)
2024033881,2024-06-25,여자,20 - 29세,서울특별시,국내온라인거래,국외여행,계약불이행(불완전이행)
2024033882,2024-06-25,여자,30 - 39세,인천광역시,기타,헬스장,계약해제.해지/위약금
2024033888,2024-06-25,여자,30 - 39세,서울특별시,일반판매,의상대여(렌트),품질(물품/용역)
2024033925,2024-06-25,여자,50 - 59세,경기도,국내온라인거래,전기오븐,품질(물품/용역)
2024029965,2024-06-25,남자,40 - 49세,서울특별시,국내온라인거래,생활패션화(슬립온·아쿠아슈즈·장화·작업화 등),품질(물품/용역)
2024033915,2024-06-25,여자,30 - 39세,경기도,국내온라인거래,각종공연관람,계약불이행(불완전이행)
2024033920,2024-06-25,남자,30 - 39세,부산광역시,기타,헬스장,계약해제.해지/위약금
2024033921,2024-06-25,여자,20 - 29세,경기도,일반판매,필라테스,계약해제.해지/위약금
2024033885,2024-06-25,여자,30 - 39세,대구광역시,국제온라인거래,호텔,계약불이행(불완전이행)
2024033886,2024-06-25,여자,20 - 29세,충청남도,일반판매,예식서비스,계약해제.해지/위약금
2024033889,2024-06-25,남자,50 - 59세,서울특별시,국내온라인거래,식탁,품질(물품/용역)
2024033890,2024-06-25,여자,20 - 29세,경기도,일반판매,각종공연관람,계약불이행(불완전이행)
2024033753,2024-06-25,남자,65 - 69세,대구광역시,기타통신판매,소프트웨어,청약철회
2024033776,2024-06-25,여자,30 - 39세,서울특별시,기타,항공여객운송서비스,계약불이행(불완전이행)
2024033919,2024-06-25,여자,30 - 39세,경상북도,일반판매,정수기대여(렌트),계약해제.해지/위약금
2024033738,2024-06-25,여자,40 - 49세,서울특별시,기타,항공여객운송서비스,부당행위
2024033891,2024-06-25,남자,60 - 64세,경기도,방문판매,자격증교재,계약해제.해지/위약금
2024033892,2024-06-25,여자,30 - 39세,광주광역시,소셜커머스(쇼핑),전기진공청소기,품질(물품/용역)
2024033787,2024-06-25,남자,불명,서울특별시,국내온라인거래,식사배달,계약불이행(불완전이행)
2024033794,2024-06-25,여자,불명,충청북도,일반판매,자동차주유,가격.요금
2024033922,2024-06-25,남자,30 - 39세,전라북도,국내온라인거래,전지,품질(물품/용역)
2024033923,2024-06-25,남자,20 - 29세,인천광역시,국내온라인거래,항공여객운송서비스,부당행위
2024033739,2024-06-25,여자,30 - 39세,서울특별시,일반판매,헬스장,계약해제.해지/위약금
2024033742,2024-06-25,남자,40 - 49세,경기도,일반판매,중형승용자동차,AS불만
2024033895,2024-06-25,남자,30 - 39세,경상북도,일반판매,예식서비스,계약해제.해지/위약금
2024033896,2024-06-25,여자,40 - 49세,울산광역시,일반판매,기타가사장비품,품질(물품/용역)
2024033758,2024-06-25,여자,30 - 39세,강원특별자치도,일반판매,자동차수리·점검,AS불만
2024033767,2024-06-25,여자,30 - 39세,경상북도,기타,도시가스,가격.요금
2024030531,2024-06-25,여자,30 - 39세,경기도,일반판매,숙녀화(구두·부츠 등),품질(물품/용역)
2024033901,2024-06-25,남자,40 - 49세,경기도,국내온라인거래,토마토,부당행위
2024033773,2024-06-25,여자,20 - 29세,경기도,일반판매,헬스장,계약해제.해지/위약금
2024033804,2024-06-25,여자,20 - 29세,서울특별시,일반판매,고시원이용,계약해제.해지/위약금
2024033799,2024-06-25,남자,40 - 49세,충청북도,일반판매,중고자동차중개·매매,이자.수수료
2024033808,2024-06-25,남자,40 - 49세,강원특별자치도,일반판매,차량네비게이션(자동항법장치),계약불이행(불완전이행)
2024033873,2024-06-25,여자,30 - 39세,부산광역시,일반판매,헬스장,계약해제.해지/위약금
2024033874,2024-06-25,남자,30 - 39세,경기도,일반판매,헬스장,계약해제.해지/위약금
2024033875,2024-06-25,남자,30 - 39세,강원특별자치도,기타,일반이사운송서비스,계약불이행(불완전이행)
2024033902,2024-06-25,남자,60 - 64세,경기도,소셜커머스(쇼핑),TV,품질(물품/용역)
2024033903,2024-06-25,여자,50 - 59세,충청남도,일반판매,화목보일러,품질(물품/용역)
2024029971,2024-06-25,남자,30 - 39세,대구광역시,일반판매,운동화,품질(물품/용역)
2024030538,2024-06-25,남자,40 - 49세,경기도,일반판매,샌들·슬리퍼,품질(물품/용역)
2024033745,2024-06-25,여자,30 - 39세,강원특별자치도,소셜커머스(쇼핑),컵,품질(물품/용역)
2024033768,2024-06-25,여자,40 - 49세,부산광역시,전화권유판매,인터넷정보이용서비스,계약해제.해지/위약금
2024029977,2024-06-25,여자,70 - 79세,인천광역시,일반판매,운동화,품질(물품/용역)
2024030515,2024-06-25,여자,30 - 39세,부산광역시,국내온라인거래,생활패션화(슬립온·아쿠아슈즈·장화·작업화 등),품질(물품/용역)
2024033764,2024-06-25,남자,50 - 59세,부산광역시,일반판매,자동차대여(렌트),계약해제.해지/위약금
2024032111,2024-06-25,여자,40 - 49세,강원특별자치도,일반판매,원피스,품질(물품/용역)
2024033775,2024-06-25,여자,60 - 64세,강원특별자치도,일반판매,국외여행,계약해제.해지/위약금
2024033777,2024-06-25,여자,20 - 29세,경기도,일반판매,예식서비스,계약해제.해지/위약금
2024033779,2024-06-25,여자,30 - 39세,서울특별시,국내온라인거래,헤어드라이어,계약불이행(불완전이행)
2024033781,2024-06-25,여자,30 - 39세,경기도,소셜커머스(쇼핑),한의원,계약해제.해지/위약금
2024033783,2024-06-25,여자,40 - 49세,경기도,기타,변호서비스,계약불이행(불완전이행)
2024033788,2024-06-25,여자,50 - 59세,서울특별시,국내온라인거래,수저,청약철회
2024033795,2024-06-25,남자,50 - 59세,서울특별시,국내온라인거래,통신기기주변장치,품질(물품/용역)
2024033801,2024-06-25,남자,불명,인천광역시,국내온라인거래,점퍼·재킷류,계약해제.해지/위약금
2024033770,2024-06-25,남자,40 - 49세,경기도,국내온라인거래,인터넷교육서비스,계약불이행(불완전이행)
2024033932,2024-06-25,남자,30 - 39세,경기도,일반판매,결혼준비대행서비스,계약해제.해지/위약금
2024029970,2024-06-25,여자,40 - 49세,경기도,일반판매,운동화,품질(물품/용역)
2024033748,2024-06-25,여자,80세이상,인천광역시,기타,건강(암·기타질병)보험,약관
2024033750,2024-06-25,여자,30 - 39세,경기도,일반판매,예식서비스,계약해제.해지/위약금
2024033754,2024-06-25,여자,30 - 39세,경기도,일반판매,식사배달,품질(물품/용역)
2024033778,2024-06-25,여자,30 - 39세,인천광역시,국내온라인거래,숙녀화(구두·부츠 등),청약철회
2024033782,2024-06-25,여자,40 - 49세,서울특별시,기타통신판매,신유형상품권,계약해제.해지/위약금
2024033784,2024-06-25,남자,50 - 59세,경기도,국내온라인거래,운동화,계약불이행(불완전이행)
2024033786,2024-06-25,여자,30 - 39세,경기도,일반판매,자동차대여(렌트),계약해제.해지/위약금
2024033793,2024-06-25,남자,40 - 49세,서울특별시,일반판매,치과,품질(물품/용역)
2024033798,2024-06-25,여자,50 - 59세,경기도,일반판매,필라테스,계약불이행(불완전이행)
2024033811,2024-06-25,여자,50 - 59세,충청북도,일반판매,요가,계약해제.해지/위약금
2024033826,2024-06-25,여자,불명,경상북도,국내온라인거래,기타스포츠·레저기구·용품,품질(물품/용역)
2024033828,2024-06-25,여자,30 - 39세,경기도,국내온라인거래,항공여객운송서비스,계약해제.해지/위약금
2024033832,2024-06-25,여자,불명,광주광역시,기타,모바일정보이용서비스,가격.요금
2024033833,2024-06-25,남자,30 - 39세,해외 및 기타,국제온라인거래,모바일게임서비스,계약불이행(불완전이행)
2024033839,2024-06-25,여자,30 - 39세,서울특별시,국내온라인거래,식사배달,계약불이행(불완전이행)
2024033851,2024-06-25,남자,20 - 29세,인천광역시,일반판매,노트북컴퓨터,AS불만
2024033856,2024-06-25,여자,불명,대구광역시,국내온라인거래,영화관람,계약해제.해지/위약금
2024033737,2024-06-25,여자,40 - 49세,부산광역시,일반판매,시스템에어컨,계약해제.해지/위약금
2024033744,2024-06-25,남자,20 - 29세,충청남도,일반판매,전기자전거,안전(제품/시설)
2024033746,2024-06-25,남자,65 - 69세,경기도,일반판매,냉장고,품질(물품/용역)
2024033772,2024-06-25,남자,50 - 59세,대구광역시,기타통신판매,TV,AS불만
2024033789,2024-06-25,여자,불명,서울특별시,국내온라인거래,식사배달,계약불이행(불완전이행)
2024033802,2024-06-25,남자,30 - 39세,경기도,국내온라인거래,각종공연관람,계약불이행(불완전이행)
2024033803,2024-06-25,남자,40 - 49세,서울특별시,국내온라인거래,일반자전거,품질(물품/용역)
2024033819,2024-06-25,남자,30 - 39세,서울특별시,국내온라인거래,카메라부품·용품,품질(물품/용역)
2024033820,2024-06-25,여자,40 - 49세,서울특별시,기타,피부·체형관리서비스,계약해제.해지/위약금
2024033821,2024-06-25,남자,50 - 59세,서울특별시,국내온라인거래,TV,품질(물품/용역)
2024033843,2024-06-25,여자,20 - 29세,서울특별시,일반판매,식사배달,계약불이행(불완전이행)
2024033845,2024-06-25,남자,65 - 69세,부산광역시,국내온라인거래,국외여행,계약해제.해지/위약금
2024033847,2024-06-25,여자,50 - 59세,서울특별시,기타통신판매,기타매체광고,계약해제.해지/위약금
2024033849,2024-06-25,여자,30 - 39세,서울특별시,일반판매,통신기기케이스,품질(물품/용역)
2024033852,2024-06-25,남자,30 - 39세,경상북도,기타,한의원,품질(물품/용역)
2024033740,2024-06-25,남자,20 - 29세,경기도,모바일거래,카셰어링,부당행위
2024033859,2024-06-25,여자,20 - 29세,서울특별시,모바일거래,항공여객운송서비스,계약해제.해지/위약금
2024033863,2024-06-25,남자,70 - 79세,경기도,일반판매,상조서비스,계약해제.해지/위약금
2024033865,2024-06-25,남자,30 - 39세,경상북도,일반판매,결혼준비대행서비스,계약해제.해지/위약금
2024033870,2024-06-25,남자,30 - 39세,경기도,일반판매,룸에어컨,품질(물품/용역)
2024033872,2024-06-25,여자,50 - 59세,서울특별시,TV홈쇼핑,국외여행,계약불이행(불완전이행)
2024033836,2024-06-25,남자,40 - 49세,서울특별시,일반판매,오토바이,청약철회
2024033792,2024-06-25,여자,20 - 29세,충청남도,국내온라인거래,봉지면,계약불이행(불완전이행)
2024033796,2024-06-25,남자,70 - 79세,서울특별시,국내온라인거래,기타악기·용품,품질(물품/용역)
2024033800,2024-06-25,여자,50 - 59세,서울특별시,일반판매,기타인테리어설비,계약불이행(불완전이행)
2024033805,2024-06-25,남자,50 - 59세,서울특별시,국내온라인거래,신유형상품권,계약해제.해지/위약금
2024033806,2024-06-25,여자,50 - 59세,경기도,일반판매,기타곡류·곡류가공식품,품질(물품/용역)
2024033807,2024-06-25,남자,30 - 39세,서울특별시,국내온라인거래,자동차대여(렌트),계약불이행(불완전이행)
2024033838,2024-06-25,여자,30 - 39세,서울특별시,국내온라인거래,신유형상품권,계약불이행(불완전이행)
2024033842,2024-06-25,남자,30 - 39세,대구광역시,기타통신판매,호텔,계약해제.해지/위약금
2024033860,2024-06-25,여자,40 - 49세,부산광역시,전화권유판매,기타매체광고,계약해제.해지/위약금
2024030092,2024-06-25,남자,40 - 49세,대전광역시,국내온라인거래,운동화,품질(물품/용역)
2024033736,2024-06-25,남자,20 - 29세,전라남도,일반판매,헬스장,계약해제.해지/위약금
2024033752,2024-06-25,여자,10 - 19세,인천광역시,일반판매,고시원이용,계약해제.해지/위약금
2024033809,2024-06-25,여자,30 - 39세,경기도,모바일거래,필라테스,계약해제.해지/위약금
2024033831,2024-06-25,여자,60 - 64세,경기도,기타,종신보험,계약불이행(불완전이행)
2024033840,2024-06-25,남자,30 - 39세,서울특별시,국내온라인거래,음식물처리기,표시.광고
2024033848,2024-06-25,남자,30 - 39세,세종특별자치시,국내온라인거래,항공여객운송서비스,계약불이행(불완전이행)
2024033854,2024-06-25,여자,불명,서울특별시,국내온라인거래,식사배달,계약불이행(불완전이행)
2024033751,2024-06-25,남자,20 - 29세,경기도,모바일거래,각종공연관람,계약불이행(불완전이행)
2024033757,2024-06-25,여자,50 - 59세,경기도,일반판매,국내결혼중개,계약해제.해지/위약금
2024033761,2024-06-25,남자,30 - 39세,서울특별시,일반판매,각종공연관람,청약철회
2024033774,2024-06-25,남자,20 - 29세,전라남도,방문판매,영화관람,계약해제.해지/위약금
2024033747,2024-06-25,여자,40 - 49세,경기도,일반판매,중형승용자동차,품질(물품/용역)
2024033815,2024-06-25,남자,30 - 39세,부산광역시,국내온라인거래,항공여객운송서비스,품질(물품/용역)
2024033869,2024-06-25,여자,30 - 39세,경기도,방문판매,결혼준비대행서비스,청약철회
2024033813,2024-06-25,여자,30 - 39세,강원특별자치도,국내온라인거래,다이어트식품,청약철회
2024033780,2024-06-25,여자,50 - 59세,경기도,모바일거래,기타의류·섬유,청약철회
2024033735,2024-06-25,남자,30 - 39세,경기도,국내온라인거래,모바일게임서비스,청약철회
2024033741,2024-06-25,남자,40 - 49세,서울특별시,일반판매,애완견,계약불이행(불완전이행)
2024033749,2024-06-25,여자,30 - 39세,경기도,일반판매,보석·귀금속,품질(물품/용역)
2024033763,2024-06-25,여자,20 - 29세,부산광역시,국내온라인거래,다이어트식품,청약철회
2024033769,2024-06-25,여자,50 - 59세,경기도,일반판매,스마트폰,품질(물품/용역)
2024033765,2024-06-25,여자,40 - 49세,인천광역시,국내온라인거래,기타숙박시설,계약해제.해지/위약금
2024033933,2024-06-25,여자,65 - 69세,경기도,일반판매,정수기대여(렌트),품질(물품/용역)
2024033934,2024-06-25,남자,30 - 39세,서울특별시,국내온라인거래,각종공연관람,계약불이행(불완전이행)
2024033935,2024-06-25,여자,65 - 69세,부산광역시,모바일거래,기타일반화장품,계약불이행(불완전이행)
2024033936,2024-06-25,남자,20 - 29세,경기도,일반판매,기타미분류서비스,계약해제.해지/위약금
2024033937,2024-06-25,여자,20 - 29세,전라남도,일반판매,시스템에어컨,AS불만
2024033938,2024-06-25,남자,50 - 59세,대전광역시,일반판매,스마트폰,계약불이행(불완전이행)
2024033939,2024-06-25,여자,20 - 29세,서울특별시,국내온라인거래,골프용품,청약철회
2024033940,2024-06-25,여자,20 - 29세,전라북도,일반판매,각종공연관람,청약철회
2024033941,2024-06-25,여자,40 - 49세,서울특별시,기타통신판매,스마트폰,AS불만
2024033942,2024-06-25,여자,40 - 49세,서울특별시,국내온라인거래,옷장,표시.광고
2024033943,2024-06-25,남자,30 - 39세,경기도,방문판매,결혼준비대행서비스,계약해제.해지/위약금
2024033944,2024-06-25,여자,30 - 39세,광주광역시,일반판매,헬스장,계약해제.해지/위약금
2024033945,2024-06-25,여자,40 - 49세,경기도,일반판매,해외유학알선,계약해제.해지/위약금
2024033946,2024-06-25,남자,30 - 39세,경기도,일반판매,필라테스,계약불이행(불완전이행)
2024033947,2024-06-25,여자,10 - 19세,경기도,국내온라인거래,각종공연관람,계약불이행(불완전이행)
2024033948,2024-06-25,여자,20 - 29세,경상북도,일반판매,기타숙박시설,계약해제.해지/위약금
2024033949,2024-06-25,남자,40 - 49세,경기도,국내온라인거래,컵,품질(물품/용역)
2024033950,2024-06-25,여자,40 - 49세,대구광역시,일반판매,전기진공청소기,품질(물품/용역)
2024033951,2024-06-25,남자,30 - 39세,서울특별시,일반판매,택배화물운송서비스,청약철회
2024033952,2024-06-25,여자,20 - 29세,부산광역시,기타통신판매,시스템에어컨,청약철회
2024033953,2024-06-25,남자,30 - 39세,서울특별시,국제온라인거래,호텔,계약해제.해지/위약금
2024033954,2024-06-25,여자,40 - 49세,전라북도,방문판매,피부·체형관리서비스,품질(물품/용역)
2024033955,2024-06-25,남자,30 - 39세,서울특별시,일반판매,결혼준비대행서비스,계약해제.해지/위약금
2024033956,2024-06-25,남자,50 - 59세,서울특별시,기타통신판매,미분류대여(렌트),계약해제.해지/위약금
2024033957,2024-06-25,여자,30 - 39세,광주광역시,일반판매,헬스장,계약해제.해지/위약금
2024033958,2024-06-25,남자,30 - 39세,인천광역시,기타,포장이사운송서비스,계약불이행(불완전이행)
2024033959,2024-06-25,여자,20 - 29세,경기도,일반판매,헬스장,계약해제.해지/위약금
2024033960,2024-06-25,남자,20 - 29세,충청북도,국제온라인거래,항공여객운송서비스,청약철회
2024033961,2024-06-25,남자,40 - 49세,경기도,일반판매,국내결혼중개,계약해제.해지/위약금
2024033962,2024-06-25,남자,50 - 59세,경기도,국내온라인거래,인터넷정보이용서비스,부당행위
2024033963,2024-06-25,여자,40 - 49세,부산광역시,기타,아파트,청약철회
2024033964,2024-06-25,남자,30 - 39세,경기도,일반판매,헬스장,계약불이행(불완전이행)
2024033965,2024-06-25,남자,30 - 39세,부산광역시,일반판매,외국어강습,계약불이행(불완전이행)
2024033966,2024-06-25,여자,20 - 29세,경기도,국내온라인거래,각종공연관람,계약해제.해지/위약금
2024033967,2024-06-25,여자,30 - 39세,서울특별시,기타,포장이사운송서비스,계약불이행(불완전이행)
2024033968,2024-06-25,여자,40 - 49세,서울특별시,기타,음식물처리기대여(렌트),AS불만
2024033969,2024-06-25,여자,50 - 59세,경기도,국내온라인거래,기타일반화장품,계약해제.해지/위약금
2024033970,2024-06-25,남자,30 - 39세,경기도,국내온라인거래,인터넷게임서비스,부당행위
2024031890,2024-06-25,여자,40 - 49세,서울특별시,일반판매,캐주얼바지,품질(물품/용역)
2024032113,2024-06-25,남자,30 - 39세,경기도,국내온라인거래,셔츠,품질(물품/용역)
2024033971,2024-06-25,남자,30 - 39세,충청남도,일반판매,국내결혼중개,계약해제.해지/위약금
2024033972,2024-06-25,여자,30 - 39세,제주도,국내온라인거래,기타의류·섬유,청약철회
2024033973,2024-06-25,여자,20 - 29세,서울특별시,국내온라인거래,각종공연관람,계약해제.해지/위약금
2024033974,2024-06-25,여자,40 - 49세,서울특별시,일반판매,커피,청약철회
2024033975,2024-06-25,여자,20 - 29세,서울특별시,전화권유판매,미분류컨설팅(자문),계약해제.해지/위약금
2024033976,2024-06-25,여자,20 - 29세,서울특별시,일반판매,헬스장,계약불이행(불완전이행)
2024033977,2024-06-25,여자,40 - 49세,경기도,국내온라인거래,기타이·미용기구,청약철회
2024033978,2024-06-25,남자,20 - 29세,경기도,국내온라인거래,각종공연관람,계약해제.해지/위약금
2024033979,2024-06-25,남자,20 - 29세,서울특별시,국내온라인거래,즉석조리식품,청약철회
2024033980,2024-06-25,남자,30 - 39세,경상남도,국내온라인거래,TV,청약철회
2024033981,2024-06-25,여자,40 - 49세,경기도,국내온라인거래,기타이·미용기구,청약철회
2024033982,2024-06-25,남자,40 - 49세,경기도,국내온라인거래,헤어드라이어,계약불이행(불완전이행)
2024034209,2024-06-26,여자,20 - 29세,경기도,방문판매,필라테스,계약불이행(불완전이행)
2024034210,2024-06-26,여자,30 - 39세,경기도,일반판매,예식서비스,계약해제.해지/위약금
2024034211,2024-06-26,남자,40 - 49세,강원특별자치도,일반판매,레저시설이용,계약해제.해지/위약금
2024034212,2024-06-26,남자,30 - 39세,전라북도,국내온라인거래,기타미분류물품,AS불만
2024034213,2024-06-26,남자,30 - 39세,경기도,국내온라인거래,기타스포츠·레저기구·용품,계약불이행(불완전이행)
2024034214,2024-06-26,여자,50 - 59세,경상남도,국내온라인거래,룸에어컨,청약철회
2024034215,2024-06-26,남자,30 - 39세,부산광역시,일반판매,예식서비스,계약해제.해지/위약금
2024034216,2024-06-26,여자,60 - 64세,경기도,일반판매,캐주얼바지,품질(물품/용역)
2024034217,2024-06-26,남자,20 - 29세,인천광역시,국내온라인거래,항공여객운송서비스,계약해제.해지/위약금
2024034218,2024-06-26,남자,30 - 39세,경기도,일반판매,신발세탁,품질(물품/용역)
2024034219,2024-06-26,여자,40 - 49세,서울특별시,방문판매,미분류대여(렌트),계약불이행(불완전이행)
2024034220,2024-06-26,남자,40 - 49세,충청남도,일반판매,이불·요,AS불만
2024034221,2024-06-26,남자,70 - 79세,경기도,일반판매,국외여행,품질(물품/용역)
2024034222,2024-06-26,여자,30 - 39세,서울특별시,국내온라인거래,스커트,품질(물품/용역)
2024034223,2024-06-26,남자,30 - 39세,전라남도,국내온라인거래,항공여객운송서비스,계약해제.해지/위약금
2024034224,2024-06-26,여자,50 - 59세,서울특별시,국내온라인거래,기타시력보조기구,계약해제.해지/위약금
2024034225,2024-06-26,여자,20 - 29세,대전광역시,일반판매,신발세탁,계약불이행(불완전이행)
2024034226,2024-06-26,여자,20 - 29세,경기도,국내온라인거래,항공여객운송서비스,계약해제.해지/위약금
2024034027,2024-06-26,남자,50 - 59세,광주광역시,일반판매,자동차수리·점검,품질(물품/용역)
2024034232,2024-06-26,여자,40 - 49세,경상남도,기타,피부·체형관리서비스,계약불이행(불완전이행)
2024034233,2024-06-26,여자,20 - 29세,서울특별시,소셜커머스(쇼핑),참외,청약철회
2024034234,2024-06-26,여자,40 - 49세,경기도,기타,위성방송,가격.요금
2024034102,2024-06-26,여자,20 - 29세,서울특별시,일반판매,예식서비스,계약해제.해지/위약금
2024034235,2024-06-26,여자,20 - 29세,서울특별시,기타통신판매,사진촬영,계약해제.해지/위약금
2024034236,2024-06-26,여자,30 - 39세,울산광역시,일반판매,음식물처리기,안전(제품/시설)
2024034237,2024-06-26,남자,50 - 59세,전라북도,일반판매,농업용트랙터,품질(물품/용역)
2024034238,2024-06-26,여자,30 - 39세,서울특별시,일반판매,침대·매트리스대여(렌트),품질(물품/용역)
2024034239,2024-06-26,여자,30 - 39세,서울특별시,국내온라인거래,인터넷정보이용서비스,부당행위
2024034240,2024-06-26,남자,40 - 49세,경기도,일반판매,경비·관리서비스,계약해제.해지/위약금
2024034241,2024-06-26,여자,30 - 39세,전라북도,국내온라인거래,기타의류·섬유,단순문의.상담
2024034104,2024-06-26,여자,30 - 39세,서울특별시,국내온라인거래,필라테스,계약불이행(불완전이행)
2024034115,2024-06-26,여자,65 - 69세,부산광역시,일반판매,신경외과,품질(물품/용역)
2024034242,2024-06-26,여자,30 - 39세,전라북도,모바일거래,원피스,단순문의.상담
2024033986,2024-06-26,여자,40 - 49세,인천광역시,방문판매,인터넷교육서비스,계약해제.해지/위약금
2024033999,2024-06-26,남자,40 - 49세,서울특별시,방문판매,룸에어컨,AS불만
2024034041,2024-06-26,여자,40 - 49세,경상북도,방문판매,인터넷교육서비스,계약해제.해지/위약금
2024034047,2024-06-26,여자,30 - 39세,경기도,일반판매,헬스장,계약해제.해지/위약금
2024034050,2024-06-26,여자,50 - 59세,경기도,국내온라인거래,건물청소서비스,부당행위
2024034076,2024-06-26,남자,50 - 59세,경기도,전화권유판매,케이블TV,부당행위
2024034079,2024-06-26,여자,50 - 59세,대전광역시,국내온라인거래,미용서비스,계약불이행(불완전이행)
2024034087,2024-06-26,남자,60 - 64세,경기도,국내온라인거래,공구세트,부당행위
2024034117,2024-06-26,남자,불명,경기도,국내온라인거래,통신기기케이스,계약불이행(불완전이행)
2024034120,2024-06-26,남자,20 - 29세,서울특별시,소셜커머스(쇼핑),기타숙박시설,계약해제.해지/위약금
2024034124,2024-06-26,남자,30 - 39세,경기도,일반판매,전기세탁기,부당행위
2024034127,2024-06-26,여자,50 - 59세,충청북도,국내온라인거래,캐주얼바지,품질(물품/용역)
2024034128,2024-06-26,여자,50 - 59세,경기도,일반판매,피부·체형관리서비스,계약불이행(불완전이행)
2024034129,2024-06-26,여자,40 - 49세,서울특별시,국내온라인거래,여성용내의류,청약철회
2024034130,2024-06-26,남자,40 - 49세,서울특별시,기타,택배화물운송서비스,계약불이행(불완전이행)
2024034131,2024-06-26,남자,30 - 39세,경기도,국내온라인거래,TV,품질(물품/용역)
2024034132,2024-06-26,여자,30 - 39세,경기도,일반판매,헬스장,계약해제.해지/위약금
2024034133,2024-06-26,남자,30 - 39세,서울특별시,국내온라인거래,소프트웨어,부당행위
2024034134,2024-06-26,남자,30 - 39세,경기도,국내온라인거래,티셔츠,청약철회
2024034135,2024-06-26,여자,40 - 49세,강원특별자치도,소셜커머스(쇼핑),침대,청약철회
2024034136,2024-06-26,남자,60 - 64세,인천광역시,국내온라인거래,시계,품질(물품/용역)
2024034137,2024-06-26,여자,30 - 39세,경기도,기타,기타음식관련서비스,계약불이행(불완전이행)
2024034138,2024-06-26,남자,30 - 39세,강원특별자치도,국내온라인거래,낚시용품,AS불만
2024034139,2024-06-26,남자,50 - 59세,제주도,방문판매,경비·관리서비스,계약해제.해지/위약금
2024034140,2024-06-26,남자,70 - 79세,경기도,일반판매,소파,품질(물품/용역)
2024034141,2024-06-26,여자,30 - 39세,경상남도,국내온라인거래,기타숙박시설,청약철회
2024034142,2024-06-26,남자,30 - 39세,대전광역시,일반판매,스마트폰,AS불만
2024034143,2024-06-26,여자,40 - 49세,인천광역시,국내온라인거래,회화·공예용품,청약철회
2024034144,2024-06-26,남자,30 - 39세,경상북도,기타,국내결혼중개,계약해제.해지/위약금
2024034145,2024-06-26,남자,50 - 59세,부산광역시,소셜커머스(쇼핑),신유형상품권,계약불이행(불완전이행)
2024034146,2024-06-26,남자,30 - 39세,경기도,모바일거래,모바일게임서비스,계약해제.해지/위약금
2024034147,2024-06-26,남자,20 - 29세,경기도,방문판매,독서실이용,계약해제.해지/위약금
2024034148,2024-06-26,여자,30 - 39세,부산광역시,국내온라인거래,인터넷교육서비스,계약해제.해지/위약금
2024034149,2024-06-26,여자,30 - 39세,서울특별시,방문판매,필라테스,계약해제.해지/위약금
2024034150,2024-06-26,여자,40 - 49세,경상북도,방문판매,인터넷교육서비스,계약해제.해지/위약금
2024034151,2024-06-26,여자,30 - 39세,경기도,일반판매,헬스장,계약해제.해지/위약금
2024034152,2024-06-26,여자,40 - 49세,인천광역시,일반판매,학습지,계약해제.해지/위약금
2024034153,2024-06-26,여자,20 - 29세,경기도,일반판매,예식서비스,계약해제.해지/위약금
2024034154,2024-06-26,여자,30 - 39세,경기도,방문판매,결혼준비대행서비스,계약해제.해지/위약금
2024034155,2024-06-26,남자,50 - 59세,경기도,기타,전기압력밥솥,품질(물품/용역)
2024034156,2024-06-26,여자,30 - 39세,광주광역시,국내온라인거래,전자레인지,계약불이행(불완전이행)
2024031059,2024-06-26,남자,70 - 79세,전라남도,일반판매,운동화,품질(물품/용역)
2024031072,2024-06-26,여자,80세이상,대구광역시,일반판매,숙녀화(구두·부츠 등),품질(물품/용역)
2024032796,2024-06-26,여자,30 - 39세,경기도,일반판매,양복(서양식 의복)세탁,품질(물품/용역)
2024034157,2024-06-26,남자,60 - 64세,충청북도,일반판매,수영장회원권,계약해제.해지/위약금
2024034158,2024-06-26,남자,60 - 64세,경기도,국내온라인거래,기타주거관리설비,AS불만
2024034159,2024-06-26,여자,10세 미만,경상남도,국내온라인거래,국외여행,청약철회
2024034160,2024-06-26,여자,40 - 49세,경기도,국내온라인거래,TV,청약철회
2024034161,2024-06-26,여자,30 - 39세,경기도,방문판매,연수기,계약해제.해지/위약금
2024034162,2024-06-26,여자,30 - 39세,경기도,일반판매,예식서비스,계약해제.해지/위약금
2024034163,2024-06-26,여자,30 - 39세,서울특별시,국내온라인거래,컵,품질(물품/용역)
2024034164,2024-06-26,남자,30 - 39세,서울특별시,국내온라인거래,캐주얼바지,품질(물품/용역)
2024034165,2024-06-26,여자,30 - 39세,부산광역시,국내온라인거래,샌들·슬리퍼,부당행위
2024034166,2024-06-26,남자,40 - 49세,대구광역시,국내온라인거래,룸에어컨,품질(물품/용역)
2024034167,2024-06-26,여자,50 - 59세,경기도,소셜커머스(쇼핑),선풍기,청약철회
2024034168,2024-06-26,여자,40 - 49세,서울특별시,일반판매,국내결혼중개,계약불이행(불완전이행)
2024034169,2024-06-26,남자,50 - 59세,경기도,소셜커머스(쇼핑),기타일반화장품,품질(물품/용역)
2024034170,2024-06-26,여자,65 - 69세,서울특별시,일반판매,전기세탁기,계약해제.해지/위약금
2024034171,2024-06-26,남자,30 - 39세,경기도,모바일거래,모바일게임서비스,부당행위
2024034172,2024-06-26,여자,40 - 49세,서울특별시,일반판매,인터넷교육서비스,계약해제.해지/위약금
2024034173,2024-06-26,남자,40 - 49세,경기도,국내온라인거래,운동화,품질(물품/용역)
2024034174,2024-06-26,여자,20 - 29세,경기도,방문판매,필라테스,계약해제.해지/위약금
2024034175,2024-06-26,남자,40 - 49세,전라북도,일반판매,택배화물운송서비스,계약불이행(불완전이행)
2024034176,2024-06-26,남자,30 - 39세,부산광역시,기타,헬스장,계약해제.해지/위약금
2024034177,2024-06-26,여자,10세 미만,대구광역시,국내온라인거래,원피스,청약철회
2024034178,2024-06-26,여자,20 - 29세,경상남도,일반판매,기타가구,청약철회
2024034179,2024-06-26,남자,30 - 39세,인천광역시,국내온라인거래,건물청소서비스,계약해제.해지/위약금
2024034180,2024-06-26,여자,60 - 64세,경기도,국내온라인거래,스피커,품질(물품/용역)
2024034181,2024-06-26,여자,40 - 49세,경기도,국내온라인거래,국외여행,계약해제.해지/위약금
2024034182,2024-06-26,여자,40 - 49세,서울특별시,국내온라인거래,팬코일(이동식에어컨),AS불만
2024034183,2024-06-26,여자,20 - 29세,충청남도,방문판매,결혼준비대행서비스,계약해제.해지/위약금
2024034184,2024-06-26,여자,20 - 29세,서울특별시,국내온라인거래,미분류대여(렌트),계약불이행(불완전이행)
2024034185,2024-06-26,여자,40 - 49세,서울특별시,일반판매,식기세척기,계약불이행(불완전이행)
2024034186,2024-06-26,여자,30 - 39세,서울특별시,국내온라인거래,모바일정보이용서비스,청약철회
2024034187,2024-06-26,여자,40 - 49세,경상남도,기타,택배화물운송서비스,품질(물품/용역)
2024034188,2024-06-26,여자,50 - 59세,서울특별시,국내온라인거래,가스에어컨,품질(물품/용역)
2024034189,2024-06-26,여자,30 - 39세,서울특별시,국내온라인거래,번역·통역서비스,품질(물품/용역)
2024034190,2024-06-26,남자,30 - 39세,경기도,일반판매,포장이사운송서비스,계약불이행(불완전이행)
2024034191,2024-06-26,여자,40 - 49세,경기도,국내온라인거래,기타미분류서비스,청약철회
2024034192,2024-06-26,남자,40 - 49세,서울특별시,일반판매,룸에어컨,계약불이행(불완전이행)
2024033790,2024-06-26,여자,30 - 39세,서울특별시,일반판매,양복(서양식 의복)세탁,품질(물품/용역)
2024033990,2024-06-26,여자,40 - 49세,경기도,국내온라인거래,봉지면,계약불이행(불완전이행)
2024034025,2024-06-26,여자,20 - 29세,인천광역시,기타통신판매,기타사설강습서비스,계약해제.해지/위약금
2024034031,2024-06-26,여자,30 - 39세,서울특별시,일반판매,헬스장,계약해제.해지/위약금
2024034193,2024-06-26,남자,50 - 59세,경기도,국내온라인거래,전기압력밥솥,품질(물품/용역)
2024034194,2024-06-26,남자,40 - 49세,대전광역시,국내온라인거래,인터넷게임서비스,부당행위
2024034195,2024-06-26,남자,30 - 39세,대전광역시,국내온라인거래,스포츠웨어,품질(물품/용역)
2024034196,2024-06-26,남자,40 - 49세,경기도,국내온라인거래,노트북컴퓨터,이자.수수료
2024034197,2024-06-26,여자,60 - 64세,서울특별시,일반판매,양복(서양식 의복)세탁,품질(물품/용역)
2024034198,2024-06-26,여자,20 - 29세,경기도,방문판매,결혼준비대행서비스,계약불이행(불완전이행)
2024034199,2024-06-26,여자,30 - 39세,서울특별시,노상판매,호텔,부당행위
2024034200,2024-06-26,여자,20 - 29세,서울특별시,일반판매,가발,계약불이행(불완전이행)
2024034201,2024-06-26,여자,40 - 49세,인천광역시,일반판매,골프회원권,계약해제.해지/위약금
2024034202,2024-06-26,여자,30 - 39세,울산광역시,국내온라인거래,기타침대류,청약철회
2024034203,2024-06-26,여자,50 - 59세,서울특별시,국내온라인거래,가스에어컨,품질(물품/용역)
2024034204,2024-06-26,여자,20 - 29세,서울특별시,국내온라인거래,각종공연관람,계약해제.해지/위약금
2024034205,2024-06-26,남자,30 - 39세,경기도,국내온라인거래,기타통신기기,품질(물품/용역)
2024034206,2024-06-26,남자,30 - 39세,부산광역시,국내온라인거래,기타약품,청약철회
2024034207,2024-06-26,남자,30 - 39세,광주광역시,국내온라인거래,냉장고,부당행위
2024034208,2024-06-26,남자,65 - 69세,경기도,국내온라인거래,여성용내의류,청약철회
2024034037,2024-06-26,남자,30 - 39세,서울특별시,기타통신판매,대부(사채)업체대출,부당행위
2024034060,2024-06-26,여자,30 - 39세,서울특별시,일반판매,기타이·미용서비스,계약불이행(불완전이행)
2024034062,2024-06-26,남자,65 - 69세,경기도,국내온라인거래,전기세탁기,품질(물품/용역)
2024034081,2024-06-26,남자,30 - 39세,서울특별시,일반판매,차량용블랙박스,청약철회
2024034105,2024-06-26,남자,30 - 39세,충청남도,소셜커머스(쇼핑),메모리,청약철회
2024034089,2024-06-26,남자,50 - 59세,경기도,소셜커머스(쇼핑),기타숙박시설,계약해제.해지/위약금
2024034116,2024-06-26,남자,40 - 49세,경상남도,국내온라인거래,항공여객운송서비스,청약철회
2024032395,2024-06-26,남자,불명,서울특별시,일반판매,캐주얼바지,품질(물품/용역)
2024034227,2024-06-26,여자,30 - 39세,대구광역시,모바일거래,니트(스웨터),청약철회
2024034228,2024-06-26,남자,40 - 49세,경기도,일반판매,스마트폰,품질(물품/용역)
2024034229,2024-06-26,남자,50 - 59세,대구광역시,TV홈쇼핑,기타이·미용기구,품질(물품/용역)
2024034230,2024-06-26,남자,40 - 49세,경기도,소셜커머스(쇼핑),초음파방충기,품질(물품/용역)
2024034231,2024-06-26,여자,30 - 39세,부산광역시,기타통신판매,미용서비스,계약해제.해지/위약금
2024033991,2024-06-26,남자,30 - 39세,충청북도,모바일거래,모바일게임서비스,부당행위
2024034013,2024-06-26,여자,30 - 39세,경기도,국내온라인거래,기타책상·테이블류,품질(물품/용역)
2024030797,2024-06-26,여자,50 - 59세,부산광역시,일반판매,숙녀화(구두·부츠 등),품질(물품/용역)
2024030979,2024-06-26,남자,60 - 64세,경기도,일반판매,신사화(구두·부츠 등),품질(물품/용역)
2024033983,2024-06-26,여자,불명,경기도,국내온라인거래,각종공연관람,계약불이행(불완전이행)
2024030049,2024-06-26,남자,30 - 39세,서울특별시,일반판매,니트(스웨터),품질(물품/용역)
2024030560,2024-06-26,남자,60 - 64세,부산광역시,일반판매,점퍼·재킷류,품질(물품/용역)
2024033984,2024-06-26,여자,40 - 49세,대구광역시,일반판매,건물청소서비스,계약해제.해지/위약금
2024033998,2024-06-26,남자,65 - 69세,경상북도,국내온라인거래,믹서기,품질(물품/용역)
2024034000,2024-06-26,여자,40 - 49세,서울특별시,국내온라인거래,뮤코다당·단백제품,품질(물품/용역)
2024034003,2024-06-26,여자,80세이상,대구광역시,기타,신경외과,품질(물품/용역)
2024034004,2024-06-26,여자,70 - 79세,부산광역시,일반판매,신경외과,품질(물품/용역)
2024034017,2024-06-26,여자,20 - 29세,서울특별시,국내온라인거래,항공여객운송서비스,청약철회
2024034049,2024-06-26,남자,40 - 49세,서울특별시,국내온라인거래,선글라스,품질(물품/용역)
2024034056,2024-06-26,여자,30 - 39세,경기도,일반판매,필라테스,계약불이행(불완전이행)
2024034057,2024-06-26,남자,30 - 39세,경기도,국내온라인거래,신사화(구두·부츠 등),청약철회
2024034058,2024-06-26,여자,40 - 49세,경상남도,일반판매,소파,품질(물품/용역)
2024034064,2024-06-26,여자,30 - 39세,경기도,국내온라인거래,의자,청약철회
2024034069,2024-06-26,남자,40 - 49세,서울특별시,일반판매,선풍기,AS불만
2024034071,2024-06-26,여자,30 - 39세,서울특별시,일반판매,양복(서양식 의복)세탁,품질(물품/용역)
2024034072,2024-06-26,여자,40 - 49세,인천광역시,방문판매,음식물처리기,부당행위
2024034093,2024-06-26,여자,40 - 49세,세종특별자치시,국내온라인거래,핸드백,거래관행
2024034074,2024-06-26,여자,20 - 29세,경기도,국내온라인거래,각종공연관람,계약해제.해지/위약금
2024031786,2024-06-26,여자,50 - 59세,대구광역시,일반판매,모피·모피의류,품질(물품/용역)
2024034094,2024-06-26,여자,40 - 49세,서울특별시,국내온라인거래,전기맛사지기,안전(제품/시설)
2024034095,2024-06-26,남자,60 - 64세,경기도,TV홈쇼핑,기타조리기기·기구,품질(물품/용역)
2024034097,2024-06-26,남자,40 - 49세,충청북도,모바일거래,자동차대여(렌트),계약해제.해지/위약금
2024034023,2024-06-26,남자,30 - 39세,인천광역시,모바일거래,룸에어컨,품질(물품/용역)
2024034033,2024-06-26,여자,50 - 59세,대구광역시,국내온라인거래,선풍기,품질(물품/용역)
2024034066,2024-06-26,남자,40 - 49세,부산광역시,모바일거래,기타가방,부당행위
2024034002,2024-06-26,남자,40 - 49세,서울특별시,국내온라인거래,신유형상품권,계약불이행(불완전이행)
2024034007,2024-06-26,여자,20 - 29세,서울특별시,국내온라인거래,응접테이블,품질(물품/용역)
2024034100,2024-06-26,남자,40 - 49세,대구광역시,국내온라인거래,태블릿PC,청약철회
2024034103,2024-06-26,남자,30 - 39세,경기도,국내온라인거래,헤어드라이어,계약해제.해지/위약금
2024031560,2024-06-26,여자,30 - 39세,인천광역시,일반판매,양복(서양식 의복)세탁,품질(물품/용역)
2024034106,2024-06-26,남자,65 - 69세,서울특별시,일반판매,콘센트,AS불만
2024034107,2024-06-26,남자,60 - 64세,충청남도,기타,모바일정보이용서비스,청약철회
2024034110,2024-06-26,여자,20 - 29세,경기도,일반판매,항공여객운송서비스,계약불이행(불완전이행)
2024034111,2024-06-26,여자,30 - 39세,서울특별시,일반판매,필라테스,계약불이행(불완전이행)
2024034123,2024-06-26,여자,30 - 39세,서울특별시,모바일거래,식사배달,계약불이행(불완전이행)
2024032170,2024-06-26,여자,50 - 59세,경기도,일반판매,의류수선,품질(물품/용역)
2024032418,2024-06-26,남자,30 - 39세,경기도,일반판매,티셔츠,품질(물품/용역)
2024032730,2024-06-26,여자,30 - 39세,인천광역시,국내온라인거래,캐주얼바지,품질(물품/용역)
2024033572,2024-06-26,남자,20 - 29세,서울특별시,일반판매,양복(서양식 의복)세탁,품질(물품/용역)
2024033743,2024-06-26,여자,40 - 49세,부산광역시,국내온라인거래,기타가방,청약철회
2024034068,2024-06-26,남자,50 - 59세,부산광역시,전화권유판매,유사투자자문,계약해제.해지/위약금
2024034075,2024-06-26,여자,20 - 29세,전라남도,일반판매,자동차대여(렌트),계약불이행(불완전이행)
2024030781,2024-06-26,남자,40 - 49세,경기도,국내온라인거래,운동화,품질(물품/용역)
2024032369,2024-06-26,여자,30 - 39세,경기도,일반판매,양복(서양식 의복)세탁,품질(물품/용역)
2024031036,2024-06-26,남자,50 - 59세,서울특별시,소셜커머스(쇼핑),전문스포츠화(축구화·골프화 등),품질(물품/용역)
2024033992,2024-06-26,여자,30 - 39세,서울특별시,기타통신판매,시스템에어컨,품질(물품/용역)
2024033995,2024-06-26,남자,60 - 64세,전라남도,기타,실손보험,계약불이행(불완전이행)
2024034014,2024-06-26,남자,50 - 59세,경기도,기타,오토바이,AS불만
2024034112,2024-06-26,여자,50 - 59세,충청남도,일반판매,기타인테리어설비,계약해제.해지/위약금
2024034114,2024-06-26,남자,30 - 39세,경기도,전화권유판매,유사투자자문,계약해제.해지/위약금
2024034021,2024-06-26,여자,40 - 49세,서울특별시,국내온라인거래,기타숙박시설,청약철회
2024033985,2024-06-26,여자,40 - 49세,경기도,국내온라인거래,인터넷교육서비스,부당행위
2024033988,2024-06-26,여자,50 - 59세,울산광역시,기타,건강(암·기타질병)보험,계약불이행(불완전이행)
2024033989,2024-06-26,남자,50 - 59세,경기도,국내온라인거래,가축사료,계약불이행(불완전이행)
2024033997,2024-06-26,남자,40 - 49세,전라북도,일반판매,대형승용자동차,AS불만
2024034005,2024-06-26,여자,불명,대전광역시,국내온라인거래,각종공연관람,계약해제.해지/위약금
2024034006,2024-06-26,남자,30 - 39세,경기도,국내온라인거래,중고자동차중개·매매,표시.광고
2024034011,2024-06-26,여자,20 - 29세,인천광역시,소셜커머스(쇼핑),국외여행,계약해제.해지/위약금
2024034012,2024-06-26,남자,40 - 49세,경기도,기타통신판매,노트북컴퓨터,청약철회
2024034040,2024-06-26,남자,불명,충청남도,일반판매,자동차주차장,표시.광고
2024034036,2024-06-26,남자,30 - 39세,부산광역시,국내온라인거래,전자담배,품질(물품/용역)
2024034039,2024-06-26,남자,40 - 49세,대전광역시,일반판매,도배공사,품질(물품/용역)
2024034042,2024-06-26,여자,20 - 29세,인천광역시,일반판매,필라테스,계약해제.해지/위약금
2024034045,2024-06-26,여자,50 - 59세,경기도,일반판매,기타사설강습서비스,계약해제.해지/위약금
2024034046,2024-06-26,남자,50 - 59세,서울특별시,모바일거래,기타부동산임대차,계약해제.해지/위약금
2024034051,2024-06-26,여자,30 - 39세,경기도,국내온라인거래,필라테스,계약불이행(불완전이행)
2024034054,2024-06-26,여자,20 - 29세,부산광역시,국내온라인거래,여성용내의류,품질(물품/용역)
2024034070,2024-06-26,여자,30 - 39세,경기도,일반판매,외식,계약불이행(불완전이행)
2024034085,2024-06-26,여자,30 - 39세,경기도,기타통신판매,인터넷교육서비스,부당행위
2024034086,2024-06-26,여자,30 - 39세,경기도,일반판매,수영장회원권,부당행위
2024034091,2024-06-26,남자,40 - 49세,부산광역시,일반판매,포장이사운송서비스,계약불이행(불완전이행)
2024034099,2024-06-26,여자,30 - 39세,경상남도,국내온라인거래,원피스,부당행위
2024034108,2024-06-26,남자,불명,서울특별시,TV홈쇼핑,음식물처리기대여(렌트),계약불이행(불완전이행)
2024034126,2024-06-26,여자,20 - 29세,인천광역시,일반판매,헬스장,부당행위
2024032985,2024-06-26,여자,40 - 49세,경기도,일반판매,양복(서양식 의복)세탁,품질(물품/용역)
2024034020,2024-06-26,여자,30 - 39세,경기도,일반판매,옷장,청약철회
2024033987,2024-06-26,남자,50 - 59세,서울특별시,국내온라인거래,기타미분류물품,품질(물품/용역)
2024033994,2024-06-26,여자,40 - 49세,인천광역시,일반판매,캐주얼바지,계약해제.해지/위약금
2024034009,2024-06-26,남자,30 - 39세,부산광역시,국내온라인거래,소파,품질(물품/용역)
2024034010,2024-06-26,여자,30 - 39세,전라북도,모바일거래,헤드폰·이어폰,품질(물품/용역)
2024034016,2024-06-26,여자,30 - 39세,경기도,국내온라인거래,룸에어컨,품질(물품/용역)
2024034018,2024-06-26,여자,20 - 29세,서울특별시,일반판매,캐주얼바지,부당행위
2024034026,2024-06-26,여자,50 - 59세,경기도,일반판매,필라테스,계약불이행(불완전이행)
2024034035,2024-06-26,여자,20 - 29세,서울특별시,국내온라인거래,기타신변용품,거래관행
2024034061,2024-06-26,여자,20 - 29세,서울특별시,국내온라인거래,사진촬영,계약해제.해지/위약금
2024032400,2024-06-26,여자,40 - 49세,광주광역시,일반판매,양복(서양식 의복)세탁,품질(물품/용역)
2024030701,2024-06-26,여자,40 - 49세,서울특별시,일반판매,양복(서양식 의복)세탁,품질(물품/용역)
2024034101,2024-06-26,남자,70 - 79세,서울특별시,기타,주식,부당행위
2024034029,2024-06-26,여자,30 - 39세,경기도,일반판매,필라테스,계약해제.해지/위약금
2024034030,2024-06-26,여자,30 - 39세,경기도,국내온라인거래,기타신발·용품,청약철회
2024034032,2024-06-26,남자,50 - 59세,대구광역시,국내온라인거래,시스템에어컨,거래관행
2024034034,2024-06-26,여자,40 - 49세,경기도,일반판매,보석·귀금속,계약불이행(불완전이행)
2024034053,2024-06-26,남자,40 - 49세,전라남도,일반판매,아파트,부당행위
2024034048,2024-06-26,남자,40 - 49세,경기도,모바일거래,게,품질(물품/용역)
2024034052,2024-06-26,남자,30 - 39세,부산광역시,국내온라인거래,기타숙박시설,거래관행
2024034055,2024-06-26,남자,30 - 39세,경기도,일반판매,피부·체형관리서비스,부당행위
2024034059,2024-06-26,여자,10 - 19세,인천광역시,전화권유판매,인터넷교육서비스,부당행위
2024034082,2024-06-26,남자,30 - 39세,강원특별자치도,일반판매,스마트폰,부당행위
2024034084,2024-06-26,남자,30 - 39세,경기도,일반판매,사진촬영,가격.요금
2024034109,2024-06-26,여자,70 - 79세,충청남도,방문판매,태양열온수기,계약해제.해지/위약금
2024034118,2024-06-26,여자,20 - 29세,서울특별시,기타통신판매,기타미분류서비스,부당행위
2024034122,2024-06-26,여자,60 - 64세,경기도,기타통신판매,이동전화서비스,품질(물품/용역)
2024030697,2024-06-26,여자,50 - 59세,전라북도,국내온라인거래,운동화,품질(물품/용역)
2024030795,2024-06-26,여자,20 - 29세,광주광역시,국내온라인거래,샌들·슬리퍼,품질(물품/용역)
2024031015,2024-06-26,여자,50 - 59세,인천광역시,일반판매,운동화,품질(물품/용역)
2024031847,2024-06-26,여자,40 - 49세,대구광역시,일반판매,양복(서양식 의복)세탁,품질(물품/용역)
2024033993,2024-06-26,남자,50 - 59세,광주광역시,일반판매,건강(암·기타질병)보험,약관
2024034282,2024-06-27,여자,20 - 29세,경기도,일반판매,헬스장,계약해제.해지/위약금
2024034283,2024-06-27,여자,30 - 39세,충청북도,모바일거래,보석·귀금속,계약해제.해지/위약금
2024034293,2024-06-27,여자,50 - 59세,부산광역시,국내온라인거래,사과,품질(물품/용역)
2024034253,2024-06-27,여자,40 - 49세,경기도,국내온라인거래,캐주얼바지,청약철회
2024034256,2024-06-27,남자,30 - 39세,경기도,일반판매,예식서비스,계약해제.해지/위약금
2024034258,2024-06-27,남자,30 - 39세,서울특별시,기타,기타숙박시설,계약해제.해지/위약금
2024034260,2024-06-27,남자,20 - 29세,서울특별시,일반판매,헬스장,계약해제.해지/위약금
2024034262,2024-06-27,남자,50 - 59세,부산광역시,일반판매,상해보험,계약불이행(불완전이행)
2024034264,2024-06-27,여자,30 - 39세,서울특별시,일반판매,애완견,계약해제.해지/위약금
2024034265,2024-06-27,남자,20 - 29세,경상북도,일반판매,헬스장,계약해제.해지/위약금
2024034270,2024-06-27,여자,20 - 29세,인천광역시,모바일거래,국외여행,부당행위
2024034271,2024-06-27,여자,20 - 29세,서울특별시,방문판매,필라테스,계약해제.해지/위약금
2024034284,2024-06-27,남자,30 - 39세,경기도,일반판매,헬스장,계약해제.해지/위약금
2024034285,2024-06-27,여자,30 - 39세,경기도,일반판매,필라테스,계약해제.해지/위약금
2024034288,2024-06-27,여자,50 - 59세,경기도,일반판매,미용서비스,계약해제.해지/위약금
2024034289,2024-06-27,남자,60 - 64세,경상북도,국내온라인거래,이동전화서비스,계약불이행(불완전이행)
2024034297,2024-06-27,여자,60 - 64세,세종특별자치시,일반판매,국내결혼중개,계약해제.해지/위약금
2024034300,2024-06-27,남자,20 - 29세,경기도,국내온라인거래,신유형상품권,계약불이행(불완전이행)
2024034314,2024-06-27,여자,40 - 49세,경기도,국내온라인거래,호텔,계약해제.해지/위약금
2024034317,2024-06-27,여자,20 - 29세,경기도,일반판매,치과,계약해제.해지/위약금
2024034318,2024-06-27,남자,20 - 29세,경기도,일반판매,각종공연관람,청약철회
2024034320,2024-06-27,남자,40 - 49세,경기도,일반판매,이동전화서비스,계약해제.해지/위약금
2024034321,2024-06-27,여자,40 - 49세,경상남도,일반판매,정수기대여(렌트),계약해제.해지/위약금
2024034322,2024-06-27,남자,40 - 49세,인천광역시,국내온라인거래,국외여행,계약불이행(불완전이행)
2024034325,2024-06-27,남자,40 - 49세,서울특별시,소셜커머스(쇼핑),프린터,부당행위
2024034329,2024-06-27,남자,30 - 39세,서울특별시,기타,유사투자자문,계약해제.해지/위약금
2024034333,2024-06-27,여자,30 - 39세,인천광역시,모바일거래,각종공연관람,계약불이행(불완전이행)
2024032409,2024-06-27,남자,20 - 29세,서울특별시,일반판매,양복(서양식 의복)세탁,품질(물품/용역)
2024034336,2024-06-27,여자,65 - 69세,대전광역시,일반판매,실손보험,계약불이행(불완전이행)
2024034338,2024-06-27,여자,불명,서울특별시,국내온라인거래,스포츠웨어,청약철회
2024034339,2024-06-27,남자,40 - 49세,서울특별시,국내온라인거래,운동화,부당행위
2024034340,2024-06-27,남자,60 - 64세,경기도,국내온라인거래,호텔,계약해제.해지/위약금
2024034341,2024-06-27,여자,불명,서울특별시,모바일거래,식사배달,계약불이행(불완전이행)
2024034342,2024-06-27,여자,40 - 49세,경기도,국내온라인거래,자격증교재,청약철회
2024034343,2024-06-27,남자,40 - 49세,서울특별시,일반판매,헬스장,계약해제.해지/위약금
2024034344,2024-06-27,남자,30 - 39세,경기도,국내온라인거래,식탁,품질(물품/용역)
2024034345,2024-06-27,남자,50 - 59세,경기도,방문판매,기타일반화장품,계약해제.해지/위약금
2024034346,2024-06-27,남자,65 - 69세,경기도,기타,전기자전거,계약해제.해지/위약금
2024034347,2024-06-27,여자,30 - 39세,경기도,국내온라인거래,기타인테리어설비,품질(물품/용역)
2024034348,2024-06-27,남자,40 - 49세,경기도,일반판매,점퍼·재킷류,거래관행
2024034349,2024-06-27,여자,50 - 59세,서울특별시,소셜커머스(쇼핑),소파,청약철회
2024034350,2024-06-27,남자,30 - 39세,경기도,기타통신판매,베개,청약철회
2024034351,2024-06-27,여자,40 - 49세,부산광역시,일반판매,정수기대여(렌트),계약해제.해지/위약금
2024034352,2024-06-27,남자,40 - 49세,대전광역시,국제온라인거래,항공여객운송서비스,계약해제.해지/위약금
2024034353,2024-06-27,여자,30 - 39세,서울특별시,일반판매,헬스장,계약해제.해지/위약금
2024034354,2024-06-27,여자,40 - 49세,경기도,국내온라인거래,외식,계약해제.해지/위약금
2024034355,2024-06-27,여자,20 - 29세,경기도,일반판매,미용서비스,품질(물품/용역)
2024034356,2024-06-27,남자,50 - 59세,경기도,국내온라인거래,인터넷교육서비스,계약해제.해지/위약금
2024034247,2024-06-27,여자,40 - 49세,경기도,국내온라인거래,기타가사용품,청약철회
2024034255,2024-06-27,여자,30 - 39세,대구광역시,국내온라인거래,항공여객운송서비스,청약철회
2024034274,2024-06-27,남자,불명,충청남도,국내온라인거래,기타사무용기기,청약철회
2024034275,2024-06-27,여자,불명,경기도,국내온라인거래,CD·LD·DVD(영화·음악·게임),계약불이행(불완전이행)
2024034276,2024-06-27,여자,30 - 39세,서울특별시,국내온라인거래,피부·체형관리서비스,계약해제.해지/위약금
2024034290,2024-06-27,여자,65 - 69세,경기도,국내온라인거래,모자,청약철회
2024034291,2024-06-27,남자,40 - 49세,경기도,방문판매,연수기대여(렌트),계약불이행(불완전이행)
2024034292,2024-06-27,남자,30 - 39세,경기도,국내온라인거래,기타책상·테이블류,품질(물품/용역)
2024034294,2024-06-27,남자,40 - 49세,인천광역시,국내온라인거래,일반자전거,품질(물품/용역)
2024034299,2024-06-27,여자,불명,인천광역시,국내온라인거래,기타신발·용품,계약불이행(불완전이행)
2024034316,2024-06-27,남자,불명,강원특별자치도,일반판매,자동차주유,부당행위
2024034335,2024-06-27,여자,20 - 29세,경기도,모바일거래,점퍼·재킷류,계약불이행(불완전이행)
2024034357,2024-06-27,여자,30 - 39세,서울특별시,일반판매,국내결혼중개,계약해제.해지/위약금
2024034358,2024-06-27,남자,30 - 39세,전라남도,국내온라인거래,그래픽카드,청약철회
2024034359,2024-06-27,여자,50 - 59세,경기도,일반판매,소파,청약철회
2024034360,2024-06-27,여자,30 - 39세,부산광역시,일반판매,헬스장,계약해제.해지/위약금
2024034361,2024-06-27,여자,30 - 39세,대전광역시,일반판매,안마의자,부당행위
2024034362,2024-06-27,여자,40 - 49세,경기도,일반판매,CCTV,계약해제.해지/위약금
2024034363,2024-06-27,여자,50 - 59세,광주광역시,국내온라인거래,다이어트식품,계약불이행(불완전이행)
2024034364,2024-06-27,여자,40 - 49세,대구광역시,국내온라인거래,티셔츠,청약철회
2024034365,2024-06-27,남자,20 - 29세,대구광역시,국내온라인거래,티셔츠,청약철회
2024034366,2024-06-27,여자,40 - 49세,제주도,국내온라인거래,보석·귀금속,청약철회
2024034367,2024-06-27,남자,40 - 49세,서울특별시,일반판매,결혼준비대행서비스,계약해제.해지/위약금
2024034368,2024-06-27,여자,30 - 39세,대구광역시,일반판매,애완견,계약해제.해지/위약금
2024034370,2024-06-27,남자,60 - 64세,경기도,국내온라인거래,기타미분류서비스,계약불이행(불완전이행)
2024034371,2024-06-27,여자,40 - 49세,경기도,전화권유판매,다이어트식품,품질(물품/용역)
2024034372,2024-06-27,남자,50 - 59세,경기도,기타,기타조명기기,계약불이행(불완전이행)
2024034373,2024-06-27,남자,20 - 29세,경기도,국내온라인거래,축전지,품질(물품/용역)
2024034374,2024-06-27,남자,50 - 59세,서울특별시,기타,모바일정보이용서비스,계약불이행(불완전이행)
2024034249,2024-06-27,남자,50 - 59세,서울특별시,일반판매,상품권,계약해제.해지/위약금
2024034254,2024-06-27,남자,70 - 79세,인천광역시,일반판매,유통시설이용,품질(물품/용역)
2024032496,2024-06-27,여자,50 - 59세,부산광역시,일반판매,기타가방,품질(물품/용역)
2024033812,2024-06-27,여자,30 - 39세,대전광역시,국내온라인거래,티셔츠,청약철회
2024032410,2024-06-27,여자,30 - 39세,부산광역시,국내온라인거래,블라우스,품질(물품/용역)
2024032469,2024-06-27,여자,40 - 49세,경기도,일반판매,핸드백,품질(물품/용역)
2024032729,2024-06-27,여자,40 - 49세,대구광역시,국내온라인거래,티셔츠,품질(물품/용역)
2024032768,2024-06-27,여자,50 - 59세,경기도,일반판매,양복(서양식 의복)세탁,품질(물품/용역)
2024033844,2024-06-27,남자,60 - 64세,대전광역시,일반판매,캐주얼바지,품질(물품/용역)
2024032149,2024-06-27,여자,30 - 39세,전라북도,일반판매,점퍼·재킷류,품질(물품/용역)
2024033864,2024-06-27,여자,40 - 49세,전라북도,일반판매,니트(스웨터),품질(물품/용역)
2024033600,2024-06-27,여자,50 - 59세,경상남도,일반판매,양복(서양식 의복)세탁,품질(물품/용역)
2024033846,2024-06-27,여자,30 - 39세,충청남도,일반판매,점퍼·재킷류,품질(물품/용역)
2024034375,2024-06-27,여자,30 - 39세,전라남도,국내온라인거래,원피스,품질(물품/용역)
2024034376,2024-06-27,여자,50 - 59세,서울특별시,국내온라인거래,농축과즙,품질(물품/용역)
2024034332,2024-06-27,남자,50 - 59세,인천광역시,일반판매,외식,품질(물품/용역)
2024032519,2024-06-27,여자,30 - 39세,세종특별자치시,일반판매,양복(서양식 의복)세탁,품질(물품/용역)
2024032424,2024-06-27,여자,50 - 59세,인천광역시,일반판매,티셔츠,품질(물품/용역)
2024033055,2024-06-27,남자,40 - 49세,경기도,일반판매,양복(서양식 의복)세탁,품질(물품/용역)
2024034377,2024-06-27,남자,10 - 19세,경기도,모바일거래,항공여객운송서비스,계약해제.해지/위약금
2024034378,2024-06-27,여자,30 - 39세,경상북도,일반판매,기타간편복,계약해제.해지/위약금
2024034379,2024-06-27,남자,40 - 49세,서울특별시,국내온라인거래,남성용내의류,청약철회
2024034380,2024-06-27,남자,30 - 39세,서울특별시,국내온라인거래,국내결혼중개,계약해제.해지/위약금
2024034381,2024-06-27,남자,20 - 29세,부산광역시,기타통신판매,인터넷교육서비스,계약해제.해지/위약금
2024034382,2024-06-27,여자,30 - 39세,서울특별시,전화권유판매,기타매체광고,계약해제.해지/위약금
2024034383,2024-06-27,여자,20 - 29세,경상북도,일반판매,사진촬영,계약해제.해지/위약금
2024034384,2024-06-27,여자,20 - 29세,울산광역시,국내온라인거래,기타보건·위생용품,청약철회
2024034385,2024-06-27,여자,40 - 49세,경상남도,국내온라인거래,복숭아,품질(물품/용역)
2024034386,2024-06-27,남자,40 - 49세,대구광역시,국내온라인거래,항공여객운송서비스,계약불이행(불완전이행)
2024034387,2024-06-27,남자,50 - 59세,경기도,국내온라인거래,기타신발·용품,청약철회
2024034388,2024-06-27,여자,30 - 39세,서울특별시,일반판매,기타교육서비스,계약해제.해지/위약금
2024034389,2024-06-27,남자,20 - 29세,충청남도,일반판매,헬스장,계약해제.해지/위약금
2024034390,2024-06-27,여자,40 - 49세,경기도,국내온라인거래,프라이팬,품질(물품/용역)
2024034391,2024-06-27,여자,20 - 29세,서울특별시,일반판매,종합체육시설회원권,계약해제.해지/위약금
2024034392,2024-06-27,여자,40 - 49세,부산광역시,전화권유판매,초고속인터넷,계약불이행(불완전이행)
2024034393,2024-06-27,남자,20 - 29세,서울특별시,일반판매,헬스장,계약해제.해지/위약금
2024034394,2024-06-27,남자,40 - 49세,경기도,전화권유판매,기타주택·건물,계약불이행(불완전이행)
2024034395,2024-06-27,남자,40 - 49세,경상남도,국내온라인거래,항공여객운송서비스,계약불이행(불완전이행)
2024034396,2024-06-27,여자,30 - 39세,서울특별시,국내온라인거래,여행용가방,청약철회
2024034397,2024-06-27,여자,50 - 59세,서울특별시,기타,기타가방,품질(물품/용역)
2024034398,2024-06-27,여자,20 - 29세,경기도,모바일거래,헬스장,청약철회
2024034399,2024-06-27,여자,30 - 39세,경상북도,소셜커머스(쇼핑),합성피혁의류,청약철회
2024034400,2024-06-27,남자,10 - 19세,충청남도,국내온라인거래,기타의류·섬유,계약불이행(불완전이행)
2024034401,2024-06-27,여자,20 - 29세,경기도,국내온라인거래,봉지면,청약철회
2024034402,2024-06-27,여자,30 - 39세,광주광역시,국내온라인거래,기타세탁서비스,품질(물품/용역)
2024034403,2024-06-27,여자,20 - 29세,서울특별시,방문판매,미용서비스,품질(물품/용역)
2024034404,2024-06-27,남자,20 - 29세,경기도,일반판매,기타회원권,계약해제.해지/위약금
2024034405,2024-06-27,남자,60 - 64세,서울특별시,국내온라인거래,면도기,품질(물품/용역)
2024034406,2024-06-27,여자,20 - 29세,광주광역시,국내온라인거래,기타알선·중개·번역서비스,청약철회
2024034407,2024-06-27,여자,40 - 49세,서울특별시,국내온라인거래,기타식생활기기,청약철회
2024034408,2024-06-27,남자,30 - 39세,경기도,일반판매,기타주방설비,품질(물품/용역)
2024034409,2024-06-27,남자,30 - 39세,경기도,기타,결혼준비대행서비스,계약불이행(불완전이행)
2024034410,2024-06-27,남자,30 - 39세,울산광역시,국내온라인거래,휴대폰(2G),계약불이행(불완전이행)
2024034411,2024-06-27,남자,40 - 49세,서울특별시,일반판매,헬스장,계약해제.해지/위약금
2024034412,2024-06-27,여자,20 - 29세,부산광역시,일반판매,미분류컨설팅(자문),계약해제.해지/위약금
2024034413,2024-06-27,여자,20 - 29세,광주광역시,국내온라인거래,각종공연관람,청약철회
2024034414,2024-06-27,여자,20 - 29세,경기도,국내온라인거래,각종공연관람,계약해제.해지/위약금
2024034415,2024-06-27,여자,30 - 39세,울산광역시,국내온라인거래,냄비,AS불만
2024034416,2024-06-27,여자,40 - 49세,제주도,모바일거래,용달화물서비스,안전(제품/시설)
2024034417,2024-06-27,여자,50 - 59세,경기도,국내온라인거래,소파,품질(물품/용역)
2024034418,2024-06-27,여자,40 - 49세,경기도,국내온라인거래,다이어트식품,청약철회
2024034419,2024-06-27,남자,40 - 49세,경기도,국내온라인거래,프린터잉크,표시.광고
2024034420,2024-06-27,남자,50 - 59세,전라북도,일반판매,포장이사운송서비스,AS불만
2024034421,2024-06-27,남자,20 - 29세,서울특별시,방문판매,헬스장,계약해제.해지/위약금
2024034422,2024-06-27,남자,10세 미만,서울특별시,국내온라인거래,카메라부품·용품,계약해제.해지/위약금
2024034423,2024-06-27,여자,20 - 29세,강원특별자치도,기타,고시원이용,계약해제.해지/위약금
2024034424,2024-06-27,남자,30 - 39세,경기도,일반판매,기타회원권,계약해제.해지/위약금
2024034425,2024-06-27,여자,30 - 39세,경기도,국내온라인거래,건물청소서비스,청약철회
2024034426,2024-06-27,여자,30 - 39세,서울특별시,일반판매,필라테스,계약해제.해지/위약금
2024034427,2024-06-27,여자,30 - 39세,경기도,모바일거래,이불·요,청약철회
2024031802,2024-06-27,남자,65 - 69세,부산광역시,일반판매,양복(서양식 의복)세탁,품질(물품/용역)
2024034243,2024-06-27,여자,30 - 39세,대구광역시,국내온라인거래,여성용내의류,청약철회
2024034252,2024-06-27,여자,30 - 39세,서울특별시,국내온라인거래,헤어드라이어,계약불이행(불완전이행)
2024034266,2024-06-27,여자,20 - 29세,서울특별시,국내온라인거래,국외여행,계약불이행(불완전이행)
2024034278,2024-06-27,여자,50 - 59세,광주광역시,일반판매,대형승용자동차,품질(물품/용역)
2024034286,2024-06-27,여자,40 - 49세,강원특별자치도,국제온라인거래,기타화물운송서비스,계약불이행(불완전이행)
2024032499,2024-06-27,여자,50 - 59세,서울특별시,일반판매,티셔츠,품질(물품/용역)
2024033868,2024-06-27,남자,50 - 59세,서울특별시,국내온라인거래,스포츠웨어,품질(물품/용역)
2024034245,2024-06-27,여자,20 - 29세,서울특별시,국내온라인거래,여성용내의류,품질(물품/용역)
2024034246,2024-06-27,여자,20 - 29세,경기도,국내온라인거래,기타가사용품,청약철회
2024034248,2024-06-27,여자,40 - 49세,서울특별시,기타,학습지,계약해제.해지/위약금
2024034259,2024-06-27,남자,40 - 49세,서울특별시,일반판매,오토바이,AS불만
2024034263,2024-06-27,남자,40 - 49세,서울특별시,기타통신판매,유사투자자문,계약해제.해지/위약금
2024034267,2024-06-27,여자,50 - 59세,서울특별시,모바일거래,룸에어컨,품질(물품/용역)
2024034277,2024-06-27,여자,20 - 29세,서울특별시,일반판매,상품권,부당행위
2024034281,2024-06-27,여자,70 - 79세,강원특별자치도,일반판매,내과,품질(물품/용역)
2024034287,2024-06-27,남자,40 - 49세,전라남도,일반판매,TV,품질(물품/용역)
2024034295,2024-06-27,여자,65 - 69세,서울특별시,국내온라인거래,신유형상품권,부당행위
2024034296,2024-06-27,여자,30 - 39세,경기도,일반판매,스마트폰,AS불만
2024034331,2024-06-27,남자,60 - 64세,경기도,국내온라인거래,룸에어컨,계약불이행(불완전이행)
2024034302,2024-06-27,여자,50 - 59세,서울특별시,기타,기타위생설비,계약불이행(불완전이행)
2024034309,2024-06-27,여자,40 - 49세,광주광역시,일반판매,기타사설강습서비스,계약해제.해지/위약금
2024032208,2024-06-27,남자,60 - 64세,경기도,일반판매,기타모피·가죽의류,품질(물품/용역)
2024033594,2024-06-27,여자,50 - 59세,울산광역시,일반판매,점퍼·재킷류,품질(물품/용역)
2024034298,2024-06-27,여자,30 - 39세,서울특별시,일반판매,예식서비스,계약해제.해지/위약금
2024032508,2024-06-27,여자,50 - 59세,인천광역시,일반판매,캐주얼바지,품질(물품/용역)
2024034250,2024-06-27,여자,70 - 79세,서울특별시,기타,미분류대여(렌트),계약해제.해지/위약금
2024034261,2024-06-27,남자,50 - 59세,대구광역시,국내온라인거래,전기자전거,AS불만
2024034273,2024-06-27,남자,40 - 49세,경기도,국내온라인거래,차량용블랙박스,계약불이행(불완전이행)
2024034279,2024-06-27,남자,40 - 49세,서울특별시,일반판매,항공여객운송서비스,계약불이행(불완전이행)
2024034280,2024-06-27,남자,50 - 59세,경기도,기타,기타위생설비,품질(물품/용역)
2024034310,2024-06-27,여자,불명,부산광역시,국내온라인거래,기타일반화장품,청약철회
2024034313,2024-06-27,여자,50 - 59세,경기도,일반판매,치과,품질(물품/용역)
2024034323,2024-06-27,남자,30 - 39세,세종특별자치시,소셜커머스(쇼핑),전기진공청소기,계약불이행(불완전이행)
2024034251,2024-06-27,여자,40 - 49세,경기도,국내온라인거래,여성용내의류,표시.광고
2024034305,2024-06-27,여자,40 - 49세,경기도,국내온라인거래,스포츠웨어,품질(물품/용역)
2024034307,2024-06-27,남자,30 - 39세,광주광역시,일반판매,헬스장,계약해제.해지/위약금
2024034308,2024-06-27,남자,70 - 79세,경기도,일반판매,시계,품질(물품/용역)
2024034319,2024-06-27,여자,40 - 49세,경기도,일반판매,자동차수리·점검,AS불만
2024032387,2024-06-27,여자,40 - 49세,경기도,일반판매,피혁세탁,품질(물품/용역)
2024034303,2024-06-27,남자,50 - 59세,서울특별시,일반판매,외식,안전(제품/시설)
2024034306,2024-06-27,여자,20 - 29세,경상남도,일반판매,중고자동차중개·매매,표시.광고
2024034311,2024-06-27,여자,40 - 49세,서울특별시,일반판매,한의원,계약해제.해지/위약금
2024034312,2024-06-27,여자,50 - 59세,부산광역시,일반판매,방습제,품질(물품/용역)
2024034315,2024-06-27,여자,50 - 59세,서울특별시,모바일거래,이동전화서비스,부당행위
2024034326,2024-06-27,여자,50 - 59세,서울특별시,국내온라인거래,애완동·식물용품,부당행위
2024034268,2024-06-27,남자,50 - 59세,부산광역시,국내온라인거래,기타공조·냉난방기기,청약철회
2024034269,2024-06-27,여자,40 - 49세,경기도,국내온라인거래,선풍기,청약철회
2024034434,2024-06-28,남자,40 - 49세,인천광역시,기타,외식,계약해제.해지/위약금
2024034435,2024-06-28,남자,65 - 69세,전라북도,일반판매,포장이사운송서비스,계약불이행(불완전이행)
2024034470,2024-06-28,남자,불명,부산광역시,국내온라인거래,식사배달,계약불이행(불완전이행)
2024034498,2024-06-28,여자,불명,제주도,기타,헬스장,계약해제.해지/위약금
2024034433,2024-06-28,여자,30 - 39세,경기도,국내온라인거래,헤어드라이어,계약불이행(불완전이행)
2024034444,2024-06-28,남자,20 - 29세,울산광역시,일반판매,건강(암·기타질병)보험,약관
2024034458,2024-06-28,여자,30 - 39세,서울특별시,국내온라인거래,여성용내의류,청약철회
2024034452,2024-06-28,남자,50 - 59세,강원특별자치도,일반판매,대형승용자동차,AS불만
2024034454,2024-06-28,여자,40 - 49세,대구광역시,일반판매,각종쿠폰류(무료통화권포함),부당행위
2024034462,2024-06-28,여자,70 - 79세,충청북도,소셜커머스(쇼핑),영양보충용제품,표시.광고
2024034476,2024-06-28,여자,50 - 59세,경상북도,일반판매,정수기대여(렌트),계약해제.해지/위약금
2024034487,2024-06-28,여자,30 - 39세,충청북도,기타통신판매,기타가방,계약불이행(불완전이행)
2024034508,2024-06-28,남자,불명,광주광역시,국내온라인거래,기타의료용구,표시.광고
2024034509,2024-06-28,남자,60 - 64세,전라남도,일반판매,대형승용자동차,품질(물품/용역)
2024034510,2024-06-28,여자,30 - 39세,서울특별시,국내온라인거래,기타취미용품,계약불이행(불완전이행)
2024034511,2024-06-28,남자,불명,서울특별시,국내온라인거래,식사배달,계약불이행(불완전이행)
2024034514,2024-06-28,여자,30 - 39세,서울특별시,국내온라인거래,플라스틱그릇,청약철회
2024034518,2024-06-28,남자,40 - 49세,서울특별시,소셜커머스(쇼핑),샴푸,청약철회
2024034517,2024-06-28,여자,30 - 39세,경기도,국내온라인거래,각종공연관람,계약불이행(불완전이행)
2024034528,2024-06-28,남자,30 - 39세,서울특별시,일반판매,이동전화서비스,가격.요금
2024034546,2024-06-28,여자,65 - 69세,대구광역시,국내온라인거래,포장이사운송서비스,품질(물품/용역)
2024034439,2024-06-28,여자,30 - 39세,경기도,일반판매,필라테스,계약불이행(불완전이행)
2024034445,2024-06-28,여자,40 - 49세,인천광역시,국내온라인거래,블라우스,품질(물품/용역)
2024034447,2024-06-28,여자,50 - 59세,서울특별시,일반판매,상품권,계약해제.해지/위약금
2024034450,2024-06-28,남자,20 - 29세,대전광역시,소셜커머스(쇼핑),기타건강식품,계약불이행(불완전이행)
2024034497,2024-06-28,여자,40 - 49세,서울특별시,일반판매,캐주얼바지,계약해제.해지/위약금
2024034502,2024-06-28,여자,불명,부산광역시,국내온라인거래,기타신발·용품,품질(물품/용역)
2024034519,2024-06-28,남자,30 - 39세,경기도,국내온라인거래,기타간편복,계약불이행(불완전이행)
2024034523,2024-06-28,남자,30 - 39세,서울특별시,일반판매,기타인테리어설비,AS불만
2024034506,2024-06-28,여자,30 - 39세,서울특별시,국내온라인거래,기타신발·용품,계약불이행(불완전이행)
2024034512,2024-06-28,여자,20 - 29세,서울특별시,모바일거래,식사배달,부당행위
2024032450,2024-06-28,여자,30 - 39세,경기도,일반판매,양복(서양식 의복)세탁,품질(물품/용역)
2024034448,2024-06-28,남자,30 - 39세,서울특별시,일반판매,헬스장,계약해제.해지/위약금
2024034457,2024-06-28,여자,40 - 49세,서울특별시,모바일거래,전기자전거,계약불이행(불완전이행)
2024034453,2024-06-28,여자,20 - 29세,서울특별시,일반판매,신용카드,이자.수수료
2024034466,2024-06-28,남자,70 - 79세,서울특별시,전화권유판매,기타매체광고,계약해제.해지/위약금
2024034468,2024-06-28,남자,30 - 39세,강원특별자치도,일반판매,자동차수리·점검,품질(물품/용역)
2024034471,2024-06-28,남자,50 - 59세,경기도,일반판매,자동차수리·점검,품질(물품/용역)
2024034474,2024-06-28,남자,80세이상,서울특별시,방문판매,기타가정용공구,품질(물품/용역)
2024034478,2024-06-28,남자,50 - 59세,부산광역시,국제온라인거래,책상,AS불만
2024034479,2024-06-28,여자,50 - 59세,경기도,일반판매,원피스,청약철회
2024034501,2024-06-28,여자,50 - 59세,인천광역시,TV홈쇼핑,호텔,청약철회
2024034505,2024-06-28,남자,불명,경기도,국내온라인거래,식사배달,계약불이행(불완전이행)
2024034432,2024-06-28,여자,30 - 39세,부산광역시,일반판매,헬스장,계약해제.해지/위약금
2024034431,2024-06-28,남자,30 - 39세,경기도,일반판매,항공여객운송서비스,AS불만
2024034436,2024-06-28,여자,20 - 29세,서울특별시,방문판매,인터넷교육서비스,계약해제.해지/위약금
2024034437,2024-06-28,남자,30 - 39세,서울특별시,전화권유판매,일반강습(입시학원등),계약해제.해지/위약금
2024034440,2024-06-28,여자,30 - 39세,전라북도,기타,버스여객운송서비스,계약불이행(불완전이행)
2024034443,2024-06-28,여자,30 - 39세,서울특별시,일반판매,국내결혼중개,계약해제.해지/위약금
2024034459,2024-06-28,여자,30 - 39세,서울특별시,국내온라인거래,식탁,AS불만
2024034460,2024-06-28,남자,65 - 69세,울산광역시,일반판매,기타완구·인형,품질(물품/용역)
2024034463,2024-06-28,남자,30 - 39세,경기도,국내온라인거래,기타문화·오락시설이용,계약해제.해지/위약금
2024034464,2024-06-28,여자,50 - 59세,서울특별시,기타,치과,품질(물품/용역)
2024034491,2024-06-28,여자,70 - 79세,경상남도,일반판매,정형외과,안전(제품/시설)
2024034495,2024-06-28,여자,50 - 59세,대전광역시,국내온라인거래,기타스포츠·레저기구·용품,품질(물품/용역)
2024034538,2024-06-28,여자,30 - 39세,서울특별시,일반판매,종합체육시설회원권,계약해제.해지/위약금
2024034428,2024-06-28,여자,불명,서울특별시,국내온라인거래,기타조리기기·기구,품질(물품/용역)
2024034429,2024-06-28,남자,40 - 49세,서울특별시,국내온라인거래,기타자전거용품,청약철회
2024034430,2024-06-28,남자,30 - 39세,서울특별시,모바일거래,전동킥보드,가격.요금
2024034438,2024-06-28,여자,30 - 39세,서울특별시,일반판매,피부과,계약해제.해지/위약금
2024034441,2024-06-28,여자,40 - 49세,인천광역시,모바일거래,모바일게임서비스,무능력자계약
2024034442,2024-06-28,남자,30 - 39세,광주광역시,국내온라인거래,모바일게임서비스,계약불이행(불완전이행)
2024034455,2024-06-28,남자,70 - 79세,경기도,일반판매,TV,품질(물품/용역)
2024034461,2024-06-28,여자,40 - 49세,강원특별자치도,방문판매,건강(암·기타질병)보험,부당행위
2024034465,2024-06-28,여자,30 - 39세,경상북도,국내온라인거래,항공여객운송서비스,계약해제.해지/위약금
2024034467,2024-06-28,남자,20 - 29세,울산광역시,방문판매,콘도회원권,계약해제.해지/위약금
2024034469,2024-06-28,남자,50 - 59세,부산광역시,국내온라인거래,각종자격취득강습,계약해제.해지/위약금
2024034475,2024-06-28,남자,30 - 39세,서울특별시,국내온라인거래,전동킥보드,부당행위
2024034482,2024-06-28,남자,50 - 59세,서울특별시,일반판매,차량네비게이션(자동항법장치),계약불이행(불완전이행)
2024034520,2024-06-28,남자,30 - 39세,경기도,일반판매,예식서비스,계약해제.해지/위약금
2024034521,2024-06-28,남자,40 - 49세,전라북도,국내온라인거래,보조배터리,품질(물품/용역)
2024034524,2024-06-28,남자,40 - 49세,서울특별시,국내온라인거래,스마트폰,청약철회
2024034527,2024-06-28,남자,40 - 49세,경상남도,기타,정수기,품질(물품/용역)
2024034530,2024-06-28,여자,50 - 59세,경기도,일반판매,양복(서양식 의복)세탁,품질(물품/용역)
2024034533,2024-06-28,여자,50 - 59세,경상북도,일반판매,프라이팬,품질(물품/용역)
2024034499,2024-06-28,남자,40 - 49세,경기도,국내온라인거래,트레이닝기구,계약불이행(불완전이행)
2024034503,2024-06-28,남자,40 - 49세,서울특별시,방문판매,정수기대여(렌트),계약해제.해지/위약금
2024034515,2024-06-28,여자,50 - 59세,서울특별시,일반판매,운전강습,계약해제.해지/위약금
2024034516,2024-06-28,남자,70 - 79세,경기도,기타,골프회원권,계약해제.해지/위약금
2024034522,2024-06-28,여자,40 - 49세,경기도,국내온라인거래,전자레인지,청약철회
2024034526,2024-06-28,남자,40 - 49세,경기도,일반판매,남성용한복,계약해제.해지/위약금
2024034531,2024-06-28,남자,20 - 29세,서울특별시,국내온라인거래,각종공연관람,계약불이행(불완전이행)
2024034484,2024-06-28,여자,50 - 59세,경기도,국내온라인거래,냉장고,품질(물품/용역)
2024034485,2024-06-28,남자,70 - 79세,경상남도,국내온라인거래,태양열온수기,품질(물품/용역)
2024034488,2024-06-28,여자,30 - 39세,경기도,일반판매,헬스장,계약해제.해지/위약금
2024034535,2024-06-28,남자,65 - 69세,부산광역시,기타,콘도회원권,계약불이행(불완전이행)
2024034541,2024-06-28,여자,50 - 59세,경기도,국내온라인거래,"OTT서비스(넷플릭스,왓챠 등)",계약해제.해지/위약금
2024034601,2024-06-28,남자,20 - 29세,서울특별시,국내온라인거래,각종공연관람,계약불이행(불완전이행)
2024034529,2024-06-28,남자,30 - 39세,서울특별시,국내온라인거래,비디오카메라,계약불이행(불완전이행)
2024034542,2024-06-28,여자,60 - 64세,충청남도,방문판매,상조서비스,계약불이행(불완전이행)
2024034544,2024-06-28,남자,80세이상,울산광역시,모바일거래,고시원이용,계약해제.해지/위약금
2024034602,2024-06-28,남자,50 - 59세,서울특별시,국내온라인거래,모바일정보이용서비스,계약불이행(불완전이행)
2024034603,2024-06-28,여자,20 - 29세,광주광역시,모바일거래,모바일정보이용서비스,계약해제.해지/위약금
2024034604,2024-06-28,여자,30 - 39세,서울특별시,일반판매,국내결혼중개,계약해제.해지/위약금
2024034605,2024-06-28,남자,30 - 39세,서울특별시,국내온라인거래,항공여객운송서비스,계약불이행(불완전이행)
2024034606,2024-06-28,여자,40 - 49세,서울특별시,일반판매,항공여객운송서비스,계약불이행(불완전이행)
2024034607,2024-06-28,여자,20 - 29세,충청북도,기타통신판매,미용서비스,계약해제.해지/위약금
2024034608,2024-06-28,여자,40 - 49세,경기도,일반판매,국내결혼중개,계약해제.해지/위약금
2024034609,2024-06-28,여자,40 - 49세,경기도,국내온라인거래,인터넷교육서비스,부당행위
2024034610,2024-06-28,여자,50 - 59세,경기도,일반판매,가스레인지,품질(물품/용역)
2024034611,2024-06-28,여자,20 - 29세,대전광역시,방문판매,헬스장,계약해제.해지/위약금
2024034612,2024-06-28,여자,20 - 29세,인천광역시,방문판매,헬스장,계약해제.해지/위약금
2024034613,2024-06-28,남자,30 - 39세,충청북도,일반판매,헬스장,계약해제.해지/위약금
2024034614,2024-06-28,남자,20 - 29세,경기도,일반판매,부동산중개,표시.광고
2024034615,2024-06-28,여자,30 - 39세,서울특별시,국내온라인거래,각종공연관람,계약불이행(불완전이행)
2024034616,2024-06-28,여자,40 - 49세,대구광역시,일반판매,모바일정보이용서비스,부당행위
2024034617,2024-06-28,남자,30 - 39세,경기도,일반판매,기타미분류물품,품질(물품/용역)
2024034618,2024-06-28,남자,60 - 64세,경기도,일반판매,스마트폰,AS불만
2024034537,2024-06-28,남자,30 - 39세,세종특별자치시,일반판매,헬스장,계약해제.해지/위약금
2024034540,2024-06-28,여자,60 - 64세,경기도,국내온라인거래,기타과일·과일가공식품,표시.광고
2024034545,2024-06-28,남자,40 - 49세,서울특별시,일반판매,실손보험,약관
2024034619,2024-06-28,여자,30 - 39세,서울특별시,국내온라인거래,기타장류,AS불만
2024034620,2024-06-28,여자,40 - 49세,서울특별시,국내온라인거래,기타세탁서비스,계약불이행(불완전이행)
2024034621,2024-06-28,여자,40 - 49세,전라북도,국내온라인거래,기타의류·섬유,청약철회
2024034622,2024-06-28,여자,20 - 29세,서울특별시,국내온라인거래,기타숙박시설,계약해제.해지/위약금
2024034623,2024-06-28,여자,20 - 29세,인천광역시,국내온라인거래,서랍장,청약철회
2024034624,2024-06-28,남자,30 - 39세,서울특별시,일반판매,일반강습(입시학원등),계약해제.해지/위약금
2024034625,2024-06-28,여자,50 - 59세,경기도,일반판매,룸에어컨,계약불이행(불완전이행)
2024034626,2024-06-28,남자,20 - 29세,서울특별시,국내온라인거래,기타서적음반류,청약철회
2024034627,2024-06-28,남자,30 - 39세,서울특별시,기타,경비·관리서비스,계약해제.해지/위약금
2024034628,2024-06-28,남자,30 - 39세,서울특별시,국내온라인거래,항공여객운송서비스,계약불이행(불완전이행)
2024034629,2024-06-28,여자,40 - 49세,대구광역시,모바일거래,기타여행,계약해제.해지/위약금
2024034630,2024-06-28,여자,50 - 59세,서울특별시,국내온라인거래,식사배달,계약불이행(불완전이행)
2024034631,2024-06-28,여자,20 - 29세,울산광역시,일반판매,헬스장,계약해제.해지/위약금
2024034632,2024-06-28,여자,30 - 39세,대구광역시,방문판매,기타가구,청약철회
2024034633,2024-06-28,여자,30 - 39세,서울특별시,일반판매,헬스장,계약해제.해지/위약금
2024034634,2024-06-28,여자,50 - 59세,전라북도,TV홈쇼핑,보석·귀금속,청약철회
2024034635,2024-06-28,여자,20 - 29세,서울특별시,방문판매,헬스장,계약해제.해지/위약금
2024034636,2024-06-28,남자,40 - 49세,경기도,국내온라인거래,이동전화서비스,가격.요금
2024034637,2024-06-28,여자,40 - 49세,부산광역시,방문판매,정수기대여(렌트),안전(제품/시설)
2024034638,2024-06-28,여자,60 - 64세,인천광역시,모바일거래,국외여행,계약해제.해지/위약금
2024034639,2024-06-28,남자,40 - 49세,서울특별시,국내온라인거래,기타서적음반류,계약해제.해지/위약금
2024034640,2024-06-28,여자,20 - 29세,서울특별시,국내온라인거래,꽃·화초·화환,계약해제.해지/위약금
2024034641,2024-06-28,남자,50 - 59세,경상남도,국내온라인거래,골프용품,계약불이행(불완전이행)
2024034642,2024-06-28,여자,50 - 59세,광주광역시,국내온라인거래,전기진공청소기,안전(제품/시설)
2024034643,2024-06-28,여자,40 - 49세,서울특별시,국내온라인거래,호텔,청약철회
2024034644,2024-06-28,남자,30 - 39세,부산광역시,일반판매,골프회원권,계약해제.해지/위약금
2024034645,2024-06-28,여자,30 - 39세,경기도,일반판매,헬스장,계약해제.해지/위약금
2024034646,2024-06-28,여자,20 - 29세,인천광역시,국내온라인거래,통신기기케이스,품질(물품/용역)
2024034647,2024-06-28,여자,40 - 49세,부산광역시,국내온라인거래,기타의류·섬유,계약불이행(불완전이행)
2024034648,2024-06-28,여자,30 - 39세,경기도,국내온라인거래,보온병,품질(물품/용역)
2024034649,2024-06-28,남자,40 - 49세,전라남도,기타,노트북컴퓨터,품질(물품/용역)
2024034650,2024-06-28,남자,40 - 49세,서울특별시,소셜커머스(쇼핑),향수,청약철회
2024034651,2024-06-28,남자,40 - 49세,인천광역시,기타,초고속인터넷,AS불만
2024034652,2024-06-28,남자,40 - 49세,경기도,기타통신판매,각종공연관람,계약불이행(불완전이행)
2024034653,2024-06-28,남자,40 - 49세,경기도,전화권유판매,기타매체광고,계약해제.해지/위약금
2024034654,2024-06-28,여자,40 - 49세,서울특별시,일반판매,국외여행,청약철회
2024034655,2024-06-28,여자,40 - 49세,서울특별시,국내온라인거래,복숭아,청약철회
2024034656,2024-06-28,여자,40 - 49세,경기도,국내온라인거래,서랍장,계약해제.해지/위약금
2024034657,2024-06-28,여자,40 - 49세,서울특별시,국내온라인거래,기타인테리어설비,계약해제.해지/위약금
2024034658,2024-06-28,여자,30 - 39세,서울특별시,일반판매,필라테스,계약해제.해지/위약금
2024034659,2024-06-28,여자,30 - 39세,경기도,일반판매,산후조리원,계약해제.해지/위약금
2024034660,2024-06-28,여자,40 - 49세,경상북도,국내온라인거래,금속그릇,청약철회
2024034661,2024-06-28,여자,20 - 29세,경기도,일반판매,기타이·미용서비스,계약해제.해지/위약금
2024034662,2024-06-28,남자,30 - 39세,서울특별시,소셜커머스(쇼핑),기타정보이용서비스,계약불이행(불완전이행)
2024034663,2024-06-28,남자,40 - 49세,경기도,일반판매,초고속인터넷,부당행위
2024034664,2024-06-28,여자,30 - 39세,경기도,기타,기타미분류서비스,품질(물품/용역)
2024034665,2024-06-28,여자,20 - 29세,서울특별시,모바일거래,각종공연관람,계약불이행(불완전이행)
2024034666,2024-06-28,여자,40 - 49세,경기도,국내온라인거래,펜션,표시.광고
2024034667,2024-06-28,여자,30 - 39세,경기도,일반판매,필라테스,계약해제.해지/위약금
2024034668,2024-06-28,여자,20 - 29세,경상남도,국내온라인거래,각종공연관람,청약철회
2024034669,2024-06-28,남자,40 - 49세,서울특별시,방문판매,룸에어컨,품질(물품/용역)
2024034670,2024-06-28,여자,30 - 39세,서울특별시,모바일거래,가사도우미,계약불이행(불완전이행)
2024034671,2024-06-28,남자,30 - 39세,부산광역시,방문판매,화장실설비,계약불이행(불완전이행)
2024034672,2024-06-28,남자,20 - 29세,경기도,국내온라인거래,각종공연관람,계약불이행(불완전이행)
2024034673,2024-06-28,여자,20 - 29세,경기도,기타,예식서비스,계약해제.해지/위약금
2024034674,2024-06-28,여자,50 - 59세,서울특별시,모바일거래,외식,품질(물품/용역)
2024034675,2024-06-28,남자,30 - 39세,인천광역시,국내온라인거래,피부·체형관리서비스,계약불이행(불완전이행)
2024034676,2024-06-28,남자,40 - 49세,경기도,소셜커머스(쇼핑),냉동고,AS불만
2024034677,2024-06-28,남자,불명,대구광역시,국내온라인거래,선풍기,청약철회
2024034678,2024-06-28,여자,30 - 39세,경기도,기타,기타냉장·냉동기기,품질(물품/용역)
2024034679,2024-06-28,여자,20 - 29세,인천광역시,국내온라인거래,항공여객운송서비스,계약해제.해지/위약금
2024034680,2024-06-28,남자,30 - 39세,부산광역시,일반판매,기타육류·육류가공식품,안전(제품/시설)
2024034681,2024-06-28,여자,30 - 39세,서울특별시,국내온라인거래,셔츠,청약철회
2024034682,2024-06-28,여자,50 - 59세,서울특별시,국내온라인거래,기타신변용품,AS불만
2024034683,2024-06-28,여자,40 - 49세,서울특별시,국내온라인거래,이불·요,청약철회
2024034684,2024-06-28,여자,20 - 29세,서울특별시,국내온라인거래,호텔,계약해제.해지/위약금
2024034685,2024-06-28,남자,40 - 49세,경기도,소셜커머스(쇼핑),기타침대류,AS불만
2024034686,2024-06-28,여자,30 - 39세,서울특별시,일반판매,룸에어컨,품질(물품/용역)
2024034687,2024-06-28,남자,30 - 39세,경기도,국내온라인거래,선풍기,청약철회
2024034688,2024-06-28,여자,20 - 29세,대구광역시,국내온라인거래,원피스,청약철회
2024034689,2024-06-28,여자,50 - 59세,경기도,국내온라인거래,기타가사용품,품질(물품/용역)
2024034690,2024-06-28,남자,60 - 64세,경기도,기타,음식물처리기대여(렌트),계약해제.해지/위약금
2024034691,2024-06-28,여자,30 - 39세,인천광역시,일반판매,기타인테리어설비,계약해제.해지/위약금
2024034692,2024-06-28,여자,30 - 39세,경기도,기타통신판매,각종공연관람,품질(물품/용역)
2024034480,2024-06-28,여자,30 - 39세,부산광역시,국내온라인거래,숙녀화(구두·부츠 등),청약철회
2024034483,2024-06-28,여자,불명,서울특별시,국내온라인거래,식사배달,계약불이행(불완전이행)
2024034513,2024-06-28,남자,불명,경기도,기타,기타정보이용서비스,계약불이행(불완전이행)
2024034525,2024-06-28,남자,30 - 39세,경기도,기타,경비·관리서비스,계약해제.해지/위약금
2024034727,2024-06-29,남자,40 - 49세,서울특별시,국내온라인거래,여행용가방,청약철회
2024034701,2024-06-29,남자,30 - 39세,경상남도,일반판매,예식서비스,계약불이행(불완전이행)
2024034702,2024-06-29,남자,40 - 49세,경기도,국내온라인거래,정수기대여(렌트),계약불이행(불완전이행)
2024034703,2024-06-29,여자,50 - 59세,경상북도,일반판매,음식물처리기대여(렌트),품질(물품/용역)
2024034704,2024-06-29,여자,20 - 29세,대구광역시,일반판매,헬스장,계약해제.해지/위약금
2024034705,2024-06-29,남자,50 - 59세,부산광역시,국제온라인거래,기타화물운송서비스,품질(물품/용역)
2024034706,2024-06-29,남자,20 - 29세,서울특별시,기타,기타문화·오락시설이용,계약해제.해지/위약금
2024034707,2024-06-29,남자,30 - 39세,경기도,일반판매,결혼준비대행서비스,계약해제.해지/위약금
2024034708,2024-06-29,남자,20 - 29세,경기도,기타,인터넷정보이용서비스,계약해제.해지/위약금
2024034709,2024-06-29,여자,30 - 39세,인천광역시,일반판매,기타방문·통신교육서비스,계약해제.해지/위약금
2024034710,2024-06-29,남자,30 - 39세,경기도,기타통신판매,스마트폰,품질(물품/용역)
2024034711,2024-06-29,남자,40 - 49세,경기도,국내온라인거래,기타부엌소모품,품질(물품/용역)
2024034712,2024-06-29,여자,40 - 49세,경기도,일반판매,국내결혼중개,계약해제.해지/위약금
2024034713,2024-06-29,여자,30 - 39세,경기도,국내온라인거래,소파,AS불만
2024034714,2024-06-29,여자,20 - 29세,경기도,국내온라인거래,항공여객운송서비스,계약해제.해지/위약금
2024034715,2024-06-29,여자,30 - 39세,서울특별시,국내온라인거래,음식물처리기,AS불만
2024034716,2024-06-29,남자,30 - 39세,충청북도,일반판매,국내결혼중개,계약해제.해지/위약금
2024034717,2024-06-29,여자,30 - 39세,경기도,기타,피부·체형관리서비스,부당행위
2024034718,2024-06-29,여자,30 - 39세,경상남도,국내온라인거래,기타신발·용품,청약철회
2024034719,2024-06-29,남자,40 - 49세,인천광역시,국내온라인거래,이동전화서비스,계약불이행(불완전이행)
2024034720,2024-06-29,여자,30 - 39세,광주광역시,소셜커머스(쇼핑),핸드백,부당행위
2024034721,2024-06-29,남자,40 - 49세,경상북도,일반판매,시스템에어컨,AS불만
2024034722,2024-06-29,남자,30 - 39세,경기도,소셜커머스(쇼핑),기타통신기기,품질(물품/용역)
2024034723,2024-06-29,남자,40 - 49세,경기도,일반판매,침대,청약철회
2024034724,2024-06-29,여자,30 - 39세,경기도,일반판매,필라테스,계약해제.해지/위약금
2024034725,2024-06-29,남자,60 - 64세,서울특별시,일반판매,예식서비스,부당행위
2024034726,2024-06-29,여자,40 - 49세,광주광역시,일반판매,국외여행,계약불이행(불완전이행)
2024034728,2024-06-30,여자,30 - 39세,제주도,일반판매,헬스장,계약해제.해지/위약금
2024034729,2024-06-30,여자,40 - 49세,서울특별시,소셜커머스(쇼핑),기타일반화장품,계약불이행(불완전이행)
2024034730,2024-06-30,남자,30 - 39세,경기도,국내온라인거래,전자게임기구,계약불이행(불완전이행)
2024034731,2024-06-30,여자,20 - 29세,광주광역시,방문판매,헬스장,계약해제.해지/위약금
2024034732,2024-06-30,여자,10 - 19세,서울특별시,일반판매,헬스장,계약해제.해지/위약금
2024034733,2024-06-30,남자,20 - 29세,인천광역시,일반판매,헬스장,계약해제.해지/위약금
2024034734,2024-06-30,남자,50 - 59세,광주광역시,일반판매,욕실설비,단순문의.상담
2024034735,2024-06-30,여자,40 - 49세,서울특별시,일반판매,경비·관리서비스,부당채권추심
2024034736,2024-06-30,남자,60 - 64세,충청북도,방문판매,태양열온수기,계약불이행(불완전이행)
2024034737,2024-06-30,남자,50 - 59세,서울특별시,일반판매,골프용품,AS불만
2024034738,2024-06-30,여자,30 - 39세,경기도,소셜커머스(쇼핑),핸드백,청약철회
2024034739,2024-06-30,여자,20 - 29세,경기도,국내온라인거래,셔츠,품질(물품/용역)
2024034740,2024-06-30,여자,40 - 49세,서울특별시,소셜커머스(쇼핑),시스템에어컨,AS불만
2024034741,2024-06-30,남자,40 - 49세,인천광역시,일반판매,기타미분류서비스,계약불이행(불완전이행)
