사건번호,접수일(년월일),성별,연령대,지역,판매유형,물품소분류,청구이유
2023033215,2023-07-01,여자,50 - 59세,서울특별시,국내온라인거래,국내여행,계약해제.해지/위약금
2023033216,2023-07-01,여자,30 - 39세,경기도,방문판매,방문교육,계약해제.해지/위약금
2023033217,2023-07-01,남자,50 - 59세,부산광역시,TV홈쇼핑,호텔,계약해제.해지/위약금
2023033218,2023-07-01,남자,20 - 29세,경기도,소셜커머스(쇼핑),CD플레이어,계약해제.해지/위약금
2023033219,2023-07-01,여자,20 - 29세,경기도,국내온라인거래,항공여객운송서비스,청약철회
2023033220,2023-07-01,여자,20 - 29세,경기도,일반판매,선풍기,안전(제품/시설)
2023033221,2023-07-01,여자,20 - 29세,서울특별시,일반판매,외국어강습,계약해제.해지/위약금
2023033222,2023-07-01,남자,30 - 39세,경기도,일반판매,예식서비스,계약해제.해지/위약금
2023033223,2023-07-01,여자,20 - 29세,광주광역시,소셜커머스(쇼핑),책상,품질(물품/용역)
2023033224,2023-07-01,남자,40 - 49세,경기도,기타통신판매,욕실설비,AS불만
2023033225,2023-07-01,여자,20 - 29세,강원특별자치도,기타,컴퓨터수리,계약불이행(불완전이행)
2023033226,2023-07-01,여자,40 - 49세,경기도,국내온라인거래,TV,품질(물품/용역)
2023033227,2023-07-01,남자,40 - 49세,강원특별자치도,소셜커머스(쇼핑),제습기,품질(물품/용역)
2023033228,2023-07-01,여자,70 - 79세,경기도,일반판매,화장실설비,AS불만
2023033229,2023-07-01,남자,30 - 39세,경기도,방문판매,결혼준비대행서비스,계약해제.해지/위약금
2023033230,2023-07-01,남자,70 - 79세,서울특별시,기타,스마트폰,품질(물품/용역)
2023033231,2023-07-01,남자,30 - 39세,경기도,국내온라인거래,스마트폰,청약철회
2023033232,2023-07-01,여자,30 - 39세,경기도,국내온라인거래,제습기,품질(물품/용역)
2023033233,2023-07-01,남자,30 - 39세,울산광역시,일반판매,일반이사운송서비스,계약불이행(불완전이행)
2023033234,2023-07-01,남자,20 - 29세,경기도,방문판매,헬스장,계약해제.해지/위약금
2023033315,2023-07-02,여자,40 - 49세,경기도,일반판매,미용서비스,품질(물품/용역)
2023033316,2023-07-02,여자,30 - 39세,광주광역시,국내온라인거래,선풍기,안전(제품/시설)
2023033317,2023-07-02,남자,50 - 59세,경기도,일반판매,일반이사운송서비스,계약불이행(불완전이행)
2023033318,2023-07-02,남자,30 - 39세,경상남도,일반판매,정수기대여(렌트),품질(물품/용역)
2023033319,2023-07-02,여자,20 - 29세,경상남도,일반판매,헬스장,계약해제.해지/위약금
2023033320,2023-07-02,여자,50 - 59세,서울특별시,일반판매,룸에어컨,품질(물품/용역)
2023033321,2023-07-02,여자,40 - 49세,경기도,국내온라인거래,의자,품질(물품/용역)
2023033322,2023-07-02,여자,20 - 29세,서울특별시,국내온라인거래,항공여객운송서비스,청약철회
2023033323,2023-07-02,여자,30 - 39세,경기도,일반판매,헬스장,계약해제.해지/위약금
2023033325,2023-07-03,여자,20 - 29세,서울특별시,국내온라인거래,양복(서양식 의복)세탁,품질(물품/용역)
2023033326,2023-07-03,남자,65 - 69세,경상남도,일반판매,양복(서양식 의복)세탁,품질(물품/용역)
2023033327,2023-07-03,남자,65 - 69세,경상남도,일반판매,양복(서양식 의복)세탁,품질(물품/용역)
2023033328,2023-07-03,남자,30 - 39세,경기도,일반판매,이불·요,품질(물품/용역)
2023033329,2023-07-03,남자,30 - 39세,경기도,일반판매,예식서비스,계약해제.해지/위약금
2023033330,2023-07-03,여자,30 - 39세,경기도,국내온라인거래,기타의류·섬유,청약철회
2023033331,2023-07-03,여자,65 - 69세,경기도,기타통신판매,기타보건·위생용품,청약철회
2023033332,2023-07-03,남자,불명,경기도,일반판매,신사복세트,품질(물품/용역)
2023033333,2023-07-03,남자,20 - 29세,충청남도,소셜커머스(쇼핑),기타숙박시설,청약철회
2023033334,2023-07-03,여자,불명,대구광역시,일반판매,점퍼·재킷류,품질(물품/용역)
2023033335,2023-07-03,남자,30 - 39세,경상북도,소셜커머스(쇼핑),블루투스스피커,청약철회
2023033336,2023-07-03,남자,20 - 29세,서울특별시,국내온라인거래,기타서적음반류,계약해제.해지/위약금
2023033337,2023-07-03,여자,60 - 64세,서울특별시,방문판매,상조서비스,계약해제.해지/위약금
2023033338,2023-07-03,여자,30 - 39세,서울특별시,일반판매,변호서비스,계약해제.해지/위약금
2023033339,2023-07-03,남자,30 - 39세,서울특별시,국내온라인거래,헤어드라이어,AS불만
2023033340,2023-07-03,여자,30 - 39세,서울특별시,일반판매,헬스장,계약해제.해지/위약금
2023033341,2023-07-03,여자,65 - 69세,대전광역시,일반판매,기타가방,품질(물품/용역)
2023033342,2023-07-03,여자,20 - 29세,부산광역시,방문판매,예식서비스,계약해제.해지/위약금
2023033343,2023-07-03,여자,50 - 59세,경기도,모바일거래,기타미분류서비스,계약해제.해지/위약금
2023033344,2023-07-03,남자,50 - 59세,경기도,일반판매,실손보험,계약불이행(불완전이행)
2023033346,2023-07-03,남자,30 - 39세,경기도,국내온라인거래,양복(서양식 의복)세탁,품질(물품/용역)
2023033347,2023-07-03,남자,30 - 39세,경기도,기타,인터넷정보이용서비스,계약불이행(불완전이행)
2023033348,2023-07-03,남자,30 - 39세,경기도,국내온라인거래,양복(서양식 의복)세탁,품질(물품/용역)
2023033350,2023-07-03,여자,불명,경기도,일반판매,양복(서양식 의복)세탁,품질(물품/용역)
2023033351,2023-07-03,남자,불명,경기도,일반판매,양복(서양식 의복)세탁,품질(물품/용역)
2023033352,2023-07-03,여자,20 - 29세,서울특별시,전화권유판매,상조서비스,계약해제.해지/위약금
2023033353,2023-07-03,여자,40 - 49세,서울특별시,모바일거래,기타의류·섬유,품질(물품/용역)
2023033354,2023-07-03,여자,불명,대전광역시,일반판매,블라우스,품질(물품/용역)
2023033355,2023-07-03,여자,20 - 29세,경상남도,일반판매,헬스장,계약해제.해지/위약금
2023033356,2023-07-03,남자,30 - 39세,인천광역시,일반판매,양복(서양식 의복)세탁,품질(물품/용역)
2023033358,2023-07-03,여자,60 - 64세,서울특별시,전화권유판매,유사투자자문,계약불이행(불완전이행)
2023033359,2023-07-03,남자,60 - 64세,서울특별시,일반판매,티셔츠,품질(물품/용역)
2023033360,2023-07-03,여자,50 - 59세,경기도,일반판매,성형외과,계약해제.해지/위약금
2023033361,2023-07-03,남자,70 - 79세,경기도,일반판매,치과,계약해제.해지/위약금
2023033362,2023-07-03,남자,70 - 79세,경기도,일반판매,이비인후과,계약해제.해지/위약금
2023033363,2023-07-03,여자,20 - 29세,서울특별시,일반판매,필라테스,계약해제.해지/위약금
2023033364,2023-07-03,남자,30 - 39세,서울특별시,일반판매,헬스장,계약해제.해지/위약금
2023033365,2023-07-03,여자,20 - 29세,충청남도,국내온라인거래,기타숙박시설,계약해제.해지/위약금
2023033366,2023-07-03,남자,40 - 49세,경기도,일반판매,항공여객운송서비스,계약불이행(불완전이행)
2023033367,2023-07-03,여자,40 - 49세,경상남도,일반판매,양복(서양식 의복)세탁,품질(물품/용역)
2023033368,2023-07-03,남자,50 - 59세,경기도,기타,이동전화서비스,계약해제.해지/위약금
2023033369,2023-07-03,남자,40 - 49세,충청남도,일반판매,국내결혼중개,계약해제.해지/위약금
2023033370,2023-07-03,여자,50 - 59세,경기도,기타,피부과,품질(물품/용역)
2023033371,2023-07-03,남자,30 - 39세,강원특별자치도,국내온라인거래,기타미분류서비스,계약불이행(불완전이행)
2023033373,2023-07-03,남자,80세이상,인천광역시,방문판매,전기장판,청약철회
2023033374,2023-07-03,여자,40 - 49세,부산광역시,국내온라인거래,기타신발·용품,계약불이행(불완전이행)
2023033375,2023-07-03,여자,40 - 49세,인천광역시,일반판매,피부과,계약해제.해지/위약금
2023033376,2023-07-03,여자,불명,부산광역시,일반판매,캐주얼바지,품질(물품/용역)
2023033377,2023-07-03,여자,70 - 79세,경기도,일반판매,치과,가격.요금
2023033378,2023-07-03,남자,50 - 59세,경상남도,기타통신판매,저축성보험,계약불이행(불완전이행)
2023033379,2023-07-03,여자,20 - 29세,경상남도,국내온라인거래,각종자격취득강습,청약철회
2023033380,2023-07-03,남자,40 - 49세,서울특별시,기타,스포츠시설이용,계약해제.해지/위약금
2023033381,2023-07-03,여자,30 - 39세,대구광역시,모바일거래,원피스,청약철회
2023033382,2023-07-03,여자,30 - 39세,경기도,기타,경비·관리서비스,계약해제.해지/위약금
2023033383,2023-07-03,남자,20 - 29세,광주광역시,방문판매,고시원이용,계약해제.해지/위약금
2023033384,2023-07-03,남자,40 - 49세,충청남도,국내온라인거래,도어록,품질(물품/용역)
2023033385,2023-07-03,여자,30 - 39세,부산광역시,일반판매,헬스장,계약해제.해지/위약금
2023033386,2023-07-03,여자,30 - 39세,대전광역시,기타,CCTV,계약해제.해지/위약금
2023033387,2023-07-03,남자,50 - 59세,서울특별시,일반판매,호텔,약관
2023033388,2023-07-03,여자,20 - 29세,경상남도,국제온라인거래,카메라부품·용품,계약불이행(불완전이행)
2023033389,2023-07-03,여자,40 - 49세,경기도,일반판매,보청기,품질(물품/용역)
2023033390,2023-07-03,여자,30 - 39세,서울특별시,국내온라인거래,인터넷교육서비스,계약불이행(불완전이행)
2023033391,2023-07-03,남자,50 - 59세,세종특별자치시,국내온라인거래,모바일정보이용서비스,청약철회
2023033392,2023-07-03,여자,30 - 39세,인천광역시,국내온라인거래,항공여객운송서비스,계약불이행(불완전이행)
2023033393,2023-07-03,여자,40 - 49세,경기도,국내온라인거래,기타신발·용품,AS불만
2023033394,2023-07-03,여자,30 - 39세,서울특별시,일반판매,헬스장,계약해제.해지/위약금
2023033395,2023-07-03,여자,30 - 39세,충청남도,일반판매,피부·체형관리서비스,계약해제.해지/위약금
2023033396,2023-07-03,여자,30 - 39세,경상북도,일반판매,헬스장,계약해제.해지/위약금
2023033397,2023-07-03,남자,50 - 59세,서울특별시,국내온라인거래,소파,AS불만
2023033398,2023-07-03,여자,20 - 29세,서울특별시,일반판매,침대·매트리스대여(렌트),품질(물품/용역)
2023033399,2023-07-03,남자,50 - 59세,서울특별시,TV홈쇼핑,소파,품질(물품/용역)
2023033400,2023-07-03,남자,60 - 64세,대구광역시,소셜커머스(쇼핑),어항,품질(물품/용역)
2023033401,2023-07-03,남자,40 - 49세,경기도,국제온라인거래,인터넷정보이용서비스,계약해제.해지/위약금
2023033402,2023-07-03,여자,30 - 39세,충청남도,방문판매,학습지,계약해제.해지/위약금
2023033403,2023-07-03,여자,20 - 29세,강원특별자치도,기타,예식서비스,청약철회
2023033404,2023-07-03,여자,30 - 39세,경기도,기타,택배화물운송서비스,계약불이행(불완전이행)
2023033405,2023-07-03,여자,30 - 39세,서울특별시,국내온라인거래,샌들·슬리퍼,청약철회
2023033406,2023-07-03,남자,30 - 39세,서울특별시,일반판매,예식서비스,품질(물품/용역)
2023033407,2023-07-03,남자,30 - 39세,경기도,국내온라인거래,항공여객운송서비스,계약해제.해지/위약금
2023033408,2023-07-03,여자,20 - 29세,서울특별시,모바일거래,기타숙박시설,청약철회
2023033409,2023-07-03,남자,30 - 39세,경기도,국내온라인거래,인터넷게임서비스,청약철회
2023033410,2023-07-03,남자,40 - 49세,서울특별시,TV홈쇼핑,룸에어컨,품질(물품/용역)
2023033411,2023-07-03,여자,40 - 49세,부산광역시,방문판매,스포츠시설이용,계약해제.해지/위약금
2023033412,2023-07-03,남자,20 - 29세,경기도,국내온라인거래,샌들·슬리퍼,청약철회
2023033414,2023-07-03,여자,40 - 49세,인천광역시,모바일거래,캐주얼바지,계약불이행(불완전이행)
2023033415,2023-07-03,여자,60 - 64세,경기도,기타,포장이사운송서비스,품질(물품/용역)
2023033416,2023-07-03,여자,20 - 29세,경기도,국내온라인거래,기타간편복,청약철회
2023033417,2023-07-03,여자,40 - 49세,경상남도,국내온라인거래,책상,청약철회
2023033418,2023-07-03,여자,30 - 39세,경기도,국내온라인거래,프린터,청약철회
2023033419,2023-07-03,여자,30 - 39세,경기도,일반판매,헬스장,계약해제.해지/위약금
2023033420,2023-07-03,남자,50 - 59세,인천광역시,국내온라인거래,전기충전기,품질(물품/용역)
2023033421,2023-07-03,남자,50 - 59세,경상북도,소셜커머스(쇼핑),인덕션레인지,품질(물품/용역)
2023033422,2023-07-03,남자,50 - 59세,경기도,국내온라인거래,스마트폰,AS불만
2023033423,2023-07-03,남자,30 - 39세,경기도,일반판매,스포츠시설이용,계약해제.해지/위약금
2023033424,2023-07-03,남자,60 - 64세,경기도,국내온라인거래,홍삼제품,품질(물품/용역)
2023033425,2023-07-03,여자,40 - 49세,경기도,기타,건물청소서비스,부당행위
2023033426,2023-07-03,남자,50 - 59세,부산광역시,일반판매,선박화물운송서비스,가격.요금
2023033427,2023-07-03,남자,30 - 39세,경기도,일반판매,골프회원권,계약해제.해지/위약금
2023033428,2023-07-03,여자,40 - 49세,경상남도,모바일거래,기타정보이용서비스,계약해제.해지/위약금
2023033429,2023-07-03,여자,50 - 59세,경기도,일반판매,건물청소서비스,품질(물품/용역)
2023033430,2023-07-03,남자,30 - 39세,경기도,국내온라인거래,항공여객운송서비스,계약불이행(불완전이행)
2023033431,2023-07-03,남자,30 - 39세,광주광역시,국내온라인거래,스프링매트리스,표시.광고
2023033432,2023-07-03,남자,40 - 49세,경기도,일반판매,포장이사운송서비스,AS불만
2023033433,2023-07-03,여자,40 - 49세,서울특별시,기타,피부·체형관리서비스,계약불이행(불완전이행)
2023033434,2023-07-03,여자,40 - 49세,경기도,소셜커머스(쇼핑),기타공조·냉난방기기,계약불이행(불완전이행)
2023033435,2023-07-03,여자,30 - 39세,인천광역시,모바일거래,기타가사서비스,품질(물품/용역)
2023033436,2023-07-03,남자,30 - 39세,서울특별시,기타,노트북컴퓨터,계약불이행(불완전이행)
2023033437,2023-07-03,여자,30 - 39세,경기도,일반판매,요가,계약해제.해지/위약금
2023033438,2023-07-03,남자,30 - 39세,대구광역시,모바일거래,룸에어컨,청약철회
2023033439,2023-07-03,남자,40 - 49세,부산광역시,국내온라인거래,티셔츠,품질(물품/용역)
2023033440,2023-07-03,남자,50 - 59세,부산광역시,국내온라인거래,정수기,품질(물품/용역)
2023033441,2023-07-03,남자,30 - 39세,경기도,일반판매,아파트,계약해제.해지/위약금
2023033442,2023-07-03,여자,50 - 59세,울산광역시,소셜커머스(쇼핑),기타농업용기계,청약철회
2023033443,2023-07-03,여자,50 - 59세,경기도,소셜커머스(쇼핑),소금,계약불이행(불완전이행)
2023033444,2023-07-03,남자,40 - 49세,서울특별시,일반판매,헬스장,계약해제.해지/위약금
2023033445,2023-07-03,남자,20 - 29세,경상남도,방문판매,헬스장,부당행위
2023033446,2023-07-03,여자,20 - 29세,서울특별시,국내온라인거래,기타의류·섬유,청약철회
2023033447,2023-07-03,여자,40 - 49세,제주도,일반판매,옷장,품질(물품/용역)
2023033448,2023-07-03,여자,30 - 39세,서울특별시,일반판매,기타이·미용서비스,계약해제.해지/위약금
2023033449,2023-07-03,여자,40 - 49세,경기도,국내온라인거래,기타의자류,안전(제품/시설)
2023033450,2023-07-03,남자,30 - 39세,서울특별시,방문판매,헬스장,계약해제.해지/위약금
2023033451,2023-07-03,여자,40 - 49세,서울특별시,전화권유판매,경비·관리서비스,계약해제.해지/위약금
2023033452,2023-07-03,여자,40 - 49세,대구광역시,국제온라인거래,항공여객운송서비스,계약불이행(불완전이행)
2023033453,2023-07-03,여자,20 - 29세,충청남도,일반판매,전기고데기,품질(물품/용역)
2023033454,2023-07-03,남자,70 - 79세,전라북도,일반판매,소파,품질(물품/용역)
2023033455,2023-07-03,남자,30 - 39세,서울특별시,국내온라인거래,양복(서양식 의복)세탁,AS불만
2023033456,2023-07-03,남자,40 - 49세,서울특별시,모바일거래,기타숙박시설,계약해제.해지/위약금
2023033457,2023-07-03,남자,60 - 64세,부산광역시,기타,기타인테리어설비,AS불만
2023033458,2023-07-03,남자,50 - 59세,서울특별시,기타,호텔,계약해제.해지/위약금
2023033459,2023-07-03,여자,40 - 49세,충청북도,국내온라인거래,전기장판,안전(제품/시설)
2023033460,2023-07-03,남자,50 - 59세,서울특별시,국내온라인거래,안마의자,품질(물품/용역)
2023033461,2023-07-03,남자,20 - 29세,경기도,방문판매,헬스장,계약해제.해지/위약금
2023033462,2023-07-03,여자,50 - 59세,대전광역시,일반판매,필라테스,계약불이행(불완전이행)
2023033463,2023-07-03,남자,30 - 39세,경상북도,모바일거래,택시여객운송서비스,부당행위
2023033464,2023-07-03,여자,80세이상,서울특별시,일반판매,이동전화서비스,계약해제.해지/위약금
2023033465,2023-07-03,남자,40 - 49세,대구광역시,전화권유판매,룸에어컨,계약해제.해지/위약금
2023033466,2023-07-03,여자,40 - 49세,서울특별시,방문판매,공기청정기대여(렌트),계약해제.해지/위약금
2023033467,2023-07-03,여자,40 - 49세,서울특별시,일반판매,헬스장,계약해제.해지/위약금
2023033468,2023-07-03,여자,30 - 39세,서울특별시,모바일거래,헬스장,계약해제.해지/위약금
2023033469,2023-07-03,남자,40 - 49세,서울특별시,기타,가스에어컨,AS불만
2023033470,2023-07-03,남자,30 - 39세,서울특별시,기타,택배화물운송서비스,품질(물품/용역)
2023033471,2023-07-03,여자,30 - 39세,경기도,일반판매,결혼준비대행서비스,계약해제.해지/위약금
2023033472,2023-07-03,여자,20 - 29세,부산광역시,일반판매,수영장회원권,부당행위
2023033473,2023-07-03,여자,30 - 39세,서울특별시,일반판매,헬스장,계약해제.해지/위약금
2023033474,2023-07-03,여자,30 - 39세,경상북도,국내온라인거래,기타간편복,청약철회
2023033475,2023-07-03,남자,20 - 29세,전라남도,일반판매,헬스장,계약해제.해지/위약금
2023033476,2023-07-03,여자,30 - 39세,전라북도,국내온라인거래,운동화,계약불이행(불완전이행)
2023033477,2023-07-03,여자,20 - 29세,인천광역시,기타,보청기,품질(물품/용역)
2023033478,2023-07-03,남자,50 - 59세,경기도,국내온라인거래,항공여객운송서비스,표시.광고
2023033479,2023-07-03,여자,50 - 59세,강원특별자치도,일반판매,일반강습(입시학원등),계약해제.해지/위약금
2023033480,2023-07-03,여자,30 - 39세,부산광역시,일반판매,기타신발·용품,품질(물품/용역)
2023033481,2023-07-03,여자,10 - 19세,인천광역시,국내온라인거래,스프링매트리스,청약철회
2023033482,2023-07-03,여자,40 - 49세,경기도,국내온라인거래,기타가구,계약불이행(불완전이행)
2023033483,2023-07-03,남자,20 - 29세,경기도,일반판매,헬스장,계약해제.해지/위약금
2023033484,2023-07-03,남자,40 - 49세,경기도,국내온라인거래,기타인테리어설비,품질(물품/용역)
2023033485,2023-07-03,여자,30 - 39세,서울특별시,일반판매,결혼준비대행서비스,계약해제.해지/위약금
2023033486,2023-07-03,여자,30 - 39세,서울특별시,방문판매,피부·체형관리서비스,계약해제.해지/위약금
2023033487,2023-07-03,여자,20 - 29세,경기도,국내온라인거래,일반강습(입시학원등),계약해제.해지/위약금
2023033488,2023-07-03,남자,20 - 29세,경기도,모바일거래,모바일게임서비스,품질(물품/용역)
2023033489,2023-07-04,남자,30 - 39세,대전광역시,일반판매,오토바이,품질(물품/용역)
2023033490,2023-07-04,남자,50 - 59세,광주광역시,일반판매,자동차주차장,부당행위
2023033491,2023-07-04,여자,30 - 39세,강원특별자치도,일반판매,전기자동차,AS불만
2023033492,2023-07-04,여자,20 - 29세,서울특별시,모바일거래,헤드폰·이어폰,청약철회
2023033493,2023-07-04,여자,30 - 39세,부산광역시,일반판매,숙녀화(구두·부츠 등),품질(물품/용역)
2023033494,2023-07-04,남자,50 - 59세,대전광역시,일반판매,신사화(구두·부츠 등),품질(물품/용역)
2023033495,2023-07-04,여자,50 - 59세,경기도,국내온라인거래,운동화,품질(물품/용역)
2023033496,2023-07-04,여자,30 - 39세,인천광역시,일반판매,운동화,품질(물품/용역)
2023033497,2023-07-04,여자,50 - 59세,경기도,국내온라인거래,룸에어컨,품질(물품/용역)
2023033498,2023-07-04,남자,50 - 59세,대구광역시,일반판매,운동화,품질(물품/용역)
2023033499,2023-07-04,여자,40 - 49세,서울특별시,일반판매,생활패션화(슬립온·아쿠아슈즈·장화·작업화 등),품질(물품/용역)
2023033500,2023-07-04,여자,30 - 39세,경상남도,국내온라인거래,전문스포츠화(축구화·골프화 등),품질(물품/용역)
2023033501,2023-07-04,여자,40 - 49세,서울특별시,일반판매,생활패션화(슬립온·아쿠아슈즈·장화·작업화 등),품질(물품/용역)
2023033502,2023-07-04,남자,40 - 49세,대구광역시,국내온라인거래,운동화,품질(물품/용역)
2023033503,2023-07-04,여자,30 - 39세,부산광역시,일반판매,운동화,품질(물품/용역)
2023033504,2023-07-04,여자,30 - 39세,경기도,국내온라인거래,샌들·슬리퍼,품질(물품/용역)
2023033505,2023-07-04,남자,60 - 64세,서울특별시,일반판매,신사화(구두·부츠 등),품질(물품/용역)
2023033506,2023-07-04,여자,40 - 49세,부산광역시,일반판매,운동화,품질(물품/용역)
2023033507,2023-07-04,여자,40 - 49세,경기도,국내온라인거래,샌들·슬리퍼,품질(물품/용역)
2023033508,2023-07-04,여자,40 - 49세,서울특별시,국내온라인거래,기타인테리어설비,계약불이행(불완전이행)
2023033509,2023-07-04,여자,40 - 49세,전라남도,일반판매,이동전화서비스,계약불이행(불완전이행)
2023033510,2023-07-04,여자,40 - 49세,울산광역시,전화권유판매,인터넷교육서비스,계약해제.해지/위약금
2023033511,2023-07-04,여자,40 - 49세,전라북도,일반판매,샌들·슬리퍼,품질(물품/용역)
2023033512,2023-07-04,남자,50 - 59세,서울특별시,일반판매,운동화,품질(물품/용역)
2023033513,2023-07-04,여자,20 - 29세,서울특별시,일반판매,신발세탁,계약불이행(불완전이행)
2023033514,2023-07-04,남자,30 - 39세,서울특별시,일반판매,샌들·슬리퍼,품질(물품/용역)
2023033515,2023-07-04,여자,50 - 59세,대구광역시,국내온라인거래,운동화,품질(물품/용역)
2023033516,2023-07-04,남자,40 - 49세,경기도,국내온라인거래,운동화,품질(물품/용역)
2023033517,2023-07-04,남자,60 - 64세,서울특별시,일반판매,신사화(구두·부츠 등),품질(물품/용역)
2023033518,2023-07-04,여자,70 - 79세,부산광역시,모바일거래,여자용내의류,품질(물품/용역)
2023033519,2023-07-04,남자,20 - 29세,부산광역시,일반판매,스마트폰,AS불만
2023033520,2023-07-04,여자,30 - 39세,경기도,국내온라인거래,헤드폰·이어폰,계약불이행(불완전이행)
2023033521,2023-07-04,남자,50 - 59세,경기도,국내온라인거래,기타육류·육류가공식품,계약불이행(불완전이행)
2023033522,2023-07-04,남자,60 - 64세,부산광역시,일반판매,유사투자자문,계약해제.해지/위약금
2023033523,2023-07-04,남자,20 - 29세,충청남도,일반판매,종합체육시설회원권,계약해제.해지/위약금
2023033525,2023-07-04,여자,30 - 39세,서울특별시,일반판매,포장이사운송서비스,계약불이행(불완전이행)
2023033526,2023-07-04,여자,30 - 39세,경기도,일반판매,피부과,계약불이행(불완전이행)
2023033527,2023-07-04,여자,50 - 59세,서울특별시,일반판매,외식,안전(제품/시설)
2023033528,2023-07-04,남자,30 - 39세,전라남도,국내온라인거래,기타책상·테이블류,계약불이행(불완전이행)
2023033529,2023-07-04,여자,40 - 49세,경기도,일반판매,자동차대여(렌트),계약해제.해지/위약금
2023033530,2023-07-04,남자,20 - 29세,경기도,국내온라인거래,샌들·슬리퍼,청약철회
2023033531,2023-07-04,남자,30 - 39세,경기도,일반판매,건물청소서비스,품질(물품/용역)
2023033532,2023-07-04,남자,65 - 69세,경기도,국내온라인거래,냉장고,품질(물품/용역)
2023033533,2023-07-04,남자,50 - 59세,경기도,국내온라인거래,시계,계약불이행(불완전이행)
2023033534,2023-07-04,여자,50 - 59세,서울특별시,일반판매,기타가방,품질(물품/용역)
2023033535,2023-07-04,남자,40 - 49세,서울특별시,방문판매,정수기대여(렌트),품질(물품/용역)
2023033537,2023-07-04,여자,30 - 39세,대전광역시,일반판매,인터넷정보이용서비스,계약불이행(불완전이행)
2023033539,2023-07-04,남자,40 - 49세,경상북도,모바일거래,모바일게임서비스,청약철회
2023033540,2023-07-04,여자,50 - 59세,부산광역시,일반판매,기타조리기기·기구,품질(물품/용역)
2023033541,2023-07-04,남자,60 - 64세,충청남도,소셜커머스(쇼핑),기타의류·섬유,품질(물품/용역)
2023033542,2023-07-04,여자,20 - 29세,대전광역시,국내온라인거래,국외여행,부당행위
2023033543,2023-07-04,여자,20 - 29세,경기도,기타,포장이사운송서비스,계약불이행(불완전이행)
2023033544,2023-07-04,남자,65 - 69세,경기도,일반판매,상해보험,약관
2023033546,2023-07-04,여자,20 - 29세,경기도,일반판매,필라테스,계약해제.해지/위약금
2023033547,2023-07-04,여자,40 - 49세,경기도,소셜커머스(쇼핑),인터넷정보이용서비스,계약해제.해지/위약금
2023033548,2023-07-04,남자,40 - 49세,부산광역시,국내온라인거래,항공여객운송서비스,계약불이행(불완전이행)
2023033549,2023-07-04,여자,40 - 49세,경기도,일반판매,양복(서양식 의복)세탁,품질(물품/용역)
2023033550,2023-07-04,여자,40 - 49세,경기도,일반판매,양복(서양식 의복)세탁,품질(물품/용역)
2023033551,2023-07-04,여자,40 - 49세,경기도,국내온라인거래,양복(서양식 의복)세탁,품질(물품/용역)
2023033552,2023-07-04,남자,30 - 39세,대구광역시,모바일거래,모바일게임서비스,청약철회
2023033553,2023-07-04,여자,30 - 39세,경상남도,국내온라인거래,생활패션화(슬립온·아쿠아슈즈·장화·작업화 등),계약불이행(불완전이행)
2023033554,2023-07-04,남자,40 - 49세,경기도,국내온라인거래,기타자전거용품,품질(물품/용역)
2023033555,2023-07-04,여자,40 - 49세,경기도,일반판매,양복(서양식 의복)세탁,품질(물품/용역)
2023033556,2023-07-04,여자,40 - 49세,경기도,국내온라인거래,양복(서양식 의복)세탁,품질(물품/용역)
2023033557,2023-07-04,여자,30 - 39세,서울특별시,기타통신판매,여자용내의류,계약불이행(불완전이행)
2023033558,2023-07-04,여자,30 - 39세,인천광역시,일반판매,피부과,계약해제.해지/위약금
2023033559,2023-07-04,남자,70 - 79세,서울특별시,TV홈쇼핑,음식물처리기대여(렌트),계약불이행(불완전이행)
2023033560,2023-07-04,여자,30 - 39세,서울특별시,기타통신판매,기타신발·용품,품질(물품/용역)
2023033561,2023-07-04,여자,40 - 49세,서울특별시,국내온라인거래,프린터,품질(물품/용역)
2023033562,2023-07-04,여자,30 - 39세,경기도,모바일거래,신유형상품권,청약철회
2023033563,2023-07-04,남자,30 - 39세,경기도,국내온라인거래,신유형상품권,계약불이행(불완전이행)
2023033564,2023-07-04,여자,50 - 59세,서울특별시,국내온라인거래,지갑,품질(물품/용역)
2023033565,2023-07-04,여자,50 - 59세,인천광역시,일반판매,골프회원권,계약해제.해지/위약금
2023033566,2023-07-04,남자,60 - 64세,인천광역시,일반판매,택배화물운송서비스,품질(물품/용역)
2023033567,2023-07-04,여자,60 - 64세,서울특별시,TV홈쇼핑,선탠·선스크린화장품,표시.광고
2023033568,2023-07-04,여자,20 - 29세,서울특별시,국내온라인거래,기타문화·오락시설이용,청약철회
2023033569,2023-07-04,여자,40 - 49세,충청남도,국내온라인거래,다이어트식품,품질(물품/용역)
2023033570,2023-07-04,남자,30 - 39세,서울특별시,일반판매,양복(서양식 의복)세탁,품질(물품/용역)
2023033572,2023-07-04,여자,30 - 39세,경기도,일반판매,건강(암·기타질병)보험,품질(물품/용역)
2023033573,2023-07-04,남자,30 - 39세,제주도,일반판매,건강(암·기타질병)보험,약관
2023033574,2023-07-04,남자,50 - 59세,세종특별자치시,일반판매,건강(암·기타질병)보험,약관
2023033575,2023-07-04,여자,20 - 29세,경기도,방문판매,헬스장,계약해제.해지/위약금
2023033576,2023-07-04,여자,50 - 59세,서울특별시,국내온라인거래,정수기,품질(물품/용역)
2023033577,2023-07-04,여자,50 - 59세,서울특별시,일반판매,상조서비스,부당행위
2023033578,2023-07-04,남자,50 - 59세,경기도,기타통신판매,안마의자대여(렌트),계약불이행(불완전이행)
2023033579,2023-07-04,여자,20 - 29세,경기도,일반판매,신발세탁,품질(물품/용역)
2023033580,2023-07-04,여자,70 - 79세,전라남도,일반판매,공제보험,약관
2023033581,2023-07-04,여자,70 - 79세,전라남도,일반판매,건강(암·기타질병)보험,약관
2023033582,2023-07-04,여자,불명,서울특별시,일반판매,지갑,품질(물품/용역)
2023033583,2023-07-04,남자,60 - 64세,울산광역시,일반판매,실손보험,약관
2023033584,2023-07-04,여자,30 - 39세,대전광역시,일반판매,항공여객운송서비스,계약불이행(불완전이행)
2023033585,2023-07-04,남자,30 - 39세,경기도,일반판매,상해보험,약관
2023033586,2023-07-04,남자,40 - 49세,부산광역시,일반판매,기타가방,품질(물품/용역)
2023033587,2023-07-04,남자,60 - 64세,경상남도,일반판매,중고자동차중개·매매,이자.수수료
2023033588,2023-07-04,남자,40 - 49세,전라북도,일반판매,운동화,품질(물품/용역)
2023033590,2023-07-04,남자,30 - 39세,서울특별시,모바일거래,여관(모텔),계약해제.해지/위약금
2023033591,2023-07-04,여자,20 - 29세,경기도,일반판매,필라테스,계약해제.해지/위약금
2023033592,2023-07-04,여자,20 - 29세,서울특별시,국내온라인거래,니트(스웨터),계약불이행(불완전이행)
2023033593,2023-07-04,여자,30 - 39세,대구광역시,일반판매,스마트폰,AS불만
2023033594,2023-07-04,여자,65 - 69세,경상북도,일반판매,점퍼·재킷류,품질(물품/용역)
2023033595,2023-07-04,남자,40 - 49세,충청남도,국내온라인거래,기타자동차용품,표시.광고
2023033596,2023-07-04,여자,40 - 49세,경기도,일반판매,변호서비스,계약해제.해지/위약금
2023033597,2023-07-04,남자,50 - 59세,대구광역시,국내온라인거래,기타과일·과일가공식품,청약철회
2023033598,2023-07-04,남자,30 - 39세,서울특별시,기타,신유형상품권,약관
2023033599,2023-07-04,남자,30 - 39세,경기도,모바일거래,카셰어링,부당행위
2023033600,2023-07-04,여자,30 - 39세,경기도,기타,필라테스,계약해제.해지/위약금
2023033601,2023-07-04,남자,30 - 39세,서울특별시,일반판매,운동화,품질(물품/용역)
2023033602,2023-07-04,여자,30 - 39세,경기도,일반판매,미용서비스,품질(물품/용역)
2023033603,2023-07-04,남자,40 - 49세,서울특별시,소셜커머스(쇼핑),신유형상품권,청약철회
2023033604,2023-07-04,여자,40 - 49세,인천광역시,방문판매,인터넷교육서비스,계약해제.해지/위약금
2023033605,2023-07-04,여자,불명,경기도,일반판매,이불·요,품질(물품/용역)
2023033606,2023-07-04,여자,20 - 29세,광주광역시,기타통신판매,인터넷정보이용서비스,계약해제.해지/위약금
2023033607,2023-07-04,남자,70 - 79세,대전광역시,일반판매,태블릿PC,AS불만
2023033608,2023-07-04,남자,40 - 49세,대구광역시,일반판매,자동차대여(렌트),계약해제.해지/위약금
2023033609,2023-07-04,남자,40 - 49세,인천광역시,모바일거래,카셰어링,계약불이행(불완전이행)
2023033610,2023-07-04,여자,불명,경기도,일반판매,캐주얼바지,품질(물품/용역)
2023033611,2023-07-04,남자,50 - 59세,경기도,전화권유판매,인터넷정보이용서비스,계약해제.해지/위약금
2023033612,2023-07-04,여자,30 - 39세,경기도,국내온라인거래,일반자전거,품질(물품/용역)
2023033613,2023-07-04,남자,80세이상,전라북도,전화권유판매,모바일정보이용서비스,계약불이행(불완전이행)
2023033614,2023-07-04,남자,20 - 29세,경기도,일반판매,중고자동차중개·매매,표시.광고
2023033617,2023-07-04,여자,40 - 49세,경기도,일반판매,양복(서양식 의복)세탁,품질(물품/용역)
2023033618,2023-07-04,여자,40 - 49세,경기도,일반판매,양복(서양식 의복)세탁,품질(물품/용역)
2023033619,2023-07-04,남자,50 - 59세,경상북도,일반판매,운동화,품질(물품/용역)
2023033620,2023-07-04,남자,40 - 49세,인천광역시,일반판매,양복(서양식 의복)세탁,품질(물품/용역)
2023033622,2023-07-04,남자,30 - 39세,서울특별시,일반판매,호텔,부당행위
2023033623,2023-07-04,남자,40 - 49세,인천광역시,일반판매,양복(서양식 의복)세탁,품질(물품/용역)
2023033624,2023-07-04,남자,40 - 49세,경기도,일반판매,TV,품질(물품/용역)
2023033625,2023-07-04,여자,60 - 64세,서울특별시,기타,소파,AS불만
2023033626,2023-07-04,남자,50 - 59세,충청북도,국내온라인거래,기타세탁서비스,품질(물품/용역)
2023033627,2023-07-04,남자,65 - 69세,경기도,방문판매,기타옥외장비·설비,계약해제.해지/위약금
2023033628,2023-07-04,여자,40 - 49세,충청북도,기타통신판매,상조서비스,계약해제.해지/위약금
2023033629,2023-07-04,여자,30 - 39세,경기도,국내온라인거래,기타세탁서비스,품질(물품/용역)
2023033631,2023-07-04,여자,40 - 49세,경기도,일반판매,기타인테리어설비,품질(물품/용역)
2023033632,2023-07-04,여자,40 - 49세,광주광역시,국내온라인거래,국내여행,계약해제.해지/위약금
2023033633,2023-07-04,남자,65 - 69세,경상남도,일반판매,기타건축자재,계약불이행(불완전이행)
2023033634,2023-07-04,여자,30 - 39세,부산광역시,기타통신판매,기타이동통신,청약철회
2023033635,2023-07-04,여자,20 - 29세,경기도,일반판매,헬스장,계약해제.해지/위약금
2023033636,2023-07-04,여자,30 - 39세,서울특별시,국내온라인거래,노트북컴퓨터,AS불만
2023033637,2023-07-04,남자,50 - 59세,경기도,국내온라인거래,항공여객운송서비스,계약해제.해지/위약금
2023033638,2023-07-04,여자,30 - 39세,광주광역시,국내온라인거래,각종공연관람,안전(제품/시설)
2023033639,2023-07-04,남자,40 - 49세,경기도,일반판매,보석·귀금속,계약해제.해지/위약금
2023033640,2023-07-04,남자,60 - 64세,경기도,국내온라인거래,골프용품,계약불이행(불완전이행)
2023033641,2023-07-04,남자,60 - 64세,대전광역시,국내온라인거래,스캐너,계약해제.해지/위약금
2023033642,2023-07-04,여자,20 - 29세,서울특별시,국내온라인거래,기타신변용품,품질(물품/용역)
2023033643,2023-07-04,남자,30 - 39세,경기도,국내온라인거래,헤드폰·이어폰,품질(물품/용역)
2023033644,2023-07-04,여자,30 - 39세,인천광역시,일반판매,예식서비스,품질(물품/용역)
2023033645,2023-07-04,여자,30 - 39세,경기도,국내온라인거래,프린터,청약철회
2023033646,2023-07-04,여자,30 - 39세,서울특별시,일반판매,미용서비스,계약해제.해지/위약금
2023033647,2023-07-04,남자,30 - 39세,경기도,일반판매,아파트,계약해제.해지/위약금
2023033648,2023-07-04,남자,20 - 29세,울산광역시,국제온라인거래,항공여객운송서비스,부당행위
2023033649,2023-07-04,여자,40 - 49세,서울특별시,일반판매,침대,품질(물품/용역)
2023033650,2023-07-04,남자,30 - 39세,전라북도,기타,기타미분류서비스,안전(제품/시설)
2023033651,2023-07-04,여자,40 - 49세,경기도,모바일거래,전기자전거,품질(물품/용역)
2023033652,2023-07-04,여자,60 - 64세,경기도,국내온라인거래,비타민제,계약불이행(불완전이행)
2023033653,2023-07-04,여자,40 - 49세,인천광역시,일반판매,스포츠시설이용,계약해제.해지/위약금
2023033654,2023-07-04,남자,40 - 49세,충청남도,일반판매,냉장고,청약철회
2023033655,2023-07-04,여자,30 - 39세,경기도,국내온라인거래,피부·체형관리서비스,청약철회
2023033656,2023-07-04,남자,30 - 39세,경기도,일반판매,외식,품질(물품/용역)
2023033657,2023-07-04,남자,60 - 64세,경기도,기타통신판매,음식물처리기대여(렌트),계약해제.해지/위약금
2023033658,2023-07-04,여자,30 - 39세,울산광역시,방문판매,전집물,계약해제.해지/위약금
2023033659,2023-07-04,여자,40 - 49세,경기도,국내온라인거래,헤드폰·이어폰,AS불만
2023033660,2023-07-04,남자,20 - 29세,광주광역시,일반판매,헬스장,계약해제.해지/위약금
2023033661,2023-07-04,여자,40 - 49세,서울특별시,일반판매,초고속인터넷,계약불이행(불완전이행)
2023033662,2023-07-04,남자,40 - 49세,서울특별시,일반판매,기타옥외장비·설비,AS불만
2023033663,2023-07-04,남자,40 - 49세,서울특별시,국제온라인거래,신사화(구두·부츠 등),청약철회
2023033664,2023-07-04,남자,30 - 39세,인천광역시,일반판매,외식,계약해제.해지/위약금
2023033665,2023-07-04,남자,60 - 64세,전라남도,일반판매,국외여행,계약해제.해지/위약금
2023033666,2023-07-04,여자,40 - 49세,경기도,국내온라인거래,인터넷교육서비스,부당행위
2023033667,2023-07-04,여자,20 - 29세,서울특별시,일반판매,헬스장,계약해제.해지/위약금
2023033668,2023-07-04,여자,40 - 49세,대전광역시,일반판매,보석·귀금속,품질(물품/용역)
2023033669,2023-07-04,여자,40 - 49세,경기도,국내온라인거래,기타책상·테이블류,계약불이행(불완전이행)
2023033670,2023-07-04,남자,20 - 29세,서울특별시,국내온라인거래,티셔츠,청약철회
2023033671,2023-07-04,남자,50 - 59세,경기도,국내온라인거래,기타어패류·어패류가공식품,품질(물품/용역)
2023033673,2023-07-04,여자,20 - 29세,서울특별시,기타,피부·체형관리서비스,계약해제.해지/위약금
2023033674,2023-07-04,남자,20 - 29세,부산광역시,국내온라인거래,항공여객운송서비스,품질(물품/용역)
2023033676,2023-07-04,남자,40 - 49세,서울특별시,국제온라인거래,운동화,청약철회
2023033677,2023-07-04,여자,30 - 39세,경기도,국내온라인거래,가스에어컨,품질(물품/용역)
2023033678,2023-07-04,남자,40 - 49세,경기도,일반판매,정수기대여(렌트),계약해제.해지/위약금
2023033679,2023-07-04,남자,30 - 39세,인천광역시,국내온라인거래,TV,청약철회
2023033680,2023-07-04,남자,30 - 39세,경기도,국내온라인거래,기타인테리어설비,계약해제.해지/위약금
2023033682,2023-07-04,여자,30 - 39세,경기도,기타,모바일정보이용서비스,부당행위
2023033683,2023-07-04,여자,30 - 39세,경기도,일반판매,피부·체형관리서비스,계약해제.해지/위약금
2023033684,2023-07-04,남자,20 - 29세,충청북도,일반판매,스마트폰,청약철회
2023033685,2023-07-04,남자,20 - 29세,인천광역시,일반판매,독서실이용,계약해제.해지/위약금
2023033686,2023-07-04,여자,30 - 39세,서울특별시,일반판매,애완고양이,계약불이행(불완전이행)
2023033687,2023-07-04,여자,30 - 39세,서울특별시,일반판매,해외유학알선,계약해제.해지/위약금
2023033688,2023-07-04,여자,30 - 39세,울산광역시,일반판매,소파,계약해제.해지/위약금
2023033689,2023-07-04,남자,30 - 39세,제주도,일반판매,룸에어컨,계약해제.해지/위약금
2023033690,2023-07-04,여자,30 - 39세,서울특별시,일반판매,헬스장,계약해제.해지/위약금
2023033691,2023-07-04,남자,40 - 49세,인천광역시,국내온라인거래,국외여행,청약철회
2023033692,2023-07-04,남자,65 - 69세,충청남도,모바일거래,기타건강식품,표시.광고
2023033693,2023-07-04,여자,20 - 29세,부산광역시,일반판매,헬스장,계약해제.해지/위약금
2023033694,2023-07-04,남자,20 - 29세,세종특별자치시,국내온라인거래,인터넷교육서비스,계약불이행(불완전이행)
2023033695,2023-07-04,남자,50 - 59세,서울특별시,전화권유판매,이동전화서비스,계약불이행(불완전이행)
2023033696,2023-07-04,여자,40 - 49세,충청남도,일반판매,레저시설이용,계약해제.해지/위약금
2023033697,2023-07-04,여자,20 - 29세,경기도,일반판매,헬스장,계약해제.해지/위약금
2023033698,2023-07-04,여자,30 - 39세,경기도,국내온라인거래,항공여객운송서비스,계약해제.해지/위약금
2023033699,2023-07-04,여자,50 - 59세,경기도,국내온라인거래,항공여객운송서비스,계약해제.해지/위약금
2023033700,2023-07-04,여자,40 - 49세,서울특별시,모바일거래,헬스장,계약해제.해지/위약금
2023033702,2023-07-04,여자,30 - 39세,경기도,국내온라인거래,샌들·슬리퍼,청약철회
2023033703,2023-07-04,여자,20 - 29세,경기도,국내온라인거래,기타사무용품,품질(물품/용역)
2023033704,2023-07-04,여자,40 - 49세,대전광역시,일반판매,포장이사운송서비스,품질(물품/용역)
2023033705,2023-07-04,남자,50 - 59세,전라남도,방문판매,콘도회원권,계약해제.해지/위약금
2023033706,2023-07-04,남자,20 - 29세,광주광역시,일반판매,해외연수알선,계약해제.해지/위약금
2023033707,2023-07-04,여자,40 - 49세,대구광역시,일반판매,기타어패류·어패류가공식품,안전(제품/시설)
2023033708,2023-07-04,남자,30 - 39세,서울특별시,일반판매,일반이사운송서비스,품질(물품/용역)
2023033709,2023-07-04,남자,20 - 29세,서울특별시,일반판매,헬스장,계약해제.해지/위약금
2023033710,2023-07-04,여자,20 - 29세,경기도,일반판매,헬스장,계약해제.해지/위약금
2023033711,2023-07-04,여자,30 - 39세,경기도,일반판매,종합체육시설회원권,계약해제.해지/위약금
2023033712,2023-07-04,남자,40 - 49세,서울특별시,모바일거래,식사배달,계약불이행(불완전이행)
2023033713,2023-07-04,여자,20 - 29세,부산광역시,일반판매,기타사설강습서비스,계약해제.해지/위약금
2023033714,2023-07-04,남자,20 - 29세,인천광역시,일반판매,할인회원권,계약해제.해지/위약금
2023033715,2023-07-04,여자,20 - 29세,전라북도,국내온라인거래,국외여행,계약해제.해지/위약금
2023033716,2023-07-04,남자,40 - 49세,경기도,일반판매,초고속인터넷,계약해제.해지/위약금
2023033717,2023-07-04,남자,40 - 49세,경기도,기타통신판매,기타회원권,계약불이행(불완전이행)
2023033719,2023-07-04,남자,30 - 39세,경기도,기타,피부·체형관리서비스,계약해제.해지/위약금
2023033720,2023-07-04,남자,20 - 29세,서울특별시,일반판매,시계부품·용품,계약불이행(불완전이행)
2023033721,2023-07-04,남자,20 - 29세,강원특별자치도,국내온라인거래,남자용내의류,청약철회
2023033722,2023-07-04,남자,20 - 29세,인천광역시,방문판매,신사복세트,청약철회
2023033723,2023-07-04,여자,30 - 39세,경기도,모바일거래,기타숙박시설,품질(물품/용역)
2023033724,2023-07-04,남자,20 - 29세,서울특별시,국내온라인거래,CPU,계약불이행(불완전이행)
2023033725,2023-07-04,남자,50 - 59세,서울특별시,일반판매,보석·귀금속,청약철회
2023033726,2023-07-04,여자,20 - 29세,서울특별시,일반판매,스마트폰,부당행위
2023033727,2023-07-04,여자,20 - 29세,경기도,국내온라인거래,기타내의류,품질(물품/용역)
2023033728,2023-07-04,남자,30 - 39세,인천광역시,국내온라인거래,기타영상기기,AS불만
2023033729,2023-07-04,여자,40 - 49세,부산광역시,국내온라인거래,보석·귀금속,품질(물품/용역)
2023033730,2023-07-04,여자,30 - 39세,경기도,소셜커머스(쇼핑),믹서기,품질(물품/용역)
2023033731,2023-07-04,여자,50 - 59세,서울특별시,국내온라인거래,생활패션화(슬립온·아쿠아슈즈·장화·작업화 등),청약철회
2023033732,2023-07-04,남자,50 - 59세,경기도,기타통신판매,이동전화서비스,가격.요금
2023033733,2023-07-04,여자,40 - 49세,서울특별시,국내온라인거래,전기압력밥솥,청약철회
2023033734,2023-07-04,남자,30 - 39세,경기도,일반판매,국외여행,계약해제.해지/위약금
2023033735,2023-07-04,여자,40 - 49세,광주광역시,국내온라인거래,팬코일(이동식에어컨),청약철회
2023033736,2023-07-04,여자,40 - 49세,경기도,소셜커머스(쇼핑),원피스,청약철회
2023033737,2023-07-04,남자,30 - 39세,서울특별시,국내온라인거래,기타부엌소모품,청약철회
2023033738,2023-07-04,여자,30 - 39세,서울특별시,전화권유판매,기타매체광고,품질(물품/용역)
2023033739,2023-07-04,남자,30 - 39세,경기도,일반판매,예식서비스,계약해제.해지/위약금
2023033740,2023-07-04,여자,30 - 39세,서울특별시,기타,헬스장,계약해제.해지/위약금
2023033741,2023-07-04,남자,30 - 39세,경기도,국제온라인거래,노트북컴퓨터,청약철회
2023033742,2023-07-04,여자,30 - 39세,서울특별시,일반판매,사진촬영,계약불이행(불완전이행)
2023033743,2023-07-04,남자,30 - 39세,서울특별시,국내온라인거래,보온병,AS불만
2023033744,2023-07-04,여자,20 - 29세,경상북도,국내온라인거래,캐주얼바지,청약철회
2023033745,2023-07-04,남자,30 - 39세,경기도,국내온라인거래,인터넷정보이용서비스,부당행위
2023033746,2023-07-04,여자,30 - 39세,서울특별시,국내온라인거래,인터넷교육서비스,계약해제.해지/위약금
2023033747,2023-07-04,남자,30 - 39세,인천광역시,모바일거래,식사배달,부당행위
2023033748,2023-07-04,여자,30 - 39세,서울특별시,기타,국내결혼중개,계약해제.해지/위약금
2023033749,2023-07-04,여자,20 - 29세,경기도,일반판매,헬스장,계약불이행(불완전이행)
2023033750,2023-07-04,남자,50 - 59세,인천광역시,국내온라인거래,전기진공청소기,AS불만
2023033751,2023-07-04,여자,40 - 49세,인천광역시,일반판매,미용서비스,계약해제.해지/위약금
2023033752,2023-07-04,남자,65 - 69세,경기도,일반판매,국외여행,품질(물품/용역)
2023033753,2023-07-04,여자,30 - 39세,충청북도,국내온라인거래,책장·서가,청약철회
2023033754,2023-07-04,남자,30 - 39세,경기도,일반판매,헬스장,계약해제.해지/위약금
2023033755,2023-07-04,남자,30 - 39세,서울특별시,기타,기타세탁서비스,품질(물품/용역)
2023033756,2023-07-04,여자,40 - 49세,경상남도,국내온라인거래,기타미분류물품,청약철회
2023033757,2023-07-04,남자,30 - 39세,서울특별시,기타,용달화물서비스,부당행위
2023033758,2023-07-05,남자,50 - 59세,경기도,일반판매,침대·매트리스대여(렌트),거래관행
2023033759,2023-07-05,남자,30 - 39세,서울특별시,국내온라인거래,기타음향기기,품질(물품/용역)
2023033760,2023-07-05,남자,65 - 69세,대구광역시,일반판매,양복(서양식 의복)세탁,계약불이행(불완전이행)
2023033762,2023-07-05,남자,60 - 64세,경상남도,일반판매,이동전화서비스,계약불이행(불완전이행)
2023033763,2023-07-05,남자,70 - 79세,경기도,국내온라인거래,기타재봉·세탁·청소용품,품질(물품/용역)
2023033764,2023-07-05,남자,30 - 39세,대구광역시,소셜커머스(쇼핑),전기세탁기,청약철회
2023033765,2023-07-05,남자,40 - 49세,경상북도,국내온라인거래,인터넷교육서비스,표시.광고
2023033767,2023-07-05,여자,40 - 49세,경기도,국내온라인거래,방석,계약불이행(불완전이행)
2023033768,2023-07-05,남자,불명,대전광역시,국내온라인거래,차량용블랙박스,표시.광고
2023033769,2023-07-05,남자,40 - 49세,경기도,국내온라인거래,인터넷정보이용서비스,부당행위
2023033770,2023-07-05,남자,30 - 39세,강원특별자치도,국내온라인거래,타이어,표시.광고
2023033771,2023-07-05,여자,40 - 49세,경기도,일반판매,자동차주유,부당행위
2023033772,2023-07-05,남자,80세이상,서울특별시,일반판매,기타건강식품,품질(물품/용역)
2023033773,2023-07-05,남자,30 - 39세,대구광역시,일반판매,공제보험,계약불이행(불완전이행)
2023033774,2023-07-05,남자,30 - 39세,경기도,일반판매,자동차보험,계약불이행(불완전이행)
2023033775,2023-07-05,남자,65 - 69세,경기도,기타통신판매,인터넷정보이용서비스,계약해제.해지/위약금
2023033776,2023-07-05,남자,30 - 39세,광주광역시,국내온라인거래,기타의류·섬유,계약불이행(불완전이행)
2023033777,2023-07-05,여자,20 - 29세,대구광역시,기타통신판매,인터넷교육서비스,계약해제.해지/위약금
2023033778,2023-07-05,여자,50 - 59세,경기도,국내온라인거래,기타가구,품질(물품/용역)
2023033781,2023-07-05,남자,50 - 59세,경상북도,일반판매,미분류대여(렌트),계약불이행(불완전이행)
2023033782,2023-07-05,남자,60 - 64세,대구광역시,전화권유판매,차량용블랙박스,계약불이행(불완전이행)
2023033783,2023-07-05,남자,20 - 29세,대구광역시,일반판매,헬스장,계약해제.해지/위약금
2023033784,2023-07-05,여자,60 - 64세,서울특별시,일반판매,점퍼·재킷류,품질(물품/용역)
2023033785,2023-07-05,남자,50 - 59세,경기도,기타통신판매,인덕션레인지,계약불이행(불완전이행)
2023033786,2023-07-05,여자,20 - 29세,서울특별시,일반판매,기타위생서비스,품질(물품/용역)
2023033787,2023-07-05,여자,30 - 39세,경상남도,일반판매,양복(서양식 의복)세탁,계약불이행(불완전이행)
2023033788,2023-07-05,여자,30 - 39세,서울특별시,일반판매,양복(서양식 의복)세탁,품질(물품/용역)
2023033789,2023-07-05,여자,80세이상,서울특별시,일반판매,기타의료서비스,품질(물품/용역)
2023033790,2023-07-05,여자,30 - 39세,서울특별시,일반판매,기타이·미용서비스,계약불이행(불완전이행)
2023033793,2023-07-05,남자,60 - 64세,대구광역시,일반판매,항공여객운송서비스,계약해제.해지/위약금
2023033794,2023-07-05,남자,60 - 64세,대구광역시,일반판매,항공여객운송서비스,계약해제.해지/위약금
2023033795,2023-07-05,남자,40 - 49세,충청남도,방문판매,학습지,계약해제.해지/위약금
2023033796,2023-07-05,남자,60 - 64세,대구광역시,일반판매,항공여객운송서비스,계약해제.해지/위약금
2023033797,2023-07-05,남자,60 - 64세,대구광역시,일반판매,항공여객운송서비스,계약해제.해지/위약금
2023033798,2023-07-05,여자,30 - 39세,경기도,기타통신판매,미용서비스,계약해제.해지/위약금
2023033799,2023-07-05,남자,60 - 64세,경기도,기타,전기진공청소기,계약불이행(불완전이행)
2023033800,2023-07-05,여자,20 - 29세,서울특별시,일반판매,사진촬영,계약해제.해지/위약금
2023033801,2023-07-05,여자,40 - 49세,경기도,일반판매,식탁,표시.광고
2023033803,2023-07-05,남자,70 - 79세,경기도,일반판매,기타세탁서비스,계약해제.해지/위약금
2023033804,2023-07-05,여자,50 - 59세,경기도,일반판매,이동전화서비스,계약불이행(불완전이행)
2023033805,2023-07-05,남자,40 - 49세,서울특별시,방문판매,포장이사운송서비스,부당행위
2023033806,2023-07-05,여자,50 - 59세,경기도,일반판매,미분류대여(렌트),계약해제.해지/위약금
2023033807,2023-07-05,여자,불명,경기도,일반판매,캐주얼바지,품질(물품/용역)
2023033808,2023-07-05,남자,20 - 29세,전라남도,모바일거래,기타자동차부품,청약철회
2023033809,2023-07-05,남자,30 - 39세,경기도,소셜커머스(쇼핑),호텔,계약불이행(불완전이행)
2023033810,2023-07-05,여자,30 - 39세,서울특별시,기타통신판매,인터넷교육서비스,계약불이행(불완전이행)
2023033812,2023-07-05,여자,불명,서울특별시,기타통신판매,반포장이사운송서비스,계약불이행(불완전이행)
2023033813,2023-07-05,여자,10 - 19세,서울특별시,일반판매,일반강습(입시학원등),계약해제.해지/위약금
2023033814,2023-07-05,여자,30 - 39세,인천광역시,국내온라인거래,기타간편복,계약불이행(불완전이행)
2023033816,2023-07-05,남자,50 - 59세,대구광역시,일반판매,운동화,품질(물품/용역)
2023033817,2023-07-05,여자,70 - 79세,서울특별시,일반판매,티셔츠,품질(물품/용역)
2023033818,2023-07-05,남자,65 - 69세,서울특별시,전화권유판매,유사투자자문,계약해제.해지/위약금
2023033819,2023-07-05,여자,30 - 39세,경기도,기타,기타세탁서비스,약관
2023033820,2023-07-05,남자,30 - 39세,서울특별시,국내온라인거래,운동화,품질(물품/용역)
2023033821,2023-07-05,여자,20 - 29세,경기도,일반판매,각종자격취득강습,계약해제.해지/위약금
2023033823,2023-07-05,남자,40 - 49세,경기도,일반판매,기타세탁서비스,품질(물품/용역)
2023033824,2023-07-05,남자,40 - 49세,서울특별시,방문판매,방문교육,계약해제.해지/위약금
2023033825,2023-07-05,남자,20 - 29세,제주도,소셜커머스(쇼핑),게,품질(물품/용역)
2023033826,2023-07-05,여자,30 - 39세,인천광역시,일반판매,사진촬영,품질(물품/용역)
2023033827,2023-07-05,여자,50 - 59세,경기도,일반판매,차량용블랙박스,부당행위
2023033828,2023-07-05,여자,30 - 39세,충청남도,국내온라인거래,기타간편복,계약불이행(불완전이행)
2023033829,2023-07-05,여자,40 - 49세,서울특별시,국내온라인거래,냉장고,품질(물품/용역)
2023033830,2023-07-05,여자,50 - 59세,강원특별자치도,방문판매,국외여행,계약해제.해지/위약금
2023033831,2023-07-05,여자,30 - 39세,서울특별시,국내온라인거래,샌들·슬리퍼,품질(물품/용역)
2023033832,2023-07-05,남자,30 - 39세,인천광역시,일반판매,포장이사운송서비스,품질(물품/용역)
2023033833,2023-07-05,여자,30 - 39세,경기도,국내온라인거래,샌들·슬리퍼,품질(물품/용역)
2023033834,2023-07-05,남자,70 - 79세,강원특별자치도,전화권유판매,기타정보이용서비스,계약해제.해지/위약금
2023033835,2023-07-05,여자,50 - 59세,서울특별시,일반판매,양복(서양식 의복)세탁,품질(물품/용역)
2023033836,2023-07-05,여자,20 - 29세,서울특별시,국내온라인거래,양복(서양식 의복)세탁,품질(물품/용역)
2023033837,2023-07-05,여자,30 - 39세,서울특별시,국내온라인거래,신발세탁,계약불이행(불완전이행)
2023033838,2023-07-05,여자,50 - 59세,서울특별시,전화권유판매,화장품세트,거래관행
2023033839,2023-07-05,남자,40 - 49세,전라북도,일반판매,아파트,계약불이행(불완전이행)
2023033840,2023-07-05,여자,40 - 49세,전라북도,일반판매,아파트,계약불이행(불완전이행)
2023033841,2023-07-05,남자,40 - 49세,전라북도,일반판매,아파트,계약불이행(불완전이행)
2023033842,2023-07-05,남자,40 - 49세,전라북도,일반판매,아파트,계약불이행(불완전이행)
2023033843,2023-07-05,남자,40 - 49세,전라북도,일반판매,아파트,계약불이행(불완전이행)
2023033844,2023-07-05,남자,60 - 64세,전라북도,일반판매,아파트,계약불이행(불완전이행)
2023033845,2023-07-05,남자,40 - 49세,전라북도,일반판매,아파트,계약불이행(불완전이행)
2023033846,2023-07-05,여자,40 - 49세,전라북도,일반판매,아파트,계약불이행(불완전이행)
2023033847,2023-07-05,여자,40 - 49세,전라북도,일반판매,아파트,계약불이행(불완전이행)
2023033848,2023-07-05,남자,40 - 49세,전라북도,일반판매,아파트,계약불이행(불완전이행)
2023033849,2023-07-05,남자,30 - 39세,전라북도,일반판매,아파트,계약불이행(불완전이행)
2023033850,2023-07-05,여자,40 - 49세,전라북도,일반판매,아파트,계약불이행(불완전이행)
2023033851,2023-07-05,남자,40 - 49세,전라북도,일반판매,아파트,계약불이행(불완전이행)
2023033852,2023-07-05,남자,40 - 49세,전라북도,일반판매,아파트,계약불이행(불완전이행)
2023033853,2023-07-05,여자,40 - 49세,전라북도,일반판매,아파트,계약불이행(불완전이행)
2023033854,2023-07-05,여자,40 - 49세,전라북도,일반판매,아파트,계약불이행(불완전이행)
2023033855,2023-07-05,여자,40 - 49세,전라북도,일반판매,아파트,계약불이행(불완전이행)
2023033856,2023-07-05,남자,50 - 59세,전라북도,일반판매,아파트,계약불이행(불완전이행)
2023033857,2023-07-05,남자,40 - 49세,전라북도,일반판매,아파트,계약불이행(불완전이행)
2023033858,2023-07-05,여자,50 - 59세,전라북도,일반판매,아파트,계약불이행(불완전이행)
2023033859,2023-07-05,남자,40 - 49세,전라북도,일반판매,아파트,계약불이행(불완전이행)
2023033860,2023-07-05,여자,50 - 59세,서울특별시,일반판매,신사화(구두·부츠 등),계약불이행(불완전이행)
2023033861,2023-07-05,여자,30 - 39세,서울특별시,국내온라인거래,식탁,품질(물품/용역)
2023033862,2023-07-05,남자,30 - 39세,경상남도,국내온라인거래,운동화,품질(물품/용역)
2023033863,2023-07-05,여자,40 - 49세,경기도,일반판매,피부과,품질(물품/용역)
2023033864,2023-07-05,남자,30 - 39세,서울특별시,모바일거래,신유형상품권,계약불이행(불완전이행)
2023033865,2023-07-05,여자,20 - 29세,충청남도,일반판매,아동화,품질(물품/용역)
2023033866,2023-07-05,여자,20 - 29세,충청남도,일반판매,아동화,품질(물품/용역)
2023033867,2023-07-05,여자,40 - 49세,경기도,국내온라인거래,기타조미식품,표시.광고
2023033869,2023-07-05,남자,50 - 59세,경기도,모바일거래,인터넷정보이용서비스,계약해제.해지/위약금
2023033870,2023-07-05,여자,30 - 39세,경기도,일반판매,신경과,계약해제.해지/위약금
2023033872,2023-07-05,여자,40 - 49세,경기도,일반판매,헬스장,계약해제.해지/위약금
2023033873,2023-07-05,남자,50 - 59세,전라남도,일반판매,기타병·의원서비스,품질(물품/용역)
2023033874,2023-07-05,여자,60 - 64세,서울특별시,일반판매,응급의학과,품질(물품/용역)
2023033875,2023-07-05,남자,70 - 79세,경상북도,일반판매,내과,가격.요금
2023033915,2023-07-05,여자,20 - 29세,대구광역시,국내온라인거래,전기충전기,청약철회
2023033916,2023-07-05,남자,50 - 59세,경상남도,일반판매,양복(서양식 의복)세탁,계약불이행(불완전이행)
2023033917,2023-07-05,남자,20 - 29세,대구광역시,일반판매,헬스장,계약해제.해지/위약금
2023033918,2023-07-05,남자,50 - 59세,부산광역시,기타,기타주택·건물,AS불만
2023033919,2023-07-05,남자,30 - 39세,경기도,방문판매,건물청소서비스,품질(물품/용역)
2023033920,2023-07-05,남자,30 - 39세,서울특별시,모바일거래,이동전화서비스,계약해제.해지/위약금
2023033921,2023-07-05,남자,50 - 59세,경기도,일반판매,기타매체광고,계약해제.해지/위약금
2023033922,2023-07-05,여자,20 - 29세,경기도,일반판매,헬스장,계약해제.해지/위약금
2023033923,2023-07-05,남자,20 - 29세,전라북도,국내온라인거래,볼링용품,계약불이행(불완전이행)
2023033924,2023-07-05,여자,30 - 39세,서울특별시,국내온라인거래,식기세척기,AS불만
2023033925,2023-07-05,여자,40 - 49세,인천광역시,기타,기타미분류서비스,계약해제.해지/위약금
2023033926,2023-07-05,남자,30 - 39세,서울특별시,일반판매,기타세탁서비스,청약철회
2023033927,2023-07-05,여자,30 - 39세,서울특별시,국내온라인거래,기타정보이용서비스,부당행위
2023033928,2023-07-05,남자,70 - 79세,대구광역시,국내온라인거래,TV,품질(물품/용역)
2023033929,2023-07-05,남자,40 - 49세,전라북도,모바일거래,모바일게임서비스,계약불이행(불완전이행)
2023033930,2023-07-05,여자,40 - 49세,경기도,기타,기타사설강습서비스,계약불이행(불완전이행)
2023033931,2023-07-05,여자,30 - 39세,대전광역시,일반판매,필라테스,계약불이행(불완전이행)
2023033932,2023-07-05,여자,40 - 49세,서울특별시,일반판매,종합체육시설회원권,계약해제.해지/위약금
2023033933,2023-07-05,남자,40 - 49세,서울특별시,국내온라인거래,항공여객운송서비스,계약불이행(불완전이행)
2023033934,2023-07-05,여자,30 - 39세,경기도,일반판매,인터넷교육서비스,계약해제.해지/위약금
2023033935,2023-07-05,남자,20 - 29세,경상남도,일반판매,운동화,품질(물품/용역)
2023033936,2023-07-05,여자,20 - 29세,부산광역시,국내온라인거래,기타의류·섬유,품질(물품/용역)
2023033937,2023-07-05,여자,30 - 39세,서울특별시,국내온라인거래,블라우스,청약철회
2023033938,2023-07-05,남자,30 - 39세,울산광역시,일반판매,기타미분류서비스,계약불이행(불완전이행)
2023033939,2023-07-05,남자,40 - 49세,서울특별시,국내온라인거래,미술전시관람,계약해제.해지/위약금
2023033941,2023-07-05,남자,30 - 39세,경기도,일반판매,미용서비스,계약해제.해지/위약금
2023033942,2023-07-05,남자,20 - 29세,경기도,일반판매,헬스장,계약해제.해지/위약금
2023033943,2023-07-05,여자,20 - 29세,서울특별시,국내온라인거래,스피커,청약철회
2023033944,2023-07-05,여자,20 - 29세,부산광역시,기타,미용서비스,계약해제.해지/위약금
2023033945,2023-07-05,남자,20 - 29세,경기도,국내온라인거래,여관(모텔),부당행위
2023033946,2023-07-05,여자,20 - 29세,서울특별시,국내온라인거래,휴대폰(2G),품질(물품/용역)
2023033947,2023-07-05,여자,20 - 29세,경기도,국내온라인거래,펜션,계약해제.해지/위약금
2023033948,2023-07-05,여자,20 - 29세,서울특별시,방문판매,필라테스,계약해제.해지/위약금
2023033949,2023-07-05,남자,30 - 39세,경상북도,국내온라인거래,공병,청약철회
2023033950,2023-07-05,여자,20 - 29세,경기도,일반판매,쇠고기,거래관행
2023033951,2023-07-05,남자,40 - 49세,부산광역시,국내온라인거래,TV,AS불만
2023033952,2023-07-05,남자,30 - 39세,대구광역시,일반판매,아파트,계약불이행(불완전이행)
2023033953,2023-07-05,여자,30 - 39세,경상남도,국내온라인거래,스커트,표시.광고
2023033954,2023-07-05,여자,30 - 39세,서울특별시,국내온라인거래,기타곡류·곡류가공식품,청약철회
2023033955,2023-07-05,여자,30 - 39세,대구광역시,국내온라인거래,기타스포츠·레저기구·용품,청약철회
2023033956,2023-07-05,여자,60 - 64세,서울특별시,전화권유판매,유사투자자문,계약해제.해지/위약금
2023033957,2023-07-05,여자,30 - 39세,서울특별시,방문판매,인터넷교육서비스,계약해제.해지/위약금
2023033958,2023-07-05,남자,30 - 39세,경기도,모바일거래,침대,계약불이행(불완전이행)
2023033959,2023-07-05,남자,30 - 39세,서울특별시,국내온라인거래,의자,청약철회
2023033960,2023-07-05,남자,40 - 49세,서울특별시,모바일거래,기타방송서비스,표시.광고
2023033961,2023-07-05,여자,50 - 59세,서울특별시,기타,TV,계약불이행(불완전이행)
2023033962,2023-07-05,남자,30 - 39세,충청북도,기타,경비·관리서비스,계약해제.해지/위약금
2023033963,2023-07-05,여자,30 - 39세,경기도,일반판매,헬스장,계약해제.해지/위약금
2023033964,2023-07-05,남자,20 - 29세,광주광역시,국내온라인거래,기타의류·섬유,계약해제.해지/위약금
2023033965,2023-07-05,여자,20 - 29세,경기도,일반판매,애완고양이,약관
2023033966,2023-07-05,여자,60 - 64세,강원특별자치도,일반판매,항공여객운송서비스,계약불이행(불완전이행)
2023033967,2023-07-05,여자,50 - 59세,대전광역시,국내온라인거래,학생용가방,품질(물품/용역)
2023033968,2023-07-05,여자,40 - 49세,경기도,국내온라인거래,항공여객운송서비스,계약불이행(불완전이행)
2023033969,2023-07-05,여자,20 - 29세,경기도,다단계판매,스포츠시설이용,계약해제.해지/위약금
2023033970,2023-07-05,남자,30 - 39세,대전광역시,일반판매,기타세탁서비스,계약불이행(불완전이행)
2023033971,2023-07-05,여자,40 - 49세,경기도,일반판매,영화관람,안전(제품/시설)
2023033972,2023-07-05,남자,40 - 49세,부산광역시,국내온라인거래,프린터,품질(물품/용역)
2023033973,2023-07-05,남자,20 - 29세,경기도,방문판매,콘도회원권,계약해제.해지/위약금
2023033974,2023-07-05,여자,20 - 29세,대구광역시,국내온라인거래,기타의류·섬유,청약철회
2023033975,2023-07-05,남자,40 - 49세,경기도,국내온라인거래,정수기대여(렌트),계약해제.해지/위약금
2023033976,2023-07-05,여자,50 - 59세,서울특별시,일반판매,헬스장,계약해제.해지/위약금
2023033977,2023-07-05,여자,20 - 29세,경상북도,방문판매,학습지,계약해제.해지/위약금
2023033978,2023-07-05,남자,40 - 49세,인천광역시,국내온라인거래,피부·체형관리서비스,부당행위
2023033979,2023-07-05,여자,20 - 29세,대구광역시,일반판매,헬스장,계약해제.해지/위약금
2023033980,2023-07-05,남자,40 - 49세,인천광역시,소셜커머스(쇼핑),가스에어컨,AS불만
2023033981,2023-07-05,여자,20 - 29세,인천광역시,국내온라인거래,항공여객운송서비스,계약불이행(불완전이행)
2023033982,2023-07-05,여자,20 - 29세,서울특별시,국내온라인거래,기타완구·인형,품질(물품/용역)
2023033983,2023-07-05,여자,40 - 49세,전라남도,일반판매,헬스장,계약해제.해지/위약금
2023033984,2023-07-05,여자,40 - 49세,경기도,일반판매,택배화물운송서비스,계약불이행(불완전이행)
2023033985,2023-07-05,남자,50 - 59세,경기도,기타,해외유학알선,계약해제.해지/위약금
2023033986,2023-07-05,남자,40 - 49세,인천광역시,국내온라인거래,항공여객운송서비스,계약해제.해지/위약금
2023033987,2023-07-05,남자,30 - 39세,서울특별시,국내온라인거래,모바일게임서비스,청약철회
2023033988,2023-07-05,남자,20 - 29세,충청북도,국내온라인거래,인터넷교육서비스,계약해제.해지/위약금
2023033989,2023-07-05,남자,40 - 49세,경기도,방문판매,포장이사운송서비스,품질(물품/용역)
2023033990,2023-07-05,남자,20 - 29세,경상북도,일반판매,헬스장,계약해제.해지/위약금
2023033991,2023-07-05,남자,40 - 49세,충청남도,일반판매,의자,AS불만
2023033992,2023-07-05,남자,40 - 49세,광주광역시,국내온라인거래,국외여행,계약해제.해지/위약금
2023033993,2023-07-05,남자,20 - 29세,광주광역시,일반판매,펜션,품질(물품/용역)
2023033994,2023-07-05,여자,30 - 39세,서울특별시,일반판매,예식서비스,계약불이행(불완전이행)
2023033995,2023-07-05,남자,20 - 29세,충청북도,방문판매,헬스장,계약해제.해지/위약금
2023033996,2023-07-05,여자,30 - 39세,광주광역시,기타,기타세탁서비스,AS불만
2023033997,2023-07-05,여자,40 - 49세,강원특별자치도,일반판매,정수기대여(렌트),계약해제.해지/위약금
2023033998,2023-07-05,여자,40 - 49세,서울특별시,국내온라인거래,원피스,청약철회
2023033999,2023-07-05,여자,30 - 39세,경기도,방문판매,종합체육시설회원권,계약해제.해지/위약금
2023034000,2023-07-05,여자,30 - 39세,인천광역시,일반판매,음식물처리기,품질(물품/용역)
2023034001,2023-07-05,여자,20 - 29세,대구광역시,일반판매,기타인테리어설비,품질(물품/용역)
2023034002,2023-07-05,여자,20 - 29세,경기도,기타통신판매,기타수선·염색서비스,AS불만
2023034003,2023-07-05,남자,20 - 29세,경기도,국내온라인거래,컴퓨터모니터(데스크탑),청약철회
2023034004,2023-07-05,남자,50 - 59세,서울특별시,국내온라인거래,항공여객운송서비스,계약불이행(불완전이행)
2023034005,2023-07-05,남자,30 - 39세,경기도,일반판매,예식서비스,계약해제.해지/위약금
2023034006,2023-07-05,여자,30 - 39세,경기도,방문판매,정수기대여(렌트),계약해제.해지/위약금
2023034007,2023-07-05,남자,20 - 29세,충청북도,국내온라인거래,전동킥보드,AS불만
2023034008,2023-07-05,여자,65 - 69세,경기도,국내온라인거래,싱크대,AS불만
2023034009,2023-07-05,남자,30 - 39세,인천광역시,일반판매,헬스장,계약해제.해지/위약금
2023034010,2023-07-05,남자,40 - 49세,경기도,일반판매,필라테스,계약해제.해지/위약금
2023034011,2023-07-05,여자,30 - 39세,서울특별시,국내온라인거래,헤드폰·이어폰,품질(물품/용역)
2023034012,2023-07-05,남자,40 - 49세,서울특별시,국내온라인거래,기타사무용품,계약불이행(불완전이행)
2023034013,2023-07-05,여자,30 - 39세,서울특별시,국내온라인거래,선풍기,품질(물품/용역)
2023034014,2023-07-05,남자,40 - 49세,인천광역시,전화권유판매,이동전화서비스,계약해제.해지/위약금
2023034015,2023-07-05,여자,50 - 59세,대구광역시,일반판매,헬스장,계약불이행(불완전이행)
2023034016,2023-07-05,여자,30 - 39세,서울특별시,국내온라인거래,아동용내의류,청약철회
2023034017,2023-07-05,남자,40 - 49세,세종특별자치시,국내온라인거래,국외여행,계약해제.해지/위약금
2023034018,2023-07-05,여자,70 - 79세,경기도,모바일거래,이동전화서비스,부당행위
2023034019,2023-07-05,여자,30 - 39세,충청북도,국내온라인거래,기타의류·섬유,청약철회
2023034020,2023-07-05,남자,50 - 59세,경기도,국내온라인거래,헤드폰·이어폰,청약철회
2023034021,2023-07-05,남자,40 - 49세,광주광역시,일반판매,우유,단순문의.상담
2023034022,2023-07-05,여자,30 - 39세,부산광역시,방문판매,기타가방,품질(물품/용역)
2023034023,2023-07-05,남자,50 - 59세,경기도,국내온라인거래,헤드폰·이어폰,청약철회
2023034024,2023-07-05,남자,40 - 49세,경상남도,국내온라인거래,오징어,청약철회
2023034025,2023-07-05,여자,50 - 59세,경상남도,일반판매,필라테스,계약해제.해지/위약금
2023034026,2023-07-05,여자,30 - 39세,경기도,기타,각종자격취득강습,계약해제.해지/위약금
2023034115,2023-07-06,남자,40 - 49세,경기도,국제온라인거래,항공여객운송서비스,청약철회
2023034116,2023-07-06,여자,40 - 49세,서울특별시,일반판매,소파베드,품질(물품/용역)
2023034117,2023-07-06,남자,40 - 49세,부산광역시,일반판매,대형승용자동차,품질(물품/용역)
2023034118,2023-07-06,여자,50 - 59세,서울특별시,국내온라인거래,환풍기,품질(물품/용역)
2023034119,2023-07-06,남자,불명,경상북도,일반판매,헬스장,계약해제.해지/위약금
2023034121,2023-07-05,여자,30 - 39세,인천광역시,일반판매,기타목욕서비스,계약불이행(불완전이행)
2023034122,2023-07-06,여자,40 - 49세,충청북도,방문판매,인터넷교육서비스,계약불이행(불완전이행)
2023034123,2023-07-06,여자,40 - 49세,인천광역시,일반판매,샌들·슬리퍼,품질(물품/용역)
2023034124,2023-07-06,여자,30 - 39세,경기도,국내온라인거래,항공여객운송서비스,청약철회
2023034125,2023-07-06,여자,40 - 49세,인천광역시,일반판매,샌들·슬리퍼,품질(물품/용역)
2023034126,2023-07-06,남자,30 - 39세,경기도,일반판매,국내결혼중개,계약불이행(불완전이행)
2023034127,2023-07-06,남자,50 - 59세,경기도,국내온라인거래,전문스포츠화(축구화·골프화 등),품질(물품/용역)
2023034128,2023-07-06,여자,40 - 49세,경기도,일반판매,자동차주유,부당행위
2023034129,2023-07-06,여자,20 - 29세,서울특별시,일반판매,기타책상·테이블류,품질(물품/용역)
2023034130,2023-07-06,여자,20 - 29세,경기도,일반판매,점퍼·재킷류,계약불이행(불완전이행)
2023034131,2023-07-06,남자,30 - 39세,경상남도,국내온라인거래,운동용가방,계약불이행(불완전이행)
2023034132,2023-07-06,남자,20 - 29세,서울특별시,일반판매,기타세탁서비스,계약불이행(불완전이행)
2023034133,2023-07-06,남자,30 - 39세,경기도,일반판매,예식서비스,계약해제.해지/위약금
2023034134,2023-07-06,여자,60 - 64세,경기도,국내온라인거래,원피스,품질(물품/용역)
2023034135,2023-07-06,남자,50 - 59세,경기도,기타,초고속인터넷,계약해제.해지/위약금
2023034136,2023-07-06,남자,30 - 39세,경기도,전화권유판매,할인회원권,계약해제.해지/위약금
2023034137,2023-07-06,여자,30 - 39세,서울특별시,일반판매,필라테스,계약불이행(불완전이행)
2023034138,2023-07-06,남자,40 - 49세,경상남도,일반판매,중고자동차중개·매매,표시.광고
2023034139,2023-07-06,남자,40 - 49세,경상남도,일반판매,양복(서양식 의복)세탁,품질(물품/용역)
2023034140,2023-07-06,남자,30 - 39세,대전광역시,기타,정수기대여(렌트),계약해제.해지/위약금
2023034141,2023-07-06,여자,20 - 29세,서울특별시,일반판매,산후조리원,계약불이행(불완전이행)
2023034143,2023-07-06,여자,20 - 29세,서울특별시,일반판매,헬스장,계약불이행(불완전이행)
2023034145,2023-07-06,남자,30 - 39세,광주광역시,일반판매,티셔츠,품질(물품/용역)
2023034146,2023-07-06,남자,30 - 39세,서울특별시,국내온라인거래,자동차주차장,계약해제.해지/위약금
2023034147,2023-07-06,여자,30 - 39세,경기도,일반판매,신발세탁,계약불이행(불완전이행)
2023034148,2023-07-06,남자,40 - 49세,대구광역시,일반판매,운동화,품질(물품/용역)
2023034149,2023-07-06,남자,40 - 49세,전라북도,기타,각종자격취득강습,계약불이행(불완전이행)
2023034150,2023-07-06,남자,80세이상,서울특별시,일반판매,이동전화서비스,계약해제.해지/위약금
2023034151,2023-07-06,여자,50 - 59세,경기도,방문판매,피부·체형관리서비스,계약해제.해지/위약금
2023034152,2023-07-06,여자,20 - 29세,서울특별시,국내온라인거래,전기어댑터,계약불이행(불완전이행)
2023034153,2023-07-06,남자,50 - 59세,울산광역시,일반판매,운동화,품질(물품/용역)
2023034154,2023-07-06,남자,30 - 39세,서울특별시,국내온라인거래,TV,청약철회
2023034155,2023-07-06,여자,20 - 29세,경기도,일반판매,필라테스,계약해제.해지/위약금
2023034156,2023-07-06,여자,60 - 64세,전라남도,일반판매,건강(암·기타질병)보험,계약불이행(불완전이행)
2023034157,2023-07-06,여자,60 - 64세,전라남도,일반판매,건강(암·기타질병)보험,계약불이행(불완전이행)
2023034158,2023-07-06,여자,20 - 29세,강원특별자치도,모바일거래,항공여객운송서비스,계약불이행(불완전이행)
2023034159,2023-07-06,여자,30 - 39세,경기도,국내온라인거래,스포츠웨어,품질(물품/용역)
2023034160,2023-07-06,남자,30 - 39세,충청남도,일반판매,자동차세차,계약불이행(불완전이행)
2023034161,2023-07-06,여자,30 - 39세,서울특별시,국내온라인거래,신유형상품권,부당행위
2023034162,2023-07-06,여자,50 - 59세,경기도,국내온라인거래,샌들·슬리퍼,품질(물품/용역)
2023034163,2023-07-06,여자,40 - 49세,경기도,국내온라인거래,샌들·슬리퍼,품질(물품/용역)
2023034164,2023-07-06,여자,30 - 39세,서울특별시,국내온라인거래,점퍼·재킷류,품질(물품/용역)
2023034165,2023-07-06,여자,50 - 59세,강원특별자치도,국내온라인거래,기타통신기기,계약해제.해지/위약금
2023034166,2023-07-06,남자,50 - 59세,서울특별시,일반판매,운동화,품질(물품/용역)
2023034167,2023-07-06,남자,30 - 39세,경기도,국내온라인거래,캐주얼바지,계약불이행(불완전이행)
2023034168,2023-07-06,여자,20 - 29세,경상남도,국내온라인거래,기타화물운송서비스,계약불이행(불완전이행)
2023034169,2023-07-06,여자,30 - 39세,경기도,방문판매,헬스장,계약해제.해지/위약금
2023034170,2023-07-06,여자,50 - 59세,광주광역시,국내온라인거래,보석·귀금속,표시.광고
2023034172,2023-07-06,여자,30 - 39세,서울특별시,국내온라인거래,핸드백,품질(물품/용역)
2023034173,2023-07-06,여자,60 - 64세,강원특별자치도,기타통신판매,마스카라,표시.광고
2023034174,2023-07-06,남자,60 - 64세,충청남도,일반판매,중형승용자동차,AS불만
2023034175,2023-07-06,여자,40 - 49세,경기도,일반판매,기타가방,품질(물품/용역)
2023034176,2023-07-06,여자,불명,경상남도,일반판매,핸드백,품질(물품/용역)
2023034177,2023-07-06,여자,30 - 39세,경기도,일반판매,건강(암·기타질병)보험,계약불이행(불완전이행)
2023034178,2023-07-06,여자,30 - 39세,부산광역시,국내온라인거래,기타의류·섬유,청약철회
2023034179,2023-07-06,남자,30 - 39세,울산광역시,일반판매,외식,안전(제품/시설)
2023034180,2023-07-06,여자,30 - 39세,경기도,국내온라인거래,기타의류·섬유,품질(물품/용역)
2023034181,2023-07-06,여자,30 - 39세,대전광역시,일반판매,실손보험,계약불이행(불완전이행)
2023034182,2023-07-06,남자,50 - 59세,광주광역시,방문판매,실손보험,계약불이행(불완전이행)
2023034183,2023-07-06,남자,20 - 29세,서울특별시,일반판매,해외유학알선,계약불이행(불완전이행)
2023034184,2023-07-06,여자,30 - 39세,전라북도,국내온라인거래,캐주얼바지,품질(물품/용역)
2023034185,2023-07-06,여자,50 - 59세,경기도,국내온라인거래,국외여행,안전(제품/시설)
2023034186,2023-07-06,남자,40 - 49세,부산광역시,일반판매,사진촬영,품질(물품/용역)
2023034215,2023-07-06,여자,30 - 39세,인천광역시,일반판매,포장이사운송서비스,계약해제.해지/위약금
2023034216,2023-07-06,여자,30 - 39세,경기도,노상판매,인터넷교육서비스,계약해제.해지/위약금
2023034217,2023-07-06,여자,20 - 29세,경기도,일반판매,조립완구,품질(물품/용역)
2023034218,2023-07-06,남자,60 - 64세,서울특별시,모바일거래,사진촬영,계약해제.해지/위약금
2023034219,2023-07-06,남자,30 - 39세,경기도,국제온라인거래,국외여행,계약해제.해지/위약금
2023034220,2023-07-06,남자,40 - 49세,대구광역시,기타,스마트폰,품질(물품/용역)
2023034221,2023-07-06,남자,30 - 39세,전라남도,국내온라인거래,식기건조기,계약해제.해지/위약금
2023034222,2023-07-06,남자,20 - 29세,경기도,일반판매,헬스장,계약해제.해지/위약금
2023034223,2023-07-06,여자,50 - 59세,서울특별시,국내온라인거래,기타일반화장품,품질(물품/용역)
2023034224,2023-07-06,여자,50 - 59세,충청북도,일반판매,룸에어컨,AS불만
2023034225,2023-07-06,여자,20 - 29세,서울특별시,일반판매,헬스장,계약해제.해지/위약금
2023034226,2023-07-06,여자,30 - 39세,대구광역시,국내온라인거래,남자용내의류,계약불이행(불완전이행)
2023034227,2023-07-06,여자,40 - 49세,경상남도,기타,시스템에어컨,AS불만
2023034228,2023-07-06,남자,40 - 49세,경상남도,노상판매,인터넷교육서비스,계약해제.해지/위약금
2023034229,2023-07-06,여자,40 - 49세,경상남도,국내온라인거래,기타가방,청약철회
2023034230,2023-07-06,남자,30 - 39세,경상남도,국내온라인거래,TV,표시.광고
2023034231,2023-07-06,여자,30 - 39세,광주광역시,국내온라인거래,펜션,품질(물품/용역)
2023034232,2023-07-06,남자,40 - 49세,경기도,국내온라인거래,기타사무용품,가격.요금
2023034233,2023-07-06,여자,40 - 49세,서울특별시,방문판매,가스에어컨,AS불만
2023034234,2023-07-06,여자,40 - 49세,경상남도,기타,기타교육서비스,계약해제.해지/위약금
2023034235,2023-07-06,여자,40 - 49세,경상북도,일반판매,고시원이용,계약해제.해지/위약금
2023034236,2023-07-06,남자,30 - 39세,서울특별시,기타통신판매,인터넷정보이용서비스,계약해제.해지/위약금
2023034237,2023-07-06,남자,30 - 39세,경기도,모바일거래,인터넷정보이용서비스,계약불이행(불완전이행)
2023034238,2023-07-06,여자,30 - 39세,서울특별시,국내온라인거래,점퍼·재킷류,청약철회
2023034239,2023-07-06,남자,30 - 39세,서울특별시,일반판매,기타이·미용서비스,계약해제.해지/위약금
2023034240,2023-07-06,여자,40 - 49세,강원특별자치도,일반판매,인터넷교육서비스,계약해제.해지/위약금
2023034241,2023-07-06,여자,30 - 39세,경기도,국내온라인거래,벽지·바닥재,품질(물품/용역)
2023034242,2023-07-06,여자,50 - 59세,서울특별시,일반판매,전기세탁기,AS불만
2023034243,2023-07-06,남자,50 - 59세,제주도,국내온라인거래,가구리폼·수리,계약해제.해지/위약금
2023034244,2023-07-06,여자,40 - 49세,서울특별시,국내온라인거래,국외여행,계약해제.해지/위약금
2023034245,2023-07-06,남자,30 - 39세,경기도,국내온라인거래,선풍기,AS불만
2023034246,2023-07-06,여자,30 - 39세,경기도,일반판매,애완동·식물용품,표시.광고
2023034247,2023-07-06,여자,30 - 39세,부산광역시,일반판매,사진촬영,계약해제.해지/위약금
2023034248,2023-07-06,여자,30 - 39세,세종특별자치시,국내온라인거래,원피스,청약철회
2023034249,2023-07-06,여자,40 - 49세,전라북도,방문판매,기타방문·통신교육서비스,계약해제.해지/위약금
2023034250,2023-07-06,여자,50 - 59세,강원특별자치도,국내온라인거래,기타인테리어설비,계약불이행(불완전이행)
2023034251,2023-07-06,여자,20 - 29세,경기도,방문판매,일반강습(입시학원등),부당행위
2023034252,2023-07-06,남자,30 - 39세,서울특별시,일반판매,헬스장,계약해제.해지/위약금
2023034253,2023-07-06,남자,20 - 29세,경기도,방문판매,헬스장,계약해제.해지/위약금
2023034254,2023-07-06,여자,30 - 39세,부산광역시,일반판매,양복(서양식 의복)세탁,품질(물품/용역)
2023034255,2023-07-06,여자,30 - 39세,서울특별시,일반판매,기타가방,품질(물품/용역)
2023034256,2023-07-06,여자,20 - 29세,충청남도,모바일거래,티셔츠,계약해제.해지/위약금
2023034257,2023-07-06,여자,20 - 29세,대구광역시,국내온라인거래,국외여행,계약불이행(불완전이행)
2023034258,2023-07-06,여자,20 - 29세,경기도,일반판매,헬스장,계약해제.해지/위약금
2023034259,2023-07-06,남자,20 - 29세,부산광역시,일반판매,기타세탁서비스,품질(물품/용역)
2023034260,2023-07-06,남자,20 - 29세,경기도,국내온라인거래,인터넷교육서비스,계약해제.해지/위약금
2023034261,2023-07-06,여자,40 - 49세,광주광역시,전화권유판매,기타인터넷기반서비스,계약불이행(불완전이행)
2023034262,2023-07-06,남자,20 - 29세,부산광역시,국내온라인거래,기타완구·인형,청약철회
2023034263,2023-07-06,여자,30 - 39세,서울특별시,일반판매,헬스장,계약해제.해지/위약금
2023034264,2023-07-06,여자,30 - 39세,경기도,일반판매,기타신발·용품,청약철회
2023034265,2023-07-06,여자,40 - 49세,경기도,일반판매,룸에어컨,가격.요금
2023034266,2023-07-06,여자,20 - 29세,서울특별시,방문판매,호텔,청약철회
2023034267,2023-07-06,남자,30 - 39세,서울특별시,일반판매,헬스장,계약해제.해지/위약금
2023034268,2023-07-06,여자,20 - 29세,인천광역시,모바일거래,캐주얼바지,품질(물품/용역)
2023034269,2023-07-06,여자,30 - 39세,경기도,국내온라인거래,인터넷교육서비스,계약해제.해지/위약금
2023034270,2023-07-06,여자,30 - 39세,서울특별시,일반판매,헬스장,계약해제.해지/위약금
2023034271,2023-07-06,여자,40 - 49세,경상남도,기타,택배화물운송서비스,계약불이행(불완전이행)
2023034272,2023-07-06,남자,40 - 49세,경기도,국내온라인거래,봉지면,표시.광고
2023034273,2023-07-06,남자,30 - 39세,서울특별시,소셜커머스(쇼핑),세탁용합성세제,품질(물품/용역)
2023034274,2023-07-06,남자,20 - 29세,인천광역시,국내온라인거래,통신기기주변장치,표시.광고
2023034275,2023-07-06,남자,65 - 69세,서울특별시,국내온라인거래,항공여객운송서비스,계약불이행(불완전이행)
2023034276,2023-07-06,남자,30 - 39세,서울특별시,국내온라인거래,니트(스웨터),계약불이행(불완전이행)
2023034277,2023-07-06,여자,30 - 39세,서울특별시,일반판매,기타교육서비스,가격.요금
2023034278,2023-07-06,여자,50 - 59세,전라북도,전화권유판매,다이어트식품,품질(물품/용역)
2023034279,2023-07-06,남자,30 - 39세,경기도,일반판매,항공여객운송서비스,계약불이행(불완전이행)
2023034280,2023-07-06,남자,30 - 39세,서울특별시,일반판매,미용서비스,계약불이행(불완전이행)
2023034282,2023-07-06,여자,30 - 39세,경기도,국내온라인거래,기타침구류,청약철회
2023034283,2023-07-06,남자,30 - 39세,서울특별시,일반판매,헬스장,계약해제.해지/위약금
2023034284,2023-07-06,여자,40 - 49세,경상남도,국제온라인거래,기타통신기기,청약철회
2023034285,2023-07-06,여자,20 - 29세,인천광역시,모바일거래,미용서비스,계약해제.해지/위약금
2023034286,2023-07-06,여자,20 - 29세,서울특별시,모바일거래,인터넷교육서비스,계약불이행(불완전이행)
2023034316,2023-07-06,남자,70 - 79세,서울특별시,국내온라인거래,기타일반화장품,청약철회
2023034317,2023-07-07,여자,50 - 59세,경기도,일반판매,기타가방,품질(물품/용역)
2023034318,2023-07-07,남자,50 - 59세,서울특별시,모바일거래,선풍기,품질(물품/용역)
2023034319,2023-07-07,남자,40 - 49세,경기도,일반판매,소형화물자동차,품질(물품/용역)
2023034320,2023-07-07,여자,50 - 59세,경상남도,일반판매,이불·요,품질(물품/용역)
2023034321,2023-07-07,남자,60 - 64세,부산광역시,일반판매,자동차수리·점검,품질(물품/용역)
2023034322,2023-07-07,여자,30 - 39세,경상남도,일반판매,양복(서양식 의복)세탁,품질(물품/용역)
2023034323,2023-07-07,여자,60 - 64세,대구광역시,일반판매,전문스포츠화(축구화·골프화 등),품질(물품/용역)
2023034324,2023-07-07,남자,40 - 49세,서울특별시,일반판매,전동킥보드,부당행위
2023034325,2023-07-07,남자,20 - 29세,경기도,일반판매,골프회원권,계약해제.해지/위약금
2023034326,2023-07-07,남자,20 - 29세,경기도,일반판매,카셰어링,부당행위
2023034327,2023-07-07,여자,20 - 29세,경기도,방문판매,헬스장,계약해제.해지/위약금
2023034328,2023-07-07,남자,30 - 39세,경기도,국내온라인거래,기타자동차용품,품질(물품/용역)
2023034329,2023-07-07,남자,20 - 29세,충청남도,일반판매,헬스장,계약해제.해지/위약금
2023034330,2023-07-07,여자,50 - 59세,충청북도,일반판매,스마트폰,품질(물품/용역)
2023034331,2023-07-07,남자,50 - 59세,서울특별시,모바일거래,카셰어링,부당행위
2023034332,2023-07-07,남자,40 - 49세,충청북도,일반판매,기타수선·염색서비스,품질(물품/용역)
2023034333,2023-07-07,남자,40 - 49세,경기도,일반판매,자동차수리·점검,계약불이행(불완전이행)
2023034334,2023-07-07,여자,65 - 69세,서울특별시,일반판매,침대,품질(물품/용역)
2023034335,2023-07-07,여자,50 - 59세,서울특별시,국내온라인거래,의류수선,품질(물품/용역)
2023034336,2023-07-07,여자,30 - 39세,경기도,일반판매,양복(서양식 의복)세탁,품질(물품/용역)
2023034337,2023-07-07,여자,20 - 29세,경기도,국내온라인거래,유아복,계약해제.해지/위약금
2023034338,2023-07-07,남자,50 - 59세,경상북도,일반판매,양복(서양식 의복)세탁,품질(물품/용역)
2023034340,2023-07-07,남자,50 - 59세,서울특별시,일반판매,전기자전거,계약해제.해지/위약금
2023034341,2023-07-07,여자,40 - 49세,전라남도,전화권유판매,모바일정보이용서비스,계약해제.해지/위약금
2023034342,2023-07-07,여자,60 - 64세,경상북도,국내온라인거래,기타회원권,계약불이행(불완전이행)
2023034343,2023-07-07,남자,30 - 39세,경기도,국내온라인거래,티셔츠,품질(물품/용역)
2023034344,2023-07-07,여자,40 - 49세,서울특별시,모바일거래,기타숙박시설,계약해제.해지/위약금
2023034345,2023-07-07,여자,50 - 59세,경기도,국내온라인거래,보석·귀금속,품질(물품/용역)
2023034346,2023-07-07,여자,40 - 49세,충청남도,일반판매,헤드폰·이어폰,품질(물품/용역)
2023034347,2023-07-07,여자,50 - 59세,경기도,국내온라인거래,원피스,품질(물품/용역)
2023034348,2023-07-07,여자,30 - 39세,경기도,일반판매,아파트,안전(제품/시설)
2023034349,2023-07-07,남자,불명,경기도,일반판매,티셔츠,품질(물품/용역)
2023034350,2023-07-07,남자,50 - 59세,서울특별시,소셜커머스(쇼핑),기타자동차부품,품질(물품/용역)
2023034351,2023-07-07,남자,70 - 79세,충청북도,TV홈쇼핑,전기자전거,청약철회
2023034352,2023-07-07,여자,40 - 49세,서울특별시,기타,화장실설비,품질(물품/용역)
2023034354,2023-07-07,여자,50 - 59세,전라북도,일반판매,니트(스웨터),품질(물품/용역)
2023034355,2023-07-07,여자,30 - 39세,충청남도,일반판매,이불·요,품질(물품/용역)
2023034356,2023-07-07,여자,65 - 69세,서울특별시,전화권유판매,유사투자자문,계약해제.해지/위약금
2023034357,2023-07-07,여자,65 - 69세,서울특별시,전화권유판매,유사투자자문,계약해제.해지/위약금
2023034358,2023-07-07,여자,50 - 59세,인천광역시,일반판매,샌들·슬리퍼,품질(물품/용역)
2023034359,2023-07-07,여자,30 - 39세,경기도,일반판매,의류수선,품질(물품/용역)
2023034360,2023-07-07,여자,20 - 29세,대전광역시,일반판매,피부과,계약해제.해지/위약금
2023034361,2023-07-07,남자,10 - 19세,서울특별시,일반판매,성형외과,계약불이행(불완전이행)
2023034362,2023-07-07,여자,30 - 39세,경상남도,일반판매,운동화,품질(물품/용역)
2023034363,2023-07-07,남자,20 - 29세,서울특별시,일반판매,중형승용자동차,계약불이행(불완전이행)
2023034364,2023-07-07,여자,40 - 49세,경기도,일반판매,양복(서양식 의복)세탁,품질(물품/용역)
2023034365,2023-07-07,여자,30 - 39세,인천광역시,일반판매,피부과,계약불이행(불완전이행)
2023034366,2023-07-07,여자,20 - 29세,서울특별시,일반판매,한의원,계약해제.해지/위약금
2023034367,2023-07-07,남자,30 - 39세,경상남도,국내온라인거래,사과,청약철회
2023034368,2023-07-07,여자,40 - 49세,서울특별시,국내온라인거래,기타의류·섬유,품질(물품/용역)
2023034369,2023-07-07,여자,40 - 49세,서울특별시,국내온라인거래,티셔츠,품질(물품/용역)
2023034370,2023-07-07,여자,40 - 49세,대구광역시,일반판매,피부과,계약해제.해지/위약금
2023034371,2023-07-07,남자,30 - 39세,경기도,일반판매,기타이·미용서비스,품질(물품/용역)
2023034372,2023-07-07,여자,50 - 59세,광주광역시,일반판매,자동차세차,부당행위
2023034373,2023-07-07,여자,40 - 49세,서울특별시,기타,정수기대여(렌트),계약해제.해지/위약금
2023034374,2023-07-07,여자,40 - 49세,경기도,일반판매,신발세탁,계약불이행(불완전이행)
2023034375,2023-07-07,여자,30 - 39세,서울특별시,전화권유판매,모바일정보이용서비스,계약해제.해지/위약금
2023034377,2023-07-07,여자,30 - 39세,서울특별시,국내온라인거래,기타인테리어설비,계약불이행(불완전이행)
2023034378,2023-07-07,여자,20 - 29세,부산광역시,일반판매,샌들·슬리퍼,품질(물품/용역)
2023034415,2023-07-07,여자,30 - 39세,경기도,일반판매,의상대여(렌트),계약불이행(불완전이행)
2023034515,2023-07-07,여자,(미입력),대전광역시,국내온라인거래,기타스포츠·레저기구·용품,청약철회
2023034615,2023-07-07,여자,40 - 49세,광주광역시,일반판매,기타음식관련서비스,품질(물품/용역)
2023034616,2023-07-07,남자,30 - 39세,서울특별시,국내온라인거래,헤드폰·이어폰,청약철회
2023034617,2023-07-07,여자,20 - 29세,서울특별시,일반판매,외식,안전(제품/시설)
2023034618,2023-07-07,여자,30 - 39세,부산광역시,방문판매,헬스장,계약해제.해지/위약금
2023034619,2023-07-07,여자,40 - 49세,대전광역시,방문판매,정수기대여(렌트),계약해제.해지/위약금
2023034620,2023-07-07,여자,30 - 39세,울산광역시,다단계판매,학습지,계약해제.해지/위약금
2023034621,2023-07-07,여자,20 - 29세,서울특별시,국내온라인거래,기타금융상품,부당행위
2023034622,2023-07-07,여자,30 - 39세,서울특별시,국내온라인거래,책상,품질(물품/용역)
2023034623,2023-07-07,남자,50 - 59세,경기도,모바일거래,항공여객운송서비스,계약해제.해지/위약금
2023034624,2023-07-07,여자,30 - 39세,서울특별시,국내온라인거래,기타유아용식생활용품,품질(물품/용역)
2023034625,2023-07-07,남자,30 - 39세,서울특별시,일반판매,헬스장,계약해제.해지/위약금
2023034626,2023-07-07,여자,60 - 64세,경기도,기타,정수기대여(렌트),계약해제.해지/위약금
2023034628,2023-07-07,남자,70 - 79세,부산광역시,후원방문판매,기타숙박시설,계약해제.해지/위약금
2023034629,2023-07-07,여자,30 - 39세,서울특별시,일반판매,필라테스,계약해제.해지/위약금
2023034630,2023-07-07,여자,20 - 29세,경기도,일반판매,택배화물운송서비스,품질(물품/용역)
2023034631,2023-07-07,여자,20 - 29세,경기도,방문판매,필라테스,계약해제.해지/위약금
2023034632,2023-07-07,여자,40 - 49세,서울특별시,소셜커머스(쇼핑),소금,계약불이행(불완전이행)
2023034633,2023-07-07,여자,30 - 39세,광주광역시,기타,헬스장,청약철회
2023034634,2023-07-07,남자,40 - 49세,경기도,일반판매,헬스장,계약해제.해지/위약금
2023034635,2023-07-07,여자,30 - 39세,경기도,방문판매,미분류대여(렌트),계약해제.해지/위약금
2023034636,2023-07-07,여자,20 - 29세,서울특별시,일반판매,미용서비스,품질(물품/용역)
2023034637,2023-07-07,여자,40 - 49세,인천광역시,방문판매,인터넷교육서비스,계약해제.해지/위약금
2023034638,2023-07-07,여자,30 - 39세,경기도,국내온라인거래,헬스장,계약해제.해지/위약금
2023034639,2023-07-07,남자,20 - 29세,서울특별시,일반판매,종합체육시설회원권,계약해제.해지/위약금
2023034640,2023-07-07,여자,30 - 39세,서울특별시,일반판매,미용서비스,계약해제.해지/위약금
2023034641,2023-07-07,여자,40 - 49세,경기도,방문판매,필라테스,계약해제.해지/위약금
2023034642,2023-07-07,여자,30 - 39세,서울특별시,국내온라인거래,운동화,청약철회
2023034643,2023-07-07,남자,40 - 49세,광주광역시,국내온라인거래,국외여행,계약해제.해지/위약금
2023034644,2023-07-07,여자,30 - 39세,서울특별시,소셜커머스(쇼핑),국외여행,계약해제.해지/위약금
2023034645,2023-07-07,남자,40 - 49세,경기도,국내온라인거래,기타컴퓨터·주변기기,청약철회
2023034646,2023-07-07,남자,30 - 39세,광주광역시,일반판매,미용서비스,품질(물품/용역)
2023034647,2023-07-07,여자,20 - 29세,광주광역시,국내온라인거래,숙녀복세트,계약불이행(불완전이행)
2023034648,2023-07-07,남자,60 - 64세,대구광역시,국제온라인거래,항공여객운송서비스,계약불이행(불완전이행)
2023034649,2023-07-07,여자,20 - 29세,서울특별시,국내온라인거래,기타의류·섬유,청약철회
2023034650,2023-07-07,여자,40 - 49세,서울특별시,방문판매,피부·체형관리서비스,계약해제.해지/위약금
2023034651,2023-07-07,여자,20 - 29세,경기도,방문판매,결혼준비대행서비스,계약해제.해지/위약금
2023034652,2023-07-07,여자,30 - 39세,서울특별시,방문판매,애완견,품질(물품/용역)
2023034653,2023-07-07,여자,40 - 49세,인천광역시,방문판매,인터넷교육서비스,계약해제.해지/위약금
2023034654,2023-07-07,여자,20 - 29세,경상남도,국내온라인거래,인터넷교육서비스,계약해제.해지/위약금
2023034655,2023-07-07,여자,40 - 49세,서울특별시,TV홈쇼핑,우산,품질(물품/용역)
2023034656,2023-07-07,여자,30 - 39세,서울특별시,일반판매,헬스장,계약해제.해지/위약금
2023034657,2023-07-07,남자,30 - 39세,경기도,국내온라인거래,운동화,계약불이행(불완전이행)
2023034658,2023-07-07,남자,40 - 49세,전라남도,국내온라인거래,항공여객운송서비스,청약철회
2023034659,2023-07-07,여자,30 - 39세,대구광역시,방문판매,학습지,계약해제.해지/위약금
2023034660,2023-07-07,여자,50 - 59세,서울특별시,방문판매,포장이사운송서비스,품질(물품/용역)
2023034661,2023-07-07,여자,30 - 39세,서울특별시,국내온라인거래,기타의류·섬유,청약철회
2023034662,2023-07-07,남자,30 - 39세,충청남도,일반판매,기타문화·오락시설이용,부당행위
2023034663,2023-07-07,여자,30 - 39세,경기도,국내온라인거래,기타의류·섬유,청약철회
2023034664,2023-07-07,남자,40 - 49세,충청남도,국내온라인거래,바닥재·마루공사,청약철회
2023034665,2023-07-07,여자,30 - 39세,경기도,모바일거래,기타일반화장품,계약불이행(불완전이행)
2023034666,2023-07-07,여자,30 - 39세,서울특별시,소셜커머스(쇼핑),기타컴퓨터·주변기기,품질(물품/용역)
2023034667,2023-07-07,여자,50 - 59세,서울특별시,기타,양복(서양식 의복)세탁,청약철회
2023034668,2023-07-07,남자,30 - 39세,서울특별시,기타,결혼준비대행서비스,계약불이행(불완전이행)
2023034669,2023-07-07,남자,30 - 39세,서울특별시,모바일거래,철도여객운송서비스,품질(물품/용역)
2023034670,2023-07-07,남자,40 - 49세,경기도,일반판매,양복(서양식 의복)세탁,품질(물품/용역)
2023034671,2023-07-07,남자,20 - 29세,대전광역시,일반판매,미용서비스,청약철회
2023034672,2023-07-07,여자,30 - 39세,경기도,모바일거래,미분류대여(렌트),계약불이행(불완전이행)
2023034673,2023-07-07,남자,30 - 39세,강원특별자치도,국내온라인거래,방향제,계약불이행(불완전이행)
2023034674,2023-07-07,남자,30 - 39세,경기도,국내온라인거래,기타책상·테이블류,부당행위
2023034675,2023-07-07,남자,30 - 39세,대구광역시,국내온라인거래,호텔,표시.광고
2023034676,2023-07-07,여자,40 - 49세,경기도,방문판매,애완고양이,품질(물품/용역)
2023034677,2023-07-07,여자,20 - 29세,광주광역시,소셜커머스(쇼핑),핸드백,계약불이행(불완전이행)
2023034678,2023-07-07,남자,30 - 39세,경기도,방문판매,헬스장,계약해제.해지/위약금
2023034679,2023-07-07,여자,30 - 39세,서울특별시,방문판매,기타방문·통신교육서비스,계약해제.해지/위약금
2023034680,2023-07-07,남자,30 - 39세,경기도,국내온라인거래,기타스포츠·레저기구·용품,품질(물품/용역)
2023034681,2023-07-07,남자,40 - 49세,인천광역시,기타,고시원이용,계약해제.해지/위약금
2023034682,2023-07-07,여자,30 - 39세,서울특별시,방문판매,피부·체형관리서비스,청약철회
2023034715,2023-07-08,여자,50 - 59세,서울특별시,일반판매,필라테스,계약해제.해지/위약금
2023034716,2023-07-08,여자,30 - 39세,서울특별시,국내온라인거래,TV,품질(물품/용역)
2023034717,2023-07-08,여자,30 - 39세,대전광역시,소셜커머스(쇼핑),여행용가방,계약해제.해지/위약금
2023034718,2023-07-08,여자,20 - 29세,강원특별자치도,방문판매,헬스장,계약해제.해지/위약금
2023034719,2023-07-08,여자,50 - 59세,경기도,일반판매,화장실설비,AS불만
2023034720,2023-07-08,남자,40 - 49세,충청북도,국내온라인거래,기타스포츠·레저기구·용품,계약불이행(불완전이행)
2023034721,2023-07-08,여자,30 - 39세,경기도,국내온라인거래,항공여객운송서비스,계약해제.해지/위약금
2023034722,2023-07-08,여자,40 - 49세,서울특별시,방문판매,인터넷교육서비스,계약해제.해지/위약금
2023034723,2023-07-08,여자,30 - 39세,서울특별시,국내온라인거래,티셔츠,거래관행
2023034724,2023-07-08,여자,30 - 39세,서울특별시,소셜커머스(쇼핑),기타의류·섬유,품질(물품/용역)
2023034725,2023-07-08,남자,30 - 39세,부산광역시,국내온라인거래,기타숙박시설,계약해제.해지/위약금
2023034726,2023-07-08,남자,30 - 39세,경기도,모바일거래,여관(모텔),계약해제.해지/위약금
2023034727,2023-07-08,남자,20 - 29세,서울특별시,일반판매,헬스장,계약해제.해지/위약금
2023034728,2023-07-08,여자,20 - 29세,인천광역시,일반판매,스마트폰,AS불만
2023034729,2023-07-08,남자,20 - 29세,경기도,국내온라인거래,포장이사운송서비스,계약불이행(불완전이행)
2023034730,2023-07-08,남자,40 - 49세,인천광역시,국내온라인거래,즉석조리식품,청약철회
2023034731,2023-07-08,여자,20 - 29세,대전광역시,일반판매,필라테스,계약불이행(불완전이행)
2023034732,2023-07-08,남자,30 - 39세,전라북도,국제온라인거래,호텔,계약해제.해지/위약금
2023034733,2023-07-08,남자,20 - 29세,경기도,일반판매,헬스장,계약해제.해지/위약금
2023034734,2023-07-08,여자,20 - 29세,경기도,일반판매,컴퓨터수리,AS불만
2023034735,2023-07-08,여자,40 - 49세,경상남도,일반판매,포장이사운송서비스,계약불이행(불완전이행)
2023034815,2023-07-09,여자,40 - 49세,경상북도,기타,미용서비스,품질(물품/용역)
2023034816,2023-07-09,여자,30 - 39세,서울특별시,방문판매,헬스장,계약해제.해지/위약금
2023034817,2023-07-09,여자,50 - 59세,서울특별시,국내온라인거래,기타의류·섬유,표시.광고
2023034818,2023-07-09,여자,50 - 59세,경기도,일반판매,소파,계약불이행(불완전이행)
2023034820,2023-07-09,남자,30 - 39세,경상북도,국내온라인거래,TV,청약철회
2023034821,2023-07-09,남자,30 - 39세,전라남도,국내온라인거래,인터넷교육서비스,계약해제.해지/위약금
2023034822,2023-07-09,남자,30 - 39세,전라남도,국내온라인거래,기타사설강습서비스,계약해제.해지/위약금
2023034823,2023-07-09,여자,65 - 69세,경기도,일반판매,골프회원권,계약해제.해지/위약금
2023034824,2023-07-09,남자,20 - 29세,충청남도,국내온라인거래,국외여행,계약불이행(불완전이행)
2023034825,2023-07-09,남자,30 - 39세,경기도,모바일거래,기타알선·중개·번역서비스,계약해제.해지/위약금
2023034826,2023-07-09,남자,40 - 49세,경기도,국내온라인거래,스마트폰,계약불이행(불완전이행)
2023034827,2023-07-09,여자,50 - 59세,경기도,방문판매,식탁,청약철회
2023034828,2023-07-09,남자,40 - 49세,광주광역시,기타,아파트,AS불만
2023034829,2023-07-09,남자,50 - 59세,울산광역시,국내온라인거래,콘도회원권,계약해제.해지/위약금
2023034830,2023-07-09,여자,20 - 29세,경기도,일반판매,기타문화용품,계약불이행(불완전이행)
2023034831,2023-07-09,남자,50 - 59세,경상북도,국내온라인거래,인터넷정보이용서비스,부당행위
2023034916,2023-07-07,남자,30 - 39세,경기도,국내온라인거래,기타컴퓨터·주변기기,품질(물품/용역)
2023034918,2023-07-10,여자,40 - 49세,경기도,일반판매,찬류,품질(물품/용역)
2023034919,2023-07-10,남자,30 - 39세,서울특별시,국내온라인거래,선풍기,품질(물품/용역)
2023034920,2023-07-10,남자,30 - 39세,부산광역시,일반판매,티셔츠,품질(물품/용역)
2023034921,2023-07-10,여자,20 - 29세,인천광역시,일반판매,필라테스,계약해제.해지/위약금
2023034922,2023-07-10,남자,30 - 39세,경기도,일반판매,중형승용자동차,계약불이행(불완전이행)
2023034923,2023-07-10,남자,30 - 39세,경기도,일반판매,자동차세차,부당행위
2023034924,2023-07-10,남자,30 - 39세,전라남도,국내온라인거래,기타자동차용품,표시.광고
2023034925,2023-07-10,남자,40 - 49세,강원특별자치도,일반판매,인터넷교육서비스,계약해제.해지/위약금
2023034926,2023-07-10,남자,40 - 49세,대구광역시,국내온라인거래,기타회원권,계약불이행(불완전이행)
2023034927,2023-07-10,여자,40 - 49세,경기도,일반판매,자동차수리·점검,부당행위
2023034928,2023-07-10,여자,30 - 39세,인천광역시,국내온라인거래,원피스,청약철회
2023034929,2023-07-10,남자,50 - 59세,충청남도,일반판매,자동차수리·점검,품질(물품/용역)
2023034932,2023-07-10,여자,60 - 64세,인천광역시,일반판매,국외여행,계약불이행(불완전이행)
2023034933,2023-07-10,여자,60 - 64세,충청북도,일반판매,티셔츠,품질(물품/용역)
2023034934,2023-07-10,여자,50 - 59세,경상북도,국내온라인거래,차량용블랙박스,청약철회
2023034935,2023-07-10,남자,40 - 49세,경기도,국내온라인거래,컴퓨터모니터(데스크탑),품질(물품/용역)
2023034936,2023-07-10,남자,20 - 29세,경기도,일반판매,오토바이,계약불이행(불완전이행)
2023034937,2023-07-10,여자,50 - 59세,경기도,국내온라인거래,시계,계약해제.해지/위약금
2023034938,2023-07-10,여자,40 - 49세,서울특별시,국내온라인거래,양복(서양식 의복)세탁,품질(물품/용역)
2023034939,2023-07-10,남자,20 - 29세,부산광역시,일반판매,헬스장,계약해제.해지/위약금
2023034940,2023-07-10,남자,65 - 69세,경상북도,일반판매,룸에어컨,품질(물품/용역)
2023034941,2023-07-10,여자,30 - 39세,경기도,국내온라인거래,기타유아용식생활용품,품질(물품/용역)
2023034942,2023-07-10,여자,20 - 29세,서울특별시,국내온라인거래,여자용내의류,표시.광고
2023034943,2023-07-10,남자,30 - 39세,경기도,일반판매,포장이사운송서비스,계약불이행(불완전이행)
2023034944,2023-07-10,남자,60 - 64세,부산광역시,일반판매,빵,품질(물품/용역)
2023034945,2023-07-10,남자,20 - 29세,경기도,일반판매,차량네비게이션(자동항법장치),계약불이행(불완전이행)
2023034946,2023-07-10,남자,60 - 64세,경기도,일반판매,국외여행,계약해제.해지/위약금
2023034948,2023-07-10,여자,30 - 39세,서울특별시,모바일거래,자동차주차장,계약불이행(불완전이행)
2023034949,2023-07-10,남자,30 - 39세,서울특별시,소셜커머스(쇼핑),벨트,계약불이행(불완전이행)
2023034950,2023-07-10,남자,30 - 39세,전라북도,일반판매,골프회원권,계약불이행(불완전이행)
2023034951,2023-07-10,여자,30 - 39세,대구광역시,일반판매,전동킥보드,품질(물품/용역)
2023034952,2023-07-10,남자,65 - 69세,강원특별자치도,일반판매,각종자격취득강습,계약불이행(불완전이행)
2023034953,2023-07-10,남자,60 - 64세,서울특별시,국내온라인거래,운동화,계약해제.해지/위약금
2023034955,2023-07-10,남자,40 - 49세,대전광역시,일반판매,자동차보험,계약불이행(불완전이행)
2023034956,2023-07-10,남자,50 - 59세,경기도,국내온라인거래,모바일게임서비스,무능력자계약
2023034957,2023-07-10,남자,30 - 39세,경기도,국내온라인거래,신유형상품권,부당행위
2023034958,2023-07-10,여자,30 - 39세,경상남도,일반판매,예식서비스,계약해제.해지/위약금
2023034959,2023-07-10,여자,20 - 29세,경기도,모바일거래,지갑,청약철회
2023034960,2023-07-10,여자,50 - 59세,경기도,일반판매,양복(서양식 의복)세탁,품질(물품/용역)
2023034961,2023-07-10,여자,60 - 64세,서울특별시,방문판매,실손보험,계약불이행(불완전이행)
2023034962,2023-07-10,여자,30 - 39세,경상남도,모바일거래,신유형상품권,가격.요금
2023034963,2023-07-10,남자,50 - 59세,전라남도,일반판매,버스여객운송서비스,품질(물품/용역)
2023034964,2023-07-10,남자,30 - 39세,경기도,일반판매,도어록,계약불이행(불완전이행)
2023034965,2023-07-10,남자,30 - 39세,경기도,국내온라인거래,노트북컴퓨터,계약불이행(불완전이행)
2023034966,2023-07-10,여자,40 - 49세,경기도,일반판매,양복(서양식 의복)세탁,품질(물품/용역)
2023034967,2023-07-10,여자,40 - 49세,강원특별자치도,국내온라인거래,기타의류·섬유,계약불이행(불완전이행)
2023034968,2023-07-10,남자,30 - 39세,서울특별시,국내온라인거래,기타건강식품,품질(물품/용역)
2023034969,2023-07-10,남자,50 - 59세,인천광역시,일반판매,티셔츠,품질(물품/용역)
2023034970,2023-07-10,남자,40 - 49세,부산광역시,국내온라인거래,김치,계약불이행(불완전이행)
2023034971,2023-07-10,남자,10 - 19세,대구광역시,국내온라인거래,독서실이용,계약해제.해지/위약금
2023034972,2023-07-10,여자,40 - 49세,서울특별시,기타,미분류대여(렌트),계약해제.해지/위약금
2023034973,2023-07-10,여자,50 - 59세,울산광역시,일반판매,숙녀복하의,품질(물품/용역)
2023034974,2023-07-10,남자,20 - 29세,경기도,국내온라인거래,룸에어컨,품질(물품/용역)
2023034976,2023-07-10,남자,60 - 64세,서울특별시,일반판매,신경외과,품질(물품/용역)
2023034977,2023-07-10,여자,60 - 64세,인천광역시,기타,내과,품질(물품/용역)
2023034978,2023-07-10,여자,40 - 49세,경기도,일반판매,요가,계약해제.해지/위약금
2023034979,2023-07-10,여자,30 - 39세,경기도,일반판매,미용서비스,계약해제.해지/위약금
2023034980,2023-07-10,남자,30 - 39세,서울특별시,국내온라인거래,신유형상품권,부당행위
2023034981,2023-07-10,여자,50 - 59세,대전광역시,일반판매,핸드백,품질(물품/용역)
2023034982,2023-07-10,남자,40 - 49세,대구광역시,일반판매,중고자동차중개·매매,품질(물품/용역)
2023034983,2023-07-10,남자,60 - 64세,광주광역시,기타,항공화물운송서비스,가격.요금
2023034984,2023-07-10,남자,60 - 64세,광주광역시,기타,항공여객운송서비스,가격.요금
2023034985,2023-07-10,여자,불명,서울특별시,국내온라인거래,샌들·슬리퍼,청약철회
2023034986,2023-07-10,남자,60 - 64세,광주광역시,기타,항공화물운송서비스,가격.요금
2023034987,2023-07-10,여자,20 - 29세,경기도,일반판매,헬스장,계약해제.해지/위약금
2023034988,2023-07-10,여자,30 - 39세,서울특별시,국내온라인거래,부업알선,계약해제.해지/위약금
2023034989,2023-07-10,여자,30 - 39세,경기도,국내온라인거래,거울,청약철회
2023034990,2023-07-10,여자,60 - 64세,경기도,국내온라인거래,룸에어컨,품질(물품/용역)
2023034991,2023-07-10,남자,65 - 69세,부산광역시,일반판매,정수기대여(렌트),계약해제.해지/위약금
2023034992,2023-07-10,남자,30 - 39세,경기도,모바일거래,카셰어링,약관
2023034993,2023-07-10,남자,40 - 49세,경기도,국내온라인거래,기타가사용품,품질(물품/용역)
2023034994,2023-07-10,여자,10 - 19세,서울특별시,일반판매,건강(암·기타질병)보험,약관
2023034995,2023-07-10,여자,60 - 64세,강원특별자치도,일반판매,양복(서양식 의복)세탁,품질(물품/용역)
2023034996,2023-07-10,여자,30 - 39세,광주광역시,전화권유판매,인터넷정보이용서비스,계약해제.해지/위약금
2023034997,2023-07-10,여자,20 - 29세,서울특별시,국내온라인거래,원피스,품질(물품/용역)
2023034998,2023-07-10,여자,30 - 39세,경상남도,방문판매,국외여행,계약해제.해지/위약금
2023034999,2023-07-10,남자,20 - 29세,경기도,일반판매,고시원이용,계약해제.해지/위약금
2023035000,2023-07-10,여자,50 - 59세,충청남도,국내온라인거래,기타숙박시설,계약해제.해지/위약금
2023035001,2023-07-10,여자,30 - 39세,서울특별시,국내온라인거래,양복(서양식 의복)세탁,품질(물품/용역)
2023035002,2023-07-10,여자,30 - 39세,경상북도,국내온라인거래,기타세탁서비스,품질(물품/용역)
2023035003,2023-07-10,여자,30 - 39세,서울특별시,일반판매,양복(서양식 의복)세탁,계약불이행(불완전이행)
2023035004,2023-07-10,여자,60 - 64세,부산광역시,일반판매,국내결혼중개,계약해제.해지/위약금
2023035005,2023-07-10,남자,50 - 59세,인천광역시,일반판매,이동전화서비스,계약해제.해지/위약금
2023035006,2023-07-10,남자,30 - 39세,서울특별시,모바일거래,모바일게임서비스,청약철회
2023035007,2023-07-10,남자,60 - 64세,서울특별시,일반판매,한의원,품질(물품/용역)
2023035015,2023-07-10,여자,20 - 29세,서울특별시,국내온라인거래,모바일정보이용서비스,청약철회
2023035016,2023-07-10,남자,30 - 39세,대전광역시,소셜커머스(쇼핑),냉장고,AS불만
2023035017,2023-07-10,여자,30 - 39세,광주광역시,방문판매,헬스장,계약해제.해지/위약금
2023035018,2023-07-10,여자,30 - 39세,충청남도,기타통신판매,항공여객운송서비스,계약불이행(불완전이행)
2023035020,2023-07-10,남자,40 - 49세,광주광역시,국내온라인거래,항공여객운송서비스,청약철회
2023035021,2023-07-10,여자,40 - 49세,서울특별시,기타,정수기대여(렌트),품질(물품/용역)
2023035022,2023-07-10,남자,30 - 39세,대전광역시,일반판매,예식서비스,품질(물품/용역)
2023035023,2023-07-10,남자,40 - 49세,경상남도,전화권유판매,영어자격(능력)시험,청약철회
2023035024,2023-07-10,남자,30 - 39세,서울특별시,일반판매,신사복세트,품질(물품/용역)
2023035025,2023-07-10,남자,30 - 39세,충청남도,일반판매,골프회원권,계약해제.해지/위약금
2023035026,2023-07-10,남자,30 - 39세,경기도,국내온라인거래,항공여객운송서비스,계약해제.해지/위약금
2023035027,2023-07-10,남자,40 - 49세,충청남도,소셜커머스(쇼핑),국외여행,계약불이행(불완전이행)
2023035028,2023-07-10,남자,30 - 39세,경기도,국내온라인거래,컴퓨터수리,AS불만
2023035029,2023-07-10,여자,20 - 29세,서울특별시,모바일거래,독서실이용,계약해제.해지/위약금
2023035030,2023-07-10,남자,40 - 49세,대구광역시,기타,룸에어컨,부당행위
2023035031,2023-07-10,여자,50 - 59세,광주광역시,일반판매,국외여행,단순문의.상담
2023035032,2023-07-10,여자,40 - 49세,경기도,국내온라인거래,기타신발·용품,청약철회
2023035033,2023-07-10,여자,30 - 39세,경상남도,국내온라인거래,레저시설이용,계약해제.해지/위약금
2023035034,2023-07-10,남자,20 - 29세,경기도,일반판매,사진촬영,계약해제.해지/위약금
2023035035,2023-07-10,여자,30 - 39세,경상남도,국내온라인거래,스포츠관람,계약불이행(불완전이행)
2023035036,2023-07-10,남자,70 - 79세,경기도,일반판매,콘도회원권,계약불이행(불완전이행)
2023035037,2023-07-10,여자,30 - 39세,경기도,국내온라인거래,기타매체광고,계약해제.해지/위약금
2023035038,2023-07-10,여자,40 - 49세,전라남도,국내온라인거래,기타가방,품질(물품/용역)
2023035039,2023-07-10,남자,20 - 29세,세종특별자치시,기타통신판매,사진촬영,청약철회
2023035040,2023-07-10,여자,20 - 29세,경기도,국내온라인거래,항공여객운송서비스,계약해제.해지/위약금
2023035041,2023-07-10,여자,20 - 29세,서울특별시,일반판매,사진촬영,계약불이행(불완전이행)
2023035042,2023-07-10,여자,30 - 39세,서울특별시,일반판매,필라테스,계약해제.해지/위약금
2023035043,2023-07-10,여자,40 - 49세,부산광역시,국내온라인거래,기타과일·과일가공식품,품질(물품/용역)
2023035044,2023-07-10,남자,20 - 29세,서울특별시,일반판매,기타정보이용서비스,부당행위
2023035046,2023-07-10,남자,20 - 29세,서울특별시,방문판매,콘도회원권,계약해제.해지/위약금
2023035047,2023-07-10,여자,50 - 59세,서울특별시,소셜커머스(쇼핑),카펫,품질(물품/용역)
2023035048,2023-07-10,남자,60 - 64세,광주광역시,방문판매,국내결혼중개,계약해제.해지/위약금
2023035049,2023-07-10,남자,30 - 39세,부산광역시,기타,기타통신기기,품질(물품/용역)
2023035050,2023-07-10,여자,20 - 29세,강원특별자치도,모바일거래,이동전화서비스,표시.광고
2023035051,2023-07-10,여자,20 - 29세,광주광역시,전화권유판매,무선인터넷,계약해제.해지/위약금
2023035052,2023-07-10,남자,30 - 39세,대구광역시,국내온라인거래,장난감총,계약불이행(불완전이행)
2023035053,2023-07-10,여자,50 - 59세,경기도,일반판매,포장이사운송서비스,품질(물품/용역)
2023035054,2023-07-10,여자,40 - 49세,부산광역시,국내온라인거래,골프용품,계약해제.해지/위약금
2023035055,2023-07-10,여자,30 - 39세,충청북도,기타통신판매,룸에어컨,품질(물품/용역)
2023035056,2023-07-10,남자,30 - 39세,경기도,일반판매,애완견,계약불이행(불완전이행)
2023035057,2023-07-10,남자,50 - 59세,경기도,일반판매,공부방이용,계약불이행(불완전이행)
2023035058,2023-07-10,여자,30 - 39세,경기도,국내온라인거래,보석·귀금속,청약철회
2023035059,2023-07-10,여자,50 - 59세,경기도,일반판매,보석·귀금속,계약불이행(불완전이행)
2023035060,2023-07-10,여자,40 - 49세,서울특별시,국내온라인거래,미술전시관람,계약해제.해지/위약금
2023035062,2023-07-10,여자,30 - 39세,경기도,국내온라인거래,부업알선,계약해제.해지/위약금
2023035063,2023-07-10,여자,30 - 39세,대전광역시,방문판매,기타매체광고,청약철회
2023035064,2023-07-10,여자,30 - 39세,경기도,방문판매,헬스장,계약해제.해지/위약금
2023035065,2023-07-10,여자,40 - 49세,서울특별시,국내온라인거래,헤드폰·이어폰,품질(물품/용역)
2023035066,2023-07-10,남자,40 - 49세,서울특별시,기타,스마트폰,품질(물품/용역)
2023035068,2023-07-10,여자,30 - 39세,대전광역시,방문판매,다이어트식품,계약해제.해지/위약금
2023035069,2023-07-10,여자,30 - 39세,서울특별시,기타,보석·귀금속,품질(물품/용역)
2023035070,2023-07-10,남자,50 - 59세,서울특별시,일반판매,항공여객운송서비스,AS불만
2023035071,2023-07-10,남자,50 - 59세,서울특별시,일반판매,골프회원권,계약해제.해지/위약금
2023035072,2023-07-10,남자,30 - 39세,서울특별시,일반판매,피부·체형관리서비스,계약해제.해지/위약금
2023035073,2023-07-10,남자,30 - 39세,부산광역시,소셜커머스(쇼핑),여행용가방,품질(물품/용역)
2023035074,2023-07-10,여자,10 - 19세,충청남도,일반판매,헬스장,계약해제.해지/위약금
2023035075,2023-07-10,여자,30 - 39세,부산광역시,기타통신판매,기타방문·통신교육서비스,계약해제.해지/위약금
2023035076,2023-07-10,여자,40 - 49세,서울특별시,국내온라인거래,영화관람,계약해제.해지/위약금
2023035077,2023-07-10,여자,30 - 39세,경기도,일반판매,양복(서양식 의복)세탁,품질(물품/용역)
2023035078,2023-07-10,여자,20 - 29세,서울특별시,일반판매,미용서비스,품질(물품/용역)
2023035079,2023-07-10,여자,30 - 39세,부산광역시,일반판매,인덕션레인지,품질(물품/용역)
2023035080,2023-07-10,여자,10 - 19세,경기도,일반판매,헬스장,계약해제.해지/위약금
2023035081,2023-07-10,여자,30 - 39세,광주광역시,국내온라인거래,샌들·슬리퍼,계약불이행(불완전이행)
2023035082,2023-07-10,남자,30 - 39세,경상북도,일반판매,신사복세트,품질(물품/용역)
2023035083,2023-07-10,여자,40 - 49세,서울특별시,일반판매,요가,계약해제.해지/위약금
2023035084,2023-07-10,남자,30 - 39세,경기도,국내온라인거래,호텔,계약해제.해지/위약금
2023035085,2023-07-10,남자,40 - 49세,부산광역시,기타,메모리,품질(물품/용역)
2023035086,2023-07-10,남자,40 - 49세,전라북도,국내온라인거래,압력솥,계약불이행(불완전이행)
2023035087,2023-07-10,여자,40 - 49세,제주도,국내온라인거래,전기고데기,계약불이행(불완전이행)
2023035088,2023-07-10,남자,50 - 59세,서울특별시,국내온라인거래,항공여객운송서비스,가격.요금
2023035089,2023-07-10,여자,30 - 39세,충청남도,국내온라인거래,기타세정제·탈취제,품질(물품/용역)
2023035090,2023-07-10,여자,40 - 49세,서울특별시,국내온라인거래,항공여객운송서비스,계약불이행(불완전이행)
2023035091,2023-07-10,남자,30 - 39세,경상북도,국내온라인거래,공기청정기,청약철회
2023035092,2023-07-10,남자,20 - 29세,서울특별시,일반판매,종합체육시설회원권,계약해제.해지/위약금
2023035093,2023-07-10,여자,30 - 39세,대전광역시,방문판매,필라테스,계약불이행(불완전이행)
2023035094,2023-07-10,남자,20 - 29세,서울특별시,국내온라인거래,기타간편복,청약철회
2023035095,2023-07-10,여자,20 - 29세,대전광역시,방문판매,헬스장,계약해제.해지/위약금
2023035096,2023-07-10,여자,30 - 39세,서울특별시,국내온라인거래,전등·전구,청약철회
2023035097,2023-07-10,남자,30 - 39세,경기도,국내온라인거래,각종공연관람,계약해제.해지/위약금
2023035098,2023-07-10,남자,30 - 39세,대전광역시,모바일거래,이불·침대커버,계약불이행(불완전이행)
2023035099,2023-07-10,남자,40 - 49세,광주광역시,국내온라인거래,빵,청약철회
2023035100,2023-07-10,남자,30 - 39세,경상북도,국내온라인거래,시계,청약철회
2023035101,2023-07-10,남자,30 - 39세,서울특별시,국내온라인거래,의자,청약철회
2023035102,2023-07-10,여자,20 - 29세,경기도,모바일거래,모바일정보이용서비스,부당행위
2023035103,2023-07-10,여자,40 - 49세,서울특별시,국내온라인거래,기타인터넷기반서비스,가격.요금
2023035104,2023-07-10,남자,60 - 64세,강원특별자치도,소셜커머스(쇼핑),기타건강식품,청약철회
2023035105,2023-07-10,여자,20 - 29세,충청남도,국내온라인거래,숙녀복상의,청약철회
2023035106,2023-07-10,남자,40 - 49세,경기도,일반판매,국내결혼중개,계약해제.해지/위약금
2023035107,2023-07-10,남자,40 - 49세,서울특별시,일반판매,변호서비스,계약해제.해지/위약금
2023035108,2023-07-10,여자,30 - 39세,경기도,방문판매,인터넷교육서비스,계약해제.해지/위약금
2023035109,2023-07-10,여자,20 - 29세,경기도,방문판매,헬스장,계약해제.해지/위약금
2023035110,2023-07-10,여자,65 - 69세,서울특별시,국내온라인거래,원피스,청약철회
2023035111,2023-07-10,여자,20 - 29세,경기도,일반판매,필라테스,계약불이행(불완전이행)
2023035112,2023-07-10,남자,30 - 39세,경기도,일반판매,예식서비스,계약해제.해지/위약금
2023035113,2023-07-10,남자,20 - 29세,서울특별시,국내온라인거래,인터넷교육서비스,계약해제.해지/위약금
2023035114,2023-07-10,여자,30 - 39세,서울특별시,국내온라인거래,기타신변용품,청약철회
2023035115,2023-07-10,여자,20 - 29세,경기도,국제온라인거래,국내여행,계약해제.해지/위약금
2023035116,2023-07-10,여자,30 - 39세,경기도,국내온라인거래,항공여객운송서비스,가격.요금
2023035117,2023-07-10,남자,30 - 39세,인천광역시,방문판매,피부·체형관리서비스,계약해제.해지/위약금
2023035118,2023-07-10,여자,30 - 39세,대전광역시,일반판매,헬스장,계약해제.해지/위약금
2023035119,2023-07-10,여자,30 - 39세,서울특별시,국내온라인거래,기타의류·섬유,청약철회
2023035120,2023-07-10,여자,50 - 59세,서울특별시,일반판매,신유형상품권,약관
2023035121,2023-07-10,남자,30 - 39세,인천광역시,일반판매,헬스장,계약해제.해지/위약금
2023035122,2023-07-10,남자,20 - 29세,부산광역시,국내온라인거래,기타의류·섬유,계약해제.해지/위약금
2023035123,2023-07-10,여자,30 - 39세,경기도,일반판매,피부·체형관리서비스,계약해제.해지/위약금
2023035124,2023-07-10,남자,30 - 39세,서울특별시,일반판매,골프회원권,계약해제.해지/위약금
2023035215,2023-07-11,여자,40 - 49세,서울특별시,국내온라인거래,신유형상품권,약관
2023035217,2023-07-10,여자,50 - 59세,서울특별시,일반판매,기타인테리어설비,계약해제.해지/위약금
2023035218,2023-07-11,남자,50 - 59세,서울특별시,일반판매,신경외과,품질(물품/용역)
2023035219,2023-07-11,여자,65 - 69세,경상북도,일반판매,양복(서양식 의복)세탁,품질(물품/용역)
2023035220,2023-07-11,여자,30 - 39세,서울특별시,일반판매,기타이·미용서비스,품질(물품/용역)
2023035221,2023-07-11,여자,50 - 59세,경기도,일반판매,헬스장,계약해제.해지/위약금
2023035222,2023-07-11,남자,50 - 59세,인천광역시,일반판매,자동차수리·점검,품질(물품/용역)
2023035224,2023-07-11,여자,50 - 59세,서울특별시,일반판매,기타세탁서비스,품질(물품/용역)
2023035225,2023-07-11,여자,30 - 39세,경기도,국내온라인거래,유아용피복품,계약해제.해지/위약금
2023035226,2023-07-11,남자,60 - 64세,경기도,기타,초고속인터넷,가격.요금
2023035227,2023-07-11,남자,65 - 69세,경기도,기타,공중목욕탕,계약해제.해지/위약금
2023035228,2023-07-11,남자,20 - 29세,강원특별자치도,일반판매,대형승용자동차,AS불만
2023035229,2023-07-11,여자,30 - 39세,전라북도,방문판매,학습지,계약해제.해지/위약금
2023035230,2023-07-11,남자,30 - 39세,경기도,일반판매,기타주거관리설비,AS불만
2023035231,2023-07-11,남자,40 - 49세,경기도,국내온라인거래,옷장,품질(물품/용역)
2023035232,2023-07-11,남자,50 - 59세,경상북도,전화권유판매,이동전화서비스,계약불이행(불완전이행)
2023035233,2023-07-11,여자,60 - 64세,경기도,국내온라인거래,룸에어컨,청약철회
2023035234,2023-07-11,여자,65 - 69세,경기도,일반판매,항공여객운송서비스,계약해제.해지/위약금
2023035235,2023-07-11,남자,50 - 59세,서울특별시,기타,신경외과,품질(물품/용역)
2023035236,2023-07-11,여자,65 - 69세,광주광역시,일반판매,실손보험,약관
2023035237,2023-07-11,여자,30 - 39세,충청남도,기타,포장이사운송서비스,품질(물품/용역)
2023035238,2023-07-11,남자,40 - 49세,인천광역시,소셜커머스(쇼핑),가구세트,품질(물품/용역)
2023035239,2023-07-11,여자,65 - 69세,서울특별시,일반판매,필라테스,계약해제.해지/위약금
2023035241,2023-07-11,여자,30 - 39세,경기도,기타,일반이사운송서비스,품질(물품/용역)
2023035242,2023-07-11,여자,40 - 49세,부산광역시,국내온라인거래,아동복,청약철회
2023035244,2023-07-11,남자,50 - 59세,경기도,국내온라인거래,차량용블랙박스,품질(물품/용역)
2023035245,2023-07-11,여자,30 - 39세,부산광역시,국내온라인거래,키보드,청약철회
2023035246,2023-07-11,여자,60 - 64세,광주광역시,국내온라인거래,점퍼·재킷류,청약철회
2023035247,2023-07-11,여자,50 - 59세,경기도,일반판매,양복(서양식 의복)세탁,품질(물품/용역)
2023035248,2023-07-11,여자,50 - 59세,대구광역시,일반판매,양복(서양식 의복)세탁,품질(물품/용역)
2023035249,2023-07-11,여자,50 - 59세,대구광역시,일반판매,기타세탁서비스,품질(물품/용역)
2023035250,2023-07-11,여자,50 - 59세,대구광역시,일반판매,양복(서양식 의복)세탁,품질(물품/용역)
2023035252,2023-07-11,여자,50 - 59세,대구광역시,국내온라인거래,코트,품질(물품/용역)
2023035253,2023-07-11,남자,50 - 59세,경상남도,모바일거래,카셰어링,계약해제.해지/위약금
2023035254,2023-07-11,여자,30 - 39세,대전광역시,일반판매,외식,안전(제품/시설)
2023035255,2023-07-11,남자,40 - 49세,경상북도,일반판매,예식서비스,청약철회
2023035256,2023-07-11,남자,50 - 59세,광주광역시,국내온라인거래,자동차수리·점검,청약철회
2023035257,2023-07-11,남자,65 - 69세,경기도,소셜커머스(쇼핑),드라이버,안전(제품/시설)
2023035258,2023-07-11,남자,30 - 39세,경기도,일반판매,헬스장,계약해제.해지/위약금
2023035259,2023-07-11,여자,50 - 59세,경상북도,일반판매,양복(서양식 의복)세탁,품질(물품/용역)
2023035260,2023-07-11,여자,40 - 49세,대전광역시,일반판매,골프회원권,계약해제.해지/위약금
2023035261,2023-07-11,여자,30 - 39세,경기도,일반판매,양복(서양식 의복)세탁,품질(물품/용역)
2023035262,2023-07-11,여자,30 - 39세,경기도,국내온라인거래,양복(서양식 의복)세탁,품질(물품/용역)
2023035263,2023-07-11,여자,40 - 49세,경기도,국내온라인거래,트레이닝기구,안전(제품/시설)
2023035264,2023-07-11,여자,30 - 39세,서울특별시,일반판매,국내결혼중개,계약불이행(불완전이행)
2023035265,2023-07-11,남자,40 - 49세,서울특별시,국내온라인거래,호텔,계약해제.해지/위약금
2023035266,2023-07-11,여자,50 - 59세,부산광역시,전화권유판매,유사투자자문,계약해제.해지/위약금
2023035267,2023-07-11,남자,30 - 39세,경기도,일반판매,건강(암·기타질병)보험,계약불이행(불완전이행)
2023035268,2023-07-11,남자,50 - 59세,경기도,일반판매,룸에어컨,품질(물품/용역)
2023035269,2023-07-11,여자,20 - 29세,서울특별시,일반판매,수영장회원권,계약해제.해지/위약금
2023035270,2023-07-11,여자,30 - 39세,경상남도,일반판매,캐주얼바지,품질(물품/용역)
2023035271,2023-07-11,남자,30 - 39세,서울특별시,국내온라인거래,냉장고,품질(물품/용역)
2023035272,2023-07-11,남자,70 - 79세,대구광역시,일반판매,우물펌프,계약불이행(불완전이행)
2023035273,2023-07-11,남자,40 - 49세,서울특별시,일반판매,헬스장,계약해제.해지/위약금
2023035274,2023-07-11,남자,50 - 59세,인천광역시,일반판매,타이어,품질(물품/용역)
2023035275,2023-07-11,여자,50 - 59세,서울특별시,일반판매,양복(서양식 의복)세탁,품질(물품/용역)
2023035276,2023-07-11,여자,50 - 59세,경기도,기타,포장이사운송서비스,계약불이행(불완전이행)
2023035277,2023-07-11,여자,30 - 39세,경기도,국내온라인거래,음식물처리기대여(렌트),품질(물품/용역)
2023035278,2023-07-11,남자,30 - 39세,서울특별시,국내온라인거래,자격시험기타,표시.광고
2023035279,2023-07-11,여자,40 - 49세,대구광역시,일반판매,미용서비스,계약불이행(불완전이행)
2023035280,2023-07-11,여자,20 - 29세,경기도,일반판매,사진촬영,청약철회
2023035281,2023-07-11,남자,60 - 64세,경기도,일반판매,자동차세차,부당행위
2023035282,2023-07-11,여자,30 - 39세,서울특별시,기타,기타옥외장비·설비,계약불이행(불완전이행)
2023035283,2023-07-11,여자,60 - 64세,인천광역시,소셜커머스(쇼핑),텐트,품질(물품/용역)
2023035284,2023-07-11,여자,20 - 29세,부산광역시,일반판매,중고자동차중개·매매,표시.광고
2023035285,2023-07-11,여자,30 - 39세,서울특별시,국제온라인거래,양복(서양식 의복)세탁,품질(물품/용역)
2023035286,2023-07-11,여자,30 - 39세,인천광역시,일반판매,숙녀복상의,품질(물품/용역)
2023035287,2023-07-11,남자,30 - 39세,인천광역시,기타,기타한복관련용품,계약해제.해지/위약금
2023035288,2023-07-11,여자,50 - 59세,부산광역시,일반판매,티셔츠,품질(물품/용역)
2023035289,2023-07-11,여자,50 - 59세,서울특별시,일반판매,아파트,품질(물품/용역)
2023035315,2023-07-11,남자,30 - 39세,충청남도,모바일거래,기타숙박시설,계약해제.해지/위약금
2023035316,2023-07-11,여자,65 - 69세,부산광역시,일반판매,핸드백,품질(물품/용역)
2023035317,2023-07-11,여자,40 - 49세,경상북도,국내온라인거래,양복(서양식 의복)세탁,품질(물품/용역)
2023035318,2023-07-11,여자,50 - 59세,서울특별시,일반판매,택배화물운송서비스,계약불이행(불완전이행)
2023035319,2023-07-11,남자,30 - 39세,전라남도,일반판매,셔츠,품질(물품/용역)
2023035415,2023-07-11,여자,30 - 39세,경상북도,일반판매,기타신발·용품,품질(물품/용역)
2023035416,2023-07-11,여자,20 - 29세,경기도,일반판매,테니스장스쿼시회원권,계약불이행(불완전이행)
2023035417,2023-07-11,여자,20 - 29세,인천광역시,일반판매,미용서비스,계약해제.해지/위약금
2023035418,2023-07-11,여자,20 - 29세,서울특별시,국내온라인거래,펜션,계약해제.해지/위약금
2023035419,2023-07-11,여자,40 - 49세,울산광역시,방문판매,학습지,계약해제.해지/위약금
2023035420,2023-07-11,여자,40 - 49세,서울특별시,기타,기타의료서비스,단순문의.상담
2023035421,2023-07-11,남자,40 - 49세,경기도,기타,스마트폰,안전(제품/시설)
2023035422,2023-07-11,여자,40 - 49세,경상남도,국내온라인거래,여자용내의류,청약철회
2023035423,2023-07-11,여자,30 - 39세,경상남도,기타,시스템에어컨,AS불만
2023035424,2023-07-11,여자,40 - 49세,인천광역시,국내온라인거래,욕실설비,청약철회
2023035425,2023-07-11,남자,50 - 59세,경기도,국내온라인거래,기타스포츠·레저기구·용품,청약철회
2023035426,2023-07-11,남자,30 - 39세,경기도,일반판매,레저시설이용,계약불이행(불완전이행)
2023035427,2023-07-11,남자,40 - 49세,인천광역시,기타,미분류수리가공,거래관행
2023035428,2023-07-11,여자,30 - 39세,대전광역시,방문판매,필라테스,계약해제.해지/위약금
2023035429,2023-07-11,남자,30 - 39세,강원특별자치도,국내온라인거래,신사화(구두·부츠 등),청약철회
2023035430,2023-07-11,여자,50 - 59세,경기도,국내온라인거래,헬스장,계약해제.해지/위약금
2023035431,2023-07-11,여자,40 - 49세,경상남도,모바일거래,다이어트식품,품질(물품/용역)
2023035432,2023-07-11,여자,30 - 39세,서울특별시,국내온라인거래,숙녀화(구두·부츠 등),청약철회
2023035433,2023-07-11,여자,20 - 29세,서울특별시,일반판매,미용서비스,부당행위
2023035435,2023-07-11,여자,30 - 39세,서울특별시,일반판매,필라테스,계약해제.해지/위약금
2023035436,2023-07-11,남자,40 - 49세,대전광역시,모바일거래,기타일반화장품,계약불이행(불완전이행)
2023035437,2023-07-11,여자,40 - 49세,전라남도,국내온라인거래,전기세탁기,품질(물품/용역)
2023035438,2023-07-11,남자,40 - 49세,서울특별시,모바일거래,이동전화서비스,부당행위
2023035439,2023-07-11,여자,40 - 49세,경기도,모바일거래,애완견,계약불이행(불완전이행)
2023035440,2023-07-11,남자,40 - 49세,서울특별시,일반판매,외식,품질(물품/용역)
2023035441,2023-07-11,여자,30 - 39세,전라북도,모바일거래,인터넷정보이용서비스,계약해제.해지/위약금
2023035442,2023-07-11,남자,30 - 39세,서울특별시,국내온라인거래,스포츠관람,계약해제.해지/위약금
2023035443,2023-07-11,여자,30 - 39세,경기도,전화권유판매,기타매체광고,계약해제.해지/위약금
2023035444,2023-07-11,남자,50 - 59세,대전광역시,국제온라인거래,항공여객운송서비스,계약해제.해지/위약금
2023035445,2023-07-11,여자,20 - 29세,서울특별시,방문판매,헬스장,계약해제.해지/위약금
2023035446,2023-07-11,여자,20 - 29세,서울특별시,일반판매,국내결혼중개,계약해제.해지/위약금
2023035447,2023-07-11,남자,60 - 64세,부산광역시,기타,펜션,계약해제.해지/위약금
2023035448,2023-07-11,여자,30 - 39세,경기도,일반판매,기타이·미용서비스,계약해제.해지/위약금
2023035449,2023-07-11,남자,40 - 49세,전라북도,국내온라인거래,운동화,청약철회
2023035450,2023-07-11,여자,20 - 29세,전라북도,국내온라인거래,항공여객운송서비스,계약해제.해지/위약금
2023035451,2023-07-11,여자,30 - 39세,경상북도,일반판매,인터넷교육서비스,계약해제.해지/위약금
2023035452,2023-07-11,여자,50 - 59세,서울특별시,국내온라인거래,커튼,계약불이행(불완전이행)
2023035453,2023-07-11,남자,30 - 39세,경기도,국내온라인거래,기타신발·용품,품질(물품/용역)
2023035454,2023-07-11,남자,30 - 39세,서울특별시,국내온라인거래,호텔,계약해제.해지/위약금
2023035455,2023-07-11,여자,30 - 39세,서울특별시,국내온라인거래,인터넷교육서비스,계약해제.해지/위약금
2023035456,2023-07-11,남자,50 - 59세,경기도,국내온라인거래,펜션,계약해제.해지/위약금
2023035457,2023-07-11,남자,30 - 39세,경기도,모바일거래,항공여객운송서비스,계약불이행(불완전이행)
2023035458,2023-07-11,남자,40 - 49세,경기도,일반판매,애완견,품질(물품/용역)
2023035459,2023-07-11,남자,30 - 39세,전라북도,기타,비디오폰,AS불만
2023035460,2023-07-11,여자,20 - 29세,경상남도,기타,일반강습(입시학원등),계약해제.해지/위약금
2023035461,2023-07-11,남자,40 - 49세,서울특별시,기타통신판매,스마트폰,부당행위
2023035462,2023-07-11,여자,30 - 39세,서울특별시,기타,포장이사운송서비스,품질(물품/용역)
2023035463,2023-07-11,남자,20 - 29세,경기도,일반판매,전산강습,계약해제.해지/위약금
2023035464,2023-07-11,여자,40 - 49세,전라남도,기타,기타옥외장비·설비,계약해제.해지/위약금
2023035465,2023-07-11,남자,50 - 59세,서울특별시,기타,이동전화서비스,부당행위
2023035466,2023-07-11,여자,50 - 59세,인천광역시,기타,정수기대여(렌트),AS불만
2023035467,2023-07-11,여자,20 - 29세,서울특별시,국내온라인거래,각종공연관람,계약해제.해지/위약금
2023035468,2023-07-11,여자,40 - 49세,서울특별시,일반판매,우유,품질(물품/용역)
2023035469,2023-07-11,남자,20 - 29세,서울특별시,국내온라인거래,티셔츠,품질(물품/용역)
2023035470,2023-07-11,여자,40 - 49세,경기도,국내온라인거래,기타통신기기,부당행위
2023035471,2023-07-11,여자,20 - 29세,경기도,일반판매,티셔츠,청약철회
2023035472,2023-07-11,여자,50 - 59세,인천광역시,일반판매,헬스장,계약해제.해지/위약금
2023035473,2023-07-11,남자,65 - 69세,경기도,국내온라인거래,국외여행,계약해제.해지/위약금
2023035474,2023-07-11,여자,20 - 29세,경기도,일반판매,필라테스,계약해제.해지/위약금
2023035475,2023-07-11,여자,40 - 49세,경기도,일반판매,필라테스,계약해제.해지/위약금
2023035476,2023-07-11,여자,60 - 64세,인천광역시,소셜커머스(쇼핑),음식물처리기,AS불만
2023035477,2023-07-11,남자,20 - 29세,인천광역시,모바일거래,인터넷정보이용서비스,계약불이행(불완전이행)
2023035478,2023-07-11,여자,30 - 39세,서울특별시,국내온라인거래,지갑,계약불이행(불완전이행)
2023035479,2023-07-11,여자,30 - 39세,경기도,국내온라인거래,기타건강식품,청약철회
2023035480,2023-07-11,여자,40 - 49세,경기도,기타,정수기대여(렌트),AS불만
2023035481,2023-07-11,남자,20 - 29세,부산광역시,국내온라인거래,헤드폰·이어폰,품질(물품/용역)
2023035482,2023-07-11,여자,40 - 49세,부산광역시,국내온라인거래,기타냉장·냉동기기,부당행위
2023035483,2023-07-11,여자,30 - 39세,광주광역시,국내온라인거래,운동화,거래관행
2023035484,2023-07-11,여자,40 - 49세,서울특별시,기타,포장이사운송서비스,계약불이행(불완전이행)
2023035485,2023-07-11,남자,50 - 59세,서울특별시,일반판매,스마트폰,AS불만
2023035486,2023-07-11,여자,40 - 49세,부산광역시,일반판매,바닥재·마루공사,품질(물품/용역)
2023035487,2023-07-11,여자,30 - 39세,서울특별시,기타,택배화물운송서비스,품질(물품/용역)
2023035488,2023-07-11,여자,30 - 39세,경상남도,기타,기타문화·오락시설이용,계약해제.해지/위약금
2023035489,2023-07-11,남자,50 - 59세,전라북도,국내온라인거래,인터넷정보이용서비스,부당행위
2023035490,2023-07-11,남자,20 - 29세,서울특별시,모바일거래,항공여객운송서비스,이자.수수료
2023035491,2023-07-11,남자,40 - 49세,인천광역시,국내온라인거래,기타식탁용품,계약불이행(불완전이행)
2023035492,2023-07-11,남자,30 - 39세,경기도,국내온라인거래,스포츠웨어,청약철회
2023035493,2023-07-11,여자,20 - 29세,대전광역시,국내온라인거래,원피스,품질(물품/용역)
2023035494,2023-07-11,남자,30 - 39세,세종특별자치시,일반판매,사진촬영,계약불이행(불완전이행)
2023035495,2023-07-11,남자,40 - 49세,울산광역시,기타통신판매,도서·음반대여(렌트),계약불이행(불완전이행)
2023035496,2023-07-11,여자,50 - 59세,경기도,국내온라인거래,블라우스,청약철회
2023035497,2023-07-11,남자,30 - 39세,서울특별시,일반판매,헬스장,계약불이행(불완전이행)
2023035498,2023-07-11,여자,20 - 29세,경기도,기타,기타숙박시설,거래관행
2023035499,2023-07-11,여자,50 - 59세,대구광역시,국내온라인거래,기타가방,품질(물품/용역)
2023035500,2023-07-11,여자,20 - 29세,서울특별시,국제온라인거래,항공여객운송서비스,계약해제.해지/위약금
2023035501,2023-07-11,남자,20 - 29세,경기도,국내온라인거래,인터넷교육서비스,계약해제.해지/위약금
2023035503,2023-07-11,여자,30 - 39세,경기도,일반판매,소파,품질(물품/용역)
2023035504,2023-07-11,남자,20 - 29세,경기도,소셜커머스(쇼핑),샴푸,계약불이행(불완전이행)
2023035505,2023-07-11,남자,40 - 49세,경기도,기타,민박기타,계약해제.해지/위약금
2023035506,2023-07-11,여자,20 - 29세,경상남도,방문판매,메이크업강습,계약해제.해지/위약금
2023035507,2023-07-11,여자,40 - 49세,서울특별시,국내온라인거래,항공여객운송서비스,표시.광고
2023035516,2023-07-11,남자,50 - 59세,경기도,모바일거래,기타자동차부품,부당행위
2023035518,2023-07-12,여자,70 - 79세,대전광역시,일반판매,실손보험,계약불이행(불완전이행)
2023035519,2023-07-12,남자,70 - 79세,서울특별시,일반판매,이동전화서비스,청약철회
2023035520,2023-07-12,남자,(미입력),경기도,방문판매,항공여객운송서비스,계약불이행(불완전이행)
2023035521,2023-07-12,여자,30 - 39세,경기도,기타통신판매,건물청소서비스,계약불이행(불완전이행)
2023035522,2023-07-12,남자,40 - 49세,서울특별시,모바일거래,모바일게임서비스,무능력자계약
2023035523,2023-07-12,남자,50 - 59세,서울특별시,국내온라인거래,자동차대여(렌트),계약불이행(불완전이행)
2023035524,2023-07-12,여자,20 - 29세,대전광역시,일반판매,필라테스,계약불이행(불완전이행)
2023035525,2023-07-12,여자,50 - 59세,서울특별시,일반판매,오피스텔,AS불만
2023035526,2023-07-12,여자,40 - 49세,서울특별시,국내온라인거래,영화관람,계약해제.해지/위약금
2023035527,2023-07-12,여자,50 - 59세,서울특별시,일반판매,미용서비스,표시.광고
2023035528,2023-07-12,여자,30 - 39세,서울특별시,모바일거래,모바일게임서비스,청약철회
2023035529,2023-07-12,여자,60 - 64세,경기도,국내온라인거래,CCTV,품질(물품/용역)
2023035530,2023-07-12,여자,40 - 49세,서울특별시,일반판매,요가,계약해제.해지/위약금
2023035531,2023-07-12,남자,30 - 39세,서울특별시,일반판매,일반자전거,AS불만
2023035532,2023-07-12,여자,65 - 69세,대구광역시,일반판매,자동차수리·점검,품질(물품/용역)
2023035533,2023-07-12,여자,40 - 49세,서울특별시,방문판매,바닥재·마루공사,계약불이행(불완전이행)
2023035534,2023-07-12,여자,60 - 64세,광주광역시,일반판매,아파트,계약해제.해지/위약금
2023035535,2023-07-12,여자,40 - 49세,서울특별시,소셜커머스(쇼핑),선풍기,청약철회
2023035536,2023-07-12,남자,30 - 39세,서울특별시,일반판매,헬스장,계약해제.해지/위약금
2023035537,2023-07-12,여자,30 - 39세,서울특별시,일반판매,건강(암·기타질병)보험,약관
2023035538,2023-07-12,여자,65 - 69세,경상남도,일반판매,건강(암·기타질병)보험,약관
2023035539,2023-07-12,여자,50 - 59세,강원특별자치도,일반판매,건강(암·기타질병)보험,약관
2023035540,2023-07-12,여자,50 - 59세,서울특별시,국내온라인거래,일반강습(입시학원등),계약불이행(불완전이행)
2023035541,2023-07-12,여자,50 - 59세,경기도,방문판매,콘도회원권,계약불이행(불완전이행)
2023035542,2023-07-12,여자,50 - 59세,인천광역시,국내온라인거래,펜션,계약해제.해지/위약금
2023035543,2023-07-12,남자,40 - 49세,경기도,소셜커머스(쇼핑),아이스크림,청약철회
2023035544,2023-07-12,여자,50 - 59세,경상북도,전화권유판매,유사투자자문,계약불이행(불완전이행)
2023035545,2023-07-12,여자,65 - 69세,전라남도,기타통신판매,주전자,청약철회
2023035546,2023-07-12,여자,불명,해외 및 기타,국내온라인거래,기타완구·인형,계약불이행(불완전이행)
2023035547,2023-07-12,남자,40 - 49세,경기도,일반판매,자동차리스,약관
2023035548,2023-07-12,여자,40 - 49세,경기도,일반판매,치과,품질(물품/용역)
2023035549,2023-07-12,남자,30 - 39세,경상북도,국내온라인거래,기타어패류·어패류가공식품,청약철회
2023035550,2023-07-12,여자,50 - 59세,대구광역시,일반판매,기타민영보험,약관
2023035551,2023-07-12,남자,30 - 39세,경상남도,국내온라인거래,기타숙박시설,청약철회
2023035552,2023-07-12,남자,20 - 29세,서울특별시,국내온라인거래,호텔,계약해제.해지/위약금
2023035553,2023-07-12,여자,70 - 79세,강원특별자치도,전화권유판매,인터넷정보이용서비스,청약철회
2023035554,2023-07-12,여자,40 - 49세,경기도,일반판매,사진촬영,계약불이행(불완전이행)
2023035555,2023-07-12,남자,70 - 79세,경기도,일반판매,블루투스스피커,품질(물품/용역)
2023035556,2023-07-12,남자,65 - 69세,서울특별시,기타,양복(서양식 의복)세탁,품질(물품/용역)
2023035558,2023-07-12,여자,20 - 29세,부산광역시,국내온라인거래,항공여객운송서비스,계약해제.해지/위약금
2023035559,2023-07-12,여자,30 - 39세,경상남도,국내온라인거래,어패류젓갈,계약불이행(불완전이행)
2023035560,2023-07-12,여자,30 - 39세,서울특별시,국제온라인거래,항공여객운송서비스,계약불이행(불완전이행)
2023035561,2023-07-12,여자,50 - 59세,인천광역시,기타통신판매,보석·귀금속,계약불이행(불완전이행)
2023035562,2023-07-12,남자,50 - 59세,충청남도,일반판매,티셔츠,품질(물품/용역)
2023035563,2023-07-12,여자,60 - 64세,경상남도,국내온라인거래,소금,계약불이행(불완전이행)
2023035564,2023-07-12,여자,30 - 39세,서울특별시,일반판매,헬스장,계약해제.해지/위약금
2023035566,2023-07-12,남자,70 - 79세,부산광역시,일반판매,오피스텔,계약불이행(불완전이행)
2023035567,2023-07-12,남자,30 - 39세,경기도,국내온라인거래,특수자동차,청약철회
2023035568,2023-07-12,남자,30 - 39세,전라남도,국내온라인거래,호텔,계약해제.해지/위약금
2023035569,2023-07-12,여자,30 - 39세,인천광역시,일반판매,식탁,품질(물품/용역)
2023035570,2023-07-12,남자,50 - 59세,광주광역시,일반판매,대형승용자동차,AS불만
2023035571,2023-07-12,여자,30 - 39세,경상남도,일반판매,필라테스,계약해제.해지/위약금
2023035572,2023-07-12,여자,30 - 39세,경기도,모바일거래,전동킥보드,부당행위
2023035573,2023-07-12,여자,30 - 39세,경기도,일반판매,양복(서양식 의복)세탁,품질(물품/용역)
2023035574,2023-07-12,여자,40 - 49세,서울특별시,일반판매,기타주방설비,계약해제.해지/위약금
2023035575,2023-07-12,여자,50 - 59세,제주도,전화권유판매,인터넷정보이용서비스,계약불이행(불완전이행)
2023035576,2023-07-12,남자,50 - 59세,서울특별시,일반판매,실손보험,약관
2023035577,2023-07-12,남자,50 - 59세,경기도,일반판매,건강(암·기타질병)보험,약관
2023035578,2023-07-12,여자,40 - 49세,경기도,모바일거래,각종공연관람,청약철회
2023035580,2023-07-12,남자,40 - 49세,대구광역시,일반판매,전기자전거,안전(제품/시설)
2023035581,2023-07-12,여자,30 - 39세,경기도,국내온라인거래,아동용내의류,계약불이행(불완전이행)
2023035582,2023-07-12,여자,70 - 79세,경기도,일반판매,유사투자자문,계약해제.해지/위약금
2023035583,2023-07-12,여자,60 - 64세,서울특별시,일반판매,건강(암·기타질병)보험,약관
2023035584,2023-07-12,여자,40 - 49세,서울특별시,전화권유판매,골프회원권,계약불이행(불완전이행)
2023035585,2023-07-12,여자,20 - 29세,전라남도,국내온라인거래,매트,계약불이행(불완전이행)
2023035586,2023-07-12,여자,30 - 39세,경기도,일반판매,기타가방,품질(물품/용역)
2023035587,2023-07-12,남자,50 - 59세,경상남도,방문판매,기타민영보험,약관
2023035588,2023-07-12,여자,70 - 79세,대구광역시,일반판매,종신보험,약관
2023035589,2023-07-12,남자,50 - 59세,광주광역시,일반판매,상조서비스,계약해제.해지/위약금
2023035590,2023-07-12,여자,65 - 69세,광주광역시,일반판매,통합보장보험,약관
2023035591,2023-07-12,남자,20 - 29세,경기도,일반판매,헬스장,계약해제.해지/위약금
2023035592,2023-07-12,여자,80세이상,부산광역시,일반판매,건강(암·기타질병)보험,약관
2023035594,2023-07-12,여자,40 - 49세,부산광역시,일반판매,헬스장,계약해제.해지/위약금
2023035595,2023-07-12,여자,65 - 69세,인천광역시,기타통신판매,다이어트식품,품질(물품/용역)
2023035596,2023-07-12,여자,65 - 69세,서울특별시,일반판매,치과,계약해제.해지/위약금
2023035597,2023-07-12,남자,20 - 29세,경기도,국내온라인거래,전기자전거,품질(물품/용역)
2023035598,2023-07-12,여자,30 - 39세,경기도,일반판매,실손보험,약관
2023035599,2023-07-12,여자,70 - 79세,서울특별시,일반판매,헬스장,계약불이행(불완전이행)
2023035600,2023-07-12,여자,60 - 64세,서울특별시,전화권유판매,인터넷정보이용서비스,계약해제.해지/위약금
2023035601,2023-07-12,남자,50 - 59세,강원특별자치도,일반판매,치과,계약해제.해지/위약금
2023035602,2023-07-12,남자,20 - 29세,경기도,방문판매,헬스장,계약해제.해지/위약금
2023035603,2023-07-12,여자,50 - 59세,경기도,일반판매,여행용가방,품질(물품/용역)
2023035604,2023-07-12,여자,50 - 59세,경기도,국내온라인거래,양복(서양식 의복)세탁,품질(물품/용역)
2023035606,2023-07-12,여자,50 - 59세,울산광역시,기타,상품권,부당행위
2023035607,2023-07-12,남자,40 - 49세,서울특별시,국내온라인거래,라텍스매트리스,계약불이행(불완전이행)
2023035608,2023-07-12,여자,50 - 59세,경기도,일반판매,중형승용자동차,계약불이행(불완전이행)
2023035609,2023-07-12,남자,65 - 69세,경기도,기타통신판매,항공여객운송서비스,계약해제.해지/위약금
2023035610,2023-07-12,남자,50 - 59세,경기도,전화권유판매,유사투자자문,계약해제.해지/위약금
2023035611,2023-07-12,여자,30 - 39세,대구광역시,모바일거래,호텔,계약해제.해지/위약금
2023035612,2023-07-12,남자,40 - 49세,대구광역시,일반판매,즉석조리식품,품질(물품/용역)
2023035613,2023-07-12,남자,50 - 59세,대전광역시,일반판매,호텔,부당행위
2023035614,2023-07-12,남자,불명,경상남도,일반판매,기타식품류,품질(물품/용역)
2023035615,2023-07-12,남자,70 - 79세,서울특별시,일반판매,국외여행,계약해제.해지/위약금
2023035616,2023-07-12,여자,50 - 59세,대구광역시,일반판매,정수기대여(렌트),품질(물품/용역)
2023035617,2023-07-12,여자,30 - 39세,서울특별시,국내온라인거래,헬스장,계약해제.해지/위약금
2023035618,2023-07-12,남자,50 - 59세,경기도,일반판매,안마의자,AS불만
2023035619,2023-07-12,여자,불명,부산광역시,일반판매,양복(서양식 의복)세탁,품질(물품/용역)
2023035620,2023-07-12,남자,불명,경기도,일반판매,전기압력밥솥,AS불만
2023035622,2023-07-12,여자,30 - 39세,인천광역시,일반판매,양복(서양식 의복)세탁,품질(물품/용역)
2023035623,2023-07-12,여자,불명,광주광역시,일반판매,티셔츠,품질(물품/용역)
2023035624,2023-07-12,남자,30 - 39세,서울특별시,일반판매,실손보험,계약불이행(불완전이행)
2023035625,2023-07-12,여자,40 - 49세,서울특별시,TV홈쇼핑,미분류대여(렌트),계약해제.해지/위약금
2023035626,2023-07-12,남자,50 - 59세,전라북도,일반판매,골프회원권,계약해제.해지/위약금
2023035627,2023-07-12,남자,60 - 64세,전라북도,모바일거래,운동화,품질(물품/용역)
2023035628,2023-07-12,남자,30 - 39세,경기도,일반판매,헬스장,계약해제.해지/위약금
2023035630,2023-07-12,남자,30 - 39세,인천광역시,국내온라인거래,냉장고,표시.광고
2023035715,2023-07-12,여자,40 - 49세,경기도,방문판매,정수기대여(렌트),품질(물품/용역)
2023035716,2023-07-12,남자,30 - 39세,서울특별시,국제온라인거래,항공여객운송서비스,계약불이행(불완전이행)
2023035717,2023-07-12,여자,40 - 49세,대구광역시,국내온라인거래,전기진공청소기,품질(물품/용역)
2023035718,2023-07-12,남자,40 - 49세,경기도,일반판매,식탁,품질(물품/용역)
2023035719,2023-07-12,여자,30 - 39세,인천광역시,전화권유판매,IPTV,계약해제.해지/위약금
2023035720,2023-07-12,남자,60 - 64세,경상남도,국내온라인거래,시계,계약해제.해지/위약금
2023035721,2023-07-12,남자,20 - 29세,광주광역시,국내온라인거래,캐주얼바지,청약철회
2023035722,2023-07-12,남자,20 - 29세,서울특별시,국내온라인거래,기타신변용품,청약철회
2023035723,2023-07-12,남자,50 - 59세,경기도,국내온라인거래,컴퓨터S/W개발(홈페이지제작),계약불이행(불완전이행)
2023035724,2023-07-12,남자,50 - 59세,부산광역시,국내온라인거래,호텔,계약해제.해지/위약금
2023035725,2023-07-12,여자,30 - 39세,서울특별시,소셜커머스(쇼핑),만두피,계약불이행(불완전이행)
2023035726,2023-07-12,여자,불명,경기도,국내온라인거래,기타숙박시설,계약해제.해지/위약금
2023035727,2023-07-12,여자,20 - 29세,경기도,국내온라인거래,CD·LD·DVD(영화·음악·게임),청약철회
2023035728,2023-07-12,여자,20 - 29세,대전광역시,일반판매,기타정보이용서비스,계약해제.해지/위약금
2023035729,2023-07-12,남자,50 - 59세,인천광역시,일반판매,기타숙박시설,품질(물품/용역)
2023035730,2023-07-12,남자,30 - 39세,경기도,일반판매,가스에어컨,품질(물품/용역)
2023035731,2023-07-12,남자,30 - 39세,부산광역시,기타,기타이동통신,부당행위
2023035732,2023-07-12,여자,20 - 29세,서울특별시,노상판매,핸드백,청약철회
2023035733,2023-07-12,남자,30 - 39세,경기도,일반판매,초고속인터넷,부당채권추심
2023035734,2023-07-12,남자,30 - 39세,서울특별시,소셜커머스(쇼핑),세면설비,계약불이행(불완전이행)
2023035735,2023-07-12,남자,40 - 49세,서울특별시,소셜커머스(쇼핑),스마트폰,품질(물품/용역)
2023035736,2023-07-12,남자,50 - 59세,대구광역시,기타,기타스포츠·레저기구·용품,AS불만
2023035737,2023-07-12,남자,30 - 39세,대구광역시,일반판매,이동전화서비스,약관
2023035738,2023-07-12,여자,40 - 49세,경기도,일반판매,애완견,계약불이행(불완전이행)
2023035739,2023-07-12,여자,50 - 59세,서울특별시,국내온라인거래,전기충전기,품질(물품/용역)
2023035740,2023-07-12,여자,30 - 39세,경기도,일반판매,보석·귀금속,청약철회
2023035741,2023-07-12,남자,20 - 29세,충청남도,일반판매,예식서비스,청약철회
2023035742,2023-07-12,남자,20 - 29세,경기도,소셜커머스(쇼핑),고구마,청약철회
2023035743,2023-07-12,여자,20 - 29세,서울특별시,일반판매,헬스장,계약해제.해지/위약금
2023035744,2023-07-12,여자,20 - 29세,인천광역시,방문판매,필라테스,계약해제.해지/위약금
2023035746,2023-07-12,여자,40 - 49세,부산광역시,일반판매,정수기,계약해제.해지/위약금
2023035747,2023-07-12,남자,20 - 29세,충청북도,방문판매,헬스장,계약해제.해지/위약금
2023035748,2023-07-12,여자,20 - 29세,경기도,기타통신판매,호텔,품질(물품/용역)
2023035749,2023-07-12,여자,40 - 49세,서울특별시,일반판매,일반강습(입시학원등),계약해제.해지/위약금
2023035750,2023-07-12,여자,60 - 64세,서울특별시,기타,이동전화서비스,부당행위
2023035751,2023-07-12,남자,20 - 29세,부산광역시,국내온라인거래,남자용내의류,청약철회
2023035752,2023-07-12,남자,30 - 39세,대전광역시,방문판매,헬스장,계약해제.해지/위약금
2023035753,2023-07-12,남자,30 - 39세,서울특별시,방문판매,기타방문·통신교육서비스,계약해제.해지/위약금
2023035754,2023-07-12,여자,30 - 39세,경기도,일반판매,필라테스,계약해제.해지/위약금
2023035755,2023-07-12,여자,30 - 39세,경상북도,국내온라인거래,먹는샘물,계약불이행(불완전이행)
2023035756,2023-07-12,여자,40 - 49세,서울특별시,국내온라인거래,기타관람·감상,계약해제.해지/위약금
2023035757,2023-07-12,남자,30 - 39세,경기도,모바일거래,모바일게임서비스,계약해제.해지/위약금
2023035758,2023-07-12,남자,60 - 64세,강원특별자치도,국내온라인거래,선글라스,청약철회
2023035759,2023-07-12,여자,30 - 39세,경상북도,전화권유판매,인터넷정보이용서비스,계약해제.해지/위약금
2023035760,2023-07-12,여자,40 - 49세,서울특별시,일반판매,외식,부당행위
2023035761,2023-07-12,남자,30 - 39세,경상북도,일반판매,헬스장,계약해제.해지/위약금
2023035762,2023-07-12,여자,30 - 39세,인천광역시,소셜커머스(쇼핑),기타스포츠·레저기구·용품,계약불이행(불완전이행)
2023035763,2023-07-12,남자,50 - 59세,경기도,국내온라인거래,기타숙박시설,계약불이행(불완전이행)
2023035764,2023-07-12,남자,30 - 39세,서울특별시,기타통신판매,이동전화서비스,가격.요금
2023035765,2023-07-12,여자,20 - 29세,서울특별시,국내온라인거래,샌들·슬리퍼,청약철회
2023035766,2023-07-12,남자,40 - 49세,부산광역시,국내온라인거래,캐주얼바지,청약철회
2023035767,2023-07-12,여자,30 - 39세,경기도,일반판매,결혼준비대행서비스,계약해제.해지/위약금
2023035768,2023-07-12,남자,30 - 39세,충청북도,방문판매,전기세탁기,품질(물품/용역)
2023035769,2023-07-12,여자,40 - 49세,부산광역시,모바일거래,유통시설이용,부당행위
2023035770,2023-07-12,여자,40 - 49세,부산광역시,모바일거래,유통시설이용,계약불이행(불완전이행)
2023035771,2023-07-12,여자,50 - 59세,인천광역시,국내온라인거래,인쇄서비스,품질(물품/용역)
2023035772,2023-07-12,여자,30 - 39세,경기도,일반판매,항공여객운송서비스,계약해제.해지/위약금
2023035773,2023-07-12,여자,30 - 39세,경기도,일반판매,헬스장,계약해제.해지/위약금
2023035774,2023-07-12,남자,20 - 29세,충청남도,일반판매,헬스장,계약해제.해지/위약금
2023035775,2023-07-12,여자,30 - 39세,전라남도,일반판매,콜라,단순문의.상담
2023035776,2023-07-12,여자,30 - 39세,서울특별시,일반판매,헬스장,계약해제.해지/위약금
2023035777,2023-07-12,여자,30 - 39세,부산광역시,국내온라인거래,인터넷교육서비스,표시.광고
2023035778,2023-07-12,남자,65 - 69세,경기도,국내온라인거래,항공여객운송서비스,가격.요금
2023035779,2023-07-12,여자,50 - 59세,부산광역시,국내온라인거래,항공여객운송서비스,부당행위
2023035780,2023-07-12,여자,30 - 39세,경기도,국내온라인거래,다이어트식품,계약불이행(불완전이행)
2023035781,2023-07-12,여자,30 - 39세,경기도,일반판매,헬스장,계약해제.해지/위약금
2023035782,2023-07-12,여자,40 - 49세,경기도,국내온라인거래,펜션,계약해제.해지/위약금
2023035783,2023-07-12,남자,30 - 39세,서울특별시,국내온라인거래,기타건강식품,품질(물품/용역)
2023035784,2023-07-12,여자,30 - 39세,경기도,국내온라인거래,기타문화·오락시설이용,계약해제.해지/위약금
2023035785,2023-07-12,남자,40 - 49세,서울특별시,기타,스마트폰,품질(물품/용역)
2023035786,2023-07-12,여자,40 - 49세,경기도,일반판매,필라테스,계약해제.해지/위약금
2023035787,2023-07-12,여자,30 - 39세,경기도,소셜커머스(쇼핑),책상,품질(물품/용역)
2023035788,2023-07-12,남자,50 - 59세,경기도,국내온라인거래,시계,품질(물품/용역)
2023035789,2023-07-12,남자,30 - 39세,부산광역시,일반판매,헬스장,계약해제.해지/위약금
2023035790,2023-07-12,여자,30 - 39세,강원특별자치도,국내온라인거래,기타간편복,청약철회
2023035791,2023-07-12,여자,40 - 49세,경기도,일반판매,헬스장,계약해제.해지/위약금
2023035792,2023-07-12,남자,40 - 49세,서울특별시,모바일거래,기타숙박시설,청약철회
2023035793,2023-07-12,여자,30 - 39세,경기도,방문판매,인터넷교육서비스,계약해제.해지/위약금
2023035794,2023-07-12,여자,40 - 49세,경기도,일반판매,기타음식관련서비스,품질(물품/용역)
2023035795,2023-07-12,여자,50 - 59세,경상북도,전화권유판매,기타정보이용서비스,계약불이행(불완전이행)
2023035796,2023-07-12,여자,70 - 79세,충청남도,기타,법무서비스,가격.요금
2023035797,2023-07-12,남자,60 - 64세,경상북도,일반판매,외식,부당행위
2023035798,2023-07-12,여자,20 - 29세,경기도,일반판매,항공여객운송서비스,계약해제.해지/위약금
2023035799,2023-07-12,여자,20 - 29세,광주광역시,일반판매,기타사설강습서비스,계약해제.해지/위약금
2023035800,2023-07-12,남자,30 - 39세,서울특별시,일반판매,정수기,품질(물품/용역)
2023035801,2023-07-12,남자,30 - 39세,경기도,국내온라인거래,각종공연관람,계약불이행(불완전이행)
2023035802,2023-07-12,여자,50 - 59세,서울특별시,일반판매,미용서비스,부당행위
2023035803,2023-07-12,여자,40 - 49세,인천광역시,국내온라인거래,각종공연관람,계약해제.해지/위약금
2023035804,2023-07-12,여자,40 - 49세,서울특별시,기타,미분류수리가공,계약불이행(불완전이행)
2023035805,2023-07-12,여자,20 - 29세,서울특별시,기타,미용서비스,계약불이행(불완전이행)
2023035806,2023-07-12,여자,불명,경기도,일반판매,전자담배,품질(물품/용역)
2023035807,2023-07-12,여자,50 - 59세,서울특별시,기타,택배화물운송서비스,품질(물품/용역)
2023035808,2023-07-12,여자,30 - 39세,서울특별시,일반판매,해외유학알선,계약해제.해지/위약금
2023035809,2023-07-12,남자,30 - 39세,경기도,국내온라인거래,헤드폰·이어폰,품질(물품/용역)
2023035810,2023-07-12,여자,20 - 29세,서울특별시,일반판매,항공여객운송서비스,표시.광고
2023035811,2023-07-12,남자,30 - 39세,전라남도,국내온라인거래,장난감총,부당행위
2023035812,2023-07-12,여자,40 - 49세,경기도,국내온라인거래,기타미분류물품,청약철회
2023035813,2023-07-12,남자,20 - 29세,경기도,모바일거래,컴퓨터모니터(데스크탑),품질(물품/용역)
2023035814,2023-07-12,여자,20 - 29세,서울특별시,기타통신판매,도시가스,가격.요금
2023035815,2023-07-12,남자,30 - 39세,경기도,일반판매,헬스장,계약해제.해지/위약금
2023035816,2023-07-12,남자,30 - 39세,서울특별시,국내온라인거래,장난감총,계약불이행(불완전이행)
2023035817,2023-07-12,여자,30 - 39세,경기도,일반판매,소파,AS불만
2023035818,2023-07-12,남자,30 - 39세,서울특별시,일반판매,신사복세트,계약불이행(불완전이행)
2023035819,2023-07-12,여자,30 - 39세,경기도,기타,하수도위생서비스,품질(물품/용역)
2023035820,2023-07-12,여자,30 - 39세,제주도,전화권유판매,콘도회원권,계약해제.해지/위약금
2023035821,2023-07-12,남자,20 - 29세,서울특별시,국내온라인거래,셔츠,청약철회
2023035822,2023-07-12,여자,40 - 49세,서울특별시,일반판매,포장이사운송서비스,계약불이행(불완전이행)
2023035823,2023-07-12,여자,30 - 39세,세종특별자치시,국내온라인거래,국외여행,계약해제.해지/위약금
2023035824,2023-07-12,남자,30 - 39세,부산광역시,일반판매,헬스장,청약철회
2023035825,2023-07-12,남자,30 - 39세,경기도,방문판매,요가,계약해제.해지/위약금
2023035826,2023-07-13,여자,30 - 39세,대구광역시,기타,항공여객운송서비스,품질(물품/용역)
2023035828,2023-07-12,여자,20 - 29세,경기도,모바일거래,미용서비스,부당행위
2023035829,2023-07-13,여자,50 - 59세,경기도,기타통신판매,건물청소서비스,계약해제.해지/위약금
2023035830,2023-07-13,남자,30 - 39세,경기도,일반판매,안마의자,품질(물품/용역)
2023035832,2023-07-13,여자,50 - 59세,인천광역시,일반판매,기타이·미용서비스,계약해제.해지/위약금
2023035833,2023-07-13,여자,50 - 59세,인천광역시,일반판매,국외여행,계약불이행(불완전이행)
2023035834,2023-07-13,여자,60 - 64세,경기도,일반판매,점퍼·재킷류,품질(물품/용역)
2023035835,2023-07-13,여자,40 - 49세,경기도,모바일거래,전자게임기구,부당행위
2023035837,2023-07-13,남자,60 - 64세,경기도,국내온라인거래,마이크,청약철회
2023035838,2023-07-13,여자,40 - 49세,강원특별자치도,국내온라인거래,향수,품질(물품/용역)
2023035839,2023-07-13,남자,50 - 59세,경기도,일반판매,건물청소서비스,가격.요금
2023035840,2023-07-13,여자,20 - 29세,서울특별시,일반판매,자동차주차장,계약불이행(불완전이행)
2023035841,2023-07-13,여자,50 - 59세,경기도,일반판매,룸에어컨,품질(물품/용역)
2023035842,2023-07-13,남자,30 - 39세,경기도,일반판매,대형승용자동차,품질(물품/용역)
2023035843,2023-07-13,여자,40 - 49세,서울특별시,일반판매,이동전화서비스,품질(물품/용역)
2023035844,2023-07-13,남자,80세이상,서울특별시,일반판매,헬스장,계약해제.해지/위약금
2023035845,2023-07-13,남자,60 - 64세,대구광역시,전화권유판매,기타건강식품,부당행위
2023035846,2023-07-13,남자,20 - 29세,경기도,국내온라인거래,자동차대여(렌트),청약철회
2023035847,2023-07-13,여자,50 - 59세,경기도,일반판매,기타주방설비,품질(물품/용역)
2023035848,2023-07-13,남자,70 - 79세,울산광역시,국내온라인거래,묘목·모종,품질(물품/용역)
2023035849,2023-07-13,남자,40 - 49세,부산광역시,국내온라인거래,신유형상품권,부당행위
2023035850,2023-07-13,여자,40 - 49세,대구광역시,일반판매,실손보험,계약불이행(불완전이행)
2023035852,2023-07-13,남자,50 - 59세,경기도,소셜커머스(쇼핑),스마트폰,품질(물품/용역)
2023035853,2023-07-13,여자,30 - 39세,서울특별시,국내온라인거래,기타미분류서비스,계약불이행(불완전이행)
2023035854,2023-07-13,여자,(미입력),경상남도,소셜커머스(쇼핑),숙녀복상의,청약철회
2023035855,2023-07-13,남자,30 - 39세,서울특별시,일반판매,실손보험,약관
2023035857,2023-07-13,여자,30 - 39세,경기도,일반판매,헬스장,계약해제.해지/위약금
2023035858,2023-07-13,남자,20 - 29세,충청남도,국내온라인거래,보석·귀금속,청약철회
2023035859,2023-07-13,여자,40 - 49세,전라북도,기타통신판매,안마의자대여(렌트),계약해제.해지/위약금
2023035860,2023-07-13,남자,30 - 39세,서울특별시,일반판매,점퍼·재킷류,품질(물품/용역)
2023035861,2023-07-13,여자,30 - 39세,서울특별시,국내온라인거래,소파,품질(물품/용역)
2023035862,2023-07-13,남자,50 - 59세,경기도,기타,정수기대여(렌트),품질(물품/용역)
2023035863,2023-07-13,남자,30 - 39세,세종특별자치시,국내온라인거래,팬코일(이동식에어컨),품질(물품/용역)
2023035864,2023-07-13,남자,50 - 59세,경기도,모바일거래,기타숙박시설,계약해제.해지/위약금
2023035865,2023-07-13,남자,30 - 39세,서울특별시,기타통신판매,시계,계약불이행(불완전이행)
2023035866,2023-07-13,남자,40 - 49세,경기도,전화권유판매,유사투자자문,계약불이행(불완전이행)
2023035867,2023-07-13,남자,40 - 49세,서울특별시,일반판매,자동차대여(렌트),품질(물품/용역)
2023035868,2023-07-13,남자,30 - 39세,서울특별시,국내온라인거래,국내여행,계약해제.해지/위약금
2023035870,2023-07-13,여자,30 - 39세,경기도,일반판매,기타이동통신,약관
2023035871,2023-07-13,남자,불명,강원특별자치도,전화권유판매,페인트,청약철회
2023035872,2023-07-13,여자,30 - 39세,경기도,국내온라인거래,신유형상품권,청약철회
2023035874,2023-07-13,여자,80세이상,대전광역시,일반판매,기타약품,품질(물품/용역)
2023035875,2023-07-13,여자,30 - 39세,경기도,일반판매,필기용구,품질(물품/용역)
2023035876,2023-07-13,여자,20 - 29세,경기도,국내온라인거래,숙녀화(구두·부츠 등),청약철회
2023035877,2023-07-13,여자,20 - 29세,경기도,국내온라인거래,향수,품질(물품/용역)
2023035878,2023-07-13,여자,30 - 39세,서울특별시,전화권유판매,모바일정보이용서비스,계약해제.해지/위약금
2023035879,2023-07-13,남자,40 - 49세,서울특별시,국내온라인거래,전기충전기,계약불이행(불완전이행)
2023035880,2023-07-13,여자,20 - 29세,충청북도,국내온라인거래,티셔츠,계약불이행(불완전이행)
2023035882,2023-07-13,여자,40 - 49세,서울특별시,방문판매,인터넷교육서비스,계약해제.해지/위약금
2023035883,2023-07-13,남자,불명,부산광역시,전화권유판매,모바일정보이용서비스,계약해제.해지/위약금
2023035884,2023-07-13,남자,50 - 59세,서울특별시,국내온라인거래,지갑,품질(물품/용역)
2023035885,2023-07-13,여자,20 - 29세,서울특별시,일반판매,헬스장,계약해제.해지/위약금
2023035886,2023-07-13,여자,60 - 64세,전라남도,일반판매,원피스,품질(물품/용역)
2023035887,2023-07-13,남자,40 - 49세,부산광역시,일반판매,실손보험,약관
2023035888,2023-07-13,남자,20 - 29세,서울특별시,일반판매,헬스장,계약불이행(불완전이행)
2023035890,2023-07-13,남자,50 - 59세,경기도,전화권유판매,유사투자자문,계약불이행(불완전이행)
2023035891,2023-07-13,남자,50 - 59세,경기도,전화권유판매,유사투자자문,계약해제.해지/위약금
2023035892,2023-07-13,남자,50 - 59세,경기도,일반판매,골프회원권,계약해제.해지/위약금
2023035893,2023-07-13,남자,65 - 69세,부산광역시,일반판매,캐주얼바지,품질(물품/용역)
2023035894,2023-07-13,남자,30 - 39세,전라남도,기타통신판매,인터넷정보이용서비스,청약철회
2023035895,2023-07-13,여자,30 - 39세,전라북도,일반판매,자동차세차,부당행위
2023035896,2023-07-13,남자,30 - 39세,경상북도,일반판매,실손보험,약관
2023035897,2023-07-13,여자,20 - 29세,경기도,일반판매,종합체육시설회원권,계약해제.해지/위약금
2023035898,2023-07-13,여자,20 - 29세,서울특별시,국내온라인거래,인덕션레인지,품질(물품/용역)
2023035899,2023-07-13,여자,40 - 49세,경기도,일반판매,건강(암·기타질병)보험,약관
2023035900,2023-07-13,여자,50 - 59세,서울특별시,일반판매,변호서비스,계약해제.해지/위약금
2023035901,2023-07-13,남자,40 - 49세,서울특별시,일반판매,안과,품질(물품/용역)
2023035902,2023-07-13,남자,30 - 39세,경기도,기타,자동차대여(렌트),부당행위
2023035903,2023-07-13,여자,40 - 49세,경기도,일반판매,중형승용자동차,품질(물품/용역)
2023035904,2023-07-13,남자,70 - 79세,서울특별시,일반판매,실손보험,약관
2023035905,2023-07-13,남자,60 - 64세,경기도,기타통신판매,이동전화서비스,청약철회
2023035906,2023-07-13,여자,40 - 49세,울산광역시,국내온라인거래,기타미분류서비스,계약불이행(불완전이행)
2023035907,2023-07-13,남자,30 - 39세,서울특별시,일반판매,정형외과,계약해제.해지/위약금
2023035908,2023-07-13,여자,40 - 49세,서울특별시,국내온라인거래,샌들·슬리퍼,표시.광고
2023035909,2023-07-13,여자,40 - 49세,경기도,국내온라인거래,이불·요,품질(물품/용역)
2023035910,2023-07-13,여자,50 - 59세,대구광역시,일반판매,한복세탁,품질(물품/용역)
2023035911,2023-07-13,여자,30 - 39세,경기도,국내온라인거래,기타주방설비,계약불이행(불완전이행)
2023035912,2023-07-13,남자,40 - 49세,대구광역시,일반판매,외식,안전(제품/시설)
2023035913,2023-07-13,남자,20 - 29세,대구광역시,일반판매,기타가방,품질(물품/용역)
2023035914,2023-07-13,여자,65 - 69세,대구광역시,TV홈쇼핑,기타보건·위생용품,청약철회
2023035916,2023-07-13,여자,40 - 49세,경상북도,일반판매,양복(서양식 의복)세탁,품질(물품/용역)
2023035917,2023-07-13,남자,50 - 59세,경기도,일반판매,포장이사운송서비스,부당행위
2023035918,2023-07-13,여자,50 - 59세,경기도,전화권유판매,국내결혼중개,계약불이행(불완전이행)
2023035919,2023-07-13,여자,50 - 59세,서울특별시,국내온라인거래,원피스,품질(물품/용역)
2023035920,2023-07-13,여자,65 - 69세,광주광역시,일반판매,모자,품질(물품/용역)
2023035921,2023-07-13,남자,30 - 39세,경기도,일반판매,기타세탁서비스,품질(물품/용역)
2023036015,2023-07-13,여자,40 - 49세,경기도,국내온라인거래,점퍼·재킷류,청약철회
2023036016,2023-07-13,여자,30 - 39세,부산광역시,일반판매,가스에어컨,AS불만
2023036017,2023-07-13,여자,30 - 39세,경상남도,다단계판매,기타방문·통신교육서비스,계약해제.해지/위약금
2023036018,2023-07-13,여자,30 - 39세,경기도,일반판매,필라테스,계약해제.해지/위약금
2023036019,2023-07-13,여자,40 - 49세,경기도,기타,전기진공청소기,품질(물품/용역)
2023036020,2023-07-13,남자,30 - 39세,경상남도,일반판매,애완견,품질(물품/용역)
2023036021,2023-07-13,남자,70 - 79세,서울특별시,일반판매,포장이사운송서비스,계약불이행(불완전이행)
2023036022,2023-07-13,여자,40 - 49세,충청북도,기타,기타인테리어설비,AS불만
2023036023,2023-07-13,여자,40 - 49세,서울특별시,국내온라인거래,항공여객운송서비스,계약해제.해지/위약금
2023036024,2023-07-13,남자,30 - 39세,서울특별시,국내온라인거래,헤드폰·이어폰,청약철회
2023036025,2023-07-13,남자,30 - 39세,서울특별시,기타,애완견,청약철회
2023036026,2023-07-13,여자,50 - 59세,경기도,일반판매,콘도회원권,계약불이행(불완전이행)
2023036027,2023-07-13,여자,40 - 49세,경기도,국내온라인거래,이동전화서비스,계약불이행(불완전이행)
2023036028,2023-07-13,여자,20 - 29세,경기도,일반판매,요가,계약해제.해지/위약금
2023036030,2023-07-13,남자,60 - 64세,서울특별시,일반판매,기타인테리어설비,품질(물품/용역)
2023036031,2023-07-13,여자,30 - 39세,울산광역시,전화권유판매,기타이동통신,품질(물품/용역)
2023036032,2023-07-13,여자,50 - 59세,서울특별시,전화권유판매,화장품세트,계약불이행(불완전이행)
2023036033,2023-07-13,여자,20 - 29세,서울특별시,일반판매,헬스장,계약해제.해지/위약금
2023036034,2023-07-13,남자,50 - 59세,경기도,일반판매,기타사설강습서비스,계약해제.해지/위약금
2023036035,2023-07-13,여자,50 - 59세,서울특별시,기타통신판매,이동전화서비스,계약해제.해지/위약금
2023036036,2023-07-13,여자,40 - 49세,경기도,모바일거래,화장실설비,계약해제.해지/위약금
2023036037,2023-07-13,여자,30 - 39세,서울특별시,전화권유판매,숙녀화(구두·부츠 등),계약불이행(불완전이행)
2023036038,2023-07-13,여자,50 - 59세,서울특별시,국내온라인거래,대학·대학원,부당행위
2023036040,2023-07-13,여자,20 - 29세,경기도,일반판매,표백제,품질(물품/용역)
2023036041,2023-07-13,남자,30 - 39세,서울특별시,국내온라인거래,민간자격(능력)시험,계약불이행(불완전이행)
2023036042,2023-07-13,남자,40 - 49세,경상북도,일반판매,냉장고,품질(물품/용역)
2023036043,2023-07-13,남자,60 - 64세,부산광역시,국내온라인거래,기타미분류물품,청약철회
2023036044,2023-07-13,여자,20 - 29세,경기도,국내온라인거래,기타신발·용품,청약철회
2023036045,2023-07-13,남자,40 - 49세,경기도,국내온라인거래,기타통신기기,청약철회
2023036047,2023-07-13,여자,40 - 49세,경상남도,일반판매,필라테스,계약불이행(불완전이행)
2023036048,2023-07-13,남자,30 - 39세,인천광역시,국내온라인거래,트레이닝기구,청약철회
2023036049,2023-07-13,여자,20 - 29세,경기도,모바일거래,외식,청약철회
2023036050,2023-07-13,남자,20 - 29세,서울특별시,모바일거래,이동전화서비스,품질(물품/용역)
2023036051,2023-07-13,남자,60 - 64세,전라북도,국내온라인거래,소파,품질(물품/용역)
2023036052,2023-07-13,여자,40 - 49세,서울특별시,전화권유판매,공기청정기대여(렌트),부당행위
2023036053,2023-07-13,여자,40 - 49세,경상남도,국내온라인거래,애완동·식물용품,청약철회
2023036054,2023-07-13,여자,30 - 39세,대구광역시,방문판매,학습지,계약해제.해지/위약금
2023036055,2023-07-13,여자,20 - 29세,경기도,기타통신판매,해외연수알선,계약해제.해지/위약금
2023036056,2023-07-13,여자,40 - 49세,경기도,국내온라인거래,소금,청약철회
2023036057,2023-07-13,여자,40 - 49세,서울특별시,기타,종합체육시설회원권,계약해제.해지/위약금
2023036058,2023-07-13,남자,30 - 39세,경기도,일반판매,기타조미식품,품질(물품/용역)
2023036059,2023-07-13,여자,40 - 49세,부산광역시,기타,학습지,계약해제.해지/위약금
2023036060,2023-07-13,여자,20 - 29세,경기도,국내온라인거래,기타숙박시설,계약해제.해지/위약금
2023036061,2023-07-13,남자,40 - 49세,대구광역시,TV홈쇼핑,믹서기,청약철회
2023036062,2023-07-13,여자,30 - 39세,경기도,방문판매,인터넷교육서비스,계약해제.해지/위약금
2023036063,2023-07-13,여자,30 - 39세,대구광역시,일반판매,기타방문·통신교육서비스,계약해제.해지/위약금
2023036064,2023-07-13,여자,20 - 29세,서울특별시,국내온라인거래,호텔,계약해제.해지/위약금
2023036065,2023-07-13,여자,40 - 49세,전라남도,국내온라인거래,항공여객운송서비스,계약해제.해지/위약금
2023036066,2023-07-13,여자,20 - 29세,경기도,국제온라인거래,항공여객운송서비스,계약해제.해지/위약금
2023036067,2023-07-13,여자,20 - 29세,서울특별시,일반판매,헬스장,계약해제.해지/위약금
2023036068,2023-07-13,여자,40 - 49세,경기도,소셜커머스(쇼핑),기타자동차용품,표시.광고
2023036069,2023-07-13,여자,30 - 39세,대전광역시,기타,필라테스,계약불이행(불완전이행)
2023036070,2023-07-13,남자,20 - 29세,서울특별시,일반판매,원피스,청약철회
2023036071,2023-07-13,여자,30 - 39세,경상남도,일반판매,필라테스,계약불이행(불완전이행)
2023036072,2023-07-13,여자,30 - 39세,부산광역시,일반판매,메이크업강습,청약철회
2023036073,2023-07-13,여자,30 - 39세,울산광역시,일반판매,학습지,계약해제.해지/위약금
2023036074,2023-07-13,여자,40 - 49세,경기도,기타,기타회원권,계약불이행(불완전이행)
2023036075,2023-07-13,남자,30 - 39세,경기도,국내온라인거래,컴퓨터S/W개발(홈페이지제작),계약불이행(불완전이행)
2023036076,2023-07-13,남자,50 - 59세,서울특별시,일반판매,외식,품질(물품/용역)
2023036077,2023-07-13,남자,30 - 39세,서울특별시,일반판매,기타행정서비스,계약해제.해지/위약금
2023036078,2023-07-13,여자,30 - 39세,경상북도,모바일거래,선풍기,안전(제품/시설)
2023036079,2023-07-13,남자,40 - 49세,경기도,국내온라인거래,도어록,AS불만
2023036080,2023-07-13,여자,30 - 39세,울산광역시,방문판매,학습지,계약해제.해지/위약금
2023036081,2023-07-13,남자,50 - 59세,경기도,기타,모바일정보이용서비스,계약해제.해지/위약금
2023036082,2023-07-13,남자,40 - 49세,서울특별시,기타,"OTT서비스(넷플릭스,왓챠 등)",가격.요금
2023036083,2023-07-13,여자,30 - 39세,광주광역시,기타,펜션,계약해제.해지/위약금
2023036084,2023-07-13,남자,30 - 39세,부산광역시,국내온라인거래,장난감총,청약철회
2023036085,2023-07-13,여자,30 - 39세,대구광역시,일반판매,식탁,품질(물품/용역)
2023036086,2023-07-13,여자,30 - 39세,충청남도,소셜커머스(쇼핑),아동복,청약철회
2023036087,2023-07-13,여자,30 - 39세,경상남도,일반판매,마사지류,계약해제.해지/위약금
2023036088,2023-07-13,남자,40 - 49세,서울특별시,국내온라인거래,항공여객운송서비스,청약철회
2023036089,2023-07-13,남자,50 - 59세,서울특별시,일반판매,택배화물운송서비스,계약불이행(불완전이행)
2023036090,2023-07-13,여자,65 - 69세,강원특별자치도,방문판매,기타민영보험,계약불이행(불완전이행)
2023036091,2023-07-13,여자,20 - 29세,경기도,일반판매,미용서비스,계약불이행(불완전이행)
2023036092,2023-07-13,남자,30 - 39세,서울특별시,국내온라인거래,국외여행,계약해제.해지/위약금
2023036093,2023-07-13,남자,30 - 39세,서울특별시,국내온라인거래,캐주얼바지,청약철회
2023036094,2023-07-13,여자,30 - 39세,대전광역시,일반판매,필라테스,계약불이행(불완전이행)
2023036095,2023-07-13,여자,20 - 29세,전라북도,국제온라인거래,항공여객운송서비스,청약철회
2023036096,2023-07-13,남자,70 - 79세,경기도,방문판매,헬스장,계약해제.해지/위약금
2023036097,2023-07-13,여자,40 - 49세,경기도,국내온라인거래,인터넷교육서비스,계약해제.해지/위약금
2023036098,2023-07-13,남자,60 - 64세,경기도,일반판매,공중목욕탕,계약해제.해지/위약금
2023036099,2023-07-13,남자,30 - 39세,경기도,기타,기타세탁서비스,품질(물품/용역)
2023036100,2023-07-13,여자,40 - 49세,인천광역시,일반판매,포장이사운송서비스,품질(물품/용역)
2023036101,2023-07-13,여자,20 - 29세,인천광역시,일반판매,점퍼·재킷류,품질(물품/용역)
2023036115,2023-07-14,여자,40 - 49세,경상북도,방문판매,기타방문·통신교육서비스,청약철회
2023036117,2023-07-13,남자,30 - 39세,서울특별시,국제온라인거래,기타문화용품,품질(물품/용역)
2023036118,2023-07-14,여자,50 - 59세,전라북도,일반판매,소형화물자동차,계약불이행(불완전이행)
2023036119,2023-07-14,여자,30 - 39세,경기도,일반판매,필라테스,계약해제.해지/위약금
2023036120,2023-07-14,남자,60 - 64세,경기도,일반판매,중형승용자동차,품질(물품/용역)
2023036121,2023-07-14,여자,30 - 39세,인천광역시,국내온라인거래,TV,청약철회
2023036122,2023-07-14,여자,30 - 39세,경기도,일반판매,필라테스,계약해제.해지/위약금
2023036123,2023-07-14,남자,20 - 29세,대구광역시,전화권유판매,모바일정보이용서비스,계약불이행(불완전이행)
2023036124,2023-07-14,여자,40 - 49세,충청남도,국내온라인거래,항공여객운송서비스,청약철회
2023036125,2023-07-14,여자,30 - 39세,경상북도,국내온라인거래,캐주얼바지,표시.광고
2023036126,2023-07-14,여자,30 - 39세,광주광역시,방문판매,인터넷교육서비스,계약불이행(불완전이행)
2023036127,2023-07-14,여자,20 - 29세,경기도,일반판매,독서실이용,계약해제.해지/위약금
2023036128,2023-07-14,남자,30 - 39세,경기도,국내온라인거래,포장이사운송서비스,계약불이행(불완전이행)
2023036129,2023-07-14,여자,30 - 39세,경기도,국내온라인거래,블라우스,품질(물품/용역)
2023036130,2023-07-14,여자,50 - 59세,경기도,모바일거래,모바일게임서비스,청약철회
2023036131,2023-07-14,여자,50 - 59세,서울특별시,일반판매,중형승용자동차,품질(물품/용역)
2023036132,2023-07-14,남자,50 - 59세,서울특별시,소셜커머스(쇼핑),룸에어컨,AS불만
2023036133,2023-07-14,남자,20 - 29세,서울특별시,일반판매,피부과,계약해제.해지/위약금
2023036134,2023-07-14,여자,20 - 29세,서울특별시,일반판매,피부과,계약해제.해지/위약금
2023036135,2023-07-14,여자,50 - 59세,경기도,국내온라인거래,기타조명기기,품질(물품/용역)
2023036136,2023-07-14,여자,20 - 29세,경기도,국내온라인거래,숙녀복상의,품질(물품/용역)
2023036137,2023-07-14,남자,70 - 79세,서울특별시,국내온라인거래,헤드폰·이어폰,청약철회
2023036138,2023-07-14,여자,40 - 49세,대구광역시,국내온라인거래,샴푸,품질(물품/용역)
2023036139,2023-07-14,남자,50 - 59세,서울특별시,일반판매,CCTV,품질(물품/용역)
2023036140,2023-07-14,남자,40 - 49세,서울특별시,국내온라인거래,룸에어컨,품질(물품/용역)
2023036141,2023-07-14,여자,30 - 39세,전라남도,일반판매,전기세탁기,품질(물품/용역)
2023036142,2023-07-14,남자,50 - 59세,경기도,일반판매,스마트폰,품질(물품/용역)
2023036144,2023-07-14,여자,50 - 59세,대전광역시,국내온라인거래,소파,품질(물품/용역)
2023036146,2023-07-14,여자,70 - 79세,서울특별시,일반판매,가스보일러,품질(물품/용역)
2023036147,2023-07-14,여자,20 - 29세,서울특별시,일반판매,피부과,계약해제.해지/위약금
2023036148,2023-07-14,남자,30 - 39세,서울특별시,소셜커머스(쇼핑),통신기기주변장치,청약철회
2023036149,2023-07-14,남자,65 - 69세,경기도,기타통신판매,이동전화서비스,계약불이행(불완전이행)
2023036150,2023-07-14,여자,30 - 39세,경상북도,국내온라인거래,자동차세차,부당행위
2023036151,2023-07-14,여자,20 - 29세,충청남도,기타,세탁물건조용품,AS불만
2023036152,2023-07-14,남자,40 - 49세,인천광역시,모바일거래,카셰어링,계약불이행(불완전이행)
2023036154,2023-07-14,여자,40 - 49세,서울특별시,전화권유판매,중형승용자동차,품질(물품/용역)
2023036155,2023-07-14,여자,30 - 39세,서울특별시,모바일거래,모바일정보이용서비스,계약불이행(불완전이행)
2023036156,2023-07-14,여자,30 - 39세,부산광역시,일반판매,양복(서양식 의복)세탁,품질(물품/용역)
2023036157,2023-07-14,남자,65 - 69세,경상북도,일반판매,건강(암·기타질병)보험,계약불이행(불완전이행)
2023036158,2023-07-14,여자,20 - 29세,경기도,일반판매,포장이사운송서비스,거래관행
2023036159,2023-07-14,여자,50 - 59세,서울특별시,국내온라인거래,기타가방,품질(물품/용역)
2023036161,2023-07-14,여자,30 - 39세,경기도,일반판매,모자,품질(물품/용역)
2023036162,2023-07-14,여자,40 - 49세,인천광역시,기타,가스에어컨,계약불이행(불완전이행)
2023036163,2023-07-14,여자,20 - 29세,경기도,국내온라인거래,항공여객운송서비스,청약철회
2023036164,2023-07-14,여자,40 - 49세,경기도,국내온라인거래,아동복,계약불이행(불완전이행)
2023036165,2023-07-14,남자,20 - 29세,전라북도,기타통신판매,레저시설이용,계약해제.해지/위약금
2023036166,2023-07-14,여자,불명,서울특별시,국내온라인거래,티셔츠,품질(물품/용역)
2023036167,2023-07-14,여자,80세이상,전라남도,기타,응급의학과,품질(물품/용역)
2023036169,2023-07-14,남자,70 - 79세,서울특별시,기타,안과,품질(물품/용역)
2023036170,2023-07-14,남자,30 - 39세,서울특별시,일반판매,기타의료서비스,가격.요금
2023036171,2023-07-14,여자,불명,대전광역시,일반판매,핸드백,품질(물품/용역)
2023036172,2023-07-14,여자,50 - 59세,경기도,국내온라인거래,항공여객운송서비스,계약불이행(불완전이행)
2023036173,2023-07-14,여자,50 - 59세,서울특별시,일반판매,스마트폰,품질(물품/용역)
2023036174,2023-07-14,남자,20 - 29세,광주광역시,일반판매,피부과,계약해제.해지/위약금
2023036175,2023-07-14,남자,30 - 39세,경기도,전화권유판매,기타미분류서비스,청약철회
2023036176,2023-07-14,여자,30 - 39세,인천광역시,일반판매,반포장이사운송서비스,계약불이행(불완전이행)
2023036177,2023-07-14,여자,30 - 39세,부산광역시,국내온라인거래,모자,품질(물품/용역)
2023036178,2023-07-14,여자,40 - 49세,인천광역시,일반판매,소파,품질(물품/용역)
2023036179,2023-07-14,남자,30 - 39세,대전광역시,일반판매,이동전화서비스,청약철회
2023036180,2023-07-14,남자,20 - 29세,서울특별시,국내온라인거래,티셔츠,품질(물품/용역)
2023036181,2023-07-14,남자,30 - 39세,대전광역시,방문판매,피부과,계약해제.해지/위약금
2023036182,2023-07-14,여자,30 - 39세,서울특별시,국내온라인거래,가스레인지,청약철회
2023036184,2023-07-14,여자,20 - 29세,전라북도,국내온라인거래,기타문화용품,계약불이행(불완전이행)
2023036185,2023-07-14,남자,30 - 39세,인천광역시,모바일거래,모바일정보이용서비스,청약철회
2023036186,2023-07-14,남자,70 - 79세,경기도,방문판매,콘도회원권,부당행위
2023036187,2023-07-14,여자,30 - 39세,경기도,일반판매,양복(서양식 의복)세탁,품질(물품/용역)
2023036188,2023-07-14,남자,20 - 29세,경기도,일반판매,한의원,계약해제.해지/위약금
2023036189,2023-07-14,남자,30 - 39세,서울특별시,국내온라인거래,전기진공청소기,품질(물품/용역)
2023036190,2023-07-14,남자,30 - 39세,서울특별시,기타,기타미분류서비스,안전(제품/시설)
2023036191,2023-07-14,남자,40 - 49세,대전광역시,일반판매,기타유란류·유란류가공식품,품질(물품/용역)
2023036192,2023-07-14,여자,80세이상,서울특별시,일반판매,기타인테리어설비,AS불만
2023036194,2023-07-14,여자,30 - 39세,서울특별시,국내온라인거래,항공여객운송서비스,계약해제.해지/위약금
2023036195,2023-07-14,여자,40 - 49세,부산광역시,기타,피부·체형관리서비스,안전(제품/시설)
2023036196,2023-07-14,여자,(미입력),경기도,일반판매,중형승용자동차,품질(물품/용역)
2023036199,2023-07-14,남자,30 - 39세,경기도,일반판매,기타의류·섬유,가격.요금
2023036200,2023-07-14,남자,30 - 39세,서울특별시,국내온라인거래,항공여객운송서비스,계약불이행(불완전이행)
2023036201,2023-07-14,여자,30 - 39세,대구광역시,기타,학습지,계약해제.해지/위약금
2023036202,2023-07-14,여자,30 - 39세,서울특별시,국내온라인거래,골프용품,품질(물품/용역)
2023036203,2023-07-14,여자,30 - 39세,인천광역시,국내온라인거래,인덕션레인지,품질(물품/용역)
2023036204,2023-07-14,여자,30 - 39세,서울특별시,소셜커머스(쇼핑),지갑,품질(물품/용역)
2023036205,2023-07-14,남자,30 - 39세,대전광역시,전화권유판매,인터넷정보이용서비스,청약철회
2023036206,2023-07-14,남자,20 - 29세,서울특별시,국내온라인거래,스마트폰,품질(물품/용역)
2023036207,2023-07-14,남자,40 - 49세,서울특별시,국내온라인거래,이동전화서비스,부당행위
2023036208,2023-07-14,여자,30 - 39세,경기도,모바일거래,다이어트식품,청약철회
2023036209,2023-07-14,여자,20 - 29세,대구광역시,방문판매,미용서비스,품질(물품/용역)
2023036210,2023-07-14,여자,50 - 59세,인천광역시,일반판매,실손보험,약관
2023036211,2023-07-14,여자,40 - 49세,경기도,기타,신유형상품권,계약불이행(불완전이행)
2023036212,2023-07-14,남자,30 - 39세,경기도,일반판매,건물청소서비스,품질(물품/용역)
2023036213,2023-07-14,여자,30 - 39세,경기도,국내온라인거래,기타미분류서비스,계약해제.해지/위약금
2023036214,2023-07-14,여자,30 - 39세,경기도,소셜커머스(쇼핑),기타의류·섬유,청약철회
2023036215,2023-07-14,남자,60 - 64세,경기도,기타,펜션,계약해제.해지/위약금
2023036216,2023-07-14,남자,20 - 29세,서울특별시,국내온라인거래,기타의류·섬유,청약철회
2023036217,2023-07-14,여자,20 - 29세,부산광역시,국내온라인거래,서랍장,품질(물품/용역)
2023036218,2023-07-14,여자,20 - 29세,경상북도,일반판매,기타회원권,계약해제.해지/위약금
2023036219,2023-07-14,남자,65 - 69세,경기도,기타,이동전화서비스,계약불이행(불완전이행)
2023036220,2023-07-14,여자,50 - 59세,경상남도,기타,기타회원권,계약불이행(불완전이행)
2023036222,2023-07-14,남자,30 - 39세,서울특별시,기타통신판매,가스에어컨,계약불이행(불완전이행)
2023036223,2023-07-14,남자,70 - 79세,인천광역시,국내온라인거래,기타어패류·어패류가공식품,표시.광고
2023036224,2023-07-14,남자,30 - 39세,충청남도,소셜커머스(쇼핑),운동화,계약불이행(불완전이행)
2023036226,2023-07-14,남자,40 - 49세,울산광역시,국제온라인거래,호텔,청약철회
2023036227,2023-07-14,여자,60 - 64세,경기도,일반판매,기타사설강습서비스,계약해제.해지/위약금
2023036228,2023-07-14,여자,40 - 49세,경기도,전화권유판매,레저·이벤트회원권,계약해제.해지/위약금
2023036229,2023-07-14,남자,60 - 64세,경기도,방문판매,콘도회원권,계약해제.해지/위약금
2023036230,2023-07-14,남자,50 - 59세,부산광역시,일반판매,이동전화서비스,부당행위
2023036231,2023-07-14,남자,20 - 29세,대구광역시,국내온라인거래,의자,품질(물품/용역)
2023036232,2023-07-14,남자,30 - 39세,서울특별시,국내온라인거래,기타조명기기,품질(물품/용역)
2023036233,2023-07-14,여자,30 - 39세,경기도,소셜커머스(쇼핑),침대,품질(물품/용역)
2023036315,2023-07-14,여자,20 - 29세,광주광역시,일반판매,헬스장,계약해제.해지/위약금
2023036316,2023-07-14,여자,50 - 59세,경기도,일반판매,양복(서양식 의복)세탁,품질(물품/용역)
2023036317,2023-07-14,여자,30 - 39세,전라북도,기타,건물청소서비스,품질(물품/용역)
2023036318,2023-07-14,남자,50 - 59세,서울특별시,일반판매,반포장이사운송서비스,품질(물품/용역)
2023036319,2023-07-14,여자,30 - 39세,서울특별시,국내온라인거래,기타건강식품,청약철회
2023036320,2023-07-14,여자,30 - 39세,서울특별시,국내온라인거래,운동화,청약철회
2023036321,2023-07-14,남자,30 - 39세,경상북도,기타,스마트폰,AS불만
2023036322,2023-07-14,여자,50 - 59세,전라북도,기타,가스에어컨,AS불만
2023036323,2023-07-14,남자,65 - 69세,대구광역시,국내온라인거래,시계,품질(물품/용역)
2023036324,2023-07-14,남자,40 - 49세,울산광역시,전화권유판매,인터넷정보이용서비스,계약불이행(불완전이행)
2023036325,2023-07-14,여자,30 - 39세,인천광역시,국내온라인거래,인터넷정보이용서비스,계약해제.해지/위약금
2023036326,2023-07-14,여자,20 - 29세,서울특별시,국내온라인거래,숙녀화(구두·부츠 등),청약철회
2023036327,2023-07-14,남자,30 - 39세,인천광역시,국내온라인거래,국외여행,계약해제.해지/위약금
2023036328,2023-07-14,여자,30 - 39세,경기도,소셜커머스(쇼핑),음식물처리기,품질(물품/용역)
2023036329,2023-07-14,여자,50 - 59세,광주광역시,일반판매,핸드백,계약해제.해지/위약금
2023036330,2023-07-14,남자,20 - 29세,부산광역시,방문판매,헬스장,계약해제.해지/위약금
2023036331,2023-07-14,남자,50 - 59세,경기도,일반판매,다목적승용차,품질(물품/용역)
2023036332,2023-07-14,여자,20 - 29세,서울특별시,국내온라인거래,항공여객운송서비스,계약해제.해지/위약금
2023036333,2023-07-14,남자,40 - 49세,전라남도,기타,독서실이용,청약철회
2023036334,2023-07-14,여자,30 - 39세,인천광역시,국내온라인거래,기타가방,청약철회
2023036335,2023-07-14,여자,40 - 49세,서울특별시,국제온라인거래,항공여객운송서비스,청약철회
2023036336,2023-07-14,여자,20 - 29세,경기도,일반판매,헬스장,계약해제.해지/위약금
2023036337,2023-07-14,여자,30 - 39세,서울특별시,국내온라인거래,보석·귀금속,품질(물품/용역)
2023036338,2023-07-14,여자,30 - 39세,대전광역시,일반판매,헬스장,계약해제.해지/위약금
2023036339,2023-07-14,여자,30 - 39세,부산광역시,전화권유판매,기타통신기기,부당행위
2023036340,2023-07-14,여자,20 - 29세,부산광역시,일반판매,헬스장,계약해제.해지/위약금
2023036341,2023-07-14,여자,불명,경기도,기타통신판매,모바일정보이용서비스,청약철회
2023036342,2023-07-14,남자,30 - 39세,경기도,모바일거래,가사도우미,부당행위
2023036343,2023-07-14,여자,40 - 49세,인천광역시,일반판매,정수기대여(렌트),계약해제.해지/위약금
2023036344,2023-07-14,여자,20 - 29세,경기도,일반판매,종합체육시설회원권,계약해제.해지/위약금
2023036345,2023-07-14,여자,40 - 49세,경기도,국내온라인거래,애완동·식물용품,품질(물품/용역)
2023036346,2023-07-14,남자,40 - 49세,경기도,기타,초고속인터넷,계약해제.해지/위약금
2023036347,2023-07-14,여자,30 - 39세,서울특별시,국내온라인거래,기타숙박시설,계약해제.해지/위약금
2023036348,2023-07-14,여자,불명,경기도,국내온라인거래,기타미분류서비스,품질(물품/용역)
2023036349,2023-07-14,남자,30 - 39세,서울특별시,소셜커머스(쇼핑),장난감총,계약불이행(불완전이행)
2023036350,2023-07-14,남자,40 - 49세,대전광역시,기타,모바일게임서비스,청약철회
2023036351,2023-07-14,여자,40 - 49세,서울특별시,국내온라인거래,책장·서가,품질(물품/용역)
2023036352,2023-07-14,남자,20 - 29세,경기도,전화권유판매,인터넷교육서비스,계약해제.해지/위약금
2023036353,2023-07-14,남자,20 - 29세,서울특별시,국제온라인거래,기타신발·용품,청약철회
2023036354,2023-07-14,여자,50 - 59세,경상남도,국내온라인거래,TV,청약철회
2023036355,2023-07-14,남자,30 - 39세,인천광역시,일반판매,포장이사운송서비스,계약해제.해지/위약금
2023036356,2023-07-14,남자,40 - 49세,경기도,소셜커머스(쇼핑),태블릿PC,품질(물품/용역)
2023036357,2023-07-14,남자,40 - 49세,강원특별자치도,기타,기타옥외장비·설비,부당행위
2023036358,2023-07-14,여자,30 - 39세,경상남도,일반판매,빵,계약불이행(불완전이행)
2023036359,2023-07-14,남자,30 - 39세,서울특별시,국내온라인거래,항공여객운송서비스,계약불이행(불완전이행)
2023036360,2023-07-14,여자,30 - 39세,서울특별시,국제온라인거래,항공여객운송서비스,청약철회
2023036361,2023-07-14,남자,30 - 39세,대전광역시,일반판매,예식서비스,계약해제.해지/위약금
2023036362,2023-07-14,여자,30 - 39세,서울특별시,국내온라인거래,캐주얼바지,청약철회
2023036363,2023-07-14,여자,30 - 39세,부산광역시,모바일거래,기타미분류서비스,가격.요금
2023036364,2023-07-14,여자,40 - 49세,경기도,방문판매,기타사설강습서비스,계약해제.해지/위약금
2023036365,2023-07-14,여자,30 - 39세,경기도,국내온라인거래,항공여객운송서비스,계약해제.해지/위약금
2023036366,2023-07-14,여자,20 - 29세,대구광역시,일반판매,신발세탁,계약불이행(불완전이행)
2023036367,2023-07-14,남자,40 - 49세,경상북도,국내온라인거래,기타의료용구,품질(물품/용역)
2023036368,2023-07-14,남자,30 - 39세,서울특별시,국내온라인거래,기타유아용승용물,청약철회
2023036369,2023-07-14,여자,30 - 39세,충청남도,전화권유판매,학습지,계약해제.해지/위약금
2023036370,2023-07-14,남자,30 - 39세,부산광역시,국내온라인거래,기타냉장·냉동기기,AS불만
2023036371,2023-07-14,남자,40 - 49세,경기도,모바일거래,음식물처리기대여(렌트),AS불만
2023036372,2023-07-14,여자,20 - 29세,대구광역시,일반판매,헬스장,계약해제.해지/위약금
2023036373,2023-07-14,여자,30 - 39세,서울특별시,일반판매,사진촬영,계약해제.해지/위약금
2023036375,2023-07-14,남자,40 - 49세,경기도,국내온라인거래,기타미분류물품,품질(물품/용역)
2023036376,2023-07-14,남자,30 - 39세,부산광역시,일반판매,해외유학알선,계약불이행(불완전이행)
2023036377,2023-07-14,여자,30 - 39세,경기도,일반판매,기타사설강습서비스,계약해제.해지/위약금
2023036378,2023-07-14,남자,20 - 29세,대구광역시,소셜커머스(쇼핑),신유형상품권,청약철회
2023036379,2023-07-14,남자,50 - 59세,경기도,국내온라인거래,책상,청약철회
2023036380,2023-07-14,여자,30 - 39세,서울특별시,일반판매,필라테스,계약해제.해지/위약금
2023036381,2023-07-14,남자,30 - 39세,서울특별시,기타,헬스장,계약해제.해지/위약금
2023036382,2023-07-14,남자,30 - 39세,서울특별시,일반판매,사진촬영,계약해제.해지/위약금
2023036383,2023-07-14,여자,30 - 39세,경상남도,모바일거래,닭고기포장육,청약철회
2023036384,2023-07-14,여자,50 - 59세,대구광역시,방문판매,섀시설비,계약불이행(불완전이행)
2023036385,2023-07-14,여자,30 - 39세,인천광역시,일반판매,항공여객운송서비스,계약해제.해지/위약금
2023036386,2023-07-14,여자,30 - 39세,경기도,국내온라인거래,기타의류·섬유,청약철회
2023036387,2023-07-14,남자,40 - 49세,경기도,기타,인터넷정보이용서비스,계약해제.해지/위약금
2023036388,2023-07-14,남자,50 - 59세,서울특별시,국내온라인거래,룸에어컨,이자.수수료
2023036389,2023-07-14,남자,30 - 39세,대전광역시,방문판매,헬스장,계약해제.해지/위약금
2023036390,2023-07-14,여자,40 - 49세,서울특별시,방문판매,국내결혼중개,계약해제.해지/위약금
2023036391,2023-07-14,여자,30 - 39세,서울특별시,국내온라인거래,필라테스,계약해제.해지/위약금
2023036392,2023-07-14,남자,20 - 29세,대구광역시,일반판매,헬스장,계약해제.해지/위약금
2023036393,2023-07-14,여자,20 - 29세,경기도,소셜커머스(쇼핑),핸드백,청약철회
2023036394,2023-07-14,여자,20 - 29세,서울특별시,국내온라인거래,항공여객운송서비스,품질(물품/용역)
2023036415,2023-07-15,여자,30 - 39세,대구광역시,기타,국내결혼중개,계약해제.해지/위약금
2023036416,2023-07-15,남자,20 - 29세,경기도,일반판매,헬스장,계약해제.해지/위약금
2023036417,2023-07-15,남자,20 - 29세,서울특별시,일반판매,기타숙박시설,계약해제.해지/위약금
2023036418,2023-07-15,여자,20 - 29세,대구광역시,국내온라인거래,기타서적음반류,품질(물품/용역)
2023036419,2023-07-15,여자,20 - 29세,서울특별시,일반판매,필라테스,계약해제.해지/위약금
2023036420,2023-07-15,남자,20 - 29세,대전광역시,소셜커머스(쇼핑),컴퓨터모니터(데스크탑),계약해제.해지/위약금
2023036421,2023-07-15,여자,20 - 29세,강원특별자치도,일반판매,헬스장,계약해제.해지/위약금
2023036422,2023-07-15,여자,20 - 29세,대전광역시,일반판매,헬스장,계약해제.해지/위약금
2023036423,2023-07-15,남자,30 - 39세,경기도,국내온라인거래,노트북컴퓨터,청약철회
2023036424,2023-07-15,남자,20 - 29세,경기도,방문판매,헬스장,계약해제.해지/위약금
2023036425,2023-07-15,여자,20 - 29세,경기도,일반판매,헬스장,계약해제.해지/위약금
2023036426,2023-07-15,여자,50 - 59세,전라남도,TV홈쇼핑,밥통,표시.광고
2023036427,2023-07-15,남자,40 - 49세,경기도,기타,아파트,부당행위
2023036428,2023-07-15,여자,50 - 59세,서울특별시,소셜커머스(쇼핑),국외여행,계약불이행(불완전이행)
2023036429,2023-07-15,남자,30 - 39세,전라북도,기타,이동전화서비스,부당행위
2023036430,2023-07-15,여자,30 - 39세,서울특별시,방문판매,결혼준비대행서비스,계약해제.해지/위약금
2023036431,2023-07-15,여자,50 - 59세,서울특별시,일반판매,국내결혼중개,계약해제.해지/위약금
2023036515,2023-07-16,여자,20 - 29세,경기도,모바일거래,기타미분류서비스,계약불이행(불완전이행)
2023036516,2023-07-16,남자,30 - 39세,전라북도,국내온라인거래,룸에어컨,AS불만
2023036517,2023-07-16,남자,40 - 49세,경상남도,국내온라인거래,기타매체광고,청약철회
2023036518,2023-07-16,남자,20 - 29세,경기도,일반판매,기타재봉·세탁·청소용품,품질(물품/용역)
2023036519,2023-07-16,남자,20 - 29세,경기도,국내온라인거래,트레이닝기구,품질(물품/용역)
2023036520,2023-07-16,여자,40 - 49세,서울특별시,국제온라인거래,항공여객운송서비스,계약불이행(불완전이행)
2023036521,2023-07-16,남자,30 - 39세,경기도,일반판매,기타음식관련서비스,품질(물품/용역)
2023036522,2023-07-16,여자,30 - 39세,대전광역시,소셜커머스(쇼핑),호텔,가격.요금
2023036523,2023-07-16,남자,20 - 29세,경기도,기타,결혼준비대행서비스,계약해제.해지/위약금
2023036524,2023-07-16,남자,30 - 39세,서울특별시,국내온라인거래,점퍼·재킷류,청약철회
2023036525,2023-07-16,여자,20 - 29세,서울특별시,국내온라인거래,기타간편복,청약철회
2023036526,2023-07-16,여자,30 - 39세,인천광역시,모바일거래,스포츠시설이용,계약해제.해지/위약금
2023036527,2023-07-16,남자,40 - 49세,서울특별시,일반판매,외식,안전(제품/시설)
2023036528,2023-07-16,남자,60 - 64세,광주광역시,국내온라인거래,기타공조·냉난방기기,AS불만
2023036529,2023-07-16,여자,50 - 59세,충청남도,모바일거래,기타숙박시설,계약불이행(불완전이행)
2023036530,2023-07-16,여자,20 - 29세,경기도,일반판매,일반강습(입시학원등),계약불이행(불완전이행)
2023036531,2023-07-16,남자,20 - 29세,서울특별시,국내온라인거래,인터넷교육서비스,계약불이행(불완전이행)
2023036532,2023-07-14,남자,30 - 39세,대전광역시,일반판매,헬스장,계약해제.해지/위약금
2023036533,2023-07-17,여자,30 - 39세,강원특별자치도,일반판매,비치파라솔,품질(물품/용역)
2023036534,2023-07-17,여자,30 - 39세,경기도,일반판매,스마트폰,품질(물품/용역)
2023036535,2023-07-17,남자,50 - 59세,충청남도,국내온라인거래,등산화,품질(물품/용역)
2023036536,2023-07-17,여자,40 - 49세,서울특별시,일반판매,샌들·슬리퍼,품질(물품/용역)
2023036537,2023-07-17,여자,40 - 49세,충청남도,일반판매,샌들·슬리퍼,품질(물품/용역)
2023036538,2023-07-17,남자,50 - 59세,서울특별시,일반판매,신사화(구두·부츠 등),품질(물품/용역)
2023036539,2023-07-17,여자,50 - 59세,강원특별자치도,일반판매,운동화,품질(물품/용역)
2023036540,2023-07-17,여자,40 - 49세,경기도,일반판매,운동화,품질(물품/용역)
2023036541,2023-07-17,여자,40 - 49세,광주광역시,일반판매,운동화,품질(물품/용역)
2023036542,2023-07-17,여자,30 - 39세,서울특별시,국내온라인거래,아동화,품질(물품/용역)
2023036543,2023-07-17,여자,20 - 29세,경기도,일반판매,신발세탁,계약불이행(불완전이행)
2023036544,2023-07-17,여자,30 - 39세,부산광역시,일반판매,필라테스,계약해제.해지/위약금
2023036545,2023-07-17,여자,20 - 29세,경기도,일반판매,신발세탁,계약불이행(불완전이행)
2023036546,2023-07-17,여자,20 - 29세,경기도,일반판매,신발세탁,계약불이행(불완전이행)
2023036547,2023-07-17,여자,50 - 59세,전라북도,일반판매,운동화,품질(물품/용역)
2023036548,2023-07-17,여자,50 - 59세,경기도,일반판매,운동화,품질(물품/용역)
2023036549,2023-07-17,남자,40 - 49세,광주광역시,국내온라인거래,샌들·슬리퍼,품질(물품/용역)
2023036550,2023-07-17,여자,40 - 49세,경기도,국내온라인거래,샌들·슬리퍼,품질(물품/용역)
2023036551,2023-07-17,여자,40 - 49세,서울특별시,국내온라인거래,샌들·슬리퍼,품질(물품/용역)
2023036552,2023-07-17,여자,40 - 49세,경기도,국내온라인거래,운동화,품질(물품/용역)
2023036553,2023-07-17,여자,50 - 59세,서울특별시,국내온라인거래,샌들·슬리퍼,품질(물품/용역)
2023036554,2023-07-17,여자,20 - 29세,경기도,일반판매,신발세탁,계약불이행(불완전이행)
2023036555,2023-07-17,여자,30 - 39세,서울특별시,국내온라인거래,운동화,품질(물품/용역)
2023036556,2023-07-17,남자,40 - 49세,경기도,국내온라인거래,운동화,품질(물품/용역)
2023036557,2023-07-17,남자,40 - 49세,충청남도,일반판매,운동화,품질(물품/용역)
2023036558,2023-07-17,여자,20 - 29세,서울특별시,일반판매,운동화,품질(물품/용역)
2023036559,2023-07-17,여자,30 - 39세,서울특별시,일반판매,헬스장,청약철회
2023036560,2023-07-17,남자,40 - 49세,전라남도,일반판매,기타자동차용품,품질(물품/용역)
2023036561,2023-07-17,여자,40 - 49세,경상남도,일반판매,건강(암·기타질병)보험,계약불이행(불완전이행)
2023036562,2023-07-17,남자,60 - 64세,울산광역시,기타통신판매,초고속인터넷,계약해제.해지/위약금
2023036563,2023-07-17,남자,50 - 59세,경기도,일반판매,상조서비스,계약해제.해지/위약금
2023036564,2023-07-17,여자,20 - 29세,충청북도,국내온라인거래,각종공연관람,계약해제.해지/위약금
2023036565,2023-07-17,남자,40 - 49세,서울특별시,소셜커머스(쇼핑),TV,계약불이행(불완전이행)
2023036566,2023-07-17,여자,60 - 64세,서울특별시,국내온라인거래,현물(금기타),계약불이행(불완전이행)
2023036567,2023-07-17,여자,30 - 39세,서울특별시,일반판매,자동차주차장,계약해제.해지/위약금
2023036568,2023-07-17,남자,40 - 49세,경기도,일반판매,대형승용자동차,AS불만
2023036569,2023-07-17,남자,30 - 39세,경기도,소셜커머스(쇼핑),차량네비게이션(자동항법장치),계약불이행(불완전이행)
2023036570,2023-07-17,남자,40 - 49세,경기도,기타,룸에어컨,계약불이행(불완전이행)
2023036571,2023-07-17,여자,40 - 49세,경기도,전화권유판매,필라테스,계약해제.해지/위약금
2023036572,2023-07-17,남자,50 - 59세,충청남도,기타통신판매,자동차대여(렌트),계약해제.해지/위약금
2023036573,2023-07-17,여자,40 - 49세,강원특별자치도,국내온라인거래,타올,품질(물품/용역)
2023036574,2023-07-17,여자,30 - 39세,경기도,방문판매,초고속인터넷,표시.광고
2023036575,2023-07-17,남자,30 - 39세,전라남도,일반판매,중형승용자동차,AS불만
2023036577,2023-07-17,여자,불명,울산광역시,일반판매,점퍼·재킷류,품질(물품/용역)
2023036578,2023-07-17,여자,50 - 59세,경기도,방문판매,기타옥외장비·설비,계약불이행(불완전이행)
2023036579,2023-07-17,여자,20 - 29세,경상남도,일반판매,기타사설강습서비스,계약해제.해지/위약금
2023036580,2023-07-17,남자,30 - 39세,경기도,국내온라인거래,자동차대여(렌트),계약해제.해지/위약금
2023036581,2023-07-17,여자,40 - 49세,대구광역시,일반판매,상해보험,계약불이행(불완전이행)
2023036582,2023-07-17,남자,30 - 39세,대구광역시,일반판매,실손보험,계약불이행(불완전이행)
2023036583,2023-07-17,여자,20 - 29세,서울특별시,국내온라인거래,여자용내의류,계약불이행(불완전이행)
2023036584,2023-07-17,남자,65 - 69세,경기도,기타,초고속인터넷,계약해제.해지/위약금
2023036585,2023-07-17,여자,20 - 29세,서울특별시,국내온라인거래,기타가방,청약철회
2023036586,2023-07-17,남자,30 - 39세,인천광역시,국내온라인거래,기타유아용승용물,품질(물품/용역)
2023036587,2023-07-17,남자,50 - 59세,경상남도,일반판매,양복(서양식 의복)세탁,품질(물품/용역)
2023036588,2023-07-17,남자,30 - 39세,인천광역시,일반판매,차량용블랙박스,계약해제.해지/위약금
2023036589,2023-07-17,여자,20 - 29세,경기도,국내온라인거래,기타간편복,품질(물품/용역)
2023036590,2023-07-17,여자,30 - 39세,경기도,국내온라인거래,기타문화·오락시설이용,계약해제.해지/위약금
2023036591,2023-07-17,남자,50 - 59세,서울특별시,일반판매,자동차수리·점검,AS불만
2023036592,2023-07-17,여자,50 - 59세,경상북도,일반판매,기타회원권,계약해제.해지/위약금
2023036594,2023-07-14,여자,30 - 39세,인천광역시,일반판매,포장이사운송서비스,가격.요금
2023036596,2023-07-17,남자,20 - 29세,경상북도,일반판매,헬스장,계약해제.해지/위약금
2023036597,2023-07-17,남자,40 - 49세,광주광역시,일반판매,자동차주차장,품질(물품/용역)
2023036598,2023-07-17,남자,40 - 49세,경기도,국내온라인거래,점퍼·재킷류,품질(물품/용역)
2023036600,2023-07-17,여자,30 - 39세,대구광역시,국내온라인거래,티셔츠,품질(물품/용역)
2023036601,2023-07-17,여자,불명,대전광역시,일반판매,니트(스웨터),품질(물품/용역)
2023036603,2023-07-17,여자,50 - 59세,대구광역시,국내온라인거래,원피스,품질(물품/용역)
2023036604,2023-07-17,여자,불명,대전광역시,일반판매,원피스,품질(물품/용역)
2023036605,2023-07-17,남자,불명,경상북도,국내온라인거래,기타장류,청약철회
2023036607,2023-07-17,여자,10 - 19세,경기도,국내온라인거래,티셔츠,품질(물품/용역)
2023036608,2023-07-17,여자,65 - 69세,경기도,기타,기타의료용구,품질(물품/용역)
2023036609,2023-07-17,여자,30 - 39세,대전광역시,일반판매,헬스장,계약해제.해지/위약금
2023036611,2023-07-17,여자,40 - 49세,충청남도,일반판매,스포츠웨어,품질(물품/용역)
2023036612,2023-07-17,남자,80세이상,서울특별시,국내온라인거래,기타일반화장품,계약해제.해지/위약금
2023036613,2023-07-17,여자,40 - 49세,충청남도,일반판매,스포츠웨어,품질(물품/용역)
2023036615,2023-07-17,남자,30 - 39세,경기도,국내온라인거래,퍼스널컴퓨터,AS불만
2023036617,2023-07-17,여자,70 - 79세,경기도,기타,자동차보험,계약불이행(불완전이행)
2023036618,2023-07-17,여자,50 - 59세,경기도,일반판매,지갑,품질(물품/용역)
2023036619,2023-07-17,여자,40 - 49세,서울특별시,일반판매,외식,품질(물품/용역)
2023036620,2023-07-17,여자,50 - 59세,서울특별시,국내온라인거래,전문스포츠화(축구화·골프화 등),품질(물품/용역)
2023036621,2023-07-17,여자,20 - 29세,서울특별시,국내온라인거래,여행용가방,계약불이행(불완전이행)
2023036622,2023-07-17,여자,50 - 59세,충청북도,국내온라인거래,닭고기포장육,계약불이행(불완전이행)
2023036623,2023-07-17,여자,20 - 29세,경기도,기타통신판매,국외여행,계약불이행(불완전이행)
2023036624,2023-07-17,여자,20 - 29세,해외 및 기타,국제온라인거래,기타일반화장품,계약불이행(불완전이행)
2023036625,2023-07-17,여자,50 - 59세,부산광역시,국내온라인거래,식기세척기,표시.광고
2023036626,2023-07-17,남자,30 - 39세,대구광역시,국내온라인거래,기타숙박시설,청약철회
2023036627,2023-07-17,여자,50 - 59세,경상남도,일반판매,티셔츠,품질(물품/용역)
2023036629,2023-07-17,남자,50 - 59세,대구광역시,일반판매,신사화(구두·부츠 등),품질(물품/용역)
2023036630,2023-07-17,남자,40 - 49세,경기도,일반판매,캐주얼바지,품질(물품/용역)
2023036631,2023-07-17,여자,30 - 39세,경기도,일반판매,기타인테리어설비,품질(물품/용역)
2023036632,2023-07-17,남자,20 - 29세,서울특별시,국내온라인거래,샌들·슬리퍼,품질(물품/용역)
2023036633,2023-07-17,여자,40 - 49세,경기도,국내온라인거래,숙녀화(구두·부츠 등),품질(물품/용역)
2023036634,2023-07-17,남자,40 - 49세,서울특별시,기타,묘지설비,계약해제.해지/위약금
2023036635,2023-07-17,남자,65 - 69세,서울특별시,전화권유판매,유사투자자문,청약철회
2023036636,2023-07-17,여자,40 - 49세,전라남도,국내온라인거래,샌들·슬리퍼,품질(물품/용역)
2023036637,2023-07-17,여자,40 - 49세,경상남도,일반판매,양복(서양식 의복)세탁,품질(물품/용역)
2023036638,2023-07-17,남자,30 - 39세,경기도,기타통신판매,투자자문(컨설팅),계약해제.해지/위약금
2023036639,2023-07-17,여자,20 - 29세,서울특별시,일반판매,운동화,품질(물품/용역)
2023036640,2023-07-17,여자,50 - 59세,서울특별시,일반판매,해외유학알선,계약해제.해지/위약금
2023036641,2023-07-17,남자,40 - 49세,광주광역시,일반판매,포장이사운송서비스,계약불이행(불완전이행)
2023036642,2023-07-17,여자,60 - 64세,서울특별시,국내온라인거래,일반이사운송서비스,계약불이행(불완전이행)
2023036643,2023-07-17,여자,50 - 59세,서울특별시,기타통신판매,숙녀복하의,품질(물품/용역)
2023036644,2023-07-17,여자,50 - 59세,서울특별시,일반판매,운동화,품질(물품/용역)
2023036645,2023-07-17,여자,50 - 59세,경기도,일반판매,차량용블랙박스,AS불만
2023036646,2023-07-17,남자,65 - 69세,경상남도,일반판매,상조서비스,부당행위
2023036649,2023-07-17,남자,30 - 39세,경상남도,국내온라인거래,셔츠,품질(물품/용역)
2023036650,2023-07-17,남자,60 - 64세,경상남도,방문판매,상조서비스,가격.요금
2023036651,2023-07-17,여자,20 - 29세,서울특별시,일반판매,한의원,계약해제.해지/위약금
2023036652,2023-07-17,여자,30 - 39세,경기도,일반판매,피부과,계약해제.해지/위약금
2023036653,2023-07-17,남자,30 - 39세,부산광역시,전화권유판매,인터넷정보이용서비스,계약불이행(불완전이행)
2023036654,2023-07-17,여자,20 - 29세,서울특별시,국내온라인거래,양복(서양식 의복)세탁,품질(물품/용역)
2023036655,2023-07-17,남자,불명,경기도,기타,전기진공청소기,품질(물품/용역)
2023036656,2023-07-17,여자,50 - 59세,경기도,전화권유판매,유사투자자문,청약철회
2023036657,2023-07-17,남자,70 - 79세,경기도,일반판매,치과,계약불이행(불완전이행)
2023036658,2023-07-17,여자,30 - 39세,서울특별시,국내온라인거래,기타자전거용품,거래관행
2023036659,2023-07-17,남자,40 - 49세,경상남도,일반판매,건강(암·기타질병)보험,약관
2023036660,2023-07-17,남자,70 - 79세,서울특별시,전화권유판매,유사투자자문,계약해제.해지/위약금
2023036661,2023-07-17,여자,50 - 59세,부산광역시,일반판매,건강(암·기타질병)보험,약관
2023036662,2023-07-17,남자,50 - 59세,서울특별시,일반판매,각종쿠폰류(무료통화권포함),계약해제.해지/위약금
2023036663,2023-07-17,여자,10 - 19세,경기도,일반판매,헬스장,계약해제.해지/위약금
2023036664,2023-07-17,남자,65 - 69세,울산광역시,일반판매,실손보험,약관
2023036665,2023-07-17,남자,50 - 59세,대전광역시,일반판매,상해보험,약관
2023036666,2023-07-17,여자,50 - 59세,충청북도,일반판매,외식,거래관행
2023036667,2023-07-17,여자,30 - 39세,충청북도,국내온라인거래,숙녀화(구두·부츠 등),품질(물품/용역)
2023036668,2023-07-17,남자,40 - 49세,경기도,일반판매,신경외과,품질(물품/용역)
2023036669,2023-07-17,여자,50 - 59세,충청남도,기타,피부과,계약불이행(불완전이행)
2023036670,2023-07-17,여자,50 - 59세,경기도,TV홈쇼핑,이불·요,품질(물품/용역)
2023036671,2023-07-17,여자,불명,울산광역시,일반판매,호텔,계약해제.해지/위약금
2023036672,2023-07-17,여자,40 - 49세,충청남도,일반판매,피부과,계약해제.해지/위약금
2023036674,2023-07-17,여자,30 - 39세,경기도,일반판매,핸드백,품질(물품/용역)
2023036675,2023-07-17,남자,40 - 49세,울산광역시,국내온라인거래,장난감총,청약철회
2023036676,2023-07-17,남자,30 - 39세,서울특별시,국내온라인거래,기타식품류,청약철회
2023036677,2023-07-17,남자,20 - 29세,경기도,일반판매,헬스장,계약해제.해지/위약금
2023036678,2023-07-17,남자,40 - 49세,제주도,일반판매,소형승용자동차,품질(물품/용역)
2023036679,2023-07-17,남자,60 - 64세,강원특별자치도,기타,정수기대여(렌트),계약해제.해지/위약금
2023036680,2023-07-17,여자,50 - 59세,경기도,일반판매,양복(서양식 의복)세탁,품질(물품/용역)
2023036681,2023-07-17,여자,20 - 29세,경기도,일반판매,중형승용자동차,계약불이행(불완전이행)
2023036682,2023-07-17,여자,40 - 49세,해외 및 기타,국제온라인거래,기타완구·인형,계약불이행(불완전이행)
2023036683,2023-07-17,남자,40 - 49세,인천광역시,국내온라인거래,건물청소서비스,계약불이행(불완전이행)
2023036715,2023-07-17,여자,30 - 39세,경기도,일반판매,헬스장,계약해제.해지/위약금
2023036716,2023-07-17,여자,불명,전라남도,일반판매,정수기대여(렌트),계약해제.해지/위약금
2023036717,2023-07-17,여자,40 - 49세,충청북도,소셜커머스(쇼핑),기타책상·테이블류,품질(물품/용역)
2023036718,2023-07-17,여자,70 - 79세,서울특별시,일반판매,기타인테리어설비,계약해제.해지/위약금
2023036719,2023-07-17,남자,40 - 49세,경기도,일반판매,기타의료용구,계약불이행(불완전이행)
2023036720,2023-07-17,남자,30 - 39세,경기도,국내온라인거래,철도여객운송서비스,계약해제.해지/위약금
2023036721,2023-07-17,여자,20 - 29세,서울특별시,일반판매,애완고양이,청약철회
2023036722,2023-07-17,남자,50 - 59세,강원특별자치도,일반판매,포장이사운송서비스,품질(물품/용역)
2023036724,2023-07-17,남자,40 - 49세,경기도,기타,헬스장,계약해제.해지/위약금
2023036725,2023-07-17,여자,50 - 59세,서울특별시,국내온라인거래,복숭아,품질(물품/용역)
2023036726,2023-07-17,남자,20 - 29세,충청북도,기타,기타숙박시설,계약불이행(불완전이행)
2023036727,2023-07-17,남자,40 - 49세,서울특별시,국내온라인거래,가스에어컨,품질(물품/용역)
2023036728,2023-07-17,여자,40 - 49세,경기도,일반판매,컴퓨터모니터(데스크탑),품질(물품/용역)
2023036729,2023-07-17,남자,20 - 29세,서울특별시,국내온라인거래,CD·LD·DVD(영화·음악·게임),청약철회
2023036730,2023-07-17,여자,20 - 29세,충청북도,일반판매,필라테스,계약해제.해지/위약금
2023036731,2023-07-17,여자,40 - 49세,경기도,일반판매,피부·체형관리서비스,계약해제.해지/위약금
2023036732,2023-07-17,여자,50 - 59세,서울특별시,국내온라인거래,보석·귀금속,품질(물품/용역)
2023036733,2023-07-17,남자,20 - 29세,경기도,모바일거래,기타숙박시설,계약해제.해지/위약금
2023036734,2023-07-17,여자,20 - 29세,서울특별시,국내온라인거래,펜션,청약철회
2023036735,2023-07-17,남자,20 - 29세,인천광역시,일반판매,종합체육시설회원권,계약해제.해지/위약금
2023036736,2023-07-17,남자,40 - 49세,경상북도,일반판매,여행용가방,거래관행
2023036737,2023-07-17,여자,30 - 39세,강원특별자치도,국내온라인거래,전기오븐,계약해제.해지/위약금
2023036738,2023-07-17,남자,30 - 39세,충청북도,일반판매,헬스장,계약해제.해지/위약금
2023036739,2023-07-17,여자,20 - 29세,경기도,국내온라인거래,기타문화·오락시설이용,계약불이행(불완전이행)
2023036740,2023-07-17,여자,20 - 29세,인천광역시,국내온라인거래,기타의류·섬유,청약철회
2023036741,2023-07-17,여자,30 - 39세,경기도,일반판매,필라테스,계약해제.해지/위약금
2023036742,2023-07-17,남자,40 - 49세,경기도,모바일거래,태블릿PC,부당행위
2023036743,2023-07-17,여자,20 - 29세,서울특별시,국내온라인거래,통신기기케이스,부당행위
2023036744,2023-07-17,여자,30 - 39세,서울특별시,국내온라인거래,영어자격(능력)시험,부당행위
2023036745,2023-07-17,여자,30 - 39세,서울특별시,국내온라인거래,티셔츠,청약철회
2023036746,2023-07-17,여자,40 - 49세,경기도,전화권유판매,이동전화서비스,부당행위
2023036747,2023-07-17,여자,20 - 29세,경기도,일반판매,예식서비스,계약해제.해지/위약금
2023036748,2023-07-17,여자,40 - 49세,부산광역시,국내온라인거래,기타식탁용품,품질(물품/용역)
2023036749,2023-07-17,여자,50 - 59세,인천광역시,국내온라인거래,서랍장,품질(물품/용역)
2023036750,2023-07-17,남자,60 - 64세,경상북도,국내온라인거래,항공여객운송서비스,가격.요금
2023036751,2023-07-17,여자,40 - 49세,서울특별시,국내온라인거래,기타책상·테이블류,계약불이행(불완전이행)
2023036752,2023-07-17,남자,30 - 39세,인천광역시,일반판매,미용서비스,계약해제.해지/위약금
2023036753,2023-07-17,여자,40 - 49세,경기도,기타,기타숙박시설,무능력자계약
2023036754,2023-07-17,남자,20 - 29세,인천광역시,국내온라인거래,외국어강습,계약해제.해지/위약금
2023036755,2023-07-17,여자,20 - 29세,서울특별시,모바일거래,펜션,계약해제.해지/위약금
2023036756,2023-07-17,여자,30 - 39세,강원특별자치도,국내온라인거래,기타숙박시설,계약해제.해지/위약금
2023036757,2023-07-17,남자,30 - 39세,인천광역시,일반판매,대형승용자동차,부당행위
2023036758,2023-07-17,남자,20 - 29세,서울특별시,일반판매,펜션,청약철회
2023036759,2023-07-17,남자,50 - 59세,경기도,국내온라인거래,기타스포츠·레저기구·용품,표시.광고
2023036760,2023-07-17,여자,50 - 59세,서울특별시,일반판매,중형승용자동차,품질(물품/용역)
2023036761,2023-07-17,여자,60 - 64세,서울특별시,전화권유판매,다이어트식품,청약철회
2023036762,2023-07-17,여자,20 - 29세,서울특별시,일반판매,필라테스,계약해제.해지/위약금
2023036763,2023-07-17,남자,30 - 39세,인천광역시,일반판매,예식서비스,계약해제.해지/위약금
2023036764,2023-07-17,여자,30 - 39세,강원특별자치도,일반판매,필라테스,계약해제.해지/위약금
2023036765,2023-07-17,남자,30 - 39세,경기도,기타,포장이사운송서비스,품질(물품/용역)
2023036766,2023-07-17,여자,20 - 29세,경기도,방문판매,미용서비스,품질(물품/용역)
2023036767,2023-07-17,여자,20 - 29세,서울특별시,방문판매,헬스장,계약해제.해지/위약금
2023036768,2023-07-17,남자,40 - 49세,경기도,국내온라인거래,모바일정보이용서비스,계약해제.해지/위약금
2023036769,2023-07-17,여자,20 - 29세,서울특별시,국내온라인거래,항공여객운송서비스,계약해제.해지/위약금
2023036770,2023-07-17,여자,30 - 39세,경기도,국내온라인거래,통신기기케이스,청약철회
2023036771,2023-07-17,여자,40 - 49세,제주도,일반판매,헬스장,계약해제.해지/위약금
2023036772,2023-07-17,남자,30 - 39세,경상남도,국내온라인거래,헤드폰·이어폰,부당행위
2023036773,2023-07-17,여자,40 - 49세,경기도,모바일거래,기타주거관리설비,AS불만
2023036774,2023-07-17,여자,30 - 39세,강원특별자치도,국내온라인거래,가구세트,계약해제.해지/위약금
2023036775,2023-07-17,남자,30 - 39세,충청북도,국제온라인거래,기타일반화장품,청약철회
2023036776,2023-07-17,남자,40 - 49세,서울특별시,일반판매,냉장고,AS불만
2023036777,2023-07-17,여자,30 - 39세,서울특별시,일반판매,벨트,청약철회
2023036778,2023-07-17,여자,30 - 39세,부산광역시,기타통신판매,기타이·미용서비스,계약해제.해지/위약금
2023036779,2023-07-17,남자,30 - 39세,서울특별시,기타,포장이사운송서비스,품질(물품/용역)
2023036780,2023-07-17,여자,40 - 49세,경기도,기타,국내결혼중개,계약해제.해지/위약금
2023036781,2023-07-17,남자,30 - 39세,인천광역시,기타,헬스장,계약해제.해지/위약금
2023036782,2023-07-17,여자,30 - 39세,경기도,기타,국내결혼중개,부당행위
2023036784,2023-07-17,남자,40 - 49세,서울특별시,일반판매,국외여행,AS불만
2023036785,2023-07-17,남자,40 - 49세,인천광역시,일반판매,예식서비스,계약불이행(불완전이행)
2023036786,2023-07-17,여자,40 - 49세,경상남도,일반판매,헬스장,계약불이행(불완전이행)
2023036788,2023-07-17,남자,70 - 79세,서울특별시,기타,전기배선,가격.요금
2023036789,2023-07-17,여자,40 - 49세,서울특별시,방문판매,기타방문·통신교육서비스,계약해제.해지/위약금
2023036790,2023-07-17,여자,30 - 39세,경기도,기타,피부·체형관리서비스,계약해제.해지/위약금
2023036791,2023-07-17,여자,30 - 39세,서울특별시,국내온라인거래,원피스,품질(물품/용역)
2023036792,2023-07-17,남자,30 - 39세,부산광역시,일반판매,골프회원권,계약해제.해지/위약금
2023036793,2023-07-17,남자,50 - 59세,경기도,일반판매,헬스장,계약해제.해지/위약금
2023036794,2023-07-17,남자,30 - 39세,서울특별시,일반판매,항공여객운송서비스,계약불이행(불완전이행)
2023036796,2023-07-17,여자,30 - 39세,충청남도,일반판매,복합기,부당행위
2023036797,2023-07-17,여자,30 - 39세,서울특별시,국내온라인거래,기타관람·감상,계약해제.해지/위약금
2023036798,2023-07-17,남자,40 - 49세,서울특별시,국내온라인거래,기타서적음반류,계약불이행(불완전이행)
2023036799,2023-07-17,남자,50 - 59세,울산광역시,모바일거래,모바일게임서비스,무능력자계약
2023036800,2023-07-17,남자,40 - 49세,경상남도,일반판매,이동전화서비스,품질(물품/용역)
2023036802,2023-07-17,남자,30 - 39세,경기도,기타,기타주방설비,AS불만
2023036803,2023-07-17,여자,20 - 29세,서울특별시,국내온라인거래,호텔,품질(물품/용역)
2023036804,2023-07-17,남자,30 - 39세,서울특별시,기타,예식서비스,계약해제.해지/위약금
2023036805,2023-07-17,남자,30 - 39세,서울특별시,기타,예식서비스,계약해제.해지/위약금
2023036806,2023-07-17,남자,60 - 64세,부산광역시,국내온라인거래,기타자동차용품,품질(물품/용역)
2023036807,2023-07-17,남자,70 - 79세,인천광역시,일반판매,스마트폰,품질(물품/용역)
2023036808,2023-07-17,남자,30 - 39세,강원특별자치도,국내온라인거래,항공여객운송서비스,계약불이행(불완전이행)
2023036809,2023-07-17,여자,50 - 59세,충청북도,국내온라인거래,기타조미식품,계약불이행(불완전이행)
2023036810,2023-07-17,여자,30 - 39세,경상북도,TV홈쇼핑,헤어드라이어,계약불이행(불완전이행)
2023036811,2023-07-17,남자,50 - 59세,광주광역시,일반판매,정수기,청약철회
2023036812,2023-07-17,남자,20 - 29세,서울특별시,국내온라인거래,통신기기케이스,청약철회
2023036813,2023-07-17,남자,30 - 39세,서울특별시,일반판매,기타사설강습서비스,계약불이행(불완전이행)
2023036814,2023-07-17,남자,40 - 49세,전라남도,일반판매,스마트폰,AS불만
2023036815,2023-07-17,남자,40 - 49세,경기도,일반판매,가구세트,계약해제.해지/위약금
2023036816,2023-07-17,남자,40 - 49세,인천광역시,일반판매,스마트폰,부당행위
2023036817,2023-07-17,남자,불명,서울특별시,기타통신판매,스포츠웨어,품질(물품/용역)
2023036818,2023-07-17,여자,30 - 39세,서울특별시,방문판매,헬스장,계약해제.해지/위약금
2023036819,2023-07-18,남자,60 - 64세,전라남도,기타,버스여객운송서비스,품질(물품/용역)
2023036820,2023-07-18,여자,20 - 29세,서울특별시,국내온라인거래,기타의류·섬유,계약불이행(불완전이행)
2023036821,2023-07-18,여자,60 - 64세,서울특별시,국내온라인거래,"OTT서비스(넷플릭스,왓챠 등)",계약해제.해지/위약금
2023036822,2023-07-18,남자,70 - 79세,서울특별시,전화권유판매,인터넷정보이용서비스,계약불이행(불완전이행)
2023036823,2023-07-18,남자,50 - 59세,서울특별시,국내온라인거래,호텔,청약철회
2023036825,2023-07-18,남자,40 - 49세,경기도,일반판매,일반자전거,계약불이행(불완전이행)
2023036826,2023-07-18,여자,30 - 39세,경기도,일반판매,자동차주차장,부당행위
2023036827,2023-07-18,남자,30 - 39세,경기도,일반판매,중형승용자동차,품질(물품/용역)
2023036828,2023-07-18,남자,20 - 29세,광주광역시,국내온라인거래,항공여객운송서비스,청약철회
2023036829,2023-07-18,남자,40 - 49세,경기도,국내온라인거래,성기능향상기기,품질(물품/용역)
2023036830,2023-07-18,남자,30 - 39세,경기도,국내온라인거래,자동차대여(렌트),계약해제.해지/위약금
2023036831,2023-07-18,남자,70 - 79세,대구광역시,일반판매,호텔,청약철회
2023036833,2023-07-17,여자,30 - 39세,경기도,국내온라인거래,지갑,가격.요금
2023036834,2023-07-17,여자,30 - 39세,충청남도,전화권유판매,인터넷정보이용서비스,청약철회
2023036835,2023-07-17,여자,30 - 39세,울산광역시,방문판매,인터넷교육서비스,계약해제.해지/위약금
2023036836,2023-07-17,여자,30 - 39세,광주광역시,노상판매,인터넷교육서비스,계약해제.해지/위약금
2023036837,2023-07-17,여자,30 - 39세,서울특별시,기타,호텔,계약해제.해지/위약금
2023036838,2023-07-17,남자,20 - 29세,인천광역시,기타통신판매,전자담배,표시.광고
2023036839,2023-07-18,남자,60 - 64세,경기도,국내온라인거래,오토바이,청약철회
2023036840,2023-07-18,여자,불명,서울특별시,국내온라인거래,스커트,청약철회
2023036841,2023-07-18,여자,40 - 49세,전라남도,일반판매,타일,단순문의.상담
2023036842,2023-07-18,남자,50 - 59세,서울특별시,일반판매,소화기,안전(제품/시설)
2023036843,2023-07-18,남자,65 - 69세,부산광역시,국내온라인거래,우유,안전(제품/시설)
2023036844,2023-07-18,여자,50 - 59세,경기도,기타,싱크대,AS불만
2023036845,2023-07-18,여자,30 - 39세,인천광역시,일반판매,기타세탁서비스,AS불만
2023036846,2023-07-18,여자,불명,강원특별자치도,일반판매,숙녀복하의,품질(물품/용역)
2023036847,2023-07-18,남자,50 - 59세,서울특별시,기타통신판매,컵,계약불이행(불완전이행)
2023036848,2023-07-18,남자,50 - 59세,인천광역시,일반판매,차량용블랙박스,표시.광고
2023036849,2023-07-18,여자,50 - 59세,서울특별시,일반판매,스커트,품질(물품/용역)
2023036850,2023-07-18,여자,40 - 49세,인천광역시,국내온라인거래,기타숙박시설,계약해제.해지/위약금
2023036851,2023-07-18,남자,65 - 69세,서울특별시,일반판매,티셔츠,품질(물품/용역)
2023036852,2023-07-18,남자,40 - 49세,세종특별자치시,일반판매,헬스장,계약해제.해지/위약금
2023036853,2023-07-18,여자,40 - 49세,경기도,국제온라인거래,기타침대류,계약불이행(불완전이행)
2023036855,2023-07-18,여자,70 - 79세,서울특별시,일반판매,기타미분류서비스,계약불이행(불완전이행)
2023036857,2023-07-18,남자,40 - 49세,서울특별시,일반판매,포장이사운송서비스,계약해제.해지/위약금
2023036858,2023-07-18,남자,50 - 59세,전라북도,국내온라인거래,기타숙박시설,계약해제.해지/위약금
2023036859,2023-07-18,남자,40 - 49세,경기도,일반판매,스마트폰,AS불만
2023036861,2023-07-18,여자,20 - 29세,인천광역시,일반판매,성형외과,계약해제.해지/위약금
2023036862,2023-07-18,여자,40 - 49세,서울특별시,일반판매,피부과,계약해제.해지/위약금
2023036863,2023-07-18,여자,30 - 39세,인천광역시,일반판매,양복(서양식 의복)세탁,품질(물품/용역)
2023036864,2023-07-18,남자,50 - 59세,서울특별시,국내온라인거래,국외여행,계약해제.해지/위약금
2023036865,2023-07-18,남자,50 - 59세,경상남도,일반판매,양복(서양식 의복)세탁,품질(물품/용역)
2023036867,2023-07-18,여자,50 - 59세,서울특별시,일반판매,기타회원권,계약해제.해지/위약금
2023036868,2023-07-18,여자,20 - 29세,인천광역시,일반판매,요가,계약해제.해지/위약금
2023036869,2023-07-18,남자,(미입력),경상남도,일반판매,소형승용자동차,품질(물품/용역)
2023036870,2023-07-18,남자,20 - 29세,충청남도,국내온라인거래,국외여행,청약철회
2023036871,2023-07-18,여자,30 - 39세,부산광역시,일반판매,공중목욕탕,계약해제.해지/위약금
2023036872,2023-07-18,여자,30 - 39세,경기도,방문판매,기타인터넷기반서비스,표시.광고
2023036873,2023-07-18,남자,30 - 39세,서울특별시,일반판매,핸드백,품질(물품/용역)
2023036874,2023-07-18,남자,40 - 49세,경기도,TV홈쇼핑,기타인테리어설비,계약해제.해지/위약금
2023036876,2023-07-18,여자,40 - 49세,서울특별시,모바일거래,"OTT서비스(넷플릭스,왓챠 등)",부당행위
2023036877,2023-07-18,남자,30 - 39세,서울특별시,일반판매,자동차대여(렌트),계약해제.해지/위약금
2023036878,2023-07-18,여자,50 - 59세,서울특별시,일반판매,핸드백,품질(물품/용역)
2023036879,2023-07-18,여자,30 - 39세,충청남도,일반판매,핸드백,품질(물품/용역)
2023036880,2023-07-18,남자,30 - 39세,인천광역시,국내온라인거래,헤드폰·이어폰,품질(물품/용역)
2023036881,2023-07-18,남자,30 - 39세,서울특별시,전화권유판매,모바일정보이용서비스,계약해제.해지/위약금
2023036882,2023-07-18,남자,40 - 49세,대전광역시,일반판매,헬스장,계약불이행(불완전이행)
2023036883,2023-07-18,여자,50 - 59세,경기도,전화권유판매,인터넷정보이용서비스,계약불이행(불완전이행)
2023036884,2023-07-18,여자,40 - 49세,서울특별시,소셜커머스(쇼핑),기타가구,청약철회
2023036885,2023-07-18,남자,30 - 39세,인천광역시,일반판매,기타가방,품질(물품/용역)
2023036886,2023-07-18,남자,30 - 39세,경기도,방문판매,레저·이벤트회원권,계약불이행(불완전이행)
2023036887,2023-07-18,여자,불명,인천광역시,일반판매,핸드백,품질(물품/용역)
2023036888,2023-07-18,여자,30 - 39세,서울특별시,국내온라인거래,헤드폰·이어폰,안전(제품/시설)
2023036889,2023-07-18,남자,60 - 64세,서울특별시,일반판매,상조서비스,계약해제.해지/위약금
2023036890,2023-07-18,남자,60 - 64세,인천광역시,일반판매,건강(암·기타질병)보험,약관
2023036891,2023-07-18,여자,40 - 49세,대구광역시,일반판매,기타미분류서비스,부당행위
2023036892,2023-07-18,여자,80세이상,경기도,일반판매,건강(암·기타질병)보험,약관
2023036893,2023-07-18,남자,50 - 59세,인천광역시,국내온라인거래,호텔,가격.요금
2023036894,2023-07-18,여자,50 - 59세,광주광역시,일반판매,헬스장,계약해제.해지/위약금
2023036895,2023-07-18,여자,50 - 59세,서울특별시,소셜커머스(쇼핑),소파,청약철회
2023036896,2023-07-18,남자,50 - 59세,경기도,일반판매,골프회원권,계약불이행(불완전이행)
2023036897,2023-07-18,여자,20 - 29세,강원특별자치도,일반판매,이동전화서비스,가격.요금
2023036899,2023-07-18,여자,65 - 69세,경상북도,일반판매,유사투자자문,계약해제.해지/위약금
2023036900,2023-07-18,남자,20 - 29세,경기도,소셜커머스(쇼핑),항공여객운송서비스,청약철회
2023036901,2023-07-18,남자,50 - 59세,경기도,일반판매,김치냉장고,부당행위
2023036902,2023-07-18,남자,50 - 59세,서울특별시,일반판매,운동화,품질(물품/용역)
2023036903,2023-07-18,여자,50 - 59세,서울특별시,일반판매,건강(암·기타질병)보험,약관
2023036904,2023-07-18,여자,40 - 49세,경상북도,전화권유판매,인터넷정보이용서비스,계약해제.해지/위약금
2023036905,2023-07-18,남자,30 - 39세,경기도,기타통신판매,인터넷정보이용서비스,계약불이행(불완전이행)
2023036906,2023-07-18,남자,40 - 49세,서울특별시,일반판매,외식,거래관행
2023036907,2023-07-18,남자,20 - 29세,서울특별시,국내온라인거래,양복(서양식 의복)세탁,품질(물품/용역)
2023036909,2023-07-18,남자,40 - 49세,서울특별시,국내온라인거래,식탁,청약철회
2023036911,2023-07-18,남자,10 - 19세,전라남도,일반판매,헬스장,계약해제.해지/위약금
2023036912,2023-07-18,남자,40 - 49세,세종특별자치시,일반판매,국외여행,거래관행
2023036913,2023-07-18,남자,30 - 39세,경기도,일반판매,양복(서양식 의복)세탁,품질(물품/용역)
2023036914,2023-07-18,여자,65 - 69세,서울특별시,일반판매,정수기대여(렌트),품질(물품/용역)
2023036915,2023-07-18,여자,40 - 49세,경기도,일반판매,국내결혼중개,계약해제.해지/위약금
2023036916,2023-07-18,여자,40 - 49세,경기도,일반판매,국내결혼중개,계약해제.해지/위약금
2023036917,2023-07-18,남자,40 - 49세,경상남도,모바일거래,대형승용자동차,AS불만
2023036918,2023-07-18,여자,40 - 49세,경기도,일반판매,모피·모피의류,품질(물품/용역)
2023036920,2023-07-18,여자,30 - 39세,경상남도,국내온라인거래,아동복,품질(물품/용역)
2023036921,2023-07-18,여자,60 - 64세,부산광역시,일반판매,숙녀화(구두·부츠 등),품질(물품/용역)
2023036922,2023-07-18,여자,30 - 39세,경기도,국내온라인거래,기타숙박시설,계약해제.해지/위약금
2023036923,2023-07-18,남자,60 - 64세,경기도,기타통신판매,기타냉장·냉동기기,계약불이행(불완전이행)
2023036924,2023-07-18,여자,50 - 59세,경기도,일반판매,전자레인지,청약철회
2023036925,2023-07-18,여자,50 - 59세,울산광역시,일반판매,샌들·슬리퍼,품질(물품/용역)
2023036926,2023-07-18,남자,50 - 59세,강원특별자치도,국내온라인거래,기타자동차용품,품질(물품/용역)
2023036927,2023-07-18,남자,20 - 29세,경기도,일반판매,자동차수리·점검,계약불이행(불완전이행)
2023036928,2023-07-18,여자,50 - 59세,경기도,국내온라인거래,숙녀화(구두·부츠 등),품질(물품/용역)
2023036930,2023-07-18,남자,40 - 49세,서울특별시,일반판매,등산화,품질(물품/용역)
2023036931,2023-07-18,여자,20 - 29세,부산광역시,방문판매,이동전화서비스,청약철회
2023036932,2023-07-18,여자,30 - 39세,서울특별시,국내온라인거래,넥타이,계약불이행(불완전이행)
2023036933,2023-07-18,남자,30 - 39세,부산광역시,국내온라인거래,전등·전구,계약불이행(불완전이행)
2023036934,2023-07-18,여자,30 - 39세,충청남도,일반판매,사진촬영,청약철회
2023036935,2023-07-18,여자,30 - 39세,부산광역시,일반판매,전기온수기,AS불만
2023036936,2023-07-18,여자,50 - 59세,대구광역시,일반판매,포장이사운송서비스,품질(물품/용역)
2023036937,2023-07-18,여자,20 - 29세,경기도,국내온라인거래,인터넷교육서비스,계약해제.해지/위약금
2023036938,2023-07-18,남자,50 - 59세,부산광역시,소셜커머스(쇼핑),CCTV,청약철회
2023036939,2023-07-18,남자,30 - 39세,경기도,국내온라인거래,택배화물운송서비스,품질(물품/용역)
2023036940,2023-07-18,여자,30 - 39세,경기도,국내온라인거래,기타숙박시설,계약해제.해지/위약금
2023036941,2023-07-18,여자,30 - 39세,경기도,국내온라인거래,기타유아용식생활용품,품질(물품/용역)
2023036942,2023-07-18,여자,20 - 29세,경기도,일반판매,예식서비스,계약해제.해지/위약금
2023036943,2023-07-18,남자,20 - 29세,서울특별시,일반판매,헬스장,계약해제.해지/위약금
2023036944,2023-07-18,여자,30 - 39세,경기도,국내온라인거래,운동화,청약철회
2023036945,2023-07-18,여자,20 - 29세,서울특별시,국내온라인거래,영화관람,계약해제.해지/위약금
2023036946,2023-07-18,남자,40 - 49세,광주광역시,일반판매,스포츠시설이용,계약해제.해지/위약금
2023036948,2023-07-18,남자,30 - 39세,대구광역시,국내온라인거래,기타사무용품,계약불이행(불완전이행)
2023036949,2023-07-18,여자,30 - 39세,서울특별시,국내온라인거래,펜션,청약철회
2023036950,2023-07-18,남자,30 - 39세,경상남도,기타,경비·관리서비스,계약불이행(불완전이행)
2023036951,2023-07-18,남자,30 - 39세,경상남도,소셜커머스(쇼핑),스마트폰,품질(물품/용역)
2023036952,2023-07-18,여자,20 - 29세,서울특별시,국내온라인거래,샌들·슬리퍼,품질(물품/용역)
2023036953,2023-07-18,남자,30 - 39세,서울특별시,기타,헬스장,계약해제.해지/위약금
2023036954,2023-07-18,여자,40 - 49세,경기도,일반판매,골프회원권,계약해제.해지/위약금
2023036955,2023-07-18,남자,40 - 49세,경기도,일반판매,시스템에어컨,AS불만
2023036956,2023-07-18,여자,40 - 49세,경기도,일반판매,애완견,청약철회
2023036957,2023-07-18,여자,30 - 39세,서울특별시,일반판매,필라테스,계약해제.해지/위약금
2023036958,2023-07-18,여자,30 - 39세,서울특별시,국내온라인거래,기타이·미용기구,품질(물품/용역)
2023036959,2023-07-18,남자,50 - 59세,경기도,기타,포장이사운송서비스,품질(물품/용역)
2023036960,2023-07-18,여자,30 - 39세,전라남도,모바일거래,스포츠웨어,청약철회
2023036961,2023-07-18,남자,50 - 59세,경기도,기타,이동전화서비스,부당행위
2023036962,2023-07-18,여자,30 - 39세,서울특별시,방문판매,바닥재·마루공사,품질(물품/용역)
2023036963,2023-07-18,여자,20 - 29세,전라남도,방문판매,피부·체형관리서비스,계약해제.해지/위약금
2023036964,2023-07-18,남자,30 - 39세,부산광역시,일반판매,미분류수리가공,품질(물품/용역)
2023036965,2023-07-18,여자,30 - 39세,서울특별시,국내온라인거래,캐주얼바지,표시.광고
2023036966,2023-07-18,여자,30 - 39세,서울특별시,일반판매,피부·체형관리서비스,계약해제.해지/위약금
2023036967,2023-07-18,여자,20 - 29세,경기도,국내온라인거래,기타가방,청약철회
2023036968,2023-07-18,여자,50 - 59세,광주광역시,방문판매,기타미분류서비스,계약해제.해지/위약금
2023036969,2023-07-18,여자,30 - 39세,경기도,국내온라인거래,CD·LD·DVD(영화·음악·게임),계약불이행(불완전이행)
2023036970,2023-07-18,남자,20 - 29세,대구광역시,일반판매,국가자격(능력)시험,부당행위
2023036971,2023-07-18,남자,60 - 64세,서울특별시,기타,국외여행,계약해제.해지/위약금
2023036972,2023-07-18,여자,30 - 39세,서울특별시,일반판매,헬스장,계약해제.해지/위약금
2023036973,2023-07-18,남자,40 - 49세,서울특별시,일반판매,기타문화·오락시설이용,계약해제.해지/위약금
2023036974,2023-07-18,남자,20 - 29세,부산광역시,국내온라인거래,헤드폰·이어폰,품질(물품/용역)
2023036975,2023-07-18,여자,40 - 49세,인천광역시,방문판매,인터넷교육서비스,계약해제.해지/위약금
2023036976,2023-07-18,남자,30 - 39세,경기도,국제온라인거래,전자게임기구,계약불이행(불완전이행)
2023036977,2023-07-18,남자,30 - 39세,경기도,국내온라인거래,국외여행,계약해제.해지/위약금
2023036978,2023-07-18,여자,30 - 39세,경기도,전화권유판매,인터넷정보이용서비스,계약불이행(불완전이행)
2023036979,2023-07-18,남자,50 - 59세,세종특별자치시,일반판매,신발세탁,부당행위
2023036980,2023-07-18,여자,40 - 49세,경기도,소셜커머스(쇼핑),다이어트식품,청약철회
2023036981,2023-07-18,여자,20 - 29세,경기도,국내온라인거래,이불·요,청약철회
2023036982,2023-07-18,남자,40 - 49세,부산광역시,기타통신판매,기타스포츠·레저기구·용품,부당행위
2023036983,2023-07-18,여자,40 - 49세,서울특별시,국내온라인거래,숙녀화(구두·부츠 등),청약철회
2023036984,2023-07-18,남자,30 - 39세,서울특별시,국내온라인거래,가습기,품질(물품/용역)
2023036985,2023-07-18,남자,40 - 49세,경기도,방문판매,아파트,계약해제.해지/위약금
2023036986,2023-07-18,남자,30 - 39세,경기도,국내온라인거래,항공여객운송서비스,계약해제.해지/위약금
2023036987,2023-07-18,남자,불명,전라남도,국내온라인거래,기타인터넷기반서비스,계약불이행(불완전이행)
2023036988,2023-07-18,여자,40 - 49세,경기도,방문판매,방문교육,계약해제.해지/위약금
2023036990,2023-07-18,여자,20 - 29세,경기도,기타통신판매,인터넷교육서비스,계약불이행(불완전이행)
2023036991,2023-07-18,남자,20 - 29세,경기도,일반판매,헬스장,계약해제.해지/위약금
2023036992,2023-07-18,여자,20 - 29세,경기도,일반판매,헬스장,계약해제.해지/위약금
2023036993,2023-07-18,여자,30 - 39세,서울특별시,일반판매,필라테스,계약해제.해지/위약금
2023036994,2023-07-18,여자,30 - 39세,경기도,기타통신판매,이동전화서비스,품질(물품/용역)
2023036995,2023-07-18,여자,40 - 49세,서울특별시,일반판매,해외유학알선,계약해제.해지/위약금
2023036996,2023-07-18,여자,20 - 29세,서울특별시,국내온라인거래,기타신발·용품,청약철회
2023036997,2023-07-18,여자,30 - 39세,경기도,일반판매,필라테스,계약해제.해지/위약금
2023036998,2023-07-18,남자,50 - 59세,서울특별시,국내온라인거래,샴푸,계약해제.해지/위약금
2023036999,2023-07-18,여자,20 - 29세,부산광역시,국제온라인거래,국외여행,가격.요금
2023037000,2023-07-18,여자,40 - 49세,서울특별시,일반판매,애완동물기타,계약불이행(불완전이행)
2023037001,2023-07-18,여자,30 - 39세,경기도,일반판매,전기세탁기,품질(물품/용역)
2023037002,2023-07-18,여자,40 - 49세,전라북도,일반판매,포장이사운송서비스,단순문의.상담
2023037003,2023-07-18,여자,10 - 19세,인천광역시,일반판매,독서실이용,부당행위
2023037004,2023-07-18,남자,50 - 59세,충청북도,방문판매,기타회원권,계약불이행(불완전이행)
2023037005,2023-07-18,여자,20 - 29세,광주광역시,국내온라인거래,샌들·슬리퍼,품질(물품/용역)
2023037006,2023-07-18,여자,60 - 64세,인천광역시,일반판매,소파,계약해제.해지/위약금
2023037007,2023-07-18,남자,40 - 49세,경기도,국내온라인거래,인터넷게임서비스,부당행위
2023037008,2023-07-18,여자,40 - 49세,대구광역시,방문판매,인터넷교육서비스,계약해제.해지/위약금
2023037009,2023-07-18,여자,20 - 29세,서울특별시,일반판매,헬스장,계약해제.해지/위약금
2023037010,2023-07-18,여자,30 - 39세,서울특별시,모바일거래,기타사설강습서비스,계약해제.해지/위약금
2023037011,2023-07-18,여자,20 - 29세,충청남도,모바일거래,항공여객운송서비스,계약해제.해지/위약금
2023037012,2023-07-18,여자,20 - 29세,대구광역시,국내온라인거래,닭고기포장육,청약철회
2023037013,2023-07-18,남자,30 - 39세,경기도,기타통신판매,기타정보통신,약관
2023037014,2023-07-18,여자,20 - 29세,인천광역시,일반판매,종합체육시설회원권,계약해제.해지/위약금
2023037015,2023-07-18,남자,40 - 49세,전라남도,소셜커머스(쇼핑),신유형상품권,계약불이행(불완전이행)
2023037016,2023-07-18,남자,50 - 59세,경기도,방문판매,다목적승용차,부당행위
2023037017,2023-07-18,남자,20 - 29세,대전광역시,기타,여관(모텔),부당행위
2023037018,2023-07-18,남자,40 - 49세,전라남도,국내온라인거래,기타의류·섬유,청약철회
2023037019,2023-07-18,여자,30 - 39세,경기도,기타,필라테스,계약해제.해지/위약금
2023037020,2023-07-18,여자,40 - 49세,인천광역시,국내온라인거래,전기진공청소기,청약철회
2023037021,2023-07-18,여자,30 - 39세,서울특별시,일반판매,헬스장,계약해제.해지/위약금
2023037022,2023-07-18,남자,30 - 39세,서울특별시,국내온라인거래,스포츠시설이용,계약해제.해지/위약금
2023037023,2023-07-18,여자,20 - 29세,경상남도,기타,미용서비스,AS불만
2023037024,2023-07-18,남자,30 - 39세,서울특별시,국내온라인거래,전자게임기구,AS불만
2023037025,2023-07-18,여자,50 - 59세,경기도,방문판매,포장이사운송서비스,품질(물품/용역)
2023037026,2023-07-18,여자,20 - 29세,경기도,방문판매,CCTV,계약해제.해지/위약금
2023037027,2023-07-18,여자,50 - 59세,전라북도,일반판매,피부·체형관리서비스,계약해제.해지/위약금
2023037028,2023-07-18,여자,40 - 49세,경기도,방문판매,인터넷교육서비스,계약해제.해지/위약금
2023037029,2023-07-18,남자,20 - 29세,대구광역시,국내온라인거래,장난감총,계약불이행(불완전이행)
2023037030,2023-07-18,여자,40 - 49세,경기도,국내온라인거래,원피스,품질(물품/용역)
2023037031,2023-07-18,여자,40 - 49세,광주광역시,방문판매,소파,품질(물품/용역)
2023037032,2023-07-18,남자,30 - 39세,서울특별시,일반판매,변호서비스,계약해제.해지/위약금
2023037033,2023-07-18,남자,40 - 49세,경기도,국내온라인거래,기타스포츠·레저기구·용품,품질(물품/용역)
2023037034,2023-07-18,남자,30 - 39세,경기도,국내온라인거래,신용카드,계약불이행(불완전이행)
2023037035,2023-07-18,여자,40 - 49세,경기도,국내온라인거래,가스보일러,품질(물품/용역)
2023037036,2023-07-18,여자,30 - 39세,서울특별시,국내온라인거래,헤어드라이어,계약불이행(불완전이행)
2023037037,2023-07-18,여자,20 - 29세,대전광역시,일반판매,필라테스,계약해제.해지/위약금
2023037038,2023-07-18,남자,50 - 59세,울산광역시,기타,가스보일러,계약불이행(불완전이행)
2023037039,2023-07-18,남자,30 - 39세,서울특별시,전화권유판매,기타매체광고,거래관행
2023037041,2023-07-18,여자,20 - 29세,서울특별시,일반판매,미용서비스,품질(물품/용역)
2023037042,2023-07-18,여자,30 - 39세,경기도,국내온라인거래,기타의류·섬유,계약불이행(불완전이행)
2023037043,2023-07-18,여자,30 - 39세,부산광역시,일반판매,사진촬영,계약해제.해지/위약금
2023037044,2023-07-18,남자,20 - 29세,서울특별시,국내온라인거래,통신기기주변장치,품질(물품/용역)
2023037045,2023-07-18,여자,30 - 39세,광주광역시,기타,레저시설이용,계약해제.해지/위약금
2023037046,2023-07-18,여자,30 - 39세,서울특별시,국내온라인거래,방범경보장치,계약불이행(불완전이행)
2023037047,2023-07-18,여자,20 - 29세,경기도,기타,부업알선,계약해제.해지/위약금
2023037048,2023-07-19,남자,40 - 49세,서울특별시,일반판매,정수기,계약불이행(불완전이행)
2023037049,2023-07-19,남자,30 - 39세,경기도,일반판매,택배화물운송서비스,계약불이행(불완전이행)
2023037051,2023-07-19,여자,30 - 39세,서울특별시,전화권유판매,콘도회원권,계약해제.해지/위약금
2023037052,2023-07-19,여자,80세이상,서울특별시,모바일거래,원피스,계약불이행(불완전이행)
2023037053,2023-07-19,남자,50 - 59세,경기도,일반판매,자동차대여(렌트),품질(물품/용역)
2023037054,2023-07-19,여자,30 - 39세,경기도,방문판매,애완고양이,계약불이행(불완전이행)
2023037056,2023-07-19,여자,(미입력),충청남도,국내온라인거래,호텔,계약해제.해지/위약금
2023037057,2023-07-19,남자,40 - 49세,경상북도,일반판매,중형승용자동차,품질(물품/용역)
2023037058,2023-07-19,남자,30 - 39세,인천광역시,소셜커머스(쇼핑),시계,계약불이행(불완전이행)
2023037059,2023-07-19,남자,30 - 39세,경기도,일반판매,중고자동차중개·매매,품질(물품/용역)
2023037060,2023-07-19,여자,30 - 39세,경상남도,일반판매,양복(서양식 의복)세탁,품질(물품/용역)
2023037061,2023-07-19,남자,65 - 69세,충청남도,기타통신판매,기타건강식품,품질(물품/용역)
2023037062,2023-07-19,남자,50 - 59세,울산광역시,일반판매,자동차수리·점검,품질(물품/용역)
2023037063,2023-07-19,여자,40 - 49세,경기도,모바일거래,칫솔,계약불이행(불완전이행)
2023037064,2023-07-19,남자,40 - 49세,충청남도,전화권유판매,건강(암·기타질병)보험,계약불이행(불완전이행)
2023037065,2023-07-19,여자,20 - 29세,경기도,일반판매,각종자격취득강습,계약해제.해지/위약금
2023037066,2023-07-19,남자,50 - 59세,대전광역시,일반판매,골프회원권,계약해제.해지/위약금
2023037067,2023-07-19,남자,40 - 49세,서울특별시,일반판매,기타가구,AS불만
2023037068,2023-07-19,남자,30 - 39세,경기도,국내온라인거래,기타서적음반류,청약철회
2023037069,2023-07-19,여자,50 - 59세,경상북도,일반판매,양복(서양식 의복)세탁,품질(물품/용역)
2023037070,2023-07-19,여자,30 - 39세,경기도,방문판매,소파,계약해제.해지/위약금
2023037071,2023-07-19,여자,40 - 49세,경기도,국내온라인거래,기타일반화장품,품질(물품/용역)
2023037072,2023-07-19,여자,30 - 39세,서울특별시,일반판매,헬스장,계약해제.해지/위약금
2023037073,2023-07-19,남자,50 - 59세,대구광역시,국내온라인거래,기타숙박시설,계약해제.해지/위약금
2023037074,2023-07-19,여자,40 - 49세,세종특별자치시,일반판매,원피스,품질(물품/용역)
2023037075,2023-07-19,여자,(미입력),서울특별시,국내온라인거래,프라이팬,청약철회
2023037076,2023-07-19,남자,30 - 39세,인천광역시,국내온라인거래,인터넷정보이용서비스,계약해제.해지/위약금
2023037077,2023-07-19,여자,40 - 49세,서울특별시,일반판매,양복(서양식 의복)세탁,품질(물품/용역)
2023037078,2023-07-19,여자,30 - 39세,전라북도,기타,이동전화서비스,부당행위
2023037079,2023-07-19,여자,50 - 59세,부산광역시,일반판매,실손보험,계약불이행(불완전이행)
2023037080,2023-07-19,여자,60 - 64세,서울특별시,일반판매,헬스장,계약불이행(불완전이행)
2023037081,2023-07-19,남자,65 - 69세,서울특별시,일반판매,헬스장,계약불이행(불완전이행)
2023037082,2023-07-19,여자,20 - 29세,대구광역시,국내온라인거래,숙녀화(구두·부츠 등),청약철회
2023037083,2023-07-19,여자,60 - 64세,서울특별시,일반판매,보석·귀금속,계약불이행(불완전이행)
2023037084,2023-07-19,여자,40 - 49세,서울특별시,일반판매,기타사설강습서비스,계약불이행(불완전이행)
2023037085,2023-07-19,여자,20 - 29세,경기도,일반판매,미용서비스,계약불이행(불완전이행)
2023037087,2023-07-19,남자,불명,경기도,일반판매,캐주얼바지,품질(물품/용역)
2023037088,2023-07-19,남자,40 - 49세,경상남도,일반판매,중형승용자동차,품질(물품/용역)
2023037089,2023-07-19,남자,30 - 39세,인천광역시,일반판매,건물청소서비스,품질(물품/용역)
2023037090,2023-07-19,남자,30 - 39세,경기도,국내온라인거래,텐트,품질(물품/용역)
2023037091,2023-07-19,여자,50 - 59세,서울특별시,전화권유판매,인터넷정보이용서비스,계약해제.해지/위약금
2023037092,2023-07-19,여자,20 - 29세,서울특별시,국내온라인거래,운동화,품질(물품/용역)
2023037093,2023-07-19,여자,40 - 49세,경기도,방문판매,정수기대여(렌트),품질(물품/용역)
2023037094,2023-07-19,남자,60 - 64세,제주도,방문판매,시스템에어컨,청약철회
2023037095,2023-07-19,여자,40 - 49세,전라남도,일반판매,양복(서양식 의복)세탁,품질(물품/용역)
2023037097,2023-07-19,여자,40 - 49세,부산광역시,기타통신판매,이동전화서비스,계약불이행(불완전이행)
2023037098,2023-07-19,여자,50 - 59세,서울특별시,일반판매,자동차보험,계약불이행(불완전이행)
2023037099,2023-07-19,여자,20 - 29세,부산광역시,일반판매,미용서비스,품질(물품/용역)
2023037101,2023-07-19,남자,40 - 49세,서울특별시,일반판매,운동화,품질(물품/용역)
2023037102,2023-07-19,여자,50 - 59세,경기도,일반판매,피혁세탁,품질(물품/용역)
2023037103,2023-07-19,여자,20 - 29세,서울특별시,일반판매,원피스,품질(물품/용역)
2023037104,2023-07-19,남자,40 - 49세,경기도,국내온라인거래,퍼스널컴퓨터,품질(물품/용역)
2023037105,2023-07-19,남자,50 - 59세,서울특별시,일반판매,이동전화서비스,약관
2023037106,2023-07-19,남자,50 - 59세,경상북도,기타통신판매,국내결혼중개,계약불이행(불완전이행)
2023037107,2023-07-19,여자,40 - 49세,광주광역시,국내온라인거래,운동화,품질(물품/용역)
2023037109,2023-07-19,여자,40 - 49세,경기도,소셜커머스(쇼핑),기타가사용품,계약불이행(불완전이행)
2023037110,2023-07-19,여자,50 - 59세,경기도,일반판매,스커트,품질(물품/용역)
2023037111,2023-07-19,남자,60 - 64세,서울특별시,TV홈쇼핑,기타건강식품,청약철회
2023037112,2023-07-19,여자,40 - 49세,인천광역시,일반판매,양복(서양식 의복)세탁,품질(물품/용역)
2023037113,2023-07-19,남자,60 - 64세,서울특별시,국내온라인거래,국외여행,품질(물품/용역)
2023037114,2023-07-19,남자,40 - 49세,전라남도,일반판매,축전지,품질(물품/용역)
2023037115,2023-07-19,여자,50 - 59세,제주도,일반판매,운동화,품질(물품/용역)
2023037116,2023-07-19,여자,20 - 29세,서울특별시,기타통신판매,상조서비스,계약해제.해지/위약금
2023037117,2023-07-19,여자,40 - 49세,경기도,전화권유판매,사진촬영,계약불이행(불완전이행)
2023037118,2023-07-19,여자,10 - 19세,서울특별시,국내온라인거래,기타회원권,계약불이행(불완전이행)
2023037119,2023-07-19,남자,30 - 39세,경기도,일반판매,자동차수리·점검,계약불이행(불완전이행)
2023037120,2023-07-19,여자,30 - 39세,서울특별시,일반판매,미용서비스,계약불이행(불완전이행)
2023037121,2023-07-19,남자,30 - 39세,경기도,모바일거래,기타사설강습서비스,계약불이행(불완전이행)
2023037123,2023-07-19,남자,70 - 79세,대구광역시,일반판매,가스보일러,품질(물품/용역)
2023037124,2023-07-19,남자,60 - 64세,서울특별시,국내온라인거래,기타회원권,계약불이행(불완전이행)
2023037125,2023-07-19,여자,70 - 79세,서울특별시,전화권유판매,화장품세트,청약철회
2023037126,2023-07-19,여자,20 - 29세,경기도,모바일거래,기타문화·오락시설이용,청약철회
2023037127,2023-07-19,남자,40 - 49세,경상북도,일반판매,스마트폰,품질(물품/용역)
2023037128,2023-07-19,남자,30 - 39세,경기도,국내온라인거래,항공여객운송서비스,청약철회
2023037129,2023-07-19,남자,60 - 64세,광주광역시,일반판매,장의관련서비스,품질(물품/용역)
2023037130,2023-07-19,남자,40 - 49세,경기도,일반판매,기타법률서비스,계약해제.해지/위약금
2023037131,2023-07-19,여자,불명,서울특별시,일반판매,미용서비스,품질(물품/용역)
2023037132,2023-07-19,남자,40 - 49세,서울특별시,일반판매,양복(서양식 의복)세탁,계약불이행(불완전이행)
2023037133,2023-07-19,남자,40 - 49세,경기도,기타통신판매,의상대여(렌트),계약해제.해지/위약금
2023037134,2023-07-19,남자,30 - 39세,대구광역시,일반판매,대형승용자동차,안전(제품/시설)
2023037135,2023-07-19,남자,60 - 64세,서울특별시,일반판매,건강(암·기타질병)보험,계약불이행(불완전이행)
2023037136,2023-07-19,여자,30 - 39세,경기도,방문판매,기타보관서비스,계약해제.해지/위약금
2023037137,2023-07-19,여자,50 - 59세,서울특별시,일반판매,운동화,품질(물품/용역)
2023037138,2023-07-19,여자,30 - 39세,전라북도,일반판매,국외여행,계약해제.해지/위약금
2023037139,2023-07-19,남자,30 - 39세,서울특별시,일반판매,양복(서양식 의복)세탁,품질(물품/용역)
2023037140,2023-07-19,남자,70 - 79세,부산광역시,일반판매,이동전화서비스,부당행위
2023037141,2023-07-19,남자,20 - 29세,부산광역시,일반판매,신발세탁,계약불이행(불완전이행)
2023037142,2023-07-19,남자,20 - 29세,부산광역시,일반판매,신발세탁,계약불이행(불완전이행)
2023037143,2023-07-19,여자,20 - 29세,서울특별시,기타,미용서비스,품질(물품/용역)
2023037144,2023-07-19,여자,40 - 49세,서울특별시,국내온라인거래,전기장판,품질(물품/용역)
2023037145,2023-07-19,남자,30 - 39세,경상남도,일반판매,양복(서양식 의복)세탁,품질(물품/용역)
2023037146,2023-07-19,남자,70 - 79세,서울특별시,일반판매,전자레인지,품질(물품/용역)
2023037148,2023-07-19,남자,불명,서울특별시,국내온라인거래,미용서비스,계약불이행(불완전이행)
2023037149,2023-07-19,여자,65 - 69세,경상북도,일반판매,화재보험,계약불이행(불완전이행)
2023037150,2023-07-19,여자,30 - 39세,서울특별시,국내온라인거래,점퍼·재킷류,품질(물품/용역)
2023037151,2023-07-19,여자,10 - 19세,경기도,기타,성형외과,계약해제.해지/위약금
2023037153,2023-07-19,여자,40 - 49세,경기도,일반판매,성형외과,품질(물품/용역)
2023037154,2023-07-19,여자,70 - 79세,대구광역시,일반판매,내과,품질(물품/용역)
2023037155,2023-07-19,남자,30 - 39세,경기도,일반판매,건강(암·기타질병)보험,계약불이행(불완전이행)
2023037156,2023-07-19,남자,50 - 59세,경기도,전화권유판매,초고속인터넷,계약해제.해지/위약금
2023037157,2023-07-19,여자,40 - 49세,경기도,일반판매,필라테스,계약불이행(불완전이행)
2023037158,2023-07-19,여자,50 - 59세,경기도,일반판매,기타일반화장품,안전(제품/시설)
2023037159,2023-07-19,여자,80세이상,서울특별시,기타,공제보험,계약불이행(불완전이행)
2023037160,2023-07-19,여자,30 - 39세,경기도,일반판매,포장이사운송서비스,계약불이행(불완전이행)
2023037215,2023-07-19,여자,30 - 39세,제주도,국내온라인거래,기타관람·감상,청약철회
2023037216,2023-07-19,여자,40 - 49세,경상남도,모바일거래,노트·수첩·앨범등,청약철회
2023037217,2023-07-19,남자,30 - 39세,경기도,국내온라인거래,스포츠시설이용,계약해제.해지/위약금
2023037218,2023-07-19,여자,40 - 49세,경기도,방문판매,인터넷교육서비스,계약해제.해지/위약금
2023037219,2023-07-19,남자,40 - 49세,경상남도,국내온라인거래,벨트,계약불이행(불완전이행)
2023037220,2023-07-19,남자,30 - 39세,경상남도,국내온라인거래,항공여객운송서비스,청약철회
2023037221,2023-07-19,남자,50 - 59세,대구광역시,국내온라인거래,홈씨어터시스템,품질(물품/용역)
2023037222,2023-07-19,남자,20 - 29세,서울특별시,국내온라인거래,펜션,계약해제.해지/위약금
2023037223,2023-07-19,남자,50 - 59세,충청북도,TV홈쇼핑,기타인테리어설비,부당행위
2023037224,2023-07-19,남자,30 - 39세,서울특별시,국내온라인거래,콜라,계약불이행(불완전이행)
2023037225,2023-07-19,여자,50 - 59세,경상남도,일반판매,기타가사장비품,품질(물품/용역)
2023037226,2023-07-19,남자,30 - 39세,서울특별시,기타,기타회원권,계약해제.해지/위약금
2023037227,2023-07-19,여자,50 - 59세,인천광역시,일반판매,정수기,품질(물품/용역)
2023037228,2023-07-19,남자,불명,경기도,국내온라인거래,통신기기주변장치,청약철회
2023037229,2023-07-19,여자,20 - 29세,대전광역시,기타,필라테스,계약해제.해지/위약금
2023037230,2023-07-19,여자,20 - 29세,서울특별시,국제온라인거래,항공여객운송서비스,계약해제.해지/위약금
2023037231,2023-07-19,남자,30 - 39세,서울특별시,국내온라인거래,전등·전구,계약불이행(불완전이행)
2023037232,2023-07-19,남자,50 - 59세,인천광역시,일반판매,택배화물운송서비스,품질(물품/용역)
2023037234,2023-07-19,남자,40 - 49세,인천광역시,국내온라인거래,침대,품질(물품/용역)
2023037235,2023-07-19,남자,30 - 39세,전라북도,방문판매,헬스장,계약해제.해지/위약금
2023037236,2023-07-19,여자,불명,서울특별시,기타통신판매,컴퓨터수리,부당행위
2023037237,2023-07-19,여자,60 - 64세,서울특별시,방문판매,기타미분류물품,품질(물품/용역)
2023037238,2023-07-19,남자,65 - 69세,충청남도,TV홈쇼핑,국외여행,계약불이행(불완전이행)
2023037239,2023-07-19,여자,20 - 29세,경기도,일반판매,헬스장,계약해제.해지/위약금
2023037240,2023-07-19,여자,30 - 39세,대전광역시,일반판매,헬스장,계약불이행(불완전이행)
2023037241,2023-07-19,남자,20 - 29세,서울특별시,일반판매,기타사설강습서비스,계약해제.해지/위약금
2023037242,2023-07-19,남자,30 - 39세,전라남도,기타통신판매,인터넷교육서비스,청약철회
2023037243,2023-07-19,여자,50 - 59세,서울특별시,기타,기타미분류서비스,안전(제품/시설)
2023037244,2023-07-19,여자,30 - 39세,인천광역시,일반판매,의상대여(렌트),청약철회
2023037245,2023-07-19,여자,40 - 49세,전라북도,국내온라인거래,공기청정기,품질(물품/용역)
2023037246,2023-07-19,남자,50 - 59세,서울특별시,기타,정수기대여(렌트),부당행위
2023037247,2023-07-19,남자,40 - 49세,경기도,국내온라인거래,냉장고,청약철회
2023037248,2023-07-19,여자,30 - 39세,대구광역시,일반판매,학습지,계약해제.해지/위약금
2023037249,2023-07-19,여자,20 - 29세,경기도,국내온라인거래,인터넷교육서비스,계약해제.해지/위약금
2023037250,2023-07-19,남자,30 - 39세,서울특별시,국제온라인거래,기타가방,계약불이행(불완전이행)
2023037251,2023-07-19,여자,40 - 49세,인천광역시,국내온라인거래,기타간편복,계약불이행(불완전이행)
2023037252,2023-07-19,남자,30 - 39세,경기도,전화권유판매,인터넷정보이용서비스,부당행위
2023037253,2023-07-19,여자,30 - 39세,광주광역시,국제온라인거래,항공여객운송서비스,계약해제.해지/위약금
2023037254,2023-07-19,남자,30 - 39세,서울특별시,국내온라인거래,시계,계약불이행(불완전이행)
2023037255,2023-07-19,여자,20 - 29세,대구광역시,일반판매,필라테스,계약해제.해지/위약금
2023037256,2023-07-19,남자,20 - 29세,전라북도,방문판매,보석·귀금속,청약철회
2023037257,2023-07-19,여자,30 - 39세,서울특별시,국내온라인거래,애완동·식물용품,계약해제.해지/위약금
2023037258,2023-07-19,남자,40 - 49세,광주광역시,일반판매,변호서비스,계약해제.해지/위약금
2023037259,2023-07-19,남자,60 - 64세,서울특별시,국내온라인거래,항공여객운송서비스,계약해제.해지/위약금
2023037260,2023-07-19,남자,50 - 59세,광주광역시,국내온라인거래,보석·귀금속,계약불이행(불완전이행)
2023037261,2023-07-19,여자,20 - 29세,충청북도,모바일거래,펜션,청약철회
2023037262,2023-07-19,여자,30 - 39세,경상북도,기타통신판매,기타숙박시설,계약해제.해지/위약금
2023037263,2023-07-19,여자,20 - 29세,서울특별시,국제온라인거래,기타의류·섬유,청약철회
2023037264,2023-07-19,남자,20 - 29세,경기도,일반판매,보석·귀금속,청약철회
2023037265,2023-07-19,여자,30 - 39세,경기도,국내온라인거래,항공여객운송서비스,계약해제.해지/위약금
2023037266,2023-07-19,여자,30 - 39세,대구광역시,일반판매,공중목욕탕,계약해제.해지/위약금
2023037267,2023-07-19,여자,30 - 39세,경기도,국내온라인거래,숙녀화(구두·부츠 등),품질(물품/용역)
2023037268,2023-07-19,여자,30 - 39세,부산광역시,방문판매,침대,계약불이행(불완전이행)
2023037269,2023-07-19,남자,20 - 29세,경기도,일반판매,점퍼·재킷류,청약철회
2023037270,2023-07-19,남자,40 - 49세,서울특별시,일반판매,예식서비스,계약해제.해지/위약금
2023037271,2023-07-19,여자,30 - 39세,인천광역시,국제온라인거래,호텔,계약해제.해지/위약금
2023037272,2023-07-19,여자,40 - 49세,경상남도,일반판매,헬스장,계약해제.해지/위약금
2023037273,2023-07-19,남자,30 - 39세,전라북도,일반판매,철도여객운송서비스,법.제도
2023037274,2023-07-19,남자,50 - 59세,서울특별시,기타,애완고양이,청약철회
2023037275,2023-07-19,여자,30 - 39세,경기도,일반판매,가스에어컨,품질(물품/용역)
2023037276,2023-07-19,남자,30 - 39세,경기도,국내온라인거래,펜션,계약해제.해지/위약금
2023037277,2023-07-19,여자,40 - 49세,서울특별시,방문판매,헬스장,계약해제.해지/위약금
2023037278,2023-07-19,여자,30 - 39세,대구광역시,일반판매,식탁,품질(물품/용역)
2023037279,2023-07-19,남자,50 - 59세,경기도,일반판매,미용서비스,계약불이행(불완전이행)
2023037280,2023-07-19,여자,40 - 49세,서울특별시,국내온라인거래,초고속인터넷,계약불이행(불완전이행)
2023037281,2023-07-19,여자,50 - 59세,서울특별시,일반판매,포장이사운송서비스,품질(물품/용역)
2023037282,2023-07-19,여자,20 - 29세,서울특별시,일반판매,헬스장,계약해제.해지/위약금
2023037283,2023-07-19,여자,50 - 59세,경기도,전화권유판매,화장품세트,청약철회
2023037285,2023-07-19,남자,80세이상,경기도,전화권유판매,기타건강식품,청약철회
2023037286,2023-07-19,여자,30 - 39세,대구광역시,일반판매,기타식품류,품질(물품/용역)
2023037287,2023-07-19,여자,30 - 39세,전라북도,기타,학습지,계약해제.해지/위약금
2023037288,2023-07-19,여자,30 - 39세,충청북도,국내온라인거래,펜션,계약해제.해지/위약금
2023037289,2023-07-19,여자,20 - 29세,충청남도,일반판매,펜션,계약해제.해지/위약금
2023037290,2023-07-19,남자,40 - 49세,광주광역시,국제온라인거래,기타의류·섬유,계약불이행(불완전이행)
2023037292,2023-07-19,남자,50 - 59세,경상남도,일반판매,중고전자제품매매업,품질(물품/용역)
2023037293,2023-07-19,여자,20 - 29세,경기도,일반판매,예식서비스,계약해제.해지/위약금
2023037294,2023-07-19,남자,30 - 39세,서울특별시,국내온라인거래,항공여객운송서비스,계약불이행(불완전이행)
2023037295,2023-07-19,여자,20 - 29세,경기도,방문판매,여자용한복,청약철회
2023037296,2023-07-19,남자,30 - 39세,제주도,국내온라인거래,항공여객운송서비스,계약해제.해지/위약금
2023037297,2023-07-19,여자,30 - 39세,서울특별시,국내온라인거래,미분류대여(렌트),부당행위
2023037298,2023-07-19,남자,20 - 29세,경기도,방문판매,헬스장,계약해제.해지/위약금
2023037299,2023-07-19,여자,20 - 29세,인천광역시,국내온라인거래,기타인테리어설비,청약철회
2023037301,2023-07-19,남자,30 - 39세,대전광역시,일반판매,기타세트가구류,계약불이행(불완전이행)
2023037302,2023-07-19,남자,30 - 39세,강원특별자치도,기타,룸에어컨,AS불만
2023037303,2023-07-19,여자,50 - 59세,충청남도,일반판매,기타여행,계약해제.해지/위약금
2023037304,2023-07-19,여자,60 - 64세,경기도,소셜커머스(쇼핑),페인트,청약철회
2023037305,2023-07-19,여자,20 - 29세,충청북도,국내온라인거래,펜션,계약해제.해지/위약금
2023037306,2023-07-19,여자,20 - 29세,강원특별자치도,모바일거래,기타사설강습서비스,약관
2023037308,2023-07-20,여자,40 - 49세,경상북도,방문판매,학습지,계약해제.해지/위약금
2023037309,2023-07-20,여자,20 - 29세,서울특별시,국내온라인거래,자동차주차장,계약불이행(불완전이행)
2023037310,2023-07-20,여자,30 - 39세,경상남도,국내온라인거래,식탁,AS불만
2023037311,2023-07-20,남자,20 - 29세,제주도,일반판매,헬스장,계약해제.해지/위약금
2023037312,2023-07-20,남자,50 - 59세,경기도,국내온라인거래,선풍기,계약불이행(불완전이행)
2023037313,2023-07-20,여자,60 - 64세,서울특별시,일반판매,기타책상·테이블류,계약해제.해지/위약금
2023037316,2023-07-20,여자,30 - 39세,서울특별시,일반판매,필라테스,계약해제.해지/위약금
2023037317,2023-07-20,남자,40 - 49세,경기도,국내온라인거래,제습기,계약불이행(불완전이행)
2023037318,2023-07-20,남자,30 - 39세,경상남도,일반판매,중고자동차중개·매매,품질(물품/용역)
2023037320,2023-07-20,여자,60 - 64세,대전광역시,일반판매,정수기대여(렌트),계약해제.해지/위약금
2023037321,2023-07-20,여자,40 - 49세,서울특별시,국내온라인거래,전기맛사지기,청약철회
2023037322,2023-07-20,남자,40 - 49세,강원특별자치도,국내온라인거래,자동차대여(렌트),부당행위
2023037324,2023-07-20,남자,30 - 39세,서울특별시,모바일거래,기타통신기기,계약불이행(불완전이행)
2023037325,2023-07-20,남자,60 - 64세,전라북도,방문판매,인터넷정보이용서비스,계약불이행(불완전이행)
2023037326,2023-07-20,남자,30 - 39세,서울특별시,기타,자동차주차장,부당행위
2023037328,2023-07-20,남자,70 - 79세,경기도,전화권유판매,인터넷정보이용서비스,계약불이행(불완전이행)
2023037329,2023-07-20,남자,60 - 64세,서울특별시,기타,유통시설이용,안전(제품/시설)
2023037330,2023-07-20,남자,40 - 49세,충청남도,국내온라인거래,원격시동경보기,품질(물품/용역)
2023037331,2023-07-20,남자,50 - 59세,경기도,국내온라인거래,항공여객운송서비스,표시.광고
2023037332,2023-07-20,여자,20 - 29세,서울특별시,국내온라인거래,원피스,청약철회
2023037333,2023-07-20,남자,50 - 59세,경기도,전화권유판매,기타건강식품,계약해제.해지/위약금
2023037334,2023-07-20,남자,30 - 39세,서울특별시,일반판매,스마트폰,AS불만
2023037335,2023-07-20,남자,40 - 49세,광주광역시,국내온라인거래,기타숙박시설,계약해제.해지/위약금
2023037336,2023-07-20,여자,70 - 79세,대구광역시,일반판매,응급의학과,품질(물품/용역)
2023037337,2023-07-20,여자,30 - 39세,세종특별자치시,일반판매,포장이사운송서비스,품질(물품/용역)
2023037338,2023-07-20,남자,40 - 49세,서울특별시,일반판매,캐주얼바지,품질(물품/용역)
2023037339,2023-07-20,남자,80세이상,대전광역시,기타,인터넷정보이용서비스,부당행위
2023037341,2023-07-20,여자,50 - 59세,서울특별시,일반판매,양복(서양식 의복)세탁,품질(물품/용역)
2023037342,2023-07-20,여자,65 - 69세,서울특별시,일반판매,양복(서양식 의복)세탁,품질(물품/용역)
2023037343,2023-07-20,남자,30 - 39세,서울특별시,일반판매,양복(서양식 의복)세탁,품질(물품/용역)
2023037344,2023-07-20,여자,40 - 49세,전라남도,일반판매,티셔츠,품질(물품/용역)
2023037345,2023-07-20,여자,20 - 29세,서울특별시,국내온라인거래,카셰어링,부당행위
2023037346,2023-07-20,남자,65 - 69세,광주광역시,일반판매,아이스크림,품질(물품/용역)
2023037347,2023-07-20,남자,40 - 49세,경기도,일반판매,결혼준비대행서비스,계약해제.해지/위약금
2023037348,2023-07-20,여자,60 - 64세,경상남도,TV홈쇼핑,다이어트식품,계약해제.해지/위약금
2023037349,2023-07-20,남자,40 - 49세,경상남도,일반판매,종합체육시설회원권,계약해제.해지/위약금
2023037350,2023-07-20,남자,50 - 59세,세종특별자치시,전화권유판매,유사투자자문,계약해제.해지/위약금
2023037351,2023-07-20,여자,30 - 39세,서울특별시,소셜커머스(쇼핑),서랍장,계약불이행(불완전이행)
2023037352,2023-07-20,여자,60 - 64세,충청남도,기타,인터넷정보이용서비스,계약해제.해지/위약금
2023037353,2023-07-20,여자,70 - 79세,서울특별시,방문판매,바닥재·마루공사,AS불만
2023037354,2023-07-20,남자,60 - 64세,인천광역시,일반판매,의자,품질(물품/용역)
2023037355,2023-07-20,여자,30 - 39세,경기도,국제온라인거래,기타숙박시설,부당행위
2023037356,2023-07-20,여자,30 - 39세,충청북도,일반판매,양복(서양식 의복)세탁,품질(물품/용역)
2023037357,2023-07-20,남자,30 - 39세,강원특별자치도,일반판매,기타의류·섬유,품질(물품/용역)
2023037358,2023-07-20,남자,80세이상,경기도,방문판매,도시가스,계약불이행(불완전이행)
2023037359,2023-07-20,여자,40 - 49세,서울특별시,일반판매,양복(서양식 의복)세탁,품질(물품/용역)
2023037360,2023-07-20,여자,30 - 39세,서울특별시,모바일거래,냉장고,청약철회
2023037362,2023-07-20,여자,40 - 49세,경상남도,소셜커머스(쇼핑),제습기,품질(물품/용역)
2023037363,2023-07-20,남자,50 - 59세,전라북도,국내온라인거래,텐트,품질(물품/용역)
2023037364,2023-07-20,여자,40 - 49세,전라북도,일반판매,이불·침대커버,계약불이행(불완전이행)
2023037365,2023-07-20,여자,20 - 29세,경기도,국내온라인거래,항공여객운송서비스,계약해제.해지/위약금
2023037366,2023-07-20,여자,50 - 59세,부산광역시,일반판매,숙녀화(구두·부츠 등),품질(물품/용역)
2023037367,2023-07-20,여자,50 - 59세,경기도,일반판매,핸드백,품질(물품/용역)
2023037368,2023-07-20,남자,30 - 39세,대구광역시,기타,비데,품질(물품/용역)
2023037369,2023-07-20,남자,20 - 29세,경상남도,일반판매,일반강습(입시학원등),계약해제.해지/위약금
2023037370,2023-07-20,여자,50 - 59세,경기도,일반판매,숙녀화(구두·부츠 등),품질(물품/용역)
2023037371,2023-07-20,남자,30 - 39세,서울특별시,일반판매,기타주거관리설비,품질(물품/용역)
2023037372,2023-07-20,여자,30 - 39세,광주광역시,일반판매,헬스장,계약해제.해지/위약금
2023037373,2023-07-20,여자,20 - 29세,경기도,모바일거래,기타숙박시설,거래관행
2023037374,2023-07-20,남자,50 - 59세,서울특별시,국내온라인거래,애완동·식물용품,계약불이행(불완전이행)
2023037375,2023-07-20,여자,50 - 59세,부산광역시,일반판매,숙녀화(구두·부츠 등),품질(물품/용역)
2023037376,2023-07-20,여자,30 - 39세,경상북도,모바일거래,소파,청약철회
2023037377,2023-07-20,여자,50 - 59세,강원특별자치도,국내온라인거래,선글라스,청약철회
2023037378,2023-07-20,남자,20 - 29세,광주광역시,국내온라인거래,기타자동차부품,계약불이행(불완전이행)
2023037379,2023-07-20,남자,50 - 59세,충청남도,일반판매,기타인테리어설비,계약불이행(불완전이행)
2023037380,2023-07-20,남자,50 - 59세,경기도,일반판매,대형승용자동차,품질(물품/용역)
2023037381,2023-07-20,여자,30 - 39세,전라남도,일반판매,외식,안전(제품/시설)
2023037382,2023-07-20,여자,30 - 39세,경기도,모바일거래,유사투자자문,계약해제.해지/위약금
2023037383,2023-07-20,남자,50 - 59세,경상남도,일반판매,화재보험,약관
2023037384,2023-07-20,남자,50 - 59세,경상남도,일반판매,화재보험,약관
2023037385,2023-07-20,여자,30 - 39세,서울특별시,국내온라인거래,항공여객운송서비스,계약불이행(불완전이행)
2023037386,2023-07-20,여자,30 - 39세,서울특별시,국내온라인거래,신유형상품권,약관
2023037387,2023-07-20,여자,70 - 79세,경기도,방문판매,상조서비스,청약철회
2023037389,2023-07-20,남자,40 - 49세,서울특별시,국내온라인거래,기타신발·용품,계약불이행(불완전이행)
2023037390,2023-07-20,남자,40 - 49세,경기도,소셜커머스(쇼핑),신유형상품권,부당행위
2023037391,2023-07-20,남자,40 - 49세,서울특별시,국내온라인거래,기타신발·용품,계약불이행(불완전이행)
2023037392,2023-07-20,여자,60 - 64세,경기도,일반판매,실손보험,약관
2023037393,2023-07-20,남자,30 - 39세,경기도,전화권유판매,유사투자자문,청약철회
2023037394,2023-07-20,여자,50 - 59세,광주광역시,일반판매,상품권,부당행위
2023037395,2023-07-20,여자,20 - 29세,부산광역시,일반판매,성형외과,계약해제.해지/위약금
2023037396,2023-07-20,여자,60 - 64세,경상남도,TV홈쇼핑,기타민영보험,약관
2023037397,2023-07-20,여자,40 - 49세,경기도,국내온라인거래,핸드백,품질(물품/용역)
2023037398,2023-07-20,여자,40 - 49세,강원특별자치도,일반판매,대형승용자동차,품질(물품/용역)
2023037399,2023-07-20,여자,50 - 59세,서울특별시,기타,전기진공청소기,품질(물품/용역)
2023037400,2023-07-20,여자,30 - 39세,경기도,일반판매,성형외과,계약해제.해지/위약금
2023037402,2023-07-20,남자,불명,인천광역시,국내온라인거래,항공여객운송서비스,계약불이행(불완전이행)
2023037403,2023-07-20,남자,30 - 39세,경기도,일반판매,치과,계약해제.해지/위약금
2023037404,2023-07-20,남자,20 - 29세,부산광역시,국내온라인거래,기타신변용품,품질(물품/용역)
2023037405,2023-07-20,남자,20 - 29세,서울특별시,일반판매,헬스장,계약해제.해지/위약금
2023037406,2023-07-20,여자,불명,부산광역시,일반판매,캐주얼바지,품질(물품/용역)
2023037407,2023-07-20,여자,30 - 39세,서울특별시,일반판매,피부과,계약해제.해지/위약금
2023037408,2023-07-20,남자,불명,경기도,국내온라인거래,모니터,AS불만
2023037409,2023-07-20,남자,50 - 59세,전라남도,기타통신판매,인터넷교육서비스,계약불이행(불완전이행)
2023037410,2023-07-20,여자,40 - 49세,서울특별시,국내온라인거래,기타공조·냉난방기기,표시.광고
2023037411,2023-07-20,여자,20 - 29세,경기도,국내온라인거래,양복(서양식 의복)세탁,품질(물품/용역)
2023037412,2023-07-20,남자,50 - 59세,충청북도,기타,시스템에어컨,AS불만
2023037413,2023-07-20,여자,40 - 49세,경기도,일반판매,양복(서양식 의복)세탁,품질(물품/용역)
2023037414,2023-07-20,남자,50 - 59세,인천광역시,국제온라인거래,일반자전거,계약불이행(불완전이행)
2023037416,2023-07-20,남자,30 - 39세,경상북도,기타통신판매,유사투자자문,계약불이행(불완전이행)
2023037417,2023-07-20,남자,불명,대구광역시,일반판매,기타회원권,계약불이행(불완전이행)
2023037419,2023-07-20,남자,40 - 49세,경상북도,모바일거래,교통카드,계약불이행(불완전이행)
2023037420,2023-07-20,남자,불명,대구광역시,일반판매,기타회원권,계약불이행(불완전이행)
2023037421,2023-07-21,여자,30 - 39세,경상남도,소셜커머스(쇼핑),기타숙박시설,품질(물품/용역)
2023037422,2023-07-20,여자,30 - 39세,인천광역시,소셜커머스(쇼핑),보석·귀금속,계약불이행(불완전이행)
2023037423,2023-07-20,남자,10 - 19세,경기도,일반판매,헬스장,계약해제.해지/위약금
2023037424,2023-07-20,남자,20 - 29세,서울특별시,모바일거래,사진촬영,계약해제.해지/위약금
2023037425,2023-07-20,남자,50 - 59세,서울특별시,국내온라인거래,벨트,청약철회
2023037426,2023-07-20,여자,30 - 39세,전라남도,일반판매,헬스장,계약해제.해지/위약금
2023037427,2023-07-20,여자,50 - 59세,경기도,기타,기타수선·염색서비스,AS불만
2023037428,2023-07-20,여자,30 - 39세,서울특별시,일반판매,소시지,계약불이행(불완전이행)
2023037429,2023-07-20,여자,20 - 29세,대전광역시,전화권유판매,기타매체광고,청약철회
2023037430,2023-07-20,여자,30 - 39세,서울특별시,일반판매,기타이·미용서비스,계약불이행(불완전이행)
2023037431,2023-07-20,여자,30 - 39세,서울특별시,국내온라인거래,CD·LD·DVD(영화·음악·게임),청약철회
2023037432,2023-07-20,남자,30 - 39세,경기도,국내온라인거래,컴퓨터모니터(데스크탑),품질(물품/용역)
2023037433,2023-07-20,여자,40 - 49세,경기도,일반판매,헬스장,계약불이행(불완전이행)
2023037434,2023-07-20,여자,30 - 39세,서울특별시,기타,이동전화서비스,품질(물품/용역)
2023037435,2023-07-20,여자,30 - 39세,충청남도,소셜커머스(쇼핑),캐주얼바지,품질(물품/용역)
2023037436,2023-07-20,여자,20 - 29세,서울특별시,방문판매,기타문화·오락시설이용,계약해제.해지/위약금
2023037437,2023-07-20,여자,30 - 39세,경기도,국내온라인거래,기타가방,계약불이행(불완전이행)
2023037438,2023-07-20,남자,50 - 59세,충청북도,모바일거래,국외여행,계약해제.해지/위약금
2023037439,2023-07-20,남자,60 - 64세,충청남도,소셜커머스(쇼핑),사과,청약철회
2023037440,2023-07-20,남자,30 - 39세,광주광역시,국내온라인거래,안마의자,청약철회
2023037441,2023-07-20,남자,30 - 39세,광주광역시,국제온라인거래,각종공연관람,청약철회
2023037442,2023-07-20,여자,40 - 49세,대구광역시,국내온라인거래,생활패션화(슬립온·아쿠아슈즈·장화·작업화 등),청약철회
2023037443,2023-07-20,남자,70 - 79세,경기도,국내온라인거래,전기포트,품질(물품/용역)
2023037444,2023-07-20,여자,30 - 39세,서울특별시,일반판매,포장이사운송서비스,품질(물품/용역)
2023037445,2023-07-20,남자,20 - 29세,경상남도,일반판매,종합체육시설회원권,계약해제.해지/위약금
2023037446,2023-07-20,여자,20 - 29세,경기도,국내온라인거래,기타의류·섬유,청약철회
2023037447,2023-07-20,남자,20 - 29세,충청북도,방문판매,레저·이벤트회원권,계약해제.해지/위약금
2023037448,2023-07-20,여자,20 - 29세,서울특별시,국내온라인거래,영화관람,계약해제.해지/위약금
2023037449,2023-07-20,남자,70 - 79세,대구광역시,일반판매,묘지설비,계약해제.해지/위약금
2023037450,2023-07-20,여자,30 - 39세,서울특별시,국내온라인거래,콘도,계약해제.해지/위약금
2023037451,2023-07-20,남자,65 - 69세,경기도,국제온라인거래,제습기,표시.광고
2023037452,2023-07-20,여자,40 - 49세,전라남도,국내온라인거래,매트,안전(제품/시설)
2023037453,2023-07-20,여자,30 - 39세,대전광역시,일반판매,미용서비스,계약불이행(불완전이행)
2023037454,2023-07-20,여자,30 - 39세,경기도,국내온라인거래,호텔,계약해제.해지/위약금
2023037455,2023-07-20,남자,20 - 29세,경상북도,국내온라인거래,기타신발·용품,청약철회
2023037456,2023-07-20,여자,20 - 29세,서울특별시,방문판매,헬스장,계약해제.해지/위약금
2023037457,2023-07-20,여자,40 - 49세,부산광역시,일반판매,요가,계약해제.해지/위약금
2023037458,2023-07-20,남자,40 - 49세,광주광역시,국내온라인거래,인덕션레인지,품질(물품/용역)
2023037459,2023-07-20,여자,20 - 29세,경기도,국내온라인거래,외식,계약해제.해지/위약금
2023037460,2023-07-20,여자,30 - 39세,전라남도,소셜커머스(쇼핑),침대,품질(물품/용역)
2023037461,2023-07-20,여자,40 - 49세,경기도,모바일거래,핸드백,품질(물품/용역)
2023037462,2023-07-20,여자,20 - 29세,인천광역시,국내온라인거래,통신기기케이스,품질(물품/용역)
2023037463,2023-07-20,여자,30 - 39세,서울특별시,국내온라인거래,책상,계약불이행(불완전이행)
2023037464,2023-07-20,여자,50 - 59세,대구광역시,소셜커머스(쇼핑),셔츠,청약철회
2023037465,2023-07-20,여자,20 - 29세,서울특별시,기타,사진촬영,계약해제.해지/위약금
2023037466,2023-07-20,남자,50 - 59세,서울특별시,국제온라인거래,기타숙박시설,계약해제.해지/위약금
2023037467,2023-07-20,남자,30 - 39세,부산광역시,방문판매,침대·매트리스대여(렌트),AS불만
2023037468,2023-07-20,남자,20 - 29세,경기도,일반판매,택배화물운송서비스,품질(물품/용역)
2023037469,2023-07-20,여자,50 - 59세,부산광역시,방문판매,필라테스,계약해제.해지/위약금
2023037470,2023-07-20,남자,30 - 39세,서울특별시,일반판매,테니스장스쿼시회원권,계약해제.해지/위약금
2023037472,2023-07-20,여자,30 - 39세,경기도,방문판매,인터넷교육서비스,품질(물품/용역)
2023037473,2023-07-20,남자,40 - 49세,경기도,일반판매,침대,계약해제.해지/위약금
2023037474,2023-07-20,여자,50 - 59세,전라북도,국내온라인거래,기타숙박시설,계약해제.해지/위약금
2023037475,2023-07-20,여자,20 - 29세,서울특별시,국내온라인거래,태블릿PC,품질(물품/용역)
2023037476,2023-07-20,남자,30 - 39세,충청북도,국내온라인거래,선풍기,계약불이행(불완전이행)
2023037478,2023-07-20,남자,20 - 29세,부산광역시,방문판매,헬스장,계약해제.해지/위약금
2023037479,2023-07-20,여자,30 - 39세,경기도,일반판매,필라테스,계약해제.해지/위약금
2023037481,2023-07-20,여자,20 - 29세,경상북도,일반판매,필라테스,계약해제.해지/위약금
2023037482,2023-07-20,여자,30 - 39세,서울특별시,일반판매,컴퓨터수리,품질(물품/용역)
2023037483,2023-07-20,남자,50 - 59세,대구광역시,국내온라인거래,기타농업용기계,계약해제.해지/위약금
2023037484,2023-07-20,남자,20 - 29세,서울특별시,방문판매,건물관리서비스,계약해제.해지/위약금
2023037485,2023-07-20,남자,30 - 39세,서울특별시,일반판매,신발세탁,품질(물품/용역)
2023037486,2023-07-20,여자,20 - 29세,경상북도,일반판매,펜션,계약해제.해지/위약금
2023037487,2023-07-20,여자,30 - 39세,서울특별시,국내온라인거래,봉지면,계약불이행(불완전이행)
2023037488,2023-07-20,여자,30 - 39세,서울특별시,일반판매,헬스장,계약해제.해지/위약금
2023037489,2023-07-20,남자,20 - 29세,경기도,국내온라인거래,항공여객운송서비스,계약해제.해지/위약금
2023037490,2023-07-20,여자,30 - 39세,대전광역시,전화권유판매,기타정보이용서비스,계약불이행(불완전이행)
2023037491,2023-07-20,남자,40 - 49세,서울특별시,일반판매,스마트폰,AS불만
2023037492,2023-07-20,남자,20 - 29세,서울특별시,기타통신판매,인터넷게임서비스,부당행위
2023037493,2023-07-20,여자,30 - 39세,경기도,방문판매,인터넷교육서비스,계약해제.해지/위약금
2023037494,2023-07-20,여자,30 - 39세,경기도,기타,국내결혼중개,계약해제.해지/위약금
2023037495,2023-07-20,여자,40 - 49세,서울특별시,일반판매,핸드백,계약불이행(불완전이행)
2023037496,2023-07-20,여자,40 - 49세,서울특별시,국내온라인거래,캐주얼바지,청약철회
2023037497,2023-07-20,여자,30 - 39세,경기도,방문판매,기타회원권,계약해제.해지/위약금
2023037499,2023-07-20,여자,40 - 49세,경기도,방문판매,공기청정기대여(렌트),부당채권추심
2023037500,2023-07-20,남자,40 - 49세,경기도,일반판매,기타식품류,품질(물품/용역)
2023037501,2023-07-20,여자,20 - 29세,인천광역시,일반판매,영어자격(능력)시험,계약해제.해지/위약금
2023037502,2023-07-20,남자,50 - 59세,경상북도,전화권유판매,모바일정보이용서비스,계약불이행(불완전이행)
2023037503,2023-07-20,여자,20 - 29세,서울특별시,일반판매,필라테스,계약해제.해지/위약금
2023037504,2023-07-20,남자,50 - 59세,경상남도,국내온라인거래,프린터잉크,품질(물품/용역)
2023037505,2023-07-20,남자,20 - 29세,경기도,일반판매,헬스장,계약해제.해지/위약금
2023037506,2023-07-20,남자,40 - 49세,강원특별자치도,일반판매,아파트,표시.광고
2023037507,2023-07-20,여자,40 - 49세,경상북도,일반판매,인터넷교육서비스,계약해제.해지/위약금
2023037508,2023-07-20,남자,50 - 59세,강원특별자치도,일반판매,소파,AS불만
2023037509,2023-07-20,여자,50 - 59세,대전광역시,일반판매,필라테스,계약해제.해지/위약금
2023037510,2023-07-20,남자,50 - 59세,전라북도,일반판매,버스여객운송서비스,품질(물품/용역)
2023037511,2023-07-20,여자,30 - 39세,인천광역시,방문판매,필라테스,계약해제.해지/위약금
2023037512,2023-07-20,남자,30 - 39세,경기도,국내온라인거래,꽃·화초·화환,품질(물품/용역)
2023037513,2023-07-20,여자,50 - 59세,경기도,기타,포장이사운송서비스,품질(물품/용역)
2023037514,2023-07-20,여자,20 - 29세,충청북도,방문판매,헬스장,계약해제.해지/위약금
2023037515,2023-07-20,여자,30 - 39세,경상북도,국내온라인거래,기타신발·용품,청약철회
2023037516,2023-07-20,남자,30 - 39세,인천광역시,방문판매,헬스장,계약해제.해지/위약금
2023037517,2023-07-20,여자,20 - 29세,인천광역시,일반판매,TV대,청약철회
2023037518,2023-07-21,여자,20 - 29세,대구광역시,소셜커머스(쇼핑),샌들·슬리퍼,청약철회
2023037519,2023-07-21,여자,40 - 49세,경기도,방문판매,인터넷교육서비스,계약해제.해지/위약금
2023037520,2023-07-21,남자,40 - 49세,경기도,소셜커머스(쇼핑),헤드폰·이어폰,부당행위
2023037521,2023-07-21,여자,30 - 39세,대전광역시,모바일거래,국외여행,계약해제.해지/위약금
2023037522,2023-07-21,여자,20 - 29세,서울특별시,국제온라인거래,티셔츠,청약철회
2023037523,2023-07-21,남자,30 - 39세,충청북도,국내온라인거래,프라이팬,청약철회
2023037524,2023-07-21,여자,30 - 39세,경기도,방문판매,인터넷교육서비스,계약해제.해지/위약금
2023037525,2023-07-21,여자,40 - 49세,대전광역시,일반판매,니트(스웨터),품질(물품/용역)
2023037527,2023-07-21,남자,50 - 59세,경기도,일반판매,음식물처리기대여(렌트),계약해제.해지/위약금
2023037528,2023-07-21,여자,20 - 29세,서울특별시,일반판매,헬스장,계약해제.해지/위약금
2023037529,2023-07-21,남자,20 - 29세,서울특별시,국내온라인거래,오토바이,품질(물품/용역)
2023037530,2023-07-21,여자,30 - 39세,부산광역시,기타,포장이사운송서비스,품질(물품/용역)
2023037531,2023-07-21,남자,(미입력),경기도,국내온라인거래,어학교재,계약불이행(불완전이행)
2023037532,2023-07-21,남자,30 - 39세,서울특별시,일반판매,국내결혼중개,계약해제.해지/위약금
2023037533,2023-07-21,남자,30 - 39세,경기도,일반판매,산후조리원,품질(물품/용역)
2023037534,2023-07-21,여자,20 - 29세,서울특별시,국내온라인거래,스커트,청약철회
2023037535,2023-07-21,여자,불명,대구광역시,일반판매,양복(서양식 의복)세탁,품질(물품/용역)
2023037536,2023-07-21,여자,20 - 29세,경기도,일반판매,전산강습,계약해제.해지/위약금
2023037537,2023-07-21,여자,60 - 64세,경상북도,국내온라인거래,니트(스웨터),청약철회
2023037538,2023-07-21,여자,30 - 39세,서울특별시,일반판매,피부·체형관리서비스,부당행위
2023037539,2023-07-21,여자,30 - 39세,경기도,국내온라인거래,항공여객운송서비스,계약해제.해지/위약금
2023037540,2023-07-21,여자,40 - 49세,서울특별시,소셜커머스(쇼핑),펜션,계약해제.해지/위약금
2023037541,2023-07-21,여자,30 - 39세,경기도,일반판매,산후조리원,계약불이행(불완전이행)
2023037542,2023-07-21,여자,40 - 49세,부산광역시,국내온라인거래,항공여객운송서비스,계약불이행(불완전이행)
2023037543,2023-07-21,남자,40 - 49세,경상북도,일반판매,단독·다가구주택,계약불이행(불완전이행)
2023037544,2023-07-21,남자,20 - 29세,서울특별시,일반판매,기타회원권,계약해제.해지/위약금
2023037545,2023-07-21,남자,65 - 69세,서울특별시,일반판매,이동전화서비스,계약불이행(불완전이행)
2023037546,2023-07-21,여자,65 - 69세,서울특별시,일반판매,이동전화서비스,계약불이행(불완전이행)
2023037548,2023-07-21,남자,50 - 59세,서울특별시,일반판매,대형승용자동차,품질(물품/용역)
2023037549,2023-07-21,남자,40 - 49세,충청북도,일반판매,필라테스,계약해제.해지/위약금
2023037551,2023-07-21,남자,30 - 39세,전라남도,국내온라인거래,TV,품질(물품/용역)
2023037552,2023-07-21,여자,65 - 69세,경상남도,일반판매,샌들·슬리퍼,품질(물품/용역)
2023037553,2023-07-21,여자,50 - 59세,경상북도,국내온라인거래,여자용내의류,품질(물품/용역)
2023037554,2023-07-21,여자,60 - 64세,경기도,일반판매,실손보험,표시.광고
2023037555,2023-07-21,여자,30 - 39세,서울특별시,국내온라인거래,항공여객운송서비스,계약해제.해지/위약금
2023037556,2023-07-21,남자,40 - 49세,경기도,일반판매,기타약품,품질(물품/용역)
2023037557,2023-07-21,여자,40 - 49세,경기도,모바일거래,모바일정보이용서비스,계약해제.해지/위약금
2023037559,2023-07-21,여자,40 - 49세,충청남도,국내온라인거래,티셔츠,품질(물품/용역)
2023037560,2023-07-21,여자,30 - 39세,서울특별시,일반판매,건강(암·기타질병)보험,약관
2023037561,2023-07-21,여자,60 - 64세,서울특별시,일반판매,건강(암·기타질병)보험,약관
2023037562,2023-07-21,남자,20 - 29세,서울특별시,일반판매,자동차대여(렌트),계약해제.해지/위약금
2023037563,2023-07-21,여자,40 - 49세,대전광역시,일반판매,필라테스,계약해제.해지/위약금
2023037564,2023-07-21,남자,30 - 39세,경기도,국내온라인거래,이동전화서비스,부당행위
2023037565,2023-07-21,남자,30 - 39세,인천광역시,국내온라인거래,양복(서양식 의복)세탁,품질(물품/용역)
2023037566,2023-07-21,남자,60 - 64세,서울특별시,일반판매,신사화(구두·부츠 등),품질(물품/용역)
2023037567,2023-07-21,여자,40 - 49세,경상북도,일반판매,소형승용자동차,품질(물품/용역)
2023037568,2023-07-21,여자,20 - 29세,인천광역시,국내온라인거래,항공여객운송서비스,계약해제.해지/위약금
2023037569,2023-07-21,남자,40 - 49세,서울특별시,소셜커머스(쇼핑),스마트폰,품질(물품/용역)
2023037570,2023-07-21,여자,40 - 49세,서울특별시,일반판매,핸드백,품질(물품/용역)
2023037571,2023-07-21,남자,70 - 79세,전라북도,국내온라인거래,텐트,품질(물품/용역)
2023037572,2023-07-21,여자,30 - 39세,서울특별시,기타,자동차보험,부당행위
2023037573,2023-07-21,남자,40 - 49세,경기도,국내온라인거래,샌들·슬리퍼,품질(물품/용역)
2023037574,2023-07-21,여자,20 - 29세,인천광역시,일반판매,호텔,안전(제품/시설)
2023037575,2023-07-21,남자,80세이상,인천광역시,일반판매,기타민영보험,약관
2023037576,2023-07-21,여자,50 - 59세,대전광역시,일반판매,블라우스,품질(물품/용역)
2023037577,2023-07-21,남자,20 - 29세,충청북도,국내온라인거래,기타숙박시설,계약해제.해지/위약금
2023037578,2023-07-21,남자,30 - 39세,광주광역시,국내온라인거래,이유식,안전(제품/시설)
2023037579,2023-07-21,남자,70 - 79세,서울특별시,일반판매,양복(서양식 의복)세탁,계약불이행(불완전이행)
2023037580,2023-07-21,여자,30 - 39세,경상북도,방문판매,상조서비스,표시.광고
2023037581,2023-07-21,여자,40 - 49세,서울특별시,국내온라인거래,골프용품,품질(물품/용역)
2023037582,2023-07-21,남자,50 - 59세,대구광역시,일반판매,신사복상의,품질(물품/용역)
2023037583,2023-07-21,여자,20 - 29세,경기도,국내온라인거래,운동화,품질(물품/용역)
2023037585,2023-07-21,여자,50 - 59세,부산광역시,일반판매,샌들·슬리퍼,품질(물품/용역)
2023037587,2023-07-21,남자,30 - 39세,서울특별시,일반판매,양복(서양식 의복)세탁,품질(물품/용역)
2023037588,2023-07-21,남자,30 - 39세,전라북도,국내온라인거래,기타재봉·세탁·청소용품,계약불이행(불완전이행)
2023037590,2023-07-21,남자,20 - 29세,서울특별시,일반판매,중형승용자동차,품질(물품/용역)
2023037592,2023-07-21,여자,60 - 64세,세종특별자치시,일반판매,실손보험,약관
2023037593,2023-07-21,여자,60 - 64세,경기도,전화권유판매,"연회서비스(돌잔치,회갑 등)",계약해제.해지/위약금
2023037594,2023-07-21,여자,불명,부산광역시,국내온라인거래,기타가방,표시.광고
2023037595,2023-07-21,여자,40 - 49세,제주도,방문판매,상조서비스,약관
2023037596,2023-07-21,여자,60 - 64세,경기도,TV홈쇼핑,실손보험,약관
2023037597,2023-07-21,남자,50 - 59세,경기도,일반판매,운동화,품질(물품/용역)
2023037598,2023-07-21,여자,40 - 49세,서울특별시,일반판매,샌들·슬리퍼,품질(물품/용역)
2023037599,2023-07-21,여자,40 - 49세,경기도,일반판매,각종자격취득강습,계약해제.해지/위약금
2023037600,2023-07-21,남자,50 - 59세,충청남도,일반판매,실손보험,약관
2023037601,2023-07-21,남자,30 - 39세,경기도,일반판매,실손보험,품질(물품/용역)
2023037602,2023-07-21,남자,50 - 59세,경상북도,국내온라인거래,보석·귀금속,품질(물품/용역)
2023037603,2023-07-21,여자,60 - 64세,서울특별시,방문판매,미분류대여(렌트),계약해제.해지/위약금
2023037604,2023-07-21,여자,40 - 49세,경기도,일반판매,TV,품질(물품/용역)
2023037606,2023-07-21,여자,60 - 64세,경상남도,일반판매,운동화,품질(물품/용역)
2023037607,2023-07-21,여자,30 - 39세,경기도,일반판매,기타완구·인형,품질(물품/용역)
2023037608,2023-07-21,여자,40 - 49세,경상북도,일반판매,실손보험,약관
2023037609,2023-07-21,여자,30 - 39세,서울특별시,국내온라인거래,미용서비스,계약해제.해지/위약금
2023037610,2023-07-21,여자,50 - 59세,광주광역시,일반판매,화재보험,약관
2023037611,2023-07-21,여자,30 - 39세,경기도,방문판매,인터넷교육서비스,계약불이행(불완전이행)
2023037612,2023-07-21,여자,40 - 49세,경상남도,일반판매,의상대여(렌트),거래관행
2023037613,2023-07-21,남자,20 - 29세,경기도,일반판매,헬스장,계약해제.해지/위약금
2023037614,2023-07-21,여자,50 - 59세,경기도,일반판매,건강(암·기타질병)보험,약관
2023037615,2023-07-21,여자,40 - 49세,인천광역시,일반판매,건물청소서비스,계약해제.해지/위약금
2023037616,2023-07-21,남자,40 - 49세,서울특별시,국내온라인거래,기타숙박시설,계약해제.해지/위약금
2023037617,2023-07-21,여자,50 - 59세,서울특별시,국내온라인거래,기타회원권,계약해제.해지/위약금
2023037619,2023-07-21,여자,50 - 59세,서울특별시,일반판매,한의원,계약해제.해지/위약금
2023037620,2023-07-21,남자,70 - 79세,경기도,TV홈쇼핑,밥솥,품질(물품/용역)
2023037621,2023-07-21,여자,50 - 59세,대구광역시,일반판매,기타인테리어설비,품질(물품/용역)
2023037622,2023-07-21,여자,40 - 49세,서울특별시,일반판매,피부과,계약해제.해지/위약금
2023037624,2023-07-21,남자,50 - 59세,서울특별시,일반판매,피부과,품질(물품/용역)
2023037625,2023-07-21,남자,60 - 64세,서울특별시,국내온라인거래,기타숙박시설,계약불이행(불완전이행)
2023037626,2023-07-21,남자,20 - 29세,경기도,기타,헬스장,계약해제.해지/위약금
2023037627,2023-07-21,여자,50 - 59세,서울특별시,TV홈쇼핑,믹서기,청약철회
2023037628,2023-07-21,남자,40 - 49세,광주광역시,일반판매,양복(서양식 의복)세탁,품질(물품/용역)
2023037629,2023-07-21,여자,20 - 29세,서울특별시,일반판매,헬스장,계약해제.해지/위약금
2023037630,2023-07-21,남자,40 - 49세,경기도,기타통신판매,레포츠장비대여(렌트),AS불만
2023037631,2023-07-21,여자,20 - 29세,충청남도,국내온라인거래,양복(서양식 의복)세탁,품질(물품/용역)
2023037632,2023-07-21,여자,30 - 39세,인천광역시,일반판매,지갑,품질(물품/용역)
2023037633,2023-07-21,여자,40 - 49세,경기도,일반판매,숙녀복하의,품질(물품/용역)
2023037715,2023-07-21,남자,40 - 49세,경기도,국제온라인거래,호텔,계약불이행(불완전이행)
2023037716,2023-07-21,남자,30 - 39세,울산광역시,국제온라인거래,항공여객운송서비스,계약불이행(불완전이행)
2023037717,2023-07-21,여자,불명,서울특별시,일반판매,해외유학알선,계약불이행(불완전이행)
2023037718,2023-07-21,남자,30 - 39세,서울특별시,일반판매,기타가구,계약해제.해지/위약금
2023037719,2023-07-21,남자,65 - 69세,부산광역시,기타,아파트,품질(물품/용역)
2023037720,2023-07-21,여자,30 - 39세,서울특별시,일반판매,헬스장,계약해제.해지/위약금
2023037721,2023-07-21,남자,20 - 29세,경기도,국내온라인거래,항공여객운송서비스,계약불이행(불완전이행)
2023037722,2023-07-21,남자,20 - 29세,서울특별시,일반판매,셔츠,품질(물품/용역)
2023037723,2023-07-21,여자,40 - 49세,경기도,국제온라인거래,기타일반화장품,청약철회
2023037724,2023-07-21,여자,30 - 39세,경기도,국내온라인거래,여자용내의류,청약철회
2023037725,2023-07-21,여자,40 - 49세,경기도,일반판매,장의관련서비스,계약불이행(불완전이행)
2023037726,2023-07-21,남자,50 - 59세,강원특별자치도,국내온라인거래,항공여객운송서비스,계약불이행(불완전이행)
2023037727,2023-07-21,남자,30 - 39세,서울특별시,일반판매,애완고양이,품질(물품/용역)
2023037728,2023-07-21,여자,40 - 49세,경기도,국내온라인거래,지갑,청약철회
2023037729,2023-07-21,남자,20 - 29세,서울특별시,일반판매,헬스장,계약해제.해지/위약금
2023037730,2023-07-21,남자,30 - 39세,경기도,모바일거래,건물청소서비스,AS불만
2023037732,2023-07-21,여자,30 - 39세,경기도,국내온라인거래,기타신발·용품,청약철회
2023037733,2023-07-21,여자,40 - 49세,서울특별시,일반판매,수영장회원권,안전(제품/시설)
2023037734,2023-07-21,여자,30 - 39세,경기도,기타,택배화물운송서비스,품질(물품/용역)
2023037735,2023-07-21,여자,30 - 39세,경기도,기타,기타사설강습서비스,청약철회
2023037736,2023-07-21,여자,20 - 29세,인천광역시,국내온라인거래,원피스,청약철회
2023037737,2023-07-21,여자,40 - 49세,경기도,기타통신판매,음식물처리기대여(렌트),품질(물품/용역)
2023037738,2023-07-21,남자,30 - 39세,서울특별시,소셜커머스(쇼핑),헤드폰·이어폰,품질(물품/용역)
2023037739,2023-07-21,여자,40 - 49세,대구광역시,기타,창호유리,품질(물품/용역)
2023037740,2023-07-21,남자,20 - 29세,서울특별시,국내온라인거래,안마의자,품질(물품/용역)
2023037741,2023-07-21,여자,40 - 49세,경기도,국내온라인거래,숙녀화(구두·부츠 등),청약철회
2023037742,2023-07-21,여자,50 - 59세,서울특별시,국내온라인거래,국내여행,계약불이행(불완전이행)
2023037743,2023-07-21,남자,60 - 64세,경기도,전화권유판매,모바일정보이용서비스,계약해제.해지/위약금
2023037744,2023-07-21,남자,40 - 49세,서울특별시,일반판매,기타인테리어설비,계약해제.해지/위약금
2023037745,2023-07-21,남자,40 - 49세,인천광역시,모바일거래,빵,계약불이행(불완전이행)
2023037746,2023-07-21,여자,30 - 39세,전라남도,TV홈쇼핑,화장대,단순문의.상담
2023037747,2023-07-21,여자,30 - 39세,부산광역시,방문판매,헬스장,계약해제.해지/위약금
2023037748,2023-07-21,남자,50 - 59세,서울특별시,기타,선풍기,AS불만
2023037749,2023-07-21,여자,50 - 59세,서울특별시,국내온라인거래,인덕션레인지,품질(물품/용역)
2023037750,2023-07-21,남자,30 - 39세,경기도,국내온라인거래,비디오카메라,품질(물품/용역)
2023037751,2023-07-21,남자,30 - 39세,경기도,국내온라인거래,비디오카메라,품질(물품/용역)
2023037752,2023-07-21,여자,20 - 29세,서울특별시,일반판매,미용서비스,품질(물품/용역)
2023037754,2023-07-21,여자,40 - 49세,경기도,국내온라인거래,쓰레기통,청약철회
2023037755,2023-07-21,남자,30 - 39세,경상북도,국내온라인거래,홍차,계약불이행(불완전이행)
2023037756,2023-07-21,여자,40 - 49세,인천광역시,국내온라인거래,프라이팬,계약불이행(불완전이행)
2023037757,2023-07-21,남자,30 - 39세,경기도,국내온라인거래,전기압력밥솥,품질(물품/용역)
2023037758,2023-07-21,남자,50 - 59세,인천광역시,국내온라인거래,호텔,계약해제.해지/위약금
2023037759,2023-07-21,여자,20 - 29세,경기도,모바일거래,복숭아,청약철회
2023037760,2023-07-21,남자,40 - 49세,서울특별시,국내온라인거래,항공여객운송서비스,청약철회
2023037761,2023-07-21,여자,30 - 39세,경기도,일반판매,헬스장,계약해제.해지/위약금
2023037762,2023-07-21,남자,30 - 39세,충청북도,국내온라인거래,각종공연관람,청약철회
2023037763,2023-07-21,남자,50 - 59세,서울특별시,국내온라인거래,기타미분류물품,계약해제.해지/위약금
2023037764,2023-07-21,여자,20 - 29세,경기도,모바일거래,이동전화서비스,가격.요금
2023037765,2023-07-21,여자,30 - 39세,서울특별시,일반판매,기타이·미용서비스,계약해제.해지/위약금
2023037766,2023-07-21,여자,30 - 39세,경상남도,방문판매,기타방문·통신교육서비스,계약해제.해지/위약금
2023037767,2023-07-21,여자,50 - 59세,경기도,모바일거래,사진촬영,계약해제.해지/위약금
2023037768,2023-07-21,여자,50 - 59세,경기도,기타,아파트,품질(물품/용역)
2023037769,2023-07-21,여자,40 - 49세,서울특별시,일반판매,헬스장,계약해제.해지/위약금
2023037770,2023-07-21,여자,40 - 49세,경상북도,일반판매,정수기대여(렌트),품질(물품/용역)
2023037771,2023-07-21,남자,30 - 39세,인천광역시,일반판매,소파,계약해제.해지/위약금
2023037773,2023-07-21,남자,20 - 29세,서울특별시,일반판매,헬스장,계약해제.해지/위약금
2023037774,2023-07-21,여자,30 - 39세,경기도,국내온라인거래,미용서비스,계약해제.해지/위약금
2023037775,2023-07-21,여자,20 - 29세,전라북도,일반판매,헬스장,청약철회
2023037776,2023-07-21,남자,40 - 49세,서울특별시,국내온라인거래,항공여객운송서비스,계약해제.해지/위약금
2023037777,2023-07-21,여자,30 - 39세,인천광역시,국내온라인거래,건물청소서비스,품질(물품/용역)
2023037778,2023-07-21,여자,40 - 49세,경기도,방문판매,여자용내의류,청약철회
2023037779,2023-07-21,여자,20 - 29세,대구광역시,방문판매,학습지,계약해제.해지/위약금
2023037780,2023-07-21,여자,30 - 39세,경기도,전화권유판매,인터넷정보이용서비스,계약불이행(불완전이행)
2023037781,2023-07-21,남자,30 - 39세,인천광역시,국내온라인거래,노트북컴퓨터,부당행위
2023037782,2023-07-21,여자,20 - 29세,광주광역시,일반판매,헬스장,계약해제.해지/위약금
2023037783,2023-07-21,여자,20 - 29세,서울특별시,국내온라인거래,기타미분류서비스,계약해제.해지/위약금
2023037784,2023-07-21,여자,40 - 49세,전라북도,국내온라인거래,블라우스,품질(물품/용역)
2023037785,2023-07-21,여자,40 - 49세,인천광역시,방문판매,미용서비스,품질(물품/용역)
2023037786,2023-07-21,여자,30 - 39세,서울특별시,국내온라인거래,항공여객운송서비스,계약해제.해지/위약금
2023037787,2023-07-21,남자,50 - 59세,서울특별시,기타,항공여객운송서비스,안전(제품/시설)
2023037788,2023-07-21,여자,20 - 29세,대전광역시,일반판매,헬스장,계약해제.해지/위약금
2023037790,2023-07-22,여자,20 - 29세,서울특별시,방문판매,헬스장,계약해제.해지/위약금
2023037791,2023-07-22,여자,20 - 29세,경기도,기타,기타숙박시설,계약해제.해지/위약금
2023037792,2023-07-22,여자,40 - 49세,인천광역시,모바일거래,기타숙박시설,청약철회
2023037915,2023-07-22,여자,30 - 39세,서울특별시,일반판매,양복(서양식 의복)세탁,품질(물품/용역)
2023037916,2023-07-22,남자,30 - 39세,전라남도,전화권유판매,기타매체광고,계약해제.해지/위약금
2023037917,2023-07-22,남자,40 - 49세,충청북도,국내온라인거래,점퍼·재킷류,청약철회
2023037918,2023-07-22,여자,60 - 64세,부산광역시,국내온라인거래,전기진공청소기,품질(물품/용역)
2023037919,2023-07-22,여자,20 - 29세,서울특별시,일반판매,기타의류·섬유,청약철회
2023037920,2023-07-22,여자,30 - 39세,경기도,일반판매,항공여객운송서비스,계약해제.해지/위약금
2023037921,2023-07-22,남자,50 - 59세,서울특별시,일반판매,전기세탁기,표시.광고
2023037922,2023-07-22,여자,30 - 39세,서울특별시,국내온라인거래,식기세척기,품질(물품/용역)
2023037923,2023-07-22,남자,40 - 49세,경기도,일반판매,기타매체광고,AS불만
2023037924,2023-07-22,남자,40 - 49세,경기도,소셜커머스(쇼핑),기타의류·섬유,청약철회
2023037925,2023-07-22,남자,30 - 39세,경기도,국제온라인거래,항공여객운송서비스,계약해제.해지/위약금
2023037926,2023-07-22,여자,20 - 29세,서울특별시,전화권유판매,기타미분류서비스,계약해제.해지/위약금
2023037927,2023-07-22,남자,40 - 49세,경기도,방문판매,기타교육서비스,계약해제.해지/위약금
2023038115,2023-07-23,여자,40 - 49세,서울특별시,일반판매,일반강습(입시학원등),계약해제.해지/위약금
2023038116,2023-07-23,여자,20 - 29세,경기도,일반판매,포장이사운송서비스,품질(물품/용역)
2023038117,2023-07-23,여자,20 - 29세,경기도,소셜커머스(쇼핑),티셔츠,청약철회
2023038118,2023-07-23,남자,30 - 39세,서울특별시,일반판매,초고속인터넷,계약불이행(불완전이행)
2023038119,2023-07-23,여자,60 - 64세,광주광역시,소셜커머스(쇼핑),기타신발·용품,품질(물품/용역)
2023038120,2023-07-23,남자,30 - 39세,서울특별시,일반판매,국외여행,계약해제.해지/위약금
2023038121,2023-07-23,여자,40 - 49세,서울특별시,국내온라인거래,항공여객운송서비스,계약해제.해지/위약금
2023038122,2023-07-23,남자,40 - 49세,서울특별시,TV홈쇼핑,쇠고기포장육,안전(제품/시설)
2023038123,2023-07-23,여자,20 - 29세,인천광역시,일반판매,필라테스,계약해제.해지/위약금
2023038124,2023-07-23,남자,30 - 39세,경기도,국제온라인거래,국외여행,계약해제.해지/위약금
2023038125,2023-07-23,남자,30 - 39세,충청남도,국내온라인거래,항공여객운송서비스,계약불이행(불완전이행)
2023038126,2023-07-23,남자,20 - 29세,서울특별시,기타,헬스장,계약해제.해지/위약금
2023038127,2023-07-23,여자,50 - 59세,강원특별자치도,국내온라인거래,복숭아,청약철회
2023038128,2023-07-23,남자,60 - 64세,강원특별자치도,국내온라인거래,기타의류·섬유,청약철회
2023038129,2023-07-23,여자,50 - 59세,충청남도,TV홈쇼핑,음식물처리기대여(렌트),품질(물품/용역)
2023038130,2023-07-23,남자,50 - 59세,경상북도,기타,기타옥외장비·설비,품질(물품/용역)
2023038131,2023-07-23,남자,30 - 39세,부산광역시,방문판매,이불·침대커버,계약불이행(불완전이행)
2023038132,2023-07-23,남자,30 - 39세,대전광역시,일반판매,헬스장,계약해제.해지/위약금
2023038133,2023-07-23,여자,40 - 49세,서울특별시,일반판매,기타문화·오락시설이용,계약해제.해지/위약금
2023038215,2023-07-24,남자,불명,경기도,일반판매,상품권,약관
2023038216,2023-07-24,남자,50 - 59세,경기도,국내온라인거래,운동화,품질(물품/용역)
2023038217,2023-07-24,남자,30 - 39세,서울특별시,일반판매,자동차수리·점검,부당행위
2023038218,2023-07-24,여자,30 - 39세,서울특별시,일반판매,헬스장,계약해제.해지/위약금
2023038219,2023-07-24,여자,40 - 49세,전라북도,기타통신판매,포장이사운송서비스,계약불이행(불완전이행)
2023038220,2023-07-24,여자,40 - 49세,경기도,국내온라인거래,항공여객운송서비스,계약해제.해지/위약금
2023038221,2023-07-24,남자,60 - 64세,서울특별시,국내온라인거래,단행본,부당행위
2023038222,2023-07-24,여자,40 - 49세,인천광역시,일반판매,의류수선,계약불이행(불완전이행)
2023038223,2023-07-24,남자,40 - 49세,대구광역시,일반판매,택배화물운송서비스,계약불이행(불완전이행)
2023038224,2023-07-24,남자,50 - 59세,경기도,국내온라인거래,스마트폰,계약해제.해지/위약금
2023038225,2023-07-24,여자,60 - 64세,경기도,일반판매,기타인테리어설비,품질(물품/용역)
2023038227,2023-07-24,여자,40 - 49세,전라북도,기타통신판매,전집물,청약철회
2023038228,2023-07-24,여자,30 - 39세,경상북도,기타,호텔,계약해제.해지/위약금
2023038229,2023-07-24,여자,50 - 59세,경기도,TV홈쇼핑,기타건강식품,청약철회
2023038231,2023-07-24,남자,70 - 79세,강원특별자치도,일반판매,기타옥외장비·설비,품질(물품/용역)
2023038232,2023-07-24,여자,40 - 49세,서울특별시,일반판매,양복(서양식 의복)세탁,품질(물품/용역)
2023038233,2023-07-24,남자,30 - 39세,서울특별시,기타,펜션,계약해제.해지/위약금
2023038235,2023-07-24,여자,30 - 39세,경상남도,방문판매,인터넷교육서비스,계약해제.해지/위약금
2023038236,2023-07-24,여자,50 - 59세,경기도,일반판매,양복(서양식 의복)세탁,품질(물품/용역)
2023038237,2023-07-24,남자,30 - 39세,서울특별시,모바일거래,자동차주차장,청약철회
2023038238,2023-07-24,남자,50 - 59세,경상남도,일반판매,초고속인터넷,계약해제.해지/위약금
2023038239,2023-07-24,남자,50 - 59세,경상남도,일반판매,양복(서양식 의복)세탁,품질(물품/용역)
2023038240,2023-07-24,여자,30 - 39세,경상남도,일반판매,양복(서양식 의복)세탁,품질(물품/용역)
2023038241,2023-07-24,여자,40 - 49세,대전광역시,다단계판매,인터넷교육서비스,계약해제.해지/위약금
2023038242,2023-07-24,남자,40 - 49세,경상북도,국내온라인거래,룸에어컨,품질(물품/용역)
2023038244,2023-07-24,남자,50 - 59세,경상남도,기타,침대,품질(물품/용역)
2023038245,2023-07-24,남자,불명,인천광역시,국내온라인거래,그래픽카드,계약불이행(불완전이행)
2023038246,2023-07-24,여자,20 - 29세,서울특별시,일반판매,양복(서양식 의복)세탁,품질(물품/용역)
2023038247,2023-07-24,남자,30 - 39세,서울특별시,국내온라인거래,노트북컴퓨터,품질(물품/용역)
2023038248,2023-07-24,여자,40 - 49세,대구광역시,일반판매,양복(서양식 의복)세탁,품질(물품/용역)
2023038249,2023-07-24,여자,30 - 39세,경기도,일반판매,항공여객운송서비스,계약불이행(불완전이행)
2023038250,2023-07-24,남자,30 - 39세,경기도,국내온라인거래,기타숙박시설,품질(물품/용역)
2023038251,2023-07-24,남자,60 - 64세,경기도,TV홈쇼핑,국외여행,안전(제품/시설)
2023038252,2023-07-24,여자,30 - 39세,경기도,국내온라인거래,음식물처리기,품질(물품/용역)
2023038253,2023-07-24,여자,50 - 59세,충청북도,일반판매,양복(서양식 의복)세탁,품질(물품/용역)
2023038254,2023-07-24,여자,30 - 39세,경기도,국내온라인거래,기타침구류,표시.광고
2023038255,2023-07-24,여자,20 - 29세,대전광역시,일반판매,헬스장,계약해제.해지/위약금
2023038256,2023-07-24,여자,30 - 39세,서울특별시,국내온라인거래,아동화,청약철회
2023038257,2023-07-24,여자,40 - 49세,대전광역시,일반판매,이불·요,품질(물품/용역)
2023038258,2023-07-24,여자,30 - 39세,광주광역시,일반판매,기타사설강습서비스,계약해제.해지/위약금
2023038259,2023-07-24,남자,50 - 59세,대구광역시,일반판매,오토바이,AS불만
2023038260,2023-07-24,남자,50 - 59세,경기도,일반판매,실손보험,약관
2023038261,2023-07-24,남자,40 - 49세,부산광역시,국내온라인거래,기타자동차용품,품질(물품/용역)
2023038262,2023-07-24,남자,30 - 39세,인천광역시,기타,이동전화서비스,품질(물품/용역)
2023038263,2023-07-24,여자,40 - 49세,대전광역시,일반판매,이불·요,품질(물품/용역)
2023038264,2023-07-24,남자,65 - 69세,서울특별시,모바일거래,"OTT서비스(넷플릭스,왓챠 등)",계약해제.해지/위약금
2023038265,2023-07-24,여자,30 - 39세,경기도,일반판매,내과,품질(물품/용역)
2023038266,2023-07-24,여자,50 - 59세,인천광역시,일반판매,시계,계약불이행(불완전이행)
2023038268,2023-07-24,남자,40 - 49세,경기도,국내온라인거래,전기자전거,계약불이행(불완전이행)
2023038269,2023-07-24,여자,40 - 49세,서울특별시,국내온라인거래,기타가방,품질(물품/용역)
2023038270,2023-07-24,여자,50 - 59세,서울특별시,TV홈쇼핑,호텔,계약해제.해지/위약금
2023038271,2023-07-24,여자,40 - 49세,경기도,국내온라인거래,기타가방,청약철회
2023038272,2023-07-24,여자,30 - 39세,경기도,일반판매,성형외과,품질(물품/용역)
2023038273,2023-07-24,여자,30 - 39세,서울특별시,일반판매,외식,안전(제품/시설)
2023038274,2023-07-24,남자,70 - 79세,경기도,기타통신판매,유사투자자문,계약해제.해지/위약금
2023038275,2023-07-24,여자,30 - 39세,경기도,일반판매,필라테스,계약해제.해지/위약금
2023038276,2023-07-24,여자,20 - 29세,경기도,일반판매,필라테스,계약해제.해지/위약금
2023038277,2023-07-24,남자,40 - 49세,부산광역시,일반판매,스마트폰,품질(물품/용역)
2023038279,2023-07-24,남자,65 - 69세,서울특별시,일반판매,외식,품질(물품/용역)
2023038280,2023-07-24,남자,40 - 49세,충청북도,국내온라인거래,기타회원권,계약불이행(불완전이행)
2023038281,2023-07-24,여자,불명,대전광역시,일반판매,티셔츠,품질(물품/용역)
2023038282,2023-07-24,여자,40 - 49세,경상남도,국내온라인거래,신유형상품권,약관
2023038283,2023-07-24,여자,30 - 39세,경기도,일반판매,산후조리원,안전(제품/시설)
2023038284,2023-07-24,여자,30 - 39세,대전광역시,일반판매,셔츠,품질(물품/용역)
2023038285,2023-07-24,남자,20 - 29세,서울특별시,국내온라인거래,항공여객운송서비스,계약해제.해지/위약금
2023038286,2023-07-24,여자,30 - 39세,경기도,모바일거래,보건위생용품기타,품질(물품/용역)
2023038288,2023-07-24,남자,불명,부산광역시,일반판매,이동전화서비스,계약해제.해지/위약금
2023038289,2023-07-24,여자,불명,대전광역시,일반판매,티셔츠,품질(물품/용역)
2023038290,2023-07-24,남자,30 - 39세,경기도,국내온라인거래,테니스용품,품질(물품/용역)
2023038291,2023-07-24,남자,30 - 39세,경기도,모바일거래,호텔,계약해제.해지/위약금
2023038292,2023-07-24,여자,50 - 59세,경기도,일반판매,포장이사운송서비스,품질(물품/용역)
2023038293,2023-07-24,남자,불명,경기도,모바일거래,모바일정보이용서비스,계약불이행(불완전이행)
2023038294,2023-07-24,여자,60 - 64세,서울특별시,TV홈쇼핑,타올,품질(물품/용역)
2023038295,2023-07-24,남자,40 - 49세,경기도,국내온라인거래,기타의류·섬유,품질(물품/용역)
2023038296,2023-07-24,남자,60 - 64세,부산광역시,일반판매,이동전화서비스,계약해제.해지/위약금
2023038297,2023-07-24,남자,40 - 49세,경기도,일반판매,가스레인지,AS불만
2023038298,2023-07-24,여자,20 - 29세,부산광역시,방문판매,헬스장,계약해제.해지/위약금
2023038300,2023-07-24,여자,30 - 39세,서울특별시,일반판매,치과,품질(물품/용역)
2023038301,2023-07-24,남자,30 - 39세,경기도,일반판매,기타사설강습서비스,계약불이행(불완전이행)
2023038302,2023-07-24,남자,70 - 79세,서울특별시,일반판매,기타위생설비,가격.요금
2023038303,2023-07-24,여자,50 - 59세,부산광역시,일반판매,이동전화서비스,청약철회
2023038304,2023-07-24,남자,50 - 59세,서울특별시,국내온라인거래,선풍기,계약불이행(불완전이행)
2023038305,2023-07-24,남자,60 - 64세,서울특별시,모바일거래,기타건강식품,표시.광고
2023038306,2023-07-24,남자,30 - 39세,서울특별시,기타,인터넷정보이용서비스,단순문의.상담
2023038307,2023-07-24,여자,30 - 39세,인천광역시,방문판매,인터넷교육서비스,부당행위
2023038308,2023-07-24,여자,20 - 29세,경기도,일반판매,기타의료서비스,품질(물품/용역)
2023038309,2023-07-24,여자,20 - 29세,경기도,일반판매,기타의료서비스,품질(물품/용역)
2023038310,2023-07-24,여자,20 - 29세,서울특별시,일반판매,치과,품질(물품/용역)
2023038311,2023-07-24,여자,20 - 29세,전라남도,일반판매,성형외과,계약해제.해지/위약금
2023038312,2023-07-24,여자,70 - 79세,경기도,일반판매,정형외과,품질(물품/용역)
2023038313,2023-07-24,여자,65 - 69세,경상북도,일반판매,정형외과,품질(물품/용역)
2023038314,2023-07-24,여자,70 - 79세,서울특별시,일반판매,정형외과,품질(물품/용역)
2023038315,2023-07-24,여자,20 - 29세,경기도,일반판매,헬스장,계약해제.해지/위약금
2023038316,2023-07-24,여자,20 - 29세,대구광역시,국내온라인거래,태블릿PC,거래관행
2023038317,2023-07-24,여자,불명,경기도,일반판매,룸에어컨,품질(물품/용역)
2023038415,2023-07-24,남자,30 - 39세,대전광역시,국내온라인거래,장난감총,계약불이행(불완전이행)
2023038416,2023-07-24,여자,30 - 39세,경기도,전화권유판매,인터넷정보이용서비스,계약불이행(불완전이행)
2023038417,2023-07-24,남자,40 - 49세,강원특별자치도,전화권유판매,인터넷정보이용서비스,계약해제.해지/위약금
2023038418,2023-07-24,여자,70 - 79세,경기도,일반판매,국외여행,계약해제.해지/위약금
2023038419,2023-07-24,여자,30 - 39세,경기도,TV홈쇼핑,전기장판,AS불만
2023038420,2023-07-24,남자,50 - 59세,경기도,일반판매,응접테이블,품질(물품/용역)
2023038421,2023-07-24,여자,65 - 69세,경기도,모바일거래,원피스,청약철회
2023038422,2023-07-24,여자,30 - 39세,부산광역시,국내온라인거래,샌들·슬리퍼,계약해제.해지/위약금
2023038423,2023-07-24,여자,30 - 39세,경기도,일반판매,외식,계약해제.해지/위약금
2023038424,2023-07-24,남자,40 - 49세,경기도,국내온라인거래,냉장고,청약철회
2023038425,2023-07-24,남자,30 - 39세,경기도,방문판매,보석·귀금속,청약철회
2023038426,2023-07-24,여자,40 - 49세,강원특별자치도,국내온라인거래,신유형상품권,청약철회
2023038427,2023-07-24,남자,30 - 39세,경기도,방문판매,헬스장,계약해제.해지/위약금
2023038428,2023-07-24,남자,30 - 39세,서울특별시,일반판매,이동전화서비스,계약해제.해지/위약금
2023038429,2023-07-24,여자,40 - 49세,경상북도,국내온라인거래,그릇세트,계약불이행(불완전이행)
2023038430,2023-07-24,남자,40 - 49세,경기도,기타,국내결혼중개,계약해제.해지/위약금
2023038431,2023-07-24,남자,40 - 49세,경기도,국내온라인거래,항공여객운송서비스,표시.광고
2023038432,2023-07-24,여자,50 - 59세,울산광역시,국내온라인거래,기타의료용구,표시.광고
2023038433,2023-07-24,남자,40 - 49세,서울특별시,국내온라인거래,비치파라솔,품질(물품/용역)
2023038434,2023-07-24,남자,30 - 39세,경기도,국제온라인거래,기타문화용품,계약불이행(불완전이행)
2023038435,2023-07-24,남자,30 - 39세,경기도,국내온라인거래,팬코일(이동식에어컨),품질(물품/용역)
2023038436,2023-07-24,남자,30 - 39세,경기도,방문판매,헬스장,계약해제.해지/위약금
2023038437,2023-07-24,여자,20 - 29세,서울특별시,국내온라인거래,티셔츠,청약철회
2023038438,2023-07-24,여자,20 - 29세,부산광역시,국내온라인거래,스커트,청약철회
2023038439,2023-07-24,여자,50 - 59세,경기도,기타,기타매체광고,계약해제.해지/위약금
2023038440,2023-07-24,여자,30 - 39세,인천광역시,기타,포장이사운송서비스,품질(물품/용역)
2023038441,2023-07-24,여자,30 - 39세,서울특별시,일반판매,기타사설강습서비스,계약해제.해지/위약금
2023038442,2023-07-24,여자,40 - 49세,서울특별시,TV홈쇼핑,국외여행,계약불이행(불완전이행)
2023038443,2023-07-24,여자,40 - 49세,경상남도,방문판매,기타연료,계약해제.해지/위약금
2023038444,2023-07-24,남자,30 - 39세,경기도,국내온라인거래,기타서적음반류,품질(물품/용역)
2023038445,2023-07-24,남자,65 - 69세,인천광역시,모바일거래,영양보충용제품,계약불이행(불완전이행)
2023038446,2023-07-24,남자,20 - 29세,광주광역시,국내온라인거래,노트북컴퓨터,품질(물품/용역)
2023038447,2023-07-24,남자,50 - 59세,경상남도,일반판매,이앙기,품질(물품/용역)
2023038448,2023-07-24,여자,30 - 39세,경상북도,일반판매,필라테스,계약해제.해지/위약금
2023038449,2023-07-24,남자,40 - 49세,경기도,기타통신판매,항공여객운송서비스,계약불이행(불완전이행)
2023038450,2023-07-24,남자,60 - 64세,경기도,전화권유판매,기타알선·중개·번역서비스,계약불이행(불완전이행)
2023038451,2023-07-24,여자,40 - 49세,서울특별시,모바일거래,항공여객운송서비스,계약해제.해지/위약금
2023038452,2023-07-24,남자,30 - 39세,경기도,국내온라인거래,전기충전기,AS불만
2023038453,2023-07-24,남자,30 - 39세,부산광역시,국내온라인거래,매트,품질(물품/용역)
2023038454,2023-07-24,남자,40 - 49세,서울특별시,기타통신판매,기타숙박시설,계약해제.해지/위약금
2023038455,2023-07-24,여자,40 - 49세,부산광역시,국내온라인거래,기타미분류물품,청약철회
2023038456,2023-07-24,여자,40 - 49세,서울특별시,방문판매,포장이사운송서비스,품질(물품/용역)
2023038457,2023-07-24,여자,30 - 39세,서울특별시,국내온라인거래,기타신발·용품,계약불이행(불완전이행)
2023038458,2023-07-24,여자,20 - 29세,서울특별시,일반판매,헬스장,계약해제.해지/위약금
2023038459,2023-07-24,여자,50 - 59세,경기도,일반판매,TV,품질(물품/용역)
2023038460,2023-07-24,남자,30 - 39세,서울특별시,방문판매,헬스장,계약해제.해지/위약금
2023038461,2023-07-24,여자,40 - 49세,경기도,국내온라인거래,기타숙박시설,계약해제.해지/위약금
2023038462,2023-07-24,남자,20 - 29세,대전광역시,방문판매,헬스장,계약해제.해지/위약금
2023038463,2023-07-24,여자,20 - 29세,경기도,국내온라인거래,기타의류·섬유,청약철회
2023038464,2023-07-24,남자,70 - 79세,서울특별시,일반판매,영화관람,계약해제.해지/위약금
2023038465,2023-07-24,남자,40 - 49세,경기도,국내온라인거래,항공여객운송서비스,계약해제.해지/위약금
2023038466,2023-07-24,남자,30 - 39세,서울특별시,방문판매,레저·이벤트회원권,계약해제.해지/위약금
2023038467,2023-07-24,여자,30 - 39세,서울특별시,국내온라인거래,사진촬영,계약해제.해지/위약금
2023038468,2023-07-24,남자,30 - 39세,경기도,방문판매,종합체육시설회원권,계약해제.해지/위약금
2023038470,2023-07-24,남자,40 - 49세,대구광역시,기타,항공여객운송서비스,계약불이행(불완전이행)
2023038471,2023-07-24,남자,40 - 49세,서울특별시,기타통신판매,기타숙박시설,계약해제.해지/위약금
2023038472,2023-07-24,남자,30 - 39세,경기도,전화권유판매,인터넷교육서비스,계약해제.해지/위약금
2023038473,2023-07-24,여자,30 - 39세,경상남도,일반판매,헬스장,계약해제.해지/위약금
2023038474,2023-07-24,남자,30 - 39세,경상남도,기타,펜션,청약철회
2023038475,2023-07-24,여자,40 - 49세,부산광역시,국내온라인거래,단행본,청약철회
2023038476,2023-07-24,남자,50 - 59세,대구광역시,전화권유판매,인터넷정보이용서비스,계약불이행(불완전이행)
2023038477,2023-07-24,여자,30 - 39세,경기도,소셜커머스(쇼핑),식탁,품질(물품/용역)
2023038478,2023-07-24,남자,40 - 49세,경기도,국내온라인거래,기타의류·섬유,청약철회
2023038479,2023-07-24,남자,30 - 39세,경상남도,국내온라인거래,항공여객운송서비스,계약불이행(불완전이행)
2023038480,2023-07-24,남자,40 - 49세,전라북도,국내온라인거래,보석·귀금속,계약불이행(불완전이행)
2023038481,2023-07-24,남자,50 - 59세,경기도,국내온라인거래,항공여객운송서비스,계약불이행(불완전이행)
2023038482,2023-07-24,여자,20 - 29세,경기도,일반판매,애완견,품질(물품/용역)
2023038483,2023-07-24,여자,20 - 29세,서울특별시,일반판매,반포장이사운송서비스,품질(물품/용역)
2023038484,2023-07-24,여자,20 - 29세,경상북도,국내온라인거래,인터넷교육서비스,계약해제.해지/위약금
2023038485,2023-07-24,남자,50 - 59세,인천광역시,소셜커머스(쇼핑),TV,계약불이행(불완전이행)
2023038486,2023-07-24,남자,20 - 29세,부산광역시,국내온라인거래,사진촬영,계약해제.해지/위약금
2023038487,2023-07-24,여자,20 - 29세,서울특별시,일반판매,필라테스,계약해제.해지/위약금
2023038488,2023-07-24,여자,20 - 29세,서울특별시,일반판매,헬스장,계약해제.해지/위약금
2023038489,2023-07-24,여자,60 - 64세,인천광역시,일반판매,외식,안전(제품/시설)
2023038490,2023-07-24,여자,40 - 49세,경기도,일반판매,필라테스,계약해제.해지/위약금
2023038491,2023-07-24,여자,50 - 59세,경상북도,일반판매,비데,계약해제.해지/위약금
2023038492,2023-07-24,여자,40 - 49세,대전광역시,국내온라인거래,펜션,계약해제.해지/위약금
2023038493,2023-07-24,여자,40 - 49세,서울특별시,모바일거래,애완동·식물용품,품질(물품/용역)
2023038494,2023-07-24,남자,40 - 49세,대전광역시,국내온라인거래,테니스용품,청약철회
2023038495,2023-07-24,여자,30 - 39세,대구광역시,국내온라인거래,사진촬영,계약해제.해지/위약금
2023038496,2023-07-24,여자,30 - 39세,서울특별시,국내온라인거래,인터넷교육서비스,계약해제.해지/위약금
2023038497,2023-07-24,여자,20 - 29세,세종특별자치시,일반판매,헬스장,계약해제.해지/위약금
2023038498,2023-07-24,여자,20 - 29세,경기도,국내온라인거래,시계,계약불이행(불완전이행)
2023038499,2023-07-24,남자,30 - 39세,인천광역시,일반판매,포장이사운송서비스,품질(물품/용역)
2023038500,2023-07-24,여자,20 - 29세,서울특별시,국내온라인거래,헬스장,계약해제.해지/위약금
2023038501,2023-07-24,여자,30 - 39세,경기도,국내온라인거래,국외여행,계약해제.해지/위약금
2023038502,2023-07-24,남자,50 - 59세,경기도,국내온라인거래,옥수수,품질(물품/용역)
2023038503,2023-07-24,남자,30 - 39세,경기도,국내온라인거래,스포츠웨어,부당행위
2023038504,2023-07-24,남자,65 - 69세,경기도,일반판매,식탁,품질(물품/용역)
2023038505,2023-07-24,남자,20 - 29세,인천광역시,기타,스마트폰,AS불만
2023038506,2023-07-24,남자,30 - 39세,서울특별시,국내온라인거래,조립완구,품질(물품/용역)
2023038507,2023-07-24,여자,30 - 39세,서울특별시,국제온라인거래,항공여객운송서비스,계약불이행(불완전이행)
2023038508,2023-07-24,남자,30 - 39세,경상북도,기타,스마트폰,품질(물품/용역)
2023038509,2023-07-24,여자,40 - 49세,대전광역시,일반판매,필라테스,계약해제.해지/위약금
2023038510,2023-07-24,남자,30 - 39세,인천광역시,기타,티셔츠,청약철회
2023038511,2023-07-24,남자,40 - 49세,경기도,일반판매,김치냉장고,품질(물품/용역)
2023038512,2023-07-24,여자,20 - 29세,대전광역시,방문판매,기타방문·통신교육서비스,계약해제.해지/위약금
2023038513,2023-07-24,여자,65 - 69세,경상남도,국내온라인거래,기타냉장·냉동기기,계약불이행(불완전이행)
2023038514,2023-07-24,남자,30 - 39세,인천광역시,국내온라인거래,기타교육서비스,계약해제.해지/위약금
2023038515,2023-07-24,남자,30 - 39세,서울특별시,일반판매,테니스장스쿼시회원권,계약해제.해지/위약금
2023038516,2023-07-24,남자,30 - 39세,울산광역시,국내온라인거래,기타숙박시설,계약해제.해지/위약금
2023038517,2023-07-24,여자,30 - 39세,충청남도,국내온라인거래,콜라,품질(물품/용역)
2023038518,2023-07-24,여자,20 - 29세,인천광역시,기타,신발세탁,계약불이행(불완전이행)
2023038519,2023-07-24,남자,60 - 64세,서울특별시,일반판매,스마트폰,AS불만
2023038520,2023-07-25,여자,20 - 29세,경기도,모바일거래,지갑,청약철회
2023038521,2023-07-25,여자,40 - 49세,서울특별시,일반판매,포장이사운송서비스,품질(물품/용역)
2023038522,2023-07-25,여자,40 - 49세,서울특별시,전화권유판매,기타매체광고,계약해제.해지/위약금
2023038523,2023-07-25,남자,65 - 69세,경기도,일반판매,오토바이,품질(물품/용역)
2023038524,2023-07-25,여자,20 - 29세,경상남도,일반판매,헬스장,계약해제.해지/위약금
2023038525,2023-07-25,여자,20 - 29세,대구광역시,기타,택배화물운송서비스,계약불이행(불완전이행)
2023038526,2023-07-25,남자,20 - 29세,경기도,기타,예식서비스,계약해제.해지/위약금
2023038527,2023-07-25,여자,40 - 49세,충청북도,TV홈쇼핑,룸에어컨,표시.광고
2023038528,2023-07-25,남자,50 - 59세,부산광역시,일반판매,실손보험,계약불이행(불완전이행)
2023038529,2023-07-25,남자,30 - 39세,경기도,일반판매,택배화물운송서비스,단순문의.상담
2023038530,2023-07-25,여자,20 - 29세,인천광역시,일반판매,책장·서가,표시.광고
2023038531,2023-07-25,여자,50 - 59세,부산광역시,기타통신판매,자동차대여(렌트),계약해제.해지/위약금
2023038532,2023-07-25,여자,30 - 39세,서울특별시,국내온라인거래,숙녀화(구두·부츠 등),청약철회
2023038533,2023-07-25,여자,70 - 79세,서울특별시,일반판매,기타주방설비,계약불이행(불완전이행)
2023038534,2023-07-25,여자,20 - 29세,서울특별시,일반판매,기타문화·오락시설이용,품질(물품/용역)
2023038535,2023-07-25,남자,50 - 59세,인천광역시,국내온라인거래,커피메이커,품질(물품/용역)
2023038536,2023-07-25,여자,65 - 69세,경기도,일반판매,헬스장,계약불이행(불완전이행)
2023038537,2023-07-25,여자,65 - 69세,서울특별시,방문판매,기타방문·통신교육서비스,계약불이행(불완전이행)
2023038539,2023-07-25,남자,40 - 49세,서울특별시,소셜커머스(쇼핑),항공여객운송서비스,표시.광고
2023038540,2023-07-25,여자,불명,부산광역시,일반판매,기타가방,품질(물품/용역)
2023038541,2023-07-25,남자,30 - 39세,경기도,소셜커머스(쇼핑),룸에어컨,청약철회
2023038543,2023-07-25,남자,30 - 39세,경기도,일반판매,기타인테리어설비,품질(물품/용역)
2023038545,2023-07-25,여자,10세 미만,서울특별시,일반판매,응급의학과,가격.요금
2023038546,2023-07-25,여자,30 - 39세,경상남도,국내온라인거래,노트북컴퓨터,품질(물품/용역)
2023038547,2023-07-25,남자,20 - 29세,서울특별시,일반판매,실손보험,계약불이행(불완전이행)
2023038548,2023-07-25,남자,50 - 59세,인천광역시,기타,실손보험,계약불이행(불완전이행)
2023038549,2023-07-25,여자,60 - 64세,대전광역시,일반판매,캐주얼바지,계약해제.해지/위약금
2023038551,2023-07-25,여자,30 - 39세,서울특별시,방문판매,헬스장,계약해제.해지/위약금
2023038552,2023-07-25,남자,65 - 69세,서울특별시,일반판매,신용카드,약관
2023038553,2023-07-25,남자,50 - 59세,서울특별시,모바일거래,보트,청약철회
2023038554,2023-07-25,남자,70 - 79세,서울특별시,일반판매,상조서비스,부당행위
2023038555,2023-07-25,여자,50 - 59세,서울특별시,국내온라인거래,캐주얼바지,품질(물품/용역)
2023038557,2023-07-25,여자,20 - 29세,서울특별시,기타,국내결혼중개,계약불이행(불완전이행)
2023038558,2023-07-25,남자,50 - 59세,서울특별시,국내온라인거래,TV,계약불이행(불완전이행)
2023038559,2023-07-25,여자,60 - 64세,경상북도,국내온라인거래,숙녀복상의,계약해제.해지/위약금
2023038561,2023-07-25,여자,50 - 59세,경기도,기타,사진촬영,계약불이행(불완전이행)
2023038562,2023-07-25,여자,70 - 79세,부산광역시,기타통신판매,화장품세트,청약철회
2023038565,2023-07-25,남자,30 - 39세,경기도,일반판매,축전지,안전(제품/시설)
2023038567,2023-07-25,여자,40 - 49세,경기도,TV홈쇼핑,원피스,계약불이행(불완전이행)
2023038568,2023-07-25,여자,10 - 19세,대전광역시,일반판매,헬스장,계약해제.해지/위약금
2023038569,2023-07-25,남자,40 - 49세,서울특별시,국내온라인거래,인터넷교육서비스,계약해제.해지/위약금
2023038570,2023-07-25,여자,30 - 39세,경기도,국내온라인거래,기타조리기기·기구,계약불이행(불완전이행)
2023038571,2023-07-25,여자,20 - 29세,인천광역시,국내온라인거래,기타간편복,청약철회
2023038573,2023-07-25,남자,30 - 39세,경기도,국내온라인거래,기타관람·감상,청약철회
2023038574,2023-07-25,여자,40 - 49세,서울특별시,기타,기타방문·통신교육서비스,계약해제.해지/위약금
2023038575,2023-07-25,남자,30 - 39세,경기도,일반판매,유통시설이용,안전(제품/시설)
2023038576,2023-07-25,남자,30 - 39세,서울특별시,국내온라인거래,인터넷정보이용서비스,계약해제.해지/위약금
2023038577,2023-07-25,여자,50 - 59세,경기도,일반판매,골프용품,품질(물품/용역)
2023038578,2023-07-25,여자,50 - 59세,서울특별시,일반판매,티셔츠,품질(물품/용역)
2023038579,2023-07-25,여자,65 - 69세,경기도,일반판매,캐주얼바지,품질(물품/용역)
2023038580,2023-07-25,남자,30 - 39세,경기도,국내온라인거래,운동화,표시.광고
2023038581,2023-07-25,여자,40 - 49세,경상북도,국내온라인거래,양복(서양식 의복)세탁,품질(물품/용역)
2023038582,2023-07-25,여자,20 - 29세,서울특별시,일반판매,캐주얼바지,품질(물품/용역)
2023038583,2023-07-25,남자,30 - 39세,제주도,국내온라인거래,국내여행,계약해제.해지/위약금
2023038584,2023-07-25,남자,50 - 59세,서울특별시,전화권유판매,유사투자자문,계약해제.해지/위약금
2023038585,2023-07-25,남자,70 - 79세,경기도,일반판매,실손보험,품질(물품/용역)
2023038587,2023-07-25,남자,30 - 39세,세종특별자치시,국내온라인거래,기타컴퓨터·주변기기,AS불만
2023038588,2023-07-25,남자,50 - 59세,서울특별시,전화권유판매,유사투자자문,계약해제.해지/위약금
2023038589,2023-07-25,여자,20 - 29세,서울특별시,일반판매,헬스장,계약해제.해지/위약금
2023038590,2023-07-25,여자,20 - 29세,충청남도,일반판매,헬스장,계약해제.해지/위약금
2023038591,2023-07-25,여자,80세이상,경기도,일반판매,상조서비스,계약불이행(불완전이행)
2023038592,2023-07-25,남자,30 - 39세,강원특별자치도,일반판매,자동차수리·점검,품질(물품/용역)
2023038593,2023-07-25,여자,40 - 49세,경기도,국내온라인거래,쇠고기포장육,품질(물품/용역)
2023038594,2023-07-25,여자,30 - 39세,서울특별시,국내온라인거래,원피스,계약해제.해지/위약금
2023038595,2023-07-25,여자,50 - 59세,경기도,일반판매,피부·체형관리서비스,계약불이행(불완전이행)
2023038596,2023-07-25,여자,20 - 29세,경상남도,일반판매,필라테스,계약해제.해지/위약금
2023038597,2023-07-25,남자,40 - 49세,경기도,일반판매,스마트폰,AS불만
2023038598,2023-07-25,남자,30 - 39세,서울특별시,기타,호텔,계약해제.해지/위약금
2023038599,2023-07-25,여자,20 - 29세,대전광역시,일반판매,피부·체형관리서비스,계약해제.해지/위약금
2023038600,2023-07-25,남자,30 - 39세,경기도,소셜커머스(쇼핑),자동차대여(렌트),청약철회
2023038601,2023-07-25,남자,30 - 39세,대구광역시,일반판매,룸에어컨,품질(물품/용역)
2023038602,2023-07-25,여자,65 - 69세,서울특별시,일반판매,핸드백,품질(물품/용역)
2023038603,2023-07-25,남자,60 - 64세,서울특별시,국내온라인거래,전동킥보드,계약불이행(불완전이행)
2023038604,2023-07-25,남자,70 - 79세,대구광역시,TV홈쇼핑,기타육류·육류가공식품,부당행위
2023038605,2023-07-25,남자,30 - 39세,서울특별시,국내온라인거래,기타미분류서비스,품질(물품/용역)
2023038607,2023-07-25,남자,30 - 39세,경기도,국내온라인거래,타이어,계약불이행(불완전이행)
2023038608,2023-07-25,여자,60 - 64세,대구광역시,일반판매,정형외과,품질(물품/용역)
2023038609,2023-07-25,여자,30 - 39세,광주광역시,국내온라인거래,기타식품류,품질(물품/용역)
2023038610,2023-07-25,남자,70 - 79세,대전광역시,일반판매,정형외과,품질(물품/용역)
2023038611,2023-07-25,여자,50 - 59세,울산광역시,일반판매,마취통증의학과,품질(물품/용역)
2023038612,2023-07-25,남자,20 - 29세,경기도,일반판매,이비인후과,품질(물품/용역)
2023038613,2023-07-25,여자,30 - 39세,경기도,일반판매,피부과,계약불이행(불완전이행)
2023038614,2023-07-25,여자,불명,대전광역시,국내온라인거래,호텔,계약해제.해지/위약금
2023038616,2023-07-25,여자,30 - 39세,대구광역시,일반판매,핸드백,품질(물품/용역)
2023038617,2023-07-25,남자,50 - 59세,강원특별자치도,일반판매,사기그릇,품질(물품/용역)
2023038618,2023-07-25,남자,30 - 39세,서울특별시,일반판매,헬스장,계약해제.해지/위약금
2023038620,2023-07-25,남자,50 - 59세,경상남도,국내온라인거래,기타과일·과일가공식품,청약철회
2023038621,2023-07-25,남자,30 - 39세,서울특별시,일반판매,자동차보험,계약불이행(불완전이행)
2023038622,2023-07-25,여자,40 - 49세,경기도,국내온라인거래,의자,청약철회
2023038623,2023-07-25,남자,50 - 59세,전라남도,일반판매,기타가구,계약불이행(불완전이행)
2023038624,2023-07-25,여자,불명,경상남도,일반판매,핸드백,품질(물품/용역)
2023038625,2023-07-25,여자,20 - 29세,경기도,일반판매,이동전화서비스,계약불이행(불완전이행)
2023038626,2023-07-25,여자,30 - 39세,서울특별시,일반판매,피부과,계약해제.해지/위약금
2023038627,2023-07-25,남자,30 - 39세,경상북도,모바일거래,택배화물운송서비스,계약불이행(불완전이행)
2023038628,2023-07-25,여자,50 - 59세,충청북도,일반판매,캐주얼바지,품질(물품/용역)
2023038629,2023-07-25,남자,20 - 29세,서울특별시,일반판매,헬스장,계약해제.해지/위약금
2023038630,2023-07-25,남자,60 - 64세,대전광역시,일반판매,골프회원권,계약해제.해지/위약금
2023038631,2023-07-25,남자,50 - 59세,경기도,기타,정수기대여(렌트),계약해제.해지/위약금
2023038632,2023-07-25,여자,20 - 29세,서울특별시,일반판매,필라테스,계약해제.해지/위약금
2023038633,2023-07-25,여자,70 - 79세,부산광역시,기타,신경외과,품질(물품/용역)
2023038634,2023-07-25,남자,60 - 64세,경기도,방문판매,룸에어컨,계약불이행(불완전이행)
2023038635,2023-07-25,여자,65 - 69세,서울특별시,일반판매,어패류젓갈,계약해제.해지/위약금
2023038636,2023-07-25,여자,30 - 39세,경기도,국내온라인거래,항공여객운송서비스,계약불이행(불완전이행)
2023038637,2023-07-25,남자,65 - 69세,경기도,국내온라인거래,기타의류·섬유,청약철회
2023038639,2023-07-25,여자,40 - 49세,서울특별시,국내온라인거래,티셔츠,품질(물품/용역)
2023038640,2023-07-25,남자,30 - 39세,충청남도,국내온라인거래,항공여객운송서비스,계약해제.해지/위약금
2023038641,2023-07-25,여자,50 - 59세,부산광역시,국내온라인거래,레저·이벤트회원권,계약불이행(불완전이행)
2023038642,2023-07-25,여자,50 - 59세,경기도,일반판매,택배화물운송서비스,계약불이행(불완전이행)
2023038643,2023-07-25,여자,30 - 39세,충청북도,기타통신판매,룸에어컨,계약불이행(불완전이행)
2023038644,2023-07-25,남자,20 - 29세,경기도,소셜커머스(쇼핑),항공여객운송서비스,계약불이행(불완전이행)
2023038645,2023-07-25,여자,40 - 49세,경기도,일반판매,양복(서양식 의복)세탁,품질(물품/용역)
2023038646,2023-07-25,남자,60 - 64세,서울특별시,국내온라인거래,항공여객운송서비스,계약불이행(불완전이행)
2023038647,2023-07-25,여자,40 - 49세,서울특별시,일반판매,수영장회원권,안전(제품/시설)
2023038648,2023-07-25,여자,40 - 49세,경기도,기타,피부·체형관리서비스,계약해제.해지/위약금
2023038649,2023-07-25,여자,불명,광주광역시,국내온라인거래,신유형상품권,계약불이행(불완전이행)
2023038650,2023-07-25,남자,20 - 29세,경기도,방문판매,자동차대여(렌트),AS불만
2023038651,2023-07-25,여자,30 - 39세,전라남도,방문판매,기타방문·통신교육서비스,계약해제.해지/위약금
2023038652,2023-07-25,여자,30 - 39세,대전광역시,전화권유판매,기타정보이용서비스,계약불이행(불완전이행)
2023038653,2023-07-25,여자,40 - 49세,인천광역시,일반판매,종합체육시설회원권,계약해제.해지/위약금
2023038654,2023-07-25,여자,30 - 39세,대구광역시,일반판매,헬스장,계약해제.해지/위약금
2023038655,2023-07-25,여자,40 - 49세,경기도,일반판매,스마트폰,품질(물품/용역)
2023038656,2023-07-25,여자,30 - 39세,경기도,기타,필라테스,계약해제.해지/위약금
2023038657,2023-07-25,여자,30 - 39세,경기도,일반판매,종합체육시설회원권,계약해제.해지/위약금
2023038658,2023-07-25,남자,30 - 39세,충청북도,기타,건물청소서비스,부당행위
2023038659,2023-07-25,여자,40 - 49세,부산광역시,국내온라인거래,모바일게임서비스,무능력자계약
2023038660,2023-07-25,남자,30 - 39세,서울특별시,전화권유판매,기타교육서비스,계약불이행(불완전이행)
2023038661,2023-07-25,남자,40 - 49세,인천광역시,일반판매,도배공사,품질(물품/용역)
2023038662,2023-07-25,남자,40 - 49세,경기도,국내온라인거래,레저·이벤트회원권,계약해제.해지/위약금
2023038663,2023-07-25,남자,20 - 29세,경기도,모바일거래,기타숙박시설,청약철회
2023038664,2023-07-25,여자,40 - 49세,경기도,국내온라인거래,기타책상·테이블류,품질(물품/용역)
2023038665,2023-07-25,여자,20 - 29세,서울특별시,일반판매,헬스장,계약해제.해지/위약금
2023038666,2023-07-25,여자,30 - 39세,인천광역시,국내온라인거래,인터넷교육서비스,청약철회
2023038667,2023-07-25,여자,40 - 49세,경기도,국내온라인거래,전기장판,품질(물품/용역)
2023038668,2023-07-25,남자,30 - 39세,충청남도,전화권유판매,방범경보장치,계약불이행(불완전이행)
2023038669,2023-07-25,여자,20 - 29세,서울특별시,일반판매,헬스장,계약해제.해지/위약금
2023038670,2023-07-25,남자,40 - 49세,인천광역시,일반판매,소파,품질(물품/용역)
2023038671,2023-07-25,여자,20 - 29세,광주광역시,국내온라인거래,인터넷정보이용서비스,청약철회
2023038672,2023-07-25,여자,40 - 49세,부산광역시,기타,아파트,가격.요금
2023038673,2023-07-25,남자,30 - 39세,경기도,일반판매,"연회서비스(돌잔치,회갑 등)",계약해제.해지/위약금
2023038674,2023-07-25,여자,30 - 39세,인천광역시,국내온라인거래,기타숙박시설,계약해제.해지/위약금
2023038675,2023-07-25,여자,40 - 49세,서울특별시,국내온라인거래,항공여객운송서비스,계약해제.해지/위약금
2023038676,2023-07-25,남자,30 - 39세,서울특별시,국내온라인거래,모자,품질(물품/용역)
2023038677,2023-07-25,남자,40 - 49세,전라북도,기타,초고속인터넷,품질(물품/용역)
2023038678,2023-07-25,남자,65 - 69세,경기도,기타통신판매,초고속인터넷,계약해제.해지/위약금
2023038680,2023-07-25,남자,50 - 59세,경기도,국내온라인거래,마이크,표시.광고
2023038681,2023-07-25,여자,40 - 49세,경상남도,기타통신판매,이동전화서비스,부당행위
2023038682,2023-07-25,남자,60 - 64세,전라북도,기타,가스보일러,AS불만
2023038683,2023-07-25,남자,30 - 39세,서울특별시,국제온라인거래,기타화물운송서비스,품질(물품/용역)
2023038684,2023-07-25,여자,20 - 29세,서울특별시,일반판매,헬스장,계약해제.해지/위약금
2023038685,2023-07-25,남자,40 - 49세,경기도,일반판매,시계,품질(물품/용역)
2023038686,2023-07-25,남자,50 - 59세,서울특별시,국내온라인거래,항공여객운송서비스,계약불이행(불완전이행)
2023038687,2023-07-25,여자,40 - 49세,서울특별시,방문판매,헬스장,계약해제.해지/위약금
2023038688,2023-07-25,남자,60 - 64세,경기도,일반판매,룸에어컨,품질(물품/용역)
2023038689,2023-07-25,여자,30 - 39세,인천광역시,일반판매,다이어트식품,청약철회
2023038690,2023-07-25,남자,30 - 39세,경기도,일반판매,일반강습(입시학원등),계약해제.해지/위약금
2023038691,2023-07-25,남자,30 - 39세,서울특별시,국내온라인거래,샴푸,품질(물품/용역)
2023038692,2023-07-25,여자,불명,경기도,국내온라인거래,기타숙박시설,거래관행
2023038693,2023-07-25,여자,50 - 59세,서울특별시,국내온라인거래,셔츠,품질(물품/용역)
2023038694,2023-07-25,남자,60 - 64세,서울특별시,국내온라인거래,국외여행,품질(물품/용역)
2023038695,2023-07-25,남자,40 - 49세,서울특별시,국제온라인거래,인터넷교육서비스,계약해제.해지/위약금
2023038696,2023-07-25,남자,30 - 39세,부산광역시,국내온라인거래,기타컴퓨터·주변기기,청약철회
2023038697,2023-07-25,남자,50 - 59세,대구광역시,국내온라인거래,TV,품질(물품/용역)
2023038698,2023-07-25,남자,50 - 59세,부산광역시,국내온라인거래,항공여객운송서비스,계약불이행(불완전이행)
2023038699,2023-07-25,여자,30 - 39세,서울특별시,소셜커머스(쇼핑),기타간편복,청약철회
2023038700,2023-07-25,남자,50 - 59세,경기도,일반판매,골프용품,AS불만
2023038701,2023-07-25,남자,30 - 39세,경기도,국내온라인거래,항공여객운송서비스,계약해제.해지/위약금
2023038702,2023-07-25,여자,40 - 49세,대구광역시,기타,일반강습(입시학원등),계약해제.해지/위약금
2023038703,2023-07-25,남자,30 - 39세,경기도,국내온라인거래,기타미분류서비스,계약해제.해지/위약금
2023038704,2023-07-25,여자,30 - 39세,서울특별시,기타,기타교육서비스,계약해제.해지/위약금
2023038705,2023-07-25,남자,불명,경기도,일반판매,남자용한복,품질(물품/용역)
2023038706,2023-07-25,남자,20 - 29세,경기도,국내온라인거래,작동완구,계약불이행(불완전이행)
2023038707,2023-07-25,남자,30 - 39세,경기도,국내온라인거래,소파,계약해제.해지/위약금
2023038708,2023-07-25,여자,20 - 29세,대전광역시,일반판매,헬스장,계약해제.해지/위약금
2023038709,2023-07-25,여자,40 - 49세,대전광역시,일반판매,필라테스,계약불이행(불완전이행)
2023038710,2023-07-25,남자,30 - 39세,경기도,방문판매,컴퓨터수리,품질(물품/용역)
2023038711,2023-07-25,여자,30 - 39세,서울특별시,국내온라인거래,기타일반화장품,품질(물품/용역)
2023038712,2023-07-25,여자,20 - 29세,경기도,일반판매,헬스장,계약해제.해지/위약금
2023038713,2023-07-25,여자,65 - 69세,경기도,일반판매,종합체육시설회원권,계약해제.해지/위약금
2023038714,2023-07-25,남자,30 - 39세,서울특별시,일반판매,헬스장,계약해제.해지/위약금
2023038715,2023-07-25,여자,40 - 49세,경상남도,국내온라인거래,통신기기케이스,청약철회
2023038716,2023-07-25,남자,65 - 69세,서울특별시,일반판매,종합체육시설회원권,계약해제.해지/위약금
2023038717,2023-07-25,여자,40 - 49세,경기도,국내온라인거래,점퍼·재킷류,부당행위
2023038718,2023-07-25,여자,30 - 39세,전라남도,국내온라인거래,기타신발·용품,청약철회
2023038719,2023-07-25,여자,30 - 39세,서울특별시,일반판매,기타숙박시설,계약해제.해지/위약금
2023038720,2023-07-25,남자,30 - 39세,경기도,국내온라인거래,인터넷교육서비스,계약불이행(불완전이행)
2023038721,2023-07-25,여자,10 - 19세,인천광역시,일반판매,미용서비스,품질(물품/용역)
2023038722,2023-07-25,남자,20 - 29세,인천광역시,일반판매,건물청소서비스,계약불이행(불완전이행)
2023038723,2023-07-25,남자,30 - 39세,경기도,일반판매,사진촬영,가격.요금
2023038724,2023-07-25,남자,50 - 59세,대구광역시,일반판매,아파트,계약해제.해지/위약금
2023038725,2023-07-25,여자,20 - 29세,부산광역시,일반판매,헬스장,계약해제.해지/위약금
2023038726,2023-07-25,여자,20 - 29세,경기도,일반판매,종합체육시설회원권,계약해제.해지/위약금
2023038727,2023-07-25,남자,30 - 39세,서울특별시,일반판매,종합체육시설회원권,계약해제.해지/위약금
2023038728,2023-07-25,남자,30 - 39세,서울특별시,국내온라인거래,미분류대여(렌트),부당채권추심
2023038729,2023-07-25,여자,50 - 59세,서울특별시,국내온라인거래,기타침구류,품질(물품/용역)
2023038730,2023-07-25,남자,20 - 29세,경기도,방문판매,기타민영보험,부당행위
2023038731,2023-07-25,남자,30 - 39세,경기도,일반판매,헬스장,계약해제.해지/위약금
2023038732,2023-07-25,남자,50 - 59세,전라남도,기타,학습지,계약해제.해지/위약금
2023038733,2023-07-25,여자,20 - 29세,경기도,일반판매,미용서비스,품질(물품/용역)
2023038734,2023-07-25,여자,30 - 39세,경기도,일반판매,미용서비스,계약불이행(불완전이행)
2023038735,2023-07-25,여자,30 - 39세,서울특별시,일반판매,필라테스,계약해제.해지/위약금
2023038736,2023-07-25,여자,30 - 39세,경기도,방문판매,기타가방,청약철회
2023038737,2023-07-25,남자,50 - 59세,경기도,국내온라인거래,국외여행,계약해제.해지/위약금
2023038738,2023-07-25,여자,30 - 39세,강원특별자치도,기타,기타세탁서비스,계약불이행(불완전이행)
2023038739,2023-07-25,남자,30 - 39세,서울특별시,일반판매,헬스장,계약해제.해지/위약금
2023038740,2023-07-25,여자,20 - 29세,서울특별시,일반판매,요가,계약해제.해지/위약금
2023038741,2023-07-25,여자,20 - 29세,경기도,모바일거래,스포츠웨어,청약철회
2023038742,2023-07-25,여자,30 - 39세,경기도,소셜커머스(쇼핑),핸드백,청약철회
2023038743,2023-07-25,여자,20 - 29세,서울특별시,일반판매,양복(서양식 의복)세탁,품질(물품/용역)
2023038744,2023-07-25,여자,30 - 39세,부산광역시,일반판매,기타사설강습서비스,계약해제.해지/위약금
2023038745,2023-07-25,남자,20 - 29세,부산광역시,국제온라인거래,기타가방,계약해제.해지/위약금
2023038746,2023-07-25,여자,20 - 29세,인천광역시,모바일거래,헬스장,계약해제.해지/위약금
2023038747,2023-07-25,남자,30 - 39세,서울특별시,국내온라인거래,점퍼·재킷류,품질(물품/용역)
2023038748,2023-07-25,여자,30 - 39세,경기도,일반판매,"연회서비스(돌잔치,회갑 등)",계약해제.해지/위약금
2023038749,2023-07-25,남자,65 - 69세,경기도,일반판매,초고속인터넷,가격.요금
2023038750,2023-07-25,남자,20 - 29세,충청북도,일반판매,고시원이용,부당행위
2023038751,2023-07-25,여자,50 - 59세,경기도,국내온라인거래,부엌용합성세제,품질(물품/용역)
2023038752,2023-07-25,여자,40 - 49세,경기도,기타,필라테스,계약해제.해지/위약금
2023038753,2023-07-25,여자,20 - 29세,경기도,모바일거래,펜션,계약해제.해지/위약금
2023038754,2023-07-25,남자,40 - 49세,경기도,일반판매,국내결혼중개,계약해제.해지/위약금
2023038756,2023-07-25,여자,40 - 49세,경기도,일반판매,인터넷교육서비스,계약해제.해지/위약금
2023038757,2023-07-25,남자,40 - 49세,충청남도,기타,스마트폰,AS불만
2023038758,2023-07-25,남자,50 - 59세,서울특별시,전화권유판매,이동전화서비스,가격.요금
2023038759,2023-07-26,남자,30 - 39세,경기도,국내온라인거래,미분류대여(렌트),계약해제.해지/위약금
2023038760,2023-07-26,여자,30 - 39세,대구광역시,국내온라인거래,기타가방,청약철회
2023038761,2023-07-26,여자,30 - 39세,경상남도,국내온라인거래,기타여행,계약해제.해지/위약금
2023038762,2023-07-26,여자,40 - 49세,경기도,국제온라인거래,원피스,청약철회
2023038763,2023-07-26,남자,40 - 49세,부산광역시,기타,기타숙박시설,계약해제.해지/위약금
2023038764,2023-07-26,남자,20 - 29세,인천광역시,전화권유판매,콘도회원권,계약해제.해지/위약금
2023038765,2023-07-26,여자,30 - 39세,울산광역시,일반판매,미용서비스,계약해제.해지/위약금
2023038766,2023-07-26,여자,20 - 29세,인천광역시,기타통신판매,애완고양이,계약해제.해지/위약금
2023038767,2023-07-26,여자,65 - 69세,서울특별시,일반판매,기타가구,품질(물품/용역)
2023038768,2023-07-26,남자,70 - 79세,대구광역시,기타통신판매,신사화(구두·부츠 등),계약불이행(불완전이행)
2023038769,2023-07-26,남자,20 - 29세,경상북도,국내온라인거래,트레이닝기구,품질(물품/용역)
2023038770,2023-07-26,여자,40 - 49세,경기도,일반판매,보석·귀금속,계약불이행(불완전이행)
2023038771,2023-07-26,남자,20 - 29세,대전광역시,국내온라인거래,펜션,품질(물품/용역)
2023038772,2023-07-26,여자,20 - 29세,충청북도,국내온라인거래,핸드백,계약해제.해지/위약금
2023038773,2023-07-26,남자,40 - 49세,경상남도,소셜커머스(쇼핑),태블릿PC,계약불이행(불완전이행)
2023038774,2023-07-26,여자,20 - 29세,인천광역시,일반판매,피부·체형관리서비스,계약해제.해지/위약금
2023038775,2023-07-26,여자,40 - 49세,대구광역시,일반판매,타이어,부당행위
2023038776,2023-07-26,여자,30 - 39세,전라남도,국내온라인거래,펜션,계약해제.해지/위약금
2023038778,2023-07-26,여자,70 - 79세,경상북도,기타통신판매,기타건강식품,품질(물품/용역)
2023038779,2023-07-26,남자,50 - 59세,부산광역시,기타통신판매,미분류대여(렌트),청약철회
2023038780,2023-07-26,남자,50 - 59세,경기도,국내온라인거래,냉장고,AS불만
2023038781,2023-07-26,여자,65 - 69세,부산광역시,일반판매,샌들·슬리퍼,품질(물품/용역)
2023038782,2023-07-26,남자,40 - 49세,대구광역시,전화권유판매,상조서비스,청약철회
2023038783,2023-07-26,남자,불명,대구광역시,국내온라인거래,운동화,품질(물품/용역)
2023038784,2023-07-26,여자,30 - 39세,강원특별자치도,일반판매,산후조리원,계약불이행(불완전이행)
2023038785,2023-07-26,여자,30 - 39세,서울특별시,일반판매,피부과,계약해제.해지/위약금
2023038786,2023-07-26,남자,40 - 49세,서울특별시,국내온라인거래,항공여객운송서비스,계약불이행(불완전이행)
2023038787,2023-07-26,여자,40 - 49세,경기도,전화권유판매,유사투자자문,계약해제.해지/위약금
2023038788,2023-07-26,남자,40 - 49세,부산광역시,일반판매,상해보험,계약불이행(불완전이행)
2023038789,2023-07-26,여자,50 - 59세,울산광역시,일반판매,샌들·슬리퍼,품질(물품/용역)
2023038790,2023-07-26,여자,50 - 59세,서울특별시,국내온라인거래,소파,품질(물품/용역)
2023038791,2023-07-26,남자,불명,인천광역시,일반판매,고시원이용,계약불이행(불완전이행)
2023038792,2023-07-26,남자,65 - 69세,서울특별시,일반판매,포장이사운송서비스,품질(물품/용역)
2023038794,2023-07-26,남자,65 - 69세,부산광역시,일반판매,축전지,품질(물품/용역)
2023038795,2023-07-26,여자,40 - 49세,경기도,방문판매,인터넷교육서비스,계약해제.해지/위약금
2023038796,2023-07-26,남자,40 - 49세,전라북도,국내온라인거래,기타간편복,품질(물품/용역)
2023038797,2023-07-26,남자,40 - 49세,경기도,소셜커머스(쇼핑),일반자전거,품질(물품/용역)
2023038799,2023-07-26,남자,불명,경기도,국내온라인거래,항공여객운송서비스,청약철회
2023038800,2023-07-26,남자,30 - 39세,서울특별시,일반판매,케이크,계약불이행(불완전이행)
2023038801,2023-07-26,남자,30 - 39세,경기도,국내온라인거래,침대,계약불이행(불완전이행)
2023038802,2023-07-26,남자,40 - 49세,경기도,기타통신판매,유사투자자문,계약불이행(불완전이행)
2023038803,2023-07-26,여자,40 - 49세,전라남도,일반판매,신경외과,품질(물품/용역)
2023038804,2023-07-26,남자,30 - 39세,서울특별시,일반판매,치과,품질(물품/용역)
2023038805,2023-07-26,남자,65 - 69세,경상남도,일반판매,양복(서양식 의복)세탁,품질(물품/용역)
2023038806,2023-07-26,남자,불명,경기도,일반판매,기타간편복,품질(물품/용역)
2023038807,2023-07-26,남자,30 - 39세,서울특별시,일반판매,자동차수리·점검,계약불이행(불완전이행)
2023038808,2023-07-26,남자,10 - 19세,경상북도,국내온라인거래,호텔,무능력자계약
2023038809,2023-07-26,남자,20 - 29세,서울특별시,일반판매,항공여객운송서비스,계약불이행(불완전이행)
2023038810,2023-07-26,남자,65 - 69세,인천광역시,일반판매,운동화,품질(물품/용역)
2023038811,2023-07-26,여자,30 - 39세,경기도,기타통신판매,인터넷정보이용서비스,계약불이행(불완전이행)
2023038812,2023-07-26,여자,50 - 59세,부산광역시,일반판매,TV,품질(물품/용역)
2023038813,2023-07-26,여자,30 - 39세,서울특별시,일반판매,사진촬영,계약해제.해지/위약금
2023038814,2023-07-26,남자,40 - 49세,충청북도,국내온라인거래,전자게임기구,청약철회
2023038815,2023-07-26,남자,30 - 39세,울산광역시,일반판매,의류수선,계약불이행(불완전이행)
2023038816,2023-07-26,남자,30 - 39세,인천광역시,국내온라인거래,전문스포츠화(축구화·골프화 등),계약불이행(불완전이행)
2023038817,2023-07-26,여자,20 - 29세,서울특별시,국내온라인거래,항공여객운송서비스,계약불이행(불완전이행)
2023038818,2023-07-26,여자,30 - 39세,경기도,기타통신판매,기타수선·염색서비스,품질(물품/용역)
2023038819,2023-07-26,여자,40 - 49세,서울특별시,국내온라인거래,기타문화·오락시설이용,계약해제.해지/위약금
2023038822,2023-07-26,여자,50 - 59세,경기도,기타,치과,품질(물품/용역)
2023038823,2023-07-26,여자,50 - 59세,경기도,기타,치과,품질(물품/용역)
2023038824,2023-07-26,여자,60 - 64세,경기도,기타,치과,품질(물품/용역)
2023038825,2023-07-26,여자,65 - 69세,서울특별시,기타,신경외과,품질(물품/용역)
2023038826,2023-07-26,여자,65 - 69세,경기도,일반판매,양복(서양식 의복)세탁,품질(물품/용역)
2023038827,2023-07-26,남자,불명,경기도,국내온라인거래,닭고기포장육,안전(제품/시설)
2023038828,2023-07-26,여자,30 - 39세,경기도,소셜커머스(쇼핑),여자용내의류,표시.광고
2023038829,2023-07-26,남자,30 - 39세,경기도,국내온라인거래,소파,품질(물품/용역)
2023038831,2023-07-26,여자,50 - 59세,경기도,국내온라인거래,양복(서양식 의복)세탁,품질(물품/용역)
2023038832,2023-07-26,여자,50 - 59세,서울특별시,기타통신판매,국외여행,계약해제.해지/위약금
2023038833,2023-07-26,남자,30 - 39세,서울특별시,일반판매,정수기대여(렌트),계약불이행(불완전이행)
2023038834,2023-07-26,남자,40 - 49세,전라북도,국내온라인거래,항공여객운송서비스,계약불이행(불완전이행)
2023038835,2023-07-26,남자,70 - 79세,충청북도,국내온라인거래,기타농업용기계,계약불이행(불완전이행)
2023038836,2023-07-26,남자,60 - 64세,강원특별자치도,국내온라인거래,인터넷정보이용서비스,계약해제.해지/위약금
2023038837,2023-07-26,여자,40 - 49세,경기도,소셜커머스(쇼핑),떡류,계약불이행(불완전이행)
2023038838,2023-07-26,여자,20 - 29세,광주광역시,일반판매,예식서비스,계약해제.해지/위약금
2023038839,2023-07-26,여자,20 - 29세,서울특별시,일반판매,피부과,품질(물품/용역)
2023038840,2023-07-26,여자,50 - 59세,경기도,일반판매,정형외과,품질(물품/용역)
2023038842,2023-07-26,남자,60 - 64세,경기도,일반판매,포장이사운송서비스,계약불이행(불완전이행)
2023038843,2023-07-26,여자,30 - 39세,대전광역시,일반판매,헬스장,계약해제.해지/위약금
2023038844,2023-07-26,남자,40 - 49세,서울특별시,일반판매,코트,품질(물품/용역)
2023038845,2023-07-26,남자,30 - 39세,서울특별시,국내온라인거래,세면설비,청약철회
2023038846,2023-07-26,남자,30 - 39세,서울특별시,기타,소형승용자동차,계약불이행(불완전이행)
2023038847,2023-07-26,여자,60 - 64세,전라북도,일반판매,자동차주유,단순문의.상담
2023038848,2023-07-26,남자,60 - 64세,경상북도,일반판매,스마트폰,품질(물품/용역)
2023038849,2023-07-26,여자,50 - 59세,서울특별시,국내온라인거래,티셔츠,품질(물품/용역)
2023038850,2023-07-26,남자,30 - 39세,경상남도,기타,실손보험,계약불이행(불완전이행)
2023038851,2023-07-26,남자,20 - 29세,경상남도,일반판매,신발세탁,품질(물품/용역)
2023038852,2023-07-26,여자,50 - 59세,인천광역시,일반판매,양복(서양식 의복)세탁,품질(물품/용역)
2023038853,2023-07-26,여자,30 - 39세,경기도,국내온라인거래,샌들·슬리퍼,품질(물품/용역)
2023038854,2023-07-26,남자,60 - 64세,경기도,일반판매,국내결혼중개,품질(물품/용역)
2023038855,2023-07-26,여자,60 - 64세,전라북도,일반판매,티셔츠,품질(물품/용역)
2023038856,2023-07-26,남자,30 - 39세,서울특별시,기타,카셰어링,계약불이행(불완전이행)
2023038857,2023-07-26,여자,50 - 59세,서울특별시,일반판매,운동화,품질(물품/용역)
2023038858,2023-07-26,남자,30 - 39세,경기도,일반판매,자동차대여(렌트),품질(물품/용역)
2023038859,2023-07-26,여자,30 - 39세,경기도,일반판매,산후조리원,부당행위
2023038860,2023-07-26,여자,40 - 49세,광주광역시,일반판매,점퍼·재킷류,품질(물품/용역)
2023038861,2023-07-26,남자,50 - 59세,서울특별시,일반판매,운동화,품질(물품/용역)
2023038862,2023-07-26,남자,40 - 49세,경기도,모바일거래,중형승용자동차,부당행위
2023038863,2023-07-26,남자,65 - 69세,인천광역시,일반판매,자동차수리·점검,AS불만
2023038864,2023-07-26,여자,불명,부산광역시,일반판매,핸드백,품질(물품/용역)
2023038865,2023-07-26,남자,50 - 59세,전라북도,기타,인터넷교육서비스,계약불이행(불완전이행)
2023038866,2023-07-26,여자,30 - 39세,경기도,방문판매,피부·체형관리서비스,청약철회
2023038867,2023-07-26,여자,50 - 59세,경기도,일반판매,스커트,품질(물품/용역)
2023038868,2023-07-26,남자,40 - 49세,충청북도,일반판매,골프회원권,계약해제.해지/위약금
2023038869,2023-07-26,여자,30 - 39세,서울특별시,소셜커머스(쇼핑),기타인테리어설비,계약해제.해지/위약금
2023038870,2023-07-26,남자,65 - 69세,서울특별시,일반판매,차량용블랙박스,계약해제.해지/위약금
2023038871,2023-07-26,여자,30 - 39세,서울특별시,일반판매,정형외과,품질(물품/용역)
2023038872,2023-07-26,여자,30 - 39세,전라북도,방문판매,기타방문·통신교육서비스,계약해제.해지/위약금
2023038873,2023-07-26,여자,40 - 49세,서울특별시,기타,일반강습(입시학원등),계약불이행(불완전이행)
2023038874,2023-07-26,남자,40 - 49세,경기도,국제온라인거래,항공여객운송서비스,계약해제.해지/위약금
2023038875,2023-07-26,남자,30 - 39세,서울특별시,국내온라인거래,신사화(구두·부츠 등),청약철회
2023038876,2023-07-26,여자,30 - 39세,대구광역시,소셜커머스(쇼핑),캐주얼바지,청약철회
2023038877,2023-07-26,여자,40 - 49세,부산광역시,국내온라인거래,기타의류·섬유,청약철회
2023038878,2023-07-26,여자,30 - 39세,대전광역시,방문판매,재봉틀,AS불만
2023038879,2023-07-26,남자,40 - 49세,인천광역시,일반판매,포장이사운송서비스,품질(물품/용역)
2023038880,2023-07-26,남자,30 - 39세,경기도,방문판매,결혼준비대행서비스,청약철회
2023038881,2023-07-26,여자,70 - 79세,부산광역시,TV홈쇼핑,선탠·선스크린화장품,품질(물품/용역)
2023038882,2023-07-26,여자,40 - 49세,경기도,일반판매,정수기대여(렌트),계약불이행(불완전이행)
2023038883,2023-07-26,여자,30 - 39세,대구광역시,국내온라인거래,기타신발·용품,청약철회
2023038884,2023-07-26,여자,30 - 39세,광주광역시,기타,유아용교재,계약해제.해지/위약금
2023038885,2023-07-26,여자,30 - 39세,서울특별시,기타,필라테스,계약해제.해지/위약금
2023038886,2023-07-26,여자,60 - 64세,경기도,일반판매,기타인테리어설비,품질(물품/용역)
2023038887,2023-07-26,남자,30 - 39세,경기도,기타통신판매,기타옥외장비·설비,표시.광고
2023038888,2023-07-26,남자,40 - 49세,경기도,기타,헬스장,계약해제.해지/위약금
2023038889,2023-07-26,여자,40 - 49세,경상북도,일반판매,필라테스,계약불이행(불완전이행)
2023038890,2023-07-26,남자,50 - 59세,인천광역시,국내온라인거래,가발,청약철회
2023038891,2023-07-26,남자,30 - 39세,강원특별자치도,방문판매,콘도회원권,계약해제.해지/위약금
2023038892,2023-07-26,남자,40 - 49세,경기도,국제온라인거래,"OTT서비스(넷플릭스,왓챠 등)",계약해제.해지/위약금
2023038893,2023-07-26,여자,20 - 29세,서울특별시,국내온라인거래,국외여행,계약불이행(불완전이행)
2023038894,2023-07-26,여자,20 - 29세,충청북도,기타,정수기대여(렌트),품질(물품/용역)
2023038895,2023-07-26,여자,40 - 49세,대구광역시,국내온라인거래,영화관람,계약해제.해지/위약금
2023038896,2023-07-26,여자,30 - 39세,경기도,국내온라인거래,펜션,계약해제.해지/위약금
2023038897,2023-07-26,여자,20 - 29세,서울특별시,기타,기타건축자재,AS불만
2023038898,2023-07-26,남자,20 - 29세,광주광역시,방문판매,헬스장,계약해제.해지/위약금
2023038899,2023-07-26,여자,20 - 29세,광주광역시,방문판매,헬스장,계약해제.해지/위약금
2023038900,2023-07-26,남자,60 - 64세,제주도,일반판매,기타유사보험,계약불이행(불완전이행)
2023038901,2023-07-26,여자,40 - 49세,경상남도,일반판매,기타이·미용서비스,계약해제.해지/위약금
2023038902,2023-07-26,여자,30 - 39세,서울특별시,일반판매,국내결혼중개,계약해제.해지/위약금
2023038903,2023-07-26,남자,40 - 49세,경기도,기타,태블릿PC,품질(물품/용역)
2023038904,2023-07-26,남자,50 - 59세,경기도,소셜커머스(쇼핑),키보드,품질(물품/용역)
2023038905,2023-07-26,여자,40 - 49세,서울특별시,국내온라인거래,화장비누,표시.광고
2023038906,2023-07-26,남자,60 - 64세,서울특별시,국내온라인거래,소파,품질(물품/용역)
2023038907,2023-07-26,여자,40 - 49세,서울특별시,국내온라인거래,프라이팬,품질(물품/용역)
2023038908,2023-07-26,남자,40 - 49세,경기도,국내온라인거래,가스에어컨,청약철회
2023038909,2023-07-26,여자,20 - 29세,인천광역시,일반판매,헬스장,계약해제.해지/위약금
2023038910,2023-07-26,여자,50 - 59세,서울특별시,국내온라인거래,국외여행,계약불이행(불완전이행)
2023038911,2023-07-26,여자,20 - 29세,서울특별시,국내온라인거래,캐주얼바지,청약철회
2023038912,2023-07-26,남자,30 - 39세,인천광역시,기타,콘도회원권,계약해제.해지/위약금
2023038913,2023-07-26,남자,30 - 39세,서울특별시,국내온라인거래,항공여객운송서비스,계약해제.해지/위약금
2023038914,2023-07-26,남자,20 - 29세,경기도,국내온라인거래,바이올린,품질(물품/용역)
2023038915,2023-07-26,여자,60 - 64세,대구광역시,기타,기타인테리어설비,계약불이행(불완전이행)
2023038916,2023-07-26,여자,30 - 39세,충청남도,국내온라인거래,국외여행,계약해제.해지/위약금
2023038917,2023-07-26,남자,50 - 59세,경기도,소셜커머스(쇼핑),신발세탁,계약불이행(불완전이행)
2023038918,2023-07-26,남자,40 - 49세,인천광역시,국내온라인거래,기타숙박시설,계약해제.해지/위약금
2023038919,2023-07-26,남자,50 - 59세,서울특별시,일반판매,헬스장,계약해제.해지/위약금
2023038920,2023-07-26,남자,30 - 39세,경기도,기타,전기맛사지기,품질(물품/용역)
2023038921,2023-07-26,남자,40 - 49세,세종특별자치시,국내온라인거래,인터넷게임서비스,계약불이행(불완전이행)
2023038922,2023-07-26,남자,20 - 29세,경기도,일반판매,헬스장,계약해제.해지/위약금
2023038923,2023-07-26,여자,30 - 39세,부산광역시,기타,샌들·슬리퍼,품질(물품/용역)
2023038924,2023-07-26,여자,40 - 49세,경기도,국내온라인거래,기타회원권,계약해제.해지/위약금
2023038925,2023-07-26,남자,30 - 39세,대전광역시,일반판매,예식서비스,계약해제.해지/위약금
2023038926,2023-07-26,남자,50 - 59세,대구광역시,국내온라인거래,국외여행,계약불이행(불완전이행)
2023038927,2023-07-26,남자,20 - 29세,경기도,국내온라인거래,미분류컨설팅(자문),계약해제.해지/위약금
2023038928,2023-07-26,여자,30 - 39세,인천광역시,국내온라인거래,기타조명기기,계약불이행(불완전이행)
2023038929,2023-07-26,여자,30 - 39세,경기도,일반판매,헬스장,계약해제.해지/위약금
2023038930,2023-07-26,여자,20 - 29세,경상남도,일반판매,애완고양이,계약불이행(불완전이행)
2023038931,2023-07-26,여자,50 - 59세,인천광역시,소셜커머스(쇼핑),국외여행,계약해제.해지/위약금
2023038932,2023-07-26,남자,30 - 39세,울산광역시,국내온라인거래,기타이동통신,계약불이행(불완전이행)
2023038933,2023-07-26,여자,30 - 39세,경기도,일반판매,기타인테리어설비,품질(물품/용역)
2023038934,2023-07-26,여자,20 - 29세,서울특별시,소셜커머스(쇼핑),선풍기,AS불만
2023038935,2023-07-26,여자,30 - 39세,경기도,일반판매,인터넷교육서비스,계약해제.해지/위약금
2023038936,2023-07-26,여자,30 - 39세,서울특별시,기타,미용서비스,계약해제.해지/위약금
2023038937,2023-07-26,남자,30 - 39세,경기도,국내온라인거래,기타숙박시설,품질(물품/용역)
2023038938,2023-07-26,남자,60 - 64세,경기도,일반판매,노트북컴퓨터,AS불만
2023038939,2023-07-26,여자,30 - 39세,인천광역시,일반판매,필라테스,계약해제.해지/위약금
2023038940,2023-07-26,남자,30 - 39세,경기도,소셜커머스(쇼핑),선풍기,AS불만
2023038941,2023-07-26,남자,70 - 79세,인천광역시,전화권유판매,이동전화서비스,청약철회
2023038942,2023-07-26,여자,40 - 49세,인천광역시,기타,헬스장,계약해제.해지/위약금
2023038943,2023-07-26,여자,30 - 39세,인천광역시,기타,기타법률서비스,표시.광고
2023038944,2023-07-26,남자,40 - 49세,서울특별시,일반판매,연료절감기,품질(물품/용역)
2023038945,2023-07-26,남자,불명,경기도,국제온라인거래,기타숙박시설,계약불이행(불완전이행)
2023038946,2023-07-26,남자,40 - 49세,서울특별시,국내온라인거래,기타숙박시설,계약해제.해지/위약금
2023038947,2023-07-26,여자,50 - 59세,서울특별시,모바일거래,국외캠프,계약해제.해지/위약금
2023038948,2023-07-26,여자,30 - 39세,경상남도,기타,건물청소서비스,계약불이행(불완전이행)
2023038949,2023-07-26,여자,40 - 49세,경기도,국내온라인거래,국외여행,계약불이행(불완전이행)
2023038950,2023-07-26,남자,40 - 49세,인천광역시,기타통신판매,포장이사운송서비스,AS불만
2023038951,2023-07-26,여자,50 - 59세,서울특별시,일반판매,택배화물운송서비스,품질(물품/용역)
2023038952,2023-07-26,남자,60 - 64세,전라북도,일반판매,화목보일러,품질(물품/용역)
2023038953,2023-07-26,여자,30 - 39세,경기도,일반판매,기타완구·인형,품질(물품/용역)
2023038954,2023-07-26,남자,60 - 64세,서울특별시,국내온라인거래,기타숙박시설,가격.요금
2023038955,2023-07-26,여자,30 - 39세,경기도,국내온라인거래,CD·LD·DVD(영화·음악·게임),청약철회
2023038956,2023-07-26,여자,30 - 39세,경기도,기타,변호서비스,계약해제.해지/위약금
2023038957,2023-07-26,남자,40 - 49세,울산광역시,국내온라인거래,기타신발·용품,품질(물품/용역)
2023038958,2023-07-26,남자,30 - 39세,경기도,일반판매,정수기대여(렌트),AS불만
2023038959,2023-07-26,여자,40 - 49세,경기도,국내온라인거래,원피스,청약철회
2023038960,2023-07-26,남자,40 - 49세,전라남도,국내온라인거래,국외여행,부당행위
2023038961,2023-07-26,남자,20 - 29세,서울특별시,국내온라인거래,캐주얼바지,청약철회
2023038962,2023-07-26,여자,40 - 49세,경기도,국내온라인거래,신변용품·악세서리대여(렌트),품질(물품/용역)
2023038963,2023-07-26,남자,50 - 59세,서울특별시,기타,변호서비스,계약불이행(불완전이행)
2023038964,2023-07-26,여자,30 - 39세,서울특별시,소셜커머스(쇼핑),노트·수첩·앨범등,표시.광고
2023038965,2023-07-26,남자,30 - 39세,서울특별시,국내온라인거래,항공여객운송서비스,계약불이행(불완전이행)
2023038966,2023-07-26,여자,30 - 39세,서울특별시,국내온라인거래,책장·서가,계약불이행(불완전이행)
2023038967,2023-07-26,여자,20 - 29세,서울특별시,일반판매,애완고양이,청약철회
2023038968,2023-07-26,남자,40 - 49세,경기도,국내온라인거래,온천탕,안전(제품/시설)
2023038969,2023-07-26,남자,20 - 29세,서울특별시,국제온라인거래,숙녀화(구두·부츠 등),청약철회
2023038970,2023-07-26,여자,20 - 29세,경기도,일반판매,미용서비스,계약불이행(불완전이행)
2023038971,2023-07-26,남자,40 - 49세,대전광역시,일반판매,휴대폰(2G),AS불만
2023038972,2023-07-26,여자,30 - 39세,경상남도,소셜커머스(쇼핑),베개,계약해제.해지/위약금
2023038973,2023-07-26,남자,30 - 39세,경기도,일반판매,TV,AS불만
2023038974,2023-07-26,여자,40 - 49세,서울특별시,기타,항공여객운송서비스,계약불이행(불완전이행)
2023038975,2023-07-26,남자,20 - 29세,인천광역시,방문판매,헬스장,계약해제.해지/위약금
2023038977,2023-07-26,남자,40 - 49세,서울특별시,일반판매,TV,부당행위
2023038978,2023-07-26,남자,30 - 39세,서울특별시,국제온라인거래,기타매체광고,부당행위
2023038979,2023-07-26,여자,40 - 49세,인천광역시,모바일거래,비데,계약해제.해지/위약금
2023038980,2023-07-26,남자,20 - 29세,부산광역시,국내온라인거래,노트북컴퓨터,품질(물품/용역)
2023038981,2023-07-27,여자,40 - 49세,경기도,기타통신판매,스커트,표시.광고
2023038982,2023-07-27,여자,50 - 59세,경상남도,국내온라인거래,점퍼·재킷류,청약철회
2023038983,2023-07-27,남자,65 - 69세,경상북도,일반판매,텐트,표시.광고
2023038984,2023-07-27,남자,40 - 49세,서울특별시,일반판매,자동차주유,계약불이행(불완전이행)
2023038985,2023-07-27,여자,60 - 64세,부산광역시,국내온라인거래,소파,품질(물품/용역)
2023038986,2023-07-27,여자,50 - 59세,충청북도,일반판매,자동차수리·점검,부당행위
2023038987,2023-07-27,남자,50 - 59세,전라북도,일반판매,항공여객운송서비스,거래관행
2023038988,2023-07-27,여자,60 - 64세,경기도,일반판매,기타건강식품,품질(물품/용역)
2023038989,2023-07-27,여자,40 - 49세,경기도,일반판매,기타사설강습서비스,계약해제.해지/위약금
2023038990,2023-07-27,남자,30 - 39세,서울특별시,일반판매,예식서비스,계약해제.해지/위약금
2023038991,2023-07-27,여자,30 - 39세,인천광역시,기타통신판매,다이어트식품,표시.광고
2023038992,2023-07-27,여자,60 - 64세,대구광역시,일반판매,숙녀화(구두·부츠 등),품질(물품/용역)
2023038993,2023-07-27,여자,60 - 64세,대구광역시,일반판매,샌들·슬리퍼,품질(물품/용역)
2023038994,2023-07-27,남자,30 - 39세,부산광역시,일반판매,신발세탁,품질(물품/용역)
2023038995,2023-07-27,남자,40 - 49세,경기도,국내온라인거래,운동화,품질(물품/용역)
2023038996,2023-07-27,남자,50 - 59세,서울특별시,일반판매,운동화,품질(물품/용역)
2023038997,2023-07-27,남자,30 - 39세,경기도,일반판매,운동화,품질(물품/용역)
2023038998,2023-07-27,여자,20 - 29세,경기도,국내온라인거래,샌들·슬리퍼,품질(물품/용역)
2023038999,2023-07-27,남자,50 - 59세,서울특별시,일반판매,건강(암·기타질병)보험,약관
2023039000,2023-07-27,여자,50 - 59세,서울특별시,국내온라인거래,샌들·슬리퍼,품질(물품/용역)
2023039001,2023-07-27,여자,30 - 39세,서울특별시,국내온라인거래,숙녀화(구두·부츠 등),품질(물품/용역)
2023039002,2023-07-27,남자,40 - 49세,경기도,일반판매,샌들·슬리퍼,품질(물품/용역)
2023039003,2023-07-27,여자,30 - 39세,경상남도,일반판매,샌들·슬리퍼,품질(물품/용역)
2023039004,2023-07-27,여자,20 - 29세,경상남도,국내온라인거래,샌들·슬리퍼,품질(물품/용역)
2023039005,2023-07-27,여자,40 - 49세,경기도,일반판매,외식,계약불이행(불완전이행)
2023039006,2023-07-27,여자,40 - 49세,경기도,국내온라인거래,숙녀화(구두·부츠 등),품질(물품/용역)
2023039007,2023-07-27,남자,20 - 29세,서울특별시,국제온라인거래,항공여객운송서비스,부당행위
2023039008,2023-07-27,여자,60 - 64세,서울특별시,기타통신판매,전기맛사지기,품질(물품/용역)
2023039009,2023-07-27,남자,(미입력),경기도,일반판매,중형승용자동차,AS불만
2023039010,2023-07-27,남자,30 - 39세,경기도,일반판매,자동차세차,부당행위
2023039011,2023-07-27,여자,40 - 49세,경기도,국내온라인거래,식탁,청약철회
2023039012,2023-07-27,여자,40 - 49세,경상남도,국내온라인거래,기타미분류서비스,계약불이행(불완전이행)
2023039013,2023-07-27,여자,20 - 29세,경기도,국내온라인거래,기타예식관련서비스,계약불이행(불완전이행)
2023039014,2023-07-27,남자,40 - 49세,경기도,국내온라인거래,모형완구,계약불이행(불완전이행)
2023039016,2023-07-27,남자,40 - 49세,대전광역시,일반판매,중형승용자동차,품질(물품/용역)
2023039017,2023-07-27,남자,40 - 49세,경상북도,국제온라인거래,항공여객운송서비스,계약불이행(불완전이행)
2023039018,2023-07-27,남자,40 - 49세,대전광역시,국내온라인거래,자동차대여(렌트),계약해제.해지/위약금
2023039019,2023-07-27,남자,20 - 29세,경기도,일반판매,오토바이,품질(물품/용역)
2023039020,2023-07-27,여자,40 - 49세,대전광역시,일반판매,중고자동차중개·매매,품질(물품/용역)
2023039021,2023-07-27,남자,50 - 59세,경기도,일반판매,애완동물기타,계약불이행(불완전이행)
2023039022,2023-07-27,여자,50 - 59세,경상북도,일반판매,실손보험,약관
2023039023,2023-07-27,여자,30 - 39세,서울특별시,일반판매,미용서비스,계약불이행(불완전이행)
2023039024,2023-07-27,남자,30 - 39세,울산광역시,국내온라인거래,국내결혼중개,청약철회
2023039026,2023-07-27,남자,60 - 64세,서울특별시,일반판매,인터넷정보이용서비스,계약불이행(불완전이행)
2023039027,2023-07-27,남자,50 - 59세,서울특별시,국내온라인거래,음식물처리기,AS불만
2023039028,2023-07-27,남자,50 - 59세,충청북도,일반판매,전문스포츠화(축구화·골프화 등),품질(물품/용역)
2023039029,2023-07-27,남자,60 - 64세,광주광역시,일반판매,상조서비스,계약해제.해지/위약금
2023039030,2023-07-27,여자,50 - 59세,전라북도,일반판매,등산화,품질(물품/용역)
2023039031,2023-07-27,남자,60 - 64세,광주광역시,일반판매,기타약품,품질(물품/용역)
2023039032,2023-07-27,여자,20 - 29세,서울특별시,일반판매,택배화물운송서비스,거래관행
2023039033,2023-07-27,남자,20 - 29세,인천광역시,국내온라인거래,항공여객운송서비스,계약불이행(불완전이행)
2023039034,2023-07-27,여자,40 - 49세,경기도,국내온라인거래,블라우스,품질(물품/용역)
2023039035,2023-07-27,남자,20 - 29세,서울특별시,일반판매,자동차수리·점검,AS불만
2023039037,2023-07-27,남자,40 - 49세,서울특별시,국내온라인거래,골프용품,품질(물품/용역)
2023039038,2023-07-27,남자,40 - 49세,울산광역시,국내온라인거래,기타가방,품질(물품/용역)
2023039039,2023-07-27,남자,50 - 59세,경기도,국내온라인거래,운동화,품질(물품/용역)
2023039040,2023-07-27,여자,40 - 49세,서울특별시,일반판매,성형외과,품질(물품/용역)
2023039041,2023-07-27,남자,70 - 79세,강원특별자치도,일반판매,내과,품질(물품/용역)
2023039042,2023-07-27,여자,40 - 49세,경기도,일반판매,피부과,계약해제.해지/위약금
2023039043,2023-07-27,여자,50 - 59세,강원특별자치도,일반판매,스커트,품질(물품/용역)
2023039044,2023-07-27,여자,50 - 59세,대구광역시,국내온라인거래,운동화,품질(물품/용역)
2023039045,2023-07-27,여자,30 - 39세,인천광역시,기타,인터넷교육서비스,계약해제.해지/위약금
2023039046,2023-07-27,여자,20 - 29세,대전광역시,일반판매,이동전화서비스,청약철회
2023039047,2023-07-27,남자,30 - 39세,인천광역시,기타통신판매,보석·귀금속,계약불이행(불완전이행)
2023039048,2023-07-27,여자,20 - 29세,경기도,모바일거래,항공여객운송서비스,계약해제.해지/위약금
2023039049,2023-07-27,남자,불명,경기도,국내온라인거래,조립완구,계약불이행(불완전이행)
2023039050,2023-07-27,남자,50 - 59세,경기도,일반판매,스마트폰,품질(물품/용역)
2023039051,2023-07-27,남자,65 - 69세,서울특별시,국내온라인거래,운동화,품질(물품/용역)
2023039052,2023-07-27,여자,50 - 59세,경기도,일반판매,안경·안경테,청약철회
2023039053,2023-07-27,남자,30 - 39세,경기도,국내온라인거래,스피커,청약철회
2023039054,2023-07-27,여자,20 - 29세,경기도,모바일거래,항공여객운송서비스,계약해제.해지/위약금
2023039055,2023-07-27,남자,30 - 39세,대전광역시,국내온라인거래,기타서적음반류,약관
2023039056,2023-07-27,남자,50 - 59세,서울특별시,일반판매,국내결혼중개,계약해제.해지/위약금
2023039057,2023-07-27,남자,50 - 59세,경기도,일반판매,운동화,품질(물품/용역)
2023039058,2023-07-27,남자,40 - 49세,전라북도,일반판매,전기자동차,안전(제품/시설)
2023039060,2023-07-27,남자,65 - 69세,대전광역시,일반판매,티셔츠,품질(물품/용역)
2023039061,2023-07-27,남자,40 - 49세,경기도,국내온라인거래,운동화,품질(물품/용역)
2023039062,2023-07-27,남자,40 - 49세,제주도,국내온라인거래,등산화,품질(물품/용역)
2023039063,2023-07-27,여자,10 - 19세,서울특별시,국내온라인거래,기타신발·용품,계약해제.해지/위약금
2023039064,2023-07-27,남자,30 - 39세,경기도,국내온라인거래,신유형상품권,계약불이행(불완전이행)
2023039065,2023-07-27,여자,30 - 39세,대구광역시,기타통신판매,포장이사운송서비스,계약불이행(불완전이행)
2023039066,2023-07-27,여자,30 - 39세,경기도,국내온라인거래,컵,품질(물품/용역)
2023039068,2023-07-27,남자,50 - 59세,경상남도,일반판매,자동차리스,계약불이행(불완전이행)
2023039069,2023-07-27,남자,20 - 29세,서울특별시,일반판매,양복(서양식 의복)세탁,품질(물품/용역)
2023039070,2023-07-27,여자,20 - 29세,서울특별시,국내온라인거래,숙녀복세트,청약철회
2023039071,2023-07-27,여자,20 - 29세,대구광역시,일반판매,피부과,계약해제.해지/위약금
2023039072,2023-07-27,여자,50 - 59세,경기도,TV홈쇼핑,전기장판,품질(물품/용역)
2023039073,2023-07-27,남자,30 - 39세,서울특별시,국내온라인거래,생활패션화(슬립온·아쿠아슈즈·장화·작업화 등),청약철회
2023039074,2023-07-27,여자,20 - 29세,경기도,일반판매,헬스장,계약해제.해지/위약금
2023039075,2023-07-27,남자,60 - 64세,서울특별시,일반판매,화장실설비,계약해제.해지/위약금
2023039076,2023-07-27,여자,30 - 39세,경기도,일반판매,아동복,품질(물품/용역)
2023039077,2023-07-27,여자,40 - 49세,경기도,일반판매,성형외과,품질(물품/용역)
2023039078,2023-07-27,남자,30 - 39세,대구광역시,일반판매,가구세트,품질(물품/용역)
2023039079,2023-07-27,여자,30 - 39세,경상남도,국내온라인거래,양복(서양식 의복)세탁,품질(물품/용역)
2023039080,2023-07-27,여자,30 - 39세,경기도,국내온라인거래,기타숙박시설,청약철회
2023039082,2023-07-27,여자,20 - 29세,경기도,국내온라인거래,기타문화용품,품질(물품/용역)
2023039083,2023-07-27,남자,30 - 39세,경기도,국내온라인거래,컴퓨터모니터(데스크탑),AS불만
2023039084,2023-07-27,여자,20 - 29세,서울특별시,국내온라인거래,항공여객운송서비스,계약해제.해지/위약금
2023039085,2023-07-27,여자,50 - 59세,서울특별시,일반판매,인터넷교육서비스,계약해제.해지/위약금
2023039086,2023-07-27,남자,60 - 64세,경상남도,모바일거래,스마트폰,계약불이행(불완전이행)
2023039087,2023-07-27,남자,50 - 59세,경기도,국내온라인거래,이동전화서비스,청약철회
2023039088,2023-07-27,여자,20 - 29세,인천광역시,일반판매,아동용내의류,계약불이행(불완전이행)
2023039089,2023-07-27,여자,40 - 49세,서울특별시,일반판매,미용서비스,계약불이행(불완전이행)
2023039090,2023-07-27,남자,40 - 49세,대구광역시,일반판매,중고자동차중개·매매,계약불이행(불완전이행)
2023039091,2023-07-27,남자,20 - 29세,서울특별시,모바일거래,신유형상품권,계약해제.해지/위약금
2023039092,2023-07-27,여자,50 - 59세,경기도,일반판매,포장이사운송서비스,품질(물품/용역)
2023039094,2023-07-27,여자,30 - 39세,경기도,방문판매,다이어트식품,계약불이행(불완전이행)
2023039095,2023-07-27,남자,40 - 49세,대전광역시,일반판매,정수기대여(렌트),계약해제.해지/위약금
2023039096,2023-07-27,남자,60 - 64세,서울특별시,전화권유판매,유사투자자문,계약불이행(불완전이행)
2023039097,2023-07-27,남자,불명,대전광역시,일반판매,외식,안전(제품/시설)
2023039099,2023-07-27,여자,불명,서울특별시,모바일거래,골프회원권,계약해제.해지/위약금
2023039100,2023-07-27,여자,20 - 29세,해외 및 기타,국제온라인거래,항공여객운송서비스,부당행위
2023039101,2023-07-27,남자,30 - 39세,대전광역시,국내온라인거래,각종공연관람,청약철회
2023039102,2023-07-27,남자,40 - 49세,경기도,국내온라인거래,TV,품질(물품/용역)
2023039103,2023-07-27,여자,40 - 49세,경상남도,국내온라인거래,전기장판,계약불이행(불완전이행)
2023039104,2023-07-27,남자,70 - 79세,경기도,모바일거래,이동전화서비스,계약해제.해지/위약금
2023039105,2023-07-27,남자,70 - 79세,경기도,모바일거래,이동전화서비스,부당행위
2023039106,2023-07-27,남자,70 - 79세,경기도,모바일거래,이동전화서비스,부당행위
2023039107,2023-07-27,여자,20 - 29세,대구광역시,국내온라인거래,통신기기주변장치,청약철회
2023039108,2023-07-27,남자,50 - 59세,서울특별시,일반판매,스마트폰,품질(물품/용역)
2023039109,2023-07-27,남자,30 - 39세,인천광역시,기타,일반이사운송서비스,품질(물품/용역)
2023039110,2023-07-27,여자,40 - 49세,경상남도,일반판매,택배화물운송서비스,품질(물품/용역)
2023039111,2023-07-27,남자,20 - 29세,경기도,기타,호텔,품질(물품/용역)
2023039112,2023-07-27,여자,30 - 39세,강원특별자치도,일반판매,미용서비스,품질(물품/용역)
2023039113,2023-07-27,남자,40 - 49세,경기도,일반판매,기타인테리어설비,AS불만
2023039114,2023-07-27,여자,30 - 39세,인천광역시,국내온라인거래,프라이팬,품질(물품/용역)
2023039115,2023-07-27,여자,30 - 39세,서울특별시,국내온라인거래,스마트폰,계약불이행(불완전이행)
2023039117,2023-07-27,남자,30 - 39세,서울특별시,일반판매,헬스장,계약해제.해지/위약금
2023039118,2023-07-27,여자,40 - 49세,경기도,일반판매,기타가구,품질(물품/용역)
2023039119,2023-07-27,남자,20 - 29세,경기도,국내온라인거래,기타완구·인형,청약철회
2023039120,2023-07-27,남자,50 - 59세,서울특별시,국내온라인거래,기타과일·과일가공식품,법.제도
2023039121,2023-07-27,여자,40 - 49세,대구광역시,전화권유판매,유사투자자문,계약해제.해지/위약금
2023039122,2023-07-27,여자,40 - 49세,서울특별시,국내온라인거래,기타숙박시설,계약해제.해지/위약금
2023039123,2023-07-27,남자,30 - 39세,서울특별시,국내온라인거래,기타보건·위생용품,품질(물품/용역)
2023039124,2023-07-27,여자,30 - 39세,경기도,국내온라인거래,기타완구·인형,청약철회
2023039125,2023-07-27,여자,60 - 64세,인천광역시,일반판매,애완견,품질(물품/용역)
2023039126,2023-07-27,여자,20 - 29세,충청북도,국내온라인거래,영화관람,계약해제.해지/위약금
2023039127,2023-07-27,남자,40 - 49세,울산광역시,일반판매,택배화물운송서비스,품질(물품/용역)
2023039128,2023-07-27,여자,20 - 29세,경상남도,소셜커머스(쇼핑),기타간편복,청약철회
2023039129,2023-07-27,남자,20 - 29세,서울특별시,일반판매,변호서비스,계약해제.해지/위약금
2023039130,2023-07-27,여자,30 - 39세,광주광역시,일반판매,기타회원권,계약해제.해지/위약금
2023039131,2023-07-27,남자,60 - 64세,경기도,기타,초고속인터넷,계약해제.해지/위약금
2023039132,2023-07-27,여자,30 - 39세,경기도,일반판매,결혼준비대행서비스,계약불이행(불완전이행)
2023039133,2023-07-27,여자,50 - 59세,전라북도,일반판매,티셔츠,품질(물품/용역)
2023039134,2023-07-27,여자,20 - 29세,경기도,일반판매,택배화물운송서비스,품질(물품/용역)
2023039135,2023-07-27,여자,30 - 39세,경상남도,기타통신판매,IPTV,계약해제.해지/위약금
2023039136,2023-07-27,남자,30 - 39세,서울특별시,일반판매,헬스장,계약해제.해지/위약금
2023039137,2023-07-27,남자,20 - 29세,대구광역시,일반판매,인터넷정보이용서비스,계약불이행(불완전이행)
2023039138,2023-07-27,남자,20 - 29세,전라북도,기타통신판매,이동전화서비스,품질(물품/용역)
2023039139,2023-07-27,여자,50 - 59세,경기도,국내온라인거래,선어(생선),품질(물품/용역)
2023039140,2023-07-27,여자,20 - 29세,부산광역시,방문판매,헬스장,계약해제.해지/위약금
2023039141,2023-07-27,여자,30 - 39세,경상북도,국내온라인거래,기타완구·인형,청약철회
2023039142,2023-07-27,남자,30 - 39세,경상남도,국내온라인거래,기타숙박시설,청약철회
2023039143,2023-07-27,남자,30 - 39세,경기도,일반판매,종합체육시설회원권,계약해제.해지/위약금
2023039144,2023-07-27,남자,30 - 39세,경상남도,일반판매,택배화물운송서비스,품질(물품/용역)
2023039145,2023-07-27,여자,30 - 39세,경기도,국내온라인거래,각종공연관람,계약불이행(불완전이행)
2023039146,2023-07-27,여자,40 - 49세,서울특별시,국제온라인거래,항공여객운송서비스,계약해제.해지/위약금
2023039147,2023-07-27,여자,65 - 69세,인천광역시,기타,휴대폰(2G),가격.요금
2023039148,2023-07-27,여자,60 - 64세,서울특별시,기타통신판매,기타공조·냉난방기기,계약해제.해지/위약금
2023039149,2023-07-27,여자,20 - 29세,경기도,국내온라인거래,기타완구·인형,청약철회
2023039150,2023-07-27,여자,30 - 39세,경기도,일반판매,연수기대여(렌트),계약해제.해지/위약금
2023039151,2023-07-27,여자,20 - 29세,인천광역시,방문판매,헬스장,계약해제.해지/위약금
2023039152,2023-07-27,여자,20 - 29세,경상남도,모바일거래,택배화물운송서비스,품질(물품/용역)
2023039153,2023-07-27,여자,20 - 29세,전라남도,국내온라인거래,펜션,계약해제.해지/위약금
2023039154,2023-07-27,남자,60 - 64세,경상북도,일반판매,보조배터리,안전(제품/시설)
2023039155,2023-07-27,남자,20 - 29세,서울특별시,국내온라인거래,식탁,청약철회
2023039156,2023-07-27,여자,30 - 39세,경기도,일반판매,헬스장,계약해제.해지/위약금
2023039157,2023-07-27,남자,50 - 59세,세종특별자치시,일반판매,헬스장,계약해제.해지/위약금
2023039158,2023-07-27,여자,20 - 29세,서울특별시,기타통신판매,항공여객운송서비스,계약해제.해지/위약금
2023039159,2023-07-27,남자,20 - 29세,경상남도,모바일거래,시계,품질(물품/용역)
2023039160,2023-07-27,여자,20 - 29세,경기도,국내온라인거래,항공여객운송서비스,청약철회
2023039161,2023-07-27,남자,20 - 29세,경기도,국내온라인거래,컴퓨터모니터(데스크탑),AS불만
2023039162,2023-07-27,여자,40 - 49세,대구광역시,일반판매,아파트,품질(물품/용역)
2023039163,2023-07-27,여자,30 - 39세,서울특별시,국내온라인거래,코트,청약철회
2023039164,2023-07-27,남자,80세이상,경기도,일반판매,선풍기,청약철회
2023039165,2023-07-27,여자,30 - 39세,부산광역시,일반판매,양복(서양식 의복)세탁,품질(물품/용역)
2023039166,2023-07-27,남자,20 - 29세,인천광역시,국내온라인거래,선풍기,청약철회
2023039167,2023-07-27,남자,20 - 29세,서울특별시,국내온라인거래,그래픽카드,품질(물품/용역)
2023039168,2023-07-27,남자,40 - 49세,서울특별시,일반판매,스프링매트리스,품질(물품/용역)
2023039169,2023-07-27,여자,40 - 49세,전라남도,일반판매,룸에어컨,품질(물품/용역)
2023039170,2023-07-27,여자,50 - 59세,인천광역시,모바일거래,택시여객운송서비스,계약해제.해지/위약금
2023039171,2023-07-27,여자,20 - 29세,경기도,국내온라인거래,기타완구·인형,청약철회
2023039172,2023-07-27,여자,50 - 59세,경기도,일반판매,전기압력밥솥,품질(물품/용역)
2023039173,2023-07-27,여자,20 - 29세,충청북도,일반판매,헬스장,계약해제.해지/위약금
2023039174,2023-07-27,여자,50 - 59세,대전광역시,일반판매,건물청소서비스,품질(물품/용역)
2023039175,2023-07-27,여자,20 - 29세,부산광역시,방문판매,국내결혼중개,계약해제.해지/위약금
2023039176,2023-07-27,남자,30 - 39세,서울특별시,국내온라인거래,미분류대여(렌트),AS불만
2023039177,2023-07-27,남자,40 - 49세,경기도,국내온라인거래,사진촬영,계약해제.해지/위약금
2023039178,2023-07-27,여자,20 - 29세,서울특별시,방문판매,헬스장,계약해제.해지/위약금
2023039179,2023-07-27,여자,20 - 29세,대전광역시,국내온라인거래,기타완구·인형,청약철회
2023039180,2023-07-27,여자,40 - 49세,경기도,국내온라인거래,선풍기,품질(물품/용역)
2023039181,2023-07-27,여자,50 - 59세,강원특별자치도,국내온라인거래,항공여객운송서비스,계약불이행(불완전이행)
2023039182,2023-07-27,남자,40 - 49세,서울특별시,소셜커머스(쇼핑),국외여행,계약불이행(불완전이행)
2023039183,2023-07-27,여자,20 - 29세,서울특별시,기타,일반이사운송서비스,품질(물품/용역)
2023039184,2023-07-27,여자,20 - 29세,경기도,일반판매,사진촬영,계약해제.해지/위약금
2023039185,2023-07-27,여자,20 - 29세,강원특별자치도,일반판매,기타완구·인형,청약철회
2023039186,2023-07-27,여자,20 - 29세,경기도,국내온라인거래,기타완구·인형,청약철회
2023039187,2023-07-27,여자,20 - 29세,서울특별시,일반판매,헬스장,계약해제.해지/위약금
2023039188,2023-07-27,남자,30 - 39세,서울특별시,일반판매,미분류대여(렌트),품질(물품/용역)
2023039189,2023-07-27,여자,40 - 49세,경기도,방문판매,정수기대여(렌트),품질(물품/용역)
2023039190,2023-07-27,남자,40 - 49세,경상남도,방문판매,기타인테리어설비,계약해제.해지/위약금
2023039191,2023-07-27,여자,40 - 49세,강원특별자치도,기타,인터넷교육서비스,계약해제.해지/위약금
2023039192,2023-07-27,여자,30 - 39세,서울특별시,일반판매,항공여객운송서비스,계약해제.해지/위약금
2023039193,2023-07-27,남자,20 - 29세,부산광역시,소셜커머스(쇼핑),통신기기케이스,품질(물품/용역)
2023039194,2023-07-27,여자,30 - 39세,경기도,소셜커머스(쇼핑),항공여객운송서비스,계약해제.해지/위약금
2023039195,2023-07-27,남자,20 - 29세,경상북도,전화권유판매,인터넷교육서비스,계약해제.해지/위약금
2023039196,2023-07-27,여자,40 - 49세,경기도,국내온라인거래,기타신발·용품,청약철회
2023039197,2023-07-27,여자,30 - 39세,대전광역시,방문판매,필라테스,계약불이행(불완전이행)
2023039198,2023-07-27,여자,20 - 29세,서울특별시,일반판매,기타인테리어설비,계약해제.해지/위약금
2023039199,2023-07-27,남자,30 - 39세,서울특별시,일반판매,포장이사운송서비스,품질(물품/용역)
2023039200,2023-07-27,남자,40 - 49세,서울특별시,일반판매,헬스장,계약해제.해지/위약금
2023039201,2023-07-27,여자,20 - 29세,경기도,국내온라인거래,기타완구·인형,청약철회
2023039202,2023-07-27,여자,20 - 29세,경상북도,국내온라인거래,기타완구·인형,청약철회
2023039203,2023-07-27,남자,40 - 49세,경기도,기타,포장이사운송서비스,품질(물품/용역)
2023039204,2023-07-27,남자,20 - 29세,인천광역시,방문판매,헬스장,계약해제.해지/위약금
2023039205,2023-07-27,여자,40 - 49세,경기도,국내온라인거래,국외여행,계약해제.해지/위약금
2023039206,2023-07-27,남자,40 - 49세,전라남도,소셜커머스(쇼핑),복숭아,부당행위
2023039207,2023-07-27,여자,10 - 19세,경기도,국내온라인거래,기타완구·인형,청약철회
2023039208,2023-07-27,여자,30 - 39세,전라북도,소셜커머스(쇼핑),애완동·식물용품,품질(물품/용역)
2023039209,2023-07-27,여자,30 - 39세,경기도,일반판매,학습지,부당행위
2023039210,2023-07-27,여자,20 - 29세,서울특별시,일반판매,필라테스,계약해제.해지/위약금
2023039211,2023-07-27,여자,20 - 29세,경상북도,모바일거래,사진촬영,계약해제.해지/위약금
2023039212,2023-07-27,남자,30 - 39세,부산광역시,국내온라인거래,모바일게임서비스,부당행위
2023039213,2023-07-27,여자,30 - 39세,서울특별시,국내온라인거래,기타의류·섬유,청약철회
2023039214,2023-07-27,여자,30 - 39세,인천광역시,국내온라인거래,기타스포츠·레저기구·용품,청약철회
2023039215,2023-07-27,남자,40 - 49세,충청북도,소셜커머스(쇼핑),이불·침대커버,품질(물품/용역)
2023039216,2023-07-28,여자,20 - 29세,대구광역시,일반판매,기타회원권,계약해제.해지/위약금
2023039217,2023-07-28,여자,40 - 49세,서울특별시,일반판매,필라테스,계약해제.해지/위약금
2023039218,2023-07-28,남자,20 - 29세,부산광역시,국내온라인거래,오토바이,품질(물품/용역)
2023039219,2023-07-28,여자,50 - 59세,인천광역시,국내온라인거래,점퍼·재킷류,품질(물품/용역)
2023039220,2023-07-28,여자,40 - 49세,서울특별시,전화권유판매,인터넷교육서비스,계약해제.해지/위약금
2023039221,2023-07-28,남자,50 - 59세,광주광역시,국내온라인거래,기타자동차부품,계약불이행(불완전이행)
2023039222,2023-07-28,여자,30 - 39세,서울특별시,일반판매,외식,부당행위
2023039224,2023-07-28,여자,50 - 59세,경상남도,일반판매,기타의료용구,안전(제품/시설)
2023039225,2023-07-28,여자,30 - 39세,대구광역시,기타,바닥재·마루공사,품질(물품/용역)
2023039226,2023-07-28,여자,40 - 49세,광주광역시,국내온라인거래,운동화,청약철회
2023039227,2023-07-28,여자,50 - 59세,서울특별시,일반판매,셔츠,계약해제.해지/위약금
2023039228,2023-07-28,여자,20 - 29세,서울특별시,일반판매,헬스장,계약해제.해지/위약금
2023039229,2023-07-28,여자,40 - 49세,서울특별시,방문판매,헬스장,계약해제.해지/위약금
2023039233,2023-07-28,남자,50 - 59세,인천광역시,일반판매,자동차수리·점검,안전(제품/시설)
2023039235,2023-07-28,여자,65 - 69세,대구광역시,일반판매,티셔츠,품질(물품/용역)
2023039236,2023-07-28,남자,30 - 39세,광주광역시,국내온라인거래,인터넷게임서비스,부당행위
2023039237,2023-07-28,여자,30 - 39세,서울특별시,국내온라인거래,캐주얼바지,청약철회
2023039238,2023-07-28,남자,70 - 79세,서울특별시,기타,공기청정기,표시.광고
2023039239,2023-07-28,여자,40 - 49세,경상남도,국내온라인거래,기타숙박시설,계약해제.해지/위약금
2023039240,2023-07-28,여자,30 - 39세,경기도,국내온라인거래,가운·잠옷류,청약철회
2023039242,2023-07-28,남자,40 - 49세,울산광역시,일반판매,이동전화서비스,계약불이행(불완전이행)
2023039244,2023-07-28,남자,40 - 49세,서울특별시,일반판매,전문스포츠화(축구화·골프화 등),품질(물품/용역)
2023039245,2023-07-28,남자,50 - 59세,경상북도,전화권유판매,IPTV,계약해제.해지/위약금
2023039246,2023-07-28,여자,40 - 49세,경기도,일반판매,전기세탁기,AS불만
2023039247,2023-07-28,남자,65 - 69세,경기도,일반판매,치과,품질(물품/용역)
2023039248,2023-07-28,남자,30 - 39세,경기도,국내온라인거래,헬스장,계약해제.해지/위약금
2023039249,2023-07-28,여자,50 - 59세,서울특별시,일반판매,헬스장,계약해제.해지/위약금
2023039250,2023-07-28,여자,60 - 64세,전라북도,기타,국외여행,계약해제.해지/위약금
2023039251,2023-07-28,남자,30 - 39세,서울특별시,국내온라인거래,캐주얼바지,청약철회
2023039252,2023-07-28,여자,50 - 59세,강원특별자치도,일반판매,샌들·슬리퍼,품질(물품/용역)
2023039253,2023-07-28,여자,30 - 39세,서울특별시,일반판매,헬스장,계약해제.해지/위약금
2023039255,2023-07-28,여자,40 - 49세,대전광역시,일반판매,응급의학과,품질(물품/용역)
2023039256,2023-07-28,여자,30 - 39세,전라남도,국내온라인거래,숙녀복세트,품질(물품/용역)
2023039257,2023-07-28,여자,20 - 29세,경기도,일반판매,독서실이용,계약해제.해지/위약금
2023039258,2023-07-28,여자,20 - 29세,전라남도,국내온라인거래,숙녀복세트,품질(물품/용역)
2023039259,2023-07-28,남자,30 - 39세,서울특별시,국내온라인거래,샌들·슬리퍼,품질(물품/용역)
2023039260,2023-07-28,남자,40 - 49세,경기도,일반판매,양복(서양식 의복)세탁,품질(물품/용역)
2023039262,2023-07-28,남자,65 - 69세,경기도,일반판매,양복(서양식 의복)세탁,품질(물품/용역)
2023039263,2023-07-28,여자,20 - 29세,경기도,국내온라인거래,펜션,계약해제.해지/위약금
2023039264,2023-07-28,남자,70 - 79세,서울특별시,일반판매,치과,계약해제.해지/위약금
2023039265,2023-07-28,남자,30 - 39세,서울특별시,일반판매,예식서비스,계약해제.해지/위약금
2023039266,2023-07-28,여자,30 - 39세,서울특별시,일반판매,피부과,계약해제.해지/위약금
2023039267,2023-07-28,남자,70 - 79세,서울특별시,일반판매,정형외과,품질(물품/용역)
2023039268,2023-07-28,남자,65 - 69세,서울특별시,일반판매,자동차수리·점검,품질(물품/용역)
2023039269,2023-07-28,여자,30 - 39세,경상남도,국내온라인거래,인터넷정보이용서비스,부당행위
2023039270,2023-07-28,여자,30 - 39세,경상남도,일반판매,자동차수리·점검,AS불만
2023039271,2023-07-28,여자,20 - 29세,인천광역시,일반판매,요가,계약불이행(불완전이행)
2023039272,2023-07-28,여자,50 - 59세,세종특별자치시,일반판매,의류수선,품질(물품/용역)
2023039273,2023-07-28,여자,30 - 39세,전라남도,국내온라인거래,숙녀복세트,품질(물품/용역)
2023039274,2023-07-28,남자,40 - 49세,경기도,기타,정수기대여(렌트),계약해제.해지/위약금
2023039275,2023-07-28,남자,70 - 79세,경기도,국내온라인거래,운동화,품질(물품/용역)
2023039276,2023-07-28,남자,50 - 59세,경상남도,기타통신판매,기타회원권,계약불이행(불완전이행)
2023039277,2023-07-28,남자,50 - 59세,경기도,일반판매,한의원,계약불이행(불완전이행)
2023039278,2023-07-28,여자,30 - 39세,경기도,국내온라인거래,원피스,품질(물품/용역)
2023039279,2023-07-28,여자,20 - 29세,인천광역시,일반판매,헬스장,계약해제.해지/위약금
2023039280,2023-07-28,남자,20 - 29세,전라남도,일반판매,전문스포츠화(축구화·골프화 등),품질(물품/용역)
2023039281,2023-07-28,남자,50 - 59세,서울특별시,일반판매,국내결혼중개,계약해제.해지/위약금
2023039282,2023-07-28,남자,70 - 79세,서울특별시,기타통신판매,기타의료용구,계약불이행(불완전이행)
2023039283,2023-07-28,남자,50 - 59세,서울특별시,일반판매,지갑,품질(물품/용역)
2023039284,2023-07-28,남자,60 - 64세,경기도,기타통신판매,유사투자자문,계약해제.해지/위약금
2023039285,2023-07-28,남자,불명,대구광역시,국내온라인거래,신유형상품권,청약철회
2023039286,2023-07-28,남자,50 - 59세,서울특별시,일반판매,중형승용자동차,품질(물품/용역)
2023039287,2023-07-28,남자,불명,대구광역시,전화권유판매,국외여행,계약해제.해지/위약금
2023039288,2023-07-28,여자,50 - 59세,경기도,전화권유판매,국내결혼중개,계약불이행(불완전이행)
2023039289,2023-07-28,남자,30 - 39세,서울특별시,국내온라인거래,전기자전거,청약철회
2023039290,2023-07-28,여자,30 - 39세,인천광역시,일반판매,헬스장,계약해제.해지/위약금
2023039291,2023-07-28,여자,30 - 39세,서울특별시,모바일거래,신유형상품권,거래관행
2023039292,2023-07-28,남자,50 - 59세,경기도,일반판매,경승용차,계약불이행(불완전이행)
2023039293,2023-07-28,남자,불명,서울특별시,국내온라인거래,운동화,청약철회
2023039294,2023-07-28,남자,30 - 39세,경기도,일반판매,양복(서양식 의복)세탁,품질(물품/용역)
2023039295,2023-07-28,남자,30 - 39세,서울특별시,기타,내과,가격.요금
2023039296,2023-07-28,남자,30 - 39세,부산광역시,일반판매,자동차수리·점검,부당행위
2023039297,2023-07-28,남자,30 - 39세,경기도,국내온라인거래,매트,품질(물품/용역)
2023039298,2023-07-28,남자,60 - 64세,경기도,국내온라인거래,가스에어컨,표시.광고
2023039300,2023-07-28,여자,30 - 39세,서울특별시,전화권유판매,이동전화서비스,계약해제.해지/위약금
2023039301,2023-07-28,남자,30 - 39세,부산광역시,모바일거래,신유형상품권,계약불이행(불완전이행)
2023039302,2023-07-28,여자,30 - 39세,경기도,일반판매,운동화,품질(물품/용역)
2023039303,2023-07-28,여자,30 - 39세,경기도,일반판매,운동화,품질(물품/용역)
2023039304,2023-07-28,여자,40 - 49세,경기도,국내온라인거래,원피스,품질(물품/용역)
2023039305,2023-07-28,남자,30 - 39세,경기도,일반판매,헬스장,계약해제.해지/위약금
2023039307,2023-07-28,남자,30 - 39세,부산광역시,일반판매,헬스장,계약해제.해지/위약금
2023039308,2023-07-28,여자,20 - 29세,경기도,국내온라인거래,기타완구·인형,계약불이행(불완전이행)
2023039309,2023-07-28,남자,65 - 69세,서울특별시,기타,이동전화서비스,가격.요금
2023039310,2023-07-28,남자,70 - 79세,서울특별시,기타,이동전화서비스,가격.요금
2023039311,2023-07-28,여자,40 - 49세,경기도,국내온라인거래,양복(서양식 의복)세탁,품질(물품/용역)
2023039312,2023-07-28,여자,20 - 29세,서울특별시,국내온라인거래,기타숙박시설,계약해제.해지/위약금
2023039313,2023-07-28,여자,20 - 29세,서울특별시,국내온라인거래,기타완구·인형,계약불이행(불완전이행)
2023039314,2023-07-28,여자,30 - 39세,대구광역시,국내온라인거래,블라우스,품질(물품/용역)
2023039315,2023-07-28,여자,40 - 49세,경기도,국내온라인거래,인터넷교육서비스,계약불이행(불완전이행)
2023039316,2023-07-28,여자,50 - 59세,서울특별시,국내온라인거래,티셔츠,품질(물품/용역)
2023039415,2023-07-28,남자,30 - 39세,경상남도,일반판매,소파,계약불이행(불완전이행)
2023039416,2023-07-28,여자,40 - 49세,서울특별시,기타,아파트,품질(물품/용역)
2023039417,2023-07-28,남자,30 - 39세,전라남도,일반판매,페인트,품질(물품/용역)
2023039418,2023-07-28,남자,50 - 59세,서울특별시,국내온라인거래,보온병,품질(물품/용역)
2023039419,2023-07-28,여자,40 - 49세,인천광역시,국제온라인거래,숙녀복하의,청약철회
2023039420,2023-07-28,남자,40 - 49세,경기도,국내온라인거래,호텔,가격.요금
2023039421,2023-07-28,남자,30 - 39세,경상북도,방문판매,국내결혼중개,계약불이행(불완전이행)
2023039422,2023-07-28,여자,40 - 49세,경기도,국내온라인거래,김치냉장고,표시.광고
2023039423,2023-07-28,남자,30 - 39세,서울특별시,모바일거래,건물청소서비스,품질(물품/용역)
2023039424,2023-07-28,여자,20 - 29세,전라북도,방문판매,헬스장,계약해제.해지/위약금
2023039425,2023-07-28,남자,40 - 49세,인천광역시,국내온라인거래,냉장고,품질(물품/용역)
2023039426,2023-07-28,남자,30 - 39세,서울특별시,소셜커머스(쇼핑),기타의류·섬유,표시.광고
2023039427,2023-07-28,여자,30 - 39세,경기도,국내온라인거래,항공여객운송서비스,계약해제.해지/위약금
2023039428,2023-07-28,여자,20 - 29세,서울특별시,모바일거래,샌들·슬리퍼,품질(물품/용역)
2023039429,2023-07-28,남자,30 - 39세,경상북도,국내온라인거래,기타회원권,계약불이행(불완전이행)
2023039430,2023-07-28,남자,30 - 39세,대전광역시,소셜커머스(쇼핑),기타식품류,청약철회
2023039431,2023-07-28,남자,50 - 59세,경기도,국내온라인거래,항공여객운송서비스,계약불이행(불완전이행)
2023039432,2023-07-28,여자,20 - 29세,경기도,일반판매,피부·체형관리서비스,계약해제.해지/위약금
2023039433,2023-07-28,남자,30 - 39세,경기도,일반판매,안마의자,AS불만
2023039434,2023-07-28,남자,30 - 39세,서울특별시,국제온라인거래,항공여객운송서비스,계약불이행(불완전이행)
2023039435,2023-07-28,여자,40 - 49세,강원특별자치도,국내온라인거래,안경·안경테,청약철회
2023039436,2023-07-28,여자,40 - 49세,부산광역시,국내온라인거래,호텔,계약해제.해지/위약금
2023039437,2023-07-28,남자,30 - 39세,경기도,국내온라인거래,장난감총,청약철회
2023039438,2023-07-28,남자,30 - 39세,울산광역시,모바일거래,기타교육서비스,청약철회
2023039439,2023-07-28,여자,30 - 39세,경기도,일반판매,결혼준비대행서비스,계약불이행(불완전이행)
2023039440,2023-07-28,여자,20 - 29세,서울특별시,소셜커머스(쇼핑),운동화,품질(물품/용역)
2023039441,2023-07-28,여자,40 - 49세,경기도,국내온라인거래,각종공연관람,계약해제.해지/위약금
2023039442,2023-07-28,여자,30 - 39세,경기도,국내온라인거래,선글라스,품질(물품/용역)
2023039443,2023-07-28,여자,40 - 49세,경기도,국내온라인거래,팩류,계약불이행(불완전이행)
2023039444,2023-07-28,여자,40 - 49세,서울특별시,국내온라인거래,프라이팬,품질(물품/용역)
2023039445,2023-07-28,여자,20 - 29세,광주광역시,일반판매,헬스장,계약해제.해지/위약금
2023039446,2023-07-28,여자,20 - 29세,인천광역시,국내온라인거래,컴퓨터S/W개발(홈페이지제작),계약불이행(불완전이행)
2023039447,2023-07-28,여자,30 - 39세,경기도,전화권유판매,인터넷정보이용서비스,계약불이행(불완전이행)
2023039448,2023-07-28,여자,20 - 29세,대구광역시,일반판매,헬스장,계약해제.해지/위약금
2023039449,2023-07-28,남자,40 - 49세,경기도,일반판매,변호서비스,계약해제.해지/위약금
2023039450,2023-07-28,남자,30 - 39세,울산광역시,일반판매,항공여객운송서비스,계약불이행(불완전이행)
2023039451,2023-07-28,여자,30 - 39세,경기도,일반판매,헬스장,계약해제.해지/위약금
2023039452,2023-07-28,남자,20 - 29세,부산광역시,방문판매,헬스장,계약해제.해지/위약금
2023039453,2023-07-28,남자,50 - 59세,경기도,국내온라인거래,공업용기계,품질(물품/용역)
2023039454,2023-07-28,남자,60 - 64세,광주광역시,국내온라인거래,선풍기,품질(물품/용역)
2023039455,2023-07-28,여자,50 - 59세,경기도,국내온라인거래,스마트폰,계약해제.해지/위약금
2023039456,2023-07-28,남자,20 - 29세,인천광역시,일반판매,헬스장,계약해제.해지/위약금
2023039457,2023-07-28,여자,50 - 59세,서울특별시,국내온라인거래,헤드폰·이어폰,청약철회
2023039458,2023-07-28,여자,20 - 29세,경기도,국내온라인거래,캐주얼바지,청약철회
2023039459,2023-07-28,여자,20 - 29세,인천광역시,방문판매,도배공사,AS불만
2023039460,2023-07-28,여자,40 - 49세,경기도,모바일거래,모바일게임서비스,가격.요금
2023039461,2023-07-28,여자,20 - 29세,서울특별시,일반판매,헬스장,계약해제.해지/위약금
2023039462,2023-07-28,여자,40 - 49세,경기도,국내온라인거래,기타숙박시설,품질(물품/용역)
2023039463,2023-07-28,남자,60 - 64세,광주광역시,국내온라인거래,TV,표시.광고
2023039464,2023-07-28,남자,40 - 49세,광주광역시,일반판매,전기압력밥솥,품질(물품/용역)
2023039465,2023-07-28,남자,50 - 59세,인천광역시,일반판매,기타화물운송서비스,계약불이행(불완전이행)
2023039466,2023-07-28,남자,50 - 59세,서울특별시,일반판매,기타가구,품질(물품/용역)
2023039467,2023-07-28,남자,30 - 39세,경상남도,국내온라인거래,기타서적음반류,계약해제.해지/위약금
2023039468,2023-07-28,남자,70 - 79세,경기도,일반판매,포장이사운송서비스,계약불이행(불완전이행)
2023039469,2023-07-28,남자,50 - 59세,광주광역시,일반판매,국내결혼중개,계약해제.해지/위약금
2023039470,2023-07-28,남자,50 - 59세,경기도,국내온라인거래,전기진공청소기,품질(물품/용역)
2023039471,2023-07-28,여자,30 - 39세,대구광역시,소셜커머스(쇼핑),숙녀화(구두·부츠 등),청약철회
2023039472,2023-07-28,남자,30 - 39세,경기도,일반판매,펜션,계약해제.해지/위약금
2023039473,2023-07-28,남자,50 - 59세,경기도,기타,기타인테리어설비,품질(물품/용역)
2023039474,2023-07-28,여자,40 - 49세,서울특별시,국내온라인거래,기타여행,청약철회
2023039475,2023-07-28,남자,30 - 39세,경기도,기타통신판매,전자게임기구,AS불만
2023039476,2023-07-28,여자,40 - 49세,부산광역시,방문판매,기타미분류서비스,청약철회
2023039477,2023-07-28,여자,40 - 49세,제주도,기타통신판매,기타법률서비스,계약해제.해지/위약금
2023039478,2023-07-28,남자,30 - 39세,서울특별시,일반판매,헬스장,계약해제.해지/위약금
2023039479,2023-07-28,여자,50 - 59세,제주도,국내온라인거래,인터넷교육서비스,계약해제.해지/위약금
2023039480,2023-07-28,여자,30 - 39세,서울특별시,국내온라인거래,항공여객운송서비스,계약해제.해지/위약금
2023039481,2023-07-28,여자,50 - 59세,경기도,일반판매,의자,품질(물품/용역)
2023039482,2023-07-28,여자,20 - 29세,대전광역시,모바일거래,기타의류·섬유,청약철회
2023039483,2023-07-28,여자,30 - 39세,경기도,국내온라인거래,기타통신기기,청약철회
2023039484,2023-07-28,남자,20 - 29세,경기도,국내온라인거래,기타의류·섬유,청약철회
2023039485,2023-07-28,여자,30 - 39세,경기도,방문판매,골프회원권,계약해제.해지/위약금
2023039486,2023-07-28,남자,30 - 39세,경기도,일반판매,예식서비스,계약해제.해지/위약금
2023039487,2023-07-28,여자,20 - 29세,경기도,국내온라인거래,기타완구·인형,청약철회
2023039488,2023-07-28,여자,30 - 39세,경기도,일반판매,헬스장,계약해제.해지/위약금
2023039489,2023-07-28,여자,불명,경상남도,국내온라인거래,영화관람,계약불이행(불완전이행)
2023039490,2023-07-28,여자,50 - 59세,서울특별시,모바일거래,항공여객운송서비스,계약불이행(불완전이행)
2023039491,2023-07-28,여자,40 - 49세,경기도,기타,항공여객운송서비스,계약불이행(불완전이행)
2023039492,2023-07-28,여자,20 - 29세,서울특별시,일반판매,필라테스,계약해제.해지/위약금
2023039493,2023-07-28,남자,30 - 39세,경기도,일반판매,헬스장,계약해제.해지/위약금
2023039494,2023-07-28,여자,30 - 39세,대전광역시,일반판매,헬스장,계약해제.해지/위약금
2023039495,2023-07-28,남자,40 - 49세,경기도,모바일거래,항공여객운송서비스,청약철회
2023039496,2023-07-28,여자,30 - 39세,경기도,국내온라인거래,텐트,품질(물품/용역)
2023039497,2023-07-28,여자,50 - 59세,서울특별시,일반판매,일반강습(입시학원등),계약해제.해지/위약금
2023039498,2023-07-28,여자,20 - 29세,경상남도,기타,일반강습(입시학원등),계약해제.해지/위약금
2023039499,2023-07-28,여자,30 - 39세,서울특별시,일반판매,예식서비스,청약철회
2023039500,2023-07-28,여자,30 - 39세,서울특별시,일반판매,기타예식관련서비스,계약해제.해지/위약금
2023039501,2023-07-28,남자,50 - 59세,경기도,일반판매,기타통신기기,부당행위
2023039502,2023-07-28,남자,30 - 39세,서울특별시,국내온라인거래,세탁용합성세제,품질(물품/용역)
2023039503,2023-07-28,여자,30 - 39세,서울특별시,국내온라인거래,기타완구·인형,계약불이행(불완전이행)
2023039504,2023-07-28,여자,40 - 49세,경기도,기타통신판매,전기스탠드,품질(물품/용역)
2023039505,2023-07-28,여자,30 - 39세,광주광역시,국내온라인거래,오존살균기,계약불이행(불완전이행)
2023039506,2023-07-28,여자,20 - 29세,경기도,국내온라인거래,항공여객운송서비스,계약해제.해지/위약금
2023039507,2023-07-28,여자,30 - 39세,서울특별시,기타통신판매,스마트폰,가격.요금
2023039508,2023-07-28,여자,20 - 29세,경기도,국제온라인거래,항공여객운송서비스,계약해제.해지/위약금
2023039509,2023-07-28,여자,20 - 29세,서울특별시,소셜커머스(쇼핑),옥수수,청약철회
2023039510,2023-07-28,여자,20 - 29세,서울특별시,국내온라인거래,항공여객운송서비스,계약불이행(불완전이행)
2023039515,2023-07-29,남자,30 - 39세,경상남도,일반판매,중고전자제품매매업,품질(물품/용역)
2023039516,2023-07-29,남자,40 - 49세,경기도,국내온라인거래,원피스,청약철회
2023039517,2023-07-29,여자,30 - 39세,경기도,국내온라인거래,기타식품류,청약철회
2023039518,2023-07-29,여자,50 - 59세,광주광역시,기타,예식서비스,계약해제.해지/위약금
2023039519,2023-07-29,남자,40 - 49세,부산광역시,국내온라인거래,면도기,청약철회
2023039520,2023-07-29,남자,65 - 69세,대구광역시,모바일거래,캐주얼바지,청약철회
2023039521,2023-07-29,여자,20 - 29세,서울특별시,일반판매,헬스장,계약해제.해지/위약금
2023039522,2023-07-29,남자,20 - 29세,인천광역시,일반판매,헬스장,계약해제.해지/위약금
2023039523,2023-07-29,여자,30 - 39세,대전광역시,소셜커머스(쇼핑),전기세탁기,부당행위
2023039524,2023-07-29,여자,30 - 39세,경기도,일반판매,종합체육시설회원권,계약해제.해지/위약금
2023039525,2023-07-29,여자,20 - 29세,서울특별시,국내온라인거래,벽지·바닥재,청약철회
2023039526,2023-07-29,여자,50 - 59세,경상남도,소셜커머스(쇼핑),국외여행,품질(물품/용역)
2023039527,2023-07-29,여자,30 - 39세,강원특별자치도,일반판매,예식서비스,청약철회
2023039528,2023-07-29,여자,20 - 29세,서울특별시,국내온라인거래,CD·LD·DVD(영화·음악·게임),청약철회
2023039529,2023-07-29,여자,50 - 59세,경기도,방문판매,미분류대여(렌트),계약해제.해지/위약금
2023039530,2023-07-29,여자,30 - 39세,대구광역시,일반판매,요가,계약해제.해지/위약금
2023039531,2023-07-29,남자,40 - 49세,인천광역시,모바일거래,대리운전,계약불이행(불완전이행)
2023039532,2023-07-29,남자,30 - 39세,경기도,소셜커머스(쇼핑),기타냉장·냉동기기,AS불만
2023039533,2023-07-29,남자,30 - 39세,서울특별시,일반판매,기타음식관련서비스,품질(물품/용역)
2023039534,2023-07-29,여자,50 - 59세,서울특별시,소셜커머스(쇼핑),TV,계약불이행(불완전이행)
2023039615,2023-07-30,여자,20 - 29세,서울특별시,국내온라인거래,기타의류·섬유,청약철회
2023039616,2023-07-30,남자,30 - 39세,서울특별시,기타,예식서비스,계약해제.해지/위약금
2023039617,2023-07-30,남자,20 - 29세,경기도,기타,항공여객운송서비스,계약불이행(불완전이행)
2023039618,2023-07-30,남자,20 - 29세,충청북도,국내온라인거래,스프링매트리스,품질(물품/용역)
2023039619,2023-07-30,남자,30 - 39세,부산광역시,국내온라인거래,기타의류·섬유,청약철회
2023039620,2023-07-30,남자,30 - 39세,강원특별자치도,국내온라인거래,인터넷게임서비스,계약불이행(불완전이행)
2023039621,2023-07-30,남자,40 - 49세,서울특별시,국내온라인거래,기타스포츠·레저기구·용품,품질(물품/용역)
2023039622,2023-07-30,여자,40 - 49세,서울특별시,전화권유판매,기타민영보험,부당행위
2023039623,2023-07-30,여자,40 - 49세,경기도,일반판매,인터넷교육서비스,계약해제.해지/위약금
2023039624,2023-07-30,여자,40 - 49세,경기도,일반판매,미용서비스,계약해제.해지/위약금
2023039625,2023-07-30,여자,30 - 39세,경기도,국내온라인거래,항공여객운송서비스,계약불이행(불완전이행)
2023039626,2023-07-30,남자,30 - 39세,경상북도,일반판매,사진촬영,부당행위
2023039627,2023-07-30,여자,30 - 39세,경상남도,국내온라인거래,퍼스널컴퓨터,품질(물품/용역)
2023039628,2023-07-30,여자,30 - 39세,서울특별시,국내온라인거래,항공여객운송서비스,계약해제.해지/위약금
2023039629,2023-07-30,여자,30 - 39세,인천광역시,일반판매,헬스장,계약해제.해지/위약금
2023039630,2023-07-28,여자,40 - 49세,충청북도,국내온라인거래,주방세트,계약해제.해지/위약금
2023039631,2023-07-31,남자,65 - 69세,인천광역시,전화권유판매,오피스텔,계약해제.해지/위약금
2023039632,2023-07-31,남자,30 - 39세,인천광역시,방문판매,헬스장,계약해제.해지/위약금
2023039634,2023-07-31,남자,불명,서울특별시,전화권유판매,유사투자자문,부당행위
2023039635,2023-07-31,여자,40 - 49세,경기도,기타통신판매,건물청소서비스,계약불이행(불완전이행)
2023039637,2023-07-31,여자,30 - 39세,서울특별시,국내온라인거래,신유형상품권,청약철회
2023039638,2023-07-31,남자,30 - 39세,서울특별시,국내온라인거래,항공여객운송서비스,계약불이행(불완전이행)
2023039639,2023-07-31,남자,불명,서울특별시,기타,전자게임기구,품질(물품/용역)
2023039640,2023-07-31,여자,50 - 59세,세종특별자치시,일반판매,기타식품류,품질(물품/용역)
2023039641,2023-07-31,남자,40 - 49세,부산광역시,일반판매,스마트폰,AS불만
2023039642,2023-07-31,여자,30 - 39세,경상북도,방문판매,인터넷교육서비스,계약해제.해지/위약금
2023039643,2023-07-31,여자,불명,경기도,일반판매,티셔츠,품질(물품/용역)
2023039644,2023-07-31,남자,50 - 59세,경기도,일반판매,기타미분류서비스,가격.요금
2023039645,2023-07-31,여자,30 - 39세,서울특별시,일반판매,양복(서양식 의복)세탁,품질(물품/용역)
2023039646,2023-07-31,여자,20 - 29세,제주도,국내온라인거래,호텔,청약철회
2023039647,2023-07-31,남자,30 - 39세,서울특별시,모바일거래,카셰어링,AS불만
2023039648,2023-07-31,남자,30 - 39세,인천광역시,방문판매,헬스장,계약해제.해지/위약금
2023039649,2023-07-31,남자,50 - 59세,서울특별시,일반판매,양복(서양식 의복)세탁,품질(물품/용역)
2023039650,2023-07-31,남자,30 - 39세,경기도,일반판매,양복(서양식 의복)세탁,품질(물품/용역)
2023039651,2023-07-31,여자,30 - 39세,경기도,기타,포장이사운송서비스,품질(물품/용역)
2023039652,2023-07-31,남자,40 - 49세,제주도,모바일거래,모바일정보이용서비스,계약해제.해지/위약금
2023039653,2023-07-31,남자,30 - 39세,경기도,기타통신판매,IPTV,계약불이행(불완전이행)
2023039654,2023-07-31,여자,30 - 39세,인천광역시,국내온라인거래,캐주얼바지,품질(물품/용역)
2023039655,2023-07-31,남자,50 - 59세,경기도,기타,국내여행,계약불이행(불완전이행)
2023039656,2023-07-31,남자,20 - 29세,경기도,일반판매,헬스장,계약해제.해지/위약금
2023039657,2023-07-31,남자,불명,경기도,국내온라인거래,항공여객운송서비스,계약불이행(불완전이행)
2023039658,2023-07-31,여자,불명,경상남도,일반판매,양복(서양식 의복)세탁,품질(물품/용역)
2023039659,2023-07-31,남자,30 - 39세,서울특별시,국제온라인거래,항공여객운송서비스,계약해제.해지/위약금
2023039660,2023-07-31,여자,40 - 49세,경기도,일반판매,핸드백,품질(물품/용역)
2023039661,2023-07-31,여자,20 - 29세,서울특별시,모바일거래,호텔,청약철회
2023039662,2023-07-31,여자,30 - 39세,서울특별시,일반판매,양복(서양식 의복)세탁,품질(물품/용역)
2023039663,2023-07-31,여자,불명,울산광역시,일반판매,캐주얼바지,품질(물품/용역)
2023039664,2023-07-31,여자,50 - 59세,경기도,국내온라인거래,점퍼·재킷류,계약불이행(불완전이행)
2023039665,2023-07-31,여자,30 - 39세,인천광역시,소셜커머스(쇼핑),전기프라이팬,청약철회
2023039666,2023-07-31,여자,50 - 59세,서울특별시,일반판매,골프회원권,계약해제.해지/위약금
2023039667,2023-07-31,남자,50 - 59세,경기도,국내온라인거래,기타스포츠·레저기구·용품,표시.광고
2023039668,2023-07-31,여자,40 - 49세,서울특별시,일반판매,섀시설비,AS불만
2023039669,2023-07-31,여자,40 - 49세,서울특별시,소셜커머스(쇼핑),인터넷교육서비스,청약철회
2023039670,2023-07-31,여자,30 - 39세,서울특별시,일반판매,티셔츠,품질(물품/용역)
2023039671,2023-07-31,남자,40 - 49세,대전광역시,일반판매,중형승용자동차,계약불이행(불완전이행)
2023039672,2023-07-31,남자,40 - 49세,경기도,일반판매,국내결혼중개,계약해제.해지/위약금
2023039673,2023-07-31,여자,50 - 59세,인천광역시,일반판매,핸드백,품질(물품/용역)
2023039674,2023-07-31,남자,40 - 49세,서울특별시,일반판매,가스에어컨,계약불이행(불완전이행)
2023039675,2023-07-31,남자,60 - 64세,광주광역시,일반판매,대형승용자동차,계약불이행(불완전이행)
2023039676,2023-07-31,여자,30 - 39세,서울특별시,국내온라인거래,아이스크림,청약철회
2023039677,2023-07-31,남자,40 - 49세,인천광역시,국내온라인거래,기타이동통신,부당행위
2023039678,2023-07-31,여자,50 - 59세,경기도,국내온라인거래,냄비,표시.광고
2023039679,2023-07-31,남자,70 - 79세,인천광역시,기타통신판매,기타건강식품,품질(물품/용역)
2023039680,2023-07-31,여자,40 - 49세,서울특별시,일반판매,피부·체형관리서비스,품질(물품/용역)
2023039681,2023-07-31,여자,60 - 64세,서울특별시,방문판매,커튼,계약해제.해지/위약금
2023039682,2023-07-31,남자,70 - 79세,충청남도,일반판매,화목보일러,품질(물품/용역)
2023039683,2023-07-31,여자,40 - 49세,서울특별시,일반판매,이동전화서비스,품질(물품/용역)
2023039684,2023-07-31,남자,40 - 49세,인천광역시,국내온라인거래,포장이사운송서비스,계약불이행(불완전이행)
2023039685,2023-07-31,여자,30 - 39세,서울특별시,일반판매,성형외과,계약해제.해지/위약금
2023039687,2023-07-31,여자,40 - 49세,경상북도,방문판매,학습지,계약해제.해지/위약금
2023039688,2023-07-31,남자,80세이상,서울특별시,일반판매,치과,품질(물품/용역)
2023039689,2023-07-31,남자,50 - 59세,충청북도,일반판매,정형외과,품질(물품/용역)
2023039691,2023-07-31,여자,30 - 39세,경기도,국내온라인거래,애완동·식물용품,품질(물품/용역)
2023039692,2023-07-31,남자,50 - 59세,서울특별시,일반판매,안경·안경테,품질(물품/용역)
2023039693,2023-07-31,여자,30 - 39세,충청남도,기타,골프회원권,계약해제.해지/위약금
2023039694,2023-07-31,남자,40 - 49세,서울특별시,일반판매,안경·안경테,계약불이행(불완전이행)
2023039695,2023-07-31,남자,30 - 39세,인천광역시,일반판매,골프회원권,계약해제.해지/위약금
2023039696,2023-07-31,남자,불명,부산광역시,일반판매,양복(서양식 의복)세탁,품질(물품/용역)
2023039697,2023-07-31,여자,70 - 79세,충청북도,전화권유판매,초고속인터넷,계약불이행(불완전이행)
2023039698,2023-07-31,여자,50 - 59세,서울특별시,국내온라인거래,TV,품질(물품/용역)
2023039699,2023-07-31,여자,50 - 59세,인천광역시,일반판매,자동차대여(렌트),가격.요금
2023039700,2023-07-31,남자,60 - 64세,서울특별시,일반판매,실손보험,약관
2023039701,2023-07-31,남자,50 - 59세,서울특별시,일반판매,샌들·슬리퍼,품질(물품/용역)
2023039702,2023-07-31,여자,50 - 59세,경기도,국내온라인거래,국외여행,계약해제.해지/위약금
2023039703,2023-07-31,남자,20 - 29세,경기도,국내온라인거래,팬코일(이동식에어컨),품질(물품/용역)
2023039704,2023-07-31,여자,50 - 59세,경기도,국내온라인거래,기타회원권,계약불이행(불완전이행)
2023039705,2023-07-31,남자,40 - 49세,서울특별시,일반판매,스마트폰,품질(물품/용역)
2023039706,2023-07-31,여자,40 - 49세,대구광역시,국내온라인거래,일반자전거,청약철회
2023039707,2023-07-31,여자,20 - 29세,서울특별시,소셜커머스(쇼핑),안경·안경테,청약철회
2023039708,2023-07-31,남자,20 - 29세,서울특별시,국내온라인거래,이동전화서비스,계약불이행(불완전이행)
2023039709,2023-07-31,남자,30 - 39세,서울특별시,일반판매,기타사설강습서비스,계약해제.해지/위약금
2023039710,2023-07-31,여자,40 - 49세,경기도,전화권유판매,태블릿PC,계약해제.해지/위약금
2023039712,2023-07-31,여자,50 - 59세,서울특별시,일반판매,철도여객운송서비스,계약불이행(불완전이행)
2023039713,2023-07-31,남자,20 - 29세,서울특별시,일반판매,헬스장,청약철회
2023039714,2023-07-31,남자,30 - 39세,충청남도,국내온라인거래,각종공연관람,계약불이행(불완전이행)
2023039715,2023-07-31,남자,40 - 49세,대전광역시,일반판매,냉동고,품질(물품/용역)
2023039716,2023-07-31,남자,30 - 39세,서울특별시,일반판매,이동전화서비스,계약불이행(불완전이행)
2023039717,2023-07-31,여자,40 - 49세,서울특별시,모바일거래,항공여객운송서비스,계약불이행(불완전이행)
2023039718,2023-07-31,여자,30 - 39세,인천광역시,소셜커머스(쇼핑),보석·귀금속,품질(물품/용역)
2023039719,2023-07-31,남자,40 - 49세,서울특별시,일반판매,스마트폰,계약불이행(불완전이행)
2023039720,2023-07-31,남자,20 - 29세,경기도,일반판매,실손보험,품질(물품/용역)
2023039721,2023-07-31,남자,30 - 39세,경상남도,일반판매,상해보험,약관
2023039722,2023-07-31,남자,40 - 49세,경상남도,기타,항공여객운송서비스,계약불이행(불완전이행)
2023039723,2023-07-31,남자,65 - 69세,광주광역시,전화권유판매,유사투자자문,계약해제.해지/위약금
2023039724,2023-07-31,여자,60 - 64세,경기도,전화권유판매,유사투자자문,계약해제.해지/위약금
2023039725,2023-07-31,남자,30 - 39세,서울특별시,일반판매,보증보험,계약불이행(불완전이행)
2023039726,2023-07-31,여자,30 - 39세,경기도,일반판매,상해보험,약관
2023039727,2023-07-31,여자,20 - 29세,서울특별시,국내온라인거래,이불·침대커버,청약철회
2023039728,2023-07-31,여자,40 - 49세,대구광역시,전화권유판매,유사투자자문,계약해제.해지/위약금
2023039729,2023-07-31,남자,50 - 59세,충청남도,일반판매,건강(암·기타질병)보험,약관
2023039730,2023-07-31,남자,70 - 79세,인천광역시,기타통신판매,유사투자자문,계약해제.해지/위약금
2023039731,2023-07-31,여자,40 - 49세,강원특별자치도,일반판매,건강(암·기타질병)보험,약관
2023039732,2023-07-31,남자,70 - 79세,경기도,국내온라인거래,항공여객운송서비스,계약불이행(불완전이행)
2023039734,2023-07-31,남자,불명,서울특별시,일반판매,헬스장,계약해제.해지/위약금
2023039735,2023-07-31,남자,40 - 49세,서울특별시,일반판매,이동전화서비스,부당행위
2023039736,2023-07-31,여자,30 - 39세,인천광역시,방문판매,가스보일러,AS불만
2023039737,2023-07-31,여자,20 - 29세,서울특별시,국내온라인거래,항공여객운송서비스,계약불이행(불완전이행)
2023039738,2023-07-31,남자,(미입력),서울특별시,기타,기타미분류서비스,단순문의.상담
2023039740,2023-07-31,남자,불명,경기도,소셜커머스(쇼핑),침대,청약철회
2023039741,2023-07-31,남자,30 - 39세,서울특별시,일반판매,전등·전구,품질(물품/용역)
2023039742,2023-07-31,남자,불명,경기도,국내온라인거래,인터넷교육서비스,계약해제.해지/위약금
2023039743,2023-07-31,여자,30 - 39세,서울특별시,국내온라인거래,태블릿PC,청약철회
2023039744,2023-07-31,여자,40 - 49세,서울특별시,기타통신판매,건강(암·기타질병)보험,계약불이행(불완전이행)
2023039745,2023-07-31,여자,30 - 39세,서울특별시,모바일거래,기타세탁서비스,부당행위
2023039746,2023-07-31,남자,30 - 39세,경기도,일반판매,건물청소서비스,계약불이행(불완전이행)
2023039747,2023-07-31,남자,40 - 49세,충청남도,소셜커머스(쇼핑),기타취미용품,AS불만
2023039748,2023-07-31,남자,30 - 39세,서울특별시,기타,항공여객운송서비스,계약불이행(불완전이행)
2023039749,2023-07-31,여자,30 - 39세,강원특별자치도,기타,국내결혼중개,청약철회
2023039750,2023-07-31,여자,40 - 49세,세종특별자치시,기타,건물청소서비스,계약해제.해지/위약금
2023039751,2023-07-31,남자,40 - 49세,서울특별시,일반판매,기타인터넷기반서비스,가격.요금
2023039752,2023-07-31,남자,65 - 69세,서울특별시,모바일거래,복숭아,품질(물품/용역)
2023039753,2023-07-31,여자,30 - 39세,서울특별시,국내온라인거래,기타의류·섬유,청약철회
2023039754,2023-07-31,여자,30 - 39세,제주도,일반판매,헬스장,계약해제.해지/위약금
2023039755,2023-07-31,남자,50 - 59세,서울특별시,전화권유판매,이동전화서비스,계약해제.해지/위약금
2023039756,2023-07-31,여자,30 - 39세,서울특별시,일반판매,미용서비스,계약해제.해지/위약금
2023039757,2023-07-31,여자,50 - 59세,경기도,일반판매,도배공사,AS불만
2023039758,2023-07-31,남자,20 - 29세,경기도,일반판매,헬스장,계약해제.해지/위약금
2023039759,2023-07-31,남자,30 - 39세,서울특별시,일반판매,예식서비스,계약해제.해지/위약금
2023039760,2023-07-31,남자,50 - 59세,경기도,전화권유판매,인터넷정보이용서비스,계약해제.해지/위약금
2023039761,2023-07-31,남자,30 - 39세,강원특별자치도,기타,양복(서양식 의복)세탁,품질(물품/용역)
2023039763,2023-07-31,여자,30 - 39세,서울특별시,일반판매,헬스장,계약해제.해지/위약금
2023039764,2023-07-31,남자,30 - 39세,대전광역시,국내온라인거래,물안경,품질(물품/용역)
2023039765,2023-07-31,남자,20 - 29세,광주광역시,방문판매,헬스장,계약해제.해지/위약금
2023039766,2023-07-31,여자,30 - 39세,경기도,일반판매,필라테스,계약해제.해지/위약금
2023039767,2023-07-31,여자,40 - 49세,경기도,일반판매,국내캠프,계약해제.해지/위약금
2023039768,2023-07-31,여자,30 - 39세,경기도,일반판매,시스템에어컨,품질(물품/용역)
2023039769,2023-07-31,남자,30 - 39세,서울특별시,방문판매,보석·귀금속,청약철회
2023039770,2023-07-31,여자,30 - 39세,경기도,일반판매,사진촬영,계약해제.해지/위약금
2023039771,2023-07-31,여자,30 - 39세,인천광역시,모바일거래,변호서비스,계약해제.해지/위약금
2023039772,2023-07-31,여자,30 - 39세,서울특별시,TV홈쇼핑,기타건강식품,청약철회
2023039773,2023-07-31,남자,50 - 59세,경기도,기타,기타방문·통신교육서비스,청약철회
2023039774,2023-07-31,여자,50 - 59세,서울특별시,기타,이동전화서비스,계약해제.해지/위약금
2023039775,2023-07-31,여자,40 - 49세,대전광역시,일반판매,필라테스,계약불이행(불완전이행)
2023039776,2023-07-31,여자,30 - 39세,서울특별시,국내온라인거래,신유형상품권,부당행위
2023039778,2023-07-31,여자,20 - 29세,서울특별시,국내온라인거래,헬스장,계약해제.해지/위약금
2023039779,2023-07-31,남자,10 - 19세,울산광역시,일반판매,헬스장,계약해제.해지/위약금
2023039780,2023-07-31,남자,40 - 49세,경기도,국내온라인거래,국내결혼중개,계약해제.해지/위약금
2023039781,2023-07-31,여자,20 - 29세,충청남도,국내온라인거래,항공여객운송서비스,계약해제.해지/위약금
2023039783,2023-07-31,남자,50 - 59세,서울특별시,모바일거래,기타회원권,계약불이행(불완전이행)
2023039784,2023-07-31,남자,20 - 29세,경기도,방문판매,콘도회원권,계약해제.해지/위약금
2023039785,2023-07-31,남자,30 - 39세,경기도,국내온라인거래,쓰레기통,품질(물품/용역)
2023039786,2023-07-31,남자,20 - 29세,경기도,전화권유판매,스마트폰,AS불만
2023039787,2023-07-31,남자,20 - 29세,서울특별시,방문판매,헬스장,계약해제.해지/위약금
2023039788,2023-07-31,남자,30 - 39세,경기도,모바일거래,기타컴퓨터·주변기기,품질(물품/용역)
2023039789,2023-07-31,남자,50 - 59세,서울특별시,기타통신판매,"OTT서비스(넷플릭스,왓챠 등)",AS불만
2023039790,2023-07-31,남자,20 - 29세,서울특별시,방문판매,헬스장,계약해제.해지/위약금
2023039791,2023-07-31,남자,20 - 29세,경기도,기타,꽃·화초·화환,청약철회
2023039792,2023-07-31,여자,50 - 59세,서울특별시,모바일거래,식사배달,가격.요금
2023039793,2023-07-31,남자,40 - 49세,서울특별시,국내온라인거래,전문스포츠화(축구화·골프화 등),청약철회
2023039794,2023-07-31,남자,40 - 49세,경기도,기타통신판매,기타자동차용품,품질(물품/용역)
2023039795,2023-07-31,남자,20 - 29세,서울특별시,일반판매,헬스장,계약해제.해지/위약금
2023039796,2023-07-31,여자,40 - 49세,전라북도,국내온라인거래,기타문화·오락시설이용,계약불이행(불완전이행)
2023039797,2023-07-31,남자,40 - 49세,충청남도,일반판매,골프회원권,부당행위
2023039798,2023-07-31,여자,30 - 39세,강원특별자치도,국제온라인거래,기타숙박시설,청약철회
2023039799,2023-07-31,여자,50 - 59세,경상남도,방문판매,포장이사운송서비스,계약불이행(불완전이행)
2023039800,2023-07-31,여자,40 - 49세,경기도,소셜커머스(쇼핑),피부·체형관리서비스,계약해제.해지/위약금
2023039801,2023-07-31,여자,40 - 49세,서울특별시,방문판매,인터넷교육서비스,계약해제.해지/위약금
2023039802,2023-07-31,남자,40 - 49세,서울특별시,국내온라인거래,김치냉장고,계약불이행(불완전이행)
2023039803,2023-07-31,남자,60 - 64세,서울특별시,일반판매,통신기기주변장치,품질(물품/용역)
2023039804,2023-07-31,남자,40 - 49세,대구광역시,소셜커머스(쇼핑),기타컴퓨터·주변기기,품질(물품/용역)
2023039805,2023-07-31,남자,20 - 29세,경기도,일반판매,시계,계약불이행(불완전이행)
2023039806,2023-07-31,남자,30 - 39세,서울특별시,국내온라인거래,티셔츠,부당행위
2023039807,2023-07-31,남자,30 - 39세,대구광역시,국내온라인거래,마우스,청약철회
2023039808,2023-07-31,남자,30 - 39세,경기도,소셜커머스(쇼핑),노트북컴퓨터,AS불만
2023039809,2023-07-31,여자,20 - 29세,경기도,국내온라인거래,펜션,청약철회
2023039811,2023-07-31,여자,30 - 39세,서울특별시,국내온라인거래,건물청소서비스,부당행위
2023039812,2023-07-31,남자,30 - 39세,경기도,국내온라인거래,보석·귀금속,부당행위
2023039813,2023-07-31,여자,30 - 39세,부산광역시,모바일거래,펜션,계약해제.해지/위약금
2023039814,2023-07-31,남자,20 - 29세,서울특별시,국내온라인거래,기타가구,계약불이행(불완전이행)
2023039815,2023-07-31,남자,50 - 59세,서울특별시,일반판매,가스보일러,품질(물품/용역)
2023039816,2023-07-31,남자,30 - 39세,서울특별시,국내온라인거래,항공여객운송서비스,계약해제.해지/위약금
2023039817,2023-07-31,여자,10 - 19세,서울특별시,일반판매,포장이사운송서비스,품질(물품/용역)
2023039818,2023-07-31,남자,30 - 39세,전라남도,전화권유판매,인터넷정보이용서비스,계약해제.해지/위약금
2023039819,2023-07-31,여자,20 - 29세,경기도,일반판매,기타교육서비스,계약해제.해지/위약금
2023039820,2023-07-31,남자,60 - 64세,경기도,기타,국외여행,계약해제.해지/위약금
2023039821,2023-07-31,여자,20 - 29세,인천광역시,전화권유판매,인터넷교육서비스,계약해제.해지/위약금
2023039822,2023-07-31,남자,40 - 49세,경상남도,일반판매,소파,품질(물품/용역)
2023039823,2023-07-31,여자,40 - 49세,경기도,일반판매,기타세탁서비스,청약철회
2023039824,2023-07-31,여자,40 - 49세,경기도,일반판매,스마트폰,품질(물품/용역)
2023039825,2023-07-31,남자,30 - 39세,서울특별시,일반판매,전기세탁기,품질(물품/용역)
2023039826,2023-07-31,남자,40 - 49세,경기도,기타,화장실설비,품질(물품/용역)
2023039827,2023-07-31,남자,30 - 39세,서울특별시,국내온라인거래,기타의류·섬유,청약철회
2023039828,2023-07-31,여자,60 - 64세,서울특별시,소셜커머스(쇼핑),기타가구,청약철회
2023039829,2023-07-31,여자,20 - 29세,서울특별시,국내온라인거래,애완동·식물용품,가격.요금
2023039830,2023-07-31,여자,40 - 49세,인천광역시,국제온라인거래,항공여객운송서비스,계약불이행(불완전이행)
2023039831,2023-07-31,여자,30 - 39세,인천광역시,국내온라인거래,호텔,청약철회
2023039832,2023-07-31,여자,10 - 19세,서울특별시,국내온라인거래,인쇄서비스,계약불이행(불완전이행)
2023039833,2023-07-31,남자,30 - 39세,대전광역시,모바일거래,모바일게임서비스,품질(물품/용역)
2023039834,2023-07-31,여자,30 - 39세,서울특별시,일반판매,오피스텔,계약해제.해지/위약금
2023039835,2023-07-31,여자,30 - 39세,대구광역시,기타,셔츠,청약철회
2023039836,2023-07-31,여자,20 - 29세,대구광역시,전화권유판매,인터넷정보이용서비스,계약해제.해지/위약금
2023039837,2023-07-31,남자,30 - 39세,서울특별시,방문판매,헬스장,계약해제.해지/위약금
2023039838,2023-08-01,남자,40 - 49세,경기도,국내온라인거래,전기자전거,안전(제품/시설)
2023039839,2023-08-01,남자,불명,경기도,국내온라인거래,전기면도기,계약불이행(불완전이행)
2023039840,2023-08-01,여자,40 - 49세,서울특별시,국내온라인거래,복숭아,품질(물품/용역)
2023039841,2023-08-01,남자,40 - 49세,서울특별시,일반판매,수영장회원권,계약해제.해지/위약금
2023039842,2023-08-01,여자,40 - 49세,충청남도,일반판매,소형승용자동차,품질(물품/용역)
2023039843,2023-08-01,여자,30 - 39세,서울특별시,기타,사진촬영,계약불이행(불완전이행)
2023039844,2023-08-01,남자,20 - 29세,서울특별시,일반판매,카셰어링,품질(물품/용역)
2023039845,2023-08-01,남자,20 - 29세,세종특별자치시,일반판매,고시원이용,계약해제.해지/위약금
2023039846,2023-08-01,남자,40 - 49세,경기도,국내온라인거래,차량네비게이션(자동항법장치),표시.광고
2023039847,2023-08-01,남자,65 - 69세,경기도,소셜커머스(쇼핑),음식물처리기,AS불만
2023039848,2023-08-01,남자,65 - 69세,대전광역시,기타,기타약품,품질(물품/용역)
2023039849,2023-08-01,여자,20 - 29세,경기도,기타,포장이사운송서비스,계약불이행(불완전이행)
2023039850,2023-08-01,남자,50 - 59세,경기도,일반판매,소파,계약불이행(불완전이행)
2023039851,2023-08-01,여자,40 - 49세,서울특별시,일반판매,결혼준비대행서비스,계약해제.해지/위약금
2023039852,2023-08-01,여자,60 - 64세,서울특별시,국내온라인거래,국외여행,안전(제품/시설)
2023039853,2023-08-01,여자,40 - 49세,경기도,국내온라인거래,인터넷교육서비스,계약해제.해지/위약금
2023039854,2023-08-01,남자,50 - 59세,충청북도,일반판매,국외여행,계약해제.해지/위약금
2023039855,2023-08-01,남자,40 - 49세,대구광역시,국내온라인거래,항공여객운송서비스,계약불이행(불완전이행)
2023039856,2023-08-01,남자,70 - 79세,서울특별시,전화권유판매,유사투자자문,계약해제.해지/위약금
2023039857,2023-08-01,여자,50 - 59세,서울특별시,국내온라인거래,차량용블랙박스,계약불이행(불완전이행)
2023039858,2023-08-01,남자,30 - 39세,서울특별시,국내온라인거래,전기자전거,품질(물품/용역)
2023039859,2023-08-01,여자,30 - 39세,서울특별시,일반판매,차량용블랙박스,품질(물품/용역)
2023039860,2023-08-01,남자,40 - 49세,경기도,소셜커머스(쇼핑),전기진공청소기,계약불이행(불완전이행)
2023039861,2023-08-01,여자,20 - 29세,서울특별시,일반판매,피부과,계약해제.해지/위약금
2023039862,2023-08-01,여자,30 - 39세,서울특별시,일반판매,피부과,계약해제.해지/위약금
2023039863,2023-08-01,남자,30 - 39세,서울특별시,일반판매,오토바이,품질(물품/용역)
2023039866,2023-08-01,여자,50 - 59세,경기도,일반판매,양복(서양식 의복)세탁,품질(물품/용역)
2023039867,2023-08-01,남자,65 - 69세,경상북도,전화권유판매,유사투자자문,계약해제.해지/위약금
2023039868,2023-08-01,남자,30 - 39세,경기도,일반판매,차량용블랙박스,계약해제.해지/위약금
2023039869,2023-08-01,여자,50 - 59세,대전광역시,일반판매,필라테스,계약해제.해지/위약금
2023039870,2023-08-01,남자,60 - 64세,경기도,전화권유판매,이동전화서비스,계약불이행(불완전이행)
2023039871,2023-08-01,여자,40 - 49세,경기도,국내온라인거래,호텔,계약해제.해지/위약금
2023039872,2023-08-01,여자,20 - 29세,경기도,국내온라인거래,원피스,청약철회
2023039873,2023-08-01,여자,30 - 39세,충청북도,국내온라인거래,생활패션화(슬립온·아쿠아슈즈·장화·작업화 등),품질(물품/용역)
2023039874,2023-08-01,여자,40 - 49세,서울특별시,일반판매,점퍼·재킷류,품질(물품/용역)
2023039875,2023-08-01,남자,50 - 59세,대구광역시,국내온라인거래,영화관람,계약불이행(불완전이행)
2023039876,2023-08-01,남자,40 - 49세,경기도,국내온라인거래,전기자전거,계약불이행(불완전이행)
2023039877,2023-08-01,여자,20 - 29세,경기도,일반판매,숙녀화(구두·부츠 등),청약철회
2023039878,2023-08-01,남자,30 - 39세,인천광역시,일반판매,헬스장,계약해제.해지/위약금
2023039880,2023-08-01,여자,50 - 59세,인천광역시,일반판매,운동화,품질(물품/용역)
2023039881,2023-08-01,여자,50 - 59세,전라북도,국내온라인거래,숙녀화(구두·부츠 등),품질(물품/용역)
2023039882,2023-08-01,남자,40 - 49세,충청남도,일반판매,건강(암·기타질병)보험,부당행위
2023039883,2023-08-01,남자,30 - 39세,경기도,기타,스마트폰,AS불만
2023039884,2023-08-01,여자,40 - 49세,대구광역시,TV홈쇼핑,보석·귀금속,AS불만
2023039885,2023-08-01,남자,40 - 49세,인천광역시,일반판매,핸드백,품질(물품/용역)
2023039886,2023-08-01,남자,60 - 64세,서울특별시,국내온라인거래,운동화,품질(물품/용역)
2023039887,2023-08-01,여자,40 - 49세,서울특별시,일반판매,운동화,품질(물품/용역)
2023039888,2023-08-01,여자,40 - 49세,경기도,일반판매,기타침구류,품질(물품/용역)
2023039889,2023-08-01,남자,(미입력),서울특별시,일반판매,소형승용자동차,AS불만
2023039890,2023-08-01,남자,40 - 49세,광주광역시,국내온라인거래,캐주얼바지,품질(물품/용역)
2023039891,2023-08-01,여자,65 - 69세,서울특별시,일반판매,TV,계약해제.해지/위약금
2023039892,2023-08-01,남자,65 - 69세,서울특별시,일반판매,신사화(구두·부츠 등),품질(물품/용역)
2023039893,2023-08-01,여자,20 - 29세,경기도,일반판매,헬스장,계약해제.해지/위약금
2023039894,2023-08-01,남자,20 - 29세,서울특별시,소셜커머스(쇼핑),자동차대여(렌트),청약철회
2023039895,2023-08-01,남자,80세이상,충청북도,일반판매,변호서비스,계약불이행(불완전이행)
2023039896,2023-08-01,남자,30 - 39세,경기도,국내온라인거래,항공여객운송서비스,청약철회
2023039897,2023-08-01,여자,20 - 29세,인천광역시,기타,기타위생서비스,계약해제.해지/위약금
2023039898,2023-08-01,여자,30 - 39세,광주광역시,국내온라인거래,캐주얼바지,청약철회
2023039899,2023-08-01,남자,65 - 69세,경상북도,기타,기타주택·건물,품질(물품/용역)
2023039900,2023-08-01,여자,60 - 64세,경상남도,일반판매,기타가방,품질(물품/용역)
2023039901,2023-08-01,여자,65 - 69세,서울특별시,기타,블라인드,AS불만
2023039902,2023-08-01,남자,30 - 39세,경기도,기타,양복(서양식 의복)세탁,품질(물품/용역)
2023039904,2023-08-01,여자,50 - 59세,경상북도,일반판매,이불·요,품질(물품/용역)
2023039905,2023-08-01,남자,30 - 39세,서울특별시,국내온라인거래,컴퓨터모니터(데스크탑),품질(물품/용역)
2023039907,2023-08-01,여자,30 - 39세,경기도,일반판매,피부·체형관리서비스,계약해제.해지/위약금
2023039909,2023-08-01,여자,50 - 59세,인천광역시,일반판매,운동화,품질(물품/용역)
2023039910,2023-08-01,여자,30 - 39세,서울특별시,일반판매,피부과,품질(물품/용역)
2023039911,2023-08-01,남자,40 - 49세,충청북도,국내온라인거래,기타자동차부품,청약철회
2023039912,2023-08-01,여자,40 - 49세,경기도,일반판매,자동차수리·점검,계약불이행(불완전이행)
2023039913,2023-08-01,여자,20 - 29세,경기도,국내온라인거래,기타서적음반류,청약철회
2023039914,2023-08-01,여자,30 - 39세,대전광역시,국내온라인거래,식탁,품질(물품/용역)
2023039915,2023-08-01,남자,40 - 49세,인천광역시,일반판매,헬스장,계약해제.해지/위약금
2023039916,2023-08-01,남자,40 - 49세,경기도,기타,기타가스·급배수설비,가격.요금
2023039917,2023-08-01,여자,30 - 39세,서울특별시,일반판매,헬스장,계약해제.해지/위약금
2023039918,2023-08-01,남자,20 - 29세,서울특별시,국내온라인거래,점퍼·재킷류,청약철회
2023039919,2023-08-01,여자,30 - 39세,경기도,일반판매,포장이사운송서비스,계약불이행(불완전이행)
2023039920,2023-08-01,여자,30 - 39세,인천광역시,국제온라인거래,항공여객운송서비스,계약해제.해지/위약금
2023039921,2023-08-01,여자,50 - 59세,인천광역시,기타통신판매,이동전화서비스,계약불이행(불완전이행)
2023039922,2023-08-01,남자,60 - 64세,광주광역시,기타,노트북컴퓨터,AS불만
2023039923,2023-08-01,남자,40 - 49세,부산광역시,일반판매,헬스장,계약해제.해지/위약금
2023039924,2023-08-01,여자,30 - 39세,부산광역시,일반판매,이동전화서비스,AS불만
2023039925,2023-08-01,남자,20 - 29세,경기도,국내온라인거래,캐주얼바지,표시.광고
2023039926,2023-08-01,여자,40 - 49세,경기도,국내온라인거래,전기세탁기,품질(물품/용역)
2023039927,2023-08-01,남자,20 - 29세,대구광역시,국내온라인거래,기타숙박시설,계약불이행(불완전이행)
2023039928,2023-08-01,여자,40 - 49세,서울특별시,국내온라인거래,전등·전구,품질(물품/용역)
2023039929,2023-08-01,여자,30 - 39세,서울특별시,방문판매,헬스장,계약해제.해지/위약금
2023039930,2023-08-01,여자,20 - 29세,경기도,소셜커머스(쇼핑),펜션,청약철회
2023039931,2023-08-01,남자,20 - 29세,충청북도,모바일거래,기타숙박시설,계약해제.해지/위약금
2023039932,2023-08-01,남자,50 - 59세,서울특별시,국내온라인거래,기타의류·섬유,계약불이행(불완전이행)
2023039933,2023-08-01,여자,50 - 59세,경기도,국내온라인거래,소프트웨어,청약철회
2023039934,2023-08-01,여자,30 - 39세,서울특별시,일반판매,시계,품질(물품/용역)
2023039935,2023-08-01,여자,30 - 39세,서울특별시,기타통신판매,김치냉장고,표시.광고
2023039936,2023-08-01,남자,20 - 29세,경기도,국내온라인거래,항공여객운송서비스,계약해제.해지/위약금
2023039937,2023-08-01,여자,20 - 29세,경기도,국내온라인거래,종합체육시설회원권,계약해제.해지/위약금
2023039938,2023-08-01,여자,30 - 39세,광주광역시,방문판매,헬스장,계약해제.해지/위약금
2023039939,2023-08-01,남자,65 - 69세,경기도,방문판매,기타인테리어설비,AS불만
2023039940,2023-08-01,남자,40 - 49세,경기도,소셜커머스(쇼핑),메모리,계약해제.해지/위약금
2023039941,2023-08-01,남자,20 - 29세,경기도,방문판매,헬스장,계약해제.해지/위약금
2023039942,2023-08-01,남자,40 - 49세,서울특별시,국내온라인거래,호텔,품질(물품/용역)
2023039943,2023-08-01,여자,30 - 39세,서울특별시,기타,외식,안전(제품/시설)
2023039944,2023-08-01,여자,30 - 39세,충청북도,국내온라인거래,샌들·슬리퍼,청약철회
2023039945,2023-08-01,여자,20 - 29세,경기도,국내온라인거래,인터넷정보이용서비스,계약해제.해지/위약금
2023039946,2023-08-01,여자,60 - 64세,강원특별자치도,일반판매,스마트폰,가격.요금
2023039947,2023-08-01,여자,30 - 39세,서울특별시,일반판매,포장이사운송서비스,품질(물품/용역)
2023039948,2023-08-01,여자,20 - 29세,부산광역시,국내온라인거래,기타숙박시설,계약해제.해지/위약금
2023039949,2023-08-01,여자,30 - 39세,대구광역시,일반판매,블라우스,품질(물품/용역)
2023039950,2023-08-01,남자,30 - 39세,서울특별시,국내온라인거래,인덕션레인지,AS불만
2023039951,2023-08-01,여자,20 - 29세,경기도,기타,기타의료용구,안전(제품/시설)
2023039952,2023-08-01,여자,60 - 64세,경상북도,국내온라인거래,이동전화서비스,청약철회
2023039953,2023-08-01,여자,40 - 49세,서울특별시,국내온라인거래,프린터잉크,품질(물품/용역)
2023039954,2023-08-01,남자,20 - 29세,경기도,국내온라인거래,기타가구,품질(물품/용역)
2023039955,2023-08-01,남자,20 - 29세,전라북도,전화권유판매,IPTV,계약해제.해지/위약금
2023039956,2023-08-01,남자,20 - 29세,서울특별시,국내온라인거래,기타신변용품,부당행위
2023039957,2023-08-01,남자,30 - 39세,부산광역시,기타,헤어드라이어,안전(제품/시설)
2023039958,2023-08-01,여자,50 - 59세,세종특별자치시,일반판매,기타가구,품질(물품/용역)
2023039959,2023-08-01,남자,60 - 64세,서울특별시,일반판매,스마트폰,AS불만
2023039960,2023-08-01,남자,40 - 49세,서울특별시,기타,기타주거관리설비,품질(물품/용역)
2023039961,2023-08-01,남자,30 - 39세,인천광역시,기타통신판매,이동전화서비스,가격.요금
2023039962,2023-08-01,여자,50 - 59세,서울특별시,국내온라인거래,인터넷교육서비스,부당채권추심
2023039963,2023-08-01,여자,30 - 39세,경상남도,일반판매,경비·관리서비스,계약해제.해지/위약금
2023039964,2023-08-01,남자,40 - 49세,경기도,국내온라인거래,전기진공청소기,품질(물품/용역)
2023039965,2023-08-01,남자,50 - 59세,강원특별자치도,기타,초고속인터넷,계약해제.해지/위약금
2023039966,2023-08-01,남자,30 - 39세,인천광역시,기타통신판매,스마트폰,품질(물품/용역)
2023039967,2023-08-01,남자,30 - 39세,경기도,방문판매,헬스장,계약해제.해지/위약금
2023039968,2023-08-01,남자,40 - 49세,경기도,국제온라인거래,항공여객운송서비스,계약불이행(불완전이행)
2023039969,2023-08-01,남자,20 - 29세,충청북도,국내온라인거래,시계,AS불만
2023039970,2023-08-01,여자,40 - 49세,인천광역시,일반판매,변호서비스,가격.요금
2023039971,2023-08-01,여자,50 - 59세,충청남도,일반판매,사진촬영,부당행위
2023039972,2023-08-01,여자,30 - 39세,서울특별시,기타,미용서비스,청약철회
2023039973,2023-08-01,남자,40 - 49세,대전광역시,일반판매,스마트폰,AS불만
2023039974,2023-08-01,여자,30 - 39세,경상남도,국내온라인거래,LED램프,계약불이행(불완전이행)
2023039975,2023-08-01,남자,40 - 49세,경기도,국내온라인거래,기타사무용품,품질(물품/용역)
2023039976,2023-08-01,여자,50 - 59세,경기도,일반판매,룸에어컨,품질(물품/용역)
2023039977,2023-08-01,여자,50 - 59세,서울특별시,국내온라인거래,애완동·식물용품,부당행위
2023039978,2023-08-01,여자,30 - 39세,경기도,일반판매,수영장회원권,계약해제.해지/위약금
2023039979,2023-08-01,여자,30 - 39세,광주광역시,방문판매,방문교육,계약해제.해지/위약금
2023039980,2023-08-01,여자,20 - 29세,울산광역시,국내온라인거래,애완견,계약해제.해지/위약금
2023039981,2023-08-01,남자,40 - 49세,대구광역시,국내온라인거래,전기진공청소기,AS불만
2023039982,2023-08-01,여자,40 - 49세,부산광역시,소셜커머스(쇼핑),샌들·슬리퍼,청약철회
2023039983,2023-08-01,남자,30 - 39세,경기도,일반판매,헬스장,계약해제.해지/위약금
2023039984,2023-08-01,여자,40 - 49세,경기도,기타,포장이사운송서비스,품질(물품/용역)
2023039985,2023-08-01,여자,20 - 29세,경기도,일반판매,예식서비스,계약해제.해지/위약금
2023039986,2023-08-01,여자,20 - 29세,서울특별시,방문판매,헬스장,계약해제.해지/위약금
2023039987,2023-08-01,남자,30 - 39세,서울특별시,일반판매,사진촬영,계약불이행(불완전이행)
2023039988,2023-08-01,여자,40 - 49세,경기도,국내온라인거래,전기요,품질(물품/용역)
2023039989,2023-08-01,남자,20 - 29세,대전광역시,국내온라인거래,캐주얼바지,청약철회
2023039990,2023-08-01,남자,50 - 59세,경기도,소셜커머스(쇼핑),도어록,표시.광고
2023039991,2023-08-01,남자,20 - 29세,전라북도,방문판매,헬스장,계약해제.해지/위약금
2023039992,2023-08-01,남자,40 - 49세,서울특별시,일반판매,종합체육시설회원권,계약해제.해지/위약금
2023039993,2023-08-01,여자,20 - 29세,인천광역시,기타통신판매,인터넷교육서비스,계약해제.해지/위약금
2023039994,2023-08-01,남자,50 - 59세,부산광역시,기타,외식,품질(물품/용역)
2023039995,2023-08-01,여자,20 - 29세,제주도,다단계판매,음식물처리기대여(렌트),계약해제.해지/위약금
2023039996,2023-08-01,남자,30 - 39세,경상남도,국내온라인거래,인터넷교육서비스,계약해제.해지/위약금
2023039997,2023-08-01,여자,30 - 39세,서울특별시,일반판매,필라테스,계약해제.해지/위약금
2023039998,2023-08-01,남자,50 - 59세,서울특별시,국내온라인거래,카메라,품질(물품/용역)
2023039999,2023-08-01,여자,65 - 69세,서울특별시,일반판매,이동전화서비스,계약해제.해지/위약금
2023040000,2023-08-01,여자,30 - 39세,경상북도,방문판매,학습지,계약해제.해지/위약금
2023040001,2023-08-01,여자,20 - 29세,경기도,일반판매,기타세탁서비스,품질(물품/용역)
2023040002,2023-08-01,여자,20 - 29세,서울특별시,국내온라인거래,항공여객운송서비스,계약해제.해지/위약금
2023040003,2023-08-01,남자,40 - 49세,충청남도,국제온라인거래,숙녀화(구두·부츠 등),가격.요금
2023040004,2023-08-01,여자,40 - 49세,경기도,일반판매,기타신변용품,품질(물품/용역)
2023040005,2023-08-01,남자,30 - 39세,경기도,기타,아파트,AS불만
2023040006,2023-08-01,남자,30 - 39세,서울특별시,방문판매,헬스장,계약해제.해지/위약금
2023040007,2023-08-01,남자,40 - 49세,대구광역시,국내온라인거래,기타신발·용품,계약불이행(불완전이행)
2023040008,2023-08-01,여자,30 - 39세,경상남도,국내온라인거래,블라우스,청약철회
2023040009,2023-08-01,남자,20 - 29세,경기도,방문판매,헬스장,계약해제.해지/위약금
2023040010,2023-08-01,여자,40 - 49세,경기도,국내온라인거래,영화관람,계약해제.해지/위약금
2023040011,2023-08-01,여자,30 - 39세,서울특별시,일반판매,숙녀화(구두·부츠 등),계약불이행(불완전이행)
2023040012,2023-08-01,여자,30 - 39세,경기도,소셜커머스(쇼핑),장식장,품질(물품/용역)
2023040013,2023-08-01,여자,20 - 29세,부산광역시,모바일거래,영화관람,계약불이행(불완전이행)
2023040014,2023-08-01,남자,40 - 49세,충청남도,일반판매,일반이사운송서비스,계약불이행(불완전이행)
2023040015,2023-08-01,여자,60 - 64세,서울특별시,기타,룸에어컨,품질(물품/용역)
2023040016,2023-08-01,여자,30 - 39세,대전광역시,일반판매,기타숙박시설,부당행위
2023040017,2023-08-01,여자,80세이상,서울특별시,TV홈쇼핑,안마의자대여(렌트),계약해제.해지/위약금
2023040018,2023-08-01,남자,30 - 39세,경상남도,국내온라인거래,일반강습(입시학원등),청약철회
2023040019,2023-08-01,여자,30 - 39세,대구광역시,일반판매,기타숙박시설,계약불이행(불완전이행)
2023040020,2023-08-01,여자,40 - 49세,전라북도,소셜커머스(쇼핑),점퍼·재킷류,청약철회
2023040021,2023-08-01,여자,40 - 49세,경기도,일반판매,골프회원권,계약해제.해지/위약금
2023040022,2023-08-01,여자,40 - 49세,서울특별시,국내온라인거래,기타스포츠·레저기구·용품,품질(물품/용역)
2023040023,2023-08-01,남자,20 - 29세,광주광역시,일반판매,헬스장,계약해제.해지/위약금
2023040024,2023-08-01,남자,50 - 59세,서울특별시,일반판매,콘도회원권,계약해제.해지/위약금
2023040025,2023-08-01,여자,30 - 39세,광주광역시,일반판매,공업용기계,청약철회
2023040026,2023-08-01,여자,30 - 39세,서울특별시,국내온라인거래,기타세탁서비스,품질(물품/용역)
2023040027,2023-08-01,여자,20 - 29세,강원특별자치도,일반판매,도배공사,품질(물품/용역)
2023040028,2023-08-01,남자,20 - 29세,서울특별시,모바일거래,건물청소서비스,계약불이행(불완전이행)
2023040029,2023-08-01,여자,30 - 39세,서울특별시,일반판매,헬스장,계약해제.해지/위약금
2023040030,2023-08-01,여자,40 - 49세,부산광역시,일반판매,기타회원권,계약해제.해지/위약금
2023040031,2023-08-01,남자,30 - 39세,서울특별시,국내온라인거래,CCTV,AS불만
2023040032,2023-08-01,여자,50 - 59세,전라남도,방문판매,인터넷교육서비스,계약해제.해지/위약금
2023040033,2023-08-01,여자,20 - 29세,인천광역시,국내온라인거래,펜션,계약해제.해지/위약금
2023040034,2023-08-01,여자,30 - 39세,서울특별시,국내온라인거래,신발세탁,청약철회
2023040035,2023-08-01,여자,20 - 29세,경상남도,모바일거래,영화관람,청약철회
2023040036,2023-08-01,여자,50 - 59세,대전광역시,전화권유판매,인터넷정보이용서비스,계약해제.해지/위약금
2023040037,2023-08-02,여자,30 - 39세,부산광역시,국내온라인거래,김치냉장고,품질(물품/용역)
2023040038,2023-08-02,여자,30 - 39세,서울특별시,국내온라인거래,기타침대류,표시.광고
2023040039,2023-08-02,남자,30 - 39세,인천광역시,기타,포장이사운송서비스,계약불이행(불완전이행)
2023040040,2023-08-02,남자,30 - 39세,서울특별시,국내온라인거래,스포츠시설이용,청약철회
2023040041,2023-08-02,여자,20 - 29세,충청북도,모바일거래,영화관람,계약해제.해지/위약금
2023040042,2023-08-02,여자,30 - 39세,서울특별시,기타통신판매,미용서비스,계약해제.해지/위약금
2023040043,2023-08-02,여자,불명,전라남도,소셜커머스(쇼핑),전기진공청소기,AS불만
2023040044,2023-08-02,남자,80세이상,부산광역시,일반판매,이동전화서비스,계약해제.해지/위약금
2023040045,2023-08-02,남자,40 - 49세,경기도,일반판매,외식,품질(물품/용역)
2023040046,2023-08-02,여자,불명,서울특별시,기타,펜션,품질(물품/용역)
2023040047,2023-08-02,남자,20 - 29세,부산광역시,일반판매,피부과,계약해제.해지/위약금
2023040048,2023-08-02,남자,60 - 64세,서울특별시,국내온라인거래,기타스포츠·레저기구·용품,청약철회
2023040049,2023-08-02,남자,30 - 39세,경기도,국내온라인거래,호텔,계약해제.해지/위약금
2023040050,2023-08-02,남자,40 - 49세,서울특별시,국내온라인거래,사진촬영,표시.광고
2023040051,2023-08-02,여자,20 - 29세,서울특별시,전화권유판매,상조서비스,계약해제.해지/위약금
2023040052,2023-08-02,남자,65 - 69세,부산광역시,국내온라인거래,TV,표시.광고
2023040053,2023-08-02,여자,30 - 39세,경기도,일반판매,소파,품질(물품/용역)
2023040054,2023-08-02,여자,50 - 59세,서울특별시,일반판매,니트(스웨터),품질(물품/용역)
2023040056,2023-08-02,여자,30 - 39세,서울특별시,국제온라인거래,신용카드,부당행위
2023040057,2023-08-02,남자,40 - 49세,서울특별시,국내온라인거래,인터넷교육서비스,계약해제.해지/위약금
2023040058,2023-08-02,여자,40 - 49세,경기도,국내온라인거래,블라우스,품질(물품/용역)
2023040059,2023-08-02,남자,30 - 39세,서울특별시,모바일거래,항공여객운송서비스,계약불이행(불완전이행)
2023040060,2023-08-02,여자,30 - 39세,경기도,국내온라인거래,음식물처리기,청약철회
2023040061,2023-08-02,남자,40 - 49세,경기도,일반판매,가발,품질(물품/용역)
2023040062,2023-08-02,여자,50 - 59세,경상남도,일반판매,건강(암·기타질병)보험,계약불이행(불완전이행)
2023040063,2023-08-02,여자,50 - 59세,경상남도,일반판매,건강(암·기타질병)보험,계약불이행(불완전이행)
2023040064,2023-08-02,남자,50 - 59세,경기도,일반판매,자동차수리·점검,품질(물품/용역)
2023040065,2023-08-02,남자,40 - 49세,부산광역시,일반판매,자동차대여(렌트),계약해제.해지/위약금
2023040066,2023-08-02,여자,40 - 49세,서울특별시,일반판매,헬스장,품질(물품/용역)
2023040067,2023-08-02,남자,30 - 39세,서울특별시,일반판매,점퍼·재킷류,품질(물품/용역)
2023040068,2023-08-02,여자,(미입력),서울특별시,국내온라인거래,기타가방,청약철회
2023040069,2023-08-02,남자,70 - 79세,충청남도,일반판매,우유,계약해제.해지/위약금
2023040070,2023-08-02,남자,30 - 39세,강원특별자치도,일반판매,핸드백,품질(물품/용역)
2023040071,2023-08-02,남자,40 - 49세,경기도,일반판매,상조서비스,부당행위
2023040072,2023-08-02,남자,65 - 69세,충청남도,일반판매,이비인후과,품질(물품/용역)
2023040073,2023-08-02,남자,70 - 79세,경상남도,일반판매,외과,품질(물품/용역)
2023040075,2023-08-02,남자,50 - 59세,경기도,전화권유판매,전자게임기구,계약불이행(불완전이행)
2023040076,2023-08-02,남자,30 - 39세,전라남도,전화권유판매,유사투자자문,계약해제.해지/위약금
2023040077,2023-08-02,남자,30 - 39세,부산광역시,국내온라인거래,보석·귀금속,계약불이행(불완전이행)
2023040078,2023-08-02,여자,50 - 59세,서울특별시,일반판매,건물청소서비스,계약불이행(불완전이행)
2023040079,2023-08-02,여자,20 - 29세,인천광역시,일반판매,헤드폰·이어폰,부당행위
2023040080,2023-08-02,여자,65 - 69세,경상북도,기타통신판매,유사투자자문,계약해제.해지/위약금
2023040081,2023-08-02,남자,30 - 39세,경기도,일반판매,인터넷정보이용서비스,청약철회
2023040082,2023-08-02,여자,20 - 29세,경기도,국내온라인거래,기타서적음반류,계약불이행(불완전이행)
2023040083,2023-08-02,남자,30 - 39세,경상남도,기타,기타미분류물품,표시.광고
2023040087,2023-08-02,여자,20 - 29세,대구광역시,전화권유판매,상조서비스,청약철회
2023040088,2023-08-02,남자,30 - 39세,경기도,전화권유판매,유사투자자문,청약철회
2023040089,2023-08-02,남자,40 - 49세,대전광역시,일반판매,국내결혼중개,계약해제.해지/위약금
2023040090,2023-08-02,여자,40 - 49세,인천광역시,소셜커머스(쇼핑),기타이·미용기구,품질(물품/용역)
2023040091,2023-08-02,남자,40 - 49세,서울특별시,모바일거래,빵,계약불이행(불완전이행)
2023040092,2023-08-02,여자,70 - 79세,서울특별시,일반판매,이동전화서비스,계약해제.해지/위약금
2023040093,2023-08-02,여자,30 - 39세,서울특별시,국내온라인거래,양복(서양식 의복)세탁,품질(물품/용역)
2023040094,2023-08-02,여자,40 - 49세,서울특별시,국내온라인거래,애완동·식물용품,품질(물품/용역)
2023040095,2023-08-02,남자,50 - 59세,경기도,기타,건물청소서비스,품질(물품/용역)
2023040096,2023-08-02,여자,20 - 29세,충청남도,일반판매,양복(서양식 의복)세탁,품질(물품/용역)
2023040097,2023-08-02,남자,50 - 59세,경기도,국내온라인거래,항공여객운송서비스,계약해제.해지/위약금
2023040098,2023-08-02,남자,50 - 59세,서울특별시,일반판매,이동전화서비스,품질(물품/용역)
2023040099,2023-08-02,여자,50 - 59세,서울특별시,일반판매,핸드백,품질(물품/용역)
2023040100,2023-08-02,남자,20 - 29세,서울특별시,방문판매,헬스장,계약해제.해지/위약금
2023040101,2023-08-02,남자,불명,경상북도,일반판매,기타가방,품질(물품/용역)
2023040102,2023-08-02,남자,40 - 49세,경기도,일반판매,기타세탁서비스,AS불만
2023040103,2023-08-02,남자,40 - 49세,서울특별시,일반판매,인터넷정보이용서비스,품질(물품/용역)
2023040104,2023-08-02,여자,20 - 29세,서울특별시,방문판매,결혼준비대행서비스,계약해제.해지/위약금
2023040105,2023-08-02,남자,60 - 64세,충청북도,일반판매,정형외과,품질(물품/용역)
2023040106,2023-08-02,남자,20 - 29세,강원특별자치도,국내온라인거래,전기자전거,청약철회
2023040107,2023-08-02,여자,50 - 59세,서울특별시,국내온라인거래,기타과일·과일가공식품,안전(제품/시설)
2023040108,2023-08-02,여자,30 - 39세,경기도,소셜커머스(쇼핑),기타문화·오락시설이용,가격.요금
2023040109,2023-08-02,남자,30 - 39세,서울특별시,국내온라인거래,토스터기,품질(물품/용역)
2023040110,2023-08-02,남자,20 - 29세,서울특별시,일반판매,종합체육시설회원권,계약해제.해지/위약금
2023040111,2023-08-02,남자,40 - 49세,서울특별시,국내온라인거래,기타자동차용품,품질(물품/용역)
2023040112,2023-08-02,여자,40 - 49세,경기도,일반판매,필라테스,계약해제.해지/위약금
2023040113,2023-08-02,여자,30 - 39세,광주광역시,일반판매,이불·요,품질(물품/용역)
2023040114,2023-08-02,남자,30 - 39세,서울특별시,국제온라인거래,호텔,부당행위
2023040115,2023-08-02,남자,40 - 49세,서울특별시,국내온라인거래,국외여행,계약불이행(불완전이행)
2023040116,2023-08-02,남자,40 - 49세,부산광역시,국내온라인거래,인터넷교육서비스,계약불이행(불완전이행)
2023040117,2023-08-02,남자,30 - 39세,경기도,일반판매,장식장,계약불이행(불완전이행)
2023040118,2023-08-02,여자,20 - 29세,대전광역시,방문판매,필라테스,계약해제.해지/위약금
2023040119,2023-08-02,남자,30 - 39세,충청남도,일반판매,헬스장,계약해제.해지/위약금
2023040120,2023-08-02,남자,50 - 59세,울산광역시,기타,초고속인터넷,계약해제.해지/위약금
2023040121,2023-08-02,여자,20 - 29세,서울특별시,국내온라인거래,애완동·식물용품,품질(물품/용역)
2023040122,2023-08-02,여자,30 - 39세,강원특별자치도,소셜커머스(쇼핑),숙녀화(구두·부츠 등),품질(물품/용역)
2023040123,2023-08-02,여자,40 - 49세,경기도,전화권유판매,기타방문·통신교육서비스,계약해제.해지/위약금
2023040124,2023-08-02,남자,40 - 49세,부산광역시,모바일거래,영화관람,부당행위
2023040125,2023-08-02,남자,20 - 29세,충청북도,모바일거래,모바일게임서비스,AS불만
2023040126,2023-08-02,여자,20 - 29세,서울특별시,일반판매,미용서비스,품질(물품/용역)
2023040127,2023-08-02,여자,20 - 29세,경상남도,국내온라인거래,기타신발·용품,청약철회
2023040128,2023-08-02,남자,20 - 29세,인천광역시,국내온라인거래,항공여객운송서비스,계약해제.해지/위약금
2023040129,2023-08-02,여자,65 - 69세,서울특별시,기타,미분류수리가공,품질(물품/용역)
2023040130,2023-08-02,남자,40 - 49세,경기도,국내온라인거래,소파,품질(물품/용역)
2023040131,2023-08-02,남자,40 - 49세,부산광역시,일반판매,이동전화서비스,부당행위
2023040132,2023-08-02,남자,30 - 39세,서울특별시,일반판매,호텔,청약철회
2023040133,2023-08-02,남자,20 - 29세,서울특별시,국내온라인거래,장식장,청약철회
2023040134,2023-08-02,남자,30 - 39세,인천광역시,국내온라인거래,기타숙박시설,품질(물품/용역)
2023040135,2023-08-02,남자,30 - 39세,부산광역시,일반판매,헬스장,계약해제.해지/위약금
2023040136,2023-08-02,남자,40 - 49세,경기도,국내온라인거래,제습기,품질(물품/용역)
2023040137,2023-08-02,남자,30 - 39세,서울특별시,방문판매,헬스장,계약해제.해지/위약금
2023040138,2023-08-02,남자,40 - 49세,충청북도,일반판매,정수기대여(렌트),계약해제.해지/위약금
2023040139,2023-08-02,남자,20 - 29세,서울특별시,국내온라인거래,항공여객운송서비스,계약해제.해지/위약금
2023040140,2023-08-02,남자,30 - 39세,서울특별시,소셜커머스(쇼핑),전기의류건조기,품질(물품/용역)
2023040141,2023-08-02,남자,20 - 29세,경상남도,일반판매,헬스장,계약해제.해지/위약금
2023040142,2023-08-02,여자,10 - 19세,대전광역시,일반판매,수영장회원권,계약해제.해지/위약금
2023040143,2023-08-02,여자,20 - 29세,충청남도,모바일거래,종합체육시설회원권,계약해제.해지/위약금
2023040144,2023-08-02,여자,20 - 29세,인천광역시,국내온라인거래,국외여행,계약해제.해지/위약금
2023040145,2023-08-02,남자,30 - 39세,서울특별시,국제온라인거래,헤드폰·이어폰,품질(물품/용역)
2023040146,2023-08-02,여자,30 - 39세,서울특별시,일반판매,국외여행,계약해제.해지/위약금
2023040147,2023-08-02,여자,30 - 39세,서울특별시,모바일거래,영화관람,계약해제.해지/위약금
2023040148,2023-08-02,여자,40 - 49세,충청남도,전화권유판매,정수기대여(렌트),계약불이행(불완전이행)
2023040149,2023-08-02,여자,40 - 49세,광주광역시,국내온라인거래,호텔,계약해제.해지/위약금
2023040150,2023-08-02,여자,30 - 39세,경기도,일반판매,예식서비스,청약철회
2023040151,2023-08-02,남자,30 - 39세,경기도,기타,헬스장,계약해제.해지/위약금
2023040152,2023-08-02,남자,50 - 59세,대전광역시,일반판매,태블릿PC,품질(물품/용역)
2023040153,2023-08-02,여자,20 - 29세,서울특별시,국내온라인거래,외식,부당채권추심
2023040154,2023-08-02,남자,40 - 49세,부산광역시,국내온라인거래,기타의류·섬유,청약철회
2023040155,2023-08-02,여자,30 - 39세,경기도,기타,헬스장,계약해제.해지/위약금
2023040156,2023-08-02,여자,30 - 39세,부산광역시,방문판매,기타방문·통신교육서비스,계약해제.해지/위약금
2023040157,2023-08-02,여자,30 - 39세,서울특별시,국내온라인거래,원피스,청약철회
2023040158,2023-08-02,여자,40 - 49세,경기도,방문판매,인터넷교육서비스,계약해제.해지/위약금
2023040159,2023-08-02,여자,60 - 64세,서울특별시,국내온라인거래,국외여행,가격.요금
2023040160,2023-08-02,여자,30 - 39세,경기도,일반판매,결혼준비대행서비스,계약해제.해지/위약금
2023040161,2023-08-02,남자,30 - 39세,인천광역시,기타통신판매,항공여객운송서비스,청약철회
2023040162,2023-08-02,남자,60 - 64세,서울특별시,모바일거래,모바일정보이용서비스,부당행위
2023040163,2023-08-02,여자,20 - 29세,충청북도,기타,공기청정기대여(렌트),부당행위
2023040164,2023-08-02,남자,30 - 39세,서울특별시,일반판매,이동전화서비스,가격.요금
2023040165,2023-08-02,남자,30 - 39세,충청남도,일반판매,침대·매트리스대여(렌트),계약해제.해지/위약금
2023040166,2023-08-02,남자,40 - 49세,서울특별시,소셜커머스(쇼핑),항공여객운송서비스,계약해제.해지/위약금
2023040167,2023-08-02,여자,30 - 39세,인천광역시,국내온라인거래,인터넷교육서비스,계약해제.해지/위약금
2023040168,2023-08-02,남자,40 - 49세,경기도,모바일거래,헤드폰·이어폰,계약불이행(불완전이행)
2023040169,2023-08-02,남자,40 - 49세,경기도,소셜커머스(쇼핑),쪽매마루판,청약철회
2023040170,2023-08-02,남자,50 - 59세,경기도,국내온라인거래,호텔,청약철회
2023040171,2023-08-02,여자,30 - 39세,경기도,모바일거래,항공여객운송서비스,계약해제.해지/위약금
2023040172,2023-08-02,여자,30 - 39세,경기도,국내온라인거래,호텔,표시.광고
2023040173,2023-08-02,남자,40 - 49세,서울특별시,모바일거래,항공여객운송서비스,표시.광고
2023040174,2023-08-02,여자,20 - 29세,서울특별시,기타,예식서비스,계약해제.해지/위약금
2023040175,2023-08-02,남자,40 - 49세,서울특별시,일반판매,전기자전거,AS불만
2023040176,2023-08-02,남자,30 - 39세,경기도,국내온라인거래,항공여객운송서비스,계약해제.해지/위약금
2023040177,2023-08-02,남자,30 - 39세,제주도,기타,기타공조·냉난방기기,AS불만
2023040178,2023-08-02,여자,20 - 29세,서울특별시,방문판매,필라테스,계약해제.해지/위약금
2023040179,2023-08-02,여자,40 - 49세,경기도,일반판매,헬스장,계약해제.해지/위약금
2023040180,2023-08-02,여자,40 - 49세,서울특별시,국내온라인거래,국외여행,계약해제.해지/위약금
2023040181,2023-08-02,남자,40 - 49세,경기도,국내온라인거래,호텔,품질(물품/용역)
2023040182,2023-08-02,여자,20 - 29세,서울특별시,방문판매,필라테스,계약해제.해지/위약금
2023040183,2023-08-02,남자,20 - 29세,대전광역시,국내온라인거래,펜션,청약철회
2023040184,2023-08-02,남자,20 - 29세,경기도,국내온라인거래,인터넷게임서비스,청약철회
2023040185,2023-08-02,남자,20 - 29세,강원특별자치도,국내온라인거래,기타미분류물품,부당행위
2023040186,2023-08-02,남자,65 - 69세,경기도,기타,세탁물건조용품,품질(물품/용역)
2023040187,2023-08-02,남자,40 - 49세,부산광역시,일반판매,안마의자,부당행위
2023040188,2023-08-02,남자,30 - 39세,경기도,국내온라인거래,외장하드,품질(물품/용역)
2023040189,2023-08-02,여자,30 - 39세,경기도,기타통신판매,기타숙박시설,청약철회
2023040190,2023-08-02,여자,20 - 29세,광주광역시,일반판매,기타이·미용서비스,품질(물품/용역)
2023040191,2023-08-02,여자,50 - 59세,서울특별시,일반판매,각종자격취득강습,계약해제.해지/위약금
2023040192,2023-08-02,남자,40 - 49세,전라북도,전화권유판매,인터넷정보이용서비스,계약불이행(불완전이행)
2023040193,2023-08-02,남자,40 - 49세,경기도,일반판매,인터넷교육서비스,계약해제.해지/위약금
2023040194,2023-08-02,여자,40 - 49세,경기도,국내온라인거래,사진촬영,계약해제.해지/위약금
2023040195,2023-08-02,남자,30 - 39세,강원특별자치도,기타,포장이사운송서비스,계약불이행(불완전이행)
2023040196,2023-08-02,남자,20 - 29세,경기도,국내온라인거래,스마트폰,품질(물품/용역)
2023040197,2023-08-02,여자,불명,울산광역시,국내온라인거래,코트,청약철회
2023040198,2023-08-02,여자,30 - 39세,경기도,국내온라인거래,기타문화·오락시설이용,청약철회
2023040199,2023-08-02,여자,30 - 39세,부산광역시,방문판매,국외여행,계약해제.해지/위약금
2023040200,2023-08-02,여자,20 - 29세,인천광역시,국내온라인거래,기타사무용품,청약철회
2023040201,2023-08-03,여자,60 - 64세,강원특별자치도,국내온라인거래,기타어패류·어패류가공식품,품질(물품/용역)
2023040202,2023-08-03,남자,65 - 69세,경상남도,기타통신판매,전기자전거,품질(물품/용역)
2023040203,2023-08-03,남자,40 - 49세,충청북도,일반판매,중고자동차중개·매매,안전(제품/시설)
2023040204,2023-08-03,여자,50 - 59세,경기도,TV홈쇼핑,안마의자대여(렌트),계약불이행(불완전이행)
2023040205,2023-08-03,남자,불명,광주광역시,국내온라인거래,전자담배,품질(물품/용역)
2023040207,2023-08-03,남자,40 - 49세,경기도,기타,경비·관리서비스,계약해제.해지/위약금
2023040208,2023-08-03,남자,30 - 39세,서울특별시,일반판매,자동차수리·점검,품질(물품/용역)
2023040209,2023-08-03,여자,30 - 39세,인천광역시,방문판매,경승용차,품질(물품/용역)
2023040210,2023-08-03,남자,50 - 59세,서울특별시,일반판매,자동차수리·점검,AS불만
2023040211,2023-08-03,남자,40 - 49세,인천광역시,국내온라인거래,전동킥보드,AS불만
2023040212,2023-08-03,남자,20 - 29세,인천광역시,국내온라인거래,닭고기,계약불이행(불완전이행)
2023040215,2023-08-03,남자,70 - 79세,인천광역시,일반판매,상조서비스,계약해제.해지/위약금
2023040216,2023-08-03,남자,20 - 29세,대구광역시,소셜커머스(쇼핑),자동차대여(렌트),계약해제.해지/위약금
2023040218,2023-08-03,여자,불명,경기도,국내온라인거래,초음파방충기,계약해제.해지/위약금
2023040219,2023-08-03,남자,불명,서울특별시,국내온라인거래,초음파방충기,계약해제.해지/위약금
2023040220,2023-08-03,여자,불명,서울특별시,국내온라인거래,초음파방충기,계약해제.해지/위약금
2023040221,2023-08-03,남자,20 - 29세,대전광역시,일반판매,인터넷교육서비스,표시.광고
2023040222,2023-08-03,여자,20 - 29세,인천광역시,국내온라인거래,호텔,품질(물품/용역)
2023040224,2023-08-03,남자,30 - 39세,경상북도,국내온라인거래,항공여객운송서비스,계약불이행(불완전이행)
2023040225,2023-08-03,여자,50 - 59세,서울특별시,TV홈쇼핑,침대,품질(물품/용역)
2023040226,2023-08-03,여자,불명,경기도,국내온라인거래,초음파방충기,청약철회
2023040228,2023-08-03,여자,80세이상,경상북도,기타,가정의학과,품질(물품/용역)
2023040229,2023-08-03,여자,30 - 39세,충청남도,국내온라인거래,기타보건·위생용품,품질(물품/용역)
2023040230,2023-08-03,여자,40 - 49세,서울특별시,일반판매,스커트,품질(물품/용역)
2023040231,2023-08-03,여자,30 - 39세,전라남도,일반판매,아파트,품질(물품/용역)
2023040232,2023-08-03,여자,20 - 29세,서울특별시,일반판매,헬스장,계약해제.해지/위약금
2023040233,2023-08-03,남자,65 - 69세,경기도,국내온라인거래,기타신변용품,계약불이행(불완전이행)
2023040234,2023-08-03,여자,65 - 69세,경기도,일반판매,블라우스,품질(물품/용역)
2023040236,2023-08-03,여자,30 - 39세,서울특별시,일반판매,피부·체형관리서비스,계약해제.해지/위약금
2023040238,2023-08-03,남자,60 - 64세,서울특별시,국내온라인거래,호텔,계약해제.해지/위약금
2023040239,2023-08-03,남자,50 - 59세,경상북도,기타통신판매,유사투자자문,계약해제.해지/위약금
2023040240,2023-08-03,남자,20 - 29세,경기도,소셜커머스(쇼핑),호텔,품질(물품/용역)
2023040241,2023-08-03,남자,40 - 49세,충청북도,일반판매,중고자동차중개·매매,표시.광고
2023040242,2023-08-03,여자,불명,서울특별시,일반판매,티셔츠,품질(물품/용역)
2023040243,2023-08-03,남자,불명,서울특별시,일반판매,티셔츠,품질(물품/용역)
2023040244,2023-08-03,여자,20 - 29세,경기도,일반판매,기타세탁서비스,품질(물품/용역)
2023040245,2023-08-03,남자,50 - 59세,강원특별자치도,일반판매,자동차수리·점검,안전(제품/시설)
2023040247,2023-08-03,여자,불명,경기도,일반판매,기타가방,품질(물품/용역)
2023040248,2023-08-03,남자,30 - 39세,경상북도,국내온라인거래,양복(서양식 의복)세탁,품질(물품/용역)
2023040249,2023-08-03,남자,40 - 49세,강원특별자치도,일반판매,전기자동차,품질(물품/용역)
2023040250,2023-08-03,남자,30 - 39세,서울특별시,소셜커머스(쇼핑),책상,표시.광고
2023040251,2023-08-03,여자,40 - 49세,인천광역시,모바일거래,전기진공청소기,AS불만
2023040252,2023-08-03,남자,65 - 69세,경기도,전화권유판매,유사투자자문,계약해제.해지/위약금
2023040253,2023-08-03,여자,60 - 64세,경기도,일반판매,기타민영보험,약관
2023040254,2023-08-03,남자,40 - 49세,경기도,국내온라인거래,식탁,품질(물품/용역)
2023040255,2023-08-03,남자,60 - 64세,인천광역시,일반판매,소파,계약불이행(불완전이행)
2023040256,2023-08-03,남자,20 - 29세,서울특별시,국내온라인거래,기타숙박시설,계약해제.해지/위약금
2023040257,2023-08-03,남자,60 - 64세,부산광역시,모바일거래,교통카드,계약불이행(불완전이행)
2023040258,2023-08-03,여자,40 - 49세,서울특별시,기타통신판매,모바일정보이용서비스,부당행위
2023040259,2023-08-03,여자,40 - 49세,경기도,일반판매,건강(암·기타질병)보험,약관
2023040260,2023-08-03,여자,60 - 64세,경상북도,일반판매,경비·관리서비스,계약해제.해지/위약금
2023040261,2023-08-03,여자,60 - 64세,광주광역시,국내온라인거래,인터넷전화,계약불이행(불완전이행)
2023040262,2023-08-03,남자,80세이상,서울특별시,일반판매,기타회원권,계약해제.해지/위약금
2023040263,2023-08-03,여자,50 - 59세,인천광역시,일반판매,한의원,계약해제.해지/위약금
2023040264,2023-08-03,남자,40 - 49세,서울특별시,일반판매,기타민영보험,약관
2023040265,2023-08-03,여자,80세이상,부산광역시,일반판매,기타병·의원서비스,품질(물품/용역)
2023040266,2023-08-03,남자,60 - 64세,서울특별시,일반판매,양복(서양식 의복)세탁,품질(물품/용역)
2023040267,2023-08-03,남자,70 - 79세,울산광역시,전화권유판매,유사투자자문,계약해제.해지/위약금
2023040268,2023-08-03,남자,20 - 29세,전라남도,일반판매,외과,품질(물품/용역)
2023040269,2023-08-03,남자,40 - 49세,대구광역시,일반판매,건강(암·기타질병)보험,약관
2023040270,2023-08-03,여자,30 - 39세,경기도,일반판매,필라테스,계약해제.해지/위약금
2023040271,2023-08-03,여자,50 - 59세,서울특별시,일반판매,건강(암·기타질병)보험,약관
2023040272,2023-08-03,여자,50 - 59세,경기도,일반판매,기타목욕서비스,계약해제.해지/위약금
2023040273,2023-08-03,남자,40 - 49세,경기도,일반판매,스마트폰,AS불만
2023040274,2023-08-03,여자,20 - 29세,대전광역시,국내온라인거래,티셔츠,청약철회
2023040275,2023-08-03,남자,20 - 29세,전라북도,일반판매,헬스장,품질(물품/용역)
2023040276,2023-08-03,여자,30 - 39세,서울특별시,일반판매,미용서비스,계약불이행(불완전이행)
2023040277,2023-08-03,남자,20 - 29세,부산광역시,일반판매,헬스장,청약철회
2023040278,2023-08-03,남자,30 - 39세,대구광역시,국내온라인거래,전기진공청소기,AS불만
2023040279,2023-08-03,남자,30 - 39세,대구광역시,모바일거래,기타인테리어설비,AS불만
2023040280,2023-08-03,남자,40 - 49세,경기도,국내온라인거래,항공여객운송서비스,계약해제.해지/위약금
2023040281,2023-08-03,남자,20 - 29세,세종특별자치시,소셜커머스(쇼핑),침대,품질(물품/용역)
2023040282,2023-08-03,남자,30 - 39세,부산광역시,국내온라인거래,각종공연관람,계약불이행(불완전이행)
2023040283,2023-08-03,여자,20 - 29세,경기도,기타,기타이·미용서비스,계약해제.해지/위약금
2023040284,2023-08-03,여자,20 - 29세,경기도,국내온라인거래,초음파방충기,청약철회
2023040285,2023-08-03,남자,20 - 29세,충청남도,일반판매,스포츠시설이용,계약불이행(불완전이행)
2023040286,2023-08-03,남자,60 - 64세,충청남도,방문판매,콘도회원권,계약해제.해지/위약금
2023040287,2023-08-03,남자,50 - 59세,충청남도,일반판매,시계,품질(물품/용역)
2023040288,2023-08-03,남자,30 - 39세,경기도,기타,초고속인터넷,계약해제.해지/위약금
2023040289,2023-08-03,여자,30 - 39세,대구광역시,일반판매,필라테스,계약해제.해지/위약금
2023040290,2023-08-03,여자,30 - 39세,서울특별시,국내온라인거래,버스여객운송서비스,단순문의.상담
2023040291,2023-08-03,여자,40 - 49세,서울특별시,국제온라인거래,기타숙박시설,품질(물품/용역)
2023040292,2023-08-03,여자,20 - 29세,충청남도,일반판매,일반강습(입시학원등),계약해제.해지/위약금
2023040293,2023-08-03,남자,30 - 39세,경기도,소셜커머스(쇼핑),물안경,품질(물품/용역)
2023040294,2023-08-03,남자,30 - 39세,경기도,일반판매,기타인테리어설비,계약불이행(불완전이행)
2023040295,2023-08-03,남자,30 - 39세,대전광역시,국내온라인거래,신사화(구두·부츠 등),부당행위
2023040296,2023-08-03,여자,20 - 29세,서울특별시,기타통신판매,포장이사운송서비스,계약해제.해지/위약금
2023040297,2023-08-03,남자,50 - 59세,경기도,전화권유판매,국내결혼중개,계약해제.해지/위약금
2023040298,2023-08-03,남자,50 - 59세,대구광역시,국내온라인거래,TV,청약철회
2023040299,2023-08-03,남자,40 - 49세,서울특별시,모바일거래,이동전화서비스,부당행위
2023040300,2023-08-03,여자,30 - 39세,경기도,일반판매,필라테스,계약해제.해지/위약금
2023040301,2023-08-03,여자,30 - 39세,서울특별시,기타,피부·체형관리서비스,계약해제.해지/위약금
2023040302,2023-08-03,여자,30 - 39세,서울특별시,일반판매,국외여행,계약불이행(불완전이행)
2023040303,2023-08-03,여자,30 - 39세,서울특별시,일반판매,헬스장,계약해제.해지/위약금
2023040304,2023-08-03,여자,20 - 29세,충청북도,일반판매,헬스장,계약해제.해지/위약금
2023040305,2023-08-03,남자,30 - 39세,서울특별시,국내온라인거래,항공여객운송서비스,계약해제.해지/위약금
2023040306,2023-08-03,여자,30 - 39세,경기도,국내온라인거래,기타신발·용품,품질(물품/용역)
2023040307,2023-08-03,남자,20 - 29세,인천광역시,방문판매,헬스장,계약해제.해지/위약금
2023040308,2023-08-03,여자,30 - 39세,서울특별시,일반판매,필라테스,계약해제.해지/위약금
2023040309,2023-08-03,남자,40 - 49세,서울특별시,일반판매,기타건축자재,AS불만
2023040310,2023-08-03,남자,50 - 59세,인천광역시,일반판매,김치냉장고,품질(물품/용역)
2023040311,2023-08-03,여자,20 - 29세,인천광역시,모바일거래,영화관람,계약해제.해지/위약금
2023040312,2023-08-03,남자,20 - 29세,서울특별시,일반판매,헬스장,계약해제.해지/위약금
2023040313,2023-08-03,여자,20 - 29세,광주광역시,국내온라인거래,기타취미용품,품질(물품/용역)
2023040314,2023-08-03,남자,30 - 39세,서울특별시,국내온라인거래,각종공연관람,계약불이행(불완전이행)
2023040315,2023-08-03,여자,30 - 39세,서울특별시,국내온라인거래,택배화물운송서비스,계약불이행(불완전이행)
2023040316,2023-08-03,남자,60 - 64세,경기도,일반판매,정수기대여(렌트),계약불이행(불완전이행)
2023040317,2023-08-03,남자,30 - 39세,울산광역시,방문판매,콘도회원권,청약철회
2023040318,2023-08-03,여자,30 - 39세,경기도,기타,포장이사운송서비스,계약불이행(불완전이행)
2023040319,2023-08-03,남자,30 - 39세,제주도,국내온라인거래,기타가구,품질(물품/용역)
2023040320,2023-08-03,여자,20 - 29세,서울특별시,방문판매,헬스장,계약해제.해지/위약금
2023040321,2023-08-03,여자,40 - 49세,경상북도,일반판매,국내캠프,계약해제.해지/위약금
2023040322,2023-08-03,남자,30 - 39세,대구광역시,기타,헬스장,계약해제.해지/위약금
2023040323,2023-08-03,남자,20 - 29세,전라북도,국내온라인거래,기타주방설비,품질(물품/용역)
2023040324,2023-08-03,남자,50 - 59세,전라남도,전화권유판매,기타매체광고,청약철회
2023040325,2023-08-03,남자,30 - 39세,서울특별시,일반판매,통신기기주변장치,청약철회
2023040326,2023-08-03,여자,20 - 29세,서울특별시,일반판매,헬스장,계약해제.해지/위약금
2023040327,2023-08-03,여자,30 - 39세,경기도,국내온라인거래,기타의류·섬유,품질(물품/용역)
2023040328,2023-08-03,남자,50 - 59세,대전광역시,일반판매,인터넷교육서비스,계약해제.해지/위약금
2023040329,2023-08-03,남자,30 - 39세,서울특별시,국내온라인거래,시계,부당행위
2023040331,2023-08-03,여자,30 - 39세,경기도,국제온라인거래,다이어트식품,청약철회
2023040332,2023-08-03,남자,40 - 49세,경기도,기타,복합기,청약철회
2023040333,2023-08-03,남자,40 - 49세,대구광역시,일반판매,골프회원권,계약해제.해지/위약금
2023040334,2023-08-03,남자,60 - 64세,전라남도,국내온라인거래,냉장고,계약불이행(불완전이행)
2023040335,2023-08-03,여자,30 - 39세,강원특별자치도,소셜커머스(쇼핑),블라우스,계약불이행(불완전이행)
2023040336,2023-08-03,여자,20 - 29세,서울특별시,기타,스포츠시설이용,가격.요금
2023040337,2023-08-03,남자,40 - 49세,대전광역시,국제온라인거래,조립완구,계약불이행(불완전이행)
2023040338,2023-08-03,남자,40 - 49세,경기도,국내온라인거래,TV,품질(물품/용역)
2023040339,2023-08-03,남자,20 - 29세,서울특별시,일반판매,헬스장,계약해제.해지/위약금
2023040340,2023-08-03,여자,20 - 29세,서울특별시,일반판매,미용서비스,계약불이행(불완전이행)
2023040341,2023-08-03,남자,30 - 39세,경기도,일반판매,종합체육시설회원권,계약해제.해지/위약금
2023040342,2023-08-03,남자,30 - 39세,경기도,기타,공기청정기대여(렌트),청약철회
2023040343,2023-08-03,여자,40 - 49세,경상남도,국내온라인거래,펜션,표시.광고
2023040344,2023-08-03,여자,40 - 49세,경기도,기타,피부·체형관리서비스,품질(물품/용역)
2023040345,2023-08-03,여자,20 - 29세,서울특별시,국내온라인거래,녹화음반테이프(비디오카세트LP),품질(물품/용역)
2023040346,2023-08-03,여자,30 - 39세,대전광역시,일반판매,필라테스,계약해제.해지/위약금
2023040347,2023-08-03,여자,20 - 29세,경기도,일반판매,기타이·미용서비스,품질(물품/용역)
2023040348,2023-08-03,여자,40 - 49세,대전광역시,일반판매,필라테스,계약불이행(불완전이행)
2023040349,2023-08-03,여자,20 - 29세,서울특별시,소셜커머스(쇼핑),기타숙박시설,청약철회
2023040350,2023-08-03,여자,20 - 29세,서울특별시,국제온라인거래,기타숙박시설,계약해제.해지/위약금
2023040351,2023-08-03,여자,40 - 49세,경기도,기타통신판매,기타세트가구류,계약해제.해지/위약금
2023040352,2023-08-03,여자,30 - 39세,경기도,소셜커머스(쇼핑),헤어드라이어,품질(물품/용역)
2023040353,2023-08-03,여자,40 - 49세,전라북도,모바일거래,국외여행,계약해제.해지/위약금
2023040354,2023-08-04,여자,20 - 29세,서울특별시,국내온라인거래,카셰어링,계약불이행(불완전이행)
2023040355,2023-08-04,여자,30 - 39세,인천광역시,노상판매,인터넷교육서비스,계약해제.해지/위약금
2023040356,2023-08-04,남자,30 - 39세,인천광역시,국내온라인거래,기타자동차용품,청약철회
2023040357,2023-08-04,남자,80세이상,경상남도,방문판매,택배화물운송서비스,품질(물품/용역)
2023040358,2023-08-04,남자,30 - 39세,경상북도,기타,의료용구대여(렌트),계약불이행(불완전이행)
2023040359,2023-08-04,남자,80세이상,서울특별시,방문판매,미분류수리가공,가격.요금
2023040360,2023-08-04,여자,20 - 29세,제주도,일반판매,고시원이용,계약불이행(불완전이행)
2023040361,2023-08-04,남자,20 - 29세,인천광역시,기타,실손보험,계약불이행(불완전이행)
2023040362,2023-08-04,여자,40 - 49세,경상북도,국내온라인거래,소스,품질(물품/용역)
2023040363,2023-08-04,남자,60 - 64세,경기도,기타통신판매,룸에어컨,AS불만
2023040364,2023-08-04,여자,30 - 39세,경기도,모바일거래,철도여객운송서비스,부당행위
2023040365,2023-08-04,여자,30 - 39세,서울특별시,방문판매,결혼준비대행서비스,계약해제.해지/위약금
2023040366,2023-08-04,남자,40 - 49세,인천광역시,기타,스마트폰,AS불만
2023040367,2023-08-04,여자,50 - 59세,서울특별시,TV홈쇼핑,정수기대여(렌트),품질(물품/용역)
2023040368,2023-08-04,여자,40 - 49세,전라북도,일반판매,기타문화·오락시설이용,계약불이행(불완전이행)
2023040369,2023-08-04,여자,40 - 49세,경기도,일반판매,인터넷교육서비스,계약해제.해지/위약금
2023040370,2023-08-04,남자,30 - 39세,제주도,모바일거래,기타문화·오락시설이용,계약해제.해지/위약금
2023040371,2023-08-04,여자,80세이상,서울특별시,일반판매,기타의료용구,품질(물품/용역)
2023040372,2023-08-04,남자,40 - 49세,경기도,전화권유판매,모바일정보이용서비스,계약불이행(불완전이행)
2023040373,2023-08-04,여자,50 - 59세,충청북도,국내온라인거래,기타과일·과일가공식품,품질(물품/용역)
2023040374,2023-08-04,남자,30 - 39세,인천광역시,일반판매,핸드백,품질(물품/용역)
2023040375,2023-08-04,여자,60 - 64세,광주광역시,기타,국외여행,계약해제.해지/위약금
2023040376,2023-08-04,여자,30 - 39세,경기도,일반판매,예식서비스,계약해제.해지/위약금
2023040377,2023-08-04,여자,40 - 49세,경기도,일반판매,기타가방,AS불만
2023040378,2023-08-04,남자,40 - 49세,경기도,국내온라인거래,커튼,청약철회
2023040379,2023-08-04,여자,40 - 49세,인천광역시,일반판매,스마트폰,품질(물품/용역)
2023040380,2023-08-04,여자,60 - 64세,경기도,일반판매,룸에어컨,계약해제.해지/위약금
2023040381,2023-08-04,여자,불명,대구광역시,일반판매,티셔츠,품질(물품/용역)
2023040382,2023-08-04,남자,65 - 69세,인천광역시,일반판매,유사투자자문,계약해제.해지/위약금
2023040383,2023-08-04,남자,65 - 69세,인천광역시,일반판매,유사투자자문,계약해제.해지/위약금
2023040384,2023-08-04,남자,65 - 69세,인천광역시,일반판매,유사투자자문,계약해제.해지/위약금
2023040385,2023-08-04,남자,30 - 39세,경기도,국내온라인거래,국외여행,계약해제.해지/위약금
2023040386,2023-08-04,남자,65 - 69세,인천광역시,일반판매,유사투자자문,계약해제.해지/위약금
2023040387,2023-08-04,남자,20 - 29세,대전광역시,일반판매,신발세탁,품질(물품/용역)
2023040388,2023-08-04,여자,60 - 64세,부산광역시,일반판매,숙녀화(구두·부츠 등),품질(물품/용역)
2023040389,2023-08-04,남자,40 - 49세,서울특별시,일반판매,신사화(구두·부츠 등),품질(물품/용역)
2023040390,2023-08-04,여자,40 - 49세,경기도,일반판매,샌들·슬리퍼,품질(물품/용역)
2023040391,2023-08-04,여자,30 - 39세,서울특별시,일반판매,운동화,품질(물품/용역)
2023040392,2023-08-04,여자,20 - 29세,인천광역시,국내온라인거래,운동화,품질(물품/용역)
2023040393,2023-08-04,여자,30 - 39세,인천광역시,국내온라인거래,운동화,품질(물품/용역)
2023040395,2023-08-04,여자,40 - 49세,서울특별시,국내온라인거래,기타간편복,품질(물품/용역)
2023040396,2023-08-04,남자,65 - 69세,경기도,일반판매,운동화,품질(물품/용역)
2023040398,2023-08-04,남자,50 - 59세,대전광역시,국내온라인거래,TV,계약불이행(불완전이행)
2023040399,2023-08-04,여자,30 - 39세,인천광역시,일반판매,식기세척기,품질(물품/용역)
2023040400,2023-08-04,남자,30 - 39세,부산광역시,일반판매,정수기대여(렌트),품질(물품/용역)
2023040401,2023-08-04,남자,30 - 39세,강원특별자치도,전화권유판매,모바일정보이용서비스,계약불이행(불완전이행)
2023040403,2023-08-04,여자,50 - 59세,경기도,일반판매,티셔츠,품질(물품/용역)
2023040404,2023-08-04,남자,70 - 79세,경상남도,일반판매,정형외과,품질(물품/용역)
2023040405,2023-08-04,남자,70 - 79세,경상남도,일반판매,정형외과,품질(물품/용역)
2023040406,2023-08-04,남자,30 - 39세,대전광역시,기타,기타통신기기,AS불만
2023040407,2023-08-04,남자,70 - 79세,경상북도,일반판매,운동화,품질(물품/용역)
2023040408,2023-08-04,남자,30 - 39세,서울특별시,국내온라인거래,선풍기,청약철회
2023040409,2023-08-04,여자,80세이상,서울특별시,TV홈쇼핑,기타건강식품,품질(물품/용역)
2023040410,2023-08-04,여자,50 - 59세,울산광역시,일반판매,운동화,품질(물품/용역)
2023040411,2023-08-04,여자,60 - 64세,경기도,전화권유판매,유사투자자문,청약철회
2023040412,2023-08-04,남자,40 - 49세,서울특별시,국내온라인거래,국외여행,계약불이행(불완전이행)
2023040413,2023-08-04,남자,60 - 64세,경기도,전화권유판매,기타건강식품,계약불이행(불완전이행)
2023040414,2023-08-04,남자,65 - 69세,인천광역시,일반판매,기타컴퓨터·주변기기,부당행위
2023040415,2023-08-04,여자,30 - 39세,서울특별시,일반판매,국내결혼중개,계약해제.해지/위약금
2023040416,2023-08-04,여자,40 - 49세,충청남도,국내온라인거래,운동화,품질(물품/용역)
2023040417,2023-08-04,여자,50 - 59세,서울특별시,일반판매,건강(암·기타질병)보험,품질(물품/용역)
2023040418,2023-08-04,여자,50 - 59세,서울특별시,일반판매,건강(암·기타질병)보험,약관
2023040419,2023-08-04,남자,70 - 79세,인천광역시,일반판매,예식서비스,계약해제.해지/위약금
2023040420,2023-08-04,여자,65 - 69세,전라북도,일반판매,자동차보험,품질(물품/용역)
2023040421,2023-08-04,남자,80세이상,서울특별시,TV홈쇼핑,염색제,품질(물품/용역)
2023040422,2023-08-04,여자,20 - 29세,인천광역시,국내온라인거래,운동화,품질(물품/용역)
2023040423,2023-08-04,남자,40 - 49세,경기도,국내온라인거래,기타가사서비스,품질(물품/용역)
2023040424,2023-08-04,남자,80세이상,서울특별시,기타통신판매,단행본,청약철회
2023040425,2023-08-04,남자,30 - 39세,경기도,일반판매,자동차대여(렌트),약관
2023040431,2023-08-04,남자,30 - 39세,서울특별시,기타통신판매,건물청소서비스,품질(물품/용역)
2023040432,2023-08-04,남자,50 - 59세,전라남도,일반판매,시계,청약철회
2023040433,2023-08-04,여자,50 - 59세,경기도,일반판매,다이어트식품,청약철회
2023040434,2023-08-04,남자,30 - 39세,전라남도,소셜커머스(쇼핑),공업용기계,청약철회
2023040435,2023-08-04,남자,30 - 39세,경상남도,일반판매,가스에어컨,계약불이행(불완전이행)
2023040436,2023-08-04,여자,40 - 49세,서울특별시,일반판매,기타일반화장품,품질(물품/용역)
2023040437,2023-08-04,여자,20 - 29세,충청북도,일반판매,헬스장,계약해제.해지/위약금
2023040438,2023-08-04,여자,30 - 39세,대전광역시,모바일거래,항공여객운송서비스,계약불이행(불완전이행)
2023040439,2023-08-04,여자,40 - 49세,부산광역시,일반판매,CD·LD·DVD(영화·음악·게임),청약철회
2023040440,2023-08-04,여자,40 - 49세,전라북도,국내온라인거래,안마의자,계약불이행(불완전이행)
2023040441,2023-08-04,여자,30 - 39세,경기도,기타,펜션,품질(물품/용역)
2023040442,2023-08-04,남자,20 - 29세,전라북도,소셜커머스(쇼핑),룸에어컨,AS불만
2023040443,2023-08-04,남자,40 - 49세,인천광역시,기타,일반이사운송서비스,품질(물품/용역)
2023040444,2023-08-04,남자,40 - 49세,경기도,일반판매,포장이사운송서비스,계약불이행(불완전이행)
2023040445,2023-08-04,남자,30 - 39세,경기도,일반판매,용달화물서비스,안전(제품/시설)
2023040446,2023-08-04,여자,20 - 29세,서울특별시,국내온라인거래,컴퓨터모니터(데스크탑),청약철회
2023040447,2023-08-04,남자,30 - 39세,대구광역시,국내온라인거래,대리운전,부당행위
2023040448,2023-08-04,남자,30 - 39세,경기도,일반판매,기타옥외장비·설비,안전(제품/시설)
2023040449,2023-08-04,여자,30 - 39세,서울특별시,일반판매,필라테스,계약해제.해지/위약금
2023040450,2023-08-04,남자,20 - 29세,경상남도,국내온라인거래,노트북컴퓨터,AS불만
2023040451,2023-08-04,여자,30 - 39세,서울특별시,방문판매,방문교육,계약해제.해지/위약금
2023040452,2023-08-04,남자,40 - 49세,서울특별시,국내온라인거래,TV,품질(물품/용역)
2023040453,2023-08-04,남자,40 - 49세,서울특별시,국내온라인거래,소프트웨어,청약철회
2023040454,2023-08-04,남자,60 - 64세,울산광역시,일반판매,소파,품질(물품/용역)
2023040455,2023-08-04,남자,40 - 49세,서울특별시,국내온라인거래,기타숙박시설,계약해제.해지/위약금
2023040456,2023-08-04,남자,40 - 49세,대구광역시,방문판매,인터넷교육서비스,계약해제.해지/위약금
2023040457,2023-08-04,여자,40 - 49세,경기도,국내온라인거래,사과,청약철회
2023040458,2023-08-04,남자,50 - 59세,대구광역시,일반판매,TV,품질(물품/용역)
2023040459,2023-08-04,여자,50 - 59세,경기도,기타,국외여행,계약불이행(불완전이행)
2023040460,2023-08-04,남자,30 - 39세,인천광역시,일반판매,기타가구,계약불이행(불완전이행)
2023040461,2023-08-04,남자,30 - 39세,서울특별시,기타,국내결혼중개,계약해제.해지/위약금
2023040462,2023-08-04,여자,40 - 49세,서울특별시,국내온라인거래,기타신발·용품,청약철회
2023040463,2023-08-04,여자,40 - 49세,경기도,기타,사진촬영,계약해제.해지/위약금
2023040464,2023-08-04,여자,20 - 29세,경기도,기타,국내결혼중개,계약해제.해지/위약금
2023040465,2023-08-04,여자,20 - 29세,경상북도,국내온라인거래,택배화물운송서비스,부당행위
2023040466,2023-08-04,남자,30 - 39세,전라북도,국내온라인거래,전자사전,청약철회
2023040467,2023-08-04,남자,40 - 49세,제주도,기타,항공여객운송서비스,계약해제.해지/위약금
2023040468,2023-08-04,여자,20 - 29세,대구광역시,모바일거래,스마트폰,계약해제.해지/위약금
2023040469,2023-08-04,남자,30 - 39세,서울특별시,국내온라인거래,노트북컴퓨터,AS불만
2023040470,2023-08-04,남자,30 - 39세,경기도,일반판매,의족,품질(물품/용역)
2023040471,2023-08-04,남자,40 - 49세,경상북도,국내온라인거래,가스에어컨,청약철회
2023040472,2023-08-04,남자,20 - 29세,경기도,일반판매,이동전화서비스,청약철회
2023040473,2023-08-04,남자,30 - 39세,서울특별시,국내온라인거래,선반침대,계약불이행(불완전이행)
2023040474,2023-08-04,여자,30 - 39세,경기도,국내온라인거래,기타숙박시설,청약철회
2023040475,2023-08-04,남자,20 - 29세,서울특별시,국내온라인거래,항공여객운송서비스,계약해제.해지/위약금
2023040476,2023-08-04,여자,70 - 79세,부산광역시,기타,신용카드조회기,부당행위
2023040477,2023-08-04,여자,40 - 49세,경기도,국내온라인거래,인터넷교육서비스,계약해제.해지/위약금
2023040478,2023-08-04,남자,40 - 49세,경기도,일반판매,미용서비스,계약해제.해지/위약금
2023040479,2023-08-04,남자,40 - 49세,부산광역시,일반판매,TV,계약불이행(불완전이행)
2023040480,2023-08-04,여자,40 - 49세,대구광역시,국내온라인거래,원피스,청약철회
2023040481,2023-08-04,여자,40 - 49세,인천광역시,국내온라인거래,국외여행,계약해제.해지/위약금
2023040482,2023-08-04,여자,40 - 49세,서울특별시,일반판매,수영장회원권,계약해제.해지/위약금
2023040483,2023-08-04,여자,30 - 39세,경기도,국내온라인거래,기타스포츠·레저기구·용품,안전(제품/시설)
2023040484,2023-08-04,여자,30 - 39세,경기도,일반판매,건물청소서비스,계약불이행(불완전이행)
2023040485,2023-08-04,여자,50 - 59세,대전광역시,기타,필라테스,계약불이행(불완전이행)
2023040486,2023-08-04,남자,40 - 49세,경기도,일반판매,포장이사운송서비스,계약불이행(불완전이행)
2023040487,2023-08-04,여자,60 - 64세,서울특별시,전화권유판매,국내결혼중개,계약해제.해지/위약금
2023040488,2023-08-04,여자,20 - 29세,서울특별시,방문판매,전기세탁기,품질(물품/용역)
2023040489,2023-08-04,여자,30 - 39세,서울특별시,국내온라인거래,서랍장,품질(물품/용역)
2023040490,2023-08-04,여자,20 - 29세,경상남도,기타,침대,표시.광고
2023040531,2023-08-05,여자,40 - 49세,전라북도,방문판매,할인회원권,계약해제.해지/위약금
2023040532,2023-08-05,남자,30 - 39세,인천광역시,방문판매,음식물처리기대여(렌트),계약해제.해지/위약금
2023040533,2023-08-05,남자,30 - 39세,경기도,방문판매,정수기대여(렌트),계약불이행(불완전이행)
2023040534,2023-08-05,여자,20 - 29세,부산광역시,모바일거래,인터넷교육서비스,계약해제.해지/위약금
2023040535,2023-08-05,남자,30 - 39세,인천광역시,방문판매,결혼준비대행서비스,계약해제.해지/위약금
2023040536,2023-08-05,남자,30 - 39세,인천광역시,일반판매,헤드폰·이어폰,품질(물품/용역)
2023040537,2023-08-05,남자,30 - 39세,제주도,일반판매,국외여행,부당행위
2023040538,2023-08-05,여자,30 - 39세,서울특별시,모바일거래,각종공연관람,계약해제.해지/위약금
2023040539,2023-08-05,남자,20 - 29세,대전광역시,국내온라인거래,항공여객운송서비스,계약해제.해지/위약금
2023040540,2023-08-05,남자,40 - 49세,충청남도,일반판매,스마트폰,AS불만
2023040541,2023-08-05,여자,20 - 29세,경기도,방문판매,헬스장,계약해제.해지/위약금
2023040542,2023-08-05,남자,30 - 39세,서울특별시,모바일거래,기타숙박시설,청약철회
2023040543,2023-08-05,남자,30 - 39세,대전광역시,국내온라인거래,기타취미용품,계약불이행(불완전이행)
2023040544,2023-08-05,여자,40 - 49세,부산광역시,일반판매,이동전화서비스,품질(물품/용역)
2023040545,2023-08-05,여자,30 - 39세,제주도,국내온라인거래,여자용내의류,계약해제.해지/위약금
2023040546,2023-08-05,여자,20 - 29세,경기도,모바일거래,기타숙박시설,계약불이행(불완전이행)
2023040547,2023-08-05,남자,40 - 49세,서울특별시,국내온라인거래,기타이·미용기구,청약철회
2023040548,2023-08-05,여자,20 - 29세,부산광역시,일반판매,헬스장,계약해제.해지/위약금
2023040549,2023-08-05,여자,40 - 49세,광주광역시,국내온라인거래,냉장고,부당행위
2023040550,2023-08-05,여자,30 - 39세,경기도,일반판매,테니스장스쿼시회원권,계약해제.해지/위약금
2023040551,2023-08-05,여자,30 - 39세,서울특별시,일반판매,기타사설강습서비스,계약해제.해지/위약금
2023040552,2023-08-05,남자,40 - 49세,경기도,전화권유판매,인터넷정보이용서비스,계약해제.해지/위약금
2023040553,2023-08-05,남자,30 - 39세,광주광역시,일반판매,TV,AS불만
2023040554,2023-08-05,남자,40 - 49세,경기도,국내온라인거래,기타자동차용품,품질(물품/용역)
2023040555,2023-08-05,여자,50 - 59세,서울특별시,국내온라인거래,팬코일(이동식에어컨),표시.광고
2023040631,2023-08-06,여자,30 - 39세,인천광역시,국내온라인거래,매트,청약철회
2023040632,2023-08-06,여자,30 - 39세,서울특별시,일반판매,포장이사운송서비스,계약불이행(불완전이행)
2023040633,2023-08-06,여자,30 - 39세,경기도,국내온라인거래,기타식품류,계약불이행(불완전이행)
2023040634,2023-08-06,남자,60 - 64세,부산광역시,소셜커머스(쇼핑),룸에어컨,AS불만
2023040635,2023-08-06,여자,20 - 29세,서울특별시,방문판매,인터넷교육서비스,계약해제.해지/위약금
2023040636,2023-08-06,여자,20 - 29세,서울특별시,국내온라인거래,초음파방충기,계약불이행(불완전이행)
2023040637,2023-08-06,여자,60 - 64세,경기도,일반판매,이동전화서비스,청약철회
2023040638,2023-08-06,여자,50 - 59세,서울특별시,모바일거래,모바일게임서비스,청약철회
2023040639,2023-08-06,남자,50 - 59세,대구광역시,기타,정수기,품질(물품/용역)
2023040640,2023-08-06,남자,30 - 39세,서울특별시,일반판매,이동전화서비스,계약불이행(불완전이행)
2023040641,2023-08-06,남자,30 - 39세,서울특별시,일반판매,헬스장,계약해제.해지/위약금
2023040642,2023-08-06,남자,50 - 59세,서울특별시,일반판매,냉장고,품질(물품/용역)
2023040643,2023-08-06,남자,40 - 49세,대구광역시,기타,호텔,부당행위
2023040644,2023-08-06,남자,30 - 39세,경기도,방문판매,결혼준비대행서비스,계약해제.해지/위약금
2023040645,2023-08-06,여자,40 - 49세,경기도,일반판매,기타사설강습서비스,계약해제.해지/위약금
2023040646,2023-08-06,남자,50 - 59세,경상북도,국내온라인거래,통신기기케이스,청약철회
2023040647,2023-08-06,여자,30 - 39세,경기도,국내온라인거래,애완동·식물용품,품질(물품/용역)
2023040648,2023-08-06,여자,20 - 29세,대전광역시,일반판매,필라테스,계약해제.해지/위약금
2023040649,2023-08-06,여자,30 - 39세,인천광역시,소셜커머스(쇼핑),헤어드라이어,계약불이행(불완전이행)
2023040650,2023-08-04,여자,65 - 69세,인천광역시,기타,냉장고,AS불만
2023040651,2023-08-07,여자,60 - 64세,대전광역시,일반판매,점퍼·재킷류,품질(물품/용역)
2023040652,2023-08-07,남자,50 - 59세,부산광역시,기타통신판매,차량용블랙박스,청약철회
2023040653,2023-08-07,여자,20 - 29세,경기도,모바일거래,기타회원권,계약해제.해지/위약금
2023040655,2023-08-07,남자,20 - 29세,서울특별시,일반판매,기타세탁서비스,품질(물품/용역)
2023040656,2023-08-07,여자,20 - 29세,경기도,국내온라인거래,캐주얼바지,청약철회
2023040658,2023-08-07,여자,30 - 39세,서울특별시,국내온라인거래,항공여객운송서비스,계약해제.해지/위약금
2023040659,2023-08-07,남자,60 - 64세,서울특별시,국내온라인거래,국외여행,계약불이행(불완전이행)
2023040660,2023-08-07,남자,30 - 39세,인천광역시,국내온라인거래,의류수선,품질(물품/용역)
2023040661,2023-08-07,남자,40 - 49세,강원특별자치도,국내온라인거래,택배화물운송서비스,계약불이행(불완전이행)
2023040662,2023-08-07,남자,50 - 59세,세종특별자치시,TV홈쇼핑,국외여행,계약불이행(불완전이행)
2023040663,2023-08-07,남자,30 - 39세,울산광역시,방문판매,실손보험,계약불이행(불완전이행)
2023040664,2023-08-07,여자,20 - 29세,전라북도,모바일거래,기타완구·인형,청약철회
2023040665,2023-08-07,남자,30 - 39세,서울특별시,일반판매,내과,품질(물품/용역)
2023040668,2023-08-07,남자,50 - 59세,경기도,국내온라인거래,호텔,청약철회
2023040669,2023-08-07,여자,50 - 59세,경기도,국내온라인거래,이동전화서비스,약관
2023040670,2023-08-07,여자,30 - 39세,제주도,국내온라인거래,노트북컴퓨터,표시.광고
2023040671,2023-08-07,여자,불명,경기도,국내온라인거래,영화관람,청약철회
2023040672,2023-08-07,여자,30 - 39세,대구광역시,일반판매,국외여행,계약불이행(불완전이행)
2023040673,2023-08-07,남자,40 - 49세,울산광역시,일반판매,운동화,품질(물품/용역)
2023040674,2023-08-07,여자,40 - 49세,부산광역시,일반판매,양복(서양식 의복)세탁,품질(물품/용역)
2023040675,2023-08-07,여자,40 - 49세,서울특별시,국내온라인거래,기타숙박시설,계약해제.해지/위약금
2023040676,2023-08-07,여자,50 - 59세,경기도,일반판매,필라테스,계약해제.해지/위약금
2023040677,2023-08-07,여자,40 - 49세,경기도,일반판매,원피스,청약철회
2023040679,2023-08-07,여자,30 - 39세,경기도,일반판매,헬스장,계약해제.해지/위약금
2023040680,2023-08-07,남자,30 - 39세,경기도,일반판매,담배,계약불이행(불완전이행)
2023040681,2023-08-07,남자,20 - 29세,서울특별시,일반판매,종합체육시설회원권,계약해제.해지/위약금
2023040682,2023-08-07,남자,50 - 59세,충청북도,일반판매,티셔츠,품질(물품/용역)
2023040683,2023-08-07,남자,30 - 39세,경기도,일반판매,가습기,계약불이행(불완전이행)
2023040684,2023-08-07,여자,40 - 49세,대전광역시,방문판매,학습지,계약해제.해지/위약금
2023040685,2023-08-07,여자,40 - 49세,서울특별시,일반판매,숙녀복하의,품질(물품/용역)
2023040686,2023-08-07,남자,30 - 39세,서울특별시,국내온라인거래,국외여행,계약해제.해지/위약금
2023040687,2023-08-07,여자,30 - 39세,강원특별자치도,일반판매,피부·체형관리서비스,계약해제.해지/위약금
2023040688,2023-08-07,남자,20 - 29세,경상북도,일반판매,양복(서양식 의복)세탁,품질(물품/용역)
2023040689,2023-08-07,여자,30 - 39세,세종특별자치시,국내온라인거래,캐주얼바지,표시.광고
2023040690,2023-08-07,남자,불명,경기도,국내온라인거래,외식,계약해제.해지/위약금
2023040691,2023-08-07,여자,65 - 69세,경기도,일반판매,재활의학과,품질(물품/용역)
2023040692,2023-08-07,남자,50 - 59세,경기도,일반판매,의자,품질(물품/용역)
2023040693,2023-08-07,여자,20 - 29세,광주광역시,일반판매,택배화물운송서비스,품질(물품/용역)
2023040694,2023-08-07,여자,40 - 49세,경기도,모바일거래,신유형상품권,부당행위
2023040695,2023-08-07,여자,50 - 59세,경기도,기타통신판매,룸에어컨,계약불이행(불완전이행)
2023040696,2023-08-07,여자,60 - 64세,경기도,TV홈쇼핑,기타이·미용기구,품질(물품/용역)
2023040697,2023-08-07,남자,65 - 69세,경기도,국내온라인거래,기타가방,품질(물품/용역)
2023040698,2023-08-07,여자,30 - 39세,서울특별시,국내온라인거래,김치냉장고,표시.광고
2023040699,2023-08-07,여자,50 - 59세,서울특별시,국내온라인거래,호텔,청약철회
2023040700,2023-08-07,여자,50 - 59세,서울특별시,국내온라인거래,호텔,청약철회
2023040701,2023-08-07,여자,60 - 64세,인천광역시,일반판매,아파트,AS불만
2023040702,2023-08-07,남자,30 - 39세,경기도,국내온라인거래,장난감총,계약불이행(불완전이행)
2023040703,2023-08-07,여자,30 - 39세,광주광역시,일반판매,인터넷교육서비스,계약해제.해지/위약금
2023040704,2023-08-07,남자,40 - 49세,서울특별시,국내온라인거래,각종공연관람,계약해제.해지/위약금
2023040705,2023-08-07,여자,40 - 49세,제주도,일반판매,국내결혼중개,계약불이행(불완전이행)
2023040706,2023-08-07,여자,20 - 29세,서울특별시,국내온라인거래,신유형상품권,부당행위
2023040707,2023-08-07,남자,불명,경기도,국내온라인거래,초음파방충기,청약철회
2023040708,2023-08-07,남자,60 - 64세,경기도,일반판매,정수기대여(렌트),계약해제.해지/위약금
2023040710,2023-08-07,여자,30 - 39세,대구광역시,국내온라인거래,샌들·슬리퍼,품질(물품/용역)
2023040711,2023-08-07,여자,불명,경상북도,국내온라인거래,초음파방충기,계약해제.해지/위약금
2023040712,2023-08-07,여자,불명,충청북도,국내온라인거래,초음파방충기,계약해제.해지/위약금
2023040713,2023-08-07,여자,20 - 29세,서울특별시,일반판매,안경·안경테,청약철회
2023040714,2023-08-07,남자,40 - 49세,서울특별시,소셜커머스(쇼핑),기타자동차용품,품질(물품/용역)
2023040715,2023-08-07,여자,불명,서울특별시,국내온라인거래,초음파방충기,계약해제.해지/위약금
2023040716,2023-08-07,남자,20 - 29세,서울특별시,일반판매,양복(서양식 의복)세탁,품질(물품/용역)
2023040717,2023-08-07,여자,30 - 39세,경기도,국내온라인거래,레저시설이용,청약철회
2023040718,2023-08-07,여자,30 - 39세,경기도,일반판매,운동화,품질(물품/용역)
2023040720,2023-08-07,남자,40 - 49세,인천광역시,국내온라인거래,인터넷게임서비스,청약철회
2023040721,2023-08-07,남자,40 - 49세,경기도,일반판매,노트북컴퓨터,AS불만
2023040722,2023-08-07,남자,30 - 39세,경기도,일반판매,중고자동차중개·매매,품질(물품/용역)
2023040723,2023-08-07,남자,30 - 39세,경기도,국내온라인거래,마우스,계약해제.해지/위약금
2023040724,2023-08-07,여자,65 - 69세,서울특별시,일반판매,스마트폰,AS불만
2023040725,2023-08-07,여자,40 - 49세,서울특별시,일반판매,신발세탁,계약불이행(불완전이행)
2023040726,2023-08-07,남자,40 - 49세,서울특별시,기타통신판매,오토바이,안전(제품/시설)
2023040727,2023-08-07,여자,40 - 49세,서울특별시,일반판매,신발세탁,계약불이행(불완전이행)
2023040728,2023-08-07,남자,65 - 69세,대전광역시,일반판매,기타병·의원서비스,품질(물품/용역)
2023040729,2023-08-07,여자,30 - 39세,경기도,방문판매,인터넷교육서비스,계약해제.해지/위약금
2023040730,2023-08-07,남자,20 - 29세,경기도,일반판매,치과,품질(물품/용역)
2023040731,2023-08-07,여자,20 - 29세,서울특별시,일반판매,헬스장,계약해제.해지/위약금
2023040732,2023-08-07,남자,30 - 39세,서울특별시,일반판매,대형승용자동차,계약불이행(불완전이행)
2023040733,2023-08-07,여자,40 - 49세,부산광역시,국내온라인거래,신발세탁,품질(물품/용역)
2023040734,2023-08-07,여자,30 - 39세,서울특별시,기타통신판매,국내결혼중개,계약해제.해지/위약금
2023040735,2023-08-07,여자,50 - 59세,부산광역시,일반판매,샌들·슬리퍼,품질(물품/용역)
2023040736,2023-08-07,여자,30 - 39세,세종특별자치시,기타통신판매,"연회서비스(돌잔치,회갑 등)",계약해제.해지/위약금
2023040737,2023-08-07,남자,40 - 49세,서울특별시,소셜커머스(쇼핑),호텔,계약해제.해지/위약금
2023040738,2023-08-07,남자,70 - 79세,전라남도,국내온라인거래,기타음향기기,품질(물품/용역)
2023040739,2023-08-07,남자,50 - 59세,서울특별시,모바일거래,항공여객운송서비스,계약해제.해지/위약금
2023040740,2023-08-07,남자,50 - 59세,경기도,일반판매,유통시설이용,안전(제품/시설)
2023040743,2023-08-07,여자,30 - 39세,인천광역시,기타,한의원,계약해제.해지/위약금
2023040744,2023-08-07,남자,65 - 69세,부산광역시,일반판매,중형승용자동차,AS불만
2023040745,2023-08-07,여자,50 - 59세,강원특별자치도,일반판매,성형외과,품질(물품/용역)
2023040746,2023-08-07,남자,40 - 49세,인천광역시,국내온라인거래,소프트웨어,청약철회
2023040747,2023-08-07,여자,60 - 64세,경기도,일반판매,안과,품질(물품/용역)
2023040748,2023-08-07,여자,50 - 59세,울산광역시,방문판매,기타여행,계약해제.해지/위약금
2023040749,2023-08-07,남자,30 - 39세,대구광역시,방문판매,국내결혼중개,계약해제.해지/위약금
2023040750,2023-08-07,남자,불명,경기도,국내온라인거래,초음파방충기,계약해제.해지/위약금
2023040751,2023-08-07,여자,50 - 59세,서울특별시,일반판매,헬스장,계약해제.해지/위약금
2023040752,2023-08-07,여자,10 - 19세,경기도,일반판매,기타이·미용서비스,계약해제.해지/위약금
2023040753,2023-08-07,여자,40 - 49세,충청남도,국내온라인거래,항공여객운송서비스,계약해제.해지/위약금
2023040754,2023-08-07,남자,50 - 59세,경기도,국내온라인거래,기타미분류서비스,계약불이행(불완전이행)
2023040755,2023-08-07,여자,30 - 39세,서울특별시,일반판매,헬스장,계약해제.해지/위약금
2023040756,2023-08-07,여자,20 - 29세,서울특별시,국내온라인거래,의상대여(렌트),품질(물품/용역)
2023040757,2023-08-07,여자,40 - 49세,경기도,국내온라인거래,전자게임기구,품질(물품/용역)
2023040758,2023-08-07,여자,50 - 59세,경기도,방문판매,스마트폰,AS불만
2023040760,2023-08-07,여자,30 - 39세,인천광역시,모바일거래,기타수선·염색서비스,품질(물품/용역)
2023040761,2023-08-07,남자,30 - 39세,서울특별시,국내온라인거래,항공여객운송서비스,계약불이행(불완전이행)
2023040762,2023-08-07,여자,20 - 29세,서울특별시,국내온라인거래,기타간편복,청약철회
2023040763,2023-08-07,남자,50 - 59세,경기도,일반판매,스포츠시설이용,계약해제.해지/위약금
2023040764,2023-08-07,여자,40 - 49세,경기도,국내온라인거래,룸에어컨,AS불만
2023040765,2023-08-07,여자,30 - 39세,인천광역시,일반판매,기타세탁서비스,AS불만
2023040766,2023-08-07,여자,30 - 39세,충청남도,국내온라인거래,인터넷교육서비스,계약해제.해지/위약금
2023040767,2023-08-07,남자,40 - 49세,경기도,소셜커머스(쇼핑),운동화,청약철회
2023040768,2023-08-07,여자,30 - 39세,서울특별시,국내온라인거래,블라우스,부당행위
2023040769,2023-08-07,여자,20 - 29세,경기도,국내온라인거래,항공여객운송서비스,계약불이행(불완전이행)
2023040770,2023-08-07,여자,30 - 39세,경기도,일반판매,기타옥외장비·설비,계약불이행(불완전이행)
2023040771,2023-08-07,여자,40 - 49세,서울특별시,일반판매,안마의자,품질(물품/용역)
2023040772,2023-08-07,여자,30 - 39세,경기도,일반판매,필라테스,계약해제.해지/위약금
2023040773,2023-08-07,여자,30 - 39세,경상북도,일반판매,기타가사서비스,계약해제.해지/위약금
2023040774,2023-08-07,남자,40 - 49세,전라북도,국내온라인거래,골프회원권,계약불이행(불완전이행)
2023040775,2023-08-07,남자,20 - 29세,강원특별자치도,일반판매,헬스장,계약해제.해지/위약금
2023040776,2023-08-07,여자,30 - 39세,경기도,소셜커머스(쇼핑),기타식품류,부당행위
2023040777,2023-08-07,여자,30 - 39세,서울특별시,국내온라인거래,기타미분류서비스,부당행위
2023040778,2023-08-07,여자,30 - 39세,부산광역시,후원방문판매,기타이·미용서비스,품질(물품/용역)
2023040779,2023-08-07,남자,40 - 49세,경기도,일반판매,기타옥외장비·설비,AS불만
2023040780,2023-08-07,남자,20 - 29세,경기도,방문판매,헬스장,계약해제.해지/위약금
2023040781,2023-08-07,여자,30 - 39세,경기도,일반판매,예식서비스,계약해제.해지/위약금
2023040782,2023-08-07,남자,50 - 59세,경기도,일반판매,차량네비게이션(자동항법장치),계약불이행(불완전이행)
2023040783,2023-08-07,남자,40 - 49세,서울특별시,국내온라인거래,호텔,계약해제.해지/위약금
2023040784,2023-08-07,남자,30 - 39세,경기도,국내온라인거래,항공여객운송서비스,계약해제.해지/위약금
2023040785,2023-08-07,여자,40 - 49세,경상북도,기타,사진촬영,계약불이행(불완전이행)
2023040786,2023-08-07,남자,30 - 39세,대구광역시,국내온라인거래,매트,청약철회
2023040787,2023-08-07,여자,30 - 39세,인천광역시,일반판매,경비·관리서비스,계약해제.해지/위약금
2023040788,2023-08-07,여자,20 - 29세,서울특별시,국내온라인거래,책장·서가,계약불이행(불완전이행)
2023040789,2023-08-07,여자,30 - 39세,경기도,국내온라인거래,항공여객운송서비스,청약철회
2023040790,2023-08-07,여자,20 - 29세,서울특별시,기타,영화관람,계약불이행(불완전이행)
2023040791,2023-08-07,남자,20 - 29세,전라북도,국내온라인거래,기타매체광고,계약해제.해지/위약금
2023040792,2023-08-07,여자,20 - 29세,충청북도,국내온라인거래,기타의류·섬유,청약철회
2023040793,2023-08-07,여자,40 - 49세,부산광역시,기타,인터넷교육서비스,계약불이행(불완전이행)
2023040794,2023-08-07,여자,30 - 39세,서울특별시,국내온라인거래,도어록,청약철회
2023040795,2023-08-07,여자,50 - 59세,광주광역시,국내온라인거래,레저시설이용,청약철회
2023040796,2023-08-07,여자,30 - 39세,인천광역시,일반판매,헬스장,계약해제.해지/위약금
2023040797,2023-08-07,남자,20 - 29세,경기도,일반판매,외식,품질(물품/용역)
2023040798,2023-08-07,남자,30 - 39세,경기도,일반판매,포장이사운송서비스,단순문의.상담
2023040799,2023-08-07,여자,40 - 49세,서울특별시,TV홈쇼핑,호텔,청약철회
2023040800,2023-08-07,남자,40 - 49세,서울특별시,일반판매,항공여객운송서비스,계약불이행(불완전이행)
2023040801,2023-08-07,여자,30 - 39세,서울특별시,일반판매,필라테스,계약해제.해지/위약금
2023040802,2023-08-07,남자,70 - 79세,서울특별시,일반판매,기타숙박시설,품질(물품/용역)
2023040803,2023-08-07,여자,20 - 29세,서울특별시,국내온라인거래,기타간편복,청약철회
2023040804,2023-08-07,남자,30 - 39세,충청남도,일반판매,기타인테리어설비,계약해제.해지/위약금
2023040805,2023-08-07,남자,60 - 64세,충청남도,전화권유판매,건물청소서비스,계약불이행(불완전이행)
2023040806,2023-08-07,여자,20 - 29세,인천광역시,국내온라인거래,각종공연관람,계약해제.해지/위약금
2023040807,2023-08-07,남자,40 - 49세,인천광역시,일반판매,미용서비스,계약해제.해지/위약금
2023040808,2023-08-07,여자,40 - 49세,경기도,전화권유판매,인터넷정보이용서비스,청약철회
2023040809,2023-08-07,여자,20 - 29세,서울특별시,일반판매,미용서비스,품질(물품/용역)
2023040810,2023-08-07,남자,60 - 64세,서울특별시,국내온라인거래,노트북컴퓨터,품질(물품/용역)
2023040811,2023-08-07,남자,20 - 29세,부산광역시,국내온라인거래,기타숙박시설,계약불이행(불완전이행)
2023040812,2023-08-07,여자,20 - 29세,충청북도,모바일거래,미분류대여(렌트),청약철회
2023040813,2023-08-07,여자,20 - 29세,전라북도,일반판매,국내결혼중개,계약불이행(불완전이행)
2023040814,2023-08-07,여자,30 - 39세,경기도,국내온라인거래,영화관람,계약해제.해지/위약금
2023040815,2023-08-07,남자,30 - 39세,경기도,일반판매,포장이사운송서비스,품질(물품/용역)
2023040816,2023-08-07,여자,30 - 39세,경기도,국내온라인거래,원피스,청약철회
2023040817,2023-08-07,여자,50 - 59세,충청남도,국내온라인거래,블라우스,품질(물품/용역)
2023040818,2023-08-07,남자,30 - 39세,서울특별시,국내온라인거래,모자,청약철회
2023040819,2023-08-07,여자,20 - 29세,경상남도,방문판매,건물청소서비스,계약불이행(불완전이행)
2023040820,2023-08-07,여자,50 - 59세,경기도,국내온라인거래,소금,계약불이행(불완전이행)
2023040821,2023-08-07,여자,30 - 39세,경기도,국내온라인거래,프린터,AS불만
2023040822,2023-08-07,여자,40 - 49세,서울특별시,국내온라인거래,책장·서가,계약해제.해지/위약금
2023040823,2023-08-07,남자,30 - 39세,경기도,일반판매,전자담배,품질(물품/용역)
2023040824,2023-08-07,여자,20 - 29세,인천광역시,기타,인터넷교육서비스,계약해제.해지/위약금
2023040825,2023-08-07,남자,30 - 39세,경기도,국내온라인거래,펜션,청약철회
2023040826,2023-08-07,여자,20 - 29세,충청남도,일반판매,헬스장,계약해제.해지/위약금
2023040827,2023-08-07,여자,30 - 39세,경상북도,기타,기타문화·오락시설이용,안전(제품/시설)
2023040828,2023-08-07,남자,65 - 69세,서울특별시,TV홈쇼핑,김치냉장고,부당행위
2023040829,2023-08-07,여자,20 - 29세,경기도,모바일거래,기타숙박시설,청약철회
2023040830,2023-08-07,남자,20 - 29세,경기도,국내온라인거래,초음파방충기,청약철회
2023040831,2023-08-07,여자,30 - 39세,경기도,모바일거래,각종공연관람,계약불이행(불완전이행)
2023040832,2023-08-07,남자,30 - 39세,서울특별시,일반판매,노트북컴퓨터,AS불만
2023040833,2023-08-07,남자,50 - 59세,세종특별자치시,기타,화재경보장치,품질(물품/용역)
2023040834,2023-08-07,여자,40 - 49세,부산광역시,일반판매,피부·체형관리서비스,계약불이행(불완전이행)
2023040835,2023-08-07,여자,30 - 39세,서울특별시,모바일거래,보관함보관서비스,계약해제.해지/위약금
2023040836,2023-08-07,여자,40 - 49세,강원특별자치도,국내온라인거래,옷걸이,계약해제.해지/위약금
2023040837,2023-08-07,남자,20 - 29세,경기도,기타통신판매,니트(스웨터),계약불이행(불완전이행)
2023040838,2023-08-07,여자,40 - 49세,광주광역시,국내온라인거래,음식물처리기,품질(물품/용역)
2023040839,2023-08-07,남자,40 - 49세,울산광역시,기타,기타건강식품,안전(제품/시설)
2023040840,2023-08-07,여자,30 - 39세,부산광역시,국내온라인거래,기타미분류물품,계약해제.해지/위약금
2023040841,2023-08-07,남자,20 - 29세,서울특별시,방문판매,헬스장,계약해제.해지/위약금
2023040842,2023-08-07,여자,30 - 39세,경기도,일반판매,필라테스,계약해제.해지/위약금
2023040843,2023-08-07,남자,30 - 39세,경기도,국내온라인거래,시계,계약불이행(불완전이행)
2023040844,2023-08-07,여자,40 - 49세,부산광역시,국내온라인거래,기타미분류서비스,표시.광고
2023040845,2023-08-07,여자,30 - 39세,경상남도,방문판매,우유,계약불이행(불완전이행)
2023040846,2023-08-07,남자,20 - 29세,경상남도,모바일거래,버스여객운송서비스,청약철회
2023040847,2023-08-07,남자,30 - 39세,서울특별시,일반판매,셔츠,청약철회
2023040848,2023-08-07,남자,40 - 49세,경기도,일반판매,가스에어컨,품질(물품/용역)
2023040849,2023-08-07,여자,40 - 49세,경기도,일반판매,기타일반화장품,품질(물품/용역)
2023040850,2023-08-07,여자,50 - 59세,서울특별시,전화권유판매,기타매체광고,표시.광고
2023040851,2023-08-07,남자,60 - 64세,경기도,국내온라인거래,팬코일(이동식에어컨),품질(물품/용역)
2023040852,2023-08-07,남자,60 - 64세,경기도,국내온라인거래,싱크대,계약불이행(불완전이행)
2023040853,2023-08-07,남자,30 - 39세,광주광역시,기타,기타문화·오락시설이용,안전(제품/시설)
2023040854,2023-08-07,남자,40 - 49세,대구광역시,국내온라인거래,커피메이커,품질(물품/용역)
2023040855,2023-08-07,여자,20 - 29세,경기도,일반판매,국외여행,계약해제.해지/위약금
2023040856,2023-08-07,여자,50 - 59세,부산광역시,국내온라인거래,캐주얼바지,계약불이행(불완전이행)
2023040857,2023-08-07,여자,20 - 29세,경기도,국내온라인거래,기타침구류,품질(물품/용역)
2023040858,2023-08-07,남자,20 - 29세,서울특별시,소셜커머스(쇼핑),스피커,품질(물품/용역)
2023040859,2023-08-07,남자,30 - 39세,경기도,기타통신판매,카메라,품질(물품/용역)
2023040860,2023-08-08,남자,20 - 29세,울산광역시,일반판매,중고자동차중개·매매,표시.광고
2023040862,2023-08-08,여자,40 - 49세,광주광역시,국내온라인거래,생활패션화(슬립온·아쿠아슈즈·장화·작업화 등),청약철회
2023040863,2023-08-08,남자,70 - 79세,서울특별시,일반판매,성형외과,품질(물품/용역)
2023040865,2023-08-08,남자,40 - 49세,충청북도,일반판매,건물청소서비스,품질(물품/용역)
2023040866,2023-08-08,남자,40 - 49세,경기도,일반판매,종합체육시설회원권,계약해제.해지/위약금
2023040867,2023-08-08,남자,30 - 39세,서울특별시,전화권유판매,반포장이사운송서비스,계약해제.해지/위약금
2023040868,2023-08-08,여자,30 - 39세,서울특별시,일반판매,전동킥보드,부당행위
2023040869,2023-08-08,여자,30 - 39세,충청남도,일반판매,마사지류,계약해제.해지/위약금
2023040870,2023-08-08,여자,40 - 49세,경기도,일반판매,헬스장,계약해제.해지/위약금
2023040871,2023-08-08,남자,65 - 69세,인천광역시,일반판매,차량용블랙박스,계약불이행(불완전이행)
2023040872,2023-08-08,남자,70 - 79세,경기도,일반판매,타이어,계약불이행(불완전이행)
2023040873,2023-08-08,남자,30 - 39세,경기도,모바일거래,자동차수리·점검,계약해제.해지/위약금
2023040874,2023-08-08,여자,30 - 39세,경기도,국제온라인거래,항공여객운송서비스,계약불이행(불완전이행)
2023040875,2023-08-08,남자,40 - 49세,경기도,기타,응급의학과,품질(물품/용역)
2023040876,2023-08-08,남자,20 - 29세,인천광역시,모바일거래,기타간편복,계약불이행(불완전이행)
2023040877,2023-08-08,여자,60 - 64세,충청북도,기타,정형외과,품질(물품/용역)
2023040878,2023-08-08,여자,50 - 59세,대구광역시,기타,기타병·의원서비스,계약해제.해지/위약금
2023040879,2023-08-08,여자,30 - 39세,경기도,일반판매,헬스장,계약해제.해지/위약금
2023040880,2023-08-08,남자,40 - 49세,충청북도,모바일거래,대리운전,계약불이행(불완전이행)
2023040881,2023-08-08,남자,20 - 29세,충청남도,일반판매,헬스장,계약해제.해지/위약금
2023040882,2023-08-08,남자,20 - 29세,경상남도,국내온라인거래,전기오븐,품질(물품/용역)
2023040883,2023-08-08,여자,40 - 49세,서울특별시,국내온라인거래,항공여객운송서비스,표시.광고
2023040884,2023-08-08,여자,40 - 49세,서울특별시,국내온라인거래,각종쿠폰류(무료통화권포함),부당행위
2023040885,2023-08-08,여자,50 - 59세,서울특별시,국내온라인거래,기타이·미용서비스,계약불이행(불완전이행)
2023040886,2023-08-08,남자,30 - 39세,서울특별시,전화권유판매,상조서비스,계약해제.해지/위약금
2023040887,2023-08-08,남자,70 - 79세,경기도,TV홈쇼핑,선풍기,품질(물품/용역)
2023040889,2023-08-08,남자,30 - 39세,경기도,일반판매,기타숙박시설,계약해제.해지/위약금
2023040890,2023-08-08,여자,60 - 64세,경기도,국내온라인거래,기타세탁서비스,품질(물품/용역)
2023040891,2023-08-08,여자,60 - 64세,충청북도,기타,기타주거관리설비,계약불이행(불완전이행)
2023040892,2023-08-08,여자,30 - 39세,서울특별시,국내온라인거래,니트(스웨터),청약철회
2023040894,2023-08-08,남자,40 - 49세,경기도,국내온라인거래,호텔,청약철회
2023040895,2023-08-08,여자,70 - 79세,경기도,기타통신판매,기타육류·육류가공식품,표시.광고
2023040896,2023-08-08,남자,40 - 49세,서울특별시,일반판매,가스보일러,품질(물품/용역)
2023040898,2023-08-08,남자,20 - 29세,서울특별시,일반판매,이동전화서비스,AS불만
2023040899,2023-08-08,남자,40 - 49세,부산광역시,일반판매,커피메이커,품질(물품/용역)
2023040900,2023-08-08,여자,30 - 39세,강원특별자치도,소셜커머스(쇼핑),블라우스,계약불이행(불완전이행)
2023040901,2023-08-08,여자,30 - 39세,강원특별자치도,소셜커머스(쇼핑),블라우스,계약불이행(불완전이행)
2023040902,2023-08-08,여자,30 - 39세,강원특별자치도,소셜커머스(쇼핑),블라우스,계약불이행(불완전이행)
2023040903,2023-08-08,여자,30 - 39세,강원특별자치도,소셜커머스(쇼핑),블라우스,계약불이행(불완전이행)
2023040905,2023-08-08,여자,10 - 19세,경기도,일반판매,전산강습,계약불이행(불완전이행)
2023040906,2023-08-08,남자,30 - 39세,경기도,일반판매,인터넷교육서비스,계약해제.해지/위약금
2023040907,2023-08-08,여자,40 - 49세,인천광역시,국내온라인거래,블라우스,계약불이행(불완전이행)
2023040909,2023-08-08,남자,50 - 59세,서울특별시,일반판매,성형외과,품질(물품/용역)
2023040910,2023-08-08,남자,40 - 49세,강원특별자치도,기타통신판매,도색공사,AS불만
2023040911,2023-08-08,여자,40 - 49세,경기도,국내온라인거래,양복(서양식 의복)세탁,품질(물품/용역)
2023040912,2023-08-08,남자,40 - 49세,서울특별시,기타통신판매,오토바이,품질(물품/용역)
2023040913,2023-08-08,남자,65 - 69세,경기도,기타통신판매,전기자전거,청약철회
2023040914,2023-08-08,남자,40 - 49세,대구광역시,일반판매,전기자동차,안전(제품/시설)
2023040915,2023-08-08,남자,40 - 49세,경기도,일반판매,중형승용자동차,품질(물품/용역)
2023040916,2023-08-08,남자,60 - 64세,경기도,일반판매,안과,품질(물품/용역)
2023040917,2023-08-08,여자,50 - 59세,경기도,일반판매,전기자동차,품질(물품/용역)
2023040918,2023-08-08,남자,60 - 64세,경기도,일반판매,외식,안전(제품/시설)
2023040919,2023-08-08,남자,20 - 29세,경기도,기타,기타놀이·게임기구,계약불이행(불완전이행)
2023040921,2023-08-08,남자,40 - 49세,서울특별시,모바일거래,카셰어링,부당행위
2023040922,2023-08-08,여자,30 - 39세,경기도,국내온라인거래,기타가방,청약철회
2023040924,2023-08-08,여자,50 - 59세,대전광역시,일반판매,골프회원권,계약불이행(불완전이행)
2023040925,2023-08-08,여자,50 - 59세,서울특별시,일반판매,기타가사서비스,품질(물품/용역)
2023040926,2023-08-08,남자,30 - 39세,경기도,국내온라인거래,기타문화·오락시설이용,청약철회
2023040927,2023-08-08,남자,20 - 29세,경상남도,전화권유판매,기타일반화장품,계약불이행(불완전이행)
2023040928,2023-08-08,여자,30 - 39세,서울특별시,일반판매,필라테스,계약해제.해지/위약금
2023040929,2023-08-08,남자,40 - 49세,서울특별시,일반판매,애완견,계약불이행(불완전이행)
2023040930,2023-08-08,여자,40 - 49세,경기도,일반판매,미용서비스,품질(물품/용역)
2023040931,2023-08-08,여자,40 - 49세,경상남도,모바일거래,캐주얼바지,청약철회
2023040932,2023-08-08,남자,40 - 49세,전라남도,국내온라인거래,운동화,표시.광고
2023040933,2023-08-08,남자,30 - 39세,대구광역시,국내온라인거래,양복(서양식 의복)세탁,품질(물품/용역)
2023040934,2023-08-08,여자,40 - 49세,서울특별시,전화권유판매,인터넷교육서비스,계약해제.해지/위약금
2023040935,2023-08-08,남자,60 - 64세,부산광역시,일반판매,가스보일러,계약불이행(불완전이행)
2023040936,2023-08-08,여자,65 - 69세,경기도,일반판매,국외여행,계약해제.해지/위약금
2023040937,2023-08-08,여자,30 - 39세,서울특별시,국내온라인거래,화장대,품질(물품/용역)
2023040938,2023-08-08,여자,50 - 59세,부산광역시,일반판매,양복(서양식 의복)세탁,품질(물품/용역)
2023040939,2023-08-08,여자,50 - 59세,경기도,국내온라인거래,여자용내의류,품질(물품/용역)
2023040940,2023-08-08,여자,50 - 59세,서울특별시,노상판매,창호유리,품질(물품/용역)
2023040941,2023-08-08,남자,65 - 69세,경기도,일반판매,싱크대,품질(물품/용역)
2023040942,2023-08-08,남자,30 - 39세,서울특별시,국내온라인거래,핸드백,품질(물품/용역)
2023040943,2023-08-08,여자,20 - 29세,경상남도,일반판매,헬스장,계약해제.해지/위약금
2023040944,2023-08-08,여자,40 - 49세,서울특별시,국내온라인거래,기타숙박시설,계약해제.해지/위약금
2023040945,2023-08-08,남자,30 - 39세,경기도,일반판매,선글라스,품질(물품/용역)
2023040946,2023-08-08,여자,65 - 69세,세종특별자치시,TV홈쇼핑,음식물처리기대여(렌트),품질(물품/용역)
2023040947,2023-08-08,여자,40 - 49세,서울특별시,일반판매,필라테스,계약해제.해지/위약금
2023040948,2023-08-08,여자,50 - 59세,경기도,국내온라인거래,골프회원권,거래관행
2023040949,2023-08-08,남자,20 - 29세,서울특별시,국내온라인거래,먹는샘물,청약철회
2023040951,2023-08-08,여자,30 - 39세,경기도,국내온라인거래,싱크대,계약불이행(불완전이행)
2023040952,2023-08-08,여자,30 - 39세,경기도,국내온라인거래,침대,청약철회
2023040953,2023-08-08,남자,40 - 49세,제주도,일반판매,룸에어컨,품질(물품/용역)
2023040954,2023-08-08,여자,65 - 69세,부산광역시,일반판매,핸드백,품질(물품/용역)
2023040955,2023-08-08,여자,50 - 59세,서울특별시,국내온라인거래,숙녀복세트,청약철회
2023040956,2023-08-08,남자,불명,전라남도,일반판매,노인복지,계약불이행(불완전이행)
2023040957,2023-08-08,남자,60 - 64세,경기도,일반판매,치과,품질(물품/용역)
2023040958,2023-08-08,남자,30 - 39세,경기도,국내온라인거래,운동화,청약철회
2023040960,2023-08-08,남자,30 - 39세,세종특별자치시,일반판매,점퍼·재킷류,품질(물품/용역)
2023040961,2023-08-08,여자,70 - 79세,경기도,TV홈쇼핑,음식물처리기대여(렌트),품질(물품/용역)
2023040962,2023-08-08,여자,불명,대구광역시,일반판매,기타가방,품질(물품/용역)
2023040963,2023-08-08,여자,50 - 59세,경기도,국제온라인거래,신발세탁,계약불이행(불완전이행)
2023040965,2023-08-08,남자,40 - 49세,서울특별시,국내온라인거래,식탁,품질(물품/용역)
2023040966,2023-08-08,여자,70 - 79세,대전광역시,일반판매,숙녀화(구두·부츠 등),청약철회
2023040967,2023-08-08,남자,40 - 49세,강원특별자치도,기타통신판매,초고속인터넷,계약해제.해지/위약금
2023040968,2023-08-08,여자,50 - 59세,대구광역시,일반판매,양복(서양식 의복)세탁,품질(물품/용역)
2023040969,2023-08-08,남자,40 - 49세,서울특별시,국내온라인거래,신유형상품권,청약철회
2023040970,2023-08-08,남자,40 - 49세,서울특별시,국내온라인거래,티셔츠,청약철회
2023040971,2023-08-08,남자,70 - 79세,서울특별시,일반판매,정형외과,품질(물품/용역)
2023040972,2023-08-08,여자,40 - 49세,서울특별시,일반판매,운동화,품질(물품/용역)
2023040973,2023-08-08,여자,30 - 39세,강원특별자치도,국내온라인거래,티셔츠,청약철회
2023040974,2023-08-08,남자,40 - 49세,충청북도,일반판매,운동화,품질(물품/용역)
2023040975,2023-08-08,남자,70 - 79세,경기도,일반판매,양복(서양식 의복)세탁,품질(물품/용역)
2023040976,2023-08-08,여자,50 - 59세,서울특별시,일반판매,식기세척기,AS불만
2023040977,2023-08-08,여자,50 - 59세,경기도,일반판매,원피스,품질(물품/용역)
2023040978,2023-08-08,여자,70 - 79세,서울특별시,국내온라인거래,기타문화·오락시설이용,계약해제.해지/위약금
2023040979,2023-08-08,남자,30 - 39세,서울특별시,모바일거래,기타음료,품질(물품/용역)
2023040980,2023-08-08,여자,20 - 29세,경상북도,국내온라인거래,티셔츠,청약철회
2023040981,2023-08-08,남자,30 - 39세,서울특별시,일반판매,국외여행,부당행위
2023040982,2023-08-08,남자,30 - 39세,경상남도,국제온라인거래,펜션,부당행위
2023040984,2023-08-08,남자,40 - 49세,경기도,일반판매,즉석조리식품,안전(제품/시설)
2023040985,2023-08-08,남자,40 - 49세,전라남도,국내온라인거래,팬코일(이동식에어컨),AS불만
2023040986,2023-08-08,남자,20 - 29세,경상남도,전화권유판매,룸에어컨,계약해제.해지/위약금
2023040987,2023-08-08,남자,불명,서울특별시,일반판매,국외여행,계약해제.해지/위약금
2023040988,2023-08-08,여자,30 - 39세,경상남도,일반판매,기타미분류서비스,계약불이행(불완전이행)
2023040989,2023-08-08,여자,50 - 59세,전라남도,일반판매,애완견,단순문의.상담
2023040990,2023-08-08,남자,30 - 39세,경기도,일반판매,미용서비스,계약불이행(불완전이행)
2023040991,2023-08-08,여자,30 - 39세,인천광역시,기타,항공여객운송서비스,계약불이행(불완전이행)
2023040992,2023-08-08,여자,30 - 39세,서울특별시,기타,피부·체형관리서비스,계약해제.해지/위약금
2023040993,2023-08-08,여자,20 - 29세,서울특별시,기타통신판매,초고속인터넷,품질(물품/용역)
2023040994,2023-08-08,여자,20 - 29세,제주도,국내온라인거래,여행용가방,계약해제.해지/위약금
2023040995,2023-08-08,남자,40 - 49세,경기도,소셜커머스(쇼핑),선풍기,청약철회
2023040996,2023-08-08,여자,20 - 29세,서울특별시,기타,컴퓨터S/W개발(홈페이지제작),계약불이행(불완전이행)
2023040997,2023-08-08,여자,50 - 59세,인천광역시,국내온라인거래,항공여객운송서비스,계약해제.해지/위약금
2023040998,2023-08-08,여자,30 - 39세,인천광역시,기타,포장이사운송서비스,계약불이행(불완전이행)
2023040999,2023-08-08,남자,30 - 39세,경기도,국내온라인거래,펜션,계약불이행(불완전이행)
2023041000,2023-08-08,남자,20 - 29세,대전광역시,일반판매,헬스장,계약해제.해지/위약금
2023041001,2023-08-08,남자,20 - 29세,경기도,일반판매,기타통신기기,계약불이행(불완전이행)
2023041002,2023-08-08,여자,30 - 39세,경상남도,일반판매,기타의류·섬유,청약철회
2023041003,2023-08-08,여자,40 - 49세,경기도,일반판매,기타인테리어설비,계약불이행(불완전이행)
2023041004,2023-08-08,남자,40 - 49세,서울특별시,국내온라인거래,필기용구,계약불이행(불완전이행)
2023041005,2023-08-08,남자,20 - 29세,대전광역시,일반판매,헬스장,계약해제.해지/위약금
2023041006,2023-08-08,여자,30 - 39세,경기도,국내온라인거래,항공여객운송서비스,청약철회
2023041007,2023-08-08,여자,20 - 29세,서울특별시,일반판매,필라테스,계약해제.해지/위약금
2023041008,2023-08-08,남자,20 - 29세,경기도,국내온라인거래,지갑,청약철회
2023041009,2023-08-08,남자,50 - 59세,전라북도,일반판매,이동전화서비스,부당행위
2023041010,2023-08-08,여자,40 - 49세,경기도,소셜커머스(쇼핑),핸드백,계약불이행(불완전이행)
2023041011,2023-08-08,여자,30 - 39세,대구광역시,국내온라인거래,기타완구·인형,청약철회
2023041012,2023-08-08,남자,40 - 49세,경기도,국내온라인거래,항공여객운송서비스,계약해제.해지/위약금
2023041013,2023-08-08,여자,불명,경기도,국내온라인거래,초음파방충기,계약해제.해지/위약금
2023041014,2023-08-08,남자,20 - 29세,전라남도,소셜커머스(쇼핑),셔츠,계약불이행(불완전이행)
2023041015,2023-08-08,남자,20 - 29세,경기도,일반판매,양복(서양식 의복)세탁,계약불이행(불완전이행)
2023041016,2023-08-08,남자,30 - 39세,경기도,국내온라인거래,티셔츠,청약철회
2023041017,2023-08-08,여자,40 - 49세,광주광역시,국내온라인거래,선풍기,계약불이행(불완전이행)
2023041018,2023-08-08,여자,20 - 29세,서울특별시,일반판매,이동전화서비스,가격.요금
2023041019,2023-08-08,여자,30 - 39세,경상북도,전화권유판매,인터넷교육서비스,계약해제.해지/위약금
2023041020,2023-08-08,남자,30 - 39세,서울특별시,국내온라인거래,전등·전구,계약해제.해지/위약금
2023041021,2023-08-08,여자,30 - 39세,부산광역시,국내온라인거래,각종공연관람,계약해제.해지/위약금
2023041022,2023-08-08,남자,30 - 39세,서울특별시,국내온라인거래,기타스포츠·레저기구·용품,청약철회
2023041023,2023-08-08,여자,20 - 29세,서울특별시,일반판매,미용서비스,품질(물품/용역)
2023041024,2023-08-08,여자,30 - 39세,강원특별자치도,방문판매,인터넷교육서비스,계약해제.해지/위약금
2023041025,2023-08-08,남자,40 - 49세,세종특별자치시,국내온라인거래,국외여행,가격.요금
2023041026,2023-08-08,남자,50 - 59세,서울특별시,기타통신판매,소프트웨어,계약해제.해지/위약금
2023041027,2023-08-08,남자,40 - 49세,경기도,TV홈쇼핑,전기고데기,계약불이행(불완전이행)
2023041028,2023-08-08,여자,30 - 39세,울산광역시,일반판매,기타미분류서비스,계약불이행(불완전이행)
2023041029,2023-08-08,여자,40 - 49세,강원특별자치도,기타통신판매,기타교육서비스,계약불이행(불완전이행)
2023041030,2023-08-08,남자,30 - 39세,경기도,소셜커머스(쇼핑),룸에어컨,가격.요금
2023041031,2023-08-08,여자,70 - 79세,경상북도,일반판매,IPTV,계약해제.해지/위약금
2023041032,2023-08-08,남자,50 - 59세,경기도,국내온라인거래,기타이동통신,청약철회
2023041033,2023-08-08,남자,30 - 39세,경기도,일반판매,고시원이용,계약해제.해지/위약금
2023041034,2023-08-08,여자,80세이상,전라북도,국내온라인거래,영양보충용제품,안전(제품/시설)
2023041035,2023-08-08,남자,30 - 39세,서울특별시,일반판매,골프회원권,계약해제.해지/위약금
2023041036,2023-08-08,여자,40 - 49세,서울특별시,일반판매,필라테스,계약해제.해지/위약금
2023041037,2023-08-08,여자,40 - 49세,경기도,국내온라인거래,기타숙박시설,계약해제.해지/위약금
2023041038,2023-08-08,남자,30 - 39세,인천광역시,방문판매,헬스장,계약해제.해지/위약금
2023041039,2023-08-08,여자,20 - 29세,인천광역시,국내온라인거래,호텔,계약해제.해지/위약금
2023041040,2023-08-08,여자,65 - 69세,대구광역시,전화권유판매,기타일반화장품,청약철회
2023041041,2023-08-08,남자,20 - 29세,경기도,국내온라인거래,기타숙박시설,계약해제.해지/위약금
2023041042,2023-08-08,남자,40 - 49세,부산광역시,기타,건물청소서비스,품질(물품/용역)
2023041043,2023-08-08,여자,40 - 49세,전라북도,국내온라인거래,기타신발·용품,계약불이행(불완전이행)
2023041044,2023-08-08,여자,30 - 39세,경기도,일반판매,결혼준비대행서비스,계약해제.해지/위약금
2023041045,2023-08-08,여자,40 - 49세,충청북도,일반판매,정수기대여(렌트),계약불이행(불완전이행)
2023041046,2023-08-08,여자,40 - 49세,경기도,일반판매,종합체육시설회원권,계약해제.해지/위약금
2023041047,2023-08-08,여자,40 - 49세,경기도,일반판매,스마트폰,품질(물품/용역)
2023041048,2023-08-08,여자,40 - 49세,경기도,국내온라인거래,기타숙박시설,계약해제.해지/위약금
2023041049,2023-08-08,남자,20 - 29세,인천광역시,일반판매,레저시설이용,계약해제.해지/위약금
2023041050,2023-08-08,여자,20 - 29세,충청남도,소셜커머스(쇼핑),기타컴퓨터·주변기기,품질(물품/용역)
2023041051,2023-08-08,남자,40 - 49세,경상북도,일반판매,중고전자제품매매업,품질(물품/용역)
2023041052,2023-08-08,여자,40 - 49세,경기도,기타,일반강습(입시학원등),계약해제.해지/위약금
2023041053,2023-08-08,여자,30 - 39세,경기도,국내온라인거래,애완동·식물용품,품질(물품/용역)
2023041054,2023-08-08,남자,20 - 29세,경기도,모바일거래,스포츠관람,계약해제.해지/위약금
2023041055,2023-08-08,여자,40 - 49세,경기도,일반판매,콘도회원권,계약불이행(불완전이행)
2023041056,2023-08-08,여자,50 - 59세,서울특별시,TV홈쇼핑,헤어린스,안전(제품/시설)
2023041058,2023-08-08,여자,20 - 29세,대전광역시,일반판매,피부·체형관리서비스,계약불이행(불완전이행)
2023041059,2023-08-08,남자,30 - 39세,서울특별시,국내온라인거래,현상·인화,계약해제.해지/위약금
2023041060,2023-08-08,여자,20 - 29세,경기도,모바일거래,모바일게임서비스,부당행위
2023041061,2023-08-08,여자,50 - 59세,인천광역시,일반판매,바닥재·마루공사,AS불만
2023041062,2023-08-08,여자,20 - 29세,서울특별시,모바일거래,사진촬영,계약해제.해지/위약금
2023041063,2023-08-08,여자,20 - 29세,인천광역시,일반판매,미용서비스,품질(물품/용역)
2023041064,2023-08-08,여자,30 - 39세,인천광역시,국내온라인거래,기타이·미용기구,품질(물품/용역)
2023041065,2023-08-08,여자,40 - 49세,경기도,기타통신판매,정수기,품질(물품/용역)
2023041066,2023-08-08,여자,50 - 59세,경기도,일반판매,룸에어컨,청약철회
2023041067,2023-08-08,여자,50 - 59세,충청북도,국내온라인거래,기타건강식품,계약불이행(불완전이행)
2023041068,2023-08-08,남자,30 - 39세,서울특별시,국제온라인거래,장식장,계약불이행(불완전이행)
2023041069,2023-08-08,여자,30 - 39세,경상남도,국내온라인거래,블라우스,부당행위
2023041070,2023-08-08,여자,20 - 29세,서울특별시,일반판매,기타회원권,계약해제.해지/위약금
2023041072,2023-08-08,여자,20 - 29세,경기도,국내온라인거래,인터넷교육서비스,계약불이행(불완전이행)
2023041073,2023-08-08,남자,30 - 39세,대전광역시,일반판매,예식서비스,계약불이행(불완전이행)
2023041074,2023-08-08,여자,30 - 39세,인천광역시,국내온라인거래,국외여행,계약해제.해지/위약금
2023041075,2023-08-08,남자,50 - 59세,경상남도,일반판매,스마트폰,품질(물품/용역)
2023041076,2023-08-08,여자,20 - 29세,경기도,일반판매,헬스장,계약해제.해지/위약금
2023041077,2023-08-08,여자,20 - 29세,부산광역시,국내온라인거래,원피스,청약철회
2023041078,2023-08-08,여자,30 - 39세,경기도,일반판매,헬스장,계약해제.해지/위약금
2023041079,2023-08-08,남자,30 - 39세,경상북도,방문판매,보석·귀금속,청약철회
2023041080,2023-08-08,여자,40 - 49세,대구광역시,방문판매,인덕션레인지,표시.광고
2023041081,2023-08-08,남자,30 - 39세,서울특별시,국내온라인거래,캐주얼바지,품질(물품/용역)
2023041082,2023-08-08,여자,30 - 39세,서울특별시,국내온라인거래,항공여객운송서비스,계약해제.해지/위약금
2023041083,2023-08-08,여자,20 - 29세,인천광역시,방문판매,필라테스,계약해제.해지/위약금
2023041084,2023-08-08,남자,30 - 39세,경상남도,일반판매,국내결혼중개,계약해제.해지/위약금
2023041085,2023-08-08,여자,30 - 39세,경기도,일반판매,기타세탁서비스,계약불이행(불완전이행)
2023041086,2023-08-08,여자,20 - 29세,경기도,국내온라인거래,헬스장,계약해제.해지/위약금
2023041087,2023-08-08,여자,20 - 29세,인천광역시,일반판매,헬스장,계약해제.해지/위약금
2023041088,2023-08-08,여자,20 - 29세,대구광역시,방문판매,학습지,계약해제.해지/위약금
2023041089,2023-08-08,여자,20 - 29세,충청북도,국내온라인거래,기타육류·육류가공식품,계약불이행(불완전이행)
2023041090,2023-08-08,남자,20 - 29세,경기도,방문판매,헬스장,계약해제.해지/위약금
2023041091,2023-08-08,남자,50 - 59세,부산광역시,일반판매,룸에어컨,품질(물품/용역)
2023041092,2023-08-08,여자,20 - 29세,경기도,국내온라인거래,선풍기,AS불만
2023041093,2023-08-08,남자,50 - 59세,경기도,일반판매,외식,계약해제.해지/위약금
2023041094,2023-08-08,여자,30 - 39세,충청남도,기타,포장이사운송서비스,품질(물품/용역)
2023041095,2023-08-08,남자,30 - 39세,경상북도,국내온라인거래,기타자동차부품,계약불이행(불완전이행)
2023041096,2023-08-08,여자,40 - 49세,경기도,전화권유판매,모바일정보이용서비스,계약불이행(불완전이행)
2023041097,2023-08-08,남자,50 - 59세,서울특별시,국내온라인거래,항공여객운송서비스,청약철회
2023041098,2023-08-08,남자,30 - 39세,서울특별시,모바일거래,모바일게임서비스,부당행위
2023041099,2023-08-09,여자,70 - 79세,경기도,일반판매,필라테스,계약불이행(불완전이행)
2023041100,2023-08-09,남자,50 - 59세,충청북도,방문판매,콘도회원권,계약해제.해지/위약금
2023041101,2023-08-09,여자,60 - 64세,서울특별시,일반판매,소파,품질(물품/용역)
2023041102,2023-08-09,남자,30 - 39세,경기도,일반판매,USB,안전(제품/시설)
2023041103,2023-08-09,여자,60 - 64세,울산광역시,기타,음식물처리기대여(렌트),품질(물품/용역)
2023041104,2023-08-09,남자,30 - 39세,부산광역시,일반판매,중형승용자동차,품질(물품/용역)
2023041105,2023-08-09,남자,50 - 59세,부산광역시,일반판매,자동차수리·점검,가격.요금
2023041106,2023-08-09,남자,65 - 69세,대전광역시,기타통신판매,기타조리기기·기구,청약철회
2023041107,2023-08-09,남자,50 - 59세,경상남도,기타통신판매,유사투자자문,계약해제.해지/위약금
2023041108,2023-08-09,남자,50 - 59세,경기도,국내온라인거래,기타문화·오락시설이용,계약해제.해지/위약금
2023041109,2023-08-09,여자,50 - 59세,경상북도,국내온라인거래,신발세탁,계약불이행(불완전이행)
2023041110,2023-08-09,여자,50 - 59세,경기도,일반판매,반포장이사운송서비스,품질(물품/용역)
2023041111,2023-08-09,남자,20 - 29세,경기도,국내온라인거래,선글라스,품질(물품/용역)
2023041112,2023-08-09,여자,50 - 59세,서울특별시,소셜커머스(쇼핑),인터넷교육서비스,계약해제.해지/위약금
2023041113,2023-08-09,남자,50 - 59세,경기도,국내온라인거래,항공여객운송서비스,품질(물품/용역)
2023041114,2023-08-09,남자,40 - 49세,경기도,일반판매,대형승용자동차,AS불만
2023041115,2023-08-09,여자,불명,서울특별시,국내온라인거래,양복(서양식 의복)세탁,품질(물품/용역)
2023041116,2023-08-09,여자,30 - 39세,서울특별시,국내온라인거래,블라우스,표시.광고
2023041117,2023-08-09,여자,30 - 39세,강원특별자치도,모바일거래,지갑,품질(물품/용역)
2023041118,2023-08-09,여자,20 - 29세,전라북도,방문판매,결혼준비대행서비스,청약철회
2023041119,2023-08-09,여자,30 - 39세,경상남도,국내온라인거래,기타의류·섬유,계약해제.해지/위약금
2023041120,2023-08-09,여자,20 - 29세,서울특별시,모바일거래,신유형상품권,표시.광고
2023041121,2023-08-09,남자,50 - 59세,광주광역시,소셜커머스(쇼핑),타올,표시.광고
2023041122,2023-08-09,남자,50 - 59세,전라남도,일반판매,건강(암·기타질병)보험,약관
2023041123,2023-08-09,여자,30 - 39세,서울특별시,기타통신판매,건물청소서비스,계약불이행(불완전이행)
2023041124,2023-08-09,여자,20 - 29세,서울특별시,국내온라인거래,호텔,계약해제.해지/위약금
2023041125,2023-08-09,여자,30 - 39세,인천광역시,일반판매,건물청소서비스,계약불이행(불완전이행)
2023041127,2023-08-09,여자,20 - 29세,서울특별시,기타통신판매,상조서비스,계약해제.해지/위약금
2023041128,2023-08-09,남자,50 - 59세,경기도,전화권유판매,유사투자자문,계약해제.해지/위약금
2023041129,2023-08-09,여자,50 - 59세,부산광역시,일반판매,소파,품질(물품/용역)
2023041130,2023-08-09,여자,65 - 69세,경기도,일반판매,중형승용자동차,품질(물품/용역)
2023041131,2023-08-09,남자,30 - 39세,경기도,일반판매,신유형상품권,청약철회
2023041133,2023-08-09,남자,50 - 59세,경기도,기타통신판매,유사투자자문,계약해제.해지/위약금
2023041134,2023-08-09,여자,20 - 29세,경기도,일반판매,필라테스,계약해제.해지/위약금
2023041135,2023-08-09,여자,20 - 29세,서울특별시,소셜커머스(쇼핑),통신기기케이스,청약철회
2023041136,2023-08-09,남자,30 - 39세,충청북도,일반판매,중형승용자동차,안전(제품/시설)
2023041137,2023-08-09,남자,60 - 64세,부산광역시,일반판매,투자자문(컨설팅),계약해제.해지/위약금
2023041138,2023-08-09,여자,40 - 49세,대구광역시,일반판매,양복(서양식 의복)세탁,품질(물품/용역)
2023041139,2023-08-09,남자,30 - 39세,인천광역시,전화권유판매,골프회원권,계약해제.해지/위약금
2023041141,2023-08-09,여자,50 - 59세,인천광역시,일반판매,기타공조·냉난방기기,AS불만
2023041142,2023-08-09,여자,30 - 39세,경기도,국내온라인거래,원피스,계약해제.해지/위약금
2023041143,2023-08-09,여자,40 - 49세,충청북도,국내온라인거래,캐주얼바지,계약불이행(불완전이행)
2023041144,2023-08-09,여자,20 - 29세,경기도,모바일거래,캐주얼바지,청약철회
2023041145,2023-08-09,남자,50 - 59세,부산광역시,일반판매,신사화(구두·부츠 등),품질(물품/용역)
2023041146,2023-08-09,여자,65 - 69세,충청북도,일반판매,영양보충용제품,표시.광고
2023041147,2023-08-09,여자,60 - 64세,세종특별자치시,일반판매,건강(암·기타질병)보험,약관
2023041148,2023-08-09,남자,70 - 79세,인천광역시,기타통신판매,유사투자자문,계약해제.해지/위약금
2023041149,2023-08-09,남자,40 - 49세,서울특별시,기타,신유형상품권,부당행위
2023041150,2023-08-09,여자,60 - 64세,경상북도,일반판매,원피스,계약불이행(불완전이행)
2023041151,2023-08-09,남자,65 - 69세,경기도,소셜커머스(쇼핑),전기자전거,품질(물품/용역)
2023041152,2023-08-09,여자,30 - 39세,경기도,일반판매,실손보험,약관
2023041153,2023-08-09,남자,70 - 79세,서울특별시,일반판매,보청기,품질(물품/용역)
2023041154,2023-08-09,남자,40 - 49세,경기도,국내온라인거래,기타조리기기·기구,AS불만
2023041155,2023-08-09,남자,60 - 64세,서울특별시,일반판매,공중목욕탕,안전(제품/시설)
2023041156,2023-08-09,여자,60 - 64세,경기도,기타통신판매,유사투자자문,계약불이행(불완전이행)
2023041157,2023-08-09,남자,40 - 49세,경상남도,일반판매,운동화,품질(물품/용역)
2023041158,2023-08-09,남자,30 - 39세,경상북도,일반판매,기타가사장비품,품질(물품/용역)
2023041159,2023-08-09,남자,50 - 59세,서울특별시,일반판매,국내결혼중개,계약해제.해지/위약금
2023041160,2023-08-09,남자,65 - 69세,경기도,일반판매,이비인후과,품질(물품/용역)
2023041161,2023-08-09,여자,50 - 59세,부산광역시,일반판매,숙녀화(구두·부츠 등),품질(물품/용역)
2023041162,2023-08-09,여자,50 - 59세,서울특별시,국내온라인거래,헤어드라이어,품질(물품/용역)
2023041163,2023-08-09,남자,30 - 39세,서울특별시,국내온라인거래,전기진공청소기,품질(물품/용역)
2023041164,2023-08-09,여자,20 - 29세,인천광역시,국내온라인거래,원피스,품질(물품/용역)
2023041165,2023-08-09,남자,20 - 29세,서울특별시,국내온라인거래,쇠고기포장육,품질(물품/용역)
2023041167,2023-08-09,여자,20 - 29세,경기도,국내온라인거래,화장수류,청약철회
2023041168,2023-08-09,여자,30 - 39세,서울특별시,전화권유판매,유사투자자문,계약해제.해지/위약금
2023041169,2023-08-09,여자,40 - 49세,강원특별자치도,일반판매,핸드백,품질(물품/용역)
2023041170,2023-08-09,남자,30 - 39세,대구광역시,일반판매,헬스장,계약해제.해지/위약금
2023041171,2023-08-09,여자,불명,인천광역시,국내온라인거래,초음파방충기,계약해제.해지/위약금
2023041172,2023-08-09,여자,40 - 49세,인천광역시,국내온라인거래,소파,품질(물품/용역)
2023041173,2023-08-09,남자,60 - 64세,대구광역시,일반판매,대형승용자동차,AS불만
2023041174,2023-08-09,여자,50 - 59세,서울특별시,국내온라인거래,원피스,청약철회
2023041175,2023-08-09,여자,20 - 29세,경기도,국내온라인거래,각종공연관람,계약해제.해지/위약금
2023041176,2023-08-09,남자,60 - 64세,울산광역시,일반판매,실손보험,약관
2023041177,2023-08-09,남자,40 - 49세,경기도,국내온라인거래,기타식품류,청약철회
2023041178,2023-08-09,남자,40 - 49세,경기도,국내온라인거래,의자,청약철회
2023041179,2023-08-09,남자,40 - 49세,경기도,일반판매,여행용가방,품질(물품/용역)
2023041180,2023-08-09,남자,50 - 59세,충청북도,일반판매,건강(암·기타질병)보험,품질(물품/용역)
2023041181,2023-08-09,여자,60 - 64세,광주광역시,일반판매,건강(암·기타질병)보험,약관
2023041182,2023-08-09,여자,50 - 59세,광주광역시,일반판매,기타민영보험,계약해제.해지/위약금
2023041183,2023-08-09,남자,30 - 39세,서울특별시,국내온라인거래,스포츠웨어,계약불이행(불완전이행)
2023041184,2023-08-09,남자,20 - 29세,서울특별시,국내온라인거래,초음파방충기,계약해제.해지/위약금
2023041185,2023-08-09,여자,50 - 59세,전라북도,국내온라인거래,전기진공청소기,품질(물품/용역)
2023041186,2023-08-09,여자,50 - 59세,경기도,일반판매,스마트폰,품질(물품/용역)
2023041187,2023-08-09,남자,불명,서울특별시,국내온라인거래,초음파방충기,계약해제.해지/위약금
2023041188,2023-08-09,여자,30 - 39세,경기도,일반판매,룸에어컨,거래관행
2023041189,2023-08-09,남자,불명,서울특별시,국내온라인거래,초음파방충기,계약해제.해지/위약금
2023041190,2023-08-09,여자,40 - 49세,서울특별시,일반판매,피부·체형관리서비스,품질(물품/용역)
2023041191,2023-08-09,여자,50 - 59세,세종특별자치시,국내온라인거래,전기오븐레인지,청약철회
2023041192,2023-08-09,남자,40 - 49세,서울특별시,일반판매,오피스텔,계약불이행(불완전이행)
2023041193,2023-08-09,여자,20 - 29세,부산광역시,일반판매,헬스장,계약해제.해지/위약금
2023041194,2023-08-09,여자,30 - 39세,경기도,기타통신판매,각종공연관람,계약불이행(불완전이행)
2023041195,2023-08-09,남자,40 - 49세,광주광역시,국내온라인거래,스포츠관람,계약해제.해지/위약금
2023041196,2023-08-09,남자,40 - 49세,서울특별시,기타통신판매,항공화물운송서비스,청약철회
2023041197,2023-08-09,남자,30 - 39세,강원특별자치도,기타,양복(서양식 의복)세탁,품질(물품/용역)
2023041198,2023-08-09,여자,20 - 29세,인천광역시,방문판매,필라테스,계약해제.해지/위약금
2023041199,2023-08-09,여자,40 - 49세,서울특별시,국내온라인거래,기타의류·섬유,청약철회
2023041200,2023-08-09,남자,60 - 64세,서울특별시,일반판매,가발,품질(물품/용역)
2023041201,2023-08-09,남자,30 - 39세,서울특별시,국내온라인거래,인터넷정보이용서비스,계약불이행(불완전이행)
2023041202,2023-08-09,여자,20 - 29세,경기도,국내온라인거래,기타여행,계약해제.해지/위약금
2023041203,2023-08-09,여자,30 - 39세,경기도,일반판매,필라테스,계약해제.해지/위약금
2023041204,2023-08-09,여자,20 - 29세,경기도,국내온라인거래,인터넷교육서비스,계약해제.해지/위약금
2023041205,2023-08-09,남자,30 - 39세,전라남도,국내온라인거래,펜션,계약해제.해지/위약금
2023041206,2023-08-09,여자,40 - 49세,대구광역시,기타통신판매,셀카봉,청약철회
2023041207,2023-08-09,남자,60 - 64세,충청북도,일반판매,국외여행,계약불이행(불완전이행)
2023041208,2023-08-09,남자,30 - 39세,경기도,기타,모바일게임서비스,무능력자계약
2023041209,2023-08-09,여자,30 - 39세,서울특별시,국내온라인거래,책장·서가,계약불이행(불완전이행)
2023041210,2023-08-09,여자,40 - 49세,경기도,방문판매,기타이·미용서비스,계약해제.해지/위약금
2023041211,2023-08-09,남자,40 - 49세,경기도,방문판매,기타인테리어설비,계약해제.해지/위약금
2023041212,2023-08-09,남자,70 - 79세,경기도,국내온라인거래,전기진공청소기,품질(물품/용역)
2023041213,2023-08-09,여자,40 - 49세,인천광역시,일반판매,피부·체형관리서비스,계약해제.해지/위약금
2023041214,2023-08-09,여자,20 - 29세,서울특별시,일반판매,헬스장,계약해제.해지/위약금
2023041215,2023-08-09,여자,30 - 39세,서울특별시,일반판매,필라테스,계약해제.해지/위약금
2023041216,2023-08-09,여자,30 - 39세,서울특별시,방문판매,기타미분류서비스,부당행위
2023041217,2023-08-09,남자,40 - 49세,세종특별자치시,국내온라인거래,항공여객운송서비스,계약불이행(불완전이행)
2023041218,2023-08-09,남자,20 - 29세,서울특별시,국내온라인거래,기타의류·섬유,청약철회
2023041219,2023-08-09,여자,30 - 39세,경기도,일반판매,의상대여(렌트),부당행위
2023041220,2023-08-09,여자,30 - 39세,서울특별시,소셜커머스(쇼핑),냉장고,품질(물품/용역)
2023041221,2023-08-09,남자,30 - 39세,경기도,소셜커머스(쇼핑),마우스,청약철회
2023041222,2023-08-09,여자,40 - 49세,서울특별시,TV홈쇼핑,기타재봉·세탁·청소용품,품질(물품/용역)
2023041223,2023-08-09,남자,20 - 29세,부산광역시,방문판매,헬스장,계약해제.해지/위약금
2023041224,2023-08-09,여자,40 - 49세,경기도,국내온라인거래,의자,청약철회
2023041225,2023-08-09,남자,20 - 29세,인천광역시,전화권유판매,모바일정보이용서비스,계약해제.해지/위약금
2023041226,2023-08-09,여자,30 - 39세,서울특별시,국내온라인거래,기타미분류서비스,청약철회
2023041227,2023-08-09,남자,30 - 39세,경기도,방문판매,의상대여(렌트),청약철회
2023041228,2023-08-09,여자,30 - 39세,서울특별시,국내온라인거래,CD·LD·DVD(영화·음악·게임),청약철회
2023041229,2023-08-09,여자,30 - 39세,경기도,일반판매,외식,안전(제품/시설)
2023041230,2023-08-09,남자,30 - 39세,경기도,국내온라인거래,식기세척기,품질(물품/용역)
2023041231,2023-08-09,여자,30 - 39세,대전광역시,국내온라인거래,영화관람,계약불이행(불완전이행)
2023041232,2023-08-09,남자,30 - 39세,경기도,국내온라인거래,헤어드라이어,품질(물품/용역)
2023041233,2023-08-09,남자,40 - 49세,경기도,기타,의상대여(렌트),청약철회
2023041234,2023-08-09,여자,20 - 29세,서울특별시,방문판매,독서실이용,계약해제.해지/위약금
2023041235,2023-08-09,여자,30 - 39세,경기도,기타,음식물처리기대여(렌트),AS불만
2023041236,2023-08-09,여자,40 - 49세,경기도,일반판매,예식서비스,계약해제.해지/위약금
2023041237,2023-08-09,남자,30 - 39세,서울특별시,국내온라인거래,통신기기케이스,품질(물품/용역)
2023041238,2023-08-09,여자,50 - 59세,전라남도,전화권유판매,기타매체광고,청약철회
2023041239,2023-08-09,남자,20 - 29세,부산광역시,국내온라인거래,시계,계약해제.해지/위약금
2023041240,2023-08-09,남자,40 - 49세,경기도,일반판매,헬스장,계약해제.해지/위약금
2023041241,2023-08-09,여자,30 - 39세,대구광역시,국내온라인거래,기타숙박시설,계약해제.해지/위약금
2023041242,2023-08-09,남자,40 - 49세,서울특별시,국내온라인거래,항공여객운송서비스,계약불이행(불완전이행)
2023041243,2023-08-09,남자,40 - 49세,서울특별시,국내온라인거래,호텔,계약불이행(불완전이행)
2023041244,2023-08-09,여자,30 - 39세,경기도,일반판매,헬스장,계약해제.해지/위약금
2023041245,2023-08-09,남자,40 - 49세,경기도,기타,항공여객운송서비스,계약불이행(불완전이행)
2023041246,2023-08-09,남자,50 - 59세,대구광역시,국내온라인거래,비디오카메라,청약철회
2023041247,2023-08-09,여자,20 - 29세,경기도,국내온라인거래,샌들·슬리퍼,청약철회
2023041248,2023-08-09,여자,20 - 29세,인천광역시,국내온라인거래,기타서적음반류,청약철회
2023041249,2023-08-09,남자,30 - 39세,서울특별시,국내온라인거래,스포츠웨어,계약불이행(불완전이행)
2023041250,2023-08-09,여자,20 - 29세,인천광역시,일반판매,헬스장,계약해제.해지/위약금
2023041251,2023-08-09,여자,40 - 49세,경기도,일반판매,선풍기,품질(물품/용역)
2023041252,2023-08-09,남자,40 - 49세,광주광역시,국내온라인거래,전기압력밥솥,청약철회
2023041253,2023-08-09,여자,30 - 39세,경기도,국내온라인거래,각종공연관람,계약해제.해지/위약금
2023041254,2023-08-09,남자,30 - 39세,인천광역시,국제온라인거래,룸에어컨,청약철회
2023041255,2023-08-09,여자,40 - 49세,인천광역시,일반판매,필라테스,계약해제.해지/위약금
2023041256,2023-08-09,여자,30 - 39세,경기도,일반판매,예식서비스,계약해제.해지/위약금
2023041257,2023-08-09,여자,30 - 39세,경기도,일반판매,기타미분류서비스,계약해제.해지/위약금
2023041258,2023-08-09,여자,50 - 59세,충청북도,일반판매,프로판가스·용기,단순문의.상담
2023041260,2023-08-09,남자,30 - 39세,경기도,기타통신판매,스마트폰,계약불이행(불완전이행)
2023041261,2023-08-09,여자,30 - 39세,경기도,기타,미용서비스,계약해제.해지/위약금
2023041262,2023-08-09,여자,40 - 49세,세종특별자치시,방문판매,학습지,계약해제.해지/위약금
2023041263,2023-08-09,남자,30 - 39세,경기도,모바일거래,건물청소서비스,품질(물품/용역)
2023041264,2023-08-09,남자,40 - 49세,서울특별시,일반판매,택배화물운송서비스,품질(물품/용역)
2023041265,2023-08-09,남자,30 - 39세,대구광역시,일반판매,택배화물운송서비스,계약불이행(불완전이행)
2023041266,2023-08-09,여자,40 - 49세,인천광역시,국내온라인거래,소파,계약해제.해지/위약금
2023041267,2023-08-09,여자,40 - 49세,경기도,기타,벨트,AS불만
2023041268,2023-08-09,남자,20 - 29세,경기도,국내온라인거래,기타신발·용품,청약철회
2023041269,2023-08-09,여자,30 - 39세,서울특별시,일반판매,피부·체형관리서비스,계약해제.해지/위약금
2023041270,2023-08-09,남자,30 - 39세,인천광역시,국내온라인거래,펜션,청약철회
2023041271,2023-08-09,남자,50 - 59세,서울특별시,국내온라인거래,기타숙박시설,계약해제.해지/위약금
2023041272,2023-08-09,여자,30 - 39세,경상남도,기타,스포츠관람,계약불이행(불완전이행)
2023041273,2023-08-09,여자,50 - 59세,경상북도,국내온라인거래,초음파방충기,품질(물품/용역)
2023041274,2023-08-09,여자,20 - 29세,경기도,일반판매,노트북컴퓨터,AS불만
2023041275,2023-08-09,남자,40 - 49세,부산광역시,방문판매,가스보일러,품질(물품/용역)
2023041276,2023-08-09,남자,20 - 29세,경기도,국내온라인거래,카메라부품·용품,청약철회
2023041277,2023-08-09,남자,30 - 39세,경기도,국내온라인거래,기타조명기기,청약철회
2023041278,2023-08-09,남자,30 - 39세,서울특별시,국제온라인거래,호텔,계약해제.해지/위약금
2023041279,2023-08-09,남자,30 - 39세,서울특별시,국내온라인거래,노트북컴퓨터,청약철회
2023041280,2023-08-09,여자,20 - 29세,서울특별시,국내온라인거래,보석·귀금속,청약철회
2023041281,2023-08-09,남자,40 - 49세,인천광역시,기타,가스에어컨,품질(물품/용역)
2023041282,2023-08-09,여자,50 - 59세,대전광역시,방문판매,헬스장,계약불이행(불완전이행)
2023041283,2023-08-09,여자,20 - 29세,부산광역시,소셜커머스(쇼핑),애완동·식물용품,청약철회
2023041284,2023-08-09,남자,20 - 29세,경기도,방문판매,결혼준비대행서비스,청약철회
2023041285,2023-08-09,여자,40 - 49세,인천광역시,일반판매,골프회원권,계약해제.해지/위약금
2023041286,2023-08-09,여자,30 - 39세,대전광역시,국내온라인거래,총기,계약불이행(불완전이행)
2023041287,2023-08-09,남자,30 - 39세,경상남도,국제온라인거래,신유형상품권,계약불이행(불완전이행)
2023041288,2023-08-09,여자,40 - 49세,경기도,기타,스마트폰,AS불만
2023041289,2023-08-10,여자,40 - 49세,경기도,국내온라인거래,핸드백,품질(물품/용역)
2023041290,2023-08-10,남자,30 - 39세,부산광역시,일반판매,양복(서양식 의복)세탁,품질(물품/용역)
2023041291,2023-08-10,여자,50 - 59세,경상남도,일반판매,기타인테리어설비,품질(물품/용역)
2023041292,2023-08-10,여자,40 - 49세,대구광역시,국내온라인거래,호텔,청약철회
2023041293,2023-08-10,여자,40 - 49세,인천광역시,모바일거래,소프트웨어,청약철회
2023041294,2023-08-10,남자,20 - 29세,대구광역시,국내온라인거래,초음파방충기,청약철회
2023041295,2023-08-10,여자,30 - 39세,강원특별자치도,국내온라인거래,초음파방충기,계약해제.해지/위약금
2023041296,2023-08-10,여자,40 - 49세,서울특별시,일반판매,기타인테리어설비,품질(물품/용역)
2023041297,2023-08-10,남자,40 - 49세,경기도,일반판매,헬스장,계약해제.해지/위약금
2023041298,2023-08-10,남자,40 - 49세,대구광역시,모바일거래,"OTT서비스(넷플릭스,왓챠 등)",계약해제.해지/위약금
2023041299,2023-08-10,남자,40 - 49세,경기도,국내온라인거래,전동킥보드,청약철회
2023041300,2023-08-10,여자,50 - 59세,경기도,일반판매,실손보험,계약불이행(불완전이행)
2023041301,2023-08-10,여자,50 - 59세,광주광역시,일반판매,포장이사운송서비스,품질(물품/용역)
2023041303,2023-08-10,여자,50 - 59세,경상북도,TV홈쇼핑,인터넷정보이용서비스,계약해제.해지/위약금
2023041304,2023-08-10,여자,30 - 39세,충청북도,일반판매,신용카드,부당행위
2023041305,2023-08-10,남자,20 - 29세,충청북도,일반판매,고시원이용,계약해제.해지/위약금
2023041306,2023-08-10,남자,50 - 59세,경기도,일반판매,헬스장,계약해제.해지/위약금
2023041307,2023-08-10,여자,40 - 49세,경기도,국내온라인거래,커피,품질(물품/용역)
2023041308,2023-08-10,남자,30 - 39세,서울특별시,기타통신판매,호텔,청약철회
2023041310,2023-08-10,남자,60 - 64세,강원특별자치도,일반판매,바닥재·마루공사,품질(물품/용역)
2023041311,2023-08-10,남자,30 - 39세,경기도,국내온라인거래,티셔츠,계약불이행(불완전이행)
2023041312,2023-08-10,여자,40 - 49세,세종특별자치시,국내온라인거래,기타과일·과일가공식품,계약불이행(불완전이행)
2023041313,2023-08-10,여자,20 - 29세,서울특별시,일반판매,헬스장,계약해제.해지/위약금
2023041314,2023-08-10,남자,30 - 39세,대전광역시,일반판매,자동차대여(렌트),부당행위
2023041315,2023-08-10,여자,20 - 29세,경기도,국내온라인거래,기타신발·용품,계약불이행(불완전이행)
2023041316,2023-08-10,남자,40 - 49세,서울특별시,일반판매,전동킥보드,부당행위
2023041317,2023-08-10,여자,60 - 64세,인천광역시,국내온라인거래,블라우스,품질(물품/용역)
2023041318,2023-08-10,남자,30 - 39세,경상북도,일반판매,중형승용자동차,AS불만
2023041319,2023-08-10,여자,30 - 39세,경기도,일반판매,양복(서양식 의복)세탁,품질(물품/용역)
2023041320,2023-08-10,남자,30 - 39세,경상남도,국내온라인거래,호텔,계약불이행(불완전이행)
2023041321,2023-08-10,남자,40 - 49세,전라남도,모바일거래,라이트,청약철회
2023041322,2023-08-10,여자,60 - 64세,인천광역시,일반판매,피혁세탁,품질(물품/용역)
2023041323,2023-08-10,여자,20 - 29세,서울특별시,일반판매,헬스장,계약해제.해지/위약금
2023041324,2023-08-10,여자,70 - 79세,서울특별시,일반판매,건강(암·기타질병)보험,약관
2023041325,2023-08-10,여자,70 - 79세,경기도,일반판매,건강(암·기타질병)보험,약관
2023041326,2023-08-10,여자,40 - 49세,경기도,일반판매,건강(암·기타질병)보험,약관
2023041327,2023-08-10,남자,40 - 49세,경기도,국내온라인거래,보석·귀금속,청약철회
2023041329,2023-08-10,남자,30 - 39세,대구광역시,국내온라인거래,샌들·슬리퍼,품질(물품/용역)
2023041330,2023-08-10,여자,40 - 49세,대구광역시,국내온라인거래,신발세탁,계약불이행(불완전이행)
2023041331,2023-08-10,여자,50 - 59세,서울특별시,일반판매,샌들·슬리퍼,품질(물품/용역)
2023041332,2023-08-10,남자,70 - 79세,광주광역시,국내온라인거래,등산화,품질(물품/용역)
2023041333,2023-08-10,남자,65 - 69세,전라남도,전화권유판매,유사투자자문,계약해제.해지/위약금
2023041334,2023-08-10,남자,70 - 79세,광주광역시,국내온라인거래,등산화,품질(물품/용역)
2023041336,2023-08-10,남자,70 - 79세,서울특별시,일반판매,냉장고,품질(물품/용역)
2023041338,2023-08-10,남자,30 - 39세,서울특별시,일반판매,시스템에어컨,AS불만
2023041339,2023-08-10,남자,50 - 59세,서울특별시,일반판매,치과,품질(물품/용역)
2023041340,2023-08-10,남자,40 - 49세,울산광역시,소셜커머스(쇼핑),기타서적음반류,청약철회
2023041341,2023-08-10,여자,20 - 29세,서울특별시,국내온라인거래,선풍기,부당행위
2023041342,2023-08-10,여자,50 - 59세,경기도,국내온라인거래,기타숙박시설,계약해제.해지/위약금
2023041343,2023-08-10,여자,30 - 39세,서울특별시,일반판매,이불·요,품질(물품/용역)
2023041344,2023-08-10,여자,20 - 29세,인천광역시,일반판매,헬스장,계약해제.해지/위약금
2023041345,2023-08-10,여자,40 - 49세,서울특별시,국내온라인거래,기타가방,품질(물품/용역)
2023041346,2023-08-10,여자,20 - 29세,경기도,소셜커머스(쇼핑),호텔,계약해제.해지/위약금
2023041347,2023-08-10,여자,40 - 49세,대전광역시,일반판매,스마트폰,AS불만
2023041348,2023-08-10,여자,50 - 59세,경기도,일반판매,재활의학과,품질(물품/용역)
2023041349,2023-08-10,남자,70 - 79세,제주도,일반판매,룸에어컨,품질(물품/용역)
2023041351,2023-08-10,남자,20 - 29세,전라북도,일반판매,헬스장,계약해제.해지/위약금
2023041353,2023-08-10,남자,40 - 49세,서울특별시,일반판매,룸에어컨,거래관행
2023041354,2023-08-10,여자,50 - 59세,부산광역시,일반판매,피부과,계약해제.해지/위약금
2023041355,2023-08-10,여자,30 - 39세,서울특별시,국내온라인거래,포장이사운송서비스,계약불이행(불완전이행)
2023041356,2023-08-10,남자,30 - 39세,대전광역시,일반판매,빵,품질(물품/용역)
2023041357,2023-08-10,남자,70 - 79세,부산광역시,일반판매,이동전화서비스,계약불이행(불완전이행)
2023041358,2023-08-10,남자,40 - 49세,충청북도,국내온라인거래,이동전화서비스,품질(물품/용역)
2023041361,2023-08-10,여자,70 - 79세,서울특별시,모바일거래,모바일게임서비스,무능력자계약
2023041362,2023-08-10,남자,70 - 79세,서울특별시,모바일거래,모바일게임서비스,무능력자계약
2023041363,2023-08-10,여자,40 - 49세,서울특별시,모바일거래,영화관람,청약철회
2023041365,2023-08-10,남자,60 - 64세,인천광역시,일반판매,건강(암·기타질병)보험,약관
2023041366,2023-08-10,남자,40 - 49세,충청남도,국내온라인거래,초음파방충기,품질(물품/용역)
2023041367,2023-08-10,남자,50 - 59세,서울특별시,기타통신판매,유사투자자문,계약해제.해지/위약금
2023041368,2023-08-10,여자,40 - 49세,경상남도,TV홈쇼핑,항공여객운송서비스,품질(물품/용역)
2023041369,2023-08-10,남자,40 - 49세,강원특별자치도,전화권유판매,상조서비스,계약해제.해지/위약금
2023041370,2023-08-10,남자,30 - 39세,인천광역시,일반판매,노트북컴퓨터,계약불이행(불완전이행)
2023041371,2023-08-10,여자,50 - 59세,경기도,일반판매,포장이사운송서비스,계약불이행(불완전이행)
2023041372,2023-08-10,여자,40 - 49세,경기도,일반판매,코트,청약철회
2023041373,2023-08-10,여자,20 - 29세,서울특별시,모바일거래,모바일정보이용서비스,부당행위
2023041374,2023-08-10,남자,80세이상,부산광역시,일반판매,이동전화서비스,계약해제.해지/위약금
2023041375,2023-08-10,여자,40 - 49세,서울특별시,국내온라인거래,헤어크림,계약불이행(불완전이행)
2023041376,2023-08-10,여자,20 - 29세,충청북도,기타통신판매,미분류대여(렌트),계약불이행(불완전이행)
2023041377,2023-08-10,남자,20 - 29세,전라북도,일반판매,운동화,청약철회
2023041378,2023-08-10,여자,40 - 49세,제주도,일반판매,필라테스,계약해제.해지/위약금
2023041379,2023-08-10,여자,20 - 29세,경기도,국내온라인거래,기타회원권,계약불이행(불완전이행)
2023041380,2023-08-10,여자,50 - 59세,경기도,기타,냉장고,품질(물품/용역)
2023041381,2023-08-10,여자,40 - 49세,서울특별시,일반판매,필라테스,계약해제.해지/위약금
2023041382,2023-08-10,남자,50 - 59세,전라남도,전화권유판매,초고속인터넷,계약해제.해지/위약금
2023041383,2023-08-10,여자,30 - 39세,제주도,국내온라인거래,애완동물기타,계약해제.해지/위약금
2023041384,2023-08-10,남자,30 - 39세,경기도,소셜커머스(쇼핑),가스에어컨,계약불이행(불완전이행)
2023041385,2023-08-10,남자,70 - 79세,경상북도,일반판매,냉장고,품질(물품/용역)
2023041386,2023-08-10,여자,40 - 49세,경기도,일반판매,정수기대여(렌트),계약불이행(불완전이행)
2023041387,2023-08-10,여자,30 - 39세,서울특별시,국내온라인거래,펜션,계약해제.해지/위약금
2023041388,2023-08-10,여자,30 - 39세,경상남도,국내온라인거래,호텔,청약철회
2023041389,2023-08-10,여자,30 - 39세,경기도,국내온라인거래,초음파방충기,계약해제.해지/위약금
2023041390,2023-08-10,여자,20 - 29세,서울특별시,방문판매,헬스장,계약해제.해지/위약금
2023041391,2023-08-10,남자,30 - 39세,경기도,기타통신판매,국외여행,계약해제.해지/위약금
2023041392,2023-08-10,여자,30 - 39세,경기도,소셜커머스(쇼핑),기타가구,품질(물품/용역)
2023041393,2023-08-10,남자,40 - 49세,경기도,기타,유통시설이용,안전(제품/시설)
2023041394,2023-08-10,여자,20 - 29세,경기도,국내온라인거래,펜션,계약해제.해지/위약금
2023041395,2023-08-10,여자,40 - 49세,경기도,소셜커머스(쇼핑),기타관람·감상,계약해제.해지/위약금
2023041396,2023-08-10,여자,30 - 39세,서울특별시,소셜커머스(쇼핑),니트(스웨터),청약철회
2023041397,2023-08-10,여자,40 - 49세,서울특별시,국내온라인거래,기타의류·섬유,청약철회
2023041398,2023-08-10,여자,20 - 29세,서울특별시,국내온라인거래,제습기,청약철회
2023041399,2023-08-10,남자,40 - 49세,대구광역시,국내온라인거래,가스에어컨,청약철회
2023041400,2023-08-10,여자,30 - 39세,대구광역시,국내온라인거래,기타숙박시설,계약해제.해지/위약금
2023041401,2023-08-10,남자,60 - 64세,경기도,일반판매,스포츠시설이용,계약해제.해지/위약금
2023041402,2023-08-10,남자,20 - 29세,충청북도,일반판매,헬스장,계약해제.해지/위약금
2023041403,2023-08-10,여자,20 - 29세,경상남도,국내온라인거래,기타숙박시설,계약불이행(불완전이행)
2023041404,2023-08-10,여자,40 - 49세,경기도,국내온라인거래,소프트웨어,청약철회
2023041405,2023-08-10,여자,30 - 39세,서울특별시,국내온라인거래,기타신발·용품,청약철회
2023041406,2023-08-10,여자,30 - 39세,경기도,모바일거래,점퍼·재킷류,청약철회
2023041407,2023-08-10,여자,20 - 29세,경상북도,국내온라인거래,유아복,청약철회
2023041408,2023-08-10,남자,20 - 29세,전라남도,방문판매,헬스장,계약해제.해지/위약금
2023041409,2023-08-10,남자,20 - 29세,서울특별시,일반판매,펜션,청약철회
2023041410,2023-08-10,여자,20 - 29세,경상남도,국내온라인거래,복숭아,계약불이행(불완전이행)
2023041411,2023-08-10,남자,20 - 29세,경기도,일반판매,헬스장,계약해제.해지/위약금
2023041412,2023-08-10,여자,20 - 29세,인천광역시,국내온라인거래,기타숙박시설,계약해제.해지/위약금
2023041413,2023-08-10,남자,20 - 29세,경상북도,소셜커머스(쇼핑),기타숙박시설,계약해제.해지/위약금
2023041414,2023-08-10,여자,30 - 39세,울산광역시,기타,해외유학알선,청약철회
2023041415,2023-08-10,남자,40 - 49세,대전광역시,국내온라인거래,노트북컴퓨터,품질(물품/용역)
2023041416,2023-08-10,남자,30 - 39세,서울특별시,국내온라인거래,펜션,계약해제.해지/위약금
2023041417,2023-08-10,남자,20 - 29세,대전광역시,국내온라인거래,항공여객운송서비스,이자.수수료
2023041418,2023-08-10,여자,30 - 39세,경기도,일반판매,민박기타,계약해제.해지/위약금
2023041419,2023-08-10,여자,30 - 39세,경기도,국내온라인거래,국외여행,계약해제.해지/위약금
2023041420,2023-08-10,남자,50 - 59세,경기도,일반판매,기타숙박시설,청약철회
2023041421,2023-08-10,여자,50 - 59세,경기도,기타,기타인테리어설비,품질(물품/용역)
2023041422,2023-08-10,여자,30 - 39세,경기도,국내온라인거래,TV,품질(물품/용역)
2023041423,2023-08-10,여자,30 - 39세,서울특별시,방문판매,포장이사운송서비스,품질(물품/용역)
2023041424,2023-08-10,여자,30 - 39세,서울특별시,일반판매,미분류수리가공,계약불이행(불완전이행)
2023041425,2023-08-10,여자,50 - 59세,경기도,방문판매,정수기,품질(물품/용역)
2023041427,2023-08-10,남자,50 - 59세,경상남도,국제온라인거래,펜션,표시.광고
2023041428,2023-08-10,남자,30 - 39세,전라남도,모바일거래,이동전화서비스,품질(물품/용역)
2023041429,2023-08-10,여자,30 - 39세,경상남도,국내온라인거래,샌들·슬리퍼,청약철회
2023041430,2023-08-10,여자,30 - 39세,경기도,기타,펜션,계약해제.해지/위약금
2023041431,2023-08-10,남자,20 - 29세,경기도,일반판매,인덕션레인지,계약불이행(불완전이행)
2023041432,2023-08-10,남자,60 - 64세,대구광역시,국내온라인거래,복합기,청약철회
2023041433,2023-08-10,여자,20 - 29세,서울특별시,일반판매,헬스장,계약해제.해지/위약금
2023041434,2023-08-10,여자,20 - 29세,경기도,국내온라인거래,기타숙박시설,청약철회
2023041435,2023-08-10,여자,40 - 49세,서울특별시,국내온라인거래,기타숙박시설,계약해제.해지/위약금
2023041436,2023-08-10,남자,30 - 39세,서울특별시,일반판매,선박화물운송서비스,안전(제품/시설)
2023041437,2023-08-10,남자,50 - 59세,충청북도,일반판매,룸에어컨,계약불이행(불완전이행)
2023041438,2023-08-10,여자,30 - 39세,인천광역시,일반판매,건물청소서비스,계약불이행(불완전이행)
2023041439,2023-08-10,남자,40 - 49세,강원특별자치도,기타,이동전화서비스,품질(물품/용역)
2023041440,2023-08-10,여자,30 - 39세,서울특별시,국내온라인거래,포장이사운송서비스,계약불이행(불완전이행)
2023041441,2023-08-10,여자,30 - 39세,경기도,국내온라인거래,원피스,품질(물품/용역)
2023041442,2023-08-10,남자,30 - 39세,인천광역시,방문판매,헬스장,계약해제.해지/위약금
2023041443,2023-08-10,남자,20 - 29세,경상북도,방문판매,종합체육시설회원권,계약해제.해지/위약금
2023041444,2023-08-10,여자,30 - 39세,광주광역시,국내온라인거래,기타숙박시설,계약해제.해지/위약금
2023041445,2023-08-10,여자,60 - 64세,서울특별시,국내온라인거래,호텔,계약해제.해지/위약금
2023041446,2023-08-10,여자,40 - 49세,경기도,일반판매,헬스장,계약해제.해지/위약금
2023041447,2023-08-10,남자,30 - 39세,부산광역시,국내온라인거래,기타숙박시설,계약해제.해지/위약금
2023041448,2023-08-10,여자,20 - 29세,경기도,국내온라인거래,레저시설이용,계약해제.해지/위약금
2023041449,2023-08-10,여자,30 - 39세,부산광역시,방문판매,방문교육,계약해제.해지/위약금
2023041450,2023-08-10,여자,30 - 39세,경기도,노상판매,인터넷교육서비스,계약해제.해지/위약금
2023041451,2023-08-10,남자,30 - 39세,서울특별시,국내온라인거래,기타가구,품질(물품/용역)
2023041452,2023-08-10,여자,20 - 29세,경기도,국내온라인거래,샌들·슬리퍼,청약철회
2023041453,2023-08-10,여자,30 - 39세,서울특별시,국내온라인거래,초음파방충기,계약불이행(불완전이행)
2023041454,2023-08-10,여자,20 - 29세,경상남도,일반판매,기타숙박시설,청약철회
2023041455,2023-08-10,남자,30 - 39세,경기도,국내온라인거래,공업용기계,청약철회
2023041456,2023-08-10,남자,20 - 29세,서울특별시,일반판매,종합체육시설회원권,계약해제.해지/위약금
2023041457,2023-08-10,남자,30 - 39세,서울특별시,모바일거래,인터넷정보이용서비스,계약해제.해지/위약금
2023041458,2023-08-10,여자,20 - 29세,서울특별시,일반판매,컴퓨터수리,계약불이행(불완전이행)
2023041459,2023-08-10,여자,30 - 39세,인천광역시,국내온라인거래,기타간편복,품질(물품/용역)
2023041460,2023-08-10,여자,20 - 29세,인천광역시,국내온라인거래,초음파방충기,계약불이행(불완전이행)
2023041461,2023-08-10,남자,30 - 39세,경기도,모바일거래,미분류수리가공,품질(물품/용역)
2023041462,2023-08-10,여자,50 - 59세,서울특별시,국내온라인거래,펜션,청약철회
2023041463,2023-08-10,여자,20 - 29세,경상남도,일반판매,헬스장,계약해제.해지/위약금
2023041464,2023-08-10,여자,50 - 59세,경기도,일반판매,필라테스,계약해제.해지/위약금
2023041465,2023-08-10,남자,65 - 69세,서울특별시,일반판매,침대,AS불만
2023041466,2023-08-10,여자,40 - 49세,서울특별시,일반판매,콘도,계약해제.해지/위약금
2023041467,2023-08-10,여자,10 - 19세,부산광역시,일반판매,필라테스,계약해제.해지/위약금
2023041468,2023-08-10,여자,20 - 29세,서울특별시,모바일거래,샌들·슬리퍼,품질(물품/용역)
2023041469,2023-08-10,남자,30 - 39세,경기도,기타통신판매,포장이사운송서비스,계약불이행(불완전이행)
2023041470,2023-08-10,여자,20 - 29세,경기도,기타,기타숙박시설,청약철회
2023041471,2023-08-10,여자,30 - 39세,서울특별시,국내온라인거래,인터넷정보이용서비스,계약해제.해지/위약금
2023041472,2023-08-10,남자,20 - 29세,전라남도,국내온라인거래,기타의류·섬유,청약철회
2023041473,2023-08-10,여자,20 - 29세,서울특별시,국내온라인거래,펜션,계약해제.해지/위약금
2023041474,2023-08-10,여자,20 - 29세,서울특별시,국내온라인거래,통신기기케이스,청약철회
2023041475,2023-08-10,여자,40 - 49세,부산광역시,국내온라인거래,기타숙박시설,계약해제.해지/위약금
2023041476,2023-08-10,여자,50 - 59세,부산광역시,국제온라인거래,호텔,계약해제.해지/위약금
2023041478,2023-08-10,여자,30 - 39세,경기도,일반판매,헬스장,계약해제.해지/위약금
2023041479,2023-08-10,남자,30 - 39세,경기도,국제온라인거래,호텔,청약철회
2023041480,2023-08-10,여자,30 - 39세,인천광역시,일반판매,포장이사운송서비스,계약불이행(불완전이행)
2023041481,2023-08-10,여자,20 - 29세,서울특별시,방문판매,필라테스,계약해제.해지/위약금
2023041482,2023-08-10,남자,60 - 64세,광주광역시,전화권유판매,기타미분류서비스,계약해제.해지/위약금
2023041483,2023-08-10,남자,65 - 69세,인천광역시,국내온라인거래,우물펌프,AS불만
2023041484,2023-08-10,남자,40 - 49세,서울특별시,국내온라인거래,항공여객운송서비스,가격.요금
2023041485,2023-08-10,여자,20 - 29세,서울특별시,국내온라인거래,펜션,청약철회
2023041486,2023-08-10,여자,30 - 39세,충청남도,일반판매,기타숙박시설,안전(제품/시설)
2023041487,2023-08-10,남자,30 - 39세,서울특별시,방문판매,경비·관리서비스,계약해제.해지/위약금
2023041488,2023-08-10,여자,30 - 39세,서울특별시,국내온라인거래,각종공연관람,계약해제.해지/위약금
2023041489,2023-08-10,여자,30 - 39세,서울특별시,국내온라인거래,기타정보이용서비스,계약해제.해지/위약금
2023041490,2023-08-10,여자,30 - 39세,충청남도,일반판매,사진촬영,계약해제.해지/위약금
2023041491,2023-08-10,여자,20 - 29세,경기도,국내온라인거래,항공여객운송서비스,청약철회
2023041492,2023-08-10,남자,30 - 39세,서울특별시,국내온라인거래,기타숙박시설,청약철회
2023041493,2023-08-10,남자,20 - 29세,경기도,국내온라인거래,기타숙박시설,계약해제.해지/위약금
2023041494,2023-08-11,여자,40 - 49세,광주광역시,일반판매,실손보험,계약불이행(불완전이행)
2023041495,2023-08-11,남자,50 - 59세,서울특별시,기타통신판매,차량용블랙박스,계약불이행(불완전이행)
2023041496,2023-08-11,남자,40 - 49세,경기도,일반판매,자동차수리·점검,계약불이행(불완전이행)
2023041497,2023-08-11,여자,(미입력),서울특별시,국내온라인거래,블라우스,청약철회
2023041498,2023-08-11,여자,30 - 39세,광주광역시,기타,국외여행,안전(제품/시설)
2023041499,2023-08-11,남자,40 - 49세,서울특별시,일반판매,골프회원권,청약철회
2023041500,2023-08-11,여자,30 - 39세,서울특별시,일반판매,골프회원권,청약철회
2023041501,2023-08-11,여자,50 - 59세,인천광역시,국내온라인거래,TV,품질(물품/용역)
2023041502,2023-08-11,남자,30 - 39세,충청남도,일반판매,결혼준비대행서비스,계약해제.해지/위약금
2023041503,2023-08-11,남자,30 - 39세,부산광역시,국내온라인거래,항공여객운송서비스,계약불이행(불완전이행)
2023041504,2023-08-11,여자,20 - 29세,부산광역시,모바일거래,기타숙박시설,계약불이행(불완전이행)
2023041505,2023-08-11,남자,50 - 59세,대전광역시,기타,정형외과,품질(물품/용역)
2023041506,2023-08-11,여자,50 - 59세,경기도,국내온라인거래,버스여객운송서비스,계약해제.해지/위약금
2023041509,2023-08-11,여자,30 - 39세,경기도,국내온라인거래,기타신변용품,계약불이행(불완전이행)
2023041510,2023-08-11,남자,40 - 49세,경기도,일반판매,전기자전거,품질(물품/용역)
2023041511,2023-08-11,남자,불명,경기도,국내온라인거래,초음파방충기,계약해제.해지/위약금
2023041512,2023-08-11,남자,80세이상,전라북도,일반판매,이동전화서비스,품질(물품/용역)
2023041513,2023-08-11,여자,50 - 59세,대전광역시,기타통신판매,포장이사운송서비스,품질(물품/용역)
2023041514,2023-08-11,여자,80세이상,전라북도,일반판매,이동전화서비스,품질(물품/용역)
2023041515,2023-08-11,여자,40 - 49세,경기도,일반판매,기타이·미용서비스,계약해제.해지/위약금
2023041516,2023-08-11,여자,20 - 29세,충청남도,모바일거래,기타숙박시설,계약불이행(불완전이행)
2023041517,2023-08-11,여자,50 - 59세,서울특별시,일반판매,건강(암·기타질병)보험,계약불이행(불완전이행)
2023041518,2023-08-11,남자,30 - 39세,서울특별시,국내온라인거래,자동차대여(렌트),품질(물품/용역)
2023041519,2023-08-11,남자,30 - 39세,서울특별시,국내온라인거래,냉장고,품질(물품/용역)
2023041520,2023-08-11,여자,30 - 39세,대구광역시,기타,사진촬영,계약해제.해지/위약금
2023041521,2023-08-11,여자,40 - 49세,서울특별시,국내온라인거래,신유형상품권,계약불이행(불완전이행)
2023041522,2023-08-11,남자,50 - 59세,서울특별시,기타,국외여행,계약불이행(불완전이행)
2023041523,2023-08-11,여자,40 - 49세,경기도,국내온라인거래,커피,표시.광고
2023041524,2023-08-11,여자,30 - 39세,인천광역시,국내온라인거래,보석·귀금속,AS불만
2023041525,2023-08-11,남자,20 - 29세,서울특별시,국내온라인거래,기타숙박시설,계약해제.해지/위약금
2023041526,2023-08-11,남자,30 - 39세,서울특별시,모바일거래,헬스장,계약해제.해지/위약금
2023041527,2023-08-11,여자,40 - 49세,경기도,일반판매,도배공사,계약불이행(불완전이행)
2023041528,2023-08-11,여자,50 - 59세,경기도,일반판매,기타사설강습서비스,계약불이행(불완전이행)
2023041529,2023-08-11,남자,40 - 49세,경상남도,국내온라인거래,TV,계약불이행(불완전이행)
2023041530,2023-08-11,여자,20 - 29세,경기도,국내온라인거래,영화관람,청약철회
2023041532,2023-08-11,여자,30 - 39세,경상북도,모바일거래,항공여객운송서비스,계약불이행(불완전이행)
2023041533,2023-08-11,남자,20 - 29세,경기도,국내온라인거래,기타조명기기,품질(물품/용역)
2023041534,2023-08-11,여자,30 - 39세,서울특별시,국내온라인거래,시스템에어컨,품질(물품/용역)
2023041535,2023-08-11,여자,30 - 39세,충청남도,기타,헤드폰·이어폰,AS불만
2023041536,2023-08-11,여자,50 - 59세,경기도,국내온라인거래,여자용내의류,청약철회
2023041537,2023-08-11,여자,불명,경상남도,일반판매,양복(서양식 의복)세탁,품질(물품/용역)
2023041538,2023-08-11,여자,50 - 59세,충청남도,모바일거래,숙녀복세트,품질(물품/용역)
2023041539,2023-08-11,남자,60 - 64세,전라남도,일반판매,옷장,품질(물품/용역)
2023041540,2023-08-11,여자,불명,경상남도,일반판매,양복(서양식 의복)세탁,품질(물품/용역)
2023041541,2023-08-11,여자,40 - 49세,경상남도,방문판매,인터넷교육서비스,계약해제.해지/위약금
2023041542,2023-08-11,여자,30 - 39세,대구광역시,국내온라인거래,피혁세탁,품질(물품/용역)
2023041543,2023-08-11,남자,50 - 59세,경기도,일반판매,자동차수리·점검,품질(물품/용역)
2023041544,2023-08-11,여자,40 - 49세,광주광역시,일반판매,피부·체형관리서비스,계약불이행(불완전이행)
2023041545,2023-08-11,남자,30 - 39세,서울특별시,국내온라인거래,호텔,가격.요금
2023041546,2023-08-11,남자,65 - 69세,부산광역시,전화권유판매,유사투자자문,계약해제.해지/위약금
2023041547,2023-08-11,남자,60 - 64세,충청북도,기타,해외유학알선,계약불이행(불완전이행)
2023041548,2023-08-11,남자,60 - 64세,경기도,전화권유판매,유사투자자문,청약철회
2023041549,2023-08-11,여자,50 - 59세,경상남도,일반판매,음식물처리기대여(렌트),계약해제.해지/위약금
2023041550,2023-08-11,여자,30 - 39세,경기도,일반판매,자동차주차장,품질(물품/용역)
2023041551,2023-08-11,남자,40 - 49세,인천광역시,국내온라인거래,기타신발·용품,부당행위
2023041552,2023-08-11,남자,30 - 39세,경기도,국내온라인거래,기타자동차용품,AS불만
2023041554,2023-08-11,여자,50 - 59세,인천광역시,일반판매,기타인테리어설비,품질(물품/용역)
2023041555,2023-08-11,남자,30 - 39세,경기도,국내온라인거래,운동화,약관
2023041556,2023-08-11,남자,20 - 29세,서울특별시,기타통신판매,기타의류·섬유,계약불이행(불완전이행)
2023041557,2023-08-11,여자,30 - 39세,경기도,국내온라인거래,블라우스,청약철회
2023041558,2023-08-11,남자,30 - 39세,울산광역시,일반판매,기타숙박시설,계약해제.해지/위약금
2023041559,2023-08-11,남자,70 - 79세,서울특별시,기타,호텔,부당행위
2023041560,2023-08-11,여자,50 - 59세,경기도,일반판매,여자용내의류,품질(물품/용역)
2023041561,2023-08-11,남자,30 - 39세,경기도,일반판매,중고자동차중개·매매,부당행위
2023041563,2023-08-11,남자,40 - 49세,경상남도,국내온라인거래,컴퓨터모니터(데스크탑),품질(물품/용역)
2023041564,2023-08-11,남자,40 - 49세,강원특별자치도,모바일거래,변호서비스,계약불이행(불완전이행)
2023041565,2023-08-11,여자,불명,경기도,일반판매,블라우스,품질(물품/용역)
2023041566,2023-08-11,남자,30 - 39세,서울특별시,국내온라인거래,기타의류·섬유,청약철회
2023041567,2023-08-11,여자,30 - 39세,서울특별시,전화권유판매,인터넷교육서비스,거래관행
2023041568,2023-08-11,여자,30 - 39세,서울특별시,전화권유판매,유사투자자문,계약해제.해지/위약금
2023041569,2023-08-11,여자,30 - 39세,서울특별시,일반판매,기타이·미용서비스,계약불이행(불완전이행)
2023041571,2023-08-11,남자,50 - 59세,충청남도,일반판매,유사투자자문,계약해제.해지/위약금
2023041572,2023-08-11,여자,40 - 49세,서울특별시,국내온라인거래,블라우스,품질(물품/용역)
2023041573,2023-08-11,남자,60 - 64세,전라북도,일반판매,건강(암·기타질병)보험,약관
2023041574,2023-08-11,남자,65 - 69세,서울특별시,모바일거래,이동전화서비스,부당행위
2023041575,2023-08-11,여자,30 - 39세,경기도,국내온라인거래,가스에어컨,계약불이행(불완전이행)
2023041576,2023-08-11,남자,불명,전라북도,국내온라인거래,티셔츠,품질(물품/용역)
2023041577,2023-08-11,남자,50 - 59세,울산광역시,일반판매,유사투자자문,계약해제.해지/위약금
2023041578,2023-08-11,남자,65 - 69세,경기도,방문판매,기타대출,계약해제.해지/위약금
2023041579,2023-08-11,남자,65 - 69세,서울특별시,일반판매,변호서비스,계약불이행(불완전이행)
2023041581,2023-08-11,남자,60 - 64세,전라남도,일반판매,건강(암·기타질병)보험,약관
2023041582,2023-08-11,남자,40 - 49세,서울특별시,일반판매,택배화물운송서비스,품질(물품/용역)
2023041583,2023-08-11,여자,30 - 39세,대구광역시,국내온라인거래,기타숙박시설,계약불이행(불완전이행)
2023041584,2023-08-11,남자,40 - 49세,세종특별자치시,일반판매,냉장고,품질(물품/용역)
2023041585,2023-08-11,여자,65 - 69세,서울특별시,일반판매,실손보험,약관
2023041586,2023-08-11,남자,65 - 69세,경기도,전화권유판매,유사투자자문,계약해제.해지/위약금
2023041588,2023-08-11,남자,50 - 59세,경기도,일반판매,건강(암·기타질병)보험,약관
2023041589,2023-08-11,여자,40 - 49세,충청남도,국내온라인거래,캐주얼바지,품질(물품/용역)
2023041590,2023-08-11,남자,65 - 69세,서울특별시,국내온라인거래,호텔,계약해제.해지/위약금
2023041591,2023-08-11,여자,30 - 39세,인천광역시,일반판매,헬스장,계약해제.해지/위약금
2023041592,2023-08-11,남자,30 - 39세,경기도,일반판매,초고속인터넷,계약해제.해지/위약금
2023041593,2023-08-11,여자,60 - 64세,경기도,다단계판매,기타건강식품,청약철회
2023041594,2023-08-11,남자,40 - 49세,경기도,국내온라인거래,신유형상품권,단순문의.상담
2023041595,2023-08-11,여자,40 - 49세,서울특별시,일반판매,시스템에어컨,품질(물품/용역)
2023041596,2023-08-11,여자,30 - 39세,경기도,전화권유판매,인터넷교육서비스,계약해제.해지/위약금
2023041597,2023-08-11,여자,30 - 39세,인천광역시,일반판매,기타서적음반류,품질(물품/용역)
2023041598,2023-08-11,여자,30 - 39세,경기도,일반판매,전기세탁기,계약해제.해지/위약금
2023041631,2023-08-11,여자,50 - 59세,부산광역시,전화권유판매,이동전화서비스,계약해제.해지/위약금
2023041632,2023-08-11,남자,50 - 59세,대구광역시,소셜커머스(쇼핑),TV,청약철회
2023041633,2023-08-11,남자,40 - 49세,경기도,일반판매,소파,품질(물품/용역)
2023041634,2023-08-11,남자,30 - 39세,서울특별시,국제온라인거래,호텔,약관
2023041635,2023-08-11,여자,20 - 29세,경상남도,기타,일반강습(입시학원등),계약해제.해지/위약금
2023041636,2023-08-11,남자,20 - 29세,서울특별시,방문판매,헬스장,계약해제.해지/위약금
2023041637,2023-08-11,여자,50 - 59세,인천광역시,기타통신판매,기타이동통신,AS불만
2023041638,2023-08-11,여자,50 - 59세,경기도,기타,코트,품질(물품/용역)
2023041639,2023-08-11,남자,30 - 39세,경기도,국내온라인거래,통신기기케이스,청약철회
2023041640,2023-08-11,여자,80세이상,경기도,일반판매,사진촬영,AS불만
2023041641,2023-08-11,남자,40 - 49세,경기도,국내온라인거래,스포츠웨어,품질(물품/용역)
2023041642,2023-08-11,여자,20 - 29세,서울특별시,모바일거래,가운·잠옷류,청약철회
2023041643,2023-08-11,남자,30 - 39세,부산광역시,국내온라인거래,버스여객운송서비스,계약불이행(불완전이행)
2023041644,2023-08-11,남자,20 - 29세,광주광역시,일반판매,스마트폰,품질(물품/용역)
2023041645,2023-08-11,여자,30 - 39세,울산광역시,국내온라인거래,기타일반화장품,계약해제.해지/위약금
2023041646,2023-08-11,여자,40 - 49세,제주도,소셜커머스(쇼핑),가축사료,품질(물품/용역)
2023041647,2023-08-11,여자,30 - 39세,서울특별시,일반판매,건물청소서비스,계약불이행(불완전이행)
2023041648,2023-08-11,여자,20 - 29세,서울특별시,일반판매,애완견,품질(물품/용역)
2023041649,2023-08-11,남자,30 - 39세,서울특별시,일반판매,소파,AS불만
2023041650,2023-08-11,여자,30 - 39세,부산광역시,국내온라인거래,도어록,품질(물품/용역)
2023041651,2023-08-11,남자,50 - 59세,경기도,소셜커머스(쇼핑),티셔츠,청약철회
2023041652,2023-08-11,여자,30 - 39세,인천광역시,국내온라인거래,펜션,계약해제.해지/위약금
2023041653,2023-08-11,여자,30 - 39세,대구광역시,일반판매,필라테스,계약해제.해지/위약금
2023041654,2023-08-11,여자,20 - 29세,서울특별시,국내온라인거래,시스템에어컨,품질(물품/용역)
2023041655,2023-08-11,여자,40 - 49세,서울특별시,모바일거래,모바일게임서비스,무능력자계약
2023041656,2023-08-11,남자,50 - 59세,대구광역시,국내온라인거래,기타숙박시설,계약해제.해지/위약금
2023041657,2023-08-11,여자,30 - 39세,경기도,기타,포장이사운송서비스,계약불이행(불완전이행)
2023041658,2023-08-11,남자,20 - 29세,인천광역시,일반판매,헬스장,계약해제.해지/위약금
2023041660,2023-08-11,남자,40 - 49세,서울특별시,일반판매,정수기대여(렌트),가격.요금
2023041661,2023-08-11,남자,30 - 39세,경상남도,국내온라인거래,국외여행,계약해제.해지/위약금
2023041663,2023-08-11,남자,30 - 39세,경기도,국내온라인거래,기타신발·용품,청약철회
2023041664,2023-08-11,남자,20 - 29세,부산광역시,일반판매,기타미분류물품,청약철회
2023041665,2023-08-11,남자,20 - 29세,서울특별시,일반판매,미분류컨설팅(자문),계약해제.해지/위약금
2023041666,2023-08-11,여자,20 - 29세,대구광역시,일반판매,헬스장,계약해제.해지/위약금
2023041667,2023-08-11,여자,30 - 39세,대구광역시,소셜커머스(쇼핑),기타숙박시설,계약해제.해지/위약금
2023041668,2023-08-11,남자,40 - 49세,인천광역시,일반판매,기타인테리어설비,품질(물품/용역)
2023041669,2023-08-11,여자,30 - 39세,광주광역시,일반판매,헬스장,계약해제.해지/위약금
2023041670,2023-08-11,남자,50 - 59세,경상북도,일반판매,기타이동통신,부당채권추심
2023041671,2023-08-11,남자,30 - 39세,광주광역시,국내온라인거래,참외,품질(물품/용역)
2023041672,2023-08-11,남자,40 - 49세,경기도,소셜커머스(쇼핑),골프용품,품질(물품/용역)
2023041673,2023-08-11,남자,40 - 49세,해외 및 기타,일반판매,기타침대류,계약불이행(불완전이행)
2023041674,2023-08-11,여자,30 - 39세,서울특별시,일반판매,시스템에어컨,품질(물품/용역)
2023041675,2023-08-11,여자,불명,서울특별시,일반판매,노트북컴퓨터,부당행위
2023041676,2023-08-11,여자,30 - 39세,울산광역시,전화권유판매,인터넷정보이용서비스,계약해제.해지/위약금
2023041677,2023-08-11,남자,30 - 39세,경기도,일반판매,아파트,계약불이행(불완전이행)
2023041678,2023-08-11,여자,10 - 19세,대전광역시,방문판매,종합체육시설회원권,계약해제.해지/위약금
2023041679,2023-08-11,남자,30 - 39세,전라남도,국내온라인거래,각종공연관람,계약해제.해지/위약금
2023041680,2023-08-11,여자,50 - 59세,인천광역시,소셜커머스(쇼핑),기타숙박시설,계약불이행(불완전이행)
2023041681,2023-08-11,남자,30 - 39세,경기도,일반판매,기타인테리어설비,AS불만
2023041682,2023-08-11,남자,30 - 39세,서울특별시,국내온라인거래,책장·서가,품질(물품/용역)
2023041683,2023-08-11,여자,40 - 49세,부산광역시,국제온라인거래,기타미분류물품,계약불이행(불완전이행)
2023041684,2023-08-11,여자,40 - 49세,경기도,일반판매,포장이사운송서비스,품질(물품/용역)
2023041685,2023-08-11,남자,40 - 49세,서울특별시,기타,포장이사운송서비스,품질(물품/용역)
2023041686,2023-08-11,남자,30 - 39세,서울특별시,일반판매,헬스장,계약해제.해지/위약금
2023041687,2023-08-11,여자,50 - 59세,서울특별시,TV홈쇼핑,핸드백,청약철회
2023041688,2023-08-11,남자,20 - 29세,경기도,기타,펜션,품질(물품/용역)
2023041689,2023-08-11,여자,20 - 29세,경기도,일반판매,헬스장,계약해제.해지/위약금
2023041690,2023-08-11,남자,40 - 49세,경기도,일반판매,가구세트,AS불만
2023041691,2023-08-11,남자,20 - 29세,경기도,일반판매,헬스장,계약해제.해지/위약금
2023041692,2023-08-11,여자,40 - 49세,경기도,국내온라인거래,TV,품질(물품/용역)
2023041693,2023-08-11,여자,20 - 29세,서울특별시,기타,인터넷교육서비스,계약해제.해지/위약금
2023041694,2023-08-11,여자,40 - 49세,서울특별시,국내온라인거래,화장품세트,품질(물품/용역)
2023041695,2023-08-11,남자,30 - 39세,인천광역시,일반판매,예식서비스,계약해제.해지/위약금
2023041696,2023-08-11,남자,20 - 29세,서울특별시,일반판매,물티슈(휴지),품질(물품/용역)
2023041697,2023-08-11,여자,60 - 64세,경기도,일반판매,플라스틱그릇,품질(물품/용역)
2023041698,2023-08-11,남자,30 - 39세,서울특별시,기타,기타건강식품,청약철회
2023041699,2023-08-11,여자,20 - 29세,경기도,국내온라인거래,펜션,계약해제.해지/위약금
2023041700,2023-08-11,남자,40 - 49세,경상북도,기타,기타미분류서비스,품질(물품/용역)
2023041701,2023-08-11,여자,40 - 49세,대전광역시,일반판매,종합체육시설회원권,계약해제.해지/위약금
2023041702,2023-08-11,남자,40 - 49세,부산광역시,국내온라인거래,초고속인터넷,계약해제.해지/위약금
2023041703,2023-08-11,남자,50 - 59세,경기도,일반판매,화장실설비,AS불만
2023041704,2023-08-11,여자,30 - 39세,경기도,일반판매,골프회원권,계약해제.해지/위약금
2023041705,2023-08-11,여자,30 - 39세,서울특별시,일반판매,헬스장,계약해제.해지/위약금
2023041706,2023-08-11,여자,70 - 79세,부산광역시,TV홈쇼핑,밥솥,품질(물품/용역)
2023041707,2023-08-11,여자,20 - 29세,서울특별시,소셜커머스(쇼핑),펜션,청약철회
2023041708,2023-08-11,여자,30 - 39세,서울특별시,국내온라인거래,기타간편복,청약철회
2023041709,2023-08-11,여자,40 - 49세,경기도,일반판매,김치냉장고,품질(물품/용역)
2023041710,2023-08-11,여자,40 - 49세,경기도,일반판매,사진촬영,계약불이행(불완전이행)
2023041711,2023-08-11,여자,30 - 39세,서울특별시,국내온라인거래,호텔,청약철회
2023041712,2023-08-11,남자,30 - 39세,경기도,국내온라인거래,포장이사운송서비스,계약해제.해지/위약금
2023041713,2023-08-11,여자,40 - 49세,광주광역시,일반판매,정수기대여(렌트),계약해제.해지/위약금
2023041714,2023-08-11,여자,40 - 49세,제주도,국내온라인거래,노트북컴퓨터,AS불만
2023041716,2023-08-11,남자,30 - 39세,경상남도,국제온라인거래,항공여객운송서비스,계약해제.해지/위약금
2023041717,2023-08-11,남자,30 - 39세,경기도,모바일거래,기타문화·오락시설이용,계약해제.해지/위약금
2023041718,2023-08-11,남자,30 - 39세,인천광역시,국내온라인거래,기타숙박시설,계약불이행(불완전이행)
2023041719,2023-08-11,여자,50 - 59세,경기도,일반판매,국외여행,계약해제.해지/위약금
2023041720,2023-08-11,남자,30 - 39세,부산광역시,일반판매,TV,품질(물품/용역)
2023041721,2023-08-11,여자,40 - 49세,부산광역시,소셜커머스(쇼핑),헤드폰·이어폰,AS불만
2023041722,2023-08-11,남자,30 - 39세,경상북도,방문판매,이동전화서비스,계약불이행(불완전이행)
2023041723,2023-08-11,남자,30 - 39세,부산광역시,국내온라인거래,호텔,청약철회
2023041724,2023-08-11,남자,30 - 39세,전라남도,국내온라인거래,초음파방충기,품질(물품/용역)
2023041725,2023-08-11,여자,40 - 49세,서울특별시,전화권유판매,영양크림류,계약불이행(불완전이행)
2023041726,2023-08-11,여자,30 - 39세,경기도,소셜커머스(쇼핑),꽃·화초·화환,품질(물품/용역)
2023041731,2023-08-12,여자,20 - 29세,서울특별시,일반판매,헬스장,계약해제.해지/위약금
2023041732,2023-08-12,남자,50 - 59세,부산광역시,일반판매,헬스장,계약해제.해지/위약금
2023041733,2023-08-12,남자,30 - 39세,부산광역시,국내온라인거래,티셔츠,청약철회
2023041734,2023-08-12,여자,20 - 29세,경기도,국내온라인거래,모바일정보이용서비스,계약해제.해지/위약금
2023041735,2023-08-12,남자,20 - 29세,인천광역시,모바일거래,기타음료,청약철회
2023041736,2023-08-12,남자,30 - 39세,서울특별시,국내온라인거래,핸드백,품질(물품/용역)
2023041737,2023-08-12,여자,60 - 64세,부산광역시,국내온라인거래,기타간편복,청약철회
2023041738,2023-08-12,남자,20 - 29세,서울특별시,국내온라인거래,펜션,계약해제.해지/위약금
2023041739,2023-08-12,여자,20 - 29세,부산광역시,기타,기타음식관련서비스,안전(제품/시설)
2023041740,2023-08-12,여자,30 - 39세,인천광역시,일반판매,기타회원권,계약해제.해지/위약금
2023041741,2023-08-12,남자,30 - 39세,경기도,일반판매,TV,품질(물품/용역)
2023041742,2023-08-12,여자,30 - 39세,경기도,기타통신판매,초고속인터넷,계약해제.해지/위약금
2023041743,2023-08-12,남자,65 - 69세,서울특별시,일반판매,기타침대류,AS불만
2023041744,2023-08-12,여자,40 - 49세,대구광역시,방문판매,이동전화서비스,계약불이행(불완전이행)
2023041745,2023-08-12,남자,40 - 49세,경기도,일반판매,이동전화서비스,계약불이행(불완전이행)
2023041746,2023-08-12,남자,40 - 49세,경기도,기타통신판매,국외여행,계약불이행(불완전이행)
2023041747,2023-08-12,남자,40 - 49세,서울특별시,후원방문판매,국외여행,계약해제.해지/위약금
2023041748,2023-08-12,남자,20 - 29세,서울특별시,일반판매,펜션,청약철회
2023041749,2023-08-12,남자,20 - 29세,서울특별시,국내온라인거래,모바일정보이용서비스,부당행위
2023041750,2023-08-12,남자,60 - 64세,경기도,일반판매,기타스포츠·레저기구·용품,AS불만
2023041751,2023-08-12,여자,20 - 29세,경기도,일반판매,애완견,계약해제.해지/위약금
2023041752,2023-08-12,여자,20 - 29세,부산광역시,국내온라인거래,기타숙박시설,품질(물품/용역)
2023041753,2023-08-12,여자,50 - 59세,경기도,일반판매,항공여객운송서비스,계약해제.해지/위약금
2023041754,2023-08-12,남자,20 - 29세,광주광역시,기타,룸에어컨,품질(물품/용역)
2023041755,2023-08-12,여자,50 - 59세,경기도,방문판매,인터넷교육서비스,계약해제.해지/위약금
2023041756,2023-08-12,남자,50 - 59세,서울특별시,소셜커머스(쇼핑),TV,계약불이행(불완전이행)
2023041757,2023-08-12,남자,30 - 39세,서울특별시,일반판매,헬스장,계약해제.해지/위약금
2023041758,2023-08-12,여자,40 - 49세,서울특별시,일반판매,해외유학알선,계약해제.해지/위약금
2023041759,2023-08-12,여자,40 - 49세,대전광역시,기타,정수기대여(렌트),계약해제.해지/위약금
2023041831,2023-08-13,여자,20 - 29세,충청남도,국내온라인거래,원피스,청약철회
2023041832,2023-08-13,남자,30 - 39세,경기도,방문판매,포장이사운송서비스,계약불이행(불완전이행)
2023041833,2023-08-13,여자,40 - 49세,경상북도,방문판매,이동전화서비스,청약철회
2023041834,2023-08-13,여자,40 - 49세,서울특별시,일반판매,항공여객운송서비스,계약불이행(불완전이행)
2023041835,2023-08-13,여자,40 - 49세,서울특별시,일반판매,항공여객운송서비스,계약불이행(불완전이행)
2023041836,2023-08-13,남자,30 - 39세,경기도,일반판매,애완견,무능력자계약
2023041837,2023-08-13,남자,50 - 59세,경기도,국내온라인거래,통신기기주변장치,품질(물품/용역)
2023041838,2023-08-13,남자,40 - 49세,충청북도,국내온라인거래,기타숙박시설,계약해제.해지/위약금
2023041839,2023-08-13,여자,20 - 29세,서울특별시,국내온라인거래,기타문화용품,청약철회
2023041840,2023-08-13,여자,30 - 39세,서울특별시,국제온라인거래,인터넷정보이용서비스,계약불이행(불완전이행)
2023041841,2023-08-13,남자,50 - 59세,서울특별시,국내온라인거래,배추,품질(물품/용역)
2023041842,2023-08-13,남자,20 - 29세,서울특별시,기타,외식,부당행위
2023041843,2023-08-13,남자,40 - 49세,경기도,모바일거래,모바일정보이용서비스,거래관행
2023041844,2023-08-13,남자,40 - 49세,경상북도,기타통신판매,TV,AS불만
2023041845,2023-08-11,남자,40 - 49세,경기도,국내온라인거래,도서·음반대여(렌트),품질(물품/용역)
2023041846,2023-08-14,남자,30 - 39세,경기도,국내온라인거래,전기자전거,AS불만
2023041847,2023-08-14,남자,(미입력),서울특별시,국내온라인거래,호텔,계약해제.해지/위약금
2023041848,2023-08-14,남자,20 - 29세,제주도,일반판매,모자,품질(물품/용역)
2023041849,2023-08-14,여자,50 - 59세,충청북도,소셜커머스(쇼핑),기타자동차용품,청약철회
2023041850,2023-08-14,여자,50 - 59세,경기도,기타통신판매,기타정보통신,부당행위
2023041851,2023-08-14,여자,40 - 49세,경상북도,일반판매,화장대,청약철회
2023041852,2023-08-14,여자,30 - 39세,경기도,일반판매,헬스장,계약해제.해지/위약금
2023041853,2023-08-14,여자,65 - 69세,충청남도,국내온라인거래,블루투스스피커,청약철회
2023041854,2023-08-14,여자,30 - 39세,경기도,일반판매,성형외과,계약해제.해지/위약금
2023041855,2023-08-14,여자,30 - 39세,부산광역시,일반판매,스커트,품질(물품/용역)
2023041856,2023-08-14,남자,30 - 39세,서울특별시,기타통신판매,인터넷교육서비스,표시.광고
2023041857,2023-08-14,여자,20 - 29세,경기도,모바일거래,카셰어링,약관
2023041859,2023-08-14,여자,80세이상,경기도,일반판매,내과,품질(물품/용역)
2023041860,2023-08-14,여자,40 - 49세,서울특별시,국내온라인거래,펜션,계약해제.해지/위약금
2023041861,2023-08-14,남자,30 - 39세,서울특별시,국내온라인거래,양복(서양식 의복)세탁,품질(물품/용역)
2023041862,2023-08-14,남자,20 - 29세,강원특별자치도,일반판매,스포츠시설이용,계약해제.해지/위약금
2023041863,2023-08-14,남자,65 - 69세,경기도,기타,치과,품질(물품/용역)
2023041864,2023-08-14,여자,40 - 49세,경기도,기타,성형외과,계약해제.해지/위약금
2023041865,2023-08-14,여자,40 - 49세,서울특별시,국내온라인거래,원피스,청약철회
2023041866,2023-08-14,남자,불명,광주광역시,국내온라인거래,초음파방충기,품질(물품/용역)
2023041867,2023-08-14,여자,40 - 49세,부산광역시,일반판매,자동차주차장,계약해제.해지/위약금
2023041868,2023-08-14,남자,50 - 59세,세종특별자치시,일반판매,중형승용자동차,품질(물품/용역)
2023041869,2023-08-14,여자,40 - 49세,전라남도,국내온라인거래,원피스,청약철회
2023041870,2023-08-14,여자,40 - 49세,서울특별시,국내온라인거래,캐주얼바지,청약철회
2023041871,2023-08-14,여자,30 - 39세,경기도,일반판매,공중목욕탕,계약해제.해지/위약금
2023041873,2023-08-14,여자,40 - 49세,서울특별시,기타,신유형상품권,부당행위
2023041874,2023-08-14,여자,20 - 29세,경기도,일반판매,헬스장,계약해제.해지/위약금
2023041875,2023-08-14,여자,40 - 49세,인천광역시,일반판매,자동차대여(렌트),계약해제.해지/위약금
2023041876,2023-08-14,남자,40 - 49세,경기도,국내온라인거래,인터넷정보이용서비스,계약해제.해지/위약금
2023041877,2023-08-14,여자,40 - 49세,서울특별시,국내온라인거래,기타신발·용품,청약철회
2023041878,2023-08-14,여자,20 - 29세,서울특별시,모바일거래,호텔,계약해제.해지/위약금
2023041879,2023-08-14,여자,30 - 39세,경기도,국내온라인거래,기타여행,계약불이행(불완전이행)
2023041880,2023-08-14,여자,20 - 29세,충청북도,일반판매,피부과,품질(물품/용역)
2023041881,2023-08-14,남자,50 - 59세,충청북도,일반판매,중형승용자동차,안전(제품/시설)
2023041882,2023-08-14,남자,50 - 59세,서울특별시,일반판매,스마트폰,품질(물품/용역)
2023041883,2023-08-14,여자,불명,광주광역시,일반판매,기타세탁서비스,품질(물품/용역)
2023041884,2023-08-14,여자,50 - 59세,서울특별시,국내온라인거래,스포츠웨어,품질(물품/용역)
2023041885,2023-08-14,여자,50 - 59세,서울특별시,일반판매,캐주얼바지,품질(물품/용역)
2023041886,2023-08-14,남자,30 - 39세,부산광역시,모바일거래,전동킥보드,부당행위
2023041887,2023-08-14,남자,50 - 59세,경기도,소셜커머스(쇼핑),일반자전거,표시.광고
2023041888,2023-08-14,남자,30 - 39세,경기도,국내온라인거래,티셔츠,계약불이행(불완전이행)
2023041889,2023-08-14,여자,40 - 49세,경기도,국내온라인거래,원피스,품질(물품/용역)
2023041890,2023-08-14,남자,50 - 59세,광주광역시,방문판매,종신보험,약관
2023041891,2023-08-14,남자,50 - 59세,경기도,국내온라인거래,신유형상품권,계약해제.해지/위약금
2023041892,2023-08-14,남자,20 - 29세,서울특별시,일반판매,양복(서양식 의복)세탁,품질(물품/용역)
2023041893,2023-08-14,여자,20 - 29세,인천광역시,국내온라인거래,전기장판,안전(제품/시설)
2023041894,2023-08-14,여자,20 - 29세,경기도,일반판매,자동차주차장,부당행위
2023041895,2023-08-14,남자,20 - 29세,경기도,모바일거래,카셰어링,가격.요금
2023041896,2023-08-14,여자,20 - 29세,경기도,전화권유판매,이동전화서비스,가격.요금
2023041897,2023-08-14,여자,30 - 39세,경기도,일반판매,미용서비스,계약해제.해지/위약금
2023041898,2023-08-14,남자,70 - 79세,서울특별시,일반판매,건강(암·기타질병)보험,약관
2023041899,2023-08-14,여자,30 - 39세,서울특별시,전화권유판매,인터넷정보이용서비스,계약불이행(불완전이행)
2023041900,2023-08-14,남자,60 - 64세,서울특별시,일반판매,하수도위생서비스,계약불이행(불완전이행)
2023041901,2023-08-14,여자,30 - 39세,서울특별시,모바일거래,용달화물서비스,계약불이행(불완전이행)
2023041902,2023-08-14,남자,30 - 39세,서울특별시,일반판매,양복(서양식 의복)세탁,품질(물품/용역)
2023041903,2023-08-14,남자,70 - 79세,전라북도,방문판매,기타여행,계약불이행(불완전이행)
2023041905,2023-08-14,여자,50 - 59세,서울특별시,일반판매,국내결혼중개,계약해제.해지/위약금
2023041906,2023-08-14,남자,40 - 49세,경기도,일반판매,자동차대여(렌트),계약불이행(불완전이행)
2023041907,2023-08-14,남자,40 - 49세,서울특별시,기타,한의원,계약해제.해지/위약금
2023041908,2023-08-14,여자,30 - 39세,경기도,일반판매,양복(서양식 의복)세탁,품질(물품/용역)
2023041909,2023-08-14,여자,65 - 69세,경기도,일반판매,기타이·미용서비스,계약해제.해지/위약금
2023041910,2023-08-14,남자,70 - 79세,부산광역시,전화권유판매,유사투자자문,약관
2023041911,2023-08-14,남자,50 - 59세,경상북도,전화권유판매,유사투자자문,계약해제.해지/위약금
2023041912,2023-08-14,여자,60 - 64세,서울특별시,일반판매,김치냉장고,품질(물품/용역)
2023041913,2023-08-14,남자,70 - 79세,경기도,일반판매,고추,품질(물품/용역)
2023041914,2023-08-14,여자,40 - 49세,충청북도,일반판매,복권,부당행위
2023041915,2023-08-14,여자,20 - 29세,경기도,국내온라인거래,핸드백,품질(물품/용역)
2023041916,2023-08-14,여자,20 - 29세,경기도,국내온라인거래,티셔츠,품질(물품/용역)
2023041917,2023-08-14,여자,40 - 49세,경기도,일반판매,핸드백,품질(물품/용역)
2023041918,2023-08-14,여자,50 - 59세,경기도,일반판매,원피스,품질(물품/용역)
2023041919,2023-08-14,남자,60 - 64세,서울특별시,일반판매,전기면도기,AS불만
2023041920,2023-08-14,여자,30 - 39세,경기도,국내온라인거래,건물청소서비스,청약철회
2023041921,2023-08-14,남자,40 - 49세,경기도,일반판매,아파트,품질(물품/용역)
2023041922,2023-08-14,남자,30 - 39세,경기도,국내온라인거래,전기면도기,품질(물품/용역)
2023041923,2023-08-14,여자,30 - 39세,서울특별시,일반판매,미용서비스,계약해제.해지/위약금
2023041924,2023-08-14,여자,30 - 39세,경기도,기타,항공여객운송서비스,계약불이행(불완전이행)
2023041925,2023-08-14,여자,40 - 49세,인천광역시,일반판매,포장이사운송서비스,계약불이행(불완전이행)
2023041926,2023-08-14,남자,20 - 29세,서울특별시,일반판매,펜션,계약해제.해지/위약금
2023041928,2023-08-14,남자,40 - 49세,서울특별시,국내온라인거래,시계,계약불이행(불완전이행)
2023041929,2023-08-14,여자,20 - 29세,서울특별시,국내온라인거래,항공여객운송서비스,계약불이행(불완전이행)
2023041930,2023-08-14,여자,40 - 49세,경기도,일반판매,골프회원권,계약해제.해지/위약금
2023041931,2023-08-14,여자,50 - 59세,경기도,기타통신판매,인터넷정보이용서비스,계약해제.해지/위약금
2023041932,2023-08-14,남자,40 - 49세,경기도,방문판매,스마트폰,AS불만
2023041933,2023-08-14,남자,40 - 49세,대전광역시,모바일거래,기타숙박시설,계약해제.해지/위약금
2023041934,2023-08-14,여자,50 - 59세,인천광역시,국제온라인거래,항공여객운송서비스,계약해제.해지/위약금
2023041935,2023-08-14,남자,50 - 59세,경상북도,기타,기타인테리어설비,계약불이행(불완전이행)
2023041936,2023-08-14,남자,40 - 49세,서울특별시,국내온라인거래,인터넷정보이용서비스,계약해제.해지/위약금
2023041937,2023-08-14,여자,30 - 39세,서울특별시,일반판매,미용서비스,계약해제.해지/위약금
2023041938,2023-08-14,남자,20 - 29세,충청북도,일반판매,포장이사운송서비스,부당행위
2023041939,2023-08-14,남자,40 - 49세,전라북도,국내온라인거래,아이스크림,품질(물품/용역)
2023041940,2023-08-14,남자,40 - 49세,부산광역시,전화권유판매,인터넷정보이용서비스,계약해제.해지/위약금
2023041941,2023-08-14,여자,40 - 49세,경기도,국내온라인거래,화장대,품질(물품/용역)
2023041942,2023-08-14,여자,30 - 39세,전라북도,국내온라인거래,항공여객운송서비스,부당행위
2023041943,2023-08-14,여자,20 - 29세,경상북도,모바일거래,사진촬영,계약해제.해지/위약금
2023041944,2023-08-14,여자,20 - 29세,서울특별시,국내온라인거래,헬스장,계약해제.해지/위약금
2023041945,2023-08-14,여자,40 - 49세,서울특별시,일반판매,신발세탁,계약불이행(불완전이행)
2023041946,2023-08-14,남자,70 - 79세,경상남도,기타,골프회원권,계약해제.해지/위약금
2023041947,2023-08-14,남자,40 - 49세,강원특별자치도,일반판매,택배화물운송서비스,품질(물품/용역)
2023041948,2023-08-14,남자,30 - 39세,서울특별시,일반판매,택배화물운송서비스,품질(물품/용역)
2023041949,2023-08-14,여자,30 - 39세,경기도,국내온라인거래,셔츠,청약철회
2023041950,2023-08-14,남자,30 - 39세,인천광역시,일반판매,기타침대류,계약해제.해지/위약금
2023041951,2023-08-14,남자,30 - 39세,서울특별시,국내온라인거래,제습기,품질(물품/용역)
2023041952,2023-08-14,여자,50 - 59세,부산광역시,일반판매,건물청소서비스,품질(물품/용역)
2023041953,2023-08-14,여자,20 - 29세,서울특별시,국내온라인거래,펜션,청약철회
2023041954,2023-08-14,남자,30 - 39세,서울특별시,국내온라인거래,항공여객운송서비스,계약해제.해지/위약금
2023041955,2023-08-14,여자,20 - 29세,광주광역시,소셜커머스(쇼핑),기타세탁서비스,계약불이행(불완전이행)
2023041956,2023-08-14,여자,50 - 59세,전라남도,국내온라인거래,TV,부당행위
2023041957,2023-08-14,여자,30 - 39세,광주광역시,국내온라인거래,원피스,계약해제.해지/위약금
2023041958,2023-08-14,남자,30 - 39세,서울특별시,전화권유판매,헬스장,계약해제.해지/위약금
2023041959,2023-08-14,남자,30 - 39세,경기도,국내온라인거래,모니터,청약철회
2023041960,2023-08-14,여자,40 - 49세,대구광역시,모바일거래,국내결혼중개,계약해제.해지/위약금
2023041961,2023-08-14,여자,20 - 29세,서울특별시,일반판매,헬스장,계약해제.해지/위약금
2023041962,2023-08-14,여자,50 - 59세,서울특별시,국내온라인거래,소파,계약해제.해지/위약금
2023041963,2023-08-14,여자,20 - 29세,경기도,국내온라인거래,인터넷교육서비스,계약해제.해지/위약금
2023041964,2023-08-14,여자,30 - 39세,울산광역시,국내온라인거래,펜션,청약철회
2023041965,2023-08-14,여자,40 - 49세,인천광역시,모바일거래,택배화물운송서비스,계약불이행(불완전이행)
2023041966,2023-08-14,여자,50 - 59세,경기도,국내온라인거래,펜션,안전(제품/시설)
2023041967,2023-08-14,여자,20 - 29세,서울특별시,모바일거래,호텔,계약해제.해지/위약금
2023041969,2023-08-14,남자,30 - 39세,서울특별시,방문판매,헬스장,계약해제.해지/위약금
2023041970,2023-08-14,여자,40 - 49세,서울특별시,일반판매,헬스장,계약해제.해지/위약금
2023041971,2023-08-14,남자,30 - 39세,서울특별시,일반판매,종합체육시설회원권,품질(물품/용역)
2023041972,2023-08-14,여자,20 - 29세,대전광역시,방문판매,필라테스,청약철회
2023041973,2023-08-14,남자,30 - 39세,경기도,국제온라인거래,기타컴퓨터·주변기기,계약해제.해지/위약금
2023041974,2023-08-14,여자,20 - 29세,서울특별시,기타,기타세탁서비스,AS불만
2023041975,2023-08-14,남자,20 - 29세,서울특별시,방문판매,헬스장,계약해제.해지/위약금
2023041976,2023-08-14,여자,30 - 39세,서울특별시,방문판매,피부·체형관리서비스,계약해제.해지/위약금
2023041977,2023-08-14,남자,65 - 69세,경기도,소셜커머스(쇼핑),샌들·슬리퍼,품질(물품/용역)
2023041978,2023-08-14,여자,50 - 59세,경기도,일반판매,선박화물운송서비스,부당행위
2023041979,2023-08-14,남자,30 - 39세,서울특별시,국내온라인거래,기타주방설비,품질(물품/용역)
2023041980,2023-08-14,여자,20 - 29세,부산광역시,소셜커머스(쇼핑),기타식품류,부당행위
2023041981,2023-08-14,여자,20 - 29세,부산광역시,일반판매,헬스장,계약해제.해지/위약금
2023041982,2023-08-14,여자,30 - 39세,광주광역시,소셜커머스(쇼핑),기타재봉·세탁·청소용품,계약불이행(불완전이행)
2023041983,2023-08-14,여자,50 - 59세,인천광역시,기타통신판매,경비·관리서비스,계약해제.해지/위약금
2023041984,2023-08-14,여자,20 - 29세,서울특별시,기타,펜션,법.제도
2023041985,2023-08-14,여자,30 - 39세,서울특별시,국내온라인거래,기타숙박시설,계약해제.해지/위약금
2023041986,2023-08-14,여자,30 - 39세,경기도,국내온라인거래,키보드,청약철회
2023041987,2023-08-14,남자,30 - 39세,충청북도,일반판매,결혼준비대행서비스,계약해제.해지/위약금
2023041988,2023-08-14,여자,30 - 39세,서울특별시,국내온라인거래,각종공연관람,계약불이행(불완전이행)
2023041989,2023-08-14,남자,50 - 59세,경기도,일반판매,미분류수리가공,계약불이행(불완전이행)
2023041990,2023-08-14,여자,30 - 39세,부산광역시,국내온라인거래,거울,계약해제.해지/위약금
2023041991,2023-08-14,남자,50 - 59세,충청북도,기타통신판매,휴대폰(2G),계약불이행(불완전이행)
2023041992,2023-08-14,남자,20 - 29세,경기도,국내온라인거래,펜션,계약해제.해지/위약금
2023041993,2023-08-14,여자,60 - 64세,서울특별시,국내온라인거래,제습기,품질(물품/용역)
2023041994,2023-08-14,남자,20 - 29세,부산광역시,일반판매,헬스장,계약해제.해지/위약금
2023041995,2023-08-14,여자,40 - 49세,서울특별시,일반판매,포장이사운송서비스,품질(물품/용역)
2023041996,2023-08-14,남자,30 - 39세,전라북도,국내온라인거래,티셔츠,청약철회
2023041997,2023-08-14,여자,30 - 39세,서울특별시,모바일거래,냉장고,품질(물품/용역)
2023041998,2023-08-14,여자,20 - 29세,경기도,모바일거래,인터넷교육서비스,계약해제.해지/위약금
2023041999,2023-08-14,남자,30 - 39세,경기도,국내온라인거래,면도기,계약불이행(불완전이행)
2023042000,2023-08-14,여자,50 - 59세,전라북도,일반판매,이동전화서비스,청약철회
2023042001,2023-08-14,여자,20 - 29세,전라북도,국내온라인거래,외식,계약해제.해지/위약금
2023042002,2023-08-14,남자,40 - 49세,경상남도,모바일거래,펜션,청약철회
2023042003,2023-08-14,여자,불명,서울특별시,모바일거래,자동차대여(렌트),가격.요금
2023042004,2023-08-14,남자,40 - 49세,경기도,모바일거래,모바일정보이용서비스,거래관행
2023042005,2023-08-14,남자,40 - 49세,서울특별시,국내온라인거래,인터넷게임서비스,거래관행
2023042006,2023-08-14,여자,30 - 39세,울산광역시,일반판매,인터넷교육서비스,계약해제.해지/위약금
2023042007,2023-08-14,남자,20 - 29세,경기도,모바일거래,기타미분류서비스,계약해제.해지/위약금
2023042008,2023-08-14,여자,30 - 39세,서울특별시,국내온라인거래,가구세트,AS불만
2023042009,2023-08-14,여자,20 - 29세,서울특별시,국제온라인거래,스포츠웨어,품질(물품/용역)
2023042010,2023-08-14,여자,30 - 39세,제주도,국제온라인거래,기타의류·섬유,청약철회
2023042011,2023-08-14,여자,20 - 29세,경기도,국내온라인거래,스포츠웨어,청약철회
2023042012,2023-08-14,여자,20 - 29세,부산광역시,일반판매,즉석조리식품,안전(제품/시설)
2023042013,2023-08-14,여자,20 - 29세,전라북도,일반판매,헬스장,부당행위
2023042014,2023-08-14,여자,30 - 39세,서울특별시,일반판매,케이크,품질(물품/용역)
2023042015,2023-08-14,여자,40 - 49세,전라북도,일반판매,미용서비스,품질(물품/용역)
2023042016,2023-08-14,여자,30 - 39세,대전광역시,국내온라인거래,시계,청약철회
2023042017,2023-08-14,남자,20 - 29세,서울특별시,모바일거래,외국어강습,계약해제.해지/위약금
2023042018,2023-08-14,남자,30 - 39세,서울특별시,국내온라인거래,호텔,가격.요금
2023042019,2023-08-14,여자,20 - 29세,경기도,기타,헬스장,계약해제.해지/위약금
2023042020,2023-08-14,남자,60 - 64세,서울특별시,전화권유판매,초고속인터넷,가격.요금
2023042021,2023-08-14,여자,20 - 29세,인천광역시,일반판매,미용서비스,품질(물품/용역)
2023042022,2023-08-14,여자,40 - 49세,경기도,일반판매,기타문화·오락시설이용,계약해제.해지/위약금
2023042023,2023-08-14,남자,60 - 64세,울산광역시,국내온라인거래,기타농업시설자재,계약불이행(불완전이행)
2023042024,2023-08-14,남자,30 - 39세,서울특별시,모바일거래,신유형상품권,부당행위
2023042025,2023-08-14,여자,50 - 59세,경기도,방문판매,기타가스·급배수설비,부당행위
2023042027,2023-08-14,여자,30 - 39세,인천광역시,국내온라인거래,펜션,계약해제.해지/위약금
2023042028,2023-08-14,여자,20 - 29세,경기도,국내온라인거래,성게,청약철회
2023042029,2023-08-15,남자,30 - 39세,서울특별시,일반판매,헬스장,계약해제.해지/위약금
2023042030,2023-08-15,남자,50 - 59세,경기도,방문판매,포장이사운송서비스,계약해제.해지/위약금
2023042031,2023-08-15,여자,30 - 39세,서울특별시,방문판매,헬스장,계약불이행(불완전이행)
2023042032,2023-08-15,여자,30 - 39세,경기도,국내온라인거래,책상,품질(물품/용역)
2023042033,2023-08-15,여자,20 - 29세,서울특별시,일반판매,예식서비스,단순문의.상담
2023042034,2023-08-15,남자,30 - 39세,경기도,일반판매,기타미분류서비스,단순문의.상담
2023042035,2023-08-15,남자,40 - 49세,인천광역시,국제온라인거래,택배화물운송서비스,계약불이행(불완전이행)
2023042036,2023-08-15,남자,60 - 64세,경기도,일반판매,국제결혼중개,계약불이행(불완전이행)
2023042037,2023-08-15,여자,20 - 29세,전라남도,일반판매,결혼준비대행서비스,계약해제.해지/위약금
2023042038,2023-08-15,남자,50 - 59세,경기도,일반판매,공중목욕탕,계약해제.해지/위약금
2023042039,2023-08-15,여자,40 - 49세,인천광역시,전화권유판매,기타매체광고,청약철회
2023042040,2023-08-15,남자,40 - 49세,경기도,국내온라인거래,호텔,계약해제.해지/위약금
2023042041,2023-08-15,남자,30 - 39세,경기도,기타,기타가스·급배수설비,품질(물품/용역)
2023042042,2023-08-15,남자,30 - 39세,경기도,일반판매,국내결혼중개,계약해제.해지/위약금
2023042043,2023-08-15,여자,40 - 49세,서울특별시,국내온라인거래,기타숙박시설,계약해제.해지/위약금
2023042044,2023-08-15,남자,40 - 49세,부산광역시,국내온라인거래,보석·귀금속,계약불이행(불완전이행)
2023042045,2023-08-15,여자,20 - 29세,서울특별시,방문판매,요가,계약해제.해지/위약금
2023042046,2023-08-15,남자,20 - 29세,충청남도,국내온라인거래,항공여객운송서비스,계약해제.해지/위약금
2023042047,2023-08-15,여자,30 - 39세,인천광역시,소셜커머스(쇼핑),기타숙박시설,청약철회
2023042048,2023-08-15,여자,40 - 49세,대구광역시,일반판매,항공화물운송서비스,부당행위
2023042049,2023-08-15,남자,40 - 49세,서울특별시,국내온라인거래,항공여객운송서비스,청약철회
2023042050,2023-08-15,남자,30 - 39세,광주광역시,국내온라인거래,건물청소서비스,계약해제.해지/위약금
2023042051,2023-08-15,남자,30 - 39세,서울특별시,국내온라인거래,항공여객운송서비스,청약철회
2023042052,2023-08-15,여자,20 - 29세,경상남도,일반판매,일반이사운송서비스,품질(물품/용역)
2023042053,2023-08-15,남자,30 - 39세,경기도,국내온라인거래,냉장고,AS불만
2023042054,2023-08-15,여자,30 - 39세,경기도,방문판매,학습지,계약해제.해지/위약금
2023042055,2023-08-15,여자,40 - 49세,서울특별시,국내온라인거래,기타가구,품질(물품/용역)
2023042056,2023-08-15,남자,30 - 39세,경기도,국내온라인거래,기타숙박시설,계약해제.해지/위약금
2023042057,2023-08-15,여자,50 - 59세,경기도,일반판매,기타예식관련서비스,계약해제.해지/위약금
2023042058,2023-08-15,남자,30 - 39세,서울특별시,기타통신판매,국외여행,부당행위
2023042059,2023-08-15,여자,50 - 59세,부산광역시,일반판매,이동전화서비스,계약해제.해지/위약금
2023042060,2023-08-16,남자,60 - 64세,서울특별시,일반판매,공기청정기대여(렌트),계약불이행(불완전이행)
2023042061,2023-08-16,여자,30 - 39세,서울특별시,일반판매,운동화,품질(물품/용역)
2023042062,2023-08-16,여자,50 - 59세,경기도,일반판매,샌들·슬리퍼,품질(물품/용역)
2023042063,2023-08-16,여자,40 - 49세,서울특별시,국내온라인거래,샌들·슬리퍼,품질(물품/용역)
2023042064,2023-08-16,여자,50 - 59세,경기도,일반판매,샌들·슬리퍼,품질(물품/용역)
2023042065,2023-08-16,여자,50 - 59세,경기도,일반판매,샌들·슬리퍼,품질(물품/용역)
2023042067,2023-08-16,남자,30 - 39세,서울특별시,일반판매,자동차주차장,계약불이행(불완전이행)
2023042068,2023-08-16,여자,30 - 39세,경기도,기타통신판매,전동킥보드,계약해제.해지/위약금
2023042069,2023-08-16,여자,40 - 49세,경기도,기타통신판매,유사투자자문,계약해제.해지/위약금
2023042070,2023-08-16,남자,50 - 59세,울산광역시,모바일거래,중고자동차중개·매매,계약해제.해지/위약금
2023042071,2023-08-16,남자,20 - 29세,경상북도,국내온라인거래,닭고기포장육,품질(물품/용역)
2023042072,2023-08-16,남자,30 - 39세,서울특별시,국내온라인거래,기타건강식품,청약철회
2023042073,2023-08-16,남자,65 - 69세,경기도,일반판매,자동차대여(렌트),약관
2023042074,2023-08-16,남자,70 - 79세,서울특별시,기타통신판매,스피커,계약불이행(불완전이행)
2023042075,2023-08-16,여자,65 - 69세,서울특별시,국내온라인거래,티셔츠,청약철회
2023042076,2023-08-16,남자,40 - 49세,부산광역시,기타,이동전화서비스,품질(물품/용역)
2023042077,2023-08-16,여자,불명,충청북도,일반판매,양복(서양식 의복)세탁,품질(물품/용역)
2023042078,2023-08-16,여자,30 - 39세,서울특별시,국내온라인거래,운동용가방,청약철회
2023042079,2023-08-16,여자,40 - 49세,서울특별시,일반판매,경비·관리서비스,계약해제.해지/위약금
2023042080,2023-08-16,남자,30 - 39세,대구광역시,국내온라인거래,기타식탁용품,품질(물품/용역)
2023042081,2023-08-16,남자,20 - 29세,경기도,국제온라인거래,항공여객운송서비스,청약철회
2023042082,2023-08-16,남자,30 - 39세,서울특별시,일반판매,예식서비스,계약해제.해지/위약금
2023042083,2023-08-16,남자,70 - 79세,서울특별시,국내온라인거래,기타영상기기,AS불만
2023042084,2023-08-16,남자,50 - 59세,제주도,일반판매,중형승용자동차,안전(제품/시설)
2023042085,2023-08-16,여자,20 - 29세,경기도,일반판매,헬스장,계약해제.해지/위약금
2023042086,2023-08-16,남자,20 - 29세,인천광역시,일반판매,소파,계약해제.해지/위약금
2023042087,2023-08-16,여자,65 - 69세,서울특별시,일반판매,안경·안경테,품질(물품/용역)
2023042088,2023-08-16,여자,20 - 29세,경기도,모바일거래,카셰어링,부당행위
2023042089,2023-08-16,남자,20 - 29세,서울특별시,일반판매,포장이사운송서비스,품질(물품/용역)
2023042090,2023-08-16,여자,40 - 49세,경기도,국내온라인거래,초음파방충기,계약해제.해지/위약금
2023042091,2023-08-16,여자,20 - 29세,서울특별시,국내온라인거래,숙녀화(구두·부츠 등),청약철회
2023042092,2023-08-16,여자,30 - 39세,서울특별시,일반판매,"연회서비스(돌잔치,회갑 등)",계약해제.해지/위약금
2023042093,2023-08-16,남자,40 - 49세,충청남도,일반판매,포장이사운송서비스,계약불이행(불완전이행)
2023042094,2023-08-16,여자,30 - 39세,세종특별자치시,국내온라인거래,펜션,청약철회
2023042095,2023-08-16,여자,30 - 39세,경기도,일반판매,헬스장,계약해제.해지/위약금
2023042096,2023-08-16,남자,40 - 49세,서울특별시,방문판매,인터넷교육서비스,계약해제.해지/위약금
2023042098,2023-08-16,여자,20 - 29세,경기도,모바일거래,호텔,계약해제.해지/위약금
2023042099,2023-08-16,여자,40 - 49세,경기도,국내온라인거래,핸드백,청약철회
2023042100,2023-08-16,여자,60 - 64세,서울특별시,일반판매,이동전화서비스,계약불이행(불완전이행)
2023042101,2023-08-16,여자,40 - 49세,대전광역시,일반판매,필라테스,계약해제.해지/위약금
2023042102,2023-08-16,여자,30 - 39세,경기도,국내온라인거래,신유형상품권,청약철회
2023042103,2023-08-16,여자,30 - 39세,서울특별시,일반판매,예식서비스,계약해제.해지/위약금
2023042104,2023-08-16,남자,30 - 39세,서울특별시,일반판매,케이블TV,계약해제.해지/위약금
2023042105,2023-08-16,남자,40 - 49세,대전광역시,일반판매,중형승용자동차,계약불이행(불완전이행)
2023042106,2023-08-16,남자,20 - 29세,대전광역시,일반판매,실손보험,계약불이행(불완전이행)
2023042108,2023-08-16,여자,70 - 79세,울산광역시,일반판매,숙녀복상의,품질(물품/용역)
2023042109,2023-08-16,여자,65 - 69세,전라남도,일반판매,종신보험,계약불이행(불완전이행)
2023042110,2023-08-16,남자,20 - 29세,충청남도,일반판매,실손보험,계약불이행(불완전이행)
2023042111,2023-08-16,남자,20 - 29세,인천광역시,방문판매,건강(암·기타질병)보험,계약불이행(불완전이행)
2023042112,2023-08-16,남자,40 - 49세,서울특별시,국내온라인거래,전기진공청소기,품질(물품/용역)
2023042113,2023-08-16,여자,30 - 39세,인천광역시,일반판매,티셔츠,품질(물품/용역)
2023042114,2023-08-16,남자,20 - 29세,서울특별시,국내온라인거래,티셔츠,품질(물품/용역)
2023042115,2023-08-16,남자,(미입력),서울특별시,일반판매,기타인테리어설비,AS불만
2023042117,2023-08-16,여자,30 - 39세,대구광역시,일반판매,전문스포츠화(축구화·골프화 등),품질(물품/용역)
2023042118,2023-08-16,여자,50 - 59세,경기도,전화권유판매,모바일정보이용서비스,계약해제.해지/위약금
2023042119,2023-08-16,여자,40 - 49세,서울특별시,일반판매,실손보험,계약불이행(불완전이행)
2023042120,2023-08-16,남자,40 - 49세,대전광역시,일반판매,기타신변용품,품질(물품/용역)
2023042121,2023-08-16,여자,20 - 29세,대구광역시,방문판매,각종자격취득강습,계약해제.해지/위약금
2023042122,2023-08-16,여자,30 - 39세,충청남도,국내온라인거래,기타조명기기,청약철회
2023042123,2023-08-16,여자,65 - 69세,울산광역시,일반판매,신발세탁,계약불이행(불완전이행)
2023042124,2023-08-16,여자,30 - 39세,서울특별시,기타,변액보험,계약해제.해지/위약금
2023042125,2023-08-16,여자,60 - 64세,인천광역시,일반판매,화장실설비,품질(물품/용역)
2023042126,2023-08-16,남자,50 - 59세,경기도,국내온라인거래,기타통신기기,AS불만
2023042127,2023-08-16,남자,40 - 49세,전라북도,국내온라인거래,기타교재,계약불이행(불완전이행)
2023042128,2023-08-16,남자,70 - 79세,서울특별시,일반판매,실손보험,계약불이행(불완전이행)
2023042129,2023-08-16,여자,30 - 39세,경기도,국내온라인거래,항공여객운송서비스,표시.광고
2023042130,2023-08-16,여자,30 - 39세,경상북도,국내온라인거래,기타숙박시설,계약해제.해지/위약금
2023042131,2023-08-16,여자,70 - 79세,전라북도,일반판매,건강(암·기타질병)보험,약관
2023042133,2023-08-16,남자,50 - 59세,경상남도,일반판매,건강(암·기타질병)보험,약관
2023042134,2023-08-16,여자,40 - 49세,경상남도,일반판매,샌들·슬리퍼,품질(물품/용역)
2023042136,2023-08-16,여자,30 - 39세,전라북도,방문판매,상해보험,약관
2023042137,2023-08-16,여자,65 - 69세,서울특별시,일반판매,정형외과,품질(물품/용역)
2023042138,2023-08-16,여자,65 - 69세,부산광역시,일반판매,샌들·슬리퍼,품질(물품/용역)
2023042139,2023-08-16,남자,10 - 19세,제주도,일반판매,기타숙박시설,계약해제.해지/위약금
2023042140,2023-08-16,여자,20 - 29세,경기도,일반판매,헬스장,계약해제.해지/위약금
2023042141,2023-08-16,남자,65 - 69세,대구광역시,일반판매,비데,품질(물품/용역)
2023042142,2023-08-16,남자,30 - 39세,부산광역시,일반판매,건강(암·기타질병)보험,약관
2023042143,2023-08-16,남자,40 - 49세,경기도,일반판매,건강(암·기타질병)보험,약관
2023042144,2023-08-16,여자,40 - 49세,부산광역시,기타,이동전화서비스,계약해제.해지/위약금
2023042145,2023-08-16,여자,40 - 49세,서울특별시,국내온라인거래,기타서적음반류,계약불이행(불완전이행)
2023042146,2023-08-16,남자,40 - 49세,인천광역시,국내온라인거래,기타공조·냉난방기기,청약철회
2023042148,2023-08-16,남자,65 - 69세,대구광역시,방문판매,국제결혼중개,계약해제.해지/위약금
2023042149,2023-08-16,여자,30 - 39세,인천광역시,모바일거래,신유형상품권,부당행위
2023042150,2023-08-16,남자,40 - 49세,경기도,기타,카셰어링,부당행위
2023042151,2023-08-16,남자,80세이상,경상남도,일반판매,신문,계약해제.해지/위약금
2023042152,2023-08-16,여자,50 - 59세,제주도,일반판매,건강(암·기타질병)보험,부당행위
2023042153,2023-08-16,남자,30 - 39세,경기도,기타통신판매,택배화물운송서비스,계약해제.해지/위약금
2023042154,2023-08-16,남자,50 - 59세,서울특별시,일반판매,화장실설비,AS불만
2023042155,2023-08-16,여자,40 - 49세,서울특별시,국내온라인거래,인터넷교육서비스,계약해제.해지/위약금
2023042156,2023-08-16,남자,30 - 39세,서울특별시,일반판매,택배화물운송서비스,계약불이행(불완전이행)
2023042157,2023-08-16,여자,30 - 39세,경기도,국내온라인거래,소파,품질(물품/용역)
2023042158,2023-08-16,남자,30 - 39세,서울특별시,일반판매,예식서비스,계약해제.해지/위약금
2023042159,2023-08-16,여자,40 - 49세,서울특별시,전화권유판매,기타매체광고,계약해제.해지/위약금
2023042160,2023-08-16,여자,40 - 49세,울산광역시,일반판매,옷장,품질(물품/용역)
2023042161,2023-08-16,남자,20 - 29세,경기도,일반판매,소파,계약해제.해지/위약금
2023042162,2023-08-16,여자,65 - 69세,경상북도,소셜커머스(쇼핑),전기밥솥,AS불만
2023042163,2023-08-16,여자,20 - 29세,강원특별자치도,일반판매,사진촬영,계약해제.해지/위약금
2023042164,2023-08-16,여자,60 - 64세,서울특별시,일반판매,미용서비스,품질(물품/용역)
2023042165,2023-08-16,여자,40 - 49세,광주광역시,국내온라인거래,레저시설이용,청약철회
2023042166,2023-08-16,남자,50 - 59세,서울특별시,국제온라인거래,항공여객운송서비스,계약해제.해지/위약금
2023042167,2023-08-16,여자,30 - 39세,경기도,일반판매,소파,계약불이행(불완전이행)
2023042168,2023-08-16,여자,30 - 39세,부산광역시,소셜커머스(쇼핑),원피스,계약해제.해지/위약금
2023042169,2023-08-16,남자,40 - 49세,울산광역시,국내온라인거래,국외여행,계약해제.해지/위약금
2023042170,2023-08-16,여자,30 - 39세,서울특별시,국내온라인거래,유아용교재,품질(물품/용역)
2023042171,2023-08-16,남자,65 - 69세,충청남도,일반판매,룸에어컨,품질(물품/용역)
2023042172,2023-08-16,여자,30 - 39세,서울특별시,일반판매,필라테스,계약해제.해지/위약금
2023042173,2023-08-16,남자,30 - 39세,서울특별시,국내온라인거래,기타숙박시설,계약해제.해지/위약금
2023042174,2023-08-16,여자,20 - 29세,경상북도,국내온라인거래,호텔,계약해제.해지/위약금
2023042175,2023-08-16,남자,40 - 49세,충청북도,기타통신판매,이온수기,품질(물품/용역)
2023042176,2023-08-16,여자,20 - 29세,서울특별시,일반판매,헬스장,계약해제.해지/위약금
2023042177,2023-08-16,남자,40 - 49세,부산광역시,국내온라인거래,조립완구,계약불이행(불완전이행)
2023042178,2023-08-16,여자,30 - 39세,경기도,국내온라인거래,기타시계류,계약불이행(불완전이행)
2023042179,2023-08-16,여자,40 - 49세,강원특별자치도,소셜커머스(쇼핑),식기세척기,AS불만
2023042180,2023-08-16,남자,20 - 29세,경기도,모바일거래,펜션,청약철회
2023042181,2023-08-16,여자,10 - 19세,충청남도,국내온라인거래,각종공연관람,청약철회
2023042182,2023-08-16,남자,50 - 59세,경기도,일반판매,제초기,품질(물품/용역)
2023042183,2023-08-16,여자,40 - 49세,경기도,전화권유판매,인터넷교육서비스,계약해제.해지/위약금
2023042184,2023-08-16,남자,40 - 49세,경기도,전화권유판매,정수기대여(렌트),계약불이행(불완전이행)
2023042185,2023-08-16,여자,30 - 39세,대전광역시,일반판매,필라테스,계약해제.해지/위약금
2023042186,2023-08-16,남자,30 - 39세,서울특별시,방문판매,헬스장,계약해제.해지/위약금
2023042187,2023-08-16,여자,20 - 29세,서울특별시,국내온라인거래,기타완구·인형,청약철회
2023042188,2023-08-16,남자,30 - 39세,충청남도,일반판매,이동전화서비스,청약철회
2023042189,2023-08-16,남자,50 - 59세,경기도,국내온라인거래,기타숙박시설,품질(물품/용역)
2023042190,2023-08-16,남자,30 - 39세,부산광역시,소셜커머스(쇼핑),스포츠시설이용,계약불이행(불완전이행)
2023042191,2023-08-16,여자,20 - 29세,서울특별시,일반판매,골프회원권,청약철회
2023042192,2023-08-16,남자,30 - 39세,서울특별시,일반판매,헬스장,계약해제.해지/위약금
2023042193,2023-08-16,여자,20 - 29세,서울특별시,일반판매,이동전화서비스,계약불이행(불완전이행)
2023042194,2023-08-16,여자,30 - 39세,충청남도,국내온라인거래,기타숙박시설,부당행위
2023042195,2023-08-16,남자,20 - 29세,서울특별시,방문판매,헬스장,계약해제.해지/위약금
2023042196,2023-08-16,남자,40 - 49세,부산광역시,국내온라인거래,기타숙박시설,청약철회
2023042197,2023-08-16,여자,50 - 59세,서울특별시,일반판매,가스에어컨,계약불이행(불완전이행)
2023042198,2023-08-16,남자,40 - 49세,경기도,일반판매,룸에어컨,품질(물품/용역)
2023042199,2023-08-16,여자,20 - 29세,경기도,국내온라인거래,소파,품질(물품/용역)
2023042200,2023-08-16,남자,30 - 39세,서울특별시,방문판매,결혼준비대행서비스,계약해제.해지/위약금
2023042201,2023-08-16,여자,40 - 49세,충청남도,국내온라인거래,원피스,청약철회
2023042202,2023-08-16,남자,30 - 39세,서울특별시,일반판매,기타사설강습서비스,계약해제.해지/위약금
2023042203,2023-08-16,여자,30 - 39세,경기도,국내온라인거래,운동화,청약철회
2023042204,2023-08-16,여자,40 - 49세,인천광역시,기타,유통시설이용,안전(제품/시설)
2023042205,2023-08-16,남자,50 - 59세,서울특별시,국제온라인거래,항공여객운송서비스,계약해제.해지/위약금
2023042206,2023-08-16,남자,65 - 69세,부산광역시,일반판매,룸에어컨,품질(물품/용역)
2023042207,2023-08-16,여자,20 - 29세,서울특별시,일반판매,헬스장,계약해제.해지/위약금
2023042208,2023-08-16,여자,40 - 49세,경기도,일반판매,필라테스,계약해제.해지/위약금
2023042209,2023-08-16,여자,30 - 39세,서울특별시,국내온라인거래,여자용내의류,청약철회
2023042210,2023-08-16,남자,30 - 39세,인천광역시,일반판매,헬스장,계약해제.해지/위약금
2023042211,2023-08-16,남자,50 - 59세,인천광역시,국제온라인거래,항공여객운송서비스,계약불이행(불완전이행)
2023042212,2023-08-16,남자,50 - 59세,경기도,국내온라인거래,기타숙박시설,계약해제.해지/위약금
2023042213,2023-08-16,남자,60 - 64세,전라북도,일반판매,포장이사운송서비스,계약불이행(불완전이행)
2023042214,2023-08-16,남자,30 - 39세,광주광역시,국내온라인거래,기타의류·섬유,부당행위
2023042215,2023-08-16,여자,50 - 59세,서울특별시,방문판매,퍼스널컴퓨터,부당행위
2023042216,2023-08-16,남자,60 - 64세,서울특별시,소셜커머스(쇼핑),침대,품질(물품/용역)
2023042217,2023-08-16,여자,30 - 39세,전라북도,기타,건물청소서비스,품질(물품/용역)
2023042218,2023-08-16,여자,40 - 49세,경기도,일반판매,요가,계약해제.해지/위약금
2023042219,2023-08-16,남자,40 - 49세,인천광역시,국내온라인거래,메인보드,청약철회
2023042220,2023-08-16,여자,40 - 49세,경기도,국내온라인거래,캐주얼바지,청약철회
2023042221,2023-08-16,남자,30 - 39세,서울특별시,일반판매,헬스장,계약해제.해지/위약금
2023042222,2023-08-16,남자,30 - 39세,경기도,방문판매,결혼준비대행서비스,계약해제.해지/위약금
2023042223,2023-08-16,여자,60 - 64세,부산광역시,국내온라인거래,항공여객운송서비스,부당행위
2023042224,2023-08-16,여자,50 - 59세,충청남도,일반판매,건강(암·기타질병)보험,계약불이행(불완전이행)
2023042225,2023-08-16,여자,30 - 39세,전라남도,국내온라인거래,기타신발·용품,품질(물품/용역)
2023042226,2023-08-16,여자,30 - 39세,경상북도,방문판매,학습지,계약해제.해지/위약금
2023042227,2023-08-16,남자,40 - 49세,서울특별시,국내온라인거래,헤드폰·이어폰,안전(제품/시설)
2023042228,2023-08-16,남자,50 - 59세,경기도,일반판매,호텔,계약해제.해지/위약금
2023042229,2023-08-16,여자,20 - 29세,서울특별시,국내온라인거래,모형완구,청약철회
2023042230,2023-08-16,남자,30 - 39세,경상남도,국내온라인거래,게,계약불이행(불완전이행)
2023042231,2023-08-16,여자,20 - 29세,경상남도,국내온라인거래,티셔츠,청약철회
2023042232,2023-08-16,남자,30 - 39세,서울특별시,국내온라인거래,헤드폰·이어폰,AS불만
2023042233,2023-08-16,여자,40 - 49세,서울특별시,국내온라인거래,국외여행,계약해제.해지/위약금
2023042234,2023-08-16,남자,60 - 64세,대구광역시,기타,정수기대여(렌트),AS불만
2023042235,2023-08-16,여자,50 - 59세,경기도,국내온라인거래,국외여행,계약해제.해지/위약금
2023042236,2023-08-16,남자,30 - 39세,경기도,일반판매,산후조리원,계약불이행(불완전이행)
2023042237,2023-08-16,여자,30 - 39세,서울특별시,국내온라인거래,기타숙박시설,계약해제.해지/위약금
2023042238,2023-08-16,남자,30 - 39세,서울특별시,소셜커머스(쇼핑),기타가사용품,품질(물품/용역)
2023042239,2023-08-16,여자,20 - 29세,서울특별시,국내온라인거래,외식,가격.요금
2023042240,2023-08-16,남자,30 - 39세,서울특별시,일반판매,택시여객운송서비스,계약해제.해지/위약금
2023042241,2023-08-16,남자,50 - 59세,세종특별자치시,기타,아파트,계약불이행(불완전이행)
2023042242,2023-08-16,여자,60 - 64세,인천광역시,기타,포장이사운송서비스,계약불이행(불완전이행)
2023042243,2023-08-16,여자,30 - 39세,대구광역시,일반판매,헬스장,계약불이행(불완전이행)
2023042244,2023-08-16,남자,30 - 39세,대구광역시,기타,헬스장,계약해제.해지/위약금
2023042245,2023-08-16,남자,20 - 29세,경기도,일반판매,필라테스,계약해제.해지/위약금
2023042246,2023-08-16,여자,30 - 39세,서울특별시,일반판매,이동전화서비스,부당행위
2023042247,2023-08-16,남자,30 - 39세,서울특별시,일반판매,헬스장,계약해제.해지/위약금
2023042248,2023-08-16,여자,30 - 39세,대구광역시,국내온라인거래,보리,품질(물품/용역)
2023042249,2023-08-16,여자,20 - 29세,경기도,일반판매,고시원이용,계약해제.해지/위약금
2023042250,2023-08-16,여자,40 - 49세,경기도,국내온라인거래,선박화물운송서비스,계약해제.해지/위약금
2023042251,2023-08-16,여자,30 - 39세,서울특별시,국내온라인거래,원피스,청약철회
2023042252,2023-08-16,여자,30 - 39세,강원특별자치도,국내온라인거래,원피스,청약철회
2023042253,2023-08-16,남자,40 - 49세,서울특별시,국내온라인거래,인터넷게임서비스,부당행위
2023042254,2023-08-17,여자,40 - 49세,서울특별시,일반판매,택배화물운송서비스,계약불이행(불완전이행)
2023042255,2023-08-17,여자,40 - 49세,경기도,일반판매,전기자동차,계약불이행(불완전이행)
2023042256,2023-08-17,남자,30 - 39세,경기도,기타통신판매,기타컴퓨터·주변기기,품질(물품/용역)
2023042257,2023-08-17,여자,40 - 49세,서울특별시,국내온라인거래,초고속인터넷,계약해제.해지/위약금
2023042258,2023-08-17,여자,40 - 49세,경기도,국내온라인거래,선탠·선스크린화장품,품질(물품/용역)
2023042259,2023-08-17,남자,20 - 29세,경상북도,전화권유판매,유사투자자문,계약해제.해지/위약금
2023042260,2023-08-17,남자,30 - 39세,경기도,국내온라인거래,면도기,청약철회
2023042261,2023-08-17,남자,30 - 39세,서울특별시,일반판매,헬스장,계약해제.해지/위약금
2023042262,2023-08-17,여자,60 - 64세,경상남도,일반판매,필라테스,청약철회
2023042263,2023-08-17,여자,30 - 39세,경기도,국내온라인거래,니트(스웨터),표시.광고
2023042264,2023-08-17,남자,70 - 79세,경기도,일반판매,기타농업용기계,표시.광고
2023042265,2023-08-17,남자,20 - 29세,경기도,모바일거래,기타숙박시설,계약해제.해지/위약금
2023042266,2023-08-17,남자,40 - 49세,인천광역시,일반판매,중형승용자동차,AS불만
2023042268,2023-08-17,여자,30 - 39세,울산광역시,일반판매,포장이사운송서비스,계약불이행(불완전이행)
2023042269,2023-08-17,남자,30 - 39세,서울특별시,소셜커머스(쇼핑),자동차대여(렌트),계약해제.해지/위약금
2023042270,2023-08-17,여자,20 - 29세,서울특별시,모바일거래,외식,계약불이행(불완전이행)
2023042271,2023-08-17,여자,40 - 49세,울산광역시,일반판매,건강(암·기타질병)보험,약관
2023042272,2023-08-17,여자,50 - 59세,경기도,일반판매,점퍼·재킷류,품질(물품/용역)
2023042273,2023-08-17,남자,60 - 64세,인천광역시,일반판매,소형화물자동차,품질(물품/용역)
2023042274,2023-08-17,여자,60 - 64세,서울특별시,일반판매,이동전화서비스,계약불이행(불완전이행)
2023042275,2023-08-17,여자,30 - 39세,경기도,일반판매,기타가방,가격.요금
2023042276,2023-08-17,여자,50 - 59세,경기도,소셜커머스(쇼핑),룸에어컨,품질(물품/용역)
2023042277,2023-08-17,여자,40 - 49세,경기도,국내온라인거래,원피스,품질(물품/용역)
2023042278,2023-08-17,남자,30 - 39세,충청북도,일반판매,기타숙박시설,계약해제.해지/위약금
2023042279,2023-08-17,여자,30 - 39세,전라북도,일반판매,건강(암·기타질병)보험,계약불이행(불완전이행)
2023042280,2023-08-17,남자,20 - 29세,경기도,모바일거래,인터넷정보이용서비스,거래관행
2023042281,2023-08-17,남자,30 - 39세,경기도,국내온라인거래,보석·귀금속,계약불이행(불완전이행)
2023042282,2023-08-17,남자,40 - 49세,경기도,국내온라인거래,기타숙박시설,계약불이행(불완전이행)
2023042283,2023-08-17,여자,40 - 49세,광주광역시,모바일거래,여자용내의류,계약불이행(불완전이행)
2023042284,2023-08-17,남자,40 - 49세,경기도,국내온라인거래,스마트폰,품질(물품/용역)
2023042285,2023-08-17,여자,20 - 29세,경기도,전화권유판매,인터넷교육서비스,계약해제.해지/위약금
2023042287,2023-08-17,여자,40 - 49세,부산광역시,일반판매,스프링매트리스,품질(물품/용역)
2023042289,2023-08-17,남자,20 - 29세,광주광역시,국내온라인거래,기타문화·오락시설이용,계약해제.해지/위약금
2023042290,2023-08-17,여자,65 - 69세,경상북도,방문판매,앞치마,계약불이행(불완전이행)
2023042291,2023-08-17,여자,30 - 39세,충청북도,일반판매,건강(암·기타질병)보험,약관
2023042292,2023-08-17,남자,50 - 59세,대구광역시,일반판매,유사투자자문,계약해제.해지/위약금
2023042293,2023-08-17,여자,30 - 39세,경상남도,일반판매,전기자전거,AS불만
2023042294,2023-08-17,남자,70 - 79세,경기도,일반판매,콘도회원권,계약불이행(불완전이행)
2023042295,2023-08-17,여자,30 - 39세,경기도,국내온라인거래,초음파방충기,표시.광고
2023042296,2023-08-17,남자,60 - 64세,인천광역시,기타,정형외과,품질(물품/용역)
2023042297,2023-08-17,남자,65 - 69세,대전광역시,일반판매,유사투자자문,계약해제.해지/위약금
2023042298,2023-08-17,여자,20 - 29세,인천광역시,방문판매,헬스장,계약해제.해지/위약금
2023042299,2023-08-17,여자,50 - 59세,서울특별시,일반판매,성형외과,계약해제.해지/위약금
2023042300,2023-08-17,남자,30 - 39세,인천광역시,일반판매,예식서비스,청약철회
2023042301,2023-08-17,여자,20 - 29세,충청북도,일반판매,기타숙박시설,계약해제.해지/위약금
2023042302,2023-08-17,여자,60 - 64세,경기도,TV홈쇼핑,냉장고,품질(물품/용역)
2023042303,2023-08-17,여자,40 - 49세,인천광역시,일반판매,스마트폰,품질(물품/용역)
2023042304,2023-08-17,남자,30 - 39세,경기도,국내온라인거래,양복(서양식 의복)세탁,품질(물품/용역)
2023042305,2023-08-17,여자,30 - 39세,서울특별시,기타통신판매,인터넷정보이용서비스,계약해제.해지/위약금
2023042306,2023-08-17,여자,65 - 69세,전라북도,방문판매,건강(암·기타질병)보험,약관
2023042307,2023-08-17,여자,20 - 29세,서울특별시,일반판매,한의원,계약해제.해지/위약금
2023042308,2023-08-17,여자,30 - 39세,서울특별시,일반판매,성형외과,품질(물품/용역)
2023042310,2023-08-17,남자,40 - 49세,서울특별시,국내온라인거래,전기자전거,품질(물품/용역)
2023042311,2023-08-17,남자,40 - 49세,부산광역시,일반판매,중형승용자동차,계약불이행(불완전이행)
2023042312,2023-08-17,남자,50 - 59세,경기도,일반판매,일반강습(입시학원등),계약불이행(불완전이행)
2023042313,2023-08-17,여자,50 - 59세,광주광역시,일반판매,건강(암·기타질병)보험,약관
2023042314,2023-08-17,남자,50 - 59세,부산광역시,일반판매,실손보험,약관
2023042315,2023-08-17,여자,20 - 29세,인천광역시,국내온라인거래,양복(서양식 의복)세탁,품질(물품/용역)
2023042316,2023-08-17,남자,50 - 59세,대구광역시,기타통신판매,유사투자자문,계약해제.해지/위약금
2023042317,2023-08-17,여자,30 - 39세,경기도,국내온라인거래,스마트폰,품질(물품/용역)
2023042319,2023-08-17,여자,65 - 69세,인천광역시,방문판매,종신보험,부당행위
2023042320,2023-08-17,여자,20 - 29세,경기도,국내온라인거래,통신기기케이스,품질(물품/용역)
2023042321,2023-08-17,여자,20 - 29세,울산광역시,일반판매,샌들·슬리퍼,품질(물품/용역)
2023042322,2023-08-17,여자,20 - 29세,경상북도,일반판매,기타여행,계약해제.해지/위약금
2023042323,2023-08-17,남자,70 - 79세,경기도,일반판매,안마의자,AS불만
2023042324,2023-08-17,여자,60 - 64세,경기도,일반판매,숙녀화(구두·부츠 등),품질(물품/용역)
2023042325,2023-08-17,남자,10 - 19세,부산광역시,모바일거래,모바일게임서비스,무능력자계약
2023042326,2023-08-17,여자,50 - 59세,부산광역시,국내온라인거래,기타문화용품,품질(물품/용역)
2023042327,2023-08-17,남자,40 - 49세,서울특별시,일반판매,지갑,품질(물품/용역)
2023042328,2023-08-17,여자,30 - 39세,경기도,국내온라인거래,호텔,계약해제.해지/위약금
2023042329,2023-08-17,여자,30 - 39세,울산광역시,국내온라인거래,캐주얼바지,청약철회
2023042330,2023-08-17,남자,50 - 59세,서울특별시,일반판매,기타과일·과일가공식품,품질(물품/용역)
2023042331,2023-08-17,여자,60 - 64세,부산광역시,기타,기타건강식품,품질(물품/용역)
2023042332,2023-08-17,여자,20 - 29세,경기도,국내온라인거래,항공여객운송서비스,계약불이행(불완전이행)
2023042333,2023-08-17,여자,20 - 29세,경기도,일반판매,기타주방설비,가격.요금
2023042334,2023-08-17,여자,40 - 49세,경기도,국내온라인거래,호텔,계약해제.해지/위약금
2023042335,2023-08-17,남자,50 - 59세,서울특별시,국내온라인거래,참외,품질(물품/용역)
2023042336,2023-08-17,여자,50 - 59세,서울특별시,국내온라인거래,샌들·슬리퍼,품질(물품/용역)
2023042337,2023-08-17,여자,30 - 39세,경기도,모바일거래,기타가사용품,표시.광고
2023042339,2023-08-17,여자,30 - 39세,서울특별시,일반판매,피부·체형관리서비스,계약해제.해지/위약금
2023042340,2023-08-17,남자,30 - 39세,경기도,일반판매,신발세탁,품질(물품/용역)
2023042341,2023-08-17,남자,50 - 59세,서울특별시,일반판매,스프링매트리스,품질(물품/용역)
2023042342,2023-08-17,남자,30 - 39세,인천광역시,기타통신판매,스마트폰,AS불만
2023042343,2023-08-17,여자,20 - 29세,경상북도,국내온라인거래,호텔,청약철회
2023042344,2023-08-17,여자,30 - 39세,서울특별시,일반판매,헬스장,계약해제.해지/위약금
2023042345,2023-08-17,남자,60 - 64세,경상북도,일반판매,자동차대여(렌트),계약불이행(불완전이행)
2023042346,2023-08-17,남자,70 - 79세,경기도,국내온라인거래,운동화,계약불이행(불완전이행)
2023042347,2023-08-17,남자,40 - 49세,전라남도,일반판매,운동화,품질(물품/용역)
2023042349,2023-08-17,여자,40 - 49세,서울특별시,국제온라인거래,호텔,청약철회
2023042350,2023-08-17,여자,40 - 49세,전라남도,기타통신판매,다이어트식품,청약철회
2023042351,2023-08-17,여자,50 - 59세,충청북도,일반판매,샌들·슬리퍼,품질(물품/용역)
2023042352,2023-08-17,남자,50 - 59세,서울특별시,모바일거래,인터넷정보이용서비스,계약불이행(불완전이행)
2023042353,2023-08-17,여자,50 - 59세,경기도,일반판매,지갑,품질(물품/용역)
2023042354,2023-08-17,여자,50 - 59세,서울특별시,TV홈쇼핑,국외여행,계약불이행(불완전이행)
2023042355,2023-08-17,여자,50 - 59세,경기도,일반판매,핸드백,품질(물품/용역)
2023042356,2023-08-17,여자,60 - 64세,경상북도,일반판매,정수기대여(렌트),품질(물품/용역)
2023042357,2023-08-17,남자,40 - 49세,경기도,국내온라인거래,기타가사장비품,청약철회
2023042358,2023-08-17,남자,70 - 79세,서울특별시,국제온라인거래,항공여객운송서비스,계약해제.해지/위약금
2023042360,2023-08-17,남자,40 - 49세,서울특별시,국내온라인거래,호텔,표시.광고
2023042361,2023-08-17,남자,50 - 59세,서울특별시,기타통신판매,국외여행,계약해제.해지/위약금
2023042362,2023-08-17,남자,30 - 39세,광주광역시,일반판매,중형승용자동차,계약불이행(불완전이행)
2023042363,2023-08-17,여자,30 - 39세,경기도,일반판매,신발세탁,계약불이행(불완전이행)
2023042364,2023-08-17,여자,50 - 59세,부산광역시,일반판매,핸드백,품질(물품/용역)
2023042365,2023-08-17,남자,50 - 59세,대전광역시,일반판매,정수기,품질(물품/용역)
2023042366,2023-08-17,남자,50 - 59세,경기도,일반판매,양복(서양식 의복)세탁,품질(물품/용역)
2023042367,2023-08-17,여자,불명,대구광역시,일반판매,티셔츠,품질(물품/용역)
2023042368,2023-08-17,남자,40 - 49세,경기도,TV홈쇼핑,쌀통,품질(물품/용역)
2023042369,2023-08-17,여자,불명,경기도,일반판매,캐주얼바지,품질(물품/용역)
2023042370,2023-08-17,여자,30 - 39세,부산광역시,일반판매,핸드백,품질(물품/용역)
2023042371,2023-08-17,여자,불명,경기도,일반판매,신사복세트,품질(물품/용역)
2023042372,2023-08-17,여자,20 - 29세,서울특별시,일반판매,헬스장,계약해제.해지/위약금
2023042373,2023-08-17,남자,20 - 29세,부산광역시,일반판매,일반강습(입시학원등),계약해제.해지/위약금
2023042374,2023-08-17,여자,30 - 39세,경상남도,국내온라인거래,기타내의류,청약철회
2023042375,2023-08-17,남자,40 - 49세,부산광역시,국내온라인거래,항공여객운송서비스,품질(물품/용역)
2023042376,2023-08-17,여자,50 - 59세,인천광역시,국내온라인거래,기타숙박시설,계약해제.해지/위약금
2023042377,2023-08-17,여자,20 - 29세,인천광역시,기타,철도여객운송서비스,안전(제품/시설)
2023042378,2023-08-17,여자,20 - 29세,대전광역시,일반판매,헬스장,계약불이행(불완전이행)
2023042379,2023-08-17,남자,60 - 64세,부산광역시,국내온라인거래,국외여행,계약불이행(불완전이행)
2023042380,2023-08-17,남자,30 - 39세,경기도,국내온라인거래,기타주방설비,품질(물품/용역)
2023042381,2023-08-17,남자,30 - 39세,전라북도,국내온라인거래,모바일정보이용서비스,계약해제.해지/위약금
2023042382,2023-08-17,여자,30 - 39세,서울특별시,국내온라인거래,기타음료,청약철회
2023042383,2023-08-17,남자,20 - 29세,서울특별시,국내온라인거래,닭고기포장육,계약불이행(불완전이행)
2023042384,2023-08-17,남자,40 - 49세,부산광역시,기타,스마트폰,AS불만
2023042385,2023-08-17,여자,30 - 39세,경기도,일반판매,헬스장,계약해제.해지/위약금
2023042386,2023-08-17,여자,20 - 29세,광주광역시,국내온라인거래,각종공연관람,계약해제.해지/위약금
2023042387,2023-08-17,남자,30 - 39세,경기도,기타,포장이사운송서비스,계약불이행(불완전이행)
2023042388,2023-08-17,남자,10 - 19세,경기도,국내온라인거래,시계,계약불이행(불완전이행)
2023042389,2023-08-17,여자,40 - 49세,강원특별자치도,일반판매,기타인테리어설비,AS불만
2023042390,2023-08-17,여자,60 - 64세,경기도,일반판매,보석·귀금속,청약철회
2023042391,2023-08-17,여자,40 - 49세,경기도,일반판매,식탁,계약불이행(불완전이행)
2023042392,2023-08-17,여자,40 - 49세,서울특별시,기타,피부·체형관리서비스,계약해제.해지/위약금
2023042393,2023-08-17,여자,40 - 49세,인천광역시,국내온라인거래,국외여행,계약불이행(불완전이행)
2023042394,2023-08-17,남자,50 - 59세,서울특별시,국내온라인거래,이동전화서비스,계약불이행(불완전이행)
2023042395,2023-08-17,여자,40 - 49세,경기도,일반판매,기타인테리어설비,품질(물품/용역)
2023042396,2023-08-17,남자,불명,경기도,국제온라인거래,호텔,계약해제.해지/위약금
2023042397,2023-08-17,남자,30 - 39세,서울특별시,일반판매,국내결혼중개,계약해제.해지/위약금
2023042398,2023-08-17,여자,40 - 49세,서울특별시,국내온라인거래,기타미분류서비스,계약해제.해지/위약금
2023042399,2023-08-17,남자,30 - 39세,경기도,국내온라인거래,침대,계약해제.해지/위약금
2023042400,2023-08-17,남자,40 - 49세,강원특별자치도,국내온라인거래,셔츠,계약불이행(불완전이행)
2023042401,2023-08-17,여자,50 - 59세,세종특별자치시,방문판매,다이어트식품,계약해제.해지/위약금
2023042402,2023-08-17,여자,30 - 39세,서울특별시,방문판매,다이어트식품,청약철회
2023042403,2023-08-17,남자,40 - 49세,경기도,국내온라인거래,퍼스널컴퓨터,품질(물품/용역)
2023042404,2023-08-17,여자,30 - 39세,경기도,국내온라인거래,기타숙박시설,계약해제.해지/위약금
2023042405,2023-08-17,여자,30 - 39세,서울특별시,일반판매,헬스장,계약해제.해지/위약금
2023042406,2023-08-17,남자,40 - 49세,서울특별시,일반판매,기타인테리어설비,품질(물품/용역)
2023042407,2023-08-17,여자,30 - 39세,서울특별시,국내온라인거래,국외여행,청약철회
2023042408,2023-08-17,여자,30 - 39세,강원특별자치도,일반판매,항공여객운송서비스,계약불이행(불완전이행)
2023042409,2023-08-17,여자,30 - 39세,서울특별시,국내온라인거래,캐주얼바지,청약철회
2023042410,2023-08-17,여자,50 - 59세,서울특별시,국내온라인거래,화장실설비,AS불만
2023042411,2023-08-17,여자,20 - 29세,서울특별시,일반판매,기타미분류서비스,계약불이행(불완전이행)
2023042412,2023-08-17,남자,20 - 29세,인천광역시,국내온라인거래,노트북컴퓨터,청약철회
2023042413,2023-08-17,여자,50 - 59세,서울특별시,기타,기타인테리어설비,품질(물품/용역)
2023042414,2023-08-17,여자,20 - 29세,인천광역시,일반판매,헬스장,계약해제.해지/위약금
2023042415,2023-08-17,여자,20 - 29세,경기도,일반판매,헬스장,계약해제.해지/위약금
2023042416,2023-08-17,남자,30 - 39세,대구광역시,일반판매,외식,계약해제.해지/위약금
2023042417,2023-08-17,여자,65 - 69세,서울특별시,국제온라인거래,숙녀복세트,청약철회
2023042418,2023-08-17,여자,40 - 49세,경상남도,소셜커머스(쇼핑),초음파방충기,계약불이행(불완전이행)
2023042419,2023-08-17,여자,20 - 29세,전라북도,일반판매,정수기대여(렌트),가격.요금
2023042420,2023-08-17,여자,20 - 29세,부산광역시,일반판매,독서실이용,계약해제.해지/위약금
2023042421,2023-08-17,남자,30 - 39세,경기도,전화권유판매,기타미분류서비스,계약해제.해지/위약금
2023042422,2023-08-17,여자,30 - 39세,경기도,일반판매,양복(서양식 의복)세탁,품질(물품/용역)
2023042423,2023-08-17,남자,40 - 49세,경기도,일반판매,전기압력밥솥,품질(물품/용역)
2023042424,2023-08-17,여자,30 - 39세,경기도,일반판매,기타사설강습서비스,청약철회
2023042425,2023-08-17,여자,30 - 39세,전라남도,소셜커머스(쇼핑),화장품세트,품질(물품/용역)
2023042426,2023-08-17,남자,50 - 59세,경상남도,모바일거래,스마트폰,계약불이행(불완전이행)
2023042427,2023-08-17,남자,30 - 39세,세종특별자치시,국내온라인거래,점퍼·재킷류,품질(물품/용역)
2023042428,2023-08-17,남자,50 - 59세,경기도,국내온라인거래,일반강습(입시학원등),계약해제.해지/위약금
2023042429,2023-08-17,남자,65 - 69세,경기도,국내온라인거래,메인보드,품질(물품/용역)
2023042430,2023-08-17,남자,30 - 39세,경기도,모바일거래,기타가사서비스,계약불이행(불완전이행)
2023042431,2023-08-17,남자,30 - 39세,인천광역시,방문판매,헬스장,계약해제.해지/위약금
2023042432,2023-08-17,여자,40 - 49세,인천광역시,방문판매,헬스장,계약해제.해지/위약금
2023042433,2023-08-17,여자,40 - 49세,충청북도,국내온라인거래,전기진공청소기,AS불만
2023042434,2023-08-17,남자,30 - 39세,충청북도,노상판매,학습지,계약해제.해지/위약금
2023042435,2023-08-17,남자,40 - 49세,경상남도,국내온라인거래,기타시계류,계약해제.해지/위약금
2023042436,2023-08-17,남자,40 - 49세,경기도,일반판매,외식,품질(물품/용역)
2023042437,2023-08-17,여자,20 - 29세,서울특별시,모바일거래,버스여객운송서비스,계약불이행(불완전이행)
2023042438,2023-08-17,남자,40 - 49세,경기도,일반판매,기타공조·냉난방기기,품질(물품/용역)
2023042439,2023-08-17,남자,30 - 39세,서울특별시,일반판매,헬스장,계약해제.해지/위약금
2023042440,2023-08-17,남자,40 - 49세,서울특별시,일반판매,기타공조·냉난방기기,계약해제.해지/위약금
2023042441,2023-08-17,남자,30 - 39세,서울특별시,국내온라인거래,메모리폼,계약해제.해지/위약금
2023042442,2023-08-17,여자,40 - 49세,인천광역시,일반판매,포장이사운송서비스,계약해제.해지/위약금
2023042443,2023-08-17,남자,40 - 49세,경상남도,모바일거래,전기면도기,품질(물품/용역)
2023042444,2023-08-17,남자,40 - 49세,경기도,국내온라인거래,형광등,안전(제품/시설)
2023042445,2023-08-17,남자,40 - 49세,인천광역시,국내온라인거래,싱크대,품질(물품/용역)
2023042446,2023-08-17,남자,40 - 49세,인천광역시,일반판매,기타이·미용서비스,계약해제.해지/위약금
2023042447,2023-08-17,여자,20 - 29세,서울특별시,일반판매,헬스장,계약해제.해지/위약금
2023042448,2023-08-17,여자,30 - 39세,서울특별시,일반판매,레저시설이용,표시.광고
2023042449,2023-08-17,여자,30 - 39세,서울특별시,국제온라인거래,항공여객운송서비스,계약불이행(불완전이행)
2023042450,2023-08-17,여자,30 - 39세,경기도,기타,요가,계약해제.해지/위약금
2023042451,2023-08-17,남자,40 - 49세,서울특별시,일반판매,기타이동통신,품질(물품/용역)
2023042452,2023-08-17,남자,20 - 29세,경기도,일반판매,헬스장,계약해제.해지/위약금
2023042454,2023-08-17,여자,20 - 29세,서울특별시,일반판매,피부·체형관리서비스,계약해제.해지/위약금
2023042455,2023-08-17,남자,30 - 39세,경상북도,국내온라인거래,기타숙박시설,품질(물품/용역)
2023042456,2023-08-17,여자,20 - 29세,경기도,기타,신용카드,부당행위
2023042457,2023-08-17,남자,20 - 29세,광주광역시,일반판매,스포츠시설이용,계약해제.해지/위약금
2023042458,2023-08-17,여자,20 - 29세,서울특별시,소셜커머스(쇼핑),점퍼·재킷류,품질(물품/용역)
2023042459,2023-08-17,남자,20 - 29세,광주광역시,소셜커머스(쇼핑),모바일정보이용서비스,부당행위
2023042460,2023-08-17,여자,50 - 59세,서울특별시,소셜커머스(쇼핑),운동화,청약철회
2023042461,2023-08-17,남자,40 - 49세,서울특별시,모바일거래,모바일게임서비스,표시.광고
2023042462,2023-08-17,남자,30 - 39세,전라북도,일반판매,항공여객운송서비스,부당행위
2023042463,2023-08-17,여자,30 - 39세,서울특별시,국내온라인거래,레저시설이용,계약해제.해지/위약금
2023042464,2023-08-18,여자,30 - 39세,경기도,국내온라인거래,의자,청약철회
2023042465,2023-08-18,여자,30 - 39세,경기도,일반판매,포장이사운송서비스,거래관행
2023042466,2023-08-18,여자,65 - 69세,서울특별시,일반판매,룸에어컨,계약불이행(불완전이행)
2023042467,2023-08-18,여자,40 - 49세,서울특별시,국내온라인거래,자동차대여(렌트),계약해제.해지/위약금
2023042468,2023-08-18,남자,40 - 49세,광주광역시,일반판매,기타식품류,부당행위
2023042469,2023-08-18,여자,40 - 49세,경기도,기타통신판매,포장이사운송서비스,계약불이행(불완전이행)
2023042470,2023-08-18,남자,40 - 49세,경기도,일반판매,레인지후드,품질(물품/용역)
2023042471,2023-08-18,남자,30 - 39세,서울특별시,국내온라인거래,자동차주차장,계약불이행(불완전이행)
2023042472,2023-08-18,남자,50 - 59세,부산광역시,전화권유판매,유사투자자문,계약해제.해지/위약금
2023042473,2023-08-18,여자,40 - 49세,경상남도,국내온라인거래,펜션,계약해제.해지/위약금
2023042474,2023-08-18,여자,30 - 39세,서울특별시,일반판매,시계,AS불만
2023042475,2023-08-18,남자,40 - 49세,서울특별시,일반판매,내과,계약해제.해지/위약금
2023042476,2023-08-18,여자,20 - 29세,서울특별시,일반판매,무선인터넷,품질(물품/용역)
2023042477,2023-08-18,남자,30 - 39세,전라북도,방문판매,실손보험,계약불이행(불완전이행)
2023042478,2023-08-18,남자,40 - 49세,경기도,소셜커머스(쇼핑),선풍기,품질(물품/용역)
2023042479,2023-08-18,남자,65 - 69세,울산광역시,전화권유판매,유사투자자문,계약해제.해지/위약금
2023042480,2023-08-18,남자,65 - 69세,서울특별시,기타통신판매,국외여행,계약해제.해지/위약금
2023042481,2023-08-18,남자,70 - 79세,부산광역시,기타,이동전화서비스,가격.요금
2023042482,2023-08-18,남자,40 - 49세,서울특별시,일반판매,실손보험,계약불이행(불완전이행)
2023042483,2023-08-18,여자,60 - 64세,경기도,일반판매,니트(스웨터),품질(물품/용역)
2023042484,2023-08-18,남자,20 - 29세,경기도,모바일거래,펜션,계약해제.해지/위약금
2023042485,2023-08-18,여자,40 - 49세,충청남도,일반판매,티셔츠,품질(물품/용역)
2023042486,2023-08-18,여자,40 - 49세,경기도,방문판매,인터넷교육서비스,계약해제.해지/위약금
2023042487,2023-08-18,여자,30 - 39세,울산광역시,국내온라인거래,유사투자자문,계약해제.해지/위약금
2023042488,2023-08-18,여자,20 - 29세,서울특별시,국내온라인거래,여자용내의류,청약철회
2023042489,2023-08-18,여자,30 - 39세,서울특별시,모바일거래,기타숙박시설,계약해제.해지/위약금
2023042491,2023-08-18,남자,30 - 39세,인천광역시,국내온라인거래,기타숙박시설,계약해제.해지/위약금
2023042492,2023-08-18,남자,30 - 39세,울산광역시,일반판매,양복(서양식 의복)세탁,품질(물품/용역)
2023042493,2023-08-18,여자,20 - 29세,서울특별시,일반판매,헬스장,계약해제.해지/위약금
2023042494,2023-08-18,여자,50 - 59세,서울특별시,소셜커머스(쇼핑),캐주얼바지,계약불이행(불완전이행)
2023042495,2023-08-18,여자,50 - 59세,경기도,국내온라인거래,기타가방,품질(물품/용역)
2023042497,2023-08-18,남자,30 - 39세,부산광역시,일반판매,레저시설이용,계약해제.해지/위약금
2023042498,2023-08-18,여자,40 - 49세,경기도,일반판매,티셔츠,품질(물품/용역)
2023042499,2023-08-18,남자,40 - 49세,서울특별시,국내온라인거래,상조서비스,계약해제.해지/위약금
2023042501,2023-08-18,여자,불명,경기도,국내온라인거래,초음파방충기,계약해제.해지/위약금
2023042502,2023-08-18,여자,65 - 69세,서울특별시,일반판매,국외여행,계약해제.해지/위약금
2023042503,2023-08-18,여자,불명,서울특별시,일반판매,티셔츠,품질(물품/용역)
2023042504,2023-08-18,여자,50 - 59세,대전광역시,일반판매,국내결혼중개,계약해제.해지/위약금
2023042506,2023-08-18,여자,30 - 39세,대전광역시,국내온라인거래,운동화,품질(물품/용역)
2023042507,2023-08-18,남자,20 - 29세,인천광역시,일반판매,헬스장,계약해제.해지/위약금
2023042508,2023-08-18,남자,40 - 49세,부산광역시,일반판매,골프용품,품질(물품/용역)
2023042509,2023-08-18,여자,40 - 49세,경기도,국내온라인거래,스포츠웨어,청약철회
2023042510,2023-08-18,여자,50 - 59세,경기도,기타통신판매,미분류대여(렌트),AS불만
2023042511,2023-08-18,여자,20 - 29세,전라남도,국내온라인거래,펜션,계약해제.해지/위약금
2023042512,2023-08-18,여자,20 - 29세,서울특별시,국내온라인거래,호텔,계약해제.해지/위약금
2023042513,2023-08-18,여자,30 - 39세,충청남도,모바일거래,호텔,계약불이행(불완전이행)
2023042514,2023-08-18,여자,20 - 29세,서울특별시,일반판매,헬스장,계약해제.해지/위약금
2023042515,2023-08-18,남자,50 - 59세,경기도,일반판매,기타인테리어설비,품질(물품/용역)
2023042516,2023-08-18,남자,30 - 39세,인천광역시,국내온라인거래,기타숙박시설,계약해제.해지/위약금
2023042517,2023-08-18,여자,50 - 59세,충청북도,전화권유판매,모바일정보이용서비스,계약해제.해지/위약금
2023042518,2023-08-18,남자,30 - 39세,경상북도,국내온라인거래,기타자동차부품,청약철회
2023042519,2023-08-18,여자,50 - 59세,부산광역시,국내온라인거래,숙녀화(구두·부츠 등),계약불이행(불완전이행)
2023042520,2023-08-18,여자,불명,제주도,국내온라인거래,닭고기포장육,계약불이행(불완전이행)
2023042521,2023-08-18,남자,70 - 79세,서울특별시,기타,유선방송,가격.요금
2023042522,2023-08-18,남자,20 - 29세,전라북도,일반판매,오토바이,AS불만
2023042523,2023-08-18,남자,30 - 39세,강원특별자치도,일반판매,자동차수리·점검,AS불만
2023042524,2023-08-18,남자,50 - 59세,서울특별시,일반판매,샌들·슬리퍼,품질(물품/용역)
2023042525,2023-08-18,남자,40 - 49세,충청북도,기타,호텔,계약해제.해지/위약금
2023042526,2023-08-18,여자,50 - 59세,서울특별시,일반판매,양복(서양식 의복)세탁,품질(물품/용역)
2023042527,2023-08-18,남자,65 - 69세,서울특별시,국내온라인거래,스마트폰,계약불이행(불완전이행)
2023042528,2023-08-18,남자,30 - 39세,경기도,국내온라인거래,모자,품질(물품/용역)
2023042529,2023-08-18,남자,30 - 39세,서울특별시,일반판매,티셔츠,품질(물품/용역)
2023042530,2023-08-18,남자,30 - 39세,경기도,국내온라인거래,항공여객운송서비스,청약철회
2023042531,2023-08-18,남자,40 - 49세,서울특별시,일반판매,이동전화서비스,부당행위
2023042532,2023-08-18,여자,50 - 59세,경기도,일반판매,캐주얼바지,품질(물품/용역)
2023042533,2023-08-18,여자,30 - 39세,부산광역시,국내온라인거래,핸드백,품질(물품/용역)
2023042534,2023-08-18,남자,65 - 69세,경기도,TV홈쇼핑,헤드폰·이어폰,AS불만
2023042535,2023-08-18,여자,50 - 59세,서울특별시,일반판매,양복(서양식 의복)세탁,품질(물품/용역)
2023042536,2023-08-18,여자,불명,울산광역시,일반판매,핸드백,품질(물품/용역)
2023042537,2023-08-18,여자,30 - 39세,경기도,일반판매,피부과,계약해제.해지/위약금
2023042538,2023-08-18,여자,70 - 79세,서울특별시,일반판매,이동전화서비스,청약철회
2023042539,2023-08-18,남자,30 - 39세,경기도,일반판매,아파트,계약불이행(불완전이행)
2023042631,2023-08-18,남자,30 - 39세,대구광역시,국제온라인거래,인터넷게임서비스,부당행위
2023042632,2023-08-18,여자,40 - 49세,충청남도,일반판매,헬스장,계약해제.해지/위약금
2023042633,2023-08-18,여자,20 - 29세,서울특별시,방문판매,헬스장,계약해제.해지/위약금
2023042634,2023-08-18,남자,40 - 49세,경기도,일반판매,중형승용자동차,품질(물품/용역)
2023042635,2023-08-18,남자,30 - 39세,경상남도,모바일거래,기타회원권,계약해제.해지/위약금
2023042636,2023-08-18,여자,50 - 59세,강원특별자치도,국내온라인거래,이동전화서비스,약관
2023042637,2023-08-18,남자,20 - 29세,서울특별시,모바일거래,헬스장,계약해제.해지/위약금
2023042638,2023-08-18,남자,40 - 49세,서울특별시,국내온라인거래,비디오카메라,품질(물품/용역)
2023042639,2023-08-18,여자,40 - 49세,경기도,국내온라인거래,기타회원권,계약불이행(불완전이행)
2023042640,2023-08-18,여자,50 - 59세,서울특별시,일반판매,항공여객운송서비스,계약해제.해지/위약금
2023042641,2023-08-18,남자,20 - 29세,서울특별시,국내온라인거래,기타신발·용품,품질(물품/용역)
2023042642,2023-08-18,여자,40 - 49세,서울특별시,일반판매,기타주방설비,계약불이행(불완전이행)
2023042643,2023-08-18,여자,30 - 39세,제주도,방문판매,신문,계약해제.해지/위약금
2023042644,2023-08-18,여자,30 - 39세,인천광역시,일반판매,고추,품질(물품/용역)
2023042645,2023-08-18,여자,50 - 59세,서울특별시,기타,독서실이용,계약해제.해지/위약금
2023042646,2023-08-18,여자,40 - 49세,서울특별시,일반판매,국외여행,계약불이행(불완전이행)
2023042647,2023-08-18,남자,30 - 39세,서울특별시,국내온라인거래,국외여행,계약해제.해지/위약금
2023042648,2023-08-18,여자,30 - 39세,대전광역시,국내온라인거래,펜션,계약불이행(불완전이행)
2023042649,2023-08-18,남자,30 - 39세,경기도,모바일거래,벽지·바닥재,계약불이행(불완전이행)
2023042650,2023-08-18,여자,30 - 39세,경상남도,국내온라인거래,기타가구,부당행위
2023042651,2023-08-18,남자,40 - 49세,강원특별자치도,국내온라인거래,국외여행,계약해제.해지/위약금
2023042652,2023-08-18,남자,30 - 39세,서울특별시,모바일거래,기타이동통신,부당행위
2023042653,2023-08-18,남자,50 - 59세,경상남도,일반판매,이동전화서비스,계약불이행(불완전이행)
2023042654,2023-08-18,남자,60 - 64세,대전광역시,TV홈쇼핑,음식물처리기,품질(물품/용역)
2023042655,2023-08-18,여자,30 - 39세,경기도,국내온라인거래,기타숙박시설,청약철회
2023042657,2023-08-18,여자,20 - 29세,인천광역시,일반판매,헬스장,계약해제.해지/위약금
2023042658,2023-08-18,남자,40 - 49세,서울특별시,일반판매,중형승용자동차,AS불만
2023042659,2023-08-18,여자,40 - 49세,경상북도,일반판매,인터넷교육서비스,계약해제.해지/위약금
2023042660,2023-08-18,여자,30 - 39세,서울특별시,일반판매,필라테스,계약해제.해지/위약금
2023042661,2023-08-18,여자,30 - 39세,인천광역시,기타,예식서비스,계약불이행(불완전이행)
2023042662,2023-08-18,남자,30 - 39세,경기도,국내온라인거래,전자게임기구,계약불이행(불완전이행)
2023042663,2023-08-18,여자,50 - 59세,광주광역시,기타통신판매,인터넷교육서비스,청약철회
2023042664,2023-08-18,남자,30 - 39세,경기도,국내온라인거래,초음파방충기,청약철회
2023042665,2023-08-18,여자,20 - 29세,서울특별시,국제온라인거래,여자용내의류,계약불이행(불완전이행)
2023042666,2023-08-18,여자,60 - 64세,전라북도,일반판매,음식물처리기대여(렌트),AS불만
2023042667,2023-08-18,여자,30 - 39세,경기도,일반판매,헬스장,계약해제.해지/위약금
2023042668,2023-08-18,남자,50 - 59세,대전광역시,모바일거래,염색제,청약철회
2023042669,2023-08-18,여자,20 - 29세,경기도,일반판매,헬스장,계약해제.해지/위약금
2023042670,2023-08-18,남자,40 - 49세,경기도,방문판매,기타미분류서비스,품질(물품/용역)
2023042671,2023-08-18,여자,30 - 39세,서울특별시,모바일거래,신유형상품권,계약불이행(불완전이행)
2023042672,2023-08-18,남자,30 - 39세,서울특별시,국내온라인거래,의자,AS불만
2023042673,2023-08-18,남자,30 - 39세,경기도,일반판매,의상대여(렌트),청약철회
2023042674,2023-08-18,여자,65 - 69세,경상남도,국내온라인거래,항공여객운송서비스,품질(물품/용역)
2023042675,2023-08-18,여자,30 - 39세,부산광역시,일반판매,필라테스,계약해제.해지/위약금
2023042676,2023-08-18,남자,30 - 39세,경기도,일반판매,정수기대여(렌트),계약해제.해지/위약금
2023042677,2023-08-18,여자,30 - 39세,경상남도,국내온라인거래,원피스,청약철회
2023042678,2023-08-18,여자,40 - 49세,인천광역시,기타,아파트,계약불이행(불완전이행)
2023042679,2023-08-18,남자,20 - 29세,경기도,일반판매,헬스장,계약해제.해지/위약금
2023042680,2023-08-18,여자,40 - 49세,대구광역시,국내온라인거래,영화관람,부당행위
2023042681,2023-08-18,여자,30 - 39세,경기도,전화권유판매,국내결혼중개,계약해제.해지/위약금
2023042682,2023-08-18,여자,30 - 39세,인천광역시,방문판매,인터넷교육서비스,계약해제.해지/위약금
2023042683,2023-08-18,여자,40 - 49세,서울특별시,기타,흥신소,계약불이행(불완전이행)
2023042684,2023-08-18,여자,50 - 59세,부산광역시,전화권유판매,기타정보이용서비스,계약불이행(불완전이행)
2023042685,2023-08-18,남자,30 - 39세,경기도,방문판매,보석·귀금속,청약철회
2023042686,2023-08-18,여자,30 - 39세,서울특별시,일반판매,헬스장,계약해제.해지/위약금
2023042687,2023-08-18,여자,30 - 39세,경기도,국내온라인거래,원피스,품질(물품/용역)
2023042688,2023-08-18,남자,20 - 29세,인천광역시,일반판매,포장이사운송서비스,품질(물품/용역)
2023042689,2023-08-18,남자,70 - 79세,경기도,기타,택배화물운송서비스,계약불이행(불완전이행)
2023042690,2023-08-18,남자,40 - 49세,인천광역시,국내온라인거래,기타식탁용품,품질(물품/용역)
2023042691,2023-08-18,여자,30 - 39세,강원특별자치도,일반판매,기타이·미용서비스,계약해제.해지/위약금
2023042692,2023-08-18,여자,10 - 19세,경기도,일반판매,헬스장,계약해제.해지/위약금
2023042693,2023-08-18,여자,20 - 29세,경기도,기타,인터넷정보이용서비스,계약불이행(불완전이행)
2023042694,2023-08-18,여자,30 - 39세,대구광역시,기타,택배화물운송서비스,계약불이행(불완전이행)
2023042695,2023-08-18,남자,20 - 29세,서울특별시,방문판매,보석·귀금속,품질(물품/용역)
2023042696,2023-08-18,여자,30 - 39세,경기도,국내온라인거래,포장이사운송서비스,품질(물품/용역)
2023042697,2023-08-18,여자,40 - 49세,제주도,국내온라인거래,시계,품질(물품/용역)
2023042698,2023-08-18,여자,50 - 59세,경기도,국내온라인거래,기타이·미용기구,품질(물품/용역)
2023042699,2023-08-18,남자,50 - 59세,서울특별시,기타,"OTT서비스(넷플릭스,왓챠 등)",부당행위
2023042700,2023-08-18,남자,20 - 29세,경기도,국내온라인거래,기타의류·섬유,품질(물품/용역)
2023042701,2023-08-18,여자,30 - 39세,경기도,일반판매,헬스장,계약해제.해지/위약금
2023042702,2023-08-18,남자,50 - 59세,경상남도,일반판매,컴퓨터수리,부당행위
2023042703,2023-08-18,남자,50 - 59세,부산광역시,기타,기타관리서비스,안전(제품/시설)
2023042704,2023-08-18,남자,40 - 49세,부산광역시,일반판매,점퍼·재킷류,품질(물품/용역)
2023042705,2023-08-18,남자,50 - 59세,울산광역시,기타,섀시설비,AS불만
2023042706,2023-08-18,여자,40 - 49세,경기도,일반판매,미용서비스,계약불이행(불완전이행)
2023042708,2023-08-18,남자,50 - 59세,강원특별자치도,국내온라인거래,LED램프,청약철회
2023042709,2023-08-18,여자,50 - 59세,부산광역시,국제온라인거래,기타숙박시설,계약해제.해지/위약금
2023042710,2023-08-18,여자,40 - 49세,경기도,일반판매,포장이사운송서비스,AS불만
2023042711,2023-08-18,남자,30 - 39세,서울특별시,국내온라인거래,점퍼·재킷류,청약철회
2023042712,2023-08-18,여자,40 - 49세,서울특별시,국내온라인거래,항공여객운송서비스,계약불이행(불완전이행)
2023042713,2023-08-18,여자,30 - 39세,서울특별시,국내온라인거래,전기의류건조기,품질(물품/용역)
2023042714,2023-08-18,남자,30 - 39세,서울특별시,일반판매,블루투스스피커,AS불만
2023042715,2023-08-18,남자,50 - 59세,서울특별시,일반판매,헬스장,계약해제.해지/위약금
2023042716,2023-08-18,남자,30 - 39세,서울특별시,일반판매,항공여객운송서비스,계약불이행(불완전이행)
2023042717,2023-08-18,여자,40 - 49세,경기도,일반판매,양복(서양식 의복)세탁,AS불만
2023042718,2023-08-18,여자,30 - 39세,서울특별시,국내온라인거래,항공여객운송서비스,계약불이행(불완전이행)
2023042719,2023-08-18,남자,40 - 49세,경기도,국내온라인거래,시계,계약불이행(불완전이행)
2023042720,2023-08-18,여자,30 - 39세,경상남도,국내온라인거래,기타숙박시설,계약해제.해지/위약금
2023042721,2023-08-18,남자,40 - 49세,전라북도,일반판매,기타숙박시설,계약해제.해지/위약금
2023042722,2023-08-18,여자,30 - 39세,서울특별시,일반판매,양복(서양식 의복)세탁,계약불이행(불완전이행)
2023042723,2023-08-18,남자,20 - 29세,경기도,국내온라인거래,펜션,계약해제.해지/위약금
2023042724,2023-08-18,남자,20 - 29세,서울특별시,국내온라인거래,항공여객운송서비스,계약해제.해지/위약금
2023042725,2023-08-18,남자,20 - 29세,부산광역시,기타통신판매,인터넷교육서비스,계약해제.해지/위약금
2023042726,2023-08-18,여자,30 - 39세,서울특별시,국내온라인거래,항공여객운송서비스,계약해제.해지/위약금
2023042727,2023-08-18,남자,20 - 29세,전라남도,모바일거래,기타사설강습서비스,계약해제.해지/위약금
2023042728,2023-08-18,여자,30 - 39세,인천광역시,일반판매,아파트,AS불만
2023042729,2023-08-18,여자,20 - 29세,경기도,일반판매,모자,품질(물품/용역)
2023042730,2023-08-18,여자,20 - 29세,서울특별시,국내온라인거래,연극관람,계약해제.해지/위약금
2023042731,2023-08-18,남자,50 - 59세,서울특별시,국제온라인거래,기타숙박시설,품질(물품/용역)
2023042732,2023-08-18,여자,30 - 39세,경기도,국내온라인거래,보석·귀금속,품질(물품/용역)
2023042733,2023-08-18,여자,40 - 49세,전라북도,기타,애완견,거래관행
2023042734,2023-08-18,여자,30 - 39세,서울특별시,일반판매,항공여객운송서비스,계약불이행(불완전이행)
2023042735,2023-08-18,남자,50 - 59세,경상남도,국내온라인거래,기타의류·섬유,청약철회
2023042736,2023-08-18,남자,40 - 49세,충청남도,국내온라인거래,기타가사용품,계약해제.해지/위약금
2023042737,2023-08-18,남자,30 - 39세,서울특별시,기타통신판매,경비·관리서비스,계약불이행(불완전이행)
2023042738,2023-08-18,여자,50 - 59세,경상북도,TV홈쇼핑,선풍기,품질(물품/용역)
2023042739,2023-08-18,여자,30 - 39세,서울특별시,국내온라인거래,기타통신기기,부당행위
2023042740,2023-08-18,여자,20 - 29세,서울특별시,기타,예식서비스,계약불이행(불완전이행)
2023042741,2023-08-18,여자,20 - 29세,인천광역시,모바일거래,통신기기케이스,계약해제.해지/위약금
2023042742,2023-08-18,여자,20 - 29세,충청북도,소셜커머스(쇼핑),캐주얼바지,청약철회
2023042743,2023-08-18,여자,30 - 39세,부산광역시,소셜커머스(쇼핑),초음파방충기,계약불이행(불완전이행)
2023042744,2023-08-18,여자,20 - 29세,경기도,국내온라인거래,기타의류·섬유,청약철회
2023042831,2023-08-19,남자,30 - 39세,경기도,국내온라인거래,노트북컴퓨터,안전(제품/시설)
2023042832,2023-08-19,남자,50 - 59세,경상남도,기타,인터넷정보이용서비스,부당채권추심
2023042833,2023-08-19,남자,40 - 49세,인천광역시,모바일거래,기타숙박시설,계약불이행(불완전이행)
2023042834,2023-08-19,여자,30 - 39세,경상남도,일반판매,국내결혼중개,계약해제.해지/위약금
2023042835,2023-08-19,남자,40 - 49세,세종특별자치시,방문판매,식기세척기,계약해제.해지/위약금
2023042836,2023-08-19,여자,50 - 59세,서울특별시,일반판매,샹들리에,계약해제.해지/위약금
2023042837,2023-08-19,여자,30 - 39세,전라북도,국내온라인거래,의자,청약철회
2023042838,2023-08-19,남자,40 - 49세,인천광역시,국내온라인거래,기타숙박시설,가격.요금
2023042839,2023-08-19,여자,30 - 39세,대전광역시,일반판매,코트,품질(물품/용역)
2023042840,2023-08-19,남자,65 - 69세,경기도,일반판매,스마트폰,거래관행
2023042841,2023-08-19,여자,30 - 39세,서울특별시,국내온라인거래,외식,거래관행
2023042842,2023-08-19,남자,30 - 39세,경기도,기타통신판매,룸에어컨,청약철회
2023042843,2023-08-19,여자,50 - 59세,인천광역시,국내온라인거래,기타간편복,청약철회
2023042844,2023-08-19,여자,40 - 49세,경기도,방문판매,방문교육,계약해제.해지/위약금
2023042845,2023-08-19,남자,50 - 59세,세종특별자치시,일반판매,국외여행,계약불이행(불완전이행)
2023042846,2023-08-19,여자,40 - 49세,서울특별시,일반판매,가스보일러,품질(물품/용역)
2023042847,2023-08-19,여자,30 - 39세,서울특별시,모바일거래,포장이사운송서비스,계약불이행(불완전이행)
2023042848,2023-08-19,남자,20 - 29세,경기도,소셜커머스(쇼핑),기타보건·위생용품,청약철회
2023042931,2023-08-20,남자,20 - 29세,서울특별시,일반판매,닭고기,안전(제품/시설)
2023042932,2023-08-20,남자,50 - 59세,충청북도,일반판매,휴대폰(2G),계약불이행(불완전이행)
2023042933,2023-08-20,여자,50 - 59세,충청북도,일반판매,프로판가스·용기,부당행위
2023042934,2023-08-20,여자,30 - 39세,서울특별시,국내온라인거래,헤드폰·이어폰,품질(물품/용역)
2023042935,2023-08-20,여자,30 - 39세,서울특별시,방문판매,필라테스,계약해제.해지/위약금
2023042936,2023-08-20,남자,20 - 29세,경기도,국내온라인거래,침대,계약해제.해지/위약금
2023042937,2023-08-20,남자,30 - 39세,부산광역시,국내온라인거래,기타가방,청약철회
2023042938,2023-08-20,남자,30 - 39세,서울특별시,소셜커머스(쇼핑),점퍼·재킷류,청약철회
2023042939,2023-08-20,여자,30 - 39세,인천광역시,방문판매,기타방문·통신교육서비스,계약해제.해지/위약금
2023042940,2023-08-20,남자,40 - 49세,경기도,일반판매,스마트폰,품질(물품/용역)
2023042941,2023-08-20,여자,30 - 39세,경기도,일반판매,헬스장,계약해제.해지/위약금
2023042942,2023-08-20,남자,40 - 49세,충청북도,일반판매,택지설비,AS불만
2023042943,2023-08-20,남자,30 - 39세,경기도,일반판매,기타문화·오락시설이용,안전(제품/시설)
2023042944,2023-08-20,남자,30 - 39세,부산광역시,일반판매,헬스장,계약해제.해지/위약금
2023042945,2023-08-20,여자,30 - 39세,서울특별시,기타,민간자격(능력)시험,계약해제.해지/위약금
2023042946,2023-08-20,여자,40 - 49세,서울특별시,국내온라인거래,호텔,계약불이행(불완전이행)
2023042947,2023-08-20,남자,30 - 39세,서울특별시,국내온라인거래,텐트,계약불이행(불완전이행)
2023042948,2023-08-18,여자,20 - 29세,서울특별시,기타,헬스장,계약해제.해지/위약금
2023042949,2023-08-21,남자,50 - 59세,대전광역시,일반판매,중형승용자동차,AS불만
2023042950,2023-08-21,남자,10 - 19세,서울특별시,모바일거래,교통카드,계약불이행(불완전이행)
2023042951,2023-08-21,여자,30 - 39세,경기도,국내온라인거래,호텔,품질(물품/용역)
2023042952,2023-08-21,남자,50 - 59세,서울특별시,일반판매,가스보일러,계약불이행(불완전이행)
2023042954,2023-08-21,여자,20 - 29세,경기도,일반판매,헬스장,계약해제.해지/위약금
2023042955,2023-08-21,여자,30 - 39세,경상남도,국내온라인거래,초음파방충기,품질(물품/용역)
2023042956,2023-08-21,남자,30 - 39세,서울특별시,국내온라인거래,기타조명기기,계약불이행(불완전이행)
2023042957,2023-08-21,남자,50 - 59세,충청남도,국내온라인거래,전기자전거,표시.광고
2023042958,2023-08-21,남자,40 - 49세,서울특별시,일반판매,기타가방,품질(물품/용역)
2023042959,2023-08-21,남자,40 - 49세,서울특별시,소셜커머스(쇼핑),기타통신기기,계약불이행(불완전이행)
2023042960,2023-08-21,남자,50 - 59세,전라남도,국내온라인거래,차량네비게이션(자동항법장치),AS불만
2023042961,2023-08-21,여자,30 - 39세,서울특별시,일반판매,아동복,품질(물품/용역)
2023042963,2023-08-21,남자,20 - 29세,경기도,모바일거래,카셰어링,계약불이행(불완전이행)
2023042964,2023-08-21,남자,40 - 49세,경기도,국내온라인거래,중고자동차중개·매매,계약해제.해지/위약금
2023042965,2023-08-21,남자,40 - 49세,인천광역시,일반판매,신발세탁,계약불이행(불완전이행)
2023042966,2023-08-21,남자,30 - 39세,경기도,전화권유판매,유사투자자문,계약해제.해지/위약금
2023042967,2023-08-21,여자,40 - 49세,서울특별시,국내온라인거래,선반침대,청약철회
2023042968,2023-08-21,남자,20 - 29세,서울특별시,일반판매,결혼준비대행서비스,계약해제.해지/위약금
2023042969,2023-08-21,여자,40 - 49세,경기도,전화권유판매,유사투자자문,계약해제.해지/위약금
2023042970,2023-08-21,여자,20 - 29세,충청남도,소셜커머스(쇼핑),원피스,청약철회
2023042971,2023-08-21,여자,20 - 29세,충청남도,국내온라인거래,인터넷교육서비스,계약해제.해지/위약금
2023042972,2023-08-21,여자,40 - 49세,서울특별시,일반판매,핸드백,품질(물품/용역)
2023042973,2023-08-21,여자,50 - 59세,경기도,일반판매,헬스장,계약해제.해지/위약금
2023042975,2023-08-21,남자,50 - 59세,경기도,국내온라인거래,기타컴퓨터·주변기기,품질(물품/용역)
2023042976,2023-08-21,여자,30 - 39세,경기도,국내온라인거래,거울,품질(물품/용역)
2023042977,2023-08-21,여자,불명,서울특별시,국내온라인거래,초음파방충기,계약해제.해지/위약금
2023042978,2023-08-21,여자,70 - 79세,서울특별시,일반판매,포장이사운송서비스,계약불이행(불완전이행)
2023042979,2023-08-21,남자,30 - 39세,서울특별시,국내온라인거래,콘도,계약해제.해지/위약금
2023042980,2023-08-21,여자,20 - 29세,서울특별시,기타,성형외과,품질(물품/용역)
2023042982,2023-08-21,여자,50 - 59세,대구광역시,일반판매,피부·체형관리서비스,계약해제.해지/위약금
2023042983,2023-08-21,여자,40 - 49세,부산광역시,일반판매,캐주얼바지,품질(물품/용역)
2023042984,2023-08-21,여자,20 - 29세,서울특별시,일반판매,피부·체형관리서비스,품질(물품/용역)
2023042985,2023-08-21,남자,40 - 49세,광주광역시,일반판매,대형승용자동차,부당행위
2023042986,2023-08-21,여자,50 - 59세,경기도,기타,케이블TV,계약해제.해지/위약금
2023042987,2023-08-21,남자,40 - 49세,인천광역시,국내온라인거래,신유형상품권,부당행위
2023042988,2023-08-21,여자,30 - 39세,경기도,일반판매,니트(스웨터),품질(물품/용역)
2023042989,2023-08-21,여자,50 - 59세,서울특별시,일반판매,이불·요,품질(물품/용역)
2023042990,2023-08-21,여자,30 - 39세,경기도,국내온라인거래,양복(서양식 의복)세탁,품질(물품/용역)
2023042991,2023-08-21,여자,30 - 39세,서울특별시,국내온라인거래,티셔츠,품질(물품/용역)
2023042992,2023-08-21,여자,40 - 49세,경상남도,일반판매,기타인테리어설비,품질(물품/용역)
2023042993,2023-08-21,남자,30 - 39세,경기도,기타통신판매,기타수선·염색서비스,부당행위
2023042994,2023-08-21,여자,30 - 39세,세종특별자치시,기타통신판매,기타인테리어설비,계약해제.해지/위약금
2023042995,2023-08-21,여자,40 - 49세,경상남도,기타통신판매,음식물처리기대여(렌트),품질(물품/용역)
2023042996,2023-08-21,여자,20 - 29세,경상남도,일반판매,피혁세탁,품질(물품/용역)
2023042997,2023-08-21,여자,50 - 59세,서울특별시,일반판매,피혁세탁,품질(물품/용역)
2023042998,2023-08-21,남자,30 - 39세,세종특별자치시,국내온라인거래,점퍼·재킷류,청약철회
2023042999,2023-08-21,남자,30 - 39세,경기도,일반판매,피혁세탁,품질(물품/용역)
2023043000,2023-08-21,남자,40 - 49세,서울특별시,일반판매,전기자동차,AS불만
2023043001,2023-08-21,남자,40 - 49세,경상남도,일반판매,공기청정기대여(렌트),계약해제.해지/위약금
2023043004,2023-08-21,여자,30 - 39세,경기도,소셜커머스(쇼핑),미술전시관람,계약해제.해지/위약금
2023043006,2023-08-21,여자,30 - 39세,경기도,국내온라인거래,애완동·식물용품,계약불이행(불완전이행)
2023043007,2023-08-21,여자,30 - 39세,경기도,국내온라인거래,캐주얼바지,청약철회
2023043008,2023-08-21,남자,65 - 69세,대구광역시,일반판매,중고자동차중개·매매,품질(물품/용역)
2023043009,2023-08-21,여자,40 - 49세,서울특별시,일반판매,양복(서양식 의복)세탁,품질(물품/용역)
2023043010,2023-08-21,여자,30 - 39세,경상남도,일반판매,신발세탁,계약불이행(불완전이행)
2023043012,2023-08-21,남자,65 - 69세,경상북도,일반판매,CCTV,품질(물품/용역)
2023043013,2023-08-21,남자,불명,대전광역시,일반판매,기타간편복,품질(물품/용역)
2023043014,2023-08-21,여자,30 - 39세,경기도,국내온라인거래,원피스,청약철회
2023043015,2023-08-21,여자,20 - 29세,충청남도,국내온라인거래,항공여객운송서비스,품질(물품/용역)
2023043016,2023-08-21,여자,20 - 29세,경기도,국내온라인거래,운동화,품질(물품/용역)
2023043017,2023-08-21,남자,30 - 39세,서울특별시,국내온라인거래,티셔츠,품질(물품/용역)
2023043018,2023-08-21,여자,50 - 59세,서울특별시,일반판매,운동화,품질(물품/용역)
2023043019,2023-08-21,여자,50 - 59세,전라북도,국내온라인거래,스커트,계약불이행(불완전이행)
2023043020,2023-08-21,남자,65 - 69세,충청남도,일반판매,등산화,품질(물품/용역)
2023043021,2023-08-21,여자,50 - 59세,대전광역시,일반판매,섀시설비,계약불이행(불완전이행)
2023043022,2023-08-21,여자,20 - 29세,경기도,국내온라인거래,기타여행,계약불이행(불완전이행)
2023043023,2023-08-21,남자,불명,전라북도,모바일거래,모바일게임서비스,계약불이행(불완전이행)
2023043024,2023-08-21,여자,불명,서울특별시,국내온라인거래,항공여객운송서비스,계약해제.해지/위약금
2023043025,2023-08-21,여자,30 - 39세,서울특별시,기타통신판매,블라우스,청약철회
2023043026,2023-08-21,여자,40 - 49세,경기도,방문판매,인터넷교육서비스,계약해제.해지/위약금
2023043027,2023-08-21,여자,20 - 29세,서울특별시,일반판매,헬스장,계약해제.해지/위약금
2023043028,2023-08-21,남자,20 - 29세,서울특별시,일반판매,헬스장,계약해제.해지/위약금
2023043029,2023-08-21,여자,(미입력),광주광역시,전화권유판매,기타가구,청약철회
2023043030,2023-08-21,여자,30 - 39세,서울특별시,일반판매,기타일반화장품,계약해제.해지/위약금
2023043031,2023-08-21,여자,20 - 29세,경상남도,일반판매,성형외과,계약해제.해지/위약금
2023043032,2023-08-21,여자,30 - 39세,경기도,기타통신판매,호텔,계약해제.해지/위약금
2023043033,2023-08-21,여자,30 - 39세,서울특별시,국내온라인거래,외식,계약해제.해지/위약금
2023043034,2023-08-21,여자,40 - 49세,경기도,일반판매,성형외과,품질(물품/용역)
2023043035,2023-08-21,남자,20 - 29세,서울특별시,일반판매,일반강습(입시학원등),계약해제.해지/위약금
2023043036,2023-08-21,여자,불명,서울특별시,국내온라인거래,초음파방충기,계약해제.해지/위약금
2023043037,2023-08-21,여자,불명,경상남도,국내온라인거래,초음파방충기,계약해제.해지/위약금
2023043038,2023-08-21,남자,40 - 49세,서울특별시,기타,기타통신기기,약관
2023043039,2023-08-21,남자,30 - 39세,서울특별시,모바일거래,택시여객운송서비스,계약해제.해지/위약금
2023043040,2023-08-21,여자,20 - 29세,경기도,일반판매,영어자격(능력)시험,계약해제.해지/위약금
2023043041,2023-08-21,남자,50 - 59세,서울특별시,일반판매,호텔,계약해제.해지/위약금
2023043042,2023-08-21,여자,20 - 29세,서울특별시,방문판매,헬스장,계약해제.해지/위약금
2023043043,2023-08-21,여자,40 - 49세,부산광역시,기타,냉장고,품질(물품/용역)
2023043044,2023-08-21,남자,50 - 59세,경기도,모바일거래,모바일정보이용서비스,계약해제.해지/위약금
2023043045,2023-08-21,여자,30 - 39세,서울특별시,일반판매,건물청소서비스,계약불이행(불완전이행)
2023043046,2023-08-21,여자,30 - 39세,인천광역시,국내온라인거래,기타가방,품질(물품/용역)
2023043047,2023-08-21,여자,30 - 39세,대구광역시,일반판매,헬스장,계약해제.해지/위약금
2023043048,2023-08-21,남자,30 - 39세,전라남도,일반판매,사진촬영,품질(물품/용역)
2023043049,2023-08-21,여자,40 - 49세,경기도,국내온라인거래,전기진공청소기,표시.광고
2023043050,2023-08-21,여자,40 - 49세,충청북도,국내온라인거래,원피스,계약해제.해지/위약금
2023043051,2023-08-21,남자,30 - 39세,경기도,국내온라인거래,기타교육서비스,계약해제.해지/위약금
2023043052,2023-08-21,남자,30 - 39세,대전광역시,기타,예식서비스,계약해제.해지/위약금
2023043053,2023-08-21,여자,30 - 39세,경기도,국내온라인거래,보석·귀금속,청약철회
2023043054,2023-08-21,남자,30 - 39세,경기도,일반판매,예식서비스,계약해제.해지/위약금
2023043055,2023-08-21,남자,50 - 59세,서울특별시,국내온라인거래,헤드폰·이어폰,계약불이행(불완전이행)
2023043056,2023-08-21,남자,40 - 49세,대전광역시,모바일거래,모바일게임서비스,거래관행
2023043057,2023-08-21,여자,20 - 29세,충청남도,방문판매,필라테스,계약해제.해지/위약금
2023043058,2023-08-21,여자,20 - 29세,충청남도,방문판매,헬스장,계약해제.해지/위약금
2023043059,2023-08-21,남자,50 - 59세,서울특별시,국내온라인거래,쇠고기포장육,표시.광고
2023043060,2023-08-21,여자,40 - 49세,경상남도,전화권유판매,인터넷정보이용서비스,계약해제.해지/위약금
2023043061,2023-08-21,남자,50 - 59세,경기도,국내온라인거래,기타숙박시설,청약철회
2023043062,2023-08-21,남자,30 - 39세,인천광역시,일반판매,헬스장,계약해제.해지/위약금
2023043063,2023-08-21,남자,20 - 29세,대구광역시,국내온라인거래,기타의류·섬유,계약불이행(불완전이행)
2023043064,2023-08-21,남자,30 - 39세,경기도,모바일거래,모바일게임서비스,청약철회
2023043065,2023-08-21,남자,20 - 29세,대구광역시,일반판매,헬스장,안전(제품/시설)
2023043066,2023-08-21,여자,40 - 49세,울산광역시,일반판매,미용서비스,계약불이행(불완전이행)
2023043067,2023-08-21,여자,20 - 29세,경상남도,일반판매,필라테스,계약해제.해지/위약금
2023043068,2023-08-21,남자,30 - 39세,서울특별시,방문판매,이동전화서비스,청약철회
2023043069,2023-08-21,남자,50 - 59세,충청북도,일반판매,국외여행,계약불이행(불완전이행)
2023043070,2023-08-21,여자,60 - 64세,경기도,방문판매,콘도회원권,계약해제.해지/위약금
2023043071,2023-08-21,여자,30 - 39세,경기도,방문판매,인터넷교육서비스,계약해제.해지/위약금
2023043072,2023-08-21,남자,70 - 79세,경기도,기타,기타가구,계약불이행(불완전이행)
2023043073,2023-08-21,남자,30 - 39세,세종특별자치시,기타,건물청소서비스,계약해제.해지/위약금
2023043074,2023-08-21,남자,30 - 39세,경기도,국내온라인거래,결혼준비대행서비스,계약해제.해지/위약금
2023043075,2023-08-21,여자,30 - 39세,경기도,국내온라인거래,기타숙박시설,품질(물품/용역)
2023043076,2023-08-21,여자,50 - 59세,부산광역시,전화권유판매,기타매체광고,계약해제.해지/위약금
2023043078,2023-08-21,여자,40 - 49세,서울특별시,기타,종합체육시설회원권,계약해제.해지/위약금
2023043079,2023-08-21,남자,30 - 39세,경기도,방문판매,포장이사운송서비스,계약불이행(불완전이행)
2023043080,2023-08-21,여자,40 - 49세,부산광역시,국내온라인거래,기타과일·과일가공식품,품질(물품/용역)
2023043081,2023-08-21,남자,20 - 29세,경기도,국내온라인거래,헤드폰·이어폰,품질(물품/용역)
2023043082,2023-08-21,여자,30 - 39세,인천광역시,전화권유판매,인터넷교육서비스,계약해제.해지/위약금
2023043083,2023-08-21,남자,30 - 39세,충청북도,일반판매,컴퓨터수리,가격.요금
2023043084,2023-08-21,여자,20 - 29세,경상남도,국내온라인거래,기타의류·섬유,청약철회
2023043085,2023-08-21,남자,20 - 29세,서울특별시,일반판매,이동전화서비스,계약해제.해지/위약금
2023043086,2023-08-21,여자,40 - 49세,경기도,전화권유판매,기타방문·통신교육서비스,계약해제.해지/위약금
2023043087,2023-08-21,여자,30 - 39세,경기도,일반판매,헬스장,계약해제.해지/위약금
2023043088,2023-08-21,남자,30 - 39세,경상북도,일반판매,기타신발·용품,계약해제.해지/위약금
2023043089,2023-08-21,여자,30 - 39세,광주광역시,국내온라인거래,건물청소서비스,가격.요금
2023043090,2023-08-21,여자,40 - 49세,부산광역시,일반판매,해외유학알선,품질(물품/용역)
2023043091,2023-08-21,여자,50 - 59세,서울특별시,일반판매,일반강습(입시학원등),계약해제.해지/위약금
2023043092,2023-08-21,여자,40 - 49세,충청남도,일반판매,스마트폰,품질(물품/용역)
2023043093,2023-08-21,남자,20 - 29세,전라남도,모바일거래,항공여객운송서비스,품질(물품/용역)
2023043094,2023-08-21,여자,40 - 49세,경기도,일반판매,블라우스,부당행위
2023043095,2023-08-21,여자,20 - 29세,서울특별시,국내온라인거래,책장·서가,계약해제.해지/위약금
2023043096,2023-08-21,남자,20 - 29세,경기도,일반판매,헬스장,계약해제.해지/위약금
2023043097,2023-08-21,여자,30 - 39세,경기도,국내온라인거래,신유형상품권,계약불이행(불완전이행)
2023043098,2023-08-21,여자,20 - 29세,부산광역시,일반판매,미용서비스,계약불이행(불완전이행)
2023043099,2023-08-21,여자,40 - 49세,인천광역시,국내온라인거래,인쇄서비스,품질(물품/용역)
2023043100,2023-08-21,여자,30 - 39세,인천광역시,국내온라인거래,가스에어컨,AS불만
2023043101,2023-08-21,여자,40 - 49세,대전광역시,전화권유판매,기타정보이용서비스,계약해제.해지/위약금
2023043102,2023-08-21,여자,20 - 29세,서울특별시,국내온라인거래,꽃·화초·화환,계약불이행(불완전이행)
2023043103,2023-08-21,남자,30 - 39세,서울특별시,일반판매,이동전화서비스,계약불이행(불완전이행)
2023043104,2023-08-21,여자,40 - 49세,경기도,일반판매,헬스장,계약해제.해지/위약금
2023043105,2023-08-21,여자,30 - 39세,서울특별시,모바일거래,결혼준비대행서비스,계약해제.해지/위약금
2023043106,2023-08-21,여자,30 - 39세,서울특별시,국내온라인거래,항공여객운송서비스,계약불이행(불완전이행)
2023043107,2023-08-21,여자,20 - 29세,경기도,일반판매,피부·체형관리서비스,계약해제.해지/위약금
2023043108,2023-08-21,남자,30 - 39세,경기도,방문판매,국내결혼중개,계약해제.해지/위약금
2023043109,2023-08-21,남자,40 - 49세,서울특별시,일반판매,태블릿PC,AS불만
2023043110,2023-08-21,남자,20 - 29세,인천광역시,방문판매,건물청소서비스,부당행위
2023043111,2023-08-21,남자,20 - 29세,경기도,일반판매,헬스장,계약해제.해지/위약금
2023043113,2023-08-21,남자,30 - 39세,서울특별시,국내온라인거래,신발세탁,품질(물품/용역)
2023043114,2023-08-21,남자,40 - 49세,대구광역시,국내온라인거래,스마트폰,표시.광고
2023043115,2023-08-21,남자,60 - 64세,서울특별시,국내온라인거래,인덕션레인지,계약불이행(불완전이행)
2023043116,2023-08-21,남자,20 - 29세,대구광역시,모바일거래,애완동·식물용품,청약철회
2023043117,2023-08-21,여자,50 - 59세,인천광역시,일반판매,아파트,계약해제.해지/위약금
2023043118,2023-08-21,여자,30 - 39세,서울특별시,국내온라인거래,기타건강식품,품질(물품/용역)
2023043119,2023-08-21,남자,30 - 39세,경기도,일반판매,사진촬영,계약해제.해지/위약금
2023043120,2023-08-21,여자,30 - 39세,서울특별시,일반판매,기타숙박시설,품질(물품/용역)
2023043121,2023-08-21,여자,40 - 49세,서울특별시,국내온라인거래,스포츠웨어,청약철회
2023043122,2023-08-21,여자,20 - 29세,전라남도,국내온라인거래,항공여객운송서비스,계약해제.해지/위약금
2023043123,2023-08-21,여자,30 - 39세,경기도,국내온라인거래,기타이·미용서비스,계약해제.해지/위약금
2023043124,2023-08-21,남자,20 - 29세,대전광역시,소셜커머스(쇼핑),냉장고,청약철회
2023043125,2023-08-21,여자,20 - 29세,경기도,기타통신판매,펜션,계약해제.해지/위약금
2023043126,2023-08-21,여자,40 - 49세,강원특별자치도,전화권유판매,인터넷교육서비스,계약해제.해지/위약금
2023043127,2023-08-21,여자,20 - 29세,인천광역시,일반판매,스포츠시설이용,계약해제.해지/위약금
2023043128,2023-08-21,여자,40 - 49세,서울특별시,국내온라인거래,태블릿PC,계약불이행(불완전이행)
2023043129,2023-08-21,여자,40 - 49세,부산광역시,일반판매,정수기,계약불이행(불완전이행)
2023043130,2023-08-21,여자,60 - 64세,경상남도,모바일거래,냉장고,청약철회
2023043131,2023-08-21,남자,60 - 64세,부산광역시,TV홈쇼핑,기타여행,계약해제.해지/위약금
2023043132,2023-08-21,남자,40 - 49세,경기도,방문판매,냉장고,품질(물품/용역)
2023043133,2023-08-21,남자,30 - 39세,서울특별시,국내온라인거래,기타문화용품,품질(물품/용역)
2023043134,2023-08-21,남자,40 - 49세,전라남도,일반판매,아파트,계약불이행(불완전이행)
2023043136,2023-08-21,여자,20 - 29세,경기도,일반판매,헬스장,계약해제.해지/위약금
2023043137,2023-08-21,여자,20 - 29세,경기도,국내온라인거래,인터넷교육서비스,계약해제.해지/위약금
2023043138,2023-08-21,남자,65 - 69세,경기도,모바일거래,기타어패류·어패류가공식품,청약철회
2023043139,2023-08-21,여자,30 - 39세,서울특별시,방문판매,인터넷교육서비스,계약해제.해지/위약금
2023043140,2023-08-21,여자,50 - 59세,서울특별시,국내온라인거래,인터넷교육서비스,계약불이행(불완전이행)
2023043141,2023-08-21,남자,20 - 29세,경기도,국내온라인거래,베개,청약철회
2023043142,2023-08-21,여자,50 - 59세,경기도,일반판매,국내결혼중개,청약철회
2023043143,2023-08-21,여자,50 - 59세,서울특별시,국내온라인거래,침대,품질(물품/용역)
2023043144,2023-08-21,남자,30 - 39세,서울특별시,국내온라인거래,항공여객운송서비스,계약불이행(불완전이행)
2023043145,2023-08-21,남자,30 - 39세,서울특별시,기타,산후조리원,계약해제.해지/위약금
2023043146,2023-08-21,여자,30 - 39세,부산광역시,일반판매,피부·체형관리서비스,청약철회
2023043147,2023-08-21,여자,20 - 29세,경기도,국내온라인거래,모자,청약철회
2023043148,2023-08-21,여자,20 - 29세,서울특별시,일반판매,필라테스,계약해제.해지/위약금
2023043149,2023-08-21,여자,20 - 29세,강원특별자치도,국내온라인거래,티셔츠,청약철회
2023043150,2023-08-21,남자,20 - 29세,경기도,기타통신판매,전기칼·칼갈이,품질(물품/용역)
2023043151,2023-08-21,여자,20 - 29세,서울특별시,기타통신판매,핸드백,계약불이행(불완전이행)
2023043152,2023-08-21,여자,40 - 49세,경기도,국내온라인거래,기타의류·섬유,청약철회
2023043153,2023-08-22,남자,40 - 49세,인천광역시,국내온라인거래,자동차대여(렌트),계약해제.해지/위약금
2023043154,2023-08-22,남자,30 - 39세,대전광역시,국내온라인거래,인터넷게임서비스,계약불이행(불완전이행)
2023043155,2023-08-22,남자,20 - 29세,경상남도,국내온라인거래,항공여객운송서비스,계약해제.해지/위약금
2023043156,2023-08-22,남자,40 - 49세,부산광역시,일반판매,정형외과,품질(물품/용역)
2023043157,2023-08-22,남자,(미입력),서울특별시,국내온라인거래,니트(스웨터),청약철회
2023043158,2023-08-22,여자,70 - 79세,경기도,기타통신판매,기타건강식품,계약불이행(불완전이행)
2023043159,2023-08-22,여자,40 - 49세,경기도,국제온라인거래,샌들·슬리퍼,품질(물품/용역)
2023043160,2023-08-22,여자,30 - 39세,인천광역시,일반판매,자동차수리·점검,품질(물품/용역)
2023043161,2023-08-22,남자,50 - 59세,서울특별시,국내온라인거래,자동차대여(렌트),계약해제.해지/위약금
2023043162,2023-08-22,여자,30 - 39세,충청남도,일반판매,오피스텔,계약해제.해지/위약금
2023043163,2023-08-22,남자,50 - 59세,경기도,국내온라인거래,보조배터리,품질(물품/용역)
2023043164,2023-08-22,여자,50 - 59세,경상남도,일반판매,이동전화서비스,청약철회
2023043165,2023-08-22,남자,70 - 79세,경기도,국내온라인거래,기타공조·냉난방기기,품질(물품/용역)
2023043166,2023-08-22,여자,40 - 49세,대전광역시,일반판매,이동전화서비스,계약불이행(불완전이행)
2023043167,2023-08-22,여자,20 - 29세,서울특별시,모바일거래,사진촬영,계약해제.해지/위약금
2023043168,2023-08-22,여자,30 - 39세,서울특별시,국내온라인거래,펜션,계약해제.해지/위약금
2023043169,2023-08-22,남자,20 - 29세,서울특별시,방문판매,헬스장,계약해제.해지/위약금
2023043170,2023-08-22,남자,30 - 39세,경상북도,모바일거래,펜션,계약해제.해지/위약금
2023043171,2023-08-22,남자,30 - 39세,강원특별자치도,국내온라인거래,우산,안전(제품/시설)
2023043172,2023-08-22,남자,40 - 49세,서울특별시,모바일거래,기타숙박시설,계약해제.해지/위약금
2023043173,2023-08-22,남자,20 - 29세,경기도,일반판매,기타인테리어설비,계약해제.해지/위약금
2023043174,2023-08-22,여자,50 - 59세,경기도,일반판매,티셔츠,품질(물품/용역)
2023043175,2023-08-22,여자,70 - 79세,경기도,TV홈쇼핑,우유,품질(물품/용역)
2023043177,2023-08-22,남자,20 - 29세,경기도,기타,전화이용서비스,가격.요금
2023043178,2023-08-22,남자,20 - 29세,대구광역시,전화권유판매,유사투자자문,계약해제.해지/위약금
2023043179,2023-08-22,남자,40 - 49세,서울특별시,국내온라인거래,기타숙박시설,청약철회
2023043180,2023-08-22,남자,30 - 39세,경기도,일반판매,안경·안경테,계약불이행(불완전이행)
2023043181,2023-08-22,남자,30 - 39세,대구광역시,일반판매,모니터,품질(물품/용역)
2023043182,2023-08-22,여자,30 - 39세,경기도,소셜커머스(쇼핑),기타침대류,품질(물품/용역)
2023043183,2023-08-22,여자,20 - 29세,경기도,국내온라인거래,버스여객운송서비스,계약해제.해지/위약금
2023043184,2023-08-22,여자,40 - 49세,서울특별시,국내온라인거래,돗자리,품질(물품/용역)
2023043185,2023-08-22,남자,70 - 79세,서울특별시,일반판매,양복(서양식 의복)세탁,품질(물품/용역)
2023043186,2023-08-22,여자,30 - 39세,광주광역시,일반판매,필라테스,계약해제.해지/위약금
2023043187,2023-08-22,여자,30 - 39세,경기도,기타통신판매,호텔,계약해제.해지/위약금
2023043189,2023-08-22,남자,40 - 49세,서울특별시,국내온라인거래,항공여객운송서비스,계약해제.해지/위약금
2023043190,2023-08-22,남자,40 - 49세,경기도,모바일거래,펜션,계약해제.해지/위약금
2023043191,2023-08-22,여자,50 - 59세,경기도,일반판매,국외여행,계약해제.해지/위약금
2023043192,2023-08-22,남자,40 - 49세,경상남도,일반판매,양복(서양식 의복)세탁,품질(물품/용역)
2023043193,2023-08-22,남자,70 - 79세,인천광역시,일반판매,매트,품질(물품/용역)
2023043194,2023-08-22,남자,40 - 49세,강원특별자치도,국내온라인거래,전동킥보드,AS불만
2023043195,2023-08-22,남자,20 - 29세,서울특별시,국내온라인거래,카셰어링,부당행위
2023043196,2023-08-22,남자,30 - 39세,경기도,일반판매,헬스장,계약해제.해지/위약금
2023043197,2023-08-22,남자,30 - 39세,경기도,국내온라인거래,기타냉장·냉동기기,품질(물품/용역)
2023043198,2023-08-22,여자,40 - 49세,강원특별자치도,일반판매,양복(서양식 의복)세탁,계약불이행(불완전이행)
2023043199,2023-08-22,여자,40 - 49세,강원특별자치도,일반판매,기타세탁서비스,계약불이행(불완전이행)
2023043200,2023-08-22,남자,30 - 39세,경기도,소셜커머스(쇼핑),신유형상품권,품질(물품/용역)
2023043201,2023-08-22,남자,20 - 29세,전라남도,일반판매,정형외과,품질(물품/용역)
2023043202,2023-08-22,여자,20 - 29세,서울특별시,일반판매,국내결혼중개,계약해제.해지/위약금
2023043203,2023-08-22,남자,30 - 39세,경기도,일반판매,키보드,계약불이행(불완전이행)
2023043204,2023-08-22,남자,40 - 49세,광주광역시,국내온라인거래,신유형상품권,청약철회
2023043205,2023-08-22,남자,불명,경기도,국내온라인거래,남자용내의류,표시.광고
2023043206,2023-08-22,남자,40 - 49세,부산광역시,국내온라인거래,옷장,청약철회
2023043207,2023-08-22,여자,70 - 79세,세종특별자치시,기타통신판매,기타농업용기계,품질(물품/용역)
2023043208,2023-08-22,남자,40 - 49세,서울특별시,국내온라인거래,기타악기·용품,계약불이행(불완전이행)
2023043209,2023-08-22,남자,40 - 49세,대전광역시,기타통신판매,미분류대여(렌트),부당행위
2023043210,2023-08-22,여자,20 - 29세,서울특별시,기타,포장이사운송서비스,계약불이행(불완전이행)
2023043211,2023-08-22,여자,30 - 39세,부산광역시,일반판매,자전거타이어,계약불이행(불완전이행)
2023043213,2023-08-22,남자,30 - 39세,서울특별시,국내온라인거래,전기의류건조기,표시.광고
2023043214,2023-08-22,남자,불명,전라북도,일반판매,건강(암·기타질병)보험,부당행위
2023043215,2023-08-22,남자,30 - 39세,인천광역시,국내온라인거래,자동차주차장,계약불이행(불완전이행)
2023043216,2023-08-22,남자,40 - 49세,대전광역시,국내온라인거래,호텔,청약철회
2023043217,2023-08-22,여자,50 - 59세,서울특별시,일반판매,샌들·슬리퍼,품질(물품/용역)
2023043218,2023-08-22,여자,50 - 59세,경기도,일반판매,셔츠,품질(물품/용역)
2023043219,2023-08-22,여자,40 - 49세,경상남도,일반판매,양복(서양식 의복)세탁,품질(물품/용역)
2023043220,2023-08-22,여자,40 - 49세,경기도,국내온라인거래,티셔츠,품질(물품/용역)
2023043223,2023-08-22,남자,30 - 39세,경기도,기타,자동차수리·점검,부당행위
2023043224,2023-08-22,여자,30 - 39세,서울특별시,모바일거래,택시여객운송서비스,계약해제.해지/위약금
2023043225,2023-08-22,남자,70 - 79세,서울특별시,일반판매,중형승용자동차,계약불이행(불완전이행)
2023043226,2023-08-22,여자,40 - 49세,경기도,방문판매,침대·매트리스대여(렌트),품질(물품/용역)
2023043227,2023-08-22,남자,40 - 49세,인천광역시,일반판매,신발세탁,계약불이행(불완전이행)
2023043228,2023-08-22,여자,40 - 49세,인천광역시,방문판매,중형승용자동차,품질(물품/용역)
2023043229,2023-08-22,남자,50 - 59세,경기도,국내온라인거래,룸에어컨,계약불이행(불완전이행)
2023043230,2023-08-22,여자,70 - 79세,경기도,일반판매,코트,품질(물품/용역)
2023043232,2023-08-22,여자,60 - 64세,충청남도,TV홈쇼핑,믹서기,품질(물품/용역)
2023043233,2023-08-22,남자,20 - 29세,인천광역시,일반판매,캐주얼바지,품질(물품/용역)
2023043234,2023-08-22,여자,30 - 39세,서울특별시,국내온라인거래,샌들·슬리퍼,품질(물품/용역)
2023043235,2023-08-22,여자,40 - 49세,서울특별시,국내온라인거래,기타간편복,품질(물품/용역)
2023043236,2023-08-22,남자,20 - 29세,경기도,소셜커머스(쇼핑),소파,품질(물품/용역)
2023043237,2023-08-22,여자,30 - 39세,서울특별시,기타,욕실용세정제,안전(제품/시설)
2023043238,2023-08-22,여자,40 - 49세,서울특별시,일반판매,국내결혼중개,계약해제.해지/위약금
2023043239,2023-08-22,여자,20 - 29세,전라북도,모바일거래,여자용내의류,계약불이행(불완전이행)
2023043240,2023-08-22,여자,30 - 39세,대전광역시,일반판매,미용서비스,계약불이행(불완전이행)
2023043241,2023-08-22,여자,40 - 49세,부산광역시,일반판매,건물청소서비스,계약불이행(불완전이행)
2023043242,2023-08-22,여자,60 - 64세,경기도,국내온라인거래,국외여행,계약불이행(불완전이행)
2023043243,2023-08-22,여자,50 - 59세,대구광역시,일반판매,캐주얼바지,품질(물품/용역)
2023043244,2023-08-22,남자,60 - 64세,서울특별시,일반판매,상해보험,약관
2023043245,2023-08-22,여자,60 - 64세,경기도,일반판매,중형승용자동차,품질(물품/용역)
2023043246,2023-08-22,여자,60 - 64세,서울특별시,전화권유판매,유사투자자문,계약해제.해지/위약금
2023043247,2023-08-22,여자,50 - 59세,인천광역시,기타,운동화,AS불만
2023043248,2023-08-22,남자,65 - 69세,대구광역시,일반판매,소파,품질(물품/용역)
2023043249,2023-08-22,여자,40 - 49세,부산광역시,국내온라인거래,기타의류·섬유,청약철회
2023043250,2023-08-22,여자,불명,경기도,국내온라인거래,초음파방충기,품질(물품/용역)
2023043251,2023-08-22,여자,40 - 49세,대전광역시,일반판매,티셔츠,품질(물품/용역)
2023043253,2023-08-22,여자,30 - 39세,서울특별시,일반판매,원피스,품질(물품/용역)
2023043254,2023-08-22,여자,30 - 39세,서울특별시,일반판매,헬스장,계약불이행(불완전이행)
2023043255,2023-08-22,여자,불명,부산광역시,국내온라인거래,국외여행,계약불이행(불완전이행)
2023043256,2023-08-22,여자,불명,경기도,국내온라인거래,다이어트식품,청약철회
2023043257,2023-08-22,여자,50 - 59세,경기도,일반판매,양복(서양식 의복)세탁,품질(물품/용역)
2023043258,2023-08-22,여자,20 - 29세,경기도,일반판매,각종자격취득강습,표시.광고
2023043259,2023-08-22,남자,65 - 69세,경기도,일반판매,시스템에어컨,계약불이행(불완전이행)
2023043260,2023-08-22,여자,65 - 69세,서울특별시,일반판매,골프회원권,계약해제.해지/위약금
2023043261,2023-08-22,남자,30 - 39세,경기도,기타통신판매,인터넷정보이용서비스,계약불이행(불완전이행)
2023043263,2023-08-22,남자,50 - 59세,경기도,기타,스마트폰,품질(물품/용역)
2023043264,2023-08-22,여자,30 - 39세,서울특별시,일반판매,종합체육시설회원권,계약해제.해지/위약금
2023043265,2023-08-22,남자,30 - 39세,대구광역시,국내온라인거래,컴퓨터모니터(데스크탑),청약철회
2023043266,2023-08-22,여자,30 - 39세,서울특별시,기타통신판매,기타매체광고,계약해제.해지/위약금
2023043267,2023-08-22,여자,30 - 39세,부산광역시,일반판매,기타수선·염색서비스,계약불이행(불완전이행)
2023043268,2023-08-22,여자,30 - 39세,부산광역시,모바일거래,기타침대류,청약철회
2023043269,2023-08-22,남자,30 - 39세,울산광역시,국내온라인거래,펜션,계약해제.해지/위약금
2023043270,2023-08-22,여자,50 - 59세,서울특별시,국내온라인거래,헤어크림,품질(물품/용역)
2023043271,2023-08-22,여자,30 - 39세,대구광역시,국내온라인거래,기타숙박시설,계약해제.해지/위약금
2023043272,2023-08-22,남자,40 - 49세,전라남도,일반판매,아파트,계약불이행(불완전이행)
2023043273,2023-08-22,남자,30 - 39세,세종특별자치시,일반판매,기타스포츠·레저기구·용품,품질(물품/용역)
2023043274,2023-08-22,여자,40 - 49세,경기도,모바일거래,기타신변용품,청약철회
2023043275,2023-08-22,여자,30 - 39세,대구광역시,방문판매,커피메이커,품질(물품/용역)
2023043276,2023-08-22,여자,40 - 49세,경상남도,전화권유판매,초고속인터넷,계약해제.해지/위약금
2023043277,2023-08-22,남자,30 - 39세,부산광역시,일반판매,스포츠시설이용,계약해제.해지/위약금
2023043278,2023-08-22,남자,40 - 49세,인천광역시,일반판매,기타인테리어설비,계약불이행(불완전이행)
2023043279,2023-08-22,남자,40 - 49세,경기도,방문판매,애완고양이,품질(물품/용역)
2023043281,2023-08-22,남자,40 - 49세,대구광역시,방문판매,기타미분류서비스,계약해제.해지/위약금
2023043282,2023-08-22,여자,20 - 29세,서울특별시,일반판매,헬스장,계약해제.해지/위약금
2023043283,2023-08-22,남자,40 - 49세,인천광역시,일반판매,골프회원권,계약해제.해지/위약금
2023043284,2023-08-22,남자,20 - 29세,울산광역시,일반판매,레저시설이용,안전(제품/시설)
2023043285,2023-08-22,여자,20 - 29세,경기도,국내온라인거래,기타의류·섬유,품질(물품/용역)
2023043286,2023-08-22,여자,20 - 29세,충청북도,국내온라인거래,니트(스웨터),계약불이행(불완전이행)
2023043287,2023-08-22,남자,50 - 59세,광주광역시,국내온라인거래,음식물처리기,거래관행
2023043288,2023-08-22,여자,20 - 29세,부산광역시,국내온라인거래,원피스,청약철회
2023043289,2023-08-22,여자,20 - 29세,전라남도,기타,기타세탁서비스,품질(물품/용역)
2023043290,2023-08-22,여자,40 - 49세,서울특별시,일반판매,비데,품질(물품/용역)
2023043291,2023-08-22,남자,30 - 39세,경기도,일반판매,기타인테리어설비,품질(물품/용역)
2023043292,2023-08-22,남자,30 - 39세,대전광역시,일반판매,헬스장,계약해제.해지/위약금
2023043293,2023-08-22,남자,50 - 59세,충청북도,일반판매,스마트폰,AS불만
2023043294,2023-08-22,여자,30 - 39세,서울특별시,기타통신판매,기타의류·섬유,청약철회
2023043295,2023-08-22,여자,30 - 39세,경기도,국내온라인거래,항공여객운송서비스,계약해제.해지/위약금
2023043296,2023-08-22,남자,30 - 39세,서울특별시,국내온라인거래,국외여행,계약불이행(불완전이행)
2023043297,2023-08-22,남자,30 - 39세,경기도,일반판매,안경·안경테,계약불이행(불완전이행)
2023043298,2023-08-22,여자,30 - 39세,대전광역시,국내온라인거래,영화관람,부당행위
2023043299,2023-08-22,여자,20 - 29세,서울특별시,국내온라인거래,기타문화·오락시설이용,계약해제.해지/위약금
2023043300,2023-08-22,여자,40 - 49세,인천광역시,일반판매,룸에어컨,품질(물품/용역)
2023043301,2023-08-22,여자,30 - 39세,광주광역시,기타,카메라,단순문의.상담
2023043302,2023-08-22,여자,50 - 59세,부산광역시,기타,골프회원권,계약해제.해지/위약금
2023043303,2023-08-22,남자,50 - 59세,전라북도,국내온라인거래,CD·LD·DVD(영화·음악·게임),품질(물품/용역)
2023043304,2023-08-22,여자,40 - 49세,부산광역시,일반판매,침대,계약불이행(불완전이행)
2023043305,2023-08-22,여자,40 - 49세,경기도,일반판매,헬스장,계약해제.해지/위약금
2023043306,2023-08-22,남자,20 - 29세,대전광역시,국내온라인거래,항공여객운송서비스,계약불이행(불완전이행)
2023043307,2023-08-22,남자,65 - 69세,경기도,국내온라인거래,TV,품질(물품/용역)
2023043308,2023-08-22,여자,40 - 49세,전라남도,국내온라인거래,기타의류·섬유,청약철회
2023043309,2023-08-22,여자,40 - 49세,제주도,국내온라인거래,인터넷교육서비스,계약해제.해지/위약금
2023043310,2023-08-22,남자,30 - 39세,인천광역시,국내온라인거래,펜션,부당행위
2023043312,2023-08-22,남자,20 - 29세,서울특별시,일반판매,포장이사운송서비스,계약불이행(불완전이행)
2023043313,2023-08-22,여자,30 - 39세,경기도,기타,요가,계약해제.해지/위약금
2023043314,2023-08-22,여자,40 - 49세,서울특별시,국제온라인거래,해외유학알선,부당행위
2023043315,2023-08-22,여자,20 - 29세,인천광역시,모바일거래,식사배달,품질(물품/용역)
2023043316,2023-08-22,남자,40 - 49세,경기도,일반판매,이동전화서비스,계약해제.해지/위약금
2023043317,2023-08-22,여자,50 - 59세,서울특별시,일반판매,소파,품질(물품/용역)
2023043318,2023-08-22,남자,30 - 39세,경기도,기타,인터넷교육서비스,계약해제.해지/위약금
2023043319,2023-08-22,남자,40 - 49세,서울특별시,일반판매,골프회원권,계약해제.해지/위약금
2023043320,2023-08-22,남자,30 - 39세,경기도,국내온라인거래,마우스,청약철회
2023043321,2023-08-22,남자,30 - 39세,서울특별시,국내온라인거래,운동화,청약철회
2023043322,2023-08-22,남자,50 - 59세,제주도,국내온라인거래,기타숙박시설,계약해제.해지/위약금
2023043323,2023-08-22,여자,40 - 49세,경기도,일반판매,미용서비스,품질(물품/용역)
2023043324,2023-08-22,여자,20 - 29세,서울특별시,국내온라인거래,거울,청약철회
2023043325,2023-08-22,여자,40 - 49세,경기도,방문판매,인터넷교육서비스,계약해제.해지/위약금
2023043326,2023-08-22,여자,20 - 29세,광주광역시,일반판매,미용서비스,품질(물품/용역)
2023043327,2023-08-22,남자,20 - 29세,전라북도,기타통신판매,포장이사운송서비스,품질(물품/용역)
2023043328,2023-08-22,남자,10 - 19세,충청북도,일반판매,헬스장,계약해제.해지/위약금
2023043329,2023-08-22,여자,30 - 39세,인천광역시,국내온라인거래,신사화(구두·부츠 등),청약철회
2023043330,2023-08-22,남자,50 - 59세,서울특별시,국내온라인거래,호텔,계약해제.해지/위약금
2023043331,2023-08-22,남자,50 - 59세,대구광역시,일반판매,항공여객운송서비스,부당행위
2023043332,2023-08-22,여자,40 - 49세,충청북도,국내온라인거래,필기용구,청약철회
2023043333,2023-08-22,남자,20 - 29세,경상북도,국제온라인거래,항공여객운송서비스,계약해제.해지/위약금
2023043334,2023-08-22,남자,30 - 39세,충청남도,일반판매,여관(모텔),계약해제.해지/위약금
2023043335,2023-08-22,남자,40 - 49세,충청북도,기타통신판매,기타이동통신,계약불이행(불완전이행)
2023043336,2023-08-22,여자,20 - 29세,서울특별시,일반판매,기타사설강습서비스,계약해제.해지/위약금
2023043337,2023-08-22,여자,40 - 49세,서울특별시,국내온라인거래,팬코일(이동식에어컨),청약철회
2023043338,2023-08-22,여자,30 - 39세,경기도,일반판매,필라테스,계약해제.해지/위약금
2023043339,2023-08-22,남자,40 - 49세,서울특별시,기타,미분류수리가공,가격.요금
2023043341,2023-08-22,여자,30 - 39세,경기도,기타,룸에어컨,AS불만
2023043342,2023-08-22,여자,30 - 39세,서울특별시,소셜커머스(쇼핑),운동화,청약철회
2023043343,2023-08-22,여자,30 - 39세,강원특별자치도,일반판매,헬스장,계약해제.해지/위약금
2023043344,2023-08-22,남자,30 - 39세,충청남도,방문판매,학습지,계약해제.해지/위약금
2023043345,2023-08-22,남자,30 - 39세,충청북도,국내온라인거래,기타조리기기·기구,품질(물품/용역)
2023043346,2023-08-22,여자,60 - 64세,부산광역시,일반판매,일반이사운송서비스,품질(물품/용역)
2023043347,2023-08-22,여자,30 - 39세,경기도,기타,국외여행,계약불이행(불완전이행)
2023043348,2023-08-22,여자,30 - 39세,경기도,기타통신판매,이동전화서비스,품질(물품/용역)
2023043349,2023-08-22,여자,30 - 39세,전라남도,일반판매,아파트,계약불이행(불완전이행)
2023043350,2023-08-22,여자,40 - 49세,울산광역시,모바일거래,호텔,청약철회
2023043351,2023-08-22,남자,30 - 39세,경기도,일반판매,산후조리원,계약해제.해지/위약금
2023043352,2023-08-22,여자,20 - 29세,경기도,국내온라인거래,국외여행,계약불이행(불완전이행)
2023043353,2023-08-22,여자,30 - 39세,서울특별시,국내온라인거래,캐주얼바지,청약철회
2023043354,2023-08-22,여자,30 - 39세,경기도,일반판매,미분류대여(렌트),계약불이행(불완전이행)
2023043355,2023-08-22,여자,30 - 39세,인천광역시,일반판매,헬스장,계약해제.해지/위약금
2023043357,2023-08-22,여자,30 - 39세,제주도,일반판매,수영장회원권,계약해제.해지/위약금
2023043359,2023-08-22,남자,60 - 64세,경기도,기타통신판매,성기능향상기기,품질(물품/용역)
2023043360,2023-08-22,여자,40 - 49세,울산광역시,국내온라인거래,모형완구,계약불이행(불완전이행)
2023043361,2023-08-22,남자,40 - 49세,경기도,국내온라인거래,국외여행,계약해제.해지/위약금
2023043362,2023-08-22,여자,30 - 39세,경기도,기타,응접테이블,계약해제.해지/위약금
2023043363,2023-08-22,여자,30 - 39세,경기도,일반판매,필라테스,계약해제.해지/위약금
2023043364,2023-08-22,여자,50 - 59세,서울특별시,일반판매,요가,계약해제.해지/위약금
2023043365,2023-08-22,여자,30 - 39세,서울특별시,일반판매,사진촬영,계약해제.해지/위약금
2023043367,2023-08-22,여자,20 - 29세,서울특별시,방문판매,요가,계약해제.해지/위약금
2023043368,2023-08-22,여자,40 - 49세,서울특별시,기타,항공여객운송서비스,계약불이행(불완전이행)
2023043369,2023-08-22,여자,30 - 39세,서울특별시,일반판매,피부·체형관리서비스,계약해제.해지/위약금
2023043370,2023-08-22,여자,40 - 49세,충청북도,국내온라인거래,각종공연관람,가격.요금
2023043371,2023-08-22,남자,20 - 29세,서울특별시,국내온라인거래,기타컴퓨터·주변기기,청약철회
2023043372,2023-08-22,남자,50 - 59세,전라남도,일반판매,아파트,계약불이행(불완전이행)
2023043373,2023-08-22,남자,20 - 29세,서울특별시,국내온라인거래,성기능향상기기,청약철회
2023043374,2023-08-22,여자,20 - 29세,강원특별자치도,소셜커머스(쇼핑),닭고기포장육,품질(물품/용역)
2023043375,2023-08-22,남자,20 - 29세,서울특별시,소셜커머스(쇼핑),기타스포츠·레저기구·용품,청약철회
2023043376,2023-08-22,남자,40 - 49세,서울특별시,국내온라인거래,기타어패류·어패류가공식품,청약철회
2023043377,2023-08-22,여자,30 - 39세,경기도,방문판매,인터넷교육서비스,계약해제.해지/위약금
2023043378,2023-08-22,여자,30 - 39세,경기도,기타통신판매,초고속인터넷,계약불이행(불완전이행)
2023043379,2023-08-22,여자,30 - 39세,경기도,국내온라인거래,기타의류·섬유,품질(물품/용역)
2023043380,2023-08-23,남자,50 - 59세,충청남도,국제온라인거래,호텔,계약해제.해지/위약금
2023043381,2023-08-23,남자,40 - 49세,경기도,국내온라인거래,호텔,계약해제.해지/위약금
2023043382,2023-08-23,남자,50 - 59세,경기도,국내온라인거래,타이어,계약불이행(불완전이행)
2023043383,2023-08-23,여자,40 - 49세,경기도,기타,상품권,품질(물품/용역)
2023043384,2023-08-23,남자,40 - 49세,인천광역시,일반판매,오피스텔,계약불이행(불완전이행)
2023043385,2023-08-23,남자,30 - 39세,울산광역시,기타,기타미분류서비스,계약불이행(불완전이행)
2023043386,2023-08-23,여자,40 - 49세,경기도,모바일거래,카셰어링,계약해제.해지/위약금
2023043387,2023-08-23,남자,30 - 39세,서울특별시,국내온라인거래,기타숙박시설,계약해제.해지/위약금
2023043388,2023-08-23,남자,50 - 59세,경기도,일반판매,기타식품류,품질(물품/용역)
2023043389,2023-08-23,남자,20 - 29세,광주광역시,모바일거래,자동차대여(렌트),AS불만
2023043390,2023-08-23,남자,60 - 64세,경상남도,일반판매,중형승용자동차,계약해제.해지/위약금
2023043391,2023-08-23,남자,30 - 39세,인천광역시,모바일거래,자동차주유,청약철회
2023043392,2023-08-23,남자,50 - 59세,경기도,일반판매,자동차주유,부당행위
2023043393,2023-08-23,여자,40 - 49세,경기도,국내온라인거래,호텔,계약불이행(불완전이행)
2023043394,2023-08-23,남자,40 - 49세,부산광역시,국내온라인거래,전기압력밥솥,청약철회
2023043395,2023-08-23,남자,80세이상,경기도,기타통신판매,기타공조·냉난방설비,계약해제.해지/위약금
2023043396,2023-08-23,남자,30 - 39세,경기도,국내온라인거래,기타완구·인형,품질(물품/용역)
2023043397,2023-08-23,남자,70 - 79세,서울특별시,일반판매,요가,계약해제.해지/위약금
2023043398,2023-08-23,여자,40 - 49세,대구광역시,일반판매,필라테스,계약해제.해지/위약금
2023043399,2023-08-23,남자,70 - 79세,경기도,국내온라인거래,도어록,표시.광고
2023043402,2023-08-23,여자,20 - 29세,인천광역시,일반판매,운동화,AS불만
2023043403,2023-08-23,여자,50 - 59세,경기도,일반판매,티셔츠,품질(물품/용역)
2023043404,2023-08-23,여자,40 - 49세,부산광역시,일반판매,펜션,계약해제.해지/위약금
2023043405,2023-08-23,남자,50 - 59세,경기도,일반판매,택배화물운송서비스,계약불이행(불완전이행)
2023043406,2023-08-23,여자,40 - 49세,서울특별시,일반판매,샌들·슬리퍼,품질(물품/용역)
2023043407,2023-08-23,남자,20 - 29세,대전광역시,국내온라인거래,생활패션화(슬립온·아쿠아슈즈·장화·작업화 등),품질(물품/용역)
2023043408,2023-08-23,남자,30 - 39세,서울특별시,국내온라인거래,항공여객운송서비스,계약해제.해지/위약금
2023043409,2023-08-23,여자,30 - 39세,경기도,일반판매,샌들·슬리퍼,품질(물품/용역)
2023043411,2023-08-23,여자,30 - 39세,경기도,일반판매,신발세탁,계약불이행(불완전이행)
2023043412,2023-08-23,여자,30 - 39세,경기도,일반판매,신발세탁,계약불이행(불완전이행)
2023043413,2023-08-23,여자,30 - 39세,인천광역시,일반판매,김치냉장고,품질(물품/용역)
2023043414,2023-08-23,여자,40 - 49세,인천광역시,국내온라인거래,여관(모텔),계약해제.해지/위약금
2023043415,2023-08-23,여자,20 - 29세,인천광역시,일반판매,기타사설강습서비스,계약해제.해지/위약금
2023043416,2023-08-23,여자,30 - 39세,경기도,일반판매,피부과,품질(물품/용역)
2023043417,2023-08-23,남자,30 - 39세,경기도,일반판매,양복(서양식 의복)세탁,품질(물품/용역)
2023043418,2023-08-23,여자,30 - 39세,대구광역시,기타통신판매,펜션,부당행위
2023043419,2023-08-23,남자,30 - 39세,부산광역시,국내온라인거래,다이어트식품,표시.광고
2023043420,2023-08-23,여자,40 - 49세,서울특별시,국내온라인거래,셔츠,품질(물품/용역)
2023043421,2023-08-23,남자,60 - 64세,광주광역시,국내온라인거래,라이트,품질(물품/용역)
2023043422,2023-08-23,남자,30 - 39세,경기도,국내온라인거래,남자용내의류,청약철회
2023043423,2023-08-23,여자,(미입력),강원특별자치도,일반판매,자동차대여(렌트),계약불이행(불완전이행)
2023043424,2023-08-23,여자,65 - 69세,서울특별시,일반판매,콘도회원권,계약불이행(불완전이행)
2023043426,2023-08-23,여자,20 - 29세,서울특별시,일반판매,스포츠시설이용,계약해제.해지/위약금
2023043427,2023-08-23,여자,50 - 59세,서울특별시,일반판매,니트(스웨터),품질(물품/용역)
2023043428,2023-08-23,여자,30 - 39세,대전광역시,국내온라인거래,기타문화·오락시설이용,청약철회
2023043429,2023-08-23,남자,60 - 64세,경기도,전화권유판매,유사투자자문,계약해제.해지/위약금
2023043430,2023-08-23,남자,20 - 29세,부산광역시,일반판매,헬스장,계약해제.해지/위약금
2023043431,2023-08-23,여자,50 - 59세,경상남도,국내온라인거래,지갑,품질(물품/용역)
2023043432,2023-08-23,여자,20 - 29세,광주광역시,국내온라인거래,기타일반화장품,품질(물품/용역)
2023043433,2023-08-23,남자,40 - 49세,경기도,기타,실손보험,계약불이행(불완전이행)
2023043434,2023-08-23,남자,30 - 39세,전라남도,국내온라인거래,양복(서양식 의복)세탁,품질(물품/용역)
2023043435,2023-08-23,남자,50 - 59세,충청북도,일반판매,국내결혼중개,계약해제.해지/위약금
2023043437,2023-08-23,남자,40 - 49세,세종특별자치시,일반판매,국내결혼중개,계약불이행(불완전이행)
2023043438,2023-08-23,남자,40 - 49세,서울특별시,일반판매,수영장회원권,계약해제.해지/위약금
2023043439,2023-08-23,여자,50 - 59세,제주도,국내온라인거래,펜션,표시.광고
2023043440,2023-08-23,여자,50 - 59세,경기도,일반판매,중형승용자동차,품질(물품/용역)
2023043441,2023-08-23,여자,30 - 39세,울산광역시,기타,요가,계약해제.해지/위약금
2023043442,2023-08-23,여자,30 - 39세,경기도,전화권유판매,건강(암·기타질병)보험,계약불이행(불완전이행)
2023043443,2023-08-23,남자,20 - 29세,충청북도,전화권유판매,모바일정보이용서비스,계약해제.해지/위약금
2023043444,2023-08-23,여자,50 - 59세,경기도,일반판매,피혁세탁,품질(물품/용역)
2023043445,2023-08-23,여자,40 - 49세,부산광역시,일반판매,기타숙박시설,계약해제.해지/위약금
2023043446,2023-08-23,여자,30 - 39세,부산광역시,일반판매,학습지,계약해제.해지/위약금
2023043447,2023-08-23,여자,40 - 49세,제주도,일반판매,의상대여(렌트),계약해제.해지/위약금
2023043448,2023-08-23,여자,30 - 39세,경기도,일반판매,건강(암·기타질병)보험,부당행위
2023043449,2023-08-23,여자,60 - 64세,부산광역시,방문판매,학습지,계약해제.해지/위약금
2023043450,2023-08-23,여자,30 - 39세,대구광역시,일반판매,필라테스,계약불이행(불완전이행)
2023043451,2023-08-23,남자,65 - 69세,부산광역시,일반판매,헬스장,계약해제.해지/위약금
2023043452,2023-08-23,여자,50 - 59세,대구광역시,일반판매,양복(서양식 의복)세탁,품질(물품/용역)
2023043453,2023-08-23,여자,65 - 69세,충청남도,일반판매,여자용한복,품질(물품/용역)
2023043454,2023-08-23,여자,40 - 49세,세종특별자치시,국내온라인거래,항공여객운송서비스,계약해제.해지/위약금
2023043455,2023-08-23,남자,30 - 39세,대구광역시,일반판매,각종자격취득강습,계약해제.해지/위약금
2023043456,2023-08-23,여자,30 - 39세,경기도,일반판매,예식서비스,계약해제.해지/위약금
2023043457,2023-08-23,남자,40 - 49세,광주광역시,일반판매,중형승용자동차,안전(제품/시설)
2023043458,2023-08-23,여자,20 - 29세,경기도,방문판매,피부·체형관리서비스,계약해제.해지/위약금
2023043459,2023-08-23,여자,30 - 39세,대구광역시,방문판매,결혼준비대행서비스,계약해제.해지/위약금
2023043460,2023-08-23,남자,40 - 49세,충청북도,전화권유판매,콘도회원권,계약불이행(불완전이행)
2023043461,2023-08-23,여자,30 - 39세,대구광역시,일반판매,기타세탁서비스,품질(물품/용역)
2023043462,2023-08-23,남자,50 - 59세,서울특별시,국내온라인거래,의자,품질(물품/용역)
2023043463,2023-08-23,여자,20 - 29세,서울특별시,일반판매,미용서비스,계약해제.해지/위약금
2023043464,2023-08-23,여자,20 - 29세,서울특별시,국내온라인거래,셔츠,품질(물품/용역)
2023043465,2023-08-23,남자,40 - 49세,경상남도,일반판매,헬스장,계약해제.해지/위약금
2023043466,2023-08-23,남자,30 - 39세,부산광역시,일반판매,기타문화·오락시설이용,계약해제.해지/위약금
2023043467,2023-08-23,여자,20 - 29세,서울특별시,국내온라인거래,양복(서양식 의복)세탁,AS불만
2023043468,2023-08-23,여자,70 - 79세,서울특별시,방문판매,피부·체형관리서비스,계약불이행(불완전이행)
2023043469,2023-08-23,남자,30 - 39세,서울특별시,일반판매,실손보험,계약불이행(불완전이행)
2023043470,2023-08-23,여자,60 - 64세,경기도,방문판매,다이어트식품,계약불이행(불완전이행)
2023043471,2023-08-23,여자,10 - 19세,인천광역시,방문판매,자격증교재,무능력자계약
2023043472,2023-08-23,남자,30 - 39세,충청남도,일반판매,스마트폰,품질(물품/용역)
2023043473,2023-08-23,여자,40 - 49세,서울특별시,국내온라인거래,국외여행,계약해제.해지/위약금
2023043475,2023-08-23,남자,불명,경기도,국내온라인거래,양복(서양식 의복)세탁,품질(물품/용역)
2023043476,2023-08-23,여자,불명,광주광역시,국내온라인거래,신유형상품권,계약불이행(불완전이행)
2023043477,2023-08-23,여자,60 - 64세,대구광역시,일반판매,티셔츠,품질(물품/용역)
2023043478,2023-08-23,여자,40 - 49세,충청남도,일반판매,헬스장,계약해제.해지/위약금
2023043479,2023-08-23,여자,30 - 39세,충청북도,일반판매,내과,품질(물품/용역)
2023043480,2023-08-23,여자,50 - 59세,서울특별시,국내온라인거래,기타신변용품,청약철회
2023043481,2023-08-23,여자,30 - 39세,충청북도,일반판매,기타주류,계약불이행(불완전이행)
2023043482,2023-08-23,남자,불명,경상북도,전화권유판매,콘도회원권,부당행위
2023043483,2023-08-23,여자,20 - 29세,서울특별시,모바일거래,스포츠웨어,청약철회
2023043484,2023-08-23,여자,30 - 39세,부산광역시,일반판매,캐주얼바지,품질(물품/용역)
2023043485,2023-08-23,여자,20 - 29세,광주광역시,일반판매,헬스장,계약해제.해지/위약금
2023043486,2023-08-23,남자,40 - 49세,서울특별시,일반판매,캐주얼바지,품질(물품/용역)
2023043487,2023-08-23,여자,20 - 29세,울산광역시,국내온라인거래,항공여객운송서비스,계약불이행(불완전이행)
2023043488,2023-08-23,여자,20 - 29세,경기도,일반판매,필라테스,계약해제.해지/위약금
2023043490,2023-08-23,여자,30 - 39세,경상남도,방문판매,헬스장,계약해제.해지/위약금
2023043491,2023-08-23,여자,30 - 39세,서울특별시,방문판매,요가,계약해제.해지/위약금
2023043492,2023-08-23,여자,30 - 39세,인천광역시,방문판매,인터넷교육서비스,계약해제.해지/위약금
2023043493,2023-08-23,남자,30 - 39세,경기도,국내온라인거래,모바일정보이용서비스,부당행위
2023043494,2023-08-23,남자,40 - 49세,경기도,모바일거래,모바일게임서비스,부당행위
2023043495,2023-08-23,여자,40 - 49세,경기도,모바일거래,호텔,청약철회
2023043496,2023-08-23,남자,30 - 39세,충청남도,일반판매,헬스장,계약해제.해지/위약금
2023043497,2023-08-23,남자,50 - 59세,충청북도,국내온라인거래,김치냉장고,표시.광고
2023043498,2023-08-23,여자,20 - 29세,경기도,일반판매,헬스장,계약해제.해지/위약금
2023043499,2023-08-23,남자,50 - 59세,서울특별시,기타통신판매,국외여행,계약불이행(불완전이행)
2023043500,2023-08-23,남자,30 - 39세,대전광역시,방문판매,정수기대여(렌트),부당행위
2023043501,2023-08-23,남자,50 - 59세,서울특별시,국내온라인거래,골프회원권,계약불이행(불완전이행)
2023043502,2023-08-23,남자,50 - 59세,서울특별시,일반판매,외식,부당행위
2023043503,2023-08-23,여자,40 - 49세,전라북도,국제온라인거래,기타숙박시설,계약해제.해지/위약금
2023043504,2023-08-23,남자,20 - 29세,광주광역시,일반판매,헬스장,계약해제.해지/위약금
2023043505,2023-08-23,여자,40 - 49세,경상북도,일반판매,일반강습(입시학원등),계약해제.해지/위약금
2023043506,2023-08-23,남자,40 - 49세,경기도,일반판매,시스템에어컨,품질(물품/용역)
2023043507,2023-08-23,여자,30 - 39세,서울특별시,국내온라인거래,실,청약철회
2023043508,2023-08-23,남자,60 - 64세,서울특별시,기타,모바일정보이용서비스,약관
2023043509,2023-08-23,여자,30 - 39세,대전광역시,소셜커머스(쇼핑),다이어트식품,품질(물품/용역)
2023043510,2023-08-23,남자,30 - 39세,서울특별시,방문판매,헬스장,계약해제.해지/위약금
2023043511,2023-08-23,남자,20 - 29세,경기도,국내온라인거래,TV,품질(물품/용역)
2023043512,2023-08-23,여자,65 - 69세,광주광역시,기타,화장품세트,계약해제.해지/위약금
2023043513,2023-08-23,여자,30 - 39세,전라북도,국내온라인거래,레저시설이용,청약철회
2023043514,2023-08-23,남자,60 - 64세,경기도,일반판매,골프회원권,계약해제.해지/위약금
2023043515,2023-08-23,남자,20 - 29세,충청북도,기타통신판매,컴퓨터수리,계약불이행(불완전이행)
2023043516,2023-08-23,여자,20 - 29세,대전광역시,일반판매,필라테스,계약해제.해지/위약금
2023043517,2023-08-23,여자,30 - 39세,서울특별시,국내온라인거래,티셔츠,청약철회
2023043518,2023-08-23,여자,20 - 29세,서울특별시,기타통신판매,펜션,계약해제.해지/위약금
2023043519,2023-08-23,남자,50 - 59세,광주광역시,국내온라인거래,태블릿PC,품질(물품/용역)
2023043520,2023-08-23,여자,20 - 29세,인천광역시,국내온라인거래,카메라부품·용품,계약불이행(불완전이행)
2023043521,2023-08-23,여자,30 - 39세,대구광역시,모바일거래,운동화,품질(물품/용역)
2023043522,2023-08-23,여자,40 - 49세,대구광역시,일반판매,이동전화서비스,청약철회
2023043523,2023-08-23,여자,30 - 39세,경기도,국내온라인거래,냉장고,계약불이행(불완전이행)
2023043524,2023-08-23,여자,40 - 49세,경상남도,일반판매,건강침대(흙·돌등),AS불만
2023043525,2023-08-23,여자,40 - 49세,부산광역시,일반판매,정수기대여(렌트),계약해제.해지/위약금
2023043526,2023-08-23,남자,20 - 29세,대구광역시,기타통신판매,고시원이용,계약불이행(불완전이행)
2023043527,2023-08-23,여자,30 - 39세,대구광역시,국내온라인거래,원피스,청약철회
2023043528,2023-08-23,여자,40 - 49세,경기도,국내온라인거래,제습기,품질(물품/용역)
2023043529,2023-08-23,남자,40 - 49세,경기도,소셜커머스(쇼핑),우유,품질(물품/용역)
2023043531,2023-08-23,여자,20 - 29세,광주광역시,국내온라인거래,TV,AS불만
2023043532,2023-08-23,여자,30 - 39세,경기도,기타통신판매,초고속인터넷,계약해제.해지/위약금
2023043533,2023-08-23,남자,40 - 49세,충청남도,국내온라인거래,룸에어컨,품질(물품/용역)
2023043534,2023-08-23,남자,30 - 39세,충청남도,방문판매,기타예식관련서비스,계약해제.해지/위약금
2023043535,2023-08-23,여자,20 - 29세,전라북도,국내온라인거래,기타숙박시설,계약해제.해지/위약금
2023043536,2023-08-23,여자,50 - 59세,서울특별시,일반판매,헬스장,계약해제.해지/위약금
2023043537,2023-08-23,남자,30 - 39세,경상북도,일반판매,건물청소서비스,계약불이행(불완전이행)
2023043538,2023-08-23,여자,30 - 39세,대구광역시,국제온라인거래,기타숙박시설,청약철회
2023043539,2023-08-23,남자,40 - 49세,경기도,기타,이동전화서비스,품질(물품/용역)
2023043540,2023-08-23,여자,20 - 29세,서울특별시,일반판매,안경·안경테,품질(물품/용역)
2023043541,2023-08-23,여자,30 - 39세,서울특별시,일반판매,헬스장,계약해제.해지/위약금
2023043542,2023-08-23,남자,30 - 39세,경기도,국내온라인거래,컴퓨터모니터(데스크탑),품질(물품/용역)
2023043543,2023-08-23,여자,30 - 39세,서울특별시,일반판매,필라테스,계약해제.해지/위약금
2023043544,2023-08-23,여자,30 - 39세,경기도,국내온라인거래,쇠고기포장육,계약불이행(불완전이행)
2023043545,2023-08-23,남자,50 - 59세,경기도,국내온라인거래,택배화물운송서비스,품질(물품/용역)
2023043546,2023-08-23,여자,30 - 39세,전라남도,기타,하수도위생서비스,품질(물품/용역)
2023043547,2023-08-23,남자,30 - 39세,서울특별시,국제온라인거래,인터넷게임서비스,품질(물품/용역)
2023043548,2023-08-23,여자,30 - 39세,경기도,모바일거래,모바일정보이용서비스,부당행위
2023043549,2023-08-23,남자,40 - 49세,대구광역시,국내온라인거래,기타숙박시설,계약불이행(불완전이행)
2023043550,2023-08-23,남자,40 - 49세,경상북도,전화권유판매,여관(모텔),품질(물품/용역)
2023043551,2023-08-23,여자,30 - 39세,서울특별시,기타,일반강습(입시학원등),계약해제.해지/위약금
2023043552,2023-08-23,여자,50 - 59세,전라남도,기타,포장이사운송서비스,품질(물품/용역)
2023043553,2023-08-23,여자,30 - 39세,경상남도,방문판매,헬스장,계약해제.해지/위약금
2023043554,2023-08-23,여자,40 - 49세,서울특별시,국내온라인거래,항공여객운송서비스,계약불이행(불완전이행)
2023043555,2023-08-23,여자,50 - 59세,경기도,기타,기타민영보험,부당행위
2023043556,2023-08-23,여자,40 - 49세,서울특별시,기타,각종자격취득강습,계약해제.해지/위약금
2023043557,2023-08-23,남자,40 - 49세,서울특별시,모바일거래,기타숙박시설,청약철회
2023043558,2023-08-23,여자,30 - 39세,서울특별시,일반판매,미용서비스,가격.요금
2023043559,2023-08-23,여자,30 - 39세,경기도,일반판매,욕실설비,계약불이행(불완전이행)
2023043560,2023-08-23,여자,50 - 59세,경기도,일반판매,포장이사운송서비스,계약불이행(불완전이행)
2023043561,2023-08-23,여자,20 - 29세,대구광역시,국내온라인거래,기타간편복,계약불이행(불완전이행)
2023043562,2023-08-23,남자,40 - 49세,서울특별시,국내온라인거래,골프용품,부당행위
2023043563,2023-08-23,남자,불명,서울특별시,국내온라인거래,이동전화서비스,계약불이행(불완전이행)
2023043564,2023-08-23,남자,20 - 29세,서울특별시,모바일거래,기타문화·오락시설이용,청약철회
2023043565,2023-08-23,여자,30 - 39세,경상남도,국내온라인거래,샌들·슬리퍼,품질(물품/용역)
2023043566,2023-08-23,여자,50 - 59세,서울특별시,모바일거래,인쇄서비스,품질(물품/용역)
2023043567,2023-08-23,남자,40 - 49세,인천광역시,국내온라인거래,기타보건·위생용품,청약철회
2023043568,2023-08-23,여자,30 - 39세,경기도,국내온라인거래,가스에어컨,계약불이행(불완전이행)
2023043569,2023-08-23,여자,50 - 59세,서울특별시,일반판매,공중목욕탕,안전(제품/시설)
2023043570,2023-08-23,여자,50 - 59세,경기도,기타,기타인테리어설비,품질(물품/용역)
2023043571,2023-08-23,남자,30 - 39세,경기도,국내온라인거래,호텔,계약해제.해지/위약금
2023043572,2023-08-23,여자,30 - 39세,부산광역시,국내온라인거래,핸드백,품질(물품/용역)
2023043573,2023-08-23,여자,20 - 29세,경상북도,국내온라인거래,보석·귀금속,품질(물품/용역)
2023043574,2023-08-23,여자,30 - 39세,경기도,국내온라인거래,건물청소서비스,계약불이행(불완전이행)
2023043575,2023-08-23,여자,30 - 39세,서울특별시,국내온라인거래,인터넷교육서비스,계약해제.해지/위약금
2023043576,2023-08-23,여자,30 - 39세,경상남도,일반판매,기타육류·육류가공식품,품질(물품/용역)
2023043577,2023-08-23,여자,50 - 59세,서울특별시,일반판매,헬스장,계약해제.해지/위약금
2023043578,2023-08-23,여자,30 - 39세,서울특별시,소셜커머스(쇼핑),유리·크리스탈그릇,품질(물품/용역)
2023043579,2023-08-23,여자,50 - 59세,경기도,일반판매,소파,품질(물품/용역)
2023043580,2023-08-23,남자,30 - 39세,대전광역시,국내온라인거래,각종공연관람,청약철회
2023043581,2023-08-23,여자,20 - 29세,서울특별시,일반판매,헬스장,계약해제.해지/위약금
2023043582,2023-08-23,남자,20 - 29세,경기도,방문판매,정수기대여(렌트),계약불이행(불완전이행)
2023043583,2023-08-23,남자,30 - 39세,경상북도,기타,포장이사운송서비스,계약불이행(불완전이행)
2023043584,2023-08-23,남자,60 - 64세,서울특별시,일반판매,TV,AS불만
2023043585,2023-08-23,남자,30 - 39세,서울특별시,기타,미용서비스,계약해제.해지/위약금
2023043586,2023-08-23,여자,30 - 39세,경상북도,일반판매,학습지,계약해제.해지/위약금
2023043587,2023-08-23,남자,40 - 49세,인천광역시,국내온라인거래,스마트폰,계약불이행(불완전이행)
2023043588,2023-08-23,여자,60 - 64세,충청북도,일반판매,티셔츠,청약철회
2023043589,2023-08-23,남자,30 - 39세,경기도,국내온라인거래,운동화,품질(물품/용역)
2023043590,2023-08-23,남자,50 - 59세,서울특별시,국내온라인거래,컴퓨터모니터(데스크탑),계약불이행(불완전이행)
2023043591,2023-08-23,남자,20 - 29세,경기도,일반판매,일반강습(입시학원등),계약해제.해지/위약금
2023043592,2023-08-23,남자,20 - 29세,서울특별시,일반판매,컴퓨터수리,계약불이행(불완전이행)
2023043593,2023-08-23,남자,30 - 39세,경기도,국제온라인거래,호텔,계약해제.해지/위약금
2023043594,2023-08-23,여자,40 - 49세,서울특별시,일반판매,가스에어컨,AS불만
2023043595,2023-08-23,여자,40 - 49세,인천광역시,일반판매,샌들·슬리퍼,품질(물품/용역)
2023043596,2023-08-23,남자,50 - 59세,전라남도,일반판매,기타인테리어설비,계약불이행(불완전이행)
2023043597,2023-08-23,여자,20 - 29세,경기도,일반판매,요가,계약해제.해지/위약금
2023043599,2023-08-23,남자,20 - 29세,경상북도,국제온라인거래,인터넷정보이용서비스,청약철회
2023043600,2023-08-23,남자,30 - 39세,강원특별자치도,기타,초고속인터넷,가격.요금
2023043601,2023-08-23,여자,30 - 39세,서울특별시,국내온라인거래,원피스,청약철회
2023043602,2023-08-23,여자,30 - 39세,서울특별시,국내온라인거래,스포츠웨어,청약철회
2023043603,2023-08-23,여자,40 - 49세,서울특별시,국내온라인거래,숙녀화(구두·부츠 등),청약철회
2023043604,2023-08-23,여자,20 - 29세,대구광역시,모바일거래,수도꼭지,청약철회
2023043605,2023-08-23,남자,30 - 39세,서울특별시,국내온라인거래,티셔츠,청약철회
2023043606,2023-08-24,남자,50 - 59세,제주도,일반판매,자동차보험,약관
2023043607,2023-08-24,여자,80세이상,대구광역시,일반판매,전기진공청소기,품질(물품/용역)
2023043608,2023-08-24,여자,50 - 59세,경기도,일반판매,중형승용자동차,AS불만
2023043610,2023-08-24,여자,70 - 79세,경상북도,일반판매,실손보험,약관
2023043611,2023-08-24,남자,30 - 39세,경상남도,기타,기타숙박시설,계약해제.해지/위약금
2023043612,2023-08-24,여자,50 - 59세,전라북도,전화권유판매,실손보험,약관
2023043613,2023-08-24,여자,30 - 39세,경기도,국내온라인거래,자동차대여(렌트),계약해제.해지/위약금
2023043614,2023-08-24,여자,30 - 39세,경기도,일반판매,자동차세차,계약불이행(불완전이행)
2023043615,2023-08-24,남자,50 - 59세,서울특별시,방문판매,대형승용자동차,품질(물품/용역)
2023043616,2023-08-24,여자,50 - 59세,서울특별시,일반판매,내과,계약해제.해지/위약금
2023043618,2023-08-24,여자,70 - 79세,경기도,일반판매,건강(암·기타질병)보험,약관
2023043619,2023-08-24,여자,40 - 49세,서울특별시,일반판매,피부·체형관리서비스,품질(물품/용역)
2023043620,2023-08-24,남자,50 - 59세,대전광역시,기타통신판매,유사투자자문,계약해제.해지/위약금
2023043621,2023-08-24,남자,50 - 59세,울산광역시,방문판매,실손보험,약관
2023043622,2023-08-24,여자,30 - 39세,대전광역시,일반판매,헬스장,계약해제.해지/위약금
2023043623,2023-08-24,남자,50 - 59세,경상남도,일반판매,자동차수리·점검,AS불만
2023043624,2023-08-24,남자,20 - 29세,인천광역시,일반판매,자동차대여(렌트),약관
2023043625,2023-08-23,여자,30 - 39세,서울특별시,기타,인터넷교육서비스,계약해제.해지/위약금
2023043626,2023-08-24,여자,20 - 29세,경상남도,국제온라인거래,항공여객운송서비스,계약불이행(불완전이행)
2023043627,2023-08-24,남자,30 - 39세,제주도,국내온라인거래,기타농업시설자재,표시.광고
2023043628,2023-08-24,여자,65 - 69세,전라남도,일반판매,종신보험,약관
2023043629,2023-08-24,여자,40 - 49세,대구광역시,일반판매,국외여행,계약불이행(불완전이행)
2023043630,2023-08-24,여자,50 - 59세,서울특별시,일반판매,상조서비스,청약철회
2023043631,2023-08-24,남자,65 - 69세,경상북도,일반판매,건강(암·기타질병)보험,약관
2023043632,2023-08-24,여자,20 - 29세,전라북도,모바일거래,카셰어링,계약불이행(불완전이행)
2023043633,2023-08-24,남자,50 - 59세,경기도,일반판매,대형승용자동차,계약불이행(불완전이행)
2023043634,2023-08-24,남자,30 - 39세,전라남도,일반판매,콘도회원권,계약해제.해지/위약금
2023043635,2023-08-24,여자,30 - 39세,경기도,일반판매,상품권,표시.광고
2023043636,2023-08-24,여자,20 - 29세,서울특별시,일반판매,전기자동차,품질(물품/용역)
2023043637,2023-08-24,여자,20 - 29세,경기도,국내온라인거래,선풍기,청약철회
2023043638,2023-08-24,여자,30 - 39세,서울특별시,일반판매,필라테스,계약해제.해지/위약금
2023043639,2023-08-24,여자,30 - 39세,서울특별시,국내온라인거래,인터넷정보이용서비스,청약철회
2023043640,2023-08-24,남자,50 - 59세,경기도,국내온라인거래,보석·귀금속,청약철회
2023043641,2023-08-24,여자,30 - 39세,서울특별시,일반판매,"연회서비스(돌잔치,회갑 등)",계약해제.해지/위약금
2023043642,2023-08-24,여자,30 - 39세,서울특별시,국내온라인거래,자동차대여(렌트),AS불만
2023043643,2023-08-24,남자,65 - 69세,경상북도,기타통신판매,항공여객운송서비스,계약불이행(불완전이행)
2023043644,2023-08-24,남자,40 - 49세,경기도,기타,브레이크,품질(물품/용역)
2023043645,2023-08-24,남자,30 - 39세,경기도,일반판매,애완동물기타,계약불이행(불완전이행)
2023043646,2023-08-24,남자,40 - 49세,경기도,국내온라인거래,헤드폰·이어폰,AS불만
2023043647,2023-08-24,여자,30 - 39세,충청남도,국내온라인거래,신유형상품권,청약철회
2023043648,2023-08-24,여자,40 - 49세,전라남도,일반판매,학습지,계약해제.해지/위약금
2023043649,2023-08-24,여자,20 - 29세,대구광역시,국내온라인거래,원피스,청약철회
2023043650,2023-08-24,여자,20 - 29세,전라남도,국내온라인거래,전기의류건조기,품질(물품/용역)
2023043651,2023-08-24,여자,60 - 64세,부산광역시,방문판매,상조서비스,계약해제.해지/위약금
2023043652,2023-08-24,여자,20 - 29세,경기도,소셜커머스(쇼핑),전기스탠드,품질(물품/용역)
2023043653,2023-08-24,여자,20 - 29세,서울특별시,국내온라인거래,기타서적음반류,청약철회
2023043654,2023-08-24,남자,65 - 69세,경기도,일반판매,룸에어컨,품질(물품/용역)
2023043656,2023-08-24,남자,65 - 69세,전라남도,일반판매,건강(암·기타질병)보험,약관
2023043657,2023-08-24,남자,40 - 49세,경기도,전화권유판매,연료절감기,계약해제.해지/위약금
2023043658,2023-08-24,여자,30 - 39세,대전광역시,일반판매,중형승용자동차,AS불만
2023043659,2023-08-24,남자,50 - 59세,경기도,일반판매,아파트,계약불이행(불완전이행)
2023043660,2023-08-24,남자,20 - 29세,전라북도,국내온라인거래,펜션,계약해제.해지/위약금
2023043661,2023-08-24,남자,40 - 49세,경기도,국내온라인거래,소파,청약철회
2023043662,2023-08-24,남자,40 - 49세,경기도,국내온라인거래,TV,품질(물품/용역)
2023043663,2023-08-24,남자,50 - 59세,경상남도,국내온라인거래,레저시설이용,청약철회
2023043664,2023-08-24,여자,20 - 29세,경기도,일반판매,필라테스,계약해제.해지/위약금
2023043665,2023-08-24,남자,30 - 39세,충청남도,기타통신판매,유사투자자문,계약해제.해지/위약금
2023043666,2023-08-24,여자,30 - 39세,인천광역시,모바일거래,식사배달,품질(물품/용역)
2023043667,2023-08-24,남자,80세이상,부산광역시,기타통신판매,보청기,계약해제.해지/위약금
2023043668,2023-08-24,남자,불명,부산광역시,국내온라인거래,보석·귀금속,계약불이행(불완전이행)
2023043669,2023-08-24,남자,40 - 49세,인천광역시,국내온라인거래,기타숙박시설,품질(물품/용역)
2023043670,2023-08-24,여자,50 - 59세,서울특별시,일반판매,룸에어컨,품질(물품/용역)
2023043671,2023-08-24,남자,30 - 39세,서울특별시,일반판매,골프회원권,계약해제.해지/위약금
2023043672,2023-08-24,여자,20 - 29세,서울특별시,전화권유판매,인터넷교육서비스,계약해제.해지/위약금
2023043674,2023-08-24,여자,70 - 79세,경기도,일반판매,건강(암·기타질병)보험,약관
2023043676,2023-08-24,남자,50 - 59세,대전광역시,기타통신판매,모바일정보이용서비스,계약불이행(불완전이행)
2023043677,2023-08-24,남자,80세이상,인천광역시,일반판매,치과,품질(물품/용역)
2023043678,2023-08-24,여자,50 - 59세,충청남도,일반판매,포장이사운송서비스,계약불이행(불완전이행)
2023043679,2023-08-24,여자,30 - 39세,대구광역시,국내온라인거래,기타의류·섬유,청약철회
2023043680,2023-08-24,여자,40 - 49세,경기도,일반판매,전기포트,품질(물품/용역)
2023043681,2023-08-24,남자,65 - 69세,대구광역시,기타통신판매,전기자전거,품질(물품/용역)
2023043682,2023-08-24,여자,40 - 49세,서울특별시,기타통신판매,호텔,계약해제.해지/위약금
2023043683,2023-08-24,남자,30 - 39세,서울특별시,모바일거래,기타숙박시설,계약불이행(불완전이행)
2023043685,2023-08-24,남자,50 - 59세,울산광역시,일반판매,타이어,안전(제품/시설)
2023043686,2023-08-24,남자,65 - 69세,부산광역시,일반판매,자동차수리·점검,AS불만
2023043687,2023-08-24,여자,40 - 49세,전라남도,소셜커머스(쇼핑),신유형상품권,계약해제.해지/위약금
2023043689,2023-08-24,남자,40 - 49세,대전광역시,모바일거래,전동킥보드,무능력자계약
2023043690,2023-08-24,남자,50 - 59세,광주광역시,일반판매,안과,품질(물품/용역)
2023043691,2023-08-24,남자,60 - 64세,서울특별시,일반판매,외식,계약불이행(불완전이행)
2023043692,2023-08-24,남자,40 - 49세,경기도,일반판매,핸드백,품질(물품/용역)
2023043693,2023-08-24,남자,50 - 59세,서울특별시,국내온라인거래,이동전화서비스,가격.요금
2023043694,2023-08-24,남자,30 - 39세,울산광역시,국내온라인거래,양복(서양식 의복)세탁,품질(물품/용역)
2023043695,2023-08-24,여자,40 - 49세,서울특별시,일반판매,피부과,품질(물품/용역)
2023043696,2023-08-24,여자,50 - 59세,부산광역시,일반판매,가정의학과,품질(물품/용역)
2023043697,2023-08-24,여자,불명,울산광역시,일반판매,양복(서양식 의복)세탁,품질(물품/용역)
2023043698,2023-08-24,여자,50 - 59세,부산광역시,기타,치과,품질(물품/용역)
2023043699,2023-08-24,남자,60 - 64세,부산광역시,기타,비뇨의학과,품질(물품/용역)
2023043700,2023-08-24,남자,40 - 49세,충청북도,일반판매,티셔츠,품질(물품/용역)
2023043701,2023-08-24,여자,40 - 49세,전라북도,일반판매,골프회원권,계약해제.해지/위약금
2023043702,2023-08-24,여자,50 - 59세,울산광역시,일반판매,골프회원권,계약해제.해지/위약금
2023043703,2023-08-24,여자,50 - 59세,인천광역시,일반판매,핸드백,품질(물품/용역)
2023043704,2023-08-24,여자,50 - 59세,부산광역시,일반판매,티셔츠,품질(물품/용역)
2023043705,2023-08-24,여자,불명,부산광역시,일반판매,기타가방,품질(물품/용역)
2023043706,2023-08-24,여자,40 - 49세,서울특별시,일반판매,스포츠웨어,품질(물품/용역)
2023043707,2023-08-24,남자,70 - 79세,서울특별시,일반판매,점퍼·재킷류,품질(물품/용역)
2023043708,2023-08-24,여자,20 - 29세,인천광역시,국내온라인거래,수영장회원권,계약해제.해지/위약금
2023043709,2023-08-24,여자,40 - 49세,서울특별시,일반판매,양복(서양식 의복)세탁,품질(물품/용역)
2023043710,2023-08-24,여자,50 - 59세,부산광역시,일반판매,정수기대여(렌트),계약불이행(불완전이행)
2023043711,2023-08-24,남자,30 - 39세,광주광역시,국내온라인거래,기타이·미용기구,청약철회
2023043712,2023-08-24,여자,30 - 39세,경기도,모바일거래,"OTT서비스(넷플릭스,왓챠 등)",가격.요금
2023043713,2023-08-24,남자,30 - 39세,서울특별시,일반판매,헬스장,계약해제.해지/위약금
2023043714,2023-08-24,여자,40 - 49세,서울특별시,국내온라인거래,호텔,계약해제.해지/위약금
2023043715,2023-08-24,남자,30 - 39세,울산광역시,국내온라인거래,건물청소서비스,품질(물품/용역)
2023043716,2023-08-24,남자,20 - 29세,서울특별시,일반판매,종합체육시설회원권,계약해제.해지/위약금
2023043717,2023-08-24,여자,20 - 29세,서울특별시,국내온라인거래,기타정보이용서비스,계약해제.해지/위약금
2023043718,2023-08-24,여자,30 - 39세,경기도,일반판매,가스에어컨,가격.요금
2023043719,2023-08-24,여자,40 - 49세,경기도,방문판매,인터넷교육서비스,계약해제.해지/위약금
2023043720,2023-08-24,여자,30 - 39세,경기도,일반판매,미용서비스,계약불이행(불완전이행)
2023043721,2023-08-24,남자,30 - 39세,대전광역시,일반판매,헬스장,계약해제.해지/위약금
2023043722,2023-08-24,남자,40 - 49세,경기도,국내온라인거래,인터넷교육서비스,계약해제.해지/위약금
2023043723,2023-08-24,여자,50 - 59세,경기도,국내온라인거래,룸에어컨,계약해제.해지/위약금
2023043724,2023-08-24,여자,20 - 29세,서울특별시,일반판매,헬스장,계약해제.해지/위약금
2023043725,2023-08-24,여자,40 - 49세,경상남도,일반판매,인터넷교육서비스,계약해제.해지/위약금
2023043726,2023-08-24,여자,30 - 39세,경기도,국내온라인거래,국외여행,표시.광고
2023043727,2023-08-24,남자,40 - 49세,경기도,국내온라인거래,보석·귀금속,청약철회
2023043728,2023-08-24,여자,30 - 39세,인천광역시,국내온라인거래,기타사무용기기,청약철회
2023043729,2023-08-24,남자,30 - 39세,경기도,일반판매,노트북컴퓨터,계약불이행(불완전이행)
2023043730,2023-08-24,여자,50 - 59세,서울특별시,방문판매,다이어트식품,품질(물품/용역)
2023043731,2023-08-24,남자,40 - 49세,대구광역시,소셜커머스(쇼핑),트레이닝기구,품질(물품/용역)
2023043732,2023-08-24,여자,50 - 59세,서울특별시,일반판매,골프용품,AS불만
2023043733,2023-08-24,여자,40 - 49세,서울특별시,일반판매,외식,품질(물품/용역)
2023043734,2023-08-24,남자,20 - 29세,서울특별시,방문판매,헬스장,계약해제.해지/위약금
2023043735,2023-08-24,여자,40 - 49세,경기도,국내온라인거래,호텔,계약불이행(불완전이행)
2023043736,2023-08-24,여자,50 - 59세,전라북도,일반판매,시스템에어컨,품질(물품/용역)
2023043737,2023-08-24,남자,40 - 49세,서울특별시,일반판매,호텔,계약해제.해지/위약금
2023043738,2023-08-24,여자,50 - 59세,서울특별시,기타,항공여객운송서비스,계약해제.해지/위약금
2023043739,2023-08-24,남자,50 - 59세,인천광역시,일반판매,기타방재·방범설비,품질(물품/용역)
2023043740,2023-08-24,남자,50 - 59세,부산광역시,기타,국내결혼중개,계약해제.해지/위약금
2023043741,2023-08-24,남자,30 - 39세,경기도,일반판매,기타미분류서비스,부당행위
2023043742,2023-08-24,남자,20 - 29세,경상남도,일반판매,헬스장,계약해제.해지/위약금
2023043743,2023-08-24,여자,20 - 29세,서울특별시,일반판매,기타이·미용서비스,계약해제.해지/위약금
2023043744,2023-08-24,여자,30 - 39세,경기도,기타통신판매,무선인터넷,계약불이행(불완전이행)
2023043745,2023-08-24,여자,20 - 29세,전라북도,모바일거래,원피스,품질(물품/용역)
2023043746,2023-08-24,남자,30 - 39세,서울특별시,국내온라인거래,각종공연관람,계약해제.해지/위약금
2023043747,2023-08-24,여자,20 - 29세,경기도,국내온라인거래,항공여객운송서비스,계약불이행(불완전이행)
2023043748,2023-08-24,여자,30 - 39세,경상남도,국내온라인거래,기타식품류,품질(물품/용역)
2023043749,2023-08-24,남자,40 - 49세,인천광역시,일반판매,스포츠시설이용,계약불이행(불완전이행)
2023043750,2023-08-24,남자,30 - 39세,충청남도,일반판매,방향제,품질(물품/용역)
2023043751,2023-08-24,남자,20 - 29세,부산광역시,일반판매,기타가구,표시.광고
2023043752,2023-08-24,여자,40 - 49세,강원특별자치도,국내온라인거래,전기진공청소기,품질(물품/용역)
2023043753,2023-08-24,남자,40 - 49세,울산광역시,일반판매,법률(행정),계약불이행(불완전이행)
2023043754,2023-08-24,남자,30 - 39세,부산광역시,방문판매,기타교육서비스,계약해제.해지/위약금
2023043755,2023-08-24,여자,20 - 29세,전라남도,국내온라인거래,기타숙박시설,계약해제.해지/위약금
2023043756,2023-08-24,여자,30 - 39세,경기도,방문판매,인터넷교육서비스,계약불이행(불완전이행)
2023043757,2023-08-24,여자,30 - 39세,강원특별자치도,전화권유판매,인터넷교육서비스,계약해제.해지/위약금
2023043758,2023-08-24,남자,65 - 69세,경기도,전화권유판매,기타미분류서비스,계약해제.해지/위약금
2023043759,2023-08-24,여자,40 - 49세,서울특별시,국내온라인거래,건물청소서비스,청약철회
2023043760,2023-08-24,남자,30 - 39세,서울특별시,기타,비데,계약불이행(불완전이행)
2023043761,2023-08-24,남자,40 - 49세,광주광역시,국내온라인거래,TV,AS불만
2023043762,2023-08-24,남자,50 - 59세,대전광역시,국내온라인거래,낚시용품,청약철회
2023043763,2023-08-24,남자,40 - 49세,서울특별시,방문판매,스마트폰,품질(물품/용역)
2023043764,2023-08-24,남자,30 - 39세,서울특별시,국내온라인거래,노트북컴퓨터,품질(물품/용역)
2023043765,2023-08-24,여자,20 - 29세,충청남도,국내온라인거래,국외여행,계약불이행(불완전이행)
2023043766,2023-08-24,여자,30 - 39세,서울특별시,일반판매,헬스장,AS불만
2023043767,2023-08-24,남자,20 - 29세,경기도,전화권유판매,헬스장,계약해제.해지/위약금
2023043769,2023-08-24,여자,20 - 29세,경기도,일반판매,의상대여(렌트),부당행위
2023043770,2023-08-24,남자,30 - 39세,경기도,일반판매,예식서비스,계약해제.해지/위약금
2023043771,2023-08-24,여자,30 - 39세,강원특별자치도,일반판매,정수기대여(렌트),품질(물품/용역)
2023043772,2023-08-24,남자,40 - 49세,인천광역시,기타,인터넷교육서비스,계약해제.해지/위약금
2023043773,2023-08-24,남자,30 - 39세,경기도,기타,초고속인터넷,품질(물품/용역)
2023043774,2023-08-24,여자,30 - 39세,부산광역시,모바일거래,인터넷교육서비스,품질(물품/용역)
2023043775,2023-08-24,남자,60 - 64세,충청북도,기타,휴대폰(2G),부당행위
2023043777,2023-08-24,여자,30 - 39세,부산광역시,국내온라인거래,여자용내의류,청약철회
2023043778,2023-08-24,여자,20 - 29세,서울특별시,모바일거래,캐주얼바지,청약철회
2023043779,2023-08-24,여자,20 - 29세,경기도,기타통신판매,핸드백,청약철회
2023043780,2023-08-24,여자,40 - 49세,광주광역시,방문판매,일반강습(입시학원등),계약해제.해지/위약금
2023043781,2023-08-24,여자,50 - 59세,경기도,기타,신유형상품권,부당행위
2023043782,2023-08-24,여자,40 - 49세,서울특별시,일반판매,숙녀화(구두·부츠 등),AS불만
2023043783,2023-08-24,남자,50 - 59세,제주도,기타,소파커버,AS불만
2023043784,2023-08-24,남자,30 - 39세,충청남도,방문판매,음식물처리기대여(렌트),품질(물품/용역)
2023043785,2023-08-24,남자,40 - 49세,경기도,국내온라인거래,쓰레기통,안전(제품/시설)
2023043786,2023-08-24,남자,30 - 39세,경기도,국내온라인거래,레저·이벤트회원권,계약해제.해지/위약금
2023043787,2023-08-24,여자,30 - 39세,경기도,기타,기타미분류서비스,부당행위
2023043788,2023-08-24,여자,40 - 49세,서울특별시,국내온라인거래,호텔,계약불이행(불완전이행)
2023043789,2023-08-24,여자,20 - 29세,서울특별시,일반판매,사진촬영,계약해제.해지/위약금
2023043790,2023-08-24,남자,20 - 29세,경상북도,일반판매,기타목욕서비스,계약해제.해지/위약금
2023043791,2023-08-24,여자,40 - 49세,부산광역시,소셜커머스(쇼핑),여자용내의류,청약철회
2023043792,2023-08-24,여자,50 - 59세,인천광역시,기타,"OTT서비스(넷플릭스,왓챠 등)",계약해제.해지/위약금
2023043793,2023-08-24,남자,30 - 39세,경상남도,국내온라인거래,쓰레기통,청약철회
2023043794,2023-08-24,여자,50 - 59세,경기도,기타,오피스텔,AS불만
2023043795,2023-08-24,여자,20 - 29세,경기도,국내온라인거래,정수기,품질(물품/용역)
2023043796,2023-08-24,남자,40 - 49세,서울특별시,전화권유판매,CCTV,계약불이행(불완전이행)
2023043797,2023-08-24,여자,40 - 49세,서울특별시,국내온라인거래,전집물,청약철회
2023043798,2023-08-24,여자,20 - 29세,경상남도,국내온라인거래,기타숙박시설,계약해제.해지/위약금
2023043799,2023-08-24,여자,20 - 29세,인천광역시,국내온라인거래,기타서적음반류,계약불이행(불완전이행)
2023043800,2023-08-24,여자,30 - 39세,서울특별시,기타,이동전화서비스,부당행위
2023043801,2023-08-24,여자,30 - 39세,서울특별시,기타통신판매,미용서비스,계약해제.해지/위약금
2023043802,2023-08-24,여자,30 - 39세,세종특별자치시,국내온라인거래,닭고기포장육,계약해제.해지/위약금
2023043803,2023-08-25,여자,30 - 39세,대구광역시,방문판매,인터넷교육서비스,계약해제.해지/위약금
2023043804,2023-08-25,남자,50 - 59세,경상북도,전화권유판매,유사투자자문,계약해제.해지/위약금
2023043805,2023-08-25,남자,20 - 29세,서울특별시,국내온라인거래,기타숙박시설,계약해제.해지/위약금
2023043806,2023-08-25,남자,20 - 29세,서울특별시,기타통신판매,항공여객운송서비스,청약철회
2023043807,2023-08-25,남자,30 - 39세,서울특별시,기타,호텔,품질(물품/용역)
2023043808,2023-08-25,여자,30 - 39세,대구광역시,일반판매,헬스장,계약불이행(불완전이행)
2023043809,2023-08-25,여자,20 - 29세,경기도,일반판매,자동차대여(렌트),부당행위
2023043810,2023-08-25,남자,20 - 29세,경기도,일반판매,항공여객운송서비스,계약해제.해지/위약금
2023043811,2023-08-25,남자,30 - 39세,대전광역시,일반판매,호텔,계약해제.해지/위약금
2023043812,2023-08-25,여자,30 - 39세,서울특별시,국내온라인거래,핸드백,품질(물품/용역)
2023043813,2023-08-25,여자,40 - 49세,경상남도,국내온라인거래,기타서적음반류,계약불이행(불완전이행)
2023043814,2023-08-25,남자,60 - 64세,충청남도,전화권유판매,기타매체광고,계약해제.해지/위약금
2023043815,2023-08-25,여자,30 - 39세,서울특별시,모바일거래,기타화물운송서비스,계약불이행(불완전이행)
2023043816,2023-08-25,여자,20 - 29세,인천광역시,일반판매,필라테스,계약불이행(불완전이행)
2023043818,2023-08-25,남자,60 - 64세,경상남도,일반판매,택배화물운송서비스,계약불이행(불완전이행)
2023043819,2023-08-25,남자,30 - 39세,인천광역시,모바일거래,카셰어링,부당행위
2023043820,2023-08-25,여자,40 - 49세,인천광역시,기타,선풍기,AS불만
2023043821,2023-08-25,여자,50 - 59세,부산광역시,일반판매,원피스,품질(물품/용역)
2023043822,2023-08-25,남자,50 - 59세,서울특별시,일반판매,중형승용자동차,AS불만
2023043825,2023-08-25,남자,20 - 29세,경기도,방문판매,도어록,품질(물품/용역)
2023043826,2023-08-25,남자,60 - 64세,대구광역시,일반판매,이동전화서비스,청약철회
2023043827,2023-08-25,여자,40 - 49세,서울특별시,일반판매,스포츠시설이용,품질(물품/용역)
2023043828,2023-08-25,여자,30 - 39세,서울특별시,일반판매,택배화물운송서비스,계약불이행(불완전이행)
2023043829,2023-08-25,남자,30 - 39세,경기도,일반판매,신용카드,계약해제.해지/위약금
2023043830,2023-08-25,남자,65 - 69세,서울특별시,일반판매,케이블TV,가격.요금
2023043831,2023-08-25,여자,50 - 59세,서울특별시,일반판매,핸드백,품질(물품/용역)
2023043832,2023-08-25,여자,60 - 64세,충청남도,일반판매,스포츠웨어,품질(물품/용역)
2023043833,2023-08-25,남자,40 - 49세,경기도,일반판매,차량용블랙박스,부당행위
2023043834,2023-08-25,여자,60 - 64세,서울특별시,일반판매,헬스장,계약해제.해지/위약금
2023043835,2023-08-25,여자,40 - 49세,전라남도,일반판매,항공여객운송서비스,부당행위
2023043836,2023-08-25,여자,20 - 29세,경기도,일반판매,전기자전거,품질(물품/용역)
2023043837,2023-08-25,남자,70 - 79세,인천광역시,일반판매,기타위생서비스,품질(물품/용역)
2023043838,2023-08-25,여자,50 - 59세,충청남도,방문판매,제조물·생산및영업배상보험,계약불이행(불완전이행)
2023043839,2023-08-25,남자,50 - 59세,경기도,일반판매,기타보건·위생용품,품질(물품/용역)
2023043840,2023-08-25,남자,30 - 39세,경기도,일반판매,학생용가방,청약철회
2023043841,2023-08-25,여자,50 - 59세,서울특별시,일반판매,애완동물기타,계약해제.해지/위약금
2023043842,2023-08-25,여자,40 - 49세,전라북도,모바일거래,모바일게임서비스,부당행위
2023043843,2023-08-25,여자,50 - 59세,경기도,일반판매,피부과,품질(물품/용역)
2023043844,2023-08-25,여자,30 - 39세,세종특별자치시,기타,자동차수리·점검,AS불만
2023043845,2023-08-25,남자,60 - 64세,광주광역시,일반판매,건강(암·기타질병)보험,약관
2023043846,2023-08-25,여자,50 - 59세,경상남도,일반판매,건강(암·기타질병)보험,약관
2023043849,2023-08-25,여자,40 - 49세,충청남도,일반판매,정수기,AS불만
2023043850,2023-08-25,여자,70 - 79세,서울특별시,기타,실손보험,계약불이행(불완전이행)
2023043851,2023-08-25,여자,30 - 39세,인천광역시,일반판매,헤드폰·이어폰,AS불만
2023043852,2023-08-25,남자,30 - 39세,서울특별시,모바일거래,전동킥보드,계약해제.해지/위약금
2023043853,2023-08-25,여자,20 - 29세,대구광역시,일반판매,헬스장,계약해제.해지/위약금
2023043854,2023-08-25,여자,50 - 59세,경기도,일반판매,건강(암·기타질병)보험,약관
2023043855,2023-08-25,여자,70 - 79세,경기도,TV홈쇼핑,상조서비스,가격.요금
2023043857,2023-08-25,여자,40 - 49세,부산광역시,국내온라인거래,원피스,품질(물품/용역)
2023043858,2023-08-25,남자,50 - 59세,경기도,일반판매,기타회원권,거래관행
2023043861,2023-08-25,여자,20 - 29세,서울특별시,일반판매,필라테스,계약해제.해지/위약금
2023043862,2023-08-25,남자,60 - 64세,전라남도,일반판매,대형승용자동차,품질(물품/용역)
2023043863,2023-08-25,여자,불명,경기도,일반판매,양복(서양식 의복)세탁,품질(물품/용역)
2023043864,2023-08-25,여자,50 - 59세,인천광역시,일반판매,룸에어컨,청약철회
2023043866,2023-08-25,여자,40 - 49세,경기도,일반판매,기타사설강습서비스,계약해제.해지/위약금
2023043867,2023-08-25,남자,60 - 64세,대전광역시,기타통신판매,기타자동차부품,계약불이행(불완전이행)
2023043868,2023-08-25,남자,60 - 64세,서울특별시,일반판매,전기자전거,품질(물품/용역)
2023043869,2023-08-25,여자,30 - 39세,경기도,일반판매,양복(서양식 의복)세탁,품질(물품/용역)
2023043870,2023-08-25,여자,30 - 39세,경기도,일반판매,성형외과,계약해제.해지/위약금
2023043871,2023-08-25,남자,65 - 69세,서울특별시,전화권유판매,기타건강식품,표시.광고
2023043872,2023-08-25,여자,20 - 29세,대전광역시,일반판매,필라테스,계약해제.해지/위약금
2023043873,2023-08-25,여자,40 - 49세,부산광역시,국내온라인거래,각종쿠폰류(무료통화권포함),계약불이행(불완전이행)
2023043874,2023-08-25,남자,40 - 49세,경상남도,일반판매,정수기대여(렌트),계약불이행(불완전이행)
2023043875,2023-08-25,여자,40 - 49세,서울특별시,국내온라인거래,기타통신기기,품질(물품/용역)
2023043876,2023-08-25,여자,20 - 29세,경기도,일반판매,애완견,계약해제.해지/위약금
2023043877,2023-08-25,남자,30 - 39세,경상북도,국제온라인거래,신유형상품권,부당행위
2023043878,2023-08-25,여자,30 - 39세,대구광역시,국내온라인거래,샌들·슬리퍼,청약철회
2023043879,2023-08-25,여자,20 - 29세,충청남도,국내온라인거래,기타신변용품,계약해제.해지/위약금
2023043880,2023-08-25,남자,65 - 69세,경기도,기타통신판매,기타냉장·냉동기기,품질(물품/용역)
2023043881,2023-08-25,여자,65 - 69세,경기도,일반판매,스커트,품질(물품/용역)
2023043882,2023-08-25,여자,30 - 39세,전라북도,일반판매,학습지,계약해제.해지/위약금
2023043883,2023-08-25,남자,65 - 69세,인천광역시,TV홈쇼핑,묘지설비,약관
2023043884,2023-08-25,여자,50 - 59세,서울특별시,일반판매,화장실설비,계약불이행(불완전이행)
2023043885,2023-08-25,남자,30 - 39세,서울특별시,국내온라인거래,양복(서양식 의복)세탁,품질(물품/용역)
2023043886,2023-08-25,여자,20 - 29세,서울특별시,기타통신판매,기타숙박시설,계약해제.해지/위약금
2023043887,2023-08-25,여자,30 - 39세,경상북도,국내온라인거래,오븐류,품질(물품/용역)
2023043888,2023-08-25,남자,30 - 39세,서울특별시,일반판매,스마트폰,계약불이행(불완전이행)
2023043889,2023-08-25,여자,40 - 49세,충청북도,기타통신판매,포장이사운송서비스,품질(물품/용역)
2023043890,2023-08-25,남자,30 - 39세,부산광역시,일반판매,인터넷정보이용서비스,계약해제.해지/위약금
2023043891,2023-08-25,남자,70 - 79세,경기도,일반판매,약국,안전(제품/시설)
2023043892,2023-08-25,남자,20 - 29세,서울특별시,국내온라인거래,신유형상품권,부당행위
2023043893,2023-08-25,여자,30 - 39세,경기도,일반판매,애완견,계약불이행(불완전이행)
2023043894,2023-08-25,여자,40 - 49세,경기도,국내온라인거래,기타어패류·어패류가공식품,계약불이행(불완전이행)
2023043895,2023-08-25,여자,20 - 29세,부산광역시,일반판매,성형외과,품질(물품/용역)
2023043897,2023-08-25,여자,30 - 39세,광주광역시,국내온라인거래,룸에어컨,품질(물품/용역)
2023043898,2023-08-25,남자,30 - 39세,강원특별자치도,일반판매,전기자동차,계약불이행(불완전이행)
2023043899,2023-08-25,여자,50 - 59세,대전광역시,국내온라인거래,기타재봉·세탁·청소용품,품질(물품/용역)
2023043900,2023-08-25,여자,30 - 39세,경기도,국내온라인거래,반포장이사운송서비스,계약불이행(불완전이행)
2023043901,2023-08-25,여자,20 - 29세,경기도,일반판매,전기자동차,품질(물품/용역)
2023043902,2023-08-25,남자,65 - 69세,경상남도,기타통신판매,TV,계약불이행(불완전이행)
2023043903,2023-08-25,남자,40 - 49세,경기도,일반판매,대형승용자동차,부당행위
2023043904,2023-08-25,남자,20 - 29세,인천광역시,국내온라인거래,건물청소서비스,계약해제.해지/위약금
2023043905,2023-08-25,여자,40 - 49세,경기도,국내온라인거래,오존살균기,AS불만
2023043906,2023-08-25,여자,60 - 64세,부산광역시,기타,김치냉장고,품질(물품/용역)
2023043907,2023-08-25,남자,30 - 39세,경기도,모바일거래,신유형상품권,표시.광고
2023043908,2023-08-25,여자,30 - 39세,대전광역시,국내온라인거래,기타미분류서비스,계약불이행(불완전이행)
2023043909,2023-08-25,남자,30 - 39세,경기도,기타통신판매,포장이사운송서비스,계약불이행(불완전이행)
2023043910,2023-08-25,남자,불명,제주도,기타,제조물·생산및영업배상보험,부당행위
2023043911,2023-08-25,여자,50 - 59세,경상북도,일반판매,스마트폰,AS불만
2023043912,2023-08-25,여자,20 - 29세,경기도,일반판매,필라테스,계약해제.해지/위약금
2023043913,2023-08-25,남자,30 - 39세,경상남도,국내온라인거래,TV,품질(물품/용역)
2023043914,2023-08-25,여자,40 - 49세,경기도,국내온라인거래,티셔츠,표시.광고
2023043915,2023-08-25,여자,50 - 59세,경상북도,국내온라인거래,스프링매트리스,계약불이행(불완전이행)
2023043916,2023-08-25,여자,50 - 59세,경기도,일반판매,스커트,계약불이행(불완전이행)
2023043917,2023-08-25,여자,20 - 29세,전라북도,일반판매,핸드백,품질(물품/용역)
2023043918,2023-08-25,여자,40 - 49세,경기도,방문판매,인터넷교육서비스,계약해제.해지/위약금
2023043919,2023-08-25,여자,60 - 64세,부산광역시,국내온라인거래,침대,품질(물품/용역)
2023043920,2023-08-25,여자,40 - 49세,충청북도,일반판매,인터넷정보이용서비스,계약해제.해지/위약금
2023043921,2023-08-25,여자,40 - 49세,충청북도,일반판매,인터넷정보이용서비스,계약불이행(불완전이행)
2023043922,2023-08-25,여자,40 - 49세,전라남도,일반판매,룸에어컨,안전(제품/시설)
2023043924,2023-08-25,여자,불명,부산광역시,일반판매,자동차대여(렌트),부당행위
2023043925,2023-08-25,여자,50 - 59세,경기도,국내온라인거래,식탁,계약불이행(불완전이행)
2023043928,2023-08-25,남자,30 - 39세,경기도,국내온라인거래,기타방문·통신교육서비스,계약해제.해지/위약금
2023043929,2023-08-25,남자,40 - 49세,강원특별자치도,국내온라인거래,인터넷교육서비스,표시.광고
2023043931,2023-08-25,여자,30 - 39세,전라남도,국내온라인거래,안마의자,청약철회
2023043932,2023-08-25,남자,20 - 29세,부산광역시,국내온라인거래,미용서비스,가격.요금
2023043933,2023-08-25,여자,20 - 29세,강원특별자치도,일반판매,헬스장,계약해제.해지/위약금
2023043934,2023-08-25,여자,20 - 29세,서울특별시,일반판매,헬스장,계약해제.해지/위약금
2023043936,2023-08-25,남자,40 - 49세,경상남도,일반판매,TV,AS불만
2023043937,2023-08-25,남자,40 - 49세,서울특별시,국내온라인거래,기타숙박시설,계약해제.해지/위약금
2023043938,2023-08-25,남자,30 - 39세,경기도,일반판매,결혼준비대행서비스,계약해제.해지/위약금
2023043939,2023-08-25,여자,30 - 39세,서울특별시,일반판매,소파,계약불이행(불완전이행)
2023043940,2023-08-25,남자,30 - 39세,전라남도,일반판매,룸에어컨,AS불만
2023043941,2023-08-25,여자,40 - 49세,서울특별시,일반판매,식탁,품질(물품/용역)
2023043942,2023-08-25,남자,20 - 29세,인천광역시,모바일거래,모바일게임서비스,품질(물품/용역)
2023043943,2023-08-25,여자,30 - 39세,서울특별시,국내온라인거래,기타신발·용품,품질(물품/용역)
2023043944,2023-08-25,여자,30 - 39세,광주광역시,국내온라인거래,항공여객운송서비스,계약해제.해지/위약금
2023043945,2023-08-25,남자,50 - 59세,서울특별시,일반판매,스마트폰,품질(물품/용역)
2023043946,2023-08-25,남자,60 - 64세,경기도,일반판매,기타목욕서비스,계약불이행(불완전이행)
2023043947,2023-08-25,여자,20 - 29세,경기도,일반판매,헬스장,계약해제.해지/위약금
2023043948,2023-08-25,남자,30 - 39세,충청남도,일반판매,애완동물기타,계약불이행(불완전이행)
2023043949,2023-08-25,여자,40 - 49세,서울특별시,소셜커머스(쇼핑),김치냉장고,품질(물품/용역)
2023043950,2023-08-25,여자,20 - 29세,서울특별시,국내온라인거래,항공여객운송서비스,청약철회
2023043951,2023-08-25,여자,30 - 39세,경상남도,국내온라인거래,항공여객운송서비스,품질(물품/용역)
2023043952,2023-08-25,여자,20 - 29세,서울특별시,모바일거래,기타숙박시설,청약철회
2023043953,2023-08-25,남자,20 - 29세,강원특별자치도,국내온라인거래,항공여객운송서비스,계약해제.해지/위약금
2023043954,2023-08-25,남자,30 - 39세,경기도,일반판매,수영장회원권,계약해제.해지/위약금
2023043955,2023-08-25,남자,30 - 39세,대전광역시,일반판매,헬스장,계약해제.해지/위약금
2023043956,2023-08-25,남자,40 - 49세,경기도,국내온라인거래,일반이사운송서비스,품질(물품/용역)
2023043957,2023-08-25,여자,20 - 29세,경기도,국내온라인거래,인터넷교육서비스,계약불이행(불완전이행)
2023043958,2023-08-25,남자,65 - 69세,경기도,국내온라인거래,노트북컴퓨터,청약철회
2023043959,2023-08-25,남자,20 - 29세,경기도,국제온라인거래,펜션,계약해제.해지/위약금
2023043960,2023-08-25,여자,20 - 29세,경기도,방문판매,필라테스,계약해제.해지/위약금
2023043961,2023-08-25,여자,40 - 49세,경기도,소셜커머스(쇼핑),기타건강식품,청약철회
2023043962,2023-08-25,남자,40 - 49세,서울특별시,소셜커머스(쇼핑),외식,청약철회
2023043963,2023-08-25,남자,50 - 59세,서울특별시,기타,의류수선,AS불만
2023043964,2023-08-25,여자,40 - 49세,전라북도,일반판매,필라테스,계약해제.해지/위약금
2023043965,2023-08-25,남자,30 - 39세,경기도,방문판매,헬스장,계약해제.해지/위약금
2023043966,2023-08-25,여자,50 - 59세,경기도,국내온라인거래,기타침구류,표시.광고
2023043967,2023-08-25,남자,50 - 59세,부산광역시,국내온라인거래,항공여객운송서비스,계약해제.해지/위약금
2023043968,2023-08-25,여자,40 - 49세,제주도,국내온라인거래,기타화물운송서비스,계약해제.해지/위약금
2023043969,2023-08-25,여자,30 - 39세,제주도,일반판매,골프용품,품질(물품/용역)
2023043970,2023-08-25,남자,40 - 49세,인천광역시,국내온라인거래,기타숙박시설,계약해제.해지/위약금
2023043971,2023-08-25,여자,40 - 49세,경상남도,일반판매,정수기대여(렌트),AS불만
2023043972,2023-08-25,남자,40 - 49세,경상북도,국내온라인거래,스마트폰,표시.광고
2023043973,2023-08-25,남자,30 - 39세,경기도,모바일거래,식사배달,품질(물품/용역)
2023043974,2023-08-25,남자,30 - 39세,경기도,국내온라인거래,인터넷정보이용서비스,계약해제.해지/위약금
2023043975,2023-08-25,남자,30 - 39세,강원특별자치도,소셜커머스(쇼핑),닭고기포장육,청약철회
2023043976,2023-08-25,남자,30 - 39세,부산광역시,국내온라인거래,냉장고,AS불만
2023043977,2023-08-25,여자,30 - 39세,경기도,일반판매,헬스장,계약해제.해지/위약금
2023043978,2023-08-25,남자,50 - 59세,서울특별시,소셜커머스(쇼핑),골프용품,품질(물품/용역)
2023043979,2023-08-25,여자,30 - 39세,서울특별시,모바일거래,항공화물운송서비스,표시.광고
2023043980,2023-08-25,여자,20 - 29세,경상남도,전화권유판매,모바일정보이용서비스,계약불이행(불완전이행)
2023043981,2023-08-25,남자,30 - 39세,서울특별시,방문판매,시스템에어컨,품질(물품/용역)
2023043982,2023-08-25,여자,30 - 39세,경기도,방문판매,전기세탁기,품질(물품/용역)
2023043983,2023-08-25,여자,40 - 49세,인천광역시,국내온라인거래,국내여행,계약해제.해지/위약금
2023043985,2023-08-25,남자,불명,강원특별자치도,국내온라인거래,기타스포츠·레저기구·용품,청약철회
2023043986,2023-08-25,남자,불명,강원특별자치도,국내온라인거래,기타스포츠·레저기구·용품,청약철회
2023043987,2023-08-25,남자,40 - 49세,인천광역시,일반판매,헬스장,계약해제.해지/위약금
2023043988,2023-08-25,여자,50 - 59세,서울특별시,국내온라인거래,여자용내의류,청약철회
2023043989,2023-08-25,여자,30 - 39세,경상남도,소셜커머스(쇼핑),보석·귀금속,청약철회
2023043990,2023-08-25,여자,60 - 64세,경상북도,방문판매,복합기,품질(물품/용역)
2023043991,2023-08-25,여자,40 - 49세,세종특별자치시,국내온라인거래,기타관람·감상,약관
2023043992,2023-08-25,여자,50 - 59세,강원특별자치도,국내온라인거래,숙녀복상의,청약철회
2023043993,2023-08-25,남자,30 - 39세,인천광역시,국내온라인거래,기타가구,계약불이행(불완전이행)
2023043994,2023-08-25,남자,30 - 39세,서울특별시,소셜커머스(쇼핑),룸에어컨,품질(물품/용역)
2023043995,2023-08-25,여자,50 - 59세,충청북도,일반판매,기타냉장·냉동기기,품질(물품/용역)
2023043996,2023-08-25,여자,50 - 59세,경상남도,방문판매,기타주방설비,계약해제.해지/위약금
2023043997,2023-08-25,여자,60 - 64세,서울특별시,국제온라인거래,기타의료용구,안전(제품/시설)
2023043998,2023-08-25,남자,40 - 49세,서울특별시,일반판매,헬스장,계약해제.해지/위약금
2023043999,2023-08-25,여자,50 - 59세,경기도,기타,항공여객운송서비스,계약해제.해지/위약금
2023044000,2023-08-25,여자,30 - 39세,서울특별시,국내온라인거래,운동화,청약철회
2023044001,2023-08-25,여자,20 - 29세,울산광역시,일반판매,각종자격취득강습,품질(물품/용역)
2023044031,2023-08-26,여자,20 - 29세,경기도,일반판매,헬스장,계약해제.해지/위약금
2023044032,2023-08-26,여자,불명,서울특별시,일반판매,인덕션레인지,품질(물품/용역)
2023044033,2023-08-26,여자,40 - 49세,경상북도,전화권유판매,모바일정보이용서비스,계약해제.해지/위약금
2023044035,2023-08-26,남자,50 - 59세,경기도,일반판매,소파,품질(물품/용역)
2023044036,2023-08-26,여자,30 - 39세,경기도,소셜커머스(쇼핑),전기진공청소기,AS불만
2023044037,2023-08-26,여자,20 - 29세,경기도,국내온라인거래,국외여행,계약불이행(불완전이행)
2023044038,2023-08-26,남자,20 - 29세,서울특별시,소셜커머스(쇼핑),여행용가방,청약철회
2023044039,2023-08-26,남자,60 - 64세,서울특별시,국내온라인거래,국내여행,계약해제.해지/위약금
2023044040,2023-08-26,남자,40 - 49세,경기도,국내온라인거래,기타완구·인형,품질(물품/용역)
2023044041,2023-08-26,여자,50 - 59세,서울특별시,일반판매,스프링매트리스,품질(물품/용역)
2023044042,2023-08-26,여자,20 - 29세,경기도,국내온라인거래,항공여객운송서비스,계약해제.해지/위약금
2023044043,2023-08-26,남자,30 - 39세,서울특별시,기타,침대·매트리스대여(렌트),계약불이행(불완전이행)
2023044044,2023-08-26,남자,40 - 49세,충청남도,국내온라인거래,국외여행,계약해제.해지/위약금
2023044045,2023-08-26,남자,20 - 29세,대구광역시,국내온라인거래,남자용내의류,청약철회
2023044046,2023-08-26,남자,30 - 39세,경기도,국내온라인거래,국외여행,청약철회
2023044047,2023-08-26,여자,30 - 39세,울산광역시,일반판매,기타통신기기,AS불만
2023044048,2023-08-26,여자,30 - 39세,경기도,일반판매,헬스장,계약해제.해지/위약금
2023044049,2023-08-26,여자,20 - 29세,경기도,일반판매,필라테스,계약해제.해지/위약금
2023044050,2023-08-26,여자,30 - 39세,인천광역시,모바일거래,어패류젓갈,청약철회
2023044051,2023-08-26,여자,20 - 29세,인천광역시,국내온라인거래,항공여객운송서비스,계약해제.해지/위약금
2023044052,2023-08-26,남자,60 - 64세,전라북도,일반판매,기타조리기기·기구,품질(물품/용역)
2023044053,2023-08-26,여자,20 - 29세,서울특별시,국내온라인거래,노트북컴퓨터,품질(물품/용역)
2023044131,2023-08-27,여자,30 - 39세,서울특별시,일반판매,스마트폰,가격.요금
2023044132,2023-08-27,남자,30 - 39세,서울특별시,소셜커머스(쇼핑),기타미분류물품,품질(물품/용역)
2023044133,2023-08-27,여자,40 - 49세,서울특별시,일반판매,기타인테리어설비,AS불만
2023044135,2023-08-27,여자,40 - 49세,경기도,국제온라인거래,항공여객운송서비스,계약해제.해지/위약금
2023044136,2023-08-27,남자,30 - 39세,경기도,국내온라인거래,기타숙박시설,청약철회
2023044137,2023-08-27,여자,50 - 59세,서울특별시,TV홈쇼핑,안마의자,품질(물품/용역)
2023044138,2023-08-27,여자,50 - 59세,경상남도,일반판매,룸에어컨,품질(물품/용역)
2023044139,2023-08-27,남자,30 - 39세,서울특별시,일반판매,이동전화서비스,가격.요금
2023044140,2023-08-27,여자,30 - 39세,서울특별시,국내온라인거래,항공여객운송서비스,계약불이행(불완전이행)
2023044141,2023-08-27,여자,30 - 39세,서울특별시,모바일거래,기타가방,부당행위
2023044142,2023-08-27,여자,30 - 39세,경기도,일반판매,변호서비스,계약해제.해지/위약금
2023044143,2023-08-27,남자,30 - 39세,경상남도,방문판매,헬스장,계약해제.해지/위약금
2023044144,2023-08-27,남자,20 - 29세,부산광역시,방문판매,헬스장,계약해제.해지/위약금
2023044145,2023-08-27,남자,65 - 69세,서울특별시,소셜커머스(쇼핑),기타스포츠·레저기구·용품,표시.광고
2023044146,2023-08-27,여자,20 - 29세,서울특별시,모바일거래,호텔,청약철회
2023044147,2023-08-27,여자,50 - 59세,대전광역시,일반판매,스마트폰,AS불만
2023044149,2023-08-28,남자,50 - 59세,충청남도,전화권유판매,인터넷정보이용서비스,계약해제.해지/위약금
2023044150,2023-08-28,여자,불명,서울특별시,일반판매,자동차대여(렌트),계약해제.해지/위약금
2023044152,2023-08-28,여자,50 - 59세,경기도,국내온라인거래,샌들·슬리퍼,품질(물품/용역)
2023044153,2023-08-28,남자,40 - 49세,강원특별자치도,일반판매,포장이사운송서비스,품질(물품/용역)
2023044154,2023-08-28,여자,30 - 39세,서울특별시,기타,고시원이용,계약해제.해지/위약금
2023044155,2023-08-28,여자,70 - 79세,인천광역시,일반판매,보청기,품질(물품/용역)
2023044156,2023-08-28,남자,50 - 59세,서울특별시,모바일거래,호텔,계약해제.해지/위약금
2023044157,2023-08-28,남자,30 - 39세,서울특별시,일반판매,자동차수리·점검,AS불만
2023044159,2023-08-28,여자,30 - 39세,서울특별시,모바일거래,카셰어링,AS불만
2023044160,2023-08-28,남자,30 - 39세,서울특별시,국내온라인거래,유리·크리스탈그릇,안전(제품/시설)
2023044161,2023-08-28,여자,40 - 49세,서울특별시,국내온라인거래,니트(스웨터),품질(물품/용역)
2023044162,2023-08-28,여자,30 - 39세,경기도,일반판매,기타일반화장품,청약철회
2023044163,2023-08-28,남자,40 - 49세,경기도,일반판매,중형승용자동차,AS불만
2023044164,2023-08-28,여자,40 - 49세,전라북도,국내온라인거래,항공여객운송서비스,계약불이행(불완전이행)
2023044165,2023-08-28,여자,10 - 19세,전라북도,국내온라인거래,항공여객운송서비스,계약불이행(불완전이행)
2023044166,2023-08-28,여자,20 - 29세,경기도,국내온라인거래,기타서적음반류,계약불이행(불완전이행)
2023044167,2023-08-28,남자,50 - 59세,서울특별시,국내온라인거래,항공여객운송서비스,계약불이행(불완전이행)
2023044168,2023-08-28,남자,10 - 19세,전라북도,국내온라인거래,항공여객운송서비스,계약불이행(불완전이행)
2023044169,2023-08-28,여자,10세 미만,전라북도,국내온라인거래,항공여객운송서비스,계약불이행(불완전이행)
2023044170,2023-08-28,남자,50 - 59세,서울특별시,일반판매,운동화,품질(물품/용역)
2023044172,2023-08-28,여자,40 - 49세,제주도,일반판매,운동화,품질(물품/용역)
2023044174,2023-08-28,남자,40 - 49세,경기도,일반판매,운동화,품질(물품/용역)
2023044175,2023-08-28,여자,40 - 49세,전라북도,국내온라인거래,항공여객운송서비스,계약불이행(불완전이행)
2023044176,2023-08-28,남자,40 - 49세,경기도,일반판매,신발세탁,계약불이행(불완전이행)
2023044177,2023-08-28,남자,20 - 29세,대전광역시,일반판매,운동화,품질(물품/용역)
2023044178,2023-08-28,여자,50 - 59세,경기도,일반판매,신발세탁,계약불이행(불완전이행)
2023044179,2023-08-28,여자,50 - 59세,경기도,일반판매,운동화,품질(물품/용역)
2023044180,2023-08-28,여자,50 - 59세,경기도,일반판매,운동화,품질(물품/용역)
2023044181,2023-08-28,남자,40 - 49세,부산광역시,일반판매,차량네비게이션(자동항법장치),AS불만
2023044182,2023-08-28,남자,50 - 59세,경기도,국내온라인거래,항공여객운송서비스,표시.광고
2023044183,2023-08-28,여자,20 - 29세,대전광역시,일반판매,자동차수리·점검,AS불만
2023044184,2023-08-28,남자,40 - 49세,충청북도,일반판매,TV,거래관행
2023044185,2023-08-28,남자,65 - 69세,경기도,일반판매,식사배달,계약불이행(불완전이행)
2023044186,2023-08-28,여자,40 - 49세,전라북도,국내온라인거래,전기의류건조기,품질(물품/용역)
2023044187,2023-08-28,여자,10 - 19세,전라북도,국내온라인거래,항공여객운송서비스,계약불이행(불완전이행)
2023044188,2023-08-28,여자,40 - 49세,경기도,국제온라인거래,스팀다리미,청약철회
2023044190,2023-08-28,여자,40 - 49세,광주광역시,일반판매,국외여행,계약해제.해지/위약금
2023044191,2023-08-28,남자,30 - 39세,경기도,일반판매,유아용카시트(안전의자),안전(제품/시설)
2023044192,2023-08-28,남자,20 - 29세,경기도,일반판매,냉장고,AS불만
2023044193,2023-08-28,여자,20 - 29세,서울특별시,국내온라인거래,인터넷교육서비스,계약해제.해지/위약금
2023044194,2023-08-28,남자,10세 미만,전라북도,국내온라인거래,항공여객운송서비스,계약불이행(불완전이행)
2023044195,2023-08-28,여자,30 - 39세,전라북도,국내온라인거래,항공여객운송서비스,계약불이행(불완전이행)
2023044196,2023-08-28,여자,불명,세종특별자치시,일반판매,호텔,품질(물품/용역)
2023044197,2023-08-28,남자,10 - 19세,전라북도,국내온라인거래,항공여객운송서비스,계약불이행(불완전이행)
2023044198,2023-08-28,남자,50 - 59세,경기도,일반판매,룸에어컨,품질(물품/용역)
2023044199,2023-08-28,남자,20 - 29세,경기도,일반판매,헬스장,계약해제.해지/위약금
2023044200,2023-08-28,여자,10 - 19세,전라북도,국내온라인거래,항공여객운송서비스,계약불이행(불완전이행)
2023044201,2023-08-28,여자,40 - 49세,제주도,일반판매,운동화,품질(물품/용역)
2023044202,2023-08-28,남자,30 - 39세,전라북도,국내온라인거래,항공여객운송서비스,계약불이행(불완전이행)
2023044203,2023-08-28,여자,30 - 39세,경상북도,국내온라인거래,기타스포츠·레저기구·용품,표시.광고
2023044204,2023-08-28,남자,10 - 19세,전라북도,국내온라인거래,항공여객운송서비스,계약불이행(불완전이행)
2023044205,2023-08-28,남자,50 - 59세,경기도,일반판매,포장이사운송서비스,계약불이행(불완전이행)
2023044206,2023-08-28,여자,60 - 64세,전라북도,국내온라인거래,항공여객운송서비스,계약불이행(불완전이행)
2023044207,2023-08-28,여자,10 - 19세,전라북도,국내온라인거래,항공여객운송서비스,계약불이행(불완전이행)
2023044208,2023-08-28,여자,10 - 19세,전라북도,국내온라인거래,항공여객운송서비스,계약불이행(불완전이행)
2023044209,2023-08-28,남자,40 - 49세,충청북도,소셜커머스(쇼핑),펜션,계약해제.해지/위약금
2023044210,2023-08-28,여자,30 - 39세,서울특별시,일반판매,필라테스,계약해제.해지/위약금
2023044211,2023-08-28,여자,40 - 49세,대전광역시,일반판매,이불·요,품질(물품/용역)
2023044212,2023-08-28,남자,50 - 59세,전라남도,일반판매,지갑,품질(물품/용역)
2023044213,2023-08-28,남자,40 - 49세,전라남도,일반판매,티셔츠,품질(물품/용역)
2023044214,2023-08-28,여자,30 - 39세,경기도,일반판매,양복(서양식 의복)세탁,품질(물품/용역)
2023044215,2023-08-28,남자,65 - 69세,경기도,일반판매,안마의자,AS불만
2023044216,2023-08-28,남자,30 - 39세,서울특별시,일반판매,중고자동차중개·매매,계약해제.해지/위약금
2023044217,2023-08-28,남자,40 - 49세,부산광역시,일반판매,카셰어링,부당행위
2023044218,2023-08-28,여자,40 - 49세,인천광역시,국내온라인거래,국외여행,계약해제.해지/위약금
2023044219,2023-08-28,여자,20 - 29세,서울특별시,국내온라인거래,호텔,계약해제.해지/위약금
2023044220,2023-08-28,남자,50 - 59세,경기도,일반판매,건강(암·기타질병)보험,약관
2023044221,2023-08-28,여자,65 - 69세,경상남도,일반판매,건강(암·기타질병)보험,약관
2023044222,2023-08-28,남자,70 - 79세,경기도,전화권유판매,인터넷정보이용서비스,계약해제.해지/위약금
2023044223,2023-08-28,남자,50 - 59세,서울특별시,국내온라인거래,국외여행,계약해제.해지/위약금
2023044225,2023-08-28,여자,70 - 79세,충청북도,일반판매,스웨터,계약해제.해지/위약금
2023044226,2023-08-28,남자,30 - 39세,경기도,국내온라인거래,신유형상품권,계약불이행(불완전이행)
2023044227,2023-08-28,남자,40 - 49세,대전광역시,국내온라인거래,자동차보험,표시.광고
2023044228,2023-08-28,여자,30 - 39세,경기도,기타,스마트폰,AS불만
2023044229,2023-08-28,남자,20 - 29세,대전광역시,일반판매,헬스장,계약해제.해지/위약금
2023044230,2023-08-28,여자,40 - 49세,경상남도,일반판매,기타미분류서비스,계약해제.해지/위약금
2023044231,2023-08-28,여자,40 - 49세,서울특별시,일반판매,피부과,품질(물품/용역)
2023044232,2023-08-28,여자,50 - 59세,서울특별시,일반판매,기타인테리어설비,계약불이행(불완전이행)
2023044233,2023-08-28,여자,30 - 39세,부산광역시,일반판매,신발세탁,계약불이행(불완전이행)
2023044234,2023-08-28,여자,50 - 59세,인천광역시,국내온라인거래,여자용내의류,계약해제.해지/위약금
2023044235,2023-08-28,남자,60 - 64세,경기도,일반판매,변호서비스,계약해제.해지/위약금
2023044236,2023-08-28,여자,40 - 49세,광주광역시,국내온라인거래,교통카드,품질(물품/용역)
2023044237,2023-08-28,여자,50 - 59세,울산광역시,전화권유판매,유사투자자문,계약불이행(불완전이행)
2023044238,2023-08-28,여자,30 - 39세,서울특별시,국내온라인거래,핸드백,청약철회
2023044239,2023-08-28,여자,40 - 49세,서울특별시,일반판매,기름보일러,계약불이행(불완전이행)
2023044240,2023-08-28,여자,60 - 64세,대전광역시,일반판매,숙녀화(구두·부츠 등),품질(물품/용역)
2023044241,2023-08-28,여자,60 - 64세,경기도,기타통신판매,유사투자자문,계약해제.해지/위약금
2023044242,2023-08-28,남자,50 - 59세,서울특별시,기타통신판매,이동전화서비스,계약불이행(불완전이행)
2023044243,2023-08-28,여자,30 - 39세,충청북도,일반판매,헬스장,계약해제.해지/위약금
2023044244,2023-08-28,여자,20 - 29세,서울특별시,일반판매,헬스장,계약해제.해지/위약금
2023044245,2023-08-28,여자,50 - 59세,경기도,기타통신판매,냉장고,계약불이행(불완전이행)
2023044246,2023-08-28,여자,40 - 49세,경상남도,일반판매,운동화,품질(물품/용역)
2023044247,2023-08-28,여자,20 - 29세,세종특별자치시,소셜커머스(쇼핑),기타가방,품질(물품/용역)
2023044248,2023-08-28,여자,50 - 59세,대구광역시,일반판매,요가,계약해제.해지/위약금
2023044249,2023-08-28,여자,40 - 49세,세종특별자치시,일반판매,필라테스,계약해제.해지/위약금
2023044250,2023-08-28,남자,40 - 49세,경기도,기타통신판매,초고속인터넷,품질(물품/용역)
2023044251,2023-08-28,남자,60 - 64세,서울특별시,기타,타이어,가격.요금
2023044252,2023-08-28,남자,20 - 29세,서울특별시,모바일거래,기타숙박시설,품질(물품/용역)
2023044254,2023-08-28,남자,30 - 39세,서울특별시,일반판매,신발세탁,계약불이행(불완전이행)
2023044255,2023-08-28,남자,30 - 39세,서울특별시,일반판매,신발세탁,계약불이행(불완전이행)
2023044256,2023-08-28,여자,40 - 49세,경기도,일반판매,피부과,계약해제.해지/위약금
2023044257,2023-08-28,여자,20 - 29세,경기도,일반판매,산후조리원,부당행위
2023044258,2023-08-28,남자,30 - 39세,부산광역시,국내온라인거래,침대,계약불이행(불완전이행)
2023044259,2023-08-28,여자,20 - 29세,경기도,일반판매,피부과,계약해제.해지/위약금
2023044260,2023-08-28,남자,40 - 49세,충청남도,일반판매,골프용품,품질(물품/용역)
2023044261,2023-08-28,여자,40 - 49세,강원특별자치도,일반판매,사진촬영,거래관행
2023044262,2023-08-28,남자,30 - 39세,경기도,기타,자동차수리·점검,이자.수수료
2023044263,2023-08-28,여자,50 - 59세,서울특별시,일반판매,양복(서양식 의복)세탁,품질(물품/용역)
2023044264,2023-08-28,여자,30 - 39세,서울특별시,일반판매,필라테스,계약해제.해지/위약금
2023044265,2023-08-28,남자,30 - 39세,인천광역시,일반판매,결혼준비대행서비스,계약해제.해지/위약금
2023044267,2023-08-28,여자,30 - 39세,대전광역시,일반판매,기타냉장·냉동기기,품질(물품/용역)
2023044268,2023-08-28,여자,40 - 49세,서울특별시,국내온라인거래,항공여객운송서비스,거래관행
2023044269,2023-08-28,남자,65 - 69세,경기도,일반판매,중형승용자동차,AS불만
2023044270,2023-08-28,남자,30 - 39세,경기도,일반판매,자동차대여(렌트),부당행위
2023044271,2023-08-28,여자,30 - 39세,부산광역시,국내온라인거래,식탁,계약해제.해지/위약금
2023044272,2023-08-28,남자,40 - 49세,서울특별시,일반판매,애완동·식물용품,안전(제품/시설)
2023044273,2023-08-28,남자,불명,강원특별자치도,방문판매,콘도회원권,계약해제.해지/위약금
2023044274,2023-08-28,여자,40 - 49세,부산광역시,일반판매,헬스장,계약해제.해지/위약금
2023044276,2023-08-28,여자,20 - 29세,서울특별시,기타통신판매,전기세탁기,계약불이행(불완전이행)
2023044277,2023-08-28,남자,50 - 59세,경기도,TV홈쇼핑,룸에어컨,AS불만
2023044278,2023-08-28,여자,30 - 39세,서울특별시,일반판매,포장이사운송서비스,품질(물품/용역)
2023044279,2023-08-28,여자,50 - 59세,경기도,일반판매,전기압력밥솥,품질(물품/용역)
2023044280,2023-08-28,남자,30 - 39세,대전광역시,국내온라인거래,의자,품질(물품/용역)
2023044281,2023-08-28,여자,30 - 39세,서울특별시,기타,가스에어컨,품질(물품/용역)
2023044282,2023-08-28,여자,30 - 39세,서울특별시,모바일거래,이동전화서비스,품질(물품/용역)
2023044283,2023-08-28,여자,30 - 39세,서울특별시,일반판매,기타문화·오락시설이용,계약불이행(불완전이행)
2023044284,2023-08-28,남자,30 - 39세,경기도,소셜커머스(쇼핑),여관(모텔),계약불이행(불완전이행)
2023044285,2023-08-28,여자,40 - 49세,경기도,국내온라인거래,소파베드,품질(물품/용역)
2023044286,2023-08-28,여자,30 - 39세,대구광역시,소셜커머스(쇼핑),원피스,청약철회
2023044287,2023-08-28,여자,40 - 49세,대구광역시,일반판매,기타민영보험,청약철회
2023044288,2023-08-28,남자,30 - 39세,경기도,일반판매,경비·관리서비스,계약해제.해지/위약금
2023044289,2023-08-28,여자,30 - 39세,경기도,일반판매,가구세트,청약철회
2023044290,2023-08-28,남자,20 - 29세,전라북도,방문판매,피부·체형관리서비스,계약해제.해지/위약금
2023044291,2023-08-28,여자,20 - 29세,서울특별시,일반판매,헬스장,계약해제.해지/위약금
2023044292,2023-08-28,여자,20 - 29세,경기도,국내온라인거래,운동화,청약철회
2023044293,2023-08-28,남자,20 - 29세,서울특별시,방문판매,헬스장,계약해제.해지/위약금
2023044294,2023-08-28,여자,30 - 39세,경기도,일반판매,미분류대여(렌트),계약불이행(불완전이행)
2023044295,2023-08-28,남자,20 - 29세,경상남도,국내온라인거래,노트북컴퓨터,청약철회
2023044296,2023-08-28,여자,30 - 39세,광주광역시,국내온라인거래,기저귀,품질(물품/용역)
2023044297,2023-08-28,여자,20 - 29세,전라북도,국내온라인거래,국외여행,계약불이행(불완전이행)
2023044298,2023-08-28,여자,30 - 39세,부산광역시,일반판매,안경·안경테,품질(물품/용역)
2023044299,2023-08-28,남자,50 - 59세,경기도,국내온라인거래,기타회원권,계약불이행(불완전이행)
2023044300,2023-08-28,남자,40 - 49세,충청북도,일반판매,학습지,계약해제.해지/위약금
2023044301,2023-08-28,여자,50 - 59세,경기도,일반판매,피부·체형관리서비스,계약해제.해지/위약금
2023044302,2023-08-28,여자,20 - 29세,광주광역시,일반판매,헬스장,계약해제.해지/위약금
2023044303,2023-08-28,남자,30 - 39세,서울특별시,일반판매,묘지설비,계약해제.해지/위약금
2023044304,2023-08-28,남자,40 - 49세,인천광역시,소셜커머스(쇼핑),노트북컴퓨터,계약불이행(불완전이행)
2023044305,2023-08-28,여자,50 - 59세,부산광역시,일반판매,기타옥외장비·설비,품질(물품/용역)
2023044306,2023-08-28,남자,30 - 39세,인천광역시,국내온라인거래,룸에어컨,청약철회
2023044307,2023-08-28,남자,30 - 39세,경기도,TV홈쇼핑,분유,계약불이행(불완전이행)
2023044308,2023-08-28,남자,20 - 29세,인천광역시,방문판매,헬스장,부당행위
2023044309,2023-08-28,남자,30 - 39세,부산광역시,국내온라인거래,항공화물운송서비스,AS불만
2023044310,2023-08-28,남자,30 - 39세,서울특별시,일반판매,기타문화·오락시설이용,계약해제.해지/위약금
2023044311,2023-08-28,여자,30 - 39세,경기도,방문판매,포장이사운송서비스,품질(물품/용역)
2023044312,2023-08-28,여자,40 - 49세,경기도,기타통신판매,정수기대여(렌트),AS불만
2023044313,2023-08-28,여자,50 - 59세,서울특별시,기타통신판매,포장이사운송서비스,품질(물품/용역)
2023044314,2023-08-28,여자,40 - 49세,서울특별시,일반판매,종합체육시설회원권,계약해제.해지/위약금
2023044315,2023-08-28,남자,40 - 49세,경기도,일반판매,노트북컴퓨터,품질(물품/용역)
2023044316,2023-08-28,여자,20 - 29세,광주광역시,국내온라인거래,기타의류·섬유,단순문의.상담
2023044317,2023-08-28,여자,40 - 49세,서울특별시,일반판매,기타인테리어설비,계약불이행(불완전이행)
2023044318,2023-08-28,여자,20 - 29세,부산광역시,일반판매,사진촬영,계약불이행(불완전이행)
2023044319,2023-08-28,여자,50 - 59세,경상남도,소셜커머스(쇼핑),항공여객운송서비스,계약불이행(불완전이행)
2023044320,2023-08-28,남자,30 - 39세,경기도,일반판매,예식서비스,부당행위
2023044321,2023-08-28,남자,30 - 39세,충청북도,일반판매,포장이사운송서비스,부당행위
2023044322,2023-08-28,여자,30 - 39세,대구광역시,국내온라인거래,기타의류·섬유,계약불이행(불완전이행)
2023044323,2023-08-28,남자,50 - 59세,경상북도,국내온라인거래,작동완구,표시.광고
2023044324,2023-08-28,여자,30 - 39세,경기도,모바일거래,핸드백,청약철회
2023044325,2023-08-28,남자,40 - 49세,서울특별시,소셜커머스(쇼핑),기타스포츠·레저기구·용품,청약철회
2023044326,2023-08-28,여자,50 - 59세,부산광역시,일반판매,헬스장,계약해제.해지/위약금
2023044327,2023-08-28,여자,30 - 39세,전라북도,국내온라인거래,기타미분류물품,단순문의.상담
2023044328,2023-08-28,남자,50 - 59세,서울특별시,국제온라인거래,항공여객운송서비스,계약해제.해지/위약금
2023044329,2023-08-28,여자,50 - 59세,부산광역시,일반판매,미용서비스,계약해제.해지/위약금
2023044330,2023-08-28,남자,40 - 49세,서울특별시,방문판매,기타옥외장비·설비,AS불만
2023044331,2023-08-28,남자,30 - 39세,서울특별시,국내온라인거래,초음파방충기,청약철회
2023044332,2023-08-28,남자,30 - 39세,경기도,일반판매,사진촬영,계약해제.해지/위약금
2023044333,2023-08-28,남자,60 - 64세,인천광역시,국내온라인거래,항공여객운송서비스,계약해제.해지/위약금
2023044334,2023-08-28,여자,20 - 29세,광주광역시,일반판매,외식,부당행위
2023044335,2023-08-28,남자,60 - 64세,경상남도,국내온라인거래,영화관람,부당행위
2023044336,2023-08-28,여자,30 - 39세,대전광역시,국제온라인거래,원피스,청약철회
2023044337,2023-08-28,여자,20 - 29세,경기도,국내온라인거래,전기고데기,청약철회
2023044338,2023-08-28,여자,30 - 39세,경기도,방문판매,기타방문·통신교육서비스,계약해제.해지/위약금
2023044339,2023-08-28,여자,30 - 39세,경상북도,기타통신판매,기타숙박시설,계약불이행(불완전이행)
2023044340,2023-08-28,남자,20 - 29세,서울특별시,모바일거래,기타숙박시설,계약해제.해지/위약금
2023044341,2023-08-28,남자,40 - 49세,경기도,방문판매,기타인테리어설비,AS불만
2023044342,2023-08-28,남자,60 - 64세,경기도,TV홈쇼핑,침대,계약불이행(불완전이행)
2023044343,2023-08-28,여자,30 - 39세,충청남도,기타통신판매,미분류대여(렌트),계약해제.해지/위약금
2023044344,2023-08-28,여자,30 - 39세,경기도,일반판매,필라테스,계약해제.해지/위약금
2023044345,2023-08-28,여자,20 - 29세,서울특별시,일반판매,미용서비스,계약해제.해지/위약금
2023044346,2023-08-28,남자,40 - 49세,경기도,국내온라인거래,먹는샘물,계약불이행(불완전이행)
2023044347,2023-08-28,여자,20 - 29세,인천광역시,국내온라인거래,호텔,약관
2023044348,2023-08-28,여자,30 - 39세,경상북도,방문판매,인터넷교육서비스,계약해제.해지/위약금
2023044349,2023-08-28,남자,40 - 49세,경기도,국내온라인거래,운동화,청약철회
2023044350,2023-08-28,남자,30 - 39세,강원특별자치도,국내온라인거래,매트,품질(물품/용역)
2023044351,2023-08-28,여자,40 - 49세,대전광역시,국내온라인거래,기타의류·섬유,계약해제.해지/위약금
2023044352,2023-08-28,여자,20 - 29세,서울특별시,기타,예식서비스,계약해제.해지/위약금
2023044353,2023-08-28,남자,30 - 39세,경기도,국내온라인거래,서랍장,품질(물품/용역)
2023044354,2023-08-28,여자,40 - 49세,전라북도,국내온라인거래,각종공연관람,계약불이행(불완전이행)
2023044355,2023-08-28,여자,20 - 29세,서울특별시,방문판매,기타가구,품질(물품/용역)
2023044356,2023-08-28,여자,30 - 39세,서울특별시,국내온라인거래,국외여행,청약철회
2023044357,2023-08-28,남자,20 - 29세,서울특별시,국내온라인거래,책장·서가,품질(물품/용역)
2023044358,2023-08-28,여자,40 - 49세,경기도,일반판매,헬스장,계약해제.해지/위약금
2023044359,2023-08-28,여자,40 - 49세,경기도,일반판매,기타서적음반류,청약철회
2023044360,2023-08-28,여자,40 - 49세,경상남도,소셜커머스(쇼핑),신유형상품권,부당행위
2023044361,2023-08-28,남자,30 - 39세,경기도,일반판매,헬스장,계약해제.해지/위약금
2023044362,2023-08-28,여자,40 - 49세,경기도,국내온라인거래,전기진공청소기,청약철회
2023044363,2023-08-28,남자,20 - 29세,경기도,일반판매,룸에어컨,부당행위
2023044364,2023-08-28,여자,20 - 29세,경기도,일반판매,헬스장,계약해제.해지/위약금
2023044365,2023-08-28,남자,40 - 49세,경기도,방문판매,음식물처리기대여(렌트),계약해제.해지/위약금
2023044366,2023-08-28,남자,65 - 69세,서울특별시,일반판매,냉장고,품질(물품/용역)
2023044367,2023-08-28,남자,40 - 49세,경기도,소셜커머스(쇼핑),룸에어컨,계약불이행(불완전이행)
2023044368,2023-08-28,여자,30 - 39세,경기도,다단계판매,인터넷교육서비스,계약불이행(불완전이행)
2023044369,2023-08-28,여자,40 - 49세,경기도,기타,모바일게임서비스,계약해제.해지/위약금
2023044370,2023-08-28,여자,40 - 49세,경기도,기타,인터넷정보이용서비스,계약불이행(불완전이행)
2023044371,2023-08-28,여자,30 - 39세,서울특별시,모바일거래,기타육류·육류가공식품,청약철회
2023044372,2023-08-28,여자,40 - 49세,서울특별시,국내온라인거래,항공여객운송서비스,품질(물품/용역)
2023044373,2023-08-28,여자,30 - 39세,경기도,국내온라인거래,기타식생활기기,청약철회
2023044374,2023-08-28,남자,40 - 49세,경상남도,일반판매,TV,품질(물품/용역)
2023044375,2023-08-28,남자,40 - 49세,대구광역시,국내온라인거래,항공여객운송서비스,약관
2023044376,2023-08-29,여자,40 - 49세,경기도,일반판매,특수자동차,계약해제.해지/위약금
2023044377,2023-08-29,여자,40 - 49세,전라북도,국내온라인거래,기타스포츠·레저기구·용품,계약해제.해지/위약금
2023044378,2023-08-29,여자,50 - 59세,전라북도,일반판매,발코니확장공사,품질(물품/용역)
2023044379,2023-08-29,여자,30 - 39세,대구광역시,전화권유판매,기타매체광고,계약해제.해지/위약금
2023044380,2023-08-29,남자,30 - 39세,서울특별시,국내온라인거래,인터넷교육서비스,계약해제.해지/위약금
2023044381,2023-08-29,남자,40 - 49세,울산광역시,일반판매,중형승용자동차,품질(물품/용역)
2023044382,2023-08-29,여자,30 - 39세,경기도,일반판매,골프회원권,계약해제.해지/위약금
2023044383,2023-08-29,남자,30 - 39세,경기도,일반판매,골프회원권,계약해제.해지/위약금
2023044384,2023-08-29,여자,50 - 59세,서울특별시,기타,포장이사운송서비스,계약불이행(불완전이행)
2023044385,2023-08-29,여자,50 - 59세,제주도,모바일거래,초음파방충기,표시.광고
2023044386,2023-08-29,여자,20 - 29세,경기도,국내온라인거래,호텔,안전(제품/시설)
2023044387,2023-08-29,여자,40 - 49세,서울특별시,일반판매,필라테스,계약해제.해지/위약금
2023044388,2023-08-29,여자,40 - 49세,부산광역시,기타,스마트폰,AS불만
2023044389,2023-08-29,여자,30 - 39세,경상남도,일반판매,시스템에어컨,계약불이행(불완전이행)
2023044390,2023-08-29,여자,20 - 29세,서울특별시,국내온라인거래,기타서적음반류,청약철회
2023044391,2023-08-29,여자,20 - 29세,전라북도,일반판매,헬스장,계약해제.해지/위약금
2023044393,2023-08-29,남자,불명,전라남도,국내온라인거래,초음파방충기,계약해제.해지/위약금
2023044394,2023-08-29,남자,20 - 29세,서울특별시,일반판매,헬스장,계약해제.해지/위약금
2023044395,2023-08-29,남자,40 - 49세,충청북도,국내온라인거래,기타숙박시설,계약불이행(불완전이행)
2023044396,2023-08-29,여자,30 - 39세,경기도,일반판매,의류수선,계약해제.해지/위약금
2023044397,2023-08-29,남자,60 - 64세,서울특별시,모바일거래,쇠고기,계약불이행(불완전이행)
2023044398,2023-08-29,남자,40 - 49세,부산광역시,일반판매,중고자동차중개·매매,품질(물품/용역)
2023044399,2023-08-29,남자,40 - 49세,전라북도,일반판매,중형승용자동차,AS불만
2023044400,2023-08-29,남자,30 - 39세,인천광역시,국내온라인거래,항공여객운송서비스,계약해제.해지/위약금
2023044401,2023-08-29,남자,50 - 59세,경상남도,국내온라인거래,침대,계약해제.해지/위약금
2023044402,2023-08-29,남자,30 - 39세,서울특별시,일반판매,기타주거관리설비,품질(물품/용역)
2023044404,2023-08-29,여자,30 - 39세,충청북도,국내온라인거래,펜션,계약해제.해지/위약금
2023044405,2023-08-29,남자,30 - 39세,경기도,국내온라인거래,라텍스매트리스,청약철회
2023044406,2023-08-29,여자,30 - 39세,부산광역시,국내온라인거래,헤드폰·이어폰,계약해제.해지/위약금
2023044407,2023-08-29,여자,50 - 59세,서울특별시,일반판매,기타미분류서비스,거래관행
2023044408,2023-08-29,남자,30 - 39세,전라북도,일반판매,기타인테리어설비,계약불이행(불완전이행)
2023044409,2023-08-29,여자,40 - 49세,서울특별시,일반판매,헬스장,계약해제.해지/위약금
2023044410,2023-08-29,여자,40 - 49세,대구광역시,기타,기타교육서비스,계약해제.해지/위약금
2023044411,2023-08-29,여자,40 - 49세,광주광역시,국내온라인거래,기타매체광고,계약해제.해지/위약금
2023044412,2023-08-29,여자,40 - 49세,경기도,기타통신판매,선풍기,품질(물품/용역)
2023044413,2023-08-29,여자,30 - 39세,경상남도,국내온라인거래,신변용품·악세서리대여(렌트),계약해제.해지/위약금
2023044414,2023-08-29,여자,30 - 39세,대구광역시,전화권유판매,모바일정보이용서비스,계약해제.해지/위약금
2023044415,2023-08-29,남자,30 - 39세,서울특별시,방문판매,헬스장,계약해제.해지/위약금
2023044416,2023-08-29,여자,40 - 49세,세종특별자치시,국내온라인거래,스포츠관람,계약불이행(불완전이행)
2023044417,2023-08-29,남자,40 - 49세,경기도,일반판매,중형승용자동차,계약불이행(불완전이행)
2023044418,2023-08-29,남자,30 - 39세,경기도,국내온라인거래,중고자동차중개·매매,품질(물품/용역)
2023044419,2023-08-29,여자,40 - 49세,경상북도,국내온라인거래,셔츠,청약철회
2023044420,2023-08-29,남자,40 - 49세,서울특별시,소셜커머스(쇼핑),프린터잉크,청약철회
2023044422,2023-08-29,여자,30 - 39세,서울특별시,국내온라인거래,정수기,AS불만
2023044423,2023-08-29,여자,70 - 79세,서울특별시,일반판매,여자용내의류,품질(물품/용역)
2023044424,2023-08-29,여자,30 - 39세,서울특별시,기타,택배화물운송서비스,계약불이행(불완전이행)
2023044425,2023-08-29,여자,50 - 59세,서울특별시,일반판매,티셔츠,품질(물품/용역)
2023044426,2023-08-29,여자,30 - 39세,대전광역시,일반판매,피부·체형관리서비스,계약해제.해지/위약금
2023044427,2023-08-29,여자,65 - 69세,경기도,일반판매,양복(서양식 의복)세탁,계약불이행(불완전이행)
2023044428,2023-08-29,여자,20 - 29세,충청북도,국내온라인거래,기타숙박시설,계약해제.해지/위약금
2023044429,2023-08-29,여자,40 - 49세,부산광역시,국내온라인거래,보온병,품질(물품/용역)
2023044430,2023-08-29,남자,40 - 49세,경기도,국내온라인거래,컴퓨터모니터(데스크탑),AS불만
2023044431,2023-08-29,남자,50 - 59세,경기도,일반판매,자동차수리·점검,AS불만
2023044432,2023-08-29,남자,20 - 29세,경상북도,일반판매,피부과,계약해제.해지/위약금
2023044433,2023-08-29,여자,30 - 39세,강원특별자치도,방문판매,인터넷교육서비스,계약해제.해지/위약금
2023044434,2023-08-29,여자,50 - 59세,인천광역시,국내온라인거래,룸에어컨,품질(물품/용역)
2023044435,2023-08-29,여자,30 - 39세,광주광역시,일반판매,여자용내의류,계약해제.해지/위약금
2023044436,2023-08-29,여자,50 - 59세,울산광역시,일반판매,항공여객운송서비스,계약해제.해지/위약금
2023044437,2023-08-29,여자,30 - 39세,울산광역시,일반판매,학습지,계약해제.해지/위약금
2023044438,2023-08-29,여자,20 - 29세,서울특별시,일반판매,헬스장,계약해제.해지/위약금
2023044439,2023-08-29,남자,20 - 29세,경기도,국내온라인거래,항공여객운송서비스,계약해제.해지/위약금
2023044440,2023-08-29,남자,30 - 39세,경기도,일반판매,컴퓨터수리,품질(물품/용역)
2023044441,2023-08-29,남자,40 - 49세,경상북도,일반판매,티셔츠,품질(물품/용역)
2023044442,2023-08-29,여자,50 - 59세,서울특별시,일반판매,기타세탁서비스,계약불이행(불완전이행)
2023044443,2023-08-29,남자,50 - 59세,경기도,TV홈쇼핑,자동차대여(렌트),계약해제.해지/위약금
2023044444,2023-08-29,남자,20 - 29세,전라북도,모바일거래,외식,계약해제.해지/위약금
2023044445,2023-08-29,여자,30 - 39세,서울특별시,일반판매,샌들·슬리퍼,품질(물품/용역)
2023044446,2023-08-29,남자,60 - 64세,경상북도,일반판매,중형승용자동차,표시.광고
2023044447,2023-08-29,남자,50 - 59세,부산광역시,국내온라인거래,라이트,품질(물품/용역)
2023044448,2023-08-29,여자,불명,경상남도,일반판매,양복(서양식 의복)세탁,계약불이행(불완전이행)
2023044449,2023-08-29,남자,40 - 49세,부산광역시,기타,기타통신기기,품질(물품/용역)
2023044450,2023-08-29,여자,40 - 49세,대구광역시,일반판매,신발세탁,계약불이행(불완전이행)
2023044451,2023-08-29,여자,20 - 29세,서울특별시,국내온라인거래,초음파방충기,AS불만
2023044452,2023-08-29,남자,불명,대구광역시,국내온라인거래,티셔츠,품질(물품/용역)
2023044453,2023-08-29,남자,70 - 79세,전라남도,기타통신판매,정수기대여(렌트),계약해제.해지/위약금
2023044454,2023-08-29,여자,50 - 59세,인천광역시,일반판매,기타가방,품질(물품/용역)
2023044455,2023-08-29,여자,20 - 29세,경상남도,국내온라인거래,벤치,표시.광고
2023044456,2023-08-29,여자,50 - 59세,경기도,국내온라인거래,옷장,계약불이행(불완전이행)
2023044457,2023-08-29,남자,50 - 59세,강원특별자치도,일반판매,차량용블랙박스,계약불이행(불완전이행)
2023044458,2023-08-29,남자,40 - 49세,서울특별시,국내온라인거래,즉석조리식품,계약불이행(불완전이행)
2023044459,2023-08-29,여자,30 - 39세,광주광역시,일반판매,아파트,계약불이행(불완전이행)
2023044460,2023-08-29,남자,65 - 69세,경기도,기타통신판매,유사투자자문,계약해제.해지/위약금
2023044461,2023-08-29,여자,40 - 49세,대구광역시,일반판매,이불·침대커버,품질(물품/용역)
2023044462,2023-08-29,남자,불명,대구광역시,국내온라인거래,양복(서양식 의복)세탁,계약불이행(불완전이행)
2023044463,2023-08-29,남자,40 - 49세,서울특별시,일반판매,타이어,부당행위
2023044464,2023-08-29,여자,불명,인천광역시,일반판매,티셔츠,품질(물품/용역)
2023044465,2023-08-29,남자,40 - 49세,서울특별시,소셜커머스(쇼핑),차량용블랙박스,품질(물품/용역)
2023044466,2023-08-29,여자,40 - 49세,경상남도,일반판매,신발세탁,계약불이행(불완전이행)
2023044467,2023-08-29,여자,50 - 59세,서울특별시,일반판매,성형외과,계약해제.해지/위약금
2023044468,2023-08-29,여자,50 - 59세,경기도,소셜커머스(쇼핑),캐주얼바지,청약철회
2023044469,2023-08-29,여자,40 - 49세,경기도,국내온라인거래,운동화,품질(물품/용역)
2023044470,2023-08-29,남자,50 - 59세,서울특별시,국내온라인거래,니트(스웨터),청약철회
2023044471,2023-08-29,남자,60 - 64세,서울특별시,일반판매,기타통신기기,품질(물품/용역)
2023044473,2023-08-29,남자,80세이상,대구광역시,일반판매,보청기,품질(물품/용역)
2023044474,2023-08-29,여자,50 - 59세,서울특별시,일반판매,생활패션화(슬립온·아쿠아슈즈·장화·작업화 등),품질(물품/용역)
2023044475,2023-08-29,남자,60 - 64세,서울특별시,전화권유판매,기타건강식품,청약철회
2023044476,2023-08-29,여자,50 - 59세,서울특별시,일반판매,운동화,품질(물품/용역)
2023044477,2023-08-29,남자,40 - 49세,경기도,일반판매,TV,계약불이행(불완전이행)
2023044478,2023-08-29,여자,20 - 29세,서울특별시,일반판매,메이크업강습,계약불이행(불완전이행)
2023044479,2023-08-29,남자,70 - 79세,서울특별시,기타,기타보건·위생용품,부당행위
2023044480,2023-08-29,여자,30 - 39세,제주도,일반판매,필라테스,계약해제.해지/위약금
2023044481,2023-08-29,남자,40 - 49세,서울특별시,방문판매,침대·매트리스대여(렌트),품질(물품/용역)
2023044482,2023-08-29,남자,30 - 39세,서울특별시,국내온라인거래,기타가구,계약불이행(불완전이행)
2023044483,2023-08-29,여자,40 - 49세,서울특별시,일반판매,항공여객운송서비스,계약불이행(불완전이행)
2023044484,2023-08-29,남자,40 - 49세,충청북도,일반판매,고시원이용,계약해제.해지/위약금
2023044485,2023-08-29,여자,40 - 49세,세종특별자치시,국제온라인거래,옷걸이,청약철회
2023044486,2023-08-29,남자,30 - 39세,대구광역시,기타통신판매,레저시설이용,청약철회
2023044487,2023-08-29,여자,80세이상,서울특별시,일반판매,보청기,AS불만
2023044488,2023-08-29,여자,20 - 29세,서울특별시,일반판매,미용서비스,계약해제.해지/위약금
2023044489,2023-08-29,남자,20 - 29세,경기도,일반판매,헬스장,계약해제.해지/위약금
2023044490,2023-08-29,남자,50 - 59세,경기도,일반판매,전기의류건조기,AS불만
2023044491,2023-08-29,여자,20 - 29세,경기도,일반판매,미용서비스,품질(물품/용역)
2023044492,2023-08-29,여자,20 - 29세,인천광역시,국내온라인거래,스포츠관람,계약해제.해지/위약금
2023044493,2023-08-29,남자,40 - 49세,서울특별시,방문판매,헬스장,계약해제.해지/위약금
2023044494,2023-08-29,여자,40 - 49세,부산광역시,일반판매,국내결혼중개,계약해제.해지/위약금
2023044495,2023-08-29,여자,40 - 49세,대구광역시,국내온라인거래,스마트폰,품질(물품/용역)
2023044496,2023-08-29,여자,30 - 39세,서울특별시,국내온라인거래,항공여객운송서비스,계약불이행(불완전이행)
2023044497,2023-08-29,여자,30 - 39세,경기도,국내온라인거래,기타일반화장품,품질(물품/용역)
2023044498,2023-08-29,남자,30 - 39세,인천광역시,일반판매,TV,AS불만
2023044499,2023-08-29,여자,30 - 39세,서울특별시,일반판매,피부·체형관리서비스,계약해제.해지/위약금
2023044500,2023-08-29,여자,50 - 59세,충청북도,기타,국외여행,계약불이행(불완전이행)
2023044501,2023-08-29,남자,40 - 49세,경상북도,소셜커머스(쇼핑),노트북컴퓨터,계약불이행(불완전이행)
2023044502,2023-08-29,남자,30 - 39세,서울특별시,국제온라인거래,기타숙박시설,표시.광고
2023044503,2023-08-29,여자,40 - 49세,경상남도,전화권유판매,기타방문·통신교육서비스,계약해제.해지/위약금
2023044504,2023-08-29,남자,70 - 79세,부산광역시,전화권유판매,보청기,부당행위
2023044505,2023-08-29,남자,30 - 39세,전라남도,기타,아파트,계약불이행(불완전이행)
2023044506,2023-08-29,남자,40 - 49세,전라남도,기타,아파트,계약불이행(불완전이행)
2023044507,2023-08-29,여자,20 - 29세,경기도,모바일거래,이동전화서비스,약관
2023044508,2023-08-29,여자,30 - 39세,서울특별시,기타통신판매,식사배달,계약불이행(불완전이행)
2023044509,2023-08-29,여자,20 - 29세,경기도,기타,다이어트식품,품질(물품/용역)
2023044510,2023-08-29,여자,40 - 49세,경기도,기타,기타의류·섬유,청약철회
2023044511,2023-08-29,남자,50 - 59세,경기도,기타통신판매,인터넷교육서비스,계약해제.해지/위약금
2023044512,2023-08-29,여자,30 - 39세,경기도,국내온라인거래,항공여객운송서비스,청약철회
2023044513,2023-08-29,남자,20 - 29세,서울특별시,일반판매,헬스장,계약해제.해지/위약금
2023044514,2023-08-29,남자,40 - 49세,경기도,기타,기타인테리어설비,AS불만
2023044515,2023-08-29,여자,20 - 29세,서울특별시,기타,택배화물운송서비스,품질(물품/용역)
2023044516,2023-08-29,여자,30 - 39세,대구광역시,TV홈쇼핑,음식물처리기,청약철회
2023044517,2023-08-29,남자,30 - 39세,충청남도,국내온라인거래,골프용품,AS불만
2023044518,2023-08-29,여자,30 - 39세,서울특별시,방문판매,기타방문·통신교육서비스,계약해제.해지/위약금
2023044519,2023-08-29,남자,20 - 29세,충청남도,일반판매,종합체육시설회원권,계약해제.해지/위약금
2023044520,2023-08-29,여자,30 - 39세,경기도,기타,외식,계약해제.해지/위약금
2023044521,2023-08-29,여자,20 - 29세,경기도,국내온라인거래,보석·귀금속,품질(물품/용역)
2023044522,2023-08-29,남자,20 - 29세,전라북도,국내온라인거래,인터넷게임서비스,부당행위
2023044523,2023-08-29,남자,50 - 59세,충청북도,국내온라인거래,헤어스프레이,청약철회
2023044524,2023-08-29,여자,30 - 39세,서울특별시,방문판매,테니스장스쿼시회원권,계약해제.해지/위약금
2023044525,2023-08-29,남자,30 - 39세,경기도,방문판매,정수기,계약해제.해지/위약금
2023044526,2023-08-29,여자,30 - 39세,경기도,기타,화장실설비,계약불이행(불완전이행)
2023044527,2023-08-29,여자,30 - 39세,경기도,방문판매,보석·귀금속,청약철회
2023044528,2023-08-29,여자,20 - 29세,전라북도,기타통신판매,인터넷교육서비스,계약해제.해지/위약금
2023044529,2023-08-29,남자,40 - 49세,충청남도,전화권유판매,인터넷정보이용서비스,계약불이행(불완전이행)
2023044530,2023-08-29,여자,50 - 59세,부산광역시,국내온라인거래,여자용내의류,청약철회
2023044531,2023-08-29,남자,20 - 29세,서울특별시,일반판매,헬스장,계약해제.해지/위약금
2023044532,2023-08-29,남자,40 - 49세,경기도,국내온라인거래,TV,품질(물품/용역)
2023044533,2023-08-29,여자,30 - 39세,부산광역시,일반판매,기타미분류물품,청약철회
2023044534,2023-08-29,여자,20 - 29세,경기도,국내온라인거래,영화관람,계약해제.해지/위약금
2023044535,2023-08-29,남자,70 - 79세,서울특별시,전화권유판매,기타정보이용서비스,계약해제.해지/위약금
2023044536,2023-08-29,여자,30 - 39세,충청북도,일반판매,기타가구,계약불이행(불완전이행)
2023044537,2023-08-29,여자,30 - 39세,제주도,일반판매,필라테스,계약해제.해지/위약금
2023044538,2023-08-29,여자,20 - 29세,서울특별시,방문판매,헬스장,계약해제.해지/위약금
2023044539,2023-08-29,여자,20 - 29세,경기도,국내온라인거래,레저·이벤트회원권,계약해제.해지/위약금
2023044540,2023-08-29,남자,20 - 29세,경상북도,국내온라인거래,인터넷교육서비스,계약해제.해지/위약금
2023044541,2023-08-29,남자,30 - 39세,전라남도,일반판매,펜션,안전(제품/시설)
2023044542,2023-08-29,남자,20 - 29세,경기도,일반판매,헬스장,계약해제.해지/위약금
2023044543,2023-08-29,남자,30 - 39세,경기도,일반판매,헬스장,계약해제.해지/위약금
2023044544,2023-08-29,남자,20 - 29세,부산광역시,국내온라인거래,침대,부당행위
2023044545,2023-08-29,여자,20 - 29세,대구광역시,일반판매,스마트폰,품질(물품/용역)
2023044546,2023-08-29,여자,40 - 49세,경상북도,국내온라인거래,전기진공청소기,품질(물품/용역)
2023044547,2023-08-29,여자,20 - 29세,경기도,일반판매,애완고양이,품질(물품/용역)
2023044548,2023-08-29,여자,30 - 39세,인천광역시,일반판매,건물청소서비스,부당행위
2023044549,2023-08-29,남자,30 - 39세,전라북도,기타,호텔,계약해제.해지/위약금
2023044550,2023-08-29,여자,30 - 39세,대구광역시,일반판매,원피스,청약철회
2023044551,2023-08-29,여자,30 - 39세,제주도,일반판매,필라테스,계약해제.해지/위약금
2023044552,2023-08-29,남자,20 - 29세,경기도,일반판매,여관(모텔),계약해제.해지/위약금
2023044553,2023-08-29,남자,20 - 29세,서울특별시,일반판매,헬스장,계약해제.해지/위약금
2023044554,2023-08-29,여자,50 - 59세,경기도,국내온라인거래,국외여행,계약불이행(불완전이행)
2023044555,2023-08-29,남자,30 - 39세,경기도,일반판매,음식물처리기,품질(물품/용역)
2023044556,2023-08-29,남자,40 - 49세,강원특별자치도,일반판매,포장이사운송서비스,계약불이행(불완전이행)
2023044557,2023-08-29,여자,30 - 39세,부산광역시,국내온라인거래,기타과일·과일가공식품,표시.광고
2023044558,2023-08-29,여자,30 - 39세,서울특별시,모바일거래,모바일게임서비스,청약철회
2023044559,2023-08-29,남자,40 - 49세,강원특별자치도,전화권유판매,기타건강식품,부당행위
2023044560,2023-08-29,남자,40 - 49세,경기도,소셜커머스(쇼핑),커피,청약철회
2023044561,2023-08-29,남자,30 - 39세,경기도,소셜커머스(쇼핑),기타침대류,청약철회
2023044562,2023-08-29,여자,65 - 69세,경기도,TV홈쇼핑,국외여행,AS불만
2023044563,2023-08-29,남자,40 - 49세,광주광역시,모바일거래,인터넷게임서비스,무능력자계약
2023044564,2023-08-29,여자,20 - 29세,서울특별시,일반판매,헬스장,계약해제.해지/위약금
2023044565,2023-08-29,남자,40 - 49세,경기도,일반판매,사진촬영,계약해제.해지/위약금
2023044566,2023-08-29,여자,30 - 39세,경기도,일반판매,필라테스,계약해제.해지/위약금
2023044567,2023-08-29,여자,30 - 39세,경기도,일반판매,포장이사운송서비스,품질(물품/용역)
2023044568,2023-08-29,여자,50 - 59세,경기도,방문판매,TV,AS불만
2023044569,2023-08-29,여자,30 - 39세,서울특별시,일반판매,헬스장,계약해제.해지/위약금
2023044570,2023-08-29,여자,20 - 29세,서울특별시,국제온라인거래,항공여객운송서비스,청약철회
2023044572,2023-08-29,남자,40 - 49세,경기도,모바일거래,호텔,계약해제.해지/위약금
2023044573,2023-08-29,여자,20 - 29세,서울특별시,국내온라인거래,스낵과자,청약철회
2023044574,2023-08-29,여자,50 - 59세,경기도,국내온라인거래,기타의류·섬유,청약철회
2023044575,2023-08-29,여자,40 - 49세,인천광역시,기타통신판매,기타일반화장품,청약철회
2023044576,2023-08-29,여자,20 - 29세,경기도,국내온라인거래,기타서적음반류,품질(물품/용역)
2023044577,2023-08-29,여자,30 - 39세,경기도,기타통신판매,모형완구,계약해제.해지/위약금
2023044578,2023-08-30,여자,20 - 29세,서울특별시,일반판매,공제보험,계약불이행(불완전이행)
2023044579,2023-08-30,여자,40 - 49세,경기도,기타,초고속인터넷,계약해제.해지/위약금
2023044581,2023-08-30,남자,50 - 59세,인천광역시,일반판매,가구세트,계약불이행(불완전이행)
2023044582,2023-08-30,여자,70 - 79세,광주광역시,일반판매,실손보험,약관
2023044583,2023-08-30,남자,40 - 49세,인천광역시,일반판매,상조서비스,계약해제.해지/위약금
2023044584,2023-08-29,여자,20 - 29세,서울특별시,일반판매,피부·체형관리서비스,계약해제.해지/위약금
2023044585,2023-08-30,남자,20 - 29세,서울특별시,일반판매,자동차대여(렌트),부당행위
2023044586,2023-08-30,남자,30 - 39세,경기도,일반판매,외식,품질(물품/용역)
2023044587,2023-08-30,남자,30 - 39세,서울특별시,국내온라인거래,통신기기케이스,청약철회
2023044588,2023-08-30,여자,30 - 39세,경기도,일반판매,기타이·미용서비스,청약철회
2023044589,2023-08-30,여자,30 - 39세,인천광역시,국내온라인거래,자동차대여(렌트),계약해제.해지/위약금
2023044590,2023-08-30,여자,40 - 49세,경기도,일반판매,정수기대여(렌트),계약해제.해지/위약금
2023044591,2023-08-30,남자,40 - 49세,울산광역시,일반판매,공중목욕탕,계약해제.해지/위약금
2023044592,2023-08-30,여자,65 - 69세,서울특별시,일반판매,내과,품질(물품/용역)
2023044593,2023-08-30,남자,불명,부산광역시,일반판매,사진촬영,계약해제.해지/위약금
2023044594,2023-08-30,남자,60 - 64세,인천광역시,일반판매,정형외과,계약해제.해지/위약금
2023044595,2023-08-30,남자,50 - 59세,서울특별시,기타,정형외과,품질(물품/용역)
2023044596,2023-08-30,남자,30 - 39세,경기도,국내온라인거래,항공여객운송서비스,계약불이행(불완전이행)
2023044597,2023-08-30,여자,30 - 39세,경기도,전화권유판매,인터넷교육서비스,계약해제.해지/위약금
2023044598,2023-08-30,남자,30 - 39세,서울특별시,일반판매,보석·귀금속,계약불이행(불완전이행)
2023044599,2023-08-30,여자,40 - 49세,서울특별시,국내온라인거래,기타이·미용기구,품질(물품/용역)
2023044600,2023-08-30,남자,40 - 49세,서울특별시,기타통신판매,포장이사운송서비스,계약불이행(불완전이행)
2023044601,2023-08-30,여자,20 - 29세,서울특별시,방문판매,결혼준비대행서비스,계약해제.해지/위약금
2023044602,2023-08-30,여자,40 - 49세,인천광역시,국내온라인거래,호텔,계약불이행(불완전이행)
2023044603,2023-08-30,남자,60 - 64세,대구광역시,국내온라인거래,인터넷정보이용서비스,계약불이행(불완전이행)
2023044604,2023-08-30,남자,40 - 49세,경기도,국내온라인거래,기타자동차부품,계약불이행(불완전이행)
2023044605,2023-08-30,남자,40 - 49세,전라남도,일반판매,소형화물자동차,AS불만
2023044606,2023-08-30,남자,30 - 39세,서울특별시,일반판매,항공여객운송서비스,계약불이행(불완전이행)
2023044608,2023-08-30,남자,40 - 49세,인천광역시,일반판매,기타의류·섬유,계약불이행(불완전이행)
2023044609,2023-08-30,남자,40 - 49세,인천광역시,기타통신판매,유사투자자문,계약해제.해지/위약금
2023044610,2023-08-30,여자,30 - 39세,경기도,일반판매,포장이사운송서비스,품질(물품/용역)
2023044611,2023-08-30,여자,20 - 29세,충청남도,전화권유판매,모바일정보이용서비스,계약해제.해지/위약금
2023044612,2023-08-30,남자,30 - 39세,대구광역시,방문판매,결혼준비대행서비스,계약해제.해지/위약금
2023044613,2023-08-30,여자,30 - 39세,제주도,일반판매,필라테스,계약해제.해지/위약금
2023044614,2023-08-30,남자,20 - 29세,서울특별시,일반판매,실손보험,계약불이행(불완전이행)
2023044615,2023-08-30,남자,불명,서울특별시,일반판매,노트북컴퓨터,AS불만
2023044616,2023-08-30,남자,30 - 39세,전라북도,일반판매,자동차대여(렌트),부당행위
2023044617,2023-08-30,여자,65 - 69세,경상남도,일반판매,밥솥,품질(물품/용역)
2023044618,2023-08-30,여자,10세 미만,강원특별자치도,일반판매,건강(암·기타질병)보험,부당행위
2023044619,2023-08-30,여자,60 - 64세,대구광역시,국내온라인거래,전기밥솥,품질(물품/용역)
2023044620,2023-08-30,여자,40 - 49세,인천광역시,국내온라인거래,외식,계약해제.해지/위약금
2023044621,2023-08-30,남자,50 - 59세,경상남도,일반판매,양복(서양식 의복)세탁,계약불이행(불완전이행)
2023044622,2023-08-30,여자,40 - 49세,서울특별시,국내온라인거래,신유형상품권,계약해제.해지/위약금
2023044623,2023-08-30,남자,20 - 29세,경기도,모바일거래,헬스장,계약해제.해지/위약금
2023044624,2023-08-30,여자,30 - 39세,인천광역시,국내온라인거래,보석·귀금속,품질(물품/용역)
2023044625,2023-08-30,여자,50 - 59세,대전광역시,일반판매,핸드백,품질(물품/용역)
2023044626,2023-08-30,남자,50 - 59세,경기도,모바일거래,소파,청약철회
2023044627,2023-08-30,여자,20 - 29세,경기도,모바일거래,호텔,계약해제.해지/위약금
2023044628,2023-08-30,여자,40 - 49세,경기도,국내온라인거래,복권,청약철회
2023044629,2023-08-30,남자,30 - 39세,부산광역시,국내온라인거래,초음파방충기,계약해제.해지/위약금
2023044630,2023-08-30,여자,30 - 39세,서울특별시,국내온라인거래,스마트폰,품질(물품/용역)
2023044631,2023-08-30,남자,70 - 79세,대구광역시,기타,유사투자자문,계약해제.해지/위약금
2023044632,2023-08-30,여자,20 - 29세,충청북도,국내온라인거래,필라테스,계약해제.해지/위약금
2023044633,2023-08-30,여자,70 - 79세,경기도,일반판매,고시원이용,계약해제.해지/위약금
2023044634,2023-08-30,남자,40 - 49세,경기도,일반판매,노트북컴퓨터,품질(물품/용역)
2023044635,2023-08-30,남자,40 - 49세,충청남도,방문판매,종신보험,부당행위
2023044636,2023-08-30,여자,60 - 64세,대구광역시,일반판매,공기청정기대여(렌트),품질(물품/용역)
2023044637,2023-08-30,남자,50 - 59세,경기도,국내온라인거래,카셰어링,부당행위
2023044638,2023-08-30,여자,30 - 39세,경기도,일반판매,화장품세트,품질(물품/용역)
2023044639,2023-08-30,남자,60 - 64세,전라북도,일반판매,중형승합자동차,AS불만
2023044640,2023-08-30,여자,40 - 49세,경기도,기타통신판매,캐주얼바지,청약철회
2023044641,2023-08-30,남자,65 - 69세,서울특별시,일반판매,룸에어컨,품질(물품/용역)
2023044642,2023-08-30,남자,50 - 59세,전라남도,국내온라인거래,샌들·슬리퍼,품질(물품/용역)
2023044643,2023-08-30,여자,30 - 39세,경기도,국내온라인거래,항공여객운송서비스,계약해제.해지/위약금
2023044644,2023-08-30,남자,65 - 69세,서울특별시,국내온라인거래,전문스포츠화(축구화·골프화 등),품질(물품/용역)
2023044645,2023-08-30,여자,50 - 59세,제주도,일반판매,샌들·슬리퍼,품질(물품/용역)
2023044646,2023-08-30,남자,30 - 39세,서울특별시,일반판매,국내결혼중개,계약해제.해지/위약금
2023044647,2023-08-30,남자,65 - 69세,경기도,일반판매,오토바이,청약철회
2023044648,2023-08-30,여자,20 - 29세,경기도,기타,기타이·미용서비스,계약불이행(불완전이행)
2023044649,2023-08-30,여자,40 - 49세,경기도,국내온라인거래,인터넷정보이용서비스,계약해제.해지/위약금
2023044650,2023-08-30,여자,60 - 64세,경상북도,일반판매,양복(서양식 의복)세탁,품질(물품/용역)
2023044651,2023-08-30,여자,20 - 29세,대구광역시,일반판매,헬스장,계약해제.해지/위약금
2023044652,2023-08-30,남자,40 - 49세,경기도,일반판매,자동차수리·점검,부당행위
2023044653,2023-08-30,여자,60 - 64세,부산광역시,일반판매,티셔츠,품질(물품/용역)
2023044654,2023-08-30,남자,20 - 29세,울산광역시,국내온라인거래,샌들·슬리퍼,품질(물품/용역)
2023044655,2023-08-30,여자,50 - 59세,서울특별시,기타통신판매,콘도회원권,계약불이행(불완전이행)
2023044657,2023-08-30,남자,40 - 49세,경기도,일반판매,기타자동차부품,안전(제품/시설)
2023044658,2023-08-30,여자,65 - 69세,경상남도,일반판매,운동화,품질(물품/용역)
2023044659,2023-08-30,남자,40 - 49세,부산광역시,기타통신판매,도어록,AS불만
2023044660,2023-08-30,남자,30 - 39세,서울특별시,국내온라인거래,신유형상품권,계약불이행(불완전이행)
2023044661,2023-08-30,남자,40 - 49세,서울특별시,일반판매,차량용블랙박스,청약철회
2023044662,2023-08-30,남자,50 - 59세,경기도,TV홈쇼핑,딸기,품질(물품/용역)
2023044663,2023-08-30,여자,20 - 29세,경기도,일반판매,피부·체형관리서비스,계약해제.해지/위약금
2023044664,2023-08-30,여자,불명,서울특별시,국내온라인거래,항공여객운송서비스,계약해제.해지/위약금
2023044665,2023-08-30,여자,40 - 49세,제주도,국내온라인거래,전집물,청약철회
2023044666,2023-08-30,여자,20 - 29세,전라북도,일반판매,펜션,계약해제.해지/위약금
2023044667,2023-08-30,여자,50 - 59세,경기도,국내온라인거래,핸드백,품질(물품/용역)
2023044668,2023-08-30,남자,65 - 69세,대전광역시,일반판매,골프회원권,계약해제.해지/위약금
2023044669,2023-08-30,남자,10 - 19세,경기도,방문판매,헬스장,계약해제.해지/위약금
2023044670,2023-08-30,남자,40 - 49세,인천광역시,국내온라인거래,양복(서양식 의복)세탁,품질(물품/용역)
2023044671,2023-08-30,여자,30 - 39세,울산광역시,소셜커머스(쇼핑),국외여행,계약해제.해지/위약금
2023044672,2023-08-30,남자,40 - 49세,세종특별자치시,일반판매,골프회원권,계약해제.해지/위약금
2023044673,2023-08-30,남자,50 - 59세,인천광역시,전화권유판매,인터넷정보이용서비스,계약해제.해지/위약금
2023044674,2023-08-30,남자,50 - 59세,서울특별시,전화권유판매,유사투자자문,계약해제.해지/위약금
2023044675,2023-08-30,여자,40 - 49세,경기도,국내온라인거래,거울,계약불이행(불완전이행)
2023044676,2023-08-30,여자,20 - 29세,서울특별시,일반판매,애완견,품질(물품/용역)
2023044677,2023-08-30,여자,30 - 39세,대전광역시,일반판매,필라테스,계약해제.해지/위약금
2023044678,2023-08-30,여자,40 - 49세,경기도,기타,기타이·미용서비스,계약해제.해지/위약금
2023044680,2023-08-30,여자,20 - 29세,해외 및 기타,국내온라인거래,기타문화용품,계약해제.해지/위약금
2023044681,2023-08-30,남자,30 - 39세,부산광역시,일반판매,항공여객운송서비스,계약불이행(불완전이행)
2023044682,2023-08-30,여자,30 - 39세,경기도,국내온라인거래,"OTT서비스(넷플릭스,왓챠 등)",계약불이행(불완전이행)
2023044683,2023-08-30,여자,40 - 49세,제주도,기타,필라테스,계약해제.해지/위약금
2023044684,2023-08-30,여자,50 - 59세,전라북도,TV홈쇼핑,음식물처리기대여(렌트),품질(물품/용역)
2023044685,2023-08-30,여자,40 - 49세,서울특별시,국내온라인거래,블라인드,품질(물품/용역)
2023044686,2023-08-30,남자,30 - 39세,인천광역시,일반판매,기타식탁용품,계약불이행(불완전이행)
2023044687,2023-08-30,여자,30 - 39세,부산광역시,일반판매,기타교육서비스,계약해제.해지/위약금
2023044688,2023-08-30,여자,40 - 49세,서울특별시,일반판매,포장이사운송서비스,계약해제.해지/위약금
2023044689,2023-08-30,여자,40 - 49세,서울특별시,기타,국외여행,계약불이행(불완전이행)
2023044690,2023-08-30,남자,40 - 49세,경기도,기타,건물청소서비스,계약불이행(불완전이행)
2023044691,2023-08-30,여자,30 - 39세,경기도,일반판매,결혼준비대행서비스,계약해제.해지/위약금
2023044692,2023-08-30,여자,30 - 39세,전라남도,전화권유판매,인터넷정보이용서비스,청약철회
2023044693,2023-08-30,여자,50 - 59세,서울특별시,일반판매,스마트폰,AS불만
2023044694,2023-08-30,남자,30 - 39세,인천광역시,국내온라인거래,식사배달,품질(물품/용역)
2023044695,2023-08-30,여자,20 - 29세,경기도,일반판매,사진촬영,계약해제.해지/위약금
2023044696,2023-08-30,여자,30 - 39세,서울특별시,국내온라인거래,핸드백,거래관행
2023044697,2023-08-30,여자,20 - 29세,인천광역시,국제온라인거래,호텔,청약철회
2023044698,2023-08-30,여자,30 - 39세,울산광역시,전화권유판매,인터넷교육서비스,계약해제.해지/위약금
2023044699,2023-08-30,남자,50 - 59세,경상남도,국내온라인거래,항공여객운송서비스,계약해제.해지/위약금
2023044700,2023-08-30,여자,40 - 49세,서울특별시,일반판매,미용서비스,품질(물품/용역)
2023044701,2023-08-30,여자,30 - 39세,충청남도,일반판매,헬스장,계약해제.해지/위약금
2023044702,2023-08-30,남자,40 - 49세,경기도,기타,관세서비스,계약불이행(불완전이행)
2023044703,2023-08-30,남자,30 - 39세,울산광역시,방문판매,기타인테리어설비,계약해제.해지/위약금
2023044704,2023-08-30,여자,30 - 39세,서울특별시,일반판매,골프회원권,계약해제.해지/위약금
2023044705,2023-08-30,여자,50 - 59세,서울특별시,국내온라인거래,기타가구,품질(물품/용역)
2023044706,2023-08-30,남자,20 - 29세,경기도,모바일거래,모바일게임서비스,청약철회
2023044707,2023-08-30,여자,20 - 29세,서울특별시,일반판매,필라테스,계약해제.해지/위약금
2023044709,2023-08-30,여자,30 - 39세,충청남도,기타,복합기,계약해제.해지/위약금
2023044710,2023-08-30,남자,40 - 49세,전라남도,기타,아파트,계약불이행(불완전이행)
2023044711,2023-08-30,남자,30 - 39세,경기도,국내온라인거래,기타가구,품질(물품/용역)
2023044712,2023-08-30,여자,60 - 64세,서울특별시,일반판매,포장이사운송서비스,품질(물품/용역)
2023044713,2023-08-30,남자,50 - 59세,대구광역시,소셜커머스(쇼핑),기타어패류·어패류가공식품,부당행위
2023044714,2023-08-30,남자,40 - 49세,경상북도,국내온라인거래,전등·전구,품질(물품/용역)
2023044715,2023-08-30,여자,20 - 29세,서울특별시,국제온라인거래,보석·귀금속,계약불이행(불완전이행)
2023044716,2023-08-30,여자,40 - 49세,세종특별자치시,국내온라인거래,기타재봉·세탁·청소용품,품질(물품/용역)
2023044717,2023-08-30,여자,30 - 39세,서울특별시,국내온라인거래,국내여행,계약해제.해지/위약금
2023044718,2023-08-30,여자,40 - 49세,전라북도,국내온라인거래,콘도회원권,계약불이행(불완전이행)
2023044719,2023-08-30,여자,40 - 49세,경상남도,일반판매,할인회원권,계약해제.해지/위약금
2023044720,2023-08-30,여자,40 - 49세,서울특별시,방문판매,헬스장,계약해제.해지/위약금
2023044721,2023-08-30,여자,20 - 29세,전라남도,방문판매,마른오징어,품질(물품/용역)
2023044722,2023-08-30,남자,50 - 59세,전라남도,국내온라인거래,농기계수리업,계약불이행(불완전이행)
2023044723,2023-08-30,남자,40 - 49세,경기도,모바일거래,기타숙박시설,계약불이행(불완전이행)
2023044724,2023-08-30,남자,60 - 64세,전라남도,일반판매,소파,계약불이행(불완전이행)
2023044725,2023-08-30,여자,40 - 49세,서울특별시,국내온라인거래,기타가방,청약철회
2023044726,2023-08-30,남자,20 - 29세,경기도,국내온라인거래,항공여객운송서비스,청약철회
2023044727,2023-08-30,여자,20 - 29세,서울특별시,기타,기타숙박시설,계약해제.해지/위약금
2023044728,2023-08-30,여자,30 - 39세,경기도,전화권유판매,인터넷정보이용서비스,계약불이행(불완전이행)
2023044729,2023-08-30,남자,50 - 59세,경기도,국내온라인거래,기타정보이용서비스,품질(물품/용역)
2023044730,2023-08-30,여자,30 - 39세,서울특별시,국제온라인거래,호텔,청약철회
2023044731,2023-08-30,여자,불명,인천광역시,전화권유판매,초고속인터넷,계약불이행(불완전이행)
2023044732,2023-08-30,남자,40 - 49세,서울특별시,모바일거래,기타음식관련서비스,약관
2023044733,2023-08-30,여자,65 - 69세,서울특별시,모바일거래,항공여객운송서비스,계약해제.해지/위약금
2023044734,2023-08-30,남자,30 - 39세,인천광역시,일반판매,사진촬영,계약해제.해지/위약금
2023044735,2023-08-30,여자,20 - 29세,인천광역시,일반판매,헬스장,계약해제.해지/위약금
2023044736,2023-08-30,남자,30 - 39세,서울특별시,일반판매,기타이동통신,품질(물품/용역)
2023044737,2023-08-30,남자,20 - 29세,경상남도,국내온라인거래,모바일게임서비스,부당행위
2023044738,2023-08-30,여자,30 - 39세,경기도,기타,미용서비스,계약불이행(불완전이행)
2023044739,2023-08-30,남자,40 - 49세,경기도,일반판매,헬스장,계약해제.해지/위약금
2023044740,2023-08-30,여자,30 - 39세,서울특별시,방문판매,헬스장,계약해제.해지/위약금
2023044741,2023-08-30,남자,40 - 49세,대전광역시,기타,헬스장,계약해제.해지/위약금
2023044742,2023-08-30,남자,40 - 49세,경상남도,국내온라인거래,항공여객운송서비스,청약철회
2023044743,2023-08-30,여자,30 - 39세,대전광역시,일반판매,필라테스,계약해제.해지/위약금
2023044744,2023-08-30,남자,30 - 39세,대전광역시,국내온라인거래,기타재봉·세탁·청소용품,AS불만
2023044745,2023-08-30,여자,30 - 39세,인천광역시,일반판매,기타의류·섬유,청약철회
2023044746,2023-08-30,남자,40 - 49세,울산광역시,일반판매,애완고양이,부당행위
2023044747,2023-08-30,여자,50 - 59세,서울특별시,기타통신판매,국외여행,계약해제.해지/위약금
2023044748,2023-08-30,여자,40 - 49세,서울특별시,국내온라인거래,호텔,가격.요금
2023044749,2023-08-30,여자,30 - 39세,대구광역시,국내온라인거래,LED램프,품질(물품/용역)
2023044750,2023-08-30,여자,30 - 39세,대구광역시,소셜커머스(쇼핑),점퍼·재킷류,청약철회
2023044751,2023-08-30,여자,40 - 49세,충청북도,국내온라인거래,보석·귀금속,계약불이행(불완전이행)
2023044752,2023-08-30,여자,20 - 29세,서울특별시,국내온라인거래,기타사설강습서비스,계약해제.해지/위약금
2023044753,2023-08-30,남자,40 - 49세,인천광역시,국내온라인거래,기타침대류,청약철회
2023044754,2023-08-30,여자,30 - 39세,인천광역시,국내온라인거래,기타침구류,청약철회
2023044755,2023-08-30,남자,30 - 39세,인천광역시,일반판매,외식,품질(물품/용역)
2023044756,2023-08-30,남자,50 - 59세,경상북도,일반판매,침대,품질(물품/용역)
2023044757,2023-08-30,여자,40 - 49세,서울특별시,국제온라인거래,기타의류·섬유,청약철회
2023044758,2023-08-30,여자,30 - 39세,서울특별시,국내온라인거래,항공여객운송서비스,계약해제.해지/위약금
2023044759,2023-08-30,남자,50 - 59세,대구광역시,국내온라인거래,카메라,품질(물품/용역)
2023044760,2023-08-30,남자,30 - 39세,서울특별시,일반판매,포장이사운송서비스,계약불이행(불완전이행)
2023044761,2023-08-30,남자,40 - 49세,서울특별시,일반판매,초고속인터넷,가격.요금
2023044762,2023-08-30,여자,30 - 39세,강원특별자치도,노상판매,인터넷교육서비스,계약해제.해지/위약금
2023044763,2023-08-30,남자,50 - 59세,서울특별시,국내온라인거래,화장품세트,품질(물품/용역)
2023044764,2023-08-30,여자,20 - 29세,경상북도,일반판매,필라테스,계약해제.해지/위약금
2023044765,2023-08-30,남자,50 - 59세,경기도,국내온라인거래,기타숙박시설,청약철회
2023044766,2023-08-30,남자,20 - 29세,서울특별시,국내온라인거래,미용서비스,청약철회
2023044767,2023-08-30,남자,40 - 49세,경기도,국내온라인거래,기타가구,품질(물품/용역)
2023044768,2023-08-30,여자,30 - 39세,제주도,일반판매,필라테스,계약해제.해지/위약금
2023044769,2023-08-30,여자,30 - 39세,경기도,국내온라인거래,택배화물운송서비스,품질(물품/용역)
2023044770,2023-08-30,여자,40 - 49세,서울특별시,일반판매,헬스장,계약해제.해지/위약금
2023044771,2023-08-30,남자,20 - 29세,서울특별시,일반판매,헬스장,계약해제.해지/위약금
2023044772,2023-08-30,여자,30 - 39세,경기도,국제온라인거래,헤어드라이어,품질(물품/용역)
2023044773,2023-08-30,여자,40 - 49세,경기도,국내온라인거래,선반침대,계약불이행(불완전이행)
2023044774,2023-08-30,남자,40 - 49세,서울특별시,국내온라인거래,기타가구,품질(물품/용역)
2023044775,2023-08-30,여자,40 - 49세,서울특별시,국내온라인거래,항공여객운송서비스,청약철회
2023044776,2023-08-30,여자,20 - 29세,강원특별자치도,국내온라인거래,항공여객운송서비스,계약불이행(불완전이행)
2023044777,2023-08-30,남자,40 - 49세,경기도,국내온라인거래,매트,품질(물품/용역)
2023044778,2023-08-30,여자,30 - 39세,경상북도,방문판매,학습지,계약불이행(불완전이행)
2023044779,2023-08-30,남자,40 - 49세,경기도,국내온라인거래,책장·서가,표시.광고
2023044780,2023-08-30,여자,20 - 29세,경상북도,일반판매,헬스장,계약불이행(불완전이행)
2023044781,2023-08-30,남자,20 - 29세,경기도,일반판매,포장이사운송서비스,계약불이행(불완전이행)
2023044782,2023-08-30,남자,30 - 39세,경기도,일반판매,헬스장,계약해제.해지/위약금
2023044783,2023-08-30,여자,30 - 39세,인천광역시,소셜커머스(쇼핑),기타신발·용품,청약철회
2023044784,2023-08-30,남자,20 - 29세,인천광역시,모바일거래,모바일게임서비스,표시.광고
2023044785,2023-08-30,여자,30 - 39세,서울특별시,모바일거래,모바일정보이용서비스,청약철회
2023044786,2023-08-30,남자,40 - 49세,경기도,기타,기타음향기기,청약철회
2023044787,2023-08-30,여자,20 - 29세,경기도,일반판매,여자용한복,청약철회
2023044788,2023-08-30,여자,20 - 29세,강원특별자치도,전화권유판매,복숭아,품질(물품/용역)
2023044790,2023-08-31,여자,30 - 39세,경기도,기타,기타사설강습서비스,계약해제.해지/위약금
2023044791,2023-08-31,남자,30 - 39세,경기도,국내온라인거래,신유형상품권,계약불이행(불완전이행)
2023044792,2023-08-31,남자,20 - 29세,경기도,일반판매,생활패션화(슬립온·아쿠아슈즈·장화·작업화 등),품질(물품/용역)
2023044793,2023-08-31,남자,50 - 59세,경기도,소셜커머스(쇼핑),타이어,표시.광고
2023044794,2023-08-31,남자,40 - 49세,전라북도,국내온라인거래,여관(모텔),계약불이행(불완전이행)
2023044795,2023-08-31,남자,30 - 39세,경기도,일반판매,택배화물운송서비스,계약불이행(불완전이행)
2023044796,2023-08-31,여자,30 - 39세,경상남도,일반판매,통신기기케이스,계약해제.해지/위약금
2023044797,2023-08-31,여자,30 - 39세,경기도,국내온라인거래,이동전화서비스,청약철회
2023044798,2023-08-31,남자,40 - 49세,서울특별시,기타,국내결혼중개,약관
2023044799,2023-08-31,남자,40 - 49세,부산광역시,국내온라인거래,기타자동차용품,품질(물품/용역)
2023044800,2023-08-31,남자,40 - 49세,경기도,일반판매,중형승용자동차,AS불만
2023044801,2023-08-31,남자,70 - 79세,서울특별시,TV홈쇼핑,즉석조리식품,표시.광고
2023044802,2023-08-31,남자,40 - 49세,서울특별시,국내온라인거래,등산화,품질(물품/용역)
2023044803,2023-08-31,여자,30 - 39세,경기도,방문판매,인터넷교육서비스,계약해제.해지/위약금
2023044804,2023-08-31,여자,20 - 29세,서울특별시,모바일거래,카셰어링,AS불만
2023044805,2023-08-31,여자,30 - 39세,경기도,국내온라인거래,미용서비스,계약해제.해지/위약금
2023044806,2023-08-31,남자,30 - 39세,서울특별시,일반판매,기타화물운송서비스,품질(물품/용역)
2023044807,2023-08-31,남자,40 - 49세,인천광역시,일반판매,운동화,품질(물품/용역)
2023044809,2023-08-31,여자,60 - 64세,서울특별시,국내온라인거래,항공여객운송서비스,청약철회
2023044810,2023-08-31,여자,30 - 39세,강원특별자치도,일반판매,정수기대여(렌트),품질(물품/용역)
2023044811,2023-08-31,여자,40 - 49세,부산광역시,모바일거래,신유형상품권,계약해제.해지/위약금
2023044812,2023-08-31,남자,65 - 69세,울산광역시,TV홈쇼핑,상조서비스,청약철회
2023044814,2023-08-31,여자,20 - 29세,서울특별시,일반판매,헬스장,계약해제.해지/위약금
2023044815,2023-08-31,남자,80세이상,인천광역시,국내온라인거래,우유,청약철회
2023044817,2023-08-31,남자,30 - 39세,전라북도,일반판매,기타조명기기,AS불만
2023044818,2023-08-31,여자,30 - 39세,전라북도,국내온라인거래,전자게임기구,품질(물품/용역)
2023044819,2023-08-31,남자,40 - 49세,강원특별자치도,방문판매,기타옥외장비·설비,계약불이행(불완전이행)
2023044820,2023-08-31,여자,60 - 64세,대구광역시,일반판매,콘도회원권,계약불이행(불완전이행)
2023044821,2023-08-31,여자,40 - 49세,서울특별시,일반판매,국외캠프,계약해제.해지/위약금
2023044822,2023-08-31,여자,50 - 59세,대구광역시,TV홈쇼핑,양복(서양식 의복)세탁,품질(물품/용역)
2023044823,2023-08-31,여자,50 - 59세,경기도,일반판매,국내여행,계약해제.해지/위약금
2023044824,2023-08-31,남자,65 - 69세,경기도,방문판매,실손보험,계약불이행(불완전이행)
2023044825,2023-08-31,여자,50 - 59세,서울특별시,국내온라인거래,배추,계약불이행(불완전이행)
2023044826,2023-08-31,남자,40 - 49세,경상북도,일반판매,건강(암·기타질병)보험,계약불이행(불완전이행)
2023044827,2023-08-31,남자,40 - 49세,경기도,국내온라인거래,티셔츠,품질(물품/용역)
2023044828,2023-08-31,여자,30 - 39세,서울특별시,모바일거래,버스여객운송서비스,청약철회
2023044829,2023-08-31,남자,40 - 49세,서울특별시,일반판매,자동차수리·점검,AS불만
2023044830,2023-08-31,남자,50 - 59세,경기도,모바일거래,자동차대여(렌트),AS불만
2023044831,2023-08-31,여자,20 - 29세,제주도,일반판매,필라테스,계약해제.해지/위약금
2023044832,2023-08-31,여자,30 - 39세,경기도,일반판매,헬스장,계약해제.해지/위약금
2023044834,2023-08-31,남자,70 - 79세,경기도,일반판매,인터넷정보이용서비스,계약해제.해지/위약금
2023044835,2023-08-31,남자,60 - 64세,부산광역시,일반판매,소형화물자동차,안전(제품/시설)
2023044836,2023-08-31,여자,30 - 39세,경기도,일반판매,전문스포츠화(축구화·골프화 등),품질(물품/용역)
2023044837,2023-08-31,여자,30 - 39세,제주도,일반판매,필라테스,계약불이행(불완전이행)
2023044838,2023-08-31,남자,30 - 39세,경기도,국내온라인거래,즉석조리식품,청약철회
2023044839,2023-08-31,남자,40 - 49세,대구광역시,기타,기타전기,AS불만
2023044840,2023-08-31,여자,50 - 59세,경기도,전화권유판매,유사투자자문,계약해제.해지/위약금
2023044841,2023-08-31,남자,60 - 64세,충청북도,일반판매,타이어,계약불이행(불완전이행)
2023044842,2023-08-31,남자,40 - 49세,서울특별시,기타,택배화물운송서비스,품질(물품/용역)
2023044843,2023-08-31,여자,불명,충청북도,국내온라인거래,니트(스웨터),품질(물품/용역)
2023044844,2023-08-31,남자,50 - 59세,서울특별시,일반판매,이동전화서비스,약관
2023044845,2023-08-31,여자,30 - 39세,서울특별시,일반판매,자동차대여(렌트),계약불이행(불완전이행)
2023044846,2023-08-31,남자,40 - 49세,부산광역시,일반판매,중형승용자동차,품질(물품/용역)
2023044847,2023-08-31,남자,40 - 49세,충청북도,국내온라인거래,냉장고,청약철회
2023044848,2023-08-31,남자,불명,대구광역시,소셜커머스(쇼핑),비데,표시.광고
2023044849,2023-08-31,여자,40 - 49세,대구광역시,일반판매,자동차대여(렌트),계약해제.해지/위약금
2023044850,2023-08-31,여자,40 - 49세,서울특별시,일반판매,여자용내의류,품질(물품/용역)
2023044851,2023-08-31,여자,40 - 49세,서울특별시,국내온라인거래,샌들·슬리퍼,품질(물품/용역)
2023044852,2023-08-31,여자,40 - 49세,서울특별시,일반판매,운동화,품질(물품/용역)
2023044853,2023-08-31,남자,40 - 49세,경기도,일반판매,기타가방,품질(물품/용역)
2023044854,2023-08-31,여자,30 - 39세,서울특별시,일반판매,이동전화서비스,청약철회
2023044855,2023-08-31,남자,불명,울산광역시,국내온라인거래,초음파방충기,계약해제.해지/위약금
2023044856,2023-08-31,남자,40 - 49세,경기도,일반판매,중형승용자동차,품질(물품/용역)
2023044857,2023-08-31,여자,80세이상,경상남도,방문판매,기타건강식품,계약불이행(불완전이행)
2023044858,2023-08-31,여자,40 - 49세,경기도,모바일거래,호텔,청약철회
2023044859,2023-08-31,남자,30 - 39세,광주광역시,일반판매,건강(암·기타질병)보험,약관
2023044860,2023-08-31,여자,불명,경기도,일반판매,방문교육,계약해제.해지/위약금
2023044861,2023-08-31,여자,60 - 64세,울산광역시,일반판매,김치냉장고,품질(물품/용역)
2023044862,2023-08-31,여자,30 - 39세,서울특별시,국내온라인거래,애완동물기타,품질(물품/용역)
2023044863,2023-08-31,여자,40 - 49세,서울특별시,TV홈쇼핑,염색제,품질(물품/용역)
2023044864,2023-08-31,여자,30 - 39세,경상북도,국내온라인거래,블라우스,품질(물품/용역)
2023044865,2023-08-31,남자,30 - 39세,경기도,국내온라인거래,항공여객운송서비스,계약불이행(불완전이행)
2023044866,2023-08-31,남자,30 - 39세,경기도,방문판매,헬스장,계약해제.해지/위약금
2023044868,2023-08-31,여자,40 - 49세,경상북도,국내온라인거래,이동전화서비스,계약불이행(불완전이행)
2023044869,2023-08-31,남자,40 - 49세,인천광역시,일반판매,대형승용자동차,품질(물품/용역)
2023044870,2023-08-31,남자,60 - 64세,경기도,일반판매,기타공조·냉난방기기,계약해제.해지/위약금
2023044871,2023-08-31,남자,50 - 59세,서울특별시,일반판매,자동차수리·점검,AS불만
2023044872,2023-08-31,여자,30 - 39세,경기도,일반판매,애완견,계약해제.해지/위약금
2023044873,2023-08-31,남자,65 - 69세,충청남도,국내온라인거래,골프용품,품질(물품/용역)
2023044874,2023-08-31,남자,60 - 64세,경기도,일반판매,중형승용자동차,품질(물품/용역)
2023044875,2023-08-31,여자,30 - 39세,울산광역시,국내온라인거래,캐주얼바지,품질(물품/용역)
2023044876,2023-08-31,남자,30 - 39세,서울특별시,전화권유판매,기타매체광고,계약해제.해지/위약금
2023044877,2023-08-31,여자,30 - 39세,서울특별시,일반판매,보석·귀금속,품질(물품/용역)
2023044878,2023-08-31,여자,20 - 29세,경기도,전화권유판매,기타옥외장비·설비,계약해제.해지/위약금
2023044879,2023-08-31,여자,40 - 49세,인천광역시,국내온라인거래,원피스,품질(물품/용역)
2023044880,2023-08-31,여자,70 - 79세,경기도,일반판매,예금·보험담보대출,약관
2023044882,2023-08-31,여자,40 - 49세,경기도,일반판매,숙녀화(구두·부츠 등),품질(물품/용역)
2023044883,2023-08-31,남자,40 - 49세,부산광역시,일반판매,스마트폰,AS불만
2023044884,2023-08-31,여자,80세이상,경기도,일반판매,정수기대여(렌트),계약해제.해지/위약금
2023044885,2023-08-31,여자,40 - 49세,부산광역시,일반판매,기타병·의원서비스,계약해제.해지/위약금
2023044886,2023-08-31,남자,40 - 49세,강원특별자치도,일반판매,양복(서양식 의복)세탁,품질(물품/용역)
2023044888,2023-08-31,여자,20 - 29세,경기도,국내온라인거래,티셔츠,품질(물품/용역)
2023044889,2023-08-31,여자,30 - 39세,경기도,일반판매,피부과,계약해제.해지/위약금
2023044890,2023-08-31,여자,30 - 39세,서울특별시,일반판매,한의원,계약해제.해지/위약금
2023044891,2023-08-31,남자,40 - 49세,경기도,국내온라인거래,TV,AS불만
2023044892,2023-08-31,여자,50 - 59세,서울특별시,일반판매,골프회원권,계약해제.해지/위약금
2023044893,2023-08-31,남자,60 - 64세,경기도,일반판매,양복(서양식 의복)세탁,품질(물품/용역)
2023044894,2023-08-31,남자,20 - 29세,경기도,일반판매,양복(서양식 의복)세탁,품질(물품/용역)
2023044895,2023-08-31,여자,40 - 49세,서울특별시,일반판매,기타일반화장품,표시.광고
2023044896,2023-08-31,여자,30 - 39세,대전광역시,전화권유판매,국내결혼중개,계약해제.해지/위약금
2023044897,2023-08-31,남자,30 - 39세,충청남도,기타,가스에어컨,품질(물품/용역)
2023044898,2023-08-31,여자,20 - 29세,충청남도,국내온라인거래,영화관람,계약해제.해지/위약금
2023044899,2023-08-31,남자,20 - 29세,서울특별시,전화권유판매,기타매체광고,계약해제.해지/위약금
2023044900,2023-08-31,여자,30 - 39세,부산광역시,국내온라인거래,원피스,청약철회
2023044901,2023-08-31,여자,50 - 59세,경상북도,일반판매,음식물처리기,품질(물품/용역)
2023044902,2023-08-31,남자,불명,경기도,국내온라인거래,인터넷정보이용서비스,계약해제.해지/위약금
2023044904,2023-08-31,남자,40 - 49세,경기도,일반판매,기타통신기기,품질(물품/용역)
2023044905,2023-08-31,남자,40 - 49세,경상남도,국내온라인거래,도서·음반대여(렌트),품질(물품/용역)
2023044906,2023-08-31,남자,50 - 59세,경기도,국내온라인거래,기타사무용기기,품질(물품/용역)
2023044907,2023-08-31,여자,30 - 39세,서울특별시,국내온라인거래,인터넷교육서비스,계약해제.해지/위약금
2023044908,2023-08-31,여자,30 - 39세,서울특별시,일반판매,묘목·모종,품질(물품/용역)
2023044909,2023-08-31,여자,20 - 29세,경기도,모바일거래,인터넷교육서비스,계약해제.해지/위약금
2023044910,2023-08-31,여자,30 - 39세,서울특별시,국내온라인거래,니트(스웨터),청약철회
2023044911,2023-08-31,여자,30 - 39세,서울특별시,소셜커머스(쇼핑),TV대,청약철회
2023044912,2023-08-31,여자,40 - 49세,서울특별시,기타,기타미분류서비스,가격.요금
2023044913,2023-08-31,여자,30 - 39세,부산광역시,국내온라인거래,기타미분류서비스,부당채권추심
2023044914,2023-08-31,남자,30 - 39세,서울특별시,소셜커머스(쇼핑),항공여객운송서비스,계약불이행(불완전이행)
2023044915,2023-08-31,여자,40 - 49세,서울특별시,국내온라인거래,기타일반화장품,계약해제.해지/위약금
2023044916,2023-08-31,여자,30 - 39세,대구광역시,국내온라인거래,화장비누,청약철회
2023044917,2023-08-31,여자,30 - 39세,경기도,일반판매,필라테스,계약해제.해지/위약금
2023044918,2023-08-31,남자,40 - 49세,경기도,국내온라인거래,TV,품질(물품/용역)
2023044919,2023-08-31,여자,30 - 39세,서울특별시,국내온라인거래,선풍기,품질(물품/용역)
2023044920,2023-08-31,여자,30 - 39세,광주광역시,국내온라인거래,샌들·슬리퍼,품질(물품/용역)
2023044921,2023-08-31,남자,30 - 39세,대구광역시,방문판매,결혼준비대행서비스,계약해제.해지/위약금
2023044922,2023-08-31,여자,30 - 39세,경기도,일반판매,기타세탁서비스,품질(물품/용역)
2023044923,2023-08-31,남자,30 - 39세,경기도,일반판매,전기온수기,AS불만
2023044924,2023-08-31,여자,불명,경기도,기타통신판매,인터넷정보이용서비스,계약불이행(불완전이행)
2023044925,2023-08-31,여자,30 - 39세,서울특별시,국내온라인거래,인터넷교육서비스,계약불이행(불완전이행)
2023044926,2023-08-31,남자,30 - 39세,제주도,방문판매,헬스장,계약해제.해지/위약금
2023044927,2023-08-31,여자,30 - 39세,경상남도,국내온라인거래,항공여객운송서비스,계약불이행(불완전이행)
2023044928,2023-08-31,여자,40 - 49세,경기도,일반판매,기타사설강습서비스,계약해제.해지/위약금
2023044929,2023-08-31,여자,40 - 49세,대구광역시,국내온라인거래,소파,품질(물품/용역)
2023044930,2023-08-31,여자,50 - 59세,충청북도,소셜커머스(쇼핑),샌들·슬리퍼,계약불이행(불완전이행)
2023044931,2023-08-31,여자,70 - 79세,울산광역시,기타,미숫가루,품질(물품/용역)
2023044932,2023-08-31,여자,20 - 29세,서울특별시,국내온라인거래,샌들·슬리퍼,청약철회
2023044933,2023-08-31,여자,40 - 49세,경기도,국내온라인거래,의자,품질(물품/용역)
2023044934,2023-08-31,남자,65 - 69세,서울특별시,소셜커머스(쇼핑),골프용품,청약철회
2023044935,2023-08-31,남자,30 - 39세,서울특별시,국내온라인거래,응접테이블,품질(물품/용역)
2023044936,2023-08-31,남자,40 - 49세,경기도,국내온라인거래,전기세탁기,품질(물품/용역)
2023044937,2023-08-31,남자,40 - 49세,부산광역시,기타,택배화물운송서비스,품질(물품/용역)
2023044938,2023-08-31,남자,20 - 29세,부산광역시,일반판매,헬스장,계약해제.해지/위약금
2023044939,2023-08-31,남자,50 - 59세,서울특별시,국내온라인거래,안경·안경테,품질(물품/용역)
2023044940,2023-08-31,여자,30 - 39세,경상남도,일반판매,기타이·미용서비스,계약불이행(불완전이행)
2023044941,2023-08-31,여자,40 - 49세,서울특별시,국내온라인거래,기타이·미용기구,품질(물품/용역)
2023044942,2023-08-31,여자,30 - 39세,경기도,국내온라인거래,기타교육서비스,계약해제.해지/위약금
2023044943,2023-08-31,남자,40 - 49세,서울특별시,국내온라인거래,헤어드라이어,청약철회
2023044944,2023-08-31,남자,30 - 39세,경기도,모바일거래,모바일정보이용서비스,계약해제.해지/위약금
2023044945,2023-08-31,여자,50 - 59세,경기도,국내온라인거래,기타일반화장품,계약불이행(불완전이행)
2023044946,2023-08-31,남자,30 - 39세,강원특별자치도,국내온라인거래,국외여행,계약불이행(불완전이행)
2023044947,2023-08-31,남자,40 - 49세,제주도,기타통신판매,스마트폰,AS불만
2023044948,2023-08-31,여자,65 - 69세,서울특별시,국내온라인거래,항공여객운송서비스,계약해제.해지/위약금
2023044949,2023-08-31,여자,30 - 39세,대구광역시,국내온라인거래,기타의류·섬유,청약철회
2023044950,2023-08-31,남자,65 - 69세,부산광역시,일반판매,팬코일(이동식에어컨),품질(물품/용역)
2023044951,2023-08-31,남자,20 - 29세,경기도,소셜커머스(쇼핑),세탁용합성세제,청약철회
2023044952,2023-08-31,여자,40 - 49세,경상남도,국내온라인거래,도서·음반대여(렌트),계약불이행(불완전이행)
2023044953,2023-08-31,여자,40 - 49세,대구광역시,일반판매,필라테스,계약해제.해지/위약금
2023044954,2023-08-31,여자,30 - 39세,서울특별시,일반판매,국내결혼중개,계약해제.해지/위약금
2023044955,2023-08-31,남자,30 - 39세,서울특별시,전화권유판매,기타교육서비스,계약불이행(불완전이행)
2023044956,2023-08-31,남자,40 - 49세,부산광역시,일반판매,스포츠시설이용,계약해제.해지/위약금
2023044957,2023-08-31,여자,30 - 39세,경기도,국내온라인거래,인터넷교육서비스,계약해제.해지/위약금
2023044958,2023-08-31,여자,20 - 29세,경기도,기타,USB,계약불이행(불완전이행)
2023044959,2023-08-31,여자,30 - 39세,전라남도,TV홈쇼핑,정수기대여(렌트),계약해제.해지/위약금
2023044960,2023-08-31,남자,30 - 39세,전라남도,국내온라인거래,기타숙박시설,계약해제.해지/위약금
2023044961,2023-08-31,여자,50 - 59세,경기도,방문판매,헬스장,계약해제.해지/위약금
2023044962,2023-08-31,남자,20 - 29세,대전광역시,방문판매,헬스장,계약해제.해지/위약금
2023044963,2023-08-31,여자,40 - 49세,서울특별시,소셜커머스(쇼핑),기타의자류,품질(물품/용역)
2023044964,2023-08-31,여자,50 - 59세,서울특별시,국제온라인거래,국외여행,계약해제.해지/위약금
2023044966,2023-08-31,여자,20 - 29세,서울특별시,방문판매,필라테스,계약해제.해지/위약금
2023044967,2023-08-31,남자,40 - 49세,서울특별시,국내온라인거래,신용카드,품질(물품/용역)
2023044968,2023-08-31,남자,50 - 59세,경기도,국내온라인거래,기타교재,청약철회
2023044970,2023-08-31,여자,30 - 39세,서울특별시,일반판매,니트(스웨터),품질(물품/용역)
2023044971,2023-08-31,여자,20 - 29세,경상남도,국내온라인거래,기타화물운송서비스,가격.요금
2023044972,2023-08-31,여자,40 - 49세,제주도,기타통신판매,다이어트식품,계약해제.해지/위약금
2023044973,2023-08-31,남자,불명,서울특별시,국내온라인거래,스마트폰,계약불이행(불완전이행)
2023044974,2023-08-31,여자,65 - 69세,대구광역시,모바일거래,모바일게임서비스,무능력자계약
2023044975,2023-08-31,남자,50 - 59세,부산광역시,소셜커머스(쇼핑),프린터잉크,청약철회
2023044976,2023-08-31,남자,40 - 49세,울산광역시,일반판매,음식물처리기,청약철회
2023044977,2023-08-31,남자,30 - 39세,서울특별시,일반판매,헬스장,계약해제.해지/위약금
2023044978,2023-08-31,여자,30 - 39세,충청북도,일반판매,매트,품질(물품/용역)
2023044979,2023-08-31,남자,30 - 39세,대구광역시,국내온라인거래,기타통신기기,계약불이행(불완전이행)
2023044980,2023-08-31,여자,20 - 29세,인천광역시,방문판매,헬스장,계약해제.해지/위약금
2023044981,2023-08-31,여자,30 - 39세,인천광역시,기타통신판매,기타숙박시설,가격.요금
2023044982,2023-08-31,여자,30 - 39세,경기도,일반판매,일반강습(입시학원등),계약해제.해지/위약금
2023044983,2023-09-01,여자,50 - 59세,경기도,국내온라인거래,포장이사운송서비스,계약불이행(불완전이행)
2023044984,2023-09-01,남자,30 - 39세,경기도,일반판매,신용카드,계약불이행(불완전이행)
2023044985,2023-09-01,남자,40 - 49세,강원특별자치도,일반판매,자동차리스,계약불이행(불완전이행)
2023044986,2023-09-01,여자,30 - 39세,서울특별시,일반판매,헬스장,계약해제.해지/위약금
2023044987,2023-09-01,남자,30 - 39세,대구광역시,국내온라인거래,전기압력밥솥,AS불만
2023044988,2023-09-01,남자,40 - 49세,부산광역시,일반판매,애완견,계약해제.해지/위약금
2023044989,2023-09-01,여자,70 - 79세,대전광역시,기타,IPTV,가격.요금
2023044990,2023-09-01,여자,40 - 49세,서울특별시,국내온라인거래,공예품,품질(물품/용역)
2023044991,2023-09-01,남자,40 - 49세,서울특별시,국내온라인거래,실손보험,약관
2023044992,2023-09-01,남자,50 - 59세,전라남도,일반판매,실손보험,약관
2023044993,2023-09-01,여자,40 - 49세,서울특별시,기타통신판매,유사투자자문,계약해제.해지/위약금
2023044994,2023-09-01,남자,30 - 39세,경기도,일반판매,실손보험,약관
2023044995,2023-09-01,남자,50 - 59세,광주광역시,일반판매,호텔,청약철회
2023044997,2023-09-01,남자,10 - 19세,인천광역시,일반판매,헬스장,계약해제.해지/위약금
2023044998,2023-09-01,여자,30 - 39세,경기도,소셜커머스(쇼핑),국외여행,계약불이행(불완전이행)
2023044999,2023-09-01,여자,30 - 39세,경기도,국내온라인거래,기타의류·섬유,청약철회
2023045000,2023-09-01,여자,40 - 49세,제주도,모바일거래,룸에어컨,안전(제품/시설)
2023045001,2023-09-01,여자,40 - 49세,경기도,국내온라인거래,애완동·식물용품,청약철회
2023045002,2023-09-01,여자,20 - 29세,경기도,일반판매,헬스장,계약해제.해지/위약금
2023045003,2023-09-01,여자,40 - 49세,경기도,일반판매,화재보험,표시.광고
2023045004,2023-09-01,남자,60 - 64세,세종특별자치시,기타통신판매,기타서적음반류,계약불이행(불완전이행)
2023045005,2023-09-01,여자,30 - 39세,인천광역시,기타통신판매,전기맛사지기,안전(제품/시설)
2023045006,2023-09-01,남자,20 - 29세,서울특별시,일반판매,여관(모텔),청약철회
2023045007,2023-09-01,남자,50 - 59세,경기도,일반판매,실손보험,계약불이행(불완전이행)
2023045008,2023-09-01,여자,20 - 29세,경기도,전화권유판매,인터넷정보이용서비스,계약해제.해지/위약금
2023045009,2023-09-01,여자,50 - 59세,서울특별시,국내온라인거래,탈곡기,품질(물품/용역)
2023045011,2023-09-01,여자,20 - 29세,경기도,국내온라인거래,신발세탁,계약불이행(불완전이행)
2023045012,2023-09-01,여자,50 - 59세,경기도,일반판매,소파,품질(물품/용역)
2023045013,2023-09-01,남자,40 - 49세,경상남도,국내온라인거래,헤드폰·이어폰,AS불만
2023045014,2023-09-01,남자,20 - 29세,경기도,국내온라인거래,기타숙박시설,청약철회
2023045015,2023-09-01,남자,50 - 59세,경기도,기타통신판매,국외여행,계약해제.해지/위약금
2023045016,2023-09-01,남자,60 - 64세,서울특별시,전화권유판매,유사투자자문,계약해제.해지/위약금
2023045017,2023-09-01,남자,65 - 69세,경기도,국내온라인거래,룸에어컨,계약불이행(불완전이행)
2023045018,2023-09-01,여자,30 - 39세,인천광역시,국내온라인거래,각종공연관람,청약철회
2023045019,2023-09-01,여자,20 - 29세,경기도,국내온라인거래,기타숙박시설,계약해제.해지/위약금
2023045020,2023-09-01,남자,65 - 69세,경기도,일반판매,기타가구,계약해제.해지/위약금
2023045021,2023-09-01,여자,30 - 39세,서울특별시,일반판매,양복(서양식 의복)세탁,품질(물품/용역)
2023045022,2023-09-01,여자,60 - 64세,경기도,일반판매,코트,품질(물품/용역)
2023045023,2023-09-01,여자,40 - 49세,경기도,기타통신판매,포장이사운송서비스,품질(물품/용역)
2023045024,2023-09-01,여자,50 - 59세,대구광역시,국내온라인거래,가스레인지,청약철회
2023045025,2023-09-01,남자,50 - 59세,서울특별시,일반판매,정수기대여(렌트),계약해제.해지/위약금
2023045026,2023-09-01,남자,30 - 39세,경기도,일반판매,"연회서비스(돌잔치,회갑 등)",계약해제.해지/위약금
2023045027,2023-09-01,여자,40 - 49세,경기도,국내온라인거래,스포츠웨어,품질(물품/용역)
2023045028,2023-09-01,여자,30 - 39세,충청북도,국내온라인거래,샌들·슬리퍼,품질(물품/용역)
2023045029,2023-09-01,남자,불명,충청남도,TV홈쇼핑,기타건강식품,청약철회
2023045030,2023-09-01,남자,30 - 39세,서울특별시,국내온라인거래,기타숙박시설,품질(물품/용역)
2023045031,2023-09-01,남자,20 - 29세,인천광역시,국내온라인거래,펜션,계약해제.해지/위약금
2023045032,2023-09-01,남자,60 - 64세,서울특별시,일반판매,국외여행,계약불이행(불완전이행)
2023045033,2023-09-01,남자,30 - 39세,경기도,국내온라인거래,운동화,품질(물품/용역)
2023045034,2023-09-01,남자,60 - 64세,충청북도,일반판매,기타옥외장비·설비,계약불이행(불완전이행)
2023045036,2023-09-01,여자,65 - 69세,서울특별시,일반판매,건강(암·기타질병)보험,계약불이행(불완전이행)
2023045037,2023-09-01,남자,40 - 49세,전라북도,국내온라인거래,기타회원권,계약해제.해지/위약금
2023045038,2023-09-01,여자,40 - 49세,서울특별시,일반판매,필라테스,계약해제.해지/위약금
2023045039,2023-09-01,여자,40 - 49세,서울특별시,기타,신유형상품권,부당행위
2023045040,2023-09-01,남자,70 - 79세,경상남도,일반판매,묘목·모종,품질(물품/용역)
2023045041,2023-09-01,여자,50 - 59세,서울특별시,일반판매,샌들·슬리퍼,품질(물품/용역)
2023045042,2023-09-01,여자,50 - 59세,충청남도,일반판매,외식,품질(물품/용역)
2023045043,2023-09-01,여자,40 - 49세,서울특별시,일반판매,스마트폰,계약불이행(불완전이행)
2023045044,2023-09-01,남자,65 - 69세,광주광역시,기타통신판매,기타주거관리설비,AS불만
2023045045,2023-09-01,여자,60 - 64세,경기도,국내온라인거래,기타숙박시설,계약해제.해지/위약금
2023045046,2023-09-01,남자,40 - 49세,서울특별시,기타통신판매,기타세탁서비스,품질(물품/용역)
2023045047,2023-09-01,여자,40 - 49세,부산광역시,일반판매,양복(서양식 의복)세탁,품질(물품/용역)
2023045048,2023-09-01,남자,불명,광주광역시,일반판매,CCTV,계약해제.해지/위약금
2023045049,2023-09-01,여자,30 - 39세,경기도,국내온라인거래,신유형상품권,거래관행
2023045050,2023-09-01,남자,60 - 64세,서울특별시,일반판매,이동전화서비스,가격.요금
2023045051,2023-09-01,남자,30 - 39세,울산광역시,일반판매,TV,품질(물품/용역)
2023045052,2023-09-01,남자,60 - 64세,경기도,일반판매,양복(서양식 의복)세탁,품질(물품/용역)
2023045053,2023-09-01,남자,30 - 39세,경기도,일반판매,양복(서양식 의복)세탁,품질(물품/용역)
2023045054,2023-09-01,남자,50 - 59세,경기도,국내온라인거래,비데,품질(물품/용역)
2023045056,2023-09-01,여자,40 - 49세,경기도,일반판매,스마트폰,품질(물품/용역)
2023045057,2023-09-01,남자,40 - 49세,경기도,기타통신판매,유사투자자문,계약해제.해지/위약금
2023045058,2023-09-01,여자,40 - 49세,경기도,전화권유판매,유사투자자문,계약해제.해지/위약금
2023045059,2023-09-01,여자,50 - 59세,경기도,일반판매,외식,품질(물품/용역)
2023045061,2023-09-01,남자,20 - 29세,경기도,국내온라인거래,인쇄서비스,계약불이행(불완전이행)
2023045062,2023-09-01,여자,30 - 39세,경기도,국내온라인거래,기타가방,품질(물품/용역)
2023045063,2023-09-01,여자,30 - 39세,서울특별시,일반판매,헬스장,계약해제.해지/위약금
2023045064,2023-09-01,여자,60 - 64세,서울특별시,일반판매,양복(서양식 의복)세탁,품질(물품/용역)
2023045065,2023-09-01,여자,50 - 59세,경기도,국내온라인거래,여행용가방,품질(물품/용역)
2023045066,2023-09-01,남자,60 - 64세,경기도,모바일거래,선풍기,표시.광고
2023045067,2023-09-01,여자,불명,인천광역시,일반판매,티셔츠,품질(물품/용역)
2023045068,2023-09-01,여자,50 - 59세,경기도,국내온라인거래,천연피혁의류,품질(물품/용역)
2023045069,2023-09-01,여자,30 - 39세,서울특별시,일반판매,피부·체형관리서비스,계약해제.해지/위약금
2023045070,2023-09-01,여자,70 - 79세,서울특별시,일반판매,이동전화서비스,계약불이행(불완전이행)
2023045071,2023-09-01,남자,70 - 79세,대구광역시,일반판매,상조서비스,계약해제.해지/위약금
2023045072,2023-09-01,여자,50 - 59세,광주광역시,일반판매,양복(서양식 의복)세탁,품질(물품/용역)
2023045073,2023-09-01,여자,50 - 59세,대구광역시,일반판매,원피스,품질(물품/용역)
2023045074,2023-09-01,남자,60 - 64세,충청남도,일반판매,초고속인터넷,계약해제.해지/위약금
2023045075,2023-09-01,남자,40 - 49세,경기도,일반판매,기타위생설비,품질(물품/용역)
2023045076,2023-09-01,여자,40 - 49세,서울특별시,일반판매,이동전화서비스,부당행위
2023045077,2023-09-01,여자,30 - 39세,서울특별시,기타통신판매,호텔,계약해제.해지/위약금
2023045078,2023-09-01,여자,30 - 39세,서울특별시,일반판매,헬스장,계약해제.해지/위약금
2023045131,2023-09-01,남자,20 - 29세,서울특별시,일반판매,헬스장,계약해제.해지/위약금
2023045132,2023-09-01,여자,30 - 39세,경기도,국내온라인거래,서랍장,품질(물품/용역)
2023045133,2023-09-01,여자,40 - 49세,인천광역시,전화권유판매,전화이용서비스,청약철회
2023045134,2023-09-01,남자,65 - 69세,경상남도,국내온라인거래,기타건강식품,품질(물품/용역)
2023045135,2023-09-01,여자,20 - 29세,경기도,국내온라인거래,통신기기주변장치,청약철회
2023045136,2023-09-01,남자,30 - 39세,부산광역시,일반판매,바닥재·마루공사,품질(물품/용역)
2023045137,2023-09-01,남자,60 - 64세,서울특별시,일반판매,안마의자대여(렌트),품질(물품/용역)
2023045138,2023-09-01,여자,30 - 39세,충청남도,기타,국외여행,계약해제.해지/위약금
2023045139,2023-09-01,여자,30 - 39세,대구광역시,국내온라인거래,소파,품질(물품/용역)
2023045140,2023-09-01,여자,40 - 49세,경상북도,일반판매,국외여행,계약해제.해지/위약금
2023045141,2023-09-01,남자,40 - 49세,경기도,일반판매,오피스텔,품질(물품/용역)
2023045142,2023-09-01,남자,40 - 49세,서울특별시,국내온라인거래,통신기기케이스,계약불이행(불완전이행)
2023045143,2023-09-01,여자,30 - 39세,부산광역시,일반판매,학습지,계약해제.해지/위약금
2023045144,2023-09-01,여자,20 - 29세,서울특별시,방문판매,헬스장,계약해제.해지/위약금
2023045145,2023-09-01,남자,50 - 59세,경기도,일반판매,국제결혼중개,계약해제.해지/위약금
2023045146,2023-09-01,여자,50 - 59세,서울특별시,일반판매,기타가구,AS불만
2023045147,2023-09-01,남자,50 - 59세,경기도,일반판매,정수기대여(렌트),계약해제.해지/위약금
2023045148,2023-09-01,여자,30 - 39세,경기도,일반판매,일반이사운송서비스,품질(물품/용역)
2023045149,2023-09-01,남자,40 - 49세,서울특별시,일반판매,대형승용자동차,품질(물품/용역)
2023045150,2023-09-01,여자,20 - 29세,경기도,일반판매,피부·체형관리서비스,계약해제.해지/위약금
2023045151,2023-09-01,남자,50 - 59세,부산광역시,일반판매,정수기대여(렌트),AS불만
2023045152,2023-09-01,여자,30 - 39세,경상북도,국내온라인거래,악기용품,부당행위
2023045153,2023-09-01,여자,20 - 29세,서울특별시,국내온라인거래,항공여객운송서비스,계약불이행(불완전이행)
2023045154,2023-09-01,여자,40 - 49세,경기도,국내온라인거래,책장·서가,품질(물품/용역)
2023045155,2023-09-01,남자,40 - 49세,경기도,일반판매,음식물처리기대여(렌트),계약해제.해지/위약금
2023045156,2023-09-01,여자,30 - 39세,경기도,일반판매,헬스장,계약해제.해지/위약금
2023045157,2023-09-01,여자,50 - 59세,경기도,일반판매,콘도회원권,계약불이행(불완전이행)
2023045158,2023-09-01,남자,50 - 59세,경기도,일반판매,스마트폰,AS불만
2023045159,2023-09-01,여자,20 - 29세,서울특별시,국내온라인거래,신변용품·악세서리대여(렌트),청약철회
2023045160,2023-09-01,여자,20 - 29세,경상남도,국제온라인거래,기타주류,청약철회
2023045161,2023-09-01,남자,50 - 59세,서울특별시,국내온라인거래,인덕션레인지,품질(물품/용역)
2023045162,2023-09-01,남자,65 - 69세,서울특별시,소셜커머스(쇼핑),기타의료용구,AS불만
2023045163,2023-09-01,여자,30 - 39세,서울특별시,일반판매,소파,계약불이행(불완전이행)
2023045164,2023-09-01,여자,30 - 39세,제주도,일반판매,헬스장,계약불이행(불완전이행)
2023045165,2023-09-01,남자,50 - 59세,서울특별시,소셜커머스(쇼핑),기타식품류,청약철회
2023045166,2023-09-01,여자,20 - 29세,광주광역시,방문판매,헬스장,계약해제.해지/위약금
2023045167,2023-09-01,남자,40 - 49세,대구광역시,국제온라인거래,기타신발·용품,계약불이행(불완전이행)
2023045168,2023-09-01,남자,30 - 39세,인천광역시,방문판매,기타매체광고,계약해제.해지/위약금
2023045169,2023-09-01,여자,30 - 39세,경기도,일반판매,정수기,AS불만
2023045170,2023-09-01,남자,20 - 29세,경기도,기타통신판매,택배화물운송서비스,가격.요금
2023045171,2023-09-01,여자,30 - 39세,경기도,국내온라인거래,장식장,청약철회
2023045172,2023-09-01,남자,20 - 29세,대구광역시,일반판매,일반강습(입시학원등),계약해제.해지/위약금
2023045173,2023-09-01,여자,30 - 39세,서울특별시,국내온라인거래,초고속인터넷,계약해제.해지/위약금
2023045174,2023-09-01,여자,40 - 49세,인천광역시,국내온라인거래,인덕션레인지,안전(제품/시설)
2023045175,2023-09-01,여자,20 - 29세,서울특별시,방문판매,요가,계약해제.해지/위약금
2023045176,2023-09-01,여자,40 - 49세,대전광역시,기타,도시가스,가격.요금
2023045177,2023-09-01,여자,30 - 39세,부산광역시,방문판매,기타방문·통신교육서비스,계약해제.해지/위약금
2023045178,2023-09-01,여자,50 - 59세,인천광역시,국제온라인거래,기타위생설비,청약철회
2023045179,2023-09-01,남자,20 - 29세,울산광역시,기타,기타미분류서비스,부당행위
2023045180,2023-09-01,남자,40 - 49세,서울특별시,기타,기타취미용품,품질(물품/용역)
2023045181,2023-09-01,남자,30 - 39세,경기도,기타,냉장고,계약불이행(불완전이행)
2023045182,2023-09-01,남자,40 - 49세,제주도,방문판매,식기세척기,계약해제.해지/위약금
2023045183,2023-09-01,여자,30 - 39세,서울특별시,기타통신판매,인덕션레인지,부당행위
2023045185,2023-09-01,여자,20 - 29세,충청남도,국내온라인거래,인터넷교육서비스,계약불이행(불완전이행)
2023045186,2023-09-01,여자,30 - 39세,경기도,국내온라인거래,원피스,청약철회
2023045187,2023-09-01,여자,40 - 49세,인천광역시,국내온라인거래,숙녀화(구두·부츠 등),계약불이행(불완전이행)
2023045188,2023-09-01,여자,30 - 39세,서울특별시,국내온라인거래,식기세척기,청약철회
2023045189,2023-09-01,여자,30 - 39세,부산광역시,일반판매,학습지,계약해제.해지/위약금
2023045190,2023-09-01,여자,30 - 39세,대전광역시,국내온라인거래,영화관람,계약불이행(불완전이행)
2023045191,2023-09-01,여자,30 - 39세,경기도,국내온라인거래,항공여객운송서비스,계약해제.해지/위약금
2023045192,2023-09-01,남자,30 - 39세,서울특별시,일반판매,필라테스,계약해제.해지/위약금
2023045193,2023-09-01,남자,30 - 39세,경기도,국내온라인거래,의자,품질(물품/용역)
2023045194,2023-09-01,남자,30 - 39세,경기도,국내온라인거래,식사배달,계약불이행(불완전이행)
2023045195,2023-09-01,여자,30 - 39세,제주도,일반판매,필라테스,계약불이행(불완전이행)
2023045196,2023-09-01,여자,20 - 29세,광주광역시,기타,"연회서비스(돌잔치,회갑 등)",청약철회
2023045197,2023-09-01,남자,30 - 39세,충청북도,국내온라인거래,사진촬영,계약불이행(불완전이행)
2023045198,2023-09-01,남자,40 - 49세,경기도,국내온라인거래,항공여객운송서비스,계약불이행(불완전이행)
2023045199,2023-09-01,여자,40 - 49세,서울특별시,국내온라인거래,미분류대여(렌트),청약철회
2023045200,2023-09-01,남자,30 - 39세,대구광역시,국내온라인거래,식탁,청약철회
2023045201,2023-09-01,남자,20 - 29세,서울특별시,국내온라인거래,스팀다리미,AS불만
2023045202,2023-09-01,여자,40 - 49세,인천광역시,일반판매,소파,품질(물품/용역)
2023045203,2023-09-01,남자,30 - 39세,경상남도,모바일거래,버스여객운송서비스,계약해제.해지/위약금
2023045204,2023-09-01,여자,30 - 39세,서울특별시,방문판매,인터넷교육서비스,계약해제.해지/위약금
2023045205,2023-09-01,남자,60 - 64세,대구광역시,기타,전기스위치,품질(물품/용역)
2023045206,2023-09-01,여자,30 - 39세,경상남도,일반판매,포도,품질(물품/용역)
2023045207,2023-09-01,여자,30 - 39세,서울특별시,기타,필라테스,계약해제.해지/위약금
2023045208,2023-09-01,여자,20 - 29세,대구광역시,기타통신판매,건물청소서비스,계약불이행(불완전이행)
2023045209,2023-09-01,여자,30 - 39세,경상북도,기타통신판매,어패류젓갈,청약철회
2023045210,2023-09-01,남자,30 - 39세,경기도,국내온라인거래,퍼스널컴퓨터,계약불이행(불완전이행)
2023045211,2023-09-01,여자,50 - 59세,경상북도,모바일거래,기타회원권,계약불이행(불완전이행)
2023045212,2023-09-01,여자,40 - 49세,서울특별시,방문판매,인터넷교육서비스,계약해제.해지/위약금
2023045213,2023-09-01,남자,30 - 39세,경기도,국내온라인거래,기타방재·방범설비,품질(물품/용역)
2023045214,2023-09-01,남자,20 - 29세,전라북도,일반판매,기타미분류서비스,단순문의.상담
2023045215,2023-09-01,여자,20 - 29세,대전광역시,국내온라인거래,니트(스웨터),계약불이행(불완전이행)
2023045216,2023-09-01,여자,20 - 29세,서울특별시,국내온라인거래,여행용가방,AS불만
2023045217,2023-09-01,여자,20 - 29세,경기도,일반판매,택배화물운송서비스,품질(물품/용역)
2023045218,2023-09-01,여자,20 - 29세,서울특별시,방문판매,헬스장,계약해제.해지/위약금
2023045219,2023-09-01,여자,20 - 29세,서울특별시,일반판매,독서실이용,계약해제.해지/위약금
2023045220,2023-09-01,여자,30 - 39세,대구광역시,국내온라인거래,티셔츠,청약철회
2023045231,2023-09-01,남자,40 - 49세,경기도,전화권유판매,초고속인터넷,계약해제.해지/위약금
2023045232,2023-09-02,여자,30 - 39세,대전광역시,일반판매,미용서비스,부당행위
2023045233,2023-09-02,남자,20 - 29세,서울특별시,일반판매,기타회원권,계약해제.해지/위약금
2023045234,2023-09-02,여자,20 - 29세,서울특별시,기타통신판매,사진촬영,계약불이행(불완전이행)
2023045235,2023-09-02,여자,20 - 29세,경상남도,일반판매,독서실이용,계약해제.해지/위약금
2023045236,2023-09-02,여자,30 - 39세,충청북도,국내온라인거래,펜션,계약해제.해지/위약금
2023045237,2023-09-02,남자,65 - 69세,인천광역시,국내온라인거래,기타신발·용품,청약철회
2023045238,2023-09-02,남자,65 - 69세,울산광역시,TV홈쇼핑,국외여행,계약해제.해지/위약금
2023045239,2023-09-02,여자,20 - 29세,강원특별자치도,국내온라인거래,티셔츠,청약철회
2023045240,2023-09-02,남자,40 - 49세,서울특별시,일반판매,정수기대여(렌트),계약해제.해지/위약금
2023045241,2023-09-02,여자,40 - 49세,경상남도,국내온라인거래,기타가방,품질(물품/용역)
2023045242,2023-09-02,여자,50 - 59세,경기도,일반판매,침대·매트리스대여(렌트),안전(제품/시설)
2023045243,2023-09-02,남자,30 - 39세,서울특별시,국내온라인거래,호텔,표시.광고
2023045244,2023-09-02,여자,40 - 49세,부산광역시,일반판매,학습지,계약해제.해지/위약금
2023045245,2023-09-02,남자,20 - 29세,경기도,일반판매,가구리폼·수리,품질(물품/용역)
2023045246,2023-09-02,여자,40 - 49세,경기도,모바일거래,항공여객운송서비스,계약불이행(불완전이행)
2023045247,2023-09-02,여자,50 - 59세,경기도,국내온라인거래,전문스포츠화(축구화·골프화 등),청약철회
2023045248,2023-09-02,여자,30 - 39세,광주광역시,일반판매,보석·귀금속,계약불이행(불완전이행)
2023045331,2023-09-03,남자,40 - 49세,대구광역시,국내온라인거래,선풍기,품질(물품/용역)
2023045332,2023-09-03,여자,40 - 49세,서울특별시,일반판매,일반강습(입시학원등),계약해제.해지/위약금
2023045333,2023-09-03,여자,20 - 29세,서울특별시,방문판매,헬스장,계약해제.해지/위약금
2023045334,2023-09-03,여자,20 - 29세,충청남도,국내온라인거래,기타숙박시설,계약해제.해지/위약금
2023045335,2023-09-03,남자,60 - 64세,경기도,국내온라인거래,컴퓨터수리,AS불만
2023045336,2023-09-03,여자,30 - 39세,서울특별시,국내온라인거래,숙녀화(구두·부츠 등),청약철회
2023045337,2023-09-03,여자,40 - 49세,인천광역시,일반판매,사진촬영,계약해제.해지/위약금
2023045338,2023-09-03,남자,30 - 39세,경기도,모바일거래,"연회서비스(돌잔치,회갑 등)",계약불이행(불완전이행)
2023045339,2023-09-03,남자,30 - 39세,서울특별시,국내온라인거래,식탁,표시.광고
2023045340,2023-09-03,여자,50 - 59세,경기도,기타,TV,품질(물품/용역)
2023045341,2023-09-03,남자,30 - 39세,경기도,일반판매,예식서비스,계약해제.해지/위약금
2023045342,2023-09-03,남자,불명,경기도,국내온라인거래,침대,표시.광고
2023045343,2023-09-03,남자,40 - 49세,경기도,국제온라인거래,"OTT서비스(넷플릭스,왓챠 등)",부당행위
2023045344,2023-09-03,여자,30 - 39세,경기도,다단계판매,인터넷교육서비스,계약해제.해지/위약금
2023045345,2023-09-03,여자,40 - 49세,경상남도,국내온라인거래,영화관람,청약철회
2023045346,2023-09-03,여자,40 - 49세,경기도,국내온라인거래,지갑,청약철회
2023045347,2023-09-03,여자,30 - 39세,서울특별시,일반판매,대학·대학원,부당행위
2023045348,2023-09-03,남자,50 - 59세,서울특별시,전화권유판매,국내결혼중개,계약해제.해지/위약금
2023045349,2023-09-04,남자,20 - 29세,부산광역시,국내온라인거래,타올,품질(물품/용역)
2023045350,2023-09-04,여자,30 - 39세,인천광역시,일반판매,헬스장,계약해제.해지/위약금
2023045351,2023-09-04,여자,40 - 49세,인천광역시,기타통신판매,기타회원권,계약불이행(불완전이행)
2023045352,2023-09-04,남자,40 - 49세,경기도,일반판매,대형승용자동차,품질(물품/용역)
2023045353,2023-09-04,여자,불명,경상남도,일반판매,점퍼·재킷류,품질(물품/용역)
2023045354,2023-09-04,남자,40 - 49세,인천광역시,일반판매,자동차수리·점검,AS불만
2023045355,2023-09-04,남자,40 - 49세,경기도,일반판매,자동차대여(렌트),AS불만
2023045356,2023-09-04,남자,30 - 39세,서울특별시,일반판매,중형승용자동차,AS불만
2023045357,2023-09-04,여자,20 - 29세,경기도,일반판매,중고자동차중개·매매,가격.요금
2023045358,2023-09-04,남자,60 - 64세,서울특별시,일반판매,오토바이,품질(물품/용역)
2023045359,2023-09-04,남자,60 - 64세,서울특별시,일반판매,오토바이,AS불만
2023045360,2023-09-04,여자,40 - 49세,서울특별시,모바일거래,기타미분류서비스,계약불이행(불완전이행)
2023045361,2023-09-04,남자,60 - 64세,경기도,국내온라인거래,기타회원권,계약불이행(불완전이행)
2023045362,2023-09-04,남자,30 - 39세,부산광역시,국내온라인거래,티셔츠,품질(물품/용역)
2023045363,2023-09-04,여자,40 - 49세,경기도,기타,외식,가격.요금
2023045364,2023-09-04,남자,65 - 69세,경기도,기타,이동전화서비스,가격.요금
2023045365,2023-09-04,남자,20 - 29세,전라북도,일반판매,실손보험,계약불이행(불완전이행)
2023045366,2023-09-04,여자,40 - 49세,경기도,국내온라인거래,이불·침대커버,품질(물품/용역)
2023045367,2023-09-04,여자,50 - 59세,서울특별시,방문판매,정수기대여(렌트),AS불만
2023045368,2023-09-04,여자,50 - 59세,대구광역시,모바일거래,호텔,계약해제.해지/위약금
2023045370,2023-09-04,여자,60 - 64세,경기도,방문판매,건강(암·기타질병)보험,계약불이행(불완전이행)
2023045371,2023-09-04,남자,40 - 49세,대전광역시,소셜커머스(쇼핑),전기자전거,표시.광고
2023045374,2023-09-04,남자,20 - 29세,경기도,일반판매,이동전화서비스,계약불이행(불완전이행)
2023045375,2023-09-04,남자,20 - 29세,서울특별시,일반판매,헬스장,계약해제.해지/위약금
2023045376,2023-09-04,여자,50 - 59세,서울특별시,일반판매,참외,품질(물품/용역)
2023045377,2023-09-04,여자,30 - 39세,경기도,일반판매,핸드백,품질(물품/용역)
2023045378,2023-09-04,여자,40 - 49세,경기도,TV홈쇼핑,기타일반화장품,품질(물품/용역)
2023045379,2023-09-04,남자,60 - 64세,부산광역시,TV홈쇼핑,기타육류·육류가공식품,계약불이행(불완전이행)
2023045380,2023-09-04,여자,20 - 29세,전라북도,국내온라인거래,비디오카메라,계약불이행(불완전이행)
2023045381,2023-09-04,여자,40 - 49세,인천광역시,일반판매,스마트폰,AS불만
2023045382,2023-09-04,남자,60 - 64세,서울특별시,기타통신판매,헤드폰·이어폰,계약불이행(불완전이행)
2023045383,2023-09-04,여자,30 - 39세,경기도,일반판매,양복(서양식 의복)세탁,품질(물품/용역)
2023045384,2023-09-04,여자,30 - 39세,전라남도,일반판매,소파,품질(물품/용역)
2023045385,2023-09-04,여자,20 - 29세,서울특별시,일반판매,헬스장,계약해제.해지/위약금
2023045386,2023-09-04,여자,30 - 39세,서울특별시,국내온라인거래,기타가구,표시.광고
2023045387,2023-09-04,남자,60 - 64세,경기도,일반판매,스낵과자,품질(물품/용역)
2023045388,2023-09-04,여자,30 - 39세,경기도,방문판매,헬스장,계약해제.해지/위약금
2023045389,2023-09-04,여자,30 - 39세,부산광역시,일반판매,피부과,계약해제.해지/위약금
2023045390,2023-09-04,남자,30 - 39세,경상남도,일반판매,헬스장,계약해제.해지/위약금
2023045391,2023-09-04,여자,40 - 49세,전라남도,국내온라인거래,여자용내의류,품질(물품/용역)
2023045392,2023-09-04,여자,30 - 39세,서울특별시,일반판매,자동차대여(렌트),부당행위
2023045393,2023-09-04,여자,20 - 29세,서울특별시,모바일거래,각종공연관람,계약불이행(불완전이행)
2023045394,2023-09-04,여자,40 - 49세,광주광역시,국내온라인거래,기타건강식품,안전(제품/시설)
2023045395,2023-09-04,여자,50 - 59세,부산광역시,일반판매,항공여객운송서비스,계약해제.해지/위약금
2023045396,2023-09-04,여자,40 - 49세,대전광역시,국내온라인거래,신유형상품권,계약해제.해지/위약금
2023045397,2023-09-04,여자,20 - 29세,대구광역시,일반판매,헬스장,계약해제.해지/위약금
2023045398,2023-09-04,남자,30 - 39세,경상남도,소셜커머스(쇼핑),기타식품류,계약해제.해지/위약금
2023045399,2023-09-04,남자,60 - 64세,광주광역시,일반판매,중형승용자동차,AS불만
2023045400,2023-09-04,여자,30 - 39세,경상남도,모바일거래,호텔,계약해제.해지/위약금
2023045401,2023-09-04,여자,40 - 49세,경상북도,일반판매,티셔츠,품질(물품/용역)
2023045402,2023-09-04,여자,불명,대구광역시,일반판매,니트(스웨터),품질(물품/용역)
2023045403,2023-09-04,여자,40 - 49세,인천광역시,방문판매,기타인테리어설비,계약해제.해지/위약금
2023045404,2023-09-04,남자,60 - 64세,경기도,일반판매,치과,계약해제.해지/위약금
2023045405,2023-09-04,여자,30 - 39세,경기도,국내온라인거래,전기압력밥솥,계약불이행(불완전이행)
2023045406,2023-09-04,여자,30 - 39세,경기도,국내온라인거래,티셔츠,품질(물품/용역)
2023045407,2023-09-04,남자,40 - 49세,부산광역시,국내온라인거래,시계,계약불이행(불완전이행)
2023045408,2023-09-04,남자,30 - 39세,경상북도,국내온라인거래,스포츠음료,계약불이행(불완전이행)
2023045409,2023-09-04,남자,30 - 39세,서울특별시,국내온라인거래,항공여객운송서비스,계약해제.해지/위약금
2023045410,2023-09-04,여자,50 - 59세,경기도,일반판매,전기세탁기,품질(물품/용역)
2023045412,2023-09-04,여자,30 - 39세,부산광역시,모바일거래,각종공연관람,계약해제.해지/위약금
2023045413,2023-09-04,여자,30 - 39세,부산광역시,국내온라인거래,항공여객운송서비스,계약해제.해지/위약금
2023045414,2023-09-04,남자,70 - 79세,경기도,일반판매,이동전화서비스,가격.요금
2023045416,2023-09-04,남자,40 - 49세,부산광역시,국내온라인거래,전기진공청소기,AS불만
2023045417,2023-09-04,여자,30 - 39세,경기도,일반판매,인터넷교육서비스,계약해제.해지/위약금
2023045418,2023-09-04,여자,40 - 49세,전라북도,기타,자동차주차장,표시.광고
2023045419,2023-09-04,남자,30 - 39세,인천광역시,일반판매,골프회원권,계약해제.해지/위약금
2023045420,2023-09-04,여자,60 - 64세,충청남도,국내온라인거래,여자용내의류,가격.요금
2023045421,2023-09-04,여자,30 - 39세,경기도,국내온라인거래,호텔,계약해제.해지/위약금
2023045422,2023-09-04,여자,60 - 64세,경상북도,전화권유판매,모바일정보이용서비스,계약해제.해지/위약금
2023045423,2023-09-04,여자,불명,경상북도,일반판매,원피스,품질(물품/용역)
2023045424,2023-09-04,남자,40 - 49세,경기도,일반판매,신유형상품권,계약불이행(불완전이행)
2023045425,2023-09-04,남자,30 - 39세,대구광역시,일반판매,헬스장,계약해제.해지/위약금
2023045426,2023-09-04,남자,불명,경기도,일반판매,기타숙박시설,계약해제.해지/위약금
2023045427,2023-09-04,남자,40 - 49세,충청북도,국내온라인거래,시계,청약철회
2023045428,2023-09-04,남자,60 - 64세,경기도,TV홈쇼핑,국외여행,계약해제.해지/위약금
2023045429,2023-09-04,여자,불명,대전광역시,일반판매,티셔츠,품질(물품/용역)
2023045430,2023-09-04,남자,60 - 64세,전라남도,국내온라인거래,낚시용품,품질(물품/용역)
2023045431,2023-09-04,여자,40 - 49세,서울특별시,일반판매,점퍼·재킷류,품질(물품/용역)
2023045432,2023-09-04,남자,30 - 39세,서울특별시,TV홈쇼핑,기타인테리어설비,AS불만
2023045433,2023-09-04,남자,30 - 39세,서울특별시,기타,헤어드라이어,AS불만
2023045434,2023-09-04,여자,20 - 29세,경기도,국내온라인거래,펜션,계약해제.해지/위약금
2023045435,2023-09-04,남자,40 - 49세,전라북도,일반판매,자동차수리·점검,AS불만
2023045436,2023-09-04,남자,40 - 49세,서울특별시,일반판매,사진촬영,청약철회
2023045437,2023-09-04,남자,50 - 59세,경기도,모바일거래,이동전화서비스,부당행위
2023045438,2023-09-04,여자,40 - 49세,경기도,일반판매,룸에어컨,거래관행
2023045439,2023-09-04,여자,65 - 69세,서울특별시,국내온라인거래,기타조명기기,계약해제.해지/위약금
2023045440,2023-09-04,남자,20 - 29세,경기도,모바일거래,모바일게임서비스,청약철회
2023045441,2023-09-04,여자,40 - 49세,서울특별시,방문판매,헬스장,계약해제.해지/위약금
2023045442,2023-09-04,남자,30 - 39세,경기도,국내온라인거래,기타식탁용품,품질(물품/용역)
2023045443,2023-09-04,여자,40 - 49세,경기도,일반판매,건강(암·기타질병)보험,약관
2023045444,2023-09-04,남자,50 - 59세,서울특별시,방문판매,실손보험,약관
2023045445,2023-09-04,남자,20 - 29세,서울특별시,일반판매,기타스포츠·레저기구·용품,청약철회
2023045446,2023-09-04,남자,20 - 29세,서울특별시,일반판매,실손보험,약관
2023045447,2023-09-04,남자,40 - 49세,경상남도,전화권유판매,유사투자자문,계약해제.해지/위약금
2023045448,2023-09-04,여자,40 - 49세,세종특별자치시,소셜커머스(쇼핑),국외여행,계약해제.해지/위약금
2023045449,2023-09-04,여자,50 - 59세,울산광역시,일반판매,건강(암·기타질병)보험,약관
2023045450,2023-09-04,남자,30 - 39세,인천광역시,일반판매,보석·귀금속,계약불이행(불완전이행)
2023045451,2023-09-04,여자,50 - 59세,경기도,전화권유판매,유사투자자문,계약해제.해지/위약금
2023045452,2023-09-04,여자,40 - 49세,인천광역시,전화권유판매,유사투자자문,계약해제.해지/위약금
2023045453,2023-09-04,남자,65 - 69세,충청북도,전화권유판매,컴퓨터및주변기기대여(렌트),계약해제.해지/위약금
2023045454,2023-09-04,남자,50 - 59세,경기도,기타,결혼준비대행서비스,계약불이행(불완전이행)
2023045455,2023-09-04,여자,30 - 39세,서울특별시,국내온라인거래,항공여객운송서비스,가격.요금
2023045456,2023-09-04,여자,40 - 49세,충청남도,일반판매,건강(암·기타질병)보험,약관
2023045457,2023-09-04,여자,50 - 59세,경기도,일반판매,실손보험,약관
2023045459,2023-09-04,여자,30 - 39세,경기도,국내온라인거래,영화관람,계약해제.해지/위약금
2023045461,2023-09-04,남자,40 - 49세,서울특별시,방문판매,응접테이블,계약해제.해지/위약금
2023045462,2023-09-04,여자,20 - 29세,경기도,일반판매,피부과,계약해제.해지/위약금
2023045463,2023-09-04,남자,70 - 79세,전라북도,일반판매,정수기,품질(물품/용역)
2023045464,2023-09-04,남자,40 - 49세,경상북도,일반판매,중형승용자동차,AS불만
2023045465,2023-09-04,남자,20 - 29세,서울특별시,일반판매,기타의류·섬유,표시.광고
2023045466,2023-09-04,여자,60 - 64세,경기도,일반판매,우물펌프,품질(물품/용역)
2023045467,2023-09-04,여자,30 - 39세,서울특별시,모바일거래,모바일게임서비스,무능력자계약
2023045468,2023-09-04,남자,30 - 39세,경기도,일반판매,전기자전거,AS불만
2023045470,2023-09-04,남자,30 - 39세,서울특별시,국내온라인거래,초음파방충기,청약철회
2023045471,2023-09-04,남자,20 - 29세,광주광역시,일반판매,헬스장,계약해제.해지/위약금
2023045472,2023-09-04,여자,40 - 49세,서울특별시,소셜커머스(쇼핑),쇠고기,계약불이행(불완전이행)
2023045473,2023-09-04,여자,50 - 59세,서울특별시,국내온라인거래,항공여객운송서비스,계약해제.해지/위약금
2023045474,2023-09-04,남자,30 - 39세,경기도,기타,내과,품질(물품/용역)
2023045475,2023-09-04,남자,70 - 79세,서울특별시,일반판매,신경외과,품질(물품/용역)
2023045476,2023-09-04,남자,65 - 69세,서울특별시,국내온라인거래,선반침대,품질(물품/용역)
2023045477,2023-09-04,여자,30 - 39세,서울특별시,일반판매,기타병·의원서비스,품질(물품/용역)
2023045478,2023-09-04,남자,65 - 69세,충청남도,일반판매,마취통증의학과,품질(물품/용역)
2023045479,2023-09-04,남자,40 - 49세,경기도,일반판매,외과,품질(물품/용역)
2023045480,2023-09-04,남자,70 - 79세,서울특별시,일반판매,외과,품질(물품/용역)
2023045481,2023-09-04,여자,30 - 39세,서울특별시,일반판매,미용서비스,품질(물품/용역)
2023045482,2023-09-04,여자,40 - 49세,대구광역시,국내온라인거래,바디클렌저,안전(제품/시설)
2023045483,2023-09-04,남자,50 - 59세,경기도,모바일거래,기타숙박시설,계약해제.해지/위약금
2023045485,2023-09-04,여자,30 - 39세,서울특별시,모바일거래,모바일게임서비스,청약철회
2023045486,2023-09-04,남자,20 - 29세,부산광역시,국내온라인거래,스마트폰,계약불이행(불완전이행)
2023045487,2023-09-04,여자,20 - 29세,서울특별시,소셜커머스(쇼핑),정수기대여(렌트),계약해제.해지/위약금
2023045488,2023-09-04,남자,40 - 49세,서울특별시,국내온라인거래,신사화(구두·부츠 등),청약철회
2023045489,2023-09-04,여자,50 - 59세,인천광역시,일반판매,점퍼·재킷류,품질(물품/용역)
2023045490,2023-09-04,남자,30 - 39세,경기도,모바일거래,기타세탁서비스,계약불이행(불완전이행)
2023045491,2023-09-04,여자,20 - 29세,경상남도,국내온라인거래,사진촬영,계약불이행(불완전이행)
2023045492,2023-09-04,여자,40 - 49세,경기도,국내온라인거래,각종공연관람,계약해제.해지/위약금
2023045493,2023-09-04,여자,40 - 49세,경기도,일반판매,기타숙박시설,청약철회
2023045494,2023-09-04,여자,30 - 39세,서울특별시,방문판매,헬스장,계약해제.해지/위약금
2023045495,2023-09-04,남자,40 - 49세,부산광역시,일반판매,일반이사운송서비스,계약불이행(불완전이행)
2023045496,2023-09-04,남자,50 - 59세,경기도,국내온라인거래,기타숙박시설,계약해제.해지/위약금
2023045497,2023-09-04,여자,40 - 49세,대전광역시,TV홈쇼핑,음식물처리기,표시.광고
2023045498,2023-09-04,남자,30 - 39세,경기도,일반판매,침대,품질(물품/용역)
2023045499,2023-09-04,여자,30 - 39세,서울특별시,일반판매,헬스장,계약해제.해지/위약금
2023045500,2023-09-04,여자,40 - 49세,경기도,일반판매,피부·체형관리서비스,계약해제.해지/위약금
2023045501,2023-09-04,여자,50 - 59세,경기도,국내온라인거래,기타가방,부당행위
2023045502,2023-09-04,여자,30 - 39세,서울특별시,국내온라인거래,기타식품류,청약철회
2023045503,2023-09-04,여자,40 - 49세,서울특별시,기타통신판매,인터넷교육서비스,계약해제.해지/위약금
2023045504,2023-09-04,여자,30 - 39세,부산광역시,국내온라인거래,여자용내의류,청약철회
2023045505,2023-09-04,남자,30 - 39세,경기도,일반판매,예식서비스,계약해제.해지/위약금
2023045506,2023-09-04,남자,20 - 29세,경상남도,국내온라인거래,노트북컴퓨터,AS불만
2023045507,2023-09-04,남자,40 - 49세,경기도,소셜커머스(쇼핑),스포츠웨어,계약불이행(불완전이행)
2023045508,2023-09-04,여자,20 - 29세,인천광역시,일반판매,피부·체형관리서비스,품질(물품/용역)
2023045509,2023-09-04,남자,30 - 39세,경기도,국내온라인거래,기타의류·섬유,청약철회
2023045510,2023-09-04,남자,50 - 59세,경상북도,다단계판매,기타정보이용서비스,계약불이행(불완전이행)
2023045511,2023-09-04,남자,40 - 49세,울산광역시,기타통신판매,변호서비스,표시.광고
2023045512,2023-09-04,남자,40 - 49세,세종특별자치시,기타통신판매,인터넷정보이용서비스,계약불이행(불완전이행)
2023045513,2023-09-04,여자,20 - 29세,경상남도,국제온라인거래,기타가방,계약불이행(불완전이행)
2023045514,2023-09-04,여자,30 - 39세,경기도,일반판매,예식서비스,계약해제.해지/위약금
2023045515,2023-09-04,여자,30 - 39세,경상남도,국내온라인거래,인터넷교육서비스,계약해제.해지/위약금
2023045516,2023-09-04,남자,40 - 49세,경상북도,일반판매,외식,부당행위
2023045517,2023-09-04,여자,20 - 29세,충청남도,전화권유판매,인터넷정보이용서비스,계약해제.해지/위약금
2023045518,2023-09-04,여자,30 - 39세,경기도,소셜커머스(쇼핑),유아용교재,청약철회
2023045519,2023-09-04,남자,50 - 59세,인천광역시,일반판매,국외여행,계약불이행(불완전이행)
2023045520,2023-09-04,여자,40 - 49세,전라남도,일반판매,아파트,계약불이행(불완전이행)
2023045521,2023-09-04,여자,40 - 49세,경기도,일반판매,포장이사운송서비스,품질(물품/용역)
2023045522,2023-09-04,여자,40 - 49세,서울특별시,기타통신판매,기타숙박시설,청약철회
2023045523,2023-09-04,여자,20 - 29세,경기도,일반판매,헬스장,부당행위
2023045524,2023-09-04,여자,40 - 49세,경기도,일반판매,인터넷교육서비스,계약해제.해지/위약금
2023045525,2023-09-04,남자,40 - 49세,경기도,국내온라인거래,테니스용품,계약불이행(불완전이행)
2023045526,2023-09-04,여자,30 - 39세,경기도,국내온라인거래,선어(생선),계약해제.해지/위약금
2023045527,2023-09-04,남자,30 - 39세,서울특별시,일반판매,기타문화·오락시설이용,계약해제.해지/위약금
2023045528,2023-09-04,여자,30 - 39세,울산광역시,방문판매,기타회원권,계약해제.해지/위약금
2023045529,2023-09-04,남자,30 - 39세,경기도,기타통신판매,택배화물운송서비스,품질(물품/용역)
2023045530,2023-09-04,여자,30 - 39세,경상남도,국제온라인거래,호텔,계약해제.해지/위약금
2023045531,2023-09-04,남자,30 - 39세,경상남도,모바일거래,호텔,청약철회
2023045532,2023-09-04,남자,30 - 39세,부산광역시,국내온라인거래,영화관람,청약철회
2023045533,2023-09-04,여자,40 - 49세,제주도,일반판매,안경·안경테,품질(물품/용역)
2023045534,2023-09-04,남자,50 - 59세,서울특별시,모바일거래,식사배달,계약해제.해지/위약금
2023045535,2023-09-04,여자,40 - 49세,서울특별시,모바일거래,비디오카메라,품질(물품/용역)
2023045536,2023-09-04,여자,30 - 39세,경기도,일반판매,고시원이용,계약해제.해지/위약금
2023045537,2023-09-04,여자,60 - 64세,경기도,일반판매,외식,안전(제품/시설)
2023045538,2023-09-04,여자,20 - 29세,서울특별시,방문판매,헬스장,계약해제.해지/위약금
2023045539,2023-09-04,남자,50 - 59세,경기도,전화권유판매,인터넷교육서비스,계약해제.해지/위약금
2023045540,2023-09-04,여자,30 - 39세,경상북도,국내온라인거래,소파,청약철회
2023045541,2023-09-04,남자,20 - 29세,경기도,국내온라인거래,티셔츠,청약철회
2023045542,2023-09-04,여자,30 - 39세,경기도,모바일거래,이동전화서비스,가격.요금
2023045543,2023-09-04,남자,40 - 49세,경기도,일반판매,이동전화서비스,계약해제.해지/위약금
2023045544,2023-09-04,남자,20 - 29세,경상북도,일반판매,결혼준비대행서비스,계약해제.해지/위약금
2023045545,2023-09-04,여자,20 - 29세,경기도,국내온라인거래,시계,품질(물품/용역)
2023045546,2023-09-04,남자,50 - 59세,경기도,일반판매,소파,품질(물품/용역)
2023045547,2023-09-04,남자,30 - 39세,서울특별시,기타통신판매,국외여행,계약불이행(불완전이행)
2023045548,2023-09-04,여자,50 - 59세,충청북도,국내온라인거래,헤드폰·이어폰,부당행위
2023045549,2023-09-04,남자,40 - 49세,경기도,전화권유판매,기타알선·중개·번역서비스,계약해제.해지/위약금
2023045550,2023-09-04,여자,30 - 39세,경기도,기타,스마트폰,AS불만
2023045551,2023-09-04,여자,30 - 39세,전라남도,일반판매,아파트,계약불이행(불완전이행)
2023045552,2023-09-04,여자,40 - 49세,경기도,국내온라인거래,나이프·포크,품질(물품/용역)
2023045553,2023-09-04,남자,80세이상,경기도,기타,기타건강식품,품질(물품/용역)
2023045554,2023-09-04,여자,20 - 29세,서울특별시,일반판매,헬스장,계약해제.해지/위약금
2023045555,2023-09-04,남자,65 - 69세,인천광역시,일반판매,냉장고,AS불만
2023045556,2023-09-04,남자,30 - 39세,서울특별시,방문판매,국제결혼중개,계약해제.해지/위약금
2023045557,2023-09-04,여자,20 - 29세,경기도,방문판매,피부·체형관리서비스,품질(물품/용역)
2023045558,2023-09-04,남자,30 - 39세,경기도,국내온라인거래,기타미분류서비스,계약해제.해지/위약금
2023045559,2023-09-04,남자,60 - 64세,경상남도,일반판매,음식물처리기대여(렌트),계약해제.해지/위약금
2023045560,2023-09-04,여자,50 - 59세,서울특별시,기타,헬스장,계약해제.해지/위약금
2023045561,2023-09-04,여자,30 - 39세,경기도,국내온라인거래,식탁,계약불이행(불완전이행)
2023045563,2023-09-04,남자,40 - 49세,인천광역시,기타,종합체육시설회원권,계약해제.해지/위약금
2023045564,2023-09-04,남자,30 - 39세,경기도,국내온라인거래,운동화,청약철회
2023045565,2023-09-04,남자,30 - 39세,서울특별시,일반판매,헬스장,계약해제.해지/위약금
2023045566,2023-09-04,여자,30 - 39세,경기도,국내온라인거래,건물청소서비스,계약해제.해지/위약금
2023045567,2023-09-04,여자,50 - 59세,서울특별시,모바일거래,핸드백,청약철회
2023045568,2023-09-04,남자,30 - 39세,경기도,모바일거래,식사배달,품질(물품/용역)
2023045569,2023-09-04,남자,40 - 49세,경기도,일반판매,TV,AS불만
2023045570,2023-09-04,남자,50 - 59세,충청남도,일반판매,포장이사운송서비스,부당행위
2023045571,2023-09-04,여자,20 - 29세,대구광역시,일반판매,헬스장,계약불이행(불완전이행)
2023045572,2023-09-04,여자,60 - 64세,제주도,일반판매,시스템에어컨,AS불만
2023045573,2023-09-04,남자,30 - 39세,서울특별시,일반판매,헬스장,계약해제.해지/위약금
2023045574,2023-09-04,남자,30 - 39세,서울특별시,기타,정수기,계약불이행(불완전이행)
2023045575,2023-09-04,여자,20 - 29세,서울특별시,국내온라인거래,미술전시관람,계약불이행(불완전이행)
2023045576,2023-09-04,여자,40 - 49세,인천광역시,일반판매,아파트,계약불이행(불완전이행)
2023045577,2023-09-04,여자,30 - 39세,광주광역시,방문판매,학습지,계약해제.해지/위약금
2023045578,2023-09-04,남자,30 - 39세,서울특별시,일반판매,애완동물기타,표시.광고
2023045579,2023-09-04,여자,40 - 49세,경기도,일반판매,골프회원권,계약해제.해지/위약금
2023045580,2023-09-04,남자,20 - 29세,서울특별시,국내온라인거래,건물청소서비스,계약불이행(불완전이행)
2023045581,2023-09-04,남자,20 - 29세,경기도,국내온라인거래,지갑,청약철회
2023045582,2023-09-04,여자,40 - 49세,인천광역시,일반판매,헬스장,계약해제.해지/위약금
2023045583,2023-09-04,여자,20 - 29세,대구광역시,전화권유판매,인터넷정보이용서비스,계약불이행(불완전이행)
2023045584,2023-09-04,여자,20 - 29세,서울특별시,일반판매,필라테스,계약해제.해지/위약금
2023045585,2023-09-04,남자,30 - 39세,서울특별시,일반판매,헬스장,계약해제.해지/위약금
2023045586,2023-09-04,남자,20 - 29세,경기도,국내온라인거래,택시여객운송서비스,계약불이행(불완전이행)
2023045587,2023-09-04,여자,40 - 49세,충청남도,기타,시스템에어컨,계약불이행(불완전이행)
2023045588,2023-09-04,여자,40 - 49세,경기도,일반판매,룸에어컨,품질(물품/용역)
2023045589,2023-09-04,남자,30 - 39세,서울특별시,국내온라인거래,항공여객운송서비스,계약해제.해지/위약금
2023045590,2023-09-04,여자,20 - 29세,경기도,국내온라인거래,기타주방설비,품질(물품/용역)
2023045591,2023-09-04,여자,30 - 39세,서울특별시,일반판매,피부·체형관리서비스,계약해제.해지/위약금
2023045592,2023-09-04,여자,30 - 39세,경기도,국내온라인거래,통신기기케이스,청약철회
2023045593,2023-09-04,여자,30 - 39세,강원특별자치도,기타,인터넷교육서비스,계약해제.해지/위약금
2023045594,2023-09-05,여자,50 - 59세,경기도,모바일거래,음식물처리기,품질(물품/용역)
2023045595,2023-09-05,남자,65 - 69세,경상북도,일반판매,냉장고,품질(물품/용역)
2023045596,2023-09-05,여자,30 - 39세,서울특별시,일반판매,원피스,청약철회
2023045597,2023-09-05,여자,40 - 49세,광주광역시,일반판매,기타음료,계약불이행(불완전이행)
2023045598,2023-09-05,여자,30 - 39세,경기도,전화권유판매,기타건강식품,계약불이행(불완전이행)
2023045599,2023-09-05,남자,40 - 49세,전라남도,일반판매,아파트,계약불이행(불완전이행)
2023045600,2023-09-05,남자,50 - 59세,대구광역시,일반판매,중형승용자동차,품질(물품/용역)
2023045601,2023-09-05,여자,65 - 69세,경기도,일반판매,자동차수리·점검,AS불만
2023045602,2023-09-05,남자,50 - 59세,경기도,일반판매,침대,청약철회
2023045603,2023-09-05,여자,60 - 64세,경기도,일반판매,숙녀화(구두·부츠 등),품질(물품/용역)
2023045604,2023-09-05,여자,50 - 59세,광주광역시,일반판매,대형승용자동차,AS불만
2023045605,2023-09-05,남자,50 - 59세,세종특별자치시,일반판매,신사화(구두·부츠 등),품질(물품/용역)
2023045606,2023-09-05,남자,20 - 29세,경기도,국내온라인거래,신발세탁,계약불이행(불완전이행)
2023045607,2023-09-05,남자,40 - 49세,서울특별시,일반판매,자동차주차장,계약해제.해지/위약금
2023045608,2023-09-05,여자,30 - 39세,강원특별자치도,일반판매,소형승용자동차,계약해제.해지/위약금
2023045609,2023-09-05,남자,20 - 29세,경기도,일반판매,전기자전거,AS불만
2023045610,2023-09-05,여자,30 - 39세,서울특별시,방문판매,기타사설강습서비스,계약해제.해지/위약금
2023045611,2023-09-05,남자,20 - 29세,경기도,일반판매,애완견,계약불이행(불완전이행)
2023045612,2023-09-05,남자,30 - 39세,경기도,소셜커머스(쇼핑),방향제,표시.광고
2023045613,2023-09-05,남자,40 - 49세,충청북도,국내온라인거래,전문스포츠화(축구화·골프화 등),품질(물품/용역)
2023045615,2023-09-05,여자,80세이상,경기도,일반판매,펀드,표시.광고
2023045616,2023-09-05,여자,20 - 29세,경기도,기타,원화예·적금,약관
2023045617,2023-09-05,남자,20 - 29세,서울특별시,국제온라인거래,체크카드,계약해제.해지/위약금
2023045618,2023-09-05,여자,20 - 29세,경기도,일반판매,미용서비스,품질(물품/용역)
2023045619,2023-09-05,여자,30 - 39세,경기도,기타,실손보험,계약불이행(불완전이행)
2023045620,2023-09-05,여자,50 - 59세,경기도,일반판매,포장이사운송서비스,계약불이행(불완전이행)
2023045622,2023-09-05,여자,30 - 39세,인천광역시,방문판매,기타의류·섬유,계약불이행(불완전이행)
2023045623,2023-09-05,남자,65 - 69세,경기도,일반판매,기타병·의원서비스,계약해제.해지/위약금
2023045624,2023-09-05,여자,20 - 29세,서울특별시,방문판매,헬스장,계약해제.해지/위약금
2023045625,2023-09-05,여자,30 - 39세,서울특별시,일반판매,실손보험,계약불이행(불완전이행)
2023045626,2023-09-05,여자,20 - 29세,인천광역시,전화권유판매,인터넷정보이용서비스,계약불이행(불완전이행)
2023045627,2023-09-05,남자,65 - 69세,부산광역시,일반판매,이동전화서비스,부당행위
2023045628,2023-09-05,남자,20 - 29세,경기도,일반판매,피부과,계약해제.해지/위약금
2023045629,2023-09-05,여자,40 - 49세,경기도,전화권유판매,유사투자자문,계약해제.해지/위약금
2023045630,2023-09-05,여자,60 - 64세,서울특별시,일반판매,여자용내의류,품질(물품/용역)
2023045631,2023-09-05,여자,30 - 39세,서울특별시,국내온라인거래,기타스포츠·레저기구·용품,품질(물품/용역)
2023045632,2023-09-05,남자,40 - 49세,경기도,전화권유판매,유사투자자문,계약해제.해지/위약금
2023045633,2023-09-05,남자,40 - 49세,경기도,일반판매,신사복세트,품질(물품/용역)
2023045635,2023-09-05,여자,30 - 39세,경상남도,일반판매,기타농업시설자재,계약불이행(불완전이행)
2023045636,2023-09-05,남자,40 - 49세,경기도,일반판매,미분류대여(렌트),계약해제.해지/위약금
2023045638,2023-09-05,여자,30 - 39세,세종특별자치시,일반판매,양복(서양식 의복)세탁,품질(물품/용역)
2023045639,2023-09-05,여자,20 - 29세,부산광역시,일반판매,각종자격취득강습,계약해제.해지/위약금
2023045640,2023-09-05,여자,70 - 79세,경상북도,일반판매,소파,품질(물품/용역)
2023045641,2023-09-05,남자,65 - 69세,충청남도,기타,냉장고,품질(물품/용역)
2023045642,2023-09-05,여자,30 - 39세,인천광역시,일반판매,미용서비스,품질(물품/용역)
2023045643,2023-09-05,남자,60 - 64세,경상남도,전화권유판매,유사투자자문,계약해제.해지/위약금
2023045644,2023-09-05,남자,30 - 39세,부산광역시,일반판매,중형승용자동차,품질(물품/용역)
2023045645,2023-09-05,여자,20 - 29세,경상남도,일반판매,외식,안전(제품/시설)
2023045646,2023-09-05,남자,30 - 39세,서울특별시,일반판매,자동차대여(렌트),계약해제.해지/위약금
2023045647,2023-09-05,여자,30 - 39세,광주광역시,국내온라인거래,전집물,계약불이행(불완전이행)
2023045648,2023-09-05,남자,50 - 59세,전라북도,일반판매,스마트폰,품질(물품/용역)
2023045649,2023-09-05,여자,30 - 39세,대구광역시,일반판매,기타세탁서비스,품질(물품/용역)
2023045650,2023-09-05,여자,50 - 59세,인천광역시,일반판매,필라테스,계약불이행(불완전이행)
2023045651,2023-09-05,남자,30 - 39세,경기도,국내온라인거래,인터넷정보이용서비스,계약불이행(불완전이행)
2023045652,2023-09-05,여자,30 - 39세,인천광역시,방문판매,헬스장,계약불이행(불완전이행)
2023045653,2023-09-05,여자,70 - 79세,경기도,전화권유판매,기타일반화장품,부당채권추심
2023045654,2023-09-05,여자,60 - 64세,대구광역시,일반판매,국외여행,계약해제.해지/위약금
2023045655,2023-09-05,남자,40 - 49세,경상북도,모바일거래,카셰어링,표시.광고
2023045656,2023-09-05,여자,40 - 49세,경기도,일반판매,고시원이용,계약해제.해지/위약금
2023045657,2023-09-05,남자,30 - 39세,광주광역시,국내온라인거래,기타자동차용품,AS불만
2023045658,2023-09-05,여자,65 - 69세,충청남도,모바일거래,숙녀복세트,계약불이행(불완전이행)
2023045659,2023-09-05,여자,30 - 39세,서울특별시,일반판매,컵,품질(물품/용역)
2023045660,2023-09-05,여자,불명,대구광역시,일반판매,캐주얼바지,품질(물품/용역)
2023045661,2023-09-05,여자,40 - 49세,경기도,일반판매,샌들·슬리퍼,품질(물품/용역)
2023045662,2023-09-05,남자,50 - 59세,인천광역시,일반판매,성형외과,계약해제.해지/위약금
2023045663,2023-09-05,남자,30 - 39세,서울특별시,일반판매,자동차수리·점검,AS불만
2023045664,2023-09-05,남자,50 - 59세,전라남도,국내온라인거래,기타책상·테이블류,품질(물품/용역)
2023045665,2023-09-05,남자,30 - 39세,서울특별시,일반판매,헬스장,계약해제.해지/위약금
2023045666,2023-09-05,여자,50 - 59세,광주광역시,일반판매,운동화,품질(물품/용역)
2023045667,2023-09-05,여자,불명,경상남도,일반판매,양복(서양식 의복)세탁,품질(물품/용역)
2023045668,2023-09-05,남자,30 - 39세,서울특별시,방문판매,스마트폰,AS불만
2023045669,2023-09-05,여자,50 - 59세,경기도,일반판매,필라테스,거래관행
2023045670,2023-09-05,남자,70 - 79세,강원특별자치도,일반판매,자동차수리·점검,AS불만
2023045671,2023-09-05,여자,40 - 49세,서울특별시,일반판매,포장이사운송서비스,거래관행
2023045672,2023-09-05,여자,불명,인천광역시,국내온라인거래,TV,계약불이행(불완전이행)
2023045673,2023-09-05,남자,50 - 59세,서울특별시,일반판매,마취통증의학과,품질(물품/용역)
2023045674,2023-09-05,여자,불명,부산광역시,일반판매,캐주얼바지,품질(물품/용역)
2023045675,2023-09-05,남자,30 - 39세,경기도,기타통신판매,포장이사운송서비스,계약불이행(불완전이행)
2023045676,2023-09-05,남자,30 - 39세,인천광역시,국내온라인거래,키보드,AS불만
2023045677,2023-09-05,여자,20 - 29세,경상북도,국내온라인거래,스포츠웨어,품질(물품/용역)
2023045678,2023-09-05,남자,50 - 59세,인천광역시,TV홈쇼핑,기타의료용구,계약해제.해지/위약금
2023045679,2023-09-05,여자,30 - 39세,제주도,일반판매,차량용블랙박스,계약해제.해지/위약금
2023045680,2023-09-05,여자,60 - 64세,서울특별시,모바일거래,기타숙박시설,표시.광고
2023045681,2023-09-05,여자,40 - 49세,서울특별시,일반판매,대형승용자동차,AS불만
2023045682,2023-09-05,여자,40 - 49세,경기도,국내온라인거래,전기진공청소기,품질(물품/용역)
2023045683,2023-09-05,남자,40 - 49세,경기도,일반판매,점퍼·재킷류,품질(물품/용역)
2023045684,2023-09-05,남자,70 - 79세,서울특별시,국내온라인거래,전기세탁기,품질(물품/용역)
2023045685,2023-09-05,남자,30 - 39세,부산광역시,국내온라인거래,TV,품질(물품/용역)
2023045686,2023-09-05,여자,50 - 59세,경상북도,국내온라인거래,원피스,품질(물품/용역)
2023045687,2023-09-05,여자,40 - 49세,서울특별시,국내온라인거래,여행용가방,계약불이행(불완전이행)
2023045688,2023-09-05,여자,30 - 39세,서울특별시,일반판매,피부·체형관리서비스,계약해제.해지/위약금
2023045689,2023-09-05,여자,40 - 49세,대구광역시,기타통신판매,CCTV,계약해제.해지/위약금
2023045690,2023-09-05,남자,50 - 59세,서울특별시,국내온라인거래,보석·귀금속,품질(물품/용역)
2023045691,2023-09-05,남자,40 - 49세,경기도,일반판매,TV대,계약해제.해지/위약금
2023045692,2023-09-05,남자,20 - 29세,충청북도,일반판매,종합체육시설회원권,계약해제.해지/위약금
2023045693,2023-09-05,여자,30 - 39세,경기도,방문판매,종합체육시설회원권,계약해제.해지/위약금
2023045694,2023-09-05,여자,30 - 39세,인천광역시,국내온라인거래,인터넷교육서비스,계약해제.해지/위약금
2023045695,2023-09-05,남자,30 - 39세,경기도,일반판매,소파,청약철회
2023045696,2023-09-05,여자,40 - 49세,경기도,전화권유판매,인터넷정보이용서비스,계약불이행(불완전이행)
2023045697,2023-09-05,남자,30 - 39세,부산광역시,일반판매,스프링매트리스,계약해제.해지/위약금
2023045698,2023-09-05,여자,40 - 49세,경기도,기타,기타가구,AS불만
2023045699,2023-09-05,남자,10 - 19세,경기도,모바일거래,스마트폰,청약철회
2023045700,2023-09-05,남자,20 - 29세,서울특별시,국내온라인거래,캐주얼바지,청약철회
2023045701,2023-09-05,여자,30 - 39세,서울특별시,기타통신판매,기타인테리어설비,계약불이행(불완전이행)
2023045702,2023-09-05,남자,40 - 49세,경기도,기타,기타인테리어설비,품질(물품/용역)
2023045703,2023-09-05,여자,50 - 59세,서울특별시,기타,필라테스,계약해제.해지/위약금
2023045704,2023-09-05,여자,65 - 69세,서울특별시,국내온라인거래,기타의류·섬유,청약철회
2023045705,2023-09-05,남자,20 - 29세,서울특별시,국내온라인거래,기타알선·중개·번역서비스,계약불이행(불완전이행)
2023045706,2023-09-05,여자,20 - 29세,대구광역시,일반판매,필라테스,계약해제.해지/위약금
2023045707,2023-09-05,여자,30 - 39세,경상남도,일반판매,국외여행,단순문의.상담
2023045708,2023-09-05,여자,60 - 64세,서울특별시,일반판매,헬스장,계약불이행(불완전이행)
2023045709,2023-09-05,여자,30 - 39세,경기도,국내온라인거래,전기의류건조기,품질(물품/용역)
2023045710,2023-09-05,여자,30 - 39세,서울특별시,일반판매,필라테스,계약해제.해지/위약금
2023045711,2023-09-05,여자,40 - 49세,부산광역시,TV홈쇼핑,헤어드라이어,AS불만
2023045712,2023-09-05,여자,30 - 39세,경상북도,방문판매,기타방문·통신교육서비스,계약해제.해지/위약금
2023045713,2023-09-05,남자,30 - 39세,서울특별시,기타,선풍기,품질(물품/용역)
2023045714,2023-09-05,남자,40 - 49세,광주광역시,국내온라인거래,안마의자,AS불만
2023045715,2023-09-05,여자,20 - 29세,경상북도,국내온라인거래,셔츠,청약철회
2023045716,2023-09-05,남자,40 - 49세,경기도,일반판매,기타세탁서비스,품질(물품/용역)
2023045717,2023-09-05,여자,20 - 29세,경상북도,국내온라인거래,이동전화서비스,표시.광고
2023045718,2023-09-05,남자,20 - 29세,경기도,일반판매,이동전화서비스,청약철회
2023045719,2023-09-05,남자,40 - 49세,대구광역시,국내온라인거래,섀시설비,품질(물품/용역)
2023045720,2023-09-05,여자,40 - 49세,경기도,일반판매,외국어강습,계약해제.해지/위약금
2023045721,2023-09-05,남자,30 - 39세,대구광역시,일반판매,헬스장,계약해제.해지/위약금
2023045722,2023-09-05,남자,50 - 59세,전라남도,일반판매,정수기대여(렌트),거래관행
2023045723,2023-09-05,여자,30 - 39세,경기도,일반판매,침대·매트리스대여(렌트),AS불만
2023045724,2023-09-05,여자,40 - 49세,서울특별시,국내온라인거래,국외여행,계약불이행(불완전이행)
2023045725,2023-09-05,남자,60 - 64세,인천광역시,국내온라인거래,호텔,계약해제.해지/위약금
2023045726,2023-09-05,여자,20 - 29세,서울특별시,국내온라인거래,공예품,청약철회
2023045727,2023-09-05,여자,60 - 64세,전라북도,일반판매,라텍스매트리스,계약불이행(불완전이행)
2023045728,2023-09-05,여자,20 - 29세,인천광역시,일반판매,애완고양이,품질(물품/용역)
2023045729,2023-09-05,남자,40 - 49세,경기도,국내온라인거래,기타여행,청약철회
2023045731,2023-09-05,남자,40 - 49세,부산광역시,국내온라인거래,기저귀,청약철회
2023045732,2023-09-05,여자,50 - 59세,충청남도,일반판매,가발,계약불이행(불완전이행)
2023045733,2023-09-05,남자,40 - 49세,서울특별시,기타통신판매,포장이사운송서비스,계약불이행(불완전이행)
2023045734,2023-09-05,여자,40 - 49세,서울특별시,일반판매,인터넷교육서비스,계약해제.해지/위약금
2023045735,2023-09-05,남자,40 - 49세,경기도,일반판매,스마트폰,AS불만
2023045736,2023-09-05,여자,40 - 49세,전라남도,소셜커머스(쇼핑),피혁세탁,단순문의.상담
2023045737,2023-09-05,여자,20 - 29세,경기도,일반판매,자격시험기타,계약해제.해지/위약금
2023045738,2023-09-05,남자,40 - 49세,서울특별시,기타통신판매,포장이사운송서비스,계약불이행(불완전이행)
2023045739,2023-09-05,남자,40 - 49세,서울특별시,국내온라인거래,냉동고,품질(물품/용역)
2023045740,2023-09-05,여자,40 - 49세,경기도,일반판매,싱크대,AS불만
2023045741,2023-09-05,남자,10 - 19세,서울특별시,국내온라인거래,기타통신기기,부당행위
2023045742,2023-09-05,남자,30 - 39세,서울특별시,일반판매,헬스장,계약해제.해지/위약금
2023045743,2023-09-05,여자,20 - 29세,서울특별시,방문판매,피부·체형관리서비스,계약해제.해지/위약금
2023045744,2023-09-05,남자,50 - 59세,서울특별시,국내온라인거래,선박여객운송서비스,계약해제.해지/위약금
2023045745,2023-09-05,여자,30 - 39세,서울특별시,국내온라인거래,항공여객운송서비스,계약해제.해지/위약금
2023045747,2023-09-05,남자,40 - 49세,인천광역시,일반판매,이동전화서비스,청약철회
2023045748,2023-09-05,여자,20 - 29세,경기도,일반판매,보석·귀금속,계약해제.해지/위약금
2023045749,2023-09-05,여자,30 - 39세,서울특별시,국내온라인거래,기타완구·인형,계약해제.해지/위약금
2023045750,2023-09-05,남자,40 - 49세,부산광역시,국제온라인거래,국외여행,품질(물품/용역)
2023045751,2023-09-05,여자,20 - 29세,경기도,국내온라인거래,항공여객운송서비스,계약해제.해지/위약금
2023045752,2023-09-05,여자,30 - 39세,경기도,방문판매,결혼준비대행서비스,계약해제.해지/위약금
2023045753,2023-09-05,남자,60 - 64세,경기도,일반판매,스마트폰,품질(물품/용역)
2023045754,2023-09-05,여자,50 - 59세,서울특별시,일반판매,헬스장,계약해제.해지/위약금
2023045755,2023-09-05,남자,50 - 59세,서울특별시,국내온라인거래,선탠·선스크린화장품,계약해제.해지/위약금
2023045756,2023-09-05,여자,40 - 49세,부산광역시,일반판매,운동화,품질(물품/용역)
2023045757,2023-09-05,남자,30 - 39세,서울특별시,일반판매,스마트폰,AS불만
2023045758,2023-09-05,여자,50 - 59세,전라북도,일반판매,정수기,품질(물품/용역)
2023045759,2023-09-05,여자,20 - 29세,경기도,방문판매,기타가사서비스,품질(물품/용역)
2023045761,2023-09-05,여자,20 - 29세,강원특별자치도,일반판매,고시원이용,계약해제.해지/위약금
2023045762,2023-09-05,남자,50 - 59세,경기도,국내온라인거래,TV,계약불이행(불완전이행)
2023045763,2023-09-05,여자,20 - 29세,경기도,국내온라인거래,항공여객운송서비스,계약해제.해지/위약금
2023045764,2023-09-05,여자,30 - 39세,경기도,국내온라인거래,룸에어컨,품질(물품/용역)
2023045765,2023-09-05,여자,30 - 39세,강원특별자치도,방문판매,인터넷교육서비스,계약불이행(불완전이행)
2023045766,2023-09-05,남자,40 - 49세,대전광역시,국내온라인거래,선풍기,품질(물품/용역)
2023045767,2023-09-05,남자,30 - 39세,경기도,일반판매,식탁,계약해제.해지/위약금
2023045768,2023-09-05,남자,40 - 49세,광주광역시,일반판매,스마트폰,계약해제.해지/위약금
2023045769,2023-09-05,남자,30 - 39세,충청북도,일반판매,예식서비스,청약철회
2023045771,2023-09-05,여자,20 - 29세,서울특별시,국내온라인거래,코트,청약철회
2023045772,2023-09-05,여자,60 - 64세,대구광역시,일반판매,국외여행,계약해제.해지/위약금
2023045773,2023-09-05,여자,50 - 59세,인천광역시,국내온라인거래,기타의료용구,안전(제품/시설)
2023045774,2023-09-05,여자,30 - 39세,서울특별시,소셜커머스(쇼핑),식기세척기,청약철회
2023045775,2023-09-05,여자,40 - 49세,경기도,소셜커머스(쇼핑),립스틱,계약불이행(불완전이행)
2023045776,2023-09-05,여자,30 - 39세,서울특별시,모바일거래,모자,부당행위
2023045777,2023-09-05,남자,40 - 49세,경상남도,국내온라인거래,기타이동통신,계약불이행(불완전이행)
2023045778,2023-09-05,남자,30 - 39세,대구광역시,방문판매,인덕션레인지,계약불이행(불완전이행)
2023045779,2023-09-05,여자,30 - 39세,전라북도,방문판매,인터넷교육서비스,계약해제.해지/위약금
2023045780,2023-09-06,여자,30 - 39세,경기도,국내온라인거래,TV,품질(물품/용역)
2023045781,2023-09-06,남자,40 - 49세,경기도,일반판매,고시원이용,계약해제.해지/위약금
2023045782,2023-09-06,남자,30 - 39세,충청북도,모바일거래,건물청소서비스,계약해제.해지/위약금
2023045783,2023-09-06,남자,30 - 39세,대전광역시,모바일거래,룸에어컨,계약해제.해지/위약금
2023045784,2023-09-06,여자,50 - 59세,경기도,방문판매,인터넷교육서비스,계약해제.해지/위약금
2023045785,2023-09-06,남자,40 - 49세,경상북도,일반판매,자동차대여(렌트),계약해제.해지/위약금
2023045786,2023-09-06,남자,50 - 59세,전라북도,일반판매,건강(암·기타질병)보험,약관
2023045787,2023-09-06,여자,30 - 39세,광주광역시,기타,국가자격(능력)시험,계약해제.해지/위약금
2023045788,2023-09-06,여자,60 - 64세,경기도,일반판매,기타빵·과자류,품질(물품/용역)
2023045789,2023-09-06,여자,30 - 39세,인천광역시,일반판매,냉장고,계약불이행(불완전이행)
2023045790,2023-09-06,여자,50 - 59세,인천광역시,국내온라인거래,캐주얼바지,계약불이행(불완전이행)
2023045791,2023-09-06,여자,60 - 64세,인천광역시,일반판매,전기포트,안전(제품/시설)
2023045792,2023-09-06,여자,60 - 64세,서울특별시,일반판매,건강(암·기타질병)보험,약관
2023045793,2023-09-06,여자,50 - 59세,경상남도,소셜커머스(쇼핑),침대,품질(물품/용역)
2023045794,2023-09-06,남자,30 - 39세,서울특별시,일반판매,국내결혼중개,계약불이행(불완전이행)
2023045795,2023-09-06,여자,30 - 39세,경상남도,국내온라인거래,스프링매트리스,품질(물품/용역)
2023045796,2023-09-06,여자,20 - 29세,서울특별시,일반판매,헬스장,계약해제.해지/위약금
2023045797,2023-09-06,남자,20 - 29세,서울특별시,모바일거래,기타숙박시설,계약해제.해지/위약금
2023045798,2023-09-06,남자,50 - 59세,부산광역시,일반판매,신발세탁,계약불이행(불완전이행)
2023045799,2023-09-06,여자,40 - 49세,울산광역시,일반판매,실손보험,계약불이행(불완전이행)
2023045800,2023-09-06,여자,50 - 59세,경기도,일반판매,기타세탁서비스,품질(물품/용역)
2023045801,2023-09-06,남자,20 - 29세,인천광역시,일반판매,대학·대학원,계약해제.해지/위약금
2023045802,2023-09-06,남자,20 - 29세,경기도,일반판매,자동차대여(렌트),부당행위
2023045803,2023-09-06,여자,20 - 29세,부산광역시,일반판매,카셰어링,AS불만
2023045806,2023-09-06,여자,40 - 49세,경기도,전화권유판매,유사투자자문,계약불이행(불완전이행)
2023045807,2023-09-06,여자,40 - 49세,경기도,소셜커머스(쇼핑),카메라,계약해제.해지/위약금
2023045808,2023-09-06,남자,20 - 29세,경기도,국내온라인거래,전기자전거,품질(물품/용역)
2023045809,2023-09-06,여자,65 - 69세,경기도,일반판매,경비·관리서비스,계약불이행(불완전이행)
2023045810,2023-09-06,남자,40 - 49세,서울특별시,일반판매,국내결혼중개,계약해제.해지/위약금
2023045811,2023-09-06,남자,60 - 64세,강원특별자치도,모바일거래,스피커,품질(물품/용역)
2023045812,2023-09-06,여자,60 - 64세,서울특별시,국내온라인거래,투자자문(컨설팅),계약해제.해지/위약금
2023045813,2023-09-06,여자,65 - 69세,서울특별시,일반판매,안과,품질(물품/용역)
2023045814,2023-09-06,여자,65 - 69세,서울특별시,일반판매,안과,품질(물품/용역)
2023045816,2023-09-06,남자,65 - 69세,부산광역시,기타통신판매,화장대,품질(물품/용역)
2023045817,2023-09-06,남자,40 - 49세,경상남도,기타,실손보험,계약불이행(불완전이행)
2023045818,2023-09-06,여자,20 - 29세,서울특별시,일반판매,헬스장,계약해제.해지/위약금
2023045819,2023-09-06,여자,70 - 79세,서울특별시,전화권유판매,유선방송,계약해제.해지/위약금
2023045820,2023-09-06,남자,40 - 49세,서울특별시,소셜커머스(쇼핑),자동차대여(렌트),계약불이행(불완전이행)
2023045822,2023-09-06,남자,50 - 59세,경상남도,국내온라인거래,호텔,부당행위
2023045823,2023-09-06,남자,50 - 59세,경기도,모바일거래,기타회원권,계약불이행(불완전이행)
2023045824,2023-09-06,여자,30 - 39세,서울특별시,일반판매,한복세탁,AS불만
2023045825,2023-09-06,남자,40 - 49세,충청남도,소셜커머스(쇼핑),기타인테리어설비,계약해제.해지/위약금
2023045826,2023-09-06,여자,40 - 49세,전라북도,일반판매,자동차수리·점검,AS불만
2023045827,2023-09-06,여자,20 - 29세,대구광역시,일반판매,미용서비스,계약불이행(불완전이행)
2023045828,2023-09-06,남자,70 - 79세,경기도,일반판매,상품권,부당행위
2023045829,2023-09-06,남자,30 - 39세,서울특별시,국내온라인거래,노트북컴퓨터,가격.요금
2023045830,2023-09-06,여자,50 - 59세,경상남도,일반판매,실손보험,약관
2023045831,2023-09-06,남자,70 - 79세,부산광역시,국내온라인거래,운동화,품질(물품/용역)
2023045832,2023-09-06,여자,40 - 49세,경기도,일반판매,포장이사운송서비스,품질(물품/용역)
2023045833,2023-09-06,여자,30 - 39세,경상남도,소셜커머스(쇼핑),기타취미용품,계약불이행(불완전이행)
2023045834,2023-09-06,남자,60 - 64세,대구광역시,전화권유판매,기타건강식품,청약철회
2023045835,2023-09-06,여자,30 - 39세,광주광역시,모바일거래,신유형상품권,부당행위
2023045836,2023-09-06,남자,50 - 59세,인천광역시,기타,이동전화서비스,가격.요금
2023045837,2023-09-06,남자,불명,경상북도,일반판매,펜션,계약해제.해지/위약금
2023045838,2023-09-06,남자,30 - 39세,서울특별시,모바일거래,모바일게임서비스,품질(물품/용역)
2023045839,2023-09-06,여자,40 - 49세,인천광역시,방문판매,소파,품질(물품/용역)
2023045840,2023-09-06,남자,50 - 59세,광주광역시,국내온라인거래,정수기대여(렌트),계약해제.해지/위약금
2023045842,2023-09-06,남자,20 - 29세,경기도,국내온라인거래,미용서비스,계약불이행(불완전이행)
2023045843,2023-09-06,여자,70 - 79세,경기도,일반판매,선박화물운송서비스,계약불이행(불완전이행)
2023045844,2023-09-06,여자,50 - 59세,서울특별시,일반판매,숙녀화(구두·부츠 등),품질(물품/용역)
2023045845,2023-09-06,남자,60 - 64세,경기도,국내온라인거래,벨트,청약철회
2023045846,2023-09-06,여자,50 - 59세,서울특별시,일반판매,자동차대여(렌트),계약해제.해지/위약금
2023045847,2023-09-06,여자,20 - 29세,충청북도,소셜커머스(쇼핑),애완동·식물용품,안전(제품/시설)
2023045848,2023-09-06,남자,60 - 64세,부산광역시,일반판매,건강(암·기타질병)보험,약관
2023045849,2023-09-06,여자,40 - 49세,경기도,소셜커머스(쇼핑),인덕션레인지,청약철회
2023045850,2023-09-06,남자,30 - 39세,부산광역시,모바일거래,항공여객운송서비스,계약해제.해지/위약금
2023045851,2023-09-06,여자,65 - 69세,서울특별시,일반판매,점퍼·재킷류,청약철회
2023045852,2023-09-06,여자,30 - 39세,강원특별자치도,일반판매,건강(암·기타질병)보험,약관
2023045853,2023-09-06,여자,30 - 39세,인천광역시,기타통신판매,기타이·미용서비스,계약해제.해지/위약금
2023045854,2023-09-06,남자,30 - 39세,울산광역시,일반판매,피부과,계약해제.해지/위약금
2023045855,2023-09-06,여자,30 - 39세,서울특별시,국내온라인거래,국외여행,표시.광고
2023045857,2023-09-06,남자,70 - 79세,경기도,일반판매,전기,가격.요금
2023045858,2023-09-06,남자,40 - 49세,경상북도,일반판매,이동전화서비스,품질(물품/용역)
2023045860,2023-09-06,여자,65 - 69세,서울특별시,방문판매,숙녀화(구두·부츠 등),계약해제.해지/위약금
2023045861,2023-09-06,여자,40 - 49세,경기도,기타통신판매,정수기대여(렌트),계약불이행(불완전이행)
2023045862,2023-09-06,남자,40 - 49세,서울특별시,국내온라인거래,기타육류·육류가공식품,계약불이행(불완전이행)
2023045863,2023-09-06,여자,30 - 39세,경기도,일반판매,운동화,품질(물품/용역)
2023045864,2023-09-06,남자,20 - 29세,서울특별시,국내온라인거래,운동화,품질(물품/용역)
2023045866,2023-09-06,남자,50 - 59세,경상북도,일반판매,기타통신기기,AS불만
2023045867,2023-09-06,남자,20 - 29세,서울특별시,국내온라인거래,생활패션화(슬립온·아쿠아슈즈·장화·작업화 등),품질(물품/용역)
2023045868,2023-09-06,여자,70 - 79세,서울특별시,일반판매,양복(서양식 의복)세탁,품질(물품/용역)
2023045869,2023-09-06,남자,40 - 49세,경기도,일반판매,초고속인터넷,계약불이행(불완전이행)
2023045871,2023-09-06,남자,20 - 29세,서울특별시,국내온라인거래,생활패션화(슬립온·아쿠아슈즈·장화·작업화 등),품질(물품/용역)
2023045872,2023-09-06,남자,20 - 29세,서울특별시,국내온라인거래,생활패션화(슬립온·아쿠아슈즈·장화·작업화 등),품질(물품/용역)
2023045873,2023-09-06,여자,30 - 39세,경기도,국내온라인거래,샌들·슬리퍼,품질(물품/용역)
2023045874,2023-09-06,남자,50 - 59세,충청북도,기타,성형외과,계약해제.해지/위약금
2023045875,2023-09-06,남자,20 - 29세,서울특별시,일반판매,헬스장,계약해제.해지/위약금
2023045876,2023-09-06,여자,20 - 29세,경기도,소셜커머스(쇼핑),건물청소서비스,계약불이행(불완전이행)
2023045877,2023-09-06,남자,30 - 39세,경기도,국내온라인거래,통신기기케이스,청약철회
2023045878,2023-09-06,남자,30 - 39세,경기도,국내온라인거래,소프트웨어,청약철회
2023045879,2023-09-06,남자,30 - 39세,경기도,일반판매,기타음식관련서비스,품질(물품/용역)
2023045880,2023-09-06,여자,20 - 29세,광주광역시,국내온라인거래,호텔,계약해제.해지/위약금
2023045881,2023-09-06,남자,30 - 39세,서울특별시,일반판매,기타인테리어설비,계약해제.해지/위약금
2023045882,2023-09-06,남자,40 - 49세,전라북도,기타,컴퓨터수리,AS불만
2023045883,2023-09-06,남자,20 - 29세,서울특별시,기타,헬스장,계약해제.해지/위약금
2023045884,2023-09-06,여자,50 - 59세,경기도,모바일거래,기타회원권,계약불이행(불완전이행)
2023045885,2023-09-06,여자,20 - 29세,서울특별시,국내온라인거래,항공여객운송서비스,계약해제.해지/위약금
2023045886,2023-09-06,남자,50 - 59세,경기도,소셜커머스(쇼핑),룸에어컨,이자.수수료
2023045887,2023-09-06,여자,30 - 39세,인천광역시,기타,국외여행,AS불만
2023045888,2023-09-06,남자,70 - 79세,경기도,국내온라인거래,룸에어컨,계약해제.해지/위약금
2023045889,2023-09-06,여자,40 - 49세,서울특별시,일반판매,기타옥외장비·설비,계약불이행(불완전이행)
2023045890,2023-09-06,여자,20 - 29세,울산광역시,국내온라인거래,인터넷교육서비스,계약해제.해지/위약금
2023045892,2023-09-06,여자,50 - 59세,서울특별시,기타,일반이사운송서비스,부당행위
2023045893,2023-09-06,남자,20 - 29세,경기도,방문판매,헬스장,계약해제.해지/위약금
2023045894,2023-09-06,여자,40 - 49세,경기도,모바일거래,펜션,청약철회
2023045895,2023-09-06,여자,30 - 39세,경기도,국내온라인거래,기타의류·섬유,청약철회
2023045896,2023-09-06,여자,30 - 39세,부산광역시,국내온라인거래,각종공연관람,계약불이행(불완전이행)
2023045897,2023-09-06,남자,40 - 49세,대구광역시,기타,컴퓨터모니터(데스크탑),품질(물품/용역)
2023045898,2023-09-06,여자,30 - 39세,대구광역시,기타,기타가방,부당행위
2023045899,2023-09-06,여자,40 - 49세,인천광역시,국내온라인거래,정수기,AS불만
2023045900,2023-09-06,여자,20 - 29세,서울특별시,국내온라인거래,기타가방,계약불이행(불완전이행)
2023045901,2023-09-06,여자,30 - 39세,경기도,일반판매,결혼준비대행서비스,계약해제.해지/위약금
2023045902,2023-09-06,여자,30 - 39세,전라북도,기타,요가,계약해제.해지/위약금
2023045903,2023-09-06,여자,30 - 39세,경기도,일반판매,필라테스,계약해제.해지/위약금
2023045904,2023-09-06,여자,30 - 39세,경상남도,일반판매,미용서비스,품질(물품/용역)
2023045905,2023-09-06,남자,60 - 64세,충청북도,일반판매,의자,AS불만
2023045906,2023-09-06,여자,30 - 39세,충청남도,일반판매,건강침대(흙·돌등),계약불이행(불완전이행)
2023045907,2023-09-06,남자,30 - 39세,광주광역시,일반판매,기타식품류,품질(물품/용역)
2023045908,2023-09-06,여자,30 - 39세,인천광역시,국내온라인거래,숙녀복하의,청약철회
2023045909,2023-09-06,여자,50 - 59세,서울특별시,모바일거래,모바일정보이용서비스,계약불이행(불완전이행)
2023045910,2023-09-06,여자,30 - 39세,경기도,국내온라인거래,인터넷교육서비스,계약해제.해지/위약금
2023045911,2023-09-06,여자,50 - 59세,경기도,방문판매,기타매체광고,계약해제.해지/위약금
2023045912,2023-09-06,남자,20 - 29세,제주도,일반판매,택배화물운송서비스,품질(물품/용역)
2023045913,2023-09-06,여자,20 - 29세,서울특별시,방문판매,헬스장,계약해제.해지/위약금
2023045914,2023-09-06,남자,40 - 49세,경기도,국내온라인거래,전원코드,표시.광고
2023045915,2023-09-06,여자,40 - 49세,인천광역시,모바일거래,인덕션레인지,AS불만
2023045916,2023-09-06,여자,20 - 29세,경기도,소셜커머스(쇼핑),기타문화용품,계약불이행(불완전이행)
2023045917,2023-09-06,남자,50 - 59세,서울특별시,모바일거래,기타주방설비,계약불이행(불완전이행)
2023045918,2023-09-06,여자,20 - 29세,전라남도,모바일거래,기타숙박시설,계약해제.해지/위약금
2023045919,2023-09-06,여자,50 - 59세,경기도,국내온라인거래,운동화,청약철회
2023045920,2023-09-06,남자,30 - 39세,경상남도,일반판매,냉장고,품질(물품/용역)
2023045921,2023-09-06,남자,40 - 49세,서울특별시,일반판매,항공여객운송서비스,계약해제.해지/위약금
2023045922,2023-09-06,여자,40 - 49세,전라북도,기타통신판매,초고속인터넷,계약해제.해지/위약금
2023045923,2023-09-06,남자,40 - 49세,충청북도,TV홈쇼핑,소파,청약철회
2023045924,2023-09-06,여자,20 - 29세,경상남도,국내온라인거래,항공여객운송서비스,품질(물품/용역)
2023045925,2023-09-06,남자,60 - 64세,부산광역시,기타,냉장고,AS불만
2023045926,2023-09-06,남자,30 - 39세,경기도,국내온라인거래,컴퓨터수리,AS불만
2023045927,2023-09-06,남자,30 - 39세,경상남도,일반판매,기타인테리어설비,AS불만
2023045928,2023-09-06,남자,20 - 29세,경기도,기타,헬스장,계약해제.해지/위약금
2023045929,2023-09-06,남자,30 - 39세,경기도,일반판매,외국어강습,계약불이행(불완전이행)
2023045930,2023-09-06,남자,60 - 64세,경기도,일반판매,숙녀화(구두·부츠 등),품질(물품/용역)
2023045931,2023-09-06,남자,30 - 39세,경기도,국내온라인거래,앰프,단순문의.상담
2023045932,2023-09-06,여자,30 - 39세,경기도,모바일거래,호텔,청약철회
2023045933,2023-09-06,여자,40 - 49세,경상남도,국제온라인거래,헤드폰·이어폰,청약철회
2023045934,2023-09-06,여자,30 - 39세,서울특별시,일반판매,헬스장,계약해제.해지/위약금
2023045935,2023-09-06,남자,30 - 39세,서울특별시,국내온라인거래,기타신발·용품,품질(물품/용역)
2023045936,2023-09-06,여자,20 - 29세,인천광역시,국내온라인거래,꽃·화초·화환,청약철회
2023045938,2023-09-06,여자,30 - 39세,부산광역시,소셜커머스(쇼핑),선풍기,청약철회
2023045939,2023-09-06,남자,50 - 59세,광주광역시,국내온라인거래,기타스포츠·레저기구·용품,품질(물품/용역)
2023045940,2023-09-06,남자,30 - 39세,경기도,전화권유판매,헬스장,계약해제.해지/위약금
2023045941,2023-09-06,남자,30 - 39세,경기도,일반판매,전기자전거,품질(물품/용역)
2023045942,2023-09-06,남자,30 - 39세,경기도,국내온라인거래,전기포트,계약불이행(불완전이행)
2023045943,2023-09-06,여자,30 - 39세,서울특별시,국내온라인거래,인터넷교육서비스,계약해제.해지/위약금
2023045944,2023-09-06,여자,40 - 49세,경상남도,방문판매,인터넷교육서비스,계약해제.해지/위약금
2023045945,2023-09-06,남자,20 - 29세,부산광역시,일반판매,헬스장,계약해제.해지/위약금
2023045946,2023-09-06,남자,30 - 39세,서울특별시,기타통신판매,포장이사운송서비스,계약불이행(불완전이행)
2023045947,2023-09-06,여자,20 - 29세,서울특별시,방문판매,헬스장,계약해제.해지/위약금
2023045948,2023-09-06,여자,40 - 49세,서울특별시,방문판매,기타방문·통신교육서비스,계약해제.해지/위약금
2023045949,2023-09-06,여자,30 - 39세,경기도,일반판매,국내결혼중개,계약해제.해지/위약금
2023045950,2023-09-06,여자,20 - 29세,경기도,방문판매,요가,계약해제.해지/위약금
2023045951,2023-09-06,남자,20 - 29세,경상남도,국내온라인거래,단행본,부당행위
2023045952,2023-09-06,여자,50 - 59세,서울특별시,일반판매,캐주얼바지,청약철회
2023045953,2023-09-06,남자,20 - 29세,세종특별자치시,국내온라인거래,피아노,품질(물품/용역)
2023045954,2023-09-06,여자,40 - 49세,경기도,일반판매,인터넷교육서비스,계약해제.해지/위약금
2023045955,2023-09-06,남자,20 - 29세,경기도,국내온라인거래,여행용가방,품질(물품/용역)
2023045957,2023-09-06,남자,40 - 49세,인천광역시,일반판매,이동전화서비스,품질(물품/용역)
2023045958,2023-09-06,여자,30 - 39세,경기도,방문판매,요가,계약해제.해지/위약금
2023045959,2023-09-06,여자,20 - 29세,대전광역시,일반판매,필라테스,계약해제.해지/위약금
2023045960,2023-09-06,여자,40 - 49세,대전광역시,국내온라인거래,텐트,품질(물품/용역)
2023045961,2023-09-06,남자,40 - 49세,부산광역시,모바일거래,항공여객운송서비스,계약해제.해지/위약금
2023045962,2023-09-06,여자,40 - 49세,서울특별시,일반판매,수영장회원권,계약불이행(불완전이행)
2023045963,2023-09-06,여자,20 - 29세,인천광역시,방문판매,외국어강습,계약해제.해지/위약금
2023045964,2023-09-06,여자,40 - 49세,경기도,기타,택배화물운송서비스,품질(물품/용역)
2023045965,2023-09-06,여자,20 - 29세,광주광역시,국내온라인거래,기타숙박시설,계약해제.해지/위약금
2023045966,2023-09-06,남자,30 - 39세,서울특별시,국내온라인거래,기타숙박시설,청약철회
2023045967,2023-09-06,남자,30 - 39세,부산광역시,기타,정수기,AS불만
2023045968,2023-09-06,여자,30 - 39세,부산광역시,국내온라인거래,스마트폰,계약불이행(불완전이행)
2023045969,2023-09-06,여자,30 - 39세,서울특별시,국내온라인거래,기타숙박시설,청약철회
2023045970,2023-09-06,여자,30 - 39세,경기도,국내온라인거래,기타일반화장품,청약철회
2023045971,2023-09-06,남자,40 - 49세,경기도,일반판매,필라테스,계약해제.해지/위약금
2023045972,2023-09-06,남자,40 - 49세,경기도,일반판매,룸에어컨,이자.수수료
2023045973,2023-09-06,여자,50 - 59세,인천광역시,일반판매,초고속인터넷,품질(물품/용역)
2023045974,2023-09-06,여자,30 - 39세,부산광역시,방문판매,전기진공청소기,계약해제.해지/위약금
2023045975,2023-09-06,여자,50 - 59세,부산광역시,기타,음식물처리기,품질(물품/용역)
2023045976,2023-09-06,여자,20 - 29세,전라남도,소셜커머스(쇼핑),전기칼·칼갈이,청약철회
2023045977,2023-09-06,여자,30 - 39세,전라남도,소셜커머스(쇼핑),국외여행,품질(물품/용역)
2023045978,2023-09-06,남자,40 - 49세,서울특별시,국제온라인거래,항공여객운송서비스,계약해제.해지/위약금
2023045979,2023-09-06,여자,40 - 49세,대구광역시,일반판매,식탁,AS불만
2023045980,2023-09-06,남자,20 - 29세,서울특별시,방문판매,콘도회원권,계약해제.해지/위약금
2023045981,2023-09-06,여자,30 - 39세,경기도,기타,사진촬영,계약해제.해지/위약금
2023045982,2023-09-06,여자,30 - 39세,대구광역시,기타,인터넷정보이용서비스,부당행위
2023045983,2023-09-07,여자,30 - 39세,경기도,기타,정수기대여(렌트),계약불이행(불완전이행)
2023045984,2023-09-07,여자,65 - 69세,서울특별시,일반판매,스프링매트리스,품질(물품/용역)
2023045985,2023-09-07,여자,50 - 59세,경기도,TV홈쇼핑,헤어드라이어,표시.광고
2023045986,2023-09-07,여자,50 - 59세,경기도,일반판매,묘지설비,계약해제.해지/위약금
2023045987,2023-09-07,여자,50 - 59세,인천광역시,국내온라인거래,룸에어컨,품질(물품/용역)
2023045989,2023-09-07,여자,40 - 49세,경기도,일반판매,일반강습(입시학원등),계약해제.해지/위약금
2023045990,2023-09-07,남자,70 - 79세,부산광역시,일반판매,인덕션레인지,계약불이행(불완전이행)
2023045991,2023-09-07,남자,50 - 59세,대구광역시,일반판매,대형승용자동차,AS불만
2023045992,2023-09-07,남자,80세이상,제주도,국제온라인거래,항공여객운송서비스,청약철회
2023045993,2023-09-07,남자,30 - 39세,강원특별자치도,국내온라인거래,기타자동차부품,청약철회
2023045994,2023-09-07,남자,40 - 49세,서울특별시,소셜커머스(쇼핑),전기진공청소기,품질(물품/용역)
2023045995,2023-09-07,여자,65 - 69세,인천광역시,일반판매,보석·귀금속,계약불이행(불완전이행)
2023045996,2023-09-07,남자,70 - 79세,경기도,일반판매,이동전화서비스,품질(물품/용역)
2023045997,2023-09-07,여자,50 - 59세,경기도,일반판매,기타일반화장품,청약철회
2023045998,2023-09-07,남자,40 - 49세,서울특별시,일반판매,전기세탁기,품질(물품/용역)
2023045999,2023-09-07,여자,30 - 39세,서울특별시,국내온라인거래,숙녀화(구두·부츠 등),청약철회
2023046000,2023-09-07,남자,불명,서울특별시,일반판매,양복(서양식 의복)세탁,품질(물품/용역)
2023046001,2023-09-07,여자,30 - 39세,경기도,일반판매,헬스장,계약불이행(불완전이행)
2023046002,2023-09-07,여자,40 - 49세,인천광역시,일반판매,소파,품질(물품/용역)
2023046003,2023-09-07,남자,70 - 79세,서울특별시,국내온라인거래,콘도,계약해제.해지/위약금
2023046004,2023-09-07,여자,30 - 39세,경기도,일반판매,헬스장,계약해제.해지/위약금
2023046005,2023-09-07,남자,65 - 69세,부산광역시,일반판매,휠체어,AS불만
2023046006,2023-09-07,여자,30 - 39세,서울특별시,국내온라인거래,포장이사운송서비스,계약불이행(불완전이행)
2023046007,2023-09-07,여자,40 - 49세,충청북도,일반판매,대형승용자동차,AS불만
2023046008,2023-09-07,여자,20 - 29세,인천광역시,일반판매,골프회원권,계약해제.해지/위약금
2023046009,2023-09-07,여자,40 - 49세,대전광역시,국내온라인거래,기타신변용품,청약철회
2023046010,2023-09-07,남자,20 - 29세,부산광역시,국내온라인거래,기타자동차부품,계약불이행(불완전이행)
2023046011,2023-09-07,여자,20 - 29세,서울특별시,다단계판매,기타의료용구,품질(물품/용역)
2023046012,2023-09-07,여자,50 - 59세,경기도,국내온라인거래,화장대,청약철회
2023046014,2023-09-07,여자,40 - 49세,경기도,일반판매,양복(서양식 의복)세탁,품질(물품/용역)
2023046015,2023-09-07,여자,30 - 39세,경기도,일반판매,미용서비스,계약해제.해지/위약금
2023046016,2023-09-07,여자,70 - 79세,서울특별시,일반판매,양복(서양식 의복)세탁,품질(물품/용역)
2023046017,2023-09-07,여자,30 - 39세,부산광역시,국내온라인거래,액정보호필름,품질(물품/용역)
2023046018,2023-09-07,여자,30 - 39세,서울특별시,국내온라인거래,숙녀복하의,품질(물품/용역)
2023046019,2023-09-07,남자,30 - 39세,경기도,기타통신판매,기타자동차용품,청약철회
2023046020,2023-09-07,남자,30 - 39세,경상북도,국내온라인거래,기타자동차부품,품질(물품/용역)
2023046021,2023-09-07,남자,50 - 59세,경상남도,일반판매,자동차리스,품질(물품/용역)
2023046022,2023-09-07,여자,30 - 39세,경기도,일반판매,한의원,계약해제.해지/위약금
2023046023,2023-09-07,여자,40 - 49세,서울특별시,일반판매,점퍼·재킷류,품질(물품/용역)
2023046025,2023-09-07,여자,40 - 49세,경기도,국내온라인거래,국외여행,계약불이행(불완전이행)
2023046027,2023-09-07,여자,50 - 59세,서울특별시,일반판매,상조서비스,계약불이행(불완전이행)
2023046028,2023-09-07,여자,70 - 79세,서울특별시,일반판매,포장이사운송서비스,계약불이행(불완전이행)
2023046029,2023-09-07,여자,30 - 39세,서울특별시,국내온라인거래,니트(스웨터),청약철회
2023046030,2023-09-07,여자,40 - 49세,서울특별시,일반판매,헬스장,계약불이행(불완전이행)
2023046032,2023-09-07,여자,40 - 49세,경기도,일반판매,실손보험,약관
2023046033,2023-09-07,남자,70 - 79세,서울특별시,일반판매,건강(암·기타질병)보험,약관
2023046034,2023-09-07,남자,20 - 29세,경기도,국내온라인거래,각종공연관람,계약불이행(불완전이행)
2023046035,2023-09-07,여자,40 - 49세,제주도,일반판매,실손보험,약관
2023046036,2023-09-07,여자,65 - 69세,서울특별시,전화권유판매,유사투자자문,계약해제.해지/위약금
2023046037,2023-09-07,남자,30 - 39세,서울특별시,일반판매,기타가방,품질(물품/용역)
2023046038,2023-09-07,여자,40 - 49세,부산광역시,일반판매,건강(암·기타질병)보험,약관
2023046039,2023-09-07,남자,70 - 79세,경상북도,국내온라인거래,기타자동차용품,품질(물품/용역)
2023046040,2023-09-07,남자,40 - 49세,경기도,일반판매,타이어,계약불이행(불완전이행)
2023046041,2023-09-07,남자,65 - 69세,서울특별시,일반판매,변호서비스,계약불이행(불완전이행)
2023046042,2023-09-07,여자,40 - 49세,대구광역시,일반판매,운동화,품질(물품/용역)
2023046043,2023-09-07,남자,30 - 39세,서울특별시,국내온라인거래,점퍼·재킷류,AS불만
2023046044,2023-09-07,여자,50 - 59세,경기도,전화권유판매,정수기대여(렌트),AS불만
2023046045,2023-09-07,남자,50 - 59세,충청남도,일반판매,중고자동차중개·매매,품질(물품/용역)
2023046046,2023-09-07,남자,50 - 59세,경기도,일반판매,운동화,품질(물품/용역)
2023046047,2023-09-07,남자,30 - 39세,인천광역시,국내온라인거래,이동전화서비스,약관
2023046048,2023-09-07,남자,40 - 49세,경기도,일반판매,신용카드,품질(물품/용역)
2023046049,2023-09-07,남자,40 - 49세,서울특별시,소셜커머스(쇼핑),운동용가방,표시.광고
2023046050,2023-09-07,여자,20 - 29세,서울특별시,국내온라인거래,스커트,계약불이행(불완전이행)
2023046051,2023-09-07,남자,30 - 39세,서울특별시,국내온라인거래,헬스장,계약해제.해지/위약금
2023046052,2023-09-07,남자,50 - 59세,충청북도,전화권유판매,기타건강식품,품질(물품/용역)
2023046053,2023-09-07,남자,40 - 49세,서울특별시,일반판매,카셰어링,부당행위
2023046054,2023-09-07,여자,20 - 29세,경기도,일반판매,헬스장,계약해제.해지/위약금
2023046055,2023-09-07,남자,40 - 49세,경상남도,일반판매,기타병·의원서비스,품질(물품/용역)
2023046056,2023-09-07,여자,30 - 39세,경기도,기타통신판매,기타숙박시설,계약해제.해지/위약금
2023046057,2023-09-07,남자,60 - 64세,부산광역시,일반판매,치과,품질(물품/용역)
2023046058,2023-09-07,여자,50 - 59세,제주도,일반판매,치과,품질(물품/용역)
2023046059,2023-09-07,여자,80세이상,전라북도,기타,기타병·의원서비스,품질(물품/용역)
2023046060,2023-09-07,남자,65 - 69세,경상북도,일반판매,안과,품질(물품/용역)
2023046061,2023-09-07,남자,40 - 49세,경상남도,일반판매,기타병·의원서비스,품질(물품/용역)
2023046062,2023-09-07,여자,70 - 79세,서울특별시,기타,항공여객운송서비스,계약불이행(불완전이행)
2023046063,2023-09-07,남자,30 - 39세,인천광역시,일반판매,보석·귀금속,AS불만
2023046064,2023-09-07,여자,30 - 39세,부산광역시,기타,기타미분류서비스,계약해제.해지/위약금
2023046065,2023-09-07,남자,70 - 79세,대전광역시,전화권유판매,성기능향상기기,청약철회
2023046066,2023-09-07,남자,50 - 59세,인천광역시,국내온라인거래,기타영상기기,청약철회
2023046067,2023-09-07,남자,50 - 59세,서울특별시,국내온라인거래,장식장,품질(물품/용역)
2023046068,2023-09-07,여자,30 - 39세,서울특별시,일반판매,헬스장,계약해제.해지/위약금
2023046069,2023-09-07,여자,30 - 39세,서울특별시,국내온라인거래,기타음료,청약철회
2023046070,2023-09-07,여자,20 - 29세,경기도,일반판매,국내여행,청약철회
2023046071,2023-09-07,남자,20 - 29세,경기도,방문판매,결혼준비대행서비스,계약해제.해지/위약금
2023046072,2023-09-07,남자,20 - 29세,경기도,일반판매,기타부동산임대차,계약해제.해지/위약금
2023046073,2023-09-07,여자,30 - 39세,부산광역시,국내온라인거래,서랍장,품질(물품/용역)
2023046074,2023-09-07,남자,40 - 49세,경기도,국내온라인거래,운동화,청약철회
2023046075,2023-09-07,남자,20 - 29세,경기도,일반판매,헬스장,계약불이행(불완전이행)
2023046076,2023-09-07,여자,40 - 49세,경기도,기타통신판매,욕실설비,품질(물품/용역)
2023046077,2023-09-07,여자,20 - 29세,경기도,방문판매,필라테스,계약해제.해지/위약금
2023046078,2023-09-07,여자,40 - 49세,강원특별자치도,방문판매,기타방문·통신교육서비스,계약해제.해지/위약금
2023046079,2023-09-07,여자,50 - 59세,경기도,일반판매,정수기,AS불만
2023046080,2023-09-07,여자,30 - 39세,경기도,기타,건물청소서비스,계약해제.해지/위약금
2023046081,2023-09-07,여자,20 - 29세,서울특별시,일반판매,헬스장,계약해제.해지/위약금
2023046082,2023-09-07,남자,30 - 39세,경기도,일반판매,도배공사,계약불이행(불완전이행)
2023046083,2023-09-07,여자,20 - 29세,부산광역시,기타통신판매,사진촬영,계약불이행(불완전이행)
2023046084,2023-09-07,여자,50 - 59세,부산광역시,기타,인터넷교육서비스,계약해제.해지/위약금
2023046085,2023-09-07,남자,40 - 49세,강원특별자치도,국내온라인거래,기타신발·용품,청약철회
2023046086,2023-09-07,남자,30 - 39세,경기도,국내온라인거래,모형완구,청약철회
2023046087,2023-09-07,여자,40 - 49세,경기도,국내온라인거래,비데,AS불만
2023046088,2023-09-07,여자,40 - 49세,울산광역시,일반판매,소파,계약불이행(불완전이행)
2023046089,2023-09-07,남자,30 - 39세,경기도,방문판매,식탁,품질(물품/용역)
2023046090,2023-09-07,남자,30 - 39세,인천광역시,기타,일반이사운송서비스,계약불이행(불완전이행)
2023046091,2023-09-07,남자,20 - 29세,서울특별시,일반판매,헬스장,계약해제.해지/위약금
2023046092,2023-09-07,여자,30 - 39세,울산광역시,일반판매,국내결혼중개,청약철회
2023046093,2023-09-07,남자,20 - 29세,경기도,방문판매,콘도회원권,계약해제.해지/위약금
2023046094,2023-09-07,여자,20 - 29세,서울특별시,국내온라인거래,영화관람,계약해제.해지/위약금
2023046095,2023-09-07,남자,65 - 69세,서울특별시,일반판매,미용서비스,안전(제품/시설)
2023046097,2023-09-07,여자,30 - 39세,서울특별시,국내온라인거래,캐주얼바지,청약철회
2023046098,2023-09-07,여자,30 - 39세,경기도,국제온라인거래,보석·귀금속,청약철회
2023046099,2023-09-07,여자,30 - 39세,충청남도,전화권유판매,국내결혼중개,계약해제.해지/위약금
2023046100,2023-09-07,여자,30 - 39세,서울특별시,기타,의상대여(렌트),안전(제품/시설)
2023046101,2023-09-07,남자,20 - 29세,대구광역시,국내온라인거래,보석·귀금속,청약철회
2023046102,2023-09-07,남자,60 - 64세,경기도,기타,비데,품질(물품/용역)
2023046103,2023-09-07,남자,50 - 59세,서울특별시,국내온라인거래,쇠고기,품질(물품/용역)
2023046104,2023-09-07,남자,50 - 59세,서울특별시,일반판매,이동전화서비스,AS불만
2023046105,2023-09-07,남자,40 - 49세,서울특별시,모바일거래,항공여객운송서비스,계약해제.해지/위약금
2023046106,2023-09-07,여자,20 - 29세,서울특별시,방문판매,다이어트식품,계약해제.해지/위약금
2023046107,2023-09-07,남자,30 - 39세,경상남도,기타,물품가격·지수·품질표시,부당행위
2023046108,2023-09-07,남자,20 - 29세,대구광역시,기타통신판매,미분류컨설팅(자문),청약철회
2023046109,2023-09-07,여자,20 - 29세,부산광역시,국내온라인거래,기타서적음반류,품질(물품/용역)
2023046110,2023-09-07,남자,10 - 19세,대구광역시,국내온라인거래,영화관람,계약불이행(불완전이행)
2023046111,2023-09-07,여자,50 - 59세,서울특별시,모바일거래,고시원이용,계약해제.해지/위약금
2023046112,2023-09-07,여자,30 - 39세,전라북도,국내온라인거래,블라우스,청약철회
2023046113,2023-09-07,남자,60 - 64세,경기도,기타,전기진공청소기,안전(제품/시설)
2023046115,2023-09-07,남자,40 - 49세,인천광역시,국내온라인거래,항공여객운송서비스,계약불이행(불완전이행)
2023046116,2023-09-07,여자,40 - 49세,경기도,국내온라인거래,애완동·식물용품,청약철회
2023046117,2023-09-07,남자,30 - 39세,경기도,일반판매,각종자격취득강습,계약해제.해지/위약금
2023046118,2023-09-07,남자,20 - 29세,서울특별시,국제온라인거래,항공여객운송서비스,계약해제.해지/위약금
2023046119,2023-09-07,여자,20 - 29세,서울특별시,일반판매,헬스장,계약해제.해지/위약금
2023046120,2023-09-07,남자,20 - 29세,인천광역시,기타,헬스장,계약해제.해지/위약금
2023046121,2023-09-07,여자,30 - 39세,서울특별시,일반판매,각종자격취득강습,계약해제.해지/위약금
2023046122,2023-09-07,여자,30 - 39세,부산광역시,기타통신판매,국내여행,가격.요금
2023046123,2023-09-07,남자,40 - 49세,경기도,국내온라인거래,기타식품류,계약불이행(불완전이행)
2023046124,2023-09-07,여자,20 - 29세,서울특별시,소셜커머스(쇼핑),기타주방설비,품질(물품/용역)
2023046125,2023-09-07,남자,30 - 39세,부산광역시,일반판매,각종자격취득강습,계약해제.해지/위약금
2023046126,2023-09-07,여자,30 - 39세,서울특별시,국내온라인거래,기타여객운송서비스,계약해제.해지/위약금
2023046127,2023-09-07,남자,30 - 39세,대전광역시,일반판매,헬스장,계약해제.해지/위약금
2023046128,2023-09-07,남자,40 - 49세,경기도,기타,변호서비스,계약해제.해지/위약금
2023046129,2023-09-07,남자,40 - 49세,서울특별시,기타,기타세탁서비스,청약철회
2023046130,2023-09-07,여자,40 - 49세,인천광역시,일반판매,헬스장,계약해제.해지/위약금
2023046131,2023-09-07,여자,20 - 29세,경기도,국내온라인거래,기타세탁서비스,AS불만
2023046132,2023-09-07,남자,30 - 39세,대구광역시,일반판매,국외여행,부당행위
2023046133,2023-09-07,여자,30 - 39세,부산광역시,일반판매,일반이사운송서비스,계약불이행(불완전이행)
2023046134,2023-09-07,여자,30 - 39세,서울특별시,전화권유판매,인터넷정보이용서비스,청약철회
2023046135,2023-09-07,여자,70 - 79세,경기도,국내온라인거래,컵,부당행위
2023046136,2023-09-07,여자,20 - 29세,부산광역시,기타,피부·체형관리서비스,계약해제.해지/위약금
2023046137,2023-09-07,여자,30 - 39세,서울특별시,일반판매,피부·체형관리서비스,계약해제.해지/위약금
2023046138,2023-09-07,여자,30 - 39세,경기도,국내온라인거래,항공여객운송서비스,청약철회
2023046139,2023-09-07,여자,30 - 39세,경기도,국내온라인거래,헤어드라이어,AS불만
2023046140,2023-09-07,여자,30 - 39세,경기도,방문판매,인터넷교육서비스,부당행위
2023046141,2023-09-07,여자,20 - 29세,서울특별시,국제온라인거래,기타의류·섬유,청약철회
2023046142,2023-09-07,남자,30 - 39세,서울특별시,국내온라인거래,전기의류건조기,청약철회
2023046143,2023-09-07,남자,30 - 39세,인천광역시,기타,카메라,AS불만
2023046144,2023-09-07,여자,20 - 29세,서울특별시,일반판매,여자용내의류,품질(물품/용역)
2023046145,2023-09-07,남자,40 - 49세,인천광역시,일반판매,기타세탁서비스,품질(물품/용역)
2023046146,2023-09-07,여자,40 - 49세,서울특별시,국내온라인거래,기타미분류서비스,부당행위
2023046147,2023-09-07,남자,50 - 59세,서울특별시,일반판매,애완견,부당행위
2023046148,2023-09-07,여자,50 - 59세,서울특별시,일반판매,헬스장,안전(제품/시설)
2023046150,2023-09-07,남자,50 - 59세,전라북도,모바일거래,이동전화서비스,부당채권추심
2023046151,2023-09-07,여자,30 - 39세,서울특별시,국내온라인거래,매트,품질(물품/용역)
2023046152,2023-09-07,남자,50 - 59세,경상북도,국내온라인거래,항공여객운송서비스,계약불이행(불완전이행)
2023046154,2023-09-07,남자,40 - 49세,충청남도,방문판매,기타방문·통신교육서비스,계약해제.해지/위약금
2023046155,2023-09-07,여자,20 - 29세,대구광역시,일반판매,헬스장,계약해제.해지/위약금
2023046156,2023-09-07,여자,30 - 39세,경상북도,국내온라인거래,기타의류·섬유,청약철회
2023046157,2023-09-07,여자,30 - 39세,서울특별시,국내온라인거래,블라우스,청약철회
2023046158,2023-09-07,남자,30 - 39세,서울특별시,기타,기타사설강습서비스,부당행위
2023046159,2023-09-07,남자,20 - 29세,서울특별시,방문판매,헬스장,계약해제.해지/위약금
2023046160,2023-09-07,여자,20 - 29세,서울특별시,국내온라인거래,기타서적음반류,품질(물품/용역)
2023046162,2023-09-08,남자,20 - 29세,인천광역시,국내온라인거래,호텔,계약해제.해지/위약금
2023046163,2023-09-08,남자,20 - 29세,서울특별시,국내온라인거래,침대,품질(물품/용역)
2023046165,2023-09-08,남자,60 - 64세,경기도,기타통신판매,전기자전거,품질(물품/용역)
2023046166,2023-09-08,남자,30 - 39세,서울특별시,일반판매,타이어,계약불이행(불완전이행)
2023046167,2023-09-08,여자,40 - 49세,경기도,TV홈쇼핑,기타의료용구,품질(물품/용역)
2023046168,2023-09-08,여자,65 - 69세,경상남도,전화권유판매,유사투자자문,계약해제.해지/위약금
2023046170,2023-09-08,남자,40 - 49세,경기도,일반판매,전기자동차,품질(물품/용역)
2023046171,2023-09-08,남자,10 - 19세,서울특별시,국내온라인거래,언어(능력)자격시험기타,계약해제.해지/위약금
2023046173,2023-09-08,여자,30 - 39세,부산광역시,국내온라인거래,인터넷교육서비스,계약해제.해지/위약금
2023046174,2023-09-08,남자,40 - 49세,경기도,일반판매,안마의자,AS불만
2023046175,2023-09-08,여자,50 - 59세,인천광역시,기타,자동차수리·점검,AS불만
2023046176,2023-09-08,여자,20 - 29세,서울특별시,일반판매,스포츠시설이용,계약해제.해지/위약금
2023046177,2023-09-08,여자,40 - 49세,경상남도,일반판매,중고자동차중개·매매,AS불만
2023046178,2023-09-08,남자,50 - 59세,경기도,일반판매,실손보험,계약불이행(불완전이행)
2023046179,2023-09-08,남자,40 - 49세,경기도,국내온라인거래,기타숙박시설,계약해제.해지/위약금
2023046180,2023-09-08,여자,40 - 49세,인천광역시,기타통신판매,예식서비스,계약해제.해지/위약금
2023046181,2023-09-08,여자,50 - 59세,강원특별자치도,일반판매,정수기대여(렌트),안전(제품/시설)
2023046182,2023-09-08,여자,40 - 49세,울산광역시,일반판매,가스레인지,품질(물품/용역)
2023046183,2023-09-08,여자,30 - 39세,경상북도,국내온라인거래,기타음료,계약불이행(불완전이행)
2023046184,2023-09-08,남자,30 - 39세,서울특별시,모바일거래,전동킥보드,부당행위
2023046185,2023-09-08,여자,30 - 39세,충청북도,일반판매,결혼준비대행서비스,계약해제.해지/위약금
2023046186,2023-09-08,남자,40 - 49세,서울특별시,일반판매,오토바이,AS불만
2023046187,2023-09-08,남자,60 - 64세,인천광역시,전화권유판매,인터넷정보이용서비스,계약해제.해지/위약금
2023046188,2023-09-08,남자,30 - 39세,경기도,일반판매,자동차수리·점검,AS불만
2023046189,2023-09-08,여자,30 - 39세,인천광역시,일반판매,필라테스,계약해제.해지/위약금
2023046190,2023-09-08,남자,40 - 49세,대구광역시,일반판매,주방세트,청약철회
2023046191,2023-09-08,여자,30 - 39세,경기도,방문판매,피부·체형관리서비스,계약해제.해지/위약금
2023046192,2023-09-08,남자,40 - 49세,경기도,국제온라인거래,자동차대여(렌트),계약불이행(불완전이행)
2023046194,2023-09-08,여자,70 - 79세,경기도,일반판매,건강(암·기타질병)보험,약관
2023046196,2023-09-08,남자,40 - 49세,서울특별시,일반판매,시스템에어컨,AS불만
2023046197,2023-09-08,남자,60 - 64세,서울특별시,일반판매,제습기,품질(물품/용역)
2023046199,2023-09-08,남자,50 - 59세,경기도,일반판매,카셰어링,부당행위
2023046200,2023-09-08,남자,40 - 49세,경기도,국내온라인거래,셔츠,품질(물품/용역)
2023046201,2023-09-08,남자,50 - 59세,대구광역시,국내온라인거래,셔츠,품질(물품/용역)
2023046202,2023-09-07,남자,65 - 69세,서울특별시,일반판매,이동전화서비스,계약불이행(불완전이행)
2023046203,2023-09-08,여자,20 - 29세,서울특별시,일반판매,헬스장,계약해제.해지/위약금
2023046204,2023-09-08,여자,20 - 29세,서울특별시,일반판매,필라테스,계약불이행(불완전이행)
2023046205,2023-09-08,남자,30 - 39세,충청남도,일반판매,자동차대여(렌트),AS불만
2023046206,2023-09-08,여자,30 - 39세,서울특별시,일반판매,고시원이용,품질(물품/용역)
2023046207,2023-09-08,여자,30 - 39세,강원특별자치도,국내온라인거래,항공여객운송서비스,계약해제.해지/위약금
2023046208,2023-09-08,여자,30 - 39세,인천광역시,일반판매,자동차수리·점검,AS불만
2023046210,2023-09-08,남자,50 - 59세,제주도,소셜커머스(쇼핑),자동차대여(렌트),부당행위
2023046211,2023-09-08,여자,10 - 19세,대구광역시,국내온라인거래,보석·귀금속,청약철회
2023046212,2023-09-08,여자,30 - 39세,서울특별시,국내온라인거래,옷장,청약철회
2023046213,2023-09-08,남자,50 - 59세,경기도,일반판매,콘도회원권,계약불이행(불완전이행)
2023046214,2023-09-08,남자,50 - 59세,인천광역시,전화권유판매,유사투자자문,계약해제.해지/위약금
2023046215,2023-09-08,남자,40 - 49세,경기도,일반판매,미용서비스,품질(물품/용역)
2023046216,2023-09-08,남자,50 - 59세,전라남도,일반판매,초고속인터넷,계약불이행(불완전이행)
2023046217,2023-09-08,여자,65 - 69세,경기도,일반판매,게,품질(물품/용역)
2023046218,2023-09-08,여자,50 - 59세,경상남도,일반판매,양복(서양식 의복)세탁,품질(물품/용역)
2023046220,2023-09-08,남자,40 - 49세,서울특별시,일반판매,신사화(구두·부츠 등),품질(물품/용역)
2023046221,2023-09-08,여자,40 - 49세,대전광역시,일반판매,헬스장,계약불이행(불완전이행)
2023046222,2023-09-08,여자,30 - 39세,서울특별시,일반판매,피부과,계약해제.해지/위약금
2023046223,2023-09-08,여자,30 - 39세,충청남도,일반판매,숙녀화(구두·부츠 등),품질(물품/용역)
2023046224,2023-09-08,남자,50 - 59세,경기도,국내온라인거래,기타공조·냉난방기기,품질(물품/용역)
2023046225,2023-09-08,여자,50 - 59세,대구광역시,일반판매,티셔츠,품질(물품/용역)
2023046226,2023-09-08,여자,30 - 39세,경기도,일반판매,신발세탁,계약불이행(불완전이행)
2023046227,2023-09-08,남자,20 - 29세,경기도,일반판매,헬스장,계약해제.해지/위약금
2023046229,2023-09-08,여자,50 - 59세,경기도,일반판매,생활패션화(슬립온·아쿠아슈즈·장화·작업화 등),품질(물품/용역)
2023046230,2023-09-08,남자,70 - 79세,경기도,일반판매,자동차대여(렌트),계약해제.해지/위약금
2023046231,2023-09-08,남자,20 - 29세,서울특별시,일반판매,전문스포츠화(축구화·골프화 등),품질(물품/용역)
2023046232,2023-09-08,남자,50 - 59세,경기도,일반판매,피혁세탁,품질(물품/용역)
2023046233,2023-09-08,여자,30 - 39세,경기도,국내온라인거래,운동화,품질(물품/용역)
2023046234,2023-09-08,남자,30 - 39세,서울특별시,일반판매,국내결혼중개,계약해제.해지/위약금
2023046237,2023-09-08,남자,40 - 49세,대전광역시,국내온라인거래,신발세탁,계약불이행(불완전이행)
2023046238,2023-09-08,남자,50 - 59세,경기도,방문판매,대형승용자동차,AS불만
2023046239,2023-09-08,남자,50 - 59세,경상남도,모바일거래,스마트폰,품질(물품/용역)
2023046240,2023-09-08,여자,40 - 49세,대전광역시,일반판매,자동차대여(렌트),계약해제.해지/위약금
2023046241,2023-09-08,여자,50 - 59세,인천광역시,국내온라인거래,기타신발·용품,품질(물품/용역)
2023046242,2023-09-08,여자,30 - 39세,충청남도,일반판매,신발세탁,계약불이행(불완전이행)
2023046243,2023-09-08,남자,70 - 79세,충청남도,일반판매,중형승용자동차,계약불이행(불완전이행)
2023046244,2023-09-08,여자,30 - 39세,부산광역시,국내온라인거래,택배화물운송서비스,계약불이행(불완전이행)
2023046245,2023-09-08,여자,50 - 59세,강원특별자치도,일반판매,애완견,계약해제.해지/위약금
2023046246,2023-09-08,여자,40 - 49세,경기도,일반판매,종신보험,청약철회
2023046247,2023-09-08,남자,40 - 49세,부산광역시,국내온라인거래,등산화,품질(물품/용역)
2023046248,2023-09-08,남자,60 - 64세,서울특별시,국내온라인거래,국외여행,계약해제.해지/위약금
2023046249,2023-09-08,남자,불명,서울특별시,일반판매,핸드백,품질(물품/용역)
2023046250,2023-09-08,여자,40 - 49세,경기도,기타통신판매,쌀,계약불이행(불완전이행)
2023046251,2023-09-08,여자,50 - 59세,경기도,국내온라인거래,전기세탁기,품질(물품/용역)
2023046252,2023-09-08,여자,40 - 49세,경기도,일반판매,샌들·슬리퍼,품질(물품/용역)
2023046253,2023-09-08,여자,50 - 59세,서울특별시,일반판매,숙녀화(구두·부츠 등),계약불이행(불완전이행)
2023046254,2023-09-08,여자,20 - 29세,서울특별시,일반판매,피부과,계약해제.해지/위약금
2023046255,2023-09-08,남자,70 - 79세,인천광역시,국내온라인거래,성기능향상기기,청약철회
2023046257,2023-09-08,남자,50 - 59세,경기도,일반판매,인쇄서비스,계약불이행(불완전이행)
2023046258,2023-09-08,남자,65 - 69세,경기도,전화권유판매,유사투자자문,청약철회
2023046259,2023-09-08,남자,30 - 39세,경상북도,국내온라인거래,지갑,계약불이행(불완전이행)
2023046260,2023-09-08,여자,60 - 64세,서울특별시,소셜커머스(쇼핑),서랍장,청약철회
2023046261,2023-09-08,남자,30 - 39세,경기도,모바일거래,신유형상품권,계약불이행(불완전이행)
2023046262,2023-09-08,남자,30 - 39세,서울특별시,일반판매,애완동물기타,계약불이행(불완전이행)
2023046263,2023-09-08,남자,30 - 39세,경기도,일반판매,애완곤충,계약불이행(불완전이행)
2023046264,2023-09-08,남자,20 - 29세,부산광역시,일반판매,애완곤충,계약해제.해지/위약금
2023046266,2023-09-08,남자,10 - 19세,경상남도,일반판매,종합체육시설회원권,계약해제.해지/위약금
2023046267,2023-09-08,남자,불명,경기도,일반판매,애완견,품질(물품/용역)
2023046268,2023-09-08,여자,65 - 69세,경기도,국내온라인거래,다이어트식품,계약해제.해지/위약금
2023046331,2023-09-08,남자,40 - 49세,부산광역시,국내온라인거래,호텔,계약해제.해지/위약금
2023046332,2023-09-08,남자,40 - 49세,경기도,국내온라인거래,유산균함유제품,계약해제.해지/위약금
2023046333,2023-09-08,여자,40 - 49세,경상북도,일반판매,보석·귀금속,AS불만
2023046334,2023-09-08,남자,40 - 49세,대구광역시,국내온라인거래,퍼스널컴퓨터,청약철회
2023046335,2023-09-08,남자,50 - 59세,부산광역시,국내온라인거래,기타컴퓨터·주변기기,청약철회
2023046336,2023-09-08,남자,30 - 39세,서울특별시,일반판매,항공여객운송서비스,계약불이행(불완전이행)
2023046337,2023-09-08,남자,30 - 39세,서울특별시,국제온라인거래,기타미분류물품,계약불이행(불완전이행)
2023046338,2023-09-08,남자,20 - 29세,대구광역시,국내온라인거래,핸드백,청약철회
2023046339,2023-09-08,남자,30 - 39세,경상남도,일반판매,사진촬영,계약불이행(불완전이행)
2023046340,2023-09-08,여자,30 - 39세,서울특별시,국내온라인거래,헬스장,계약해제.해지/위약금
2023046341,2023-09-08,여자,40 - 49세,부산광역시,국내온라인거래,스마트폰,청약철회
2023046342,2023-09-08,남자,50 - 59세,서울특별시,국내온라인거래,운동화,품질(물품/용역)
2023046343,2023-09-08,남자,30 - 39세,서울특별시,일반판매,예식서비스,계약해제.해지/위약금
2023046344,2023-09-08,남자,20 - 29세,대구광역시,국내온라인거래,핸드백,품질(물품/용역)
2023046345,2023-09-08,여자,30 - 39세,광주광역시,기타,포장이사운송서비스,품질(물품/용역)
2023046346,2023-09-08,남자,40 - 49세,서울특별시,방문판매,기타책상·테이블류,품질(물품/용역)
2023046347,2023-09-08,여자,30 - 39세,경기도,국내온라인거래,기타의류·섬유,계약불이행(불완전이행)
2023046348,2023-09-08,남자,20 - 29세,경기도,방문판매,헬스장,계약해제.해지/위약금
2023046349,2023-09-08,여자,30 - 39세,부산광역시,국내온라인거래,기타영상기기,계약불이행(불완전이행)
2023046350,2023-09-08,여자,40 - 49세,경상남도,기타통신판매,국외여행,청약철회
2023046351,2023-09-08,여자,30 - 39세,서울특별시,국내온라인거래,항공여객운송서비스,계약불이행(불완전이행)
2023046352,2023-09-08,남자,70 - 79세,부산광역시,국내온라인거래,스마트폰,부당행위
2023046353,2023-09-08,여자,30 - 39세,경상남도,일반판매,피부·체형관리서비스,품질(물품/용역)
2023046354,2023-09-08,남자,불명,서울특별시,노상판매,창호유리,품질(물품/용역)
2023046355,2023-09-08,남자,40 - 49세,경기도,국내온라인거래,호텔,계약해제.해지/위약금
2023046356,2023-09-08,여자,10 - 19세,제주도,국내온라인거래,다이어트식품,계약해제.해지/위약금
2023046357,2023-09-08,여자,40 - 49세,경기도,국내온라인거래,필라테스,계약해제.해지/위약금
2023046358,2023-09-08,여자,30 - 39세,인천광역시,일반판매,스포츠시설이용,계약해제.해지/위약금
2023046359,2023-09-08,남자,30 - 39세,서울특별시,국제온라인거래,항공여객운송서비스,청약철회
2023046360,2023-09-08,남자,30 - 39세,서울특별시,방문판매,헬스장,계약해제.해지/위약금
2023046361,2023-09-08,여자,20 - 29세,대전광역시,일반판매,헬스장,계약해제.해지/위약금
2023046362,2023-09-08,여자,20 - 29세,경기도,국내온라인거래,기타간편복,청약철회
2023046363,2023-09-08,남자,50 - 59세,대전광역시,국내온라인거래,항공여객운송서비스,계약불이행(불완전이행)
2023046364,2023-09-08,남자,65 - 69세,전라북도,소셜커머스(쇼핑),비디오카메라,계약불이행(불완전이행)
2023046365,2023-09-08,여자,40 - 49세,경기도,기타,샌들·슬리퍼,청약철회
2023046366,2023-09-08,여자,30 - 39세,대전광역시,일반판매,요가,계약해제.해지/위약금
2023046367,2023-09-08,여자,40 - 49세,경기도,기타,일반강습(입시학원등),계약해제.해지/위약금
2023046368,2023-09-08,남자,40 - 49세,서울특별시,국내온라인거래,기타관람·감상,계약해제.해지/위약금
2023046369,2023-09-08,남자,30 - 39세,서울특별시,방문판매,컴퓨터모니터(데스크탑),AS불만
2023046370,2023-09-08,여자,40 - 49세,경기도,일반판매,사진촬영,품질(물품/용역)
2023046371,2023-09-08,남자,20 - 29세,광주광역시,국내온라인거래,기타컴퓨터·주변기기,청약철회
2023046372,2023-09-08,여자,30 - 39세,부산광역시,기타통신판매,기타예식관련서비스,계약불이행(불완전이행)
2023046373,2023-09-08,남자,20 - 29세,대전광역시,기타통신판매,헬스장,계약해제.해지/위약금
2023046374,2023-09-08,여자,40 - 49세,인천광역시,모바일거래,기타세탁서비스,품질(물품/용역)
2023046375,2023-09-08,남자,40 - 49세,대전광역시,방문판매,헬스장,계약해제.해지/위약금
2023046376,2023-09-08,여자,40 - 49세,대구광역시,모바일거래,기타회원권,계약불이행(불완전이행)
2023046377,2023-09-08,여자,20 - 29세,서울특별시,모바일거래,헬스장,계약해제.해지/위약금
2023046378,2023-09-08,남자,40 - 49세,서울특별시,국내온라인거래,항공여객운송서비스,품질(물품/용역)
2023046379,2023-09-08,남자,50 - 59세,서울특별시,국내온라인거래,골프용품,표시.광고
2023046380,2023-09-08,여자,20 - 29세,경기도,일반판매,기타일반화장품,품질(물품/용역)
2023046381,2023-09-08,여자,20 - 29세,대구광역시,기타통신판매,기타교육서비스,계약불이행(불완전이행)
2023046382,2023-09-08,남자,30 - 39세,경상남도,일반판매,차량용블랙박스,계약해제.해지/위약금
2023046383,2023-09-08,남자,30 - 39세,전라북도,일반판매,독서실이용,부당행위
2023046384,2023-09-08,여자,20 - 29세,서울특별시,방문판매,필라테스,계약해제.해지/위약금
2023046385,2023-09-08,여자,40 - 49세,부산광역시,국내온라인거래,원피스,청약철회
2023046386,2023-09-08,남자,30 - 39세,경기도,TV홈쇼핑,헤어드라이어,AS불만
2023046387,2023-09-08,여자,30 - 39세,서울특별시,모바일거래,항공여객운송서비스,계약불이행(불완전이행)
2023046388,2023-09-08,여자,50 - 59세,경기도,일반판매,애완견,청약철회
2023046389,2023-09-08,여자,20 - 29세,경기도,일반판매,헬스장,청약철회
2023046390,2023-09-08,남자,30 - 39세,대구광역시,방문판매,기타인테리어설비,계약불이행(불완전이행)
2023046391,2023-09-08,남자,30 - 39세,부산광역시,국내온라인거래,사진촬영,계약불이행(불완전이행)
2023046392,2023-09-08,남자,50 - 59세,서울특별시,일반판매,기타여객운송서비스,부당행위
2023046393,2023-09-08,남자,40 - 49세,서울특별시,일반판매,예식서비스,계약해제.해지/위약금
2023046394,2023-09-08,여자,20 - 29세,제주도,일반판매,고시원이용,계약해제.해지/위약금
2023046395,2023-09-08,여자,30 - 39세,서울특별시,국내온라인거래,항공여객운송서비스,계약불이행(불완전이행)
2023046396,2023-09-08,남자,30 - 39세,대구광역시,기타,아파트,AS불만
2023046397,2023-09-08,여자,30 - 39세,부산광역시,국내온라인거래,보석·귀금속,청약철회
2023046398,2023-09-08,남자,30 - 39세,서울특별시,기타통신판매,의상대여(렌트),계약해제.해지/위약금
2023046399,2023-09-08,남자,30 - 39세,경기도,일반판매,기타인테리어설비,계약불이행(불완전이행)
2023046400,2023-09-08,남자,40 - 49세,경기도,소셜커머스(쇼핑),책상,품질(물품/용역)
2023046401,2023-09-08,여자,40 - 49세,부산광역시,국내온라인거래,욕실설비,계약불이행(불완전이행)
2023046402,2023-09-08,남자,40 - 49세,전라북도,기타,CCTV,부당행위
2023046403,2023-09-08,남자,50 - 59세,서울특별시,일반판매,다목적승용차,품질(물품/용역)
2023046404,2023-09-08,여자,30 - 39세,경기도,일반판매,소파,계약불이행(불완전이행)
2023046405,2023-09-08,여자,40 - 49세,경상남도,국내온라인거래,기타의자류,청약철회
2023046406,2023-09-08,여자,40 - 49세,부산광역시,방문판매,정수기대여(렌트),품질(물품/용역)
2023046407,2023-09-08,남자,50 - 59세,경기도,전화권유판매,이동전화서비스,계약불이행(불완전이행)
2023046408,2023-09-08,여자,30 - 39세,서울특별시,일반판매,필라테스,계약해제.해지/위약금
2023046409,2023-09-08,남자,40 - 49세,부산광역시,국내온라인거래,오븐류,품질(물품/용역)
2023046410,2023-09-08,남자,50 - 59세,경기도,국내온라인거래,운동화,품질(물품/용역)
2023046411,2023-09-08,여자,20 - 29세,경기도,방문판매,필라테스,안전(제품/시설)
2023046412,2023-09-08,여자,40 - 49세,충청남도,국내온라인거래,호텔,계약해제.해지/위약금
2023046413,2023-09-08,남자,20 - 29세,광주광역시,모바일거래,기타숙박시설,품질(물품/용역)
2023046414,2023-09-08,남자,40 - 49세,서울특별시,일반판매,냉동고,품질(물품/용역)
2023046415,2023-09-09,남자,40 - 49세,경기도,일반판매,기타자동차용품,AS불만
2023046416,2023-09-09,남자,70 - 79세,강원특별자치도,일반판매,변호서비스,계약해제.해지/위약금
2023046417,2023-09-09,남자,30 - 39세,서울특별시,국제온라인거래,기타가구,가격.요금
2023046418,2023-09-09,남자,30 - 39세,충청북도,기타,경비·관리서비스,계약해제.해지/위약금
2023046419,2023-09-09,남자,20 - 29세,경기도,일반판매,스마트폰,계약불이행(불완전이행)
2023046420,2023-09-09,여자,20 - 29세,경기도,일반판매,신변용품·악세서리대여(렌트),품질(물품/용역)
2023046421,2023-09-09,여자,30 - 39세,서울특별시,방문판매,국내결혼중개,계약해제.해지/위약금
2023046422,2023-09-09,여자,20 - 29세,경기도,국내온라인거래,물안경,품질(물품/용역)
2023046423,2023-09-09,남자,50 - 59세,충청남도,기타,기타법률서비스,계약불이행(불완전이행)
2023046424,2023-09-09,남자,40 - 49세,경상북도,국내온라인거래,사진촬영,계약해제.해지/위약금
2023046425,2023-09-09,남자,40 - 49세,서울특별시,국내온라인거래,룸에어컨,품질(물품/용역)
2023046426,2023-09-09,남자,40 - 49세,부산광역시,기타,홈오토메이션기기,품질(물품/용역)
2023046427,2023-09-09,남자,60 - 64세,서울특별시,일반판매,안마의자대여(렌트),AS불만
2023046428,2023-09-09,남자,30 - 39세,경기도,일반판매,헬스장,계약해제.해지/위약금
2023046429,2023-09-09,여자,40 - 49세,서울특별시,일반판매,기타가방,청약철회
2023046430,2023-09-09,여자,30 - 39세,경기도,국내온라인거래,방향제,계약불이행(불완전이행)
2023046431,2023-09-09,남자,30 - 39세,경기도,국내온라인거래,응접테이블,계약불이행(불완전이행)
2023046432,2023-09-09,여자,20 - 29세,대구광역시,기타통신판매,인터넷교육서비스,계약해제.해지/위약금
2023046433,2023-09-10,남자,40 - 49세,서울특별시,국제온라인거래,호텔,이자.수수료
2023046434,2023-09-10,남자,70 - 79세,경상북도,일반판매,소파,품질(물품/용역)
2023046435,2023-09-10,남자,50 - 59세,경기도,소셜커머스(쇼핑),기타어패류·어패류가공식품,청약철회
2023046436,2023-09-10,남자,40 - 49세,경기도,국내온라인거래,펜션,계약해제.해지/위약금
2023046437,2023-09-10,여자,30 - 39세,부산광역시,소셜커머스(쇼핑),음식물처리기,품질(물품/용역)
2023046438,2023-09-10,남자,30 - 39세,울산광역시,방문판매,헬스장,계약해제.해지/위약금
2023046439,2023-09-10,남자,30 - 39세,경기도,일반판매,헬스장,계약해제.해지/위약금
2023046440,2023-09-10,남자,30 - 39세,서울특별시,기타통신판매,일반이사운송서비스,품질(물품/용역)
2023046441,2023-09-10,남자,30 - 39세,서울특별시,기타,의상대여(렌트),청약철회
2023046442,2023-09-10,남자,30 - 39세,경기도,기타,아파트,AS불만
2023046443,2023-09-10,여자,65 - 69세,경기도,일반판매,안마의자,AS불만
2023046444,2023-09-10,여자,20 - 29세,경기도,방문판매,헬스장,계약해제.해지/위약금
2023046445,2023-09-10,남자,30 - 39세,인천광역시,기타,기타인테리어설비,품질(물품/용역)
2023046446,2023-09-10,남자,40 - 49세,경기도,일반판매,스키용품,품질(물품/용역)
2023046447,2023-09-10,남자,40 - 49세,서울특별시,국내온라인거래,모바일정보이용서비스,계약해제.해지/위약금
2023046449,2023-09-10,남자,30 - 39세,경기도,국내온라인거래,장난감총,계약불이행(불완전이행)
2023046450,2023-09-10,여자,40 - 49세,전라북도,일반판매,시스템에어컨,계약불이행(불완전이행)
2023046451,2023-09-10,남자,30 - 39세,경기도,국내온라인거래,블라인드,품질(물품/용역)
2023046452,2023-09-10,남자,30 - 39세,경기도,국내온라인거래,의자,품질(물품/용역)
2023046453,2023-09-10,남자,50 - 59세,경기도,일반판매,가스에어컨,품질(물품/용역)
2023046454,2023-09-10,여자,40 - 49세,서울특별시,국제온라인거래,호텔,청약철회
2023046455,2023-09-10,남자,20 - 29세,경기도,모바일거래,모바일정보이용서비스,계약해제.해지/위약금
2023046456,2023-09-10,남자,30 - 39세,경기도,기타,기타인테리어설비,계약불이행(불완전이행)
2023046458,2023-09-11,남자,60 - 64세,경상남도,일반판매,택배화물운송서비스,계약불이행(불완전이행)
2023046459,2023-09-11,남자,30 - 39세,경기도,일반판매,양복(서양식 의복)세탁,품질(물품/용역)
2023046460,2023-09-11,남자,20 - 29세,전라남도,일반판매,건강(암·기타질병)보험,약관
2023046461,2023-09-11,남자,70 - 79세,부산광역시,일반판매,건강(암·기타질병)보험,약관
2023046462,2023-09-11,여자,70 - 79세,경상남도,일반판매,실손보험,약관
2023046463,2023-09-11,남자,30 - 39세,인천광역시,일반판매,국내결혼중개,계약해제.해지/위약금
2023046464,2023-09-11,여자,40 - 49세,서울특별시,모바일거래,카셰어링,계약해제.해지/위약금
2023046465,2023-09-11,여자,30 - 39세,인천광역시,국내온라인거래,기타숙박시설,표시.광고
2023046466,2023-09-11,여자,30 - 39세,서울특별시,일반판매,양복(서양식 의복)세탁,품질(물품/용역)
2023046467,2023-09-11,남자,70 - 79세,서울특별시,일반판매,전기자동차,계약해제.해지/위약금
2023046468,2023-09-11,여자,65 - 69세,전라남도,일반판매,상조서비스,가격.요금
2023046469,2023-09-11,여자,50 - 59세,경상남도,일반판매,실손보험,품질(물품/용역)
2023046470,2023-09-11,남자,60 - 64세,인천광역시,기타통신판매,국외여행,계약해제.해지/위약금
2023046471,2023-09-11,남자,20 - 29세,경기도,일반판매,자동차대여(렌트),AS불만
2023046472,2023-09-11,남자,40 - 49세,충청남도,모바일거래,기타민영보험,계약해제.해지/위약금
2023046473,2023-09-11,여자,40 - 49세,경기도,국내온라인거래,전기오븐,품질(물품/용역)
2023046474,2023-09-11,남자,30 - 39세,전라남도,국내온라인거래,양복(서양식 의복)세탁,품질(물품/용역)
2023046475,2023-09-11,남자,60 - 64세,충청남도,일반판매,기타묘목·모종·종자,품질(물품/용역)
2023046477,2023-09-11,여자,40 - 49세,서울특별시,일반판매,성형외과,계약해제.해지/위약금
2023046478,2023-09-11,남자,50 - 59세,전라남도,일반판매,룸에어컨,가격.요금
2023046479,2023-09-11,여자,40 - 49세,전라남도,일반판매,양복(서양식 의복)세탁,품질(물품/용역)
2023046480,2023-09-11,여자,40 - 49세,제주도,일반판매,연립주택,품질(물품/용역)
2023046481,2023-09-11,남자,60 - 64세,서울특별시,기타통신판매,포장이사운송서비스,계약불이행(불완전이행)
2023046483,2023-09-11,여자,40 - 49세,대전광역시,국내온라인거래,양복(서양식 의복)세탁,품질(물품/용역)
2023046484,2023-09-11,여자,60 - 64세,전라남도,국내온라인거래,샌들·슬리퍼,품질(물품/용역)
2023046485,2023-09-11,여자,20 - 29세,서울특별시,국내온라인거래,양복(서양식 의복)세탁,품질(물품/용역)
2023046486,2023-09-11,여자,불명,인천광역시,일반판매,아파트,계약불이행(불완전이행)
2023046487,2023-09-11,남자,20 - 29세,서울특별시,국내온라인거래,인터넷게임서비스,청약철회
2023046488,2023-09-11,남자,40 - 49세,인천광역시,일반판매,아파트,계약불이행(불완전이행)
2023046489,2023-09-11,여자,30 - 39세,서울특별시,모바일거래,카셰어링,계약불이행(불완전이행)
2023046490,2023-09-11,남자,30 - 39세,서울특별시,국내온라인거래,카메라부품·용품,청약철회
2023046491,2023-09-11,남자,40 - 49세,서울특별시,일반판매,아파트,계약불이행(불완전이행)
2023046492,2023-09-11,남자,40 - 49세,대전광역시,일반판매,자동차수리·점검,AS불만
2023046493,2023-09-11,여자,30 - 39세,경기도,국내온라인거래,항공여객운송서비스,계약불이행(불완전이행)
2023046494,2023-09-11,여자,불명,경기도,일반판매,핸드백,품질(물품/용역)
2023046496,2023-09-11,여자,50 - 59세,경기도,일반판매,핸드백,품질(물품/용역)
2023046497,2023-09-11,여자,20 - 29세,경기도,일반판매,헬스장,계약해제.해지/위약금
2023046498,2023-09-11,남자,30 - 39세,충청북도,국내온라인거래,항공여객운송서비스,계약해제.해지/위약금
2023046499,2023-09-11,여자,60 - 64세,경기도,기타,공중목욕탕,약관
2023046500,2023-09-11,남자,30 - 39세,울산광역시,국내온라인거래,기타통신기기,계약불이행(불완전이행)
2023046501,2023-09-11,남자,50 - 59세,경기도,일반판매,자동차수리·점검,부당행위
2023046502,2023-09-11,여자,40 - 49세,경기도,기타,유사투자자문,계약해제.해지/위약금
2023046503,2023-09-11,여자,40 - 49세,경기도,국내온라인거래,샌들·슬리퍼,품질(물품/용역)
2023046504,2023-09-11,여자,불명,인천광역시,일반판매,안마의자,AS불만
2023046505,2023-09-11,남자,50 - 59세,경기도,일반판매,이동전화서비스,계약불이행(불완전이행)
2023046507,2023-09-11,남자,30 - 39세,경기도,일반판매,헬스장,계약해제.해지/위약금
2023046508,2023-09-11,남자,50 - 59세,전라북도,일반판매,자동차세차,부당행위
2023046509,2023-09-11,여자,65 - 69세,전라남도,일반판매,건강(암·기타질병)보험,품질(물품/용역)
2023046510,2023-09-11,여자,40 - 49세,서울특별시,일반판매,헬스장,계약해제.해지/위약금
2023046511,2023-09-11,여자,50 - 59세,경기도,일반판매,기타행정서비스,계약불이행(불완전이행)
2023046512,2023-09-11,남자,60 - 64세,대구광역시,일반판매,상해보험,약관
2023046514,2023-09-11,남자,60 - 64세,서울특별시,TV홈쇼핑,신사화(구두·부츠 등),품질(물품/용역)
2023046515,2023-09-11,남자,70 - 79세,대구광역시,일반판매,이동전화서비스,계약불이행(불완전이행)
2023046516,2023-09-11,남자,30 - 39세,광주광역시,국내온라인거래,운동화,품질(물품/용역)
2023046517,2023-09-11,여자,30 - 39세,경상북도,일반판매,샌들·슬리퍼,품질(물품/용역)
2023046518,2023-09-11,남자,30 - 39세,부산광역시,일반판매,아동화,품질(물품/용역)
2023046519,2023-09-11,여자,50 - 59세,경기도,일반판매,캐주얼바지,품질(물품/용역)
2023046520,2023-09-11,남자,50 - 59세,경기도,국내온라인거래,노트북컴퓨터,품질(물품/용역)
2023046521,2023-09-11,여자,30 - 39세,경기도,모바일거래,기타의료서비스,품질(물품/용역)
2023046522,2023-09-11,여자,30 - 39세,강원특별자치도,국내온라인거래,신유형상품권,부당행위
2023046523,2023-09-11,여자,40 - 49세,경기도,기타,"OTT서비스(넷플릭스,왓챠 등)",가격.요금
2023046524,2023-09-11,여자,30 - 39세,서울특별시,기타,호텔,계약불이행(불완전이행)
2023046525,2023-09-11,여자,40 - 49세,인천광역시,기타,한의원,계약해제.해지/위약금
2023046526,2023-09-11,여자,50 - 59세,서울특별시,일반판매,인터넷교육서비스,계약해제.해지/위약금
2023046527,2023-09-11,남자,30 - 39세,부산광역시,국내온라인거래,인터넷교육서비스,약관
2023046528,2023-09-11,남자,불명,서울특별시,소셜커머스(쇼핑),기타건강식품,계약불이행(불완전이행)
2023046529,2023-09-11,여자,20 - 29세,경기도,일반판매,외식,품질(물품/용역)
2023046530,2023-09-11,남자,불명,경기도,국내온라인거래,모자,청약철회
2023046531,2023-09-11,남자,50 - 59세,경상남도,기타,인터넷정보이용서비스,부당행위
2023046532,2023-09-11,여자,40 - 49세,경기도,소셜커머스(쇼핑),김치냉장고,품질(물품/용역)
2023046533,2023-09-11,여자,70 - 79세,서울특별시,일반판매,국외여행,계약해제.해지/위약금
2023046534,2023-09-11,남자,50 - 59세,서울특별시,국내온라인거래,도어록,계약불이행(불완전이행)
2023046535,2023-09-11,여자,30 - 39세,강원특별자치도,일반판매,헬스장,계약해제.해지/위약금
2023046536,2023-09-11,여자,50 - 59세,경기도,기타통신판매,초고속인터넷,부당행위
2023046538,2023-09-11,여자,40 - 49세,경기도,방문판매,방문교육,계약해제.해지/위약금
2023046539,2023-09-11,여자,70 - 79세,서울특별시,일반판매,소파,품질(물품/용역)
2023046540,2023-09-11,여자,30 - 39세,세종특별자치시,일반판매,양복(서양식 의복)세탁,품질(물품/용역)
2023046541,2023-09-11,여자,20 - 29세,경기도,모바일거래,영화관람,계약해제.해지/위약금
2023046542,2023-09-11,남자,50 - 59세,서울특별시,모바일거래,자동차주차장,청약철회
2023046543,2023-09-11,남자,40 - 49세,부산광역시,일반판매,제조물·생산및영업배상보험,계약불이행(불완전이행)
2023046544,2023-09-11,남자,40 - 49세,울산광역시,소셜커머스(쇼핑),전기진공청소기,품질(물품/용역)
2023046545,2023-09-11,여자,30 - 39세,경기도,방문판매,헬스장,계약해제.해지/위약금
2023046546,2023-09-11,남자,40 - 49세,충청남도,기타,미분류대여(렌트),계약해제.해지/위약금
2023046547,2023-09-11,여자,50 - 59세,서울특별시,일반판매,정형외과,품질(물품/용역)
2023046548,2023-09-11,남자,불명,강원특별자치도,기타,택배화물운송서비스,가격.요금
2023046549,2023-09-11,여자,30 - 39세,경기도,국내온라인거래,항공여객운송서비스,계약해제.해지/위약금
2023046550,2023-09-11,여자,30 - 39세,경기도,일반판매,피부·체형관리서비스,계약해제.해지/위약금
2023046551,2023-09-11,여자,30 - 39세,충청남도,국내온라인거래,기타신변용품,품질(물품/용역)
2023046552,2023-09-11,여자,20 - 29세,서울특별시,국내온라인거래,영화관람,청약철회
2023046553,2023-09-11,남자,30 - 39세,광주광역시,기타,기타세탁서비스,품질(물품/용역)
2023046554,2023-09-11,여자,20 - 29세,대전광역시,방문판매,필라테스,계약해제.해지/위약금
2023046555,2023-09-11,여자,30 - 39세,경기도,일반판매,스프링매트리스,계약해제.해지/위약금
2023046556,2023-09-11,여자,30 - 39세,충청북도,일반판매,애완견,청약철회
2023046557,2023-09-11,여자,30 - 39세,인천광역시,기타,항공여객운송서비스,계약불이행(불완전이행)
2023046558,2023-09-11,여자,30 - 39세,경상북도,기타통신판매,기타예식관련서비스,계약불이행(불완전이행)
2023046559,2023-09-11,남자,50 - 59세,경상남도,일반판매,기타이동통신,계약해제.해지/위약금
2023046560,2023-09-11,남자,40 - 49세,경기도,기타,신사복하의,품질(물품/용역)
2023046561,2023-09-11,남자,65 - 69세,충청남도,국내온라인거래,오징어,청약철회
2023046562,2023-09-11,여자,20 - 29세,서울특별시,국내온라인거래,기타정보이용서비스,계약해제.해지/위약금
2023046563,2023-09-11,남자,30 - 39세,인천광역시,국내온라인거래,무선인터넷,약관
2023046564,2023-09-11,남자,50 - 59세,충청북도,소셜커머스(쇼핑),포도,표시.광고
2023046565,2023-09-11,남자,20 - 29세,서울특별시,국내온라인거래,메인보드,품질(물품/용역)
2023046566,2023-09-11,남자,30 - 39세,서울특별시,국내온라인거래,모형완구,계약불이행(불완전이행)
2023046567,2023-09-11,여자,30 - 39세,부산광역시,방문판매,학습지,계약해제.해지/위약금
2023046568,2023-09-11,남자,20 - 29세,인천광역시,일반판매,종합체육시설회원권,계약해제.해지/위약금
2023046569,2023-09-11,여자,20 - 29세,광주광역시,기타통신판매,식사배달,계약불이행(불완전이행)
2023046570,2023-09-11,여자,30 - 39세,서울특별시,국제온라인거래,항공여객운송서비스,청약철회
2023046571,2023-09-11,여자,30 - 39세,서울특별시,일반판매,헬스장,계약해제.해지/위약금
2023046572,2023-09-11,여자,30 - 39세,서울특별시,일반판매,기타이·미용서비스,품질(물품/용역)
2023046573,2023-09-11,여자,30 - 39세,대구광역시,기타,기타인테리어설비,계약불이행(불완전이행)
2023046574,2023-09-11,남자,40 - 49세,경기도,기타,택배화물운송서비스,계약불이행(불완전이행)
2023046575,2023-09-11,여자,20 - 29세,서울특별시,일반판매,피부·체형관리서비스,품질(물품/용역)
2023046576,2023-09-11,여자,50 - 59세,경기도,모바일거래,다이어트식품,품질(물품/용역)
2023046577,2023-09-11,여자,30 - 39세,서울특별시,일반판매,외식,안전(제품/시설)
2023046578,2023-09-11,여자,40 - 49세,경기도,국내온라인거래,TV,품질(물품/용역)
2023046579,2023-09-11,여자,30 - 39세,서울특별시,일반판매,기타이·미용서비스,품질(물품/용역)
2023046580,2023-09-11,남자,40 - 49세,전라남도,국내온라인거래,국제결혼중개,계약해제.해지/위약금
2023046581,2023-09-11,여자,30 - 39세,서울특별시,국내온라인거래,항공여객운송서비스,계약불이행(불완전이행)
2023046582,2023-09-11,여자,20 - 29세,서울특별시,일반판매,테니스장스쿼시회원권,계약해제.해지/위약금
2023046583,2023-09-11,남자,20 - 29세,경기도,국내온라인거래,기타통신기기,계약불이행(불완전이행)
2023046584,2023-09-11,남자,60 - 64세,서울특별시,국내온라인거래,TV,청약철회
2023046585,2023-09-11,여자,20 - 29세,충청북도,국내온라인거래,기타간편복,계약해제.해지/위약금
2023046586,2023-09-11,여자,30 - 39세,서울특별시,국내온라인거래,노트북컴퓨터,청약철회
2023046587,2023-09-11,여자,20 - 29세,경기도,국내온라인거래,필라테스,계약해제.해지/위약금
2023046588,2023-09-11,여자,40 - 49세,경기도,기타,인터넷교육서비스,계약불이행(불완전이행)
2023046589,2023-09-11,남자,30 - 39세,대구광역시,일반판매,기타인테리어설비,계약불이행(불완전이행)
2023046590,2023-09-11,여자,30 - 39세,서울특별시,국내온라인거래,샌들·슬리퍼,청약철회
2023046591,2023-09-11,남자,40 - 49세,경기도,전화권유판매,침대·매트리스대여(렌트),계약불이행(불완전이행)
2023046592,2023-09-11,여자,40 - 49세,대전광역시,일반판매,헬스장,계약해제.해지/위약금
2023046593,2023-09-11,여자,20 - 29세,서울특별시,기타통신판매,인터넷정보이용서비스,계약해제.해지/위약금
2023046594,2023-09-11,남자,40 - 49세,경기도,일반판매,골프회원권,계약해제.해지/위약금
2023046595,2023-09-11,여자,20 - 29세,인천광역시,국내온라인거래,기타숙박시설,계약해제.해지/위약금
2023046596,2023-09-11,남자,50 - 59세,서울특별시,국내온라인거래,국외여행,계약불이행(불완전이행)
2023046597,2023-09-11,여자,20 - 29세,대구광역시,기타,결혼준비대행서비스,계약해제.해지/위약금
2023046598,2023-09-11,여자,30 - 39세,경기도,모바일거래,건물청소서비스,계약불이행(불완전이행)
2023046599,2023-09-11,여자,30 - 39세,충청남도,일반판매,기타숙박시설,부당행위
2023046600,2023-09-11,여자,50 - 59세,부산광역시,국제온라인거래,보석·귀금속,청약철회
2023046601,2023-09-11,남자,20 - 29세,경기도,기타,사진촬영,계약해제.해지/위약금
2023046602,2023-09-11,여자,30 - 39세,서울특별시,국내온라인거래,정수기,AS불만
2023046603,2023-09-11,여자,30 - 39세,경기도,국내온라인거래,기타음료,청약철회
2023046604,2023-09-11,여자,30 - 39세,충청남도,소셜커머스(쇼핑),기타간편복,계약해제.해지/위약금
2023046605,2023-09-11,여자,50 - 59세,대전광역시,일반판매,헬스장,계약해제.해지/위약금
2023046606,2023-09-11,여자,20 - 29세,서울특별시,일반판매,헬스장,계약해제.해지/위약금
2023046607,2023-09-11,남자,30 - 39세,경기도,일반판매,인터넷게임서비스,청약철회
2023046608,2023-09-11,여자,30 - 39세,제주도,국내온라인거래,항공여객운송서비스,부당행위
2023046609,2023-09-11,남자,50 - 59세,대구광역시,모바일거래,국외여행,가격.요금
2023046610,2023-09-11,여자,20 - 29세,충청남도,일반판매,헬스장,계약해제.해지/위약금
2023046611,2023-09-11,여자,30 - 39세,경기도,기타,정수기,AS불만
2023046612,2023-09-11,여자,30 - 39세,경기도,기타통신판매,식탁,계약불이행(불완전이행)
2023046613,2023-09-11,남자,40 - 49세,대전광역시,기타,택배화물운송서비스,계약불이행(불완전이행)
2023046614,2023-09-11,여자,20 - 29세,대전광역시,국내온라인거래,항공여객운송서비스,계약불이행(불완전이행)
2023046615,2023-09-11,남자,30 - 39세,광주광역시,국내온라인거래,책장·서가,청약철회
2023046616,2023-09-11,여자,20 - 29세,경기도,국내온라인거래,영화관람,청약철회
2023046617,2023-09-11,여자,60 - 64세,서울특별시,기타,냉장고,AS불만
2023046618,2023-09-11,여자,20 - 29세,인천광역시,일반판매,헬스장,계약해제.해지/위약금
2023046619,2023-09-11,여자,30 - 39세,부산광역시,모바일거래,사진촬영,계약불이행(불완전이행)
2023046620,2023-09-11,여자,30 - 39세,울산광역시,방문판매,학습지,계약해제.해지/위약금
2023046621,2023-09-11,남자,40 - 49세,서울특별시,방문판매,국내결혼중개,계약해제.해지/위약금
2023046622,2023-09-11,여자,40 - 49세,서울특별시,국내온라인거래,항공여객운송서비스,계약해제.해지/위약금
2023046623,2023-09-11,여자,20 - 29세,인천광역시,방문판매,헬스장,계약해제.해지/위약금
2023046624,2023-09-11,여자,40 - 49세,서울특별시,국내온라인거래,항공여객운송서비스,계약해제.해지/위약금
2023046625,2023-09-11,남자,30 - 39세,경기도,일반판매,헬스장,계약해제.해지/위약금
2023046626,2023-09-11,남자,50 - 59세,경기도,일반판매,보석·귀금속,AS불만
2023046627,2023-09-11,여자,30 - 39세,경기도,방문판매,각종자격취득강습,계약해제.해지/위약금
2023046628,2023-09-11,남자,50 - 59세,광주광역시,전화권유판매,복권,계약불이행(불완전이행)
2023046629,2023-09-11,여자,30 - 39세,서울특별시,국내온라인거래,헤어드라이어,계약불이행(불완전이행)
2023046630,2023-09-11,남자,40 - 49세,경기도,국내온라인거래,퍼스널컴퓨터,품질(물품/용역)
2023046631,2023-09-11,여자,40 - 49세,서울특별시,방문판매,콘도회원권,계약해제.해지/위약금
2023046632,2023-09-11,여자,20 - 29세,서울특별시,일반판매,헬스장,계약불이행(불완전이행)
2023046633,2023-09-11,여자,60 - 64세,서울특별시,일반판매,캐주얼바지,품질(물품/용역)
2023046634,2023-09-11,여자,20 - 29세,경기도,국내온라인거래,기타문화·오락시설이용,계약해제.해지/위약금
2023046635,2023-09-11,남자,50 - 59세,서울특별시,기타,도시가스,거래관행
2023046636,2023-09-11,남자,30 - 39세,강원특별자치도,일반판매,초고속인터넷,계약해제.해지/위약금
2023046637,2023-09-11,남자,30 - 39세,인천광역시,일반판매,"연회서비스(돌잔치,회갑 등)",계약해제.해지/위약금
2023046638,2023-09-11,남자,50 - 59세,충청남도,국내온라인거래,쌀,계약불이행(불완전이행)
2023046639,2023-09-11,남자,30 - 39세,서울특별시,국내온라인거래,시계,품질(물품/용역)
2023046640,2023-09-11,여자,20 - 29세,경기도,일반판매,미용서비스,품질(물품/용역)
2023046641,2023-09-11,남자,40 - 49세,충청북도,기타,피부·체형관리서비스,계약해제.해지/위약금
2023046642,2023-09-11,남자,40 - 49세,서울특별시,국내온라인거래,운동화,품질(물품/용역)
2023046643,2023-09-11,남자,50 - 59세,대구광역시,일반판매,중형승용자동차,품질(물품/용역)
2023046644,2023-09-11,여자,30 - 39세,경기도,전화권유판매,국내결혼중개,품질(물품/용역)
2023046645,2023-09-11,남자,40 - 49세,서울특별시,국내온라인거래,기타가방,이자.수수료
2023046646,2023-09-11,남자,40 - 49세,서울특별시,국내온라인거래,펜션,계약해제.해지/위약금
2023046647,2023-09-11,남자,50 - 59세,서울특별시,국내온라인거래,항공여객운송서비스,가격.요금
2023046648,2023-09-11,남자,65 - 69세,경기도,전화권유판매,아파트,계약해제.해지/위약금
2023046649,2023-09-11,여자,50 - 59세,광주광역시,일반판매,포장이사운송서비스,품질(물품/용역)
2023046650,2023-09-11,남자,50 - 59세,경기도,국내온라인거래,소프트웨어,계약해제.해지/위약금
2023046651,2023-09-11,여자,40 - 49세,경기도,기타통신판매,포장이사운송서비스,계약불이행(불완전이행)
2023046652,2023-09-11,남자,60 - 64세,대전광역시,일반판매,유선방송,계약해제.해지/위약금
2023046653,2023-09-11,남자,30 - 39세,경상북도,일반판매,예식서비스,계약해제.해지/위약금
2023046654,2023-09-11,여자,50 - 59세,경기도,국내온라인거래,핸드백,청약철회
2023046655,2023-09-11,남자,60 - 64세,부산광역시,국내온라인거래,국외여행,부당행위
2023046656,2023-09-11,남자,30 - 39세,서울특별시,기타통신판매,포장이사운송서비스,계약불이행(불완전이행)
2023046657,2023-09-11,여자,60 - 64세,세종특별자치시,일반판매,변호서비스,가격.요금
2023046658,2023-09-11,남자,30 - 39세,대구광역시,국내온라인거래,각종공연관람,청약철회
2023046659,2023-09-11,남자,50 - 59세,충청북도,소셜커머스(쇼핑),전기장판,계약불이행(불완전이행)
2023046660,2023-09-11,남자,50 - 59세,세종특별자치시,기타,초고속인터넷,계약해제.해지/위약금
2023046661,2023-09-11,여자,30 - 39세,전라북도,일반판매,일반강습(입시학원등),계약해제.해지/위약금
2023046662,2023-09-11,여자,40 - 49세,경기도,국내온라인거래,티셔츠,청약철회
2023046663,2023-09-11,여자,20 - 29세,경기도,소셜커머스(쇼핑),물안경,품질(물품/용역)
2023046664,2023-09-12,여자,40 - 49세,경기도,국내온라인거래,서랍장,품질(물품/용역)
2023046665,2023-09-12,여자,70 - 79세,경기도,일반판매,냉장고,품질(물품/용역)
2023046666,2023-09-12,남자,40 - 49세,충청남도,기타통신판매,이동전화서비스,품질(물품/용역)
2023046667,2023-09-12,여자,20 - 29세,울산광역시,일반판매,기타예식관련서비스,계약불이행(불완전이행)
2023046669,2023-09-12,남자,50 - 59세,전라남도,일반판매,중형승용자동차,품질(물품/용역)
2023046670,2023-09-12,여자,30 - 39세,경기도,국내온라인거래,외식,계약불이행(불완전이행)
2023046671,2023-09-12,여자,40 - 49세,경기도,소셜커머스(쇼핑),티셔츠,청약철회
2023046672,2023-09-12,남자,30 - 39세,대구광역시,일반판매,포장이사운송서비스,계약불이행(불완전이행)
2023046673,2023-09-12,남자,30 - 39세,서울특별시,국내온라인거래,항공여객운송서비스,계약불이행(불완전이행)
2023046674,2023-09-12,여자,60 - 64세,경기도,국내온라인거래,도어,계약불이행(불완전이행)
2023046675,2023-09-12,남자,30 - 39세,경기도,일반판매,전기자전거,AS불만
2023046676,2023-09-12,남자,65 - 69세,서울특별시,국내온라인거래,기타건강식품,표시.광고
2023046677,2023-09-12,남자,30 - 39세,부산광역시,국내온라인거래,기타자동차부품,계약불이행(불완전이행)
2023046678,2023-09-12,여자,20 - 29세,인천광역시,국제온라인거래,CD·LD·DVD(영화·음악·게임),계약불이행(불완전이행)
2023046679,2023-09-12,여자,30 - 39세,경기도,방문판매,헬스장,계약해제.해지/위약금
2023046680,2023-09-12,남자,50 - 59세,경기도,일반판매,묘지설비,계약해제.해지/위약금
2023046681,2023-09-12,남자,30 - 39세,경기도,일반판매,소독기,안전(제품/시설)
2023046682,2023-09-12,남자,20 - 29세,경기도,국내온라인거래,노트북컴퓨터,청약철회
2023046683,2023-09-12,여자,40 - 49세,서울특별시,일반판매,헬스장,계약불이행(불완전이행)
2023046685,2023-09-12,남자,20 - 29세,충청남도,국내온라인거래,컴퓨터모니터(데스크탑),품질(물품/용역)
2023046686,2023-09-12,남자,40 - 49세,대전광역시,소셜커머스(쇼핑),레저시설이용,계약불이행(불완전이행)
2023046687,2023-09-12,남자,30 - 39세,충청남도,기타통신판매,스마트폰,품질(물품/용역)
2023046688,2023-09-12,남자,40 - 49세,서울특별시,기타,작동완구,품질(물품/용역)
2023046689,2023-09-12,남자,40 - 49세,울산광역시,기타통신판매,브레이크,계약불이행(불완전이행)
2023046690,2023-09-12,남자,65 - 69세,경상북도,일반판매,자동차수리·점검,AS불만
2023046691,2023-09-12,남자,40 - 49세,부산광역시,일반판매,대형승용자동차,안전(제품/시설)
2023046692,2023-09-12,남자,40 - 49세,서울특별시,국내온라인거래,차량네비게이션(자동항법장치),청약철회
2023046693,2023-09-12,남자,40 - 49세,경기도,국내온라인거래,마우스,AS불만
2023046694,2023-09-12,여자,20 - 29세,경기도,일반판매,헬스장,계약해제.해지/위약금
2023046695,2023-09-12,여자,70 - 79세,경상남도,전화권유판매,다이어트식품,품질(물품/용역)
2023046696,2023-09-12,남자,30 - 39세,경기도,일반판매,골프회원권,계약해제.해지/위약금
2023046697,2023-09-12,여자,40 - 49세,울산광역시,방문판매,인터넷교육서비스,계약해제.해지/위약금
2023046698,2023-09-12,남자,20 - 29세,부산광역시,일반판매,사진촬영,계약불이행(불완전이행)
2023046699,2023-09-12,여자,40 - 49세,경기도,소셜커머스(쇼핑),초음파방충기,계약불이행(불완전이행)
2023046700,2023-09-12,남자,30 - 39세,경기도,기타통신판매,스마트폰,품질(물품/용역)
2023046701,2023-09-12,여자,40 - 49세,광주광역시,기타,성형외과,품질(물품/용역)
2023046702,2023-09-12,여자,40 - 49세,경기도,모바일거래,영화관람,청약철회
2023046703,2023-09-12,여자,30 - 39세,부산광역시,일반판매,피부과,계약해제.해지/위약금
2023046704,2023-09-12,여자,40 - 49세,경기도,국내온라인거래,양복(서양식 의복)세탁,품질(물품/용역)
2023046705,2023-09-12,여자,30 - 39세,경기도,일반판매,아파트,계약불이행(불완전이행)
2023046706,2023-09-12,여자,30 - 39세,서울특별시,일반판매,국내결혼중개,계약해제.해지/위약금
2023046707,2023-09-12,여자,20 - 29세,서울특별시,일반판매,양복(서양식 의복)세탁,품질(물품/용역)
2023046708,2023-09-12,여자,20 - 29세,경기도,국내온라인거래,코트,품질(물품/용역)
2023046709,2023-09-12,여자,40 - 49세,서울특별시,일반판매,양복(서양식 의복)세탁,AS불만
2023046710,2023-09-12,남자,40 - 49세,서울특별시,일반판매,티셔츠,품질(물품/용역)
2023046711,2023-09-12,남자,20 - 29세,광주광역시,모바일거래,호텔,계약해제.해지/위약금
2023046712,2023-09-12,남자,30 - 39세,인천광역시,방문판매,아파트,계약불이행(불완전이행)
2023046713,2023-09-12,여자,20 - 29세,대전광역시,기타통신판매,다이어트식품,청약철회
2023046716,2023-09-12,여자,20 - 29세,경기도,모바일거래,헬스장,계약해제.해지/위약금
2023046717,2023-09-12,남자,40 - 49세,서울특별시,기타,아파트,계약불이행(불완전이행)
2023046719,2023-09-12,남자,40 - 49세,경기도,일반판매,오토바이,계약해제.해지/위약금
2023046720,2023-09-12,남자,40 - 49세,경기도,일반판매,자동차수리·점검,AS불만
2023046721,2023-09-12,남자,50 - 59세,강원특별자치도,국내온라인거래,기타숙박시설,계약해제.해지/위약금
2023046722,2023-09-12,여자,60 - 64세,서울특별시,국내온라인거래,기타의료용구,AS불만
2023046723,2023-09-12,여자,60 - 64세,충청남도,국내온라인거래,프린터잉크,계약불이행(불완전이행)
2023046725,2023-09-12,남자,30 - 39세,서울특별시,국내온라인거래,책장·서가,계약불이행(불완전이행)
2023046726,2023-09-12,남자,30 - 39세,광주광역시,국내온라인거래,기타자동차용품,계약불이행(불완전이행)
2023046727,2023-09-12,남자,40 - 49세,부산광역시,일반판매,사무용가방,품질(물품/용역)
2023046729,2023-09-12,남자,불명,인천광역시,국내온라인거래,운동화,계약불이행(불완전이행)
2023046730,2023-09-12,여자,30 - 39세,서울특별시,일반판매,현상·인화,품질(물품/용역)
2023046731,2023-09-12,남자,30 - 39세,경기도,소셜커머스(쇼핑),기타자동차용품,계약불이행(불완전이행)
2023046732,2023-09-12,여자,40 - 49세,서울특별시,일반판매,피부·체형관리서비스,계약해제.해지/위약금
2023046733,2023-09-12,여자,40 - 49세,경기도,일반판매,헬스장,계약해제.해지/위약금
2023046734,2023-09-12,여자,30 - 39세,서울특별시,일반판매,피부·체형관리서비스,계약해제.해지/위약금
2023046735,2023-09-12,남자,40 - 49세,경기도,국내온라인거래,항공여객운송서비스,계약불이행(불완전이행)
2023046736,2023-09-12,남자,40 - 49세,대전광역시,국내온라인거래,인터넷교육서비스,계약해제.해지/위약금
2023046737,2023-09-12,남자,40 - 49세,경기도,국내온라인거래,인터넷정보이용서비스,계약불이행(불완전이행)
2023046738,2023-09-12,여자,40 - 49세,울산광역시,국내온라인거래,보석·귀금속,품질(물품/용역)
2023046739,2023-09-12,여자,30 - 39세,경기도,모바일거래,립스틱,청약철회
2023046740,2023-09-12,여자,10 - 19세,전라북도,일반판매,미용서비스,계약불이행(불완전이행)
2023046741,2023-09-12,남자,65 - 69세,서울특별시,TV홈쇼핑,기타건강식품,품질(물품/용역)
2023046742,2023-09-12,남자,40 - 49세,서울특별시,일반판매,티셔츠,품질(물품/용역)
2023046743,2023-09-12,남자,40 - 49세,경기도,일반판매,타이어,계약불이행(불완전이행)
2023046744,2023-09-12,남자,30 - 39세,인천광역시,모바일거래,헬스장,계약해제.해지/위약금
2023046745,2023-09-12,남자,50 - 59세,경기도,일반판매,건강(암·기타질병)보험,계약불이행(불완전이행)
2023046746,2023-09-12,여자,30 - 39세,경상북도,방문판매,정수기대여(렌트),계약해제.해지/위약금
2023046747,2023-09-12,여자,30 - 39세,충청북도,국내온라인거래,레저시설이용,청약철회
2023046748,2023-09-12,여자,70 - 79세,부산광역시,기타통신판매,위성방송,품질(물품/용역)
2023046749,2023-09-12,남자,60 - 64세,경상남도,모바일거래,모바일정보이용서비스,계약해제.해지/위약금
2023046751,2023-09-12,남자,30 - 39세,부산광역시,전화권유판매,인터넷정보이용서비스,계약해제.해지/위약금
2023046752,2023-09-12,여자,50 - 59세,충청북도,일반판매,핸드백,품질(물품/용역)
2023046753,2023-09-12,남자,30 - 39세,서울특별시,일반판매,창고보관서비스,계약불이행(불완전이행)
2023046754,2023-09-12,남자,65 - 69세,서울특별시,일반판매,전기밥솥,품질(물품/용역)
2023046755,2023-09-12,여자,30 - 39세,경기도,국내온라인거래,기타가방,품질(물품/용역)
2023046756,2023-09-12,여자,30 - 39세,서울특별시,국내온라인거래,보석·귀금속,계약불이행(불완전이행)
2023046757,2023-09-12,남자,불명,부산광역시,소셜커머스(쇼핑),기타문화·오락시설이용,계약해제.해지/위약금
2023046758,2023-09-12,남자,30 - 39세,인천광역시,기타통신판매,인터넷교육서비스,청약철회
2023046759,2023-09-12,여자,65 - 69세,부산광역시,전화권유판매,초고속인터넷,계약불이행(불완전이행)
2023046760,2023-09-12,여자,30 - 39세,경기도,국내온라인거래,항공여객운송서비스,청약철회
2023046761,2023-09-12,남자,30 - 39세,대전광역시,국내온라인거래,인터넷정보이용서비스,표시.광고
2023046762,2023-09-12,여자,30 - 39세,인천광역시,일반판매,피부·체형관리서비스,계약해제.해지/위약금
2023046763,2023-09-12,여자,50 - 59세,경기도,방문판매,여자용내의류,품질(물품/용역)
2023046764,2023-09-12,남자,30 - 39세,서울특별시,국내온라인거래,닭고기포장육,계약해제.해지/위약금
2023046765,2023-09-12,여자,50 - 59세,경기도,국내온라인거래,커튼레일,청약철회
2023046766,2023-09-12,여자,40 - 49세,서울특별시,기타통신판매,여행용가방,청약철회
2023046767,2023-09-12,남자,20 - 29세,전라남도,일반판매,자동차대여(렌트),계약해제.해지/위약금
2023046768,2023-09-12,여자,70 - 79세,광주광역시,일반판매,학습지,계약해제.해지/위약금
2023046770,2023-09-12,남자,(미입력),서울특별시,소셜커머스(쇼핑),캐주얼바지,청약철회
2023046771,2023-09-12,여자,20 - 29세,경기도,국내온라인거래,기타책상·테이블류,품질(물품/용역)
2023046772,2023-09-12,남자,30 - 39세,인천광역시,소셜커머스(쇼핑),콘도,청약철회
2023046773,2023-09-12,남자,30 - 39세,충청남도,다단계판매,기타건강식품,계약불이행(불완전이행)
2023046774,2023-09-12,여자,30 - 39세,대구광역시,방문판매,콘도회원권,계약해제.해지/위약금
2023046775,2023-09-12,남자,40 - 49세,서울특별시,기타,헬스장,계약해제.해지/위약금
2023046776,2023-09-12,여자,50 - 59세,경상남도,일반판매,마사지류,계약해제.해지/위약금
2023046777,2023-09-12,남자,40 - 49세,서울특별시,일반판매,미분류수리가공,품질(물품/용역)
2023046778,2023-09-12,여자,50 - 59세,경기도,기타통신판매,포장이사운송서비스,계약불이행(불완전이행)
2023046779,2023-09-12,여자,20 - 29세,경기도,모바일거래,수박,청약철회
2023046780,2023-09-12,남자,30 - 39세,경기도,전화권유판매,이동전화서비스,계약불이행(불완전이행)
2023046781,2023-09-12,남자,20 - 29세,광주광역시,국내온라인거래,스마트폰,품질(물품/용역)
2023046782,2023-09-12,남자,20 - 29세,광주광역시,국내온라인거래,티셔츠,청약철회
2023046783,2023-09-12,남자,30 - 39세,부산광역시,국내온라인거래,욕실설비,계약불이행(불완전이행)
2023046784,2023-09-12,여자,40 - 49세,인천광역시,다단계판매,인터넷교육서비스,계약해제.해지/위약금
2023046785,2023-09-12,여자,30 - 39세,서울특별시,국내온라인거래,코트,청약철회
2023046786,2023-09-12,남자,20 - 29세,인천광역시,국내온라인거래,기타문화·오락시설이용,청약철회
2023046787,2023-09-12,남자,50 - 59세,경기도,국내온라인거래,항공여객운송서비스,계약해제.해지/위약금
2023046788,2023-09-12,여자,20 - 29세,광주광역시,국내온라인거래,티셔츠,청약철회
2023046789,2023-09-12,여자,40 - 49세,전라남도,국내온라인거래,쌀,청약철회
2023046790,2023-09-12,남자,50 - 59세,전라북도,방문판매,국외여행,계약해제.해지/위약금
2023046791,2023-09-12,여자,30 - 39세,인천광역시,국내온라인거래,책상,계약불이행(불완전이행)
2023046792,2023-09-12,남자,40 - 49세,서울특별시,방문판매,기타주거관리설비,청약철회
2023046793,2023-09-12,남자,30 - 39세,경기도,기타통신판매,호텔,청약철회
2023046794,2023-09-12,여자,30 - 39세,경상북도,일반판매,일반강습(입시학원등),계약해제.해지/위약금
2023046795,2023-09-12,여자,20 - 29세,서울특별시,모바일거래,니트(스웨터),청약철회
2023046796,2023-09-12,여자,20 - 29세,세종특별자치시,일반판매,헬스장,계약해제.해지/위약금
2023046797,2023-09-12,남자,30 - 39세,서울특별시,일반판매,헬스장,계약해제.해지/위약금
2023046798,2023-09-12,여자,50 - 59세,서울특별시,국내온라인거래,전기세탁기,품질(물품/용역)
2023046799,2023-09-12,남자,30 - 39세,대전광역시,기타,기타이동통신,계약해제.해지/위약금
2023046800,2023-09-12,남자,30 - 39세,대구광역시,국내온라인거래,비데,품질(물품/용역)
2023046801,2023-09-12,여자,20 - 29세,서울특별시,일반판매,헬스장,계약해제.해지/위약금
2023046802,2023-09-12,여자,50 - 59세,강원특별자치도,일반판매,아파트,AS불만
2023046803,2023-09-12,여자,30 - 39세,경기도,일반판매,헬스장,계약해제.해지/위약금
2023046804,2023-09-12,여자,40 - 49세,경기도,국내온라인거래,단무지,청약철회
2023046805,2023-09-12,남자,30 - 39세,서울특별시,기타,"OTT서비스(넷플릭스,왓챠 등)",계약해제.해지/위약금
2023046806,2023-09-12,여자,20 - 29세,서울특별시,국내온라인거래,기타숙박시설,청약철회
2023046807,2023-09-12,남자,40 - 49세,전라남도,국내온라인거래,고구마,품질(물품/용역)
2023046808,2023-09-12,여자,40 - 49세,경기도,국내온라인거래,의자,표시.광고
2023046809,2023-09-12,남자,30 - 39세,세종특별자치시,기타통신판매,포장이사운송서비스,부당행위
2023046810,2023-09-12,여자,30 - 39세,서울특별시,국내온라인거래,점퍼·재킷류,청약철회
2023046811,2023-09-12,여자,20 - 29세,경기도,일반판매,일반강습(입시학원등),계약해제.해지/위약금
2023046812,2023-09-12,여자,40 - 49세,경기도,전화권유판매,기타매체광고,계약해제.해지/위약금
2023046813,2023-09-12,남자,30 - 39세,서울특별시,국내온라인거래,애완동물기타,부당행위
2023046814,2023-09-12,여자,50 - 59세,대구광역시,방문판매,공기청정기대여(렌트),계약불이행(불완전이행)
2023046815,2023-09-12,남자,30 - 39세,광주광역시,일반판매,냉장고,계약불이행(불완전이행)
2023046816,2023-09-12,여자,30 - 39세,서울특별시,국내온라인거래,일반강습(입시학원등),청약철회
2023046817,2023-09-12,여자,30 - 39세,서울특별시,국내온라인거래,건물청소서비스,계약해제.해지/위약금
2023046818,2023-09-12,여자,50 - 59세,서울특별시,기타통신판매,페인트,계약해제.해지/위약금
2023046819,2023-09-12,남자,30 - 39세,제주도,기타통신판매,택배화물운송서비스,AS불만
2023046820,2023-09-12,여자,20 - 29세,서울특별시,방문판매,요가,계약해제.해지/위약금
2023046821,2023-09-12,남자,30 - 39세,대구광역시,방문판매,기타인테리어설비,계약불이행(불완전이행)
2023046822,2023-09-12,여자,30 - 39세,서울특별시,국제온라인거래,호텔,계약해제.해지/위약금
2023046823,2023-09-12,여자,30 - 39세,경기도,국내온라인거래,항공여객운송서비스,계약불이행(불완전이행)
2023046824,2023-09-12,남자,40 - 49세,경기도,국내온라인거래,소프트웨어,계약해제.해지/위약금
2023046825,2023-09-12,남자,50 - 59세,서울특별시,일반판매,골프회원권,계약해제.해지/위약금
2023046827,2023-09-12,여자,30 - 39세,부산광역시,일반판매,미용서비스,계약불이행(불완전이행)
2023046828,2023-09-12,여자,20 - 29세,경상북도,기타,헬스장,계약불이행(불완전이행)
2023046829,2023-09-12,남자,30 - 39세,강원특별자치도,기타,시스템에어컨,품질(물품/용역)
2023046830,2023-09-12,여자,20 - 29세,서울특별시,국내온라인거래,항공여객운송서비스,계약불이행(불완전이행)
2023046831,2023-09-12,여자,50 - 59세,서울특별시,국내온라인거래,셔츠,청약철회
2023046832,2023-09-12,남자,20 - 29세,충청남도,일반판매,헬스장,계약해제.해지/위약금
2023046833,2023-09-12,여자,30 - 39세,부산광역시,국내온라인거래,모자,청약철회
2023046834,2023-09-12,여자,40 - 49세,충청북도,국내온라인거래,필기용구,계약불이행(불완전이행)
2023046835,2023-09-12,남자,30 - 39세,서울특별시,방문판매,헬스장,계약해제.해지/위약금
2023046836,2023-09-12,남자,60 - 64세,인천광역시,모바일거래,쇠고기,청약철회
2023046837,2023-09-12,여자,20 - 29세,경상남도,일반판매,헬스장,계약해제.해지/위약금
2023046838,2023-09-12,여자,20 - 29세,서울특별시,국내온라인거래,기타미분류물품,계약해제.해지/위약금
2023046839,2023-09-12,남자,30 - 39세,인천광역시,일반판매,기타세탁서비스,품질(물품/용역)
2023046840,2023-09-12,여자,30 - 39세,경기도,기타통신판매,포장이사운송서비스,계약불이행(불완전이행)
2023046841,2023-09-12,여자,40 - 49세,대구광역시,기타,기타인테리어설비,계약불이행(불완전이행)
2023046842,2023-09-12,남자,30 - 39세,대구광역시,일반판매,기타인테리어설비,계약불이행(불완전이행)
2023046843,2023-09-12,남자,50 - 59세,경기도,일반판매,항공여객운송서비스,계약불이행(불완전이행)
2023046844,2023-09-12,여자,20 - 29세,서울특별시,국내온라인거래,영화관람,청약철회
2023046845,2023-09-12,여자,30 - 39세,경기도,방문판매,필라테스,계약해제.해지/위약금
2023046847,2023-09-12,남자,30 - 39세,경기도,방문판매,기타회원권,계약해제.해지/위약금
2023046848,2023-09-12,여자,30 - 39세,서울특별시,국내온라인거래,CD·LD·DVD(영화·음악·게임),청약철회
2023046849,2023-09-12,여자,50 - 59세,부산광역시,일반판매,룸에어컨,부당행위
2023046850,2023-09-12,남자,30 - 39세,세종특별자치시,방문판매,필라테스,계약해제.해지/위약금
2023046851,2023-09-12,남자,40 - 49세,서울특별시,일반판매,애완견,계약불이행(불완전이행)
2023046852,2023-09-12,남자,30 - 39세,대구광역시,일반판매,기타인테리어설비,계약불이행(불완전이행)
2023046853,2023-09-12,여자,20 - 29세,인천광역시,국내온라인거래,헤드폰·이어폰,품질(물품/용역)
2023046854,2023-09-12,남자,50 - 59세,전라북도,일반판매,빵,안전(제품/시설)
2023046855,2023-09-12,남자,20 - 29세,서울특별시,방문판매,고시원이용,계약해제.해지/위약금
2023046856,2023-09-12,남자,40 - 49세,서울특별시,기타,아파트,품질(물품/용역)
2023046857,2023-09-12,여자,40 - 49세,인천광역시,국내온라인거래,가스레인지,청약철회
2023046858,2023-09-12,여자,20 - 29세,서울특별시,국내온라인거래,항공여객운송서비스,계약불이행(불완전이행)
2023046859,2023-09-12,여자,30 - 39세,충청북도,일반판매,예식서비스,계약해제.해지/위약금
2023046860,2023-09-12,여자,40 - 49세,대구광역시,일반판매,스마트폰,AS불만
2023046861,2023-09-12,남자,50 - 59세,서울특별시,기타,외식,안전(제품/시설)
2023046862,2023-09-12,남자,30 - 39세,서울특별시,일반판매,기타가구,품질(물품/용역)
2023046863,2023-09-12,남자,30 - 39세,경상남도,국내온라인거래,서랍장,품질(물품/용역)
2023046864,2023-09-12,여자,60 - 64세,경기도,전화권유판매,기타매체광고,청약철회
2023046865,2023-09-12,여자,30 - 39세,대구광역시,일반판매,기타예식관련서비스,계약불이행(불완전이행)
2023046866,2023-09-12,여자,40 - 49세,경기도,국내온라인거래,전문스포츠화(축구화·골프화 등),품질(물품/용역)
2023046867,2023-09-12,남자,30 - 39세,서울특별시,국내온라인거래,음식물처리기대여(렌트),계약해제.해지/위약금
2023046868,2023-09-12,여자,20 - 29세,경기도,방문판매,필라테스,계약불이행(불완전이행)
2023046869,2023-09-12,남자,40 - 49세,전라북도,TV홈쇼핑,TV,표시.광고
2023046870,2023-09-12,여자,40 - 49세,서울특별시,국내온라인거래,냉장고,AS불만
2023046871,2023-09-12,여자,20 - 29세,서울특별시,기타,헤어드라이어,품질(물품/용역)
2023046872,2023-09-12,여자,20 - 29세,경기도,국내온라인거래,기타가구,계약해제.해지/위약금
2023046873,2023-09-12,남자,20 - 29세,경기도,방문판매,컴퓨터수리,계약해제.해지/위약금
2023046874,2023-09-12,여자,50 - 59세,인천광역시,기타,포장이사운송서비스,품질(물품/용역)
2023046875,2023-09-12,여자,30 - 39세,서울특별시,소셜커머스(쇼핑),식기세척기,계약불이행(불완전이행)
2023046876,2023-09-12,여자,30 - 39세,충청남도,국제온라인거래,항공여객운송서비스,계약불이행(불완전이행)
2023046877,2023-09-12,남자,20 - 29세,경기도,모바일거래,항공여객운송서비스,계약해제.해지/위약금
2023046878,2023-09-12,여자,40 - 49세,부산광역시,방문판매,인터넷교육서비스,계약해제.해지/위약금
2023046879,2023-09-13,남자,30 - 39세,서울특별시,일반판매,신유형상품권,부당행위
2023046880,2023-09-13,여자,30 - 39세,대전광역시,기타,예식서비스,계약해제.해지/위약금
2023046881,2023-09-13,여자,30 - 39세,충청북도,국내온라인거래,미분류수리가공,계약불이행(불완전이행)
2023046882,2023-09-13,여자,30 - 39세,대구광역시,기타,신유형상품권,부당행위
2023046883,2023-09-13,여자,40 - 49세,경기도,일반판매,룸에어컨,AS불만
2023046884,2023-09-13,여자,70 - 79세,서울특별시,일반판매,정형외과,품질(물품/용역)
2023046885,2023-09-13,남자,40 - 49세,경기도,방문판매,콘도회원권,계약불이행(불완전이행)
2023046886,2023-09-13,남자,60 - 64세,경상남도,일반판매,섀시설비,품질(물품/용역)
2023046887,2023-09-13,여자,20 - 29세,경기도,국내온라인거래,운동화,계약불이행(불완전이행)
2023046888,2023-09-13,남자,30 - 39세,대전광역시,일반판매,헬스장,계약해제.해지/위약금
2023046889,2023-09-13,여자,50 - 59세,충청북도,국내온라인거래,기타간편복,품질(물품/용역)
2023046890,2023-09-13,여자,30 - 39세,경상남도,기타통신판매,캐주얼바지,계약불이행(불완전이행)
2023046891,2023-09-13,남자,40 - 49세,충청북도,방문판매,필라테스,계약해제.해지/위약금
2023046892,2023-09-13,남자,20 - 29세,경기도,일반판매,오토바이,품질(물품/용역)
2023046894,2023-09-13,남자,30 - 39세,서울특별시,일반판매,양복(서양식 의복)세탁,품질(물품/용역)
2023046895,2023-09-13,여자,40 - 49세,경기도,일반판매,기타문화·오락시설이용,계약해제.해지/위약금
2023046896,2023-09-13,여자,20 - 29세,부산광역시,일반판매,기타사설강습서비스,계약해제.해지/위약금
2023046897,2023-09-13,여자,불명,경기도,일반판매,티셔츠,품질(물품/용역)
2023046898,2023-09-13,여자,40 - 49세,서울특별시,기타,헬스장,계약해제.해지/위약금
2023046899,2023-09-13,여자,40 - 49세,전라남도,일반판매,아파트,계약불이행(불완전이행)
2023046900,2023-09-13,여자,20 - 29세,경기도,일반판매,결혼준비대행서비스,계약해제.해지/위약금
2023046901,2023-09-13,여자,30 - 39세,경기도,일반판매,헬스장,계약해제.해지/위약금
2023046902,2023-09-13,남자,30 - 39세,경기도,모바일거래,헤드폰·이어폰,계약불이행(불완전이행)
2023046903,2023-09-13,남자,30 - 39세,광주광역시,방문판매,학습지,계약해제.해지/위약금
2023046904,2023-09-13,여자,20 - 29세,해외 및 기타,국제온라인거래,모바일게임서비스,계약불이행(불완전이행)
2023046905,2023-09-13,남자,30 - 39세,경기도,국내온라인거래,신유형상품권,계약불이행(불완전이행)
2023046906,2023-09-13,여자,30 - 39세,인천광역시,일반판매,인터넷교육서비스,계약해제.해지/위약금
2023046907,2023-09-13,여자,20 - 29세,경기도,일반판매,필라테스,계약해제.해지/위약금
2023046908,2023-09-13,여자,40 - 49세,광주광역시,국내온라인거래,기타스포츠·레저기구·용품,청약철회
2023046909,2023-09-13,남자,65 - 69세,경상북도,기타,실손보험,계약불이행(불완전이행)
2023046910,2023-09-13,남자,65 - 69세,경기도,일반판매,중형승용자동차,AS불만
2023046911,2023-09-13,남자,20 - 29세,대전광역시,일반판매,헬스장,계약해제.해지/위약금
2023046912,2023-09-13,남자,20 - 29세,인천광역시,방문판매,필라테스,계약해제.해지/위약금
2023046913,2023-09-13,남자,60 - 64세,경기도,일반판매,묘지설비,계약해제.해지/위약금
2023046915,2023-09-13,여자,20 - 29세,인천광역시,일반판매,애완고양이,품질(물품/용역)
2023046916,2023-09-13,여자,60 - 64세,충청남도,기타통신판매,기타내의류,청약철회
2023046917,2023-09-13,남자,20 - 29세,부산광역시,국내온라인거래,일반강습(입시학원등),계약해제.해지/위약금
2023046918,2023-09-13,남자,60 - 64세,경기도,일반판매,안마의자,AS불만
2023046919,2023-09-13,여자,50 - 59세,서울특별시,일반판매,시계,품질(물품/용역)
2023046920,2023-09-13,여자,50 - 59세,경기도,일반판매,골프회원권,계약해제.해지/위약금
2023046921,2023-09-13,여자,30 - 39세,경기도,국내온라인거래,인터넷정보이용서비스,계약해제.해지/위약금
2023046922,2023-09-13,남자,50 - 59세,경상남도,전화권유판매,유사투자자문,계약해제.해지/위약금
2023046923,2023-09-13,여자,40 - 49세,경기도,국제온라인거래,항공여객운송서비스,가격.요금
2023046924,2023-09-13,남자,30 - 39세,충청북도,일반판매,신발세탁,품질(물품/용역)
2023046925,2023-09-13,남자,30 - 39세,서울특별시,기타통신판매,인터넷교육서비스,계약해제.해지/위약금
2023046926,2023-09-13,여자,불명,경기도,국내온라인거래,선탠·선스크린화장품,품질(물품/용역)
2023046927,2023-09-13,여자,30 - 39세,울산광역시,기타,스마트폰,AS불만
2023046928,2023-09-13,남자,30 - 39세,서울특별시,일반판매,티셔츠,품질(물품/용역)
2023046929,2023-09-13,여자,50 - 59세,전라남도,일반판매,건강(암·기타질병)보험,약관
2023046930,2023-09-13,여자,30 - 39세,서울특별시,일반판매,유사투자자문,약관
2023046931,2023-09-13,여자,50 - 59세,서울특별시,일반판매,건강(암·기타질병)보험,약관
2023046932,2023-09-13,남자,30 - 39세,충청남도,일반판매,인터넷교육서비스,계약해제.해지/위약금
2023046933,2023-09-13,여자,50 - 59세,서울특별시,일반판매,양복(서양식 의복)세탁,품질(물품/용역)
2023046936,2023-09-13,여자,30 - 39세,경기도,기타,성형외과,계약해제.해지/위약금
2023046937,2023-09-13,남자,40 - 49세,서울특별시,일반판매,외식,품질(물품/용역)
2023046938,2023-09-13,남자,30 - 39세,서울특별시,일반판매,헬스장,계약해제.해지/위약금
2023046939,2023-09-13,남자,40 - 49세,경기도,국내온라인거래,성기능향상기기,계약불이행(불완전이행)
2023046940,2023-09-13,남자,65 - 69세,서울특별시,기타통신판매,기타공조·냉난방기기,표시.광고
2023046941,2023-09-13,남자,60 - 64세,충청남도,국내온라인거래,국내결혼중개,계약해제.해지/위약금
2023046942,2023-09-13,남자,20 - 29세,서울특별시,방문판매,컴퓨터수리,부당행위
2023046943,2023-09-13,여자,50 - 59세,경기도,국내온라인거래,통신기기케이스,품질(물품/용역)
2023046944,2023-09-13,남자,40 - 49세,경기도,일반판매,헬스장,계약해제.해지/위약금
2023046945,2023-09-13,남자,불명,서울특별시,국내온라인거래,항공여객운송서비스,계약불이행(불완전이행)
2023046946,2023-09-13,여자,30 - 39세,서울특별시,일반판매,헬스장,계약해제.해지/위약금
2023046947,2023-09-13,여자,20 - 29세,서울특별시,국내온라인거래,녹화음반테이프(비디오카세트LP),품질(물품/용역)
2023046948,2023-09-13,남자,30 - 39세,경기도,국내온라인거래,컴퓨터모니터(데스크탑),품질(물품/용역)
2023046949,2023-09-13,여자,60 - 64세,충청남도,국내온라인거래,블라우스,계약불이행(불완전이행)
2023046950,2023-09-13,남자,30 - 39세,서울특별시,일반판매,카셰어링,계약불이행(불완전이행)
2023046951,2023-09-13,여자,30 - 39세,인천광역시,모바일거래,영화관람,청약철회
2023046952,2023-09-13,남자,20 - 29세,부산광역시,소셜커머스(쇼핑),넥타이,청약철회
2023046953,2023-09-13,여자,20 - 29세,서울특별시,기타통신판매,미술전시관람,청약철회
2023046954,2023-09-13,여자,30 - 39세,경기도,일반판매,필라테스,계약해제.해지/위약금
2023046955,2023-09-13,여자,70 - 79세,충청북도,일반판매,오피스텔,계약해제.해지/위약금
2023046956,2023-09-13,남자,30 - 39세,경기도,일반판매,니트(스웨터),품질(물품/용역)
2023046957,2023-09-13,여자,40 - 49세,인천광역시,기타,아파트,계약불이행(불완전이행)
2023046959,2023-09-13,남자,30 - 39세,경기도,일반판매,정수기대여(렌트),계약불이행(불완전이행)
2023046960,2023-09-13,남자,50 - 59세,경상남도,일반판매,캐주얼바지,품질(물품/용역)
2023046962,2023-09-13,남자,30 - 39세,경기도,모바일거래,카셰어링,가격.요금
2023046963,2023-09-13,여자,50 - 59세,서울특별시,국내온라인거래,노트북컴퓨터,AS불만
2023046964,2023-09-13,남자,40 - 49세,광주광역시,일반판매,헬스장,계약해제.해지/위약금
2023046965,2023-09-13,여자,60 - 64세,경기도,기타,기타옥외장비·설비,AS불만
2023046966,2023-09-13,남자,80세이상,서울특별시,일반판매,이동전화서비스,부당행위
2023046967,2023-09-13,여자,40 - 49세,경기도,일반판매,단행본,계약불이행(불완전이행)
2023046968,2023-09-13,남자,50 - 59세,경기도,방문판매,공기청정기대여(렌트),계약불이행(불완전이행)
2023046969,2023-09-13,여자,30 - 39세,경상남도,국내온라인거래,기타가구,계약해제.해지/위약금
2023046970,2023-09-13,남자,60 - 64세,경기도,일반판매,자동차보험,약관
2023046971,2023-09-13,남자,50 - 59세,부산광역시,일반판매,셔츠,품질(물품/용역)
2023046972,2023-09-13,여자,50 - 59세,인천광역시,국내온라인거래,통신기기케이스,청약철회
2023046973,2023-09-13,여자,30 - 39세,경기도,국내온라인거래,기타가방,계약해제.해지/위약금
2023046974,2023-09-13,남자,50 - 59세,세종특별자치시,일반판매,상해보험,약관
2023046975,2023-09-13,여자,50 - 59세,경상남도,일반판매,건강(암·기타질병)보험,약관
2023046976,2023-09-13,남자,70 - 79세,전라남도,일반판매,건강(암·기타질병)보험,약관
2023046977,2023-09-13,여자,65 - 69세,경기도,일반판매,기타약품,품질(물품/용역)
2023046978,2023-09-13,남자,30 - 39세,서울특별시,소셜커머스(쇼핑),간장,부당행위
2023046979,2023-09-13,여자,30 - 39세,경기도,소셜커머스(쇼핑),샌들·슬리퍼,계약해제.해지/위약금
2023046980,2023-09-13,여자,30 - 39세,경기도,국내온라인거래,기타이·미용서비스,계약불이행(불완전이행)
2023046981,2023-09-13,남자,60 - 64세,경기도,일반판매,실손보험,약관
2023046982,2023-09-13,남자,불명,서울특별시,일반판매,통합보장보험,약관
2023046983,2023-09-13,남자,30 - 39세,서울특별시,방문판매,아파트,계약불이행(불완전이행)
2023046984,2023-09-13,남자,40 - 49세,경상남도,일반판매,식기세척기,품질(물품/용역)
2023046986,2023-09-13,남자,40 - 49세,인천광역시,일반판매,건강(암·기타질병)보험,약관
2023046987,2023-09-13,남자,60 - 64세,서울특별시,일반판매,신용카드,계약해제.해지/위약금
2023046989,2023-09-13,남자,50 - 59세,서울특별시,국내온라인거래,콘도,AS불만
2023046990,2023-09-13,여자,40 - 49세,서울특별시,모바일거래,호텔,청약철회
2023046991,2023-09-13,여자,40 - 49세,경기도,일반판매,기타가방,품질(물품/용역)
2023046992,2023-09-13,여자,40 - 49세,경기도,노상판매,인터넷교육서비스,계약해제.해지/위약금
2023046993,2023-09-13,여자,30 - 39세,경기도,방문판매,포장이사운송서비스,계약불이행(불완전이행)
2023046994,2023-09-13,여자,40 - 49세,경기도,일반판매,헬스장,계약해제.해지/위약금
2023046995,2023-09-13,여자,20 - 29세,경기도,일반판매,헬스장,계약해제.해지/위약금
2023046996,2023-09-13,남자,40 - 49세,경기도,기타,기타옥외장비·설비,AS불만
2023046997,2023-09-13,남자,50 - 59세,충청남도,일반판매,건강(암·기타질병)보험,약관
2023046998,2023-09-13,여자,40 - 49세,경기도,모바일거래,식사배달,품질(물품/용역)
2023046999,2023-09-13,남자,50 - 59세,전라북도,일반판매,상해보험,약관
2023047000,2023-09-13,여자,30 - 39세,경기도,소셜커머스(쇼핑),니트(스웨터),청약철회
2023047001,2023-09-13,여자,70 - 79세,서울특별시,기타,정형외과,품질(물품/용역)
2023047002,2023-09-13,여자,40 - 49세,서울특별시,국내온라인거래,김치냉장고,품질(물품/용역)
2023047003,2023-09-13,여자,50 - 59세,서울특별시,일반판매,양복(서양식 의복)세탁,품질(물품/용역)
2023047005,2023-09-13,남자,50 - 59세,서울특별시,국내온라인거래,이동전화서비스,약관
2023047006,2023-09-13,여자,30 - 39세,경기도,일반판매,이동전화서비스,계약불이행(불완전이행)
2023047007,2023-09-13,여자,20 - 29세,서울특별시,기타,내과,품질(물품/용역)
2023047008,2023-09-13,여자,40 - 49세,경기도,일반판매,인터넷교육서비스,계약해제.해지/위약금
2023047009,2023-09-13,남자,65 - 69세,경기도,일반판매,재활의학과,품질(물품/용역)
2023047010,2023-09-13,남자,30 - 39세,대전광역시,일반판매,헬스장,계약해제.해지/위약금
2023047011,2023-09-13,남자,50 - 59세,부산광역시,일반판매,콘도회원권,계약불이행(불완전이행)
2023047012,2023-09-13,남자,40 - 49세,경기도,기타,실손보험,계약불이행(불완전이행)
2023047013,2023-09-13,남자,20 - 29세,경기도,일반판매,헬스장,계약해제.해지/위약금
2023047014,2023-09-13,여자,30 - 39세,경기도,일반판매,헬스장,계약해제.해지/위약금
2023047015,2023-09-13,여자,불명,대구광역시,일반판매,외식,품질(물품/용역)
2023047016,2023-09-13,여자,50 - 59세,전라남도,TV홈쇼핑,선탠·선스크린화장품,품질(물품/용역)
2023047017,2023-09-13,남자,60 - 64세,경기도,일반판매,양복(서양식 의복)세탁,품질(물품/용역)
2023047018,2023-09-13,여자,40 - 49세,경기도,일반판매,양복(서양식 의복)세탁,품질(물품/용역)
2023047020,2023-09-13,여자,30 - 39세,부산광역시,방문판매,필라테스,계약해제.해지/위약금
2023047021,2023-09-13,여자,불명,경상북도,일반판매,모피·모피의류,품질(물품/용역)
2023047022,2023-09-13,여자,30 - 39세,경기도,일반판매,필라테스,계약해제.해지/위약금
2023047023,2023-09-13,여자,50 - 59세,경기도,일반판매,캐주얼바지,품질(물품/용역)
2023047024,2023-09-13,여자,40 - 49세,경기도,일반판매,필라테스,계약해제.해지/위약금
2023047025,2023-09-13,여자,30 - 39세,전라남도,기타통신판매,인터넷정보이용서비스,계약불이행(불완전이행)
2023047026,2023-09-13,남자,30 - 39세,서울특별시,일반판매,헬스장,계약해제.해지/위약금
2023047027,2023-09-13,남자,30 - 39세,서울특별시,일반판매,예식서비스,계약해제.해지/위약금
2023047028,2023-09-13,남자,20 - 29세,경기도,일반판매,어패류젓갈,품질(물품/용역)
2023047029,2023-09-13,여자,30 - 39세,경기도,국내온라인거래,기타영상기기,청약철회
2023047030,2023-09-13,여자,30 - 39세,인천광역시,국제온라인거래,호텔,계약해제.해지/위약금
2023047031,2023-09-13,여자,40 - 49세,대구광역시,일반판매,기타인테리어설비,계약불이행(불완전이행)
2023047032,2023-09-13,남자,30 - 39세,경기도,모바일거래,호텔,계약불이행(불완전이행)
2023047033,2023-09-13,남자,50 - 59세,대구광역시,일반판매,소파,품질(물품/용역)
2023047034,2023-09-13,여자,20 - 29세,대전광역시,국내온라인거래,사진촬영,계약해제.해지/위약금
2023047035,2023-09-13,여자,20 - 29세,경기도,일반판매,기타인테리어설비,AS불만
2023047036,2023-09-13,여자,30 - 39세,경상북도,국내온라인거래,냉수통,청약철회
2023047037,2023-09-13,여자,30 - 39세,경기도,기타,포장이사운송서비스,품질(물품/용역)
2023047038,2023-09-13,남자,20 - 29세,서울특별시,국내온라인거래,기타숙박시설,법.제도
2023047039,2023-09-13,남자,50 - 59세,경기도,소셜커머스(쇼핑),인터넷교육서비스,계약불이행(불완전이행)
2023047040,2023-09-13,남자,40 - 49세,경기도,국내온라인거래,헤드폰·이어폰,계약해제.해지/위약금
2023047041,2023-09-13,남자,30 - 39세,인천광역시,일반판매,외식,계약해제.해지/위약금
2023047042,2023-09-13,여자,40 - 49세,광주광역시,국내온라인거래,기타이·미용기구,품질(물품/용역)
2023047043,2023-09-13,여자,30 - 39세,경기도,일반판매,기타이·미용서비스,계약불이행(불완전이행)
2023047044,2023-09-13,여자,50 - 59세,대구광역시,일반판매,묘지설비,계약해제.해지/위약금
2023047045,2023-09-13,남자,30 - 39세,서울특별시,일반판매,외식,품질(물품/용역)
2023047046,2023-09-13,남자,40 - 49세,경기도,일반판매,안경·안경테,품질(물품/용역)
2023047047,2023-09-13,여자,40 - 49세,경기도,전화권유판매,이동전화서비스,청약철회
2023047048,2023-09-13,여자,50 - 59세,서울특별시,국내온라인거래,호텔,청약철회
2023047049,2023-09-13,여자,20 - 29세,대구광역시,일반판매,기타인테리어설비,계약불이행(불완전이행)
2023047050,2023-09-13,남자,40 - 49세,서울특별시,전화권유판매,기타방문·통신교육서비스,계약해제.해지/위약금
2023047051,2023-09-13,여자,30 - 39세,서울특별시,국제온라인거래,기타미분류서비스,계약불이행(불완전이행)
2023047052,2023-09-13,남자,20 - 29세,부산광역시,기타통신판매,인터넷정보이용서비스,계약해제.해지/위약금
2023047053,2023-09-13,여자,20 - 29세,대전광역시,일반판매,예식서비스,계약해제.해지/위약금
2023047054,2023-09-13,남자,30 - 39세,경기도,국내온라인거래,인터넷교육서비스,품질(물품/용역)
2023047055,2023-09-13,여자,20 - 29세,서울특별시,국내온라인거래,원피스,청약철회
2023047056,2023-09-13,남자,50 - 59세,강원특별자치도,일반판매,정수기대여(렌트),AS불만
2023047057,2023-09-13,남자,30 - 39세,대구광역시,방문판매,기타인테리어설비,계약불이행(불완전이행)
2023047058,2023-09-13,여자,40 - 49세,경기도,일반판매,가발,품질(물품/용역)
2023047059,2023-09-13,여자,20 - 29세,경상북도,일반판매,헬스장,계약해제.해지/위약금
2023047060,2023-09-13,남자,30 - 39세,경상남도,국내온라인거래,노트북컴퓨터,품질(물품/용역)
2023047061,2023-09-13,여자,20 - 29세,세종특별자치시,국내온라인거래,원피스,품질(물품/용역)
2023047062,2023-09-13,여자,50 - 59세,경기도,국내온라인거래,마른멸치,품질(물품/용역)
2023047063,2023-09-13,여자,30 - 39세,경기도,방문판매,인터넷교육서비스,계약해제.해지/위약금
2023047064,2023-09-13,남자,30 - 39세,서울특별시,기타,기타미분류서비스,AS불만
2023047065,2023-09-13,여자,70 - 79세,서울특별시,일반판매,일반이사운송서비스,계약불이행(불완전이행)
2023047066,2023-09-13,여자,40 - 49세,서울특별시,국내온라인거래,기타가구,가격.요금
2023047067,2023-09-13,남자,40 - 49세,인천광역시,국내온라인거래,의자,품질(물품/용역)
2023047068,2023-09-13,여자,40 - 49세,서울특별시,방문판매,기타방문·통신교육서비스,계약해제.해지/위약금
2023047069,2023-09-13,남자,20 - 29세,경상북도,국내온라인거래,국외여행,계약불이행(불완전이행)
2023047070,2023-09-13,여자,40 - 49세,경기도,국내온라인거래,캐주얼바지,청약철회
2023047071,2023-09-13,여자,20 - 29세,경기도,국내온라인거래,기타간편복,품질(물품/용역)
2023047072,2023-09-13,여자,30 - 39세,경기도,방문판매,미용서비스,계약해제.해지/위약금
2023047073,2023-09-13,여자,20 - 29세,부산광역시,일반판매,헬스장,계약해제.해지/위약금
2023047074,2023-09-13,여자,20 - 29세,경기도,국내온라인거래,헤드폰·이어폰,청약철회
2023047075,2023-09-13,남자,40 - 49세,경기도,기타,도배공사,계약해제.해지/위약금
2023047076,2023-09-13,여자,20 - 29세,서울특별시,국내온라인거래,기타의류·섬유,청약철회
2023047077,2023-09-13,남자,20 - 29세,광주광역시,일반판매,가스보일러,품질(물품/용역)
2023047078,2023-09-13,여자,40 - 49세,인천광역시,일반판매,애완동물기타,청약철회
2023047079,2023-09-13,여자,40 - 49세,경기도,방문판매,PDA단말기,계약불이행(불완전이행)
2023047080,2023-09-13,여자,40 - 49세,제주도,일반판매,레저시설이용,안전(제품/시설)
2023047081,2023-09-13,여자,20 - 29세,경기도,기타,사진촬영,계약해제.해지/위약금
2023047082,2023-09-13,남자,30 - 39세,경기도,국내온라인거래,애완동·식물용품,품질(물품/용역)
2023047083,2023-09-13,여자,40 - 49세,서울특별시,국내온라인거래,마사지류,품질(물품/용역)
2023047084,2023-09-13,여자,30 - 39세,경상북도,국내온라인거래,셔츠,청약철회
2023047085,2023-09-13,남자,40 - 49세,경기도,국제온라인거래,태블릿PC,품질(물품/용역)
2023047086,2023-09-13,여자,30 - 39세,서울특별시,국내온라인거래,원피스,청약철회
2023047087,2023-09-13,여자,30 - 39세,서울특별시,기타,신발세탁,품질(물품/용역)
2023047088,2023-09-13,남자,20 - 29세,서울특별시,일반판매,헬스장,계약해제.해지/위약금
2023047089,2023-09-13,여자,30 - 39세,부산광역시,국내온라인거래,영양보충용제품,부당행위
2023047090,2023-09-13,여자,30 - 39세,대구광역시,일반판매,기타인테리어설비,계약불이행(불완전이행)
2023047091,2023-09-13,남자,30 - 39세,울산광역시,전화권유판매,기타매체광고,계약해제.해지/위약금
2023047092,2023-09-13,남자,30 - 39세,대전광역시,일반판매,스마트폰,품질(물품/용역)
2023047093,2023-09-13,남자,30 - 39세,대전광역시,방문판매,헬스장,계약해제.해지/위약금
2023047094,2023-09-13,남자,40 - 49세,경기도,기타통신판매,항공여객운송서비스,계약해제.해지/위약금
2023047095,2023-09-13,여자,50 - 59세,부산광역시,국내온라인거래,복숭아,청약철회
2023047096,2023-09-13,남자,50 - 59세,서울특별시,국내온라인거래,기타통신기기,AS불만
2023047097,2023-09-13,남자,60 - 64세,충청북도,기타,기타건축자재,품질(물품/용역)
2023047098,2023-09-13,여자,30 - 39세,인천광역시,일반판매,헬스장,계약해제.해지/위약금
2023047099,2023-09-13,여자,20 - 29세,광주광역시,기타통신판매,항공여객운송서비스,계약해제.해지/위약금
2023047100,2023-09-13,남자,20 - 29세,충청남도,일반판매,가구세트,계약해제.해지/위약금
2023047101,2023-09-13,여자,40 - 49세,인천광역시,기타,피부·체형관리서비스,계약해제.해지/위약금
2023047102,2023-09-13,여자,30 - 39세,부산광역시,국내온라인거래,사진촬영,계약불이행(불완전이행)
2023047103,2023-09-13,남자,20 - 29세,경기도,국내온라인거래,스마트폰,계약불이행(불완전이행)
2023047104,2023-09-13,여자,40 - 49세,경기도,일반판매,소파,품질(물품/용역)
2023047105,2023-09-13,여자,30 - 39세,경기도,일반판매,헬스장,계약해제.해지/위약금
2023047106,2023-09-13,남자,40 - 49세,인천광역시,기타,도시가스,부당채권추심
2023047107,2023-09-13,여자,30 - 39세,제주도,일반판매,헬스장,계약해제.해지/위약금
2023047108,2023-09-13,여자,50 - 59세,경기도,기타,택배화물운송서비스,부당행위
2023047109,2023-09-13,남자,20 - 29세,경기도,일반판매,피부·체형관리서비스,계약해제.해지/위약금
2023047110,2023-09-13,여자,20 - 29세,경기도,일반판매,필라테스,계약해제.해지/위약금
2023047112,2023-09-13,여자,20 - 29세,대구광역시,모바일거래,블라우스,청약철회
2023047113,2023-09-13,남자,30 - 39세,전라북도,기타,골프회원권,계약불이행(불완전이행)
2023047114,2023-09-13,남자,20 - 29세,서울특별시,일반판매,건물청소서비스,품질(물품/용역)
2023047115,2023-09-13,여자,20 - 29세,경기도,국내온라인거래,항공여객운송서비스,청약철회
2023047116,2023-09-13,여자,20 - 29세,서울특별시,일반판매,항공여객운송서비스,계약불이행(불완전이행)
2023047117,2023-09-13,여자,40 - 49세,제주도,일반판매,헬스장,계약해제.해지/위약금
2023047118,2023-09-13,남자,50 - 59세,경기도,국내온라인거래,노트북컴퓨터,표시.광고
2023047119,2023-09-13,여자,30 - 39세,경기도,기타통신판매,민간자격(능력)시험,표시.광고
2023047120,2023-09-13,여자,40 - 49세,서울특별시,일반판매,반포장이사운송서비스,계약해제.해지/위약금
2023047122,2023-09-13,여자,40 - 49세,서울특별시,국내온라인거래,기타과일·과일가공식품,품질(물품/용역)
2023047123,2023-09-13,남자,30 - 39세,경기도,국내온라인거래,기타가방,청약철회
2023047124,2023-09-13,남자,30 - 39세,경기도,모바일거래,인쇄서비스,계약불이행(불완전이행)
2023047125,2023-09-13,남자,40 - 49세,인천광역시,일반판매,헬스장,계약해제.해지/위약금
2023047126,2023-09-13,여자,40 - 49세,서울특별시,기타,스마트폰,계약불이행(불완전이행)
2023047127,2023-09-13,여자,30 - 39세,부산광역시,국내온라인거래,외장하드,품질(물품/용역)
2023047128,2023-09-13,여자,30 - 39세,광주광역시,국내온라인거래,숙녀화(구두·부츠 등),품질(물품/용역)
2023047129,2023-09-14,남자,65 - 69세,경상남도,일반판매,성형외과,계약해제.해지/위약금
2023047130,2023-09-14,여자,60 - 64세,대구광역시,일반판매,치과,품질(물품/용역)
2023047131,2023-09-14,남자,80세이상,서울특별시,일반판매,내과,품질(물품/용역)
2023047132,2023-09-14,여자,60 - 64세,서울특별시,일반판매,피부과,품질(물품/용역)
2023047133,2023-09-14,여자,80세이상,제주도,일반판매,내과,품질(물품/용역)
2023047134,2023-09-14,남자,30 - 39세,서울특별시,국내온라인거래,호텔,계약해제.해지/위약금
2023047135,2023-09-14,여자,40 - 49세,서울특별시,일반판매,피부과,계약해제.해지/위약금
2023047136,2023-09-14,여자,30 - 39세,광주광역시,국내온라인거래,전기압력밥솥,청약철회
2023047137,2023-09-14,남자,40 - 49세,전라북도,일반판매,기타아동복,계약불이행(불완전이행)
2023047138,2023-09-14,여자,50 - 59세,부산광역시,기타통신판매,핸드백,품질(물품/용역)
2023047139,2023-09-14,여자,60 - 64세,서울특별시,국내온라인거래,침대,청약철회
2023047140,2023-09-14,여자,50 - 59세,대전광역시,일반판매,국내결혼중개,계약해제.해지/위약금
2023047141,2023-09-14,남자,50 - 59세,경기도,기타,케이블TV,가격.요금
2023047142,2023-09-14,남자,30 - 39세,서울특별시,일반판매,신유형상품권,계약불이행(불완전이행)
2023047143,2023-09-14,여자,30 - 39세,경기도,모바일거래,피부·체형관리서비스,계약해제.해지/위약금
2023047144,2023-09-14,남자,40 - 49세,경기도,국제온라인거래,소프트웨어,계약해제.해지/위약금
2023047145,2023-09-14,여자,40 - 49세,경기도,소셜커머스(쇼핑),호텔,표시.광고
2023047146,2023-09-14,남자,50 - 59세,경기도,일반판매,자동차수리·점검,품질(물품/용역)
2023047147,2023-09-14,여자,30 - 39세,서울특별시,모바일거래,신유형상품권,계약불이행(불완전이행)
2023047148,2023-09-14,남자,50 - 59세,서울특별시,국내온라인거래,모바일정보이용서비스,AS불만
2023047149,2023-09-14,남자,30 - 39세,서울특별시,일반판매,아파트,계약불이행(불완전이행)
2023047150,2023-09-14,남자,80세이상,서울특별시,일반판매,냉장고,AS불만
2023047151,2023-09-14,여자,30 - 39세,경기도,일반판매,종합체육시설회원권,계약해제.해지/위약금
2023047152,2023-09-14,남자,50 - 59세,경기도,국내온라인거래,기타자동차용품,계약불이행(불완전이행)
2023047153,2023-09-14,남자,20 - 29세,경기도,일반판매,애완견,계약해제.해지/위약금
2023047154,2023-09-14,남자,40 - 49세,세종특별자치시,국내온라인거래,국외여행,계약불이행(불완전이행)
2023047155,2023-09-14,여자,30 - 39세,경기도,일반판매,헬스장,계약해제.해지/위약금
2023047156,2023-09-14,남자,20 - 29세,경기도,일반판매,헬스장,계약해제.해지/위약금
2023047157,2023-09-14,남자,30 - 39세,서울특별시,국내온라인거래,항공여객운송서비스,계약불이행(불완전이행)
2023047158,2023-09-14,남자,20 - 29세,경기도,일반판매,헬스장,계약해제.해지/위약금
2023047159,2023-09-14,여자,40 - 49세,울산광역시,국내온라인거래,호텔,계약해제.해지/위약금
2023047160,2023-09-14,남자,20 - 29세,경기도,일반판매,실손보험,약관
2023047162,2023-09-14,여자,20 - 29세,서울특별시,일반판매,결혼준비대행서비스,계약해제.해지/위약금
2023047163,2023-09-14,여자,40 - 49세,인천광역시,모바일거래,항공여객운송서비스,계약불이행(불완전이행)
2023047165,2023-09-14,남자,40 - 49세,인천광역시,일반판매,아파트,계약해제.해지/위약금
2023047166,2023-09-14,남자,70 - 79세,부산광역시,기타통신판매,즉석조리식품,청약철회
2023047167,2023-09-14,여자,50 - 59세,대전광역시,소셜커머스(쇼핑),사과,청약철회
2023047168,2023-09-14,남자,20 - 29세,서울특별시,기타통신판매,전자게임기구,청약철회
2023047169,2023-09-14,여자,50 - 59세,인천광역시,국내온라인거래,기타의류·섬유,청약철회
2023047170,2023-09-14,여자,40 - 49세,경기도,국내온라인거래,영화관람,청약철회
2023047171,2023-09-14,여자,30 - 39세,부산광역시,국내온라인거래,핸드백,청약철회
2023047172,2023-09-14,남자,40 - 49세,경기도,일반판매,중형승용자동차,품질(물품/용역)
2023047173,2023-09-14,여자,70 - 79세,서울특별시,일반판매,점퍼·재킷류,품질(물품/용역)
2023047174,2023-09-14,남자,50 - 59세,경상북도,일반판매,국제결혼중개,계약불이행(불완전이행)
2023047175,2023-09-14,여자,60 - 64세,전라남도,일반판매,중고자동차중개·매매,표시.광고
2023047176,2023-09-14,남자,20 - 29세,경기도,방문판매,헬스장,계약해제.해지/위약금
2023047177,2023-09-14,여자,40 - 49세,서울특별시,일반판매,기타이·미용서비스,계약해제.해지/위약금
2023047178,2023-09-14,여자,20 - 29세,서울특별시,일반판매,헬스장,계약해제.해지/위약금
2023047179,2023-09-14,남자,60 - 64세,경기도,기타통신판매,인터넷정보이용서비스,계약불이행(불완전이행)
2023047180,2023-09-14,여자,30 - 39세,서울특별시,방문판매,종신보험,계약불이행(불완전이행)
2023047181,2023-09-14,남자,30 - 39세,서울특별시,국제온라인거래,항공여객운송서비스,계약해제.해지/위약금
2023047183,2023-09-14,남자,30 - 39세,경기도,일반판매,예식서비스,계약해제.해지/위약금
2023047184,2023-09-14,남자,30 - 39세,경기도,소셜커머스(쇼핑),기타식품류,청약철회
2023047185,2023-09-14,남자,20 - 29세,경기도,일반판매,양복(서양식 의복)세탁,품질(물품/용역)
2023047186,2023-09-14,여자,10 - 19세,서울특별시,일반판매,한의원,계약해제.해지/위약금
2023047187,2023-09-14,여자,40 - 49세,경기도,기타,미분류대여(렌트),품질(물품/용역)
2023047188,2023-09-14,여자,40 - 49세,충청남도,전화권유판매,기타매체광고,청약철회
2023047189,2023-09-14,여자,30 - 39세,인천광역시,기타,아파트,계약불이행(불완전이행)
2023047190,2023-09-14,여자,40 - 49세,경기도,일반판매,중형승용자동차,AS불만
2023047191,2023-09-14,남자,70 - 79세,서울특별시,기타,음식물처리기대여(렌트),품질(물품/용역)
2023047192,2023-09-14,남자,20 - 29세,서울특별시,일반판매,기타사설강습서비스,계약해제.해지/위약금
2023047193,2023-09-14,남자,40 - 49세,경상북도,일반판매,자동차수리·점검,AS불만
2023047194,2023-09-14,남자,80세이상,충청북도,일반판매,건강(암·기타질병)보험,약관
2023047196,2023-09-14,남자,20 - 29세,전라남도,국내온라인거래,블라인드,청약철회
2023047197,2023-09-14,남자,불명,충청남도,일반판매,원피스,품질(물품/용역)
2023047198,2023-09-14,남자,70 - 79세,서울특별시,기타,전기압력밥솥,AS불만
2023047199,2023-09-14,여자,50 - 59세,전라북도,국내온라인거래,숙녀화(구두·부츠 등),품질(물품/용역)
2023047200,2023-09-14,여자,20 - 29세,경기도,국내온라인거래,통신기기케이스,품질(물품/용역)
2023047201,2023-09-14,여자,30 - 39세,충청북도,일반판매,신발세탁,계약불이행(불완전이행)
2023047202,2023-09-14,남자,40 - 49세,서울특별시,국내온라인거래,운동화,품질(물품/용역)
2023047203,2023-09-14,여자,40 - 49세,경상남도,국내온라인거래,전문스포츠화(축구화·골프화 등),품질(물품/용역)
2023047204,2023-09-14,여자,50 - 59세,전라남도,국내온라인거래,샌들·슬리퍼,품질(물품/용역)
2023047205,2023-09-14,여자,50 - 59세,경기도,일반판매,운동화,품질(물품/용역)
2023047206,2023-09-14,여자,30 - 39세,서울특별시,국내온라인거래,운동화,품질(물품/용역)
2023047207,2023-09-14,남자,20 - 29세,광주광역시,일반판매,헬스장,계약해제.해지/위약금
2023047208,2023-09-14,남자,50 - 59세,경기도,소셜커머스(쇼핑),시계,계약불이행(불완전이행)
2023047209,2023-09-14,여자,20 - 29세,서울특별시,일반판매,헬스장,계약해제.해지/위약금
2023047210,2023-09-14,여자,20 - 29세,서울특별시,방문판매,헬스장,계약해제.해지/위약금
2023047211,2023-09-14,여자,50 - 59세,서울특별시,국내온라인거래,김치,청약철회
2023047212,2023-09-14,여자,20 - 29세,경기도,국내온라인거래,전기자전거,표시.광고
2023047213,2023-09-14,남자,20 - 29세,인천광역시,일반판매,헬스장,계약해제.해지/위약금
2023047214,2023-09-14,여자,30 - 39세,인천광역시,일반판매,피부·체형관리서비스,계약해제.해지/위약금
2023047215,2023-09-14,남자,30 - 39세,경기도,국내온라인거래,기타자동차부품,청약철회
2023047216,2023-09-14,여자,60 - 64세,전라북도,일반판매,건강(암·기타질병)보험,약관
2023047217,2023-09-14,남자,30 - 39세,서울특별시,일반판매,카셰어링,부당행위
2023047218,2023-09-14,남자,60 - 64세,부산광역시,전화권유판매,유사투자자문,청약철회
2023047219,2023-09-14,남자,40 - 49세,서울특별시,일반판매,변호서비스,계약불이행(불완전이행)
2023047220,2023-09-14,여자,30 - 39세,경기도,방문판매,인터넷교육서비스,계약해제.해지/위약금
2023047221,2023-09-14,남자,30 - 39세,서울특별시,국내온라인거래,기타신변용품,품질(물품/용역)
2023047222,2023-09-14,남자,40 - 49세,인천광역시,일반판매,헬스장,계약해제.해지/위약금
2023047223,2023-09-14,여자,20 - 29세,대전광역시,일반판매,헬스장,계약해제.해지/위약금
2023047224,2023-09-14,남자,40 - 49세,서울특별시,국내온라인거래,신유형상품권,계약해제.해지/위약금
2023047226,2023-09-14,여자,50 - 59세,부산광역시,국내온라인거래,기타일반화장품,청약철회
2023047227,2023-09-14,남자,40 - 49세,경기도,국내온라인거래,상품권,계약불이행(불완전이행)
2023047228,2023-09-14,여자,40 - 49세,인천광역시,국내온라인거래,컵,품질(물품/용역)
2023047229,2023-09-14,남자,40 - 49세,경기도,일반판매,스포츠웨어,청약철회
2023047230,2023-09-14,여자,40 - 49세,서울특별시,국내온라인거래,항공여객운송서비스,계약해제.해지/위약금
2023047231,2023-09-14,여자,40 - 49세,서울특별시,국내온라인거래,항공여객운송서비스,계약해제.해지/위약금
2023047233,2023-09-14,여자,40 - 49세,세종특별자치시,국내온라인거래,샌들·슬리퍼,품질(물품/용역)
2023047234,2023-09-14,남자,20 - 29세,경기도,국내온라인거래,신발세탁,계약불이행(불완전이행)
2023047235,2023-09-14,여자,30 - 39세,경기도,일반판매,신발세탁,계약불이행(불완전이행)
2023047236,2023-09-14,여자,30 - 39세,광주광역시,일반판매,신발세탁,계약불이행(불완전이행)
2023047237,2023-09-14,남자,50 - 59세,대구광역시,일반판매,운동화,품질(물품/용역)
2023047238,2023-09-14,남자,30 - 39세,인천광역시,국내온라인거래,기타신발·용품,약관
2023047239,2023-09-14,남자,50 - 59세,경기도,일반판매,자동차대여(렌트),계약해제.해지/위약금
2023047240,2023-09-14,여자,65 - 69세,부산광역시,기타통신판매,가스보일러,품질(물품/용역)
2023047241,2023-09-14,남자,30 - 39세,경기도,일반판매,자동차세차,계약불이행(불완전이행)
2023047242,2023-09-14,여자,60 - 64세,인천광역시,일반판매,커터기,품질(물품/용역)
2023047243,2023-09-14,남자,30 - 39세,경기도,국제온라인거래,신유형상품권,약관
2023047244,2023-09-14,남자,50 - 59세,강원특별자치도,기타,통신기기주변장치,품질(물품/용역)
2023047245,2023-09-14,남자,70 - 79세,경기도,기타통신판매,경비·관리서비스,계약해제.해지/위약금
2023047246,2023-09-14,여자,40 - 49세,서울특별시,국내온라인거래,점퍼·재킷류,품질(물품/용역)
2023047247,2023-09-14,남자,50 - 59세,경기도,기타,소프트웨어,품질(물품/용역)
2023047248,2023-09-14,남자,30 - 39세,대구광역시,국내온라인거래,생활패션화(슬립온·아쿠아슈즈·장화·작업화 등),품질(물품/용역)
2023047249,2023-09-14,여자,65 - 69세,전라북도,기타,전기압력밥솥,품질(물품/용역)
2023047250,2023-09-14,여자,40 - 49세,서울특별시,국내온라인거래,지갑,품질(물품/용역)
2023047251,2023-09-14,남자,10 - 19세,경기도,일반판매,기타사설강습서비스,계약해제.해지/위약금
2023047252,2023-09-14,여자,40 - 49세,충청남도,일반판매,피부·체형관리서비스,계약해제.해지/위약금
2023047253,2023-09-14,남자,65 - 69세,서울특별시,일반판매,한의원,계약해제.해지/위약금
2023047254,2023-09-14,남자,50 - 59세,서울특별시,일반판매,정수기,품질(물품/용역)
2023047255,2023-09-14,남자,30 - 39세,전라북도,일반판매,"연회서비스(돌잔치,회갑 등)",계약해제.해지/위약금
2023047256,2023-09-14,남자,70 - 79세,서울특별시,일반판매,차량용블랙박스,계약해제.해지/위약금
2023047257,2023-09-14,여자,40 - 49세,부산광역시,국내온라인거래,화장품세트,청약철회
2023047258,2023-09-14,남자,40 - 49세,경상남도,기타,중형승용자동차,AS불만
2023047259,2023-09-14,남자,40 - 49세,서울특별시,일반판매,헬스장,계약해제.해지/위약금
2023047260,2023-09-14,여자,30 - 39세,경기도,일반판매,식탁,품질(물품/용역)
2023047261,2023-09-14,남자,40 - 49세,경상남도,일반판매,양복(서양식 의복)세탁,품질(물품/용역)
2023047262,2023-09-14,여자,30 - 39세,대구광역시,일반판매,전지,품질(물품/용역)
2023047263,2023-09-14,여자,30 - 39세,서울특별시,일반판매,헬스장,계약해제.해지/위약금
2023047264,2023-09-14,남자,30 - 39세,충청남도,기타,포장이사운송서비스,계약불이행(불완전이행)
2023047265,2023-09-14,여자,30 - 39세,서울특별시,일반판매,신발세탁,거래관행
2023047266,2023-09-14,여자,불명,경기도,일반판매,아파트,AS불만
2023047267,2023-09-14,남자,불명,부산광역시,모바일거래,펜션,계약불이행(불완전이행)
2023047268,2023-09-14,여자,30 - 39세,서울특별시,방문판매,피부과,계약해제.해지/위약금
2023047269,2023-09-14,여자,불명,충청북도,전화권유판매,유사투자자문,계약해제.해지/위약금
2023047270,2023-09-14,남자,불명,서울특별시,모바일거래,기타미분류서비스,계약해제.해지/위약금
2023047271,2023-09-14,여자,30 - 39세,충청남도,기타,필라테스,계약해제.해지/위약금
2023047272,2023-09-14,여자,40 - 49세,서울특별시,국내온라인거래,향수,계약불이행(불완전이행)
2023047273,2023-09-14,여자,50 - 59세,서울특별시,국내온라인거래,헤드폰·이어폰,AS불만
2023047274,2023-09-14,남자,50 - 59세,울산광역시,모바일거래,펜션,표시.광고
2023047275,2023-09-14,여자,30 - 39세,대전광역시,기타통신판매,기타미분류서비스,계약불이행(불완전이행)
2023047276,2023-09-14,여자,30 - 39세,경기도,기타통신판매,기타가방,계약불이행(불완전이행)
2023047277,2023-09-14,여자,30 - 39세,대구광역시,기타,포장이사운송서비스,계약불이행(불완전이행)
2023047278,2023-09-14,남자,30 - 39세,경기도,일반판매,전자담배,가격.요금
2023047279,2023-09-14,남자,20 - 29세,서울특별시,일반판매,헬스장,계약해제.해지/위약금
2023047280,2023-09-14,여자,20 - 29세,경기도,일반판매,일반강습(입시학원등),계약해제.해지/위약금
2023047281,2023-09-14,여자,40 - 49세,대구광역시,일반판매,피부·체형관리서비스,계약불이행(불완전이행)
2023047282,2023-09-14,여자,20 - 29세,경기도,국제온라인거래,보석·귀금속,청약철회
2023047283,2023-09-14,여자,40 - 49세,대구광역시,기타통신판매,기타정보이용서비스,계약해제.해지/위약금
2023047284,2023-09-14,남자,30 - 39세,대전광역시,일반판매,헬스장,계약해제.해지/위약금
2023047285,2023-09-14,여자,40 - 49세,경상남도,일반판매,김치냉장고,안전(제품/시설)
2023047286,2023-09-14,여자,30 - 39세,대구광역시,일반판매,보석·귀금속,품질(물품/용역)
2023047287,2023-09-14,남자,50 - 59세,경기도,기타,아파트,AS불만
2023047288,2023-09-14,남자,50 - 59세,경기도,국내온라인거래,스마트폰,AS불만
2023047289,2023-09-14,여자,50 - 59세,경기도,기타,헬스장,계약해제.해지/위약금
2023047290,2023-09-14,남자,30 - 39세,경기도,기타통신판매,가스보일러,품질(물품/용역)
2023047291,2023-09-14,여자,30 - 39세,경기도,일반판매,예식서비스,계약해제.해지/위약금
2023047292,2023-09-14,여자,30 - 39세,충청남도,국내온라인거래,기타의류·섬유,계약불이행(불완전이행)
2023047293,2023-09-14,남자,50 - 59세,서울특별시,국내온라인거래,기타건강식품,청약철회
2023047294,2023-09-14,남자,50 - 59세,충청북도,TV홈쇼핑,기타조리기기·기구,AS불만
2023047295,2023-09-14,여자,40 - 49세,경상남도,일반판매,정수기대여(렌트),계약해제.해지/위약금
2023047296,2023-09-14,여자,30 - 39세,경기도,국내온라인거래,티셔츠,청약철회
2023047297,2023-09-14,여자,40 - 49세,서울특별시,국내온라인거래,컴퓨터수리,계약불이행(불완전이행)
2023047298,2023-09-14,여자,30 - 39세,충청북도,국내온라인거래,TV,청약철회
2023047299,2023-09-14,여자,20 - 29세,서울특별시,국제온라인거래,호텔,청약철회
2023047300,2023-09-14,여자,30 - 39세,충청남도,방문판매,기타방문·통신교육서비스,계약해제.해지/위약금
2023047301,2023-09-14,남자,30 - 39세,서울특별시,국내온라인거래,기타알선·중개·번역서비스,청약철회
2023047302,2023-09-14,여자,40 - 49세,세종특별자치시,방문판매,기타방문·통신교육서비스,계약해제.해지/위약금
2023047303,2023-09-14,남자,20 - 29세,서울특별시,국내온라인거래,티셔츠,청약철회
2023047304,2023-09-14,여자,20 - 29세,전라북도,국내온라인거래,호텔,품질(물품/용역)
2023047305,2023-09-14,남자,40 - 49세,강원특별자치도,기타,기타인테리어설비,계약불이행(불완전이행)
2023047306,2023-09-14,여자,20 - 29세,울산광역시,국제온라인거래,호텔,계약해제.해지/위약금
2023047307,2023-09-14,여자,30 - 39세,서울특별시,국내온라인거래,기타미분류서비스,계약불이행(불완전이행)
2023047308,2023-09-14,남자,30 - 39세,서울특별시,일반판매,헬스장,계약해제.해지/위약금
2023047309,2023-09-14,남자,30 - 39세,인천광역시,일반판매,식탁,품질(물품/용역)
2023047310,2023-09-14,여자,30 - 39세,전라남도,국내온라인거래,원피스,표시.광고
2023047311,2023-09-14,여자,40 - 49세,경기도,노상판매,인터넷교육서비스,계약해제.해지/위약금
2023047312,2023-09-14,남자,50 - 59세,인천광역시,국제온라인거래,모바일게임서비스,계약해제.해지/위약금
2023047313,2023-09-14,남자,30 - 39세,대구광역시,국내온라인거래,국외여행,계약불이행(불완전이행)
2023047314,2023-09-14,남자,20 - 29세,서울특별시,국내온라인거래,퍼스널컴퓨터,청약철회
2023047315,2023-09-14,남자,20 - 29세,대구광역시,일반판매,헬스장,계약해제.해지/위약금
2023047316,2023-09-14,여자,20 - 29세,경기도,소셜커머스(쇼핑),운동화,청약철회
2023047317,2023-09-14,여자,40 - 49세,경기도,소셜커머스(쇼핑),점퍼·재킷류,청약철회
2023047318,2023-09-14,남자,20 - 29세,부산광역시,국내온라인거래,헤드폰·이어폰,AS불만
2023047319,2023-09-14,여자,50 - 59세,경기도,국내온라인거래,기타조명기기,청약철회
2023047320,2023-09-14,여자,20 - 29세,인천광역시,기타,미용서비스,계약불이행(불완전이행)
2023047321,2023-09-14,여자,불명,대구광역시,기타,사진촬영,계약해제.해지/위약금
2023047322,2023-09-14,남자,30 - 39세,경기도,국내온라인거래,필라테스,계약불이행(불완전이행)
2023047323,2023-09-14,여자,50 - 59세,서울특별시,일반판매,애완견,품질(물품/용역)
2023047324,2023-09-14,여자,20 - 29세,광주광역시,국내온라인거래,레저시설이용,청약철회
2023047325,2023-09-14,여자,30 - 39세,대전광역시,일반판매,헬스장,계약해제.해지/위약금
2023047326,2023-09-14,여자,65 - 69세,서울특별시,일반판매,전지,안전(제품/시설)
2023047327,2023-09-14,남자,30 - 39세,인천광역시,일반판매,이동전화서비스,청약철회
2023047328,2023-09-14,남자,50 - 59세,서울특별시,기타,마우스,품질(물품/용역)
2023047329,2023-09-14,여자,40 - 49세,경기도,일반판매,기타사설강습서비스,계약해제.해지/위약금
2023047330,2023-09-14,여자,30 - 39세,경기도,일반판매,기타가구,품질(물품/용역)
2023047331,2023-09-14,남자,30 - 39세,서울특별시,기타통신판매,애완식물(화분·분재),계약불이행(불완전이행)
2023047332,2023-09-14,여자,20 - 29세,경기도,국내온라인거래,여자용내의류,청약철회
2023047333,2023-09-14,여자,50 - 59세,서울특별시,일반판매,국내결혼중개,계약불이행(불완전이행)
2023047334,2023-09-14,여자,20 - 29세,경기도,일반판매,헬스장,계약해제.해지/위약금
2023047335,2023-09-14,남자,20 - 29세,경기도,일반판매,헬스장,계약해제.해지/위약금
2023047336,2023-09-14,남자,65 - 69세,경기도,기타,국외여행,계약해제.해지/위약금
2023047337,2023-09-14,여자,30 - 39세,경기도,일반판매,헬스장,계약해제.해지/위약금
2023047338,2023-09-14,여자,50 - 59세,경기도,국내온라인거래,기타숙박시설,이자.수수료
2023047339,2023-09-14,남자,40 - 49세,경기도,국내온라인거래,항공여객운송서비스,청약철회
2023047340,2023-09-14,남자,40 - 49세,경상북도,국내온라인거래,점퍼·재킷류,청약철회
2023047341,2023-09-14,여자,40 - 49세,충청북도,일반판매,모바일정보이용서비스,계약불이행(불완전이행)
2023047342,2023-09-14,남자,30 - 39세,광주광역시,일반판매,독서실이용,계약해제.해지/위약금
2023047343,2023-09-14,여자,50 - 59세,충청남도,일반판매,안마의자,품질(물품/용역)
2023047344,2023-09-14,여자,40 - 49세,부산광역시,기타,기타여행,계약해제.해지/위약금
2023047345,2023-09-14,여자,40 - 49세,서울특별시,전화권유판매,인터넷교육서비스,계약해제.해지/위약금
2023047346,2023-09-14,남자,40 - 49세,충청북도,국내온라인거래,인터넷게임서비스,청약철회
2023047347,2023-09-14,여자,30 - 39세,경기도,일반판매,사진촬영,계약불이행(불완전이행)
2023047348,2023-09-14,남자,30 - 39세,경기도,국내온라인거래,기타책상·테이블류,표시.광고
2023047349,2023-09-14,남자,20 - 29세,전라북도,국내온라인거래,건물청소서비스,품질(물품/용역)
2023047350,2023-09-14,여자,20 - 29세,경기도,일반판매,고시원이용,계약해제.해지/위약금
2023047351,2023-09-14,남자,20 - 29세,인천광역시,일반판매,헬스장,계약해제.해지/위약금
2023047352,2023-09-14,여자,20 - 29세,서울특별시,기타,포장이사운송서비스,계약불이행(불완전이행)
2023047353,2023-09-14,남자,40 - 49세,경기도,국내온라인거래,택배화물운송서비스,품질(물품/용역)
2023047354,2023-09-14,여자,60 - 64세,대구광역시,기타,기타조명기기,계약불이행(불완전이행)
2023047355,2023-09-14,여자,30 - 39세,대구광역시,국내온라인거래,영화관람,계약불이행(불완전이행)
2023047356,2023-09-14,여자,30 - 39세,경기도,국내온라인거래,셔츠,청약철회
2023047357,2023-09-14,남자,20 - 29세,서울특별시,일반판매,피부·체형관리서비스,계약해제.해지/위약금
2023047359,2023-09-15,남자,70 - 79세,서울특별시,TV홈쇼핑,시계,품질(물품/용역)
2023047360,2023-09-15,여자,40 - 49세,경기도,국내온라인거래,캐주얼바지,청약철회
2023047361,2023-09-15,남자,30 - 39세,전라북도,기타통신판매,쓰레기통,청약철회
2023047362,2023-09-15,여자,40 - 49세,부산광역시,국내온라인거래,항공여객운송서비스,계약해제.해지/위약금
2023047363,2023-09-15,남자,30 - 39세,충청남도,국내온라인거래,기타자동차용품,품질(물품/용역)
2023047364,2023-09-15,남자,30 - 39세,서울특별시,방문판매,컴퓨터수리,계약불이행(불완전이행)
2023047366,2023-09-15,남자,30 - 39세,경상남도,일반판매,양복(서양식 의복)세탁,품질(물품/용역)
2023047367,2023-09-15,남자,30 - 39세,경기도,국내온라인거래,기타가구,품질(물품/용역)
2023047368,2023-09-15,여자,50 - 59세,인천광역시,국내온라인거래,싱크대,품질(물품/용역)
2023047369,2023-09-15,남자,20 - 29세,서울특별시,모바일거래,중고자동차중개·매매,표시.광고
2023047370,2023-09-15,남자,40 - 49세,경상남도,일반판매,정수기대여(렌트),품질(물품/용역)
2023047371,2023-09-15,남자,40 - 49세,경기도,일반판매,기타건축자재,계약불이행(불완전이행)
2023047372,2023-09-15,여자,20 - 29세,경기도,일반판매,헬스장,계약해제.해지/위약금
2023047374,2023-09-15,여자,40 - 49세,경기도,국내온라인거래,전문스포츠화(축구화·골프화 등),품질(물품/용역)
2023047375,2023-09-15,남자,30 - 39세,서울특별시,일반판매,TV,품질(물품/용역)
2023047376,2023-09-15,남자,40 - 49세,경기도,방문판매,텐트,품질(물품/용역)
2023047377,2023-09-15,남자,65 - 69세,경상남도,기타통신판매,사과,품질(물품/용역)
2023047378,2023-09-15,여자,30 - 39세,광주광역시,전화권유판매,상조서비스,계약불이행(불완전이행)
2023047380,2023-09-15,여자,40 - 49세,경기도,TV홈쇼핑,음식물처리기대여(렌트),AS불만
2023047381,2023-09-15,남자,40 - 49세,서울특별시,일반판매,자동차대여(렌트),부당행위
2023047382,2023-09-15,남자,30 - 39세,경기도,기타,예식서비스,계약해제.해지/위약금
2023047383,2023-09-15,여자,40 - 49세,경기도,국내온라인거래,자동차보험,이자.수수료
2023047384,2023-09-15,남자,50 - 59세,충청남도,국내온라인거래,기타자동차부품,계약불이행(불완전이행)
2023047385,2023-09-15,남자,50 - 59세,경상남도,일반판매,소형승용자동차,품질(물품/용역)
2023047386,2023-09-15,여자,30 - 39세,울산광역시,모바일거래,호텔,계약해제.해지/위약금
2023047387,2023-09-15,남자,20 - 29세,서울특별시,국내온라인거래,양복(서양식 의복)세탁,품질(물품/용역)
2023047388,2023-09-15,남자,65 - 69세,경기도,일반판매,콘도회원권,계약해제.해지/위약금
2023047389,2023-09-15,남자,30 - 39세,서울특별시,일반판매,전기세탁기,AS불만
2023047390,2023-09-15,여자,50 - 59세,서울특별시,국내온라인거래,항공여객운송서비스,계약해제.해지/위약금
2023047391,2023-09-15,여자,50 - 59세,경상남도,전화권유판매,기타일반화장품,계약해제.해지/위약금
2023047392,2023-09-15,여자,20 - 29세,경기도,일반판매,헬스장,계약해제.해지/위약금
2023047393,2023-09-15,남자,30 - 39세,서울특별시,국제온라인거래,항공여객운송서비스,표시.광고
2023047394,2023-09-15,여자,30 - 39세,서울특별시,국내온라인거래,원피스,품질(물품/용역)
2023047395,2023-09-15,여자,60 - 64세,대구광역시,일반판매,실손보험,약관
2023047396,2023-09-15,여자,30 - 39세,광주광역시,일반판매,이동전화서비스,부당행위
2023047398,2023-09-15,여자,60 - 64세,대구광역시,일반판매,실손보험,약관
2023047399,2023-09-15,여자,30 - 39세,서울특별시,국내온라인거래,옷장,계약불이행(불완전이행)
2023047400,2023-09-15,여자,40 - 49세,경기도,일반판매,기타사설강습서비스,계약해제.해지/위약금
2023047401,2023-09-15,여자,65 - 69세,광주광역시,일반판매,기타인테리어설비,계약해제.해지/위약금
2023047402,2023-09-15,여자,40 - 49세,경기도,기타,포장이사운송서비스,품질(물품/용역)
2023047403,2023-09-15,여자,40 - 49세,경기도,일반판매,양복(서양식 의복)세탁,품질(물품/용역)
2023047405,2023-09-15,남자,불명,서울특별시,방문판매,의상대여(렌트),청약철회
2023047406,2023-09-15,남자,65 - 69세,서울특별시,일반판매,바닥재·마루공사,AS불만
2023047407,2023-09-15,남자,30 - 39세,경기도,일반판매,룸에어컨,AS불만
2023047409,2023-09-15,남자,70 - 79세,인천광역시,전화권유판매,모바일정보이용서비스,계약해제.해지/위약금
2023047410,2023-09-15,남자,50 - 59세,경상북도,일반판매,국외여행,계약불이행(불완전이행)
2023047411,2023-09-15,여자,65 - 69세,경상북도,일반판매,국외여행,계약불이행(불완전이행)
2023047412,2023-09-15,남자,50 - 59세,경상북도,일반판매,국외여행,계약불이행(불완전이행)
2023047413,2023-09-15,여자,50 - 59세,경상북도,일반판매,국외여행,계약불이행(불완전이행)
2023047414,2023-09-15,남자,50 - 59세,경기도,일반판매,의류수선,품질(물품/용역)
2023047415,2023-09-15,남자,30 - 39세,경상남도,일반판매,정수기,AS불만
2023047416,2023-09-15,남자,40 - 49세,경기도,일반판매,실손보험,계약불이행(불완전이행)
2023047417,2023-09-15,여자,40 - 49세,경기도,국내온라인거래,티셔츠,품질(물품/용역)
2023047418,2023-09-15,여자,50 - 59세,경상남도,방문판매,침대·매트리스대여(렌트),품질(물품/용역)
2023047419,2023-09-15,여자,불명,서울특별시,기타통신판매,이동전화서비스,청약철회
2023047420,2023-09-15,여자,20 - 29세,서울특별시,일반판매,한의원,계약해제.해지/위약금
2023047421,2023-09-15,남자,60 - 64세,서울특별시,일반판매,포장이사운송서비스,품질(물품/용역)
2023047422,2023-09-15,여자,불명,경기도,국내온라인거래,애완동·식물용품,계약불이행(불완전이행)
2023047423,2023-09-15,남자,40 - 49세,경상북도,국내온라인거래,기타가사용품,품질(물품/용역)
2023047424,2023-09-15,남자,30 - 39세,인천광역시,기타,기타전기,AS불만
2023047425,2023-09-15,남자,40 - 49세,경기도,일반판매,신유형상품권,거래관행
2023047426,2023-09-15,여자,50 - 59세,경기도,일반판매,지갑,청약철회
2023047427,2023-09-15,여자,50 - 59세,서울특별시,국내온라인거래,식기건조기,품질(물품/용역)
2023047428,2023-09-15,남자,60 - 64세,경기도,국내온라인거래,인덕션레인지,품질(물품/용역)
2023047429,2023-09-15,남자,40 - 49세,서울특별시,국내온라인거래,신유형상품권,약관
2023047430,2023-09-15,남자,30 - 39세,부산광역시,일반판매,핸드백,품질(물품/용역)
2023047432,2023-09-15,여자,40 - 49세,경기도,국내온라인거래,전등·전구,계약불이행(불완전이행)
2023047433,2023-09-15,여자,30 - 39세,경기도,국내온라인거래,TV,계약불이행(불완전이행)
2023047434,2023-09-15,남자,30 - 39세,경기도,일반판매,중형승용자동차,안전(제품/시설)
2023047435,2023-09-15,남자,20 - 29세,경기도,기타통신판매,기타미분류서비스,AS불만
2023047436,2023-09-15,여자,50 - 59세,서울특별시,일반판매,외식,계약불이행(불완전이행)
2023047437,2023-09-15,남자,50 - 59세,대전광역시,일반판매,골프회원권,계약불이행(불완전이행)
2023047438,2023-09-15,여자,40 - 49세,서울특별시,일반판매,기타사설강습서비스,계약해제.해지/위약금
2023047439,2023-09-15,남자,50 - 59세,경기도,일반판매,기타인테리어설비,품질(물품/용역)
2023047441,2023-09-15,여자,30 - 39세,서울특별시,일반판매,자동차대여(렌트),부당행위
2023047443,2023-09-15,남자,50 - 59세,대구광역시,국내온라인거래,미분류대여(렌트),계약해제.해지/위약금
2023047445,2023-09-15,남자,30 - 39세,경기도,일반판매,헬스장,계약해제.해지/위약금
2023047446,2023-09-15,여자,20 - 29세,경상북도,국내온라인거래,영화관람,계약불이행(불완전이행)
2023047447,2023-09-15,여자,50 - 59세,경기도,TV홈쇼핑,소파,품질(물품/용역)
2023047448,2023-09-15,여자,60 - 64세,광주광역시,일반판매,공중목욕탕,계약해제.해지/위약금
2023047449,2023-09-15,남자,20 - 29세,강원특별자치도,일반판매,예식서비스,계약해제.해지/위약금
2023047450,2023-09-15,남자,40 - 49세,충청남도,일반판매,건강(암·기타질병)보험,약관
2023047451,2023-09-15,여자,20 - 29세,서울특별시,국내온라인거래,양복(서양식 의복)세탁,품질(물품/용역)
2023047452,2023-09-15,여자,40 - 49세,전라남도,국내온라인거래,니트(스웨터),청약철회
2023047454,2023-09-15,남자,30 - 39세,인천광역시,모바일거래,국외여행,청약철회
2023047455,2023-09-15,여자,30 - 39세,서울특별시,국내온라인거래,운동화,청약철회
2023047456,2023-09-15,여자,30 - 39세,서울특별시,일반판매,피부·체형관리서비스,계약해제.해지/위약금
2023047457,2023-09-15,남자,60 - 64세,경기도,일반판매,애완견,품질(물품/용역)
2023047458,2023-09-15,남자,40 - 49세,경기도,일반판매,실손보험,약관
2023047459,2023-09-15,여자,60 - 64세,경기도,일반판매,건강(암·기타질병)보험,약관
2023047461,2023-09-15,여자,40 - 49세,부산광역시,노상판매,학습지,계약해제.해지/위약금
2023047462,2023-09-15,여자,30 - 39세,인천광역시,일반판매,골프회원권,계약해제.해지/위약금
2023047463,2023-09-15,여자,40 - 49세,경기도,일반판매,실손보험,약관
2023047464,2023-09-15,여자,70 - 79세,전라남도,일반판매,연금보험,약관
2023047465,2023-09-15,여자,40 - 49세,서울특별시,기타통신판매,고시원이용,청약철회
2023047466,2023-09-15,여자,30 - 39세,서울특별시,국내온라인거래,기타회원권,계약불이행(불완전이행)
2023047467,2023-09-15,여자,20 - 29세,서울특별시,국내온라인거래,점퍼·재킷류,품질(물품/용역)
2023047469,2023-09-15,여자,20 - 29세,경상북도,국내온라인거래,기타숙박시설,청약철회
2023047470,2023-09-15,남자,70 - 79세,대전광역시,일반판매,공제보험,약관
2023047471,2023-09-15,여자,30 - 39세,경기도,모바일거래,기타이·미용서비스,계약해제.해지/위약금
2023047472,2023-09-15,남자,30 - 39세,경기도,일반판매,헬스장,계약불이행(불완전이행)
2023047474,2023-09-15,남자,50 - 59세,대구광역시,국내온라인거래,수동청소기,AS불만
2023047475,2023-09-15,남자,40 - 49세,서울특별시,국내온라인거래,호텔,계약해제.해지/위약금
2023047476,2023-09-15,여자,70 - 79세,경기도,기타통신판매,제초기,품질(물품/용역)
2023047477,2023-09-15,남자,40 - 49세,강원특별자치도,일반판매,아파트,AS불만
2023047478,2023-09-15,여자,불명,경상남도,일반판매,기타가방,품질(물품/용역)
2023047479,2023-09-15,남자,40 - 49세,인천광역시,일반판매,이동전화서비스,가격.요금
2023047480,2023-09-15,남자,50 - 59세,경기도,일반판매,전문스포츠화(축구화·골프화 등),품질(물품/용역)
2023047481,2023-09-15,남자,30 - 39세,서울특별시,모바일거래,기타숙박시설,청약철회
2023047482,2023-09-15,남자,60 - 64세,경상남도,일반판매,자동차대여(렌트),부당행위
2023047483,2023-09-15,남자,30 - 39세,대구광역시,일반판매,전기자전거,품질(물품/용역)
2023047484,2023-09-15,여자,50 - 59세,충청남도,일반판매,숙녀화(구두·부츠 등),계약불이행(불완전이행)
2023047485,2023-09-15,남자,60 - 64세,경기도,국내온라인거래,메모리,품질(물품/용역)
2023047486,2023-09-15,남자,50 - 59세,제주도,기타,기타사설강습서비스,계약해제.해지/위약금
2023047487,2023-09-15,남자,60 - 64세,부산광역시,국내온라인거래,항공여객운송서비스,거래관행
2023047488,2023-09-15,여자,50 - 59세,부산광역시,일반판매,건강(암·기타질병)보험,약관
2023047489,2023-09-15,남자,30 - 39세,경기도,일반판매,신발세탁,계약불이행(불완전이행)
2023047490,2023-09-15,남자,20 - 29세,대전광역시,일반판매,기타가방,품질(물품/용역)
2023047491,2023-09-15,여자,50 - 59세,대전광역시,TV홈쇼핑,전기압력밥솥,품질(물품/용역)
2023047492,2023-09-15,여자,30 - 39세,경기도,일반판매,골프회원권,계약해제.해지/위약금
2023047493,2023-09-15,남자,50 - 59세,충청북도,국내온라인거래,기타건강식품,표시.광고
2023047494,2023-09-15,남자,40 - 49세,경기도,기타,스마트폰,품질(물품/용역)
2023047495,2023-09-15,남자,50 - 59세,서울특별시,전화권유판매,미분류대여(렌트),부당채권추심
2023047496,2023-09-15,여자,50 - 59세,경기도,일반판매,피부과,품질(물품/용역)
2023047497,2023-09-15,여자,70 - 79세,서울특별시,방문판매,콘도회원권,계약불이행(불완전이행)
2023047531,2023-09-15,남자,20 - 29세,경기도,일반판매,헬스장,계약해제.해지/위약금
2023047532,2023-09-15,여자,50 - 59세,경기도,일반판매,콘도회원권,계약해제.해지/위약금
2023047533,2023-09-15,남자,30 - 39세,서울특별시,국내온라인거래,모형완구,품질(물품/용역)
2023047534,2023-09-15,여자,30 - 39세,경기도,일반판매,예식서비스,계약해제.해지/위약금
2023047535,2023-09-15,남자,65 - 69세,대구광역시,일반판매,기타인테리어설비,계약불이행(불완전이행)
2023047536,2023-09-15,여자,30 - 39세,경기도,국내온라인거래,각종공연관람,계약불이행(불완전이행)
2023047537,2023-09-15,남자,40 - 49세,서울특별시,기타,택배화물운송서비스,계약불이행(불완전이행)
2023047538,2023-09-15,남자,30 - 39세,경기도,모바일거래,여관(모텔),표시.광고
2023047539,2023-09-15,여자,50 - 59세,광주광역시,국내온라인거래,건강침대(흙·돌등),품질(물품/용역)
2023047540,2023-09-15,여자,20 - 29세,대구광역시,일반판매,필라테스,계약불이행(불완전이행)
2023047541,2023-09-15,남자,40 - 49세,서울특별시,일반판매,포장이사운송서비스,품질(물품/용역)
2023047542,2023-09-15,여자,30 - 39세,서울특별시,국내온라인거래,기타가방,부당행위
2023047543,2023-09-15,여자,30 - 39세,경기도,국내온라인거래,영화관람,청약철회
2023047544,2023-09-15,여자,50 - 59세,서울특별시,기타,헬스장,청약철회
2023047545,2023-09-15,남자,30 - 39세,경상남도,국내온라인거래,항공여객운송서비스,계약불이행(불완전이행)
2023047546,2023-09-15,여자,30 - 39세,서울특별시,모바일거래,각종공연관람,계약불이행(불완전이행)
2023047547,2023-09-15,여자,40 - 49세,부산광역시,국내온라인거래,기타숙박시설,계약해제.해지/위약금
2023047548,2023-09-15,남자,20 - 29세,대구광역시,국내온라인거래,운동화,청약철회
2023047549,2023-09-15,여자,20 - 29세,서울특별시,기타통신판매,레저시설이용,표시.광고
2023047550,2023-09-15,남자,50 - 59세,경기도,국내온라인거래,여관(모텔),표시.광고
2023047551,2023-09-15,남자,40 - 49세,서울특별시,기타,예식서비스,품질(물품/용역)
2023047552,2023-09-15,남자,30 - 39세,충청북도,국내온라인거래,안경·안경테,AS불만
2023047553,2023-09-15,남자,50 - 59세,경기도,일반판매,레저시설이용,계약불이행(불완전이행)
2023047554,2023-09-15,여자,30 - 39세,서울특별시,국제온라인거래,항공여객운송서비스,계약불이행(불완전이행)
2023047555,2023-09-15,남자,30 - 39세,제주도,국내온라인거래,마우스,AS불만
2023047556,2023-09-15,여자,30 - 39세,서울특별시,소셜커머스(쇼핑),팬코일(이동식에어컨),품질(물품/용역)
2023047557,2023-09-15,남자,30 - 39세,서울특별시,일반판매,김치냉장고,품질(물품/용역)
2023047558,2023-09-15,여자,40 - 49세,인천광역시,기타,옷장,품질(물품/용역)
2023047559,2023-09-15,여자,20 - 29세,충청북도,방문판매,필라테스,계약해제.해지/위약금
2023047560,2023-09-15,남자,30 - 39세,경기도,국내온라인거래,메인보드,AS불만
2023047561,2023-09-15,여자,40 - 49세,경기도,국내온라인거래,음식물처리기,표시.광고
2023047562,2023-09-15,남자,40 - 49세,강원특별자치도,국내온라인거래,영양보충용제품,청약철회
2023047563,2023-09-15,여자,40 - 49세,서울특별시,일반판매,변호서비스,계약불이행(불완전이행)
2023047564,2023-09-15,여자,20 - 29세,서울특별시,방문판매,기타매체광고,계약불이행(불완전이행)
2023047565,2023-09-15,여자,20 - 29세,경기도,방문판매,애완견,품질(물품/용역)
2023047566,2023-09-15,남자,50 - 59세,서울특별시,기타,미용서비스,품질(물품/용역)
2023047567,2023-09-15,남자,30 - 39세,서울특별시,소셜커머스(쇼핑),카메라부품·용품,부당행위
2023047568,2023-09-15,여자,20 - 29세,경상북도,전화권유판매,기타매체광고,계약해제.해지/위약금
2023047569,2023-09-15,남자,40 - 49세,경상남도,국내온라인거래,티셔츠,청약철회
2023047570,2023-09-15,여자,20 - 29세,서울특별시,국내온라인거래,니트(스웨터),청약철회
2023047571,2023-09-15,남자,30 - 39세,서울특별시,일반판매,요가,계약해제.해지/위약금
2023047572,2023-09-15,여자,20 - 29세,경기도,국제온라인거래,항공여객운송서비스,계약불이행(불완전이행)
2023047573,2023-09-15,여자,40 - 49세,서울특별시,국내온라인거래,항공여객운송서비스,계약해제.해지/위약금
2023047574,2023-09-15,여자,30 - 39세,서울특별시,국제온라인거래,항공여객운송서비스,계약해제.해지/위약금
2023047575,2023-09-15,남자,30 - 39세,광주광역시,방문판매,헬스장,계약해제.해지/위약금
2023047576,2023-09-15,여자,40 - 49세,경기도,국내온라인거래,각종자격취득강습,청약철회
2023047577,2023-09-15,여자,20 - 29세,경상남도,소셜커머스(쇼핑),기타가구,계약해제.해지/위약금
2023047578,2023-09-15,여자,40 - 49세,인천광역시,방문판매,가스에어컨,단순문의.상담
2023047579,2023-09-15,남자,50 - 59세,서울특별시,일반판매,기타숙박시설,계약해제.해지/위약금
2023047580,2023-09-15,여자,40 - 49세,충청북도,일반판매,포장이사운송서비스,계약불이행(불완전이행)
2023047581,2023-09-15,여자,40 - 49세,경상북도,방문판매,전기장판,품질(물품/용역)
2023047582,2023-09-15,남자,30 - 39세,대구광역시,국내온라인거래,마우스,AS불만
2023047583,2023-09-15,여자,40 - 49세,제주도,기타,스마트폰,부당행위
2023047584,2023-09-15,여자,50 - 59세,충청남도,전화권유판매,기타건강식품,품질(물품/용역)
2023047585,2023-09-15,남자,20 - 29세,경기도,국내온라인거래,컴퓨터모니터(데스크탑),AS불만
2023047586,2023-09-15,남자,30 - 39세,광주광역시,국내온라인거래,기타식품류,청약철회
2023047587,2023-09-15,여자,20 - 29세,전라북도,전화권유판매,인터넷교육서비스,계약해제.해지/위약금
2023047588,2023-09-15,여자,40 - 49세,인천광역시,소셜커머스(쇼핑),미분류대여(렌트),계약해제.해지/위약금
2023047589,2023-09-15,여자,60 - 64세,대구광역시,일반판매,시계,품질(물품/용역)
2023047590,2023-09-15,남자,40 - 49세,서울특별시,일반판매,이동전화서비스,품질(물품/용역)
2023047591,2023-09-15,여자,30 - 39세,전라남도,국내온라인거래,각종자격취득강습,계약해제.해지/위약금
2023047592,2023-09-15,여자,20 - 29세,경기도,국내온라인거래,전기고데기,청약철회
2023047593,2023-09-15,여자,30 - 39세,서울특별시,소셜커머스(쇼핑),노트북컴퓨터,청약철회
2023047594,2023-09-15,남자,30 - 39세,경기도,국내온라인거래,모니터,품질(물품/용역)
2023047595,2023-09-15,남자,40 - 49세,경기도,모바일거래,기타민영보험,부당행위
2023047596,2023-09-15,남자,20 - 29세,인천광역시,소셜커머스(쇼핑),마우스,청약철회
2023047597,2023-09-15,여자,30 - 39세,부산광역시,국내온라인거래,기타숙박시설,계약불이행(불완전이행)
2023047598,2023-09-15,남자,40 - 49세,충청남도,국내온라인거래,운동화,청약철회
2023047599,2023-09-15,여자,30 - 39세,경기도,국내온라인거래,사기그릇,가격.요금
2023047600,2023-09-15,여자,20 - 29세,서울특별시,국내온라인거래,국외여행,청약철회
2023047601,2023-09-15,여자,20 - 29세,대전광역시,일반판매,항공여객운송서비스,계약불이행(불완전이행)
2023047602,2023-09-15,여자,40 - 49세,서울특별시,일반판매,IPTV,부당행위
2023047603,2023-09-15,여자,20 - 29세,충청북도,일반판매,헬스장,계약해제.해지/위약금
2023047604,2023-09-15,여자,20 - 29세,강원특별자치도,기타,인터넷교육서비스,계약해제.해지/위약금
2023047605,2023-09-15,여자,40 - 49세,강원특별자치도,국내온라인거래,기타의자류,품질(물품/용역)
2023047606,2023-09-15,남자,40 - 49세,경상북도,기타통신판매,스마트폰,AS불만
2023047607,2023-09-15,남자,50 - 59세,경상남도,기타,안마의자,AS불만
2023047608,2023-09-15,여자,40 - 49세,부산광역시,국내온라인거래,기타의류·섬유,표시.광고
2023047609,2023-09-15,여자,30 - 39세,세종특별자치시,국내온라인거래,펜션,계약해제.해지/위약금
2023047610,2023-09-15,여자,20 - 29세,서울특별시,일반판매,필라테스,계약해제.해지/위약금
2023047611,2023-09-15,여자,30 - 39세,서울특별시,일반판매,헬스장,청약철회
2023047612,2023-09-15,여자,40 - 49세,서울특별시,일반판매,기타육류·육류가공식품,안전(제품/시설)
2023047613,2023-09-15,남자,40 - 49세,서울특별시,일반판매,중형승용자동차,계약해제.해지/위약금
2023047614,2023-09-15,여자,30 - 39세,대구광역시,국내온라인거래,펜션,청약철회
2023047615,2023-09-15,여자,20 - 29세,대구광역시,국내온라인거래,점퍼·재킷류,청약철회
2023047616,2023-09-15,여자,20 - 29세,부산광역시,전화권유판매,인터넷교육서비스,부당행위
2023047617,2023-09-15,여자,20 - 29세,경기도,일반판매,초음파방충기,품질(물품/용역)
2023047618,2023-09-15,남자,40 - 49세,서울특별시,모바일거래,전기포트,AS불만
2023047619,2023-09-15,여자,30 - 39세,광주광역시,국내온라인거래,통신기기케이스,청약철회
2023047620,2023-09-15,여자,30 - 39세,서울특별시,국제온라인거래,항공여객운송서비스,계약불이행(불완전이행)
2023047621,2023-09-15,여자,20 - 29세,경상남도,기타통신판매,티셔츠,청약철회
2023047622,2023-09-15,남자,30 - 39세,충청북도,국내온라인거래,통신기기케이스,청약철회
2023047623,2023-09-15,여자,40 - 49세,경기도,일반판매,외식,부당행위
2023047624,2023-09-15,여자,10 - 19세,서울특별시,모바일거래,기타서적음반류,계약불이행(불완전이행)
2023047625,2023-09-15,여자,30 - 39세,강원특별자치도,노상판매,인터넷교육서비스,계약해제.해지/위약금
2023047626,2023-09-16,여자,40 - 49세,부산광역시,방문판매,인터넷교육서비스,계약해제.해지/위약금
2023047627,2023-09-16,여자,20 - 29세,경기도,소셜커머스(쇼핑),원피스,청약철회
2023047628,2023-09-16,남자,50 - 59세,대구광역시,일반판매,기타주택·건물,AS불만
2023047629,2023-09-16,여자,10 - 19세,경상남도,국내온라인거래,노트·수첩·앨범등,품질(물품/용역)
2023047630,2023-09-16,여자,30 - 39세,부산광역시,국내온라인거래,기타완구·인형,청약철회
2023047631,2023-09-16,여자,20 - 29세,인천광역시,일반판매,필라테스,계약불이행(불완전이행)
2023047632,2023-09-16,남자,20 - 29세,부산광역시,국내온라인거래,트레이닝기구,청약철회
2023047633,2023-09-16,여자,40 - 49세,충청북도,기타,포장이사운송서비스,계약불이행(불완전이행)
2023047634,2023-09-16,남자,20 - 29세,경기도,일반판매,국내결혼중개,계약해제.해지/위약금
2023047636,2023-09-16,남자,40 - 49세,서울특별시,모바일거래,모바일게임서비스,무능력자계약
2023047637,2023-09-16,남자,40 - 49세,부산광역시,국내온라인거래,닭고기포장육,계약불이행(불완전이행)
2023047638,2023-09-16,여자,40 - 49세,서울특별시,일반판매,요가,계약해제.해지/위약금
2023047639,2023-09-16,여자,30 - 39세,경기도,일반판매,헬스장,계약해제.해지/위약금
2023047640,2023-09-16,여자,40 - 49세,경기도,일반판매,신발세탁,품질(물품/용역)
2023047641,2023-09-16,남자,30 - 39세,서울특별시,국내온라인거래,소프트웨어,계약해제.해지/위약금
2023047642,2023-09-16,남자,30 - 39세,경기도,방문판매,휴대폰(2G),청약철회
2023047643,2023-09-16,남자,40 - 49세,서울특별시,국제온라인거래,기타숙박시설,품질(물품/용역)
2023047644,2023-09-16,남자,30 - 39세,경기도,일반판매,국내결혼중개,계약해제.해지/위약금
2023047645,2023-09-16,여자,30 - 39세,대전광역시,국내온라인거래,기타내의류,부당행위
2023047646,2023-09-16,남자,50 - 59세,경기도,소셜커머스(쇼핑),기타일반화장품,계약불이행(불완전이행)
2023047647,2023-09-16,남자,30 - 39세,인천광역시,일반판매,TV,AS불만
2023047648,2023-09-16,여자,20 - 29세,인천광역시,일반판매,헬스장,계약해제.해지/위약금
2023047649,2023-09-17,여자,20 - 29세,서울특별시,일반판매,헬스장,계약해제.해지/위약금
2023047650,2023-09-17,여자,50 - 59세,서울특별시,기타,정수기대여(렌트),품질(물품/용역)
2023047651,2023-09-17,남자,20 - 29세,경기도,일반판매,헬스장,계약해제.해지/위약금
2023047652,2023-09-17,남자,30 - 39세,경기도,일반판매,펜션,계약해제.해지/위약금
2023047653,2023-09-17,여자,50 - 59세,부산광역시,국내온라인거래,기타의류·섬유,청약철회
2023047654,2023-09-17,남자,30 - 39세,부산광역시,일반판매,국내결혼중개,계약해제.해지/위약금
2023047655,2023-09-17,여자,20 - 29세,서울특별시,모바일거래,국외여행,계약해제.해지/위약금
2023047656,2023-09-17,여자,40 - 49세,서울특별시,일반판매,콘택트렌즈·용품,계약불이행(불완전이행)
2023047657,2023-09-17,여자,20 - 29세,경기도,기타통신판매,부업알선,계약해제.해지/위약금
2023047658,2023-09-17,여자,30 - 39세,인천광역시,기타,기타미분류서비스,AS불만
2023047659,2023-09-17,남자,40 - 49세,인천광역시,방문판매,콘도회원권,계약해제.해지/위약금
2023047660,2023-09-17,여자,20 - 29세,인천광역시,일반판매,헬스장,계약해제.해지/위약금
2023047661,2023-09-17,여자,30 - 39세,서울특별시,후원방문판매,화장품세트,품질(물품/용역)
2023047662,2023-09-17,남자,50 - 59세,서울특별시,국내온라인거래,노트북컴퓨터,부당행위
2023047663,2023-09-18,여자,50 - 59세,대구광역시,일반판매,초고속인터넷,계약해제.해지/위약금
2023047664,2023-09-18,남자,30 - 39세,서울특별시,국내온라인거래,항공여객운송서비스,청약철회
2023047665,2023-09-18,여자,40 - 49세,서울특별시,일반판매,헬스장,계약해제.해지/위약금
2023047666,2023-09-18,여자,20 - 29세,서울특별시,일반판매,헬스장,계약해제.해지/위약금
2023047667,2023-09-18,여자,50 - 59세,경상남도,기타통신판매,효소함유제품,계약해제.해지/위약금
2023047668,2023-09-18,남자,65 - 69세,서울특별시,방문판매,각종자격취득강습,계약해제.해지/위약금
2023047669,2023-09-18,남자,40 - 49세,경기도,국내온라인거래,인터넷정보이용서비스,계약해제.해지/위약금
2023047670,2023-09-18,여자,65 - 69세,서울특별시,일반판매,방습제,품질(물품/용역)
2023047671,2023-09-18,여자,40 - 49세,서울특별시,일반판매,이동전화서비스,계약불이행(불완전이행)
2023047672,2023-09-18,여자,70 - 79세,대구광역시,전화권유판매,이동전화서비스,계약불이행(불완전이행)
2023047674,2023-09-18,여자,30 - 39세,경기도,모바일거래,건물청소서비스,계약불이행(불완전이행)
2023047675,2023-09-18,남자,80세이상,충청북도,기타통신판매,가스보일러,품질(물품/용역)
2023047676,2023-09-18,여자,40 - 49세,경상남도,일반판매,점퍼·재킷류,품질(물품/용역)
2023047677,2023-09-18,남자,60 - 64세,서울특별시,국내온라인거래,기타미분류물품,청약철회
2023047678,2023-09-18,여자,65 - 69세,전라남도,일반판매,운동화,청약철회
2023047679,2023-09-18,남자,30 - 39세,서울특별시,국내온라인거래,"OTT서비스(넷플릭스,왓챠 등)",계약해제.해지/위약금
2023047680,2023-09-18,남자,30 - 39세,강원특별자치도,국내온라인거래,기타자전거용품,품질(물품/용역)
2023047681,2023-09-18,남자,40 - 49세,서울특별시,일반판매,오토바이,AS불만
2023047682,2023-09-18,여자,50 - 59세,경기도,국내온라인거래,티셔츠,품질(물품/용역)
2023047683,2023-09-18,남자,50 - 59세,대전광역시,국내온라인거래,국외여행,계약불이행(불완전이행)
2023047684,2023-09-18,남자,40 - 49세,경기도,국내온라인거래,자동차대여(렌트),표시.광고
2023047685,2023-09-18,여자,30 - 39세,서울특별시,기타,결혼준비대행서비스,계약해제.해지/위약금
2023047686,2023-09-18,남자,40 - 49세,경기도,모바일거래,대형승용자동차,계약불이행(불완전이행)
2023047687,2023-09-18,여자,30 - 39세,경기도,국내온라인거래,스커트,품질(물품/용역)
2023047688,2023-09-18,여자,20 - 29세,서울특별시,일반판매,실손보험,계약불이행(불완전이행)
2023047689,2023-09-18,여자,20 - 29세,경상북도,기타,헬스장,계약해제.해지/위약금
2023047690,2023-09-18,여자,30 - 39세,서울특별시,일반판매,피부·체형관리서비스,계약해제.해지/위약금
2023047691,2023-09-18,여자,40 - 49세,경기도,국내온라인거래,스커트,품질(물품/용역)
2023047692,2023-09-18,남자,30 - 39세,서울특별시,국내온라인거래,스프링매트리스,청약철회
2023047693,2023-09-18,여자,50 - 59세,인천광역시,일반판매,종합체육시설회원권,계약해제.해지/위약금
2023047694,2023-09-18,남자,50 - 59세,경상남도,일반판매,양복(서양식 의복)세탁,품질(물품/용역)
2023047695,2023-09-18,여자,30 - 39세,경상남도,일반판매,양복(서양식 의복)세탁,품질(물품/용역)
2023047696,2023-09-18,여자,30 - 39세,경기도,국내온라인거래,건물청소서비스,계약불이행(불완전이행)
2023047697,2023-09-18,여자,65 - 69세,서울특별시,국내온라인거래,콩기름,계약불이행(불완전이행)
2023047698,2023-09-18,여자,40 - 49세,경기도,일반판매,여자용내의류,계약해제.해지/위약금
2023047699,2023-09-18,남자,불명,서울특별시,일반판매,모자,품질(물품/용역)
2023047700,2023-09-18,여자,40 - 49세,서울특별시,일반판매,점퍼·재킷류,품질(물품/용역)
2023047701,2023-09-18,여자,30 - 39세,부산광역시,일반판매,헤어드라이어,계약불이행(불완전이행)
2023047702,2023-09-18,남자,65 - 69세,서울특별시,일반판매,모자,품질(물품/용역)
2023047703,2023-09-18,여자,60 - 64세,전라북도,일반판매,헬스장,계약해제.해지/위약금
2023047704,2023-09-18,남자,20 - 29세,광주광역시,기타통신판매,인터넷교육서비스,청약철회
2023047705,2023-09-18,여자,20 - 29세,전라남도,일반판매,헬스장,계약해제.해지/위약금
2023047706,2023-09-18,남자,60 - 64세,경기도,소셜커머스(쇼핑),물호스,표시.광고
2023047707,2023-09-18,여자,50 - 59세,울산광역시,일반판매,타이어,AS불만
2023047708,2023-09-18,여자,80세이상,부산광역시,방문판매,기타건강식품,거래관행
2023047709,2023-09-18,여자,50 - 59세,충청남도,국내온라인거래,포장이사운송서비스,부당행위
2023047710,2023-09-18,남자,30 - 39세,제주도,전화권유판매,인터넷정보이용서비스,계약해제.해지/위약금
2023047711,2023-09-18,남자,불명,대전광역시,일반판매,기타가방,품질(물품/용역)
2023047712,2023-09-18,남자,65 - 69세,경상남도,일반판매,항공여객운송서비스,계약해제.해지/위약금
2023047713,2023-09-18,남자,40 - 49세,부산광역시,기타통신판매,기타건강식품,계약불이행(불완전이행)
2023047714,2023-09-18,남자,40 - 49세,경기도,기타통신판매,위성방송,계약해제.해지/위약금
2023047715,2023-09-18,남자,40 - 49세,경기도,국내온라인거래,전자담배,품질(물품/용역)
2023047716,2023-09-18,남자,40 - 49세,경기도,국내온라인거래,국외여행,계약불이행(불완전이행)
2023047717,2023-09-18,남자,30 - 39세,인천광역시,기타통신판매,트레이닝기구,품질(물품/용역)
2023047718,2023-09-18,여자,30 - 39세,서울특별시,일반판매,헬스장,계약해제.해지/위약금
2023047719,2023-09-18,여자,50 - 59세,경상남도,일반판매,신사화(구두·부츠 등),품질(물품/용역)
2023047720,2023-09-18,남자,50 - 59세,경기도,기타,이동전화서비스,계약해제.해지/위약금
2023047721,2023-09-18,여자,30 - 39세,경상북도,국내온라인거래,기타스포츠·레저기구·용품,품질(물품/용역)
2023047722,2023-09-18,여자,30 - 39세,강원특별자치도,모바일거래,신유형상품권,계약불이행(불완전이행)
2023047723,2023-09-18,남자,60 - 64세,광주광역시,일반판매,상해보험,약관
2023047724,2023-09-18,남자,40 - 49세,경상북도,일반판매,양복(서양식 의복)세탁,품질(물품/용역)
2023047725,2023-09-18,남자,40 - 49세,인천광역시,국내온라인거래,운동화,계약불이행(불완전이행)
2023047726,2023-09-18,여자,20 - 29세,대전광역시,일반판매,헬스장,계약해제.해지/위약금
2023047727,2023-09-18,여자,50 - 59세,서울특별시,일반판매,원피스,품질(물품/용역)
2023047728,2023-09-18,여자,60 - 64세,경기도,일반판매,숙녀화(구두·부츠 등),계약불이행(불완전이행)
2023047729,2023-09-18,남자,40 - 49세,인천광역시,일반판매,중고자동차중개·매매,표시.광고
2023047730,2023-09-18,남자,50 - 59세,서울특별시,일반판매,버스여객운송서비스,가격.요금
2023047731,2023-09-18,남자,50 - 59세,서울특별시,일반판매,운동화,품질(물품/용역)
2023047732,2023-09-18,여자,20 - 29세,부산광역시,국내온라인거래,신유형상품권,계약불이행(불완전이행)
2023047733,2023-09-18,남자,50 - 59세,제주도,일반판매,비뇨의학과,품질(물품/용역)
2023047734,2023-09-18,여자,20 - 29세,서울특별시,일반판매,성형외과,품질(물품/용역)
2023047735,2023-09-18,여자,50 - 59세,대전광역시,일반판매,건강(암·기타질병)보험,약관
2023047736,2023-09-18,여자,30 - 39세,경기도,일반판매,샌들·슬리퍼,품질(물품/용역)
2023047737,2023-09-18,남자,30 - 39세,서울특별시,국내온라인거래,기타신발·용품,청약철회
2023047738,2023-09-18,남자,50 - 59세,부산광역시,일반판매,중형승용자동차,가격.요금
2023047739,2023-09-18,여자,50 - 59세,충청북도,기타통신판매,모바일정보이용서비스,계약해제.해지/위약금
2023047740,2023-09-18,여자,40 - 49세,제주도,국내온라인거래,전문스포츠화(축구화·골프화 등),품질(물품/용역)
2023047741,2023-09-18,여자,30 - 39세,전라북도,일반판매,성형외과,계약해제.해지/위약금
2023047742,2023-09-18,여자,60 - 64세,경기도,기타통신판매,중고자동차중개·매매,청약철회
2023047743,2023-09-18,남자,80세이상,서울특별시,기타통신판매,총기,청약철회
2023047744,2023-09-18,여자,30 - 39세,경기도,일반판매,예식서비스,계약해제.해지/위약금
2023047747,2023-09-18,남자,20 - 29세,서울특별시,소셜커머스(쇼핑),스피커,계약불이행(불완전이행)
2023047748,2023-09-18,남자,50 - 59세,대전광역시,일반판매,자동차수리·점검,AS불만
2023047749,2023-09-18,남자,30 - 39세,인천광역시,소셜커머스(쇼핑),애완동·식물용품,품질(물품/용역)
2023047750,2023-09-18,여자,50 - 59세,서울특별시,국내온라인거래,라텍스매트리스,품질(물품/용역)
2023047751,2023-09-18,여자,70 - 79세,경기도,일반판매,서랍장,품질(물품/용역)
2023047752,2023-09-18,남자,30 - 39세,경상남도,기타통신판매,자동차주유,부당행위
2023047753,2023-09-18,여자,50 - 59세,경기도,기타,기타가스·급배수설비,품질(물품/용역)
2023047754,2023-09-18,여자,65 - 69세,대전광역시,일반판매,등산화,품질(물품/용역)
2023047755,2023-09-18,여자,50 - 59세,경기도,일반판매,샌들·슬리퍼,품질(물품/용역)
2023047756,2023-09-18,여자,50 - 59세,대전광역시,일반판매,운동화,품질(물품/용역)
2023047757,2023-09-18,여자,30 - 39세,부산광역시,일반판매,자동차주차장,표시.광고
2023047758,2023-09-18,남자,40 - 49세,경기도,일반판매,자동차대여(렌트),AS불만
2023047759,2023-09-18,여자,20 - 29세,서울특별시,국내온라인거래,기타신변용품,품질(물품/용역)
2023047760,2023-09-18,남자,50 - 59세,울산광역시,국내온라인거래,책상,청약철회
2023047761,2023-09-18,여자,30 - 39세,경기도,국내온라인거래,점퍼·재킷류,청약철회
2023047762,2023-09-18,남자,30 - 39세,경기도,국내온라인거래,양복(서양식 의복)세탁,품질(물품/용역)
2023047763,2023-09-18,여자,60 - 64세,대전광역시,일반판매,욕실설비,계약불이행(불완전이행)
2023047764,2023-09-18,남자,20 - 29세,서울특별시,일반판매,택배화물운송서비스,계약불이행(불완전이행)
2023047765,2023-09-18,여자,20 - 29세,충청남도,일반판매,헬스장,계약해제.해지/위약금
2023047766,2023-09-18,여자,30 - 39세,제주도,국내온라인거래,티셔츠,품질(물품/용역)
2023047767,2023-09-18,여자,20 - 29세,경기도,국내온라인거래,시계,계약불이행(불완전이행)
2023047768,2023-09-18,여자,30 - 39세,광주광역시,국내온라인거래,사진촬영,청약철회
2023047769,2023-09-18,남자,50 - 59세,경기도,일반판매,항공여객운송서비스,계약불이행(불완전이행)
2023047770,2023-09-18,여자,20 - 29세,서울특별시,일반판매,헬스장,계약해제.해지/위약금
2023047772,2023-09-18,여자,40 - 49세,서울특별시,국내온라인거래,각종공연관람,청약철회
2023047773,2023-09-18,여자,40 - 49세,서울특별시,국제온라인거래,항공여객운송서비스,계약불이행(불완전이행)
2023047774,2023-09-18,여자,40 - 49세,경기도,국내온라인거래,건물청소서비스,계약불이행(불완전이행)
2023047775,2023-09-18,여자,30 - 39세,경기도,일반판매,일반강습(입시학원등),계약해제.해지/위약금
2023047776,2023-09-18,남자,20 - 29세,경기도,국내온라인거래,컴퓨터수리,품질(물품/용역)
2023047777,2023-09-18,여자,30 - 39세,인천광역시,일반판매,헬스장,계약해제.해지/위약금
2023047778,2023-09-18,여자,40 - 49세,부산광역시,일반판매,소파,계약해제.해지/위약금
2023047779,2023-09-18,남자,40 - 49세,서울특별시,국내온라인거래,기타의료용구,표시.광고
2023047780,2023-09-18,여자,30 - 39세,경상남도,모바일거래,기타미분류물품,계약해제.해지/위약금
2023047781,2023-09-18,남자,30 - 39세,경기도,일반판매,기타스포츠·레저기구·용품,계약불이행(불완전이행)
2023047782,2023-09-18,남자,40 - 49세,서울특별시,국내온라인거래,기타놀이·게임기구,표시.광고
2023047783,2023-09-18,남자,40 - 49세,경상남도,기타,연수기대여(렌트),AS불만
2023047784,2023-09-18,남자,30 - 39세,경상남도,소셜커머스(쇼핑),스마트폰,품질(물품/용역)
2023047785,2023-09-18,여자,30 - 39세,부산광역시,일반판매,미용서비스,품질(물품/용역)
2023047786,2023-09-18,여자,20 - 29세,서울특별시,일반판매,필라테스,계약해제.해지/위약금
2023047787,2023-09-18,여자,20 - 29세,전라남도,국내온라인거래,샌들·슬리퍼,청약철회
2023047789,2023-09-18,남자,30 - 39세,경기도,국내온라인거래,기타미분류물품,품질(물품/용역)
2023047790,2023-09-18,여자,40 - 49세,서울특별시,국내온라인거래,국내결혼중개,청약철회
2023047791,2023-09-18,남자,30 - 39세,경상남도,기타,시스템에어컨,계약불이행(불완전이행)
2023047792,2023-09-18,남자,30 - 39세,인천광역시,일반판매,외식,약관
2023047793,2023-09-18,남자,30 - 39세,경기도,일반판매,이동전화서비스,청약철회
2023047794,2023-09-18,남자,40 - 49세,대전광역시,일반판매,헬스장,계약해제.해지/위약금
2023047795,2023-09-18,남자,65 - 69세,인천광역시,일반판매,룸에어컨,품질(물품/용역)
2023047796,2023-09-18,남자,30 - 39세,경기도,일반판매,결혼준비대행서비스,계약해제.해지/위약금
2023047797,2023-09-18,여자,30 - 39세,충청북도,기타통신판매,정수기대여(렌트),품질(물품/용역)
2023047798,2023-09-18,여자,30 - 39세,경기도,일반판매,미용서비스,품질(물품/용역)
2023047800,2023-09-18,남자,40 - 49세,경상남도,기타,기타행정서비스,계약해제.해지/위약금
2023047801,2023-09-18,남자,30 - 39세,경기도,전화권유판매,유사투자자문,계약해제.해지/위약금
2023047802,2023-09-18,여자,30 - 39세,강원특별자치도,일반판매,애완동물이·미용서비스,부당행위
2023047803,2023-09-18,여자,50 - 59세,경상북도,기타,선글라스,청약철회
2023047804,2023-09-18,여자,40 - 49세,전라남도,일반판매,학습지,계약해제.해지/위약금
2023047805,2023-09-18,여자,30 - 39세,서울특별시,일반판매,쇠고기,품질(물품/용역)
2023047806,2023-09-18,여자,30 - 39세,인천광역시,일반판매,기타이·미용서비스,계약해제.해지/위약금
2023047807,2023-09-18,여자,30 - 39세,경기도,국내온라인거래,지갑,청약철회
2023047808,2023-09-18,남자,50 - 59세,경상남도,국내온라인거래,기타건강식품,계약불이행(불완전이행)
2023047809,2023-09-18,여자,20 - 29세,전라북도,국내온라인거래,닭고기포장육,품질(물품/용역)
2023047810,2023-09-18,여자,40 - 49세,경기도,소셜커머스(쇼핑),전기고데기,AS불만
2023047811,2023-09-18,여자,20 - 29세,충청북도,일반판매,항공여객운송서비스,계약해제.해지/위약금
2023047812,2023-09-18,남자,20 - 29세,경기도,국내온라인거래,미분류대여(렌트),청약철회
2023047813,2023-09-18,남자,40 - 49세,서울특별시,국제온라인거래,항공여객운송서비스,가격.요금
2023047814,2023-09-18,여자,50 - 59세,경상북도,일반판매,보석·귀금속,계약불이행(불완전이행)
2023047815,2023-09-18,남자,30 - 39세,경기도,일반판매,기타인테리어설비,AS불만
2023047816,2023-09-18,남자,50 - 59세,경기도,국내온라인거래,김치냉장고,품질(물품/용역)
2023047817,2023-09-18,여자,40 - 49세,경기도,일반판매,인터넷교육서비스,계약해제.해지/위약금
2023047818,2023-09-18,여자,30 - 39세,경상남도,일반판매,인쇄서비스,청약철회
2023047819,2023-09-18,남자,30 - 39세,서울특별시,기타통신판매,국외여행,계약해제.해지/위약금
2023047820,2023-09-18,남자,20 - 29세,충청북도,국내온라인거래,컴퓨터모니터(데스크탑),품질(물품/용역)
2023047821,2023-09-18,여자,40 - 49세,전라남도,일반판매,학습지,계약해제.해지/위약금
2023047822,2023-09-18,여자,40 - 49세,경상북도,소셜커머스(쇼핑),기타일반화장품,표시.광고
2023047823,2023-09-18,남자,40 - 49세,경기도,국내온라인거래,점퍼·재킷류,계약불이행(불완전이행)
2023047824,2023-09-18,남자,30 - 39세,서울특별시,국내온라인거래,기타어패류·어패류가공식품,표시.광고
2023047825,2023-09-18,여자,20 - 29세,서울특별시,일반판매,스포츠시설이용,계약해제.해지/위약금
2023047826,2023-09-18,남자,40 - 49세,서울특별시,모바일거래,캐주얼바지,청약철회
2023047827,2023-09-18,여자,40 - 49세,서울특별시,소셜커머스(쇼핑),기타책상·테이블류,품질(물품/용역)
2023047828,2023-09-18,여자,20 - 29세,인천광역시,국내온라인거래,지갑,청약철회
2023047829,2023-09-18,남자,30 - 39세,경기도,국내온라인거래,기타문화·오락시설이용,청약철회
2023047830,2023-09-18,여자,20 - 29세,서울특별시,일반판매,도배공사,품질(물품/용역)
2023047831,2023-09-18,남자,30 - 39세,서울특별시,일반판매,예식서비스,계약해제.해지/위약금
2023047832,2023-09-18,여자,30 - 39세,경기도,일반판매,의상대여(렌트),청약철회
2023047833,2023-09-18,남자,30 - 39세,경기도,일반판매,기타통신기기,품질(물품/용역)
2023047834,2023-09-18,남자,50 - 59세,경상북도,방문판매,기타인테리어설비,청약철회
2023047835,2023-09-18,여자,20 - 29세,서울특별시,방문판매,헬스장,계약해제.해지/위약금
2023047836,2023-09-18,여자,50 - 59세,경기도,국내온라인거래,룸에어컨,품질(물품/용역)
2023047837,2023-09-18,여자,40 - 49세,경기도,국내온라인거래,숙녀복하의,청약철회
2023047838,2023-09-18,여자,30 - 39세,서울특별시,국내온라인거래,기타사설강습서비스,품질(물품/용역)
2023047839,2023-09-18,여자,20 - 29세,전라남도,국내온라인거래,점퍼·재킷류,청약철회
2023047840,2023-09-18,남자,30 - 39세,부산광역시,전화권유판매,노트북컴퓨터,청약철회
2023047841,2023-09-18,여자,20 - 29세,충청남도,국내온라인거래,기타스포츠·레저기구·용품,청약철회
2023047842,2023-09-18,여자,30 - 39세,부산광역시,방문판매,학습지,계약해제.해지/위약금
2023047843,2023-09-18,여자,50 - 59세,경기도,소셜커머스(쇼핑),룸에어컨,청약철회
2023047844,2023-09-18,여자,30 - 39세,경기도,전화권유판매,기타매체광고,계약해제.해지/위약금
2023047845,2023-09-18,여자,30 - 39세,전라북도,전화권유판매,국내결혼중개,계약해제.해지/위약금
2023047846,2023-09-18,남자,40 - 49세,경상남도,일반판매,국외여행,계약해제.해지/위약금
2023047847,2023-09-18,여자,20 - 29세,경기도,일반판매,요가,계약불이행(불완전이행)
2023047848,2023-09-18,여자,50 - 59세,경상북도,국내온라인거래,시스템에어컨,표시.광고
2023047849,2023-09-18,남자,40 - 49세,경기도,국내온라인거래,등산화,품질(물품/용역)
2023047850,2023-09-18,남자,65 - 69세,경기도,국내온라인거래,토마토,청약철회
2023047851,2023-09-18,남자,30 - 39세,충청북도,일반판매,필라테스,계약해제.해지/위약금
2023047852,2023-09-18,여자,65 - 69세,서울특별시,일반판매,건강침대(흙·돌등),청약철회
2023047853,2023-09-18,여자,50 - 59세,경기도,소셜커머스(쇼핑),기타어패류·어패류가공식품,품질(물품/용역)
2023047854,2023-09-18,여자,30 - 39세,서울특별시,국내온라인거래,비디오카메라,청약철회
2023047855,2023-09-18,여자,20 - 29세,경기도,모바일거래,기타사설강습서비스,계약해제.해지/위약금
2023047856,2023-09-18,여자,30 - 39세,서울특별시,국내온라인거래,가스레인지,부당행위
2023047857,2023-09-18,여자,30 - 39세,서울특별시,기타,종합체육시설회원권,계약해제.해지/위약금
2023047858,2023-09-18,여자,20 - 29세,부산광역시,모바일거래,사진촬영,계약불이행(불완전이행)
2023047859,2023-09-18,여자,20 - 29세,강원특별자치도,일반판매,피부·체형관리서비스,계약해제.해지/위약금
2023047860,2023-09-19,남자,40 - 49세,강원특별자치도,국내온라인거래,침대,품질(물품/용역)
2023047861,2023-09-19,남자,50 - 59세,서울특별시,일반판매,대형승용자동차,계약불이행(불완전이행)
2023047862,2023-09-19,여자,50 - 59세,경기도,전화권유판매,오피스텔,청약철회
2023047863,2023-09-19,남자,40 - 49세,부산광역시,국내온라인거래,자동차대여(렌트),계약불이행(불완전이행)
2023047865,2023-09-19,여자,20 - 29세,경기도,방문판매,신발세탁,계약불이행(불완전이행)
2023047866,2023-09-19,남자,50 - 59세,충청남도,일반판매,중고자동차중개·매매,부당행위
2023047867,2023-09-19,남자,30 - 39세,경기도,기타통신판매,기타서적음반류,청약철회
2023047868,2023-09-19,여자,30 - 39세,서울특별시,일반판매,사진촬영,계약불이행(불완전이행)
2023047869,2023-09-19,남자,30 - 39세,서울특별시,일반판매,포장이사운송서비스,계약불이행(불완전이행)
2023047870,2023-09-19,여자,40 - 49세,서울특별시,국내온라인거래,헤드폰·이어폰,안전(제품/시설)
2023047871,2023-09-19,여자,50 - 59세,경기도,국내온라인거래,운동화,품질(물품/용역)
2023047873,2023-09-19,남자,50 - 59세,인천광역시,기타,국내결혼중개,계약해제.해지/위약금
2023047874,2023-09-19,남자,30 - 39세,세종특별자치시,소셜커머스(쇼핑),기타숙박시설,계약해제.해지/위약금
2023047875,2023-09-19,남자,30 - 39세,서울특별시,기타,외식,계약해제.해지/위약금
2023047876,2023-09-19,여자,40 - 49세,인천광역시,국내온라인거래,전기맛사지기,품질(물품/용역)
2023047877,2023-09-19,남자,30 - 39세,광주광역시,일반판매,케이블TV,부당행위
2023047878,2023-09-19,남자,40 - 49세,경기도,일반판매,스마트폰,품질(물품/용역)
2023047879,2023-09-19,여자,60 - 64세,경기도,일반판매,애완견,계약해제.해지/위약금
2023047880,2023-09-19,남자,50 - 59세,경기도,모바일거래,모바일게임서비스,무능력자계약
2023047881,2023-09-19,여자,60 - 64세,경기도,일반판매,소파,품질(물품/용역)
2023047882,2023-09-19,남자,40 - 49세,경기도,국내온라인거래,항공여객운송서비스,계약불이행(불완전이행)
2023047883,2023-09-19,여자,40 - 49세,서울특별시,일반판매,성형외과,계약해제.해지/위약금
2023047884,2023-09-19,여자,20 - 29세,경상북도,방문판매,기타인테리어설비,계약불이행(불완전이행)
2023047885,2023-09-19,여자,40 - 49세,경기도,소셜커머스(쇼핑),신유형상품권,부당행위
2023047886,2023-09-19,여자,40 - 49세,충청남도,국내온라인거래,안마의자,품질(물품/용역)
2023047887,2023-09-19,여자,30 - 39세,부산광역시,방문판매,인터넷교육서비스,계약해제.해지/위약금
2023047888,2023-09-19,여자,40 - 49세,강원특별자치도,기타통신판매,포장이사운송서비스,계약불이행(불완전이행)
2023047889,2023-09-19,여자,50 - 59세,전라북도,일반판매,필라테스,계약해제.해지/위약금
2023047890,2023-09-19,남자,60 - 64세,서울특별시,일반판매,중형승용자동차,AS불만
2023047892,2023-09-19,남자,65 - 69세,경기도,전화권유판매,유사투자자문,계약해제.해지/위약금
2023047893,2023-09-19,남자,60 - 64세,경상남도,기타,실손보험,계약불이행(불완전이행)
2023047894,2023-09-19,남자,30 - 39세,서울특별시,일반판매,스마트폰,AS불만
2023047895,2023-09-19,여자,50 - 59세,서울특별시,국내온라인거래,복숭아,청약철회
2023047896,2023-09-19,여자,40 - 49세,경기도,일반판매,헬스장,계약해제.해지/위약금
2023047897,2023-09-19,남자,30 - 39세,서울특별시,국내온라인거래,운동화,청약철회
2023047898,2023-09-19,여자,50 - 59세,경기도,일반판매,피부과,계약해제.해지/위약금
2023047899,2023-09-19,남자,20 - 29세,전라남도,일반판매,헬스장,계약해제.해지/위약금
2023047900,2023-09-19,남자,40 - 49세,울산광역시,일반판매,자동차수리·점검,AS불만
2023047901,2023-09-19,남자,20 - 29세,서울특별시,일반판매,헬스장,계약해제.해지/위약금
2023047902,2023-09-19,여자,70 - 79세,인천광역시,일반판매,기타건강식품,품질(물품/용역)
2023047903,2023-09-19,여자,40 - 49세,인천광역시,일반판매,필라테스,계약해제.해지/위약금
2023047904,2023-09-19,남자,30 - 39세,경상북도,일반판매,중형승용자동차,AS불만
2023047905,2023-09-19,여자,30 - 39세,경기도,일반판매,피부과,계약해제.해지/위약금
2023047906,2023-09-19,여자,20 - 29세,경기도,일반판매,헬스장,계약해제.해지/위약금
2023047907,2023-09-19,남자,20 - 29세,경기도,일반판매,헬스장,계약해제.해지/위약금
2023047908,2023-09-19,남자,30 - 39세,서울특별시,일반판매,성형외과,품질(물품/용역)
2023047909,2023-09-19,남자,30 - 39세,경기도,일반판매,헬스장,계약해제.해지/위약금
2023047910,2023-09-19,남자,30 - 39세,충청남도,일반판매,건강(암·기타질병)보험,약관
2023047911,2023-09-19,남자,40 - 49세,경기도,전화권유판매,건강(암·기타질병)보험,계약불이행(불완전이행)
2023047912,2023-09-19,여자,50 - 59세,서울특별시,기타통신판매,실손보험,계약불이행(불완전이행)
2023047914,2023-09-19,남자,40 - 49세,경기도,일반판매,중형승용자동차,AS불만
2023047915,2023-09-19,여자,50 - 59세,서울특별시,기타,치과,계약해제.해지/위약금
2023047916,2023-09-19,여자,30 - 39세,경기도,일반판매,미용서비스,품질(물품/용역)
2023047917,2023-09-19,남자,50 - 59세,전라북도,전화권유판매,유사투자자문,계약해제.해지/위약금
2023047918,2023-09-19,남자,40 - 49세,인천광역시,일반판매,소파,품질(물품/용역)
2023047920,2023-09-19,남자,40 - 49세,서울특별시,국내온라인거래,기타가구,계약불이행(불완전이행)
2023047921,2023-09-19,여자,30 - 39세,충청남도,일반판매,단체보장보험,약관
2023047922,2023-09-19,여자,50 - 59세,충청남도,국내온라인거래,셔츠,청약철회
2023047924,2023-09-19,여자,30 - 39세,서울특별시,국내온라인거래,기타시계류,품질(물품/용역)
2023047925,2023-09-19,남자,60 - 64세,서울특별시,기타,"OTT서비스(넷플릭스,왓챠 등)",부당행위
2023047926,2023-09-19,남자,40 - 49세,서울특별시,기타통신판매,애완동물기타,계약불이행(불완전이행)
2023047928,2023-09-19,남자,50 - 59세,경기도,국내온라인거래,전기의류건조기,품질(물품/용역)
2023047929,2023-09-19,남자,60 - 64세,경기도,국내온라인거래,유사투자자문,계약해제.해지/위약금
2023047930,2023-09-19,남자,70 - 79세,부산광역시,기타통신판매,점퍼·재킷류,청약철회
2023047931,2023-09-19,여자,50 - 59세,경기도,일반판매,룸에어컨,품질(물품/용역)
2023047932,2023-09-19,남자,30 - 39세,서울특별시,일반판매,중형승용자동차,표시.광고
2023047933,2023-09-19,남자,10 - 19세,경상북도,기타,이동전화서비스,약관
2023047934,2023-09-19,여자,30 - 39세,경기도,국내온라인거래,CCTV,AS불만
2023047935,2023-09-19,남자,70 - 79세,경기도,국내온라인거래,전동킥보드,품질(물품/용역)
2023047936,2023-09-19,여자,65 - 69세,경기도,일반판매,유통시설이용,품질(물품/용역)
2023047937,2023-09-19,여자,20 - 29세,부산광역시,모바일거래,건물청소서비스,계약불이행(불완전이행)
2023047938,2023-09-19,여자,30 - 39세,경상남도,일반판매,피부과,품질(물품/용역)
2023047939,2023-09-19,남자,30 - 39세,강원특별자치도,국내온라인거래,공기청정기,청약철회
2023047940,2023-09-19,남자,불명,서울특별시,일반판매,지갑,품질(물품/용역)
2023047941,2023-09-19,남자,50 - 59세,서울특별시,일반판매,기타자동차용품,품질(물품/용역)
2023047942,2023-09-19,여자,20 - 29세,전라남도,일반판매,독서실이용,계약해제.해지/위약금
2023047943,2023-09-19,남자,40 - 49세,경기도,일반판매,외식,안전(제품/시설)
2023047944,2023-09-19,남자,20 - 29세,서울특별시,국내온라인거래,각종공연관람,거래관행
2023047945,2023-09-19,여자,불명,광주광역시,일반판매,점퍼·재킷류,품질(물품/용역)
2023047946,2023-09-19,남자,20 - 29세,광주광역시,일반판매,헬스장,계약해제.해지/위약금
2023047947,2023-09-19,여자,40 - 49세,서울특별시,일반판매,생활패션화(슬립온·아쿠아슈즈·장화·작업화 등),품질(물품/용역)
2023047948,2023-09-19,여자,65 - 69세,경기도,국내온라인거래,여자용내의류,품질(물품/용역)
2023047949,2023-09-19,여자,50 - 59세,부산광역시,일반판매,양복(서양식 의복)세탁,품질(물품/용역)
2023047950,2023-09-19,여자,20 - 29세,경기도,일반판매,운동화,품질(물품/용역)
2023047951,2023-09-19,여자,불명,경기도,기타,기타신발·용품,계약불이행(불완전이행)
2023047953,2023-09-19,남자,30 - 39세,서울특별시,국내온라인거래,티셔츠,품질(물품/용역)
2023047954,2023-09-19,남자,70 - 79세,인천광역시,일반판매,중고자동차중개·매매,계약불이행(불완전이행)
2023047955,2023-09-19,여자,40 - 49세,경기도,일반판매,생활패션화(슬립온·아쿠아슈즈·장화·작업화 등),품질(물품/용역)
2023047956,2023-09-19,여자,30 - 39세,경상북도,일반판매,신발세탁,계약불이행(불완전이행)
2023047957,2023-09-19,여자,30 - 39세,인천광역시,모바일거래,자동차주차장,표시.광고
2023047958,2023-09-19,남자,20 - 29세,경기도,일반판매,헬스장,계약해제.해지/위약금
2023047959,2023-09-19,여자,40 - 49세,경상남도,기타,기타인테리어설비,계약불이행(불완전이행)
2023047960,2023-09-19,남자,30 - 39세,충청남도,일반판매,국내결혼중개,청약철회
2023047961,2023-09-19,여자,40 - 49세,경기도,일반판매,고시원이용,계약해제.해지/위약금
2023047962,2023-09-19,여자,40 - 49세,경기도,국내온라인거래,영화관람,청약철회
2023047963,2023-09-19,여자,40 - 49세,인천광역시,일반판매,양복(서양식 의복)세탁,품질(물품/용역)
2023047964,2023-09-19,남자,30 - 39세,서울특별시,국내온라인거래,통신기기케이스,청약철회
2023047965,2023-09-19,남자,50 - 59세,서울특별시,국내온라인거래,건물청소서비스,계약불이행(불완전이행)
2023047966,2023-09-19,여자,40 - 49세,경상남도,일반판매,김치냉장고,품질(물품/용역)
2023047967,2023-09-19,남자,20 - 29세,대구광역시,기타,자료문의,계약불이행(불완전이행)
2023047968,2023-09-19,남자,30 - 39세,서울특별시,일반판매,운동화,계약불이행(불완전이행)
2023047969,2023-09-19,여자,50 - 59세,경기도,국내온라인거래,기타육류·육류가공식품,품질(물품/용역)
2023047971,2023-09-19,여자,50 - 59세,서울특별시,TV홈쇼핑,다이어트식품,계약해제.해지/위약금
2023047972,2023-09-19,남자,불명,경기도,국내온라인거래,초음파방충기,계약해제.해지/위약금
2023047973,2023-09-19,남자,50 - 59세,서울특별시,일반판매,점퍼·재킷류,품질(물품/용역)
2023047974,2023-09-19,여자,60 - 64세,서울특별시,일반판매,비데,AS불만
2023047975,2023-09-19,남자,30 - 39세,서울특별시,국내온라인거래,프라이팬,품질(물품/용역)
2023047976,2023-09-19,여자,50 - 59세,경기도,국내온라인거래,원피스,품질(물품/용역)
2023047977,2023-09-19,남자,20 - 29세,경상북도,방문판매,헬스장,계약해제.해지/위약금
2023047978,2023-09-19,남자,30 - 39세,경기도,일반판매,샌들·슬리퍼,품질(물품/용역)
2023047979,2023-09-19,여자,60 - 64세,경기도,일반판매,원피스,품질(물품/용역)
2023047980,2023-09-19,여자,50 - 59세,경상남도,일반판매,핸드백,품질(물품/용역)
2023047981,2023-09-19,여자,40 - 49세,서울특별시,전화권유판매,기타미분류서비스,계약해제.해지/위약금
2023047982,2023-09-19,남자,30 - 39세,세종특별자치시,국내온라인거래,룸에어컨,계약불이행(불완전이행)
2023047983,2023-09-19,남자,30 - 39세,인천광역시,일반판매,예식서비스,계약해제.해지/위약금
2023047984,2023-09-19,남자,20 - 29세,경기도,모바일거래,모바일게임서비스,청약철회
2023047986,2023-09-19,남자,40 - 49세,경기도,방문판매,정수기대여(렌트),AS불만
2023047987,2023-09-19,여자,20 - 29세,경기도,국내온라인거래,식사배달,계약해제.해지/위약금
2023047988,2023-09-19,여자,30 - 39세,서울특별시,국내온라인거래,기타일반화장품,표시.광고
2023047989,2023-09-19,여자,50 - 59세,경상남도,일반판매,기타미분류서비스,계약해제.해지/위약금
2023047990,2023-09-19,여자,20 - 29세,인천광역시,기타,필라테스,계약해제.해지/위약금
2023047991,2023-09-19,여자,20 - 29세,서울특별시,국내온라인거래,각종공연관람,계약해제.해지/위약금
2023047992,2023-09-19,여자,30 - 39세,서울특별시,국내온라인거래,노트북컴퓨터,AS불만
2023047993,2023-09-19,남자,40 - 49세,세종특별자치시,일반판매,통신기기케이스,품질(물품/용역)
2023047994,2023-09-19,여자,40 - 49세,대전광역시,일반판매,정수기,품질(물품/용역)
2023047995,2023-09-19,남자,70 - 79세,경기도,국내온라인거래,김치냉장고,계약불이행(불완전이행)
2023047996,2023-09-19,남자,20 - 29세,경기도,방문판매,헬스장,계약해제.해지/위약금
2023047997,2023-09-19,남자,40 - 49세,광주광역시,국내온라인거래,기타건강식품,계약불이행(불완전이행)
2023047998,2023-09-19,여자,20 - 29세,경기도,국내온라인거래,기타의류·섬유,청약철회
2023047999,2023-09-19,남자,30 - 39세,경상남도,소셜커머스(쇼핑),운동화,계약불이행(불완전이행)
2023048000,2023-09-19,남자,30 - 39세,경기도,국내온라인거래,룸에어컨,청약철회
2023048001,2023-09-19,남자,20 - 29세,서울특별시,일반판매,헬스장,계약해제.해지/위약금
2023048002,2023-09-19,여자,40 - 49세,대구광역시,소셜커머스(쇼핑),소파,AS불만
2023048003,2023-09-19,여자,40 - 49세,부산광역시,기타,포장이사운송서비스,계약불이행(불완전이행)
2023048004,2023-09-19,여자,30 - 39세,인천광역시,방문판매,헬스장,계약불이행(불완전이행)
2023048005,2023-09-19,남자,30 - 39세,서울특별시,방문판매,종합체육시설회원권,계약해제.해지/위약금
2023048006,2023-09-19,남자,40 - 49세,서울특별시,국내온라인거래,김치,청약철회
2023048007,2023-09-19,남자,40 - 49세,부산광역시,국내온라인거래,기타가사장비품,청약철회
2023048008,2023-09-19,남자,30 - 39세,경기도,일반판매,소파,계약해제.해지/위약금
2023048009,2023-09-19,여자,50 - 59세,전라북도,방문판매,학습지,계약해제.해지/위약금
2023048010,2023-09-19,여자,30 - 39세,경기도,국내온라인거래,기타일반화장품,품질(물품/용역)
2023048011,2023-09-19,남자,30 - 39세,울산광역시,노상판매,학습지,계약해제.해지/위약금
2023048012,2023-09-19,여자,20 - 29세,서울특별시,모바일거래,전산강습,계약해제.해지/위약금
2023048013,2023-09-19,남자,50 - 59세,부산광역시,전화권유판매,기타정보이용서비스,계약해제.해지/위약금
2023048014,2023-09-19,남자,60 - 64세,전라남도,국내온라인거래,항공여객운송서비스,품질(물품/용역)
2023048015,2023-09-19,남자,50 - 59세,인천광역시,일반판매,기타인테리어설비,계약해제.해지/위약금
2023048016,2023-09-19,여자,불명,대구광역시,모바일거래,이동전화서비스,계약불이행(불완전이행)
2023048017,2023-09-19,남자,40 - 49세,부산광역시,방문판매,침대·매트리스대여(렌트),계약불이행(불완전이행)
2023048018,2023-09-19,여자,30 - 39세,세종특별자치시,국내온라인거래,기타음식관련서비스,계약불이행(불완전이행)
2023048019,2023-09-19,여자,20 - 29세,부산광역시,일반판매,학습지,계약해제.해지/위약금
2023048020,2023-09-19,남자,30 - 39세,서울특별시,국내온라인거래,커튼,품질(물품/용역)
2023048021,2023-09-19,남자,30 - 39세,서울특별시,일반판매,기타문화용품,계약불이행(불완전이행)
2023048022,2023-09-19,남자,40 - 49세,서울특별시,국내온라인거래,기타조명기기,품질(물품/용역)
2023048023,2023-09-19,남자,20 - 29세,인천광역시,일반판매,스포츠시설이용,계약해제.해지/위약금
2023048024,2023-09-19,여자,40 - 49세,경기도,모바일거래,모바일정보이용서비스,약관
2023048025,2023-09-19,남자,30 - 39세,인천광역시,일반판매,예식서비스,계약해제.해지/위약금
2023048026,2023-09-19,여자,30 - 39세,서울특별시,국내온라인거래,기타신변용품,청약철회
2023048027,2023-09-19,여자,불명,전라남도,소셜커머스(쇼핑),제초기,품질(물품/용역)
2023048028,2023-09-19,여자,50 - 59세,인천광역시,일반판매,아파트,계약해제.해지/위약금
2023048029,2023-09-19,남자,30 - 39세,경상남도,후원방문판매,방문교육,청약철회
2023048030,2023-09-19,남자,65 - 69세,경상남도,방문판매,건강(암·기타질병)보험,부당행위
2023048031,2023-09-19,남자,20 - 29세,서울특별시,일반판매,헬스장,청약철회
2023048032,2023-09-19,여자,50 - 59세,충청남도,일반판매,가스에어컨,AS불만
2023048033,2023-09-19,남자,60 - 64세,경기도,국내온라인거래,벨트,청약철회
2023048034,2023-09-19,여자,30 - 39세,서울특별시,국내온라인거래,티셔츠,품질(물품/용역)
2023048035,2023-09-19,남자,40 - 49세,서울특별시,일반판매,프린터,청약철회
2023048036,2023-09-19,여자,20 - 29세,경기도,방문판매,요가,계약해제.해지/위약금
2023048037,2023-09-19,남자,30 - 39세,인천광역시,일반판매,헬스장,계약해제.해지/위약금
2023048038,2023-09-19,남자,30 - 39세,서울특별시,일반판매,헬스장,계약해제.해지/위약금
2023048039,2023-09-19,여자,20 - 29세,서울특별시,일반판매,인터넷교육서비스,계약해제.해지/위약금
2023048040,2023-09-19,남자,40 - 49세,인천광역시,일반판매,전자담배,품질(물품/용역)
2023048041,2023-09-19,여자,30 - 39세,경기도,일반판매,안마의자대여(렌트),안전(제품/시설)
2023048042,2023-09-19,남자,40 - 49세,강원특별자치도,일반판매,기타가사장비품,품질(물품/용역)
2023048043,2023-09-19,남자,65 - 69세,전라남도,일반판매,시스템에어컨,품질(물품/용역)
2023048044,2023-09-19,여자,30 - 39세,인천광역시,국내온라인거래,공기청정기,품질(물품/용역)
2023048045,2023-09-19,여자,30 - 39세,경기도,일반판매,기타가방,품질(물품/용역)
2023048046,2023-09-19,남자,30 - 39세,대전광역시,방문판매,기타인테리어설비,계약해제.해지/위약금
2023048047,2023-09-19,남자,40 - 49세,인천광역시,일반판매,냉장고,품질(물품/용역)
2023048048,2023-09-19,남자,30 - 39세,대구광역시,소셜커머스(쇼핑),기타음료,부당행위
2023048049,2023-09-19,남자,20 - 29세,서울특별시,일반판매,스포츠시설이용,계약해제.해지/위약금
2023048050,2023-09-19,남자,40 - 49세,서울특별시,기타통신판매,포장이사운송서비스,계약불이행(불완전이행)
2023048051,2023-09-19,여자,30 - 39세,서울특별시,국내온라인거래,블라우스,청약철회
2023048052,2023-09-19,여자,40 - 49세,대전광역시,일반판매,헤드폰·이어폰,AS불만
2023048053,2023-09-19,남자,20 - 29세,경상북도,모바일거래,보석·귀금속,청약철회
2023048054,2023-09-19,여자,20 - 29세,경기도,일반판매,헬스장,계약해제.해지/위약금
2023048055,2023-09-19,여자,50 - 59세,전라북도,방문판매,학습지,계약해제.해지/위약금
2023048056,2023-09-19,남자,70 - 79세,서울특별시,일반판매,헬스장,부당행위
2023048057,2023-09-19,남자,50 - 59세,부산광역시,기타,기타옥외장비·설비,계약불이행(불완전이행)
2023048058,2023-09-19,남자,50 - 59세,서울특별시,기타통신판매,인터넷공유기,부당행위
2023048059,2023-09-19,여자,40 - 49세,인천광역시,소셜커머스(쇼핑),소파,계약해제.해지/위약금
2023048060,2023-09-19,남자,60 - 64세,부산광역시,국내온라인거래,기타시계류,품질(물품/용역)
2023048061,2023-09-19,여자,40 - 49세,대구광역시,국내온라인거래,유리·크리스탈그릇,품질(물품/용역)
2023048062,2023-09-19,여자,40 - 49세,세종특별자치시,국내온라인거래,인터넷게임서비스,무능력자계약
2023048063,2023-09-19,남자,40 - 49세,경기도,기타통신판매,"OTT서비스(넷플릭스,왓챠 등)",계약해제.해지/위약금
2023048064,2023-09-19,여자,30 - 39세,서울특별시,일반판매,취업·이민알선,청약철회
2023048065,2023-09-19,여자,30 - 39세,경기도,국내온라인거래,인터넷교육서비스,AS불만
2023048066,2023-09-19,남자,20 - 29세,서울특별시,일반판매,헬스장,계약해제.해지/위약금
2023048067,2023-09-19,남자,40 - 49세,인천광역시,국내온라인거래,항공여객운송서비스,계약해제.해지/위약금
2023048068,2023-09-19,남자,30 - 39세,경기도,국내온라인거래,항공여객운송서비스,계약불이행(불완전이행)
2023048069,2023-09-19,여자,20 - 29세,경기도,일반판매,예식서비스,계약해제.해지/위약금
2023048070,2023-09-19,여자,40 - 49세,서울특별시,TV홈쇼핑,음식물처리기대여(렌트),품질(물품/용역)
2023048071,2023-09-19,여자,30 - 39세,경기도,국내온라인거래,스포츠웨어,청약철회
2023048072,2023-09-19,여자,20 - 29세,서울특별시,소셜커머스(쇼핑),기타회원권,계약불이행(불완전이행)
2023048073,2023-09-19,남자,30 - 39세,광주광역시,기타,시스템에어컨,품질(물품/용역)
2023048074,2023-09-19,남자,50 - 59세,인천광역시,일반판매,가스보일러,AS불만
2023048076,2023-09-19,남자,30 - 39세,충청북도,일반판매,스마트폰,품질(물품/용역)
2023048077,2023-09-19,남자,30 - 39세,울산광역시,일반판매,기타화물운송서비스,계약불이행(불완전이행)
2023048078,2023-09-19,여자,20 - 29세,경기도,국내온라인거래,CD·LD·DVD(영화·음악·게임),계약불이행(불완전이행)
2023048079,2023-09-19,여자,30 - 39세,인천광역시,모바일거래,기타숙박시설,계약불이행(불완전이행)
2023048080,2023-09-19,남자,20 - 29세,울산광역시,모바일거래,항공여객운송서비스,계약해제.해지/위약금
2023048081,2023-09-20,여자,불명,강원특별자치도,일반판매,안경·안경테,품질(물품/용역)
2023048082,2023-09-20,여자,60 - 64세,경기도,기타,안과,품질(물품/용역)
2023048083,2023-09-20,남자,30 - 39세,경상남도,일반판매,자동차수리·점검,AS불만
2023048084,2023-09-20,남자,80세이상,서울특별시,일반판매,이동전화서비스,계약불이행(불완전이행)
2023048085,2023-09-20,남자,40 - 49세,서울특별시,일반판매,외국어강습,계약해제.해지/위약금
2023048086,2023-09-20,남자,50 - 59세,서울특별시,일반판매,기타옥외장비·설비,계약불이행(불완전이행)
2023048087,2023-09-20,남자,50 - 59세,서울특별시,일반판매,기타주방설비,품질(물품/용역)
2023048088,2023-09-20,남자,40 - 49세,충청북도,기타,헬스장,계약해제.해지/위약금
2023048089,2023-09-20,여자,20 - 29세,경기도,일반판매,피부·체형관리서비스,계약해제.해지/위약금
2023048090,2023-09-20,남자,10 - 19세,대구광역시,국내온라인거래,스마트폰,계약불이행(불완전이행)
2023048091,2023-09-20,남자,30 - 39세,부산광역시,기타통신판매,전기자동차,계약불이행(불완전이행)
2023048092,2023-09-20,여자,30 - 39세,인천광역시,국내온라인거래,"OTT서비스(넷플릭스,왓챠 등)",계약해제.해지/위약금
2023048093,2023-09-20,여자,40 - 49세,대구광역시,일반판매,기타숙박시설,계약해제.해지/위약금
2023048094,2023-09-20,남자,20 - 29세,경기도,국내온라인거래,기타자동차용품,계약해제.해지/위약금
2023048095,2023-09-20,여자,30 - 39세,서울특별시,국내온라인거래,냉장고,AS불만
2023048096,2023-09-20,여자,20 - 29세,서울특별시,모바일거래,미용서비스,품질(물품/용역)
2023048097,2023-09-20,남자,30 - 39세,경기도,일반판매,국내결혼중개,계약해제.해지/위약금
2023048098,2023-09-20,남자,60 - 64세,서울특별시,일반판매,변호서비스,약관
2023048099,2023-09-20,여자,(미입력),경기도,기타,여행용가방,품질(물품/용역)
2023048100,2023-09-20,여자,60 - 64세,서울특별시,일반판매,치과,품질(물품/용역)
2023048101,2023-09-20,남자,70 - 79세,서울특별시,전화권유판매,기타건강식품,품질(물품/용역)
2023048102,2023-09-20,남자,30 - 39세,경기도,소셜커머스(쇼핑),신유형상품권,계약해제.해지/위약금
2023048103,2023-09-20,남자,30 - 39세,경기도,일반판매,인터넷교육서비스,계약해제.해지/위약금
2023048104,2023-09-20,남자,40 - 49세,경상남도,방문판매,실손보험,계약불이행(불완전이행)
2023048105,2023-09-20,여자,30 - 39세,경기도,국내온라인거래,보석·귀금속,청약철회
2023048106,2023-09-20,남자,40 - 49세,경상남도,전화권유판매,자동차보험,계약불이행(불완전이행)
2023048107,2023-09-20,여자,40 - 49세,서울특별시,국내온라인거래,기타의류·섬유,계약불이행(불완전이행)
2023048108,2023-09-20,남자,40 - 49세,인천광역시,국내온라인거래,헤드폰·이어폰,품질(물품/용역)
2023048109,2023-09-20,여자,70 - 79세,경기도,전화권유판매,기타건강식품,청약철회
2023048110,2023-09-20,남자,30 - 39세,경기도,모바일거래,카셰어링,계약불이행(불완전이행)
2023048111,2023-09-20,남자,20 - 29세,경상남도,국내온라인거래,신유형상품권,계약불이행(불완전이행)
2023048112,2023-09-20,남자,60 - 64세,부산광역시,일반판매,이동전화서비스,계약불이행(불완전이행)
2023048113,2023-09-20,남자,30 - 39세,대구광역시,일반판매,기타인테리어설비,AS불만
2023048114,2023-09-20,여자,20 - 29세,경상북도,일반판매,숙녀복하의,품질(물품/용역)
2023048115,2023-09-20,여자,30 - 39세,대전광역시,국내온라인거래,꽃·화초·화환,계약불이행(불완전이행)
2023048116,2023-09-20,남자,30 - 39세,광주광역시,국내온라인거래,사진촬영,계약불이행(불완전이행)
2023048117,2023-09-20,여자,30 - 39세,충청남도,일반판매,포장이사운송서비스,품질(물품/용역)
2023048118,2023-09-20,여자,20 - 29세,부산광역시,일반판매,기타사설강습서비스,계약불이행(불완전이행)
2023048119,2023-09-20,여자,30 - 39세,대전광역시,기타,양복(서양식 의복)세탁,품질(물품/용역)
2023048120,2023-09-20,남자,40 - 49세,서울특별시,일반판매,기타일반화장품,안전(제품/시설)
2023048121,2023-09-20,여자,40 - 49세,서울특별시,국내온라인거래,양복(서양식 의복)세탁,품질(물품/용역)
2023048122,2023-09-20,여자,40 - 49세,경기도,국내온라인거래,헤어드라이어,AS불만
2023048123,2023-09-20,여자,40 - 49세,제주도,국내온라인거래,침대,계약불이행(불완전이행)
2023048124,2023-09-20,남자,30 - 39세,서울특별시,국내온라인거래,기타숙박시설,청약철회
2023048125,2023-09-20,여자,40 - 49세,경기도,일반판매,양복(서양식 의복)세탁,품질(물품/용역)
2023048126,2023-09-20,여자,30 - 39세,서울특별시,국내온라인거래,전기자전거,청약철회
2023048127,2023-09-20,남자,30 - 39세,경기도,일반판매,중형승용자동차,품질(물품/용역)
2023048128,2023-09-20,남자,20 - 29세,경기도,기타,사진촬영,계약불이행(불완전이행)
2023048129,2023-09-20,여자,40 - 49세,경기도,국내온라인거래,기타가방,품질(물품/용역)
2023048130,2023-09-20,남자,30 - 39세,경기도,국내온라인거래,그림,계약불이행(불완전이행)
2023048131,2023-09-20,여자,30 - 39세,제주도,일반판매,자동차대여(렌트),이자.수수료
2023048132,2023-09-20,남자,60 - 64세,경기도,일반판매,기타행정서비스,계약불이행(불완전이행)
2023048133,2023-09-20,여자,40 - 49세,인천광역시,일반판매,메이크업강습,계약해제.해지/위약금
2023048134,2023-09-20,남자,50 - 59세,경기도,일반판매,이동전화서비스,계약불이행(불완전이행)
2023048135,2023-09-20,남자,30 - 39세,부산광역시,일반판매,식사배달,계약불이행(불완전이행)
2023048136,2023-09-20,여자,30 - 39세,경기도,일반판매,헬스장,계약해제.해지/위약금
2023048137,2023-09-20,남자,70 - 79세,인천광역시,일반판매,유사투자자문,계약해제.해지/위약금
2023048139,2023-09-20,남자,50 - 59세,경기도,일반판매,전문스포츠화(축구화·골프화 등),품질(물품/용역)
2023048140,2023-09-20,여자,40 - 49세,충청북도,일반판매,양복(서양식 의복)세탁,품질(물품/용역)
2023048141,2023-09-20,여자,50 - 59세,경기도,일반판매,운동용가방,품질(물품/용역)
2023048142,2023-09-20,여자,70 - 79세,서울특별시,일반판매,공중목욕탕,계약해제.해지/위약금
2023048143,2023-09-20,여자,20 - 29세,서울특별시,국내온라인거래,침대,품질(물품/용역)
2023048145,2023-09-20,여자,50 - 59세,경기도,일반판매,샌들·슬리퍼,품질(물품/용역)
2023048146,2023-09-20,여자,30 - 39세,경기도,일반판매,양복(서양식 의복)세탁,품질(물품/용역)
2023048147,2023-09-20,여자,40 - 49세,경기도,일반판매,생활패션화(슬립온·아쿠아슈즈·장화·작업화 등),품질(물품/용역)
2023048148,2023-09-20,여자,50 - 59세,충청북도,일반판매,기타가방,품질(물품/용역)
2023048149,2023-09-20,여자,30 - 39세,부산광역시,일반판매,샌들·슬리퍼,품질(물품/용역)
2023048150,2023-09-20,남자,40 - 49세,경기도,일반판매,양복(서양식 의복)세탁,품질(물품/용역)
2023048151,2023-09-20,남자,65 - 69세,서울특별시,국내온라인거래,항공여객운송서비스,약관
2023048152,2023-09-20,남자,60 - 64세,서울특별시,기타통신판매,포장이사운송서비스,계약해제.해지/위약금
2023048153,2023-09-20,남자,50 - 59세,울산광역시,국내온라인거래,홈씨어터시스템,표시.광고
2023048154,2023-09-20,여자,65 - 69세,인천광역시,방문판매,기타건강식품,계약불이행(불완전이행)
2023048155,2023-09-20,여자,50 - 59세,광주광역시,방문판매,헬스장,계약해제.해지/위약금
2023048156,2023-09-20,남자,50 - 59세,인천광역시,기타,전기세탁기,AS불만
2023048157,2023-09-20,여자,20 - 29세,서울특별시,일반판매,미분류수리가공,품질(물품/용역)
2023048158,2023-09-20,남자,65 - 69세,전라북도,일반판매,기타농업용기계,AS불만
2023048159,2023-09-20,여자,50 - 59세,경기도,일반판매,헬스장,계약해제.해지/위약금
2023048160,2023-09-20,남자,70 - 79세,서울특별시,일반판매,성형외과,품질(물품/용역)
2023048161,2023-09-20,여자,20 - 29세,경기도,일반판매,요가,계약해제.해지/위약금
2023048162,2023-09-20,여자,50 - 59세,경기도,일반판매,원피스,품질(물품/용역)
2023048163,2023-09-20,여자,65 - 69세,강원특별자치도,일반판매,신경외과,계약해제.해지/위약금
2023048164,2023-09-20,남자,60 - 64세,충청남도,일반판매,내과,안전(제품/시설)
2023048165,2023-09-20,여자,50 - 59세,경기도,국내온라인거래,기타가방,품질(물품/용역)
2023048166,2023-09-20,여자,60 - 64세,충청남도,일반판매,외과,품질(물품/용역)
2023048167,2023-09-20,여자,70 - 79세,서울특별시,전화권유판매,이동전화서비스,부당행위
2023048168,2023-09-20,여자,30 - 39세,서울특별시,일반판매,신발세탁,계약불이행(불완전이행)
2023048169,2023-09-20,여자,40 - 49세,경기도,일반판매,치과,품질(물품/용역)
2023048170,2023-09-20,남자,60 - 64세,경기도,일반판매,헤드폰·이어폰,품질(물품/용역)
2023048171,2023-09-20,여자,50 - 59세,서울특별시,국내온라인거래,생활패션화(슬립온·아쿠아슈즈·장화·작업화 등),품질(물품/용역)
2023048172,2023-09-20,남자,30 - 39세,서울특별시,국내온라인거래,노트북컴퓨터,품질(물품/용역)
2023048175,2023-09-20,남자,20 - 29세,경상남도,일반판매,기타주거관리설비,AS불만
2023048176,2023-09-20,여자,30 - 39세,경기도,국내온라인거래,제습기,품질(물품/용역)
2023048177,2023-09-20,남자,30 - 39세,경기도,일반판매,국외여행,계약해제.해지/위약금
2023048178,2023-09-20,여자,불명,경기도,일반판매,핸드백,품질(물품/용역)
2023048179,2023-09-20,남자,40 - 49세,경상남도,방문판매,창호유리,AS불만
2023048180,2023-09-20,남자,40 - 49세,인천광역시,기타,정수기대여(렌트),AS불만
2023048181,2023-09-20,남자,50 - 59세,서울특별시,일반판매,기타옥외장비·설비,계약불이행(불완전이행)
2023048182,2023-09-20,여자,50 - 59세,경기도,국내온라인거래,침대,품질(물품/용역)
2023048183,2023-09-20,여자,50 - 59세,서울특별시,국내온라인거래,기타일반화장품,품질(물품/용역)
2023048184,2023-09-20,여자,50 - 59세,서울특별시,기타,정수기대여(렌트),계약불이행(불완전이행)
2023048185,2023-09-20,남자,40 - 49세,경기도,기타,룸에어컨,AS불만
2023048186,2023-09-20,남자,30 - 39세,충청남도,일반판매,헬스장,계약해제.해지/위약금
2023048187,2023-09-20,남자,30 - 39세,경기도,국내온라인거래,기타책상·테이블류,품질(물품/용역)
2023048188,2023-09-20,여자,30 - 39세,경기도,일반판매,메이크업강습,계약해제.해지/위약금
2023048189,2023-09-20,여자,30 - 39세,경기도,일반판매,"연회서비스(돌잔치,회갑 등)",부당행위
2023048190,2023-09-20,여자,30 - 39세,부산광역시,일반판매,핸드백,품질(물품/용역)
2023048191,2023-09-20,남자,불명,경상남도,국내온라인거래,무선전화기,품질(물품/용역)
2023048192,2023-09-20,여자,20 - 29세,해외 및 기타,일반판매,필라테스,계약해제.해지/위약금
2023048193,2023-09-20,여자,30 - 39세,서울특별시,일반판매,버스여객운송서비스,AS불만
2023048195,2023-09-20,여자,70 - 79세,경기도,일반판매,아파트,가격.요금
2023048196,2023-09-20,남자,(미입력),전라남도,국내온라인거래,시계,계약불이행(불완전이행)
2023048197,2023-09-20,남자,10 - 19세,강원특별자치도,국내온라인거래,컴퓨터모니터(데스크탑),청약철회
2023048198,2023-09-20,여자,30 - 39세,서울특별시,국내온라인거래,기타가사장비품,품질(물품/용역)
2023048199,2023-09-20,남자,30 - 39세,광주광역시,일반판매,시스템에어컨,품질(물품/용역)
2023048200,2023-09-20,여자,20 - 29세,경기도,모바일거래,기타숙박시설,계약해제.해지/위약금
2023048201,2023-09-20,여자,30 - 39세,서울특별시,일반판매,프라이팬,품질(물품/용역)
2023048202,2023-09-20,여자,40 - 49세,경기도,국내온라인거래,전기밥솥,부당행위
2023048203,2023-09-20,남자,20 - 29세,경상남도,기타,컴퓨터수리,계약해제.해지/위약금
2023048204,2023-09-20,남자,30 - 39세,경기도,일반판매,국내결혼중개,계약불이행(불완전이행)
2023048205,2023-09-20,남자,30 - 39세,경기도,국내온라인거래,기타숙박시설,계약해제.해지/위약금
2023048206,2023-09-20,남자,50 - 59세,경기도,국내온라인거래,침대,표시.광고
2023048207,2023-09-20,남자,50 - 59세,서울특별시,일반판매,기타알선·중개·번역서비스,품질(물품/용역)
2023048209,2023-09-20,여자,30 - 39세,경기도,국내온라인거래,셔츠,청약철회
2023048210,2023-09-20,여자,40 - 49세,서울특별시,소셜커머스(쇼핑),기타숙박시설,이자.수수료
2023048211,2023-09-20,여자,30 - 39세,경기도,일반판매,필라테스,계약해제.해지/위약금
2023048212,2023-09-20,남자,70 - 79세,서울특별시,모바일거래,모바일게임서비스,청약철회
2023048213,2023-09-20,여자,30 - 39세,서울특별시,일반판매,신발세탁,품질(물품/용역)
2023048214,2023-09-20,여자,40 - 49세,전라북도,기타,기타인테리어설비,AS불만
2023048215,2023-09-20,여자,50 - 59세,경기도,국내온라인거래,키보드,청약철회
2023048216,2023-09-20,여자,20 - 29세,경기도,일반판매,필라테스,계약해제.해지/위약금
2023048217,2023-09-20,남자,50 - 59세,대전광역시,방문판매,기타스포츠·레저기구·용품,품질(물품/용역)
2023048218,2023-09-20,여자,30 - 39세,경기도,국내온라인거래,일반강습(입시학원등),계약해제.해지/위약금
2023048219,2023-09-20,여자,30 - 39세,경기도,국내온라인거래,기타사설강습서비스,계약해제.해지/위약금
2023048220,2023-09-20,여자,20 - 29세,경기도,국제온라인거래,항공여객운송서비스,계약해제.해지/위약금
2023048221,2023-09-20,여자,30 - 39세,서울특별시,TV홈쇼핑,기타문화·오락시설이용,계약해제.해지/위약금
2023048222,2023-09-20,남자,30 - 39세,경기도,기타,아파트,AS불만
2023048223,2023-09-20,여자,30 - 39세,전라북도,기타,사진촬영,계약해제.해지/위약금
2023048224,2023-09-20,여자,40 - 49세,서울특별시,전화권유판매,초고속인터넷,계약해제.해지/위약금
2023048225,2023-09-20,여자,30 - 39세,경기도,노상판매,인터넷교육서비스,계약해제.해지/위약금
2023048226,2023-09-20,남자,40 - 49세,경기도,국내온라인거래,기타숙박시설,계약해제.해지/위약금
2023048227,2023-09-20,여자,30 - 39세,서울특별시,기타통신판매,항공여객운송서비스,계약해제.해지/위약금
2023048228,2023-09-20,여자,30 - 39세,서울특별시,국내온라인거래,외국어강습,계약해제.해지/위약금
2023048229,2023-09-20,여자,40 - 49세,대구광역시,국내온라인거래,제습기,AS불만
2023048230,2023-09-20,남자,30 - 39세,경상남도,일반판매,헬스장,계약해제.해지/위약금
2023048231,2023-09-20,남자,30 - 39세,서울특별시,소셜커머스(쇼핑),주방세트,품질(물품/용역)
2023048232,2023-09-20,남자,40 - 49세,경기도,국내온라인거래,항공여객운송서비스,계약불이행(불완전이행)
2023048233,2023-09-20,여자,40 - 49세,경기도,모바일거래,모바일게임서비스,계약해제.해지/위약금
2023048234,2023-09-20,남자,30 - 39세,인천광역시,일반판매,헬스장,계약해제.해지/위약금
2023048235,2023-09-20,여자,30 - 39세,경상남도,기타통신판매,"연회서비스(돌잔치,회갑 등)",계약해제.해지/위약금
2023048236,2023-09-20,남자,50 - 59세,경기도,기타,기타인테리어설비,AS불만
2023048237,2023-09-20,남자,20 - 29세,경기도,일반판매,고시원이용,계약해제.해지/위약금
2023048238,2023-09-20,남자,20 - 29세,울산광역시,일반판매,스마트폰,품질(물품/용역)
2023048239,2023-09-20,여자,40 - 49세,서울특별시,다단계판매,인터넷교육서비스,계약해제.해지/위약금
2023048240,2023-09-20,남자,30 - 39세,경기도,일반판매,섀시설비,계약해제.해지/위약금
2023048241,2023-09-20,남자,30 - 39세,서울특별시,국내온라인거래,시계,품질(물품/용역)
2023048242,2023-09-20,여자,30 - 39세,경상북도,일반판매,기타인테리어설비,계약불이행(불완전이행)
2023048243,2023-09-20,여자,30 - 39세,전라남도,국내온라인거래,영양보충용제품,단순문의.상담
2023048244,2023-09-20,남자,40 - 49세,경기도,기타통신판매,이동전화서비스,계약불이행(불완전이행)
2023048245,2023-09-20,남자,30 - 39세,경기도,국내온라인거래,기타신발·용품,표시.광고
2023048246,2023-09-20,여자,30 - 39세,서울특별시,국내온라인거래,소파,계약불이행(불완전이행)
2023048247,2023-09-20,여자,30 - 39세,제주도,노상판매,인터넷교육서비스,계약해제.해지/위약금
2023048248,2023-09-20,여자,65 - 69세,경기도,일반판매,싱크대,AS불만
2023048249,2023-09-20,여자,30 - 39세,광주광역시,기타통신판매,책상,청약철회
2023048250,2023-09-20,여자,40 - 49세,충청북도,국내온라인거래,기타가방,계약불이행(불완전이행)
2023048251,2023-09-20,여자,40 - 49세,서울특별시,기타,스마트폰,부당행위
2023048252,2023-09-20,여자,20 - 29세,전라남도,일반판매,기타회원권,계약해제.해지/위약금
2023048253,2023-09-20,여자,40 - 49세,경상남도,국내온라인거래,보석·귀금속,계약불이행(불완전이행)
2023048254,2023-09-20,남자,40 - 49세,경기도,방문판매,가스보일러,부당행위
2023048255,2023-09-20,여자,20 - 29세,세종특별자치시,국내온라인거래,스마트폰,AS불만
2023048256,2023-09-20,남자,20 - 29세,인천광역시,방문판매,고시원이용,계약해제.해지/위약금
2023048257,2023-09-20,여자,30 - 39세,경기도,방문판매,인터넷교육서비스,계약해제.해지/위약금
2023048258,2023-09-20,여자,20 - 29세,서울특별시,방문판매,헬스장,계약해제.해지/위약금
2023048259,2023-09-20,여자,50 - 59세,서울특별시,소셜커머스(쇼핑),세탁용합성세제,계약불이행(불완전이행)
2023048260,2023-09-20,여자,불명,경기도,기타,기타일반화장품,품질(물품/용역)
2023048261,2023-09-20,여자,20 - 29세,대구광역시,일반판매,사진촬영,품질(물품/용역)
2023048262,2023-09-20,남자,20 - 29세,서울특별시,기타통신판매,기타사설강습서비스,계약해제.해지/위약금
2023048263,2023-09-20,여자,30 - 39세,경상북도,국내온라인거래,기타간편복,청약철회
2023048264,2023-09-20,여자,50 - 59세,경기도,일반판매,필라테스,계약해제.해지/위약금
2023048265,2023-09-20,여자,20 - 29세,서울특별시,국내온라인거래,헬스장,계약해제.해지/위약금
2023048266,2023-09-20,여자,40 - 49세,서울특별시,국내온라인거래,항공여객운송서비스,계약해제.해지/위약금
2023048268,2023-09-20,여자,30 - 39세,부산광역시,국내온라인거래,기타어패류·어패류가공식품,계약불이행(불완전이행)
2023048269,2023-09-20,남자,50 - 59세,서울특별시,기타,기타알선·중개·번역서비스,품질(물품/용역)
2023048270,2023-09-20,남자,20 - 29세,경상남도,일반판매,시계,AS불만
2023048271,2023-09-20,남자,20 - 29세,경상남도,일반판매,헬스장,계약해제.해지/위약금
2023048272,2023-09-20,남자,50 - 59세,인천광역시,국내온라인거래,기타미분류서비스,계약해제.해지/위약금
2023048273,2023-09-20,남자,60 - 64세,부산광역시,국내온라인거래,의자,품질(물품/용역)
2023048274,2023-09-20,남자,40 - 49세,서울특별시,일반판매,지갑,품질(물품/용역)
2023048275,2023-09-20,남자,20 - 29세,경상남도,국내온라인거래,보석·귀금속,품질(물품/용역)
2023048276,2023-09-20,여자,40 - 49세,경기도,일반판매,소파,품질(물품/용역)
2023048278,2023-09-20,남자,30 - 39세,부산광역시,일반판매,헬스장,계약해제.해지/위약금
2023048279,2023-09-20,남자,40 - 49세,부산광역시,모바일거래,종합체육시설회원권,계약해제.해지/위약금
2023048280,2023-09-20,남자,30 - 39세,경기도,일반판매,헬스장,계약해제.해지/위약금
2023048281,2023-09-20,여자,20 - 29세,서울특별시,방문판매,헬스장,청약철회
2023048282,2023-09-21,여자,50 - 59세,전라북도,기타통신판매,포장이사운송서비스,계약불이행(불완전이행)
2023048283,2023-09-21,여자,50 - 59세,전라북도,소셜커머스(쇼핑),즉석조리식품,표시.광고
2023048284,2023-09-21,남자,30 - 39세,경상남도,국내온라인거래,항공여객운송서비스,계약불이행(불완전이행)
2023048285,2023-09-21,여자,30 - 39세,서울특별시,국내온라인거래,기타숙박시설,계약해제.해지/위약금
2023048286,2023-09-21,남자,50 - 59세,경기도,국내온라인거래,항공여객운송서비스,계약해제.해지/위약금
2023048287,2023-09-21,여자,30 - 39세,부산광역시,국내온라인거래,벽지·바닥재,청약철회
2023048288,2023-09-21,여자,30 - 39세,대전광역시,국내온라인거래,기타문화용품,계약불이행(불완전이행)
2023048289,2023-09-21,여자,50 - 59세,경기도,국내온라인거래,기타가구,계약해제.해지/위약금
2023048290,2023-09-21,남자,30 - 39세,인천광역시,일반판매,아파트,계약해제.해지/위약금
2023048291,2023-09-21,여자,30 - 39세,경기도,일반판매,유모차,AS불만
2023048292,2023-09-21,남자,40 - 49세,광주광역시,일반판매,시스템에어컨,품질(물품/용역)
2023048293,2023-09-21,남자,30 - 39세,울산광역시,국내온라인거래,전동킥보드,계약불이행(불완전이행)
2023048294,2023-09-21,남자,70 - 79세,경상남도,일반판매,인터폰,품질(물품/용역)
2023048295,2023-09-21,남자,30 - 39세,경기도,일반판매,대형승용자동차,안전(제품/시설)
2023048296,2023-09-21,여자,30 - 39세,경기도,기타,건강(암·기타질병)보험,부당행위
2023048297,2023-09-21,남자,80세이상,서울특별시,일반판매,전기보일러,품질(물품/용역)
2023048298,2023-09-21,남자,40 - 49세,서울특별시,기타,스마트폰,계약불이행(불완전이행)
2023048299,2023-09-21,여자,40 - 49세,서울특별시,전화권유판매,유사투자자문,계약해제.해지/위약금
2023048300,2023-09-21,남자,30 - 39세,서울특별시,국내온라인거래,카셰어링,계약불이행(불완전이행)
2023048301,2023-09-21,남자,30 - 39세,경기도,국내온라인거래,각종자격취득강습,계약불이행(불완전이행)
2023048302,2023-09-21,남자,50 - 59세,서울특별시,일반판매,달걀,품질(물품/용역)
2023048303,2023-09-21,여자,20 - 29세,제주도,일반판매,자동차대여(렌트),부당행위
2023048304,2023-09-21,여자,40 - 49세,경상남도,모바일거래,모바일정보이용서비스,부당행위
2023048305,2023-09-21,여자,30 - 39세,서울특별시,국내온라인거래,티셔츠,품질(물품/용역)
2023048306,2023-09-21,남자,30 - 39세,세종특별자치시,국내온라인거래,노트북컴퓨터,품질(물품/용역)
2023048307,2023-09-21,남자,20 - 29세,제주도,국내온라인거래,유리·크리스탈그릇,계약불이행(불완전이행)
2023048308,2023-09-21,여자,30 - 39세,서울특별시,국제온라인거래,단행본,계약불이행(불완전이행)
2023048309,2023-09-21,남자,50 - 59세,울산광역시,국내온라인거래,기타자동차용품,품질(물품/용역)
2023048310,2023-09-21,여자,50 - 59세,부산광역시,일반판매,기타신용대출,계약불이행(불완전이행)
2023048311,2023-09-21,여자,20 - 29세,전라북도,일반판매,자동차견인,부당행위
2023048312,2023-09-21,여자,30 - 39세,경기도,일반판매,인터넷교육서비스,계약해제.해지/위약금
2023048313,2023-09-21,남자,20 - 29세,서울특별시,일반판매,헬스장,계약해제.해지/위약금
2023048314,2023-09-21,여자,40 - 49세,인천광역시,국내온라인거래,싱크대,품질(물품/용역)
2023048315,2023-09-21,여자,30 - 39세,서울특별시,방문판매,인터넷교육서비스,계약해제.해지/위약금
2023048316,2023-09-21,여자,30 - 39세,서울특별시,기타,피부·체형관리서비스,계약해제.해지/위약금
2023048317,2023-09-21,여자,80세이상,부산광역시,기타통신판매,국외여행,계약불이행(불완전이행)
2023048319,2023-09-21,여자,60 - 64세,광주광역시,일반판매,건강(암·기타질병)보험,약관
2023048320,2023-09-21,남자,30 - 39세,부산광역시,일반판매,자동차주차장,가격.요금
2023048321,2023-09-21,여자,20 - 29세,서울특별시,방문판매,기타교육서비스,계약해제.해지/위약금
2023048322,2023-09-21,여자,30 - 39세,경기도,방문판매,기타사설강습서비스,품질(물품/용역)
2023048323,2023-09-21,여자,30 - 39세,경기도,국내온라인거래,인터넷교육서비스,계약해제.해지/위약금
2023048324,2023-09-21,여자,50 - 59세,서울특별시,모바일거래,음식물처리기,품질(물품/용역)
2023048325,2023-09-21,여자,50 - 59세,경기도,국내온라인거래,항공여객운송서비스,계약불이행(불완전이행)
2023048326,2023-09-21,남자,불명,경기도,일반판매,자동차리스,계약불이행(불완전이행)
2023048327,2023-09-21,여자,50 - 59세,전라남도,일반판매,기타주거관리설비,계약불이행(불완전이행)
2023048328,2023-09-21,남자,70 - 79세,서울특별시,일반판매,화재보험,약관
2023048329,2023-09-21,남자,20 - 29세,서울특별시,일반판매,화재보험,약관
2023048330,2023-09-21,남자,40 - 49세,강원특별자치도,일반판매,골프회원권,계약해제.해지/위약금
2023048331,2023-09-21,여자,40 - 49세,강원특별자치도,일반판매,골프회원권,계약해제.해지/위약금
2023048332,2023-09-21,여자,50 - 59세,서울특별시,기타,정수기대여(렌트),계약불이행(불완전이행)
2023048333,2023-09-21,남자,30 - 39세,인천광역시,국내온라인거래,전기충전기,거래관행
2023048334,2023-09-21,여자,65 - 69세,경기도,일반판매,핸드백,품질(물품/용역)
2023048335,2023-09-21,여자,20 - 29세,서울특별시,일반판매,중고자동차중개·매매,계약불이행(불완전이행)
2023048336,2023-09-21,여자,80세이상,서울특별시,방문판매,기타일반화장품,청약철회
2023048337,2023-09-21,남자,40 - 49세,대구광역시,국내온라인거래,기타관람·감상,청약철회
2023048338,2023-09-21,남자,30 - 39세,서울특별시,국내온라인거래,기타미분류서비스,계약불이행(불완전이행)
2023048340,2023-09-21,남자,40 - 49세,서울특별시,국내온라인거래,운동화,계약불이행(불완전이행)
2023048341,2023-09-21,남자,50 - 59세,대구광역시,일반판매,운동화,계약해제.해지/위약금
2023048342,2023-09-21,여자,30 - 39세,전라남도,일반판매,시스템에어컨,품질(물품/용역)
2023048343,2023-09-21,남자,40 - 49세,서울특별시,일반판매,기타민영보험,약관
2023048344,2023-09-21,여자,40 - 49세,경상남도,일반판매,양복(서양식 의복)세탁,품질(물품/용역)
2023048345,2023-09-21,남자,40 - 49세,서울특별시,국내온라인거래,포도,계약불이행(불완전이행)
2023048346,2023-09-21,여자,30 - 39세,인천광역시,일반판매,미용서비스,표시.광고
2023048347,2023-09-21,여자,불명,경상남도,일반판매,양복(서양식 의복)세탁,품질(물품/용역)
2023048348,2023-09-21,남자,40 - 49세,대구광역시,일반판매,대형승용자동차,품질(물품/용역)
2023048349,2023-09-21,여자,40 - 49세,부산광역시,일반판매,기타과일·과일가공식품,계약불이행(불완전이행)
2023048350,2023-09-21,여자,50 - 59세,세종특별자치시,일반판매,자격시험기타,품질(물품/용역)
2023048351,2023-09-21,여자,30 - 39세,경기도,일반판매,빵,가격.요금
2023048352,2023-09-21,여자,20 - 29세,강원특별자치도,국제온라인거래,점퍼·재킷류,계약불이행(불완전이행)
2023048353,2023-09-21,여자,30 - 39세,인천광역시,국내온라인거래,서랍장,품질(물품/용역)
2023048354,2023-09-21,여자,불명,경상남도,일반판매,양복(서양식 의복)세탁,품질(물품/용역)
2023048355,2023-09-21,여자,50 - 59세,경기도,국내온라인거래,항공여객운송서비스,계약불이행(불완전이행)
2023048356,2023-09-21,여자,20 - 29세,경기도,국내온라인거래,반포장이사운송서비스,계약불이행(불완전이행)
2023048358,2023-09-21,여자,40 - 49세,충청남도,일반판매,양복(서양식 의복)세탁,품질(물품/용역)
2023048359,2023-09-21,남자,40 - 49세,강원특별자치도,일반판매,실손보험,약관
2023048360,2023-09-21,남자,50 - 59세,서울특별시,모바일거래,기타식품류,계약불이행(불완전이행)
2023048361,2023-09-21,여자,50 - 59세,서울특별시,모바일거래,기타식품류,계약불이행(불완전이행)
2023048362,2023-09-21,여자,30 - 39세,광주광역시,일반판매,식기세척기,품질(물품/용역)
2023048363,2023-09-21,남자,60 - 64세,경기도,일반판매,TV,계약불이행(불완전이행)
2023048364,2023-09-21,여자,30 - 39세,서울특별시,국내온라인거래,신유형상품권,계약불이행(불완전이행)
2023048365,2023-09-21,남자,70 - 79세,대구광역시,기타통신판매,선어(생선),품질(물품/용역)
2023048367,2023-09-21,여자,60 - 64세,경기도,일반판매,유사투자자문,계약해제.해지/위약금
2023048368,2023-09-21,여자,70 - 79세,충청남도,방문판매,상조서비스,청약철회
2023048369,2023-09-21,남자,70 - 79세,서울특별시,일반판매,김치냉장고,AS불만
2023048370,2023-09-21,남자,70 - 79세,서울특별시,일반판매,건강(암·기타질병)보험,약관
2023048371,2023-09-21,여자,30 - 39세,서울특별시,국내온라인거래,사진촬영,계약해제.해지/위약금
2023048373,2023-09-21,남자,30 - 39세,서울특별시,일반판매,카셰어링,부당행위
2023048374,2023-09-21,여자,50 - 59세,서울특별시,일반판매,기타민영보험,약관
2023048375,2023-09-21,여자,50 - 59세,경기도,일반판매,실손보험,약관
2023048376,2023-09-21,남자,70 - 79세,강원특별자치도,일반판매,공제보험,약관
2023048377,2023-09-21,여자,30 - 39세,경상남도,일반판매,기타세탁서비스,품질(물품/용역)
2023048378,2023-09-21,남자,50 - 59세,서울특별시,전화권유판매,유사투자자문,계약해제.해지/위약금
2023048379,2023-09-21,남자,40 - 49세,경기도,일반판매,중형승용자동차,AS불만
2023048380,2023-09-21,남자,40 - 49세,충청남도,국내온라인거래,전동킥보드,표시.광고
2023048381,2023-09-21,남자,70 - 79세,경기도,일반판매,외과,품질(물품/용역)
2023048382,2023-09-21,여자,30 - 39세,서울특별시,국내온라인거래,국외여행,계약불이행(불완전이행)
2023048383,2023-09-21,남자,30 - 39세,대구광역시,일반판매,선글라스,품질(물품/용역)
2023048384,2023-09-21,남자,50 - 59세,경기도,일반판매,기타(악기guitar),품질(물품/용역)
2023048385,2023-09-21,남자,30 - 39세,경기도,국내온라인거래,성기능향상기기,청약철회
2023048386,2023-09-21,여자,70 - 79세,서울특별시,국내온라인거래,전기자전거,청약철회
2023048387,2023-09-21,여자,20 - 29세,대구광역시,일반판매,소파,품질(물품/용역)
2023048388,2023-09-21,여자,20 - 29세,인천광역시,일반판매,미용서비스,계약불이행(불완전이행)
2023048389,2023-09-21,남자,40 - 49세,대구광역시,일반판매,스마트폰,부당행위
2023048390,2023-09-21,남자,50 - 59세,경기도,일반판매,신사복세트,품질(물품/용역)
2023048391,2023-09-21,남자,20 - 29세,서울특별시,국내온라인거래,캐주얼바지,품질(물품/용역)
2023048392,2023-09-21,남자,65 - 69세,대구광역시,기타통신판매,국내여행,계약해제.해지/위약금
2023048393,2023-09-21,남자,20 - 29세,강원특별자치도,기타통신판매,국내결혼중개,계약해제.해지/위약금
2023048394,2023-09-21,여자,20 - 29세,경기도,방문판매,일반강습(입시학원등),계약해제.해지/위약금
2023048395,2023-09-21,남자,30 - 39세,경상남도,일반판매,시스템에어컨,계약해제.해지/위약금
2023048396,2023-09-21,여자,40 - 49세,전라북도,국내온라인거래,국외여행,계약해제.해지/위약금
2023048397,2023-09-21,여자,30 - 39세,전라북도,일반판매,TV,품질(물품/용역)
2023048398,2023-09-21,남자,50 - 59세,경기도,모바일거래,대리운전,계약불이행(불완전이행)
2023048399,2023-09-21,남자,50 - 59세,부산광역시,소셜커머스(쇼핑),하드디스크드라이버,품질(물품/용역)
2023048400,2023-09-21,남자,40 - 49세,경기도,국내온라인거래,신유형상품권,약관
2023048401,2023-09-21,여자,40 - 49세,경기도,방문판매,인터넷교육서비스,계약해제.해지/위약금
2023048402,2023-09-21,남자,40 - 49세,경기도,일반판매,기타통신기기,품질(물품/용역)
2023048403,2023-09-21,여자,30 - 39세,서울특별시,국내온라인거래,원피스,청약철회
2023048404,2023-09-21,여자,50 - 59세,부산광역시,일반판매,기타가방,품질(물품/용역)
2023048405,2023-09-21,여자,40 - 49세,경기도,TV홈쇼핑,음식물처리기대여(렌트),품질(물품/용역)
2023048406,2023-09-21,남자,50 - 59세,경기도,국내온라인거래,골프용품,거래관행
2023048407,2023-09-21,여자,40 - 49세,전라북도,국내온라인거래,기타숙박시설,계약해제.해지/위약금
2023048408,2023-09-21,남자,10 - 19세,서울특별시,TV홈쇼핑,냉장고,계약불이행(불완전이행)
2023048409,2023-09-21,남자,20 - 29세,경기도,소셜커머스(쇼핑),커튼,청약철회
2023048410,2023-09-21,여자,20 - 29세,서울특별시,국내온라인거래,항공여객운송서비스,계약해제.해지/위약금
2023048411,2023-09-21,여자,40 - 49세,경기도,기타,사진촬영,계약해제.해지/위약금
2023048412,2023-09-21,여자,40 - 49세,서울특별시,국내온라인거래,기타가구,청약철회
2023048413,2023-09-21,여자,30 - 39세,서울특별시,기타,결혼준비대행서비스,계약해제.해지/위약금
2023048414,2023-09-21,남자,40 - 49세,경상남도,국내온라인거래,전자담배,가격.요금
2023048415,2023-09-21,여자,30 - 39세,경기도,기타통신판매,다이어트식품,청약철회
2023048416,2023-09-21,여자,40 - 49세,대구광역시,국내온라인거래,기타이·미용기구,AS불만
2023048417,2023-09-21,여자,20 - 29세,경기도,국내온라인거래,항공여객운송서비스,계약해제.해지/위약금
2023048418,2023-09-21,여자,20 - 29세,경기도,일반판매,헬스장,청약철회
2023048419,2023-09-21,남자,40 - 49세,광주광역시,일반판매,미용서비스,품질(물품/용역)
2023048420,2023-09-21,남자,불명,경상북도,일반판매,기타옥외장비·설비,품질(물품/용역)
2023048421,2023-09-21,여자,20 - 29세,충청남도,일반판매,필라테스,계약해제.해지/위약금
2023048422,2023-09-21,여자,40 - 49세,서울특별시,국내온라인거래,영화관람,계약해제.해지/위약금
2023048423,2023-09-21,여자,40 - 49세,서울특별시,기타,영화관람,계약해제.해지/위약금
2023048424,2023-09-21,남자,40 - 49세,서울특별시,일반판매,운동화,품질(물품/용역)
2023048426,2023-09-21,여자,20 - 29세,인천광역시,소셜커머스(쇼핑),커튼,품질(물품/용역)
2023048427,2023-09-21,남자,50 - 59세,경기도,TV홈쇼핑,음식물처리기,품질(물품/용역)
2023048428,2023-09-21,여자,20 - 29세,경기도,방문판매,헬스장,계약해제.해지/위약금
2023048429,2023-09-21,여자,40 - 49세,서울특별시,일반판매,기타완구·인형,품질(물품/용역)
2023048430,2023-09-21,여자,20 - 29세,경기도,일반판매,결혼준비대행서비스,계약해제.해지/위약금
2023048431,2023-09-21,남자,30 - 39세,대전광역시,모바일거래,항공여객운송서비스,표시.광고
2023048432,2023-09-21,남자,30 - 39세,경기도,국내온라인거래,결혼준비대행서비스,계약해제.해지/위약금
2023048433,2023-09-21,여자,30 - 39세,경기도,국내온라인거래,기타미분류서비스,청약철회
2023048434,2023-09-21,남자,20 - 29세,서울특별시,국내온라인거래,인터넷교육서비스,계약해제.해지/위약금
2023048435,2023-09-21,여자,20 - 29세,경기도,일반판매,헬스장,계약해제.해지/위약금
2023048436,2023-09-21,남자,30 - 39세,서울특별시,소셜커머스(쇼핑),전기진공청소기,품질(물품/용역)
2023048437,2023-09-21,여자,30 - 39세,인천광역시,기타,산후조리원,부당행위
2023048438,2023-09-21,남자,40 - 49세,경기도,국내온라인거래,외장하드,AS불만
2023048439,2023-09-21,남자,20 - 29세,충청남도,일반판매,헬스장,계약해제.해지/위약금
2023048440,2023-09-21,남자,30 - 39세,서울특별시,국내온라인거래,커피메이커,계약불이행(불완전이행)
2023048441,2023-09-21,여자,50 - 59세,인천광역시,국내온라인거래,스커트,청약철회
2023048442,2023-09-21,남자,40 - 49세,경기도,모바일거래,영화관람,청약철회
2023048443,2023-09-21,여자,20 - 29세,경기도,일반판매,기타사설강습서비스,계약해제.해지/위약금
2023048444,2023-09-21,남자,60 - 64세,서울특별시,국내온라인거래,국외여행,안전(제품/시설)
2023048445,2023-09-21,남자,30 - 39세,서울특별시,모바일거래,건물청소서비스,계약해제.해지/위약금
2023048446,2023-09-21,여자,30 - 39세,대구광역시,국내온라인거래,텐트,청약철회
2023048447,2023-09-21,여자,40 - 49세,경기도,국내온라인거래,호텔,계약해제.해지/위약금
2023048448,2023-09-21,남자,50 - 59세,전라북도,일반판매,그림,계약불이행(불완전이행)
2023048449,2023-09-21,여자,30 - 39세,서울특별시,국내온라인거래,헤어드라이어,AS불만
2023048450,2023-09-21,여자,40 - 49세,경기도,전화권유판매,인터넷교육서비스,계약해제.해지/위약금
2023048451,2023-09-21,여자,40 - 49세,경기도,기타,아파트,AS불만
2023048452,2023-09-21,여자,30 - 39세,서울특별시,국내온라인거래,숙녀화(구두·부츠 등),청약철회
2023048453,2023-09-21,여자,50 - 59세,서울특별시,국내온라인거래,기타숙박시설,이자.수수료
2023048454,2023-09-21,여자,30 - 39세,서울특별시,일반판매,미용서비스,품질(물품/용역)
2023048455,2023-09-21,남자,30 - 39세,충청남도,국내온라인거래,운동화,부당행위
2023048456,2023-09-21,남자,30 - 39세,경기도,모바일거래,공구세트,청약철회
2023048457,2023-09-21,여자,30 - 39세,서울특별시,기타,국내결혼중개,계약해제.해지/위약금
2023048458,2023-09-21,남자,30 - 39세,경기도,기타,외식,안전(제품/시설)
2023048459,2023-09-21,여자,30 - 39세,경기도,일반판매,유모차,AS불만
2023048460,2023-09-21,남자,40 - 49세,서울특별시,국내온라인거래,전기장판,품질(물품/용역)
2023048461,2023-09-21,남자,20 - 29세,서울특별시,일반판매,헬스장,계약해제.해지/위약금
2023048462,2023-09-21,여자,40 - 49세,경기도,일반판매,헤드폰·이어폰,계약불이행(불완전이행)
2023048463,2023-09-21,여자,30 - 39세,서울특별시,일반판매,필라테스,계약해제.해지/위약금
2023048464,2023-09-21,남자,20 - 29세,경기도,방문판매,일반강습(입시학원등),계약해제.해지/위약금
2023048465,2023-09-21,여자,30 - 39세,경기도,기타,기타의료용구,품질(물품/용역)
2023048466,2023-09-21,남자,40 - 49세,대구광역시,기타통신판매,기타방문·통신교육서비스,계약해제.해지/위약금
2023048467,2023-09-21,여자,40 - 49세,경기도,국내온라인거래,기타가방,표시.광고
2023048468,2023-09-21,여자,30 - 39세,경상남도,국제온라인거래,기타숙박시설,계약불이행(불완전이행)
2023048469,2023-09-22,남자,50 - 59세,경기도,일반판매,스마트폰,AS불만
2023048470,2023-09-22,남자,40 - 49세,전라북도,기타,모바일정보이용서비스,부당행위
2023048471,2023-09-22,여자,30 - 39세,서울특별시,일반판매,의상대여(렌트),계약해제.해지/위약금
2023048472,2023-09-22,여자,60 - 64세,경기도,모바일거래,김치냉장고,계약불이행(불완전이행)
2023048473,2023-09-22,여자,40 - 49세,대구광역시,일반판매,스프링매트리스,안전(제품/시설)
2023048474,2023-09-22,여자,40 - 49세,경상남도,일반판매,피부·체형관리서비스,계약해제.해지/위약금
2023048475,2023-09-22,남자,40 - 49세,대전광역시,기타,노트북컴퓨터,AS불만
2023048476,2023-09-22,여자,30 - 39세,서울특별시,일반판매,독서실이용,계약해제.해지/위약금
2023048477,2023-09-22,남자,20 - 29세,대구광역시,국내온라인거래,영화관람,청약철회
2023048478,2023-09-22,여자,60 - 64세,대구광역시,일반판매,스포츠웨어,품질(물품/용역)
2023048479,2023-09-22,남자,70 - 79세,제주도,일반판매,기타인터넷기반서비스,가격.요금
2023048480,2023-09-22,여자,40 - 49세,대전광역시,국내온라인거래,국외여행,표시.광고
2023048481,2023-09-22,여자,30 - 39세,서울특별시,일반판매,식탁,계약해제.해지/위약금
2023048482,2023-09-22,여자,40 - 49세,경기도,기타,전기세탁기,품질(물품/용역)
2023048483,2023-09-22,여자,40 - 49세,서울특별시,일반판매,헬스장,계약해제.해지/위약금
2023048484,2023-09-22,남자,10 - 19세,서울특별시,국내온라인거래,각종공연관람,계약해제.해지/위약금
2023048485,2023-09-22,남자,30 - 39세,서울특별시,기타,사진촬영,계약해제.해지/위약금
2023048486,2023-09-22,여자,40 - 49세,인천광역시,일반판매,양복(서양식 의복)세탁,품질(물품/용역)
2023048487,2023-09-22,남자,20 - 29세,경기도,소셜커머스(쇼핑),기타간편복,청약철회
2023048488,2023-09-22,여자,20 - 29세,경기도,국내온라인거래,옷장,품질(물품/용역)
2023048489,2023-09-22,여자,40 - 49세,세종특별자치시,일반판매,시스템에어컨,AS불만
2023048490,2023-09-22,여자,40 - 49세,경기도,일반판매,양복(서양식 의복)세탁,품질(물품/용역)
2023048491,2023-09-22,남자,40 - 49세,충청남도,일반판매,상해보험,약관
2023048492,2023-09-22,남자,50 - 59세,경상북도,기타통신판매,화장실설비,품질(물품/용역)
2023048493,2023-09-22,여자,40 - 49세,경기도,일반판매,양복(서양식 의복)세탁,품질(물품/용역)
2023048494,2023-09-22,남자,50 - 59세,서울특별시,기타,신경외과,품질(물품/용역)
2023048495,2023-09-22,여자,50 - 59세,대구광역시,국내온라인거래,보석·귀금속,계약불이행(불완전이행)
2023048497,2023-09-22,여자,60 - 64세,전라북도,TV홈쇼핑,믹서기,품질(물품/용역)
2023048498,2023-09-22,여자,30 - 39세,부산광역시,일반판매,헬스장,계약불이행(불완전이행)
2023048499,2023-09-22,여자,40 - 49세,서울특별시,일반판매,성형외과,계약해제.해지/위약금
2023048500,2023-09-22,남자,30 - 39세,서울특별시,일반판매,포장이사운송서비스,품질(물품/용역)
2023048501,2023-09-22,남자,70 - 79세,경기도,전화권유판매,유사투자자문,청약철회
2023048502,2023-09-22,남자,40 - 49세,세종특별자치시,일반판매,룸에어컨,안전(제품/시설)
2023048504,2023-09-22,여자,20 - 29세,경기도,일반판매,양복(서양식 의복)세탁,품질(물품/용역)
2023048505,2023-09-22,남자,30 - 39세,전라북도,기타,건강(암·기타질병)보험,계약불이행(불완전이행)
2023048507,2023-09-22,여자,70 - 79세,대구광역시,일반판매,침대,품질(물품/용역)
2023048508,2023-09-22,여자,30 - 39세,경상북도,국내온라인거래,핸드백,품질(물품/용역)
2023048509,2023-09-22,남자,50 - 59세,서울특별시,일반판매,상품권,부당행위
2023048510,2023-09-22,여자,40 - 49세,서울특별시,일반판매,실손보험,계약불이행(불완전이행)
2023048512,2023-09-22,남자,50 - 59세,서울특별시,일반판매,자동차대여(렌트),약관
2023048513,2023-09-22,여자,50 - 59세,전라남도,일반판매,건강(암·기타질병)보험,약관
2023048514,2023-09-22,남자,30 - 39세,서울특별시,모바일거래,반포장이사운송서비스,계약불이행(불완전이행)
2023048515,2023-09-22,여자,불명,서울특별시,일반판매,양복(서양식 의복)세탁,품질(물품/용역)
2023048516,2023-09-22,여자,60 - 64세,서울특별시,일반판매,스마트폰,품질(물품/용역)
2023048519,2023-09-22,여자,50 - 59세,경기도,기타,초고속인터넷,부당행위
2023048520,2023-09-22,여자,60 - 64세,서울특별시,일반판매,골프회원권,계약해제.해지/위약금
2023048521,2023-09-22,여자,20 - 29세,경기도,일반판매,건강(암·기타질병)보험,약관
2023048523,2023-09-22,남자,60 - 64세,서울특별시,일반판매,블라인드,계약해제.해지/위약금
2023048524,2023-09-22,여자,40 - 49세,부산광역시,일반판매,학습지,계약해제.해지/위약금
2023048525,2023-09-22,여자,20 - 29세,서울특별시,방문판매,헬스장,계약해제.해지/위약금
2023048526,2023-09-22,남자,20 - 29세,인천광역시,일반판매,헬스장,계약해제.해지/위약금
2023048527,2023-09-22,남자,40 - 49세,경기도,일반판매,스마트폰,품질(물품/용역)
2023048528,2023-09-22,여자,30 - 39세,경기도,국내온라인거래,이유식,표시.광고
2023048529,2023-09-22,남자,40 - 49세,경기도,국내온라인거래,인터넷정보이용서비스,계약해제.해지/위약금
2023048530,2023-09-22,여자,20 - 29세,대전광역시,국내온라인거래,기타신발·용품,청약철회
2023048531,2023-09-22,남자,40 - 49세,울산광역시,국내온라인거래,TV,AS불만
2023048532,2023-09-22,남자,40 - 49세,경상북도,일반판매,양복(서양식 의복)세탁,품질(물품/용역)
2023048534,2023-09-22,여자,불명,경기도,국내온라인거래,골프회원권,계약해제.해지/위약금
2023048535,2023-09-22,남자,불명,충청남도,전화권유판매,유사투자자문,계약해제.해지/위약금
2023048536,2023-09-22,여자,70 - 79세,경기도,일반판매,의자,품질(물품/용역)
2023048537,2023-09-22,여자,40 - 49세,서울특별시,일반판매,외식,단순문의.상담
2023048538,2023-09-22,남자,50 - 59세,충청남도,전화권유판매,유사투자자문,계약불이행(불완전이행)
2023048631,2023-09-22,남자,30 - 39세,경기도,국내온라인거래,국외여행,계약해제.해지/위약금
2023048632,2023-09-22,남자,50 - 59세,인천광역시,국내온라인거래,시계,품질(물품/용역)
2023048633,2023-09-22,여자,30 - 39세,경기도,국내온라인거래,책장·서가,청약철회
2023048634,2023-09-22,여자,30 - 39세,서울특별시,국내온라인거래,각종공연관람,청약철회
2023048635,2023-09-22,여자,30 - 39세,경기도,일반판매,헬스장,계약해제.해지/위약금
2023048636,2023-09-22,여자,20 - 29세,경기도,일반판매,양복(서양식 의복)세탁,품질(물품/용역)
2023048637,2023-09-22,남자,40 - 49세,서울특별시,일반판매,결혼준비대행서비스,계약불이행(불완전이행)
2023048638,2023-09-22,여자,40 - 49세,서울특별시,국내온라인거래,소프트웨어,계약해제.해지/위약금
2023048639,2023-09-22,남자,30 - 39세,전라북도,모바일거래,가습기,부당행위
2023048640,2023-09-22,여자,20 - 29세,대구광역시,다단계판매,상조서비스,계약해제.해지/위약금
2023048641,2023-09-22,여자,30 - 39세,서울특별시,국내온라인거래,서랍장,계약불이행(불완전이행)
2023048642,2023-09-22,여자,40 - 49세,인천광역시,방문판매,기타위생서비스,계약불이행(불완전이행)
2023048643,2023-09-22,여자,20 - 29세,서울특별시,기타,컴퓨터수리,AS불만
2023048644,2023-09-22,남자,20 - 29세,경기도,일반판매,헬스장,계약해제.해지/위약금
2023048645,2023-09-22,여자,50 - 59세,경기도,기타,헬스장,계약해제.해지/위약금
2023048646,2023-09-22,여자,50 - 59세,경기도,전화권유판매,고시원이용,계약해제.해지/위약금
2023048647,2023-09-22,여자,40 - 49세,경기도,기타,기타미분류서비스,부당행위
2023048648,2023-09-22,남자,20 - 29세,제주도,일반판매,헬스장,계약해제.해지/위약금
2023048649,2023-09-22,남자,20 - 29세,경기도,방문판매,헬스장,계약해제.해지/위약금
2023048650,2023-09-22,남자,50 - 59세,강원특별자치도,국내온라인거래,기타스포츠·레저기구·용품,안전(제품/시설)
2023048651,2023-09-22,남자,30 - 39세,충청남도,기타,결혼준비대행서비스,청약철회
2023048652,2023-09-22,여자,30 - 39세,서울특별시,국내온라인거래,국외여행,계약불이행(불완전이행)
2023048653,2023-09-22,여자,20 - 29세,부산광역시,일반판매,헬스장,계약해제.해지/위약금
2023048654,2023-09-22,여자,30 - 39세,경기도,방문판매,인터넷교육서비스,계약해제.해지/위약금
2023048655,2023-09-22,남자,30 - 39세,인천광역시,전화권유판매,인터넷정보이용서비스,계약불이행(불완전이행)
2023048657,2023-09-22,남자,50 - 59세,서울특별시,기타,국외여행,계약해제.해지/위약금
2023048658,2023-09-22,남자,60 - 64세,광주광역시,일반판매,항공여객운송서비스,계약불이행(불완전이행)
2023048659,2023-09-22,여자,30 - 39세,서울특별시,소셜커머스(쇼핑),가스에어컨,표시.광고
2023048660,2023-09-22,남자,30 - 39세,서울특별시,국내온라인거래,컴퓨터모니터(데스크탑),품질(물품/용역)
2023048661,2023-09-22,여자,20 - 29세,부산광역시,일반판매,버스여객운송서비스,계약불이행(불완전이행)
2023048662,2023-09-22,여자,40 - 49세,울산광역시,일반판매,항공여객운송서비스,계약해제.해지/위약금
2023048663,2023-09-22,남자,30 - 39세,서울특별시,일반판매,헬스장,계약해제.해지/위약금
2023048664,2023-09-22,남자,30 - 39세,서울특별시,일반판매,헬스장,계약해제.해지/위약금
2023048665,2023-09-22,여자,30 - 39세,경기도,국내온라인거래,애완동물기타,청약철회
2023048666,2023-09-22,남자,30 - 39세,인천광역시,일반판매,소파,품질(물품/용역)
2023048667,2023-09-22,여자,50 - 59세,충청북도,일반판매,가스보일러,품질(물품/용역)
2023048668,2023-09-22,남자,30 - 39세,충청남도,기타,헬스장,계약해제.해지/위약금
2023048669,2023-09-22,남자,50 - 59세,서울특별시,국내온라인거래,스마트폰,계약불이행(불완전이행)
2023048670,2023-09-22,여자,30 - 39세,경기도,일반판매,기타이·미용서비스,계약해제.해지/위약금
2023048671,2023-09-22,여자,50 - 59세,전라남도,국내온라인거래,항공여객운송서비스,계약해제.해지/위약금
2023048672,2023-09-22,여자,40 - 49세,경기도,국내온라인거래,복합기,AS불만
2023048673,2023-09-22,여자,30 - 39세,서울특별시,국내온라인거래,기타문화·오락시설이용,계약해제.해지/위약금
2023048674,2023-09-22,남자,40 - 49세,서울특별시,국제온라인거래,항공여객운송서비스,계약해제.해지/위약금
2023048675,2023-09-22,여자,50 - 59세,강원특별자치도,소셜커머스(쇼핑),국외여행,품질(물품/용역)
2023048676,2023-09-22,여자,30 - 39세,경기도,일반판매,전기세탁기,품질(물품/용역)
2023048677,2023-09-22,여자,20 - 29세,경기도,국내온라인거래,옷장,청약철회
2023048678,2023-09-22,여자,30 - 39세,부산광역시,기타,사진촬영,계약불이행(불완전이행)
2023048679,2023-09-22,여자,30 - 39세,서울특별시,일반판매,요가,계약해제.해지/위약금
2023048680,2023-09-22,남자,30 - 39세,서울특별시,기타,스마트폰,AS불만
2023048681,2023-09-22,남자,40 - 49세,경기도,국내온라인거래,항공여객운송서비스,계약불이행(불완전이행)
2023048682,2023-09-22,여자,30 - 39세,경기도,모바일거래,호텔,계약불이행(불완전이행)
2023048683,2023-09-22,남자,30 - 39세,인천광역시,모바일거래,모바일게임서비스,계약해제.해지/위약금
2023048684,2023-09-22,여자,40 - 49세,경기도,일반판매,기타가방,품질(물품/용역)
2023048685,2023-09-22,여자,50 - 59세,경기도,일반판매,골프회원권,계약해제.해지/위약금
2023048686,2023-09-22,남자,40 - 49세,서울특별시,기타,프라이팬,품질(물품/용역)
2023048687,2023-09-22,여자,30 - 39세,경기도,일반판매,필라테스,계약해제.해지/위약금
2023048688,2023-09-22,여자,20 - 29세,경기도,기타통신판매,인터넷교육서비스,계약해제.해지/위약금
2023048689,2023-09-22,여자,40 - 49세,서울특별시,국내온라인거래,메이크업베이스,표시.광고
2023048690,2023-09-22,남자,30 - 39세,경기도,국내온라인거래,식기세척기,표시.광고
2023048691,2023-09-22,남자,30 - 39세,경기도,기타통신판매,초고속인터넷,계약해제.해지/위약금
2023048692,2023-09-22,남자,20 - 29세,인천광역시,일반판매,침대,계약해제.해지/위약금
2023048694,2023-09-22,남자,30 - 39세,경기도,국내온라인거래,퍼스널컴퓨터,청약철회
2023048695,2023-09-22,남자,20 - 29세,충청북도,국내온라인거래,인터넷교육서비스,계약해제.해지/위약금
2023048696,2023-09-22,여자,40 - 49세,서울특별시,국내온라인거래,항공여객운송서비스,청약철회
2023048697,2023-09-22,남자,65 - 69세,경기도,기타,하수도위생서비스,계약불이행(불완전이행)
2023048698,2023-09-22,남자,50 - 59세,서울특별시,방문판매,자격증교재,계약해제.해지/위약금
2023048699,2023-09-22,남자,40 - 49세,경기도,국내온라인거래,취업·이민알선,계약해제.해지/위약금
2023048700,2023-09-22,남자,30 - 39세,경기도,국내온라인거래,신유형상품권,계약불이행(불완전이행)
2023048701,2023-09-22,여자,30 - 39세,충청남도,일반판매,포장이사운송서비스,계약불이행(불완전이행)
2023048702,2023-09-22,남자,20 - 29세,인천광역시,국내온라인거래,초음파방충기,계약해제.해지/위약금
2023048703,2023-09-22,여자,30 - 39세,경기도,소셜커머스(쇼핑),수동청소기,AS불만
2023048704,2023-09-22,여자,40 - 49세,세종특별자치시,일반판매,기타사설강습서비스,계약해제.해지/위약금
2023048705,2023-09-22,여자,30 - 39세,경기도,일반판매,일반강습(입시학원등),계약해제.해지/위약금
2023048706,2023-09-22,여자,30 - 39세,경기도,국내온라인거래,기타약품,품질(물품/용역)
2023048708,2023-09-22,여자,20 - 29세,서울특별시,국내온라인거래,인터넷게임서비스,부당행위
2023048709,2023-09-22,남자,30 - 39세,대구광역시,모바일거래,전지,품질(물품/용역)
2023048731,2023-09-23,여자,10 - 19세,서울특별시,기타통신판매,인터넷교육서비스,청약철회
2023048732,2023-09-23,여자,40 - 49세,경상남도,일반판매,소파,계약해제.해지/위약금
2023048733,2023-09-23,남자,30 - 39세,인천광역시,일반판매,기타민영보험,계약불이행(불완전이행)
2023048734,2023-09-23,여자,30 - 39세,서울특별시,기타통신판매,포장이사운송서비스,계약불이행(불완전이행)
2023048735,2023-09-23,남자,20 - 29세,서울특별시,국내온라인거래,펜션,계약해제.해지/위약금
2023048736,2023-09-23,여자,65 - 69세,서울특별시,국내온라인거래,호텔,품질(물품/용역)
2023048737,2023-09-23,여자,30 - 39세,대구광역시,방문판매,기타조명기기,계약불이행(불완전이행)
2023048738,2023-09-23,남자,30 - 39세,울산광역시,기타,오토바이,계약불이행(불완전이행)
2023048739,2023-09-23,남자,40 - 49세,경기도,모바일거래,이동전화서비스,표시.광고
2023048740,2023-09-23,남자,50 - 59세,경기도,일반판매,외식,품질(물품/용역)
2023048741,2023-09-23,여자,30 - 39세,서울특별시,일반판매,헬스장,계약해제.해지/위약금
2023048742,2023-09-23,남자,30 - 39세,경기도,일반판매,헬스장,계약해제.해지/위약금
2023048744,2023-09-23,남자,50 - 59세,충청남도,국내온라인거래,기타스포츠·레저기구·용품,AS불만
2023048745,2023-09-23,여자,30 - 39세,경기도,국내온라인거래,기타의류·섬유,청약철회
2023048746,2023-09-23,남자,20 - 29세,대구광역시,일반판매,헬스장,계약해제.해지/위약금
2023048747,2023-09-23,남자,30 - 39세,전라남도,국내온라인거래,호텔,청약철회
2023048749,2023-09-23,여자,30 - 39세,서울특별시,일반판매,필라테스,계약해제.해지/위약금
2023048750,2023-09-23,남자,60 - 64세,서울특별시,일반판매,중형승용자동차,계약해제.해지/위약금
2023048751,2023-09-23,남자,30 - 39세,경기도,소셜커머스(쇼핑),전자담배,품질(물품/용역)
2023048752,2023-09-23,남자,30 - 39세,서울특별시,일반판매,헬스장,계약해제.해지/위약금
2023048753,2023-09-23,여자,20 - 29세,경기도,국내온라인거래,기타숙박시설,이자.수수료
2023048754,2023-09-23,여자,30 - 39세,서울특별시,일반판매,일반강습(입시학원등),계약해제.해지/위약금
2023048831,2023-09-24,여자,30 - 39세,부산광역시,일반판매,예식서비스,계약해제.해지/위약금
2023048832,2023-09-22,여자,20 - 29세,서울특별시,일반판매,헬스장,계약해제.해지/위약금
2023048833,2023-09-24,여자,20 - 29세,경기도,국내온라인거래,의자,계약불이행(불완전이행)
2023048834,2023-09-24,여자,50 - 59세,제주도,방문판매,애완동물기타,계약해제.해지/위약금
2023048835,2023-09-24,여자,40 - 49세,서울특별시,방문판매,헬스장,계약해제.해지/위약금
2023048836,2023-09-24,여자,40 - 49세,강원특별자치도,일반판매,기타인테리어설비,품질(물품/용역)
2023048837,2023-09-24,여자,40 - 49세,경기도,소셜커머스(쇼핑),비타민제,계약불이행(불완전이행)
2023048838,2023-09-24,여자,60 - 64세,부산광역시,일반판매,기타과일·과일가공식품,품질(물품/용역)
2023048839,2023-09-24,여자,20 - 29세,서울특별시,일반판매,사진촬영,계약해제.해지/위약금
2023048840,2023-09-24,여자,30 - 39세,충청북도,소셜커머스(쇼핑),보조배터리,품질(물품/용역)
2023048841,2023-09-24,여자,40 - 49세,경상북도,소셜커머스(쇼핑),사과,청약철회
2023048842,2023-09-24,남자,20 - 29세,경기도,일반판매,일반강습(입시학원등),계약해제.해지/위약금
2023048843,2023-09-24,여자,20 - 29세,경기도,국내온라인거래,인터넷정보이용서비스,가격.요금
2023048844,2023-09-24,남자,40 - 49세,서울특별시,국내온라인거래,국외여행,계약불이행(불완전이행)
2023048845,2023-09-24,여자,60 - 64세,경기도,국내온라인거래,국외여행,안전(제품/시설)
2023048846,2023-09-24,여자,40 - 49세,전라북도,일반판매,학습지,계약해제.해지/위약금
2023048847,2023-09-24,여자,40 - 49세,경기도,일반판매,인터넷교육서비스,계약불이행(불완전이행)
2023048848,2023-09-24,남자,30 - 39세,경기도,일반판매,소파,품질(물품/용역)
2023048849,2023-09-24,여자,30 - 39세,서울특별시,국내온라인거래,국내결혼중개,계약해제.해지/위약금
2023048850,2023-09-24,여자,40 - 49세,경기도,기타,기타인테리어설비,AS불만
2023048851,2023-09-25,여자,30 - 39세,인천광역시,국내온라인거래,가스보일러,거래관행
2023048852,2023-09-25,남자,30 - 39세,경기도,전화권유판매,차량용블랙박스,품질(물품/용역)
2023048853,2023-09-25,남자,80세이상,부산광역시,일반판매,남자용내의류,품질(물품/용역)
2023048854,2023-09-25,남자,40 - 49세,경기도,기타,미분류대여(렌트),부당채권추심
2023048855,2023-09-25,남자,50 - 59세,광주광역시,일반판매,안마의자,품질(물품/용역)
2023048856,2023-09-25,남자,50 - 59세,경기도,일반판매,전기자동차,품질(물품/용역)
2023048857,2023-09-25,여자,40 - 49세,서울특별시,일반판매,요가,계약해제.해지/위약금
2023048858,2023-09-25,여자,50 - 59세,충청북도,일반판매,숙녀복상의,품질(물품/용역)
2023048859,2023-09-25,남자,40 - 49세,부산광역시,일반판매,자동차대여(렌트),부당행위
2023048860,2023-09-25,여자,50 - 59세,경기도,일반판매,중형승용자동차,AS불만
2023048861,2023-09-25,남자,50 - 59세,서울특별시,일반판매,지갑,품질(물품/용역)
2023048862,2023-09-25,여자,40 - 49세,서울특별시,국내온라인거래,항공여객운송서비스,계약불이행(불완전이행)
2023048863,2023-09-25,여자,60 - 64세,울산광역시,전화권유판매,건강(암·기타질병)보험,계약불이행(불완전이행)
2023048864,2023-09-25,남자,50 - 59세,서울특별시,일반판매,전기자전거,품질(물품/용역)
2023048865,2023-09-25,남자,60 - 64세,충청북도,일반판매,소파,품질(물품/용역)
2023048866,2023-09-25,남자,30 - 39세,서울특별시,일반판매,자동차대여(렌트),부당행위
2023048867,2023-09-25,여자,40 - 49세,부산광역시,일반판매,양복(서양식 의복)세탁,품질(물품/용역)
2023048868,2023-09-25,남자,30 - 39세,경기도,국내온라인거래,필터류,표시.광고
2023048869,2023-09-25,여자,40 - 49세,경기도,방문판매,저축성보험,계약불이행(불완전이행)
2023048870,2023-09-25,여자,50 - 59세,경기도,국내온라인거래,핸드백,품질(물품/용역)
2023048871,2023-09-25,여자,30 - 39세,경기도,국내온라인거래,선풍기,표시.광고
2023048872,2023-09-25,여자,20 - 29세,울산광역시,일반판매,미용서비스,계약불이행(불완전이행)
2023048873,2023-09-25,남자,30 - 39세,광주광역시,일반판매,중형승용자동차,품질(물품/용역)
2023048874,2023-09-25,여자,40 - 49세,경상남도,TV홈쇼핑,미분류대여(렌트),AS불만
2023048875,2023-09-25,남자,60 - 64세,경기도,일반판매,조개,품질(물품/용역)
2023048876,2023-09-25,여자,30 - 39세,전라북도,국내온라인거래,기타가방,계약불이행(불완전이행)
2023048877,2023-09-25,여자,40 - 49세,인천광역시,전화권유판매,다이어트식품,계약해제.해지/위약금
2023048878,2023-09-25,여자,50 - 59세,서울특별시,일반판매,성형외과,품질(물품/용역)
2023048880,2023-09-25,남자,40 - 49세,경상남도,기타,자동차수리·점검,품질(물품/용역)
2023048881,2023-09-25,남자,40 - 49세,경기도,일반판매,이비인후과,계약불이행(불완전이행)
2023048882,2023-09-25,여자,70 - 79세,서울특별시,일반판매,정형외과,품질(물품/용역)
2023048883,2023-09-25,남자,20 - 29세,서울특별시,방문판매,헬스장,계약해제.해지/위약금
2023048885,2023-09-25,여자,65 - 69세,강원특별자치도,방문판매,예금·보험담보대출,이자.수수료
2023048886,2023-09-25,여자,20 - 29세,경기도,일반판매,기타이·미용서비스,계약해제.해지/위약금
2023048887,2023-09-25,여자,20 - 29세,서울특별시,일반판매,요가,계약해제.해지/위약금
2023048888,2023-09-25,여자,40 - 49세,경기도,기타통신판매,유사투자자문,계약불이행(불완전이행)
2023048889,2023-09-25,여자,50 - 59세,서울특별시,기타통신판매,포장이사운송서비스,계약불이행(불완전이행)
2023048891,2023-09-25,여자,20 - 29세,경기도,일반판매,숙녀복상의,품질(물품/용역)
2023048892,2023-09-25,여자,30 - 39세,경기도,일반판매,호텔,계약해제.해지/위약금
2023048894,2023-09-25,여자,40 - 49세,강원특별자치도,일반판매,기타민영보험,약관
2023048895,2023-09-25,남자,30 - 39세,경기도,기타,정수기,AS불만
2023048896,2023-09-25,여자,50 - 59세,서울특별시,일반판매,숙녀복하의,품질(물품/용역)
2023048897,2023-09-25,여자,50 - 59세,강원특별자치도,국내온라인거래,주방세트,표시.광고
2023048898,2023-09-25,여자,20 - 29세,경기도,일반판매,독서실이용,계약해제.해지/위약금
2023048899,2023-09-25,여자,20 - 29세,서울특별시,일반판매,전산강습,계약해제.해지/위약금
2023048900,2023-09-25,여자,50 - 59세,강원특별자치도,일반판매,각종자격취득강습,계약해제.해지/위약금
2023048901,2023-09-25,남자,40 - 49세,충청북도,기타통신판매,유사투자자문,계약해제.해지/위약금
2023048902,2023-09-25,남자,60 - 64세,경기도,일반판매,기타가사서비스,계약불이행(불완전이행)
2023048903,2023-09-25,여자,40 - 49세,경기도,국내온라인거래,숙녀화(구두·부츠 등),계약불이행(불완전이행)
2023048904,2023-09-25,여자,20 - 29세,서울특별시,국내온라인거래,건물청소서비스,계약불이행(불완전이행)
2023048905,2023-09-25,여자,40 - 49세,서울특별시,국내온라인거래,수저,품질(물품/용역)
2023048906,2023-09-25,남자,80세이상,경기도,일반판매,건강(암·기타질병)보험,약관
2023048907,2023-09-25,남자,60 - 64세,전라북도,일반판매,티셔츠,품질(물품/용역)
2023048908,2023-09-25,남자,30 - 39세,경기도,국내온라인거래,기타알선·중개·번역서비스,계약불이행(불완전이행)
2023048910,2023-09-25,남자,40 - 49세,경기도,일반판매,건강(암·기타질병)보험,계약불이행(불완전이행)
2023048911,2023-09-25,여자,30 - 39세,서울특별시,국내온라인거래,니트(스웨터),청약철회
2023048912,2023-09-25,남자,50 - 59세,서울특별시,일반판매,기타인테리어설비,품질(물품/용역)
2023048914,2023-09-25,여자,30 - 39세,충청북도,일반판매,예식서비스,계약해제.해지/위약금
2023048915,2023-09-25,남자,50 - 59세,경기도,기타통신판매,텐트,계약불이행(불완전이행)
2023048916,2023-09-25,여자,40 - 49세,제주도,일반판매,양복(서양식 의복)세탁,품질(물품/용역)
2023048917,2023-09-25,여자,40 - 49세,서울특별시,기타통신판매,건물청소서비스,계약불이행(불완전이행)
2023048918,2023-09-25,남자,80세이상,대구광역시,국내온라인거래,기타건강식품,가격.요금
2023048919,2023-09-25,여자,20 - 29세,경기도,방문판매,결혼준비대행서비스,계약해제.해지/위약금
2023048920,2023-09-25,여자,30 - 39세,울산광역시,국내온라인거래,양복(서양식 의복)세탁,품질(물품/용역)
2023048921,2023-09-25,여자,50 - 59세,인천광역시,국내온라인거래,점퍼·재킷류,청약철회
2023048922,2023-09-25,여자,30 - 39세,충청북도,기타통신판매,세탁용합성세제,계약불이행(불완전이행)
2023048923,2023-09-25,여자,70 - 79세,전라북도,국내온라인거래,기타건강식품,품질(물품/용역)
2023048924,2023-09-25,남자,40 - 49세,전라북도,일반판매,중고자동차중개·매매,표시.광고
2023048925,2023-09-25,남자,불명,경기도,국내온라인거래,카메라,품질(물품/용역)
2023048926,2023-09-25,남자,30 - 39세,경기도,국내온라인거래,스마트폰,부당행위
2023048927,2023-09-25,남자,30 - 39세,경상북도,일반판매,중고자동차중개·매매,계약불이행(불완전이행)
2023048928,2023-09-25,남자,30 - 39세,경기도,일반판매,자동차주차장,계약불이행(불완전이행)
2023048929,2023-09-25,여자,50 - 59세,경기도,일반판매,티셔츠,품질(물품/용역)
2023048930,2023-09-25,남자,40 - 49세,전라북도,일반판매,아파트,계약불이행(불완전이행)
2023048932,2023-09-25,남자,50 - 59세,인천광역시,일반판매,타이어,AS불만
2023048933,2023-09-25,여자,30 - 39세,경기도,일반판매,레저시설이용,계약해제.해지/위약금
2023048934,2023-09-25,여자,40 - 49세,인천광역시,일반판매,헬스장,계약해제.해지/위약금
2023048935,2023-09-25,남자,40 - 49세,서울특별시,일반판매,기타가방,품질(물품/용역)
2023048936,2023-09-25,남자,40 - 49세,강원특별자치도,기타,이비인후과,품질(물품/용역)
2023048937,2023-09-25,남자,65 - 69세,경상남도,기타,정형외과,품질(물품/용역)
2023048939,2023-09-25,남자,65 - 69세,부산광역시,모바일거래,성기능향상기기,청약철회
2023048940,2023-09-25,남자,50 - 59세,경상북도,일반판매,자동차수리·점검,AS불만
2023048941,2023-09-25,여자,40 - 49세,부산광역시,국내온라인거래,항공여객운송서비스,계약해제.해지/위약금
2023048942,2023-09-25,여자,40 - 49세,경기도,일반판매,피부·체형관리서비스,계약해제.해지/위약금
2023048943,2023-09-25,여자,65 - 69세,경기도,기타통신판매,CCTV,부당행위
2023048944,2023-09-25,남자,40 - 49세,경기도,모바일거래,전동킥보드,부당행위
2023048945,2023-09-25,남자,65 - 69세,대구광역시,국내온라인거래,티셔츠,계약불이행(불완전이행)
2023048946,2023-09-25,남자,40 - 49세,서울특별시,기타,이동전화서비스,품질(물품/용역)
2023048947,2023-09-25,여자,40 - 49세,경기도,기타통신판매,의자,품질(물품/용역)
2023048948,2023-09-25,남자,20 - 29세,서울특별시,국내온라인거래,노트북컴퓨터,품질(물품/용역)
2023048949,2023-09-25,남자,20 - 29세,인천광역시,국내온라인거래,기타스포츠·레저기구·용품,청약철회
2023048950,2023-09-25,남자,65 - 69세,충청북도,방문판매,기타옥외장비·설비,계약불이행(불완전이행)
2023048951,2023-09-25,남자,30 - 39세,경기도,기타,스마트폰,품질(물품/용역)
2023048952,2023-09-25,남자,65 - 69세,경상북도,일반판매,보청기,품질(물품/용역)
2023048953,2023-09-25,여자,50 - 59세,경기도,일반판매,기타의료용구,품질(물품/용역)
2023048954,2023-09-25,남자,30 - 39세,서울특별시,일반판매,룸에어컨,AS불만
2023048955,2023-09-25,남자,20 - 29세,서울특별시,모바일거래,기타숙박시설,표시.광고
2023048956,2023-09-25,여자,40 - 49세,대전광역시,기타,피부과,계약해제.해지/위약금
2023048957,2023-09-25,남자,20 - 29세,대구광역시,국내온라인거래,샌들·슬리퍼,청약철회
2023048958,2023-09-25,남자,40 - 49세,서울특별시,일반판매,독서실이용,AS불만
2023048959,2023-09-25,여자,50 - 59세,경기도,기타,산부인과,품질(물품/용역)
2023048961,2023-09-25,남자,50 - 59세,울산광역시,기타,비뇨의학과,품질(물품/용역)
2023048962,2023-09-25,여자,80세이상,충청북도,기타,내과,품질(물품/용역)
2023048963,2023-09-25,남자,40 - 49세,충청남도,일반판매,정수기,AS불만
2023048964,2023-09-25,남자,40 - 49세,서울특별시,일반판매,마취통증의학과,품질(물품/용역)
2023048965,2023-09-25,남자,50 - 59세,서울특별시,일반판매,정형외과,품질(물품/용역)
2023048966,2023-09-25,남자,불명,서울특별시,국내온라인거래,스피커,표시.광고
2023048967,2023-09-25,남자,30 - 39세,인천광역시,일반판매,기타완구·인형,품질(물품/용역)
2023048968,2023-09-25,남자,50 - 59세,서울특별시,국내온라인거래,헤드폰·이어폰,품질(물품/용역)
2023048969,2023-09-25,남자,50 - 59세,경기도,국내온라인거래,선풍기,품질(물품/용역)
2023048970,2023-09-25,남자,40 - 49세,경기도,방문판매,정수기대여(렌트),계약불이행(불완전이행)
2023048971,2023-09-25,남자,60 - 64세,경기도,기타통신판매,변호서비스,계약해제.해지/위약금
2023048972,2023-09-25,여자,40 - 49세,서울특별시,일반판매,산후조리원,계약불이행(불완전이행)
2023048973,2023-09-25,남자,30 - 39세,서울특별시,국내온라인거래,안마의자,AS불만
2023048974,2023-09-25,남자,30 - 39세,대구광역시,일반판매,예식서비스,계약해제.해지/위약금
2023048975,2023-09-25,남자,30 - 39세,경기도,국내온라인거래,가사도우미,부당행위
2023048976,2023-09-25,남자,20 - 29세,경기도,방문판매,헬스장,계약해제.해지/위약금
2023048977,2023-09-25,남자,40 - 49세,경기도,기타,기타인테리어설비,계약해제.해지/위약금
2023048978,2023-09-25,남자,20 - 29세,강원특별자치도,모바일거래,택배화물운송서비스,품질(물품/용역)
2023048980,2023-09-25,남자,60 - 64세,전라북도,기타,기타사설강습서비스,계약해제.해지/위약금
2023048981,2023-09-25,남자,30 - 39세,경상남도,기타,포장이사운송서비스,계약불이행(불완전이행)
2023048982,2023-09-25,남자,40 - 49세,경상남도,국내온라인거래,냉장고,AS불만
2023048983,2023-09-25,남자,40 - 49세,대전광역시,일반판매,정수기,AS불만
2023048984,2023-09-25,남자,30 - 39세,전라남도,일반판매,룸에어컨,품질(물품/용역)
2023048985,2023-09-25,여자,30 - 39세,서울특별시,일반판매,시스템에어컨,계약불이행(불완전이행)
2023048988,2023-09-25,여자,30 - 39세,서울특별시,국내온라인거래,캐주얼바지,청약철회
2023048989,2023-09-25,남자,20 - 29세,경기도,방문판매,헬스장,계약해제.해지/위약금
2023048990,2023-09-25,남자,50 - 59세,충청북도,기타통신판매,인터넷정보이용서비스,청약철회
2023048991,2023-09-25,남자,30 - 39세,부산광역시,국내온라인거래,항공여객운송서비스,부당행위
2023048992,2023-09-25,남자,30 - 39세,경기도,모바일거래,택시여객운송서비스,가격.요금
2023048993,2023-09-25,남자,30 - 39세,경상남도,일반판매,스프링매트리스,계약해제.해지/위약금
2023048994,2023-09-25,여자,40 - 49세,경기도,국내온라인거래,인터넷게임서비스,계약해제.해지/위약금
2023048995,2023-09-25,남자,30 - 39세,서울특별시,기타,헬스장,계약해제.해지/위약금
2023048997,2023-09-25,남자,40 - 49세,경기도,국내온라인거래,냉장고,품질(물품/용역)
2023048998,2023-09-25,남자,30 - 39세,경기도,일반판매,스마트폰,품질(물품/용역)
2023048999,2023-09-25,여자,40 - 49세,경기도,국내온라인거래,항공여객운송서비스,계약불이행(불완전이행)
2023049000,2023-09-25,남자,30 - 39세,서울특별시,일반판매,국내결혼중개,약관
2023049001,2023-09-25,남자,50 - 59세,경기도,TV홈쇼핑,국외여행,계약해제.해지/위약금
2023049002,2023-09-25,여자,30 - 39세,경기도,국내온라인거래,인터넷교육서비스,계약해제.해지/위약금
2023049003,2023-09-25,여자,70 - 79세,경기도,일반판매,냉장고,품질(물품/용역)
2023049004,2023-09-25,여자,20 - 29세,부산광역시,일반판매,스마트폰,품질(물품/용역)
2023049005,2023-09-25,남자,60 - 64세,제주도,국내온라인거래,태블릿PC,청약철회
2023049006,2023-09-25,남자,40 - 49세,경기도,일반판매,외식,단순문의.상담
2023049007,2023-09-25,남자,30 - 39세,경기도,일반판매,헬스장,계약해제.해지/위약금
2023049009,2023-09-25,여자,30 - 39세,광주광역시,국내온라인거래,항공여객운송서비스,계약불이행(불완전이행)
2023049010,2023-09-25,남자,30 - 39세,서울특별시,국내온라인거래,운동화,품질(물품/용역)
2023049011,2023-09-25,여자,30 - 39세,인천광역시,일반판매,이동전화서비스,계약해제.해지/위약금
2023049012,2023-09-25,여자,30 - 39세,경기도,일반판매,산후조리원,안전(제품/시설)
2023049013,2023-09-25,여자,30 - 39세,경기도,방문판매,애완견,품질(물품/용역)
2023049014,2023-09-25,여자,40 - 49세,경기도,일반판매,결혼준비대행서비스,계약해제.해지/위약금
2023049015,2023-09-25,여자,40 - 49세,부산광역시,기타통신판매,전기진공청소기,AS불만
2023049016,2023-09-25,여자,40 - 49세,경상남도,국내온라인거래,영화관람,청약철회
2023049017,2023-09-25,여자,65 - 69세,경상북도,기타,학습지,부당행위
2023049018,2023-09-25,남자,40 - 49세,경기도,기타통신판매,정수기대여(렌트),계약해제.해지/위약금
2023049019,2023-09-25,여자,30 - 39세,인천광역시,일반판매,신사복세트,품질(물품/용역)
2023049020,2023-09-25,남자,40 - 49세,서울특별시,국내온라인거래,전기장판,품질(물품/용역)
2023049021,2023-09-25,여자,30 - 39세,강원특별자치도,일반판매,피부·체형관리서비스,계약해제.해지/위약금
2023049022,2023-09-25,남자,40 - 49세,경기도,일반판매,항공여객운송서비스,계약불이행(불완전이행)
2023049023,2023-09-25,남자,20 - 29세,경기도,일반판매,독서실이용,계약해제.해지/위약금
2023049024,2023-09-25,남자,20 - 29세,부산광역시,국내온라인거래,기타의류·섬유,계약불이행(불완전이행)
2023049025,2023-09-25,남자,40 - 49세,서울특별시,국내온라인거래,헤드폰·이어폰,품질(물품/용역)
2023049026,2023-09-25,여자,20 - 29세,경기도,일반판매,헬스장,계약해제.해지/위약금
2023049027,2023-09-25,남자,30 - 39세,경기도,모바일거래,항공여객운송서비스,계약해제.해지/위약금
2023049028,2023-09-25,남자,50 - 59세,서울특별시,국내온라인거래,돼지고기포장육,품질(물품/용역)
2023049029,2023-09-25,여자,40 - 49세,서울특별시,소셜커머스(쇼핑),호텔,가격.요금
2023049030,2023-09-25,남자,30 - 39세,서울특별시,국내온라인거래,모바일게임서비스,청약철회
2023049031,2023-09-25,남자,30 - 39세,서울특별시,일반판매,식기세척기,품질(물품/용역)
2023049032,2023-09-25,여자,40 - 49세,경기도,국내온라인거래,기타문화·오락시설이용,계약해제.해지/위약금
2023049034,2023-09-25,여자,40 - 49세,경기도,국내온라인거래,기타이·미용기구,품질(물품/용역)
2023049035,2023-09-25,여자,50 - 59세,서울특별시,모바일거래,초고속인터넷,계약해제.해지/위약금
2023049036,2023-09-25,여자,30 - 39세,경기도,기타,모바일정보이용서비스,계약불이행(불완전이행)
2023049037,2023-09-25,여자,20 - 29세,경상북도,방문판매,예식서비스,계약해제.해지/위약금
2023049038,2023-09-25,여자,40 - 49세,전라남도,기타,정수기대여(렌트),품질(물품/용역)
2023049039,2023-09-25,남자,30 - 39세,서울특별시,국내온라인거래,기타이·미용기구,품질(물품/용역)
2023049040,2023-09-25,여자,20 - 29세,경기도,기타통신판매,포장이사운송서비스,계약불이행(불완전이행)
2023049041,2023-09-25,여자,40 - 49세,서울특별시,국내온라인거래,스마트폰,청약철회
2023049042,2023-09-25,여자,40 - 49세,경기도,모바일거래,모바일게임서비스,청약철회
2023049043,2023-09-25,여자,30 - 39세,서울특별시,국내온라인거래,캐주얼바지,청약철회
2023049044,2023-09-25,여자,50 - 59세,경상남도,국내온라인거래,셔츠,청약철회
2023049045,2023-09-25,여자,40 - 49세,경상남도,국내온라인거래,커피메이커,품질(물품/용역)
2023049046,2023-09-25,여자,40 - 49세,경기도,소셜커머스(쇼핑),국외여행,청약철회
2023049047,2023-09-25,여자,20 - 29세,인천광역시,일반판매,필라테스,계약해제.해지/위약금
2023049048,2023-09-25,남자,70 - 79세,경기도,전화권유판매,초고속인터넷,가격.요금
2023049049,2023-09-25,여자,30 - 39세,서울특별시,일반판매,국외여행,계약불이행(불완전이행)
2023049050,2023-09-25,여자,40 - 49세,서울특별시,국내온라인거래,보석·귀금속,청약철회
2023049051,2023-09-25,남자,30 - 39세,인천광역시,국내온라인거래,캐주얼바지,품질(물품/용역)
2023049052,2023-09-25,여자,40 - 49세,서울특별시,기타,기타사설강습서비스,계약해제.해지/위약금
2023049053,2023-09-25,남자,40 - 49세,경기도,기타,헬스장,계약해제.해지/위약금
2023049054,2023-09-25,여자,40 - 49세,대구광역시,일반판매,정수기대여(렌트),품질(물품/용역)
2023049055,2023-09-25,남자,60 - 64세,대전광역시,기타,컴퓨터수리,청약철회
2023049056,2023-09-25,여자,30 - 39세,서울특별시,일반판매,빵,계약불이행(불완전이행)
2023049057,2023-09-25,여자,20 - 29세,서울특별시,국내온라인거래,원피스,품질(물품/용역)
2023049058,2023-09-25,남자,30 - 39세,경상남도,국내온라인거래,선풍기,AS불만
2023049059,2023-09-25,여자,40 - 49세,경기도,전화권유판매,인터넷교육서비스,계약불이행(불완전이행)
2023049060,2023-09-25,여자,50 - 59세,대구광역시,방문판매,학습지,계약해제.해지/위약금
2023049061,2023-09-25,여자,30 - 39세,경기도,모바일거래,기타육류·육류가공식품,품질(물품/용역)
2023049062,2023-09-25,여자,65 - 69세,경기도,일반판매,기타교육서비스,계약해제.해지/위약금
2023049064,2023-09-25,남자,40 - 49세,서울특별시,기타,기타인테리어설비,품질(물품/용역)
2023049066,2023-09-25,여자,40 - 49세,서울특별시,국내온라인거래,서랍장,품질(물품/용역)
2023049067,2023-09-25,여자,30 - 39세,서울특별시,국내온라인거래,점퍼·재킷류,청약철회
2023049068,2023-09-25,여자,30 - 39세,경기도,일반판매,기타사설강습서비스,계약해제.해지/위약금
2023049069,2023-09-25,여자,20 - 29세,충청남도,국내온라인거래,운동화,청약철회
2023049070,2023-09-25,남자,40 - 49세,서울특별시,전화권유판매,초고속인터넷,계약해제.해지/위약금
2023049071,2023-09-25,남자,40 - 49세,경기도,기타통신판매,기타법률서비스,부당행위
2023049072,2023-09-25,여자,30 - 39세,전라북도,일반판매,국내결혼중개,계약해제.해지/위약금
2023049073,2023-09-25,여자,40 - 49세,충청북도,방문판매,캐주얼바지,계약불이행(불완전이행)
2023049074,2023-09-25,남자,40 - 49세,서울특별시,국내온라인거래,책상,AS불만
2023049075,2023-09-25,여자,20 - 29세,경기도,국내온라인거래,기타일반화장품,품질(물품/용역)
2023049076,2023-09-25,여자,30 - 39세,서울특별시,국내온라인거래,옷장,품질(물품/용역)
2023049077,2023-09-25,여자,20 - 29세,경기도,국내온라인거래,비디오카메라,계약불이행(불완전이행)
2023049078,2023-09-25,남자,20 - 29세,인천광역시,국내온라인거래,각종공연관람,계약해제.해지/위약금
2023049079,2023-09-25,남자,30 - 39세,서울특별시,국내온라인거래,신사복세트,청약철회
2023049080,2023-09-26,남자,60 - 64세,서울특별시,전화권유판매,IPTV,계약불이행(불완전이행)
2023049081,2023-09-26,여자,70 - 79세,서울특별시,모바일거래,블라우스,계약해제.해지/위약금
2023049082,2023-09-26,여자,40 - 49세,경기도,국내온라인거래,운동화,품질(물품/용역)
2023049083,2023-09-26,여자,40 - 49세,서울특별시,일반판매,운동화,품질(물품/용역)
2023049084,2023-09-26,여자,30 - 39세,서울특별시,국내온라인거래,샌들·슬리퍼,품질(물품/용역)
2023049085,2023-09-26,여자,50 - 59세,경기도,일반판매,신사화(구두·부츠 등),품질(물품/용역)
2023049086,2023-09-26,남자,20 - 29세,경기도,국내온라인거래,숙녀화(구두·부츠 등),품질(물품/용역)
2023049087,2023-09-26,여자,70 - 79세,부산광역시,일반판매,샌들·슬리퍼,품질(물품/용역)
2023049088,2023-09-26,여자,50 - 59세,부산광역시,국내온라인거래,샌들·슬리퍼,품질(물품/용역)
2023049089,2023-09-26,여자,30 - 39세,경상남도,일반판매,예식서비스,계약불이행(불완전이행)
2023049090,2023-09-26,여자,30 - 39세,경기도,일반판매,샌들·슬리퍼,품질(물품/용역)
2023049091,2023-09-26,남자,30 - 39세,부산광역시,일반판매,운동화,품질(물품/용역)
2023049092,2023-09-26,남자,30 - 39세,경기도,일반판매,운동화,품질(물품/용역)
2023049093,2023-09-26,여자,65 - 69세,경기도,일반판매,샌들·슬리퍼,품질(물품/용역)
2023049094,2023-09-26,남자,50 - 59세,경상남도,일반판매,운동화,품질(물품/용역)
2023049095,2023-09-26,여자,40 - 49세,충청남도,기타,초고속인터넷,계약해제.해지/위약금
2023049096,2023-09-26,남자,50 - 59세,대전광역시,국내온라인거래,노트북컴퓨터,품질(물품/용역)
2023049097,2023-09-26,여자,60 - 64세,서울특별시,방문판매,포장이사운송서비스,품질(물품/용역)
2023049098,2023-09-26,남자,65 - 69세,경기도,기타,전기자전거,품질(물품/용역)
2023049100,2023-09-26,남자,40 - 49세,경기도,국내온라인거래,항공여객운송서비스,계약불이행(불완전이행)
2023049101,2023-09-26,남자,50 - 59세,인천광역시,기타,이동전화서비스,가격.요금
2023049102,2023-09-26,여자,40 - 49세,서울특별시,방문판매,택배화물운송서비스,계약불이행(불완전이행)
2023049103,2023-09-26,남자,30 - 39세,경기도,기타,욕실설비,AS불만
2023049104,2023-09-26,여자,40 - 49세,경기도,국내온라인거래,애완동·식물용품,계약해제.해지/위약금
2023049105,2023-09-26,남자,20 - 29세,강원특별자치도,국내온라인거래,자동차대여(렌트),표시.광고
2023049106,2023-09-26,남자,50 - 59세,경상북도,일반판매,스포츠웨어,품질(물품/용역)
2023049107,2023-09-26,여자,40 - 49세,인천광역시,일반판매,조립완구,품질(물품/용역)
2023049108,2023-09-26,여자,20 - 29세,경기도,국내온라인거래,영화관람,청약철회
2023049109,2023-09-26,여자,40 - 49세,부산광역시,국내온라인거래,항공여객운송서비스,계약해제.해지/위약금
2023049110,2023-09-26,남자,40 - 49세,경기도,일반판매,자동차수리·점검,AS불만
2023049111,2023-09-26,여자,70 - 79세,대구광역시,일반판매,이동전화서비스,계약불이행(불완전이행)
2023049112,2023-09-26,여자,50 - 59세,경기도,기타통신판매,포장이사운송서비스,계약불이행(불완전이행)
2023049113,2023-09-26,남자,30 - 39세,서울특별시,일반판매,사진촬영,계약해제.해지/위약금
2023049114,2023-09-26,남자,30 - 39세,서울특별시,국내온라인거래,책장·서가,계약해제.해지/위약금
2023049115,2023-09-26,남자,70 - 79세,서울특별시,전화권유판매,인터넷정보이용서비스,계약해제.해지/위약금
2023049116,2023-09-26,여자,65 - 69세,경기도,국내온라인거래,유사투자자문,계약해제.해지/위약금
2023049117,2023-09-26,남자,65 - 69세,대전광역시,방문판매,건강(암·기타질병)보험,계약불이행(불완전이행)
2023049118,2023-09-26,남자,30 - 39세,서울특별시,국내온라인거래,의자,품질(물품/용역)
2023049119,2023-09-26,여자,30 - 39세,서울특별시,일반판매,헬스장,계약해제.해지/위약금
2023049120,2023-09-26,남자,20 - 29세,서울특별시,국내온라인거래,항공여객운송서비스,계약불이행(불완전이행)
2023049121,2023-09-26,남자,60 - 64세,서울특별시,일반판매,차량용블랙박스,AS불만
2023049122,2023-09-26,남자,65 - 69세,경기도,국내온라인거래,TV,계약불이행(불완전이행)
2023049123,2023-09-26,여자,50 - 59세,경기도,국내온라인거래,양복(서양식 의복)세탁,품질(물품/용역)
2023049124,2023-09-26,남자,30 - 39세,서울특별시,기타,신용카드,품질(물품/용역)
2023049125,2023-09-26,남자,30 - 39세,경기도,일반판매,공기청정기,품질(물품/용역)
2023049126,2023-09-26,남자,65 - 69세,서울특별시,일반판매,실손보험,계약불이행(불완전이행)
2023049127,2023-09-26,여자,40 - 49세,경기도,일반판매,실손보험,계약불이행(불완전이행)
2023049128,2023-09-26,여자,50 - 59세,서울특별시,일반판매,양복(서양식 의복)세탁,품질(물품/용역)
2023049129,2023-09-26,남자,40 - 49세,서울특별시,국내온라인거래,장식장,계약불이행(불완전이행)
2023049130,2023-09-26,여자,40 - 49세,경기도,방문판매,상조서비스,계약해제.해지/위약금
2023049131,2023-09-26,여자,50 - 59세,서울특별시,일반판매,캐주얼바지,품질(물품/용역)
2023049132,2023-09-26,여자,60 - 64세,서울특별시,일반판매,의상대여(렌트),계약해제.해지/위약금
2023049133,2023-09-26,여자,40 - 49세,경기도,일반판매,자동차수리·점검,AS불만
2023049134,2023-09-26,여자,30 - 39세,경기도,일반판매,이동전화서비스,약관
2023049135,2023-09-26,남자,(미입력),전라남도,방문판매,헬스장,계약해제.해지/위약금
2023049136,2023-09-26,여자,30 - 39세,서울특별시,전화권유판매,인터넷정보이용서비스,계약불이행(불완전이행)
2023049138,2023-09-26,남자,30 - 39세,서울특별시,일반판매,이동전화서비스,부당행위
2023049139,2023-09-26,남자,50 - 59세,서울특별시,일반판매,자동차수리·점검,AS불만
2023049140,2023-09-26,여자,40 - 49세,경기도,전화권유판매,인터넷정보이용서비스,계약불이행(불완전이행)
2023049141,2023-09-26,여자,30 - 39세,서울특별시,모바일거래,버스여객운송서비스,계약불이행(불완전이행)
2023049142,2023-09-26,여자,30 - 39세,서울특별시,일반판매,예식서비스,부당행위
2023049143,2023-09-26,여자,20 - 29세,충청남도,국내온라인거래,원피스,청약철회
2023049144,2023-09-26,남자,50 - 59세,부산광역시,일반판매,국내결혼중개,계약해제.해지/위약금
2023049145,2023-09-26,남자,불명,서울특별시,기타,룸에어컨,품질(물품/용역)
2023049147,2023-09-26,남자,20 - 29세,충청북도,기타통신판매,라이트,청약철회
2023049148,2023-09-26,여자,50 - 59세,경기도,소셜커머스(쇼핑),전기진공청소기,청약철회
2023049149,2023-09-26,남자,50 - 59세,전라북도,일반판매,티셔츠,품질(물품/용역)
2023049150,2023-09-26,여자,40 - 49세,인천광역시,일반판매,스마트폰,AS불만
2023049151,2023-09-26,여자,40 - 49세,서울특별시,국내온라인거래,팩류,계약불이행(불완전이행)
2023049152,2023-09-26,남자,65 - 69세,경기도,일반판매,소파,계약해제.해지/위약금
2023049153,2023-09-26,여자,50 - 59세,서울특별시,국내온라인거래,의자,품질(물품/용역)
2023049154,2023-09-26,여자,30 - 39세,경기도,일반판매,치과,품질(물품/용역)
2023049155,2023-09-26,여자,40 - 49세,경기도,국내온라인거래,포장이사운송서비스,계약불이행(불완전이행)
2023049156,2023-09-26,여자,40 - 49세,세종특별자치시,모바일거래,모바일게임서비스,청약철회
2023049157,2023-09-26,여자,40 - 49세,경기도,국내온라인거래,모자,청약철회
2023049158,2023-09-26,여자,20 - 29세,서울특별시,일반판매,다이어트식품,계약해제.해지/위약금
2023049159,2023-09-26,남자,70 - 79세,광주광역시,일반판매,기타민영보험,약관
2023049161,2023-09-26,남자,50 - 59세,전라북도,국내온라인거래,페인트,품질(물품/용역)
2023049162,2023-09-26,남자,30 - 39세,서울특별시,일반판매,헬스장,계약해제.해지/위약금
2023049163,2023-09-26,남자,50 - 59세,서울특별시,전화권유판매,유사투자자문,계약해제.해지/위약금
2023049164,2023-09-26,여자,30 - 39세,경기도,모바일거래,영화관람,계약해제.해지/위약금
2023049165,2023-09-26,여자,50 - 59세,경기도,일반판매,기타사무용품,계약불이행(불완전이행)
2023049166,2023-09-26,여자,50 - 59세,대구광역시,일반판매,정원수,계약해제.해지/위약금
2023049167,2023-09-26,여자,65 - 69세,전라북도,기타통신판매,미분류대여(렌트),계약불이행(불완전이행)
2023049168,2023-09-26,여자,불명,부산광역시,국내온라인거래,항공여객운송서비스,청약철회
2023049169,2023-09-26,남자,40 - 49세,광주광역시,일반판매,대형승용자동차,품질(물품/용역)
2023049170,2023-09-26,여자,40 - 49세,서울특별시,일반판매,항공여객운송서비스,계약불이행(불완전이행)
2023049171,2023-09-26,남자,40 - 49세,경기도,일반판매,해외유학알선,계약불이행(불완전이행)
2023049172,2023-09-26,여자,30 - 39세,경기도,국내온라인거래,기타가방,계약불이행(불완전이행)
2023049174,2023-09-26,남자,40 - 49세,전라북도,일반판매,전기자동차,품질(물품/용역)
2023049175,2023-09-26,여자,60 - 64세,서울특별시,전화권유판매,유사투자자문,계약해제.해지/위약금
2023049176,2023-09-26,남자,20 - 29세,경기도,국내온라인거래,신사화(구두·부츠 등),품질(물품/용역)
2023049177,2023-09-26,여자,60 - 64세,서울특별시,전화권유판매,유사투자자문,계약해제.해지/위약금
2023049178,2023-09-26,여자,30 - 39세,경기도,일반판매,기타가방,품질(물품/용역)
2023049179,2023-09-26,여자,65 - 69세,충청북도,기타,모바일정보이용서비스,계약해제.해지/위약금
2023049180,2023-09-26,여자,50 - 59세,서울특별시,일반판매,기타가방,품질(물품/용역)
2023049181,2023-09-26,남자,65 - 69세,서울특별시,국내온라인거래,자격증교재,계약불이행(불완전이행)
2023049182,2023-09-26,여자,40 - 49세,인천광역시,국내온라인거래,전기자전거,품질(물품/용역)
2023049183,2023-09-26,남자,50 - 59세,전라북도,국내온라인거래,운동화,품질(물품/용역)
2023049184,2023-09-26,여자,50 - 59세,경기도,일반판매,캐주얼바지,품질(물품/용역)
2023049185,2023-09-26,남자,20 - 29세,서울특별시,국내온라인거래,기타서적음반류,청약철회
2023049186,2023-09-26,남자,40 - 49세,광주광역시,일반판매,티셔츠,품질(물품/용역)
2023049187,2023-09-26,여자,20 - 29세,인천광역시,일반판매,기타이·미용서비스,품질(물품/용역)
2023049188,2023-09-26,남자,40 - 49세,서울특별시,국제온라인거래,기타가방,계약해제.해지/위약금
2023049189,2023-09-26,여자,40 - 49세,대전광역시,방문판매,상조서비스,계약불이행(불완전이행)
2023049190,2023-09-26,여자,20 - 29세,서울특별시,국내온라인거래,이불·침대커버,품질(물품/용역)
2023049191,2023-09-26,여자,20 - 29세,경기도,모바일거래,신유형상품권,청약철회
2023049192,2023-09-26,여자,50 - 59세,부산광역시,기타,이동전화서비스,계약불이행(불완전이행)
2023049194,2023-09-26,남자,20 - 29세,서울특별시,일반판매,자동차대여(렌트),약관
2023049195,2023-09-26,여자,50 - 59세,서울특별시,일반판매,머플러,품질(물품/용역)
2023049196,2023-09-26,여자,20 - 29세,광주광역시,국내온라인거래,기타세탁서비스,품질(물품/용역)
2023049197,2023-09-26,여자,40 - 49세,인천광역시,일반판매,운동화,품질(물품/용역)
2023049198,2023-09-26,남자,불명,대구광역시,국내온라인거래,의자,청약철회
2023049199,2023-09-26,남자,불명,서울특별시,국내온라인거래,기타정보이용서비스,계약해제.해지/위약금
2023049200,2023-09-26,남자,50 - 59세,강원특별자치도,국내온라인거래,샴푸,계약불이행(불완전이행)
2023049201,2023-09-26,남자,40 - 49세,서울특별시,기타,IPTV,계약불이행(불완전이행)
2023049202,2023-09-26,남자,불명,서울특별시,모바일거래,"OTT서비스(넷플릭스,왓챠 등)",계약해제.해지/위약금
2023049203,2023-09-26,남자,50 - 59세,서울특별시,일반판매,택배화물운송서비스,계약불이행(불완전이행)
2023049204,2023-09-26,여자,30 - 39세,경기도,방문판매,기타방문·통신교육서비스,계약해제.해지/위약금
2023049205,2023-09-26,여자,40 - 49세,강원특별자치도,모바일거래,다이어트식품,청약철회
2023049206,2023-09-26,남자,40 - 49세,경상남도,소셜커머스(쇼핑),기타빵·과자류,청약철회
2023049207,2023-09-26,남자,30 - 39세,광주광역시,일반판매,도배공사,품질(물품/용역)
2023049208,2023-09-26,여자,20 - 29세,서울특별시,일반판매,스포츠시설이용,청약철회
2023049209,2023-09-26,여자,40 - 49세,경기도,기타,인터넷교육서비스,계약해제.해지/위약금
2023049210,2023-09-26,남자,40 - 49세,강원특별자치도,기타,도배공사,품질(물품/용역)
2023049211,2023-09-26,여자,40 - 49세,인천광역시,국내온라인거래,단행본,계약불이행(불완전이행)
2023049212,2023-09-26,남자,30 - 39세,인천광역시,기타,연수기,품질(물품/용역)
2023049213,2023-09-26,여자,40 - 49세,인천광역시,전화권유판매,기타매체광고,계약해제.해지/위약금
2023049214,2023-09-26,여자,20 - 29세,인천광역시,국제온라인거래,항공여객운송서비스,계약해제.해지/위약금
2023049215,2023-09-26,여자,30 - 39세,서울특별시,일반판매,기타세탁서비스,품질(물품/용역)
2023049216,2023-09-26,남자,50 - 59세,광주광역시,일반판매,이동전화서비스,계약불이행(불완전이행)
2023049217,2023-09-26,남자,20 - 29세,경기도,국내온라인거래,기타신발·용품,청약철회
2023049218,2023-09-26,여자,30 - 39세,충청남도,국내온라인거래,영화관람,청약철회
2023049219,2023-09-26,여자,20 - 29세,경기도,일반판매,필라테스,계약해제.해지/위약금
2023049220,2023-09-26,여자,10 - 19세,서울특별시,국내온라인거래,각종공연관람,계약불이행(불완전이행)
2023049221,2023-09-26,남자,30 - 39세,부산광역시,기타,전기진공청소기,AS불만
2023049222,2023-09-26,남자,30 - 39세,경기도,일반판매,헬스장,계약해제.해지/위약금
2023049223,2023-09-26,여자,30 - 39세,인천광역시,국내온라인거래,스포츠웨어,품질(물품/용역)
2023049224,2023-09-26,남자,40 - 49세,경상북도,일반판매,택배화물운송서비스,품질(물품/용역)
2023049225,2023-09-26,여자,40 - 49세,대구광역시,국내온라인거래,기타가구,청약철회
2023049226,2023-09-26,여자,30 - 39세,서울특별시,국내온라인거래,시계,AS불만
2023049227,2023-09-26,여자,40 - 49세,경기도,일반판매,통신기기케이스,품질(물품/용역)
2023049228,2023-09-26,여자,30 - 39세,충청남도,모바일거래,안마의자,청약철회
2023049229,2023-09-26,남자,40 - 49세,경기도,일반판매,헬스장,계약해제.해지/위약금
2023049230,2023-09-26,여자,30 - 39세,서울특별시,국내온라인거래,티셔츠,품질(물품/용역)
2023049231,2023-09-26,여자,40 - 49세,경기도,TV홈쇼핑,압력솥,계약해제.해지/위약금
2023049232,2023-09-26,남자,30 - 39세,서울특별시,방문판매,기타사설강습서비스,계약해제.해지/위약금
2023049233,2023-09-26,여자,30 - 39세,서울특별시,국내온라인거래,공기청정기,품질(물품/용역)
2023049234,2023-09-26,여자,40 - 49세,경기도,기타,필라테스,계약해제.해지/위약금
2023049235,2023-09-26,남자,30 - 39세,전라북도,국내온라인거래,골프용품,부당행위
2023049236,2023-09-26,여자,30 - 39세,서울특별시,국내온라인거래,호텔,부당행위
2023049237,2023-09-26,남자,50 - 59세,인천광역시,국제온라인거래,호텔,계약불이행(불완전이행)
2023049238,2023-09-26,남자,30 - 39세,광주광역시,일반판매,헬스장,계약해제.해지/위약금
2023049239,2023-09-26,여자,30 - 39세,세종특별자치시,일반판매,피부·체형관리서비스,계약해제.해지/위약금
2023049240,2023-09-26,남자,20 - 29세,경기도,일반판매,택배화물운송서비스,가격.요금
2023049241,2023-09-26,여자,40 - 49세,경기도,국제온라인거래,항공여객운송서비스,계약불이행(불완전이행)
2023049242,2023-09-26,여자,30 - 39세,경상북도,기타,미용서비스,계약해제.해지/위약금
2023049243,2023-09-26,여자,30 - 39세,경기도,국내온라인거래,호텔,계약해제.해지/위약금
2023049244,2023-09-26,여자,20 - 29세,대전광역시,모바일거래,우산,품질(물품/용역)
2023049245,2023-09-26,남자,20 - 29세,서울특별시,기타,전자게임기구,AS불만
2023049246,2023-09-26,여자,30 - 39세,인천광역시,국내온라인거래,인터넷교육서비스,계약해제.해지/위약금
2023049247,2023-09-26,여자,30 - 39세,경상북도,국내온라인거래,기타가방,품질(물품/용역)
2023049248,2023-09-26,남자,40 - 49세,경기도,국내온라인거래,기타신발·용품,품질(물품/용역)
2023049249,2023-09-26,여자,20 - 29세,인천광역시,모바일거래,영화관람,계약해제.해지/위약금
2023049251,2023-09-26,남자,30 - 39세,경기도,모바일거래,항공여객운송서비스,가격.요금
2023049252,2023-09-26,여자,40 - 49세,충청남도,국내온라인거래,기타보건·위생용품,계약불이행(불완전이행)
2023049253,2023-09-26,남자,30 - 39세,대구광역시,국내온라인거래,기타미분류서비스,부당행위
2023049254,2023-09-26,남자,30 - 39세,서울특별시,국내온라인거래,베개,청약철회
2023049255,2023-09-26,남자,30 - 39세,서울특별시,국제온라인거래,호텔,계약해제.해지/위약금
2023049256,2023-09-26,남자,40 - 49세,제주도,국내온라인거래,신발장,청약철회
2023049257,2023-09-26,남자,40 - 49세,인천광역시,기타,건물청소서비스,품질(물품/용역)
2023049258,2023-09-26,남자,20 - 29세,인천광역시,일반판매,헬스장,계약해제.해지/위약금
2023049259,2023-09-26,남자,30 - 39세,경기도,국내온라인거래,애완고양이,계약불이행(불완전이행)
2023049260,2023-09-26,여자,30 - 39세,서울특별시,일반판매,헬스장,계약해제.해지/위약금
2023049261,2023-09-26,여자,30 - 39세,서울특별시,국내온라인거래,샌들·슬리퍼,청약철회
2023049262,2023-09-26,여자,30 - 39세,인천광역시,모바일거래,전기진공청소기,계약불이행(불완전이행)
2023049263,2023-09-26,여자,40 - 49세,경기도,다단계판매,다이어트식품,품질(물품/용역)
2023049264,2023-09-26,남자,50 - 59세,대구광역시,국내온라인거래,떡류,품질(물품/용역)
2023049265,2023-09-26,남자,20 - 29세,대전광역시,일반판매,헬스장,계약해제.해지/위약금
2023049266,2023-09-26,남자,40 - 49세,경기도,국내온라인거래,컴퓨터모니터(데스크탑),AS불만
2023049267,2023-09-26,남자,50 - 59세,서울특별시,기타,포장이사운송서비스,계약불이행(불완전이행)
2023049268,2023-09-26,여자,30 - 39세,경기도,일반판매,외식,청약철회
2023049269,2023-09-26,남자,30 - 39세,경기도,일반판매,항공여객운송서비스,계약불이행(불완전이행)
2023049270,2023-09-26,남자,40 - 49세,전라북도,일반판매,스마트폰,AS불만
2023049271,2023-09-26,여자,20 - 29세,서울특별시,국내온라인거래,기타미분류서비스,계약해제.해지/위약금
2023049272,2023-09-26,남자,20 - 29세,경기도,일반판매,헬스장,계약해제.해지/위약금
2023049273,2023-09-26,여자,30 - 39세,경기도,일반판매,기타과일·과일가공식품,거래관행
2023049274,2023-09-26,남자,30 - 39세,부산광역시,국내온라인거래,택배화물운송서비스,계약해제.해지/위약금
2023049275,2023-09-26,여자,40 - 49세,인천광역시,일반판매,기타사설강습서비스,계약해제.해지/위약금
2023049276,2023-09-26,여자,30 - 39세,대전광역시,기타,기타미분류서비스,AS불만
2023049277,2023-09-26,남자,40 - 49세,대전광역시,국내온라인거래,모바일정보이용서비스,부당행위
2023049278,2023-09-26,남자,50 - 59세,서울특별시,기타,전기세탁기,부당행위
2023049279,2023-09-26,남자,30 - 39세,경기도,국내온라인거래,항공여객운송서비스,청약철회
2023049280,2023-09-26,여자,40 - 49세,경상북도,소셜커머스(쇼핑),욕실설비,청약철회
2023049281,2023-09-26,남자,40 - 49세,부산광역시,소셜커머스(쇼핑),초음파방충기,표시.광고
2023049282,2023-09-26,남자,30 - 39세,서울특별시,국내온라인거래,이유식,표시.광고
2023049283,2023-09-26,남자,40 - 49세,인천광역시,기타통신판매,애완고양이,청약철회
2023049284,2023-09-26,남자,20 - 29세,충청남도,국내온라인거래,기타음식관련서비스,안전(제품/시설)
2023049285,2023-09-26,여자,20 - 29세,충청남도,기타,기타미분류서비스,계약불이행(불완전이행)
2023049286,2023-09-26,여자,40 - 49세,경상남도,전화권유판매,다이어트식품,품질(물품/용역)
2023049287,2023-09-26,남자,30 - 39세,서울특별시,일반판매,헬스장,계약해제.해지/위약금
2023049288,2023-09-26,여자,40 - 49세,경상남도,일반판매,헬스장,계약해제.해지/위약금
2023049289,2023-09-26,여자,50 - 59세,경기도,국내온라인거래,기타가구,부당행위
2023049290,2023-09-26,남자,50 - 59세,서울특별시,기타,정수기대여(렌트),계약해제.해지/위약금
2023049291,2023-09-26,남자,30 - 39세,경기도,일반판매,이동전화서비스,청약철회
2023049292,2023-09-26,남자,20 - 29세,전라남도,일반판매,스마트폰,품질(물품/용역)
2023049293,2023-09-26,남자,30 - 39세,제주도,기타,예식서비스,계약해제.해지/위약금
2023049294,2023-09-26,남자,70 - 79세,경기도,일반판매,안경·안경테,AS불만
2023049295,2023-09-26,여자,30 - 39세,부산광역시,일반판매,기타인테리어설비,계약불이행(불완전이행)
2023049296,2023-09-26,여자,40 - 49세,경기도,일반판매,애완견,품질(물품/용역)
2023049297,2023-09-26,여자,40 - 49세,인천광역시,기타,메이크업강습,계약해제.해지/위약금
2023049298,2023-09-26,여자,40 - 49세,전라남도,기타,기타미분류서비스,계약불이행(불완전이행)
2023049299,2023-09-26,여자,20 - 29세,서울특별시,국내온라인거래,지갑,청약철회
2023049300,2023-09-26,여자,30 - 39세,경기도,국내온라인거래,숙녀복상의,청약철회
2023049301,2023-09-26,여자,30 - 39세,부산광역시,방문판매,학습지,계약해제.해지/위약금
2023049302,2023-09-26,여자,40 - 49세,서울특별시,일반판매,바닥재·마루공사,AS불만
2023049303,2023-09-26,남자,30 - 39세,충청북도,국내온라인거래,기타정보이용서비스,계약해제.해지/위약금
2023049304,2023-09-26,남자,40 - 49세,서울특별시,일반판매,애완고양이,계약해제.해지/위약금
2023049305,2023-09-26,여자,20 - 29세,경기도,국내온라인거래,인터넷교육서비스,계약해제.해지/위약금
2023049306,2023-09-26,여자,50 - 59세,인천광역시,TV홈쇼핑,헤어드라이어,품질(물품/용역)
2023049307,2023-09-26,남자,30 - 39세,서울특별시,일반판매,선풍기,청약철회
2023049308,2023-09-27,여자,65 - 69세,인천광역시,기타,정수기대여(렌트),품질(물품/용역)
2023049309,2023-09-27,남자,30 - 39세,서울특별시,국내온라인거래,기타문화용품,청약철회
2023049310,2023-09-27,남자,불명,서울특별시,일반판매,컴퓨터수리,가격.요금
2023049311,2023-09-27,여자,40 - 49세,경기도,일반판매,안마의자대여(렌트),AS불만
2023049312,2023-09-27,여자,불명,경기도,국내온라인거래,캐주얼바지,계약불이행(불완전이행)
2023049313,2023-09-27,여자,65 - 69세,경기도,일반판매,스프링매트리스,품질(물품/용역)
2023049314,2023-09-27,남자,40 - 49세,경기도,국내온라인거래,TV,품질(물품/용역)
2023049315,2023-09-27,여자,30 - 39세,경상북도,일반판매,기타의류·섬유,청약철회
2023049316,2023-09-27,남자,50 - 59세,대구광역시,일반판매,대형승용자동차,AS불만
2023049317,2023-09-27,여자,50 - 59세,경기도,일반판매,싱크대,품질(물품/용역)
2023049318,2023-09-27,여자,30 - 39세,서울특별시,국내온라인거래,자동차대여(렌트),계약해제.해지/위약금
2023049319,2023-09-27,여자,50 - 59세,경기도,일반판매,항공화물운송서비스,계약불이행(불완전이행)
2023049321,2023-09-27,남자,65 - 69세,서울특별시,기타통신판매,국외여행,계약해제.해지/위약금
2023049322,2023-09-27,여자,60 - 64세,서울특별시,일반판매,정수기대여(렌트),계약해제.해지/위약금
2023049323,2023-09-27,여자,40 - 49세,충청남도,일반판매,건강(암·기타질병)보험,계약불이행(불완전이행)
2023049324,2023-09-27,남자,50 - 59세,대전광역시,일반판매,등산화,품질(물품/용역)
2023049325,2023-09-27,여자,30 - 39세,경기도,국내온라인거래,항공여객운송서비스,계약불이행(불완전이행)
2023049326,2023-09-27,남자,40 - 49세,경상북도,국내온라인거래,항공여객운송서비스,계약불이행(불완전이행)
2023049327,2023-09-27,여자,40 - 49세,경기도,일반판매,빵,가격.요금
2023049328,2023-09-27,여자,20 - 29세,인천광역시,일반판매,필라테스,계약해제.해지/위약금
2023049330,2023-09-27,남자,40 - 49세,부산광역시,일반판매,중고자동차중개·매매,표시.광고
2023049331,2023-09-27,여자,70 - 79세,서울특별시,방문판매,기타의료용구,계약해제.해지/위약금
2023049332,2023-09-27,여자,30 - 39세,경기도,기타통신판매,카셰어링,계약불이행(불완전이행)
2023049333,2023-09-27,여자,50 - 59세,경기도,방문판매,차량용블랙박스,계약불이행(불완전이행)
2023049334,2023-09-27,남자,70 - 79세,인천광역시,TV홈쇼핑,전기자전거,품질(물품/용역)
2023049336,2023-09-27,남자,30 - 39세,서울특별시,일반판매,기타미분류서비스,거래관행
2023049339,2023-09-27,여자,30 - 39세,경기도,국내온라인거래,사과,청약철회
2023049340,2023-09-27,남자,65 - 69세,울산광역시,방문판매,콘도회원권,계약해제.해지/위약금
2023049344,2023-09-27,여자,50 - 59세,경상북도,국내온라인거래,원피스,청약철회
2023049345,2023-09-27,남자,60 - 64세,경기도,모바일거래,점퍼·재킷류,계약불이행(불완전이행)
2023049346,2023-09-27,여자,40 - 49세,서울특별시,기타,케이블TV,가격.요금
2023049347,2023-09-27,여자,65 - 69세,충청남도,일반판매,가발,품질(물품/용역)
2023049348,2023-09-27,남자,40 - 49세,서울특별시,국내온라인거래,중고자동차중개·매매,계약해제.해지/위약금
2023049349,2023-09-27,남자,70 - 79세,서울특별시,국내온라인거래,국외여행,계약불이행(불완전이행)
2023049350,2023-09-27,남자,30 - 39세,서울특별시,국내온라인거래,콘도,표시.광고
2023049351,2023-09-27,남자,65 - 69세,충청북도,방문판매,콘도회원권,계약불이행(불완전이행)
2023049352,2023-09-27,남자,50 - 59세,서울특별시,일반판매,신사화(구두·부츠 등),품질(물품/용역)
2023049353,2023-09-27,남자,30 - 39세,서울특별시,일반판매,대형승용자동차,안전(제품/시설)
2023049355,2023-09-27,남자,70 - 79세,경기도,국내온라인거래,국외여행,계약불이행(불완전이행)
2023049356,2023-09-27,남자,40 - 49세,경기도,일반판매,자동차수리·점검,계약불이행(불완전이행)
2023049357,2023-09-27,여자,50 - 59세,경기도,일반판매,신사화(구두·부츠 등),품질(물품/용역)
2023049358,2023-09-27,남자,70 - 79세,서울특별시,국내온라인거래,국외여행,계약불이행(불완전이행)
2023049359,2023-09-27,남자,60 - 64세,서울특별시,국내온라인거래,신용카드조회기,계약해제.해지/위약금
2023049360,2023-09-27,여자,40 - 49세,충청남도,일반판매,기타이·미용서비스,계약불이행(불완전이행)
2023049361,2023-09-27,남자,50 - 59세,서울특별시,모바일거래,택시여객운송서비스,계약불이행(불완전이행)
2023049362,2023-09-27,남자,40 - 49세,부산광역시,일반판매,이동전화서비스,계약해제.해지/위약금
2023049363,2023-09-27,남자,50 - 59세,대전광역시,기타,승강설비,품질(물품/용역)
2023049364,2023-09-27,남자,40 - 49세,부산광역시,기타,기타미분류서비스,계약불이행(불완전이행)
2023049365,2023-09-27,남자,30 - 39세,대전광역시,국내온라인거래,시계,계약해제.해지/위약금
2023049366,2023-09-27,여자,20 - 29세,서울특별시,국내온라인거래,항공여객운송서비스,계약불이행(불완전이행)
2023049368,2023-09-27,여자,50 - 59세,서울특별시,일반판매,일반강습(입시학원등),계약해제.해지/위약금
2023049369,2023-09-27,여자,20 - 29세,서울특별시,국내온라인거래,항공여객운송서비스,계약해제.해지/위약금
2023049371,2023-09-27,남자,40 - 49세,경기도,모바일거래,기타공조·냉난방기기,품질(물품/용역)
2023049372,2023-09-27,여자,30 - 39세,경상남도,일반판매,이동전화서비스,계약불이행(불완전이행)
2023049373,2023-09-27,남자,불명,강원특별자치도,국내온라인거래,모바일정보이용서비스,품질(물품/용역)
2023049374,2023-09-27,여자,30 - 39세,광주광역시,국내온라인거래,호텔,계약해제.해지/위약금
2023049376,2023-09-27,여자,불명,경기도,국내온라인거래,기타문화·오락시설이용,계약해제.해지/위약금
2023049377,2023-09-27,여자,70 - 79세,부산광역시,일반판매,소파,품질(물품/용역)
2023049379,2023-09-27,남자,50 - 59세,경기도,일반판매,포장이사운송서비스,계약불이행(불완전이행)
2023049380,2023-09-27,남자,65 - 69세,경기도,일반판매,국외여행,계약해제.해지/위약금
2023049381,2023-09-27,남자,20 - 29세,대전광역시,국내온라인거래,기타컴퓨터·주변기기,계약불이행(불완전이행)
2023049382,2023-09-27,여자,40 - 49세,경기도,방문판매,기타가구,계약해제.해지/위약금
2023049383,2023-09-27,여자,40 - 49세,경상남도,모바일거래,보석·귀금속,품질(물품/용역)
2023049385,2023-09-27,남자,65 - 69세,울산광역시,기타통신판매,호텔,계약해제.해지/위약금
2023049386,2023-09-27,남자,50 - 59세,경기도,일반판매,항공여객운송서비스,품질(물품/용역)
2023049387,2023-09-27,남자,50 - 59세,경기도,국내온라인거래,기타통신기기,품질(물품/용역)
2023049388,2023-09-27,여자,30 - 39세,경기도,모바일거래,모바일정보이용서비스,부당행위
2023049389,2023-09-27,남자,30 - 39세,경기도,일반판매,고시원이용,계약해제.해지/위약금
2023049390,2023-09-27,남자,50 - 59세,서울특별시,일반판매,골프용품,AS불만
2023049391,2023-09-27,남자,20 - 29세,경기도,국내온라인거래,기타의료용구,청약철회
2023049392,2023-09-27,남자,50 - 59세,서울특별시,국내온라인거래,등산화,청약철회
2023049393,2023-09-27,남자,50 - 59세,대전광역시,일반판매,룸에어컨,안전(제품/시설)
2023049396,2023-09-27,여자,40 - 49세,강원특별자치도,모바일거래,캐주얼바지,청약철회
2023049397,2023-09-27,남자,65 - 69세,인천광역시,일반판매,축전지,품질(물품/용역)
2023049398,2023-09-27,여자,불명,서울특별시,국내온라인거래,캐주얼바지,표시.광고
2023049399,2023-09-27,여자,불명,서울특별시,국내온라인거래,쇠고기포장육,안전(제품/시설)
2023049400,2023-09-27,남자,30 - 39세,경기도,국내온라인거래,헤어드라이어,AS불만
2023049401,2023-09-27,남자,30 - 39세,경기도,국내온라인거래,항공여객운송서비스,계약해제.해지/위약금
2023049431,2023-09-27,남자,40 - 49세,경기도,일반판매,기타냉장·냉동기기,품질(물품/용역)
2023049432,2023-09-27,남자,20 - 29세,인천광역시,소셜커머스(쇼핑),외식,청약철회
2023049433,2023-09-27,여자,20 - 29세,경기도,국내온라인거래,헤드폰·이어폰,계약불이행(불완전이행)
2023049434,2023-09-27,남자,60 - 64세,서울특별시,국내온라인거래,기타미분류서비스,표시.광고
2023049435,2023-09-27,남자,30 - 39세,서울특별시,국내온라인거래,보석·귀금속,계약불이행(불완전이행)
2023049436,2023-09-27,여자,20 - 29세,경기도,일반판매,헬스장,청약철회
2023049437,2023-09-27,여자,40 - 49세,서울특별시,기타통신판매,이동전화서비스,계약불이행(불완전이행)
2023049438,2023-09-27,여자,30 - 39세,경기도,국내온라인거래,스포츠웨어,청약철회
2023049439,2023-09-27,여자,40 - 49세,경기도,다단계판매,인터넷교육서비스,계약해제.해지/위약금
2023049440,2023-09-27,남자,40 - 49세,인천광역시,소셜커머스(쇼핑),기타일반화장품,계약해제.해지/위약금
2023049441,2023-09-27,여자,40 - 49세,경기도,국내온라인거래,피아노,품질(물품/용역)
2023049442,2023-09-27,여자,40 - 49세,울산광역시,국내온라인거래,캐주얼바지,청약철회
2023049443,2023-09-27,여자,20 - 29세,서울특별시,국내온라인거래,기타의류·섬유,청약철회
2023049444,2023-09-27,여자,30 - 39세,충청남도,기타,건물청소서비스,계약불이행(불완전이행)
2023049445,2023-09-27,여자,20 - 29세,대전광역시,일반판매,도배공사,계약불이행(불완전이행)
2023049446,2023-09-27,여자,40 - 49세,인천광역시,기타,일반이사운송서비스,단순문의.상담
2023049447,2023-09-27,남자,40 - 49세,경기도,국내온라인거래,지갑,품질(물품/용역)
2023049448,2023-09-27,여자,30 - 39세,전라남도,국내온라인거래,캐주얼바지,계약해제.해지/위약금
2023049449,2023-09-27,여자,30 - 39세,경기도,일반판매,항공여객운송서비스,청약철회
2023049450,2023-09-27,여자,20 - 29세,경기도,기타,헬스장,계약불이행(불완전이행)
2023049451,2023-09-27,남자,60 - 64세,경기도,일반판매,포장이사운송서비스,품질(물품/용역)
2023049452,2023-09-27,여자,30 - 39세,인천광역시,모바일거래,원피스,청약철회
2023049453,2023-09-27,여자,50 - 59세,경기도,일반판매,기타이·미용서비스,계약해제.해지/위약금
2023049454,2023-09-27,남자,40 - 49세,전라북도,기타,인터넷교육서비스,계약해제.해지/위약금
2023049455,2023-09-27,남자,30 - 39세,경기도,일반판매,독서실이용,계약해제.해지/위약금
2023049456,2023-09-27,여자,30 - 39세,경상북도,국내온라인거래,여자용내의류,계약불이행(불완전이행)
2023049457,2023-09-27,남자,30 - 39세,경기도,국내온라인거래,운동화,계약불이행(불완전이행)
2023049458,2023-09-27,여자,40 - 49세,부산광역시,일반판매,김치냉장고,부당행위
2023049459,2023-09-27,남자,30 - 39세,경기도,방문판매,예식서비스,계약해제.해지/위약금
2023049460,2023-09-27,여자,30 - 39세,경기도,일반판매,헬스장,계약해제.해지/위약금
2023049461,2023-09-27,여자,20 - 29세,경기도,전화권유판매,인터넷정보이용서비스,계약불이행(불완전이행)
2023049462,2023-09-27,남자,70 - 79세,충청남도,방문판매,정수기대여(렌트),계약해제.해지/위약금
2023049463,2023-09-27,남자,30 - 39세,서울특별시,소셜커머스(쇼핑),사과,청약철회
2023049464,2023-09-27,남자,40 - 49세,서울특별시,기타,정수기,AS불만
2023049465,2023-09-27,여자,50 - 59세,경기도,기타,미분류대여(렌트),안전(제품/시설)
2023049466,2023-09-27,남자,40 - 49세,경기도,국내온라인거래,토마토,품질(물품/용역)
2023049467,2023-09-27,여자,20 - 29세,충청북도,전화권유판매,기타정보이용서비스,계약불이행(불완전이행)
2023049468,2023-09-27,남자,20 - 29세,부산광역시,기타통신판매,통신기기주변장치,품질(물품/용역)
2023049469,2023-09-27,여자,40 - 49세,경상남도,일반판매,할인회원권,계약해제.해지/위약금
2023049470,2023-09-27,여자,20 - 29세,인천광역시,기타,콘도,계약해제.해지/위약금
2023049471,2023-09-27,여자,20 - 29세,서울특별시,국내온라인거래,항공여객운송서비스,계약불이행(불완전이행)
2023049472,2023-09-27,남자,30 - 39세,부산광역시,기타,미용서비스,품질(물품/용역)
2023049473,2023-09-27,남자,20 - 29세,인천광역시,국내온라인거래,인터넷게임서비스,청약철회
2023049474,2023-09-27,여자,20 - 29세,대구광역시,일반판매,헬스장,계약해제.해지/위약금
2023049475,2023-09-27,여자,20 - 29세,인천광역시,일반판매,산후조리원,계약해제.해지/위약금
2023049476,2023-09-27,여자,30 - 39세,제주도,일반판매,시스템에어컨,AS불만
2023049477,2023-09-27,여자,20 - 29세,광주광역시,국내온라인거래,영화관람,계약불이행(불완전이행)
2023049478,2023-09-27,여자,30 - 39세,경기도,일반판매,기타이·미용서비스,계약해제.해지/위약금
2023049479,2023-09-27,여자,20 - 29세,서울특별시,전화권유판매,기타매체광고,계약불이행(불완전이행)
2023049480,2023-09-27,남자,40 - 49세,서울특별시,국내온라인거래,기타인터넷기반서비스,거래관행
2023049481,2023-09-27,여자,30 - 39세,대구광역시,기타,건물청소서비스,계약불이행(불완전이행)
2023049482,2023-09-27,여자,30 - 39세,대구광역시,일반판매,미분류컨설팅(자문),계약불이행(불완전이행)
2023049483,2023-09-27,여자,30 - 39세,서울특별시,모바일거래,미용서비스,계약해제.해지/위약금
2023049484,2023-09-27,남자,30 - 39세,서울특별시,국내온라인거래,항공여객운송서비스,계약불이행(불완전이행)
2023049485,2023-09-27,남자,30 - 39세,충청남도,방문판매,헬스장,계약해제.해지/위약금
2023049486,2023-09-27,남자,40 - 49세,경상남도,일반판매,초음파방충기,품질(물품/용역)
2023049487,2023-09-27,남자,30 - 39세,충청남도,일반판매,식기세척기,품질(물품/용역)
2023049488,2023-09-27,남자,40 - 49세,대전광역시,소셜커머스(쇼핑),믹서기,품질(물품/용역)
2023049489,2023-09-27,여자,65 - 69세,대구광역시,모바일거래,사과,청약철회
2023049490,2023-09-27,남자,40 - 49세,서울특별시,국내온라인거래,전원코드,청약철회
2023049491,2023-09-27,여자,30 - 39세,경상남도,노상판매,학습지,계약해제.해지/위약금
2023049492,2023-09-27,여자,30 - 39세,제주도,모바일거래,항공여객운송서비스,계약불이행(불완전이행)
2023049493,2023-09-27,여자,30 - 39세,경기도,국내온라인거래,의자,품질(물품/용역)
2023049494,2023-09-27,남자,40 - 49세,서울특별시,기타,기타법률서비스,계약불이행(불완전이행)
2023049495,2023-09-27,남자,20 - 29세,경기도,일반판매,기타매체광고,품질(물품/용역)
2023049496,2023-09-27,남자,20 - 29세,경기도,일반판매,기타수선·염색서비스,계약불이행(불완전이행)
2023049497,2023-09-27,여자,20 - 29세,서울특별시,국내온라인거래,여자용내의류,품질(물품/용역)
2023049498,2023-09-27,남자,40 - 49세,경기도,국내온라인거래,전기충전기,안전(제품/시설)
2023049499,2023-09-27,여자,20 - 29세,세종특별자치시,모바일거래,미용서비스,청약철회
2023049500,2023-09-27,여자,40 - 49세,부산광역시,일반판매,항공여객운송서비스,품질(물품/용역)
2023049501,2023-09-27,남자,40 - 49세,전라북도,국제온라인거래,호텔,계약해제.해지/위약금
2023049502,2023-09-27,여자,40 - 49세,대구광역시,국내온라인거래,혈압계,청약철회
2023049503,2023-09-27,남자,30 - 39세,경기도,기타통신판매,인터넷교육서비스,계약해제.해지/위약금
2023049504,2023-09-27,남자,40 - 49세,전라남도,일반판매,어선용기계·장치,품질(물품/용역)
2023049505,2023-09-27,여자,30 - 39세,서울특별시,국내온라인거래,샌들·슬리퍼,청약철회
2023049506,2023-09-27,여자,20 - 29세,충청북도,기타,니트(스웨터),계약불이행(불완전이행)
2023049507,2023-09-27,남자,40 - 49세,서울특별시,국제온라인거래,항공여객운송서비스,청약철회
2023049508,2023-09-27,여자,40 - 49세,경기도,국내온라인거래,국외여행,AS불만
2023049509,2023-09-27,여자,30 - 39세,전라북도,TV홈쇼핑,기타이·미용기구,계약해제.해지/위약금
2023049510,2023-09-27,남자,30 - 39세,전라북도,일반판매,종합체육시설회원권,계약해제.해지/위약금
2023049511,2023-09-27,여자,40 - 49세,경기도,국내온라인거래,전기프라이팬,품질(물품/용역)
2023049512,2023-09-27,여자,30 - 39세,광주광역시,국제온라인거래,호텔,계약해제.해지/위약금
2023049513,2023-09-27,남자,20 - 29세,경상북도,일반판매,헬스장,계약해제.해지/위약금
2023049514,2023-09-27,남자,30 - 39세,서울특별시,일반판매,애완고양이,품질(물품/용역)
2023049515,2023-09-27,남자,30 - 39세,경기도,소셜커머스(쇼핑),자동판매기,청약철회
2023049516,2023-09-27,여자,40 - 49세,경기도,국내온라인거래,셔츠,품질(물품/용역)
2023049517,2023-09-27,여자,40 - 49세,경상북도,국내온라인거래,트레이닝기구,AS불만
2023049518,2023-09-27,여자,20 - 29세,강원특별자치도,기타,요가,계약해제.해지/위약금
2023049519,2023-09-27,여자,20 - 29세,경기도,국내온라인거래,모바일정보이용서비스,가격.요금
2023049520,2023-09-27,남자,20 - 29세,경상남도,일반판매,기타이·미용서비스,계약해제.해지/위약금
2023049521,2023-09-27,여자,30 - 39세,서울특별시,기타,결혼준비대행서비스,계약해제.해지/위약금
2023049523,2023-09-27,여자,20 - 29세,경기도,방문판매,헬스장,계약해제.해지/위약금
2023049524,2023-09-27,여자,30 - 39세,경기도,국내온라인거래,셔츠,품질(물품/용역)
2023049525,2023-09-27,남자,20 - 29세,경기도,국내온라인거래,니트(스웨터),품질(물품/용역)
2023049526,2023-09-27,여자,20 - 29세,경기도,기타통신판매,펜션,계약해제.해지/위약금
2023049528,2023-09-27,여자,20 - 29세,서울특별시,일반판매,헬스장,계약해제.해지/위약금
2023049529,2023-09-27,여자,30 - 39세,경기도,국내온라인거래,애완동·식물용품,계약해제.해지/위약금
2023049530,2023-09-28,남자,30 - 39세,경기도,일반판매,기타식품류,품질(물품/용역)
2023049531,2023-09-28,여자,20 - 29세,경기도,모바일거래,스낵과자,계약불이행(불완전이행)
2023049532,2023-09-28,남자,70 - 79세,부산광역시,일반판매,전지,계약불이행(불완전이행)
2023049533,2023-09-28,남자,30 - 39세,제주도,기타,이동전화서비스,부당채권추심
2023049534,2023-09-28,여자,30 - 39세,서울특별시,기타,독서실이용,계약해제.해지/위약금
2023049535,2023-09-28,남자,65 - 69세,전라남도,일반판매,정수기,품질(물품/용역)
2023049536,2023-09-28,여자,40 - 49세,경상북도,일반판매,애완견,부당행위
2023049537,2023-09-28,남자,50 - 59세,경상남도,일반판매,냉장고,부당행위
2023049538,2023-09-28,남자,40 - 49세,경기도,일반판매,공기청정기대여(렌트),부당행위
2023049539,2023-09-28,남자,40 - 49세,경상남도,국내온라인거래,TV,청약철회
2023049540,2023-09-28,남자,40 - 49세,경기도,국내온라인거래,조립완구,품질(물품/용역)
2023049541,2023-09-28,남자,65 - 69세,대전광역시,모바일거래,인터넷게임서비스,청약철회
2023049542,2023-09-28,남자,30 - 39세,서울특별시,국내온라인거래,항공여객운송서비스,계약불이행(불완전이행)
2023049543,2023-09-28,여자,20 - 29세,인천광역시,국내온라인거래,애완동물기타,청약철회
2023049544,2023-09-28,남자,30 - 39세,경기도,전화권유판매,초고속인터넷,약관
2023049545,2023-09-28,여자,50 - 59세,경기도,국내온라인거래,이동전화서비스,부당행위
2023049631,2023-09-29,남자,40 - 49세,전라남도,방문판매,태양열온수기,계약해제.해지/위약금
2023049632,2023-09-29,여자,20 - 29세,경상북도,국내온라인거래,영화관람,청약철회
2023049633,2023-09-29,남자,20 - 29세,서울특별시,국내온라인거래,레저시설이용,계약해제.해지/위약금
2023049634,2023-09-29,여자,30 - 39세,경기도,소셜커머스(쇼핑),침대,품질(물품/용역)
2023049635,2023-09-29,여자,30 - 39세,서울특별시,국내온라인거래,인터넷교육서비스,계약해제.해지/위약금
2023049636,2023-09-29,남자,40 - 49세,경기도,국내온라인거래,프린터,품질(물품/용역)
2023049731,2023-09-30,여자,30 - 39세,경기도,기타,전기진공청소기,AS불만
2023049732,2023-09-30,여자,20 - 29세,경기도,일반판매,소파,품질(물품/용역)
2023049733,2023-09-30,여자,65 - 69세,서울특별시,일반판매,숙녀화(구두·부츠 등),품질(물품/용역)
2023049831,2023-09-30,여자,50 - 59세,경기도,일반판매,기타이·미용서비스,계약해제.해지/위약금
