사건번호,접수일(년월일),성별,연령대,지역,판매유형,물품소분류,청구이유
2023061764,2024-01-02,여자,30 - 39세,울산광역시,일반판매,점퍼·재킷류,품질(물품/용역)
2023062127,2024-01-02,여자,30 - 39세,경상북도,일반판매,양복(서양식 의복)세탁,품질(물품/용역)
2023063150,2024-01-03,여자,불명,경기도,일반판매,모자,품질(물품/용역)
2023063271,2024-01-04,여자,30 - 39세,서울특별시,국내온라인거래,니트(스웨터),품질(물품/용역)
2023063338,2024-01-04,여자,50 - 59세,경상남도,일반판매,양복(서양식 의복)세탁,품질(물품/용역)
2023063542,2024-01-04,여자,60 - 64세,경상북도,일반판매,점퍼·재킷류,품질(물품/용역)
2023063544,2024-01-04,여자,65 - 69세,경상북도,일반판매,점퍼·재킷류,품질(물품/용역)
2023063545,2024-01-04,여자,50 - 59세,경상북도,일반판매,점퍼·재킷류,품질(물품/용역)
2023063585,2024-01-03,여자,20 - 29세,경상남도,국내온라인거래,여자용내의류,품질(물품/용역)
2023063587,2024-01-04,여자,30 - 39세,서울특별시,국내온라인거래,양복(서양식 의복)세탁,품질(물품/용역)
2023063744,2024-01-03,여자,50 - 59세,경상남도,일반판매,스커트,품질(물품/용역)
2023063764,2024-01-15,여자,40 - 49세,경기도,국내온라인거래,샌들·슬리퍼,계약불이행(불완전이행)
2023063767,2024-01-15,여자,40 - 49세,경상북도,국내온라인거래,운동화,품질(물품/용역)
2023063768,2024-01-15,여자,50 - 59세,대구광역시,일반판매,숙녀화(구두·부츠 등),품질(물품/용역)
2023063771,2024-01-15,남자,65 - 69세,경기도,일반판매,운동화,품질(물품/용역)
2023063773,2024-01-15,남자,50 - 59세,경상북도,일반판매,기타신발·용품,품질(물품/용역)
2023063775,2024-01-15,여자,40 - 49세,인천광역시,일반판매,운동화,품질(물품/용역)
2023063776,2024-01-15,남자,30 - 39세,경상남도,일반판매,신발세탁,계약불이행(불완전이행)
2023063777,2024-01-15,남자,40 - 49세,제주도,일반판매,운동화,품질(물품/용역)
2023063779,2024-01-15,여자,30 - 39세,경기도,일반판매,신발세탁,계약불이행(불완전이행)
2023063784,2024-01-15,여자,40 - 49세,서울특별시,일반판매,운동화,품질(물품/용역)
2023063785,2024-01-15,남자,70 - 79세,경상남도,일반판매,신사화(구두·부츠 등),품질(물품/용역)
2023064177,2024-01-04,여자,30 - 39세,전라남도,일반판매,양복(서양식 의복)세탁,품질(물품/용역)
2023064202,2024-01-03,여자,불명,서울특별시,일반판매,점퍼·재킷류,품질(물품/용역)
2023064205,2024-01-10,남자,50 - 59세,서울특별시,국내온라인거래,전문스포츠화(축구화·골프화 등),품질(물품/용역)
2023064206,2024-01-10,남자,30 - 39세,광주광역시,일반판매,신발세탁,계약불이행(불완전이행)
2023064214,2024-01-10,남자,50 - 59세,경상남도,일반판매,운동화,품질(물품/용역)
2023064220,2024-01-10,여자,30 - 39세,대구광역시,국내온라인거래,운동화,품질(물품/용역)
2023064225,2024-01-10,여자,40 - 49세,대구광역시,일반판매,신발세탁,품질(물품/용역)
2023064227,2024-01-04,여자,40 - 49세,경기도,일반판매,양복(서양식 의복)세탁,품질(물품/용역)
2023064244,2024-01-04,여자,30 - 39세,인천광역시,국내온라인거래,점퍼·재킷류,품질(물품/용역)
2023064385,2024-01-10,여자,30 - 39세,경상남도,일반판매,신발세탁,계약불이행(불완전이행)
2023064398,2024-01-05,여자,40 - 49세,서울특별시,일반판매,양복(서양식 의복)세탁,품질(물품/용역)
2023064401,2024-01-04,여자,30 - 39세,경기도,국내온라인거래,코트,품질(물품/용역)
2023064421,2024-01-05,여자,70 - 79세,경기도,TV홈쇼핑,이불·요,품질(물품/용역)
2023064424,2024-01-10,남자,60 - 64세,서울특별시,일반판매,점퍼·재킷류,품질(물품/용역)
2023064430,2024-01-04,여자,40 - 49세,경기도,국내온라인거래,캐주얼바지,품질(물품/용역)
2023064441,2024-01-10,여자,30 - 39세,경기도,일반판매,점퍼·재킷류,품질(물품/용역)
2023064457,2024-01-10,남자,60 - 64세,경기도,일반판매,운동화,품질(물품/용역)
2023064461,2024-01-10,여자,불명,경상북도,일반판매,운동화,품질(물품/용역)
2023064465,2024-01-10,남자,불명,경기도,일반판매,운동화,품질(물품/용역)
2023064470,2024-01-04,남자,30 - 39세,경기도,일반판매,점퍼·재킷류,품질(물품/용역)
2023064471,2024-01-05,여자,50 - 59세,경기도,국내온라인거래,니트(스웨터),품질(물품/용역)
2023064479,2024-01-03,여자,50 - 59세,경기도,국내온라인거래,숙녀복세트,품질(물품/용역)
2023064483,2024-01-04,남자,60 - 64세,경기도,일반판매,양복(서양식 의복)세탁,품질(물품/용역)
2023064493,2024-01-04,여자,65 - 69세,서울특별시,일반판매,양복(서양식 의복)세탁,품질(물품/용역)
2023064494,2024-01-04,남자,30 - 39세,인천광역시,국내온라인거래,양복(서양식 의복)세탁,품질(물품/용역)
2023064618,2024-01-04,여자,30 - 39세,대구광역시,국내온라인거래,기타세탁서비스,품질(물품/용역)
2023064655,2024-01-04,여자,20 - 29세,대구광역시,국내온라인거래,점퍼·재킷류,품질(물품/용역)
2023064689,2024-01-03,여자,60 - 64세,경기도,국내온라인거래,점퍼·재킷류,품질(물품/용역)
2023064694,2024-01-10,여자,50 - 59세,서울특별시,일반판매,샌들·슬리퍼,품질(물품/용역)
2023064696,2024-01-04,여자,50 - 59세,서울특별시,일반판매,점퍼·재킷류,품질(물품/용역)
2023064709,2024-01-10,여자,50 - 59세,대구광역시,일반판매,신발세탁,품질(물품/용역)
2023064715,2024-01-04,남자,30 - 39세,경기도,국내온라인거래,점퍼·재킷류,품질(물품/용역)
2023064719,2024-01-10,여자,30 - 39세,서울특별시,일반판매,샌들·슬리퍼,품질(물품/용역)
2023064730,2024-01-05,남자,30 - 39세,서울특별시,일반판매,양복(서양식 의복)세탁,품질(물품/용역)
2023064840,2024-01-10,여자,40 - 49세,부산광역시,국내온라인거래,샌들·슬리퍼,품질(물품/용역)
2023064841,2024-01-10,여자,40 - 49세,대전광역시,국내온라인거래,샌들·슬리퍼,품질(물품/용역)
2023064843,2024-01-10,여자,20 - 29세,경기도,국내온라인거래,신발세탁,계약불이행(불완전이행)
2023064845,2024-01-10,남자,40 - 49세,대구광역시,일반판매,신발세탁,계약불이행(불완전이행)
2023064846,2024-01-10,남자,40 - 49세,서울특별시,국내온라인거래,신사화(구두·부츠 등),품질(물품/용역)
2023064848,2024-01-10,여자,50 - 59세,경기도,일반판매,숙녀화(구두·부츠 등),품질(물품/용역)
2024000008,2024-01-01,남자,40 - 49세,경기도,일반판매,스마트폰,AS불만
2024000009,2024-01-01,남자,20 - 29세,서울특별시,기타,기타인테리어설비,품질(물품/용역)
2024000010,2024-01-01,여자,40 - 49세,경상남도,방문판매,애완동물기타,품질(물품/용역)
2024000011,2024-01-01,남자,50 - 59세,충청북도,일반판매,운동화,품질(물품/용역)
2024000012,2024-01-01,여자,50 - 59세,경기도,국내온라인거래,믹서기,품질(물품/용역)
2024000013,2024-01-01,남자,30 - 39세,부산광역시,방문판매,고시원이용,청약철회
2024000014,2024-01-01,남자,50 - 59세,서울특별시,기타통신판매,항공여객운송서비스,부당행위
2024000015,2024-01-01,여자,50 - 59세,대구광역시,국내온라인거래,운동화,청약철회
2024000016,2024-01-01,남자,40 - 49세,부산광역시,일반판매,이동전화서비스,청약철회
2024000017,2024-01-01,남자,50 - 59세,서울특별시,국내온라인거래,스포츠시설이용,계약해제.해지/위약금
2024000018,2024-01-02,여자,40 - 49세,경기도,국내온라인거래,떡류,계약불이행(불완전이행)
2024000019,2024-01-02,여자,30 - 39세,경기도,국내온라인거래,전기고데기,계약불이행(불완전이행)
2024000020,2024-01-02,여자,70 - 79세,경기도,일반판매,소파,품질(물품/용역)
2024000021,2024-01-02,남자,40 - 49세,경기도,일반판매,"연회서비스(돌잔치,회갑 등)",계약불이행(불완전이행)
2024000022,2024-01-02,여자,50 - 59세,경기도,전화권유판매,기타매체광고,계약해제.해지/위약금
2024000024,2024-01-02,남자,65 - 69세,대전광역시,일반판매,기타인테리어설비,가격.요금
2024000025,2024-01-02,여자,60 - 64세,경상남도,국내온라인거래,캐주얼바지,계약불이행(불완전이행)
2024000026,2024-01-02,남자,40 - 49세,울산광역시,기타통신판매,자격시험기타,품질(물품/용역)
2024000027,2024-01-02,남자,30 - 39세,경기도,일반판매,자동차주차장,표시.광고
2024000028,2024-01-02,남자,30 - 39세,경기도,일반판매,헬스장,계약해제.해지/위약금
2024000029,2024-01-02,남자,40 - 49세,경기도,일반판매,중형승용자동차,품질(물품/용역)
2024000030,2024-01-02,남자,10 - 19세,대전광역시,일반판매,비뇨의학과,품질(물품/용역)
2024000031,2024-01-02,남자,30 - 39세,서울특별시,국내온라인거래,자동차대여(렌트),청약철회
2024000032,2024-01-02,여자,65 - 69세,경기도,국내온라인거래,감귤,품질(물품/용역)
2024000033,2024-01-02,여자,30 - 39세,서울특별시,국내온라인거래,기타카드,표시.광고
2024000034,2024-01-02,남자,50 - 59세,서울특별시,국내온라인거래,기타인테리어설비,AS불만
2024000035,2024-01-02,여자,20 - 29세,전라북도,모바일거래,철도여객운송서비스,계약불이행(불완전이행)
2024000036,2024-01-02,남자,60 - 64세,경상북도,기타,창호유리,품질(물품/용역)
2024000037,2024-01-02,여자,60 - 64세,경상남도,TV홈쇼핑,냄비,표시.광고
2024000038,2024-01-02,여자,40 - 49세,전라북도,국내온라인거래,기타의류·섬유,청약철회
2024000039,2024-01-02,남자,30 - 39세,부산광역시,기타통신판매,국내결혼중개,계약해제.해지/위약금
2024000040,2024-01-02,여자,30 - 39세,경기도,국내온라인거래,원피스,청약철회
2024000041,2024-01-02,여자,30 - 39세,경기도,국내온라인거래,기타의료용구,품질(물품/용역)
2024000042,2024-01-02,여자,60 - 64세,경기도,국내온라인거래,니트(스웨터),청약철회
2024000043,2024-01-02,여자,50 - 59세,경기도,국내온라인거래,기타의류·섬유,계약불이행(불완전이행)
2024000044,2024-01-02,남자,40 - 49세,전라남도,일반판매,건강(암·기타질병)보험,약관
2024000045,2024-01-02,남자,40 - 49세,대구광역시,기타,기타매체광고,계약해제.해지/위약금
2024000046,2024-01-02,남자,30 - 39세,세종특별자치시,일반판매,자동차수리·점검,부당행위
2024000047,2024-01-02,남자,60 - 64세,인천광역시,일반판매,소파,품질(물품/용역)
2024000048,2024-01-02,남자,80세이상,서울특별시,일반판매,전기자전거,표시.광고
2024000049,2024-01-02,남자,30 - 39세,충청남도,국내온라인거래,기타자동차부품,품질(물품/용역)
2024000050,2024-01-02,남자,30 - 39세,경기도,일반판매,건강(암·기타질병)보험,약관
2024000051,2024-01-02,남자,30 - 39세,경상북도,일반판매,제조물·생산및영업배상보험,약관
2024000052,2024-01-02,여자,30 - 39세,서울특별시,국내온라인거래,니트(스웨터),청약철회
2024000053,2024-01-02,여자,40 - 49세,충청남도,일반판매,각종자격취득강습,계약해제.해지/위약금
2024000054,2024-01-02,여자,70 - 79세,경상남도,기타,스마트폰,AS불만
2024000055,2024-01-02,남자,40 - 49세,경기도,국내온라인거래,기타미분류물품,품질(물품/용역)
2024000056,2024-01-02,여자,30 - 39세,충청남도,국내온라인거래,차량용블랙박스,품질(물품/용역)
2024000057,2024-01-02,남자,30 - 39세,서울특별시,일반판매,이동전화서비스,계약불이행(불완전이행)
2024000058,2024-01-02,남자,30 - 39세,경기도,일반판매,기타미분류서비스,계약불이행(불완전이행)
2024000059,2024-01-02,남자,60 - 64세,서울특별시,일반판매,시계,품질(물품/용역)
2024000060,2024-01-02,여자,40 - 49세,대구광역시,일반판매,기타의료서비스,품질(물품/용역)
2024000061,2024-01-02,남자,20 - 29세,경기도,국내온라인거래,호텔,표시.광고
2024000062,2024-01-02,남자,20 - 29세,서울특별시,일반판매,약국,품질(물품/용역)
2024000063,2024-01-02,여자,20 - 29세,대구광역시,국내온라인거래,소파,품질(물품/용역)
2024000064,2024-01-02,여자,60 - 64세,서울특별시,소셜커머스(쇼핑),니트(스웨터),계약해제.해지/위약금
2024000065,2024-01-02,여자,50 - 59세,서울특별시,기타,CCTV,AS불만
2024000066,2024-01-02,남자,50 - 59세,경기도,국내온라인거래,냄비,품질(물품/용역)
2024000067,2024-01-02,여자,20 - 29세,충청남도,방문판매,전집물,계약해제.해지/위약금
2024000069,2024-01-02,남자,40 - 49세,부산광역시,일반판매,자동차견인,부당행위
2024000070,2024-01-02,남자,40 - 49세,인천광역시,기타,자동차주차장,부당행위
2024000071,2024-01-02,남자,80세이상,부산광역시,방문판매,초고속인터넷,계약불이행(불완전이행)
2024000073,2024-01-02,남자,70 - 79세,서울특별시,기타,항공여객운송서비스,계약불이행(불완전이행)
2024000074,2024-01-02,남자,30 - 39세,경기도,국내온라인거래,신유형상품권,청약철회
2024000075,2024-01-02,남자,60 - 64세,경상남도,기타,미분류대여(렌트),계약해제.해지/위약금
2024000076,2024-01-02,남자,30 - 39세,경상남도,국내온라인거래,기타컴퓨터·주변기기,청약철회
2024000077,2024-01-02,여자,65 - 69세,서울특별시,일반판매,전기장판,안전(제품/시설)
2024000079,2024-01-02,남자,30 - 39세,광주광역시,일반판매,건강(암·기타질병)보험,계약불이행(불완전이행)
2024000080,2024-01-02,남자,40 - 49세,경기도,일반판매,기타자동차용품,계약불이행(불완전이행)
2024000081,2024-01-02,남자,20 - 29세,대전광역시,일반판매,묘지설비,계약해제.해지/위약금
2024000082,2024-01-02,여자,40 - 49세,부산광역시,국내온라인거래,애완동·식물용품,계약불이행(불완전이행)
2024000083,2024-01-02,남자,65 - 69세,서울특별시,국내온라인거래,유사투자자문,계약해제.해지/위약금
2024000084,2024-01-02,여자,20 - 29세,경기도,모바일거래,점퍼·재킷류,청약철회
2024000085,2024-01-02,남자,50 - 59세,부산광역시,기타,포장이사운송서비스,계약불이행(불완전이행)
2024000088,2024-01-02,여자,30 - 39세,부산광역시,일반판매,자동차대여(렌트),AS불만
2024000089,2024-01-02,남자,50 - 59세,경기도,방문판매,기타건강식품,계약해제.해지/위약금
2024000090,2024-01-02,남자,60 - 64세,경상북도,국내온라인거래,쇠고기포장육,계약불이행(불완전이행)
2024000103,2024-01-02,남자,40 - 49세,경기도,기타통신판매,항공여객운송서비스,계약불이행(불완전이행)
2024000106,2024-01-02,남자,40 - 49세,경기도,국제온라인거래,항공여객운송서비스,계약해제.해지/위약금
2024000108,2024-01-02,남자,40 - 49세,인천광역시,국내온라인거래,점퍼·재킷류,계약불이행(불완전이행)
2024000109,2024-01-02,남자,70 - 79세,경기도,일반판매,기타책상·테이블류,품질(물품/용역)
2024000110,2024-01-02,남자,30 - 39세,제주도,일반판매,피부·체형관리서비스,계약해제.해지/위약금
2024000112,2024-01-02,여자,30 - 39세,경상북도,일반판매,국외여행,계약해제.해지/위약금
2024000113,2024-01-02,여자,70 - 79세,경기도,일반판매,정형외과,품질(물품/용역)
2024000115,2024-01-02,남자,40 - 49세,부산광역시,일반판매,외과,품질(물품/용역)
2024000118,2024-01-02,남자,40 - 49세,부산광역시,국내온라인거래,보석·귀금속,계약불이행(불완전이행)
2024000121,2024-01-02,여자,40 - 49세,경기도,일반판매,피부과,계약해제.해지/위약금
2024000142,2024-01-02,남자,60 - 64세,인천광역시,전화권유판매,유사투자자문,계약해제.해지/위약금
2024000143,2024-01-02,남자,50 - 59세,대구광역시,방문판매,아파트,청약철회
2024000144,2024-01-02,여자,40 - 49세,서울특별시,국내온라인거래,항공여객운송서비스,계약불이행(불완전이행)
2024000145,2024-01-02,여자,30 - 39세,서울특별시,기타,유리·크리스탈그릇,부당행위
2024000147,2024-01-02,남자,불명,서울특별시,모바일거래,모바일정보이용서비스,계약불이행(불완전이행)
2024000148,2024-01-02,남자,70 - 79세,서울특별시,기타,이동전화서비스,부당행위
2024000150,2024-01-02,여자,50 - 59세,부산광역시,기타,기타인터넷기반서비스,부당행위
2024000152,2024-01-02,남자,30 - 39세,서울특별시,방문판매,국외여행,계약해제.해지/위약금
2024000153,2024-01-02,여자,50 - 59세,인천광역시,국내온라인거래,항공여객운송서비스,계약불이행(불완전이행)
2024000154,2024-01-02,여자,30 - 39세,경기도,방문판매,인터넷교육서비스,계약불이행(불완전이행)
2024000160,2024-01-04,남자,30 - 39세,경기도,일반판매,양복(서양식 의복)세탁,품질(물품/용역)
2024000161,2024-01-02,여자,30 - 39세,대전광역시,모바일거래,기타일반화장품,표시.광고
2024000166,2024-01-04,여자,30 - 39세,서울특별시,국내온라인거래,기타의류·섬유,품질(물품/용역)
2024000167,2024-01-04,남자,40 - 49세,경상남도,일반판매,캐주얼바지,품질(물품/용역)
2024000169,2024-01-02,남자,50 - 59세,대구광역시,국내온라인거래,호텔,계약불이행(불완전이행)
2024000170,2024-01-04,여자,40 - 49세,대구광역시,일반판매,원피스,품질(물품/용역)
2024000171,2024-01-10,여자,20 - 29세,대구광역시,일반판매,점퍼·재킷류,품질(물품/용역)
2024000172,2024-01-02,남자,30 - 39세,경기도,일반판매,항공여객운송서비스,계약해제.해지/위약금
2024000173,2024-01-05,여자,40 - 49세,경기도,일반판매,양복(서양식 의복)세탁,품질(물품/용역)
2024000174,2024-01-04,여자,40 - 49세,경상북도,일반판매,양복(서양식 의복)세탁,품질(물품/용역)
2024000176,2024-01-04,남자,30 - 39세,경기도,국내온라인거래,점퍼·재킷류,품질(물품/용역)
2024000178,2024-01-10,여자,60 - 64세,대전광역시,국내온라인거래,코트,품질(물품/용역)
2024000179,2024-01-05,여자,50 - 59세,경기도,일반판매,코트,품질(물품/용역)
2024000180,2024-01-04,여자,60 - 64세,경기도,일반판매,점퍼·재킷류,품질(물품/용역)
2024000181,2024-01-05,여자,30 - 39세,경기도,국내온라인거래,아동복,품질(물품/용역)
2024000182,2024-01-11,여자,30 - 39세,부산광역시,국내온라인거래,점퍼·재킷류,품질(물품/용역)
2024000184,2024-01-04,여자,30 - 39세,서울특별시,일반판매,벨트,품질(물품/용역)
2024000185,2024-01-11,여자,60 - 64세,대구광역시,국내온라인거래,니트(스웨터),품질(물품/용역)
2024000187,2024-01-04,여자,40 - 49세,서울특별시,일반판매,점퍼·재킷류,품질(물품/용역)
2024000188,2024-01-02,여자,불명,충청남도,일반판매,변호서비스,계약불이행(불완전이행)
2024000189,2024-01-02,남자,20 - 29세,서울특별시,일반판매,쓰레기통,표시.광고
2024000191,2024-01-02,여자,20 - 29세,서울특별시,소셜커머스(쇼핑),라디에이터,표시.광고
2024000192,2024-01-02,여자,40 - 49세,전라남도,일반판매,운동화,거래관행
2024000193,2024-01-02,여자,40 - 49세,경기도,일반판매,원피스,청약철회
2024000194,2024-01-02,여자,50 - 59세,대구광역시,일반판매,화장실설비,AS불만
2024000196,2024-01-02,여자,40 - 49세,부산광역시,일반판매,전기세탁기,품질(물품/용역)
2024000199,2024-01-10,남자,40 - 49세,부산광역시,일반판매,신발세탁,계약불이행(불완전이행)
2024000200,2024-01-02,남자,40 - 49세,대전광역시,국내온라인거래,중고자동차중개·매매,청약철회
2024000202,2024-01-02,남자,50 - 59세,경기도,국내온라인거래,TV,계약불이행(불완전이행)
2024000204,2024-01-02,여자,20 - 29세,울산광역시,일반판매,사진촬영,거래관행
2024000208,2024-01-04,여자,40 - 49세,경기도,일반판매,양복(서양식 의복)세탁,품질(물품/용역)
2024000209,2024-01-02,남자,30 - 39세,서울특별시,국내온라인거래,통신기기케이스,품질(물품/용역)
2024000210,2024-01-02,여자,30 - 39세,인천광역시,일반판매,반포장이사운송서비스,품질(물품/용역)
2024000211,2024-01-02,남자,30 - 39세,서울특별시,기타통신판매,기타미분류서비스,계약해제.해지/위약금
2024000212,2024-01-02,남자,30 - 39세,전라남도,일반판매,외식,품질(물품/용역)
2024000213,2024-01-02,여자,40 - 49세,경상북도,일반판매,전기장판,안전(제품/시설)
2024000214,2024-01-02,남자,40 - 49세,경기도,방문판매,할인회원권,계약해제.해지/위약금
2024000215,2024-01-02,남자,30 - 39세,대구광역시,국내온라인거래,텐트,청약철회
2024000216,2024-01-02,여자,20 - 29세,경상남도,국내온라인거래,기타신발·용품,청약철회
2024000217,2024-01-02,여자,30 - 39세,경기도,방문판매,헬스장,계약불이행(불완전이행)
2024000218,2024-01-02,남자,20 - 29세,부산광역시,방문판매,가스보일러,AS불만
2024000219,2024-01-02,남자,60 - 64세,경상북도,국내온라인거래,온풍기,청약철회
2024000220,2024-01-02,남자,50 - 59세,경기도,국내온라인거래,호텔,계약불이행(불완전이행)
2024000221,2024-01-02,남자,50 - 59세,경상북도,국내온라인거래,냉장고,계약불이행(불완전이행)
2024000222,2024-01-02,여자,30 - 39세,경기도,국내온라인거래,블라인드,품질(물품/용역)
2024000223,2024-01-02,남자,30 - 39세,전라남도,기타통신판매,국외여행,계약해제.해지/위약금
2024000224,2024-01-02,여자,50 - 59세,인천광역시,국내온라인거래,항공여객운송서비스,계약해제.해지/위약금
2024000225,2024-01-02,여자,20 - 29세,서울특별시,일반판매,피부·체형관리서비스,계약해제.해지/위약금
2024000226,2024-01-02,여자,30 - 39세,서울특별시,국내온라인거래,응접테이블,품질(물품/용역)
2024000227,2024-01-02,여자,20 - 29세,서울특별시,국내온라인거래,사진촬영,계약해제.해지/위약금
2024000228,2024-01-02,남자,30 - 39세,서울특별시,일반판매,미용서비스,가격.요금
2024000229,2024-01-02,여자,40 - 49세,서울특별시,방문판매,오피스텔,계약해제.해지/위약금
2024000230,2024-01-02,여자,20 - 29세,충청북도,일반판매,애완견,부당행위
2024000231,2024-01-02,여자,50 - 59세,인천광역시,국내온라인거래,국외여행,계약해제.해지/위약금
2024000232,2024-01-02,여자,20 - 29세,전라북도,국내온라인거래,항공여객운송서비스,청약철회
2024000233,2024-01-02,여자,30 - 39세,서울특별시,일반판매,외국어강습,계약해제.해지/위약금
2024000234,2024-01-02,남자,20 - 29세,인천광역시,국제온라인거래,기타자동차부품,품질(물품/용역)
2024000235,2024-01-02,남자,40 - 49세,대구광역시,일반판매,양복(서양식 의복)세탁,품질(물품/용역)
2024000236,2024-01-02,남자,30 - 39세,부산광역시,기타,반포장이사운송서비스,계약불이행(불완전이행)
2024000237,2024-01-02,남자,20 - 29세,서울특별시,국내온라인거래,노트북컴퓨터,청약철회
2024000238,2024-01-02,여자,20 - 29세,경기도,국내온라인거래,기타문화·오락시설이용,계약해제.해지/위약금
2024000239,2024-01-02,남자,40 - 49세,인천광역시,국내온라인거래,애완동·식물용품,품질(물품/용역)
2024000240,2024-01-02,남자,20 - 29세,서울특별시,국내온라인거래,기타의류·섬유,청약철회
2024000241,2024-01-02,여자,20 - 29세,서울특별시,일반판매,헬스장,계약해제.해지/위약금
2024000242,2024-01-02,여자,30 - 39세,전라북도,방문판매,미분류대여(렌트),계약해제.해지/위약금
2024000243,2024-01-02,여자,20 - 29세,충청북도,기타통신판매,인터넷교육서비스,계약해제.해지/위약금
2024000244,2024-01-02,남자,40 - 49세,서울특별시,일반판매,기타간편복,품질(물품/용역)
2024000245,2024-01-02,여자,40 - 49세,서울특별시,방문판매,기타건강식품,가격.요금
2024000246,2024-01-02,남자,50 - 59세,서울특별시,모바일거래,이동전화서비스,약관
2024000247,2024-01-02,여자,40 - 49세,경기도,기타,피부·체형관리서비스,계약불이행(불완전이행)
2024000248,2024-01-02,여자,30 - 39세,인천광역시,국내온라인거래,항공여객운송서비스,청약철회
2024000249,2024-01-02,남자,30 - 39세,인천광역시,전화권유판매,기타매체광고,계약해제.해지/위약금
2024000250,2024-01-02,여자,30 - 39세,경기도,국내온라인거래,돼지고기,청약철회
2024000251,2024-01-02,남자,30 - 39세,인천광역시,국내온라인거래,국외여행,계약불이행(불완전이행)
2024000252,2024-01-02,여자,30 - 39세,서울특별시,일반판매,필라테스,계약해제.해지/위약금
2024000253,2024-01-02,남자,30 - 39세,서울특별시,국내온라인거래,소파,품질(물품/용역)
2024000254,2024-01-02,남자,20 - 29세,경기도,국내온라인거래,텐트,품질(물품/용역)
2024000255,2024-01-02,남자,30 - 39세,서울특별시,기타,기타미분류서비스,부당행위
2024000256,2024-01-02,여자,40 - 49세,경기도,일반판매,노트북컴퓨터,AS불만
2024000257,2024-01-02,남자,30 - 39세,서울특별시,소셜커머스(쇼핑),믹서기,청약철회
2024000258,2024-01-02,남자,50 - 59세,울산광역시,일반판매,일반자전거,계약불이행(불완전이행)
2024000259,2024-01-02,남자,50 - 59세,경기도,방문판매,콘도회원권,계약해제.해지/위약금
2024000260,2024-01-02,남자,20 - 29세,경기도,일반판매,이동전화서비스,계약해제.해지/위약금
2024000261,2024-01-02,남자,40 - 49세,서울특별시,국내온라인거래,복합기,품질(물품/용역)
2024000262,2024-01-02,여자,30 - 39세,서울특별시,일반판매,헬스장,계약해제.해지/위약금
2024000263,2024-01-02,남자,40 - 49세,인천광역시,일반판매,기타인테리어설비,계약불이행(불완전이행)
2024000264,2024-01-02,여자,30 - 39세,경상북도,일반판매,기타의류·섬유,청약철회
2024000265,2024-01-02,여자,30 - 39세,서울특별시,일반판매,미용서비스,계약해제.해지/위약금
2024000266,2024-01-02,남자,30 - 39세,경기도,모바일거래,인터넷게임서비스,청약철회
2024000267,2024-01-02,남자,30 - 39세,서울특별시,국내온라인거래,기타침대류,청약철회
2024000268,2024-01-02,여자,40 - 49세,경상북도,국내온라인거래,가습기,이자.수수료
2024000269,2024-01-02,여자,30 - 39세,서울특별시,국내온라인거래,사무용가방,청약철회
2024000270,2024-01-02,남자,40 - 49세,서울특별시,기타,기타미분류서비스,부당행위
2024000271,2024-01-02,여자,30 - 39세,경상북도,일반판매,기타의류·섬유,청약철회
2024000272,2024-01-02,여자,20 - 29세,경기도,방문판매,피부·체형관리서비스,계약해제.해지/위약금
2024000273,2024-01-02,여자,30 - 39세,인천광역시,기타통신판매,종합체육시설회원권,계약해제.해지/위약금
2024000274,2024-01-02,여자,30 - 39세,서울특별시,일반판매,미용서비스,품질(물품/용역)
2024000275,2024-01-02,남자,30 - 39세,경기도,일반판매,헬스장,계약해제.해지/위약금
2024000276,2024-01-02,여자,40 - 49세,경기도,국내온라인거래,기타가방,가격.요금
2024000277,2024-01-02,여자,40 - 49세,대구광역시,국내온라인거래,사진촬영,계약해제.해지/위약금
2024000278,2024-01-02,남자,30 - 39세,세종특별자치시,국내온라인거래,컴퓨터모니터(데스크탑),청약철회
2024000279,2024-01-02,여자,40 - 49세,경기도,국내온라인거래,퍼스널컴퓨터,부당행위
2024000280,2024-01-02,여자,30 - 39세,부산광역시,일반판매,필라테스,계약해제.해지/위약금
2024000281,2024-01-02,남자,30 - 39세,경기도,일반판매,결혼준비대행서비스,계약해제.해지/위약금
2024000282,2024-01-02,여자,30 - 39세,경기도,기타,각종자격취득강습,청약철회
2024000283,2024-01-02,여자,30 - 39세,경기도,국내온라인거래,이불·요,표시.광고
2024000284,2024-01-02,여자,20 - 29세,서울특별시,일반판매,피부·체형관리서비스,계약해제.해지/위약금
2024000285,2024-01-02,남자,40 - 49세,경기도,일반판매,국외여행,품질(물품/용역)
2024000286,2024-01-02,여자,30 - 39세,인천광역시,국제온라인거래,기타미분류물품,청약철회
2024000287,2024-01-02,여자,30 - 39세,서울특별시,일반판매,필라테스,계약해제.해지/위약금
2024000288,2024-01-02,여자,30 - 39세,전라남도,국내온라인거래,인터넷교육서비스,청약철회
2024000289,2024-01-02,남자,40 - 49세,경기도,국내온라인거래,기타관람·감상,계약해제.해지/위약금
2024000290,2024-01-02,남자,30 - 39세,경상북도,일반판매,기타공조·냉난방기기,부당행위
2024000291,2024-01-02,여자,40 - 49세,대전광역시,모바일거래,선반침대,청약철회
2024000292,2024-01-02,여자,30 - 39세,경기도,일반판매,필라테스,계약해제.해지/위약금
2024000293,2024-01-02,여자,30 - 39세,경기도,국내온라인거래,기타가사용품,안전(제품/시설)
2024000294,2024-01-02,여자,40 - 49세,서울특별시,국내온라인거래,기타의류·섬유,청약철회
2024000295,2024-01-02,남자,30 - 39세,서울특별시,국내온라인거래,항공여객운송서비스,부당행위
2024000296,2024-01-02,남자,40 - 49세,제주도,소셜커머스(쇼핑),기타숙박시설,계약해제.해지/위약금
2024000297,2024-01-02,여자,30 - 39세,인천광역시,일반판매,필라테스,계약해제.해지/위약금
2024000298,2024-01-02,여자,20 - 29세,서울특별시,방문판매,룸에어컨,품질(물품/용역)
2024000299,2024-01-02,여자,30 - 39세,서울특별시,방문판매,필라테스,계약해제.해지/위약금
2024000300,2024-01-02,남자,40 - 49세,경상북도,모바일거래,기타숙박시설,계약해제.해지/위약금
2024000301,2024-01-02,남자,30 - 39세,서울특별시,국내온라인거래,기타숙박시설,계약해제.해지/위약금
2024000302,2024-01-02,남자,30 - 39세,서울특별시,일반판매,의자,청약철회
2024000303,2024-01-02,남자,20 - 29세,서울특별시,국내온라인거래,항공여객운송서비스,계약불이행(불완전이행)
2024000304,2024-01-02,여자,30 - 39세,인천광역시,기타통신판매,기타책상·테이블류,부당행위
2024000305,2024-01-02,남자,50 - 59세,서울특별시,일반판매,애완동물기타,계약해제.해지/위약금
2024000306,2024-01-02,여자,30 - 39세,서울특별시,전화권유판매,정수기대여(렌트),계약해제.해지/위약금
2024000307,2024-01-02,남자,20 - 29세,경기도,기타통신판매,스마트폰,가격.요금
2024000308,2024-01-02,여자,50 - 59세,인천광역시,국내온라인거래,콘도,청약철회
2024000309,2024-01-02,여자,30 - 39세,경기도,국내온라인거래,코트,청약철회
2024000310,2024-01-02,남자,30 - 39세,서울특별시,일반판매,헬스장,계약해제.해지/위약금
2024000311,2024-01-02,남자,50 - 59세,서울특별시,일반판매,기타신변용품,품질(물품/용역)
2024000312,2024-01-02,여자,30 - 39세,서울특별시,모바일거래,항공여객운송서비스,계약해제.해지/위약금
2024000313,2024-01-02,여자,40 - 49세,부산광역시,소셜커머스(쇼핑),기타의류·섬유,청약철회
2024000314,2024-01-02,여자,20 - 29세,인천광역시,방문판매,포장이사운송서비스,계약불이행(불완전이행)
2024000315,2024-01-02,여자,20 - 29세,서울특별시,일반판매,필라테스,계약해제.해지/위약금
2024000316,2024-01-03,여자,60 - 64세,서울특별시,TV홈쇼핑,실손보험,약관
2024000317,2024-01-03,남자,불명,서울특별시,국제온라인거래,점퍼·재킷류,계약불이행(불완전이행)
2024000318,2024-01-03,여자,40 - 49세,서울특별시,일반판매,애완견,계약해제.해지/위약금
2024000319,2024-01-03,남자,불명,서울특별시,국제온라인거래,셔츠,계약불이행(불완전이행)
2024000320,2024-01-03,여자,60 - 64세,부산광역시,국내온라인거래,냉장고,표시.광고
2024000321,2024-01-03,남자,30 - 39세,경상북도,일반판매,모바일게임서비스,이자.수수료
2024000322,2024-01-03,남자,65 - 69세,전라남도,일반판매,실손보험,계약불이행(불완전이행)
2024000323,2024-01-03,여자,40 - 49세,서울특별시,전화권유판매,기타회원권,약관
2024000324,2024-01-03,여자,30 - 39세,서울특별시,국내온라인거래,기타이·미용서비스,청약철회
2024000325,2024-01-03,여자,30 - 39세,서울특별시,일반판매,유사투자자문,계약해제.해지/위약금
2024000326,2024-01-03,여자,30 - 39세,서울특별시,국내온라인거래,이동전화서비스,계약불이행(불완전이행)
2024000327,2024-01-03,여자,30 - 39세,대구광역시,일반판매,양복(서양식 의복)세탁,품질(물품/용역)
2024000328,2024-01-03,남자,30 - 39세,인천광역시,소셜커머스(쇼핑),프린터,품질(물품/용역)
2024000329,2024-01-03,남자,50 - 59세,경기도,일반판매,대형승용자동차,품질(물품/용역)
2024000330,2024-01-03,여자,50 - 59세,강원특별자치도,기타통신판매,기타일반화장품,계약해제.해지/위약금
2024000331,2024-01-03,남자,30 - 39세,강원특별자치도,기타통신판매,포장이사운송서비스,계약불이행(불완전이행)
2024000332,2024-01-03,남자,30 - 39세,경기도,일반판매,중고자동차중개·매매,품질(물품/용역)
2024000333,2024-01-03,남자,65 - 69세,경기도,일반판매,유사투자자문,계약해제.해지/위약금
2024000334,2024-01-03,여자,30 - 39세,부산광역시,일반판매,기타인테리어설비,계약해제.해지/위약금
2024000335,2024-01-03,여자,30 - 39세,제주도,일반판매,피부과,계약해제.해지/위약금
2024000336,2024-01-03,여자,30 - 39세,충청남도,다단계판매,인터넷교육서비스,계약해제.해지/위약금
2024000337,2024-01-03,남자,50 - 59세,울산광역시,일반판매,자동차보험,부당행위
2024000338,2024-01-03,남자,20 - 29세,대구광역시,일반판매,태블릿PC,품질(물품/용역)
2024000339,2024-01-03,남자,50 - 59세,경기도,국제온라인거래,항공여객운송서비스,청약철회
2024000340,2024-01-03,여자,20 - 29세,경기도,일반판매,필라테스,계약불이행(불완전이행)
2024000341,2024-01-03,남자,50 - 59세,경기도,일반판매,정수기대여(렌트),계약해제.해지/위약금
2024000342,2024-01-03,남자,30 - 39세,부산광역시,소셜커머스(쇼핑),초음파방충기,계약해제.해지/위약금
2024000343,2024-01-03,여자,30 - 39세,경기도,방문판매,저축성보험,부당행위
2024000344,2024-01-03,여자,40 - 49세,전라북도,국내온라인거래,기타가방,계약불이행(불완전이행)
2024000345,2024-01-03,여자,40 - 49세,울산광역시,일반판매,미용서비스,품질(물품/용역)
2024000346,2024-01-03,남자,70 - 79세,경기도,전화권유판매,유사투자자문,계약해제.해지/위약금
2024000347,2024-01-03,남자,30 - 39세,경기도,일반판매,전기의류건조기,품질(물품/용역)
2024000348,2024-01-03,남자,(미입력),경상북도,국내온라인거래,펜션,계약해제.해지/위약금
2024000349,2024-01-03,여자,30 - 39세,서울특별시,일반판매,예식서비스,계약해제.해지/위약금
2024000350,2024-01-03,남자,30 - 39세,인천광역시,소셜커머스(쇼핑),호텔,계약해제.해지/위약금
2024000351,2024-01-03,남자,50 - 59세,서울특별시,전화권유판매,콘도회원권,계약해제.해지/위약금
2024000352,2024-01-11,남자,40 - 49세,경기도,일반판매,점퍼·재킷류,품질(물품/용역)
2024000353,2024-01-03,남자,40 - 49세,인천광역시,국제온라인거래,기타의자류,품질(물품/용역)
2024000354,2024-01-03,여자,30 - 39세,인천광역시,국내온라인거래,소파,품질(물품/용역)
2024000355,2024-01-03,남자,40 - 49세,대구광역시,전화권유판매,기타매체광고,계약해제.해지/위약금
2024000356,2024-01-03,여자,40 - 49세,대전광역시,일반판매,전기자동차,AS불만
2024000357,2024-01-03,남자,50 - 59세,인천광역시,일반판매,자동차수리·점검,품질(물품/용역)
2024000359,2024-01-03,여자,40 - 49세,서울특별시,TV홈쇼핑,보석·귀금속,품질(물품/용역)
2024000360,2024-01-03,여자,30 - 39세,경기도,국내온라인거래,기타의류·섬유,청약철회
2024000361,2024-01-03,남자,60 - 64세,경기도,일반판매,중형승용자동차,품질(물품/용역)
2024000362,2024-01-11,여자,60 - 64세,전라남도,일반판매,점퍼·재킷류,품질(물품/용역)
2024000363,2024-01-03,여자,20 - 29세,전라남도,일반판매,기타일반화장품,품질(물품/용역)
2024000364,2024-01-03,여자,50 - 59세,충청남도,일반판매,정수기,거래관행
2024000365,2024-01-03,여자,40 - 49세,세종특별자치시,TV홈쇼핑,음식물처리기대여(렌트),품질(물품/용역)
2024000366,2024-01-03,남자,30 - 39세,경기도,기타,기타미분류서비스,계약불이행(불완전이행)
2024000367,2024-01-03,여자,60 - 64세,인천광역시,국내온라인거래,고추,청약철회
2024000368,2024-01-03,여자,50 - 59세,서울특별시,기타통신판매,음식물처리기,계약불이행(불완전이행)
2024000369,2024-01-03,여자,30 - 39세,서울특별시,기타통신판매,전기오븐,AS불만
2024000370,2024-01-03,여자,30 - 39세,서울특별시,모바일거래,잼,품질(물품/용역)
2024000371,2024-01-03,여자,40 - 49세,경기도,국내온라인거래,합성피혁의류,청약철회
2024000372,2024-01-03,남자,40 - 49세,경기도,국내온라인거래,기타자동차용품,청약철회
2024000373,2024-01-03,남자,30 - 39세,경기도,모바일거래,전기자전거,부당행위
2024000374,2024-01-03,남자,40 - 49세,경기도,일반판매,국제결혼중개,계약해제.해지/위약금
2024000375,2024-01-03,남자,60 - 64세,서울특별시,일반판매,대형승용자동차,계약불이행(불완전이행)
2024000377,2024-01-03,남자,40 - 49세,대구광역시,국내온라인거래,굴,계약불이행(불완전이행)
2024000378,2024-01-03,여자,60 - 64세,세종특별자치시,국내온라인거래,스팀다리미,AS불만
2024000379,2024-01-03,남자,30 - 39세,서울특별시,국내온라인거래,침대,청약철회
2024000380,2024-01-03,여자,50 - 59세,전라북도,기타통신판매,유사투자자문,계약해제.해지/위약금
2024000381,2024-01-03,여자,65 - 69세,서울특별시,기타통신판매,국외여행,계약해제.해지/위약금
2024000382,2024-01-03,여자,40 - 49세,서울특별시,국내온라인거래,천연피혁의류,품질(물품/용역)
2024000383,2024-01-03,남자,30 - 39세,충청남도,모바일거래,전동킥보드,청약철회
2024000384,2024-01-11,여자,40 - 49세,경기도,일반판매,양복(서양식 의복)세탁,품질(물품/용역)
2024000385,2024-01-03,남자,20 - 29세,경상북도,모바일거래,노트북컴퓨터,품질(물품/용역)
2024000386,2024-01-03,여자,50 - 59세,경기도,일반판매,헬스장,계약불이행(불완전이행)
2024000387,2024-01-03,여자,50 - 59세,서울특별시,국내온라인거래,국외여행,품질(물품/용역)
2024000388,2024-01-03,여자,40 - 49세,경기도,일반판매,기타해조류·해조류가공식품,품질(물품/용역)
2024000389,2024-01-11,여자,30 - 39세,서울특별시,국내온라인거래,기타의류·섬유,품질(물품/용역)
2024000390,2024-01-03,남자,70 - 79세,경상남도,일반판매,김치냉장고,품질(물품/용역)
2024000391,2024-01-03,남자,불명,인천광역시,국내온라인거래,항공여객운송서비스,계약해제.해지/위약금
2024000393,2024-01-03,여자,30 - 39세,경기도,모바일거래,국외여행,계약불이행(불완전이행)
2024000394,2024-01-03,여자,30 - 39세,충청남도,국내온라인거래,항공여객운송서비스,계약해제.해지/위약금
2024000396,2024-01-03,남자,30 - 39세,경기도,일반판매,자동차수리·점검,품질(물품/용역)
2024000397,2024-01-03,남자,30 - 39세,서울특별시,일반판매,기타음향기기,청약철회
2024000399,2024-01-03,남자,70 - 79세,서울특별시,국내온라인거래,스포츠음료,계약불이행(불완전이행)
2024000400,2024-01-03,남자,70 - 79세,경기도,전화권유판매,유사투자자문,계약해제.해지/위약금
2024000401,2024-01-03,남자,50 - 59세,경기도,일반판매,중형승용자동차,AS불만
2024000402,2024-01-03,남자,20 - 29세,경기도,국내온라인거래,점퍼·재킷류,청약철회
2024000403,2024-01-15,여자,50 - 59세,경기도,일반판매,니트(스웨터),품질(물품/용역)
2024000404,2024-01-03,여자,40 - 49세,서울특별시,일반판매,안경·안경테,품질(물품/용역)
2024000405,2024-01-03,여자,20 - 29세,경기도,일반판매,전기자동차,품질(물품/용역)
2024000407,2024-01-11,여자,30 - 39세,경기도,일반판매,원피스,품질(물품/용역)
2024000409,2024-01-03,여자,65 - 69세,경기도,일반판매,자동차대여(렌트),AS불만
2024000410,2024-01-15,남자,20 - 29세,대구광역시,일반판매,니트(스웨터),품질(물품/용역)
2024000412,2024-01-03,여자,30 - 39세,경기도,일반판매,헬스장,계약해제.해지/위약금
2024000413,2024-01-03,남자,80세이상,경기도,기타통신판매,우유,계약해제.해지/위약금
2024000414,2024-01-03,여자,60 - 64세,경기도,일반판매,헬스장,계약해제.해지/위약금
2024000415,2024-01-03,여자,20 - 29세,서울특별시,일반판매,헬스장,계약해제.해지/위약금
2024000416,2024-01-15,여자,40 - 49세,부산광역시,일반판매,피혁세탁,품질(물품/용역)
2024000417,2024-01-03,남자,60 - 64세,경상남도,국내온라인거래,기타자동차용품,계약불이행(불완전이행)
2024000419,2024-01-03,여자,30 - 39세,경기도,일반판매,기타의료용구,품질(물품/용역)
2024000420,2024-01-03,남자,40 - 49세,부산광역시,소셜커머스(쇼핑),감귤,계약불이행(불완전이행)
2024000421,2024-01-03,여자,40 - 49세,경기도,일반판매,미분류대여(렌트),계약불이행(불완전이행)
2024000422,2024-01-11,여자,40 - 49세,경기도,국내온라인거래,점퍼·재킷류,품질(물품/용역)
2024000423,2024-01-03,남자,50 - 59세,경기도,일반판매,자동차대여(렌트),품질(물품/용역)
2024000424,2024-01-03,여자,50 - 59세,서울특별시,국내온라인거래,점퍼·재킷류,청약철회
2024000425,2024-01-15,여자,40 - 49세,충청북도,일반판매,양복(서양식 의복)세탁,품질(물품/용역)
2024000426,2024-01-03,여자,40 - 49세,인천광역시,전화권유판매,기타매체광고,계약불이행(불완전이행)
2024000427,2024-01-03,여자,50 - 59세,경기도,일반판매,기타사설강습서비스,계약해제.해지/위약금
2024000428,2024-01-03,남자,30 - 39세,울산광역시,일반판매,애완고양이,계약불이행(불완전이행)
2024000429,2024-01-03,여자,10 - 19세,경상북도,국내온라인거래,항공여객운송서비스,계약해제.해지/위약금
2024000430,2024-01-03,여자,30 - 39세,서울특별시,국내온라인거래,작동완구,품질(물품/용역)
2024000431,2024-01-03,남자,20 - 29세,경기도,일반판매,치과,품질(물품/용역)
2024000432,2024-01-03,여자,40 - 49세,서울특별시,일반판매,빵,안전(제품/시설)
2024000433,2024-01-03,남자,65 - 69세,서울특별시,일반판매,신경외과,품질(물품/용역)
2024000434,2024-01-03,남자,30 - 39세,인천광역시,전화권유판매,공기청정기,청약철회
2024000435,2024-01-03,남자,30 - 39세,광주광역시,일반판매,예식서비스,계약불이행(불완전이행)
2024000436,2024-01-03,여자,40 - 49세,인천광역시,국내온라인거래,보석·귀금속,청약철회
2024000437,2024-01-03,여자,40 - 49세,대전광역시,일반판매,치과,품질(물품/용역)
2024000438,2024-01-03,여자,50 - 59세,대전광역시,방문판매,실손보험,계약불이행(불완전이행)
2024000439,2024-01-03,남자,30 - 39세,광주광역시,일반판매,응급의학과,품질(물품/용역)
2024000441,2024-01-03,여자,50 - 59세,인천광역시,일반판매,고시원이용,계약해제.해지/위약금
2024000442,2024-01-03,여자,50 - 59세,서울특별시,모바일거래,점퍼·재킷류,청약철회
2024000443,2024-01-03,남자,30 - 39세,경기도,일반판매,예식서비스,가격.요금
2024000444,2024-01-03,남자,40 - 49세,서울특별시,모바일거래,자동차대여(렌트),계약해제.해지/위약금
2024000445,2024-01-03,여자,20 - 29세,경기도,기타통신판매,기타숙박시설,계약해제.해지/위약금
2024000446,2024-01-03,남자,30 - 39세,서울특별시,기타,한의원,계약해제.해지/위약금
2024000447,2024-01-03,여자,20 - 29세,경기도,기타,성형외과,품질(물품/용역)
2024000448,2024-01-03,여자,50 - 59세,경상남도,일반판매,실손보험,계약불이행(불완전이행)
2024000449,2024-01-03,남자,40 - 49세,광주광역시,국내온라인거래,기타자동차부품,표시.광고
2024000450,2024-01-03,여자,50 - 59세,경상북도,국내온라인거래,기타숙박시설,계약해제.해지/위약금
2024000451,2024-01-03,여자,70 - 79세,서울특별시,일반판매,기타가구,계약해제.해지/위약금
2024000452,2024-01-03,남자,40 - 49세,충청북도,국내온라인거래,혼합견과류,품질(물품/용역)
2024000453,2024-01-03,남자,50 - 59세,전라북도,국내온라인거래,헤어드라이어,청약철회
2024000454,2024-01-03,여자,50 - 59세,서울특별시,일반판매,공중목욕탕,청약철회
2024000455,2024-01-03,남자,30 - 39세,경기도,일반판매,건물청소서비스,계약해제.해지/위약금
2024000456,2024-01-03,남자,40 - 49세,경기도,국내온라인거래,절단기,청약철회
2024000457,2024-01-03,남자,30 - 39세,서울특별시,모바일거래,자동차대여(렌트),부당행위
2024000458,2024-01-03,여자,30 - 39세,제주도,국내온라인거래,기타숙박시설,계약해제.해지/위약금
2024000459,2024-01-03,여자,30 - 39세,경기도,기타통신판매,필라테스,계약불이행(불완전이행)
2024000460,2024-01-03,남자,30 - 39세,서울특별시,국내온라인거래,통신기기주변장치,AS불만
2024000461,2024-01-03,남자,30 - 39세,대구광역시,국내온라인거래,기타완구·인형,품질(물품/용역)
2024000462,2024-01-03,여자,30 - 39세,서울특별시,국내온라인거래,기타식탁용품,품질(물품/용역)
2024000463,2024-01-03,여자,20 - 29세,제주도,일반판매,의상대여(렌트),계약해제.해지/위약금
2024000464,2024-01-03,남자,50 - 59세,서울특별시,기타,TV,부당행위
2024000465,2024-01-03,남자,50 - 59세,대구광역시,일반판매,인터넷정보이용서비스,부당행위
2024000466,2024-01-03,여자,20 - 29세,전라북도,일반판매,미용서비스,계약불이행(불완전이행)
2024000467,2024-01-03,여자,50 - 59세,경기도,일반판매,필라테스,계약해제.해지/위약금
2024000468,2024-01-03,여자,20 - 29세,경기도,기타,기타숙박시설,품질(물품/용역)
2024000469,2024-01-03,여자,40 - 49세,경상남도,국내온라인거래,택배화물운송서비스,품질(물품/용역)
2024000470,2024-01-03,여자,40 - 49세,경상남도,국내온라인거래,트레이닝기구,품질(물품/용역)
2024000471,2024-01-03,남자,30 - 39세,서울특별시,일반판매,헬스장,계약해제.해지/위약금
2024000472,2024-01-03,여자,40 - 49세,광주광역시,일반판매,전기장판,품질(물품/용역)
2024000473,2024-01-03,여자,30 - 39세,충청북도,방문판매,기타매체광고,계약해제.해지/위약금
2024000474,2024-01-03,남자,30 - 39세,경기도,기타,자동차대여(렌트),부당행위
2024000475,2024-01-03,여자,30 - 39세,경기도,기타,결혼준비대행서비스,청약철회
2024000476,2024-01-03,여자,50 - 59세,대전광역시,일반판매,항공여객운송서비스,계약불이행(불완전이행)
2024000477,2024-01-03,여자,40 - 49세,충청남도,기타,스포츠시설이용,청약철회
2024000478,2024-01-03,여자,30 - 39세,서울특별시,모바일거래,호텔,법.제도
2024000479,2024-01-03,여자,20 - 29세,경기도,국제온라인거래,항공여객운송서비스,가격.요금
2024000480,2024-01-03,남자,30 - 39세,광주광역시,기타,이동전화서비스,계약불이행(불완전이행)
2024000481,2024-01-03,여자,40 - 49세,경기도,일반판매,선글라스,계약해제.해지/위약금
2024000482,2024-01-03,남자,40 - 49세,부산광역시,국내온라인거래,국내여행,부당행위
2024000483,2024-01-03,남자,20 - 29세,서울특별시,전화권유판매,기타미분류서비스,부당행위
2024000484,2024-01-03,여자,20 - 29세,서울특별시,일반판매,미용서비스,품질(물품/용역)
2024000485,2024-01-03,남자,50 - 59세,광주광역시,국내온라인거래,캐주얼바지,청약철회
2024000486,2024-01-03,여자,30 - 39세,충청남도,국내온라인거래,기타숙박시설,계약해제.해지/위약금
2024000487,2024-01-03,남자,40 - 49세,인천광역시,국내온라인거래,캐주얼바지,청약철회
2024000488,2024-01-03,여자,40 - 49세,인천광역시,일반판매,이동전화서비스,계약불이행(불완전이행)
2024000489,2024-01-03,여자,20 - 29세,경기도,일반판매,일반강습(입시학원등),표시.광고
2024000490,2024-01-03,여자,20 - 29세,서울특별시,국내온라인거래,원피스,청약철회
2024000491,2024-01-03,여자,20 - 29세,제주도,방문판매,헬스장,계약불이행(불완전이행)
2024000492,2024-01-03,남자,30 - 39세,서울특별시,국내온라인거래,스포츠시설이용,계약해제.해지/위약금
2024000493,2024-01-03,여자,30 - 39세,대구광역시,기타통신판매,핸드백,품질(물품/용역)
2024000494,2024-01-03,여자,30 - 39세,서울특별시,국내온라인거래,기타보건·위생용품,청약철회
2024000495,2024-01-03,남자,30 - 39세,경기도,국내온라인거래,기타의류·섬유,표시.광고
2024000496,2024-01-03,여자,50 - 59세,울산광역시,소셜커머스(쇼핑),주전자,계약해제.해지/위약금
2024000497,2024-01-03,여자,30 - 39세,서울특별시,국내온라인거래,국내결혼중개,계약해제.해지/위약금
2024000498,2024-01-03,여자,40 - 49세,울산광역시,국내온라인거래,점퍼·재킷류,청약철회
2024000499,2024-01-03,남자,40 - 49세,경기도,국내온라인거래,기타미분류서비스,계약해제.해지/위약금
2024000500,2024-01-03,여자,40 - 49세,서울특별시,전화권유판매,이동전화서비스,계약불이행(불완전이행)
2024000501,2024-01-03,여자,40 - 49세,충청남도,일반판매,애완동물기타,계약해제.해지/위약금
2024000502,2024-01-03,여자,30 - 39세,서울특별시,방문판매,필라테스,계약해제.해지/위약금
2024000503,2024-01-03,여자,20 - 29세,인천광역시,일반판매,헬스장,계약해제.해지/위약금
2024000504,2024-01-03,남자,40 - 49세,부산광역시,국내온라인거래,이동전화서비스,부당행위
2024000505,2024-01-03,남자,30 - 39세,충청북도,일반판매,골프회원권,계약해제.해지/위약금
2024000506,2024-01-03,남자,30 - 39세,대구광역시,기타,아파트,표시.광고
2024000507,2024-01-03,남자,50 - 59세,경기도,TV홈쇼핑,국외여행,계약불이행(불완전이행)
2024000508,2024-01-03,남자,30 - 39세,인천광역시,기타,항공여객운송서비스,품질(물품/용역)
2024000509,2024-01-03,남자,40 - 49세,경기도,기타,기타육류·육류가공식품,품질(물품/용역)
2024000510,2024-01-03,남자,30 - 39세,경기도,일반판매,헬스장,계약해제.해지/위약금
2024000511,2024-01-03,여자,20 - 29세,충청북도,일반판매,필라테스,계약불이행(불완전이행)
2024000512,2024-01-03,여자,50 - 59세,서울특별시,국내온라인거래,기타일반화장품,청약철회
2024000513,2024-01-03,남자,40 - 49세,부산광역시,국내온라인거래,항공여객운송서비스,표시.광고
2024000514,2024-01-03,남자,30 - 39세,경상남도,국내온라인거래,인터넷교육서비스,계약해제.해지/위약금
2024000515,2024-01-03,남자,30 - 39세,서울특별시,소셜커머스(쇼핑),기타조명기기,품질(물품/용역)
2024000516,2024-01-03,여자,50 - 59세,경기도,국제온라인거래,기타의류·섬유,품질(물품/용역)
2024000517,2024-01-03,여자,20 - 29세,충청남도,국내온라인거래,국외여행,계약불이행(불완전이행)
2024000518,2024-01-03,남자,40 - 49세,경기도,기타통신판매,일반강습(입시학원등),부당행위
2024000519,2024-01-03,남자,50 - 59세,경상북도,모바일거래,기타회원권,계약불이행(불완전이행)
2024000520,2024-01-03,여자,20 - 29세,경기도,방문판매,결혼준비대행서비스,계약해제.해지/위약금
2024000521,2024-01-03,여자,30 - 39세,충청북도,모바일거래,기타교육서비스,계약해제.해지/위약금
2024000522,2024-01-03,남자,30 - 39세,대구광역시,국내온라인거래,볼링용품,청약철회
2024000523,2024-01-03,여자,30 - 39세,부산광역시,일반판매,헬스장,계약해제.해지/위약금
2024000524,2024-01-03,여자,40 - 49세,경기도,전화권유판매,이동전화서비스,가격.요금
2024000525,2024-01-03,여자,40 - 49세,경기도,국내온라인거래,호텔,청약철회
2024000526,2024-01-03,여자,30 - 39세,경기도,일반판매,소파,품질(물품/용역)
2024000527,2024-01-03,여자,20 - 29세,제주도,기타통신판매,인터넷교육서비스,계약해제.해지/위약금
2024000528,2024-01-03,여자,40 - 49세,경기도,모바일거래,기타미분류서비스,거래관행
2024000529,2024-01-03,남자,30 - 39세,서울특별시,국내온라인거래,통신기기주변장치,AS불만
2024000530,2024-01-03,남자,30 - 39세,서울특별시,모바일거래,모바일정보이용서비스,가격.요금
2024000531,2024-01-03,남자,40 - 49세,경기도,기타,택배화물운송서비스,계약불이행(불완전이행)
2024000532,2024-01-03,남자,40 - 49세,서울특별시,일반판매,헤드폰·이어폰,AS불만
2024000533,2024-01-03,남자,20 - 29세,경기도,국내온라인거래,인터넷게임서비스,부당행위
2024000534,2024-01-03,여자,50 - 59세,서울특별시,일반판매,아파트,계약불이행(불완전이행)
2024000535,2024-01-03,남자,20 - 29세,충청남도,국내온라인거래,기타식품류,계약불이행(불완전이행)
2024000536,2024-01-03,여자,40 - 49세,경상남도,국내온라인거래,기타이·미용기구,계약해제.해지/위약금
2024000537,2024-01-03,여자,30 - 39세,경기도,국내온라인거래,카메라부품·용품,청약철회
2024000538,2024-01-03,남자,20 - 29세,서울특별시,기타,인터넷게임서비스,단순문의.상담
2024000539,2024-01-03,남자,30 - 39세,서울특별시,방문판매,도배공사,품질(물품/용역)
2024000540,2024-01-03,남자,30 - 39세,경기도,국내온라인거래,스마트폰,품질(물품/용역)
2024000541,2024-01-03,여자,30 - 39세,대구광역시,국내온라인거래,다이어트식품,청약철회
2024000542,2024-01-03,남자,50 - 59세,대전광역시,기타,국내결혼중개,계약해제.해지/위약금
2024000543,2024-01-03,남자,30 - 39세,경기도,노상판매,기타인테리어설비,AS불만
2024000544,2024-01-03,남자,30 - 39세,전라남도,모바일거래,점퍼·재킷류,청약철회
2024000545,2024-01-03,남자,30 - 39세,경상남도,기타,기타미분류물품,품질(물품/용역)
2024000546,2024-01-03,여자,30 - 39세,경기도,국내온라인거래,스포츠웨어,청약철회
2024000547,2024-01-03,여자,30 - 39세,광주광역시,일반판매,기타세탁서비스,단순문의.상담
2024000548,2024-01-03,남자,50 - 59세,경기도,일반판매,고시원이용,계약해제.해지/위약금
2024000549,2024-01-03,남자,40 - 49세,세종특별자치시,소셜커머스(쇼핑),국외여행,청약철회
2024000550,2024-01-03,남자,40 - 49세,대구광역시,일반판매,도어록,AS불만
2024000551,2024-01-03,여자,20 - 29세,서울특별시,일반판매,필라테스,계약해제.해지/위약금
2024000552,2024-01-03,여자,30 - 39세,충청남도,기타,음식물처리기,계약해제.해지/위약금
2024000553,2024-01-03,남자,50 - 59세,서울특별시,국내온라인거래,국외여행,가격.요금
2024000554,2024-01-03,남자,30 - 39세,제주도,일반판매,국내결혼중개,계약해제.해지/위약금
2024000555,2024-01-03,여자,40 - 49세,서울특별시,국내온라인거래,전기맛사지기,청약철회
2024000556,2024-01-03,남자,50 - 59세,서울특별시,TV홈쇼핑,국외여행,계약불이행(불완전이행)
2024000557,2024-01-03,남자,30 - 39세,경기도,기타,기타미분류서비스,계약해제.해지/위약금
2024000558,2024-01-03,남자,30 - 39세,경기도,일반판매,이동전화서비스,계약해제.해지/위약금
2024000559,2024-01-03,여자,30 - 39세,경기도,국내온라인거래,전기온수기,AS불만
2024000560,2024-01-03,남자,10 - 19세,경기도,국제온라인거래,인터넷정보이용서비스,부당행위
2024000561,2024-01-03,여자,30 - 39세,경기도,국내온라인거래,기타숙박시설,계약해제.해지/위약금
2024000562,2024-01-03,여자,20 - 29세,인천광역시,일반판매,종합체육시설회원권,계약해제.해지/위약금
2024000563,2024-01-03,여자,30 - 39세,전라남도,모바일거래,항공여객운송서비스,계약해제.해지/위약금
2024000564,2024-01-03,여자,30 - 39세,서울특별시,일반판매,수영장회원권,계약해제.해지/위약금
2024000565,2024-01-03,남자,30 - 39세,광주광역시,전화권유판매,기타매체광고,계약불이행(불완전이행)
2024000566,2024-01-03,여자,40 - 49세,서울특별시,방문판매,침대,청약철회
2024000567,2024-01-03,여자,50 - 59세,충청남도,국내온라인거래,초음파방충기,계약해제.해지/위약금
2024000568,2024-01-03,여자,50 - 59세,울산광역시,국내온라인거래,기타의류·섬유,표시.광고
2024000569,2024-01-03,남자,30 - 39세,대전광역시,기타통신판매,태블릿PC,부당행위
2024000570,2024-01-03,여자,30 - 39세,경기도,국내온라인거래,컵,청약철회
2024000571,2024-01-03,여자,40 - 49세,서울특별시,일반판매,양복(서양식 의복)세탁,계약불이행(불완전이행)
2024000572,2024-01-03,여자,30 - 39세,서울특별시,국내온라인거래,항공여객운송서비스,부당행위
2024000573,2024-01-03,여자,30 - 39세,인천광역시,국내온라인거래,기타인테리어설비,품질(물품/용역)
2024000574,2024-01-03,여자,20 - 29세,서울특별시,국내온라인거래,여자용내의류,청약철회
2024000575,2024-01-03,남자,50 - 59세,전라북도,기타,전기온수장판,부당행위
2024000576,2024-01-03,남자,30 - 39세,서울특별시,국내온라인거래,트레이닝기구,AS불만
2024000577,2024-01-03,여자,20 - 29세,경기도,소셜커머스(쇼핑),항공여객운송서비스,계약불이행(불완전이행)
2024000578,2024-01-04,여자,20 - 29세,서울특별시,방문판매,피부·체형관리서비스,계약해제.해지/위약금
2024000579,2024-01-04,남자,30 - 39세,서울특별시,일반판매,예식서비스,청약철회
2024000580,2024-01-04,남자,불명,경기도,국내온라인거래,기타의류·섬유,청약철회
2024000581,2024-01-04,여자,20 - 29세,서울특별시,일반판매,산후조리원,계약해제.해지/위약금
2024000582,2024-01-04,남자,50 - 59세,서울특별시,기타통신판매,캐주얼바지,품질(물품/용역)
2024000583,2024-01-04,남자,50 - 59세,서울특별시,국내온라인거래,스피커,계약불이행(불완전이행)
2024000585,2024-01-11,여자,60 - 64세,서울특별시,일반판매,양복(서양식 의복)세탁,품질(물품/용역)
2024000586,2024-01-04,여자,50 - 59세,경기도,일반판매,차량용블랙박스,계약해제.해지/위약금
2024000588,2024-01-04,여자,40 - 49세,경기도,국내온라인거래,기타문화·오락시설이용,계약해제.해지/위약금
2024000589,2024-01-04,여자,40 - 49세,해외 및 기타,기타,이동전화서비스,계약불이행(불완전이행)
2024000590,2024-01-04,남자,20 - 29세,서울특별시,일반판매,애완견,품질(물품/용역)
2024000592,2024-01-04,남자,65 - 69세,경기도,국내온라인거래,부엌용합성세제,계약불이행(불완전이행)
2024000593,2024-01-04,남자,50 - 59세,충청북도,일반판매,농기계수리업,계약불이행(불완전이행)
2024000594,2024-01-04,여자,40 - 49세,광주광역시,일반판매,자동차수리·점검,품질(물품/용역)
2024000595,2024-01-04,남자,60 - 64세,서울특별시,국내온라인거래,전기장판,AS불만
2024000596,2024-01-04,남자,10 - 19세,서울특별시,일반판매,메모리,청약철회
2024000597,2024-01-04,여자,50 - 59세,인천광역시,일반판매,미용서비스,품질(물품/용역)
2024000598,2024-01-04,여자,20 - 29세,대구광역시,국내온라인거래,항공여객운송서비스,계약불이행(불완전이행)
2024000599,2024-01-04,남자,30 - 39세,서울특별시,소셜커머스(쇼핑),전기진공청소기,품질(물품/용역)
2024000601,2024-01-22,남자,20 - 29세,경기도,국내온라인거래,등산화,품질(물품/용역)
2024000602,2024-01-22,여자,30 - 39세,경상남도,일반판매,운동화,품질(물품/용역)
2024000603,2024-01-22,여자,50 - 59세,제주도,일반판매,운동화,품질(물품/용역)
2024000604,2024-01-22,여자,40 - 49세,부산광역시,일반판매,샌들·슬리퍼,품질(물품/용역)
2024000605,2024-01-22,여자,40 - 49세,경상북도,국내온라인거래,운동화,품질(물품/용역)
2024000606,2024-01-22,남자,40 - 49세,경상남도,일반판매,운동화,품질(물품/용역)
2024000607,2024-01-22,여자,50 - 59세,서울특별시,일반판매,신발세탁,품질(물품/용역)
2024000608,2024-01-04,남자,30 - 39세,경기도,일반판매,헬스장,계약불이행(불완전이행)
2024000609,2024-01-04,여자,40 - 49세,서울특별시,국내온라인거래,식탁,계약불이행(불완전이행)
2024000610,2024-01-04,여자,40 - 49세,인천광역시,전화권유판매,기타매체광고,계약해제.해지/위약금
2024000611,2024-01-04,여자,60 - 64세,서울특별시,국내온라인거래,쌀,계약불이행(불완전이행)
2024000612,2024-01-04,여자,20 - 29세,서울특별시,일반판매,택배화물운송서비스,품질(물품/용역)
2024000613,2024-01-04,남자,20 - 29세,울산광역시,국내온라인거래,기타통신기기,청약철회
2024000614,2024-01-04,여자,30 - 39세,인천광역시,일반판매,결혼준비대행서비스,계약해제.해지/위약금
2024000615,2024-01-04,여자,40 - 49세,경기도,일반판매,초고속인터넷,계약해제.해지/위약금
2024000616,2024-01-04,여자,50 - 59세,강원특별자치도,일반판매,중형승용자동차,AS불만
2024000617,2024-01-04,여자,20 - 29세,서울특별시,국내온라인거래,인터넷게임서비스,계약불이행(불완전이행)
2024000618,2024-01-04,여자,65 - 69세,광주광역시,일반판매,실손보험,계약불이행(불완전이행)
2024000619,2024-01-04,여자,50 - 59세,대구광역시,국내온라인거래,건강(암·기타질병)보험,계약불이행(불완전이행)
2024000620,2024-01-04,여자,30 - 39세,경기도,기타통신판매,애완동·식물용품,계약불이행(불완전이행)
2024000621,2024-01-04,여자,60 - 64세,경기도,국내온라인거래,쌀통,품질(물품/용역)
2024000622,2024-01-04,여자,40 - 49세,경기도,일반판매,유선방송,계약불이행(불완전이행)
2024000623,2024-01-04,여자,40 - 49세,경기도,일반판매,실손보험,계약불이행(불완전이행)
2024000624,2024-01-04,여자,20 - 29세,경기도,일반판매,양복(서양식 의복)세탁,부당행위
2024000625,2024-01-04,여자,40 - 49세,전라북도,일반판매,항공여객운송서비스,가격.요금
2024000626,2024-01-04,남자,40 - 49세,서울특별시,국내온라인거래,항공여객운송서비스,거래관행
2024000628,2024-01-11,남자,50 - 59세,서울특별시,국내온라인거래,신사복세트,품질(물품/용역)
2024000629,2024-01-04,여자,20 - 29세,인천광역시,일반판매,필라테스,계약해제.해지/위약금
2024000630,2024-01-04,남자,40 - 49세,서울특별시,일반판매,헬스장,계약해제.해지/위약금
2024000631,2024-01-04,남자,30 - 39세,서울특별시,방문판매,헬스장,계약해제.해지/위약금
2024000632,2024-01-04,남자,30 - 39세,서울특별시,일반판매,헬스장,계약해제.해지/위약금
2024000633,2024-01-04,여자,30 - 39세,경기도,일반판매,종합체육시설회원권,계약해제.해지/위약금
2024000634,2024-01-04,여자,20 - 29세,경기도,일반판매,필라테스,계약해제.해지/위약금
2024000635,2024-01-04,여자,30 - 39세,경상북도,일반판매,선글라스,품질(물품/용역)
2024000636,2024-01-04,여자,70 - 79세,대전광역시,기타통신판매,포장이사운송서비스,계약불이행(불완전이행)
2024000637,2024-01-04,여자,30 - 39세,경기도,일반판매,필라테스,계약해제.해지/위약금
2024000638,2024-01-04,남자,30 - 39세,서울특별시,국내온라인거래,기타미분류서비스,계약해제.해지/위약금
2024000639,2024-01-04,여자,20 - 29세,서울특별시,일반판매,헬스장,계약해제.해지/위약금
2024000640,2024-01-04,여자,30 - 39세,서울특별시,일반판매,헬스장,계약해제.해지/위약금
2024000641,2024-01-04,여자,60 - 64세,경기도,일반판매,필라테스,계약해제.해지/위약금
2024000642,2024-01-04,남자,40 - 49세,충청남도,일반판매,대형승용자동차,품질(물품/용역)
2024000643,2024-01-04,여자,40 - 49세,대전광역시,국내온라인거래,기타가구,청약철회
2024000645,2024-01-04,남자,50 - 59세,경기도,방문판매,미분류대여(렌트),계약해제.해지/위약금
2024000646,2024-01-04,여자,60 - 64세,서울특별시,방문판매,전기장판,품질(물품/용역)
2024000647,2024-01-04,남자,20 - 29세,경기도,국내온라인거래,자동차주차장,계약불이행(불완전이행)
2024000648,2024-01-04,여자,50 - 59세,경기도,기타통신판매,초고속인터넷,부당행위
2024000649,2024-01-04,남자,30 - 39세,경상남도,국내온라인거래,기타숙박시설,계약해제.해지/위약금
2024000650,2024-01-04,여자,20 - 29세,충청북도,일반판매,결혼준비대행서비스,계약해제.해지/위약금
2024000651,2024-01-04,남자,30 - 39세,대전광역시,일반판매,헬스장,계약해제.해지/위약금
2024000652,2024-01-04,남자,20 - 29세,서울특별시,방문판매,헬스장,계약해제.해지/위약금
2024000653,2024-01-04,남자,20 - 29세,대구광역시,국내온라인거래,항공여객운송서비스,계약불이행(불완전이행)
2024000654,2024-01-04,여자,30 - 39세,서울특별시,기타,필라테스,계약해제.해지/위약금
2024000655,2024-01-04,남자,50 - 59세,서울특별시,기타통신판매,기타매체광고,계약불이행(불완전이행)
2024000656,2024-01-04,여자,30 - 39세,경기도,일반판매,헬스장,품질(물품/용역)
2024000657,2024-01-04,여자,20 - 29세,대전광역시,일반판매,스포츠시설이용,계약해제.해지/위약금
2024000658,2024-01-04,여자,30 - 39세,서울특별시,일반판매,헬스장,계약해제.해지/위약금
2024000659,2024-01-04,남자,65 - 69세,경기도,기타통신판매,"OTT서비스(넷플릭스,왓챠 등)",부당행위
2024000660,2024-01-04,남자,20 - 29세,경기도,일반판매,헬스장,계약해제.해지/위약금
2024000661,2024-01-04,여자,30 - 39세,서울특별시,일반판매,필라테스,계약해제.해지/위약금
2024000662,2024-01-04,여자,20 - 29세,경기도,모바일거래,외국어강습,계약해제.해지/위약금
2024000663,2024-01-04,남자,40 - 49세,경기도,일반판매,헬스장,부당행위
2024000664,2024-01-04,여자,20 - 29세,인천광역시,방문판매,결혼준비대행서비스,계약해제.해지/위약금
2024000666,2024-01-04,여자,40 - 49세,광주광역시,국내온라인거래,호텔,계약해제.해지/위약금
2024000668,2024-01-04,여자,50 - 59세,경기도,국내온라인거래,TV,품질(물품/용역)
2024000669,2024-01-15,여자,30 - 39세,경기도,국내온라인거래,운동용가방,품질(물품/용역)
2024000670,2024-01-04,남자,30 - 39세,제주도,일반판매,자동차수리·점검,품질(물품/용역)
2024000671,2024-01-04,남자,30 - 39세,전라북도,국내온라인거래,통신기기주변장치,AS불만
2024000672,2024-01-12,남자,30 - 39세,서울특별시,일반판매,점퍼·재킷류,품질(물품/용역)
2024000673,2024-01-04,여자,30 - 39세,경기도,일반판매,헬스장,계약해제.해지/위약금
2024000674,2024-01-04,여자,10 - 19세,경기도,일반판매,헬스장,계약해제.해지/위약금
2024000675,2024-01-04,남자,불명,경상북도,전화권유판매,유사투자자문,계약해제.해지/위약금
2024000677,2024-01-11,여자,40 - 49세,서울특별시,일반판매,점퍼·재킷류,품질(물품/용역)
2024000678,2024-01-04,남자,40 - 49세,제주도,기타,치과,품질(물품/용역)
2024000680,2024-01-04,여자,20 - 29세,충청남도,일반판매,인터넷정보이용서비스,계약해제.해지/위약금
2024000681,2024-01-04,남자,70 - 79세,충청남도,기타통신판매,기타건강식품,표시.광고
2024000682,2024-01-04,여자,20 - 29세,경기도,모바일거래,중고자동차중개·매매,품질(물품/용역)
2024000683,2024-01-04,남자,30 - 39세,경상남도,일반판매,소형승용자동차,품질(물품/용역)
2024000684,2024-01-04,남자,20 - 29세,대전광역시,일반판매,애완견,품질(물품/용역)
2024000685,2024-01-04,여자,30 - 39세,서울특별시,국내온라인거래,기타조명기기,안전(제품/시설)
2024000686,2024-01-04,여자,50 - 59세,서울특별시,국내온라인거래,작동완구,청약철회
2024000687,2024-01-04,여자,20 - 29세,서울특별시,일반판매,유통시설이용,안전(제품/시설)
2024000688,2024-01-11,여자,40 - 49세,충청남도,일반판매,양복(서양식 의복)세탁,품질(물품/용역)
2024000689,2024-01-04,여자,40 - 49세,서울특별시,국내온라인거래,미술전시관람,청약철회
2024000690,2024-01-04,여자,60 - 64세,경기도,일반판매,자동차대여(렌트),부당채권추심
2024000691,2024-01-04,남자,30 - 39세,서울특별시,국내온라인거래,기타책상·테이블류,청약철회
2024000693,2024-01-04,남자,40 - 49세,경상북도,일반판매,기타미분류물품,품질(물품/용역)
2024000694,2024-01-04,남자,30 - 39세,서울특별시,일반판매,헬스장,계약해제.해지/위약금
2024000695,2024-01-04,여자,30 - 39세,경기도,일반판매,호텔,품질(물품/용역)
2024000696,2024-01-04,남자,30 - 39세,경기도,일반판매,기타자동차용품,계약불이행(불완전이행)
2024000697,2024-01-04,여자,30 - 39세,서울특별시,방문판매,기타매체광고,계약해제.해지/위약금
2024000698,2024-01-04,여자,60 - 64세,대구광역시,국내온라인거래,숙녀복세트,계약불이행(불완전이행)
2024000699,2024-01-04,여자,50 - 59세,전라북도,일반판매,건강(암·기타질병)보험,약관
2024000701,2024-01-04,여자,30 - 39세,부산광역시,국내온라인거래,레인지후드,청약철회
2024000702,2024-01-04,여자,60 - 64세,인천광역시,기타,전기세탁기,AS불만
2024000704,2024-01-04,여자,30 - 39세,경기도,국내온라인거래,기타가사용품,안전(제품/시설)
2024000706,2024-01-04,남자,50 - 59세,경기도,기타,국외여행,계약해제.해지/위약금
2024000707,2024-01-04,남자,40 - 49세,서울특별시,기타,정형외과,품질(물품/용역)
2024000708,2024-01-04,여자,30 - 39세,서울특별시,기타,예식서비스,계약해제.해지/위약금
2024000709,2024-01-04,남자,65 - 69세,광주광역시,국내온라인거래,기타건강식품,표시.광고
2024000710,2024-01-04,여자,60 - 64세,인천광역시,일반판매,보석·귀금속,계약불이행(불완전이행)
2024000711,2024-01-04,남자,30 - 39세,서울특별시,일반판매,헬스장,계약해제.해지/위약금
2024000712,2024-01-04,여자,60 - 64세,인천광역시,일반판매,헬스장,계약해제.해지/위약금
2024000713,2024-01-11,여자,40 - 49세,경기도,일반판매,점퍼·재킷류,품질(물품/용역)
2024000714,2024-01-04,남자,40 - 49세,대구광역시,일반판매,외식,계약불이행(불완전이행)
2024000715,2024-01-04,남자,60 - 64세,경상남도,전화권유판매,이동전화서비스,계약불이행(불완전이행)
2024000717,2024-01-11,남자,50 - 59세,경기도,일반판매,티셔츠,품질(물품/용역)
2024000718,2024-01-04,여자,50 - 59세,서울특별시,일반판매,필라테스,계약해제.해지/위약금
2024000719,2024-01-15,여자,50 - 59세,경기도,일반판매,기타모피·가죽의류,품질(물품/용역)
2024000720,2024-01-04,여자,50 - 59세,경기도,국내온라인거래,항공여객운송서비스,계약해제.해지/위약금
2024000721,2024-01-04,남자,50 - 59세,서울특별시,일반판매,건강(암·기타질병)보험,계약불이행(불완전이행)
2024000722,2024-01-04,남자,50 - 59세,서울특별시,일반판매,건강(암·기타질병)보험,계약불이행(불완전이행)
2024000723,2024-01-04,여자,50 - 59세,서울특별시,국내온라인거래,국외여행,계약해제.해지/위약금
2024000724,2024-01-04,남자,20 - 29세,경기도,국내온라인거래,호텔,표시.광고
2024000725,2024-01-11,여자,40 - 49세,서울특별시,일반판매,점퍼·재킷류,품질(물품/용역)
2024000726,2024-01-04,남자,80세이상,서울특별시,일반판매,묘지설비,계약해제.해지/위약금
2024000728,2024-01-04,남자,50 - 59세,부산광역시,일반판매,국외여행,계약해제.해지/위약금
2024000729,2024-01-11,여자,40 - 49세,경기도,국내온라인거래,티셔츠,품질(물품/용역)
2024000730,2024-01-04,여자,50 - 59세,경기도,일반판매,성형외과,계약해제.해지/위약금
2024000733,2024-01-04,남자,20 - 29세,서울특별시,방문판매,헬스장,계약해제.해지/위약금
2024000735,2024-01-04,여자,40 - 49세,경기도,일반판매,카셰어링,부당행위
2024000736,2024-01-04,여자,30 - 39세,제주도,일반판매,기타미분류서비스,계약불이행(불완전이행)
2024000737,2024-01-04,여자,30 - 39세,서울특별시,일반판매,택배화물운송서비스,계약불이행(불완전이행)
2024000738,2024-01-04,여자,30 - 39세,서울특별시,기타,호텔,계약해제.해지/위약금
2024000740,2024-01-04,남자,30 - 39세,경기도,국내온라인거래,기타가사용품,표시.광고
2024000742,2024-01-04,남자,30 - 39세,경기도,일반판매,기타가스·급배수설비,AS불만
2024000743,2024-01-04,남자,30 - 39세,경기도,모바일거래,여관(모텔),청약철회
2024000744,2024-01-04,여자,30 - 39세,강원특별자치도,일반판매,가구세트,청약철회
2024000745,2024-01-04,여자,50 - 59세,경기도,국내온라인거래,점퍼·재킷류,청약철회
2024000746,2024-01-04,여자,20 - 29세,충청남도,모바일거래,사진촬영,계약해제.해지/위약금
2024000747,2024-01-04,여자,30 - 39세,서울특별시,소셜커머스(쇼핑),스마트폰,거래관행
2024000748,2024-01-04,여자,20 - 29세,서울특별시,일반판매,점퍼·재킷류,청약철회
2024000749,2024-01-04,여자,20 - 29세,경기도,국내온라인거래,코트,품질(물품/용역)
2024000750,2024-01-04,여자,40 - 49세,경기도,국내온라인거래,항공여객운송서비스,부당행위
2024000751,2024-01-04,남자,40 - 49세,서울특별시,국내온라인거래,전기세탁기,AS불만
2024000752,2024-01-04,남자,30 - 39세,경기도,방문판매,국내결혼중개,계약해제.해지/위약금
2024000753,2024-01-04,남자,30 - 39세,서울특별시,국내온라인거래,니트(스웨터),청약철회
2024000754,2024-01-04,여자,30 - 39세,인천광역시,국제온라인거래,항공여객운송서비스,계약해제.해지/위약금
2024000755,2024-01-04,남자,20 - 29세,충청남도,국내온라인거래,티셔츠,계약해제.해지/위약금
2024000756,2024-01-04,여자,30 - 39세,서울특별시,국내온라인거래,가습기,품질(물품/용역)
2024000757,2024-01-04,여자,30 - 39세,경기도,국내온라인거래,기타숙박시설,안전(제품/시설)
2024000758,2024-01-04,남자,20 - 29세,경기도,일반판매,미용서비스,AS불만
2024000759,2024-01-04,여자,30 - 39세,서울특별시,국내온라인거래,티셔츠,청약철회
2024000760,2024-01-04,여자,60 - 64세,경기도,기타통신판매,정수기대여(렌트),계약불이행(불완전이행)
2024000761,2024-01-04,여자,20 - 29세,부산광역시,기타,미용서비스,계약불이행(불완전이행)
2024000762,2024-01-04,여자,30 - 39세,경상남도,일반판매,종합체육시설회원권,계약불이행(불완전이행)
2024000763,2024-01-04,남자,30 - 39세,경기도,국내온라인거래,운동화,계약불이행(불완전이행)
2024000764,2024-01-04,남자,60 - 64세,인천광역시,소셜커머스(쇼핑),침대,품질(물품/용역)
2024000765,2024-01-04,남자,30 - 39세,서울특별시,소셜커머스(쇼핑),캐주얼바지,품질(물품/용역)
2024000766,2024-01-04,여자,40 - 49세,광주광역시,일반판매,외식,계약불이행(불완전이행)
2024000767,2024-01-04,남자,40 - 49세,경기도,국제온라인거래,호텔,가격.요금
2024000768,2024-01-04,남자,30 - 39세,서울특별시,소셜커머스(쇼핑),호텔,계약해제.해지/위약금
2024000769,2024-01-04,여자,40 - 49세,서울특별시,소셜커머스(쇼핑),필기용구,청약철회
2024000770,2024-01-04,여자,50 - 59세,강원특별자치도,기타통신판매,화목보일러,안전(제품/시설)
2024000771,2024-01-04,남자,20 - 29세,서울특별시,방문판매,컴퓨터수리,품질(물품/용역)
2024000772,2024-01-04,남자,50 - 59세,대구광역시,국내온라인거래,운동화,부당행위
2024000773,2024-01-04,남자,40 - 49세,경상북도,국내온라인거래,펜션,계약해제.해지/위약금
2024000774,2024-01-04,남자,40 - 49세,경기도,국내온라인거래,호텔,계약불이행(불완전이행)
2024000775,2024-01-04,여자,30 - 39세,서울특별시,기타통신판매,필라테스,계약불이행(불완전이행)
2024000776,2024-01-04,남자,50 - 59세,대구광역시,국내온라인거래,점퍼·재킷류,청약철회
2024000777,2024-01-04,남자,30 - 39세,대구광역시,전화권유판매,인터넷정보이용서비스,표시.광고
2024000778,2024-01-04,남자,40 - 49세,대전광역시,국내온라인거래,기타가사용품,청약철회
2024000779,2024-01-04,여자,50 - 59세,서울특별시,일반판매,전기세탁기,계약불이행(불완전이행)
2024000780,2024-01-04,여자,30 - 39세,인천광역시,국제온라인거래,비디오카메라,표시.광고
2024000781,2024-01-04,여자,20 - 29세,강원특별자치도,모바일거래,항공여객운송서비스,청약철회
2024000782,2024-01-04,남자,30 - 39세,서울특별시,일반판매,정수기,계약불이행(불완전이행)
2024000783,2024-01-04,남자,30 - 39세,서울특별시,기타,컴퓨터수리,계약불이행(불완전이행)
2024000784,2024-01-04,여자,40 - 49세,서울특별시,일반판매,기타교육서비스,청약철회
2024000785,2024-01-04,남자,20 - 29세,서울특별시,방문판매,헬스장,계약해제.해지/위약금
2024000786,2024-01-04,여자,40 - 49세,서울특별시,소셜커머스(쇼핑),영양보충용제품,청약철회
2024000787,2024-01-04,남자,20 - 29세,서울특별시,일반판매,헬스장,계약해제.해지/위약금
2024000788,2024-01-04,남자,50 - 59세,경기도,일반판매,음식물처리기,AS불만
2024000789,2024-01-04,여자,20 - 29세,경기도,기타통신판매,기타숙박시설,청약철회
2024000790,2024-01-04,여자,30 - 39세,경기도,모바일거래,사진촬영,계약불이행(불완전이행)
2024000791,2024-01-04,남자,30 - 39세,경기도,소셜커머스(쇼핑),커피,단순문의.상담
2024000792,2024-01-04,여자,30 - 39세,대전광역시,국내온라인거래,기타내의류,청약철회
2024000793,2024-01-04,남자,40 - 49세,인천광역시,일반판매,스마트폰,AS불만
2024000794,2024-01-04,여자,30 - 39세,경기도,일반판매,필라테스,계약해제.해지/위약금
2024000795,2024-01-04,남자,20 - 29세,서울특별시,국내온라인거래,통신기기케이스,청약철회
2024000796,2024-01-04,여자,20 - 29세,서울특별시,방문판매,필라테스,계약해제.해지/위약금
2024000797,2024-01-04,남자,50 - 59세,부산광역시,모바일거래,기타의류·섬유,청약철회
2024000798,2024-01-04,남자,30 - 39세,서울특별시,모바일거래,치즈,청약철회
2024000799,2024-01-04,여자,40 - 49세,충청북도,방문판매,방문교육,계약해제.해지/위약금
2024000800,2024-01-04,여자,30 - 39세,부산광역시,일반판매,외식,부당행위
2024000801,2024-01-04,여자,20 - 29세,경기도,국내온라인거래,국외여행,계약해제.해지/위약금
2024000802,2024-01-04,여자,40 - 49세,경상남도,국내온라인거래,호텔,약관
2024000803,2024-01-04,남자,50 - 59세,부산광역시,TV홈쇼핑,음식물처리기대여(렌트),계약해제.해지/위약금
2024000804,2024-01-04,남자,20 - 29세,강원특별자치도,방문판매,헬스장,계약해제.해지/위약금
2024000805,2024-01-04,남자,20 - 29세,부산광역시,기타통신판매,우유,청약철회
2024000806,2024-01-04,남자,50 - 59세,세종특별자치시,기타,소화기,품질(물품/용역)
2024000807,2024-01-04,남자,30 - 39세,경기도,기타통신판매,펜션,계약불이행(불완전이행)
2024000808,2024-01-04,남자,50 - 59세,대전광역시,국내온라인거래,기타가사장비품,청약철회
2024000809,2024-01-04,여자,30 - 39세,경기도,일반판매,핸드백,부당행위
2024000810,2024-01-04,남자,30 - 39세,경상남도,국내온라인거래,호텔,품질(물품/용역)
2024000811,2024-01-04,여자,20 - 29세,경기도,모바일거래,기타숙박시설,청약철회
2024000812,2024-01-04,남자,30 - 39세,경상북도,일반판매,신발세탁,품질(물품/용역)
2024000813,2024-01-04,여자,40 - 49세,경기도,국내온라인거래,기타간편복,계약불이행(불완전이행)
2024000814,2024-01-04,여자,20 - 29세,경기도,기타,결혼준비대행서비스,계약해제.해지/위약금
2024000815,2024-01-04,여자,30 - 39세,경기도,노상판매,헬스장,계약해제.해지/위약금
2024000816,2024-01-04,여자,30 - 39세,서울특별시,기타통신판매,TV,부당행위
2024000817,2024-01-04,여자,20 - 29세,인천광역시,일반판매,기타의류·섬유,부당행위
2024000818,2024-01-04,여자,40 - 49세,서울특별시,기타,필라테스,계약해제.해지/위약금
2024000819,2024-01-04,여자,30 - 39세,경기도,일반판매,헬스장,계약해제.해지/위약금
2024000820,2024-01-04,여자,20 - 29세,경기도,국내온라인거래,인터넷교육서비스,부당행위
2024000821,2024-01-04,남자,40 - 49세,서울특별시,국내온라인거래,점퍼·재킷류,계약불이행(불완전이행)
2024000822,2024-01-04,여자,50 - 59세,서울특별시,국내온라인거래,캐주얼바지,청약철회
2024000823,2024-01-04,남자,40 - 49세,세종특별자치시,기타,냉난방시스템,품질(물품/용역)
2024000824,2024-01-04,남자,50 - 59세,경기도,국내온라인거래,기타의류·섬유,청약철회
2024000825,2024-01-04,남자,20 - 29세,경기도,기타,고시원이용,품질(물품/용역)
2024000826,2024-01-04,여자,30 - 39세,세종특별자치시,소셜커머스(쇼핑),코트,청약철회
2024000827,2024-01-04,여자,30 - 39세,경기도,국내온라인거래,기타의류·섬유,청약철회
2024000828,2024-01-04,여자,30 - 39세,인천광역시,국내온라인거래,캐주얼바지,청약철회
2024000829,2024-01-04,남자,30 - 39세,경기도,국내온라인거래,티셔츠,계약해제.해지/위약금
2024000830,2024-01-04,여자,50 - 59세,충청북도,국내온라인거래,핸드백,계약불이행(불완전이행)
2024000831,2024-01-04,남자,40 - 49세,서울특별시,일반판매,외식,품질(물품/용역)
2024000832,2024-01-04,남자,50 - 59세,서울특별시,소셜커머스(쇼핑),국외여행,계약해제.해지/위약금
2024000833,2024-01-04,남자,50 - 59세,서울특별시,국내온라인거래,통신기기케이스,계약불이행(불완전이행)
2024000834,2024-01-04,여자,30 - 39세,경기도,일반판매,필라테스,계약해제.해지/위약금
2024000835,2024-01-04,남자,30 - 39세,충청남도,국내온라인거래,인터넷교육서비스,계약해제.해지/위약금
2024000836,2024-01-04,여자,20 - 29세,부산광역시,국내온라인거래,화장실용세정제,계약불이행(불완전이행)
2024000837,2024-01-04,남자,60 - 64세,경기도,국내온라인거래,항공여객운송서비스,계약불이행(불완전이행)
2024000838,2024-01-04,여자,30 - 39세,서울특별시,일반판매,헬스장,계약해제.해지/위약금
2024000839,2024-01-04,여자,40 - 49세,경기도,국내온라인거래,코트,청약철회
2024000840,2024-01-04,남자,30 - 39세,인천광역시,방문판매,결혼준비대행서비스,청약철회
2024000841,2024-01-04,남자,30 - 39세,울산광역시,일반판매,스프링매트리스,품질(물품/용역)
2024000842,2024-01-04,남자,30 - 39세,서울특별시,기타통신판매,기타정보통신,계약해제.해지/위약금
2024000843,2024-01-04,여자,40 - 49세,부산광역시,국내온라인거래,전기장판,표시.광고
2024000844,2024-01-04,남자,30 - 39세,충청남도,국내온라인거래,골프회원권,청약철회
2024000845,2024-01-04,남자,40 - 49세,서울특별시,국내온라인거래,인터넷교육서비스,단순문의.상담
2024000846,2024-01-04,여자,30 - 39세,충청북도,기타,기타관혼상제,청약철회
2024000847,2024-01-04,여자,40 - 49세,경기도,일반판매,외식,안전(제품/시설)
2024000848,2024-01-04,여자,50 - 59세,경기도,기타,양복(서양식 의복)세탁,부당행위
2024000849,2024-01-04,남자,20 - 29세,경기도,국내온라인거래,메인보드,품질(물품/용역)
2024000850,2024-01-04,여자,30 - 39세,경상남도,소셜커머스(쇼핑),전기요,품질(물품/용역)
2024000851,2024-01-04,여자,40 - 49세,경기도,기타통신판매,기타미분류서비스,계약해제.해지/위약금
2024000852,2024-01-05,여자,50 - 59세,서울특별시,소셜커머스(쇼핑),사과,품질(물품/용역)
2024000853,2024-01-05,남자,30 - 39세,경상남도,일반판매,레저시설이용,안전(제품/시설)
2024000854,2024-01-05,남자,40 - 49세,대구광역시,국내온라인거래,통신기기케이스,품질(물품/용역)
2024000855,2024-01-05,여자,20 - 29세,서울특별시,일반판매,기타빵·과자류,품질(물품/용역)
2024000856,2024-01-05,여자,60 - 64세,전라북도,전화권유판매,유사투자자문,청약철회
2024000857,2024-01-05,여자,30 - 39세,경기도,기타통신판매,전기장판,품질(물품/용역)
2024000859,2024-01-05,여자,40 - 49세,서울특별시,국내온라인거래,셔츠,청약철회
2024000860,2024-01-05,남자,65 - 69세,충청남도,기타,정수기대여(렌트),계약해제.해지/위약금
2024000861,2024-01-05,여자,50 - 59세,경기도,일반판매,미용서비스,계약불이행(불완전이행)
2024000862,2024-01-05,여자,40 - 49세,인천광역시,일반판매,미용서비스,계약불이행(불완전이행)
2024000863,2024-01-05,남자,40 - 49세,경상남도,기타,보증보험,계약불이행(불완전이행)
2024000864,2024-01-05,남자,50 - 59세,서울특별시,기타,스마트폰,계약불이행(불완전이행)
2024000865,2024-01-05,여자,30 - 39세,인천광역시,일반판매,헬스장,계약해제.해지/위약금
2024000866,2024-01-05,남자,40 - 49세,인천광역시,일반판매,봉지면,안전(제품/시설)
2024000867,2024-01-05,여자,40 - 49세,대구광역시,방문판매,인터넷교육서비스,계약해제.해지/위약금
2024000868,2024-01-05,여자,30 - 39세,경기도,모바일거래,기타민영보험,부당행위
2024000869,2024-01-05,여자,70 - 79세,경기도,국내온라인거래,김치,표시.광고
2024000870,2024-01-05,여자,40 - 49세,인천광역시,일반판매,신유형상품권,계약불이행(불완전이행)
2024000871,2024-01-05,여자,40 - 49세,경기도,국제온라인거래,테이프레코더(녹음),청약철회
2024000872,2024-01-05,여자,40 - 49세,경기도,일반판매,자동차주유,품질(물품/용역)
2024000873,2024-01-05,여자,30 - 39세,서울특별시,국내온라인거래,기타인테리어설비,계약불이행(불완전이행)
2024000874,2024-01-05,남자,40 - 49세,경기도,일반판매,기타공조·냉난방기기,품질(물품/용역)
2024000875,2024-01-05,여자,40 - 49세,경기도,국내온라인거래,숙녀복상의,품질(물품/용역)
2024000876,2024-01-05,여자,40 - 49세,서울특별시,국내온라인거래,침대,계약불이행(불완전이행)
2024000877,2024-01-05,여자,50 - 59세,충청남도,전화권유판매,기타매체광고,계약불이행(불완전이행)
2024000878,2024-01-05,남자,40 - 49세,대구광역시,국내온라인거래,국외여행,계약해제.해지/위약금
2024000879,2024-01-05,남자,60 - 64세,인천광역시,일반판매,환풍기,AS불만
2024000880,2024-01-05,여자,80세이상,부산광역시,일반판매,응급의학과,안전(제품/시설)
2024000881,2024-01-05,여자,30 - 39세,경기도,국내온라인거래,기타정보이용서비스,계약불이행(불완전이행)
2024000882,2024-01-05,남자,30 - 39세,서울특별시,일반판매,룸에어컨,품질(물품/용역)
2024000883,2024-01-11,여자,40 - 49세,경기도,일반판매,기타침구류,품질(물품/용역)
2024000884,2024-01-05,여자,70 - 79세,서울특별시,기타통신판매,위성방송,계약해제.해지/위약금
2024000885,2024-01-15,여자,60 - 64세,경기도,일반판매,양복(서양식 의복)세탁,품질(물품/용역)
2024000886,2024-01-05,여자,50 - 59세,경상북도,일반판매,케이블TV,계약해제.해지/위약금
2024000887,2024-01-05,남자,20 - 29세,경기도,소셜커머스(쇼핑),화장실설비,계약불이행(불완전이행)
2024000888,2024-01-05,여자,20 - 29세,경기도,일반판매,헬스장,안전(제품/시설)
2024000889,2024-01-05,남자,20 - 29세,서울특별시,일반판매,헬스장,계약해제.해지/위약금
2024000891,2024-01-05,남자,65 - 69세,대구광역시,전화권유판매,콘도회원권,청약철회
2024000892,2024-01-05,여자,30 - 39세,인천광역시,일반판매,헬스장,계약해제.해지/위약금
2024000893,2024-01-05,남자,30 - 39세,경기도,일반판매,자동차대여(렌트),계약불이행(불완전이행)
2024000894,2024-01-11,남자,50 - 59세,경상남도,일반판매,점퍼·재킷류,품질(물품/용역)
2024000895,2024-01-05,여자,50 - 59세,경기도,일반판매,골프회원권,계약해제.해지/위약금
2024000896,2024-01-05,남자,50 - 59세,경상남도,국내온라인거래,기타스포츠·레저기구·용품,계약불이행(불완전이행)
2024000898,2024-01-22,남자,20 - 29세,충청북도,일반판매,운동화,품질(물품/용역)
2024000900,2024-01-05,여자,30 - 39세,경기도,일반판매,헬스장,계약해제.해지/위약금
2024000901,2024-01-05,여자,50 - 59세,경기도,일반판매,기타인테리어설비,AS불만
2024000903,2024-01-05,여자,40 - 49세,경기도,방문판매,인터넷교육서비스,계약해제.해지/위약금
2024000904,2024-01-05,여자,50 - 59세,제주도,일반판매,인터넷교육서비스,계약해제.해지/위약금
2024000905,2024-01-22,여자,40 - 49세,경기도,일반판매,전문스포츠화(축구화·골프화 등),품질(물품/용역)
2024000906,2024-01-15,여자,30 - 39세,충청남도,일반판매,양복(서양식 의복)세탁,품질(물품/용역)
2024000907,2024-01-05,여자,30 - 39세,인천광역시,국내온라인거래,핸드백,청약철회
2024000908,2024-01-05,여자,40 - 49세,경기도,일반판매,인터넷교육서비스,청약철회
2024000909,2024-01-05,여자,30 - 39세,경기도,소셜커머스(쇼핑),텐트,품질(물품/용역)
2024000910,2024-01-22,여자,40 - 49세,부산광역시,일반판매,신발세탁,계약불이행(불완전이행)
2024000911,2024-01-05,여자,60 - 64세,대구광역시,일반판매,정형외과,품질(물품/용역)
2024000912,2024-01-05,여자,50 - 59세,세종특별자치시,일반판매,건물청소서비스,품질(물품/용역)
2024000913,2024-01-05,여자,65 - 69세,경기도,TV홈쇼핑,국내여행,계약해제.해지/위약금
2024000915,2024-01-15,남자,40 - 49세,경기도,일반판매,양복(서양식 의복)세탁,품질(물품/용역)
2024000916,2024-01-05,여자,80세이상,서울특별시,일반판매,모바일정보이용서비스,부당행위
2024000917,2024-01-05,남자,20 - 29세,경기도,국내온라인거래,룸에어컨,계약불이행(불완전이행)
2024000918,2024-01-05,남자,60 - 64세,충청남도,방문판매,인터넷교육서비스,계약해제.해지/위약금
2024000919,2024-01-05,남자,30 - 39세,경기도,국내온라인거래,항공여객운송서비스,청약철회
2024000920,2024-01-15,남자,65 - 69세,대구광역시,일반판매,점퍼·재킷류,품질(물품/용역)
2024000921,2024-01-05,여자,30 - 39세,경기도,국내온라인거래,결혼준비대행서비스,계약해제.해지/위약금
2024000922,2024-01-22,여자,20 - 29세,서울특별시,일반판매,신발세탁,계약불이행(불완전이행)
2024000923,2024-01-05,여자,50 - 59세,인천광역시,일반판매,이동전화서비스,부당행위
2024000924,2024-01-22,여자,50 - 59세,부산광역시,일반판매,숙녀화(구두·부츠 등),품질(물품/용역)
2024000925,2024-01-05,여자,40 - 49세,서울특별시,일반판매,치과,계약해제.해지/위약금
2024000926,2024-01-05,남자,20 - 29세,경기도,일반판매,일반강습(입시학원등),계약해제.해지/위약금
2024000927,2024-01-05,남자,20 - 29세,경기도,방문판매,헬스장,계약해제.해지/위약금
2024000928,2024-01-05,여자,20 - 29세,서울특별시,일반판매,기타문화·오락시설이용,계약불이행(불완전이행)
2024000929,2024-01-05,남자,70 - 79세,충청북도,기타통신판매,기타건강식품,계약해제.해지/위약금
2024000930,2024-01-05,여자,20 - 29세,서울특별시,국내온라인거래,점퍼·재킷류,계약해제.해지/위약금
2024000932,2024-01-05,남자,40 - 49세,전라북도,일반판매,중형승용자동차,품질(물품/용역)
2024000935,2024-01-05,여자,30 - 39세,서울특별시,모바일거래,펜션,계약해제.해지/위약금
2024000937,2024-01-05,여자,50 - 59세,서울특별시,일반판매,실손보험,계약불이행(불완전이행)
2024000938,2024-01-05,남자,50 - 59세,전라북도,국내온라인거래,신유형상품권,계약불이행(불완전이행)
2024000939,2024-01-11,남자,65 - 69세,서울특별시,일반판매,양복(서양식 의복)세탁,품질(물품/용역)
2024000940,2024-01-05,여자,40 - 49세,인천광역시,일반판매,식탁,계약불이행(불완전이행)
2024000941,2024-01-05,여자,40 - 49세,서울특별시,일반판매,애완견,계약불이행(불완전이행)
2024000942,2024-01-05,여자,40 - 49세,전라북도,기타,인터넷정보이용서비스,계약불이행(불완전이행)
2024000943,2024-01-05,남자,30 - 39세,서울특별시,국내온라인거래,커튼,표시.광고
2024000944,2024-01-05,남자,30 - 39세,경기도,모바일거래,택시여객운송서비스,계약해제.해지/위약금
2024000945,2024-01-11,여자,30 - 39세,인천광역시,국내온라인거래,점퍼·재킷류,품질(물품/용역)
2024000946,2024-01-05,남자,30 - 39세,경기도,국내온라인거래,기타과일·과일가공식품,청약철회
2024000947,2024-01-05,남자,불명,인천광역시,국내온라인거래,기타간편복,계약해제.해지/위약금
2024000948,2024-01-15,여자,60 - 64세,서울특별시,일반판매,원피스,품질(물품/용역)
2024000949,2024-01-11,여자,50 - 59세,대전광역시,일반판매,점퍼·재킷류,품질(물품/용역)
2024000950,2024-01-05,남자,70 - 79세,경상남도,일반판매,건강(암·기타질병)보험,계약불이행(불완전이행)
2024001001,2024-01-05,여자,40 - 49세,경상남도,국내온라인거래,국외여행,계약해제.해지/위약금
2024001101,2024-01-11,여자,40 - 49세,경기도,일반판매,양복(서양식 의복)세탁,품질(물품/용역)
2024001103,2024-01-11,여자,50 - 59세,광주광역시,일반판매,점퍼·재킷류,품질(물품/용역)
2024001201,2024-01-05,여자,30 - 39세,서울특별시,국내온라인거래,아동복,계약해제.해지/위약금
2024001202,2024-01-05,남자,30 - 39세,경상북도,일반판매,보석·귀금속,계약불이행(불완전이행)
2024001203,2024-01-05,남자,40 - 49세,전라북도,일반판매,기타가구,품질(물품/용역)
2024001204,2024-01-05,남자,60 - 64세,인천광역시,TV홈쇼핑,기타스포츠·레저기구·용품,청약철회
2024001205,2024-01-05,여자,30 - 39세,서울특별시,일반판매,양복(서양식 의복)세탁,계약불이행(불완전이행)
2024001206,2024-01-05,여자,60 - 64세,경기도,일반판매,정수기대여(렌트),계약불이행(불완전이행)
2024001207,2024-01-05,여자,40 - 49세,강원특별자치도,일반판매,핸드백,품질(물품/용역)
2024001208,2024-01-05,여자,30 - 39세,서울특별시,소셜커머스(쇼핑),스포츠웨어,청약철회
2024001209,2024-01-05,남자,40 - 49세,경상남도,일반판매,기타방문·통신교육서비스,청약철회
2024001210,2024-01-05,남자,30 - 39세,서울특별시,일반판매,기타급탕시스템,AS불만
2024001211,2024-01-05,남자,40 - 49세,경기도,국내온라인거래,기타컴퓨터·주변기기,AS불만
2024001212,2024-01-05,여자,30 - 39세,서울특별시,모바일거래,옷장,청약철회
2024001213,2024-01-05,여자,20 - 29세,경기도,일반판매,전자담배,계약불이행(불완전이행)
2024001214,2024-01-05,여자,30 - 39세,충청남도,국내온라인거래,침대,계약불이행(불완전이행)
2024001215,2024-01-05,여자,40 - 49세,인천광역시,소셜커머스(쇼핑),캐주얼바지,청약철회
2024001216,2024-01-05,남자,60 - 64세,제주도,일반판매,TV,품질(물품/용역)
2024001217,2024-01-05,남자,30 - 39세,인천광역시,일반판매,기타회원권,계약해제.해지/위약금
2024001218,2024-01-05,여자,20 - 29세,서울특별시,일반판매,미용서비스,품질(물품/용역)
2024001219,2024-01-05,여자,20 - 29세,경기도,국내온라인거래,기타숙박시설,품질(물품/용역)
2024001220,2024-01-05,남자,30 - 39세,충청북도,국내온라인거래,기타음향기기,청약철회
2024001221,2024-01-05,여자,40 - 49세,경기도,국내온라인거래,항공여객운송서비스,계약해제.해지/위약금
2024001222,2024-01-05,여자,10 - 19세,인천광역시,방문판매,필라테스,계약해제.해지/위약금
2024001223,2024-01-05,여자,20 - 29세,경기도,TV홈쇼핑,국외여행,계약해제.해지/위약금
2024001224,2024-01-05,여자,40 - 49세,대구광역시,일반판매,통신기기케이스,계약불이행(불완전이행)
2024001225,2024-01-05,남자,60 - 64세,경기도,국내온라인거래,니트(스웨터),청약철회
2024001226,2024-01-05,남자,30 - 39세,서울특별시,일반판매,고시원이용,가격.요금
2024001227,2024-01-05,남자,50 - 59세,경상남도,국내온라인거래,운동화,표시.광고
2024001228,2024-01-05,여자,20 - 29세,인천광역시,방문판매,헬스장,계약해제.해지/위약금
2024001229,2024-01-05,남자,40 - 49세,경기도,국내온라인거래,트레이닝기구,AS불만
2024001230,2024-01-05,여자,20 - 29세,부산광역시,국내온라인거래,애완동물기타,품질(물품/용역)
2024001231,2024-01-05,여자,30 - 39세,울산광역시,모바일거래,호텔,계약불이행(불완전이행)
2024001232,2024-01-05,여자,20 - 29세,강원특별자치도,기타,가스보일러,AS불만
2024001233,2024-01-05,여자,30 - 39세,대전광역시,일반판매,호텔,계약해제.해지/위약금
2024001234,2024-01-05,남자,20 - 29세,대구광역시,국내온라인거래,헤드폰·이어폰,부당행위
2024001235,2024-01-05,남자,60 - 64세,인천광역시,국내온라인거래,항공여객운송서비스,계약해제.해지/위약금
2024001236,2024-01-05,남자,40 - 49세,서울특별시,기타,초고속인터넷,표시.광고
2024001237,2024-01-05,여자,30 - 39세,충청북도,소셜커머스(쇼핑),전기밥솥,품질(물품/용역)
2024001238,2024-01-05,남자,60 - 64세,경기도,기타,포장이사운송서비스,품질(물품/용역)
2024001239,2024-01-05,남자,20 - 29세,경기도,국내온라인거래,각종공연관람,계약해제.해지/위약금
2024001240,2024-01-05,남자,30 - 39세,대구광역시,국내온라인거래,세탁용합성세제,부당행위
2024001241,2024-01-05,남자,30 - 39세,서울특별시,국내온라인거래,영양크림류,청약철회
2024001242,2024-01-05,여자,20 - 29세,부산광역시,국내온라인거래,원피스,품질(물품/용역)
2024001243,2024-01-05,남자,40 - 49세,경기도,국내온라인거래,기타스포츠·레저기구·용품,품질(물품/용역)
2024001244,2024-01-05,남자,30 - 39세,대전광역시,방문판매,헬스장,계약해제.해지/위약금
2024001245,2024-01-05,여자,40 - 49세,부산광역시,기타,페인트,품질(물품/용역)
2024001246,2024-01-05,여자,40 - 49세,부산광역시,일반판매,항공여객운송서비스,계약불이행(불완전이행)
2024001247,2024-01-05,여자,40 - 49세,서울특별시,국내온라인거래,영양크림류,품질(물품/용역)
2024001248,2024-01-05,여자,40 - 49세,부산광역시,소셜커머스(쇼핑),원피스,청약철회
2024001249,2024-01-05,남자,40 - 49세,서울특별시,기타,TV,품질(물품/용역)
2024001250,2024-01-05,남자,20 - 29세,서울특별시,국내온라인거래,기타사설강습서비스,계약해제.해지/위약금
2024001251,2024-01-05,여자,20 - 29세,부산광역시,국내온라인거래,숙녀화(구두·부츠 등),청약철회
2024001252,2024-01-05,남자,50 - 59세,서울특별시,기타,기타보건·위생용품,안전(제품/시설)
2024001253,2024-01-05,여자,50 - 59세,서울특별시,일반판매,헬스장,계약해제.해지/위약금
2024001254,2024-01-05,여자,30 - 39세,제주도,국내온라인거래,캐주얼바지,품질(물품/용역)
2024001255,2024-01-05,여자,50 - 59세,경기도,국내온라인거래,항공여객운송서비스,품질(물품/용역)
2024001256,2024-01-05,여자,20 - 29세,서울특별시,방문판매,헬스장,계약해제.해지/위약금
2024001257,2024-01-05,여자,40 - 49세,경기도,기타,필라테스,계약해제.해지/위약금
2024001258,2024-01-05,여자,40 - 49세,경기도,모바일거래,모바일정보이용서비스,계약해제.해지/위약금
2024001259,2024-01-05,남자,50 - 59세,서울특별시,국내온라인거래,레저시설이용,약관
2024001260,2024-01-05,여자,30 - 39세,서울특별시,일반판매,티셔츠,품질(물품/용역)
2024001261,2024-01-05,여자,30 - 39세,서울특별시,기타,의상대여(렌트),청약철회
2024001262,2024-01-05,여자,40 - 49세,서울특별시,모바일거래,호텔,표시.광고
2024001263,2024-01-05,여자,20 - 29세,제주도,국제온라인거래,태블릿PC,계약불이행(불완전이행)
2024001264,2024-01-05,여자,20 - 29세,충청북도,일반판매,필라테스,계약해제.해지/위약금
2024001265,2024-01-05,남자,50 - 59세,대구광역시,일반판매,항공여객운송서비스,계약해제.해지/위약금
2024001266,2024-01-05,남자,30 - 39세,경기도,국내온라인거래,TV,표시.광고
2024001267,2024-01-05,남자,30 - 39세,경기도,일반판매,애완견,부당행위
2024001268,2024-01-05,남자,30 - 39세,경상남도,국내온라인거래,매트,계약해제.해지/위약금
2024001269,2024-01-05,여자,20 - 29세,대전광역시,국내온라인거래,항공여객운송서비스,계약해제.해지/위약금
2024001270,2024-01-05,여자,20 - 29세,대구광역시,일반판매,보석·귀금속,부당행위
2024001271,2024-01-05,여자,30 - 39세,서울특별시,국내온라인거래,국외여행,가격.요금
2024001272,2024-01-05,남자,30 - 39세,대구광역시,방문판매,기타신사복세트,청약철회
2024001273,2024-01-05,남자,40 - 49세,서울특별시,일반판매,일반이사운송서비스,품질(물품/용역)
2024001274,2024-01-05,여자,20 - 29세,광주광역시,일반판매,헬스장,계약해제.해지/위약금
2024001275,2024-01-05,여자,30 - 39세,서울특별시,일반판매,국가자격(능력)시험,거래관행
2024001276,2024-01-05,여자,30 - 39세,서울특별시,국내온라인거래,초음파방충기,품질(물품/용역)
2024001277,2024-01-05,여자,30 - 39세,서울특별시,국내온라인거래,니트(스웨터),청약철회
2024001278,2024-01-05,여자,20 - 29세,충청북도,국내온라인거래,스커트,청약철회
2024001279,2024-01-05,남자,40 - 49세,강원특별자치도,국내온라인거래,인터넷교육서비스,계약해제.해지/위약금
2024001280,2024-01-05,남자,30 - 39세,부산광역시,일반판매,여관(모텔),청약철회
2024001281,2024-01-05,남자,40 - 49세,경기도,국내온라인거래,안경·안경테,AS불만
2024001282,2024-01-05,남자,40 - 49세,서울특별시,기타,노트북컴퓨터,가격.요금
2024001283,2024-01-05,남자,30 - 39세,경기도,방문판매,콘도회원권,청약철회
2024001284,2024-01-05,남자,30 - 39세,서울특별시,일반판매,헬스장,계약해제.해지/위약금
2024001285,2024-01-05,여자,30 - 39세,서울특별시,모바일거래,호텔,계약해제.해지/위약금
2024001286,2024-01-05,남자,30 - 39세,경기도,모바일거래,기타관람·감상,부당행위
2024001287,2024-01-05,여자,20 - 29세,전라남도,국내온라인거래,통신기기주변장치,계약불이행(불완전이행)
2024001288,2024-01-05,여자,20 - 29세,경기도,국내온라인거래,스키용품,청약철회
2024001289,2024-01-05,남자,20 - 29세,대구광역시,일반판매,레포츠장비대여(렌트),가격.요금
2024001290,2024-01-05,남자,40 - 49세,부산광역시,일반판매,국내결혼중개,청약철회
2024001301,2024-01-06,여자,20 - 29세,충청북도,국제온라인거래,기타신발·용품,계약불이행(불완전이행)
2024001302,2024-01-06,남자,30 - 39세,서울특별시,일반판매,헬스장,계약해제.해지/위약금
2024001303,2024-01-06,남자,30 - 39세,충청남도,소셜커머스(쇼핑),침대,AS불만
2024001304,2024-01-06,남자,60 - 64세,서울특별시,일반판매,기타주택·건물,품질(물품/용역)
2024001305,2024-01-06,남자,40 - 49세,서울특별시,국내온라인거래,골프용품,AS불만
2024001306,2024-01-06,남자,60 - 64세,경기도,일반판매,도배공사,품질(물품/용역)
2024001307,2024-01-06,남자,30 - 39세,서울특별시,국제온라인거래,호텔,계약해제.해지/위약금
2024001308,2024-01-06,남자,40 - 49세,서울특별시,일반판매,"OTT서비스(넷플릭스,왓챠 등)",가격.요금
2024001309,2024-01-06,여자,10 - 19세,인천광역시,일반판매,일반강습(입시학원등),계약해제.해지/위약금
2024001310,2024-01-06,여자,40 - 49세,전라북도,국내온라인거래,기타화물운송서비스,약관
2024001311,2024-01-06,여자,30 - 39세,울산광역시,일반판매,결혼준비대행서비스,계약해제.해지/위약금
2024001312,2024-01-06,여자,20 - 29세,경기도,일반판매,헬스장,계약해제.해지/위약금
2024001313,2024-01-06,남자,50 - 59세,서울특별시,일반판매,항공여객운송서비스,부당행위
2024001314,2024-01-06,여자,10 - 19세,경기도,일반판매,미용서비스,품질(물품/용역)
2024001315,2024-01-06,여자,40 - 49세,인천광역시,국내온라인거래,인터넷교육서비스,부당행위
2024001316,2024-01-06,남자,50 - 59세,인천광역시,일반판매,발코니확장공사,AS불만
2024001317,2024-01-06,여자,40 - 49세,경기도,전화권유판매,초고속인터넷,계약해제.해지/위약금
2024001318,2024-01-06,여자,50 - 59세,울산광역시,일반판매,필라테스,청약철회
2024001401,2024-01-07,남자,50 - 59세,경기도,국내온라인거래,항공여객운송서비스,부당행위
2024001402,2024-01-07,남자,30 - 39세,서울특별시,방문판매,헬스장,계약해제.해지/위약금
2024001403,2024-01-07,여자,50 - 59세,인천광역시,국내온라인거래,숙녀복상의,청약철회
2024001404,2024-01-07,여자,50 - 59세,인천광역시,국내온라인거래,기타의자류,품질(물품/용역)
2024001405,2024-01-07,여자,40 - 49세,대구광역시,일반판매,스포츠웨어,품질(물품/용역)
2024001406,2024-01-07,여자,30 - 39세,서울특별시,일반판매,결혼준비대행서비스,계약불이행(불완전이행)
2024001407,2024-01-07,여자,30 - 39세,인천광역시,국내온라인거래,원피스,청약철회
2024001408,2024-01-07,남자,50 - 59세,전라북도,국내온라인거래,애완동·식물용품,청약철회
2024001410,2024-01-07,여자,20 - 29세,부산광역시,소셜커머스(쇼핑),냉장고,청약철회
2024001411,2024-01-07,남자,30 - 39세,경기도,일반판매,헬스장,계약해제.해지/위약금
2024001412,2024-01-07,여자,30 - 39세,경기도,일반판매,기타방문·통신교육서비스,계약해제.해지/위약금
2024001413,2024-01-07,여자,20 - 29세,전라북도,일반판매,헬스장,계약해제.해지/위약금
2024001414,2024-01-07,여자,20 - 29세,제주도,일반판매,컴퓨터모니터(데스크탑),AS불만
2024001415,2024-01-07,여자,50 - 59세,해외 및 기타,일반판매,컵,계약불이행(불완전이행)
2024001416,2024-01-07,여자,30 - 39세,서울특별시,국내온라인거래,헬스장,계약해제.해지/위약금
2024001417,2024-01-07,남자,30 - 39세,부산광역시,기타,외식,청약철회
2024001418,2024-01-07,남자,30 - 39세,대구광역시,일반판매,아파트,AS불만
2024001419,2024-01-07,남자,30 - 39세,충청북도,기타,헬스장,계약해제.해지/위약금
2024001420,2024-01-06,여자,30 - 39세,경기도,일반판매,필라테스,계약해제.해지/위약금
2024001421,2024-01-08,남자,60 - 64세,경상남도,일반판매,택배화물운송서비스,계약불이행(불완전이행)
2024001422,2024-01-08,여자,30 - 39세,서울특별시,국내온라인거래,택배화물운송서비스,품질(물품/용역)
2024001423,2024-01-08,여자,20 - 29세,경기도,일반판매,필라테스,계약해제.해지/위약금
2024001424,2024-01-08,남자,40 - 49세,경상남도,국내온라인거래,호텔,안전(제품/시설)
2024001426,2024-01-08,여자,70 - 79세,서울특별시,전화권유판매,기타일반화장품,계약해제.해지/위약금
2024001428,2024-01-08,남자,30 - 39세,대전광역시,기타,포장이사운송서비스,계약불이행(불완전이행)
2024001429,2024-01-08,남자,50 - 59세,서울특별시,국내온라인거래,기타음향기기,표시.광고
2024001430,2024-01-08,여자,30 - 39세,경기도,일반판매,스마트폰,품질(물품/용역)
2024001431,2024-01-08,남자,20 - 29세,광주광역시,국내온라인거래,자동차대여(렌트),부당행위
2024001432,2024-01-08,여자,20 - 29세,경기도,국내온라인거래,카펫,청약철회
2024001433,2024-01-08,남자,80세이상,전라북도,일반판매,건강(암·기타질병)보험,약관
2024001434,2024-01-08,여자,50 - 59세,경기도,전화권유판매,주식,계약해제.해지/위약금
2024001435,2024-01-08,여자,30 - 39세,부산광역시,소셜커머스(쇼핑),점퍼·재킷류,청약철회
2024001438,2024-01-08,남자,30 - 39세,부산광역시,소셜커머스(쇼핑),헤드폰·이어폰,품질(물품/용역)
2024001439,2024-01-08,남자,20 - 29세,서울특별시,일반판매,의상대여(렌트),계약해제.해지/위약금
2024001440,2024-01-08,여자,60 - 64세,인천광역시,일반판매,실손보험,계약불이행(불완전이행)
2024001441,2024-01-08,여자,50 - 59세,서울특별시,일반판매,기타세탁서비스,품질(물품/용역)
2024001442,2024-01-08,남자,40 - 49세,경기도,전화권유판매,소프트웨어,부당행위
2024001443,2024-01-08,남자,40 - 49세,서울특별시,국내온라인거래,노트북컴퓨터,청약철회
2024001444,2024-01-08,여자,40 - 49세,경기도,일반판매,헬스장,계약해제.해지/위약금
2024001445,2024-01-08,남자,50 - 59세,서울특별시,기타,자동차대여(렌트),계약해제.해지/위약금
2024001446,2024-01-08,남자,50 - 59세,서울특별시,국내온라인거래,냄비,청약철회
2024001447,2024-01-08,여자,50 - 59세,경기도,일반판매,기타인테리어설비,계약불이행(불완전이행)
2024001448,2024-01-08,여자,30 - 39세,충청북도,일반판매,스마트폰,품질(물품/용역)
2024001449,2024-01-08,남자,30 - 39세,충청남도,국내온라인거래,항공여객운송서비스,청약철회
2024001450,2024-01-08,여자,30 - 39세,경기도,소셜커머스(쇼핑),국외여행,계약해제.해지/위약금
2024001451,2024-01-08,여자,30 - 39세,서울특별시,일반판매,자동차주차장,표시.광고
2024001452,2024-01-08,여자,30 - 39세,서울특별시,국내온라인거래,버스여객운송서비스,청약철회
2024001453,2024-01-08,남자,20 - 29세,부산광역시,일반판매,각종자격취득강습,계약해제.해지/위약금
2024001454,2024-01-08,남자,40 - 49세,경기도,국내온라인거래,신유형상품권,계약해제.해지/위약금
2024001455,2024-01-08,여자,30 - 39세,서울특별시,모바일거래,항공여객운송서비스,부당행위
2024001456,2024-01-08,남자,70 - 79세,서울특별시,일반판매,헬스장,계약해제.해지/위약금
2024001457,2024-01-08,여자,20 - 29세,경기도,일반판매,한의원,계약해제.해지/위약금
2024001458,2024-01-08,여자,50 - 59세,충청남도,방문판매,침대·매트리스대여(렌트),품질(물품/용역)
2024001459,2024-01-08,남자,불명,경기도,일반판매,스마트폰,AS불만
2024001460,2024-01-08,여자,20 - 29세,경기도,국내온라인거래,인터넷교육서비스,계약불이행(불완전이행)
2024001461,2024-01-08,남자,50 - 59세,해외 및 기타,국제온라인거래,각종공연관람,계약불이행(불완전이행)
2024001462,2024-01-08,여자,20 - 29세,해외 및 기타,일반판매,스낵과자,계약불이행(불완전이행)
2024001463,2024-01-08,남자,30 - 39세,해외 및 기타,모바일거래,모바일게임서비스,부당행위
2024001464,2024-01-08,여자,50 - 59세,경기도,국내온라인거래,전기밥솥,AS불만
2024001465,2024-01-08,여자,30 - 39세,경기도,국내온라인거래,여자용내의류,청약철회
2024001466,2024-01-08,여자,40 - 49세,인천광역시,일반판매,헬스장,계약해제.해지/위약금
2024001467,2024-01-08,여자,20 - 29세,부산광역시,소셜커머스(쇼핑),냉장고,청약철회
2024001468,2024-01-08,여자,40 - 49세,세종특별자치시,기타,정수기대여(렌트),계약불이행(불완전이행)
2024001469,2024-01-08,여자,40 - 49세,강원특별자치도,국내온라인거래,숙녀화(구두·부츠 등),청약철회
2024001470,2024-01-08,여자,50 - 59세,부산광역시,일반판매,정수기,거래관행
2024001471,2024-01-08,여자,50 - 59세,대구광역시,일반판매,건강(암·기타질병)보험,약관
2024001472,2024-01-08,여자,50 - 59세,대구광역시,일반판매,건강(암·기타질병)보험,약관
2024001473,2024-01-08,남자,65 - 69세,인천광역시,일반판매,전기압력밥솥,품질(물품/용역)
2024001474,2024-01-08,남자,40 - 49세,서울특별시,국내온라인거래,각종공연관람,계약해제.해지/위약금
2024001475,2024-01-08,여자,40 - 49세,인천광역시,일반판매,헬스장,계약해제.해지/위약금
2024001476,2024-01-08,남자,30 - 39세,경기도,일반판매,TV,계약불이행(불완전이행)
2024001477,2024-01-08,여자,30 - 39세,경기도,일반판매,기타이·미용서비스,계약해제.해지/위약금
2024001478,2024-01-08,남자,30 - 39세,경기도,일반판매,헬스장,계약해제.해지/위약금
2024001479,2024-01-08,남자,50 - 59세,경기도,기타,변호서비스,계약해제.해지/위약금
2024001480,2024-01-08,남자,60 - 64세,부산광역시,전화권유판매,골프회원권,거래관행
2024001482,2024-01-08,여자,20 - 29세,경기도,일반판매,각종자격취득강습,계약해제.해지/위약금
2024001484,2024-01-08,여자,60 - 64세,경기도,국내온라인거래,숙녀복하의,품질(물품/용역)
2024001485,2024-01-08,여자,50 - 59세,경기도,일반판매,피부과,계약해제.해지/위약금
2024001486,2024-01-08,남자,30 - 39세,충청남도,국내온라인거래,TV,품질(물품/용역)
2024001487,2024-01-08,여자,20 - 29세,세종특별자치시,일반판매,필라테스,계약해제.해지/위약금
2024001488,2024-01-08,여자,50 - 59세,경기도,전화권유판매,기타일반화장품,계약해제.해지/위약금
2024001490,2024-01-08,남자,50 - 59세,경상북도,국내온라인거래,기타미분류서비스,계약불이행(불완전이행)
2024001491,2024-01-08,여자,불명,서울특별시,일반판매,필라테스,계약해제.해지/위약금
2024001492,2024-01-08,남자,20 - 29세,경상북도,일반판매,예식서비스,계약해제.해지/위약금
2024001493,2024-01-08,남자,40 - 49세,서울특별시,일반판매,종합체육시설회원권,계약해제.해지/위약금
2024001494,2024-01-08,남자,30 - 39세,서울특별시,일반판매,룸에어컨,계약불이행(불완전이행)
2024001495,2024-01-08,남자,50 - 59세,서울특별시,일반판매,기타미분류서비스,계약해제.해지/위약금
2024001497,2024-01-08,남자,20 - 29세,충청북도,일반판매,성형외과,계약해제.해지/위약금
2024001499,2024-01-08,남자,60 - 64세,서울특별시,일반판매,국제결혼중개,계약해제.해지/위약금
2024001500,2024-01-08,여자,30 - 39세,경기도,기타,정수기대여(렌트),AS불만
2024001501,2024-01-08,여자,50 - 59세,대전광역시,국내온라인거래,항공여객운송서비스,계약불이행(불완전이행)
2024001502,2024-01-08,남자,50 - 59세,세종특별자치시,모바일거래,호텔,계약해제.해지/위약금
2024001503,2024-01-08,여자,70 - 79세,서울특별시,일반판매,김치냉장고,품질(물품/용역)
2024001504,2024-01-08,남자,40 - 49세,울산광역시,일반판매,공중목욕탕,계약불이행(불완전이행)
2024001505,2024-01-08,여자,60 - 64세,서울특별시,방문판매,인덕션레인지,계약불이행(불완전이행)
2024001506,2024-01-08,여자,30 - 39세,서울특별시,일반판매,각종자격취득강습,계약해제.해지/위약금
2024001507,2024-01-08,여자,30 - 39세,인천광역시,국내온라인거래,기타신변용품,계약불이행(불완전이행)
2024001508,2024-01-29,여자,20 - 29세,부산광역시,국내온라인거래,숙녀화(구두·부츠 등),품질(물품/용역)
2024001509,2024-01-08,여자,50 - 59세,경기도,일반판매,공중목욕탕,안전(제품/시설)
2024001510,2024-01-08,남자,30 - 39세,대구광역시,일반판매,자동차세차,부당행위
2024001512,2024-01-08,남자,70 - 79세,충청남도,기타,위성방송,계약불이행(불완전이행)
2024001514,2024-01-08,남자,65 - 69세,부산광역시,전화권유판매,중형승용자동차,이자.수수료
2024001515,2024-01-08,여자,70 - 79세,서울특별시,일반판매,초고속인터넷,품질(물품/용역)
2024001516,2024-01-08,남자,60 - 64세,경기도,일반판매,건강(암·기타질병)보험,계약불이행(불완전이행)
2024001517,2024-01-08,여자,20 - 29세,경기도,방문판매,결혼준비대행서비스,계약해제.해지/위약금
2024001518,2024-01-08,남자,50 - 59세,광주광역시,국내온라인거래,항공여객운송서비스,계약해제.해지/위약금
2024001519,2024-01-08,여자,80세이상,경기도,일반판매,기타공조·냉난방기기,품질(물품/용역)
2024001521,2024-01-08,남자,30 - 39세,서울특별시,일반판매,기타신발·용품,품질(물품/용역)
2024001522,2024-01-08,남자,30 - 39세,경기도,일반판매,외식,품질(물품/용역)
2024001523,2024-01-08,남자,30 - 39세,광주광역시,일반판매,건강(암·기타질병)보험,계약불이행(불완전이행)
2024001524,2024-01-08,여자,30 - 39세,서울특별시,일반판매,헬스장,계약해제.해지/위약금
2024001525,2024-01-08,여자,60 - 64세,서울특별시,일반판매,오피스텔,AS불만
2024001526,2024-01-08,여자,40 - 49세,경기도,일반판매,기타민영보험,약관
2024001528,2024-01-15,여자,50 - 59세,인천광역시,일반판매,핸드백,품질(물품/용역)
2024001529,2024-01-08,남자,70 - 79세,경상북도,기타통신판매,기타건강식품,품질(물품/용역)
2024001531,2024-01-08,남자,40 - 49세,서울특별시,모바일거래,카셰어링,부당행위
2024001533,2024-01-12,여자,40 - 49세,경기도,모바일거래,기타침구류,품질(물품/용역)
2024001534,2024-01-08,여자,50 - 59세,서울특별시,일반판매,성형외과,계약해제.해지/위약금
2024001536,2024-01-16,여자,40 - 49세,경기도,일반판매,양복(서양식 의복)세탁,품질(물품/용역)
2024001537,2024-01-11,여자,불명,경상남도,일반판매,양복(서양식 의복)세탁,품질(물품/용역)
2024001538,2024-01-08,남자,40 - 49세,충청북도,기타,스마트폰,AS불만
2024001539,2024-01-08,여자,20 - 29세,인천광역시,일반판매,기타이·미용서비스,계약해제.해지/위약금
2024001540,2024-01-08,남자,40 - 49세,경기도,기타,사무용기기대여(렌트),계약해제.해지/위약금
2024001541,2024-01-08,여자,20 - 29세,서울특별시,일반판매,헬스장,계약해제.해지/위약금
2024001542,2024-01-08,남자,40 - 49세,경기도,국내온라인거래,호텔,거래관행
2024001543,2024-01-08,여자,40 - 49세,경기도,모바일거래,모바일게임서비스,무능력자계약
2024001544,2024-01-08,여자,40 - 49세,강원특별자치도,기타통신판매,스포츠웨어,청약철회
2024001545,2024-01-08,남자,30 - 39세,충청북도,일반판매,지갑,청약철회
2024001546,2024-01-08,여자,40 - 49세,서울특별시,국내온라인거래,국내결혼중개,계약해제.해지/위약금
2024001547,2024-01-08,여자,20 - 29세,경기도,방문판매,필라테스,계약해제.해지/위약금
2024001548,2024-01-08,남자,40 - 49세,경기도,기타,화재경보장치,안전(제품/시설)
2024001549,2024-01-08,남자,30 - 39세,경기도,일반판매,박스(포장용),품질(물품/용역)
2024001550,2024-01-08,여자,20 - 29세,서울특별시,국내온라인거래,국외여행,계약불이행(불완전이행)
2024001551,2024-01-08,여자,40 - 49세,인천광역시,국내온라인거래,냉장고,청약철회
2024001552,2024-01-08,남자,40 - 49세,경기도,전화권유판매,케이블TV,계약불이행(불완전이행)
2024001553,2024-01-08,여자,30 - 39세,서울특별시,기타통신판매,국외여행,계약해제.해지/위약금
2024001554,2024-01-08,여자,30 - 39세,경기도,일반판매,스마트폰,AS불만
2024001555,2024-01-08,남자,30 - 39세,경기도,국내온라인거래,전기팬히터,청약철회
2024001556,2024-01-08,남자,30 - 39세,경기도,모바일거래,모바일정보이용서비스,계약해제.해지/위약금
2024001557,2024-01-08,남자,40 - 49세,경기도,기타,정수기대여(렌트),품질(물품/용역)
2024001558,2024-01-08,남자,10 - 19세,경기도,국내온라인거래,인터넷정보이용서비스,계약해제.해지/위약금
2024001559,2024-01-08,남자,30 - 39세,대구광역시,국내온라인거래,노트북컴퓨터,표시.광고
2024001560,2024-01-08,여자,30 - 39세,충청남도,방문판매,학습지,계약해제.해지/위약금
2024001561,2024-01-08,남자,40 - 49세,경기도,기타,기타냉장·냉동기기,AS불만
2024001562,2024-01-08,여자,40 - 49세,경기도,국내온라인거래,국외여행,품질(물품/용역)
2024001563,2024-01-08,남자,40 - 49세,서울특별시,국내온라인거래,항공여객운송서비스,부당행위
2024001564,2024-01-08,여자,50 - 59세,경기도,국제온라인거래,코트,청약철회
2024001565,2024-01-08,여자,30 - 39세,전라남도,국내온라인거래,스마트폰,계약해제.해지/위약금
2024001566,2024-01-08,여자,40 - 49세,서울특별시,국내온라인거래,복권,부당행위
2024001567,2024-01-08,여자,50 - 59세,경상북도,국내온라인거래,소파,AS불만
2024001568,2024-01-08,남자,40 - 49세,대전광역시,방문판매,스마트폰,AS불만
2024001569,2024-01-08,여자,20 - 29세,경기도,국내온라인거래,기타의류·섬유,청약철회
2024001570,2024-01-08,여자,30 - 39세,서울특별시,국내온라인거래,기타의류·섬유,품질(물품/용역)
2024001571,2024-01-08,남자,30 - 39세,경기도,일반판매,예식서비스,계약해제.해지/위약금
2024001572,2024-01-08,여자,40 - 49세,인천광역시,국제온라인거래,항공여객운송서비스,계약불이행(불완전이행)
2024001574,2024-01-08,여자,50 - 59세,서울특별시,소셜커머스(쇼핑),헤어브러시,품질(물품/용역)
2024001575,2024-01-08,여자,40 - 49세,경기도,방문판매,애완견,약관
2024001576,2024-01-08,여자,30 - 39세,경상남도,기타,예식서비스,청약철회
2024001577,2024-01-08,남자,20 - 29세,경기도,일반판매,국외여행,부당행위
2024001578,2024-01-08,여자,30 - 39세,부산광역시,일반판매,필라테스,계약불이행(불완전이행)
2024001579,2024-01-08,여자,20 - 29세,대전광역시,기타,헬스장,계약해제.해지/위약금
2024001580,2024-01-08,남자,40 - 49세,부산광역시,국내온라인거래,합성피혁의류,품질(물품/용역)
2024001581,2024-01-08,남자,40 - 49세,서울특별시,소셜커머스(쇼핑),전기밥솥,청약철회
2024001582,2024-01-08,남자,40 - 49세,경기도,기타,기타미분류서비스,청약철회
2024001583,2024-01-08,남자,40 - 49세,경기도,전화권유판매,국내결혼중개,계약해제.해지/위약금
2024001584,2024-01-08,남자,50 - 59세,경기도,기타통신판매,이동전화서비스,계약불이행(불완전이행)
2024001585,2024-01-08,남자,40 - 49세,경기도,소셜커머스(쇼핑),전기장판,안전(제품/시설)
2024001586,2024-01-08,여자,30 - 39세,대구광역시,국내온라인거래,항공여객운송서비스,청약철회
2024001587,2024-01-08,남자,40 - 49세,경기도,방문판매,창호유리,계약해제.해지/위약금
2024001588,2024-01-08,남자,40 - 49세,경기도,일반판매,기타사설강습서비스,계약해제.해지/위약금
2024001589,2024-01-08,남자,50 - 59세,경기도,일반판매,기타이동통신,가격.요금
2024001590,2024-01-08,여자,20 - 29세,부산광역시,기타,기타사설강습서비스,단순문의.상담
2024001591,2024-01-08,여자,40 - 49세,경기도,모바일거래,신유형상품권,계약불이행(불완전이행)
2024001592,2024-01-08,남자,30 - 39세,전라남도,국내온라인거래,항공여객운송서비스,계약해제.해지/위약금
2024001593,2024-01-08,남자,20 - 29세,제주도,국제온라인거래,항공여객운송서비스,계약해제.해지/위약금
2024001594,2024-01-08,여자,20 - 29세,경기도,일반판매,필라테스,계약해제.해지/위약금
2024001595,2024-01-08,여자,40 - 49세,경상남도,국내온라인거래,기타숙박시설,이자.수수료
2024001596,2024-01-08,여자,30 - 39세,인천광역시,소셜커머스(쇼핑),국외여행,계약해제.해지/위약금
2024001597,2024-01-08,여자,50 - 59세,경기도,기타,기타일반화장품,청약철회
2024001598,2024-01-08,여자,30 - 39세,인천광역시,일반판매,헬스장,계약해제.해지/위약금
2024001599,2024-01-08,여자,20 - 29세,충청남도,일반판매,미용서비스,계약해제.해지/위약금
2024001600,2024-01-08,남자,50 - 59세,서울특별시,국내온라인거래,기타회원권,계약불이행(불완전이행)
2024001601,2024-01-08,여자,50 - 59세,광주광역시,국내온라인거래,기타의류·섬유,청약철회
2024001602,2024-01-08,남자,30 - 39세,대구광역시,국내온라인거래,머플러,청약철회
2024001603,2024-01-08,여자,40 - 49세,인천광역시,국내온라인거래,국외여행,계약불이행(불완전이행)
2024001604,2024-01-08,남자,30 - 39세,대구광역시,일반판매,항공여객운송서비스,계약불이행(불완전이행)
2024001605,2024-01-08,남자,40 - 49세,서울특별시,전화권유판매,이동전화서비스,계약불이행(불완전이행)
2024001606,2024-01-08,남자,40 - 49세,경기도,일반판매,가구세트,청약철회
2024001607,2024-01-08,남자,30 - 39세,부산광역시,국내온라인거래,국외여행,계약해제.해지/위약금
2024001608,2024-01-08,남자,40 - 49세,경기도,소셜커머스(쇼핑),기타미분류물품,계약불이행(불완전이행)
2024001609,2024-01-08,여자,50 - 59세,광주광역시,일반판매,헬스장,계약불이행(불완전이행)
2024001610,2024-01-08,여자,40 - 49세,경기도,국내온라인거래,티셔츠,가격.요금
2024001611,2024-01-08,여자,50 - 59세,서울특별시,국내온라인거래,국외여행,계약불이행(불완전이행)
2024001612,2024-01-08,남자,20 - 29세,경기도,방문판매,헬스장,계약해제.해지/위약금
2024001613,2024-01-08,여자,30 - 39세,경기도,일반판매,기타조리기기·기구,품질(물품/용역)
2024001614,2024-01-08,여자,20 - 29세,인천광역시,방문판매,필라테스,계약해제.해지/위약금
2024001615,2024-01-08,여자,30 - 39세,인천광역시,일반판매,애완견,계약해제.해지/위약금
2024001616,2024-01-08,여자,30 - 39세,서울특별시,일반판매,가구리폼·수리,품질(물품/용역)
2024001617,2024-01-08,여자,20 - 29세,경기도,국내온라인거래,기타간편복,청약철회
2024001618,2024-01-08,남자,30 - 39세,경상남도,기타,애완견,계약해제.해지/위약금
2024001619,2024-01-08,남자,30 - 39세,서울특별시,일반판매,예식서비스,계약해제.해지/위약금
2024001620,2024-01-08,남자,30 - 39세,대구광역시,모바일거래,모바일게임서비스,청약철회
2024001621,2024-01-08,여자,20 - 29세,경기도,일반판매,미용서비스,품질(물품/용역)
2024001622,2024-01-08,남자,20 - 29세,경기도,전화권유판매,외국어강습,청약철회
2024001623,2024-01-08,여자,30 - 39세,경기도,국내온라인거래,화장품세트,청약철회
2024001624,2024-01-08,여자,40 - 49세,경상북도,모바일거래,해외유학알선,청약철회
2024001625,2024-01-08,여자,50 - 59세,서울특별시,다단계판매,기타건강식품,부당행위
2024001626,2024-01-08,남자,30 - 39세,울산광역시,모바일거래,호텔,계약해제.해지/위약금
2024001627,2024-01-08,남자,30 - 39세,서울특별시,기타,사진촬영,청약철회
2024001628,2024-01-08,남자,20 - 29세,서울특별시,국내온라인거래,소파,청약철회
2024001629,2024-01-08,남자,60 - 64세,경기도,기타,택배화물운송서비스,계약불이행(불완전이행)
2024001630,2024-01-08,여자,30 - 39세,서울특별시,국내온라인거래,인터넷정보이용서비스,계약해제.해지/위약금
2024001631,2024-01-08,여자,30 - 39세,경기도,국내온라인거래,항공여객운송서비스,부당행위
2024001632,2024-01-08,여자,30 - 39세,경기도,기타,스마트폰,AS불만
2024001633,2024-01-08,여자,20 - 29세,서울특별시,국내온라인거래,각종공연관람,계약불이행(불완전이행)
2024001634,2024-01-08,남자,50 - 59세,경기도,전화권유판매,기타매체광고,청약철회
2024001635,2024-01-08,남자,30 - 39세,경기도,국내온라인거래,각종공연관람,계약불이행(불완전이행)
2024001636,2024-01-08,여자,30 - 39세,서울특별시,모바일거래,호텔,청약철회
2024001637,2024-01-08,남자,50 - 59세,인천광역시,국내온라인거래,TV,품질(물품/용역)
2024001638,2024-01-08,남자,20 - 29세,서울특별시,방문판매,헬스장,계약해제.해지/위약금
2024001639,2024-01-08,여자,40 - 49세,대구광역시,일반판매,식기세척기,품질(물품/용역)
2024001640,2024-01-08,남자,30 - 39세,부산광역시,소셜커머스(쇼핑),쇠고기,계약불이행(불완전이행)
2024001641,2024-01-08,여자,40 - 49세,경기도,일반판매,헬스장,계약해제.해지/위약금
2024001642,2024-01-08,남자,20 - 29세,부산광역시,기타,연립주택,품질(물품/용역)
2024001643,2024-01-08,여자,40 - 49세,대전광역시,국내온라인거래,도서·음반대여(렌트),청약철회
2024001644,2024-01-08,남자,30 - 39세,경기도,국내온라인거래,기타미분류서비스,표시.광고
2024001645,2024-01-08,남자,50 - 59세,대전광역시,국내온라인거래,전기진공청소기,AS불만
2024001646,2024-01-08,남자,40 - 49세,서울특별시,국내온라인거래,통신기기케이스,계약해제.해지/위약금
2024001647,2024-01-08,여자,30 - 39세,경상남도,방문판매,방문교육,청약철회
2024001648,2024-01-08,여자,40 - 49세,서울특별시,기타,인터넷정보이용서비스,계약불이행(불완전이행)
2024001649,2024-01-08,여자,30 - 39세,전라북도,일반판매,피부·체형관리서비스,품질(물품/용역)
2024001650,2024-01-08,남자,30 - 39세,서울특별시,국내온라인거래,합성피혁의류,청약철회
2024001651,2024-01-08,여자,40 - 49세,경기도,TV홈쇼핑,안마의자대여(렌트),계약해제.해지/위약금
2024001652,2024-01-08,여자,30 - 39세,서울특별시,국내온라인거래,기타스포츠·레저기구·용품,청약철회
2024001653,2024-01-08,여자,30 - 39세,서울특별시,기타,헬스장,계약해제.해지/위약금
2024001654,2024-01-08,여자,40 - 49세,서울특별시,일반판매,정수기대여(렌트),품질(물품/용역)
2024001655,2024-01-08,여자,30 - 39세,경상남도,소셜커머스(쇼핑),전기팬히터,가격.요금
2024001656,2024-01-08,여자,30 - 39세,서울특별시,국내온라인거래,각종공연관람,계약불이행(불완전이행)
2024001657,2024-01-08,남자,40 - 49세,강원특별자치도,모바일거래,애완견,표시.광고
2024001658,2024-01-08,여자,60 - 64세,부산광역시,소셜커머스(쇼핑),커피메이커,청약철회
2024001659,2024-01-08,여자,20 - 29세,경상남도,국내온라인거래,니트(스웨터),계약해제.해지/위약금
2024001660,2024-01-08,남자,30 - 39세,서울특별시,국내온라인거래,컴퓨터모니터(데스크탑),품질(물품/용역)
2024001661,2024-01-08,여자,60 - 64세,경기도,국내온라인거래,주방세트,품질(물품/용역)
2024001662,2024-01-09,남자,40 - 49세,서울특별시,기타,기타미분류서비스,계약해제.해지/위약금
2024001663,2024-01-09,남자,50 - 59세,경기도,일반판매,경비·관리서비스,계약해제.해지/위약금
2024001664,2024-01-09,남자,30 - 39세,경기도,국내온라인거래,전기오븐레인지,AS불만
2024001665,2024-01-09,여자,20 - 29세,서울특별시,일반판매,피부·체형관리서비스,계약불이행(불완전이행)
2024001666,2024-01-09,남자,40 - 49세,서울특별시,일반판매,초고속인터넷,품질(물품/용역)
2024001667,2024-01-09,여자,40 - 49세,서울특별시,기타,호텔,계약불이행(불완전이행)
2024001668,2024-01-09,남자,50 - 59세,전라남도,일반판매,경승용차,품질(물품/용역)
2024001669,2024-01-09,여자,40 - 49세,경상남도,방문판매,인터넷교육서비스,계약해제.해지/위약금
2024001670,2024-01-09,여자,30 - 39세,경기도,국내온라인거래,가습기,품질(물품/용역)
2024001671,2024-01-09,남자,40 - 49세,인천광역시,기타,"OTT서비스(넷플릭스,왓챠 등)",부당행위
2024001672,2024-01-09,여자,40 - 49세,서울특별시,모바일거래,자동차대여(렌트),청약철회
2024001673,2024-01-09,여자,40 - 49세,부산광역시,일반판매,공중목욕탕,계약해제.해지/위약금
2024001674,2024-01-09,여자,40 - 49세,경상남도,일반판매,가스보일러,계약불이행(불완전이행)
2024001675,2024-01-09,남자,50 - 59세,경기도,일반판매,가정용이발기구,품질(물품/용역)
2024001676,2024-01-09,남자,40 - 49세,경기도,국제온라인거래,기타자동차용품,계약불이행(불완전이행)
2024001677,2024-01-09,남자,40 - 49세,인천광역시,기타,기타미분류서비스,계약해제.해지/위약금
2024001678,2024-01-09,여자,(미입력),경상남도,일반판매,헬스장,계약해제.해지/위약금
2024001679,2024-01-09,남자,20 - 29세,서울특별시,모바일거래,전동킥보드,부당행위
2024001680,2024-01-09,남자,30 - 39세,광주광역시,국내온라인거래,자동차대여(렌트),계약해제.해지/위약금
2024001681,2024-01-09,여자,불명,부산광역시,국내온라인거래,기타의류·섬유,표시.광고
2024001682,2024-01-09,여자,30 - 39세,서울특별시,국내온라인거래,캐주얼바지,표시.광고
2024001683,2024-01-09,여자,30 - 39세,서울특별시,소셜커머스(쇼핑),커피메이커,AS불만
2024001684,2024-01-09,여자,20 - 29세,서울특별시,국내온라인거래,기타문화용품,계약불이행(불완전이행)
2024001686,2024-01-09,남자,60 - 64세,부산광역시,국내온라인거래,기타곡류·곡류가공식품,표시.광고
2024001687,2024-01-09,여자,60 - 64세,대구광역시,국내온라인거래,배추,품질(물품/용역)
2024001688,2024-01-09,남자,50 - 59세,충청남도,일반판매,고시원이용,계약해제.해지/위약금
2024001689,2024-01-09,남자,40 - 49세,경기도,국내온라인거래,신유형상품권,부당행위
2024001691,2024-01-09,남자,30 - 39세,경기도,국내온라인거래,기타자동차용품,품질(물품/용역)
2024001693,2024-01-09,남자,40 - 49세,경기도,모바일거래,외식,이자.수수료
2024001694,2024-01-09,여자,30 - 39세,경기도,기타통신판매,인터넷교육서비스,계약불이행(불완전이행)
2024001695,2024-01-09,남자,20 - 29세,경기도,일반판매,자동차대여(렌트),부당행위
2024001696,2024-01-09,여자,20 - 29세,서울특별시,일반판매,국외여행,계약불이행(불완전이행)
2024001697,2024-01-09,남자,20 - 29세,서울특별시,일반판매,외식,안전(제품/시설)
2024001698,2024-01-09,남자,40 - 49세,경상북도,국내온라인거래,김치냉장고,표시.광고
2024001699,2024-01-09,남자,불명,서울특별시,국내온라인거래,기타자동차용품,계약불이행(불완전이행)
2024001700,2024-01-17,남자,30 - 39세,경기도,일반판매,무스탕,품질(물품/용역)
2024001701,2024-01-09,여자,20 - 29세,경기도,일반판매,외식,안전(제품/시설)
2024001702,2024-01-09,여자,50 - 59세,경기도,방문판매,식탁,품질(물품/용역)
2024001704,2024-01-09,남자,50 - 59세,대구광역시,국제온라인거래,운동화,청약철회
2024001705,2024-01-09,여자,불명,충청남도,국내온라인거래,팩류,청약철회
2024001706,2024-01-09,남자,30 - 39세,경상북도,일반판매,국내결혼중개,계약불이행(불완전이행)
2024001707,2024-01-09,여자,30 - 39세,경기도,일반판매,사진촬영,부당행위
2024001708,2024-01-09,여자,30 - 39세,서울특별시,국내온라인거래,미술전시관람,청약철회
2024001709,2024-01-09,남자,40 - 49세,세종특별자치시,일반판매,냉장고,품질(물품/용역)
2024001710,2024-01-09,여자,40 - 49세,인천광역시,국내온라인거래,프라이팬,AS불만
2024001711,2024-01-09,여자,40 - 49세,경상북도,국내온라인거래,인터넷교육서비스,계약해제.해지/위약금
2024001712,2024-01-09,여자,60 - 64세,서울특별시,기타,외과,품질(물품/용역)
2024001713,2024-01-09,여자,40 - 49세,경기도,일반판매,스마트폰,품질(물품/용역)
2024001714,2024-01-09,여자,20 - 29세,경기도,국내온라인거래,안경·안경테,계약불이행(불완전이행)
2024001715,2024-01-09,여자,50 - 59세,경기도,소셜커머스(쇼핑),기타건강식품,청약철회
2024001716,2024-01-09,여자,40 - 49세,경기도,일반판매,한의원,계약해제.해지/위약금
2024001717,2024-01-09,여자,50 - 59세,서울특별시,소셜커머스(쇼핑),호텔,계약해제.해지/위약금
2024001718,2024-01-09,남자,30 - 39세,인천광역시,일반판매,헬스장,계약해제.해지/위약금
2024001719,2024-01-09,여자,40 - 49세,경상남도,국내온라인거래,기타일반화장품,표시.광고
2024001720,2024-01-09,여자,30 - 39세,서울특별시,일반판매,기타미분류서비스,청약철회
2024001721,2024-01-15,여자,30 - 39세,세종특별자치시,일반판매,점퍼·재킷류,품질(물품/용역)
2024001722,2024-01-09,여자,40 - 49세,경기도,국내온라인거래,기타식품류,품질(물품/용역)
2024001723,2024-01-09,여자,20 - 29세,서울특별시,일반판매,필라테스,계약해제.해지/위약금
2024001724,2024-01-09,남자,65 - 69세,서울특별시,일반판매,정수기대여(렌트),계약해제.해지/위약금
2024001725,2024-01-09,여자,50 - 59세,전라남도,일반판매,필라테스,계약해제.해지/위약금
2024001726,2024-01-11,남자,20 - 29세,경기도,일반판매,점퍼·재킷류,품질(물품/용역)
2024001727,2024-01-09,남자,50 - 59세,제주도,일반판매,소형화물자동차,품질(물품/용역)
2024001728,2024-01-09,남자,50 - 59세,대구광역시,일반판매,각종자격취득강습,표시.광고
2024001729,2024-01-09,남자,50 - 59세,경상남도,일반판매,기타인테리어설비,계약불이행(불완전이행)
2024001730,2024-01-09,남자,40 - 49세,경기도,일반판매,모형완구,품질(물품/용역)
2024001731,2024-01-09,남자,20 - 29세,서울특별시,일반판매,헬스장,계약해제.해지/위약금
2024001732,2024-01-09,남자,20 - 29세,서울특별시,일반판매,필라테스,계약해제.해지/위약금
2024001733,2024-01-09,남자,40 - 49세,대전광역시,전화권유판매,유사투자자문,계약해제.해지/위약금
2024001734,2024-01-09,여자,20 - 29세,경기도,일반판매,헬스장,계약해제.해지/위약금
2024001735,2024-01-09,여자,50 - 59세,인천광역시,방문판매,건강(암·기타질병)보험,계약불이행(불완전이행)
2024001736,2024-01-09,남자,40 - 49세,경기도,전화권유판매,전화이용서비스,계약불이행(불완전이행)
2024001737,2024-01-09,남자,30 - 39세,서울특별시,방문판매,의상대여(렌트),계약해제.해지/위약금
2024001738,2024-01-09,여자,50 - 59세,서울특별시,일반판매,그릇세트,계약불이행(불완전이행)
2024001739,2024-01-09,여자,20 - 29세,광주광역시,일반판매,일반강습(입시학원등),계약해제.해지/위약금
2024001740,2024-01-09,남자,50 - 59세,서울특별시,일반판매,기타법률서비스,계약불이행(불완전이행)
2024001741,2024-01-09,남자,30 - 39세,서울특별시,국내온라인거래,항공여객운송서비스,가격.요금
2024001742,2024-01-10,여자,30 - 39세,서울특별시,일반판매,점퍼·재킷류,품질(물품/용역)
2024001743,2024-01-29,여자,40 - 49세,경기도,국내온라인거래,샌들·슬리퍼,품질(물품/용역)
2024001744,2024-01-09,여자,40 - 49세,경기도,일반판매,중형승합자동차,품질(물품/용역)
2024001745,2024-01-09,남자,불명,경기도,기타,기타미분류서비스,청약철회
2024001748,2024-01-09,남자,40 - 49세,경기도,일반판매,초고속인터넷,계약해제.해지/위약금
2024001749,2024-01-09,여자,80세이상,서울특별시,일반판매,신경과,품질(물품/용역)
2024001750,2024-01-09,여자,40 - 49세,대전광역시,국내온라인거래,니트(스웨터),청약철회
2024001752,2024-01-29,여자,30 - 39세,충청북도,국내온라인거래,운동화,품질(물품/용역)
2024001753,2024-01-09,여자,30 - 39세,충청북도,일반판매,종신보험,계약불이행(불완전이행)
2024001754,2024-01-09,여자,50 - 59세,서울특별시,일반판매,냉장고,AS불만
2024001755,2024-01-09,여자,40 - 49세,부산광역시,일반판매,실손보험,계약불이행(불완전이행)
2024001756,2024-01-11,여자,60 - 64세,충청남도,일반판매,점퍼·재킷류,품질(물품/용역)
2024001757,2024-01-09,여자,60 - 64세,전라북도,일반판매,가스보일러,단순문의.상담
2024001758,2024-01-11,여자,40 - 49세,경기도,국내온라인거래,베개,품질(물품/용역)
2024001759,2024-01-09,여자,60 - 64세,충청북도,일반판매,중고자동차중개·매매,계약해제.해지/위약금
2024001760,2024-01-09,여자,50 - 59세,인천광역시,일반판매,이동전화서비스,가격.요금
2024001761,2024-01-09,남자,40 - 49세,울산광역시,국제온라인거래,항공여객운송서비스,계약해제.해지/위약금
2024001762,2024-01-11,남자,30 - 39세,충청북도,일반판매,양복(서양식 의복)세탁,품질(물품/용역)
2024001763,2024-01-09,남자,50 - 59세,경기도,국내온라인거래,기타숙박시설,계약해제.해지/위약금
2024001764,2024-01-11,여자,30 - 39세,경상북도,일반판매,양복(서양식 의복)세탁,품질(물품/용역)
2024001765,2024-01-09,남자,20 - 29세,충청남도,국내온라인거래,캐주얼바지,청약철회
2024001766,2024-01-09,여자,20 - 29세,충청북도,일반판매,컴퓨터수리,거래관행
2024001768,2024-01-09,남자,40 - 49세,서울특별시,기타,실손보험,계약불이행(불완전이행)
2024001769,2024-01-09,여자,50 - 59세,서울특별시,전화권유판매,모바일정보이용서비스,계약불이행(불완전이행)
2024001771,2024-01-11,여자,30 - 39세,부산광역시,일반판매,점퍼·재킷류,품질(물품/용역)
2024001774,2024-01-09,여자,20 - 29세,대구광역시,모바일거래,호텔,청약철회
2024001775,2024-01-09,남자,40 - 49세,경상북도,전화권유판매,인터넷공유기,부당행위
2024001776,2024-01-09,여자,30 - 39세,경기도,일반판매,미분류수리가공,계약불이행(불완전이행)
2024001777,2024-01-09,남자,30 - 39세,경기도,국내온라인거래,오토바이,가격.요금
2024001778,2024-01-09,남자,40 - 49세,서울특별시,국내온라인거래,소파,품질(물품/용역)
2024001779,2024-01-09,남자,40 - 49세,서울특별시,기타,기타가사용품,부당행위
2024001780,2024-01-09,남자,20 - 29세,경기도,일반판매,헬스장,계약해제.해지/위약금
2024001781,2024-01-09,남자,40 - 49세,서울특별시,소셜커머스(쇼핑),침대,품질(물품/용역)
2024001782,2024-01-09,남자,40 - 49세,서울특별시,국내온라인거래,호텔,품질(물품/용역)
2024001783,2024-01-09,여자,20 - 29세,서울특별시,기타,헬스장,계약해제.해지/위약금
2024001784,2024-01-09,남자,30 - 39세,서울특별시,기타,독서실이용,청약철회
2024001785,2024-01-09,여자,30 - 39세,서울특별시,국내온라인거래,기타이·미용서비스,계약해제.해지/위약금
2024001786,2024-01-09,여자,20 - 29세,충청북도,일반판매,헬스장,계약해제.해지/위약금
2024001787,2024-01-09,남자,30 - 39세,경상남도,국내온라인거래,음식물처리기,계약해제.해지/위약금
2024001788,2024-01-09,여자,40 - 49세,서울특별시,국내온라인거래,초고속인터넷,계약해제.해지/위약금
2024001789,2024-01-09,여자,30 - 39세,인천광역시,국내온라인거래,텐트,계약불이행(불완전이행)
2024001790,2024-01-09,남자,50 - 59세,부산광역시,일반판매,기타주택·건물,AS불만
2024001791,2024-01-09,남자,65 - 69세,경상북도,국내온라인거래,시계,품질(물품/용역)
2024001792,2024-01-09,남자,50 - 59세,세종특별자치시,TV홈쇼핑,음식물처리기대여(렌트),계약불이행(불완전이행)
2024001793,2024-01-09,여자,30 - 39세,인천광역시,일반판매,결혼준비대행서비스,계약해제.해지/위약금
2024001794,2024-01-09,여자,30 - 39세,광주광역시,일반판매,도서·음반대여(렌트),계약해제.해지/위약금
2024001795,2024-01-09,여자,40 - 49세,서울특별시,국제온라인거래,기타책상·테이블류,품질(물품/용역)
2024001796,2024-01-09,남자,30 - 39세,서울특별시,국내온라인거래,의자,품질(물품/용역)
2024001797,2024-01-09,여자,20 - 29세,서울특별시,국내온라인거래,숙녀화(구두·부츠 등),청약철회
2024001798,2024-01-09,여자,30 - 39세,서울특별시,일반판매,보석·귀금속,계약불이행(불완전이행)
2024001799,2024-01-09,여자,40 - 49세,서울특별시,국내온라인거래,전기온수장판,품질(물품/용역)
2024001800,2024-01-09,남자,30 - 39세,전라북도,전화권유판매,기타매체광고,계약해제.해지/위약금
2024001801,2024-01-09,남자,30 - 39세,경기도,국내온라인거래,침대,품질(물품/용역)
2024001802,2024-01-09,여자,20 - 29세,서울특별시,일반판매,신발세탁,품질(물품/용역)
2024001803,2024-01-09,남자,40 - 49세,대구광역시,기타통신판매,"OTT서비스(넷플릭스,왓챠 등)",부당행위
2024001804,2024-01-09,남자,30 - 39세,부산광역시,기타,택배화물운송서비스,계약불이행(불완전이행)
2024001805,2024-01-09,남자,20 - 29세,광주광역시,국내온라인거래,컵,청약철회
2024001806,2024-01-09,여자,30 - 39세,부산광역시,기타,결혼준비대행서비스,청약철회
2024001807,2024-01-09,여자,20 - 29세,서울특별시,전화권유판매,인터넷교육서비스,청약철회
2024001808,2024-01-09,남자,40 - 49세,경기도,일반판매,기타의료용구,품질(물품/용역)
2024001809,2024-01-09,남자,30 - 39세,경기도,일반판매,호텔,계약해제.해지/위약금
2024001810,2024-01-09,여자,20 - 29세,경기도,일반판매,기타이·미용서비스,청약철회
2024001811,2024-01-09,남자,40 - 49세,충청북도,기타,보석·귀금속,단순문의.상담
2024001812,2024-01-09,여자,30 - 39세,서울특별시,모바일거래,국외여행,부당행위
2024001813,2024-01-09,남자,30 - 39세,경기도,방문판매,기타미분류서비스,부당행위
2024001814,2024-01-09,여자,30 - 39세,서울특별시,일반판매,필라테스,계약해제.해지/위약금
2024001815,2024-01-09,여자,40 - 49세,서울특별시,일반판매,일반이사운송서비스,계약해제.해지/위약금
2024001816,2024-01-09,여자,30 - 39세,서울특별시,국내온라인거래,원피스,청약철회
2024001817,2024-01-09,여자,50 - 59세,세종특별자치시,일반판매,음식물처리기대여(렌트),계약해제.해지/위약금
2024001818,2024-01-09,남자,50 - 59세,인천광역시,국내온라인거래,가스팬히터,품질(물품/용역)
2024001819,2024-01-09,남자,30 - 39세,경기도,기타,이동전화서비스,청약철회
2024001820,2024-01-09,남자,50 - 59세,경기도,국제온라인거래,항공여객운송서비스,가격.요금
2024001821,2024-01-09,여자,40 - 49세,서울특별시,국내온라인거래,기타의류·섬유,품질(물품/용역)
2024001822,2024-01-09,남자,40 - 49세,경기도,일반판매,항공여객운송서비스,계약해제.해지/위약금
2024001823,2024-01-09,남자,40 - 49세,인천광역시,국내온라인거래,전기오븐레인지,품질(물품/용역)
2024001824,2024-01-09,여자,50 - 59세,부산광역시,국내온라인거래,TV,품질(물품/용역)
2024001825,2024-01-09,남자,65 - 69세,경상남도,국내온라인거래,프린터,품질(물품/용역)
2024001826,2024-01-09,여자,50 - 59세,인천광역시,국내온라인거래,옷장,안전(제품/시설)
2024001827,2024-01-09,여자,30 - 39세,대전광역시,일반판매,핸드백,계약해제.해지/위약금
2024001828,2024-01-09,여자,40 - 49세,서울특별시,일반판매,기타침대류,표시.광고
2024001829,2024-01-09,남자,50 - 59세,서울특별시,국내온라인거래,기타간편복,청약철회
2024001830,2024-01-09,여자,20 - 29세,서울특별시,일반판매,미용서비스,부당행위
2024001831,2024-01-09,남자,30 - 39세,부산광역시,국내온라인거래,기타알선·중개·번역서비스,계약해제.해지/위약금
2024001832,2024-01-09,여자,30 - 39세,경기도,일반판매,"연회서비스(돌잔치,회갑 등)",이자.수수료
2024001833,2024-01-09,여자,20 - 29세,대전광역시,일반판매,미용서비스,계약불이행(불완전이행)
2024001834,2024-01-09,남자,50 - 59세,경기도,소셜커머스(쇼핑),전기충전기,AS불만
2024001835,2024-01-09,여자,40 - 49세,강원특별자치도,국내온라인거래,헤드폰·이어폰,계약불이행(불완전이행)
2024001836,2024-01-09,남자,65 - 69세,경상북도,일반판매,기타의류·섬유,표시.광고
2024001837,2024-01-09,여자,40 - 49세,서울특별시,기타,인터넷정보이용서비스,계약불이행(불완전이행)
2024001838,2024-01-09,남자,30 - 39세,경기도,일반판매,기타문화·오락시설이용,가격.요금
2024001839,2024-01-09,여자,30 - 39세,경기도,국내온라인거래,유산균함유제품,계약해제.해지/위약금
2024001840,2024-01-09,여자,40 - 49세,서울특별시,기타,기타수선·염색서비스,계약불이행(불완전이행)
2024001841,2024-01-09,남자,30 - 39세,서울특별시,국내온라인거래,항공여객운송서비스,계약해제.해지/위약금
2024001842,2024-01-09,남자,20 - 29세,경기도,국내온라인거래,레저·이벤트회원권,계약해제.해지/위약금
2024001843,2024-01-09,여자,40 - 49세,경기도,국내온라인거래,펜션,이자.수수료
2024001844,2024-01-09,남자,65 - 69세,전라남도,모바일거래,모바일게임서비스,청약철회
2024001845,2024-01-09,남자,20 - 29세,경상남도,방문판매,종합체육시설회원권,계약해제.해지/위약금
2024001846,2024-01-09,여자,30 - 39세,경기도,국내온라인거래,티셔츠,청약철회
2024001847,2024-01-09,남자,40 - 49세,부산광역시,일반판매,TV대,품질(물품/용역)
2024001848,2024-01-09,여자,20 - 29세,대구광역시,국내온라인거래,건물청소서비스,품질(물품/용역)
2024001849,2024-01-09,남자,40 - 49세,경기도,국내온라인거래,미분류컨설팅(자문),계약해제.해지/위약금
2024001850,2024-01-09,여자,30 - 39세,전라북도,전화권유판매,초고속인터넷,거래관행
2024001851,2024-01-09,여자,30 - 39세,세종특별자치시,일반판매,화장대,품질(물품/용역)
2024001852,2024-01-09,여자,30 - 39세,경기도,방문판매,발코니확장공사,AS불만
2024001853,2024-01-09,남자,40 - 49세,세종특별자치시,일반판매,기타인테리어설비,계약해제.해지/위약금
2024001854,2024-01-09,남자,30 - 39세,경기도,국내온라인거래,소파,품질(물품/용역)
2024001855,2024-01-09,남자,20 - 29세,경기도,모바일거래,인터넷게임서비스,부당행위
2024001856,2024-01-09,남자,20 - 29세,경상북도,국내온라인거래,스마트폰,계약불이행(불완전이행)
2024001857,2024-01-09,남자,30 - 39세,충청북도,기타,실손보험,계약불이행(불완전이행)
2024001858,2024-01-09,여자,30 - 39세,서울특별시,국내온라인거래,핸드백,청약철회
2024001859,2024-01-09,여자,40 - 49세,울산광역시,일반판매,시스템에어컨,계약해제.해지/위약금
2024001860,2024-01-09,남자,20 - 29세,인천광역시,국내온라인거래,항공여객운송서비스,계약해제.해지/위약금
2024001861,2024-01-09,남자,65 - 69세,경기도,일반판매,김치냉장고,부당행위
2024001862,2024-01-09,남자,65 - 69세,경기도,전화권유판매,기타정보이용서비스,계약불이행(불완전이행)
2024001863,2024-01-09,여자,20 - 29세,대전광역시,국내온라인거래,항공여객운송서비스,청약철회
2024001864,2024-01-09,여자,30 - 39세,경기도,국내온라인거래,사진촬영,계약불이행(불완전이행)
2024001865,2024-01-09,여자,40 - 49세,서울특별시,모바일거래,모바일정보이용서비스,청약철회
2024001866,2024-01-09,남자,30 - 39세,경기도,일반판매,레저·이벤트회원권,계약불이행(불완전이행)
2024001867,2024-01-09,남자,50 - 59세,경기도,일반판매,IPTV,AS불만
2024001868,2024-01-09,여자,20 - 29세,경기도,방문판매,헬스장,계약해제.해지/위약금
2024001869,2024-01-09,여자,30 - 39세,서울특별시,일반판매,외식,품질(물품/용역)
2024001870,2024-01-09,여자,30 - 39세,경기도,일반판매,필라테스,계약해제.해지/위약금
2024001871,2024-01-09,남자,40 - 49세,충청남도,일반판매,택배화물운송서비스,품질(물품/용역)
2024001872,2024-01-09,여자,20 - 29세,경기도,일반판매,기타이·미용서비스,계약해제.해지/위약금
2024001873,2024-01-09,여자,40 - 49세,전라남도,전화권유판매,모바일정보이용서비스,청약철회
2024001874,2024-01-09,여자,30 - 39세,경기도,국내온라인거래,항공여객운송서비스,가격.요금
2024001875,2024-01-09,남자,30 - 39세,인천광역시,일반판매,스프링매트리스,품질(물품/용역)
2024001876,2024-01-09,남자,30 - 39세,충청북도,일반판매,기타세탁서비스,품질(물품/용역)
2024001877,2024-01-09,남자,20 - 29세,경기도,기타통신판매,인쇄서비스,청약철회
2024001878,2024-01-09,여자,30 - 39세,서울특별시,국내온라인거래,여행용가방,품질(물품/용역)
2024001879,2024-01-09,여자,20 - 29세,서울특별시,국내온라인거래,항공여객운송서비스,계약해제.해지/위약금
2024001880,2024-01-09,여자,30 - 39세,경상남도,전화권유판매,인터넷교육서비스,계약해제.해지/위약금
2024001881,2024-01-09,여자,40 - 49세,경기도,전화권유판매,기타방문·통신교육서비스,계약해제.해지/위약금
2024001882,2024-01-09,남자,60 - 64세,부산광역시,국내온라인거래,소파,청약철회
2024001883,2024-01-09,여자,50 - 59세,서울특별시,국내온라인거래,여자용내의류,청약철회
2024001884,2024-01-09,남자,30 - 39세,부산광역시,국내온라인거래,TV,표시.광고
2024001885,2024-01-09,여자,20 - 29세,서울특별시,국내온라인거래,보석·귀금속,품질(물품/용역)
2024001886,2024-01-09,여자,40 - 49세,경기도,기타,인터넷정보이용서비스,부당행위
2024001887,2024-01-09,여자,30 - 39세,경기도,일반판매,정수기대여(렌트),품질(물품/용역)
2024001888,2024-01-09,남자,30 - 39세,경기도,기타,아파트,계약불이행(불완전이행)
2024001889,2024-01-09,남자,40 - 49세,부산광역시,국내온라인거래,기타가구,청약철회
2024001890,2024-01-09,여자,30 - 39세,경기도,국내온라인거래,침대,품질(물품/용역)
2024001891,2024-01-09,남자,40 - 49세,서울특별시,기타,항공화물운송서비스,계약해제.해지/위약금
2024001892,2024-01-09,여자,20 - 29세,경기도,방문판매,헬스장,계약해제.해지/위약금
2024001893,2024-01-09,여자,30 - 39세,대전광역시,소셜커머스(쇼핑),기타의류·섬유,계약해제.해지/위약금
2024001894,2024-01-09,여자,20 - 29세,인천광역시,기타,기타의류·섬유,청약철회
2024001895,2024-01-09,여자,20 - 29세,경기도,국내온라인거래,헤드폰·이어폰,계약불이행(불완전이행)
2024001896,2024-01-10,남자,30 - 39세,경기도,국내온라인거래,외장하드,계약불이행(불완전이행)
2024001897,2024-01-10,여자,50 - 59세,서울특별시,일반판매,미용서비스,품질(물품/용역)
2024001898,2024-01-10,남자,40 - 49세,경기도,기타,싱크대,계약불이행(불완전이행)
2024001899,2024-01-29,남자,30 - 39세,전라북도,국내온라인거래,운동화,품질(물품/용역)
2024001900,2024-01-10,남자,불명,경기도,국내온라인거래,인터넷게임서비스,표시.광고
2024001901,2024-01-10,남자,30 - 39세,대전광역시,국내온라인거래,기타영상기기,청약철회
2024001902,2024-01-10,여자,30 - 39세,인천광역시,일반판매,필라테스,계약불이행(불완전이행)
2024001903,2024-01-10,여자,50 - 59세,경기도,소셜커머스(쇼핑),세안류,표시.광고
2024001905,2024-01-10,남자,30 - 39세,서울특별시,일반판매,영화관람,계약해제.해지/위약금
2024001906,2024-01-10,여자,50 - 59세,대구광역시,일반판매,TV,AS불만
2024001907,2024-01-10,남자,30 - 39세,대구광역시,기타,스마트폰,AS불만
2024001908,2024-01-10,여자,20 - 29세,경상북도,국내온라인거래,인터넷교육서비스,표시.광고
2024001909,2024-01-10,남자,65 - 69세,부산광역시,일반판매,식탁,계약불이행(불완전이행)
2024001910,2024-01-10,남자,40 - 49세,인천광역시,기타,사진촬영,계약불이행(불완전이행)
2024001911,2024-01-10,여자,30 - 39세,서울특별시,국내온라인거래,TV,품질(물품/용역)
2024001912,2024-01-10,여자,70 - 79세,경기도,기타통신판매,샴푸,계약불이행(불완전이행)
2024001913,2024-01-10,남자,40 - 49세,경기도,일반판매,애완견,청약철회
2024001914,2024-01-10,여자,30 - 39세,경기도,일반판매,침대·매트리스대여(렌트),계약불이행(불완전이행)
2024001915,2024-01-10,남자,40 - 49세,인천광역시,기타통신판매,담배,청약철회
2024001916,2024-01-10,남자,40 - 49세,경기도,기타통신판매,유사투자자문,계약해제.해지/위약금
2024001917,2024-01-10,남자,20 - 29세,경기도,일반판매,스포츠시설이용,청약철회
2024001918,2024-01-10,남자,50 - 59세,전라북도,국내온라인거래,신유형상품권,계약불이행(불완전이행)
2024001919,2024-01-10,여자,40 - 49세,경기도,국내온라인거래,항공여객운송서비스,계약해제.해지/위약금
2024001920,2024-01-10,여자,30 - 39세,서울특별시,국내온라인거래,신유형상품권,계약불이행(불완전이행)
2024001921,2024-01-10,남자,20 - 29세,경기도,국내온라인거래,신사화(구두·부츠 등),품질(물품/용역)
2024001922,2024-01-10,여자,50 - 59세,경기도,기타,기타사설강습서비스,계약해제.해지/위약금
2024001923,2024-01-10,여자,50 - 59세,경기도,일반판매,음식물처리기,계약해제.해지/위약금
2024001924,2024-01-10,여자,30 - 39세,서울특별시,국제온라인거래,니트(스웨터),계약불이행(불완전이행)
2024001925,2024-01-10,남자,불명,경기도,국내온라인거래,티셔츠,표시.광고
2024001926,2024-01-10,남자,30 - 39세,전라북도,방문판매,기타옥외장비·설비,계약불이행(불완전이행)
2024001928,2024-01-10,여자,20 - 29세,부산광역시,모바일거래,니트(스웨터),청약철회
2024001929,2024-01-29,남자,30 - 39세,세종특별자치시,국내온라인거래,샌들·슬리퍼,품질(물품/용역)
2024001931,2024-01-10,남자,30 - 39세,부산광역시,소셜커머스(쇼핑),밥솥,청약철회
2024001932,2024-01-10,남자,65 - 69세,서울특별시,국내온라인거래,기타의류·섬유,청약철회
2024001933,2024-01-10,남자,불명,서울특별시,국내온라인거래,기타건강식품,계약불이행(불완전이행)
2024001934,2024-01-10,남자,70 - 79세,경상북도,TV홈쇼핑,전기장판,표시.광고
2024001935,2024-01-10,여자,30 - 39세,경기도,일반판매,기타미분류서비스,계약해제.해지/위약금
2024001937,2024-01-18,남자,20 - 29세,서울특별시,일반판매,점퍼·재킷류,품질(물품/용역)
2024001938,2024-01-10,여자,65 - 69세,인천광역시,기타,상해보험,계약불이행(불완전이행)
2024001939,2024-01-10,남자,40 - 49세,충청북도,국내온라인거래,타이어,품질(물품/용역)
2024001940,2024-01-10,남자,40 - 49세,인천광역시,국내온라인거래,서랍장,품질(물품/용역)
2024001941,2024-01-29,여자,60 - 64세,경기도,일반판매,운동화,품질(물품/용역)
2024001942,2024-01-10,남자,40 - 49세,경기도,모바일거래,호텔,청약철회
2024001943,2024-01-10,남자,20 - 29세,전라북도,기타,신문,부당행위
2024001944,2024-01-10,여자,50 - 59세,경상북도,국내온라인거래,매트,품질(물품/용역)
2024001946,2024-01-10,남자,30 - 39세,경기도,방문판매,이동전화서비스,계약불이행(불완전이행)
2024001947,2024-01-10,여자,50 - 59세,경기도,일반판매,침대,계약불이행(불완전이행)
2024001948,2024-01-10,남자,30 - 39세,인천광역시,국내온라인거래,면도기,표시.광고
2024001949,2024-01-10,여자,20 - 29세,경상남도,소셜커머스(쇼핑),기타의류·섬유,계약불이행(불완전이행)
2024001950,2024-01-10,남자,20 - 29세,부산광역시,일반판매,실손보험,계약불이행(불완전이행)
2024001951,2024-01-10,남자,40 - 49세,서울특별시,일반판매,한의원,계약해제.해지/위약금
2024001952,2024-01-10,여자,불명,서울특별시,기타,신유형상품권,단순문의.상담
2024001953,2024-01-10,여자,40 - 49세,경기도,국내온라인거래,점퍼·재킷류,청약철회
2024001954,2024-01-10,여자,65 - 69세,인천광역시,일반판매,감귤,품질(물품/용역)
2024001955,2024-01-10,여자,40 - 49세,서울특별시,국내온라인거래,점퍼·재킷류,품질(물품/용역)
2024001956,2024-01-10,남자,30 - 39세,인천광역시,방문판매,결혼준비대행서비스,청약철회
2024001957,2024-01-10,여자,30 - 39세,서울특별시,일반판매,종합체육시설회원권,계약해제.해지/위약금
2024001958,2024-01-10,여자,20 - 29세,서울특별시,일반판매,필라테스,계약해제.해지/위약금
2024001959,2024-01-10,여자,50 - 59세,서울특별시,일반판매,실손보험,계약불이행(불완전이행)
2024001960,2024-01-10,여자,20 - 29세,서울특별시,국내온라인거래,전기맛사지기,품질(물품/용역)
2024001961,2024-01-10,남자,40 - 49세,서울특별시,일반판매,자동차수리·점검,AS불만
2024001962,2024-01-18,남자,30 - 39세,강원특별자치도,국내온라인거래,니트(스웨터),품질(물품/용역)
2024001963,2024-01-10,여자,20 - 29세,서울특별시,일반판매,피부과,품질(물품/용역)
2024001964,2024-01-10,남자,70 - 79세,서울특별시,기타,실손보험,계약불이행(불완전이행)
2024001965,2024-01-10,남자,70 - 79세,경상북도,일반판매,실손보험,약관
2024001966,2024-01-10,여자,30 - 39세,경기도,국내온라인거래,캐주얼바지,청약철회
2024001967,2024-01-10,남자,30 - 39세,경기도,일반판매,중고자동차중개·매매,AS불만
2024001968,2024-01-18,여자,50 - 59세,경상남도,일반판매,점퍼·재킷류,품질(물품/용역)
2024001969,2024-01-10,남자,80세이상,대구광역시,기타통신판매,기타건강식품,표시.광고
2024001970,2024-01-10,여자,40 - 49세,경기도,국내온라인거래,소파베드,AS불만
2024001972,2024-01-10,남자,20 - 29세,충청남도,일반판매,중고자동차중개·매매,표시.광고
2024001973,2024-01-10,남자,50 - 59세,경상북도,전화권유판매,인터넷정보이용서비스,청약철회
2024001975,2024-01-10,여자,20 - 29세,인천광역시,일반판매,성형외과,품질(물품/용역)
2024001976,2024-01-10,남자,50 - 59세,서울특별시,기타,골프용품,AS불만
2024001977,2024-01-10,여자,50 - 59세,경기도,일반판매,기타미분류서비스,계약해제.해지/위약금
2024001978,2024-01-10,남자,40 - 49세,서울특별시,기타,실손보험,계약불이행(불완전이행)
2024001979,2024-01-10,여자,30 - 39세,경기도,국내온라인거래,모피·모피의류,품질(물품/용역)
2024001980,2024-01-10,여자,20 - 29세,부산광역시,국내온라인거래,기타숙박시설,계약해제.해지/위약금
2024001981,2024-01-10,여자,20 - 29세,경상남도,국내온라인거래,성형외과,계약해제.해지/위약금
2024001982,2024-01-10,여자,30 - 39세,서울특별시,국제온라인거래,호텔,계약불이행(불완전이행)
2024001983,2024-01-10,여자,50 - 59세,경기도,일반판매,피부과,계약해제.해지/위약금
2024001984,2024-01-10,남자,65 - 69세,강원특별자치도,국내온라인거래,전기장판,품질(물품/용역)
2024001985,2024-01-10,남자,40 - 49세,강원특별자치도,국내온라인거래,차량용블랙박스,계약불이행(불완전이행)
2024001987,2024-01-10,남자,30 - 39세,경기도,일반판매,중형승용자동차,AS불만
2024001989,2024-01-10,남자,40 - 49세,경상북도,일반판매,자동차대여(렌트),품질(물품/용역)
2024001990,2024-01-10,여자,50 - 59세,경기도,일반판매,콘도회원권,약관
2024001991,2024-01-10,여자,30 - 39세,전라북도,기타,성형외과,품질(물품/용역)
2024001992,2024-01-10,남자,40 - 49세,대구광역시,소셜커머스(쇼핑),전동휠,안전(제품/시설)
2024001993,2024-01-10,남자,40 - 49세,강원특별자치도,일반판매,항공여객운송서비스,거래관행
2024001995,2024-01-10,남자,20 - 29세,서울특별시,일반판매,기타사설강습서비스,계약해제.해지/위약금
2024001996,2024-01-10,남자,30 - 39세,서울특별시,일반판매,종합체육시설회원권,계약해제.해지/위약금
2024001997,2024-01-10,여자,30 - 39세,경상남도,국내온라인거래,전기진공청소기,품질(물품/용역)
2024001999,2024-01-10,여자,40 - 49세,인천광역시,국내온라인거래,냄비,계약불이행(불완전이행)
2024002000,2024-01-10,남자,30 - 39세,서울특별시,국내온라인거래,항공여객운송서비스,계약불이행(불완전이행)
2024002001,2024-01-10,남자,50 - 59세,서울특별시,국내온라인거래,가스보일러,거래관행
2024002002,2024-01-10,남자,20 - 29세,충청남도,국내온라인거래,기타숙박시설,계약해제.해지/위약금
2024002005,2024-01-10,여자,60 - 64세,서울특별시,국내온라인거래,조개,계약불이행(불완전이행)
2024002006,2024-01-10,여자,30 - 39세,서울특별시,일반판매,성형외과,계약해제.해지/위약금
2024002007,2024-01-10,남자,30 - 39세,경기도,국내온라인거래,기타자동차용품,품질(물품/용역)
2024002008,2024-01-10,남자,70 - 79세,서울특별시,일반판매,건강(암·기타질병)보험,약관
2024002010,2024-01-10,여자,50 - 59세,경기도,국내온라인거래,침대,표시.광고
2024002011,2024-01-10,여자,40 - 49세,전라남도,일반판매,미분류대여(렌트),부당행위
2024002012,2024-01-10,남자,불명,서울특별시,일반판매,택시여객운송서비스,부당행위
2024002013,2024-01-10,남자,30 - 39세,대구광역시,국내온라인거래,노트북컴퓨터,표시.광고
2024002014,2024-01-10,남자,50 - 59세,서울특별시,일반판매,기타미분류물품,계약불이행(불완전이행)
2024002015,2024-01-10,여자,40 - 49세,대구광역시,국내온라인거래,골프용품,청약철회
2024002016,2024-01-10,여자,불명,부산광역시,국내온라인거래,감귤,계약불이행(불완전이행)
2024002017,2024-01-18,남자,30 - 39세,서울특별시,국내온라인거래,셔츠,품질(물품/용역)
2024002018,2024-01-10,남자,50 - 59세,경상남도,일반판매,자동차대여(렌트),AS불만
2024002019,2024-01-29,남자,50 - 59세,경기도,국내온라인거래,신사화(구두·부츠 등),품질(물품/용역)
2024002021,2024-01-18,여자,20 - 29세,경상남도,일반판매,양복(서양식 의복)세탁,품질(물품/용역)
2024002022,2024-01-10,남자,40 - 49세,광주광역시,국내온라인거래,상품권,가격.요금
2024002023,2024-01-10,남자,30 - 39세,서울특별시,일반판매,자동차수리·점검,품질(물품/용역)
2024002024,2024-01-18,남자,40 - 49세,대구광역시,일반판매,양복(서양식 의복)세탁,품질(물품/용역)
2024002025,2024-01-10,남자,30 - 39세,광주광역시,국내온라인거래,신유형상품권,계약해제.해지/위약금
2024002026,2024-01-10,여자,60 - 64세,충청남도,일반판매,건강(암·기타질병)보험,계약불이행(불완전이행)
2024002028,2024-01-10,남자,50 - 59세,울산광역시,방문판매,기타의료용구,품질(물품/용역)
2024002029,2024-01-10,남자,40 - 49세,경기도,국내온라인거래,자동차대여(렌트),부당행위
2024002030,2024-01-10,남자,40 - 49세,경기도,일반판매,대형승용자동차,계약불이행(불완전이행)
2024002031,2024-01-18,여자,20 - 29세,경기도,일반판매,핸드백,품질(물품/용역)
2024002032,2024-01-10,남자,20 - 29세,경기도,일반판매,자동차수리·점검,이자.수수료
2024002033,2024-01-10,남자,65 - 69세,서울특별시,기타,실손보험,계약불이행(불완전이행)
2024002035,2024-01-10,남자,불명,경기도,기타통신판매,상조서비스,계약불이행(불완전이행)
2024002036,2024-01-23,여자,60 - 64세,서울특별시,일반판매,캐주얼바지,품질(물품/용역)
2024002038,2024-01-17,남자,20 - 29세,서울특별시,국내온라인거래,점퍼·재킷류,품질(물품/용역)
2024002039,2024-01-10,여자,20 - 29세,서울특별시,일반판매,한의원,계약해제.해지/위약금
2024002040,2024-01-18,여자,20 - 29세,서울특별시,일반판매,양복(서양식 의복)세탁,품질(물품/용역)
2024002041,2024-01-10,남자,70 - 79세,경기도,일반판매,의료용구대여(렌트),품질(물품/용역)
2024002042,2024-01-18,남자,30 - 39세,서울특별시,일반판매,점퍼·재킷류,품질(물품/용역)
2024002044,2024-01-10,남자,30 - 39세,경기도,일반판매,애완견,계약해제.해지/위약금
2024002045,2024-01-18,여자,40 - 49세,경상남도,국내온라인거래,점퍼·재킷류,품질(물품/용역)
2024002046,2024-01-10,여자,40 - 49세,충청남도,기타,기타민영보험,계약불이행(불완전이행)
2024002047,2024-01-10,남자,40 - 49세,경기도,국내온라인거래,침대,품질(물품/용역)
2024002048,2024-01-10,남자,20 - 29세,경기도,방문판매,헬스장,계약해제.해지/위약금
2024002049,2024-01-10,남자,40 - 49세,경기도,소셜커머스(쇼핑),기타농업시설자재,계약해제.해지/위약금
2024002050,2024-01-10,남자,20 - 29세,경기도,국제온라인거래,호텔,품질(물품/용역)
2024002051,2024-01-10,여자,40 - 49세,부산광역시,모바일거래,서랍장,품질(물품/용역)
2024002052,2024-01-10,여자,20 - 29세,서울특별시,일반판매,양복(서양식 의복)세탁,품질(물품/용역)
2024002053,2024-01-10,여자,40 - 49세,서울특별시,일반판매,헬스장,청약철회
2024002054,2024-01-10,여자,30 - 39세,서울특별시,일반판매,변호서비스,계약해제.해지/위약금
2024002055,2024-01-10,남자,50 - 59세,경상남도,전화권유판매,스마트폰,계약불이행(불완전이행)
2024002056,2024-01-10,남자,30 - 39세,경기도,국내온라인거래,택배화물운송서비스,품질(물품/용역)
2024002057,2024-01-10,남자,40 - 49세,경기도,국내온라인거래,호텔,품질(물품/용역)
2024002058,2024-01-10,여자,20 - 29세,부산광역시,국내온라인거래,캐주얼바지,청약철회
2024002059,2024-01-10,여자,40 - 49세,광주광역시,기타,메이크업강습,부당행위
2024002060,2024-01-10,남자,40 - 49세,인천광역시,일반판매,스마트폰,품질(물품/용역)
2024002061,2024-01-10,남자,40 - 49세,서울특별시,국내온라인거래,포도,청약철회
2024002062,2024-01-10,남자,30 - 39세,인천광역시,국내온라인거래,이동전화서비스,가격.요금
2024002063,2024-01-10,여자,50 - 59세,서울특별시,국내온라인거래,정수기,품질(물품/용역)
2024002064,2024-01-10,여자,30 - 39세,서울특별시,기타,호텔,계약불이행(불완전이행)
2024002065,2024-01-10,여자,50 - 59세,경기도,전화권유판매,해외유학알선,계약해제.해지/위약금
2024002066,2024-01-10,여자,40 - 49세,서울특별시,국내온라인거래,스팀다리미,청약철회
2024002067,2024-01-10,남자,30 - 39세,경기도,국내온라인거래,작동완구,AS불만
2024002068,2024-01-10,남자,30 - 39세,경기도,국내온라인거래,사진촬영,부당행위
2024002069,2024-01-10,남자,30 - 39세,전라북도,국내온라인거래,건강침대(흙·돌등),부당행위
2024002070,2024-01-10,남자,20 - 29세,경기도,일반판매,미용서비스,계약불이행(불완전이행)
2024002071,2024-01-10,남자,30 - 39세,서울특별시,모바일거래,자동차대여(렌트),부당행위
2024002072,2024-01-10,여자,60 - 64세,경기도,모바일거래,모바일정보이용서비스,계약해제.해지/위약금
2024002073,2024-01-10,남자,20 - 29세,제주도,국내온라인거래,기타컴퓨터·주변기기,계약해제.해지/위약금
2024002074,2024-01-10,여자,20 - 29세,서울특별시,일반판매,미용서비스,부당행위
2024002075,2024-01-10,남자,30 - 39세,경기도,국내온라인거래,택배화물운송서비스,계약불이행(불완전이행)
2024002076,2024-01-10,여자,30 - 39세,경기도,국내온라인거래,신문,계약해제.해지/위약금
2024002077,2024-01-10,남자,30 - 39세,인천광역시,국내온라인거래,압력솥,AS불만
2024002078,2024-01-10,여자,50 - 59세,경기도,기타,기타사설강습서비스,부당행위
2024002079,2024-01-10,여자,30 - 39세,서울특별시,국내온라인거래,스커트,청약철회
2024002080,2024-01-10,남자,40 - 49세,서울특별시,국내온라인거래,인터넷게임서비스,품질(물품/용역)
2024002081,2024-01-10,남자,20 - 29세,경기도,국내온라인거래,기타의류·섬유,계약불이행(불완전이행)
2024002082,2024-01-10,남자,20 - 29세,서울특별시,방문판매,헬스장,계약해제.해지/위약금
2024002083,2024-01-10,여자,50 - 59세,전라북도,전화권유판매,기타매체광고,단순문의.상담
2024002084,2024-01-10,여자,30 - 39세,경기도,방문판매,의상대여(렌트),청약철회
2024002085,2024-01-10,여자,40 - 49세,강원특별자치도,소셜커머스(쇼핑),국외여행,품질(물품/용역)
2024002086,2024-01-10,여자,60 - 64세,부산광역시,일반판매,냉장고,단순문의.상담
2024002087,2024-01-10,여자,40 - 49세,인천광역시,모바일거래,인터넷정보이용서비스,부당행위
2024002088,2024-01-10,여자,20 - 29세,서울특별시,일반판매,기타사설강습서비스,계약해제.해지/위약금
2024002089,2024-01-10,여자,30 - 39세,부산광역시,모바일거래,필라테스,계약해제.해지/위약금
2024002090,2024-01-10,여자,50 - 59세,경기도,기타,소파,AS불만
2024002091,2024-01-10,여자,30 - 39세,인천광역시,일반판매,정수기,AS불만
2024002092,2024-01-10,여자,40 - 49세,경기도,국내온라인거래,침대,품질(물품/용역)
2024002093,2024-01-10,여자,40 - 49세,부산광역시,기타,기타미분류물품,부당행위
2024002094,2024-01-10,남자,40 - 49세,인천광역시,국내온라인거래,호텔,품질(물품/용역)
2024002095,2024-01-10,여자,30 - 39세,서울특별시,국내온라인거래,기타문화·오락시설이용,계약해제.해지/위약금
2024002096,2024-01-10,남자,50 - 59세,경기도,모바일거래,케이크,거래관행
2024002097,2024-01-10,남자,40 - 49세,경기도,국내온라인거래,샌들·슬리퍼,청약철회
2024002098,2024-01-10,여자,30 - 39세,서울특별시,방문판매,기타일반화장품,계약해제.해지/위약금
2024002099,2024-01-10,여자,70 - 79세,서울특별시,기타,유통시설이용,계약불이행(불완전이행)
2024002100,2024-01-10,여자,30 - 39세,서울특별시,국내온라인거래,전기스탠드,계약해제.해지/위약금
2024002101,2024-01-10,남자,30 - 39세,경기도,국내온라인거래,기타건강식품,품질(물품/용역)
2024002102,2024-01-10,남자,40 - 49세,서울특별시,국내온라인거래,기타가방,청약철회
2024002103,2024-01-10,여자,30 - 39세,서울특별시,방문판매,기타인테리어설비,품질(물품/용역)
2024002104,2024-01-10,남자,60 - 64세,대구광역시,국내온라인거래,기타신변용품,청약철회
2024002105,2024-01-10,여자,30 - 39세,경기도,일반판매,결혼준비대행서비스,계약해제.해지/위약금
2024002106,2024-01-10,여자,30 - 39세,서울특별시,방문판매,국내결혼중개,계약불이행(불완전이행)
2024002107,2024-01-10,여자,40 - 49세,경기도,기타,기타주택·건물,계약불이행(불완전이행)
2024002108,2024-01-10,남자,10 - 19세,서울특별시,소셜커머스(쇼핑),기타가구,품질(물품/용역)
2024002109,2024-01-10,남자,20 - 29세,경기도,국내온라인거래,이동전화서비스,가격.요금
2024002110,2024-01-10,여자,30 - 39세,충청북도,국내온라인거래,헤어드라이어,안전(제품/시설)
2024002111,2024-01-10,여자,30 - 39세,서울특별시,기타통신판매,기타미분류서비스,부당행위
2024002112,2024-01-10,여자,30 - 39세,경기도,기타,결혼준비대행서비스,계약해제.해지/위약금
2024002113,2024-01-10,여자,30 - 39세,서울특별시,일반판매,핸드백,계약불이행(불완전이행)
2024002114,2024-01-10,남자,30 - 39세,전라남도,기타통신판매,기타신발·용품,단순문의.상담
2024002115,2024-01-10,남자,30 - 39세,인천광역시,국내온라인거래,기타의료용구,품질(물품/용역)
2024002116,2024-01-10,여자,20 - 29세,대구광역시,일반판매,필라테스,계약해제.해지/위약금
2024002117,2024-01-10,여자,30 - 39세,대구광역시,모바일거래,사진촬영,계약불이행(불완전이행)
2024002118,2024-01-10,여자,40 - 49세,경기도,국내온라인거래,정수기대여(렌트),계약해제.해지/위약금
2024002119,2024-01-10,남자,30 - 39세,인천광역시,기타통신판매,초고속인터넷,계약해제.해지/위약금
2024002120,2024-01-10,여자,60 - 64세,서울특별시,방문판매,캐주얼바지,품질(물품/용역)
2024002121,2024-01-10,남자,30 - 39세,서울특별시,국내온라인거래,인터넷게임서비스,단순문의.상담
2024002122,2024-01-10,여자,30 - 39세,경기도,국내온라인거래,기타의자류,품질(물품/용역)
2024002123,2024-01-10,남자,30 - 39세,경기도,국제온라인거래,기타의류·섬유,계약불이행(불완전이행)
2024002124,2024-01-10,여자,40 - 49세,경기도,국내온라인거래,기타이·미용기구,부당행위
2024002125,2024-01-10,남자,20 - 29세,경기도,일반판매,창호유리,품질(물품/용역)
2024002126,2024-01-10,남자,40 - 49세,인천광역시,일반판매,택배화물운송서비스,계약불이행(불완전이행)
2024002127,2024-01-10,남자,30 - 39세,서울특별시,국내온라인거래,가구세트,청약철회
2024002128,2024-01-10,남자,30 - 39세,대전광역시,기타통신판매,사진촬영,계약불이행(불완전이행)
2024002129,2024-01-10,남자,65 - 69세,서울특별시,기타,자동차수리·점검,가격.요금
2024002130,2024-01-10,여자,30 - 39세,서울특별시,국내온라인거래,스포츠웨어,청약철회
2024002131,2024-01-10,여자,30 - 39세,경상북도,국내온라인거래,점퍼·재킷류,품질(물품/용역)
2024002132,2024-01-10,남자,30 - 39세,충청북도,일반판매,사진촬영,계약해제.해지/위약금
2024002133,2024-01-10,여자,50 - 59세,경기도,전화권유판매,유사투자자문,계약해제.해지/위약금
2024002134,2024-01-10,남자,70 - 79세,경상남도,기타,성기능향상기기,청약철회
2024002135,2024-01-10,여자,40 - 49세,경상남도,전화권유판매,모바일정보이용서비스,계약불이행(불완전이행)
2024002136,2024-01-10,여자,50 - 59세,부산광역시,국내온라인거래,기타숙박시설,안전(제품/시설)
2024002137,2024-01-10,남자,40 - 49세,서울특별시,일반판매,종합체육시설회원권,계약해제.해지/위약금
2024002138,2024-01-10,남자,30 - 39세,부산광역시,국내온라인거래,매트,품질(물품/용역)
2024002139,2024-01-10,여자,30 - 39세,경기도,국내온라인거래,식기세척기,품질(물품/용역)
2024002140,2024-01-10,여자,불명,대구광역시,기타,정수기대여(렌트),계약해제.해지/위약금
2024002141,2024-01-10,남자,40 - 49세,경기도,전화권유판매,이동전화서비스,가격.요금
2024002142,2024-01-10,여자,30 - 39세,대구광역시,국내온라인거래,전기진공청소기,부당행위
2024002143,2024-01-10,여자,40 - 49세,경기도,기타,학습지,계약해제.해지/위약금
2024002144,2024-01-10,남자,40 - 49세,경기도,일반판매,일반강습(입시학원등),계약해제.해지/위약금
2024002145,2024-01-10,여자,50 - 59세,인천광역시,일반판매,안마의자대여(렌트),품질(물품/용역)
2024002146,2024-01-10,남자,40 - 49세,서울특별시,국내온라인거래,항공여객운송서비스,가격.요금
2024002147,2024-01-10,여자,50 - 59세,경기도,기타,기타미분류서비스,계약해제.해지/위약금
2024002148,2024-01-10,남자,40 - 49세,경기도,국내온라인거래,기타농업용기계,AS불만
2024002149,2024-01-10,여자,30 - 39세,충청북도,국내온라인거래,가습기,품질(물품/용역)
2024002150,2024-01-10,남자,50 - 59세,부산광역시,모바일거래,커피,청약철회
2024002151,2024-01-10,여자,40 - 49세,서울특별시,국내온라인거래,항공여객운송서비스,부당행위
2024002152,2024-01-10,남자,30 - 39세,경기도,일반판매,헬스장,계약해제.해지/위약금
2024002153,2024-01-10,남자,30 - 39세,서울특별시,기타,인터넷게임서비스,부당행위
2024002154,2024-01-10,남자,20 - 29세,경상북도,방문판매,결혼준비대행서비스,계약불이행(불완전이행)
2024002155,2024-01-10,남자,30 - 39세,경기도,기타통신판매,기타숙박시설,계약해제.해지/위약금
2024002156,2024-01-10,여자,20 - 29세,경기도,전화권유판매,초고속인터넷,계약해제.해지/위약금
2024002157,2024-01-10,남자,70 - 79세,서울특별시,국내온라인거래,밥통,청약철회
2024002158,2024-01-10,남자,65 - 69세,경기도,기타통신판매,신사화(구두·부츠 등),청약철회
2024002159,2024-01-10,여자,30 - 39세,인천광역시,국내온라인거래,포장이사운송서비스,품질(물품/용역)
2024002160,2024-01-10,남자,30 - 39세,경기도,일반판매,직업안내,계약해제.해지/위약금
2024002161,2024-01-10,여자,50 - 59세,경기도,국내온라인거래,점퍼·재킷류,품질(물품/용역)
2024002162,2024-01-10,여자,30 - 39세,충청북도,기타통신판매,기타가방,청약철회
2024002163,2024-01-10,여자,40 - 49세,경상북도,국내온라인거래,전기온수장판,계약해제.해지/위약금
2024002164,2024-01-10,여자,40 - 49세,전라북도,국내온라인거래,인터넷정보이용서비스,계약해제.해지/위약금
2024002165,2024-01-10,여자,20 - 29세,서울특별시,방문판매,헬스장,계약해제.해지/위약금
2024002166,2024-01-10,남자,65 - 69세,광주광역시,소셜커머스(쇼핑),프린터잉크,품질(물품/용역)
2024002167,2024-01-10,남자,30 - 39세,경기도,모바일거래,기타문화·오락시설이용,계약해제.해지/위약금
2024002168,2024-01-10,여자,30 - 39세,경기도,국내온라인거래,기타신발·용품,청약철회
2024002169,2024-01-10,남자,40 - 49세,경기도,국내온라인거래,항공여객운송서비스,가격.요금
2024002170,2024-01-10,남자,30 - 39세,경기도,국내온라인거래,인터넷교육서비스,계약해제.해지/위약금
2024002171,2024-01-10,남자,40 - 49세,강원특별자치도,일반판매,애완동물기타,계약해제.해지/위약금
2024002172,2024-01-10,여자,40 - 49세,경상남도,국내온라인거래,포장이사운송서비스,품질(물품/용역)
2024002173,2024-01-10,남자,20 - 29세,대전광역시,국제온라인거래,국외여행,계약해제.해지/위약금
2024002174,2024-01-10,남자,30 - 39세,서울특별시,기타,음식물처리기,부당행위
2024002175,2024-01-10,여자,30 - 39세,부산광역시,국내온라인거래,코트,청약철회
2024002176,2024-01-10,남자,30 - 39세,경기도,일반판매,의류수선,AS불만
2024002177,2024-01-10,여자,20 - 29세,경기도,일반판매,요가,계약해제.해지/위약금
2024002178,2024-01-11,여자,30 - 39세,서울특별시,일반판매,성형외과,품질(물품/용역)
2024002179,2024-01-11,남자,20 - 29세,부산광역시,국내온라인거래,전기자전거,품질(물품/용역)
2024002180,2024-01-11,남자,50 - 59세,강원특별자치도,일반판매,소형화물자동차,품질(물품/용역)
2024002181,2024-01-11,여자,50 - 59세,경기도,국내온라인거래,미분류대여(렌트),계약해제.해지/위약금
2024002182,2024-01-22,여자,50 - 59세,경상남도,일반판매,숙녀화(구두·부츠 등),품질(물품/용역)
2024002183,2024-01-22,여자,30 - 39세,부산광역시,일반판매,숙녀화(구두·부츠 등),품질(물품/용역)
2024002184,2024-01-22,남자,20 - 29세,부산광역시,일반판매,숙녀화(구두·부츠 등),품질(물품/용역)
2024002185,2024-01-11,남자,50 - 59세,전라남도,일반판매,상해보험,계약불이행(불완전이행)
2024002186,2024-01-11,남자,40 - 49세,경기도,일반판매,초고속인터넷,계약해제.해지/위약금
2024002187,2024-01-11,남자,70 - 79세,서울특별시,일반판매,경승용차,품질(물품/용역)
2024002188,2024-01-11,여자,30 - 39세,충청북도,방문판매,인터넷교육서비스,청약철회
2024002189,2024-01-11,여자,40 - 49세,대전광역시,소셜커머스(쇼핑),애완동·식물용품,청약철회
2024002190,2024-01-11,여자,50 - 59세,경기도,국내온라인거래,국외여행,계약해제.해지/위약금
2024002191,2024-01-11,여자,30 - 39세,충청남도,국내온라인거래,소파,계약불이행(불완전이행)
2024002192,2024-01-11,여자,40 - 49세,서울특별시,국내온라인거래,기타숙박시설,계약불이행(불완전이행)
2024002193,2024-01-11,여자,20 - 29세,경기도,기타통신판매,상조서비스,계약불이행(불완전이행)
2024002194,2024-01-11,남자,30 - 39세,경상남도,국내온라인거래,유산균함유제품,표시.광고
2024002195,2024-01-22,여자,40 - 49세,경상남도,국내온라인거래,운동화,품질(물품/용역)
2024002197,2024-01-11,여자,70 - 79세,울산광역시,TV홈쇼핑,매실추출물제품,청약철회
2024002198,2024-01-11,남자,50 - 59세,서울특별시,일반판매,주거용접착제,품질(물품/용역)
2024002199,2024-01-11,남자,30 - 39세,부산광역시,모바일거래,신유형상품권,거래관행
2024002200,2024-01-11,여자,30 - 39세,경기도,모바일거래,기타숙박시설,계약해제.해지/위약금
2024002201,2024-01-11,남자,40 - 49세,경기도,일반판매,애완견,계약불이행(불완전이행)
2024002202,2024-01-11,여자,65 - 69세,전라북도,방문판매,실손보험,계약불이행(불완전이행)
2024002203,2024-01-11,남자,30 - 39세,서울특별시,국내온라인거래,TV,AS불만
2024002204,2024-01-11,여자,20 - 29세,부산광역시,국내온라인거래,캐주얼바지,청약철회
2024002205,2024-01-11,남자,30 - 39세,서울특별시,모바일거래,모바일게임서비스,청약철회
2024002206,2024-01-11,여자,50 - 59세,충청남도,국내온라인거래,펜션,청약철회
2024002207,2024-01-11,여자,40 - 49세,서울특별시,일반판매,이동전화서비스,부당행위
2024002208,2024-01-11,여자,40 - 49세,인천광역시,일반판매,수영장회원권,계약해제.해지/위약금
2024002209,2024-01-11,남자,40 - 49세,서울특별시,국제온라인거래,기타자동차용품,청약철회
2024002210,2024-01-11,여자,20 - 29세,부산광역시,기타통신판매,기타채소·채소가공식품,계약해제.해지/위약금
2024002211,2024-01-11,여자,40 - 49세,서울특별시,일반판매,작동완구,품질(물품/용역)
2024002212,2024-01-11,여자,40 - 49세,대구광역시,일반판매,성형외과,품질(물품/용역)
2024002213,2024-01-11,남자,20 - 29세,대전광역시,일반판매,헬스장,계약해제.해지/위약금
2024002214,2024-01-11,여자,20 - 29세,서울특별시,기타통신판매,건물청소서비스,계약불이행(불완전이행)
2024002215,2024-01-11,여자,20 - 29세,인천광역시,일반판매,헬스장,계약해제.해지/위약금
2024002218,2024-01-11,여자,40 - 49세,부산광역시,일반판매,헬스장,계약해제.해지/위약금
2024002219,2024-01-11,여자,40 - 49세,경상남도,기타통신판매,캐주얼바지,청약철회
2024002220,2024-01-11,남자,65 - 69세,서울특별시,방문판매,건강(암·기타질병)보험,계약불이행(불완전이행)
2024002221,2024-01-11,남자,30 - 39세,서울특별시,일반판매,기타예식관련서비스,계약해제.해지/위약금
2024002222,2024-01-11,남자,60 - 64세,경기도,일반판매,연금보험,계약불이행(불완전이행)
2024002223,2024-01-11,여자,50 - 59세,충청남도,일반판매,전기온수장판,AS불만
2024002224,2024-01-11,여자,20 - 29세,부산광역시,국내온라인거래,숙녀복상의,품질(물품/용역)
2024002225,2024-01-11,남자,20 - 29세,전라남도,일반판매,포장이사운송서비스,계약불이행(불완전이행)
2024002226,2024-01-11,여자,20 - 29세,경기도,일반판매,필라테스,계약해제.해지/위약금
2024002227,2024-01-11,여자,60 - 64세,서울특별시,일반판매,기타주거관리설비,부당행위
2024002228,2024-01-11,남자,50 - 59세,충청남도,국내온라인거래,자동차리스,품질(물품/용역)
2024002229,2024-01-11,남자,30 - 39세,대전광역시,국내온라인거래,통신기기주변장치,계약불이행(불완전이행)
2024002230,2024-01-11,여자,30 - 39세,서울특별시,국내온라인거래,노트북컴퓨터,품질(물품/용역)
2024002231,2024-01-11,여자,50 - 59세,강원특별자치도,국내온라인거래,국외여행,계약해제.해지/위약금
2024002232,2024-01-11,남자,30 - 39세,경기도,일반판매,자동차세차,AS불만
2024002233,2024-01-11,남자,40 - 49세,서울특별시,일반판매,케이블TV,부당행위
2024002234,2024-01-11,남자,20 - 29세,경기도,일반판매,골프회원권,계약해제.해지/위약금
2024002235,2024-01-11,남자,40 - 49세,광주광역시,국내온라인거래,여관(모텔),계약해제.해지/위약금
2024002236,2024-01-11,여자,30 - 39세,인천광역시,국내온라인거래,원피스,청약철회
2024002237,2024-01-11,남자,30 - 39세,경기도,국내온라인거래,오일류,청약철회
2024002238,2024-01-11,남자,20 - 29세,부산광역시,국내온라인거래,모바일게임서비스,부당행위
2024002239,2024-01-11,여자,50 - 59세,인천광역시,모바일거래,머플러,청약철회
2024002240,2024-01-11,여자,65 - 69세,서울특별시,국내온라인거래,항공여객운송서비스,부당행위
2024002241,2024-01-11,남자,50 - 59세,서울특별시,국내온라인거래,전기자전거,AS불만
2024002242,2024-01-11,남자,40 - 49세,광주광역시,기타통신판매,바닥재·마루공사,계약해제.해지/위약금
2024002243,2024-01-11,여자,20 - 29세,인천광역시,국내온라인거래,가축사료,청약철회
2024002244,2024-01-11,남자,50 - 59세,경기도,모바일거래,카셰어링,AS불만
2024002246,2024-01-11,여자,40 - 49세,서울특별시,기타통신판매,인터넷교육서비스,계약해제.해지/위약금
2024002248,2024-01-11,여자,30 - 39세,서울특별시,국내온라인거래,전기장판,품질(물품/용역)
2024002249,2024-01-11,여자,40 - 49세,경상남도,일반판매,중형승용자동차,AS불만
2024002250,2024-01-11,여자,20 - 29세,경기도,일반판매,애완식물(화분·분재),계약해제.해지/위약금
2024002251,2024-01-11,남자,50 - 59세,서울특별시,기타통신판매,정수기대여(렌트),계약해제.해지/위약금
2024002252,2024-01-11,남자,60 - 64세,경기도,일반판매,자동차대여(렌트),부당채권추심
2024002253,2024-01-11,여자,20 - 29세,서울특별시,일반판매,일반이사운송서비스,계약해제.해지/위약금
2024002254,2024-01-11,남자,30 - 39세,인천광역시,일반판매,오피스텔,계약불이행(불완전이행)
2024002255,2024-01-11,남자,40 - 49세,충청북도,일반판매,전동킥보드,품질(물품/용역)
2024002257,2024-01-11,여자,20 - 29세,서울특별시,일반판매,필라테스,계약해제.해지/위약금
2024002258,2024-01-11,여자,50 - 59세,경기도,일반판매,헬스장,계약해제.해지/위약금
2024002260,2024-01-11,남자,30 - 39세,서울특별시,일반판매,헬스장,계약해제.해지/위약금
2024002261,2024-01-11,남자,20 - 29세,서울특별시,일반판매,종합체육시설회원권,계약해제.해지/위약금
2024002262,2024-01-11,남자,50 - 59세,경기도,일반판매,이동전화서비스,계약해제.해지/위약금
2024002263,2024-01-11,여자,20 - 29세,경기도,일반판매,필라테스,계약해제.해지/위약금
2024002264,2024-01-11,남자,20 - 29세,경기도,국내온라인거래,기타여행,청약철회
2024002266,2024-01-22,남자,30 - 39세,대구광역시,국내온라인거래,운동화,청약철회
2024002267,2024-01-11,여자,30 - 39세,서울특별시,국내온라인거래,셔츠,계약불이행(불완전이행)
2024002268,2024-01-11,여자,20 - 29세,경기도,국내온라인거래,서랍장,청약철회
2024002269,2024-01-11,남자,30 - 39세,경기도,일반판매,헬스장,계약해제.해지/위약금
2024002270,2024-01-11,여자,30 - 39세,인천광역시,국내온라인거래,건물청소서비스,계약해제.해지/위약금
2024002271,2024-01-11,여자,50 - 59세,세종특별자치시,일반판매,치과,품질(물품/용역)
2024002272,2024-01-11,남자,60 - 64세,인천광역시,국내온라인거래,스포츠관람,청약철회
2024002274,2024-01-11,여자,70 - 79세,충청남도,일반판매,성형외과,품질(물품/용역)
2024002275,2024-01-11,여자,60 - 64세,경상북도,일반판매,정형외과,품질(물품/용역)
2024002277,2024-01-11,여자,70 - 79세,인천광역시,일반판매,신경외과,품질(물품/용역)
2024002278,2024-01-11,남자,60 - 64세,인천광역시,일반판매,자동차대여(렌트),계약해제.해지/위약금
2024002279,2024-01-11,여자,40 - 49세,제주도,국내온라인거래,점퍼·재킷류,청약철회
2024002280,2024-01-22,남자,50 - 59세,경기도,소셜커머스(쇼핑),신사화(구두·부츠 등),품질(물품/용역)
2024002281,2024-01-11,여자,30 - 39세,서울특별시,방문판매,미용서비스,계약해제.해지/위약금
2024002282,2024-01-11,남자,20 - 29세,강원특별자치도,국내온라인거래,펜션,청약철회
2024002283,2024-01-29,남자,20 - 29세,경기도,일반판매,신사화(구두·부츠 등),품질(물품/용역)
2024002284,2024-01-11,남자,30 - 39세,제주도,일반판매,헬스장,품질(물품/용역)
2024002285,2024-01-11,남자,20 - 29세,경기도,국내온라인거래,카셰어링,부당행위
2024002286,2024-01-11,여자,65 - 69세,강원특별자치도,국내온라인거래,정수기대여(렌트),계약불이행(불완전이행)
2024002287,2024-01-11,남자,30 - 39세,서울특별시,일반판매,기타회원권,계약해제.해지/위약금
2024002290,2024-01-11,남자,불명,서울특별시,모바일거래,호텔,청약철회
2024002291,2024-01-11,여자,20 - 29세,서울특별시,일반판매,기타사설강습서비스,계약해제.해지/위약금
2024002292,2024-01-29,남자,60 - 64세,서울특별시,일반판매,운동화,품질(물품/용역)
2024002293,2024-01-11,여자,50 - 59세,경기도,TV홈쇼핑,음식물처리기대여(렌트),AS불만
2024002295,2024-01-29,남자,30 - 39세,경기도,국내온라인거래,전문스포츠화(축구화·골프화 등),품질(물품/용역)
2024002298,2024-01-11,여자,50 - 59세,경기도,방문판매,인터넷교육서비스,계약해제.해지/위약금
2024002299,2024-01-11,남자,40 - 49세,충청북도,일반판매,건강(암·기타질병)보험,계약불이행(불완전이행)
2024002300,2024-01-11,여자,40 - 49세,서울특별시,일반판매,이동전화서비스,계약불이행(불완전이행)
2024002301,2024-01-11,남자,40 - 49세,경기도,기타통신판매,기타이동통신,부당행위
2024002302,2024-01-11,여자,50 - 59세,서울특별시,일반판매,실손보험,계약불이행(불완전이행)
2024002303,2024-01-18,남자,20 - 29세,강원특별자치도,일반판매,원피스,품질(물품/용역)
2024002304,2024-01-11,여자,30 - 39세,경기도,기타,자동차세차,품질(물품/용역)
2024002305,2024-01-18,남자,50 - 59세,서울특별시,일반판매,스포츠웨어,품질(물품/용역)
2024002306,2024-01-11,남자,30 - 39세,전라남도,일반판매,스마트폰,품질(물품/용역)
2024002307,2024-01-11,남자,(미입력),대전광역시,방문판매,유사투자자문,계약불이행(불완전이행)
2024002308,2024-01-11,여자,30 - 39세,서울특별시,국내온라인거래,항공여객운송서비스,계약불이행(불완전이행)
2024002309,2024-01-18,남자,20 - 29세,인천광역시,일반판매,점퍼·재킷류,품질(물품/용역)
2024002311,2024-01-17,여자,50 - 59세,인천광역시,일반판매,점퍼·재킷류,품질(물품/용역)
2024002312,2024-01-17,여자,40 - 49세,인천광역시,일반판매,점퍼·재킷류,품질(물품/용역)
2024002314,2024-01-11,남자,20 - 29세,경기도,방문판매,기타매체광고,계약불이행(불완전이행)
2024002315,2024-01-11,남자,30 - 39세,경기도,국내온라인거래,캐주얼바지,청약철회
2024002316,2024-01-11,여자,40 - 49세,강원특별자치도,모바일거래,인터넷정보이용서비스,계약불이행(불완전이행)
2024002317,2024-01-11,여자,30 - 39세,서울특별시,국내온라인거래,헬스장,계약해제.해지/위약금
2024002318,2024-01-11,남자,40 - 49세,경상남도,국내온라인거래,기타식생활기기,품질(물품/용역)
2024002319,2024-01-11,여자,40 - 49세,경상남도,기타,미술전시관람,계약해제.해지/위약금
2024002320,2024-01-11,남자,40 - 49세,부산광역시,기타통신판매,초고속인터넷,AS불만
2024002321,2024-01-11,남자,20 - 29세,대구광역시,국내온라인거래,항공여객운송서비스,계약해제.해지/위약금
2024002322,2024-01-11,여자,20 - 29세,경기도,국내온라인거래,기타서적음반류,청약철회
2024002323,2024-01-11,여자,50 - 59세,울산광역시,모바일거래,레포츠장비대여(렌트),계약해제.해지/위약금
2024002324,2024-01-11,남자,30 - 39세,전라북도,국내온라인거래,기타신발·용품,표시.광고
2024002325,2024-01-11,여자,20 - 29세,서울특별시,국내온라인거래,점퍼·재킷류,청약철회
2024002326,2024-01-11,남자,40 - 49세,경기도,기타통신판매,기타숙박시설,청약철회
2024002327,2024-01-11,여자,20 - 29세,경기도,국내온라인거래,원피스,청약철회
2024002328,2024-01-11,여자,40 - 49세,경기도,국내온라인거래,항공여객운송서비스,계약불이행(불완전이행)
2024002329,2024-01-11,여자,20 - 29세,부산광역시,국내온라인거래,숙녀복상의,청약철회
2024002330,2024-01-11,여자,40 - 49세,인천광역시,기타,수영장회원권,계약해제.해지/위약금
2024002331,2024-01-11,여자,30 - 39세,경기도,일반판매,필라테스,계약해제.해지/위약금
2024002332,2024-01-11,여자,65 - 69세,충청남도,국내온라인거래,기타과일·과일가공식품,품질(물품/용역)
2024002333,2024-01-11,여자,30 - 39세,충청북도,국제온라인거래,호텔,계약불이행(불완전이행)
2024002334,2024-01-11,남자,65 - 69세,대구광역시,국내온라인거래,점퍼·재킷류,청약철회
2024002335,2024-01-11,남자,40 - 49세,서울특별시,방문판매,학습지,계약해제.해지/위약금
2024002336,2024-01-11,여자,30 - 39세,서울특별시,국내온라인거래,모자,청약철회
2024002337,2024-01-11,남자,10 - 19세,경기도,방문판매,헬스장,계약해제.해지/위약금
2024002338,2024-01-11,여자,50 - 59세,경기도,전화권유판매,초고속인터넷,계약해제.해지/위약금
2024002339,2024-01-11,남자,40 - 49세,경기도,일반판매,국제결혼중개,계약불이행(불완전이행)
2024002340,2024-01-11,남자,20 - 29세,경상남도,국내온라인거래,항공여객운송서비스,이자.수수료
2024002341,2024-01-11,여자,30 - 39세,서울특별시,일반판매,헬스장,계약해제.해지/위약금
2024002342,2024-01-11,여자,30 - 39세,경기도,방문판매,필라테스,계약해제.해지/위약금
2024002343,2024-01-11,남자,30 - 39세,경기도,국내온라인거래,기타가사장비품,계약해제.해지/위약금
2024002344,2024-01-11,여자,20 - 29세,경기도,일반판매,필라테스,계약해제.해지/위약금
2024002345,2024-01-11,여자,50 - 59세,경상북도,일반판매,초고속인터넷,부당행위
2024002346,2024-01-11,남자,40 - 49세,경기도,국내온라인거래,전기장판,품질(물품/용역)
2024002347,2024-01-11,남자,20 - 29세,인천광역시,국내온라인거래,단행본,계약해제.해지/위약금
2024002348,2024-01-11,여자,50 - 59세,경상남도,국내온라인거래,전기장판,AS불만
2024002349,2024-01-11,여자,30 - 39세,경상남도,일반판매,피부·체형관리서비스,계약해제.해지/위약금
2024002350,2024-01-11,여자,20 - 29세,서울특별시,국내온라인거래,미술전시관람,부당행위
2024002351,2024-01-11,남자,30 - 39세,전라북도,모바일거래,기타미분류서비스,계약해제.해지/위약금
2024002352,2024-01-11,남자,50 - 59세,인천광역시,전화권유판매,기타매체광고,청약철회
2024002353,2024-01-11,여자,50 - 59세,전라북도,일반판매,의류수선,AS불만
2024002354,2024-01-11,여자,30 - 39세,서울특별시,모바일거래,모바일정보이용서비스,계약해제.해지/위약금
2024002355,2024-01-11,여자,40 - 49세,경기도,일반판매,기타회원권,계약해제.해지/위약금
2024002356,2024-01-11,여자,20 - 29세,제주도,일반판매,헬스장,계약해제.해지/위약금
2024002357,2024-01-11,여자,30 - 39세,인천광역시,국내온라인거래,국외여행,계약불이행(불완전이행)
2024002358,2024-01-11,남자,30 - 39세,충청북도,국내온라인거래,전기포트,안전(제품/시설)
2024002359,2024-01-11,남자,40 - 49세,경기도,국내온라인거래,전기맛사지기,계약해제.해지/위약금
2024002360,2024-01-11,여자,40 - 49세,서울특별시,일반판매,일반강습(입시학원등),계약불이행(불완전이행)
2024002361,2024-01-11,남자,30 - 39세,인천광역시,방문판매,의상대여(렌트),청약철회
2024002362,2024-01-11,여자,30 - 39세,서울특별시,국내온라인거래,외국어강습,계약해제.해지/위약금
2024002363,2024-01-11,여자,20 - 29세,경기도,국내온라인거래,국외여행,계약해제.해지/위약금
2024002364,2024-01-11,여자,40 - 49세,경기도,국내온라인거래,소파,품질(물품/용역)
2024002365,2024-01-11,여자,50 - 59세,서울특별시,일반판매,신사복상의,계약불이행(불완전이행)
2024002366,2024-01-11,남자,40 - 49세,서울특별시,소셜커머스(쇼핑),전기압력밥솥,청약철회
2024002367,2024-01-11,남자,60 - 64세,충청북도,국내온라인거래,전기압력밥솥,AS불만
2024002368,2024-01-11,남자,10 - 19세,부산광역시,국내온라인거래,하드디스크드라이버,품질(물품/용역)
2024002369,2024-01-11,여자,30 - 39세,서울특별시,일반판매,항공여객운송서비스,품질(물품/용역)
2024002370,2024-01-11,여자,30 - 39세,인천광역시,기타,모바일정보이용서비스,계약불이행(불완전이행)
2024002371,2024-01-11,여자,70 - 79세,전라남도,일반판매,보청기,계약불이행(불완전이행)
2024002372,2024-01-11,여자,30 - 39세,경상북도,모바일거래,커튼레일,청약철회
2024002373,2024-01-11,여자,20 - 29세,경상남도,국내온라인거래,이불·요,계약해제.해지/위약금
2024002374,2024-01-11,남자,20 - 29세,부산광역시,국내온라인거래,노트북컴퓨터,부당행위
2024002375,2024-01-11,여자,30 - 39세,서울특별시,일반판매,호텔,품질(물품/용역)
2024002376,2024-01-11,여자,30 - 39세,경기도,일반판매,예식서비스,계약해제.해지/위약금
2024002377,2024-01-11,남자,60 - 64세,서울특별시,국내온라인거래,헤드폰·이어폰,품질(물품/용역)
2024002378,2024-01-11,여자,20 - 29세,서울특별시,일반판매,헬스장,계약해제.해지/위약금
2024002379,2024-01-11,여자,20 - 29세,서울특별시,기타,건물청소서비스,계약불이행(불완전이행)
2024002380,2024-01-11,여자,20 - 29세,서울특별시,일반판매,연극관람,계약불이행(불완전이행)
2024002381,2024-01-11,여자,30 - 39세,서울특별시,국내온라인거래,항공여객운송서비스,계약불이행(불완전이행)
2024002382,2024-01-11,여자,40 - 49세,울산광역시,전화권유판매,기타매체광고,청약철회
2024002383,2024-01-11,여자,50 - 59세,서울특별시,일반판매,셔츠,품질(물품/용역)
2024002384,2024-01-11,여자,50 - 59세,경기도,국내온라인거래,기타가구,청약철회
2024002385,2024-01-11,여자,20 - 29세,경기도,일반판매,기타이·미용기구,계약해제.해지/위약금
2024002386,2024-01-11,남자,40 - 49세,서울특별시,기타,TV,AS불만
2024002387,2024-01-11,여자,20 - 29세,경기도,일반판매,헬스장,계약해제.해지/위약금
2024002388,2024-01-11,남자,20 - 29세,서울특별시,기타통신판매,해외유학알선,계약해제.해지/위약금
2024002389,2024-01-11,남자,40 - 49세,인천광역시,방문판매,정수기대여(렌트),품질(물품/용역)
2024002390,2024-01-11,여자,20 - 29세,서울특별시,국내온라인거래,침대,청약철회
2024002391,2024-01-11,여자,20 - 29세,경상남도,국내온라인거래,커튼,청약철회
2024002392,2024-01-11,여자,30 - 39세,부산광역시,일반판매,필라테스,계약해제.해지/위약금
2024002393,2024-01-11,여자,40 - 49세,서울특별시,일반판매,일반강습(입시학원등),부당행위
2024002394,2024-01-11,남자,40 - 49세,강원특별자치도,전화권유판매,기타법률서비스,계약해제.해지/위약금
2024002395,2024-01-11,남자,50 - 59세,서울특별시,TV홈쇼핑,연수기,계약해제.해지/위약금
2024002396,2024-01-11,여자,30 - 39세,서울특별시,국내온라인거래,할인회원권,청약철회
2024002397,2024-01-11,여자,50 - 59세,경기도,국내온라인거래,컵,품질(물품/용역)
2024002398,2024-01-11,남자,40 - 49세,전라북도,국내온라인거래,스포츠웨어,계약불이행(불완전이행)
2024002399,2024-01-11,남자,40 - 49세,서울특별시,일반판매,유모차,계약불이행(불완전이행)
2024002400,2024-01-11,여자,30 - 39세,충청북도,국내온라인거래,헬스장,청약철회
2024002401,2024-01-11,여자,30 - 39세,충청남도,일반판매,기타이·미용서비스,계약해제.해지/위약금
2024002402,2024-01-11,남자,50 - 59세,서울특별시,국내온라인거래,이동전화서비스,계약불이행(불완전이행)
2024002403,2024-01-11,남자,40 - 49세,경기도,기타,국제결혼중개,계약해제.해지/위약금
2024002404,2024-01-11,남자,30 - 39세,대전광역시,국내온라인거래,전기세탁기,계약불이행(불완전이행)
2024002405,2024-01-11,여자,20 - 29세,대구광역시,일반판매,기타이·미용서비스,계약불이행(불완전이행)
2024002406,2024-01-11,남자,20 - 29세,인천광역시,일반판매,헬스장,계약해제.해지/위약금
2024002407,2024-01-11,남자,30 - 39세,경기도,일반판매,초고속인터넷,계약해제.해지/위약금
2024002408,2024-01-11,남자,30 - 39세,부산광역시,일반판매,종합체육시설회원권,계약해제.해지/위약금
2024002409,2024-01-11,남자,20 - 29세,경기도,국내온라인거래,기타자동차용품,표시.광고
2024002410,2024-01-11,남자,40 - 49세,제주도,국내온라인거래,기타의류·섬유,계약해제.해지/위약금
2024002411,2024-01-11,남자,30 - 39세,경기도,방문판매,고시원이용,청약철회
2024002412,2024-01-11,남자,40 - 49세,서울특별시,국제온라인거래,항공여객운송서비스,가격.요금
2024002413,2024-01-11,남자,20 - 29세,경기도,일반판매,스마트폰,품질(물품/용역)
2024002414,2024-01-11,여자,60 - 64세,경기도,일반판매,공중목욕탕,가격.요금
2024002415,2024-01-11,남자,20 - 29세,서울특별시,기타통신판매,모바일정보이용서비스,표시.광고
2024002416,2024-01-11,남자,40 - 49세,서울특별시,전화권유판매,스마트폰,가격.요금
2024002417,2024-01-11,여자,30 - 39세,충청남도,기타,기타신변용품,계약해제.해지/위약금
2024002418,2024-01-12,남자,30 - 39세,서울특별시,국내온라인거래,택배화물운송서비스,계약불이행(불완전이행)
2024002419,2024-01-12,남자,30 - 39세,대전광역시,국내온라인거래,블루투스스피커,계약해제.해지/위약금
2024002421,2024-01-12,여자,30 - 39세,경기도,일반판매,기타인테리어설비,AS불만
2024002422,2024-01-12,여자,20 - 29세,서울특별시,일반판매,피부·체형관리서비스,계약해제.해지/위약금
2024002423,2024-01-12,남자,불명,서울특별시,국내온라인거래,기타신발·용품,계약불이행(불완전이행)
2024002424,2024-01-12,남자,30 - 39세,대구광역시,국내온라인거래,항공여객운송서비스,계약불이행(불완전이행)
2024002425,2024-01-12,여자,20 - 29세,경기도,국내온라인거래,책상,계약불이행(불완전이행)
2024002426,2024-01-12,여자,40 - 49세,경기도,모바일거래,사진촬영,계약해제.해지/위약금
2024002427,2024-01-18,여자,40 - 49세,대구광역시,일반판매,점퍼·재킷류,품질(물품/용역)
2024002428,2024-01-12,남자,40 - 49세,충청남도,전화권유판매,인터넷교육서비스,계약해제.해지/위약금
2024002429,2024-01-12,여자,50 - 59세,강원특별자치도,일반판매,소파,계약불이행(불완전이행)
2024002430,2024-01-12,남자,30 - 39세,경기도,소셜커머스(쇼핑),기타부엌소모품,청약철회
2024002431,2024-01-12,여자,40 - 49세,서울특별시,기타,정수기대여(렌트),품질(물품/용역)
2024002433,2024-01-12,여자,50 - 59세,경기도,기타통신판매,국외여행,계약해제.해지/위약금
2024002434,2024-01-12,남자,50 - 59세,서울특별시,일반판매,기타미분류서비스,계약불이행(불완전이행)
2024002435,2024-01-12,남자,20 - 29세,경상남도,일반판매,예식서비스,계약해제.해지/위약금
2024002436,2024-01-12,여자,40 - 49세,경기도,일반판매,냉장고,품질(물품/용역)
2024002438,2024-01-12,남자,40 - 49세,경기도,일반판매,전기장판,안전(제품/시설)
2024002439,2024-01-12,여자,40 - 49세,경기도,기타,상품권,약관
2024002440,2024-01-12,남자,40 - 49세,서울특별시,국내온라인거래,각종공연관람,계약해제.해지/위약금
2024002441,2024-01-12,여자,40 - 49세,광주광역시,일반판매,필라테스,계약해제.해지/위약금
2024002442,2024-01-12,여자,20 - 29세,서울특별시,소셜커머스(쇼핑),거울,표시.광고
2024002443,2024-01-12,남자,50 - 59세,서울특별시,일반판매,CCTV,계약불이행(불완전이행)
2024002444,2024-01-22,남자,20 - 29세,부산광역시,일반판매,운동화,품질(물품/용역)
2024002445,2024-02-08,여자,20 - 29세,서울특별시,일반판매,신발세탁,계약불이행(불완전이행)
2024002446,2024-01-12,남자,30 - 39세,경기도,일반판매,소프트웨어,계약해제.해지/위약금
2024002447,2024-01-12,남자,30 - 39세,경상남도,국내온라인거래,항공여객운송서비스,계약불이행(불완전이행)
2024002448,2024-01-17,여자,40 - 49세,경상북도,일반판매,양복(서양식 의복)세탁,품질(물품/용역)
2024002449,2024-01-12,남자,50 - 59세,경기도,일반판매,아파트,표시.광고
2024002450,2024-01-12,여자,40 - 49세,경기도,일반판매,피혁세탁,품질(물품/용역)
2024002451,2024-01-12,여자,40 - 49세,서울특별시,일반판매,헬스장,계약해제.해지/위약금
2024002453,2024-01-12,여자,30 - 39세,서울특별시,국내온라인거래,사무용기기대여(렌트),계약해제.해지/위약금
2024002454,2024-01-12,여자,20 - 29세,서울특별시,일반판매,실손보험,계약불이행(불완전이행)
2024002455,2024-01-18,여자,40 - 49세,울산광역시,국내온라인거래,점퍼·재킷류,품질(물품/용역)
2024002456,2024-01-12,남자,65 - 69세,서울특별시,기타,이동전화서비스,계약불이행(불완전이행)
2024002457,2024-01-12,남자,40 - 49세,서울특별시,기타,포장이사운송서비스,계약불이행(불완전이행)
2024002458,2024-01-12,여자,30 - 39세,서울특별시,국내온라인거래,기타의류·섬유,청약철회
2024002459,2024-01-12,남자,50 - 59세,서울특별시,일반판매,기타주거관리설비,AS불만
2024002460,2024-01-12,여자,50 - 59세,경기도,국내온라인거래,기타육류·육류가공식품,계약불이행(불완전이행)
2024002461,2024-01-12,여자,30 - 39세,경기도,기타,상품권,부당행위
2024002462,2024-01-12,남자,40 - 49세,서울특별시,일반판매,CCTV,품질(물품/용역)
2024002463,2024-01-23,여자,40 - 49세,인천광역시,일반판매,점퍼·재킷류,품질(물품/용역)
2024002465,2024-01-18,여자,30 - 39세,서울특별시,일반판매,기타세탁서비스,품질(물품/용역)
2024002466,2024-01-12,여자,30 - 39세,서울특별시,TV홈쇼핑,기타조리기기·기구,청약철회
2024002467,2024-01-12,여자,20 - 29세,경기도,기타,항공여객운송서비스,계약불이행(불완전이행)
2024002468,2024-01-12,남자,65 - 69세,경기도,국내온라인거래,초고속인터넷,부당행위
2024002469,2024-01-12,남자,65 - 69세,경기도,일반판매,국내결혼중개,계약해제.해지/위약금
2024002470,2024-01-17,남자,60 - 64세,전라북도,일반판매,양복(서양식 의복)세탁,품질(물품/용역)
2024002471,2024-01-12,남자,20 - 29세,인천광역시,일반판매,이동전화서비스,계약불이행(불완전이행)
2024002472,2024-01-12,남자,40 - 49세,서울특별시,국내온라인거래,운동화,품질(물품/용역)
2024002473,2024-01-23,여자,50 - 59세,전라남도,국내온라인거래,점퍼·재킷류,품질(물품/용역)
2024002474,2024-01-12,남자,40 - 49세,서울특별시,모바일거래,신유형상품권,계약해제.해지/위약금
2024002475,2024-01-12,남자,60 - 64세,경기도,일반판매,중형승용자동차,AS불만
2024002476,2024-01-18,여자,30 - 39세,경기도,일반판매,양복(서양식 의복)세탁,품질(물품/용역)
2024002478,2024-01-12,남자,30 - 39세,전라북도,일반판매,중형승용자동차,품질(물품/용역)
2024002479,2024-01-12,여자,30 - 39세,경기도,일반판매,컵,계약해제.해지/위약금
2024002480,2024-01-18,여자,40 - 49세,부산광역시,일반판매,캐주얼바지,품질(물품/용역)
2024002481,2024-01-18,여자,60 - 64세,대전광역시,일반판매,기타모피·가죽의류,품질(물품/용역)
2024002482,2024-01-12,여자,60 - 64세,경기도,전화권유판매,콘도회원권,계약불이행(불완전이행)
2024002483,2024-01-18,여자,50 - 59세,경상남도,일반판매,양복(서양식 의복)세탁,품질(물품/용역)
2024002485,2024-01-12,여자,30 - 39세,서울특별시,기타통신판매,기타매체광고,계약불이행(불완전이행)
2024002486,2024-01-12,남자,불명,대구광역시,전화권유판매,기타건강식품,청약철회
2024002487,2024-01-12,여자,20 - 29세,경기도,전화권유판매,인터넷교육서비스,계약해제.해지/위약금
2024002489,2024-01-12,여자,30 - 39세,대구광역시,일반판매,인터넷게임서비스,부당행위
2024002490,2024-01-12,여자,50 - 59세,서울특별시,일반판매,실손보험,계약불이행(불완전이행)
2024002491,2024-01-12,남자,65 - 69세,전라남도,일반판매,전기온수기,품질(물품/용역)
2024002492,2024-01-12,여자,30 - 39세,경상남도,국내온라인거래,캐주얼바지,청약철회
2024002493,2024-01-29,남자,40 - 49세,세종특별자치시,일반판매,운동화,품질(물품/용역)
2024002494,2024-01-29,여자,30 - 39세,세종특별자치시,일반판매,생활패션화(슬립온·아쿠아슈즈·장화·작업화 등),품질(물품/용역)
2024002495,2024-01-12,여자,30 - 39세,서울특별시,전화권유판매,기타여행,계약해제.해지/위약금
2024002496,2024-01-12,남자,80세이상,서울특별시,방문판매,기타의료용구,계약해제.해지/위약금
2024002498,2024-01-12,여자,40 - 49세,경상남도,방문판매,인터넷교육서비스,계약해제.해지/위약금
2024002499,2024-01-12,여자,40 - 49세,인천광역시,국내온라인거래,여자용내의류,청약철회
2024002500,2024-01-12,여자,40 - 49세,경기도,일반판매,가구세트,품질(물품/용역)
2024002501,2024-01-12,여자,60 - 64세,인천광역시,다단계판매,기타공조·냉난방기기,계약해제.해지/위약금
2024002502,2024-01-12,여자,40 - 49세,부산광역시,국내온라인거래,기타간편복,청약철회
2024002503,2024-01-12,남자,20 - 29세,충청남도,소셜커머스(쇼핑),침대,청약철회
2024002504,2024-01-12,여자,20 - 29세,서울특별시,기타,전기세탁기,품질(물품/용역)
2024002506,2024-01-12,여자,30 - 39세,경상북도,기타,위성방송,부당행위
2024002507,2024-01-18,남자,40 - 49세,서울특별시,일반판매,양복(서양식 의복)세탁,품질(물품/용역)
2024002508,2024-01-12,남자,(미입력),서울특별시,일반판매,헬스장,계약해제.해지/위약금
2024002509,2024-01-12,남자,30 - 39세,경기도,일반판매,기타사설강습서비스,계약해제.해지/위약금
2024002510,2024-01-18,남자,40 - 49세,대구광역시,일반판매,양복(서양식 의복)세탁,품질(물품/용역)
2024002511,2024-01-12,남자,70 - 79세,서울특별시,기타,이동전화서비스,가격.요금
2024002512,2024-01-18,남자,30 - 39세,경기도,국내온라인거래,점퍼·재킷류,품질(물품/용역)
2024002513,2024-01-12,남자,20 - 29세,경기도,국내온라인거래,기타의류·섬유,계약불이행(불완전이행)
2024002514,2024-01-12,남자,60 - 64세,경상북도,일반판매,이동전화서비스,품질(물품/용역)
2024002515,2024-01-12,여자,30 - 39세,경기도,국내온라인거래,거울,청약철회
2024002516,2024-01-12,남자,40 - 49세,경기도,기타통신판매,정수기대여(렌트),품질(물품/용역)
2024002517,2024-01-12,여자,40 - 49세,인천광역시,전화권유판매,기타의료용구,부당행위
2024002518,2024-01-12,남자,40 - 49세,부산광역시,소셜커머스(쇼핑),감귤,품질(물품/용역)
2024002519,2024-01-12,남자,65 - 69세,서울특별시,전화권유판매,기타건강식품,청약철회
2024002521,2024-01-12,여자,20 - 29세,강원특별자치도,방문판매,신사복세트,계약해제.해지/위약금
2024002522,2024-01-12,여자,40 - 49세,경기도,모바일거래,펜션,계약해제.해지/위약금
2024002524,2024-01-12,여자,20 - 29세,서울특별시,일반판매,기타사설강습서비스,계약해제.해지/위약금
2024002525,2024-01-12,여자,60 - 64세,경기도,일반판매,골프용품,AS불만
2024002527,2024-01-12,남자,50 - 59세,대구광역시,국제온라인거래,샌들·슬리퍼,청약철회
2024002528,2024-01-12,남자,50 - 59세,서울특별시,기타통신판매,기타주거관리설비,품질(물품/용역)
2024002530,2024-01-12,남자,20 - 29세,강원특별자치도,국내온라인거래,항공여객운송서비스,계약해제.해지/위약금
2024002531,2024-01-18,남자,40 - 49세,서울특별시,국내온라인거래,점퍼·재킷류,품질(물품/용역)
2024002532,2024-01-18,여자,40 - 49세,인천광역시,일반판매,양복(서양식 의복)세탁,품질(물품/용역)
2024002535,2024-01-17,여자,50 - 59세,경기도,일반판매,점퍼·재킷류,품질(물품/용역)
2024002536,2024-01-12,여자,40 - 49세,대구광역시,일반판매,공제보험,단순문의.상담
2024002537,2024-01-18,여자,50 - 59세,서울특별시,일반판매,아동복,품질(물품/용역)
2024002538,2024-01-12,남자,50 - 59세,서울특별시,국내온라인거래,"OTT서비스(넷플릭스,왓챠 등)",계약해제.해지/위약금
2024002539,2024-01-12,남자,40 - 49세,강원특별자치도,모바일거래,컴퓨터및주변기기대여(렌트),계약해제.해지/위약금
2024002541,2024-01-12,여자,불명,경기도,국내온라인거래,기타가방,계약해제.해지/위약금
2024002542,2024-01-12,여자,30 - 39세,경기도,기타,신유형상품권,계약해제.해지/위약금
2024002543,2024-01-12,여자,40 - 49세,경상북도,소셜커머스(쇼핑),호텔,청약철회
2024002544,2024-01-18,여자,50 - 59세,경상남도,일반판매,핸드백,품질(물품/용역)
2024002545,2024-01-12,여자,65 - 69세,경기도,일반판매,항공여객운송서비스,계약불이행(불완전이행)
2024002546,2024-01-18,남자,50 - 59세,서울특별시,일반판매,양복(서양식 의복)세탁,품질(물품/용역)
2024002547,2024-01-12,여자,30 - 39세,경기도,일반판매,헬스장,계약해제.해지/위약금
2024002548,2024-01-12,남자,60 - 64세,대구광역시,국내온라인거래,점퍼·재킷류,청약철회
2024002549,2024-01-12,남자,65 - 69세,대구광역시,전화권유판매,콘도회원권,청약철회
2024002551,2024-01-12,남자,50 - 59세,서울특별시,일반판매,자동차수리·점검,품질(물품/용역)
2024002552,2024-01-12,남자,30 - 39세,경기도,일반판매,헬스장,계약해제.해지/위약금
2024002553,2024-01-12,여자,40 - 49세,서울특별시,일반판매,헬스장,계약해제.해지/위약금
2024002554,2024-01-12,여자,30 - 39세,서울특별시,일반판매,헬스장,계약해제.해지/위약금
2024002555,2024-01-12,여자,20 - 29세,경기도,일반판매,필라테스,계약해제.해지/위약금
2024002556,2024-01-18,여자,50 - 59세,부산광역시,일반판매,양복(서양식 의복)세탁,품질(물품/용역)
2024002601,2024-01-12,남자,30 - 39세,인천광역시,국내온라인거래,전기진공청소기,품질(물품/용역)
2024002602,2024-01-12,남자,40 - 49세,경기도,국내온라인거래,시계,계약해제.해지/위약금
2024002603,2024-01-12,여자,40 - 49세,경상남도,국내온라인거래,다이어트식품,계약해제.해지/위약금
2024002604,2024-01-12,남자,20 - 29세,경기도,방문판매,헬스장,계약해제.해지/위약금
2024002605,2024-01-12,남자,40 - 49세,대구광역시,일반판매,중형승용자동차,청약철회
2024002606,2024-01-12,남자,30 - 39세,경기도,국내온라인거래,항공여객운송서비스,표시.광고
2024002607,2024-01-12,남자,30 - 39세,경상북도,국내온라인거래,항공여객운송서비스,계약불이행(불완전이행)
2024002608,2024-01-12,여자,40 - 49세,서울특별시,기타,헬스장,계약불이행(불완전이행)
2024002609,2024-01-12,남자,40 - 49세,서울특별시,국제온라인거래,항공여객운송서비스,계약불이행(불완전이행)
2024002610,2024-01-12,여자,30 - 39세,경기도,국내온라인거래,헬스장,계약해제.해지/위약금
2024002611,2024-01-12,여자,30 - 39세,경기도,일반판매,필라테스,계약해제.해지/위약금
2024002612,2024-01-12,여자,30 - 39세,서울특별시,일반판매,국내결혼중개,계약불이행(불완전이행)
2024002613,2024-01-12,남자,40 - 49세,인천광역시,방문판매,정수기대여(렌트),품질(물품/용역)
2024002614,2024-01-12,여자,20 - 29세,서울특별시,국내온라인거래,펜션,품질(물품/용역)
2024002615,2024-01-12,여자,40 - 49세,경기도,국내온라인거래,창호유리,품질(물품/용역)
2024002616,2024-01-12,남자,30 - 39세,서울특별시,국내온라인거래,인터넷교육서비스,계약해제.해지/위약금
2024002617,2024-01-12,남자,20 - 29세,서울특별시,국내온라인거래,기타매체광고,표시.광고
2024002618,2024-01-12,남자,40 - 49세,경기도,일반판매,헬스장,계약불이행(불완전이행)
2024002619,2024-01-12,남자,40 - 49세,경기도,국내온라인거래,헤어드라이어,청약철회
2024002620,2024-01-12,남자,20 - 29세,인천광역시,모바일거래,국내결혼중개,계약해제.해지/위약금
2024002621,2024-01-12,남자,60 - 64세,서울특별시,기타,"OTT서비스(넷플릭스,왓챠 등)",부당행위
2024002622,2024-01-12,여자,30 - 39세,서울특별시,국내온라인거래,숙녀화(구두·부츠 등),청약철회
2024002623,2024-01-12,여자,20 - 29세,인천광역시,국제온라인거래,항공여객운송서비스,계약해제.해지/위약금
2024002624,2024-01-12,남자,40 - 49세,경기도,일반판매,기타세탁서비스,계약해제.해지/위약금
2024002625,2024-01-12,여자,20 - 29세,서울특별시,전화권유판매,인터넷교육서비스,청약철회
2024002626,2024-01-12,여자,20 - 29세,전라북도,기타통신판매,기타미분류서비스,청약철회
2024002627,2024-01-12,여자,20 - 29세,서울특별시,일반판매,필라테스,계약불이행(불완전이행)
2024002628,2024-01-12,여자,20 - 29세,경기도,기타,일반강습(입시학원등),계약해제.해지/위약금
2024002629,2024-01-12,여자,20 - 29세,경상남도,국내온라인거래,호텔,계약해제.해지/위약금
2024002630,2024-01-12,여자,30 - 39세,경기도,일반판매,헬스장,계약해제.해지/위약금
2024002631,2024-01-12,여자,20 - 29세,경기도,국내온라인거래,사진촬영,부당행위
2024002632,2024-01-12,남자,30 - 39세,강원특별자치도,국내온라인거래,온풍기,품질(물품/용역)
2024002633,2024-01-12,남자,60 - 64세,경기도,기타,기타세탁서비스,계약해제.해지/위약금
2024002634,2024-01-12,여자,30 - 39세,경상북도,노상판매,기타방문·통신교육서비스,계약해제.해지/위약금
2024002635,2024-01-12,여자,30 - 39세,서울특별시,국내온라인거래,기타간편복,청약철회
2024002636,2024-01-12,남자,50 - 59세,경기도,기타,초고속인터넷,가격.요금
2024002637,2024-01-12,여자,30 - 39세,서울특별시,국내온라인거래,모바일정보이용서비스,부당행위
2024002638,2024-01-12,여자,40 - 49세,서울특별시,기타,이동전화서비스,부당행위
2024002639,2024-01-12,여자,60 - 64세,경기도,TV홈쇼핑,기타이·미용기구,부당행위
2024002640,2024-01-12,남자,40 - 49세,경기도,국내온라인거래,펜션,품질(물품/용역)
2024002641,2024-01-12,남자,30 - 39세,서울특별시,국내온라인거래,기타컴퓨터·주변기기,품질(물품/용역)
2024002642,2024-01-12,남자,20 - 29세,서울특별시,국내온라인거래,책상,품질(물품/용역)
2024002643,2024-01-12,여자,40 - 49세,경기도,일반판매,헬스장,계약해제.해지/위약금
2024002644,2024-01-12,남자,30 - 39세,부산광역시,일반판매,필라테스,계약해제.해지/위약금
2024002645,2024-01-12,남자,30 - 39세,서울특별시,기타,기타인테리어설비,계약불이행(불완전이행)
2024002646,2024-01-12,남자,40 - 49세,경상남도,모바일거래,모바일게임서비스,품질(물품/용역)
2024002647,2024-01-12,여자,20 - 29세,서울특별시,국내온라인거래,아동용내의류,청약철회
2024002648,2024-01-12,여자,20 - 29세,경기도,모바일거래,정수기대여(렌트),품질(물품/용역)
2024002649,2024-01-12,여자,40 - 49세,서울특별시,기타,양복(서양식 의복)세탁,품질(물품/용역)
2024002650,2024-01-12,여자,30 - 39세,충청북도,일반판매,각종공연관람,계약불이행(불완전이행)
2024002651,2024-01-12,남자,40 - 49세,경기도,일반판매,필라테스,계약해제.해지/위약금
2024002652,2024-01-12,남자,20 - 29세,서울특별시,일반판매,포장이사운송서비스,계약불이행(불완전이행)
2024002653,2024-01-12,남자,40 - 49세,경기도,국내온라인거래,캐주얼바지,청약철회
2024002654,2024-01-12,여자,40 - 49세,서울특별시,기타,기타알선·중개·번역서비스,계약해제.해지/위약금
2024002655,2024-01-12,여자,20 - 29세,서울특별시,일반판매,예식서비스,청약철회
2024002656,2024-01-12,여자,50 - 59세,서울특별시,국내온라인거래,점퍼·재킷류,부당행위
2024002657,2024-01-12,남자,40 - 49세,경상북도,전화권유판매,인터넷정보이용서비스,계약불이행(불완전이행)
2024002658,2024-01-12,여자,30 - 39세,부산광역시,국내온라인거래,보온병,부당행위
2024002659,2024-01-12,여자,20 - 29세,경기도,국제온라인거래,항공여객운송서비스,계약불이행(불완전이행)
2024002660,2024-01-12,여자,40 - 49세,서울특별시,기타통신판매,모바일정보이용서비스,거래관행
2024002661,2024-01-12,남자,20 - 29세,경기도,방문판매,콘도회원권,청약철회
2024002662,2024-01-12,여자,30 - 39세,경기도,국내온라인거래,호텔,품질(물품/용역)
2024002663,2024-01-12,여자,30 - 39세,대전광역시,소셜커머스(쇼핑),캐주얼바지,청약철회
2024002664,2024-01-12,남자,30 - 39세,경상남도,전화권유판매,국내결혼중개,청약철회
2024002665,2024-01-12,남자,20 - 29세,경기도,일반판매,신문,품질(물품/용역)
2024002666,2024-01-12,여자,30 - 39세,경기도,일반판매,헬스장,계약해제.해지/위약금
2024002667,2024-01-12,여자,40 - 49세,서울특별시,국내온라인거래,응접테이블,안전(제품/시설)
2024002668,2024-01-12,여자,40 - 49세,경상남도,기타,이동전화서비스,가격.요금
2024002669,2024-01-12,여자,20 - 29세,서울특별시,국제온라인거래,기타숙박시설,계약해제.해지/위약금
2024002670,2024-01-12,여자,40 - 49세,경기도,일반판매,커피,표시.광고
2024002671,2024-01-12,여자,30 - 39세,경기도,일반판매,필라테스,계약불이행(불완전이행)
2024002672,2024-01-12,남자,40 - 49세,대구광역시,국내온라인거래,신사복하의,품질(물품/용역)
2024002673,2024-01-12,여자,30 - 39세,대구광역시,국제온라인거래,항공여객운송서비스,계약불이행(불완전이행)
2024002674,2024-01-12,남자,50 - 59세,경기도,전화권유판매,정수기대여(렌트),AS불만
2024002675,2024-01-12,여자,30 - 39세,서울특별시,일반판매,골프회원권,계약해제.해지/위약금
2024002701,2024-01-13,남자,50 - 59세,인천광역시,일반판매,가스보일러,AS불만
2024002702,2024-01-13,여자,50 - 59세,경기도,국내온라인거래,음식물처리기,품질(물품/용역)
2024002703,2024-01-13,여자,50 - 59세,강원특별자치도,기타,기타숙박시설,가격.요금
2024002704,2024-01-13,남자,40 - 49세,충청남도,방문판매,주방세트,품질(물품/용역)
2024002705,2024-01-13,남자,30 - 39세,서울특별시,일반판매,포장이사운송서비스,품질(물품/용역)
2024002706,2024-01-13,남자,30 - 39세,경기도,국내온라인거래,컴퓨터S/W개발(홈페이지제작),계약불이행(불완전이행)
2024002707,2024-01-13,남자,20 - 29세,전라북도,국내온라인거래,기타숙박시설,계약해제.해지/위약금
2024002708,2024-01-13,여자,40 - 49세,경기도,모바일거래,기타알선·중개·번역서비스,계약해제.해지/위약금
2024002709,2024-01-13,여자,30 - 39세,경기도,소셜커머스(쇼핑),보조배터리,품질(물품/용역)
2024002710,2024-01-13,여자,30 - 39세,경기도,일반판매,필라테스,계약해제.해지/위약금
2024002711,2024-01-13,여자,40 - 49세,경기도,일반판매,학습지,청약철회
2024002712,2024-01-13,여자,10 - 19세,서울특별시,국내온라인거래,기타사무용품,품질(물품/용역)
2024002713,2024-01-13,남자,50 - 59세,경기도,방문판매,기타세탁서비스,부당행위
2024002714,2024-01-13,남자,40 - 49세,경기도,일반판매,기타가사용품,부당행위
2024002715,2024-01-13,여자,50 - 59세,충청남도,국내온라인거래,항공여객운송서비스,부당행위
2024002716,2024-01-13,남자,30 - 39세,경기도,국내온라인거래,항공여객운송서비스,계약해제.해지/위약금
2024002717,2024-01-13,여자,30 - 39세,인천광역시,국내온라인거래,항공여객운송서비스,가격.요금
2024002718,2024-01-13,여자,65 - 69세,서울특별시,방문판매,콘도회원권,청약철회
2024002719,2024-01-13,남자,50 - 59세,경기도,기타,기타회원권,청약철회
2024002720,2024-01-13,여자,40 - 49세,서울특별시,일반판매,변호서비스,계약불이행(불완전이행)
2024002721,2024-01-13,남자,30 - 39세,광주광역시,국내온라인거래,레저시설이용,계약해제.해지/위약금
2024002722,2024-01-13,여자,30 - 39세,울산광역시,기타,외식,안전(제품/시설)
2024002723,2024-01-13,남자,20 - 29세,인천광역시,일반판매,방석,품질(물품/용역)
2024002724,2024-01-13,남자,20 - 29세,대전광역시,국내온라인거래,인터넷정보이용서비스,계약불이행(불완전이행)
2024002725,2024-01-13,여자,40 - 49세,경상남도,전화권유판매,정수기,계약불이행(불완전이행)
2024002726,2024-01-13,남자,40 - 49세,강원특별자치도,노상판매,스포츠시설이용,계약불이행(불완전이행)
2024002727,2024-01-13,여자,40 - 49세,서울특별시,소셜커머스(쇼핑),아동용내의류,품질(물품/용역)
2024002728,2024-01-13,남자,20 - 29세,서울특별시,방문판매,헬스장,계약해제.해지/위약금
2024002729,2024-01-13,남자,30 - 39세,충청북도,일반판매,국외여행,계약해제.해지/위약금
2024002730,2024-01-13,여자,30 - 39세,부산광역시,기타,어패류젓갈,계약불이행(불완전이행)
2024002731,2024-01-13,남자,20 - 29세,경기도,국내온라인거래,노트북컴퓨터,청약철회
2024002801,2024-01-14,여자,40 - 49세,경기도,국제온라인거래,항공여객운송서비스,계약해제.해지/위약금
2024002802,2024-01-14,남자,30 - 39세,경기도,전화권유판매,공기청정기대여(렌트),계약해제.해지/위약금
2024002803,2024-01-14,여자,40 - 49세,경기도,기타,애완동물이·미용서비스,품질(물품/용역)
2024002804,2024-01-14,여자,40 - 49세,경기도,전화권유판매,스마트폰,거래관행
2024002805,2024-01-14,여자,50 - 59세,경기도,기타,기타방송서비스,부당행위
2024002806,2024-01-14,여자,40 - 49세,경기도,일반판매,기타음식관련서비스,품질(물품/용역)
2024002807,2024-01-14,남자,30 - 39세,경기도,방문판매,남자용한복,가격.요금
2024002808,2024-01-14,남자,30 - 39세,충청남도,일반판매,태블릿PC,품질(물품/용역)
2024002809,2024-01-14,여자,40 - 49세,인천광역시,국내온라인거래,노트북컴퓨터,표시.광고
2024002810,2024-01-14,여자,50 - 59세,강원특별자치도,국내온라인거래,점퍼·재킷류,계약불이행(불완전이행)
2024002811,2024-01-14,여자,50 - 59세,대전광역시,방문판매,코트,품질(물품/용역)
2024002812,2024-01-14,남자,30 - 39세,충청남도,국내온라인거래,항공여객운송서비스,계약불이행(불완전이행)
2024002813,2024-01-14,여자,20 - 29세,경기도,일반판매,코트,계약불이행(불완전이행)
2024002814,2024-01-14,여자,40 - 49세,충청북도,국내온라인거래,점퍼·재킷류,계약해제.해지/위약금
2024002815,2024-01-14,여자,20 - 29세,경기도,모바일거래,항공여객운송서비스,계약해제.해지/위약금
2024002816,2024-01-14,여자,20 - 29세,서울특별시,일반판매,기타이·미용서비스,품질(물품/용역)
2024002817,2024-01-14,여자,20 - 29세,부산광역시,방문판매,필라테스,계약해제.해지/위약금
2024002818,2024-01-14,남자,50 - 59세,강원특별자치도,TV홈쇼핑,음식물처리기대여(렌트),AS불만
2024002819,2024-01-14,남자,50 - 59세,인천광역시,국내온라인거래,운동화,계약불이행(불완전이행)
2024002820,2024-01-14,여자,20 - 29세,경기도,일반판매,헬스장,계약해제.해지/위약금
2024002821,2024-01-12,남자,30 - 39세,서울특별시,일반판매,택배화물운송서비스,계약불이행(불완전이행)
2024002822,2024-01-15,남자,50 - 59세,경기도,국내온라인거래,꽃·화초·화환,품질(물품/용역)
2024002823,2024-01-15,남자,30 - 39세,경기도,일반판매,미용서비스,품질(물품/용역)
2024002824,2024-01-15,여자,40 - 49세,인천광역시,일반판매,버너,품질(물품/용역)
2024002826,2024-01-15,여자,30 - 39세,서울특별시,국내온라인거래,벽지·바닥재,청약철회
2024002827,2024-01-15,남자,50 - 59세,부산광역시,국내온라인거래,여행용가방,계약불이행(불완전이행)
2024002828,2024-01-15,여자,60 - 64세,경기도,일반판매,상품권,계약불이행(불완전이행)
2024002829,2024-01-15,남자,50 - 59세,대전광역시,일반판매,차량용블랙박스,품질(물품/용역)
2024002830,2024-01-15,남자,30 - 39세,서울특별시,일반판매,이동전화서비스,계약불이행(불완전이행)
2024002832,2024-01-23,여자,40 - 49세,충청남도,일반판매,점퍼·재킷류,품질(물품/용역)
2024002833,2024-01-15,여자,30 - 39세,인천광역시,일반판매,건물청소서비스,계약불이행(불완전이행)
2024002834,2024-01-15,남자,70 - 79세,경기도,일반판매,가스보일러,품질(물품/용역)
2024002835,2024-01-18,남자,40 - 49세,경기도,일반판매,양복(서양식 의복)세탁,품질(물품/용역)
2024002836,2024-01-15,남자,20 - 29세,서울특별시,국내온라인거래,항공여객운송서비스,계약해제.해지/위약금
2024002837,2024-01-15,여자,20 - 29세,경기도,소셜커머스(쇼핑),항공여객운송서비스,계약해제.해지/위약금
2024002838,2024-01-18,여자,40 - 49세,경기도,일반판매,양복(서양식 의복)세탁,품질(물품/용역)
2024002839,2024-01-15,여자,50 - 59세,전라북도,국내온라인거래,음식물처리기,계약해제.해지/위약금
2024002840,2024-01-15,남자,50 - 59세,서울특별시,기타,실손보험,부당행위
2024002841,2024-01-15,남자,70 - 79세,서울특별시,기타,건강(암·기타질병)보험,계약불이행(불완전이행)
2024002843,2024-01-15,여자,20 - 29세,경기도,국내온라인거래,인터넷게임서비스,청약철회
2024002844,2024-01-15,남자,30 - 39세,부산광역시,일반판매,종합체육시설회원권,계약해제.해지/위약금
2024002845,2024-01-15,여자,20 - 29세,서울특별시,일반판매,헬스장,계약해제.해지/위약금
2024002847,2024-01-15,여자,40 - 49세,경기도,일반판매,정수기대여(렌트),계약해제.해지/위약금
2024002848,2024-01-15,남자,50 - 59세,인천광역시,전화권유판매,기타건강식품,계약해제.해지/위약금
2024002849,2024-01-15,여자,30 - 39세,서울특별시,일반판매,노트북컴퓨터,계약불이행(불완전이행)
2024002850,2024-01-15,남자,(미입력),경기도,모바일거래,타이어,계약해제.해지/위약금
2024002852,2024-01-15,남자,70 - 79세,경기도,일반판매,비뇨의학과,부당행위
2024002853,2024-01-15,여자,50 - 59세,제주도,일반판매,성형외과,계약해제.해지/위약금
2024002854,2024-01-15,여자,60 - 64세,인천광역시,TV홈쇼핑,모피·모피의류,품질(물품/용역)
2024002856,2024-01-15,여자,30 - 39세,서울특별시,국내온라인거래,보석·귀금속,청약철회
2024002857,2024-01-15,여자,50 - 59세,서울특별시,일반판매,자동차수리·점검,계약불이행(불완전이행)
2024002858,2024-01-17,여자,40 - 49세,서울특별시,일반판매,점퍼·재킷류,품질(물품/용역)
2024002859,2024-01-15,남자,50 - 59세,서울특별시,국내온라인거래,니트(스웨터),품질(물품/용역)
2024002860,2024-01-15,남자,60 - 64세,경상북도,모바일거래,컴퓨터및주변기기대여(렌트),계약해제.해지/위약금
2024002861,2024-01-15,남자,50 - 59세,대구광역시,일반판매,중형승용자동차,AS불만
2024002864,2024-01-18,남자,30 - 39세,경기도,일반판매,벨트,품질(물품/용역)
2024002865,2024-01-15,여자,60 - 64세,전라남도,일반판매,실손보험,계약불이행(불완전이행)
2024002866,2024-01-15,남자,20 - 29세,서울특별시,국제온라인거래,항공여객운송서비스,계약해제.해지/위약금
2024002867,2024-01-15,여자,30 - 39세,경기도,일반판매,중형승용자동차,품질(물품/용역)
2024002868,2024-01-15,남자,60 - 64세,경기도,일반판매,중형승용자동차,계약해제.해지/위약금
2024002869,2024-01-15,남자,40 - 49세,충청남도,일반판매,기타인테리어설비,계약불이행(불완전이행)
2024002870,2024-01-15,남자,30 - 39세,인천광역시,일반판매,중고자동차중개·매매,계약불이행(불완전이행)
2024002871,2024-01-18,남자,20 - 29세,서울특별시,일반판매,기타모피·가죽의류,품질(물품/용역)
2024002872,2024-01-15,남자,30 - 39세,서울특별시,전화권유판매,인터넷정보이용서비스,계약해제.해지/위약금
2024002873,2024-01-15,남자,50 - 59세,부산광역시,국내온라인거래,신유형상품권,약관
2024002874,2024-01-18,여자,30 - 39세,부산광역시,일반판매,기타가방,품질(물품/용역)
2024002875,2024-01-18,남자,40 - 49세,대구광역시,일반판매,양복(서양식 의복)세탁,품질(물품/용역)
2024002876,2024-01-15,여자,30 - 39세,서울특별시,국내온라인거래,신유형상품권,계약해제.해지/위약금
2024002877,2024-01-15,여자,30 - 39세,서울특별시,국내온라인거래,공기청정기,AS불만
2024002878,2024-01-15,여자,70 - 79세,경기도,기타,정수기대여(렌트),부당행위
2024002879,2024-01-18,여자,불명,경기도,일반판매,기타가방,품질(물품/용역)
2024002880,2024-01-15,여자,30 - 39세,서울특별시,일반판매,전자담배,품질(물품/용역)
2024002881,2024-01-15,여자,30 - 39세,서울특별시,일반판매,펜션,계약해제.해지/위약금
2024002882,2024-01-15,남자,60 - 64세,부산광역시,일반판매,기타인테리어설비,계약불이행(불완전이행)
2024002883,2024-01-15,여자,40 - 49세,경상북도,기타,항공여객운송서비스,부당행위
2024002884,2024-01-17,여자,40 - 49세,부산광역시,국내온라인거래,기타가방,품질(물품/용역)
2024002885,2024-01-18,여자,40 - 49세,충청북도,일반판매,핸드백,품질(물품/용역)
2024002886,2024-01-15,남자,30 - 39세,서울특별시,국내온라인거래,호텔,계약해제.해지/위약금
2024002888,2024-01-15,남자,40 - 49세,경기도,모바일거래,카셰어링,계약해제.해지/위약금
2024002889,2024-01-15,여자,50 - 59세,경상남도,기타,기타숙박시설,계약해제.해지/위약금
2024002890,2024-01-15,여자,50 - 59세,경상남도,국내온라인거래,기타숙박시설,계약해제.해지/위약금
2024002891,2024-01-17,남자,60 - 64세,경기도,TV홈쇼핑,점퍼·재킷류,품질(물품/용역)
2024002893,2024-02-01,남자,30 - 39세,충청북도,국내온라인거래,운동화,품질(물품/용역)
2024002894,2024-01-15,남자,30 - 39세,부산광역시,일반판매,기타자동차용품,계약해제.해지/위약금
2024002895,2024-01-15,남자,20 - 29세,서울특별시,국내온라인거래,자동차대여(렌트),계약해제.해지/위약금
2024002896,2024-01-15,남자,70 - 79세,대구광역시,TV홈쇼핑,공구세트,품질(물품/용역)
2024002897,2024-01-18,남자,80세이상,서울특별시,일반판매,양복(서양식 의복)세탁,품질(물품/용역)
2024002898,2024-02-01,남자,40 - 49세,경기도,국내온라인거래,운동화,품질(물품/용역)
2024002899,2024-01-15,여자,65 - 69세,경기도,일반판매,초고속인터넷,계약해제.해지/위약금
2024002900,2024-01-18,여자,불명,경기도,일반판매,양복(서양식 의복)세탁,품질(물품/용역)
2024002901,2024-01-18,여자,40 - 49세,서울특별시,일반판매,점퍼·재킷류,품질(물품/용역)
2024002902,2024-01-15,여자,50 - 59세,인천광역시,국내온라인거래,전기진공청소기,품질(물품/용역)
2024002903,2024-01-15,여자,30 - 39세,경상남도,일반판매,필라테스,계약해제.해지/위약금
2024002904,2024-01-15,남자,40 - 49세,인천광역시,일반판매,필라테스,계약해제.해지/위약금
2024002905,2024-01-15,남자,불명,서울특별시,일반판매,중형승용자동차,계약불이행(불완전이행)
2024002907,2024-02-08,남자,20 - 29세,경기도,일반판매,운동화,품질(물품/용역)
2024002908,2024-01-18,남자,30 - 39세,경기도,일반판매,양복(서양식 의복)세탁,품질(물품/용역)
2024002909,2024-01-15,남자,30 - 39세,서울특별시,일반판매,자동차수리·점검,품질(물품/용역)
2024002910,2024-01-15,여자,60 - 64세,서울특별시,기타통신판매,감귤,청약철회
2024002911,2024-01-15,남자,30 - 39세,대전광역시,일반판매,중고자동차중개·매매,표시.광고
2024002912,2024-01-15,여자,50 - 59세,경상북도,TV홈쇼핑,타이어,계약불이행(불완전이행)
2024002913,2024-01-15,남자,20 - 29세,인천광역시,국내온라인거래,외국어강습,계약해제.해지/위약금
2024002914,2024-01-15,여자,20 - 29세,서울특별시,일반판매,헬스장,계약해제.해지/위약금
2024002915,2024-01-15,여자,불명,경기도,모바일거래,숙녀화(구두·부츠 등),청약철회
2024002916,2024-01-23,여자,60 - 64세,서울특별시,일반판매,캐주얼바지,품질(물품/용역)
2024002917,2024-01-15,남자,50 - 59세,경기도,모바일거래,카셰어링,부당행위
2024002918,2024-02-08,여자,40 - 49세,서울특별시,일반판매,숙녀화(구두·부츠 등),품질(물품/용역)
2024002919,2024-01-15,여자,60 - 64세,부산광역시,일반판매,포장이사운송서비스,계약불이행(불완전이행)
2024002920,2024-01-15,남자,70 - 79세,서울특별시,국내온라인거래,국외여행,계약해제.해지/위약금
2024002921,2024-01-23,여자,60 - 64세,경기도,일반판매,캐주얼바지,품질(물품/용역)
2024002922,2024-01-15,여자,10 - 19세,서울특별시,일반판매,헬스장,계약해제.해지/위약금
2024002924,2024-01-15,남자,불명,충청남도,일반판매,음식물처리기,AS불만
2024002925,2024-02-08,남자,60 - 64세,경상남도,국내온라인거래,신사화(구두·부츠 등),품질(물품/용역)
2024002926,2024-01-15,남자,30 - 39세,서울특별시,일반판매,자동차수리·점검,계약불이행(불완전이행)
2024002928,2024-01-15,남자,50 - 59세,경기도,일반판매,자동차수리·점검,가격.요금
2024002929,2024-01-15,남자,50 - 59세,서울특별시,기타,기타회원권,청약철회
2024002931,2024-01-15,남자,50 - 59세,경기도,일반판매,자동차대여(렌트),청약철회
2024002932,2024-01-18,여자,40 - 49세,경기도,일반판매,기타신변용품,품질(물품/용역)
2024002933,2024-01-15,여자,50 - 59세,경기도,일반판매,유사투자자문,계약해제.해지/위약금
2024002934,2024-01-15,여자,30 - 39세,서울특별시,국제온라인거래,샌들·슬리퍼,품질(물품/용역)
2024002935,2024-01-15,여자,30 - 39세,경상북도,국내온라인거래,기타책상·테이블류,청약철회
2024002937,2024-01-15,남자,30 - 39세,경기도,국내온라인거래,전기장판,AS불만
2024002938,2024-01-15,여자,50 - 59세,경상남도,일반판매,피부과,계약해제.해지/위약금
2024002939,2024-01-15,여자,65 - 69세,인천광역시,일반판매,냉장고,계약불이행(불완전이행)
2024002940,2024-01-18,여자,40 - 49세,울산광역시,일반판매,양복(서양식 의복)세탁,품질(물품/용역)
2024002941,2024-01-15,남자,40 - 49세,강원특별자치도,국내온라인거래,전기팬히터,계약불이행(불완전이행)
2024002943,2024-01-18,여자,20 - 29세,울산광역시,일반판매,점퍼·재킷류,품질(물품/용역)
2024002945,2024-01-15,여자,80세이상,서울특별시,일반판매,호텔,안전(제품/시설)
2024002946,2024-01-15,여자,50 - 59세,광주광역시,일반판매,레저시설이용,계약해제.해지/위약금
2024002948,2024-01-15,남자,60 - 64세,충청남도,일반판매,자동차수리·점검,품질(물품/용역)
2024002949,2024-01-15,여자,50 - 59세,부산광역시,전화권유판매,인터넷교육서비스,계약해제.해지/위약금
2024002950,2024-01-15,남자,60 - 64세,전라북도,기타통신판매,감귤,품질(물품/용역)
2024002951,2024-01-15,여자,60 - 64세,경상남도,일반판매,실손보험,계약불이행(불완전이행)
2024002952,2024-01-15,남자,80세이상,울산광역시,기타,상해보험,계약불이행(불완전이행)
2024002954,2024-01-15,남자,80세이상,울산광역시,기타,저축성보험,계약불이행(불완전이행)
2024002955,2024-01-15,남자,80세이상,울산광역시,기타,공제보험,계약불이행(불완전이행)
2024002956,2024-01-15,남자,80세이상,울산광역시,기타,자동차보험,부당행위
2024002957,2024-01-18,여자,40 - 49세,대구광역시,일반판매,기타세탁서비스,품질(물품/용역)
2024002958,2024-01-18,남자,50 - 59세,경기도,일반판매,양복(서양식 의복)세탁,품질(물품/용역)
2024002959,2024-01-18,여자,30 - 39세,서울특별시,일반판매,원피스,계약불이행(불완전이행)
2024002960,2024-01-15,남자,20 - 29세,서울특별시,국내온라인거래,인터넷교육서비스,계약불이행(불완전이행)
2024002961,2024-01-15,여자,30 - 39세,경기도,국내온라인거래,지갑,청약철회
2024002962,2024-01-15,남자,30 - 39세,강원특별자치도,국내온라인거래,신사화(구두·부츠 등),품질(물품/용역)
2024002963,2024-01-15,여자,40 - 49세,인천광역시,국내온라인거래,기타숙박시설,품질(물품/용역)
2024002964,2024-01-15,여자,30 - 39세,서울특별시,모바일거래,종합체육시설회원권,계약해제.해지/위약금
2024002965,2024-01-15,남자,50 - 59세,경기도,국내온라인거래,인쇄서비스,계약해제.해지/위약금
2024002966,2024-01-15,남자,20 - 29세,경기도,국내온라인거래,기타사진용품,계약해제.해지/위약금
2024002967,2024-01-15,여자,40 - 49세,경기도,방문판매,일반강습(입시학원등),계약해제.해지/위약금
2024002968,2024-01-15,여자,30 - 39세,대구광역시,국내온라인거래,항공여객운송서비스,계약불이행(불완전이행)
2024002969,2024-01-15,여자,50 - 59세,경기도,국내온라인거래,호텔,계약해제.해지/위약금
2024002970,2024-01-15,여자,50 - 59세,충청남도,일반판매,이동전화서비스,품질(물품/용역)
2024002971,2024-01-15,남자,40 - 49세,부산광역시,국내온라인거래,마사지류,품질(물품/용역)
2024002972,2024-01-15,여자,30 - 39세,경기도,국내온라인거래,기타매체광고,계약해제.해지/위약금
2024002973,2024-01-15,여자,30 - 39세,경상남도,일반판매,미용서비스,계약불이행(불완전이행)
2024002974,2024-01-15,여자,20 - 29세,경기도,일반판매,필라테스,계약해제.해지/위약금
2024002975,2024-01-15,여자,40 - 49세,서울특별시,국제온라인거래,코트,청약철회
2024002976,2024-01-15,여자,20 - 29세,경기도,모바일거래,항공여객운송서비스,계약해제.해지/위약금
2024002977,2024-01-15,여자,30 - 39세,충청남도,일반판매,장의관련서비스,계약해제.해지/위약금
2024002978,2024-01-15,여자,50 - 59세,경기도,전화권유판매,정수기대여(렌트),품질(물품/용역)
2024002979,2024-01-15,남자,40 - 49세,부산광역시,국내온라인거래,가습기,AS불만
2024002980,2024-01-15,남자,30 - 39세,경기도,일반판매,예식서비스,계약해제.해지/위약금
2024002981,2024-01-15,여자,30 - 39세,부산광역시,국내온라인거래,캐주얼바지,청약철회
2024002982,2024-01-15,남자,30 - 39세,서울특별시,일반판매,기타세탁서비스,계약불이행(불완전이행)
2024002983,2024-01-15,여자,20 - 29세,경기도,일반판매,헬스장,계약해제.해지/위약금
2024002984,2024-01-15,여자,40 - 49세,세종특별자치시,모바일거래,항공여객운송서비스,계약불이행(불완전이행)
2024002985,2024-01-15,남자,40 - 49세,대구광역시,기타통신판매,건물청소서비스,품질(물품/용역)
2024002986,2024-01-15,여자,30 - 39세,경기도,기타,일반강습(입시학원등),계약해제.해지/위약금
2024002987,2024-01-15,여자,20 - 29세,인천광역시,전화권유판매,기타매체광고,계약해제.해지/위약금
2024002988,2024-01-15,여자,30 - 39세,경기도,일반판매,결혼준비대행서비스,계약불이행(불완전이행)
2024002989,2024-01-15,남자,50 - 59세,대구광역시,기타통신판매,전기진공청소기,품질(물품/용역)
2024002990,2024-01-15,남자,20 - 29세,서울특별시,일반판매,헬스장,계약해제.해지/위약금
2024002991,2024-01-15,남자,40 - 49세,서울특별시,국내온라인거래,가스보일러,품질(물품/용역)
2024002992,2024-01-15,여자,30 - 39세,경기도,일반판매,기타신발·용품,품질(물품/용역)
2024002993,2024-01-15,여자,50 - 59세,경기도,일반판매,신용카드조회기,계약해제.해지/위약금
2024002994,2024-01-15,남자,40 - 49세,경기도,일반판매,일반강습(입시학원등),계약불이행(불완전이행)
2024002995,2024-01-15,남자,불명,경기도,국내온라인거래,미용서비스,계약해제.해지/위약금
2024002996,2024-01-15,여자,30 - 39세,충청북도,소셜커머스(쇼핑),신유형상품권,청약철회
2024002997,2024-01-15,남자,40 - 49세,경기도,기타,화장실설비,AS불만
2024002998,2024-01-15,여자,30 - 39세,서울특별시,모바일거래,신유형상품권,계약해제.해지/위약금
2024002999,2024-01-15,여자,40 - 49세,경기도,국내온라인거래,스커트,품질(물품/용역)
2024003000,2024-01-15,남자,40 - 49세,대구광역시,모바일거래,이동전화서비스,품질(물품/용역)
2024003001,2024-01-15,여자,50 - 59세,충청남도,기타,음식물처리기,계약불이행(불완전이행)
2024003002,2024-01-15,여자,20 - 29세,경기도,일반판매,필라테스,계약해제.해지/위약금
2024003003,2024-01-15,여자,40 - 49세,광주광역시,국내온라인거래,펜션,계약해제.해지/위약금
2024003004,2024-01-15,여자,20 - 29세,경기도,국내온라인거래,항공여객운송서비스,계약해제.해지/위약금
2024003005,2024-01-15,남자,50 - 59세,서울특별시,국제온라인거래,호텔,계약불이행(불완전이행)
2024003006,2024-01-15,여자,40 - 49세,인천광역시,모바일거래,이동전화서비스,부당행위
2024003007,2024-01-15,여자,40 - 49세,서울특별시,국제온라인거래,기타숙박시설,계약불이행(불완전이행)
2024003008,2024-01-15,여자,20 - 29세,전라남도,방문판매,헬스장,계약불이행(불완전이행)
2024003009,2024-01-15,남자,30 - 39세,경상북도,소셜커머스(쇼핑),국외여행,계약불이행(불완전이행)
2024003010,2024-01-15,남자,40 - 49세,서울특별시,전화권유판매,기타사설강습서비스,약관
2024003011,2024-01-15,여자,50 - 59세,인천광역시,기타,애완견,계약해제.해지/위약금
2024003012,2024-01-15,여자,50 - 59세,경기도,국내온라인거래,캐주얼바지,계약해제.해지/위약금
2024003013,2024-01-15,남자,20 - 29세,인천광역시,국내온라인거래,전자담배,청약철회
2024003014,2024-01-15,여자,50 - 59세,충청북도,국내온라인거래,감귤,품질(물품/용역)
2024003015,2024-01-15,여자,30 - 39세,경기도,국내온라인거래,호텔,청약철회
2024003016,2024-01-15,여자,30 - 39세,경기도,일반판매,헬스장,계약해제.해지/위약금
2024003017,2024-01-15,남자,30 - 39세,서울특별시,국내온라인거래,항공여객운송서비스,부당행위
2024003018,2024-01-15,여자,50 - 59세,경기도,국내온라인거래,국외여행,품질(물품/용역)
2024003019,2024-01-15,여자,30 - 39세,경기도,국내온라인거래,점퍼·재킷류,품질(물품/용역)
2024003020,2024-01-15,여자,20 - 29세,서울특별시,기타,사진촬영,계약불이행(불완전이행)
2024003021,2024-01-15,남자,30 - 39세,전라북도,기타,의료용구대여(렌트),계약해제.해지/위약금
2024003022,2024-01-15,남자,30 - 39세,부산광역시,모바일거래,택배화물운송서비스,계약해제.해지/위약금
2024003023,2024-01-15,남자,40 - 49세,강원특별자치도,일반판매,스마트폰,AS불만
2024003024,2024-01-15,남자,30 - 39세,제주도,일반판매,미용서비스,품질(물품/용역)
2024003025,2024-01-15,남자,40 - 49세,경기도,모바일거래,모바일게임서비스,무능력자계약
2024003026,2024-01-15,여자,30 - 39세,경상북도,국내온라인거래,인터넷게임서비스,부당행위
2024003027,2024-01-15,여자,20 - 29세,제주도,방문판매,헬스장,계약불이행(불완전이행)
2024003028,2024-01-15,남자,30 - 39세,경상남도,국내온라인거래,탈모제,청약철회
2024003029,2024-01-15,남자,40 - 49세,인천광역시,일반판매,양복(서양식 의복)세탁,계약불이행(불완전이행)
2024003030,2024-01-15,남자,40 - 49세,경기도,일반판매,냉장고,AS불만
2024003031,2024-01-15,여자,30 - 39세,대전광역시,기타,예식서비스,계약해제.해지/위약금
2024003032,2024-01-15,여자,40 - 49세,서울특별시,일반판매,다이어트식품,품질(물품/용역)
2024003033,2024-01-15,남자,40 - 49세,경기도,국내온라인거래,호텔,단순문의.상담
2024003034,2024-01-15,남자,50 - 59세,경기도,일반판매,기타인터넷기반서비스,부당행위
2024003035,2024-01-15,여자,30 - 39세,경기도,일반판매,포장이사운송서비스,계약불이행(불완전이행)
2024003036,2024-01-15,여자,30 - 39세,부산광역시,일반판매,스낵과자,안전(제품/시설)
2024003037,2024-01-15,여자,20 - 29세,경기도,모바일거래,사진촬영,계약불이행(불완전이행)
2024003038,2024-01-15,남자,40 - 49세,서울특별시,노상판매,음식물처리기,AS불만
2024003039,2024-01-15,여자,40 - 49세,충청북도,국내온라인거래,바디클렌저,계약불이행(불완전이행)
2024003040,2024-01-15,남자,50 - 59세,서울특별시,TV홈쇼핑,정수기대여(렌트),품질(물품/용역)
2024003041,2024-01-15,남자,60 - 64세,경기도,국내온라인거래,국외여행,계약해제.해지/위약금
2024003042,2024-01-15,남자,40 - 49세,서울특별시,전화권유판매,이동전화서비스,부당행위
2024003043,2024-01-15,여자,30 - 39세,서울특별시,방문판매,인터넷교육서비스,계약해제.해지/위약금
2024003044,2024-01-15,여자,40 - 49세,인천광역시,기타,기타미분류서비스,가격.요금
2024003045,2024-01-15,여자,30 - 39세,경기도,일반판매,예식서비스,표시.광고
2024003046,2024-01-15,남자,30 - 39세,경기도,국내온라인거래,점퍼·재킷류,청약철회
2024003047,2024-01-15,남자,30 - 39세,광주광역시,일반판매,예식서비스,청약철회
2024003048,2024-01-15,여자,40 - 49세,경상북도,방문판매,헬스장,계약해제.해지/위약금
2024003049,2024-01-15,여자,30 - 39세,대구광역시,방문판매,학습지,계약해제.해지/위약금
2024003050,2024-01-15,남자,50 - 59세,서울특별시,국내온라인거래,국외여행,계약해제.해지/위약금
2024003051,2024-01-15,남자,50 - 59세,서울특별시,일반판매,이동전화서비스,품질(물품/용역)
2024003052,2024-01-15,남자,30 - 39세,서울특별시,모바일거래,모바일정보이용서비스,계약해제.해지/위약금
2024003053,2024-01-15,여자,40 - 49세,경기도,국내온라인거래,일반강습(입시학원등),청약철회
2024003054,2024-01-15,남자,50 - 59세,전라북도,국내온라인거래,정수기대여(렌트),품질(물품/용역)
2024003055,2024-01-15,여자,20 - 29세,경상북도,국내온라인거래,기타일반화장품,계약해제.해지/위약금
2024003056,2024-01-15,여자,20 - 29세,경기도,모바일거래,항공여객운송서비스,계약해제.해지/위약금
2024003057,2024-01-15,남자,50 - 59세,서울특별시,국제온라인거래,항공여객운송서비스,계약해제.해지/위약금
2024003058,2024-01-15,여자,40 - 49세,울산광역시,국내온라인거래,숙녀화(구두·부츠 등),청약철회
2024003059,2024-01-16,여자,40 - 49세,충청남도,일반판매,학습지,계약불이행(불완전이행)
2024003061,2024-01-16,남자,30 - 39세,경기도,국내온라인거래,라텍스매트리스,표시.광고
2024003062,2024-01-16,여자,40 - 49세,인천광역시,방문판매,인터넷교육서비스,계약해제.해지/위약금
2024003063,2024-01-16,여자,65 - 69세,전라남도,일반판매,초고속인터넷,부당행위
2024003064,2024-01-18,남자,30 - 39세,서울특별시,일반판매,이불·요,품질(물품/용역)
2024003065,2024-01-16,남자,50 - 59세,인천광역시,국제온라인거래,항공여객운송서비스,계약불이행(불완전이행)
2024003066,2024-01-16,남자,40 - 49세,대구광역시,기타통신판매,점퍼·재킷류,청약철회
2024003067,2024-01-16,남자,40 - 49세,서울특별시,국내온라인거래,항공여객운송서비스,계약해제.해지/위약금
2024003068,2024-01-16,여자,20 - 29세,경기도,국내온라인거래,기타신변용품,계약불이행(불완전이행)
2024003069,2024-01-16,여자,50 - 59세,경기도,국내온라인거래,니트(스웨터),청약철회
2024003072,2024-01-18,남자,30 - 39세,서울특별시,일반판매,신사복하의,품질(물품/용역)
2024003073,2024-01-16,남자,50 - 59세,서울특별시,기타,자동차수리·점검,AS불만
2024003075,2024-01-16,남자,불명,부산광역시,국내온라인거래,기타자동차부품,품질(물품/용역)
2024003076,2024-01-16,여자,20 - 29세,서울특별시,기타통신판매,카셰어링,계약불이행(불완전이행)
2024003077,2024-01-16,여자,40 - 49세,서울특별시,국내온라인거래,숙녀화(구두·부츠 등),청약철회
2024003078,2024-01-16,여자,30 - 39세,서울특별시,국내온라인거래,항공여객운송서비스,청약철회
2024003079,2024-01-16,남자,60 - 64세,서울특별시,TV홈쇼핑,기타이·미용기구,AS불만
2024003080,2024-01-18,여자,30 - 39세,경기도,일반판매,양복(서양식 의복)세탁,품질(물품/용역)
2024003082,2024-01-16,여자,30 - 39세,대전광역시,일반판매,전기자전거,AS불만
2024003086,2024-01-16,남자,30 - 39세,충청북도,국제온라인거래,기타자동차부품,계약불이행(불완전이행)
2024003087,2024-01-16,여자,50 - 59세,서울특별시,국내온라인거래,기타과일·과일가공식품,품질(물품/용역)
2024003088,2024-01-18,여자,60 - 64세,서울특별시,일반판매,점퍼·재킷류,청약철회
2024003089,2024-01-16,남자,50 - 59세,경기도,국내온라인거래,전기자동차,AS불만
2024003090,2024-01-16,남자,40 - 49세,서울특별시,전화권유판매,유사투자자문,계약해제.해지/위약금
2024003091,2024-01-23,여자,20 - 29세,세종특별자치시,일반판매,코트,품질(물품/용역)
2024003093,2024-01-16,남자,30 - 39세,경기도,기타,스마트폰,AS불만
2024003094,2024-01-16,여자,30 - 39세,경기도,소셜커머스(쇼핑),기타책상·테이블류,품질(물품/용역)
2024003095,2024-01-16,여자,60 - 64세,서울특별시,전화권유판매,유사투자자문,계약해제.해지/위약금
2024003096,2024-01-16,남자,50 - 59세,해외 및 기타,일반판매,중고자동차중개·매매,품질(물품/용역)
2024003097,2024-01-16,여자,불명,서울특별시,국내온라인거래,기타음료,계약불이행(불완전이행)
2024003098,2024-01-16,여자,50 - 59세,경기도,소셜커머스(쇼핑),헤드폰·이어폰,청약철회
2024003099,2024-01-16,여자,20 - 29세,대전광역시,일반판매,헬스장,계약해제.해지/위약금
2024003100,2024-01-16,여자,30 - 39세,인천광역시,일반판매,헬스장,계약해제.해지/위약금
2024003101,2024-01-16,남자,30 - 39세,서울특별시,일반판매,헬스장,계약해제.해지/위약금
2024003102,2024-01-16,여자,40 - 49세,서울특별시,전화권유판매,유사투자자문,계약해제.해지/위약금
2024003103,2024-01-16,남자,30 - 39세,해외 및 기타,국제온라인거래,기타숙박시설,계약해제.해지/위약금
2024003104,2024-01-16,여자,20 - 29세,전라남도,국내온라인거래,국외여행,청약철회
2024003105,2024-01-16,남자,40 - 49세,서울특별시,국내온라인거래,기타가방,표시.광고
2024003106,2024-01-16,남자,50 - 59세,서울특별시,국내온라인거래,펜션,계약해제.해지/위약금
2024003107,2024-01-16,남자,30 - 39세,인천광역시,국내온라인거래,점퍼·재킷류,청약철회
2024003109,2024-01-16,여자,40 - 49세,서울특별시,국내온라인거래,전기자전거,AS불만
2024003110,2024-01-16,여자,20 - 29세,충청남도,국내온라인거래,호텔,계약해제.해지/위약금
2024003111,2024-01-16,여자,20 - 29세,경기도,국내온라인거래,니트(스웨터),청약철회
2024003112,2024-01-16,남자,30 - 39세,서울특별시,일반판매,인터넷정보이용서비스,계약해제.해지/위약금
2024003113,2024-01-16,여자,40 - 49세,경기도,TV홈쇼핑,욕실설비,품질(물품/용역)
2024003114,2024-01-16,남자,50 - 59세,부산광역시,일반판매,자동차리스,계약불이행(불완전이행)
2024003115,2024-01-16,여자,20 - 29세,대구광역시,국내온라인거래,항공여객운송서비스,계약불이행(불완전이행)
2024003116,2024-01-25,여자,20 - 29세,서울특별시,국내온라인거래,원피스,품질(물품/용역)
2024003117,2024-01-16,남자,60 - 64세,경상남도,방문판매,실손보험,계약불이행(불완전이행)
2024003118,2024-01-16,여자,30 - 39세,부산광역시,국내온라인거래,기타가구,계약불이행(불완전이행)
2024003119,2024-01-16,여자,20 - 29세,경기도,일반판매,필라테스,계약해제.해지/위약금
2024003121,2024-01-16,여자,30 - 39세,경기도,국내온라인거래,국외여행,계약해제.해지/위약금
2024003122,2024-01-16,남자,50 - 59세,충청남도,일반판매,초고속인터넷,계약불이행(불완전이행)
2024003123,2024-01-16,남자,(미입력),전라남도,국내온라인거래,기타미분류물품,청약철회
2024003124,2024-01-18,남자,30 - 39세,서울특별시,일반판매,양복(서양식 의복)세탁,품질(물품/용역)
2024003126,2024-01-16,남자,30 - 39세,인천광역시,기타,비뇨의학과,품질(물품/용역)
2024003127,2024-01-16,여자,20 - 29세,경기도,기타통신판매,인터넷교육서비스,계약해제.해지/위약금
2024003128,2024-01-16,남자,60 - 64세,경기도,국내온라인거래,가스보일러,표시.광고
2024003129,2024-01-16,여자,70 - 79세,경기도,국내온라인거래,감,계약불이행(불완전이행)
2024003130,2024-01-18,여자,20 - 29세,서울특별시,일반판매,양복(서양식 의복)세탁,품질(물품/용역)
2024003132,2024-01-16,남자,30 - 39세,해외 및 기타,일반판매,이동전화서비스,계약해제.해지/위약금
2024003133,2024-01-16,여자,불명,서울특별시,국내온라인거래,철도여객운송서비스,계약해제.해지/위약금
2024003134,2024-01-16,여자,40 - 49세,경기도,일반판매,기타회원권,계약해제.해지/위약금
2024003135,2024-01-16,여자,40 - 49세,경상남도,일반판매,필라테스,계약해제.해지/위약금
2024003136,2024-01-24,여자,50 - 59세,대구광역시,일반판매,양복(서양식 의복)세탁,품질(물품/용역)
2024003137,2024-01-18,여자,50 - 59세,대구광역시,일반판매,양복(서양식 의복)세탁,품질(물품/용역)
2024003138,2024-01-18,여자,30 - 39세,전라북도,기타통신판매,기타모피·가죽의류,품질(물품/용역)
2024003139,2024-01-16,남자,60 - 64세,경기도,일반판매,자동차대여(렌트),계약해제.해지/위약금
2024003141,2024-01-16,남자,20 - 29세,경상남도,방문판매,음식물처리기,AS불만
2024003142,2024-01-16,여자,30 - 39세,서울특별시,일반판매,피부·체형관리서비스,계약해제.해지/위약금
2024003143,2024-01-16,남자,불명,인천광역시,국내온라인거래,항공여객운송서비스,계약해제.해지/위약금
2024003145,2024-01-16,여자,30 - 39세,경상남도,모바일거래,레저시설이용,청약철회
2024003146,2024-01-16,여자,20 - 29세,경기도,국내온라인거래,기타숙박시설,계약해제.해지/위약금
2024003147,2024-01-16,남자,40 - 49세,인천광역시,일반판매,자동차수리·점검,AS불만
2024003149,2024-01-16,남자,30 - 39세,서울특별시,국내온라인거래,항공여객운송서비스,계약불이행(불완전이행)
2024003150,2024-01-18,여자,50 - 59세,경기도,일반판매,점퍼·재킷류,품질(물품/용역)
2024003151,2024-02-19,여자,30 - 39세,서울특별시,일반판매,샌들·슬리퍼,품질(물품/용역)
2024003152,2024-01-16,여자,20 - 29세,서울특별시,일반판매,피부과,계약해제.해지/위약금
2024003154,2024-01-18,여자,30 - 39세,경기도,국내온라인거래,점퍼·재킷류,품질(물품/용역)
2024003155,2024-01-16,여자,50 - 59세,충청북도,국내온라인거래,인터넷정보이용서비스,계약해제.해지/위약금
2024003157,2024-01-16,남자,불명,충청남도,국내온라인거래,스포츠관람,청약철회
2024003159,2024-01-16,남자,30 - 39세,서울특별시,국내온라인거래,기타숙박시설,계약해제.해지/위약금
2024003161,2024-01-18,여자,50 - 59세,경기도,일반판매,점퍼·재킷류,품질(물품/용역)
2024003162,2024-01-16,여자,50 - 59세,경기도,일반판매,인터넷정보이용서비스,계약해제.해지/위약금
2024003163,2024-01-16,여자,40 - 49세,서울특별시,일반판매,냉장고,AS불만
2024003164,2024-01-16,여자,40 - 49세,경상남도,국내온라인거래,레저시설이용,거래관행
2024003165,2024-01-16,남자,30 - 39세,부산광역시,일반판매,피부과,계약해제.해지/위약금
2024003166,2024-02-01,여자,50 - 59세,서울특별시,국내온라인거래,운동화,품질(물품/용역)
2024003167,2024-01-16,여자,20 - 29세,대전광역시,일반판매,테니스장스쿼시회원권,계약해제.해지/위약금
2024003168,2024-01-16,남자,50 - 59세,서울특별시,국내온라인거래,신사복세트,품질(물품/용역)
2024003169,2024-01-16,남자,50 - 59세,세종특별자치시,국내온라인거래,골프회원권,계약불이행(불완전이행)
2024003170,2024-01-16,여자,30 - 39세,경기도,방문판매,기타법률서비스,부당행위
2024003171,2024-01-16,여자,20 - 29세,대전광역시,기타,예식서비스,계약해제.해지/위약금
2024003172,2024-01-16,여자,20 - 29세,강원특별자치도,국내온라인거래,기타간편복,청약철회
2024003173,2024-01-16,남자,30 - 39세,부산광역시,방문판매,헬스장,계약해제.해지/위약금
2024003174,2024-01-16,남자,40 - 49세,제주도,국내온라인거래,점퍼·재킷류,품질(물품/용역)
2024003175,2024-01-16,남자,50 - 59세,제주도,국내온라인거래,스마트폰,AS불만
2024003176,2024-01-16,남자,30 - 39세,충청북도,기타,기타인테리어설비,AS불만
2024003177,2024-01-16,남자,40 - 49세,서울특별시,국내온라인거래,TV,품질(물품/용역)
2024003178,2024-01-16,남자,30 - 39세,경기도,방문판매,미용서비스,계약해제.해지/위약금
2024003179,2024-01-16,남자,65 - 69세,서울특별시,일반판매,신발세탁,AS불만
2024003180,2024-01-16,여자,30 - 39세,대구광역시,일반판매,기타미분류서비스,안전(제품/시설)
2024003181,2024-01-16,여자,20 - 29세,대구광역시,국내온라인거래,기타의류·섬유,청약철회
2024003182,2024-01-16,남자,50 - 59세,경기도,국내온라인거래,각종자격취득강습,표시.광고
2024003183,2024-01-16,여자,20 - 29세,경기도,일반판매,미용서비스,계약해제.해지/위약금
2024003184,2024-01-16,남자,40 - 49세,경상북도,기타,기타미분류서비스,계약해제.해지/위약금
2024003185,2024-01-16,여자,40 - 49세,울산광역시,방문판매,미용서비스,계약해제.해지/위약금
2024003186,2024-01-16,남자,50 - 59세,경기도,기타통신판매,항공여객운송서비스,계약해제.해지/위약금
2024003187,2024-01-16,남자,40 - 49세,경기도,전화권유판매,학습지,계약불이행(불완전이행)
2024003188,2024-01-16,여자,30 - 39세,서울특별시,국내온라인거래,인터넷교육서비스,계약해제.해지/위약금
2024003189,2024-01-16,여자,40 - 49세,경기도,국내온라인거래,점퍼·재킷류,청약철회
2024003190,2024-01-16,여자,50 - 59세,인천광역시,일반판매,TV,계약불이행(불완전이행)
2024003191,2024-01-16,여자,20 - 29세,대전광역시,국내온라인거래,식사배달,품질(물품/용역)
2024003192,2024-01-16,여자,30 - 39세,서울특별시,기타,기타전문서비스,품질(물품/용역)
2024003193,2024-01-16,남자,30 - 39세,경상북도,일반판매,오피스텔,계약불이행(불완전이행)
2024003194,2024-01-16,여자,20 - 29세,경기도,국내온라인거래,기타완구·인형,청약철회
2024003195,2024-01-16,여자,40 - 49세,경기도,일반판매,노트·수첩·앨범등,계약불이행(불완전이행)
2024003196,2024-01-16,여자,20 - 29세,서울특별시,국내온라인거래,철도여객운송서비스,계약해제.해지/위약금
2024003197,2024-01-16,여자,50 - 59세,전라북도,일반판매,스포츠시설이용,가격.요금
2024003198,2024-01-16,여자,20 - 29세,경기도,일반판매,일반강습(입시학원등),청약철회
2024003199,2024-01-16,남자,40 - 49세,전라남도,일반판매,정수기대여(렌트),계약해제.해지/위약금
2024003200,2024-01-16,남자,30 - 39세,부산광역시,모바일거래,모바일게임서비스,계약불이행(불완전이행)
2024003201,2024-01-16,남자,40 - 49세,서울특별시,국내온라인거래,국외여행,계약해제.해지/위약금
2024003202,2024-01-16,여자,30 - 39세,충청북도,소셜커머스(쇼핑),기타재봉·세탁·청소용품,계약불이행(불완전이행)
2024003203,2024-01-16,여자,40 - 49세,경기도,국내온라인거래,국외여행,청약철회
2024003204,2024-01-16,여자,30 - 39세,부산광역시,국내온라인거래,기타가사용품,가격.요금
2024003205,2024-01-16,여자,40 - 49세,부산광역시,일반판매,기타세탁서비스,품질(물품/용역)
2024003206,2024-01-16,남자,40 - 49세,경기도,일반판매,초고속인터넷,부당행위
2024003207,2024-01-16,남자,40 - 49세,부산광역시,소셜커머스(쇼핑),레저시설이용,거래관행
2024003208,2024-01-16,남자,40 - 49세,경기도,국내온라인거래,냄비,품질(물품/용역)
2024003209,2024-01-16,여자,30 - 39세,경상남도,일반판매,일반강습(입시학원등),계약해제.해지/위약금
2024003210,2024-01-16,여자,40 - 49세,충청남도,일반판매,교복,청약철회
2024003211,2024-01-16,남자,30 - 39세,서울특별시,방문판매,헬스장,계약해제.해지/위약금
2024003212,2024-01-16,여자,40 - 49세,경상북도,일반판매,빵,품질(물품/용역)
2024003213,2024-01-16,남자,불명,경기도,소셜커머스(쇼핑),외국어강습,단순문의.상담
2024003214,2024-01-16,여자,30 - 39세,대전광역시,일반판매,이용서비스,가격.요금
2024003215,2024-01-16,여자,50 - 59세,부산광역시,일반판매,예식서비스,계약해제.해지/위약금
2024003216,2024-01-16,여자,30 - 39세,서울특별시,기타,의상대여(렌트),계약불이행(불완전이행)
2024003217,2024-01-16,남자,60 - 64세,경기도,기타,화목보일러,품질(물품/용역)
2024003218,2024-01-16,여자,20 - 29세,경기도,일반판매,미용서비스,계약불이행(불완전이행)
2024003219,2024-01-16,여자,50 - 59세,서울특별시,TV홈쇼핑,기타가방,품질(물품/용역)
2024003220,2024-01-16,여자,50 - 59세,경기도,일반판매,필라테스,계약해제.해지/위약금
2024003221,2024-01-16,여자,30 - 39세,경기도,국내온라인거래,기타가방,청약철회
2024003222,2024-01-16,남자,20 - 29세,대전광역시,모바일거래,가스보일러,품질(물품/용역)
2024003223,2024-01-16,남자,50 - 59세,강원특별자치도,국내온라인거래,벽돌,청약철회
2024003224,2024-01-16,남자,30 - 39세,경기도,국내온라인거래,카메라,청약철회
2024003225,2024-01-16,남자,40 - 49세,대구광역시,소셜커머스(쇼핑),컵,부당행위
2024003226,2024-01-16,여자,30 - 39세,경기도,국내온라인거래,항공여객운송서비스,가격.요금
2024003227,2024-01-16,여자,40 - 49세,경상남도,기타,기타이동통신,계약불이행(불완전이행)
2024003228,2024-01-16,여자,40 - 49세,경상남도,기타,미분류컨설팅(자문),계약해제.해지/위약금
2024003229,2024-01-16,여자,40 - 49세,경기도,국내온라인거래,버스여객운송서비스,계약해제.해지/위약금
2024003230,2024-01-16,남자,불명,경기도,국내온라인거래,골프용품,AS불만
2024003231,2024-01-16,여자,30 - 39세,경기도,일반판매,기타인테리어설비,계약불이행(불완전이행)
2024003232,2024-01-16,여자,30 - 39세,경기도,모바일거래,사진촬영,계약불이행(불완전이행)
2024003233,2024-01-16,여자,40 - 49세,경기도,국내온라인거래,샌들·슬리퍼,청약철회
2024003234,2024-01-16,여자,30 - 39세,광주광역시,국내온라인거래,기타의류·섬유,단순문의.상담
2024003235,2024-01-16,여자,40 - 49세,인천광역시,소셜커머스(쇼핑),액정보호필름,청약철회
2024003236,2024-01-16,여자,40 - 49세,세종특별자치시,기타,피부·체형관리서비스,계약해제.해지/위약금
2024003237,2024-01-16,남자,30 - 39세,서울특별시,국내온라인거래,기타부엌소모품,품질(물품/용역)
2024003238,2024-01-16,여자,30 - 39세,서울특별시,일반판매,헬스장,계약불이행(불완전이행)
2024003239,2024-01-16,여자,20 - 29세,광주광역시,국내온라인거래,숙녀화(구두·부츠 등),품질(물품/용역)
2024003240,2024-01-16,남자,50 - 59세,경기도,TV홈쇼핑,스프링매트리스,청약철회
2024003241,2024-01-16,여자,30 - 39세,충청남도,국내온라인거래,기타신발·용품,품질(물품/용역)
2024003242,2024-01-16,여자,20 - 29세,경기도,일반판매,필라테스,계약해제.해지/위약금
2024003243,2024-01-16,여자,30 - 39세,경기도,기타,피부·체형관리서비스,부당행위
2024003244,2024-01-16,남자,40 - 49세,서울특별시,국내온라인거래,기타스포츠·레저기구·용품,계약불이행(불완전이행)
2024003245,2024-01-16,남자,40 - 49세,서울특별시,국내온라인거래,전기진공청소기,품질(물품/용역)
2024003246,2024-01-16,여자,40 - 49세,부산광역시,일반판매,기타의료용구,계약해제.해지/위약금
2024003247,2024-01-16,여자,20 - 29세,서울특별시,국내온라인거래,기타인터넷기반서비스,계약불이행(불완전이행)
2024003248,2024-01-16,남자,40 - 49세,서울특별시,일반판매,인터넷정보이용서비스,가격.요금
2024003249,2024-01-16,남자,30 - 39세,제주도,일반판매,헬스장,계약해제.해지/위약금
2024003250,2024-01-16,여자,30 - 39세,경기도,TV홈쇼핑,국내여행,계약해제.해지/위약금
2024003251,2024-01-16,남자,40 - 49세,충청남도,기타,스마트폰,품질(물품/용역)
2024003252,2024-01-16,남자,50 - 59세,경기도,기타,기타미분류서비스,계약해제.해지/위약금
2024003253,2024-01-16,남자,40 - 49세,경상북도,일반판매,도시가스,가격.요금
2024003254,2024-01-16,여자,50 - 59세,충청남도,일반판매,국내결혼중개,계약해제.해지/위약금
2024003255,2024-01-16,여자,20 - 29세,울산광역시,일반판매,일반강습(입시학원등),청약철회
2024003256,2024-01-16,남자,30 - 39세,서울특별시,일반판매,점퍼·재킷류,청약철회
2024003257,2024-01-16,여자,20 - 29세,경기도,기타,예식서비스,계약해제.해지/위약금
2024003258,2024-01-16,여자,30 - 39세,경기도,국내온라인거래,캐주얼바지,청약철회
2024003259,2024-01-16,여자,20 - 29세,광주광역시,국내온라인거래,기타의류·섬유,청약철회
2024003260,2024-01-16,여자,20 - 29세,서울특별시,국내온라인거래,기타의류·섬유,청약철회
2024003262,2024-01-17,여자,40 - 49세,경기도,일반판매,정수기대여(렌트),청약철회
2024003263,2024-01-17,남자,30 - 39세,경기도,국내온라인거래,기타스포츠·레저기구·용품,품질(물품/용역)
2024003264,2024-01-17,여자,70 - 79세,경기도,일반판매,흉부외과,품질(물품/용역)
2024003265,2024-01-17,여자,40 - 49세,서울특별시,일반판매,종합체육시설회원권,계약해제.해지/위약금
2024003266,2024-01-17,남자,불명,경기도,국내온라인거래,호텔,계약불이행(불완전이행)
2024003267,2024-01-17,남자,불명,경기도,국내온라인거래,국외여행,계약불이행(불완전이행)
2024003268,2024-01-17,여자,65 - 69세,경상북도,일반판매,기타조리기기·기구,품질(물품/용역)
2024003269,2024-01-17,남자,40 - 49세,경기도,일반판매,기타자동차부품,AS불만
2024003271,2024-01-17,남자,30 - 39세,경기도,국내온라인거래,음식물처리기,품질(물품/용역)
2024003272,2024-01-17,남자,50 - 59세,서울특별시,국제온라인거래,항공화물운송서비스,계약해제.해지/위약금
2024003273,2024-01-17,여자,60 - 64세,서울특별시,기타통신판매,국내결혼중개,계약해제.해지/위약금
2024003274,2024-01-17,남자,70 - 79세,경기도,일반판매,국외여행,계약해제.해지/위약금
2024003275,2024-01-17,여자,20 - 29세,인천광역시,일반판매,국외여행,계약해제.해지/위약금
2024003276,2024-01-17,여자,60 - 64세,대전광역시,일반판매,스마트폰,품질(물품/용역)
2024003277,2024-01-17,여자,40 - 49세,서울특별시,국내온라인거래,점퍼·재킷류,계약불이행(불완전이행)
2024003278,2024-01-17,여자,65 - 69세,서울특별시,일반판매,이동전화서비스,계약불이행(불완전이행)
2024003279,2024-01-17,여자,40 - 49세,전라남도,일반판매,항공여객운송서비스,청약철회
2024003280,2024-01-17,남자,70 - 79세,대전광역시,국내온라인거래,주식,계약해제.해지/위약금
2024003281,2024-01-17,남자,60 - 64세,대전광역시,국내온라인거래,국외여행,계약불이행(불완전이행)
2024003282,2024-01-17,여자,40 - 49세,울산광역시,일반판매,기타인테리어설비,계약불이행(불완전이행)
2024003283,2024-01-17,남자,40 - 49세,경상남도,일반판매,자동차수리·점검,품질(물품/용역)
2024003285,2024-01-17,여자,20 - 29세,전라남도,일반판매,고시원이용,계약해제.해지/위약금
2024003286,2024-01-17,여자,20 - 29세,인천광역시,국내온라인거래,가구세트,품질(물품/용역)
2024003288,2024-01-17,여자,30 - 39세,광주광역시,국내온라인거래,신유형상품권,부당행위
2024003289,2024-01-17,남자,30 - 39세,경기도,일반판매,중형승용자동차,품질(물품/용역)
2024003290,2024-01-17,남자,30 - 39세,부산광역시,일반판매,국외여행,계약불이행(불완전이행)
2024003291,2024-01-17,남자,20 - 29세,서울특별시,국내온라인거래,매트,청약철회
2024003292,2024-01-17,여자,40 - 49세,대전광역시,전화권유판매,인터넷정보이용서비스,계약해제.해지/위약금
2024003293,2024-01-17,남자,50 - 59세,충청남도,국내온라인거래,김치,표시.광고
2024003294,2024-01-17,여자,40 - 49세,서울특별시,국내온라인거래,사과,품질(물품/용역)
2024003295,2024-01-17,여자,50 - 59세,경상북도,기타통신판매,기타스포츠·레저기구·용품,품질(물품/용역)
2024003296,2024-01-17,여자,20 - 29세,부산광역시,국내온라인거래,가운·잠옷류,청약철회
2024003297,2024-01-17,여자,50 - 59세,인천광역시,일반판매,건강(암·기타질병)보험,부당행위
2024003298,2024-01-17,여자,30 - 39세,서울특별시,국내온라인거래,항공여객운송서비스,계약해제.해지/위약금
2024003299,2024-01-17,여자,50 - 59세,경상북도,일반판매,자동차수리·점검,품질(물품/용역)
2024003300,2024-01-17,남자,30 - 39세,광주광역시,국내온라인거래,전기세탁기,품질(물품/용역)
2024003301,2024-01-17,남자,20 - 29세,서울특별시,국내온라인거래,전동킥보드,품질(물품/용역)
2024003302,2024-01-17,남자,30 - 39세,경기도,일반판매,포장이사운송서비스,품질(물품/용역)
2024003303,2024-01-17,여자,30 - 39세,부산광역시,모바일거래,신유형상품권,거래관행
2024003304,2024-01-17,남자,50 - 59세,경기도,일반판매,자동차수리·점검,품질(물품/용역)
2024003305,2024-01-17,남자,50 - 59세,경기도,일반판매,침대·매트리스대여(렌트),품질(물품/용역)
2024003306,2024-01-17,남자,30 - 39세,대구광역시,국내온라인거래,포장이사운송서비스,계약불이행(불완전이행)
2024003307,2024-01-17,여자,20 - 29세,경기도,국내온라인거래,펜션,계약해제.해지/위약금
2024003308,2024-01-17,남자,20 - 29세,서울특별시,일반판매,헬스장,계약해제.해지/위약금
2024003309,2024-01-17,남자,40 - 49세,인천광역시,일반판매,외국어강습,이자.수수료
2024003310,2024-01-17,남자,(미입력),강원특별자치도,국내온라인거래,착유기,품질(물품/용역)
2024003312,2024-01-17,여자,40 - 49세,서울특별시,일반판매,학습지,계약해제.해지/위약금
2024003313,2024-01-17,남자,40 - 49세,경기도,국내온라인거래,기타건강식품,품질(물품/용역)
2024003314,2024-01-17,여자,50 - 59세,서울특별시,국제온라인거래,기타숙박시설,계약해제.해지/위약금
2024003315,2024-01-17,남자,70 - 79세,충청북도,모바일거래,국외여행,계약해제.해지/위약금
2024003316,2024-01-17,남자,50 - 59세,부산광역시,국내온라인거래,기타가구,청약철회
2024003317,2024-01-17,여자,40 - 49세,서울특별시,국내온라인거래,항공여객운송서비스,약관
2024003318,2024-01-17,여자,30 - 39세,인천광역시,일반판매,"연회서비스(돌잔치,회갑 등)",계약해제.해지/위약금
2024003319,2024-01-17,여자,불명,경기도,국내온라인거래,코트,품질(물품/용역)
2024003320,2024-01-17,남자,30 - 39세,경기도,일반판매,향수,품질(물품/용역)
2024003321,2024-01-17,여자,40 - 49세,대전광역시,국내온라인거래,기타숙박시설,청약철회
2024003322,2024-01-17,남자,30 - 39세,서울특별시,소셜커머스(쇼핑),헤드폰·이어폰,품질(물품/용역)
2024003323,2024-01-17,여자,20 - 29세,충청북도,일반판매,예식서비스,계약불이행(불완전이행)
2024003324,2024-01-17,남자,50 - 59세,경상북도,국내온라인거래,칫솔,계약불이행(불완전이행)
2024003326,2024-01-17,여자,50 - 59세,경기도,국내온라인거래,TV,품질(물품/용역)
2024003327,2024-01-17,남자,40 - 49세,경기도,일반판매,공중목욕탕,계약불이행(불완전이행)
2024003330,2024-01-17,남자,40 - 49세,서울특별시,국내온라인거래,학생용가방,청약철회
2024003331,2024-02-01,여자,60 - 64세,부산광역시,일반판매,숙녀화(구두·부츠 등),품질(물품/용역)
2024003334,2024-01-17,여자,50 - 59세,경상북도,일반판매,건강(암·기타질병)보험,약관
2024003335,2024-01-17,남자,40 - 49세,경기도,국내온라인거래,기타가구,품질(물품/용역)
2024003336,2024-01-17,여자,70 - 79세,서울특별시,전화권유판매,기타건강식품,계약해제.해지/위약금
2024003337,2024-01-17,남자,50 - 59세,인천광역시,국내온라인거래,국외여행,계약불이행(불완전이행)
2024003338,2024-01-17,여자,70 - 79세,충청북도,일반판매,국내결혼중개,계약불이행(불완전이행)
2024003339,2024-01-17,여자,65 - 69세,강원특별자치도,국내온라인거래,기타자동차용품,AS불만
2024003340,2024-02-01,여자,50 - 59세,울산광역시,일반판매,신발세탁,계약불이행(불완전이행)
2024003341,2024-01-25,여자,40 - 49세,부산광역시,일반판매,티셔츠,품질(물품/용역)
2024003342,2024-01-25,여자,60 - 64세,인천광역시,일반판매,스포츠웨어,품질(물품/용역)
2024003343,2024-01-17,남자,30 - 39세,서울특별시,모바일거래,자동차대여(렌트),계약해제.해지/위약금
2024003344,2024-01-17,여자,20 - 29세,경기도,국내온라인거래,기타일반화장품,계약불이행(불완전이행)
2024003345,2024-01-17,남자,50 - 59세,서울특별시,일반판매,전기밥솥,품질(물품/용역)
2024003346,2024-01-17,여자,40 - 49세,서울특별시,일반판매,각종자격취득강습,계약해제.해지/위약금
2024003347,2024-01-17,여자,40 - 49세,서울특별시,일반판매,상해보험,계약불이행(불완전이행)
2024003348,2024-01-25,여자,50 - 59세,경기도,일반판매,코트,품질(물품/용역)
2024003349,2024-01-17,여자,40 - 49세,서울특별시,기타,초고속인터넷,계약해제.해지/위약금
2024003350,2024-02-01,남자,65 - 69세,경기도,국내온라인거래,생활패션화(슬립온·아쿠아슈즈·장화·작업화 등),품질(물품/용역)
2024003351,2024-01-17,남자,50 - 59세,경기도,국내온라인거래,컴퓨터및주변기기대여(렌트),계약해제.해지/위약금
2024003352,2024-01-17,남자,(미입력),서울특별시,모바일거래,기타식품류,안전(제품/시설)
2024003353,2024-01-17,여자,40 - 49세,부산광역시,국내온라인거래,인터넷게임서비스,무능력자계약
2024003354,2024-01-17,남자,60 - 64세,제주도,일반판매,비뇨의학과,품질(물품/용역)
2024003355,2024-01-17,남자,30 - 39세,경기도,국내온라인거래,신유형상품권,계약불이행(불완전이행)
2024003357,2024-01-17,여자,20 - 29세,광주광역시,기타통신판매,기타여행,계약해제.해지/위약금
2024003358,2024-01-17,남자,50 - 59세,경상남도,국내온라인거래,신유형상품권,부당행위
2024003359,2024-01-17,남자,50 - 59세,경기도,일반판매,종신보험,부당행위
2024003360,2024-01-17,남자,40 - 49세,경기도,국내온라인거래,기타미분류서비스,계약해제.해지/위약금
2024003361,2024-01-17,여자,30 - 39세,서울특별시,모바일거래,기타문화·오락시설이용,계약해제.해지/위약금
2024003362,2024-01-17,남자,40 - 49세,경기도,일반판매,건강(암·기타질병)보험,계약불이행(불완전이행)
2024003363,2024-01-17,여자,50 - 59세,경기도,일반판매,피부·체형관리서비스,계약해제.해지/위약금
2024003364,2024-01-17,남자,20 - 29세,인천광역시,일반판매,헬스장,계약해제.해지/위약금
2024003365,2024-01-17,여자,50 - 59세,충청남도,방문판매,기타조리기기·기구,청약철회
2024003366,2024-01-24,여자,40 - 49세,광주광역시,국내온라인거래,기타신변용품,청약철회
2024003367,2024-01-17,여자,40 - 49세,경기도,기타,아파트,품질(물품/용역)
2024003368,2024-01-17,남자,20 - 29세,서울특별시,기타,인터넷교육서비스,청약철회
2024003369,2024-01-17,남자,40 - 49세,울산광역시,일반판매,국내결혼중개,계약해제.해지/위약금
2024003370,2024-01-17,남자,50 - 59세,대구광역시,국내온라인거래,코트,청약철회
2024003371,2024-01-17,남자,50 - 59세,충청북도,일반판매,대형승용자동차,품질(물품/용역)
2024003372,2024-01-17,여자,10 - 19세,인천광역시,국내온라인거래,항공여객운송서비스,청약철회
2024003373,2024-01-17,여자,30 - 39세,울산광역시,일반판매,피부·체형관리서비스,계약해제.해지/위약금
2024003374,2024-01-17,여자,40 - 49세,경기도,국제온라인거래,항공여객운송서비스,가격.요금
2024003375,2024-01-17,남자,40 - 49세,충청북도,국제온라인거래,보석·귀금속,품질(물품/용역)
2024003376,2024-01-17,여자,30 - 39세,경기도,일반판매,빵,계약해제.해지/위약금
2024003377,2024-01-17,여자,30 - 39세,서울특별시,방문판매,헬스장,계약해제.해지/위약금
2024003378,2024-01-17,남자,20 - 29세,서울특별시,전화권유판매,미분류컨설팅(자문),계약해제.해지/위약금
2024003379,2024-01-17,여자,20 - 29세,서울특별시,국내온라인거래,기타미분류서비스,계약불이행(불완전이행)
2024003380,2024-01-17,여자,40 - 49세,부산광역시,국내온라인거래,숙녀복상의,청약철회
2024003381,2024-01-17,여자,20 - 29세,인천광역시,국내온라인거래,사진촬영,계약해제.해지/위약금
2024003382,2024-01-17,여자,50 - 59세,대구광역시,전화권유판매,기타이동통신,계약불이행(불완전이행)
2024003383,2024-01-17,여자,30 - 39세,경기도,일반판매,소프트웨어,계약해제.해지/위약금
2024003384,2024-01-17,남자,40 - 49세,충청북도,일반판매,정수기대여(렌트),계약해제.해지/위약금
2024003385,2024-01-17,여자,30 - 39세,서울특별시,국내온라인거래,딸기,품질(물품/용역)
2024003386,2024-01-17,여자,30 - 39세,경기도,국제온라인거래,항공여객운송서비스,계약불이행(불완전이행)
2024003387,2024-01-17,여자,30 - 39세,서울특별시,일반판매,결혼준비대행서비스,계약해제.해지/위약금
2024003388,2024-01-17,남자,30 - 39세,대전광역시,국내온라인거래,버스여객운송서비스,계약해제.해지/위약금
2024003389,2024-01-17,남자,40 - 49세,경상남도,일반판매,골프용품,AS불만
2024003390,2024-01-17,남자,30 - 39세,경기도,방문판매,도어,AS불만
2024003391,2024-01-17,여자,10 - 19세,경상북도,기타,각종자격취득강습,계약해제.해지/위약금
2024003392,2024-01-17,여자,40 - 49세,서울특별시,방문판매,인터넷교육서비스,계약해제.해지/위약금
2024003393,2024-01-17,남자,30 - 39세,경기도,국내온라인거래,식탁,계약불이행(불완전이행)
2024003394,2024-01-17,여자,60 - 64세,부산광역시,소셜커머스(쇼핑),감귤,계약불이행(불완전이행)
2024003395,2024-01-17,여자,40 - 49세,대전광역시,일반판매,의류관리기(스타일러 등),청약철회
2024003396,2024-01-17,남자,30 - 39세,경상남도,일반판매,신사화(구두·부츠 등),계약불이행(불완전이행)
2024003397,2024-01-17,남자,30 - 39세,서울특별시,일반판매,포장이사운송서비스,품질(물품/용역)
2024003398,2024-01-17,여자,30 - 39세,서울특별시,일반판매,헬스장,계약해제.해지/위약금
2024003399,2024-01-17,남자,20 - 29세,경상북도,국내온라인거래,보석·귀금속,계약불이행(불완전이행)
2024003400,2024-01-17,여자,50 - 59세,경기도,일반판매,헬스장,청약철회
2024003401,2024-01-17,남자,50 - 59세,서울특별시,기타,정수기대여(렌트),계약해제.해지/위약금
2024003402,2024-01-17,남자,30 - 39세,울산광역시,기타,기타세탁서비스,품질(물품/용역)
2024003403,2024-01-17,남자,40 - 49세,전라북도,기타통신판매,종합체육시설회원권,청약철회
2024003404,2024-01-17,남자,20 - 29세,경기도,일반판매,헬스장,계약해제.해지/위약금
2024003405,2024-01-17,여자,30 - 39세,서울특별시,국내온라인거래,기타사진용품,부당행위
2024003406,2024-01-17,여자,40 - 49세,서울특별시,국내온라인거래,김치,계약해제.해지/위약금
2024003407,2024-01-17,여자,20 - 29세,서울특별시,일반판매,피부·체형관리서비스,계약해제.해지/위약금
2024003408,2024-01-17,남자,40 - 49세,경기도,일반판매,가구세트,품질(물품/용역)
2024003409,2024-01-17,여자,40 - 49세,인천광역시,일반판매,이동전화서비스,가격.요금
2024003410,2024-01-17,남자,30 - 39세,대전광역시,일반판매,오피스텔,표시.광고
2024003411,2024-01-17,여자,40 - 49세,부산광역시,국내온라인거래,니트(스웨터),청약철회
2024003412,2024-01-17,여자,60 - 64세,경상남도,기타,미용서비스,청약철회
2024003413,2024-01-17,여자,50 - 59세,인천광역시,모바일거래,기타의류·섬유,청약철회
2024003414,2024-01-17,여자,30 - 39세,경기도,전화권유판매,사진촬영,계약해제.해지/위약금
2024003415,2024-01-17,남자,20 - 29세,서울특별시,방문판매,일반강습(입시학원등),계약해제.해지/위약금
2024003416,2024-01-17,여자,30 - 39세,경기도,일반판매,결혼준비대행서비스,계약해제.해지/위약금
2024003417,2024-01-17,남자,40 - 49세,경기도,방문판매,학습지,계약해제.해지/위약금
2024003418,2024-01-17,여자,30 - 39세,대전광역시,방문판매,필라테스,계약해제.해지/위약금
2024003419,2024-01-17,여자,70 - 79세,서울특별시,일반판매,항공여객운송서비스,계약해제.해지/위약금
2024003420,2024-01-17,여자,20 - 29세,경기도,방문판매,헬스장,계약해제.해지/위약금
2024003421,2024-01-17,여자,30 - 39세,부산광역시,일반판매,가구세트,품질(물품/용역)
2024003422,2024-01-17,여자,30 - 39세,경기도,방문판매,필라테스,계약해제.해지/위약금
2024003423,2024-01-17,남자,40 - 49세,전라남도,TV홈쇼핑,음식물처리기대여(렌트),계약불이행(불완전이행)
2024003424,2024-01-17,여자,30 - 39세,서울특별시,기타,포장이사운송서비스,품질(물품/용역)
2024003425,2024-01-17,남자,20 - 29세,서울특별시,방문판매,이동전화서비스,청약철회
2024003426,2024-01-17,여자,30 - 39세,인천광역시,모바일거래,소프트웨어,계약불이행(불완전이행)
2024003427,2024-01-17,남자,70 - 79세,부산광역시,일반판매,외식,가격.요금
2024003428,2024-01-17,남자,30 - 39세,경기도,기타,헬스장,계약해제.해지/위약금
2024003429,2024-01-17,여자,40 - 49세,경기도,국내온라인거래,항공여객운송서비스,계약해제.해지/위약금
2024003430,2024-01-17,여자,30 - 39세,부산광역시,국내온라인거래,코트,청약철회
2024003431,2024-01-17,남자,30 - 39세,경기도,일반판매,기타인테리어설비,계약해제.해지/위약금
2024003432,2024-01-17,여자,30 - 39세,서울특별시,방문판매,필라테스,계약해제.해지/위약금
2024003433,2024-01-17,여자,40 - 49세,대전광역시,국내온라인거래,전기진공청소기,계약불이행(불완전이행)
2024003434,2024-01-17,남자,50 - 59세,경기도,일반판매,기타공조·냉난방기기,계약불이행(불완전이행)
2024003435,2024-01-17,여자,40 - 49세,서울특별시,일반판매,방문교육,계약해제.해지/위약금
2024003436,2024-01-17,남자,50 - 59세,서울특별시,일반판매,케이블TV,계약해제.해지/위약금
2024003437,2024-01-17,여자,20 - 29세,서울특별시,전화권유판매,인터넷교육서비스,계약해제.해지/위약금
2024003438,2024-01-17,남자,30 - 39세,서울특별시,국내온라인거래,기타숙박시설,계약해제.해지/위약금
2024003439,2024-01-17,여자,20 - 29세,서울특별시,전화권유판매,이동전화서비스,청약철회
2024003440,2024-01-17,남자,30 - 39세,서울특별시,방문판매,기타매체광고,계약해제.해지/위약금
2024003441,2024-01-17,여자,30 - 39세,서울특별시,기타,신발세탁,AS불만
2024003442,2024-01-17,남자,20 - 29세,서울특별시,일반판매,헬스장,계약해제.해지/위약금
2024003443,2024-01-17,여자,30 - 39세,충청북도,국내온라인거래,인터넷교육서비스,계약해제.해지/위약금
2024003444,2024-01-17,여자,40 - 49세,서울특별시,국내온라인거래,기타모피·가죽의류,청약철회
2024003445,2024-01-17,여자,20 - 29세,경기도,모바일거래,레포츠장비대여(렌트),부당행위
2024003446,2024-01-17,여자,20 - 29세,대전광역시,방문판매,헬스장,계약해제.해지/위약금
2024003447,2024-01-17,여자,30 - 39세,인천광역시,일반판매,헬스장,계약해제.해지/위약금
2024003448,2024-01-17,여자,20 - 29세,서울특별시,TV홈쇼핑,국외여행,계약해제.해지/위약금
2024003449,2024-01-17,여자,20 - 29세,인천광역시,전화권유판매,초고속인터넷,가격.요금
2024003450,2024-01-17,여자,30 - 39세,서울특별시,국내온라인거래,가습기,계약해제.해지/위약금
2024003451,2024-01-17,남자,40 - 49세,울산광역시,일반판매,콘도회원권,계약불이행(불완전이행)
2024003452,2024-01-17,여자,20 - 29세,강원특별자치도,TV홈쇼핑,음식물처리기대여(렌트),AS불만
2024003453,2024-01-17,여자,20 - 29세,서울특별시,일반판매,피부·체형관리서비스,계약해제.해지/위약금
2024003454,2024-01-17,여자,60 - 64세,서울특별시,TV홈쇼핑,기타스포츠·레저기구·용품,품질(물품/용역)
2024003455,2024-01-17,여자,30 - 39세,경기도,국내온라인거래,항공여객운송서비스,계약해제.해지/위약금
2024003456,2024-01-17,남자,80세이상,서울특별시,일반판매,보청기,품질(물품/용역)
2024003457,2024-01-17,여자,30 - 39세,서울특별시,전화권유판매,기타정보이용서비스,계약해제.해지/위약금
2024003458,2024-01-17,여자,40 - 49세,경기도,일반판매,실손보험,약관
2024003459,2024-01-17,여자,30 - 39세,서울특별시,일반판매,포장이사운송서비스,계약불이행(불완전이행)
2024003460,2024-01-17,여자,30 - 39세,서울특별시,국내온라인거래,CD·LD·DVD(영화·음악·게임),품질(물품/용역)
2024003461,2024-01-17,여자,20 - 29세,경기도,국내온라인거래,티셔츠,청약철회
2024003462,2024-01-17,여자,40 - 49세,부산광역시,일반판매,냉장고,계약불이행(불완전이행)
2024003463,2024-01-17,여자,30 - 39세,세종특별자치시,모바일거래,그릇세트,품질(물품/용역)
2024003464,2024-01-17,여자,40 - 49세,충청남도,국내온라인거래,점퍼·재킷류,품질(물품/용역)
2024003465,2024-01-17,남자,40 - 49세,서울특별시,일반판매,택배화물운송서비스,계약불이행(불완전이행)
2024003466,2024-01-17,여자,30 - 39세,서울특별시,국내온라인거래,기타의류·섬유,청약철회
2024003467,2024-01-17,여자,30 - 39세,부산광역시,국내온라인거래,기타이·미용기구,안전(제품/시설)
2024003468,2024-01-17,여자,30 - 39세,경기도,국내온라인거래,전기장판,안전(제품/시설)
2024003469,2024-01-18,남자,65 - 69세,경기도,국제온라인거래,헤드폰·이어폰,표시.광고
2024003471,2024-01-18,남자,30 - 39세,서울특별시,기타,인터넷정보이용서비스,부당행위
2024003472,2024-01-18,여자,40 - 49세,서울특별시,국내온라인거래,전기진공청소기,AS불만
2024003473,2024-01-18,여자,20 - 29세,인천광역시,방문판매,결혼준비대행서비스,계약불이행(불완전이행)
2024003475,2024-01-18,여자,40 - 49세,경기도,국내온라인거래,스포츠웨어,품질(물품/용역)
2024003476,2024-02-01,여자,50 - 59세,서울특별시,일반판매,운동화,품질(물품/용역)
2024003477,2024-01-18,여자,40 - 49세,서울특별시,일반판매,점퍼·재킷류,계약불이행(불완전이행)
2024003480,2024-01-18,여자,30 - 39세,경기도,국내온라인거래,기타식품류,청약철회
2024003481,2024-01-18,여자,50 - 59세,부산광역시,방문판매,인덕션레인지,품질(물품/용역)
2024003482,2024-01-24,여자,50 - 59세,경기도,일반판매,티셔츠,품질(물품/용역)
2024003483,2024-01-18,남자,30 - 39세,서울특별시,방문판매,의상대여(렌트),청약철회
2024003484,2024-01-18,여자,40 - 49세,울산광역시,일반판매,건강(암·기타질병)보험,계약불이행(불완전이행)
2024003485,2024-01-18,남자,50 - 59세,경기도,일반판매,기타이동통신,계약불이행(불완전이행)
2024003486,2024-01-18,남자,20 - 29세,경기도,일반판매,독서실이용,계약해제.해지/위약금
2024003488,2024-01-18,여자,50 - 59세,제주도,일반판매,초고속인터넷,계약해제.해지/위약금
2024003489,2024-01-18,남자,40 - 49세,전라남도,기타,자동차보험,부당행위
2024003491,2024-01-18,여자,20 - 29세,서울특별시,국내온라인거래,통신기기케이스,품질(물품/용역)
2024003492,2024-01-18,남자,40 - 49세,인천광역시,국내온라인거래,기타조명기기,품질(물품/용역)
2024003493,2024-01-18,여자,20 - 29세,강원특별자치도,국내온라인거래,전기세탁기,계약불이행(불완전이행)
2024003494,2024-01-18,여자,30 - 39세,대구광역시,기타통신판매,기타이·미용서비스,계약해제.해지/위약금
2024003495,2024-01-18,남자,20 - 29세,경기도,국내온라인거래,점퍼·재킷류,계약불이행(불완전이행)
2024003496,2024-01-18,여자,30 - 39세,서울특별시,일반판매,전기진공청소기,계약불이행(불완전이행)
2024003498,2024-01-18,여자,50 - 59세,경기도,국내온라인거래,항공여객운송서비스,청약철회
2024003500,2024-01-18,남자,불명,부산광역시,기타,기타정보이용서비스,계약불이행(불완전이행)
2024003501,2024-01-18,남자,50 - 59세,경기도,국내온라인거래,기타식탁용품,품질(물품/용역)
2024003502,2024-01-18,남자,30 - 39세,서울특별시,국내온라인거래,항공여객운송서비스,약관
2024003504,2024-01-25,남자,50 - 59세,제주도,일반판매,양복(서양식 의복)세탁,계약불이행(불완전이행)
2024003505,2024-01-18,여자,40 - 49세,서울특별시,일반판매,성형외과,계약해제.해지/위약금
2024003506,2024-01-18,남자,65 - 69세,경기도,방문판매,실손보험,계약불이행(불완전이행)
2024003508,2024-01-18,남자,40 - 49세,대구광역시,일반판매,기타미분류서비스,계약해제.해지/위약금
2024003510,2024-01-18,남자,40 - 49세,서울특별시,국내온라인거래,자동차대여(렌트),가격.요금
2024003512,2024-01-18,남자,20 - 29세,서울특별시,일반판매,자동차대여(렌트),계약불이행(불완전이행)
2024003513,2024-01-18,남자,40 - 49세,인천광역시,국내온라인거래,펜션,계약해제.해지/위약금
2024003515,2024-01-18,여자,30 - 39세,경기도,일반판매,예식서비스,계약해제.해지/위약금
2024003516,2024-01-18,남자,40 - 49세,인천광역시,일반판매,자동차수리·점검,품질(물품/용역)
2024003517,2024-01-18,남자,40 - 49세,경기도,소셜커머스(쇼핑),사진촬영,계약해제.해지/위약금
2024003518,2024-01-18,여자,60 - 64세,서울특별시,국내온라인거래,냉장고,품질(물품/용역)
2024003519,2024-01-18,여자,30 - 39세,인천광역시,일반판매,미분류대여(렌트),계약해제.해지/위약금
2024003521,2024-01-18,여자,불명,경기도,국내온라인거래,기타일반화장품,계약불이행(불완전이행)
2024003522,2024-01-18,여자,30 - 39세,세종특별자치시,일반판매,한의원,계약해제.해지/위약금
2024003523,2024-01-18,여자,65 - 69세,전라남도,일반판매,건강(암·기타질병)보험,계약불이행(불완전이행)
2024003524,2024-01-18,여자,70 - 79세,경기도,일반판매,국외여행,계약해제.해지/위약금
2024003525,2024-01-18,남자,40 - 49세,경상북도,일반판매,자동차수리·점검,품질(물품/용역)
2024003526,2024-01-18,여자,20 - 29세,경기도,소셜커머스(쇼핑),머플러,계약해제.해지/위약금
2024003527,2024-01-24,여자,50 - 59세,서울특별시,일반판매,점퍼·재킷류,품질(물품/용역)
2024003529,2024-01-18,남자,30 - 39세,서울특별시,국내온라인거래,낚시용품,AS불만
2024003530,2024-01-18,여자,60 - 64세,경상북도,국내온라인거래,레저·이벤트회원권,계약불이행(불완전이행)
2024003531,2024-01-18,남자,30 - 39세,서울특별시,방문판매,정수기대여(렌트),안전(제품/시설)
2024003533,2024-01-18,여자,40 - 49세,경기도,기타,기타교육서비스,계약해제.해지/위약금
2024003534,2024-01-18,남자,60 - 64세,인천광역시,기타,전기압력밥솥,AS불만
2024003535,2024-01-18,여자,20 - 29세,경기도,일반판매,헬스장,계약해제.해지/위약금
2024003538,2024-01-18,남자,30 - 39세,서울특별시,방문판매,CCTV,계약해제.해지/위약금
2024003539,2024-01-18,여자,60 - 64세,서울특별시,기타,변호서비스,계약불이행(불완전이행)
2024003540,2024-01-18,남자,10 - 19세,경기도,국내온라인거래,스포츠웨어,계약불이행(불완전이행)
2024003542,2024-01-18,남자,65 - 69세,부산광역시,방문판매,실손보험,부당행위
2024003543,2024-01-18,남자,20 - 29세,서울특별시,모바일거래,사진촬영,계약해제.해지/위약금
2024003544,2024-01-18,여자,20 - 29세,전라북도,일반판매,성형외과,계약해제.해지/위약금
2024003545,2024-01-18,남자,65 - 69세,경기도,전화권유판매,정수기대여(렌트),계약해제.해지/위약금
2024003546,2024-01-18,남자,65 - 69세,경기도,일반판매,내과,품질(물품/용역)
2024003547,2024-01-18,남자,30 - 39세,서울특별시,일반판매,상가·오피스텔임대차,계약해제.해지/위약금
2024003548,2024-01-18,여자,40 - 49세,서울특별시,국내온라인거래,기타완구·인형,청약철회
2024003550,2024-01-18,여자,30 - 39세,서울특별시,국내온라인거래,기타일반화장품,품질(물품/용역)
2024003551,2024-01-18,남자,50 - 59세,경기도,국내온라인거래,김치냉장고,표시.광고
2024003552,2024-01-18,여자,50 - 59세,경기도,소셜커머스(쇼핑),여자용내의류,품질(물품/용역)
2024003554,2024-01-18,남자,40 - 49세,서울특별시,기타통신판매,어린이자전거,품질(물품/용역)
2024003555,2024-01-18,남자,65 - 69세,인천광역시,일반판매,안과,품질(물품/용역)
2024003556,2024-01-18,남자,50 - 59세,서울특별시,전화권유판매,상해보험,청약철회
2024003557,2024-01-18,여자,40 - 49세,경기도,일반판매,필라테스,계약해제.해지/위약금
2024003558,2024-01-18,여자,50 - 59세,경상북도,국내온라인거래,기타숙박시설,계약해제.해지/위약금
2024003559,2024-01-18,여자,20 - 29세,경기도,일반판매,헬스장,계약해제.해지/위약금
2024003560,2024-01-25,여자,50 - 59세,경기도,일반판매,양복(서양식 의복)세탁,품질(물품/용역)
2024003561,2024-02-01,남자,50 - 59세,부산광역시,일반판매,운동화,품질(물품/용역)
2024003562,2024-01-18,남자,50 - 59세,서울특별시,일반판매,정수기대여(렌트),계약불이행(불완전이행)
2024003563,2024-01-18,남자,30 - 39세,경기도,국내온라인거래,시스템에어컨,계약불이행(불완전이행)
2024003564,2024-01-18,여자,50 - 59세,경기도,방문판매,헬스장,계약해제.해지/위약금
2024003565,2024-01-18,여자,20 - 29세,서울특별시,모바일거래,항공여객운송서비스,청약철회
2024003566,2024-01-18,남자,불명,경기도,일반판매,초고속인터넷,품질(물품/용역)
2024003567,2024-01-18,여자,50 - 59세,경기도,일반판매,기타미분류서비스,계약해제.해지/위약금
2024003570,2024-01-18,여자,50 - 59세,경기도,일반판매,기타건강식품,계약불이행(불완전이행)
2024003572,2024-01-18,여자,(미입력),서울특별시,국내온라인거래,기타세정제·탈취제,품질(물품/용역)
2024003573,2024-01-18,남자,40 - 49세,경기도,일반판매,기타건강식품,안전(제품/시설)
2024003575,2024-01-18,남자,60 - 64세,울산광역시,방문판매,시스템에어컨,계약해제.해지/위약금
2024003576,2024-02-01,여자,30 - 39세,서울특별시,국내온라인거래,운동화,품질(물품/용역)
2024003578,2024-01-18,남자,30 - 39세,경상남도,국내온라인거래,TV,품질(물품/용역)
2024003579,2024-01-18,여자,20 - 29세,제주도,일반판매,사진촬영,계약해제.해지/위약금
2024003580,2024-01-18,여자,30 - 39세,서울특별시,방문판매,인터넷교육서비스,계약해제.해지/위약금
2024003581,2024-01-31,여자,20 - 29세,경상북도,일반판매,양복(서양식 의복)세탁,품질(물품/용역)
2024003583,2024-01-18,여자,50 - 59세,충청북도,국내온라인거래,기타건강식품,계약불이행(불완전이행)
2024003584,2024-02-01,남자,20 - 29세,인천광역시,국내온라인거래,신발세탁,계약불이행(불완전이행)
2024003585,2024-01-25,남자,40 - 49세,부산광역시,일반판매,양복(서양식 의복)세탁,품질(물품/용역)
2024003586,2024-01-18,여자,40 - 49세,경기도,일반판매,점퍼·재킷류,계약불이행(불완전이행)
2024003587,2024-01-18,남자,40 - 49세,전라북도,국내온라인거래,축전지,품질(물품/용역)
2024003588,2024-01-18,남자,40 - 49세,경기도,일반판매,자동차수리·점검,품질(물품/용역)
2024003589,2024-01-18,남자,20 - 29세,서울특별시,국내온라인거래,기타자동차용품,청약철회
2024003590,2024-01-27,여자,60 - 64세,강원특별자치도,일반판매,점퍼·재킷류,품질(물품/용역)
2024003593,2024-01-18,여자,불명,부산광역시,국내온라인거래,기타이·미용기구,청약철회
2024003594,2024-02-01,여자,50 - 59세,서울특별시,일반판매,숙녀화(구두·부츠 등),품질(물품/용역)
2024003595,2024-01-18,여자,60 - 64세,서울특별시,일반판매,기타사설강습서비스,계약해제.해지/위약금
2024003598,2024-01-18,여자,불명,전라남도,일반판매,골프회원권,계약불이행(불완전이행)
2024003599,2024-01-18,여자,30 - 39세,경상북도,전화권유판매,인터넷교육서비스,청약철회
2024003600,2024-01-18,남자,40 - 49세,경기도,모바일거래,캐주얼바지,표시.광고
2024003601,2024-01-18,남자,불명,충청남도,TV홈쇼핑,룸에어컨,AS불만
2024003602,2024-01-18,여자,65 - 69세,충청북도,국내온라인거래,김치냉장고,품질(물품/용역)
2024003603,2024-01-18,여자,65 - 69세,경상북도,일반판매,실손보험,계약불이행(불완전이행)
2024003605,2024-01-18,여자,불명,인천광역시,일반판매,골프회원권,계약불이행(불완전이행)
2024003606,2024-01-18,남자,50 - 59세,부산광역시,일반판매,중형승용자동차,품질(물품/용역)
2024003607,2024-01-18,여자,40 - 49세,인천광역시,소셜커머스(쇼핑),기타가사용품,품질(물품/용역)
2024003608,2024-01-18,여자,40 - 49세,인천광역시,소셜커머스(쇼핑),보석·귀금속,청약철회
2024003609,2024-01-18,여자,40 - 49세,인천광역시,방문판매,침대·매트리스대여(렌트),계약해제.해지/위약금
2024003610,2024-01-18,여자,40 - 49세,경기도,국내온라인거래,유아복,표시.광고
2024003611,2024-01-18,여자,20 - 29세,경기도,일반판매,필라테스,계약해제.해지/위약금
2024003612,2024-01-18,남자,40 - 49세,서울특별시,국내온라인거래,액정보호필름,부당행위
2024003613,2024-01-18,여자,30 - 39세,서울특별시,기타통신판매,기타알선·중개·번역서비스,계약해제.해지/위약금
2024003614,2024-01-18,여자,30 - 39세,부산광역시,국내온라인거래,애완동물기타,품질(물품/용역)
2024003615,2024-01-18,남자,70 - 79세,부산광역시,일반판매,골프용품,품질(물품/용역)
2024003616,2024-01-18,남자,40 - 49세,충청북도,일반판매,냉장고,부당행위
2024003617,2024-01-18,여자,50 - 59세,서울특별시,일반판매,스마트폰,부당행위
2024003618,2024-01-18,남자,20 - 29세,경기도,국내온라인거래,기타미분류물품,품질(물품/용역)
2024003619,2024-01-18,남자,50 - 59세,경기도,기타통신판매,캐주얼바지,청약철회
2024003620,2024-01-18,남자,30 - 39세,경기도,일반판매,기타사설강습서비스,계약해제.해지/위약금
2024003621,2024-01-18,여자,30 - 39세,서울특별시,국내온라인거래,전기세탁기,계약해제.해지/위약금
2024003622,2024-01-18,여자,30 - 39세,서울특별시,기타,포장이사운송서비스,계약불이행(불완전이행)
2024003623,2024-01-18,여자,30 - 39세,인천광역시,일반판매,택배화물운송서비스,품질(물품/용역)
2024003624,2024-01-18,여자,20 - 29세,경기도,모바일거래,사진촬영,계약해제.해지/위약금
2024003625,2024-01-18,남자,40 - 49세,세종특별자치시,일반판매,기타교육서비스,계약해제.해지/위약금
2024003626,2024-01-18,여자,50 - 59세,서울특별시,기타,오피스텔,계약불이행(불완전이행)
2024003627,2024-01-18,남자,30 - 39세,경기도,국내온라인거래,기타세정제·탈취제,품질(물품/용역)
2024003628,2024-01-18,여자,40 - 49세,충청북도,일반판매,퍼스널컴퓨터,AS불만
2024003629,2024-01-18,여자,20 - 29세,전라남도,일반판매,헬스장,계약해제.해지/위약금
2024003630,2024-01-18,여자,50 - 59세,경기도,국내온라인거래,기타숙박시설,품질(물품/용역)
2024003631,2024-01-18,남자,40 - 49세,경기도,일반판매,운동화,청약철회
2024003632,2024-01-18,여자,20 - 29세,서울특별시,일반판매,헬스장,계약해제.해지/위약금
2024003633,2024-01-18,남자,50 - 59세,인천광역시,일반판매,국내결혼중개,계약불이행(불완전이행)
2024003634,2024-01-18,남자,30 - 39세,대전광역시,방문판매,기타회원권,청약철회
2024003635,2024-01-18,여자,30 - 39세,경기도,기타,항공여객운송서비스,부당행위
2024003636,2024-01-18,여자,20 - 29세,대전광역시,방문판매,헬스장,계약해제.해지/위약금
2024003637,2024-01-18,여자,20 - 29세,서울특별시,모바일거래,기타가구,청약철회
2024003638,2024-01-18,여자,20 - 29세,충청남도,일반판매,스포츠시설이용,계약해제.해지/위약금
2024003639,2024-01-18,남자,30 - 39세,서울특별시,일반판매,기타침대류,청약철회
2024003640,2024-01-18,남자,30 - 39세,경기도,국내온라인거래,노트북컴퓨터,AS불만
2024003641,2024-01-18,여자,40 - 49세,경기도,기타통신판매,정수기대여(렌트),청약철회
2024003642,2024-01-18,남자,30 - 39세,서울특별시,일반판매,종합체육시설회원권,계약해제.해지/위약금
2024003643,2024-01-18,남자,40 - 49세,서울특별시,기타통신판매,케이블TV,계약해제.해지/위약금
2024003644,2024-01-18,여자,20 - 29세,경기도,국내온라인거래,헤드폰·이어폰,품질(물품/용역)
2024003645,2024-01-18,여자,30 - 39세,경기도,전화권유판매,감귤,품질(물품/용역)
2024003646,2024-01-18,남자,30 - 39세,울산광역시,일반판매,전기세탁기,AS불만
2024003647,2024-01-18,남자,40 - 49세,경기도,모바일거래,장난감총,청약철회
2024003648,2024-01-18,여자,30 - 39세,충청남도,일반판매,기타미분류서비스,부당행위
2024003649,2024-01-18,여자,50 - 59세,경기도,일반판매,싱크대,AS불만
2024003650,2024-01-18,여자,20 - 29세,대구광역시,방문판매,인터넷교육서비스,계약해제.해지/위약금
2024003651,2024-01-18,남자,40 - 49세,대구광역시,국내온라인거래,기타조리기기·기구,AS불만
2024003652,2024-01-18,여자,30 - 39세,서울특별시,일반판매,케이크,안전(제품/시설)
2024003653,2024-01-18,여자,60 - 64세,서울특별시,일반판매,냉장고,AS불만
2024003654,2024-01-18,남자,30 - 39세,경기도,국제온라인거래,메인보드,계약불이행(불완전이행)
2024003655,2024-01-18,여자,30 - 39세,서울특별시,일반판매,헬스장,계약해제.해지/위약금
2024003656,2024-01-18,남자,60 - 64세,전라북도,일반판매,기타여행,계약해제.해지/위약금
2024003657,2024-01-18,여자,20 - 29세,경기도,일반판매,피부·체형관리서비스,계약해제.해지/위약금
2024003658,2024-01-18,남자,30 - 39세,서울특별시,국내온라인거래,항공여객운송서비스,계약해제.해지/위약금
2024003659,2024-01-18,남자,60 - 64세,서울특별시,모바일거래,전화이용서비스,계약해제.해지/위약금
2024003660,2024-01-18,남자,20 - 29세,경기도,국내온라인거래,인터넷교육서비스,부당행위
2024003661,2024-01-18,여자,30 - 39세,경기도,국내온라인거래,국외여행,계약불이행(불완전이행)
2024003662,2024-01-18,여자,40 - 49세,부산광역시,기타,모바일정보이용서비스,부당행위
2024003663,2024-01-18,여자,20 - 29세,서울특별시,일반판매,테니스장스쿼시회원권,계약해제.해지/위약금
2024003664,2024-01-18,여자,40 - 49세,경기도,방문판매,인터넷교육서비스,계약해제.해지/위약금
2024003665,2024-01-18,남자,20 - 29세,서울특별시,기타,포장이사운송서비스,계약해제.해지/위약금
2024003666,2024-01-18,여자,20 - 29세,경기도,일반판매,피부·체형관리서비스,계약해제.해지/위약금
2024003667,2024-01-18,여자,30 - 39세,서울특별시,국내온라인거래,항공여객운송서비스,품질(물품/용역)
2024003668,2024-01-18,남자,60 - 64세,전라북도,국내온라인거래,가스누설경보기,AS불만
2024003669,2024-01-18,여자,30 - 39세,서울특별시,국내온라인거래,기타문화용품,품질(물품/용역)
2024003670,2024-01-18,여자,30 - 39세,서울특별시,국내온라인거래,인터넷교육서비스,청약철회
2024003671,2024-01-18,여자,30 - 39세,대구광역시,방문판매,유아용교재,청약철회
2024003672,2024-01-18,여자,50 - 59세,경기도,TV홈쇼핑,음식물처리기,계약불이행(불완전이행)
2024003673,2024-01-18,여자,30 - 39세,인천광역시,국내온라인거래,기타의류·섬유,청약철회
2024003674,2024-01-18,여자,50 - 59세,경기도,방문판매,기타가스·급배수설비,품질(물품/용역)
2024003675,2024-01-18,남자,30 - 39세,경상북도,모바일거래,애완견,청약철회
2024003676,2024-01-18,여자,40 - 49세,강원특별자치도,일반판매,일반강습(입시학원등),계약해제.해지/위약금
2024003677,2024-01-18,여자,40 - 49세,인천광역시,기타,일반강습(입시학원등),계약해제.해지/위약금
2024003678,2024-01-18,여자,30 - 39세,전라북도,일반판매,예식서비스,계약불이행(불완전이행)
2024003679,2024-01-18,여자,30 - 39세,경기도,일반판매,필라테스,계약해제.해지/위약금
2024003680,2024-01-18,여자,50 - 59세,경기도,전화권유판매,초고속인터넷,가격.요금
2024003681,2024-01-18,여자,20 - 29세,경기도,방문판매,헬스장,계약해제.해지/위약금
2024003682,2024-01-18,남자,20 - 29세,제주도,일반판매,택배화물운송서비스,품질(물품/용역)
2024003683,2024-01-18,남자,불명,전라남도,기타,스마트폰,품질(물품/용역)
2024003684,2024-01-18,여자,20 - 29세,서울특별시,국내온라인거래,항공여객운송서비스,계약해제.해지/위약금
2024003685,2024-01-18,남자,50 - 59세,서울특별시,국내온라인거래,인터넷정보이용서비스,계약불이행(불완전이행)
2024003686,2024-01-18,여자,50 - 59세,경기도,모바일거래,건물청소서비스,계약해제.해지/위약금
2024003687,2024-01-18,여자,30 - 39세,충청북도,기타,필라테스,계약해제.해지/위약금
2024003688,2024-01-18,남자,50 - 59세,경상남도,모바일거래,국외여행,표시.광고
2024003689,2024-01-18,남자,60 - 64세,인천광역시,모바일거래,이동전화서비스,가격.요금
2024003690,2024-01-18,남자,50 - 59세,경기도,전화권유판매,초고속인터넷,계약해제.해지/위약금
2024003691,2024-01-18,여자,30 - 39세,인천광역시,일반판매,TV,품질(물품/용역)
2024003692,2024-01-18,여자,40 - 49세,경기도,소셜커머스(쇼핑),의자,청약철회
2024003693,2024-01-18,여자,40 - 49세,경기도,기타,학습지,계약불이행(불완전이행)
2024003694,2024-01-18,남자,30 - 39세,광주광역시,방문판매,기타매체광고,청약철회
2024003695,2024-01-18,여자,40 - 49세,부산광역시,일반판매,인터넷교육서비스,무능력자계약
2024003696,2024-01-18,여자,20 - 29세,강원특별자치도,방문판매,콘센트,안전(제품/시설)
2024003697,2024-01-18,여자,30 - 39세,경기도,기타통신판매,수도꼭지,품질(물품/용역)
2024003698,2024-01-18,남자,30 - 39세,경상남도,국내온라인거래,기타신발·용품,청약철회
2024003699,2024-01-18,여자,20 - 29세,서울특별시,일반판매,헬스장,계약해제.해지/위약금
2024003700,2024-01-18,남자,40 - 49세,경기도,일반판매,스마트폰,AS불만
2024003701,2024-01-18,여자,20 - 29세,서울특별시,일반판매,기타미분류서비스,계약해제.해지/위약금
2024003702,2024-01-18,여자,30 - 39세,서울특별시,국내온라인거래,항공여객운송서비스,계약해제.해지/위약금
2024003703,2024-01-18,남자,40 - 49세,대구광역시,국내온라인거래,택배화물운송서비스,계약불이행(불완전이행)
2024003704,2024-01-18,여자,50 - 59세,경기도,국내온라인거래,신사복상의,청약철회
2024003705,2024-01-18,여자,40 - 49세,서울특별시,일반판매,요가,계약해제.해지/위약금
2024003706,2024-01-18,남자,40 - 49세,경기도,기타,비데,AS불만
2024003707,2024-01-18,남자,20 - 29세,충청남도,국내온라인거래,기타가구,품질(물품/용역)
2024003708,2024-01-18,남자,50 - 59세,강원특별자치도,소셜커머스(쇼핑),TV,품질(물품/용역)
2024003709,2024-01-18,여자,50 - 59세,경기도,일반판매,식탁,품질(물품/용역)
2024003710,2024-01-18,남자,30 - 39세,서울특별시,국내온라인거래,항공여객운송서비스,거래관행
2024003711,2024-01-18,여자,30 - 39세,경기도,일반판매,항공여객운송서비스,가격.요금
2024003712,2024-01-18,여자,20 - 29세,경기도,일반판매,필라테스,계약해제.해지/위약금
2024003713,2024-01-18,여자,20 - 29세,경기도,국내온라인거래,인터넷교육서비스,표시.광고
2024003714,2024-01-18,남자,40 - 49세,경기도,일반판매,취업·이민알선,부당행위
2024003715,2024-01-18,여자,60 - 64세,경기도,기타,기타미분류서비스,안전(제품/시설)
2024003716,2024-01-18,여자,20 - 29세,광주광역시,일반판매,정수기대여(렌트),계약해제.해지/위약금
2024003717,2024-01-18,여자,40 - 49세,서울특별시,국내온라인거래,항공여객운송서비스,계약해제.해지/위약금
2024003718,2024-01-18,남자,40 - 49세,서울특별시,국내온라인거래,책상,청약철회
2024003719,2024-01-18,여자,30 - 39세,경기도,국내온라인거래,기타의류·섬유,청약철회
2024003720,2024-01-18,여자,30 - 39세,경기도,전화권유판매,모바일정보이용서비스,계약해제.해지/위약금
2024003721,2024-01-18,여자,20 - 29세,충청북도,소셜커머스(쇼핑),여행용가방,청약철회
2024003722,2024-01-18,여자,30 - 39세,대구광역시,방문판매,기타인테리어설비,AS불만
2024003723,2024-01-18,여자,30 - 39세,충청남도,모바일거래,모바일정보이용서비스,부당행위
2024003724,2024-01-18,여자,20 - 29세,인천광역시,국내온라인거래,기타의류·섬유,청약철회
2024003725,2024-01-18,남자,30 - 39세,경기도,국내온라인거래,카메라,계약불이행(불완전이행)
2024003726,2024-01-19,여자,50 - 59세,경기도,TV홈쇼핑,음식물처리기대여(렌트),계약불이행(불완전이행)
2024003727,2024-01-19,여자,30 - 39세,경기도,소셜커머스(쇼핑),원피스,청약철회
2024003729,2024-01-19,남자,30 - 39세,서울특별시,국내온라인거래,신유형상품권,약관
2024003730,2024-01-19,여자,30 - 39세,서울특별시,국내온라인거래,기타숙박시설,계약해제.해지/위약금
2024003731,2024-01-24,여자,30 - 39세,경상북도,일반판매,점퍼·재킷류,품질(물품/용역)
2024003732,2024-01-25,여자,30 - 39세,경기도,일반판매,점퍼·재킷류,품질(물품/용역)
2024003734,2024-01-19,여자,30 - 39세,대전광역시,일반판매,외식,안전(제품/시설)
2024003735,2024-01-19,여자,40 - 49세,경기도,국내온라인거래,호텔,계약해제.해지/위약금
2024003736,2024-01-19,여자,40 - 49세,부산광역시,소셜커머스(쇼핑),애완동·식물용품,품질(물품/용역)
2024003737,2024-01-19,남자,40 - 49세,서울특별시,국내온라인거래,헤드폰·이어폰,청약철회
2024003739,2024-01-19,여자,20 - 29세,경기도,국내온라인거래,호텔,품질(물품/용역)
2024003740,2024-01-19,남자,20 - 29세,경기도,국내온라인거래,애완동·식물용품,청약철회
2024003741,2024-01-19,여자,40 - 49세,서울특별시,TV홈쇼핑,호텔,계약불이행(불완전이행)
2024003742,2024-01-19,남자,30 - 39세,경상북도,일반판매,국내결혼중개,계약해제.해지/위약금
2024003743,2024-01-19,여자,40 - 49세,충청남도,국내온라인거래,항공여객운송서비스,계약해제.해지/위약금
2024003744,2024-01-19,남자,40 - 49세,서울특별시,일반판매,기타의류·섬유,청약철회
2024003745,2024-01-19,남자,불명,서울특별시,국내온라인거래,사다리,청약철회
2024003746,2024-01-19,남자,30 - 39세,경기도,방문판매,유아용교재,계약해제.해지/위약금
2024003747,2024-01-19,여자,60 - 64세,경기도,방문판매,정수기,표시.광고
2024003748,2024-01-19,여자,10 - 19세,경기도,일반판매,헬스장,계약해제.해지/위약금
2024003749,2024-01-19,남자,50 - 59세,경상북도,일반판매,외식,안전(제품/시설)
2024003752,2024-01-19,남자,50 - 59세,인천광역시,국내온라인거래,국외여행,계약해제.해지/위약금
2024003754,2024-01-19,여자,30 - 39세,서울특별시,기타,기타병·의원서비스,계약해제.해지/위약금
2024003755,2024-01-19,여자,30 - 39세,서울특별시,국내온라인거래,항공여객운송서비스,계약불이행(불완전이행)
2024003756,2024-01-19,여자,20 - 29세,서울특별시,일반판매,각종자격취득강습,계약해제.해지/위약금
2024003757,2024-01-19,여자,20 - 29세,경기도,일반판매,헬스장,계약해제.해지/위약금
2024003758,2024-01-19,남자,30 - 39세,경기도,일반판매,기타자동차부품,품질(물품/용역)
2024003759,2024-01-19,여자,30 - 39세,강원특별자치도,모바일거래,항공여객운송서비스,청약철회
2024003760,2024-01-19,여자,30 - 39세,경기도,국내온라인거래,항공여객운송서비스,청약철회
2024003761,2024-01-19,남자,70 - 79세,경상남도,일반판매,기타가스·급배수설비,거래관행
2024003762,2024-01-19,남자,30 - 39세,서울특별시,일반판매,신용카드,부당행위
2024003763,2024-01-19,남자,30 - 39세,경기도,국내온라인거래,인터넷정보이용서비스,계약해제.해지/위약금
2024003765,2024-01-25,여자,50 - 59세,대구광역시,일반판매,점퍼·재킷류,품질(물품/용역)
2024003766,2024-01-19,여자,20 - 29세,서울특별시,일반판매,해외유학알선,품질(물품/용역)
2024003767,2024-01-24,남자,30 - 39세,인천광역시,일반판매,기타세탁서비스,품질(물품/용역)
2024003768,2024-01-19,여자,40 - 49세,경기도,일반판매,헬스장,계약해제.해지/위약금
2024003769,2024-01-19,남자,70 - 79세,경기도,일반판매,이동전화서비스,계약불이행(불완전이행)
2024003771,2024-01-19,남자,20 - 29세,서울특별시,일반판매,헬스장,계약해제.해지/위약금
2024003773,2024-01-19,남자,40 - 49세,전라북도,국내온라인거래,소파,품질(물품/용역)
2024003774,2024-01-19,여자,50 - 59세,경기도,일반판매,헬스장,계약해제.해지/위약금
2024003775,2024-01-25,여자,20 - 29세,서울특별시,국내온라인거래,점퍼·재킷류,품질(물품/용역)
2024003776,2024-01-19,남자,65 - 69세,대구광역시,일반판매,이동전화서비스,계약해제.해지/위약금
2024003777,2024-01-19,남자,50 - 59세,경기도,TV홈쇼핑,실손보험,계약불이행(불완전이행)
2024003778,2024-01-19,남자,30 - 39세,울산광역시,일반판매,자동차대여(렌트),계약해제.해지/위약금
2024003779,2024-01-19,여자,20 - 29세,서울특별시,국내온라인거래,자동차주차장,계약해제.해지/위약금
2024003780,2024-01-19,여자,30 - 39세,경기도,일반판매,포장이사운송서비스,계약불이행(불완전이행)
2024003781,2024-01-25,여자,40 - 49세,강원특별자치도,일반판매,양복(서양식 의복)세탁,계약불이행(불완전이행)
2024003782,2024-01-31,여자,20 - 29세,서울특별시,일반판매,양복(서양식 의복)세탁,품질(물품/용역)
2024003783,2024-01-19,여자,20 - 29세,인천광역시,일반판매,애완고양이,품질(물품/용역)
2024003784,2024-01-19,남자,30 - 39세,서울특별시,일반판매,외식,안전(제품/시설)
2024003786,2024-01-19,남자,70 - 79세,경기도,국내온라인거래,TV,청약철회
2024003788,2024-01-19,남자,70 - 79세,대구광역시,일반판매,국내결혼중개,부당행위
2024003789,2024-01-19,여자,20 - 29세,경기도,국내온라인거래,핸드백,청약철회
2024003790,2024-01-19,여자,50 - 59세,강원특별자치도,기타통신판매,자동차수리·점검,품질(물품/용역)
2024003791,2024-01-19,여자,불명,경기도,기타,모바일게임서비스,가격.요금
2024003792,2024-01-19,여자,30 - 39세,서울특별시,국내온라인거래,항공여객운송서비스,청약철회
2024003793,2024-01-19,여자,30 - 39세,서울특별시,국내온라인거래,항공여객운송서비스,계약해제.해지/위약금
2024003794,2024-01-19,여자,40 - 49세,서울특별시,국내온라인거래,인터넷정보이용서비스,약관
2024003795,2024-01-25,남자,50 - 59세,경기도,일반판매,양복(서양식 의복)세탁,품질(물품/용역)
2024003796,2024-01-19,남자,60 - 64세,경상북도,일반판매,경비·관리서비스,계약불이행(불완전이행)
2024003798,2024-01-25,여자,50 - 59세,서울특별시,일반판매,양복(서양식 의복)세탁,품질(물품/용역)
2024003799,2024-01-19,남자,30 - 39세,충청남도,기타,카셰어링,부당행위
2024003800,2024-02-01,남자,40 - 49세,서울특별시,국내온라인거래,운동화,품질(물품/용역)
2024003801,2024-01-25,여자,50 - 59세,경기도,일반판매,캐주얼바지,품질(물품/용역)
2024003802,2024-01-19,남자,40 - 49세,서울특별시,일반판매,골프용품,품질(물품/용역)
2024003804,2024-01-19,여자,20 - 29세,경기도,국내온라인거래,인터넷교육서비스,계약해제.해지/위약금
2024003805,2024-01-19,남자,40 - 49세,서울특별시,일반판매,카페트청소기,계약해제.해지/위약금
2024003807,2024-01-19,여자,50 - 59세,경상북도,전화권유판매,유사투자자문,계약해제.해지/위약금
2024003808,2024-01-19,남자,60 - 64세,서울특별시,국내온라인거래,태블릿PC,계약불이행(불완전이행)
2024003809,2024-01-19,남자,30 - 39세,충청남도,국내온라인거래,기타자동차부품,청약철회
2024003810,2024-01-19,남자,50 - 59세,인천광역시,국제온라인거래,헤드폰·이어폰,청약철회
2024003811,2024-01-25,여자,30 - 39세,인천광역시,국내온라인거래,점퍼·재킷류,품질(물품/용역)
2024003812,2024-01-19,여자,40 - 49세,전라북도,일반판매,사진촬영,계약해제.해지/위약금
2024003813,2024-01-19,남자,50 - 59세,경기도,전화권유판매,상조서비스,계약해제.해지/위약금
2024003814,2024-01-19,여자,70 - 79세,경기도,일반판매,보석·귀금속,계약불이행(불완전이행)
2024003816,2024-01-19,남자,30 - 39세,경기도,국내온라인거래,통신기기케이스,청약철회
2024003817,2024-01-19,여자,50 - 59세,경기도,국내온라인거래,스프링매트리스,품질(물품/용역)
2024003818,2024-01-19,남자,65 - 69세,서울특별시,국내온라인거래,티셔츠,계약불이행(불완전이행)
2024003819,2024-01-19,남자,40 - 49세,인천광역시,일반판매,자동차수리·점검,부당행위
2024003820,2024-01-19,남자,50 - 59세,서울특별시,모바일거래,골프회원권,계약해제.해지/위약금
2024003821,2024-01-19,여자,20 - 29세,인천광역시,기타,신유형상품권,계약불이행(불완전이행)
2024003822,2024-01-19,남자,70 - 79세,경기도,국내온라인거래,인터넷정보이용서비스,계약해제.해지/위약금
2024003823,2024-02-01,남자,50 - 59세,경기도,일반판매,신발세탁,계약불이행(불완전이행)
2024003824,2024-01-19,남자,40 - 49세,서울특별시,일반판매,상품권,부당행위
2024003825,2024-01-19,남자,20 - 29세,전라북도,국내온라인거래,스포츠웨어,청약철회
2024003826,2024-02-01,여자,30 - 39세,제주도,국내온라인거래,신발세탁,계약불이행(불완전이행)
2024003827,2024-01-19,여자,65 - 69세,서울특별시,일반판매,대형승용자동차,품질(물품/용역)
2024003828,2024-02-01,여자,40 - 49세,충청남도,일반판매,숙녀화(구두·부츠 등),계약불이행(불완전이행)
2024003830,2024-01-19,남자,40 - 49세,울산광역시,전화권유판매,기타정보이용서비스,계약해제.해지/위약금
2024003831,2024-01-19,남자,40 - 49세,경기도,국내온라인거래,헤드폰·이어폰,청약철회
2024003834,2024-01-19,여자,50 - 59세,부산광역시,일반판매,침대,계약불이행(불완전이행)
2024003835,2024-01-19,남자,40 - 49세,서울특별시,일반판매,필라테스,계약해제.해지/위약금
2024003836,2024-02-01,여자,30 - 39세,서울특별시,국내온라인거래,운동화,품질(물품/용역)
2024003837,2024-01-19,여자,40 - 49세,대구광역시,일반판매,피부과,계약해제.해지/위약금
2024003838,2024-01-19,남자,30 - 39세,서울특별시,일반판매,기타교재,계약해제.해지/위약금
2024003839,2024-01-19,남자,30 - 39세,서울특별시,방문판매,헬스장,계약해제.해지/위약금
2024003840,2024-01-19,여자,40 - 49세,충청북도,국내온라인거래,티셔츠,청약철회
2024003841,2024-01-19,여자,40 - 49세,경기도,전화권유판매,유사투자자문,계약해제.해지/위약금
2024003842,2024-01-19,남자,50 - 59세,경상북도,국내온라인거래,국외여행,품질(물품/용역)
2024003843,2024-01-19,여자,30 - 39세,충청북도,국내온라인거래,항공여객운송서비스,청약철회
2024003844,2024-01-19,여자,불명,경기도,국내온라인거래,항공여객운송서비스,청약철회
2024003845,2024-01-19,여자,20 - 29세,서울특별시,일반판매,인터넷교육서비스,계약불이행(불완전이행)
2024003846,2024-01-19,여자,30 - 39세,경기도,모바일거래,헤드폰·이어폰,청약철회
2024003847,2024-01-19,남자,30 - 39세,경기도,국내온라인거래,마우스,표시.광고
2024003848,2024-01-19,여자,50 - 59세,경기도,모바일거래,스커트,청약철회
2024003849,2024-01-19,여자,50 - 59세,경기도,방문판매,건강(암·기타질병)보험,계약불이행(불완전이행)
2024003850,2024-01-19,남자,80세이상,경기도,일반판매,내과,품질(물품/용역)
2024003851,2024-01-19,여자,30 - 39세,경기도,국내온라인거래,비타민제,계약불이행(불완전이행)
2024003852,2024-01-19,남자,40 - 49세,서울특별시,일반판매,기타정보이용서비스,가격.요금
2024003901,2024-01-19,남자,30 - 39세,울산광역시,모바일거래,호텔,계약해제.해지/위약금
2024003902,2024-01-19,여자,30 - 39세,서울특별시,일반판매,기타회원권,계약해제.해지/위약금
2024003903,2024-01-19,여자,30 - 39세,경상북도,국내온라인거래,정수기대여(렌트),계약불이행(불완전이행)
2024003904,2024-01-19,남자,30 - 39세,서울특별시,국내온라인거래,기타금융상품,표시.광고
2024003905,2024-01-19,남자,50 - 59세,경기도,일반판매,골프용품,품질(물품/용역)
2024003906,2024-01-19,여자,40 - 49세,인천광역시,기타,외국어강습,부당행위
2024003907,2024-01-19,남자,50 - 59세,경상남도,국내온라인거래,동력경운기,AS불만
2024003908,2024-01-19,남자,60 - 64세,대전광역시,방문판매,창호유리,계약불이행(불완전이행)
2024003909,2024-01-19,남자,50 - 59세,인천광역시,일반판매,아파트,부당행위
2024003910,2024-01-19,여자,50 - 59세,부산광역시,국내온라인거래,기저귀,청약철회
2024003911,2024-01-19,남자,20 - 29세,서울특별시,일반판매,헬스장,계약해제.해지/위약금
2024003912,2024-01-19,남자,60 - 64세,경상남도,일반판매,이동전화서비스,계약해제.해지/위약금
2024003913,2024-01-19,남자,20 - 29세,세종특별자치시,일반판매,헬스장,계약해제.해지/위약금
2024003914,2024-01-19,여자,30 - 39세,서울특별시,국내온라인거래,항공여객운송서비스,가격.요금
2024003915,2024-01-19,여자,65 - 69세,경기도,기타,기타사설강습서비스,계약해제.해지/위약금
2024003916,2024-01-19,여자,20 - 29세,세종특별자치시,일반판매,헬스장,계약해제.해지/위약금
2024003917,2024-01-19,남자,40 - 49세,경상남도,일반판매,기타세탁서비스,품질(물품/용역)
2024003918,2024-01-19,남자,50 - 59세,서울특별시,일반판매,전자담배,부당행위
2024003919,2024-01-19,남자,30 - 39세,경기도,국내온라인거래,주스,안전(제품/시설)
2024003920,2024-01-19,여자,50 - 59세,경기도,국내온라인거래,헤어드라이어,안전(제품/시설)
2024003921,2024-01-19,남자,70 - 79세,서울특별시,국내온라인거래,고구마,품질(물품/용역)
2024003922,2024-01-19,여자,30 - 39세,제주도,일반판매,헬스장,계약해제.해지/위약금
2024003923,2024-01-19,남자,40 - 49세,강원특별자치도,모바일거래,호텔,품질(물품/용역)
2024003924,2024-01-19,남자,40 - 49세,경기도,국내온라인거래,사진촬영,계약불이행(불완전이행)
2024003925,2024-01-19,여자,20 - 29세,광주광역시,일반판매,캐주얼바지,계약불이행(불완전이행)
2024003926,2024-01-19,남자,60 - 64세,대구광역시,국내온라인거래,콘도회원권,계약불이행(불완전이행)
2024003927,2024-01-19,남자,20 - 29세,서울특별시,모바일거래,기타숙박시설,계약해제.해지/위약금
2024003928,2024-01-19,여자,50 - 59세,서울특별시,국내온라인거래,국외여행,계약불이행(불완전이행)
2024003929,2024-01-19,여자,30 - 39세,서울특별시,국내온라인거래,소프트웨어,청약철회
2024003930,2024-01-19,남자,20 - 29세,서울특별시,국내온라인거래,택배화물운송서비스,계약불이행(불완전이행)
2024003931,2024-01-19,남자,30 - 39세,서울특별시,국내온라인거래,신사화(구두·부츠 등),품질(물품/용역)
2024003932,2024-01-19,여자,30 - 39세,충청남도,방문판매,연수기대여(렌트),계약해제.해지/위약금
2024003933,2024-01-19,여자,30 - 39세,경기도,기타,각종공연관람,계약해제.해지/위약금
2024003934,2024-01-19,여자,30 - 39세,충청남도,기타,티셔츠,품질(물품/용역)
2024003935,2024-01-19,남자,30 - 39세,경기도,국내온라인거래,항공여객운송서비스,가격.요금
2024003936,2024-01-19,여자,40 - 49세,경상남도,모바일거래,기타정보이용서비스,계약불이행(불완전이행)
2024003937,2024-01-19,남자,50 - 59세,경기도,국내온라인거래,소파,AS불만
2024003938,2024-01-19,여자,30 - 39세,광주광역시,국내온라인거래,보석·귀금속,AS불만
2024003939,2024-01-19,여자,20 - 29세,경기도,일반판매,헬스장,계약해제.해지/위약금
2024003940,2024-01-19,남자,30 - 39세,서울특별시,기타,화장실설비,가격.요금
2024003941,2024-01-19,남자,40 - 49세,경기도,일반판매,택배화물운송서비스,부당행위
2024003942,2024-01-19,남자,30 - 39세,경기도,일반판매,컴퓨터모니터(데스크탑),청약철회
2024003943,2024-01-19,남자,20 - 29세,경기도,방문판매,헬스장,계약해제.해지/위약금
2024003944,2024-01-19,여자,30 - 39세,서울특별시,국내온라인거래,숙녀화(구두·부츠 등),청약철회
2024003945,2024-01-19,여자,30 - 39세,경기도,국내온라인거래,헤드폰·이어폰,품질(물품/용역)
2024003946,2024-01-19,여자,40 - 49세,경상북도,모바일거래,항공여객운송서비스,계약해제.해지/위약금
2024003947,2024-01-19,여자,30 - 39세,서울특별시,일반판매,피부·체형관리서비스,가격.요금
2024003948,2024-01-19,남자,30 - 39세,서울특별시,모바일거래,헬스장,계약해제.해지/위약금
2024003949,2024-01-19,남자,20 - 29세,경상남도,국내온라인거래,통신기기케이스,청약철회
2024003950,2024-01-19,남자,50 - 59세,경기도,TV홈쇼핑,음식물처리기대여(렌트),청약철회
2024003951,2024-01-19,여자,30 - 39세,서울특별시,국내온라인거래,기타숙박시설,이자.수수료
2024003952,2024-01-19,남자,30 - 39세,경기도,국내온라인거래,인터넷게임서비스,계약불이행(불완전이행)
2024003953,2024-01-19,여자,10 - 19세,서울특별시,국내온라인거래,통신기기주변장치,AS불만
2024003954,2024-01-19,여자,30 - 39세,서울특별시,방문판매,필라테스,계약해제.해지/위약금
2024003955,2024-01-19,남자,30 - 39세,충청북도,기타,사진촬영,청약철회
2024003956,2024-01-19,남자,40 - 49세,서울특별시,일반판매,항공여객운송서비스,계약불이행(불완전이행)
2024003957,2024-01-19,남자,30 - 39세,서울특별시,국내온라인거래,스포츠웨어,품질(물품/용역)
2024003958,2024-01-19,남자,30 - 39세,부산광역시,일반판매,스마트폰,청약철회
2024003959,2024-01-19,여자,30 - 39세,서울특별시,국내온라인거래,기타숙박시설,계약불이행(불완전이행)
2024003960,2024-01-19,남자,40 - 49세,경기도,일반판매,"연회서비스(돌잔치,회갑 등)",계약불이행(불완전이행)
2024003961,2024-01-19,여자,20 - 29세,서울특별시,일반판매,외식,부당행위
2024003962,2024-01-19,남자,40 - 49세,경기도,소셜커머스(쇼핑),헤드폰·이어폰,청약철회
2024003963,2024-01-19,여자,20 - 29세,서울특별시,일반판매,헬스장,계약해제.해지/위약금
2024003964,2024-01-19,남자,60 - 64세,강원특별자치도,국내온라인거래,TV,청약철회
2024003965,2024-01-19,여자,20 - 29세,서울특별시,일반판매,테니스장스쿼시회원권,계약해제.해지/위약금
2024003966,2024-01-19,남자,40 - 49세,충청남도,국내온라인거래,휴대폰(2G),청약철회
2024003967,2024-01-19,남자,40 - 49세,충청남도,전화권유판매,스마트폰,가격.요금
2024003968,2024-01-19,여자,40 - 49세,서울특별시,국내온라인거래,기타건강식품,계약불이행(불완전이행)
2024003969,2024-01-19,여자,30 - 39세,광주광역시,국내온라인거래,기타의류·섬유,청약철회
2024003970,2024-01-19,남자,60 - 64세,인천광역시,일반판매,유리·크리스탈그릇,품질(물품/용역)
2024003971,2024-01-19,남자,30 - 39세,서울특별시,국내온라인거래,"OTT서비스(넷플릭스,왓챠 등)",계약해제.해지/위약금
2024003972,2024-01-19,남자,30 - 39세,경상북도,일반판매,스프링매트리스,계약해제.해지/위약금
2024003973,2024-01-19,여자,20 - 29세,서울특별시,방문판매,헬스장,계약해제.해지/위약금
2024003974,2024-01-19,여자,30 - 39세,경기도,국내온라인거래,점퍼·재킷류,청약철회
2024003975,2024-01-19,여자,30 - 39세,경기도,국내온라인거래,숙녀화(구두·부츠 등),청약철회
2024003976,2024-01-19,여자,30 - 39세,부산광역시,국내온라인거래,여자용내의류,가격.요금
2024003977,2024-01-19,남자,30 - 39세,경기도,방문판매,가스보일러,품질(물품/용역)
2024003978,2024-01-19,여자,30 - 39세,부산광역시,국내온라인거래,전기장판,품질(물품/용역)
2024003979,2024-01-19,여자,20 - 29세,서울특별시,기타통신판매,피부·체형관리서비스,계약해제.해지/위약금
2024003980,2024-01-19,여자,40 - 49세,경기도,일반판매,기타세탁서비스,품질(물품/용역)
2024003981,2024-01-19,여자,불명,경상북도,일반판매,의상대여(렌트),계약해제.해지/위약금
2024003982,2024-01-19,여자,20 - 29세,경기도,모바일거래,인터넷정보이용서비스,계약불이행(불완전이행)
2024003983,2024-01-19,여자,30 - 39세,경기도,국내온라인거래,기타의류·섬유,청약철회
2024003984,2024-01-19,남자,50 - 59세,경기도,국내온라인거래,세탁물건조용품,계약해제.해지/위약금
2024003985,2024-01-19,남자,40 - 49세,부산광역시,국내온라인거래,TV,계약불이행(불완전이행)
2024003986,2024-01-19,여자,30 - 39세,경상북도,국내온라인거래,김치냉장고,품질(물품/용역)
2024003987,2024-01-19,여자,40 - 49세,광주광역시,전화권유판매,인터넷교육서비스,계약해제.해지/위약금
2024003988,2024-01-19,여자,40 - 49세,강원특별자치도,국내온라인거래,점퍼·재킷류,청약철회
2024003989,2024-01-19,남자,20 - 29세,경기도,기타통신판매,초고속인터넷,계약해제.해지/위약금
2024003990,2024-01-19,여자,30 - 39세,강원특별자치도,방문판매,학습지,계약해제.해지/위약금
2024003991,2024-01-19,여자,20 - 29세,서울특별시,소셜커머스(쇼핑),기타모피·가죽의류,계약불이행(불완전이행)
2024003992,2024-01-19,남자,30 - 39세,서울특별시,기타,기타인테리어설비,계약불이행(불완전이행)
2024003993,2024-01-19,남자,50 - 59세,충청북도,일반판매,기타가방,계약불이행(불완전이행)
2024004001,2024-01-20,여자,20 - 29세,경기도,국내온라인거래,도서·음반대여(렌트),품질(물품/용역)
2024004002,2024-01-20,남자,20 - 29세,서울특별시,국내온라인거래,기타가방,청약철회
2024004003,2024-01-20,남자,40 - 49세,충청남도,일반판매,포장이사운송서비스,부당행위
2024004004,2024-01-20,여자,40 - 49세,대전광역시,일반판매,시스템에어컨,계약불이행(불완전이행)
2024004005,2024-01-20,남자,30 - 39세,서울특별시,국내온라인거래,레저·이벤트회원권,계약불이행(불완전이행)
2024004006,2024-01-20,여자,20 - 29세,경기도,방문판매,결혼준비대행서비스,부당행위
2024004007,2024-01-20,여자,20 - 29세,서울특별시,국내온라인거래,기타간편복,거래관행
2024004008,2024-01-20,남자,50 - 59세,광주광역시,TV홈쇼핑,국외여행,계약해제.해지/위약금
2024004009,2024-01-20,남자,20 - 29세,경상북도,국내온라인거래,기타미분류물품,청약철회
2024004010,2024-01-20,남자,20 - 29세,경상남도,방문판매,고시원이용,청약철회
2024004011,2024-01-20,남자,30 - 39세,경기도,일반판매,포장이사운송서비스,계약불이행(불완전이행)
2024004012,2024-01-20,여자,20 - 29세,인천광역시,국내온라인거래,기타문화·오락시설이용,계약해제.해지/위약금
2024004013,2024-01-20,남자,30 - 39세,경기도,국내온라인거래,커피,계약불이행(불완전이행)
2024004014,2024-01-20,여자,60 - 64세,경기도,방문판매,기타인테리어설비,계약불이행(불완전이행)
2024004102,2024-01-21,남자,40 - 49세,경기도,방문판매,사진촬영,계약불이행(불완전이행)
2024004103,2024-01-21,남자,50 - 59세,경기도,국내온라인거래,영화관람,청약철회
2024004104,2024-01-21,여자,30 - 39세,광주광역시,국내온라인거래,애완동물기타,계약해제.해지/위약금
2024004105,2024-01-21,여자,20 - 29세,경기도,방문판매,가스보일러,청약철회
2024004106,2024-01-21,남자,20 - 29세,강원특별자치도,전화권유판매,인터넷교육서비스,계약해제.해지/위약금
2024004107,2024-01-21,남자,40 - 49세,부산광역시,일반판매,화장실설비,계약해제.해지/위약금
2024004108,2024-01-21,여자,30 - 39세,대전광역시,모바일거래,각종자격취득강습,계약해제.해지/위약금
2024004109,2024-01-21,여자,20 - 29세,서울특별시,국내온라인거래,보석·귀금속,청약철회
2024004111,2024-01-21,남자,50 - 59세,경상북도,국제온라인거래,항공여객운송서비스,계약해제.해지/위약금
2024004112,2024-01-21,남자,20 - 29세,서울특별시,기타,헬스장,계약해제.해지/위약금
2024004113,2024-01-21,여자,40 - 49세,울산광역시,일반판매,전기장판,계약해제.해지/위약금
2024004114,2024-01-21,여자,40 - 49세,광주광역시,국내온라인거래,점퍼·재킷류,품질(물품/용역)
2024004115,2024-01-21,남자,40 - 49세,서울특별시,일반판매,소파,청약철회
2024004116,2024-01-21,남자,40 - 49세,부산광역시,기타,택배화물운송서비스,부당행위
2024004117,2024-01-21,여자,30 - 39세,경기도,국내온라인거래,기타인테리어설비,AS불만
2024004118,2024-01-21,남자,40 - 49세,서울특별시,기타통신판매,신유형상품권,계약해제.해지/위약금
2024004119,2024-01-21,여자,30 - 39세,경기도,방문판매,필라테스,계약해제.해지/위약금
2024004120,2024-01-21,남자,40 - 49세,경기도,국내온라인거래,보석·귀금속,청약철회
2024004121,2024-01-19,여자,20 - 29세,부산광역시,소셜커머스(쇼핑),기타가방,청약철회
2024004122,2024-01-22,여자,20 - 29세,대전광역시,일반판매,기타의류·섬유,계약불이행(불완전이행)
2024004123,2024-01-22,남자,50 - 59세,경기도,일반판매,초고속인터넷,가격.요금
2024004126,2024-01-22,여자,40 - 49세,경기도,일반판매,정수기대여(렌트),청약철회
2024004127,2024-01-22,남자,30 - 39세,인천광역시,국내온라인거래,스마트폰,AS불만
2024004128,2024-01-25,남자,65 - 69세,서울특별시,일반판매,신사복세트,품질(물품/용역)
2024004129,2024-01-22,여자,60 - 64세,인천광역시,일반판매,침대,품질(물품/용역)
2024004130,2024-01-22,남자,30 - 39세,경기도,방문판매,콘도회원권,계약해제.해지/위약금
2024004132,2024-01-25,여자,65 - 69세,경기도,일반판매,점퍼·재킷류,품질(물품/용역)
2024004133,2024-01-22,여자,70 - 79세,서울특별시,일반판매,배추,품질(물품/용역)
2024004135,2024-01-22,여자,20 - 29세,서울특별시,일반판매,상해보험,계약불이행(불완전이행)
2024004136,2024-01-22,여자,20 - 29세,충청북도,국내온라인거래,항공여객운송서비스,청약철회
2024004137,2024-01-25,여자,40 - 49세,전라북도,국내온라인거래,캐주얼바지,청약철회
2024004138,2024-01-22,남자,50 - 59세,경상남도,모바일거래,모바일정보이용서비스,계약해제.해지/위약금
2024004139,2024-01-22,남자,50 - 59세,경기도,국내온라인거래,각종공연관람,청약철회
2024004140,2024-01-22,남자,20 - 29세,대구광역시,일반판매,일반강습(입시학원등),계약해제.해지/위약금
2024004141,2024-01-22,남자,20 - 29세,서울특별시,국내온라인거래,스마트폰,품질(물품/용역)
2024004142,2024-01-22,여자,30 - 39세,경기도,일반판매,중형승용자동차,계약불이행(불완전이행)
2024004143,2024-01-22,남자,40 - 49세,경상북도,일반판매,기타회원권,계약해제.해지/위약금
2024004144,2024-01-22,여자,30 - 39세,경상북도,일반판매,기타회원권,계약해제.해지/위약금
2024004146,2024-01-30,여자,65 - 69세,울산광역시,일반판매,코트,품질(물품/용역)
2024004147,2024-01-31,남자,40 - 49세,인천광역시,일반판매,의류수선,계약불이행(불완전이행)
2024004148,2024-01-22,여자,40 - 49세,울산광역시,국내온라인거래,점퍼·재킷류,청약철회
2024004150,2024-01-22,남자,30 - 39세,경기도,국내온라인거래,스파게티,안전(제품/시설)
2024004151,2024-01-22,남자,40 - 49세,경기도,국내온라인거래,유사투자자문,계약해제.해지/위약금
2024004152,2024-01-22,여자,40 - 49세,경기도,국내온라인거래,기타신발·용품,청약철회
2024004153,2024-01-22,남자,30 - 39세,경기도,모바일거래,신유형상품권,청약철회
2024004154,2024-01-22,여자,40 - 49세,경기도,일반판매,건강(암·기타질병)보험,계약불이행(불완전이행)
2024004155,2024-01-22,여자,30 - 39세,부산광역시,소셜커머스(쇼핑),어린이자전거,청약철회
2024004156,2024-02-01,여자,40 - 49세,서울특별시,국내온라인거래,숙녀화(구두·부츠 등),품질(물품/용역)
2024004157,2024-01-22,여자,30 - 39세,서울특별시,일반판매,기타미분류서비스,계약해제.해지/위약금
2024004158,2024-01-22,여자,50 - 59세,인천광역시,기타,유사투자자문,계약불이행(불완전이행)
2024004159,2024-01-22,여자,60 - 64세,경기도,국내온라인거래,전기압력밥솥,표시.광고
2024004160,2024-01-25,여자,50 - 59세,인천광역시,일반판매,양복(서양식 의복)세탁,품질(물품/용역)
2024004161,2024-01-22,남자,40 - 49세,부산광역시,국내온라인거래,항공여객운송서비스,계약불이행(불완전이행)
2024004162,2024-01-22,여자,50 - 59세,서울특별시,국내온라인거래,항공여객운송서비스,계약불이행(불완전이행)
2024004165,2024-01-22,남자,50 - 59세,경기도,일반판매,상해보험,계약불이행(불완전이행)
2024004167,2024-01-24,여자,40 - 49세,충청북도,일반판매,피혁세탁,품질(물품/용역)
2024004169,2024-01-22,여자,60 - 64세,강원특별자치도,일반판매,공중목욕탕,안전(제품/시설)
2024004171,2024-01-22,남자,40 - 49세,서울특별시,일반판매,대형승용자동차,계약해제.해지/위약금
2024004172,2024-01-22,여자,50 - 59세,경상남도,기타,실손보험,계약불이행(불완전이행)
2024004173,2024-01-22,남자,50 - 59세,광주광역시,일반판매,전기자전거,품질(물품/용역)
2024004174,2024-01-25,여자,40 - 49세,경기도,일반판매,여자용내의류,품질(물품/용역)
2024004175,2024-01-27,여자,50 - 59세,서울특별시,일반판매,점퍼·재킷류,품질(물품/용역)
2024004176,2024-01-25,여자,30 - 39세,광주광역시,일반판매,기타간편복,품질(물품/용역)
2024004178,2024-02-01,여자,40 - 49세,세종특별자치시,일반판매,신발세탁,계약불이행(불완전이행)
2024004180,2024-01-22,남자,50 - 59세,광주광역시,일반판매,자동차수리·점검,계약불이행(불완전이행)
2024004182,2024-02-01,남자,30 - 39세,경기도,일반판매,운동화,품질(물품/용역)
2024004183,2024-01-22,여자,(미입력),전라남도,일반판매,용달화물서비스,계약해제.해지/위약금
2024004185,2024-01-22,여자,40 - 49세,경기도,일반판매,소파,AS불만
2024004186,2024-01-22,남자,50 - 59세,서울특별시,일반판매,신유형상품권,계약불이행(불완전이행)
2024004187,2024-01-27,여자,40 - 49세,서울특별시,국내온라인거래,점퍼·재킷류,품질(물품/용역)
2024004189,2024-01-22,여자,40 - 49세,경기도,일반판매,초고속인터넷,계약해제.해지/위약금
2024004190,2024-02-08,여자,20 - 29세,경기도,국내온라인거래,숙녀화(구두·부츠 등),품질(물품/용역)
2024004191,2024-01-22,여자,20 - 29세,인천광역시,일반판매,헬스장,계약해제.해지/위약금
2024004192,2024-01-22,남자,불명,서울특별시,국내온라인거래,기타가구,청약철회
2024004193,2024-02-08,남자,60 - 64세,경상남도,일반판매,전문스포츠화(축구화·골프화 등),품질(물품/용역)
2024004194,2024-01-22,여자,60 - 64세,서울특별시,일반판매,건강(암·기타질병)보험,계약불이행(불완전이행)
2024004197,2024-01-22,남자,50 - 59세,충청남도,국제온라인거래,기타의류·섬유,청약철회
2024004198,2024-01-22,여자,20 - 29세,서울특별시,일반판매,한의원,계약해제.해지/위약금
2024004199,2024-01-25,여자,40 - 49세,경기도,일반판매,점퍼·재킷류,품질(물품/용역)
2024004200,2024-01-22,남자,50 - 59세,인천광역시,모바일거래,보석·귀금속,계약불이행(불완전이행)
2024004202,2024-01-22,여자,60 - 64세,서울특별시,국내온라인거래,기타주거관리설비,계약불이행(불완전이행)
2024004204,2024-01-22,여자,65 - 69세,대구광역시,일반판매,이동전화서비스,청약철회
2024004205,2024-01-22,남자,30 - 39세,서울특별시,일반판매,기타전문서비스,계약불이행(불완전이행)
2024004207,2024-01-22,남자,30 - 39세,경기도,방문판매,결혼준비대행서비스,계약해제.해지/위약금
2024004208,2024-01-22,남자,50 - 59세,경기도,기타통신판매,자동차대여(렌트),계약해제.해지/위약금
2024004212,2024-01-22,여자,30 - 39세,충청남도,노상판매,상조서비스,계약불이행(불완전이행)
2024004215,2024-01-22,남자,50 - 59세,강원특별자치도,일반판매,아파트,계약불이행(불완전이행)
2024004216,2024-01-22,여자,40 - 49세,경기도,국내온라인거래,스웨터,청약철회
2024004217,2024-01-22,남자,50 - 59세,전라남도,국내온라인거래,고구마,청약철회
2024004219,2024-01-22,여자,50 - 59세,경상북도,일반판매,필라테스,계약해제.해지/위약금
2024004220,2024-01-22,남자,60 - 64세,전라북도,국내온라인거래,항공여객운송서비스,계약불이행(불완전이행)
2024004221,2024-01-22,여자,30 - 39세,부산광역시,일반판매,필라테스,계약해제.해지/위약금
2024004222,2024-01-22,여자,30 - 39세,전라남도,일반판매,헬스장,계약해제.해지/위약금
2024004223,2024-01-22,여자,20 - 29세,서울특별시,일반판매,헬스장,계약해제.해지/위약금
2024004224,2024-01-22,남자,30 - 39세,경상남도,방문판매,헬스장,계약해제.해지/위약금
2024004226,2024-01-22,여자,70 - 79세,부산광역시,국내온라인거래,케이블TV,계약해제.해지/위약금
2024004227,2024-01-22,여자,50 - 59세,경기도,국제온라인거래,기타간편복,청약철회
2024004229,2024-01-22,여자,20 - 29세,서울특별시,일반판매,헬스장,계약해제.해지/위약금
2024004231,2024-01-22,여자,(미입력),대구광역시,일반판매,외식,안전(제품/시설)
2024004233,2024-01-22,여자,70 - 79세,경기도,TV홈쇼핑,기타일반화장품,계약불이행(불완전이행)
2024004235,2024-01-22,남자,50 - 59세,경기도,국내온라인거래,셔츠,청약철회
2024004236,2024-01-22,남자,50 - 59세,경기도,일반판매,동물병원,품질(물품/용역)
2024004237,2024-01-22,남자,60 - 64세,경기도,일반판매,건강(암·기타질병)보험,계약불이행(불완전이행)
2024004238,2024-01-22,남자,70 - 79세,경기도,전화권유판매,다이어트식품,청약철회
2024004239,2024-01-22,남자,30 - 39세,경기도,국내온라인거래,보석·귀금속,계약불이행(불완전이행)
2024004240,2024-01-22,여자,40 - 49세,제주도,일반판매,신용카드,가격.요금
2024004241,2024-01-22,남자,40 - 49세,서울특별시,기타통신판매,자동차보험,계약불이행(불완전이행)
2024004242,2024-01-22,여자,50 - 59세,경기도,일반판매,인터넷교육서비스,계약해제.해지/위약금
2024004243,2024-01-22,남자,30 - 39세,충청북도,국내온라인거래,효모제품,안전(제품/시설)
2024004244,2024-01-25,여자,40 - 49세,인천광역시,일반판매,점퍼·재킷류,품질(물품/용역)
2024004245,2024-01-25,여자,30 - 39세,경상남도,국내온라인거래,점퍼·재킷류,품질(물품/용역)
2024004246,2024-01-22,남자,30 - 39세,충청북도,국내온라인거래,전기진공청소기,품질(물품/용역)
2024004247,2024-01-22,여자,20 - 29세,경기도,전화권유판매,초고속인터넷,계약해제.해지/위약금
2024004248,2024-01-22,여자,30 - 39세,경기도,국내온라인거래,항공여객운송서비스,계약해제.해지/위약금
2024004249,2024-01-22,여자,30 - 39세,경상남도,일반판매,호텔,계약해제.해지/위약금
2024004250,2024-01-22,남자,50 - 59세,경기도,기타,정수기대여(렌트),청약철회
2024004251,2024-01-22,남자,20 - 29세,경상북도,기타통신판매,인터넷교육서비스,계약불이행(불완전이행)
2024004252,2024-01-22,여자,20 - 29세,인천광역시,국내온라인거래,애완동·식물용품,청약철회
2024004253,2024-01-22,남자,40 - 49세,경기도,국내온라인거래,국외여행,계약해제.해지/위약금
2024004254,2024-01-22,남자,20 - 29세,경기도,국내온라인거래,헤드폰·이어폰,청약철회
2024004255,2024-01-22,여자,30 - 39세,경기도,방문판매,필라테스,계약해제.해지/위약금
2024004256,2024-01-22,여자,40 - 49세,충청북도,모바일거래,국외여행,표시.광고
2024004257,2024-01-22,여자,20 - 29세,충청남도,방문판매,학습지,계약해제.해지/위약금
2024004258,2024-01-22,남자,30 - 39세,서울특별시,일반판매,기타컴퓨터·주변기기,AS불만
2024004259,2024-01-22,남자,40 - 49세,충청남도,방문판매,음식물처리기,AS불만
2024004260,2024-01-22,여자,30 - 39세,서울특별시,국내온라인거래,가습기,품질(물품/용역)
2024004261,2024-01-22,남자,40 - 49세,경기도,국내온라인거래,애완동·식물용품,계약불이행(불완전이행)
2024004262,2024-01-22,남자,30 - 39세,전라북도,모바일거래,기타정보통신,부당행위
2024004263,2024-01-22,남자,50 - 59세,경기도,일반판매,미분류대여(렌트),계약해제.해지/위약금
2024004264,2024-01-22,여자,30 - 39세,서울특별시,국내온라인거래,국외여행,계약해제.해지/위약금
2024004265,2024-01-22,남자,30 - 39세,경기도,국내온라인거래,머플러,품질(물품/용역)
2024004266,2024-01-22,남자,30 - 39세,충청남도,국내온라인거래,헤드폰·이어폰,청약철회
2024004267,2024-01-22,여자,40 - 49세,대구광역시,방문판매,기타이·미용서비스,계약해제.해지/위약금
2024004268,2024-01-22,여자,30 - 39세,경상남도,국내온라인거래,기타의류·섬유,품질(물품/용역)
2024004269,2024-01-22,남자,20 - 29세,서울특별시,국내온라인거래,의자,품질(물품/용역)
2024004270,2024-01-22,여자,30 - 39세,대구광역시,방문판매,점퍼·재킷류,품질(물품/용역)
2024004271,2024-01-22,여자,30 - 39세,서울특별시,모바일거래,티셔츠,청약철회
2024004272,2024-01-22,남자,40 - 49세,서울특별시,국내온라인거래,쇠고기포장육,청약철회
2024004273,2024-01-22,여자,30 - 39세,충청북도,일반판매,숙녀화(구두·부츠 등),계약불이행(불완전이행)
2024004274,2024-01-22,여자,30 - 39세,서울특별시,일반판매,기타빵·과자류,부당행위
2024004275,2024-01-22,여자,40 - 49세,경상북도,기타통신판매,기타일반화장품,계약해제.해지/위약금
2024004276,2024-01-22,여자,50 - 59세,경기도,모바일거래,숙녀화(구두·부츠 등),청약철회
2024004277,2024-01-22,여자,20 - 29세,인천광역시,일반판매,기타회원권,청약철회
2024004278,2024-01-22,여자,20 - 29세,서울특별시,국내온라인거래,헬스장,계약해제.해지/위약금
2024004279,2024-01-22,남자,30 - 39세,경기도,모바일거래,사진촬영,부당행위
2024004280,2024-01-22,남자,30 - 39세,충청북도,기타,택배화물운송서비스,품질(물품/용역)
2024004281,2024-01-22,남자,30 - 39세,대전광역시,국내온라인거래,항공여객운송서비스,청약철회
2024004282,2024-01-22,남자,30 - 39세,서울특별시,일반판매,식탁,품질(물품/용역)
2024004283,2024-01-22,여자,30 - 39세,경기도,국내온라인거래,기타의류·섬유,품질(물품/용역)
2024004284,2024-01-22,남자,30 - 39세,서울특별시,모바일거래,외식,계약해제.해지/위약금
2024004285,2024-01-22,여자,20 - 29세,경기도,일반판매,헬스장,계약해제.해지/위약금
2024004286,2024-01-22,여자,50 - 59세,대구광역시,국내온라인거래,숙녀화(구두·부츠 등),계약불이행(불완전이행)
2024004287,2024-01-22,남자,50 - 59세,부산광역시,기타,도배공사,품질(물품/용역)
2024004288,2024-01-22,남자,30 - 39세,경기도,기타,기타세탁서비스,계약불이행(불완전이행)
2024004289,2024-01-22,남자,40 - 49세,제주도,기타,기타인테리어설비,계약해제.해지/위약금
2024004290,2024-01-22,여자,30 - 39세,경기도,일반판매,헬스장,계약해제.해지/위약금
2024004291,2024-01-22,여자,50 - 59세,경기도,국내온라인거래,철도여객운송서비스,계약해제.해지/위약금
2024004292,2024-01-22,남자,30 - 39세,충청북도,국내온라인거래,메모리,청약철회
2024004293,2024-01-22,여자,30 - 39세,서울특별시,국내온라인거래,이불·침대커버,표시.광고
2024004294,2024-01-22,남자,20 - 29세,경기도,국내온라인거래,헤드폰·이어폰,계약불이행(불완전이행)
2024004295,2024-01-22,여자,40 - 49세,경기도,소셜커머스(쇼핑),숙녀화(구두·부츠 등),계약불이행(불완전이행)
2024004296,2024-01-22,여자,30 - 39세,경기도,기타통신판매,기타건강식품,청약철회
2024004297,2024-01-22,남자,50 - 59세,부산광역시,기타,용달화물서비스,품질(물품/용역)
2024004298,2024-01-22,남자,40 - 49세,경상북도,국내온라인거래,보석·귀금속,계약불이행(불완전이행)
2024004299,2024-01-22,여자,30 - 39세,서울특별시,국내온라인거래,숙녀화(구두·부츠 등),계약불이행(불완전이행)
2024004300,2024-01-22,남자,30 - 39세,경기도,기타,산후조리원,품질(물품/용역)
2024004301,2024-01-22,남자,40 - 49세,전라북도,국내온라인거래,인터넷정보이용서비스,계약불이행(불완전이행)
2024004302,2024-01-22,남자,20 - 29세,서울특별시,일반판매,점퍼·재킷류,품질(물품/용역)
2024004303,2024-01-22,여자,40 - 49세,경기도,국내온라인거래,콘도,청약철회
2024004304,2024-01-22,여자,30 - 39세,경상북도,일반판매,기타교육서비스,계약해제.해지/위약금
2024004305,2024-01-22,여자,30 - 39세,경기도,기타,포장이사운송서비스,계약불이행(불완전이행)
2024004306,2024-01-22,여자,30 - 39세,경상북도,국내온라인거래,점퍼·재킷류,청약철회
2024004307,2024-01-22,남자,50 - 59세,제주도,전화권유판매,인터넷정보이용서비스,계약해제.해지/위약금
2024004308,2024-01-22,여자,30 - 39세,경기도,국내온라인거래,보조배터리,청약철회
2024004309,2024-01-22,여자,30 - 39세,경기도,국내온라인거래,숙녀화(구두·부츠 등),청약철회
2024004310,2024-01-22,여자,20 - 29세,서울특별시,일반판매,정수기대여(렌트),품질(물품/용역)
2024004311,2024-01-22,남자,30 - 39세,경기도,기타,점퍼·재킷류,품질(물품/용역)
2024004312,2024-01-22,남자,50 - 59세,경기도,일반판매,기타정보통신,부당행위
2024004313,2024-01-22,여자,30 - 39세,광주광역시,모바일거래,기타건강식품,계약해제.해지/위약금
2024004314,2024-01-22,여자,50 - 59세,전라북도,국내온라인거래,앞치마,계약불이행(불완전이행)
2024004315,2024-01-22,남자,40 - 49세,충청남도,국내온라인거래,전기곤로,청약철회
2024004316,2024-01-22,남자,30 - 39세,충청북도,방문판매,정수기대여(렌트),계약해제.해지/위약금
2024004317,2024-01-22,여자,50 - 59세,전라북도,일반판매,김치냉장고,품질(물품/용역)
2024004318,2024-01-22,남자,20 - 29세,경기도,일반판매,미분류컨설팅(자문),계약해제.해지/위약금
2024004319,2024-01-22,남자,30 - 39세,인천광역시,기타,사진촬영,계약불이행(불완전이행)
2024004320,2024-01-22,남자,40 - 49세,경기도,일반판매,CCTV,가격.요금
2024004321,2024-01-22,여자,30 - 39세,충청북도,국내온라인거래,샌들·슬리퍼,청약철회
2024004322,2024-01-22,남자,30 - 39세,경기도,방문판매,보석·귀금속,계약해제.해지/위약금
2024004323,2024-01-22,남자,40 - 49세,서울특별시,일반판매,기타완구·인형,품질(물품/용역)
2024004324,2024-01-22,남자,40 - 49세,경기도,국내온라인거래,항공여객운송서비스,계약해제.해지/위약금
2024004325,2024-01-22,여자,30 - 39세,인천광역시,국제온라인거래,기타가사용품,계약해제.해지/위약금
2024004326,2024-01-22,남자,30 - 39세,서울특별시,소셜커머스(쇼핑),기타통신기기,청약철회
2024004327,2024-01-22,여자,40 - 49세,부산광역시,국내온라인거래,쇠고기포장육,청약철회
2024004328,2024-01-22,남자,20 - 29세,경기도,일반판매,종합체육시설회원권,계약해제.해지/위약금
2024004329,2024-01-22,남자,50 - 59세,울산광역시,일반판매,가스보일러,품질(물품/용역)
2024004330,2024-01-22,남자,30 - 39세,경기도,일반판매,스마트폰,AS불만
2024004331,2024-01-22,여자,40 - 49세,광주광역시,기타통신판매,기타이동통신,계약불이행(불완전이행)
2024004332,2024-01-22,여자,30 - 39세,경기도,일반판매,미술전시관람,계약해제.해지/위약금
2024004333,2024-01-22,여자,30 - 39세,경기도,일반판매,필라테스,계약해제.해지/위약금
2024004334,2024-01-22,여자,30 - 39세,세종특별자치시,국내온라인거래,항공여객운송서비스,계약해제.해지/위약금
2024004335,2024-01-22,남자,30 - 39세,세종특별자치시,국내온라인거래,헤드폰·이어폰,표시.광고
2024004336,2024-01-22,여자,30 - 39세,대구광역시,국내온라인거래,항공여객운송서비스,계약해제.해지/위약금
2024004337,2024-01-22,여자,40 - 49세,경기도,전화권유판매,인터넷교육서비스,계약해제.해지/위약금
2024004338,2024-01-22,여자,30 - 39세,대구광역시,국내온라인거래,전기진공청소기,청약철회
2024004339,2024-01-22,남자,20 - 29세,경기도,국내온라인거래,항공여객운송서비스,계약해제.해지/위약금
2024004340,2024-01-22,남자,30 - 39세,서울특별시,기타통신판매,헬스장,계약해제.해지/위약금
2024004341,2024-01-22,여자,30 - 39세,경기도,소셜커머스(쇼핑),기타어패류·어패류가공식품,계약해제.해지/위약금
2024004342,2024-01-22,여자,50 - 59세,울산광역시,일반판매,항공여객운송서비스,품질(물품/용역)
2024004343,2024-01-22,여자,30 - 39세,경기도,국내온라인거래,헬스장,계약해제.해지/위약금
2024004344,2024-01-22,남자,40 - 49세,경기도,일반판매,골프용품,AS불만
2024004345,2024-01-22,남자,30 - 39세,대구광역시,모바일거래,건물청소서비스,계약해제.해지/위약금
2024004346,2024-01-22,남자,30 - 39세,서울특별시,일반판매,전기장판,품질(물품/용역)
2024004347,2024-01-22,남자,20 - 29세,경기도,일반판매,예식서비스,계약해제.해지/위약금
2024004348,2024-01-22,여자,40 - 49세,서울특별시,기타,항공여객운송서비스,계약불이행(불완전이행)
2024004349,2024-01-22,여자,40 - 49세,부산광역시,국내온라인거래,기타교육서비스,계약해제.해지/위약금
2024004350,2024-01-22,여자,30 - 39세,경기도,국내온라인거래,전기진공청소기,AS불만
2024004351,2024-01-22,여자,30 - 39세,서울특별시,국내온라인거래,기타이·미용서비스,청약철회
2024004352,2024-01-22,여자,30 - 39세,경기도,소셜커머스(쇼핑),기타가방,청약철회
2024004353,2024-01-22,남자,20 - 29세,제주도,일반판매,항공여객운송서비스,품질(물품/용역)
2024004354,2024-01-22,여자,60 - 64세,인천광역시,일반판매,숙녀화(구두·부츠 등),품질(물품/용역)
2024004355,2024-01-22,여자,40 - 49세,경기도,소셜커머스(쇼핑),보온병,청약철회
2024004356,2024-01-22,여자,40 - 49세,인천광역시,일반판매,기타회원권,계약해제.해지/위약금
2024004357,2024-01-22,여자,30 - 39세,서울특별시,국내온라인거래,기타식품류,품질(물품/용역)
2024004358,2024-01-22,남자,40 - 49세,인천광역시,국내온라인거래,전기진공청소기,청약철회
2024004359,2024-01-22,여자,30 - 39세,경상북도,국내온라인거래,숙녀화(구두·부츠 등),청약철회
2024004360,2024-01-22,여자,40 - 49세,경상북도,국내온라인거래,기타의류·섬유,청약철회
2024004361,2024-01-22,남자,40 - 49세,경기도,국내온라인거래,기타신발·용품,청약철회
2024004362,2024-01-22,남자,30 - 39세,인천광역시,일반판매,항공여객운송서비스,계약해제.해지/위약금
2024004363,2024-01-22,여자,40 - 49세,경상북도,기타,용달화물서비스,부당행위
2024004364,2024-01-22,여자,20 - 29세,서울특별시,일반판매,헬스장,계약해제.해지/위약금
2024004365,2024-01-22,남자,50 - 59세,인천광역시,국내온라인거래,항공여객운송서비스,가격.요금
2024004366,2024-01-22,남자,30 - 39세,서울특별시,일반판매,예식서비스,청약철회
2024004367,2024-01-22,여자,40 - 49세,경기도,국제온라인거래,항공여객운송서비스,계약해제.해지/위약금
2024004368,2024-01-22,여자,40 - 49세,서울특별시,국내온라인거래,국외여행,계약해제.해지/위약금
2024004369,2024-01-22,남자,20 - 29세,부산광역시,모바일거래,헤드폰·이어폰,계약불이행(불완전이행)
2024004370,2024-01-22,남자,65 - 69세,강원특별자치도,기타통신판매,룸에어컨,부당행위
2024004371,2024-01-22,여자,40 - 49세,서울특별시,국내온라인거래,항공여객운송서비스,계약불이행(불완전이행)
2024004372,2024-01-22,남자,30 - 39세,경기도,모바일거래,비타민제,청약철회
2024004373,2024-01-22,남자,50 - 59세,인천광역시,일반판매,프린터,AS불만
2024004374,2024-01-22,여자,30 - 39세,서울특별시,기타,기타세탁서비스,부당행위
2024004375,2024-01-22,여자,50 - 59세,서울특별시,일반판매,점퍼·재킷류,품질(물품/용역)
2024004376,2024-01-22,여자,불명,인천광역시,국내온라인거래,기타의류·섬유,청약철회
2024004377,2024-01-22,여자,40 - 49세,대전광역시,국내온라인거래,기타건강식품,청약철회
2024004378,2024-01-22,남자,60 - 64세,경상남도,국내온라인거래,의자,품질(물품/용역)
2024004379,2024-01-22,여자,20 - 29세,서울특별시,일반판매,미용서비스,계약해제.해지/위약금
2024004380,2024-01-22,여자,40 - 49세,부산광역시,일반판매,음식물처리기,계약해제.해지/위약금
2024004381,2024-01-22,여자,30 - 39세,경기도,국내온라인거래,사진촬영,부당행위
2024004382,2024-01-22,남자,40 - 49세,경기도,국내온라인거래,태블릿PC,계약불이행(불완전이행)
2024004383,2024-01-22,남자,30 - 39세,서울특별시,일반판매,헬스장,청약철회
2024004384,2024-01-22,여자,50 - 59세,대구광역시,일반판매,기타건강식품,청약철회
2024004385,2024-01-22,여자,30 - 39세,서울특별시,일반판매,도시가스,가격.요금
2024004386,2024-01-22,여자,60 - 64세,경기도,일반판매,국외여행,계약해제.해지/위약금
2024004387,2024-01-22,여자,30 - 39세,경기도,국내온라인거래,CD·LD·DVD(영화·음악·게임),부당행위
2024004388,2024-01-22,여자,20 - 29세,서울특별시,기타통신판매,기타주방설비,품질(물품/용역)
2024004389,2024-01-22,남자,20 - 29세,경기도,기타,택배화물운송서비스,계약불이행(불완전이행)
2024004390,2024-01-22,남자,30 - 39세,부산광역시,국내온라인거래,의자,품질(물품/용역)
2024004391,2024-01-22,남자,30 - 39세,대구광역시,소셜커머스(쇼핑),기타의류·섬유,청약철회
2024004392,2024-01-23,남자,50 - 59세,경기도,TV홈쇼핑,안마의자대여(렌트),계약해제.해지/위약금
2024004393,2024-01-23,여자,40 - 49세,경기도,국내온라인거래,기타가방,청약철회
2024004394,2024-01-23,여자,50 - 59세,부산광역시,일반판매,실손보험,계약불이행(불완전이행)
2024004396,2024-01-23,여자,40 - 49세,서울특별시,방문판매,신문,계약해제.해지/위약금
2024004397,2024-02-01,여자,40 - 49세,서울특별시,국내온라인거래,신사화(구두·부츠 등),품질(물품/용역)
2024004398,2024-01-23,여자,40 - 49세,서울특별시,일반판매,한의원,계약해제.해지/위약금
2024004399,2024-01-23,남자,불명,대전광역시,일반판매,고시원이용,계약해제.해지/위약금
2024004400,2024-01-23,여자,30 - 39세,경기도,일반판매,헬스장,계약해제.해지/위약금
2024004401,2024-01-23,여자,20 - 29세,전라북도,일반판매,예식서비스,계약해제.해지/위약금
2024004402,2024-01-23,여자,50 - 59세,울산광역시,국내온라인거래,기타건강식품,청약철회
2024004403,2024-01-23,여자,20 - 29세,경기도,국내온라인거래,핸드백,부당행위
2024004404,2024-01-23,여자,60 - 64세,서울특별시,기타,실손보험,계약불이행(불완전이행)
2024004405,2024-01-23,여자,50 - 59세,대구광역시,일반판매,필라테스,계약해제.해지/위약금
2024004406,2024-02-01,남자,20 - 29세,광주광역시,국내온라인거래,신발세탁,계약불이행(불완전이행)
2024004407,2024-01-23,남자,30 - 39세,서울특별시,국내온라인거래,책상,표시.광고
2024004409,2024-01-25,남자,50 - 59세,부산광역시,일반판매,점퍼·재킷류,품질(물품/용역)
2024004410,2024-01-23,여자,20 - 29세,서울특별시,일반판매,요가,계약해제.해지/위약금
2024004411,2024-01-23,남자,30 - 39세,서울특별시,국내온라인거래,기타미분류서비스,청약철회
2024004412,2024-01-23,여자,50 - 59세,서울특별시,일반판매,성형외과,표시.광고
2024004413,2024-01-23,남자,50 - 59세,경기도,일반판매,헬스장,계약해제.해지/위약금
2024004416,2024-01-23,남자,50 - 59세,서울특별시,일반판매,항공여객운송서비스,거래관행
2024004417,2024-01-23,여자,40 - 49세,경기도,방문판매,인터넷교육서비스,계약해제.해지/위약금
2024004418,2024-01-23,여자,50 - 59세,대전광역시,방문판매,건강(암·기타질병)보험,계약불이행(불완전이행)
2024004419,2024-01-23,남자,50 - 59세,서울특별시,일반판매,골프회원권,약관
2024004421,2024-01-23,여자,40 - 49세,서울특별시,기타통신판매,기타수선·염색서비스,계약불이행(불완전이행)
2024004422,2024-01-23,여자,60 - 64세,대구광역시,국내온라인거래,낙지,계약불이행(불완전이행)
2024004423,2024-01-23,남자,40 - 49세,충청북도,국내온라인거래,인터넷정보이용서비스,청약철회
2024004425,2024-01-23,여자,30 - 39세,경기도,소셜커머스(쇼핑),기타취미용품,계약불이행(불완전이행)
2024004426,2024-01-23,여자,50 - 59세,서울특별시,국내온라인거래,점퍼·재킷류,계약불이행(불완전이행)
2024004427,2024-01-23,여자,65 - 69세,인천광역시,일반판매,이동전화서비스,계약불이행(불완전이행)
2024004428,2024-01-23,남자,60 - 64세,경기도,일반판매,대형승용자동차,품질(물품/용역)
2024004429,2024-01-23,여자,20 - 29세,경기도,일반판매,성형외과,계약해제.해지/위약금
2024004431,2024-01-23,남자,40 - 49세,충청북도,일반판매,중고자동차중개·매매,계약해제.해지/위약금
2024004432,2024-01-23,남자,30 - 39세,부산광역시,모바일거래,기타건강식품,청약철회
2024004433,2024-01-23,여자,50 - 59세,충청남도,일반판매,국외여행,계약해제.해지/위약금
2024004434,2024-01-25,여자,50 - 59세,부산광역시,일반판매,양복(서양식 의복)세탁,품질(물품/용역)
2024004436,2024-01-25,남자,30 - 39세,경기도,일반판매,핸드백,품질(물품/용역)
2024004437,2024-01-23,여자,50 - 59세,경상남도,기타통신판매,기타건강식품,계약해제.해지/위약금
2024004438,2024-01-23,남자,30 - 39세,경기도,일반판매,기타가방,품질(물품/용역)
2024004439,2024-01-23,여자,30 - 39세,경기도,일반판매,자동차세차,계약불이행(불완전이행)
2024004440,2024-01-23,남자,20 - 29세,인천광역시,국제온라인거래,기타자전거용품,계약불이행(불완전이행)
2024004441,2024-01-23,남자,50 - 59세,광주광역시,전화권유판매,유사투자자문,계약해제.해지/위약금
2024004443,2024-01-23,여자,40 - 49세,서울특별시,국내온라인거래,각종공연관람,단순문의.상담
2024004444,2024-01-23,여자,50 - 59세,경상북도,국내온라인거래,전자레인지,품질(물품/용역)
2024004445,2024-01-23,여자,30 - 39세,서울특별시,일반판매,골프회원권,품질(물품/용역)
2024004447,2024-01-23,여자,20 - 29세,경기도,일반판매,헬스장,계약해제.해지/위약금
2024004449,2024-01-23,남자,60 - 64세,경기도,일반판매,원격시동경보기,품질(물품/용역)
2024004450,2024-01-23,남자,30 - 39세,서울특별시,국내온라인거래,신사복상의,청약철회
2024004451,2024-01-23,남자,60 - 64세,경기도,모바일거래,호텔,계약불이행(불완전이행)
2024004452,2024-01-23,남자,30 - 39세,서울특별시,일반판매,의류수선,계약해제.해지/위약금
2024004455,2024-01-23,남자,40 - 49세,서울특별시,모바일거래,기타숙박시설,계약불이행(불완전이행)
2024004456,2024-01-23,남자,50 - 59세,전라남도,모바일거래,기타모피·가죽의류,청약철회
2024004457,2024-01-23,남자,40 - 49세,서울특별시,일반판매,공기청정기,품질(물품/용역)
2024004458,2024-01-23,여자,60 - 64세,경상북도,기타,신경외과,품질(물품/용역)
2024004460,2024-01-23,남자,50 - 59세,대전광역시,일반판매,중형승용자동차,AS불만
2024004461,2024-01-23,남자,40 - 49세,서울특별시,국내온라인거래,책상,청약철회
2024004462,2024-01-23,여자,30 - 39세,서울특별시,국내온라인거래,기타자동차용품,품질(물품/용역)
2024004463,2024-01-23,여자,40 - 49세,서울특별시,기타통신판매,유사투자자문,계약불이행(불완전이행)
2024004464,2024-01-23,남자,40 - 49세,대구광역시,기타통신판매,시계,품질(물품/용역)
2024004465,2024-01-24,여자,80세이상,대구광역시,일반판매,모자,품질(물품/용역)
2024004469,2024-01-23,남자,50 - 59세,충청북도,기타,기타미분류물품,계약불이행(불완전이행)
2024004470,2024-01-23,여자,50 - 59세,서울특별시,일반판매,레저·이벤트회원권,계약불이행(불완전이행)
2024004471,2024-01-23,남자,30 - 39세,경기도,일반판매,오토바이,AS불만
2024004472,2024-01-23,남자,20 - 29세,서울특별시,기타,체크카드,부당행위
2024004473,2024-01-25,여자,20 - 29세,부산광역시,국내온라인거래,코트,품질(물품/용역)
2024004475,2024-01-23,여자,40 - 49세,대구광역시,국내온라인거래,기타미분류물품,품질(물품/용역)
2024004476,2024-01-25,남자,40 - 49세,인천광역시,국내온라인거래,셔츠,품질(물품/용역)
2024004477,2024-01-23,남자,20 - 29세,경기도,국내온라인거래,통신기기주변장치,청약철회
2024004478,2024-01-23,여자,40 - 49세,경기도,기타,건강(암·기타질병)보험,계약불이행(불완전이행)
2024004479,2024-01-23,여자,40 - 49세,경기도,일반판매,국외여행,청약철회
2024004480,2024-01-23,남자,30 - 39세,전라남도,방문판매,콘도회원권,계약해제.해지/위약금
2024004481,2024-01-23,여자,30 - 39세,경기도,국내온라인거래,신용카드,부당행위
2024004482,2024-01-23,남자,70 - 79세,부산광역시,TV홈쇼핑,인터넷교육서비스,약관
2024004484,2024-01-23,여자,40 - 49세,서울특별시,국내온라인거래,기타교재,품질(물품/용역)
2024004486,2024-01-23,남자,60 - 64세,경기도,국내온라인거래,기타회원권,계약불이행(불완전이행)
2024004487,2024-01-23,여자,30 - 39세,경기도,기타,포장이사운송서비스,계약불이행(불완전이행)
2024004489,2024-01-23,여자,40 - 49세,경상남도,기타,자격증교재,부당행위
2024004490,2024-01-23,남자,60 - 64세,경상남도,일반판매,기타인테리어설비,AS불만
2024004491,2024-01-23,남자,30 - 39세,경상북도,일반판매,인터넷교육서비스,계약해제.해지/위약금
2024004492,2024-01-25,남자,20 - 29세,경기도,일반판매,피혁세탁,품질(물품/용역)
2024004493,2024-01-25,남자,30 - 39세,경기도,일반판매,기타세탁서비스,품질(물품/용역)
2024004494,2024-01-23,여자,30 - 39세,경기도,소셜커머스(쇼핑),전기진공청소기,계약불이행(불완전이행)
2024004495,2024-01-23,남자,70 - 79세,인천광역시,기타,기타미분류물품,AS불만
2024004497,2024-01-23,여자,50 - 59세,경기도,방문판매,가스보일러,품질(물품/용역)
2024004498,2024-01-27,여자,60 - 64세,대구광역시,국내온라인거래,점퍼·재킷류,품질(물품/용역)
2024004502,2024-01-23,남자,30 - 39세,경기도,일반판매,스마트폰,계약불이행(불완전이행)
2024004504,2024-01-23,남자,30 - 39세,서울특별시,일반판매,헬스장,계약해제.해지/위약금
2024004505,2024-01-23,남자,40 - 49세,경기도,기타,유사투자자문,계약해제.해지/위약금
2024004506,2024-01-23,남자,30 - 39세,인천광역시,일반판매,국내결혼중개,계약불이행(불완전이행)
2024004507,2024-01-23,남자,불명,경기도,국내온라인거래,즉석조리식품,계약불이행(불완전이행)
2024004508,2024-01-23,남자,40 - 49세,경기도,일반판매,자동차수리·점검,품질(물품/용역)
2024004509,2024-01-23,남자,30 - 39세,경상북도,일반판매,자동차수리·점검,AS불만
2024004510,2024-01-23,남자,불명,경기도,국내온라인거래,각종공연관람,계약불이행(불완전이행)
2024004511,2024-01-25,여자,40 - 49세,서울특별시,일반판매,의류수선,품질(물품/용역)
2024004512,2024-01-23,여자,30 - 39세,경기도,국내온라인거래,기타의류·섬유,표시.광고
2024004514,2024-01-23,남자,불명,경상북도,국내온라인거래,헤어드라이어,계약불이행(불완전이행)
2024004515,2024-01-23,남자,50 - 59세,전라남도,일반판매,건강(암·기타질병)보험,계약불이행(불완전이행)
2024004516,2024-01-23,남자,50 - 59세,경상남도,국내온라인거래,캐주얼바지,청약철회
2024004517,2024-01-23,남자,20 - 29세,경기도,국제온라인거래,항공여객운송서비스,계약해제.해지/위약금
2024004518,2024-01-23,여자,40 - 49세,서울특별시,일반판매,무스탕,청약철회
2024004519,2024-01-23,여자,50 - 59세,서울특별시,일반판매,골프용품,품질(물품/용역)
2024004520,2024-01-23,남자,50 - 59세,충청북도,일반판매,가스보일러,계약불이행(불완전이행)
2024004521,2024-01-23,남자,30 - 39세,경기도,국내온라인거래,헤드폰·이어폰,청약철회
2024004522,2024-01-23,남자,60 - 64세,경상북도,일반판매,상해보험,계약불이행(불완전이행)
2024004523,2024-01-23,여자,불명,부산광역시,국내온라인거래,비타민제,청약철회
2024004525,2024-01-23,여자,불명,경기도,국내온라인거래,숙녀화(구두·부츠 등),청약철회
2024004526,2024-01-24,여자,30 - 39세,경상북도,일반판매,양복(서양식 의복)세탁,품질(물품/용역)
2024004527,2024-01-23,남자,40 - 49세,충청북도,일반판매,자동차보험,계약불이행(불완전이행)
2024004528,2024-01-23,여자,40 - 49세,전라남도,모바일거래,사진촬영,계약불이행(불완전이행)
2024004529,2024-01-23,여자,30 - 39세,인천광역시,방문판매,음식물처리기,품질(물품/용역)
2024004530,2024-01-23,여자,30 - 39세,부산광역시,일반판매,피부·체형관리서비스,청약철회
2024004531,2024-01-23,여자,20 - 29세,광주광역시,소셜커머스(쇼핑),캐주얼바지,청약철회
2024004532,2024-01-23,여자,40 - 49세,부산광역시,일반판매,공중목욕탕,청약철회
2024004533,2024-01-23,남자,40 - 49세,서울특별시,국내온라인거래,전기장판,품질(물품/용역)
2024004534,2024-01-23,여자,30 - 39세,경기도,국내온라인거래,신사화(구두·부츠 등),청약철회
2024004535,2024-01-23,남자,50 - 59세,부산광역시,기타,시계부품·용품,품질(물품/용역)
2024004536,2024-01-23,여자,40 - 49세,전라북도,기타,음식물처리기,품질(물품/용역)
2024004537,2024-01-23,여자,20 - 29세,인천광역시,일반판매,헬스장,계약해제.해지/위약금
2024004538,2024-01-23,남자,50 - 59세,부산광역시,국내온라인거래,냉동고,청약철회
2024004539,2024-01-23,남자,60 - 64세,전라북도,일반판매,안마의자,품질(물품/용역)
2024004540,2024-01-23,여자,30 - 39세,경상북도,국내온라인거래,감귤,청약철회
2024004541,2024-01-23,남자,20 - 29세,경기도,일반판매,헬스장,계약해제.해지/위약금
2024004542,2024-01-23,남자,20 - 29세,강원특별자치도,국내온라인거래,항공여객운송서비스,부당행위
2024004543,2024-01-23,여자,20 - 29세,경기도,모바일거래,인터넷교육서비스,청약철회
2024004544,2024-01-23,여자,50 - 59세,서울특별시,일반판매,요가,계약해제.해지/위약금
2024004545,2024-01-23,남자,30 - 39세,울산광역시,일반판매,기타교육서비스,청약철회
2024004546,2024-01-23,남자,40 - 49세,서울특별시,국내온라인거래,노트북컴퓨터,AS불만
2024004547,2024-01-23,여자,30 - 39세,경상남도,방문판매,학습지,계약해제.해지/위약금
2024004548,2024-01-23,남자,50 - 59세,부산광역시,방문판매,기타미분류서비스,계약해제.해지/위약금
2024004549,2024-01-23,남자,40 - 49세,부산광역시,국내온라인거래,캐주얼바지,계약불이행(불완전이행)
2024004550,2024-01-23,남자,40 - 49세,서울특별시,일반판매,철도여객운송서비스,부당행위
2024004551,2024-01-23,남자,20 - 29세,전라남도,소셜커머스(쇼핑),스마트폰,청약철회
2024004552,2024-01-23,여자,40 - 49세,전라남도,TV홈쇼핑,국외여행,부당행위
2024004553,2024-01-23,여자,40 - 49세,전라남도,모바일거래,감귤,계약불이행(불완전이행)
2024004554,2024-01-23,여자,20 - 29세,부산광역시,일반판매,독서실이용,계약해제.해지/위약금
2024004555,2024-01-23,남자,20 - 29세,세종특별자치시,국내온라인거래,전기진공청소기,계약해제.해지/위약금
2024004556,2024-01-23,여자,20 - 29세,대구광역시,일반판매,이동전화서비스,계약불이행(불완전이행)
2024004557,2024-01-23,여자,20 - 29세,서울특별시,모바일거래,숙녀화(구두·부츠 등),청약철회
2024004558,2024-01-23,남자,40 - 49세,경기도,국내온라인거래,기타숙박시설,계약해제.해지/위약금
2024004559,2024-01-23,여자,40 - 49세,경상남도,국내온라인거래,전기진공청소기,계약해제.해지/위약금
2024004560,2024-01-23,여자,30 - 39세,부산광역시,소셜커머스(쇼핑),각종공연관람,청약철회
2024004561,2024-01-23,남자,40 - 49세,서울특별시,국제온라인거래,기타숙박시설,가격.요금
2024004562,2024-01-23,남자,50 - 59세,광주광역시,국내온라인거래,항공여객운송서비스,계약해제.해지/위약금
2024004563,2024-01-23,여자,30 - 39세,서울특별시,기타,포장이사운송서비스,계약불이행(불완전이행)
2024004564,2024-01-23,남자,30 - 39세,서울특별시,기타,항공여객운송서비스,품질(물품/용역)
2024004565,2024-01-23,남자,20 - 29세,부산광역시,일반판매,캐주얼바지,청약철회
2024004566,2024-01-23,남자,50 - 59세,경기도,국내온라인거래,기타사설강습서비스,계약해제.해지/위약금
2024004567,2024-01-23,남자,40 - 49세,경상남도,국내온라인거래,전기온수기,계약불이행(불완전이행)
2024004568,2024-01-23,남자,40 - 49세,경기도,국내온라인거래,기타일반화장품,품질(물품/용역)
2024004569,2024-01-23,여자,60 - 64세,서울특별시,국내온라인거래,숙녀화(구두·부츠 등),청약철회
2024004570,2024-01-23,여자,20 - 29세,부산광역시,국내온라인거래,통신기기케이스,청약철회
2024004571,2024-01-23,여자,30 - 39세,경상북도,일반판매,기타공조·냉난방기기,가격.요금
2024004572,2024-01-23,남자,50 - 59세,경기도,일반판매,스프링매트리스,품질(물품/용역)
2024004573,2024-01-23,여자,30 - 39세,인천광역시,국내온라인거래,기타유아용승용물,부당행위
2024004574,2024-01-23,여자,20 - 29세,대구광역시,국내온라인거래,점퍼·재킷류,청약철회
2024004575,2024-01-23,남자,20 - 29세,경기도,국내온라인거래,인터넷교육서비스,청약철회
2024004576,2024-01-23,여자,50 - 59세,서울특별시,국내온라인거래,비타민제,청약철회
2024004577,2024-01-23,여자,40 - 49세,인천광역시,일반판매,신유형상품권,품질(물품/용역)
2024004578,2024-01-23,여자,30 - 39세,서울특별시,국내온라인거래,비타민제,청약철회
2024004579,2024-01-23,여자,20 - 29세,서울특별시,일반판매,외식,품질(물품/용역)
2024004580,2024-01-23,여자,20 - 29세,인천광역시,기타,냉장고,거래관행
2024004581,2024-01-23,여자,20 - 29세,서울특별시,기타통신판매,일반강습(입시학원등),계약해제.해지/위약금
2024004582,2024-01-23,여자,30 - 39세,서울특별시,일반판매,기타미분류서비스,계약해제.해지/위약금
2024004583,2024-01-23,여자,30 - 39세,서울특별시,국내온라인거래,점퍼·재킷류,청약철회
2024004584,2024-01-23,남자,30 - 39세,경기도,국내온라인거래,기타신발·용품,계약불이행(불완전이행)
2024004585,2024-01-23,남자,40 - 49세,경상남도,일반판매,축전지,품질(물품/용역)
2024004586,2024-01-23,남자,50 - 59세,경기도,기타통신판매,인터넷교육서비스,계약해제.해지/위약금
2024004587,2024-01-23,남자,30 - 39세,제주도,전화권유판매,인터넷정보이용서비스,계약해제.해지/위약금
2024004588,2024-01-23,여자,30 - 39세,서울특별시,일반판매,스마트폰,계약해제.해지/위약금
2024004589,2024-01-23,남자,30 - 39세,대전광역시,일반판매,캐주얼바지,계약해제.해지/위약금
2024004590,2024-01-23,남자,30 - 39세,울산광역시,국내온라인거래,캐주얼바지,청약철회
2024004591,2024-01-23,남자,30 - 39세,대전광역시,국내온라인거래,빵,계약불이행(불완전이행)
2024004593,2024-01-23,여자,20 - 29세,서울특별시,국내온라인거래,기타일반화장품,부당행위
2024004594,2024-01-23,여자,40 - 49세,경기도,기타통신판매,항공여객운송서비스,가격.요금
2024004595,2024-01-23,남자,20 - 29세,서울특별시,방문판매,헬스장,계약해제.해지/위약금
2024004596,2024-01-23,여자,30 - 39세,경상북도,국내온라인거래,캐주얼바지,청약철회
2024004597,2024-01-23,여자,30 - 39세,경상남도,국내온라인거래,인터넷교육서비스,계약해제.해지/위약금
2024004598,2024-01-23,남자,30 - 39세,부산광역시,일반판매,건물청소서비스,계약해제.해지/위약금
2024004599,2024-01-23,여자,20 - 29세,인천광역시,일반판매,헬스장,계약해제.해지/위약금
2024004600,2024-01-23,남자,50 - 59세,인천광역시,전화권유판매,인터넷정보이용서비스,계약해제.해지/위약금
2024004601,2024-01-23,남자,30 - 39세,서울특별시,국내온라인거래,쇠고기,계약해제.해지/위약금
2024004602,2024-01-23,남자,30 - 39세,대구광역시,일반판매,TV,품질(물품/용역)
2024004603,2024-01-23,여자,20 - 29세,강원특별자치도,모바일거래,다이어트식품,계약해제.해지/위약금
2024004604,2024-01-23,여자,40 - 49세,인천광역시,국내온라인거래,숙녀복상의,청약철회
2024004605,2024-01-23,여자,40 - 49세,대구광역시,국내온라인거래,시계,계약해제.해지/위약금
2024004606,2024-01-23,남자,20 - 29세,경기도,일반판매,기타회원권,계약해제.해지/위약금
2024004607,2024-01-23,여자,30 - 39세,경기도,소셜커머스(쇼핑),티셔츠,청약철회
2024004608,2024-01-23,남자,30 - 39세,전라북도,국내온라인거래,모바일정보이용서비스,계약불이행(불완전이행)
2024004609,2024-01-23,남자,40 - 49세,경기도,기타,스포츠시설이용,안전(제품/시설)
2024004610,2024-01-23,남자,50 - 59세,경상남도,일반판매,소파,계약불이행(불완전이행)
2024004611,2024-01-23,여자,30 - 39세,경기도,국내온라인거래,인터넷교육서비스,계약해제.해지/위약금
2024004612,2024-01-23,여자,20 - 29세,경상북도,일반판매,독서실이용,가격.요금
2024004613,2024-01-23,여자,20 - 29세,서울특별시,일반판매,기타세탁서비스,품질(물품/용역)
2024004614,2024-01-23,남자,30 - 39세,경상남도,일반판매,항공여객운송서비스,품질(물품/용역)
2024004615,2024-01-23,여자,30 - 39세,경기도,국내온라인거래,인터넷게임서비스,부당행위
2024004616,2024-01-23,여자,30 - 39세,인천광역시,기타,기타알선·중개·번역서비스,계약불이행(불완전이행)
2024004617,2024-01-23,남자,40 - 49세,광주광역시,국내온라인거래,마우스,AS불만
2024004618,2024-01-23,남자,40 - 49세,경기도,국내온라인거래,호텔,청약철회
2024004619,2024-01-23,남자,40 - 49세,서울특별시,일반판매,소시지,품질(물품/용역)
2024004620,2024-01-23,남자,50 - 59세,경기도,국내온라인거래,보석·귀금속,계약불이행(불완전이행)
2024004621,2024-01-23,여자,20 - 29세,경기도,모바일거래,점퍼·재킷류,부당행위
2024004622,2024-01-23,여자,30 - 39세,서울특별시,일반판매,양복(서양식 의복)세탁,품질(물품/용역)
2024004623,2024-01-23,남자,40 - 49세,경기도,국내온라인거래,비타민제,청약철회
2024004624,2024-01-23,여자,40 - 49세,경기도,국내온라인거래,국외여행,계약해제.해지/위약금
2024004625,2024-01-23,여자,30 - 39세,서울특별시,국내온라인거래,기타사설강습서비스,계약해제.해지/위약금
2024004626,2024-01-23,여자,30 - 39세,경상북도,국내온라인거래,비타민제,청약철회
2024004627,2024-01-23,남자,40 - 49세,광주광역시,방문판매,기타세탁서비스,청약철회
2024004628,2024-01-23,남자,40 - 49세,경기도,국내온라인거래,운동화,청약철회
2024004629,2024-01-23,남자,30 - 39세,경기도,일반판매,사진촬영,계약해제.해지/위약금
2024004630,2024-01-23,여자,40 - 49세,서울특별시,국내온라인거래,비타민제,부당행위
2024004631,2024-01-23,여자,40 - 49세,경기도,국내온라인거래,영양보충용제품,계약불이행(불완전이행)
2024004632,2024-01-23,여자,30 - 39세,대구광역시,일반판매,화장실설비,계약불이행(불완전이행)
2024004633,2024-01-23,남자,30 - 39세,경기도,일반판매,헬스장,계약해제.해지/위약금
2024004634,2024-01-23,여자,30 - 39세,경기도,국내온라인거래,펜션,계약해제.해지/위약금
2024004635,2024-01-23,남자,30 - 39세,충청북도,국내온라인거래,태블릿PC,계약해제.해지/위약금
2024004636,2024-01-23,여자,40 - 49세,경기도,국내온라인거래,니트(스웨터),품질(물품/용역)
2024004637,2024-01-23,남자,30 - 39세,광주광역시,일반판매,예식서비스,청약철회
2024004638,2024-01-23,남자,30 - 39세,경기도,국제온라인거래,녹화음반테이프(비디오카세트LP),품질(물품/용역)
2024004639,2024-01-23,남자,20 - 29세,대구광역시,기타통신판매,기타숙박시설,계약해제.해지/위약금
2024004640,2024-01-23,여자,30 - 39세,서울특별시,일반판매,택배화물운송서비스,품질(물품/용역)
2024004641,2024-01-23,여자,20 - 29세,충청북도,전화권유판매,인터넷교육서비스,계약해제.해지/위약금
2024004642,2024-01-23,여자,30 - 39세,경기도,국내온라인거래,기타의류·섬유,청약철회
2024004643,2024-01-23,남자,40 - 49세,경기도,국내온라인거래,페인트,품질(물품/용역)
2024004644,2024-01-23,여자,40 - 49세,경기도,국내온라인거래,기타가사용품,품질(물품/용역)
2024004645,2024-01-23,남자,30 - 39세,경기도,소셜커머스(쇼핑),국외여행,계약해제.해지/위약금
2024004646,2024-01-23,남자,50 - 59세,서울특별시,국내온라인거래,사다리,청약철회
2024004647,2024-01-23,여자,30 - 39세,서울특별시,국내온라인거래,니트(스웨터),청약철회
2024004648,2024-01-23,여자,40 - 49세,서울특별시,국내온라인거래,항공여객운송서비스,가격.요금
2024004649,2024-01-23,여자,30 - 39세,충청남도,기타,사진촬영,품질(물품/용역)
2024004650,2024-01-23,여자,20 - 29세,부산광역시,일반판매,헬스장,계약해제.해지/위약금
2024004651,2024-01-23,여자,30 - 39세,서울특별시,모바일거래,기타관람·감상,청약철회
2024004652,2024-01-23,여자,40 - 49세,경기도,기타,건물청소서비스,계약불이행(불완전이행)
2024004653,2024-01-23,여자,50 - 59세,경상북도,일반판매,기타의류·섬유,부당행위
2024004654,2024-01-23,남자,20 - 29세,경기도,방문판매,포장이사운송서비스,계약불이행(불완전이행)
2024004655,2024-01-23,남자,20 - 29세,부산광역시,일반판매,헬스장,계약해제.해지/위약금
2024004656,2024-01-23,남자,20 - 29세,경기도,모바일거래,기타건강식품,계약불이행(불완전이행)
2024004657,2024-01-23,남자,40 - 49세,대전광역시,모바일거래,점퍼·재킷류,계약불이행(불완전이행)
2024004658,2024-01-24,남자,65 - 69세,경기도,일반판매,바닥재·마루공사,품질(물품/용역)
2024004659,2024-01-24,남자,50 - 59세,경상남도,국내온라인거래,점퍼·재킷류,품질(물품/용역)
2024004662,2024-01-24,여자,40 - 49세,경기도,일반판매,헬스장,계약해제.해지/위약금
2024004663,2024-01-24,여자,50 - 59세,경기도,소셜커머스(쇼핑),전동칫솔,품질(물품/용역)
2024004664,2024-01-24,여자,65 - 69세,충청북도,기타통신판매,포장이사운송서비스,품질(물품/용역)
2024004665,2024-02-01,여자,50 - 59세,서울특별시,국내온라인거래,티셔츠,품질(물품/용역)
2024004666,2024-01-24,남자,30 - 39세,경기도,국내온라인거래,여관(모텔),표시.광고
2024004667,2024-01-24,남자,30 - 39세,인천광역시,모바일거래,사진촬영,계약해제.해지/위약금
2024004668,2024-01-24,남자,30 - 39세,서울특별시,기타,기타미분류서비스,부당행위
2024004669,2024-02-01,여자,30 - 39세,서울특별시,일반판매,양복(서양식 의복)세탁,품질(물품/용역)
2024004670,2024-01-24,여자,20 - 29세,서울특별시,국내온라인거래,기타신발·용품,계약불이행(불완전이행)
2024004671,2024-01-24,남자,40 - 49세,경기도,국내온라인거래,모형완구,계약불이행(불완전이행)
2024004672,2024-01-24,여자,불명,부산광역시,국내온라인거래,보석·귀금속,계약불이행(불완전이행)
2024004677,2024-02-20,여자,40 - 49세,대구광역시,국내온라인거래,숙녀화(구두·부츠 등),품질(물품/용역)
2024004678,2024-01-24,남자,40 - 49세,서울특별시,국내온라인거래,호텔,청약철회
2024004679,2024-01-24,여자,20 - 29세,서울특별시,일반판매,애완고양이,계약해제.해지/위약금
2024004680,2024-02-01,남자,20 - 29세,충청북도,국내온라인거래,니트(스웨터),품질(물품/용역)
2024004682,2024-02-20,남자,40 - 49세,경기도,일반판매,운동화,품질(물품/용역)
2024004683,2024-02-01,여자,30 - 39세,서울특별시,국내온라인거래,기타간편복,품질(물품/용역)
2024004684,2024-01-24,여자,30 - 39세,광주광역시,국내온라인거래,항공여객운송서비스,계약불이행(불완전이행)
2024004686,2024-01-24,여자,30 - 39세,서울특별시,국내온라인거래,모바일정보이용서비스,계약불이행(불완전이행)
2024004687,2024-02-01,남자,40 - 49세,경기도,국내온라인거래,기타간편복,품질(물품/용역)
2024004688,2024-01-24,여자,65 - 69세,서울특별시,일반판매,노트북컴퓨터,거래관행
2024004690,2024-01-24,여자,30 - 39세,경기도,국내온라인거래,기타일반화장품,청약철회
2024004692,2024-01-24,남자,60 - 64세,대전광역시,일반판매,국외여행,계약해제.해지/위약금
2024004694,2024-01-31,남자,50 - 59세,충청남도,일반판매,점퍼·재킷류,품질(물품/용역)
2024004695,2024-01-24,여자,30 - 39세,서울특별시,국내온라인거래,레저시설이용,계약해제.해지/위약금
2024004696,2024-01-24,남자,60 - 64세,서울특별시,국내온라인거래,컴퓨터수리,계약불이행(불완전이행)
2024004697,2024-01-24,여자,30 - 39세,경기도,방문판매,기타이·미용서비스,계약해제.해지/위약금
2024004698,2024-01-24,여자,70 - 79세,충청북도,일반판매,상해보험,계약불이행(불완전이행)
2024004699,2024-01-24,여자,30 - 39세,서울특별시,국내온라인거래,숙녀화(구두·부츠 등),계약불이행(불완전이행)
2024004700,2024-01-24,여자,30 - 39세,경기도,일반판매,헬스장,계약해제.해지/위약금
2024004702,2024-01-24,남자,50 - 59세,경기도,기타통신판매,골프회원권,계약해제.해지/위약금
2024004703,2024-01-24,여자,20 - 29세,인천광역시,일반판매,헬스장,계약해제.해지/위약금
2024004704,2024-01-24,여자,30 - 39세,경기도,일반판매,기타이·미용서비스,계약해제.해지/위약금
2024004705,2024-01-24,남자,30 - 39세,경기도,국내온라인거래,스마트폰,계약불이행(불완전이행)
2024004706,2024-01-24,여자,40 - 49세,부산광역시,일반판매,골프회원권,계약해제.해지/위약금
2024004707,2024-01-24,남자,65 - 69세,경기도,일반판매,헬스장,계약해제.해지/위약금
2024004708,2024-01-24,여자,65 - 69세,서울특별시,전화권유판매,초고속인터넷,계약해제.해지/위약금
2024004709,2024-01-24,남자,20 - 29세,경기도,일반판매,헬스장,계약해제.해지/위약금
2024004710,2024-01-24,여자,60 - 64세,경기도,국내온라인거래,톱,품질(물품/용역)
2024004711,2024-01-24,여자,40 - 49세,경기도,국내온라인거래,원피스,청약철회
2024004712,2024-01-24,여자,40 - 49세,서울특별시,일반판매,"연회서비스(돌잔치,회갑 등)",계약해제.해지/위약금
2024004713,2024-01-24,남자,30 - 39세,경기도,모바일거래,운전강습,계약해제.해지/위약금
2024004714,2024-01-24,여자,30 - 39세,경기도,국내온라인거래,스마트폰,청약철회
2024004715,2024-01-24,여자,50 - 59세,경기도,국내온라인거래,기타가사용품,계약불이행(불완전이행)
2024004716,2024-01-24,남자,불명,충청남도,기타,컴퓨터모니터(데스크탑),품질(물품/용역)
2024004718,2024-01-24,남자,30 - 39세,경기도,일반판매,전자게임기구,품질(물품/용역)
2024004719,2024-01-24,남자,50 - 59세,서울특별시,국내온라인거래,기타사진용품,청약철회
2024004720,2024-01-24,남자,50 - 59세,전라북도,국제온라인거래,호텔,품질(물품/용역)
2024004721,2024-01-24,남자,불명,인천광역시,국내온라인거래,캐주얼바지,계약불이행(불완전이행)
2024004722,2024-02-07,여자,50 - 59세,서울특별시,일반판매,점퍼·재킷류,품질(물품/용역)
2024004723,2024-01-24,여자,20 - 29세,경기도,기타,음식물처리기,AS불만
2024004725,2024-01-24,남자,60 - 64세,전라남도,기타,기타병·의원서비스,품질(물품/용역)
2024004727,2024-01-24,남자,50 - 59세,전라북도,국제온라인거래,항공여객운송서비스,계약해제.해지/위약금
2024004728,2024-01-24,남자,70 - 79세,서울특별시,기타,음식물처리기대여(렌트),계약불이행(불완전이행)
2024004729,2024-01-24,남자,50 - 59세,경기도,일반판매,연금보험,계약불이행(불완전이행)
2024004730,2024-01-24,여자,40 - 49세,울산광역시,국내온라인거래,전기맛사지기,품질(물품/용역)
2024004731,2024-01-24,여자,20 - 29세,전라남도,일반판매,상해보험,계약불이행(불완전이행)
2024004732,2024-01-24,남자,50 - 59세,경기도,일반판매,정형외과,품질(물품/용역)
2024004733,2024-01-24,남자,50 - 59세,서울특별시,일반판매,치과,계약해제.해지/위약금
2024004734,2024-01-24,여자,40 - 49세,경기도,소셜커머스(쇼핑),선박여객운송서비스,계약불이행(불완전이행)
2024004735,2024-01-24,남자,30 - 39세,충청북도,일반판매,예식서비스,계약해제.해지/위약금
2024004736,2024-01-24,여자,30 - 39세,인천광역시,기타통신판매,항공여객운송서비스,청약철회
2024004737,2024-01-24,여자,60 - 64세,인천광역시,국내온라인거래,기타이·미용기구,품질(물품/용역)
2024004738,2024-01-24,남자,30 - 39세,부산광역시,국내온라인거래,기타책상·테이블류,청약철회
2024004739,2024-01-24,여자,50 - 59세,경기도,기타,항공여객운송서비스,가격.요금
2024004740,2024-01-24,남자,50 - 59세,충청남도,모바일거래,보석·귀금속,청약철회
2024004741,2024-01-24,남자,40 - 49세,서울특별시,모바일거래,택배화물운송서비스,품질(물품/용역)
2024004742,2024-02-05,여자,40 - 49세,서울특별시,국내온라인거래,아동복,품질(물품/용역)
2024004743,2024-01-24,남자,불명,경기도,기타,공제보험,부당행위
2024004744,2024-02-01,여자,30 - 39세,서울특별시,일반판매,점퍼·재킷류,품질(물품/용역)
2024004745,2024-01-24,남자,불명,충청남도,모바일거래,헤드폰·이어폰,계약불이행(불완전이행)
2024004746,2024-01-24,여자,20 - 29세,인천광역시,기타통신판매,기타여행,계약해제.해지/위약금
2024004747,2024-01-24,여자,60 - 64세,서울특별시,전화권유판매,음식물처리기대여(렌트),AS불만
2024004748,2024-01-24,여자,40 - 49세,경기도,기타,포장이사운송서비스,품질(물품/용역)
2024004749,2024-02-23,여자,30 - 39세,경기도,국내온라인거래,운동화,품질(물품/용역)
2024004750,2024-01-24,여자,40 - 49세,서울특별시,일반판매,헬스장,계약해제.해지/위약금
2024004751,2024-01-24,여자,30 - 39세,강원특별자치도,국내온라인거래,기타의류·섬유,계약불이행(불완전이행)
2024004752,2024-01-24,여자,40 - 49세,경기도,방문판매,인터넷교육서비스,계약해제.해지/위약금
2024004753,2024-01-24,여자,70 - 79세,경기도,방문판매,우유,계약해제.해지/위약금
2024004754,2024-02-20,여자,50 - 59세,울산광역시,일반판매,신발세탁,계약불이행(불완전이행)
2024004755,2024-01-24,여자,50 - 59세,서울특별시,국내온라인거래,블라우스,청약철회
2024004756,2024-02-20,남자,40 - 49세,강원특별자치도,일반판매,신사화(구두·부츠 등),품질(물품/용역)
2024004758,2024-01-24,남자,30 - 39세,서울특별시,국내온라인거래,기타건강식품,청약철회
2024004759,2024-01-24,여자,70 - 79세,경기도,기타,치과,품질(물품/용역)
2024004760,2024-02-20,남자,40 - 49세,강원특별자치도,일반판매,운동화,품질(물품/용역)
2024004761,2024-01-24,여자,60 - 64세,경기도,일반판매,건강(암·기타질병)보험,계약불이행(불완전이행)
2024004762,2024-01-24,남자,30 - 39세,경기도,소셜커머스(쇼핑),쇠고기,청약철회
2024004763,2024-02-20,남자,50 - 59세,인천광역시,일반판매,운동화,품질(물품/용역)
2024004764,2024-02-20,여자,20 - 29세,서울특별시,일반판매,운동화,품질(물품/용역)
2024004765,2024-01-24,남자,50 - 59세,서울특별시,국내온라인거래,점퍼·재킷류,청약철회
2024004766,2024-02-20,여자,40 - 49세,광주광역시,국내온라인거래,등산화,품질(물품/용역)
2024004767,2024-01-24,여자,70 - 79세,인천광역시,일반판매,스마트폰,품질(물품/용역)
2024004768,2024-01-24,여자,20 - 29세,서울특별시,국내온라인거래,호텔,계약해제.해지/위약금
2024004769,2024-01-24,남자,50 - 59세,서울특별시,국내온라인거래,실손보험,계약불이행(불완전이행)
2024004770,2024-01-24,여자,40 - 49세,인천광역시,국내온라인거래,냉장고,AS불만
2024004771,2024-01-24,여자,20 - 29세,경기도,국내온라인거래,애완동·식물용품,청약철회
2024004772,2024-02-20,남자,40 - 49세,광주광역시,국내온라인거래,운동화,품질(물품/용역)
2024004773,2024-01-24,남자,40 - 49세,경기도,국내온라인거래,인터넷정보이용서비스,부당행위
2024004774,2024-01-24,남자,30 - 39세,경기도,국내온라인거래,묘목·모종,청약철회
2024004775,2024-01-24,남자,50 - 59세,부산광역시,일반판매,점퍼·재킷류,품질(물품/용역)
2024004776,2024-01-24,여자,30 - 39세,경기도,일반판매,헤드폰·이어폰,청약철회
2024004777,2024-01-24,남자,65 - 69세,충청북도,국내온라인거래,김치냉장고,청약철회
2024004778,2024-01-24,여자,40 - 49세,서울특별시,일반판매,각종자격취득강습,계약해제.해지/위약금
2024004779,2024-01-24,여자,30 - 39세,서울특별시,국내온라인거래,비타민제,청약철회
2024004780,2024-01-24,여자,40 - 49세,경기도,소셜커머스(쇼핑),기타신발·용품,계약해제.해지/위약금
2024004781,2024-01-24,여자,20 - 29세,서울특별시,일반판매,헬스장,계약해제.해지/위약금
2024004782,2024-01-24,남자,50 - 59세,전라북도,기타통신판매,기타미분류서비스,청약철회
2024004783,2024-01-24,여자,60 - 64세,충청남도,일반판매,상해보험,계약불이행(불완전이행)
2024004784,2024-01-24,남자,50 - 59세,서울특별시,국내온라인거래,TV,청약철회
2024004785,2024-01-24,여자,50 - 59세,경기도,기타통신판매,정수기대여(렌트),계약불이행(불완전이행)
2024004786,2024-01-24,여자,50 - 59세,경상남도,국내온라인거래,기타가구,표시.광고
2024004787,2024-01-31,여자,20 - 29세,서울특별시,국내온라인거래,니트(스웨터),품질(물품/용역)
2024004788,2024-01-24,남자,50 - 59세,광주광역시,국내온라인거래,기타자전거용품,표시.광고
2024004789,2024-01-24,여자,20 - 29세,경기도,모바일거래,헤드폰·이어폰,청약철회
2024004790,2024-01-24,여자,50 - 59세,경기도,일반판매,헬스장,청약철회
2024004791,2024-01-24,여자,20 - 29세,경기도,방문판매,헬스장,계약해제.해지/위약금
2024004792,2024-01-24,여자,40 - 49세,전라북도,일반판매,미용서비스,품질(물품/용역)
2024004793,2024-01-24,여자,40 - 49세,부산광역시,일반판매,침대,품질(물품/용역)
2024004794,2024-01-24,남자,40 - 49세,경기도,일반판매,버스여객운송서비스,안전(제품/시설)
2024004795,2024-01-24,여자,30 - 39세,경기도,기타,운동화,품질(물품/용역)
2024004796,2024-01-24,여자,20 - 29세,경기도,국제온라인거래,애완동·식물용품,계약불이행(불완전이행)
2024004797,2024-01-24,여자,30 - 39세,대구광역시,국내온라인거래,전기장판,품질(물품/용역)
2024004798,2024-01-24,여자,20 - 29세,경기도,국내온라인거래,니트(스웨터),청약철회
2024004799,2024-01-24,여자,40 - 49세,경기도,전화권유판매,학습지,청약철회
2024004800,2024-01-24,남자,60 - 64세,서울특별시,국내온라인거래,헤드폰·이어폰,청약철회
2024004801,2024-01-24,여자,40 - 49세,전라북도,국내온라인거래,피난용구,계약해제.해지/위약금
2024004802,2024-01-24,남자,40 - 49세,인천광역시,기타,아파트,AS불만
2024004803,2024-01-24,여자,40 - 49세,경기도,모바일거래,영양보충용제품,청약철회
2024004804,2024-01-24,여자,30 - 39세,부산광역시,국내온라인거래,비타민제,계약불이행(불완전이행)
2024004805,2024-01-24,남자,20 - 29세,서울특별시,일반판매,기타미분류서비스,청약철회
2024004806,2024-01-24,여자,30 - 39세,경기도,일반판매,미용서비스,계약불이행(불완전이행)
2024004807,2024-01-24,남자,40 - 49세,대구광역시,국내온라인거래,호텔,계약해제.해지/위약금
2024004808,2024-01-24,남자,40 - 49세,충청남도,국내온라인거래,등산화,계약불이행(불완전이행)
2024004809,2024-01-24,남자,30 - 39세,인천광역시,국내온라인거래,항공여객운송서비스,가격.요금
2024004810,2024-01-24,여자,30 - 39세,서울특별시,국내온라인거래,캐주얼바지,청약철회
2024004811,2024-01-24,여자,30 - 39세,경기도,방문판매,학습지,청약철회
2024004812,2024-01-24,여자,30 - 39세,경기도,일반판매,헬스장,계약해제.해지/위약금
2024004813,2024-01-24,여자,30 - 39세,서울특별시,국내온라인거래,카펫,청약철회
2024004814,2024-01-24,남자,30 - 39세,울산광역시,기타통신판매,매트,계약불이행(불완전이행)
2024004815,2024-01-24,남자,30 - 39세,인천광역시,국내온라인거래,각종공연관람,계약해제.해지/위약금
2024004816,2024-01-24,여자,40 - 49세,서울특별시,일반판매,필라테스,계약해제.해지/위약금
2024004817,2024-01-24,여자,20 - 29세,경기도,일반판매,헬스장,계약해제.해지/위약금
2024004818,2024-01-24,여자,30 - 39세,경기도,일반판매,필라테스,계약불이행(불완전이행)
2024004819,2024-01-24,남자,20 - 29세,경기도,국내온라인거래,헤드폰·이어폰,청약철회
2024004820,2024-01-24,남자,30 - 39세,인천광역시,국내온라인거래,헤드폰·이어폰,계약불이행(불완전이행)
2024004821,2024-01-24,여자,50 - 59세,광주광역시,일반판매,변호서비스,계약해제.해지/위약금
2024004822,2024-01-24,남자,30 - 39세,서울특별시,국내온라인거래,남자용내의류,청약철회
2024004823,2024-01-24,여자,30 - 39세,서울특별시,국내온라인거래,항공여객운송서비스,가격.요금
2024004824,2024-01-24,여자,40 - 49세,서울특별시,국내온라인거래,비타민제,청약철회
2024004825,2024-01-24,여자,40 - 49세,경기도,일반판매,국외캠프,계약해제.해지/위약금
2024004826,2024-01-24,여자,40 - 49세,서울특별시,국제온라인거래,항공여객운송서비스,가격.요금
2024004827,2024-01-24,남자,30 - 39세,부산광역시,방문판매,돼지고기포장육,부당행위
2024004828,2024-01-24,남자,30 - 39세,서울특별시,국내온라인거래,비타민제,계약불이행(불완전이행)
2024004829,2024-01-24,여자,10세 미만,경기도,일반판매,기타미분류서비스,계약해제.해지/위약금
2024004830,2024-01-24,남자,65 - 69세,인천광역시,국내온라인거래,기타매체광고,계약불이행(불완전이행)
2024004831,2024-01-24,여자,40 - 49세,경기도,방문판매,건물청소서비스,품질(물품/용역)
2024004832,2024-01-24,여자,30 - 39세,전라북도,국내온라인거래,기타가방,계약불이행(불완전이행)
2024004833,2024-01-24,남자,50 - 59세,경상남도,국내온라인거래,기타가구,품질(물품/용역)
2024004834,2024-01-24,남자,30 - 39세,경기도,국내온라인거래,응접테이블,품질(물품/용역)
2024004835,2024-01-24,여자,30 - 39세,대구광역시,기타,기타예식관련서비스,청약철회
2024004836,2024-01-24,여자,20 - 29세,부산광역시,국내온라인거래,기타의류·섬유,계약불이행(불완전이행)
2024004837,2024-01-24,여자,40 - 49세,부산광역시,국내온라인거래,숙녀화(구두·부츠 등),계약불이행(불완전이행)
2024004838,2024-01-24,여자,40 - 49세,경기도,국내온라인거래,비타민제,계약불이행(불완전이행)
2024004839,2024-01-24,남자,50 - 59세,대구광역시,국내온라인거래,항공화물운송서비스,부당행위
2024004840,2024-01-24,여자,40 - 49세,경기도,일반판매,음식물처리기,품질(물품/용역)
2024004841,2024-01-24,여자,30 - 39세,충청남도,국내온라인거래,동물약품,품질(물품/용역)
2024004842,2024-01-24,여자,30 - 39세,서울특별시,국내온라인거래,영양보충용제품,청약철회
2024004843,2024-01-24,여자,30 - 39세,경기도,모바일거래,콘도,계약해제.해지/위약금
2024004844,2024-01-24,여자,40 - 49세,세종특별자치시,국내온라인거래,헤드폰·이어폰,청약철회
2024004845,2024-01-24,남자,20 - 29세,광주광역시,일반판매,기타신발·용품,청약철회
2024004846,2024-01-24,여자,30 - 39세,경기도,일반판매,헬스장,계약해제.해지/위약금
2024004847,2024-01-24,남자,70 - 79세,부산광역시,기타통신판매,이동전화서비스,계약불이행(불완전이행)
2024004848,2024-01-24,여자,30 - 39세,서울특별시,일반판매,헬스장,청약철회
2024004849,2024-01-24,여자,30 - 39세,서울특별시,방문판매,헬스장,계약해제.해지/위약금
2024004850,2024-01-24,남자,50 - 59세,대구광역시,일반판매,스마트폰,AS불만
2024004851,2024-01-24,남자,50 - 59세,충청북도,국내온라인거래,전기맛사지기,AS불만
2024004852,2024-01-24,여자,30 - 39세,경상북도,국내온라인거래,국외여행,계약불이행(불완전이행)
2024004853,2024-01-24,여자,30 - 39세,경기도,국내온라인거래,국외여행,계약불이행(불완전이행)
2024004854,2024-01-24,여자,30 - 39세,경상남도,일반판매,공중목욕탕,계약해제.해지/위약금
2024004855,2024-01-24,여자,40 - 49세,경기도,국내온라인거래,기타식품류,표시.광고
2024004856,2024-01-24,여자,30 - 39세,경기도,모바일거래,사진촬영,부당행위
2024004857,2024-01-24,남자,20 - 29세,경기도,국내온라인거래,인터넷교육서비스,계약해제.해지/위약금
2024004858,2024-01-24,여자,30 - 39세,경기도,일반판매,빵,품질(물품/용역)
2024004859,2024-01-24,남자,30 - 39세,경기도,일반판매,공업용기계,계약불이행(불완전이행)
2024004860,2024-01-24,남자,40 - 49세,인천광역시,일반판매,레포츠장비대여(렌트),부당행위
2024004861,2024-01-24,남자,30 - 39세,경기도,국내온라인거래,기타건강식품,계약불이행(불완전이행)
2024004862,2024-01-24,여자,40 - 49세,세종특별자치시,국내온라인거래,항공여객운송서비스,청약철회
2024004863,2024-01-24,여자,40 - 49세,경기도,국내온라인거래,기타일반화장품,계약불이행(불완전이행)
2024004864,2024-01-24,남자,30 - 39세,서울특별시,일반판매,각종자격취득강습,계약해제.해지/위약금
2024004865,2024-01-24,여자,30 - 39세,경기도,일반판매,침대·매트리스대여(렌트),청약철회
2024004866,2024-01-24,여자,30 - 39세,서울특별시,일반판매,요가,계약해제.해지/위약금
2024004867,2024-01-24,남자,40 - 49세,경기도,일반판매,기타주방설비,품질(물품/용역)
2024004868,2024-01-24,여자,20 - 29세,경기도,국내온라인거래,국외여행,품질(물품/용역)
2024004869,2024-01-24,여자,30 - 39세,서울특별시,소셜커머스(쇼핑),분유,품질(물품/용역)
2024004870,2024-01-24,여자,30 - 39세,대전광역시,일반판매,사진촬영,계약불이행(불완전이행)
2024004871,2024-01-24,여자,30 - 39세,서울특별시,일반판매,헬스장,계약해제.해지/위약금
2024004872,2024-01-24,남자,30 - 39세,서울특별시,기타,기타건강식품,품질(물품/용역)
2024004873,2024-01-24,여자,20 - 29세,서울특별시,기타,기타미분류서비스,계약해제.해지/위약금
2024004874,2024-01-24,여자,30 - 39세,경기도,일반판매,미용서비스,계약해제.해지/위약금
2024004875,2024-01-24,여자,40 - 49세,경기도,일반판매,PDA단말기,계약해제.해지/위약금
2024004876,2024-01-24,남자,30 - 39세,경기도,일반판매,헬스장,계약해제.해지/위약금
2024004877,2024-01-24,남자,40 - 49세,부산광역시,국내온라인거래,TV,청약철회
2024004878,2024-01-24,여자,20 - 29세,서울특별시,방문판매,국내결혼중개,청약철회
2024004879,2024-01-24,여자,40 - 49세,서울특별시,국내온라인거래,비타민제,계약불이행(불완전이행)
2024004880,2024-01-24,남자,40 - 49세,서울특별시,TV홈쇼핑,호텔,계약해제.해지/위약금
2024004881,2024-01-24,여자,20 - 29세,서울특별시,국내온라인거래,인쇄서비스,청약철회
2024004882,2024-01-24,여자,30 - 39세,대구광역시,기타,건물청소서비스,계약불이행(불완전이행)
2024004883,2024-01-24,남자,30 - 39세,경상북도,기타통신판매,스마트폰,청약철회
2024004884,2024-01-24,여자,30 - 39세,전라북도,국내온라인거래,스포츠웨어,청약철회
2024004885,2024-01-24,여자,30 - 39세,인천광역시,일반판매,기타회원권,계약해제.해지/위약금
2024004887,2024-01-25,남자,불명,서울특별시,국내온라인거래,기타식품류,청약철회
2024004889,2024-01-25,남자,30 - 39세,서울특별시,국내온라인거래,헤드폰·이어폰,계약해제.해지/위약금
2024004890,2024-01-25,남자,40 - 49세,인천광역시,국내온라인거래,점퍼·재킷류,계약불이행(불완전이행)
2024004891,2024-01-25,남자,30 - 39세,서울특별시,국내온라인거래,헤드폰·이어폰,계약해제.해지/위약금
2024004893,2024-01-25,여자,20 - 29세,경기도,국내온라인거래,헤드폰·이어폰,청약철회
2024004894,2024-01-25,남자,30 - 39세,경기도,소셜커머스(쇼핑),점퍼·재킷류,계약해제.해지/위약금
2024004895,2024-01-25,여자,30 - 39세,서울특별시,모바일거래,니트(스웨터),청약철회
2024004896,2024-01-25,남자,30 - 39세,경기도,일반판매,자동차대여(렌트),계약불이행(불완전이행)
2024004897,2024-01-25,남자,30 - 39세,경기도,국내온라인거래,호텔,품질(물품/용역)
2024004898,2024-01-25,남자,30 - 39세,경기도,모바일거래,헤드폰·이어폰,계약해제.해지/위약금
2024004899,2024-01-25,여자,40 - 49세,경기도,방문판매,우물펌프,품질(물품/용역)
2024004900,2024-01-25,남자,30 - 39세,경기도,일반판매,자동차세차,품질(물품/용역)
2024004902,2024-01-25,여자,40 - 49세,부산광역시,국내온라인거래,숙녀화(구두·부츠 등),청약철회
2024004903,2024-01-25,남자,30 - 39세,서울특별시,국내온라인거래,시계,계약불이행(불완전이행)
2024004904,2024-01-25,남자,30 - 39세,서울특별시,국내온라인거래,기타건강식품,계약해제.해지/위약금
2024004906,2024-01-25,여자,30 - 39세,서울특별시,국내온라인거래,와이퍼,계약불이행(불완전이행)
2024004908,2024-02-20,여자,20 - 29세,대전광역시,일반판매,신발세탁,품질(물품/용역)
2024004909,2024-01-25,남자,70 - 79세,인천광역시,국내온라인거래,기타자동차부품,계약불이행(불완전이행)
2024004910,2024-01-25,여자,20 - 29세,서울특별시,국내온라인거래,호텔,계약해제.해지/위약금
2024004911,2024-02-20,여자,50 - 59세,인천광역시,일반판매,운동화,품질(물품/용역)
2024004912,2024-02-20,여자,50 - 59세,전라북도,국내온라인거래,숙녀화(구두·부츠 등),품질(물품/용역)
2024004913,2024-01-25,여자,40 - 49세,서울특별시,국내온라인거래,쇠고기,청약철회
2024004914,2024-01-25,남자,30 - 39세,서울특별시,일반판매,자동차수리·점검,품질(물품/용역)
2024004915,2024-01-25,여자,40 - 49세,대전광역시,국내온라인거래,카메라,청약철회
2024004916,2024-02-20,남자,30 - 39세,대전광역시,모바일거래,운동화,품질(물품/용역)
2024004918,2024-01-25,여자,50 - 59세,경기도,국내온라인거래,호텔,계약해제.해지/위약금
2024004919,2024-01-25,남자,70 - 79세,경기도,일반판매,차량네비게이션(자동항법장치),계약불이행(불완전이행)
2024004920,2024-02-01,여자,20 - 29세,서울특별시,소셜커머스(쇼핑),점퍼·재킷류,품질(물품/용역)
2024004921,2024-01-25,여자,30 - 39세,경기도,기타통신판매,자동차대여(렌트),계약불이행(불완전이행)
2024004923,2024-01-25,여자,40 - 49세,서울특별시,일반판매,미용서비스,청약철회
2024004926,2024-01-25,남자,60 - 64세,경기도,일반판매,항공여객운송서비스,계약불이행(불완전이행)
2024004927,2024-01-25,남자,(미입력),서울특별시,기타통신판매,국내결혼중개,계약해제.해지/위약금
2024004929,2024-01-25,남자,40 - 49세,울산광역시,일반판매,기타인테리어설비,계약불이행(불완전이행)
2024004930,2024-01-25,남자,30 - 39세,충청북도,국내온라인거래,점퍼·재킷류,계약불이행(불완전이행)
2024004931,2024-01-25,여자,40 - 49세,서울특별시,모바일거래,필라테스,계약해제.해지/위약금
2024004932,2024-01-25,여자,30 - 39세,부산광역시,국내온라인거래,기타약품,계약해제.해지/위약금
2024004933,2024-01-25,여자,40 - 49세,서울특별시,국내온라인거래,호텔,거래관행
2024004934,2024-01-25,여자,30 - 39세,경기도,일반판매,필라테스,계약해제.해지/위약금
2024004936,2024-01-25,남자,30 - 39세,경기도,국내온라인거래,헤드폰·이어폰,청약철회
2024004937,2024-01-25,남자,65 - 69세,인천광역시,일반판매,TV,품질(물품/용역)
2024004938,2024-01-25,남자,불명,서울특별시,국내온라인거래,시계,품질(물품/용역)
2024004940,2024-01-25,여자,30 - 39세,경기도,국내온라인거래,비타민제,계약불이행(불완전이행)
2024004941,2024-01-25,여자,40 - 49세,경기도,국내온라인거래,숙녀화(구두·부츠 등),계약해제.해지/위약금
2024004942,2024-01-25,남자,50 - 59세,경기도,기타통신판매,유사투자자문,계약해제.해지/위약금
2024004943,2024-01-25,여자,70 - 79세,경상남도,기타통신판매,점퍼·재킷류,청약철회
2024004944,2024-01-25,여자,60 - 64세,부산광역시,일반판매,실손보험,계약불이행(불완전이행)
2024004946,2024-01-25,남자,50 - 59세,충청남도,방문판매,경비·관리서비스,계약해제.해지/위약금
2024004947,2024-01-25,남자,60 - 64세,경기도,방문판매,경비·관리서비스,청약철회
2024004948,2024-01-25,여자,40 - 49세,경기도,소셜커머스(쇼핑),숙녀화(구두·부츠 등),청약철회
2024004949,2024-01-25,여자,65 - 69세,서울특별시,일반판매,싱크대,거래관행
2024004950,2024-01-25,남자,20 - 29세,충청북도,전화권유판매,기타건강식품,계약불이행(불완전이행)
2024004951,2024-01-25,남자,40 - 49세,경기도,일반판매,중고자동차중개·매매,부당행위
2024004952,2024-01-25,남자,30 - 39세,서울특별시,국내온라인거래,침대,품질(물품/용역)
2024004953,2024-01-25,여자,60 - 64세,경기도,전화권유판매,유사투자자문,계약해제.해지/위약금
2024004954,2024-01-25,남자,40 - 49세,부산광역시,일반판매,대형승용자동차,AS불만
2024004955,2024-01-25,여자,40 - 49세,서울특별시,모바일거래,숙녀화(구두·부츠 등),계약해제.해지/위약금
2024004956,2024-01-25,남자,20 - 29세,경기도,국내온라인거래,점퍼·재킷류,계약불이행(불완전이행)
2024004957,2024-01-25,여자,50 - 59세,대구광역시,국내온라인거래,음식물처리기,AS불만
2024004958,2024-01-25,여자,40 - 49세,경상남도,일반판매,건강(암·기타질병)보험,계약불이행(불완전이행)
2024004959,2024-01-25,남자,30 - 39세,대구광역시,기타,이동전화서비스,부당행위
2024004960,2024-01-25,남자,40 - 49세,부산광역시,국내온라인거래,기타건강식품,청약철회
2024004961,2024-01-25,여자,50 - 59세,부산광역시,일반판매,중형승용자동차,품질(물품/용역)
2024004962,2024-02-07,남자,50 - 59세,경기도,일반판매,캐주얼바지,품질(물품/용역)
2024004963,2024-01-25,여자,불명,경기도,일반판매,중형승용자동차,품질(물품/용역)
2024004964,2024-01-25,남자,30 - 39세,서울특별시,국내온라인거래,헤드폰·이어폰,청약철회
2024004966,2024-01-25,여자,30 - 39세,경기도,일반판매,아파트,품질(물품/용역)
2024004967,2024-01-25,남자,60 - 64세,경기도,기타,비뇨의학과,품질(물품/용역)
2024004968,2024-02-20,남자,40 - 49세,서울특별시,일반판매,운동화,품질(물품/용역)
2024004970,2024-01-25,여자,30 - 39세,경기도,소셜커머스(쇼핑),신유형상품권,계약해제.해지/위약금
2024004971,2024-01-25,여자,50 - 59세,경기도,전화권유판매,유사투자자문,계약해제.해지/위약금
2024004972,2024-01-25,여자,40 - 49세,경기도,기타통신판매,숙녀화(구두·부츠 등),청약철회
2024004975,2024-01-25,여자,30 - 39세,서울특별시,국내온라인거래,헤드폰·이어폰,계약해제.해지/위약금
2024004976,2024-01-25,남자,60 - 64세,세종특별자치시,일반판매,헤드폰·이어폰,품질(물품/용역)
2024004977,2024-01-25,여자,65 - 69세,인천광역시,소셜커머스(쇼핑),TV,청약철회
2024004978,2024-01-25,여자,60 - 64세,경기도,일반판매,컴퓨터수리,계약불이행(불완전이행)
2024004979,2024-01-25,여자,30 - 39세,서울특별시,국내온라인거래,숙녀화(구두·부츠 등),계약해제.해지/위약금
2024004981,2024-01-25,여자,30 - 39세,서울특별시,모바일거래,비타민제,청약철회
2024004982,2024-01-25,여자,20 - 29세,경기도,일반판매,타이어,품질(물품/용역)
2024004983,2024-01-25,남자,50 - 59세,서울특별시,소셜커머스(쇼핑),모니터,청약철회
2024004984,2024-01-25,남자,불명,경상남도,국내온라인거래,기타컴퓨터·주변기기,계약불이행(불완전이행)
2024004985,2024-01-25,여자,30 - 39세,경기도,기타,택배화물운송서비스,품질(물품/용역)
2024004986,2024-01-25,남자,50 - 59세,경기도,일반판매,중고자동차중개·매매,AS불만
2024004987,2024-01-25,여자,40 - 49세,서울특별시,국내온라인거래,숙녀화(구두·부츠 등),계약불이행(불완전이행)
2024004989,2024-01-25,남자,60 - 64세,대구광역시,소셜커머스(쇼핑),전기세탁기,품질(물품/용역)
2024004990,2024-01-25,여자,40 - 49세,서울특별시,국내온라인거래,기타가사용품,계약불이행(불완전이행)
2024004991,2024-01-25,남자,30 - 39세,인천광역시,방문판매,기타매체광고,계약불이행(불완전이행)
2024004993,2024-01-25,여자,50 - 59세,경기도,국내온라인거래,의자,청약철회
2024004994,2024-01-25,여자,60 - 64세,부산광역시,일반판매,건강(암·기타질병)보험,계약불이행(불완전이행)
2024004995,2024-01-25,여자,50 - 59세,경기도,국내온라인거래,유사투자자문,계약해제.해지/위약금
2024004996,2024-01-25,남자,20 - 29세,경기도,국제온라인거래,기타컴퓨터·주변기기,품질(물품/용역)
2024004997,2024-01-25,여자,40 - 49세,경기도,일반판매,포장이사운송서비스,거래관행
2024004998,2024-01-25,여자,30 - 39세,전라남도,국내온라인거래,기타문화용품,청약철회
2024004999,2024-01-25,여자,40 - 49세,서울특별시,국내온라인거래,다이어트식품,계약불이행(불완전이행)
2024005000,2024-01-25,여자,20 - 29세,인천광역시,기타통신판매,주전자,청약철회
2024005001,2024-01-25,여자,40 - 49세,대구광역시,일반판매,기타이·미용서비스,거래관행
2024005002,2024-01-25,남자,70 - 79세,인천광역시,TV홈쇼핑,기타건강식품,계약해제.해지/위약금
2024005003,2024-01-25,여자,70 - 79세,서울특별시,국내온라인거래,숙녀화(구두·부츠 등),청약철회
2024005005,2024-01-25,여자,30 - 39세,서울특별시,소셜커머스(쇼핑),TV,계약불이행(불완전이행)
2024005006,2024-01-25,남자,불명,경상북도,국내온라인거래,국외여행,부당행위
2024005007,2024-01-25,남자,40 - 49세,서울특별시,국내온라인거래,기타의자류,청약철회
2024005008,2024-01-25,여자,20 - 29세,광주광역시,일반판매,기타이·미용서비스,계약해제.해지/위약금
2024005009,2024-01-25,여자,20 - 29세,경기도,국내온라인거래,비타민제,계약불이행(불완전이행)
2024005010,2024-01-25,여자,60 - 64세,서울특별시,일반판매,기타인테리어설비,계약불이행(불완전이행)
2024005012,2024-01-25,여자,30 - 39세,서울특별시,국내온라인거래,각종공연관람,계약해제.해지/위약금
2024005013,2024-01-25,여자,50 - 59세,경기도,국내온라인거래,화장품세트,계약불이행(불완전이행)
2024005014,2024-01-25,남자,50 - 59세,서울특별시,기타통신판매,상조서비스,부당채권추심
2024005015,2024-01-25,여자,40 - 49세,부산광역시,일반판매,화장품세트,계약불이행(불완전이행)
2024005016,2024-01-25,여자,20 - 29세,서울특별시,국내온라인거래,비타민제,계약불이행(불완전이행)
2024005017,2024-01-25,남자,70 - 79세,울산광역시,일반판매,국외여행,계약해제.해지/위약금
2024005018,2024-01-25,여자,30 - 39세,대전광역시,기타,사진촬영,부당행위
2024005019,2024-01-25,남자,불명,경상남도,국내온라인거래,전기진공청소기,계약불이행(불완전이행)
2024005020,2024-01-25,여자,20 - 29세,제주도,국내온라인거래,비타민제,계약불이행(불완전이행)
2024005022,2024-01-25,남자,불명,서울특별시,기타,안마의자,AS불만
2024005023,2024-01-25,남자,20 - 29세,인천광역시,국내온라인거래,헤드폰·이어폰,계약불이행(불완전이행)
2024005024,2024-01-25,여자,20 - 29세,서울특별시,국내온라인거래,헤드폰·이어폰,계약불이행(불완전이행)
2024005026,2024-01-25,여자,30 - 39세,서울특별시,소셜커머스(쇼핑),숙녀화(구두·부츠 등),계약불이행(불완전이행)
2024005027,2024-01-25,여자,20 - 29세,제주도,전화권유판매,인터넷교육서비스,청약철회
2024005028,2024-01-25,여자,불명,경기도,국내온라인거래,방향제,청약철회
2024005029,2024-01-25,남자,30 - 39세,경기도,모바일거래,스마트폰,청약철회
2024005030,2024-01-25,남자,불명,경기도,모바일거래,비타민제,청약철회
2024005031,2024-01-25,남자,30 - 39세,충청북도,국내온라인거래,모바일게임서비스,부당행위
2024005032,2024-01-25,남자,60 - 64세,서울특별시,국내온라인거래,운동화,청약철회
2024005033,2024-01-25,여자,30 - 39세,경상남도,기타,기타미분류서비스,AS불만
2024005034,2024-01-25,여자,20 - 29세,대전광역시,방문판매,헬스장,계약해제.해지/위약금
2024005035,2024-01-25,남자,50 - 59세,경기도,기타,필라테스,계약해제.해지/위약금
2024005036,2024-01-25,여자,20 - 29세,서울특별시,국내온라인거래,헤드폰·이어폰,청약철회
2024005037,2024-01-25,남자,40 - 49세,부산광역시,모바일거래,미분류컨설팅(자문),계약불이행(불완전이행)
2024005038,2024-01-25,남자,30 - 39세,경상북도,기타,기타식품류,품질(물품/용역)
2024005039,2024-01-25,남자,40 - 49세,서울특별시,일반판매,기타인테리어설비,AS불만
2024005040,2024-01-25,여자,40 - 49세,인천광역시,일반판매,식기세척기,AS불만
2024005041,2024-01-25,남자,50 - 59세,경기도,방문판매,국내결혼중개,계약해제.해지/위약금
2024005042,2024-01-25,남자,30 - 39세,경기도,일반판매,스마트폰,AS불만
2024005043,2024-01-25,남자,20 - 29세,경기도,국내온라인거래,항공여객운송서비스,부당행위
2024005044,2024-01-25,여자,40 - 49세,서울특별시,국내온라인거래,자동차대여(렌트),계약해제.해지/위약금
2024005045,2024-01-25,여자,50 - 59세,경기도,기타,일반강습(입시학원등),계약해제.해지/위약금
2024005046,2024-01-25,여자,30 - 39세,대구광역시,국내온라인거래,기타수선·염색서비스,품질(물품/용역)
2024005047,2024-01-25,여자,30 - 39세,경기도,일반판매,이동전화서비스,계약해제.해지/위약금
2024005048,2024-01-25,여자,30 - 39세,인천광역시,국내온라인거래,칸막이용커튼,품질(물품/용역)
2024005049,2024-01-25,여자,30 - 39세,강원특별자치도,일반판매,기타사진용품,계약해제.해지/위약금
2024005050,2024-01-25,남자,30 - 39세,서울특별시,국내온라인거래,컵,청약철회
2024005051,2024-01-25,남자,20 - 29세,서울특별시,일반판매,헬스장,계약불이행(불완전이행)
2024005052,2024-01-25,여자,30 - 39세,서울특별시,일반판매,헬스장,계약해제.해지/위약금
2024005053,2024-01-25,여자,30 - 39세,경상남도,국내온라인거래,DVD플레이어,계약해제.해지/위약금
2024005054,2024-01-25,남자,40 - 49세,경기도,국내온라인거래,숙녀화(구두·부츠 등),청약철회
2024005055,2024-01-25,여자,40 - 49세,경기도,국내온라인거래,기타채소·채소가공식품,품질(물품/용역)
2024005056,2024-01-25,남자,40 - 49세,서울특별시,국내온라인거래,항공여객운송서비스,계약불이행(불완전이행)
2024005057,2024-01-25,여자,40 - 49세,인천광역시,모바일거래,이동전화서비스,계약불이행(불완전이행)
2024005058,2024-01-25,남자,40 - 49세,경기도,국내온라인거래,국외여행,계약해제.해지/위약금
2024005059,2024-01-25,남자,30 - 39세,인천광역시,소셜커머스(쇼핑),캐주얼바지,청약철회
2024005060,2024-01-25,남자,20 - 29세,경기도,국내온라인거래,기타매체광고,청약철회
2024005061,2024-01-25,남자,30 - 39세,서울특별시,일반판매,헬스장,계약해제.해지/위약금
2024005062,2024-01-25,여자,30 - 39세,경기도,TV홈쇼핑,음식물처리기대여(렌트),AS불만
2024005063,2024-01-25,남자,40 - 49세,인천광역시,일반판매,아파트,표시.광고
2024005064,2024-01-25,여자,30 - 39세,경기도,국내온라인거래,사진촬영,계약불이행(불완전이행)
2024005065,2024-01-25,남자,30 - 39세,서울특별시,국내온라인거래,기타미분류서비스,표시.광고
2024005066,2024-01-25,여자,50 - 59세,경기도,국내온라인거래,기타신변용품,청약철회
2024005067,2024-01-25,남자,40 - 49세,서울특별시,일반판매,초고속인터넷,계약불이행(불완전이행)
2024005068,2024-01-25,여자,20 - 29세,경기도,국내온라인거래,냄비,품질(물품/용역)
2024005069,2024-01-25,여자,20 - 29세,서울특별시,국제온라인거래,항공여객운송서비스,가격.요금
2024005070,2024-01-25,남자,40 - 49세,경기도,일반판매,국내결혼중개,계약해제.해지/위약금
2024005071,2024-01-25,남자,20 - 29세,서울특별시,국내온라인거래,식사배달,계약해제.해지/위약금
2024005072,2024-01-25,남자,50 - 59세,경기도,소셜커머스(쇼핑),전기장판,AS불만
2024005073,2024-01-25,여자,40 - 49세,경상북도,일반판매,기타가구,품질(물품/용역)
2024005074,2024-01-25,여자,30 - 39세,서울특별시,일반판매,모피·모피의류,청약철회
2024005075,2024-01-25,여자,40 - 49세,경기도,일반판매,음식물처리기대여(렌트),계약해제.해지/위약금
2024005076,2024-01-25,남자,40 - 49세,전라남도,국내온라인거래,항공여객운송서비스,부당행위
2024005077,2024-01-25,여자,30 - 39세,경기도,국내온라인거래,숙녀화(구두·부츠 등),계약불이행(불완전이행)
2024005078,2024-01-25,여자,30 - 39세,인천광역시,국내온라인거래,원피스,청약철회
2024005079,2024-01-25,남자,50 - 59세,경기도,기타통신판매,PDA단말기,부당행위
2024005080,2024-01-25,여자,20 - 29세,전라북도,국내온라인거래,코트,청약철회
2024005081,2024-01-25,여자,50 - 59세,충청북도,일반판매,가구세트,AS불만
2024005082,2024-01-25,여자,40 - 49세,경기도,기타,택배화물운송서비스,품질(물품/용역)
2024005083,2024-01-25,남자,50 - 59세,서울특별시,국내온라인거래,이동전화서비스,거래관행
2024005084,2024-01-25,여자,30 - 39세,경상북도,기타,이동전화서비스,부당행위
2024005085,2024-01-25,남자,30 - 39세,서울특별시,국내온라인거래,기타숙박시설,청약철회
2024005086,2024-01-25,남자,30 - 39세,인천광역시,국제온라인거래,탈모제,청약철회
2024005087,2024-01-25,여자,30 - 39세,서울특별시,국내온라인거래,항공여객운송서비스,계약불이행(불완전이행)
2024005088,2024-01-25,남자,30 - 39세,경기도,국내온라인거래,기타스포츠·레저기구·용품,청약철회
2024005089,2024-01-25,여자,30 - 39세,인천광역시,일반판매,피자,계약불이행(불완전이행)
2024005090,2024-01-25,남자,30 - 39세,서울특별시,일반판매,골프회원권,계약해제.해지/위약금
2024005091,2024-01-25,남자,40 - 49세,인천광역시,일반판매,택배화물운송서비스,계약불이행(불완전이행)
2024005092,2024-01-25,남자,40 - 49세,경기도,국제온라인거래,항공여객운송서비스,계약불이행(불완전이행)
2024005093,2024-01-25,남자,20 - 29세,서울특별시,일반판매,헬스장,계약해제.해지/위약금
2024005094,2024-01-25,여자,40 - 49세,대전광역시,국내온라인거래,기타교육서비스,계약해제.해지/위약금
2024005095,2024-01-25,여자,20 - 29세,경기도,모바일거래,미용서비스,청약철회
2024005096,2024-01-25,남자,40 - 49세,인천광역시,일반판매,식탁,AS불만
2024005097,2024-01-25,여자,40 - 49세,경기도,국내온라인거래,비타민제,계약불이행(불완전이행)
2024005098,2024-01-25,여자,30 - 39세,인천광역시,일반판매,보석·귀금속,계약해제.해지/위약금
2024005099,2024-01-25,여자,40 - 49세,경상남도,국내온라인거래,기타의류·섬유,청약철회
2024005100,2024-01-25,여자,20 - 29세,경기도,전화권유판매,기타매체광고,계약해제.해지/위약금
2024005101,2024-01-25,여자,20 - 29세,광주광역시,소셜커머스(쇼핑),택배화물운송서비스,계약불이행(불완전이행)
2024005102,2024-01-25,남자,40 - 49세,충청북도,국내온라인거래,기타매체광고,계약해제.해지/위약금
2024005103,2024-01-25,남자,40 - 49세,광주광역시,국내온라인거래,기타금융상품,계약불이행(불완전이행)
2024005104,2024-01-25,여자,30 - 39세,경기도,국내온라인거래,인터넷정보이용서비스,계약해제.해지/위약금
2024005105,2024-01-25,여자,30 - 39세,전라북도,소셜커머스(쇼핑),원피스,청약철회
2024005106,2024-01-25,여자,20 - 29세,서울특별시,국내온라인거래,고시원이용,계약해제.해지/위약금
2024005107,2024-01-25,남자,50 - 59세,경기도,소셜커머스(쇼핑),도어록,청약철회
2024005108,2024-01-25,남자,40 - 49세,경기도,국내온라인거래,소파,품질(물품/용역)
2024005109,2024-01-25,남자,40 - 49세,강원특별자치도,국내온라인거래,통신기기주변장치,청약철회
2024005110,2024-01-25,여자,40 - 49세,경상남도,기타,각종자격취득강습,청약철회
2024005111,2024-01-25,여자,30 - 39세,서울특별시,방문판매,헬스장,계약해제.해지/위약금
2024005112,2024-01-25,여자,40 - 49세,서울특별시,국내온라인거래,기타가방,청약철회
2024005113,2024-01-25,남자,20 - 29세,부산광역시,모바일거래,인터넷정보이용서비스,계약불이행(불완전이행)
2024005114,2024-01-25,남자,30 - 39세,서울특별시,국내온라인거래,기타의류·섬유,청약철회
2024005115,2024-01-25,여자,40 - 49세,제주도,기타,포장이사운송서비스,품질(물품/용역)
2024005116,2024-01-25,남자,30 - 39세,서울특별시,소셜커머스(쇼핑),코트,청약철회
2024005117,2024-01-25,남자,30 - 39세,서울특별시,일반판매,미용서비스,청약철회
2024005118,2024-01-25,여자,40 - 49세,전라남도,국내온라인거래,점퍼·재킷류,청약철회
2024005119,2024-01-25,여자,20 - 29세,서울특별시,방문판매,종합체육시설회원권,계약해제.해지/위약금
2024005120,2024-01-25,여자,30 - 39세,인천광역시,일반판매,의류수선,품질(물품/용역)
2024005121,2024-01-25,여자,30 - 39세,대전광역시,방문판매,헬스장,계약불이행(불완전이행)
2024005122,2024-01-25,남자,40 - 49세,서울특별시,전화권유판매,모바일정보이용서비스,부당행위
2024005123,2024-01-25,남자,60 - 64세,경기도,국내온라인거래,탈모제,부당행위
2024005124,2024-01-25,여자,40 - 49세,충청북도,국제온라인거래,호텔,청약철회
2024005125,2024-01-25,남자,40 - 49세,서울특별시,국내온라인거래,골프회원권,계약해제.해지/위약금
2024005126,2024-01-25,여자,30 - 39세,서울특별시,일반판매,양복(서양식 의복)세탁,가격.요금
2024005127,2024-01-25,여자,40 - 49세,서울특별시,국내온라인거래,빵,청약철회
2024005128,2024-01-25,여자,50 - 59세,전라남도,국제온라인거래,호텔,계약해제.해지/위약금
2024005129,2024-01-25,여자,30 - 39세,서울특별시,국내온라인거래,기타건강식품,청약철회
2024005130,2024-01-25,남자,30 - 39세,경상북도,일반판매,기타의류·섬유,품질(물품/용역)
2024005131,2024-01-25,여자,40 - 49세,경상북도,모바일거래,코트,거래관행
2024005132,2024-01-25,남자,20 - 29세,경기도,국내온라인거래,점퍼·재킷류,품질(물품/용역)
2024005133,2024-01-25,남자,30 - 39세,울산광역시,국내온라인거래,캐주얼바지,계약불이행(불완전이행)
2024005134,2024-01-25,여자,30 - 39세,경기도,일반판매,아파트,AS불만
2024005135,2024-01-25,남자,50 - 59세,경기도,일반판매,골프회원권,계약해제.해지/위약금
2024005136,2024-01-25,여자,50 - 59세,전라남도,기타,음식물처리기,품질(물품/용역)
2024005137,2024-01-25,여자,40 - 49세,경기도,국내온라인거래,기타가사용품,품질(물품/용역)
2024005138,2024-01-25,여자,40 - 49세,경기도,국내온라인거래,기타숙박시설,계약해제.해지/위약금
2024005139,2024-01-25,남자,30 - 39세,서울특별시,국내온라인거래,헤드폰·이어폰,계약불이행(불완전이행)
2024005140,2024-01-25,여자,40 - 49세,경기도,국내온라인거래,캐주얼바지,청약철회
2024005141,2024-01-25,여자,40 - 49세,전라북도,모바일거래,기타의류·섬유,청약철회
2024005142,2024-01-25,여자,60 - 64세,대구광역시,TV홈쇼핑,기타조리기기·기구,품질(물품/용역)
2024005143,2024-01-25,남자,40 - 49세,서울특별시,국내온라인거래,애완동·식물용품,품질(물품/용역)
2024005144,2024-01-25,남자,50 - 59세,부산광역시,기타통신판매,의자,품질(물품/용역)
2024005145,2024-01-25,남자,40 - 49세,경기도,기타통신판매,이동전화서비스,가격.요금
2024005146,2024-01-25,여자,30 - 39세,서울특별시,국내온라인거래,향수,청약철회
2024005147,2024-01-25,여자,30 - 39세,경기도,일반판매,헬스장,계약해제.해지/위약금
2024005148,2024-01-25,여자,20 - 29세,인천광역시,기타통신판매,국외여행,계약해제.해지/위약금
2024005149,2024-01-26,여자,20 - 29세,경기도,국내온라인거래,항공여객운송서비스,청약철회
2024005150,2024-01-26,남자,30 - 39세,경기도,방문판매,의상대여(렌트),계약해제.해지/위약금
2024005151,2024-01-26,여자,30 - 39세,전라남도,일반판매,미용서비스,계약불이행(불완전이행)
2024005152,2024-01-26,여자,40 - 49세,경기도,국내온라인거래,기타건강식품,계약해제.해지/위약금
2024005155,2024-01-26,남자,30 - 39세,경기도,모바일거래,기타건강식품,청약철회
2024005156,2024-01-26,남자,60 - 64세,부산광역시,일반판매,이동전화서비스,무능력자계약
2024005159,2024-01-26,여자,불명,강원특별자치도,일반판매,안마의자대여(렌트),계약해제.해지/위약금
2024005160,2024-01-26,여자,20 - 29세,서울특별시,소셜커머스(쇼핑),운동화,계약불이행(불완전이행)
2024005161,2024-01-26,남자,40 - 49세,서울특별시,국내온라인거래,숙녀화(구두·부츠 등),계약불이행(불완전이행)
2024005162,2024-01-26,여자,40 - 49세,경기도,국내온라인거래,기타육류·육류가공식품,계약해제.해지/위약금
2024005164,2024-01-26,남자,20 - 29세,경기도,일반판매,테니스장스쿼시회원권,계약해제.해지/위약금
2024005165,2024-01-26,여자,40 - 49세,대전광역시,국내온라인거래,자동차대여(렌트),AS불만
2024005166,2024-01-26,여자,30 - 39세,서울특별시,일반판매,숙녀화(구두·부츠 등),계약해제.해지/위약금
2024005167,2024-01-26,여자,60 - 64세,경기도,기타통신판매,건물청소서비스,품질(물품/용역)
2024005168,2024-01-26,여자,30 - 39세,서울특별시,국내온라인거래,먹는샘물,계약불이행(불완전이행)
2024005169,2024-01-26,남자,50 - 59세,광주광역시,일반판매,건강(암·기타질병)보험,계약불이행(불완전이행)
2024005170,2024-01-26,여자,30 - 39세,경기도,방문판매,우유,계약해제.해지/위약금
2024005171,2024-01-26,남자,40 - 49세,강원특별자치도,국내온라인거래,기타가사용품,계약불이행(불완전이행)
2024005172,2024-01-26,남자,40 - 49세,서울특별시,일반판매,기타주택·건물,청약철회
2024005173,2024-01-26,여자,40 - 49세,경기도,기타,정수기대여(렌트),계약해제.해지/위약금
2024005174,2024-01-26,여자,40 - 49세,경기도,일반판매,식탁,품질(물품/용역)
2024005175,2024-01-26,여자,40 - 49세,경기도,국내온라인거래,항공여객운송서비스,계약해제.해지/위약금
2024005176,2024-01-26,여자,30 - 39세,인천광역시,국내온라인거래,통신기기케이스,청약철회
2024005177,2024-01-26,남자,50 - 59세,제주도,국내온라인거래,비타민제,청약철회
2024005178,2024-01-26,남자,40 - 49세,경기도,일반판매,헤드폰·이어폰,계약불이행(불완전이행)
2024005179,2024-01-26,남자,30 - 39세,경기도,방문판매,헬스장,계약해제.해지/위약금
2024005180,2024-01-26,여자,80세이상,서울특별시,일반판매,정수기대여(렌트),계약불이행(불완전이행)
2024005181,2024-01-26,여자,30 - 39세,경기도,일반판매,필라테스,계약해제.해지/위약금
2024005182,2024-01-26,여자,20 - 29세,서울특별시,방문판매,헬스장,계약해제.해지/위약금
2024005183,2024-01-26,여자,30 - 39세,세종특별자치시,일반판매,타일,표시.광고
2024005184,2024-01-26,남자,50 - 59세,경상남도,일반판매,정수기대여(렌트),계약불이행(불완전이행)
2024005185,2024-01-26,여자,40 - 49세,인천광역시,소셜커머스(쇼핑),기타숙박시설,거래관행
2024005186,2024-01-26,여자,30 - 39세,강원특별자치도,국내온라인거래,헤드폰·이어폰,계약불이행(불완전이행)
2024005187,2024-01-26,여자,30 - 39세,경기도,국내온라인거래,신유형상품권,약관
2024005188,2024-01-26,여자,50 - 59세,경기도,국내온라인거래,국외여행,품질(물품/용역)
2024005189,2024-01-26,남자,30 - 39세,광주광역시,일반판매,기타목욕서비스,계약해제.해지/위약금
2024005190,2024-01-26,남자,30 - 39세,경기도,일반판매,자동차수리·점검,품질(물품/용역)
2024005191,2024-01-26,남자,40 - 49세,세종특별자치시,일반판매,식탁,계약불이행(불완전이행)
2024005192,2024-01-26,여자,40 - 49세,경기도,일반판매,전기진공청소기,계약불이행(불완전이행)
2024005193,2024-01-26,여자,70 - 79세,서울특별시,기타통신판매,기타건강식품,계약해제.해지/위약금
2024005194,2024-01-26,여자,60 - 64세,경기도,TV홈쇼핑,보석·귀금속,품질(물품/용역)
2024005195,2024-01-26,여자,(미입력),인천광역시,기타,전동킥보드,부당행위
2024005196,2024-01-26,남자,30 - 39세,경기도,국내온라인거래,플라스틱그릇,계약해제.해지/위약금
2024005197,2024-01-26,남자,30 - 39세,서울특별시,국내온라인거래,텐트,청약철회
2024005198,2024-01-26,남자,20 - 29세,경기도,일반판매,헬스장,계약해제.해지/위약금
2024005199,2024-01-26,남자,65 - 69세,서울특별시,일반판매,골프회원권,계약불이행(불완전이행)
2024005200,2024-01-26,남자,60 - 64세,경상북도,국내온라인거래,TV대,품질(물품/용역)
2024005201,2024-01-26,여자,50 - 59세,경기도,기타,초고속인터넷,계약불이행(불완전이행)
2024005202,2024-01-26,여자,30 - 39세,인천광역시,국내온라인거래,신유형상품권,계약불이행(불완전이행)
2024005203,2024-01-26,남자,30 - 39세,서울특별시,전화권유판매,상조서비스,계약해제.해지/위약금
2024005204,2024-01-26,남자,40 - 49세,서울특별시,일반판매,내과,품질(물품/용역)
2024005206,2024-01-26,여자,30 - 39세,서울특별시,국내온라인거래,기타의류·섬유,청약철회
2024005207,2024-01-26,여자,30 - 39세,경기도,국내온라인거래,점퍼·재킷류,청약철회
2024005208,2024-01-26,남자,50 - 59세,경기도,국내온라인거래,항공여객운송서비스,거래관행
2024005209,2024-01-26,여자,30 - 39세,서울특별시,일반판매,숙녀화(구두·부츠 등),계약해제.해지/위약금
2024005210,2024-01-26,여자,50 - 59세,대전광역시,TV홈쇼핑,소파,품질(물품/용역)
2024005211,2024-01-26,여자,30 - 39세,서울특별시,소셜커머스(쇼핑),신유형상품권,거래관행
2024005212,2024-01-26,여자,20 - 29세,경기도,국내온라인거래,기타조명기기,청약철회
2024005213,2024-01-26,남자,60 - 64세,서울특별시,전화권유판매,유사투자자문,계약불이행(불완전이행)
2024005214,2024-01-26,여자,20 - 29세,서울특별시,일반판매,애완견,계약해제.해지/위약금
2024005215,2024-01-26,남자,40 - 49세,경기도,국내온라인거래,모니터,품질(물품/용역)
2024005216,2024-01-26,남자,30 - 39세,경기도,일반판매,이동전화서비스,청약철회
2024005217,2024-01-26,남자,40 - 49세,경기도,국내온라인거래,탈모제,청약철회
2024005218,2024-01-26,여자,40 - 49세,대구광역시,국내온라인거래,숙녀화(구두·부츠 등),계약불이행(불완전이행)
2024005219,2024-01-26,남자,40 - 49세,경기도,일반판매,가스보일러,AS불만
2024005220,2024-01-26,남자,65 - 69세,충청북도,국내온라인거래,TV,AS불만
2024005221,2024-01-26,여자,60 - 64세,전라북도,기타,화재보험,계약불이행(불완전이행)
2024005222,2024-01-26,여자,70 - 79세,대구광역시,일반판매,믹서기,품질(물품/용역)
2024005223,2024-01-26,여자,30 - 39세,충청북도,일반판매,기타일반화장품,청약철회
2024005224,2024-01-26,여자,50 - 59세,경기도,전화권유판매,유사투자자문,계약해제.해지/위약금
2024005225,2024-01-26,여자,40 - 49세,경기도,소셜커머스(쇼핑),비타민제,계약불이행(불완전이행)
2024005226,2024-01-26,여자,50 - 59세,경기도,노상판매,점퍼·재킷류,청약철회
2024005227,2024-01-26,남자,불명,경기도,일반판매,국외여행,계약불이행(불완전이행)
2024005228,2024-01-26,여자,70 - 79세,서울특별시,일반판매,국내결혼중개,계약해제.해지/위약금
2024005229,2024-01-26,남자,40 - 49세,강원특별자치도,일반판매,국제전화,가격.요금
2024005230,2024-01-26,남자,불명,서울특별시,국내온라인거래,기타숙박시설,계약해제.해지/위약금
2024005231,2024-01-26,여자,40 - 49세,경기도,TV홈쇼핑,정수기대여(렌트),계약해제.해지/위약금
2024005232,2024-01-26,여자,20 - 29세,서울특별시,국내온라인거래,항공여객운송서비스,청약철회
2024005233,2024-01-26,여자,50 - 59세,서울특별시,기타통신판매,기타인테리어설비,AS불만
2024005235,2024-01-26,남자,60 - 64세,경기도,TV홈쇼핑,도어록,청약철회
2024005236,2024-01-26,여자,40 - 49세,충청남도,일반판매,"연회서비스(돌잔치,회갑 등)",부당행위
2024005237,2024-01-26,여자,불명,경상북도,국내온라인거래,헤어드라이어,청약철회
2024005238,2024-01-26,여자,40 - 49세,경기도,국내온라인거래,숙녀화(구두·부츠 등),청약철회
2024005239,2024-01-26,남자,50 - 59세,경기도,일반판매,자동차수리·점검,품질(물품/용역)
2024005240,2024-01-26,여자,20 - 29세,충청남도,기타통신판매,이동전화서비스,약관
2024005241,2024-01-26,여자,30 - 39세,충청남도,방문판매,학습지,계약해제.해지/위약금
2024005242,2024-01-26,남자,불명,서울특별시,일반판매,중형승용자동차,품질(물품/용역)
2024005243,2024-01-26,남자,40 - 49세,부산광역시,국내온라인거래,기타스포츠·레저기구·용품,AS불만
2024005244,2024-01-26,남자,50 - 59세,인천광역시,일반판매,초고속인터넷,부당행위
2024005245,2024-01-26,남자,30 - 39세,해외 및 기타,국제온라인거래,티셔츠,계약불이행(불완전이행)
2024005246,2024-01-26,남자,30 - 39세,서울특별시,일반판매,자동차리스,부당행위
2024005247,2024-02-01,여자,20 - 29세,경기도,국내온라인거래,니트(스웨터),품질(물품/용역)
2024005248,2024-01-26,남자,40 - 49세,경기도,국내온라인거래,스마트폰,계약불이행(불완전이행)
2024005249,2024-01-26,여자,40 - 49세,해외 및 기타,국제온라인거래,기타의류·섬유,계약불이행(불완전이행)
2024005251,2024-01-26,여자,40 - 49세,대전광역시,일반판매,기타매체광고,계약해제.해지/위약금
2024005252,2024-02-01,여자,50 - 59세,서울특별시,국내온라인거래,캐주얼바지,품질(물품/용역)
2024005253,2024-01-26,남자,50 - 59세,충청남도,국내온라인거래,TV,품질(물품/용역)
2024005254,2024-01-26,남자,40 - 49세,제주도,국제온라인거래,기타자동차용품,청약철회
2024005256,2024-01-26,여자,30 - 39세,대전광역시,전화권유판매,유사투자자문,계약해제.해지/위약금
2024005257,2024-02-01,여자,30 - 39세,경기도,일반판매,지갑,품질(물품/용역)
2024005259,2024-01-26,여자,40 - 49세,경기도,기타,국외여행,계약불이행(불완전이행)
2024005260,2024-01-26,남자,50 - 59세,서울특별시,일반판매,스마트폰,품질(물품/용역)
2024005261,2024-01-26,여자,20 - 29세,경기도,일반판매,음식물처리기,AS불만
2024005262,2024-01-26,남자,30 - 39세,서울특별시,국내온라인거래,기타건강식품,계약불이행(불완전이행)
2024005263,2024-01-26,남자,40 - 49세,경상남도,모바일거래,모바일정보이용서비스,표시.광고
2024005264,2024-01-26,남자,50 - 59세,광주광역시,기타통신판매,기타주거관리설비,계약불이행(불완전이행)
2024005265,2024-01-26,여자,30 - 39세,충청남도,방문판매,침대,계약해제.해지/위약금
2024005266,2024-01-26,남자,30 - 39세,서울특별시,국내온라인거래,기타자동차용품,청약철회
2024005267,2024-01-26,여자,20 - 29세,경기도,국제온라인거래,항공여객운송서비스,계약해제.해지/위약금
2024005268,2024-01-26,여자,20 - 29세,강원특별자치도,국내온라인거래,숙녀화(구두·부츠 등),청약철회
2024005270,2024-01-26,여자,30 - 39세,서울특별시,일반판매,국내결혼중개,계약해제.해지/위약금
2024005272,2024-01-26,여자,30 - 39세,서울특별시,모바일거래,숙녀화(구두·부츠 등),계약불이행(불완전이행)
2024005273,2024-01-26,여자,20 - 29세,경상북도,전화권유판매,유사투자자문,청약철회
2024005275,2024-01-26,여자,30 - 39세,부산광역시,기타통신판매,기타가방,계약불이행(불완전이행)
2024005276,2024-01-26,여자,30 - 39세,경기도,모바일거래,숙녀화(구두·부츠 등),청약철회
2024005278,2024-02-20,여자,50 - 59세,경상북도,일반판매,신발세탁,계약불이행(불완전이행)
2024005279,2024-01-26,여자,40 - 49세,부산광역시,국내온라인거래,스포츠웨어,계약불이행(불완전이행)
2024005280,2024-01-26,남자,40 - 49세,경기도,국내온라인거래,호텔,계약불이행(불완전이행)
2024005281,2024-01-26,남자,20 - 29세,경기도,국내온라인거래,캐주얼바지,계약불이행(불완전이행)
2024005283,2024-01-26,남자,30 - 39세,서울특별시,일반판매,스마트폰,AS불만
2024005284,2024-01-26,여자,40 - 49세,인천광역시,일반판매,기타미분류물품,계약불이행(불완전이행)
2024005286,2024-01-26,여자,20 - 29세,경기도,국내온라인거래,헤드폰·이어폰,계약해제.해지/위약금
2024005287,2024-01-26,남자,50 - 59세,경상남도,기타통신판매,정수기대여(렌트),계약불이행(불완전이행)
2024005288,2024-01-26,여자,40 - 49세,전라남도,일반판매,기타이·미용서비스,계약해제.해지/위약금
2024005289,2024-02-20,여자,30 - 39세,서울특별시,기타,신발세탁,계약불이행(불완전이행)
2024005290,2024-01-26,여자,40 - 49세,인천광역시,일반판매,숙녀화(구두·부츠 등),계약해제.해지/위약금
2024005291,2024-01-26,여자,30 - 39세,서울특별시,국내온라인거래,기타가구,표시.광고
2024005292,2024-01-26,남자,50 - 59세,서울특별시,국내온라인거래,수도꼭지,청약철회
2024005293,2024-01-26,남자,30 - 39세,부산광역시,기타,음식물처리기대여(렌트),AS불만
2024005294,2024-01-26,여자,30 - 39세,강원특별자치도,국내온라인거래,기타식품류,계약불이행(불완전이행)
2024005295,2024-01-26,여자,불명,서울특별시,일반판매,미분류컨설팅(자문),계약불이행(불완전이행)
2024005296,2024-02-05,여자,60 - 64세,전라남도,일반판매,점퍼·재킷류,품질(물품/용역)
2024005297,2024-01-26,남자,불명,경기도,모바일거래,기타미분류물품,청약철회
2024005300,2024-02-01,남자,60 - 64세,인천광역시,일반판매,점퍼·재킷류,품질(물품/용역)
2024005301,2024-01-26,여자,30 - 39세,서울특별시,국내온라인거래,숙녀복상의,청약철회
2024005302,2024-01-26,남자,50 - 59세,경기도,국내온라인거래,비타민제,청약철회
2024005401,2024-02-01,여자,20 - 29세,인천광역시,일반판매,양복(서양식 의복)세탁,품질(물품/용역)
2024005502,2024-01-26,여자,50 - 59세,서울특별시,방문판매,포장이사운송서비스,품질(물품/용역)
2024005503,2024-01-26,여자,50 - 59세,인천광역시,전화권유판매,기타매체광고,계약불이행(불완전이행)
2024005601,2024-01-26,남자,40 - 49세,서울특별시,국내온라인거래,각종공연관람,계약해제.해지/위약금
2024005602,2024-01-26,남자,40 - 49세,경기도,국내온라인거래,숙녀화(구두·부츠 등),청약철회
2024005603,2024-01-26,여자,30 - 39세,경기도,기타,다세대주택,부당행위
2024005604,2024-01-26,여자,20 - 29세,서울특별시,소셜커머스(쇼핑),영상게임기,품질(물품/용역)
2024005605,2024-01-26,여자,50 - 59세,경기도,일반판매,변호서비스,계약해제.해지/위약금
2024005606,2024-01-26,여자,30 - 39세,충청북도,국내온라인거래,기타숙박시설,계약불이행(불완전이행)
2024005607,2024-01-26,여자,40 - 49세,경기도,기타,기타주택·건물,계약불이행(불완전이행)
2024005608,2024-01-26,여자,20 - 29세,경기도,일반판매,미용서비스,품질(물품/용역)
2024005609,2024-01-26,여자,20 - 29세,경기도,일반판매,헬스장,계약해제.해지/위약금
2024005610,2024-01-26,여자,30 - 39세,광주광역시,TV홈쇼핑,음식물처리기대여(렌트),계약해제.해지/위약금
2024005611,2024-01-26,여자,30 - 39세,경기도,방문판매,기타방문·통신교육서비스,가격.요금
2024005612,2024-01-26,남자,30 - 39세,경기도,전화권유판매,정수기대여(렌트),청약철회
2024005613,2024-01-26,여자,40 - 49세,충청북도,국내온라인거래,다이어트식품,계약불이행(불완전이행)
2024005614,2024-01-26,여자,40 - 49세,서울특별시,일반판매,헬스장,계약해제.해지/위약금
2024005615,2024-01-26,여자,20 - 29세,부산광역시,국내온라인거래,기타알선·중개·번역서비스,AS불만
2024005616,2024-01-26,여자,20 - 29세,세종특별자치시,모바일거래,다이어트식품,청약철회
2024005617,2024-01-26,여자,20 - 29세,서울특별시,일반판매,용달화물서비스,계약불이행(불완전이행)
2024005618,2024-01-26,남자,70 - 79세,서울특별시,국내온라인거래,기타숙박시설,가격.요금
2024005619,2024-01-26,여자,20 - 29세,서울특별시,일반판매,헬스장,계약해제.해지/위약금
2024005620,2024-01-26,여자,30 - 39세,경기도,일반판매,필라테스,부당행위
2024005621,2024-01-26,여자,80세이상,경기도,국내온라인거래,의자,AS불만
2024005622,2024-01-26,여자,20 - 29세,광주광역시,국내온라인거래,운동화,청약철회
2024005623,2024-01-26,여자,20 - 29세,제주도,국내온라인거래,숙녀화(구두·부츠 등),계약해제.해지/위약금
2024005624,2024-01-26,여자,50 - 59세,대전광역시,일반판매,기타일반화장품,품질(물품/용역)
2024005625,2024-01-26,여자,20 - 29세,경기도,일반판매,기타음식관련서비스,품질(물품/용역)
2024005626,2024-01-26,남자,40 - 49세,강원특별자치도,국내온라인거래,텐트,품질(물품/용역)
2024005627,2024-01-26,남자,50 - 59세,서울특별시,국내온라인거래,호텔,품질(물품/용역)
2024005628,2024-01-26,남자,20 - 29세,경상남도,국내온라인거래,헤드폰·이어폰,계약불이행(불완전이행)
2024005629,2024-01-26,여자,30 - 39세,광주광역시,국내온라인거래,운동화,품질(물품/용역)
2024005630,2024-01-26,남자,40 - 49세,경기도,국제온라인거래,기타완구·인형,계약불이행(불완전이행)
2024005631,2024-01-26,여자,20 - 29세,대구광역시,일반판매,식사배달,계약불이행(불완전이행)
2024005632,2024-01-26,남자,40 - 49세,부산광역시,국내온라인거래,회화·공예용품,계약해제.해지/위약금
2024005633,2024-01-26,남자,30 - 39세,인천광역시,국내온라인거래,이동전화서비스,청약철회
2024005634,2024-01-26,여자,50 - 59세,경기도,국내온라인거래,요가,계약해제.해지/위약금
2024005635,2024-01-26,여자,20 - 29세,경기도,모바일거래,니트(스웨터),청약철회
2024005636,2024-01-26,여자,40 - 49세,서울특별시,소셜커머스(쇼핑),쌀통,AS불만
2024005637,2024-01-26,여자,20 - 29세,서울특별시,다단계판매,부업알선,청약철회
2024005638,2024-01-26,남자,30 - 39세,서울특별시,국내온라인거래,호텔,청약철회
2024005639,2024-01-26,남자,40 - 49세,경기도,일반판매,일반강습(입시학원등),이자.수수료
2024005640,2024-01-26,여자,30 - 39세,경기도,국내온라인거래,캐주얼바지,청약철회
2024005641,2024-01-26,남자,50 - 59세,인천광역시,기타,기타여객운송서비스,부당행위
2024005642,2024-01-26,여자,50 - 59세,대구광역시,기타,건물청소서비스,품질(물품/용역)
2024005643,2024-01-26,여자,30 - 39세,경기도,국내온라인거래,피부·체형관리서비스,계약해제.해지/위약금
2024005644,2024-01-26,남자,60 - 64세,전라남도,일반판매,초고속인터넷,계약불이행(불완전이행)
2024005645,2024-01-26,여자,20 - 29세,서울특별시,국내온라인거래,기타신발·용품,청약철회
2024005646,2024-01-26,여자,40 - 49세,서울특별시,일반판매,헬스장,계약해제.해지/위약금
2024005647,2024-01-26,남자,30 - 39세,서울특별시,국내온라인거래,기타컴퓨터·주변기기,품질(물품/용역)
2024005648,2024-01-26,남자,20 - 29세,대구광역시,국내온라인거래,기타숙박시설,계약불이행(불완전이행)
2024005649,2024-01-26,남자,30 - 39세,경기도,국내온라인거래,샌들·슬리퍼,청약철회
2024005650,2024-01-26,남자,20 - 29세,경기도,국내온라인거래,스마트폰,AS불만
2024005651,2024-01-26,남자,50 - 59세,대전광역시,일반판매,항공여객운송서비스,계약불이행(불완전이행)
2024005652,2024-01-26,여자,50 - 59세,서울특별시,국내온라인거래,국외여행,계약해제.해지/위약금
2024005653,2024-01-26,남자,60 - 64세,서울특별시,국내온라인거래,TV,청약철회
2024005654,2024-01-26,남자,40 - 49세,경기도,국내온라인거래,항공여객운송서비스,계약불이행(불완전이행)
2024005655,2024-01-26,남자,40 - 49세,서울특별시,국내온라인거래,기타재봉·세탁·청소용품,품질(물품/용역)
2024005656,2024-01-26,여자,30 - 39세,서울특별시,일반판매,헬스장,계약해제.해지/위약금
2024005657,2024-01-26,여자,30 - 39세,서울특별시,국내온라인거래,기타의류·섬유,청약철회
2024005658,2024-01-26,여자,30 - 39세,울산광역시,일반판매,피부·체형관리서비스,계약해제.해지/위약금
2024005659,2024-01-26,남자,50 - 59세,세종특별자치시,모바일거래,레저시설이용,계약불이행(불완전이행)
2024005660,2024-01-26,여자,20 - 29세,서울특별시,일반판매,헬스장,계약해제.해지/위약금
2024005661,2024-01-26,남자,50 - 59세,인천광역시,기타,항공여객운송서비스,부당행위
2024005662,2024-01-26,여자,20 - 29세,경기도,일반판매,포장이사운송서비스,계약해제.해지/위약금
2024005663,2024-01-26,남자,30 - 39세,서울특별시,모바일거래,기타숙박시설,청약철회
2024005664,2024-01-26,남자,30 - 39세,경기도,기타,헬스장,계약해제.해지/위약금
2024005665,2024-01-26,남자,40 - 49세,충청북도,일반판매,골프회원권,계약해제.해지/위약금
2024005666,2024-01-26,남자,20 - 29세,인천광역시,기타통신판매,기타숙박시설,계약해제.해지/위약금
2024005667,2024-01-26,남자,20 - 29세,경기도,일반판매,헬스장,계약해제.해지/위약금
2024005668,2024-01-26,여자,30 - 39세,제주도,일반판매,헬스장,계약해제.해지/위약금
2024005669,2024-01-26,여자,30 - 39세,서울특별시,국내온라인거래,기타인터넷기반서비스,AS불만
2024005670,2024-01-26,여자,40 - 49세,부산광역시,전화권유판매,인터넷교육서비스,계약해제.해지/위약금
2024005671,2024-01-26,여자,40 - 49세,경기도,국내온라인거래,숙녀화(구두·부츠 등),청약철회
2024005672,2024-01-26,남자,20 - 29세,경기도,일반판매,골프회원권,계약해제.해지/위약금
2024005673,2024-01-26,남자,30 - 39세,서울특별시,국내온라인거래,전문스포츠화(축구화·골프화 등),청약철회
2024005674,2024-01-26,여자,20 - 29세,인천광역시,방문판매,헬스장,계약해제.해지/위약금
2024005675,2024-01-26,남자,20 - 29세,인천광역시,국내온라인거래,신유형상품권,청약철회
2024005676,2024-01-26,남자,30 - 39세,경기도,일반판매,골프회원권,청약철회
2024005677,2024-01-26,여자,30 - 39세,경상남도,국내온라인거래,사진촬영,계약불이행(불완전이행)
2024005678,2024-01-26,남자,30 - 39세,서울특별시,국내온라인거래,초고속인터넷,부당행위
2024005679,2024-01-26,남자,60 - 64세,대전광역시,기타,국가자격(능력)시험,계약해제.해지/위약금
2024005680,2024-01-26,여자,30 - 39세,경기도,방문판매,공기청정기,계약해제.해지/위약금
2024005681,2024-01-26,남자,30 - 39세,서울특별시,일반판매,항공여객운송서비스,부당행위
2024005682,2024-01-26,남자,50 - 59세,전라북도,국내온라인거래,선박여객운송서비스,청약철회
2024005683,2024-01-26,여자,50 - 59세,부산광역시,일반판매,기타신발·용품,품질(물품/용역)
2024005684,2024-01-26,남자,50 - 59세,충청북도,국내온라인거래,어패류젓갈,청약철회
2024005685,2024-01-26,여자,30 - 39세,서울특별시,국내온라인거래,스커트,청약철회
2024005686,2024-01-26,남자,40 - 49세,인천광역시,국내온라인거래,쇠고기,계약불이행(불완전이행)
2024005687,2024-01-26,남자,20 - 29세,경기도,국내온라인거래,기타간편복,청약철회
2024005688,2024-01-26,여자,40 - 49세,서울특별시,국내온라인거래,니트(스웨터),품질(물품/용역)
2024005701,2024-01-27,여자,30 - 39세,부산광역시,소셜커머스(쇼핑),노트북컴퓨터,표시.광고
2024005702,2024-01-27,여자,60 - 64세,서울특별시,국내온라인거래,항공여객운송서비스,청약철회
2024005801,2024-01-27,여자,30 - 39세,경기도,국내온라인거래,인쇄서비스,품질(물품/용역)
2024005802,2024-01-27,남자,30 - 39세,경기도,국내온라인거래,기타신발·용품,청약철회
2024005803,2024-01-27,여자,20 - 29세,서울특별시,방문판매,헬스장,계약해제.해지/위약금
2024005804,2024-01-27,여자,40 - 49세,서울특별시,일반판매,미용서비스,계약불이행(불완전이행)
2024005805,2024-01-27,남자,60 - 64세,경기도,방문판매,헬스장,계약해제.해지/위약금
2024005806,2024-01-27,남자,40 - 49세,서울특별시,국내온라인거래,태블릿PC,부당행위
2024005807,2024-01-27,남자,30 - 39세,경기도,국내온라인거래,식탁,품질(물품/용역)
2024005808,2024-01-27,남자,20 - 29세,충청남도,기타,기타의류·섬유,계약불이행(불완전이행)
2024005809,2024-01-27,여자,20 - 29세,서울특별시,국내온라인거래,카메라,청약철회
2024005810,2024-01-27,여자,30 - 39세,부산광역시,일반판매,포장이사운송서비스,계약불이행(불완전이행)
2024005811,2024-01-27,남자,50 - 59세,서울특별시,일반판매,기타어패류·어패류가공식품,부당행위
2024005812,2024-01-27,여자,20 - 29세,서울특별시,일반판매,헬스장,계약해제.해지/위약금
2024005813,2024-01-27,남자,30 - 39세,부산광역시,일반판매,안경·안경테,AS불만
2024005814,2024-01-27,남자,30 - 39세,충청남도,일반판매,포장이사운송서비스,품질(물품/용역)
2024005815,2024-01-27,남자,20 - 29세,충청북도,국내온라인거래,스포츠웨어,청약철회
2024005816,2024-01-27,여자,불명,인천광역시,소셜커머스(쇼핑),가습기,품질(물품/용역)
2024005817,2024-01-27,여자,20 - 29세,인천광역시,기타,기타가스·급배수설비,가격.요금
2024005818,2024-01-27,여자,40 - 49세,충청남도,기타통신판매,사진촬영,청약철회
2024005819,2024-01-27,여자,50 - 59세,부산광역시,기타,철도여객운송서비스,법.제도
2024005820,2024-01-27,남자,40 - 49세,서울특별시,국내온라인거래,캐주얼바지,청약철회
2024005821,2024-01-27,남자,불명,강원특별자치도,국내온라인거래,항공여객운송서비스,부당행위
2024005901,2024-01-26,여자,30 - 39세,경기도,국내온라인거래,항공여객운송서비스,부당행위
2024005902,2024-01-28,남자,40 - 49세,전라북도,일반판매,국내결혼중개,계약해제.해지/위약금
2024005903,2024-01-28,여자,20 - 29세,광주광역시,전화권유판매,기타건강식품,계약불이행(불완전이행)
2024005904,2024-01-28,여자,20 - 29세,경기도,국제온라인거래,기타숙박시설,품질(물품/용역)
2024005905,2024-01-28,여자,50 - 59세,경기도,국내온라인거래,기타신발·용품,품질(물품/용역)
2024005906,2024-01-28,남자,30 - 39세,충청북도,기타,변호서비스,단순문의.상담
2024005907,2024-01-28,여자,20 - 29세,부산광역시,국내온라인거래,국외여행,청약철회
2024005908,2024-01-28,남자,40 - 49세,대전광역시,일반판매,헬스장,계약해제.해지/위약금
2024005909,2024-01-28,여자,30 - 39세,서울특별시,일반판매,미분류컨설팅(자문),품질(물품/용역)
2024005910,2024-01-28,여자,30 - 39세,경기도,국내온라인거래,기타의료용구,계약해제.해지/위약금
2024005911,2024-01-28,남자,50 - 59세,서울특별시,국내온라인거래,미분류대여(렌트),계약해제.해지/위약금
2024005912,2024-01-28,여자,50 - 59세,서울특별시,소셜커머스(쇼핑),티셔츠,품질(물품/용역)
2024005913,2024-01-28,남자,20 - 29세,서울특별시,국내온라인거래,기타의류·섬유,청약철회
2024005914,2024-01-28,남자,30 - 39세,서울특별시,방문판매,콘도회원권,청약철회
2024005915,2024-01-28,여자,40 - 49세,경기도,국내온라인거래,항공여객운송서비스,계약해제.해지/위약금
2024005916,2024-01-28,남자,40 - 49세,서울특별시,국내온라인거래,전기장판,안전(제품/시설)
2024005917,2024-01-28,남자,20 - 29세,경기도,기타,인터넷게임서비스,청약철회
2024005918,2024-01-28,여자,불명,경기도,국내온라인거래,그릇세트,청약철회
2024005919,2024-01-28,여자,40 - 49세,대구광역시,국내온라인거래,캐주얼바지,청약철회
2024005920,2024-01-28,여자,40 - 49세,대구광역시,국내온라인거래,핸드백,품질(물품/용역)
2024005921,2024-01-29,여자,40 - 49세,서울특별시,국내온라인거래,니트(스웨터),청약철회
2024005922,2024-01-29,남자,40 - 49세,경상남도,일반판매,중고자동차중개·매매,AS불만
2024005923,2024-01-29,여자,20 - 29세,강원특별자치도,국내온라인거래,원피스,표시.광고
2024005924,2024-01-29,남자,20 - 29세,서울특별시,국내온라인거래,기타미분류물품,청약철회
2024005925,2024-01-29,여자,30 - 39세,서울특별시,국내온라인거래,샴푸,표시.광고
2024005926,2024-01-29,여자,65 - 69세,인천광역시,국내온라인거래,감귤,청약철회
2024005929,2024-01-29,남자,30 - 39세,서울특별시,국내온라인거래,점퍼·재킷류,계약불이행(불완전이행)
2024005930,2024-01-29,남자,20 - 29세,경기도,모바일거래,전동킥보드,계약불이행(불완전이행)
2024005931,2024-02-05,여자,30 - 39세,경기도,일반판매,기타의류·섬유,품질(물품/용역)
2024005932,2024-01-29,여자,40 - 49세,경기도,국내온라인거래,액자,청약철회
2024005933,2024-01-29,여자,30 - 39세,서울특별시,국내온라인거래,텐트,품질(물품/용역)
2024005934,2024-01-29,남자,60 - 64세,경기도,국내온라인거래,주거용접착제,품질(물품/용역)
2024005935,2024-01-29,여자,30 - 39세,경상북도,국내온라인거래,기타주방설비,품질(물품/용역)
2024005936,2024-01-29,남자,30 - 39세,경기도,국내온라인거래,기타문화·오락시설이용,계약해제.해지/위약금
2024005938,2024-01-29,남자,40 - 49세,서울특별시,일반판매,대형승용자동차,AS불만
2024005939,2024-01-29,여자,40 - 49세,인천광역시,국내온라인거래,유사투자자문,계약불이행(불완전이행)
2024005940,2024-01-29,여자,10 - 19세,대구광역시,모바일거래,헤드폰·이어폰,계약해제.해지/위약금
2024005941,2024-01-29,남자,50 - 59세,경기도,TV홈쇼핑,음식물처리기,AS불만
2024005942,2024-01-29,남자,20 - 29세,서울특별시,모바일거래,비타민제,청약철회
2024005943,2024-02-01,여자,20 - 29세,서울특별시,일반판매,양복(서양식 의복)세탁,품질(물품/용역)
2024005944,2024-01-29,남자,65 - 69세,서울특별시,방문판매,상해보험,계약불이행(불완전이행)
2024005946,2024-01-29,남자,65 - 69세,인천광역시,기타,상해보험,계약불이행(불완전이행)
2024005947,2024-01-29,여자,40 - 49세,서울특별시,기타,인터넷교육서비스,계약해제.해지/위약금
2024005949,2024-01-29,여자,40 - 49세,서울특별시,국내온라인거래,스팀다리미,계약해제.해지/위약금
2024005950,2024-01-29,여자,40 - 49세,서울특별시,국내온라인거래,레저시설이용,계약불이행(불완전이행)
2024005951,2024-01-29,여자,40 - 49세,경기도,일반판매,종합체육시설회원권,계약해제.해지/위약금
2024005953,2024-01-29,남자,65 - 69세,인천광역시,일반판매,타이어,품질(물품/용역)
2024005954,2024-02-20,여자,30 - 39세,대전광역시,일반판매,운동화,품질(물품/용역)
2024005956,2024-01-29,남자,20 - 29세,충청남도,모바일거래,기타숙박시설,청약철회
2024005958,2024-01-29,남자,30 - 39세,제주도,일반판매,전기세탁기,AS불만
2024005959,2024-02-01,여자,30 - 39세,서울특별시,국내온라인거래,점퍼·재킷류,품질(물품/용역)
2024005960,2024-02-20,여자,30 - 39세,경기도,일반판매,신발세탁,계약불이행(불완전이행)
2024005963,2024-01-29,여자,20 - 29세,울산광역시,일반판매,독서실이용,계약불이행(불완전이행)
2024005964,2024-01-29,여자,60 - 64세,서울특별시,국내온라인거래,항공여객운송서비스,계약불이행(불완전이행)
2024005965,2024-01-29,남자,30 - 39세,경기도,일반판매,기타예식관련서비스,계약해제.해지/위약금
2024005967,2024-01-29,남자,65 - 69세,인천광역시,기타통신판매,이동전화서비스,계약불이행(불완전이행)
2024005968,2024-01-29,남자,40 - 49세,서울특별시,모바일거래,기타이동통신,계약해제.해지/위약금
2024005970,2024-01-29,남자,40 - 49세,충청북도,TV홈쇼핑,음식물처리기대여(렌트),AS불만
2024005971,2024-01-29,남자,50 - 59세,경기도,국내온라인거래,침대,계약불이행(불완전이행)
2024005973,2024-01-29,남자,40 - 49세,서울특별시,일반판매,중형승용자동차,계약불이행(불완전이행)
2024005974,2024-01-29,남자,40 - 49세,서울특별시,일반판매,자동차수리·점검,품질(물품/용역)
2024005975,2024-01-29,여자,30 - 39세,서울특별시,국내온라인거래,기타인테리어설비,청약철회
2024005976,2024-01-29,여자,50 - 59세,서울특별시,일반판매,안과,품질(물품/용역)
2024005977,2024-01-29,여자,40 - 49세,경기도,국내온라인거래,비타민제,계약불이행(불완전이행)
2024005978,2024-01-29,남자,30 - 39세,제주도,전화권유판매,기타인터넷기반서비스,계약해제.해지/위약금
2024005979,2024-01-29,남자,50 - 59세,서울특별시,국내온라인거래,비타민제,계약불이행(불완전이행)
2024005980,2024-01-29,남자,50 - 59세,전라남도,일반판매,국내결혼중개,계약해제.해지/위약금
2024005981,2024-01-29,남자,60 - 64세,서울특별시,일반판매,안마의자,품질(물품/용역)
2024005982,2024-01-29,남자,20 - 29세,인천광역시,국내온라인거래,헤드폰·이어폰,청약철회
2024005983,2024-02-01,남자,20 - 29세,경기도,일반판매,신사복세트,품질(물품/용역)
2024005984,2024-01-29,남자,불명,인천광역시,모바일거래,모바일정보이용서비스,부당행위
2024005986,2024-01-29,여자,40 - 49세,경기도,일반판매,미용서비스,품질(물품/용역)
2024005987,2024-01-29,남자,50 - 59세,서울특별시,일반판매,타이어,계약불이행(불완전이행)
2024005988,2024-01-29,여자,50 - 59세,경기도,국내온라인거래,기타일반화장품,청약철회
2024005989,2024-01-29,여자,50 - 59세,경기도,국내온라인거래,기타가사용품,청약철회
2024005990,2024-01-29,여자,10 - 19세,대구광역시,국내온라인거래,인터넷정보이용서비스,계약불이행(불완전이행)
2024005991,2024-01-29,남자,50 - 59세,경상남도,국내온라인거래,각종공연관람,계약해제.해지/위약금
2024005992,2024-01-29,여자,40 - 49세,경기도,전화권유판매,기타일반화장품,청약철회
2024005993,2024-01-29,남자,40 - 49세,제주도,일반판매,상품권,계약해제.해지/위약금
2024005994,2024-01-29,여자,40 - 49세,서울특별시,일반판매,애완견,품질(물품/용역)
2024005995,2024-01-29,남자,65 - 69세,인천광역시,일반판매,비뇨의학과,계약해제.해지/위약금
2024005996,2024-01-29,여자,40 - 49세,서울특별시,국내온라인거래,기타자동차부품,표시.광고
2024005997,2024-01-29,여자,20 - 29세,경상북도,일반판매,사진촬영,계약해제.해지/위약금
2024005998,2024-01-29,여자,40 - 49세,경기도,소셜커머스(쇼핑),프라이팬,품질(물품/용역)
2024005999,2024-01-29,여자,30 - 39세,인천광역시,국내온라인거래,기타자동차부품,청약철회
2024006000,2024-01-29,여자,40 - 49세,서울특별시,국내온라인거래,기타가구,AS불만
2024006001,2024-01-29,남자,40 - 49세,경기도,일반판매,건강(암·기타질병)보험,계약해제.해지/위약금
2024006003,2024-01-29,남자,30 - 39세,대전광역시,기타통신판매,이동전화서비스,품질(물품/용역)
2024006004,2024-01-29,남자,40 - 49세,경기도,국내온라인거래,기타미분류물품,품질(물품/용역)
2024006005,2024-01-29,남자,60 - 64세,강원특별자치도,국내온라인거래,항공여객운송서비스,계약해제.해지/위약금
2024006007,2024-01-29,여자,50 - 59세,경상남도,전화권유판매,초고속인터넷,부당행위
2024006008,2024-01-29,여자,20 - 29세,서울특별시,국내온라인거래,가운·잠옷류,청약철회
2024006009,2024-01-29,여자,60 - 64세,경기도,일반판매,포장이사운송서비스,계약불이행(불완전이행)
2024006010,2024-01-29,남자,30 - 39세,서울특별시,기타통신판매,전기진공청소기,계약불이행(불완전이행)
2024006011,2024-01-29,남자,40 - 49세,경기도,국내온라인거래,숙녀화(구두·부츠 등),계약불이행(불완전이행)
2024006012,2024-01-29,여자,30 - 39세,서울특별시,기타,포장이사운송서비스,계약불이행(불완전이행)
2024006013,2024-01-29,여자,30 - 39세,인천광역시,모바일거래,숙녀화(구두·부츠 등),청약철회
2024006014,2024-02-07,여자,40 - 49세,충청북도,일반판매,양복(서양식 의복)세탁,품질(물품/용역)
2024006016,2024-01-29,남자,40 - 49세,부산광역시,국내온라인거래,전기포트,품질(물품/용역)
2024006017,2024-02-20,여자,40 - 49세,서울특별시,국내온라인거래,운동화,품질(물품/용역)
2024006018,2024-01-29,남자,30 - 39세,경기도,일반판매,소형화물자동차,품질(물품/용역)
2024006020,2024-01-29,여자,30 - 39세,경기도,일반판매,내과,가격.요금
2024006021,2024-01-29,여자,40 - 49세,경기도,국내온라인거래,점퍼·재킷류,계약불이행(불완전이행)
2024006022,2024-02-19,남자,40 - 49세,광주광역시,방문판매,전문스포츠화(축구화·골프화 등),품질(물품/용역)
2024006024,2024-01-29,남자,40 - 49세,경기도,국내온라인거래,골프회원권,계약해제.해지/위약금
2024006025,2024-01-29,남자,50 - 59세,경기도,국내온라인거래,골프회원권,계약해제.해지/위약금
2024006026,2024-01-29,여자,50 - 59세,경상남도,국내온라인거래,캐주얼바지,청약철회
2024006027,2024-01-29,남자,30 - 39세,경기도,일반판매,피부과,계약불이행(불완전이행)
2024006028,2024-01-29,남자,50 - 59세,대구광역시,일반판매,재활의학과,품질(물품/용역)
2024006029,2024-01-29,남자,20 - 29세,부산광역시,일반판매,타이어,품질(물품/용역)
2024006030,2024-01-29,여자,50 - 59세,경기도,일반판매,이동전화서비스,계약해제.해지/위약금
2024006032,2024-01-29,여자,20 - 29세,경기도,전화권유판매,인터넷교육서비스,계약해제.해지/위약금
2024006033,2024-02-01,여자,40 - 49세,경기도,일반판매,점퍼·재킷류,품질(물품/용역)
2024006034,2024-01-29,여자,30 - 39세,경상남도,방문판매,인터넷교육서비스,계약해제.해지/위약금
2024006035,2024-01-29,남자,50 - 59세,경기도,일반판매,공중목욕탕,계약해제.해지/위약금
2024006036,2024-01-29,여자,20 - 29세,대구광역시,소셜커머스(쇼핑),숙녀화(구두·부츠 등),계약불이행(불완전이행)
2024006037,2024-01-29,여자,40 - 49세,충청남도,국내온라인거래,숙녀복상의,청약철회
2024006038,2024-01-29,여자,50 - 59세,경기도,소셜커머스(쇼핑),비타민제,계약해제.해지/위약금
2024006039,2024-01-29,여자,30 - 39세,대구광역시,국내온라인거래,기타일반화장품,계약불이행(불완전이행)
2024006040,2024-01-29,남자,30 - 39세,서울특별시,일반판매,예식서비스,계약해제.해지/위약금
2024006041,2024-01-29,여자,80세이상,서울특별시,일반판매,기타인테리어설비,계약불이행(불완전이행)
2024006042,2024-01-29,여자,40 - 49세,경기도,국내온라인거래,신유형상품권,계약불이행(불완전이행)
2024006043,2024-01-29,남자,70 - 79세,서울특별시,일반판매,이동전화서비스,계약불이행(불완전이행)
2024006044,2024-01-29,여자,20 - 29세,경기도,국내온라인거래,헤드폰·이어폰,계약불이행(불완전이행)
2024006045,2024-01-29,여자,40 - 49세,부산광역시,국내온라인거래,기타일반화장품,청약철회
2024006047,2024-01-29,여자,50 - 59세,서울특별시,일반판매,스마트폰,부당행위
2024006048,2024-01-29,남자,50 - 59세,강원특별자치도,기타,기타미분류서비스,계약해제.해지/위약금
2024006049,2024-01-29,여자,20 - 29세,경기도,국내온라인거래,헤드폰·이어폰,청약철회
2024006050,2024-01-29,남자,20 - 29세,경기도,일반판매,독서실이용,계약해제.해지/위약금
2024006051,2024-01-29,남자,30 - 39세,대전광역시,일반판매,헬스장,계약해제.해지/위약금
2024006052,2024-01-29,남자,30 - 39세,대전광역시,일반판매,헬스장,계약해제.해지/위약금
2024006053,2024-02-01,남자,40 - 49세,부산광역시,일반판매,점퍼·재킷류,품질(물품/용역)
2024006054,2024-01-29,남자,30 - 39세,인천광역시,일반판매,스마트폰,계약해제.해지/위약금
2024006056,2024-02-01,남자,20 - 29세,서울특별시,일반판매,양복(서양식 의복)세탁,품질(물품/용역)
2024006057,2024-01-29,여자,30 - 39세,경기도,일반판매,헬스장,계약해제.해지/위약금
2024006058,2024-01-29,여자,40 - 49세,경기도,TV홈쇼핑,국외여행,계약해제.해지/위약금
2024006059,2024-01-29,여자,30 - 39세,서울특별시,일반판매,일반강습(입시학원등),계약해제.해지/위약금
2024006060,2024-01-29,여자,30 - 39세,울산광역시,소셜커머스(쇼핑),헤드폰·이어폰,계약불이행(불완전이행)
2024006061,2024-01-29,남자,50 - 59세,부산광역시,방문판매,스마트폰,품질(물품/용역)
2024006062,2024-01-29,남자,50 - 59세,부산광역시,방문판매,스마트폰,품질(물품/용역)
2024006063,2024-01-29,여자,50 - 59세,부산광역시,일반판매,기타사설강습서비스,계약해제.해지/위약금
2024006064,2024-01-29,여자,40 - 49세,경기도,국내온라인거래,기타숙박시설,계약해제.해지/위약금
2024006065,2024-01-29,여자,40 - 49세,대구광역시,기타통신판매,학습지,계약해제.해지/위약금
2024006066,2024-01-29,남자,40 - 49세,충청북도,일반판매,골프용품,AS불만
2024006067,2024-01-29,남자,30 - 39세,서울특별시,소셜커머스(쇼핑),헤드폰·이어폰,청약철회
2024006068,2024-01-29,남자,30 - 39세,대전광역시,기타통신판매,미분류대여(렌트),계약해제.해지/위약금
2024006069,2024-01-29,남자,40 - 49세,인천광역시,일반판매,TV,AS불만
2024006070,2024-01-29,남자,40 - 49세,강원특별자치도,소셜커머스(쇼핑),전기진공청소기,부당행위
2024006071,2024-01-29,여자,30 - 39세,서울특별시,국내온라인거래,기타침구류,계약불이행(불완전이행)
2024006072,2024-01-29,여자,30 - 39세,서울특별시,국내온라인거래,항공여객운송서비스,계약불이행(불완전이행)
2024006073,2024-01-29,남자,40 - 49세,경기도,방문판매,기타회원권,청약철회
2024006074,2024-01-29,남자,50 - 59세,경상북도,일반판매,마이크,청약철회
2024006075,2024-01-29,여자,30 - 39세,충청북도,일반판매,신유형상품권,거래관행
2024006076,2024-01-29,여자,30 - 39세,충청북도,국내온라인거래,기타숙박시설,계약불이행(불완전이행)
2024006077,2024-01-29,여자,30 - 39세,부산광역시,소셜커머스(쇼핑),항공화물운송서비스,계약해제.해지/위약금
2024006078,2024-01-29,남자,30 - 39세,경기도,국내온라인거래,기타매체광고,계약불이행(불완전이행)
2024006079,2024-01-29,남자,20 - 29세,강원특별자치도,국내온라인거래,기타컴퓨터·주변기기,청약철회
2024006080,2024-01-29,남자,40 - 49세,경기도,국내온라인거래,전기의류건조기,품질(물품/용역)
2024006081,2024-01-29,남자,40 - 49세,경기도,국내온라인거래,이동전화서비스,계약불이행(불완전이행)
2024006082,2024-01-29,여자,30 - 39세,서울특별시,국내온라인거래,헬스장,계약해제.해지/위약금
2024006083,2024-01-29,남자,30 - 39세,경기도,기타통신판매,포장이사운송서비스,품질(물품/용역)
2024006084,2024-01-29,남자,30 - 39세,경기도,국내온라인거래,국외여행,품질(물품/용역)
2024006085,2024-01-29,여자,20 - 29세,충청북도,일반판매,필라테스,계약해제.해지/위약금
2024006086,2024-01-29,여자,40 - 49세,서울특별시,국내온라인거래,TV,품질(물품/용역)
2024006087,2024-01-29,남자,30 - 39세,경기도,국내온라인거래,의자,계약해제.해지/위약금
2024006088,2024-01-29,남자,40 - 49세,서울특별시,방문판매,기타매체광고,계약해제.해지/위약금
2024006089,2024-01-29,남자,30 - 39세,전라남도,국내온라인거래,헤드폰·이어폰,청약철회
2024006090,2024-01-29,여자,20 - 29세,충청남도,기타,기타방문·통신교육서비스,청약철회
2024006091,2024-01-29,여자,40 - 49세,서울특별시,일반판매,미용서비스,품질(물품/용역)
2024006092,2024-01-29,여자,30 - 39세,서울특별시,기타,사진촬영,계약불이행(불완전이행)
2024006093,2024-01-29,남자,20 - 29세,경기도,기타통신판매,인터넷교육서비스,청약철회
2024006094,2024-01-29,여자,40 - 49세,충청남도,TV홈쇼핑,음식물처리기대여(렌트),AS불만
2024006095,2024-01-29,여자,20 - 29세,서울특별시,일반판매,필라테스,계약해제.해지/위약금
2024006096,2024-01-29,여자,20 - 29세,경기도,국내온라인거래,기타미분류물품,품질(물품/용역)
2024006097,2024-01-29,여자,65 - 69세,경상남도,국내온라인거래,신발세탁,계약불이행(불완전이행)
2024006098,2024-01-29,여자,30 - 39세,경상남도,국내온라인거래,사진촬영,부당행위
2024006099,2024-01-29,여자,30 - 39세,대구광역시,일반판매,헬스장,계약해제.해지/위약금
2024006100,2024-01-29,여자,20 - 29세,부산광역시,일반판매,헬스장,계약해제.해지/위약금
2024006101,2024-01-29,남자,30 - 39세,서울특별시,국제온라인거래,운동화,계약불이행(불완전이행)
2024006102,2024-01-29,남자,30 - 39세,대구광역시,모바일거래,스마트폰,계약불이행(불완전이행)
2024006103,2024-01-29,남자,50 - 59세,충청남도,일반판매,외식,품질(물품/용역)
2024006104,2024-01-29,여자,40 - 49세,강원특별자치도,국내온라인거래,니트(스웨터),청약철회
2024006105,2024-01-29,남자,40 - 49세,경기도,국내온라인거래,점퍼·재킷류,청약철회
2024006106,2024-01-29,여자,30 - 39세,경기도,일반판매,가스에어컨,품질(물품/용역)
2024006107,2024-01-29,남자,30 - 39세,경기도,일반판매,초고속인터넷,계약해제.해지/위약금
2024006108,2024-01-29,여자,40 - 49세,경기도,국내온라인거래,니트(스웨터),청약철회
2024006109,2024-01-29,남자,30 - 39세,부산광역시,국내온라인거래,냉장고,계약불이행(불완전이행)
2024006110,2024-01-29,남자,40 - 49세,인천광역시,국내온라인거래,서랍장,AS불만
2024006111,2024-01-29,남자,50 - 59세,서울특별시,국내온라인거래,사다리,계약해제.해지/위약금
2024006112,2024-01-29,여자,20 - 29세,경상남도,일반판매,피부·체형관리서비스,계약해제.해지/위약금
2024006113,2024-01-29,여자,40 - 49세,경기도,국내온라인거래,기타영상기기,청약철회
2024006114,2024-01-29,여자,30 - 39세,대구광역시,일반판매,아파트,품질(물품/용역)
2024006115,2024-01-29,남자,40 - 49세,서울특별시,일반판매,태블릿PC,AS불만
2024006116,2024-01-29,여자,50 - 59세,서울특별시,일반판매,점퍼·재킷류,청약철회
2024006117,2024-01-29,여자,30 - 39세,충청북도,국내온라인거래,기타가사용품,품질(물품/용역)
2024006118,2024-01-29,남자,20 - 29세,경기도,일반판매,외식,안전(제품/시설)
2024006119,2024-01-29,여자,30 - 39세,전라북도,국내온라인거래,항공여객운송서비스,청약철회
2024006120,2024-01-29,남자,20 - 29세,경기도,일반판매,애완동물기타,계약불이행(불완전이행)
2024006121,2024-01-29,남자,20 - 29세,인천광역시,국내온라인거래,점퍼·재킷류,청약철회
2024006122,2024-01-29,남자,30 - 39세,부산광역시,국내온라인거래,기타사설강습서비스,계약해제.해지/위약금
2024006123,2024-01-29,남자,50 - 59세,경기도,소셜커머스(쇼핑),전기진공청소기,청약철회
2024006124,2024-01-29,여자,40 - 49세,경기도,국내온라인거래,프라이팬,품질(물품/용역)
2024006125,2024-01-29,여자,40 - 49세,경기도,국내온라인거래,기타인터넷기반서비스,계약불이행(불완전이행)
2024006126,2024-01-29,여자,40 - 49세,경상남도,기타,일반강습(입시학원등),계약해제.해지/위약금
2024006127,2024-01-29,여자,30 - 39세,경기도,일반판매,스포츠시설이용,부당행위
2024006128,2024-01-29,남자,50 - 59세,경기도,국내온라인거래,항공여객운송서비스,계약해제.해지/위약금
2024006129,2024-01-29,여자,40 - 49세,인천광역시,TV홈쇼핑,음식물처리기,AS불만
2024006130,2024-01-29,여자,20 - 29세,충청북도,일반판매,헬스장,계약해제.해지/위약금
2024006131,2024-01-29,여자,20 - 29세,전라북도,소셜커머스(쇼핑),모바일정보이용서비스,청약철회
2024006132,2024-01-29,여자,50 - 59세,경기도,국내온라인거래,국외여행,계약해제.해지/위약금
2024006133,2024-01-29,여자,50 - 59세,경기도,일반판매,이동전화서비스,가격.요금
2024006134,2024-01-29,여자,20 - 29세,인천광역시,기타통신판매,기타문화용품,계약해제.해지/위약금
2024006135,2024-01-29,여자,20 - 29세,서울특별시,기타,택시여객운송서비스,부당행위
2024006136,2024-01-29,여자,20 - 29세,충청북도,소셜커머스(쇼핑),기타취미용품,청약철회
2024006137,2024-01-29,남자,30 - 39세,서울특별시,일반판매,헬스장,계약해제.해지/위약금
2024006138,2024-01-29,여자,30 - 39세,경기도,일반판매,기타알선·중개·번역서비스,계약불이행(불완전이행)
2024006139,2024-01-29,여자,20 - 29세,경기도,방문판매,미용서비스,품질(물품/용역)
2024006140,2024-01-29,여자,20 - 29세,인천광역시,국내온라인거래,항공여객운송서비스,가격.요금
2024006141,2024-01-29,남자,50 - 59세,경기도,일반판매,가스보일러,부당행위
2024006142,2024-01-29,여자,40 - 49세,대구광역시,국내온라인거래,기타주거관리설비,AS불만
2024006143,2024-01-29,남자,40 - 49세,경기도,기타통신판매,펜션,청약철회
2024006144,2024-01-29,여자,40 - 49세,경상남도,기타,항공여객운송서비스,계약불이행(불완전이행)
2024006145,2024-01-29,남자,20 - 29세,경기도,일반판매,헬스장,계약해제.해지/위약금
2024006146,2024-01-29,남자,20 - 29세,경기도,국내온라인거래,기타침대류,청약철회
2024006147,2024-01-29,여자,30 - 39세,인천광역시,방문판매,헬스장,계약해제.해지/위약금
2024006148,2024-01-29,여자,30 - 39세,서울특별시,기타,핸드백,품질(물품/용역)
2024006149,2024-01-29,남자,40 - 49세,경기도,일반판매,골프회원권,계약해제.해지/위약금
2024006150,2024-01-29,여자,20 - 29세,서울특별시,국내온라인거래,옷장,계약해제.해지/위약금
2024006151,2024-01-29,남자,50 - 59세,경기도,국제온라인거래,사무용가방,청약철회
2024006152,2024-01-29,여자,30 - 39세,대구광역시,소셜커머스(쇼핑),스마트폰,계약불이행(불완전이행)
2024006153,2024-01-29,여자,20 - 29세,대전광역시,국내온라인거래,인터넷정보이용서비스,계약불이행(불완전이행)
2024006154,2024-01-29,여자,30 - 39세,경상남도,일반판매,보석·귀금속,품질(물품/용역)
2024006155,2024-01-29,여자,20 - 29세,대전광역시,국내온라인거래,기타의류·섬유,계약불이행(불완전이행)
2024006156,2024-01-29,여자,20 - 29세,서울특별시,일반판매,예식서비스,계약해제.해지/위약금
2024006157,2024-01-30,남자,70 - 79세,울산광역시,기타,실손보험,계약불이행(불완전이행)
2024006158,2024-01-30,여자,50 - 59세,경기도,국내온라인거래,비타민제,계약해제.해지/위약금
2024006159,2024-01-30,여자,50 - 59세,세종특별자치시,국내온라인거래,비타민제,청약철회
2024006160,2024-01-30,남자,70 - 79세,경기도,기타통신판매,소파,AS불만
2024006161,2024-02-01,여자,50 - 59세,서울특별시,일반판매,코트,품질(물품/용역)
2024006162,2024-01-30,남자,불명,대구광역시,일반판매,이동전화서비스,부당행위
2024006163,2024-01-30,남자,50 - 59세,경기도,국제온라인거래,인터넷정보이용서비스,계약불이행(불완전이행)
2024006164,2024-01-30,여자,40 - 49세,경기도,방문판매,방문교육,계약해제.해지/위약금
2024006165,2024-01-30,여자,30 - 39세,전라남도,국내온라인거래,기타일반화장품,청약철회
2024006166,2024-01-30,여자,60 - 64세,경상북도,기타통신판매,미분류대여(렌트),계약불이행(불완전이행)
2024006167,2024-01-30,여자,20 - 29세,경기도,국내온라인거래,항공여객운송서비스,계약해제.해지/위약금
2024006168,2024-01-30,남자,30 - 39세,인천광역시,국내온라인거래,기타건강식품,품질(물품/용역)
2024006169,2024-01-30,여자,70 - 79세,대전광역시,방문판매,상조서비스,계약불이행(불완전이행)
2024006171,2024-01-30,남자,30 - 39세,충청북도,국내온라인거래,국외여행,청약철회
2024006173,2024-01-30,남자,20 - 29세,서울특별시,일반판매,기타미분류서비스,부당행위
2024006174,2024-01-30,남자,30 - 39세,제주도,국내온라인거래,호텔,계약해제.해지/위약금
2024006175,2024-01-30,남자,65 - 69세,대구광역시,국내온라인거래,항공여객운송서비스,계약해제.해지/위약금
2024006176,2024-01-30,남자,30 - 39세,서울특별시,국내온라인거래,기타유아용식생활용품,품질(물품/용역)
2024006178,2024-01-30,남자,40 - 49세,서울특별시,일반판매,오피스텔,계약불이행(불완전이행)
2024006179,2024-02-01,여자,40 - 49세,광주광역시,일반판매,벨트,품질(물품/용역)
2024006180,2024-02-05,남자,40 - 49세,제주도,국내온라인거래,점퍼·재킷류,품질(물품/용역)
2024006181,2024-01-30,남자,40 - 49세,경기도,국내온라인거래,유사투자자문,계약해제.해지/위약금
2024006182,2024-01-30,남자,40 - 49세,경기도,일반판매,액정보호필름,품질(물품/용역)
2024006183,2024-01-30,여자,60 - 64세,서울특별시,일반판매,국내결혼중개,계약해제.해지/위약금
2024006184,2024-01-30,남자,40 - 49세,강원특별자치도,국제온라인거래,운동화,품질(물품/용역)
2024006186,2024-01-30,남자,65 - 69세,대구광역시,국내온라인거래,소파,품질(물품/용역)
2024006187,2024-01-30,남자,20 - 29세,경상북도,일반판매,항공여객운송서비스,청약철회
2024006188,2024-01-30,남자,30 - 39세,서울특별시,일반판매,성형외과,품질(물품/용역)
2024006189,2024-01-30,여자,30 - 39세,서울특별시,국내온라인거래,기타스포츠·레저기구·용품,청약철회
2024006190,2024-01-30,여자,40 - 49세,서울특별시,국내온라인거래,점퍼·재킷류,청약철회
2024006191,2024-01-30,남자,50 - 59세,서울특별시,일반판매,헬스장,계약해제.해지/위약금
2024006192,2024-01-30,남자,30 - 39세,충청남도,방문판매,헬스장,계약해제.해지/위약금
2024006194,2024-01-30,남자,30 - 39세,경기도,국내온라인거래,이동전화서비스,표시.광고
2024006195,2024-01-30,여자,60 - 64세,경기도,일반판매,성형외과,계약해제.해지/위약금
2024006196,2024-01-30,남자,20 - 29세,서울특별시,일반판매,헬스장,계약해제.해지/위약금
2024006197,2024-01-30,여자,50 - 59세,인천광역시,일반판매,헬스장,계약해제.해지/위약금
2024006199,2024-01-30,남자,50 - 59세,서울특별시,전화권유판매,실손보험,계약불이행(불완전이행)
2024006200,2024-01-30,남자,20 - 29세,광주광역시,모바일거래,자동차보험,계약불이행(불완전이행)
2024006201,2024-01-30,남자,30 - 39세,경기도,국내온라인거래,기타가구,계약불이행(불완전이행)
2024006202,2024-01-30,남자,40 - 49세,전라북도,방문판매,기름보일러,AS불만
2024006203,2024-01-30,남자,40 - 49세,경기도,기타통신판매,오토바이,계약불이행(불완전이행)
2024006204,2024-01-30,남자,50 - 59세,충청북도,기타,공제보험,계약불이행(불완전이행)
2024006205,2024-01-30,여자,불명,울산광역시,기타,인터넷교육서비스,부당행위
2024006206,2024-02-01,여자,65 - 69세,서울특별시,일반판매,양복(서양식 의복)세탁,품질(물품/용역)
2024006207,2024-01-30,남자,50 - 59세,경기도,국내온라인거래,보석·귀금속,계약불이행(불완전이행)
2024006209,2024-01-30,남자,30 - 39세,경기도,모바일거래,시계,청약철회
2024006210,2024-01-30,여자,30 - 39세,경기도,소셜커머스(쇼핑),사과,품질(물품/용역)
2024006212,2024-01-30,남자,40 - 49세,부산광역시,국내온라인거래,선반침대,품질(물품/용역)
2024006214,2024-01-30,남자,20 - 29세,경기도,국내온라인거래,기타매체광고,품질(물품/용역)
2024006215,2024-01-30,여자,30 - 39세,서울특별시,방문판매,기타매체광고,청약철회
2024006216,2024-01-30,남자,40 - 49세,대전광역시,국내온라인거래,헤드폰·이어폰,계약불이행(불완전이행)
2024006217,2024-01-30,여자,50 - 59세,서울특별시,국내온라인거래,항공여객운송서비스,계약해제.해지/위약금
2024006218,2024-01-30,남자,30 - 39세,충청남도,국내온라인거래,TV,계약불이행(불완전이행)
2024006219,2024-01-30,여자,40 - 49세,경기도,국내온라인거래,필기용구,품질(물품/용역)
2024006220,2024-01-30,남자,40 - 49세,경상북도,일반판매,자동차수리·점검,품질(물품/용역)
2024006221,2024-01-30,여자,65 - 69세,경기도,국내온라인거래,핸드백,계약불이행(불완전이행)
2024006223,2024-01-30,여자,40 - 49세,서울특별시,국내온라인거래,펜션,계약해제.해지/위약금
2024006225,2024-02-07,여자,50 - 59세,경기도,일반판매,핸드백,품질(물품/용역)
2024006226,2024-01-30,여자,30 - 39세,서울특별시,국내온라인거래,기타자동차용품,표시.광고
2024006227,2024-01-30,여자,40 - 49세,경기도,일반판매,기타인테리어설비,계약불이행(불완전이행)
2024006229,2024-01-30,남자,30 - 39세,서울특별시,일반판매,안경·안경테,품질(물품/용역)
2024006231,2024-01-30,남자,50 - 59세,경기도,소셜커머스(쇼핑),캐주얼바지,청약철회
2024006232,2024-01-30,여자,50 - 59세,경기도,국내온라인거래,호텔,계약해제.해지/위약금
2024006234,2024-01-30,여자,50 - 59세,경기도,모바일거래,신유형상품권,거래관행
2024006235,2024-01-30,여자,30 - 39세,경기도,일반판매,헬스장,계약해제.해지/위약금
2024006238,2024-01-30,남자,60 - 64세,서울특별시,일반판매,헬스장,계약해제.해지/위약금
2024006239,2024-01-30,남자,30 - 39세,제주도,방문판매,자동차수리·점검,품질(물품/용역)
2024006240,2024-02-01,여자,50 - 59세,경기도,일반판매,이불·요,품질(물품/용역)
2024006243,2024-01-30,여자,불명,서울특별시,국내온라인거래,감귤,품질(물품/용역)
2024006244,2024-01-30,여자,30 - 39세,경기도,국내온라인거래,벨트,표시.광고
2024006245,2024-02-01,남자,20 - 29세,충청남도,일반판매,양복(서양식 의복)세탁,품질(물품/용역)
2024006246,2024-01-30,여자,40 - 49세,서울특별시,기타통신판매,인터넷교육서비스,계약해제.해지/위약금
2024006247,2024-01-30,남자,60 - 64세,경기도,모바일거래,초고속인터넷,계약해제.해지/위약금
2024006248,2024-02-07,여자,50 - 59세,서울특별시,일반판매,점퍼·재킷류,품질(물품/용역)
2024006249,2024-01-30,남자,40 - 49세,경기도,모바일거래,신유형상품권,가격.요금
2024006250,2024-01-30,남자,40 - 49세,경기도,모바일거래,신유형상품권,부당행위
2024006251,2024-01-30,남자,40 - 49세,경기도,모바일거래,신유형상품권,가격.요금
2024006252,2024-01-30,여자,30 - 39세,경기도,국내온라인거래,헤드폰·이어폰,AS불만
2024006253,2024-02-05,여자,50 - 59세,대구광역시,일반판매,니트(스웨터),품질(물품/용역)
2024006254,2024-01-30,남자,50 - 59세,경기도,모바일거래,전기진공청소기,AS불만
2024006255,2024-01-30,여자,20 - 29세,경기도,일반판매,기타이·미용서비스,계약해제.해지/위약금
2024006256,2024-01-30,여자,(미입력),서울특별시,방문판매,헬스장,계약해제.해지/위약금
2024006257,2024-01-30,남자,20 - 29세,서울특별시,소셜커머스(쇼핑),기타신발·용품,품질(물품/용역)
2024006261,2024-02-20,남자,65 - 69세,경상북도,일반판매,생활패션화(슬립온·아쿠아슈즈·장화·작업화 등),품질(물품/용역)
2024006262,2024-01-30,남자,40 - 49세,경기도,전화권유판매,초고속인터넷,계약불이행(불완전이행)
2024006264,2024-01-30,여자,30 - 39세,서울특별시,일반판매,기타이·미용서비스,계약해제.해지/위약금
2024006265,2024-01-30,여자,30 - 39세,서울특별시,일반판매,피부과,계약해제.해지/위약금
2024006266,2024-02-01,남자,30 - 39세,서울특별시,국내온라인거래,점퍼·재킷류,품질(물품/용역)
2024006267,2024-01-30,여자,30 - 39세,경상남도,일반판매,침대,계약해제.해지/위약금
2024006269,2024-01-30,남자,20 - 29세,서울특별시,모바일거래,헬스장,계약해제.해지/위약금
2024006270,2024-01-30,남자,60 - 64세,경상북도,국내온라인거래,국외여행,계약해제.해지/위약금
2024006272,2024-01-30,여자,20 - 29세,서울특별시,일반판매,요가,계약해제.해지/위약금
2024006273,2024-01-30,여자,불명,서울특별시,일반판매,기타의료용구,품질(물품/용역)
2024006274,2024-01-30,남자,30 - 39세,경기도,일반판매,헬스장,계약해제.해지/위약금
2024006275,2024-02-01,여자,50 - 59세,경상남도,일반판매,양복(서양식 의복)세탁,품질(물품/용역)
2024006277,2024-01-30,여자,30 - 39세,부산광역시,방문판매,기타가구,계약해제.해지/위약금
2024006278,2024-01-30,남자,50 - 59세,경기도,일반판매,대형승용자동차,품질(물품/용역)
2024006279,2024-01-30,남자,50 - 59세,경기도,국내온라인거래,거울,계약불이행(불완전이행)
2024006280,2024-01-30,여자,40 - 49세,세종특별자치시,기타통신판매,국내여행,계약해제.해지/위약금
2024006281,2024-01-30,여자,70 - 79세,인천광역시,일반판매,시계,계약불이행(불완전이행)
2024006282,2024-01-30,여자,30 - 39세,인천광역시,국내온라인거래,기타숙박시설,청약철회
2024006283,2024-01-30,여자,30 - 39세,서울특별시,국내온라인거래,전기장판,안전(제품/시설)
2024006285,2024-02-01,여자,30 - 39세,대구광역시,일반판매,의류수선,AS불만
2024006286,2024-01-30,여자,50 - 59세,광주광역시,기타통신판매,이동전화서비스,청약철회
2024006287,2024-01-30,남자,50 - 59세,전라북도,일반판매,건강(암·기타질병)보험,계약불이행(불완전이행)
2024006288,2024-01-30,여자,40 - 49세,서울특별시,일반판매,건강(암·기타질병)보험,계약불이행(불완전이행)
2024006289,2024-01-30,여자,60 - 64세,경기도,일반판매,기타가구,계약해제.해지/위약금
2024006290,2024-01-30,여자,65 - 69세,서울특별시,일반판매,치과,계약해제.해지/위약금
2024006291,2024-01-30,남자,50 - 59세,부산광역시,일반판매,이동전화서비스,부당행위
2024006292,2024-01-30,남자,40 - 49세,서울특별시,전화권유판매,치과,계약해제.해지/위약금
2024006293,2024-01-30,남자,50 - 59세,충청남도,전화권유판매,유사투자자문,청약철회
2024006294,2024-01-30,남자,30 - 39세,경기도,국내온라인거래,서랍장,안전(제품/시설)
2024006296,2024-01-30,여자,60 - 64세,경기도,일반판매,자동차수리·점검,품질(물품/용역)
2024006298,2024-01-30,여자,30 - 39세,경기도,일반판매,건강(암·기타질병)보험,계약불이행(불완전이행)
2024006299,2024-02-01,남자,40 - 49세,울산광역시,일반판매,양복(서양식 의복)세탁,품질(물품/용역)
2024006300,2024-01-30,여자,20 - 29세,경상북도,모바일거래,점퍼·재킷류,청약철회
2024006301,2024-01-30,여자,40 - 49세,서울특별시,소셜커머스(쇼핑),화장품세트,계약불이행(불완전이행)
2024006302,2024-01-30,남자,30 - 39세,대구광역시,국내온라인거래,비타민제,계약불이행(불완전이행)
2024006303,2024-01-30,여자,30 - 39세,대구광역시,일반판매,기타신발·용품,계약불이행(불완전이행)
2024006304,2024-01-30,남자,30 - 39세,인천광역시,소셜커머스(쇼핑),비타민제,계약불이행(불완전이행)
2024006305,2024-01-30,여자,40 - 49세,서울특별시,국내온라인거래,헤드폰·이어폰,계약불이행(불완전이행)
2024006306,2024-01-30,남자,불명,울산광역시,모바일거래,모바일정보이용서비스,계약불이행(불완전이행)
2024006307,2024-01-30,여자,60 - 64세,전라북도,일반판매,건강(암·기타질병)보험,계약불이행(불완전이행)
2024006308,2024-01-30,여자,40 - 49세,부산광역시,소셜커머스(쇼핑),숙녀화(구두·부츠 등),계약불이행(불완전이행)
2024006309,2024-01-30,여자,30 - 39세,서울특별시,일반판매,비타민제,계약불이행(불완전이행)
2024006310,2024-01-30,남자,30 - 39세,인천광역시,국내온라인거래,헤드폰·이어폰,계약불이행(불완전이행)
2024006311,2024-02-01,여자,30 - 39세,경기도,일반판매,핸드백,품질(물품/용역)
2024006312,2024-01-30,남자,불명,경기도,국내온라인거래,점퍼·재킷류,청약철회
2024006313,2024-01-30,여자,불명,경기도,국내온라인거래,인터넷교육서비스,계약불이행(불완전이행)
2024006314,2024-02-01,여자,50 - 59세,경기도,일반판매,점퍼·재킷류,품질(물품/용역)
2024006315,2024-01-30,여자,30 - 39세,서울특별시,국내온라인거래,캐주얼바지,표시.광고
2024006316,2024-01-30,남자,50 - 59세,대전광역시,일반판매,종합체육시설회원권,계약해제.해지/위약금
2024006317,2024-01-30,남자,50 - 59세,전라남도,일반판매,음식물처리기,계약불이행(불완전이행)
2024006318,2024-01-30,남자,30 - 39세,경기도,일반판매,이동전화서비스,청약철회
2024006319,2024-01-30,남자,30 - 39세,서울특별시,모바일거래,국외여행,계약해제.해지/위약금
2024006320,2024-01-30,여자,20 - 29세,경기도,일반판매,필라테스,계약해제.해지/위약금
2024006321,2024-01-30,여자,20 - 29세,부산광역시,일반판매,일반강습(입시학원등),계약해제.해지/위약금
2024006322,2024-01-30,여자,50 - 59세,대전광역시,일반판매,가스보일러,품질(물품/용역)
2024006323,2024-01-30,여자,70 - 79세,경기도,전화권유판매,초고속인터넷,부당행위
2024006324,2024-01-30,남자,70 - 79세,전라북도,기타통신판매,CCTV,안전(제품/시설)
2024006325,2024-01-30,여자,40 - 49세,대구광역시,일반판매,예식서비스,부당행위
2024006326,2024-01-30,남자,50 - 59세,서울특별시,국내온라인거래,인터넷정보이용서비스,계약불이행(불완전이행)
2024006327,2024-01-30,여자,30 - 39세,경기도,국내온라인거래,정수기대여(렌트),청약철회
2024006328,2024-01-30,남자,20 - 29세,부산광역시,국내온라인거래,헤드폰·이어폰,청약철회
2024006329,2024-01-30,여자,20 - 29세,서울특별시,국내온라인거래,기타숙박시설,청약철회
2024006330,2024-01-30,남자,30 - 39세,서울특별시,기타,택배화물운송서비스,부당행위
2024006331,2024-01-30,여자,40 - 49세,서울특별시,국내온라인거래,이불·요,품질(물품/용역)
2024006332,2024-01-30,여자,20 - 29세,서울특별시,국내온라인거래,미용서비스,계약해제.해지/위약금
2024006333,2024-01-30,여자,30 - 39세,서울특별시,소셜커머스(쇼핑),기타사설강습서비스,계약해제.해지/위약금
2024006334,2024-01-30,남자,40 - 49세,울산광역시,모바일거래,여관(모텔),계약해제.해지/위약금
2024006335,2024-01-30,여자,30 - 39세,경기도,국내온라인거래,기타일반화장품,청약철회
2024006336,2024-01-30,여자,30 - 39세,세종특별자치시,소셜커머스(쇼핑),기타빵·과자류,품질(물품/용역)
2024006337,2024-01-30,여자,30 - 39세,경기도,일반판매,각종자격취득강습,청약철회
2024006338,2024-01-30,여자,20 - 29세,서울특별시,국내온라인거래,항공여객운송서비스,계약불이행(불완전이행)
2024006339,2024-01-30,남자,30 - 39세,서울특별시,모바일거래,독서실이용,계약해제.해지/위약금
2024006340,2024-01-30,남자,40 - 49세,경기도,국내온라인거래,딸기,품질(물품/용역)
2024006341,2024-01-30,여자,30 - 39세,부산광역시,국내온라인거래,숙녀화(구두·부츠 등),계약불이행(불완전이행)
2024006342,2024-01-30,여자,20 - 29세,부산광역시,국내온라인거래,피아노,청약철회
2024006343,2024-01-30,남자,40 - 49세,부산광역시,기타통신판매,TV,품질(물품/용역)
2024006344,2024-01-30,여자,40 - 49세,전라남도,일반판매,일반강습(입시학원등),부당행위
2024006345,2024-01-30,남자,20 - 29세,경기도,국내온라인거래,기타취미용품,품질(물품/용역)
2024006346,2024-01-30,여자,30 - 39세,경기도,방문판매,식탁,AS불만
2024006347,2024-01-30,남자,70 - 79세,인천광역시,국내온라인거래,가구세트,계약해제.해지/위약금
2024006348,2024-01-30,남자,20 - 29세,경상남도,국내온라인거래,캐주얼바지,청약철회
2024006349,2024-01-30,남자,40 - 49세,부산광역시,일반판매,기타세탁서비스,계약불이행(불완전이행)
2024006350,2024-01-30,남자,30 - 39세,대전광역시,소셜커머스(쇼핑),옷장,부당행위
2024006351,2024-01-30,남자,20 - 29세,강원특별자치도,일반판매,컴퓨터수리,AS불만
2024006352,2024-01-30,여자,65 - 69세,강원특별자치도,국내온라인거래,쇠고기포장육,품질(물품/용역)
2024006353,2024-01-30,남자,30 - 39세,서울특별시,모바일거래,인터넷게임서비스,표시.광고
2024006354,2024-01-30,남자,40 - 49세,경기도,국내온라인거래,캐주얼바지,청약철회
2024006355,2024-01-30,남자,30 - 39세,서울특별시,국내온라인거래,호텔,계약불이행(불완전이행)
2024006356,2024-01-30,여자,30 - 39세,서울특별시,일반판매,애완견,계약불이행(불완전이행)
2024006357,2024-01-30,여자,20 - 29세,경기도,일반판매,골프회원권,계약해제.해지/위약금
2024006358,2024-01-30,남자,50 - 59세,서울특별시,기타,스마트폰,AS불만
2024006359,2024-01-30,여자,30 - 39세,서울특별시,국내온라인거래,기타신발·용품,청약철회
2024006360,2024-01-30,남자,20 - 29세,경기도,모바일거래,용달화물서비스,계약불이행(불완전이행)
2024006361,2024-01-30,여자,30 - 39세,서울특별시,국내온라인거래,세면설비,품질(물품/용역)
2024006362,2024-01-30,남자,40 - 49세,경기도,국내온라인거래,침대,품질(물품/용역)
2024006363,2024-01-30,남자,40 - 49세,제주도,국내온라인거래,헤드폰·이어폰,청약철회
2024006364,2024-01-30,남자,40 - 49세,제주도,소셜커머스(쇼핑),헤드폰·이어폰,청약철회
2024006365,2024-01-30,남자,30 - 39세,경상남도,기타,중고자동차중개·매매,AS불만
2024006366,2024-01-30,남자,40 - 49세,서울특별시,국제온라인거래,항공여객운송서비스,계약불이행(불완전이행)
2024006367,2024-01-30,남자,30 - 39세,서울특별시,일반판매,이동전화서비스,계약해제.해지/위약금
2024006368,2024-01-30,남자,65 - 69세,충청북도,모바일거래,사과,계약해제.해지/위약금
2024006369,2024-01-30,남자,50 - 59세,서울특별시,일반판매,택배화물운송서비스,품질(물품/용역)
2024006370,2024-01-30,남자,30 - 39세,서울특별시,일반판매,헬스장,계약해제.해지/위약금
2024006371,2024-01-30,남자,30 - 39세,충청남도,국내온라인거래,기타신변용품,청약철회
2024006372,2024-01-30,남자,50 - 59세,부산광역시,전화권유판매,국내결혼중개,계약해제.해지/위약금
2024006373,2024-01-30,여자,40 - 49세,서울특별시,일반판매,피부·체형관리서비스,가격.요금
2024006374,2024-01-30,여자,30 - 39세,충청남도,국내온라인거래,영업용기계,계약불이행(불완전이행)
2024006375,2024-01-30,여자,20 - 29세,서울특별시,기타통신판매,기타숙박시설,안전(제품/시설)
2024006376,2024-01-30,여자,40 - 49세,서울특별시,국내온라인거래,항공여객운송서비스,계약해제.해지/위약금
2024006377,2024-01-30,남자,30 - 39세,서울특별시,일반판매,이동전화서비스,부당행위
2024006378,2024-01-30,여자,20 - 29세,서울특별시,일반판매,애완고양이,청약철회
2024006379,2024-01-30,여자,30 - 39세,서울특별시,기타통신판매,숙녀화(구두·부츠 등),청약철회
2024006380,2024-01-30,남자,40 - 49세,서울특별시,기타,인터넷전화기,가격.요금
2024006381,2024-01-30,남자,30 - 39세,경기도,일반판매,기타가사용품,품질(물품/용역)
2024006382,2024-01-30,남자,40 - 49세,부산광역시,국내온라인거래,항공여객운송서비스,가격.요금
2024006383,2024-01-30,남자,30 - 39세,경기도,국내온라인거래,헤드폰·이어폰,계약불이행(불완전이행)
2024006384,2024-01-30,남자,40 - 49세,대구광역시,방문판매,스포츠시설이용,계약해제.해지/위약금
2024006385,2024-01-30,여자,20 - 29세,경기도,일반판매,헬스장,계약해제.해지/위약금
2024006386,2024-01-30,여자,40 - 49세,서울특별시,국내온라인거래,각종공연관람,청약철회
2024006387,2024-01-30,여자,30 - 39세,전라남도,국내온라인거래,이불·침대커버,품질(물품/용역)
2024006388,2024-01-30,남자,30 - 39세,경기도,국내온라인거래,항공여객운송서비스,계약불이행(불완전이행)
2024006389,2024-01-30,남자,20 - 29세,경상남도,모바일거래,모바일게임서비스,표시.광고
2024006390,2024-01-30,남자,40 - 49세,경기도,기타,일반강습(입시학원등),이자.수수료
2024006391,2024-01-30,여자,30 - 39세,서울특별시,일반판매,양복(서양식 의복)세탁,가격.요금
2024006392,2024-01-30,남자,50 - 59세,인천광역시,방문판매,종합체육시설회원권,계약해제.해지/위약금
2024006393,2024-01-30,여자,30 - 39세,서울특별시,일반판매,헬스장,계약해제.해지/위약금
2024006394,2024-01-30,남자,30 - 39세,서울특별시,소셜커머스(쇼핑),전기충전기,무능력자계약
2024006395,2024-01-30,여자,40 - 49세,대구광역시,일반판매,침대,계약해제.해지/위약금
2024006396,2024-01-30,남자,40 - 49세,대전광역시,국내온라인거래,스마트폰,계약불이행(불완전이행)
2024006397,2024-01-30,남자,30 - 39세,인천광역시,국내온라인거래,콜라,품질(물품/용역)
2024006398,2024-01-30,여자,20 - 29세,경기도,기타,애완고양이,부당행위
2024006399,2024-01-30,여자,30 - 39세,경기도,모바일거래,원피스,청약철회
2024006400,2024-01-30,남자,20 - 29세,전라북도,국내온라인거래,남자용내의류,품질(물품/용역)
2024006401,2024-01-30,여자,30 - 39세,서울특별시,일반판매,필라테스,계약해제.해지/위약금
2024006402,2024-01-30,남자,30 - 39세,강원특별자치도,일반판매,점퍼·재킷류,품질(물품/용역)
2024006403,2024-01-30,남자,40 - 49세,서울특별시,일반판매,변호서비스,계약해제.해지/위약금
2024006404,2024-01-30,여자,30 - 39세,경기도,국제온라인거래,보조배터리,계약불이행(불완전이행)
2024006405,2024-01-30,여자,30 - 39세,서울특별시,일반판매,헬스장,계약해제.해지/위약금
2024006406,2024-01-30,남자,40 - 49세,대구광역시,일반판매,기타방재·방범설비,계약불이행(불완전이행)
2024006407,2024-01-30,여자,30 - 39세,부산광역시,국내온라인거래,머플러,계약해제.해지/위약금
2024006408,2024-01-30,여자,40 - 49세,경상북도,국내온라인거래,이동전화서비스,계약불이행(불완전이행)
2024006409,2024-01-30,여자,20 - 29세,서울특별시,일반판매,헬스장,계약해제.해지/위약금
2024006410,2024-01-30,여자,40 - 49세,경기도,국내온라인거래,커피,계약해제.해지/위약금
2024006411,2024-01-30,남자,30 - 39세,대전광역시,일반판매,헬스장,계약해제.해지/위약금
2024006412,2024-01-30,여자,30 - 39세,울산광역시,일반판매,룸에어컨,계약불이행(불완전이행)
2024006413,2024-01-30,여자,40 - 49세,충청남도,국내온라인거래,기타과일·과일가공식품,청약철회
2024006414,2024-01-30,남자,40 - 49세,서울특별시,모바일거래,골프용품,AS불만
2024006415,2024-01-30,남자,30 - 39세,경상북도,일반판매,예식서비스,계약해제.해지/위약금
2024006416,2024-01-30,여자,20 - 29세,경기도,일반판매,항공여객운송서비스,부당행위
2024006417,2024-01-30,여자,30 - 39세,인천광역시,국내온라인거래,옷장,품질(물품/용역)
2024006418,2024-01-30,여자,40 - 49세,서울특별시,국내온라인거래,전기장판,안전(제품/시설)
2024006419,2024-01-30,여자,30 - 39세,경상남도,국내온라인거래,기타건강식품,계약해제.해지/위약금
2024006420,2024-01-30,여자,40 - 49세,경기도,국내온라인거래,가사도우미,품질(물품/용역)
2024006421,2024-01-30,여자,20 - 29세,인천광역시,일반판매,각종자격취득강습,청약철회
2024006422,2024-01-30,여자,20 - 29세,서울특별시,국내온라인거래,점퍼·재킷류,청약철회
2024006423,2024-01-30,남자,20 - 29세,부산광역시,전화권유판매,이동전화서비스,부당행위
2024006424,2024-01-30,남자,30 - 39세,서울특별시,방문판매,컴퓨터및주변기기대여(렌트),계약해제.해지/위약금
2024006425,2024-01-30,여자,20 - 29세,서울특별시,국내온라인거래,셔츠,품질(물품/용역)
2024006426,2024-01-30,여자,50 - 59세,경기도,전화권유판매,정수기대여(렌트),AS불만
2024006427,2024-01-30,여자,20 - 29세,인천광역시,국내온라인거래,코트,청약철회
2024006428,2024-01-30,여자,50 - 59세,경기도,일반판매,식탁,AS불만
2024006429,2024-01-30,남자,20 - 29세,대전광역시,일반판매,헬스장,계약해제.해지/위약금
2024006430,2024-01-30,여자,40 - 49세,대구광역시,방문판매,정수기대여(렌트),계약해제.해지/위약금
2024006431,2024-01-30,여자,50 - 59세,서울특별시,기타,기타사설강습서비스,계약해제.해지/위약금
2024006432,2024-01-30,남자,20 - 29세,부산광역시,모바일거래,모바일게임서비스,부당행위
2024006433,2024-01-30,여자,30 - 39세,경기도,소셜커머스(쇼핑),기타의류·섬유,가격.요금
2024006434,2024-01-30,남자,50 - 59세,전라북도,국내온라인거래,전기의류건조기,가격.요금
2024006435,2024-01-30,여자,50 - 59세,경상북도,모바일거래,감귤,청약철회
2024006436,2024-01-30,여자,30 - 39세,경기도,소셜커머스(쇼핑),숙녀화(구두·부츠 등),청약철회
2024006438,2024-01-31,남자,30 - 39세,충청남도,국내온라인거래,항공여객운송서비스,계약불이행(불완전이행)
2024006439,2024-01-31,남자,40 - 49세,세종특별자치시,기타,포장이사운송서비스,부당행위
2024006440,2024-01-31,여자,30 - 39세,서울특별시,국제온라인거래,숙녀화(구두·부츠 등),계약해제.해지/위약금
2024006441,2024-01-31,여자,40 - 49세,강원특별자치도,모바일거래,호텔,계약해제.해지/위약금
2024006442,2024-01-31,남자,30 - 39세,경기도,방문판매,기타회원권,계약해제.해지/위약금
2024006443,2024-01-31,남자,40 - 49세,서울특별시,일반판매,텐트,AS불만
2024006444,2024-01-31,남자,30 - 39세,서울특별시,일반판매,초고속인터넷,계약해제.해지/위약금
2024006445,2024-01-31,여자,40 - 49세,경기도,소셜커머스(쇼핑),전기맛사지기,표시.광고
2024006446,2024-01-31,여자,30 - 39세,서울특별시,일반판매,인쇄서비스,품질(물품/용역)
2024006447,2024-01-31,남자,65 - 69세,경상남도,일반판매,항공여객운송서비스,계약불이행(불완전이행)
2024006448,2024-01-31,남자,80세이상,서울특별시,국내온라인거래,기타자전거용품,청약철회
2024006449,2024-01-31,남자,40 - 49세,전라북도,국내온라인거래,태블릿PC,계약불이행(불완전이행)
2024006451,2024-01-31,남자,30 - 39세,서울특별시,국내온라인거래,스웨터,계약해제.해지/위약금
2024006452,2024-01-31,여자,50 - 59세,서울특별시,일반판매,각종자격취득강습,청약철회
2024006453,2024-01-31,여자,30 - 39세,서울특별시,국내온라인거래,헤드폰·이어폰,계약불이행(불완전이행)
2024006454,2024-01-31,여자,30 - 39세,경기도,국내온라인거래,신유형상품권,약관
2024006455,2024-01-31,여자,40 - 49세,경기도,국내온라인거래,숙녀화(구두·부츠 등),청약철회
2024006456,2024-01-31,여자,40 - 49세,서울특별시,국내온라인거래,커튼,청약철회
2024006457,2024-01-31,여자,40 - 49세,경기도,국내온라인거래,외식,약관
2024006458,2024-01-31,여자,50 - 59세,서울특별시,TV홈쇼핑,국외여행,계약불이행(불완전이행)
2024006459,2024-01-31,여자,50 - 59세,서울특별시,일반판매,위성방송수신세트,계약해제.해지/위약금
2024006460,2024-01-31,남자,40 - 49세,경기도,국내온라인거래,숙녀화(구두·부츠 등),청약철회
2024006461,2024-01-31,남자,40 - 49세,부산광역시,기타,자동차보험,계약불이행(불완전이행)
2024006462,2024-01-31,여자,30 - 39세,강원특별자치도,일반판매,중형승용자동차,AS불만
2024006463,2024-01-31,남자,30 - 39세,경상남도,국내온라인거래,전기진공청소기,청약철회
2024006464,2024-01-31,여자,50 - 59세,경상북도,국내온라인거래,쌀통,계약불이행(불완전이행)
2024006465,2024-01-31,남자,60 - 64세,서울특별시,국내온라인거래,기타일반화장품,청약철회
2024006466,2024-01-31,여자,20 - 29세,경상남도,일반판매,숙녀화(구두·부츠 등),계약불이행(불완전이행)
2024006467,2024-01-31,남자,30 - 39세,대구광역시,국내온라인거래,기타육류·육류가공식품,계약해제.해지/위약금
2024006468,2024-01-31,여자,10 - 19세,대전광역시,일반판매,성형외과,계약해제.해지/위약금
2024006469,2024-01-31,남자,30 - 39세,서울특별시,일반판매,자동차대여(렌트),계약해제.해지/위약금
2024006470,2024-02-14,여자,40 - 49세,경기도,일반판매,기타세탁서비스,품질(물품/용역)
2024006471,2024-01-31,남자,20 - 29세,대전광역시,국내온라인거래,인터넷교육서비스,청약철회
2024006472,2024-01-31,여자,40 - 49세,경기도,국내온라인거래,국내여행,계약불이행(불완전이행)
2024006473,2024-01-31,남자,50 - 59세,경기도,TV홈쇼핑,음식물처리기대여(렌트),AS불만
2024006474,2024-01-31,남자,40 - 49세,서울특별시,기타통신판매,헤드폰·이어폰,계약해제.해지/위약금
2024006475,2024-01-31,남자,40 - 49세,서울특별시,국내온라인거래,비타민제,계약해제.해지/위약금
2024006477,2024-01-31,남자,40 - 49세,경기도,기타,기타미분류서비스,계약불이행(불완전이행)
2024006478,2024-01-31,남자,20 - 29세,경기도,일반판매,헤드폰·이어폰,계약불이행(불완전이행)
2024006479,2024-02-19,남자,50 - 59세,광주광역시,일반판매,점퍼·재킷류,품질(물품/용역)
2024006483,2024-01-31,남자,30 - 39세,경기도,국내온라인거래,전기자전거,품질(물품/용역)
2024006485,2024-01-31,남자,30 - 39세,충청북도,국내온라인거래,인터넷정보이용서비스,AS불만
2024006486,2024-01-31,남자,40 - 49세,인천광역시,국내온라인거래,자동차대여(렌트),계약불이행(불완전이행)
2024006487,2024-01-31,여자,70 - 79세,충청남도,방문판매,신문,계약해제.해지/위약금
2024006488,2024-01-31,남자,70 - 79세,경기도,일반판매,공중목욕탕,계약해제.해지/위약금
2024006489,2024-01-31,남자,30 - 39세,서울특별시,일반판매,피부과,계약해제.해지/위약금
2024006490,2024-01-31,남자,60 - 64세,서울특별시,일반판매,안마의자,품질(물품/용역)
2024006491,2024-01-31,여자,30 - 39세,경기도,국내온라인거래,기타미분류서비스,계약해제.해지/위약금
2024006492,2024-01-31,남자,40 - 49세,충청남도,국내온라인거래,인터넷정보이용서비스,계약해제.해지/위약금
2024006493,2024-01-31,남자,40 - 49세,서울특별시,일반판매,헬스장,계약해제.해지/위약금
2024006494,2024-01-31,여자,30 - 39세,경기도,일반판매,헬스장,계약해제.해지/위약금
2024006495,2024-01-31,남자,70 - 79세,경기도,일반판매,기타인테리어설비,AS불만
2024006496,2024-01-31,여자,40 - 49세,서울특별시,일반판매,공중목욕탕,안전(제품/시설)
2024006498,2024-02-07,여자,30 - 39세,서울특별시,국내온라인거래,모자,품질(물품/용역)
2024006499,2024-01-31,여자,50 - 59세,광주광역시,일반판매,가발,계약해제.해지/위약금
2024006500,2024-01-31,여자,70 - 79세,경기도,일반판매,가습기,AS불만
2024006501,2024-01-31,남자,30 - 39세,광주광역시,국내온라인거래,비타민제,계약불이행(불완전이행)
2024006502,2024-01-31,여자,40 - 49세,경기도,기타통신판매,철도여객운송서비스,부당행위
2024006503,2024-01-31,남자,50 - 59세,경기도,일반판매,음식물처리기대여(렌트),AS불만
2024006504,2024-01-31,여자,40 - 49세,인천광역시,기타통신판매,숙녀화(구두·부츠 등),계약불이행(불완전이행)
2024006506,2024-01-31,여자,70 - 79세,서울특별시,전화권유판매,유사투자자문,계약해제.해지/위약금
2024006507,2024-01-31,여자,70 - 79세,서울특별시,전화권유판매,유사투자자문,계약해제.해지/위약금
2024006508,2024-01-31,남자,30 - 39세,서울특별시,소셜커머스(쇼핑),헤드폰·이어폰,청약철회
2024006509,2024-01-31,여자,65 - 69세,부산광역시,일반판매,종합체육시설회원권,계약해제.해지/위약금
2024006510,2024-01-31,남자,50 - 59세,인천광역시,전화권유판매,초고속인터넷,가격.요금
2024006511,2024-01-31,남자,30 - 39세,서울특별시,방문판매,의상대여(렌트),청약철회
2024006512,2024-02-08,여자,20 - 29세,서울특별시,국내온라인거래,코트,품질(물품/용역)
2024006513,2024-01-31,남자,30 - 39세,부산광역시,국내온라인거래,헤드폰·이어폰,계약불이행(불완전이행)
2024006514,2024-01-31,남자,40 - 49세,경기도,일반판매,정형외과,품질(물품/용역)
2024006515,2024-01-31,여자,60 - 64세,충청북도,기타통신판매,기타공조·냉난방설비,품질(물품/용역)
2024006516,2024-01-31,여자,20 - 29세,경기도,국내온라인거래,숙녀화(구두·부츠 등),청약철회
2024006517,2024-01-31,남자,30 - 39세,경기도,국제온라인거래,항공여객운송서비스,부당행위
2024006518,2024-01-31,여자,40 - 49세,대전광역시,소셜커머스(쇼핑),치약,계약불이행(불완전이행)
2024006519,2024-01-31,남자,30 - 39세,경기도,기타,신유형상품권,약관
2024006520,2024-01-31,여자,30 - 39세,경기도,국내온라인거래,자동차대여(렌트),부당행위
2024006521,2024-01-31,여자,50 - 59세,경기도,일반판매,노인복지,부당행위
2024006522,2024-01-31,남자,50 - 59세,경기도,국내온라인거래,비타민제,계약불이행(불완전이행)
2024006523,2024-01-31,남자,60 - 64세,경상남도,기타통신판매,초고속인터넷,거래관행
2024006524,2024-01-31,여자,30 - 39세,경기도,국내온라인거래,항공여객운송서비스,계약해제.해지/위약금
2024006525,2024-01-31,여자,65 - 69세,서울특별시,방문판매,컴퓨터S/W개발(홈페이지제작),계약해제.해지/위약금
2024006526,2024-01-31,여자,65 - 69세,경기도,일반판매,신발세탁,계약불이행(불완전이행)
2024006528,2024-01-31,남자,20 - 29세,경기도,일반판매,차량네비게이션(자동항법장치),품질(물품/용역)
2024006529,2024-01-31,여자,40 - 49세,경기도,일반판매,신용카드,계약불이행(불완전이행)
2024006530,2024-02-08,남자,50 - 59세,울산광역시,일반판매,캐주얼바지,품질(물품/용역)
2024006531,2024-01-31,남자,40 - 49세,충청남도,일반판매,대형승용자동차,품질(물품/용역)
2024006532,2024-01-31,남자,40 - 49세,서울특별시,국내온라인거래,차량용블랙박스,계약불이행(불완전이행)
2024006533,2024-01-31,여자,20 - 29세,서울특별시,일반판매,성형외과,계약해제.해지/위약금
2024006534,2024-01-31,여자,30 - 39세,서울특별시,일반판매,각종자격취득강습,계약해제.해지/위약금
2024006535,2024-01-31,남자,30 - 39세,경상북도,일반판매,아파트,계약해제.해지/위약금
2024006536,2024-01-31,남자,30 - 39세,서울특별시,일반판매,예식서비스,계약해제.해지/위약금
2024006537,2024-01-31,여자,30 - 39세,서울특별시,국내온라인거래,비타민제,청약철회
2024006538,2024-01-31,남자,불명,울산광역시,일반판매,콘도회원권,계약해제.해지/위약금
2024006539,2024-01-31,남자,50 - 59세,광주광역시,모바일거래,자동차보험,계약해제.해지/위약금
2024006540,2024-01-31,여자,30 - 39세,서울특별시,기타,성형외과,계약해제.해지/위약금
2024006541,2024-01-31,남자,40 - 49세,경기도,모바일거래,비타민제,계약불이행(불완전이행)
2024006542,2024-01-31,여자,40 - 49세,경기도,국내온라인거래,코트,청약철회
2024006543,2024-01-31,여자,65 - 69세,경기도,모바일거래,정수기대여(렌트),계약해제.해지/위약금
2024006544,2024-01-31,여자,40 - 49세,인천광역시,국내온라인거래,비타민제,부당행위
2024006545,2024-02-19,여자,50 - 59세,경상남도,일반판매,양복(서양식 의복)세탁,품질(물품/용역)
2024006546,2024-01-31,여자,30 - 39세,대구광역시,국내온라인거래,항공여객운송서비스,계약불이행(불완전이행)
2024006547,2024-01-31,남자,60 - 64세,서울특별시,일반판매,이동전화서비스,계약해제.해지/위약금
2024006548,2024-01-31,여자,60 - 64세,경기도,일반판매,건강(암·기타질병)보험,계약불이행(불완전이행)
2024006549,2024-01-31,남자,50 - 59세,경상북도,국내온라인거래,중고자동차중개·매매,계약해제.해지/위약금
2024006550,2024-01-31,남자,(미입력),제주도,일반판매,자동차수리·점검,계약불이행(불완전이행)
2024006551,2024-01-31,남자,65 - 69세,경기도,방문판매,장의관련서비스,계약불이행(불완전이행)
2024006552,2024-01-31,남자,20 - 29세,강원특별자치도,국내온라인거래,국외여행,청약철회
2024006554,2024-02-13,여자,30 - 39세,경기도,국내온라인거래,점퍼·재킷류,품질(물품/용역)
2024006555,2024-03-15,남자,20 - 29세,경기도,일반판매,신발세탁,품질(물품/용역)
2024006556,2024-01-31,남자,불명,경기도,국내온라인거래,항공여객운송서비스,계약불이행(불완전이행)
2024006558,2024-01-31,남자,40 - 49세,경기도,국내온라인거래,성기능향상기기,표시.광고
2024006559,2024-01-31,남자,40 - 49세,경기도,일반판매,스마트폰,AS불만
2024006560,2024-01-31,여자,40 - 49세,대구광역시,국내온라인거래,전기압력밥솥,AS불만
2024006561,2024-02-14,여자,30 - 39세,광주광역시,국내온라인거래,운동화,품질(물품/용역)
2024006562,2024-01-31,여자,40 - 49세,서울특별시,국내온라인거래,기타가사용품,청약철회
2024006563,2024-01-31,여자,20 - 29세,서울특별시,모바일거래,인터넷정보이용서비스,계약해제.해지/위약금
2024006564,2024-01-31,남자,30 - 39세,서울특별시,일반판매,자동차세차,계약해제.해지/위약금
2024006565,2024-01-31,여자,40 - 49세,서울특별시,국내온라인거래,비타민제,청약철회
2024006566,2024-02-19,여자,50 - 59세,서울특별시,일반판매,샌들·슬리퍼,품질(물품/용역)
2024006567,2024-01-31,여자,40 - 49세,전라북도,국내온라인거래,숙녀화(구두·부츠 등),계약해제.해지/위약금
2024006568,2024-01-31,여자,40 - 49세,서울특별시,국내온라인거래,숙녀화(구두·부츠 등),계약해제.해지/위약금
2024006569,2024-01-31,여자,30 - 39세,경기도,소셜커머스(쇼핑),비타민제,계약불이행(불완전이행)
2024006570,2024-01-31,여자,20 - 29세,서울특별시,국내온라인거래,헤드폰·이어폰,계약해제.해지/위약금
2024006571,2024-01-31,남자,65 - 69세,전라북도,일반판매,건강(암·기타질병)보험,계약불이행(불완전이행)
2024006572,2024-01-31,여자,30 - 39세,서울특별시,일반판매,헬스장,계약해제.해지/위약금
2024006573,2024-01-31,여자,65 - 69세,서울특별시,일반판매,정형외과,가격.요금
2024006574,2024-01-31,여자,40 - 49세,서울특별시,국내온라인거래,숙녀화(구두·부츠 등),계약해제.해지/위약금
2024006575,2024-01-31,여자,60 - 64세,경기도,기타,상품권,계약불이행(불완전이행)
2024006576,2024-01-31,남자,30 - 39세,서울특별시,국내온라인거래,침대,품질(물품/용역)
2024006578,2024-01-31,남자,30 - 39세,경기도,일반판매,필라테스,계약해제.해지/위약금
2024006579,2024-01-31,남자,40 - 49세,경기도,일반판매,싱크대,품질(물품/용역)
2024006583,2024-01-31,남자,70 - 79세,경기도,일반판매,자동차수리·점검,품질(물품/용역)
2024006585,2024-01-31,여자,20 - 29세,부산광역시,일반판매,성형외과,품질(물품/용역)
2024006586,2024-01-31,여자,30 - 39세,인천광역시,국내온라인거래,신사화(구두·부츠 등),계약불이행(불완전이행)
2024006587,2024-01-31,여자,40 - 49세,경기도,국내온라인거래,비타민제,계약불이행(불완전이행)
2024006589,2024-01-31,남자,30 - 39세,경기도,일반판매,보석·귀금속,계약불이행(불완전이행)
2024006590,2024-02-13,남자,30 - 39세,경기도,국내온라인거래,코트,품질(물품/용역)
2024006591,2024-01-31,남자,60 - 64세,경기도,일반판매,침대,계약불이행(불완전이행)
2024006592,2024-01-31,여자,30 - 39세,서울특별시,일반판매,숙녀화(구두·부츠 등),계약불이행(불완전이행)
2024006593,2024-01-31,여자,50 - 59세,강원특별자치도,일반판매,성형외과,계약해제.해지/위약금
2024006594,2024-02-08,여자,30 - 39세,경기도,일반판매,양복(서양식 의복)세탁,품질(물품/용역)
2024006595,2024-01-31,남자,40 - 49세,전라북도,국내온라인거래,전기맛사지기,품질(물품/용역)
2024006596,2024-01-31,남자,30 - 39세,인천광역시,소셜커머스(쇼핑),점퍼·재킷류,청약철회
2024006597,2024-01-31,남자,70 - 79세,충청남도,일반판매,기름보일러,AS불만
2024006598,2024-01-31,여자,30 - 39세,서울특별시,일반판매,필라테스,계약해제.해지/위약금
2024006599,2024-01-31,여자,40 - 49세,경기도,국내온라인거래,인터넷정보이용서비스,청약철회
2024006600,2024-01-31,남자,30 - 39세,서울특별시,일반판매,헬스장,계약해제.해지/위약금
2024006601,2024-01-31,남자,50 - 59세,서울특별시,국내온라인거래,비타민제,계약불이행(불완전이행)
2024006602,2024-01-31,여자,30 - 39세,충청북도,일반판매,침대,계약해제.해지/위약금
2024006604,2024-01-31,여자,50 - 59세,경기도,일반판매,포장이사운송서비스,계약불이행(불완전이행)
2024006605,2024-01-31,여자,20 - 29세,경기도,일반판매,기타이·미용서비스,계약해제.해지/위약금
2024006606,2024-01-31,여자,30 - 39세,충청남도,기타,일반강습(입시학원등),청약철회
2024006607,2024-01-31,남자,20 - 29세,인천광역시,일반판매,기타이·미용서비스,계약해제.해지/위약금
2024006608,2024-01-31,여자,20 - 29세,서울특별시,일반판매,필라테스,계약해제.해지/위약금
2024006609,2024-01-31,남자,40 - 49세,경기도,기타,아파트,AS불만
2024006610,2024-01-31,남자,40 - 49세,경상남도,국내온라인거래,이불·요,청약철회
2024006611,2024-01-31,여자,30 - 39세,경상남도,일반판매,점퍼·재킷류,표시.광고
2024006612,2024-01-31,여자,30 - 39세,대구광역시,방문판매,결혼준비대행서비스,청약철회
2024006613,2024-01-31,여자,30 - 39세,서울특별시,기타,결혼준비대행서비스,계약해제.해지/위약금
2024006614,2024-01-31,여자,30 - 39세,서울특별시,기타,기타세탁서비스,계약불이행(불완전이행)
2024006615,2024-01-31,여자,30 - 39세,충청북도,일반판매,예식서비스,계약불이행(불완전이행)
2024006616,2024-01-31,남자,30 - 39세,부산광역시,국내온라인거래,자격증교재,계약불이행(불완전이행)
2024006617,2024-01-31,남자,40 - 49세,서울특별시,국내온라인거래,스마트폰,계약불이행(불완전이행)
2024006618,2024-01-31,여자,30 - 39세,경기도,TV홈쇼핑,미분류대여(렌트),계약해제.해지/위약금
2024006619,2024-01-31,여자,20 - 29세,경기도,일반판매,점퍼·재킷류,계약불이행(불완전이행)
2024006620,2024-01-31,여자,30 - 39세,서울특별시,방문판매,보석·귀금속,청약철회
2024006621,2024-01-31,여자,40 - 49세,대구광역시,국내온라인거래,기타건강식품,계약해제.해지/위약금
2024006622,2024-01-31,남자,20 - 29세,충청북도,일반판매,돼지고기,표시.광고
2024006623,2024-01-31,여자,40 - 49세,경기도,일반판매,보석·귀금속,품질(물품/용역)
2024006624,2024-01-31,여자,20 - 29세,경기도,일반판매,초고속인터넷,계약해제.해지/위약금
2024006625,2024-01-31,여자,30 - 39세,인천광역시,국내온라인거래,인터넷교육서비스,계약불이행(불완전이행)
2024006626,2024-01-31,남자,20 - 29세,대구광역시,방문판매,헬스장,계약해제.해지/위약금
2024006627,2024-01-31,남자,30 - 39세,인천광역시,국내온라인거래,숙녀화(구두·부츠 등),청약철회
2024006628,2024-01-31,여자,40 - 49세,제주도,국내온라인거래,머플러,계약불이행(불완전이행)
2024006629,2024-01-31,남자,50 - 59세,인천광역시,국내온라인거래,시계,품질(물품/용역)
2024006630,2024-01-31,남자,30 - 39세,광주광역시,국내온라인거래,TV,청약철회
2024006631,2024-01-31,여자,60 - 64세,서울특별시,국내온라인거래,냉장고,청약철회
2024006632,2024-01-31,남자,40 - 49세,대전광역시,기타,기타신발·용품,부당행위
2024006633,2024-01-31,여자,30 - 39세,경기도,일반판매,바닥재·마루공사,계약불이행(불완전이행)
2024006634,2024-01-31,여자,20 - 29세,인천광역시,국내온라인거래,항공여객운송서비스,가격.요금
2024006635,2024-01-31,남자,40 - 49세,서울특별시,기타,음식물처리기,계약불이행(불완전이행)
2024006636,2024-01-31,여자,60 - 64세,서울특별시,국내온라인거래,기타가구,품질(물품/용역)
2024006637,2024-01-31,여자,40 - 49세,경상남도,방문판매,피부·체형관리서비스,계약해제.해지/위약금
2024006638,2024-01-31,남자,30 - 39세,서울특별시,국내온라인거래,운동화,청약철회
2024006639,2024-01-31,여자,20 - 29세,경기도,일반판매,기타이·미용서비스,계약불이행(불완전이행)
2024006640,2024-01-31,여자,30 - 39세,울산광역시,국내온라인거래,기타자동차용품,청약철회
2024006641,2024-01-31,여자,20 - 29세,서울특별시,국내온라인거래,항공여객운송서비스,가격.요금
2024006643,2024-01-31,여자,40 - 49세,대전광역시,국내온라인거래,냉장고,품질(물품/용역)
2024006644,2024-01-31,남자,20 - 29세,서울특별시,국내온라인거래,기타의류·섬유,청약철회
2024006645,2024-01-31,여자,40 - 49세,대구광역시,일반판매,미용서비스,계약해제.해지/위약금
2024006646,2024-01-31,남자,20 - 29세,서울특별시,국내온라인거래,인터넷게임서비스,청약철회
2024006647,2024-01-31,여자,30 - 39세,경기도,일반판매,소파,청약철회
2024006648,2024-01-31,여자,30 - 39세,경기도,일반판매,국내결혼중개,계약해제.해지/위약금
2024006649,2024-01-31,남자,30 - 39세,대전광역시,국내온라인거래,노트북컴퓨터,품질(물품/용역)
2024006650,2024-01-31,여자,20 - 29세,경기도,국내온라인거래,인터넷교육서비스,계약해제.해지/위약금
2024006651,2024-01-31,여자,40 - 49세,인천광역시,방문판매,정수기대여(렌트),청약철회
2024006652,2024-01-31,남자,30 - 39세,경기도,일반판매,헬스장,계약해제.해지/위약금
2024006653,2024-01-31,남자,40 - 49세,충청남도,일반판매,컴퓨터모니터(데스크탑),품질(물품/용역)
2024006654,2024-01-31,남자,50 - 59세,경기도,국내온라인거래,쇠고기포장육,품질(물품/용역)
2024006655,2024-01-31,남자,30 - 39세,경기도,모바일거래,기타사진용품,계약해제.해지/위약금
2024006656,2024-01-31,여자,30 - 39세,인천광역시,국내온라인거래,어린이용한복,청약철회
2024006657,2024-01-31,남자,30 - 39세,부산광역시,방문판매,오토바이,품질(물품/용역)
2024006658,2024-01-31,남자,40 - 49세,경기도,국제온라인거래,택배화물운송서비스,계약불이행(불완전이행)
2024006659,2024-01-31,여자,30 - 39세,경상남도,국내온라인거래,전기온수장판,AS불만
2024006660,2024-01-31,남자,30 - 39세,서울특별시,국내온라인거래,각종공연관람,계약해제.해지/위약금
2024006661,2024-01-31,남자,40 - 49세,경기도,국내온라인거래,비타민제,청약철회
2024006662,2024-01-31,남자,40 - 49세,경상남도,모바일거래,TV,계약불이행(불완전이행)
2024006663,2024-01-31,여자,30 - 39세,경상남도,전화권유판매,기타매체광고,계약해제.해지/위약금
2024006664,2024-01-31,여자,50 - 59세,경기도,기타,콘도회원권,약관
2024006665,2024-01-31,남자,40 - 49세,경기도,일반판매,도어록,청약철회
2024006666,2024-01-31,남자,20 - 29세,서울특별시,일반판매,애완견,품질(물품/용역)
2024006667,2024-01-31,여자,50 - 59세,서울특별시,국내온라인거래,인터넷교육서비스,청약철회
2024006668,2024-01-31,여자,40 - 49세,전라북도,국내온라인거래,기타어패류·어패류가공식품,청약철회
2024006669,2024-01-31,남자,30 - 39세,광주광역시,국내온라인거래,인터넷교육서비스,계약해제.해지/위약금
2024006670,2024-01-31,남자,20 - 29세,경상남도,일반판매,정수기대여(렌트),계약해제.해지/위약금
2024006671,2024-01-31,남자,20 - 29세,서울특별시,국내온라인거래,머플러,계약불이행(불완전이행)
2024006672,2024-01-31,여자,20 - 29세,서울특별시,기타,기타공조·냉난방기기,계약불이행(불완전이행)
2024006673,2024-01-31,남자,50 - 59세,광주광역시,국내온라인거래,인터넷정보이용서비스,계약해제.해지/위약금
2024006674,2024-01-31,남자,40 - 49세,경기도,일반판매,기타세탁서비스,부당행위
2024006675,2024-01-31,남자,20 - 29세,경기도,국내온라인거래,헤드폰·이어폰,청약철회
2024006676,2024-01-31,남자,30 - 39세,경상북도,방문판매,결혼준비대행서비스,계약해제.해지/위약금
2024006677,2024-01-31,남자,20 - 29세,서울특별시,기타,미용서비스,품질(물품/용역)
2024006678,2024-01-31,여자,40 - 49세,경기도,방문판매,전집물,계약해제.해지/위약금
2024006679,2024-01-31,여자,40 - 49세,경상남도,국내온라인거래,기타가구,청약철회
2024006680,2024-01-31,여자,40 - 49세,경상남도,기타,스마트폰,계약해제.해지/위약금
2024006681,2024-01-31,남자,40 - 49세,경기도,국내온라인거래,욕실설비,AS불만
2024006682,2024-01-31,여자,30 - 39세,경기도,국내온라인거래,여자용내의류,계약불이행(불완전이행)
2024006683,2024-01-31,남자,30 - 39세,서울특별시,전화권유판매,초고속인터넷,계약불이행(불완전이행)
2024006684,2024-01-31,여자,30 - 39세,부산광역시,국내온라인거래,헤드폰·이어폰,계약불이행(불완전이행)
2024006687,2024-02-01,남자,30 - 39세,서울특별시,일반판매,기타스포츠·레저기구·용품,안전(제품/시설)
2024006688,2024-02-01,남자,50 - 59세,강원특별자치도,기타통신판매,정수기대여(렌트),품질(물품/용역)
2024006689,2024-02-01,남자,50 - 59세,경기도,일반판매,양복(서양식 의복)세탁,부당행위
2024006690,2024-02-01,남자,50 - 59세,경기도,국내온라인거래,국외여행,계약해제.해지/위약금
2024006691,2024-02-01,여자,30 - 39세,경기도,국내온라인거래,전기진공청소기,품질(물품/용역)
2024006692,2024-02-01,여자,30 - 39세,서울특별시,국내온라인거래,숙녀화(구두·부츠 등),계약불이행(불완전이행)
2024006693,2024-02-01,여자,40 - 49세,대구광역시,모바일거래,기타신발·용품,계약불이행(불완전이행)
2024006694,2024-02-01,여자,30 - 39세,경기도,국내온라인거래,비타민제,계약불이행(불완전이행)
2024006695,2024-02-01,여자,30 - 39세,경기도,국내온라인거래,기타숙박시설,청약철회
2024006696,2024-02-01,여자,30 - 39세,경기도,국내온라인거래,숙녀화(구두·부츠 등),계약불이행(불완전이행)
2024006697,2024-02-01,여자,30 - 39세,서울특별시,국내온라인거래,숙녀화(구두·부츠 등),청약철회
2024006698,2024-02-01,여자,30 - 39세,서울특별시,기타,숙녀화(구두·부츠 등),계약불이행(불완전이행)
2024006699,2024-02-01,여자,불명,부산광역시,국내온라인거래,기타신발·용품,계약불이행(불완전이행)
2024006701,2024-02-01,남자,70 - 79세,경기도,기타,신경외과,품질(물품/용역)
2024006702,2024-02-01,여자,30 - 39세,대전광역시,소셜커머스(쇼핑),보건위생용품기타,계약불이행(불완전이행)
2024006703,2024-02-01,여자,40 - 49세,서울특별시,모바일거래,숙녀화(구두·부츠 등),계약불이행(불완전이행)
2024006704,2024-02-01,여자,40 - 49세,서울특별시,국내온라인거래,기타신발·용품,계약불이행(불완전이행)
2024006705,2024-02-01,여자,20 - 29세,서울특별시,모바일거래,펜션,계약해제.해지/위약금
2024006706,2024-02-01,남자,30 - 39세,대구광역시,모바일거래,숙녀화(구두·부츠 등),계약불이행(불완전이행)
2024006707,2024-02-01,남자,80세이상,경기도,일반판매,기타인테리어설비,품질(물품/용역)
2024006708,2024-02-01,여자,40 - 49세,대구광역시,모바일거래,숙녀화(구두·부츠 등),계약불이행(불완전이행)
2024006709,2024-02-01,여자,40 - 49세,인천광역시,국내온라인거래,기타신발·용품,계약불이행(불완전이행)
2024006710,2024-02-01,남자,40 - 49세,인천광역시,국내온라인거래,헤드폰·이어폰,계약불이행(불완전이행)
2024006711,2024-02-01,남자,30 - 39세,경기도,기타,헬스장,계약해제.해지/위약금
2024006712,2024-02-01,여자,40 - 49세,인천광역시,국내온라인거래,숙녀화(구두·부츠 등),계약불이행(불완전이행)
2024006713,2024-02-01,남자,60 - 64세,서울특별시,국내온라인거래,호텔,계약해제.해지/위약금
2024006714,2024-02-01,여자,30 - 39세,서울특별시,일반판매,헬스장,계약해제.해지/위약금
2024006715,2024-02-01,여자,30 - 39세,서울특별시,모바일거래,숙녀화(구두·부츠 등),계약불이행(불완전이행)
2024006719,2024-02-01,여자,40 - 49세,경기도,소셜커머스(쇼핑),기타건강식품,계약불이행(불완전이행)
2024006720,2024-02-01,여자,50 - 59세,부산광역시,일반판매,아파트,계약불이행(불완전이행)
2024006722,2024-02-01,남자,40 - 49세,경기도,방문판매,인터넷교육서비스,계약해제.해지/위약금
2024006723,2024-02-01,남자,50 - 59세,경기도,국내온라인거래,캐주얼바지,청약철회
2024006724,2024-02-01,남자,60 - 64세,서울특별시,일반판매,치과,계약해제.해지/위약금
2024006725,2024-02-01,남자,50 - 59세,경기도,일반판매,국외여행,계약불이행(불완전이행)
2024006726,2024-02-01,여자,40 - 49세,경기도,일반판매,비타민제,청약철회
2024006727,2024-02-01,여자,50 - 59세,서울특별시,일반판매,연금보험,계약불이행(불완전이행)
2024006728,2024-02-01,남자,30 - 39세,경기도,국내온라인거래,전기진공청소기,청약철회
2024006729,2024-02-01,여자,40 - 49세,서울특별시,모바일거래,항공여객운송서비스,계약해제.해지/위약금
2024006730,2024-01-31,여자,30 - 39세,경기도,일반판매,필라테스,계약해제.해지/위약금
2024006731,2024-02-01,여자,20 - 29세,부산광역시,전화권유판매,이동전화서비스,계약불이행(불완전이행)
2024006732,2024-02-01,여자,40 - 49세,대구광역시,국내온라인거래,숙녀화(구두·부츠 등),청약철회
2024006733,2024-02-01,여자,70 - 79세,경상북도,기타,건강(암·기타질병)보험,계약불이행(불완전이행)
2024006734,2024-02-01,남자,50 - 59세,전라남도,일반판매,가스보일러,품질(물품/용역)
2024006735,2024-02-01,여자,50 - 59세,부산광역시,일반판매,애완견,계약해제.해지/위약금
2024006736,2024-02-01,남자,40 - 49세,서울특별시,방문판매,기타여행,계약해제.해지/위약금
2024006737,2024-02-01,남자,40 - 49세,부산광역시,일반판매,음식물처리기,품질(물품/용역)
2024006739,2024-02-06,여자,30 - 39세,충청남도,일반판매,기타세탁서비스,품질(물품/용역)
2024006740,2024-02-01,여자,30 - 39세,경기도,일반판매,기타사설강습서비스,청약철회
2024006741,2024-02-01,여자,80세이상,대전광역시,일반판매,상조서비스,계약해제.해지/위약금
2024006742,2024-02-01,여자,30 - 39세,서울특별시,일반판매,아파트,계약해제.해지/위약금
2024006743,2024-02-01,여자,50 - 59세,서울특별시,국내온라인거래,사과,계약불이행(불완전이행)
2024006744,2024-02-01,여자,30 - 39세,경기도,일반판매,티셔츠,계약불이행(불완전이행)
2024006745,2024-02-01,여자,30 - 39세,경기도,국내온라인거래,비타민제,청약철회
2024006746,2024-02-01,남자,65 - 69세,서울특별시,전화권유판매,기타매체광고,청약철회
2024006747,2024-02-01,남자,60 - 64세,경기도,국내온라인거래,국외여행,계약불이행(불완전이행)
2024006748,2024-02-08,여자,40 - 49세,경기도,일반판매,숙녀복하의,품질(물품/용역)
2024006749,2024-02-01,남자,60 - 64세,경기도,일반판매,초고속인터넷,계약해제.해지/위약금
2024006750,2024-02-01,남자,30 - 39세,서울특별시,모바일거래,모바일정보이용서비스,계약해제.해지/위약금
2024006752,2024-02-01,남자,30 - 39세,서울특별시,국내온라인거래,어린이자전거,AS불만
2024006754,2024-02-01,여자,50 - 59세,제주도,국내온라인거래,니트(스웨터),청약철회
2024006756,2024-02-01,남자,30 - 39세,울산광역시,일반판매,시스템에어컨,계약해제.해지/위약금
2024006757,2024-02-13,여자,30 - 39세,경기도,일반판매,양복(서양식 의복)세탁,품질(물품/용역)
2024006758,2024-02-01,남자,(미입력),경상북도,방문판매,결혼준비대행서비스,계약해제.해지/위약금
2024006759,2024-02-01,남자,50 - 59세,경기도,전화권유판매,유사투자자문,계약해제.해지/위약금
2024006760,2024-02-13,여자,50 - 59세,경기도,일반판매,점퍼·재킷류,품질(물품/용역)
2024006761,2024-02-01,여자,30 - 39세,전라남도,국내온라인거래,기타건강식품,청약철회
2024006764,2024-02-01,여자,40 - 49세,인천광역시,국내온라인거래,가습기,안전(제품/시설)
2024006765,2024-02-01,남자,30 - 39세,강원특별자치도,국내온라인거래,통신기기주변장치,계약해제.해지/위약금
2024006767,2024-02-19,남자,30 - 39세,인천광역시,국내온라인거래,점퍼·재킷류,청약철회
2024006768,2024-02-01,여자,40 - 49세,경기도,국내온라인거래,숙녀화(구두·부츠 등),계약해제.해지/위약금
2024006769,2024-02-01,여자,30 - 39세,서울특별시,일반판매,경비·관리서비스,계약해제.해지/위약금
2024006770,2024-02-01,여자,30 - 39세,경기도,국내온라인거래,기타조명기기,청약철회
2024006771,2024-02-01,남자,30 - 39세,경기도,일반판매,상해보험,약관
2024006772,2024-02-01,여자,30 - 39세,충청남도,국내온라인거래,기타신발·용품,계약불이행(불완전이행)
2024006774,2024-02-08,남자,30 - 39세,서울특별시,일반판매,점퍼·재킷류,품질(물품/용역)
2024006775,2024-02-01,여자,20 - 29세,제주도,국내온라인거래,기타조미식품,청약철회
2024006776,2024-02-01,남자,50 - 59세,광주광역시,국내온라인거래,신유형상품권,계약해제.해지/위약금
2024006777,2024-02-01,남자,50 - 59세,광주광역시,일반판매,국제결혼중개,계약불이행(불완전이행)
2024006778,2024-02-01,여자,30 - 39세,서울특별시,모바일거래,호텔,계약해제.해지/위약금
2024006779,2024-02-01,남자,불명,서울특별시,전화권유판매,컴퓨터및주변기기대여(렌트),계약해제.해지/위약금
2024006780,2024-02-01,남자,50 - 59세,부산광역시,일반판매,기타인테리어설비,AS불만
2024006781,2024-02-01,여자,40 - 49세,서울특별시,일반판매,필라테스,계약해제.해지/위약금
2024006782,2024-02-01,남자,20 - 29세,서울특별시,일반판매,헬스장,계약해제.해지/위약금
2024006783,2024-02-01,남자,65 - 69세,서울특별시,일반판매,미분류대여(렌트),계약해제.해지/위약금
2024006784,2024-02-01,남자,50 - 59세,서울특별시,일반판매,국내결혼중개,계약해제.해지/위약금
2024006785,2024-02-01,남자,불명,충청남도,기타,이동전화서비스,품질(물품/용역)
2024006786,2024-02-01,여자,60 - 64세,전라남도,국내온라인거래,국외여행,품질(물품/용역)
2024006787,2024-02-01,남자,30 - 39세,전라북도,모바일거래,모바일게임서비스,거래관행
2024006788,2024-02-01,여자,80세이상,경기도,기타통신판매,기타건강식품,품질(물품/용역)
2024006789,2024-02-01,여자,50 - 59세,경기도,국내온라인거래,점퍼·재킷류,계약불이행(불완전이행)
2024006790,2024-02-01,남자,65 - 69세,전라남도,일반판매,경비·관리서비스,계약불이행(불완전이행)
2024006793,2024-02-01,남자,불명,부산광역시,일반판매,자동차대여(렌트),계약불이행(불완전이행)
2024006795,2024-02-19,여자,20 - 29세,경기도,국내온라인거래,운동화,품질(물품/용역)
2024006796,2024-02-19,여자,20 - 29세,경기도,국내온라인거래,운동화,품질(물품/용역)
2024006798,2024-02-14,여자,20 - 29세,서울특별시,기타통신판매,기타세탁서비스,품질(물품/용역)
2024006799,2024-02-01,여자,30 - 39세,서울특별시,국내온라인거래,신유형상품권,표시.광고
2024006800,2024-02-01,남자,40 - 49세,울산광역시,일반판매,양복(서양식 의복)세탁,품질(물품/용역)
2024006801,2024-02-28,남자,20 - 29세,서울특별시,일반판매,신발세탁,계약불이행(불완전이행)
2024006802,2024-02-01,여자,50 - 59세,제주도,국내온라인거래,인터넷정보이용서비스,품질(물품/용역)
2024006803,2024-02-01,여자,50 - 59세,경기도,일반판매,한복세탁,품질(물품/용역)
2024006804,2024-02-01,여자,30 - 39세,서울특별시,일반판매,헬스장,계약해제.해지/위약금
2024006805,2024-02-19,여자,40 - 49세,서울특별시,국내온라인거래,운동화,품질(물품/용역)
2024006806,2024-02-19,여자,30 - 39세,부산광역시,국내온라인거래,운동화,품질(물품/용역)
2024006807,2024-02-13,여자,50 - 59세,경상남도,일반판매,양복(서양식 의복)세탁,품질(물품/용역)
2024006808,2024-02-01,여자,40 - 49세,충청남도,일반판매,성형외과,계약해제.해지/위약금
2024006809,2024-02-01,여자,20 - 29세,충청북도,기타통신판매,기타숙박시설,계약해제.해지/위약금
2024006810,2024-02-01,여자,50 - 59세,경기도,국내온라인거래,비타민제,계약불이행(불완전이행)
2024006812,2024-02-01,남자,40 - 49세,서울특별시,국내온라인거래,기타숙박시설,계약해제.해지/위약금
2024006814,2024-02-28,여자,40 - 49세,대전광역시,일반판매,신발세탁,계약불이행(불완전이행)
2024006815,2024-02-01,여자,20 - 29세,경기도,일반판매,헬스장,계약해제.해지/위약금
2024006816,2024-02-01,남자,20 - 29세,인천광역시,일반판매,헬스장,계약해제.해지/위약금
2024006817,2024-02-01,여자,60 - 64세,전라남도,TV홈쇼핑,여행용가방,AS불만
2024006818,2024-02-01,남자,30 - 39세,경상남도,일반판매,이동전화서비스,계약불이행(불완전이행)
2024006819,2024-02-01,여자,40 - 49세,세종특별자치시,국내온라인거래,비타민제,계약불이행(불완전이행)
2024006820,2024-02-01,남자,40 - 49세,서울특별시,일반판매,기타인테리어설비,AS불만
2024006821,2024-02-01,여자,20 - 29세,경기도,일반판매,기타이·미용서비스,계약해제.해지/위약금
2024006822,2024-02-01,남자,20 - 29세,경기도,국내온라인거래,호텔,계약해제.해지/위약금
2024006823,2024-02-01,여자,30 - 39세,광주광역시,국내온라인거래,비타민제,청약철회
2024006824,2024-02-28,여자,30 - 39세,경기도,일반판매,운동화,계약불이행(불완전이행)
2024006825,2024-02-01,남자,40 - 49세,경기도,일반판매,초고속인터넷,계약불이행(불완전이행)
2024006826,2024-02-01,남자,40 - 49세,서울특별시,국내온라인거래,캐주얼바지,청약철회
2024006827,2024-02-01,남자,50 - 59세,경기도,국제온라인거래,화장지(휴지),품질(물품/용역)
2024006828,2024-02-01,여자,40 - 49세,충청북도,기타,정수기대여(렌트),계약불이행(불완전이행)
2024006829,2024-02-01,여자,70 - 79세,경상남도,방문판매,상조서비스,약관
2024006830,2024-02-01,남자,65 - 69세,대구광역시,기타,가스보일러,AS불만
2024006831,2024-02-01,여자,40 - 49세,서울특별시,일반판매,헬스장,계약해제.해지/위약금
2024006832,2024-02-01,여자,30 - 39세,부산광역시,일반판매,필라테스,계약해제.해지/위약금
2024006834,2024-02-01,남자,40 - 49세,대구광역시,국내온라인거래,가상화폐,부당행위
2024006835,2024-02-01,남자,50 - 59세,경기도,일반판매,실손보험,계약불이행(불완전이행)
2024006837,2024-02-01,남자,50 - 59세,제주도,일반판매,교통카드,부당행위
2024006838,2024-02-01,여자,20 - 29세,서울특별시,모바일거래,다이어트식품,부당행위
2024006839,2024-02-01,여자,30 - 39세,서울특별시,국내온라인거래,숙녀화(구두·부츠 등),청약철회
2024006840,2024-02-01,여자,40 - 49세,경기도,국내온라인거래,전기장판,청약철회
2024006841,2024-02-01,남자,30 - 39세,경기도,모바일거래,여관(모텔),가격.요금
2024006842,2024-02-01,남자,30 - 39세,부산광역시,일반판매,정수기대여(렌트),안전(제품/시설)
2024006843,2024-02-01,여자,40 - 49세,경기도,국내온라인거래,국외캠프,품질(물품/용역)
2024006844,2024-02-01,여자,20 - 29세,서울특별시,국제온라인거래,기타의류·섬유,청약철회
2024006845,2024-02-01,남자,50 - 59세,경상북도,국내온라인거래,기타조리기기·기구,가격.요금
2024006846,2024-02-01,여자,30 - 39세,제주도,일반판매,기타세탁서비스,품질(물품/용역)
2024006847,2024-02-01,남자,30 - 39세,인천광역시,일반판매,일반강습(입시학원등),청약철회
2024006848,2024-02-01,남자,40 - 49세,경기도,국내온라인거래,점퍼·재킷류,표시.광고
2024006849,2024-02-01,여자,20 - 29세,인천광역시,국내온라인거래,기타미분류물품,청약철회
2024006850,2024-02-01,여자,20 - 29세,서울특별시,일반판매,필라테스,계약불이행(불완전이행)
2024006851,2024-02-01,여자,30 - 39세,경기도,일반판매,기타이·미용서비스,계약불이행(불완전이행)
2024006852,2024-02-01,여자,40 - 49세,서울특별시,국내온라인거래,항공여객운송서비스,부당행위
2024006853,2024-02-01,여자,40 - 49세,경상북도,일반판매,외식,계약해제.해지/위약금
2024006854,2024-02-01,여자,30 - 39세,경기도,국내온라인거래,숙녀화(구두·부츠 등),계약불이행(불완전이행)
2024006855,2024-02-01,여자,20 - 29세,서울특별시,일반판매,일반이사운송서비스,품질(물품/용역)
2024006856,2024-02-01,여자,40 - 49세,경기도,국내온라인거래,기타이·미용기구,AS불만
2024006857,2024-02-01,남자,40 - 49세,경상북도,전화권유판매,기타매체광고,계약불이행(불완전이행)
2024006858,2024-02-01,여자,40 - 49세,서울특별시,기타통신판매,건물청소서비스,계약불이행(불완전이행)
2024006859,2024-02-01,남자,50 - 59세,부산광역시,일반판매,기타통신기기,AS불만
2024006860,2024-02-01,여자,40 - 49세,경상북도,국내온라인거래,숙녀화(구두·부츠 등),계약불이행(불완전이행)
2024006861,2024-02-01,여자,30 - 39세,경기도,방문판매,기타이동통신,계약해제.해지/위약금
2024006862,2024-02-01,남자,30 - 39세,경기도,국제온라인거래,철도여객운송서비스,계약해제.해지/위약금
2024006863,2024-02-01,여자,30 - 39세,경기도,일반판매,사진촬영,계약불이행(불완전이행)
2024006864,2024-02-01,여자,20 - 29세,경기도,기타,예식서비스,청약철회
2024006865,2024-02-01,여자,20 - 29세,서울특별시,일반판매,헬스장,청약철회
2024006866,2024-02-01,여자,30 - 39세,대전광역시,국내온라인거래,항공여객운송서비스,청약철회
2024006867,2024-02-01,여자,20 - 29세,서울특별시,국내온라인거래,점퍼·재킷류,청약철회
2024006868,2024-02-01,여자,70 - 79세,인천광역시,일반판매,안경·안경테,품질(물품/용역)
2024006869,2024-02-01,남자,20 - 29세,울산광역시,소셜커머스(쇼핑),헤드폰·이어폰,청약철회
2024006870,2024-02-01,여자,40 - 49세,경기도,국내온라인거래,기타건강식품,청약철회
2024006871,2024-02-01,남자,40 - 49세,경기도,소셜커머스(쇼핑),기타의류·섬유,청약철회
2024006872,2024-02-01,여자,60 - 64세,서울특별시,국내온라인거래,전기세탁기,AS불만
2024006873,2024-02-01,여자,60 - 64세,서울특별시,국내온라인거래,쇠고기,품질(물품/용역)
2024006874,2024-02-01,남자,20 - 29세,경기도,일반판매,국외여행,계약해제.해지/위약금
2024006875,2024-02-01,남자,60 - 64세,인천광역시,일반판매,메모리폼,품질(물품/용역)
2024006876,2024-02-01,남자,30 - 39세,서울특별시,일반판매,헬스장,청약철회
2024006877,2024-02-01,여자,40 - 49세,경상남도,기타,스마트폰,품질(물품/용역)
2024006878,2024-02-01,남자,50 - 59세,인천광역시,국내온라인거래,공기청정기,품질(물품/용역)
2024006879,2024-02-01,여자,20 - 29세,서울특별시,전화권유판매,기타매체광고,계약해제.해지/위약금
2024006880,2024-02-01,남자,30 - 39세,경상북도,방문판매,냉장고,AS불만
2024006881,2024-02-01,여자,40 - 49세,경기도,국내온라인거래,건강침대(흙·돌등),품질(물품/용역)
2024006882,2024-02-01,여자,50 - 59세,울산광역시,일반판매,기타의류·섬유,품질(물품/용역)
2024006883,2024-02-01,여자,30 - 39세,경기도,방문판매,정수기대여(렌트),계약해제.해지/위약금
2024006884,2024-02-01,여자,30 - 39세,경기도,국내온라인거래,기타정보이용서비스,청약철회
2024006885,2024-02-01,여자,20 - 29세,경기도,국내온라인거래,국외여행,계약해제.해지/위약금
2024006886,2024-02-01,남자,50 - 59세,전라남도,일반판매,아파트,계약불이행(불완전이행)
2024006887,2024-02-01,남자,30 - 39세,부산광역시,국내온라인거래,욕실설비,청약철회
2024006888,2024-02-01,여자,40 - 49세,인천광역시,모바일거래,숙녀화(구두·부츠 등),청약철회
2024006889,2024-02-01,남자,50 - 59세,경기도,국내온라인거래,기타숙박시설,계약해제.해지/위약금
2024006890,2024-02-01,여자,30 - 39세,인천광역시,기타,기타인테리어설비,품질(물품/용역)
2024006891,2024-02-01,남자,30 - 39세,서울특별시,기타,정수기대여(렌트),청약철회
2024006892,2024-02-01,남자,20 - 29세,경기도,국내온라인거래,대학·대학원,가격.요금
2024006893,2024-02-01,남자,40 - 49세,경기도,일반판매,기타자동차용품,안전(제품/시설)
2024006894,2024-02-01,여자,40 - 49세,대전광역시,국내온라인거래,숙녀화(구두·부츠 등),계약불이행(불완전이행)
2024006895,2024-02-01,여자,30 - 39세,충청남도,전화권유판매,국내결혼중개,청약철회
2024006896,2024-02-01,여자,40 - 49세,인천광역시,일반판매,안경·안경테,품질(물품/용역)
2024006897,2024-02-01,여자,20 - 29세,서울특별시,기타통신판매,인터넷교육서비스,계약불이행(불완전이행)
2024006898,2024-02-01,남자,50 - 59세,서울특별시,국내온라인거래,인터넷교육서비스,가격.요금
2024006899,2024-02-01,여자,20 - 29세,대구광역시,국내온라인거래,점퍼·재킷류,청약철회
2024006900,2024-02-01,남자,50 - 59세,서울특별시,소셜커머스(쇼핑),전기칼·칼갈이,청약철회
2024006901,2024-02-01,남자,30 - 39세,경기도,국내온라인거래,점퍼·재킷류,청약철회
2024006902,2024-02-01,남자,50 - 59세,서울특별시,국내온라인거래,안마의자,품질(물품/용역)
2024006903,2024-02-01,여자,40 - 49세,대구광역시,국내온라인거래,인터넷교육서비스,청약철회
2024006904,2024-02-01,여자,30 - 39세,대구광역시,국내온라인거래,포장이사운송서비스,계약불이행(불완전이행)
2024006905,2024-02-01,여자,30 - 39세,세종특별자치시,국내온라인거래,기타의류·섬유,청약철회
2024006906,2024-02-01,남자,40 - 49세,서울특별시,방문판매,헬스장,계약불이행(불완전이행)
2024006907,2024-02-01,남자,30 - 39세,서울특별시,소셜커머스(쇼핑),기타방문·통신교육서비스,청약철회
2024006908,2024-02-01,여자,30 - 39세,서울특별시,일반판매,골프회원권,계약해제.해지/위약금
2024006909,2024-02-01,남자,65 - 69세,전라북도,국내온라인거래,기타미분류물품,청약철회
2024006910,2024-02-01,남자,30 - 39세,서울특별시,국내온라인거래,점퍼·재킷류,계약불이행(불완전이행)
2024006911,2024-02-01,남자,65 - 69세,경기도,모바일거래,국외여행,계약해제.해지/위약금
2024006912,2024-02-01,남자,30 - 39세,대전광역시,전화권유판매,국내결혼중개,계약해제.해지/위약금
2024006913,2024-02-01,여자,30 - 39세,인천광역시,국내온라인거래,기타건강식품,청약철회
2024006914,2024-02-01,남자,50 - 59세,부산광역시,일반판매,아파트,부당행위
2024006915,2024-02-01,여자,30 - 39세,경기도,모바일거래,국내캠프,계약불이행(불완전이행)
2024006916,2024-02-01,남자,20 - 29세,강원특별자치도,소셜커머스(쇼핑),냉장고,계약불이행(불완전이행)
2024006917,2024-02-01,남자,30 - 39세,경상북도,일반판매,헬스장,계약해제.해지/위약금
2024006918,2024-02-01,여자,20 - 29세,경기도,일반판매,외식,안전(제품/시설)
2024006919,2024-02-01,여자,30 - 39세,서울특별시,일반판매,피부·체형관리서비스,계약해제.해지/위약금
2024006920,2024-02-01,여자,30 - 39세,경상남도,일반판매,기타사설강습서비스,계약해제.해지/위약금
2024006921,2024-02-01,여자,30 - 39세,서울특별시,국내온라인거래,기타신발·용품,무능력자계약
2024006922,2024-02-01,남자,30 - 39세,서울특별시,국내온라인거래,소파,계약해제.해지/위약금
2024006923,2024-02-01,여자,30 - 39세,경기도,일반판매,기타미분류서비스,품질(물품/용역)
2024006924,2024-02-01,여자,20 - 29세,경기도,국내온라인거래,전기구강세정기,청약철회
2024006925,2024-02-01,여자,20 - 29세,제주도,국내온라인거래,기타숙박시설,계약해제.해지/위약금
2024006926,2024-02-01,여자,30 - 39세,전라남도,국내온라인거래,애완동·식물용품,청약철회
2024006927,2024-02-01,여자,40 - 49세,경기도,기타통신판매,건물청소서비스,계약불이행(불완전이행)
2024006928,2024-02-01,남자,40 - 49세,경기도,국내온라인거래,선어(생선),계약불이행(불완전이행)
2024006929,2024-02-01,여자,40 - 49세,경기도,모바일거래,기타사무용품,표시.광고
2024006930,2024-02-01,여자,40 - 49세,인천광역시,국내온라인거래,기타의류·섬유,청약철회
2024006931,2024-02-01,여자,30 - 39세,전라북도,모바일거래,숙녀화(구두·부츠 등),계약불이행(불완전이행)
2024006933,2024-02-02,여자,40 - 49세,서울특별시,국내온라인거래,숙녀화(구두·부츠 등),계약불이행(불완전이행)
2024006934,2024-02-02,여자,30 - 39세,서울특별시,일반판매,이동전화서비스,계약불이행(불완전이행)
2024006935,2024-02-02,남자,70 - 79세,전라남도,일반판매,건강(암·기타질병)보험,약관
2024006936,2024-02-02,여자,불명,부산광역시,국내온라인거래,스마트폰,계약불이행(불완전이행)
2024006938,2024-02-26,남자,60 - 64세,경기도,일반판매,운동화,품질(물품/용역)
2024006939,2024-02-02,남자,50 - 59세,부산광역시,소셜커머스(쇼핑),기타건강식품,계약불이행(불완전이행)
2024006940,2024-02-26,남자,30 - 39세,서울특별시,국내온라인거래,전문스포츠화(축구화·골프화 등),품질(물품/용역)
2024006941,2024-02-02,남자,50 - 59세,충청북도,일반판매,자동차수리·점검,품질(물품/용역)
2024006942,2024-02-02,남자,30 - 39세,세종특별자치시,일반판매,기타문화·오락시설이용,안전(제품/시설)
2024006943,2024-02-02,남자,50 - 59세,인천광역시,기타통신판매,인터넷정보이용서비스,청약철회
2024006944,2024-02-02,여자,40 - 49세,서울특별시,국내온라인거래,숙녀화(구두·부츠 등),청약철회
2024006945,2024-02-02,남자,30 - 39세,경기도,모바일거래,전동킥보드,품질(물품/용역)
2024006946,2024-02-02,남자,60 - 64세,서울특별시,일반판매,공기청정기,품질(물품/용역)
2024006947,2024-02-02,남자,65 - 69세,경상남도,국내온라인거래,유사투자자문,계약해제.해지/위약금
2024006948,2024-02-02,여자,40 - 49세,경상남도,일반판매,인터넷교육서비스,계약해제.해지/위약금
2024006949,2024-02-02,남자,40 - 49세,경기도,국내온라인거래,헤드폰·이어폰,청약철회
2024006950,2024-02-02,여자,60 - 64세,서울특별시,소셜커머스(쇼핑),믹서기,청약철회
2024006952,2024-02-02,여자,40 - 49세,전라북도,국내온라인거래,니트(스웨터),청약철회
2024006954,2024-02-02,여자,60 - 64세,경기도,일반판매,헬스장,계약해제.해지/위약금
2024006955,2024-02-02,여자,30 - 39세,경기도,모바일거래,신유형상품권,계약해제.해지/위약금
2024006956,2024-02-02,남자,40 - 49세,서울특별시,국내온라인거래,헤드폰·이어폰,계약불이행(불완전이행)
2024006957,2024-02-08,여자,30 - 39세,서울특별시,국내온라인거래,숙녀복하의,품질(물품/용역)
2024006958,2024-02-02,여자,30 - 39세,경기도,소셜커머스(쇼핑),숙녀화(구두·부츠 등),계약불이행(불완전이행)
2024006959,2024-02-02,여자,40 - 49세,경기도,일반판매,캐주얼바지,청약철회
2024006960,2024-02-02,남자,30 - 39세,경기도,일반판매,헤드폰·이어폰,계약불이행(불완전이행)
2024006961,2024-02-02,여자,30 - 39세,인천광역시,일반판매,헬스장,계약해제.해지/위약금
2024006963,2024-02-02,여자,20 - 29세,서울특별시,국내온라인거래,냉장고,청약철회
2024006964,2024-02-02,남자,50 - 59세,서울특별시,국내온라인거래,기타미분류서비스,부당행위
2024006965,2024-02-02,여자,10 - 19세,서울특별시,일반판매,외국어강습,계약해제.해지/위약금
2024006966,2024-02-02,남자,60 - 64세,경기도,일반판매,화장실설비,품질(물품/용역)
2024006967,2024-02-02,여자,30 - 39세,부산광역시,국내온라인거래,기타건강식품,계약해제.해지/위약금
2024006968,2024-02-02,남자,40 - 49세,대전광역시,일반판매,미용서비스,계약불이행(불완전이행)
2024006969,2024-02-02,남자,50 - 59세,전라남도,국내온라인거래,애완견,청약철회
2024006971,2024-02-02,남자,65 - 69세,경상북도,기타통신판매,TV,AS불만
2024006972,2024-02-02,남자,50 - 59세,경상북도,국내온라인거래,이동전화서비스,품질(물품/용역)
2024006973,2024-02-02,남자,30 - 39세,부산광역시,소셜커머스(쇼핑),숙녀화(구두·부츠 등),청약철회
2024006975,2024-02-02,남자,40 - 49세,서울특별시,일반판매,소파,계약불이행(불완전이행)
2024006977,2024-02-02,여자,30 - 39세,경기도,국내온라인거래,사진촬영,계약해제.해지/위약금
2024006981,2024-02-02,남자,불명,전라남도,기타통신판매,정수기대여(렌트),부당행위
2024006982,2024-02-02,남자,60 - 64세,서울특별시,전화권유판매,기타건강식품,청약철회
2024006983,2024-02-02,여자,40 - 49세,서울특별시,국내온라인거래,숙녀화(구두·부츠 등),계약해제.해지/위약금
2024006984,2024-02-02,여자,40 - 49세,서울특별시,소셜커머스(쇼핑),기타의류·섬유,계약불이행(불완전이행)
2024006985,2024-02-02,남자,30 - 39세,서울특별시,일반판매,애완고양이,청약철회
2024006986,2024-02-19,여자,65 - 69세,부산광역시,일반판매,남자용내의류,품질(물품/용역)
2024006987,2024-02-02,여자,30 - 39세,서울특별시,국내온라인거래,호텔,품질(물품/용역)
2024006988,2024-02-02,여자,30 - 39세,충청북도,국내온라인거래,호텔,부당행위
2024006989,2024-02-02,남자,65 - 69세,인천광역시,국내온라인거래,가스레인지,계약해제.해지/위약금
2024006990,2024-02-02,남자,50 - 59세,강원특별자치도,기타통신판매,캐주얼바지,계약불이행(불완전이행)
2024006991,2024-02-02,여자,65 - 69세,경기도,기타,상해보험,계약불이행(불완전이행)
2024006992,2024-02-02,여자,30 - 39세,서울특별시,국내온라인거래,냉장고,AS불만
2024006993,2024-02-02,남자,20 - 29세,경기도,일반판매,미용서비스,계약불이행(불완전이행)
2024006994,2024-02-02,남자,50 - 59세,경기도,방문판매,상조서비스,계약해제.해지/위약금
2024006995,2024-02-02,남자,80세이상,대구광역시,TV홈쇼핑,안마의자,AS불만
2024006996,2024-02-02,남자,30 - 39세,서울특별시,일반판매,골프용품,AS불만
2024006998,2024-02-02,여자,30 - 39세,경기도,일반판매,숙녀화(구두·부츠 등),계약불이행(불완전이행)
2024007000,2024-02-02,여자,30 - 39세,경기도,일반판매,기타신변용품,계약해제.해지/위약금
2024007001,2024-02-02,여자,20 - 29세,충청남도,일반판매,기타신발·용품,계약불이행(불완전이행)
2024007002,2024-02-02,남자,20 - 29세,서울특별시,일반판매,중고자동차중개·매매,품질(물품/용역)
2024007003,2024-02-08,남자,50 - 59세,대구광역시,일반판매,점퍼·재킷류,품질(물품/용역)
2024007005,2024-02-02,남자,30 - 39세,경기도,국내온라인거래,식탁,품질(물품/용역)
2024007006,2024-02-02,여자,40 - 49세,인천광역시,일반판매,기타조리기기·기구,AS불만
2024007008,2024-02-02,남자,50 - 59세,경기도,일반판매,실손보험,계약불이행(불완전이행)
2024007009,2024-02-02,남자,40 - 49세,대구광역시,TV홈쇼핑,차량용블랙박스,계약불이행(불완전이행)
2024007010,2024-02-02,남자,50 - 59세,경기도,일반판매,경승용차,AS불만
2024007011,2024-02-08,여자,50 - 59세,대전광역시,일반판매,점퍼·재킷류,품질(물품/용역)
2024007013,2024-02-02,남자,30 - 39세,서울특별시,국내온라인거래,컴퓨터수리,계약불이행(불완전이행)
2024007014,2024-02-02,여자,30 - 39세,부산광역시,기타,자동차세차,계약불이행(불완전이행)
2024007015,2024-02-02,여자,50 - 59세,서울특별시,일반판매,기타인테리어설비,품질(물품/용역)
2024007016,2024-02-02,남자,40 - 49세,충청남도,일반판매,기타자동차용품,AS불만
2024007017,2024-02-02,남자,40 - 49세,경기도,일반판매,자동차대여(렌트),계약해제.해지/위약금
2024007018,2024-02-26,남자,50 - 59세,경상남도,일반판매,샌들·슬리퍼,품질(물품/용역)
2024007019,2024-02-02,남자,40 - 49세,서울특별시,모바일거래,기타건강식품,계약해제.해지/위약금
2024007020,2024-02-19,여자,40 - 49세,부산광역시,국내온라인거래,캐주얼바지,품질(물품/용역)
2024007021,2024-02-02,남자,10세 미만,경상북도,일반판매,외과,품질(물품/용역)
2024007022,2024-02-02,남자,20 - 29세,경상남도,일반판매,캐주얼바지,계약불이행(불완전이행)
2024007023,2024-02-02,여자,40 - 49세,서울특별시,국내온라인거래,라텍스매트리스,계약불이행(불완전이행)
2024007024,2024-02-02,남자,50 - 59세,서울특별시,국내온라인거래,신용카드,약관
2024007025,2024-02-26,여자,50 - 59세,울산광역시,일반판매,운동화,품질(물품/용역)
2024007026,2024-02-02,여자,40 - 49세,경기도,소셜커머스(쇼핑),화장품세트,계약해제.해지/위약금
2024007027,2024-02-02,여자,60 - 64세,경상북도,국내온라인거래,화장품세트,계약해제.해지/위약금
2024007028,2024-02-02,여자,60 - 64세,대전광역시,국내온라인거래,비타민제,계약해제.해지/위약금
2024007029,2024-02-14,남자,30 - 39세,서울특별시,일반판매,양복(서양식 의복)세탁,품질(물품/용역)
2024007030,2024-02-02,남자,40 - 49세,서울특별시,일반판매,항공여객운송서비스,계약해제.해지/위약금
2024007031,2024-02-02,여자,20 - 29세,대전광역시,일반판매,숙녀복세트,청약철회
2024007033,2024-02-02,남자,30 - 39세,대전광역시,국내온라인거래,항공여객운송서비스,품질(물품/용역)
2024007034,2024-02-02,여자,40 - 49세,경기도,기타통신판매,인터넷교육서비스,계약해제.해지/위약금
2024007035,2024-02-02,여자,20 - 29세,경기도,국내온라인거래,숙녀화(구두·부츠 등),청약철회
2024007036,2024-02-02,여자,30 - 39세,충청남도,전화권유판매,기타매체광고,계약해제.해지/위약금
2024007037,2024-02-02,남자,20 - 29세,인천광역시,방문판매,예식서비스,청약철회
2024007038,2024-02-02,여자,30 - 39세,경기도,국내온라인거래,숙녀화(구두·부츠 등),계약불이행(불완전이행)
2024007040,2024-02-02,남자,70 - 79세,부산광역시,일반판매,이동전화서비스,계약불이행(불완전이행)
2024007041,2024-02-02,남자,70 - 79세,서울특별시,일반판매,고구마,품질(물품/용역)
2024007043,2024-02-02,여자,60 - 64세,부산광역시,TV홈쇼핑,화장실설비,계약해제.해지/위약금
2024007044,2024-02-02,여자,20 - 29세,서울특별시,국내온라인거래,항공여객운송서비스,계약해제.해지/위약금
2024007045,2024-02-02,여자,50 - 59세,경기도,국내온라인거래,숙녀화(구두·부츠 등),청약철회
2024007046,2024-02-02,여자,30 - 39세,부산광역시,국내온라인거래,액자,청약철회
2024007048,2024-02-02,여자,50 - 59세,인천광역시,국내온라인거래,숙녀화(구두·부츠 등),계약해제.해지/위약금
2024007049,2024-02-02,여자,30 - 39세,서울특별시,모바일거래,각종공연관람,계약해제.해지/위약금
2024007050,2024-02-02,여자,65 - 69세,인천광역시,기타,실손보험,계약불이행(불완전이행)
2024007051,2024-02-02,남자,40 - 49세,경기도,전화권유판매,유사투자자문,계약해제.해지/위약금
2024007052,2024-02-02,여자,50 - 59세,서울특별시,기타,포장이사운송서비스,계약불이행(불완전이행)
2024007053,2024-02-02,남자,20 - 29세,경기도,일반판매,스마트폰,계약불이행(불완전이행)
2024007054,2024-02-02,여자,20 - 29세,서울특별시,국내온라인거래,기타서적음반류,품질(물품/용역)
2024007056,2024-02-02,남자,60 - 64세,서울특별시,국내온라인거래,냉장고,계약불이행(불완전이행)
2024007058,2024-02-02,남자,불명,충청남도,기타,헤드폰·이어폰,계약불이행(불완전이행)
2024007059,2024-02-02,남자,30 - 39세,인천광역시,국내온라인거래,신사복세트,계약불이행(불완전이행)
2024007060,2024-02-02,여자,20 - 29세,경기도,국내온라인거래,감귤,계약해제.해지/위약금
2024007061,2024-02-02,여자,30 - 39세,서울특별시,일반판매,피부과,품질(물품/용역)
2024007062,2024-02-02,남자,65 - 69세,경상남도,전화권유판매,모바일정보이용서비스,계약불이행(불완전이행)
2024007063,2024-02-08,여자,40 - 49세,인천광역시,일반판매,양복(서양식 의복)세탁,품질(물품/용역)
2024007064,2024-02-02,남자,40 - 49세,서울특별시,일반판매,중고자동차중개·매매,품질(물품/용역)
2024007065,2024-02-02,남자,40 - 49세,서울특별시,일반판매,인터넷교육서비스,계약불이행(불완전이행)
2024007066,2024-02-02,여자,40 - 49세,서울특별시,국내온라인거래,국외여행,계약불이행(불완전이행)
2024007067,2024-02-02,여자,40 - 49세,경기도,일반판매,숙녀화(구두·부츠 등),계약해제.해지/위약금
2024007068,2024-02-02,여자,40 - 49세,서울특별시,국내온라인거래,숙녀화(구두·부츠 등),계약불이행(불완전이행)
2024007069,2024-02-02,여자,30 - 39세,인천광역시,일반판매,프린터,품질(물품/용역)
2024007070,2024-02-02,남자,40 - 49세,경상남도,일반판매,대형승용자동차,품질(물품/용역)
2024007072,2024-02-02,여자,40 - 49세,서울특별시,국내온라인거래,숙녀화(구두·부츠 등),청약철회
2024007073,2024-02-02,여자,30 - 39세,인천광역시,일반판매,쪽매마루판,부당행위
2024007074,2024-02-02,여자,30 - 39세,서울특별시,국내온라인거래,기타일반화장품,청약철회
2024007075,2024-02-02,남자,50 - 59세,울산광역시,일반판매,건강(암·기타질병)보험,계약불이행(불완전이행)
2024007076,2024-02-02,여자,70 - 79세,서울특별시,일반판매,포장이사운송서비스,계약해제.해지/위약금
2024007079,2024-02-02,여자,30 - 39세,경기도,모바일거래,사진촬영,부당행위
2024007080,2024-02-02,여자,50 - 59세,경기도,국내온라인거래,음식물처리기대여(렌트),계약해제.해지/위약금
2024007081,2024-02-02,남자,20 - 29세,경기도,국내온라인거래,기타의류·섬유,계약불이행(불완전이행)
2024007101,2024-02-02,남자,50 - 59세,서울특별시,국내온라인거래,노트북컴퓨터,AS불만
2024007102,2024-02-02,남자,10 - 19세,대구광역시,국내온라인거래,헤드폰·이어폰,청약철회
2024007103,2024-02-02,남자,30 - 39세,서울특별시,국내온라인거래,태블릿PC,품질(물품/용역)
2024007104,2024-02-02,여자,30 - 39세,제주도,일반판매,국외여행,품질(물품/용역)
2024007105,2024-02-02,여자,30 - 39세,인천광역시,모바일거래,작동완구,품질(물품/용역)
2024007106,2024-02-02,여자,40 - 49세,서울특별시,국내온라인거래,아동복,청약철회
2024007107,2024-02-02,남자,40 - 49세,경기도,전화권유판매,인터넷정보이용서비스,계약불이행(불완전이행)
2024007108,2024-02-02,남자,30 - 39세,강원특별자치도,소셜커머스(쇼핑),사진촬영,부당행위
2024007109,2024-02-02,남자,30 - 39세,경기도,전화권유판매,이동전화서비스,계약해제.해지/위약금
2024007110,2024-02-02,여자,30 - 39세,인천광역시,국내온라인거래,숙녀화(구두·부츠 등),계약불이행(불완전이행)
2024007111,2024-02-02,남자,20 - 29세,서울특별시,일반판매,항공여객운송서비스,계약불이행(불완전이행)
2024007112,2024-02-02,여자,50 - 59세,경기도,일반판매,기타건강식품,계약불이행(불완전이행)
2024007113,2024-02-02,남자,30 - 39세,서울특별시,일반판매,건물청소서비스,계약해제.해지/위약금
2024007114,2024-02-02,여자,30 - 39세,서울특별시,국내온라인거래,냉장고,품질(물품/용역)
2024007115,2024-02-02,남자,40 - 49세,인천광역시,일반판매,기타인테리어설비,계약해제.해지/위약금
2024007116,2024-02-02,여자,60 - 64세,경상남도,일반판매,서랍장,표시.광고
2024007117,2024-02-02,여자,30 - 39세,서울특별시,국내온라인거래,니트(스웨터),청약철회
2024007118,2024-02-02,여자,20 - 29세,서울특별시,일반판매,미용서비스,계약불이행(불완전이행)
2024007119,2024-02-02,여자,40 - 49세,경기도,일반판매,정수기대여(렌트),AS불만
2024007120,2024-02-02,여자,20 - 29세,경기도,기타,헤드폰·이어폰,청약철회
2024007121,2024-02-02,여자,20 - 29세,세종특별자치시,국내온라인거래,각종공연관람,계약해제.해지/위약금
2024007122,2024-02-02,남자,30 - 39세,경상북도,국내온라인거래,점퍼·재킷류,청약철회
2024007123,2024-02-02,남자,50 - 59세,서울특별시,국내온라인거래,커피메이커,품질(물품/용역)
2024007124,2024-02-02,여자,20 - 29세,전라북도,일반판매,항공여객운송서비스,품질(물품/용역)
2024007125,2024-02-02,남자,30 - 39세,서울특별시,모바일거래,기타컴퓨터·주변기기,단순문의.상담
2024007126,2024-02-02,남자,40 - 49세,서울특별시,국내온라인거래,노트북컴퓨터,품질(물품/용역)
2024007127,2024-02-02,여자,30 - 39세,서울특별시,일반판매,피부·체형관리서비스,계약해제.해지/위약금
2024007128,2024-02-02,여자,30 - 39세,서울특별시,국내온라인거래,책장·서가,품질(물품/용역)
2024007129,2024-02-02,여자,30 - 39세,경기도,일반판매,골프용품,AS불만
2024007130,2024-02-02,여자,20 - 29세,경기도,국내온라인거래,원피스,계약불이행(불완전이행)
2024007131,2024-02-02,여자,30 - 39세,경기도,일반판매,미용서비스,부당행위
2024007132,2024-02-02,여자,50 - 59세,광주광역시,국제온라인거래,항공여객운송서비스,계약불이행(불완전이행)
2024007133,2024-02-02,여자,30 - 39세,대구광역시,국내온라인거래,각종공연관람,품질(물품/용역)
2024007134,2024-02-02,여자,40 - 49세,서울특별시,기타통신판매,기타건강식품,품질(물품/용역)
2024007135,2024-02-02,남자,30 - 39세,경기도,기타통신판매,인터넷교육서비스,품질(물품/용역)
2024007136,2024-02-02,남자,30 - 39세,경기도,국내온라인거래,기타정보이용서비스,청약철회
2024007137,2024-02-02,여자,60 - 64세,부산광역시,일반판매,기타공조·냉난방기기,품질(물품/용역)
2024007138,2024-02-02,여자,30 - 39세,인천광역시,전화권유판매,방송광고,계약해제.해지/위약금
2024007139,2024-02-02,남자,40 - 49세,서울특별시,국내온라인거래,기타미분류서비스,부당행위
2024007140,2024-02-02,여자,50 - 59세,서울특별시,일반판매,기타이·미용기구,계약해제.해지/위약금
2024007141,2024-02-02,여자,20 - 29세,서울특별시,국내온라인거래,스프링매트리스,청약철회
2024007142,2024-02-02,남자,40 - 49세,서울특별시,일반판매,미용서비스,계약해제.해지/위약금
2024007143,2024-02-02,여자,30 - 39세,경기도,기타통신판매,이동전화서비스,가격.요금
2024007144,2024-02-02,여자,50 - 59세,경상남도,국내온라인거래,전기진공청소기,계약불이행(불완전이행)
2024007145,2024-02-02,여자,30 - 39세,부산광역시,일반판매,기타의류·섬유,품질(물품/용역)
2024007146,2024-02-02,남자,50 - 59세,인천광역시,일반판매,기름보일러,안전(제품/시설)
2024007147,2024-02-02,여자,30 - 39세,충청북도,국내온라인거래,"OTT서비스(넷플릭스,왓챠 등)",품질(물품/용역)
2024007148,2024-02-02,여자,40 - 49세,경상북도,소셜커머스(쇼핑),선어(생선),청약철회
2024007149,2024-02-02,남자,20 - 29세,서울특별시,방문판매,인터넷교육서비스,계약해제.해지/위약금
2024007150,2024-02-02,여자,40 - 49세,경상북도,국내온라인거래,기타의류·섬유,청약철회
2024007151,2024-02-02,여자,40 - 49세,경기도,국내온라인거래,헬스장,계약해제.해지/위약금
2024007152,2024-02-02,여자,30 - 39세,경기도,일반판매,미용서비스,계약불이행(불완전이행)
2024007153,2024-02-02,남자,50 - 59세,경기도,국내온라인거래,항공여객운송서비스,계약해제.해지/위약금
2024007154,2024-02-02,여자,30 - 39세,제주도,국내온라인거래,기타의류·섬유,청약철회
2024007155,2024-02-02,남자,60 - 64세,대구광역시,일반판매,마른멸치,품질(물품/용역)
2024007156,2024-02-02,남자,30 - 39세,경기도,국내온라인거래,쇠고기,청약철회
2024007157,2024-02-02,남자,20 - 29세,경기도,국내온라인거래,헤드폰·이어폰,계약불이행(불완전이행)
2024007158,2024-02-02,여자,30 - 39세,경기도,다단계판매,기타회원권,계약불이행(불완전이행)
2024007159,2024-02-02,남자,40 - 49세,전라북도,국내온라인거래,스포츠웨어,청약철회
2024007160,2024-02-02,여자,30 - 39세,서울특별시,일반판매,종합체육시설회원권,부당행위
2024007161,2024-02-02,여자,65 - 69세,서울특별시,전화권유판매,기타정보이용서비스,계약해제.해지/위약금
2024007162,2024-02-02,여자,30 - 39세,전라북도,전화권유판매,기타보관서비스,계약해제.해지/위약금
2024007163,2024-02-02,남자,50 - 59세,서울특별시,기타,승강설비,품질(물품/용역)
2024007164,2024-02-02,여자,30 - 39세,서울특별시,일반판매,"연회서비스(돌잔치,회갑 등)",계약해제.해지/위약금
2024007165,2024-02-02,남자,40 - 49세,경기도,국내온라인거래,스캐너,청약철회
2024007166,2024-02-02,남자,50 - 59세,서울특별시,일반판매,떡류,안전(제품/시설)
2024007167,2024-02-02,여자,30 - 39세,경상북도,전화권유판매,기타매체광고,계약해제.해지/위약금
2024007168,2024-02-02,남자,50 - 59세,경기도,국내온라인거래,기타옥외장비·설비,청약철회
2024007169,2024-02-02,여자,40 - 49세,인천광역시,일반판매,일반강습(입시학원등),계약해제.해지/위약금
2024007170,2024-02-02,남자,30 - 39세,서울특별시,방문판매,헬스장,계약해제.해지/위약금
2024007171,2024-02-02,남자,30 - 39세,서울특별시,방문판매,헬스장,계약해제.해지/위약금
2024007172,2024-02-02,여자,60 - 64세,경기도,전화권유판매,초고속인터넷,계약해제.해지/위약금
2024007173,2024-02-02,여자,20 - 29세,충청남도,소셜커머스(쇼핑),레저시설이용,계약해제.해지/위약금
2024007174,2024-02-02,여자,20 - 29세,경기도,모바일거래,필라테스,계약해제.해지/위약금
2024007175,2024-02-02,남자,30 - 39세,대구광역시,기타,건물청소서비스,계약해제.해지/위약금
2024007176,2024-02-02,여자,30 - 39세,경기도,일반판매,"연회서비스(돌잔치,회갑 등)",계약해제.해지/위약금
2024007177,2024-02-02,남자,50 - 59세,경상북도,모바일거래,호텔,청약철회
2024007178,2024-02-02,남자,20 - 29세,서울특별시,일반판매,항공여객운송서비스,계약불이행(불완전이행)
2024007179,2024-02-02,여자,30 - 39세,서울특별시,일반판매,일반강습(입시학원등),계약해제.해지/위약금
2024007180,2024-02-02,여자,20 - 29세,서울특별시,국내온라인거래,숙녀화(구두·부츠 등),청약철회
2024007181,2024-02-02,남자,불명,서울특별시,국제온라인거래,항공여객운송서비스,계약해제.해지/위약금
2024007182,2024-02-02,남자,50 - 59세,경기도,국내온라인거래,기타스포츠·레저기구·용품,품질(물품/용역)
2024007183,2024-02-02,남자,30 - 39세,경기도,전화권유판매,국내결혼중개,계약해제.해지/위약금
2024007184,2024-02-02,여자,30 - 39세,서울특별시,일반판매,헬스장,계약해제.해지/위약금
2024007185,2024-02-02,남자,40 - 49세,경기도,기타통신판매,어포(생선포),계약해제.해지/위약금
2024007186,2024-02-02,여자,20 - 29세,충청북도,국내온라인거래,핸드백,품질(물품/용역)
2024007187,2024-02-02,남자,30 - 39세,경상남도,국내온라인거래,호텔,계약해제.해지/위약금
2024007188,2024-02-02,여자,40 - 49세,서울특별시,소셜커머스(쇼핑),점퍼·재킷류,청약철회
2024007189,2024-02-02,여자,50 - 59세,경기도,국내온라인거래,항공여객운송서비스,계약해제.해지/위약금
2024007190,2024-02-02,여자,20 - 29세,광주광역시,모바일거래,돼지고기포장육,품질(물품/용역)
2024007191,2024-02-02,여자,50 - 59세,충청남도,일반판매,음식물처리기대여(렌트),AS불만
2024007192,2024-02-02,여자,20 - 29세,서울특별시,국내온라인거래,각종공연관람,계약불이행(불완전이행)
2024007193,2024-02-02,남자,30 - 39세,세종특별자치시,국내온라인거래,호텔,청약철회
2024007194,2024-02-02,남자,40 - 49세,서울특별시,일반판매,국내결혼중개,계약해제.해지/위약금
2024007195,2024-02-02,남자,30 - 39세,경기도,소셜커머스(쇼핑),노트북컴퓨터,품질(물품/용역)
2024007196,2024-02-02,여자,50 - 59세,충청남도,국내온라인거래,헤어드라이어,계약해제.해지/위약금
2024007197,2024-02-02,여자,30 - 39세,경기도,국내온라인거래,기타의류·섬유,품질(물품/용역)
2024007198,2024-02-02,여자,30 - 39세,강원특별자치도,소셜커머스(쇼핑),여자용내의류,청약철회
2024007199,2024-02-02,남자,70 - 79세,경기도,일반판매,휠체어,품질(물품/용역)
2024007200,2024-02-02,여자,30 - 39세,경기도,기타통신판매,건물청소서비스,품질(물품/용역)
2024007201,2024-02-03,여자,30 - 39세,서울특별시,기타,컴퓨터수리,품질(물품/용역)
2024007202,2024-02-03,여자,50 - 59세,서울특별시,일반판매,영양크림류,품질(물품/용역)
2024007203,2024-02-03,남자,20 - 29세,전라북도,기타,헬스장,계약해제.해지/위약금
2024007204,2024-02-03,여자,30 - 39세,서울특별시,일반판매,민간자격(능력)시험,부당행위
2024007205,2024-02-03,남자,50 - 59세,충청남도,TV홈쇼핑,정수기대여(렌트),계약불이행(불완전이행)
2024007206,2024-02-03,남자,65 - 69세,서울특별시,기타,국외여행,계약불이행(불완전이행)
2024007207,2024-02-03,남자,30 - 39세,서울특별시,모바일거래,외식,품질(물품/용역)
2024007208,2024-02-03,여자,40 - 49세,경기도,소셜커머스(쇼핑),미술전시관람,계약해제.해지/위약금
2024007209,2024-02-03,여자,30 - 39세,대전광역시,기타통신판매,국외여행,청약철회
2024007210,2024-02-03,여자,20 - 29세,인천광역시,일반판매,국내결혼중개,계약해제.해지/위약금
2024007211,2024-02-03,여자,20 - 29세,경기도,국내온라인거래,전기포트,품질(물품/용역)
2024007212,2024-02-03,남자,30 - 39세,인천광역시,방문판매,결혼준비대행서비스,청약철회
2024007213,2024-02-03,남자,40 - 49세,경기도,TV홈쇼핑,소파,품질(물품/용역)
2024007214,2024-02-03,남자,40 - 49세,서울특별시,국제온라인거래,호텔,계약해제.해지/위약금
2024007215,2024-02-03,남자,20 - 29세,대구광역시,모바일거래,단행본,계약불이행(불완전이행)
2024007216,2024-02-03,남자,30 - 39세,서울특별시,국내온라인거래,기타가구,AS불만
2024007301,2024-02-04,여자,50 - 59세,경기도,국내온라인거래,기타일반화장품,청약철회
2024007302,2024-02-04,여자,65 - 69세,경기도,방문판매,우유,가격.요금
2024007303,2024-02-04,여자,40 - 49세,서울특별시,국내온라인거래,점퍼·재킷류,청약철회
2024007304,2024-02-04,남자,40 - 49세,충청남도,모바일거래,영화관람,품질(물품/용역)
2024007305,2024-02-04,여자,30 - 39세,서울특별시,국내온라인거래,호텔,계약해제.해지/위약금
2024007306,2024-02-04,남자,65 - 69세,충청남도,일반판매,전기포트,품질(물품/용역)
2024007307,2024-02-04,남자,40 - 49세,경기도,국제온라인거래,기타숙박시설,가격.요금
2024007308,2024-02-04,남자,30 - 39세,서울특별시,국내온라인거래,유모차,품질(물품/용역)
2024007309,2024-02-04,여자,30 - 39세,대전광역시,기타,기타미분류서비스,부당행위
2024007310,2024-02-04,여자,40 - 49세,부산광역시,일반판매,기타인테리어설비,계약불이행(불완전이행)
2024007311,2024-02-04,여자,20 - 29세,경기도,일반판매,양복(서양식 의복)세탁,품질(물품/용역)
2024007312,2024-02-02,남자,40 - 49세,세종특별자치시,기타,철도여객운송서비스,부당행위
2024007313,2024-02-05,남자,60 - 64세,충청북도,국내온라인거래,전기면도기,AS불만
2024007314,2024-02-05,남자,50 - 59세,서울특별시,기타,가스에어컨,계약해제.해지/위약금
2024007315,2024-02-05,남자,40 - 49세,경상북도,기타,아파트,품질(물품/용역)
2024007316,2024-02-05,남자,30 - 39세,경기도,기타,오피스텔,표시.광고
2024007318,2024-02-05,여자,30 - 39세,울산광역시,기타,피부·체형관리서비스,계약불이행(불완전이행)
2024007319,2024-02-05,여자,60 - 64세,인천광역시,일반판매,시계,품질(물품/용역)
2024007320,2024-02-05,남자,60 - 64세,경기도,일반판매,택배화물운송서비스,AS불만
2024007321,2024-02-05,남자,30 - 39세,대전광역시,국내온라인거래,영양크림류,품질(물품/용역)
2024007322,2024-02-05,여자,30 - 39세,경기도,국내온라인거래,캐주얼바지,청약철회
2024007324,2024-02-08,남자,30 - 39세,경상북도,일반판매,양복(서양식 의복)세탁,품질(물품/용역)
2024007325,2024-02-05,여자,50 - 59세,경기도,TV홈쇼핑,전기압력밥솥,품질(물품/용역)
2024007326,2024-02-05,남자,20 - 29세,인천광역시,전화권유판매,인터넷교육서비스,계약해제.해지/위약금
2024007327,2024-02-05,여자,40 - 49세,서울특별시,방문판매,기타방문·통신교육서비스,계약해제.해지/위약금
2024007329,2024-02-05,남자,불명,서울특별시,일반판매,자동차주차장,계약해제.해지/위약금
2024007330,2024-02-05,여자,20 - 29세,세종특별자치시,일반판매,스포츠시설이용,계약해제.해지/위약금
2024007331,2024-02-19,여자,40 - 49세,대구광역시,일반판매,이불·요,품질(물품/용역)
2024007332,2024-02-05,여자,30 - 39세,서울특별시,국내온라인거래,항공여객운송서비스,가격.요금
2024007333,2024-02-05,남자,30 - 39세,경기도,기타,포장이사운송서비스,계약불이행(불완전이행)
2024007334,2024-02-05,여자,30 - 39세,경기도,모바일거래,전기온수장판,품질(물품/용역)
2024007335,2024-02-05,남자,20 - 29세,대구광역시,국내온라인거래,펜션,계약해제.해지/위약금
2024007336,2024-02-05,남자,40 - 49세,울산광역시,일반판매,스마트폰,AS불만
2024007337,2024-02-05,남자,30 - 39세,충청북도,기타,국외여행,계약해제.해지/위약금
2024007338,2024-02-05,남자,20 - 29세,제주도,소셜커머스(쇼핑),헤드폰·이어폰,청약철회
2024007339,2024-02-05,남자,50 - 59세,부산광역시,일반판매,자동차대여(렌트),부당행위
2024007340,2024-02-05,남자,70 - 79세,전라북도,국내온라인거래,전기맛사지기,청약철회
2024007341,2024-02-05,여자,40 - 49세,인천광역시,일반판매,신유형상품권,약관
2024007342,2024-02-05,여자,20 - 29세,부산광역시,국내온라인거래,인터넷교육서비스,계약해제.해지/위약금
2024007343,2024-02-05,여자,20 - 29세,인천광역시,일반판매,방습제,품질(물품/용역)
2024007344,2024-02-05,남자,30 - 39세,경기도,국내온라인거래,기타인테리어설비,품질(물품/용역)
2024007345,2024-02-05,여자,65 - 69세,인천광역시,일반판매,도시가스,계약불이행(불완전이행)
2024007346,2024-02-05,남자,40 - 49세,경기도,기타통신판매,안경·안경테,계약불이행(불완전이행)
2024007347,2024-02-05,여자,50 - 59세,경기도,기타통신판매,텐트,품질(물품/용역)
2024007348,2024-02-05,남자,30 - 39세,제주도,모바일거래,호텔,계약해제.해지/위약금
2024007351,2024-02-05,남자,60 - 64세,대구광역시,국내온라인거래,유사투자자문,계약해제.해지/위약금
2024007352,2024-02-13,여자,20 - 29세,경기도,일반판매,양복(서양식 의복)세탁,품질(물품/용역)
2024007353,2024-02-05,남자,40 - 49세,광주광역시,모바일거래,쇠고기포장육,청약철회
2024007355,2024-02-08,여자,30 - 39세,강원특별자치도,일반판매,양복(서양식 의복)세탁,품질(물품/용역)
2024007356,2024-02-05,여자,40 - 49세,인천광역시,소셜커머스(쇼핑),애완동·식물용품,청약철회
2024007357,2024-02-05,여자,50 - 59세,서울특별시,일반판매,정형외과,품질(물품/용역)
2024007358,2024-02-05,남자,40 - 49세,경기도,일반판매,성형외과,품질(물품/용역)
2024007359,2024-02-05,여자,60 - 64세,서울특별시,일반판매,가스보일러,품질(물품/용역)
2024007360,2024-02-05,남자,65 - 69세,경상남도,일반판매,각종자격취득강습,계약불이행(불완전이행)
2024007363,2024-02-05,남자,40 - 49세,인천광역시,방문판매,컴퓨터수리,계약불이행(불완전이행)
2024007364,2024-02-05,여자,30 - 39세,서울특별시,일반판매,숙녀화(구두·부츠 등),AS불만
2024007365,2024-02-05,남자,40 - 49세,경상남도,방문판매,종신보험,계약해제.해지/위약금
2024007367,2024-02-05,남자,30 - 39세,서울특별시,국내온라인거래,신유형상품권,계약해제.해지/위약금
2024007368,2024-02-05,남자,30 - 39세,대전광역시,일반판매,종신보험,계약불이행(불완전이행)
2024007369,2024-02-05,남자,50 - 59세,서울특별시,방문판매,실손보험,계약불이행(불완전이행)
2024007370,2024-02-05,남자,80세이상,세종특별자치시,방문판매,콘도회원권,품질(물품/용역)
2024007371,2024-02-05,남자,70 - 79세,전라남도,방문판매,기타옥외장비·설비,품질(물품/용역)
2024007372,2024-02-08,여자,50 - 59세,경상남도,일반판매,기타간편복,품질(물품/용역)
2024007373,2024-02-05,여자,40 - 49세,대구광역시,국내온라인거래,원피스,품질(물품/용역)
2024007374,2024-02-08,여자,30 - 39세,서울특별시,일반판매,니트(스웨터),품질(물품/용역)
2024007375,2024-02-05,남자,70 - 79세,충청북도,전화권유판매,기타건강식품,무능력자계약
2024007376,2024-02-05,여자,65 - 69세,경기도,일반판매,포장이사운송서비스,계약불이행(불완전이행)
2024007377,2024-02-05,여자,50 - 59세,서울특별시,국내온라인거래,화장품세트,청약철회
2024007378,2024-02-05,여자,30 - 39세,인천광역시,기타통신판매,택배화물운송서비스,계약불이행(불완전이행)
2024007379,2024-02-13,여자,40 - 49세,서울특별시,일반판매,점퍼·재킷류,품질(물품/용역)
2024007380,2024-02-26,남자,30 - 39세,부산광역시,국내온라인거래,전문스포츠화(축구화·골프화 등),품질(물품/용역)
2024007381,2024-02-05,남자,50 - 59세,인천광역시,일반판매,전기자전거,AS불만
2024007382,2024-02-05,남자,60 - 64세,부산광역시,국내온라인거래,항공여객운송서비스,약관
2024007383,2024-02-05,여자,50 - 59세,인천광역시,전화권유판매,인터넷정보이용서비스,계약해제.해지/위약금
2024007384,2024-02-05,여자,50 - 59세,경기도,전화권유판매,유사투자자문,청약철회
2024007385,2024-02-05,남자,60 - 64세,충청북도,국내온라인거래,컴퓨터모니터(데스크탑),AS불만
2024007386,2024-02-05,여자,30 - 39세,경기도,국내온라인거래,기타음료,표시.광고
2024007387,2024-02-14,여자,65 - 69세,경상남도,일반판매,양복(서양식 의복)세탁,품질(물품/용역)
2024007388,2024-02-05,여자,20 - 29세,인천광역시,모바일거래,인터넷정보이용서비스,계약해제.해지/위약금
2024007389,2024-02-05,여자,30 - 39세,부산광역시,기타통신판매,셔츠,청약철회
2024007391,2024-02-05,여자,20 - 29세,부산광역시,국내온라인거래,헤드폰·이어폰,계약해제.해지/위약금
2024007392,2024-02-05,남자,30 - 39세,경기도,소셜커머스(쇼핑),공업용기계,AS불만
2024007393,2024-02-05,여자,30 - 39세,충청남도,모바일거래,숙녀화(구두·부츠 등),계약불이행(불완전이행)
2024007394,2024-02-05,남자,20 - 29세,경기도,기타통신판매,호텔,약관
2024007395,2024-02-05,남자,30 - 39세,광주광역시,일반판매,공기청정기대여(렌트),계약해제.해지/위약금
2024007396,2024-02-05,여자,30 - 39세,울산광역시,국내온라인거래,기타가방,계약불이행(불완전이행)
2024007397,2024-02-05,남자,70 - 79세,부산광역시,일반판매,묘지설비,품질(물품/용역)
2024007398,2024-02-13,여자,65 - 69세,경기도,일반판매,점퍼·재킷류,품질(물품/용역)
2024007399,2024-02-05,여자,40 - 49세,강원특별자치도,방문판매,기타매체광고,청약철회
2024007401,2024-02-05,남자,불명,경기도,기타,기타정보이용서비스,단순문의.상담
2024007403,2024-02-14,여자,30 - 39세,경상남도,일반판매,양복(서양식 의복)세탁,품질(물품/용역)
2024007404,2024-02-05,여자,30 - 39세,경기도,일반판매,헬스장,계약해제.해지/위약금
2024007405,2024-02-14,여자,30 - 39세,경상남도,일반판매,양복(서양식 의복)세탁,품질(물품/용역)
2024007406,2024-02-13,여자,30 - 39세,서울특별시,국내온라인거래,여행용가방,청약철회
2024007407,2024-02-05,여자,40 - 49세,인천광역시,국내온라인거래,코트,청약철회
2024007408,2024-02-05,남자,20 - 29세,경상남도,일반판매,헬스장,계약해제.해지/위약금
2024007409,2024-02-05,여자,40 - 49세,인천광역시,방문판매,애완견,계약해제.해지/위약금
2024007410,2024-02-05,여자,30 - 39세,서울특별시,일반판매,헬스장,계약해제.해지/위약금
2024007411,2024-02-05,여자,20 - 29세,충청남도,일반판매,필라테스,계약해제.해지/위약금
2024007412,2024-02-05,여자,20 - 29세,서울특별시,일반판매,헬스장,계약해제.해지/위약금
2024007413,2024-02-05,여자,30 - 39세,충청북도,기타통신판매,컴퓨터수리,계약불이행(불완전이행)
2024007414,2024-02-08,여자,20 - 29세,대구광역시,일반판매,스포츠웨어,품질(물품/용역)
2024007415,2024-02-05,남자,60 - 64세,인천광역시,일반판매,운전강습,계약해제.해지/위약금
2024007416,2024-02-05,남자,70 - 79세,서울특별시,TV홈쇼핑,마스크,품질(물품/용역)
2024007418,2024-02-05,남자,30 - 39세,경기도,국내온라인거래,신유형상품권,계약불이행(불완전이행)
2024007419,2024-02-05,남자,(미입력),경기도,기타,헬스장,계약해제.해지/위약금
2024007420,2024-02-05,여자,40 - 49세,경기도,기타,기타회원권,계약불이행(불완전이행)
2024007421,2024-02-05,여자,20 - 29세,제주도,일반판매,필라테스,계약해제.해지/위약금
2024007422,2024-02-05,여자,30 - 39세,경기도,국내온라인거래,전기장판,품질(물품/용역)
2024007424,2024-02-26,여자,30 - 39세,광주광역시,국내온라인거래,샌들·슬리퍼,품질(물품/용역)
2024007425,2024-02-05,남자,60 - 64세,서울특별시,국내온라인거래,이동전화서비스,청약철회
2024007426,2024-02-05,여자,40 - 49세,경기도,TV홈쇼핑,천연피혁의류,계약불이행(불완전이행)
2024007428,2024-02-05,남자,30 - 39세,부산광역시,전화권유판매,기타매체광고,계약해제.해지/위약금
2024007429,2024-02-05,여자,30 - 39세,경기도,국내온라인거래,숙녀화(구두·부츠 등),청약철회
2024007430,2024-02-05,여자,40 - 49세,강원특별자치도,국내온라인거래,코트,청약철회
2024007432,2024-02-05,남자,40 - 49세,서울특별시,일반판매,국내결혼중개,계약불이행(불완전이행)
2024007433,2024-02-05,남자,20 - 29세,경기도,일반판매,룸에어컨,품질(물품/용역)
2024007434,2024-02-05,남자,30 - 39세,전라남도,일반판매,국제결혼중개,계약해제.해지/위약금
2024007436,2024-02-05,남자,40 - 49세,서울특별시,일반판매,기타자동차부품,계약불이행(불완전이행)
2024007437,2024-02-05,남자,20 - 29세,경기도,일반판매,스마트폰,계약불이행(불완전이행)
2024007438,2024-02-05,여자,50 - 59세,인천광역시,국내온라인거래,신유형상품권,계약해제.해지/위약금
2024007439,2024-02-05,여자,70 - 79세,인천광역시,기타통신판매,포장이사운송서비스,품질(물품/용역)
2024007440,2024-02-05,여자,30 - 39세,경기도,모바일거래,영양보충용제품,계약불이행(불완전이행)
2024007441,2024-02-19,여자,40 - 49세,경기도,일반판매,양복(서양식 의복)세탁,품질(물품/용역)
2024007442,2024-02-05,남자,50 - 59세,서울특별시,일반판매,대형승용자동차,AS불만
2024007443,2024-02-05,여자,30 - 39세,경기도,TV홈쇼핑,국외여행,계약불이행(불완전이행)
2024007444,2024-02-05,남자,30 - 39세,경기도,일반판매,헬스장,계약해제.해지/위약금
2024007445,2024-02-05,여자,30 - 39세,전라남도,국내온라인거래,보석·귀금속,계약불이행(불완전이행)
2024007446,2024-02-19,여자,40 - 49세,서울특별시,일반판매,코트,품질(물품/용역)
2024007447,2024-02-05,여자,30 - 39세,서울특별시,일반판매,사진촬영,계약해제.해지/위약금
2024007448,2024-02-05,남자,40 - 49세,부산광역시,기타통신판매,국내결혼중개,계약불이행(불완전이행)
2024007449,2024-02-05,여자,40 - 49세,서울특별시,국내온라인거래,기타신발·용품,계약불이행(불완전이행)
2024007450,2024-02-05,여자,30 - 39세,서울특별시,일반판매,변호서비스,계약해제.해지/위약금
2024007451,2024-02-19,여자,40 - 49세,대전광역시,TV홈쇼핑,모피·모피의류,품질(물품/용역)
2024007452,2024-02-05,여자,40 - 49세,부산광역시,일반판매,피부·체형관리서비스,품질(물품/용역)
2024007453,2024-02-05,여자,30 - 39세,서울특별시,일반판매,국내결혼중개,계약불이행(불완전이행)
2024007455,2024-02-05,남자,30 - 39세,서울특별시,일반판매,헤드폰·이어폰,계약해제.해지/위약금
2024007456,2024-02-05,여자,50 - 59세,경기도,방문판매,미분류대여(렌트),계약해제.해지/위약금
2024007457,2024-02-05,여자,30 - 39세,서울특별시,국내온라인거래,기타가사장비품,품질(물품/용역)
2024007458,2024-02-05,남자,50 - 59세,충청남도,소셜커머스(쇼핑),감귤,품질(물품/용역)
2024007459,2024-02-05,여자,50 - 59세,서울특별시,방문판매,침대·매트리스대여(렌트),계약해제.해지/위약금
2024007460,2024-02-05,남자,(미입력),강원특별자치도,방문판매,콘도회원권,계약해제.해지/위약금
2024007461,2024-02-05,남자,60 - 64세,경기도,국내온라인거래,기타자동차용품,청약철회
2024007463,2024-02-05,여자,20 - 29세,경기도,국내온라인거래,사진촬영,계약해제.해지/위약금
2024007464,2024-02-05,여자,40 - 49세,서울특별시,일반판매,보석·귀금속,품질(물품/용역)
2024007465,2024-02-05,여자,30 - 39세,서울특별시,국내온라인거래,이동전화서비스,계약불이행(불완전이행)
2024007467,2024-02-05,여자,10 - 19세,인천광역시,일반판매,성형외과,계약해제.해지/위약금
2024007468,2024-02-05,남자,65 - 69세,경상북도,전화권유판매,유사투자자문,계약해제.해지/위약금
2024007469,2024-02-05,여자,30 - 39세,경기도,국내온라인거래,티셔츠,청약철회
2024007470,2024-02-05,남자,40 - 49세,전라북도,일반판매,공기청정기대여(렌트),품질(물품/용역)
2024007471,2024-02-05,남자,60 - 64세,경기도,기타,비뇨의학과,품질(물품/용역)
2024007472,2024-02-05,여자,20 - 29세,부산광역시,일반판매,헬스장,계약해제.해지/위약금
2024007473,2024-02-05,남자,50 - 59세,경기도,일반판매,헬스장,계약해제.해지/위약금
2024007475,2024-02-05,남자,30 - 39세,경기도,일반판매,자동차수리·점검,품질(물품/용역)
2024007476,2024-02-05,여자,20 - 29세,전라북도,방문판매,결혼준비대행서비스,계약해제.해지/위약금
2024007477,2024-02-26,남자,40 - 49세,경기도,일반판매,샌들·슬리퍼,품질(물품/용역)
2024007478,2024-02-05,남자,50 - 59세,서울특별시,일반판매,기타주택·건물,AS불만
2024007479,2024-02-05,여자,20 - 29세,서울특별시,모바일거래,신유형상품권,표시.광고
2024007481,2024-02-26,여자,50 - 59세,부산광역시,국내온라인거래,운동화,품질(물품/용역)
2024007501,2024-02-05,남자,20 - 29세,경기도,일반판매,기타문화용품,계약불이행(불완전이행)
2024007502,2024-02-05,남자,50 - 59세,대구광역시,국내온라인거래,스포츠웨어,청약철회
2024007503,2024-02-05,여자,40 - 49세,대구광역시,국내온라인거래,기타의류·섬유,청약철회
2024007504,2024-02-05,남자,30 - 39세,경기도,방문판매,기타인테리어설비,가격.요금
2024007505,2024-02-05,남자,40 - 49세,경기도,방문판매,콘도회원권,청약철회
2024007506,2024-02-05,남자,30 - 39세,서울특별시,국내온라인거래,기타정보통신,청약철회
2024007507,2024-02-05,남자,50 - 59세,서울특별시,국내온라인거래,비타민제,청약철회
2024007508,2024-02-05,남자,50 - 59세,경기도,기타,기타어패류·어패류가공식품,계약불이행(불완전이행)
2024007509,2024-02-05,여자,30 - 39세,경기도,일반판매,유모차,품질(물품/용역)
2024007510,2024-02-05,여자,30 - 39세,경기도,일반판매,정수기대여(렌트),계약불이행(불완전이행)
2024007511,2024-02-05,남자,30 - 39세,경기도,소셜커머스(쇼핑),기타가구,AS불만
2024007512,2024-02-05,남자,30 - 39세,경기도,일반판매,헬스장,계약해제.해지/위약금
2024007513,2024-02-05,남자,50 - 59세,광주광역시,노상판매,헬스장,계약해제.해지/위약금
2024007514,2024-02-05,여자,30 - 39세,서울특별시,국내온라인거래,숙녀화(구두·부츠 등),청약철회
2024007515,2024-02-05,여자,40 - 49세,경상남도,국내온라인거래,기타건강식품,청약철회
2024007516,2024-02-05,여자,20 - 29세,경기도,일반판매,미용서비스,품질(물품/용역)
2024007517,2024-02-05,여자,50 - 59세,경기도,국내온라인거래,식탁,품질(물품/용역)
2024007518,2024-02-05,여자,20 - 29세,경기도,국내온라인거래,게,품질(물품/용역)
2024007519,2024-02-05,남자,30 - 39세,서울특별시,일반판매,스마트폰,계약불이행(불완전이행)
2024007520,2024-02-05,여자,20 - 29세,경기도,방문판매,헬스장,계약해제.해지/위약금
2024007521,2024-02-05,남자,30 - 39세,서울특별시,국내온라인거래,기타자전거용품,품질(물품/용역)
2024007522,2024-02-05,여자,50 - 59세,서울특별시,기타,해외유학알선,
2024007523,2024-02-05,여자,40 - 49세,서울특별시,국내온라인거래,기타의류·섬유,청약철회
2024007524,2024-02-05,남자,30 - 39세,서울특별시,일반판매,국외여행,부당행위
2024007525,2024-02-05,여자,20 - 29세,서울특별시,모바일거래,항공여객운송서비스,계약해제.해지/위약금
2024007526,2024-02-05,여자,50 - 59세,인천광역시,국내온라인거래,항공여객운송서비스,계약불이행(불완전이행)
2024007527,2024-02-05,여자,30 - 39세,경기도,국내온라인거래,니트(스웨터),품질(물품/용역)
2024007528,2024-02-05,남자,30 - 39세,경기도,일반판매,헬스장,계약해제.해지/위약금
2024007529,2024-02-05,여자,30 - 39세,경기도,국내온라인거래,초고속인터넷,
2024007530,2024-02-05,여자,20 - 29세,전라남도,방문판매,헬스장,계약해제.해지/위약금
2024007531,2024-02-05,남자,20 - 29세,충청남도,소셜커머스(쇼핑),국외여행,거래관행
2024007532,2024-02-05,남자,30 - 39세,경기도,일반판매,헬스장,계약해제.해지/위약금
2024007533,2024-02-05,여자,50 - 59세,대구광역시,국내온라인거래,항공여객운송서비스,청약철회
2024007534,2024-02-05,남자,30 - 39세,서울특별시,국내온라인거래,점퍼·재킷류,AS불만
2024007535,2024-02-05,남자,30 - 39세,충청남도,국내온라인거래,항공여객운송서비스,청약철회
2024007536,2024-02-05,여자,50 - 59세,전라북도,일반판매,국외여행,계약불이행(불완전이행)
2024007537,2024-02-05,남자,20 - 29세,경기도,일반판매,종합체육시설회원권,계약해제.해지/위약금
2024007538,2024-02-05,남자,30 - 39세,경기도,국내온라인거래,식탁,품질(물품/용역)
2024007539,2024-02-05,남자,30 - 39세,경기도,국내온라인거래,스마트폰,청약철회
2024007540,2024-02-05,여자,20 - 29세,서울특별시,기타,기타이·미용서비스,품질(물품/용역)
2024007541,2024-02-05,남자,40 - 49세,경상북도,국내온라인거래,서랍장,청약철회
2024007542,2024-02-05,여자,30 - 39세,부산광역시,기타,국내결혼중개,계약해제.해지/위약금
2024007543,2024-02-05,남자,20 - 29세,광주광역시,일반판매,기타식품류,품질(물품/용역)
2024007544,2024-02-05,남자,60 - 64세,서울특별시,일반판매,프린터,품질(물품/용역)
2024007545,2024-02-05,여자,20 - 29세,경기도,소셜커머스(쇼핑),인터넷교육서비스,계약해제.해지/위약금
2024007546,2024-02-05,남자,40 - 49세,전라북도,일반판매,침대,계약불이행(불완전이행)
2024007547,2024-02-05,남자,30 - 39세,경기도,방문판매,포장이사운송서비스,계약불이행(불완전이행)
2024007548,2024-02-05,여자,30 - 39세,대구광역시,국내온라인거래,기타침대류,품질(물품/용역)
2024007549,2024-02-05,남자,40 - 49세,서울특별시,국내온라인거래,전기오븐,청약철회
2024007550,2024-02-05,남자,30 - 39세,경기도,국내온라인거래,모바일정보이용서비스,청약철회
2024007551,2024-02-05,남자,20 - 29세,서울특별시,방문판매,헬스장,계약해제.해지/위약금
2024007552,2024-02-05,남자,20 - 29세,경기도,국내온라인거래,국내결혼중개,계약불이행(불완전이행)
2024007553,2024-02-05,여자,20 - 29세,부산광역시,일반판매,헬스장,계약해제.해지/위약금
2024007554,2024-02-05,여자,30 - 39세,경기도,국내온라인거래,항공여객운송서비스,계약불이행(불완전이행)
2024007555,2024-02-05,남자,65 - 69세,대구광역시,일반판매,점퍼·재킷류,품질(물품/용역)
2024007556,2024-02-05,남자,20 - 29세,대구광역시,국내온라인거래,기타완구·인형,계약불이행(불완전이행)
2024007557,2024-02-05,남자,20 - 29세,경기도,국내온라인거래,전기충전기,계약불이행(불완전이행)
2024007558,2024-02-05,남자,30 - 39세,경기도,일반판매,예식서비스,계약불이행(불완전이행)
2024007559,2024-02-05,남자,40 - 49세,경상남도,일반판매,헬스장,계약불이행(불완전이행)
2024007560,2024-02-05,여자,50 - 59세,경기도,국내온라인거래,숙녀화(구두·부츠 등),청약철회
2024007561,2024-02-05,여자,40 - 49세,경기도,국내온라인거래,감자,청약철회
2024007562,2024-02-05,남자,40 - 49세,인천광역시,모바일거래,기타숙박시설,가격.요금
2024007563,2024-02-05,여자,40 - 49세,경기도,국내온라인거래,국외여행,계약해제.해지/위약금
2024007564,2024-02-05,여자,30 - 39세,서울특별시,기타통신판매,기타신변용품,청약철회
2024007565,2024-02-05,여자,20 - 29세,대구광역시,국내온라인거래,서랍장,품질(물품/용역)
2024007566,2024-02-05,남자,60 - 64세,제주도,일반판매,가스보일러,품질(물품/용역)
2024007567,2024-02-05,남자,65 - 69세,충청남도,국내온라인거래,전동휠,안전(제품/시설)
2024007568,2024-02-05,여자,50 - 59세,경기도,국내온라인거래,각종공연관람,계약해제.해지/위약금
2024007569,2024-02-05,여자,40 - 49세,경상남도,노상판매,기타과일·과일가공식품,품질(물품/용역)
2024007570,2024-02-05,남자,40 - 49세,광주광역시,일반판매,김치냉장고,AS불만
2024007571,2024-02-05,여자,20 - 29세,서울특별시,일반판매,미용서비스,계약해제.해지/위약금
2024007572,2024-02-05,남자,20 - 29세,경기도,일반판매,종합체육시설회원권,계약해제.해지/위약금
2024007573,2024-02-05,여자,20 - 29세,전라북도,방문판매,소파,계약불이행(불완전이행)
2024007574,2024-02-05,여자,30 - 39세,경상남도,국내온라인거래,스포츠웨어,계약불이행(불완전이행)
2024007575,2024-02-05,여자,40 - 49세,경상남도,국내온라인거래,전기온수장판,품질(물품/용역)
2024007576,2024-02-05,여자,40 - 49세,서울특별시,국내온라인거래,기타가구,청약철회
2024007577,2024-02-05,남자,30 - 39세,대구광역시,국내온라인거래,다이어트식품,품질(물품/용역)
2024007578,2024-02-05,남자,40 - 49세,울산광역시,일반판매,점퍼·재킷류,품질(물품/용역)
2024007579,2024-02-05,남자,65 - 69세,서울특별시,국내온라인거래,항공여객운송서비스,계약해제.해지/위약금
2024007580,2024-02-05,남자,30 - 39세,서울특별시,일반판매,아파트,표시.광고
2024007581,2024-02-05,여자,30 - 39세,강원특별자치도,국내온라인거래,기타신발·용품,청약철회
2024007582,2024-02-05,남자,30 - 39세,충청북도,모바일거래,펜션,계약해제.해지/위약금
2024007583,2024-02-05,남자,40 - 49세,서울특별시,모바일거래,헬스장,청약철회
2024007584,2024-02-05,여자,40 - 49세,서울특별시,일반판매,필라테스,계약불이행(불완전이행)
2024007585,2024-02-05,남자,20 - 29세,경기도,국내온라인거래,인터넷정보이용서비스,계약해제.해지/위약금
2024007586,2024-02-05,남자,40 - 49세,경기도,국내온라인거래,신유형상품권,계약불이행(불완전이행)
2024007587,2024-02-05,여자,60 - 64세,경기도,국내온라인거래,태블릿PC,계약불이행(불완전이행)
2024007588,2024-02-05,여자,20 - 29세,서울특별시,국내온라인거래,전기장판,품질(물품/용역)
2024007589,2024-02-05,여자,50 - 59세,경기도,국내온라인거래,국외여행,계약해제.해지/위약금
2024007590,2024-02-05,남자,20 - 29세,경기도,소셜커머스(쇼핑),기타컴퓨터·주변기기,청약철회
2024007591,2024-02-05,여자,40 - 49세,강원특별자치도,국내온라인거래,항공여객운송서비스,계약해제.해지/위약금
2024007592,2024-02-05,여자,40 - 49세,경상남도,일반판매,기타이동통신,부당행위
2024007593,2024-02-05,남자,40 - 49세,강원특별자치도,일반판매,항공여객운송서비스,계약불이행(불완전이행)
2024007594,2024-02-05,여자,20 - 29세,경상남도,방문판매,헬스장,계약해제.해지/위약금
2024007595,2024-02-05,여자,40 - 49세,경상남도,국내온라인거래,국외여행,계약불이행(불완전이행)
2024007596,2024-02-05,여자,50 - 59세,경기도,국내온라인거래,항공여객운송서비스,청약철회
2024007597,2024-02-05,남자,30 - 39세,서울특별시,국내온라인거래,항공여객운송서비스,계약불이행(불완전이행)
2024007598,2024-02-05,여자,20 - 29세,서울특별시,일반판매,각종공연관람,계약불이행(불완전이행)
2024007599,2024-02-05,남자,60 - 64세,경상남도,기타,기타인테리어설비,계약불이행(불완전이행)
2024007600,2024-02-05,남자,40 - 49세,서울특별시,소셜커머스(쇼핑),스피커,계약불이행(불완전이행)
2024007601,2024-02-05,여자,50 - 59세,제주도,기타,포장이사운송서비스,부당채권추심
2024007602,2024-02-05,여자,50 - 59세,대구광역시,일반판매,미용서비스,AS불만
2024007603,2024-02-05,남자,30 - 39세,경기도,국내온라인거래,양복(서양식 의복)세탁,품질(물품/용역)
2024007604,2024-02-05,여자,20 - 29세,울산광역시,일반판매,필라테스,계약해제.해지/위약금
2024007605,2024-02-05,여자,40 - 49세,경기도,국내온라인거래,항공여객운송서비스,계약해제.해지/위약금
2024007606,2024-02-05,여자,20 - 29세,경기도,일반판매,헬스장,계약해제.해지/위약금
2024007607,2024-02-05,여자,30 - 39세,인천광역시,국내온라인거래,캐주얼바지,청약철회
2024007608,2024-02-05,여자,30 - 39세,서울특별시,국내온라인거래,기타스포츠·레저기구·용품,표시.광고
2024007609,2024-02-05,여자,30 - 39세,경기도,일반판매,이동전화서비스,계약해제.해지/위약금
2024007610,2024-02-05,여자,30 - 39세,경기도,국내온라인거래,전자사전,청약철회
2024007611,2024-02-05,남자,30 - 39세,서울특별시,국내온라인거래,점퍼·재킷류,품질(물품/용역)
2024007612,2024-02-05,남자,40 - 49세,경기도,TV홈쇼핑,기타육류·육류가공식품,품질(물품/용역)
2024007613,2024-02-05,남자,60 - 64세,광주광역시,일반판매,운동화,단순문의.상담
2024007614,2024-02-05,남자,30 - 39세,서울특별시,모바일거래,인터넷정보이용서비스,계약해제.해지/위약금
2024007615,2024-02-05,여자,40 - 49세,서울특별시,일반판매,기타신발·용품,청약철회
2024007616,2024-02-05,남자,40 - 49세,경기도,일반판매,정수기,청약철회
2024007617,2024-02-05,여자,20 - 29세,제주도,모바일거래,기타의류·섬유,계약불이행(불완전이행)
2024007618,2024-02-05,여자,40 - 49세,경기도,소셜커머스(쇼핑),냄비,품질(물품/용역)
2024007619,2024-02-05,여자,30 - 39세,서울특별시,,기타미분류서비스,계약불이행(불완전이행)
2024007620,2024-02-05,여자,20 - 29세,서울특별시,국내온라인거래,국외여행,청약철회
2024007621,2024-02-05,여자,40 - 49세,경기도,소셜커머스(쇼핑),국외여행,계약불이행(불완전이행)
2024007622,2024-02-06,여자,60 - 64세,경기도,기타,포장이사운송서비스,품질(물품/용역)
2024007624,2024-02-06,남자,40 - 49세,인천광역시,일반판매,기타미분류서비스,표시.광고
2024007625,2024-02-06,남자,65 - 69세,서울특별시,일반판매,자동차수리·점검,AS불만
2024007626,2024-02-06,여자,80세이상,전라남도,일반판매,음식물처리기,품질(물품/용역)
2024007627,2024-02-08,남자,40 - 49세,충청남도,국내온라인거래,캐주얼바지,품질(물품/용역)
2024007628,2024-02-06,여자,65 - 69세,경기도,일반판매,보청기,AS불만
2024007629,2024-02-06,여자,20 - 29세,경기도,국내온라인거래,감귤,청약철회
2024007630,2024-02-06,남자,불명,광주광역시,모바일거래,신유형상품권,계약불이행(불완전이행)
2024007631,2024-02-08,여자,40 - 49세,대전광역시,일반판매,핸드백,품질(물품/용역)
2024007632,2024-02-06,남자,60 - 64세,경기도,전화권유판매,유사투자자문,계약해제.해지/위약금
2024007633,2024-02-06,여자,30 - 39세,경기도,일반판매,기타병·의원서비스,계약해제.해지/위약금
2024007634,2024-02-06,여자,30 - 39세,서울특별시,일반판매,산부인과,계약불이행(불완전이행)
2024007635,2024-02-06,남자,30 - 39세,서울특별시,일반판매,헬스장,계약해제.해지/위약금
2024007636,2024-02-06,남자,30 - 39세,경기도,방문판매,기타인테리어설비,가격.요금
2024007637,2024-02-06,남자,50 - 59세,충청남도,모바일거래,비타민제,계약해제.해지/위약금
2024007638,2024-02-06,남자,40 - 49세,경상남도,일반판매,국내결혼중개,계약해제.해지/위약금
2024007639,2024-02-06,여자,40 - 49세,세종특별자치시,국내온라인거래,숙녀화(구두·부츠 등),청약철회
2024007640,2024-02-06,남자,30 - 39세,강원특별자치도,국내온라인거래,전자담배,AS불만
2024007641,2024-02-06,남자,30 - 39세,경기도,국내온라인거래,스커트,청약철회
2024007642,2024-02-06,남자,20 - 29세,울산광역시,국내온라인거래,기타자동차용품,품질(물품/용역)
2024007643,2024-02-06,남자,30 - 39세,경기도,국내온라인거래,전기자전거,AS불만
2024007644,2024-02-06,여자,50 - 59세,경기도,기타,실손보험,계약불이행(불완전이행)
2024007645,2024-02-06,여자,40 - 49세,충청북도,소셜커머스(쇼핑),기타가구,청약철회
2024007646,2024-02-06,남자,20 - 29세,경기도,일반판매,예식서비스,계약불이행(불완전이행)
2024007647,2024-02-06,남자,30 - 39세,부산광역시,기타통신판매,인터넷교육서비스,계약해제.해지/위약금
2024007648,2024-02-06,여자,40 - 49세,인천광역시,기타,필라테스,계약해제.해지/위약금
2024007649,2024-02-06,여자,65 - 69세,강원특별자치도,TV홈쇼핑,기타이·미용기구,품질(물품/용역)
2024007650,2024-02-06,여자,30 - 39세,충청남도,모바일거래,기타가방,청약철회
2024007651,2024-02-06,남자,70 - 79세,경기도,일반판매,신사화(구두·부츠 등),품질(물품/용역)
2024007652,2024-02-06,여자,50 - 59세,경기도,일반판매,점퍼·재킷류,계약해제.해지/위약금
2024007653,2024-02-06,여자,50 - 59세,경상북도,방문판매,전기자동차,품질(물품/용역)
2024007654,2024-02-06,여자,20 - 29세,서울특별시,일반판매,기타취미용품,품질(물품/용역)
2024007655,2024-02-06,남자,40 - 49세,경상남도,국내온라인거래,기타건강식품,계약해제.해지/위약금
2024007656,2024-02-06,여자,30 - 39세,인천광역시,일반판매,소파,계약해제.해지/위약금
2024007657,2024-02-06,남자,30 - 39세,서울특별시,기타,신용카드,가격.요금
2024007658,2024-02-06,남자,30 - 39세,경상북도,일반판매,국내결혼중개,계약해제.해지/위약금
2024007659,2024-02-06,여자,50 - 59세,충청북도,일반판매,오피스텔,표시.광고
2024007660,2024-02-06,남자,30 - 39세,경기도,국내온라인거래,기타건강식품,계약해제.해지/위약금
2024007661,2024-02-06,남자,40 - 49세,경기도,국내온라인거래,기타자동차부품,표시.광고
2024007662,2024-02-06,여자,40 - 49세,경기도,국내온라인거래,항공여객운송서비스,계약불이행(불완전이행)
2024007663,2024-02-06,여자,65 - 69세,경기도,국내온라인거래,전기장판,AS불만
2024007664,2024-02-06,남자,60 - 64세,경기도,국내온라인거래,팬코일(이동식에어컨),품질(물품/용역)
2024007666,2024-02-06,여자,불명,서울특별시,국제온라인거래,기타숙박시설,계약해제.해지/위약금
2024007667,2024-02-06,여자,65 - 69세,경기도,국내온라인거래,포장이사운송서비스,계약불이행(불완전이행)
2024007668,2024-02-13,여자,40 - 49세,경기도,일반판매,양복(서양식 의복)세탁,품질(물품/용역)
2024007670,2024-02-06,남자,30 - 39세,서울특별시,일반판매,사진촬영,계약불이행(불완전이행)
2024007672,2024-02-26,남자,30 - 39세,서울특별시,국내온라인거래,운동화,품질(물품/용역)
2024007673,2024-02-26,여자,30 - 39세,세종특별자치시,국내온라인거래,생활패션화(슬립온·아쿠아슈즈·장화·작업화 등),품질(물품/용역)
2024007674,2024-02-13,여자,40 - 49세,서울특별시,일반판매,스포츠웨어,품질(물품/용역)
2024007675,2024-02-06,여자,50 - 59세,경상북도,기타통신판매,유사투자자문,계약해제.해지/위약금
2024007677,2024-02-06,남자,40 - 49세,부산광역시,국내온라인거래,원피스,청약철회
2024007678,2024-02-06,남자,40 - 49세,경상남도,방문판매,실손보험,계약불이행(불완전이행)
2024007679,2024-02-06,여자,불명,경상북도,국내온라인거래,기타신발·용품,계약불이행(불완전이행)
2024007682,2024-02-06,여자,50 - 59세,대구광역시,기타,기타의료서비스,계약해제.해지/위약금
2024007683,2024-02-06,남자,60 - 64세,부산광역시,일반판매,건강(암·기타질병)보험,계약불이행(불완전이행)
2024007684,2024-02-06,여자,30 - 39세,충청남도,국내온라인거래,가습기,표시.광고
2024007685,2024-02-06,여자,70 - 79세,광주광역시,일반판매,기타인테리어설비,거래관행
2024007686,2024-02-06,여자,40 - 49세,경기도,국내온라인거래,기타숙박시설,계약해제.해지/위약금
2024007687,2024-02-06,남자,40 - 49세,경기도,국내온라인거래,노트북컴퓨터,계약불이행(불완전이행)
2024007688,2024-02-06,여자,20 - 29세,부산광역시,국내온라인거래,숙녀화(구두·부츠 등),계약불이행(불완전이행)
2024007689,2024-02-06,남자,70 - 79세,인천광역시,일반판매,식탁,품질(물품/용역)
2024007691,2024-02-19,여자,20 - 29세,서울특별시,국내온라인거래,점퍼·재킷류,품질(물품/용역)
2024007692,2024-02-06,여자,60 - 64세,경기도,기타,초고속인터넷,계약해제.해지/위약금
2024007693,2024-02-06,남자,30 - 39세,경기도,전화권유판매,상조서비스,계약해제.해지/위약금
2024007694,2024-02-06,남자,60 - 64세,충청남도,국내온라인거래,석유스토브,계약불이행(불완전이행)
2024007695,2024-02-13,여자,30 - 39세,충청남도,일반판매,티셔츠,품질(물품/용역)
2024007696,2024-02-06,남자,30 - 39세,인천광역시,소셜커머스(쇼핑),전기진공청소기,청약철회
2024007697,2024-02-06,남자,40 - 49세,경상북도,기타,도시가스,부당행위
2024007699,2024-02-06,남자,40 - 49세,경기도,소셜커머스(쇼핑),초음파방충기,표시.광고
2024007700,2024-02-06,여자,50 - 59세,경기도,일반판매,정수기대여(렌트),계약불이행(불완전이행)
2024007701,2024-02-06,남자,40 - 49세,경기도,일반판매,신경외과,품질(물품/용역)
2024007702,2024-02-06,여자,30 - 39세,서울특별시,일반판매,서랍장,품질(물품/용역)
2024007703,2024-02-06,여자,20 - 29세,충청남도,국내온라인거래,국외여행,계약불이행(불완전이행)
2024007705,2024-02-06,남자,50 - 59세,세종특별자치시,일반판매,중형승용자동차,품질(물품/용역)
2024007706,2024-02-19,여자,40 - 49세,경기도,일반판매,캐주얼바지,품질(물품/용역)
2024007707,2024-02-06,남자,30 - 39세,강원특별자치도,국내온라인거래,전기장판,계약불이행(불완전이행)
2024007708,2024-02-26,여자,40 - 49세,경상남도,일반판매,운동화,품질(물품/용역)
2024007710,2024-02-06,남자,40 - 49세,경상남도,국내온라인거래,비타민제,계약불이행(불완전이행)
2024007711,2024-02-06,남자,40 - 49세,경기도,국내온라인거래,비타민제,청약철회
2024007712,2024-02-06,여자,50 - 59세,경기도,일반판매,반포장이사운송서비스,부당행위
2024007713,2024-02-06,여자,20 - 29세,경기도,국내온라인거래,국외여행,계약불이행(불완전이행)
2024007714,2024-02-06,여자,70 - 79세,울산광역시,기타,국외여행,계약해제.해지/위약금
2024007715,2024-02-06,여자,20 - 29세,경기도,전화권유판매,인터넷정보이용서비스,계약해제.해지/위약금
2024007716,2024-02-06,여자,30 - 39세,서울특별시,일반판매,예식서비스,계약해제.해지/위약금
2024007717,2024-02-06,여자,20 - 29세,경기도,모바일거래,국외여행,계약해제.해지/위약금
2024007719,2024-02-06,여자,60 - 64세,경기도,일반판매,냉장고,AS불만
2024007720,2024-02-06,여자,불명,충청북도,국내온라인거래,음식물처리기,AS불만
2024007721,2024-02-06,여자,20 - 29세,서울특별시,일반판매,성형외과,계약해제.해지/위약금
2024007722,2024-02-06,남자,70 - 79세,서울특별시,일반판매,안마의자대여(렌트),계약해제.해지/위약금
2024007723,2024-02-06,남자,40 - 49세,경기도,국내온라인거래,TV,청약철회
2024007724,2024-02-08,여자,40 - 49세,충청남도,일반판매,점퍼·재킷류,품질(물품/용역)
2024007725,2024-02-06,여자,20 - 29세,경기도,모바일거래,인터넷정보이용서비스,부당행위
2024007726,2024-02-06,남자,50 - 59세,경상남도,국내온라인거래,프린터잉크,품질(물품/용역)
2024007728,2024-02-06,남자,50 - 59세,충청북도,모바일거래,침대,품질(물품/용역)
2024007729,2024-02-06,여자,50 - 59세,대구광역시,국내온라인거래,감귤,계약불이행(불완전이행)
2024007730,2024-02-06,남자,40 - 49세,경상남도,국내온라인거래,인터넷게임서비스,계약불이행(불완전이행)
2024007731,2024-02-06,남자,20 - 29세,대구광역시,일반판매,중고자동차중개·매매,계약불이행(불완전이행)
2024007732,2024-02-06,여자,40 - 49세,충청북도,기타통신판매,건강(암·기타질병)보험,계약불이행(불완전이행)
2024007733,2024-02-06,여자,50 - 59세,경기도,일반판매,국외여행,계약해제.해지/위약금
2024007734,2024-02-26,여자,50 - 59세,서울특별시,소셜커머스(쇼핑),운동화,품질(물품/용역)
2024007735,2024-02-06,남자,50 - 59세,부산광역시,기타,이동전화서비스,품질(물품/용역)
2024007736,2024-02-06,남자,65 - 69세,강원특별자치도,국내온라인거래,기타인테리어설비,AS불만
2024007737,2024-02-06,남자,50 - 59세,충청남도,기타,선박화물운송서비스,계약불이행(불완전이행)
2024007738,2024-02-06,남자,40 - 49세,서울특별시,국내온라인거래,항공여객운송서비스,계약해제.해지/위약금
2024007739,2024-02-26,여자,40 - 49세,경기도,일반판매,운동화,품질(물품/용역)
2024007741,2024-02-06,남자,60 - 64세,경기도,일반판매,국외여행,계약불이행(불완전이행)
2024007742,2024-02-06,남자,20 - 29세,광주광역시,일반판매,종합체육시설회원권,계약해제.해지/위약금
2024007743,2024-02-06,여자,30 - 39세,경기도,국내온라인거래,숙녀화(구두·부츠 등),청약철회
2024007744,2024-02-06,여자,30 - 39세,인천광역시,방문판매,인터넷교육서비스,계약해제.해지/위약금
2024007745,2024-02-06,여자,40 - 49세,경기도,방문판매,인터넷교육서비스,계약해제.해지/위약금
2024007746,2024-02-06,남자,20 - 29세,경기도,기타통신판매,기타신발·용품,청약철회
2024007747,2024-02-14,여자,40 - 49세,충청남도,일반판매,모자,품질(물품/용역)
2024007748,2024-02-06,여자,20 - 29세,대전광역시,국내온라인거래,기타신발·용품,계약해제.해지/위약금
2024007750,2024-02-06,여자,30 - 39세,경기도,국내온라인거래,스마트폰,계약불이행(불완전이행)
2024007751,2024-02-06,여자,20 - 29세,서울특별시,국내온라인거래,각종공연관람,계약불이행(불완전이행)
2024007752,2024-02-06,여자,40 - 49세,부산광역시,국내온라인거래,숙녀화(구두·부츠 등),청약철회
2024007753,2024-02-06,여자,20 - 29세,인천광역시,국내온라인거래,기타신발·용품,계약불이행(불완전이행)
2024007754,2024-02-06,남자,30 - 39세,경기도,국내온라인거래,운동화,품질(물품/용역)
2024007755,2024-02-06,남자,40 - 49세,경기도,일반판매,치과,품질(물품/용역)
2024007756,2024-02-06,남자,30 - 39세,인천광역시,국내온라인거래,TV,계약해제.해지/위약금
2024007757,2024-02-06,남자,30 - 39세,경기도,일반판매,스마트폰,표시.광고
2024007758,2024-02-06,여자,65 - 69세,경기도,일반판매,변호서비스,계약불이행(불완전이행)
2024007759,2024-02-06,남자,50 - 59세,경상남도,국제온라인거래,차량용블랙박스,청약철회
2024007760,2024-02-06,여자,30 - 39세,충청남도,모바일거래,사진촬영,부당행위
2024007761,2024-02-06,남자,50 - 59세,서울특별시,국내온라인거래,기타미분류서비스,거래관행
2024007762,2024-02-06,여자,60 - 64세,경기도,일반판매,점퍼·재킷류,품질(물품/용역)
2024007763,2024-02-06,남자,40 - 49세,인천광역시,기타통신판매,정수기대여(렌트),거래관행
2024007764,2024-02-06,남자,40 - 49세,서울특별시,기타,신유형상품권,약관
2024007765,2024-02-15,여자,50 - 59세,서울특별시,일반판매,양복(서양식 의복)세탁,품질(물품/용역)
2024007766,2024-02-06,여자,50 - 59세,경기도,일반판매,양복(서양식 의복)세탁,품질(물품/용역)
2024007768,2024-02-06,남자,30 - 39세,경상남도,방문판매,아파트,청약철회
2024007769,2024-02-06,남자,30 - 39세,경기도,일반판매,택배화물운송서비스,계약불이행(불완전이행)
2024007772,2024-02-06,남자,30 - 39세,부산광역시,국내온라인거래,기타조리기기·기구,품질(물품/용역)
2024007774,2024-02-06,여자,40 - 49세,부산광역시,방문판매,실손보험,계약해제.해지/위약금
2024007775,2024-02-06,남자,40 - 49세,대구광역시,일반판매,국내결혼중개,계약불이행(불완전이행)
2024007776,2024-02-06,남자,40 - 49세,광주광역시,국내온라인거래,항공여객운송서비스,청약철회
2024007777,2024-02-06,여자,30 - 39세,서울특별시,일반판매,국외여행,안전(제품/시설)
2024007778,2024-02-06,여자,40 - 49세,서울특별시,일반판매,건물청소서비스,계약불이행(불완전이행)
2024007779,2024-02-06,여자,30 - 39세,대구광역시,국내온라인거래,이불·침대커버,표시.광고
2024007780,2024-02-06,여자,40 - 49세,전라북도,국내온라인거래,소파,부당행위
2024007781,2024-02-06,남자,40 - 49세,인천광역시,소셜커머스(쇼핑),침대,품질(물품/용역)
2024007782,2024-02-06,남자,20 - 29세,서울특별시,국내온라인거래,노트북컴퓨터,청약철회
2024007783,2024-02-06,남자,60 - 64세,광주광역시,국내온라인거래,국외여행,계약불이행(불완전이행)
2024007784,2024-02-06,남자,30 - 39세,경기도,일반판매,경비·관리서비스,계약해제.해지/위약금
2024007785,2024-02-06,여자,20 - 29세,경상북도,일반판매,건물청소서비스,계약해제.해지/위약금
2024007786,2024-02-06,여자,50 - 59세,경기도,모바일거래,인터넷교육서비스,품질(물품/용역)
2024007787,2024-02-06,여자,30 - 39세,인천광역시,일반판매,헬스장,계약해제.해지/위약금
2024007788,2024-02-06,남자,30 - 39세,서울특별시,국내온라인거래,점퍼·재킷류,청약철회
2024007789,2024-02-06,남자,30 - 39세,서울특별시,국내온라인거래,펜션,법.제도
2024007790,2024-02-06,남자,40 - 49세,서울특별시,일반판매,항공여객운송서비스,부당행위
2024007791,2024-02-06,여자,20 - 29세,울산광역시,모바일거래,기타가방,표시.광고
2024007792,2024-02-06,남자,40 - 49세,경상남도,일반판매,스마트폰,품질(물품/용역)
2024007793,2024-02-06,남자,20 - 29세,서울특별시,일반판매,헬스장,계약해제.해지/위약금
2024007794,2024-02-06,여자,30 - 39세,서울특별시,일반판매,헬스장,청약철회
2024007795,2024-02-06,여자,20 - 29세,대구광역시,기타,골프회원권,계약해제.해지/위약금
2024007796,2024-02-06,남자,65 - 69세,서울특별시,국내온라인거래,니트(스웨터),청약철회
2024007797,2024-02-06,여자,30 - 39세,서울특별시,국내온라인거래,기타가방,청약철회
2024007798,2024-02-06,여자,30 - 39세,경기도,일반판매,기타사설강습서비스,계약해제.해지/위약금
2024007799,2024-02-06,여자,30 - 39세,경기도,국내온라인거래,항공여객운송서비스,부당행위
2024007800,2024-02-06,여자,20 - 29세,충청남도,국내온라인거래,모바일정보이용서비스,계약불이행(불완전이행)
2024007801,2024-02-06,여자,50 - 59세,충청남도,TV홈쇼핑,호텔,계약해제.해지/위약금
2024007802,2024-02-06,여자,20 - 29세,전라남도,기타,택배화물운송서비스,품질(물품/용역)
2024007803,2024-02-06,여자,30 - 39세,경기도,방문판매,기타매체광고,청약철회
2024007804,2024-02-06,남자,20 - 29세,경기도,국내온라인거래,기타영상기기,품질(물품/용역)
2024007805,2024-02-06,여자,40 - 49세,강원특별자치도,국내온라인거래,기타신발·용품,청약철회
2024007806,2024-02-06,여자,20 - 29세,충청남도,일반판매,항공여객운송서비스,품질(물품/용역)
2024007807,2024-02-06,남자,50 - 59세,충청북도,국내온라인거래,TV,청약철회
2024007808,2024-02-06,여자,50 - 59세,대구광역시,국내온라인거래,항공여객운송서비스,계약해제.해지/위약금
2024007809,2024-02-06,남자,40 - 49세,서울특별시,국내온라인거래,홍삼제품,부당행위
2024007810,2024-02-06,남자,30 - 39세,인천광역시,국내온라인거래,기타숙박시설,청약철회
2024007811,2024-02-06,여자,20 - 29세,경기도,모바일거래,인터넷교육서비스,부당행위
2024007812,2024-02-06,남자,30 - 39세,경기도,일반판매,헬스장,계약해제.해지/위약금
2024007813,2024-02-06,남자,65 - 69세,경상남도,국내온라인거래,기타가사용품,청약철회
2024007814,2024-02-06,여자,30 - 39세,대구광역시,일반판매,피부·체형관리서비스,부당행위
2024007815,2024-02-06,남자,40 - 49세,서울특별시,소셜커머스(쇼핑),노트북컴퓨터,AS불만
2024007816,2024-02-06,여자,20 - 29세,경기도,일반판매,필라테스,계약해제.해지/위약금
2024007817,2024-02-06,여자,50 - 59세,경상남도,국내온라인거래,기타미분류서비스,품질(물품/용역)
2024007818,2024-02-06,남자,40 - 49세,서울특별시,국내온라인거래,기타스포츠·레저기구·용품,계약불이행(불완전이행)
2024007819,2024-02-06,여자,30 - 39세,경기도,일반판매,피부·체형관리서비스,계약해제.해지/위약금
2024007820,2024-02-06,남자,30 - 39세,서울특별시,국내온라인거래,기타건강식품,청약철회
2024007821,2024-02-06,남자,20 - 29세,경기도,모바일거래,기타알선·중개·번역서비스,계약해제.해지/위약금
2024007822,2024-02-06,남자,40 - 49세,전라북도,국내온라인거래,침대,계약불이행(불완전이행)
2024007823,2024-02-06,남자,30 - 39세,제주도,전화권유판매,기타매체광고,계약해제.해지/위약금
2024007824,2024-02-06,여자,20 - 29세,경기도,국제온라인거래,레저시설이용,계약해제.해지/위약금
2024007825,2024-02-06,여자,30 - 39세,서울특별시,일반판매,인쇄서비스,품질(물품/용역)
2024007826,2024-02-06,남자,20 - 29세,대전광역시,일반판매,헬스장,계약해제.해지/위약금
2024007827,2024-02-06,여자,30 - 39세,서울특별시,국내온라인거래,스팀다리미,품질(물품/용역)
2024007828,2024-02-06,남자,40 - 49세,서울특별시,모바일거래,퀵서비스,계약불이행(불완전이행)
2024007829,2024-02-06,남자,40 - 49세,경기도,국제온라인거래,항공여객운송서비스,계약해제.해지/위약금
2024007830,2024-02-06,여자,40 - 49세,전라북도,국내온라인거래,기타가구,품질(물품/용역)
2024007831,2024-02-06,여자,30 - 39세,경기도,국내온라인거래,비닐테이프,품질(물품/용역)
2024007832,2024-02-06,여자,30 - 39세,서울특별시,국내온라인거래,니트(스웨터),청약철회
2024007833,2024-02-06,여자,50 - 59세,서울특별시,일반판매,신발세탁,품질(물품/용역)
2024007834,2024-02-06,남자,60 - 64세,경기도,일반판매,기타빵·과자류,품질(물품/용역)
2024007835,2024-02-06,여자,50 - 59세,경상남도,일반판매,교복,계약불이행(불완전이행)
2024007836,2024-02-06,여자,50 - 59세,서울특별시,일반판매,미용서비스,품질(물품/용역)
2024007837,2024-02-06,남자,60 - 64세,충청남도,국내온라인거래,국외여행,계약해제.해지/위약금
2024007838,2024-02-06,남자,20 - 29세,서울특별시,국내온라인거래,소프트웨어,청약철회
2024007839,2024-02-06,여자,20 - 29세,경기도,국내온라인거래,항공여객운송서비스,가격.요금
2024007840,2024-02-06,여자,20 - 29세,서울특별시,기타,헬스장,계약해제.해지/위약금
2024007841,2024-02-06,여자,30 - 39세,대구광역시,일반판매,건물청소서비스,계약불이행(불완전이행)
2024007842,2024-02-06,여자,30 - 39세,경기도,국내온라인거래,기타의류·섬유,계약불이행(불완전이행)
2024007843,2024-02-06,남자,40 - 49세,경기도,일반판매,항공여객운송서비스,계약불이행(불완전이행)
2024007844,2024-02-06,여자,50 - 59세,경기도,일반판매,항공여객운송서비스,계약불이행(불완전이행)
2024007845,2024-02-06,남자,30 - 39세,경상북도,소셜커머스(쇼핑),기타미분류서비스,청약철회
2024007846,2024-02-06,여자,50 - 59세,전라북도,전화권유판매,전화이용서비스,계약해제.해지/위약금
2024007847,2024-02-06,남자,20 - 29세,서울특별시,기타,헬스장,계약해제.해지/위약금
2024007848,2024-02-06,여자,50 - 59세,대전광역시,기타,기타의류·섬유,청약철회
2024007849,2024-02-06,남자,30 - 39세,대구광역시,방문판매,기타예식관련서비스,계약해제.해지/위약금
2024007850,2024-02-06,남자,30 - 39세,대전광역시,국내온라인거래,항공여객운송서비스,청약철회
2024007851,2024-02-06,여자,30 - 39세,서울특별시,일반판매,필라테스,계약해제.해지/위약금
2024007852,2024-02-06,여자,40 - 49세,서울특별시,국내온라인거래,비타민제,부당행위
2024007853,2024-02-06,여자,30 - 39세,대전광역시,방문판매,헬스장,계약해제.해지/위약금
2024007854,2024-02-06,남자,50 - 59세,인천광역시,일반판매,스마트폰,부당행위
2024007855,2024-02-06,남자,30 - 39세,경기도,국내온라인거래,스마트폰,계약불이행(불완전이행)
2024007856,2024-02-06,여자,20 - 29세,서울특별시,국내온라인거래,항공여객운송서비스,청약철회
2024007857,2024-02-06,여자,40 - 49세,서울특별시,국내온라인거래,국외여행,계약해제.해지/위약금
2024007858,2024-02-06,여자,50 - 59세,인천광역시,일반판매,철도여객운송서비스,부당행위
2024007859,2024-02-06,여자,40 - 49세,서울특별시,기타,필라테스,계약해제.해지/위약금
2024007860,2024-02-06,여자,20 - 29세,서울특별시,국내온라인거래,인터넷교육서비스,계약해제.해지/위약금
2024007861,2024-02-06,여자,20 - 29세,대구광역시,모바일거래,이동전화서비스,부당행위
2024007862,2024-02-06,남자,30 - 39세,서울특별시,국내온라인거래,소프트웨어,계약불이행(불완전이행)
2024007863,2024-02-06,여자,30 - 39세,서울특별시,국내온라인거래,건물청소서비스,계약불이행(불완전이행)
2024007864,2024-02-06,여자,30 - 39세,서울특별시,소셜커머스(쇼핑),다이어트식품,표시.광고
2024007865,2024-02-06,남자,40 - 49세,경기도,국내온라인거래,스마트폰,표시.광고
2024007866,2024-02-06,여자,10세 미만,경기도,국내온라인거래,쇠고기,품질(물품/용역)
2024007867,2024-02-06,여자,30 - 39세,광주광역시,국내온라인거래,니트(스웨터),청약철회
2024007868,2024-02-06,여자,50 - 59세,서울특별시,일반판매,기타매체광고,청약철회
2024007869,2024-02-06,남자,30 - 39세,부산광역시,국내온라인거래,유아용교재,계약불이행(불완전이행)
2024007870,2024-02-06,여자,30 - 39세,경기도,기타통신판매,모바일정보이용서비스,청약철회
2024007871,2024-02-06,여자,30 - 39세,서울특별시,국내온라인거래,기타서적음반류,부당행위
2024007872,2024-02-06,여자,30 - 39세,경기도,일반판매,헬스장,계약해제.해지/위약금
2024007873,2024-02-07,남자,50 - 59세,경기도,국내온라인거래,킥보드,부당행위
2024007874,2024-02-07,여자,30 - 39세,서울특별시,모바일거래,기타건강식품,계약불이행(불완전이행)
2024007875,2024-02-07,남자,40 - 49세,울산광역시,국내온라인거래,비타민제,계약해제.해지/위약금
2024007876,2024-02-07,여자,30 - 39세,충청남도,일반판매,예식서비스,계약해제.해지/위약금
2024007877,2024-02-07,남자,30 - 39세,(미입력),국내온라인거래,기타약품,계약불이행(불완전이행)
2024007878,2024-02-07,여자,40 - 49세,서울특별시,소셜커머스(쇼핑),기타의류·섬유,청약철회
2024007879,2024-02-07,남자,40 - 49세,경기도,국내온라인거래,애완동·식물용품,청약철회
2024007880,2024-02-07,여자,20 - 29세,경기도,국내온라인거래,전기장판,안전(제품/시설)
2024007881,2024-02-07,남자,40 - 49세,대구광역시,국내온라인거래,모바일정보이용서비스,계약불이행(불완전이행)
2024007882,2024-02-07,여자,65 - 69세,대구광역시,일반판매,국외여행,계약해제.해지/위약금
2024007883,2024-02-07,남자,30 - 39세,경기도,기타,"OTT서비스(넷플릭스,왓챠 등)",가격.요금
2024007884,2024-02-07,여자,20 - 29세,서울특별시,국내온라인거래,자동차대여(렌트),청약철회
2024007885,2024-02-07,여자,30 - 39세,인천광역시,국내온라인거래,항공여객운송서비스,부당행위
2024007886,2024-02-07,여자,20 - 29세,서울특별시,일반판매,헬스장,계약해제.해지/위약금
2024007887,2024-02-07,남자,20 - 29세,서울특별시,국내온라인거래,인터넷교육서비스,계약해제.해지/위약금
2024007888,2024-02-07,남자,30 - 39세,경기도,일반판매,굴,안전(제품/시설)
2024007889,2024-02-07,여자,30 - 39세,경상북도,국내온라인거래,신유형상품권,계약해제.해지/위약금
2024007890,2024-02-07,남자,65 - 69세,경상북도,일반판매,국외여행,계약해제.해지/위약금
2024007891,2024-02-07,여자,40 - 49세,인천광역시,기타,한의원,계약해제.해지/위약금
2024007892,2024-02-07,여자,50 - 59세,서울특별시,국내온라인거래,점퍼·재킷류,청약철회
2024007893,2024-02-07,남자,80세이상,경기도,기타,신문,부당행위
2024007894,2024-02-07,남자,40 - 49세,대구광역시,일반판매,기타음료,안전(제품/시설)
2024007895,2024-02-07,남자,40 - 49세,대구광역시,일반판매,기타음료,안전(제품/시설)
2024007896,2024-02-07,남자,40 - 49세,경상북도,일반판매,기타음료,안전(제품/시설)
2024007897,2024-02-07,남자,40 - 49세,대구광역시,일반판매,기타음료,안전(제품/시설)
2024007898,2024-02-07,여자,40 - 49세,경기도,기타통신판매,기타일반화장품,청약철회
2024007899,2024-02-07,남자,40 - 49세,경기도,국내온라인거래,항공여객운송서비스,청약철회
2024007900,2024-02-07,여자,30 - 39세,경기도,소셜커머스(쇼핑),기타가구,품질(물품/용역)
2024007901,2024-02-07,여자,20 - 29세,서울특별시,소셜커머스(쇼핑),기타의류·섬유,청약철회
2024007902,2024-02-07,남자,30 - 39세,서울특별시,국제온라인거래,수리공구,계약불이행(불완전이행)
2024007903,2024-02-07,여자,30 - 39세,경기도,기타,건강(암·기타질병)보험,계약불이행(불완전이행)
2024007904,2024-02-07,남자,30 - 39세,서울특별시,일반판매,이동전화서비스,계약해제.해지/위약금
2024007905,2024-02-07,남자,30 - 39세,경기도,국내온라인거래,기타가방,계약해제.해지/위약금
2024007906,2024-02-07,남자,50 - 59세,경상남도,일반판매,자동차수리·점검,품질(물품/용역)
2024007907,2024-02-07,여자,40 - 49세,충청남도,국내온라인거래,전기자전거,품질(물품/용역)
2024007908,2024-02-16,남자,40 - 49세,경기도,국내온라인거래,점퍼·재킷류,품질(물품/용역)
2024007909,2024-02-07,여자,50 - 59세,서울특별시,일반판매,피부과,계약해제.해지/위약금
2024007910,2024-02-07,여자,30 - 39세,서울특별시,국내온라인거래,점퍼·재킷류,청약철회
2024007911,2024-02-07,여자,40 - 49세,경기도,전화권유판매,초고속인터넷,계약해제.해지/위약금
2024007912,2024-02-19,여자,50 - 59세,인천광역시,일반판매,양복(서양식 의복)세탁,품질(물품/용역)
2024007914,2024-02-07,남자,30 - 39세,서울특별시,일반판매,기타자동차부품,부당행위
2024007915,2024-02-07,여자,20 - 29세,서울특별시,방문판매,보석·귀금속,계약해제.해지/위약금
2024007916,2024-02-07,여자,30 - 39세,서울특별시,국내온라인거래,숙녀화(구두·부츠 등),청약철회
2024007918,2024-02-28,여자,50 - 59세,서울특별시,일반판매,운동화,품질(물품/용역)
2024007919,2024-02-07,여자,30 - 39세,울산광역시,일반판매,인터넷교육서비스,계약해제.해지/위약금
2024007920,2024-02-07,여자,30 - 39세,부산광역시,일반판매,성형외과,품질(물품/용역)
2024007921,2024-02-15,여자,50 - 59세,충청남도,일반판매,점퍼·재킷류,품질(물품/용역)
2024007922,2024-02-07,여자,20 - 29세,경기도,기타통신판매,인터넷교육서비스,청약철회
2024007923,2024-02-07,여자,20 - 29세,서울특별시,국내온라인거래,미술전시관람,계약불이행(불완전이행)
2024007925,2024-02-07,남자,30 - 39세,전라북도,국내온라인거래,항공여객운송서비스,계약해제.해지/위약금
2024007926,2024-02-07,여자,40 - 49세,인천광역시,일반판매,일반강습(입시학원등),계약해제.해지/위약금
2024007927,2024-02-07,남자,60 - 64세,충청남도,일반판매,냉난방시스템,품질(물품/용역)
2024007928,2024-02-07,남자,30 - 39세,경기도,일반판매,대형승용자동차,품질(물품/용역)
2024007930,2024-02-07,여자,65 - 69세,제주도,방문판매,공제보험,계약불이행(불완전이행)
2024007931,2024-02-07,남자,40 - 49세,경기도,국내온라인거래,항공여객운송서비스,청약철회
2024007932,2024-02-07,여자,20 - 29세,경기도,일반판매,각종자격취득강습,계약해제.해지/위약금
2024007933,2024-02-07,여자,40 - 49세,경기도,국내온라인거래,헬스장,계약해제.해지/위약금
2024007934,2024-02-07,남자,40 - 49세,경기도,국내온라인거래,신유형상품권,계약해제.해지/위약금
2024007935,2024-02-07,여자,40 - 49세,경기도,기타,실손보험,계약불이행(불완전이행)
2024007936,2024-02-07,남자,40 - 49세,(미입력),일반판매,골프회원권,계약해제.해지/위약금
2024007937,2024-02-07,여자,50 - 59세,서울특별시,방문판매,실손보험,계약불이행(불완전이행)
2024007938,2024-02-07,여자,30 - 39세,서울특별시,국내온라인거래,신유형상품권,계약불이행(불완전이행)
2024007939,2024-02-07,남자,20 - 29세,경기도,일반판매,중고자동차중개·매매,청약철회
2024007940,2024-02-07,여자,20 - 29세,서울특별시,모바일거래,기타신변용품,청약철회
2024007941,2024-02-07,여자,20 - 29세,서울특별시,국내온라인거래,호텔,청약철회
2024007942,2024-02-07,여자,40 - 49세,경기도,국내온라인거래,기타신발·용품,계약불이행(불완전이행)
2024007943,2024-02-07,여자,40 - 49세,대구광역시,모바일거래,숙녀화(구두·부츠 등),계약불이행(불완전이행)
2024007944,2024-02-07,여자,40 - 49세,서울특별시,모바일거래,숙녀화(구두·부츠 등),계약불이행(불완전이행)
2024007945,2024-02-07,여자,10 - 19세,인천광역시,일반판매,여자용한복,계약불이행(불완전이행)
2024007946,2024-02-07,여자,30 - 39세,경기도,일반판매,요가,계약해제.해지/위약금
2024007947,2024-02-07,남자,20 - 29세,서울특별시,모바일거래,헤드폰·이어폰,계약불이행(불완전이행)
2024007948,2024-02-07,남자,60 - 64세,대전광역시,일반판매,피부과,계약해제.해지/위약금
2024007949,2024-02-07,여자,20 - 29세,서울특별시,일반판매,필라테스,계약해제.해지/위약금
2024007950,2024-02-07,남자,30 - 39세,충청북도,방문판매,헬스장,계약해제.해지/위약금
2024007951,2024-02-21,남자,50 - 59세,경상북도,일반판매,점퍼·재킷류,품질(물품/용역)
2024007952,2024-02-07,여자,40 - 49세,서울특별시,국내온라인거래,쇠고기,계약불이행(불완전이행)
2024007953,2024-02-07,여자,20 - 29세,인천광역시,일반판매,필라테스,계약해제.해지/위약금
2024007955,2024-02-07,여자,50 - 59세,경기도,일반판매,아파트,계약불이행(불완전이행)
2024007956,2024-02-07,여자,20 - 29세,서울특별시,모바일거래,택배화물운송서비스,계약불이행(불완전이행)
2024007957,2024-02-15,여자,30 - 39세,인천광역시,국내온라인거래,기타간편복,품질(물품/용역)
2024007958,2024-02-07,여자,50 - 59세,충청북도,일반판매,미분류컨설팅(자문),계약불이행(불완전이행)
2024007959,2024-02-07,여자,30 - 39세,대구광역시,국내온라인거래,인쇄서비스,계약해제.해지/위약금
2024007960,2024-02-07,여자,30 - 39세,서울특별시,국내온라인거래,숙녀화(구두·부츠 등),청약철회
2024007961,2024-02-07,여자,40 - 49세,충청북도,국내온라인거래,화장품세트,청약철회
2024007962,2024-02-07,여자,50 - 59세,경기도,모바일거래,기타미분류서비스,계약해제.해지/위약금
2024007963,2024-02-07,남자,40 - 49세,경기도,소셜커머스(쇼핑),상품권,표시.광고
2024007964,2024-02-07,남자,불명,강원특별자치도,국내온라인거래,점퍼·재킷류,청약철회
2024007966,2024-02-07,여자,20 - 29세,서울특별시,일반판매,항공여객운송서비스,거래관행
2024007967,2024-02-07,여자,30 - 39세,서울특별시,소셜커머스(쇼핑),비타민제,계약불이행(불완전이행)
2024007969,2024-02-07,남자,60 - 64세,서울특별시,전화권유판매,유사투자자문,계약해제.해지/위약금
2024007970,2024-02-07,여자,30 - 39세,경기도,국내온라인거래,기타아동복,계약불이행(불완전이행)
2024007972,2024-02-07,남자,40 - 49세,부산광역시,일반판매,보증보험,계약불이행(불완전이행)
2024007973,2024-02-07,여자,50 - 59세,경기도,기타,정수기대여(렌트),계약불이행(불완전이행)
2024007974,2024-02-07,여자,40 - 49세,경기도,국내온라인거래,숙녀화(구두·부츠 등),청약철회
2024007975,2024-02-07,남자,40 - 49세,대구광역시,국내온라인거래,비데,품질(물품/용역)
2024007977,2024-02-07,여자,40 - 49세,경기도,일반판매,골프회원권,계약해제.해지/위약금
2024007978,2024-02-07,남자,40 - 49세,인천광역시,일반판매,전기자전거,AS불만
2024007980,2024-02-07,남자,65 - 69세,인천광역시,국내온라인거래,국외여행,계약해제.해지/위약금
2024007981,2024-02-07,여자,30 - 39세,경기도,국내온라인거래,음식물처리기,품질(물품/용역)
2024007982,2024-02-07,여자,40 - 49세,대구광역시,일반판매,기타유란류·유란류가공식품,안전(제품/시설)
2024007983,2024-02-07,남자,30 - 39세,경기도,국내온라인거래,비타민제,청약철회
2024007984,2024-02-07,남자,70 - 79세,서울특별시,일반판매,스마트폰,계약불이행(불완전이행)
2024007985,2024-02-14,남자,40 - 49세,대구광역시,국내온라인거래,티셔츠,품질(물품/용역)
2024007986,2024-02-07,여자,50 - 59세,서울특별시,국내온라인거래,니트(스웨터),표시.광고
2024007987,2024-02-08,여자,20 - 29세,경상북도,국내온라인거래,점퍼·재킷류,품질(물품/용역)
2024007989,2024-02-07,남자,불명,경기도,전화권유판매,유사투자자문,계약해제.해지/위약금
2024007990,2024-02-07,남자,40 - 49세,울산광역시,일반판매,아파트,거래관행
2024007991,2024-02-07,남자,20 - 29세,경기도,일반판매,한의원,계약해제.해지/위약금
2024007992,2024-02-07,여자,30 - 39세,충청북도,국내온라인거래,캐주얼바지,표시.광고
2024007993,2024-02-07,남자,65 - 69세,광주광역시,일반판매,실손보험,계약불이행(불완전이행)
2024007994,2024-02-07,남자,50 - 59세,경기도,일반판매,신유형상품권,계약불이행(불완전이행)
2024007995,2024-03-15,여자,40 - 49세,대구광역시,국내온라인거래,신발세탁,계약불이행(불완전이행)
2024007996,2024-02-07,여자,30 - 39세,대구광역시,국내온라인거래,기타가방,청약철회
2024007997,2024-02-07,여자,30 - 39세,경기도,기타,도어록,품질(물품/용역)
2024007998,2024-02-07,남자,40 - 49세,경기도,국내온라인거래,셔츠,표시.광고
2024007999,2024-02-07,여자,60 - 64세,서울특별시,일반판매,건강(암·기타질병)보험,계약불이행(불완전이행)
2024008000,2024-02-07,남자,40 - 49세,경상남도,일반판매,침대·매트리스대여(렌트),계약해제.해지/위약금
2024008001,2024-02-07,여자,40 - 49세,전라북도,기타통신판매,비타민제,계약불이행(불완전이행)
2024008002,2024-02-07,여자,30 - 39세,서울특별시,국내온라인거래,신유형상품권,계약불이행(불완전이행)
2024008003,2024-02-07,여자,30 - 39세,서울특별시,일반판매,이동전화서비스,계약불이행(불완전이행)
2024008004,2024-02-07,여자,30 - 39세,서울특별시,일반판매,기타세탁서비스,AS불만
2024008005,2024-02-07,남자,65 - 69세,서울특별시,TV홈쇼핑,화장실설비,AS불만
2024008006,2024-02-07,여자,30 - 39세,경상남도,일반판매,기타예식관련서비스,계약해제.해지/위약금
2024008007,2024-02-07,남자,30 - 39세,부산광역시,일반판매,기타인테리어설비,계약불이행(불완전이행)
2024008008,2024-02-07,남자,20 - 29세,대구광역시,국내온라인거래,헤드폰·이어폰,청약철회
2024008009,2024-02-07,남자,40 - 49세,경기도,국내온라인거래,항공여객운송서비스,가격.요금
2024008010,2024-02-07,남자,20 - 29세,서울특별시,전화권유판매,인터넷교육서비스,계약해제.해지/위약금
2024008011,2024-02-07,여자,30 - 39세,경기도,소셜커머스(쇼핑),유아복,품질(물품/용역)
2024008012,2024-02-07,남자,40 - 49세,서울특별시,국내온라인거래,여행용가방,계약불이행(불완전이행)
2024008013,2024-02-07,남자,40 - 49세,경기도,일반판매,기타세탁서비스,품질(물품/용역)
2024008014,2024-02-07,여자,40 - 49세,인천광역시,기타통신판매,기타매체광고,계약해제.해지/위약금
2024008015,2024-02-07,여자,65 - 69세,경기도,방문판매,국외여행,가격.요금
2024008016,2024-02-07,남자,30 - 39세,전라남도,일반판매,예식서비스,청약철회
2024008017,2024-02-07,여자,20 - 29세,대구광역시,일반판매,일반강습(입시학원등),부당행위
2024008018,2024-02-07,남자,20 - 29세,서울특별시,방문판매,헬스장,계약해제.해지/위약금
2024008019,2024-02-07,여자,20 - 29세,광주광역시,국내온라인거래,기타신발·용품,청약철회
2024008020,2024-02-07,남자,40 - 49세,서울특별시,방문판매,식기세척기,청약철회
2024008021,2024-02-07,여자,20 - 29세,서울특별시,일반판매,애완고양이,품질(물품/용역)
2024008022,2024-02-07,남자,30 - 39세,인천광역시,국내온라인거래,각종공연관람,계약불이행(불완전이행)
2024008023,2024-02-07,남자,40 - 49세,경기도,국내온라인거래,기타자동차부품,AS불만
2024008024,2024-02-07,여자,30 - 39세,전라북도,국내온라인거래,헤드폰·이어폰,품질(물품/용역)
2024008025,2024-02-07,남자,30 - 39세,경기도,기타,의료용구대여(렌트),AS불만
2024008026,2024-02-07,남자,40 - 49세,서울특별시,국내온라인거래,항공여객운송서비스,부당행위
2024008027,2024-02-07,남자,40 - 49세,경기도,국내온라인거래,도서·음반대여(렌트),계약해제.해지/위약금
2024008028,2024-02-07,여자,40 - 49세,경기도,방문판매,아파트,표시.광고
2024008029,2024-02-07,여자,30 - 39세,경기도,국내온라인거래,애완식물(화분·분재),품질(물품/용역)
2024008030,2024-02-07,여자,20 - 29세,서울특별시,일반판매,펜션,계약불이행(불완전이행)
2024008031,2024-02-07,남자,40 - 49세,서울특별시,방문판매,포장이사운송서비스,계약불이행(불완전이행)
2024008032,2024-02-07,여자,20 - 29세,서울특별시,국내온라인거래,CD·LD·DVD(영화·음악·게임),청약철회
2024008033,2024-02-07,남자,20 - 29세,서울특별시,국내온라인거래,기타숙박시설,청약철회
2024008034,2024-02-07,여자,30 - 39세,인천광역시,국내온라인거래,항공여객운송서비스,계약해제.해지/위약금
2024008035,2024-02-07,여자,30 - 39세,서울특별시,일반판매,국내결혼중개,청약철회
2024008036,2024-02-07,남자,30 - 39세,경기도,국내온라인거래,"연회서비스(돌잔치,회갑 등)",계약해제.해지/위약금
2024008037,2024-02-07,여자,30 - 39세,경기도,일반판매,헬스장,계약해제.해지/위약금
2024008038,2024-02-07,여자,30 - 39세,서울특별시,국내온라인거래,제습기,청약철회
2024008039,2024-02-07,여자,40 - 49세,경기도,모바일거래,베개,표시.광고
2024008040,2024-02-07,남자,20 - 29세,전라남도,다단계판매,기타방문·통신교육서비스,청약철회
2024008041,2024-02-07,남자,40 - 49세,대전광역시,기타,외식,계약불이행(불완전이행)
2024008042,2024-02-07,남자,30 - 39세,인천광역시,국내온라인거래,항공여객운송서비스,계약해제.해지/위약금
2024008043,2024-02-07,여자,30 - 39세,경기도,기타,사진촬영,계약불이행(불완전이행)
2024008044,2024-02-07,여자,40 - 49세,서울특별시,국내온라인거래,전기장판,안전(제품/시설)
2024008045,2024-02-07,남자,30 - 39세,울산광역시,모바일거래,소프트웨어,계약해제.해지/위약금
2024008046,2024-02-07,여자,30 - 39세,서울특별시,일반판매,미용서비스,품질(물품/용역)
2024008047,2024-02-07,여자,20 - 29세,서울특별시,일반판매,기타이·미용서비스,계약불이행(불완전이행)
2024008048,2024-02-07,여자,20 - 29세,서울특별시,모바일거래,영화관람,계약해제.해지/위약금
2024008049,2024-02-07,여자,30 - 39세,인천광역시,모바일거래,매트,계약불이행(불완전이행)
2024008050,2024-02-07,남자,40 - 49세,대구광역시,기타,전화교육,계약해제.해지/위약금
2024008051,2024-02-07,남자,30 - 39세,경기도,국내온라인거래,굴,품질(물품/용역)
2024008052,2024-02-07,여자,30 - 39세,경기도,국내온라인거래,애완동·식물용품,품질(물품/용역)
2024008053,2024-02-07,남자,20 - 29세,인천광역시,일반판매,헬스장,계약해제.해지/위약금
2024008054,2024-02-07,남자,30 - 39세,경상북도,국내온라인거래,기타빵·과자류,표시.광고
2024008055,2024-02-07,여자,30 - 39세,서울특별시,국내온라인거래,기타사무용품,청약철회
2024008056,2024-02-07,남자,30 - 39세,경상남도,국내온라인거래,호텔,표시.광고
2024008057,2024-02-07,남자,30 - 39세,경기도,국내온라인거래,보석·귀금속,계약불이행(불완전이행)
2024008058,2024-02-07,남자,20 - 29세,인천광역시,방문판매,헬스장,계약해제.해지/위약금
2024008059,2024-02-07,여자,20 - 29세,부산광역시,일반판매,이동전화서비스,계약불이행(불완전이행)
2024008060,2024-02-07,남자,40 - 49세,서울특별시,국내온라인거래,티셔츠,품질(물품/용역)
2024008061,2024-02-07,남자,50 - 59세,경기도,일반판매,기타인테리어설비,계약해제.해지/위약금
2024008062,2024-02-07,여자,20 - 29세,경기도,국내온라인거래,헬스장,계약해제.해지/위약금
2024008063,2024-02-07,여자,30 - 39세,서울특별시,기타,피부·체형관리서비스,품질(물품/용역)
2024008064,2024-02-07,여자,20 - 29세,제주도,국제온라인거래,기타의류·섬유,계약해제.해지/위약금
2024008065,2024-02-07,남자,20 - 29세,경상북도,전화권유판매,트레이닝기구,청약철회
2024008066,2024-02-07,여자,40 - 49세,부산광역시,일반판매,티셔츠,품질(물품/용역)
2024008067,2024-02-07,남자,60 - 64세,인천광역시,다단계판매,자기매트리스,품질(물품/용역)
2024008068,2024-02-07,남자,40 - 49세,경기도,일반판매,신사화(구두·부츠 등),청약철회
2024008069,2024-02-07,남자,20 - 29세,서울특별시,일반판매,외식,품질(물품/용역)
2024008070,2024-02-07,남자,40 - 49세,경기도,국내온라인거래,항공여객운송서비스,계약해제.해지/위약금
2024008071,2024-02-07,여자,30 - 39세,서울특별시,기타,헬스장,계약해제.해지/위약금
2024008072,2024-02-07,남자,30 - 39세,인천광역시,기타,이동전화서비스,법.제도
2024008073,2024-02-07,여자,40 - 49세,인천광역시,국내온라인거래,보석·귀금속,품질(물품/용역)
2024008074,2024-02-07,남자,30 - 39세,서울특별시,일반판매,이동전화서비스,계약불이행(불완전이행)
2024008075,2024-02-07,여자,30 - 39세,경기도,기타,기타세탁서비스,품질(물품/용역)
2024008076,2024-02-07,여자,40 - 49세,경기도,기타,전자레인지,청약철회
2024008077,2024-02-07,남자,40 - 49세,경기도,국내온라인거래,기타사무용품,단순문의.상담
2024008078,2024-02-07,여자,40 - 49세,경기도,국내온라인거래,스파게티,계약불이행(불완전이행)
2024008079,2024-02-07,여자,30 - 39세,서울특별시,국내온라인거래,니트(스웨터),청약철회
2024008080,2024-02-07,여자,20 - 29세,대전광역시,국제온라인거래,항공여객운송서비스,계약해제.해지/위약금
2024008081,2024-02-07,여자,30 - 39세,경기도,일반판매,헬스장,계약해제.해지/위약금
2024008082,2024-02-07,남자,40 - 49세,서울특별시,국내온라인거래,점퍼·재킷류,청약철회
2024008083,2024-02-07,남자,30 - 39세,경기도,일반판매,변호서비스,계약해제.해지/위약금
2024008084,2024-02-07,여자,50 - 59세,부산광역시,방문판매,국외여행,계약불이행(불완전이행)
2024008085,2024-02-07,여자,20 - 29세,서울특별시,국내온라인거래,기타가방,청약철회
2024008086,2024-02-07,남자,40 - 49세,경기도,국내온라인거래,모바일정보이용서비스,부당행위
2024008087,2024-02-07,남자,50 - 59세,경상북도,기타,인터넷정보이용서비스,청약철회
2024008088,2024-02-07,여자,40 - 49세,충청북도,국내온라인거래,기타과일·과일가공식품,품질(물품/용역)
2024008089,2024-02-07,여자,40 - 49세,경기도,방문판매,미용서비스,계약해제.해지/위약금
2024008090,2024-02-07,남자,30 - 39세,세종특별자치시,국내온라인거래,이동전화서비스,계약해제.해지/위약금
2024008091,2024-02-07,남자,50 - 59세,충청남도,기타통신판매,초고속인터넷,계약불이행(불완전이행)
2024008092,2024-02-07,여자,20 - 29세,서울특별시,국내온라인거래,가발,청약철회
2024008093,2024-02-07,여자,30 - 39세,서울특별시,일반판매,골프회원권,계약해제.해지/위약금
2024008094,2024-02-07,남자,50 - 59세,경기도,기타,아파트,AS불만
2024008095,2024-02-07,여자,30 - 39세,충청남도,일반판매,기타미분류서비스,계약해제.해지/위약금
2024008096,2024-02-07,여자,50 - 59세,전라북도,국내온라인거래,전기장판,청약철회
2024008097,2024-02-07,남자,30 - 39세,경기도,방문판매,가스보일러,AS불만
2024008098,2024-02-07,남자,20 - 29세,경기도,방문판매,자격시험기타,계약해제.해지/위약금
2024008099,2024-02-07,여자,40 - 49세,경기도,방문판매,인터넷교육서비스,계약해제.해지/위약금
2024008100,2024-02-07,남자,30 - 39세,전라남도,국내온라인거래,전기맛사지기,청약철회
2024008101,2024-02-07,남자,20 - 29세,경기도,국내온라인거래,애완동·식물용품,계약불이행(불완전이행)
2024008102,2024-02-07,여자,50 - 59세,경상남도,국내온라인거래,감귤,부당행위
2024008103,2024-02-07,남자,30 - 39세,경기도,기타,미분류컨설팅(자문),계약해제.해지/위약금
2024008104,2024-02-07,남자,40 - 49세,충청북도,국내온라인거래,기타곡류·곡류가공식품,계약불이행(불완전이행)
2024008105,2024-02-07,여자,30 - 39세,서울특별시,일반판매,미용서비스,계약불이행(불완전이행)
2024008106,2024-02-07,남자,30 - 39세,경상남도,국내온라인거래,건물청소서비스,품질(물품/용역)
2024008107,2024-02-07,여자,60 - 64세,인천광역시,국내온라인거래,국외여행,품질(물품/용역)
2024008108,2024-02-07,여자,40 - 49세,부산광역시,일반판매,국외여행,계약불이행(불완전이행)
2024008109,2024-02-07,여자,50 - 59세,경기도,일반판매,소파,품질(물품/용역)
2024008110,2024-02-07,여자,20 - 29세,경기도,일반판매,헬스장,계약해제.해지/위약금
2024008111,2024-02-07,남자,60 - 64세,인천광역시,국내온라인거래,무선인터넷,품질(물품/용역)
2024008112,2024-02-07,여자,20 - 29세,광주광역시,방문판매,헬스장,계약해제.해지/위약금
2024008113,2024-02-07,남자,40 - 49세,경기도,국내온라인거래,비타민제,청약철회
2024008114,2024-02-07,남자,30 - 39세,인천광역시,국내온라인거래,헤드폰·이어폰,계약불이행(불완전이행)
2024008115,2024-02-07,여자,30 - 39세,서울특별시,소셜커머스(쇼핑),점퍼·재킷류,청약철회
2024008116,2024-02-07,여자,30 - 39세,부산광역시,모바일거래,모바일게임서비스,청약철회
2024008117,2024-02-07,여자,30 - 39세,대구광역시,소셜커머스(쇼핑),비타민제,청약철회
2024008118,2024-02-07,남자,20 - 29세,대전광역시,국내온라인거래,항공여객운송서비스,계약불이행(불완전이행)
2024008119,2024-02-07,여자,20 - 29세,경기도,소셜커머스(쇼핑),식탁,청약철회
2024008120,2024-02-07,남자,30 - 39세,경기도,일반판매,포장이사운송서비스,계약불이행(불완전이행)
2024008121,2024-02-07,여자,20 - 29세,경기도,국내온라인거래,항공여객운송서비스,부당행위
2024008122,2024-02-07,남자,20 - 29세,충청북도,소셜커머스(쇼핑),그릇세트,청약철회
2024008123,2024-02-08,남자,30 - 39세,서울특별시,일반판매,각종자격취득강습,계약해제.해지/위약금
2024008124,2024-02-08,남자,30 - 39세,경기도,일반판매,예식서비스,계약해제.해지/위약금
2024008125,2024-02-08,여자,불명,경상북도,기타,기타미분류서비스,계약불이행(불완전이행)
2024008126,2024-02-08,여자,40 - 49세,대구광역시,일반판매,자동차수리·점검,품질(물품/용역)
2024008127,2024-02-08,남자,30 - 39세,대전광역시,국내온라인거래,사기그릇,가격.요금
2024008128,2024-02-08,여자,30 - 39세,서울특별시,일반판매,일반이사운송서비스,거래관행
2024008129,2024-02-08,남자,20 - 29세,경기도,국내온라인거래,기타건강식품,청약철회
2024008130,2024-02-08,남자,40 - 49세,경상남도,국내온라인거래,노트북컴퓨터,계약불이행(불완전이행)
2024008131,2024-02-08,남자,40 - 49세,경기도,국내온라인거래,점퍼·재킷류,부당행위
2024008133,2024-02-08,남자,30 - 39세,서울특별시,일반판매,기타미분류서비스,거래관행
2024008134,2024-02-08,여자,60 - 64세,인천광역시,기타통신판매,기타건강식품,품질(물품/용역)
2024008135,2024-02-08,남자,40 - 49세,강원특별자치도,일반판매,대형승용자동차,품질(물품/용역)
2024008136,2024-02-08,남자,20 - 29세,경기도,국내온라인거래,블루투스스피커,청약철회
2024008137,2024-02-08,남자,30 - 39세,서울특별시,국내온라인거래,항공여객운송서비스,청약철회
2024008138,2024-02-08,남자,30 - 39세,경기도,모바일거래,항공여객운송서비스,이자.수수료
2024008139,2024-02-08,여자,40 - 49세,서울특별시,일반판매,필라테스,계약해제.해지/위약금
2024008140,2024-02-08,여자,20 - 29세,서울특별시,일반판매,피부·체형관리서비스,품질(물품/용역)
2024008141,2024-02-08,남자,40 - 49세,경기도,기타통신판매,초고속인터넷,계약해제.해지/위약금
2024008142,2024-02-08,남자,30 - 39세,강원특별자치도,국내온라인거래,기타의류·섬유,청약철회
2024008143,2024-02-08,남자,20 - 29세,경기도,국내온라인거래,가습기,품질(물품/용역)
2024008144,2024-02-08,남자,50 - 59세,경기도,일반판매,중형승용자동차,AS불만
2024008145,2024-02-08,남자,60 - 64세,서울특별시,일반판매,자동차수리·점검,계약해제.해지/위약금
2024008146,2024-02-08,남자,65 - 69세,경상남도,일반판매,치과,계약불이행(불완전이행)
2024008147,2024-02-08,남자,50 - 59세,경기도,일반판매,내과,품질(물품/용역)
2024008148,2024-02-08,남자,10 - 19세,경상남도,일반판매,외과,품질(물품/용역)
2024008149,2024-02-08,남자,80세이상,부산광역시,일반판매,정형외과,품질(물품/용역)
2024008150,2024-02-08,남자,30 - 39세,충청남도,국내온라인거래,기타자동차부품,품질(물품/용역)
2024008151,2024-02-08,남자,30 - 39세,경기도,소셜커머스(쇼핑),TV,계약해제.해지/위약금
2024008152,2024-02-08,여자,30 - 39세,서울특별시,일반판매,민간자격(능력)시험,계약해제.해지/위약금
2024008153,2024-02-08,남자,40 - 49세,전라남도,일반판매,국외여행,계약불이행(불완전이행)
2024008154,2024-02-08,남자,(미입력),인천광역시,일반판매,대형승용자동차,AS불만
2024008155,2024-02-08,여자,40 - 49세,경기도,국내온라인거래,항공여객운송서비스,계약불이행(불완전이행)
2024008156,2024-02-08,여자,20 - 29세,서울특별시,국내온라인거래,케이크,계약해제.해지/위약금
2024008157,2024-02-08,남자,60 - 64세,경상남도,모바일거래,기타미분류물품,청약철회
2024008158,2024-02-08,남자,20 - 29세,대구광역시,일반판매,헬스장,계약해제.해지/위약금
2024008159,2024-02-08,여자,30 - 39세,강원특별자치도,방문판매,인터넷교육서비스,계약해제.해지/위약금
2024008161,2024-02-08,여자,50 - 59세,인천광역시,기타,항공여객운송서비스,계약불이행(불완전이행)
2024008164,2024-02-08,남자,60 - 64세,충청남도,TV홈쇼핑,기타이·미용기구,청약철회
2024008165,2024-02-08,여자,30 - 39세,서울특별시,모바일거래,기타취미용품,품질(물품/용역)
2024008166,2024-02-08,남자,70 - 79세,경기도,일반판매,가스보일러,부당행위
2024008167,2024-02-08,남자,40 - 49세,인천광역시,일반판매,기타인테리어설비,품질(물품/용역)
2024008168,2024-02-08,남자,30 - 39세,경상남도,국내온라인거래,국외여행,표시.광고
2024008169,2024-02-08,여자,불명,전라북도,국내온라인거래,기타숙박시설,계약해제.해지/위약금
2024008170,2024-02-08,여자,65 - 69세,경기도,기타,쌀,품질(물품/용역)
2024008171,2024-02-08,남자,30 - 39세,대전광역시,국내온라인거래,소프트웨어,계약불이행(불완전이행)
2024008172,2024-02-08,여자,50 - 59세,경기도,소셜커머스(쇼핑),감귤,청약철회
2024008173,2024-02-08,남자,40 - 49세,울산광역시,소셜커머스(쇼핑),통신기기주변장치,품질(물품/용역)
2024008174,2024-02-08,여자,30 - 39세,서울특별시,방문판매,기타매체광고,계약해제.해지/위약금
2024008175,2024-02-08,여자,60 - 64세,전라북도,기타통신판매,정수기대여(렌트),가격.요금
2024008177,2024-02-08,남자,30 - 39세,서울특별시,전화권유판매,기타매체광고,계약해제.해지/위약금
2024008179,2024-02-08,남자,30 - 39세,충청남도,일반판매,음식물처리기대여(렌트),계약해제.해지/위약금
2024008180,2024-02-08,여자,20 - 29세,서울특별시,국내온라인거래,헤드폰·이어폰,청약철회
2024008182,2024-02-08,남자,20 - 29세,대구광역시,소셜커머스(쇼핑),헤드폰·이어폰,계약불이행(불완전이행)
2024008184,2024-02-08,여자,30 - 39세,서울특별시,모바일거래,숙녀화(구두·부츠 등),계약불이행(불완전이행)
2024008185,2024-02-08,남자,30 - 39세,경기도,일반판매,점퍼·재킷류,계약불이행(불완전이행)
2024008186,2024-02-08,남자,40 - 49세,광주광역시,일반판매,국내결혼중개,계약해제.해지/위약금
2024008187,2024-02-08,남자,50 - 59세,인천광역시,국내온라인거래,호텔,계약불이행(불완전이행)
2024008188,2024-02-08,남자,70 - 79세,부산광역시,일반판매,기타공조·냉난방기기,품질(물품/용역)
2024008189,2024-02-08,남자,30 - 39세,서울특별시,국내온라인거래,일반자전거,품질(물품/용역)
2024008190,2024-02-08,여자,40 - 49세,서울특별시,TV홈쇼핑,소파,품질(물품/용역)
2024008191,2024-02-08,남자,65 - 69세,제주도,일반판매,전기장판,품질(물품/용역)
2024008192,2024-02-08,남자,40 - 49세,서울특별시,일반판매,대형승용자동차,품질(물품/용역)
2024008193,2024-02-19,여자,60 - 64세,경상남도,일반판매,점퍼·재킷류,품질(물품/용역)
2024008194,2024-02-08,남자,30 - 39세,경상북도,방문판매,소독살균제,청약철회
2024008195,2024-02-26,남자,40 - 49세,경기도,국내온라인거래,운동화,품질(물품/용역)
2024008196,2024-02-08,남자,60 - 64세,부산광역시,국내온라인거래,기타이동통신,계약불이행(불완전이행)
2024008197,2024-02-08,여자,30 - 39세,해외 및 기타,국제온라인거래,기타숙박시설,계약불이행(불완전이행)
2024008198,2024-02-08,여자,40 - 49세,대구광역시,전화권유판매,인터넷정보이용서비스,계약해제.해지/위약금
2024008199,2024-02-08,여자,70 - 79세,경기도,일반판매,피부·체형관리서비스,계약해제.해지/위약금
2024008200,2024-02-26,여자,40 - 49세,경기도,일반판매,운동화,품질(물품/용역)
2024008201,2024-02-08,여자,20 - 29세,경기도,일반판매,성형외과,품질(물품/용역)
2024008202,2024-02-08,여자,20 - 29세,경기도,방문판매,상조서비스,계약해제.해지/위약금
2024008204,2024-02-08,여자,65 - 69세,서울특별시,일반판매,건강(암·기타질병)보험,계약불이행(불완전이행)
2024008205,2024-02-15,여자,50 - 59세,경기도,일반판매,점퍼·재킷류,품질(물품/용역)
2024008206,2024-02-14,여자,40 - 49세,부산광역시,소셜커머스(쇼핑),점퍼·재킷류,품질(물품/용역)
2024008207,2024-02-08,여자,30 - 39세,경기도,소셜커머스(쇼핑),쇠고기,청약철회
2024008208,2024-02-08,여자,40 - 49세,인천광역시,기타통신판매,기타사설강습서비스,계약해제.해지/위약금
2024008209,2024-02-08,남자,40 - 49세,경기도,일반판매,보증보험,품질(물품/용역)
2024008210,2024-02-21,여자,20 - 29세,충청남도,일반판매,양복(서양식 의복)세탁,품질(물품/용역)
2024008212,2024-02-08,여자,65 - 69세,인천광역시,일반판매,상해보험,계약불이행(불완전이행)
2024008214,2024-02-08,여자,50 - 59세,인천광역시,일반판매,자동차수리·점검,가격.요금
2024008215,2024-02-08,남자,20 - 29세,서울특별시,모바일거래,철도여객운송서비스,부당행위
2024008216,2024-02-08,여자,40 - 49세,경기도,TV홈쇼핑,믹서기,품질(물품/용역)
2024008217,2024-02-15,여자,30 - 39세,서울특별시,국내온라인거래,니트(스웨터),품질(물품/용역)
2024008218,2024-02-08,여자,20 - 29세,대전광역시,기타통신판매,기타미분류물품,AS불만
2024008219,2024-02-08,남자,40 - 49세,부산광역시,국내온라인거래,전기압력밥솥,AS불만
2024008220,2024-02-08,여자,30 - 39세,서울특별시,모바일거래,기타신발·용품,청약철회
2024008221,2024-02-08,여자,30 - 39세,경기도,일반판매,예식서비스,계약해제.해지/위약금
2024008222,2024-02-08,여자,40 - 49세,경기도,전화권유판매,기타매체광고,계약해제.해지/위약금
2024008223,2024-02-08,남자,30 - 39세,서울특별시,국내온라인거래,기타신발·용품,청약철회
2024008224,2024-02-08,남자,40 - 49세,부산광역시,국내온라인거래,국외여행,품질(물품/용역)
2024008225,2024-02-08,여자,50 - 59세,인천광역시,일반판매,외식,안전(제품/시설)
2024008226,2024-02-08,여자,20 - 29세,경상남도,국내온라인거래,통신기기케이스,부당행위
2024008227,2024-02-08,여자,20 - 29세,경기도,방문판매,헬스장,계약해제.해지/위약금
2024008228,2024-02-08,여자,40 - 49세,경기도,전화권유판매,기타정보이용서비스,계약해제.해지/위약금
2024008229,2024-02-08,남자,20 - 29세,인천광역시,국내온라인거래,인쇄서비스,품질(물품/용역)
2024008230,2024-02-08,남자,40 - 49세,경상남도,모바일거래,운동화,계약해제.해지/위약금
2024008231,2024-02-08,여자,10 - 19세,경기도,모바일거래,스포츠웨어,청약철회
2024008232,2024-02-08,여자,30 - 39세,경기도,전화권유판매,인터넷교육서비스,계약불이행(불완전이행)
2024008233,2024-02-08,남자,20 - 29세,서울특별시,모바일거래,인터넷교육서비스,계약해제.해지/위약금
2024008234,2024-02-08,여자,50 - 59세,인천광역시,일반판매,필라테스,계약해제.해지/위약금
2024008235,2024-02-08,남자,30 - 39세,서울특별시,일반판매,일반강습(입시학원등),계약해제.해지/위약금
2024008236,2024-02-08,여자,40 - 49세,경기도,모바일거래,기타육류·육류가공식품,부당행위
2024008237,2024-02-08,여자,20 - 29세,경기도,일반판매,예식서비스,계약불이행(불완전이행)
2024008238,2024-02-08,여자,60 - 64세,경상남도,일반판매,이동전화서비스,계약불이행(불완전이행)
2024008239,2024-02-08,남자,40 - 49세,서울특별시,국내온라인거래,책장·서가,품질(물품/용역)
2024008240,2024-02-08,여자,40 - 49세,전라북도,일반판매,냉동고,품질(물품/용역)
2024008241,2024-02-08,여자,40 - 49세,서울특별시,방문판매,포장이사운송서비스,품질(물품/용역)
2024008242,2024-02-08,여자,20 - 29세,강원특별자치도,기타,외국어강습,계약해제.해지/위약금
2024008243,2024-02-08,남자,40 - 49세,충청북도,방문판매,콘도회원권,계약해제.해지/위약금
2024008244,2024-02-08,여자,20 - 29세,인천광역시,방문판매,헬스장,계약해제.해지/위약금
2024008245,2024-02-08,남자,50 - 59세,경기도,일반판매,항공여객운송서비스,계약불이행(불완전이행)
2024008246,2024-02-08,여자,20 - 29세,광주광역시,방문판매,헬스장,계약해제.해지/위약금
2024008247,2024-02-08,여자,30 - 39세,경기도,방문판매,피부·체형관리서비스,계약해제.해지/위약금
2024008248,2024-02-08,남자,50 - 59세,경기도,방문판매,공기청정기대여(렌트),계약불이행(불완전이행)
2024008249,2024-02-08,여자,30 - 39세,충청남도,국내온라인거래,운동화,청약철회
2024008250,2024-02-08,남자,40 - 49세,제주도,국내온라인거래,기타간편복,계약해제.해지/위약금
2024008251,2024-02-08,여자,40 - 49세,인천광역시,일반판매,학습지,부당행위
2024008252,2024-02-08,여자,50 - 59세,경기도,일반판매,기타이동통신,품질(물품/용역)
2024008253,2024-02-08,여자,30 - 39세,대전광역시,기타,학습지,계약해제.해지/위약금
2024008254,2024-02-08,남자,40 - 49세,서울특별시,모바일거래,모바일게임서비스,무능력자계약
2024008255,2024-02-08,남자,60 - 64세,서울특별시,국내온라인거래,국외여행,청약철회
2024008256,2024-02-08,여자,40 - 49세,서울특별시,모바일거래,캐주얼바지,품질(물품/용역)
2024008257,2024-02-08,남자,50 - 59세,서울특별시,일반판매,고시원이용,청약철회
2024008258,2024-02-08,남자,60 - 64세,전라북도,모바일거래,기타이동통신,품질(물품/용역)
2024008259,2024-02-08,남자,40 - 49세,경기도,국내온라인거래,버스여객운송서비스,부당행위
2024008260,2024-02-08,남자,30 - 39세,서울특별시,일반판매,헬스장,계약해제.해지/위약금
2024008261,2024-02-08,여자,30 - 39세,경기도,국내온라인거래,국외여행,계약불이행(불완전이행)
2024008262,2024-02-08,여자,40 - 49세,서울특별시,기타,기타사설강습서비스,계약해제.해지/위약금
2024008263,2024-02-08,여자,40 - 49세,경기도,방문판매,포장이사운송서비스,품질(물품/용역)
2024008264,2024-02-08,여자,20 - 29세,서울특별시,일반판매,헬스장,계약해제.해지/위약금
2024008265,2024-02-08,여자,40 - 49세,서울특별시,일반판매,헬스장,계약해제.해지/위약금
2024008266,2024-02-08,여자,30 - 39세,울산광역시,일반판매,기타미분류서비스,계약불이행(불완전이행)
2024008267,2024-02-08,여자,50 - 59세,충청북도,일반판매,국내결혼중개,계약불이행(불완전이행)
2024008268,2024-02-08,여자,20 - 29세,인천광역시,기타,기타미분류서비스,부당행위
2024008269,2024-02-08,여자,40 - 49세,인천광역시,일반판매,기타사설강습서비스,계약해제.해지/위약금
2024008270,2024-02-08,여자,30 - 39세,부산광역시,방문판매,학습지,청약철회
2024008271,2024-02-08,여자,30 - 39세,경기도,일반판매,결혼준비대행서비스,청약철회
2024008272,2024-02-08,여자,40 - 49세,서울특별시,국내온라인거래,기타건축자재,품질(물품/용역)
2024008273,2024-02-08,남자,30 - 39세,경상남도,방문판매,콘도회원권,계약해제.해지/위약금
2024008274,2024-02-08,여자,30 - 39세,경기도,국내온라인거래,원피스,청약철회
2024008275,2024-02-08,여자,40 - 49세,충청남도,일반판매,국외여행,품질(물품/용역)
2024008276,2024-02-08,여자,30 - 39세,대구광역시,국내온라인거래,기타숙박시설,계약해제.해지/위약금
2024008277,2024-02-08,여자,40 - 49세,경상남도,일반판매,식탁,품질(물품/용역)
2024008278,2024-02-08,남자,30 - 39세,경기도,국내온라인거래,항공여객운송서비스,계약해제.해지/위약금
2024008279,2024-02-08,여자,50 - 59세,경기도,기타,마사지류,계약불이행(불완전이행)
2024008280,2024-02-08,여자,30 - 39세,서울특별시,국제온라인거래,국외여행,품질(물품/용역)
2024008281,2024-02-08,여자,30 - 39세,인천광역시,모바일거래,미용서비스,계약불이행(불완전이행)
2024008282,2024-02-08,남자,50 - 59세,인천광역시,국내온라인거래,전기밥솥,청약철회
2024008283,2024-02-08,여자,20 - 29세,경기도,방문판매,필라테스,계약해제.해지/위약금
2024008284,2024-02-08,여자,30 - 39세,부산광역시,일반판매,종합체육시설회원권,계약해제.해지/위약금
2024008285,2024-02-08,여자,30 - 39세,충청남도,일반판매,코트,계약불이행(불완전이행)
2024008286,2024-02-08,남자,20 - 29세,대구광역시,소셜커머스(쇼핑),펜션,청약철회
2024008287,2024-02-08,여자,30 - 39세,대구광역시,소셜커머스(쇼핑),감귤,청약철회
2024008288,2024-02-08,여자,20 - 29세,경기도,일반판매,필라테스,계약해제.해지/위약금
2024008301,2024-02-09,여자,40 - 49세,서울특별시,모바일거래,기타숙박시설,청약철회
2024008302,2024-02-09,여자,20 - 29세,인천광역시,국내온라인거래,학습지,청약철회
2024008303,2024-02-09,여자,20 - 29세,경기도,국내온라인거래,이동전화서비스,거래관행
2024008304,2024-02-09,여자,20 - 29세,경기도,방문판매,헬스장,계약해제.해지/위약금
2024008305,2024-02-09,여자,40 - 49세,경기도,전화권유판매,기타주택·건물,계약해제.해지/위약금
2024008306,2024-02-09,남자,30 - 39세,경기도,일반판매,헬스장,안전(제품/시설)
2024008307,2024-02-09,남자,20 - 29세,울산광역시,국내온라인거래,기타통신기기,계약불이행(불완전이행)
2024008308,2024-02-09,남자,20 - 29세,울산광역시,국내온라인거래,숙녀화(구두·부츠 등),계약불이행(불완전이행)
2024008309,2024-02-09,여자,20 - 29세,서울특별시,기타,인터넷교육서비스,계약불이행(불완전이행)
2024008310,2024-02-09,여자,20 - 29세,서울특별시,국내온라인거래,기타의류·섬유,청약철회
2024008311,2024-02-09,여자,20 - 29세,서울특별시,국내온라인거래,컴퓨터모니터(데스크탑),청약철회
2024008312,2024-02-09,여자,20 - 29세,충청북도,일반판매,인터넷정보이용서비스,청약철회
2024008313,2024-02-09,여자,20 - 29세,대전광역시,국내온라인거래,기타신발·용품,계약불이행(불완전이행)
2024008314,2024-02-09,남자,30 - 39세,서울특별시,일반판매,헬스장,계약해제.해지/위약금
2024008315,2024-02-09,남자,50 - 59세,대구광역시,일반판매,대형승용자동차,가격.요금
2024008316,2024-02-09,여자,20 - 29세,서울특별시,일반판매,피부·체형관리서비스,표시.광고
2024008317,2024-02-09,남자,40 - 49세,서울특별시,모바일거래,인터넷정보이용서비스,청약철회
2024008318,2024-02-09,남자,20 - 29세,경기도,일반판매,고시원이용,계약해제.해지/위약금
2024008319,2024-02-09,남자,30 - 39세,서울특별시,일반판매,초고속인터넷,약관
2024008320,2024-02-09,여자,60 - 64세,대구광역시,일반판매,국외여행,계약해제.해지/위약금
2024008401,2024-02-10,여자,30 - 39세,인천광역시,일반판매,기타미분류서비스,계약해제.해지/위약금
2024008402,2024-02-10,남자,30 - 39세,서울특별시,기타,피부·체형관리서비스,청약철회
2024008403,2024-02-10,여자,30 - 39세,인천광역시,일반판매,,안전(제품/시설)
2024008404,2024-02-10,여자,40 - 49세,경기도,국내온라인거래,캐주얼바지,표시.광고
2024008405,2024-02-10,여자,60 - 64세,광주광역시,일반판매,점퍼·재킷류,품질(물품/용역)
2024008406,2024-02-10,여자,20 - 29세,부산광역시,전화권유판매,인터넷교육서비스,계약해제.해지/위약금
2024008407,2024-02-10,남자,20 - 29세,경상남도,국내온라인거래,전자담배,품질(물품/용역)
2024008408,2024-02-10,여자,40 - 49세,서울특별시,일반판매,연립주택,AS불만
2024008409,2024-02-10,여자,20 - 29세,강원특별자치도,전화권유판매,인터넷교육서비스,계약해제.해지/위약금
2024008501,2024-02-09,여자,20 - 29세,서울특별시,일반판매,헬스장,계약해제.해지/위약금
2024008502,2024-02-11,남자,30 - 39세,충청남도,기타통신판매,장식장,계약불이행(불완전이행)
2024008503,2024-02-11,남자,30 - 39세,대전광역시,국내온라인거래,헤드폰·이어폰,부당행위
2024008504,2024-02-11,남자,20 - 29세,서울특별시,일반판매,통신기기주변장치,안전(제품/시설)
2024008505,2024-02-11,여자,20 - 29세,인천광역시,소셜커머스(쇼핑),기타숙박시설,계약불이행(불완전이행)
2024008506,2024-02-11,여자,20 - 29세,인천광역시,일반판매,헬스장,계약해제.해지/위약금
2024008507,2024-02-11,남자,50 - 59세,경기도,국내온라인거래,스마트폰,표시.광고
2024008508,2024-02-11,여자,20 - 29세,서울특별시,일반판매,기타미분류서비스,계약해제.해지/위약금
2024008509,2024-02-12,남자,40 - 49세,경기도,국내온라인거래,인터넷정보이용서비스,계약해제.해지/위약금
2024008510,2024-02-12,남자,30 - 39세,인천광역시,국제온라인거래,자동차대여(렌트),계약불이행(불완전이행)
2024008511,2024-02-12,여자,30 - 39세,서울특별시,일반판매,운동화,청약철회
2024008512,2024-02-12,남자,20 - 29세,서울특별시,국내온라인거래,항공여객운송서비스,계약해제.해지/위약금
2024008513,2024-02-12,여자,40 - 49세,광주광역시,국내온라인거래,우유,품질(물품/용역)
2024008514,2024-02-12,여자,40 - 49세,경기도,국내온라인거래,헤드폰·이어폰,품질(물품/용역)
2024008515,2024-02-12,여자,20 - 29세,인천광역시,방문판매,피부·체형관리서비스,계약해제.해지/위약금
2024008516,2024-02-12,여자,40 - 49세,인천광역시,일반판매,고시원이용,계약해제.해지/위약금
2024008517,2024-02-12,여자,20 - 29세,경기도,방문판매,필라테스,계약해제.해지/위약금
2024008518,2024-02-12,남자,40 - 49세,서울특별시,국제온라인거래,기타화물운송서비스,표시.광고
2024008519,2024-02-12,여자,30 - 39세,경기도,기타,외식,계약해제.해지/위약금
2024008520,2024-02-13,남자,40 - 49세,서울특별시,일반판매,기타승용차,품질(물품/용역)
2024008521,2024-02-13,여자,20 - 29세,(미입력),방문판매,헬스장,계약해제.해지/위약금
2024008522,2024-02-13,여자,20 - 29세,경상남도,일반판매,미용서비스,부당행위
2024008523,2024-02-13,남자,40 - 49세,경기도,모바일거래,전기자전거,AS불만
2024008524,2024-02-15,남자,65 - 69세,서울특별시,기타통신판매,니트(스웨터),청약철회
2024008525,2024-02-13,남자,50 - 59세,대전광역시,일반판매,자동차수리·점검,계약불이행(불완전이행)
2024008526,2024-02-13,남자,30 - 39세,서울특별시,일반판매,헬스장,계약해제.해지/위약금
2024008527,2024-02-13,남자,40 - 49세,서울특별시,기타,화재보험,부당행위
2024008528,2024-02-13,여자,60 - 64세,경기도,국내온라인거래,기타의료용구,품질(물품/용역)
2024008529,2024-02-13,남자,60 - 64세,경상북도,기타통신판매,감귤,청약철회
2024008530,2024-02-13,여자,40 - 49세,경상북도,일반판매,노트북컴퓨터,AS불만
2024008532,2024-02-13,여자,20 - 29세,경기도,국내온라인거래,초음파방충기,품질(물품/용역)
2024008534,2024-02-13,남자,20 - 29세,광주광역시,모바일거래,다이어트식품,청약철회
2024008535,2024-02-13,남자,40 - 49세,경상남도,국내온라인거래,초음파방충기,품질(물품/용역)
2024008536,2024-02-13,남자,30 - 39세,경기도,일반판매,예식서비스,계약해제.해지/위약금
2024008537,2024-02-13,여자,30 - 39세,서울특별시,일반판매,기타교육서비스,계약해제.해지/위약금
2024008538,2024-02-13,남자,80세이상,대전광역시,전화권유판매,유사투자자문,계약해제.해지/위약금
2024008539,2024-02-13,여자,30 - 39세,경기도,국내온라인거래,식탁,품질(물품/용역)
2024008540,2024-02-13,여자,40 - 49세,부산광역시,국내온라인거래,점퍼·재킷류,청약철회
2024008541,2024-02-13,남자,30 - 39세,충청북도,국내온라인거래,건물청소서비스,계약불이행(불완전이행)
2024008542,2024-02-13,여자,30 - 39세,경기도,국제온라인거래,기타가방,청약철회
2024008543,2024-02-13,남자,70 - 79세,강원특별자치도,국내온라인거래,항공여객운송서비스,계약불이행(불완전이행)
2024008544,2024-02-13,남자,40 - 49세,인천광역시,일반판매,스마트폰,계약불이행(불완전이행)
2024008545,2024-02-13,남자,30 - 39세,경기도,일반판매,의류관리기(스타일러 등),품질(물품/용역)
2024008546,2024-02-13,남자,20 - 29세,경기도,국내온라인거래,스마트폰,계약불이행(불완전이행)
2024008547,2024-02-13,여자,40 - 49세,부산광역시,일반판매,기타사설강습서비스,계약해제.해지/위약금
2024008548,2024-02-13,남자,50 - 59세,대구광역시,일반판매,소파,품질(물품/용역)
2024008549,2024-02-13,여자,40 - 49세,대구광역시,기타통신판매,무스탕,청약철회
2024008551,2024-02-13,여자,40 - 49세,경상남도,국내온라인거래,컴퓨터수리,계약불이행(불완전이행)
2024008552,2024-02-13,여자,30 - 39세,경기도,국내온라인거래,기타신발·용품,계약불이행(불완전이행)
2024008553,2024-02-13,남자,30 - 39세,경기도,국내온라인거래,이동전화서비스,계약불이행(불완전이행)
2024008554,2024-02-13,남자,30 - 39세,전라북도,국내온라인거래,기타조미식품,계약불이행(불완전이행)
2024008555,2024-02-13,여자,40 - 49세,대전광역시,소셜커머스(쇼핑),모자,계약불이행(불완전이행)
2024008556,2024-02-13,남자,60 - 64세,충청남도,전화권유판매,전기자전거,계약해제.해지/위약금
2024008557,2024-02-13,남자,30 - 39세,서울특별시,국내온라인거래,기타건강식품,계약불이행(불완전이행)
2024008558,2024-02-13,여자,80세이상,경상북도,일반판매,신경외과,안전(제품/시설)
2024008559,2024-02-13,남자,20 - 29세,광주광역시,국내온라인거래,침대,계약해제.해지/위약금
2024008560,2024-02-13,남자,40 - 49세,충청북도,일반판매,자동차보험,계약불이행(불완전이행)
2024008561,2024-02-13,여자,50 - 59세,서울특별시,국내온라인거래,건물청소서비스,계약불이행(불완전이행)
2024008562,2024-02-13,여자,30 - 39세,서울특별시,일반판매,기타사설강습서비스,계약해제.해지/위약금
2024008563,2024-02-13,여자,30 - 39세,경기도,소셜커머스(쇼핑),니트(스웨터),품질(물품/용역)
2024008564,2024-02-13,남자,30 - 39세,서울특별시,모바일거래,전동킥보드,부당행위
2024008565,2024-02-13,남자,70 - 79세,충청남도,일반판매,한의원,계약해제.해지/위약금
2024008566,2024-02-13,남자,40 - 49세,경상남도,전화권유판매,유사투자자문,계약불이행(불완전이행)
2024008567,2024-02-13,남자,50 - 59세,강원특별자치도,국제온라인거래,기타책상·테이블류,청약철회
2024008568,2024-02-13,여자,50 - 59세,경상북도,일반판매,공제보험,계약불이행(불완전이행)
2024008569,2024-02-13,여자,20 - 29세,경기도,기타,항공여객운송서비스,품질(물품/용역)
2024008570,2024-02-13,여자,40 - 49세,서울특별시,국제온라인거래,보온병,계약불이행(불완전이행)
2024008571,2024-02-13,남자,50 - 59세,경상남도,일반판매,자동차대여(렌트),계약불이행(불완전이행)
2024008572,2024-02-13,남자,40 - 49세,대구광역시,국내온라인거래,항공여객운송서비스,계약불이행(불완전이행)
2024008573,2024-02-13,남자,50 - 59세,대전광역시,일반판매,싱크대,품질(물품/용역)
2024008576,2024-02-13,남자,40 - 49세,경상남도,일반판매,공제보험,계약불이행(불완전이행)
2024008577,2024-02-13,여자,50 - 59세,울산광역시,국내온라인거래,의자,청약철회
2024008578,2024-02-13,남자,50 - 59세,부산광역시,일반판매,상해보험,계약불이행(불완전이행)
2024008579,2024-02-13,남자,40 - 49세,서울특별시,소셜커머스(쇼핑),기타사설강습서비스,계약해제.해지/위약금
2024008580,2024-02-13,여자,30 - 39세,경기도,일반판매,결혼준비대행서비스,계약해제.해지/위약금
2024008581,2024-02-13,여자,20 - 29세,서울특별시,국내온라인거래,호텔,계약해제.해지/위약금
2024008582,2024-02-13,여자,20 - 29세,서울특별시,국내온라인거래,호텔,계약해제.해지/위약금
2024008583,2024-02-13,여자,30 - 39세,경기도,TV홈쇼핑,소파,청약철회
2024008584,2024-02-13,여자,40 - 49세,서울특별시,국내온라인거래,스마트폰,AS불만
2024008585,2024-02-13,여자,40 - 49세,서울특별시,소셜커머스(쇼핑),전자레인지,청약철회
2024008587,2024-02-13,여자,40 - 49세,경기도,일반판매,실손보험,계약불이행(불완전이행)
2024008589,2024-02-13,남자,70 - 79세,경기도,모바일거래,이동전화서비스,청약철회
2024008590,2024-02-13,남자,40 - 49세,서울특별시,국내온라인거래,호텔,계약해제.해지/위약금
2024008592,2024-02-13,여자,30 - 39세,서울특별시,국내온라인거래,숙녀화(구두·부츠 등),계약불이행(불완전이행)
2024008594,2024-02-13,남자,40 - 49세,전라남도,일반판매,경비·관리서비스,계약불이행(불완전이행)
2024008596,2024-02-13,남자,30 - 39세,경기도,일반판매,중형승용자동차,부당행위
2024008597,2024-02-13,남자,40 - 49세,경상남도,일반판매,건강(암·기타질병)보험,계약불이행(불완전이행)
2024008598,2024-02-13,남자,50 - 59세,서울특별시,기타,전기세탁기,품질(물품/용역)
2024008600,2024-02-13,여자,40 - 49세,강원특별자치도,국내온라인거래,점퍼·재킷류,청약철회
2024008601,2024-02-13,남자,20 - 29세,서울특별시,국내온라인거래,호텔,계약해제.해지/위약금
2024008602,2024-02-13,여자,60 - 64세,서울특별시,국제온라인거래,코트,청약철회
2024008603,2024-02-13,남자,40 - 49세,서울특별시,모바일거래,비타민제,계약불이행(불완전이행)
2024008604,2024-02-13,남자,60 - 64세,광주광역시,국제온라인거래,시계,계약불이행(불완전이행)
2024008605,2024-02-13,여자,60 - 64세,전라남도,국제온라인거래,보석·귀금속,표시.광고
2024008606,2024-02-13,여자,40 - 49세,서울특별시,일반판매,이동전화서비스,계약불이행(불완전이행)
2024008607,2024-02-15,여자,40 - 49세,경기도,일반판매,양복(서양식 의복)세탁,품질(물품/용역)
2024008609,2024-02-15,여자,40 - 49세,경기도,일반판매,손수건,품질(물품/용역)
2024008610,2024-02-13,여자,40 - 49세,경기도,국내온라인거래,국내여행,안전(제품/시설)
2024008611,2024-02-13,여자,20 - 29세,서울특별시,소셜커머스(쇼핑),기타회원권,청약철회
2024008612,2024-02-13,남자,60 - 64세,제주도,전화권유판매,성기능향상기기,계약불이행(불완전이행)
2024008613,2024-02-13,남자,65 - 69세,서울특별시,일반판매,인터넷정보이용서비스,계약불이행(불완전이행)
2024008614,2024-02-13,남자,65 - 69세,경기도,전화권유판매,인터넷교육서비스,청약철회
2024008615,2024-02-13,남자,30 - 39세,부산광역시,모바일거래,비타민제,계약불이행(불완전이행)
2024008616,2024-02-13,여자,40 - 49세,경기도,기타통신판매,실손보험,계약불이행(불완전이행)
2024008618,2024-02-13,남자,50 - 59세,경상남도,소셜커머스(쇼핑),침대,품질(물품/용역)
2024008619,2024-02-13,남자,30 - 39세,서울특별시,일반판매,전기자전거,품질(물품/용역)
2024008620,2024-02-13,여자,50 - 59세,충청남도,일반판매,각종자격취득강습,계약해제.해지/위약금
2024008621,2024-02-13,여자,20 - 29세,인천광역시,모바일거래,이동전화서비스,청약철회
2024008622,2024-02-13,여자,20 - 29세,경기도,국제온라인거래,기타문화·오락시설이용,청약철회
2024008623,2024-02-13,남자,30 - 39세,경기도,국내온라인거래,식탁,청약철회
2024008624,2024-02-13,남자,60 - 64세,대전광역시,국내온라인거래,망원경,청약철회
2024008625,2024-02-13,여자,70 - 79세,경기도,일반판매,미분류대여(렌트),부당행위
2024008626,2024-02-13,남자,50 - 59세,경기도,기타통신판매,유선방송,계약해제.해지/위약금
2024008627,2024-02-13,여자,50 - 59세,강원특별자치도,국내온라인거래,기타스포츠·레저기구·용품,청약철회
2024008628,2024-02-13,남자,30 - 39세,서울특별시,국내온라인거래,인터넷게임서비스,계약불이행(불완전이행)
2024008629,2024-02-14,남자,30 - 39세,경기도,일반판매,양복(서양식 의복)세탁,품질(물품/용역)
2024008630,2024-02-13,남자,30 - 39세,인천광역시,국내온라인거래,항공여객운송서비스,계약해제.해지/위약금
2024008631,2024-02-13,여자,40 - 49세,서울특별시,국내온라인거래,기타건강식품,계약불이행(불완전이행)
2024008632,2024-02-13,여자,50 - 59세,강원특별자치도,국내온라인거래,국외여행,계약해제.해지/위약금
2024008633,2024-02-15,여자,20 - 29세,경기도,일반판매,양복(서양식 의복)세탁,품질(물품/용역)
2024008634,2024-02-13,남자,30 - 39세,대전광역시,국내온라인거래,신유형상품권,계약해제.해지/위약금
2024008635,2024-02-13,남자,40 - 49세,대구광역시,모바일거래,자동차대여(렌트),계약불이행(불완전이행)
2024008636,2024-02-13,남자,60 - 64세,경상북도,국제온라인거래,외장하드,계약불이행(불완전이행)
2024008637,2024-02-13,남자,60 - 64세,경상북도,국제온라인거래,외장하드,청약철회
2024008638,2024-02-13,남자,40 - 49세,부산광역시,모바일거래,카셰어링,계약해제.해지/위약금
2024008639,2024-02-13,남자,30 - 39세,경기도,모바일거래,카셰어링,부당행위
2024008641,2024-02-13,남자,30 - 39세,경기도,일반판매,양복(서양식 의복)세탁,품질(물품/용역)
2024008642,2024-02-13,여자,40 - 49세,서울특별시,일반판매,포장이사운송서비스,계약불이행(불완전이행)
2024008643,2024-02-13,여자,65 - 69세,서울특별시,모바일거래,모바일정보이용서비스,계약해제.해지/위약금
2024008644,2024-02-13,여자,40 - 49세,서울특별시,모바일거래,자동차대여(렌트),부당행위
2024008645,2024-02-13,여자,40 - 49세,경기도,국내온라인거래,애완동·식물용품,안전(제품/시설)
2024008646,2024-02-13,남자,30 - 39세,서울특별시,국내온라인거래,보석·귀금속,AS불만
2024008647,2024-02-13,남자,30 - 39세,인천광역시,국제온라인거래,호텔,청약철회
2024008648,2024-02-13,여자,30 - 39세,경기도,일반판매,필라테스,계약불이행(불완전이행)
2024008649,2024-02-13,여자,40 - 49세,경기도,일반판매,헬스장,계약해제.해지/위약금
2024008650,2024-02-13,남자,40 - 49세,경기도,국내온라인거래,기타가구,품질(물품/용역)
2024008651,2024-02-13,여자,30 - 39세,경상남도,방문판매,필라테스,계약해제.해지/위약금
2024008652,2024-02-13,여자,40 - 49세,경상북도,전화권유판매,모바일정보이용서비스,계약해제.해지/위약금
2024008653,2024-02-13,여자,20 - 29세,경상남도,국내온라인거래,숙녀화(구두·부츠 등),품질(물품/용역)
2024008654,2024-02-13,남자,40 - 49세,경기도,TV홈쇼핑,음식물처리기대여(렌트),품질(물품/용역)
2024008655,2024-02-13,남자,40 - 49세,경상북도,기타,가스보일러,부당행위
2024008656,2024-02-13,남자,50 - 59세,경상남도,국내온라인거래,지갑,청약철회
2024008657,2024-02-13,남자,60 - 64세,경기도,국내온라인거래,쇠고기포장육,계약불이행(불완전이행)
2024008658,2024-02-13,남자,20 - 29세,부산광역시,국내온라인거래,기타숙박시설,계약해제.해지/위약금
2024008659,2024-02-13,여자,70 - 79세,경기도,국내온라인거래,기타스포츠·레저기구·용품,품질(물품/용역)
2024008660,2024-02-13,남자,30 - 39세,충청남도,기타,이동전화서비스,표시.광고
2024008661,2024-02-13,여자,20 - 29세,서울특별시,국제온라인거래,항공여객운송서비스,부당행위
2024008662,2024-02-13,남자,50 - 59세,경기도,일반판매,기타미분류서비스,계약불이행(불완전이행)
2024008663,2024-02-13,여자,30 - 39세,서울특별시,기타통신판매,일반강습(입시학원등),계약해제.해지/위약금
2024008664,2024-02-13,남자,30 - 39세,대전광역시,방문판매,정수기대여(렌트),계약해제.해지/위약금
2024008665,2024-02-13,여자,20 - 29세,서울특별시,모바일거래,모바일정보이용서비스,계약해제.해지/위약금
2024008666,2024-02-13,여자,10세 미만,경상남도,방문판매,기타회원권,계약해제.해지/위약금
2024008667,2024-02-13,여자,30 - 39세,경상남도,일반판매,필라테스,계약해제.해지/위약금
2024008668,2024-02-13,남자,20 - 29세,서울특별시,국제온라인거래,퍼스널컴퓨터,계약불이행(불완전이행)
2024008669,2024-02-13,여자,20 - 29세,울산광역시,기타통신판매,기타사설강습서비스,계약해제.해지/위약금
2024008670,2024-02-13,여자,30 - 39세,서울특별시,일반판매,소파,계약해제.해지/위약금
2024008671,2024-02-13,여자,65 - 69세,경기도,TV홈쇼핑,무스탕,계약해제.해지/위약금
2024008672,2024-02-13,여자,30 - 39세,서울특별시,국내온라인거래,기타이·미용서비스,청약철회
2024008673,2024-02-13,여자,20 - 29세,경기도,모바일거래,기타숙박시설,계약해제.해지/위약금
2024008674,2024-02-13,남자,30 - 39세,충청남도,국내온라인거래,기타건강식품,품질(물품/용역)
2024008675,2024-02-13,남자,20 - 29세,전라남도,국내온라인거래,호텔,계약해제.해지/위약금
2024008676,2024-02-13,남자,40 - 49세,대전광역시,모바일거래,기타숙박시설,청약철회
2024008677,2024-02-13,여자,20 - 29세,충청남도,일반판매,헬스장,계약해제.해지/위약금
2024008678,2024-02-13,여자,20 - 29세,경기도,소셜커머스(쇼핑),핸드백,품질(물품/용역)
2024008679,2024-02-13,여자,30 - 39세,세종특별자치시,국내온라인거래,아동복,계약해제.해지/위약금
2024008680,2024-02-13,여자,40 - 49세,경기도,일반판매,헬스장,계약해제.해지/위약금
2024008681,2024-02-13,여자,40 - 49세,경기도,일반판매,필라테스,계약해제.해지/위약금
2024008682,2024-02-13,남자,30 - 39세,대구광역시,일반판매,국내결혼중개,계약불이행(불완전이행)
2024008683,2024-02-13,여자,30 - 39세,경기도,국내온라인거래,쇠고기,계약불이행(불완전이행)
2024008684,2024-02-13,여자,20 - 29세,광주광역시,국내온라인거래,국외여행,계약해제.해지/위약금
2024008685,2024-02-13,남자,65 - 69세,서울특별시,국내온라인거래,소파,부당행위
2024008686,2024-02-13,남자,50 - 59세,서울특별시,국내온라인거래,무스탕,청약철회
2024008687,2024-02-13,남자,20 - 29세,충청남도,국내온라인거래,기타교재,품질(물품/용역)
2024008688,2024-02-13,여자,20 - 29세,경기도,일반판매,헬스장,계약해제.해지/위약금
2024008689,2024-02-13,여자,30 - 39세,서울특별시,기타,기타이·미용서비스,계약불이행(불완전이행)
2024008690,2024-02-13,남자,20 - 29세,광주광역시,일반판매,헬스장,계약해제.해지/위약금
2024008691,2024-02-13,여자,30 - 39세,대전광역시,일반판매,건물관리서비스,부당행위
2024008692,2024-02-13,여자,40 - 49세,경상남도,국내온라인거래,점퍼·재킷류,청약철회
2024008693,2024-02-13,남자,30 - 39세,대전광역시,국내온라인거래,인터넷게임서비스,청약철회
2024008694,2024-02-13,여자,20 - 29세,서울특별시,전화권유판매,인터넷교육서비스,청약철회
2024008695,2024-02-13,여자,30 - 39세,강원특별자치도,국내온라인거래,혼합견과류,품질(물품/용역)
2024008696,2024-02-13,여자,20 - 29세,경기도,국내온라인거래,기타숙박시설,계약해제.해지/위약금
2024008697,2024-02-13,남자,30 - 39세,경기도,일반판매,신사복상의,표시.광고
2024008698,2024-02-13,남자,65 - 69세,경상북도,국내온라인거래,하드디스크드라이버,청약철회
2024008699,2024-02-13,여자,30 - 39세,서울특별시,기타통신판매,기타신변용품,계약불이행(불완전이행)
2024008700,2024-02-13,여자,50 - 59세,서울특별시,국내온라인거래,호텔,계약불이행(불완전이행)
2024008701,2024-02-13,여자,20 - 29세,서울특별시,일반판매,필라테스,계약해제.해지/위약금
2024008702,2024-02-13,여자,50 - 59세,서울특별시,일반판매,블라인드,표시.광고
2024008703,2024-02-13,여자,30 - 39세,광주광역시,국내온라인거래,니트(스웨터),품질(물품/용역)
2024008704,2024-02-13,여자,50 - 59세,경기도,소셜커머스(쇼핑),햄,계약불이행(불완전이행)
2024008705,2024-02-13,남자,50 - 59세,인천광역시,국내온라인거래,스마트폰,거래관행
2024008706,2024-02-13,남자,40 - 49세,대구광역시,국내온라인거래,카메라,청약철회
2024008707,2024-02-13,남자,50 - 59세,대구광역시,국내온라인거래,기타의류·섬유,계약해제.해지/위약금
2024008708,2024-02-13,남자,30 - 39세,대구광역시,일반판매,도색공사,품질(물품/용역)
2024008709,2024-02-13,남자,40 - 49세,경상남도,국내온라인거래,전기장판,안전(제품/시설)
2024008710,2024-02-13,남자,40 - 49세,울산광역시,일반판매,핸드백,부당행위
2024008711,2024-02-13,남자,20 - 29세,서울특별시,국내온라인거래,기타미분류서비스,부당행위
2024008712,2024-02-13,남자,50 - 59세,경기도,일반판매,안경·안경테,품질(물품/용역)
2024008713,2024-02-13,여자,50 - 59세,서울특별시,국내온라인거래,항공여객운송서비스,가격.요금
2024008714,2024-02-13,여자,20 - 29세,인천광역시,일반판매,헬스장,계약해제.해지/위약금
2024008715,2024-02-13,여자,20 - 29세,경기도,일반판매,헬스장,계약해제.해지/위약금
2024008716,2024-02-13,남자,10세 미만,경기도,일반판매,점퍼·재킷류,품질(물품/용역)
2024008717,2024-02-13,남자,60 - 64세,충청북도,일반판매,기타의자류,청약철회
2024008718,2024-02-13,여자,40 - 49세,경기도,일반판매,기타신발·용품,청약철회
2024008719,2024-02-13,여자,20 - 29세,서울특별시,일반판매,외식,안전(제품/시설)
2024008720,2024-02-13,남자,30 - 39세,경기도,일반판매,공중목욕탕,부당행위
2024008721,2024-02-13,여자,30 - 39세,충청북도,국내온라인거래,기타숙박시설,계약불이행(불완전이행)
2024008722,2024-02-13,여자,30 - 39세,강원특별자치도,일반판매,사진촬영,계약해제.해지/위약금
2024008723,2024-02-13,여자,40 - 49세,서울특별시,모바일거래,기타사설강습서비스,계약해제.해지/위약금
2024008724,2024-02-13,남자,50 - 59세,서울특별시,국내온라인거래,피아노,품질(물품/용역)
2024008725,2024-02-13,여자,30 - 39세,부산광역시,국제온라인거래,기타신발·용품,계약불이행(불완전이행)
2024008726,2024-02-13,여자,30 - 39세,경기도,국내온라인거래,택배화물운송서비스,계약불이행(불완전이행)
2024008727,2024-02-13,남자,40 - 49세,경기도,일반판매,신발세탁,품질(물품/용역)
2024008728,2024-02-13,여자,20 - 29세,전라북도,일반판매,피부·체형관리서비스,계약해제.해지/위약금
2024008729,2024-02-13,남자,20 - 29세,경기도,국내온라인거래,항공여객운송서비스,계약해제.해지/위약금
2024008730,2024-02-13,남자,30 - 39세,충청북도,국내온라인거래,스마트폰,계약해제.해지/위약금
2024008731,2024-02-13,여자,50 - 59세,경기도,일반판매,필라테스,계약해제.해지/위약금
2024008732,2024-02-13,여자,20 - 29세,경기도,일반판매,스커트,품질(물품/용역)
2024008733,2024-02-13,여자,40 - 49세,인천광역시,소셜커머스(쇼핑),핸드백,품질(물품/용역)
2024008734,2024-02-13,여자,30 - 39세,서울특별시,일반판매,수영장회원권,청약철회
2024008735,2024-02-13,남자,50 - 59세,경기도,국내온라인거래,국외여행,가격.요금
2024008736,2024-02-13,여자,20 - 29세,부산광역시,국내온라인거래,기타숙박시설,계약해제.해지/위약금
2024008737,2024-02-13,여자,40 - 49세,세종특별자치시,기타,사진촬영,표시.광고
2024008738,2024-02-13,남자,30 - 39세,서울특별시,국내온라인거래,항공여객운송서비스,계약해제.해지/위약금
2024008739,2024-02-13,여자,40 - 49세,부산광역시,방문판매,인터넷교육서비스,계약해제.해지/위약금
2024008740,2024-02-13,남자,60 - 64세,서울특별시,국내온라인거래,점퍼·재킷류,청약철회
2024008741,2024-02-13,여자,60 - 64세,인천광역시,일반판매,전기진공청소기,계약해제.해지/위약금
2024008742,2024-02-13,남자,30 - 39세,경기도,일반판매,초고속인터넷,계약해제.해지/위약금
2024008743,2024-02-13,남자,40 - 49세,경기도,기타,일반이사운송서비스,계약불이행(불완전이행)
2024008744,2024-02-13,남자,30 - 39세,경기도,일반판매,필라테스,계약해제.해지/위약금
2024008745,2024-02-13,남자,50 - 59세,서울특별시,국내온라인거래,기타건강식품,청약철회
2024008746,2024-02-13,남자,20 - 29세,서울특별시,국내온라인거래,초음파방충기,품질(물품/용역)
2024008747,2024-02-13,남자,30 - 39세,경기도,일반판매,점퍼·재킷류,품질(물품/용역)
2024008748,2024-02-13,여자,40 - 49세,울산광역시,기타,기타이·미용서비스,부당행위
2024008749,2024-02-13,여자,60 - 64세,부산광역시,기타,각종자격취득강습,계약해제.해지/위약금
2024008750,2024-02-13,여자,30 - 39세,경상남도,국내온라인거래,무스탕,청약철회
2024008751,2024-02-13,여자,40 - 49세,경기도,방문판매,필라테스,계약해제.해지/위약금
2024008752,2024-02-13,남자,30 - 39세,서울특별시,국내온라인거래,CD·LD·DVD(영화·음악·게임),청약철회
2024008753,2024-02-13,남자,30 - 39세,서울특별시,소셜커머스(쇼핑),헤드폰·이어폰,청약철회
2024008754,2024-02-13,남자,10세 미만,서울특별시,일반판매,예식서비스,안전(제품/시설)
2024008755,2024-02-13,남자,40 - 49세,경기도,국내온라인거래,냉장고,품질(물품/용역)
2024008756,2024-02-13,여자,30 - 39세,광주광역시,모바일거래,모바일게임서비스,청약철회
2024008757,2024-02-13,남자,30 - 39세,경상남도,일반판매,가구세트,계약해제.해지/위약금
2024008758,2024-02-13,남자,30 - 39세,대구광역시,국내온라인거래,기타침대류,청약철회
2024008759,2024-02-13,여자,30 - 39세,서울특별시,일반판매,소파,계약해제.해지/위약금
2024008760,2024-02-13,여자,30 - 39세,세종특별자치시,일반판매,일반이사운송서비스,계약불이행(불완전이행)
2024008761,2024-02-13,여자,20 - 29세,경기도,일반판매,컴퓨터수리,계약불이행(불완전이행)
2024008762,2024-02-13,여자,20 - 29세,인천광역시,일반판매,종합체육시설회원권,계약해제.해지/위약금
2024008763,2024-02-13,여자,20 - 29세,서울특별시,국내온라인거래,기타서적음반류,청약철회
2024008764,2024-02-13,여자,30 - 39세,경기도,일반판매,책장·서가,품질(물품/용역)
2024008765,2024-02-13,남자,30 - 39세,서울특별시,일반판매,예식서비스,계약해제.해지/위약금
2024008766,2024-02-13,여자,20 - 29세,서울특별시,일반판매,헬스장,계약해제.해지/위약금
2024008767,2024-02-13,여자,20 - 29세,경기도,일반판매,헬스장,계약해제.해지/위약금
2024008768,2024-02-13,남자,40 - 49세,충청북도,국내온라인거래,국내여행,계약해제.해지/위약금
2024008769,2024-02-13,남자,20 - 29세,인천광역시,일반판매,헬스장,계약해제.해지/위약금
2024008770,2024-02-13,여자,40 - 49세,서울특별시,국내온라인거래,전기오븐,품질(물품/용역)
2024008771,2024-02-13,여자,20 - 29세,서울특별시,일반판매,헬스장,계약해제.해지/위약금
2024008772,2024-02-13,여자,40 - 49세,인천광역시,국내온라인거래,기타의류·섬유,계약불이행(불완전이행)
2024008773,2024-02-13,여자,30 - 39세,부산광역시,소셜커머스(쇼핑),기타신발·용품,계약불이행(불완전이행)
2024008774,2024-02-13,여자,20 - 29세,경기도,모바일거래,호텔,계약불이행(불완전이행)
2024008775,2024-02-13,여자,30 - 39세,서울특별시,국내온라인거래,항공여객운송서비스,청약철회
2024008776,2024-02-13,여자,30 - 39세,서울특별시,일반판매,초고속인터넷,계약해제.해지/위약금
2024008777,2024-02-13,여자,20 - 29세,인천광역시,일반판매,헬스장,계약해제.해지/위약금
2024008778,2024-02-13,여자,50 - 59세,충청남도,모바일거래,주스,품질(물품/용역)
2024008779,2024-02-13,남자,50 - 59세,경기도,국내온라인거래,TV,계약불이행(불완전이행)
2024008780,2024-02-13,여자,40 - 49세,부산광역시,국내온라인거래,호텔,품질(물품/용역)
2024008781,2024-02-13,남자,40 - 49세,서울특별시,방문판매,헬스장,계약해제.해지/위약금
2024008782,2024-02-13,남자,30 - 39세,인천광역시,소셜커머스(쇼핑),전자게임기구,청약철회
2024008783,2024-02-13,여자,60 - 64세,경기도,일반판매,전기장판,청약철회
2024008784,2024-02-13,남자,20 - 29세,인천광역시,국내온라인거래,헬스장,계약해제.해지/위약금
2024008785,2024-02-13,남자,30 - 39세,경기도,국내온라인거래,기타컴퓨터·주변기기,청약철회
2024008786,2024-02-13,남자,20 - 29세,서울특별시,일반판매,헬스장,계약해제.해지/위약금
2024008787,2024-02-13,여자,40 - 49세,경상남도,국내온라인거래,바디클렌저,청약철회
2024008788,2024-02-13,여자,30 - 39세,경기도,방문판매,기타매체광고,청약철회
2024008789,2024-02-13,남자,50 - 59세,서울특별시,국내온라인거래,항공여객운송서비스,계약해제.해지/위약금
2024008790,2024-02-13,여자,40 - 49세,부산광역시,일반판매,기타교육서비스,청약철회
2024008791,2024-02-13,여자,30 - 39세,서울특별시,일반판매,요가,계약해제.해지/위약금
2024008792,2024-02-13,여자,30 - 39세,서울특별시,일반판매,비타민제,안전(제품/시설)
2024008793,2024-02-13,여자,40 - 49세,경기도,전화권유판매,모바일정보이용서비스,가격.요금
2024008794,2024-02-13,여자,30 - 39세,경기도,일반판매,일반강습(입시학원등),계약해제.해지/위약금
2024008795,2024-02-13,여자,20 - 29세,울산광역시,일반판매,콘택트렌즈·용품,AS불만
2024008796,2024-02-13,여자,20 - 29세,경기도,일반판매,전기요,안전(제품/시설)
2024008797,2024-02-13,여자,30 - 39세,서울특별시,모바일거래,티셔츠,청약철회
2024008798,2024-02-13,남자,30 - 39세,경기도,기타통신판매,기타컴퓨터·주변기기,품질(물품/용역)
2024008799,2024-02-14,남자,65 - 69세,서울특별시,기타통신판매,인터넷정보이용서비스,계약불이행(불완전이행)
2024008800,2024-02-14,여자,불명,인천광역시,국내온라인거래,기타통신기기,청약철회
2024008801,2024-02-14,남자,50 - 59세,서울특별시,국내온라인거래,기타곡류·곡류가공식품,안전(제품/시설)
2024008802,2024-02-14,남자,20 - 29세,서울특별시,소셜커머스(쇼핑),기타컴퓨터·주변기기,청약철회
2024008803,2024-02-14,여자,30 - 39세,충청남도,일반판매,중형승용자동차,품질(물품/용역)
2024008804,2024-02-14,남자,20 - 29세,서울특별시,일반판매,헬스장,계약불이행(불완전이행)
2024008805,2024-02-14,남자,70 - 79세,경기도,국내온라인거래,감귤,계약불이행(불완전이행)
2024008806,2024-02-14,여자,50 - 59세,서울특별시,일반판매,내과,품질(물품/용역)
2024008807,2024-02-14,여자,50 - 59세,서울특별시,일반판매,안마의자,품질(물품/용역)
2024008808,2024-02-14,여자,20 - 29세,서울특별시,기타,항공여객운송서비스,계약불이행(불완전이행)
2024008809,2024-02-14,남자,30 - 39세,서울특별시,기타,건강(암·기타질병)보험,계약불이행(불완전이행)
2024008810,2024-02-14,여자,50 - 59세,서울특별시,국내온라인거래,항공여객운송서비스,청약철회
2024008811,2024-02-14,남자,불명,울산광역시,국내온라인거래,헤드폰·이어폰,청약철회
2024008812,2024-02-14,남자,30 - 39세,인천광역시,일반판매,미분류대여(렌트),계약해제.해지/위약금
2024008813,2024-02-14,여자,50 - 59세,경기도,전화권유판매,이동전화서비스,계약불이행(불완전이행)
2024008814,2024-02-14,여자,70 - 79세,서울특별시,일반판매,정수기대여(렌트),계약해제.해지/위약금
2024008815,2024-02-14,여자,60 - 64세,경기도,국내온라인거래,화장비누,청약철회
2024008816,2024-02-14,여자,20 - 29세,서울특별시,일반판매,노트북컴퓨터,품질(물품/용역)
2024008818,2024-02-14,남자,30 - 39세,서울특별시,일반판매,기타주택·건물,품질(물품/용역)
2024008819,2024-02-14,남자,30 - 39세,충청남도,일반판매,헬스장,계약해제.해지/위약금
2024008820,2024-02-14,남자,40 - 49세,경기도,국내온라인거래,기타자동차부품,청약철회
2024008821,2024-02-14,남자,불명,부산광역시,기타,기타미분류서비스,약관
2024008822,2024-02-14,여자,50 - 59세,경기도,국내온라인거래,항공여객운송서비스,계약해제.해지/위약금
2024008823,2024-02-14,남자,30 - 39세,서울특별시,국내온라인거래,보조배터리,AS불만
2024008824,2024-02-14,남자,40 - 49세,경기도,기타통신판매,헤드폰·이어폰,청약철회
2024008825,2024-02-14,남자,65 - 69세,경상남도,기타통신판매,톱,청약철회
2024008826,2024-02-14,남자,20 - 29세,경기도,일반판매,항공여객운송서비스,계약해제.해지/위약금
2024008827,2024-02-14,여자,50 - 59세,서울특별시,국내온라인거래,코트,청약철회
2024008828,2024-02-14,남자,불명,인천광역시,일반판매,예식서비스,계약해제.해지/위약금
2024008830,2024-02-14,남자,30 - 39세,서울특별시,국내온라인거래,여행용가방,청약철회
2024008831,2024-02-14,여자,30 - 39세,부산광역시,국내온라인거래,미용서비스,계약불이행(불완전이행)
2024008832,2024-02-14,여자,80세이상,충청남도,일반판매,정형외과,품질(물품/용역)
2024008833,2024-02-14,남자,30 - 39세,부산광역시,일반판매,일반강습(입시학원등),계약해제.해지/위약금
2024008834,2024-02-14,여자,20 - 29세,서울특별시,일반판매,기타미분류서비스,계약해제.해지/위약금
2024008835,2024-02-14,여자,20 - 29세,서울특별시,모바일거래,숙녀화(구두·부츠 등),계약불이행(불완전이행)
2024008836,2024-02-14,여자,40 - 49세,인천광역시,소셜커머스(쇼핑),비타민제,계약불이행(불완전이행)
2024008837,2024-02-14,남자,70 - 79세,경기도,국내온라인거래,기타승용물,품질(물품/용역)
2024008838,2024-02-14,남자,40 - 49세,서울특별시,국내온라인거래,비타민제,청약철회
2024008839,2024-02-14,남자,50 - 59세,경기도,국내온라인거래,차량용블랙박스,품질(물품/용역)
2024008840,2024-02-14,남자,30 - 39세,경기도,일반판매,각종자격취득강습,계약해제.해지/위약금
2024008841,2024-02-14,여자,30 - 39세,서울특별시,모바일거래,모바일정보이용서비스,계약해제.해지/위약금
2024008842,2024-02-14,남자,30 - 39세,서울특별시,국내온라인거래,헤드폰·이어폰,계약불이행(불완전이행)
2024008843,2024-02-22,여자,30 - 39세,경기도,기타통신판매,모피·모피의류,품질(물품/용역)
2024008844,2024-02-22,남자,50 - 59세,경기도,일반판매,캐주얼바지,품질(물품/용역)
2024008845,2024-02-14,여자,50 - 59세,경상북도,전화권유판매,인터넷정보이용서비스,계약불이행(불완전이행)
2024008846,2024-02-14,남자,60 - 64세,경기도,기타,이동전화서비스,부당행위
2024008847,2024-02-14,남자,60 - 64세,대구광역시,일반판매,소파,품질(물품/용역)
2024008848,2024-02-14,여자,20 - 29세,경상북도,국내온라인거래,모형완구,계약불이행(불완전이행)
2024008849,2024-02-14,여자,20 - 29세,경기도,국내온라인거래,기타가방,청약철회
2024008850,2024-02-14,남자,40 - 49세,경기도,국제온라인거래,태블릿PC,청약철회
2024008851,2024-02-14,남자,30 - 39세,충청남도,일반판매,기타인테리어설비,계약불이행(불완전이행)
2024008852,2024-02-14,여자,50 - 59세,충청북도,기타,침대·매트리스대여(렌트),품질(물품/용역)
2024008854,2024-02-14,여자,20 - 29세,강원특별자치도,국내온라인거래,헤드폰·이어폰,계약불이행(불완전이행)
2024008855,2024-02-22,여자,65 - 69세,대전광역시,일반판매,이불·요,품질(물품/용역)
2024008856,2024-02-14,남자,40 - 49세,세종특별자치시,기타,제조물·생산및영업배상보험,부당행위
2024008857,2024-02-14,남자,65 - 69세,전라남도,기타,경비·관리서비스,계약불이행(불완전이행)
2024008858,2024-02-14,남자,60 - 64세,서울특별시,기타,아파트,계약해제.해지/위약금
2024008860,2024-02-14,남자,30 - 39세,서울특별시,일반판매,식사배달,품질(물품/용역)
2024008861,2024-02-14,남자,70 - 79세,서울특별시,방문판매,콘도회원권,계약불이행(불완전이행)
2024008863,2024-02-14,남자,30 - 39세,경기도,일반판매,신사복세트,계약해제.해지/위약금
2024008864,2024-02-14,남자,20 - 29세,서울특별시,일반판매,기타사설강습서비스,계약해제.해지/위약금
2024008865,2024-02-14,여자,20 - 29세,제주도,일반판매,헬스장,계약해제.해지/위약금
2024008866,2024-02-14,여자,60 - 64세,경기도,국내온라인거래,기타과일·과일가공식품,품질(물품/용역)
2024008867,2024-02-14,여자,40 - 49세,경기도,일반판매,미용서비스,계약불이행(불완전이행)
2024008868,2024-02-14,남자,40 - 49세,대전광역시,일반판매,비타민제,계약해제.해지/위약금
2024008869,2024-02-14,여자,불명,서울특별시,국내온라인거래,항공여객운송서비스,계약해제.해지/위약금
2024008870,2024-02-14,남자,20 - 29세,충청남도,국내온라인거래,기타문화용품,계약불이행(불완전이행)
2024008872,2024-02-26,남자,50 - 59세,경상남도,일반판매,운동화,품질(물품/용역)
2024008874,2024-02-14,남자,30 - 39세,경기도,국내온라인거래,숙녀화(구두·부츠 등),청약철회
2024008875,2024-02-14,여자,50 - 59세,서울특별시,일반판매,유통시설이용,안전(제품/시설)
2024008877,2024-02-14,남자,30 - 39세,경기도,국내온라인거래,타이어,계약불이행(불완전이행)
2024008878,2024-02-14,남자,30 - 39세,경기도,국내온라인거래,기타자동차부품,청약철회
2024008879,2024-02-14,여자,40 - 49세,충청북도,일반판매,포장이사운송서비스,품질(물품/용역)
2024008881,2024-02-14,남자,40 - 49세,경기도,일반판매,건강(암·기타질병)보험,부당행위
2024008882,2024-02-14,남자,불명,경기도,국내온라인거래,헤드폰·이어폰,계약해제.해지/위약금
2024008883,2024-02-26,남자,30 - 39세,경기도,일반판매,운동화,계약불이행(불완전이행)
2024008886,2024-02-14,남자,40 - 49세,서울특별시,일반판매,고시원이용,계약해제.해지/위약금
2024008887,2024-02-14,여자,30 - 39세,경기도,일반판매,헤드폰·이어폰,청약철회
2024008888,2024-02-22,남자,30 - 39세,경기도,국내온라인거래,기타간편복,품질(물품/용역)
2024008889,2024-02-14,남자,20 - 29세,경기도,일반판매,헬스장,계약해제.해지/위약금
2024008890,2024-02-22,여자,65 - 69세,대구광역시,일반판매,코트,품질(물품/용역)
2024008891,2024-02-14,여자,30 - 39세,경기도,일반판매,기타공조·냉난방기기,품질(물품/용역)
2024008892,2024-02-14,남자,40 - 49세,광주광역시,일반판매,도어록,AS불만
2024008893,2024-02-26,여자,40 - 49세,서울특별시,일반판매,신발세탁,계약불이행(불완전이행)
2024008894,2024-02-14,남자,65 - 69세,서울특별시,일반판매,정수기대여(렌트),계약해제.해지/위약금
2024008895,2024-02-14,여자,30 - 39세,서울특별시,국제온라인거래,항공여객운송서비스,계약불이행(불완전이행)
2024008896,2024-02-14,남자,40 - 49세,경기도,일반판매,대형승용자동차,품질(물품/용역)
2024008898,2024-02-14,남자,10 - 19세,경기도,일반판매,헬스장,계약해제.해지/위약금
2024008899,2024-02-14,여자,50 - 59세,전라북도,국내온라인거래,전기자전거,AS불만
2024008900,2024-02-14,남자,65 - 69세,경기도,모바일거래,기타숙박시설,계약해제.해지/위약금
2024008901,2024-02-14,남자,40 - 49세,서울특별시,국내온라인거래,TV,AS불만
2024008903,2024-02-14,여자,60 - 64세,경상북도,국내온라인거래,이동전화서비스,부당행위
2024008904,2024-02-14,여자,60 - 64세,경상북도,국내온라인거래,이동전화서비스,부당행위
2024008905,2024-02-14,여자,40 - 49세,경기도,일반판매,침대·매트리스대여(렌트),계약해제.해지/위약금
2024008906,2024-02-14,여자,20 - 29세,경기도,일반판매,미용서비스,품질(물품/용역)
2024008908,2024-02-14,남자,40 - 49세,경상북도,일반판매,피부과,계약해제.해지/위약금
2024008909,2024-02-22,여자,50 - 59세,서울특별시,일반판매,니트(스웨터),품질(물품/용역)
2024008910,2024-02-14,남자,50 - 59세,경기도,일반판매,아파트,품질(물품/용역)
2024008911,2024-02-14,여자,30 - 39세,서울특별시,국내온라인거래,기타이·미용기구,청약철회
2024008912,2024-02-14,남자,50 - 59세,경상북도,국내온라인거래,전기진공청소기,AS불만
2024008913,2024-02-14,여자,40 - 49세,경기도,모바일거래,김치냉장고,계약불이행(불완전이행)
2024008914,2024-02-14,여자,30 - 39세,전라북도,국내온라인거래,자동차대여(렌트),품질(물품/용역)
2024008915,2024-02-14,남자,50 - 59세,서울특별시,일반판매,고시원이용,계약해제.해지/위약금
2024008916,2024-02-14,여자,40 - 49세,서울특별시,국내온라인거래,쇠고기포장육,계약불이행(불완전이행)
2024008917,2024-02-14,여자,40 - 49세,경기도,전화권유판매,기타주택·건물,계약해제.해지/위약금
2024008918,2024-02-14,여자,40 - 49세,경기도,기타,애완견,청약철회
2024008919,2024-02-14,남자,20 - 29세,경기도,국내온라인거래,애완동·식물용품,청약철회
2024008920,2024-02-14,남자,20 - 29세,대전광역시,국내온라인거래,항공여객운송서비스,계약해제.해지/위약금
2024008921,2024-02-14,남자,40 - 49세,서울특별시,일반판매,국외캠프,계약해제.해지/위약금
2024008922,2024-02-14,남자,20 - 29세,충청북도,방문판매,헬스장,계약해제.해지/위약금
2024008923,2024-02-14,남자,40 - 49세,경기도,일반판매,이동전화서비스,가격.요금
2024008924,2024-02-14,여자,20 - 29세,서울특별시,기타,사진촬영,계약해제.해지/위약금
2024008925,2024-02-14,여자,20 - 29세,서울특별시,국내온라인거래,일반강습(입시학원등),계약해제.해지/위약금
2024008926,2024-02-14,여자,20 - 29세,서울특별시,일반판매,필라테스,계약해제.해지/위약금
2024008927,2024-02-14,남자,30 - 39세,충청남도,일반판매,미용서비스,약관
2024008928,2024-02-14,남자,40 - 49세,경기도,방문판매,기타미분류서비스,계약불이행(불완전이행)
2024008929,2024-02-14,여자,30 - 39세,부산광역시,국내온라인거래,기타신발·용품,계약불이행(불완전이행)
2024008930,2024-02-14,여자,40 - 49세,인천광역시,국내온라인거래,코트,품질(물품/용역)
2024008931,2024-02-14,남자,40 - 49세,서울특별시,국내온라인거래,레저시설이용,계약해제.해지/위약금
2024008932,2024-02-14,남자,40 - 49세,경기도,일반판매,기타보온·보냉기기,안전(제품/시설)
2024008933,2024-02-14,남자,40 - 49세,경상남도,기타,이동전화서비스,계약불이행(불완전이행)
2024008934,2024-02-14,남자,40 - 49세,경기도,국내온라인거래,향수,계약불이행(불완전이행)
2024008935,2024-02-14,남자,30 - 39세,서울특별시,일반판매,헬스장,계약해제.해지/위약금
2024008936,2024-02-14,남자,20 - 29세,경상북도,국내온라인거래,항공여객운송서비스,부당행위
2024008937,2024-02-14,남자,30 - 39세,경기도,국내온라인거래,초고속인터넷,계약불이행(불완전이행)
2024008938,2024-02-14,여자,30 - 39세,경상북도,국내온라인거래,사진촬영,계약불이행(불완전이행)
2024008939,2024-02-14,여자,30 - 39세,경기도,일반판매,헬스장,계약해제.해지/위약금
2024008940,2024-02-14,여자,50 - 59세,경기도,모바일거래,전기장판,품질(물품/용역)
2024008941,2024-02-14,여자,30 - 39세,서울특별시,일반판매,기타숙박시설,계약불이행(불완전이행)
2024008942,2024-02-14,남자,40 - 49세,경기도,기타,자동차주차장,품질(물품/용역)
2024008943,2024-02-14,여자,20 - 29세,서울특별시,일반판매,헬스장,계약해제.해지/위약금
2024008944,2024-02-14,여자,30 - 39세,서울특별시,기타,신발세탁,품질(물품/용역)
2024008945,2024-02-14,남자,30 - 39세,서울특별시,일반판매,TV,청약철회
2024008946,2024-02-14,여자,20 - 29세,경상북도,모바일거래,결혼준비대행서비스,계약해제.해지/위약금
2024008947,2024-02-14,남자,40 - 49세,서울특별시,기타통신판매,케이블TV,계약해제.해지/위약금
2024008948,2024-02-14,남자,20 - 29세,강원특별자치도,국제온라인거래,항공여객운송서비스,가격.요금
2024008949,2024-02-14,여자,30 - 39세,경기도,방문판매,예식서비스,품질(물품/용역)
2024008950,2024-02-14,여자,40 - 49세,경기도,국내온라인거래,국내여행,계약해제.해지/위약금
2024008951,2024-02-14,여자,20 - 29세,경기도,기타,피부·체형관리서비스,계약해제.해지/위약금
2024008952,2024-02-14,여자,20 - 29세,경기도,일반판매,헬스장,계약해제.해지/위약금
2024008953,2024-02-14,남자,30 - 39세,서울특별시,모바일거래,식사배달,계약불이행(불완전이행)
2024008954,2024-02-14,여자,20 - 29세,서울특별시,일반판매,카메라,품질(물품/용역)
2024008955,2024-02-14,여자,20 - 29세,대전광역시,모바일거래,기타가방,계약불이행(불완전이행)
2024008956,2024-02-14,여자,30 - 39세,경기도,국내온라인거래,기타미분류서비스,계약불이행(불완전이행)
2024008957,2024-02-14,여자,40 - 49세,서울특별시,일반판매,포장이사운송서비스,계약불이행(불완전이행)
2024008958,2024-02-14,여자,30 - 39세,서울특별시,일반판매,피부·체형관리서비스,거래관행
2024008959,2024-02-14,남자,20 - 29세,경기도,국내온라인거래,국내결혼중개,청약철회
2024008960,2024-02-14,여자,40 - 49세,광주광역시,일반판매,사진촬영,계약해제.해지/위약금
2024008961,2024-02-14,여자,20 - 29세,경기도,일반판매,헬스장,계약불이행(불완전이행)
2024008962,2024-02-14,남자,20 - 29세,경기도,방문판매,결혼준비대행서비스,청약철회
2024008963,2024-02-14,여자,20 - 29세,서울특별시,전화권유판매,인터넷교육서비스,계약해제.해지/위약금
2024008964,2024-02-14,남자,40 - 49세,서울특별시,국내온라인거래,이동전화서비스,계약해제.해지/위약금
2024008965,2024-02-14,남자,30 - 39세,경기도,일반판매,국외여행,계약해제.해지/위약금
2024008966,2024-02-14,남자,50 - 59세,서울특별시,일반판매,정수기대여(렌트),품질(물품/용역)
2024008967,2024-02-14,남자,30 - 39세,경기도,국내온라인거래,기타서적음반류,청약철회
2024008968,2024-02-14,여자,20 - 29세,경기도,기타,해외유학알선,계약해제.해지/위약금
2024008969,2024-02-14,여자,40 - 49세,서울특별시,기타통신판매,기타방문·통신교육서비스,계약해제.해지/위약금
2024008970,2024-02-14,남자,30 - 39세,경기도,국내온라인거래,사무용가방,계약불이행(불완전이행)
2024008971,2024-02-14,남자,30 - 39세,강원특별자치도,기타,기타가사용품,계약해제.해지/위약금
2024008972,2024-02-14,여자,40 - 49세,경기도,소셜커머스(쇼핑),국외여행,계약불이행(불완전이행)
2024008973,2024-02-14,남자,30 - 39세,경상북도,일반판매,공기청정기,AS불만
2024008974,2024-02-14,남자,30 - 39세,서울특별시,국내온라인거래,기타과일·과일가공식품,계약불이행(불완전이행)
2024008975,2024-02-14,남자,30 - 39세,서울특별시,국내온라인거래,기타방송서비스,계약불이행(불완전이행)
2024008976,2024-02-14,여자,50 - 59세,인천광역시,국내온라인거래,고구마,계약불이행(불완전이행)
2024008977,2024-02-14,남자,30 - 39세,서울특별시,모바일거래,대리운전,계약불이행(불완전이행)
2024008978,2024-02-14,남자,50 - 59세,경기도,기타,의료용구대여(렌트),품질(물품/용역)
2024008979,2024-02-14,남자,50 - 59세,경상북도,일반판매,초고속인터넷,단순문의.상담
2024008980,2024-02-14,여자,20 - 29세,경상남도,국내온라인거래,항공여객운송서비스,계약해제.해지/위약금
2024008981,2024-02-14,여자,30 - 39세,인천광역시,방문판매,헬스장,계약해제.해지/위약금
2024008982,2024-02-14,남자,20 - 29세,서울특별시,일반판매,퍼스널컴퓨터,품질(물품/용역)
2024008983,2024-02-14,여자,50 - 59세,경기도,국내온라인거래,남자용내의류,청약철회
2024008984,2024-02-14,여자,40 - 49세,경기도,일반판매,수영장회원권,계약해제.해지/위약금
2024008985,2024-02-14,남자,40 - 49세,경기도,기타,기타가스·급배수설비,부당행위
2024008986,2024-02-14,여자,20 - 29세,서울특별시,일반판매,독서실이용,청약철회
2024008987,2024-02-14,남자,30 - 39세,서울특별시,국내온라인거래,기타관람·감상,청약철회
2024008988,2024-02-14,여자,50 - 59세,경기도,일반판매,애완동물이·미용서비스,계약불이행(불완전이행)
2024008989,2024-02-14,여자,20 - 29세,대구광역시,일반판매,헬스장,계약해제.해지/위약금
2024008990,2024-02-14,남자,40 - 49세,서울특별시,국내온라인거래,태블릿PC,계약해제.해지/위약금
2024008991,2024-02-14,여자,20 - 29세,경기도,일반판매,헬스장,계약해제.해지/위약금
2024008992,2024-02-14,남자,20 - 29세,경기도,기타,정수기대여(렌트),AS불만
2024008993,2024-02-14,남자,20 - 29세,서울특별시,국내온라인거래,항공여객운송서비스,청약철회
2024008994,2024-02-14,남자,20 - 29세,서울특별시,국내온라인거래,항공여객운송서비스,계약불이행(불완전이행)
2024008995,2024-02-14,남자,60 - 64세,경기도,국내온라인거래,TV,품질(물품/용역)
2024008996,2024-02-14,남자,30 - 39세,충청북도,국내온라인거래,기타가구,청약철회
2024008997,2024-02-14,남자,30 - 39세,경기도,국내온라인거래,서랍장,품질(물품/용역)
2024008998,2024-02-14,여자,50 - 59세,경상남도,일반판매,기타의류·섬유,계약불이행(불완전이행)
2024008999,2024-02-14,여자,20 - 29세,경기도,국내온라인거래,기타숙박시설,청약철회
2024009000,2024-02-14,남자,30 - 39세,서울특별시,기타통신판매,스포츠시설이용,계약불이행(불완전이행)
2024009001,2024-02-14,여자,30 - 39세,충청남도,전화권유판매,인터넷교육서비스,계약해제.해지/위약금
2024009002,2024-02-14,여자,20 - 29세,경기도,일반판매,예식서비스,계약해제.해지/위약금
2024009003,2024-02-14,남자,40 - 49세,서울특별시,국내온라인거래,도어록,품질(물품/용역)
2024009004,2024-02-14,여자,20 - 29세,경기도,국내온라인거래,점퍼·재킷류,청약철회
2024009005,2024-02-14,여자,20 - 29세,경상북도,일반판매,예식서비스,계약해제.해지/위약금
2024009006,2024-02-14,남자,40 - 49세,경상북도,소셜커머스(쇼핑),초음파방충기,품질(물품/용역)
2024009007,2024-02-14,여자,30 - 39세,강원특별자치도,기타,택배화물운송서비스,품질(물품/용역)
2024009008,2024-02-14,여자,30 - 39세,서울특별시,국내온라인거래,보석·귀금속,계약불이행(불완전이행)
2024009009,2024-02-14,여자,50 - 59세,대전광역시,TV홈쇼핑,전기진공청소기,품질(물품/용역)
2024009010,2024-02-14,여자,65 - 69세,경기도,국내온라인거래,쇠고기포장육,계약불이행(불완전이행)
2024009011,2024-02-14,여자,40 - 49세,충청남도,전화권유판매,정수기대여(렌트),법.제도
2024009012,2024-02-14,여자,50 - 59세,경기도,전화권유판매,인터넷정보이용서비스,청약철회
2024009013,2024-02-14,여자,40 - 49세,서울특별시,국내온라인거래,기타의류·섬유,계약불이행(불완전이행)
2024009014,2024-02-14,여자,20 - 29세,경기도,국내온라인거래,숙녀화(구두·부츠 등),청약철회
2024009015,2024-02-14,여자,30 - 39세,경기도,일반판매,신사복세트,계약해제.해지/위약금
2024009016,2024-02-14,여자,30 - 39세,부산광역시,국내온라인거래,감,표시.광고
2024009017,2024-02-14,여자,30 - 39세,경상남도,국내온라인거래,보석·귀금속,계약불이행(불완전이행)
2024009018,2024-02-15,남자,65 - 69세,서울특별시,일반판매,치과,품질(물품/용역)
2024009019,2024-02-15,여자,불명,경기도,국내온라인거래,전기진공청소기,표시.광고
2024009020,2024-02-15,남자,20 - 29세,경상남도,전화권유판매,유사투자자문,청약철회
2024009021,2024-02-15,남자,40 - 49세,경기도,전화권유판매,기타승합자동차,품질(물품/용역)
2024009022,2024-02-15,여자,40 - 49세,서울특별시,국내온라인거래,항공여객운송서비스,계약해제.해지/위약금
2024009023,2024-02-15,여자,30 - 39세,경기도,기타,사진촬영,계약해제.해지/위약금
2024009024,2024-02-15,여자,20 - 29세,경상북도,국내온라인거래,숙녀화(구두·부츠 등),계약불이행(불완전이행)
2024009025,2024-02-15,여자,40 - 49세,서울특별시,기타,포장이사운송서비스,품질(물품/용역)
2024009026,2024-02-15,여자,20 - 29세,경상남도,국내온라인거래,인터넷교육서비스,계약해제.해지/위약금
2024009027,2024-02-15,여자,20 - 29세,경기도,국내온라인거래,항공여객운송서비스,계약불이행(불완전이행)
2024009028,2024-02-15,여자,50 - 59세,서울특별시,국내온라인거래,사진촬영,계약해제.해지/위약금
2024009029,2024-02-15,여자,20 - 29세,경기도,모바일거래,캐주얼바지,계약해제.해지/위약금
2024009030,2024-02-15,여자,65 - 69세,경기도,일반판매,소파,품질(물품/용역)
2024009031,2024-02-22,여자,40 - 49세,대구광역시,일반판매,기타간편복,품질(물품/용역)
2024009032,2024-02-15,남자,30 - 39세,인천광역시,국내온라인거래,호텔,청약철회
2024009033,2024-02-15,남자,50 - 59세,경기도,일반판매,자동차리스,약관
2024009034,2024-02-22,여자,40 - 49세,대구광역시,일반판매,코트,품질(물품/용역)
2024009035,2024-02-15,남자,40 - 49세,경기도,일반판매,아이스크림,청약철회
2024009036,2024-02-15,여자,50 - 59세,서울특별시,일반판매,포장이사운송서비스,계약불이행(불완전이행)
2024009037,2024-02-15,여자,65 - 69세,충청남도,전화권유판매,화장품세트,청약철회
2024009038,2024-02-15,남자,70 - 79세,경기도,일반판매,중형승용자동차,품질(물품/용역)
2024009040,2024-02-15,여자,40 - 49세,서울특별시,소셜커머스(쇼핑),스커트,청약철회
2024009041,2024-02-22,여자,40 - 49세,대전광역시,일반판매,점퍼·재킷류,품질(물품/용역)
2024009042,2024-02-15,남자,70 - 79세,광주광역시,기타통신판매,감자,청약철회
2024009043,2024-02-15,여자,30 - 39세,경기도,모바일거래,카셰어링,계약해제.해지/위약금
2024009044,2024-02-15,여자,30 - 39세,인천광역시,국내온라인거래,숙녀화(구두·부츠 등),계약불이행(불완전이행)
2024009045,2024-02-15,남자,50 - 59세,서울특별시,일반판매,초고속인터넷,계약해제.해지/위약금
2024009046,2024-02-15,남자,30 - 39세,경상남도,국내온라인거래,신유형상품권,약관
2024009049,2024-02-15,여자,30 - 39세,경기도,일반판매,인터넷교육서비스,계약해제.해지/위약금
2024009050,2024-02-15,남자,40 - 49세,경상북도,기타통신판매,컴퓨터S/W개발(홈페이지제작),계약불이행(불완전이행)
2024009051,2024-02-15,남자,50 - 59세,(미입력),일반판매,노트북컴퓨터,AS불만
2024009052,2024-02-15,여자,30 - 39세,울산광역시,국내온라인거래,기타신발·용품,계약불이행(불완전이행)
2024009053,2024-02-15,여자,40 - 49세,대구광역시,기타통신판매,항공여객운송서비스,청약철회
2024009054,2024-02-15,여자,40 - 49세,경기도,국내온라인거래,항공여객운송서비스,청약철회
2024009055,2024-02-15,남자,40 - 49세,인천광역시,국내온라인거래,비타민제,청약철회
2024009056,2024-02-15,남자,60 - 64세,경기도,일반판매,유통시설이용,안전(제품/시설)
2024009058,2024-02-15,여자,50 - 59세,경기도,국내온라인거래,프린터잉크,품질(물품/용역)
2024009059,2024-02-15,남자,30 - 39세,경상남도,국내온라인거래,비타민제,계약불이행(불완전이행)
2024009060,2024-02-15,여자,50 - 59세,경기도,국내온라인거래,즉석조리식품,청약철회
2024009061,2024-02-15,여자,30 - 39세,부산광역시,기타통신판매,이동전화서비스,계약불이행(불완전이행)
2024009062,2024-02-27,여자,50 - 59세,경기도,일반판매,점퍼·재킷류,품질(물품/용역)
2024009063,2024-02-15,여자,65 - 69세,경기도,기타통신판매,항공여객운송서비스,계약해제.해지/위약금
2024009064,2024-02-15,여자,40 - 49세,서울특별시,일반판매,김치냉장고,품질(물품/용역)
2024009065,2024-02-15,남자,30 - 39세,서울특별시,국내온라인거래,사진촬영,계약해제.해지/위약금
2024009066,2024-02-15,남자,40 - 49세,충청북도,국내온라인거래,인터넷교육서비스,계약불이행(불완전이행)
2024009067,2024-02-15,남자,30 - 39세,인천광역시,국내온라인거래,카셰어링,계약불이행(불완전이행)
2024009068,2024-02-15,남자,40 - 49세,대전광역시,국내온라인거래,기타자동차부품,품질(물품/용역)
2024009069,2024-02-15,남자,50 - 59세,경기도,일반판매,가습기,계약해제.해지/위약금
2024009070,2024-02-15,여자,30 - 39세,인천광역시,모바일거래,인터넷정보이용서비스,계약해제.해지/위약금
2024009071,2024-02-15,남자,30 - 39세,경기도,일반판매,중고자동차중개·매매,AS불만
2024009072,2024-02-15,남자,50 - 59세,경기도,방문판매,소프트웨어,계약해제.해지/위약금
2024009073,2024-02-15,남자,20 - 29세,전라남도,모바일거래,자동차대여(렌트),부당행위
2024009074,2024-02-15,여자,30 - 39세,서울특별시,국내온라인거래,국외여행,계약해제.해지/위약금
2024009075,2024-02-15,여자,40 - 49세,경기도,일반판매,미용서비스,품질(물품/용역)
2024009076,2024-02-15,남자,40 - 49세,경기도,일반판매,정형외과,품질(물품/용역)
2024009077,2024-02-15,남자,30 - 39세,경기도,일반판매,헬스장,계약불이행(불완전이행)
2024009078,2024-02-15,여자,60 - 64세,충청북도,일반판매,정형외과,품질(물품/용역)
2024009079,2024-02-22,여자,30 - 39세,경기도,일반판매,스커트,품질(물품/용역)
2024009081,2024-02-15,여자,40 - 49세,서울특별시,국내온라인거래,코트,거래관행
2024009082,2024-02-15,남자,40 - 49세,충청북도,소셜커머스(쇼핑),기타숙박시설,계약해제.해지/위약금
2024009083,2024-02-15,남자,불명,서울특별시,일반판매,도시가스,부당행위
2024009084,2024-02-15,남자,불명,경기도,국내온라인거래,모니터,품질(물품/용역)
2024009085,2024-02-15,남자,50 - 59세,경기도,기타,가상화폐,이자.수수료
2024009086,2024-02-15,여자,20 - 29세,경기도,모바일거래,모바일게임서비스,청약철회
2024009087,2024-02-15,남자,30 - 39세,광주광역시,일반판매,일반자전거,품질(물품/용역)
2024009088,2024-02-15,남자,불명,서울특별시,국내온라인거래,면도기,AS불만
2024009089,2024-02-15,여자,20 - 29세,경기도,국내온라인거래,인터넷교육서비스,계약해제.해지/위약금
2024009090,2024-02-15,남자,30 - 39세,대구광역시,일반판매,카셰어링,부당행위
2024009091,2024-02-15,남자,40 - 49세,인천광역시,국내온라인거래,스마트폰,품질(물품/용역)
2024009092,2024-02-15,여자,30 - 39세,경기도,국내온라인거래,기타신발·용품,청약철회
2024009093,2024-02-15,여자,20 - 29세,경기도,일반판매,헬스장,계약해제.해지/위약금
2024009094,2024-02-15,여자,30 - 39세,인천광역시,국내온라인거래,원피스,청약철회
2024009095,2024-02-22,여자,40 - 49세,제주도,국내온라인거래,아동복,품질(물품/용역)
2024009096,2024-02-15,여자,60 - 64세,서울특별시,일반판매,중고자동차중개·매매,계약해제.해지/위약금
2024009097,2024-02-15,여자,40 - 49세,경기도,기타,신유형상품권,거래관행
2024009098,2024-02-15,남자,30 - 39세,서울특별시,모바일거래,전동킥보드,부당행위
2024009099,2024-02-22,여자,20 - 29세,제주도,일반판매,스포츠웨어,품질(물품/용역)
2024009100,2024-02-15,남자,40 - 49세,경기도,일반판매,헬스장,계약해제.해지/위약금
2024009101,2024-02-15,남자,70 - 79세,경기도,일반판매,정형외과,품질(물품/용역)
2024009102,2024-02-15,여자,20 - 29세,경기도,일반판매,외국어강습,계약해제.해지/위약금
2024009103,2024-02-15,여자,30 - 39세,서울특별시,일반판매,피부·체형관리서비스,계약해제.해지/위약금
2024009104,2024-02-15,남자,50 - 59세,경기도,일반판매,기타인테리어설비,품질(물품/용역)
2024009105,2024-02-15,남자,불명,부산광역시,모바일거래,식사배달,품질(물품/용역)
2024009106,2024-02-15,남자,30 - 39세,충청남도,국내온라인거래,건물청소서비스,계약불이행(불완전이행)
2024009108,2024-02-15,남자,20 - 29세,경기도,일반판매,예식서비스,계약해제.해지/위약금
2024009109,2024-02-15,남자,40 - 49세,충청남도,모바일거래,택배화물운송서비스,품질(물품/용역)
2024009111,2024-02-15,남자,60 - 64세,경상북도,국내온라인거래,가구세트,부당행위
2024009112,2024-02-15,남자,70 - 79세,서울특별시,일반판매,국외여행,계약불이행(불완전이행)
2024009113,2024-02-15,여자,60 - 64세,경기도,국내온라인거래,원피스,청약철회
2024009114,2024-02-15,여자,30 - 39세,부산광역시,방문판매,학습지,계약해제.해지/위약금
2024009115,2024-02-15,남자,40 - 49세,경기도,전화권유판매,유사투자자문,계약해제.해지/위약금
2024009116,2024-02-15,여자,60 - 64세,서울특별시,일반판매,기타인테리어설비,AS불만
2024009117,2024-02-27,여자,30 - 39세,경기도,일반판매,니트(스웨터),품질(물품/용역)
2024009119,2024-02-15,남자,30 - 39세,광주광역시,기타,취업·이민알선,계약해제.해지/위약금
2024009120,2024-02-15,남자,40 - 49세,인천광역시,국내온라인거래,"OTT서비스(넷플릭스,왓챠 등)",계약해제.해지/위약금
2024009121,2024-02-15,여자,30 - 39세,부산광역시,국내온라인거래,기타신발·용품,계약불이행(불완전이행)
2024009123,2024-02-15,남자,70 - 79세,서울특별시,일반판매,가구세트,품질(물품/용역)
2024009124,2024-02-15,남자,40 - 49세,강원특별자치도,국내온라인거래,스마트폰,계약불이행(불완전이행)
2024009125,2024-02-15,남자,60 - 64세,인천광역시,일반판매,바닥재·마루공사,품질(물품/용역)
2024009126,2024-02-22,남자,40 - 49세,대구광역시,국내온라인거래,캐주얼바지,품질(물품/용역)
2024009127,2024-03-15,여자,50 - 59세,경기도,국내온라인거래,운동화,품질(물품/용역)
2024009128,2024-02-15,여자,50 - 59세,서울특별시,국내온라인거래,USB,표시.광고
2024009129,2024-03-15,여자,30 - 39세,서울특별시,국내온라인거래,숙녀화(구두·부츠 등),품질(물품/용역)
2024009131,2024-02-15,남자,40 - 49세,서울특별시,일반판매,자동차수리·점검,계약불이행(불완전이행)
2024009132,2024-02-15,남자,40 - 49세,부산광역시,국내온라인거래,사과,계약불이행(불완전이행)
2024009133,2024-02-15,남자,30 - 39세,서울특별시,일반판매,헬스장,계약해제.해지/위약금
2024009134,2024-02-22,남자,50 - 59세,충청남도,일반판매,양복(서양식 의복)세탁,품질(물품/용역)
2024009135,2024-02-15,여자,불명,서울특별시,기타통신판매,감귤,계약불이행(불완전이행)
2024009136,2024-02-15,남자,60 - 64세,부산광역시,국내온라인거래,초콜릿,계약불이행(불완전이행)
2024009137,2024-02-15,여자,30 - 39세,경기도,국내온라인거래,헬스장,계약해제.해지/위약금
2024009138,2024-02-15,여자,20 - 29세,충청북도,국내온라인거래,숙녀화(구두·부츠 등),계약불이행(불완전이행)
2024009139,2024-02-15,남자,20 - 29세,서울특별시,국내온라인거래,컴퓨터S/W개발(홈페이지제작),계약해제.해지/위약금
2024009140,2024-02-15,남자,30 - 39세,(미입력),일반판매,헬스장,청약철회
2024009141,2024-02-15,여자,30 - 39세,(미입력),일반판매,필라테스,계약해제.해지/위약금
2024009143,2024-02-15,여자,40 - 49세,경기도,방문판매,요가,계약해제.해지/위약금
2024009144,2024-02-22,남자,20 - 29세,경상남도,일반판매,양복(서양식 의복)세탁,품질(물품/용역)
2024009145,2024-02-15,남자,불명,경기도,국내온라인거래,기타의료용구,AS불만
2024009146,2024-02-15,여자,30 - 39세,경기도,국내온라인거래,자동차대여(렌트),부당행위
2024009148,2024-02-15,남자,20 - 29세,서울특별시,일반판매,예식서비스,계약해제.해지/위약금
2024009149,2024-03-19,여자,30 - 39세,경기도,일반판매,신발세탁,계약불이행(불완전이행)
2024009150,2024-03-15,여자,40 - 49세,광주광역시,일반판매,숙녀화(구두·부츠 등),품질(물품/용역)
2024009151,2024-02-15,남자,40 - 49세,대전광역시,일반판매,정수기대여(렌트),계약불이행(불완전이행)
2024009152,2024-02-15,여자,30 - 39세,경기도,일반판매,피부·체형관리서비스,계약해제.해지/위약금
2024009153,2024-02-15,여자,40 - 49세,대구광역시,기타통신판매,독서실이용,계약해제.해지/위약금
2024009154,2024-02-15,여자,20 - 29세,경기도,국내온라인거래,기타이·미용기구,계약불이행(불완전이행)
2024009155,2024-02-15,여자,30 - 39세,경기도,국내온라인거래,쇠고기,계약불이행(불완전이행)
2024009156,2024-02-15,여자,40 - 49세,부산광역시,국내온라인거래,기타일반화장품,계약불이행(불완전이행)
2024009157,2024-02-15,여자,20 - 29세,인천광역시,모바일거래,모바일게임서비스,청약철회
2024009158,2024-02-15,남자,40 - 49세,서울특별시,국내온라인거래,콘도,부당행위
2024009159,2024-02-15,남자,40 - 49세,경기도,국내온라인거래,보석·귀금속,표시.광고
2024009160,2024-02-15,여자,30 - 39세,제주도,국내온라인거래,각종공연관람,부당행위
2024009161,2024-02-15,여자,20 - 29세,경기도,기타,미용서비스,계약불이행(불완전이행)
2024009162,2024-02-15,남자,40 - 49세,서울특별시,일반판매,시계,AS불만
2024009163,2024-02-15,여자,50 - 59세,경기도,일반판매,점퍼·재킷류,품질(물품/용역)
2024009164,2024-02-15,남자,30 - 39세,인천광역시,모바일거래,모바일게임서비스,청약철회
2024009165,2024-02-15,남자,30 - 39세,서울특별시,일반판매,CCTV,계약해제.해지/위약금
2024009166,2024-02-15,남자,30 - 39세,서울특별시,일반판매,사진촬영,품질(물품/용역)
2024009167,2024-02-15,여자,30 - 39세,강원특별자치도,국제온라인거래,기타숙박시설,청약철회
2024009168,2024-02-15,여자,20 - 29세,경기도,모바일거래,셔츠,청약철회
2024009169,2024-02-15,남자,40 - 49세,강원특별자치도,국내온라인거래,비타민제,청약철회
2024009170,2024-02-15,여자,20 - 29세,경상북도,국내온라인거래,사진촬영,계약불이행(불완전이행)
2024009171,2024-02-15,여자,30 - 39세,인천광역시,소셜커머스(쇼핑),미술전시관람,계약해제.해지/위약금
2024009172,2024-02-15,여자,30 - 39세,서울특별시,모바일거래,종합체육시설회원권,계약해제.해지/위약금
2024009173,2024-02-15,남자,30 - 39세,경상북도,국내온라인거래,기타과일·과일가공식품,청약철회
2024009174,2024-02-15,여자,30 - 39세,경기도,국내온라인거래,텐트,품질(물품/용역)
2024009175,2024-02-15,남자,40 - 49세,경기도,기타,포장이사운송서비스,부당행위
2024009176,2024-02-15,남자,30 - 39세,경기도,방문판매,기타인테리어설비,AS불만
2024009177,2024-02-15,남자,60 - 64세,경기도,국내온라인거래,항공여객운송서비스,부당행위
2024009178,2024-02-15,여자,40 - 49세,경기도,일반판매,택배화물운송서비스,품질(물품/용역)
2024009179,2024-02-15,남자,30 - 39세,서울특별시,일반판매,미용서비스,계약해제.해지/위약금
2024009180,2024-02-15,남자,20 - 29세,경기도,국내온라인거래,기타숙박시설,계약해제.해지/위약금
2024009181,2024-02-15,여자,30 - 39세,서울특별시,일반판매,메이크업강습,계약해제.해지/위약금
2024009182,2024-02-15,남자,40 - 49세,인천광역시,방문판매,기타의류·섬유,계약불이행(불완전이행)
2024009183,2024-02-15,남자,20 - 29세,경기도,기타,테니스장스쿼시회원권,청약철회
2024009184,2024-02-15,여자,50 - 59세,경기도,일반판매,헬스장,계약해제.해지/위약금
2024009185,2024-02-15,남자,40 - 49세,경상남도,기타,연립주택,계약불이행(불완전이행)
2024009186,2024-02-15,남자,40 - 49세,경기도,소셜커머스(쇼핑),전기온수장판,청약철회
2024009187,2024-02-15,여자,40 - 49세,경기도,국내온라인거래,전기진공청소기,품질(물품/용역)
2024009188,2024-02-15,여자,30 - 39세,인천광역시,국내온라인거래,숙녀화(구두·부츠 등),계약불이행(불완전이행)
2024009189,2024-02-15,남자,20 - 29세,전라북도,일반판매,스마트폰,계약불이행(불완전이행)
2024009190,2024-02-15,남자,30 - 39세,서울특별시,국내온라인거래,미용화장지(휴지),청약철회
2024009191,2024-02-15,여자,30 - 39세,경기도,기타,필라테스,계약해제.해지/위약금
2024009192,2024-02-15,여자,40 - 49세,서울특별시,일반판매,인터넷교육서비스,청약철회
2024009193,2024-02-15,남자,40 - 49세,경기도,TV홈쇼핑,프라이팬,안전(제품/시설)
2024009194,2024-02-15,여자,30 - 39세,경기도,일반판매,일반강습(입시학원등),부당행위
2024009195,2024-02-15,여자,30 - 39세,전라북도,소셜커머스(쇼핑),국외여행,계약불이행(불완전이행)
2024009196,2024-02-15,여자,20 - 29세,부산광역시,국내온라인거래,블라우스,계약불이행(불완전이행)
2024009197,2024-02-15,여자,20 - 29세,경기도,방문판매,필라테스,계약해제.해지/위약금
2024009198,2024-02-15,여자,20 - 29세,서울특별시,국내온라인거래,기타의류·섬유,청약철회
2024009199,2024-02-15,남자,20 - 29세,부산광역시,국내온라인거래,인터넷교육서비스,계약해제.해지/위약금
2024009200,2024-02-15,여자,20 - 29세,경기도,일반판매,미용서비스,품질(물품/용역)
2024009201,2024-02-15,여자,40 - 49세,경기도,일반판매,필라테스,계약해제.해지/위약금
2024009202,2024-02-15,남자,60 - 64세,경상북도,국내온라인거래,쇠고기포장육,계약해제.해지/위약금
2024009203,2024-02-15,여자,40 - 49세,경기도,모바일거래,숙녀화(구두·부츠 등),계약불이행(불완전이행)
2024009204,2024-02-15,여자,40 - 49세,제주도,소셜커머스(쇼핑),기타가방,계약불이행(불완전이행)
2024009205,2024-02-15,여자,30 - 39세,강원특별자치도,기타,기타여행,계약불이행(불완전이행)
2024009206,2024-02-15,남자,20 - 29세,경기도,일반판매,헬스장,계약해제.해지/위약금
2024009207,2024-02-15,여자,30 - 39세,경상북도,일반판매,시계,품질(물품/용역)
2024009208,2024-02-15,여자,30 - 39세,경기도,국내온라인거래,기타가방,품질(물품/용역)
2024009209,2024-02-15,남자,40 - 49세,서울특별시,모바일거래,항공여객운송서비스,계약해제.해지/위약금
2024009210,2024-02-15,여자,20 - 29세,경기도,소셜커머스(쇼핑),전기충전기,품질(물품/용역)
2024009211,2024-02-15,여자,20 - 29세,서울특별시,기타,헬스장,계약해제.해지/위약금
2024009212,2024-02-15,남자,30 - 39세,강원특별자치도,국내온라인거래,항공여객운송서비스,계약해제.해지/위약금
2024009213,2024-02-15,남자,50 - 59세,경기도,일반판매,아파트,AS불만
2024009214,2024-02-15,남자,10 - 19세,경상북도,일반판매,노트북컴퓨터,부당행위
2024009215,2024-02-15,남자,20 - 29세,부산광역시,기타통신판매,이동전화서비스,부당행위
2024009216,2024-02-15,여자,20 - 29세,전라북도,전화권유판매,인터넷교육서비스,청약철회
2024009217,2024-02-15,여자,60 - 64세,부산광역시,기타,기타인테리어설비,부당행위
2024009218,2024-02-15,여자,20 - 29세,서울특별시,일반판매,기타숙박시설,계약해제.해지/위약금
2024009219,2024-02-15,남자,40 - 49세,대구광역시,모바일거래,이동전화서비스,품질(물품/용역)
2024009220,2024-02-15,남자,50 - 59세,서울특별시,일반판매,쇠고기,품질(물품/용역)
2024009221,2024-02-15,남자,30 - 39세,경기도,국제온라인거래,기타매체광고,청약철회
2024009222,2024-02-15,남자,20 - 29세,경상북도,모바일거래,모바일게임서비스,부당행위
2024009223,2024-02-15,여자,10 - 19세,경기도,일반판매,교복,청약철회
2024009224,2024-02-15,여자,20 - 29세,경기도,일반판매,헬스장,계약해제.해지/위약금
2024009225,2024-02-15,남자,30 - 39세,대전광역시,국내온라인거래,그래픽카드,청약철회
2024009226,2024-02-15,여자,30 - 39세,세종특별자치시,국내온라인거래,사진촬영,계약불이행(불완전이행)
2024009227,2024-02-15,여자,30 - 39세,경상남도,국내온라인거래,가습기,계약해제.해지/위약금
2024009228,2024-02-15,여자,30 - 39세,서울특별시,소셜커머스(쇼핑),프린터,청약철회
2024009229,2024-02-15,여자,40 - 49세,경기도,모바일거래,초콜릿,청약철회
2024009230,2024-02-15,남자,40 - 49세,강원특별자치도,방문판매,창호유리,품질(물품/용역)
2024009231,2024-02-15,여자,20 - 29세,서울특별시,모바일거래,항공여객운송서비스,계약해제.해지/위약금
2024009232,2024-02-15,남자,40 - 49세,경기도,국내온라인거래,기타컴퓨터·주변기기,품질(물품/용역)
2024009233,2024-02-15,여자,30 - 39세,경기도,소셜커머스(쇼핑),헤드폰·이어폰,품질(물품/용역)
2024009234,2024-02-15,여자,50 - 59세,서울특별시,방문판매,콘도회원권,계약불이행(불완전이행)
2024009235,2024-02-15,남자,30 - 39세,경기도,일반판매,애완견,품질(물품/용역)
2024009236,2024-02-15,여자,30 - 39세,부산광역시,국내온라인거래,숙녀화(구두·부츠 등),계약불이행(불완전이행)
2024009237,2024-02-15,여자,40 - 49세,부산광역시,모바일거래,잡지,청약철회
2024009238,2024-02-15,여자,40 - 49세,경상남도,국내온라인거래,국외여행,계약불이행(불완전이행)
2024009239,2024-02-15,남자,30 - 39세,경상북도,기타,아파트,표시.광고
2024009240,2024-02-15,여자,20 - 29세,인천광역시,국내온라인거래,모바일정보이용서비스,청약철회
2024009241,2024-02-15,남자,30 - 39세,서울특별시,국내온라인거래,카메라부품·용품,청약철회
2024009242,2024-02-15,여자,30 - 39세,경기도,국내온라인거래,전기장판,품질(물품/용역)
2024009243,2024-02-15,여자,50 - 59세,경기도,기타,기타인테리어설비,AS불만
2024009244,2024-02-15,남자,65 - 69세,경기도,기타,케이블TV,계약해제.해지/위약금
2024009245,2024-02-15,여자,30 - 39세,서울특별시,모바일거래,항공여객운송서비스,계약해제.해지/위약금
2024009246,2024-02-15,남자,50 - 59세,서울특별시,일반판매,외식,품질(물품/용역)
2024009247,2024-02-15,여자,20 - 29세,부산광역시,기타,모바일정보이용서비스,부당행위
2024009248,2024-02-15,남자,30 - 39세,서울특별시,방문판매,결혼준비대행서비스,계약불이행(불완전이행)
2024009249,2024-02-15,남자,30 - 39세,서울특별시,방문판매,헬스장,계약해제.해지/위약금
2024009250,2024-02-15,여자,30 - 39세,서울특별시,일반판매,예식서비스,계약해제.해지/위약금
2024009251,2024-02-15,남자,20 - 29세,서울특별시,기타,기타스포츠·레저기구·용품,계약불이행(불완전이행)
2024009252,2024-02-15,여자,40 - 49세,서울특별시,일반판매,선박화물운송서비스,부당행위
2024009253,2024-02-15,남자,30 - 39세,충청남도,국내온라인거래,사진촬영,계약불이행(불완전이행)
2024009254,2024-02-15,여자,40 - 49세,서울특별시,국내온라인거래,캐주얼바지,청약철회
2024009255,2024-02-15,남자,30 - 39세,경기도,국내온라인거래,즉석조리식품,부당행위
2024009256,2024-02-15,남자,30 - 39세,대구광역시,국내온라인거래,기타미분류서비스,계약불이행(불완전이행)
2024009257,2024-02-15,여자,60 - 64세,경기도,일반판매,기타숙박시설,청약철회
2024009258,2024-02-15,여자,30 - 39세,경상남도,국내온라인거래,기타숙박시설,계약해제.해지/위약금
2024009259,2024-02-15,여자,20 - 29세,서울특별시,국내온라인거래,닭고기포장육,청약철회
2024009260,2024-02-15,남자,20 - 29세,경상남도,일반판매,즉석조리식품,품질(물품/용역)
2024009261,2024-02-15,여자,50 - 59세,부산광역시,국내온라인거래,온풍기,표시.광고
2024009262,2024-02-15,여자,30 - 39세,인천광역시,국내온라인거래,카메라부품·용품,청약철회
2024009263,2024-02-15,여자,30 - 39세,경기도,일반판매,필라테스,계약불이행(불완전이행)
2024009264,2024-02-15,여자,40 - 49세,경기도,국내온라인거래,숙녀화(구두·부츠 등),청약철회
2024009265,2024-02-15,여자,40 - 49세,서울특별시,국내온라인거래,컵,청약철회
2024009266,2024-02-15,여자,20 - 29세,인천광역시,일반판매,감귤,청약철회
2024009267,2024-02-15,여자,30 - 39세,경상남도,전화권유판매,기타이동통신,부당행위
2024009268,2024-02-15,여자,40 - 49세,경기도,기타통신판매,헤어드라이어,청약철회
2024009269,2024-02-15,여자,20 - 29세,부산광역시,국내온라인거래,기타스포츠·레저기구·용품,청약철회
2024009270,2024-02-16,여자,30 - 39세,부산광역시,국내온라인거래,항공여객운송서비스,품질(물품/용역)
2024009271,2024-02-16,여자,20 - 29세,경기도,일반판매,헬스장,계약해제.해지/위약금
2024009272,2024-02-16,여자,60 - 64세,광주광역시,기타통신판매,건강(암·기타질병)보험,계약불이행(불완전이행)
2024009273,2024-02-16,남자,30 - 39세,서울특별시,국내온라인거래,헤드폰·이어폰,AS불만
2024009274,2024-02-16,여자,30 - 39세,경기도,일반판매,CCTV,계약해제.해지/위약금
2024009275,2024-02-16,여자,70 - 79세,서울특별시,일반판매,정수기대여(렌트),품질(물품/용역)
2024009276,2024-02-16,여자,50 - 59세,경기도,일반판매,운명감정서비스,가격.요금
2024009277,2024-02-16,남자,30 - 39세,서울특별시,국내온라인거래,호텔,청약철회
2024009279,2024-02-22,여자,20 - 29세,서울특별시,국내온라인거래,니트(스웨터),품질(물품/용역)
2024009280,2024-02-16,남자,30 - 39세,경기도,일반판매,타이어,계약불이행(불완전이행)
2024009281,2024-02-16,여자,50 - 59세,충청북도,TV홈쇼핑,항공여객운송서비스,부당행위
2024009282,2024-02-16,여자,50 - 59세,서울특별시,일반판매,신유형상품권,계약불이행(불완전이행)
2024009283,2024-02-16,남자,20 - 29세,전라북도,국내온라인거래,자동차대여(렌트),계약해제.해지/위약금
2024009284,2024-02-16,여자,20 - 29세,경기도,국내온라인거래,숙녀화(구두·부츠 등),계약불이행(불완전이행)
2024009285,2024-02-16,남자,30 - 39세,경기도,일반판매,항공여객운송서비스,부당행위
2024009286,2024-02-16,남자,30 - 39세,인천광역시,소셜커머스(쇼핑),차량용블랙박스,표시.광고
2024009287,2024-02-16,여자,40 - 49세,서울특별시,일반판매,재활의학과,품질(물품/용역)
2024009288,2024-02-16,남자,50 - 59세,경기도,국내온라인거래,헤드폰·이어폰,AS불만
2024009289,2024-02-16,남자,20 - 29세,경기도,일반판매,케이크,계약불이행(불완전이행)
2024009290,2024-02-16,남자,50 - 59세,부산광역시,국내온라인거래,복합기,계약불이행(불완전이행)
2024009291,2024-02-16,여자,40 - 49세,대전광역시,국내온라인거래,유사투자자문,계약불이행(불완전이행)
2024009292,2024-02-16,여자,50 - 59세,경기도,국내온라인거래,보석·귀금속,계약불이행(불완전이행)
2024009293,2024-02-16,여자,30 - 39세,서울특별시,국내온라인거래,각종공연관람,청약철회
2024009294,2024-02-16,남자,10 - 19세,경기도,일반판매,헬스장,계약해제.해지/위약금
2024009295,2024-02-16,남자,50 - 59세,경기도,TV홈쇼핑,전기자전거,AS불만
2024009297,2024-02-16,여자,40 - 49세,서울특별시,일반판매,애완견,계약불이행(불완전이행)
2024009298,2024-02-16,남자,40 - 49세,서울특별시,모바일거래,자동차주차장,가격.요금
2024009299,2024-02-16,남자,30 - 39세,서울특별시,국내온라인거래,컵,청약철회
2024009300,2024-02-16,남자,40 - 49세,서울특별시,일반판매,포장이사운송서비스,품질(물품/용역)
2024009301,2024-02-16,남자,60 - 64세,인천광역시,TV홈쇼핑,실손보험,계약불이행(불완전이행)
2024009302,2024-02-16,남자,30 - 39세,경기도,일반판매,발모제,계약불이행(불완전이행)
2024009303,2024-02-16,여자,40 - 49세,서울특별시,기타,성형외과,품질(물품/용역)
2024009305,2024-02-16,남자,30 - 39세,광주광역시,일반판매,헬스장,계약해제.해지/위약금
2024009306,2024-02-16,남자,30 - 39세,서울특별시,일반판매,상품권,거래관행
2024009307,2024-02-16,여자,30 - 39세,경기도,국내온라인거래,커피,계약불이행(불완전이행)
2024009308,2024-02-16,여자,20 - 29세,경상남도,일반판매,헬스장,계약해제.해지/위약금
2024009310,2024-02-16,남자,30 - 39세,경기도,모바일거래,신유형상품권,계약불이행(불완전이행)
2024009311,2024-02-16,여자,20 - 29세,경기도,국내온라인거래,스마트폰,품질(물품/용역)
2024009312,2024-02-16,남자,30 - 39세,경기도,일반판매,오토바이,AS불만
2024009314,2024-02-22,여자,50 - 59세,충청남도,일반판매,셔츠,품질(물품/용역)
2024009315,2024-02-16,여자,40 - 49세,경기도,일반판매,필라테스,계약해제.해지/위약금
2024009316,2024-02-16,여자,40 - 49세,충청북도,국내온라인거래,가습기,청약철회
2024009317,2024-02-16,여자,40 - 49세,전라북도,TV홈쇼핑,기타육류·육류가공식품,청약철회
2024009318,2024-02-16,남자,40 - 49세,대전광역시,전화권유판매,모바일정보이용서비스,계약해제.해지/위약금
2024009320,2024-02-16,남자,50 - 59세,경상북도,모바일거래,카셰어링,부당채권추심
2024009321,2024-02-16,남자,50 - 59세,부산광역시,기타통신판매,전기자전거,품질(물품/용역)
2024009322,2024-02-16,여자,30 - 39세,서울특별시,국내온라인거래,숙녀화(구두·부츠 등),청약철회
2024009323,2024-02-16,남자,40 - 49세,서울특별시,일반판매,자동차주차장,계약불이행(불완전이행)
2024009324,2024-02-22,남자,30 - 39세,인천광역시,국내온라인거래,티셔츠,품질(물품/용역)
2024009325,2024-02-16,여자,50 - 59세,서울특별시,일반판매,일반강습(입시학원등),계약해제.해지/위약금
2024009326,2024-02-16,여자,20 - 29세,경기도,일반판매,이동전화서비스,계약불이행(불완전이행)
2024009327,2024-02-16,여자,40 - 49세,경기도,국내온라인거래,애완동·식물용품,청약철회
2024009329,2024-02-16,여자,50 - 59세,경기도,기타통신판매,유사투자자문,계약해제.해지/위약금
2024009330,2024-02-16,여자,40 - 49세,경기도,국내온라인거래,라텍스매트리스,계약불이행(불완전이행)
2024009331,2024-02-16,여자,40 - 49세,부산광역시,일반판매,실손보험,계약불이행(불완전이행)
2024009333,2024-02-16,남자,40 - 49세,경기도,기타,항공여객운송서비스,계약불이행(불완전이행)
2024009334,2024-02-16,남자,20 - 29세,충청남도,일반판매,자동차주차장,표시.광고
2024009335,2024-02-16,여자,20 - 29세,서울특별시,모바일거래,숙녀화(구두·부츠 등),계약불이행(불완전이행)
2024009336,2024-02-16,여자,30 - 39세,서울특별시,국내온라인거래,비타민제,계약불이행(불완전이행)
2024009337,2024-02-16,여자,40 - 49세,경기도,국내온라인거래,기타의류·섬유,가격.요금
2024009338,2024-02-16,남자,30 - 39세,경기도,국내온라인거래,기타책상·테이블류,청약철회
2024009339,2024-02-16,여자,30 - 39세,경상남도,소셜커머스(쇼핑),숙녀화(구두·부츠 등),계약불이행(불완전이행)
2024009340,2024-02-16,남자,30 - 39세,경기도,모바일거래,자동차대여(렌트),계약해제.해지/위약금
2024009341,2024-02-16,여자,불명,경상북도,모바일거래,여행용가방,AS불만
2024009342,2024-02-16,여자,40 - 49세,경상북도,국내온라인거래,통신기기주변장치,품질(물품/용역)
2024009343,2024-02-16,남자,50 - 59세,인천광역시,일반판매,애완견,품질(물품/용역)
2024009344,2024-02-29,남자,65 - 69세,서울특별시,일반판매,양복(서양식 의복)세탁,품질(물품/용역)
2024009345,2024-02-16,여자,20 - 29세,전라북도,모바일거래,항공여객운송서비스,계약해제.해지/위약금
2024009346,2024-02-16,남자,40 - 49세,서울특별시,일반판매,스마트폰,가격.요금
2024009347,2024-02-16,남자,40 - 49세,서울특별시,일반판매,스마트폰,품질(물품/용역)
2024009348,2024-02-16,여자,30 - 39세,서울특별시,모바일거래,헬스장,계약해제.해지/위약금
2024009349,2024-02-16,남자,40 - 49세,경기도,국내온라인거래,항공여객운송서비스,계약불이행(불완전이행)
2024009350,2024-02-22,여자,40 - 49세,서울특별시,일반판매,기타모피·가죽의류,품질(물품/용역)
2024009351,2024-02-16,여자,40 - 49세,경기도,TV홈쇼핑,정수기대여(렌트),품질(물품/용역)
2024009352,2024-02-16,여자,30 - 39세,경상남도,국내온라인거래,초음파방충기,품질(물품/용역)
2024009353,2024-02-16,여자,30 - 39세,서울특별시,모바일거래,각종공연관람,표시.광고
2024009354,2024-02-16,남자,50 - 59세,충청남도,국내온라인거래,기타조리기기·기구,청약철회
2024009355,2024-02-16,여자,불명,경기도,일반판매,기타사설강습서비스,계약해제.해지/위약금
2024009356,2024-02-16,남자,20 - 29세,대전광역시,기타,인터넷게임서비스,계약불이행(불완전이행)
2024009357,2024-02-16,남자,30 - 39세,경기도,소셜커머스(쇼핑),비타민제,계약불이행(불완전이행)
2024009358,2024-02-16,여자,50 - 59세,서울특별시,일반판매,김치냉장고,품질(물품/용역)
2024009359,2024-02-16,남자,65 - 69세,경기도,국내온라인거래,항공여객운송서비스,청약철회
2024009360,2024-02-16,남자,40 - 49세,경기도,모바일거래,TV,계약불이행(불완전이행)
2024009361,2024-02-16,여자,60 - 64세,경기도,TV홈쇼핑,국외여행,부당행위
2024009362,2024-02-16,여자,60 - 64세,대구광역시,소셜커머스(쇼핑),점퍼·재킷류,청약철회
2024009363,2024-02-16,남자,불명,서울특별시,일반판매,중형승용자동차,안전(제품/시설)
2024009364,2024-02-16,여자,20 - 29세,서울특별시,기타,헬스장,계약해제.해지/위약금
2024009366,2024-02-16,남자,30 - 39세,전라북도,모바일거래,모바일게임서비스,계약해제.해지/위약금
2024009367,2024-02-16,여자,20 - 29세,경기도,국내온라인거래,호텔,계약해제.해지/위약금
2024009368,2024-02-16,여자,50 - 59세,울산광역시,기타,건강(암·기타질병)보험,계약불이행(불완전이행)
2024009371,2024-02-16,남자,50 - 59세,서울특별시,국내온라인거래,가습기,AS불만
2024009372,2024-02-16,남자,30 - 39세,서울특별시,일반판매,헬스장,계약해제.해지/위약금
2024009373,2024-02-16,여자,50 - 59세,경기도,국내온라인거래,일반자전거,AS불만
2024009374,2024-02-16,여자,40 - 49세,서울특별시,모바일거래,숙녀화(구두·부츠 등),청약철회
2024009375,2024-02-16,남자,40 - 49세,부산광역시,기타,섀시설비,계약불이행(불완전이행)
2024009376,2024-02-16,남자,65 - 69세,경기도,국내온라인거래,항공여객운송서비스,계약해제.해지/위약금
2024009377,2024-02-16,남자,40 - 49세,경상북도,일반판매,스마트폰,AS불만
2024009378,2024-02-16,남자,40 - 49세,충청남도,전화권유판매,기타매체광고,계약해제.해지/위약금
2024009379,2024-02-16,여자,70 - 79세,서울특별시,일반판매,헬스장,계약해제.해지/위약금
2024009380,2024-02-16,여자,20 - 29세,경기도,전화권유판매,기타매체광고,계약해제.해지/위약금
2024009381,2024-02-16,여자,40 - 49세,경기도,국내온라인거래,헤드폰·이어폰,계약불이행(불완전이행)
2024009382,2024-02-16,남자,60 - 64세,광주광역시,일반판매,상조서비스,계약해제.해지/위약금
2024009383,2024-02-16,남자,30 - 39세,경기도,국내온라인거래,성기능향상기기,청약철회
2024009384,2024-02-16,남자,30 - 39세,경기도,일반판매,기타놀이·게임기구,품질(물품/용역)
2024009385,2024-02-16,남자,30 - 39세,경기도,모바일거래,기타매체광고,계약해제.해지/위약금
2024009386,2024-02-16,남자,20 - 29세,경상남도,모바일거래,호텔,청약철회
2024009387,2024-02-16,여자,30 - 39세,경기도,국내온라인거래,아동복,청약철회
2024009388,2024-02-22,여자,불명,경기도,일반판매,양복(서양식 의복)세탁,품질(물품/용역)
2024009401,2024-02-16,남자,40 - 49세,충청북도,소셜커머스(쇼핑),커피메이커,품질(물품/용역)
2024009402,2024-02-16,남자,30 - 39세,경기도,일반판매,헬스장,부당행위
2024009403,2024-02-16,여자,30 - 39세,부산광역시,일반판매,식탁,품질(물품/용역)
2024009404,2024-02-16,남자,30 - 39세,충청북도,일반판매,"연회서비스(돌잔치,회갑 등)",계약불이행(불완전이행)
2024009405,2024-02-16,남자,30 - 39세,부산광역시,국내온라인거래,정수기대여(렌트),부당행위
2024009406,2024-02-16,여자,30 - 39세,경상남도,일반판매,기타침대류,품질(물품/용역)
2024009407,2024-02-16,남자,50 - 59세,서울특별시,국내온라인거래,프린터잉크,가격.요금
2024009408,2024-02-16,여자,30 - 39세,인천광역시,일반판매,각종자격취득강습,청약철회
2024009409,2024-02-16,여자,20 - 29세,경기도,기타,사진촬영,계약불이행(불완전이행)
2024009410,2024-02-16,여자,50 - 59세,경기도,일반판매,보석·귀금속,청약철회
2024009411,2024-02-16,여자,40 - 49세,대전광역시,국내온라인거래,기타숙박시설,부당행위
2024009412,2024-02-16,여자,20 - 29세,서울특별시,국내온라인거래,기타사설강습서비스,청약철회
2024009413,2024-02-16,남자,60 - 64세,부산광역시,일반판매,창호유리,계약불이행(불완전이행)
2024009414,2024-02-16,남자,40 - 49세,경기도,방문판매,할인회원권,계약해제.해지/위약금
2024009415,2024-02-16,여자,40 - 49세,경기도,국내온라인거래,캐주얼바지,청약철회
2024009416,2024-02-16,남자,30 - 39세,경기도,소셜커머스(쇼핑),가스레인지,품질(물품/용역)
2024009417,2024-02-16,여자,10 - 19세,울산광역시,일반판매,보석·귀금속,품질(물품/용역)
2024009418,2024-02-16,여자,30 - 39세,인천광역시,국내온라인거래,기타신발·용품,청약철회
2024009419,2024-02-16,남자,30 - 39세,서울특별시,국내온라인거래,국외여행,계약해제.해지/위약금
2024009420,2024-02-16,여자,30 - 39세,서울특별시,국내온라인거래,트레이닝기구,품질(물품/용역)
2024009421,2024-02-16,여자,30 - 39세,제주도,국내온라인거래,대리점계약,단순문의.상담
2024009422,2024-02-16,여자,40 - 49세,인천광역시,국내온라인거래,기타신발·용품,표시.광고
2024009423,2024-02-16,여자,20 - 29세,경기도,모바일거래,모바일게임서비스,부당행위
2024009424,2024-02-16,여자,30 - 39세,서울특별시,국내온라인거래,애완식물(화분·분재),품질(물품/용역)
2024009425,2024-02-16,여자,30 - 39세,경기도,일반판매,항공여객운송서비스,계약불이행(불완전이행)
2024009426,2024-02-16,여자,30 - 39세,서울특별시,일반판매,의상대여(렌트),청약철회
2024009427,2024-02-16,남자,20 - 29세,서울특별시,모바일거래,모바일게임서비스,단순문의.상담
2024009428,2024-02-16,여자,10 - 19세,대전광역시,일반판매,기타이·미용서비스,계약불이행(불완전이행)
2024009429,2024-02-16,여자,50 - 59세,부산광역시,전화권유판매,영양보충용제품,품질(물품/용역)
2024009430,2024-02-16,여자,40 - 49세,서울특별시,국내온라인거래,다이어트식품,부당행위
2024009431,2024-02-16,남자,40 - 49세,경상남도,방문판매,정수기대여(렌트),부당행위
2024009432,2024-02-16,남자,20 - 29세,경상북도,일반판매,이동전화서비스,계약불이행(불완전이행)
2024009433,2024-02-16,남자,10 - 19세,인천광역시,일반판매,점퍼·재킷류,청약철회
2024009434,2024-02-16,남자,40 - 49세,경기도,기타통신판매,기타가사장비품,품질(물품/용역)
2024009435,2024-02-16,여자,20 - 29세,경기도,국내온라인거래,기타회원권,계약불이행(불완전이행)
2024009436,2024-02-16,여자,40 - 49세,전라북도,TV홈쇼핑,음식물처리기,AS불만
2024009437,2024-02-16,남자,30 - 39세,부산광역시,일반판매,사진촬영,계약불이행(불완전이행)
2024009438,2024-02-16,여자,20 - 29세,경기도,소셜커머스(쇼핑),샌들·슬리퍼,청약철회
2024009439,2024-02-16,여자,20 - 29세,경기도,일반판매,헬스장,계약해제.해지/위약금
2024009440,2024-02-16,남자,40 - 49세,인천광역시,모바일거래,이동전화서비스,계약불이행(불완전이행)
2024009441,2024-02-16,남자,50 - 59세,충청남도,기타,창호유리,AS불만
2024009442,2024-02-16,여자,50 - 59세,서울특별시,국내온라인거래,호텔,계약불이행(불완전이행)
2024009443,2024-02-16,남자,40 - 49세,서울특별시,국내온라인거래,점퍼·재킷류,청약철회
2024009444,2024-02-16,여자,30 - 39세,서울특별시,국내온라인거래,항공여객운송서비스,가격.요금
2024009445,2024-02-16,여자,30 - 39세,서울특별시,국내온라인거래,침대,품질(물품/용역)
2024009446,2024-02-16,여자,30 - 39세,서울특별시,소셜커머스(쇼핑),기타회원권,계약불이행(불완전이행)
2024009447,2024-02-16,여자,40 - 49세,서울특별시,국내온라인거래,침대,계약불이행(불완전이행)
2024009448,2024-02-16,여자,20 - 29세,경기도,일반판매,종합체육시설회원권,계약해제.해지/위약금
2024009449,2024-02-16,여자,20 - 29세,경기도,국내온라인거래,캐주얼바지,품질(물품/용역)
2024009450,2024-02-16,여자,20 - 29세,서울특별시,일반판매,헬스장,계약해제.해지/위약금
2024009451,2024-02-16,여자,30 - 39세,경기도,일반판매,선박화물운송서비스,계약불이행(불완전이행)
2024009452,2024-02-16,여자,20 - 29세,충청북도,국내온라인거래,기타알선·중개·번역서비스,계약불이행(불완전이행)
2024009453,2024-02-16,남자,20 - 29세,인천광역시,일반판매,헬스장,계약해제.해지/위약금
2024009454,2024-02-16,여자,60 - 64세,인천광역시,TV홈쇼핑,국외여행,품질(물품/용역)
2024009455,2024-02-16,여자,40 - 49세,서울특별시,국내온라인거래,기타일반화장품,품질(물품/용역)
2024009456,2024-02-16,남자,40 - 49세,대구광역시,기타통신판매,정수기대여(렌트),품질(물품/용역)
2024009457,2024-02-16,여자,20 - 29세,서울특별시,일반판매,헬스장,계약해제.해지/위약금
2024009458,2024-02-16,남자,40 - 49세,충청북도,국내온라인거래,노트북컴퓨터,계약불이행(불완전이행)
2024009459,2024-02-16,남자,40 - 49세,경기도,소셜커머스(쇼핑),국외여행,계약해제.해지/위약금
2024009460,2024-02-16,남자,30 - 39세,경기도,국내온라인거래,초고속인터넷,계약해제.해지/위약금
2024009461,2024-02-16,여자,30 - 39세,세종특별자치시,국내온라인거래,국외여행,계약불이행(불완전이행)
2024009462,2024-02-16,남자,30 - 39세,서울특별시,일반판매,레저·이벤트회원권,계약해제.해지/위약금
2024009463,2024-02-16,남자,30 - 39세,부산광역시,소셜커머스(쇼핑),냉장고,품질(물품/용역)
2024009464,2024-02-16,여자,30 - 39세,서울특별시,국내온라인거래,기타조리기기·기구,AS불만
2024009465,2024-02-16,남자,20 - 29세,서울특별시,국내온라인거래,기타매체광고,계약해제.해지/위약금
2024009466,2024-02-16,여자,40 - 49세,경기도,소셜커머스(쇼핑),기타인테리어설비,AS불만
2024009467,2024-02-16,여자,30 - 39세,서울특별시,일반판매,헬스장,계약해제.해지/위약금
2024009468,2024-02-16,남자,30 - 39세,서울특별시,국내온라인거래,호텔,계약해제.해지/위약금
2024009469,2024-02-16,남자,30 - 39세,경기도,일반판매,헬스장,계약해제.해지/위약금
2024009470,2024-02-16,남자,20 - 29세,대구광역시,국내온라인거래,전자담배,계약불이행(불완전이행)
2024009471,2024-02-16,여자,20 - 29세,경상북도,국내온라인거래,기타의류·섬유,청약철회
2024009472,2024-02-16,남자,50 - 59세,충청남도,TV홈쇼핑,소파,품질(물품/용역)
2024009473,2024-02-16,여자,40 - 49세,경기도,다단계판매,기타일반화장품,청약철회
2024009474,2024-02-16,여자,30 - 39세,서울특별시,일반판매,각종자격취득강습,청약철회
2024009475,2024-02-16,여자,20 - 29세,경상남도,국내온라인거래,컵,품질(물품/용역)
2024009476,2024-02-16,남자,40 - 49세,부산광역시,소셜커머스(쇼핑),점퍼·재킷류,표시.광고
2024009477,2024-02-16,여자,30 - 39세,전라북도,국내온라인거래,기타숙박시설,계약해제.해지/위약금
2024009478,2024-02-16,여자,40 - 49세,울산광역시,국내온라인거래,인터넷교육서비스,계약해제.해지/위약금
2024009479,2024-02-16,남자,20 - 29세,대구광역시,국내온라인거래,점퍼·재킷류,청약철회
2024009480,2024-02-16,여자,20 - 29세,제주도,일반판매,헬스장,계약해제.해지/위약금
2024009481,2024-02-16,여자,50 - 59세,경기도,일반판매,국외여행,품질(물품/용역)
2024009482,2024-02-16,여자,30 - 39세,경기도,일반판매,욕실설비,품질(물품/용역)
2024009483,2024-02-16,남자,40 - 49세,전라남도,국내온라인거래,기타의류·섬유,청약철회
2024009484,2024-02-16,남자,30 - 39세,경상북도,일반판매,스마트폰,품질(물품/용역)
2024009485,2024-02-16,여자,30 - 39세,서울특별시,소셜커머스(쇼핑),기타육류·육류가공식품,표시.광고
2024009486,2024-02-16,여자,30 - 39세,경기도,국내온라인거래,기타옷감·실,청약철회
2024009487,2024-02-16,남자,20 - 29세,경기도,일반판매,기타보건·위생용품,청약철회
2024009488,2024-02-16,여자,40 - 49세,경기도,국내온라인거래,기타건강식품,계약불이행(불완전이행)
2024009489,2024-02-16,여자,30 - 39세,서울특별시,일반판매,요가,계약해제.해지/위약금
2024009490,2024-02-16,여자,50 - 59세,경기도,방문판매,헬스장,계약해제.해지/위약금
2024009491,2024-02-16,여자,30 - 39세,경기도,기타통신판매,코트,청약철회
2024009492,2024-02-16,여자,30 - 39세,서울특별시,소셜커머스(쇼핑),기타신발·용품,청약철회
2024009493,2024-02-16,여자,40 - 49세,서울특별시,국내온라인거래,기타스포츠·레저기구·용품,AS불만
2024009501,2024-02-17,여자,50 - 59세,서울특별시,일반판매,기타육류·육류가공식품,안전(제품/시설)
2024009502,2024-02-17,남자,40 - 49세,경기도,국제온라인거래,기타의류·섬유,청약철회
2024009503,2024-02-17,남자,65 - 69세,대전광역시,기타,국외여행,계약해제.해지/위약금
2024009504,2024-02-17,남자,40 - 49세,부산광역시,소셜커머스(쇼핑),점퍼·재킷류,계약해제.해지/위약금
2024009505,2024-02-17,남자,40 - 49세,경기도,소셜커머스(쇼핑),남자용내의류,계약불이행(불완전이행)
2024009506,2024-02-17,남자,60 - 64세,경기도,국내온라인거래,항공여객운송서비스,계약불이행(불완전이행)
2024009507,2024-02-17,남자,40 - 49세,광주광역시,방문판매,콘도회원권,청약철회
2024009508,2024-02-17,여자,30 - 39세,부산광역시,국내온라인거래,숙녀화(구두·부츠 등),계약불이행(불완전이행)
2024009509,2024-02-17,여자,40 - 49세,경기도,국내온라인거래,캐주얼바지,청약철회
2024009601,2024-02-18,남자,50 - 59세,대구광역시,기타,포장이사운송서비스,계약불이행(불완전이행)
2024009602,2024-02-18,여자,30 - 39세,경기도,일반판매,헬스장,계약해제.해지/위약금
2024009603,2024-02-18,남자,50 - 59세,서울특별시,국내온라인거래,사과,부당행위
2024009604,2024-02-17,남자,40 - 49세,경기도,국내온라인거래,TV,품질(물품/용역)
2024009605,2024-02-18,남자,40 - 49세,인천광역시,국내온라인거래,기타사무용품,품질(물품/용역)
2024009606,2024-02-18,여자,20 - 29세,경기도,국내온라인거래,핸드백,청약철회
2024009607,2024-02-18,여자,30 - 39세,서울특별시,국내온라인거래,미분류대여(렌트),계약해제.해지/위약금
2024009608,2024-02-18,남자,30 - 39세,강원특별자치도,국내온라인거래,세안류,청약철회
2024009609,2024-02-18,여자,40 - 49세,경기도,국내온라인거래,국외여행,계약불이행(불완전이행)
2024009610,2024-02-18,남자,30 - 39세,경상남도,국내온라인거래,기타가방,품질(물품/용역)
2024009611,2024-02-18,남자,50 - 59세,서울특별시,국내온라인거래,티셔츠,표시.광고
2024009612,2024-02-18,여자,20 - 29세,경기도,일반판매,필라테스,계약해제.해지/위약금
2024009613,2024-02-18,여자,20 - 29세,대구광역시,소셜커머스(쇼핑),전기요,품질(물품/용역)
2024009614,2024-02-18,남자,40 - 49세,경기도,국내온라인거래,화장품세트,계약불이행(불완전이행)
2024009615,2024-02-18,여자,40 - 49세,서울특별시,일반판매,포장이사운송서비스,계약불이행(불완전이행)
2024009616,2024-02-18,여자,40 - 49세,부산광역시,일반판매,안경·안경테,계약불이행(불완전이행)
2024009617,2024-02-18,남자,30 - 39세,서울특별시,국내온라인거래,기타신발·용품,품질(물품/용역)
2024009618,2024-02-18,여자,50 - 59세,경기도,소셜커머스(쇼핑),안마의자,청약철회
2024009619,2024-02-18,남자,30 - 39세,서울특별시,기타,예식서비스,단순문의.상담
2024009620,2024-02-18,여자,30 - 39세,경기도,일반판매,소파,품질(물품/용역)
2024009621,2024-02-18,여자,30 - 39세,서울특별시,국내온라인거래,국외여행,계약해제.해지/위약금
2024009622,2024-02-19,남자,40 - 49세,경상북도,일반판매,굴,안전(제품/시설)
2024009623,2024-02-19,남자,50 - 59세,서울특별시,일반판매,스낵과자,안전(제품/시설)
2024009624,2024-02-19,여자,60 - 64세,강원특별자치도,일반판매,소파,청약철회
2024009625,2024-02-19,여자,30 - 39세,울산광역시,국내온라인거래,숙녀화(구두·부츠 등),청약철회
2024009626,2024-02-19,여자,30 - 39세,서울특별시,국내온라인거래,항공여객운송서비스,청약철회
2024009627,2024-02-19,여자,50 - 59세,서울특별시,일반판매,정수기,품질(물품/용역)
2024009628,2024-02-19,여자,30 - 39세,경기도,일반판매,외식,부당행위
2024009629,2024-02-29,남자,30 - 39세,경기도,일반판매,양복(서양식 의복)세탁,품질(물품/용역)
2024009631,2024-02-29,여자,50 - 59세,인천광역시,일반판매,점퍼·재킷류,품질(물품/용역)
2024009632,2024-02-19,남자,30 - 39세,경기도,일반판매,자동차주차장,부당행위
2024009633,2024-02-22,남자,65 - 69세,서울특별시,국내온라인거래,니트(스웨터),품질(물품/용역)
2024009634,2024-02-19,여자,50 - 59세,서울특별시,기타,전기어댑터,AS불만
2024009635,2024-02-19,남자,20 - 29세,서울특별시,국제온라인거래,항공여객운송서비스,계약불이행(불완전이행)
2024009636,2024-02-19,남자,50 - 59세,경기도,일반판매,기타음료,품질(물품/용역)
2024009637,2024-02-19,남자,40 - 49세,울산광역시,국내온라인거래,전기장판,안전(제품/시설)
2024009638,2024-02-19,여자,불명,경기도,국내온라인거래,기타신발·용품,계약불이행(불완전이행)
2024009639,2024-02-19,여자,20 - 29세,부산광역시,기타통신판매,유사투자자문,계약해제.해지/위약금
2024009640,2024-02-19,여자,20 - 29세,경상북도,국내온라인거래,숙녀화(구두·부츠 등),계약불이행(불완전이행)
2024009641,2024-02-19,여자,30 - 39세,서울특별시,기타통신판매,예식서비스,계약해제.해지/위약금
2024009643,2024-02-19,여자,30 - 39세,부산광역시,국내온라인거래,숙녀화(구두·부츠 등),계약불이행(불완전이행)
2024009644,2024-02-19,여자,40 - 49세,충청남도,국내온라인거래,유사투자자문,계약해제.해지/위약금
2024009645,2024-02-19,여자,40 - 49세,충청북도,일반판매,헬스장,계약해제.해지/위약금
2024009646,2024-02-19,여자,30 - 39세,경기도,일반판매,국내결혼중개,계약해제.해지/위약금
2024009647,2024-02-19,여자,50 - 59세,경상북도,일반판매,건강(암·기타질병)보험,계약불이행(불완전이행)
2024009648,2024-02-19,여자,40 - 49세,경기도,일반판매,미용서비스,계약불이행(불완전이행)
2024009649,2024-02-19,남자,60 - 64세,서울특별시,TV홈쇼핑,염색제,안전(제품/시설)
2024009650,2024-02-19,남자,30 - 39세,전라남도,국내온라인거래,신유형상품권,계약불이행(불완전이행)
2024009651,2024-02-19,남자,30 - 39세,서울특별시,일반판매,중형승용자동차,AS불만
2024009652,2024-02-19,여자,20 - 29세,서울특별시,국내온라인거래,기타이·미용서비스,계약해제.해지/위약금
2024009653,2024-02-19,여자,50 - 59세,경상남도,TV홈쇼핑,실손보험,약관
2024009654,2024-02-19,여자,30 - 39세,인천광역시,모바일거래,건물청소서비스,부당행위
2024009655,2024-02-19,여자,50 - 59세,부산광역시,일반판매,오토바이,품질(물품/용역)
2024009656,2024-02-22,여자,30 - 39세,경기도,일반판매,양복(서양식 의복)세탁,품질(물품/용역)
2024009658,2024-02-19,남자,30 - 39세,대구광역시,일반판매,필라테스,계약해제.해지/위약금
2024009659,2024-02-19,여자,60 - 64세,대구광역시,기타통신판매,건물청소서비스,계약불이행(불완전이행)
2024009660,2024-02-19,남자,불명,서울특별시,국내온라인거래,시계,계약해제.해지/위약금
2024009661,2024-02-19,남자,30 - 39세,서울특별시,국내온라인거래,침대,AS불만
2024009662,2024-02-19,여자,20 - 29세,서울특별시,모바일거래,인터넷교육서비스,계약해제.해지/위약금
2024009663,2024-02-19,남자,20 - 29세,경기도,일반판매,즉석조리식품,품질(물품/용역)
2024009664,2024-02-19,여자,30 - 39세,서울특별시,국내온라인거래,호텔,계약해제.해지/위약금
2024009665,2024-02-22,여자,50 - 59세,인천광역시,일반판매,점퍼·재킷류,품질(물품/용역)
2024009667,2024-02-19,여자,30 - 39세,경기도,일반판매,필라테스,계약해제.해지/위약금
2024009668,2024-02-19,남자,30 - 39세,서울특별시,모바일거래,기타자동차용품,청약철회
2024009669,2024-02-19,여자,20 - 29세,경기도,국내온라인거래,전기맛사지기,청약철회
2024009670,2024-02-19,여자,40 - 49세,경기도,일반판매,유사투자자문,계약불이행(불완전이행)
2024009671,2024-02-19,여자,20 - 29세,서울특별시,소셜커머스(쇼핑),캐주얼바지,청약철회
2024009672,2024-02-19,여자,40 - 49세,경기도,방문판매,방문교육,계약해제.해지/위약금
2024009674,2024-02-19,여자,30 - 39세,서울특별시,일반판매,자동차대여(렌트),계약해제.해지/위약금
2024009675,2024-02-19,여자,80세이상,울산광역시,일반판매,치과,품질(물품/용역)
2024009676,2024-02-19,여자,30 - 39세,서울특별시,국내온라인거래,점퍼·재킷류,청약철회
2024009677,2024-02-19,여자,20 - 29세,울산광역시,일반판매,피부과,계약해제.해지/위약금
2024009678,2024-02-19,여자,30 - 39세,대전광역시,일반판매,성형외과,계약해제.해지/위약금
2024009679,2024-02-22,여자,50 - 59세,대전광역시,일반판매,양복(서양식 의복)세탁,품질(물품/용역)
2024009680,2024-02-19,남자,40 - 49세,경기도,국내온라인거래,유아용카시트(안전의자),표시.광고
2024009681,2024-02-19,여자,60 - 64세,경기도,기타통신판매,기타의류·섬유,표시.광고
2024009682,2024-02-19,남자,40 - 49세,충청북도,모바일거래,기타숙박시설,계약불이행(불완전이행)
2024009683,2024-02-19,남자,50 - 59세,경기도,국내온라인거래,룸에어컨,계약해제.해지/위약금
2024009684,2024-02-19,여자,60 - 64세,서울특별시,일반판매,택배화물운송서비스,계약불이행(불완전이행)
2024009685,2024-02-19,여자,50 - 59세,충청남도,국내온라인거래,항공여객운송서비스,청약철회
2024009686,2024-02-19,남자,30 - 39세,경기도,기타통신판매,기타간편복,계약불이행(불완전이행)
2024009687,2024-02-19,남자,20 - 29세,대구광역시,일반판매,피부과,계약해제.해지/위약금
2024009689,2024-02-19,여자,60 - 64세,경상북도,국내온라인거래,국외여행,계약해제.해지/위약금
2024009690,2024-02-19,남자,30 - 39세,경기도,일반판매,전기프라이팬,계약해제.해지/위약금
2024009691,2024-02-19,여자,30 - 39세,충청남도,전화권유판매,인터넷교육서비스,계약해제.해지/위약금
2024009692,2024-02-19,여자,30 - 39세,경기도,일반판매,필라테스,계약해제.해지/위약금
2024009693,2024-02-19,여자,20 - 29세,서울특별시,소셜커머스(쇼핑),핸드백,계약불이행(불완전이행)
2024009694,2024-02-19,남자,40 - 49세,경기도,기타,중형승용자동차,품질(물품/용역)
2024009695,2024-02-22,여자,40 - 49세,서울특별시,국내온라인거래,점퍼·재킷류,품질(물품/용역)
2024009696,2024-02-22,여자,30 - 39세,경상남도,일반판매,양복(서양식 의복)세탁,품질(물품/용역)
2024009697,2024-02-19,남자,50 - 59세,경기도,일반판매,국외여행,계약불이행(불완전이행)
2024009698,2024-02-19,여자,40 - 49세,대구광역시,방문판매,인터넷교육서비스,계약해제.해지/위약금
2024009699,2024-02-19,여자,20 - 29세,부산광역시,일반판매,자동차수리·점검,AS불만
2024009700,2024-02-22,여자,30 - 39세,서울특별시,국내온라인거래,캐주얼바지,품질(물품/용역)
2024009702,2024-02-19,남자,40 - 49세,경기도,일반판매,소파,표시.광고
2024009703,2024-02-19,남자,65 - 69세,대구광역시,국내온라인거래,기타건강식품,계약불이행(불완전이행)
2024009704,2024-02-22,여자,30 - 39세,경기도,일반판매,티셔츠,품질(물품/용역)
2024009705,2024-02-19,여자,40 - 49세,전라북도,국내온라인거래,국외여행,안전(제품/시설)
2024009707,2024-02-27,남자,20 - 29세,경상남도,일반판매,양복(서양식 의복)세탁,품질(물품/용역)
2024009708,2024-02-19,여자,70 - 79세,서울특별시,일반판매,기타인테리어설비,계약불이행(불완전이행)
2024009709,2024-03-15,남자,20 - 29세,전라북도,소셜커머스(쇼핑),등산화,품질(물품/용역)
2024009710,2024-02-19,남자,40 - 49세,서울특별시,국내온라인거래,기타의료서비스,가격.요금
2024009711,2024-02-19,남자,30 - 39세,경기도,모바일거래,헤드폰·이어폰,계약불이행(불완전이행)
2024009712,2024-02-19,여자,60 - 64세,서울특별시,국내온라인거래,항공여객운송서비스,거래관행
2024009713,2024-02-19,남자,20 - 29세,세종특별자치시,일반판매,예식서비스,계약해제.해지/위약금
2024009715,2024-02-19,남자,10세 미만,경기도,일반판매,응급의학과,품질(물품/용역)
2024009716,2024-02-19,여자,50 - 59세,경기도,기타,국외여행,품질(물품/용역)
2024009717,2024-02-27,남자,30 - 39세,경상남도,일반판매,양복(서양식 의복)세탁,품질(물품/용역)
2024009718,2024-02-22,여자,30 - 39세,대구광역시,일반판매,양복(서양식 의복)세탁,품질(물품/용역)
2024009720,2024-02-19,남자,20 - 29세,경기도,국내온라인거래,머플러,표시.광고
2024009722,2024-02-19,남자,40 - 49세,경기도,모바일거래,바닥재·마루공사,안전(제품/시설)
2024009723,2024-02-19,여자,30 - 39세,경상남도,일반판매,기타사설강습서비스,계약해제.해지/위약금
2024009724,2024-02-19,여자,40 - 49세,인천광역시,기타,성형외과,계약해제.해지/위약금
2024009725,2024-02-19,남자,80세이상,경기도,일반판매,기타인테리어설비,품질(물품/용역)
2024009726,2024-02-19,여자,50 - 59세,서울특별시,기타,기타인테리어설비,품질(물품/용역)
2024009727,2024-02-19,여자,20 - 29세,충청북도,국내온라인거래,여행용가방,품질(물품/용역)
2024009729,2024-02-19,여자,30 - 39세,서울특별시,일반판매,변호서비스,계약해제.해지/위약금
2024009730,2024-02-19,여자,20 - 29세,경상북도,일반판매,미용서비스,계약불이행(불완전이행)
2024009731,2024-02-22,여자,50 - 59세,서울특별시,국내온라인거래,기타가방,품질(물품/용역)
2024009732,2024-02-19,남자,40 - 49세,경기도,일반판매,가스보일러,품질(물품/용역)
2024009733,2024-03-15,남자,40 - 49세,경기도,일반판매,신발세탁,계약불이행(불완전이행)
2024009734,2024-03-15,남자,40 - 49세,경기도,일반판매,신발세탁,계약불이행(불완전이행)
2024009735,2024-02-22,남자,40 - 49세,서울특별시,국내온라인거래,점퍼·재킷류,품질(물품/용역)
2024009737,2024-02-19,남자,30 - 39세,경기도,일반판매,자동차대여(렌트),AS불만
2024009738,2024-02-19,남자,65 - 69세,충청남도,일반판매,이동전화서비스,가격.요금
2024009741,2024-02-22,여자,50 - 59세,대구광역시,일반판매,합성피혁의류,품질(물품/용역)
2024009742,2024-02-22,남자,50 - 59세,대구광역시,국내온라인거래,점퍼·재킷류,품질(물품/용역)
2024009743,2024-02-19,남자,40 - 49세,충청남도,일반판매,자동차수리·점검,부당행위
2024009744,2024-02-22,남자,40 - 49세,서울특별시,일반판매,기타가방,품질(물품/용역)
2024009746,2024-02-19,남자,불명,서울특별시,국내온라인거래,스마트폰,계약불이행(불완전이행)
2024009748,2024-02-19,여자,30 - 39세,경기도,국내온라인거래,기타미분류서비스,부당행위
2024009749,2024-02-19,남자,40 - 49세,대구광역시,국내온라인거래,항공여객운송서비스,계약불이행(불완전이행)
2024009750,2024-02-19,여자,40 - 49세,서울특별시,국내온라인거래,보석·귀금속,계약불이행(불완전이행)
2024009751,2024-02-19,남자,30 - 39세,서울특별시,일반판매,국내결혼중개,계약해제.해지/위약금
2024009752,2024-02-19,남자,30 - 39세,경기도,일반판매,자동차수리·점검,품질(물품/용역)
2024009753,2024-02-19,여자,30 - 39세,경기도,방문판매,헬스장,계약해제.해지/위약금
2024009754,2024-02-19,여자,40 - 49세,경기도,국내온라인거래,기타육류·육류가공식품,계약불이행(불완전이행)
2024009755,2024-02-19,여자,40 - 49세,부산광역시,국내온라인거래,의자,품질(물품/용역)
2024009756,2024-02-19,여자,20 - 29세,인천광역시,국제온라인거래,항공여객운송서비스,가격.요금
2024009757,2024-02-19,남자,30 - 39세,서울특별시,일반판매,헬스장,계약해제.해지/위약금
2024009758,2024-02-19,여자,30 - 39세,경상북도,국내온라인거래,인터넷교육서비스,계약해제.해지/위약금
2024009759,2024-02-19,남자,30 - 39세,서울특별시,국내온라인거래,기타의류·섬유,청약철회
2024009760,2024-02-19,여자,40 - 49세,경기도,국내온라인거래,항공여객운송서비스,가격.요금
2024009761,2024-02-19,남자,30 - 39세,경기도,국내온라인거래,커피,계약불이행(불완전이행)
2024009762,2024-02-19,여자,30 - 39세,대전광역시,국내온라인거래,기타미분류서비스,부당행위
2024009763,2024-02-19,여자,20 - 29세,서울특별시,일반판매,초고속인터넷,AS불만
2024009764,2024-02-19,여자,20 - 29세,경상남도,국내온라인거래,캐주얼바지,청약철회
2024009765,2024-02-19,여자,40 - 49세,경상북도,국내온라인거래,소파,품질(물품/용역)
2024009766,2024-02-19,여자,20 - 29세,경기도,국내온라인거래,기타조명기기,청약철회
2024009767,2024-02-19,남자,30 - 39세,서울특별시,국내온라인거래,점퍼·재킷류,청약철회
2024009768,2024-02-19,여자,20 - 29세,서울특별시,기타,일반강습(입시학원등),계약해제.해지/위약금
2024009769,2024-02-19,여자,30 - 39세,대구광역시,방문판매,기타인테리어설비,계약해제.해지/위약금
2024009770,2024-02-19,남자,40 - 49세,경기도,국내온라인거래,헤드폰·이어폰,계약해제.해지/위약금
2024009771,2024-02-19,여자,50 - 59세,경기도,국내온라인거래,프라이팬,품질(물품/용역)
2024009772,2024-02-19,남자,10 - 19세,경기도,일반판매,헬스장,계약해제.해지/위약금
2024009773,2024-02-19,여자,20 - 29세,서울특별시,일반판매,헬스장,계약해제.해지/위약금
2024009774,2024-02-19,여자,30 - 39세,서울특별시,국내온라인거래,기타미분류서비스,부당행위
2024009775,2024-02-19,남자,30 - 39세,인천광역시,국내온라인거래,포장이사운송서비스,품질(물품/용역)
2024009776,2024-02-19,남자,20 - 29세,서울특별시,국내온라인거래,항공여객운송서비스,부당행위
2024009777,2024-02-19,남자,40 - 49세,경기도,모바일거래,호텔,가격.요금
2024009778,2024-02-19,남자,40 - 49세,경상남도,국내온라인거래,국외여행,계약불이행(불완전이행)
2024009779,2024-02-19,여자,40 - 49세,서울특별시,일반판매,피부·체형관리서비스,계약해제.해지/위약금
2024009780,2024-02-19,여자,20 - 29세,서울특별시,일반판매,필라테스,계약해제.해지/위약금
2024009781,2024-02-19,여자,30 - 39세,서울특별시,방문판매,필라테스,계약해제.해지/위약금
2024009782,2024-02-19,여자,30 - 39세,경상남도,일반판매,기타인테리어설비,AS불만
2024009783,2024-02-19,남자,20 - 29세,서울특별시,국내온라인거래,음식물처리기,청약철회
2024009784,2024-02-19,남자,30 - 39세,전라남도,국내온라인거래,숙녀화(구두·부츠 등),계약불이행(불완전이행)
2024009785,2024-02-19,남자,40 - 49세,경기도,국내온라인거래,커피메이커,AS불만
2024009786,2024-02-19,남자,20 - 29세,광주광역시,일반판매,헬스장,계약해제.해지/위약금
2024009787,2024-02-19,남자,65 - 69세,충청남도,국내온라인거래,항공여객운송서비스,계약해제.해지/위약금
2024009788,2024-02-19,남자,50 - 59세,경기도,국내온라인거래,곶감,청약철회
2024009789,2024-02-19,여자,30 - 39세,서울특별시,일반판매,CD·LD·DVD(영화·음악·게임),계약불이행(불완전이행)
2024009790,2024-02-19,남자,40 - 49세,경기도,기타통신판매,이동전화서비스,계약불이행(불완전이행)
2024009791,2024-02-19,여자,20 - 29세,경기도,일반판매,기타이·미용서비스,품질(물품/용역)
2024009792,2024-02-19,여자,30 - 39세,서울특별시,국내온라인거래,캐주얼바지,청약철회
2024009793,2024-02-19,남자,30 - 39세,경기도,방문판매,헬스장,계약해제.해지/위약금
2024009794,2024-02-19,여자,20 - 29세,대전광역시,일반판매,애완견,품질(물품/용역)
2024009795,2024-02-19,남자,60 - 64세,서울특별시,일반판매,이동전화서비스,계약해제.해지/위약금
2024009796,2024-02-19,여자,40 - 49세,서울특별시,방문판매,필라테스,계약해제.해지/위약금
2024009797,2024-02-19,여자,30 - 39세,서울특별시,국내온라인거래,기타문화용품,청약철회
2024009798,2024-02-19,여자,50 - 59세,부산광역시,기타,기타교육서비스,계약해제.해지/위약금
2024009799,2024-02-19,여자,30 - 39세,제주도,일반판매,헬스장,계약해제.해지/위약금
2024009800,2024-02-19,여자,20 - 29세,경기도,일반판매,일반강습(입시학원등),계약해제.해지/위약금
2024009801,2024-02-19,여자,30 - 39세,서울특별시,방문판매,기타전기,가격.요금
2024009802,2024-02-19,여자,20 - 29세,경기도,국내온라인거래,헤드폰·이어폰,청약철회
2024009803,2024-02-19,여자,30 - 39세,대구광역시,일반판매,항공여객운송서비스,부당행위
2024009804,2024-02-19,남자,40 - 49세,울산광역시,국내온라인거래,금속그릇,품질(물품/용역)
2024009805,2024-02-19,여자,40 - 49세,경기도,기타,포장이사운송서비스,계약불이행(불완전이행)
2024009806,2024-02-19,남자,50 - 59세,서울특별시,국내온라인거래,가스보일러,품질(물품/용역)
2024009807,2024-02-19,여자,20 - 29세,경기도,국내온라인거래,기타취미용품,계약불이행(불완전이행)
2024009808,2024-02-19,남자,30 - 39세,서울특별시,소셜커머스(쇼핑),헤어드라이어,계약해제.해지/위약금
2024009809,2024-02-19,여자,10세 미만,경기도,일반판매,기타일반화장품,품질(물품/용역)
2024009810,2024-02-19,남자,40 - 49세,경기도,TV홈쇼핑,기타조리기기·기구,품질(물품/용역)
2024009811,2024-02-19,여자,30 - 39세,경기도,일반판매,기타음식관련서비스,안전(제품/시설)
2024009812,2024-02-19,여자,50 - 59세,서울특별시,기타,미용서비스,품질(물품/용역)
2024009813,2024-02-19,여자,20 - 29세,대전광역시,방문판매,헬스장,계약해제.해지/위약금
2024009815,2024-02-19,남자,30 - 39세,경기도,국내온라인거래,기타미분류물품,품질(물품/용역)
2024009816,2024-02-19,여자,30 - 39세,부산광역시,일반판매,초고속인터넷,품질(물품/용역)
2024009817,2024-02-19,여자,40 - 49세,경기도,일반판매,미용서비스,청약철회
2024009818,2024-02-19,여자,40 - 49세,경기도,국내온라인거래,전기장판,표시.광고
2024009819,2024-02-19,남자,30 - 39세,경기도,방문판매,헬스장,계약해제.해지/위약금
2024009820,2024-02-19,여자,40 - 49세,서울특별시,국내온라인거래,코트,품질(물품/용역)
2024009821,2024-02-19,여자,40 - 49세,경기도,국내온라인거래,숙녀화(구두·부츠 등),계약불이행(불완전이행)
2024009822,2024-02-19,남자,50 - 59세,인천광역시,기타,정수기,품질(물품/용역)
2024009823,2024-02-19,여자,30 - 39세,경기도,소셜커머스(쇼핑),기타컴퓨터·주변기기,품질(물품/용역)
2024009824,2024-02-19,여자,30 - 39세,경기도,국내온라인거래,니트(스웨터),청약철회
2024009825,2024-02-19,여자,30 - 39세,대전광역시,모바일거래,기타미분류서비스,부당행위
2024009826,2024-02-19,여자,40 - 49세,경기도,국제온라인거래,국외여행,계약해제.해지/위약금
2024009827,2024-02-19,여자,20 - 29세,경기도,일반판매,요가,청약철회
2024009828,2024-02-19,여자,50 - 59세,인천광역시,일반판매,사진촬영,계약해제.해지/위약금
2024009829,2024-02-19,남자,30 - 39세,경기도,모바일거래,성기능향상기기,청약철회
2024009830,2024-02-19,남자,60 - 64세,인천광역시,일반판매,골프회원권,계약해제.해지/위약금
2024009831,2024-02-19,남자,30 - 39세,경기도,국내온라인거래,기타과일·과일가공식품,품질(물품/용역)
2024009832,2024-02-19,남자,40 - 49세,경기도,국내온라인거래,점퍼·재킷류,계약불이행(불완전이행)
2024009833,2024-02-19,여자,40 - 49세,경기도,국내온라인거래,기타인테리어설비,AS불만
2024009834,2024-02-19,여자,20 - 29세,경기도,국내온라인거래,미용서비스,계약불이행(불완전이행)
2024009835,2024-02-19,여자,30 - 39세,부산광역시,기타통신판매,니트(스웨터),청약철회
2024009836,2024-02-19,여자,40 - 49세,경기도,일반판매,전동칫솔,AS불만
2024009837,2024-02-19,남자,40 - 49세,경기도,전화권유판매,이동전화서비스,계약불이행(불완전이행)
2024009838,2024-02-19,여자,40 - 49세,서울특별시,기타,모바일게임서비스,청약철회
2024009839,2024-02-19,남자,40 - 49세,경기도,국제온라인거래,벨트,계약불이행(불완전이행)
2024009840,2024-02-19,여자,20 - 29세,서울특별시,일반판매,피부·체형관리서비스,청약철회
2024009841,2024-02-19,여자,20 - 29세,서울특별시,국내온라인거래,스포츠웨어,청약철회
2024009842,2024-02-19,남자,30 - 39세,부산광역시,일반판매,기타사설강습서비스,계약해제.해지/위약금
2024009843,2024-02-19,여자,20 - 29세,대전광역시,국내온라인거래,헬스장,계약해제.해지/위약금
2024009844,2024-02-19,여자,30 - 39세,경기도,일반판매,기타사설강습서비스,계약해제.해지/위약금
2024009845,2024-02-19,여자,40 - 49세,충청남도,기타통신판매,기타신발·용품,품질(물품/용역)
2024009846,2024-02-19,여자,20 - 29세,경기도,기타,헬스장,계약해제.해지/위약금
2024009847,2024-02-19,여자,30 - 39세,부산광역시,기타,기타인테리어설비,품질(물품/용역)
2024009848,2024-02-19,남자,30 - 39세,서울특별시,일반판매,변호서비스,계약해제.해지/위약금
2024009902,2024-02-20,여자,50 - 59세,서울특별시,일반판매,안마의자대여(렌트),계약불이행(불완전이행)
2024009903,2024-02-20,여자,20 - 29세,서울특별시,일반판매,한의원,계약해제.해지/위약금
2024009904,2024-02-20,여자,40 - 49세,경기도,국내온라인거래,전기장판,품질(물품/용역)
2024009905,2024-02-20,남자,50 - 59세,대구광역시,소셜커머스(쇼핑),라텍스매트리스,계약불이행(불완전이행)
2024009906,2024-02-20,남자,60 - 64세,서울특별시,국내온라인거래,기타컴퓨터·주변기기,품질(물품/용역)
2024009907,2024-02-20,여자,70 - 79세,강원특별자치도,기타,한의원,품질(물품/용역)
2024009909,2024-02-20,남자,20 - 29세,경기도,기타,비뇨의학과,계약해제.해지/위약금
2024009910,2024-02-20,남자,불명,광주광역시,국내온라인거래,쌀,품질(물품/용역)
2024009912,2024-02-20,여자,40 - 49세,경기도,기타,하수도위생서비스,계약불이행(불완전이행)
2024009913,2024-02-20,여자,40 - 49세,경기도,일반판매,의상대여(렌트),계약해제.해지/위약금
2024009914,2024-02-20,여자,60 - 64세,전라남도,일반판매,자동차대여(렌트),계약해제.해지/위약금
2024009915,2024-02-20,여자,20 - 29세,서울특별시,전화권유판매,유사투자자문,계약해제.해지/위약금
2024009916,2024-02-20,여자,30 - 39세,인천광역시,국내온라인거래,숙녀화(구두·부츠 등),계약불이행(불완전이행)
2024009917,2024-02-20,여자,30 - 39세,세종특별자치시,일반판매,기타가구,청약철회
2024009918,2024-02-20,여자,30 - 39세,대구광역시,모바일거래,숙녀화(구두·부츠 등),계약불이행(불완전이행)
2024009919,2024-02-20,여자,60 - 64세,서울특별시,일반판매,차량용블랙박스,표시.광고
2024009920,2024-02-20,남자,20 - 29세,경기도,모바일거래,자동차대여(렌트),계약해제.해지/위약금
2024009922,2024-02-20,남자,불명,부산광역시,국내온라인거래,인터넷정보이용서비스,청약철회
2024009924,2024-02-20,남자,40 - 49세,경기도,일반판매,타이어,계약불이행(불완전이행)
2024009925,2024-02-20,남자,30 - 39세,서울특별시,일반판매,헬스장,계약해제.해지/위약금
2024009926,2024-02-20,여자,50 - 59세,경상남도,모바일거래,숙녀화(구두·부츠 등),계약불이행(불완전이행)
2024009927,2024-02-20,남자,30 - 39세,제주도,국내온라인거래,쇠고기포장육,청약철회
2024009929,2024-02-20,여자,40 - 49세,경기도,소셜커머스(쇼핑),기타가사용품,계약불이행(불완전이행)
2024009930,2024-02-20,남자,40 - 49세,서울특별시,국내온라인거래,항공여객운송서비스,계약해제.해지/위약금
2024009931,2024-02-20,여자,65 - 69세,경기도,일반판매,호텔,안전(제품/시설)
2024009932,2024-02-20,여자,60 - 64세,대전광역시,국내온라인거래,기타미분류물품,품질(물품/용역)
2024009933,2024-02-20,여자,50 - 59세,서울특별시,일반판매,철도여객운송서비스,거래관행
2024009934,2024-02-20,남자,30 - 39세,충청남도,일반판매,예식서비스,계약해제.해지/위약금
2024009935,2024-02-20,여자,50 - 59세,대구광역시,일반판매,스프링매트리스,품질(물품/용역)
2024009936,2024-02-20,여자,30 - 39세,경기도,일반판매,항공여객운송서비스,계약불이행(불완전이행)
2024009937,2024-02-20,여자,30 - 39세,서울특별시,일반판매,필라테스,계약해제.해지/위약금
2024009938,2024-02-22,여자,70 - 79세,경상북도,일반판매,코트,품질(물품/용역)
2024009939,2024-02-20,여자,30 - 39세,인천광역시,국내온라인거래,서랍장,품질(물품/용역)
2024009940,2024-02-22,여자,50 - 59세,경기도,일반판매,캐주얼바지,품질(물품/용역)
2024009941,2024-02-20,남자,60 - 64세,충청북도,일반판매,항공여객운송서비스,품질(물품/용역)
2024009942,2024-02-20,남자,30 - 39세,경기도,국내온라인거래,기타자동차용품,품질(물품/용역)
2024009943,2024-02-20,여자,40 - 49세,충청남도,국내온라인거래,비타민제,청약철회
2024009944,2024-02-20,여자,65 - 69세,부산광역시,일반판매,실손보험,계약불이행(불완전이행)
2024009946,2024-02-20,남자,30 - 39세,인천광역시,일반판매,피부과,계약해제.해지/위약금
2024009947,2024-02-20,여자,30 - 39세,서울특별시,국내온라인거래,식사배달,품질(물품/용역)
2024009948,2024-02-20,남자,20 - 29세,경기도,일반판매,고시원이용,계약불이행(불완전이행)
2024009949,2024-02-20,여자,30 - 39세,경기도,국내온라인거래,기타신발·용품,계약불이행(불완전이행)
2024009950,2024-02-20,남자,50 - 59세,서울특별시,일반판매,실손보험,계약불이행(불완전이행)
2024009951,2024-02-20,여자,30 - 39세,경기도,일반판매,성형외과,계약해제.해지/위약금
2024009952,2024-02-20,여자,40 - 49세,강원특별자치도,국내온라인거래,보석·귀금속,계약불이행(불완전이행)
2024009953,2024-02-20,남자,40 - 49세,인천광역시,국내온라인거래,항공여객운송서비스,청약철회
2024009954,2024-02-20,남자,30 - 39세,경기도,일반판매,헤드폰·이어폰,계약불이행(불완전이행)
2024009956,2024-02-20,여자,70 - 79세,경상남도,일반판매,보청기,청약철회
2024009957,2024-02-20,남자,50 - 59세,서울특별시,방문판매,영화관람,청약철회
2024009958,2024-02-20,남자,60 - 64세,경기도,일반판매,종합체육시설회원권,계약해제.해지/위약금
2024009959,2024-02-20,여자,30 - 39세,부산광역시,일반판매,중고자동차중개·매매,AS불만
2024009960,2024-02-20,여자,불명,경상북도,일반판매,숙녀화(구두·부츠 등),계약불이행(불완전이행)
2024009961,2024-02-20,남자,30 - 39세,경기도,소셜커머스(쇼핑),쇠고기포장육,청약철회
2024009962,2024-02-20,남자,50 - 59세,인천광역시,일반판매,자동차대여(렌트),부당행위
2024009963,2024-02-20,여자,30 - 39세,서울특별시,소셜커머스(쇼핑),가구세트,청약철회
2024009964,2024-02-20,남자,50 - 59세,부산광역시,일반판매,건강(암·기타질병)보험,계약불이행(불완전이행)
2024009965,2024-02-20,여자,20 - 29세,서울특별시,일반판매,한의원,계약해제.해지/위약금
2024009966,2024-02-20,여자,20 - 29세,서울특별시,소셜커머스(쇼핑),사진촬영,계약불이행(불완전이행)
2024009967,2024-02-20,남자,40 - 49세,경기도,기타통신판매,기타숙박시설,계약해제.해지/위약금
2024009968,2024-02-20,남자,50 - 59세,경기도,국내온라인거래,정수기,계약해제.해지/위약금
2024009969,2024-02-20,여자,30 - 39세,경기도,일반판매,자동차대여(렌트),계약해제.해지/위약금
2024009970,2024-03-15,여자,65 - 69세,서울특별시,일반판매,운동화,품질(물품/용역)
2024009971,2024-02-20,남자,40 - 49세,인천광역시,국내온라인거래,기타신발·용품,표시.광고
2024009972,2024-02-20,남자,40 - 49세,전라북도,일반판매,건강(암·기타질병)보험,약관
2024009973,2024-02-20,여자,20 - 29세,경기도,일반판매,숙녀화(구두·부츠 등),계약해제.해지/위약금
2024009974,2024-02-20,남자,60 - 64세,전라북도,일반판매,종신보험,약관
2024009975,2024-02-22,남자,60 - 64세,부산광역시,일반판매,머플러,품질(물품/용역)
2024009976,2024-02-22,여자,20 - 29세,전라남도,일반판매,점퍼·재킷류,품질(물품/용역)
2024009977,2024-02-20,남자,20 - 29세,서울특별시,국내온라인거래,기타의류·섬유,청약철회
2024009979,2024-02-20,여자,30 - 39세,서울특별시,방문판매,건강(암·기타질병)보험,부당행위
2024009980,2024-03-15,여자,30 - 39세,경기도,일반판매,운동화,품질(물품/용역)
2024009983,2024-02-20,여자,60 - 64세,부산광역시,일반판매,해외유학알선,계약해제.해지/위약금
2024009984,2024-02-20,여자,20 - 29세,경상남도,일반판매,성형외과,품질(물품/용역)
2024009985,2024-02-22,여자,65 - 69세,경기도,일반판매,점퍼·재킷류,품질(물품/용역)
2024009986,2024-02-20,여자,60 - 64세,서울특별시,일반판매,가스보일러,품질(물품/용역)
2024009987,2024-02-20,여자,30 - 39세,인천광역시,일반판매,환풍기,AS불만
2024009988,2024-02-27,여자,불명,경기도,국내온라인거래,티셔츠,품질(물품/용역)
2024009992,2024-02-22,여자,65 - 69세,인천광역시,일반판매,점퍼·재킷류,품질(물품/용역)
2024009994,2024-02-20,여자,40 - 49세,서울특별시,국내온라인거래,기타자동차용품,품질(물품/용역)
2024009995,2024-02-20,여자,50 - 59세,울산광역시,일반판매,기타주방설비,품질(물품/용역)
2024009997,2024-02-29,여자,30 - 39세,충청북도,국내온라인거래,기타간편복,청약철회
2024009998,2024-02-20,남자,40 - 49세,부산광역시,일반판매,냄비,품질(물품/용역)
2024009999,2024-02-20,남자,60 - 64세,경상남도,일반판매,기타약품,품질(물품/용역)
2024010000,2024-02-20,남자,10 - 19세,경상남도,일반판매,외식,품질(물품/용역)
2024010001,2024-02-20,여자,40 - 49세,부산광역시,일반판매,공부방이용,계약해제.해지/위약금
2024010002,2024-02-20,남자,40 - 49세,경기도,소셜커머스(쇼핑),신유형상품권,부당행위
2024010003,2024-02-22,남자,30 - 39세,대구광역시,일반판매,양복(서양식 의복)세탁,품질(물품/용역)
2024010004,2024-02-20,남자,60 - 64세,서울특별시,방문판매,상조서비스,계약해제.해지/위약금
2024010005,2024-02-20,남자,30 - 39세,인천광역시,일반판매,중고자동차중개·매매,품질(물품/용역)
2024010007,2024-02-20,남자,40 - 49세,서울특별시,일반판매,미분류컨설팅(자문),계약해제.해지/위약금
2024010008,2024-02-20,남자,20 - 29세,서울특별시,일반판매,호텔,계약해제.해지/위약금
2024010010,2024-02-20,남자,40 - 49세,경기도,일반판매,아파트,AS불만
2024010011,2024-02-20,여자,70 - 79세,서울특별시,일반판매,도어록,계약해제.해지/위약금
2024010012,2024-02-20,여자,40 - 49세,서울특별시,전화권유판매,이동전화서비스,계약불이행(불완전이행)
2024010013,2024-02-29,여자,50 - 59세,서울특별시,일반판매,핸드백,품질(물품/용역)
2024010014,2024-02-20,여자,50 - 59세,서울특별시,모바일거래,카셰어링,AS불만
2024010015,2024-02-20,여자,40 - 49세,경기도,기타통신판매,모바일정보이용서비스,계약해제.해지/위약금
2024010016,2024-02-20,여자,20 - 29세,경기도,일반판매,펜션,계약해제.해지/위약금
2024010017,2024-02-20,남자,65 - 69세,서울특별시,전화권유판매,유사투자자문,계약해제.해지/위약금
2024010018,2024-02-27,여자,50 - 59세,경상남도,일반판매,핸드백,품질(물품/용역)
2024010019,2024-02-20,남자,40 - 49세,부산광역시,모바일거래,전기진공청소기,계약불이행(불완전이행)
2024010020,2024-02-20,여자,50 - 59세,인천광역시,국내온라인거래,온풍기,청약철회
2024010021,2024-02-20,남자,20 - 29세,광주광역시,일반판매,헬스장,계약불이행(불완전이행)
2024010022,2024-02-20,남자,60 - 64세,인천광역시,방문판매,기타여행,계약해제.해지/위약금
2024010023,2024-02-20,여자,(미입력),서울특별시,소셜커머스(쇼핑),기저귀,계약불이행(불완전이행)
2024010024,2024-02-20,남자,50 - 59세,경기도,국내온라인거래,살충제,계약불이행(불완전이행)
2024010025,2024-02-20,여자,40 - 49세,서울특별시,국내온라인거래,보석·귀금속,청약철회
2024010026,2024-02-20,여자,50 - 59세,경기도,국내온라인거래,태블릿PC,계약불이행(불완전이행)
2024010028,2024-02-20,여자,불명,서울특별시,일반판매,의상대여(렌트),계약해제.해지/위약금
2024010030,2024-02-20,여자,40 - 49세,전라남도,기타통신판매,사진촬영,계약해제.해지/위약금
2024010032,2024-02-20,여자,30 - 39세,서울특별시,국내온라인거래,국외여행,계약해제.해지/위약금
2024010033,2024-02-20,남자,30 - 39세,부산광역시,국내온라인거래,기타가구,계약불이행(불완전이행)
2024010034,2024-02-20,남자,40 - 49세,경기도,국내온라인거래,곶감,안전(제품/시설)
2024010035,2024-02-20,여자,40 - 49세,강원특별자치도,소셜커머스(쇼핑),숙녀화(구두·부츠 등),청약철회
2024010037,2024-02-20,여자,30 - 39세,서울특별시,국내온라인거래,숙녀복상의,청약철회
2024010038,2024-02-20,남자,40 - 49세,경기도,일반판매,하수도위생서비스,계약불이행(불완전이행)
2024010039,2024-02-20,여자,50 - 59세,대구광역시,일반판매,기타주거관리설비,계약불이행(불완전이행)
2024010040,2024-02-20,여자,20 - 29세,광주광역시,국내온라인거래,비타민제,계약불이행(불완전이행)
2024010041,2024-02-22,여자,40 - 49세,강원특별자치도,일반판매,점퍼·재킷류,품질(물품/용역)
2024010042,2024-02-27,여자,50 - 59세,경기도,일반판매,핸드백,품질(물품/용역)
2024010043,2024-02-20,여자,30 - 39세,서울특별시,국내온라인거래,국외여행,계약해제.해지/위약금
2024010044,2024-02-20,여자,30 - 39세,서울특별시,일반판매,필라테스,계약해제.해지/위약금
2024010045,2024-02-20,남자,30 - 39세,전라남도,국내온라인거래,인터넷정보이용서비스,계약불이행(불완전이행)
2024010046,2024-02-20,남자,20 - 29세,서울특별시,일반판매,기타모피·가죽의류,품질(물품/용역)
2024010047,2024-02-20,여자,40 - 49세,부산광역시,국내온라인거래,기타가방,계약불이행(불완전이행)
2024010048,2024-02-20,여자,30 - 39세,경기도,국내온라인거래,호텔,계약불이행(불완전이행)
2024010049,2024-02-20,남자,40 - 49세,인천광역시,국내온라인거래,전기면도기,계약해제.해지/위약금
2024010050,2024-02-20,남자,50 - 59세,전라남도,일반판매,기타신변용품,청약철회
2024010051,2024-02-20,남자,40 - 49세,경기도,일반판매,기타인테리어설비,품질(물품/용역)
2024010052,2024-02-20,여자,30 - 39세,강원특별자치도,방문판매,학습지,청약철회
2024010053,2024-02-20,남자,30 - 39세,경기도,일반판매,인터넷게임서비스,부당행위
2024010054,2024-02-20,여자,20 - 29세,서울특별시,일반판매,해외유학알선,계약불이행(불완전이행)
2024010055,2024-02-20,남자,20 - 29세,서울특별시,국내온라인거래,호텔,청약철회
2024010056,2024-02-20,남자,30 - 39세,대구광역시,기타,유모차,단순문의.상담
2024010057,2024-02-20,여자,30 - 39세,대전광역시,일반판매,기타세탁서비스,품질(물품/용역)
2024010058,2024-02-20,여자,60 - 64세,경상북도,전화권유판매,유사투자자문,계약불이행(불완전이행)
2024010059,2024-02-20,여자,40 - 49세,인천광역시,일반판매,피자,품질(물품/용역)
2024010060,2024-02-20,여자,20 - 29세,서울특별시,일반판매,포장이사운송서비스,품질(물품/용역)
2024010061,2024-02-20,남자,40 - 49세,경상북도,소셜커머스(쇼핑),보석·귀금속,청약철회
2024010062,2024-02-20,남자,40 - 49세,대구광역시,방문판매,국내결혼중개,계약해제.해지/위약금
2024010063,2024-02-20,여자,30 - 39세,부산광역시,국내온라인거래,기타신발·용품,계약불이행(불완전이행)
2024010064,2024-02-20,여자,30 - 39세,제주도,국내온라인거래,항공여객운송서비스,청약철회
2024010065,2024-02-20,남자,50 - 59세,경상북도,국내온라인거래,티셔츠,청약철회
2024010066,2024-02-20,여자,50 - 59세,울산광역시,일반판매,싱크대,계약불이행(불완전이행)
2024010067,2024-02-20,여자,30 - 39세,경기도,소셜커머스(쇼핑),전기스위치,계약해제.해지/위약금
2024010068,2024-02-20,남자,20 - 29세,경기도,국제온라인거래,항공여객운송서비스,계약해제.해지/위약금
2024010069,2024-02-20,여자,50 - 59세,경기도,일반판매,모피·모피의류,품질(물품/용역)
2024010070,2024-02-20,여자,20 - 29세,인천광역시,기타,헬스장,계약해제.해지/위약금
2024010071,2024-02-20,여자,40 - 49세,대구광역시,국내온라인거래,각종공연관람,부당행위
2024010072,2024-02-20,여자,30 - 39세,경기도,국내온라인거래,기타숙박시설,품질(물품/용역)
2024010073,2024-02-20,남자,30 - 39세,경상북도,국내온라인거래,기타컴퓨터·주변기기,부당행위
2024010074,2024-02-20,여자,30 - 39세,경상남도,국내온라인거래,기타신발·용품,표시.광고
2024010075,2024-02-20,여자,20 - 29세,경기도,국내온라인거래,기타신발·용품,계약불이행(불완전이행)
2024010076,2024-02-20,남자,30 - 39세,경기도,일반판매,예식서비스,청약철회
2024010077,2024-02-20,남자,30 - 39세,강원특별자치도,일반판매,헬스장,계약해제.해지/위약금
2024010078,2024-02-20,여자,40 - 49세,대구광역시,국내온라인거래,운동화,품질(물품/용역)
2024010079,2024-02-20,여자,30 - 39세,인천광역시,일반판매,기타인테리어설비,계약해제.해지/위약금
2024010080,2024-02-20,여자,20 - 29세,경기도,일반판매,필라테스,계약해제.해지/위약금
2024010081,2024-02-20,여자,40 - 49세,인천광역시,일반판매,기타주류,청약철회
2024010082,2024-02-20,여자,30 - 39세,서울특별시,국내온라인거래,항공여객운송서비스,가격.요금
2024010083,2024-02-20,여자,30 - 39세,서울특별시,일반판매,정수기,AS불만
2024010084,2024-02-20,남자,50 - 59세,경상북도,일반판매,포장이사운송서비스,계약불이행(불완전이행)
2024010085,2024-02-20,남자,70 - 79세,서울특별시,국내온라인거래,기타신발·용품,품질(물품/용역)
2024010086,2024-02-20,남자,20 - 29세,세종특별자치시,일반판매,헬스장,계약해제.해지/위약금
2024010087,2024-02-20,여자,20 - 29세,서울특별시,국내온라인거래,캐주얼바지,청약철회
2024010088,2024-02-20,여자,20 - 29세,서울특별시,일반판매,양복(서양식 의복)세탁,품질(물품/용역)
2024010089,2024-02-20,남자,40 - 49세,경기도,국내온라인거래,"OTT서비스(넷플릭스,왓챠 등)",계약해제.해지/위약금
2024010090,2024-02-20,남자,40 - 49세,경기도,국제온라인거래,박스(포장용),계약불이행(불완전이행)
2024010091,2024-02-20,남자,30 - 39세,전라북도,국내온라인거래,모바일게임서비스,청약철회
2024010092,2024-02-20,여자,40 - 49세,제주도,국내온라인거래,호텔,계약해제.해지/위약금
2024010093,2024-02-20,여자,40 - 49세,서울특별시,기타통신판매,국내여행,계약해제.해지/위약금
2024010094,2024-02-20,여자,30 - 39세,경기도,국내온라인거래,항공여객운송서비스,가격.요금
2024010095,2024-02-20,남자,65 - 69세,강원특별자치도,국내온라인거래,싱크대,부당행위
2024010096,2024-02-20,여자,50 - 59세,대구광역시,소셜커머스(쇼핑),기타어패류·어패류가공식품,계약불이행(불완전이행)
2024010097,2024-02-20,여자,40 - 49세,서울특별시,일반판매,점퍼·재킷류,품질(물품/용역)
2024010098,2024-02-20,남자,50 - 59세,서울특별시,기타,기타미분류서비스,청약철회
2024010099,2024-02-20,여자,20 - 29세,부산광역시,국내온라인거래,점퍼·재킷류,청약철회
2024010100,2024-02-20,여자,40 - 49세,제주도,일반판매,헬스장,계약해제.해지/위약금
2024010101,2024-02-20,남자,20 - 29세,대구광역시,국내온라인거래,기타식품류,청약철회
2024010102,2024-02-20,남자,40 - 49세,대전광역시,소셜커머스(쇼핑),가스보일러,품질(물품/용역)
2024010103,2024-02-20,남자,30 - 39세,경기도,일반판매,전기진공청소기,계약불이행(불완전이행)
2024010104,2024-02-20,여자,40 - 49세,경상북도,국내온라인거래,소파,청약철회
2024010105,2024-02-20,남자,30 - 39세,충청북도,국내온라인거래,전기온수장판,품질(물품/용역)
2024010106,2024-02-20,남자,20 - 29세,서울특별시,일반판매,헬스장,계약해제.해지/위약금
2024010107,2024-02-20,여자,30 - 39세,광주광역시,국내온라인거래,화장품세트,품질(물품/용역)
2024010108,2024-02-20,여자,40 - 49세,서울특별시,국내온라인거래,인터넷교육서비스,부당행위
2024010109,2024-02-20,남자,20 - 29세,전라남도,기타통신판매,CCTV,청약철회
2024010110,2024-02-20,남자,30 - 39세,경기도,일반판매,일반강습(입시학원등),계약해제.해지/위약금
2024010111,2024-02-20,여자,20 - 29세,부산광역시,국내온라인거래,기타숙박시설,계약해제.해지/위약금
2024010112,2024-02-20,여자,30 - 39세,충청북도,일반판매,건물청소서비스,계약불이행(불완전이행)
2024010113,2024-02-20,여자,30 - 39세,경기도,전화권유판매,기타정보이용서비스,계약해제.해지/위약금
2024010114,2024-02-20,여자,20 - 29세,인천광역시,일반판매,코트,청약철회
2024010115,2024-02-20,여자,20 - 29세,울산광역시,소셜커머스(쇼핑),음식물처리기,AS불만
2024010116,2024-02-20,여자,60 - 64세,강원특별자치도,방문판매,코트,청약철회
2024010117,2024-02-20,여자,30 - 39세,경기도,국내온라인거래,유리·크리스탈그릇,안전(제품/시설)
2024010118,2024-02-20,남자,30 - 39세,광주광역시,국내온라인거래,인터넷정보이용서비스,부당행위
2024010119,2024-02-20,여자,40 - 49세,인천광역시,국내온라인거래,기타육류·육류가공식품,품질(물품/용역)
2024010120,2024-02-20,여자,30 - 39세,서울특별시,일반판매,필라테스,계약해제.해지/위약금
2024010122,2024-02-20,여자,30 - 39세,경기도,국내온라인거래,전기장판,품질(물품/용역)
2024010123,2024-02-20,남자,30 - 39세,경기도,국제온라인거래,항공여객운송서비스,계약해제.해지/위약금
2024010124,2024-02-20,남자,70 - 79세,대구광역시,일반판매,초고속인터넷,부당행위
2024010125,2024-02-20,남자,30 - 39세,대전광역시,국내온라인거래,펜션,계약해제.해지/위약금
2024010126,2024-02-20,남자,30 - 39세,전라남도,일반판매,골프회원권,안전(제품/시설)
2024010127,2024-02-20,남자,40 - 49세,경상북도,기타,경비·관리서비스,계약해제.해지/위약금
2024010128,2024-02-20,여자,30 - 39세,인천광역시,기타통신판매,사진촬영,계약해제.해지/위약금
2024010129,2024-02-20,여자,20 - 29세,경상남도,국내온라인거래,숙녀화(구두·부츠 등),계약불이행(불완전이행)
2024010130,2024-02-20,남자,20 - 29세,서울특별시,방문판매,헬스장,계약불이행(불완전이행)
2024010131,2024-02-20,여자,70 - 79세,서울특별시,국내온라인거래,재봉틀,품질(물품/용역)
2024010132,2024-02-20,여자,40 - 49세,충청남도,전화권유판매,기타매체광고,부당채권추심
2024010133,2024-02-20,남자,30 - 39세,전라남도,국내온라인거래,미분류컨설팅(자문),계약해제.해지/위약금
2024010134,2024-02-20,여자,40 - 49세,경기도,국내온라인거래,비타민제,계약불이행(불완전이행)
2024010135,2024-02-20,여자,50 - 59세,경상북도,일반판매,전기온수기,품질(물품/용역)
2024010136,2024-02-20,남자,30 - 39세,서울특별시,소셜커머스(쇼핑),가습기,품질(물품/용역)
2024010137,2024-02-20,여자,10세 미만,부산광역시,국내온라인거래,호텔,계약해제.해지/위약금
2024010138,2024-02-20,남자,30 - 39세,서울특별시,모바일거래,사진촬영,계약불이행(불완전이행)
2024010139,2024-02-20,남자,40 - 49세,서울특별시,국내온라인거래,항공여객운송서비스,계약해제.해지/위약금
2024010140,2024-02-20,남자,65 - 69세,서울특별시,기타,아파트,AS불만
2024010141,2024-02-20,남자,30 - 39세,전라북도,국내온라인거래,점퍼·재킷류,계약불이행(불완전이행)
2024010142,2024-02-20,남자,50 - 59세,경상남도,TV홈쇼핑,기타미분류물품,청약철회
2024010143,2024-02-20,여자,30 - 39세,경상남도,일반판매,기타수선·염색서비스,품질(물품/용역)
2024010144,2024-02-20,여자,20 - 29세,서울특별시,일반판매,유치원,청약철회
2024010145,2024-02-20,남자,10 - 19세,경상북도,국내온라인거래,태블릿PC,계약불이행(불완전이행)
2024010146,2024-02-20,여자,20 - 29세,경기도,국내온라인거래,유아복,청약철회
2024010147,2024-02-20,남자,20 - 29세,서울특별시,일반판매,보석·귀금속,청약철회
2024010148,2024-02-20,남자,30 - 39세,대구광역시,소셜커머스(쇼핑),기타내의류,청약철회
2024010149,2024-02-20,여자,20 - 29세,서울특별시,소셜커머스(쇼핑),기타일반화장품,계약해제.해지/위약금
2024010150,2024-02-20,남자,30 - 39세,경기도,국제온라인거래,항공여객운송서비스,청약철회
2024010151,2024-02-20,여자,30 - 39세,경기도,모바일거래,이동전화서비스,계약해제.해지/위약금
2024010152,2024-02-20,여자,50 - 59세,인천광역시,일반판매,무스탕,계약불이행(불완전이행)
2024010153,2024-02-20,여자,40 - 49세,인천광역시,전화권유판매,인터넷교육서비스,청약철회
2024010154,2024-02-20,남자,40 - 49세,경기도,소셜커머스(쇼핑),트레이닝기구,AS불만
2024010155,2024-02-20,여자,40 - 49세,경기도,일반판매,공중목욕탕,부당행위
2024010156,2024-02-20,여자,40 - 49세,광주광역시,일반판매,포장이사운송서비스,부당행위
2024010157,2024-02-20,여자,40 - 49세,경기도,국내온라인거래,기타놀이·게임기구,표시.광고
2024010158,2024-02-20,여자,30 - 39세,경기도,일반판매,전산강습,계약해제.해지/위약금
2024010159,2024-02-20,여자,20 - 29세,서울특별시,소셜커머스(쇼핑),헬스장,계약해제.해지/위약금
2024010160,2024-02-20,남자,40 - 49세,서울특별시,기타,포장이사운송서비스,계약해제.해지/위약금
2024010161,2024-02-20,여자,20 - 29세,인천광역시,기타,메이크업강습,계약해제.해지/위약금
2024010162,2024-02-21,여자,불명,전라북도,국내온라인거래,기타신발·용품,계약불이행(불완전이행)
2024010163,2024-02-21,여자,50 - 59세,부산광역시,방문판매,실손보험,계약불이행(불완전이행)
2024010164,2024-02-21,남자,40 - 49세,부산광역시,국내온라인거래,티셔츠,계약해제.해지/위약금
2024010165,2024-02-21,여자,30 - 39세,서울특별시,기타통신판매,기타미분류물품,계약불이행(불완전이행)
2024010166,2024-02-21,여자,30 - 39세,경기도,국내온라인거래,항공여객운송서비스,거래관행
2024010167,2024-02-21,남자,30 - 39세,경기도,전화권유판매,기타회원권,계약해제.해지/위약금
2024010168,2024-02-21,여자,40 - 49세,경기도,소셜커머스(쇼핑),숙녀화(구두·부츠 등),계약불이행(불완전이행)
2024010170,2024-02-21,여자,40 - 49세,서울특별시,일반판매,외식,표시.광고
2024010173,2024-02-21,여자,20 - 29세,경기도,기타,한의원,품질(물품/용역)
2024010174,2024-02-21,남자,65 - 69세,경기도,방문판매,실손보험,계약불이행(불완전이행)
2024010175,2024-02-21,남자,40 - 49세,대전광역시,일반판매,자동차수리·점검,계약불이행(불완전이행)
2024010176,2024-02-21,남자,70 - 79세,서울특별시,국내온라인거래,침대,계약불이행(불완전이행)
2024010177,2024-02-21,남자,30 - 39세,경기도,기타통신판매,인터넷게임서비스,청약철회
2024010178,2024-02-21,남자,50 - 59세,경기도,일반판매,중형승용자동차,AS불만
2024010179,2024-02-21,남자,30 - 39세,부산광역시,국내온라인거래,호텔,계약해제.해지/위약금
2024010180,2024-02-29,여자,20 - 29세,경기도,일반판매,기타간편복,품질(물품/용역)
2024010181,2024-02-21,남자,40 - 49세,서울특별시,기타통신판매,자동차주차장,부당행위
2024010182,2024-02-21,여자,60 - 64세,경기도,국내온라인거래,쇠고기,청약철회
2024010183,2024-02-21,남자,40 - 49세,세종특별자치시,일반판매,헬스장,계약해제.해지/위약금
2024010184,2024-03-05,남자,50 - 59세,충청북도,국내온라인거래,니트(스웨터),품질(물품/용역)
2024010186,2024-02-21,남자,60 - 64세,경기도,일반판매,냉장고,AS불만
2024010187,2024-02-21,여자,20 - 29세,경기도,일반판매,헬스장,계약해제.해지/위약금
2024010189,2024-02-21,여자,40 - 49세,대전광역시,일반판매,어린이용한복,계약불이행(불완전이행)
2024010190,2024-02-21,여자,30 - 39세,경기도,일반판매,헬스장,계약해제.해지/위약금
2024010191,2024-02-21,여자,40 - 49세,경상북도,소셜커머스(쇼핑),기타신발·용품,계약불이행(불완전이행)
2024010192,2024-02-21,여자,65 - 69세,서울특별시,일반판매,통신기기주변장치,품질(물품/용역)
2024010194,2024-02-21,여자,30 - 39세,서울특별시,국내온라인거래,건물청소서비스,청약철회
2024010196,2024-02-21,여자,30 - 39세,전라남도,방문판매,인터넷교육서비스,계약해제.해지/위약금
2024010197,2024-02-21,여자,40 - 49세,광주광역시,국내온라인거래,스마트폰,계약불이행(불완전이행)
2024010198,2024-02-21,남자,60 - 64세,경상남도,일반판매,골프용품,계약해제.해지/위약금
2024010199,2024-02-21,남자,50 - 59세,경기도,전화권유판매,기타미분류서비스,계약불이행(불완전이행)
2024010200,2024-02-21,여자,50 - 59세,강원특별자치도,모바일거래,신유형상품권,계약불이행(불완전이행)
2024010201,2024-02-21,여자,30 - 39세,서울특별시,일반판매,국내결혼중개,계약불이행(불완전이행)
2024010202,2024-02-21,여자,20 - 29세,경기도,일반판매,헬스장,계약해제.해지/위약금
2024010203,2024-02-21,여자,50 - 59세,경기도,일반판매,실손보험,계약불이행(불완전이행)
2024010204,2024-02-21,여자,40 - 49세,서울특별시,국내온라인거래,비타민제,계약불이행(불완전이행)
2024010205,2024-02-21,남자,30 - 39세,서울특별시,국내온라인거래,안마의자,품질(물품/용역)
2024010206,2024-02-29,남자,60 - 64세,전라북도,일반판매,캐주얼바지,품질(물품/용역)
2024010207,2024-02-21,여자,30 - 39세,부산광역시,국내온라인거래,자동차대여(렌트),표시.광고
2024010208,2024-02-21,여자,65 - 69세,경기도,일반판매,정형외과,품질(물품/용역)
2024010210,2024-02-21,남자,50 - 59세,경기도,일반판매,자동차보험,계약불이행(불완전이행)
2024010211,2024-02-21,남자,40 - 49세,경기도,모바일거래,전동킥보드,AS불만
2024010212,2024-02-21,여자,40 - 49세,경상남도,일반판매,피부·체형관리서비스,계약해제.해지/위약금
2024010213,2024-02-21,남자,50 - 59세,경상남도,일반판매,커피,계약불이행(불완전이행)
2024010214,2024-02-21,여자,65 - 69세,울산광역시,일반판매,소파,품질(물품/용역)
2024010215,2024-02-21,남자,40 - 49세,경상남도,국내온라인거래,노트북컴퓨터,품질(물품/용역)
2024010216,2024-02-21,여자,50 - 59세,부산광역시,국내온라인거래,유사투자자문,계약해제.해지/위약금
2024010217,2024-02-21,남자,20 - 29세,부산광역시,일반판매,라텍스매트리스,품질(물품/용역)
2024010218,2024-02-21,남자,40 - 49세,대전광역시,일반판매,치과,계약불이행(불완전이행)
2024010219,2024-02-21,여자,40 - 49세,경기도,국내온라인거래,TV,품질(물품/용역)
2024010221,2024-02-21,여자,50 - 59세,인천광역시,일반판매,요가,계약해제.해지/위약금
2024010222,2024-02-21,남자,30 - 39세,서울특별시,소셜커머스(쇼핑),신유형상품권,계약해제.해지/위약금
2024010224,2024-02-21,남자,65 - 69세,대구광역시,기타통신판매,IPTV,부당행위
2024010225,2024-02-21,남자,30 - 39세,경기도,국내온라인거래,신유형상품권,계약불이행(불완전이행)
2024010226,2024-02-21,여자,50 - 59세,경기도,일반판매,초고속인터넷,거래관행
2024010227,2024-02-21,여자,30 - 39세,서울특별시,국내온라인거래,식기세척기,계약불이행(불완전이행)
2024010228,2024-02-21,남자,40 - 49세,경상북도,일반판매,모바일게임서비스,부당행위
2024010229,2024-02-29,여자,50 - 59세,충청남도,일반판매,핸드백,품질(물품/용역)
2024010230,2024-02-21,여자,40 - 49세,경상남도,일반판매,싱크대,품질(물품/용역)
2024010231,2024-03-05,여자,50 - 59세,세종특별자치시,일반판매,운동화,품질(물품/용역)
2024010232,2024-02-21,여자,40 - 49세,경기도,전화권유판매,인터넷정보이용서비스,계약해제.해지/위약금
2024010233,2024-02-21,여자,불명,경기도,국내온라인거래,기타신발·용품,계약불이행(불완전이행)
2024010234,2024-02-21,남자,40 - 49세,경기도,국내온라인거래,인터넷정보이용서비스,계약불이행(불완전이행)
2024010235,2024-02-21,여자,50 - 59세,부산광역시,일반판매,포장이사운송서비스,부당행위
2024010236,2024-02-21,남자,불명,전라북도,기타,기타여행,계약해제.해지/위약금
2024010237,2024-02-21,여자,30 - 39세,강원특별자치도,국내온라인거래,숙녀화(구두·부츠 등),청약철회
2024010238,2024-02-21,여자,30 - 39세,서울특별시,일반판매,카셰어링,부당행위
2024010239,2024-02-21,남자,40 - 49세,경기도,국내온라인거래,룸에어컨,계약불이행(불완전이행)
2024010240,2024-02-21,남자,50 - 59세,서울특별시,방문판매,유사투자자문,계약해제.해지/위약금
2024010241,2024-02-21,남자,30 - 39세,광주광역시,기타,기타미분류서비스,계약해제.해지/위약금
2024010244,2024-02-21,남자,40 - 49세,제주도,국내온라인거래,기타가사용품,안전(제품/시설)
2024010245,2024-02-21,남자,50 - 59세,서울특별시,기타통신판매,유사투자자문,계약해제.해지/위약금
2024010246,2024-02-21,여자,40 - 49세,경기도,방문판매,실손보험,계약불이행(불완전이행)
2024010247,2024-02-21,남자,50 - 59세,인천광역시,TV홈쇼핑,기타조리기기·기구,품질(물품/용역)
2024010248,2024-02-29,여자,30 - 39세,경상북도,일반판매,양복(서양식 의복)세탁,품질(물품/용역)
2024010249,2024-02-21,여자,30 - 39세,경기도,일반판매,필라테스,계약불이행(불완전이행)
2024010251,2024-03-05,여자,70 - 79세,경기도,일반판매,숙녀화(구두·부츠 등),품질(물품/용역)
2024010252,2024-02-21,남자,50 - 59세,경기도,일반판매,환풍기,품질(물품/용역)
2024010253,2024-02-21,여자,30 - 39세,서울특별시,일반판매,성형외과,계약해제.해지/위약금
2024010255,2024-02-21,여자,30 - 39세,경기도,국내온라인거래,숙녀복세트,계약해제.해지/위약금
2024010256,2024-02-21,여자,30 - 39세,경기도,일반판매,피부과,계약해제.해지/위약금
2024010257,2024-02-21,남자,40 - 49세,경상북도,방문판매,실손보험,계약불이행(불완전이행)
2024010259,2024-02-21,여자,70 - 79세,부산광역시,방문판매,상조서비스,계약해제.해지/위약금
2024010260,2024-02-21,남자,40 - 49세,경상남도,일반판매,즉석조리식품,안전(제품/시설)
2024010261,2024-02-21,남자,30 - 39세,경기도,국내온라인거래,숙녀화(구두·부츠 등),계약불이행(불완전이행)
2024010263,2024-02-21,여자,40 - 49세,서울특별시,일반판매,감귤,계약불이행(불완전이행)
2024010266,2024-02-21,남자,50 - 59세,서울특별시,모바일거래,호텔,청약철회
2024010267,2024-02-21,여자,50 - 59세,대전광역시,일반판매,외식,안전(제품/시설)
2024010268,2024-02-21,남자,40 - 49세,경기도,국내온라인거래,국외여행,계약불이행(불완전이행)
2024010269,2024-02-21,여자,30 - 39세,경상남도,국내온라인거래,비타민제,계약해제.해지/위약금
2024010270,2024-02-21,여자,10 - 19세,서울특별시,기타,이동전화서비스,가격.요금
2024010271,2024-02-21,여자,30 - 39세,서울특별시,모바일거래,항공여객운송서비스,청약철회
2024010272,2024-02-21,여자,40 - 49세,경기도,방문판매,애완견,계약해제.해지/위약금
2024010273,2024-02-21,여자,30 - 39세,경기도,국내온라인거래,호텔,계약해제.해지/위약금
2024010274,2024-02-21,여자,40 - 49세,경기도,일반판매,미용서비스,계약해제.해지/위약금
2024010275,2024-02-21,여자,40 - 49세,경기도,국제온라인거래,코트,단순문의.상담
2024010276,2024-02-21,여자,20 - 29세,경기도,일반판매,스마트폰,AS불만
2024010277,2024-02-21,여자,20 - 29세,경기도,국내온라인거래,전기맛사지기,AS불만
2024010278,2024-02-21,여자,40 - 49세,울산광역시,일반판매,안경·안경테,가격.요금
2024010279,2024-02-21,남자,30 - 39세,경기도,일반판매,헬스장,계약해제.해지/위약금
2024010280,2024-02-21,남자,30 - 39세,경상남도,모바일거래,양복(서양식 의복)세탁,계약불이행(불완전이행)
2024010281,2024-02-21,여자,30 - 39세,부산광역시,국내온라인거래,가구세트,계약불이행(불완전이행)
2024010282,2024-02-21,여자,50 - 59세,울산광역시,기타통신판매,감귤,품질(물품/용역)
2024010283,2024-02-21,남자,30 - 39세,충청북도,방문판매,학습지,계약해제.해지/위약금
2024010284,2024-02-21,여자,30 - 39세,인천광역시,모바일거래,항공여객운송서비스,가격.요금
2024010285,2024-02-21,남자,20 - 29세,경기도,국내온라인거래,자동차주차장,계약해제.해지/위약금
2024010286,2024-02-21,남자,40 - 49세,경기도,기타,기타매체광고,계약해제.해지/위약금
2024010287,2024-02-21,남자,40 - 49세,서울특별시,일반판매,산후조리원,안전(제품/시설)
2024010288,2024-02-21,남자,50 - 59세,광주광역시,기타,국내결혼중개,계약해제.해지/위약금
2024010289,2024-02-21,남자,30 - 39세,서울특별시,기타통신판매,기타매체광고,계약해제.해지/위약금
2024010290,2024-02-21,여자,40 - 49세,대전광역시,국내온라인거래,기타숙박시설,안전(제품/시설)
2024010291,2024-02-21,여자,30 - 39세,대구광역시,국제온라인거래,숙녀화(구두·부츠 등),청약철회
2024010292,2024-02-21,남자,30 - 39세,경기도,일반판매,미용서비스,가격.요금
2024010293,2024-02-21,여자,20 - 29세,서울특별시,모바일거래,헤드폰·이어폰,가격.요금
2024010294,2024-02-21,남자,40 - 49세,경기도,기타,기타미분류서비스,계약해제.해지/위약금
2024010295,2024-02-21,여자,20 - 29세,서울특별시,방문판매,미용서비스,계약해제.해지/위약금
2024010296,2024-02-21,남자,50 - 59세,경기도,국내온라인거래,전기진공청소기,표시.광고
2024010297,2024-02-21,남자,30 - 39세,서울특별시,기타,기타주방설비,AS불만
2024010298,2024-02-21,남자,30 - 39세,서울특별시,국제온라인거래,조립완구,청약철회
2024010299,2024-02-21,여자,30 - 39세,경상남도,국내온라인거래,도서·음반대여(렌트),청약철회
2024010300,2024-02-21,여자,20 - 29세,서울특별시,국내온라인거래,숙녀화(구두·부츠 등),청약철회
2024010301,2024-02-21,여자,20 - 29세,서울특별시,기타,신발세탁,계약불이행(불완전이행)
2024010302,2024-02-21,남자,30 - 39세,경상남도,국내온라인거래,항공여객운송서비스,계약불이행(불완전이행)
2024010303,2024-02-21,남자,40 - 49세,충청북도,기타,보조배터리,품질(물품/용역)
2024010304,2024-02-21,여자,30 - 39세,경기도,방문판매,학습지,계약해제.해지/위약금
2024010305,2024-02-21,남자,40 - 49세,울산광역시,일반판매,신유형상품권,부당행위
2024010306,2024-02-21,남자,50 - 59세,경기도,국제온라인거래,전기진공청소기,가격.요금
2024010307,2024-02-21,여자,30 - 39세,경기도,국내온라인거래,항공여객운송서비스,계약해제.해지/위약금
2024010308,2024-02-21,남자,50 - 59세,서울특별시,일반판매,시계,AS불만
2024010309,2024-02-21,남자,40 - 49세,경상북도,국내온라인거래,기타정보이용서비스,계약불이행(불완전이행)
2024010310,2024-02-21,여자,60 - 64세,경기도,모바일거래,정수기대여(렌트),품질(물품/용역)
2024010311,2024-02-21,여자,30 - 39세,서울특별시,국내온라인거래,전기요,청약철회
2024010312,2024-02-21,남자,30 - 39세,서울특별시,일반판매,골프회원권,계약해제.해지/위약금
2024010313,2024-02-21,남자,50 - 59세,충청남도,국내온라인거래,전자게임기구,청약철회
2024010314,2024-02-21,여자,30 - 39세,경기도,국내온라인거래,기타숙박시설,
2024010315,2024-02-21,여자,20 - 29세,경기도,일반판매,종합체육시설회원권,계약해제.해지/위약금
2024010316,2024-02-21,남자,20 - 29세,경기도,국내온라인거래,호텔,계약해제.해지/위약금
2024010317,2024-02-21,남자,50 - 59세,경기도,국내온라인거래,마이크,AS불만
2024010318,2024-02-21,남자,50 - 59세,광주광역시,일반판매,밥솥,안전(제품/시설)
2024010319,2024-02-21,여자,20 - 29세,강원특별자치도,국내온라인거래,인터넷정보이용서비스,계약해제.해지/위약금
2024010320,2024-02-21,남자,30 - 39세,서울특별시,국제온라인거래,무선호출기,계약불이행(불완전이행)
2024010321,2024-02-21,여자,30 - 39세,해외 및 기타,기타통신판매,인터넷교육서비스,계약해제.해지/위약금
2024010322,2024-02-21,여자,30 - 39세,서울특별시,국내온라인거래,기타일반화장품,표시.광고
2024010323,2024-02-21,남자,30 - 39세,전라북도,기타,이동전화서비스,품질(물품/용역)
2024010324,2024-02-21,남자,30 - 39세,인천광역시,국내온라인거래,캐주얼바지,계약불이행(불완전이행)
2024010325,2024-02-21,남자,50 - 59세,서울특별시,국내온라인거래,각종자격취득강습,부당행위
2024010326,2024-02-21,여자,50 - 59세,경기도,기타통신판매,기타미분류서비스,계약불이행(불완전이행)
2024010327,2024-02-21,여자,30 - 39세,서울특별시,일반판매,국외여행,계약해제.해지/위약금
2024010328,2024-02-21,남자,10 - 19세,경기도,일반판매,펜션,청약철회
2024010329,2024-02-21,여자,40 - 49세,서울특별시,일반판매,항공여객운송서비스,계약불이행(불완전이행)
2024010330,2024-02-21,남자,20 - 29세,경기도,국내온라인거래,항공여객운송서비스,계약해제.해지/위약금
2024010331,2024-02-21,남자,30 - 39세,서울특별시,국내온라인거래,텐트,계약불이행(불완전이행)
2024010332,2024-02-21,여자,40 - 49세,경기도,기타,기타사설강습서비스,계약해제.해지/위약금
2024010333,2024-02-21,남자,30 - 39세,서울특별시,일반판매,헬스장,계약해제.해지/위약금
2024010334,2024-02-21,남자,40 - 49세,충청북도,국내온라인거래,사기그릇,품질(물품/용역)
2024010335,2024-02-21,남자,불명,경상북도,국내온라인거래,매트,청약철회
2024010336,2024-02-21,남자,20 - 29세,서울특별시,일반판매,법무서비스,부당행위
2024010337,2024-02-21,여자,40 - 49세,인천광역시,일반판매,기타사설강습서비스,계약해제.해지/위약금
2024010338,2024-02-21,여자,20 - 29세,경기도,국내온라인거래,배,품질(물품/용역)
2024010339,2024-02-21,여자,20 - 29세,서울특별시,국내온라인거래,항공여객운송서비스,계약해제.해지/위약금
2024010340,2024-02-21,여자,20 - 29세,서울특별시,방문판매,양복(서양식 의복)세탁,품질(물품/용역)
2024010341,2024-02-21,남자,40 - 49세,서울특별시,국내온라인거래,침대,청약철회
2024010342,2024-02-21,남자,40 - 49세,충청북도,일반판매,캐주얼바지,품질(물품/용역)
2024010343,2024-02-21,여자,20 - 29세,대구광역시,소셜커머스(쇼핑),전기장판,AS불만
2024010344,2024-02-21,여자,30 - 39세,서울특별시,모바일거래,양복(서양식 의복)세탁,품질(물품/용역)
2024010345,2024-02-21,여자,40 - 49세,서울특별시,국내온라인거래,국외캠프,계약불이행(불완전이행)
2024010346,2024-02-21,여자,40 - 49세,경상북도,일반판매,딸기,품질(물품/용역)
2024010347,2024-02-21,여자,20 - 29세,서울특별시,모바일거래,항공여객운송서비스,계약해제.해지/위약금
2024010348,2024-02-21,여자,40 - 49세,경상남도,일반판매,핸드백,품질(물품/용역)
2024010349,2024-02-21,남자,10 - 19세,인천광역시,국내온라인거래,항공여객운송서비스,계약해제.해지/위약금
2024010350,2024-02-21,여자,20 - 29세,경기도,방문판매,필라테스,계약해제.해지/위약금
2024010351,2024-02-21,남자,40 - 49세,서울특별시,국내온라인거래,프린터잉크,품질(물품/용역)
2024010352,2024-02-21,남자,50 - 59세,경기도,국내온라인거래,기타식생활기기,표시.광고
2024010353,2024-02-21,여자,20 - 29세,서울특별시,방문판매,필라테스,계약해제.해지/위약금
2024010354,2024-02-21,남자,50 - 59세,서울특별시,국내온라인거래,스마트폰,계약불이행(불완전이행)
2024010355,2024-02-21,여자,50 - 59세,경상북도,일반판매,택배화물운송서비스,품질(물품/용역)
2024010356,2024-02-21,남자,30 - 39세,부산광역시,국내온라인거래,비타민제,청약철회
2024010357,2024-02-21,남자,40 - 49세,경기도,기타통신판매,콩류,계약불이행(불완전이행)
2024010358,2024-02-21,남자,40 - 49세,서울특별시,국내온라인거래,탁자,청약철회
2024010359,2024-02-21,여자,40 - 49세,경기도,일반판매,펜션,청약철회
2024010360,2024-02-21,여자,20 - 29세,경기도,기타통신판매,초콜릿,청약철회
2024010361,2024-02-21,여자,40 - 49세,대전광역시,일반판매,종합체육시설회원권,계약해제.해지/위약금
2024010362,2024-02-21,여자,60 - 64세,경기도,전화권유판매,기타일반화장품,계약불이행(불완전이행)
2024010363,2024-02-21,남자,40 - 49세,광주광역시,기타통신판매,부업알선,계약해제.해지/위약금
2024010364,2024-02-22,여자,40 - 49세,경기도,소셜커머스(쇼핑),기타의류·섬유,청약철회
2024010365,2024-02-22,남자,50 - 59세,충청남도,국내온라인거래,하수도위생서비스,AS불만
2024010366,2024-02-22,남자,50 - 59세,서울특별시,기타,인터넷정보이용서비스,부당행위
2024010367,2024-02-22,여자,30 - 39세,경기도,전화권유판매,기타매체광고,계약해제.해지/위약금
2024010368,2024-02-22,여자,20 - 29세,경기도,국내온라인거래,항공여객운송서비스,청약철회
2024010369,2024-02-22,여자,30 - 39세,경기도,국내온라인거래,신유형상품권,부당행위
2024010370,2024-02-22,남자,20 - 29세,인천광역시,일반판매,헬스장,계약불이행(불완전이행)
2024010372,2024-02-22,남자,60 - 64세,서울특별시,일반판매,기타공조·냉난방기기,품질(물품/용역)
2024010373,2024-02-22,남자,40 - 49세,경기도,국내온라인거래,모바일게임서비스,청약철회
2024010374,2024-02-22,남자,50 - 59세,경기도,모바일거래,콘도,청약철회
2024010375,2024-02-22,여자,70 - 79세,강원특별자치도,기타,정형외과,품질(물품/용역)
2024010376,2024-02-22,여자,30 - 39세,서울특별시,국내온라인거래,기타취미용품,계약불이행(불완전이행)
2024010377,2024-02-22,남자,40 - 49세,대전광역시,국내온라인거래,비타민제,계약불이행(불완전이행)
2024010378,2024-02-22,남자,20 - 29세,경기도,일반판매,정형외과,품질(물품/용역)
2024010379,2024-02-22,여자,50 - 59세,세종특별자치시,일반판매,기타병·의원서비스,계약해제.해지/위약금
2024010381,2024-02-22,남자,50 - 59세,경기도,일반판매,스마트폰,품질(물품/용역)
2024010382,2024-02-22,여자,50 - 59세,경기도,일반판매,헬스장,계약불이행(불완전이행)
2024010383,2024-02-22,여자,40 - 49세,경상남도,일반판매,피부·체형관리서비스,계약불이행(불완전이행)
2024010384,2024-02-22,여자,50 - 59세,부산광역시,전화권유판매,유사투자자문,계약해제.해지/위약금
2024010385,2024-02-22,남자,40 - 49세,서울특별시,일반판매,필라테스,품질(물품/용역)
2024010387,2024-02-22,남자,40 - 49세,경기도,국내온라인거래,애완동·식물용품,청약철회
2024010388,2024-02-29,여자,30 - 39세,대구광역시,일반판매,모자,품질(물품/용역)
2024010389,2024-02-22,여자,30 - 39세,경상남도,소셜커머스(쇼핑),전기자전거,품질(물품/용역)
2024010390,2024-02-22,남자,30 - 39세,서울특별시,모바일거래,카셰어링,계약불이행(불완전이행)
2024010391,2024-02-22,여자,20 - 29세,경기도,국내온라인거래,항공여객운송서비스,계약해제.해지/위약금
2024010392,2024-02-22,남자,20 - 29세,경기도,일반판매,시계,품질(물품/용역)
2024010393,2024-02-22,여자,50 - 59세,경기도,일반판매,포장이사운송서비스,계약불이행(불완전이행)
2024010394,2024-02-22,남자,50 - 59세,경기도,일반판매,소파,품질(물품/용역)
2024010396,2024-02-22,여자,50 - 59세,경기도,일반판매,실손보험,계약불이행(불완전이행)
2024010397,2024-02-22,여자,40 - 49세,부산광역시,모바일거래,신유형상품권,거래관행
2024010398,2024-02-22,여자,50 - 59세,경기도,국내온라인거래,국외여행,계약불이행(불완전이행)
2024010399,2024-02-22,여자,40 - 49세,서울특별시,국내온라인거래,메이크업강습,계약해제.해지/위약금
2024010400,2024-02-22,여자,30 - 39세,서울특별시,일반판매,성형외과,계약해제.해지/위약금
2024010401,2024-02-22,여자,40 - 49세,광주광역시,일반판매,한의원,품질(물품/용역)
2024010402,2024-02-22,여자,30 - 39세,울산광역시,국내온라인거래,지갑,계약불이행(불완전이행)
2024010403,2024-02-22,여자,20 - 29세,대구광역시,일반판매,중고자동차중개·매매,계약해제.해지/위약금
2024010404,2024-02-22,남자,50 - 59세,경기도,일반판매,외식,거래관행
2024010406,2024-02-22,남자,20 - 29세,대구광역시,국내온라인거래,기타재봉·세탁·청소용품,청약철회
2024010407,2024-02-22,남자,20 - 29세,경기도,모바일거래,식사배달,계약불이행(불완전이행)
2024010408,2024-02-22,여자,20 - 29세,서울특별시,국내온라인거래,냉장고,청약철회
2024010409,2024-02-22,여자,50 - 59세,인천광역시,일반판매,기타인테리어설비,계약해제.해지/위약금
2024010410,2024-02-22,여자,30 - 39세,경기도,국내온라인거래,아동용내의류,계약불이행(불완전이행)
2024010411,2024-02-22,남자,50 - 59세,경기도,일반판매,건강(암·기타질병)보험,계약불이행(불완전이행)
2024010413,2024-03-05,여자,20 - 29세,부산광역시,국내온라인거래,신발세탁,계약불이행(불완전이행)
2024010415,2024-02-22,여자,30 - 39세,서울특별시,전화권유판매,도서·음반대여(렌트),부당행위
2024010416,2024-02-22,여자,30 - 39세,서울특별시,국내온라인거래,캐주얼바지,청약철회
2024010417,2024-02-22,남자,40 - 49세,대전광역시,일반판매,TV,품질(물품/용역)
2024010418,2024-02-22,여자,40 - 49세,대구광역시,일반판매,건강(암·기타질병)보험,계약불이행(불완전이행)
2024010419,2024-02-22,여자,30 - 39세,경상남도,국내온라인거래,믹서기,청약철회
2024010420,2024-03-07,여자,20 - 29세,부산광역시,일반판매,양복(서양식 의복)세탁,품질(물품/용역)
2024010421,2024-02-22,남자,60 - 64세,경기도,일반판매,자동차보험,부당행위
2024010422,2024-02-22,남자,30 - 39세,경기도,일반판매,헤드폰·이어폰,품질(물품/용역)
2024010423,2024-02-22,여자,65 - 69세,서울특별시,일반판매,기타사설강습서비스,계약해제.해지/위약금
2024010424,2024-02-22,여자,80세이상,경상북도,기타,유선방송,가격.요금
2024010425,2024-02-29,남자,40 - 49세,경기도,일반판매,양복(서양식 의복)세탁,품질(물품/용역)
2024010426,2024-02-22,남자,60 - 64세,경기도,전화권유판매,상조서비스,부당행위
2024010427,2024-02-22,남자,80세이상,서울특별시,전화권유판매,인터넷정보이용서비스,청약철회
2024010428,2024-02-22,남자,40 - 49세,서울특별시,모바일거래,헬스장,계약해제.해지/위약금
2024010429,2024-02-22,여자,65 - 69세,서울특별시,국내온라인거래,호텔,계약불이행(불완전이행)
2024010430,2024-02-22,여자,30 - 39세,서울특별시,국내온라인거래,국내결혼중개,계약해제.해지/위약금
2024010431,2024-02-22,남자,20 - 29세,대구광역시,일반판매,자동차수리·점검,품질(물품/용역)
2024010432,2024-02-22,여자,50 - 59세,인천광역시,국내온라인거래,원피스,청약철회
2024010433,2024-02-22,남자,30 - 39세,인천광역시,국내온라인거래,숙녀화(구두·부츠 등),청약철회
2024010434,2024-02-22,남자,50 - 59세,전라남도,방문판매,상조서비스,계약불이행(불완전이행)
2024010435,2024-02-22,남자,50 - 59세,경기도,일반판매,자동차주유,부당행위
2024010437,2024-02-22,여자,30 - 39세,충청남도,국내온라인거래,항공여객운송서비스,청약철회
2024010439,2024-02-22,여자,70 - 79세,서울특별시,일반판매,전기압력밥솥,품질(물품/용역)
2024010440,2024-03-05,여자,30 - 39세,경기도,일반판매,신발세탁,품질(물품/용역)
2024010441,2024-02-22,남자,40 - 49세,대구광역시,전화권유판매,유사투자자문,청약철회
2024010442,2024-02-22,여자,불명,충청북도,국내온라인거래,기타가방,계약불이행(불완전이행)
2024010443,2024-02-22,여자,30 - 39세,부산광역시,일반판매,필라테스,계약불이행(불완전이행)
2024010444,2024-02-22,여자,60 - 64세,인천광역시,소셜커머스(쇼핑),정수기대여(렌트),AS불만
2024010447,2024-02-22,남자,70 - 79세,대전광역시,일반판매,자동차주유,AS불만
2024010449,2024-02-22,남자,40 - 49세,서울특별시,일반판매,해외유학알선,계약불이행(불완전이행)
2024010451,2024-02-22,남자,30 - 39세,서울특별시,모바일거래,사진촬영,계약불이행(불완전이행)
2024010452,2024-02-22,여자,40 - 49세,인천광역시,일반판매,양복(서양식 의복)세탁,부당행위
2024010453,2024-02-22,남자,30 - 39세,서울특별시,국내온라인거래,TV,품질(물품/용역)
2024010454,2024-02-22,남자,20 - 29세,경기도,일반판매,자동차대여(렌트),AS불만
2024010455,2024-02-22,여자,30 - 39세,경기도,모바일거래,택시여객운송서비스,계약불이행(불완전이행)
2024010456,2024-02-22,여자,50 - 59세,강원특별자치도,모바일거래,캐주얼바지,가격.요금
2024010457,2024-02-22,남자,30 - 39세,대구광역시,일반판매,타이어,품질(물품/용역)
2024010459,2024-02-22,여자,40 - 49세,서울특별시,소셜커머스(쇼핑),숙녀화(구두·부츠 등),청약철회
2024010460,2024-02-22,남자,40 - 49세,경기도,일반판매,스마트폰,AS불만
2024010461,2024-02-22,여자,70 - 79세,서울특별시,일반판매,도시가스,계약불이행(불완전이행)
2024010462,2024-02-22,남자,60 - 64세,서울특별시,기타,건강(암·기타질병)보험,계약불이행(불완전이행)
2024010463,2024-02-29,남자,40 - 49세,경기도,일반판매,학생용가방,품질(물품/용역)
2024010464,2024-03-08,남자,20 - 29세,서울특별시,일반판매,양복(서양식 의복)세탁,품질(물품/용역)
2024010465,2024-02-22,여자,60 - 64세,경기도,소셜커머스(쇼핑),다이어트식품,청약철회
2024010466,2024-02-22,여자,60 - 64세,서울특별시,일반판매,정수기,계약불이행(불완전이행)
2024010467,2024-02-22,남자,40 - 49세,서울특별시,모바일거래,전기세탁기,계약불이행(불완전이행)
2024010468,2024-02-22,남자,20 - 29세,인천광역시,일반판매,피부과,계약해제.해지/위약금
2024010470,2024-02-22,여자,70 - 79세,경기도,일반판매,이비인후과,품질(물품/용역)
2024010472,2024-02-22,남자,40 - 49세,충청남도,국내온라인거래,자동차보험,계약불이행(불완전이행)
2024010473,2024-02-22,남자,50 - 59세,강원특별자치도,기타,음식물처리기대여(렌트),품질(물품/용역)
2024010474,2024-02-29,남자,30 - 39세,경기도,일반판매,캐주얼바지,품질(물품/용역)
2024010475,2024-02-22,여자,10 - 19세,경기도,국내온라인거래,단행본,청약철회
2024010476,2024-02-22,여자,20 - 29세,서울특별시,일반판매,일반이사운송서비스,부당행위
2024010477,2024-02-22,남자,70 - 79세,인천광역시,방문판매,보청기,품질(물품/용역)
2024010479,2024-02-22,남자,30 - 39세,전라북도,국내온라인거래,헤드폰·이어폰,계약해제.해지/위약금
2024010480,2024-02-22,남자,(미입력),인천광역시,모바일거래,카셰어링,계약해제.해지/위약금
2024010482,2024-02-29,여자,20 - 29세,경기도,일반판매,니트(스웨터),품질(물품/용역)
2024010483,2024-02-22,여자,30 - 39세,서울특별시,소셜커머스(쇼핑),스프링매트리스,AS불만
2024010484,2024-02-22,여자,50 - 59세,경기도,국내온라인거래,사기그릇,청약철회
2024010485,2024-02-22,남자,20 - 29세,부산광역시,국내온라인거래,항공여객운송서비스,계약해제.해지/위약금
2024010486,2024-02-22,여자,20 - 29세,서울특별시,국내온라인거래,호텔,품질(물품/용역)
2024010487,2024-02-22,남자,50 - 59세,충청남도,국제온라인거래,스프링매트리스,청약철회
2024010488,2024-02-22,여자,30 - 39세,제주도,소셜커머스(쇼핑),정수기,청약철회
2024010489,2024-02-22,남자,40 - 49세,경기도,일반판매,소파,AS불만
2024010490,2024-02-22,여자,50 - 59세,세종특별자치시,소셜커머스(쇼핑),태블릿PC,품질(물품/용역)
2024010491,2024-02-22,여자,30 - 39세,대구광역시,다단계판매,부업알선,계약해제.해지/위약금
2024010492,2024-02-22,여자,30 - 39세,서울특별시,일반판매,헬스장,계약해제.해지/위약금
2024010493,2024-02-22,여자,40 - 49세,경기도,기타,필라테스,계약불이행(불완전이행)
2024010494,2024-02-22,여자,30 - 39세,경기도,국제온라인거래,항공여객운송서비스,부당행위
2024010495,2024-02-22,남자,30 - 39세,서울특별시,모바일거래,식사배달,부당행위
2024010496,2024-02-22,여자,30 - 39세,경기도,일반판매,건물청소서비스,계약불이행(불완전이행)
2024010497,2024-02-22,여자,30 - 39세,서울특별시,일반판매,피부·체형관리서비스,부당행위
2024010498,2024-02-22,남자,40 - 49세,서울특별시,기타,섀시설비,AS불만
2024010499,2024-02-22,남자,40 - 49세,대구광역시,일반판매,기타인테리어설비,AS불만
2024010500,2024-02-22,여자,40 - 49세,경기도,기타통신판매,인터넷정보이용서비스,계약불이행(불완전이행)
2024010501,2024-02-22,남자,30 - 39세,서울특별시,일반판매,국내결혼중개,계약해제.해지/위약금
2024010502,2024-02-22,여자,40 - 49세,경기도,전화권유판매,인터넷정보이용서비스,계약불이행(불완전이행)
2024010503,2024-02-22,여자,30 - 39세,경기도,방문판매,포장이사운송서비스,계약불이행(불완전이행)
2024010504,2024-02-22,여자,30 - 39세,서울특별시,모바일거래,기타세탁서비스,계약불이행(불완전이행)
2024010505,2024-02-22,여자,20 - 29세,서울특별시,국내온라인거래,키보드,품질(물품/용역)
2024010506,2024-02-22,여자,40 - 49세,광주광역시,국내온라인거래,숙녀화(구두·부츠 등),계약불이행(불완전이행)
2024010507,2024-02-22,여자,50 - 59세,경상북도,국내온라인거래,영양보충용제품,계약불이행(불완전이행)
2024010508,2024-02-22,여자,30 - 39세,인천광역시,일반판매,헬스장,계약해제.해지/위약금
2024010509,2024-02-22,남자,40 - 49세,서울특별시,국내온라인거래,기타숙박시설,청약철회
2024010510,2024-02-22,여자,30 - 39세,부산광역시,일반판매,가구세트,품질(물품/용역)
2024010511,2024-02-22,남자,40 - 49세,경기도,TV홈쇼핑,음식물처리기대여(렌트),AS불만
2024010512,2024-02-22,남자,30 - 39세,서울특별시,전화권유판매,기타건강식품,계약불이행(불완전이행)
2024010513,2024-02-22,여자,30 - 39세,경기도,기타,기타회원권,계약해제.해지/위약금
2024010514,2024-02-22,여자,60 - 64세,강원특별자치도,방문판매,기타방문·통신교육서비스,계약해제.해지/위약금
2024010515,2024-02-22,남자,30 - 39세,경기도,일반판매,고시원이용,계약해제.해지/위약금
2024010516,2024-02-22,남자,20 - 29세,서울특별시,기타,중고전자제품매매업,부당행위
2024010517,2024-02-22,여자,40 - 49세,인천광역시,일반판매,옷장,청약철회
2024010518,2024-02-22,여자,40 - 49세,대전광역시,국내온라인거래,항공여객운송서비스,계약해제.해지/위약금
2024010519,2024-02-22,여자,30 - 39세,경기도,일반판매,포장이사운송서비스,계약불이행(불완전이행)
2024010520,2024-02-22,여자,40 - 49세,인천광역시,일반판매,양복(서양식 의복)세탁,품질(물품/용역)
2024010521,2024-02-22,여자,40 - 49세,경기도,일반판매,항공여객운송서비스,부당행위
2024010522,2024-02-22,여자,30 - 39세,경기도,일반판매,헬스장,계약해제.해지/위약금
2024010523,2024-02-22,여자,40 - 49세,인천광역시,국내온라인거래,가상화폐,계약해제.해지/위약금
2024010524,2024-02-22,여자,20 - 29세,서울특별시,일반판매,헬스장,계약해제.해지/위약금
2024010525,2024-02-22,여자,40 - 49세,부산광역시,국내온라인거래,기타식생활기기,청약철회
2024010526,2024-02-22,여자,40 - 49세,경기도,전화권유판매,기타정보이용서비스,계약불이행(불완전이행)
2024010527,2024-02-22,여자,60 - 64세,서울특별시,모바일거래,기타미분류서비스,계약불이행(불완전이행)
2024010528,2024-02-22,남자,20 - 29세,경기도,기타통신판매,블라인드,청약철회
2024010529,2024-02-22,남자,40 - 49세,경기도,기타,양복(서양식 의복)세탁,계약불이행(불완전이행)
2024010530,2024-02-22,남자,40 - 49세,경기도,일반판매,골프회원권,계약해제.해지/위약금
2024010531,2024-02-22,여자,40 - 49세,경기도,일반판매,가스레인지,계약불이행(불완전이행)
2024010532,2024-02-22,여자,40 - 49세,인천광역시,일반판매,아파트,AS불만
2024010533,2024-02-22,여자,50 - 59세,부산광역시,TV홈쇼핑,소파,AS불만
2024010534,2024-02-22,남자,60 - 64세,경상북도,전화권유판매,기타매체광고,청약철회
2024010535,2024-02-22,남자,30 - 39세,경상남도,일반판매,기타완구·인형,품질(물품/용역)
2024010536,2024-02-22,여자,20 - 29세,서울특별시,국내온라인거래,항공여객운송서비스,계약해제.해지/위약금
2024010537,2024-02-22,여자,20 - 29세,인천광역시,일반판매,헬스장,계약해제.해지/위약금
2024010538,2024-02-22,여자,30 - 39세,경기도,기타,필라테스,계약해제.해지/위약금
2024010539,2024-02-22,남자,20 - 29세,서울특별시,일반판매,사진촬영,계약해제.해지/위약금
2024010540,2024-02-22,남자,40 - 49세,서울특별시,국내온라인거래,항공여객운송서비스,계약해제.해지/위약금
2024010541,2024-02-22,남자,50 - 59세,서울특별시,일반판매,기타일반화장품,부당행위
2024010542,2024-02-22,남자,30 - 39세,충청남도,일반판매,애완고양이,계약불이행(불완전이행)
2024010543,2024-02-22,여자,40 - 49세,경기도,국내온라인거래,포장이사운송서비스,계약해제.해지/위약금
2024010544,2024-02-22,여자,30 - 39세,서울특별시,일반판매,기타이·미용서비스,부당행위
2024010545,2024-02-22,남자,30 - 39세,서울특별시,소셜커머스(쇼핑),남자용내의류,계약불이행(불완전이행)
2024010546,2024-02-22,여자,20 - 29세,서울특별시,모바일거래,모바일정보이용서비스,청약철회
2024010547,2024-02-22,여자,30 - 39세,서울특별시,일반판매,요가,청약철회
2024010548,2024-02-22,남자,65 - 69세,인천광역시,일반판매,안경·안경테,부당행위
2024010549,2024-02-22,남자,50 - 59세,경상남도,국제온라인거래,항공여객운송서비스,청약철회
2024010550,2024-02-22,여자,30 - 39세,서울특별시,국내온라인거래,호텔,청약철회
2024010551,2024-02-22,여자,20 - 29세,서울특별시,국내온라인거래,기타의류·섬유,계약불이행(불완전이행)
2024010552,2024-02-22,남자,50 - 59세,경기도,일반판매,종합체육시설회원권,계약해제.해지/위약금
2024010553,2024-02-22,여자,30 - 39세,서울특별시,국내온라인거래,호텔,품질(물품/용역)
2024010554,2024-02-22,남자,50 - 59세,서울특별시,기타,국가자격(능력)시험,
2024010555,2024-02-22,남자,20 - 29세,전라남도,모바일거래,호텔,청약철회
2024010556,2024-02-22,남자,30 - 39세,경기도,일반판매,TV,품질(물품/용역)
2024010557,2024-02-22,여자,60 - 64세,서울특별시,일반판매,식탁,품질(물품/용역)
2024010558,2024-02-22,여자,30 - 39세,경기도,국내온라인거래,통신기기케이스,청약철회
2024010559,2024-02-22,남자,10 - 19세,경기도,모바일거래,기타인터넷기반서비스,청약철회
2024010560,2024-02-22,여자,20 - 29세,경상남도,방문판매,헬스장,계약해제.해지/위약금
2024010561,2024-02-22,여자,20 - 29세,서울특별시,국내온라인거래,미술전시관람,계약해제.해지/위약금
2024010562,2024-02-22,남자,30 - 39세,인천광역시,일반판매,헬스장,계약해제.해지/위약금
2024010563,2024-02-22,여자,30 - 39세,서울특별시,일반판매,필라테스,계약해제.해지/위약금
2024010564,2024-02-22,여자,40 - 49세,경기도,일반판매,헬스장,계약해제.해지/위약금
2024010565,2024-02-22,여자,30 - 39세,서울특별시,국내온라인거래,침대,품질(물품/용역)
2024010566,2024-02-22,남자,30 - 39세,울산광역시,방문판매,콘도회원권,청약철회
2024010567,2024-02-22,남자,20 - 29세,충청남도,국내온라인거래,인터넷게임서비스,부당행위
2024010569,2024-02-22,여자,30 - 39세,대전광역시,일반판매,소파,계약불이행(불완전이행)
2024010570,2024-02-22,남자,20 - 29세,서울특별시,일반판매,미용서비스,부당행위
2024010571,2024-02-22,남자,20 - 29세,대전광역시,국내온라인거래,항공여객운송서비스,청약철회
2024010572,2024-02-22,여자,30 - 39세,부산광역시,방문판매,기타방문·통신교육서비스,계약해제.해지/위약금
2024010573,2024-02-22,여자,40 - 49세,충청남도,기타통신판매,호텔,계약불이행(불완전이행)
2024010574,2024-02-22,여자,40 - 49세,서울특별시,전화권유판매,초고속인터넷,청약철회
2024010575,2024-02-22,남자,20 - 29세,경기도,방문판매,헬스장,계약해제.해지/위약금
2024010576,2024-02-22,남자,30 - 39세,경기도,일반판매,기타음식관련서비스,가격.요금
2024010577,2024-02-22,여자,20 - 29세,부산광역시,일반판매,헬스장,계약해제.해지/위약금
2024010578,2024-02-22,여자,20 - 29세,서울특별시,일반판매,각종자격취득강습,청약철회
2024010579,2024-02-22,여자,20 - 29세,서울특별시,국내온라인거래,기타일반화장품,품질(물품/용역)
2024010580,2024-02-22,여자,30 - 39세,인천광역시,일반판매,양복(서양식 의복)세탁,품질(물품/용역)
2024010581,2024-02-22,여자,30 - 39세,경기도,방문판매,헬스장,계약해제.해지/위약금
2024010582,2024-02-22,여자,20 - 29세,부산광역시,모바일거래,인터넷교육서비스,계약해제.해지/위약금
2024010583,2024-02-22,남자,60 - 64세,서울특별시,국내온라인거래,"OTT서비스(넷플릭스,왓챠 등)",계약불이행(불완전이행)
2024010584,2024-02-22,남자,30 - 39세,경기도,일반판매,헬스장,계약해제.해지/위약금
2024010585,2024-02-22,여자,30 - 39세,경상북도,일반판매,식탁,품질(물품/용역)
2024010586,2024-02-22,여자,30 - 39세,경기도,일반판매,정수기대여(렌트),계약해제.해지/위약금
2024010587,2024-02-22,남자,40 - 49세,서울특별시,국내온라인거래,펜션,계약해제.해지/위약금
2024010588,2024-02-22,여자,65 - 69세,경기도,방문판매,싱크대,AS불만
2024010589,2024-02-22,여자,30 - 39세,부산광역시,일반판매,헬스장,계약해제.해지/위약금
2024010590,2024-02-22,여자,10세 미만,강원특별자치도,국내온라인거래,침대,청약철회
2024010591,2024-02-22,남자,30 - 39세,인천광역시,일반판매,기타세탁서비스,품질(물품/용역)
2024010592,2024-02-22,남자,20 - 29세,충청북도,국제온라인거래,기타컴퓨터·주변기기,품질(물품/용역)
2024010593,2024-02-22,여자,20 - 29세,경기도,일반판매,결혼준비대행서비스,계약해제.해지/위약금
2024010594,2024-02-22,여자,20 - 29세,경기도,기타,인터넷정보이용서비스,계약불이행(불완전이행)
2024010595,2024-02-22,여자,30 - 39세,광주광역시,기타통신판매,기타가방,계약불이행(불완전이행)
2024010596,2024-02-23,여자,30 - 39세,인천광역시,국내온라인거래,기타가방,계약불이행(불완전이행)
2024010597,2024-02-23,남자,40 - 49세,경기도,국내온라인거래,국외캠프,계약불이행(불완전이행)
2024010598,2024-02-23,남자,불명,경기도,국내온라인거래,버너,계약해제.해지/위약금
2024010599,2024-02-23,남자,50 - 59세,경상남도,일반판매,건강(암·기타질병)보험,계약불이행(불완전이행)
2024010600,2024-02-23,여자,40 - 49세,울산광역시,일반판매,스마트폰,AS불만
2024010601,2024-02-23,여자,30 - 39세,서울특별시,일반판매,성형외과,계약해제.해지/위약금
2024010602,2024-02-23,여자,40 - 49세,경기도,일반판매,피부·체형관리서비스,계약불이행(불완전이행)
2024010603,2024-02-23,여자,60 - 64세,경기도,기타,건강(암·기타질병)보험,계약불이행(불완전이행)
2024010604,2024-02-23,남자,65 - 69세,경기도,기타,실손보험,계약불이행(불완전이행)
2024010605,2024-02-23,여자,20 - 29세,경기도,일반판매,기타교육서비스,계약해제.해지/위약금
2024010606,2024-02-23,남자,30 - 39세,충청남도,일반판매,헬스장,계약해제.해지/위약금
2024010607,2024-02-23,남자,30 - 39세,경기도,국내온라인거래,비타민제,계약불이행(불완전이행)
2024010609,2024-02-23,여자,30 - 39세,경기도,국내온라인거래,호텔,계약해제.해지/위약금
2024010610,2024-02-23,남자,30 - 39세,서울특별시,일반판매,자동차대여(렌트),계약해제.해지/위약금
2024010611,2024-02-23,남자,(미입력),대구광역시,모바일거래,"OTT서비스(넷플릭스,왓챠 등)",계약해제.해지/위약금
2024010614,2024-02-23,남자,불명,경기도,국내온라인거래,각종공연관람,계약해제.해지/위약금
2024010615,2024-02-23,여자,40 - 49세,전라남도,국내온라인거래,감귤,청약철회
2024010616,2024-02-23,남자,20 - 29세,서울특별시,일반판매,일반강습(입시학원등),계약해제.해지/위약금
2024010617,2024-02-23,여자,20 - 29세,경기도,소셜커머스(쇼핑),모자,계약불이행(불완전이행)
2024010618,2024-02-23,여자,30 - 39세,서울특별시,기타,미용서비스,계약해제.해지/위약금
2024010619,2024-02-23,여자,30 - 39세,경기도,모바일거래,국외여행,품질(물품/용역)
2024010620,2024-02-23,여자,50 - 59세,경기도,국내온라인거래,보석·귀금속,계약불이행(불완전이행)
2024010621,2024-02-23,남자,40 - 49세,경기도,일반판매,가스보일러,품질(물품/용역)
2024010622,2024-02-23,여자,50 - 59세,서울특별시,일반판매,각종자격취득강습,계약해제.해지/위약금
2024010623,2024-02-23,여자,40 - 49세,경기도,국내온라인거래,비타민제,계약불이행(불완전이행)
2024010624,2024-02-23,여자,40 - 49세,서울특별시,일반판매,애완동물기타,계약해제.해지/위약금
2024010625,2024-03-15,여자,60 - 64세,경기도,일반판매,숙녀화(구두·부츠 등),품질(물품/용역)
2024010626,2024-02-29,여자,40 - 49세,전라북도,국내온라인거래,스커트,품질(물품/용역)
2024010627,2024-02-23,남자,50 - 59세,경기도,국내온라인거래,항공여객운송서비스,계약불이행(불완전이행)
2024010628,2024-02-23,여자,60 - 64세,서울특별시,국내온라인거래,사과,표시.광고
2024010630,2024-02-23,여자,20 - 29세,경기도,일반판매,피부·체형관리서비스,계약해제.해지/위약금
2024010632,2024-02-23,여자,40 - 49세,서울특별시,국내온라인거래,기타스포츠·레저기구·용품,청약철회
2024010633,2024-02-23,여자,40 - 49세,경기도,국내온라인거래,응접테이블,청약철회
2024010634,2024-02-23,남자,30 - 39세,경기도,일반판매,타이어,계약불이행(불완전이행)
2024010638,2024-02-23,여자,40 - 49세,서울특별시,국내온라인거래,비타민제,청약철회
2024010639,2024-03-08,여자,30 - 39세,대전광역시,일반판매,기타가방,품질(물품/용역)
2024010640,2024-02-23,남자,불명,충청남도,국내온라인거래,스마트폰,표시.광고
2024010641,2024-02-23,남자,60 - 64세,전라남도,국내온라인거래,기타신발·용품,청약철회
2024010642,2024-02-23,남자,40 - 49세,충청남도,일반판매,국외여행,계약해제.해지/위약금
2024010643,2024-02-23,여자,70 - 79세,서울특별시,일반판매,성형외과,품질(물품/용역)
2024010644,2024-02-23,여자,30 - 39세,전라북도,국내온라인거래,유사투자자문,계약불이행(불완전이행)
2024010645,2024-02-23,여자,20 - 29세,강원특별자치도,모바일거래,숙녀화(구두·부츠 등),계약불이행(불완전이행)
2024010646,2024-02-23,남자,40 - 49세,경기도,국내온라인거래,운동화,계약불이행(불완전이행)
2024010647,2024-02-23,여자,30 - 39세,대구광역시,국내온라인거래,기타간편복,계약해제.해지/위약금
2024010649,2024-02-23,남자,불명,전라북도,국내온라인거래,예식서비스,계약해제.해지/위약금
2024010651,2024-02-23,여자,60 - 64세,경기도,국내온라인거래,기타육류·육류가공식품,계약불이행(불완전이행)
2024010652,2024-03-15,여자,40 - 49세,서울특별시,일반판매,운동화,품질(물품/용역)
2024010654,2024-02-23,남자,70 - 79세,부산광역시,일반판매,보증보험,품질(물품/용역)
2024010655,2024-02-23,남자,40 - 49세,경상남도,일반판매,이동전화서비스,품질(물품/용역)
2024010656,2024-02-29,여자,40 - 49세,경상남도,국내온라인거래,점퍼·재킷류,품질(물품/용역)
2024010657,2024-02-23,남자,30 - 39세,강원특별자치도,일반판매,경승용차,AS불만
2024010658,2024-03-07,남자,60 - 64세,서울특별시,국내온라인거래,점퍼·재킷류,품질(물품/용역)
2024010660,2024-02-23,남자,70 - 79세,대구광역시,일반판매,건강(암·기타질병)보험,약관
2024010661,2024-02-23,여자,40 - 49세,인천광역시,국내온라인거래,니트(스웨터),청약철회
2024010663,2024-02-23,여자,65 - 69세,서울특별시,국제온라인거래,항공여객운송서비스,계약불이행(불완전이행)
2024010664,2024-02-29,여자,40 - 49세,경기도,국내온라인거래,니트(스웨터),품질(물품/용역)
2024010665,2024-02-23,남자,70 - 79세,광주광역시,일반판매,스마트폰,AS불만
2024010666,2024-02-23,여자,20 - 29세,경상남도,국내온라인거래,블라우스,청약철회
2024010667,2024-02-29,여자,30 - 39세,서울특별시,일반판매,핸드백,품질(물품/용역)
2024010701,2024-02-23,남자,60 - 64세,경기도,국내온라인거래,국외여행,계약불이행(불완전이행)
2024010702,2024-02-23,여자,30 - 39세,대전광역시,국내온라인거래,점퍼·재킷류,부당행위
2024010703,2024-02-23,여자,60 - 64세,서울특별시,방문판매,오피스텔,계약해제.해지/위약금
2024010704,2024-02-23,남자,20 - 29세,충청남도,기타,건물청소서비스,계약불이행(불완전이행)
2024010705,2024-02-23,여자,40 - 49세,경기도,국내온라인거래,호텔,계약해제.해지/위약금
2024010706,2024-02-23,여자,20 - 29세,경기도,국내온라인거래,항공여객운송서비스,계약해제.해지/위약금
2024010707,2024-02-23,남자,40 - 49세,강원특별자치도,국내온라인거래,셔츠,청약철회
2024010708,2024-02-23,남자,30 - 39세,강원특별자치도,국내온라인거래,국내결혼중개,품질(물품/용역)
2024010709,2024-02-23,여자,30 - 39세,광주광역시,국내온라인거래,감귤,계약불이행(불완전이행)
2024010710,2024-02-23,남자,30 - 39세,경기도,국내온라인거래,침대,품질(물품/용역)
2024010711,2024-02-23,여자,20 - 29세,경기도,일반판매,미용서비스,계약해제.해지/위약금
2024010712,2024-02-23,여자,30 - 39세,대구광역시,기타,포장이사운송서비스,계약불이행(불완전이행)
2024010713,2024-02-23,남자,50 - 59세,경기도,국내온라인거래,TV대,청약철회
2024010714,2024-02-23,여자,30 - 39세,서울특별시,국내온라인거래,기타미분류서비스,청약철회
2024010715,2024-02-23,여자,30 - 39세,경기도,기타,가습기,AS불만
2024010716,2024-02-23,여자,40 - 49세,인천광역시,국내온라인거래,항공여객운송서비스,가격.요금
2024010717,2024-02-23,여자,40 - 49세,경기도,국내온라인거래,점퍼·재킷류,청약철회
2024010718,2024-02-23,여자,20 - 29세,인천광역시,일반판매,요가,계약해제.해지/위약금
2024010719,2024-02-23,여자,20 - 29세,경기도,방문판매,기타이·미용서비스,계약해제.해지/위약금
2024010720,2024-02-23,여자,20 - 29세,경기도,국내온라인거래,인터넷교육서비스,청약철회
2024010721,2024-02-23,남자,40 - 49세,경기도,일반판매,초고속인터넷,계약불이행(불완전이행)
2024010722,2024-02-23,여자,30 - 39세,인천광역시,국내온라인거래,기타매체광고,계약해제.해지/위약금
2024010723,2024-02-23,여자,30 - 39세,경기도,일반판매,국내결혼중개,계약해제.해지/위약금
2024010724,2024-02-23,여자,30 - 39세,인천광역시,일반판매,유통시설이용,안전(제품/시설)
2024010725,2024-02-23,여자,30 - 39세,서울특별시,국내온라인거래,니트(스웨터),청약철회
2024010726,2024-02-23,남자,40 - 49세,서울특별시,국내온라인거래,컴퓨터모니터(데스크탑),품질(물품/용역)
2024010727,2024-02-23,여자,20 - 29세,강원특별자치도,일반판매,필라테스,계약해제.해지/위약금
2024010728,2024-02-23,여자,20 - 29세,부산광역시,일반판매,건물청소서비스,AS불만
2024010729,2024-02-23,여자,30 - 39세,인천광역시,일반판매,미용서비스,부당행위
2024010730,2024-02-23,여자,30 - 39세,경기도,국내온라인거래,기타이·미용기구,AS불만
2024010731,2024-02-23,여자,30 - 39세,서울특별시,일반판매,변호서비스,부당행위
2024010732,2024-02-23,여자,60 - 64세,서울특별시,국내온라인거래,기타사무용품,청약철회
2024010733,2024-02-23,여자,20 - 29세,경기도,국내온라인거래,소파,품질(물품/용역)
2024010734,2024-02-23,남자,50 - 59세,경기도,기타,비데,AS불만
2024010735,2024-02-23,남자,30 - 39세,부산광역시,일반판매,호텔,품질(물품/용역)
2024010736,2024-02-23,남자,40 - 49세,경기도,일반판매,항공여객운송서비스,계약불이행(불완전이행)
2024010737,2024-02-23,남자,30 - 39세,제주도,국내온라인거래,호텔,계약해제.해지/위약금
2024010738,2024-02-23,여자,50 - 59세,인천광역시,국내온라인거래,캐주얼바지,품질(물품/용역)
2024010739,2024-02-23,남자,30 - 39세,대전광역시,국내온라인거래,스포츠관람,계약불이행(불완전이행)
2024010740,2024-02-23,여자,30 - 39세,서울특별시,일반판매,포장이사운송서비스,부당행위
2024010741,2024-02-23,남자,40 - 49세,서울특별시,일반판매,예식서비스,계약해제.해지/위약금
2024010742,2024-02-23,여자,30 - 39세,서울특별시,일반판매,미용서비스,계약불이행(불완전이행)
2024010743,2024-02-23,남자,40 - 49세,경기도,국내온라인거래,국외여행,계약해제.해지/위약금
2024010744,2024-02-23,여자,30 - 39세,경기도,방문판매,소파,청약철회
2024010745,2024-02-23,여자,40 - 49세,경기도,국내온라인거래,인터넷교육서비스,계약불이행(불완전이행)
2024010746,2024-02-23,여자,30 - 39세,경기도,모바일거래,기타관람·감상,청약철회
2024010747,2024-02-23,남자,30 - 39세,경기도,국내온라인거래,항공여객운송서비스,부당행위
2024010748,2024-02-23,여자,30 - 39세,서울특별시,일반판매,필라테스,계약해제.해지/위약금
2024010749,2024-02-23,여자,65 - 69세,경기도,국내온라인거래,국외여행,계약해제.해지/위약금
2024010750,2024-02-23,여자,20 - 29세,경기도,방문판매,요가,계약해제.해지/위약금
2024010751,2024-02-23,여자,50 - 59세,경기도,국내온라인거래,다이어트식품,부당행위
2024010752,2024-02-23,여자,30 - 39세,세종특별자치시,국내온라인거래,호텔,계약해제.해지/위약금
2024010753,2024-02-23,여자,20 - 29세,경상북도,국내온라인거래,기타알선·중개·번역서비스,부당행위
2024010754,2024-02-23,남자,40 - 49세,서울특별시,소셜커머스(쇼핑),키보드,청약철회
2024010755,2024-02-23,남자,30 - 39세,경기도,일반판매,양복(서양식 의복)세탁,품질(물품/용역)
2024010756,2024-02-23,남자,40 - 49세,서울특별시,국내온라인거래,초음파방충기,계약해제.해지/위약금
2024010757,2024-02-23,여자,30 - 39세,경기도,국내온라인거래,소파,청약철회
2024010758,2024-02-23,여자,40 - 49세,경기도,기타,모바일정보이용서비스,부당행위
2024010759,2024-02-23,여자,20 - 29세,서울특별시,일반판매,필라테스,계약해제.해지/위약금
2024010760,2024-02-23,여자,40 - 49세,경기도,국내온라인거래,전기요,표시.광고
2024010761,2024-02-23,여자,30 - 39세,경기도,모바일거래,여자용내의류,청약철회
2024010762,2024-02-23,여자,50 - 59세,서울특별시,일반판매,묘지설비,계약해제.해지/위약금
2024010763,2024-02-23,남자,30 - 39세,전라북도,방문판매,콘도회원권,청약철회
2024010764,2024-02-23,여자,50 - 59세,전라북도,국내온라인거래,기타신발·용품,청약철회
2024010765,2024-02-23,남자,40 - 49세,서울특별시,국내온라인거래,스포츠웨어,청약철회
2024010766,2024-02-23,남자,40 - 49세,경상북도,기타,김치냉장고,AS불만
2024010767,2024-02-23,여자,60 - 64세,서울특별시,기타,기타미분류서비스,계약불이행(불완전이행)
2024010768,2024-02-23,여자,40 - 49세,광주광역시,국내온라인거래,TV,품질(물품/용역)
2024010769,2024-02-23,여자,60 - 64세,경상남도,일반판매,전기진공청소기,표시.광고
2024010770,2024-02-23,여자,50 - 59세,경기도,모바일거래,굴,부당행위
2024010771,2024-02-23,여자,30 - 39세,경기도,국내온라인거래,기타가사용품,청약철회
2024010772,2024-02-23,남자,40 - 49세,경기도,일반판매,바닥재·마루공사,AS불만
2024010773,2024-02-23,남자,30 - 39세,서울특별시,기타,헬스장,계약해제.해지/위약금
2024010774,2024-02-23,여자,30 - 39세,대전광역시,국내온라인거래,인터넷교육서비스,표시.광고
2024010775,2024-02-23,남자,50 - 59세,서울특별시,국내온라인거래,국내여행,계약해제.해지/위약금
2024010776,2024-02-23,여자,50 - 59세,서울특별시,일반판매,안경·안경테,품질(물품/용역)
2024010777,2024-02-23,남자,30 - 39세,경기도,전화권유판매,국내결혼중개,계약불이행(불완전이행)
2024010778,2024-02-23,여자,40 - 49세,경기도,국내온라인거래,이불·침대커버,청약철회
2024010779,2024-02-23,여자,50 - 59세,서울특별시,국내온라인거래,아이스크림,품질(물품/용역)
2024010780,2024-02-23,남자,30 - 39세,충청남도,국내온라인거래,기타통신기기,품질(물품/용역)
2024010781,2024-02-23,여자,50 - 59세,서울특별시,기타,안마의자,AS불만
2024010782,2024-02-23,남자,40 - 49세,충청북도,일반판매,이동전화서비스,부당행위
2024010783,2024-02-23,여자,50 - 59세,경기도,기타,항공여객운송서비스,표시.광고
2024010784,2024-02-23,여자,65 - 69세,경기도,기타,굴,안전(제품/시설)
2024010785,2024-02-23,여자,20 - 29세,경기도,일반판매,의료용구대여(렌트),계약해제.해지/위약금
2024010786,2024-02-23,여자,40 - 49세,서울특별시,일반판매,피부·체형관리서비스,청약철회
2024010787,2024-02-23,여자,50 - 59세,울산광역시,소셜커머스(쇼핑),고추,청약철회
2024010788,2024-02-23,여자,30 - 39세,부산광역시,국내온라인거래,지갑,청약철회
2024010789,2024-02-23,여자,40 - 49세,서울특별시,국내온라인거래,국내여행,계약불이행(불완전이행)
2024010790,2024-02-23,여자,20 - 29세,인천광역시,기타,연극관람,계약불이행(불완전이행)
2024010791,2024-02-23,여자,20 - 29세,전라남도,기타통신판매,보석·귀금속,청약철회
2024010792,2024-02-23,여자,40 - 49세,경기도,기타,인터넷교육서비스,계약해제.해지/위약금
2024010793,2024-02-23,남자,20 - 29세,경기도,국내온라인거래,캐주얼바지,청약철회
2024010794,2024-02-23,여자,30 - 39세,경기도,방문판매,기타회원권,계약해제.해지/위약금
2024010801,2024-02-23,여자,30 - 39세,부산광역시,일반판매,필라테스,계약해제.해지/위약금
2024010802,2024-02-24,여자,40 - 49세,경기도,국내온라인거래,프린터,AS불만
2024010803,2024-02-24,남자,30 - 39세,경기도,일반판매,헬스장,계약해제.해지/위약금
2024010804,2024-02-24,남자,65 - 69세,광주광역시,일반판매,공중목욕탕,청약철회
2024010805,2024-02-24,여자,20 - 29세,인천광역시,국내온라인거래,코트,청약철회
2024010806,2024-02-24,여자,40 - 49세,경상남도,국내온라인거래,헤드폰·이어폰,품질(물품/용역)
2024010807,2024-02-24,여자,30 - 39세,경상남도,국내온라인거래,싱크대,청약철회
2024010808,2024-02-24,남자,40 - 49세,경기도,방문판매,헬스장,계약해제.해지/위약금
2024010809,2024-02-24,남자,20 - 29세,경기도,일반판매,골프회원권,계약해제.해지/위약금
2024010810,2024-02-24,남자,50 - 59세,대전광역시,국내온라인거래,카메라부품·용품,청약철회
2024010811,2024-02-24,여자,40 - 49세,인천광역시,국내온라인거래,점퍼·재킷류,청약철회
2024010812,2024-02-24,남자,50 - 59세,부산광역시,국내온라인거래,각종공연관람,청약철회
2024010813,2024-02-24,여자,50 - 59세,경기도,국내온라인거래,복합기,품질(물품/용역)
2024010814,2024-02-24,여자,20 - 29세,서울특별시,전화권유판매,인터넷교육서비스,계약해제.해지/위약금
2024010815,2024-02-24,여자,40 - 49세,경기도,국내온라인거래,기타건강식품,품질(물품/용역)
2024010816,2024-02-24,여자,20 - 29세,부산광역시,일반판매,필라테스,계약해제.해지/위약금
2024010817,2024-02-24,남자,40 - 49세,경기도,국제온라인거래,항공여객운송서비스,부당행위
2024010818,2024-02-24,여자,30 - 39세,충청남도,일반판매,포장이사운송서비스,품질(물품/용역)
2024010819,2024-02-24,여자,20 - 29세,서울특별시,국내온라인거래,점퍼·재킷류,청약철회
2024010820,2024-02-24,남자,40 - 49세,서울특별시,전화권유판매,기타정보통신,단순문의.상담
2024010821,2024-02-24,남자,30 - 39세,경기도,기타,가스보일러,AS불만
2024010901,2024-02-25,여자,40 - 49세,서울특별시,일반판매,스마트폰,청약철회
2024010902,2024-02-25,여자,40 - 49세,서울특별시,일반판매,기타금융상품,단순문의.상담
2024010903,2024-02-25,여자,40 - 49세,서울특별시,일반판매,기타채소·채소가공식품,품질(물품/용역)
2024010904,2024-02-25,남자,30 - 39세,부산광역시,국내온라인거래,칫솔,계약불이행(불완전이행)
2024010905,2024-02-25,여자,30 - 39세,서울특별시,국내온라인거래,영양크림류,계약해제.해지/위약금
2024010906,2024-02-25,여자,30 - 39세,서울특별시,국내온라인거래,캐주얼바지,부당행위
2024010907,2024-02-25,여자,30 - 39세,경기도,일반판매,필라테스,청약철회
2024010908,2024-02-25,여자,20 - 29세,서울특별시,일반판매,외식,품질(물품/용역)
2024010909,2024-02-25,여자,20 - 29세,경기도,국내온라인거래,항공여객운송서비스,부당행위
2024010910,2024-02-25,여자,20 - 29세,부산광역시,방문판매,결혼준비대행서비스,청약철회
2024010911,2024-02-25,남자,50 - 59세,부산광역시,일반판매,스마트폰,계약불이행(불완전이행)
2024010912,2024-02-25,남자,30 - 39세,서울특별시,국내온라인거래,호텔,계약불이행(불완전이행)
2024010913,2024-02-25,여자,40 - 49세,서울특별시,일반판매,포장이사운송서비스,계약불이행(불완전이행)
2024010914,2024-02-25,여자,20 - 29세,광주광역시,기타,결혼준비대행서비스,계약불이행(불완전이행)
2024010915,2024-02-25,여자,20 - 29세,대전광역시,일반판매,미용서비스,품질(물품/용역)
2024010916,2024-02-25,여자,20 - 29세,충청남도,국제온라인거래,항공여객운송서비스,계약해제.해지/위약금
2024010917,2024-02-25,남자,30 - 39세,서울특별시,국내온라인거래,기타신발·용품,청약철회
2024010918,2024-02-25,여자,50 - 59세,서울특별시,국내온라인거래,가습기,품질(물품/용역)
2024010919,2024-02-25,남자,20 - 29세,강원특별자치도,방문판매,결혼준비대행서비스,청약철회
2024010920,2024-02-25,남자,30 - 39세,울산광역시,기타,택배화물운송서비스,품질(물품/용역)
2024010921,2024-02-25,여자,30 - 39세,서울특별시,일반판매,정수기대여(렌트),품질(물품/용역)
2024010922,2024-02-25,여자,20 - 29세,서울특별시,일반판매,필라테스,청약철회
2024010923,2024-02-25,여자,50 - 59세,부산광역시,국내온라인거래,국외여행,품질(물품/용역)
2024010924,2024-02-25,여자,40 - 49세,서울특별시,기타통신판매,사진촬영,계약해제.해지/위약금
2024010925,2024-02-25,여자,20 - 29세,서울특별시,일반판매,의상대여(렌트),계약해제.해지/위약금
2024010926,2024-02-25,남자,30 - 39세,경기도,기타,기타식생활기기,AS불만
2024010927,2024-02-25,남자,30 - 39세,경기도,국내온라인거래,컵,안전(제품/시설)
2024010928,2024-02-26,여자,20 - 29세,경기도,전화권유판매,인터넷교육서비스,계약해제.해지/위약금
2024010929,2024-02-26,여자,40 - 49세,대전광역시,일반판매,기타사설강습서비스,계약해제.해지/위약금
2024010930,2024-02-26,여자,50 - 59세,서울특별시,소셜커머스(쇼핑),숙녀화(구두·부츠 등),계약불이행(불완전이행)
2024010931,2024-02-26,여자,20 - 29세,경기도,모바일거래,비타민제,계약불이행(불완전이행)
2024010932,2024-02-26,여자,50 - 59세,대전광역시,국내온라인거래,국외여행,계약불이행(불완전이행)
2024010933,2024-02-26,여자,30 - 39세,경기도,소셜커머스(쇼핑),비타민제,계약불이행(불완전이행)
2024010935,2024-02-26,남자,50 - 59세,충청남도,일반판매,자동차수리·점검,AS불만
2024010936,2024-02-26,여자,50 - 59세,서울특별시,일반판매,기타병·의원서비스,품질(물품/용역)
2024010937,2024-02-26,여자,40 - 49세,경기도,모바일거래,모바일정보이용서비스,계약불이행(불완전이행)
2024010938,2024-02-26,남자,40 - 49세,대전광역시,일반판매,자동차수리·점검,품질(물품/용역)
2024010939,2024-02-26,남자,30 - 39세,경기도,국내온라인거래,인터넷교육서비스,계약해제.해지/위약금
2024010940,2024-02-26,남자,20 - 29세,경기도,기타통신판매,자동차대여(렌트),부당행위
2024010941,2024-02-26,여자,40 - 49세,인천광역시,일반판매,기타신발·용품,청약철회
2024010942,2024-02-26,남자,30 - 39세,서울특별시,일반판매,자동차주차장,표시.광고
2024010943,2024-02-26,여자,30 - 39세,경기도,국내온라인거래,기타가사용품,청약철회
2024010944,2024-02-26,여자,30 - 39세,경기도,일반판매,소파,AS불만
2024010945,2024-02-26,남자,40 - 49세,강원특별자치도,국내온라인거래,국외여행,계약불이행(불완전이행)
2024010946,2024-02-26,여자,50 - 59세,경상남도,일반판매,중형승용자동차,부당행위
2024010947,2024-02-26,남자,20 - 29세,서울특별시,일반판매,내과,품질(물품/용역)
2024010948,2024-02-26,남자,불명,서울특별시,기타통신판매,상조서비스,계약해제.해지/위약금
2024010949,2024-02-26,남자,60 - 64세,경상남도,일반판매,미분류대여(렌트),부당채권추심
2024010950,2024-03-05,남자,50 - 59세,부산광역시,일반판매,운동화,품질(물품/용역)
2024010951,2024-02-26,남자,60 - 64세,부산광역시,기타,상해보험,계약불이행(불완전이행)
2024010952,2024-02-26,남자,50 - 59세,인천광역시,일반판매,종신보험,부당행위
2024010953,2024-02-26,남자,60 - 64세,부산광역시,기타,상해보험,계약불이행(불완전이행)
2024010954,2024-02-29,여자,40 - 49세,전라남도,일반판매,양복(서양식 의복)세탁,품질(물품/용역)
2024010955,2024-02-26,여자,30 - 39세,경기도,소셜커머스(쇼핑),스마트폰,계약불이행(불완전이행)
2024010956,2024-02-26,여자,40 - 49세,서울특별시,일반판매,상해보험,계약불이행(불완전이행)
2024010958,2024-02-26,남자,30 - 39세,경기도,일반판매,기타스포츠·레저기구·용품,품질(물품/용역)
2024010959,2024-02-26,남자,20 - 29세,경상남도,국내온라인거래,인터넷교육서비스,계약불이행(불완전이행)
2024010960,2024-03-05,남자,60 - 64세,전라북도,일반판매,생활패션화(슬립온·아쿠아슈즈·장화·작업화 등),품질(물품/용역)
2024010961,2024-02-29,여자,30 - 39세,인천광역시,일반판매,양복(서양식 의복)세탁,품질(물품/용역)
2024010962,2024-02-26,남자,20 - 29세,서울특별시,기타통신판매,전동킥보드,AS불만
2024010963,2024-02-26,여자,40 - 49세,서울특별시,국내온라인거래,기타가방,계약불이행(불완전이행)
2024010964,2024-02-26,여자,30 - 39세,울산광역시,국내온라인거래,머플러,계약불이행(불완전이행)
2024010965,2024-02-26,여자,50 - 59세,경기도,일반판매,성형외과,계약해제.해지/위약금
2024010966,2024-02-26,남자,30 - 39세,대전광역시,일반판매,셔츠,계약불이행(불완전이행)
2024010967,2024-02-26,여자,30 - 39세,서울특별시,일반판매,화재보험,계약불이행(불완전이행)
2024010968,2024-02-26,여자,30 - 39세,서울특별시,일반판매,성형외과,계약해제.해지/위약금
2024010969,2024-02-26,여자,20 - 29세,충청남도,일반판매,헬스장,계약해제.해지/위약금
2024010970,2024-02-29,여자,50 - 59세,서울특별시,일반판매,니트(스웨터),품질(물품/용역)
2024010971,2024-02-26,남자,40 - 49세,경기도,일반판매,국외여행,계약해제.해지/위약금
2024010972,2024-02-26,여자,20 - 29세,서울특별시,일반판매,기타인테리어설비,계약불이행(불완전이행)
2024010973,2024-02-26,남자,30 - 39세,서울특별시,모바일거래,호텔,계약해제.해지/위약금
2024010974,2024-02-26,여자,50 - 59세,인천광역시,일반판매,포장이사운송서비스,계약불이행(불완전이행)
2024010975,2024-02-26,여자,40 - 49세,경기도,일반판매,자동차대여(렌트),계약불이행(불완전이행)
2024010976,2024-02-29,남자,20 - 29세,경기도,국내온라인거래,점퍼·재킷류,품질(물품/용역)
2024010977,2024-02-26,여자,40 - 49세,인천광역시,방문판매,인터넷교육서비스,청약철회
2024010978,2024-02-26,남자,40 - 49세,서울특별시,소셜커머스(쇼핑),운동화,청약철회
2024010980,2024-02-26,남자,60 - 64세,경기도,모바일거래,기타숙박시설,계약해제.해지/위약금
2024010982,2024-02-26,여자,30 - 39세,경상남도,국내온라인거래,기타건강식품,계약불이행(불완전이행)
2024010985,2024-02-26,남자,40 - 49세,대전광역시,국내온라인거래,차량용블랙박스,품질(물품/용역)
2024010987,2024-02-26,여자,40 - 49세,경기도,모바일거래,연극관람,계약해제.해지/위약금
2024010988,2024-02-26,여자,40 - 49세,서울특별시,기타통신판매,기타건강식품,계약불이행(불완전이행)
2024010989,2024-02-26,여자,30 - 39세,경기도,일반판매,필라테스,계약해제.해지/위약금
2024010990,2024-03-07,여자,40 - 49세,대전광역시,국내온라인거래,모피·모피의류,품질(물품/용역)
2024010991,2024-02-29,여자,30 - 39세,서울특별시,국내온라인거래,점퍼·재킷류,청약철회
2024010992,2024-02-26,남자,20 - 29세,서울특별시,모바일거래,전기자전거,계약해제.해지/위약금
2024010993,2024-02-29,여자,40 - 49세,경기도,일반판매,양복(서양식 의복)세탁,품질(물품/용역)
2024010994,2024-02-26,남자,60 - 64세,광주광역시,일반판매,실손보험,계약불이행(불완전이행)
2024010995,2024-02-26,여자,20 - 29세,충청남도,국내온라인거래,책장·서가,청약철회
2024010998,2024-02-26,남자,30 - 39세,서울특별시,국내온라인거래,지갑,청약철회
2024010999,2024-03-08,여자,50 - 59세,경기도,국내온라인거래,숙녀복하의,품질(물품/용역)
2024011001,2024-03-05,남자,40 - 49세,경기도,일반판매,신발세탁,계약불이행(불완전이행)
2024011002,2024-03-07,여자,50 - 59세,경기도,일반판매,무스탕,품질(물품/용역)
2024011003,2024-02-26,남자,20 - 29세,서울특별시,일반판매,기타사설강습서비스,계약해제.해지/위약금
2024011004,2024-02-26,남자,50 - 59세,서울특별시,일반판매,스마트폰,AS불만
2024011005,2024-02-26,여자,20 - 29세,경기도,일반판매,성형외과,계약해제.해지/위약금
2024011008,2024-02-26,여자,70 - 79세,서울특별시,일반판매,코트,품질(물품/용역)
2024011010,2024-02-26,남자,40 - 49세,인천광역시,모바일거래,점퍼·재킷류,청약철회
2024011011,2024-02-26,남자,40 - 49세,대구광역시,소셜커머스(쇼핑),비타민제,청약철회
2024011012,2024-02-26,남자,30 - 39세,부산광역시,국내온라인거래,기타신발·용품,계약불이행(불완전이행)
2024011015,2024-02-29,남자,20 - 29세,서울특별시,일반판매,양복(서양식 의복)세탁,품질(물품/용역)
2024011017,2024-02-26,여자,40 - 49세,경상북도,기타통신판매,국외여행,계약해제.해지/위약금
2024011018,2024-02-29,남자,40 - 49세,서울특별시,일반판매,점퍼·재킷류,품질(물품/용역)
2024011020,2024-02-26,남자,50 - 59세,경기도,일반판매,자동차수리·점검,품질(물품/용역)
2024011021,2024-02-26,남자,30 - 39세,경기도,일반판매,예식서비스,계약해제.해지/위약금
2024011022,2024-02-26,남자,40 - 49세,서울특별시,기타,외식,안전(제품/시설)
2024011024,2024-02-26,여자,65 - 69세,서울특별시,일반판매,신문,계약불이행(불완전이행)
2024011025,2024-02-26,남자,80세이상,경기도,일반판매,우유,계약해제.해지/위약금
2024011026,2024-02-26,여자,20 - 29세,경기도,일반판매,점퍼·재킷류,품질(물품/용역)
2024011027,2024-02-26,여자,50 - 59세,경상남도,국내온라인거래,기타숙박시설,계약해제.해지/위약금
2024011028,2024-02-26,여자,40 - 49세,대전광역시,국내온라인거래,인터넷교육서비스,계약해제.해지/위약금
2024011030,2024-02-26,남자,불명,대구광역시,국내온라인거래,기타가사용품,품질(물품/용역)
2024011032,2024-02-26,여자,30 - 39세,경기도,일반판매,기타세탁서비스,계약불이행(불완전이행)
2024011033,2024-02-26,남자,40 - 49세,경기도,일반판매,자동차수리·점검,품질(물품/용역)
2024011034,2024-02-26,남자,30 - 39세,경기도,국내온라인거래,블루투스스피커,계약불이행(불완전이행)
2024011035,2024-02-26,여자,80세이상,경기도,기타,정수기대여(렌트),계약해제.해지/위약금
2024011036,2024-02-26,남자,50 - 59세,광주광역시,일반판매,자동차수리·점검,AS불만
2024011037,2024-02-26,여자,30 - 39세,경기도,기타,전기진공청소기,품질(물품/용역)
2024011038,2024-02-26,남자,60 - 64세,서울특별시,기타통신판매,기타건강식품,계약해제.해지/위약금
2024011039,2024-02-26,여자,50 - 59세,경기도,국내온라인거래,항공여객운송서비스,계약불이행(불완전이행)
2024011040,2024-02-26,남자,40 - 49세,인천광역시,일반판매,정수기대여(렌트),품질(물품/용역)
2024011041,2024-02-26,여자,40 - 49세,서울특별시,일반판매,피부·체형관리서비스,계약해제.해지/위약금
2024011042,2024-02-26,여자,20 - 29세,전라북도,소셜커머스(쇼핑),기타완구·인형,청약철회
2024011043,2024-02-26,여자,40 - 49세,경기도,일반판매,피부과,계약해제.해지/위약금
2024011044,2024-02-26,여자,50 - 59세,부산광역시,기타통신판매,서랍장,품질(물품/용역)
2024011045,2024-02-26,남자,40 - 49세,울산광역시,국내온라인거래,소파,품질(물품/용역)
2024011046,2024-02-26,여자,70 - 79세,인천광역시,일반판매,전기세탁기,품질(물품/용역)
2024011047,2024-02-26,남자,50 - 59세,충청남도,전화권유판매,유사투자자문,계약해제.해지/위약금
2024011048,2024-02-26,여자,50 - 59세,서울특별시,기타,헤드폰·이어폰,품질(물품/용역)
2024011049,2024-02-26,여자,(미입력),전라남도,국내온라인거래,인쇄서비스,계약불이행(불완전이행)
2024011050,2024-02-26,여자,30 - 39세,광주광역시,일반판매,외식,안전(제품/시설)
2024011052,2024-02-26,남자,50 - 59세,경기도,국내온라인거래,국외여행,계약해제.해지/위약금
2024011053,2024-02-26,남자,30 - 39세,경상남도,일반판매,스마트폰,AS불만
2024011054,2024-02-26,남자,30 - 39세,서울특별시,기타,정수기대여(렌트),품질(물품/용역)
2024011055,2024-02-26,남자,20 - 29세,충청남도,일반판매,노트북컴퓨터,AS불만
2024011056,2024-02-26,여자,50 - 59세,부산광역시,방문판매,건강(암·기타질병)보험,계약불이행(불완전이행)
2024011057,2024-02-26,여자,30 - 39세,경기도,국제온라인거래,샌들·슬리퍼,품질(물품/용역)
2024011058,2024-02-26,남자,60 - 64세,경기도,일반판매,정수기대여(렌트),계약불이행(불완전이행)
2024011059,2024-02-26,남자,30 - 39세,경기도,일반판매,부동산중개,표시.광고
2024011060,2024-02-26,남자,30 - 39세,강원특별자치도,기타통신판매,시계,계약불이행(불완전이행)
2024011061,2024-02-26,여자,40 - 49세,서울특별시,일반판매,기타세탁서비스,계약해제.해지/위약금
2024011062,2024-02-26,남자,20 - 29세,서울특별시,국내온라인거래,티셔츠,청약철회
2024011063,2024-02-26,여자,40 - 49세,경상남도,국제온라인거래,가위,품질(물품/용역)
2024011064,2024-02-26,여자,30 - 39세,서울특별시,일반판매,기타이·미용서비스,계약해제.해지/위약금
2024011065,2024-02-26,여자,20 - 29세,경기도,일반판매,포장이사운송서비스,품질(물품/용역)
2024011066,2024-02-26,남자,20 - 29세,광주광역시,국내온라인거래,기타가사용품,청약철회
2024011067,2024-02-26,남자,50 - 59세,서울특별시,국내온라인거래,텐트,품질(물품/용역)
2024011068,2024-02-26,남자,50 - 59세,인천광역시,국내온라인거래,항공여객운송서비스,계약해제.해지/위약금
2024011069,2024-02-26,남자,40 - 49세,경기도,국내온라인거래,상품권,계약불이행(불완전이행)
2024011070,2024-02-26,남자,30 - 39세,경기도,모바일거래,기타미분류서비스,품질(물품/용역)
2024011071,2024-02-26,여자,30 - 39세,인천광역시,국내온라인거래,아동복,계약불이행(불완전이행)
2024011072,2024-02-26,여자,40 - 49세,인천광역시,국내온라인거래,모바일게임서비스,가격.요금
2024011073,2024-02-26,남자,20 - 29세,부산광역시,국내온라인거래,펜션,계약해제.해지/위약금
2024011074,2024-02-26,여자,20 - 29세,경상남도,국내온라인거래,결혼준비대행서비스,계약불이행(불완전이행)
2024011075,2024-02-26,여자,20 - 29세,서울특별시,방문판매,헬스장,계약해제.해지/위약금
2024011076,2024-02-26,남자,30 - 39세,경상남도,국내온라인거래,기타숙박시설,계약해제.해지/위약금
2024011077,2024-02-26,남자,20 - 29세,충청남도,방문판매,기타매체광고,계약해제.해지/위약금
2024011078,2024-02-26,여자,30 - 39세,경기도,국내온라인거래,항공여객운송서비스,청약철회
2024011079,2024-02-26,여자,50 - 59세,경상북도,국내온라인거래,기타숙박시설,계약해제.해지/위약금
2024011080,2024-02-26,여자,30 - 39세,경상남도,일반판매,헬스장,계약해제.해지/위약금
2024011081,2024-02-26,여자,20 - 29세,대전광역시,국내온라인거래,캐주얼바지,청약철회
2024011082,2024-02-26,여자,50 - 59세,충청남도,일반판매,미용서비스,계약불이행(불완전이행)
2024011083,2024-02-26,남자,50 - 59세,경상남도,기타,콘도회원권,계약해제.해지/위약금
2024011084,2024-02-26,여자,20 - 29세,서울특별시,모바일거래,기타이·미용서비스,품질(물품/용역)
2024011085,2024-02-26,여자,40 - 49세,경기도,국내온라인거래,숙녀화(구두·부츠 등),청약철회
2024011086,2024-02-26,남자,30 - 39세,경기도,국내온라인거래,텐트,AS불만
2024011087,2024-02-26,남자,50 - 59세,경기도,국내온라인거래,국외여행,계약해제.해지/위약금
2024011088,2024-02-26,남자,30 - 39세,광주광역시,모바일거래,모바일정보이용서비스,계약해제.해지/위약금
2024011089,2024-02-26,남자,40 - 49세,부산광역시,국내온라인거래,정수기대여(렌트),청약철회
2024011090,2024-02-26,남자,20 - 29세,인천광역시,일반판매,전산강습,계약해제.해지/위약금
2024011091,2024-02-26,여자,30 - 39세,서울특별시,기타,요가,계약해제.해지/위약금
2024011092,2024-02-26,여자,30 - 39세,(미입력),일반판매,헬스장,청약철회
2024011093,2024-02-26,남자,40 - 49세,(미입력),일반판매,아파트,안전(제품/시설)
2024011094,2024-02-26,여자,20 - 29세,경기도,일반판매,외식,품질(물품/용역)
2024011095,2024-02-26,여자,30 - 39세,서울특별시,일반판매,기타미분류서비스,계약해제.해지/위약금
2024011096,2024-02-26,여자,40 - 49세,서울특별시,국내온라인거래,보조배터리,청약철회
2024011097,2024-02-26,남자,30 - 39세,서울특별시,국내온라인거래,기타침대류,청약철회
2024011098,2024-02-26,남자,20 - 29세,경기도,기타,"연회서비스(돌잔치,회갑 등)",계약해제.해지/위약금
2024011099,2024-02-26,남자,20 - 29세,대전광역시,방문판매,헬스장,계약해제.해지/위약금
2024011100,2024-02-26,남자,30 - 39세,강원특별자치도,일반판매,의류수선,품질(물품/용역)
2024011101,2024-02-26,남자,30 - 39세,서울특별시,국내온라인거래,소프트웨어,청약철회
2024011102,2024-02-26,여자,30 - 39세,경기도,일반판매,피부·체형관리서비스,계약해제.해지/위약금
2024011103,2024-02-26,남자,50 - 59세,서울특별시,일반판매,승강설비,계약불이행(불완전이행)
2024011104,2024-02-26,남자,30 - 39세,경상남도,방문판매,헬스장,계약해제.해지/위약금
2024011105,2024-02-26,여자,30 - 39세,경기도,국내온라인거래,기타숙박시설,
2024011106,2024-02-26,남자,60 - 64세,경기도,국내온라인거래,기타회원권,계약해제.해지/위약금
2024011107,2024-02-26,여자,40 - 49세,서울특별시,기타통신판매,점퍼·재킷류,청약철회
2024011108,2024-02-26,여자,20 - 29세,부산광역시,국내온라인거래,전기진공청소기,계약불이행(불완전이행)
2024011109,2024-02-26,여자,65 - 69세,부산광역시,국내온라인거래,영업용기계,품질(물품/용역)
2024011110,2024-02-26,여자,30 - 39세,서울특별시,국내온라인거래,유리·크리스탈그릇,안전(제품/시설)
2024011111,2024-02-26,남자,65 - 69세,경기도,TV홈쇼핑,홍삼제품,계약불이행(불완전이행)
2024011112,2024-02-26,여자,20 - 29세,인천광역시,국내온라인거래,합성피혁의류,청약철회
2024011113,2024-02-26,남자,60 - 64세,서울특별시,국내온라인거래,기타숙박시설,
2024011114,2024-02-26,여자,20 - 29세,서울특별시,일반판매,필라테스,계약해제.해지/위약금
2024011115,2024-02-26,여자,20 - 29세,서울특별시,일반판매,미용서비스,품질(물품/용역)
2024011116,2024-02-26,남자,40 - 49세,인천광역시,국내온라인거래,점퍼·재킷류,청약철회
2024011117,2024-02-26,여자,30 - 39세,경상북도,기타통신판매,사진촬영,계약불이행(불완전이행)
2024011118,2024-02-26,여자,20 - 29세,경상남도,국내온라인거래,기타사무용품,청약철회
2024011119,2024-02-26,여자,40 - 49세,서울특별시,일반판매,국외여행,가격.요금
2024011120,2024-02-26,남자,20 - 29세,경기도,모바일거래,모바일정보이용서비스,표시.광고
2024011121,2024-02-26,남자,60 - 64세,서울특별시,기타통신판매,유선방송,계약해제.해지/위약금
2024011122,2024-02-26,여자,20 - 29세,서울특별시,방문판매,헬스장,계약해제.해지/위약금
2024011123,2024-02-26,여자,20 - 29세,경기도,일반판매,스마트폰,품질(물품/용역)
2024011124,2024-02-26,여자,30 - 39세,(미입력),일반판매,전자담배,AS불만
2024011125,2024-02-26,남자,30 - 39세,경기도,국제온라인거래,컴퓨터모니터(데스크탑),계약불이행(불완전이행)
2024011126,2024-02-26,여자,20 - 29세,서울특별시,일반판매,택배화물운송서비스,계약해제.해지/위약금
2024011127,2024-02-26,여자,20 - 29세,인천광역시,국내온라인거래,기타가구,청약철회
2024011128,2024-02-26,남자,20 - 29세,경기도,국내온라인거래,기타취미용품,청약철회
2024011129,2024-02-26,남자,30 - 39세,전라북도,국내온라인거래,기타컴퓨터·주변기기,청약철회
2024011130,2024-02-26,남자,50 - 59세,부산광역시,모바일거래,기타건강식품,품질(물품/용역)
2024011131,2024-02-26,여자,30 - 39세,서울특별시,모바일거래,모바일정보이용서비스,가격.요금
2024011132,2024-02-26,남자,50 - 59세,제주도,국내온라인거래,전등·전구,계약불이행(불완전이행)
2024011133,2024-02-26,여자,30 - 39세,서울특별시,일반판매,기타세탁서비스,계약불이행(불완전이행)
2024011134,2024-02-26,여자,40 - 49세,서울특별시,기타,택배화물운송서비스,계약불이행(불완전이행)
2024011135,2024-02-26,여자,20 - 29세,경기도,방문판매,헬스장,계약해제.해지/위약금
2024011136,2024-02-26,남자,30 - 39세,부산광역시,일반판매,스마트폰,품질(물품/용역)
2024011137,2024-02-26,여자,30 - 39세,서울특별시,일반판매,각종자격취득강습,계약불이행(불완전이행)
2024011138,2024-02-26,여자,30 - 39세,서울특별시,국내온라인거래,스포츠웨어,청약철회
2024011139,2024-02-26,여자,40 - 49세,경상북도,일반판매,감귤,계약불이행(불완전이행)
2024011140,2024-02-26,남자,60 - 64세,서울특별시,국내온라인거래,금속그릇,품질(물품/용역)
2024011141,2024-02-26,남자,30 - 39세,경기도,방문판매,콘도회원권,계약해제.해지/위약금
2024011142,2024-02-26,남자,30 - 39세,서울특별시,방문판매,콘도회원권,계약해제.해지/위약금
2024011143,2024-02-26,남자,30 - 39세,경기도,일반판매,필라테스,계약해제.해지/위약금
2024011144,2024-02-26,남자,20 - 29세,경기도,국내온라인거래,전기맛사지기,청약철회
2024011145,2024-02-26,여자,40 - 49세,서울특별시,모바일거래,인터넷게임서비스,청약철회
2024011146,2024-02-26,여자,40 - 49세,경기도,기타통신판매,국외여행,계약해제.해지/위약금
2024011147,2024-02-26,여자,30 - 39세,경기도,국내온라인거래,"연회서비스(돌잔치,회갑 등)",청약철회
2024011148,2024-02-26,남자,20 - 29세,서울특별시,국내온라인거래,책상,청약철회
2024011149,2024-02-26,남자,20 - 29세,충청남도,소셜커머스(쇼핑),우산,청약철회
2024011150,2024-02-27,여자,30 - 39세,경기도,기타,호텔,안전(제품/시설)
2024011151,2024-02-27,여자,50 - 59세,경기도,일반판매,기타옥외장비·설비,AS불만
2024011153,2024-02-27,여자,30 - 39세,서울특별시,국내온라인거래,항공여객운송서비스,계약불이행(불완전이행)
2024011154,2024-02-27,여자,50 - 59세,경기도,일반판매,중형승용자동차,AS불만
2024011155,2024-02-27,남자,40 - 49세,경상남도,모바일거래,카셰어링,AS불만
2024011157,2024-02-27,남자,40 - 49세,전라남도,일반판매,중형승용자동차,품질(물품/용역)
2024011158,2024-02-27,남자,30 - 39세,인천광역시,소셜커머스(쇼핑),기타식용종자·식용버섯류,표시.광고
2024011159,2024-02-27,남자,65 - 69세,부산광역시,전화권유판매,모바일정보이용서비스,계약해제.해지/위약금
2024011160,2024-02-27,남자,30 - 39세,(미입력),모바일거래,통신기기케이스,가격.요금
2024011161,2024-02-29,여자,40 - 49세,인천광역시,일반판매,스커트,품질(물품/용역)
2024011162,2024-02-27,남자,40 - 49세,(미입력),국내온라인거래,각종쿠폰류(무료통화권포함),청약철회
2024011163,2024-02-27,여자,60 - 64세,경기도,일반판매,자동차수리·점검,가격.요금
2024011164,2024-02-27,남자,20 - 29세,경기도,기타,실손보험,계약불이행(불완전이행)
2024011165,2024-02-27,여자,50 - 59세,경기도,방문판매,실손보험,계약불이행(불완전이행)
2024011166,2024-02-27,남자,40 - 49세,경기도,기타,실손보험,계약불이행(불완전이행)
2024011167,2024-02-27,여자,20 - 29세,경기도,일반판매,자동차세차,계약해제.해지/위약금
2024011168,2024-02-27,여자,20 - 29세,경기도,기타통신판매,원피스,청약철회
2024011169,2024-02-27,여자,50 - 59세,서울특별시,일반판매,외과,품질(물품/용역)
2024011170,2024-02-27,여자,50 - 59세,인천광역시,국내온라인거래,감귤,품질(물품/용역)
2024011171,2024-02-27,남자,40 - 49세,인천광역시,일반판매,묘지설비,계약불이행(불완전이행)
2024011173,2024-02-27,남자,40 - 49세,서울특별시,국내온라인거래,항공여객운송서비스,계약해제.해지/위약금
2024011174,2024-02-27,여자,50 - 59세,광주광역시,일반판매,건강(암·기타질병)보험,계약불이행(불완전이행)
2024011175,2024-02-27,여자,20 - 29세,경기도,모바일거래,사진촬영,계약해제.해지/위약금
2024011176,2024-02-27,여자,30 - 39세,인천광역시,일반판매,버스여객운송서비스,청약철회
2024011177,2024-02-29,여자,40 - 49세,인천광역시,국내온라인거래,코트,품질(물품/용역)
2024011178,2024-02-27,여자,40 - 49세,전라남도,모바일거래,모바일게임서비스,무능력자계약
2024011179,2024-02-27,여자,40 - 49세,서울특별시,국내온라인거래,호텔,계약해제.해지/위약금
2024011180,2024-02-27,남자,30 - 39세,서울특별시,일반판매,기타책상·테이블류,AS불만
2024011184,2024-02-27,여자,20 - 29세,인천광역시,소셜커머스(쇼핑),헤드폰·이어폰,계약불이행(불완전이행)
2024011185,2024-02-27,남자,60 - 64세,경기도,소셜커머스(쇼핑),기타육류·육류가공식품,계약불이행(불완전이행)
2024011186,2024-02-27,남자,60 - 64세,경기도,기타,가구리폼·수리,계약불이행(불완전이행)
2024011188,2024-02-27,여자,65 - 69세,서울특별시,기타,정수기대여(렌트),계약해제.해지/위약금
2024011190,2024-02-27,여자,50 - 59세,서울특별시,기타,신유형상품권,단순문의.상담
2024011191,2024-02-27,여자,40 - 49세,서울특별시,일반판매,헬스장,계약해제.해지/위약금
2024011192,2024-02-27,여자,30 - 39세,경기도,국제온라인거래,숙녀화(구두·부츠 등),계약불이행(불완전이행)
2024011193,2024-02-29,남자,30 - 39세,서울특별시,소셜커머스(쇼핑),핸드백,품질(물품/용역)
2024011194,2024-02-27,남자,40 - 49세,서울특별시,국내온라인거래,노트북컴퓨터,품질(물품/용역)
2024011195,2024-02-27,여자,40 - 49세,경기도,모바일거래,국외여행,계약해제.해지/위약금
2024011196,2024-02-27,남자,70 - 79세,서울특별시,전화권유판매,모바일정보이용서비스,청약철회
2024011197,2024-02-27,남자,40 - 49세,경기도,소셜커머스(쇼핑),자동차대여(렌트),표시.광고
2024011200,2024-02-29,여자,30 - 39세,경기도,국내온라인거래,니트(스웨터),품질(물품/용역)
2024011201,2024-02-27,여자,30 - 39세,경기도,국내온라인거래,일반자전거,청약철회
2024011202,2024-02-27,여자,40 - 49세,경기도,국내온라인거래,비타민제,계약불이행(불완전이행)
2024011203,2024-02-27,남자,30 - 39세,서울특별시,일반판매,자동차대여(렌트),AS불만
2024011204,2024-02-27,여자,30 - 39세,경기도,일반판매,예식서비스,AS불만
2024011205,2024-02-27,남자,40 - 49세,서울특별시,방문판매,학습지,계약해제.해지/위약금
2024011206,2024-02-27,여자,40 - 49세,경기도,국내온라인거래,숙녀화(구두·부츠 등),계약불이행(불완전이행)
2024011207,2024-02-27,남자,50 - 59세,서울특별시,일반판매,택배화물운송서비스,품질(물품/용역)
2024011208,2024-02-27,여자,20 - 29세,서울특별시,국내온라인거래,인터넷교육서비스,계약해제.해지/위약금
2024011209,2024-02-27,남자,40 - 49세,경기도,일반판매,기타세탁서비스,품질(물품/용역)
2024011210,2024-02-27,여자,20 - 29세,경기도,국내온라인거래,숙녀화(구두·부츠 등),청약철회
2024011211,2024-02-27,여자,50 - 59세,경상북도,일반판매,건강(암·기타질병)보험,계약불이행(불완전이행)
2024011212,2024-02-27,여자,불명,경기도,국내온라인거래,기타숙박시설,계약해제.해지/위약금
2024011214,2024-02-27,남자,60 - 64세,서울특별시,국내온라인거래,기타육류·육류가공식품,표시.광고
2024011215,2024-02-27,남자,20 - 29세,서울특별시,일반판매,치과,품질(물품/용역)
2024011216,2024-02-27,여자,20 - 29세,서울특별시,국내온라인거래,소파,청약철회
2024011218,2024-02-27,여자,30 - 39세,경기도,일반판매,필라테스,계약해제.해지/위약금
2024011221,2024-02-27,남자,30 - 39세,서울특별시,국내온라인거래,스마트폰,품질(물품/용역)
2024011222,2024-02-27,여자,50 - 59세,인천광역시,TV홈쇼핑,음식물처리기대여(렌트),품질(물품/용역)
2024011223,2024-02-27,여자,60 - 64세,경기도,TV홈쇼핑,정수기,계약해제.해지/위약금
2024011224,2024-02-27,여자,50 - 59세,부산광역시,모바일거래,음식물처리기,계약해제.해지/위약금
2024011225,2024-02-27,남자,30 - 39세,인천광역시,방문판매,의상대여(렌트),계약해제.해지/위약금
2024011226,2024-02-27,여자,40 - 49세,대전광역시,기타통신판매,통신기기케이스,계약불이행(불완전이행)
2024011229,2024-02-27,여자,20 - 29세,경기도,국내온라인거래,기타서적음반류,품질(물품/용역)
2024011230,2024-02-27,남자,40 - 49세,충청북도,국내온라인거래,티셔츠,청약철회
2024011231,2024-02-27,남자,40 - 49세,서울특별시,국내온라인거래,기타자동차용품,계약불이행(불완전이행)
2024011232,2024-02-27,여자,20 - 29세,경기도,모바일거래,기타서적음반류,계약불이행(불완전이행)
2024011233,2024-02-27,남자,30 - 39세,부산광역시,일반판매,스마트폰,계약불이행(불완전이행)
2024011235,2024-02-27,여자,불명,경기도,국내온라인거래,전기오븐레인지,청약철회
2024011236,2024-02-27,여자,30 - 39세,서울특별시,모바일거래,대리운전,계약불이행(불완전이행)
2024011237,2024-02-27,여자,20 - 29세,경기도,일반판매,기타교육서비스,계약불이행(불완전이행)
2024011238,2024-02-27,남자,60 - 64세,경기도,TV홈쇼핑,국외여행,계약해제.해지/위약금
2024011239,2024-02-27,여자,20 - 29세,대구광역시,국내온라인거래,기타의료용구,품질(물품/용역)
2024011240,2024-02-27,여자,40 - 49세,경상북도,일반판매,이동전화서비스,계약불이행(불완전이행)
2024011242,2024-02-27,남자,30 - 39세,경기도,기타통신판매,기타매체광고,계약불이행(불완전이행)
2024011243,2024-02-27,남자,40 - 49세,전라북도,모바일거래,스포츠웨어,표시.광고
2024011244,2024-02-27,여자,30 - 39세,경기도,기타,성형외과,계약해제.해지/위약금
2024011246,2024-02-27,여자,50 - 59세,경기도,일반판매,정수기대여(렌트),부당채권추심
2024011247,2024-02-27,여자,40 - 49세,경기도,기타,포장이사운송서비스,계약불이행(불완전이행)
2024011248,2024-02-27,여자,30 - 39세,경기도,일반판매,기타알선·중개·번역서비스,계약해제.해지/위약금
2024011249,2024-02-27,여자,40 - 49세,부산광역시,일반판매,피부·체형관리서비스,계약해제.해지/위약금
2024011250,2024-03-07,여자,20 - 29세,경기도,일반판매,양복(서양식 의복)세탁,품질(물품/용역)
2024011251,2024-02-27,여자,20 - 29세,경기도,국내온라인거래,기타서적음반류,품질(물품/용역)
2024011252,2024-02-27,남자,불명,세종특별자치시,국내온라인거래,인터넷교육서비스,계약해제.해지/위약금
2024011253,2024-02-27,남자,30 - 39세,서울특별시,국내온라인거래,기타일반화장품,계약불이행(불완전이행)
2024011254,2024-02-27,여자,불명,제주도,국내온라인거래,쇠고기포장육,품질(물품/용역)
2024011255,2024-02-27,여자,30 - 39세,대전광역시,국내온라인거래,이불·요,품질(물품/용역)
2024011256,2024-02-27,여자,20 - 29세,서울특별시,일반판매,미용서비스,계약불이행(불완전이행)
2024011257,2024-02-27,남자,30 - 39세,경기도,모바일거래,모바일게임서비스,부당행위
2024011258,2024-02-27,남자,40 - 49세,대구광역시,소셜커머스(쇼핑),스포츠관람,부당행위
2024011259,2024-02-27,남자,불명,경기도,국내온라인거래,이동전화서비스,청약철회
2024011260,2024-02-27,남자,40 - 49세,인천광역시,국내온라인거래,공기청정기,청약철회
2024011261,2024-02-27,여자,40 - 49세,전라북도,TV홈쇼핑,실손보험,계약불이행(불완전이행)
2024011263,2024-02-27,남자,20 - 29세,경기도,전화권유판매,상조서비스,계약해제.해지/위약금
2024011264,2024-02-27,남자,60 - 64세,(미입력),국내온라인거래,의자,청약철회
2024011265,2024-02-27,여자,70 - 79세,인천광역시,방문판매,실손보험,계약불이행(불완전이행)
2024011266,2024-02-27,여자,30 - 39세,서울특별시,일반판매,예식서비스,계약해제.해지/위약금
2024011267,2024-02-27,남자,40 - 49세,경기도,일반판매,상해보험,품질(물품/용역)
2024011268,2024-02-27,여자,30 - 39세,세종특별자치시,일반판매,반포장이사운송서비스,품질(물품/용역)
2024011301,2024-02-27,여자,20 - 29세,경기도,방문판매,포장이사운송서비스,계약해제.해지/위약금
2024011302,2024-02-27,여자,20 - 29세,서울특별시,국내온라인거래,국외여행,계약불이행(불완전이행)
2024011303,2024-02-27,여자,50 - 59세,인천광역시,국제온라인거래,신사화(구두·부츠 등),청약철회
2024011304,2024-02-27,여자,10 - 19세,서울특별시,방문판매,헬스장,계약해제.해지/위약금
2024011305,2024-02-27,여자,30 - 39세,서울특별시,방문판매,도어록,품질(물품/용역)
2024011306,2024-02-27,남자,40 - 49세,인천광역시,국내온라인거래,티셔츠,청약철회
2024011307,2024-02-27,남자,50 - 59세,전라북도,기타,모바일정보이용서비스,표시.광고
2024011308,2024-02-27,여자,30 - 39세,부산광역시,일반판매,숙녀화(구두·부츠 등),청약철회
2024011309,2024-02-27,여자,20 - 29세,서울특별시,국내온라인거래,호텔,계약해제.해지/위약금
2024011310,2024-02-27,남자,50 - 59세,경기도,소셜커머스(쇼핑),룸에어컨,계약해제.해지/위약금
2024011311,2024-02-27,여자,50 - 59세,부산광역시,국내온라인거래,스마트폰,표시.광고
2024011312,2024-02-27,남자,70 - 79세,경기도,국내온라인거래,기타미분류서비스,부당행위
2024011313,2024-02-27,여자,40 - 49세,경기도,일반판매,공기청정기대여(렌트),부당행위
2024011314,2024-02-27,남자,40 - 49세,부산광역시,모바일거래,캐주얼바지,청약철회
2024011315,2024-02-27,여자,50 - 59세,대전광역시,방문판매,침대·매트리스대여(렌트),계약해제.해지/위약금
2024011316,2024-02-27,남자,30 - 39세,대구광역시,국내온라인거래,커튼,표시.광고
2024011317,2024-02-27,여자,30 - 39세,경기도,일반판매,미분류컨설팅(자문),청약철회
2024011318,2024-02-27,여자,40 - 49세,서울특별시,일반판매,정수기대여(렌트),품질(물품/용역)
2024011319,2024-02-27,남자,40 - 49세,경기도,일반판매,기타공조·냉난방설비,가격.요금
2024011320,2024-02-27,남자,20 - 29세,인천광역시,국내온라인거래,소파,청약철회
2024011321,2024-02-27,남자,30 - 39세,경기도,일반판매,예식서비스,계약해제.해지/위약금
2024011322,2024-02-27,여자,30 - 39세,인천광역시,기타,건물청소서비스,계약불이행(불완전이행)
2024011323,2024-02-27,남자,50 - 59세,서울특별시,국내온라인거래,"OTT서비스(넷플릭스,왓챠 등)",계약불이행(불완전이행)
2024011324,2024-02-27,남자,20 - 29세,충청남도,국제온라인거래,기타숙박시설,청약철회
2024011325,2024-02-27,여자,40 - 49세,서울특별시,일반판매,헬스장,청약철회
2024011326,2024-02-27,남자,30 - 39세,인천광역시,국내온라인거래,항공여객운송서비스,부당행위
2024011327,2024-02-27,여자,30 - 39세,경기도,일반판매,필라테스,계약해제.해지/위약금
2024011328,2024-02-27,남자,60 - 64세,전라북도,기타통신판매,국외여행,계약불이행(불완전이행)
2024011329,2024-02-27,여자,40 - 49세,대구광역시,방문판매,피부·체형관리서비스,계약해제.해지/위약금
2024011330,2024-02-27,여자,30 - 39세,경기도,국내온라인거래,어패류젓갈,계약불이행(불완전이행)
2024011331,2024-02-27,남자,50 - 59세,경기도,국내온라인거래,인터넷정보이용서비스,청약철회
2024011332,2024-02-27,여자,40 - 49세,서울특별시,국내온라인거래,항공여객운송서비스,계약해제.해지/위약금
2024011333,2024-02-27,여자,20 - 29세,울산광역시,국내온라인거래,책장·서가,품질(물품/용역)
2024011334,2024-02-27,남자,30 - 39세,충청남도,방문판매,일반강습(입시학원등),계약불이행(불완전이행)
2024011335,2024-02-27,여자,30 - 39세,서울특별시,일반판매,헬스장,계약해제.해지/위약금
2024011336,2024-02-27,여자,50 - 59세,경기도,일반판매,국외여행,계약불이행(불완전이행)
2024011337,2024-02-27,여자,50 - 59세,경기도,기타,요가,계약해제.해지/위약금
2024011338,2024-02-27,여자,30 - 39세,서울특별시,일반판매,국내결혼중개,계약해제.해지/위약금
2024011339,2024-02-27,남자,60 - 64세,서울특별시,기타,이동전화서비스,청약철회
2024011340,2024-02-27,남자,40 - 49세,경기도,기타,기타사설강습서비스,계약해제.해지/위약금
2024011341,2024-02-27,남자,30 - 39세,인천광역시,방문판매,콘도회원권,청약철회
2024011342,2024-02-27,남자,40 - 49세,충청남도,국내온라인거래,공기청정기대여(렌트),계약해제.해지/위약금
2024011343,2024-02-27,남자,50 - 59세,부산광역시,국제온라인거래,무선호출기,청약철회
2024011344,2024-02-27,여자,30 - 39세,서울특별시,소셜커머스(쇼핑),국외여행,품질(물품/용역)
2024011345,2024-02-27,남자,30 - 39세,경기도,국내온라인거래,전등·전구,청약철회
2024011346,2024-02-27,여자,40 - 49세,경기도,모바일거래,다이어트식품,계약해제.해지/위약금
2024011347,2024-02-27,여자,20 - 29세,대전광역시,국내온라인거래,인터넷교육서비스,약관
2024011348,2024-02-27,여자,50 - 59세,서울특별시,일반판매,항공여객운송서비스,품질(물품/용역)
2024011349,2024-02-27,여자,30 - 39세,경기도,국내온라인거래,기타의류·섬유,품질(물품/용역)
2024011350,2024-02-27,여자,20 - 29세,충청남도,일반판매,헬스장,부당행위
2024011351,2024-02-27,남자,40 - 49세,서울특별시,기타통신판매,포장이사운송서비스,계약불이행(불완전이행)
2024011352,2024-02-27,여자,10세 미만,경기도,일반판매,식탁,계약해제.해지/위약금
2024011353,2024-02-27,남자,30 - 39세,서울특별시,국내온라인거래,인터넷게임서비스,단순문의.상담
2024011354,2024-02-27,여자,30 - 39세,부산광역시,일반판매,소파,계약해제.해지/위약금
2024011355,2024-02-27,여자,20 - 29세,서울특별시,일반판매,미용서비스,
2024011356,2024-02-27,여자,40 - 49세,인천광역시,국내온라인거래,기타가방,품질(물품/용역)
2024011357,2024-02-27,남자,30 - 39세,충청북도,기타,반포장이사운송서비스,계약불이행(불완전이행)
2024011358,2024-02-27,여자,20 - 29세,서울특별시,일반판매,헬스장,계약해제.해지/위약금
2024011359,2024-02-27,여자,40 - 49세,경기도,TV홈쇼핑,믹서기,청약철회
2024011360,2024-02-27,여자,30 - 39세,경기도,국내온라인거래,음식물처리기,계약해제.해지/위약금
2024011361,2024-02-27,남자,20 - 29세,경기도,일반판매,일반강습(입시학원등),계약해제.해지/위약금
2024011362,2024-02-27,여자,30 - 39세,경기도,일반판매,항공화물운송서비스,계약불이행(불완전이행)
2024011363,2024-02-27,여자,30 - 39세,경기도,기타,기타미분류서비스,안전(제품/시설)
2024011364,2024-02-27,여자,20 - 29세,경상남도,일반판매,스마트폰,AS불만
2024011365,2024-02-27,여자,50 - 59세,서울특별시,기타,싱크대,AS불만
2024011366,2024-02-27,남자,40 - 49세,서울특별시,국내온라인거래,맥주,부당행위
2024011367,2024-02-27,여자,20 - 29세,대구광역시,기타통신판매,이동전화서비스,가격.요금
2024011368,2024-02-27,남자,40 - 49세,서울특별시,일반판매,시스템에어컨,부당행위
2024011369,2024-02-27,여자,20 - 29세,경기도,국내온라인거래,숙녀화(구두·부츠 등),계약불이행(불완전이행)
2024011370,2024-02-27,남자,40 - 49세,전라남도,기타통신판매,건물청소서비스,계약불이행(불완전이행)
2024011371,2024-02-27,여자,30 - 39세,경기도,일반판매,피부·체형관리서비스,계약해제.해지/위약금
2024011372,2024-02-27,여자,20 - 29세,서울특별시,국내온라인거래,항공여객운송서비스,계약불이행(불완전이행)
2024011373,2024-02-27,여자,30 - 39세,경기도,국내온라인거래,점퍼·재킷류,청약철회
2024011374,2024-02-27,남자,30 - 39세,서울특별시,일반판매,점퍼·재킷류,품질(물품/용역)
2024011375,2024-02-27,남자,40 - 49세,경상남도,일반판매,룸에어컨,AS불만
2024011376,2024-02-27,여자,30 - 39세,부산광역시,국내온라인거래,국외여행,이자.수수료
2024011377,2024-02-27,여자,30 - 39세,서울특별시,소셜커머스(쇼핑),화장품세트,품질(물품/용역)
2024011378,2024-02-27,여자,20 - 29세,충청북도,일반판매,기타숙박시설,계약불이행(불완전이행)
2024011379,2024-02-27,남자,30 - 39세,대구광역시,일반판매,소파,계약해제.해지/위약금
2024011380,2024-02-27,남자,30 - 39세,강원특별자치도,방문판매,정수기대여(렌트),청약철회
2024011381,2024-02-27,남자,30 - 39세,서울특별시,일반판매,프린터,품질(물품/용역)
2024011382,2024-02-27,여자,30 - 39세,전라남도,국내온라인거래,헤어크림,청약철회
2024011383,2024-02-27,남자,30 - 39세,경기도,일반판매,이동전화서비스,계약불이행(불완전이행)
2024011384,2024-02-27,여자,50 - 59세,서울특별시,기타,아파트,품질(물품/용역)
2024011385,2024-02-27,여자,40 - 49세,전라남도,국내온라인거래,숙녀화(구두·부츠 등),계약해제.해지/위약금
2024011386,2024-02-27,여자,10 - 19세,경기도,모바일거래,호텔,가격.요금
2024011387,2024-02-27,남자,30 - 39세,부산광역시,모바일거래,항공여객운송서비스,계약해제.해지/위약금
2024011388,2024-02-27,여자,20 - 29세,서울특별시,방문판매,헬스장,계약해제.해지/위약금
2024011389,2024-02-27,남자,40 - 49세,경기도,일반판매,사무용기기대여(렌트),계약해제.해지/위약금
2024011390,2024-02-27,여자,40 - 49세,대구광역시,전화권유판매,기타매체광고,계약해제.해지/위약금
2024011391,2024-02-27,여자,20 - 29세,대구광역시,전화권유판매,인터넷교육서비스,계약해제.해지/위약금
2024011392,2024-02-27,여자,30 - 39세,경상북도,국내온라인거래,기타간편복,청약철회
2024011393,2024-02-27,여자,50 - 59세,서울특별시,국내온라인거래,믹서기,AS불만
2024011394,2024-02-27,남자,60 - 64세,대전광역시,국내온라인거래,국외여행,계약해제.해지/위약금
2024011395,2024-02-27,남자,30 - 39세,충청남도,소셜커머스(쇼핑),기타식품류,청약철회
2024011396,2024-02-27,여자,40 - 49세,경기도,국내온라인거래,기타가구,청약철회
2024011397,2024-02-27,여자,20 - 29세,경기도,국제온라인거래,항공여객운송서비스,부당행위
2024011398,2024-02-27,남자,30 - 39세,경상북도,전화권유판매,인터넷정보이용서비스,계약해제.해지/위약금
2024011399,2024-02-27,남자,30 - 39세,서울특별시,일반판매,시계,계약불이행(불완전이행)
2024011400,2024-02-27,여자,30 - 39세,부산광역시,일반판매,모바일정보이용서비스,부당행위
2024011401,2024-02-27,여자,50 - 59세,대전광역시,일반판매,호텔,청약철회
2024011402,2024-02-27,남자,30 - 39세,서울특별시,국내온라인거래,호텔,청약철회
2024011403,2024-02-27,남자,20 - 29세,서울특별시,국내온라인거래,감귤,청약철회
2024011404,2024-02-27,남자,30 - 39세,서울특별시,기타통신판매,기타간편복,품질(물품/용역)
2024011405,2024-02-27,여자,20 - 29세,경기도,전화권유판매,인터넷교육서비스,청약철회
2024011406,2024-02-27,남자,20 - 29세,강원특별자치도,소셜커머스(쇼핑),커튼,청약철회
2024011407,2024-02-27,여자,40 - 49세,울산광역시,국내온라인거래,기타의류·섬유,청약철회
2024011408,2024-02-27,여자,50 - 59세,서울특별시,국내온라인거래,액자,청약철회
2024011409,2024-02-27,여자,20 - 29세,경기도,국내온라인거래,기타의류·섬유,청약철회
2024011410,2024-02-27,남자,30 - 39세,경기도,국내온라인거래,기타미분류물품,가격.요금
2024011411,2024-02-27,여자,40 - 49세,경기도,일반판매,인터넷교육서비스,계약해제.해지/위약금
2024011412,2024-02-28,여자,40 - 49세,경기도,기타,변호서비스,계약해제.해지/위약금
2024011413,2024-02-28,남자,65 - 69세,서울특별시,방문판매,건강(암·기타질병)보험,계약불이행(불완전이행)
2024011414,2024-02-28,여자,30 - 39세,서울특별시,일반판매,기타의류·섬유,품질(물품/용역)
2024011415,2024-02-28,남자,50 - 59세,서울특별시,기타,전기,가격.요금
2024011416,2024-02-28,남자,40 - 49세,경기도,기타통신판매,국외여행,계약불이행(불완전이행)
2024011417,2024-02-28,여자,30 - 39세,(미입력),방문판매,다이어트식품,계약불이행(불완전이행)
2024011418,2024-02-28,여자,20 - 29세,경기도,국내온라인거래,미분류컨설팅(자문),계약해제.해지/위약금
2024011419,2024-02-28,여자,20 - 29세,부산광역시,국내온라인거래,점퍼·재킷류,청약철회
2024011420,2024-02-28,여자,30 - 39세,대전광역시,일반판매,미용서비스,계약해제.해지/위약금
2024011421,2024-02-28,남자,20 - 29세,전라남도,일반판매,독서실이용,계약해제.해지/위약금
2024011422,2024-02-28,남자,60 - 64세,경기도,기타,기타미분류서비스,가격.요금
2024011423,2024-02-28,여자,20 - 29세,인천광역시,일반판매,헬스장,계약해제.해지/위약금
2024011424,2024-02-28,여자,40 - 49세,경기도,일반판매,응급의학과,품질(물품/용역)
2024011425,2024-02-28,남자,40 - 49세,대구광역시,국내온라인거래,라텍스매트리스,계약불이행(불완전이행)
2024011426,2024-02-28,남자,40 - 49세,인천광역시,일반판매,포장이사운송서비스,계약불이행(불완전이행)
2024011427,2024-02-28,남자,30 - 39세,경기도,일반판매,필라테스,계약해제.해지/위약금
2024011428,2024-02-28,여자,60 - 64세,경기도,방문판매,실손보험,계약불이행(불완전이행)
2024011429,2024-02-28,남자,40 - 49세,경기도,일반판매,헬스장,계약해제.해지/위약금
2024011430,2024-02-28,남자,60 - 64세,충청북도,기타통신판매,경승용차,품질(물품/용역)
2024011431,2024-02-28,여자,40 - 49세,경기도,기타통신판매,유사투자자문,계약해제.해지/위약금
2024011432,2024-02-28,여자,30 - 39세,경기도,기타,스마트폰,AS불만
2024011433,2024-02-28,남자,50 - 59세,경기도,기타,기타병·의원서비스,품질(물품/용역)
2024011434,2024-02-28,남자,40 - 49세,경기도,국내온라인거래,트레이닝기구,안전(제품/시설)
2024011435,2024-02-28,남자,80세이상,경기도,소셜커머스(쇼핑),비디오폰,품질(물품/용역)
2024011436,2024-02-28,남자,40 - 49세,인천광역시,국내온라인거래,기타간편복,청약철회
2024011437,2024-02-28,남자,40 - 49세,대전광역시,일반판매,헬스장,계약해제.해지/위약금
2024011438,2024-02-28,여자,20 - 29세,경기도,일반판매,골프회원권,계약해제.해지/위약금
2024011439,2024-02-28,여자,50 - 59세,경기도,TV홈쇼핑,전기오븐,품질(물품/용역)
2024011440,2024-02-28,여자,30 - 39세,서울특별시,국내온라인거래,영화관람,계약불이행(불완전이행)
2024011441,2024-02-28,남자,30 - 39세,서울특별시,일반판매,일반강습(입시학원등),계약해제.해지/위약금
2024011442,2024-02-28,여자,50 - 59세,제주도,일반판매,요가,계약불이행(불완전이행)
2024011443,2024-02-28,남자,60 - 64세,세종특별자치시,일반판매,자동차수리·점검,품질(물품/용역)
2024011444,2024-02-28,남자,20 - 29세,경기도,국내온라인거래,키보드,청약철회
2024011445,2024-02-28,남자,20 - 29세,서울특별시,일반판매,고시원이용,계약해제.해지/위약금
2024011446,2024-02-28,남자,40 - 49세,전라북도,국내온라인거래,기타간편복,표시.광고
2024011447,2024-02-28,여자,30 - 39세,대전광역시,일반판매,일반강습(입시학원등),계약해제.해지/위약금
2024011448,2024-02-28,남자,20 - 29세,세종특별자치시,기타통신판매,포장이사운송서비스,계약불이행(불완전이행)
2024011450,2024-02-28,여자,60 - 64세,전라북도,일반판매,정형외과,품질(물품/용역)
2024011451,2024-02-28,여자,70 - 79세,서울특별시,일반판매,정형외과,품질(물품/용역)
2024011452,2024-02-28,여자,20 - 29세,서울특별시,국내온라인거래,항공여객운송서비스,청약철회
2024011453,2024-02-28,여자,30 - 39세,서울특별시,일반판매,국외여행,계약해제.해지/위약금
2024011455,2024-02-28,여자,30 - 39세,경기도,기타,기타인테리어설비,계약불이행(불완전이행)
2024011456,2024-02-28,여자,20 - 29세,인천광역시,국내온라인거래,기타숙박시설,청약철회
2024011457,2024-02-28,여자,40 - 49세,울산광역시,일반판매,실손보험,계약불이행(불완전이행)
2024011458,2024-02-28,남자,50 - 59세,충청북도,기타,부당채권추심,부당행위
2024011459,2024-02-28,남자,40 - 49세,충청남도,기타통신판매,공기청정기대여(렌트),계약해제.해지/위약금
2024011460,2024-02-28,여자,20 - 29세,인천광역시,일반판매,필라테스,계약해제.해지/위약금
2024011463,2024-02-28,남자,불명,경기도,국내온라인거래,CD·LD·DVD(영화·음악·게임),계약해제.해지/위약금
2024011465,2024-02-28,여자,40 - 49세,경기도,일반판매,포장이사운송서비스,품질(물품/용역)
2024011466,2024-02-28,남자,30 - 39세,경기도,일반판매,기타스포츠·레저기구·용품,품질(물품/용역)
2024011467,2024-02-28,여자,30 - 39세,경기도,일반판매,기타보관서비스,계약해제.해지/위약금
2024011468,2024-02-28,남자,60 - 64세,대구광역시,기타통신판매,이동전화서비스,계약불이행(불완전이행)
2024011469,2024-02-28,남자,불명,서울특별시,국내온라인거래,기타가방,품질(물품/용역)
2024011470,2024-02-28,남자,50 - 59세,서울특별시,국내온라인거래,신유형상품권,부당행위
2024011471,2024-02-28,여자,40 - 49세,경기도,모바일거래,태블릿PC,계약해제.해지/위약금
2024011472,2024-02-28,남자,40 - 49세,대전광역시,일반판매,TV,품질(물품/용역)
2024011473,2024-02-28,여자,65 - 69세,인천광역시,일반판매,냉장고,품질(물품/용역)
2024011474,2024-02-28,남자,65 - 69세,서울특별시,모바일거래,호텔,계약불이행(불완전이행)
2024011475,2024-03-07,여자,65 - 69세,대구광역시,일반판매,스웨터,품질(물품/용역)
2024011476,2024-02-28,여자,20 - 29세,서울특별시,국내온라인거래,타일,청약철회
2024011477,2024-02-28,여자,30 - 39세,서울특별시,일반판매,기타신발·용품,계약불이행(불완전이행)
2024011478,2024-02-28,여자,50 - 59세,경기도,TV홈쇼핑,기타인테리어설비,품질(물품/용역)
2024011479,2024-02-28,남자,30 - 39세,광주광역시,국내온라인거래,퍼스널컴퓨터,계약불이행(불완전이행)
2024011480,2024-03-20,여자,50 - 59세,경상북도,일반판매,신사화(구두·부츠 등),품질(물품/용역)
2024011482,2024-02-28,여자,30 - 39세,서울특별시,국내온라인거래,카셰어링,계약해제.해지/위약금
2024011483,2024-02-28,남자,40 - 49세,경기도,국내온라인거래,태블릿PC,AS불만
2024011484,2024-02-28,남자,30 - 39세,서울특별시,모바일거래,교통카드,계약해제.해지/위약금
2024011485,2024-02-28,여자,20 - 29세,서울특별시,국내온라인거래,머플러,청약철회
2024011486,2024-02-28,여자,40 - 49세,(미입력),국내온라인거래,소파,품질(물품/용역)
2024011487,2024-02-28,남자,40 - 49세,경기도,일반판매,기타부동산임대차,계약해제.해지/위약금
2024011488,2024-02-28,여자,50 - 59세,서울특별시,일반판매,숙녀복세트,계약불이행(불완전이행)
2024011489,2024-02-28,여자,40 - 49세,부산광역시,방문판매,실손보험,계약불이행(불완전이행)
2024011490,2024-02-28,남자,50 - 59세,전라남도,모바일거래,기타완구·인형,품질(물품/용역)
2024011491,2024-02-28,남자,50 - 59세,경기도,국내온라인거래,신사복세트,청약철회
2024011492,2024-02-28,여자,30 - 39세,전라북도,국내온라인거래,숙녀화(구두·부츠 등),계약불이행(불완전이행)
2024011493,2024-02-28,남자,40 - 49세,전라북도,국내온라인거래,캐주얼바지,계약해제.해지/위약금
2024011495,2024-03-08,남자,60 - 64세,부산광역시,일반판매,양복(서양식 의복)세탁,품질(물품/용역)
2024011496,2024-02-28,남자,20 - 29세,서울특별시,국내온라인거래,기타사설강습서비스,청약철회
2024011497,2024-02-28,여자,65 - 69세,서울특별시,국내온라인거래,유사투자자문,계약해제.해지/위약금
2024011498,2024-02-28,남자,40 - 49세,대전광역시,소셜커머스(쇼핑),모니터,품질(물품/용역)
2024011499,2024-03-12,남자,30 - 39세,부산광역시,일반판매,양복(서양식 의복)세탁,품질(물품/용역)
2024011500,2024-02-28,남자,20 - 29세,경기도,국내온라인거래,펜션,계약해제.해지/위약금
2024011505,2024-02-28,남자,20 - 29세,광주광역시,일반판매,종합체육시설회원권,계약해제.해지/위약금
2024011506,2024-02-28,남자,50 - 59세,서울특별시,소셜커머스(쇼핑),노트북컴퓨터,계약불이행(불완전이행)
2024011507,2024-02-28,남자,30 - 39세,서울특별시,일반판매,포장이사운송서비스,품질(물품/용역)
2024011508,2024-02-28,남자,80세이상,충청남도,기타,정수기대여(렌트),계약해제.해지/위약금
2024011509,2024-02-28,남자,30 - 39세,경기도,국내온라인거래,기타스포츠·레저기구·용품,AS불만
2024011510,2024-02-28,남자,30 - 39세,세종특별자치시,국내온라인거래,매트,안전(제품/시설)
2024011511,2024-02-28,여자,30 - 39세,서울특별시,일반판매,스마트폰,청약철회
2024011512,2024-02-28,여자,30 - 39세,서울특별시,방문판매,헬스장,계약해제.해지/위약금
2024011513,2024-02-28,여자,40 - 49세,충청남도,소셜커머스(쇼핑),기타숙박시설,계약해제.해지/위약금
2024011514,2024-02-28,남자,40 - 49세,서울특별시,국내온라인거래,인터넷교육서비스,계약해제.해지/위약금
2024011515,2024-02-28,여자,20 - 29세,경기도,일반판매,호텔,안전(제품/시설)
2024011516,2024-02-28,남자,20 - 29세,서울특별시,일반판매,스마트폰,품질(물품/용역)
2024011517,2024-02-28,남자,40 - 49세,강원특별자치도,국내온라인거래,기타미분류서비스,계약불이행(불완전이행)
2024011518,2024-02-28,남자,30 - 39세,경기도,일반판매,기타세탁서비스,품질(물품/용역)
2024011519,2024-02-28,남자,40 - 49세,충청북도,기타,스마트폰,청약철회
2024011520,2024-02-28,여자,40 - 49세,경기도,국내온라인거래,기타미분류물품,표시.광고
2024011521,2024-02-28,여자,30 - 39세,경기도,전화권유판매,건물청소서비스,계약불이행(불완전이행)
2024011522,2024-02-28,남자,65 - 69세,강원특별자치도,국내온라인거래,소파,청약철회
2024011523,2024-02-28,남자,40 - 49세,대구광역시,국제온라인거래,기타의류·섬유,청약철회
2024011524,2024-02-28,여자,40 - 49세,인천광역시,기타,수영장회원권,계약해제.해지/위약금
2024011525,2024-02-28,여자,40 - 49세,경상남도,전화권유판매,인터넷교육서비스,부당행위
2024011526,2024-02-28,남자,40 - 49세,경기도,국내온라인거래,기타(악기guitar),청약철회
2024011527,2024-02-28,여자,50 - 59세,부산광역시,방문판매,인터넷교육서비스,
2024011528,2024-02-28,여자,20 - 29세,서울특별시,국내온라인거래,가운·잠옷류,계약불이행(불완전이행)
2024011529,2024-02-28,남자,40 - 49세,서울특별시,기타,골프용품,AS불만
2024011530,2024-02-28,남자,40 - 49세,경기도,소셜커머스(쇼핑),시계부품·용품,계약불이행(불완전이행)
2024011531,2024-02-28,남자,40 - 49세,서울특별시,국내온라인거래,가스보일러,안전(제품/시설)
2024011532,2024-02-28,여자,50 - 59세,대구광역시,일반판매,안마의자,품질(물품/용역)
2024011533,2024-02-28,남자,30 - 39세,인천광역시,국내온라인거래,기타건강식품,계약해제.해지/위약금
2024011534,2024-02-28,여자,30 - 39세,경기도,일반판매,헬스장,계약해제.해지/위약금
2024011535,2024-02-28,남자,40 - 49세,부산광역시,국제온라인거래,항공여객운송서비스,계약불이행(불완전이행)
2024011536,2024-02-28,여자,30 - 39세,대구광역시,기타,포장이사운송서비스,계약불이행(불완전이행)
2024011537,2024-02-28,여자,40 - 49세,서울특별시,국내온라인거래,인터넷교육서비스,약관
2024011538,2024-02-28,남자,50 - 59세,서울특별시,국내온라인거래,항공여객운송서비스,부당행위
2024011539,2024-02-28,여자,30 - 39세,서울특별시,국내온라인거래,펜션,계약해제.해지/위약금
2024011540,2024-02-28,여자,30 - 39세,서울특별시,국내온라인거래,기타의류·섬유,청약철회
2024011541,2024-02-28,여자,30 - 39세,경기도,일반판매,헬스장,계약해제.해지/위약금
2024011542,2024-02-28,여자,30 - 39세,인천광역시,국내온라인거래,가습기,부당행위
2024011543,2024-02-28,여자,30 - 39세,서울특별시,전화권유판매,인터넷정보이용서비스,계약해제.해지/위약금
2024011544,2024-02-28,여자,30 - 39세,서울특별시,국내온라인거래,숙녀복상의,청약철회
2024011545,2024-02-28,여자,40 - 49세,대전광역시,일반판매,헬스장,계약해제.해지/위약금
2024011546,2024-02-28,여자,30 - 39세,서울특별시,국내온라인거래,전기온수장판,품질(물품/용역)
2024011547,2024-02-28,여자,30 - 39세,경기도,일반판매,항공여객운송서비스,계약불이행(불완전이행)
2024011548,2024-02-28,여자,20 - 29세,서울특별시,일반판매,헬스장,청약철회
2024011549,2024-02-28,여자,20 - 29세,서울특별시,국내온라인거래,호텔,청약철회
2024011550,2024-02-28,남자,30 - 39세,서울특별시,국내온라인거래,인터넷정보이용서비스,청약철회
2024011551,2024-02-28,남자,20 - 29세,인천광역시,국내온라인거래,항공여객운송서비스,부당행위
2024011552,2024-02-28,남자,30 - 39세,서울특별시,방문판매,결혼준비대행서비스,계약해제.해지/위약금
2024011553,2024-02-28,여자,20 - 29세,경기도,국제온라인거래,카메라부품·용품,계약불이행(불완전이행)
2024011554,2024-02-28,여자,30 - 39세,광주광역시,모바일거래,커피,계약불이행(불완전이행)
2024011555,2024-02-28,여자,20 - 29세,경기도,국내온라인거래,통신기기케이스,품질(물품/용역)
2024011556,2024-02-28,여자,30 - 39세,대구광역시,일반판매,사진촬영,계약불이행(불완전이행)
2024011557,2024-02-28,여자,40 - 49세,서울특별시,기타,포장이사운송서비스,계약불이행(불완전이행)
2024011558,2024-02-28,남자,50 - 59세,서울특별시,일반판매,기타주방설비,청약철회
2024011559,2024-02-28,여자,40 - 49세,강원특별자치도,기타,가스보일러,AS불만
2024011560,2024-02-28,여자,30 - 39세,대전광역시,국제온라인거래,기타신발·용품,품질(물품/용역)
2024011561,2024-02-28,여자,50 - 59세,인천광역시,소셜커머스(쇼핑),헤드폰·이어폰,품질(물품/용역)
2024011562,2024-02-28,여자,40 - 49세,광주광역시,모바일거래,항공여객운송서비스,계약해제.해지/위약금
2024011563,2024-02-28,여자,30 - 39세,충청남도,일반판매,일반강습(입시학원등),계약불이행(불완전이행)
2024011564,2024-02-28,여자,30 - 39세,인천광역시,방문판매,피부·체형관리서비스,청약철회
2024011565,2024-02-28,남자,20 - 29세,서울특별시,일반판매,종합체육시설회원권,계약해제.해지/위약금
2024011566,2024-02-28,남자,20 - 29세,서울특별시,국내온라인거래,인터넷정보이용서비스,단순문의.상담
2024011567,2024-02-28,여자,30 - 39세,경상남도,방문판매,커튼,청약철회
2024011568,2024-02-28,남자,40 - 49세,경기도,국제온라인거래,기타책상·테이블류,청약철회
2024011569,2024-02-28,여자,30 - 39세,서울특별시,국내온라인거래,기타의류·섬유,표시.광고
2024011570,2024-02-28,남자,30 - 39세,경기도,기타,기타인테리어설비,계약불이행(불완전이행)
2024011571,2024-02-28,여자,30 - 39세,서울특별시,국내온라인거래,잡지,청약철회
2024011572,2024-02-28,남자,30 - 39세,광주광역시,일반판매,피부·체형관리서비스,계약해제.해지/위약금
2024011573,2024-02-28,여자,20 - 29세,인천광역시,일반판매,헬스장,계약해제.해지/위약금
2024011574,2024-02-28,여자,20 - 29세,광주광역시,기타통신판매,보석·귀금속,계약불이행(불완전이행)
2024011575,2024-02-28,남자,40 - 49세,서울특별시,국내온라인거래,셔츠,청약철회
2024011576,2024-02-28,여자,30 - 39세,충청남도,국내온라인거래,캐주얼바지,표시.광고
2024011577,2024-02-28,남자,20 - 29세,서울특별시,기타,기타미분류서비스,부당행위
2024011578,2024-02-28,여자,30 - 39세,전라남도,국내온라인거래,학습지,계약해제.해지/위약금
2024011579,2024-02-28,남자,40 - 49세,서울특별시,모바일거래,인터넷게임서비스,청약철회
2024011580,2024-02-28,여자,30 - 39세,충청북도,국내온라인거래,숙녀화(구두·부츠 등),계약불이행(불완전이행)
2024011581,2024-02-28,여자,30 - 39세,서울특별시,국내온라인거래,기타통신기기,계약불이행(불완전이행)
2024011582,2024-02-28,남자,60 - 64세,서울특별시,일반판매,즉석조리식품,안전(제품/시설)
2024011583,2024-02-28,남자,40 - 49세,서울특별시,국내온라인거래,국내결혼중개,계약해제.해지/위약금
2024011584,2024-02-28,여자,20 - 29세,대구광역시,국제온라인거래,기타의류·섬유,청약철회
2024011585,2024-02-28,여자,40 - 49세,대구광역시,기타,항공여객운송서비스,계약불이행(불완전이행)
2024011586,2024-02-28,여자,30 - 39세,경기도,기타,택배화물운송서비스,품질(물품/용역)
2024011587,2024-02-28,여자,30 - 39세,경기도,국내온라인거래,침대,품질(물품/용역)
2024011588,2024-02-29,남자,30 - 39세,경기도,국내온라인거래,전기장판,품질(물품/용역)
2024011589,2024-02-29,여자,20 - 29세,충청북도,국내온라인거래,호텔,계약해제.해지/위약금
2024011592,2024-02-29,여자,40 - 49세,인천광역시,국내온라인거래,기타가사용품,품질(물품/용역)
2024011593,2024-02-29,여자,40 - 49세,충청남도,국내온라인거래,기타주거관리설비,계약불이행(불완전이행)
2024011595,2024-02-29,여자,20 - 29세,서울특별시,모바일거래,기타정보이용서비스,계약해제.해지/위약금
2024011596,2024-02-29,여자,50 - 59세,경기도,국내온라인거래,기타사설강습서비스,계약해제.해지/위약금
2024011597,2024-02-29,여자,30 - 39세,경기도,국내온라인거래,기타신발·용품,계약불이행(불완전이행)
2024011598,2024-02-29,여자,40 - 49세,서울특별시,국내온라인거래,아파트,거래관행
2024011599,2024-02-29,여자,50 - 59세,경기도,국내온라인거래,기타일반화장품,계약불이행(불완전이행)
2024011600,2024-02-29,남자,60 - 64세,인천광역시,국내온라인거래,운동화,청약철회
2024011601,2024-02-29,남자,40 - 49세,경기도,국내온라인거래,전기진공청소기,품질(물품/용역)
2024011602,2024-02-29,여자,50 - 59세,경기도,일반판매,자동차리스,부당행위
2024011603,2024-02-29,남자,30 - 39세,서울특별시,국내온라인거래,헬스장,계약해제.해지/위약금
2024011604,2024-02-29,여자,65 - 69세,경기도,일반판매,기타침대류,AS불만
2024011605,2024-02-29,여자,60 - 64세,인천광역시,방문판매,건강(암·기타질병)보험,계약불이행(불완전이행)
2024011606,2024-02-29,남자,30 - 39세,경기도,일반판매,중고자동차중개·매매,표시.광고
2024011607,2024-02-29,남자,50 - 59세,서울특별시,국내온라인거래,전기자전거,품질(물품/용역)
2024011608,2024-02-29,여자,30 - 39세,경기도,국내온라인거래,항공여객운송서비스,계약불이행(불완전이행)
2024011609,2024-02-29,여자,30 - 39세,울산광역시,일반판매,필라테스,계약해제.해지/위약금
2024011610,2024-02-29,여자,20 - 29세,인천광역시,기타,기타병·의원서비스,품질(물품/용역)
2024011611,2024-02-29,여자,20 - 29세,광주광역시,국내온라인거래,기타자동차부품,품질(물품/용역)
2024011612,2024-02-29,남자,30 - 39세,대구광역시,방문판매,기타전기·승강설비,계약불이행(불완전이행)
2024011613,2024-02-29,남자,30 - 39세,서울특별시,국내온라인거래,차량네비게이션(자동항법장치),품질(물품/용역)
2024011614,2024-02-29,남자,40 - 49세,서울특별시,일반판매,기타병·의원서비스,품질(물품/용역)
2024011615,2024-02-29,여자,20 - 29세,부산광역시,국내온라인거래,기타간편복,청약철회
2024011616,2024-02-29,여자,30 - 39세,부산광역시,일반판매,기타자동차용품,AS불만
2024011618,2024-02-29,남자,30 - 39세,경기도,국내온라인거래,항공여객운송서비스,계약해제.해지/위약금
2024011619,2024-02-29,남자,30 - 39세,광주광역시,국내온라인거래,중고자동차중개·매매,표시.광고
2024011620,2024-02-29,여자,40 - 49세,서울특별시,일반판매,초고속인터넷,품질(물품/용역)
2024011621,2024-02-29,남자,30 - 39세,서울특별시,기타,자동차세차,계약불이행(불완전이행)
2024011622,2024-02-29,남자,40 - 49세,서울특별시,국내온라인거래,노트북컴퓨터,계약불이행(불완전이행)
2024011623,2024-02-29,남자,50 - 59세,충청남도,모바일거래,남자용내의류,부당행위
2024011624,2024-02-29,여자,40 - 49세,충청북도,소셜커머스(쇼핑),기타숙박시설,계약해제.해지/위약금
2024011625,2024-02-29,남자,30 - 39세,경기도,방문판매,콘도회원권,계약해제.해지/위약금
2024011626,2024-02-29,남자,65 - 69세,제주도,기타통신판매,기타금융상품,청약철회
2024011627,2024-02-29,여자,30 - 39세,경기도,기타통신판매,국외여행,계약해제.해지/위약금
2024011628,2024-02-29,남자,20 - 29세,서울특별시,일반판매,헬스장,계약해제.해지/위약금
2024011629,2024-02-29,남자,30 - 39세,서울특별시,일반판매,헬스장,계약해제.해지/위약금
2024011630,2024-02-29,여자,40 - 49세,서울특별시,모바일거래,기타자동차부품,계약불이행(불완전이행)
2024011631,2024-02-29,남자,60 - 64세,경기도,일반판매,냉장고,거래관행
2024011632,2024-02-29,여자,30 - 39세,부산광역시,국내온라인거래,비타민제,계약불이행(불완전이행)
2024011633,2024-02-29,남자,40 - 49세,경기도,기타통신판매,선반침대,청약철회
2024011634,2024-02-29,여자,40 - 49세,경상남도,기타,투자자문(컨설팅),표시.광고
2024011635,2024-02-29,남자,30 - 39세,강원특별자치도,기타,중형승합자동차,부당행위
2024011637,2024-02-29,여자,40 - 49세,경기도,일반판매,중형승용자동차,AS불만
2024011638,2024-02-29,여자,40 - 49세,서울특별시,국내온라인거래,식기세척기,품질(물품/용역)
2024011639,2024-02-29,여자,40 - 49세,서울특별시,국내온라인거래,액정보호필름,계약해제.해지/위약금
2024011640,2024-02-29,남자,불명,서울특별시,국내온라인거래,기타건강식품,표시.광고
2024011641,2024-02-29,남자,40 - 49세,인천광역시,국내온라인거래,인터넷정보이용서비스,계약불이행(불완전이행)
2024011642,2024-02-29,남자,40 - 49세,서울특별시,국내온라인거래,헤드폰·이어폰,품질(물품/용역)
2024011643,2024-02-29,여자,40 - 49세,서울특별시,모바일거래,호텔,청약철회
2024011644,2024-02-29,남자,40 - 49세,서울특별시,기타통신판매,변호서비스,계약해제.해지/위약금
2024011645,2024-02-29,여자,40 - 49세,전라북도,일반판매,이동전화서비스,계약불이행(불완전이행)
2024011647,2024-02-29,남자,50 - 59세,경기도,일반판매,성형외과,품질(물품/용역)
2024011648,2024-02-29,남자,40 - 49세,서울특별시,국내온라인거래,위스키,계약해제.해지/위약금
2024011649,2024-03-12,여자,40 - 49세,경기도,일반판매,양복(서양식 의복)세탁,품질(물품/용역)
2024011650,2024-03-06,여자,30 - 39세,경기도,국내온라인거래,점퍼·재킷류,품질(물품/용역)
2024011651,2024-02-29,남자,40 - 49세,인천광역시,일반판매,헬스장,계약해제.해지/위약금
2024011652,2024-02-29,남자,20 - 29세,경상북도,기타통신판매,기타숙박시설,부당행위
2024011653,2024-02-29,여자,40 - 49세,경기도,일반판매,헬스장,계약해제.해지/위약금
2024011654,2024-02-29,남자,30 - 39세,충청북도,소셜커머스(쇼핑),숙녀화(구두·부츠 등),계약불이행(불완전이행)
2024011655,2024-02-29,여자,40 - 49세,경상북도,전화권유판매,유사투자자문,계약불이행(불완전이행)
2024011656,2024-02-29,남자,30 - 39세,경기도,일반판매,헬스장,계약해제.해지/위약금
2024011657,2024-02-29,여자,20 - 29세,경기도,전화권유판매,모바일정보이용서비스,계약해제.해지/위약금
2024011658,2024-02-29,남자,30 - 39세,인천광역시,일반판매,택배화물운송서비스,품질(물품/용역)
2024011660,2024-02-29,여자,60 - 64세,경기도,일반판매,골프용품,AS불만
2024011661,2024-02-29,남자,20 - 29세,충청남도,일반판매,헬스장,계약해제.해지/위약금
2024011662,2024-02-29,여자,20 - 29세,충청남도,국내온라인거래,택배화물운송서비스,계약불이행(불완전이행)
2024011663,2024-02-29,남자,40 - 49세,경기도,일반판매,김치냉장고,품질(물품/용역)
2024011664,2024-02-29,여자,30 - 39세,충청북도,일반판매,음식물처리기대여(렌트),표시.광고
2024011668,2024-02-29,남자,50 - 59세,전라남도,일반판매,건강(암·기타질병)보험,계약불이행(불완전이행)
2024011669,2024-02-29,남자,40 - 49세,경기도,일반판매,전기장판,안전(제품/시설)
2024011670,2024-02-29,남자,40 - 49세,경기도,일반판매,아이스크림,품질(물품/용역)
2024011671,2024-02-29,여자,40 - 49세,서울특별시,기타,기타이·미용서비스,계약해제.해지/위약금
2024011672,2024-02-29,여자,불명,서울특별시,국내온라인거래,향수,청약철회
2024011673,2024-02-29,여자,불명,광주광역시,기타,영화관람,표시.광고
2024011674,2024-02-29,여자,20 - 29세,서울특별시,일반판매,고시원이용,계약해제.해지/위약금
2024011675,2024-02-29,남자,20 - 29세,전라북도,국내온라인거래,기타이동통신,품질(물품/용역)
2024011676,2024-02-29,남자,10 - 19세,인천광역시,전화권유판매,IPTV,계약해제.해지/위약금
2024011677,2024-02-29,남자,40 - 49세,해외 및 기타,일반판매,정수기대여(렌트),계약해제.해지/위약금
2024011678,2024-02-29,남자,50 - 59세,경기도,국내온라인거래,전기밥솥,청약철회
2024011679,2024-03-12,여자,65 - 69세,부산광역시,일반판매,양복(서양식 의복)세탁,품질(물품/용역)
2024011680,2024-02-29,여자,불명,세종특별자치시,국내온라인거래,티셔츠,청약철회
2024011681,2024-02-29,남자,20 - 29세,경기도,국내온라인거래,항공여객운송서비스,표시.광고
2024011682,2024-02-29,여자,50 - 59세,대구광역시,기타,건강(암·기타질병)보험,계약불이행(불완전이행)
2024011683,2024-02-29,여자,20 - 29세,경기도,일반판매,헬스장,청약철회
2024011686,2024-02-29,여자,30 - 39세,경기도,일반판매,기타세탁서비스,가격.요금
2024011687,2024-02-29,여자,70 - 79세,서울특별시,전화권유판매,유사투자자문,계약불이행(불완전이행)
2024011688,2024-02-29,남자,30 - 39세,경기도,국내온라인거래,건물청소서비스,계약해제.해지/위약금
2024011689,2024-02-29,여자,20 - 29세,광주광역시,일반판매,미분류대여(렌트),계약해제.해지/위약금
2024011690,2024-02-29,여자,30 - 39세,서울특별시,일반판매,미용서비스,계약불이행(불완전이행)
2024011695,2024-02-29,남자,50 - 59세,인천광역시,방문판매,실손보험,계약불이행(불완전이행)
2024011697,2024-02-29,남자,20 - 29세,전라남도,전화권유판매,인터넷정보이용서비스,계약불이행(불완전이행)
2024011698,2024-03-07,여자,20 - 29세,경기도,국내온라인거래,점퍼·재킷류,품질(물품/용역)
2024011699,2024-02-29,남자,30 - 39세,인천광역시,일반판매,기타문화·오락시설이용,품질(물품/용역)
2024011700,2024-02-29,여자,40 - 49세,경기도,모바일거래,숙녀화(구두·부츠 등),계약불이행(불완전이행)
2024011701,2024-02-29,남자,70 - 79세,서울특별시,기타통신판매,골프회원권,계약해제.해지/위약금
2024011702,2024-03-07,남자,30 - 39세,경상남도,일반판매,아동복,품질(물품/용역)
2024011703,2024-02-29,여자,30 - 39세,부산광역시,일반판매,한의원,계약해제.해지/위약금
2024011704,2024-02-29,여자,40 - 49세,경기도,국내온라인거래,니트(스웨터),청약철회
2024011705,2024-03-07,여자,30 - 39세,서울특별시,일반판매,무스탕,품질(물품/용역)
2024011706,2024-02-29,여자,40 - 49세,인천광역시,모바일거래,숙녀화(구두·부츠 등),청약철회
2024011707,2024-02-29,여자,40 - 49세,세종특별자치시,국내온라인거래,비타민제,계약불이행(불완전이행)
2024011708,2024-02-29,여자,30 - 39세,경기도,일반판매,소형승용자동차,품질(물품/용역)
2024011709,2024-02-29,여자,20 - 29세,경기도,일반판매,예식서비스,계약해제.해지/위약금
2024011710,2024-02-29,남자,40 - 49세,서울특별시,국내온라인거래,애완동물기타,청약철회
2024011711,2024-02-29,남자,40 - 49세,서울특별시,기타통신판매,이동전화서비스,부당행위
2024011712,2024-02-29,남자,30 - 39세,울산광역시,소셜커머스(쇼핑),스마트폰,부당행위
2024011713,2024-02-29,남자,10 - 19세,경기도,국내온라인거래,모바일게임서비스,무능력자계약
2024011714,2024-02-29,여자,20 - 29세,서울특별시,기타,일반강습(입시학원등),계약해제.해지/위약금
2024011715,2024-02-29,여자,30 - 39세,경기도,소셜커머스(쇼핑),식탁,AS불만
2024011716,2024-02-29,여자,30 - 39세,경기도,소셜커머스(쇼핑),캐주얼바지,청약철회
2024011717,2024-02-29,여자,20 - 29세,서울특별시,국내온라인거래,숙녀화(구두·부츠 등),청약철회
2024011718,2024-02-29,남자,30 - 39세,전라남도,국내온라인거래,공업용기계,청약철회
2024011719,2024-02-29,남자,40 - 49세,대전광역시,기타,버스여객운송서비스,단순문의.상담
2024011720,2024-02-29,여자,30 - 39세,인천광역시,국내온라인거래,펜션,계약해제.해지/위약금
2024011721,2024-02-29,남자,30 - 39세,서울특별시,국내온라인거래,호텔,계약불이행(불완전이행)
2024011722,2024-02-29,여자,30 - 39세,서울특별시,국내온라인거래,책장·서가,청약철회
2024011723,2024-02-29,남자,20 - 29세,경기도,국내온라인거래,항공여객운송서비스,계약불이행(불완전이행)
2024011724,2024-02-29,남자,50 - 59세,대전광역시,방문판매,소파,계약불이행(불완전이행)
2024011725,2024-02-29,남자,30 - 39세,경기도,TV홈쇼핑,음식물처리기대여(렌트),계약해제.해지/위약금
2024011726,2024-02-29,남자,40 - 49세,제주도,기타,노트북컴퓨터,AS불만
2024011727,2024-02-29,여자,30 - 39세,서울특별시,기타통신판매,서랍장,계약불이행(불완전이행)
2024011728,2024-02-29,여자,30 - 39세,전라남도,국내온라인거래,기타의류·섬유,청약철회
2024011729,2024-02-29,남자,20 - 29세,광주광역시,방문판매,헬스장,계약해제.해지/위약금
2024011730,2024-02-29,남자,10 - 19세,서울특별시,국내온라인거래,인터넷교육서비스,계약해제.해지/위약금
2024011731,2024-02-29,여자,40 - 49세,경기도,모바일거래,모바일정보이용서비스,청약철회
2024011732,2024-02-29,여자,40 - 49세,부산광역시,일반판매,아파트,계약해제.해지/위약금
2024011733,2024-02-29,여자,30 - 39세,경기도,일반판매,결혼준비대행서비스,청약철회
2024011734,2024-02-29,여자,30 - 39세,인천광역시,국내온라인거래,택배화물운송서비스,계약불이행(불완전이행)
2024011735,2024-02-29,여자,30 - 39세,서울특별시,국내온라인거래,통신기기케이스,청약철회
2024011736,2024-02-29,여자,30 - 39세,세종특별자치시,기타,필라테스,계약해제.해지/위약금
2024011737,2024-02-29,남자,40 - 49세,인천광역시,일반판매,종합체육시설회원권,계약해제.해지/위약금
2024011738,2024-02-29,여자,20 - 29세,경기도,일반판매,헬스장,계약해제.해지/위약금
2024011739,2024-02-29,여자,50 - 59세,경기도,국내온라인거래,스프링매트리스,품질(물품/용역)
2024011740,2024-02-29,여자,20 - 29세,인천광역시,국내온라인거래,기타숙박시설,청약철회
2024011741,2024-02-29,여자,20 - 29세,경기도,국내온라인거래,영화관람,계약불이행(불완전이행)
2024011742,2024-02-29,남자,30 - 39세,경기도,국내온라인거래,도어록,부당행위
2024011743,2024-02-29,여자,50 - 59세,인천광역시,기타통신판매,일반이사운송서비스,계약불이행(불완전이행)
2024011744,2024-02-29,남자,40 - 49세,대구광역시,국내온라인거래,TV,품질(물품/용역)
2024011745,2024-02-29,남자,40 - 49세,서울특별시,국내온라인거래,기타숙박시설,청약철회
2024011746,2024-02-29,여자,40 - 49세,서울특별시,국내온라인거래,점퍼·재킷류,품질(물품/용역)
2024011747,2024-02-29,남자,20 - 29세,경기도,방문판매,신사복세트,청약철회
2024011748,2024-02-29,여자,20 - 29세,경기도,국내온라인거래,코트,청약철회
2024011749,2024-02-29,여자,30 - 39세,서울특별시,일반판매,예식서비스,계약해제.해지/위약금
2024011750,2024-02-29,여자,30 - 39세,경기도,일반판매,국외여행,계약불이행(불완전이행)
2024011751,2024-02-29,남자,50 - 59세,서울특별시,기타,기타미분류서비스,계약불이행(불완전이행)
2024011752,2024-02-29,여자,30 - 39세,서울특별시,일반판매,아파트,AS불만
2024011753,2024-02-29,여자,30 - 39세,부산광역시,국내온라인거래,국외여행,부당행위
2024011754,2024-02-29,여자,50 - 59세,서울특별시,모바일거래,스포츠웨어,계약불이행(불완전이행)
2024011755,2024-02-29,남자,30 - 39세,서울특별시,일반판매,기타사설강습서비스,청약철회
2024011756,2024-02-29,여자,20 - 29세,부산광역시,국내온라인거래,통신기기케이스,계약해제.해지/위약금
2024011757,2024-02-29,남자,40 - 49세,경기도,국내온라인거래,기타스포츠·레저기구·용품,품질(물품/용역)
2024011758,2024-02-29,남자,30 - 39세,대구광역시,국내온라인거래,기타자동차부품,청약철회
2024011759,2024-02-29,여자,50 - 59세,경기도,국내온라인거래,기타사무용품,품질(물품/용역)
2024011760,2024-02-29,여자,20 - 29세,경기도,일반판매,이동전화서비스,계약불이행(불완전이행)
2024011761,2024-02-29,남자,50 - 59세,서울특별시,일반판매,정수기대여(렌트),계약불이행(불완전이행)
2024011762,2024-02-29,남자,40 - 49세,경기도,국내온라인거래,항공여객운송서비스,계약불이행(불완전이행)
2024011763,2024-02-29,남자,40 - 49세,경기도,국제온라인거래,티셔츠,청약철회
2024011764,2024-02-29,남자,30 - 39세,경기도,소셜커머스(쇼핑),서랍장,청약철회
2024011765,2024-02-29,남자,30 - 39세,경기도,기타,인터넷정보이용서비스,청약철회
2024011766,2024-02-29,여자,20 - 29세,대구광역시,일반판매,필라테스,계약불이행(불완전이행)
2024011767,2024-02-29,여자,30 - 39세,인천광역시,국내온라인거래,기타가방,청약철회
2024011768,2024-02-29,남자,20 - 29세,경기도,국제온라인거래,악기용품,청약철회
2024011769,2024-02-29,여자,30 - 39세,부산광역시,국내온라인거래,의자,청약철회
2024011770,2024-02-29,여자,30 - 39세,인천광역시,국내온라인거래,CD·LD·DVD(영화·음악·게임),부당행위
2024011771,2024-02-29,여자,30 - 39세,서울특별시,국내온라인거래,스마트폰,계약불이행(불완전이행)
2024011772,2024-02-29,여자,30 - 39세,서울특별시,전화권유판매,미분류컨설팅(자문),계약해제.해지/위약금
2024011773,2024-02-29,여자,20 - 29세,세종특별자치시,일반판매,결혼준비대행서비스,계약해제.해지/위약금
2024011774,2024-02-29,남자,30 - 39세,경기도,일반판매,예식서비스,계약해제.해지/위약금
2024011775,2024-02-29,여자,30 - 39세,경기도,국내온라인거래,택배화물운송서비스,부당행위
2024011776,2024-02-29,여자,30 - 39세,경상남도,일반판매,기타인테리어설비,청약철회
2024011777,2024-02-29,여자,20 - 29세,경기도,일반판매,기타회원권,계약해제.해지/위약금
2024011778,2024-02-29,남자,30 - 39세,부산광역시,일반판매,스마트폰,품질(물품/용역)
2024011779,2024-02-29,남자,20 - 29세,서울특별시,일반판매,헬스장,계약해제.해지/위약금
2024011780,2024-02-29,남자,30 - 39세,서울특별시,일반판매,기타가구,품질(물품/용역)
2024011781,2024-02-29,여자,50 - 59세,대구광역시,국내온라인거래,핸드백,청약철회
2024011782,2024-02-29,남자,30 - 39세,경기도,국내온라인거래,닭고기포장육,거래관행
2024011783,2024-02-29,여자,30 - 39세,서울특별시,소셜커머스(쇼핑),스웨터,청약철회
2024011784,2024-02-29,남자,50 - 59세,전라북도,기타,아파트,품질(물품/용역)
2024011785,2024-02-29,여자,50 - 59세,경기도,국내온라인거래,기타숙박시설,계약해제.해지/위약금
2024011786,2024-02-29,남자,50 - 59세,경기도,기타,자동차주유,계약해제.해지/위약금
2024011787,2024-02-29,여자,30 - 39세,경상남도,국내온라인거래,기타미분류물품,청약철회
2024011788,2024-02-29,남자,30 - 39세,인천광역시,모바일거래,지갑,청약철회
2024011789,2024-02-29,남자,50 - 59세,광주광역시,일반판매,무선전화기,계약불이행(불완전이행)
2024011790,2024-02-29,여자,30 - 39세,서울특별시,국내온라인거래,항공여객운송서비스,부당행위
2024011791,2024-02-29,여자,30 - 39세,경기도,국내온라인거래,보석·귀금속,계약불이행(불완전이행)
2024011792,2024-02-29,남자,30 - 39세,서울특별시,방문판매,콘도회원권,청약철회
2024011793,2024-02-29,여자,20 - 29세,서울특별시,모바일거래,항공여객운송서비스,계약불이행(불완전이행)
2024011794,2024-02-29,남자,40 - 49세,서울특별시,국내온라인거래,헤드폰·이어폰,계약불이행(불완전이행)
2024011795,2024-02-29,여자,30 - 39세,서울특별시,국내온라인거래,미용서비스,계약불이행(불완전이행)
2024011796,2024-02-29,남자,40 - 49세,경기도,소셜커머스(쇼핑),사진촬영,계약해제.해지/위약금
2024011797,2024-02-29,여자,30 - 39세,경상북도,국내온라인거래,기타간편복,청약철회
2024011798,2024-02-29,여자,40 - 49세,서울특별시,모바일거래,모바일정보이용서비스,부당행위
2024011799,2024-02-29,남자,20 - 29세,서울특별시,국내온라인거래,의자,청약철회
2024011800,2024-02-29,남자,65 - 69세,서울특별시,일반판매,미분류대여(렌트),계약해제.해지/위약금
2024011801,2024-02-29,남자,50 - 59세,경상남도,일반판매,소파,품질(물품/용역)
2024011802,2024-02-29,여자,20 - 29세,울산광역시,국제온라인거래,기타숙박시설,표시.광고
2024011803,2024-02-29,여자,20 - 29세,서울특별시,방문판매,결혼준비대행서비스,청약철회
2024011804,2024-02-29,남자,50 - 59세,인천광역시,기타,시계,품질(물품/용역)
2024011805,2024-02-29,남자,20 - 29세,경기도,국내온라인거래,헤드폰·이어폰,계약불이행(불완전이행)
2024011806,2024-02-29,남자,60 - 64세,서울특별시,기타,헬스장,계약해제.해지/위약금
2024011807,2024-02-29,여자,10 - 19세,서울특별시,일반판매,인터넷교육서비스,계약불이행(불완전이행)
2024011808,2024-02-29,남자,30 - 39세,경기도,국내온라인거래,스웨터,청약철회
2024011809,2024-02-29,남자,30 - 39세,경상남도,일반판매,기타어패류·어패류가공식품,품질(물품/용역)
2024011810,2024-02-29,남자,40 - 49세,서울특별시,일반판매,정수기대여(렌트),표시.광고
2024011811,2024-02-29,남자,30 - 39세,경기도,일반판매,의상대여(렌트),계약해제.해지/위약금
2024011812,2024-02-29,남자,40 - 49세,전라남도,기타,정수기대여(렌트),부당행위
2024011813,2024-02-29,남자,30 - 39세,경기도,방문판매,보석·귀금속,청약철회
2024011814,2024-02-29,여자,20 - 29세,서울특별시,국내온라인거래,기타교육서비스,계약해제.해지/위약금
2024011815,2024-02-29,여자,50 - 59세,강원특별자치도,국내온라인거래,의자,청약철회
2024011816,2024-02-29,남자,50 - 59세,경기도,국내온라인거래,커피메이커,청약철회
2024011817,2024-02-29,남자,40 - 49세,경기도,국내온라인거래,감귤,청약철회
2024011818,2024-02-29,남자,30 - 39세,전라북도,기타통신판매,사진촬영,계약불이행(불완전이행)
2024011819,2024-02-29,남자,65 - 69세,서울특별시,국내온라인거래,전기진공청소기,품질(물품/용역)
2024011820,2024-02-29,남자,30 - 39세,대구광역시,기타,헬스장,청약철회
2024011821,2024-02-29,여자,30 - 39세,경기도,국내온라인거래,전기오븐레인지,가격.요금
2024011822,2024-02-29,남자,40 - 49세,서울특별시,국내온라인거래,악기용품,품질(물품/용역)
2024011823,2024-02-29,여자,50 - 59세,서울특별시,일반판매,헬스장,계약해제.해지/위약금
2024011824,2024-02-29,남자,40 - 49세,충청남도,다단계판매,기타의료용구,계약불이행(불완전이행)
2024011825,2024-02-29,여자,20 - 29세,대구광역시,방문판매,결혼준비대행서비스,계약해제.해지/위약금
2024011826,2024-02-29,여자,20 - 29세,경기도,국내온라인거래,소파,품질(물품/용역)
2024011827,2024-02-29,여자,20 - 29세,서울특별시,국내온라인거래,항공여객운송서비스,계약해제.해지/위약금
2024011828,2024-02-29,여자,30 - 39세,서울특별시,국내온라인거래,기타의류·섬유,청약철회
2024011901,2024-03-01,여자,40 - 49세,인천광역시,국내온라인거래,기타스포츠·레저기구·용품,품질(물품/용역)
2024011902,2024-03-01,남자,30 - 39세,경기도,국내온라인거래,기타놀이·게임기구,계약불이행(불완전이행)
2024011903,2024-03-01,여자,40 - 49세,서울특별시,기타,항공여객운송서비스,계약불이행(불완전이행)
2024011904,2024-03-01,남자,10 - 19세,경기도,소셜커머스(쇼핑),기타음향기기,청약철회
2024011905,2024-03-01,남자,10 - 19세,경기도,국내온라인거래,침대,청약철회
2024011906,2024-03-01,여자,20 - 29세,부산광역시,일반판매,필라테스,계약불이행(불완전이행)
2024011907,2024-03-01,남자,30 - 39세,경상남도,일반판매,예식서비스,계약해제.해지/위약금
2024011908,2024-03-01,남자,30 - 39세,경기도,모바일거래,인터넷정보이용서비스,계약불이행(불완전이행)
2024011909,2024-03-01,여자,50 - 59세,경기도,일반판매,전기의류건조기,안전(제품/시설)
2024011910,2024-03-01,여자,20 - 29세,충청남도,일반판매,피부·체형관리서비스,계약해제.해지/위약금
2024011911,2024-03-01,남자,30 - 39세,경기도,기타,헬스장,계약해제.해지/위약금
2024011912,2024-03-01,여자,30 - 39세,경기도,일반판매,헬스장,계약해제.해지/위약금
2024011913,2024-03-01,여자,30 - 39세,경기도,일반판매,애완견,AS불만
2024011914,2024-03-01,여자,50 - 59세,전라북도,일반판매,침대,계약불이행(불완전이행)
2024011915,2024-03-01,남자,50 - 59세,경기도,방문판매,기타건강식품,계약불이행(불완전이행)
2024011916,2024-03-01,남자,20 - 29세,인천광역시,국내온라인거래,호텔,청약철회
2024011917,2024-03-01,여자,30 - 39세,경기도,국내온라인거래,시계,계약불이행(불완전이행)
2024012001,2024-03-02,여자,10 - 19세,서울특별시,국내온라인거래,블라우스,청약철회
2024012002,2024-03-02,남자,40 - 49세,서울특별시,일반판매,국외여행,품질(물품/용역)
2024012003,2024-03-02,여자,20 - 29세,강원특별자치도,방문판매,헬스장,계약해제.해지/위약금
2024012004,2024-03-02,여자,20 - 29세,경기도,국내온라인거래,스피커,청약철회
2024012005,2024-03-02,남자,40 - 49세,대구광역시,일반판매,노트북컴퓨터,품질(물품/용역)
2024012006,2024-03-02,남자,60 - 64세,서울특별시,기타,포장이사운송서비스,가격.요금
2024012007,2024-03-02,여자,30 - 39세,경기도,모바일거래,호텔,계약해제.해지/위약금
2024012008,2024-03-02,남자,20 - 29세,인천광역시,방문판매,기타가스·급배수설비,계약해제.해지/위약금
2024012009,2024-03-02,여자,40 - 49세,인천광역시,일반판매,필라테스,계약해제.해지/위약금
2024012010,2024-03-02,여자,70 - 79세,서울특별시,일반판매,안마의자대여(렌트),품질(물품/용역)
2024012011,2024-03-02,남자,50 - 59세,대전광역시,국내온라인거래,기타컴퓨터·주변기기,계약해제.해지/위약금
2024012012,2024-03-02,남자,30 - 39세,서울특별시,소셜커머스(쇼핑),냉장고,품질(물품/용역)
2024012013,2024-03-02,여자,20 - 29세,경기도,국내온라인거래,여자용내의류,청약철회
2024012101,2024-03-03,여자,20 - 29세,인천광역시,국내온라인거래,헤어드라이어,품질(물품/용역)
2024012102,2024-03-03,여자,40 - 49세,전라북도,일반판매,휘발유,부당행위
2024012103,2024-03-03,남자,40 - 49세,경기도,일반판매,스마트폰,계약불이행(불완전이행)
2024012104,2024-03-03,남자,40 - 49세,대구광역시,전화권유판매,국내결혼중개,계약불이행(불완전이행)
2024012105,2024-03-03,남자,40 - 49세,충청북도,일반판매,국내결혼중개,계약불이행(불완전이행)
2024012106,2024-03-03,여자,50 - 59세,경기도,국내온라인거래,기타재봉·세탁·청소용품,청약철회
2024012107,2024-03-03,남자,30 - 39세,대전광역시,일반판매,기타어패류·어패류가공식품,품질(물품/용역)
2024012108,2024-03-03,여자,50 - 59세,인천광역시,일반판매,택배화물운송서비스,부당행위
2024012109,2024-03-03,남자,40 - 49세,경기도,일반판매,바닥재·마루공사,AS불만
2024012110,2024-03-03,여자,20 - 29세,서울특별시,일반판매,사진촬영,부당행위
2024012111,2024-03-03,남자,20 - 29세,경기도,일반판매,헬스장,계약해제.해지/위약금
2024012112,2024-03-03,남자,불명,서울특별시,일반판매,기타매체광고,계약해제.해지/위약금
2024012113,2024-03-03,남자,40 - 49세,인천광역시,국내온라인거래,TV,AS불만
2024012114,2024-03-03,남자,40 - 49세,대구광역시,일반판매,이동전화서비스,계약불이행(불완전이행)
2024012115,2024-03-03,남자,20 - 29세,서울특별시,일반판매,헬스장,계약해제.해지/위약금
2024012116,2024-03-03,남자,40 - 49세,경상북도,국제온라인거래,항공여객운송서비스,계약해제.해지/위약금
2024012117,2024-03-03,여자,50 - 59세,경기도,방문판매,안마의자대여(렌트),계약해제.해지/위약금
2024012118,2024-03-03,남자,20 - 29세,경기도,일반판매,예식서비스,청약철회
2024012119,2024-03-01,남자,40 - 49세,경기도,국내온라인거래,선풍기,안전(제품/시설)
2024012120,2024-03-04,여자,30 - 39세,경기도,TV홈쇼핑,국외여행,계약해제.해지/위약금
2024012121,2024-03-04,남자,불명,경기도,일반판매,이동전화서비스,계약불이행(불완전이행)
2024012122,2024-03-04,여자,30 - 39세,서울특별시,일반판매,헬스장,계약해제.해지/위약금
2024012123,2024-03-04,여자,30 - 39세,제주도,기타,기타매체광고,계약불이행(불완전이행)
2024012124,2024-03-04,여자,불명,서울특별시,국내온라인거래,펜션,계약해제.해지/위약금
2024012125,2024-03-04,여자,20 - 29세,대구광역시,국내온라인거래,인터넷교육서비스,계약불이행(불완전이행)
2024012127,2024-03-04,여자,30 - 39세,경기도,일반판매,헬스장,계약해제.해지/위약금
2024012128,2024-03-04,남자,불명,서울특별시,소셜커머스(쇼핑),인터넷정보이용서비스,부당행위
2024012129,2024-03-04,여자,40 - 49세,경기도,기타,기타투자상품,계약해제.해지/위약금
2024012130,2024-03-04,여자,60 - 64세,인천광역시,일반판매,기타곡류·곡류가공식품,품질(물품/용역)
2024012131,2024-03-04,남자,40 - 49세,인천광역시,소셜커머스(쇼핑),침대,품질(물품/용역)
2024012132,2024-03-04,남자,40 - 49세,경기도,국내온라인거래,항공여객운송서비스,청약철회
2024012133,2024-03-04,남자,20 - 29세,경기도,일반판매,스프링매트리스,품질(물품/용역)
2024012134,2024-03-04,남자,70 - 79세,경상남도,전화권유판매,기타건강식품,청약철회
2024012135,2024-03-04,남자,65 - 69세,서울특별시,국내온라인거래,교통카드,부당행위
2024012137,2024-03-04,남자,30 - 39세,인천광역시,국내온라인거래,기타가방,계약불이행(불완전이행)
2024012138,2024-03-04,남자,20 - 29세,경기도,일반판매,헬스장,계약불이행(불완전이행)
2024012139,2024-03-04,여자,50 - 59세,서울특별시,국내온라인거래,유사투자자문,계약불이행(불완전이행)
2024012140,2024-03-04,여자,20 - 29세,충청남도,기타통신판매,인터넷교육서비스,계약해제.해지/위약금
2024012141,2024-03-04,여자,20 - 29세,대구광역시,일반판매,헬스장,계약해제.해지/위약금
2024012142,2024-03-07,여자,30 - 39세,서울특별시,일반판매,양복(서양식 의복)세탁,품질(물품/용역)
2024012143,2024-03-04,여자,20 - 29세,인천광역시,일반판매,헬스장,계약해제.해지/위약금
2024012144,2024-03-04,남자,불명,경상북도,국내온라인거래,컵,계약불이행(불완전이행)
2024012145,2024-03-04,여자,30 - 39세,서울특별시,국내온라인거래,항공여객운송서비스,계약불이행(불완전이행)
2024012146,2024-03-04,여자,65 - 69세,서울특별시,일반판매,소파,계약해제.해지/위약금
2024012147,2024-03-04,남자,50 - 59세,충청북도,모바일거래,골프회원권,계약불이행(불완전이행)
2024012148,2024-03-07,남자,30 - 39세,서울특별시,일반판매,양복(서양식 의복)세탁,품질(물품/용역)
2024012149,2024-03-04,여자,50 - 59세,경상북도,국내온라인거래,커피,계약불이행(불완전이행)
2024012150,2024-03-04,남자,60 - 64세,경기도,국내온라인거래,기타음향기기,청약철회
2024012151,2024-03-04,여자,50 - 59세,경상남도,국내온라인거래,기타가구,계약불이행(불완전이행)
2024012152,2024-03-04,여자,60 - 64세,전라북도,일반판매,실손보험,계약불이행(불완전이행)
2024012154,2024-03-07,여자,60 - 64세,서울특별시,일반판매,니트(스웨터),품질(물품/용역)
2024012155,2024-03-04,여자,60 - 64세,경기도,일반판매,이동전화서비스,계약불이행(불완전이행)
2024012157,2024-03-04,남자,40 - 49세,인천광역시,방문판매,이동전화서비스,계약불이행(불완전이행)
2024012158,2024-03-04,남자,40 - 49세,경기도,국내온라인거래,TV,품질(물품/용역)
2024012160,2024-03-04,남자,70 - 79세,서울특별시,전화권유판매,기타건강식품,청약철회
2024012162,2024-03-06,여자,20 - 29세,전라북도,국내온라인거래,숙녀복상의,품질(물품/용역)
2024012163,2024-03-20,남자,40 - 49세,서울특별시,국내온라인거래,운동화,품질(물품/용역)
2024012164,2024-03-20,여자,40 - 49세,충청북도,일반판매,숙녀화(구두·부츠 등),품질(물품/용역)
2024012165,2024-03-12,남자,40 - 49세,대구광역시,일반판매,양복(서양식 의복)세탁,품질(물품/용역)
2024012167,2024-03-07,여자,30 - 39세,울산광역시,일반판매,양복(서양식 의복)세탁,품질(물품/용역)
2024012168,2024-03-04,여자,40 - 49세,부산광역시,일반판매,상해보험,계약불이행(불완전이행)
2024012173,2024-03-04,여자,40 - 49세,경기도,일반판매,성형외과,계약해제.해지/위약금
2024012174,2024-03-07,여자,40 - 49세,경상남도,일반판매,학생용가방,품질(물품/용역)
2024012175,2024-03-04,남자,20 - 29세,부산광역시,일반판매,헬스장,계약불이행(불완전이행)
2024012176,2024-03-04,남자,65 - 69세,경기도,일반판매,악기용품,품질(물품/용역)
2024012177,2024-03-04,남자,50 - 59세,경기도,일반판매,애완견,계약해제.해지/위약금
2024012178,2024-03-04,여자,80세이상,서울특별시,국내온라인거래,전기압력밥솥,품질(물품/용역)
2024012179,2024-03-04,남자,30 - 39세,경상남도,일반판매,TV,품질(물품/용역)
2024012180,2024-03-04,남자,30 - 39세,충청북도,국내온라인거래,항공여객운송서비스,계약해제.해지/위약금
2024012181,2024-03-04,남자,70 - 79세,전라북도,국내온라인거래,기타의료용구,약관
2024012182,2024-03-04,남자,40 - 49세,전라북도,국내온라인거래,타이어,청약철회
2024012183,2024-03-04,남자,20 - 29세,전라북도,국내온라인거래,국외여행,계약해제.해지/위약금
2024012184,2024-03-04,여자,40 - 49세,서울특별시,기타,무선인터넷,계약해제.해지/위약금
2024012185,2024-03-08,여자,20 - 29세,서울특별시,국내온라인거래,블라우스,품질(물품/용역)
2024012186,2024-03-04,여자,30 - 39세,경상남도,일반판매,전기자전거,계약해제.해지/위약금
2024012187,2024-03-07,여자,30 - 39세,충청남도,일반판매,양복(서양식 의복)세탁,품질(물품/용역)
2024012188,2024-03-04,남자,40 - 49세,서울특별시,일반판매,인터넷정보이용서비스,계약해제.해지/위약금
2024012189,2024-03-04,남자,40 - 49세,서울특별시,일반판매,호텔,계약불이행(불완전이행)
2024012190,2024-03-04,남자,40 - 49세,서울특별시,일반판매,기타인테리어설비,계약해제.해지/위약금
2024012191,2024-03-04,남자,70 - 79세,서울특별시,국내온라인거래,성기능향상기기,청약철회
2024012192,2024-03-04,여자,30 - 39세,경상남도,일반판매,피부과,계약해제.해지/위약금
2024012193,2024-03-04,여자,30 - 39세,경기도,국내온라인거래,전기오븐,계약불이행(불완전이행)
2024012194,2024-03-04,남자,40 - 49세,강원특별자치도,국내온라인거래,보석·귀금속,청약철회
2024012195,2024-03-04,여자,30 - 39세,경기도,일반판매,베개,계약해제.해지/위약금
2024012196,2024-03-07,여자,20 - 29세,서울특별시,국내온라인거래,스커트,품질(물품/용역)
2024012197,2024-03-04,남자,65 - 69세,서울특별시,국내온라인거래,항공여객운송서비스,계약해제.해지/위약금
2024012199,2024-03-07,여자,40 - 49세,울산광역시,일반판매,양복(서양식 의복)세탁,품질(물품/용역)
2024012200,2024-03-20,여자,50 - 59세,경상북도,일반판매,운동화,품질(물품/용역)
2024012203,2024-03-04,여자,60 - 64세,서울특별시,일반판매,전기압력밥솥,품질(물품/용역)
2024012204,2024-03-04,여자,50 - 59세,경기도,국내온라인거래,핸드백,계약불이행(불완전이행)
2024012205,2024-03-04,여자,60 - 64세,경기도,일반판매,택배화물운송서비스,품질(물품/용역)
2024012206,2024-03-08,여자,30 - 39세,서울특별시,일반판매,양복(서양식 의복)세탁,품질(물품/용역)
2024012207,2024-03-04,남자,70 - 79세,서울특별시,소셜커머스(쇼핑),인터넷정보이용서비스,부당행위
2024012208,2024-03-04,여자,40 - 49세,경상남도,국내온라인거래,핸드백,품질(물품/용역)
2024012209,2024-03-04,여자,70 - 79세,충청남도,일반판매,상해보험,계약불이행(불완전이행)
2024012210,2024-03-04,남자,불명,경기도,모바일거래,이동전화서비스,계약불이행(불완전이행)
2024012211,2024-03-04,여자,70 - 79세,부산광역시,기타,종신보험,계약불이행(불완전이행)
2024012214,2024-03-04,남자,불명,서울특별시,모바일거래,호텔,계약불이행(불완전이행)
2024012215,2024-03-07,여자,30 - 39세,경기도,국내온라인거래,점퍼·재킷류,품질(물품/용역)
2024012219,2024-03-04,여자,40 - 49세,경상북도,국내온라인거래,전자담배,안전(제품/시설)
2024012220,2024-03-04,여자,40 - 49세,서울특별시,일반판매,헬스장,계약해제.해지/위약금
2024012221,2024-03-04,여자,20 - 29세,경기도,소셜커머스(쇼핑),지갑,청약철회
2024012222,2024-03-04,여자,30 - 39세,서울특별시,국내온라인거래,각종공연관람,계약불이행(불완전이행)
2024012223,2024-03-04,남자,30 - 39세,부산광역시,모바일거래,헬스장,계약해제.해지/위약금
2024012224,2024-03-04,남자,40 - 49세,경기도,소셜커머스(쇼핑),감귤,청약철회
2024012225,2024-03-04,여자,20 - 29세,경기도,국내온라인거래,기타미분류서비스,계약해제.해지/위약금
2024012226,2024-03-04,남자,50 - 59세,서울특별시,국내온라인거래,전지,품질(물품/용역)
2024012227,2024-03-04,여자,40 - 49세,광주광역시,일반판매,일반강습(입시학원등),계약해제.해지/위약금
2024012228,2024-03-04,여자,20 - 29세,경기도,국내온라인거래,숙녀화(구두·부츠 등),청약철회
2024012229,2024-03-04,여자,40 - 49세,부산광역시,일반판매,레인지후드,품질(물품/용역)
2024012230,2024-03-04,여자,50 - 59세,강원특별자치도,기타,각종자격취득강습,계약해제.해지/위약금
2024012231,2024-03-04,남자,30 - 39세,광주광역시,일반판매,할인회원권,계약해제.해지/위약금
2024012232,2024-03-04,남자,30 - 39세,서울특별시,국내온라인거래,항공여객운송서비스,계약해제.해지/위약금
2024012233,2024-03-04,여자,40 - 49세,경기도,일반판매,기타문화·오락시설이용,안전(제품/시설)
2024012234,2024-03-04,여자,30 - 39세,경기도,일반판매,포장이사운송서비스,계약불이행(불완전이행)
2024012235,2024-03-04,남자,30 - 39세,서울특별시,일반판매,스마트폰,AS불만
2024012236,2024-03-04,여자,20 - 29세,서울특별시,전화권유판매,헬스장,계약해제.해지/위약금
2024012237,2024-03-04,남자,30 - 39세,서울특별시,일반판매,안경·안경테,계약불이행(불완전이행)
2024012238,2024-03-04,여자,30 - 39세,서울특별시,모바일거래,식사배달,품질(물품/용역)
2024012239,2024-03-04,여자,20 - 29세,경기도,일반판매,필라테스,계약해제.해지/위약금
2024012240,2024-03-04,여자,40 - 49세,경기도,소셜커머스(쇼핑),기타인터넷기반서비스,계약해제.해지/위약금
2024012241,2024-03-04,남자,30 - 39세,서울특별시,국제온라인거래,기타(악기guitar),청약철회
2024012242,2024-03-04,여자,30 - 39세,서울특별시,국내온라인거래,기타신발·용품,청약철회
2024012243,2024-03-04,여자,40 - 49세,경기도,국제온라인거래,코트,청약철회
2024012244,2024-03-04,여자,40 - 49세,전라남도,국내온라인거래,화장품세트,계약불이행(불완전이행)
2024012245,2024-03-04,여자,40 - 49세,서울특별시,기타,창호유리,품질(물품/용역)
2024012246,2024-03-04,남자,20 - 29세,경기도,모바일거래,인터넷게임서비스,부당행위
2024012248,2024-03-04,여자,50 - 59세,충청북도,국내온라인거래,인터넷교육서비스,계약해제.해지/위약금
2024012250,2024-03-04,여자,50 - 59세,대구광역시,소셜커머스(쇼핑),보석·귀금속,청약철회
2024012251,2024-03-04,남자,40 - 49세,서울특별시,기타,기타인테리어설비,계약불이행(불완전이행)
2024012252,2024-03-04,남자,30 - 39세,대구광역시,국내온라인거래,헤드폰·이어폰,청약철회
2024012253,2024-03-04,여자,20 - 29세,전라북도,일반판매,기타음식관련서비스,품질(물품/용역)
2024012254,2024-03-04,여자,20 - 29세,서울특별시,국내온라인거래,점퍼·재킷류,청약철회
2024012255,2024-03-04,여자,30 - 39세,경상남도,국내온라인거래,기타신발·용품,계약불이행(불완전이행)
2024012256,2024-03-04,여자,30 - 39세,경기도,일반판매,애완견,계약해제.해지/위약금
2024012257,2024-03-04,남자,30 - 39세,광주광역시,일반판매,기타인테리어설비,계약해제.해지/위약금
2024012258,2024-03-04,여자,30 - 39세,서울특별시,국내온라인거래,티셔츠,계약불이행(불완전이행)
2024012259,2024-03-04,남자,30 - 39세,서울특별시,일반판매,헬스장,계약해제.해지/위약금
2024012260,2024-03-04,여자,30 - 39세,경기도,일반판매,필라테스,계약해제.해지/위약금
2024012261,2024-03-04,여자,20 - 29세,경기도,일반판매,요가,표시.광고
2024012262,2024-03-04,여자,20 - 29세,인천광역시,국내온라인거래,숙녀화(구두·부츠 등),품질(물품/용역)
2024012263,2024-03-04,여자,20 - 29세,부산광역시,국내온라인거래,컵,청약철회
2024012264,2024-03-04,남자,40 - 49세,인천광역시,모바일거래,모바일게임서비스,부당행위
2024012265,2024-03-04,남자,50 - 59세,서울특별시,일반판매,시계,품질(물품/용역)
2024012266,2024-03-04,남자,40 - 49세,대구광역시,기타,인터넷게임서비스,부당행위
2024012267,2024-03-04,남자,20 - 29세,전라남도,국내온라인거래,음식물처리기,AS불만
2024012268,2024-03-04,여자,50 - 59세,울산광역시,일반판매,싱크대,계약불이행(불완전이행)
2024012269,2024-03-04,여자,40 - 49세,대전광역시,일반판매,외식,안전(제품/시설)
2024012270,2024-03-04,남자,30 - 39세,대구광역시,일반판매,건물청소서비스,계약불이행(불완전이행)
2024012271,2024-03-04,남자,40 - 49세,충청남도,기타,각종자격취득강습,계약해제.해지/위약금
2024012272,2024-03-04,여자,30 - 39세,인천광역시,국내온라인거래,아동용내의류,계약불이행(불완전이행)
2024012273,2024-03-04,남자,40 - 49세,경상북도,국내온라인거래,소파,계약불이행(불완전이행)
2024012274,2024-03-04,여자,20 - 29세,충청북도,전화권유판매,기타매체광고,계약해제.해지/위약금
2024012275,2024-03-04,남자,30 - 39세,대구광역시,소셜커머스(쇼핑),골프용품,청약철회
2024012276,2024-03-04,남자,20 - 29세,경상남도,일반판매,헬스장,계약해제.해지/위약금
2024012277,2024-03-04,남자,20 - 29세,경기도,방문판매,컴퓨터수리,계약불이행(불완전이행)
2024012278,2024-03-04,남자,30 - 39세,대전광역시,일반판매,기타예식관련서비스,계약해제.해지/위약금
2024012279,2024-03-04,남자,30 - 39세,충청북도,국내온라인거래,기타미분류물품,계약해제.해지/위약금
2024012280,2024-03-04,남자,20 - 29세,부산광역시,기타,일반강습(입시학원등),계약해제.해지/위약금
2024012281,2024-03-04,여자,30 - 39세,서울특별시,일반판매,국내결혼중개,계약해제.해지/위약금
2024012282,2024-03-04,여자,30 - 39세,경기도,기타,"OTT서비스(넷플릭스,왓챠 등)",부당행위
2024012283,2024-03-04,여자,40 - 49세,인천광역시,일반판매,골프회원권,계약불이행(불완전이행)
2024012284,2024-03-04,여자,40 - 49세,대구광역시,방문판매,콘도회원권,청약철회
2024012285,2024-03-04,남자,30 - 39세,서울특별시,일반판매,"연회서비스(돌잔치,회갑 등)",청약철회
2024012286,2024-03-04,여자,60 - 64세,경기도,국내온라인거래,기타건강식품,계약불이행(불완전이행)
2024012287,2024-03-04,여자,50 - 59세,강원특별자치도,일반판매,기타인테리어설비,AS불만
2024012288,2024-03-04,남자,50 - 59세,광주광역시,일반판매,택배화물운송서비스,품질(물품/용역)
2024012289,2024-03-04,여자,40 - 49세,부산광역시,일반판매,돼지고기,가격.요금
2024012290,2024-03-04,여자,50 - 59세,경기도,모바일거래,항공여객운송서비스,단순문의.상담
2024012291,2024-03-04,남자,30 - 39세,경상남도,일반판매,상품권,표시.광고
2024012292,2024-03-04,남자,50 - 59세,인천광역시,국내온라인거래,옷장,가격.요금
2024012293,2024-03-04,남자,30 - 39세,서울특별시,국내온라인거래,소파,표시.광고
2024012294,2024-03-04,여자,20 - 29세,서울특별시,국내온라인거래,핸드백,계약불이행(불완전이행)
2024012295,2024-03-04,여자,30 - 39세,광주광역시,국내온라인거래,호텔,계약해제.해지/위약금
2024012296,2024-03-04,여자,30 - 39세,경기도,일반판매,결혼준비대행서비스,계약해제.해지/위약금
2024012297,2024-03-04,여자,40 - 49세,서울특별시,기타,음식물처리기대여(렌트),AS불만
2024012298,2024-03-04,여자,40 - 49세,서울특별시,일반판매,일반강습(입시학원등),계약해제.해지/위약금
2024012299,2024-03-04,여자,30 - 39세,대구광역시,일반판매,헬스장,품질(물품/용역)
2024012300,2024-03-04,여자,20 - 29세,서울특별시,모바일거래,호텔,계약해제.해지/위약금
2024012301,2024-03-04,남자,30 - 39세,서울특별시,국내온라인거래,항공여객운송서비스,계약해제.해지/위약금
2024012302,2024-03-04,여자,30 - 39세,제주도,일반판매,굴,안전(제품/시설)
2024012303,2024-03-04,남자,40 - 49세,경기도,일반판매,골프회원권,계약해제.해지/위약금
2024012304,2024-03-04,여자,20 - 29세,인천광역시,국내온라인거래,영화관람,계약해제.해지/위약금
2024012305,2024-03-04,여자,50 - 59세,경기도,방문판매,기타미분류서비스,품질(물품/용역)
2024012306,2024-03-04,여자,30 - 39세,서울특별시,국내온라인거래,점퍼·재킷류,청약철회
2024012307,2024-03-04,여자,30 - 39세,서울특별시,국내온라인거래,보석·귀금속,청약철회
2024012308,2024-03-04,여자,20 - 29세,전라남도,,항공여객운송서비스,거래관행
2024012309,2024-03-04,여자,20 - 29세,서울특별시,일반판매,미용서비스,품질(물품/용역)
2024012310,2024-03-04,여자,30 - 39세,인천광역시,일반판매,필라테스,계약해제.해지/위약금
2024012311,2024-03-04,남자,30 - 39세,대구광역시,소셜커머스(쇼핑),항공여객운송서비스,계약해제.해지/위약금
2024012312,2024-03-04,여자,30 - 39세,경기도,국내온라인거래,기타신발·용품,청약철회
2024012313,2024-03-04,남자,20 - 29세,서울특별시,기타,기타사설강습서비스,계약해제.해지/위약금
2024012314,2024-03-05,여자,불명,서울특별시,기타,이동전화서비스,품질(물품/용역)
2024012315,2024-03-05,남자,40 - 49세,충청북도,일반판매,타이어,품질(물품/용역)
2024012316,2024-03-05,남자,30 - 39세,경기도,기타,택배화물운송서비스,계약불이행(불완전이행)
2024012317,2024-03-05,여자,70 - 79세,경기도,국내온라인거래,소파,품질(물품/용역)
2024012318,2024-03-05,남자,40 - 49세,경상남도,일반판매,골프회원권,계약불이행(불완전이행)
2024012319,2024-03-05,여자,30 - 39세,대구광역시,국내온라인거래,화장품세트,계약불이행(불완전이행)
2024012320,2024-03-05,여자,70 - 79세,서울특별시,기타,도시가스,가격.요금
2024012321,2024-03-05,여자,20 - 29세,서울특별시,일반판매,헬스장,계약해제.해지/위약금
2024012322,2024-03-05,여자,30 - 39세,서울특별시,일반판매,헬스장,계약해제.해지/위약금
2024012324,2024-03-05,남자,40 - 49세,경기도,일반판매,침대,품질(물품/용역)
2024012325,2024-03-05,남자,40 - 49세,서울특별시,모바일거래,항공여객운송서비스,계약불이행(불완전이행)
2024012326,2024-03-05,남자,30 - 39세,인천광역시,전화권유판매,기타매체광고,계약해제.해지/위약금
2024012327,2024-03-05,남자,40 - 49세,서울특별시,소셜커머스(쇼핑),점퍼·재킷류,청약철회
2024012328,2024-03-05,여자,40 - 49세,서울특별시,기타,산부인과,품질(물품/용역)
2024012329,2024-03-05,남자,50 - 59세,경기도,기타,신경외과,품질(물품/용역)
2024012330,2024-03-05,여자,50 - 59세,서울특별시,국내온라인거래,국외여행,청약철회
2024012331,2024-03-05,남자,40 - 49세,충청남도,일반판매,기타옥외장비·설비,품질(물품/용역)
2024012332,2024-03-05,여자,65 - 69세,서울특별시,일반판매,스마트폰,품질(물품/용역)
2024012333,2024-03-05,남자,80세이상,서울특별시,기타통신판매,보청기,청약철회
2024012334,2024-03-05,남자,불명,서울특별시,국내온라인거래,항공여객운송서비스,이자.수수료
2024012335,2024-03-05,여자,20 - 29세,경기도,일반판매,국외여행,계약불이행(불완전이행)
2024012336,2024-03-05,남자,80세이상,경기도,기타통신판매,총기,청약철회
2024012337,2024-03-05,여자,30 - 39세,충청남도,국내온라인거래,TV,청약철회
2024012338,2024-03-05,남자,40 - 49세,서울특별시,국내온라인거래,기타숙박시설,계약해제.해지/위약금
2024012339,2024-03-05,남자,20 - 29세,경기도,모바일거래,자동차대여(렌트),계약불이행(불완전이행)
2024012340,2024-03-05,남자,30 - 39세,서울특별시,국내온라인거래,차량용블랙박스,표시.광고
2024012342,2024-03-05,여자,20 - 29세,부산광역시,기타,이비인후과,품질(물품/용역)
2024012343,2024-03-05,여자,30 - 39세,인천광역시,기타,핸드백,계약불이행(불완전이행)
2024012344,2024-03-05,남자,50 - 59세,대구광역시,일반판매,비데,AS불만
2024012345,2024-03-05,여자,50 - 59세,인천광역시,국내온라인거래,호텔,계약불이행(불완전이행)
2024012346,2024-03-05,남자,30 - 39세,서울특별시,국내온라인거래,"OTT서비스(넷플릭스,왓챠 등)",계약불이행(불완전이행)
2024012347,2024-03-05,남자,40 - 49세,부산광역시,국내온라인거래,기타스포츠·레저기구·용품,표시.광고
2024012350,2024-03-05,여자,30 - 39세,경기도,국내온라인거래,건물청소서비스,가격.요금
2024012351,2024-03-05,여자,40 - 49세,강원특별자치도,국내온라인거래,항공여객운송서비스,계약해제.해지/위약금
2024012352,2024-03-05,여자,30 - 39세,전라남도,기타,성형외과,계약해제.해지/위약금
2024012354,2024-03-05,남자,30 - 39세,경상북도,일반판매,중형승용자동차,AS불만
2024012355,2024-03-05,여자,40 - 49세,서울특별시,국내온라인거래,기타자동차용품,품질(물품/용역)
2024012356,2024-03-05,남자,60 - 64세,전라북도,기타통신판매,미분류대여(렌트),계약해제.해지/위약금
2024012357,2024-03-05,남자,30 - 39세,서울특별시,전화권유판매,실손보험,계약불이행(불완전이행)
2024012358,2024-03-05,여자,40 - 49세,서울특별시,모바일거래,애완견,계약해제.해지/위약금
2024012359,2024-03-05,여자,20 - 29세,서울특별시,국내온라인거래,기타신변용품,계약불이행(불완전이행)
2024012361,2024-03-05,남자,40 - 49세,경기도,모바일거래,TV,품질(물품/용역)
2024012362,2024-03-05,남자,65 - 69세,인천광역시,기타,케이블TV,계약해제.해지/위약금
2024012363,2024-03-05,남자,20 - 29세,인천광역시,전화권유판매,외국어강습,청약철회
2024012364,2024-03-05,남자,40 - 49세,충청북도,일반판매,의류수선,품질(물품/용역)
2024012365,2024-03-05,남자,40 - 49세,경기도,전화권유판매,정수기대여(렌트),계약해제.해지/위약금
2024012366,2024-03-05,남자,20 - 29세,서울특별시,모바일거래,차량네비게이션(자동항법장치),AS불만
2024012367,2024-03-05,남자,40 - 49세,서울특별시,국내온라인거래,룸에어컨,계약불이행(불완전이행)
2024012368,2024-03-05,남자,20 - 29세,서울특별시,국내온라인거래,모형완구,계약불이행(불완전이행)
2024012370,2024-03-05,남자,60 - 64세,경기도,방문판매,상조서비스,계약해제.해지/위약금
2024012371,2024-03-05,여자,60 - 64세,충청북도,국내온라인거래,유사투자자문,청약철회
2024012372,2024-03-05,여자,40 - 49세,서울특별시,일반판매,호텔,청약철회
2024012373,2024-03-05,여자,50 - 59세,서울특별시,일반판매,피부과,계약해제.해지/위약금
2024012374,2024-03-05,여자,60 - 64세,경기도,기타,김치냉장고,AS불만
2024012375,2024-03-05,여자,60 - 64세,서울특별시,기타,골프회원권,계약불이행(불완전이행)
2024012376,2024-03-05,여자,50 - 59세,충청남도,일반판매,미분류대여(렌트),계약해제.해지/위약금
2024012377,2024-03-05,남자,50 - 59세,부산광역시,일반판매,스마트폰,품질(물품/용역)
2024012378,2024-03-05,여자,60 - 64세,울산광역시,국내온라인거래,기타숙박시설,부당행위
2024012379,2024-03-05,여자,50 - 59세,서울특별시,TV홈쇼핑,헤어드라이어,품질(물품/용역)
2024012380,2024-03-05,남자,30 - 39세,경기도,국내온라인거래,이동전화서비스,계약불이행(불완전이행)
2024012381,2024-03-05,남자,20 - 29세,서울특별시,일반판매,미용서비스,계약해제.해지/위약금
2024012382,2024-03-05,남자,50 - 59세,인천광역시,국제온라인거래,항공여객운송서비스,계약불이행(불완전이행)
2024012383,2024-03-07,여자,50 - 59세,인천광역시,국내온라인거래,캐주얼바지,품질(물품/용역)
2024012384,2024-03-05,여자,50 - 59세,강원특별자치도,모바일거래,신유형상품권,계약해제.해지/위약금
2024012386,2024-03-05,남자,불명,광주광역시,국내온라인거래,항공여객운송서비스,청약철회
2024012387,2024-03-05,여자,30 - 39세,경기도,일반판매,기타문화·오락시설이용,거래관행
2024012388,2024-03-05,남자,40 - 49세,부산광역시,일반판매,기타가스·급배수설비,계약불이행(불완전이행)
2024012389,2024-03-05,여자,60 - 64세,경기도,일반판매,신경과,품질(물품/용역)
2024012390,2024-03-05,여자,40 - 49세,서울특별시,국내온라인거래,기타사설강습서비스,계약해제.해지/위약금
2024012391,2024-03-05,남자,20 - 29세,충청북도,모바일거래,자동차대여(렌트),계약해제.해지/위약금
2024012392,2024-03-05,여자,40 - 49세,부산광역시,기타,미분류대여(렌트),AS불만
2024012393,2024-03-05,남자,70 - 79세,부산광역시,국내온라인거래,세면설비,청약철회
2024012394,2024-03-05,여자,40 - 49세,인천광역시,국내온라인거래,유아용교재,청약철회
2024012395,2024-03-05,남자,30 - 39세,전라남도,국내온라인거래,TV,품질(물품/용역)
2024012396,2024-03-05,여자,30 - 39세,충청북도,일반판매,스마트폰,계약불이행(불완전이행)
2024012397,2024-03-05,남자,40 - 49세,광주광역시,일반판매,소파,품질(물품/용역)
2024012398,2024-03-05,남자,20 - 29세,세종특별자치시,모바일거래,전동킥보드,안전(제품/시설)
2024012399,2024-03-05,남자,50 - 59세,경상남도,국내온라인거래,기타자동차용품,품질(물품/용역)
2024012400,2024-03-05,여자,65 - 69세,경기도,일반판매,국내결혼중개,계약해제.해지/위약금
2024012402,2024-03-05,남자,50 - 59세,경기도,일반판매,아파트,AS불만
2024012403,2024-03-05,남자,20 - 29세,서울특별시,방문판매,피부과,계약해제.해지/위약금
2024012404,2024-03-05,여자,70 - 79세,경기도,국내온라인거래,원피스,계약해제.해지/위약금
2024012405,2024-03-05,여자,30 - 39세,전라남도,국내온라인거래,아동용내의류,청약철회
2024012406,2024-03-07,여자,20 - 29세,대구광역시,국내온라인거래,양복(서양식 의복)세탁,품질(물품/용역)
2024012407,2024-03-05,여자,30 - 39세,경기도,일반판매,아파트,표시.광고
2024012408,2024-03-05,여자,40 - 49세,서울특별시,국내온라인거래,기타일반화장품,청약철회
2024012409,2024-03-05,여자,40 - 49세,경기도,일반판매,필라테스,계약불이행(불완전이행)
2024012412,2024-03-05,남자,40 - 49세,경상북도,기타,커피메이커,AS불만
2024012413,2024-03-05,남자,20 - 29세,충청남도,전화권유판매,컴퓨터S/W개발(홈페이지제작),계약해제.해지/위약금
2024012416,2024-03-05,남자,불명,경상남도,방문판매,인터넷교육서비스,계약해제.해지/위약금
2024012417,2024-03-05,여자,30 - 39세,광주광역시,방문판매,필라테스,계약해제.해지/위약금
2024012418,2024-03-05,남자,50 - 59세,서울특별시,국내온라인거래,믹서기,청약철회
2024012419,2024-03-05,남자,65 - 69세,서울특별시,기타,건강(암·기타질병)보험,계약불이행(불완전이행)
2024012421,2024-03-05,여자,30 - 39세,경기도,일반판매,각종자격취득강습,계약해제.해지/위약금
2024012423,2024-03-07,남자,30 - 39세,서울특별시,국내온라인거래,니트(스웨터),품질(물품/용역)
2024012424,2024-03-05,여자,40 - 49세,경기도,일반판매,필라테스,계약해제.해지/위약금
2024012425,2024-03-05,남자,불명,경상북도,국내온라인거래,헤드폰·이어폰,계약불이행(불완전이행)
2024012426,2024-03-08,남자,40 - 49세,경상북도,일반판매,양복(서양식 의복)세탁,품질(물품/용역)
2024012427,2024-03-05,여자,30 - 39세,서울특별시,국내온라인거래,서랍장,계약불이행(불완전이행)
2024012428,2024-03-05,남자,40 - 49세,서울특별시,일반판매,초고속인터넷,계약해제.해지/위약금
2024012429,2024-03-05,남자,30 - 39세,서울특별시,방문판매,헬스장,계약해제.해지/위약금
2024012430,2024-03-05,여자,60 - 64세,서울특별시,일반판매,TV,품질(물품/용역)
2024012431,2024-03-05,여자,20 - 29세,경기도,모바일거래,인터넷정보이용서비스,부당행위
2024012432,2024-03-05,남자,60 - 64세,광주광역시,일반판매,실손보험,계약불이행(불완전이행)
2024012433,2024-03-05,남자,60 - 64세,광주광역시,일반판매,건강(암·기타질병)보험,계약불이행(불완전이행)
2024012436,2024-03-08,여자,65 - 69세,전라북도,일반판매,기타간편복,품질(물품/용역)
2024012438,2024-03-05,여자,50 - 59세,대전광역시,국내온라인거래,묘목·모종,부당행위
2024012439,2024-03-05,남자,30 - 39세,인천광역시,일반판매,헬스장,계약해제.해지/위약금
2024012440,2024-03-05,여자,30 - 39세,서울특별시,전화권유판매,기타회원권,청약철회
2024012441,2024-03-05,여자,30 - 39세,경기도,국내온라인거래,기타책상·테이블류,청약철회
2024012442,2024-03-05,여자,50 - 59세,서울특별시,기타,기타주거관리설비,AS불만
2024012443,2024-03-05,여자,30 - 39세,경기도,국내온라인거래,기타미분류서비스,계약불이행(불완전이행)
2024012444,2024-03-05,남자,65 - 69세,경기도,일반판매,이동전화서비스,청약철회
2024012445,2024-03-05,남자,30 - 39세,서울특별시,일반판매,기타위생설비,가격.요금
2024012446,2024-03-05,여자,20 - 29세,부산광역시,국내온라인거래,숙녀화(구두·부츠 등),계약불이행(불완전이행)
2024012447,2024-03-05,남자,40 - 49세,인천광역시,국내온라인거래,호텔,부당행위
2024012448,2024-03-05,여자,30 - 39세,대구광역시,기타,초고속인터넷,부당채권추심
2024012449,2024-03-05,남자,30 - 39세,경기도,국내온라인거래,기타가구,청약철회
2024012450,2024-03-05,여자,30 - 39세,서울특별시,국제온라인거래,기타아동복,청약철회
2024012451,2024-03-05,여자,30 - 39세,부산광역시,방문판매,기타매체광고,계약불이행(불완전이행)
2024012452,2024-03-05,여자,20 - 29세,서울특별시,방문판매,요가,계약해제.해지/위약금
2024012453,2024-03-05,여자,30 - 39세,경기도,기타통신판매,호텔,계약해제.해지/위약금
2024012454,2024-03-05,남자,50 - 59세,서울특별시,국내온라인거래,보조배터리,품질(물품/용역)
2024012455,2024-03-05,여자,30 - 39세,경기도,국내온라인거래,여자용내의류,청약철회
2024012456,2024-03-05,남자,30 - 39세,서울특별시,방문판매,헬스장,계약해제.해지/위약금
2024012457,2024-03-05,남자,20 - 29세,서울특별시,일반판매,헬스장,계약해제.해지/위약금
2024012458,2024-03-05,여자,60 - 64세,경기도,방문판매,기타건강식품,계약해제.해지/위약금
2024012459,2024-03-05,남자,40 - 49세,경기도,국내온라인거래,TV,품질(물품/용역)
2024012460,2024-03-05,여자,30 - 39세,대구광역시,모바일거래,호텔,청약철회
2024012461,2024-03-05,여자,40 - 49세,경기도,일반판매,전기오븐레인지,품질(물품/용역)
2024012462,2024-03-05,여자,30 - 39세,경기도,방문판매,헬스장,계약해제.해지/위약금
2024012463,2024-03-05,여자,30 - 39세,서울특별시,국내온라인거래,인터넷정보이용서비스,청약철회
2024012464,2024-03-05,여자,20 - 29세,경기도,국내온라인거래,기타(악기guitar),품질(물품/용역)
2024012465,2024-03-05,여자,20 - 29세,경기도,모바일거래,헬스장,계약해제.해지/위약금
2024012466,2024-03-05,남자,40 - 49세,부산광역시,일반판매,기타인테리어설비,청약철회
2024012467,2024-03-05,여자,30 - 39세,서울특별시,일반판매,필라테스,계약해제.해지/위약금
2024012468,2024-03-05,여자,30 - 39세,광주광역시,일반판매,국외여행,청약철회
2024012469,2024-03-05,여자,30 - 39세,대전광역시,일반판매,애완고양이,계약해제.해지/위약금
2024012470,2024-03-05,남자,65 - 69세,경상남도,TV홈쇼핑,기타의자류,AS불만
2024012471,2024-03-05,남자,40 - 49세,서울특별시,국제온라인거래,아동화,청약철회
2024012472,2024-03-05,여자,60 - 64세,광주광역시,기타,김치냉장고,AS불만
2024012473,2024-03-05,남자,40 - 49세,경상남도,일반판매,공중목욕탕,계약불이행(불완전이행)
2024012474,2024-03-05,여자,40 - 49세,전라북도,일반판매,기타인테리어설비,품질(물품/용역)
2024012475,2024-03-05,남자,50 - 59세,서울특별시,국내온라인거래,액정보호필름,청약철회
2024012476,2024-03-05,여자,20 - 29세,경기도,모바일거래,인터넷정보이용서비스,청약철회
2024012477,2024-03-05,남자,30 - 39세,경기도,국내온라인거래,기타가사서비스,약관
2024012478,2024-03-05,여자,40 - 49세,대전광역시,국내온라인거래,펜션,계약해제.해지/위약금
2024012479,2024-03-05,여자,20 - 29세,서울특별시,국내온라인거래,택시여객운송서비스,부당행위
2024012480,2024-03-05,여자,30 - 39세,경기도,국내온라인거래,캐주얼바지,품질(물품/용역)
2024012481,2024-03-05,남자,30 - 39세,경기도,기타,가스보일러,품질(물품/용역)
2024012482,2024-03-05,남자,10 - 19세,서울특별시,국내온라인거래,노트북컴퓨터,품질(물품/용역)
2024012483,2024-03-05,여자,20 - 29세,서울특별시,일반판매,헬스장,계약해제.해지/위약금
2024012484,2024-03-05,여자,20 - 29세,경기도,기타,컴퓨터수리,AS불만
2024012485,2024-03-05,남자,50 - 59세,경기도,국내온라인거래,단행본,청약철회
2024012486,2024-03-05,남자,30 - 39세,충청북도,방문판매,헬스장,계약해제.해지/위약금
2024012487,2024-03-05,여자,30 - 39세,경기도,국내온라인거래,기타예식관련서비스,부당행위
2024012488,2024-03-05,남자,20 - 29세,서울특별시,모바일거래,모바일정보이용서비스,청약철회
2024012489,2024-03-05,여자,40 - 49세,부산광역시,모바일거래,국외여행,계약해제.해지/위약금
2024012490,2024-03-05,남자,20 - 29세,광주광역시,기타,국내결혼중개,계약해제.해지/위약금
2024012491,2024-03-05,여자,50 - 59세,서울특별시,소셜커머스(쇼핑),전기밥솥,품질(물품/용역)
2024012492,2024-03-05,남자,30 - 39세,서울특별시,일반판매,콘도,
2024012493,2024-03-05,여자,20 - 29세,경기도,국제온라인거래,점퍼·재킷류,청약철회
2024012494,2024-03-05,남자,65 - 69세,경상남도,방문판매,콘도,계약불이행(불완전이행)
2024012495,2024-03-05,여자,40 - 49세,경기도,국내온라인거래,영화관람,계약불이행(불완전이행)
2024012496,2024-03-05,남자,30 - 39세,부산광역시,국내온라인거래,택시여객운송서비스,표시.광고
2024012497,2024-03-05,남자,50 - 59세,강원특별자치도,일반판매,골프회원권,계약해제.해지/위약금
2024012498,2024-03-05,남자,20 - 29세,대전광역시,국내온라인거래,인터넷게임서비스,부당행위
2024012499,2024-03-05,여자,40 - 49세,부산광역시,국내온라인거래,기타숙박시설,거래관행
2024012500,2024-03-05,여자,20 - 29세,서울특별시,일반판매,헬스장,계약해제.해지/위약금
2024012501,2024-03-05,여자,30 - 39세,서울특별시,기타,사진촬영,계약해제.해지/위약금
2024012502,2024-03-05,남자,20 - 29세,서울특별시,모바일거래,헬스장,계약해제.해지/위약금
2024012503,2024-03-05,여자,20 - 29세,인천광역시,일반판매,필라테스,계약해제.해지/위약금
2024012504,2024-03-05,여자,30 - 39세,인천광역시,일반판매,애완견,품질(물품/용역)
2024012505,2024-03-05,남자,30 - 39세,경기도,국내온라인거래,운동화,단순문의.상담
2024012506,2024-03-05,여자,50 - 59세,경기도,국내온라인거래,기타숙박시설,계약해제.해지/위약금
2024012507,2024-03-05,여자,40 - 49세,강원특별자치도,국내온라인거래,염색제,계약불이행(불완전이행)
2024012508,2024-03-05,남자,30 - 39세,인천광역시,국내온라인거래,남자용내의류,품질(물품/용역)
2024012509,2024-03-05,여자,30 - 39세,인천광역시,일반판매,예식서비스,계약해제.해지/위약금
2024012510,2024-03-05,여자,20 - 29세,전라남도,일반판매,예식서비스,계약해제.해지/위약금
2024012511,2024-03-05,남자,60 - 64세,경기도,일반판매,기타인테리어설비,계약해제.해지/위약금
2024012512,2024-03-05,남자,60 - 64세,경상남도,국내온라인거래,기타사무용기기,표시.광고
2024012513,2024-03-05,여자,30 - 39세,서울특별시,일반판매,필라테스,계약해제.해지/위약금
2024012514,2024-03-05,여자,30 - 39세,인천광역시,일반판매,결혼준비대행서비스,계약해제.해지/위약금
2024012515,2024-03-05,여자,60 - 64세,경기도,국내온라인거래,셔츠,계약불이행(불완전이행)
2024012516,2024-03-05,남자,20 - 29세,서울특별시,국내온라인거래,기타숙박시설,계약불이행(불완전이행)
2024012517,2024-03-05,여자,20 - 29세,경기도,모바일거래,숙녀화(구두·부츠 등),AS불만
2024012518,2024-03-05,남자,30 - 39세,인천광역시,국내온라인거래,전기요,품질(물품/용역)
2024012519,2024-03-05,여자,20 - 29세,충청북도,국내온라인거래,건물청소서비스,품질(물품/용역)
2024012520,2024-03-05,여자,30 - 39세,서울특별시,일반판매,기타이·미용서비스,품질(물품/용역)
2024012521,2024-03-05,남자,40 - 49세,경기도,일반판매,양복(서양식 의복)세탁,품질(물품/용역)
2024012522,2024-03-05,여자,30 - 39세,전라남도,기타,신발세탁,계약불이행(불완전이행)
2024012523,2024-03-05,여자,30 - 39세,서울특별시,국내온라인거래,인덕션레인지,AS불만
2024012524,2024-03-05,여자,20 - 29세,경기도,국내온라인거래,여자용내의류,청약철회
2024012525,2024-03-05,남자,40 - 49세,서울특별시,일반판매,미분류수리가공,부당행위
2024012526,2024-03-05,남자,30 - 39세,전라북도,국내온라인거래,테이프레코더(녹음),품질(물품/용역)
2024012527,2024-03-05,여자,20 - 29세,인천광역시,전화권유판매,인터넷교육서비스,
2024012528,2024-03-05,여자,60 - 64세,경상북도,일반판매,기타관람·감상,안전(제품/시설)
2024012529,2024-03-05,남자,50 - 59세,대전광역시,국내온라인거래,항공여객운송서비스,계약불이행(불완전이행)
2024012530,2024-03-05,여자,20 - 29세,경기도,일반판매,필라테스,계약해제.해지/위약금
2024012531,2024-03-05,여자,30 - 39세,서울특별시,국내온라인거래,코트,청약철회
2024012532,2024-03-05,여자,30 - 39세,서울특별시,TV홈쇼핑,전기맛사지기,청약철회
2024012533,2024-03-05,남자,30 - 39세,경상남도,일반판매,자동차주유,계약해제.해지/위약금
2024012534,2024-03-05,여자,50 - 59세,서울특별시,국제온라인거래,호텔,
2024012535,2024-03-05,남자,50 - 59세,대전광역시,국내온라인거래,냉장고,AS불만
2024012536,2024-03-05,남자,30 - 39세,서울특별시,기타,이동전화서비스,청약철회
2024012537,2024-03-05,여자,20 - 29세,경상남도,일반판매,예식서비스,계약해제.해지/위약금
2024012538,2024-03-05,남자,40 - 49세,서울특별시,일반판매,산후조리원,계약해제.해지/위약금
2024012539,2024-03-05,여자,10 - 19세,경상남도,국내온라인거래,세안류,표시.광고
2024012540,2024-03-05,남자,60 - 64세,경기도,국내온라인거래,책상,표시.광고
2024012541,2024-03-05,남자,20 - 29세,경기도,국내온라인거래,양복(서양식 의복)세탁,계약불이행(불완전이행)
2024012542,2024-03-05,여자,20 - 29세,부산광역시,국내온라인거래,기타미분류물품,청약철회
2024012543,2024-03-05,여자,50 - 59세,서울특별시,일반판매,항공화물운송서비스,가격.요금
2024012544,2024-03-05,남자,80세이상,경기도,일반판매,기타주택·건물,표시.광고
2024012545,2024-03-05,여자,50 - 59세,경기도,방문판매,콘도회원권,청약철회
2024012546,2024-03-05,여자,50 - 59세,경기도,일반판매,향수,부당행위
2024012547,2024-03-05,남자,40 - 49세,충청남도,국내온라인거래,점퍼·재킷류,계약불이행(불완전이행)
2024012548,2024-03-05,남자,30 - 39세,경기도,일반판매,예식서비스,계약해제.해지/위약금
2024012549,2024-03-05,여자,60 - 64세,경상북도,국제온라인거래,항공여객운송서비스,청약철회
2024012550,2024-03-05,여자,30 - 39세,서울특별시,국내온라인거래,유아복,청약철회
2024012551,2024-03-05,여자,30 - 39세,대전광역시,기타통신판매,모자,계약불이행(불완전이행)
2024012552,2024-03-05,여자,20 - 29세,부산광역시,국내온라인거래,선박여객운송서비스,계약해제.해지/위약금
2024012553,2024-03-05,여자,40 - 49세,충청남도,국내온라인거래,기타승용물,품질(물품/용역)
2024012554,2024-03-06,남자,30 - 39세,경기도,모바일거래,비타민제,청약철회
2024012555,2024-03-06,여자,70 - 79세,경기도,국내온라인거래,기타건강식품,품질(물품/용역)
2024012556,2024-03-06,남자,30 - 39세,경기도,방문판매,결혼준비대행서비스,계약해제.해지/위약금
2024012557,2024-03-06,남자,30 - 39세,경기도,국내온라인거래,항공여객운송서비스,계약해제.해지/위약금
2024012558,2024-03-06,여자,30 - 39세,경기도,국내온라인거래,항공여객운송서비스,계약불이행(불완전이행)
2024012559,2024-03-06,남자,50 - 59세,충청남도,기타,유사투자자문,계약해제.해지/위약금
2024012560,2024-03-06,남자,40 - 49세,경기도,일반판매,항공여객운송서비스,계약해제.해지/위약금
2024012561,2024-03-06,남자,50 - 59세,부산광역시,전화권유판매,인터넷정보이용서비스,계약불이행(불완전이행)
2024012562,2024-03-14,여자,30 - 39세,경상북도,일반판매,핸드백,품질(물품/용역)
2024012563,2024-03-06,남자,50 - 59세,충청남도,TV홈쇼핑,TV,품질(물품/용역)
2024012565,2024-03-06,여자,10 - 19세,경기도,일반판매,미용서비스,품질(물품/용역)
2024012567,2024-03-06,여자,70 - 79세,서울특별시,기타,건강(암·기타질병)보험,계약불이행(불완전이행)
2024012568,2024-03-06,남자,80세이상,충청남도,기타,상조서비스,계약해제.해지/위약금
2024012569,2024-03-06,남자,60 - 64세,부산광역시,일반판매,스마트폰,품질(물품/용역)
2024012570,2024-03-06,남자,30 - 39세,경상남도,일반판매,기타냉장·냉동기기,표시.광고
2024012571,2024-03-06,남자,50 - 59세,서울특별시,일반판매,중형승용자동차,AS불만
2024012572,2024-03-06,남자,40 - 49세,경기도,일반판매,정형외과,품질(물품/용역)
2024012573,2024-03-06,여자,40 - 49세,서울특별시,국내온라인거래,기타미분류서비스,계약해제.해지/위약금
2024012574,2024-03-06,남자,50 - 59세,경기도,기타통신판매,기타자동차부품,표시.광고
2024012575,2024-03-06,남자,불명,서울특별시,일반판매,음식물처리기,품질(물품/용역)
2024012576,2024-03-06,여자,40 - 49세,서울특별시,일반판매,사진촬영,계약불이행(불완전이행)
2024012577,2024-03-06,여자,40 - 49세,경기도,일반판매,성형외과,계약해제.해지/위약금
2024012578,2024-03-06,여자,불명,경기도,국내온라인거래,모자,계약불이행(불완전이행)
2024012580,2024-03-06,여자,50 - 59세,경기도,국내온라인거래,호텔,청약철회
2024012581,2024-03-06,여자,60 - 64세,경기도,일반판매,국내결혼중개,계약해제.해지/위약금
2024012582,2024-03-06,남자,60 - 64세,대구광역시,모바일거래,기타가구,청약철회
2024012583,2024-03-06,남자,30 - 39세,대전광역시,국내온라인거래,비타민제,청약철회
2024012585,2024-03-06,여자,40 - 49세,서울특별시,국내온라인거래,핸드백,청약철회
2024012586,2024-03-06,남자,70 - 79세,경상남도,국내온라인거래,차량용블랙박스,AS불만
2024012587,2024-03-06,남자,65 - 69세,서울특별시,기타통신판매,퍼스널컴퓨터,품질(물품/용역)
2024012588,2024-03-06,여자,30 - 39세,서울특별시,기타,기타유사보험,계약불이행(불완전이행)
2024012589,2024-03-06,여자,30 - 39세,경기도,일반판매,성형외과,계약해제.해지/위약금
2024012590,2024-03-06,남자,70 - 79세,경기도,일반판매,이동전화서비스,계약해제.해지/위약금
2024012591,2024-03-06,남자,불명,인천광역시,모바일거래,기타숙박시설,계약불이행(불완전이행)
2024012592,2024-03-06,남자,40 - 49세,경기도,국내온라인거래,신유형상품권,청약철회
2024012593,2024-03-06,남자,60 - 64세,(미입력),기타,상품권,부당행위
2024012594,2024-03-06,여자,30 - 39세,서울특별시,국내온라인거래,보석·귀금속,계약불이행(불완전이행)
2024012595,2024-03-06,여자,65 - 69세,경기도,기타,음식물처리기,AS불만
2024012596,2024-03-06,남자,50 - 59세,경기도,일반판매,전자담배,AS불만
2024012597,2024-03-06,남자,40 - 49세,서울특별시,전화권유판매,유사투자자문,청약철회
2024012598,2024-03-06,남자,40 - 49세,세종특별자치시,국내온라인거래,방향제,계약해제.해지/위약금
2024012599,2024-03-06,남자,70 - 79세,서울특별시,일반판매,콘도회원권,계약불이행(불완전이행)
2024012601,2024-03-06,남자,50 - 59세,서울특별시,국내온라인거래,카셰어링,부당행위
2024012602,2024-03-19,여자,20 - 29세,인천광역시,일반판매,기타세탁서비스,품질(물품/용역)
2024012603,2024-03-14,여자,40 - 49세,서울특별시,일반판매,니트(스웨터),품질(물품/용역)
2024012604,2024-03-06,남자,40 - 49세,경상남도,국내온라인거래,항공여객운송서비스,계약해제.해지/위약금
2024012605,2024-03-06,여자,40 - 49세,부산광역시,일반판매,필라테스,계약불이행(불완전이행)
2024012606,2024-03-06,여자,30 - 39세,경기도,일반판매,독서실이용,계약해제.해지/위약금
2024012609,2024-03-06,남자,40 - 49세,경기도,국내온라인거래,항공여객운송서비스,계약해제.해지/위약금
2024012610,2024-03-06,남자,30 - 39세,경기도,기타통신판매,이동전화서비스,계약해제.해지/위약금
2024012611,2024-03-06,여자,50 - 59세,서울특별시,기타,미용서비스,부당행위
2024012612,2024-03-06,남자,65 - 69세,충청북도,모바일거래,인터넷교육서비스,계약해제.해지/위약금
2024012613,2024-03-06,남자,40 - 49세,강원특별자치도,일반판매,상조서비스,계약해제.해지/위약금
2024012614,2024-03-06,여자,30 - 39세,인천광역시,국내온라인거래,기타의류·섬유,청약철회
2024012615,2024-03-06,여자,30 - 39세,경기도,일반판매,이동전화서비스,계약불이행(불완전이행)
2024012617,2024-03-06,남자,40 - 49세,경기도,일반판매,골프회원권,계약불이행(불완전이행)
2024012619,2024-03-06,여자,20 - 29세,경기도,국제온라인거래,항공여객운송서비스,계약불이행(불완전이행)
2024012620,2024-03-06,여자,50 - 59세,인천광역시,일반판매,냉장고,AS불만
2024012621,2024-03-06,여자,30 - 39세,강원특별자치도,국제온라인거래,항공여객운송서비스,청약철회
2024012622,2024-03-06,여자,30 - 39세,경상남도,일반판매,헬스장,계약해제.해지/위약금
2024012623,2024-03-06,여자,30 - 39세,충청남도,국내온라인거래,정수기대여(렌트),계약불이행(불완전이행)
2024012624,2024-03-06,남자,30 - 39세,경기도,일반판매,미분류대여(렌트),AS불만
2024012626,2024-03-06,남자,30 - 39세,서울특별시,국제온라인거래,항공여객운송서비스,계약해제.해지/위약금
2024012628,2024-03-06,남자,30 - 39세,서울특별시,일반판매,헬스장,계약해제.해지/위약금
2024012629,2024-03-06,남자,40 - 49세,인천광역시,일반판매,종합체육시설회원권,계약해제.해지/위약금
2024012632,2024-03-06,남자,50 - 59세,인천광역시,모바일거래,이동전화서비스,부당행위
2024012633,2024-03-06,여자,20 - 29세,대전광역시,일반판매,유선방송,계약해제.해지/위약금
2024012634,2024-03-06,남자,30 - 39세,대구광역시,방문판매,결혼준비대행서비스,계약해제.해지/위약금
2024012635,2024-03-19,여자,50 - 59세,강원특별자치도,국내온라인거래,점퍼·재킷류,품질(물품/용역)
2024012636,2024-03-06,남자,50 - 59세,서울특별시,일반판매,자동차수리·점검,품질(물품/용역)
2024012637,2024-03-06,여자,70 - 79세,대구광역시,일반판매,소파,품질(물품/용역)
2024012638,2024-03-06,여자,30 - 39세,경상남도,기타,기타병·의원서비스,계약해제.해지/위약금
2024012639,2024-03-06,남자,30 - 39세,경기도,기타통신판매,전기장판,AS불만
2024012640,2024-03-15,여자,30 - 39세,충청북도,일반판매,이불·침대커버,품질(물품/용역)
2024012641,2024-03-06,여자,40 - 49세,서울특별시,국내온라인거래,숙녀화(구두·부츠 등),계약불이행(불완전이행)
2024012642,2024-03-14,여자,40 - 49세,인천광역시,일반판매,점퍼·재킷류,품질(물품/용역)
2024012643,2024-03-06,여자,40 - 49세,경기도,일반판매,이불·요,계약불이행(불완전이행)
2024012644,2024-03-06,여자,40 - 49세,서울특별시,국내온라인거래,떡류,계약불이행(불완전이행)
2024012645,2024-03-06,여자,40 - 49세,인천광역시,일반판매,미분류대여(렌트),AS불만
2024012646,2024-03-06,남자,30 - 39세,충청남도,국내온라인거래,니트(스웨터),계약해제.해지/위약금
2024012648,2024-03-06,남자,65 - 69세,경상북도,기타,전기장판,AS불만
2024012650,2024-03-06,여자,20 - 29세,인천광역시,일반판매,헬스장,계약해제.해지/위약금
2024012651,2024-03-06,여자,30 - 39세,경기도,기타,필라테스,계약해제.해지/위약금
2024012653,2024-03-06,남자,50 - 59세,경기도,일반판매,기타숙박시설,청약철회
2024012654,2024-03-06,여자,40 - 49세,경기도,일반판매,통합보장보험,계약불이행(불완전이행)
2024012655,2024-03-06,여자,40 - 49세,경상북도,모바일거래,모바일정보이용서비스,계약해제.해지/위약금
2024012656,2024-03-20,여자,60 - 64세,경기도,일반판매,신사화(구두·부츠 등),품질(물품/용역)
2024012657,2024-03-15,여자,20 - 29세,충청북도,일반판매,양복(서양식 의복)세탁,품질(물품/용역)
2024012658,2024-03-06,남자,50 - 59세,부산광역시,국제온라인거래,기타스포츠·레저기구·용품,계약불이행(불완전이행)
2024012660,2024-03-06,여자,30 - 39세,(미입력),국내온라인거래,인터넷정보이용서비스,청약철회
2024012662,2024-03-06,여자,30 - 39세,대구광역시,국내온라인거래,숙녀화(구두·부츠 등),계약불이행(불완전이행)
2024012663,2024-03-14,여자,30 - 39세,서울특별시,일반판매,양복(서양식 의복)세탁,품질(물품/용역)
2024012664,2024-03-06,남자,40 - 49세,대구광역시,일반판매,외식,안전(제품/시설)
2024012665,2024-03-06,남자,20 - 29세,부산광역시,일반판매,한의원,계약해제.해지/위약금
2024012666,2024-03-06,남자,40 - 49세,서울특별시,국내온라인거래,곶감,품질(물품/용역)
2024012667,2024-03-06,여자,50 - 59세,경상남도,기타,실손보험,계약불이행(불완전이행)
2024012669,2024-03-06,여자,50 - 59세,경기도,전화권유판매,미분류대여(렌트),계약해제.해지/위약금
2024012670,2024-03-14,여자,30 - 39세,충청남도,국내온라인거래,점퍼·재킷류,품질(물품/용역)
2024012671,2024-03-14,남자,30 - 39세,서울특별시,일반판매,점퍼·재킷류,품질(물품/용역)
2024012672,2024-03-06,남자,20 - 29세,서울특별시,일반판매,레저시설이용,안전(제품/시설)
2024012673,2024-03-20,여자,30 - 39세,부산광역시,일반판매,숙녀화(구두·부츠 등),품질(물품/용역)
2024012679,2024-03-15,여자,40 - 49세,서울특별시,일반판매,핸드백,품질(물품/용역)
2024012680,2024-03-06,여자,50 - 59세,전라북도,일반판매,독서실이용,계약해제.해지/위약금
2024012681,2024-03-06,남자,50 - 59세,강원특별자치도,기타,노트북컴퓨터,AS불만
2024012682,2024-03-06,남자,20 - 29세,경기도,일반판매,일반강습(입시학원등),
2024012683,2024-03-06,여자,30 - 39세,경기도,일반판매,사진촬영,계약해제.해지/위약금
2024012684,2024-03-06,여자,30 - 39세,서울특별시,국내온라인거래,전기진공청소기,품질(물품/용역)
2024012685,2024-03-06,남자,20 - 29세,경기도,국내온라인거래,기타숙박시설,계약해제.해지/위약금
2024012686,2024-03-06,여자,20 - 29세,경기도,국내온라인거래,점퍼·재킷류,품질(물품/용역)
2024012687,2024-03-06,남자,40 - 49세,경기도,일반판매,헬스장,계약해제.해지/위약금
2024012688,2024-03-06,남자,40 - 49세,전라남도,국내온라인거래,기타의류·섬유,청약철회
2024012689,2024-03-06,남자,30 - 39세,대구광역시,일반판매,가구세트,계약해제.해지/위약금
2024012690,2024-03-06,남자,40 - 49세,경상남도,국내온라인거래,스마트폰,계약해제.해지/위약금
2024012691,2024-03-06,여자,30 - 39세,서울특별시,국제온라인거래,항공여객운송서비스,계약해제.해지/위약금
2024012692,2024-03-06,여자,40 - 49세,서울특별시,일반판매,피부·체형관리서비스,계약해제.해지/위약금
2024012693,2024-03-06,여자,30 - 39세,서울특별시,국제온라인거래,항공여객운송서비스,부당행위
2024012694,2024-03-06,남자,30 - 39세,경기도,국내온라인거래,인터넷교육서비스,약관
2024012695,2024-03-06,남자,40 - 49세,서울특별시,소셜커머스(쇼핑),의자,품질(물품/용역)
2024012696,2024-03-06,여자,20 - 29세,경상남도,방문판매,의상대여(렌트),계약해제.해지/위약금
2024012697,2024-03-06,남자,50 - 59세,서울특별시,모바일거래,하드디스크드라이버,계약불이행(불완전이행)
2024012698,2024-03-06,남자,40 - 49세,인천광역시,일반판매,노트북컴퓨터,AS불만
2024012699,2024-03-06,여자,20 - 29세,경기도,일반판매,헬스장,계약해제.해지/위약금
2024012700,2024-03-06,여자,50 - 59세,경기도,국내온라인거래,항공여객운송서비스,계약불이행(불완전이행)
2024012701,2024-03-06,여자,30 - 39세,경기도,기타,국내결혼중개,계약해제.해지/위약금
2024012702,2024-03-06,여자,30 - 39세,경기도,일반판매,전기세탁기,AS불만
2024012703,2024-03-06,남자,50 - 59세,경기도,모바일거래,모바일정보이용서비스,청약철회
2024012704,2024-03-06,여자,30 - 39세,대구광역시,일반판매,미용서비스,청약철회
2024012705,2024-03-06,남자,40 - 49세,강원특별자치도,국내온라인거래,항공여객운송서비스,계약해제.해지/위약금
2024012706,2024-03-06,남자,30 - 39세,광주광역시,모바일거래,인터넷게임서비스,단순문의.상담
2024012707,2024-03-06,남자,60 - 64세,부산광역시,국내온라인거래,스포츠웨어,계약불이행(불완전이행)
2024012708,2024-03-06,남자,40 - 49세,경기도,기타통신판매,골프회원권,계약해제.해지/위약금
2024012709,2024-03-06,여자,30 - 39세,경기도,국제온라인거래,호텔,
2024012710,2024-03-06,여자,30 - 39세,서울특별시,일반판매,각종자격취득강습,계약해제.해지/위약금
2024012711,2024-03-06,남자,50 - 59세,서울특별시,일반판매,가스보일러,가격.요금
2024012712,2024-03-06,남자,50 - 59세,서울특별시,국제온라인거래,통신기기주변장치,부당행위
2024012713,2024-03-06,남자,30 - 39세,대구광역시,국내온라인거래,전등·전구,계약불이행(불완전이행)
2024012714,2024-03-06,여자,20 - 29세,부산광역시,소셜커머스(쇼핑),기타건강식품,계약불이행(불완전이행)
2024012715,2024-03-06,남자,20 - 29세,경기도,국내온라인거래,모바일정보이용서비스,계약불이행(불완전이행)
2024012716,2024-03-06,남자,20 - 29세,세종특별자치시,국내온라인거래,키보드,청약철회
2024012717,2024-03-06,남자,40 - 49세,충청북도,소셜커머스(쇼핑),커피,계약불이행(불완전이행)
2024012718,2024-03-06,여자,30 - 39세,경기도,소셜커머스(쇼핑),인터넷정보이용서비스,청약철회
2024012719,2024-03-06,남자,50 - 59세,서울특별시,기타,미분류대여(렌트),계약불이행(불완전이행)
2024012720,2024-03-06,여자,30 - 39세,경상북도,국내온라인거래,항공여객운송서비스,계약해제.해지/위약금
2024012721,2024-03-06,남자,60 - 64세,경기도,모바일거래,캐주얼바지,청약철회
2024012722,2024-03-06,남자,30 - 39세,울산광역시,일반판매,기타예식관련서비스,이자.수수료
2024012723,2024-03-06,여자,50 - 59세,인천광역시,방문판매,기타옥외장비·설비,계약불이행(불완전이행)
2024012724,2024-03-06,여자,30 - 39세,인천광역시,국내온라인거래,기타가방,청약철회
2024012725,2024-03-06,여자,20 - 29세,서울특별시,국내온라인거래,스마트폰,품질(물품/용역)
2024012726,2024-03-06,남자,40 - 49세,대전광역시,일반판매,헬스장,안전(제품/시설)
2024012727,2024-03-06,남자,40 - 49세,경기도,기타,건물청소서비스,계약불이행(불완전이행)
2024012728,2024-03-06,여자,30 - 39세,인천광역시,일반판매,기타보건·위생용품,청약철회
2024012729,2024-03-06,남자,30 - 39세,충청남도,국내온라인거래,항공여객운송서비스,계약해제.해지/위약금
2024012730,2024-03-06,여자,20 - 29세,울산광역시,일반판매,기타이·미용서비스,계약해제.해지/위약금
2024012731,2024-03-06,남자,20 - 29세,경기도,일반판매,독서실이용,계약해제.해지/위약금
2024012732,2024-03-06,여자,40 - 49세,경기도,일반판매,핸드백,부당행위
2024012733,2024-03-06,여자,60 - 64세,인천광역시,국내온라인거래,티셔츠,청약철회
2024012734,2024-03-06,남자,30 - 39세,경기도,일반판매,의류수선,계약해제.해지/위약금
2024012735,2024-03-06,남자,60 - 64세,경기도,일반판매,노트북컴퓨터,AS불만
2024012736,2024-03-06,남자,20 - 29세,경기도,일반판매,헬스장,계약해제.해지/위약금
2024012737,2024-03-06,남자,60 - 64세,경상남도,국내온라인거래,국외여행,품질(물품/용역)
2024012738,2024-03-06,남자,60 - 64세,제주도,일반판매,정수기대여(렌트),AS불만
2024012739,2024-03-06,남자,30 - 39세,서울특별시,일반판매,헬스장,계약해제.해지/위약금
2024012740,2024-03-06,남자,20 - 29세,경기도,국내온라인거래,캐주얼바지,청약철회
2024012741,2024-03-06,여자,20 - 29세,부산광역시,국내온라인거래,인터넷교육서비스,계약해제.해지/위약금
2024012742,2024-03-06,여자,20 - 29세,경기도,국내온라인거래,여자용내의류,청약철회
2024012743,2024-03-06,남자,10 - 19세,전라북도,일반판매,이동전화서비스,계약불이행(불완전이행)
2024012745,2024-03-06,여자,30 - 39세,경기도,방문판매,피부·체형관리서비스,청약철회
2024012746,2024-03-06,남자,20 - 29세,서울특별시,일반판매,헬스장,계약해제.해지/위약금
2024012747,2024-03-06,여자,30 - 39세,경기도,일반판매,헬스장,계약해제.해지/위약금
2024012748,2024-03-06,남자,10 - 19세,경기도,일반판매,헬스장,계약해제.해지/위약금
2024012749,2024-03-06,여자,40 - 49세,전라남도,국내온라인거래,식탁,품질(물품/용역)
2024012750,2024-03-06,남자,70 - 79세,서울특별시,일반판매,헬스장,계약해제.해지/위약금
2024012751,2024-03-06,여자,40 - 49세,서울특별시,기타,미용서비스,부당행위
2024012752,2024-03-06,여자,20 - 29세,인천광역시,국내온라인거래,기타가방,계약불이행(불완전이행)
2024012753,2024-03-06,여자,20 - 29세,경기도,일반판매,기타세탁서비스,품질(물품/용역)
2024012754,2024-03-06,남자,40 - 49세,경상북도,모바일거래,모바일게임서비스,청약철회
2024012755,2024-03-06,여자,30 - 39세,서울특별시,일반판매,국내결혼중개,계약해제.해지/위약금
2024012756,2024-03-06,남자,20 - 29세,대전광역시,방문판매,헬스장,계약해제.해지/위약금
2024012757,2024-03-06,여자,40 - 49세,경기도,국내온라인거래,코트,품질(물품/용역)
2024012758,2024-03-06,남자,20 - 29세,경기도,국내온라인거래,헤드폰·이어폰,청약철회
2024012759,2024-03-06,여자,20 - 29세,대전광역시,일반판매,헬스장,계약해제.해지/위약금
2024012760,2024-03-06,여자,20 - 29세,광주광역시,국내온라인거래,기타의류·섬유,계약불이행(불완전이행)
2024012761,2024-03-06,여자,40 - 49세,경기도,기타,침대,품질(물품/용역)
2024012762,2024-03-06,남자,30 - 39세,경기도,기타,전기진공청소기,품질(물품/용역)
2024012763,2024-03-06,남자,50 - 59세,경기도,국내온라인거래,여관(모텔),계약해제.해지/위약금
2024012764,2024-03-06,여자,40 - 49세,서울특별시,국제온라인거래,기타숙박시설,계약불이행(불완전이행)
2024012765,2024-03-06,여자,20 - 29세,광주광역시,국내온라인거래,인터넷게임서비스,품질(물품/용역)
2024012766,2024-03-06,여자,30 - 39세,서울특별시,소셜커머스(쇼핑),인터넷공유기,표시.광고
2024012767,2024-03-06,남자,40 - 49세,인천광역시,일반판매,초고속인터넷,계약해제.해지/위약금
2024012768,2024-03-06,여자,30 - 39세,경기도,국내온라인거래,유아용카시트(안전의자),표시.광고
2024012769,2024-03-06,남자,40 - 49세,경기도,기타통신판매,기타미분류서비스,계약불이행(불완전이행)
2024012770,2024-03-06,남자,20 - 29세,경기도,일반판매,운전강습,단순문의.상담
2024012771,2024-03-06,남자,30 - 39세,서울특별시,소셜커머스(쇼핑),신사화(구두·부츠 등),계약불이행(불완전이행)
2024012772,2024-03-06,여자,30 - 39세,경기도,국내온라인거래,항공여객운송서비스,부당행위
2024012773,2024-03-06,여자,20 - 29세,인천광역시,모바일거래,기타의류·섬유,품질(물품/용역)
2024012774,2024-03-06,여자,30 - 39세,경기도,일반판매,해외유학알선,계약해제.해지/위약금
2024012775,2024-03-06,여자,30 - 39세,서울특별시,일반판매,택배화물운송서비스,계약불이행(불완전이행)
2024012776,2024-03-06,여자,30 - 39세,경기도,기타통신판매,기타숙박시설,계약해제.해지/위약금
2024012778,2024-03-07,여자,60 - 64세,경기도,기타,콘도회원권,계약해제.해지/위약금
2024012779,2024-03-07,여자,30 - 39세,서울특별시,일반판매,필라테스,계약해제.해지/위약금
2024012780,2024-03-07,남자,65 - 69세,인천광역시,기타,냉장고,AS불만
2024012782,2024-03-07,여자,50 - 59세,서울특별시,일반판매,자동차대여(렌트),계약불이행(불완전이행)
2024012783,2024-03-14,여자,40 - 49세,대구광역시,일반판매,니트(스웨터),품질(물품/용역)
2024012784,2024-03-07,남자,50 - 59세,서울특별시,일반판매,타이어,AS불만
2024012785,2024-03-07,여자,불명,경기도,기타,신문,계약해제.해지/위약금
2024012786,2024-03-07,남자,40 - 49세,인천광역시,일반판매,대형승용자동차,품질(물품/용역)
2024012787,2024-03-07,여자,20 - 29세,서울특별시,일반판매,헬스장,계약해제.해지/위약금
2024012788,2024-03-07,남자,50 - 59세,서울특별시,일반판매,중형승용자동차,품질(물품/용역)
2024012789,2024-03-07,남자,40 - 49세,서울특별시,국내온라인거래,헤드폰·이어폰,계약불이행(불완전이행)
2024012790,2024-03-07,남자,65 - 69세,제주도,기타,정형외과,품질(물품/용역)
2024012791,2024-03-07,여자,20 - 29세,부산광역시,모바일거래,숙녀화(구두·부츠 등),계약불이행(불완전이행)
2024012792,2024-03-07,남자,30 - 39세,서울특별시,일반판매,헬스장,계약해제.해지/위약금
2024012794,2024-03-06,남자,30 - 39세,경기도,일반판매,예식서비스,계약해제.해지/위약금
2024012795,2024-03-07,여자,40 - 49세,충청남도,기타,침대·매트리스대여(렌트),부당행위
2024012796,2024-03-07,여자,30 - 39세,경기도,국내온라인거래,니트(스웨터),청약철회
2024012797,2024-03-07,여자,65 - 69세,경상북도,국내온라인거래,국외여행,가격.요금
2024012799,2024-03-07,여자,60 - 64세,광주광역시,일반판매,실손보험,계약불이행(불완전이행)
2024012800,2024-03-07,여자,20 - 29세,인천광역시,일반판매,헬스장,계약해제.해지/위약금
2024012801,2024-03-07,여자,30 - 39세,경기도,기타,피부과,계약해제.해지/위약금
2024012803,2024-03-07,여자,20 - 29세,해외 및 기타,국제온라인거래,기타문화용품,계약불이행(불완전이행)
2024012804,2024-03-07,여자,30 - 39세,서울특별시,일반판매,자동차주차장,가격.요금
2024012805,2024-03-07,남자,30 - 39세,부산광역시,일반판매,자동차주차장,품질(물품/용역)
2024012806,2024-03-07,남자,40 - 49세,경기도,국내온라인거래,작동완구,청약철회
2024012808,2024-03-07,여자,50 - 59세,제주도,방문판매,포장이사운송서비스,계약불이행(불완전이행)
2024012809,2024-03-07,남자,20 - 29세,경기도,일반판매,자동차주유,가격.요금
2024012811,2024-03-14,여자,20 - 29세,충청북도,일반판매,핸드백,품질(물품/용역)
2024012814,2024-03-14,여자,50 - 59세,충청남도,일반판매,의류수선,품질(물품/용역)
2024012815,2024-03-07,남자,30 - 39세,대전광역시,일반판매,자동차보험,품질(물품/용역)
2024012816,2024-03-07,여자,40 - 49세,경상북도,기타통신판매,소파,계약해제.해지/위약금
2024012817,2024-03-07,여자,40 - 49세,경상남도,전화권유판매,기타매체광고,계약해제.해지/위약금
2024012818,2024-03-07,여자,50 - 59세,서울특별시,일반판매,자동차주유,계약불이행(불완전이행)
2024012820,2024-03-07,여자,30 - 39세,서울특별시,방문판매,피부·체형관리서비스,계약해제.해지/위약금
2024012821,2024-03-07,여자,30 - 39세,충청북도,국내온라인거래,호텔,계약해제.해지/위약금
2024012822,2024-03-07,여자,50 - 59세,경기도,일반판매,국외여행,품질(물품/용역)
2024012823,2024-03-07,남자,40 - 49세,경기도,일반판매,식탁,AS불만
2024012824,2024-03-07,남자,30 - 39세,서울특별시,국내온라인거래,호텔,청약철회
2024012825,2024-03-07,남자,50 - 59세,경기도,전화권유판매,기타건강식품,계약해제.해지/위약금
2024012826,2024-03-07,남자,40 - 49세,경기도,기타통신판매,유사투자자문,계약해제.해지/위약금
2024012827,2024-03-07,남자,70 - 79세,경기도,일반판매,이동전화서비스,청약철회
2024012830,2024-03-07,남자,70 - 79세,경상북도,기타,전기온수장판,AS불만
2024012832,2024-03-07,남자,50 - 59세,경기도,국내온라인거래,캐주얼바지,청약철회
2024012833,2024-03-07,여자,50 - 59세,경기도,일반판매,기타부동산임대차,계약해제.해지/위약금
2024012835,2024-03-07,여자,30 - 39세,경기도,기타,포장이사운송서비스,품질(물품/용역)
2024012836,2024-03-07,남자,40 - 49세,서울특별시,모바일거래,모바일게임서비스,계약불이행(불완전이행)
2024012837,2024-03-07,여자,60 - 64세,대전광역시,국내온라인거래,양파,품질(물품/용역)
2024012840,2024-03-07,남자,30 - 39세,서울특별시,전화권유판매,상조서비스,계약불이행(불완전이행)
2024012841,2024-03-20,남자,40 - 49세,충청북도,일반판매,운동화,품질(물품/용역)
2024012842,2024-03-07,여자,20 - 29세,서울특별시,국내온라인거래,요가,청약철회
2024012844,2024-03-07,남자,50 - 59세,충청남도,일반판매,종신보험,계약불이행(불완전이행)
2024012845,2024-03-07,여자,30 - 39세,서울특별시,국내온라인거래,철도여객운송서비스,계약해제.해지/위약금
2024012846,2024-03-07,남자,40 - 49세,서울특별시,일반판매,대형승용자동차,계약불이행(불완전이행)
2024012848,2024-03-07,남자,50 - 59세,경기도,방문판매,기름보일러,품질(물품/용역)
2024012851,2024-03-07,남자,50 - 59세,대구광역시,일반판매,내과,품질(물품/용역)
2024012852,2024-03-07,남자,50 - 59세,대전광역시,일반판매,치과,품질(물품/용역)
2024012853,2024-03-07,여자,50 - 59세,서울특별시,TV홈쇼핑,호텔,계약해제.해지/위약금
2024012854,2024-03-07,남자,60 - 64세,경상남도,일반판매,이비인후과,품질(물품/용역)
2024012855,2024-03-07,남자,50 - 59세,경기도,국내온라인거래,국외여행,계약불이행(불완전이행)
2024012858,2024-03-07,남자,60 - 64세,경상남도,일반판매,안과,품질(물품/용역)
2024012860,2024-03-07,여자,50 - 59세,서울특별시,일반판매,이동전화서비스,계약해제.해지/위약금
2024012861,2024-03-07,남자,40 - 49세,경기도,기타통신판매,자동차주유,계약불이행(불완전이행)
2024012863,2024-03-20,여자,65 - 69세,경상남도,일반판매,생활패션화(슬립온·아쿠아슈즈·장화·작업화 등),품질(물품/용역)
2024012864,2024-03-20,여자,40 - 49세,전라남도,일반판매,아동화,품질(물품/용역)
2024012865,2024-03-07,여자,20 - 29세,경기도,국내온라인거래,기타신변용품,청약철회
2024012867,2024-03-07,여자,30 - 39세,서울특별시,일반판매,인터넷정보이용서비스,계약해제.해지/위약금
2024012868,2024-03-07,여자,40 - 49세,경기도,일반판매,소파,품질(물품/용역)
2024012869,2024-03-07,남자,20 - 29세,서울특별시,기타,반포장이사운송서비스,가격.요금
2024012870,2024-03-19,남자,20 - 29세,인천광역시,일반판매,양복(서양식 의복)세탁,품질(물품/용역)
2024012871,2024-03-07,여자,40 - 49세,경기도,국내온라인거래,니트(스웨터),청약철회
2024012872,2024-03-07,여자,50 - 59세,세종특별자치시,TV홈쇼핑,기타인테리어설비,계약불이행(불완전이행)
2024012873,2024-03-07,여자,70 - 79세,경기도,일반판매,자동차대여(렌트),계약해제.해지/위약금
2024012874,2024-03-07,남자,20 - 29세,서울특별시,방문판매,헬스장,계약해제.해지/위약금
2024012875,2024-03-07,여자,40 - 49세,경상남도,일반판매,메이크업강습,계약해제.해지/위약금
2024012877,2024-03-07,여자,60 - 64세,서울특별시,일반판매,기타인테리어설비,계약불이행(불완전이행)
2024012878,2024-03-07,남자,20 - 29세,인천광역시,일반판매,택배화물운송서비스,부당행위
2024012879,2024-03-07,여자,20 - 29세,경상북도,모바일거래,기타알선·중개·번역서비스,계약해제.해지/위약금
2024012880,2024-03-07,남자,30 - 39세,부산광역시,국내온라인거래,점퍼·재킷류,청약철회
2024012881,2024-03-07,남자,60 - 64세,인천광역시,기타,초고속인터넷,계약해제.해지/위약금
2024012882,2024-03-07,여자,20 - 29세,인천광역시,일반판매,신용카드,부당행위
2024012883,2024-03-07,남자,50 - 59세,경기도,일반판매,포장이사운송서비스,계약불이행(불완전이행)
2024012884,2024-03-07,여자,50 - 59세,경기도,국내온라인거래,기타의료용구,청약철회
2024012885,2024-03-07,여자,30 - 39세,대구광역시,국내온라인거래,캐주얼바지,청약철회
2024012886,2024-03-07,여자,20 - 29세,경기도,기타,한의원,계약해제.해지/위약금
2024012887,2024-03-07,남자,30 - 39세,경기도,일반판매,항공여객운송서비스,계약불이행(불완전이행)
2024012888,2024-03-07,여자,30 - 39세,전라남도,기타통신판매,사진촬영,계약해제.해지/위약금
2024012889,2024-03-07,남자,40 - 49세,서울특별시,기타,건강(암·기타질병)보험,계약불이행(불완전이행)
2024012890,2024-03-07,남자,40 - 49세,서울특별시,기타,국내결혼중개,품질(물품/용역)
2024012891,2024-03-07,여자,20 - 29세,서울특별시,일반판매,피부과,계약해제.해지/위약금
2024012892,2024-03-07,여자,30 - 39세,인천광역시,일반판매,국내결혼중개,계약해제.해지/위약금
2024012893,2024-03-07,여자,30 - 39세,서울특별시,국내온라인거래,호텔,표시.광고
2024012894,2024-03-07,여자,10 - 19세,울산광역시,일반판매,영화관람,안전(제품/시설)
2024012895,2024-03-07,남자,불명,전라북도,국내온라인거래,골프용품,청약철회
2024012899,2024-03-07,남자,20 - 29세,서울특별시,일반판매,잡지,계약해제.해지/위약금
2024012900,2024-03-07,남자,20 - 29세,서울특별시,일반판매,잡지,계약해제.해지/위약금
2024012901,2024-03-07,남자,40 - 49세,경기도,국내온라인거래,기타의류·섬유,청약철회
2024012902,2024-03-07,남자,40 - 49세,경상북도,일반판매,기타가스·급배수설비,계약불이행(불완전이행)
2024012903,2024-03-07,여자,20 - 29세,인천광역시,전화권유판매,인터넷정보이용서비스,계약해제.해지/위약금
2024012904,2024-03-07,남자,65 - 69세,서울특별시,국내온라인거래,항공여객운송서비스,표시.광고
2024012905,2024-03-07,남자,30 - 39세,경기도,국내온라인거래,필기용구,AS불만
2024012906,2024-03-07,여자,30 - 39세,충청북도,소셜커머스(쇼핑),매트,계약불이행(불완전이행)
2024012907,2024-03-07,남자,30 - 39세,광주광역시,기타,기타세탁서비스,품질(물품/용역)
2024012908,2024-03-07,여자,20 - 29세,경기도,방문판매,기타인테리어설비,품질(물품/용역)
2024012909,2024-03-07,여자,40 - 49세,서울특별시,국내온라인거래,기타가구,계약불이행(불완전이행)
2024012910,2024-03-07,여자,30 - 39세,대구광역시,일반판매,기타숙박시설,계약불이행(불완전이행)
2024012911,2024-03-07,여자,30 - 39세,경기도,일반판매,헬스장,계약해제.해지/위약금
2024012912,2024-03-07,여자,60 - 64세,경기도,기타,김치냉장고,AS불만
2024012913,2024-03-07,여자,30 - 39세,강원특별자치도,국내온라인거래,기타신발·용품,청약철회
2024012914,2024-03-07,여자,20 - 29세,충청북도,방문판매,기타매체광고,계약불이행(불완전이행)
2024012915,2024-03-07,여자,30 - 39세,서울특별시,일반판매,헬스장,계약해제.해지/위약금
2024012916,2024-03-07,남자,30 - 39세,경상북도,일반판매,기타건강식품,계약불이행(불완전이행)
2024012917,2024-03-07,여자,20 - 29세,서울특별시,일반판매,헬스장,계약해제.해지/위약금
2024012918,2024-03-07,남자,40 - 49세,인천광역시,국내온라인거래,골프용품,계약불이행(불완전이행)
2024012919,2024-03-07,여자,20 - 29세,서울특별시,방문판매,헬스장,계약해제.해지/위약금
2024012920,2024-03-07,남자,60 - 64세,세종특별자치시,국내온라인거래,기타취미용품,계약불이행(불완전이행)
2024012921,2024-03-07,남자,30 - 39세,경기도,일반판매,골프회원권,계약해제.해지/위약금
2024012922,2024-03-07,여자,30 - 39세,대구광역시,전화권유판매,국내결혼중개,계약해제.해지/위약금
2024012923,2024-03-07,남자,30 - 39세,경기도,기타,방송광고,계약해제.해지/위약금
2024012924,2024-03-07,여자,20 - 29세,인천광역시,일반판매,필라테스,계약해제.해지/위약금
2024012925,2024-03-07,여자,20 - 29세,대구광역시,기타통신판매,일반강습(입시학원등),계약해제.해지/위약금
2024012926,2024-03-07,남자,40 - 49세,경기도,방문판매,결혼준비대행서비스,계약해제.해지/위약금
2024012927,2024-03-07,남자,20 - 29세,충청북도,방문판매,종합체육시설회원권,계약해제.해지/위약금
2024012928,2024-03-07,여자,30 - 39세,서울특별시,기타,피부·체형관리서비스,계약불이행(불완전이행)
2024012929,2024-03-07,남자,40 - 49세,인천광역시,소셜커머스(쇼핑),기타육류·육류가공식품,품질(물품/용역)
2024012930,2024-03-07,남자,30 - 39세,전라북도,일반판매,기타가구,AS불만
2024012931,2024-03-07,여자,40 - 49세,인천광역시,전화권유판매,인터넷교육서비스,계약해제.해지/위약금
2024012932,2024-03-07,남자,30 - 39세,서울특별시,국내온라인거래,항공여객운송서비스,이자.수수료
2024012933,2024-03-07,여자,30 - 39세,인천광역시,국내온라인거래,호텔,계약해제.해지/위약금
2024012934,2024-03-07,여자,30 - 39세,경기도,일반판매,점퍼·재킷류,품질(물품/용역)
2024012935,2024-03-07,여자,50 - 59세,경기도,TV홈쇼핑,기타이·미용기구,계약해제.해지/위약금
2024012936,2024-03-07,여자,30 - 39세,경기도,국내온라인거래,통신기기케이스,청약철회
2024012937,2024-03-07,여자,50 - 59세,경기도,모바일거래,소파,청약철회
2024012938,2024-03-07,여자,20 - 29세,경기도,일반판매,피부·체형관리서비스,청약철회
2024012939,2024-03-07,남자,60 - 64세,대구광역시,일반판매,아파트,AS불만
2024012940,2024-03-07,남자,50 - 59세,제주도,국내온라인거래,골프용품,품질(물품/용역)
2024012941,2024-03-07,남자,50 - 59세,인천광역시,국내온라인거래,전기세탁기,청약철회
2024012942,2024-03-07,남자,30 - 39세,대구광역시,일반판매,결혼준비대행서비스,계약해제.해지/위약금
2024012943,2024-03-07,여자,30 - 39세,경기도,일반판매,헬스장,계약해제.해지/위약금
2024012944,2024-03-07,남자,70 - 79세,경기도,기타통신판매,인터넷교육서비스,청약철회
2024012945,2024-03-07,남자,40 - 49세,서울특별시,기타,기타회원권,품질(물품/용역)
2024012946,2024-03-07,남자,65 - 69세,경기도,일반판매,침대,계약불이행(불완전이행)
2024012947,2024-03-07,여자,50 - 59세,경기도,국내온라인거래,각종공연관람,계약해제.해지/위약금
2024012948,2024-03-07,남자,60 - 64세,서울특별시,국제온라인거래,기타숙박시설,계약불이행(불완전이행)
2024012949,2024-03-07,여자,65 - 69세,광주광역시,기타,헬스장,계약해제.해지/위약금
2024012950,2024-03-07,여자,20 - 29세,제주도,방문판매,국외여행,계약해제.해지/위약금
2024012951,2024-03-07,여자,40 - 49세,경기도,일반판매,기타교육서비스,계약해제.해지/위약금
2024012952,2024-03-07,남자,40 - 49세,서울특별시,일반판매,헬스장,청약철회
2024012953,2024-03-07,여자,40 - 49세,경기도,일반판매,종합체육시설회원권,계약해제.해지/위약금
2024012954,2024-03-07,남자,40 - 49세,서울특별시,전화권유판매,인터넷교육서비스,계약해제.해지/위약금
2024012955,2024-03-07,여자,20 - 29세,경기도,국내온라인거래,마우스,청약철회
2024012956,2024-03-07,남자,40 - 49세,서울특별시,일반판매,스마트폰,계약불이행(불완전이행)
2024012957,2024-03-07,여자,40 - 49세,서울특별시,일반판매,맥주,품질(물품/용역)
2024012958,2024-03-07,여자,20 - 29세,서울특별시,일반판매,헬스장,계약불이행(불완전이행)
2024012959,2024-03-07,여자,30 - 39세,인천광역시,국내온라인거래,서랍장,청약철회
2024012960,2024-03-07,여자,20 - 29세,경기도,소셜커머스(쇼핑),기타미분류서비스,계약불이행(불완전이행)
2024012961,2024-03-07,여자,30 - 39세,강원특별자치도,일반판매,고시원이용,계약해제.해지/위약금
2024012962,2024-03-07,여자,40 - 49세,서울특별시,국내온라인거래,기타일반화장품,품질(물품/용역)
2024012963,2024-03-07,남자,65 - 69세,광주광역시,기타,콘도회원권,계약해제.해지/위약금
2024012964,2024-03-07,여자,30 - 39세,서울특별시,국내온라인거래,페인트,계약불이행(불완전이행)
2024012965,2024-03-07,여자,40 - 49세,경기도,국내온라인거래,분유,계약불이행(불완전이행)
2024012966,2024-03-07,여자,20 - 29세,경기도,모바일거래,결혼준비대행서비스,청약철회
2024012967,2024-03-07,여자,40 - 49세,경기도,방문판매,필라테스,계약해제.해지/위약금
2024012968,2024-03-07,여자,30 - 39세,서울특별시,국내온라인거래,기타의류·섬유,청약철회
2024012969,2024-03-07,남자,20 - 29세,경기도,국내온라인거래,전자담배,계약불이행(불완전이행)
2024012970,2024-03-07,여자,40 - 49세,경기도,기타통신판매,기타건강식품,청약철회
2024012971,2024-03-07,여자,50 - 59세,서울특별시,기타,포장이사운송서비스,품질(물품/용역)
2024012972,2024-03-07,여자,30 - 39세,경기도,모바일거래,모바일정보이용서비스,계약불이행(불완전이행)
2024012973,2024-03-07,여자,30 - 39세,서울특별시,기타,소파,품질(물품/용역)
2024012974,2024-03-07,여자,30 - 39세,서울특별시,일반판매,종합체육시설회원권,계약해제.해지/위약금
2024012975,2024-03-07,여자,60 - 64세,서울특별시,일반판매,이동전화서비스,계약해제.해지/위약금
2024012976,2024-03-07,여자,10 - 19세,경기도,일반판매,헬스장,계약해제.해지/위약금
2024012977,2024-03-07,남자,20 - 29세,경기도,일반판매,헬스장,계약해제.해지/위약금
2024012978,2024-03-07,여자,40 - 49세,경기도,기타,스마트폰,품질(물품/용역)
2024012979,2024-03-07,남자,40 - 49세,경기도,국내온라인거래,기타가사용품,AS불만
2024012980,2024-03-07,남자,30 - 39세,인천광역시,국내온라인거래,소파,품질(물품/용역)
2024012981,2024-03-07,남자,30 - 39세,부산광역시,일반판매,고시원이용,부당행위
2024012982,2024-03-07,여자,30 - 39세,부산광역시,국내온라인거래,기타가구,계약불이행(불완전이행)
2024012983,2024-03-07,남자,60 - 64세,충청남도,기타,기타교육서비스,계약해제.해지/위약금
2024012984,2024-03-07,여자,20 - 29세,서울특별시,모바일거래,모바일정보이용서비스,계약해제.해지/위약금
2024012985,2024-03-07,남자,40 - 49세,서울특별시,국내온라인거래,침대,계약불이행(불완전이행)
2024012986,2024-03-07,남자,40 - 49세,서울특별시,국내온라인거래,기타컴퓨터·주변기기,품질(물품/용역)
2024012987,2024-03-07,여자,30 - 39세,서울특별시,일반판매,외식,안전(제품/시설)
2024012988,2024-03-07,여자,40 - 49세,경상북도,기타,기타회원권,계약해제.해지/위약금
2024012989,2024-03-07,여자,20 - 29세,충청남도,소셜커머스(쇼핑),전기의류건조기,부당행위
2024012990,2024-03-07,여자,30 - 39세,서울특별시,모바일거래,택배화물운송서비스,계약불이행(불완전이행)
2024012991,2024-03-07,여자,30 - 39세,서울특별시,국내온라인거래,전기밥솥,품질(물품/용역)
2024012992,2024-03-07,여자,30 - 39세,서울특별시,국내온라인거래,기타의류·섬유,청약철회
2024012993,2024-03-08,여자,30 - 39세,서울특별시,국내온라인거래,캐주얼바지,청약철회
2024012994,2024-03-08,여자,70 - 79세,경기도,일반판매,위성방송,거래관행
2024012995,2024-03-08,남자,40 - 49세,전라남도,일반판매,룸에어컨,거래관행
2024012996,2024-03-08,여자,30 - 39세,서울특별시,국내온라인거래,상품권,거래관행
2024012997,2024-03-08,여자,40 - 49세,광주광역시,일반판매,각종자격취득강습,계약해제.해지/위약금
2024012998,2024-03-08,남자,30 - 39세,제주도,국내온라인거래,티셔츠,청약철회
2024012999,2024-03-08,남자,65 - 69세,충청남도,전화권유판매,모바일정보이용서비스,계약해제.해지/위약금
2024013000,2024-03-08,여자,30 - 39세,경기도,소셜커머스(쇼핑),분유,청약철회
2024013001,2024-03-08,여자,40 - 49세,인천광역시,국내온라인거래,항공여객운송서비스,청약철회
2024013002,2024-03-08,여자,40 - 49세,경기도,TV홈쇼핑,커피메이커,AS불만
2024013004,2024-03-08,여자,40 - 49세,서울특별시,일반판매,요가,계약불이행(불완전이행)
2024013005,2024-03-08,여자,30 - 39세,경기도,모바일거래,기타자동차용품,청약철회
2024013006,2024-03-08,남자,80세이상,경상북도,전화권유판매,기타정보이용서비스,계약해제.해지/위약금
2024013007,2024-03-08,남자,30 - 39세,경상북도,일반판매,중고자동차중개·매매,계약해제.해지/위약금
2024013008,2024-03-08,여자,20 - 29세,경기도,국내온라인거래,시계,품질(물품/용역)
2024013010,2024-03-08,여자,30 - 39세,서울특별시,국제온라인거래,호텔,청약철회
2024013011,2024-03-08,남자,50 - 59세,서울특별시,일반판매,오토바이,품질(물품/용역)
2024013012,2024-03-08,남자,50 - 59세,경기도,국내온라인거래,가구리폼·수리,AS불만
2024013013,2024-03-08,여자,30 - 39세,경기도,소셜커머스(쇼핑),니트(스웨터),청약철회
2024013014,2024-03-08,여자,65 - 69세,인천광역시,국내온라인거래,기타건강식품,계약불이행(불완전이행)
2024013015,2024-03-08,여자,50 - 59세,인천광역시,전화권유판매,전기자전거,가격.요금
2024013018,2024-03-08,남자,불명,경기도,국내온라인거래,항공여객운송서비스,부당행위
2024013019,2024-03-08,여자,40 - 49세,서울특별시,소셜커머스(쇼핑),다이어트식품,거래관행
2024013020,2024-03-08,여자,40 - 49세,인천광역시,국내온라인거래,숙녀화(구두·부츠 등),청약철회
2024013021,2024-03-08,남자,30 - 39세,(미입력),일반판매,기타신발·용품,계약해제.해지/위약금
2024013022,2024-03-08,남자,50 - 59세,경기도,모바일거래,골프회원권,계약해제.해지/위약금
2024013023,2024-03-08,여자,30 - 39세,부산광역시,모바일거래,미용서비스,품질(물품/용역)
2024013024,2024-03-08,남자,30 - 39세,경기도,국내온라인거래,블루투스스피커,청약철회
2024013025,2024-03-08,남자,40 - 49세,전라남도,국내온라인거래,건강(암·기타질병)보험,계약불이행(불완전이행)
2024013026,2024-03-08,남자,20 - 29세,경기도,일반판매,미용서비스,계약해제.해지/위약금
2024013027,2024-03-08,남자,30 - 39세,경기도,일반판매,변호서비스,계약불이행(불완전이행)
2024013028,2024-03-08,남자,30 - 39세,경기도,국내온라인거래,공기청정기,계약해제.해지/위약금
2024013029,2024-03-08,여자,30 - 39세,서울특별시,일반판매,필라테스,계약해제.해지/위약금
2024013030,2024-03-08,남자,60 - 64세,서울특별시,국내온라인거래,호텔,계약해제.해지/위약금
2024013031,2024-03-08,여자,30 - 39세,경기도,일반판매,필라테스,계약해제.해지/위약금
2024013032,2024-03-08,남자,30 - 39세,충청북도,국내온라인거래,자동차대여(렌트),AS불만
2024013034,2024-03-08,여자,20 - 29세,서울특별시,기타통신판매,기타사설강습서비스,계약해제.해지/위약금
2024013035,2024-03-08,남자,40 - 49세,충청남도,국내온라인거래,기타의료용구,계약해제.해지/위약금
2024013036,2024-03-08,남자,40 - 49세,경기도,국제온라인거래,기타컴퓨터·주변기기,청약철회
2024013037,2024-03-08,남자,40 - 49세,인천광역시,국내온라인거래,기타스포츠·레저기구·용품,계약해제.해지/위약금
2024013038,2024-03-08,남자,30 - 39세,경기도,국내온라인거래,점퍼·재킷류,청약철회
2024013039,2024-03-08,여자,60 - 64세,경상남도,일반판매,실손보험,계약불이행(불완전이행)
2024013040,2024-03-08,여자,20 - 29세,부산광역시,국내온라인거래,무스탕,청약철회
2024013041,2024-03-08,남자,50 - 59세,서울특별시,전화권유판매,할인회원권,청약철회
2024013042,2024-03-08,남자,20 - 29세,경기도,후원방문판매,상조서비스,계약해제.해지/위약금
2024013043,2024-03-08,남자,20 - 29세,경기도,방문판매,기타교육서비스,계약해제.해지/위약금
2024013045,2024-03-08,여자,50 - 59세,경기도,국내온라인거래,항공여객운송서비스,계약불이행(불완전이행)
2024013046,2024-03-08,남자,30 - 39세,경기도,국내온라인거래,항공여객운송서비스,청약철회
2024013047,2024-03-08,남자,70 - 79세,서울특별시,일반판매,치과,품질(물품/용역)
2024013049,2024-03-08,여자,30 - 39세,대구광역시,국내온라인거래,전기진공청소기,계약불이행(불완전이행)
2024013050,2024-03-08,여자,65 - 69세,경기도,일반판매,실손보험,계약불이행(불완전이행)
2024013052,2024-03-08,남자,50 - 59세,서울특별시,일반판매,자동차수리·점검,품질(물품/용역)
2024013053,2024-03-08,여자,50 - 59세,부산광역시,일반판매,침대,안전(제품/시설)
2024013054,2024-03-08,여자,50 - 59세,부산광역시,국내온라인거래,모자,계약불이행(불완전이행)
2024013055,2024-03-08,여자,50 - 59세,인천광역시,국내온라인거래,기타부동산임대차,청약철회
2024013056,2024-03-08,여자,60 - 64세,서울특별시,일반판매,안경·안경테,품질(물품/용역)
2024013058,2024-03-08,여자,40 - 49세,인천광역시,일반판매,양복(서양식 의복)세탁,품질(물품/용역)
2024013060,2024-03-20,남자,20 - 29세,경상남도,국내온라인거래,신발세탁,계약불이행(불완전이행)
2024013061,2024-03-08,남자,30 - 39세,경기도,국내온라인거래,점퍼·재킷류,계약해제.해지/위약금
2024013062,2024-03-08,남자,60 - 64세,강원특별자치도,국내온라인거래,스마트폰,품질(물품/용역)
2024013063,2024-03-08,여자,불명,대구광역시,국내온라인거래,기타미분류물품,부당행위
2024013064,2024-03-08,여자,50 - 59세,울산광역시,일반판매,노인복지,계약해제.해지/위약금
2024013065,2024-03-08,여자,40 - 49세,경기도,기타통신판매,상조서비스,계약해제.해지/위약금
2024013066,2024-03-08,남자,40 - 49세,광주광역시,국내온라인거래,위스키,계약불이행(불완전이행)
2024013067,2024-03-08,남자,30 - 39세,서울특별시,일반판매,자동차대여(렌트),부당행위
2024013068,2024-03-08,여자,30 - 39세,서울특별시,국내온라인거래,숙녀화(구두·부츠 등),청약철회
2024013069,2024-03-08,남자,50 - 59세,서울특별시,국내온라인거래,미분류대여(렌트),계약해제.해지/위약금
2024013070,2024-03-08,남자,40 - 49세,경상북도,국내온라인거래,모자,청약철회
2024013071,2024-03-08,여자,40 - 49세,서울특별시,국내온라인거래,기타식탁용품,계약불이행(불완전이행)
2024013072,2024-03-08,여자,30 - 39세,울산광역시,전화권유판매,모바일정보이용서비스,계약불이행(불완전이행)
2024013073,2024-03-08,남자,10 - 19세,충청남도,일반판매,스마트폰,AS불만
2024013074,2024-03-08,여자,20 - 29세,인천광역시,일반판매,헬스장,청약철회
2024013075,2024-03-08,남자,30 - 39세,서울특별시,모바일거래,자동차주차장,계약불이행(불완전이행)
2024013076,2024-03-08,여자,30 - 39세,대구광역시,일반판매,기타음식관련서비스,품질(물품/용역)
2024013077,2024-03-08,여자,불명,경상남도,모바일거래,가상화폐,계약불이행(불완전이행)
2024013078,2024-03-08,남자,40 - 49세,서울특별시,국내온라인거래,소파,AS불만
2024013079,2024-03-08,여자,60 - 64세,경기도,일반판매,정수기대여(렌트),계약해제.해지/위약금
2024013081,2024-03-08,여자,50 - 59세,제주도,기타,인터넷교육서비스,계약해제.해지/위약금
2024013082,2024-03-08,여자,30 - 39세,경기도,국내온라인거래,인터넷교육서비스,계약불이행(불완전이행)
2024013083,2024-03-08,여자,65 - 69세,서울특별시,기타,치과,계약해제.해지/위약금
2024013087,2024-03-08,여자,20 - 29세,서울특별시,기타통신판매,전동킥보드,AS불만
2024013088,2024-03-08,남자,30 - 39세,서울특별시,국내온라인거래,스마트폰,품질(물품/용역)
2024013089,2024-03-08,남자,20 - 29세,경기도,일반판매,헬스장,계약해제.해지/위약금
2024013090,2024-03-08,남자,30 - 39세,대전광역시,국내온라인거래,소프트웨어,계약불이행(불완전이행)
2024013091,2024-03-08,남자,40 - 49세,세종특별자치시,국내온라인거래,항공여객운송서비스,청약철회
2024013092,2024-03-20,여자,20 - 29세,경기도,일반판매,신발세탁,계약불이행(불완전이행)
2024013093,2024-03-08,여자,20 - 29세,경상남도,일반판매,자동차주차장,가격.요금
2024013094,2024-03-08,남자,30 - 39세,부산광역시,일반판매,대형승용자동차,AS불만
2024013095,2024-03-08,여자,40 - 49세,서울특별시,국내온라인거래,숙녀화(구두·부츠 등),계약불이행(불완전이행)
2024013096,2024-03-20,여자,30 - 39세,부산광역시,국내온라인거래,운동화,품질(물품/용역)
2024013097,2024-03-08,남자,60 - 64세,광주광역시,국내온라인거래,유사투자자문,계약해제.해지/위약금
2024013098,2024-03-08,남자,80세이상,경상남도,일반판매,내과,품질(물품/용역)
2024013099,2024-03-08,남자,60 - 64세,경기도,일반판매,동물병원,품질(물품/용역)
2024013100,2024-03-08,여자,30 - 39세,경기도,모바일거래,모바일게임서비스,계약해제.해지/위약금
2024013101,2024-03-08,남자,70 - 79세,대구광역시,일반판매,모바일정보이용서비스,부당행위
2024013102,2024-03-08,남자,50 - 59세,경상남도,국내온라인거래,유사투자자문,계약해제.해지/위약금
2024013103,2024-03-08,여자,30 - 39세,서울특별시,일반판매,양복(서양식 의복)세탁,품질(물품/용역)
2024013104,2024-03-08,남자,70 - 79세,전라남도,전화권유판매,유사투자자문,계약해제.해지/위약금
2024013201,2024-03-08,여자,40 - 49세,서울특별시,일반판매,감귤,계약불이행(불완전이행)
2024013202,2024-03-08,남자,70 - 79세,경기도,국내온라인거래,국외여행,계약해제.해지/위약금
2024013203,2024-03-08,여자,20 - 29세,서울특별시,전화권유판매,이동전화서비스,계약불이행(불완전이행)
2024013204,2024-03-08,남자,30 - 39세,인천광역시,일반판매,예식서비스,계약해제.해지/위약금
2024013205,2024-03-08,남자,30 - 39세,경기도,국내온라인거래,항공여객운송서비스,부당행위
2024013206,2024-03-08,남자,30 - 39세,인천광역시,방문판매,콘도회원권,계약해제.해지/위약금
2024013207,2024-03-08,남자,40 - 49세,경기도,기타,기타인테리어설비,품질(물품/용역)
2024013208,2024-03-08,여자,50 - 59세,서울특별시,일반판매,점퍼·재킷류,계약해제.해지/위약금
2024013209,2024-03-08,여자,30 - 39세,경기도,일반판매,기타신발·용품,계약불이행(불완전이행)
2024013210,2024-03-08,남자,20 - 29세,인천광역시,일반판매,기타냉장·냉동기기,품질(물품/용역)
2024013211,2024-03-08,여자,40 - 49세,서울특별시,국내온라인거래,지갑,품질(물품/용역)
2024013212,2024-03-08,여자,30 - 39세,서울특별시,국내온라인거래,기타가방,청약철회
2024013213,2024-03-08,남자,30 - 39세,충청남도,모바일거래,기타취미용품,품질(물품/용역)
2024013214,2024-03-08,여자,20 - 29세,서울특별시,일반판매,일반강습(입시학원등),계약해제.해지/위약금
2024013215,2024-03-08,여자,20 - 29세,서울특별시,일반판매,헬스장,계약해제.해지/위약금
2024013216,2024-03-08,여자,30 - 39세,광주광역시,일반판매,국외여행,계약해제.해지/위약금
2024013217,2024-03-08,여자,40 - 49세,인천광역시,소셜커머스(쇼핑),기타악기·용품,AS불만
2024013218,2024-03-08,여자,20 - 29세,부산광역시,국내온라인거래,인터넷교육서비스,계약해제.해지/위약금
2024013219,2024-03-08,여자,65 - 69세,서울특별시,기타,기타인테리어설비,가격.요금
2024013220,2024-03-08,남자,40 - 49세,경상남도,방문판매,정수기대여(렌트),AS불만
2024013221,2024-03-08,남자,40 - 49세,경기도,일반판매,애완동·식물용품,품질(물품/용역)
2024013222,2024-03-08,여자,20 - 29세,경기도,국내온라인거래,숙녀화(구두·부츠 등),청약철회
2024013223,2024-03-08,여자,30 - 39세,서울특별시,일반판매,인터넷교육서비스,계약해제.해지/위약금
2024013225,2024-03-08,여자,40 - 49세,경상남도,국내온라인거래,국외여행,품질(물품/용역)
2024013226,2024-03-08,여자,20 - 29세,경기도,일반판매,미용서비스,품질(물품/용역)
2024013227,2024-03-08,여자,40 - 49세,부산광역시,일반판매,침대,계약불이행(불완전이행)
2024013228,2024-03-08,여자,20 - 29세,부산광역시,일반판매,각종자격취득강습,청약철회
2024013229,2024-03-08,여자,30 - 39세,서울특별시,국내온라인거래,기타의류·섬유,품질(물품/용역)
2024013230,2024-03-08,남자,40 - 49세,인천광역시,국내온라인거래,전기장판,AS불만
2024013231,2024-03-08,남자,40 - 49세,서울특별시,국내온라인거래,김치,청약철회
2024013232,2024-03-08,남자,60 - 64세,울산광역시,일반판매,가발,AS불만
2024013233,2024-03-08,여자,30 - 39세,부산광역시,방문판매,문갑,청약철회
2024013234,2024-03-08,여자,30 - 39세,서울특별시,국내온라인거래,운동화,청약철회
2024013235,2024-03-08,남자,80세이상,인천광역시,기타,포장이사운송서비스,계약불이행(불완전이행)
2024013236,2024-03-08,남자,50 - 59세,경기도,소셜커머스(쇼핑),키보드,품질(물품/용역)
2024013237,2024-03-08,여자,20 - 29세,인천광역시,국내온라인거래,기타건강식품,청약철회
2024013238,2024-03-08,남자,40 - 49세,경기도,전화권유판매,기타자동차용품,표시.광고
2024013239,2024-03-08,남자,30 - 39세,서울특별시,일반판매,침대,품질(물품/용역)
2024013240,2024-03-08,여자,50 - 59세,전라북도,모바일거래,기타법률서비스,계약해제.해지/위약금
2024013241,2024-03-08,여자,20 - 29세,세종특별자치시,일반판매,피부·체형관리서비스,계약해제.해지/위약금
2024013242,2024-03-08,남자,20 - 29세,경상남도,일반판매,예식서비스,계약해제.해지/위약금
2024013243,2024-03-08,여자,30 - 39세,경상남도,국내온라인거래,기타시계류,품질(물품/용역)
2024013244,2024-03-08,여자,30 - 39세,충청북도,국제온라인거래,스마트폰,계약불이행(불완전이행)
2024013245,2024-03-08,여자,20 - 29세,울산광역시,방문판매,공기청정기대여(렌트),계약해제.해지/위약금
2024013246,2024-03-08,남자,30 - 39세,서울특별시,국내온라인거래,스웨터,청약철회
2024013247,2024-03-08,여자,40 - 49세,인천광역시,방문판매,기타가사용품,계약해제.해지/위약금
2024013248,2024-03-08,남자,40 - 49세,서울특별시,방문판매,골프회원권,계약해제.해지/위약금
2024013249,2024-03-08,여자,60 - 64세,대전광역시,일반판매,헬스장,계약해제.해지/위약금
2024013250,2024-03-08,남자,40 - 49세,경기도,기타,헤드폰·이어폰,AS불만
2024013251,2024-03-08,여자,20 - 29세,광주광역시,국내온라인거래,식사배달,품질(물품/용역)
2024013252,2024-03-08,여자,30 - 39세,전라북도,국내온라인거래,모자,청약철회
2024013253,2024-03-08,여자,20 - 29세,인천광역시,국내온라인거래,항공여객운송서비스,계약해제.해지/위약금
2024013254,2024-03-08,여자,20 - 29세,서울특별시,기타통신판매,사진촬영,계약해제.해지/위약금
2024013255,2024-03-08,여자,40 - 49세,서울특별시,국내온라인거래,니트(스웨터),계약불이행(불완전이행)
2024013256,2024-03-08,여자,40 - 49세,경기도,국내온라인거래,점퍼·재킷류,청약철회
2024013257,2024-03-08,여자,30 - 39세,경기도,기타,전기진공청소기,품질(물품/용역)
2024013258,2024-03-08,여자,20 - 29세,충청남도,방문판매,헬스장,계약해제.해지/위약금
2024013259,2024-03-08,여자,50 - 59세,광주광역시,일반판매,밤,품질(물품/용역)
2024013260,2024-03-08,여자,30 - 39세,대전광역시,국내온라인거래,항공여객운송서비스,표시.광고
2024013261,2024-03-08,여자,40 - 49세,대전광역시,일반판매,가스보일러,안전(제품/시설)
2024013262,2024-03-08,여자,20 - 29세,서울특별시,소셜커머스(쇼핑),파운데이션,품질(물품/용역)
2024013263,2024-03-08,여자,30 - 39세,경상북도,일반판매,가스보일러,AS불만
2024013264,2024-03-08,여자,40 - 49세,경기도,기타,우유,표시.광고
2024013265,2024-03-08,여자,40 - 49세,경기도,일반판매,TV,품질(물품/용역)
2024013266,2024-03-08,남자,30 - 39세,세종특별자치시,기타,태블릿PC,부당행위
2024013267,2024-03-08,남자,30 - 39세,경기도,일반판매,헬스장,계약해제.해지/위약금
2024013268,2024-03-08,여자,30 - 39세,서울특별시,국내온라인거래,의류수선,품질(물품/용역)
2024013269,2024-03-08,여자,30 - 39세,경기도,국내온라인거래,모자,청약철회
2024013270,2024-03-08,남자,10 - 19세,광주광역시,일반판매,기타교육서비스,계약해제.해지/위약금
2024013271,2024-03-08,여자,40 - 49세,경기도,모바일거래,국외여행,계약해제.해지/위약금
2024013272,2024-03-08,여자,20 - 29세,경상북도,국내온라인거래,니트(스웨터),청약철회
2024013273,2024-03-08,여자,50 - 59세,서울특별시,소셜커머스(쇼핑),파인애플,안전(제품/시설)
2024013274,2024-03-08,남자,20 - 29세,경기도,국내온라인거래,공기청정기,청약철회
2024013275,2024-03-08,여자,60 - 64세,경기도,국내온라인거래,기타신발·용품,청약철회
2024013276,2024-03-08,남자,50 - 59세,부산광역시,일반판매,음식물처리기,품질(물품/용역)
2024013277,2024-03-08,남자,40 - 49세,서울특별시,전화권유판매,콘도회원권,계약해제.해지/위약금
2024013278,2024-03-08,남자,40 - 49세,인천광역시,국내온라인거래,기타숙박시설,계약해제.해지/위약금
2024013279,2024-03-08,여자,30 - 39세,전라북도,국내온라인거래,니트(스웨터),품질(물품/용역)
2024013280,2024-03-08,남자,40 - 49세,경기도,기타,종합체육시설회원권,계약해제.해지/위약금
2024013281,2024-03-08,남자,30 - 39세,서울특별시,일반판매,가스보일러,품질(물품/용역)
2024013282,2024-03-08,여자,50 - 59세,인천광역시,국내온라인거래,전기스탠드,청약철회
2024013283,2024-03-08,남자,40 - 49세,경기도,국내온라인거래,호텔,계약해제.해지/위약금
2024013284,2024-03-08,여자,30 - 39세,경기도,소셜커머스(쇼핑),기타신발·용품,청약철회
2024013285,2024-03-08,여자,10세 미만,경기도,국내온라인거래,소파,품질(물품/용역)
2024013286,2024-03-08,여자,20 - 29세,경기도,방문판매,미용서비스,계약해제.해지/위약금
2024013287,2024-03-08,여자,40 - 49세,서울특별시,기타,헬스장,계약불이행(불완전이행)
2024013288,2024-03-08,남자,30 - 39세,경기도,방문판매,기타인테리어설비,계약해제.해지/위약금
2024013289,2024-03-08,여자,30 - 39세,대구광역시,일반판매,스마트폰,부당행위
2024013290,2024-03-08,여자,30 - 39세,인천광역시,국내온라인거래,항공여객운송서비스,부당행위
2024013291,2024-03-08,여자,50 - 59세,경기도,TV홈쇼핑,국외여행,계약해제.해지/위약금
2024013292,2024-03-08,남자,20 - 29세,서울특별시,일반판매,헬스장,계약해제.해지/위약금
2024013293,2024-03-08,남자,20 - 29세,서울특별시,국내온라인거래,모자,청약철회
2024013294,2024-03-08,여자,20 - 29세,경기도,일반판매,필라테스,계약해제.해지/위약금
2024013295,2024-03-08,여자,20 - 29세,강원특별자치도,방문판매,필라테스,계약해제.해지/위약금
2024013296,2024-03-08,여자,20 - 29세,경기도,일반판매,호텔,청약철회
2024013297,2024-03-08,남자,40 - 49세,경기도,국내온라인거래,기타인터넷기반서비스,부당행위
2024013298,2024-03-08,남자,20 - 29세,인천광역시,방문판매,결혼준비대행서비스,계약해제.해지/위약금
2024013299,2024-03-08,남자,50 - 59세,전라남도,기타통신판매,인터넷교육서비스,계약해제.해지/위약금
2024013300,2024-03-08,여자,40 - 49세,서울특별시,모바일거래,항공여객운송서비스,계약해제.해지/위약금
2024013301,2024-03-08,여자,30 - 39세,대구광역시,일반판매,건물청소서비스,계약불이행(불완전이행)
2024013302,2024-03-08,여자,20 - 29세,경기도,일반판매,국내여행,청약철회
2024013303,2024-03-08,여자,20 - 29세,경상남도,기타통신판매,항공여객운송서비스,청약철회
2024013401,2024-03-09,남자,30 - 39세,경기도,일반판매,기타수선·염색서비스,AS불만
2024013402,2024-03-09,여자,40 - 49세,부산광역시,소셜커머스(쇼핑),국내여행,계약불이행(불완전이행)
2024013403,2024-03-09,여자,30 - 39세,인천광역시,일반판매,예식서비스,계약해제.해지/위약금
2024013404,2024-03-09,남자,50 - 59세,서울특별시,기타통신판매,"OTT서비스(넷플릭스,왓챠 등)",청약철회
2024013405,2024-03-09,여자,30 - 39세,충청북도,기타,건물청소서비스,부당행위
2024013406,2024-03-09,남자,20 - 29세,울산광역시,방문판매,할인회원권,계약해제.해지/위약금
2024013407,2024-03-09,남자,30 - 39세,서울특별시,방문판매,의상대여(렌트),청약철회
2024013408,2024-03-09,여자,30 - 39세,경기도,국내온라인거래,인터넷정보이용서비스,계약해제.해지/위약금
2024013409,2024-03-09,여자,40 - 49세,충청남도,소셜커머스(쇼핑),스프링매트리스,품질(물품/용역)
2024013410,2024-03-09,여자,40 - 49세,서울특별시,일반판매,책상,품질(물품/용역)
2024013411,2024-03-09,남자,40 - 49세,경기도,일반판매,바닥재·마루공사,품질(물품/용역)
2024013412,2024-03-09,남자,40 - 49세,경기도,모바일거래,화재보험,부당행위
2024013413,2024-03-09,남자,20 - 29세,충청남도,일반판매,헬스장,계약해제.해지/위약금
2024013414,2024-03-09,여자,30 - 39세,경기도,일반판매,마른오징어,품질(물품/용역)
2024013415,2024-03-09,여자,30 - 39세,경기도,일반판매,사진촬영,계약해제.해지/위약금
2024013416,2024-03-09,여자,80세이상,인천광역시,일반판매,위성방송,계약해제.해지/위약금
2024013417,2024-03-09,남자,50 - 59세,경상북도,국내온라인거래,인터넷교육서비스,계약해제.해지/위약금
2024013418,2024-03-09,남자,40 - 49세,전라북도,국내온라인거래,인터넷게임서비스,계약불이행(불완전이행)
2024013419,2024-03-09,남자,30 - 39세,서울특별시,국내온라인거래,항공여객운송서비스,부당행위
2024013420,2024-03-09,여자,60 - 64세,서울특별시,소셜커머스(쇼핑),택배화물운송서비스,계약불이행(불완전이행)
2024013421,2024-03-09,여자,30 - 39세,경기도,국내온라인거래,펜션,계약해제.해지/위약금
2024013422,2024-03-09,남자,40 - 49세,경기도,일반판매,외식,품질(물품/용역)
2024013423,2024-03-09,남자,50 - 59세,경기도,소셜커머스(쇼핑),USB,청약철회
2024013424,2024-03-09,여자,40 - 49세,전라남도,국제온라인거래,기타숙박시설,품질(물품/용역)
2024013501,2024-03-10,남자,40 - 49세,서울특별시,방문판매,연수기대여(렌트),계약해제.해지/위약금
2024013502,2024-03-10,여자,30 - 39세,서울특별시,국내온라인거래,다이어트식품,계약불이행(불완전이행)
2024013503,2024-03-10,여자,30 - 39세,서울특별시,일반판매,국내결혼중개,계약불이행(불완전이행)
2024013504,2024-03-10,여자,30 - 39세,경기도,국내온라인거래,도배공사,품질(물품/용역)
2024013505,2024-03-10,여자,40 - 49세,서울특별시,모바일거래,기타과일·과일가공식품,품질(물품/용역)
2024013506,2024-03-10,여자,30 - 39세,서울특별시,일반판매,필라테스,계약해제.해지/위약금
2024013507,2024-03-10,여자,30 - 39세,경기도,국내온라인거래,필라테스,계약해제.해지/위약금
2024013508,2024-03-10,남자,30 - 39세,서울특별시,일반판매,점퍼·재킷류,품질(물품/용역)
2024013509,2024-03-10,여자,30 - 39세,부산광역시,방문판매,우유,계약해제.해지/위약금
2024013510,2024-03-10,여자,40 - 49세,제주도,국내온라인거래,전기진공청소기,부당행위
2024013511,2024-03-10,여자,40 - 49세,경기도,일반판매,헬스장,계약해제.해지/위약금
2024013512,2024-03-10,여자,30 - 39세,서울특별시,소셜커머스(쇼핑),커피메이커,청약철회
2024013513,2024-03-10,남자,30 - 39세,경기도,일반판매,항공여객운송서비스,계약해제.해지/위약금
2024013514,2024-03-10,남자,30 - 39세,경기도,국내온라인거래,통신기기케이스,품질(물품/용역)
2024013515,2024-03-10,여자,30 - 39세,서울특별시,일반판매,헬스장,계약해제.해지/위약금
2024013516,2024-03-10,여자,40 - 49세,전라북도,국내온라인거래,버스여객운송서비스,단순문의.상담
2024013517,2024-03-10,여자,30 - 39세,경기도,일반판매,헬스장,계약해제.해지/위약금
2024013518,2024-03-08,남자,40 - 49세,경기도,국내온라인거래,기타조리기기·기구,품질(물품/용역)
2024013519,2024-03-11,여자,20 - 29세,서울특별시,기타,헬스장,계약해제.해지/위약금
2024013520,2024-03-11,여자,30 - 39세,부산광역시,일반판매,기타회원권,계약불이행(불완전이행)
2024013521,2024-03-11,남자,50 - 59세,서울특별시,기타통신판매,인터넷정보이용서비스,계약불이행(불완전이행)
2024013522,2024-03-11,남자,30 - 39세,경기도,일반판매,호텔,가격.요금
2024013523,2024-03-11,남자,30 - 39세,세종특별자치시,국내온라인거래,이동전화서비스,계약불이행(불완전이행)
2024013524,2024-03-11,남자,40 - 49세,인천광역시,국내온라인거래,기타인테리어설비,품질(물품/용역)
2024013526,2024-03-11,남자,불명,서울특별시,국내온라인거래,안경·안경테,품질(물품/용역)
2024013527,2024-03-11,남자,40 - 49세,충청북도,모바일거래,기타숙박시설,품질(물품/용역)
2024013528,2024-03-11,여자,30 - 39세,제주도,국내온라인거래,기타스포츠·레저기구·용품,청약철회
2024013529,2024-03-11,여자,40 - 49세,부산광역시,국내온라인거래,기타건강식품,계약불이행(불완전이행)
2024013531,2024-03-11,남자,40 - 49세,충청남도,국내온라인거래,항공여객운송서비스,계약불이행(불완전이행)
2024013532,2024-03-11,여자,50 - 59세,서울특별시,일반판매,기타부엌소모품,청약철회
2024013533,2024-03-11,여자,50 - 59세,서울특별시,방문판매,전기장판,AS불만
2024013534,2024-03-11,남자,30 - 39세,경기도,국내온라인거래,모자,계약불이행(불완전이행)
2024013535,2024-03-11,여자,20 - 29세,서울특별시,일반판매,헬스장,계약해제.해지/위약금
2024013536,2024-03-11,남자,30 - 39세,경기도,모바일거래,모바일게임서비스,계약해제.해지/위약금
2024013537,2024-03-11,남자,40 - 49세,울산광역시,일반판매,중형승용자동차,품질(물품/용역)
2024013538,2024-03-11,여자,30 - 39세,경상남도,국내온라인거래,믹서기,품질(물품/용역)
2024013539,2024-03-11,여자,50 - 59세,제주도,일반판매,헬스장,계약해제.해지/위약금
2024013540,2024-03-11,여자,50 - 59세,경기도,일반판매,안마의자대여(렌트),계약해제.해지/위약금
2024013541,2024-03-11,남자,40 - 49세,인천광역시,기타,인터넷교육서비스,계약해제.해지/위약금
2024013542,2024-03-11,여자,40 - 49세,인천광역시,방문판매,소파,품질(물품/용역)
2024013543,2024-03-11,여자,30 - 39세,경상남도,국내온라인거래,기타건강식품,청약철회
2024013544,2024-03-11,남자,20 - 29세,전라북도,모바일거래,인터넷교육서비스,계약불이행(불완전이행)
2024013545,2024-03-11,여자,60 - 64세,강원특별자치도,기타통신판매,유사투자자문,계약해제.해지/위약금
2024013546,2024-03-11,여자,30 - 39세,경기도,국내온라인거래,기타건강식품,계약불이행(불완전이행)
2024013547,2024-03-11,남자,30 - 39세,경기도,일반판매,헬스장,계약불이행(불완전이행)
2024013548,2024-03-11,여자,30 - 39세,서울특별시,방문판매,공기청정기대여(렌트),계약불이행(불완전이행)
2024013549,2024-03-11,여자,40 - 49세,경기도,TV홈쇼핑,기타이·미용기구,품질(물품/용역)
2024013550,2024-03-11,여자,70 - 79세,경기도,일반판매,성형외과,계약해제.해지/위약금
2024013551,2024-03-11,남자,40 - 49세,서울특별시,전화권유판매,이동전화서비스,계약해제.해지/위약금
2024013552,2024-03-11,남자,40 - 49세,서울특별시,일반판매,"연회서비스(돌잔치,회갑 등)",계약해제.해지/위약금
2024013553,2024-03-11,여자,50 - 59세,서울특별시,국내온라인거래,감귤,약관
2024013554,2024-03-11,남자,50 - 59세,세종특별자치시,일반판매,상조서비스,계약해제.해지/위약금
2024013555,2024-03-11,남자,30 - 39세,전라남도,국내온라인거래,성기능향상기기,계약불이행(불완전이행)
2024013556,2024-03-11,남자,20 - 29세,인천광역시,일반판매,대학·대학원,계약해제.해지/위약금
2024013558,2024-03-11,남자,30 - 39세,인천광역시,국제온라인거래,호텔,계약불이행(불완전이행)
2024013559,2024-03-11,여자,50 - 59세,서울특별시,일반판매,안마의자,품질(물품/용역)
2024013561,2024-03-11,여자,50 - 59세,세종특별자치시,TV홈쇼핑,프라이팬,품질(물품/용역)
2024013562,2024-03-11,남자,40 - 49세,부산광역시,일반판매,아파트,품질(물품/용역)
2024013563,2024-03-11,남자,40 - 49세,인천광역시,소셜커머스(쇼핑),스포츠웨어,품질(물품/용역)
2024013566,2024-03-11,여자,30 - 39세,(미입력),일반판매,기타매체광고,계약불이행(불완전이행)
2024013567,2024-03-11,남자,30 - 39세,서울특별시,국제온라인거래,항공여객운송서비스,계약불이행(불완전이행)
2024013568,2024-03-11,여자,20 - 29세,경기도,일반판매,보석·귀금속,AS불만
2024013569,2024-03-11,여자,60 - 64세,서울특별시,일반판매,성형외과,계약해제.해지/위약금
2024013570,2024-03-11,남자,30 - 39세,서울특별시,일반판매,미용서비스,계약불이행(불완전이행)
2024013571,2024-03-11,여자,30 - 39세,서울특별시,국내온라인거래,캐주얼바지,품질(물품/용역)
2024013572,2024-03-11,남자,20 - 29세,경상남도,국내온라인거래,기타간편복,계약불이행(불완전이행)
2024013573,2024-03-11,남자,30 - 39세,서울특별시,국내온라인거래,국외여행,부당채권추심
2024013575,2024-03-14,여자,40 - 49세,대구광역시,일반판매,양복(서양식 의복)세탁,품질(물품/용역)
2024013576,2024-03-11,여자,40 - 49세,대구광역시,일반판매,미분류대여(렌트),계약불이행(불완전이행)
2024013577,2024-03-11,남자,40 - 49세,서울특별시,전화권유판매,모바일정보이용서비스,계약해제.해지/위약금
2024013579,2024-03-11,여자,60 - 64세,경기도,일반판매,성형외과,품질(물품/용역)
2024013580,2024-03-11,남자,30 - 39세,대전광역시,기타,자동차수리·점검,계약불이행(불완전이행)
2024013581,2024-03-15,여자,40 - 49세,경기도,일반판매,양복(서양식 의복)세탁,품질(물품/용역)
2024013583,2024-03-11,여자,20 - 29세,경기도,일반판매,예식서비스,계약해제.해지/위약금
2024013584,2024-03-11,남자,65 - 69세,인천광역시,TV홈쇼핑,차량용블랙박스,AS불만
2024013586,2024-03-11,여자,30 - 39세,경기도,일반판매,이동전화서비스,계약불이행(불완전이행)
2024013587,2024-03-11,남자,50 - 59세,경기도,일반판매,등산화,품질(물품/용역)
2024013588,2024-03-15,여자,70 - 79세,서울특별시,일반판매,니트(스웨터),품질(물품/용역)
2024013589,2024-03-11,여자,20 - 29세,경기도,기타통신판매,기타사설강습서비스,계약해제.해지/위약금
2024013591,2024-03-11,여자,40 - 49세,경기도,모바일거래,기타가방,청약철회
2024013592,2024-03-11,남자,40 - 49세,경기도,국내온라인거래,타이어,표시.광고
2024013593,2024-03-19,여자,50 - 59세,충청남도,일반판매,점퍼·재킷류,품질(물품/용역)
2024013594,2024-03-11,여자,30 - 39세,서울특별시,국내온라인거래,숙녀복세트,청약철회
2024013595,2024-03-11,여자,60 - 64세,경기도,일반판매,건강(암·기타질병)보험,계약불이행(불완전이행)
2024013596,2024-03-11,여자,30 - 39세,서울특별시,국내온라인거래,니트(스웨터),청약철회
2024013597,2024-03-11,남자,50 - 59세,대구광역시,방문판매,대형승용자동차,AS불만
2024013598,2024-03-11,남자,40 - 49세,충청북도,국내온라인거래,냄비,품질(물품/용역)
2024013600,2024-03-11,남자,30 - 39세,인천광역시,국내온라인거래,기타숙박시설,청약철회
2024013601,2024-03-14,여자,40 - 49세,대구광역시,일반판매,티셔츠,품질(물품/용역)
2024013602,2024-03-11,여자,20 - 29세,경기도,일반판매,성형외과,품질(물품/용역)
2024013605,2024-03-11,여자,65 - 69세,충청남도,TV홈쇼핑,미분류대여(렌트),계약해제.해지/위약금
2024013606,2024-03-27,남자,40 - 49세,경기도,국내온라인거래,신사화(구두·부츠 등),품질(물품/용역)
2024013607,2024-03-11,남자,65 - 69세,충청남도,방문판매,침대·매트리스대여(렌트),계약해제.해지/위약금
2024013608,2024-03-11,여자,40 - 49세,경기도,기타,치과,품질(물품/용역)
2024013609,2024-03-11,남자,40 - 49세,서울특별시,일반판매,인터넷교육서비스,계약해제.해지/위약금
2024013612,2024-03-11,남자,20 - 29세,(미입력),방문판매,헬스장,계약해제.해지/위약금
2024013613,2024-03-11,여자,20 - 29세,광주광역시,일반판매,헬스장,계약해제.해지/위약금
2024013614,2024-03-11,여자,30 - 39세,(미입력),국내온라인거래,기타사설강습서비스,청약철회
2024013615,2024-03-11,여자,30 - 39세,서울특별시,국내온라인거래,기타신변용품,품질(물품/용역)
2024013617,2024-03-27,남자,40 - 49세,서울특별시,일반판매,신발세탁,계약불이행(불완전이행)
2024013618,2024-03-11,여자,40 - 49세,경기도,방문판매,기타매체광고,계약해제.해지/위약금
2024013619,2024-03-11,남자,50 - 59세,경기도,국내온라인거래,악기용품,계약불이행(불완전이행)
2024013620,2024-03-11,여자,40 - 49세,전라북도,국내온라인거래,항공여객운송서비스,계약해제.해지/위약금
2024013621,2024-03-11,여자,50 - 59세,세종특별자치시,기타,이동전화서비스,부당행위
2024013623,2024-03-11,여자,40 - 49세,부산광역시,국내온라인거래,항공여객운송서비스,청약철회
2024013624,2024-03-11,남자,65 - 69세,경상남도,TV홈쇼핑,국외여행,계약해제.해지/위약금
2024013625,2024-03-11,남자,50 - 59세,경기도,국내온라인거래,TV,AS불만
2024013626,2024-03-11,남자,30 - 39세,충청남도,일반판매,화장대,표시.광고
2024013627,2024-03-11,남자,30 - 39세,경기도,국내온라인거래,타이어,품질(물품/용역)
2024013628,2024-03-11,여자,40 - 49세,서울특별시,기타,포장이사운송서비스,계약불이행(불완전이행)
2024013629,2024-03-11,여자,70 - 79세,부산광역시,기타,정형외과,가격.요금
2024013630,2024-03-11,여자,30 - 39세,서울특별시,모바일거래,독서실이용,계약해제.해지/위약금
2024013632,2024-03-11,여자,60 - 64세,서울특별시,일반판매,인덕션레인지,청약철회
2024013633,2024-03-11,여자,70 - 79세,인천광역시,일반판매,차량네비게이션(자동항법장치),계약불이행(불완전이행)
2024013634,2024-03-11,남자,40 - 49세,경기도,모바일거래,전동킥보드,AS불만
2024013635,2024-03-11,남자,30 - 39세,경기도,방문판매,신유형상품권,계약해제.해지/위약금
2024013636,2024-03-15,남자,30 - 39세,충청북도,일반판매,양복(서양식 의복)세탁,품질(물품/용역)
2024013637,2024-03-11,남자,30 - 39세,서울특별시,모바일거래,외식,계약해제.해지/위약금
2024013638,2024-03-27,남자,20 - 29세,경상남도,일반판매,신발세탁,계약불이행(불완전이행)
2024013639,2024-03-11,여자,20 - 29세,인천광역시,일반판매,수영장회원권,계약해제.해지/위약금
2024013640,2024-03-11,남자,50 - 59세,대구광역시,일반판매,외과,품질(물품/용역)
2024013641,2024-03-11,남자,40 - 49세,경기도,국내온라인거래,기타책상·테이블류,품질(물품/용역)
2024013642,2024-03-11,여자,50 - 59세,경기도,국내온라인거래,항공여객운송서비스,청약철회
2024013643,2024-03-11,남자,50 - 59세,서울특별시,국내온라인거래,모바일정보이용서비스,청약철회
2024013644,2024-03-11,여자,30 - 39세,경기도,국내온라인거래,전기자전거,품질(물품/용역)
2024013645,2024-03-11,남자,40 - 49세,인천광역시,기타,항공여객운송서비스,계약불이행(불완전이행)
2024013647,2024-03-27,남자,60 - 64세,경기도,일반판매,운동화,품질(물품/용역)
2024013648,2024-03-11,여자,30 - 39세,경기도,국제온라인거래,항공여객운송서비스,표시.광고
2024013649,2024-03-11,여자,50 - 59세,경기도,기타,정수기대여(렌트),품질(물품/용역)
2024013651,2024-03-11,여자,40 - 49세,경기도,국내온라인거래,애완동·식물용품,청약철회
2024013652,2024-03-11,여자,20 - 29세,경기도,기타통신판매,기타미분류서비스,계약해제.해지/위약금
2024013653,2024-03-11,남자,30 - 39세,서울특별시,일반판매,신용카드,계약불이행(불완전이행)
2024013654,2024-03-11,남자,50 - 59세,경상남도,전화권유판매,건강(암·기타질병)보험,계약불이행(불완전이행)
2024013655,2024-03-11,여자,40 - 49세,서울특별시,기타,산후조리원,안전(제품/시설)
2024013656,2024-03-11,여자,20 - 29세,경기도,모바일거래,사진촬영,계약해제.해지/위약금
2024013657,2024-03-11,여자,50 - 59세,인천광역시,기타,컴퓨터수리,AS불만
2024013658,2024-03-14,여자,40 - 49세,경상남도,일반판매,양복(서양식 의복)세탁,품질(물품/용역)
2024013659,2024-03-11,여자,30 - 39세,충청남도,일반판매,침대,계약불이행(불완전이행)
2024013660,2024-03-11,여자,50 - 59세,대구광역시,일반판매,치과,계약해제.해지/위약금
2024013661,2024-03-11,남자,50 - 59세,경기도,국내온라인거래,모자,청약철회
2024013662,2024-03-11,남자,30 - 39세,서울특별시,국내온라인거래,건물청소서비스,계약불이행(불완전이행)
2024013663,2024-03-11,남자,30 - 39세,인천광역시,기타,기타미분류서비스,계약불이행(불완전이행)
2024013664,2024-03-11,남자,30 - 39세,경기도,기타,자동차보험,부당행위
2024013665,2024-03-11,남자,20 - 29세,경기도,국내온라인거래,항공여객운송서비스,청약철회
2024013666,2024-03-11,남자,30 - 39세,대전광역시,일반판매,자동차주유,AS불만
2024013667,2024-03-11,남자,30 - 39세,울산광역시,일반판매,국내결혼중개,계약해제.해지/위약금
2024013668,2024-03-11,여자,40 - 49세,경상북도,모바일거래,숙녀화(구두·부츠 등),계약불이행(불완전이행)
2024013669,2024-03-11,여자,30 - 39세,서울특별시,국내온라인거래,기타화물운송서비스,계약불이행(불완전이행)
2024013670,2024-03-11,여자,40 - 49세,부산광역시,국내온라인거래,비타민제,계약불이행(불완전이행)
2024013671,2024-03-11,남자,40 - 49세,대구광역시,국내온라인거래,침대,계약해제.해지/위약금
2024013672,2024-03-11,남자,30 - 39세,대전광역시,전화권유판매,초고속인터넷,계약해제.해지/위약금
2024013673,2024-03-11,남자,40 - 49세,대구광역시,국내온라인거래,기타의류·섬유,청약철회
2024013674,2024-03-11,남자,40 - 49세,서울특별시,일반판매,기타육류·육류가공식품,안전(제품/시설)
2024013675,2024-03-11,여자,30 - 39세,경기도,일반판매,자동차수리·점검,품질(물품/용역)
2024013676,2024-03-11,여자,20 - 29세,경기도,일반판매,화장품세트,계약해제.해지/위약금
2024013678,2024-03-11,남자,50 - 59세,서울특별시,일반판매,기타조명기기,계약불이행(불완전이행)
2024013679,2024-03-11,남자,40 - 49세,전라남도,국내온라인거래,컴퓨터모니터(데스크탑),청약철회
2024013680,2024-03-11,여자,10 - 19세,충청남도,국내온라인거래,인터넷교육서비스,계약해제.해지/위약금
2024013681,2024-03-11,여자,40 - 49세,경상남도,국내온라인거래,기타건강식품,청약철회
2024013682,2024-03-11,남자,20 - 29세,경상남도,모바일거래,헤드폰·이어폰,계약해제.해지/위약금
2024013683,2024-03-11,여자,30 - 39세,경기도,모바일거래,기타숙박시설,계약해제.해지/위약금
2024013684,2024-03-11,여자,50 - 59세,경기도,TV홈쇼핑,기타과일·과일가공식품,품질(물품/용역)
2024013685,2024-03-11,여자,50 - 59세,강원특별자치도,국내온라인거래,기타의류·섬유,청약철회
2024013687,2024-03-11,여자,20 - 29세,인천광역시,모바일거래,미용서비스,계약불이행(불완전이행)
2024013688,2024-03-11,여자,40 - 49세,서울특별시,국내온라인거래,점퍼·재킷류,청약철회
2024013689,2024-03-11,남자,20 - 29세,서울특별시,소셜커머스(쇼핑),라디오,AS불만
2024013690,2024-03-11,여자,30 - 39세,대전광역시,일반판매,미용서비스,계약불이행(불완전이행)
2024013691,2024-03-11,여자,20 - 29세,서울특별시,일반판매,기타이·미용서비스,계약해제.해지/위약금
2024013692,2024-03-11,남자,30 - 39세,경기도,국내온라인거래,기타미분류서비스,계약불이행(불완전이행)
2024013693,2024-03-11,여자,60 - 64세,서울특별시,일반판매,의상대여(렌트),계약해제.해지/위약금
2024013694,2024-03-11,여자,50 - 59세,경기도,국내온라인거래,항공여객운송서비스,계약해제.해지/위약금
2024013695,2024-03-11,남자,40 - 49세,서울특별시,기타,필라테스,계약해제.해지/위약금
2024013696,2024-03-11,여자,30 - 39세,경기도,국내온라인거래,서랍장,품질(물품/용역)
2024013697,2024-03-11,여자,40 - 49세,서울특별시,일반판매,스마트폰,AS불만
2024013698,2024-03-11,남자,30 - 39세,부산광역시,일반판매,항공여객운송서비스,계약불이행(불완전이행)
2024013699,2024-03-11,여자,20 - 29세,경기도,전화권유판매,인터넷교육서비스,청약철회
2024013700,2024-03-11,남자,30 - 39세,서울특별시,소셜커머스(쇼핑),소파,품질(물품/용역)
2024013701,2024-03-11,여자,20 - 29세,경기도,국내온라인거래,인터넷교육서비스,청약철회
2024013702,2024-03-11,남자,30 - 39세,경기도,소셜커머스(쇼핑),헬스장,계약해제.해지/위약금
2024013703,2024-03-11,여자,30 - 39세,대전광역시,일반판매,점퍼·재킷류,품질(물품/용역)
2024013704,2024-03-11,남자,20 - 29세,서울특별시,일반판매,헬스장,계약해제.해지/위약금
2024013705,2024-03-11,남자,40 - 49세,경상남도,국내온라인거래,블라인드,품질(물품/용역)
2024013706,2024-03-11,여자,20 - 29세,대전광역시,국내온라인거래,항공여객운송서비스,AS불만
2024013707,2024-03-11,남자,40 - 49세,대전광역시,국내온라인거래,화장품세트,청약철회
2024013708,2024-03-11,여자,20 - 29세,부산광역시,일반판매,기타미분류서비스,청약철회
2024013709,2024-03-11,여자,30 - 39세,경기도,일반판매,욕실설비,품질(물품/용역)
2024013710,2024-03-11,여자,50 - 59세,대구광역시,일반판매,초고속인터넷,계약해제.해지/위약금
2024013711,2024-03-11,남자,30 - 39세,경상남도,일반판매,종합체육시설회원권,계약해제.해지/위약금
2024013712,2024-03-11,여자,20 - 29세,경기도,일반판매,초고속인터넷,계약해제.해지/위약금
2024013713,2024-03-11,여자,30 - 39세,경기도,국내온라인거래,닭고기포장육,청약철회
2024013714,2024-03-11,여자,40 - 49세,충청북도,기타,학습지,계약해제.해지/위약금
2024013715,2024-03-11,남자,40 - 49세,전라남도,국내온라인거래,노트북컴퓨터,청약철회
2024013716,2024-03-11,여자,50 - 59세,서울특별시,국내온라인거래,고구마,청약철회
2024013717,2024-03-11,여자,40 - 49세,서울특별시,모바일거래,스마트폰,품질(물품/용역)
2024013718,2024-03-11,여자,20 - 29세,경상남도,일반판매,헬스장,계약해제.해지/위약금
2024013719,2024-03-11,남자,30 - 39세,경기도,기타통신판매,골프회원권,계약해제.해지/위약금
2024013720,2024-03-11,남자,40 - 49세,부산광역시,국내온라인거래,기타가구,계약해제.해지/위약금
2024013721,2024-03-11,남자,30 - 39세,대구광역시,국제온라인거래,항공여객운송서비스,계약해제.해지/위약금
2024013722,2024-03-11,여자,40 - 49세,경상남도,일반판매,결혼준비대행서비스,계약해제.해지/위약금
2024013723,2024-03-11,남자,40 - 49세,경상북도,국내온라인거래,헤드폰·이어폰,계약불이행(불완전이행)
2024013724,2024-03-11,남자,20 - 29세,서울특별시,방문판매,헬스장,계약해제.해지/위약금
2024013725,2024-03-11,남자,40 - 49세,부산광역시,일반판매,소파,AS불만
2024013726,2024-03-11,여자,40 - 49세,서울특별시,일반판매,미용서비스,품질(물품/용역)
2024013727,2024-03-11,여자,40 - 49세,서울특별시,국내온라인거래,소파,청약철회
2024013728,2024-03-11,여자,30 - 39세,충청북도,일반판매,헬스장,계약해제.해지/위약금
2024013729,2024-03-11,여자,30 - 39세,경상북도,일반판매,기타미분류물품,부당행위
2024013730,2024-03-11,남자,30 - 39세,경기도,국내온라인거래,영양보충용제품,청약철회
2024013731,2024-03-11,여자,50 - 59세,울산광역시,전화권유판매,기타교육서비스,계약해제.해지/위약금
2024013732,2024-03-11,남자,30 - 39세,경상남도,국내온라인거래,티셔츠,계약해제.해지/위약금
2024013733,2024-03-11,남자,30 - 39세,충청남도,국내온라인거래,기타알선·중개·번역서비스,부당채권추심
2024013734,2024-03-11,여자,50 - 59세,경기도,방문판매,숙녀화(구두·부츠 등),품질(물품/용역)
2024013735,2024-03-11,남자,30 - 39세,경기도,일반판매,기타사설강습서비스,가격.요금
2024013736,2024-03-11,여자,65 - 69세,서울특별시,모바일거래,그릇세트,계약불이행(불완전이행)
2024013737,2024-03-11,여자,20 - 29세,경기도,일반판매,헬스장,청약철회
2024013738,2024-03-11,여자,20 - 29세,경기도,기타,향수,계약불이행(불완전이행)
2024013739,2024-03-11,남자,20 - 29세,경기도,국내온라인거래,인터넷교육서비스,계약해제.해지/위약금
2024013740,2024-03-11,남자,40 - 49세,경상남도,일반판매,가구세트,계약해제.해지/위약금
2024013741,2024-03-11,여자,40 - 49세,서울특별시,국내온라인거래,기타의류·섬유,부당행위
2024013742,2024-03-11,남자,50 - 59세,인천광역시,국제온라인거래,항공여객운송서비스,계약해제.해지/위약금
2024013743,2024-03-11,남자,30 - 39세,경상북도,전화권유판매,기타미분류서비스,계약해제.해지/위약금
2024013744,2024-03-11,여자,30 - 39세,서울특별시,모바일거래,항공여객운송서비스,가격.요금
2024013745,2024-03-11,남자,20 - 29세,경기도,기타,기타인테리어설비,AS불만
2024013746,2024-03-11,남자,60 - 64세,부산광역시,일반판매,장의관련서비스,계약불이행(불완전이행)
2024013747,2024-03-11,여자,30 - 39세,경기도,국내온라인거래,기타컴퓨터·주변기기,계약불이행(불완전이행)
2024013748,2024-03-11,남자,20 - 29세,강원특별자치도,일반판매,포장이사운송서비스,품질(물품/용역)
2024013749,2024-03-11,남자,20 - 29세,경기도,국내온라인거래,점퍼·재킷류,청약철회
2024013750,2024-03-11,남자,20 - 29세,서울특별시,국내온라인거래,기타조리기기·기구,AS불만
2024013751,2024-03-11,남자,20 - 29세,경기도,국내온라인거래,기타통신기기,계약해제.해지/위약금
2024013752,2024-03-11,남자,50 - 59세,경상북도,국내온라인거래,항공여객운송서비스,계약해제.해지/위약금
2024013753,2024-03-11,남자,40 - 49세,제주도,일반판매,국외여행,부당행위
2024013754,2024-03-11,여자,20 - 29세,인천광역시,기타,정수기대여(렌트),품질(물품/용역)
2024013755,2024-03-11,남자,20 - 29세,경기도,국제온라인거래,기타화물운송서비스,계약불이행(불완전이행)
2024013756,2024-03-11,남자,30 - 39세,서울특별시,일반판매,예식서비스,계약해제.해지/위약금
2024013757,2024-03-11,남자,40 - 49세,서울특별시,기타통신판매,건물청소서비스,계약불이행(불완전이행)
2024013758,2024-03-11,여자,40 - 49세,서울특별시,일반판매,미용서비스,품질(물품/용역)
2024013759,2024-03-11,여자,30 - 39세,울산광역시,일반판매,기타이·미용서비스,계약해제.해지/위약금
2024013760,2024-03-11,여자,50 - 59세,부산광역시,일반판매,스마트폰,AS불만
2024013761,2024-03-11,여자,30 - 39세,인천광역시,기타통신판매,기타완구·인형,계약불이행(불완전이행)
2024013762,2024-03-11,남자,50 - 59세,부산광역시,모바일거래,프린터,품질(물품/용역)
2024013763,2024-03-11,남자,40 - 49세,경상남도,국내온라인거래,CCTV,청약철회
2024013764,2024-03-11,여자,40 - 49세,서울특별시,국내온라인거래,운동화,청약철회
2024013765,2024-03-11,여자,20 - 29세,울산광역시,일반판매,택배화물운송서비스,계약불이행(불완전이행)
2024013766,2024-03-11,남자,40 - 49세,경기도,국내온라인거래,키보드,청약철회
2024013767,2024-03-11,여자,20 - 29세,서울특별시,일반판매,헬스장,계약해제.해지/위약금
2024013768,2024-03-11,남자,40 - 49세,부산광역시,국내온라인거래,전기온수기,청약철회
2024013769,2024-03-11,여자,30 - 39세,인천광역시,일반판매,"연회서비스(돌잔치,회갑 등)",표시.광고
2024013770,2024-03-11,여자,30 - 39세,경기도,모바일거래,헬스장,계약해제.해지/위약금
2024013771,2024-03-11,여자,40 - 49세,경기도,국내온라인거래,인터넷교육서비스,청약철회
2024013772,2024-03-11,남자,20 - 29세,서울특별시,일반판매,미용서비스,계약해제.해지/위약금
2024013773,2024-03-11,여자,30 - 39세,서울특별시,일반판매,꽃·화초·화환,청약철회
2024013774,2024-03-11,여자,30 - 39세,부산광역시,국내온라인거래,룸에어컨,AS불만
2024013775,2024-03-11,남자,30 - 39세,서울특별시,국내온라인거래,조립완구,계약불이행(불완전이행)
2024013776,2024-03-11,남자,40 - 49세,충청북도,소셜커머스(쇼핑),노트북컴퓨터,계약불이행(불완전이행)
2024013777,2024-03-11,여자,65 - 69세,서울특별시,국내온라인거래,국외여행,계약해제.해지/위약금
2024013778,2024-03-11,남자,40 - 49세,경기도,소셜커머스(쇼핑),코트,청약철회
2024013779,2024-03-11,여자,20 - 29세,세종특별자치시,국내온라인거래,원피스,계약해제.해지/위약금
2024013780,2024-03-11,여자,40 - 49세,서울특별시,국내온라인거래,항공여객운송서비스,계약해제.해지/위약금
2024013781,2024-03-11,여자,20 - 29세,서울특별시,일반판매,헬스장,계약해제.해지/위약금
2024013782,2024-03-11,남자,20 - 29세,충청남도,기타,비데,AS불만
2024013783,2024-03-11,남자,30 - 39세,부산광역시,일반판매,결혼준비대행서비스,계약해제.해지/위약금
2024013784,2024-03-11,남자,50 - 59세,경기도,일반판매,인삼제품,품질(물품/용역)
2024013785,2024-03-11,남자,50 - 59세,대전광역시,국내온라인거래,남자용내의류,계약불이행(불완전이행)
2024013786,2024-03-11,여자,40 - 49세,경기도,모바일거래,항공여객운송서비스,가격.요금
2024013787,2024-03-11,여자,40 - 49세,경기도,국내온라인거래,항공여객운송서비스,청약철회
2024013788,2024-03-11,여자,40 - 49세,서울특별시,일반판매,시계,청약철회
2024013789,2024-03-11,남자,30 - 39세,경기도,기타,헬스장,계약해제.해지/위약금
2024013790,2024-03-11,여자,30 - 39세,강원특별자치도,모바일거래,인터넷정보이용서비스,이자.수수료
2024013791,2024-03-11,여자,20 - 29세,서울특별시,모바일거래,기타의류·섬유,청약철회
2024013792,2024-03-11,여자,20 - 29세,서울특별시,모바일거래,펜션,계약불이행(불완전이행)
2024013793,2024-03-11,여자,20 - 29세,경기도,기타통신판매,손수건,계약불이행(불완전이행)
2024013794,2024-03-11,여자,20 - 29세,서울특별시,기타,인터넷교육서비스,계약해제.해지/위약금
2024013795,2024-03-11,여자,20 - 29세,인천광역시,방문판매,미용서비스,
2024013796,2024-03-11,여자,40 - 49세,경기도,소셜커머스(쇼핑),신유형상품권,청약철회
2024013797,2024-03-11,여자,50 - 59세,경기도,국내온라인거래,비타민제,계약해제.해지/위약금
2024013798,2024-03-11,여자,20 - 29세,경상북도,소셜커머스(쇼핑),TV대,품질(물품/용역)
2024013799,2024-03-11,여자,20 - 29세,경기도,일반판매,사진촬영,계약해제.해지/위약금
2024013800,2024-03-12,여자,30 - 39세,경상남도,국내온라인거래,항공여객운송서비스,청약철회
2024013801,2024-03-12,여자,50 - 59세,경기도,기타통신판매,인터넷교육서비스,계약불이행(불완전이행)
2024013802,2024-03-12,여자,60 - 64세,서울특별시,국내온라인거래,전기압력밥솥,품질(물품/용역)
2024013803,2024-03-12,남자,40 - 49세,충청북도,기타통신판매,시스템에어컨,계약해제.해지/위약금
2024013805,2024-03-12,여자,40 - 49세,경기도,전화권유판매,인터넷교육서비스,청약철회
2024013806,2024-03-12,남자,30 - 39세,서울특별시,일반판매,헬스장,계약해제.해지/위약금
2024013807,2024-03-12,남자,30 - 39세,서울특별시,소셜커머스(쇼핑),항공여객운송서비스,계약해제.해지/위약금
2024013808,2024-03-12,여자,50 - 59세,서울특별시,국내온라인거래,항공여객운송서비스,청약철회
2024013809,2024-03-12,여자,20 - 29세,경상북도,일반판매,항공여객운송서비스,청약철회
2024013810,2024-03-12,여자,65 - 69세,인천광역시,방문판매,영양크림류,품질(물품/용역)
2024013811,2024-03-12,남자,50 - 59세,서울특별시,소셜커머스(쇼핑),국외여행,계약해제.해지/위약금
2024013814,2024-03-12,남자,65 - 69세,충청남도,기타,건강(암·기타질병)보험,계약불이행(불완전이행)
2024013815,2024-03-12,여자,60 - 64세,경기도,기타통신판매,호텔,청약철회
2024013816,2024-03-12,여자,60 - 64세,인천광역시,국내온라인거래,땅콩,품질(물품/용역)
2024013817,2024-03-12,남자,70 - 79세,서울특별시,모바일거래,모바일정보이용서비스,계약해제.해지/위약금
2024013818,2024-03-12,남자,60 - 64세,경기도,일반판매,대형승용자동차,AS불만
2024013819,2024-03-12,여자,30 - 39세,경기도,국내온라인거래,각종공연관람,계약해제.해지/위약금
2024013820,2024-03-12,여자,40 - 49세,서울특별시,일반판매,피부과,계약해제.해지/위약금
2024013821,2024-03-12,여자,40 - 49세,경기도,일반판매,종합체육시설회원권,계약해제.해지/위약금
2024013822,2024-03-12,남자,30 - 39세,서울특별시,일반판매,스마트폰,품질(물품/용역)
2024013823,2024-03-12,여자,불명,대구광역시,국내온라인거래,CD·LD·DVD(영화·음악·게임),청약철회
2024013824,2024-03-12,여자,20 - 29세,인천광역시,기타통신판매,성형외과,계약해제.해지/위약금
2024013826,2024-03-12,남자,30 - 39세,서울특별시,일반판매,스마트폰,청약철회
2024013827,2024-03-12,여자,40 - 49세,대구광역시,국내온라인거래,TV,AS불만
2024013828,2024-03-12,여자,40 - 49세,전라북도,국내온라인거래,창호유리,품질(물품/용역)
2024013829,2024-03-12,여자,30 - 39세,광주광역시,일반판매,피부·체형관리서비스,계약해제.해지/위약금
2024013830,2024-03-12,남자,불명,서울특별시,국내온라인거래,운동화,계약불이행(불완전이행)
2024013831,2024-03-12,여자,50 - 59세,서울특별시,기타통신판매,원피스,청약철회
2024013832,2024-03-15,여자,65 - 69세,서울특별시,일반판매,양복(서양식 의복)세탁,품질(물품/용역)
2024013833,2024-03-12,여자,30 - 39세,경기도,국제온라인거래,기타숙박시설,계약해제.해지/위약금
2024013834,2024-03-12,남자,30 - 39세,경상북도,국내온라인거래,컴퓨터모니터(데스크탑),품질(물품/용역)
2024013836,2024-03-12,여자,20 - 29세,경기도,일반판매,테니스장스쿼시회원권,계약해제.해지/위약금
2024013837,2024-03-12,남자,20 - 29세,부산광역시,일반판매,자동차주유,단순문의.상담
2024013838,2024-03-12,여자,40 - 49세,대전광역시,방문판매,포장이사운송서비스,계약불이행(불완전이행)
2024013840,2024-03-12,남자,30 - 39세,서울특별시,국내온라인거래,항공여객운송서비스,청약철회
2024013841,2024-03-12,여자,20 - 29세,서울특별시,일반판매,헬스장,계약해제.해지/위약금
2024013842,2024-03-12,여자,40 - 49세,경상북도,국내온라인거래,숙녀화(구두·부츠 등),청약철회
2024013843,2024-03-15,남자,70 - 79세,전라남도,일반판매,점퍼·재킷류,품질(물품/용역)
2024013844,2024-03-12,여자,40 - 49세,경기도,방문판매,포장이사운송서비스,계약불이행(불완전이행)
2024013845,2024-03-12,여자,20 - 29세,광주광역시,모바일거래,모자,계약불이행(불완전이행)
2024013846,2024-03-12,남자,30 - 39세,광주광역시,일반판매,헬스장,계약해제.해지/위약금
2024013847,2024-03-12,여자,30 - 39세,서울특별시,국내온라인거래,자동차주차장,품질(물품/용역)
2024013848,2024-03-12,여자,40 - 49세,경기도,기타통신판매,사진촬영,계약해제.해지/위약금
2024013850,2024-03-12,여자,30 - 39세,서울특별시,일반판매,종합체육시설회원권,계약해제.해지/위약금
2024013851,2024-03-12,여자,30 - 39세,경기도,일반판매,헬스장,계약해제.해지/위약금
2024013852,2024-03-12,남자,50 - 59세,경기도,일반판매,기타사설강습서비스,계약해제.해지/위약금
2024013853,2024-03-12,남자,50 - 59세,대전광역시,일반판매,자동차주차장,품질(물품/용역)
2024013854,2024-03-19,여자,30 - 39세,서울특별시,일반판매,점퍼·재킷류,품질(물품/용역)
2024013855,2024-03-12,남자,20 - 29세,서울특별시,국내온라인거래,기타자동차용품,품질(물품/용역)
2024013856,2024-03-12,여자,30 - 39세,서울특별시,소셜커머스(쇼핑),캐주얼바지,청약철회
2024013857,2024-03-12,남자,30 - 39세,대구광역시,국내온라인거래,호텔,계약해제.해지/위약금
2024013858,2024-03-12,여자,20 - 29세,서울특별시,국제온라인거래,항공여객운송서비스,계약불이행(불완전이행)
2024013860,2024-03-12,여자,불명,경기도,일반판매,헬스장,계약해제.해지/위약금
2024013861,2024-03-12,여자,20 - 29세,해외 및 기타,국제온라인거래,기타문화용품,계약불이행(불완전이행)
2024013863,2024-03-12,여자,20 - 29세,서울특별시,일반판매,헬스장,계약해제.해지/위약금
2024013864,2024-03-15,여자,50 - 59세,광주광역시,일반판매,지갑,품질(물품/용역)
2024013865,2024-03-12,여자,50 - 59세,전라북도,일반판매,기타주방설비,품질(물품/용역)
2024013866,2024-03-12,여자,30 - 39세,대전광역시,국내온라인거래,사과,품질(물품/용역)
2024013867,2024-03-12,여자,50 - 59세,서울특별시,국내온라인거래,기타일반화장품,계약불이행(불완전이행)
2024013868,2024-03-12,여자,70 - 79세,서울특별시,기타통신판매,국외여행,계약불이행(불완전이행)
2024013869,2024-03-12,여자,50 - 59세,경기도,일반판매,아파트,안전(제품/시설)
2024013870,2024-03-12,여자,40 - 49세,서울특별시,국내온라인거래,인터넷교육서비스,청약철회
2024013871,2024-03-12,남자,30 - 39세,서울특별시,국내온라인거래,마이크,청약철회
2024013872,2024-03-12,남자,40 - 49세,서울특별시,일반판매,창호유리,품질(물품/용역)
2024013873,2024-03-12,남자,20 - 29세,경상남도,국내온라인거래,코트,청약철회
2024013874,2024-03-12,여자,30 - 39세,경기도,방문판매,피부·체형관리서비스,계약해제.해지/위약금
2024013875,2024-03-12,여자,40 - 49세,경기도,기타,성형외과,품질(물품/용역)
2024013876,2024-03-12,여자,50 - 59세,강원특별자치도,국내온라인거래,그릇세트,청약철회
2024013877,2024-03-12,여자,40 - 49세,광주광역시,일반판매,산부인과,품질(물품/용역)
2024013878,2024-03-12,여자,20 - 29세,서울특별시,국내온라인거래,운동화,품질(물품/용역)
2024013879,2024-03-12,남자,50 - 59세,대전광역시,일반판매,소형화물자동차,부당행위
2024013880,2024-03-12,남자,30 - 39세,경기도,일반판매,바닥재·마루공사,품질(물품/용역)
2024013881,2024-03-12,남자,70 - 79세,대전광역시,기타,정형외과,품질(물품/용역)
2024013882,2024-03-27,여자,40 - 49세,서울특별시,일반판매,운동화,품질(물품/용역)
2024013883,2024-03-12,여자,70 - 79세,전라남도,일반판매,실손보험,계약불이행(불완전이행)
2024013884,2024-03-12,여자,30 - 39세,서울특별시,일반판매,필라테스,계약해제.해지/위약금
2024013885,2024-03-12,여자,20 - 29세,부산광역시,일반판매,기타숙박시설,가격.요금
2024013886,2024-03-12,남자,40 - 49세,광주광역시,일반판매,비뇨의학과,품질(물품/용역)
2024013887,2024-03-12,여자,40 - 49세,경기도,국내온라인거래,전기압력밥솥,청약철회
2024013888,2024-03-27,여자,30 - 39세,제주도,일반판매,운동화,품질(물품/용역)
2024013889,2024-03-12,여자,30 - 39세,충청남도,일반판매,결혼준비대행서비스,청약철회
2024013890,2024-03-12,남자,70 - 79세,서울특별시,국내온라인거래,유사투자자문,계약해제.해지/위약금
2024013891,2024-03-12,여자,50 - 59세,충청북도,모바일거래,유사투자자문,계약해제.해지/위약금
2024013892,2024-03-12,여자,50 - 59세,경기도,국내온라인거래,티셔츠,청약철회
2024013893,2024-03-27,여자,50 - 59세,서울특별시,일반판매,아동화,품질(물품/용역)
2024013894,2024-03-12,여자,50 - 59세,전라북도,국내온라인거래,애완고양이,품질(물품/용역)
2024013896,2024-03-14,여자,40 - 49세,경상남도,일반판매,핸드백,품질(물품/용역)
2024013897,2024-03-27,남자,50 - 59세,경기도,국내온라인거래,등산화,품질(물품/용역)
2024013898,2024-03-12,남자,30 - 39세,전라남도,모바일거래,카셰어링,부당행위
2024013899,2024-03-12,여자,30 - 39세,경기도,방문판매,상조서비스,계약해제.해지/위약금
2024013900,2024-03-12,여자,30 - 39세,경기도,국내온라인거래,기타취미용품,계약불이행(불완전이행)
2024013901,2024-03-12,여자,30 - 39세,광주광역시,국내온라인거래,기타사무용품,청약철회
2024013905,2024-03-12,남자,30 - 39세,경상북도,국내온라인거래,항공여객운송서비스,청약철회
2024013906,2024-03-14,남자,50 - 59세,경기도,일반판매,기타가방,품질(물품/용역)
2024013907,2024-03-12,남자,30 - 39세,인천광역시,국내온라인거래,국외여행,계약불이행(불완전이행)
2024013908,2024-03-12,여자,50 - 59세,경기도,일반판매,보청기,품질(물품/용역)
2024013910,2024-03-12,남자,불명,경상북도,국내온라인거래,옷걸이,계약불이행(불완전이행)
2024013911,2024-03-12,여자,20 - 29세,부산광역시,국내온라인거래,자동차대여(렌트),부당행위
2024013912,2024-03-12,여자,40 - 49세,서울특별시,일반판매,헬스장,계약해제.해지/위약금
2024013913,2024-03-12,여자,30 - 39세,서울특별시,일반판매,미용서비스,품질(물품/용역)
2024013914,2024-03-12,남자,30 - 39세,서울특별시,일반판매,헬스장,계약해제.해지/위약금
2024013915,2024-03-12,여자,50 - 59세,경기도,방문판매,미분류대여(렌트),계약해제.해지/위약금
2024013916,2024-03-12,남자,30 - 39세,서울특별시,국내온라인거래,기타숙박시설,계약불이행(불완전이행)
2024013917,2024-03-12,남자,30 - 39세,대구광역시,국내온라인거래,기타숙박시설,부당행위
2024013918,2024-03-12,여자,50 - 59세,서울특별시,국내온라인거래,운동화,청약철회
2024013919,2024-03-12,여자,40 - 49세,경기도,모바일거래,모바일정보이용서비스,부당행위
2024013920,2024-03-12,남자,40 - 49세,서울특별시,국내온라인거래,냉장고,품질(물품/용역)
2024013921,2024-03-12,여자,20 - 29세,서울특별시,국내온라인거래,코트,청약철회
2024013922,2024-03-12,남자,50 - 59세,충청남도,국제온라인거래,기타숙박시설,계약해제.해지/위약금
2024013923,2024-03-12,여자,30 - 39세,경기도,일반판매,변호서비스,계약해제.해지/위약금
2024013924,2024-03-12,남자,30 - 39세,대전광역시,모바일거래,모바일게임서비스,청약철회
2024013925,2024-03-12,여자,30 - 39세,경기도,기타통신판매,기타문화·오락시설이용,가격.요금
2024013926,2024-03-12,여자,80세이상,서울특별시,일반판매,보청기,부당행위
2024013927,2024-03-12,여자,50 - 59세,경기도,국내온라인거래,김치냉장고,계약불이행(불완전이행)
2024013928,2024-03-12,여자,20 - 29세,경기도,일반판매,외식,가격.요금
2024013929,2024-03-12,남자,40 - 49세,경기도,국내온라인거래,항공여객운송서비스,계약불이행(불완전이행)
2024013930,2024-03-12,남자,30 - 39세,서울특별시,국내온라인거래,키보드,AS불만
2024013931,2024-03-12,남자,40 - 49세,경기도,국내온라인거래,골프용품,품질(물품/용역)
2024013932,2024-03-12,여자,30 - 39세,서울특별시,모바일거래,코트,품질(물품/용역)
2024013933,2024-03-12,여자,30 - 39세,전라남도,국내온라인거래,항공여객운송서비스,청약철회
2024013934,2024-03-12,여자,20 - 29세,경기도,일반판매,헬스장,계약해제.해지/위약금
2024013935,2024-03-12,여자,20 - 29세,서울특별시,일반판매,헬스장,계약해제.해지/위약금
2024013936,2024-03-12,남자,30 - 39세,서울특별시,일반판매,포장이사운송서비스,계약불이행(불완전이행)
2024013937,2024-03-12,남자,40 - 49세,울산광역시,방문판매,콘도회원권,계약해제.해지/위약금
2024013938,2024-03-12,여자,30 - 39세,경기도,기타,포장이사운송서비스,품질(물품/용역)
2024013939,2024-03-12,남자,70 - 79세,경기도,일반판매,전기세탁기,품질(물품/용역)
2024013940,2024-03-12,여자,40 - 49세,서울특별시,국제온라인거래,지갑,청약철회
2024013941,2024-03-12,여자,40 - 49세,제주도,소셜커머스(쇼핑),기타가방,청약철회
2024013942,2024-03-12,남자,30 - 39세,경상남도,일반판매,택배화물운송서비스,품질(물품/용역)
2024013943,2024-03-12,여자,20 - 29세,경기도,일반판매,헬스장,청약철회
2024013944,2024-03-12,남자,30 - 39세,경상남도,국내온라인거래,사진촬영,이자.수수료
2024013945,2024-03-12,여자,50 - 59세,서울특별시,국내온라인거래,기타의류·섬유,표시.광고
2024013946,2024-03-12,여자,40 - 49세,서울특별시,국내온라인거래,서랍장,청약철회
2024013947,2024-03-12,남자,40 - 49세,경기도,일반판매,항공여객운송서비스,가격.요금
2024013948,2024-03-12,여자,40 - 49세,서울특별시,기타통신판매,기타세탁서비스,청약철회
2024013949,2024-03-12,여자,30 - 39세,경기도,국내온라인거래,항공여객운송서비스,계약해제.해지/위약금
2024013950,2024-03-12,여자,40 - 49세,인천광역시,일반판매,미용서비스,계약불이행(불완전이행)
2024013951,2024-03-12,여자,40 - 49세,경상남도,소셜커머스(쇼핑),항공여객운송서비스,청약철회
2024013952,2024-03-12,여자,30 - 39세,인천광역시,국내온라인거래,숙녀화(구두·부츠 등),청약철회
2024013953,2024-03-12,남자,50 - 59세,경기도,기타,포장이사운송서비스,계약해제.해지/위약금
2024013954,2024-03-12,여자,30 - 39세,서울특별시,일반판매,헬스장,계약해제.해지/위약금
2024013955,2024-03-12,여자,50 - 59세,경기도,일반판매,헬스장,계약불이행(불완전이행)
2024013956,2024-03-12,남자,30 - 39세,인천광역시,국내온라인거래,기타식품류,청약철회
2024013957,2024-03-12,여자,20 - 29세,인천광역시,국내온라인거래,항공여객운송서비스,계약해제.해지/위약금
2024013958,2024-03-12,남자,30 - 39세,울산광역시,국내온라인거래,헤드폰·이어폰,청약철회
2024013959,2024-03-12,여자,40 - 49세,대전광역시,모바일거래,숙녀화(구두·부츠 등),계약해제.해지/위약금
2024013960,2024-03-12,남자,30 - 39세,부산광역시,방문판매,식기세척기,계약해제.해지/위약금
2024013961,2024-03-12,남자,40 - 49세,부산광역시,기타,해외유학알선,계약불이행(불완전이행)
2024013962,2024-03-12,남자,40 - 49세,세종특별자치시,소셜커머스(쇼핑),전기진공청소기,계약해제.해지/위약금
2024013963,2024-03-12,여자,20 - 29세,울산광역시,소셜커머스(쇼핑),숙녀화(구두·부츠 등),계약불이행(불완전이행)
2024013964,2024-03-12,남자,30 - 39세,경기도,기타,양복(서양식 의복)세탁,품질(물품/용역)
2024013965,2024-03-12,남자,30 - 39세,제주도,국내온라인거래,스포츠웨어,계약해제.해지/위약금
2024013966,2024-03-12,남자,40 - 49세,서울특별시,일반판매,독서실이용,계약해제.해지/위약금
2024013967,2024-03-12,남자,20 - 29세,충청남도,국내온라인거래,헤드폰·이어폰,품질(물품/용역)
2024013968,2024-03-12,여자,50 - 59세,대구광역시,방문판매,포장이사운송서비스,품질(물품/용역)
2024013969,2024-03-12,여자,20 - 29세,경기도,기타,신발세탁,품질(물품/용역)
2024013970,2024-03-12,여자,40 - 49세,경기도,일반판매,기타사설강습서비스,계약해제.해지/위약금
2024013971,2024-03-12,남자,30 - 39세,부산광역시,일반판매,기타인테리어설비,부당행위
2024013972,2024-03-12,남자,40 - 49세,경상북도,국내온라인거래,안마의자,부당행위
2024013973,2024-03-12,남자,20 - 29세,경기도,일반판매,헬스장,계약해제.해지/위약금
2024013974,2024-03-12,여자,30 - 39세,강원특별자치도,전화권유판매,기타사설강습서비스,
2024013975,2024-03-12,남자,30 - 39세,경상남도,기타,일반이사운송서비스,계약해제.해지/위약금
2024013976,2024-03-12,남자,30 - 39세,서울특별시,일반판매,헬스장,계약해제.해지/위약금
2024013977,2024-03-12,남자,60 - 64세,서울특별시,일반판매,국가자격(능력)시험,계약해제.해지/위약금
2024013978,2024-03-12,남자,30 - 39세,경기도,국내온라인거래,서랍장,계약불이행(불완전이행)
2024013979,2024-03-12,남자,70 - 79세,인천광역시,전화권유판매,기타건강식품,계약해제.해지/위약금
2024013980,2024-03-12,남자,50 - 59세,대구광역시,기타통신판매,스마트폰,AS불만
2024013981,2024-03-12,남자,30 - 39세,경상남도,국내온라인거래,기타일반화장품,품질(물품/용역)
2024013982,2024-03-12,여자,20 - 29세,경기도,모바일거래,기타완구·인형,계약불이행(불완전이행)
2024013983,2024-03-12,여자,20 - 29세,인천광역시,일반판매,헬스장,계약해제.해지/위약금
2024013984,2024-03-12,여자,50 - 59세,경기도,방문판매,포장이사운송서비스,계약불이행(불완전이행)
2024013985,2024-03-12,여자,30 - 39세,경기도,전화권유판매,초고속인터넷,계약불이행(불완전이행)
2024013986,2024-03-12,여자,40 - 49세,경기도,일반판매,애완동·식물용품,부당행위
2024013987,2024-03-12,여자,50 - 59세,서울특별시,기타,버스여객운송서비스,계약해제.해지/위약금
2024013988,2024-03-12,남자,20 - 29세,서울특별시,일반판매,종합체육시설회원권,계약해제.해지/위약금
2024013989,2024-03-12,여자,40 - 49세,서울특별시,국내온라인거래,기타가방,계약불이행(불완전이행)
2024013990,2024-03-12,남자,20 - 29세,서울특별시,국내온라인거래,보석·귀금속,청약철회
2024013991,2024-03-12,여자,40 - 49세,부산광역시,국내온라인거래,코트,청약철회
2024013992,2024-03-12,남자,20 - 29세,광주광역시,국내온라인거래,기타자동차용품,품질(물품/용역)
2024013993,2024-03-12,남자,30 - 39세,서울특별시,기타,포장이사운송서비스,품질(물품/용역)
2024013994,2024-03-12,여자,20 - 29세,경기도,국내온라인거래,인터넷교육서비스,청약철회
2024013995,2024-03-12,여자,30 - 39세,경기도,일반판매,옷장,청약철회
2024013996,2024-03-12,남자,30 - 39세,대구광역시,국내온라인거래,기타조리기기·기구,품질(물품/용역)
2024013997,2024-03-12,여자,40 - 49세,서울특별시,일반판매,도어록,AS불만
2024013998,2024-03-12,여자,30 - 39세,광주광역시,기타통신판매,학습지,계약해제.해지/위약금
2024013999,2024-03-12,남자,30 - 39세,경상남도,국내온라인거래,기타의류·섬유,계약불이행(불완전이행)
2024014000,2024-03-12,여자,50 - 59세,부산광역시,일반판매,TV대,표시.광고
2024014001,2024-03-12,남자,40 - 49세,강원특별자치도,국내온라인거래,폐차·구조변경등기타,계약해제.해지/위약금
2024014002,2024-03-12,남자,30 - 39세,경기도,일반판매,헬스장,계약해제.해지/위약금
2024014003,2024-03-12,남자,30 - 39세,인천광역시,국내온라인거래,전기온수장판,AS불만
2024014004,2024-03-12,여자,20 - 29세,서울특별시,일반판매,헬스장,계약해제.해지/위약금
2024014005,2024-03-12,여자,30 - 39세,경기도,국내온라인거래,다이어트식품,청약철회
2024014006,2024-03-12,남자,60 - 64세,경기도,국내온라인거래,기타의료용구,품질(물품/용역)
2024014007,2024-03-12,여자,30 - 39세,경기도,국내온라인거래,정수기대여(렌트),AS불만
2024014008,2024-03-12,남자,30 - 39세,경상남도,기타,이동전화서비스,가격.요금
2024014009,2024-03-12,남자,20 - 29세,경기도,일반판매,헬스장,계약해제.해지/위약금
2024014010,2024-03-12,남자,30 - 39세,서울특별시,국내온라인거래,기타건강식품,청약철회
2024014011,2024-03-12,남자,30 - 39세,경상남도,일반판매,대문,계약불이행(불완전이행)
2024014012,2024-03-12,여자,30 - 39세,서울특별시,국내온라인거래,식탁,품질(물품/용역)
2024014013,2024-03-12,여자,50 - 59세,경기도,TV홈쇼핑,음식물처리기대여(렌트),AS불만
2024014014,2024-03-12,여자,30 - 39세,경기도,기타,"연회서비스(돌잔치,회갑 등)",계약해제.해지/위약금
2024014015,2024-03-12,여자,30 - 39세,경기도,소셜커머스(쇼핑),기타신발·용품,청약철회
2024014016,2024-03-12,여자,20 - 29세,경기도,모바일거래,호텔,청약철회
2024014017,2024-03-12,여자,30 - 39세,인천광역시,국내온라인거래,기타간편복,청약철회
2024014018,2024-03-12,여자,20 - 29세,서울특별시,국내온라인거래,펜션,계약불이행(불완전이행)
2024014019,2024-03-12,남자,20 - 29세,충청남도,국내온라인거래,새우,계약해제.해지/위약금
2024014020,2024-03-12,남자,30 - 39세,경상남도,국내온라인거래,조립완구,계약불이행(불완전이행)
2024014021,2024-03-12,여자,30 - 39세,서울특별시,국내온라인거래,기타식품류,품질(물품/용역)
2024014022,2024-03-12,여자,40 - 49세,서울특별시,일반판매,외식,계약해제.해지/위약금
2024014023,2024-03-12,여자,50 - 59세,충청북도,일반판매,혼합견과류,안전(제품/시설)
2024014024,2024-03-12,여자,30 - 39세,인천광역시,일반판매,가스보일러,품질(물품/용역)
2024014025,2024-03-12,여자,30 - 39세,경기도,국내온라인거래,코트,계약불이행(불완전이행)
2024014026,2024-03-12,여자,20 - 29세,전라남도,국내온라인거래,니트(스웨터),청약철회
2024014027,2024-03-12,여자,40 - 49세,대구광역시,국내온라인거래,각종쿠폰류(무료통화권포함),계약불이행(불완전이행)
2024014028,2024-03-12,남자,30 - 39세,경기도,국내온라인거래,중고전자제품매매업,부당행위
2024014029,2024-03-12,남자,30 - 39세,인천광역시,국내온라인거래,정수기,계약불이행(불완전이행)
2024014030,2024-03-12,남자,20 - 29세,경기도,일반판매,스마트폰,AS불만
2024014031,2024-03-12,여자,40 - 49세,충청남도,전화권유판매,학습지,청약철회
2024014032,2024-03-12,여자,30 - 39세,서울특별시,국내온라인거래,항공여객운송서비스,계약불이행(불완전이행)
2024014033,2024-03-12,남자,30 - 39세,대전광역시,기타통신판매,건물청소서비스,계약불이행(불완전이행)
2024014034,2024-03-12,여자,20 - 29세,경기도,국내온라인거래,기타숙박시설,계약해제.해지/위약금
2024014035,2024-03-12,남자,30 - 39세,경상남도,모바일거래,인터넷게임서비스,계약해제.해지/위약금
2024014036,2024-03-12,여자,불명,부산광역시,일반판매,시스템에어컨,AS불만
2024014037,2024-03-12,여자,40 - 49세,경기도,일반판매,헬스장,계약해제.해지/위약금
2024014038,2024-03-12,여자,20 - 29세,인천광역시,모바일거래,헤드폰·이어폰,청약철회
2024014039,2024-03-13,남자,30 - 39세,대구광역시,일반판매,포장이사운송서비스,계약불이행(불완전이행)
2024014040,2024-03-13,남자,20 - 29세,경기도,국내온라인거래,호텔,청약철회
2024014041,2024-03-13,남자,30 - 39세,서울특별시,국내온라인거래,점퍼·재킷류,청약철회
2024014042,2024-03-13,남자,40 - 49세,제주도,국내온라인거래,택시여객운송서비스,계약불이행(불완전이행)
2024014043,2024-03-13,남자,30 - 39세,경상남도,일반판매,가구세트,계약해제.해지/위약금
2024014044,2024-03-13,남자,30 - 39세,인천광역시,일반판매,종합체육시설회원권,계약해제.해지/위약금
2024014045,2024-03-13,남자,40 - 49세,서울특별시,국내온라인거래,신사화(구두·부츠 등),청약철회
2024014046,2024-03-13,여자,20 - 29세,서울특별시,일반판매,기타회원권,계약불이행(불완전이행)
2024014047,2024-03-13,남자,30 - 39세,경기도,모바일거래,자동차세차,품질(물품/용역)
2024014048,2024-03-13,남자,60 - 64세,대전광역시,일반판매,건강(암·기타질병)보험,계약불이행(불완전이행)
2024014049,2024-03-13,여자,40 - 49세,경기도,방문판매,침대·매트리스대여(렌트),계약해제.해지/위약금
2024014050,2024-03-13,여자,50 - 59세,강원특별자치도,일반판매,자동차수리·점검,품질(물품/용역)
2024014051,2024-03-13,여자,40 - 49세,경기도,일반판매,포장이사운송서비스,거래관행
2024014052,2024-03-13,여자,30 - 39세,울산광역시,일반판매,자동차대여(렌트),부당행위
2024014053,2024-03-13,여자,30 - 39세,서울특별시,일반판매,필라테스,계약해제.해지/위약금
2024014054,2024-03-13,남자,불명,인천광역시,모바일거래,이동전화서비스,계약불이행(불완전이행)
2024014055,2024-03-13,여자,40 - 49세,서울특별시,TV홈쇼핑,음식물처리기대여(렌트),계약해제.해지/위약금
2024014058,2024-03-13,여자,60 - 64세,인천광역시,일반판매,미분류대여(렌트),계약해제.해지/위약금
2024014060,2024-03-13,여자,40 - 49세,경기도,일반판매,애완동·식물용품,계약해제.해지/위약금
2024014061,2024-03-13,여자,50 - 59세,경기도,국내온라인거래,비타민제,계약불이행(불완전이행)
2024014062,2024-03-13,여자,60 - 64세,경기도,국내온라인거래,이동전화서비스,계약불이행(불완전이행)
2024014063,2024-03-13,여자,70 - 79세,경상북도,일반판매,흉부외과,품질(물품/용역)
2024014064,2024-03-13,남자,60 - 64세,서울특별시,국내온라인거래,전기세탁기,청약철회
2024014067,2024-03-13,남자,30 - 39세,경기도,국내온라인거래,비타민제,계약불이행(불완전이행)
2024014068,2024-03-13,여자,30 - 39세,부산광역시,기타,보석·귀금속,계약불이행(불완전이행)
2024014069,2024-03-13,여자,50 - 59세,경기도,일반판매,기타어패류·어패류가공식품,계약불이행(불완전이행)
2024014070,2024-03-21,여자,20 - 29세,대전광역시,일반판매,니트(스웨터),품질(물품/용역)
2024014072,2024-03-13,여자,20 - 29세,경기도,국내온라인거래,모형완구,청약철회
2024014073,2024-03-13,여자,30 - 39세,인천광역시,기타,기타주택·건물,계약해제.해지/위약금
2024014074,2024-03-13,여자,30 - 39세,대구광역시,국내온라인거래,중형승용자동차,품질(물품/용역)
2024014075,2024-03-13,남자,20 - 29세,서울특별시,일반판매,헬스장,계약해제.해지/위약금
2024014076,2024-03-13,남자,40 - 49세,서울특별시,소셜커머스(쇼핑),키보드,계약불이행(불완전이행)
2024014078,2024-03-13,여자,60 - 64세,경기도,방문판매,실손보험,계약불이행(불완전이행)
2024014079,2024-03-13,여자,30 - 39세,경기도,일반판매,정수기대여(렌트),계약해제.해지/위약금
2024014081,2024-03-13,여자,50 - 59세,울산광역시,기타,헬스장,계약해제.해지/위약금
2024014083,2024-03-21,여자,50 - 59세,경상북도,모바일거래,스커트,청약철회
2024014084,2024-03-13,여자,40 - 49세,경기도,국내온라인거래,기타자동차용품,계약불이행(불완전이행)
2024014085,2024-03-13,남자,30 - 39세,경기도,국내온라인거래,전기의류건조기,품질(물품/용역)
2024014086,2024-03-19,여자,30 - 39세,서울특별시,일반판매,양복(서양식 의복)세탁,품질(물품/용역)
2024014087,2024-03-13,남자,30 - 39세,경기도,국내온라인거래,항공여객운송서비스,계약해제.해지/위약금
2024014088,2024-03-13,남자,40 - 49세,경상북도,일반판매,옷장,품질(물품/용역)
2024014089,2024-03-13,여자,30 - 39세,서울특별시,국내온라인거래,모자,청약철회
2024014090,2024-03-13,여자,20 - 29세,인천광역시,일반판매,외국어강습,계약해제.해지/위약금
2024014091,2024-03-13,여자,20 - 29세,부산광역시,일반판매,독서실이용,계약해제.해지/위약금
2024014092,2024-03-13,남자,65 - 69세,서울특별시,기타,승강설비,품질(물품/용역)
2024014093,2024-03-13,남자,40 - 49세,경기도,전화권유판매,인터넷정보이용서비스,계약불이행(불완전이행)
2024014094,2024-03-13,남자,60 - 64세,경기도,일반판매,이동전화서비스,계약불이행(불완전이행)
2024014095,2024-03-13,남자,60 - 64세,서울특별시,TV홈쇼핑,기타숙박시설,표시.광고
2024014096,2024-03-13,남자,60 - 64세,서울특별시,전화권유판매,유사투자자문,계약해제.해지/위약금
2024014097,2024-03-13,남자,50 - 59세,경기도,국내온라인거래,기타문화·오락시설이용,계약해제.해지/위약금
2024014099,2024-03-27,여자,50 - 59세,세종특별자치시,일반판매,신발세탁,계약불이행(불완전이행)
2024014100,2024-03-13,남자,65 - 69세,경상남도,일반판매,한의원,계약해제.해지/위약금
2024014101,2024-03-27,남자,40 - 49세,경기도,일반판매,점퍼·재킷류,품질(물품/용역)
2024014103,2024-03-13,남자,20 - 29세,경기도,일반판매,헬스장,계약해제.해지/위약금
2024014104,2024-03-13,남자,20 - 29세,대구광역시,국내온라인거래,항공여객운송서비스,청약철회
2024014106,2024-03-13,여자,50 - 59세,부산광역시,일반판매,보석·귀금속,청약철회
2024014107,2024-03-13,남자,50 - 59세,대전광역시,일반판매,건강(암·기타질병)보험,계약불이행(불완전이행)
2024014109,2024-03-21,여자,50 - 59세,충청북도,국내온라인거래,코트,품질(물품/용역)
2024014110,2024-03-13,여자,80세이상,인천광역시,일반판매,기타병·의원서비스,계약해제.해지/위약금
2024014111,2024-03-13,남자,70 - 79세,충청북도,일반판매,정형외과,계약해제.해지/위약금
2024014112,2024-03-13,남자,50 - 59세,전라남도,일반판매,외과,품질(물품/용역)
2024014114,2024-03-13,여자,30 - 39세,인천광역시,일반판매,필라테스,계약해제.해지/위약금
2024014115,2024-03-13,남자,20 - 29세,부산광역시,일반판매,이비인후과,품질(물품/용역)
2024014116,2024-03-13,여자,50 - 59세,경기도,모바일거래,화장품세트,계약불이행(불완전이행)
2024014117,2024-03-13,남자,40 - 49세,경기도,국내온라인거래,자동차대여(렌트),계약불이행(불완전이행)
2024014118,2024-03-21,여자,40 - 49세,서울특별시,일반판매,양복(서양식 의복)세탁,품질(물품/용역)
2024014119,2024-03-13,남자,30 - 39세,서울특별시,국내온라인거래,점퍼·재킷류,청약철회
2024014120,2024-03-13,남자,40 - 49세,세종특별자치시,모바일거래,모바일정보이용서비스,약관
2024014121,2024-03-13,남자,40 - 49세,경기도,기타,자동차보험,계약불이행(불완전이행)
2024014122,2024-03-21,여자,60 - 64세,경기도,일반판매,점퍼·재킷류,청약철회
2024014123,2024-03-13,남자,60 - 64세,부산광역시,모바일거래,보온도시락,계약불이행(불완전이행)
2024014124,2024-03-13,여자,30 - 39세,서울특별시,일반판매,외국어강습,계약해제.해지/위약금
2024014125,2024-03-13,남자,30 - 39세,인천광역시,국내온라인거래,보석·귀금속,청약철회
2024014126,2024-03-13,여자,40 - 49세,서울특별시,기타통신판매,사진촬영,계약불이행(불완전이행)
2024014127,2024-03-13,여자,20 - 29세,경기도,일반판매,헬스장,계약해제.해지/위약금
2024014129,2024-03-13,남자,50 - 59세,대전광역시,국내온라인거래,기타자동차부품,계약불이행(불완전이행)
2024014130,2024-03-13,남자,30 - 39세,경기도,일반판매,가습기,계약불이행(불완전이행)
2024014131,2024-03-13,여자,30 - 39세,서울특별시,국내온라인거래,기타의료용구,품질(물품/용역)
2024014132,2024-03-13,여자,40 - 49세,경기도,국내온라인거래,기타미분류물품,표시.광고
2024014133,2024-03-27,남자,30 - 39세,광주광역시,일반판매,양복(서양식 의복)세탁,품질(물품/용역)
2024014134,2024-03-13,남자,30 - 39세,부산광역시,일반판매,이동전화서비스,계약해제.해지/위약금
2024014135,2024-03-13,남자,65 - 69세,부산광역시,일반판매,이동전화서비스,계약불이행(불완전이행)
2024014136,2024-03-13,남자,20 - 29세,울산광역시,모바일거래,헬스장,계약해제.해지/위약금
2024014137,2024-03-21,여자,60 - 64세,대구광역시,일반판매,점퍼·재킷류,품질(물품/용역)
2024014138,2024-03-27,여자,50 - 59세,경기도,일반판매,숙녀화(구두·부츠 등),품질(물품/용역)
2024014139,2024-03-13,여자,40 - 49세,서울특별시,일반판매,중고자동차중개·매매,가격.요금
2024014140,2024-03-13,남자,30 - 39세,세종특별자치시,일반판매,중고자동차중개·매매,품질(물품/용역)
2024014141,2024-03-27,남자,60 - 64세,부산광역시,일반판매,운동화,품질(물품/용역)
2024014142,2024-03-13,남자,70 - 79세,서울특별시,일반판매,초고속인터넷,가격.요금
2024014143,2024-03-13,남자,20 - 29세,대전광역시,전화권유판매,기타여행,부당행위
2024014144,2024-03-21,여자,65 - 69세,서울특별시,일반판매,양복(서양식 의복)세탁,품질(물품/용역)
2024014145,2024-03-27,여자,40 - 49세,경기도,일반판매,신사화(구두·부츠 등),품질(물품/용역)
2024014146,2024-03-13,남자,30 - 39세,경기도,기타,유사투자자문,계약해제.해지/위약금
2024014147,2024-03-13,여자,40 - 49세,경기도,국내온라인거래,항공여객운송서비스,계약불이행(불완전이행)
2024014148,2024-03-13,여자,30 - 39세,강원특별자치도,일반판매,요가,계약해제.해지/위약금
2024014150,2024-03-13,여자,30 - 39세,서울특별시,일반판매,자동차주차장,가격.요금
2024014151,2024-03-13,남자,20 - 29세,인천광역시,기타,피부과,품질(물품/용역)
2024014153,2024-03-13,여자,20 - 29세,경기도,모바일거래,숙녀화(구두·부츠 등),청약철회
2024014154,2024-03-13,남자,60 - 64세,서울특별시,국제온라인거래,항공여객운송서비스,계약해제.해지/위약금
2024014155,2024-03-13,남자,40 - 49세,대구광역시,일반판매,기타병·의원서비스,계약해제.해지/위약금
2024014156,2024-03-13,여자,10 - 19세,경기도,일반판매,치과,품질(물품/용역)
2024014157,2024-03-13,남자,30 - 39세,경기도,소셜커머스(쇼핑),신유형상품권,계약불이행(불완전이행)
2024014158,2024-03-18,여자,30 - 39세,서울특별시,일반판매,양복(서양식 의복)세탁,품질(물품/용역)
2024014159,2024-03-13,남자,30 - 39세,울산광역시,국내온라인거래,기타간편복,계약불이행(불완전이행)
2024014161,2024-03-21,남자,20 - 29세,서울특별시,일반판매,기타모피·가죽의류,계약불이행(불완전이행)
2024014163,2024-03-13,여자,30 - 39세,경기도,전화권유판매,기타여행,계약불이행(불완전이행)
2024014164,2024-03-13,여자,50 - 59세,경기도,기타,정수기대여(렌트),계약해제.해지/위약금
2024014165,2024-03-13,남자,50 - 59세,경기도,국내온라인거래,전기담요,품질(물품/용역)
2024014166,2024-03-13,여자,30 - 39세,울산광역시,일반판매,점퍼·재킷류,품질(물품/용역)
2024014167,2024-03-13,여자,40 - 49세,경기도,일반판매,필라테스,계약해제.해지/위약금
2024014168,2024-03-13,남자,30 - 39세,인천광역시,기타,초고속인터넷,계약해제.해지/위약금
2024014171,2024-03-13,여자,30 - 39세,경기도,일반판매,인터넷교육서비스,청약철회
2024014172,2024-03-13,여자,50 - 59세,경기도,국내온라인거래,항공여객운송서비스,부당행위
2024014173,2024-03-13,여자,30 - 39세,서울특별시,일반판매,정수기대여(렌트),AS불만
2024014174,2024-03-13,여자,40 - 49세,서울특별시,일반판매,스마트폰,AS불만
2024014175,2024-03-13,여자,30 - 39세,대구광역시,방문판매,결혼준비대행서비스,계약해제.해지/위약금
2024014176,2024-03-13,남자,30 - 39세,인천광역시,일반판매,스마트폰,AS불만
2024014177,2024-03-13,남자,20 - 29세,서울특별시,국내온라인거래,여행용가방,품질(물품/용역)
2024014178,2024-03-13,남자,20 - 29세,서울특별시,일반판매,헬스장,계약해제.해지/위약금
2024014179,2024-03-13,남자,30 - 39세,서울특별시,국내온라인거래,호텔,청약철회
2024014180,2024-03-13,여자,50 - 59세,대전광역시,소셜커머스(쇼핑),음식물처리기대여(렌트),AS불만
2024014181,2024-03-13,남자,40 - 49세,부산광역시,소셜커머스(쇼핑),기타보건·위생용품,계약불이행(불완전이행)
2024014182,2024-03-13,여자,30 - 39세,경기도,기타,미용서비스,품질(물품/용역)
2024014183,2024-03-13,남자,20 - 29세,경기도,기타통신판매,이동전화서비스,계약불이행(불완전이행)
2024014184,2024-03-13,여자,30 - 39세,서울특별시,일반판매,룸에어컨,품질(물품/용역)
2024014185,2024-03-13,여자,30 - 39세,전라북도,기타,냉장고,품질(물품/용역)
2024014186,2024-03-13,남자,30 - 39세,전라북도,국내온라인거래,비타민제,계약불이행(불완전이행)
2024014187,2024-03-13,여자,30 - 39세,경기도,전화권유판매,학습지,청약철회
2024014188,2024-03-13,여자,30 - 39세,서울특별시,국내온라인거래,숙녀화(구두·부츠 등),청약철회
2024014189,2024-03-13,남자,30 - 39세,경기도,일반판매,의자,AS불만
2024014190,2024-03-13,남자,80세이상,경기도,방문판매,정수기대여(렌트),계약해제.해지/위약금
2024014191,2024-03-13,여자,40 - 49세,서울특별시,기타,이동전화서비스,계약해제.해지/위약금
2024014192,2024-03-13,남자,40 - 49세,서울특별시,일반판매,스마트폰,계약해제.해지/위약금
2024014193,2024-03-13,남자,30 - 39세,광주광역시,국내온라인거래,숙녀화(구두·부츠 등),청약철회
2024014194,2024-03-13,여자,20 - 29세,부산광역시,일반판매,스마트폰,계약해제.해지/위약금
2024014195,2024-03-13,여자,30 - 39세,울산광역시,일반판매,기타신발·용품,계약불이행(불완전이행)
2024014196,2024-03-13,남자,20 - 29세,경상남도,모바일거래,모바일정보이용서비스,계약해제.해지/위약금
2024014197,2024-03-13,여자,20 - 29세,경기도,국내온라인거래,숙녀화(구두·부츠 등),청약철회
2024014198,2024-03-13,남자,65 - 69세,서울특별시,국내온라인거래,책상,품질(물품/용역)
2024014199,2024-03-13,여자,30 - 39세,경기도,일반판매,예식서비스,계약해제.해지/위약금
2024014200,2024-03-13,여자,20 - 29세,전라북도,일반판매,외식,안전(제품/시설)
2024014201,2024-03-13,남자,40 - 49세,서울특별시,소셜커머스(쇼핑),기타사무용품,청약철회
2024014202,2024-03-13,남자,30 - 39세,경기도,방문판매,헬스장,계약해제.해지/위약금
2024014203,2024-03-13,남자,30 - 39세,서울특별시,국내온라인거래,기타숙박시설,계약불이행(불완전이행)
2024014204,2024-03-13,남자,50 - 59세,서울특별시,국내온라인거래,전기진공청소기,AS불만
2024014205,2024-03-13,남자,30 - 39세,경기도,일반판매,스마트폰,계약해제.해지/위약금
2024014206,2024-03-13,남자,40 - 49세,경기도,방문판매,인터넷교육서비스,계약해제.해지/위약금
2024014207,2024-03-13,여자,30 - 39세,서울특별시,국내온라인거래,국내결혼중개,청약철회
2024014208,2024-03-13,여자,30 - 39세,서울특별시,일반판매,의상대여(렌트),계약해제.해지/위약금
2024014209,2024-03-13,여자,30 - 39세,인천광역시,국내온라인거래,인터넷교육서비스,청약철회
2024014210,2024-03-13,남자,30 - 39세,경기도,국내온라인거래,기타의류·섬유,청약철회
2024014211,2024-03-13,여자,20 - 29세,인천광역시,국내온라인거래,항공여객운송서비스,계약해제.해지/위약금
2024014212,2024-03-13,남자,20 - 29세,서울특별시,기타,피혁세탁,품질(물품/용역)
2024014213,2024-03-13,남자,50 - 59세,경기도,기타,헬스장,계약불이행(불완전이행)
2024014214,2024-03-13,여자,20 - 29세,서울특별시,일반판매,요가,계약해제.해지/위약금
2024014215,2024-03-13,남자,30 - 39세,서울특별시,방문판매,국내결혼중개,계약해제.해지/위약금
2024014216,2024-03-13,남자,40 - 49세,서울특별시,일반판매,국내결혼중개,계약해제.해지/위약금
2024014217,2024-03-13,남자,40 - 49세,서울특별시,국제온라인거래,항공여객운송서비스,가격.요금
2024014218,2024-03-13,남자,40 - 49세,서울특별시,일반판매,IPTV,계약불이행(불완전이행)
2024014219,2024-03-13,남자,30 - 39세,전라남도,기타,모니터,단순문의.상담
2024014220,2024-03-13,남자,40 - 49세,서울특별시,국내온라인거래,기타숙박시설,청약철회
2024014221,2024-03-13,여자,40 - 49세,서울특별시,국내온라인거래,이불·요,부당행위
2024014222,2024-03-13,남자,50 - 59세,전라북도,방문판매,만두피,안전(제품/시설)
2024014223,2024-03-13,남자,40 - 49세,서울특별시,일반판매,기타회원권,계약해제.해지/위약금
2024014224,2024-03-13,남자,50 - 59세,경상남도,일반판매,기타신발·용품,품질(물품/용역)
2024014225,2024-03-13,여자,40 - 49세,경기도,국내온라인거래,기타가방,계약불이행(불완전이행)
2024014226,2024-03-13,남자,50 - 59세,울산광역시,기타,IPTV,계약불이행(불완전이행)
2024014227,2024-03-13,여자,30 - 39세,서울특별시,일반판매,헬스장,계약해제.해지/위약금
2024014228,2024-03-13,여자,30 - 39세,서울특별시,국내온라인거래,기타모피·가죽의류,품질(물품/용역)
2024014229,2024-03-13,남자,30 - 39세,서울특별시,국내온라인거래,박스(포장용),계약불이행(불완전이행)
2024014230,2024-03-13,남자,40 - 49세,경상남도,국내온라인거래,노트북컴퓨터,품질(물품/용역)
2024014231,2024-03-13,남자,20 - 29세,서울특별시,국내온라인거래,CD·LD·DVD(영화·음악·게임),청약철회
2024014232,2024-03-13,남자,30 - 39세,전라북도,방문판매,결혼준비대행서비스,청약철회
2024014233,2024-03-13,남자,40 - 49세,서울특별시,국제온라인거래,항공여객운송서비스,부당행위
2024014234,2024-03-13,남자,20 - 29세,광주광역시,국내온라인거래,기타의류·섬유,청약철회
2024014235,2024-03-13,남자,30 - 39세,인천광역시,국내온라인거래,통신기기케이스,품질(물품/용역)
2024014236,2024-03-13,여자,40 - 49세,부산광역시,모바일거래,기타유란류·유란류가공식품,품질(물품/용역)
2024014237,2024-03-13,남자,50 - 59세,경기도,소셜커머스(쇼핑),스포츠웨어,청약철회
2024014238,2024-03-13,여자,20 - 29세,부산광역시,국내온라인거래,기타서적음반류,청약철회
2024014239,2024-03-13,남자,30 - 39세,경기도,방문판매,의상대여(렌트),청약철회
2024014240,2024-03-13,남자,30 - 39세,충청남도,국내온라인거래,음식물처리기,계약해제.해지/위약금
2024014241,2024-03-13,여자,30 - 39세,서울특별시,일반판매,요가,계약해제.해지/위약금
2024014242,2024-03-13,남자,30 - 39세,서울특별시,국내온라인거래,옷걸이,청약철회
2024014243,2024-03-13,남자,30 - 39세,서울특별시,국내온라인거래,남자용내의류,청약철회
2024014244,2024-03-13,남자,40 - 49세,서울특별시,일반판매,책상,품질(물품/용역)
2024014245,2024-03-13,여자,30 - 39세,광주광역시,모바일거래,철도여객운송서비스,품질(물품/용역)
2024014246,2024-03-13,여자,40 - 49세,광주광역시,국내온라인거래,냉장고,청약철회
2024014247,2024-03-13,여자,20 - 29세,서울특별시,일반판매,헬스장,계약해제.해지/위약금
2024014248,2024-03-13,여자,20 - 29세,서울특별시,일반판매,기타미분류서비스,계약해제.해지/위약금
2024014249,2024-03-13,남자,30 - 39세,전라북도,국내온라인거래,기타숙박시설,계약해제.해지/위약금
2024014250,2024-03-13,여자,30 - 39세,전라남도,소셜커머스(쇼핑),책장·서가,청약철회
2024014251,2024-03-13,여자,20 - 29세,인천광역시,국내온라인거래,보석·귀금속,계약해제.해지/위약금
2024014252,2024-03-13,남자,40 - 49세,경기도,기타,포장이사운송서비스,품질(물품/용역)
2024014253,2024-03-13,여자,40 - 49세,서울특별시,국내온라인거래,국외여행,품질(물품/용역)
2024014254,2024-03-13,여자,20 - 29세,경기도,방문판매,의상대여(렌트),청약철회
2024014255,2024-03-13,여자,30 - 39세,경기도,방문판매,피부·체형관리서비스,계약해제.해지/위약금
2024014256,2024-03-13,남자,40 - 49세,서울특별시,일반판매,기타침대류,계약불이행(불완전이행)
2024014257,2024-03-13,여자,20 - 29세,인천광역시,기타,애완동물이·미용서비스,품질(물품/용역)
2024014258,2024-03-13,여자,20 - 29세,경상남도,일반판매,티셔츠,청약철회
2024014259,2024-03-13,남자,40 - 49세,서울특별시,기타,헤드폰·이어폰,AS불만
2024014260,2024-03-13,남자,40 - 49세,경기도,국제온라인거래,발모제,청약철회
2024014261,2024-03-13,여자,40 - 49세,경기도,소셜커머스(쇼핑),샴푸,계약해제.해지/위약금
2024014262,2024-03-13,여자,20 - 29세,제주도,모바일거래,점퍼·재킷류,청약철회
2024014263,2024-03-13,여자,30 - 39세,서울특별시,일반판매,피부·체형관리서비스,계약해제.해지/위약금
2024014264,2024-03-13,여자,20 - 29세,부산광역시,국내온라인거래,니트(스웨터),청약철회
2024014265,2024-03-13,여자,40 - 49세,경기도,기타,인터넷교육서비스,부당행위
2024014266,2024-03-13,여자,40 - 49세,경기도,일반판매,택배화물운송서비스,계약불이행(불완전이행)
2024014267,2024-03-13,여자,30 - 39세,서울특별시,,기타회원권,부당행위
2024014268,2024-03-14,남자,40 - 49세,강원특별자치도,기타통신판매,스마트폰,품질(물품/용역)
2024014269,2024-03-14,남자,40 - 49세,서울특별시,일반판매,골프용품,AS불만
2024014270,2024-03-14,남자,40 - 49세,인천광역시,국내온라인거래,TV,품질(물품/용역)
2024014271,2024-03-14,여자,50 - 59세,광주광역시,일반판매,옷장,품질(물품/용역)
2024014272,2024-03-14,여자,50 - 59세,서울특별시,국제온라인거래,기타숙박시설,품질(물품/용역)
2024014273,2024-03-14,남자,40 - 49세,서울특별시,일반판매,정수기대여(렌트),계약해제.해지/위약금
2024014274,2024-03-14,남자,40 - 49세,충청남도,기타,자동차견인,가격.요금
2024014275,2024-03-14,여자,70 - 79세,서울특별시,전화권유판매,기타건강식품,부당행위
2024014276,2024-03-14,여자,50 - 59세,서울특별시,일반판매,일반이사운송서비스,계약불이행(불완전이행)
2024014277,2024-03-14,여자,30 - 39세,경기도,일반판매,경비·관리서비스,계약해제.해지/위약금
2024014278,2024-03-14,남자,30 - 39세,경기도,일반판매,자동차수리·점검,AS불만
2024014279,2024-03-14,남자,40 - 49세,대구광역시,국내온라인거래,운동용가방,청약철회
2024014280,2024-03-14,남자,30 - 39세,대구광역시,일반판매,아파트,부당행위
2024014281,2024-03-14,여자,70 - 79세,경기도,국내온라인거래,이동전화서비스,계약불이행(불완전이행)
2024014282,2024-03-14,여자,40 - 49세,경기도,일반판매,TV,AS불만
2024014283,2024-03-14,남자,50 - 59세,대전광역시,기타,신용카드,부당행위
2024014284,2024-03-14,여자,30 - 39세,경기도,일반판매,미용서비스,계약불이행(불완전이행)
2024014286,2024-03-14,남자,70 - 79세,경기도,국내온라인거래,이동전화서비스,계약불이행(불완전이행)
2024014287,2024-03-14,남자,40 - 49세,경상북도,국내온라인거래,베개,계약불이행(불완전이행)
2024014288,2024-03-14,남자,60 - 64세,충청남도,일반판매,중고자동차중개·매매,AS불만
2024014289,2024-03-14,여자,60 - 64세,전라남도,기타,건강(암·기타질병)보험,계약불이행(불완전이행)
2024014290,2024-03-14,여자,50 - 59세,경상남도,일반판매,국외여행,계약해제.해지/위약금
2024014292,2024-03-14,남자,30 - 39세,강원특별자치도,국내온라인거래,기타건강식품,청약철회
2024014294,2024-03-14,남자,50 - 59세,광주광역시,일반판매,중형승용자동차,AS불만
2024014295,2024-03-14,남자,40 - 49세,서울특별시,모바일거래,카셰어링,부당행위
2024014296,2024-03-14,여자,30 - 39세,서울특별시,국내온라인거래,화장대,표시.광고
2024014297,2024-03-14,여자,30 - 39세,대전광역시,일반판매,안마의자,AS불만
2024014298,2024-03-14,남자,40 - 49세,서울특별시,전화권유판매,인터넷정보이용서비스,계약해제.해지/위약금
2024014299,2024-03-21,남자,30 - 39세,인천광역시,국내온라인거래,기타의류·섬유,품질(물품/용역)
2024014300,2024-03-14,여자,50 - 59세,경기도,TV홈쇼핑,전기고데기,품질(물품/용역)
2024014301,2024-03-14,여자,50 - 59세,서울특별시,기타,정형외과,품질(물품/용역)
2024014302,2024-03-14,여자,40 - 49세,부산광역시,소셜커머스(쇼핑),도라지,청약철회
2024014303,2024-03-14,남자,30 - 39세,대전광역시,일반판매,필라테스,계약해제.해지/위약금
2024014304,2024-03-14,남자,30 - 39세,서울특별시,국내온라인거래,기타문화·오락시설이용,계약해제.해지/위약금
2024014307,2024-03-14,남자,60 - 64세,경기도,기타,항공여객운송서비스,가격.요금
2024014308,2024-03-14,여자,40 - 49세,경기도,국내온라인거래,핸드백,부당행위
2024014309,2024-03-14,여자,20 - 29세,경기도,소셜커머스(쇼핑),기타신발·용품,계약불이행(불완전이행)
2024014310,2024-03-14,여자,20 - 29세,대전광역시,일반판매,요가,계약해제.해지/위약금
2024014311,2024-03-14,여자,30 - 39세,서울특별시,기타,사진촬영,계약해제.해지/위약금
2024014312,2024-03-14,여자,30 - 39세,대구광역시,모바일거래,원피스,청약철회
2024014313,2024-03-27,여자,50 - 59세,경기도,일반판매,점퍼·재킷류,품질(물품/용역)
2024014314,2024-03-14,여자,30 - 39세,서울특별시,국내온라인거래,숙녀복상의,청약철회
2024014315,2024-03-14,여자,40 - 49세,서울특별시,소셜커머스(쇼핑),기타식생활기기,청약철회
2024014316,2024-03-14,여자,40 - 49세,서울특별시,일반판매,피부·체형관리서비스,거래관행
2024014317,2024-03-14,여자,50 - 59세,경기도,기타,일반이사운송서비스,계약불이행(불완전이행)
2024014318,2024-03-14,여자,20 - 29세,인천광역시,국내온라인거래,침대,품질(물품/용역)
2024014319,2024-03-14,여자,40 - 49세,경상남도,국내온라인거래,영양크림류,계약불이행(불완전이행)
2024014320,2024-03-14,여자,불명,경기도,국내온라인거래,컴퓨터S/W개발(홈페이지제작),계약해제.해지/위약금
2024014321,2024-03-14,여자,20 - 29세,경기도,일반판매,헬스장,계약해제.해지/위약금
2024014322,2024-03-14,남자,50 - 59세,서울특별시,국내온라인거래,기타화물운송서비스,가격.요금
2024014323,2024-03-14,남자,40 - 49세,충청남도,국내온라인거래,인터넷게임서비스,표시.광고
2024014324,2024-03-14,남자,불명,인천광역시,일반판매,아파트,AS불만
2024014325,2024-03-21,여자,40 - 49세,경상남도,일반판매,양복(서양식 의복)세탁,품질(물품/용역)
2024014326,2024-03-14,여자,20 - 29세,경기도,일반판매,기타사설강습서비스,청약철회
2024014327,2024-03-14,여자,20 - 29세,서울특별시,일반판매,기타사설강습서비스,계약해제.해지/위약금
2024014328,2024-03-14,여자,20 - 29세,서울특별시,일반판매,기타회원권,계약해제.해지/위약금
2024014329,2024-03-21,여자,50 - 59세,서울특별시,국내온라인거래,점퍼·재킷류,품질(물품/용역)
2024014330,2024-03-14,여자,50 - 59세,서울특별시,국내온라인거래,기타숙박시설,부당행위
2024014331,2024-03-21,여자,30 - 39세,서울특별시,소셜커머스(쇼핑),스웨터,품질(물품/용역)
2024014333,2024-03-14,여자,30 - 39세,서울특별시,일반판매,일반자전거,품질(물품/용역)
2024014334,2024-03-14,남자,50 - 59세,인천광역시,일반판매,소형화물자동차,품질(물품/용역)
2024014335,2024-03-14,여자,30 - 39세,경기도,기타통신판매,피부·체형관리서비스,계약해제.해지/위약금
2024014337,2024-03-14,여자,40 - 49세,충청북도,국내온라인거래,항공여객운송서비스,계약해제.해지/위약금
2024014338,2024-03-14,여자,50 - 59세,서울특별시,기타,콘도회원권,계약불이행(불완전이행)
2024014339,2024-03-14,남자,30 - 39세,서울특별시,일반판매,자동차수리·점검,AS불만
2024014340,2024-03-14,남자,30 - 39세,서울특별시,국내온라인거래,인쇄서비스,계약해제.해지/위약금
2024014341,2024-03-14,여자,50 - 59세,경기도,방문판매,건강(암·기타질병)보험,계약해제.해지/위약금
2024014342,2024-03-14,남자,30 - 39세,경기도,일반판매,헬스장,계약해제.해지/위약금
2024014343,2024-03-14,남자,40 - 49세,경기도,일반판매,스마트폰,품질(물품/용역)
2024014344,2024-03-14,남자,40 - 49세,충청북도,일반판매,콘도회원권,계약해제.해지/위약금
2024014346,2024-03-27,여자,20 - 29세,서울특별시,국내온라인거래,신발세탁,계약불이행(불완전이행)
2024014347,2024-03-14,여자,20 - 29세,서울특별시,일반판매,헬스장,계약해제.해지/위약금
2024014348,2024-03-14,여자,70 - 79세,서울특별시,국내온라인거래,전기압력밥솥,품질(물품/용역)
2024014349,2024-03-14,남자,불명,서울특별시,국내온라인거래,통신기기주변장치,품질(물품/용역)
2024014350,2024-03-14,남자,40 - 49세,경기도,일반판매,변호서비스,계약해제.해지/위약금
2024014351,2024-03-14,남자,30 - 39세,경기도,일반판매,스마트폰,AS불만
2024014352,2024-03-14,남자,40 - 49세,전라북도,국내온라인거래,전기맛사지기,품질(물품/용역)
2024014353,2024-03-14,여자,50 - 59세,경기도,기타통신판매,사다리,청약철회
2024014357,2024-03-14,남자,50 - 59세,서울특별시,일반판매,스마트폰,청약철회
2024014358,2024-03-14,여자,불명,인천광역시,국내온라인거래,기타내의류,계약불이행(불완전이행)
2024014359,2024-03-14,여자,40 - 49세,경기도,일반판매,한의원,품질(물품/용역)
2024014361,2024-03-14,남자,40 - 49세,경기도,국내온라인거래,인터넷교육서비스,계약해제.해지/위약금
2024014362,2024-03-14,여자,30 - 39세,서울특별시,일반판매,산부인과,가격.요금
2024014363,2024-03-14,남자,40 - 49세,경기도,일반판매,초고속인터넷,계약해제.해지/위약금
2024014364,2024-03-22,남자,30 - 39세,서울특별시,일반판매,양복(서양식 의복)세탁,품질(물품/용역)
2024014365,2024-03-14,남자,60 - 64세,경상북도,일반판매,건강(암·기타질병)보험,약관
2024014366,2024-03-14,여자,50 - 59세,경기도,국내온라인거래,신용카드,부당채권추심
2024014367,2024-03-14,남자,10 - 19세,경기도,국내온라인거래,각종공연관람,계약해제.해지/위약금
2024014368,2024-03-14,남자,65 - 69세,서울특별시,일반판매,포장이사운송서비스,계약불이행(불완전이행)
2024014369,2024-03-21,여자,60 - 64세,경기도,일반판매,양복(서양식 의복)세탁,품질(물품/용역)
2024014370,2024-03-14,여자,40 - 49세,서울특별시,일반판매,숙녀복상의,계약해제.해지/위약금
2024014372,2024-03-21,남자,40 - 49세,강원특별자치도,일반판매,양복(서양식 의복)세탁,품질(물품/용역)
2024014373,2024-03-14,여자,30 - 39세,(미입력),국내온라인거래,기타문화용품,청약철회
2024014374,2024-03-27,여자,30 - 39세,경기도,일반판매,양복(서양식 의복)세탁,품질(물품/용역)
2024014375,2024-03-14,남자,30 - 39세,서울특별시,방문판매,예식서비스,청약철회
2024014376,2024-03-21,남자,30 - 39세,경상북도,국내온라인거래,니트(스웨터),품질(물품/용역)
2024014377,2024-03-27,여자,40 - 49세,인천광역시,국내온라인거래,스포츠웨어,품질(물품/용역)
2024014378,2024-03-21,여자,40 - 49세,서울특별시,일반판매,점퍼·재킷류,품질(물품/용역)
2024014379,2024-03-14,여자,60 - 64세,경기도,국내온라인거래,기타숙박시설,계약해제.해지/위약금
2024014380,2024-03-14,여자,30 - 39세,서울특별시,일반판매,요가,계약해제.해지/위약금
2024014381,2024-03-14,여자,50 - 59세,강원특별자치도,일반판매,헬스장,계약해제.해지/위약금
2024014382,2024-03-14,남자,20 - 29세,부산광역시,국내온라인거래,니트(스웨터),표시.광고
2024014383,2024-03-14,남자,30 - 39세,서울특별시,국내온라인거래,통신기기케이스,품질(물품/용역)
2024014384,2024-03-14,여자,30 - 39세,경기도,모바일거래,모바일게임서비스,무능력자계약
2024014385,2024-03-14,여자,30 - 39세,경기도,방문판매,요가,계약해제.해지/위약금
2024014386,2024-03-14,여자,30 - 39세,부산광역시,일반판매,사진촬영,계약해제.해지/위약금
2024014387,2024-03-14,남자,30 - 39세,서울특별시,국제온라인거래,기타숙박시설,계약불이행(불완전이행)
2024014388,2024-03-14,남자,40 - 49세,서울특별시,국내온라인거래,기타자동차용품,청약철회
2024014389,2024-03-14,남자,20 - 29세,서울특별시,모바일거래,보온병,안전(제품/시설)
2024014390,2024-03-14,여자,20 - 29세,경기도,일반판매,TV,AS불만
2024014391,2024-03-14,여자,40 - 49세,서울특별시,일반판매,보석·귀금속,계약불이행(불완전이행)
2024014392,2024-03-14,여자,30 - 39세,경기도,국내온라인거래,핸드백,이자.수수료
2024014393,2024-03-14,남자,30 - 39세,경상북도,국내온라인거래,전기포트,청약철회
2024014394,2024-03-14,남자,20 - 29세,경기도,모바일거래,사진촬영,계약해제.해지/위약금
2024014395,2024-03-14,남자,50 - 59세,충청북도,방문판매,기타인테리어설비,청약철회
2024014396,2024-03-14,남자,20 - 29세,대구광역시,국내온라인거래,기타완구·인형,청약철회
2024014397,2024-03-14,여자,30 - 39세,대구광역시,국내온라인거래,가운·잠옷류,청약철회
2024014398,2024-03-14,남자,30 - 39세,충청남도,일반판매,옷장,계약불이행(불완전이행)
2024014399,2024-03-14,여자,20 - 29세,서울특별시,국내온라인거래,인터넷교육서비스,계약해제.해지/위약금
2024014400,2024-03-14,여자,30 - 39세,서울특별시,국내온라인거래,호텔,청약철회
2024014401,2024-03-14,남자,40 - 49세,경기도,모바일거래,숙녀화(구두·부츠 등),청약철회
2024014402,2024-03-14,여자,20 - 29세,인천광역시,국내온라인거래,통신기기주변장치,품질(물품/용역)
2024014403,2024-03-14,여자,30 - 39세,경기도,국내온라인거래,인터넷교육서비스,계약해제.해지/위약금
2024014404,2024-03-14,남자,40 - 49세,경기도,국내온라인거래,기타식품류,계약불이행(불완전이행)
2024014405,2024-03-14,여자,30 - 39세,서울특별시,일반판매,일반강습(입시학원등),계약해제.해지/위약금
2024014406,2024-03-14,여자,30 - 39세,서울특별시,방문판매,필라테스,계약해제.해지/위약금
2024014407,2024-03-14,남자,20 - 29세,인천광역시,일반판매,각종자격취득강습,계약해제.해지/위약금
2024014408,2024-03-14,여자,20 - 29세,서울특별시,국내온라인거래,레저시설이용,품질(물품/용역)
2024014409,2024-03-14,남자,30 - 39세,경기도,국내온라인거래,기타옥외장비·설비,부당행위
2024014410,2024-03-14,남자,20 - 29세,부산광역시,일반판매,헬스장,계약해제.해지/위약금
2024014411,2024-03-14,남자,40 - 49세,대전광역시,일반판매,기타통신기기,계약불이행(불완전이행)
2024014412,2024-03-14,여자,20 - 29세,경기도,방문판매,자기목걸이,청약철회
2024014413,2024-03-14,여자,40 - 49세,제주도,방문판매,종합체육시설회원권,계약해제.해지/위약금
2024014414,2024-03-14,남자,20 - 29세,서울특별시,국내온라인거래,국외여행,품질(물품/용역)
2024014415,2024-03-14,남자,40 - 49세,서울특별시,국내온라인거래,냉장고,품질(물품/용역)
2024014416,2024-03-14,여자,20 - 29세,울산광역시,국내온라인거래,전기진공청소기,품질(물품/용역)
2024014417,2024-03-14,남자,불명,경상남도,국내온라인거래,수동청소기,청약철회
2024014418,2024-03-14,여자,40 - 49세,경기도,국내온라인거래,레저시설이용,계약해제.해지/위약금
2024014419,2024-03-14,여자,30 - 39세,울산광역시,일반판매,기타이·미용기구,청약철회
2024014420,2024-03-14,여자,20 - 29세,충청남도,국내온라인거래,인터넷게임서비스,계약불이행(불완전이행)
2024014421,2024-03-14,남자,20 - 29세,서울특별시,국내온라인거래,기타책상·테이블류,품질(물품/용역)
2024014422,2024-03-14,남자,20 - 29세,서울특별시,국내온라인거래,항공여객운송서비스,계약해제.해지/위약금
2024014423,2024-03-14,여자,30 - 39세,서울특별시,국내온라인거래,초음파방충기,품질(물품/용역)
2024014424,2024-03-14,남자,50 - 59세,충청북도,모바일거래,등산화,품질(물품/용역)
2024014425,2024-03-14,여자,40 - 49세,전라남도,방문판매,연수기대여(렌트),계약해제.해지/위약금
2024014426,2024-03-14,여자,40 - 49세,경기도,기타,인터넷교육서비스,계약해제.해지/위약금
2024014427,2024-03-14,여자,30 - 39세,서울특별시,국내온라인거래,휴대폰(2G),품질(물품/용역)
2024014428,2024-03-14,여자,50 - 59세,경기도,국내온라인거래,국외여행,계약해제.해지/위약금
2024014429,2024-03-14,남자,50 - 59세,경기도,방문판매,공기청정기대여(렌트),계약불이행(불완전이행)
2024014430,2024-03-14,여자,20 - 29세,전라남도,국내온라인거래,점퍼·재킷류,청약철회
2024014431,2024-03-14,여자,30 - 39세,인천광역시,국내온라인거래,모자,청약철회
2024014432,2024-03-14,여자,20 - 29세,충청남도,국내온라인거래,원피스,청약철회
2024014433,2024-03-14,여자,20 - 29세,서울특별시,기타,각종공연관람,계약해제.해지/위약금
2024014434,2024-03-14,여자,20 - 29세,제주도,국내온라인거래,인터넷교육서비스,계약해제.해지/위약금
2024014435,2024-03-14,여자,10세 미만,경기도,전화권유판매,인터넷교육서비스,계약해제.해지/위약금
2024014436,2024-03-14,여자,30 - 39세,경상남도,국제온라인거래,호텔,표시.광고
2024014437,2024-03-14,여자,50 - 59세,서울특별시,일반판매,시계,AS불만
2024014438,2024-03-14,여자,30 - 39세,서울특별시,모바일거래,시계,청약철회
2024014439,2024-03-14,여자,30 - 39세,경기도,일반판매,미용서비스,품질(물품/용역)
2024014440,2024-03-14,여자,30 - 39세,경기도,국내온라인거래,기타건강식품,계약불이행(불완전이행)
2024014441,2024-03-14,남자,20 - 29세,경기도,국내온라인거래,신사화(구두·부츠 등),품질(물품/용역)
2024014442,2024-03-14,남자,40 - 49세,서울특별시,기타,운동화,표시.광고
2024014443,2024-03-14,남자,40 - 49세,서울특별시,일반판매,섀시설비,AS불만
2024014444,2024-03-14,여자,30 - 39세,서울특별시,국내온라인거래,항공여객운송서비스,청약철회
2024014445,2024-03-14,남자,30 - 39세,서울특별시,전화권유판매,기타매체광고,계약불이행(불완전이행)
2024014446,2024-03-14,여자,30 - 39세,서울특별시,국내온라인거래,티셔츠,이자.수수료
2024014447,2024-03-14,남자,20 - 29세,대구광역시,모바일거래,모바일게임서비스,청약철회
2024014448,2024-03-14,남자,30 - 39세,경상남도,기타,기타미분류서비스,청약철회
2024014449,2024-03-14,여자,50 - 59세,경기도,일반판매,초고속인터넷,품질(물품/용역)
2024014450,2024-03-14,남자,20 - 29세,서울특별시,국내온라인거래,스피커,청약철회
2024014451,2024-03-14,남자,40 - 49세,경기도,국내온라인거래,항공여객운송서비스,안전(제품/시설)
2024014452,2024-03-14,남자,20 - 29세,경기도,국내온라인거래,기타서적음반류,청약철회
2024014453,2024-03-14,여자,50 - 59세,경기도,전화권유판매,전기장판,품질(물품/용역)
2024014454,2024-03-14,여자,20 - 29세,서울특별시,국내온라인거래,전화교육,계약해제.해지/위약금
2024014455,2024-03-14,여자,30 - 39세,울산광역시,기타,예식서비스,계약불이행(불완전이행)
2024014456,2024-03-14,남자,30 - 39세,서울특별시,국내온라인거래,점퍼·재킷류,품질(물품/용역)
2024014457,2024-03-14,여자,30 - 39세,서울특별시,일반판매,일반강습(입시학원등),계약해제.해지/위약금
2024014458,2024-03-14,남자,30 - 39세,전라남도,국내온라인거래,항공여객운송서비스,계약해제.해지/위약금
2024014459,2024-03-14,여자,30 - 39세,경기도,국내온라인거래,항공여객운송서비스,가격.요금
2024014460,2024-03-14,남자,40 - 49세,충청남도,일반판매,서랍장,안전(제품/시설)
2024014461,2024-03-14,여자,50 - 59세,인천광역시,전화권유판매,인터넷교육서비스,
2024014462,2024-03-14,여자,30 - 39세,경기도,일반판매,애완고양이,계약해제.해지/위약금
2024014463,2024-03-14,여자,40 - 49세,부산광역시,일반판매,미용서비스,계약해제.해지/위약금
2024014464,2024-03-14,여자,30 - 39세,경기도,일반판매,냉장고,계약불이행(불완전이행)
2024014465,2024-03-14,남자,20 - 29세,서울특별시,국내온라인거래,캐주얼바지,청약철회
2024014466,2024-03-14,여자,30 - 39세,경기도,방문판매,기타미분류서비스,계약해제.해지/위약금
2024014467,2024-03-14,여자,30 - 39세,경기도,기타,헬스장,계약해제.해지/위약금
2024014468,2024-03-14,여자,40 - 49세,인천광역시,일반판매,스마트폰,부당행위
2024014469,2024-03-14,남자,20 - 29세,대전광역시,국내온라인거래,호텔,계약해제.해지/위약금
2024014470,2024-03-14,여자,20 - 29세,경기도,일반판매,헬스장,계약해제.해지/위약금
2024014471,2024-03-14,남자,20 - 29세,서울특별시,일반판매,고시원이용,계약해제.해지/위약금
2024014472,2024-03-14,여자,30 - 39세,서울특별시,일반판매,신사복세트,계약해제.해지/위약금
2024014473,2024-03-14,남자,50 - 59세,광주광역시,일반판매,중형승용자동차,품질(물품/용역)
2024014474,2024-03-14,여자,50 - 59세,서울특별시,기타,오피스텔,계약불이행(불완전이행)
2024014475,2024-03-14,여자,20 - 29세,경기도,국내온라인거래,각종자격취득강습,청약철회
2024014476,2024-03-14,여자,40 - 49세,서울특별시,방문판매,기타관리서비스,계약해제.해지/위약금
2024014477,2024-03-14,여자,40 - 49세,서울특별시,국내온라인거래,가스에어컨,계약불이행(불완전이행)
2024014478,2024-03-14,남자,50 - 59세,경기도,국내온라인거래,운동화,청약철회
2024014479,2024-03-14,여자,30 - 39세,경기도,국내온라인거래,헤드폰·이어폰,청약철회
2024014480,2024-03-14,여자,50 - 59세,경상남도,국제온라인거래,배낭,품질(물품/용역)
2024014481,2024-03-14,남자,40 - 49세,전라북도,기타통신판매,이동전화서비스,부당행위
2024014482,2024-03-14,여자,20 - 29세,충청북도,국내온라인거래,주방세트,계약불이행(불완전이행)
2024014483,2024-03-14,남자,40 - 49세,대구광역시,국내온라인거래,기타과일·과일가공식품,품질(물품/용역)
2024014484,2024-03-14,남자,40 - 49세,경기도,모바일거래,호텔,가격.요금
2024014485,2024-03-14,여자,20 - 29세,인천광역시,일반판매,기타회원권,계약해제.해지/위약금
2024014486,2024-03-14,여자,40 - 49세,충청남도,국내온라인거래,소파,품질(물품/용역)
2024014487,2024-03-14,여자,30 - 39세,서울특별시,국내온라인거래,항공여객운송서비스,가격.요금
2024014488,2024-03-14,여자,30 - 39세,서울특별시,국내온라인거래,기타숙박시설,계약해제.해지/위약금
2024014489,2024-03-21,여자,40 - 49세,경기도,일반판매,점퍼·재킷류,품질(물품/용역)
2024014490,2024-03-15,남자,40 - 49세,경기도,기타,고시원이용,계약해제.해지/위약금
2024014491,2024-03-15,여자,30 - 39세,서울특별시,일반판매,기타유란류·유란류가공식품,품질(물품/용역)
2024014493,2024-03-15,남자,50 - 59세,서울특별시,기타,기타인테리어설비,AS불만
2024014494,2024-03-15,여자,60 - 64세,서울특별시,일반판매,스마트폰,품질(물품/용역)
2024014496,2024-03-27,여자,20 - 29세,서울특별시,국내온라인거래,숙녀화(구두·부츠 등),계약불이행(불완전이행)
2024014497,2024-03-15,남자,50 - 59세,경기도,전화권유판매,이동전화서비스,청약철회
2024014498,2024-03-15,남자,50 - 59세,강원특별자치도,모바일거래,할인회원권,계약해제.해지/위약금
2024014499,2024-03-15,여자,50 - 59세,부산광역시,일반판매,중형승용자동차,AS불만
2024014500,2024-03-21,여자,40 - 49세,경상남도,일반판매,양복(서양식 의복)세탁,품질(물품/용역)
2024014501,2024-03-27,남자,30 - 39세,경기도,일반판매,운동화,품질(물품/용역)
2024014502,2024-03-15,남자,65 - 69세,서울특별시,일반판매,대형승용자동차,AS불만
2024014503,2024-03-15,남자,65 - 69세,경상남도,일반판매,정형외과,품질(물품/용역)
2024014504,2024-03-15,여자,20 - 29세,서울특별시,국내온라인거래,인터넷정보이용서비스,계약해제.해지/위약금
2024014505,2024-03-15,여자,70 - 79세,경상남도,일반판매,내과,품질(물품/용역)
2024014506,2024-03-15,남자,50 - 59세,제주도,일반판매,헬스장,계약해제.해지/위약금
2024014507,2024-03-15,남자,20 - 29세,경기도,일반판매,헬스장,계약해제.해지/위약금
2024014508,2024-03-15,남자,40 - 49세,서울특별시,국내온라인거래,도어록,AS불만
2024014509,2024-03-15,남자,65 - 69세,서울특별시,일반판매,건강(암·기타질병)보험,단순문의.상담
2024014510,2024-03-15,여자,60 - 64세,서울특별시,일반판매,건강(암·기타질병)보험,계약불이행(불완전이행)
2024014511,2024-03-15,남자,50 - 59세,경기도,모바일거래,선박여객운송서비스,계약해제.해지/위약금
2024014512,2024-03-15,남자,50 - 59세,경상남도,기타,침대·매트리스대여(렌트),부당채권추심
2024014513,2024-03-15,여자,40 - 49세,서울특별시,모바일거래,모자,계약불이행(불완전이행)
2024014515,2024-03-15,여자,50 - 59세,인천광역시,일반판매,기타사설강습서비스,계약해제.해지/위약금
2024014517,2024-03-15,여자,30 - 39세,경기도,국내온라인거래,항공여객운송서비스,계약해제.해지/위약금
2024014518,2024-03-15,여자,30 - 39세,서울특별시,일반판매,스마트폰,청약철회
2024014520,2024-03-15,여자,40 - 49세,서울특별시,일반판매,헬스장,계약불이행(불완전이행)
2024014521,2024-03-15,여자,10 - 19세,강원특별자치도,국내온라인거래,기타컴퓨터·주변기기,품질(물품/용역)
2024014524,2024-03-15,남자,70 - 79세,경기도,기타통신판매,기타건강식품,계약불이행(불완전이행)
2024014525,2024-03-15,남자,30 - 39세,제주도,일반판매,중형승용자동차,품질(물품/용역)
2024014526,2024-03-15,남자,40 - 49세,서울특별시,국내온라인거래,신유형상품권,계약해제.해지/위약금
2024014530,2024-03-15,남자,불명,경기도,국내온라인거래,기타의류·섬유,계약해제.해지/위약금
2024014531,2024-03-15,남자,70 - 79세,경기도,일반판매,기타인테리어설비,품질(물품/용역)
2024014532,2024-03-15,여자,30 - 39세,경기도,모바일거래,외국어강습,계약해제.해지/위약금
2024014533,2024-03-15,남자,40 - 49세,서울특별시,기타통신판매,모자,청약철회
2024014534,2024-03-15,여자,30 - 39세,경상북도,국내온라인거래,항공여객운송서비스,계약해제.해지/위약금
2024014535,2024-03-15,여자,20 - 29세,충청북도,방문판매,헬스장,계약해제.해지/위약금
2024014536,2024-03-15,남자,30 - 39세,서울특별시,일반판매,헬스장,계약해제.해지/위약금
2024014537,2024-03-27,여자,30 - 39세,울산광역시,일반판매,양복(서양식 의복)세탁,품질(물품/용역)
2024014538,2024-03-15,남자,20 - 29세,대구광역시,모바일거래,결혼준비대행서비스,계약해제.해지/위약금
2024014539,2024-03-15,남자,30 - 39세,경기도,국내온라인거래,호텔,청약철회
2024014540,2024-03-15,남자,40 - 49세,서울특별시,일반판매,자동차주유,계약불이행(불완전이행)
2024014541,2024-03-27,여자,60 - 64세,경기도,일반판매,점퍼·재킷류,품질(물품/용역)
2024014542,2024-03-15,남자,30 - 39세,강원특별자치도,일반판매,내과,품질(물품/용역)
2024014543,2024-03-15,여자,20 - 29세,경기도,일반판매,헬스장,계약해제.해지/위약금
2024014545,2024-03-15,여자,60 - 64세,서울특별시,일반판매,아파트,계약불이행(불완전이행)
2024014546,2024-03-15,여자,50 - 59세,서울특별시,일반판매,아파트,계약불이행(불완전이행)
2024014547,2024-03-15,여자,30 - 39세,경기도,국내온라인거래,샴푸,안전(제품/시설)
2024014549,2024-03-15,남자,20 - 29세,서울특별시,방문판매,헬스장,계약해제.해지/위약금
2024014550,2024-03-15,여자,40 - 49세,경기도,국내온라인거래,옷장,품질(물품/용역)
2024014551,2024-03-15,여자,30 - 39세,전라북도,국내온라인거래,기타영상기기,청약철회
2024014552,2024-03-27,남자,40 - 49세,서울특별시,일반판매,운동화,품질(물품/용역)
2024014554,2024-03-21,여자,30 - 39세,서울특별시,일반판매,티셔츠,품질(물품/용역)
2024014555,2024-03-15,여자,60 - 64세,강원특별자치도,국내온라인거래,국외여행,계약불이행(불완전이행)
2024014556,2024-03-15,여자,40 - 49세,서울특별시,국내온라인거래,각종공연관람,청약철회
2024014557,2024-03-15,남자,80세이상,경기도,일반판매,유선방송,계약해제.해지/위약금
2024014558,2024-03-15,여자,50 - 59세,부산광역시,국내온라인거래,화장대,품질(물품/용역)
2024014559,2024-03-15,여자,20 - 29세,서울특별시,일반판매,헬스장,계약해제.해지/위약금
2024014560,2024-03-15,여자,50 - 59세,서울특별시,국내온라인거래,운동화,청약철회
2024014561,2024-03-15,여자,20 - 29세,인천광역시,국제온라인거래,티셔츠,계약불이행(불완전이행)
2024014562,2024-03-15,남자,30 - 39세,충청남도,일반판매,항공여객운송서비스,계약불이행(불완전이행)
2024014563,2024-03-27,여자,30 - 39세,경기도,TV홈쇼핑,신발세탁,계약불이행(불완전이행)
2024014564,2024-03-15,남자,40 - 49세,경기도,국내온라인거래,호텔,청약철회
2024014565,2024-03-21,여자,30 - 39세,세종특별자치시,국내온라인거래,원피스,품질(물품/용역)
2024014566,2024-03-15,남자,20 - 29세,경기도,일반판매,수리공구,AS불만
2024014568,2024-03-15,남자,70 - 79세,서울특별시,일반판매,정형외과,계약불이행(불완전이행)
2024014569,2024-03-15,여자,30 - 39세,부산광역시,소셜커머스(쇼핑),국외여행,부당행위
2024014570,2024-03-15,여자,50 - 59세,인천광역시,일반판매,기타자동차용품,계약해제.해지/위약금
2024014571,2024-03-21,여자,50 - 59세,부산광역시,일반판매,점퍼·재킷류,품질(물품/용역)
2024014572,2024-03-15,남자,30 - 39세,세종특별자치시,일반판매,골프회원권,계약해제.해지/위약금
2024014573,2024-03-15,남자,30 - 39세,서울특별시,기타,성형외과,품질(물품/용역)
2024014574,2024-03-15,남자,40 - 49세,경기도,일반판매,이비인후과,품질(물품/용역)
2024014575,2024-03-15,여자,30 - 39세,경기도,국내온라인거래,호텔,계약해제.해지/위약금
2024014577,2024-03-15,여자,40 - 49세,서울특별시,일반판매,포장이사운송서비스,계약불이행(불완전이행)
2024014578,2024-03-15,남자,40 - 49세,경기도,기타,이동전화서비스,가격.요금
2024014580,2024-03-15,여자,60 - 64세,경기도,일반판매,국외여행,안전(제품/시설)
2024014581,2024-03-15,여자,30 - 39세,경기도,국내온라인거래,숙녀화(구두·부츠 등),계약불이행(불완전이행)
2024014582,2024-03-27,여자,50 - 59세,부산광역시,일반판매,운동화,품질(물품/용역)
2024014583,2024-03-15,남자,20 - 29세,울산광역시,국내온라인거래,점퍼·재킷류,청약철회
2024014584,2024-03-15,여자,30 - 39세,충청북도,국내온라인거래,호텔,청약철회
2024014585,2024-03-15,여자,불명,경기도,일반판매,이동전화서비스,계약불이행(불완전이행)
2024014587,2024-03-15,여자,40 - 49세,부산광역시,국내온라인거래,항공여객운송서비스,계약불이행(불완전이행)
2024014588,2024-03-15,남자,70 - 79세,경기도,모바일거래,감자,청약철회
2024014589,2024-03-15,여자,10 - 19세,서울특별시,일반판매,기타회원권,계약해제.해지/위약금
2024014590,2024-03-15,여자,30 - 39세,인천광역시,모바일거래,신유형상품권,청약철회
2024014591,2024-03-15,남자,20 - 29세,충청북도,국내온라인거래,인터넷교육서비스,계약해제.해지/위약금
2024014592,2024-03-15,여자,20 - 29세,경상남도,일반판매,치과,품질(물품/용역)
2024014593,2024-03-15,남자,30 - 39세,경상북도,국내온라인거래,항공여객운송서비스,청약철회
2024014595,2024-03-15,남자,60 - 64세,대전광역시,일반판매,자동차대여(렌트),계약해제.해지/위약금
2024014596,2024-03-15,여자,40 - 49세,경기도,국내온라인거래,신유형상품권,약관
2024014597,2024-03-15,남자,20 - 29세,경기도,국내온라인거래,전지,청약철회
2024014599,2024-03-15,여자,50 - 59세,경상남도,일반판매,기타이·미용서비스,계약불이행(불완전이행)
2024014600,2024-03-15,남자,30 - 39세,경기도,일반판매,예식서비스,계약해제.해지/위약금
2024014601,2024-03-15,여자,20 - 29세,광주광역시,일반판매,기타사설강습서비스,계약해제.해지/위약금
2024014602,2024-03-15,남자,50 - 59세,대전광역시,일반판매,도어록,AS불만
2024014603,2024-03-15,여자,20 - 29세,서울특별시,기타통신판매,기타여행,계약불이행(불완전이행)
2024014606,2024-03-15,남자,30 - 39세,서울특별시,일반판매,예식서비스,계약해제.해지/위약금
2024014607,2024-03-15,남자,10 - 19세,서울특별시,일반판매,피부과,계약해제.해지/위약금
2024014608,2024-03-15,여자,40 - 49세,대전광역시,모바일거래,소파,품질(물품/용역)
2024014609,2024-03-15,여자,30 - 39세,서울특별시,일반판매,제습기,계약불이행(불완전이행)
2024014610,2024-03-15,여자,30 - 39세,서울특별시,일반판매,미용서비스,품질(물품/용역)
2024014611,2024-03-15,남자,65 - 69세,서울특별시,모바일거래,인터넷정보이용서비스,계약불이행(불완전이행)
2024014612,2024-03-15,남자,60 - 64세,전라북도,기타,치과,품질(물품/용역)
2024014702,2024-03-15,여자,70 - 79세,부산광역시,일반판매,기타의료용구,품질(물품/용역)
2024014703,2024-03-15,여자,40 - 49세,경기도,국내온라인거래,부업알선,계약해제.해지/위약금
2024014801,2024-03-15,남자,20 - 29세,서울특별시,일반판매,헬스장,계약해제.해지/위약금
2024014802,2024-03-15,여자,20 - 29세,충청북도,기타통신판매,호텔,계약해제.해지/위약금
2024014901,2024-03-15,남자,40 - 49세,서울특별시,국내온라인거래,텐트,품질(물품/용역)
2024014902,2024-03-15,남자,20 - 29세,서울특별시,방문판매,헬스장,계약해제.해지/위약금
2024014903,2024-03-15,남자,30 - 39세,인천광역시,일반판매,스마트폰,품질(물품/용역)
2024014904,2024-03-15,남자,20 - 29세,충청남도,일반판매,헬스장,계약해제.해지/위약금
2024014905,2024-03-15,남자,40 - 49세,전라북도,국내온라인거래,프린터,AS불만
2024014906,2024-03-15,여자,40 - 49세,서울특별시,국내온라인거래,캐주얼바지,청약철회
2024014907,2024-03-15,여자,30 - 39세,서울특별시,방문판매,헬스장,계약해제.해지/위약금
2024014908,2024-03-15,여자,30 - 39세,경기도,국제온라인거래,항공여객운송서비스,계약해제.해지/위약금
2024014909,2024-03-15,남자,40 - 49세,광주광역시,일반판매,아파트,품질(물품/용역)
2024014910,2024-03-15,남자,30 - 39세,경상북도,국내온라인거래,침대,부당행위
2024014911,2024-03-15,여자,40 - 49세,서울특별시,국내온라인거래,소독기,청약철회
2024014912,2024-03-15,여자,40 - 49세,부산광역시,모바일거래,숙녀화(구두·부츠 등),품질(물품/용역)
2024014913,2024-03-15,남자,20 - 29세,인천광역시,국내온라인거래,기타사설강습서비스,계약해제.해지/위약금
2024014914,2024-03-15,여자,30 - 39세,대구광역시,국내온라인거래,프린터잉크,청약철회
2024014915,2024-03-15,남자,30 - 39세,경기도,국내온라인거래,오븐류,부당행위
2024014916,2024-03-15,여자,50 - 59세,광주광역시,일반판매,국내결혼중개,계약불이행(불완전이행)
2024014917,2024-03-15,남자,60 - 64세,충청북도,국내온라인거래,국외여행,계약불이행(불완전이행)
2024014918,2024-03-15,남자,30 - 39세,경기도,전화권유판매,건물청소서비스,계약해제.해지/위약금
2024014919,2024-03-15,남자,20 - 29세,서울특별시,일반판매,운전강습,계약해제.해지/위약금
2024014920,2024-03-15,여자,40 - 49세,제주도,일반판매,기타알선·중개·번역서비스,계약불이행(불완전이행)
2024014921,2024-03-15,여자,30 - 39세,서울특별시,일반판매,택배화물운송서비스,계약불이행(불완전이행)
2024014922,2024-03-15,남자,20 - 29세,제주도,일반판매,헬스장,계약해제.해지/위약금
2024014923,2024-03-15,여자,60 - 64세,서울특별시,방문판매,필라테스,계약불이행(불완전이행)
2024014924,2024-03-15,남자,65 - 69세,서울특별시,일반판매,변호서비스,계약불이행(불완전이행)
2024014925,2024-03-15,여자,20 - 29세,서울특별시,국내온라인거래,기타문화용품,청약철회
2024014926,2024-03-15,남자,40 - 49세,경기도,일반판매,신사복세트,품질(물품/용역)
2024014927,2024-03-15,남자,30 - 39세,경기도,국내온라인거래,미분류컨설팅(자문),청약철회
2024014928,2024-03-15,여자,40 - 49세,강원특별자치도,국내온라인거래,항공여객운송서비스,계약해제.해지/위약금
2024014929,2024-03-15,남자,65 - 69세,서울특별시,일반판매,아파트,품질(물품/용역)
2024014930,2024-03-15,여자,20 - 29세,인천광역시,국내온라인거래,기타사설강습서비스,청약철회
2024014931,2024-03-15,여자,30 - 39세,서울특별시,일반판매,가사도우미,계약해제.해지/위약금
2024014932,2024-03-15,여자,70 - 79세,서울특별시,일반판매,이동전화서비스,계약불이행(불완전이행)
2024014933,2024-03-15,여자,40 - 49세,경기도,국내온라인거래,펜션,청약철회
2024014934,2024-03-15,여자,20 - 29세,서울특별시,국내온라인거래,초음파방충기,품질(물품/용역)
2024014935,2024-03-15,남자,40 - 49세,경기도,국내온라인거래,기타미분류서비스,부당행위
2024014936,2024-03-15,남자,30 - 39세,경기도,국내온라인거래,비타민제,부당행위
2024014937,2024-03-15,여자,40 - 49세,경기도,일반판매,기타세탁서비스,품질(물품/용역)
2024014938,2024-03-15,남자,40 - 49세,경기도,국내온라인거래,전기세탁기,계약불이행(불완전이행)
2024014939,2024-03-15,여자,30 - 39세,서울특별시,국내온라인거래,쇠고기,품질(물품/용역)
2024014940,2024-03-15,여자,40 - 49세,경상북도,기타,인터넷교육서비스,계약해제.해지/위약금
2024014941,2024-03-15,남자,50 - 59세,서울특별시,국내온라인거래,항공여객운송서비스,계약불이행(불완전이행)
2024014942,2024-03-15,남자,40 - 49세,경상남도,일반판매,애완동물기타,계약해제.해지/위약금
2024014943,2024-03-15,남자,30 - 39세,인천광역시,국내온라인거래,이동전화서비스,계약해제.해지/위약금
2024014944,2024-03-15,여자,30 - 39세,울산광역시,국내온라인거래,다이어트식품,청약철회
2024014945,2024-03-15,여자,50 - 59세,대구광역시,모바일거래,기타신변용품,청약철회
2024014946,2024-03-15,여자,40 - 49세,서울특별시,국내온라인거래,기타신발·용품,청약철회
2024014947,2024-03-15,여자,30 - 39세,서울특별시,국내온라인거래,항공여객운송서비스,부당행위
2024014948,2024-03-15,남자,40 - 49세,대구광역시,국내온라인거래,의자,품질(물품/용역)
2024014949,2024-03-15,남자,30 - 39세,경기도,국내온라인거래,항공여객운송서비스,계약해제.해지/위약금
2024014950,2024-03-15,남자,30 - 39세,서울특별시,모바일거래,인터넷교육서비스,계약해제.해지/위약금
2024014951,2024-03-15,남자,30 - 39세,경기도,국내온라인거래,애완동·식물용품,계약불이행(불완전이행)
2024014952,2024-03-15,남자,20 - 29세,강원특별자치도,일반판매,기타미분류서비스,품질(물품/용역)
2024014953,2024-03-15,여자,40 - 49세,부산광역시,국내온라인거래,숙녀화(구두·부츠 등),품질(물품/용역)
2024014954,2024-03-15,여자,30 - 39세,광주광역시,기타,헬스장,계약해제.해지/위약금
2024014955,2024-03-15,여자,30 - 39세,경기도,일반판매,모피·모피의류,품질(물품/용역)
2024014956,2024-03-15,남자,40 - 49세,인천광역시,국내온라인거래,인터넷정보이용서비스,계약불이행(불완전이행)
2024014957,2024-03-15,여자,20 - 29세,경기도,일반판매,기타이·미용서비스,품질(물품/용역)
2024014958,2024-03-15,남자,60 - 64세,강원특별자치도,일반판매,수영장회원권,계약해제.해지/위약금
2024014959,2024-03-15,여자,50 - 59세,경기도,일반판매,기타부동산임대차,계약불이행(불완전이행)
2024014960,2024-03-15,남자,30 - 39세,경기도,일반판매,의상대여(렌트),청약철회
2024014961,2024-03-15,여자,20 - 29세,전라남도,일반판매,헬스장,계약해제.해지/위약금
2024014962,2024-03-15,여자,30 - 39세,경기도,기타,포장이사운송서비스,계약불이행(불완전이행)
2024014963,2024-03-15,남자,40 - 49세,경기도,모바일거래,인터넷게임서비스,청약철회
2024014964,2024-03-15,여자,40 - 49세,서울특별시,기타통신판매,미분류대여(렌트),계약해제.해지/위약금
2024014965,2024-03-15,여자,30 - 39세,경상북도,국내온라인거래,"OTT서비스(넷플릭스,왓챠 등)",계약해제.해지/위약금
2024014966,2024-03-15,여자,60 - 64세,전라북도,일반판매,미용서비스,부당행위
2024014967,2024-03-15,남자,30 - 39세,경기도,일반판매,기타세탁서비스,품질(물품/용역)
2024014968,2024-03-15,여자,30 - 39세,경기도,국내온라인거래,인터넷정보이용서비스,부당행위
2024014969,2024-03-15,남자,30 - 39세,전라북도,기타,가스보일러,AS불만
2024014970,2024-03-15,여자,40 - 49세,경기도,일반판매,기타사설강습서비스,청약철회
2024014971,2024-03-15,남자,40 - 49세,경기도,일반판매,헬스장,약관
2024014972,2024-03-15,여자,40 - 49세,전라남도,기타,인터넷교육서비스,계약해제.해지/위약금
2024014973,2024-03-15,남자,30 - 39세,서울특별시,국내온라인거래,소프트웨어,품질(물품/용역)
2024014974,2024-03-15,남자,50 - 59세,부산광역시,일반판매,항공여객운송서비스,품질(물품/용역)
2024014975,2024-03-15,여자,20 - 29세,서울특별시,모바일거래,외국어강습,계약해제.해지/위약금
2024014976,2024-03-15,여자,10세 미만,서울특별시,일반판매,대리운전,부당행위
2024014977,2024-03-15,여자,40 - 49세,경기도,일반판매,"연회서비스(돌잔치,회갑 등)",계약불이행(불완전이행)
2024014978,2024-03-15,여자,50 - 59세,경기도,일반판매,기타인테리어설비,계약불이행(불완전이행)
2024014979,2024-03-15,남자,10 - 19세,전라북도,방문판매,헬스장,계약해제.해지/위약금
2024014980,2024-03-15,남자,30 - 39세,서울특별시,국내온라인거래,인덕션레인지,계약해제.해지/위약금
2024014981,2024-03-15,여자,20 - 29세,서울특별시,국내온라인거래,기타문화용품,청약철회
2024014982,2024-03-15,여자,30 - 39세,경기도,전화권유판매,피부·체형관리서비스,
2024014983,2024-03-15,여자,50 - 59세,제주도,일반판매,IPTV,계약해제.해지/위약금
2024014984,2024-03-15,여자,30 - 39세,경상남도,국내온라인거래,캐주얼바지,품질(물품/용역)
2024014985,2024-03-15,여자,20 - 29세,서울특별시,국제온라인거래,항공여객운송서비스,계약해제.해지/위약금
2024014986,2024-03-15,남자,30 - 39세,인천광역시,기타통신판매,기타통신기기,표시.광고
2024014987,2024-03-15,남자,50 - 59세,인천광역시,국제온라인거래,항공여객운송서비스,부당행위
2024014988,2024-03-15,여자,40 - 49세,경기도,국내온라인거래,캐주얼바지,청약철회
2024014989,2024-03-15,남자,30 - 39세,경기도,소셜커머스(쇼핑),세탁용합성세제,계약해제.해지/위약금
2024014990,2024-03-15,여자,40 - 49세,경상남도,기타통신판매,기타의류·섬유,청약철회
2024014991,2024-03-15,여자,30 - 39세,서울특별시,국내온라인거래,기타가사용품,청약철회
2024014992,2024-03-15,남자,40 - 49세,경기도,모바일거래,모바일게임서비스,청약철회
2024014993,2024-03-15,여자,30 - 39세,서울특별시,국내온라인거래,기타숙박시설,청약철회
2024014994,2024-03-15,남자,40 - 49세,서울특별시,일반판매,국내결혼중개,계약불이행(불완전이행)
2024014995,2024-03-15,남자,50 - 59세,서울특별시,일반판매,바닥재·마루공사,AS불만
2024014996,2024-03-15,남자,40 - 49세,경기도,일반판매,이동전화서비스,가격.요금
2024014997,2024-03-15,여자,40 - 49세,경기도,국내온라인거래,항공여객운송서비스,계약불이행(불완전이행)
2024014998,2024-03-15,여자,20 - 29세,인천광역시,국내온라인거래,기타서적음반류,품질(물품/용역)
2024014999,2024-03-15,여자,30 - 39세,경기도,일반판매,골프회원권,계약해제.해지/위약금
2024015000,2024-03-15,여자,30 - 39세,경상남도,기타통신판매,기타의류·섬유,청약철회
2024015001,2024-03-15,여자,30 - 39세,서울특별시,국내온라인거래,기타의류·섬유,계약불이행(불완전이행)
2024015101,2024-03-16,여자,40 - 49세,서울특별시,국내온라인거래,항공여객운송서비스,계약불이행(불완전이행)
2024015102,2024-03-16,여자,30 - 39세,서울특별시,일반판매,필라테스,계약해제.해지/위약금
2024015103,2024-03-16,남자,20 - 29세,충청북도,국내온라인거래,인터넷게임서비스,계약불이행(불완전이행)
2024015104,2024-03-16,남자,60 - 64세,서울특별시,일반판매,안경·안경테,거래관행
2024015105,2024-03-16,남자,40 - 49세,강원특별자치도,방문판매,콘도회원권,청약철회
2024015106,2024-03-16,여자,40 - 49세,울산광역시,일반판매,반포장이사운송서비스,계약불이행(불완전이행)
2024015107,2024-03-16,남자,30 - 39세,울산광역시,국내온라인거래,기타컴퓨터·주변기기,계약불이행(불완전이행)
2024015108,2024-03-16,여자,30 - 39세,경기도,모바일거래,기타문화·오락시설이용,계약해제.해지/위약금
2024015109,2024-03-16,남자,60 - 64세,서울특별시,국내온라인거래,가전제품(할부금융),청약철회
2024015110,2024-03-16,남자,30 - 39세,서울특별시,국제온라인거래,여자용한복,계약불이행(불완전이행)
2024015201,2024-03-17,여자,50 - 59세,경기도,국내온라인거래,국내여행,품질(물품/용역)
2024015202,2024-03-17,남자,30 - 39세,서울특별시,일반판매,포장이사운송서비스,품질(물품/용역)
2024015203,2024-03-17,여자,50 - 59세,경상북도,모바일거래,기타의류·섬유,청약철회
2024015204,2024-03-17,여자,10 - 19세,경기도,국내온라인거래,기타취미용품,품질(물품/용역)
2024015205,2024-03-17,남자,30 - 39세,서울특별시,일반판매,결혼준비대행서비스,계약해제.해지/위약금
2024015206,2024-03-17,여자,40 - 49세,세종특별자치시,일반판매,의자,AS불만
2024015207,2024-03-17,남자,40 - 49세,경상남도,모바일거래,모바일게임서비스,부당행위
2024015208,2024-03-17,여자,30 - 39세,경기도,일반판매,기타이·미용서비스,계약해제.해지/위약금
2024015209,2024-03-17,여자,30 - 39세,경기도,모바일거래,향수,계약불이행(불완전이행)
2024015210,2024-03-17,남자,60 - 64세,경상남도,모바일거래,게,품질(물품/용역)
2024015211,2024-03-17,여자,20 - 29세,서울특별시,모바일거래,기타문화·오락시설이용,계약불이행(불완전이행)
2024015212,2024-03-17,남자,40 - 49세,경기도,모바일거래,기타숙박시설,계약불이행(불완전이행)
2024015213,2024-03-17,여자,20 - 29세,경기도,일반판매,헬스장,계약해제.해지/위약금
2024015214,2024-03-17,남자,30 - 39세,광주광역시,방문판매,헬스장,계약해제.해지/위약금
2024015215,2024-03-17,여자,20 - 29세,경기도,국내온라인거래,기타의류·섬유,청약철회
2024015216,2024-03-17,여자,20 - 29세,경기도,일반판매,필라테스,계약해제.해지/위약금
2024015217,2024-03-17,남자,30 - 39세,제주도,국내온라인거래,,계약불이행(불완전이행)
2024015218,2024-03-17,남자,30 - 39세,경상남도,전화권유판매,국내결혼중개,품질(물품/용역)
2024015219,2024-03-15,여자,30 - 39세,서울특별시,국제온라인거래,항공여객운송서비스,계약해제.해지/위약금
2024015220,2024-03-18,여자,50 - 59세,경기도,국내온라인거래,호텔,청약철회
2024015221,2024-03-18,여자,50 - 59세,세종특별자치시,국내온라인거래,기타의류·섬유,청약철회
2024015222,2024-03-18,여자,20 - 29세,부산광역시,일반판매,애완견,계약해제.해지/위약금
2024015223,2024-03-18,여자,30 - 39세,서울특별시,소셜커머스(쇼핑),애완동·식물용품,품질(물품/용역)
2024015224,2024-03-18,여자,(미입력),경기도,모바일거래,자동차대여(렌트),계약불이행(불완전이행)
2024015225,2024-03-18,남자,30 - 39세,경기도,일반판매,예식서비스,계약해제.해지/위약금
2024015226,2024-03-18,여자,65 - 69세,부산광역시,일반판매,공제보험,계약불이행(불완전이행)
2024015228,2024-03-18,남자,50 - 59세,경상남도,일반판매,주전자,품질(물품/용역)
2024015229,2024-03-18,여자,50 - 59세,세종특별자치시,일반판매,기타의료서비스,품질(물품/용역)
2024015230,2024-03-18,남자,50 - 59세,서울특별시,방문판매,건강(암·기타질병)보험,부당행위
2024015231,2024-03-18,여자,20 - 29세,강원특별자치도,기타,"연회서비스(돌잔치,회갑 등)",계약해제.해지/위약금
2024015232,2024-03-18,남자,20 - 29세,경기도,기타,신유형상품권,약관
2024015233,2024-03-18,여자,20 - 29세,충청북도,국제온라인거래,호텔,계약해제.해지/위약금
2024015234,2024-03-18,여자,20 - 29세,서울특별시,국내온라인거래,각종공연관람,품질(물품/용역)
2024015235,2024-03-18,남자,65 - 69세,경상북도,일반판매,전기세탁기,품질(물품/용역)
2024015236,2024-03-18,남자,40 - 49세,경기도,모바일거래,냉장고,부당행위
2024015237,2024-03-18,남자,20 - 29세,충청남도,일반판매,자동차주차장,계약불이행(불완전이행)
2024015239,2024-03-18,남자,50 - 59세,(미입력),일반판매,기타병·의원서비스,품질(물품/용역)
2024015240,2024-03-18,남자,40 - 49세,경기도,일반판매,중형승용자동차,거래관행
2024015241,2024-03-18,여자,30 - 39세,서울특별시,일반판매,상가·오피스텔임대차,계약해제.해지/위약금
2024015242,2024-03-18,남자,50 - 59세,광주광역시,국내온라인거래,국외여행,부당행위
2024015243,2024-03-18,여자,20 - 29세,인천광역시,일반판매,피부·체형관리서비스,계약해제.해지/위약금
2024015244,2024-03-18,남자,30 - 39세,대전광역시,일반판매,스마트폰,AS불만
2024015245,2024-03-21,남자,40 - 49세,대전광역시,일반판매,모자,품질(물품/용역)
2024015246,2024-03-18,남자,50 - 59세,경기도,기타,유사투자자문,계약불이행(불완전이행)
2024015247,2024-03-18,남자,30 - 39세,광주광역시,국제온라인거래,기타자동차부품,계약해제.해지/위약금
2024015248,2024-03-18,남자,20 - 29세,서울특별시,국내온라인거래,여관(모텔),청약철회
2024015249,2024-03-18,남자,40 - 49세,경기도,모바일거래,카셰어링,계약해제.해지/위약금
2024015251,2024-03-18,남자,40 - 49세,경기도,국내온라인거래,기타미분류서비스,계약불이행(불완전이행)
2024015252,2024-03-18,여자,50 - 59세,충청북도,기타,내과,품질(물품/용역)
2024015253,2024-03-18,여자,20 - 29세,대전광역시,국내온라인거래,여자용한복,청약철회
2024015254,2024-03-21,여자,40 - 49세,경기도,국내온라인거래,코트,청약철회
2024015255,2024-03-18,남자,60 - 64세,인천광역시,모바일거래,자동차대여(렌트),계약불이행(불완전이행)
2024015256,2024-03-18,남자,40 - 49세,대구광역시,일반판매,내과,품질(물품/용역)
2024015257,2024-03-18,여자,20 - 29세,경기도,일반판매,중형승용자동차,AS불만
2024015258,2024-03-21,여자,40 - 49세,경기도,일반판매,양복(서양식 의복)세탁,품질(물품/용역)
2024015259,2024-03-18,여자,40 - 49세,울산광역시,일반판매,피부·체형관리서비스,계약해제.해지/위약금
2024015260,2024-03-18,여자,40 - 49세,충청남도,국내온라인거래,기타가방,표시.광고
2024015261,2024-03-18,여자,65 - 69세,경기도,일반판매,소파,품질(물품/용역)
2024015262,2024-03-18,남자,50 - 59세,경기도,국내온라인거래,숙녀화(구두·부츠 등),청약철회
2024015263,2024-03-18,남자,20 - 29세,충청남도,모바일거래,신유형상품권,거래관행
2024015265,2024-03-18,남자,30 - 39세,경상남도,기타통신판매,유사투자자문,청약철회
2024015267,2024-03-18,여자,50 - 59세,경기도,일반판매,미용서비스,계약해제.해지/위약금
2024015268,2024-03-21,여자,40 - 49세,울산광역시,일반판매,점퍼·재킷류,품질(물품/용역)
2024015269,2024-03-18,여자,20 - 29세,경기도,모바일거래,카셰어링,품질(물품/용역)
2024015270,2024-03-18,여자,40 - 49세,(미입력),국내온라인거래,버너,청약철회
2024015271,2024-03-18,여자,50 - 59세,(미입력),일반판매,정수기대여(렌트),계약불이행(불완전이행)
2024015272,2024-03-18,여자,20 - 29세,대구광역시,일반판매,고시원이용,계약해제.해지/위약금
2024015273,2024-03-18,남자,70 - 79세,경기도,일반판매,화장실설비,품질(물품/용역)
2024015274,2024-03-18,여자,50 - 59세,대전광역시,일반판매,필라테스,계약해제.해지/위약금
2024015276,2024-03-18,남자,50 - 59세,경상북도,기타,자동차수리·점검,계약불이행(불완전이행)
2024015277,2024-03-18,남자,65 - 69세,경상남도,기타,건강(암·기타질병)보험,계약불이행(불완전이행)
2024015278,2024-03-27,여자,30 - 39세,경기도,일반판매,양복(서양식 의복)세탁,품질(물품/용역)
2024015279,2024-03-21,남자,40 - 49세,경상남도,일반판매,양복(서양식 의복)세탁,품질(물품/용역)
2024015281,2024-03-18,남자,50 - 59세,제주도,일반판매,안마의자,품질(물품/용역)
2024015283,2024-03-18,여자,30 - 39세,서울특별시,방문판매,일반강습(입시학원등),계약해제.해지/위약금
2024015284,2024-03-18,남자,70 - 79세,대구광역시,일반판매,자동차수리·점검,품질(물품/용역)
2024015285,2024-03-27,남자,40 - 49세,경기도,일반판매,점퍼·재킷류,품질(물품/용역)
2024015286,2024-03-18,여자,40 - 49세,제주도,일반판매,초·중·고등학교,계약해제.해지/위약금
2024015287,2024-03-18,남자,30 - 39세,경기도,일반판매,예식서비스,계약해제.해지/위약금
2024015288,2024-03-18,남자,30 - 39세,경기도,일반판매,결혼준비대행서비스,계약해제.해지/위약금
2024015289,2024-03-18,남자,불명,인천광역시,국내온라인거래,영어자격(능력)시험,표시.광고
2024015291,2024-03-18,남자,불명,울산광역시,국내온라인거래,기타조명기기,계약불이행(불완전이행)
2024015292,2024-03-22,여자,40 - 49세,서울특별시,일반판매,핸드백,품질(물품/용역)
2024015293,2024-03-27,여자,50 - 59세,서울특별시,일반판매,양복(서양식 의복)세탁,품질(물품/용역)
2024015294,2024-03-18,남자,70 - 79세,인천광역시,국내온라인거래,기타가구,청약철회
2024015295,2024-03-18,여자,40 - 49세,경기도,국내온라인거래,사과,품질(물품/용역)
2024015296,2024-03-18,남자,40 - 49세,경기도,일반판매,CCTV,거래관행
2024015297,2024-03-21,여자,20 - 29세,대전광역시,기타통신판매,니트(스웨터),품질(물품/용역)
2024015298,2024-03-18,여자,30 - 39세,(미입력),국내온라인거래,숙녀화(구두·부츠 등),계약해제.해지/위약금
2024015299,2024-03-21,남자,20 - 29세,서울특별시,일반판매,양복(서양식 의복)세탁,품질(물품/용역)
2024015301,2024-03-18,여자,20 - 29세,경기도,국내온라인거래,인쇄서비스,계약불이행(불완전이행)
2024015302,2024-03-18,여자,30 - 39세,서울특별시,국내온라인거래,헤드폰·이어폰,청약철회
2024015303,2024-03-18,남자,40 - 49세,경기도,국내온라인거래,중고자동차중개·매매,품질(물품/용역)
2024015304,2024-03-18,남자,60 - 64세,서울특별시,전화권유판매,인터넷정보이용서비스,계약해제.해지/위약금
2024015305,2024-03-18,남자,70 - 79세,부산광역시,방문판매,아파트,계약해제.해지/위약금
2024015306,2024-03-18,여자,40 - 49세,서울특별시,전화권유판매,방문교육,계약해제.해지/위약금
2024015307,2024-03-18,남자,30 - 39세,서울특별시,국내온라인거래,기타통신기기,계약불이행(불완전이행)
2024015308,2024-03-18,여자,20 - 29세,강원특별자치도,기타,각종자격취득강습,부당행위
2024015311,2024-03-27,여자,20 - 29세,서울특별시,모바일거래,신발세탁,계약불이행(불완전이행)
2024015312,2024-03-27,여자,50 - 59세,경기도,기타통신판매,숙녀화(구두·부츠 등),품질(물품/용역)
2024015313,2024-03-18,남자,30 - 39세,경기도,모바일거래,모바일게임서비스,청약철회
2024015314,2024-03-18,여자,30 - 39세,서울특별시,국내온라인거래,숙녀화(구두·부츠 등),청약철회
2024015315,2024-03-18,여자,80세이상,서울특별시,일반판매,보청기,계약해제.해지/위약금
2024015316,2024-03-18,여자,50 - 59세,경기도,국내온라인거래,애완동·식물용품,청약철회
2024015318,2024-03-18,남자,30 - 39세,경기도,국내온라인거래,LED램프,계약불이행(불완전이행)
2024015320,2024-03-18,여자,50 - 59세,경기도,국내온라인거래,오토바이,계약불이행(불완전이행)
2024015322,2024-03-18,여자,65 - 69세,경상남도,방문판매,소파,품질(물품/용역)
2024015323,2024-03-29,남자,30 - 39세,경기도,국내온라인거래,운동화,품질(물품/용역)
2024015324,2024-03-18,남자,30 - 39세,서울특별시,국내온라인거래,각종쿠폰류(무료통화권포함),부당행위
2024015326,2024-03-18,여자,40 - 49세,경상남도,방문판매,상조서비스,계약해제.해지/위약금
2024015327,2024-03-21,여자,40 - 49세,부산광역시,국내온라인거래,티셔츠,품질(물품/용역)
2024015329,2024-03-27,여자,50 - 59세,서울특별시,일반판매,점퍼·재킷류,품질(물품/용역)
2024015330,2024-03-29,여자,50 - 59세,경기도,일반판매,신사화(구두·부츠 등),품질(물품/용역)
2024015331,2024-03-18,여자,20 - 29세,경기도,일반판매,치과,계약불이행(불완전이행)
2024015332,2024-03-18,여자,30 - 39세,대전광역시,일반판매,피부과,계약해제.해지/위약금
2024015333,2024-03-18,남자,50 - 59세,경상북도,국내온라인거래,중고자동차중개·매매,계약해제.해지/위약금
2024015334,2024-03-29,여자,40 - 49세,경기도,일반판매,운동화,품질(물품/용역)
2024015335,2024-03-18,여자,40 - 49세,서울특별시,국내온라인거래,신용카드,부당채권추심
2024015336,2024-03-27,여자,40 - 49세,경기도,일반판매,학생용가방,품질(물품/용역)
2024015338,2024-03-18,여자,40 - 49세,서울특별시,기타,성형외과,계약해제.해지/위약금
2024015340,2024-03-21,여자,50 - 59세,경기도,일반판매,양복(서양식 의복)세탁,품질(물품/용역)
2024015341,2024-03-18,여자,30 - 39세,제주도,국내온라인거래,기타건강식품,청약철회
2024015342,2024-03-18,여자,65 - 69세,세종특별자치시,기타통신판매,미분류대여(렌트),계약해제.해지/위약금
2024015343,2024-03-18,남자,60 - 64세,경기도,국내온라인거래,기타육류·육류가공식품,표시.광고
2024015344,2024-03-18,남자,30 - 39세,인천광역시,일반판매,기타예식관련서비스,계약불이행(불완전이행)
2024015345,2024-03-18,여자,40 - 49세,서울특별시,일반판매,기타세탁서비스,품질(물품/용역)
2024015346,2024-03-18,여자,30 - 39세,서울특별시,일반판매,미분류컨설팅(자문),계약불이행(불완전이행)
2024015347,2024-03-18,여자,30 - 39세,경기도,일반판매,기타모피·가죽의류,품질(물품/용역)
2024015348,2024-03-18,여자,40 - 49세,경기도,모바일거래,인터넷정보이용서비스,부당행위
2024015349,2024-03-18,남자,20 - 29세,서울특별시,국내온라인거래,인터넷정보이용서비스,단순문의.상담
2024015350,2024-03-18,남자,30 - 39세,대전광역시,일반판매,TV,품질(물품/용역)
2024015351,2024-03-18,여자,50 - 59세,인천광역시,전화권유판매,인터넷교육서비스,계약해제.해지/위약금
2024015352,2024-03-18,여자,30 - 39세,경기도,국내온라인거래,니트(스웨터),청약철회
2024015353,2024-03-18,여자,20 - 29세,경기도,일반판매,기타이·미용서비스,계약해제.해지/위약금
2024015354,2024-03-18,여자,20 - 29세,서울특별시,일반판매,미용서비스,청약철회
2024015355,2024-03-18,여자,50 - 59세,경기도,국내온라인거래,기타의류·섬유,청약철회
2024015356,2024-03-18,남자,30 - 39세,인천광역시,전화권유판매,인터넷정보이용서비스,계약불이행(불완전이행)
2024015357,2024-03-18,여자,20 - 29세,서울특별시,모바일거래,모바일정보이용서비스,청약철회
2024015358,2024-03-18,여자,30 - 39세,서울특별시,국내온라인거래,기타보건·위생용품,계약해제.해지/위약금
2024015359,2024-03-18,여자,50 - 59세,충청남도,일반판매,음식물처리기대여(렌트),AS불만
2024015360,2024-03-18,남자,50 - 59세,충청북도,기타,스포츠웨어,품질(물품/용역)
2024015361,2024-03-18,여자,20 - 29세,전라북도,일반판매,독서실이용,계약해제.해지/위약금
2024015362,2024-03-18,남자,20 - 29세,서울특별시,국제온라인거래,기타주류,품질(물품/용역)
2024015363,2024-03-18,남자,40 - 49세,충청남도,국내온라인거래,이불·요,계약해제.해지/위약금
2024015364,2024-03-18,남자,40 - 49세,경기도,일반판매,점퍼·재킷류,청약철회
2024015365,2024-03-18,여자,40 - 49세,인천광역시,일반판매,영업용기계,청약철회
2024015366,2024-03-18,여자,40 - 49세,울산광역시,일반판매,식기세척기,AS불만
2024015367,2024-03-18,남자,20 - 29세,부산광역시,모바일거래,인터넷정보이용서비스,계약해제.해지/위약금
2024015368,2024-03-18,여자,20 - 29세,경기도,국내온라인거래,전기맛사지기,품질(물품/용역)
2024015369,2024-03-18,남자,60 - 64세,충청북도,TV홈쇼핑,전기면도기,안전(제품/시설)
2024015370,2024-03-18,여자,30 - 39세,인천광역시,방문판매,피부·체형관리서비스,계약해제.해지/위약금
2024015371,2024-03-18,여자,40 - 49세,강원특별자치도,국제온라인거래,점퍼·재킷류,계약불이행(불완전이행)
2024015372,2024-03-18,여자,40 - 49세,서울특별시,국내온라인거래,세무,계약불이행(불완전이행)
2024015373,2024-03-18,여자,20 - 29세,전라북도,일반판매,기타세탁서비스,단순문의.상담
2024015374,2024-03-18,남자,50 - 59세,광주광역시,국내온라인거래,가스보일러,품질(물품/용역)
2024015375,2024-03-18,남자,30 - 39세,서울특별시,일반판매,신사복세트,계약해제.해지/위약금
2024015376,2024-03-18,여자,20 - 29세,경기도,기타,헬스장,계약해제.해지/위약금
2024015377,2024-03-18,여자,20 - 29세,서울특별시,국내온라인거래,캐주얼바지,청약철회
2024015378,2024-03-18,남자,20 - 29세,울산광역시,모바일거래,모바일게임서비스,청약철회
2024015379,2024-03-18,남자,20 - 29세,경기도,일반판매,일반강습(입시학원등),계약해제.해지/위약금
2024015380,2024-03-18,여자,30 - 39세,인천광역시,일반판매,식탁,품질(물품/용역)
2024015381,2024-03-18,남자,40 - 49세,대구광역시,일반판매,가구세트,계약해제.해지/위약금
2024015382,2024-03-18,여자,20 - 29세,경기도,일반판매,헬스장,계약해제.해지/위약금
2024015383,2024-03-18,여자,40 - 49세,강원특별자치도,일반판매,미용서비스,계약해제.해지/위약금
2024015384,2024-03-18,여자,20 - 29세,서울특별시,국내온라인거래,호텔,청약철회
2024015385,2024-03-18,남자,40 - 49세,인천광역시,기타,침대·매트리스대여(렌트),품질(물품/용역)
2024015386,2024-03-18,남자,20 - 29세,광주광역시,일반판매,헬스장,계약해제.해지/위약금
2024015387,2024-03-18,여자,40 - 49세,경기도,국내온라인거래,기타의류·섬유,표시.광고
2024015388,2024-03-18,여자,20 - 29세,경상남도,국내온라인거래,캐주얼바지,청약철회
2024015389,2024-03-18,남자,40 - 49세,서울특별시,국내온라인거래,저울,품질(물품/용역)
2024015390,2024-03-18,여자,40 - 49세,경기도,방문판매,필라테스,계약해제.해지/위약금
2024015391,2024-03-18,여자,40 - 49세,전라북도,국내온라인거래,기타가구,청약철회
2024015392,2024-03-18,여자,50 - 59세,경기도,국내온라인거래,화장품세트,계약해제.해지/위약금
2024015393,2024-03-18,남자,20 - 29세,경기도,모바일거래,이동전화서비스,부당행위
2024015394,2024-03-18,여자,40 - 49세,경기도,국내온라인거래,숙녀복세트,표시.광고
2024015395,2024-03-18,여자,40 - 49세,서울특별시,모바일거래,모바일정보이용서비스,청약철회
2024015396,2024-03-18,남자,30 - 39세,충청남도,방문판매,레저·이벤트회원권,계약해제.해지/위약금
2024015397,2024-03-18,남자,30 - 39세,서울특별시,일반판매,고시원이용,계약해제.해지/위약금
2024015398,2024-03-18,남자,20 - 29세,광주광역시,방문판매,헬스장,계약해제.해지/위약금
2024015399,2024-03-18,여자,20 - 29세,인천광역시,일반판매,일반강습(입시학원등),청약철회
2024015400,2024-03-18,남자,20 - 29세,서울특별시,국내온라인거래,인터넷교육서비스,청약철회
2024015401,2024-03-18,여자,20 - 29세,서울특별시,국내온라인거래,니트(스웨터),청약철회
2024015402,2024-03-18,여자,20 - 29세,강원특별자치도,국내온라인거래,인쇄서비스,청약철회
2024015403,2024-03-18,여자,30 - 39세,부산광역시,국내온라인거래,각종공연관람,청약철회
2024015404,2024-03-18,남자,30 - 39세,경상북도,국제온라인거래,모바일정보이용서비스,부당행위
2024015405,2024-03-18,남자,20 - 29세,경기도,소셜커머스(쇼핑),소프트웨어,계약불이행(불완전이행)
2024015406,2024-03-18,여자,20 - 29세,경기도,국제온라인거래,항공여객운송서비스,계약해제.해지/위약금
2024015407,2024-03-18,여자,40 - 49세,경기도,TV홈쇼핑,음식물처리기대여(렌트),계약해제.해지/위약금
2024015408,2024-03-18,여자,20 - 29세,서울특별시,국내온라인거래,호텔,계약해제.해지/위약금
2024015409,2024-03-18,여자,50 - 59세,서울특별시,일반판매,스마트폰,품질(물품/용역)
2024015410,2024-03-18,여자,20 - 29세,대구광역시,국내온라인거래,결혼준비대행서비스,계약해제.해지/위약금
2024015411,2024-03-18,남자,65 - 69세,광주광역시,방문판매,기타매체광고,가격.요금
2024015412,2024-03-18,여자,30 - 39세,경기도,국내온라인거래,세탁용합성세제,계약불이행(불완전이행)
2024015413,2024-03-18,여자,30 - 39세,경기도,국내온라인거래,매트,품질(물품/용역)
2024015414,2024-03-18,남자,30 - 39세,인천광역시,국내온라인거래,기타방문·통신교육서비스,계약불이행(불완전이행)
2024015415,2024-03-18,남자,30 - 39세,전라북도,일반판매,예식서비스,계약해제.해지/위약금
2024015416,2024-03-18,여자,40 - 49세,부산광역시,기타,기타미분류서비스,안전(제품/시설)
2024015417,2024-03-18,여자,20 - 29세,서울특별시,국제온라인거래,기타숙박시설,계약해제.해지/위약금
2024015418,2024-03-18,남자,70 - 79세,경기도,국내온라인거래,기타방문·통신교육서비스,
2024015419,2024-03-18,여자,65 - 69세,전라남도,일반판매,기름보일러,AS불만
2024015420,2024-03-18,여자,20 - 29세,부산광역시,국내온라인거래,영화관람,계약불이행(불완전이행)
2024015421,2024-03-18,남자,30 - 39세,서울특별시,모바일거래,위스키,안전(제품/시설)
2024015422,2024-03-18,남자,50 - 59세,부산광역시,국내온라인거래,기타여행,계약해제.해지/위약금
2024015423,2024-03-18,여자,30 - 39세,서울특별시,일반판매,기타방문·통신교육서비스,계약해제.해지/위약금
2024015424,2024-03-18,여자,40 - 49세,대구광역시,일반판매,메이크업강습,계약해제.해지/위약금
2024015425,2024-03-18,여자,20 - 29세,서울특별시,국내온라인거래,일반이사운송서비스,부당행위
2024015426,2024-03-18,여자,50 - 59세,서울특별시,일반판매,소파,청약철회
2024015427,2024-03-18,남자,40 - 49세,인천광역시,국내온라인거래,키보드,품질(물품/용역)
2024015428,2024-03-18,남자,50 - 59세,서울특별시,일반판매,기타이·미용서비스,품질(물품/용역)
2024015429,2024-03-18,여자,30 - 39세,인천광역시,모바일거래,식사배달,청약철회
2024015430,2024-03-18,여자,40 - 49세,서울특별시,방문판매,영화관람,품질(물품/용역)
2024015431,2024-03-18,여자,30 - 39세,대전광역시,소셜커머스(쇼핑),기타의류·섬유,청약철회
2024015432,2024-03-18,남자,60 - 64세,경기도,국내온라인거래,욕실설비,품질(물품/용역)
2024015433,2024-03-18,여자,40 - 49세,서울특별시,기타,룸에어컨,AS불만
2024015434,2024-03-18,여자,40 - 49세,인천광역시,모바일거래,모바일게임서비스,청약철회
2024015435,2024-03-18,남자,40 - 49세,서울특별시,기타통신판매,음식물처리기대여(렌트),AS불만
2024015436,2024-03-18,여자,40 - 49세,경기도,국내온라인거래,인터넷교육서비스,계약해제.해지/위약금
2024015437,2024-03-18,남자,40 - 49세,경기도,소셜커머스(쇼핑),스마트폰,부당행위
2024015438,2024-03-18,남자,20 - 29세,경기도,,기타숙박시설,
2024015439,2024-03-18,여자,30 - 39세,인천광역시,국내온라인거래,쇠고기,청약철회
2024015440,2024-03-18,여자,30 - 39세,경기도,일반판매,헬스장,계약해제.해지/위약금
2024015441,2024-03-18,남자,30 - 39세,서울특별시,국내온라인거래,스포츠관람,청약철회
2024015442,2024-03-18,여자,30 - 39세,충청북도,일반판매,헬스장,계약해제.해지/위약금
2024015443,2024-03-19,여자,50 - 59세,대구광역시,일반판매,헬스장,계약해제.해지/위약금
2024015444,2024-03-19,여자,50 - 59세,서울특별시,일반판매,이동전화서비스,계약불이행(불완전이행)
2024015445,2024-03-19,여자,40 - 49세,세종특별자치시,일반판매,전기자전거,AS불만
2024015446,2024-03-19,남자,30 - 39세,경기도,일반판매,상품권,약관
2024015447,2024-03-19,여자,50 - 59세,광주광역시,일반판매,중형승용자동차,AS불만
2024015448,2024-03-19,남자,50 - 59세,경기도,노상판매,전동킥보드,부당행위
2024015449,2024-03-19,남자,40 - 49세,경기도,일반판매,자동차대여(렌트),계약불이행(불완전이행)
2024015451,2024-03-19,남자,40 - 49세,인천광역시,국내온라인거래,기타자동차부품,청약철회
2024015452,2024-03-19,남자,65 - 69세,서울특별시,국내온라인거래,자동차대여(렌트),계약불이행(불완전이행)
2024015454,2024-03-19,여자,40 - 49세,경기도,국내온라인거래,소파,품질(물품/용역)
2024015455,2024-03-19,남자,40 - 49세,대전광역시,일반판매,기타이·미용기구,청약철회
2024015456,2024-03-19,남자,40 - 49세,서울특별시,모바일거래,신유형상품권,계약해제.해지/위약금
2024015457,2024-03-19,남자,30 - 39세,경기도,일반판매,미용서비스,계약해제.해지/위약금
2024015458,2024-03-19,남자,40 - 49세,경기도,기타통신판매,도배공사,AS불만
2024015459,2024-03-29,여자,60 - 64세,서울특별시,일반판매,기타신발·용품,품질(물품/용역)
2024015461,2024-03-19,남자,(미입력),부산광역시,모바일거래,자동차주차장,부당행위
2024015462,2024-03-19,여자,40 - 49세,서울특별시,국내온라인거래,TV,AS불만
2024015463,2024-03-19,여자,30 - 39세,경기도,일반판매,자동차주차장,계약불이행(불완전이행)
2024015464,2024-03-19,여자,40 - 49세,서울특별시,일반판매,이동전화서비스,거래관행
2024015465,2024-03-19,남자,30 - 39세,경기도,전화권유판매,초고속인터넷,계약불이행(불완전이행)
2024015466,2024-03-19,남자,20 - 29세,서울특별시,일반판매,헬스장,계약해제.해지/위약금
2024015467,2024-03-19,여자,30 - 39세,부산광역시,일반판매,이동전화서비스,계약불이행(불완전이행)
2024015470,2024-03-19,여자,30 - 39세,인천광역시,일반판매,각종자격취득강습,계약해제.해지/위약금
2024015474,2024-03-19,남자,30 - 39세,경기도,기타,영화관람,부당행위
2024015475,2024-03-19,여자,40 - 49세,경기도,기타통신판매,반포장이사운송서비스,계약불이행(불완전이행)
2024015476,2024-03-19,여자,30 - 39세,경기도,국내온라인거래,기타가사용품,품질(물품/용역)
2024015477,2024-03-19,여자,30 - 39세,서울특별시,일반판매,기타신변용품,품질(물품/용역)
2024015478,2024-03-19,여자,80세이상,서울특별시,전화권유판매,기타여행,계약해제.해지/위약금
2024015479,2024-03-19,여자,50 - 59세,울산광역시,기타,기타세탁서비스,계약불이행(불완전이행)
2024015481,2024-03-19,남자,30 - 39세,서울특별시,일반판매,핸드백,품질(물품/용역)
2024015482,2024-03-19,남자,30 - 39세,경상북도,국내온라인거래,TV대,계약불이행(불완전이행)
2024015483,2024-03-19,여자,40 - 49세,서울특별시,일반판매,이동전화서비스,계약불이행(불완전이행)
2024015485,2024-03-19,여자,50 - 59세,강원특별자치도,모바일거래,코트,계약불이행(불완전이행)
2024015486,2024-03-19,남자,40 - 49세,경기도,국내온라인거래,항공여객운송서비스,청약철회
2024015487,2024-03-19,남자,50 - 59세,경기도,일반판매,실손보험,계약불이행(불완전이행)
2024015488,2024-03-19,남자,70 - 79세,서울특별시,일반판매,비뇨의학과,품질(물품/용역)
2024015489,2024-03-19,여자,65 - 69세,서울특별시,기타통신판매,압력솥,계약불이행(불완전이행)
2024015490,2024-03-19,남자,20 - 29세,경기도,일반판매,자동차대여(렌트),부당행위
2024015491,2024-03-19,여자,20 - 29세,경기도,일반판매,일반강습(입시학원등),계약해제.해지/위약금
2024015492,2024-03-19,여자,30 - 39세,인천광역시,국내온라인거래,숙녀화(구두·부츠 등),청약철회
2024015494,2024-03-19,남자,50 - 59세,서울특별시,방문판매,실손보험,계약불이행(불완전이행)
2024015495,2024-03-19,여자,30 - 39세,경기도,방문판매,국외여행,계약해제.해지/위약금
2024015496,2024-03-19,남자,50 - 59세,경기도,국내온라인거래,비타민제,계약불이행(불완전이행)
2024015497,2024-03-19,여자,40 - 49세,서울특별시,일반판매,여행용가방,계약불이행(불완전이행)
2024015498,2024-03-19,여자,30 - 39세,충청남도,국내온라인거래,애완동·식물용품,거래관행
2024015499,2024-03-29,여자,40 - 49세,경기도,국내온라인거래,운동화,품질(물품/용역)
2024015501,2024-03-19,남자,50 - 59세,충청남도,일반판매,자동차수리·점검,계약불이행(불완전이행)
2024015502,2024-03-19,여자,60 - 64세,강원특별자치도,일반판매,상조서비스,계약해제.해지/위약금
2024015503,2024-03-19,남자,불명,서울특별시,국내온라인거래,기타숙박시설,가격.요금
2024015505,2024-03-19,여자,40 - 49세,경기도,일반판매,숙녀화(구두·부츠 등),청약철회
2024015506,2024-03-19,남자,40 - 49세,서울특별시,모바일거래,비타민제,청약철회
2024015507,2024-03-19,여자,20 - 29세,서울특별시,일반판매,필라테스,계약해제.해지/위약금
2024015508,2024-03-19,여자,20 - 29세,서울특별시,국내온라인거래,외국어강습,계약해제.해지/위약금
2024015509,2024-03-19,남자,65 - 69세,경상남도,일반판매,TV,AS불만
2024015510,2024-03-19,여자,20 - 29세,경기도,국내온라인거래,블라우스,품질(물품/용역)
2024015511,2024-03-19,남자,30 - 39세,광주광역시,기타,정수기대여(렌트),계약불이행(불완전이행)
2024015512,2024-03-19,남자,80세이상,경기도,기타통신판매,우유,계약불이행(불완전이행)
2024015514,2024-03-19,여자,30 - 39세,경기도,일반판매,기타서적음반류,품질(물품/용역)
2024015516,2024-03-19,여자,30 - 39세,경기도,모바일거래,샌들·슬리퍼,품질(물품/용역)
2024015517,2024-03-19,여자,30 - 39세,경기도,일반판매,스마트폰,청약철회
2024015518,2024-03-19,여자,30 - 39세,경기도,일반판매,전자담배,품질(물품/용역)
2024015519,2024-03-19,여자,30 - 39세,서울특별시,일반판매,사진촬영,계약해제.해지/위약금
2024015520,2024-03-19,여자,30 - 39세,경기도,일반판매,모바일정보이용서비스,계약해제.해지/위약금
2024015521,2024-03-19,여자,30 - 39세,전라북도,국내온라인거래,통신기기케이스,계약불이행(불완전이행)
2024015523,2024-03-19,남자,40 - 49세,인천광역시,국제온라인거래,원화예·적금,부당행위
2024015525,2024-03-19,남자,30 - 39세,경상남도,소셜커머스(쇼핑),기타음향기기,품질(물품/용역)
2024015526,2024-03-19,남자,30 - 39세,경기도,국내온라인거래,컴퓨터및주변기기대여(렌트),계약해제.해지/위약금
2024015527,2024-03-19,여자,50 - 59세,충청남도,국내온라인거래,국외여행,계약불이행(불완전이행)
2024015529,2024-03-19,여자,65 - 69세,광주광역시,소셜커머스(쇼핑),가습기,계약불이행(불완전이행)
2024015530,2024-03-19,여자,40 - 49세,서울특별시,일반판매,자동차대여(렌트),부당행위
2024015531,2024-03-29,여자,30 - 39세,인천광역시,일반판매,운동화,품질(물품/용역)
2024015532,2024-03-19,여자,20 - 29세,충청남도,국내온라인거래,항공여객운송서비스,계약불이행(불완전이행)
2024015533,2024-03-19,여자,40 - 49세,서울특별시,방문판매,전등·전구,품질(물품/용역)
2024015534,2024-03-19,여자,50 - 59세,강원특별자치도,모바일거래,티셔츠,청약철회
2024015535,2024-03-19,여자,40 - 49세,서울특별시,기타통신판매,기타사설강습서비스,계약해제.해지/위약금
2024015536,2024-03-19,남자,50 - 59세,세종특별자치시,국내온라인거래,서랍장,계약불이행(불완전이행)
2024015537,2024-03-19,여자,50 - 59세,전라남도,일반판매,냉장고,품질(물품/용역)
2024015538,2024-03-19,남자,30 - 39세,인천광역시,일반판매,미용서비스,품질(물품/용역)
2024015539,2024-03-19,남자,불명,울산광역시,일반판매,달걀,품질(물품/용역)
2024015540,2024-03-19,여자,불명,인천광역시,국내온라인거래,항공여객운송서비스,청약철회
2024015541,2024-03-19,남자,50 - 59세,서울특별시,일반판매,비뇨의학과,품질(물품/용역)
2024015542,2024-03-19,남자,60 - 64세,경기도,일반판매,정형외과,품질(물품/용역)
2024015543,2024-03-19,남자,60 - 64세,(미입력),모바일거래,항공여객운송서비스,품질(물품/용역)
2024015544,2024-03-19,여자,40 - 49세,제주도,국내온라인거래,인터넷정보이용서비스,계약해제.해지/위약금
2024015545,2024-03-19,남자,40 - 49세,경기도,기타,스마트폰,부당행위
2024015547,2024-03-19,여자,40 - 49세,대전광역시,국내온라인거래,전집물,청약철회
2024015548,2024-03-19,남자,70 - 79세,경기도,일반판매,정형외과,품질(물품/용역)
2024015551,2024-03-19,여자,40 - 49세,경기도,일반판매,소파,품질(물품/용역)
2024015552,2024-03-19,남자,65 - 69세,경기도,기타,정형외과,품질(물품/용역)
2024015553,2024-03-19,여자,65 - 69세,대전광역시,일반판매,실손보험,계약불이행(불완전이행)
2024015554,2024-03-19,남자,20 - 29세,부산광역시,국내온라인거래,스낵과자,계약불이행(불완전이행)
2024015555,2024-03-19,여자,20 - 29세,충청남도,일반판매,애완견,청약철회
2024015556,2024-03-19,남자,65 - 69세,(미입력),국내온라인거래,소프트웨어,가격.요금
2024015557,2024-03-19,여자,20 - 29세,경기도,일반판매,기타이·미용서비스,계약해제.해지/위약금
2024015558,2024-03-19,여자,50 - 59세,경기도,전화권유판매,모바일정보이용서비스,계약해제.해지/위약금
2024015559,2024-03-19,남자,50 - 59세,부산광역시,기타통신판매,국외여행,계약불이행(불완전이행)
2024015560,2024-03-19,여자,40 - 49세,경기도,일반판매,헬스장,계약불이행(불완전이행)
2024015561,2024-03-19,여자,30 - 39세,경기도,국내온라인거래,세면설비,표시.광고
2024015562,2024-03-19,여자,20 - 29세,서울특별시,국제온라인거래,통신기기주변장치,품질(물품/용역)
2024015563,2024-03-19,여자,50 - 59세,울산광역시,일반판매,택배화물운송서비스,품질(물품/용역)
2024015564,2024-03-19,남자,30 - 39세,경상북도,일반판매,기타의료용구,계약해제.해지/위약금
2024015565,2024-03-19,남자,20 - 29세,경상남도,국내온라인거래,튀김기,AS불만
2024015566,2024-03-19,여자,30 - 39세,서울특별시,기타통신판매,보석·귀금속,청약철회
2024015567,2024-03-19,남자,40 - 49세,서울특별시,국내온라인거래,텐트,가격.요금
2024015568,2024-03-19,남자,20 - 29세,대구광역시,국내온라인거래,캐주얼바지,청약철회
2024015569,2024-03-19,남자,20 - 29세,경기도,일반판매,기타사설강습서비스,청약철회
2024015570,2024-03-19,여자,20 - 29세,부산광역시,소셜커머스(쇼핑),캐주얼바지,계약해제.해지/위약금
2024015571,2024-03-19,남자,65 - 69세,서울특별시,국내온라인거래,프린터,AS불만
2024015572,2024-03-19,여자,30 - 39세,경기도,일반판매,기타가사용품,품질(물품/용역)
2024015573,2024-03-19,남자,30 - 39세,울산광역시,기타통신판매,스마트폰,계약불이행(불완전이행)
2024015574,2024-03-19,남자,60 - 64세,서울특별시,일반판매,전기압력밥솥,품질(물품/용역)
2024015575,2024-03-19,남자,40 - 49세,충청북도,국내온라인거래,이동전화서비스,청약철회
2024015576,2024-03-19,남자,20 - 29세,경기도,일반판매,애완동물기타,품질(물품/용역)
2024015577,2024-03-19,여자,20 - 29세,서울특별시,국제온라인거래,기타문화용품,계약불이행(불완전이행)
2024015578,2024-03-19,여자,50 - 59세,부산광역시,일반판매,필라테스,계약해제.해지/위약금
2024015579,2024-03-19,남자,30 - 39세,경기도,모바일거래,호텔,계약해제.해지/위약금
2024015580,2024-03-19,남자,50 - 59세,서울특별시,기타,시계,부당행위
2024015581,2024-03-19,여자,20 - 29세,경기도,일반판매,필라테스,안전(제품/시설)
2024015582,2024-03-19,남자,40 - 49세,서울특별시,일반판매,기타보관서비스,계약불이행(불완전이행)
2024015583,2024-03-19,남자,50 - 59세,경기도,모바일거래,기타정보이용서비스,부당행위
2024015584,2024-03-19,남자,30 - 39세,서울특별시,국내온라인거래,노트북컴퓨터,품질(물품/용역)
2024015585,2024-03-19,여자,30 - 39세,서울특별시,기타,미분류수리가공,AS불만
2024015586,2024-03-19,남자,50 - 59세,서울특별시,기타통신판매,스마트폰,계약불이행(불완전이행)
2024015587,2024-03-19,남자,20 - 29세,경기도,기타통신판매,일반이사운송서비스,품질(물품/용역)
2024015588,2024-03-19,여자,50 - 59세,전라북도,국내온라인거래,기타건강식품,표시.광고
2024015589,2024-03-19,여자,20 - 29세,서울특별시,전화권유판매,모바일정보이용서비스,계약해제.해지/위약금
2024015590,2024-03-19,남자,40 - 49세,세종특별자치시,국내온라인거래,전기진공청소기,부당행위
2024015591,2024-03-19,남자,50 - 59세,서울특별시,국내온라인거래,점퍼·재킷류,청약철회
2024015592,2024-03-19,여자,20 - 29세,서울특별시,국내온라인거래,호텔,계약해제.해지/위약금
2024015593,2024-03-19,남자,30 - 39세,경기도,국제온라인거래,기타숙박시설,계약해제.해지/위약금
2024015594,2024-03-19,남자,30 - 39세,서울특별시,소셜커머스(쇼핑),항공여객운송서비스,계약불이행(불완전이행)
2024015595,2024-03-19,여자,40 - 49세,부산광역시,국내온라인거래,CD플레이어,품질(물품/용역)
2024015596,2024-03-19,여자,30 - 39세,경기도,소셜커머스(쇼핑),기타사무용품,품질(물품/용역)
2024015597,2024-03-19,여자,40 - 49세,경기도,국내온라인거래,항공여객운송서비스,계약해제.해지/위약금
2024015598,2024-03-19,남자,65 - 69세,경기도,국내온라인거래,국외여행,계약해제.해지/위약금
2024015599,2024-03-19,남자,30 - 39세,부산광역시,방문판매,결혼준비대행서비스,계약해제.해지/위약금
2024015600,2024-03-19,여자,20 - 29세,경상남도,일반판매,헬스장,계약해제.해지/위약금
2024015601,2024-03-19,여자,50 - 59세,경기도,일반판매,냉장고,품질(물품/용역)
2024015602,2024-03-19,여자,20 - 29세,경기도,일반판매,필라테스,계약해제.해지/위약금
2024015603,2024-03-19,여자,30 - 39세,경기도,국내온라인거래,각종공연관람,부당행위
2024015604,2024-03-19,남자,20 - 29세,충청북도,소셜커머스(쇼핑),기타부엌소모품,청약철회
2024015605,2024-03-19,남자,30 - 39세,경기도,일반판매,창호유리,가격.요금
2024015606,2024-03-19,남자,40 - 49세,대전광역시,국내온라인거래,골프용품,AS불만
2024015607,2024-03-19,남자,20 - 29세,경기도,모바일거래,모바일게임서비스,계약해제.해지/위약금
2024015608,2024-03-19,남자,20 - 29세,경기도,국내온라인거래,시계,청약철회
2024015609,2024-03-19,남자,20 - 29세,경기도,국내온라인거래,기타가방,부당행위
2024015610,2024-03-19,남자,30 - 39세,서울특별시,국내온라인거래,헤드폰·이어폰,AS불만
2024015611,2024-03-19,여자,20 - 29세,경기도,국내온라인거래,외국어강습,부당행위
2024015612,2024-03-19,남자,30 - 39세,서울특별시,일반판매,즉석조리식품,안전(제품/시설)
2024015613,2024-03-19,남자,30 - 39세,서울특별시,일반판매,기타세탁서비스,단순문의.상담
2024015614,2024-03-19,여자,40 - 49세,서울특별시,일반판매,학습지,계약불이행(불완전이행)
2024015615,2024-03-19,남자,50 - 59세,전라남도,국내온라인거래,기타음향기기,청약철회
2024015616,2024-03-19,여자,40 - 49세,대구광역시,국내온라인거래,스프링매트리스,품질(물품/용역)
2024015617,2024-03-19,여자,30 - 39세,서울특별시,일반판매,가스보일러,AS불만
2024015618,2024-03-19,남자,40 - 49세,충청남도,일반판매,소파,계약불이행(불완전이행)
2024015619,2024-03-19,남자,30 - 39세,경기도,기타,도어록,청약철회
2024015620,2024-03-19,여자,30 - 39세,경기도,일반판매,국내결혼중개,계약해제.해지/위약금
2024015621,2024-03-19,남자,50 - 59세,경기도,기타,일반강습(입시학원등),계약해제.해지/위약금
2024015622,2024-03-19,남자,20 - 29세,서울특별시,국내온라인거래,코트,청약철회
2024015623,2024-03-19,남자,30 - 39세,제주도,일반판매,건물청소서비스,계약불이행(불완전이행)
2024015624,2024-03-19,남자,40 - 49세,서울특별시,일반판매,골프회원권,계약해제.해지/위약금
2024015625,2024-03-19,여자,40 - 49세,서울특별시,국내온라인거래,기타숙박시설,청약철회
2024015626,2024-03-19,여자,30 - 39세,경기도,국제온라인거래,스키용품,계약불이행(불완전이행)
2024015627,2024-03-19,여자,40 - 49세,서울특별시,국내온라인거래,보석·귀금속,청약철회
2024015628,2024-03-19,남자,10 - 19세,경기도,일반판매,헬스장,계약해제.해지/위약금
2024015629,2024-03-19,여자,40 - 49세,경상북도,국제온라인거래,관세서비스,가격.요금
2024015630,2024-03-19,여자,40 - 49세,대전광역시,일반판매,외국어강습,계약해제.해지/위약금
2024015631,2024-03-19,여자,40 - 49세,서울특별시,전화권유판매,인터넷교육서비스,계약해제.해지/위약금
2024015632,2024-03-19,여자,40 - 49세,서울특별시,국내온라인거래,기타숙박시설,품질(물품/용역)
2024015633,2024-03-19,여자,20 - 29세,경기도,국내온라인거래,인터넷게임서비스,청약철회
2024015634,2024-03-19,여자,30 - 39세,서울특별시,일반판매,기타가스·급배수설비,가격.요금
2024015635,2024-03-19,여자,20 - 29세,인천광역시,일반판매,미분류대여(렌트),계약해제.해지/위약금
2024015636,2024-03-19,남자,20 - 29세,대구광역시,소셜커머스(쇼핑),그래픽카드,품질(물품/용역)
2024015637,2024-03-19,남자,30 - 39세,경기도,일반판매,이동전화서비스,부당행위
2024015638,2024-03-19,여자,30 - 39세,서울특별시,국내온라인거래,항공여객운송서비스,계약해제.해지/위약금
2024015639,2024-03-19,여자,30 - 39세,경기도,국내온라인거래,가스레인지,청약철회
2024015640,2024-03-19,남자,50 - 59세,대전광역시,일반판매,항공여객운송서비스,품질(물품/용역)
2024015641,2024-03-19,여자,40 - 49세,서울특별시,일반판매,학습지,계약해제.해지/위약금
2024015642,2024-03-19,여자,60 - 64세,대구광역시,,헬스장,계약해제.해지/위약금
2024015643,2024-03-19,남자,30 - 39세,경기도,기타,기타관혼상제,계약해제.해지/위약금
2024015644,2024-03-19,여자,30 - 39세,서울특별시,전화권유판매,이동전화서비스,계약해제.해지/위약금
2024015645,2024-03-19,여자,65 - 69세,경상남도,일반판매,여자용내의류,청약철회
2024015646,2024-03-19,여자,30 - 39세,전라북도,국내온라인거래,점퍼·재킷류,청약철회
2024015647,2024-03-19,여자,30 - 39세,부산광역시,일반판매,기타가구,부당행위
2024015648,2024-03-19,남자,10 - 19세,충청북도,국내온라인거래,항공여객운송서비스,청약철회
2024015649,2024-03-19,남자,40 - 49세,서울특별시,모바일거래,기타숙박시설,부당행위
2024015650,2024-03-19,여자,20 - 29세,부산광역시,국내온라인거래,전기진공청소기,품질(물품/용역)
2024015651,2024-03-19,남자,20 - 29세,경기도,일반판매,인터넷교육서비스,계약해제.해지/위약금
2024015652,2024-03-19,남자,30 - 39세,경기도,소셜커머스(쇼핑),헤드폰·이어폰,계약불이행(불완전이행)
2024015653,2024-03-19,여자,40 - 49세,광주광역시,일반판매,미용서비스,계약불이행(불완전이행)
2024015654,2024-03-19,여자,10 - 19세,인천광역시,일반판매,택배화물운송서비스,계약불이행(불완전이행)
2024015655,2024-03-19,남자,30 - 39세,대구광역시,모바일거래,"OTT서비스(넷플릭스,왓챠 등)",약관
2024015656,2024-03-19,여자,30 - 39세,인천광역시,국내온라인거래,기타내의류,청약철회
2024015657,2024-03-19,남자,50 - 59세,전라남도,일반판매,이동전화서비스,부당행위
2024015658,2024-03-19,여자,40 - 49세,경기도,국내온라인거래,인터넷교육서비스,계약불이행(불완전이행)
2024015659,2024-03-19,여자,30 - 39세,서울특별시,일반판매,헬스장,계약해제.해지/위약금
2024015660,2024-03-19,여자,30 - 39세,경기도,국내온라인거래,기타숙박시설,계약불이행(불완전이행)
2024015661,2024-03-19,여자,20 - 29세,대전광역시,방문판매,헬스장,청약철회
2024015662,2024-03-19,여자,30 - 39세,서울특별시,일반판매,필라테스,계약해제.해지/위약금
2024015663,2024-03-19,여자,40 - 49세,서울특별시,전화권유판매,기타매체광고,청약철회
2024015664,2024-03-19,여자,20 - 29세,경기도,모바일거래,핸드백,청약철회
2024015665,2024-03-19,여자,30 - 39세,경기도,방문판매,학습지,계약해제.해지/위약금
2024015666,2024-03-19,남자,20 - 29세,경기도,일반판매,초고속인터넷,계약불이행(불완전이행)
2024015667,2024-03-19,여자,65 - 69세,서울특별시,일반판매,소파,품질(물품/용역)
2024015668,2024-03-19,여자,30 - 39세,경기도,국내온라인거래,셔츠,계약불이행(불완전이행)
2024015669,2024-03-19,남자,50 - 59세,경기도,일반판매,공중목욕탕,표시.광고
2024015670,2024-03-19,남자,20 - 29세,충청남도,방문판매,헬스장,계약해제.해지/위약금
2024015671,2024-03-19,여자,40 - 49세,서울특별시,일반판매,포장이사운송서비스,품질(물품/용역)
2024015672,2024-03-19,여자,20 - 29세,부산광역시,국내온라인거래,통신기기케이스,청약철회
2024015673,2024-03-19,여자,30 - 39세,대구광역시,일반판매,포장이사운송서비스,품질(물품/용역)
2024015674,2024-03-19,여자,30 - 39세,경기도,국내온라인거래,신사화(구두·부츠 등),청약철회
2024015675,2024-03-19,남자,30 - 39세,부산광역시,소셜커머스(쇼핑),다이어트식품,품질(물품/용역)
2024015676,2024-03-19,남자,20 - 29세,서울특별시,일반판매,종합체육시설회원권,계약해제.해지/위약금
2024015677,2024-03-20,남자,60 - 64세,부산광역시,기타통신판매,기타매체광고,계약해제.해지/위약금
2024015678,2024-03-20,여자,65 - 69세,경기도,일반판매,찜통,품질(물품/용역)
2024015679,2024-03-20,여자,30 - 39세,(미입력),,,계약불이행(불완전이행)
2024015680,2024-03-20,여자,50 - 59세,경기도,일반판매,헬스장,계약해제.해지/위약금
2024015681,2024-03-20,여자,30 - 39세,경기도,일반판매,피부과,품질(물품/용역)
2024015682,2024-03-20,남자,80세이상,대전광역시,TV홈쇼핑,기타가사용품,AS불만
2024015683,2024-03-20,남자,30 - 39세,세종특별자치시,전화권유판매,유사투자자문,청약철회
2024015684,2024-03-20,남자,40 - 49세,인천광역시,방문판매,공기청정기대여(렌트),계약불이행(불완전이행)
2024015685,2024-03-20,여자,40 - 49세,경기도,일반판매,오피스텔,계약해제.해지/위약금
2024015686,2024-03-20,여자,30 - 39세,경상남도,일반판매,피부과,품질(물품/용역)
2024015687,2024-03-20,여자,50 - 59세,경기도,일반판매,기타인테리어설비,품질(물품/용역)
2024015688,2024-03-20,남자,30 - 39세,서울특별시,일반판매,기타완구·인형,품질(물품/용역)
2024015689,2024-03-20,여자,40 - 49세,경기도,일반판매,종합체육시설회원권,계약불이행(불완전이행)
2024015691,2024-03-20,남자,80세이상,서울특별시,일반판매,보청기,품질(물품/용역)
2024015693,2024-03-20,남자,50 - 59세,광주광역시,국내온라인거래,기타자동차용품,품질(물품/용역)
2024015695,2024-03-20,남자,65 - 69세,부산광역시,국내온라인거래,항공여객운송서비스,계약해제.해지/위약금
2024015696,2024-03-20,여자,65 - 69세,충청북도,일반판매,내과,품질(물품/용역)
2024015697,2024-03-20,남자,40 - 49세,부산광역시,일반판매,소파,품질(물품/용역)
2024015698,2024-03-20,여자,40 - 49세,서울특별시,기타통신판매,기타의류·섬유,계약불이행(불완전이행)
2024015699,2024-03-20,남자,40 - 49세,전라남도,국내온라인거래,기타문화·오락시설이용,계약해제.해지/위약금
2024015700,2024-03-20,여자,50 - 59세,충청북도,일반판매,음식물처리기,계약해제.해지/위약금
2024015701,2024-03-20,여자,20 - 29세,서울특별시,국내온라인거래,인터넷정보이용서비스,계약해제.해지/위약금
2024015702,2024-03-20,여자,20 - 29세,경기도,일반판매,기타사설강습서비스,계약해제.해지/위약금
2024015703,2024-03-20,남자,40 - 49세,서울특별시,일반판매,중형승용자동차,품질(물품/용역)
2024015704,2024-03-20,남자,40 - 49세,인천광역시,소셜커머스(쇼핑),방향제,계약불이행(불완전이행)
2024015706,2024-03-20,남자,70 - 79세,경기도,일반판매,헬스장,계약해제.해지/위약금
2024015707,2024-03-20,여자,20 - 29세,부산광역시,소셜커머스(쇼핑),애완동·식물용품,계약불이행(불완전이행)
2024015708,2024-03-20,남자,30 - 39세,대전광역시,일반판매,헬스장,계약해제.해지/위약금
2024015709,2024-03-20,여자,20 - 29세,서울특별시,기타,종합체육시설회원권,계약해제.해지/위약금
2024015711,2024-03-20,남자,60 - 64세,경기도,국내온라인거래,헤드폰·이어폰,품질(물품/용역)
2024015712,2024-03-28,여자,50 - 59세,경상남도,일반판매,배낭,품질(물품/용역)
2024015713,2024-03-20,남자,80세이상,인천광역시,일반판매,기타세탁서비스,계약불이행(불완전이행)
2024015717,2024-03-20,여자,30 - 39세,경기도,소셜커머스(쇼핑),항공여객운송서비스,계약해제.해지/위약금
2024015718,2024-03-20,여자,60 - 64세,경기도,전화권유판매,모바일정보이용서비스,계약해제.해지/위약금
2024015719,2024-03-20,여자,60 - 64세,경기도,일반판매,이동전화서비스,계약해제.해지/위약금
2024015720,2024-03-20,남자,30 - 39세,충청남도,TV홈쇼핑,호텔,계약해제.해지/위약금
2024015721,2024-03-20,남자,65 - 69세,경기도,국내온라인거래,모바일정보이용서비스,계약불이행(불완전이행)
2024015723,2024-03-20,여자,40 - 49세,대전광역시,국내온라인거래,항공여객운송서비스,계약해제.해지/위약금
2024015724,2024-03-20,남자,70 - 79세,서울특별시,방문판매,연금보험,계약해제.해지/위약금
2024015725,2024-03-20,남자,40 - 49세,인천광역시,국내온라인거래,항공여객운송서비스,계약불이행(불완전이행)
2024015726,2024-03-20,여자,65 - 69세,경기도,일반판매,정수기대여(렌트),품질(물품/용역)
2024015727,2024-03-20,여자,80세이상,서울특별시,전화권유판매,건강(암·기타질병)보험,계약불이행(불완전이행)
2024015728,2024-03-20,남자,40 - 49세,경기도,TV홈쇼핑,음식물처리기대여(렌트),품질(물품/용역)
2024015729,2024-03-20,여자,30 - 39세,경상남도,일반판매,헬스장,계약해제.해지/위약금
2024015730,2024-03-20,여자,40 - 49세,충청북도,일반판매,정수기대여(렌트),품질(물품/용역)
2024015731,2024-03-20,남자,불명,경기도,국내온라인거래,TV,AS불만
2024015732,2024-03-28,여자,30 - 39세,경기도,일반판매,양복(서양식 의복)세탁,품질(물품/용역)
2024015733,2024-03-20,여자,50 - 59세,대구광역시,국내온라인거래,고시원이용,계약해제.해지/위약금
2024015735,2024-03-20,남자,40 - 49세,경기도,일반판매,안마의자,청약철회
2024015736,2024-03-20,남자,50 - 59세,서울특별시,소셜커머스(쇼핑),기타의류·섬유,계약불이행(불완전이행)
2024015737,2024-03-20,여자,40 - 49세,부산광역시,일반판매,예식서비스,계약해제.해지/위약금
2024015738,2024-03-28,여자,60 - 64세,서울특별시,일반판매,양복(서양식 의복)세탁,품질(물품/용역)
2024015739,2024-03-20,남자,40 - 49세,경기도,일반판매,자동차주유,안전(제품/시설)
2024015743,2024-03-20,여자,30 - 39세,대구광역시,방문판매,인터넷교육서비스,계약해제.해지/위약금
2024015745,2024-03-20,남자,30 - 39세,경기도,국내온라인거래,운동화,청약철회
2024015747,2024-03-20,남자,40 - 49세,부산광역시,국내온라인거래,기타자동차용품,품질(물품/용역)
2024015749,2024-03-20,남자,불명,인천광역시,국내온라인거래,전기세탁기,AS불만
2024015750,2024-03-20,남자,20 - 29세,경기도,국내온라인거래,기타숙박시설,계약해제.해지/위약금
2024015751,2024-03-20,남자,20 - 29세,충청북도,일반판매,중형승용자동차,품질(물품/용역)
2024015753,2024-03-20,남자,50 - 59세,광주광역시,국내온라인거래,보석·귀금속,계약불이행(불완전이행)
2024015755,2024-03-20,남자,50 - 59세,부산광역시,모바일거래,스마트폰,계약해제.해지/위약금
2024015756,2024-03-20,여자,60 - 64세,경기도,TV홈쇼핑,음식물처리기대여(렌트),AS불만
2024015757,2024-03-20,남자,40 - 49세,경기도,방문판매,콘도회원권,계약불이행(불완전이행)
2024015759,2024-03-20,여자,50 - 59세,경기도,일반판매,헬스장,계약해제.해지/위약금
2024015760,2024-03-20,여자,20 - 29세,서울특별시,국내온라인거래,헬스장,약관
2024015761,2024-03-20,여자,50 - 59세,경기도,국내온라인거래,점퍼·재킷류,청약철회
2024015763,2024-03-20,여자,30 - 39세,서울특별시,모바일거래,항공여객운송서비스,계약해제.해지/위약금
2024015764,2024-03-20,남자,30 - 39세,서울특별시,국내온라인거래,자동차수리·점검,AS불만
2024015765,2024-03-20,여자,불명,서울특별시,국내온라인거래,기타가구,가격.요금
2024015766,2024-03-20,남자,40 - 49세,서울특별시,국내온라인거래,기타책상·테이블류,표시.광고
2024015768,2024-03-20,여자,불명,서울특별시,국내온라인거래,기타숙박시설,계약불이행(불완전이행)
2024015769,2024-03-20,남자,30 - 39세,서울특별시,일반판매,고시원이용,계약해제.해지/위약금
2024015770,2024-03-20,여자,60 - 64세,서울특별시,국내온라인거래,국외여행,계약해제.해지/위약금
2024015771,2024-03-20,여자,60 - 64세,서울특별시,국내온라인거래,국외여행,계약해제.해지/위약금
2024015772,2024-03-20,남자,70 - 79세,서울특별시,일반판매,치과,품질(물품/용역)
2024015773,2024-03-20,남자,50 - 59세,전라북도,일반판매,상해보험,부당행위
2024015774,2024-03-20,여자,40 - 49세,서울특별시,전화권유판매,유사투자자문,계약해제.해지/위약금
2024015775,2024-03-20,남자,60 - 64세,충청북도,소셜커머스(쇼핑),CCTV,품질(물품/용역)
2024015776,2024-03-20,남자,30 - 39세,경기도,일반판매,헬스장,계약해제.해지/위약금
2024015777,2024-03-20,남자,70 - 79세,경상남도,TV홈쇼핑,기타침구류,계약해제.해지/위약금
2024015778,2024-03-20,여자,30 - 39세,경상북도,일반판매,의상대여(렌트),계약해제.해지/위약금
2024015779,2024-03-20,남자,30 - 39세,인천광역시,국내온라인거래,전기진공청소기,표시.광고
2024015780,2024-03-20,남자,20 - 29세,서울특별시,국내온라인거래,운동화,부당행위
2024015781,2024-03-20,남자,40 - 49세,세종특별자치시,국내온라인거래,TV,품질(물품/용역)
2024015782,2024-03-20,남자,30 - 39세,세종특별자치시,국내온라인거래,레저시설이용,계약해제.해지/위약금
2024015784,2024-03-20,남자,불명,서울특별시,방문판매,국내결혼중개,계약해제.해지/위약금
2024015785,2024-03-20,남자,60 - 64세,대구광역시,국내온라인거래,기타건강식품,계약불이행(불완전이행)
2024015786,2024-03-20,여자,80세이상,경기도,일반판매,소파,계약불이행(불완전이행)
2024015787,2024-03-20,여자,40 - 49세,전라남도,국내온라인거래,기타가구,청약철회
2024015788,2024-03-20,여자,65 - 69세,울산광역시,일반판매,실손보험,계약불이행(불완전이행)
2024015790,2024-03-20,남자,40 - 49세,전라북도,국내온라인거래,여행용가방,청약철회
2024015791,2024-03-20,남자,20 - 29세,경기도,일반판매,헬스장,계약해제.해지/위약금
2024015792,2024-03-20,남자,30 - 39세,경기도,국내온라인거래,기타특수자동차·중장비,계약불이행(불완전이행)
2024015793,2024-03-20,여자,40 - 49세,경기도,국내온라인거래,핸드백,청약철회
2024015794,2024-03-20,남자,20 - 29세,광주광역시,일반판매,가스보일러,AS불만
2024015795,2024-03-20,남자,70 - 79세,대구광역시,국내온라인거래,전등·전구,품질(물품/용역)
2024015796,2024-03-20,여자,30 - 39세,세종특별자치시,일반판매,예식서비스,계약해제.해지/위약금
2024015797,2024-03-20,남자,30 - 39세,경기도,국내온라인거래,스포츠웨어,청약철회
2024015798,2024-03-20,여자,50 - 59세,서울특별시,전화권유판매,상조서비스,계약해제.해지/위약금
2024015799,2024-03-20,남자,40 - 49세,광주광역시,국내온라인거래,노트북컴퓨터,표시.광고
2024015800,2024-03-20,남자,40 - 49세,대구광역시,국내온라인거래,기타의류·섬유,부당행위
2024015801,2024-03-20,여자,30 - 39세,경기도,국내온라인거래,항공화물운송서비스,계약불이행(불완전이행)
2024015802,2024-03-20,남자,40 - 49세,서울특별시,기타,책상,청약철회
2024015803,2024-03-20,여자,40 - 49세,충청북도,국내온라인거래,국외여행,계약불이행(불완전이행)
2024015804,2024-03-20,여자,30 - 39세,서울특별시,소셜커머스(쇼핑),매트,품질(물품/용역)
2024015805,2024-03-20,여자,40 - 49세,경기도,일반판매,헬스장,계약해제.해지/위약금
2024015806,2024-03-20,여자,50 - 59세,경상북도,일반판매,필라테스,계약해제.해지/위약금
2024015807,2024-03-20,남자,20 - 29세,서울특별시,방문판매,헬스장,계약해제.해지/위약금
2024015808,2024-03-20,여자,50 - 59세,서울특별시,모바일거래,아파트,AS불만
2024015809,2024-03-20,여자,20 - 29세,서울특별시,일반판매,일반강습(입시학원등),계약불이행(불완전이행)
2024015810,2024-03-20,남자,30 - 39세,경기도,방문판매,헬스장,계약해제.해지/위약금
2024015811,2024-03-20,남자,40 - 49세,서울특별시,국내온라인거래,룸에어컨,부당행위
2024015812,2024-03-20,여자,60 - 64세,서울특별시,일반판매,기타인터넷기반서비스,계약해제.해지/위약금
2024015813,2024-03-20,여자,40 - 49세,경상북도,국내온라인거래,모자,청약철회
2024015814,2024-03-20,여자,40 - 49세,경기도,일반판매,피부·체형관리서비스,계약해제.해지/위약금
2024015815,2024-03-20,여자,30 - 39세,전라남도,국내온라인거래,TV,청약철회
2024015816,2024-03-20,남자,20 - 29세,경기도,일반판매,항공여객운송서비스,부당행위
2024015817,2024-03-20,남자,30 - 39세,경상북도,기타,기타정보이용서비스,부당행위
2024015818,2024-03-20,여자,50 - 59세,경기도,국내온라인거래,시계,AS불만
2024015819,2024-03-20,여자,20 - 29세,경기도,국내온라인거래,숙녀화(구두·부츠 등),청약철회
2024015820,2024-03-20,남자,30 - 39세,서울특별시,전화권유판매,모바일정보이용서비스,계약불이행(불완전이행)
2024015821,2024-03-20,남자,50 - 59세,경상남도,소셜커머스(쇼핑),TV대,안전(제품/시설)
2024015822,2024-03-20,여자,40 - 49세,서울특별시,국내온라인거래,항공여객운송서비스,계약해제.해지/위약금
2024015823,2024-03-20,여자,40 - 49세,인천광역시,일반판매,식탁,품질(물품/용역)
2024015824,2024-03-20,남자,40 - 49세,경기도,국내온라인거래,옷걸이,계약해제.해지/위약금
2024015825,2024-03-20,여자,20 - 29세,서울특별시,국내온라인거래,기타이동통신,청약철회
2024015826,2024-03-20,여자,40 - 49세,경기도,기타통신판매,정수기대여(렌트),계약해제.해지/위약금
2024015827,2024-03-20,남자,65 - 69세,전라남도,국내온라인거래,기타농업시설자재,거래관행
2024015828,2024-03-20,여자,50 - 59세,경기도,기타,초고속인터넷,부당행위
2024015829,2024-03-20,남자,20 - 29세,서울특별시,모바일거래,기타숙박시설,가격.요금
2024015830,2024-03-20,남자,40 - 49세,대전광역시,일반판매,스마트폰,계약불이행(불완전이행)
2024015831,2024-03-20,여자,30 - 39세,서울특별시,국내온라인거래,스커트,청약철회
2024015832,2024-03-20,남자,40 - 49세,대전광역시,일반판매,이동전화서비스,품질(물품/용역)
2024015833,2024-03-20,남자,20 - 29세,경기도,일반판매,소파,계약불이행(불완전이행)
2024015834,2024-03-20,여자,50 - 59세,경기도,국제온라인거래,양복(서양식 의복)세탁,계약불이행(불완전이행)
2024015835,2024-03-20,남자,65 - 69세,제주도,기타,골프회원권,계약해제.해지/위약금
2024015836,2024-03-20,남자,30 - 39세,충청북도,방문판매,스포츠시설이용,계약해제.해지/위약금
2024015837,2024-03-20,남자,50 - 59세,충청남도,국내온라인거래,커피메이커,품질(물품/용역)
2024015838,2024-03-20,여자,30 - 39세,경기도,일반판매,산후조리원,부당행위
2024015839,2024-03-20,남자,20 - 29세,대전광역시,방문판매,커튼,품질(물품/용역)
2024015840,2024-03-20,여자,40 - 49세,경기도,소셜커머스(쇼핑),헤드폰·이어폰,청약철회
2024015841,2024-03-20,여자,40 - 49세,경상남도,일반판매,일반강습(입시학원등),계약해제.해지/위약금
2024015842,2024-03-20,남자,20 - 29세,인천광역시,방문판매,헬스장,계약해제.해지/위약금
2024015843,2024-03-20,여자,40 - 49세,대전광역시,국내온라인거래,캐주얼바지,품질(물품/용역)
2024015844,2024-03-20,여자,30 - 39세,대구광역시,모바일거래,숙녀화(구두·부츠 등),청약철회
2024015845,2024-03-20,남자,30 - 39세,경기도,국내온라인거래,인터넷정보이용서비스,부당행위
2024015846,2024-03-20,여자,30 - 39세,울산광역시,기타,기타인테리어설비,품질(물품/용역)
2024015847,2024-03-20,남자,40 - 49세,경상북도,모바일거래,모바일게임서비스,부당행위
2024015848,2024-03-20,남자,20 - 29세,대구광역시,국내온라인거래,인터넷게임서비스,청약철회
2024015849,2024-03-20,남자,60 - 64세,서울특별시,모바일거래,호텔,부당행위
2024015850,2024-03-20,남자,30 - 39세,서울특별시,국내온라인거래,항공여객운송서비스,부당행위
2024015851,2024-03-20,여자,20 - 29세,서울특별시,일반판매,기타문화·오락시설이용,계약해제.해지/위약금
2024015852,2024-03-20,남자,50 - 59세,부산광역시,국내온라인거래,항공여객운송서비스,청약철회
2024015853,2024-03-20,여자,40 - 49세,경상북도,국내온라인거래,기타서적음반류,부당행위
2024015854,2024-03-20,남자,30 - 39세,경상남도,국내온라인거래,기타미분류물품,품질(물품/용역)
2024015855,2024-03-20,남자,30 - 39세,경기도,일반판매,탁자,품질(물품/용역)
2024015856,2024-03-20,여자,60 - 64세,경기도,전화권유판매,케이블TV,가격.요금
2024015857,2024-03-20,여자,40 - 49세,경상북도,일반판매,기타신발·용품,청약철회
2024015858,2024-03-20,여자,20 - 29세,서울특별시,국내온라인거래,식사배달,품질(물품/용역)
2024015859,2024-03-20,남자,50 - 59세,서울특별시,일반판매,헬스장,계약해제.해지/위약금
2024015860,2024-03-20,여자,20 - 29세,대구광역시,국내온라인거래,통신기기케이스,청약철회
2024015861,2024-03-20,여자,20 - 29세,경기도,방문판매,의상대여(렌트),청약철회
2024015862,2024-03-20,남자,40 - 49세,경기도,국내온라인거래,전기면도기,AS불만
2024015863,2024-03-20,여자,40 - 49세,경기도,모바일거래,모바일정보이용서비스,가격.요금
2024015864,2024-03-20,여자,40 - 49세,경상북도,일반판매,건물청소서비스,품질(물품/용역)
2024015865,2024-03-20,남자,30 - 39세,경기도,국내온라인거래,항공여객운송서비스,계약해제.해지/위약금
2024015866,2024-03-20,남자,40 - 49세,서울특별시,국내온라인거래,항공여객운송서비스,계약해제.해지/위약금
2024015867,2024-03-20,여자,30 - 39세,대구광역시,국내온라인거래,부업알선,계약해제.해지/위약금
2024015868,2024-03-20,남자,50 - 59세,서울특별시,국내온라인거래,보조배터리,안전(제품/시설)
2024015869,2024-03-20,여자,60 - 64세,광주광역시,국내온라인거래,보석·귀금속,
2024015870,2024-03-20,여자,70 - 79세,인천광역시,방문판매,종합체육시설회원권,계약해제.해지/위약금
2024015871,2024-03-20,남자,30 - 39세,경기도,모바일거래,인터넷정보이용서비스,청약철회
2024015872,2024-03-20,남자,40 - 49세,경기도,일반판매,침대,품질(물품/용역)
2024015873,2024-03-20,여자,30 - 39세,서울특별시,국제온라인거래,국외여행,
2024015874,2024-03-20,여자,20 - 29세,서울특별시,기타통신판매,전산강습,계약해제.해지/위약금
2024015875,2024-03-20,남자,60 - 64세,서울특별시,기타,국외여행,계약해제.해지/위약금
2024015876,2024-03-20,여자,40 - 49세,경기도,일반판매,미용서비스,
2024015877,2024-03-20,여자,20 - 29세,광주광역시,국내온라인거래,기타숙박시설,계약해제.해지/위약금
2024015878,2024-03-20,남자,30 - 39세,서울특별시,국내온라인거래,인터넷게임서비스,단순문의.상담
2024015879,2024-03-20,남자,50 - 59세,경기도,국내온라인거래,헤드폰·이어폰,부당행위
2024015880,2024-03-20,남자,20 - 29세,부산광역시,전화권유판매,이동전화서비스,부당행위
2024015881,2024-03-20,여자,30 - 39세,대구광역시,국내온라인거래,캐주얼바지,청약철회
2024015882,2024-03-20,남자,40 - 49세,서울특별시,국내온라인거래,가축사료,청약철회
2024015883,2024-03-20,남자,30 - 39세,충청북도,국내온라인거래,호텔,품질(물품/용역)
2024015884,2024-03-20,남자,40 - 49세,경기도,일반판매,기타회원권,계약해제.해지/위약금
2024015885,2024-03-20,남자,40 - 49세,서울특별시,소셜커머스(쇼핑),비타민제,계약불이행(불완전이행)
2024015886,2024-03-20,여자,80세이상,경상남도,방문판매,정수기대여(렌트),부당행위
2024015887,2024-03-20,남자,40 - 49세,서울특별시,국내온라인거래,시계,청약철회
2024015888,2024-03-20,여자,30 - 39세,부산광역시,모바일거래,미용서비스,계약해제.해지/위약금
2024015889,2024-03-20,여자,20 - 29세,전라남도,기타,모바일정보이용서비스,부당행위
2024015890,2024-03-20,남자,40 - 49세,경기도,일반판매,포장이사운송서비스,계약불이행(불완전이행)
2024015891,2024-03-20,남자,30 - 39세,전라남도,방문판매,라텍스매트리스,청약철회
2024015892,2024-03-20,여자,30 - 39세,경기도,국내온라인거래,기타의류·섬유,청약철회
2024015893,2024-03-21,여자,20 - 29세,인천광역시,일반판매,피부·체형관리서비스,계약해제.해지/위약금
2024015894,2024-03-21,여자,50 - 59세,경상남도,전화권유판매,아파트,청약철회
2024015895,2024-03-21,남자,20 - 29세,경기도,기타통신판매,기타교육서비스,청약철회
2024015896,2024-03-21,남자,30 - 39세,충청북도,국내온라인거래,기타스포츠·레저기구·용품,청약철회
2024015897,2024-03-21,남자,40 - 49세,경기도,모바일거래,택배화물운송서비스,계약불이행(불완전이행)
2024015898,2024-03-21,여자,30 - 39세,경기도,일반판매,요가,계약해제.해지/위약금
2024015899,2024-03-21,남자,20 - 29세,경기도,일반판매,헬스장,계약해제.해지/위약금
2024015900,2024-03-21,남자,40 - 49세,경기도,기타통신판매,"연회서비스(돌잔치,회갑 등)",계약해제.해지/위약금
2024015901,2024-03-21,여자,20 - 29세,서울특별시,일반판매,피부·체형관리서비스,계약해제.해지/위약금
2024015902,2024-03-21,남자,50 - 59세,경상북도,모바일거래,자동차대여(렌트),청약철회
2024015903,2024-03-21,남자,20 - 29세,서울특별시,국내온라인거래,국외여행,청약철회
2024015904,2024-03-21,남자,30 - 39세,대구광역시,일반판매,유통시설이용,표시.광고
2024015905,2024-03-21,여자,50 - 59세,전라남도,국내온라인거래,전기압력밥솥,품질(물품/용역)
2024015906,2024-03-21,남자,30 - 39세,경기도,국내온라인거래,영양강장제,청약철회
2024015907,2024-03-21,남자,70 - 79세,경기도,국내온라인거래,유사투자자문,계약해제.해지/위약금
2024015909,2024-03-21,여자,30 - 39세,서울특별시,일반판매,국내결혼중개,계약불이행(불완전이행)
2024015910,2024-03-21,여자,50 - 59세,경기도,기타,각종자격취득강습,계약불이행(불완전이행)
2024015911,2024-03-21,여자,40 - 49세,부산광역시,일반판매,자동차대여(렌트),AS불만
2024015912,2024-03-21,여자,50 - 59세,서울특별시,기타통신판매,IPTV,계약해제.해지/위약금
2024015913,2024-03-21,여자,30 - 39세,경기도,국내온라인거래,캐주얼바지,청약철회
2024015914,2024-03-21,남자,40 - 49세,서울특별시,일반판매,자동차수리·점검,품질(물품/용역)
2024015915,2024-03-21,남자,80세이상,경기도,전화권유판매,전기자전거,계약해제.해지/위약금
2024015916,2024-03-21,남자,70 - 79세,경상남도,기타,자동차보험,부당행위
2024015917,2024-03-21,남자,60 - 64세,충청북도,기타,음식물처리기대여(렌트),AS불만
2024015919,2024-03-21,남자,50 - 59세,서울특별시,국내온라인거래,기타숙박시설,계약해제.해지/위약금
2024015920,2024-03-21,여자,40 - 49세,경기도,일반판매,한의원,계약해제.해지/위약금
2024015921,2024-03-21,여자,40 - 49세,서울특별시,국내온라인거래,캐주얼바지,청약철회
2024015925,2024-03-21,남자,65 - 69세,경기도,일반판매,장의관련서비스,계약해제.해지/위약금
2024015926,2024-03-21,여자,30 - 39세,대전광역시,일반판매,피부과,계약해제.해지/위약금
2024015927,2024-03-21,여자,40 - 49세,경기도,일반판매,공기청정기대여(렌트),계약해제.해지/위약금
2024015928,2024-03-21,여자,50 - 59세,대구광역시,일반판매,헬스장,계약해제.해지/위약금
2024015929,2024-03-21,남자,40 - 49세,대전광역시,일반판매,피부·체형관리서비스,계약해제.해지/위약금
2024015930,2024-03-21,여자,20 - 29세,서울특별시,국내온라인거래,자동차대여(렌트),부당행위
2024015931,2024-03-21,여자,50 - 59세,강원특별자치도,일반판매,자동차수리·점검,부당행위
2024015932,2024-03-21,남자,50 - 59세,경기도,일반판매,중고자동차중개·매매,AS불만
2024015933,2024-03-21,남자,30 - 39세,인천광역시,일반판매,전기진공청소기,품질(물품/용역)
2024015934,2024-03-21,여자,40 - 49세,경기도,국내온라인거래,자동차대여(렌트),계약해제.해지/위약금
2024015935,2024-03-21,여자,50 - 59세,서울특별시,국내온라인거래,항공여객운송서비스,계약불이행(불완전이행)
2024015936,2024-03-21,남자,65 - 69세,경기도,기타통신판매,유사투자자문,계약해제.해지/위약금
2024015937,2024-03-21,여자,40 - 49세,전라북도,일반판매,필라테스,계약해제.해지/위약금
2024015939,2024-03-21,남자,40 - 49세,인천광역시,일반판매,기타사설강습서비스,계약해제.해지/위약금
2024015940,2024-03-21,남자,60 - 64세,세종특별자치시,일반판매,자동차대여(렌트),AS불만
2024015941,2024-03-21,여자,50 - 59세,서울특별시,기타,외과,품질(물품/용역)
2024015942,2024-03-21,남자,70 - 79세,경기도,모바일거래,일반자전거,품질(물품/용역)
2024015943,2024-03-21,남자,20 - 29세,경기도,기타,치과,품질(물품/용역)
2024015944,2024-03-21,여자,70 - 79세,경기도,일반판매,내과,품질(물품/용역)
2024015945,2024-03-21,여자,40 - 49세,경기도,일반판매,비뇨의학과,품질(물품/용역)
2024015946,2024-03-21,여자,50 - 59세,서울특별시,전화권유판매,인터넷교육서비스,계약해제.해지/위약금
2024015947,2024-03-21,여자,20 - 29세,경기도,국내온라인거래,통신기기케이스,계약불이행(불완전이행)
2024015948,2024-03-21,남자,70 - 79세,경기도,일반판매,치과,품질(물품/용역)
2024015950,2024-03-21,남자,불명,서울특별시,국내온라인거래,영양보충용제품,계약불이행(불완전이행)
2024015954,2024-03-21,여자,20 - 29세,인천광역시,국내온라인거래,기타서적음반류,청약철회
2024015955,2024-03-21,남자,불명,서울특별시,기타통신판매,포장이사운송서비스,계약해제.해지/위약금
2024015956,2024-03-21,남자,40 - 49세,경기도,일반판매,자동차수리·점검,품질(물품/용역)
2024015957,2024-03-21,여자,30 - 39세,인천광역시,국내온라인거래,스포츠웨어,청약철회
2024015958,2024-03-21,남자,30 - 39세,경상남도,일반판매,건강(암·기타질병)보험,계약불이행(불완전이행)
2024015959,2024-03-21,남자,60 - 64세,서울특별시,방문판매,상조서비스,계약불이행(불완전이행)
2024015960,2024-03-28,여자,30 - 39세,경상남도,일반판매,피혁세탁,품질(물품/용역)
2024015961,2024-03-21,여자,30 - 39세,서울특별시,국내온라인거래,아동복,품질(물품/용역)
2024015962,2024-03-21,여자,70 - 79세,경기도,기타,건강(암·기타질병)보험,계약불이행(불완전이행)
2024015963,2024-03-27,여자,60 - 64세,부산광역시,일반판매,캐주얼바지,품질(물품/용역)
2024015964,2024-03-21,남자,60 - 64세,경상남도,국내온라인거래,가축사료,계약불이행(불완전이행)
2024015965,2024-03-21,여자,40 - 49세,울산광역시,방문판매,기타여행,계약불이행(불완전이행)
2024015967,2024-03-21,여자,40 - 49세,경기도,일반판매,항공여객운송서비스,청약철회
2024015968,2024-03-21,여자,30 - 39세,충청남도,기타통신판매,결혼준비대행서비스,계약해제.해지/위약금
2024015969,2024-03-28,여자,30 - 39세,경상남도,일반판매,양복(서양식 의복)세탁,품질(물품/용역)
2024015970,2024-03-21,남자,20 - 29세,서울특별시,일반판매,기타문화·오락시설이용,계약불이행(불완전이행)
2024015971,2024-03-21,여자,50 - 59세,경상남도,일반판매,피부·체형관리서비스,계약해제.해지/위약금
2024015974,2024-03-28,남자,50 - 59세,강원특별자치도,일반판매,양복(서양식 의복)세탁,품질(물품/용역)
2024015976,2024-03-21,여자,50 - 59세,대구광역시,일반판매,냉장고,계약불이행(불완전이행)
2024015977,2024-03-21,남자,40 - 49세,서울특별시,전화권유판매,콘도회원권,계약해제.해지/위약금
2024015978,2024-03-21,여자,30 - 39세,서울특별시,일반판매,예식서비스,계약해제.해지/위약금
2024015980,2024-03-28,남자,40 - 49세,서울특별시,일반판매,기타간편복,품질(물품/용역)
2024015981,2024-03-21,남자,40 - 49세,서울특별시,기타통신판매,독서실이용,계약해제.해지/위약금
2024015982,2024-03-21,여자,60 - 64세,경기도,일반판매,점퍼·재킷류,청약철회
2024015983,2024-03-21,남자,50 - 59세,인천광역시,전화권유판매,인터넷교육서비스,계약해제.해지/위약금
2024015984,2024-03-21,여자,40 - 49세,대전광역시,일반판매,피부과,계약해제.해지/위약금
2024015985,2024-03-21,여자,50 - 59세,경기도,기타,건강(암·기타질병)보험,계약불이행(불완전이행)
2024015989,2024-03-21,남자,30 - 39세,서울특별시,국내온라인거래,니트(스웨터),계약해제.해지/위약금
2024015990,2024-03-21,여자,50 - 59세,경상남도,일반판매,중형승용자동차,품질(물품/용역)
2024015991,2024-03-21,여자,30 - 39세,경기도,일반판매,음식물처리기대여(렌트),계약해제.해지/위약금
2024015992,2024-03-21,남자,30 - 39세,경기도,국내온라인거래,메모리,청약철회
2024015993,2024-03-28,남자,50 - 59세,경기도,일반판매,양복(서양식 의복)세탁,품질(물품/용역)
2024015994,2024-03-21,여자,50 - 59세,경상북도,TV홈쇼핑,국외여행,계약해제.해지/위약금
2024015995,2024-03-21,여자,60 - 64세,서울특별시,국내온라인거래,국외여행,계약해제.해지/위약금
2024015996,2024-03-21,여자,60 - 64세,울산광역시,일반판매,헬스장,계약해제.해지/위약금
2024015997,2024-03-21,남자,30 - 39세,서울특별시,국내온라인거래,인터넷정보이용서비스,품질(물품/용역)
2024015998,2024-03-21,여자,40 - 49세,인천광역시,기타,기타사설강습서비스,청약철회
2024015999,2024-03-21,여자,20 - 29세,서울특별시,일반판매,기타이동통신,계약해제.해지/위약금
2024016000,2024-03-21,남자,20 - 29세,제주도,일반판매,헬스장,계약해제.해지/위약금
2024016001,2024-03-21,남자,30 - 39세,경기도,일반판매,예식서비스,계약해제.해지/위약금
2024016002,2024-03-21,여자,20 - 29세,서울특별시,국내온라인거래,블라우스,청약철회
2024016003,2024-03-21,남자,30 - 39세,서울특별시,기타,국내결혼중개,계약해제.해지/위약금
2024016004,2024-03-21,남자,30 - 39세,부산광역시,기타,컴퓨터수리,AS불만
2024016005,2024-03-21,여자,30 - 39세,서울특별시,일반판매,필라테스,계약해제.해지/위약금
2024016006,2024-03-21,여자,30 - 39세,경기도,방문판매,소파,품질(물품/용역)
2024016007,2024-03-21,여자,30 - 39세,서울특별시,일반판매,피부·체형관리서비스,품질(물품/용역)
2024016008,2024-03-21,여자,65 - 69세,경기도,방문판매,소파,품질(물품/용역)
2024016009,2024-03-21,남자,50 - 59세,경기도,기타,기타미분류서비스,계약불이행(불완전이행)
2024016010,2024-03-21,남자,40 - 49세,충청북도,일반판매,항공여객운송서비스,부당행위
2024016011,2024-03-21,여자,40 - 49세,경상남도,일반판매,학습지,계약해제.해지/위약금
2024016012,2024-03-21,남자,60 - 64세,서울특별시,국내온라인거래,스마트폰,AS불만
2024016013,2024-03-21,남자,40 - 49세,충청남도,일반판매,가스보일러,가격.요금
2024016014,2024-03-21,남자,30 - 39세,충청북도,국내온라인거래,기타부엌소모품,품질(물품/용역)
2024016015,2024-03-21,남자,30 - 39세,경기도,일반판매,항공여객운송서비스,안전(제품/시설)
2024016016,2024-03-21,여자,40 - 49세,경기도,일반판매,애완견,부당채권추심
2024016017,2024-03-21,남자,30 - 39세,서울특별시,국제온라인거래,기타숙박시설,가격.요금
2024016018,2024-03-21,여자,20 - 29세,서울특별시,일반판매,헬스장,계약해제.해지/위약금
2024016019,2024-03-21,여자,40 - 49세,충청남도,국내온라인거래,인터넷교육서비스,계약해제.해지/위약금
2024016020,2024-03-21,남자,20 - 29세,서울특별시,방문판매,헬스장,계약해제.해지/위약금
2024016021,2024-03-21,여자,30 - 39세,경기도,일반판매,헬스장,계약해제.해지/위약금
2024016022,2024-03-21,남자,30 - 39세,서울특별시,국내온라인거래,인쇄서비스,청약철회
2024016023,2024-03-21,여자,40 - 49세,대구광역시,일반판매,일반이사운송서비스,계약불이행(불완전이행)
2024016024,2024-03-21,여자,20 - 29세,서울특별시,국제온라인거래,스커트,청약철회
2024016025,2024-03-21,여자,50 - 59세,서울특별시,일반판매,묘지설비,계약해제.해지/위약금
2024016026,2024-03-21,남자,20 - 29세,서울특별시,방문판매,헬스장,계약해제.해지/위약금
2024016027,2024-03-21,여자,30 - 39세,경기도,국내온라인거래,커피메이커,품질(물품/용역)
2024016028,2024-03-21,여자,20 - 29세,서울특별시,국내온라인거래,기타사설강습서비스,계약불이행(불완전이행)
2024016029,2024-03-21,남자,20 - 29세,경기도,국내온라인거래,인터넷교육서비스,계약해제.해지/위약금
2024016030,2024-03-21,남자,40 - 49세,경기도,방문판매,기타사설강습서비스,청약철회
2024016031,2024-03-21,남자,30 - 39세,인천광역시,국내온라인거래,헬스장,계약해제.해지/위약금
2024016032,2024-03-21,여자,40 - 49세,충청남도,국내온라인거래,다이어트식품,품질(물품/용역)
2024016033,2024-03-21,남자,30 - 39세,경기도,모바일거래,식사배달,부당행위
2024016034,2024-03-21,남자,30 - 39세,인천광역시,기타,헬스장,계약해제.해지/위약금
2024016035,2024-03-21,여자,30 - 39세,서울특별시,국내온라인거래,여자용내의류,청약철회
2024016036,2024-03-21,여자,20 - 29세,경기도,기타통신판매,미분류컨설팅(자문),청약철회
2024016037,2024-03-21,여자,30 - 39세,서울특별시,국내온라인거래,기타미분류서비스,계약불이행(불완전이행)
2024016038,2024-03-21,여자,30 - 39세,경기도,국내온라인거래,보석·귀금속,청약철회
2024016039,2024-03-21,여자,50 - 59세,제주도,일반판매,해외유학알선,계약해제.해지/위약금
2024016040,2024-03-21,여자,65 - 69세,경상남도,TV홈쇼핑,기타식생활기기,품질(물품/용역)
2024016041,2024-03-21,남자,30 - 39세,강원특별자치도,국내온라인거래,기타약품,계약불이행(불완전이행)
2024016042,2024-03-21,여자,30 - 39세,서울특별시,일반판매,의상대여(렌트),청약철회
2024016043,2024-03-21,남자,50 - 59세,경기도,국내온라인거래,기타정보이용서비스,청약철회
2024016044,2024-03-21,여자,40 - 49세,부산광역시,일반판매,기타의류·섬유,표시.광고
2024016045,2024-03-21,여자,30 - 39세,서울특별시,모바일거래,블라우스,청약철회
2024016046,2024-03-21,여자,40 - 49세,경기도,일반판매,기타미분류서비스,계약불이행(불완전이행)
2024016047,2024-03-21,남자,40 - 49세,전라북도,기타,기타공조·냉난방기기,계약불이행(불완전이행)
2024016048,2024-03-21,여자,65 - 69세,서울특별시,국내온라인거래,헤어드라이어,청약철회
2024016049,2024-03-21,여자,30 - 39세,인천광역시,일반판매,예식서비스,청약철회
2024016050,2024-03-21,여자,40 - 49세,부산광역시,방문판매,요가,계약해제.해지/위약금
2024016051,2024-03-21,여자,50 - 59세,경기도,국내온라인거래,국외여행,계약해제.해지/위약금
2024016052,2024-03-21,여자,30 - 39세,부산광역시,일반판매,캐주얼바지,청약철회
2024016053,2024-03-21,여자,20 - 29세,인천광역시,일반판매,사진촬영,가격.요금
2024016054,2024-03-21,남자,60 - 64세,인천광역시,일반판매,택배화물운송서비스,계약불이행(불완전이행)
2024016055,2024-03-21,남자,30 - 39세,경상남도,일반판매,미용서비스,계약해제.해지/위약금
2024016056,2024-03-21,여자,20 - 29세,경기도,국내온라인거래,기타의류·섬유,품질(물품/용역)
2024016057,2024-03-21,남자,30 - 39세,서울특별시,일반판매,고시원이용,계약해제.해지/위약금
2024016058,2024-03-21,여자,40 - 49세,대구광역시,소셜커머스(쇼핑),옷장,청약철회
2024016059,2024-03-21,남자,30 - 39세,서울특별시,소셜커머스(쇼핑),기타식품류,품질(물품/용역)
2024016060,2024-03-21,여자,40 - 49세,서울특별시,기타,포장이사운송서비스,계약불이행(불완전이행)
2024016061,2024-03-21,남자,30 - 39세,서울특별시,소셜커머스(쇼핑),응접테이블,청약철회
2024016062,2024-03-21,남자,20 - 29세,경기도,일반판매,이동전화서비스,계약불이행(불완전이행)
2024016063,2024-03-21,여자,30 - 39세,경상남도,모바일거래,스웨터,계약불이행(불완전이행)
2024016064,2024-03-21,여자,40 - 49세,경기도,모바일거래,기타숙박시설,청약철회
2024016065,2024-03-21,여자,65 - 69세,충청남도,국내온라인거래,기타미분류물품,계약불이행(불완전이행)
2024016066,2024-03-21,남자,50 - 59세,경기도,일반판매,공업용기계,품질(물품/용역)
2024016067,2024-03-21,여자,50 - 59세,인천광역시,국내온라인거래,안마의자,AS불만
2024016068,2024-03-21,여자,20 - 29세,충청남도,일반판매,예식서비스,계약해제.해지/위약금
2024016069,2024-03-21,남자,60 - 64세,경기도,국내온라인거래,기타어패류·어패류가공식품,청약철회
2024016070,2024-03-21,남자,30 - 39세,경기도,일반판매,헬스장,계약해제.해지/위약금
2024016071,2024-03-21,남자,20 - 29세,서울특별시,국내온라인거래,호텔,계약해제.해지/위약금
2024016072,2024-03-21,여자,60 - 64세,경기도,국내온라인거래,가습기,품질(물품/용역)
2024016073,2024-03-21,남자,40 - 49세,충청북도,국내온라인거래,방향제,품질(물품/용역)
2024016074,2024-03-21,여자,20 - 29세,부산광역시,국내온라인거래,스포츠웨어,부당행위
2024016075,2024-03-21,여자,20 - 29세,인천광역시,일반판매,미용서비스,부당행위
2024016076,2024-03-21,여자,40 - 49세,서울특별시,일반판매,필라테스,계약해제.해지/위약금
2024016077,2024-03-21,여자,30 - 39세,경기도,국내온라인거래,녹화음반테이프(비디오카세트LP),계약불이행(불완전이행)
2024016078,2024-03-22,남자,65 - 69세,경기도,전화권유판매,이동전화서비스,계약불이행(불완전이행)
2024016079,2024-03-22,남자,30 - 39세,서울특별시,기타,기타방문·통신교육서비스,계약해제.해지/위약금
2024016080,2024-03-22,여자,50 - 59세,경상북도,전화권유판매,유사투자자문,계약해제.해지/위약금
2024016081,2024-03-22,남자,65 - 69세,서울특별시,기타통신판매,기타보건·위생용품,청약철회
2024016082,2024-03-22,남자,30 - 39세,경기도,방문판매,콘도회원권,청약철회
2024016083,2024-03-22,여자,60 - 64세,서울특별시,일반판매,기타사설강습서비스,계약해제.해지/위약금
2024016084,2024-03-22,여자,40 - 49세,경기도,국내온라인거래,운동화,청약철회
2024016085,2024-03-22,남자,30 - 39세,서울특별시,기타통신판매,사진촬영,청약철회
2024016086,2024-03-22,남자,40 - 49세,경기도,국내온라인거래,전기자전거,청약철회
2024016087,2024-03-22,남자,50 - 59세,경기도,일반판매,자동차대여(렌트),가격.요금
2024016089,2024-03-22,남자,40 - 49세,서울특별시,일반판매,화재보험,계약불이행(불완전이행)
2024016090,2024-03-22,여자,50 - 59세,서울특별시,TV홈쇼핑,음식물처리기대여(렌트),AS불만
2024016091,2024-03-22,여자,65 - 69세,서울특별시,일반판매,건강(암·기타질병)보험,계약불이행(불완전이행)
2024016092,2024-03-22,여자,50 - 59세,경기도,일반판매,안마의자,AS불만
2024016093,2024-03-22,여자,20 - 29세,서울특별시,일반판매,각종자격취득강습,청약철회
2024016094,2024-03-22,여자,불명,경상북도,국내온라인거래,호텔,계약해제.해지/위약금
2024016095,2024-03-22,여자,50 - 59세,경기도,일반판매,한의원,계약불이행(불완전이행)
2024016097,2024-03-22,남자,50 - 59세,서울특별시,방문판매,상해보험,부당행위
2024016098,2024-03-22,여자,50 - 59세,경기도,기타,실손보험,계약불이행(불완전이행)
2024016100,2024-03-22,남자,30 - 39세,경기도,일반판매,대형승용자동차,AS불만
2024016101,2024-03-22,여자,30 - 39세,서울특별시,국내온라인거래,서랍장,품질(물품/용역)
2024016102,2024-03-22,여자,40 - 49세,서울특별시,일반판매,하수도위생서비스,계약불이행(불완전이행)
2024016103,2024-03-22,여자,30 - 39세,충청북도,국내온라인거래,호텔,계약해제.해지/위약금
2024016104,2024-03-22,여자,50 - 59세,인천광역시,기타통신판매,기타신발·용품,계약불이행(불완전이행)
2024016105,2024-03-28,여자,50 - 59세,서울특별시,일반판매,점퍼·재킷류,품질(물품/용역)
2024016106,2024-03-22,남자,40 - 49세,세종특별자치시,방문판매,콘도회원권,계약해제.해지/위약금
2024016107,2024-03-22,남자,70 - 79세,경상남도,일반판매,공기청정기대여(렌트),계약해제.해지/위약금
2024016108,2024-03-22,남자,40 - 49세,서울특별시,일반판매,상품권,약관
2024016109,2024-03-22,여자,50 - 59세,경기도,국내온라인거래,가습기,품질(물품/용역)
2024016110,2024-03-22,여자,40 - 49세,전라남도,국내온라인거래,신유형상품권,부당행위
2024016111,2024-03-22,남자,40 - 49세,서울특별시,국내온라인거래,기타정보이용서비스,계약해제.해지/위약금
2024016112,2024-03-22,남자,불명,광주광역시,일반판매,호텔,계약불이행(불완전이행)
2024016113,2024-03-22,남자,50 - 59세,경기도,일반판매,대형승용자동차,품질(물품/용역)
2024016114,2024-03-22,남자,50 - 59세,경기도,기타,정수기대여(렌트),품질(물품/용역)
2024016117,2024-03-22,남자,50 - 59세,서울특별시,국내온라인거래,중형승용자동차,계약불이행(불완전이행)
2024016119,2024-03-22,여자,30 - 39세,서울특별시,국내온라인거래,장식장,청약철회
2024016120,2024-03-22,남자,40 - 49세,서울특별시,전화권유판매,유사투자자문,계약불이행(불완전이행)
2024016121,2024-03-22,남자,30 - 39세,서울특별시,국내온라인거래,항공여객운송서비스,청약철회
2024016122,2024-03-22,여자,20 - 29세,서울특별시,일반판매,한의원,계약해제.해지/위약금
2024016123,2024-03-22,여자,20 - 29세,인천광역시,기타,초고속인터넷,표시.광고
2024016124,2024-03-22,남자,20 - 29세,경기도,일반판매,헬스장,계약해제.해지/위약금
2024016125,2024-03-22,여자,70 - 79세,경기도,기타,기타의류·섬유,청약철회
2024016126,2024-03-22,남자,40 - 49세,서울특별시,일반판매,예식서비스,계약해제.해지/위약금
2024016127,2024-03-22,여자,30 - 39세,경기도,국내온라인거래,애완동·식물용품,청약철회
2024016128,2024-03-22,여자,40 - 49세,서울특별시,국내온라인거래,기타매체광고,계약해제.해지/위약금
2024016129,2024-03-22,여자,40 - 49세,경기도,모바일거래,카셰어링,계약해제.해지/위약금
2024016130,2024-03-22,여자,60 - 64세,서울특별시,국내온라인거래,기타가방,청약철회
2024016131,2024-03-22,남자,20 - 29세,인천광역시,국내온라인거래,식사배달,품질(물품/용역)
2024016132,2024-03-22,여자,40 - 49세,부산광역시,일반판매,애완견,품질(물품/용역)
2024016133,2024-03-22,여자,50 - 59세,서울특별시,국내온라인거래,서랍장,표시.광고
2024016134,2024-03-22,남자,30 - 39세,경상북도,소셜커머스(쇼핑),점퍼·재킷류,청약철회
2024016135,2024-03-22,여자,50 - 59세,경기도,기타,건강(암·기타질병)보험,계약불이행(불완전이행)
2024016136,2024-03-22,여자,불명,충청북도,국내온라인거래,기타간편복,계약해제.해지/위약금
2024016139,2024-03-22,남자,40 - 49세,경상북도,기타통신판매,유사투자자문,계약해제.해지/위약금
2024016142,2024-03-22,남자,60 - 64세,경기도,소셜커머스(쇼핑),소파,청약철회
2024016143,2024-03-22,여자,30 - 39세,서울특별시,모바일거래,펜션,계약해제.해지/위약금
2024016144,2024-03-22,남자,불명,경기도,일반판매,기타문화·오락시설이용,계약해제.해지/위약금
2024016146,2024-03-22,남자,30 - 39세,경상남도,국내온라인거래,작동완구,품질(물품/용역)
2024016147,2024-03-28,여자,30 - 39세,경기도,국내온라인거래,점퍼·재킷류,품질(물품/용역)
2024016148,2024-03-22,남자,30 - 39세,대전광역시,일반판매,고시원이용,계약해제.해지/위약금
2024016149,2024-03-22,여자,30 - 39세,서울특별시,일반판매,스마트폰,계약해제.해지/위약금
2024016150,2024-03-22,남자,50 - 59세,경기도,일반판매,전자게임기구,AS불만
2024016152,2024-03-22,여자,40 - 49세,서울특별시,국내온라인거래,스낵과자,계약불이행(불완전이행)
2024016153,2024-03-22,남자,40 - 49세,서울특별시,기타,피부과,품질(물품/용역)
2024016154,2024-03-22,남자,30 - 39세,인천광역시,국내온라인거래,항공여객운송서비스,청약철회
2024016155,2024-03-22,남자,50 - 59세,서울특별시,일반판매,가스보일러,품질(물품/용역)
2024016156,2024-03-22,여자,40 - 49세,경상북도,국내온라인거래,스포츠웨어,계약불이행(불완전이행)
2024016157,2024-03-22,남자,30 - 39세,경기도,일반판매,자동차세차,부당행위
2024016158,2024-03-22,여자,50 - 59세,전라남도,국내온라인거래,기타간편복,계약불이행(불완전이행)
2024016159,2024-03-22,여자,50 - 59세,서울특별시,방문판매,실손보험,계약불이행(불완전이행)
2024016160,2024-03-22,남자,30 - 39세,경기도,기타,유사투자자문,계약해제.해지/위약금
2024016162,2024-03-22,남자,30 - 39세,경기도,기타통신판매,모형완구,청약철회
2024016163,2024-03-22,남자,30 - 39세,경기도,모바일거래,철도여객운송서비스,품질(물품/용역)
2024016164,2024-03-22,남자,40 - 49세,서울특별시,기타,전기온수장판,AS불만
2024016165,2024-03-27,여자,50 - 59세,서울특별시,일반판매,양복(서양식 의복)세탁,품질(물품/용역)
2024016167,2024-03-22,여자,20 - 29세,부산광역시,국내온라인거래,기타간편복,청약철회
2024016168,2024-03-22,여자,30 - 39세,경기도,기타,건강(암·기타질병)보험,계약불이행(불완전이행)
2024016170,2024-03-22,여자,30 - 39세,경기도,국내온라인거래,인터넷교육서비스,계약해제.해지/위약금
2024016171,2024-03-22,남자,50 - 59세,경기도,기타,이동전화서비스,품질(물품/용역)
2024016172,2024-03-22,남자,60 - 64세,대구광역시,기타통신판매,신유형상품권,품질(물품/용역)
2024016173,2024-03-22,여자,30 - 39세,경기도,일반판매,택배화물운송서비스,품질(물품/용역)
2024016174,2024-03-22,여자,40 - 49세,인천광역시,일반판매,외식,계약해제.해지/위약금
2024016175,2024-03-22,남자,50 - 59세,대구광역시,일반판매,자동차수리·점검,품질(물품/용역)
2024016176,2024-03-28,남자,40 - 49세,서울특별시,국내온라인거래,학생용가방,품질(물품/용역)
2024016177,2024-03-22,여자,불명,서울특별시,국내온라인거래,인터넷교육서비스,계약해제.해지/위약금
2024016179,2024-03-22,여자,50 - 59세,경기도,일반판매,기타사설강습서비스,계약해제.해지/위약금
2024016180,2024-03-22,여자,40 - 49세,서울특별시,일반판매,필라테스,계약해제.해지/위약금
2024016181,2024-03-22,여자,30 - 39세,부산광역시,국내온라인거래,점퍼·재킷류,청약철회
2024016183,2024-03-22,여자,30 - 39세,서울특별시,일반판매,포장이사운송서비스,계약불이행(불완전이행)
2024016184,2024-03-22,남자,70 - 79세,충청남도,일반판매,치과,품질(물품/용역)
2024016185,2024-03-22,남자,40 - 49세,대구광역시,모바일거래,골프회원권,계약불이행(불완전이행)
2024016187,2024-03-22,남자,60 - 64세,부산광역시,일반판매,무선인터넷,계약해제.해지/위약금
2024016188,2024-03-22,남자,30 - 39세,경기도,방문판매,콘도회원권,계약불이행(불완전이행)
2024016190,2024-03-22,남자,50 - 59세,대구광역시,국내온라인거래,기타자동차부품,청약철회
2024016191,2024-03-22,여자,60 - 64세,충청남도,일반판매,실손보험,계약불이행(불완전이행)
2024016193,2024-03-22,남자,50 - 59세,전라남도,모바일거래,호텔,계약불이행(불완전이행)
2024016194,2024-03-22,여자,30 - 39세,서울특별시,일반판매,헬스장,계약해제.해지/위약금
2024016195,2024-03-22,남자,50 - 59세,서울특별시,기타통신판매,항공여객운송서비스,계약불이행(불완전이행)
2024016196,2024-03-22,여자,60 - 64세,부산광역시,국내온라인거래,사과,청약철회
2024016197,2024-03-22,여자,30 - 39세,서울특별시,일반판매,헬스장,계약해제.해지/위약금
2024016198,2024-03-22,여자,40 - 49세,서울특별시,전화권유판매,CCTV,가격.요금
2024016200,2024-03-28,남자,30 - 39세,경기도,일반판매,기타가방,품질(물품/용역)
2024016201,2024-03-27,남자,30 - 39세,경기도,일반판매,점퍼·재킷류,품질(물품/용역)
2024016202,2024-03-22,여자,60 - 64세,인천광역시,일반판매,스마트폰,안전(제품/시설)
2024016303,2024-03-22,남자,30 - 39세,서울특별시,기타통신판매,음식물처리기,품질(물품/용역)
2024016304,2024-03-22,남자,30 - 39세,서울특별시,기타,"연회서비스(돌잔치,회갑 등)",계약해제.해지/위약금
2024016305,2024-03-22,여자,20 - 29세,서울특별시,국제온라인거래,호텔,계약해제.해지/위약금
2024016306,2024-03-22,남자,30 - 39세,경기도,일반판매,헬스장,계약해제.해지/위약금
2024016307,2024-03-22,여자,30 - 39세,경기도,국내온라인거래,기타숙박시설,청약철회
2024016308,2024-03-22,남자,30 - 39세,경기도,소셜커머스(쇼핑),점퍼·재킷류,표시.광고
2024016309,2024-03-22,여자,50 - 59세,강원특별자치도,국내온라인거래,전기압력밥솥,품질(물품/용역)
2024016310,2024-03-22,여자,30 - 39세,서울특별시,방문판매,헬스장,계약해제.해지/위약금
2024016311,2024-03-22,여자,30 - 39세,서울특별시,국내온라인거래,고구마,청약철회
2024016312,2024-03-22,여자,50 - 59세,경기도,방문판매,필라테스,계약해제.해지/위약금
2024016313,2024-03-22,여자,50 - 59세,전라북도,국내온라인거래,스커트,계약불이행(불완전이행)
2024016314,2024-03-22,여자,60 - 64세,경기도,국내온라인거래,기타재봉·세탁·청소용품,AS불만
2024016315,2024-03-22,여자,30 - 39세,경상남도,국내온라인거래,국외여행,계약불이행(불완전이행)
2024016316,2024-03-22,남자,30 - 39세,서울특별시,일반판매,스마트폰,AS불만
2024016317,2024-03-22,여자,40 - 49세,충청남도,일반판매,초고속인터넷,계약해제.해지/위약금
2024016318,2024-03-22,여자,20 - 29세,경기도,일반판매,예식서비스,청약철회
2024016319,2024-03-22,남자,30 - 39세,경기도,소셜커머스(쇼핑),소파,계약불이행(불완전이행)
2024016320,2024-03-22,여자,40 - 49세,충청북도,일반판매,숙녀화(구두·부츠 등),품질(물품/용역)
2024016321,2024-03-22,남자,60 - 64세,서울특별시,일반판매,유사투자자문,계약해제.해지/위약금
2024016322,2024-03-22,남자,30 - 39세,서울특별시,일반판매,스마트폰,AS불만
2024016323,2024-03-22,여자,20 - 29세,서울특별시,방문판매,헬스장,계약해제.해지/위약금
2024016324,2024-03-22,여자,40 - 49세,경기도,일반판매,헬스장,계약해제.해지/위약금
2024016325,2024-03-22,여자,50 - 59세,경기도,국내온라인거래,기타일반화장품,표시.광고
2024016326,2024-03-22,남자,30 - 39세,서울특별시,일반판매,도시가스,가격.요금
2024016327,2024-03-22,남자,30 - 39세,대전광역시,국내온라인거래,식기세척기,계약불이행(불완전이행)
2024016328,2024-03-22,남자,40 - 49세,경기도,국내온라인거래,기타컴퓨터·주변기기,품질(물품/용역)
2024016329,2024-03-22,남자,30 - 39세,인천광역시,전화권유판매,CCTV,계약해제.해지/위약금
2024016331,2024-03-22,남자,80세이상,경상북도,일반판매,이동전화서비스,청약철회
2024016332,2024-03-22,여자,40 - 49세,경기도,국내온라인거래,기타스포츠·레저기구·용품,청약철회
2024016333,2024-03-22,여자,30 - 39세,경기도,일반판매,헬스장,계약해제.해지/위약금
2024016334,2024-03-22,남자,40 - 49세,서울특별시,모바일거래,모바일게임서비스,청약철회
2024016335,2024-03-22,남자,70 - 79세,전라남도,기타,신유형상품권,계약불이행(불완전이행)
2024016336,2024-03-22,남자,30 - 39세,대구광역시,모바일거래,이동전화서비스,부당행위
2024016337,2024-03-22,남자,40 - 49세,대전광역시,일반판매,기타인테리어설비,품질(물품/용역)
2024016338,2024-03-22,여자,50 - 59세,경기도,국내온라인거래,항공여객운송서비스,청약철회
2024016339,2024-03-22,여자,40 - 49세,경기도,국내온라인거래,헤어드라이어,품질(물품/용역)
2024016340,2024-03-22,남자,30 - 39세,경기도,일반판매,골프회원권,계약해제.해지/위약금
2024016341,2024-03-22,여자,30 - 39세,경기도,일반판매,헬스장,계약해제.해지/위약금
2024016342,2024-03-22,남자,50 - 59세,서울특별시,일반판매,욕실설비,AS불만
2024016343,2024-03-22,여자,20 - 29세,강원특별자치도,일반판매,헬스장,계약해제.해지/위약금
2024016344,2024-03-22,남자,30 - 39세,서울특별시,국내온라인거래,침대,청약철회
2024016345,2024-03-22,남자,30 - 39세,경기도,기타통신판매,기타가방,계약불이행(불완전이행)
2024016346,2024-03-22,여자,40 - 49세,경기도,일반판매,음식물처리기,AS불만
2024016347,2024-03-22,여자,30 - 39세,대구광역시,방문판매,결혼준비대행서비스,부당행위
2024016348,2024-03-22,여자,40 - 49세,서울특별시,일반판매,필라테스,계약해제.해지/위약금
2024016349,2024-03-22,남자,40 - 49세,경기도,모바일거래,항공여객운송서비스,가격.요금
2024016350,2024-03-22,여자,30 - 39세,강원특별자치도,전화권유판매,미분류대여(렌트),계약해제.해지/위약금
2024016351,2024-03-22,여자,40 - 49세,충청남도,전화권유판매,기타인터넷기반서비스,계약불이행(불완전이행)
2024016352,2024-03-22,여자,30 - 39세,경상남도,일반판매,종합체육시설회원권,계약해제.해지/위약금
2024016353,2024-03-22,여자,40 - 49세,경기도,국내온라인거래,기타일반화장품,청약철회
2024016354,2024-03-22,남자,30 - 39세,광주광역시,일반판매,외식,품질(물품/용역)
2024016355,2024-03-22,여자,20 - 29세,대구광역시,기타,결혼준비대행서비스,부당행위
2024016356,2024-03-22,여자,50 - 59세,인천광역시,일반판매,인터넷교육서비스,계약해제.해지/위약금
2024016357,2024-03-22,여자,20 - 29세,서울특별시,모바일거래,사진촬영,계약해제.해지/위약금
2024016358,2024-03-22,남자,40 - 49세,경기도,국내온라인거래,전기팬히터,표시.광고
2024016359,2024-03-22,여자,20 - 29세,광주광역시,국내온라인거래,신변용품·악세서리대여(렌트),청약철회
2024016360,2024-03-22,남자,30 - 39세,부산광역시,일반판매,헬스장,계약해제.해지/위약금
2024016361,2024-03-22,남자,30 - 39세,인천광역시,일반판매,기타인테리어설비,품질(물품/용역)
2024016362,2024-03-22,남자,40 - 49세,서울특별시,일반판매,변호서비스,부당행위
2024016363,2024-03-22,남자,50 - 59세,서울특별시,일반판매,점퍼·재킷류,품질(물품/용역)
2024016364,2024-03-22,여자,20 - 29세,서울특별시,국내온라인거래,호텔,계약해제.해지/위약금
2024016365,2024-03-22,남자,30 - 39세,부산광역시,방문판매,헬스장,계약해제.해지/위약금
2024016366,2024-03-22,남자,40 - 49세,경기도,일반판매,포장이사운송서비스,품질(물품/용역)
2024016367,2024-03-22,남자,40 - 49세,서울특별시,국내온라인거래,건물청소서비스,계약불이행(불완전이행)
2024016368,2024-03-22,여자,30 - 39세,서울특별시,국제온라인거래,항공여객운송서비스,가격.요금
2024016369,2024-03-22,여자,30 - 39세,대구광역시,국내온라인거래,국외여행,부당행위
2024016370,2024-03-22,여자,40 - 49세,대구광역시,국내온라인거래,통신기기케이스,품질(물품/용역)
2024016371,2024-03-22,남자,50 - 59세,경기도,국내온라인거래,TV,계약불이행(불완전이행)
2024016372,2024-03-22,남자,40 - 49세,인천광역시,기타,노인복지,품질(물품/용역)
2024016373,2024-03-22,남자,40 - 49세,강원특별자치도,일반판매,항공여객운송서비스,계약불이행(불완전이행)
2024016374,2024-03-22,남자,50 - 59세,서울특별시,국내온라인거래,모니터,계약해제.해지/위약금
2024016375,2024-03-22,여자,40 - 49세,경기도,기타,침대,AS불만
2024016376,2024-03-23,남자,20 - 29세,서울특별시,국내온라인거래,기타통신기기,표시.광고
2024016377,2024-03-23,남자,40 - 49세,서울특별시,기타,항공여객운송서비스,계약불이행(불완전이행)
2024016378,2024-03-22,여자,20 - 29세,경상남도,일반판매,헬스장,계약해제.해지/위약금
2024016379,2024-03-22,여자,20 - 29세,부산광역시,방문판매,필라테스,계약해제.해지/위약금
2024016380,2024-03-22,남자,30 - 39세,강원특별자치도,국내온라인거래,인공감미료,청약철회
2024016381,2024-03-22,남자,20 - 29세,경기도,기타,피부·체형관리서비스,청약철회
2024016382,2024-03-23,여자,10 - 19세,서울특별시,모바일거래,미용서비스,거래관행
2024016383,2024-03-22,여자,65 - 69세,경기도,일반판매,기타의료용구,청약철회
2024016384,2024-03-22,여자,30 - 39세,경기도,국내온라인거래,기타간편복,계약불이행(불완전이행)
2024016385,2024-03-22,남자,50 - 59세,인천광역시,일반판매,냉장고,품질(물품/용역)
2024016386,2024-03-22,남자,30 - 39세,경기도,기타,통신기기주변장치,계약불이행(불완전이행)
2024016387,2024-03-22,여자,20 - 29세,서울특별시,국내온라인거래,휴지걸이,청약철회
2024016388,2024-03-22,남자,50 - 59세,서울특별시,국내온라인거래,호텔,품질(물품/용역)
2024016389,2024-03-22,남자,30 - 39세,경상남도,국내온라인거래,인터넷교육서비스,계약불이행(불완전이행)
2024016390,2024-03-22,여자,40 - 49세,충청남도,기타,포장이사운송서비스,부당행위
2024016391,2024-03-22,남자,60 - 64세,서울특별시,일반판매,침대,품질(물품/용역)
2024016392,2024-03-22,여자,40 - 49세,제주도,방문판매,정수기대여(렌트),계약해제.해지/위약금
2024016393,2024-03-22,남자,50 - 59세,경기도,일반판매,기타정보이용서비스,부당행위
2024016394,2024-03-22,여자,30 - 39세,경상북도,국내온라인거래,기저귀,청약철회
2024016395,2024-03-22,여자,30 - 39세,경기도,국내온라인거래,호텔,계약불이행(불완전이행)
2024016396,2024-03-22,여자,20 - 29세,경기도,국내온라인거래,스웨터,부당행위
2024016397,2024-03-22,남자,40 - 49세,충청남도,소셜커머스(쇼핑),기타책상·테이블류,계약해제.해지/위약금
2024016399,2024-03-24,남자,30 - 39세,경기도,모바일거래,스마트폰,계약불이행(불완전이행)
2024016400,2024-03-24,남자,30 - 39세,충청남도,국내온라인거래,보석·귀금속,AS불만
2024016401,2024-03-24,남자,20 - 29세,경기도,국내온라인거래,항공여객운송서비스,계약해제.해지/위약금
2024016402,2024-03-24,여자,40 - 49세,충청남도,국내온라인거래,카메라,품질(물품/용역)
2024016403,2024-03-24,남자,50 - 59세,경기도,일반판매,피부과,품질(물품/용역)
2024016404,2024-03-24,남자,40 - 49세,서울특별시,국내온라인거래,티셔츠,청약철회
2024016405,2024-03-24,여자,20 - 29세,경상남도,국내온라인거래,코트,청약철회
2024016406,2024-03-24,여자,50 - 59세,서울특별시,국내온라인거래,이동전화서비스,가격.요금
2024016407,2024-03-24,여자,20 - 29세,서울특별시,모바일거래,건물청소서비스,품질(물품/용역)
2024016408,2024-03-24,남자,70 - 79세,서울특별시,일반판매,초고속인터넷,계약불이행(불완전이행)
2024016409,2024-03-24,여자,30 - 39세,서울특별시,일반판매,헬스장,계약해제.해지/위약금
2024016410,2024-03-24,여자,40 - 49세,울산광역시,국내온라인거래,항공여객운송서비스,이자.수수료
2024016411,2024-03-24,남자,40 - 49세,서울특별시,국내온라인거래,기타정보이용서비스,계약불이행(불완전이행)
2024016412,2024-03-24,여자,50 - 59세,경기도,일반판매,기타인테리어설비,품질(물품/용역)
2024016413,2024-03-24,남자,20 - 29세,서울특별시,일반판매,헬스장,안전(제품/시설)
2024016414,2024-03-24,남자,30 - 39세,부산광역시,소셜커머스(쇼핑),정수기,청약철회
2024016415,2024-03-24,여자,30 - 39세,경상남도,국제온라인거래,기타숙박시설,청약철회
2024016416,2024-03-24,여자,30 - 39세,서울특별시,일반판매,요가,계약해제.해지/위약금
2024016417,2024-03-25,여자,20 - 29세,경기도,소셜커머스(쇼핑),학생용가방,청약철회
2024016418,2024-03-25,여자,40 - 49세,경기도,일반판매,건물청소서비스,계약불이행(불완전이행)
2024016419,2024-03-25,남자,40 - 49세,서울특별시,국내온라인거래,호텔,계약해제.해지/위약금
2024016420,2024-03-25,남자,40 - 49세,서울특별시,일반판매,외식,안전(제품/시설)
2024016421,2024-03-25,여자,50 - 59세,경상남도,일반판매,애완고양이,품질(물품/용역)
2024016422,2024-03-25,여자,50 - 59세,경기도,일반판매,전기장판,안전(제품/시설)
2024016423,2024-03-25,여자,50 - 59세,울산광역시,소셜커머스(쇼핑),전기맛사지기,표시.광고
2024016424,2024-03-25,남자,70 - 79세,충청남도,국제온라인거래,스피커,계약불이행(불완전이행)
2024016425,2024-03-25,여자,30 - 39세,경기도,소셜커머스(쇼핑),캐주얼바지,청약철회
2024016428,2024-03-25,남자,70 - 79세,경기도,국내온라인거래,기타채소·채소가공식품,품질(물품/용역)
2024016429,2024-03-25,여자,70 - 79세,인천광역시,일반판매,헬스장,계약해제.해지/위약금
2024016430,2024-03-25,여자,60 - 64세,경기도,기타통신판매,국외여행,계약해제.해지/위약금
2024016431,2024-03-25,여자,40 - 49세,경기도,모바일거래,기타건강식품,품질(물품/용역)
2024016432,2024-03-25,남자,50 - 59세,서울특별시,기타,IPTV,가격.요금
2024016433,2024-03-25,여자,20 - 29세,인천광역시,일반판매,이동전화서비스,부당행위
2024016434,2024-03-25,남자,20 - 29세,인천광역시,일반판매,이동전화서비스,부당행위
2024016436,2024-03-25,여자,30 - 39세,서울특별시,일반판매,피부과,계약해제.해지/위약금
2024016437,2024-03-25,여자,50 - 59세,전라남도,방문판매,실손보험,계약불이행(불완전이행)
2024016438,2024-03-25,여자,50 - 59세,경기도,일반판매,기타곡류·곡류가공식품,품질(물품/용역)
2024016439,2024-03-25,남자,30 - 39세,부산광역시,국내온라인거래,텐트,품질(물품/용역)
2024016440,2024-03-25,여자,20 - 29세,서울특별시,국내온라인거래,국외여행,계약불이행(불완전이행)
2024016441,2024-03-25,여자,30 - 39세,서울특별시,일반판매,기타예식관련서비스,계약해제.해지/위약금
2024016442,2024-03-25,여자,30 - 39세,서울특별시,기타통신판매,사진촬영,계약해제.해지/위약금
2024016443,2024-03-25,여자,65 - 69세,광주광역시,일반판매,가발,계약불이행(불완전이행)
2024016444,2024-03-25,남자,30 - 39세,경기도,일반판매,헬스장,계약해제.해지/위약금
2024016445,2024-03-25,남자,40 - 49세,경기도,일반판매,중형승용자동차,계약불이행(불완전이행)
2024016446,2024-03-25,여자,30 - 39세,서울특별시,일반판매,헬스장,계약해제.해지/위약금
2024016447,2024-03-25,여자,20 - 29세,서울특별시,일반판매,헬스장,계약해제.해지/위약금
2024016448,2024-03-25,여자,불명,경상남도,국내온라인거래,커피메이커,AS불만
2024016449,2024-03-25,여자,50 - 59세,경기도,일반판매,요가,계약해제.해지/위약금
2024016450,2024-03-25,남자,70 - 79세,대구광역시,일반판매,공중목욕탕,거래관행
2024016451,2024-03-25,남자,20 - 29세,부산광역시,일반판매,자동차주차장,가격.요금
2024016452,2024-03-25,여자,50 - 59세,경기도,일반판매,자동차대여(렌트),품질(물품/용역)
2024016453,2024-03-25,여자,40 - 49세,경기도,국내온라인거래,기타건강식품,청약철회
2024016455,2024-03-25,여자,50 - 59세,서울특별시,일반판매,실손보험,계약불이행(불완전이행)
2024016456,2024-03-25,여자,20 - 29세,서울특별시,소셜커머스(쇼핑),캐주얼바지,청약철회
2024016457,2024-03-25,남자,20 - 29세,인천광역시,국내온라인거래,기타사무용품,청약철회
2024016458,2024-03-25,여자,40 - 49세,경기도,방문판매,상해보험,계약불이행(불완전이행)
2024016459,2024-03-25,남자,40 - 49세,인천광역시,일반판매,음식물처리기,AS불만
2024016460,2024-03-25,남자,30 - 39세,대전광역시,일반판매,자동차수리·점검,계약불이행(불완전이행)
2024016461,2024-03-25,여자,50 - 59세,서울특별시,국내온라인거래,전기구강세정기,품질(물품/용역)
2024016462,2024-03-25,남자,50 - 59세,인천광역시,일반판매,경승용차,AS불만
2024016463,2024-03-25,여자,30 - 39세,서울특별시,일반판매,결혼준비대행서비스,계약해제.해지/위약금
2024016464,2024-03-25,여자,50 - 59세,강원특별자치도,일반판매,피부과,계약해제.해지/위약금
2024016465,2024-03-25,여자,50 - 59세,경기도,국내온라인거래,국외여행,계약해제.해지/위약금
2024016466,2024-03-25,남자,30 - 39세,경기도,국내온라인거래,헤드폰·이어폰,계약불이행(불완전이행)
2024016467,2024-03-25,남자,40 - 49세,경기도,일반판매,건물관리서비스,부당행위
2024016468,2024-03-25,남자,40 - 49세,경상남도,일반판매,건강(암·기타질병)보험,계약불이행(불완전이행)
2024016469,2024-03-25,여자,20 - 29세,경기도,일반판매,헬스장,계약해제.해지/위약금
2024016470,2024-03-25,여자,30 - 39세,서울특별시,국내온라인거래,원피스,청약철회
2024016471,2024-03-25,남자,50 - 59세,대구광역시,소셜커머스(쇼핑),스프링매트리스,표시.광고
2024016472,2024-03-25,남자,40 - 49세,경기도,국내온라인거래,전기진공청소기,계약불이행(불완전이행)
2024016473,2024-03-25,여자,60 - 64세,경상남도,기타,건강(암·기타질병)보험,계약불이행(불완전이행)
2024016474,2024-03-25,여자,80세이상,서울특별시,TV홈쇼핑,기타건강식품,품질(물품/용역)
2024016477,2024-03-25,남자,30 - 39세,서울특별시,일반판매,치과,품질(물품/용역)
2024016479,2024-03-25,남자,50 - 59세,전라북도,일반판매,자동차수리·점검,품질(물품/용역)
2024016482,2024-03-25,남자,30 - 39세,울산광역시,국내온라인거래,기타자동차부품,계약불이행(불완전이행)
2024016486,2024-03-25,여자,30 - 39세,경상남도,일반판매,헬스장,계약해제.해지/위약금
2024016488,2024-03-25,여자,40 - 49세,서울특별시,모바일거래,모바일정보이용서비스,계약불이행(불완전이행)
2024016489,2024-03-25,여자,20 - 29세,서울특별시,국내온라인거래,기타신변용품,청약철회
2024016491,2024-03-25,여자,30 - 39세,충청북도,국내온라인거래,기타간편복,계약해제.해지/위약금
2024016494,2024-03-25,남자,30 - 39세,서울특별시,모바일거래,신유형상품권,계약불이행(불완전이행)
2024016495,2024-03-25,여자,40 - 49세,경기도,일반판매,애완견,품질(물품/용역)
2024016496,2024-03-25,여자,40 - 49세,서울특별시,국내온라인거래,기타가방,부당행위
2024016497,2024-03-25,남자,60 - 64세,경기도,전화권유판매,이동전화서비스,계약해제.해지/위약금
2024016498,2024-03-25,남자,40 - 49세,서울특별시,모바일거래,외화예·적금,부당행위
2024016499,2024-03-25,여자,20 - 29세,인천광역시,일반판매,필라테스,계약해제.해지/위약금
2024016500,2024-03-27,여자,30 - 39세,서울특별시,국내온라인거래,타올,품질(물품/용역)
2024016501,2024-03-25,여자,30 - 39세,서울특별시,일반판매,자동차대여(렌트),부당행위
2024016505,2024-03-25,남자,50 - 59세,부산광역시,일반판매,택배화물운송서비스,거래관행
2024016506,2024-03-25,여자,50 - 59세,경기도,기타,기타민영보험,부당행위
2024016508,2024-03-25,남자,30 - 39세,경기도,국내온라인거래,건물청소서비스,계약불이행(불완전이행)
2024016511,2024-03-25,남자,60 - 64세,인천광역시,기타,가스보일러,AS불만
2024016512,2024-03-25,남자,30 - 39세,서울특별시,국내온라인거래,인터넷게임서비스,청약철회
2024016514,2024-03-25,여자,40 - 49세,서울특별시,국내온라인거래,기타모피·가죽의류,청약철회
2024016515,2024-03-25,남자,30 - 39세,부산광역시,국내온라인거래,의자,청약철회
2024016516,2024-03-25,여자,30 - 39세,경기도,일반판매,기타조명기기,품질(물품/용역)
2024016517,2024-03-25,남자,40 - 49세,경기도,모바일거래,케이크,계약불이행(불완전이행)
2024016518,2024-03-25,남자,40 - 49세,경기도,기타,골프회원권,계약해제.해지/위약금
2024016519,2024-03-25,여자,30 - 39세,경기도,국내온라인거래,국외여행,계약해제.해지/위약금
2024016520,2024-03-25,여자,40 - 49세,경기도,국내온라인거래,포도씨유제품,품질(물품/용역)
2024016521,2024-03-25,여자,30 - 39세,인천광역시,기타,결혼준비대행서비스,계약해제.해지/위약금
2024016522,2024-03-25,여자,50 - 59세,경상남도,전화권유판매,상품권,계약해제.해지/위약금
2024016523,2024-03-25,남자,50 - 59세,전라북도,일반판매,등산화,AS불만
2024016525,2024-03-25,여자,30 - 39세,서울특별시,기타,의상대여(렌트),계약해제.해지/위약금
2024016526,2024-03-25,남자,10 - 19세,인천광역시,국내온라인거래,TV,품질(물품/용역)
2024016527,2024-03-25,여자,50 - 59세,경기도,기타통신판매,전기압력밥솥,청약철회
2024016529,2024-03-25,여자,30 - 39세,서울특별시,국내온라인거래,항공여객운송서비스,계약해제.해지/위약금
2024016530,2024-03-25,여자,40 - 49세,서울특별시,TV홈쇼핑,미분류대여(렌트),계약해제.해지/위약금
2024016531,2024-03-25,남자,40 - 49세,경기도,전화권유판매,인터넷정보이용서비스,계약불이행(불완전이행)
2024016532,2024-03-25,여자,40 - 49세,경기도,소셜커머스(쇼핑),스마트폰,표시.광고
2024016533,2024-03-25,여자,40 - 49세,서울특별시,소셜커머스(쇼핑),기타숙박시설,계약해제.해지/위약금
2024016534,2024-03-25,여자,50 - 59세,경기도,방문판매,기타교육서비스,부당행위
2024016535,2024-03-25,남자,30 - 39세,인천광역시,일반판매,변호서비스,계약해제.해지/위약금
2024016536,2024-03-25,여자,20 - 29세,대전광역시,일반판매,피부·체형관리서비스,품질(물품/용역)
2024016537,2024-03-25,여자,40 - 49세,경기도,국내온라인거래,운동화,청약철회
2024016538,2024-03-25,여자,50 - 59세,부산광역시,일반판매,이동전화서비스,계약해제.해지/위약금
2024016539,2024-03-25,남자,30 - 39세,경기도,국내온라인거래,기타숙박시설,청약철회
2024016540,2024-03-25,여자,50 - 59세,경상북도,국내온라인거래,여자용내의류,청약철회
2024016541,2024-03-25,남자,40 - 49세,경기도,일반판매,외식,가격.요금
2024016542,2024-03-25,여자,50 - 59세,경기도,일반판매,커튼,청약철회
2024016543,2024-03-25,남자,20 - 29세,서울특별시,일반판매,헬스장,계약해제.해지/위약금
2024016544,2024-03-25,여자,40 - 49세,강원특별자치도,국내온라인거래,원피스,청약철회
2024016545,2024-03-25,여자,20 - 29세,충청남도,기타,헬스장,계약해제.해지/위약금
2024016546,2024-03-25,남자,50 - 59세,서울특별시,일반판매,기타미분류물품,계약해제.해지/위약금
2024016547,2024-03-25,남자,50 - 59세,경기도,국내온라인거래,스마트폰,표시.광고
2024016548,2024-03-25,남자,20 - 29세,경기도,국내온라인거래,기타미분류서비스,품질(물품/용역)
2024016549,2024-03-25,남자,50 - 59세,전라북도,일반판매,기타음식관련서비스,품질(물품/용역)
2024016550,2024-03-25,여자,30 - 39세,경기도,방문판매,기타의류·섬유,청약철회
2024016551,2024-03-25,여자,50 - 59세,강원특별자치도,국내온라인거래,초음파방충기,표시.광고
2024016552,2024-03-25,남자,40 - 49세,경기도,국내온라인거래,기타컴퓨터·주변기기,안전(제품/시설)
2024016553,2024-03-25,여자,30 - 39세,서울특별시,전화권유판매,초고속인터넷,청약철회
2024016554,2024-03-25,남자,20 - 29세,경상남도,일반판매,자동차세차,품질(물품/용역)
2024016555,2024-03-25,남자,30 - 39세,경기도,일반판매,헬스장,계약불이행(불완전이행)
2024016556,2024-03-25,남자,50 - 59세,경상남도,국내온라인거래,TV,품질(물품/용역)
2024016557,2024-03-25,여자,50 - 59세,경기도,국내온라인거래,필라테스,계약해제.해지/위약금
2024016558,2024-03-25,여자,40 - 49세,전라남도,국내온라인거래,국외여행,품질(물품/용역)
2024016559,2024-03-25,여자,20 - 29세,경기도,일반판매,미용서비스,품질(물품/용역)
2024016560,2024-03-25,남자,30 - 39세,대전광역시,국내온라인거래,기타조명기기,계약해제.해지/위약금
2024016561,2024-03-25,여자,40 - 49세,부산광역시,일반판매,메이크업강습,계약해제.해지/위약금
2024016562,2024-03-25,여자,30 - 39세,서울특별시,전화권유판매,이동전화서비스,청약철회
2024016563,2024-03-25,남자,30 - 39세,인천광역시,국내온라인거래,항공여객운송서비스,부당행위
2024016564,2024-03-25,여자,50 - 59세,서울특별시,국내온라인거래,이불·침대커버,품질(물품/용역)
2024016565,2024-03-25,남자,50 - 59세,경기도,국내온라인거래,보석·귀금속,계약불이행(불완전이행)
2024016566,2024-03-25,여자,20 - 29세,제주도,일반판매,미용서비스,품질(물품/용역)
2024016567,2024-03-25,여자,40 - 49세,서울특별시,국내온라인거래,호텔,
2024016568,2024-03-25,여자,40 - 49세,경기도,일반판매,피부·체형관리서비스,계약해제.해지/위약금
2024016569,2024-03-25,여자,30 - 39세,경기도,국제온라인거래,호텔,계약해제.해지/위약금
2024016570,2024-03-25,여자,60 - 64세,광주광역시,기타,초고속인터넷,계약해제.해지/위약금
2024016571,2024-03-25,여자,30 - 39세,광주광역시,국내온라인거래,쌀,품질(물품/용역)
2024016572,2024-03-25,남자,50 - 59세,경기도,일반판매,스마트폰,가격.요금
2024016573,2024-03-25,여자,30 - 39세,광주광역시,국내온라인거래,외식,계약해제.해지/위약금
2024016574,2024-03-25,남자,40 - 49세,세종특별자치시,일반판매,스마트폰,AS불만
2024016575,2024-03-25,여자,20 - 29세,대전광역시,국내온라인거래,인터넷교육서비스,계약불이행(불완전이행)
2024016576,2024-03-25,남자,30 - 39세,서울특별시,국내온라인거래,소파,품질(물품/용역)
2024016577,2024-03-25,남자,20 - 29세,강원특별자치도,국내온라인거래,점퍼·재킷류,청약철회
2024016578,2024-03-25,남자,30 - 39세,경기도,기타,포장이사운송서비스,계약불이행(불완전이행)
2024016579,2024-03-25,남자,30 - 39세,세종특별자치시,일반판매,포장이사운송서비스,부당행위
2024016580,2024-03-25,여자,30 - 39세,경기도,일반판매,미용서비스,계약해제.해지/위약금
2024016581,2024-03-25,여자,30 - 39세,서울특별시,국내온라인거래,항공여객운송서비스,품질(물품/용역)
2024016582,2024-03-25,남자,30 - 39세,전라남도,일반판매,소파,품질(물품/용역)
2024016583,2024-03-25,여자,20 - 29세,서울특별시,일반판매,헬스장,계약해제.해지/위약금
2024016584,2024-03-25,여자,30 - 39세,대구광역시,모바일거래,스포츠웨어,청약철회
2024016585,2024-03-25,남자,30 - 39세,경기도,국내온라인거래,펜션,계약해제.해지/위약금
2024016586,2024-03-25,남자,20 - 29세,경상남도,방문판매,헬스장,계약해제.해지/위약금
2024016587,2024-03-25,여자,40 - 49세,경기도,기타,피부·체형관리서비스,계약해제.해지/위약금
2024016588,2024-03-25,남자,20 - 29세,경상남도,전화권유판매,인터넷교육서비스,
2024016589,2024-03-25,남자,30 - 39세,인천광역시,국내온라인거래,성기능향상기기,청약철회
2024016590,2024-03-25,남자,30 - 39세,세종특별자치시,국내온라인거래,전기진공청소기,계약불이행(불완전이행)
2024016591,2024-03-25,남자,40 - 49세,대구광역시,국내온라인거래,기타의류·섬유,계약해제.해지/위약금
2024016592,2024-03-25,남자,30 - 39세,광주광역시,국제온라인거래,기타컴퓨터·주변기기,청약철회
2024016593,2024-03-25,여자,40 - 49세,인천광역시,국내온라인거래,텐트,품질(물품/용역)
2024016594,2024-03-25,여자,30 - 39세,서울특별시,모바일거래,건물청소서비스,품질(물품/용역)
2024016595,2024-03-25,여자,30 - 39세,대구광역시,일반판매,헬스장,계약불이행(불완전이행)
2024016596,2024-03-25,여자,40 - 49세,서울특별시,국내온라인거래,기타사설강습서비스,청약철회
2024016597,2024-03-25,여자,40 - 49세,부산광역시,국내온라인거래,건물청소서비스,품질(물품/용역)
2024016598,2024-03-25,여자,30 - 39세,서울특별시,기타통신판매,음식물처리기대여(렌트),품질(물품/용역)
2024016599,2024-03-25,여자,40 - 49세,서울특별시,국내온라인거래,항공여객운송서비스,계약해제.해지/위약금
2024016600,2024-03-25,여자,20 - 29세,경상남도,국내온라인거래,기타의류·섬유,품질(물품/용역)
2024016601,2024-03-25,남자,30 - 39세,경상북도,국내온라인거래,전기세탁기,품질(물품/용역)
2024016602,2024-03-25,남자,30 - 39세,대구광역시,일반판매,식탁,계약불이행(불완전이행)
2024016603,2024-03-25,여자,20 - 29세,서울특별시,국내온라인거래,티셔츠,청약철회
2024016604,2024-03-25,여자,40 - 49세,강원특별자치도,국내온라인거래,돼지고기,품질(물품/용역)
2024016605,2024-03-25,남자,50 - 59세,경기도,일반판매,항공여객운송서비스,계약해제.해지/위약금
2024016606,2024-03-25,여자,20 - 29세,서울특별시,방문판매,피부·체형관리서비스,
2024016607,2024-03-25,여자,10 - 19세,대전광역시,기타통신판매,인터넷교육서비스,청약철회
2024016608,2024-03-25,여자,40 - 49세,제주도,국제온라인거래,국외여행,계약해제.해지/위약금
2024016609,2024-03-25,남자,30 - 39세,충청남도,일반판매,항공여객운송서비스,청약철회
2024016610,2024-03-25,남자,20 - 29세,충청남도,기타,헬스장,계약해제.해지/위약금
2024016611,2024-03-25,남자,40 - 49세,인천광역시,일반판매,항공여객운송서비스,계약불이행(불완전이행)
2024016612,2024-03-25,남자,20 - 29세,경기도,모바일거래,이동전화서비스,계약해제.해지/위약금
2024016613,2024-03-25,남자,30 - 39세,경상남도,기타,레인지후드,AS불만
2024016614,2024-03-25,여자,30 - 39세,경기도,일반판매,보석·귀금속,품질(물품/용역)
2024016615,2024-03-25,여자,30 - 39세,경기도,일반판매,연수기대여(렌트),품질(물품/용역)
2024016616,2024-03-25,여자,30 - 39세,충청북도,방문판매,기타책상·테이블류,품질(물품/용역)
2024016617,2024-03-25,남자,40 - 49세,인천광역시,기타,신용카드,부당행위
2024016618,2024-03-25,남자,50 - 59세,경기도,국내온라인거래,헤어드라이어,AS불만
2024016619,2024-03-25,남자,50 - 59세,대구광역시,기타통신판매,포장이사운송서비스,계약해제.해지/위약금
2024016620,2024-03-25,여자,40 - 49세,경기도,국내온라인거래,블라우스,청약철회
2024016621,2024-03-25,남자,20 - 29세,강원특별자치도,일반판매,헬스장,계약해제.해지/위약금
2024016622,2024-03-25,남자,40 - 49세,경상남도,국내온라인거래,항공여객운송서비스,청약철회
2024016623,2024-03-25,남자,30 - 39세,서울특별시,소셜커머스(쇼핑),TV,표시.광고
2024016624,2024-03-25,남자,20 - 29세,서울특별시,국내온라인거래,항공여객운송서비스,품질(물품/용역)
2024016625,2024-03-25,여자,20 - 29세,대전광역시,국내온라인거래,헤드폰·이어폰,청약철회
2024016626,2024-03-25,여자,50 - 59세,경기도,국내온라인거래,기타의료용구,품질(물품/용역)
2024016627,2024-03-25,남자,30 - 39세,경기도,국내온라인거래,스마트폰,품질(물품/용역)
2024016628,2024-03-25,여자,50 - 59세,경기도,전화권유판매,기타의료용구,AS불만
2024016629,2024-03-25,여자,30 - 39세,부산광역시,국내온라인거래,기타식생활기기,계약불이행(불완전이행)
2024016630,2024-03-25,여자,30 - 39세,경기도,기타,헤드폰·이어폰,계약불이행(불완전이행)
2024016631,2024-03-25,여자,30 - 39세,제주도,국내온라인거래,CD·LD·DVD(영화·음악·게임),청약철회
2024016632,2024-03-25,여자,40 - 49세,서울특별시,국내온라인거래,기타조명기기,표시.광고
2024016633,2024-03-26,남자,60 - 64세,서울특별시,일반판매,초고속인터넷,가격.요금
2024016634,2024-03-26,여자,50 - 59세,서울특별시,국내온라인거래,도배공사,계약불이행(불완전이행)
2024016636,2024-03-26,남자,40 - 49세,경기도,국내온라인거래,매트,표시.광고
2024016637,2024-03-26,남자,50 - 59세,인천광역시,기타통신판매,라이트,계약불이행(불완전이행)
2024016638,2024-03-26,여자,30 - 39세,경기도,일반판매,필라테스,계약해제.해지/위약금
2024016639,2024-03-26,여자,40 - 49세,부산광역시,일반판매,카셰어링,부당행위
2024016640,2024-03-26,여자,50 - 59세,서울특별시,일반판매,정수기대여(렌트),안전(제품/시설)
2024016641,2024-03-26,남자,70 - 79세,경기도,기타,유사투자자문,계약해제.해지/위약금
2024016643,2024-03-26,남자,80세이상,부산광역시,일반판매,건강(암·기타질병)보험,계약불이행(불완전이행)
2024016644,2024-03-26,여자,70 - 79세,서울특별시,일반판매,기타주거관리설비,계약해제.해지/위약금
2024016645,2024-03-26,남자,65 - 69세,서울특별시,일반판매,안경·안경테,청약철회
2024016646,2024-03-26,남자,40 - 49세,경기도,국내온라인거래,룸에어컨,계약해제.해지/위약금
2024016647,2024-03-26,남자,20 - 29세,광주광역시,일반판매,헬스장,계약해제.해지/위약금
2024016648,2024-03-26,여자,40 - 49세,인천광역시,국내온라인거래,액정보호필름,계약불이행(불완전이행)
2024016649,2024-03-26,남자,30 - 39세,제주도,국내온라인거래,묘지설비,계약해제.해지/위약금
2024016650,2024-03-26,여자,40 - 49세,경상남도,일반판매,항공여객운송서비스,청약철회
2024016651,2024-03-26,남자,20 - 29세,인천광역시,일반판매,자동차견인,부당행위
2024016652,2024-03-26,남자,30 - 39세,대구광역시,전화권유판매,투자자문(컨설팅),계약불이행(불완전이행)
2024016653,2024-03-26,여자,20 - 29세,인천광역시,소셜커머스(쇼핑),기타미분류물품,계약불이행(불완전이행)
2024016654,2024-03-26,여자,40 - 49세,전라북도,기타,피부과,품질(물품/용역)
2024016655,2024-03-26,여자,65 - 69세,광주광역시,일반판매,시계,품질(물품/용역)
2024016656,2024-03-26,남자,30 - 39세,경기도,국내온라인거래,TV,품질(물품/용역)
2024016657,2024-03-26,여자,30 - 39세,경기도,국내온라인거래,신유형상품권,계약불이행(불완전이행)
2024016658,2024-03-26,남자,30 - 39세,전라남도,모바일거래,애완동·식물용품,계약불이행(불완전이행)
2024016659,2024-03-26,남자,50 - 59세,충청남도,일반판매,중형승용자동차,품질(물품/용역)
2024016660,2024-03-26,여자,40 - 49세,부산광역시,국내온라인거래,헤어드라이어,표시.광고
2024016661,2024-03-26,남자,50 - 59세,경상남도,기타통신판매,모바일정보이용서비스,계약불이행(불완전이행)
2024016662,2024-03-26,여자,60 - 64세,경기도,일반판매,포장이사운송서비스,품질(물품/용역)
2024016663,2024-03-26,남자,40 - 49세,서울특별시,일반판매,대형승용자동차,품질(물품/용역)
2024016664,2024-03-26,남자,40 - 49세,전라북도,기타,정수기대여(렌트),계약불이행(불완전이행)
2024016665,2024-03-26,여자,60 - 64세,서울특별시,국내온라인거래,골프회원권,계약해제.해지/위약금
2024016666,2024-03-26,여자,50 - 59세,경기도,국내온라인거래,점퍼·재킷류,표시.광고
2024016667,2024-03-26,여자,40 - 49세,서울특별시,국내온라인거래,기타이·미용기구,품질(물품/용역)
2024016668,2024-03-26,여자,40 - 49세,서울특별시,일반판매,기타옥외장비·설비,AS불만
2024016669,2024-03-26,남자,50 - 59세,서울특별시,국내온라인거래,인터넷정보이용서비스,계약해제.해지/위약금
2024016670,2024-03-26,남자,30 - 39세,서울특별시,국내온라인거래,기타숙박시설,청약철회
2024016671,2024-03-26,여자,30 - 39세,서울특별시,국내온라인거래,기타가구,계약불이행(불완전이행)
2024016672,2024-03-26,여자,30 - 39세,서울특별시,국내온라인거래,기타가구,계약불이행(불완전이행)
2024016674,2024-03-26,남자,40 - 49세,경기도,일반판매,기타주택·건물,AS불만
2024016675,2024-03-26,여자,30 - 39세,충청남도,기타,결혼준비대행서비스,계약해제.해지/위약금
2024016678,2024-03-26,남자,40 - 49세,서울특별시,기타통신판매,기타숙박시설,계약해제.해지/위약금
2024016679,2024-03-26,남자,30 - 39세,경기도,국내온라인거래,전기자전거,청약철회
2024016680,2024-03-26,여자,40 - 49세,부산광역시,일반판매,정형외과,품질(물품/용역)
2024016681,2024-03-26,남자,20 - 29세,경기도,일반판매,헬스장,계약해제.해지/위약금
2024016683,2024-03-26,남자,30 - 39세,서울특별시,국내온라인거래,컴퓨터모니터(데스크탑),품질(물품/용역)
2024016684,2024-03-26,여자,50 - 59세,전라남도,일반판매,음식물처리기대여(렌트),계약해제.해지/위약금
2024016685,2024-03-26,남자,50 - 59세,서울특별시,일반판매,케이블TV,거래관행
2024016686,2024-03-26,여자,40 - 49세,서울특별시,국내온라인거래,신유형상품권,부당행위
2024016687,2024-03-26,여자,30 - 39세,서울특별시,국내온라인거래,기타아동복,계약불이행(불완전이행)
2024016688,2024-03-28,여자,30 - 39세,경기도,일반판매,한복세탁,품질(물품/용역)
2024016689,2024-03-26,여자,20 - 29세,인천광역시,일반판매,종합체육시설회원권,계약해제.해지/위약금
2024016690,2024-03-26,남자,65 - 69세,경기도,기타,국내결혼중개,계약해제.해지/위약금
2024016691,2024-03-26,여자,30 - 39세,경기도,국내온라인거래,국외여행,계약불이행(불완전이행)
2024016694,2024-03-26,여자,30 - 39세,경기도,일반판매,도정기,품질(물품/용역)
2024016695,2024-03-26,남자,65 - 69세,서울특별시,일반판매,기타완구·인형,품질(물품/용역)
2024016698,2024-03-26,남자,20 - 29세,서울특별시,모바일거래,카셰어링,계약해제.해지/위약금
2024016699,2024-03-26,남자,70 - 79세,서울특별시,일반판매,치과,단순문의.상담
2024016700,2024-03-26,남자,70 - 79세,서울특별시,일반판매,치과,품질(물품/용역)
2024016702,2024-03-26,여자,40 - 49세,경기도,방문판매,학습지,계약해제.해지/위약금
2024016703,2024-03-26,여자,20 - 29세,부산광역시,일반판매,피부·체형관리서비스,계약불이행(불완전이행)
2024016704,2024-03-26,남자,70 - 79세,전라북도,기타,실손보험,계약불이행(불완전이행)
2024016706,2024-03-26,남자,60 - 64세,경기도,일반판매,침대·매트리스대여(렌트),계약불이행(불완전이행)
2024016708,2024-03-28,남자,50 - 59세,서울특별시,국내온라인거래,니트(스웨터),품질(물품/용역)
2024016709,2024-03-26,남자,60 - 64세,세종특별자치시,국내온라인거래,보석·귀금속,계약불이행(불완전이행)
2024016710,2024-03-28,남자,70 - 79세,부산광역시,일반판매,양복(서양식 의복)세탁,품질(물품/용역)
2024016711,2024-03-26,남자,60 - 64세,경기도,기타통신판매,성기능향상기기,계약불이행(불완전이행)
2024016712,2024-03-26,여자,40 - 49세,충청남도,일반판매,안마의자대여(렌트),품질(물품/용역)
2024016713,2024-03-26,남자,65 - 69세,전라북도,기타,자동차보험,품질(물품/용역)
2024016714,2024-03-26,여자,65 - 69세,경기도,국내온라인거래,화장품세트,청약철회
2024016715,2024-03-26,남자,40 - 49세,인천광역시,국내온라인거래,기타건축자재,계약불이행(불완전이행)
2024016716,2024-03-26,여자,30 - 39세,서울특별시,일반판매,외식,계약해제.해지/위약금
2024016717,2024-03-26,남자,불명,경기도,일반판매,TV,AS불만
2024016719,2024-03-26,남자,10 - 19세,경기도,국내온라인거래,교통카드,부당행위
2024016720,2024-03-26,남자,60 - 64세,충청북도,방문판매,실손보험,계약불이행(불완전이행)
2024016722,2024-03-26,남자,20 - 29세,전라남도,일반판매,자동차대여(렌트),부당행위
2024016723,2024-03-26,남자,70 - 79세,서울특별시,국내온라인거래,인덕션레인지,표시.광고
2024016724,2024-03-26,남자,40 - 49세,경기도,국내온라인거래,항공여객운송서비스,계약해제.해지/위약금
2024016726,2024-03-26,여자,40 - 49세,인천광역시,일반판매,초고속인터넷,계약불이행(불완전이행)
2024016727,2024-03-26,남자,65 - 69세,서울특별시,일반판매,재활의학과,품질(물품/용역)
2024016728,2024-03-26,여자,30 - 39세,서울특별시,일반판매,헬스장,계약해제.해지/위약금
2024016729,2024-03-26,여자,40 - 49세,서울특별시,국내온라인거래,캐주얼바지,청약철회
2024016732,2024-03-26,남자,40 - 49세,서울특별시,방문판매,기타세탁서비스,계약불이행(불완전이행)
2024016733,2024-03-26,남자,30 - 39세,경기도,국내온라인거래,소파,품질(물품/용역)
2024016734,2024-03-26,여자,50 - 59세,제주도,기타,펜션,계약해제.해지/위약금
2024016735,2024-03-26,여자,50 - 59세,경기도,일반판매,코트,품질(물품/용역)
2024016736,2024-03-26,여자,50 - 59세,서울특별시,모바일거래,국외캠프,청약철회
2024016737,2024-03-26,남자,30 - 39세,인천광역시,국내온라인거래,태블릿PC,AS불만
2024016738,2024-03-26,남자,30 - 39세,경상남도,기타통신판매,욕실설비,청약철회
2024016739,2024-03-26,여자,20 - 29세,서울특별시,국내온라인거래,"OTT서비스(넷플릭스,왓챠 등)",부당행위
2024016740,2024-03-26,여자,50 - 59세,경상북도,국내온라인거래,미분류컨설팅(자문),계약해제.해지/위약금
2024016741,2024-03-26,여자,40 - 49세,세종특별자치시,일반판매,스마트폰,품질(물품/용역)
2024016742,2024-03-26,남자,30 - 39세,서울특별시,국제온라인거래,항공여객운송서비스,부당행위
2024016743,2024-03-26,여자,40 - 49세,부산광역시,방문판매,피부·체형관리서비스,계약해제.해지/위약금
2024016744,2024-03-26,여자,20 - 29세,경상남도,일반판매,종합체육시설회원권,계약해제.해지/위약금
2024016745,2024-03-26,남자,40 - 49세,서울특별시,국내온라인거래,스마트폰,AS불만
2024016746,2024-03-26,남자,20 - 29세,서울특별시,방문판매,헬스장,계약해제.해지/위약금
2024016747,2024-03-26,여자,20 - 29세,울산광역시,일반판매,택배화물운송서비스,계약불이행(불완전이행)
2024016748,2024-03-26,여자,40 - 49세,서울특별시,국내온라인거래,택배화물운송서비스,계약불이행(불완전이행)
2024016749,2024-03-26,여자,30 - 39세,서울특별시,일반판매,미용서비스,계약불이행(불완전이행)
2024016750,2024-03-26,여자,20 - 29세,서울특별시,방문판매,헬스장,계약해제.해지/위약금
2024016751,2024-03-26,여자,40 - 49세,경상북도,모바일거래,다이어트식품,계약해제.해지/위약금
2024016752,2024-03-26,남자,30 - 39세,전라북도,일반판매,헬스장,계약해제.해지/위약금
2024016753,2024-03-26,여자,40 - 49세,부산광역시,일반판매,도서·음반대여(렌트),계약해제.해지/위약금
2024016754,2024-03-26,여자,30 - 39세,경기도,국내온라인거래,스마트폰,계약불이행(불완전이행)
2024016755,2024-03-26,여자,30 - 39세,서울특별시,국내온라인거래,항공여객운송서비스,계약해제.해지/위약금
2024016756,2024-03-26,여자,50 - 59세,대전광역시,소셜커머스(쇼핑),기타식생활기기,품질(물품/용역)
2024016757,2024-03-26,남자,20 - 29세,전라북도,방문판매,인터넷교육서비스,청약철회
2024016758,2024-03-26,여자,30 - 39세,서울특별시,일반판매,일반강습(입시학원등),계약해제.해지/위약금
2024016759,2024-03-26,여자,40 - 49세,서울특별시,국내온라인거래,건물청소서비스,부당행위
2024016760,2024-03-26,여자,30 - 39세,서울특별시,일반판매,미용서비스,품질(물품/용역)
2024016761,2024-03-26,남자,30 - 39세,광주광역시,일반판매,침대,청약철회
2024016762,2024-03-26,여자,20 - 29세,서울특별시,방문판매,필라테스,계약해제.해지/위약금
2024016763,2024-03-26,여자,20 - 29세,광주광역시,일반판매,초고속인터넷,계약해제.해지/위약금
2024016764,2024-03-26,여자,30 - 39세,경기도,기타,인터넷정보이용서비스,계약해제.해지/위약금
2024016765,2024-03-26,여자,30 - 39세,경기도,일반판매,벽지·바닥재,AS불만
2024016766,2024-03-26,남자,30 - 39세,부산광역시,일반판매,헬스장,계약해제.해지/위약금
2024016767,2024-03-26,여자,50 - 59세,서울특별시,국내온라인거래,전기세탁기,AS불만
2024016768,2024-03-26,남자,50 - 59세,경기도,일반판매,전기진공청소기,계약해제.해지/위약금
2024016769,2024-03-26,남자,40 - 49세,경기도,국내온라인거래,아파트,부당행위
2024016770,2024-03-26,여자,30 - 39세,경기도,모바일거래,이동전화서비스,법.제도
2024016771,2024-03-26,여자,40 - 49세,서울특별시,일반판매,헬스장,계약불이행(불완전이행)
2024016772,2024-03-26,남자,50 - 59세,강원특별자치도,일반판매,소파,품질(물품/용역)
2024016773,2024-03-26,여자,40 - 49세,경기도,국내온라인거래,숙녀화(구두·부츠 등),부당행위
2024016774,2024-03-26,여자,40 - 49세,부산광역시,모바일거래,기타숙박시설,청약철회
2024016775,2024-03-26,남자,30 - 39세,경상남도,일반판매,장난감총,품질(물품/용역)
2024016776,2024-03-26,여자,30 - 39세,경기도,일반판매,전집물,품질(물품/용역)
2024016777,2024-03-26,여자,40 - 49세,서울특별시,소셜커머스(쇼핑),기타회원권,계약해제.해지/위약금
2024016778,2024-03-26,여자,20 - 29세,서울특별시,국내온라인거래,원피스,청약철회
2024016779,2024-03-26,여자,40 - 49세,대전광역시,일반판매,모피·모피의류,품질(물품/용역)
2024016780,2024-03-26,남자,30 - 39세,서울특별시,국내온라인거래,인쇄서비스,청약철회
2024016781,2024-03-26,여자,30 - 39세,서울특별시,국내온라인거래,택배화물운송서비스,계약불이행(불완전이행)
2024016782,2024-03-26,남자,40 - 49세,서울특별시,모바일거래,항공여객운송서비스,부당행위
2024016783,2024-03-26,여자,40 - 49세,인천광역시,노상판매,소파,계약불이행(불완전이행)
2024016784,2024-03-26,여자,30 - 39세,충청북도,기타,시스템에어컨,계약불이행(불완전이행)
2024016785,2024-03-26,여자,20 - 29세,서울특별시,기타,항공여객운송서비스,계약불이행(불완전이행)
2024016786,2024-03-26,남자,30 - 39세,세종특별자치시,일반판매,결혼준비대행서비스,품질(물품/용역)
2024016787,2024-03-26,여자,30 - 39세,경기도,일반판매,기타이동통신,계약해제.해지/위약금
2024016788,2024-03-26,여자,30 - 39세,부산광역시,국내온라인거래,여자용내의류,계약불이행(불완전이행)
2024016789,2024-03-26,여자,50 - 59세,인천광역시,방문판매,기타매체광고,부당행위
2024016790,2024-03-26,여자,20 - 29세,경기도,일반판매,버스여객운송서비스,품질(물품/용역)
2024016791,2024-03-26,여자,20 - 29세,대구광역시,일반판매,국내결혼중개,계약해제.해지/위약금
2024016792,2024-03-26,남자,30 - 39세,서울특별시,소셜커머스(쇼핑),기타빵·과자류,청약철회
2024016793,2024-03-26,남자,40 - 49세,서울특별시,국내온라인거래,룸에어컨,부당행위
2024016794,2024-03-26,남자,40 - 49세,서울특별시,국내온라인거래,텐트,품질(물품/용역)
2024016795,2024-03-26,여자,20 - 29세,전라북도,일반판매,사진촬영,계약불이행(불완전이행)
2024016796,2024-03-26,여자,40 - 49세,경기도,일반판매,수영장회원권,계약해제.해지/위약금
2024016797,2024-03-26,여자,20 - 29세,서울특별시,기타,헬스장,계약해제.해지/위약금
2024016798,2024-03-26,남자,40 - 49세,세종특별자치시,국내온라인거래,항공여객운송서비스,부당행위
2024016799,2024-03-26,여자,20 - 29세,부산광역시,국내온라인거래,항공여객운송서비스,이자.수수료
2024016800,2024-03-26,여자,40 - 49세,서울특별시,국내온라인거래,숙녀화(구두·부츠 등),청약철회
2024016801,2024-03-26,여자,30 - 39세,인천광역시,국내온라인거래,기타장류,품질(물품/용역)
2024016802,2024-03-26,여자,20 - 29세,대구광역시,국내온라인거래,미용서비스,
2024016803,2024-03-26,남자,30 - 39세,대전광역시,국내온라인거래,캐주얼바지,계약불이행(불완전이행)
2024016804,2024-03-26,여자,20 - 29세,경기도,소셜커머스(쇼핑),국외여행,가격.요금
2024016805,2024-03-26,여자,30 - 39세,울산광역시,국내온라인거래,국외여행,청약철회
2024016806,2024-03-26,남자,30 - 39세,서울특별시,일반판매,포장이사운송서비스,계약불이행(불완전이행)
2024016807,2024-03-26,여자,30 - 39세,경기도,일반판매,헬스장,계약해제.해지/위약금
2024016808,2024-03-26,여자,50 - 59세,서울특별시,국내온라인거래,전등·전구,계약불이행(불완전이행)
2024016809,2024-03-26,남자,30 - 39세,전라북도,국내온라인거래,항공여객운송서비스,계약해제.해지/위약금
2024016810,2024-03-26,여자,20 - 29세,경기도,일반판매,기타사진용품,계약불이행(불완전이행)
2024016811,2024-03-26,여자,65 - 69세,광주광역시,일반판매,점퍼·재킷류,품질(물품/용역)
2024016812,2024-03-26,여자,30 - 39세,서울특별시,일반판매,필라테스,계약해제.해지/위약금
2024016813,2024-03-26,남자,40 - 49세,제주도,소셜커머스(쇼핑),TV,AS불만
2024016814,2024-03-26,여자,30 - 39세,경기도,일반판매,노트북컴퓨터,AS불만
2024016815,2024-03-26,남자,20 - 29세,인천광역시,국내온라인거래,니트(스웨터),청약철회
2024016816,2024-03-26,여자,50 - 59세,경기도,전화권유판매,기타정보이용서비스,계약해제.해지/위약금
2024016817,2024-03-26,여자,30 - 39세,서울특별시,국내온라인거래,각종공연관람,부당행위
2024016818,2024-03-26,여자,60 - 64세,울산광역시,기타,기타여행,계약해제.해지/위약금
2024016819,2024-03-26,남자,50 - 59세,서울특별시,국내온라인거래,기타건강식품,품질(물품/용역)
2024016820,2024-03-26,남자,20 - 29세,서울특별시,국내온라인거래,기타주류,부당행위
2024016821,2024-03-26,남자,30 - 39세,서울특별시,일반판매,초고속인터넷,계약해제.해지/위약금
2024016822,2024-03-26,여자,30 - 39세,경기도,국내온라인거래,CD·LD·DVD(영화·음악·게임),청약철회
2024016823,2024-03-26,남자,20 - 29세,경기도,일반판매,헬스장,계약해제.해지/위약금
2024016824,2024-03-26,여자,50 - 59세,경기도,일반판매,기타인터넷기반서비스,가격.요금
2024016825,2024-03-26,여자,40 - 49세,충청남도,일반판매,기타인테리어설비,계약해제.해지/위약금
2024016826,2024-03-26,여자,20 - 29세,서울특별시,일반판매,기타정보이용서비스,가격.요금
2024016827,2024-03-26,남자,20 - 29세,서울특별시,국내온라인거래,점퍼·재킷류,품질(물품/용역)
2024016828,2024-03-26,남자,65 - 69세,경기도,일반판매,항공여객운송서비스,부당행위
2024016829,2024-03-26,여자,40 - 49세,경상남도,기타,욕실설비,계약불이행(불완전이행)
2024016830,2024-03-26,여자,30 - 39세,경기도,국내온라인거래,항공여객운송서비스,청약철회
2024016831,2024-03-26,여자,40 - 49세,경기도,일반판매,헬스장,계약해제.해지/위약금
2024016832,2024-03-26,남자,40 - 49세,인천광역시,국내온라인거래,골프용품,AS불만
2024016833,2024-03-26,남자,30 - 39세,광주광역시,일반판매,국외여행,부당행위
2024016834,2024-03-26,남자,30 - 39세,서울특별시,일반판매,호텔,계약해제.해지/위약금
2024016835,2024-03-26,남자,20 - 29세,제주도,일반판매,미용서비스,계약해제.해지/위약금
2024016836,2024-03-26,여자,30 - 39세,서울특별시,기타,골프용품,AS불만
2024016837,2024-03-26,여자,20 - 29세,경기도,일반판매,각종자격취득강습,청약철회
2024016838,2024-03-26,여자,30 - 39세,경기도,국내온라인거래,인덕션레인지,가격.요금
2024016839,2024-03-27,남자,40 - 49세,충청북도,국내온라인거래,항공여객운송서비스,계약불이행(불완전이행)
2024016840,2024-03-27,남자,40 - 49세,서울특별시,국내온라인거래,국외여행,청약철회
2024016841,2024-03-27,남자,30 - 39세,경기도,국내온라인거래,인터넷교육서비스,계약해제.해지/위약금
2024016842,2024-03-27,남자,40 - 49세,제주도,일반판매,중고자동차중개·매매,청약철회
2024016843,2024-03-27,남자,30 - 39세,서울특별시,일반판매,헬스장,계약해제.해지/위약금
2024016844,2024-03-27,남자,80세이상,서울특별시,일반판매,이동전화서비스,계약불이행(불완전이행)
2024016845,2024-03-27,여자,30 - 39세,경기도,일반판매,침대·매트리스대여(렌트),계약해제.해지/위약금
2024016847,2024-03-27,남자,60 - 64세,전라남도,국내온라인거래,기타가정용공구,청약철회
2024016848,2024-03-26,남자,50 - 59세,경기도,모바일거래,자동차주차장,
2024016849,2024-03-27,여자,불명,충청북도,국내온라인거래,여자용내의류,계약해제.해지/위약금
2024016850,2024-03-27,여자,20 - 29세,서울특별시,일반판매,종합체육시설회원권,계약해제.해지/위약금
2024016851,2024-03-27,남자,60 - 64세,경기도,소셜커머스(쇼핑),항공여객운송서비스,청약철회
2024016852,2024-03-27,여자,50 - 59세,서울특별시,일반판매,헬스장,계약해제.해지/위약금
2024016853,2024-03-27,남자,40 - 49세,강원특별자치도,기타,상품권,계약불이행(불완전이행)
2024016854,2024-03-27,남자,40 - 49세,서울특별시,국내온라인거래,신유형상품권,약관
2024016855,2024-03-27,남자,30 - 39세,경기도,기타통신판매,운동화,청약철회
2024016856,2024-03-27,남자,20 - 29세,경기도,방문판매,기타회원권,계약해제.해지/위약금
2024016857,2024-03-27,남자,40 - 49세,전라남도,일반판매,여관(모텔),계약해제.해지/위약금
2024016858,2024-03-27,여자,30 - 39세,서울특별시,일반판매,예식서비스,계약해제.해지/위약금
2024016859,2024-03-27,남자,40 - 49세,서울특별시,일반판매,자동차대여(렌트),계약불이행(불완전이행)
2024016861,2024-03-27,남자,30 - 39세,경기도,일반판매,침대,AS불만
2024016862,2024-03-27,남자,불명,대구광역시,국내온라인거래,보석·귀금속,계약불이행(불완전이행)
2024016863,2024-03-27,여자,50 - 59세,경기도,소셜커머스(쇼핑),냄비,품질(물품/용역)
2024016864,2024-03-27,여자,30 - 39세,경기도,일반판매,헬스장,계약해제.해지/위약금
2024016865,2024-03-27,여자,30 - 39세,경기도,소셜커머스(쇼핑),셔츠,AS불만
2024016866,2024-03-27,남자,30 - 39세,경기도,일반판매,기타자전거용품,품질(물품/용역)
2024016867,2024-03-27,남자,30 - 39세,대전광역시,국내온라인거래,기타숙박시설,계약해제.해지/위약금
2024016868,2024-03-27,남자,50 - 59세,서울특별시,모바일거래,자동차대여(렌트),AS불만
2024016869,2024-03-27,여자,65 - 69세,서울특별시,일반판매,스마트폰,계약해제.해지/위약금
2024016870,2024-03-27,남자,50 - 59세,서울특별시,일반판매,실손보험,계약불이행(불완전이행)
2024016871,2024-03-27,남자,40 - 49세,인천광역시,기타통신판매,기타자동차용품,청약철회
2024016874,2024-03-27,남자,60 - 64세,충청북도,일반판매,기타인테리어설비,거래관행
2024016876,2024-03-27,여자,50 - 59세,서울특별시,TV홈쇼핑,국외여행,거래관행
2024016878,2024-03-27,남자,30 - 39세,울산광역시,국내온라인거래,점퍼·재킷류,부당행위
2024016879,2024-03-27,남자,40 - 49세,서울특별시,모바일거래,모바일게임서비스,청약철회
2024016880,2024-03-27,여자,30 - 39세,경상남도,국내온라인거래,기타책상·테이블류,품질(물품/용역)
2024016881,2024-03-27,여자,20 - 29세,대전광역시,일반판매,헬스장,계약해제.해지/위약금
2024016882,2024-03-27,남자,20 - 29세,서울특별시,국내온라인거래,자동차대여(렌트),품질(물품/용역)
2024016883,2024-03-27,남자,70 - 79세,서울특별시,일반판매,상조서비스,계약해제.해지/위약금
2024016884,2024-03-27,남자,20 - 29세,울산광역시,일반판매,헬스장,계약해제.해지/위약금
2024016888,2024-03-27,남자,30 - 39세,전라북도,소셜커머스(쇼핑),전기진공청소기,품질(물품/용역)
2024016889,2024-03-27,여자,60 - 64세,부산광역시,국내온라인거래,기타신발·용품,계약불이행(불완전이행)
2024016890,2024-03-27,남자,50 - 59세,경상북도,국내온라인거래,기타자동차용품,청약철회
2024016891,2024-03-27,남자,40 - 49세,대전광역시,국내온라인거래,정수기,품질(물품/용역)
2024016892,2024-03-27,남자,30 - 39세,전라남도,국내온라인거래,항공여객운송서비스,계약해제.해지/위약금
2024016893,2024-03-27,남자,30 - 39세,서울특별시,방문판매,미분류대여(렌트),계약해제.해지/위약금
2024016894,2024-03-27,여자,50 - 59세,경기도,국내온라인거래,국내여행,계약해제.해지/위약금
2024016895,2024-03-27,남자,40 - 49세,서울특별시,국내온라인거래,운동화,청약철회
2024016896,2024-03-27,남자,30 - 39세,광주광역시,국내온라인거래,항공여객운송서비스,청약철회
2024016898,2024-03-27,남자,50 - 59세,부산광역시,일반판매,오토바이,AS불만
2024016899,2024-03-27,남자,65 - 69세,충청남도,기타통신판매,어업용기구,계약불이행(불완전이행)
2024016900,2024-03-27,여자,20 - 29세,서울특별시,국내온라인거래,원피스,청약철회
2024016901,2024-03-27,남자,50 - 59세,충청북도,일반판매,자동차수리·점검,품질(물품/용역)
2024016903,2024-03-27,여자,40 - 49세,경상남도,일반판매,양복(서양식 의복)세탁,품질(물품/용역)
2024016904,2024-03-27,여자,40 - 49세,경기도,일반판매,애완동·식물용품,가격.요금
2024016905,2024-03-27,남자,30 - 39세,경기도,국내온라인거래,기타책상·테이블류,청약철회
2024016907,2024-03-27,남자,불명,경기도,기타,인터넷게임서비스,부당행위
2024016908,2024-03-27,여자,30 - 39세,대전광역시,기타통신판매,중고자동차중개·매매,부당행위
2024016910,2024-03-27,여자,40 - 49세,서울특별시,일반판매,스키용품,품질(물품/용역)
2024016911,2024-03-27,남자,불명,경기도,일반판매,항공여객운송서비스,계약불이행(불완전이행)
2024016912,2024-03-27,남자,30 - 39세,경상남도,소셜커머스(쇼핑),기타자동차용품,청약철회
2024016913,2024-03-27,여자,30 - 39세,전라남도,일반판매,피부과,계약해제.해지/위약금
2024016915,2024-03-27,여자,50 - 59세,경기도,기타,전기자전거,부당행위
2024016917,2024-03-27,남자,20 - 29세,경기도,국내온라인거래,기타자동차부품,AS불만
2024016920,2024-03-27,남자,30 - 39세,부산광역시,국내온라인거래,호텔,표시.광고
2024016921,2024-03-27,남자,30 - 39세,서울특별시,국내온라인거래,CD·LD·DVD(영화·음악·게임),계약불이행(불완전이행)
2024016922,2024-03-27,여자,40 - 49세,인천광역시,기타통신판매,학습지,계약불이행(불완전이행)
2024016923,2024-03-27,여자,50 - 59세,대전광역시,국내온라인거래,국외여행,품질(물품/용역)
2024016924,2024-03-27,여자,20 - 29세,서울특별시,국내온라인거래,점퍼·재킷류,청약철회
2024016925,2024-03-27,여자,50 - 59세,경기도,일반판매,피부·체형관리서비스,계약해제.해지/위약금
2024016926,2024-03-27,남자,20 - 29세,서울특별시,일반판매,중형승용자동차,AS불만
2024016927,2024-03-27,여자,70 - 79세,전라남도,기타,국내전화,부당행위
2024016928,2024-03-27,여자,70 - 79세,전라남도,기타,유선방송,부당행위
2024016929,2024-03-27,남자,30 - 39세,인천광역시,국내온라인거래,태블릿PC,품질(물품/용역)
2024016931,2024-03-27,남자,40 - 49세,서울특별시,국내온라인거래,노트북컴퓨터,청약철회
2024016932,2024-03-27,남자,65 - 69세,서울특별시,일반판매,실손보험,계약불이행(불완전이행)
2024016933,2024-03-27,남자,65 - 69세,충청남도,일반판매,유사투자자문,계약해제.해지/위약금
2024016934,2024-03-27,남자,30 - 39세,강원특별자치도,국내온라인거래,신사화(구두·부츠 등),청약철회
2024016935,2024-03-27,남자,30 - 39세,서울특별시,국제온라인거래,항공여객운송서비스,계약불이행(불완전이행)
2024016938,2024-03-27,여자,20 - 29세,경기도,일반판매,예식서비스,계약해제.해지/위약금
2024016942,2024-03-27,남자,30 - 39세,경기도,방문판매,음식물처리기,계약불이행(불완전이행)
2024016945,2024-03-27,여자,20 - 29세,서울특별시,일반판매,피부·체형관리서비스,청약철회
2024016947,2024-03-27,남자,40 - 49세,인천광역시,국내온라인거래,항공여객운송서비스,계약해제.해지/위약금
2024016948,2024-03-27,여자,50 - 59세,서울특별시,일반판매,각종자격취득강습,계약해제.해지/위약금
2024016949,2024-03-27,여자,20 - 29세,경기도,일반판매,아파트,AS불만
2024016950,2024-03-27,남자,20 - 29세,경상남도,국내온라인거래,전자게임기구,계약해제.해지/위약금
2024016951,2024-03-27,남자,40 - 49세,서울특별시,국내온라인거래,항공여객운송서비스,계약해제.해지/위약금
2024016952,2024-03-27,여자,40 - 49세,강원특별자치도,국내온라인거래,기타신발·용품,청약철회
2024016953,2024-03-27,여자,20 - 29세,서울특별시,국제온라인거래,항공여객운송서비스,계약해제.해지/위약금
2024016954,2024-03-27,여자,40 - 49세,경기도,국내온라인거래,모바일정보이용서비스,청약철회
2024016955,2024-03-27,남자,20 - 29세,강원특별자치도,전화권유판매,이동전화서비스,청약철회
2024016956,2024-03-27,남자,30 - 39세,경기도,기타,모바일게임서비스,무능력자계약
2024016957,2024-03-27,여자,30 - 39세,서울특별시,일반판매,헬스장,계약해제.해지/위약금
2024016958,2024-03-27,여자,80세이상,경기도,일반판매,기타세탁서비스,계약불이행(불완전이행)
2024016959,2024-03-27,남자,40 - 49세,서울특별시,국내온라인거래,헬스장,계약해제.해지/위약금
2024016960,2024-03-27,여자,30 - 39세,경상북도,일반판매,정수기대여(렌트),계약해제.해지/위약금
2024016961,2024-03-27,남자,20 - 29세,대구광역시,일반판매,헬스장,계약해제.해지/위약금
2024016962,2024-03-27,여자,50 - 59세,서울특별시,기타,골프회원권,계약해제.해지/위약금
2024016963,2024-03-27,남자,60 - 64세,대구광역시,일반판매,라디오,품질(물품/용역)
2024016964,2024-03-27,여자,20 - 29세,부산광역시,일반판매,미용서비스,부당행위
2024016965,2024-03-27,여자,40 - 49세,서울특별시,국내온라인거래,의자,청약철회
2024016966,2024-03-27,남자,20 - 29세,경상남도,일반판매,헬스장,계약해제.해지/위약금
2024016967,2024-03-27,여자,20 - 29세,경기도,일반판매,필라테스,계약해제.해지/위약금
2024016968,2024-03-27,남자,40 - 49세,서울특별시,국내온라인거래,기타(악기guitar),계약해제.해지/위약금
2024016969,2024-03-27,남자,40 - 49세,울산광역시,전화권유판매,국내결혼중개,계약해제.해지/위약금
2024016970,2024-03-27,여자,20 - 29세,경기도,방문판매,필라테스,계약해제.해지/위약금
2024016971,2024-03-27,여자,30 - 39세,서울특별시,기타,인터넷교육서비스,청약철회
2024016972,2024-03-27,여자,40 - 49세,울산광역시,국제온라인거래,지갑,청약철회
2024016973,2024-03-27,여자,20 - 29세,경기도,일반판매,헬스장,계약해제.해지/위약금
2024016974,2024-03-27,남자,20 - 29세,서울특별시,국내온라인거래,애완견,계약불이행(불완전이행)
2024016975,2024-03-27,남자,60 - 64세,경기도,소셜커머스(쇼핑),영양보충용제품,가격.요금
2024016976,2024-03-27,여자,40 - 49세,서울특별시,일반판매,스마트폰,단순문의.상담
2024016977,2024-03-27,여자,40 - 49세,서울특별시,국내온라인거래,스낵과자,품질(물품/용역)
2024016978,2024-03-27,여자,40 - 49세,서울특별시,일반판매,안경·안경테,품질(물품/용역)
2024016979,2024-03-27,여자,40 - 49세,서울특별시,기타,기타이동통신,단순문의.상담
2024016980,2024-03-27,여자,50 - 59세,경기도,소셜커머스(쇼핑),기타과일·과일가공식품,청약철회
2024016981,2024-03-27,여자,40 - 49세,서울특별시,일반판매,기타미분류서비스,단순문의.상담
2024016982,2024-03-27,여자,60 - 64세,서울특별시,일반판매,가스보일러,AS불만
2024016983,2024-03-27,여자,40 - 49세,서울특별시,기타,기타미분류서비스,단순문의.상담
2024016985,2024-03-27,여자,40 - 49세,서울특별시,일반판매,기타채소·채소가공식품,품질(물품/용역)
2024016986,2024-03-27,여자,40 - 49세,서울특별시,기타,택배화물운송서비스,부당행위
2024016987,2024-03-27,여자,50 - 59세,서울특별시,일반판매,스마트폰,계약해제.해지/위약금
2024016988,2024-03-27,여자,30 - 39세,경기도,국내온라인거래,국외여행,부당행위
2024016989,2024-03-27,남자,60 - 64세,충청남도,일반판매,국외여행,안전(제품/시설)
2024016990,2024-03-27,남자,40 - 49세,대전광역시,국내온라인거래,기타숙박시설,계약해제.해지/위약금
2024016991,2024-03-27,여자,20 - 29세,서울특별시,국내온라인거래,CD·LD·DVD(영화·음악·게임),계약불이행(불완전이행)
2024016992,2024-03-27,여자,30 - 39세,경기도,일반판매,포장이사운송서비스,부당행위
2024016993,2024-03-27,남자,30 - 39세,대구광역시,국내온라인거래,의자,품질(물품/용역)
2024016994,2024-03-27,여자,20 - 29세,전라남도,방문판매,피부·체형관리서비스,계약해제.해지/위약금
2024016995,2024-03-27,여자,20 - 29세,광주광역시,국내온라인거래,기타완구·인형,청약철회
2024016996,2024-03-27,여자,30 - 39세,전라북도,국내온라인거래,기타가사용품,표시.광고
2024016997,2024-03-27,여자,40 - 49세,대전광역시,국내온라인거래,국외여행,계약불이행(불완전이행)
2024016998,2024-03-27,남자,60 - 64세,대구광역시,국내온라인거래,쇠고기포장육,계약불이행(불완전이행)
2024016999,2024-03-27,여자,40 - 49세,경기도,방문판매,인터넷교육서비스,계약해제.해지/위약금
2024017000,2024-03-27,남자,40 - 49세,서울특별시,일반판매,헬스장,계약해제.해지/위약금
2024017001,2024-03-27,여자,30 - 39세,경기도,국내온라인거래,인터넷교육서비스,계약해제.해지/위약금
2024017002,2024-03-27,여자,65 - 69세,경기도,일반판매,소파,품질(물품/용역)
2024017004,2024-03-27,여자,30 - 39세,서울특별시,모바일거래,"OTT서비스(넷플릭스,왓챠 등)",청약철회
2024017005,2024-03-27,남자,40 - 49세,부산광역시,국내온라인거래,TV,
2024017006,2024-03-27,여자,30 - 39세,경기도,국내온라인거래,침대,안전(제품/시설)
2024017007,2024-03-27,남자,30 - 39세,서울특별시,일반판매,TV,품질(물품/용역)
2024017008,2024-03-27,남자,30 - 39세,전라남도,기타통신판매,정수기,표시.광고
2024017009,2024-03-27,남자,20 - 29세,경기도,국제온라인거래,기타숙박시설,계약해제.해지/위약금
2024017010,2024-03-27,여자,40 - 49세,서울특별시,기타,모바일정보이용서비스,계약불이행(불완전이행)
2024017011,2024-03-27,남자,30 - 39세,경기도,전화권유판매,콘도회원권,청약철회
2024017012,2024-03-27,여자,40 - 49세,경기도,일반판매,헬스장,계약해제.해지/위약금
2024017013,2024-03-27,여자,20 - 29세,대구광역시,기타,테니스장스쿼시회원권,계약해제.해지/위약금
2024017014,2024-03-27,여자,20 - 29세,경상남도,기타,결혼준비대행서비스,계약해제.해지/위약금
2024017015,2024-03-27,여자,20 - 29세,경기도,국내온라인거래,항공여객운송서비스,계약해제.해지/위약금
2024017016,2024-03-27,여자,40 - 49세,경기도,방문판매,기타방문·통신교육서비스,부당행위
2024017017,2024-03-27,여자,50 - 59세,서울특별시,일반판매,필라테스,계약해제.해지/위약금
2024017018,2024-03-27,여자,30 - 39세,인천광역시,일반판매,헬스장,계약해제.해지/위약금
2024017019,2024-03-27,남자,50 - 59세,경기도,국내온라인거래,모바일정보이용서비스,AS불만
2024017020,2024-03-27,남자,40 - 49세,경기도,전화권유판매,CCTV,계약불이행(불완전이행)
2024017021,2024-03-27,여자,60 - 64세,서울특별시,국내온라인거래,김치,품질(물품/용역)
2024017022,2024-03-27,여자,40 - 49세,부산광역시,기타통신판매,소프트웨어,계약해제.해지/위약금
2024017023,2024-03-27,여자,60 - 64세,경기도,TV홈쇼핑,도색공사,AS불만
2024017024,2024-03-27,남자,30 - 39세,서울특별시,국내온라인거래,기타숙박시설,계약해제.해지/위약금
2024017025,2024-03-27,남자,50 - 59세,충청남도,기타,일반강습(입시학원등),계약불이행(불완전이행)
2024017026,2024-03-27,여자,40 - 49세,경기도,기타,택배화물운송서비스,품질(물품/용역)
2024017027,2024-03-27,남자,30 - 39세,서울특별시,일반판매,기타문화·오락시설이용,계약불이행(불완전이행)
2024017028,2024-03-27,여자,50 - 59세,경기도,국내온라인거래,베개,청약철회
2024017029,2024-03-27,남자,30 - 39세,경기도,국내온라인거래,운동화,표시.광고
2024017030,2024-03-27,여자,40 - 49세,경기도,국내온라인거래,버스여객운송서비스,단순문의.상담
2024017031,2024-03-27,남자,50 - 59세,대전광역시,국내온라인거래,항공여객운송서비스,계약해제.해지/위약금
2024017032,2024-03-27,여자,40 - 49세,인천광역시,일반판매,레인지후드,품질(물품/용역)
2024017033,2024-03-27,여자,20 - 29세,경상남도,일반판매,헬스장,계약해제.해지/위약금
2024017034,2024-03-27,남자,50 - 59세,경기도,방문판매,정수기대여(렌트),품질(물품/용역)
2024017035,2024-03-27,남자,40 - 49세,부산광역시,모바일거래,항공여객운송서비스,이자.수수료
2024017036,2024-03-27,여자,30 - 39세,서울특별시,일반판매,필라테스,계약해제.해지/위약금
2024017037,2024-03-27,여자,30 - 39세,경상북도,모바일거래,항공여객운송서비스,계약해제.해지/위약금
2024017038,2024-03-27,남자,40 - 49세,광주광역시,기타,국제결혼중개,계약불이행(불완전이행)
2024017039,2024-03-27,남자,40 - 49세,서울특별시,기타,오피스텔,AS불만
2024017040,2024-03-27,남자,20 - 29세,대구광역시,국내온라인거래,침대,품질(물품/용역)
2024017041,2024-03-27,여자,30 - 39세,전라북도,일반판매,전기의류건조기,AS불만
2024017042,2024-03-28,여자,50 - 59세,대전광역시,일반판매,기타주거관리설비,계약불이행(불완전이행)
2024017043,2024-03-28,남자,20 - 29세,광주광역시,기타,공제보험,계약불이행(불완전이행)
2024017044,2024-03-28,남자,20 - 29세,경기도,방문판매,헬스장,계약해제.해지/위약금
2024017045,2024-03-28,남자,20 - 29세,경상북도,모바일거래,태블릿PC,표시.광고
2024017046,2024-03-28,남자,65 - 69세,경기도,기타,자동차주차장,계약해제.해지/위약금
2024017047,2024-03-28,여자,50 - 59세,경기도,일반판매,오토바이,품질(물품/용역)
2024017048,2024-03-28,여자,60 - 64세,대전광역시,국내온라인거래,기타과일·과일가공식품,청약철회
2024017049,2024-03-28,여자,30 - 39세,서울특별시,국내온라인거래,보석·귀금속,청약철회
2024017050,2024-03-28,남자,40 - 49세,부산광역시,일반판매,전기자동차,계약불이행(불완전이행)
2024017051,2024-03-28,여자,불명,경기도,일반판매,인터넷교육서비스,계약해제.해지/위약금
2024017052,2024-03-28,남자,30 - 39세,부산광역시,국내온라인거래,자동차대여(렌트),계약해제.해지/위약금
2024017053,2024-03-28,여자,30 - 39세,경기도,국내온라인거래,항공여객운송서비스,청약철회
2024017054,2024-03-28,남자,50 - 59세,충청북도,기타통신판매,유사투자자문,청약철회
2024017055,2024-03-28,여자,30 - 39세,인천광역시,일반판매,한의원,계약해제.해지/위약금
2024017056,2024-03-28,여자,30 - 39세,서울특별시,전화권유판매,결혼준비대행서비스,청약철회
2024017057,2024-03-28,남자,65 - 69세,경기도,전화권유판매,유사투자자문,계약해제.해지/위약금
2024017058,2024-03-28,여자,40 - 49세,경기도,일반판매,건강(암·기타질병)보험,약관
2024017059,2024-03-28,여자,40 - 49세,대구광역시,일반판매,신사복세트,가격.요금
2024017060,2024-03-28,여자,20 - 29세,경기도,일반판매,헬스장,계약해제.해지/위약금
2024017061,2024-03-28,여자,30 - 39세,부산광역시,국내온라인거래,기타신발·용품,계약불이행(불완전이행)
2024017062,2024-03-28,남자,불명,경기도,일반판매,카셰어링,약관
2024017063,2024-03-28,남자,40 - 49세,대구광역시,전화권유판매,인터넷정보이용서비스,계약해제.해지/위약금
2024017064,2024-03-28,여자,40 - 49세,경기도,일반판매,피부·체형관리서비스,계약해제.해지/위약금
2024017066,2024-03-28,남자,30 - 39세,대구광역시,국내온라인거래,컴퓨터S/W개발(홈페이지제작),계약해제.해지/위약금
2024017067,2024-03-28,여자,50 - 59세,서울특별시,일반판매,헬스장,계약해제.해지/위약금
2024017068,2024-03-28,남자,30 - 39세,경기도,국내온라인거래,마스크,계약불이행(불완전이행)
2024017069,2024-03-28,남자,40 - 49세,경상남도,일반판매,기타미분류서비스,AS불만
2024017070,2024-03-28,남자,20 - 29세,충청북도,일반판매,자동차대여(렌트),계약해제.해지/위약금
2024017071,2024-03-28,여자,30 - 39세,전라남도,기타,모바일정보이용서비스,계약해제.해지/위약금
2024017072,2024-03-28,여자,30 - 39세,충청북도,국내온라인거래,룸에어컨,계약불이행(불완전이행)
2024017073,2024-03-28,여자,50 - 59세,경기도,일반판매,비뇨의학과,품질(물품/용역)
2024017074,2024-03-28,남자,60 - 64세,서울특별시,일반판매,정형외과,품질(물품/용역)
2024017076,2024-03-28,여자,30 - 39세,서울특별시,일반판매,예식서비스,계약해제.해지/위약금
2024017078,2024-03-28,남자,40 - 49세,경기도,모바일거래,시계,계약불이행(불완전이행)
2024017079,2024-03-28,여자,50 - 59세,부산광역시,일반판매,기타이동통신,계약해제.해지/위약금
2024017081,2024-03-28,여자,30 - 39세,서울특별시,일반판매,예식서비스,계약해제.해지/위약금
2024017084,2024-03-28,남자,40 - 49세,경기도,국내온라인거래,쇠고기,청약철회
2024017085,2024-03-28,여자,20 - 29세,강원특별자치도,일반판매,애완동물이·미용서비스,계약불이행(불완전이행)
2024017086,2024-03-28,여자,30 - 39세,서울특별시,일반판매,의상대여(렌트),계약해제.해지/위약금
2024017087,2024-03-28,남자,60 - 64세,서울특별시,일반판매,기타부엌소모품,품질(물품/용역)
2024017088,2024-03-28,여자,30 - 39세,서울특별시,일반판매,기타예식관련서비스,계약해제.해지/위약금
2024017089,2024-03-28,남자,70 - 79세,서울특별시,일반판매,이동전화서비스,청약철회
2024017090,2024-03-28,남자,20 - 29세,서울특별시,일반판매,헬스장,계약해제.해지/위약금
2024017091,2024-03-28,여자,40 - 49세,서울특별시,방문판매,포장이사운송서비스,품질(물품/용역)
2024017092,2024-03-28,여자,40 - 49세,서울특별시,기타,음식물처리기대여(렌트),계약해제.해지/위약금
2024017093,2024-03-28,여자,40 - 49세,대전광역시,일반판매,학습지,계약해제.해지/위약금
2024017094,2024-03-28,여자,30 - 39세,서울특별시,국내온라인거래,헤드폰·이어폰,청약철회
2024017095,2024-03-28,남자,60 - 64세,경상북도,일반판매,대형승용자동차,AS불만
2024017096,2024-03-28,여자,30 - 39세,경기도,국내온라인거래,점퍼·재킷류,계약불이행(불완전이행)
2024017097,2024-03-28,남자,60 - 64세,인천광역시,전화권유판매,IPTV,계약불이행(불완전이행)
2024017099,2024-03-28,여자,30 - 39세,인천광역시,국내온라인거래,점퍼·재킷류,청약철회
2024017100,2024-03-28,남자,50 - 59세,경기도,일반판매,사다리,안전(제품/시설)
2024017101,2024-03-28,남자,20 - 29세,경기도,모바일거래,이동전화서비스,계약해제.해지/위약금
2024017102,2024-03-28,여자,불명,충청북도,기타,스마트폰,계약불이행(불완전이행)
2024017103,2024-03-28,여자,20 - 29세,충청남도,기타통신판매,건물청소서비스,계약불이행(불완전이행)
2024017105,2024-03-28,여자,40 - 49세,대전광역시,국제온라인거래,퍼스널컴퓨터,계약불이행(불완전이행)
2024017106,2024-03-28,여자,30 - 39세,경기도,국내온라인거래,가스에어컨,청약철회
2024017107,2024-03-28,여자,50 - 59세,경기도,일반판매,실손보험,계약불이행(불완전이행)
2024017108,2024-03-28,여자,20 - 29세,서울특별시,일반판매,실손보험,계약불이행(불완전이행)
2024017109,2024-03-28,남자,30 - 39세,경기도,일반판매,실손보험,계약불이행(불완전이행)
2024017110,2024-03-28,여자,20 - 29세,서울특별시,모바일거래,미분류대여(렌트),부당행위
2024017111,2024-03-28,여자,20 - 29세,인천광역시,일반판매,헬스장,계약해제.해지/위약금
2024017112,2024-03-28,여자,40 - 49세,서울특별시,일반판매,택배화물운송서비스,계약불이행(불완전이행)
2024017113,2024-03-28,남자,70 - 79세,서울특별시,일반판매,스프링매트리스,품질(물품/용역)
2024017114,2024-03-28,여자,30 - 39세,경상남도,일반판매,종합체육시설회원권,계약해제.해지/위약금
2024017115,2024-03-28,남자,50 - 59세,서울특별시,국내온라인거래,골프회원권,부당행위
2024017116,2024-03-28,여자,40 - 49세,경상남도,일반판매,종합체육시설회원권,계약해제.해지/위약금
2024017117,2024-03-28,여자,20 - 29세,경기도,모바일거래,모바일정보이용서비스,청약철회
2024017118,2024-03-28,남자,30 - 39세,경기도,국내온라인거래,국외여행,표시.광고
2024017119,2024-03-28,여자,65 - 69세,인천광역시,기타통신판매,기타신발·용품,청약철회
2024017120,2024-03-28,남자,60 - 64세,충청남도,국내온라인거래,포장이사운송서비스,계약불이행(불완전이행)
2024017121,2024-03-28,남자,50 - 59세,서울특별시,소셜커머스(쇼핑),스마트폰,청약철회
2024017122,2024-03-28,여자,40 - 49세,광주광역시,일반판매,성형외과,계약해제.해지/위약금
2024017123,2024-03-28,여자,30 - 39세,인천광역시,일반판매,피부·체형관리서비스,부당행위
2024017125,2024-03-28,남자,40 - 49세,서울특별시,일반판매,자동차주차장,품질(물품/용역)
2024017126,2024-03-28,여자,20 - 29세,서울특별시,일반판매,헬스장,계약해제.해지/위약금
2024017127,2024-03-28,여자,50 - 59세,서울특별시,일반판매,성형외과,계약해제.해지/위약금
2024017129,2024-03-28,남자,30 - 39세,경상북도,기타,모바일게임서비스,부당행위
2024017130,2024-03-28,남자,30 - 39세,경기도,기타,모바일정보이용서비스,부당행위
2024017131,2024-03-28,여자,30 - 39세,부산광역시,국내온라인거래,운동화,계약불이행(불완전이행)
2024017132,2024-03-28,남자,60 - 64세,서울특별시,기타,자동차보험,품질(물품/용역)
2024017133,2024-03-28,남자,30 - 39세,경기도,일반판매,이동전화서비스,계약해제.해지/위약금
2024017134,2024-03-28,여자,40 - 49세,서울특별시,일반판매,중형승용자동차,AS불만
2024017135,2024-03-28,남자,20 - 29세,대구광역시,일반판매,지갑,청약철회
2024017137,2024-03-28,남자,50 - 59세,서울특별시,기타,화재보험,계약불이행(불완전이행)
2024017138,2024-03-28,여자,20 - 29세,서울특별시,일반판매,기타병·의원서비스,계약해제.해지/위약금
2024017139,2024-03-28,여자,50 - 59세,경기도,기타통신판매,티셔츠,계약불이행(불완전이행)
2024017140,2024-03-28,남자,30 - 39세,광주광역시,기타,아파트,계약불이행(불완전이행)
2024017142,2024-03-28,여자,40 - 49세,경기도,국내온라인거래,아동복,청약철회
2024017144,2024-03-28,여자,30 - 39세,경기도,모바일거래,인터넷정보이용서비스,계약해제.해지/위약금
2024017145,2024-03-28,남자,30 - 39세,인천광역시,모바일거래,건물청소서비스,청약철회
2024017146,2024-03-28,남자,40 - 49세,부산광역시,소셜커머스(쇼핑),기타사무용품,계약불이행(불완전이행)
2024017147,2024-03-28,여자,10 - 19세,경기도,일반판매,헬스장,계약해제.해지/위약금
2024017148,2024-03-28,여자,20 - 29세,경기도,일반판매,헬스장,계약해제.해지/위약금
2024017151,2024-03-28,남자,30 - 39세,경기도,국내온라인거래,신유형상품권,부당행위
2024017153,2024-03-28,여자,65 - 69세,경기도,일반판매,기타주택·건물,계약불이행(불완전이행)
2024017154,2024-03-28,남자,65 - 69세,경기도,국내온라인거래,기타건강식품,계약불이행(불완전이행)
2024017155,2024-03-28,여자,40 - 49세,경기도,일반판매,필기용구,계약해제.해지/위약금
2024017156,2024-03-28,남자,50 - 59세,부산광역시,기타통신판매,유사투자자문,계약해제.해지/위약금
2024017157,2024-03-28,남자,60 - 64세,경기도,일반판매,건강(암·기타질병)보험,계약불이행(불완전이행)
2024017158,2024-03-28,남자,40 - 49세,인천광역시,일반판매,중형승용자동차,품질(물품/용역)
2024017159,2024-03-28,여자,60 - 64세,서울특별시,일반판매,실손보험,계약불이행(불완전이행)
2024017160,2024-03-28,남자,40 - 49세,서울특별시,일반판매,스포츠관람,청약철회
2024017161,2024-03-28,여자,30 - 39세,서울특별시,일반판매,예식서비스,계약해제.해지/위약금
2024017162,2024-03-28,여자,70 - 79세,서울특별시,소셜커머스(쇼핑),감자,품질(물품/용역)
2024017163,2024-03-28,여자,20 - 29세,경기도,모바일거래,펜션,계약해제.해지/위약금
2024017165,2024-03-28,여자,40 - 49세,경상북도,일반판매,인터넷교육서비스,계약해제.해지/위약금
2024017167,2024-03-28,여자,30 - 39세,경기도,일반판매,타이어,부당행위
2024017168,2024-03-28,남자,60 - 64세,서울특별시,일반판매,골프용품,품질(물품/용역)
2024017170,2024-03-28,남자,불명,경기도,기타,기타정보이용서비스,단순문의.상담
2024017172,2024-03-28,여자,30 - 39세,경기도,일반판매,필라테스,계약해제.해지/위약금
2024017174,2024-03-28,남자,불명,경기도,기타,기타정보이용서비스,단순문의.상담
2024017175,2024-03-28,남자,불명,경기도,기타,기타정보이용서비스,단순문의.상담
2024017176,2024-03-28,남자,30 - 39세,경기도,국내온라인거래,CD·LD·DVD(영화·음악·게임),계약해제.해지/위약금
2024017177,2024-03-28,남자,30 - 39세,광주광역시,국내온라인거래,기타법률서비스,부당행위
2024017178,2024-03-28,남자,20 - 29세,부산광역시,일반판매,인쇄서비스,계약불이행(불완전이행)
2024017179,2024-03-28,남자,불명,경기도,일반판매,묘지설비,계약해제.해지/위약금
2024017181,2024-03-28,남자,40 - 49세,부산광역시,국내온라인거래,인터넷정보이용서비스,계약불이행(불완전이행)
2024017182,2024-03-28,여자,50 - 59세,부산광역시,모바일거래,인터넷정보이용서비스,부당행위
2024017183,2024-03-28,남자,40 - 49세,경기도,일반판매,통신기기주변장치,단순문의.상담
2024017184,2024-03-28,여자,40 - 49세,대구광역시,소셜커머스(쇼핑),기타조리기기·기구,부당행위
2024017186,2024-03-28,여자,20 - 29세,경기도,국내온라인거래,여행자보험,약관
2024017187,2024-03-28,여자,40 - 49세,서울특별시,일반판매,실손보험,계약불이행(불완전이행)
2024017188,2024-03-28,여자,60 - 64세,서울특별시,일반판매,필라테스,품질(물품/용역)
2024017190,2024-03-28,남자,50 - 59세,인천광역시,일반판매,기타공조·냉난방기기,AS불만
2024017192,2024-03-28,여자,40 - 49세,전라남도,일반판매,성형외과,계약해제.해지/위약금
2024017193,2024-03-28,남자,30 - 39세,서울특별시,국내온라인거래,기타스포츠·레저기구·용품,계약불이행(불완전이행)
2024017194,2024-03-28,남자,40 - 49세,서울특별시,기타,택배화물운송서비스,계약불이행(불완전이행)
2024017195,2024-03-28,남자,30 - 39세,전라남도,국내온라인거래,공업용기계,품질(물품/용역)
2024017196,2024-03-28,남자,40 - 49세,강원특별자치도,기타,스마트폰,표시.광고
2024017197,2024-03-28,남자,20 - 29세,충청남도,기타,스마트폰,계약불이행(불완전이행)
2024017198,2024-03-28,여자,20 - 29세,경기도,방문판매,헬스장,계약해제.해지/위약금
2024017199,2024-03-28,남자,40 - 49세,전라북도,국제온라인거래,항공여객운송서비스,계약해제.해지/위약금
2024017200,2024-03-28,남자,30 - 39세,경기도,국제온라인거래,항공여객운송서비스,계약해제.해지/위약금
2024017201,2024-03-28,여자,30 - 39세,경기도,국내온라인거래,점퍼·재킷류,품질(물품/용역)
2024017202,2024-03-28,여자,30 - 39세,경기도,국내온라인거래,기타신발·용품,청약철회
2024017203,2024-03-28,여자,50 - 59세,서울특별시,국내온라인거래,니트(스웨터),청약철회
2024017204,2024-03-28,여자,30 - 39세,경기도,일반판매,건물청소서비스,계약해제.해지/위약금
2024017205,2024-03-28,남자,30 - 39세,전라북도,방문판매,노트북컴퓨터,품질(물품/용역)
2024017206,2024-03-28,남자,60 - 64세,인천광역시,국내온라인거래,전기담요,품질(물품/용역)
2024017207,2024-03-28,여자,40 - 49세,경기도,일반판매,필라테스,계약해제.해지/위약금
2024017208,2024-03-28,남자,30 - 39세,서울특별시,일반판매,일반강습(입시학원등),청약철회
2024017209,2024-03-28,여자,10 - 19세,서울특별시,일반판매,기타완구·인형,청약철회
2024017210,2024-03-28,여자,60 - 64세,경기도,모바일거래,항공여객운송서비스,계약불이행(불완전이행)
2024017211,2024-03-28,여자,20 - 29세,서울특별시,일반판매,운명감정서비스,청약철회
2024017212,2024-03-28,남자,60 - 64세,제주도,일반판매,등유,거래관행
2024017213,2024-03-28,여자,30 - 39세,경기도,일반판매,인덕션레인지,계약해제.해지/위약금
2024017214,2024-03-28,여자,20 - 29세,서울특별시,일반판매,헬스장,계약해제.해지/위약금
2024017215,2024-03-28,남자,30 - 39세,서울특별시,일반판매,헬스장,계약해제.해지/위약금
2024017216,2024-03-28,여자,20 - 29세,경상남도,일반판매,일반강습(입시학원등),청약철회
2024017217,2024-03-28,여자,20 - 29세,경기도,국내온라인거래,기타서적음반류,청약철회
2024017218,2024-03-28,남자,30 - 39세,제주도,일반판매,헬스장,계약불이행(불완전이행)
2024017219,2024-03-28,여자,50 - 59세,인천광역시,기타,택배화물운송서비스,품질(물품/용역)
2024017220,2024-03-28,여자,30 - 39세,경기도,일반판매,사진촬영,품질(물품/용역)
2024017221,2024-03-28,여자,30 - 39세,경기도,전화권유판매,기타매체광고,
2024017222,2024-03-28,남자,40 - 49세,서울특별시,국내온라인거래,사진촬영,계약해제.해지/위약금
2024017223,2024-03-28,여자,20 - 29세,대전광역시,방문판매,필라테스,청약철회
2024017224,2024-03-28,남자,20 - 29세,충청남도,국제온라인거래,기타스포츠·레저기구·용품,가격.요금
2024017225,2024-03-28,여자,20 - 29세,부산광역시,국내온라인거래,항공여객운송서비스,계약해제.해지/위약금
2024017226,2024-03-28,남자,30 - 39세,경기도,모바일거래,인터넷게임서비스,부당행위
2024017227,2024-03-28,남자,30 - 39세,대구광역시,일반판매,포장이사운송서비스,품질(물품/용역)
2024017228,2024-03-28,남자,40 - 49세,경상북도,국내온라인거래,운동화,청약철회
2024017229,2024-03-28,남자,30 - 39세,인천광역시,방문판매,콘도회원권,계약해제.해지/위약금
2024017230,2024-03-28,여자,30 - 39세,세종특별자치시,국내온라인거래,항공여객운송서비스,청약철회
2024017231,2024-03-28,남자,30 - 39세,인천광역시,일반판매,식탁,계약불이행(불완전이행)
2024017232,2024-03-28,여자,30 - 39세,경기도,국내온라인거래,기타가방,청약철회
2024017233,2024-03-28,여자,30 - 39세,경상남도,국내온라인거래,선박화물운송서비스,부당행위
2024017234,2024-03-28,여자,40 - 49세,광주광역시,일반판매,가스레인지,품질(물품/용역)
2024017235,2024-03-28,여자,40 - 49세,대구광역시,일반판매,커튼,계약불이행(불완전이행)
2024017236,2024-03-28,남자,50 - 59세,경상남도,TV홈쇼핑,TV,AS불만
2024017237,2024-03-28,남자,65 - 69세,인천광역시,국내온라인거래,전기장판,AS불만
2024017238,2024-03-28,여자,40 - 49세,경기도,소셜커머스(쇼핑),향수,부당행위
2024017239,2024-03-28,남자,30 - 39세,대구광역시,일반판매,책상,품질(물품/용역)
2024017240,2024-03-28,여자,30 - 39세,인천광역시,일반판매,필라테스,계약해제.해지/위약금
2024017241,2024-03-28,여자,30 - 39세,대구광역시,국내온라인거래,숙녀화(구두·부츠 등),청약철회
2024017242,2024-03-28,여자,20 - 29세,대구광역시,국제온라인거래,샌들·슬리퍼,청약철회
2024017243,2024-03-28,남자,20 - 29세,서울특별시,국내온라인거래,캐주얼바지,계약불이행(불완전이행)
2024017244,2024-03-28,여자,30 - 39세,경기도,모바일거래,기타미분류물품,계약불이행(불완전이행)
2024017245,2024-03-28,여자,50 - 59세,경기도,국내온라인거래,게,품질(물품/용역)
2024017246,2024-03-28,여자,20 - 29세,울산광역시,일반판매,종합체육시설회원권,계약해제.해지/위약금
2024017247,2024-03-28,여자,30 - 39세,서울특별시,일반판매,숙녀화(구두·부츠 등),계약해제.해지/위약금
2024017248,2024-03-28,여자,30 - 39세,서울특별시,방문판매,부엌용합성세제,청약철회
2024017249,2024-03-28,남자,20 - 29세,경기도,일반판매,헬스장,계약해제.해지/위약금
2024017250,2024-03-28,남자,30 - 39세,인천광역시,국내온라인거래,의자,계약불이행(불완전이행)
2024017251,2024-03-28,여자,30 - 39세,대구광역시,일반판매,피부·체형관리서비스,계약해제.해지/위약금
2024017252,2024-03-28,여자,30 - 39세,서울특별시,국내온라인거래,노트북컴퓨터,품질(물품/용역)
2024017253,2024-03-28,여자,20 - 29세,서울특별시,국내온라인거래,기타의류·섬유,청약철회
2024017254,2024-03-28,여자,30 - 39세,서울특별시,일반판매,미용서비스,품질(물품/용역)
2024017255,2024-03-28,남자,30 - 39세,서울특별시,일반판매,기타과일·과일가공식품,품질(물품/용역)
2024017256,2024-03-28,남자,30 - 39세,경상남도,모바일거래,기타행정서비스,계약해제.해지/위약금
2024017257,2024-03-28,여자,20 - 29세,인천광역시,기타,요가,계약해제.해지/위약금
2024017258,2024-03-28,여자,40 - 49세,경기도,국내온라인거래,보석·귀금속,청약철회
2024017259,2024-03-28,여자,20 - 29세,인천광역시,국내온라인거래,가축사료,부당행위
2024017260,2024-03-28,여자,50 - 59세,인천광역시,일반판매,정수기대여(렌트),AS불만
2024017261,2024-03-28,여자,30 - 39세,울산광역시,모바일거래,유아용교재,계약불이행(불완전이행)
2024017262,2024-03-28,여자,40 - 49세,서울특별시,국내온라인거래,서랍장,AS불만
2024017263,2024-03-28,남자,30 - 39세,충청남도,국내온라인거래,식탁,품질(물품/용역)
2024017264,2024-03-28,여자,30 - 39세,충청남도,일반판매,바닥재·마루공사,부당채권추심
2024017265,2024-03-28,여자,20 - 29세,광주광역시,국내온라인거래,항공여객운송서비스,계약해제.해지/위약금
2024017266,2024-03-28,남자,30 - 39세,경기도,기타,단독·다가구주택,계약불이행(불완전이행)
2024017267,2024-03-28,남자,20 - 29세,부산광역시,일반판매,헬스장,계약해제.해지/위약금
2024017268,2024-03-28,여자,10 - 19세,경기도,방문판매,헬스장,계약해제.해지/위약금
2024017269,2024-03-28,남자,20 - 29세,대구광역시,일반판매,이동전화서비스,품질(물품/용역)
2024017270,2024-03-28,여자,20 - 29세,경기도,일반판매,헬스장,계약해제.해지/위약금
2024017271,2024-03-28,남자,60 - 64세,경기도,국내온라인거래,지갑,청약철회
2024017272,2024-03-28,여자,40 - 49세,경상남도,기타,화장품세트,청약철회
2024017273,2024-03-28,남자,50 - 59세,전라북도,일반판매,정수기,계약불이행(불완전이행)
2024017274,2024-03-28,여자,30 - 39세,서울특별시,방문판매,피부·체형관리서비스,계약불이행(불완전이행)
2024017275,2024-03-28,여자,70 - 79세,서울특별시,기타통신판매,기타인터넷기반서비스,가격.요금
2024017276,2024-03-28,여자,20 - 29세,충청남도,국내온라인거래,인터넷교육서비스,청약철회
2024017277,2024-03-28,여자,40 - 49세,대전광역시,국내온라인거래,바이올린,표시.광고
2024017278,2024-03-28,여자,20 - 29세,서울특별시,국내온라인거래,헬스장,계약해제.해지/위약금
2024017279,2024-03-28,여자,30 - 39세,서울특별시,일반판매,기타법률서비스,부당행위
2024017280,2024-03-28,남자,40 - 49세,전라북도,기타통신판매,이동전화서비스,품질(물품/용역)
2024017281,2024-03-28,남자,30 - 39세,서울특별시,국내온라인거래,항공여객운송서비스,계약해제.해지/위약금
2024017282,2024-03-28,남자,50 - 59세,경상남도,일반판매,기타농약,부당행위
2024017283,2024-03-28,여자,20 - 29세,경상남도,국내온라인거래,기타건강식품,품질(물품/용역)
2024017284,2024-03-28,여자,30 - 39세,경기도,일반판매,제습기,계약해제.해지/위약금
2024017285,2024-03-28,여자,30 - 39세,인천광역시,국제온라인거래,호텔,계약해제.해지/위약금
2024017286,2024-03-28,남자,30 - 39세,경기도,국내온라인거래,CD·LD·DVD(영화·음악·게임),계약불이행(불완전이행)
2024017287,2024-03-28,여자,30 - 39세,충청북도,모바일거래,,
2024017288,2024-03-28,여자,20 - 29세,서울특별시,국제온라인거래,국외여행,계약불이행(불완전이행)
2024017289,2024-03-29,남자,40 - 49세,경기도,기타,아파트,품질(물품/용역)
2024017290,2024-03-29,여자,30 - 39세,경상북도,국내온라인거래,이동전화서비스,품질(물품/용역)
2024017291,2024-03-29,여자,30 - 39세,인천광역시,일반판매,원피스,청약철회
2024017292,2024-03-29,남자,50 - 59세,경기도,일반판매,항공여객운송서비스,안전(제품/시설)
2024017293,2024-03-29,여자,20 - 29세,경기도,일반판매,헬스장,계약해제.해지/위약금
2024017295,2024-03-29,여자,50 - 59세,서울특별시,국내온라인거래,그림,청약철회
2024017296,2024-03-29,남자,30 - 39세,경기도,기타,아파트,안전(제품/시설)
2024017297,2024-03-29,남자,50 - 59세,서울특별시,소셜커머스(쇼핑),전자게임기구,청약철회
2024017298,2024-03-29,여자,30 - 39세,대전광역시,일반판매,종합체육시설회원권,계약해제.해지/위약금
2024017299,2024-03-29,여자,30 - 39세,경기도,국제온라인거래,항공여객운송서비스,이자.수수료
2024017301,2024-03-29,남자,20 - 29세,서울특별시,일반판매,헬스장,계약해제.해지/위약금
2024017302,2024-03-29,남자,50 - 59세,서울특별시,일반판매,자동차수리·점검,품질(물품/용역)
2024017303,2024-03-29,여자,20 - 29세,전라북도,일반판매,점퍼·재킷류,품질(물품/용역)
2024017304,2024-03-29,남자,40 - 49세,인천광역시,일반판매,한의원,품질(물품/용역)
2024017305,2024-03-29,남자,60 - 64세,경상남도,기타,정형외과,품질(물품/용역)
2024017306,2024-03-29,여자,65 - 69세,서울특별시,일반판매,치과,품질(물품/용역)
2024017307,2024-03-29,남자,40 - 49세,부산광역시,기타,기타병·의원서비스,품질(물품/용역)
2024017308,2024-03-29,남자,20 - 29세,경기도,일반판매,헬스장,계약해제.해지/위약금
2024017311,2024-03-29,여자,30 - 39세,경기도,기타,아파트,안전(제품/시설)
2024017312,2024-03-29,여자,30 - 39세,서울특별시,일반판매,필라테스,계약해제.해지/위약금
2024017313,2024-03-29,남자,50 - 59세,경상북도,국내온라인거래,전자담배,AS불만
2024017314,2024-03-29,남자,20 - 29세,서울특별시,일반판매,피부과,계약해제.해지/위약금
2024017315,2024-03-29,남자,30 - 39세,서울특별시,일반판매,인터넷정보이용서비스,부당행위
2024017316,2024-03-29,여자,50 - 59세,전라북도,기타,건강(암·기타질병)보험,계약불이행(불완전이행)
2024017317,2024-03-29,남자,40 - 49세,경상북도,일반판매,안경·안경테,품질(물품/용역)
2024017318,2024-03-29,여자,50 - 59세,경기도,국내온라인거래,사과,계약불이행(불완전이행)
2024017319,2024-03-29,남자,40 - 49세,경상남도,방문판매,침대,계약불이행(불완전이행)
2024017321,2024-03-29,남자,30 - 39세,강원특별자치도,방문판매,콘도회원권,청약철회
2024017322,2024-03-29,여자,20 - 29세,경기도,기타통신판매,기타여행,계약해제.해지/위약금
2024017324,2024-03-29,여자,20 - 29세,경상남도,일반판매,헬스장,계약해제.해지/위약금
2024017325,2024-03-29,남자,30 - 39세,경기도,일반판매,예식서비스,계약해제.해지/위약금
2024017326,2024-03-29,남자,30 - 39세,인천광역시,방문판매,애완견,품질(물품/용역)
2024017327,2024-03-29,여자,40 - 49세,경기도,일반판매,묘지설비,계약해제.해지/위약금
2024017328,2024-03-29,남자,20 - 29세,경기도,일반판매,취업·이민알선,계약불이행(불완전이행)
2024017329,2024-03-29,여자,30 - 39세,경기도,방문판매,침대·매트리스대여(렌트),청약철회
2024017330,2024-03-29,여자,30 - 39세,경기도,국내온라인거래,전기맛사지기,청약철회
2024017331,2024-03-29,여자,30 - 39세,부산광역시,국내온라인거래,이불장,표시.광고
2024017332,2024-03-29,남자,40 - 49세,충청북도,소셜커머스(쇼핑),스마트폰,계약불이행(불완전이행)
2024017333,2024-03-29,남자,65 - 69세,서울특별시,일반판매,중고자동차중개·매매,품질(물품/용역)
2024017334,2024-03-29,남자,40 - 49세,서울특별시,일반판매,내과,품질(물품/용역)
2024017335,2024-03-29,남자,40 - 49세,서울특별시,국내온라인거래,중형승용자동차,계약불이행(불완전이행)
2024017336,2024-03-29,남자,40 - 49세,대구광역시,국내온라인거래,비타민제,계약불이행(불완전이행)
2024017338,2024-03-29,남자,60 - 64세,대구광역시,일반판매,외식,거래관행
2024017339,2024-03-29,여자,30 - 39세,서울특별시,일반판매,대리운전,거래관행
2024017340,2024-03-29,여자,60 - 64세,경상북도,기타,건강(암·기타질병)보험,계약불이행(불완전이행)
2024017341,2024-03-29,여자,20 - 29세,경기도,일반판매,헬스장,계약해제.해지/위약금
2024017342,2024-03-29,여자,30 - 39세,서울특별시,전화권유판매,모바일정보이용서비스,계약불이행(불완전이행)
2024017343,2024-03-29,남자,20 - 29세,경기도,일반판매,헬스장,계약해제.해지/위약금
2024017344,2024-03-29,남자,불명,서울특별시,일반판매,기타미분류서비스,청약철회
2024017345,2024-03-29,여자,20 - 29세,서울특별시,일반판매,필라테스,계약해제.해지/위약금
2024017346,2024-03-29,여자,20 - 29세,경기도,방문판매,결혼준비대행서비스,계약해제.해지/위약금
2024017347,2024-03-29,여자,30 - 39세,서울특별시,국내온라인거래,피부과,품질(물품/용역)
2024017348,2024-03-29,남자,65 - 69세,충청북도,일반판매,구명장비·소방설비,품질(물품/용역)
2024017349,2024-03-29,남자,60 - 64세,경기도,전화권유판매,초고속인터넷,가격.요금
2024017350,2024-03-29,여자,20 - 29세,서울특별시,방문판매,한의원,계약해제.해지/위약금
2024017351,2024-03-29,여자,불명,인천광역시,일반판매,운동화,품질(물품/용역)
2024017352,2024-03-29,남자,30 - 39세,경상북도,모바일거래,떡류,계약불이행(불완전이행)
2024017353,2024-03-29,여자,40 - 49세,서울특별시,국내온라인거래,티셔츠,표시.광고
2024017354,2024-03-29,남자,50 - 59세,대구광역시,일반판매,자동차수리·점검,계약불이행(불완전이행)
2024017355,2024-03-29,여자,40 - 49세,서울특별시,전화권유판매,필라테스,계약해제.해지/위약금
2024017356,2024-03-29,여자,65 - 69세,서울특별시,전화권유판매,유사투자자문,계약해제.해지/위약금
2024017357,2024-03-29,여자,60 - 64세,경기도,기타,피부·체형관리서비스,계약해제.해지/위약금
2024017358,2024-03-29,여자,30 - 39세,서울특별시,일반판매,필라테스,계약해제.해지/위약금
2024017359,2024-03-29,남자,30 - 39세,광주광역시,국내온라인거래,캐주얼바지,청약철회
2024017361,2024-03-29,남자,40 - 49세,인천광역시,일반판매,기타자동차부품,품질(물품/용역)
2024017363,2024-03-29,남자,30 - 39세,경기도,일반판매,포장이사운송서비스,계약불이행(불완전이행)
2024017364,2024-03-29,남자,20 - 29세,경기도,국내온라인거래,여관(모텔),품질(물품/용역)
2024017366,2024-03-29,여자,60 - 64세,충청남도,일반판매,상해보험,계약불이행(불완전이행)
2024017367,2024-03-29,여자,20 - 29세,서울특별시,모바일거래,기타문화·오락시설이용,계약해제.해지/위약금
2024017368,2024-03-29,남자,30 - 39세,경기도,일반판매,정수기대여(렌트),계약해제.해지/위약금
2024017369,2024-03-29,남자,40 - 49세,경상북도,소셜커머스(쇼핑),신유형상품권,계약불이행(불완전이행)
2024017371,2024-03-29,여자,70 - 79세,경기도,일반판매,기타행정서비스,계약해제.해지/위약금
2024017373,2024-03-29,남자,60 - 64세,서울특별시,전화권유판매,기타건강식품,계약해제.해지/위약금
2024017375,2024-03-29,여자,40 - 49세,부산광역시,일반판매,정수기대여(렌트),무능력자계약
2024017378,2024-03-29,여자,60 - 64세,서울특별시,전화권유판매,모바일정보이용서비스,계약해제.해지/위약금
2024017379,2024-03-29,여자,65 - 69세,서울특별시,일반판매,치과,품질(물품/용역)
2024017380,2024-03-29,남자,40 - 49세,서울특별시,국내온라인거래,호텔,부당행위
2024017382,2024-03-29,남자,70 - 79세,서울특별시,기타통신판매,전자담배,청약철회
2024017384,2024-03-29,여자,50 - 59세,부산광역시,일반판매,건강(암·기타질병)보험,계약불이행(불완전이행)
2024017386,2024-03-29,남자,30 - 39세,충청남도,일반판매,스마트폰,거래관행
2024017401,2024-03-29,남자,30 - 39세,부산광역시,국내온라인거래,기타취미용품,청약철회
2024017402,2024-03-29,여자,20 - 29세,서울특별시,모바일거래,모바일정보이용서비스,부당행위
2024017403,2024-03-29,남자,30 - 39세,경기도,기타,기타인테리어설비,부당행위
2024017404,2024-03-29,남자,50 - 59세,서울특별시,국내온라인거래,보석·귀금속,청약철회
2024017405,2024-03-29,남자,30 - 39세,경기도,일반판매,택배화물운송서비스,품질(물품/용역)
2024017406,2024-03-29,여자,20 - 29세,경기도,국내온라인거래,의자,품질(물품/용역)
2024017407,2024-03-29,여자,40 - 49세,전라남도,전화권유판매,정수기대여(렌트),품질(물품/용역)
2024017408,2024-03-29,남자,40 - 49세,경기도,일반판매,애완견,계약해제.해지/위약금
2024017409,2024-03-29,남자,20 - 29세,경기도,국내온라인거래,노트북컴퓨터,AS불만
2024017410,2024-03-29,남자,30 - 39세,경기도,일반판매,포장이사운송서비스,품질(물품/용역)
2024017411,2024-03-29,여자,30 - 39세,서울특별시,일반판매,기타세탁서비스,품질(물품/용역)
2024017412,2024-03-29,여자,50 - 59세,경기도,노상판매,식탁,청약철회
2024017413,2024-03-29,남자,50 - 59세,경기도,국내온라인거래,초고속인터넷,계약해제.해지/위약금
2024017414,2024-03-29,여자,30 - 39세,서울특별시,국제온라인거래,호텔,청약철회
2024017415,2024-03-29,여자,30 - 39세,부산광역시,일반판매,스마트폰,계약해제.해지/위약금
2024017416,2024-03-29,여자,60 - 64세,강원특별자치도,다단계판매,전기장판,AS불만
2024017417,2024-03-29,남자,20 - 29세,충청북도,기타통신판매,기타통신기기,계약해제.해지/위약금
2024017418,2024-03-29,여자,20 - 29세,부산광역시,국내온라인거래,보석·귀금속,청약철회
2024017419,2024-03-29,남자,40 - 49세,서울특별시,일반판매,택배화물운송서비스,부당행위
2024017420,2024-03-29,여자,30 - 39세,인천광역시,국제온라인거래,호텔,계약해제.해지/위약금
2024017421,2024-03-29,남자,30 - 39세,경기도,일반판매,택배화물운송서비스,계약불이행(불완전이행)
2024017422,2024-03-29,여자,30 - 39세,서울특별시,국내온라인거래,여행용가방,품질(물품/용역)
2024017423,2024-03-29,남자,40 - 49세,전라남도,기타,기타여객운송서비스,계약해제.해지/위약금
2024017424,2024-03-29,남자,50 - 59세,전라남도,국내온라인거래,전기온수장판,품질(물품/용역)
2024017425,2024-03-29,여자,60 - 64세,서울특별시,일반판매,국외여행,부당행위
2024017426,2024-03-29,여자,20 - 29세,서울특별시,기타통신판매,피부·체형관리서비스,
2024017427,2024-03-29,남자,40 - 49세,서울특별시,일반판매,포장이사운송서비스,품질(물품/용역)
2024017428,2024-03-29,여자,20 - 29세,서울특별시,일반판매,헬스장,계약해제.해지/위약금
2024017429,2024-03-29,여자,40 - 49세,서울특별시,일반판매,이동전화서비스,청약철회
2024017430,2024-03-29,여자,50 - 59세,충청남도,국내온라인거래,감귤,품질(물품/용역)
2024017431,2024-03-29,남자,40 - 49세,경기도,모바일거래,모바일정보이용서비스,청약철회
2024017432,2024-03-29,남자,40 - 49세,부산광역시,국내온라인거래,기타숙박시설,청약철회
2024017433,2024-03-29,여자,50 - 59세,경기도,일반판매,아파트,AS불만
2024017434,2024-03-29,여자,20 - 29세,서울특별시,국내온라인거래,부업알선,계약해제.해지/위약금
2024017435,2024-03-29,여자,30 - 39세,서울특별시,국내온라인거래,벨트,청약철회
2024017436,2024-03-29,여자,20 - 29세,서울특별시,국내온라인거래,점퍼·재킷류,청약철회
2024017437,2024-03-29,남자,10세 미만,부산광역시,국내온라인거래,인터넷정보이용서비스,청약철회
2024017438,2024-03-29,여자,40 - 49세,경기도,국내온라인거래,항공여객운송서비스,가격.요금
2024017439,2024-03-29,여자,20 - 29세,서울특별시,국내온라인거래,항공여객운송서비스,청약철회
2024017440,2024-03-29,여자,30 - 39세,경기도,일반판매,아동복,AS불만
2024017441,2024-03-29,남자,40 - 49세,인천광역시,국내온라인거래,TV,부당행위
2024017442,2024-03-29,여자,50 - 59세,경기도,일반판매,건물청소서비스,품질(물품/용역)
2024017443,2024-03-29,여자,20 - 29세,부산광역시,국내온라인거래,항공여객운송서비스,계약해제.해지/위약금
2024017444,2024-03-29,여자,20 - 29세,경기도,국내온라인거래,스포츠웨어,청약철회
2024017445,2024-03-29,여자,20 - 29세,충청북도,방문판매,헬스장,계약해제.해지/위약금
2024017446,2024-03-29,여자,40 - 49세,대전광역시,일반판매,학생용가방,계약불이행(불완전이행)
2024017447,2024-03-29,여자,30 - 39세,서울특별시,방문판매,기타교육서비스,계약해제.해지/위약금
2024017448,2024-03-29,여자,30 - 39세,서울특별시,전화권유판매,외국어강습,계약해제.해지/위약금
2024017449,2024-03-29,여자,20 - 29세,서울특별시,모바일거래,호텔,품질(물품/용역)
2024017450,2024-03-29,남자,30 - 39세,서울특별시,국내온라인거래,캐주얼바지,청약철회
2024017451,2024-03-29,남자,40 - 49세,서울특별시,일반판매,기타책상·테이블류,계약불이행(불완전이행)
2024017452,2024-03-29,남자,40 - 49세,인천광역시,일반판매,기타문화·오락시설이용,계약불이행(불완전이행)
2024017453,2024-03-29,남자,30 - 39세,서울특별시,일반판매,기타의료용구,품질(물품/용역)
2024017454,2024-03-29,남자,40 - 49세,경기도,일반판매,인터넷정보이용서비스,품질(물품/용역)
2024017455,2024-03-29,여자,30 - 39세,경기도,국내온라인거래,시스템에어컨,품질(물품/용역)
2024017456,2024-03-29,남자,20 - 29세,경기도,모바일거래,인터넷교육서비스,계약해제.해지/위약금
2024017457,2024-03-29,남자,40 - 49세,경기도,전화권유판매,기타매체광고,품질(물품/용역)
2024017458,2024-03-29,여자,40 - 49세,울산광역시,기타,다이어트식품,계약불이행(불완전이행)
2024017459,2024-03-29,여자,30 - 39세,경기도,기타,미용서비스,품질(물품/용역)
2024017460,2024-03-29,남자,30 - 39세,서울특별시,일반판매,시스템에어컨,AS불만
2024017461,2024-03-29,남자,20 - 29세,경기도,국내온라인거래,워드프로세서,부당행위
2024017462,2024-03-29,남자,40 - 49세,경기도,기타,골프회원권,계약해제.해지/위약금
2024017463,2024-03-29,남자,20 - 29세,서울특별시,국내온라인거래,캐주얼바지,청약철회
2024017464,2024-03-29,남자,40 - 49세,경상남도,일반판매,기타미분류물품,청약철회
2024017465,2024-03-29,여자,20 - 29세,서울특별시,국내온라인거래,미용서비스,청약철회
2024017466,2024-03-29,여자,20 - 29세,인천광역시,일반판매,국외여행,계약불이행(불완전이행)
2024017467,2024-03-29,여자,30 - 39세,서울특별시,국내온라인거래,전기맛사지기,청약철회
2024017501,2024-03-30,남자,30 - 39세,경상남도,일반판매,아파트,품질(물품/용역)
2024017502,2024-03-30,여자,20 - 29세,경기도,일반판매,애완견,계약해제.해지/위약금
2024017503,2024-03-30,남자,40 - 49세,경기도,국내온라인거래,항공여객운송서비스,계약해제.해지/위약금
2024017504,2024-03-30,남자,50 - 59세,경상남도,국내온라인거래,캐주얼바지,품질(물품/용역)
2024017505,2024-03-30,남자,30 - 39세,경기도,국내온라인거래,기타가사용품,품질(물품/용역)
2024017506,2024-03-30,남자,60 - 64세,경상남도,일반판매,콘도회원권,계약불이행(불완전이행)
2024017507,2024-03-30,남자,20 - 29세,대전광역시,일반판매,택배화물운송서비스,표시.광고
2024017508,2024-03-30,남자,60 - 64세,인천광역시,기타,대문,품질(물품/용역)
2024017509,2024-03-30,여자,40 - 49세,서울특별시,일반판매,커피메이커,AS불만
2024017510,2024-03-30,남자,30 - 39세,부산광역시,국제온라인거래,항공여객운송서비스,계약해제.해지/위약금
2024017511,2024-03-30,남자,50 - 59세,전라북도,일반판매,식탁,계약불이행(불완전이행)
2024017601,2024-03-31,여자,60 - 64세,대전광역시,기타통신판매,기타정보통신,거래관행
2024017602,2024-03-31,여자,20 - 29세,경기도,국제온라인거래,항공여객운송서비스,계약해제.해지/위약금
2024017603,2024-03-31,여자,50 - 59세,경기도,전화권유판매,기타매체광고,계약해제.해지/위약금
2024017604,2024-03-31,남자,30 - 39세,서울특별시,일반판매,국내결혼중개,계약해제.해지/위약금
2024017605,2024-03-31,여자,30 - 39세,서울특별시,방문판매,헬스장,품질(물품/용역)
2024017606,2024-03-31,남자,20 - 29세,경기도,일반판매,기타이·미용서비스,계약해제.해지/위약금
2024017607,2024-03-31,여자,30 - 39세,경기도,국내온라인거래,기타가방,청약철회
2024017608,2024-03-31,여자,20 - 29세,서울특별시,방문판매,헬스장,계약해제.해지/위약금
2024017609,2024-03-31,여자,40 - 49세,경상북도,방문판매,전집물,계약해제.해지/위약금
2024017610,2024-03-31,여자,50 - 59세,서울특별시,일반판매,국외여행,계약해제.해지/위약금
2024017611,2024-03-31,남자,30 - 39세,서울특별시,전화권유판매,음식물처리기대여(렌트),계약해제.해지/위약금
2024017612,2024-03-31,여자,40 - 49세,부산광역시,기타,기타인테리어설비,계약해제.해지/위약금
2024017613,2024-03-31,남자,30 - 39세,인천광역시,국제온라인거래,발모제,청약철회
2024017614,2024-03-31,남자,40 - 49세,제주도,국내온라인거래,모자,청약철회
2024017615,2024-03-31,여자,40 - 49세,경기도,국내온라인거래,기타의류·섬유,청약철회
2024017616,2024-03-31,남자,40 - 49세,부산광역시,일반판매,스마트폰,품질(물품/용역)
2024017617,2024-03-31,여자,20 - 29세,경기도,국내온라인거래,새우,청약철회
2024017618,2024-03-31,여자,20 - 29세,대구광역시,일반판매,음식물처리기대여(렌트),부당행위
2024017619,2024-03-31,남자,40 - 49세,부산광역시,국내온라인거래,낚시용품,
2024017620,2024-03-31,남자,40 - 49세,울산광역시,국제온라인거래,항공여객운송서비스,청약철회
2024017621,2024-03-31,여자,20 - 29세,서울특별시,국내온라인거래,항공여객운송서비스,부당행위
2024017622,2024-03-31,남자,30 - 39세,경기도,일반판매,사진촬영,계약해제.해지/위약금
2024017623,2024-03-31,여자,30 - 39세,서울특별시,일반판매,헬스장,계약해제.해지/위약금
2024017624,2024-03-31,남자,30 - 39세,서울특별시,국내온라인거래,항공여객운송서비스,계약불이행(불완전이행)
2024017625,2024-03-31,남자,40 - 49세,서울특별시,모바일거래,호텔,계약해제.해지/위약금
2024017626,2024-03-31,남자,20 - 29세,서울특별시,일반판매,양복(서양식 의복)세탁,품질(물품/용역)
2024017627,2024-03-31,여자,20 - 29세,경기도,국내온라인거래,각종공연관람,계약불이행(불완전이행)
2024017628,2024-03-31,남자,20 - 29세,경기도,,헬스장,계약해제.해지/위약금
2024017629,2024-03-29,남자,30 - 39세,경기도,국내온라인거래,인터넷게임서비스,
