사건번호,접수일(년월일),성별,연령대,지역,판매유형,물품소분류,청구이유
2023017601,2023-04-01,남자,30 - 39세,강원특별자치도,국내온라인거래,기타스포츠·레저기구·용품,표시.광고
2023017701,2023-04-01,남자,30 - 39세,서울특별시,국내온라인거래,노트북컴퓨터,AS불만
2023017702,2023-04-01,여자,20 - 29세,대구광역시,일반판매,헬스장,계약해제.해지/위약금
2023017703,2023-04-01,여자,50 - 59세,경기도,기타,오피스텔,계약해제.해지/위약금
2023017704,2023-04-01,남자,20 - 29세,부산광역시,국내온라인거래,인터넷게임서비스,부당행위
2023017705,2023-04-01,여자,40 - 49세,부산광역시,기타,항공여객운송서비스,계약불이행(불완전이행)
2023017706,2023-04-01,남자,40 - 49세,서울특별시,국내온라인거래,기타취미용품,청약철회
2023017707,2023-04-01,남자,20 - 29세,충청남도,모바일거래,이동전화서비스,계약불이행(불완전이행)
2023017708,2023-04-01,여자,30 - 39세,경기도,일반판매,필라테스,계약해제.해지/위약금
2023017709,2023-04-01,남자,50 - 59세,경기도,일반판매,헬스장,계약해제.해지/위약금
2023017710,2023-04-01,남자,40 - 49세,경기도,국내온라인거래,스피커,품질(물품/용역)
2023017711,2023-04-01,여자,20 - 29세,부산광역시,국내온라인거래,기타의류·섬유,청약철회
2023017712,2023-04-01,여자,20 - 29세,경기도,국내온라인거래,기타미분류서비스,청약철회
2023017713,2023-04-01,여자,50 - 59세,대전광역시,일반판매,기타세탁서비스,품질(물품/용역)
2023017714,2023-04-01,남자,50 - 59세,충청남도,일반판매,국제결혼중개,계약불이행(불완전이행)
2023017801,2023-04-02,여자,30 - 39세,강원특별자치도,일반판매,미용서비스,품질(물품/용역)
2023017802,2023-04-02,남자,30 - 39세,서울특별시,국제온라인거래,항공여객운송서비스,계약불이행(불완전이행)
2023017803,2023-04-02,남자,50 - 59세,경기도,일반판매,헬스장,계약해제.해지/위약금
2023017804,2023-04-02,남자,30 - 39세,강원특별자치도,국내온라인거래,항공여객운송서비스,계약해제.해지/위약금
2023017805,2023-04-02,여자,30 - 39세,경기도,국내온라인거래,니트(스웨터),청약철회
2023017806,2023-04-02,남자,40 - 49세,서울특별시,일반판매,헬스장,계약해제.해지/위약금
2023017807,2023-04-02,여자,20 - 29세,대구광역시,국내온라인거래,인터넷교육서비스,약관
2023017808,2023-04-02,여자,40 - 49세,경기도,일반판매,기타의류·섬유,청약철회
2023017809,2023-04-02,여자,30 - 39세,경기도,기타,운명감정서비스,계약해제.해지/위약금
2023017810,2023-04-02,남자,40 - 49세,서울특별시,기타,유통시설이용,안전(제품/시설)
2023017811,2023-04-02,남자,40 - 49세,경기도,국내온라인거래,항공여객운송서비스,청약철회
2023017812,2023-04-02,여자,40 - 49세,경상남도,전화권유판매,인터넷정보이용서비스,계약불이행(불완전이행)
2023017813,2023-04-02,남자,40 - 49세,경기도,모바일거래,택배화물운송서비스,계약불이행(불완전이행)
2023017814,2023-04-02,여자,30 - 39세,부산광역시,일반판매,예식서비스,계약해제.해지/위약금
2023017817,2023-04-03,남자,30 - 39세,경기도,모바일거래,포장이사운송서비스,계약불이행(불완전이행)
2023017818,2023-04-03,여자,30 - 39세,경상남도,국내온라인거래,기타사설강습서비스,계약해제.해지/위약금
2023017819,2023-04-03,남자,30 - 39세,경기도,기타,아파트,부당행위
2023017820,2023-04-03,여자,30 - 39세,경기도,일반판매,양복(서양식 의복)세탁,품질(물품/용역)
2023017821,2023-04-03,여자,70 - 79세,대구광역시,일반판매,기타채소·채소가공식품,품질(물품/용역)
2023017822,2023-04-03,남자,50 - 59세,광주광역시,기타통신판매,모바일정보이용서비스,계약불이행(불완전이행)
2023017823,2023-04-03,여자,40 - 49세,인천광역시,일반판매,헬스장,계약해제.해지/위약금
2023017825,2023-04-03,여자,30 - 39세,인천광역시,일반판매,헬스장,계약해제.해지/위약금
2023017826,2023-04-03,여자,20 - 29세,서울특별시,일반판매,헬스장,계약해제.해지/위약금
2023017829,2023-04-03,남자,40 - 49세,인천광역시,일반판매,대형승용자동차,품질(물품/용역)
2023017830,2023-04-03,여자,40 - 49세,대구광역시,일반판매,인터넷정보이용서비스,계약불이행(불완전이행)
2023017831,2023-04-03,여자,30 - 39세,대구광역시,일반판매,레저·이벤트회원권,계약해제.해지/위약금
2023017832,2023-04-03,남자,65 - 69세,경기도,일반판매,전기밥솥,AS불만
2023017833,2023-04-03,남자,65 - 69세,경상남도,TV홈쇼핑,기타주방설비,품질(물품/용역)
2023017835,2023-04-03,남자,30 - 39세,제주도,국내온라인거래,기타스포츠·레저기구·용품,청약철회
2023017836,2023-04-03,여자,40 - 49세,서울특별시,국내온라인거래,점퍼·재킷류,품질(물품/용역)
2023017837,2023-04-03,여자,40 - 49세,경기도,일반판매,차량용블랙박스,청약철회
2023017838,2023-04-03,남자,30 - 39세,강원특별자치도,일반판매,점퍼·재킷류,품질(물품/용역)
2023017839,2023-04-03,여자,30 - 39세,서울특별시,일반판매,산후조리원,계약해제.해지/위약금
2023017840,2023-04-03,여자,40 - 49세,경기도,일반판매,운동화,품질(물품/용역)
2023017841,2023-04-03,남자,30 - 39세,경기도,일반판매,전기자동차,품질(물품/용역)
2023017842,2023-04-03,남자,70 - 79세,전라북도,방문판매,기타미분류물품,청약철회
2023017844,2023-04-03,여자,불명,부산광역시,전화권유판매,모바일정보이용서비스,계약해제.해지/위약금
2023017845,2023-04-03,여자,40 - 49세,경기도,일반판매,사진촬영,AS불만
2023017846,2023-04-03,남자,40 - 49세,경기도,국내온라인거래,소파,AS불만
2023017847,2023-04-03,여자,40 - 49세,인천광역시,일반판매,기타교육서비스,계약불이행(불완전이행)
2023017848,2023-04-03,여자,30 - 39세,인천광역시,일반판매,기타교육서비스,계약해제.해지/위약금
2023017849,2023-04-03,여자,50 - 59세,경기도,일반판매,헬스장,계약해제.해지/위약금
2023017850,2023-04-03,남자,불명,부산광역시,모바일거래,교통카드,계약불이행(불완전이행)
2023017853,2023-04-03,남자,30 - 39세,경상북도,국내온라인거래,노트북컴퓨터,품질(물품/용역)
2023017854,2023-04-03,남자,50 - 59세,전라북도,국내온라인거래,기타스포츠·레저기구·용품,품질(물품/용역)
2023017855,2023-04-03,남자,30 - 39세,서울특별시,국내온라인거래,헬스장,계약해제.해지/위약금
2023017856,2023-04-03,여자,30 - 39세,경기도,모바일거래,공기청정기,계약해제.해지/위약금
2023017857,2023-04-03,남자,50 - 59세,경상북도,국내온라인거래,전기자동차,계약불이행(불완전이행)
2023017858,2023-04-03,남자,40 - 49세,부산광역시,방문판매,음식물처리기,AS불만
2023017859,2023-04-03,여자,30 - 39세,경기도,국내온라인거래,원피스,품질(물품/용역)
2023017860,2023-04-03,남자,50 - 59세,인천광역시,국내온라인거래,책장·서가,품질(물품/용역)
2023017862,2023-04-03,여자,불명,경기도,일반판매,양복(서양식 의복)세탁,품질(물품/용역)
2023017863,2023-04-03,남자,30 - 39세,경기도,일반판매,자동차수리·점검,품질(물품/용역)
2023017864,2023-04-03,여자,60 - 64세,인천광역시,일반판매,기타여행,계약해제.해지/위약금
2023017866,2023-04-03,여자,65 - 69세,대전광역시,국내온라인거래,기타미분류서비스,부당행위
2023017867,2023-04-03,여자,40 - 49세,인천광역시,일반판매,가구세트,계약불이행(불완전이행)
2023017868,2023-04-03,여자,30 - 39세,충청남도,국내온라인거래,신유형상품권,부당행위
2023017869,2023-04-03,남자,50 - 59세,서울특별시,일반판매,대형승용자동차,품질(물품/용역)
2023017870,2023-04-03,남자,20 - 29세,서울특별시,일반판매,독서실이용,계약해제.해지/위약금
2023017871,2023-04-03,여자,65 - 69세,서울특별시,일반판매,기타인테리어설비,품질(물품/용역)
2023017872,2023-04-03,여자,30 - 39세,경기도,일반판매,한복세탁,품질(물품/용역)
2023017873,2023-04-03,여자,30 - 39세,경기도,소셜커머스(쇼핑),기타문화·오락시설이용,계약해제.해지/위약금
2023017874,2023-04-03,여자,40 - 49세,경기도,기타통신판매,기타통신기기,품질(물품/용역)
2023017875,2023-04-03,여자,40 - 49세,서울특별시,일반판매,양복(서양식 의복)세탁,품질(물품/용역)
2023017876,2023-04-03,여자,20 - 29세,서울특별시,기타통신판매,해외유학알선,계약해제.해지/위약금
2023017877,2023-04-03,남자,40 - 49세,서울특별시,모바일거래,신유형상품권,부당행위
2023017879,2023-04-03,여자,30 - 39세,강원특별자치도,국내온라인거래,사진촬영,계약불이행(불완전이행)
2023017880,2023-04-03,남자,30 - 39세,경기도,국내온라인거래,코트,품질(물품/용역)
2023017881,2023-04-03,여자,20 - 29세,경기도,국내온라인거래,인터넷교육서비스,계약해제.해지/위약금
2023017883,2023-04-03,여자,40 - 49세,경기도,일반판매,미용서비스,품질(물품/용역)
2023017884,2023-04-03,남자,40 - 49세,경기도,일반판매,국외여행,계약해제.해지/위약금
2023017885,2023-04-03,남자,40 - 49세,경기도,일반판매,헬스장,계약해제.해지/위약금
2023017886,2023-04-03,여자,40 - 49세,경기도,일반판매,캐주얼바지,품질(물품/용역)
2023017887,2023-04-03,여자,40 - 49세,경기도,일반판매,애완견,계약해제.해지/위약금
2023017888,2023-04-03,여자,30 - 39세,인천광역시,국내온라인거래,숙녀화(구두·부츠 등),품질(물품/용역)
2023017889,2023-04-03,여자,50 - 59세,부산광역시,국내온라인거래,기타가방,품질(물품/용역)
2023017890,2023-04-03,남자,20 - 29세,서울특별시,국내온라인거래,기타일반화장품,계약불이행(불완전이행)
2023017891,2023-04-03,여자,30 - 39세,서울특별시,국내온라인거래,캐주얼바지,품질(물품/용역)
2023017893,2023-04-03,남자,30 - 39세,경기도,전화권유판매,유사투자자문,계약해제.해지/위약금
2023017894,2023-04-03,여자,20 - 29세,서울특별시,일반판매,신발세탁,계약불이행(불완전이행)
2023017895,2023-04-03,여자,50 - 59세,서울특별시,국내온라인거래,기타가방,품질(물품/용역)
2023017896,2023-04-03,남자,60 - 64세,서울특별시,일반판매,건강(암·기타질병)보험,약관
2023017897,2023-04-03,여자,30 - 39세,서울특별시,일반판매,운동화,품질(물품/용역)
2023017898,2023-04-03,남자,40 - 49세,세종특별자치시,전화권유판매,유사투자자문,계약해제.해지/위약금
2023017899,2023-04-03,여자,40 - 49세,경기도,일반판매,중고전자제품매매업,품질(물품/용역)
2023017900,2023-04-03,남자,30 - 39세,서울특별시,모바일거래,모바일게임서비스,청약철회
2023017901,2023-04-03,남자,20 - 29세,서울특별시,기타,자동차대여(렌트),품질(물품/용역)
2023017902,2023-04-03,여자,30 - 39세,경기도,국내온라인거래,운동화,품질(물품/용역)
2023017903,2023-04-03,남자,60 - 64세,경기도,TV홈쇼핑,소파,품질(물품/용역)
2023017904,2023-04-03,여자,30 - 39세,경기도,전화권유판매,인터넷교육서비스,계약해제.해지/위약금
2023017905,2023-04-03,여자,40 - 49세,서울특별시,일반판매,기타일반화장품,품질(물품/용역)
2023017906,2023-04-03,남자,40 - 49세,강원특별자치도,일반판매,자동차대여(렌트),부당행위
2023017907,2023-04-03,여자,50 - 59세,경상남도,전화권유판매,모바일정보이용서비스,계약불이행(불완전이행)
2023017908,2023-04-03,남자,40 - 49세,경상남도,기타통신판매,법무서비스,계약불이행(불완전이행)
2023017909,2023-04-03,남자,30 - 39세,인천광역시,국내온라인거래,인터넷교육서비스,계약불이행(불완전이행)
2023017910,2023-04-03,남자,65 - 69세,인천광역시,국제온라인거래,항공여객운송서비스,품질(물품/용역)
2023017911,2023-04-03,여자,40 - 49세,서울특별시,기타통신판매,사진촬영,청약철회
2023017912,2023-04-03,여자,65 - 69세,울산광역시,국내온라인거래,기타간편복,품질(물품/용역)
2023017913,2023-04-03,남자,20 - 29세,경상남도,방문판매,결혼준비대행서비스,계약해제.해지/위약금
2023017914,2023-04-03,남자,65 - 69세,경기도,국내온라인거래,등산화,품질(물품/용역)
2023017915,2023-04-03,남자,40 - 49세,서울특별시,국내온라인거래,항공여객운송서비스,계약불이행(불완전이행)
2023017916,2023-04-03,여자,60 - 64세,경기도,국내온라인거래,이불·요,품질(물품/용역)
2023017917,2023-04-03,여자,30 - 39세,인천광역시,일반판매,헬스장,계약불이행(불완전이행)
2023017918,2023-04-03,남자,40 - 49세,경기도,일반판매,점퍼·재킷류,계약불이행(불완전이행)
2023017919,2023-04-03,남자,50 - 59세,경기도,국내온라인거래,기타의류·섬유,청약철회
2023017920,2023-04-03,여자,60 - 64세,서울특별시,일반판매,종신보험,약관
2023017921,2023-04-03,남자,60 - 64세,인천광역시,전화권유판매,유사투자자문,청약철회
2023017922,2023-04-03,남자,65 - 69세,전라북도,국내온라인거래,기타스포츠·레저기구·용품,이자.수수료
2023017923,2023-04-03,여자,65 - 69세,경기도,일반판매,실손보험,약관
2023017924,2023-04-03,여자,40 - 49세,광주광역시,일반판매,택배화물운송서비스,계약불이행(불완전이행)
2023017925,2023-04-03,여자,30 - 39세,서울특별시,국내온라인거래,코트,품질(물품/용역)
2023017926,2023-04-03,여자,30 - 39세,경기도,일반판매,종합체육시설회원권,계약해제.해지/위약금
2023017927,2023-04-03,여자,30 - 39세,경기도,일반판매,핸드백,품질(물품/용역)
2023017928,2023-04-03,여자,30 - 39세,부산광역시,일반판매,필라테스,계약해제.해지/위약금
2023017929,2023-04-03,여자,20 - 29세,경기도,일반판매,산후조리원,계약해제.해지/위약금
2023017930,2023-04-03,여자,40 - 49세,서울특별시,국내온라인거래,기타의류·섬유,청약철회
2023017931,2023-04-03,여자,50 - 59세,경기도,일반판매,양복(서양식 의복)세탁,품질(물품/용역)
2023017932,2023-04-03,남자,20 - 29세,충청북도,일반판매,점퍼·재킷류,품질(물품/용역)
2023017933,2023-04-03,여자,65 - 69세,대구광역시,일반판매,식기세척기,품질(물품/용역)
2023017934,2023-04-03,남자,30 - 39세,서울특별시,일반판매,정형외과,품질(물품/용역)
2023017935,2023-04-03,여자,40 - 49세,서울특별시,국내온라인거래,양복(서양식 의복)세탁,품질(물품/용역)
2023017936,2023-04-03,여자,30 - 39세,경기도,일반판매,내과,품질(물품/용역)
2023017937,2023-04-03,남자,40 - 49세,경기도,일반판매,양복(서양식 의복)세탁,품질(물품/용역)
2023017938,2023-04-03,여자,불명,서울특별시,국내온라인거래,플라스틱그릇,청약철회
2023017939,2023-04-03,남자,(미입력),대전광역시,일반판매,대형승용자동차,품질(물품/용역)
2023017940,2023-04-03,여자,50 - 59세,서울특별시,국내온라인거래,항공여객운송서비스,계약해제.해지/위약금
2023017941,2023-04-03,남자,30 - 39세,대전광역시,일반판매,자동차주차장,계약해제.해지/위약금
2023017942,2023-04-03,여자,20 - 29세,울산광역시,국내온라인거래,인터넷교육서비스,계약불이행(불완전이행)
2023017943,2023-04-03,여자,60 - 64세,경기도,일반판매,안경·안경테,표시.광고
2023017944,2023-04-03,여자,50 - 59세,충청남도,전화권유판매,초고속인터넷,품질(물품/용역)
2023017945,2023-04-03,여자,40 - 49세,울산광역시,일반판매,아파트,계약해제.해지/위약금
2023017946,2023-04-03,여자,20 - 29세,경기도,일반판매,헬스장,계약해제.해지/위약금
2023017947,2023-04-03,남자,30 - 39세,경기도,일반판매,여자용내의류,청약철회
2023017948,2023-04-03,남자,40 - 49세,부산광역시,국내온라인거래,기타신발·용품,청약철회
2023017949,2023-04-03,여자,30 - 39세,서울특별시,일반판매,헬스장,계약해제.해지/위약금
2023017950,2023-04-03,여자,40 - 49세,경기도,일반판매,노트북컴퓨터,품질(물품/용역)
2023017951,2023-04-03,여자,20 - 29세,강원특별자치도,일반판매,기타사설강습서비스,계약해제.해지/위약금
2023017952,2023-04-03,여자,40 - 49세,서울특별시,일반판매,기타일반화장품,청약철회
2023017953,2023-04-03,여자,20 - 29세,경상북도,국내온라인거래,호텔,계약불이행(불완전이행)
2023017954,2023-04-03,여자,30 - 39세,충청남도,방문판매,학습지,계약해제.해지/위약금
2023017955,2023-04-03,여자,40 - 49세,울산광역시,국내온라인거래,침대,계약해제.해지/위약금
2023017956,2023-04-03,남자,30 - 39세,충청북도,기타통신판매,초고속인터넷,계약불이행(불완전이행)
2023017957,2023-04-03,남자,60 - 64세,대전광역시,기타,호텔,계약해제.해지/위약금
2023017958,2023-04-03,여자,30 - 39세,서울특별시,일반판매,필라테스,계약불이행(불완전이행)
2023017959,2023-04-03,남자,20 - 29세,경기도,국내온라인거래,인터넷교육서비스,부당행위
2023017960,2023-04-03,여자,30 - 39세,부산광역시,일반판매,결혼준비대행서비스,품질(물품/용역)
2023017961,2023-04-03,여자,20 - 29세,서울특별시,일반판매,헬스장,계약해제.해지/위약금
2023017962,2023-04-03,여자,30 - 39세,서울특별시,소셜커머스(쇼핑),샴푸,계약불이행(불완전이행)
2023017963,2023-04-03,남자,60 - 64세,경기도,국내온라인거래,헤드폰·이어폰,계약불이행(불완전이행)
2023017964,2023-04-03,남자,30 - 39세,경기도,일반판매,헬스장,계약해제.해지/위약금
2023017965,2023-04-03,여자,30 - 39세,경상북도,전화권유판매,인터넷정보이용서비스,청약철회
2023017966,2023-04-03,여자,30 - 39세,광주광역시,일반판매,헬스장,계약해제.해지/위약금
2023017967,2023-04-03,남자,40 - 49세,경기도,일반판매,국외여행,계약해제.해지/위약금
2023017968,2023-04-03,남자,30 - 39세,울산광역시,국내온라인거래,항공여객운송서비스,계약불이행(불완전이행)
2023017969,2023-04-03,여자,50 - 59세,전라남도,국내온라인거래,가구세트,계약불이행(불완전이행)
2023017970,2023-04-03,여자,30 - 39세,경기도,방문판매,전기장판,품질(물품/용역)
2023017971,2023-04-03,남자,30 - 39세,경기도,국내온라인거래,통신기기주변장치,AS불만
2023017972,2023-04-03,여자,30 - 39세,서울특별시,일반판매,필라테스,계약해제.해지/위약금
2023017973,2023-04-03,남자,40 - 49세,경상남도,모바일거래,인터넷정보이용서비스,가격.요금
2023017974,2023-04-03,남자,30 - 39세,경기도,일반판매,기타세탁서비스,계약불이행(불완전이행)
2023017975,2023-04-03,남자,40 - 49세,경상남도,기타통신판매,초고속인터넷,계약불이행(불완전이행)
2023017976,2023-04-03,남자,30 - 39세,경기도,일반판매,국외여행,계약해제.해지/위약금
2023017977,2023-04-03,여자,20 - 29세,경기도,국내온라인거래,핸드백,표시.광고
2023017978,2023-04-03,여자,50 - 59세,대구광역시,국내온라인거래,컴퓨터및주변기기대여(렌트),청약철회
2023017979,2023-04-03,남자,30 - 39세,부산광역시,기타,국외여행,계약해제.해지/위약금
2023017980,2023-04-03,여자,50 - 59세,대전광역시,기타,기타미분류서비스,계약불이행(불완전이행)
2023017981,2023-04-03,여자,30 - 39세,경기도,일반판매,피부·체형관리서비스,계약해제.해지/위약금
2023017982,2023-04-03,남자,20 - 29세,경기도,국내온라인거래,항공여객운송서비스,청약철회
2023017983,2023-04-03,여자,20 - 29세,서울특별시,일반판매,보조배터리,계약불이행(불완전이행)
2023017984,2023-04-03,여자,30 - 39세,서울특별시,일반판매,기타의자류,청약철회
2023017985,2023-04-03,여자,30 - 39세,인천광역시,국내온라인거래,기타부엌소모품,계약불이행(불완전이행)
2023017986,2023-04-03,여자,30 - 39세,부산광역시,전화권유판매,모바일정보이용서비스,계약불이행(불완전이행)
2023017987,2023-04-03,여자,60 - 64세,광주광역시,방문판매,담장,계약불이행(불완전이행)
2023017988,2023-04-03,남자,30 - 39세,경기도,일반판매,호텔,부당행위
2023017989,2023-04-03,여자,30 - 39세,충청남도,일반판매,필라테스,계약해제.해지/위약금
2023017990,2023-04-03,남자,20 - 29세,서울특별시,국내온라인거래,기타교재,품질(물품/용역)
2023017991,2023-04-03,남자,40 - 49세,충청남도,기타,아파트,부당행위
2023017992,2023-04-03,여자,40 - 49세,전라북도,일반판매,이동전화서비스,품질(물품/용역)
2023017993,2023-04-03,남자,30 - 39세,서울특별시,일반판매,헬스장,계약해제.해지/위약금
2023017994,2023-04-03,여자,30 - 39세,서울특별시,국내온라인거래,가구세트,청약철회
2023017995,2023-04-03,남자,40 - 49세,경기도,방문판매,정수기대여(렌트),계약불이행(불완전이행)
2023017996,2023-04-03,여자,30 - 39세,경기도,일반판매,각종공연관람,계약해제.해지/위약금
2023017997,2023-04-03,여자,20 - 29세,경기도,국내온라인거래,기타주방설비,계약불이행(불완전이행)
2023017998,2023-04-03,여자,30 - 39세,대구광역시,국내온라인거래,인터넷교육서비스,계약해제.해지/위약금
2023017999,2023-04-03,남자,20 - 29세,인천광역시,방문판매,기타회원권,계약해제.해지/위약금
2023018000,2023-04-03,남자,20 - 29세,충청북도,국내온라인거래,애완고양이,청약철회
2023018001,2023-04-03,남자,40 - 49세,경상남도,모바일거래,항공여객운송서비스,계약해제.해지/위약금
2023018002,2023-04-03,남자,30 - 39세,서울특별시,일반판매,포장이사운송서비스,품질(물품/용역)
2023018003,2023-04-03,여자,30 - 39세,서울특별시,일반판매,피부·체형관리서비스,계약해제.해지/위약금
2023018004,2023-04-03,남자,20 - 29세,경기도,국내온라인거래,운동화,청약철회
2023018005,2023-04-03,남자,60 - 64세,충청북도,방문판매,콘도회원권,계약불이행(불완전이행)
2023018006,2023-04-03,남자,50 - 59세,경기도,일반판매,항공여객운송서비스,청약철회
2023018007,2023-04-03,여자,30 - 39세,경기도,일반판매,외식,계약해제.해지/위약금
2023018008,2023-04-03,여자,20 - 29세,경기도,소셜커머스(쇼핑),신발세탁,계약불이행(불완전이행)
2023018009,2023-04-03,남자,30 - 39세,인천광역시,일반판매,헬스장,계약해제.해지/위약금
2023018010,2023-04-03,남자,30 - 39세,경기도,일반판매,예식서비스,계약해제.해지/위약금
2023018012,2023-04-03,여자,40 - 49세,인천광역시,방문판매,기타부엌소모품,품질(물품/용역)
2023018013,2023-04-03,여자,40 - 49세,경기도,전화권유판매,다이어트식품,계약해제.해지/위약금
2023018014,2023-04-03,여자,40 - 49세,경기도,국내온라인거래,기타조명기기,계약해제.해지/위약금
2023018015,2023-04-03,남자,30 - 39세,인천광역시,일반판매,예식서비스,계약해제.해지/위약금
2023018016,2023-04-03,남자,50 - 59세,경상북도,국내온라인거래,TV,표시.광고
2023018017,2023-04-03,남자,40 - 49세,대전광역시,기타통신판매,스마트폰,품질(물품/용역)
2023018018,2023-04-03,남자,20 - 29세,경기도,방문판매,필라테스,계약해제.해지/위약금
2023018019,2023-04-03,여자,20 - 29세,충청남도,기타,수영장회원권,계약해제.해지/위약금
2023018020,2023-04-03,여자,20 - 29세,경기도,기타,메이크업강습,계약해제.해지/위약금
2023018021,2023-04-03,남자,40 - 49세,경기도,국내온라인거래,운동화,청약철회
2023018022,2023-04-03,남자,30 - 39세,대구광역시,일반판매,피부·체형관리서비스,계약해제.해지/위약금
2023018023,2023-04-04,여자,40 - 49세,경기도,국내온라인거래,점퍼·재킷류,품질(물품/용역)
2023018024,2023-04-04,남자,50 - 59세,경상남도,기타,콘도회원권,계약불이행(불완전이행)
2023018025,2023-04-04,남자,40 - 49세,경기도,모바일거래,신유형상품권,부당행위
2023018026,2023-04-04,여자,30 - 39세,강원특별자치도,소셜커머스(쇼핑),소파,품질(물품/용역)
2023018027,2023-04-04,여자,20 - 29세,경기도,일반판매,필라테스,계약해제.해지/위약금
2023018028,2023-04-04,여자,30 - 39세,대구광역시,일반판매,사진촬영,부당행위
2023018029,2023-04-04,여자,40 - 49세,경기도,국내온라인거래,신유형상품권,청약철회
2023018030,2023-04-04,남자,50 - 59세,대전광역시,일반판매,대형승용자동차,품질(물품/용역)
2023018031,2023-04-04,남자,20 - 29세,서울특별시,일반판매,기타자동차용품,계약불이행(불완전이행)
2023018033,2023-04-04,남자,30 - 39세,경기도,기타통신판매,기타자동차부품,표시.광고
2023018034,2023-04-04,여자,40 - 49세,광주광역시,기타통신판매,사진촬영,계약해제.해지/위약금
2023018035,2023-04-04,남자,50 - 59세,전라북도,방문판매,학습지,계약해제.해지/위약금
2023018036,2023-04-04,여자,20 - 29세,서울특별시,일반판매,헬스장,계약해제.해지/위약금
2023018037,2023-04-04,여자,65 - 69세,제주도,기타,가스보일러,품질(물품/용역)
2023018038,2023-04-04,남자,40 - 49세,서울특별시,국내온라인거래,철도여객운송서비스,계약해제.해지/위약금
2023018039,2023-04-04,남자,40 - 49세,서울특별시,일반판매,건물청소서비스,계약불이행(불완전이행)
2023018040,2023-04-04,남자,50 - 59세,서울특별시,일반판매,자동차보험,계약불이행(불완전이행)
2023018041,2023-04-04,남자,80세이상,경기도,전화권유판매,기타건강식품,계약불이행(불완전이행)
2023018043,2023-04-04,남자,40 - 49세,경기도,일반판매,쌀통,안전(제품/시설)
2023018044,2023-04-04,여자,50 - 59세,경기도,일반판매,스마트폰,품질(물품/용역)
2023018046,2023-04-04,남자,60 - 64세,서울특별시,국내온라인거래,기타간편복,품질(물품/용역)
2023018047,2023-04-04,여자,불명,서울특별시,국내온라인거래,기타의류·섬유,청약철회
2023018049,2023-04-04,여자,30 - 39세,서울특별시,일반판매,인터넷교육서비스,계약해제.해지/위약금
2023018050,2023-04-04,남자,30 - 39세,울산광역시,일반판매,기타인테리어설비,품질(물품/용역)
2023018051,2023-04-04,남자,40 - 49세,대구광역시,일반판매,양복(서양식 의복)세탁,품질(물품/용역)
2023018052,2023-04-04,여자,30 - 39세,서울특별시,국내온라인거래,항공여객운송서비스,계약해제.해지/위약금
2023018053,2023-04-04,남자,30 - 39세,부산광역시,국내온라인거래,옷장,계약불이행(불완전이행)
2023018054,2023-04-04,남자,60 - 64세,서울특별시,전화권유판매,모바일정보이용서비스,계약해제.해지/위약금
2023018055,2023-04-04,여자,30 - 39세,경상남도,국내온라인거래,비치파라솔,품질(물품/용역)
2023018056,2023-04-04,남자,40 - 49세,서울특별시,일반판매,아파트,계약불이행(불완전이행)
2023018057,2023-04-04,여자,20 - 29세,충청남도,방문판매,애완견,품질(물품/용역)
2023018058,2023-04-04,여자,30 - 39세,서울특별시,국내온라인거래,니트(스웨터),품질(물품/용역)
2023018059,2023-04-04,여자,30 - 39세,부산광역시,국내온라인거래,운동화,청약철회
2023018060,2023-04-04,여자,20 - 29세,경기도,소셜커머스(쇼핑),숙녀화(구두·부츠 등),청약철회
2023018061,2023-04-04,여자,40 - 49세,대전광역시,일반판매,스포츠웨어,품질(물품/용역)
2023018062,2023-04-04,남자,30 - 39세,서울특별시,일반판매,애완고양이,계약해제.해지/위약금
2023018063,2023-04-04,남자,30 - 39세,경기도,기타,기타문화·오락시설이용,계약불이행(불완전이행)
2023018064,2023-04-04,여자,40 - 49세,서울특별시,국내온라인거래,숙녀복세트,청약철회
2023018067,2023-04-04,여자,40 - 49세,서울특별시,국내온라인거래,신유형상품권,약관
2023018069,2023-04-04,남자,30 - 39세,서울특별시,국내온라인거래,기타신변용품,청약철회
2023018070,2023-04-04,남자,20 - 29세,충청남도,국내온라인거래,기타숙박시설,계약해제.해지/위약금
2023018071,2023-04-04,남자,50 - 59세,경기도,일반판매,국외여행,부당행위
2023018072,2023-04-04,남자,30 - 39세,경기도,일반판매,기타이·미용서비스,계약불이행(불완전이행)
2023018074,2023-04-04,여자,50 - 59세,서울특별시,국내온라인거래,핸드백,품질(물품/용역)
2023018075,2023-04-04,여자,50 - 59세,충청남도,일반판매,피혁세탁,품질(물품/용역)
2023018076,2023-04-04,남자,30 - 39세,충청북도,일반판매,헬스장,계약해제.해지/위약금
2023018077,2023-04-04,여자,40 - 49세,부산광역시,일반판매,정수기대여(렌트),계약해제.해지/위약금
2023018078,2023-04-04,여자,30 - 39세,경기도,일반판매,양복(서양식 의복)세탁,품질(물품/용역)
2023018079,2023-04-04,남자,60 - 64세,광주광역시,일반판매,기타회원권,계약불이행(불완전이행)
2023018080,2023-04-04,남자,65 - 69세,인천광역시,일반판매,항공여객운송서비스,계약해제.해지/위약금
2023018081,2023-04-04,남자,30 - 39세,경기도,일반판매,외식,계약해제.해지/위약금
2023018082,2023-04-04,여자,30 - 39세,경기도,일반판매,양복(서양식 의복)세탁,품질(물품/용역)
2023018083,2023-04-04,남자,30 - 39세,충청북도,국내온라인거래,스포츠웨어,계약불이행(불완전이행)
2023018084,2023-04-04,여자,65 - 69세,경상남도,일반판매,숙녀화(구두·부츠 등),품질(물품/용역)
2023018085,2023-04-04,여자,30 - 39세,인천광역시,일반판매,지갑,품질(물품/용역)
2023018086,2023-04-04,여자,20 - 29세,서울특별시,일반판매,헬스장,계약해제.해지/위약금
2023018087,2023-04-04,여자,40 - 49세,인천광역시,국내온라인거래,서랍장,품질(물품/용역)
2023018088,2023-04-04,남자,60 - 64세,경상남도,일반판매,중형승용자동차,부당행위
2023018089,2023-04-04,남자,50 - 59세,경기도,국내온라인거래,신사화(구두·부츠 등),품질(물품/용역)
2023018090,2023-04-04,남자,20 - 29세,대전광역시,국내온라인거래,헤드폰·이어폰,품질(물품/용역)
2023018091,2023-04-04,남자,40 - 49세,경상남도,국내온라인거래,TV,품질(물품/용역)
2023018092,2023-04-04,여자,50 - 59세,경상남도,일반판매,운동화,품질(물품/용역)
2023018093,2023-04-04,여자,50 - 59세,경기도,일반판매,핸드백,품질(물품/용역)
2023018094,2023-04-04,여자,50 - 59세,경기도,국내온라인거래,다이어트식품,품질(물품/용역)
2023018097,2023-04-04,남자,30 - 39세,경기도,일반판매,헬스장,계약해제.해지/위약금
2023018098,2023-04-04,여자,20 - 29세,인천광역시,국내온라인거래,인터넷교육서비스,계약해제.해지/위약금
2023018099,2023-04-04,여자,20 - 29세,부산광역시,일반판매,숙녀화(구두·부츠 등),품질(물품/용역)
2023018100,2023-04-04,남자,70 - 79세,서울특별시,TV홈쇼핑,즉석조리식품,표시.광고
2023018101,2023-04-04,여자,50 - 59세,경기도,일반판매,코트,품질(물품/용역)
2023018102,2023-04-04,여자,30 - 39세,서울특별시,전화권유판매,국내결혼중개,계약해제.해지/위약금
2023018103,2023-04-04,남자,20 - 29세,충청북도,국내온라인거래,노트북컴퓨터,품질(물품/용역)
2023018104,2023-04-04,여자,30 - 39세,경기도,일반판매,피부·체형관리서비스,계약해제.해지/위약금
2023018105,2023-04-04,여자,70 - 79세,서울특별시,일반판매,항공여객운송서비스,계약불이행(불완전이행)
2023018106,2023-04-04,여자,30 - 39세,경상남도,소셜커머스(쇼핑),기타의류·섬유,청약철회
2023018107,2023-04-04,여자,40 - 49세,경기도,일반판매,헬스장,계약불이행(불완전이행)
2023018108,2023-04-04,여자,65 - 69세,경기도,일반판매,스포츠웨어,품질(물품/용역)
2023018109,2023-04-04,남자,65 - 69세,경기도,일반판매,가스누설경보기,계약해제.해지/위약금
2023018110,2023-04-04,남자,40 - 49세,경기도,국내온라인거래,항공여객운송서비스,청약철회
2023018111,2023-04-04,남자,60 - 64세,경기도,일반판매,인터넷전화,가격.요금
2023018112,2023-04-04,남자,50 - 59세,경상남도,전화권유판매,유사투자자문,계약불이행(불완전이행)
2023018113,2023-04-04,남자,50 - 59세,서울특별시,국내온라인거래,전기압력밥솥,품질(물품/용역)
2023018114,2023-04-04,여자,30 - 39세,경기도,방문판매,인터넷교육서비스,계약해제.해지/위약금
2023018115,2023-04-04,여자,50 - 59세,서울특별시,일반판매,기타의류·섬유,표시.광고
2023018116,2023-04-04,남자,40 - 49세,서울특별시,국내온라인거래,상품권,청약철회
2023018117,2023-04-04,여자,30 - 39세,광주광역시,일반판매,실손보험,약관
2023018118,2023-04-04,여자,30 - 39세,경상북도,국내온라인거래,유아용교재,품질(물품/용역)
2023018119,2023-04-04,남자,50 - 59세,대전광역시,전화권유판매,유사투자자문,계약해제.해지/위약금
2023018120,2023-04-04,남자,50 - 59세,부산광역시,모바일거래,이동전화서비스,거래관행
2023018121,2023-04-04,남자,30 - 39세,서울특별시,국내온라인거래,헤어크림,청약철회
2023018122,2023-04-04,여자,30 - 39세,경기도,모바일거래,사진촬영,청약철회
2023018123,2023-04-04,남자,50 - 59세,서울특별시,일반판매,운동화,품질(물품/용역)
2023018124,2023-04-04,여자,50 - 59세,서울특별시,소셜커머스(쇼핑),선반침대,청약철회
2023018125,2023-04-04,여자,70 - 79세,부산광역시,일반판매,이동전화서비스,계약불이행(불완전이행)
2023018126,2023-04-04,여자,60 - 64세,충청남도,전화권유판매,기타건강식품,품질(물품/용역)
2023018127,2023-04-04,남자,40 - 49세,경기도,전화권유판매,모바일정보이용서비스,계약해제.해지/위약금
2023018128,2023-04-04,남자,60 - 64세,서울특별시,국내온라인거래,작동완구,계약불이행(불완전이행)
2023018129,2023-04-04,남자,40 - 49세,인천광역시,기타,팩류,품질(물품/용역)
2023018130,2023-04-04,남자,65 - 69세,경상북도,일반판매,택배화물운송서비스,계약불이행(불완전이행)
2023018131,2023-04-04,여자,40 - 49세,충청북도,전화권유판매,인터넷정보이용서비스,계약해제.해지/위약금
2023018132,2023-04-04,남자,(미입력),경기도,전화권유판매,소형승용자동차,부당행위
2023018134,2023-04-04,남자,30 - 39세,대구광역시,일반판매,신발세탁,품질(물품/용역)
2023018135,2023-04-04,여자,20 - 29세,세종특별자치시,일반판매,해외유학알선,계약해제.해지/위약금
2023018136,2023-04-04,남자,60 - 64세,인천광역시,국내온라인거래,항공여객운송서비스,청약철회
2023018137,2023-04-04,남자,50 - 59세,경기도,국내온라인거래,기타가방,품질(물품/용역)
2023018138,2023-04-04,여자,30 - 39세,서울특별시,국내온라인거래,운동화,품질(물품/용역)
2023018139,2023-04-04,여자,40 - 49세,경기도,기타통신판매,스포츠웨어,청약철회
2023018140,2023-04-04,남자,40 - 49세,충청남도,일반판매,신발세탁,계약불이행(불완전이행)
2023018141,2023-04-04,여자,20 - 29세,부산광역시,기타,기타병·의원서비스,품질(물품/용역)
2023018142,2023-04-04,여자,50 - 59세,울산광역시,기타,기타의료서비스,품질(물품/용역)
2023018144,2023-04-04,여자,10 - 19세,경기도,일반판매,신발세탁,계약불이행(불완전이행)
2023018145,2023-04-04,여자,불명,경기도,일반판매,스커트,품질(물품/용역)
2023018146,2023-04-04,남자,70 - 79세,서울특별시,일반판매,성형외과,품질(물품/용역)
2023018201,2023-04-04,남자,30 - 39세,경상남도,국내온라인거래,TV,품질(물품/용역)
2023018202,2023-04-04,남자,30 - 39세,전라북도,소셜커머스(쇼핑),가축사료,계약불이행(불완전이행)
2023018203,2023-04-04,여자,20 - 29세,경기도,일반판매,해외유학알선,계약해제.해지/위약금
2023018204,2023-04-04,여자,20 - 29세,울산광역시,기타,기타서적음반류,부당행위
2023018205,2023-04-04,여자,20 - 29세,경기도,국내온라인거래,항공여객운송서비스,청약철회
2023018206,2023-04-04,남자,50 - 59세,부산광역시,일반판매,무선인터넷,가격.요금
2023018207,2023-04-04,남자,30 - 39세,경기도,방문판매,헬스장,계약해제.해지/위약금
2023018208,2023-04-04,남자,40 - 49세,서울특별시,국내온라인거래,조립완구,청약철회
2023018209,2023-04-04,여자,30 - 39세,인천광역시,국내온라인거래,기타가방,계약불이행(불완전이행)
2023018210,2023-04-04,남자,30 - 39세,인천광역시,일반판매,택배화물운송서비스,부당행위
2023018212,2023-04-04,여자,30 - 39세,경상남도,모바일거래,아동복,청약철회
2023018213,2023-04-04,여자,30 - 39세,경기도,일반판매,예식서비스,계약해제.해지/위약금
2023018214,2023-04-04,남자,40 - 49세,경상남도,일반판매,기타가구,계약해제.해지/위약금
2023018215,2023-04-04,여자,30 - 39세,서울특별시,국내온라인거래,애완동·식물용품,품질(물품/용역)
2023018216,2023-04-04,남자,60 - 64세,경기도,국내온라인거래,기타식품류,계약불이행(불완전이행)
2023018217,2023-04-04,여자,20 - 29세,경기도,방문판매,헬스장,계약해제.해지/위약금
2023018218,2023-04-04,여자,30 - 39세,경기도,국내온라인거래,액자,품질(물품/용역)
2023018222,2023-04-04,남자,20 - 29세,강원특별자치도,전화권유판매,이동전화서비스,청약철회
2023018223,2023-04-04,여자,50 - 59세,서울특별시,기타,아파트,품질(물품/용역)
2023018224,2023-04-04,여자,40 - 49세,부산광역시,모바일거래,모바일게임서비스,청약철회
2023018225,2023-04-04,남자,30 - 39세,부산광역시,소셜커머스(쇼핑),점퍼·재킷류,품질(물품/용역)
2023018226,2023-04-04,남자,30 - 39세,서울특별시,일반판매,스마트폰,품질(물품/용역)
2023018227,2023-04-04,여자,30 - 39세,경기도,일반판매,필라테스,계약해제.해지/위약금
2023018228,2023-04-04,남자,30 - 39세,경기도,일반판매,사진촬영,부당행위
2023018229,2023-04-04,남자,50 - 59세,광주광역시,일반판매,정수기대여(렌트),부당행위
2023018230,2023-04-04,남자,30 - 39세,경기도,일반판매,일반이사운송서비스,계약불이행(불완전이행)
2023018231,2023-04-04,여자,20 - 29세,전라북도,일반판매,필라테스,계약해제.해지/위약금
2023018232,2023-04-04,남자,20 - 29세,서울특별시,전화권유판매,인터넷정보이용서비스,계약해제.해지/위약금
2023018233,2023-04-04,여자,20 - 29세,서울특별시,국내온라인거래,필라테스,계약해제.해지/위약금
2023018234,2023-04-04,여자,50 - 59세,경기도,국내온라인거래,가구세트,품질(물품/용역)
2023018235,2023-04-04,여자,50 - 59세,울산광역시,일반판매,필라테스,계약해제.해지/위약금
2023018236,2023-04-04,남자,30 - 39세,서울특별시,국내온라인거래,호텔,법.제도
2023018237,2023-04-04,남자,30 - 39세,울산광역시,일반판매,아파트,계약해제.해지/위약금
2023018238,2023-04-04,남자,30 - 39세,서울특별시,전화권유판매,초고속인터넷,계약불이행(불완전이행)
2023018239,2023-04-04,여자,20 - 29세,서울특별시,기타,운명감정서비스,계약해제.해지/위약금
2023018240,2023-04-04,여자,20 - 29세,서울특별시,모바일거래,기타정보이용서비스,계약해제.해지/위약금
2023018241,2023-04-04,여자,50 - 59세,광주광역시,일반판매,스마트폰,AS불만
2023018242,2023-04-04,남자,20 - 29세,대구광역시,일반판매,기타문화·오락시설이용,계약불이행(불완전이행)
2023018243,2023-04-04,여자,50 - 59세,경상북도,국내온라인거래,티셔츠,청약철회
2023018244,2023-04-04,여자,50 - 59세,부산광역시,방문판매,공기청정기대여(렌트),계약불이행(불완전이행)
2023018245,2023-04-04,여자,60 - 64세,인천광역시,일반판매,TV,품질(물품/용역)
2023018246,2023-04-04,여자,30 - 39세,부산광역시,국내온라인거래,일반강습(입시학원등),계약해제.해지/위약금
2023018247,2023-04-04,여자,40 - 49세,대전광역시,방문판매,헬스장,계약해제.해지/위약금
2023018248,2023-04-04,여자,40 - 49세,경기도,국내온라인거래,여행용가방,청약철회
2023018249,2023-04-04,남자,30 - 39세,서울특별시,국제온라인거래,항공여객운송서비스,부당행위
2023018250,2023-04-04,남자,65 - 69세,인천광역시,기타,신용카드,계약해제.해지/위약금
2023018251,2023-04-04,여자,30 - 39세,경상남도,일반판매,학습지,계약해제.해지/위약금
2023018252,2023-04-04,남자,50 - 59세,서울특별시,국제온라인거래,시계,계약불이행(불완전이행)
2023018253,2023-04-04,여자,20 - 29세,서울특별시,국내온라인거래,기타이·미용서비스,청약철회
2023018254,2023-04-04,여자,20 - 29세,경기도,일반판매,필라테스,계약해제.해지/위약금
2023018255,2023-04-04,여자,60 - 64세,서울특별시,국내온라인거래,화장품세트,청약철회
2023018256,2023-04-04,남자,30 - 39세,경기도,국내온라인거래,소파,품질(물품/용역)
2023018257,2023-04-04,여자,30 - 39세,경기도,국내온라인거래,여자용내의류,청약철회
2023018258,2023-04-04,남자,20 - 29세,충청남도,일반판매,헬스장,계약해제.해지/위약금
2023018259,2023-04-04,여자,20 - 29세,서울특별시,전화권유판매,필라테스,계약해제.해지/위약금
2023018260,2023-04-04,남자,40 - 49세,서울특별시,소셜커머스(쇼핑),기타공조·냉난방기기,안전(제품/시설)
2023018261,2023-04-04,여자,30 - 39세,서울특별시,국내온라인거래,기타문화용품,계약불이행(불완전이행)
2023018262,2023-04-04,남자,20 - 29세,경기도,국내온라인거래,기타건강식품,품질(물품/용역)
2023018263,2023-04-04,여자,20 - 29세,대구광역시,기타통신판매,스마트폰,계약불이행(불완전이행)
2023018264,2023-04-04,여자,30 - 39세,부산광역시,모바일거래,가사도우미,품질(물품/용역)
2023018265,2023-04-04,남자,65 - 69세,대전광역시,국내온라인거래,항공여객운송서비스,계약불이행(불완전이행)
2023018266,2023-04-04,여자,30 - 39세,전라남도,기타,운명감정서비스,부당행위
2023018267,2023-04-04,여자,60 - 64세,인천광역시,소셜커머스(쇼핑),기타의류·섬유,청약철회
2023018268,2023-04-04,여자,40 - 49세,전라남도,소셜커머스(쇼핑),숙녀복세트,계약해제.해지/위약금
2023018269,2023-04-04,남자,40 - 49세,서울특별시,국내온라인거래,모형완구,단순문의.상담
2023018270,2023-04-04,남자,30 - 39세,서울특별시,일반판매,헬스장,계약해제.해지/위약금
2023018271,2023-04-04,여자,50 - 59세,대구광역시,일반판매,기타가구,계약해제.해지/위약금
2023018272,2023-04-04,여자,60 - 64세,대전광역시,일반판매,국외여행,품질(물품/용역)
2023018273,2023-04-04,여자,40 - 49세,울산광역시,국내온라인거래,음식물처리기대여(렌트),계약해제.해지/위약금
2023018274,2023-04-04,남자,30 - 39세,경상북도,일반판매,헬스장,계약해제.해지/위약금
2023018275,2023-04-04,여자,30 - 39세,서울특별시,국내온라인거래,캐주얼바지,품질(물품/용역)
2023018276,2023-04-04,남자,40 - 49세,서울특별시,일반판매,태블릿PC,품질(물품/용역)
2023018277,2023-04-04,여자,30 - 39세,인천광역시,일반판매,애완견,계약해제.해지/위약금
2023018278,2023-04-04,여자,40 - 49세,부산광역시,일반판매,헬스장,계약해제.해지/위약금
2023018279,2023-04-04,여자,50 - 59세,경기도,방문판매,기타매체광고,계약해제.해지/위약금
2023018280,2023-04-04,남자,40 - 49세,대구광역시,일반판매,모형완구,부당행위
2023018281,2023-04-04,여자,20 - 29세,경기도,일반판매,필라테스,계약불이행(불완전이행)
2023018282,2023-04-04,남자,30 - 39세,인천광역시,일반판매,애완견,부당행위
2023018283,2023-04-04,여자,30 - 39세,부산광역시,기타,외국어강습,계약불이행(불완전이행)
2023018284,2023-04-04,남자,30 - 39세,부산광역시,모바일거래,시계,청약철회
2023018286,2023-04-05,남자,60 - 64세,전라북도,일반판매,기타민영보험,약관
2023018287,2023-04-05,여자,불명,서울특별시,국내온라인거래,전자레인지,안전(제품/시설)
2023018288,2023-04-05,여자,50 - 59세,경기도,일반판매,기타병·의원서비스,품질(물품/용역)
2023018289,2023-04-05,여자,50 - 59세,서울특별시,일반판매,내과,품질(물품/용역)
2023018291,2023-04-05,여자,50 - 59세,경기도,일반판매,노트북컴퓨터,AS불만
2023018292,2023-04-05,남자,30 - 39세,서울특별시,모바일거래,카셰어링,계약불이행(불완전이행)
2023018293,2023-04-05,남자,30 - 39세,인천광역시,기타,인터넷공유기,AS불만
2023018294,2023-04-05,여자,40 - 49세,서울특별시,국내온라인거래,외식,가격.요금
2023018295,2023-04-05,남자,40 - 49세,서울특별시,일반판매,헬스장,계약해제.해지/위약금
2023018296,2023-04-05,남자,50 - 59세,경기도,소셜커머스(쇼핑),기타자동차용품,AS불만
2023018297,2023-04-05,남자,50 - 59세,충청남도,국내온라인거래,기타자동차부품,품질(물품/용역)
2023018298,2023-04-05,여자,30 - 39세,경기도,국내온라인거래,캐주얼바지,청약철회
2023018299,2023-04-05,남자,60 - 64세,서울특별시,국내온라인거래,기타컴퓨터·주변기기,계약불이행(불완전이행)
2023018300,2023-04-05,남자,30 - 39세,인천광역시,일반판매,스마트폰,품질(물품/용역)
2023018301,2023-04-05,여자,30 - 39세,서울특별시,국내온라인거래,숙녀복하의,품질(물품/용역)
2023018302,2023-04-05,여자,50 - 59세,부산광역시,방문판매,국외여행,계약불이행(불완전이행)
2023018303,2023-04-05,남자,30 - 39세,경기도,국내온라인거래,기타미분류물품,청약철회
2023018304,2023-04-05,남자,20 - 29세,경기도,일반판매,헬스장,계약해제.해지/위약금
2023018305,2023-04-05,남자,80세이상,부산광역시,일반판매,이동전화서비스,계약불이행(불완전이행)
2023018306,2023-04-05,여자,60 - 64세,인천광역시,일반판매,양복(서양식 의복)세탁,품질(물품/용역)
2023018308,2023-04-05,남자,20 - 29세,인천광역시,일반판매,헬스장,계약해제.해지/위약금
2023018309,2023-04-05,여자,40 - 49세,경상북도,일반판매,헬스장,계약해제.해지/위약금
2023018310,2023-04-05,여자,65 - 69세,대구광역시,일반판매,피혁세탁,품질(물품/용역)
2023018311,2023-04-05,여자,30 - 39세,경기도,국내온라인거래,운동화,계약불이행(불완전이행)
2023018313,2023-04-05,여자,50 - 59세,부산광역시,기타통신판매,스커트,품질(물품/용역)
2023018314,2023-04-05,남자,60 - 64세,경기도,일반판매,기타사설강습서비스,계약해제.해지/위약금
2023018315,2023-04-05,남자,40 - 49세,광주광역시,일반판매,헬스장,계약해제.해지/위약금
2023018316,2023-04-05,남자,20 - 29세,전라남도,국내온라인거래,기타간편복,품질(물품/용역)
2023018317,2023-04-05,남자,30 - 39세,서울특별시,국내온라인거래,CCTV,청약철회
2023018318,2023-04-05,여자,30 - 39세,경기도,일반판매,사진촬영,부당행위
2023018319,2023-04-05,남자,20 - 29세,서울특별시,일반판매,헬스장,계약해제.해지/위약금
2023018320,2023-04-05,여자,30 - 39세,강원특별자치도,전화권유판매,유사투자자문,계약불이행(불완전이행)
2023018321,2023-04-05,남자,30 - 39세,서울특별시,일반판매,국내결혼중개,계약해제.해지/위약금
2023018323,2023-04-05,남자,20 - 29세,충청남도,국내온라인거래,점퍼·재킷류,계약해제.해지/위약금
2023018324,2023-04-05,여자,40 - 49세,인천광역시,일반판매,안경·안경테,품질(물품/용역)
2023018326,2023-04-05,남자,20 - 29세,대전광역시,일반판매,대형승용자동차,약관
2023018327,2023-04-05,남자,20 - 29세,경기도,일반판매,종신보험,부당행위
2023018328,2023-04-05,여자,60 - 64세,광주광역시,일반판매,건강(암·기타질병)보험,약관
2023018329,2023-04-05,남자,40 - 49세,경기도,일반판매,애완견,부당행위
2023018330,2023-04-05,여자,불명,부산광역시,국내온라인거래,인터넷정보이용서비스,청약철회
2023018331,2023-04-05,여자,60 - 64세,서울특별시,일반판매,아파트,AS불만
2023018332,2023-04-05,여자,50 - 59세,경기도,일반판매,기타가구,계약해제.해지/위약금
2023018334,2023-04-05,남자,70 - 79세,경기도,일반판매,소파,품질(물품/용역)
2023018335,2023-04-05,여자,40 - 49세,서울특별시,국내온라인거래,캐주얼바지,청약철회
2023018336,2023-04-05,여자,20 - 29세,경상남도,국내온라인거래,항공여객운송서비스,계약불이행(불완전이행)
2023018337,2023-04-05,남자,60 - 64세,서울특별시,국내온라인거래,TV,품질(물품/용역)
2023018338,2023-04-05,남자,40 - 49세,부산광역시,일반판매,이동전화서비스,부당행위
2023018339,2023-04-05,남자,40 - 49세,부산광역시,일반판매,기타인터넷기반서비스,가격.요금
2023018340,2023-04-05,남자,30 - 39세,경기도,일반판매,골프회원권,계약해제.해지/위약금
2023018341,2023-04-05,여자,30 - 39세,서울특별시,국내온라인거래,기타가구,청약철회
2023018342,2023-04-05,남자,40 - 49세,서울특별시,소셜커머스(쇼핑),스프링매트리스,표시.광고
2023018343,2023-04-05,남자,40 - 49세,경기도,소셜커머스(쇼핑),전기자전거,청약철회
2023018345,2023-04-05,여자,40 - 49세,서울특별시,일반판매,헬스장,계약해제.해지/위약금
2023018346,2023-04-05,여자,30 - 39세,서울특별시,일반판매,필라테스,계약해제.해지/위약금
2023018347,2023-04-05,남자,30 - 39세,경기도,기타통신판매,인터넷교육서비스,계약해제.해지/위약금
2023018348,2023-04-05,남자,30 - 39세,경기도,일반판매,중형승용자동차,AS불만
2023018349,2023-04-05,여자,30 - 39세,서울특별시,국내온라인거래,티셔츠,품질(물품/용역)
2023018350,2023-04-05,남자,65 - 69세,충청남도,일반판매,대형승용자동차,품질(물품/용역)
2023018351,2023-04-05,남자,40 - 49세,서울특별시,모바일거래,이동전화서비스,가격.요금
2023018352,2023-04-05,남자,20 - 29세,경기도,국내온라인거래,애완동·식물용품,표시.광고
2023018353,2023-04-05,남자,50 - 59세,서울특별시,일반판매,대형승용자동차,품질(물품/용역)
2023018354,2023-04-05,남자,65 - 69세,충청남도,일반판매,중형승용자동차,품질(물품/용역)
2023018355,2023-04-05,남자,70 - 79세,경상남도,일반판매,택배화물운송서비스,거래관행
2023018356,2023-04-05,남자,50 - 59세,전라남도,일반판매,건강침대(흙·돌등),품질(물품/용역)
2023018357,2023-04-05,남자,40 - 49세,경기도,일반판매,운동화,품질(물품/용역)
2023018358,2023-04-05,여자,30 - 39세,경기도,국내온라인거래,기타책상·테이블류,품질(물품/용역)
2023018359,2023-04-05,여자,50 - 59세,충청남도,일반판매,성형외과,품질(물품/용역)
2023018360,2023-04-05,여자,30 - 39세,서울특별시,국내온라인거래,항공여객운송서비스,계약해제.해지/위약금
2023018361,2023-04-05,여자,30 - 39세,부산광역시,국내온라인거래,운동화,품질(물품/용역)
2023018362,2023-04-05,여자,30 - 39세,서울특별시,국내온라인거래,기타문화용품,계약불이행(불완전이행)
2023018363,2023-04-05,여자,30 - 39세,부산광역시,국내온라인거래,핸드백,청약철회
2023018364,2023-04-05,여자,50 - 59세,충청남도,일반판매,전문스포츠화(축구화·골프화 등),품질(물품/용역)
2023018365,2023-04-05,남자,50 - 59세,경기도,기타통신판매,운동화,품질(물품/용역)
2023018366,2023-04-05,남자,30 - 39세,세종특별자치시,일반판매,신사화(구두·부츠 등),품질(물품/용역)
2023018368,2023-04-05,남자,60 - 64세,서울특별시,일반판매,운동화,품질(물품/용역)
2023018370,2023-04-05,여자,30 - 39세,서울특별시,모바일거래,신유형상품권,부당행위
2023018371,2023-04-05,여자,30 - 39세,서울특별시,일반판매,양복(서양식 의복)세탁,품질(물품/용역)
2023018372,2023-04-05,남자,20 - 29세,서울특별시,국내온라인거래,신사화(구두·부츠 등),품질(물품/용역)
2023018373,2023-04-05,남자,50 - 59세,서울특별시,전화권유판매,유사투자자문,계약불이행(불완전이행)
2023018374,2023-04-05,여자,20 - 29세,서울특별시,일반판매,헬스장,계약해제.해지/위약금
2023018375,2023-04-05,남자,30 - 39세,부산광역시,일반판매,택배화물운송서비스,계약불이행(불완전이행)
2023018376,2023-04-05,여자,40 - 49세,인천광역시,기타,펜션,청약철회
2023018377,2023-04-05,남자,20 - 29세,서울특별시,국내온라인거래,옷장,품질(물품/용역)
2023018378,2023-04-05,남자,40 - 49세,서울특별시,기타,기름보일러,AS불만
2023018380,2023-04-05,여자,30 - 39세,경기도,국내온라인거래,숙녀화(구두·부츠 등),품질(물품/용역)
2023018381,2023-04-05,여자,40 - 49세,경기도,기타,가스스토브,품질(물품/용역)
2023018382,2023-04-05,여자,30 - 39세,서울특별시,일반판매,헬스장,계약해제.해지/위약금
2023018383,2023-04-05,남자,50 - 59세,서울특별시,국내온라인거래,항공여객운송서비스,계약해제.해지/위약금
2023018384,2023-04-05,남자,60 - 64세,울산광역시,일반판매,텐트,품질(물품/용역)
2023018385,2023-04-05,여자,20 - 29세,인천광역시,일반판매,피부·체형관리서비스,계약해제.해지/위약금
2023018386,2023-04-05,여자,30 - 39세,경기도,기타,인터넷교육서비스,계약해제.해지/위약금
2023018387,2023-04-05,남자,30 - 39세,서울특별시,일반판매,골프회원권,계약해제.해지/위약금
2023018388,2023-04-05,여자,50 - 59세,경기도,일반판매,헬스장,계약해제.해지/위약금
2023018389,2023-04-05,남자,30 - 39세,서울특별시,국내온라인거래,항공여객운송서비스,청약철회
2023018390,2023-04-05,남자,40 - 49세,경기도,일반판매,전기맛사지기,품질(물품/용역)
2023018391,2023-04-05,남자,50 - 59세,세종특별자치시,일반판매,이동전화서비스,계약해제.해지/위약금
2023018392,2023-04-05,여자,30 - 39세,울산광역시,일반판매,국외여행,계약불이행(불완전이행)
2023018393,2023-04-05,여자,30 - 39세,서울특별시,일반판매,헬스장,계약해제.해지/위약금
2023018394,2023-04-05,남자,40 - 49세,대전광역시,국내온라인거래,여행용가방,가격.요금
2023018395,2023-04-05,여자,30 - 39세,경상남도,국내온라인거래,캐주얼바지,계약불이행(불완전이행)
2023018397,2023-04-05,여자,30 - 39세,서울특별시,국내온라인거래,스포츠웨어,청약철회
2023018398,2023-04-05,여자,40 - 49세,전라북도,국내온라인거래,니트(스웨터),품질(물품/용역)
2023018399,2023-04-05,남자,30 - 39세,대구광역시,방문판매,헬스장,계약해제.해지/위약금
2023018400,2023-04-05,여자,30 - 39세,경기도,국내온라인거래,항공여객운송서비스,청약철회
2023018401,2023-04-05,여자,60 - 64세,부산광역시,일반판매,변호서비스,가격.요금
2023018402,2023-04-05,남자,30 - 39세,경기도,방문판매,기타방문·통신교육서비스,계약해제.해지/위약금
2023018403,2023-04-05,남자,20 - 29세,충청북도,일반판매,예식서비스,계약해제.해지/위약금
2023018405,2023-04-05,여자,40 - 49세,울산광역시,일반판매,필라테스,계약해제.해지/위약금
2023018406,2023-04-05,여자,30 - 39세,서울특별시,국내온라인거래,초고속인터넷,계약불이행(불완전이행)
2023018407,2023-04-05,남자,40 - 49세,경기도,일반판매,국외여행,계약불이행(불완전이행)
2023018408,2023-04-05,여자,30 - 39세,경기도,방문판매,인터넷교육서비스,계약해제.해지/위약금
2023018409,2023-04-05,남자,40 - 49세,경기도,일반판매,퍼스널컴퓨터,품질(물품/용역)
2023018410,2023-04-05,남자,30 - 39세,경기도,국내온라인거래,일반이사운송서비스,계약불이행(불완전이행)
2023018411,2023-04-05,남자,20 - 29세,경상남도,기타,양복(서양식 의복)세탁,계약불이행(불완전이행)
2023018412,2023-04-05,여자,40 - 49세,경기도,일반판매,정수기대여(렌트),AS불만
2023018413,2023-04-05,여자,50 - 59세,부산광역시,일반판매,정수기대여(렌트),부당채권추심
2023018414,2023-04-05,남자,50 - 59세,경상남도,국내온라인거래,노트북컴퓨터,품질(물품/용역)
2023018415,2023-04-05,남자,40 - 49세,강원특별자치도,일반판매,기타세탁서비스,계약불이행(불완전이행)
2023018416,2023-04-05,여자,40 - 49세,경상북도,국내온라인거래,인터넷정보이용서비스,가격.요금
2023018417,2023-04-05,여자,40 - 49세,부산광역시,기타통신판매,가구세트,청약철회
2023018418,2023-04-05,여자,30 - 39세,울산광역시,전화권유판매,기타정보이용서비스,계약해제.해지/위약금
2023018419,2023-04-05,여자,60 - 64세,대구광역시,일반판매,필라테스,계약해제.해지/위약금
2023018420,2023-04-05,남자,30 - 39세,광주광역시,국내온라인거래,컴퓨터모니터(데스크탑),품질(물품/용역)
2023018421,2023-04-05,여자,20 - 29세,경기도,국내온라인거래,노트북컴퓨터,품질(물품/용역)
2023018422,2023-04-05,여자,20 - 29세,부산광역시,국내온라인거래,기타간편복,계약해제.해지/위약금
2023018423,2023-04-05,여자,30 - 39세,경기도,방문판매,헬스장,계약해제.해지/위약금
2023018424,2023-04-05,남자,20 - 29세,제주도,국내온라인거래,신사복상의,품질(물품/용역)
2023018425,2023-04-05,여자,40 - 49세,서울특별시,모바일거래,스포츠웨어,계약불이행(불완전이행)
2023018426,2023-04-05,남자,20 - 29세,전라북도,국내온라인거래,인터넷교육서비스,부당행위
2023018427,2023-04-05,여자,20 - 29세,경기도,일반판매,미용서비스,품질(물품/용역)
2023018428,2023-04-05,여자,30 - 39세,서울특별시,전화권유판매,국내결혼중개,계약불이행(불완전이행)
2023018429,2023-04-05,여자,50 - 59세,부산광역시,기타,CCTV,부당행위
2023018430,2023-04-05,남자,30 - 39세,부산광역시,국내온라인거래,대학·대학원,계약해제.해지/위약금
2023018431,2023-04-05,여자,50 - 59세,경기도,일반판매,건물청소서비스,계약해제.해지/위약금
2023018432,2023-04-05,남자,30 - 39세,서울특별시,국제온라인거래,항공여객운송서비스,계약해제.해지/위약금
2023018433,2023-04-05,남자,40 - 49세,경기도,일반판매,스마트폰,AS불만
2023018434,2023-04-05,남자,20 - 29세,부산광역시,소셜커머스(쇼핑),항공여객운송서비스,청약철회
2023018435,2023-04-05,남자,40 - 49세,인천광역시,국내온라인거래,기타가방,품질(물품/용역)
2023018436,2023-04-05,여자,50 - 59세,경기도,국내온라인거래,립스틱,표시.광고
2023018437,2023-04-05,여자,30 - 39세,인천광역시,국내온라인거래,점퍼·재킷류,청약철회
2023018438,2023-04-05,여자,20 - 29세,경기도,국내온라인거래,캐주얼바지,청약철회
2023018439,2023-04-05,남자,50 - 59세,경상남도,일반판매,헬스장,계약해제.해지/위약금
2023018440,2023-04-05,여자,40 - 49세,부산광역시,국내온라인거래,기타의류·섬유,계약불이행(불완전이행)
2023018441,2023-04-05,남자,30 - 39세,서울특별시,일반판매,신발세탁,품질(물품/용역)
2023018442,2023-04-05,남자,40 - 49세,인천광역시,일반판매,테니스장스쿼시회원권,계약해제.해지/위약금
2023018443,2023-04-05,남자,30 - 39세,전라북도,일반판매,헬스장,계약해제.해지/위약금
2023018444,2023-04-05,여자,40 - 49세,광주광역시,국내온라인거래,운동화,품질(물품/용역)
2023018445,2023-04-05,여자,40 - 49세,서울특별시,기타,피부·체형관리서비스,청약철회
2023018447,2023-04-05,여자,30 - 39세,서울특별시,국내온라인거래,기타건강식품,가격.요금
2023018448,2023-04-05,남자,40 - 49세,경기도,기타,봉지면,품질(물품/용역)
2023018449,2023-04-05,남자,30 - 39세,서울특별시,모바일거래,"OTT서비스(넷플릭스,왓챠 등)",품질(물품/용역)
2023018451,2023-04-06,남자,30 - 39세,경기도,국내온라인거래,헬스장,계약해제.해지/위약금
2023018452,2023-04-06,남자,30 - 39세,경기도,국내온라인거래,미분류컨설팅(자문),계약해제.해지/위약금
2023018453,2023-04-06,여자,20 - 29세,인천광역시,일반판매,립스틱,품질(물품/용역)
2023018454,2023-04-06,여자,20 - 29세,경기도,일반판매,이동전화서비스,계약불이행(불완전이행)
2023018455,2023-04-06,여자,20 - 29세,서울특별시,일반판매,헬스장,계약해제.해지/위약금
2023018456,2023-04-06,여자,40 - 49세,인천광역시,모바일거래,캐주얼바지,청약철회
2023018457,2023-04-06,여자,30 - 39세,대전광역시,방문판매,필라테스,계약해제.해지/위약금
2023018458,2023-04-06,남자,40 - 49세,경상남도,소셜커머스(쇼핑),식사배달,계약해제.해지/위약금
2023018459,2023-04-06,남자,30 - 39세,인천광역시,모바일거래,호텔,청약철회
2023018461,2023-04-06,남자,30 - 39세,전라북도,국내온라인거래,운동화,품질(물품/용역)
2023018464,2023-04-06,여자,30 - 39세,대구광역시,기타통신판매,이동전화서비스,계약해제.해지/위약금
2023018465,2023-04-06,남자,50 - 59세,대전광역시,일반판매,실손보험,계약불이행(불완전이행)
2023018466,2023-04-06,남자,65 - 69세,대구광역시,기타통신판매,남자용한복,품질(물품/용역)
2023018467,2023-04-06,여자,50 - 59세,경기도,일반판매,양복(서양식 의복)세탁,품질(물품/용역)
2023018468,2023-04-06,여자,40 - 49세,서울특별시,국내온라인거래,티셔츠,계약해제.해지/위약금
2023018469,2023-04-06,여자,30 - 39세,서울특별시,국내온라인거래,기타가방,청약철회
2023018470,2023-04-06,남자,40 - 49세,대전광역시,모바일거래,기타숙박시설,계약해제.해지/위약금
2023018471,2023-04-06,남자,30 - 39세,경기도,소셜커머스(쇼핑),마스크,품질(물품/용역)
2023018472,2023-04-06,여자,30 - 39세,경기도,일반판매,예식서비스,계약해제.해지/위약금
2023018473,2023-04-06,여자,40 - 49세,서울특별시,일반판매,인덕션레인지,AS불만
2023018474,2023-04-06,남자,40 - 49세,경기도,국내온라인거래,기타간편복,청약철회
2023018475,2023-04-06,남자,40 - 49세,울산광역시,일반판매,룸에어컨,계약불이행(불완전이행)
2023018476,2023-04-06,여자,40 - 49세,경기도,전화권유판매,인터넷정보이용서비스,계약해제.해지/위약금
2023018478,2023-04-06,남자,30 - 39세,서울특별시,소셜커머스(쇼핑),스포츠웨어,청약철회
2023018479,2023-04-06,여자,30 - 39세,경기도,국제온라인거래,기타문화·오락시설이용,약관
2023018480,2023-04-06,남자,65 - 69세,서울특별시,일반판매,오피스텔,품질(물품/용역)
2023018481,2023-04-06,남자,50 - 59세,경기도,모바일거래,교통카드,약관
2023018482,2023-04-06,남자,40 - 49세,서울특별시,기타통신판매,기타조명기기,계약해제.해지/위약금
2023018483,2023-04-06,남자,30 - 39세,광주광역시,국내온라인거래,미분류컨설팅(자문),계약해제.해지/위약금
2023018484,2023-04-06,여자,30 - 39세,광주광역시,일반판매,학습지,계약해제.해지/위약금
2023018485,2023-04-06,여자,65 - 69세,경기도,국내온라인거래,여행용가방,표시.광고
2023018486,2023-04-06,여자,20 - 29세,경기도,기타통신판매,이동전화서비스,계약불이행(불완전이행)
2023018487,2023-04-06,여자,30 - 39세,경기도,모바일거래,카셰어링,부당행위
2023018488,2023-04-06,남자,30 - 39세,경기도,국내온라인거래,전기진공청소기,AS불만
2023018489,2023-04-06,여자,20 - 29세,경기도,일반판매,샌들·슬리퍼,품질(물품/용역)
2023018490,2023-04-06,여자,70 - 79세,충청북도,일반판매,미용서비스,품질(물품/용역)
2023018491,2023-04-06,남자,50 - 59세,서울특별시,일반판매,전문스포츠화(축구화·골프화 등),품질(물품/용역)
2023018492,2023-04-06,여자,20 - 29세,경기도,일반판매,성형외과,품질(물품/용역)
2023018493,2023-04-06,남자,70 - 79세,경기도,일반판매,신사화(구두·부츠 등),품질(물품/용역)
2023018494,2023-04-06,여자,40 - 49세,경기도,일반판매,전기장판,품질(물품/용역)
2023018495,2023-04-06,남자,40 - 49세,서울특별시,국내온라인거래,전문스포츠화(축구화·골프화 등),품질(물품/용역)
2023018496,2023-04-06,여자,20 - 29세,서울특별시,일반판매,헬스장,계약해제.해지/위약금
2023018497,2023-04-06,남자,40 - 49세,서울특별시,일반판매,국내결혼중개,계약해제.해지/위약금
2023018499,2023-04-06,여자,30 - 39세,경상남도,일반판매,치과,품질(물품/용역)
2023018500,2023-04-06,남자,20 - 29세,인천광역시,일반판매,신발세탁,계약불이행(불완전이행)
2023018501,2023-04-06,남자,40 - 49세,충청북도,전화권유판매,모바일정보이용서비스,계약해제.해지/위약금
2023018502,2023-04-06,남자,30 - 39세,경상북도,국제온라인거래,인터넷정보이용서비스,청약철회
2023018503,2023-04-06,남자,50 - 59세,대전광역시,일반판매,소파,계약불이행(불완전이행)
2023018504,2023-04-06,여자,30 - 39세,경기도,국내온라인거래,헬스장,청약철회
2023018505,2023-04-06,여자,50 - 59세,서울특별시,일반판매,보석·귀금속,청약철회
2023018506,2023-04-06,여자,불명,부산광역시,일반판매,기타간편복,품질(물품/용역)
2023018507,2023-04-06,남자,60 - 64세,인천광역시,전화권유판매,유사투자자문,계약해제.해지/위약금
2023018508,2023-04-06,여자,30 - 39세,경기도,일반판매,양복(서양식 의복)세탁,품질(물품/용역)
2023018510,2023-04-06,여자,40 - 49세,경기도,일반판매,헬스장,계약해제.해지/위약금
2023018511,2023-04-06,남자,40 - 49세,서울특별시,일반판매,대형승용자동차,계약불이행(불완전이행)
2023018512,2023-04-06,남자,40 - 49세,인천광역시,일반판매,티셔츠,품질(물품/용역)
2023018513,2023-04-06,남자,65 - 69세,서울특별시,일반판매,건강(암·기타질병)보험,약관
2023018514,2023-04-06,남자,40 - 49세,서울특별시,일반판매,중형승용자동차,계약불이행(불완전이행)
2023018515,2023-04-06,여자,40 - 49세,충청남도,일반판매,기타교육서비스,계약해제.해지/위약금
2023018516,2023-04-06,여자,50 - 59세,서울특별시,일반판매,점퍼·재킷류,품질(물품/용역)
2023018517,2023-04-06,여자,30 - 39세,경기도,모바일거래,신유형상품권,부당행위
2023018518,2023-04-06,여자,50 - 59세,서울특별시,일반판매,실손보험,약관
2023018519,2023-04-06,남자,40 - 49세,서울특별시,전화권유판매,유사투자자문,계약해제.해지/위약금
2023018520,2023-04-06,남자,40 - 49세,서울특별시,국내온라인거래,모바일게임서비스,청약철회
2023018521,2023-04-06,남자,불명,경기도,일반판매,점퍼·재킷류,품질(물품/용역)
2023018522,2023-04-06,남자,20 - 29세,인천광역시,국내온라인거래,프린터,계약불이행(불완전이행)
2023018523,2023-04-06,여자,20 - 29세,대구광역시,국내온라인거래,인쇄서비스,계약불이행(불완전이행)
2023018524,2023-04-06,여자,30 - 39세,대전광역시,방문판매,학습지,계약해제.해지/위약금
2023018525,2023-04-06,여자,불명,제주도,일반판매,헬스장,계약해제.해지/위약금
2023018526,2023-04-06,여자,40 - 49세,울산광역시,일반판매,핸드백,품질(물품/용역)
2023018527,2023-04-06,남자,50 - 59세,서울특별시,일반판매,기타교육서비스,이자.수수료
2023018528,2023-04-06,여자,10세 미만,경기도,일반판매,건강(암·기타질병)보험,약관
2023018529,2023-04-06,여자,50 - 59세,경기도,일반판매,헬스장,계약불이행(불완전이행)
2023018530,2023-04-06,여자,40 - 49세,대구광역시,일반판매,점퍼·재킷류,품질(물품/용역)
2023018531,2023-04-06,여자,50 - 59세,경기도,일반판매,헬스장,계약해제.해지/위약금
2023018532,2023-04-06,여자,40 - 49세,경기도,국내온라인거래,펜션,계약해제.해지/위약금
2023018534,2023-04-06,여자,40 - 49세,대구광역시,일반판매,아파트,AS불만
2023018535,2023-04-06,남자,50 - 59세,서울특별시,일반판매,자동차수리·점검,가격.요금
2023018536,2023-04-06,여자,20 - 29세,서울특별시,일반판매,필라테스,계약해제.해지/위약금
2023018537,2023-04-06,남자,20 - 29세,인천광역시,일반판매,헬스장,계약해제.해지/위약금
2023018538,2023-04-06,남자,30 - 39세,전라남도,소셜커머스(쇼핑),모바일게임서비스,표시.광고
2023018539,2023-04-06,여자,20 - 29세,서울특별시,기타,운명감정서비스,계약해제.해지/위약금
2023018540,2023-04-06,여자,50 - 59세,서울특별시,국내온라인거래,국외여행,계약해제.해지/위약금
2023018541,2023-04-06,남자,40 - 49세,대구광역시,국내온라인거래,항공여객운송서비스,청약철회
2023018542,2023-04-06,여자,30 - 39세,서울특별시,기타통신판매,기타가방,청약철회
2023018543,2023-04-06,여자,20 - 29세,서울특별시,일반판매,헬스장,계약해제.해지/위약금
2023018544,2023-04-06,여자,20 - 29세,대전광역시,일반판매,헬스장,계약해제.해지/위약금
2023018545,2023-04-06,남자,40 - 49세,부산광역시,국내온라인거래,운동화,청약철회
2023018546,2023-04-06,여자,40 - 49세,강원특별자치도,방문판매,인터넷교육서비스,계약해제.해지/위약금
2023018547,2023-04-06,여자,40 - 49세,인천광역시,국내온라인거래,의자,품질(물품/용역)
2023018548,2023-04-06,남자,40 - 49세,세종특별자치시,일반판매,기타숙박시설,계약불이행(불완전이행)
2023018549,2023-04-06,여자,40 - 49세,대구광역시,기타,전기장판,안전(제품/시설)
2023018550,2023-04-06,여자,20 - 29세,부산광역시,모바일거래,건물청소서비스,계약불이행(불완전이행)
2023018551,2023-04-06,여자,10 - 19세,경상북도,일반판매,일반강습(입시학원등),약관
2023018552,2023-04-06,여자,30 - 39세,서울특별시,국내온라인거래,사진촬영,계약해제.해지/위약금
2023018553,2023-04-06,남자,50 - 59세,경기도,일반판매,고시원이용,계약해제.해지/위약금
2023018554,2023-04-06,남자,30 - 39세,경기도,기타,포장이사운송서비스,계약불이행(불완전이행)
2023018555,2023-04-06,여자,20 - 29세,경기도,국내온라인거래,기타인터넷기반서비스,계약불이행(불완전이행)
2023018556,2023-04-06,여자,30 - 39세,인천광역시,모바일거래,인터넷교육서비스,계약불이행(불완전이행)
2023018557,2023-04-06,남자,70 - 79세,경기도,전화권유판매,인터넷정보이용서비스,계약해제.해지/위약금
2023018558,2023-04-06,남자,50 - 59세,인천광역시,일반판매,화장실설비,가격.요금
2023018559,2023-04-06,여자,40 - 49세,경기도,일반판매,필라테스,계약해제.해지/위약금
2023018560,2023-04-06,남자,50 - 59세,서울특별시,일반판매,종합체육시설회원권,계약해제.해지/위약금
2023018561,2023-04-06,여자,30 - 39세,서울특별시,국내온라인거래,기타미분류물품,계약해제.해지/위약금
2023018562,2023-04-06,여자,30 - 39세,서울특별시,일반판매,인쇄서비스,품질(물품/용역)
2023018563,2023-04-06,여자,30 - 39세,경기도,전화권유판매,콘도회원권,계약해제.해지/위약금
2023018564,2023-04-06,여자,40 - 49세,울산광역시,일반판매,바닥재·마루공사,계약해제.해지/위약금
2023018565,2023-04-06,남자,40 - 49세,충청남도,모바일거래,방향제,품질(물품/용역)
2023018566,2023-04-06,여자,50 - 59세,경기도,TV홈쇼핑,기타육류·육류가공식품,품질(물품/용역)
2023018567,2023-04-06,여자,30 - 39세,울산광역시,일반판매,필라테스,계약해제.해지/위약금
2023018568,2023-04-06,남자,30 - 39세,전라북도,국내온라인거래,기타가구,청약철회
2023018570,2023-04-06,남자,30 - 39세,충청북도,일반판매,이동전화서비스,계약불이행(불완전이행)
2023018571,2023-04-06,남자,30 - 39세,경기도,일반판매,캐주얼바지,청약철회
2023018572,2023-04-06,여자,40 - 49세,울산광역시,국내온라인거래,매트,청약철회
2023018573,2023-04-06,여자,40 - 49세,서울특별시,전화권유판매,기타숙박시설,계약해제.해지/위약금
2023018574,2023-04-06,여자,30 - 39세,울산광역시,일반판매,기타인테리어설비,계약해제.해지/위약금
2023018575,2023-04-06,여자,40 - 49세,서울특별시,기타통신판매,유선방송,부당행위
2023018576,2023-04-06,남자,30 - 39세,경기도,기타,국내결혼중개,계약해제.해지/위약금
2023018577,2023-04-06,남자,40 - 49세,강원특별자치도,국내온라인거래,운동화,청약철회
2023018578,2023-04-06,여자,40 - 49세,대구광역시,국내온라인거래,헤드폰·이어폰,품질(물품/용역)
2023018579,2023-04-06,여자,30 - 39세,인천광역시,국내온라인거래,TV,품질(물품/용역)
2023018580,2023-04-06,여자,40 - 49세,경기도,일반판매,맥주,계약불이행(불완전이행)
2023018581,2023-04-06,여자,30 - 39세,서울특별시,국내온라인거래,기타세탁서비스,품질(물품/용역)
2023018582,2023-04-06,여자,30 - 39세,충청남도,방문판매,학습지,계약해제.해지/위약금
2023018583,2023-04-06,여자,20 - 29세,서울특별시,국내온라인거래,호텔,계약불이행(불완전이행)
2023018584,2023-04-06,남자,30 - 39세,울산광역시,기타,기타인테리어설비,계약해제.해지/위약금
2023018585,2023-04-06,여자,30 - 39세,울산광역시,방문판매,보석·귀금속,계약해제.해지/위약금
2023018586,2023-04-06,남자,50 - 59세,서울특별시,기타,기타화물운송서비스,계약불이행(불완전이행)
2023018587,2023-04-06,여자,40 - 49세,울산광역시,일반판매,아파트,계약해제.해지/위약금
2023018588,2023-04-06,남자,50 - 59세,울산광역시,기타,아파트,계약해제.해지/위약금
2023018589,2023-04-06,여자,30 - 39세,서울특별시,일반판매,스포츠시설이용,계약해제.해지/위약금
2023018590,2023-04-06,여자,30 - 39세,충청북도,방문판매,기타인테리어설비,품질(물품/용역)
2023018591,2023-04-06,남자,40 - 49세,경기도,TV홈쇼핑,기타정보이용서비스,계약해제.해지/위약금
2023018592,2023-04-06,남자,40 - 49세,서울특별시,기타,운명감정서비스,계약해제.해지/위약금
2023018593,2023-04-06,여자,40 - 49세,경기도,소셜커머스(쇼핑),컴퓨터모니터(데스크탑),청약철회
2023018594,2023-04-06,여자,40 - 49세,서울특별시,기타,운명감정서비스,계약해제.해지/위약금
2023018595,2023-04-06,남자,30 - 39세,경기도,방문판매,미분류대여(렌트),계약해제.해지/위약금
2023018596,2023-04-06,여자,30 - 39세,경기도,일반판매,헬스장,계약해제.해지/위약금
2023018597,2023-04-06,여자,50 - 59세,경기도,국내온라인거래,기타의류·섬유,청약철회
2023018598,2023-04-06,여자,30 - 39세,부산광역시,국내온라인거래,냉장고,품질(물품/용역)
2023018599,2023-04-06,남자,30 - 39세,경기도,일반판매,결혼준비대행서비스,계약해제.해지/위약금
2023018600,2023-04-06,여자,40 - 49세,전라북도,국내온라인거래,음식물처리기,품질(물품/용역)
2023018601,2023-04-06,남자,40 - 49세,경기도,소셜커머스(쇼핑),닭고기포장육,품질(물품/용역)
2023018602,2023-04-06,여자,50 - 59세,충청북도,일반판매,기타세트가구류,단순문의.상담
2023018603,2023-04-06,여자,30 - 39세,부산광역시,전화권유판매,기타방문·통신교육서비스,계약해제.해지/위약금
2023018604,2023-04-06,남자,30 - 39세,서울특별시,기타,초고속인터넷,가격.요금
2023018605,2023-04-06,남자,40 - 49세,대구광역시,일반판매,창호유리,품질(물품/용역)
2023018606,2023-04-06,여자,60 - 64세,서울특별시,일반판매,항공여객운송서비스,계약불이행(불완전이행)
2023018607,2023-04-06,여자,20 - 29세,경상남도,모바일거래,기타사설강습서비스,계약해제.해지/위약금
2023018608,2023-04-06,남자,40 - 49세,울산광역시,기타,아파트,계약해제.해지/위약금
2023018609,2023-04-06,남자,40 - 49세,경상남도,전화권유판매,모바일정보이용서비스,계약해제.해지/위약금
2023018610,2023-04-06,남자,50 - 59세,부산광역시,국내온라인거래,모바일정보이용서비스,부당행위
2023018611,2023-04-07,남자,(미입력),경기도,소셜커머스(쇼핑),기타의료용구,안전(제품/시설)
2023018612,2023-04-07,여자,40 - 49세,인천광역시,국내온라인거래,전기진공청소기,계약해제.해지/위약금
2023018613,2023-04-07,여자,40 - 49세,서울특별시,일반판매,인터넷교육서비스,계약해제.해지/위약금
2023018614,2023-04-07,여자,40 - 49세,부산광역시,국내온라인거래,국외여행,계약불이행(불완전이행)
2023018615,2023-04-07,남자,30 - 39세,충청북도,모바일거래,모바일게임서비스,계약불이행(불완전이행)
2023018616,2023-04-07,남자,70 - 79세,경기도,기타통신판매,기타건강식품,청약철회
2023018617,2023-04-07,여자,30 - 39세,서울특별시,일반판매,국외여행,계약해제.해지/위약금
2023018619,2023-04-07,남자,20 - 29세,경기도,일반판매,차량용블랙박스,계약불이행(불완전이행)
2023018620,2023-04-07,남자,40 - 49세,서울특별시,국내온라인거래,전기자전거,AS불만
2023018622,2023-04-07,여자,50 - 59세,대구광역시,일반판매,국내결혼중개,계약불이행(불완전이행)
2023018623,2023-04-07,남자,30 - 39세,서울특별시,일반판매,자동차주차장,계약불이행(불완전이행)
2023018624,2023-04-07,남자,50 - 59세,서울특별시,국내온라인거래,항공여객운송서비스,계약해제.해지/위약금
2023018625,2023-04-07,여자,20 - 29세,경기도,기타,컴퓨터수리,품질(물품/용역)
2023018626,2023-04-07,여자,50 - 59세,전라북도,일반판매,TV,품질(물품/용역)
2023018628,2023-04-07,남자,40 - 49세,경기도,일반판매,자동차수리·점검,AS불만
2023018630,2023-04-07,여자,50 - 59세,경기도,국내온라인거래,프라이팬,청약철회
2023018631,2023-04-07,남자,40 - 49세,경기도,모바일거래,항공여객운송서비스,청약철회
2023018633,2023-04-07,남자,40 - 49세,경기도,국내온라인거래,기타컴퓨터·주변기기,청약철회
2023018636,2023-04-07,남자,70 - 79세,서울특별시,국내온라인거래,기타축산자재·용품,계약불이행(불완전이행)
2023018637,2023-04-07,여자,30 - 39세,서울특별시,일반판매,고시원이용,품질(물품/용역)
2023018639,2023-04-07,남자,50 - 59세,울산광역시,일반판매,항공여객운송서비스,계약해제.해지/위약금
2023018640,2023-04-07,여자,40 - 49세,서울특별시,국내온라인거래,기타숙박시설,청약철회
2023018641,2023-04-07,여자,20 - 29세,대구광역시,일반판매,피부과,계약해제.해지/위약금
2023018643,2023-04-07,여자,60 - 64세,서울특별시,국내온라인거래,신유형상품권,청약철회
2023018644,2023-04-07,여자,30 - 39세,경기도,국내온라인거래,여자용내의류,품질(물품/용역)
2023018645,2023-04-07,여자,불명,경기도,모바일거래,벨트,계약불이행(불완전이행)
2023018646,2023-04-07,남자,65 - 69세,울산광역시,국내온라인거래,운동화,청약철회
2023018647,2023-04-07,여자,40 - 49세,서울특별시,국내온라인거래,기타가방,품질(물품/용역)
2023018648,2023-04-07,여자,30 - 39세,세종특별자치시,국내온라인거래,코트,품질(물품/용역)
2023018649,2023-04-07,여자,30 - 39세,세종특별자치시,국내온라인거래,코트,품질(물품/용역)
2023018650,2023-04-07,여자,20 - 29세,서울특별시,국내온라인거래,셔츠,품질(물품/용역)
2023018651,2023-04-07,남자,40 - 49세,부산광역시,일반판매,실손보험,계약불이행(불완전이행)
2023018652,2023-04-07,남자,65 - 69세,서울특별시,기타통신판매,기타정보이용서비스,계약해제.해지/위약금
2023018654,2023-04-07,남자,20 - 29세,경기도,일반판매,헬스장,계약해제.해지/위약금
2023018655,2023-04-07,남자,40 - 49세,대전광역시,국내온라인거래,의자,품질(물품/용역)
2023018656,2023-04-07,여자,70 - 79세,서울특별시,국내온라인거래,국내결혼중개,계약해제.해지/위약금
2023018658,2023-04-07,남자,40 - 49세,경기도,국내온라인거래,서랍장,품질(물품/용역)
2023018659,2023-04-07,여자,50 - 59세,강원특별자치도,일반판매,중형화물자동차,AS불만
2023018660,2023-04-07,남자,40 - 49세,광주광역시,일반판매,중형승용자동차,계약해제.해지/위약금
2023018661,2023-04-07,여자,40 - 49세,울산광역시,일반판매,필라테스,계약해제.해지/위약금
2023018662,2023-04-07,여자,30 - 39세,경상남도,모바일거래,인터넷교육서비스,계약해제.해지/위약금
2023018663,2023-04-07,남자,40 - 49세,서울특별시,모바일거래,전동킥보드,부당행위
2023018664,2023-04-07,여자,30 - 39세,서울특별시,국내온라인거래,식초,품질(물품/용역)
2023018665,2023-04-07,여자,50 - 59세,경기도,국내온라인거래,소파,AS불만
2023018666,2023-04-07,남자,40 - 49세,경기도,일반판매,식탁,품질(물품/용역)
2023018667,2023-04-07,남자,40 - 49세,부산광역시,일반판매,정수기대여(렌트),계약불이행(불완전이행)
2023018669,2023-04-07,여자,60 - 64세,경기도,일반판매,치과,품질(물품/용역)
2023018670,2023-04-07,남자,50 - 59세,경기도,일반판매,초고속인터넷,부당행위
2023018671,2023-04-07,남자,30 - 39세,경기도,기타,모바일정보이용서비스,계약불이행(불완전이행)
2023018672,2023-04-07,여자,20 - 29세,경기도,일반판매,헬스장,계약해제.해지/위약금
2023018673,2023-04-07,여자,30 - 39세,경기도,일반판매,한의원,계약해제.해지/위약금
2023018676,2023-04-07,남자,40 - 49세,경기도,일반판매,기타사설강습서비스,계약불이행(불완전이행)
2023018677,2023-04-07,남자,60 - 64세,광주광역시,일반판매,IPTV,계약해제.해지/위약금
2023018678,2023-04-07,여자,70 - 79세,인천광역시,일반판매,룸에어컨,품질(물품/용역)
2023018679,2023-04-07,여자,50 - 59세,경기도,전화권유판매,기타건강식품,부당행위
2023018680,2023-04-07,남자,40 - 49세,세종특별자치시,기타통신판매,카셰어링,이자.수수료
2023018681,2023-04-07,남자,60 - 64세,대구광역시,전화권유판매,유사투자자문,계약해제.해지/위약금
2023018682,2023-04-07,여자,70 - 79세,부산광역시,일반판매,보청기,품질(물품/용역)
2023018683,2023-04-07,남자,30 - 39세,서울특별시,국내온라인거래,기타곡류·곡류가공식품,표시.광고
2023018684,2023-04-07,여자,30 - 39세,경기도,일반판매,이불·요,품질(물품/용역)
2023018685,2023-04-07,여자,40 - 49세,경기도,소셜커머스(쇼핑),인쇄서비스,계약불이행(불완전이행)
2023018686,2023-04-07,여자,50 - 59세,경기도,국내온라인거래,모바일정보이용서비스,계약해제.해지/위약금
2023018688,2023-04-07,남자,30 - 39세,경기도,일반판매,자동차수리·점검,AS불만
2023018689,2023-04-07,여자,40 - 49세,경기도,일반판매,국외여행,계약해제.해지/위약금
2023018690,2023-04-07,여자,40 - 49세,서울특별시,방문판매,인터넷교육서비스,계약해제.해지/위약금
2023018691,2023-04-07,남자,30 - 39세,서울특별시,국내온라인거래,항공여객운송서비스,계약해제.해지/위약금
2023018693,2023-04-07,여자,40 - 49세,서울특별시,일반판매,모자,품질(물품/용역)
2023018694,2023-04-07,여자,50 - 59세,경기도,일반판매,필라테스,계약해제.해지/위약금
2023018696,2023-04-07,남자,30 - 39세,부산광역시,기타통신판매,체크카드,계약불이행(불완전이행)
2023018697,2023-04-07,남자,40 - 49세,전라북도,일반판매,자동차수리·점검,품질(물품/용역)
2023018698,2023-04-07,여자,20 - 29세,부산광역시,국내온라인거래,기타빵·과자류,청약철회
2023018699,2023-04-07,남자,40 - 49세,서울특별시,일반판매,소파,품질(물품/용역)
2023018700,2023-04-07,남자,20 - 29세,경기도,국내온라인거래,인터넷교육서비스,계약불이행(불완전이행)
2023018702,2023-04-07,여자,30 - 39세,제주도,일반판매,피부과,계약해제.해지/위약금
2023018703,2023-04-07,여자,30 - 39세,충청남도,국내온라인거래,룸에어컨,거래관행
2023018704,2023-04-07,남자,50 - 59세,경기도,국내온라인거래,케이블TV,표시.광고
2023018705,2023-04-07,여자,60 - 64세,서울특별시,전화권유판매,기타일반화장품,청약철회
2023018706,2023-04-07,남자,50 - 59세,경상북도,모바일거래,기타회원권,계약불이행(불완전이행)
2023018801,2023-04-07,남자,30 - 39세,서울특별시,국내온라인거래,항공여객운송서비스,청약철회
2023018802,2023-04-07,남자,65 - 69세,서울특별시,모바일거래,스포츠시설이용,계약해제.해지/위약금
2023018803,2023-04-07,남자,30 - 39세,경상북도,국내온라인거래,키보드,청약철회
2023018804,2023-04-07,남자,30 - 39세,울산광역시,기타,건물청소서비스,계약불이행(불완전이행)
2023018805,2023-04-07,여자,30 - 39세,서울특별시,일반판매,헬스장,계약해제.해지/위약금
2023018806,2023-04-07,남자,40 - 49세,경기도,일반판매,전기맛사지기,AS불만
2023018807,2023-04-07,여자,20 - 29세,서울특별시,국내온라인거래,기타정보이용서비스,거래관행
2023018808,2023-04-07,여자,60 - 64세,서울특별시,국내온라인거래,항공여객운송서비스,계약불이행(불완전이행)
2023018809,2023-04-07,여자,40 - 49세,대구광역시,기타,건물청소서비스,계약불이행(불완전이행)
2023018810,2023-04-07,남자,20 - 29세,전라남도,기타통신판매,기타정보이용서비스,계약해제.해지/위약금
2023018811,2023-04-07,남자,40 - 49세,경기도,방문판매,포장이사운송서비스,품질(물품/용역)
2023018812,2023-04-07,남자,30 - 39세,경기도,국내온라인거래,천연피혁의류,가격.요금
2023018813,2023-04-07,여자,30 - 39세,서울특별시,일반판매,의상대여(렌트),청약철회
2023018814,2023-04-07,남자,60 - 64세,충청북도,일반판매,정수기대여(렌트),품질(물품/용역)
2023018815,2023-04-07,남자,50 - 59세,서울특별시,모바일거래,스키용품,단순문의.상담
2023018816,2023-04-07,남자,30 - 39세,경상남도,모바일거래,모바일정보이용서비스,청약철회
2023018817,2023-04-07,남자,30 - 39세,부산광역시,일반판매,현상·인화,계약해제.해지/위약금
2023018818,2023-04-07,남자,70 - 79세,경기도,기타,이동전화서비스,약관
2023018819,2023-04-07,여자,30 - 39세,울산광역시,방문판매,학습지,계약해제.해지/위약금
2023018820,2023-04-07,남자,30 - 39세,부산광역시,기타통신판매,인터넷게임서비스,청약철회
2023018821,2023-04-07,여자,30 - 39세,서울특별시,일반판매,필라테스,계약해제.해지/위약금
2023018823,2023-04-07,여자,40 - 49세,부산광역시,일반판매,필라테스,계약해제.해지/위약금
2023018824,2023-04-07,남자,40 - 49세,서울특별시,일반판매,국외여행,계약해제.해지/위약금
2023018825,2023-04-07,남자,30 - 39세,경상남도,국내온라인거래,노트북컴퓨터,부당행위
2023018826,2023-04-07,여자,30 - 39세,서울특별시,일반판매,필라테스,계약해제.해지/위약금
2023018827,2023-04-07,여자,20 - 29세,서울특별시,모바일거래,기타사설강습서비스,계약해제.해지/위약금
2023018828,2023-04-07,여자,40 - 49세,경기도,국내온라인거래,호텔,계약불이행(불완전이행)
2023018829,2023-04-07,여자,20 - 29세,세종특별자치시,국내온라인거래,항공여객운송서비스,계약해제.해지/위약금
2023018830,2023-04-07,여자,60 - 64세,경기도,일반판매,펜션,단순문의.상담
2023018831,2023-04-07,남자,30 - 39세,서울특별시,일반판매,예식서비스,계약해제.해지/위약금
2023018832,2023-04-07,남자,30 - 39세,충청남도,기타통신판매,일반이사운송서비스,가격.요금
2023018833,2023-04-07,여자,20 - 29세,경기도,국내온라인거래,캐주얼바지,청약철회
2023018834,2023-04-07,여자,20 - 29세,경기도,일반판매,세탁용합성세제,품질(물품/용역)
2023018835,2023-04-07,남자,30 - 39세,경기도,일반판매,포장이사운송서비스,품질(물품/용역)
2023018836,2023-04-07,여자,40 - 49세,대구광역시,국내온라인거래,항공여객운송서비스,계약해제.해지/위약금
2023018837,2023-04-07,여자,50 - 59세,대전광역시,전화권유판매,인터넷정보이용서비스,계약불이행(불완전이행)
2023018838,2023-04-07,남자,30 - 39세,서울특별시,기타,운명감정서비스,계약해제.해지/위약금
2023018839,2023-04-07,남자,50 - 59세,경기도,전화권유판매,인터넷정보이용서비스,계약해제.해지/위약금
2023018840,2023-04-07,남자,30 - 39세,경기도,국내온라인거래,노트북컴퓨터,계약불이행(불완전이행)
2023018841,2023-04-07,남자,30 - 39세,인천광역시,일반판매,헬스장,계약해제.해지/위약금
2023018842,2023-04-07,여자,20 - 29세,서울특별시,국내온라인거래,기타사무용품,계약불이행(불완전이행)
2023018843,2023-04-07,여자,30 - 39세,부산광역시,국내온라인거래,인터넷교육서비스,계약해제.해지/위약금
2023018844,2023-04-07,여자,30 - 39세,경상북도,방문판매,학습지,계약해제.해지/위약금
2023018845,2023-04-07,남자,30 - 39세,서울특별시,일반판매,헬스장,계약해제.해지/위약금
2023018847,2023-04-07,남자,30 - 39세,경기도,일반판매,건물청소서비스,AS불만
2023018848,2023-04-07,여자,30 - 39세,서울특별시,방문판매,헬스장,계약해제.해지/위약금
2023018849,2023-04-07,남자,65 - 69세,경기도,일반판매,냉장고,품질(물품/용역)
2023018850,2023-04-07,여자,40 - 49세,광주광역시,방문판매,서랍장,품질(물품/용역)
2023018851,2023-04-07,여자,40 - 49세,경기도,방문판매,인터넷교육서비스,계약해제.해지/위약금
2023018852,2023-04-07,남자,20 - 29세,충청남도,전화권유판매,기타매체광고,계약해제.해지/위약금
2023018853,2023-04-07,여자,50 - 59세,경기도,소셜커머스(쇼핑),스프링매트리스,품질(물품/용역)
2023018854,2023-04-07,남자,40 - 49세,경기도,국내온라인거래,안경·안경테,품질(물품/용역)
2023018855,2023-04-07,남자,30 - 39세,경기도,일반판매,골프회원권,계약해제.해지/위약금
2023018856,2023-04-07,여자,20 - 29세,대전광역시,방문판매,헬스장,계약해제.해지/위약금
2023018857,2023-04-07,여자,50 - 59세,경기도,일반판매,포장이사운송서비스,품질(물품/용역)
2023018858,2023-04-07,남자,30 - 39세,경기도,일반판매,예식서비스,계약해제.해지/위약금
2023018859,2023-04-07,남자,30 - 39세,경상북도,국내온라인거래,버스여객운송서비스,계약불이행(불완전이행)
2023018860,2023-04-07,남자,30 - 39세,인천광역시,방문판매,헬스장,계약해제.해지/위약금
2023018861,2023-04-07,여자,20 - 29세,경기도,모바일거래,미분류대여(렌트),청약철회
2023018862,2023-04-07,여자,30 - 39세,서울특별시,기타통신판매,미분류대여(렌트),계약해제.해지/위약금
2023018863,2023-04-07,여자,30 - 39세,경기도,국내온라인거래,원피스,청약철회
2023018864,2023-04-07,여자,20 - 29세,부산광역시,모바일거래,국내여행,계약해제.해지/위약금
2023018865,2023-04-07,여자,20 - 29세,인천광역시,일반판매,헬스장,계약해제.해지/위약금
2023018866,2023-04-07,여자,20 - 29세,경상북도,국내온라인거래,유리·크리스탈그릇,계약불이행(불완전이행)
2023018867,2023-04-07,남자,20 - 29세,전라북도,국제온라인거래,국외여행,계약해제.해지/위약금
2023018868,2023-04-07,여자,30 - 39세,서울특별시,일반판매,고시원이용,계약해제.해지/위약금
2023018869,2023-04-07,남자,30 - 39세,부산광역시,국내온라인거래,통신기기케이스,청약철회
2023018870,2023-04-07,여자,40 - 49세,서울특별시,일반판매,국내결혼중개,계약해제.해지/위약금
2023018871,2023-04-07,여자,20 - 29세,경기도,기타,헬스장,계약해제.해지/위약금
2023018872,2023-04-07,남자,40 - 49세,경기도,일반판매,기타인테리어설비,계약불이행(불완전이행)
2023018873,2023-04-07,남자,30 - 39세,서울특별시,국내온라인거래,점퍼·재킷류,청약철회
2023018874,2023-04-07,여자,40 - 49세,세종특별자치시,기타,인터넷교육서비스,계약해제.해지/위약금
2023018875,2023-04-07,여자,50 - 59세,경기도,일반판매,필라테스,계약해제.해지/위약금
2023018876,2023-04-07,여자,20 - 29세,광주광역시,전화권유판매,인터넷교육서비스,계약불이행(불완전이행)
2023018877,2023-04-07,여자,30 - 39세,전라남도,국내온라인거래,점퍼·재킷류,계약불이행(불완전이행)
2023018878,2023-04-07,여자,30 - 39세,인천광역시,일반판매,헬스장,계약해제.해지/위약금
2023018879,2023-04-07,남자,20 - 29세,서울특별시,모바일거래,호텔,계약해제.해지/위약금
2023018880,2023-04-07,남자,30 - 39세,서울특별시,국내온라인거래,호텔,청약철회
2023018881,2023-04-07,여자,30 - 39세,대전광역시,국내온라인거래,보석·귀금속,청약철회
2023018882,2023-04-07,남자,40 - 49세,서울특별시,국내온라인거래,기타영상기기,표시.광고
2023018883,2023-04-07,남자,40 - 49세,광주광역시,국내온라인거래,기타숙박시설,계약해제.해지/위약금
2023018884,2023-04-07,남자,20 - 29세,경상남도,전화권유판매,기타정보이용서비스,계약해제.해지/위약금
2023018885,2023-04-07,여자,30 - 39세,부산광역시,국내온라인거래,기타인터넷기반서비스,계약해제.해지/위약금
2023018886,2023-04-07,남자,30 - 39세,전라북도,일반판매,기타사설강습서비스,계약해제.해지/위약금
2023018887,2023-04-07,남자,60 - 64세,인천광역시,기타,기타가구,품질(물품/용역)
2023018888,2023-04-07,남자,40 - 49세,부산광역시,전화권유판매,할인회원권,청약철회
2023018889,2023-04-07,여자,40 - 49세,경기도,기타,기타인테리어설비,AS불만
2023018890,2023-04-07,여자,30 - 39세,경기도,기타,필라테스,계약해제.해지/위약금
2023018891,2023-04-07,여자,30 - 39세,인천광역시,일반판매,사진촬영,계약불이행(불완전이행)
2023018892,2023-04-07,남자,40 - 49세,부산광역시,국내온라인거래,전기맛사지기,계약해제.해지/위약금
2023018901,2023-04-08,여자,50 - 59세,경기도,소셜커머스(쇼핑),기타스포츠·레저기구·용품,품질(물품/용역)
2023018902,2023-04-08,남자,30 - 39세,경상남도,전화권유판매,기타정보이용서비스,계약해제.해지/위약금
2023018903,2023-04-08,여자,20 - 29세,제주도,기타,기타건강식품,품질(물품/용역)
2023018904,2023-04-08,남자,40 - 49세,서울특별시,국제온라인거래,기타숙박시설,계약불이행(불완전이행)
2023018905,2023-04-08,남자,20 - 29세,서울특별시,일반판매,초고속인터넷,계약해제.해지/위약금
2023018906,2023-04-08,남자,40 - 49세,경기도,국내온라인거래,기타스포츠·레저기구·용품,품질(물품/용역)
2023018907,2023-04-08,남자,30 - 39세,경상북도,국제온라인거래,기타숙박시설,계약불이행(불완전이행)
2023018909,2023-04-08,여자,30 - 39세,충청남도,일반판매,국내여행,계약해제.해지/위약금
2023018910,2023-04-08,남자,20 - 29세,서울특별시,일반판매,결혼준비대행서비스,계약해제.해지/위약금
2023018911,2023-04-08,여자,20 - 29세,경기도,일반판매,결혼준비대행서비스,계약해제.해지/위약금
2023018912,2023-04-08,여자,20 - 29세,경기도,방문판매,의상대여(렌트),청약철회
2023018913,2023-04-08,여자,20 - 29세,인천광역시,일반판매,필라테스,계약해제.해지/위약금
2023019001,2023-04-09,여자,40 - 49세,서울특별시,일반판매,헬스장,계약해제.해지/위약금
2023019003,2023-04-09,여자,20 - 29세,서울특별시,국내온라인거래,커튼,청약철회
2023019004,2023-04-09,남자,40 - 49세,서울특별시,일반판매,이동전화서비스,부당행위
2023019005,2023-04-09,여자,30 - 39세,경기도,국내온라인거래,국외여행,계약불이행(불완전이행)
2023019006,2023-04-09,남자,10 - 19세,인천광역시,일반판매,헬스장,계약해제.해지/위약금
2023019007,2023-04-09,남자,70 - 79세,강원특별자치도,기타,정수기대여(렌트),품질(물품/용역)
2023019008,2023-04-09,여자,30 - 39세,서울특별시,국내온라인거래,기타숙박시설,계약해제.해지/위약금
2023019009,2023-04-09,남자,30 - 39세,서울특별시,국내온라인거래,각종공연관람,계약해제.해지/위약금
2023019010,2023-04-09,남자,40 - 49세,경상남도,기타,기타인테리어설비,AS불만
2023019011,2023-04-09,남자,30 - 39세,충청남도,국내온라인거래,항공여객운송서비스,계약불이행(불완전이행)
2023019012,2023-04-09,여자,30 - 39세,서울특별시,국내온라인거래,점퍼·재킷류,청약철회
2023019013,2023-04-09,여자,20 - 29세,부산광역시,방문판매,헬스장,계약해제.해지/위약금
2023019014,2023-04-09,여자,30 - 39세,경기도,일반판매,가스보일러,AS불만
2023019015,2023-04-09,남자,50 - 59세,경기도,기타,애완동·식물용품,AS불만
2023019016,2023-04-09,남자,30 - 39세,충청남도,일반판매,헬스장,계약해제.해지/위약금
2023019017,2023-04-09,여자,30 - 39세,부산광역시,국내온라인거래,기타숙박시설,계약해제.해지/위약금
2023019018,2023-04-09,여자,40 - 49세,경상북도,기타,기타인테리어설비,AS불만
2023019019,2023-04-09,남자,30 - 39세,경기도,국내온라인거래,호텔,표시.광고
2023019020,2023-04-07,남자,40 - 49세,세종특별자치시,소셜커머스(쇼핑),스포츠웨어,계약불이행(불완전이행)
2023019021,2023-04-10,남자,40 - 49세,서울특별시,일반판매,애완견,계약불이행(불완전이행)
2023019022,2023-04-10,여자,60 - 64세,경기도,일반판매,전기요,품질(물품/용역)
2023019024,2023-04-10,남자,40 - 49세,부산광역시,기타,대형승용자동차,품질(물품/용역)
2023019025,2023-04-10,남자,40 - 49세,부산광역시,일반판매,중고자동차중개·매매,AS불만
2023019026,2023-04-10,남자,40 - 49세,부산광역시,기타,기타인테리어설비,계약불이행(불완전이행)
2023019027,2023-04-10,남자,40 - 49세,서울특별시,일반판매,신유형상품권,무능력자계약
2023019028,2023-04-10,여자,70 - 79세,경기도,일반판매,각종자격취득강습,계약해제.해지/위약금
2023019029,2023-04-10,여자,40 - 49세,충청남도,국내온라인거래,지갑,청약철회
2023019030,2023-04-10,남자,50 - 59세,경기도,일반판매,자동차대여(렌트),계약해제.해지/위약금
2023019031,2023-04-10,남자,불명,서울특별시,모바일거래,인터넷교육서비스,계약해제.해지/위약금
2023019032,2023-04-10,남자,40 - 49세,서울특별시,일반판매,종합체육시설회원권,계약해제.해지/위약금
2023019033,2023-04-10,여자,50 - 59세,경기도,국내온라인거래,TV,AS불만
2023019034,2023-04-10,여자,30 - 39세,서울특별시,일반판매,타이어,부당행위
2023019035,2023-04-10,남자,40 - 49세,경기도,일반판매,애완고양이,계약불이행(불완전이행)
2023019036,2023-04-10,여자,60 - 64세,경기도,전화권유판매,정수기대여(렌트),계약해제.해지/위약금
2023019037,2023-04-10,여자,50 - 59세,부산광역시,일반판매,실손보험,계약불이행(불완전이행)
2023019038,2023-04-10,남자,30 - 39세,충청북도,기타,독서실이용,계약해제.해지/위약금
2023019039,2023-04-10,여자,40 - 49세,세종특별자치시,방문판매,실손보험,계약불이행(불완전이행)
2023019040,2023-04-10,남자,30 - 39세,서울특별시,일반판매,실손보험,계약불이행(불완전이행)
2023019041,2023-04-10,여자,30 - 39세,경상북도,국내온라인거래,모바일정보이용서비스,계약해제.해지/위약금
2023019042,2023-04-10,남자,50 - 59세,대구광역시,일반판매,태블릿PC,부당행위
2023019043,2023-04-10,여자,30 - 39세,서울특별시,기타통신판매,고시원이용,계약해제.해지/위약금
2023019044,2023-04-10,남자,40 - 49세,경기도,일반판매,결혼준비대행서비스,계약해제.해지/위약금
2023019045,2023-04-10,여자,30 - 39세,대전광역시,국내온라인거래,기타가방,청약철회
2023019046,2023-04-10,여자,50 - 59세,서울특별시,일반판매,자동차대여(렌트),계약해제.해지/위약금
2023019047,2023-04-10,여자,40 - 49세,충청북도,일반판매,골프회원권,계약해제.해지/위약금
2023019048,2023-04-10,여자,30 - 39세,서울특별시,국내온라인거래,기타미분류서비스,부당행위
2023019049,2023-04-10,여자,70 - 79세,경기도,전화권유판매,유사투자자문,계약해제.해지/위약금
2023019050,2023-04-10,남자,30 - 39세,서울특별시,일반판매,화장대,계약불이행(불완전이행)
2023019051,2023-04-10,여자,50 - 59세,전라북도,국내온라인거래,항공여객운송서비스,계약불이행(불완전이행)
2023019052,2023-04-10,여자,50 - 59세,경기도,일반판매,기타사설강습서비스,계약해제.해지/위약금
2023019053,2023-04-10,여자,30 - 39세,광주광역시,국내온라인거래,항공여객운송서비스,청약철회
2023019054,2023-04-10,여자,65 - 69세,경기도,일반판매,이동전화서비스,계약해제.해지/위약금
2023019055,2023-04-10,남자,50 - 59세,인천광역시,국내온라인거래,기타건강식품,표시.광고
2023019056,2023-04-10,남자,불명,경기도,일반판매,양복(서양식 의복)세탁,품질(물품/용역)
2023019057,2023-04-10,여자,50 - 59세,경기도,일반판매,양복(서양식 의복)세탁,품질(물품/용역)
2023019059,2023-04-10,여자,40 - 49세,충청남도,소셜커머스(쇼핑),점퍼·재킷류,청약철회
2023019060,2023-04-10,남자,20 - 29세,서울특별시,일반판매,인터넷교육서비스,계약해제.해지/위약금
2023019061,2023-04-10,여자,40 - 49세,부산광역시,국내온라인거래,기타신발·용품,품질(물품/용역)
2023019062,2023-04-10,여자,40 - 49세,서울특별시,국내온라인거래,신유형상품권,약관
2023019063,2023-04-10,여자,20 - 29세,부산광역시,국내온라인거래,양복(서양식 의복)세탁,품질(물품/용역)
2023019064,2023-04-10,남자,50 - 59세,경기도,전화권유판매,유사투자자문,계약해제.해지/위약금
2023019065,2023-04-10,남자,50 - 59세,강원특별자치도,국내온라인거래,컴퓨터모니터(데스크탑),품질(물품/용역)
2023019066,2023-04-10,여자,30 - 39세,서울특별시,모바일거래,호텔,계약해제.해지/위약금
2023019067,2023-04-10,여자,40 - 49세,경기도,국내온라인거래,숙녀화(구두·부츠 등),청약철회
2023019069,2023-04-10,여자,40 - 49세,경기도,국내온라인거래,커피메이커,품질(물품/용역)
2023019070,2023-04-10,여자,40 - 49세,경기도,국내온라인거래,기타숙박시설,계약해제.해지/위약금
2023019071,2023-04-10,여자,불명,대전광역시,일반판매,점퍼·재킷류,품질(물품/용역)
2023019072,2023-04-10,여자,40 - 49세,경기도,일반판매,캐주얼바지,품질(물품/용역)
2023019073,2023-04-10,여자,50 - 59세,경기도,국내온라인거래,니트(스웨터),청약철회
2023019074,2023-04-10,여자,40 - 49세,경상남도,기타통신판매,인터넷정보이용서비스,계약해제.해지/위약금
2023019075,2023-04-10,여자,65 - 69세,경상북도,기타,기타병·의원서비스,품질(물품/용역)
2023019076,2023-04-10,남자,65 - 69세,대구광역시,기타,치과,품질(물품/용역)
2023019077,2023-04-10,남자,불명,서울특별시,일반판매,양복(서양식 의복)세탁,품질(물품/용역)
2023019078,2023-04-10,여자,60 - 64세,경기도,국내온라인거래,전기진공청소기,AS불만
2023019079,2023-04-10,여자,40 - 49세,대전광역시,전화권유판매,콘도회원권,계약해제.해지/위약금
2023019080,2023-04-10,여자,70 - 79세,대구광역시,기타통신판매,시계,계약불이행(불완전이행)
2023019081,2023-04-10,남자,20 - 29세,경상남도,일반판매,헬스장,계약해제.해지/위약금
2023019083,2023-04-10,여자,65 - 69세,전라북도,기타,기타숙박시설,품질(물품/용역)
2023019084,2023-04-10,남자,50 - 59세,인천광역시,일반판매,성형외과,품질(물품/용역)
2023019085,2023-04-10,남자,40 - 49세,부산광역시,일반판매,양복(서양식 의복)세탁,품질(물품/용역)
2023019086,2023-04-10,남자,50 - 59세,대구광역시,일반판매,건강(암·기타질병)보험,계약불이행(불완전이행)
2023019087,2023-04-10,남자,30 - 39세,서울특별시,방문판매,헬스장,계약해제.해지/위약금
2023019088,2023-04-10,남자,65 - 69세,부산광역시,국내온라인거래,전기장판,품질(물품/용역)
2023019089,2023-04-10,남자,70 - 79세,서울특별시,기타통신판매,기타미분류서비스,계약불이행(불완전이행)
2023019090,2023-04-10,남자,40 - 49세,서울특별시,일반판매,점퍼·재킷류,품질(물품/용역)
2023019091,2023-04-10,남자,65 - 69세,경기도,국내온라인거래,기타간편복,품질(물품/용역)
2023019093,2023-04-10,여자,20 - 29세,인천광역시,국내온라인거래,미분류컨설팅(자문),계약불이행(불완전이행)
2023019094,2023-04-10,여자,30 - 39세,서울특별시,일반판매,국내결혼중개,계약불이행(불완전이행)
2023019095,2023-04-10,여자,60 - 64세,경상북도,TV홈쇼핑,기타건강식품,가격.요금
2023019096,2023-04-10,남자,20 - 29세,광주광역시,일반판매,오토바이,가격.요금
2023019097,2023-04-10,남자,50 - 59세,서울특별시,일반판매,정수기대여(렌트),품질(물품/용역)
2023019098,2023-04-10,여자,30 - 39세,경기도,기타통신판매,기타스포츠·레저기구·용품,계약불이행(불완전이행)
2023019099,2023-04-10,여자,60 - 64세,경기도,일반판매,가발,계약불이행(불완전이행)
2023019100,2023-04-10,남자,20 - 29세,서울특별시,국내온라인거래,카메라부품·용품,표시.광고
2023019101,2023-04-10,여자,50 - 59세,대전광역시,일반판매,TV,품질(물품/용역)
2023019102,2023-04-10,여자,65 - 69세,광주광역시,일반판매,건강(암·기타질병)보험,약관
2023019103,2023-04-10,여자,50 - 59세,서울특별시,국내온라인거래,기타의료용구,청약철회
2023019104,2023-04-10,남자,60 - 64세,경기도,일반판매,실손보험,약관
2023019105,2023-04-10,여자,50 - 59세,인천광역시,국내온라인거래,항공여객운송서비스,계약해제.해지/위약금
2023019106,2023-04-10,여자,70 - 79세,인천광역시,전화권유판매,유사투자자문,계약해제.해지/위약금
2023019107,2023-04-10,여자,50 - 59세,대구광역시,일반판매,건강(암·기타질병)보험,약관
2023019108,2023-04-10,여자,20 - 29세,경상남도,방문판매,기타가스·급배수설비,청약철회
2023019109,2023-04-10,남자,20 - 29세,대전광역시,일반판매,헬스장,계약해제.해지/위약금
2023019110,2023-04-10,여자,65 - 69세,경기도,소셜커머스(쇼핑),TV,품질(물품/용역)
2023019111,2023-04-10,여자,50 - 59세,충청남도,일반판매,헬스장,계약해제.해지/위약금
2023019112,2023-04-10,남자,70 - 79세,서울특별시,일반판매,가스보일러,품질(물품/용역)
2023019113,2023-04-10,여자,40 - 49세,서울특별시,국내온라인거래,점퍼·재킷류,청약철회
2023019114,2023-04-10,남자,70 - 79세,충청북도,모바일거래,유사투자자문,청약철회
2023019115,2023-04-10,남자,60 - 64세,경기도,기타통신판매,성기능향상기기,계약불이행(불완전이행)
2023019116,2023-04-10,남자,60 - 64세,부산광역시,국내온라인거래,헬스장,계약해제.해지/위약금
2023019117,2023-04-10,여자,60 - 64세,경기도,일반판매,코트,품질(물품/용역)
2023019118,2023-04-10,남자,30 - 39세,경기도,일반판매,헬스장,계약불이행(불완전이행)
2023019119,2023-04-10,남자,20 - 29세,경기도,국내온라인거래,가구세트,계약불이행(불완전이행)
2023019120,2023-04-10,남자,30 - 39세,서울특별시,일반판매,예식서비스,계약해제.해지/위약금
2023019121,2023-04-10,여자,50 - 59세,부산광역시,일반판매,전기세탁기,품질(물품/용역)
2023019122,2023-04-10,여자,70 - 79세,서울특별시,일반판매,전기보온밥솥,품질(물품/용역)
2023019123,2023-04-10,여자,30 - 39세,충청남도,국내온라인거래,식기세척기,품질(물품/용역)
2023019124,2023-04-10,여자,20 - 29세,경기도,국내온라인거래,인터넷교육서비스,계약불이행(불완전이행)
2023019125,2023-04-10,남자,60 - 64세,서울특별시,일반판매,묘지설비,품질(물품/용역)
2023019126,2023-04-10,남자,30 - 39세,경기도,국내온라인거래,TV,품질(물품/용역)
2023019127,2023-04-10,남자,20 - 29세,전라북도,일반판매,헬스장,계약해제.해지/위약금
2023019128,2023-04-10,여자,30 - 39세,서울특별시,국내온라인거래,전기밥솥,거래관행
2023019129,2023-04-10,여자,30 - 39세,인천광역시,국내온라인거래,핸드백,청약철회
2023019130,2023-04-10,여자,40 - 49세,전라북도,기타,택배화물운송서비스,계약불이행(불완전이행)
2023019131,2023-04-10,남자,20 - 29세,충청북도,기타,퍼스널컴퓨터,품질(물품/용역)
2023019132,2023-04-10,남자,40 - 49세,인천광역시,일반판매,이동전화서비스,가격.요금
2023019133,2023-04-10,남자,30 - 39세,경기도,국내온라인거래,김치냉장고,품질(물품/용역)
2023019134,2023-04-10,남자,30 - 39세,부산광역시,국내온라인거래,프린터,품질(물품/용역)
2023019135,2023-04-10,남자,50 - 59세,경상북도,기타통신판매,기타농업용기계,부당행위
2023019136,2023-04-10,여자,40 - 49세,광주광역시,국내온라인거래,기타숙박시설,계약해제.해지/위약금
2023019137,2023-04-10,남자,40 - 49세,경기도,국제온라인거래,호텔,청약철회
2023019138,2023-04-10,남자,50 - 59세,서울특별시,국내온라인거래,소파,표시.광고
2023019139,2023-04-10,여자,40 - 49세,경기도,기타,각종자격취득강습,계약해제.해지/위약금
2023019140,2023-04-10,여자,40 - 49세,서울특별시,국내온라인거래,침대,품질(물품/용역)
2023019141,2023-04-10,남자,30 - 39세,인천광역시,국내온라인거래,옷장,품질(물품/용역)
2023019142,2023-04-10,남자,50 - 59세,전라남도,TV홈쇼핑,운동화,품질(물품/용역)
2023019143,2023-04-10,남자,40 - 49세,울산광역시,소셜커머스(쇼핑),전자담배,품질(물품/용역)
2023019144,2023-04-10,여자,40 - 49세,서울특별시,일반판매,필라테스,계약해제.해지/위약금
2023019145,2023-04-10,남자,30 - 39세,대구광역시,기타,싱크대,가격.요금
2023019146,2023-04-10,남자,20 - 29세,인천광역시,일반판매,필라테스,계약해제.해지/위약금
2023019147,2023-04-10,남자,20 - 29세,인천광역시,국내온라인거래,모바일게임서비스,청약철회
2023019148,2023-04-10,여자,30 - 39세,부산광역시,일반판매,기타이·미용서비스,품질(물품/용역)
2023019149,2023-04-10,남자,40 - 49세,인천광역시,기타,식기세척기,부당행위
2023019150,2023-04-10,여자,20 - 29세,서울특별시,기타,일반강습(입시학원등),계약해제.해지/위약금
2023019151,2023-04-10,남자,20 - 29세,대구광역시,국내온라인거래,기타음향기기,AS불만
2023019152,2023-04-10,여자,40 - 49세,경기도,일반판매,애완동물기타,청약철회
2023019153,2023-04-10,남자,20 - 29세,전라남도,전화권유판매,초고속인터넷,계약불이행(불완전이행)
2023019154,2023-04-10,남자,30 - 39세,서울특별시,일반판매,헬스장,계약해제.해지/위약금
2023019155,2023-04-10,남자,20 - 29세,경상북도,국내온라인거래,신유형상품권,부당행위
2023019156,2023-04-10,여자,50 - 59세,서울특별시,일반판매,포장이사운송서비스,품질(물품/용역)
2023019157,2023-04-10,남자,50 - 59세,경기도,일반판매,이동전화서비스,가격.요금
2023019158,2023-04-10,남자,30 - 39세,경기도,일반판매,국내결혼중개,계약해제.해지/위약금
2023019159,2023-04-10,여자,40 - 49세,경기도,전화권유판매,화장품세트,계약해제.해지/위약금
2023019160,2023-04-10,여자,20 - 29세,대구광역시,일반판매,헬스장,계약해제.해지/위약금
2023019161,2023-04-10,남자,50 - 59세,서울특별시,국내온라인거래,스마트폰,AS불만
2023019162,2023-04-10,남자,30 - 39세,경기도,국내온라인거래,노트북컴퓨터,품질(물품/용역)
2023019163,2023-04-10,여자,30 - 39세,경기도,TV홈쇼핑,인터넷교육서비스,계약불이행(불완전이행)
2023019164,2023-04-10,여자,20 - 29세,경상북도,일반판매,헬스장,계약해제.해지/위약금
2023019165,2023-04-10,여자,30 - 39세,경기도,일반판매,국내결혼중개,계약해제.해지/위약금
2023019166,2023-04-10,남자,50 - 59세,서울특별시,국내온라인거래,호텔,계약해제.해지/위약금
2023019167,2023-04-10,남자,20 - 29세,경기도,기타,스포츠시설이용,계약해제.해지/위약금
2023019168,2023-04-10,여자,30 - 39세,경기도,일반판매,기타사설강습서비스,계약해제.해지/위약금
2023019169,2023-04-10,남자,30 - 39세,서울특별시,일반판매,종합체육시설회원권,계약해제.해지/위약금
2023019170,2023-04-10,여자,30 - 39세,서울특별시,일반판매,필라테스,계약해제.해지/위약금
2023019171,2023-04-10,남자,50 - 59세,경기도,국내온라인거래,통신기기주변장치,품질(물품/용역)
2023019172,2023-04-10,남자,40 - 49세,인천광역시,기타통신판매,기타건강식품,청약철회
2023019173,2023-04-10,여자,20 - 29세,서울특별시,국내온라인거래,기타의류·섬유,청약철회
2023019174,2023-04-10,여자,20 - 29세,인천광역시,일반판매,기타의류·섬유,부당행위
2023019176,2023-04-10,남자,40 - 49세,서울특별시,전화권유판매,기타옥외장비·설비,계약해제.해지/위약금
2023019178,2023-04-10,남자,20 - 29세,경기도,국내온라인거래,모형완구,계약불이행(불완전이행)
2023019179,2023-04-10,남자,30 - 39세,경기도,국제온라인거래,애완동·식물용품,품질(물품/용역)
2023019180,2023-04-10,여자,20 - 29세,경기도,일반판매,필라테스,계약해제.해지/위약금
2023019181,2023-04-10,남자,20 - 29세,서울특별시,일반판매,의료용구대여(렌트),계약불이행(불완전이행)
2023019182,2023-04-10,여자,50 - 59세,경기도,기타통신판매,인터넷교육서비스,계약불이행(불완전이행)
2023019183,2023-04-10,여자,30 - 39세,서울특별시,기타,미용서비스,계약해제.해지/위약금
2023019184,2023-04-10,여자,50 - 59세,경기도,기타,골프회원권,가격.요금
2023019185,2023-04-10,여자,20 - 29세,인천광역시,모바일거래,헬스장,계약해제.해지/위약금
2023019186,2023-04-10,여자,60 - 64세,인천광역시,기타,미분류컨설팅(자문),계약불이행(불완전이행)
2023019187,2023-04-10,여자,40 - 49세,서울특별시,일반판매,종합체육시설회원권,계약해제.해지/위약금
2023019188,2023-04-10,여자,30 - 39세,대전광역시,일반판매,헬스장,계약해제.해지/위약금
2023019189,2023-04-10,남자,40 - 49세,대구광역시,일반판매,애완견,부당행위
2023019190,2023-04-10,여자,40 - 49세,서울특별시,기타통신판매,외식,품질(물품/용역)
2023019191,2023-04-10,여자,30 - 39세,부산광역시,모바일거래,지갑,청약철회
2023019192,2023-04-10,여자,20 - 29세,서울특별시,방문판매,헬스장,계약해제.해지/위약금
2023019193,2023-04-10,남자,30 - 39세,세종특별자치시,국내온라인거래,항공여객운송서비스,청약철회
2023019194,2023-04-10,남자,40 - 49세,경상북도,국내온라인거래,전기압력밥솥,품질(물품/용역)
2023019195,2023-04-10,남자,40 - 49세,강원특별자치도,국내온라인거래,하드디스크드라이버,가격.요금
2023019196,2023-04-10,여자,20 - 29세,광주광역시,일반판매,요가,계약해제.해지/위약금
2023019197,2023-04-10,남자,30 - 39세,경기도,국내온라인거래,욕실설비,표시.광고
2023019198,2023-04-10,여자,30 - 39세,부산광역시,일반판매,기타문화·오락시설이용,계약해제.해지/위약금
2023019199,2023-04-10,남자,60 - 64세,부산광역시,국내온라인거래,하드디스크드라이버,AS불만
2023019200,2023-04-10,남자,40 - 49세,제주도,일반판매,포장이사운송서비스,품질(물품/용역)
2023019201,2023-04-10,여자,40 - 49세,서울특별시,국내온라인거래,신유형상품권,약관
2023019202,2023-04-10,여자,30 - 39세,경기도,방문판매,필라테스,계약해제.해지/위약금
2023019203,2023-04-10,남자,50 - 59세,서울특별시,일반판매,스마트폰,AS불만
2023019204,2023-04-10,여자,30 - 39세,경기도,일반판매,미용서비스,계약해제.해지/위약금
2023019205,2023-04-10,여자,30 - 39세,서울특별시,방문판매,헬스장,계약해제.해지/위약금
2023019206,2023-04-10,남자,30 - 39세,인천광역시,기타,헬스장,계약해제.해지/위약금
2023019207,2023-04-10,남자,30 - 39세,경기도,국내온라인거래,항공여객운송서비스,계약불이행(불완전이행)
2023019208,2023-04-10,여자,30 - 39세,경기도,모바일거래,기타사설강습서비스,계약해제.해지/위약금
2023019209,2023-04-10,남자,70 - 79세,서울특별시,국내온라인거래,우유,부당행위
2023019210,2023-04-10,여자,30 - 39세,인천광역시,국내온라인거래,포장이사운송서비스,품질(물품/용역)
2023019211,2023-04-10,남자,50 - 59세,경기도,국내온라인거래,소파,청약철회
2023019212,2023-04-10,남자,60 - 64세,대구광역시,일반판매,TV,AS불만
2023019213,2023-04-10,남자,30 - 39세,경기도,국내온라인거래,기타회원권,계약불이행(불완전이행)
2023019214,2023-04-10,남자,50 - 59세,서울특별시,국내온라인거래,마이크,AS불만
2023019215,2023-04-10,남자,40 - 49세,경기도,국내온라인거래,CD·LD·DVD(영화·음악·게임),품질(물품/용역)
2023019216,2023-04-10,여자,40 - 49세,경기도,기타,기타교육서비스,계약불이행(불완전이행)
2023019217,2023-04-11,남자,50 - 59세,대전광역시,방문판매,유사투자자문,계약불이행(불완전이행)
2023019218,2023-04-11,남자,30 - 39세,대전광역시,전화권유판매,국내결혼중개,계약불이행(불완전이행)
2023019219,2023-04-11,남자,20 - 29세,인천광역시,일반판매,카셰어링,부당행위
2023019220,2023-04-11,여자,30 - 39세,경기도,일반판매,자동차주차장,부당행위
2023019221,2023-04-11,남자,40 - 49세,서울특별시,모바일거래,전동킥보드,계약불이행(불완전이행)
2023019222,2023-04-11,남자,65 - 69세,광주광역시,일반판매,실손보험,약관
2023019223,2023-04-11,남자,50 - 59세,경기도,일반판매,커피,품질(물품/용역)
2023019224,2023-04-11,남자,40 - 49세,부산광역시,일반판매,카오디오·스테레오,품질(물품/용역)
2023019225,2023-04-11,남자,30 - 39세,충청남도,기타통신판매,유사투자자문,계약해제.해지/위약금
2023019226,2023-04-11,여자,60 - 64세,광주광역시,기타,이동전화서비스,부당행위
2023019227,2023-04-11,여자,30 - 39세,경기도,일반판매,기타사설강습서비스,계약불이행(불완전이행)
2023019228,2023-04-11,남자,40 - 49세,서울특별시,국내온라인거래,기타자동차부품,계약불이행(불완전이행)
2023019229,2023-04-11,남자,30 - 39세,경기도,일반판매,전기자전거,안전(제품/시설)
2023019230,2023-04-11,여자,30 - 39세,서울특별시,일반판매,종합체육시설회원권,계약해제.해지/위약금
2023019232,2023-04-11,여자,30 - 39세,경기도,일반판매,자동차세차,계약불이행(불완전이행)
2023019233,2023-04-11,여자,30 - 39세,대구광역시,국내온라인거래,기타곡류·곡류가공식품,청약철회
2023019234,2023-04-11,여자,불명,서울특별시,국내온라인거래,감자,품질(물품/용역)
2023019235,2023-04-11,여자,40 - 49세,서울특별시,일반판매,가구세트,계약불이행(불완전이행)
2023019236,2023-04-11,여자,40 - 49세,경상남도,방문판매,실손보험,계약불이행(불완전이행)
2023019237,2023-04-11,여자,30 - 39세,서울특별시,국내온라인거래,기타의류·섬유,청약철회
2023019238,2023-04-11,남자,60 - 64세,경상북도,일반판매,상조서비스,부당행위
2023019239,2023-04-11,여자,40 - 49세,대구광역시,일반판매,침대,품질(물품/용역)
2023019240,2023-04-11,여자,20 - 29세,서울특별시,방문판매,실손보험,계약불이행(불완전이행)
2023019241,2023-04-11,여자,30 - 39세,서울특별시,일반판매,필라테스,계약해제.해지/위약금
2023019242,2023-04-11,여자,30 - 39세,서울특별시,기타,도배공사,품질(물품/용역)
2023019243,2023-04-11,여자,50 - 59세,경기도,일반판매,포장이사운송서비스,품질(물품/용역)
2023019244,2023-04-11,여자,50 - 59세,서울특별시,일반판매,자동차수리·점검,품질(물품/용역)
2023019245,2023-04-11,남자,60 - 64세,서울특별시,일반판매,기타의료용구,표시.광고
2023019246,2023-04-11,남자,20 - 29세,서울특별시,기타통신판매,블라인드,계약불이행(불완전이행)
2023019247,2023-04-11,남자,20 - 29세,제주도,일반판매,헬스장,계약불이행(불완전이행)
2023019248,2023-04-11,남자,30 - 39세,서울특별시,일반판매,자동차주차장,가격.요금
2023019249,2023-04-11,여자,30 - 39세,광주광역시,모바일거래,기타숙박시설,계약해제.해지/위약금
2023019250,2023-04-11,남자,60 - 64세,광주광역시,방문판매,레저·이벤트회원권,계약해제.해지/위약금
2023019251,2023-04-11,여자,65 - 69세,전라남도,일반판매,종신보험,약관
2023019252,2023-04-11,여자,60 - 64세,서울특별시,국내온라인거래,싱크대,계약불이행(불완전이행)
2023019253,2023-04-11,남자,40 - 49세,서울특별시,소셜커머스(쇼핑),신유형상품권,표시.광고
2023019254,2023-04-11,여자,30 - 39세,경기도,일반판매,외식,부당행위
2023019255,2023-04-11,여자,20 - 29세,경기도,일반판매,헬스장,계약해제.해지/위약금
2023019256,2023-04-11,여자,40 - 49세,서울특별시,국내온라인거래,기타가방,품질(물품/용역)
2023019257,2023-04-11,남자,20 - 29세,경기도,모바일거래,기타매체광고,계약해제.해지/위약금
2023019258,2023-04-11,여자,20 - 29세,광주광역시,일반판매,헬스장,계약해제.해지/위약금
2023019259,2023-04-11,남자,40 - 49세,대구광역시,일반판매,소형화물자동차,품질(물품/용역)
2023019260,2023-04-11,남자,70 - 79세,서울특별시,모바일거래,인터넷정보이용서비스,계약해제.해지/위약금
2023019262,2023-04-11,남자,40 - 49세,서울특별시,국내온라인거래,항공여객운송서비스,계약불이행(불완전이행)
2023019263,2023-04-11,여자,40 - 49세,경기도,일반판매,기타간편복,품질(물품/용역)
2023019264,2023-04-11,여자,40 - 49세,서울특별시,일반판매,종합체육시설회원권,계약해제.해지/위약금
2023019265,2023-04-11,여자,불명,서울특별시,일반판매,기타간편복,품질(물품/용역)
2023019266,2023-04-11,여자,30 - 39세,경기도,기타통신판매,토마토,품질(물품/용역)
2023019267,2023-04-11,여자,20 - 29세,충청북도,일반판매,기타모피·가죽의류,품질(물품/용역)
2023019268,2023-04-11,여자,50 - 59세,강원특별자치도,국내온라인거래,티셔츠,청약철회
2023019270,2023-04-11,남자,40 - 49세,서울특별시,일반판매,양복(서양식 의복)세탁,품질(물품/용역)
2023019271,2023-04-11,남자,65 - 69세,전라남도,TV홈쇼핑,타이어,품질(물품/용역)
2023019272,2023-04-11,남자,30 - 39세,경기도,일반판매,골프회원권,계약해제.해지/위약금
2023019273,2023-04-11,남자,30 - 39세,경기도,일반판매,점퍼·재킷류,품질(물품/용역)
2023019274,2023-04-11,여자,40 - 49세,서울특별시,일반판매,장의관련서비스,계약해제.해지/위약금
2023019275,2023-04-11,남자,40 - 49세,경기도,국내온라인거래,스포츠관람,계약해제.해지/위약금
2023019277,2023-04-11,여자,40 - 49세,충청남도,일반판매,학습지,계약해제.해지/위약금
2023019278,2023-04-11,남자,60 - 64세,경상남도,일반판매,점퍼·재킷류,품질(물품/용역)
2023019279,2023-04-11,여자,50 - 59세,서울특별시,소셜커머스(쇼핑),통신기기주변장치,품질(물품/용역)
2023019280,2023-04-11,남자,30 - 39세,대전광역시,일반판매,전기세탁기,AS불만
2023019281,2023-04-11,남자,60 - 64세,경기도,국내온라인거래,가습기,계약불이행(불완전이행)
2023019282,2023-04-11,여자,30 - 39세,서울특별시,일반판매,요가,계약불이행(불완전이행)
2023019283,2023-04-11,남자,40 - 49세,경기도,모바일거래,신유형상품권,청약철회
2023019284,2023-04-11,여자,50 - 59세,부산광역시,일반판매,기타모피·가죽의류,품질(물품/용역)
2023019285,2023-04-11,여자,30 - 39세,서울특별시,기타통신판매,전기세탁기,품질(물품/용역)
2023019286,2023-04-11,남자,65 - 69세,대전광역시,일반판매,차량용블랙박스,부당행위
2023019287,2023-04-11,여자,20 - 29세,인천광역시,모바일거래,운동화,계약불이행(불완전이행)
2023019288,2023-04-11,남자,50 - 59세,부산광역시,일반판매,대형승용자동차,계약불이행(불완전이행)
2023019289,2023-04-11,남자,40 - 49세,서울특별시,일반판매,양복(서양식 의복)세탁,품질(물품/용역)
2023019290,2023-04-11,남자,20 - 29세,해외 및 기타,국내온라인거래,대학·대학원,계약해제.해지/위약금
2023019291,2023-04-11,여자,50 - 59세,경기도,국내온라인거래,지갑,계약불이행(불완전이행)
2023019292,2023-04-11,남자,50 - 59세,대구광역시,기타,기타매체광고,계약해제.해지/위약금
2023019293,2023-04-11,여자,40 - 49세,경기도,일반판매,전기요,품질(물품/용역)
2023019294,2023-04-11,여자,20 - 29세,서울특별시,국내온라인거래,신유형상품권,부당행위
2023019295,2023-04-11,여자,30 - 39세,제주도,국내온라인거래,자동차대여(렌트),계약해제.해지/위약금
2023019296,2023-04-11,남자,60 - 64세,서울특별시,전화권유판매,인터넷정보이용서비스,표시.광고
2023019297,2023-04-11,여자,40 - 49세,경기도,일반판매,냉장고,품질(물품/용역)
2023019298,2023-04-11,여자,50 - 59세,경기도,일반판매,점퍼·재킷류,품질(물품/용역)
2023019299,2023-04-11,여자,30 - 39세,경기도,국내온라인거래,여자용내의류,청약철회
2023019300,2023-04-11,여자,50 - 59세,경기도,일반판매,점퍼·재킷류,품질(물품/용역)
2023019301,2023-04-11,여자,50 - 59세,경기도,일반판매,점퍼·재킷류,품질(물품/용역)
2023019302,2023-04-11,여자,30 - 39세,경기도,일반판매,신발세탁,계약불이행(불완전이행)
2023019303,2023-04-11,남자,30 - 39세,인천광역시,국내온라인거래,유사투자자문,계약해제.해지/위약금
2023019304,2023-04-11,남자,30 - 39세,세종특별자치시,모바일거래,건물청소서비스,계약불이행(불완전이행)
2023019305,2023-04-11,여자,30 - 39세,대전광역시,일반판매,필라테스,계약해제.해지/위약금
2023019306,2023-04-11,여자,50 - 59세,서울특별시,일반판매,스마트폰,AS불만
2023019307,2023-04-11,여자,30 - 39세,경기도,일반판매,종합체육시설회원권,계약해제.해지/위약금
2023019308,2023-04-11,남자,50 - 59세,충청북도,일반판매,냉장고,계약해제.해지/위약금
2023019309,2023-04-11,여자,50 - 59세,부산광역시,일반판매,양복(서양식 의복)세탁,품질(물품/용역)
2023019310,2023-04-11,여자,40 - 49세,세종특별자치시,일반판매,미용서비스,계약불이행(불완전이행)
2023019311,2023-04-11,남자,20 - 29세,충청남도,일반판매,헬스장,계약해제.해지/위약금
2023019312,2023-04-11,여자,50 - 59세,서울특별시,일반판매,응접테이블,계약불이행(불완전이행)
2023019313,2023-04-11,여자,40 - 49세,경기도,국내온라인거래,포장이사운송서비스,계약불이행(불완전이행)
2023019314,2023-04-11,여자,30 - 39세,충청북도,기타,초고속인터넷,계약불이행(불완전이행)
2023019315,2023-04-11,여자,40 - 49세,경기도,국내온라인거래,전기압력밥솥,품질(물품/용역)
2023019316,2023-04-11,여자,30 - 39세,서울특별시,일반판매,니트(스웨터),청약철회
2023019317,2023-04-11,여자,40 - 49세,경상북도,전화권유판매,다이어트식품,품질(물품/용역)
2023019318,2023-04-11,여자,40 - 49세,대구광역시,일반판매,애완고양이,계약해제.해지/위약금
2023019319,2023-04-11,남자,30 - 39세,부산광역시,일반판매,양복(서양식 의복)세탁,품질(물품/용역)
2023019320,2023-04-11,여자,40 - 49세,부산광역시,일반판매,양복(서양식 의복)세탁,품질(물품/용역)
2023019321,2023-04-11,여자,불명,부산광역시,일반판매,양복(서양식 의복)세탁,품질(물품/용역)
2023019323,2023-04-11,여자,30 - 39세,서울특별시,국내온라인거래,항공여객운송서비스,계약해제.해지/위약금
2023019324,2023-04-11,남자,30 - 39세,충청북도,소셜커머스(쇼핑),기타스포츠·레저기구·용품,계약불이행(불완전이행)
2023019326,2023-04-11,여자,50 - 59세,서울특별시,일반판매,정형외과,품질(물품/용역)
2023019327,2023-04-11,여자,70 - 79세,강원특별자치도,일반판매,신경외과,품질(물품/용역)
2023019328,2023-04-11,남자,20 - 29세,울산광역시,모바일거래,대학·대학원,계약해제.해지/위약금
2023019329,2023-04-11,여자,40 - 49세,경기도,국내온라인거래,항공여객운송서비스,계약해제.해지/위약금
2023019330,2023-04-11,여자,20 - 29세,충청북도,일반판매,외국어강습,계약해제.해지/위약금
2023019331,2023-04-11,남자,30 - 39세,경기도,국내온라인거래,스마트폰,청약철회
2023019332,2023-04-11,여자,40 - 49세,경기도,일반판매,양복(서양식 의복)세탁,품질(물품/용역)
2023019333,2023-04-11,여자,40 - 49세,인천광역시,전화권유판매,유사투자자문,계약해제.해지/위약금
2023019334,2023-04-11,여자,30 - 39세,강원특별자치도,일반판매,캐주얼바지,품질(물품/용역)
2023019335,2023-04-11,여자,50 - 59세,부산광역시,일반판매,코트,품질(물품/용역)
2023019336,2023-04-11,여자,20 - 29세,인천광역시,전화권유판매,상조서비스,계약해제.해지/위약금
2023019337,2023-04-11,여자,70 - 79세,부산광역시,일반판매,코트,품질(물품/용역)
2023019338,2023-04-11,남자,65 - 69세,경기도,전화권유판매,인터넷정보이용서비스,계약해제.해지/위약금
2023019339,2023-04-11,남자,30 - 39세,충청남도,일반판매,점퍼·재킷류,품질(물품/용역)
2023019340,2023-04-11,여자,50 - 59세,울산광역시,국내온라인거래,국외여행,청약철회
2023019341,2023-04-11,여자,20 - 29세,인천광역시,기타,기타건강식품,청약철회
2023019342,2023-04-11,남자,20 - 29세,경기도,국내온라인거래,전기진공청소기,품질(물품/용역)
2023019343,2023-04-11,남자,30 - 39세,서울특별시,국내온라인거래,퍼스널컴퓨터,부당행위
2023019344,2023-04-11,남자,30 - 39세,경상남도,국내온라인거래,커피,청약철회
2023019345,2023-04-11,여자,30 - 39세,세종특별자치시,국내온라인거래,기타가방,청약철회
2023019346,2023-04-11,여자,30 - 39세,경기도,소셜커머스(쇼핑),기타의류·섬유,청약철회
2023019347,2023-04-11,여자,40 - 49세,인천광역시,국제온라인거래,국외여행,부당행위
2023019349,2023-04-11,남자,30 - 39세,경기도,기타,건물청소서비스,품질(물품/용역)
2023019350,2023-04-11,남자,20 - 29세,서울특별시,일반판매,헬스장,계약해제.해지/위약금
2023019351,2023-04-11,남자,40 - 49세,서울특별시,국내온라인거래,항공여객운송서비스,계약해제.해지/위약금
2023019352,2023-04-11,여자,30 - 39세,경기도,일반판매,식탁,품질(물품/용역)
2023019353,2023-04-11,여자,30 - 39세,경기도,일반판매,포장이사운송서비스,계약불이행(불완전이행)
2023019354,2023-04-11,여자,20 - 29세,경기도,방문판매,요가,계약해제.해지/위약금
2023019355,2023-04-11,남자,30 - 39세,인천광역시,국내온라인거래,건물청소서비스,계약불이행(불완전이행)
2023019356,2023-04-11,남자,40 - 49세,경기도,소셜커머스(쇼핑),기타주방설비,AS불만
2023019357,2023-04-11,여자,30 - 39세,서울특별시,일반판매,매트,AS불만
2023019358,2023-04-11,남자,30 - 39세,경기도,국내온라인거래,기타숙박시설,품질(물품/용역)
2023019359,2023-04-11,남자,40 - 49세,서울특별시,소셜커머스(쇼핑),도배공사,품질(물품/용역)
2023019360,2023-04-11,여자,20 - 29세,인천광역시,일반판매,헬스장,계약해제.해지/위약금
2023019361,2023-04-11,여자,20 - 29세,대전광역시,기타,운명감정서비스,계약불이행(불완전이행)
2023019362,2023-04-11,남자,20 - 29세,경기도,소셜커머스(쇼핑),택배화물운송서비스,품질(물품/용역)
2023019363,2023-04-11,여자,40 - 49세,경기도,방문판매,필라테스,계약해제.해지/위약금
2023019364,2023-04-11,남자,50 - 59세,서울특별시,국내온라인거래,전자담배,품질(물품/용역)
2023019365,2023-04-11,여자,20 - 29세,충청남도,국내온라인거래,스커트,청약철회
2023019366,2023-04-11,여자,30 - 39세,경기도,일반판매,유치원,청약철회
2023019367,2023-04-11,여자,20 - 29세,부산광역시,일반판매,헬스장,계약해제.해지/위약금
2023019368,2023-04-11,남자,60 - 64세,서울특별시,방문판매,김치냉장고,AS불만
2023019369,2023-04-11,여자,30 - 39세,울산광역시,일반판매,헬스장,계약해제.해지/위약금
2023019370,2023-04-11,여자,30 - 39세,부산광역시,일반판매,필라테스,계약해제.해지/위약금
2023019371,2023-04-11,남자,20 - 29세,서울특별시,방문판매,헬스장,계약해제.해지/위약금
2023019372,2023-04-11,남자,20 - 29세,서울특별시,국내온라인거래,모자,품질(물품/용역)
2023019373,2023-04-11,남자,50 - 59세,경기도,국내온라인거래,전기장판,청약철회
2023019374,2023-04-11,여자,40 - 49세,서울특별시,국내온라인거래,포장이사운송서비스,품질(물품/용역)
2023019375,2023-04-11,여자,30 - 39세,충청남도,국내온라인거래,공예품,계약불이행(불완전이행)
2023019376,2023-04-11,여자,20 - 29세,충청남도,국내온라인거래,필라테스,계약해제.해지/위약금
2023019377,2023-04-11,여자,20 - 29세,대구광역시,일반판매,헬스장,계약해제.해지/위약금
2023019378,2023-04-11,남자,50 - 59세,경기도,국내온라인거래,기타숙박시설,청약철회
2023019379,2023-04-11,남자,50 - 59세,경기도,국내온라인거래,호텔,부당행위
2023019380,2023-04-11,남자,40 - 49세,서울특별시,일반판매,피부·체형관리서비스,계약해제.해지/위약금
2023019381,2023-04-11,여자,20 - 29세,서울특별시,국내온라인거래,점퍼·재킷류,청약철회
2023019382,2023-04-11,남자,50 - 59세,강원특별자치도,국내온라인거래,항공여객운송서비스,계약불이행(불완전이행)
2023019383,2023-04-11,남자,30 - 39세,서울특별시,국내온라인거래,세탁용합성세제,표시.광고
2023019384,2023-04-11,남자,40 - 49세,경기도,기타,포장이사운송서비스,품질(물품/용역)
2023019385,2023-04-11,남자,40 - 49세,부산광역시,모바일거래,모바일게임서비스,청약철회
2023019386,2023-04-11,여자,40 - 49세,대구광역시,기타,정수기,안전(제품/시설)
2023019387,2023-04-11,남자,20 - 29세,경상남도,국내온라인거래,CCTV,계약불이행(불완전이행)
2023019388,2023-04-11,남자,30 - 39세,서울특별시,국내온라인거래,TV,청약철회
2023019389,2023-04-11,여자,30 - 39세,서울특별시,기타통신판매,인터넷교육서비스,계약해제.해지/위약금
2023019390,2023-04-11,남자,50 - 59세,충청남도,일반판매,기타주방설비,부당행위
2023019391,2023-04-11,여자,50 - 59세,인천광역시,방문판매,헬스장,계약해제.해지/위약금
2023019392,2023-04-11,여자,50 - 59세,부산광역시,국내온라인거래,숙녀복세트,청약철회
2023019393,2023-04-11,남자,30 - 39세,경기도,국내온라인거래,기타빵·과자류,안전(제품/시설)
2023019394,2023-04-11,여자,30 - 39세,서울특별시,국내온라인거래,기타간편복,계약불이행(불완전이행)
2023019395,2023-04-11,남자,30 - 39세,서울특별시,일반판매,이동전화서비스,품질(물품/용역)
2023019396,2023-04-11,여자,50 - 59세,경기도,국내온라인거래,선글라스,품질(물품/용역)
2023019397,2023-04-11,여자,30 - 39세,경기도,일반판매,스마트폰,AS불만
2023019398,2023-04-11,남자,20 - 29세,서울특별시,일반판매,헬스장,계약해제.해지/위약금
2023019399,2023-04-11,남자,40 - 49세,인천광역시,기타,음식물처리기,AS불만
2023019400,2023-04-11,남자,40 - 49세,서울특별시,국내온라인거래,외식,계약해제.해지/위약금
2023019401,2023-04-11,여자,40 - 49세,경기도,국내온라인거래,항공여객운송서비스,계약해제.해지/위약금
2023019402,2023-04-11,남자,30 - 39세,대전광역시,국내온라인거래,핸드백,품질(물품/용역)
2023019403,2023-04-11,남자,40 - 49세,서울특별시,방문판매,헬스장,계약불이행(불완전이행)
2023019404,2023-04-11,여자,30 - 39세,경기도,국제온라인거래,호텔,계약해제.해지/위약금
2023019405,2023-04-11,여자,20 - 29세,전라북도,일반판매,스마트폰,AS불만
2023019406,2023-04-11,남자,20 - 29세,경기도,기타,기타일반화장품,품질(물품/용역)
2023019407,2023-04-11,여자,40 - 49세,서울특별시,국내온라인거래,헤드폰·이어폰,품질(물품/용역)
2023019408,2023-04-11,여자,20 - 29세,서울특별시,일반판매,스포츠시설이용,계약해제.해지/위약금
2023019409,2023-04-11,여자,40 - 49세,경기도,국내온라인거래,민박기타,청약철회
2023019410,2023-04-11,남자,30 - 39세,대구광역시,방문판매,기타인테리어설비,품질(물품/용역)
2023019411,2023-04-11,남자,65 - 69세,대구광역시,기타,기타숙박시설,안전(제품/시설)
2023019412,2023-04-11,남자,30 - 39세,서울특별시,일반판매,예식서비스,계약해제.해지/위약금
2023019413,2023-04-11,남자,30 - 39세,인천광역시,국내온라인거래,기타숙박시설,계약해제.해지/위약금
2023019414,2023-04-11,남자,40 - 49세,서울특별시,국내온라인거래,스키용품,품질(물품/용역)
2023019415,2023-04-11,남자,40 - 49세,서울특별시,국내온라인거래,신유형상품권,부당행위
2023019416,2023-04-11,여자,30 - 39세,서울특별시,일반판매,피부·체형관리서비스,계약해제.해지/위약금
2023019417,2023-04-11,남자,30 - 39세,경상남도,국내온라인거래,점퍼·재킷류,청약철회
2023019418,2023-04-11,여자,20 - 29세,광주광역시,일반판매,골프회원권,계약해제.해지/위약금
2023019419,2023-04-11,여자,30 - 39세,서울특별시,기타,외식,계약해제.해지/위약금
2023019420,2023-04-11,남자,불명,대구광역시,소셜커머스(쇼핑),스마트폰,계약불이행(불완전이행)
2023019421,2023-04-11,남자,40 - 49세,서울특별시,국내온라인거래,기타가방,청약철회
2023019422,2023-04-11,여자,40 - 49세,서울특별시,일반판매,헬스장,계약해제.해지/위약금
2023019423,2023-04-11,남자,30 - 39세,울산광역시,국내온라인거래,항공여객운송서비스,품질(물품/용역)
2023019424,2023-04-11,남자,30 - 39세,경기도,소셜커머스(쇼핑),컴퓨터모니터(데스크탑),품질(물품/용역)
2023019425,2023-04-11,여자,20 - 29세,경상남도,일반판매,요가,계약해제.해지/위약금
2023019426,2023-04-11,여자,20 - 29세,경기도,일반판매,헬스장,계약해제.해지/위약금
2023019427,2023-04-11,여자,20 - 29세,인천광역시,일반판매,헬스장,계약해제.해지/위약금
2023019428,2023-04-11,여자,20 - 29세,대전광역시,일반판매,헬스장,계약해제.해지/위약금
2023019429,2023-04-11,남자,50 - 59세,인천광역시,전화권유판매,인터넷교육서비스,계약해제.해지/위약금
2023019430,2023-04-11,여자,20 - 29세,대구광역시,일반판매,액정보호필름,계약해제.해지/위약금
2023019431,2023-04-11,남자,30 - 39세,경기도,국내온라인거래,항공여객운송서비스,계약해제.해지/위약금
2023019432,2023-04-11,남자,20 - 29세,광주광역시,국내온라인거래,골프용품,청약철회
2023019433,2023-04-11,여자,20 - 29세,경상남도,소셜커머스(쇼핑),캐주얼바지,계약해제.해지/위약금
2023019434,2023-04-11,여자,40 - 49세,대구광역시,일반판매,외식,품질(물품/용역)
2023019435,2023-04-11,여자,40 - 49세,경상북도,국내온라인거래,전기포트,품질(물품/용역)
2023019436,2023-04-11,여자,40 - 49세,충청남도,국내온라인거래,기타가방,계약불이행(불완전이행)
2023019437,2023-04-11,여자,30 - 39세,경기도,기타,기타이·미용서비스,계약불이행(불완전이행)
2023019438,2023-04-11,여자,40 - 49세,대전광역시,국내온라인거래,요구르트,표시.광고
2023019439,2023-04-12,남자,50 - 59세,경기도,소셜커머스(쇼핑),컵,품질(물품/용역)
2023019440,2023-04-12,남자,30 - 39세,대구광역시,일반판매,음식물처리기,품질(물품/용역)
2023019441,2023-04-12,여자,40 - 49세,경기도,국내온라인거래,운동화,품질(물품/용역)
2023019442,2023-04-12,여자,40 - 49세,울산광역시,국내온라인거래,아동화,품질(물품/용역)
2023019443,2023-04-12,여자,30 - 39세,경기도,일반판매,숙녀화(구두·부츠 등),품질(물품/용역)
2023019444,2023-04-12,여자,20 - 29세,경기도,일반판매,신발세탁,계약불이행(불완전이행)
2023019445,2023-04-12,여자,20 - 29세,경기도,국내온라인거래,신발세탁,계약불이행(불완전이행)
2023019446,2023-04-12,여자,20 - 29세,경기도,일반판매,신발세탁,계약불이행(불완전이행)
2023019447,2023-04-12,여자,50 - 59세,경기도,일반판매,운동화,품질(물품/용역)
2023019448,2023-04-12,남자,40 - 49세,서울특별시,국내온라인거래,운동화,품질(물품/용역)
2023019449,2023-04-12,여자,30 - 39세,경기도,일반판매,비데,품질(물품/용역)
2023019450,2023-04-12,남자,50 - 59세,서울특별시,일반판매,자동차대여(렌트),부당행위
2023019451,2023-04-12,남자,30 - 39세,서울특별시,일반판매,게,청약철회
2023019452,2023-04-12,여자,40 - 49세,서울특별시,일반판매,운동화,품질(물품/용역)
2023019453,2023-04-12,남자,65 - 69세,서울특별시,일반판매,운동화,품질(물품/용역)
2023019454,2023-04-12,남자,60 - 64세,부산광역시,국내온라인거래,신사화(구두·부츠 등),품질(물품/용역)
2023019455,2023-04-12,남자,20 - 29세,전라남도,국내온라인거래,운동화,품질(물품/용역)
2023019456,2023-04-12,남자,40 - 49세,충청북도,일반판매,신발세탁,품질(물품/용역)
2023019457,2023-04-12,여자,40 - 49세,서울특별시,일반판매,미용서비스,계약불이행(불완전이행)
2023019458,2023-04-12,여자,30 - 39세,경기도,일반판매,샌들·슬리퍼,품질(물품/용역)
2023019459,2023-04-12,여자,40 - 49세,부산광역시,일반판매,전지,품질(물품/용역)
2023019460,2023-04-12,남자,70 - 79세,서울특별시,일반판매,운동화,품질(물품/용역)
2023019461,2023-04-12,남자,40 - 49세,경상남도,국내온라인거래,운동화,품질(물품/용역)
2023019462,2023-04-12,남자,65 - 69세,경기도,일반판매,운동화,품질(물품/용역)
2023019463,2023-04-12,여자,20 - 29세,경기도,국내온라인거래,운동화,품질(물품/용역)
2023019464,2023-04-12,남자,30 - 39세,세종특별자치시,국내온라인거래,기타자동차용품,품질(물품/용역)
2023019465,2023-04-12,여자,30 - 39세,서울특별시,기타통신판매,포장이사운송서비스,품질(물품/용역)
2023019466,2023-04-12,남자,60 - 64세,전라남도,전화권유판매,모바일정보이용서비스,계약불이행(불완전이행)
2023019467,2023-04-12,여자,40 - 49세,전라북도,모바일거래,기타의류·섬유,청약철회
2023019468,2023-04-12,남자,40 - 49세,서울특별시,기타통신판매,호텔,계약해제.해지/위약금
2023019469,2023-04-12,여자,40 - 49세,서울특별시,소셜커머스(쇼핑),기타서적음반류,계약불이행(불완전이행)
2023019470,2023-04-12,여자,65 - 69세,경기도,일반판매,가스보일러,품질(물품/용역)
2023019471,2023-04-12,여자,30 - 39세,서울특별시,국내온라인거래,숙녀화(구두·부츠 등),품질(물품/용역)
2023019473,2023-04-12,남자,30 - 39세,서울특별시,일반판매,택배화물운송서비스,계약불이행(불완전이행)
2023019474,2023-04-12,남자,30 - 39세,충청남도,국내온라인거래,애완식물(화분·분재),청약철회
2023019475,2023-04-12,여자,50 - 59세,경기도,일반판매,기타사설강습서비스,계약해제.해지/위약금
2023019476,2023-04-12,남자,30 - 39세,서울특별시,기타통신판매,모바일정보이용서비스,품질(물품/용역)
2023019477,2023-04-12,여자,20 - 29세,서울특별시,일반판매,미용서비스,계약해제.해지/위약금
2023019478,2023-04-12,여자,30 - 39세,서울특별시,일반판매,피부과,계약해제.해지/위약금
2023019479,2023-04-12,여자,70 - 79세,대전광역시,일반판매,점퍼·재킷류,품질(물품/용역)
2023019480,2023-04-12,남자,20 - 29세,대구광역시,일반판매,피부과,계약해제.해지/위약금
2023019481,2023-04-12,남자,50 - 59세,서울특별시,기타,상품권,약관
2023019482,2023-04-12,여자,30 - 39세,전라북도,국내온라인거래,기타가방,품질(물품/용역)
2023019483,2023-04-12,여자,50 - 59세,경상북도,일반판매,기타옥외장비·설비,품질(물품/용역)
2023019484,2023-04-12,남자,20 - 29세,경기도,일반판매,헬스장,계약해제.해지/위약금
2023019485,2023-04-12,남자,50 - 59세,제주도,일반판매,운동화,품질(물품/용역)
2023019486,2023-04-12,남자,40 - 49세,대구광역시,일반판매,종합체육시설회원권,계약해제.해지/위약금
2023019487,2023-04-12,남자,60 - 64세,서울특별시,전화권유판매,인터넷정보이용서비스,계약해제.해지/위약금
2023019488,2023-04-12,여자,30 - 39세,경기도,일반판매,양복(서양식 의복)세탁,품질(물품/용역)
2023019489,2023-04-12,여자,40 - 49세,경기도,일반판매,헬스장,계약해제.해지/위약금
2023019490,2023-04-12,여자,40 - 49세,울산광역시,일반판매,공제보험,계약불이행(불완전이행)
2023019491,2023-04-12,여자,20 - 29세,경기도,일반판매,실손보험,약관
2023019492,2023-04-12,여자,50 - 59세,강원특별자치도,기타,모바일정보이용서비스,계약해제.해지/위약금
2023019493,2023-04-12,여자,40 - 49세,서울특별시,일반판매,미용서비스,계약불이행(불완전이행)
2023019494,2023-04-12,남자,20 - 29세,경기도,일반판매,애완견,계약해제.해지/위약금
2023019495,2023-04-12,여자,50 - 59세,인천광역시,일반판매,기타세탁서비스,계약불이행(불완전이행)
2023019496,2023-04-12,여자,불명,경기도,일반판매,기타모피·가죽의류,품질(물품/용역)
2023019497,2023-04-12,남자,20 - 29세,서울특별시,모바일거래,여관(모텔),청약철회
2023019498,2023-04-12,여자,50 - 59세,경상남도,일반판매,양복(서양식 의복)세탁,계약불이행(불완전이행)
2023019499,2023-04-12,남자,30 - 39세,서울특별시,국내온라인거래,기타숙박시설,계약해제.해지/위약금
2023019500,2023-04-12,여자,30 - 39세,서울특별시,국내온라인거래,기타의류·섬유,약관
2023019502,2023-04-12,남자,60 - 64세,경기도,일반판매,아파트,계약해제.해지/위약금
2023019503,2023-04-12,여자,50 - 59세,인천광역시,TV홈쇼핑,국내여행,계약불이행(불완전이행)
2023019504,2023-04-12,여자,30 - 39세,서울특별시,국내온라인거래,여자용내의류,품질(물품/용역)
2023019505,2023-04-12,여자,30 - 39세,경상북도,일반판매,양복(서양식 의복)세탁,품질(물품/용역)
2023019506,2023-04-12,여자,30 - 39세,부산광역시,소셜커머스(쇼핑),전기자전거,품질(물품/용역)
2023019507,2023-04-12,여자,40 - 49세,서울특별시,국내온라인거래,기타신발·용품,계약불이행(불완전이행)
2023019508,2023-04-12,남자,30 - 39세,경기도,국내온라인거래,신유형상품권,부당행위
2023019509,2023-04-12,여자,50 - 59세,경기도,기타통신판매,인터넷교육서비스,계약해제.해지/위약금
2023019510,2023-04-12,여자,40 - 49세,경기도,일반판매,티셔츠,품질(물품/용역)
2023019511,2023-04-12,남자,50 - 59세,서울특별시,일반판매,노트북컴퓨터,AS불만
2023019512,2023-04-12,남자,30 - 39세,경기도,모바일거래,기타세탁서비스,품질(물품/용역)
2023019513,2023-04-12,여자,40 - 49세,서울특별시,국내온라인거래,모자,청약철회
2023019514,2023-04-12,여자,50 - 59세,울산광역시,기타,치과,품질(물품/용역)
2023019515,2023-04-12,여자,30 - 39세,충청북도,국내온라인거래,항공여객운송서비스,계약해제.해지/위약금
2023019516,2023-04-12,여자,50 - 59세,경기도,일반판매,미용서비스,품질(물품/용역)
2023019517,2023-04-12,여자,50 - 59세,서울특별시,일반판매,운동화,품질(물품/용역)
2023019518,2023-04-12,남자,20 - 29세,서울특별시,일반판매,운동화,품질(물품/용역)
2023019519,2023-04-12,남자,40 - 49세,서울특별시,일반판매,아동화,품질(물품/용역)
2023019520,2023-04-12,여자,50 - 59세,세종특별자치시,일반판매,생활패션화(슬립온·아쿠아슈즈·장화·작업화 등),품질(물품/용역)
2023019521,2023-04-12,여자,60 - 64세,울산광역시,국내온라인거래,점퍼·재킷류,품질(물품/용역)
2023019522,2023-04-12,여자,40 - 49세,경기도,국내온라인거래,운동화,품질(물품/용역)
2023019523,2023-04-12,남자,65 - 69세,서울특별시,일반판매,스마트폰,AS불만
2023019524,2023-04-12,여자,50 - 59세,서울특별시,일반판매,치과,품질(물품/용역)
2023019525,2023-04-12,여자,40 - 49세,경기도,국내온라인거래,초고속인터넷,계약해제.해지/위약금
2023019526,2023-04-12,남자,65 - 69세,대전광역시,일반판매,점퍼·재킷류,청약철회
2023019528,2023-04-12,남자,40 - 49세,서울특별시,일반판매,골프회원권,계약불이행(불완전이행)
2023019529,2023-04-12,남자,50 - 59세,대전광역시,일반판매,시계,AS불만
2023019530,2023-04-12,남자,20 - 29세,서울특별시,국내온라인거래,통신기기케이스,품질(물품/용역)
2023019531,2023-04-12,남자,80세이상,서울특별시,일반판매,보청기,계약해제.해지/위약금
2023019532,2023-04-12,남자,30 - 39세,경기도,일반판매,양복(서양식 의복)세탁,품질(물품/용역)
2023019533,2023-04-12,여자,40 - 49세,서울특별시,기타,동물병원,계약불이행(불완전이행)
2023019534,2023-04-12,여자,65 - 69세,서울특별시,TV홈쇼핑,미분류대여(렌트),계약해제.해지/위약금
2023019535,2023-04-12,여자,50 - 59세,서울특별시,TV홈쇼핑,정수기대여(렌트),계약불이행(불완전이행)
2023019536,2023-04-12,여자,40 - 49세,경기도,기타,전기온수장판,품질(물품/용역)
2023019537,2023-04-12,남자,30 - 39세,경기도,기타,가구세트,계약해제.해지/위약금
2023019538,2023-04-12,남자,50 - 59세,서울특별시,일반판매,사진촬영,계약해제.해지/위약금
2023019539,2023-04-12,여자,20 - 29세,충청남도,일반판매,건물청소서비스,계약불이행(불완전이행)
2023019540,2023-04-12,여자,40 - 49세,서울특별시,국내온라인거래,호텔,청약철회
2023019541,2023-04-12,여자,40 - 49세,인천광역시,TV홈쇼핑,음식물처리기대여(렌트),품질(물품/용역)
2023019542,2023-04-12,남자,30 - 39세,인천광역시,국내온라인거래,항공여객운송서비스,계약해제.해지/위약금
2023019543,2023-04-12,여자,50 - 59세,경기도,국내온라인거래,전기다리미,품질(물품/용역)
2023019544,2023-04-12,남자,40 - 49세,울산광역시,일반판매,신용카드조회기,계약해제.해지/위약금
2023019545,2023-04-12,여자,40 - 49세,경기도,전화권유판매,모바일정보이용서비스,계약해제.해지/위약금
2023019546,2023-04-12,남자,30 - 39세,서울특별시,일반판매,컴퓨터수리,품질(물품/용역)
2023019547,2023-04-12,여자,40 - 49세,경기도,국내온라인거래,항공여객운송서비스,청약철회
2023019548,2023-04-12,여자,20 - 29세,인천광역시,일반판매,헬스장,계약해제.해지/위약금
2023019549,2023-04-12,남자,50 - 59세,경상남도,기타,기타미분류서비스,품질(물품/용역)
2023019550,2023-04-12,남자,30 - 39세,서울특별시,방문판매,헬스장,계약해제.해지/위약금
2023019551,2023-04-12,여자,30 - 39세,부산광역시,일반판매,기타사설강습서비스,계약해제.해지/위약금
2023019552,2023-04-12,여자,20 - 29세,부산광역시,국내온라인거래,니트(스웨터),청약철회
2023019553,2023-04-12,남자,30 - 39세,서울특별시,일반판매,헬스장,계약해제.해지/위약금
2023019554,2023-04-12,여자,30 - 39세,서울특별시,기타,예식서비스,계약해제.해지/위약금
2023019555,2023-04-12,남자,40 - 49세,경기도,국내온라인거래,이동전화서비스,가격.요금
2023019557,2023-04-12,남자,30 - 39세,서울특별시,국내온라인거래,헤드폰·이어폰,청약철회
2023019558,2023-04-12,남자,40 - 49세,충청남도,기타,외식,안전(제품/시설)
2023019559,2023-04-12,여자,20 - 29세,충청북도,국내온라인거래,항공여객운송서비스,계약해제.해지/위약금
2023019560,2023-04-12,남자,40 - 49세,서울특별시,일반판매,변호서비스,계약해제.해지/위약금
2023019561,2023-04-12,여자,40 - 49세,서울특별시,기타통신판매,정수기대여(렌트),계약불이행(불완전이행)
2023019562,2023-04-12,여자,30 - 39세,서울특별시,전화권유판매,인터넷교육서비스,계약해제.해지/위약금
2023019563,2023-04-12,남자,30 - 39세,경기도,일반판매,헬스장,계약해제.해지/위약금
2023019564,2023-04-12,여자,30 - 39세,서울특별시,일반판매,다이어트식품,청약철회
2023019565,2023-04-12,여자,30 - 39세,서울특별시,일반판매,일반이사운송서비스,계약불이행(불완전이행)
2023019566,2023-04-12,여자,40 - 49세,부산광역시,국내온라인거래,국외여행,계약해제.해지/위약금
2023019567,2023-04-12,여자,20 - 29세,경기도,국내온라인거래,기타신발·용품,청약철회
2023019568,2023-04-12,여자,30 - 39세,서울특별시,방문판매,인터넷교육서비스,계약해제.해지/위약금
2023019569,2023-04-12,남자,20 - 29세,서울특별시,국내온라인거래,기타육류·육류가공식품,품질(물품/용역)
2023019570,2023-04-12,여자,30 - 39세,강원특별자치도,모바일거래,모바일정보이용서비스,계약해제.해지/위약금
2023019571,2023-04-12,여자,30 - 39세,경기도,일반판매,이동전화서비스,계약해제.해지/위약금
2023019572,2023-04-12,여자,40 - 49세,세종특별자치시,국제온라인거래,기타숙박시설,계약해제.해지/위약금
2023019573,2023-04-12,남자,40 - 49세,경기도,일반판매,이동전화서비스,부당행위
2023019574,2023-04-12,남자,40 - 49세,충청남도,전화권유판매,이동전화서비스,계약불이행(불완전이행)
2023019575,2023-04-12,남자,50 - 59세,부산광역시,국내온라인거래,의자,표시.광고
2023019576,2023-04-12,남자,30 - 39세,서울특별시,국내온라인거래,노트북컴퓨터,청약철회
2023019577,2023-04-12,여자,30 - 39세,경기도,일반판매,이동전화서비스,계약불이행(불완전이행)
2023019578,2023-04-12,여자,30 - 39세,경기도,일반판매,피부·체형관리서비스,계약해제.해지/위약금
2023019579,2023-04-12,남자,20 - 29세,서울특별시,기타통신판매,인터넷교육서비스,청약철회
2023019580,2023-04-12,남자,40 - 49세,경기도,국내온라인거래,쇠고기,청약철회
2023019581,2023-04-12,여자,30 - 39세,경상남도,일반판매,마사지류,계약불이행(불완전이행)
2023019582,2023-04-12,남자,20 - 29세,울산광역시,국내온라인거래,기타스포츠·레저기구·용품,청약철회
2023019583,2023-04-12,여자,불명,경기도,국내온라인거래,미용서비스,계약해제.해지/위약금
2023019584,2023-04-12,여자,40 - 49세,인천광역시,일반판매,기타인테리어설비,계약해제.해지/위약금
2023019585,2023-04-12,남자,50 - 59세,부산광역시,기타통신판매,이동전화서비스,계약불이행(불완전이행)
2023019586,2023-04-12,여자,30 - 39세,서울특별시,일반판매,호텔,계약해제.해지/위약금
2023019587,2023-04-12,여자,30 - 39세,인천광역시,국내온라인거래,화장실설비,계약불이행(불완전이행)
2023019589,2023-04-12,남자,60 - 64세,전라북도,모바일거래,이동전화서비스,부당행위
2023019590,2023-04-12,남자,20 - 29세,강원특별자치도,국내온라인거래,기타숙박시설,법.제도
2023019591,2023-04-12,남자,30 - 39세,대구광역시,일반판매,호텔,계약해제.해지/위약금
2023019592,2023-04-12,여자,50 - 59세,부산광역시,일반판매,헬스장,계약해제.해지/위약금
2023019593,2023-04-12,여자,30 - 39세,서울특별시,방문판매,욕실설비,계약불이행(불완전이행)
2023019594,2023-04-12,여자,40 - 49세,경상남도,기타,요가,계약해제.해지/위약금
2023019595,2023-04-12,여자,50 - 59세,경기도,모바일거래,전기압력밥솥,계약해제.해지/위약금
2023019596,2023-04-12,여자,20 - 29세,서울특별시,전화권유판매,외국어강습,계약해제.해지/위약금
2023019597,2023-04-12,여자,20 - 29세,광주광역시,기타통신판매,이동전화서비스,부당채권추심
2023019598,2023-04-12,남자,30 - 39세,경기도,일반판매,헬스장,계약해제.해지/위약금
2023019599,2023-04-12,여자,20 - 29세,충청남도,방문판매,학습지,계약해제.해지/위약금
2023019600,2023-04-12,여자,20 - 29세,서울특별시,일반판매,골프회원권,계약해제.해지/위약금
2023019601,2023-04-12,여자,30 - 39세,경기도,방문판매,필라테스,계약해제.해지/위약금
2023019602,2023-04-12,남자,40 - 49세,서울특별시,국내온라인거래,기타컴퓨터·주변기기,계약불이행(불완전이행)
2023019603,2023-04-12,여자,20 - 29세,인천광역시,일반판매,기타정보이용서비스,계약해제.해지/위약금
2023019604,2023-04-12,여자,30 - 39세,서울특별시,일반판매,헬스장,계약해제.해지/위약금
2023019605,2023-04-12,여자,30 - 39세,경기도,일반판매,여자용내의류,품질(물품/용역)
2023019606,2023-04-12,여자,30 - 39세,충청남도,방문판매,다이어트식품,계약해제.해지/위약금
2023019607,2023-04-12,여자,50 - 59세,서울특별시,일반판매,이동전화서비스,계약불이행(불완전이행)
2023019608,2023-04-12,여자,50 - 59세,경기도,국내온라인거래,가스보일러,부당행위
2023019609,2023-04-12,남자,40 - 49세,서울특별시,국내온라인거래,운동화,청약철회
2023019610,2023-04-12,남자,50 - 59세,경기도,국내온라인거래,스마트폰,AS불만
2023019611,2023-04-12,남자,40 - 49세,경기도,일반판매,기타문화·오락시설이용,계약해제.해지/위약금
2023019612,2023-04-12,여자,40 - 49세,제주도,국내온라인거래,기타식품류,청약철회
2023019613,2023-04-12,남자,30 - 39세,경기도,일반판매,기타매체광고,계약해제.해지/위약금
2023019614,2023-04-12,남자,30 - 39세,경기도,일반판매,헬스장,계약해제.해지/위약금
2023019615,2023-04-12,남자,40 - 49세,경기도,국내온라인거래,기타숙박시설,계약불이행(불완전이행)
2023019616,2023-04-12,여자,30 - 39세,서울특별시,기타통신판매,미분류컨설팅(자문),계약해제.해지/위약금
2023019617,2023-04-12,남자,65 - 69세,인천광역시,전화권유판매,인터넷정보이용서비스,청약철회
2023019618,2023-04-12,여자,30 - 39세,전라남도,방문판매,기타방문·통신교육서비스,계약해제.해지/위약금
2023019619,2023-04-12,남자,40 - 49세,경기도,일반판매,컵,품질(물품/용역)
2023019620,2023-04-12,여자,30 - 39세,경기도,일반판매,피부·체형관리서비스,계약해제.해지/위약금
2023019621,2023-04-12,여자,20 - 29세,부산광역시,일반판매,헬스장,계약해제.해지/위약금
2023019622,2023-04-12,여자,40 - 49세,경기도,일반판매,골프회원권,계약해제.해지/위약금
2023019623,2023-04-12,남자,40 - 49세,경기도,국내온라인거래,기타건강식품,품질(물품/용역)
2023019624,2023-04-12,여자,40 - 49세,경기도,국내온라인거래,기타의자류,품질(물품/용역)
2023019625,2023-04-12,여자,40 - 49세,충청남도,방문판매,학습지,계약해제.해지/위약금
2023019626,2023-04-12,남자,50 - 59세,경기도,기타,기타사설강습서비스,계약해제.해지/위약금
2023019627,2023-04-12,여자,40 - 49세,경기도,국내온라인거래,기타신발·용품,계약불이행(불완전이행)
2023019628,2023-04-12,남자,30 - 39세,대전광역시,일반판매,신발세탁,품질(물품/용역)
2023019629,2023-04-12,남자,40 - 49세,부산광역시,국내온라인거래,블라우스,계약해제.해지/위약금
2023019630,2023-04-12,남자,40 - 49세,인천광역시,일반판매,기타식품류,품질(물품/용역)
2023019631,2023-04-12,여자,40 - 49세,전라남도,일반판매,침대,안전(제품/시설)
2023019632,2023-04-12,남자,20 - 29세,경상남도,국내온라인거래,인터넷교육서비스,계약해제.해지/위약금
2023019633,2023-04-12,남자,40 - 49세,경상북도,일반판매,기타이동통신,계약해제.해지/위약금
2023019634,2023-04-12,여자,30 - 39세,서울특별시,국내온라인거래,각종공연관람,계약불이행(불완전이행)
2023019635,2023-04-13,남자,(미입력),서울특별시,일반판매,외피용약,안전(제품/시설)
2023019636,2023-04-13,여자,(미입력),서울특별시,국내온라인거래,캐주얼바지,품질(물품/용역)
2023019637,2023-04-13,남자,50 - 59세,경기도,기타통신판매,전기자전거,품질(물품/용역)
2023019638,2023-04-13,여자,60 - 64세,경기도,국내온라인거래,국외여행,계약불이행(불완전이행)
2023019639,2023-04-13,여자,50 - 59세,서울특별시,일반판매,운동화,품질(물품/용역)
2023019640,2023-04-13,남자,30 - 39세,부산광역시,국내온라인거래,기타스포츠·레저기구·용품,청약철회
2023019641,2023-04-13,남자,50 - 59세,경기도,국내온라인거래,컵,품질(물품/용역)
2023019642,2023-04-13,남자,20 - 29세,경기도,일반판매,카셰어링,부당행위
2023019643,2023-04-13,여자,30 - 39세,경기도,일반판매,카셰어링,이자.수수료
2023019644,2023-04-13,남자,40 - 49세,경기도,일반판매,전기자전거,계약해제.해지/위약금
2023019645,2023-04-13,남자,40 - 49세,경기도,국내온라인거래,축전지,AS불만
2023019646,2023-04-13,여자,20 - 29세,경기도,일반판매,헬스장,계약해제.해지/위약금
2023019647,2023-04-13,남자,30 - 39세,경기도,일반판매,중고자동차중개·매매,계약불이행(불완전이행)
2023019648,2023-04-13,남자,30 - 39세,경기도,일반판매,대형승용자동차,품질(물품/용역)
2023019649,2023-04-13,남자,50 - 59세,서울특별시,일반판매,면도기,품질(물품/용역)
2023019650,2023-04-13,남자,40 - 49세,서울특별시,국제온라인거래,기타자동차용품,품질(물품/용역)
2023019651,2023-04-13,여자,40 - 49세,서울특별시,방문판매,필라테스,계약해제.해지/위약금
2023019652,2023-04-13,여자,50 - 59세,서울특별시,국내온라인거래,TV대,청약철회
2023019653,2023-04-13,남자,70 - 79세,전라북도,일반판매,차량네비게이션(자동항법장치),계약해제.해지/위약금
2023019654,2023-04-13,남자,20 - 29세,부산광역시,일반판매,인터넷교육서비스,계약해제.해지/위약금
2023019655,2023-04-13,여자,40 - 49세,서울특별시,국내온라인거래,티셔츠,품질(물품/용역)
2023019656,2023-04-13,여자,30 - 39세,서울특별시,일반판매,일반강습(입시학원등),계약불이행(불완전이행)
2023019657,2023-04-13,여자,40 - 49세,경상북도,일반판매,양복(서양식 의복)세탁,품질(물품/용역)
2023019658,2023-04-13,여자,30 - 39세,인천광역시,모바일거래,모바일게임서비스,계약해제.해지/위약금
2023019659,2023-04-13,여자,40 - 49세,인천광역시,일반판매,정수기대여(렌트),계약해제.해지/위약금
2023019660,2023-04-13,여자,20 - 29세,전라북도,일반판매,택배화물운송서비스,계약불이행(불완전이행)
2023019661,2023-04-13,여자,50 - 59세,경상남도,일반판매,가정의학과,품질(물품/용역)
2023019662,2023-04-13,여자,30 - 39세,서울특별시,국내온라인거래,전기의류건조기,품질(물품/용역)
2023019663,2023-04-13,여자,30 - 39세,경기도,기타통신판매,포장이사운송서비스,AS불만
2023019664,2023-04-13,여자,50 - 59세,서울특별시,일반판매,국내결혼중개,계약불이행(불완전이행)
2023019665,2023-04-13,여자,30 - 39세,광주광역시,일반판매,헤드폰·이어폰,AS불만
2023019666,2023-04-13,여자,40 - 49세,서울특별시,국내온라인거래,운동화,계약불이행(불완전이행)
2023019667,2023-04-13,남자,50 - 59세,경기도,국내온라인거래,전기자전거,품질(물품/용역)
2023019668,2023-04-13,남자,50 - 59세,서울특별시,일반판매,전기자동차,품질(물품/용역)
2023019669,2023-04-13,남자,불명,부산광역시,국내온라인거래,즉석조리식품,청약철회
2023019670,2023-04-13,남자,40 - 49세,대구광역시,일반판매,양복(서양식 의복)세탁,품질(물품/용역)
2023019671,2023-04-13,여자,20 - 29세,서울특별시,일반판매,헬스장,계약해제.해지/위약금
2023019673,2023-04-13,여자,50 - 59세,대전광역시,일반판매,티셔츠,품질(물품/용역)
2023019674,2023-04-13,여자,30 - 39세,서울특별시,기타,초고속인터넷,계약해제.해지/위약금
2023019676,2023-04-13,여자,30 - 39세,제주도,일반판매,자동차세차,계약해제.해지/위약금
2023019677,2023-04-13,남자,30 - 39세,서울특별시,국내온라인거래,닭고기포장육,계약해제.해지/위약금
2023019678,2023-04-13,남자,불명,경상북도,일반판매,양복(서양식 의복)세탁,품질(물품/용역)
2023019679,2023-04-13,여자,40 - 49세,울산광역시,방문판매,인터넷교육서비스,계약해제.해지/위약금
2023019680,2023-04-13,남자,30 - 39세,경상북도,일반판매,중고자동차중개·매매,표시.광고
2023019681,2023-04-13,여자,30 - 39세,서울특별시,일반판매,필라테스,계약해제.해지/위약금
2023019682,2023-04-13,남자,50 - 59세,대구광역시,일반판매,니트(스웨터),품질(물품/용역)
2023019684,2023-04-13,여자,30 - 39세,충청북도,방문판매,예식서비스,계약해제.해지/위약금
2023019685,2023-04-13,남자,40 - 49세,인천광역시,일반판매,텐트,청약철회
2023019686,2023-04-13,여자,20 - 29세,대전광역시,일반판매,헬스장,계약해제.해지/위약금
2023019687,2023-04-13,여자,40 - 49세,경기도,일반판매,기타병·의원서비스,안전(제품/시설)
2023019688,2023-04-13,남자,30 - 39세,충청북도,일반판매,건물청소서비스,계약해제.해지/위약금
2023019689,2023-04-13,여자,20 - 29세,강원특별자치도,일반판매,치과,품질(물품/용역)
2023019690,2023-04-13,여자,30 - 39세,충청남도,국내온라인거래,숙녀화(구두·부츠 등),계약불이행(불완전이행)
2023019691,2023-04-13,여자,50 - 59세,부산광역시,TV홈쇼핑,코트,표시.광고
2023019692,2023-04-13,남자,30 - 39세,경기도,일반판매,초고속인터넷,계약해제.해지/위약금
2023019693,2023-04-13,여자,20 - 29세,경상북도,일반판매,응급의학과,품질(물품/용역)
2023019694,2023-04-13,남자,20 - 29세,서울특별시,일반판매,중고전자제품매매업,품질(물품/용역)
2023019695,2023-04-13,여자,65 - 69세,부산광역시,일반판매,운동화,품질(물품/용역)
2023019696,2023-04-13,여자,20 - 29세,경기도,방문판매,인터넷교육서비스,계약해제.해지/위약금
2023019697,2023-04-13,남자,50 - 59세,경기도,일반판매,인터넷정보이용서비스,계약해제.해지/위약금
2023019698,2023-04-13,남자,40 - 49세,세종특별자치시,방문판매,주방세트,품질(물품/용역)
2023019699,2023-04-13,남자,40 - 49세,경기도,일반판매,대형승용자동차,계약불이행(불완전이행)
2023019700,2023-04-13,남자,60 - 64세,경기도,일반판매,양복(서양식 의복)세탁,품질(물품/용역)
2023019701,2023-04-13,여자,70 - 79세,서울특별시,일반판매,기타회원권,계약해제.해지/위약금
2023019702,2023-04-13,여자,40 - 49세,서울특별시,국내온라인거래,운동화,청약철회
2023019703,2023-04-13,남자,40 - 49세,경기도,일반판매,양복(서양식 의복)세탁,품질(물품/용역)
2023019704,2023-04-13,여자,20 - 29세,전라북도,국내온라인거래,호텔,계약해제.해지/위약금
2023019705,2023-04-13,여자,50 - 59세,서울특별시,일반판매,핸드백,품질(물품/용역)
2023019706,2023-04-13,남자,65 - 69세,경기도,기타,국외여행,계약불이행(불완전이행)
2023019707,2023-04-13,여자,40 - 49세,서울특별시,일반판매,요가,계약해제.해지/위약금
2023019708,2023-04-13,여자,20 - 29세,서울특별시,일반판매,운동화,품질(물품/용역)
2023019709,2023-04-13,여자,20 - 29세,서울특별시,국내온라인거래,샌들·슬리퍼,품질(물품/용역)
2023019710,2023-04-13,남자,40 - 49세,전라남도,일반판매,중형승용자동차,품질(물품/용역)
2023019711,2023-04-13,여자,30 - 39세,인천광역시,국내온라인거래,티셔츠,표시.광고
2023019712,2023-04-13,남자,50 - 59세,인천광역시,일반판매,국내결혼중개,계약해제.해지/위약금
2023019713,2023-04-13,여자,50 - 59세,경기도,일반판매,기타주택·건물,품질(물품/용역)
2023019716,2023-04-13,남자,65 - 69세,서울특별시,일반판매,가발,품질(물품/용역)
2023019717,2023-04-13,여자,40 - 49세,경기도,일반판매,양복(서양식 의복)세탁,품질(물품/용역)
2023019718,2023-04-13,여자,50 - 59세,경기도,일반판매,미분류대여(렌트),계약해제.해지/위약금
2023019719,2023-04-13,여자,20 - 29세,경기도,일반판매,이동전화서비스,계약해제.해지/위약금
2023019720,2023-04-13,남자,50 - 59세,서울특별시,모바일거래,TV,품질(물품/용역)
2023019721,2023-04-13,여자,30 - 39세,부산광역시,국내온라인거래,티셔츠,품질(물품/용역)
2023019722,2023-04-13,남자,80세이상,서울특별시,일반판매,스마트폰,품질(물품/용역)
2023019723,2023-04-13,여자,20 - 29세,경기도,국내온라인거래,티셔츠,청약철회
2023019724,2023-04-13,남자,70 - 79세,서울특별시,일반판매,상조서비스,계약해제.해지/위약금
2023019725,2023-04-13,남자,40 - 49세,경기도,국내온라인거래,기타(악기guitar),AS불만
2023019727,2023-04-13,남자,40 - 49세,경기도,국내온라인거래,기타건강식품,품질(물품/용역)
2023019728,2023-04-13,남자,20 - 29세,충청남도,국내온라인거래,기타여행,청약철회
2023019729,2023-04-13,남자,30 - 39세,부산광역시,일반판매,외식,계약불이행(불완전이행)
2023019730,2023-04-13,여자,40 - 49세,서울특별시,일반판매,요가,계약해제.해지/위약금
2023019731,2023-04-13,남자,30 - 39세,경기도,소셜커머스(쇼핑),인터넷정보이용서비스,부당행위
2023019733,2023-04-13,남자,40 - 49세,충청북도,일반판매,펜션,계약해제.해지/위약금
2023019734,2023-04-13,남자,30 - 39세,경기도,일반판매,헬스장,계약해제.해지/위약금
2023019735,2023-04-13,여자,40 - 49세,충청북도,소셜커머스(쇼핑),인터넷교육서비스,청약철회
2023019736,2023-04-13,여자,30 - 39세,경기도,기타,부업알선,청약철회
2023019737,2023-04-13,여자,30 - 39세,대전광역시,모바일거래,미용서비스,계약해제.해지/위약금
2023019738,2023-04-13,여자,50 - 59세,서울특별시,기타,이동전화서비스,부당채권추심
2023019739,2023-04-13,여자,40 - 49세,서울특별시,국내온라인거래,보석·귀금속,표시.광고
2023019740,2023-04-13,여자,20 - 29세,경기도,일반판매,필라테스,계약해제.해지/위약금
2023019741,2023-04-13,여자,50 - 59세,경상남도,전화권유판매,이동전화서비스,청약철회
2023019742,2023-04-13,여자,30 - 39세,전라북도,국내온라인거래,서랍장,청약철회
2023019743,2023-04-13,여자,30 - 39세,경기도,일반판매,결혼준비대행서비스,계약불이행(불완전이행)
2023019744,2023-04-13,여자,30 - 39세,서울특별시,기타,택배화물운송서비스,품질(물품/용역)
2023019745,2023-04-13,여자,30 - 39세,강원특별자치도,국내온라인거래,모자,계약불이행(불완전이행)
2023019746,2023-04-13,남자,50 - 59세,부산광역시,소셜커머스(쇼핑),골프용품,품질(물품/용역)
2023019747,2023-04-13,남자,30 - 39세,서울특별시,일반판매,헬스장,계약해제.해지/위약금
2023019748,2023-04-13,여자,20 - 29세,부산광역시,국내온라인거래,여자용내의류,계약해제.해지/위약금
2023019749,2023-04-13,남자,60 - 64세,서울특별시,일반판매,기타숙박시설,계약해제.해지/위약금
2023019750,2023-04-13,여자,40 - 49세,서울특별시,국내온라인거래,기타미분류서비스,부당행위
2023019751,2023-04-13,여자,50 - 59세,광주광역시,국내온라인거래,기타가방,청약철회
2023019753,2023-04-13,여자,20 - 29세,경기도,일반판매,애완견,품질(물품/용역)
2023019754,2023-04-13,여자,50 - 59세,경기도,국내온라인거래,항공여객운송서비스,부당행위
2023019755,2023-04-13,여자,30 - 39세,대전광역시,기타,사진촬영,계약해제.해지/위약금
2023019756,2023-04-13,여자,40 - 49세,강원특별자치도,기타,체크카드,계약불이행(불완전이행)
2023019757,2023-04-13,여자,30 - 39세,서울특별시,일반판매,헬스장,계약해제.해지/위약금
2023019758,2023-04-13,여자,20 - 29세,서울특별시,전화권유판매,인터넷정보이용서비스,계약해제.해지/위약금
2023019759,2023-04-13,여자,40 - 49세,경상남도,국내온라인거래,라텍스매트리스,품질(물품/용역)
2023019760,2023-04-13,여자,40 - 49세,경기도,기타,기타인테리어설비,AS불만
2023019761,2023-04-13,여자,50 - 59세,부산광역시,TV홈쇼핑,음식물처리기,품질(물품/용역)
2023019762,2023-04-13,남자,30 - 39세,경기도,국내온라인거래,기타식탁용품,품질(물품/용역)
2023019763,2023-04-13,여자,20 - 29세,서울특별시,국내온라인거래,스커트,청약철회
2023019764,2023-04-13,여자,40 - 49세,경기도,국내온라인거래,각종공연관람,계약해제.해지/위약금
2023019765,2023-04-13,여자,30 - 39세,경기도,전화권유판매,인터넷정보이용서비스,부당행위
2023019766,2023-04-13,남자,40 - 49세,인천광역시,전화권유판매,인터넷정보이용서비스,계약해제.해지/위약금
2023019767,2023-04-13,여자,20 - 29세,경기도,국내온라인거래,헤드폰·이어폰,품질(물품/용역)
2023019768,2023-04-13,남자,50 - 59세,인천광역시,국제온라인거래,호텔,부당행위
2023019769,2023-04-13,여자,50 - 59세,경기도,국제온라인거래,점퍼·재킷류,품질(물품/용역)
2023019770,2023-04-13,여자,30 - 39세,경기도,방문판매,피부·체형관리서비스,청약철회
2023019771,2023-04-13,여자,40 - 49세,부산광역시,모바일거래,티셔츠,청약철회
2023019772,2023-04-13,남자,30 - 39세,서울특별시,일반판매,헬스장,계약해제.해지/위약금
2023019773,2023-04-13,여자,30 - 39세,경기도,국내온라인거래,숙녀복상의,품질(물품/용역)
2023019775,2023-04-13,여자,20 - 29세,경기도,방문판매,필라테스,계약해제.해지/위약금
2023019776,2023-04-13,여자,30 - 39세,서울특별시,일반판매,헬스장,계약해제.해지/위약금
2023019777,2023-04-13,남자,30 - 39세,부산광역시,국내온라인거래,기타유아용식생활용품,안전(제품/시설)
2023019778,2023-04-13,여자,30 - 39세,경상남도,국내온라인거래,옷장,품질(물품/용역)
2023019779,2023-04-13,남자,30 - 39세,인천광역시,일반판매,헬스장,계약해제.해지/위약금
2023019780,2023-04-13,여자,30 - 39세,경상남도,방문판매,학습지,계약해제.해지/위약금
2023019781,2023-04-13,남자,30 - 39세,경기도,국내온라인거래,기타컴퓨터·주변기기,품질(물품/용역)
2023019782,2023-04-13,여자,20 - 29세,인천광역시,일반판매,기타어패류·어패류가공식품,청약철회
2023019783,2023-04-13,남자,30 - 39세,경기도,국내온라인거래,항공여객운송서비스,계약해제.해지/위약금
2023019784,2023-04-13,여자,30 - 39세,대구광역시,방문판매,손소독제(손세정제),계약해제.해지/위약금
2023019785,2023-04-13,여자,30 - 39세,서울특별시,국내온라인거래,각종공연관람,계약해제.해지/위약금
2023019786,2023-04-13,여자,30 - 39세,서울특별시,전화권유판매,인터넷교육서비스,계약해제.해지/위약금
2023019787,2023-04-13,여자,30 - 39세,서울특별시,일반판매,고시원이용,계약해제.해지/위약금
2023019788,2023-04-13,남자,20 - 29세,대구광역시,일반판매,기타숙박시설,계약불이행(불완전이행)
2023019789,2023-04-13,여자,30 - 39세,경기도,일반판매,필라테스,계약해제.해지/위약금
2023019790,2023-04-13,남자,40 - 49세,경기도,국내온라인거래,국외여행,계약불이행(불완전이행)
2023019791,2023-04-13,여자,60 - 64세,광주광역시,국내온라인거래,기타신발·용품,품질(물품/용역)
2023019792,2023-04-13,여자,40 - 49세,서울특별시,국내온라인거래,소파,품질(물품/용역)
2023019794,2023-04-13,남자,10 - 19세,서울특별시,국제온라인거래,기타(악기guitar),청약철회
2023019795,2023-04-13,남자,40 - 49세,충청남도,일반판매,전세자동차운송서비스,품질(물품/용역)
2023019796,2023-04-13,여자,30 - 39세,경기도,일반판매,라텍스매트리스,계약불이행(불완전이행)
2023019797,2023-04-13,여자,50 - 59세,인천광역시,국내온라인거래,기타장류,계약불이행(불완전이행)
2023019798,2023-04-13,남자,20 - 29세,경기도,일반판매,피부·체형관리서비스,계약해제.해지/위약금
2023019799,2023-04-13,남자,20 - 29세,경기도,국내온라인거래,지갑,청약철회
2023019800,2023-04-13,여자,20 - 29세,서울특별시,기타,고시원이용,계약해제.해지/위약금
2023019801,2023-04-13,남자,40 - 49세,경기도,방문판매,기타자동차용품,품질(물품/용역)
2023019802,2023-04-13,여자,40 - 49세,서울특별시,방문판매,헬스장,청약철회
2023019803,2023-04-13,여자,40 - 49세,서울특별시,기타,의류수선,부당행위
2023019804,2023-04-14,남자,30 - 39세,서울특별시,일반판매,종합체육시설회원권,계약해제.해지/위약금
2023019806,2023-04-14,남자,30 - 39세,경기도,국내온라인거래,전기자전거,계약불이행(불완전이행)
2023019808,2023-04-14,여자,40 - 49세,경기도,일반판매,한의원,계약해제.해지/위약금
2023019809,2023-04-14,남자,20 - 29세,서울특별시,일반판매,애완견,계약해제.해지/위약금
2023019810,2023-04-14,남자,40 - 49세,서울특별시,일반판매,자동차대여(렌트),부당행위
2023019811,2023-04-14,남자,40 - 49세,서울특별시,국내온라인거래,기타자동차부품,부당행위
2023019812,2023-04-14,남자,30 - 39세,울산광역시,국내온라인거래,기타자동차부품,계약불이행(불완전이행)
2023019813,2023-04-14,남자,65 - 69세,제주도,전화권유판매,인터넷정보이용서비스,계약해제.해지/위약금
2023019814,2023-04-14,남자,40 - 49세,대구광역시,일반판매,자동차수리·점검,AS불만
2023019815,2023-04-14,여자,40 - 49세,울산광역시,국내온라인거래,여자용내의류,계약불이행(불완전이행)
2023019817,2023-04-14,여자,40 - 49세,서울특별시,일반판매,프라이팬,품질(물품/용역)
2023019818,2023-04-14,여자,30 - 39세,충청남도,국내온라인거래,매트,품질(물품/용역)
2023019819,2023-04-14,여자,50 - 59세,경기도,국내온라인거래,기타스포츠·레저기구·용품,품질(물품/용역)
2023019821,2023-04-14,여자,40 - 49세,경기도,국내온라인거래,핸드백,계약불이행(불완전이행)
2023019822,2023-04-14,남자,30 - 39세,경기도,일반판매,자동차대여(렌트),AS불만
2023019823,2023-04-14,남자,50 - 59세,경기도,국내온라인거래,국외여행,거래관행
2023019824,2023-04-14,남자,40 - 49세,경상북도,일반판매,중고자동차중개·매매,품질(물품/용역)
2023019825,2023-04-14,여자,40 - 49세,인천광역시,일반판매,외국어강습,계약해제.해지/위약금
2023019826,2023-04-14,여자,불명,서울특별시,국내온라인거래,CD·LD·DVD(영화·음악·게임),청약철회
2023019827,2023-04-14,남자,30 - 39세,경기도,국내온라인거래,기타자동차용품,청약철회
2023019828,2023-04-14,여자,60 - 64세,경상북도,일반판매,양복(서양식 의복)세탁,품질(물품/용역)
2023019829,2023-04-14,여자,30 - 39세,부산광역시,국내온라인거래,기타가사용품,청약철회
2023019830,2023-04-14,여자,40 - 49세,세종특별자치시,일반판매,실손보험,계약불이행(불완전이행)
2023019831,2023-04-14,남자,30 - 39세,서울특별시,모바일거래,신용카드,부당행위
2023019832,2023-04-14,남자,30 - 39세,서울특별시,국내온라인거래,의자,계약해제.해지/위약금
2023019833,2023-04-14,남자,30 - 39세,경상북도,일반판매,신사복하의,품질(물품/용역)
2023019834,2023-04-14,여자,30 - 39세,경기도,일반판매,기타세탁서비스,품질(물품/용역)
2023019835,2023-04-14,남자,30 - 39세,경기도,일반판매,중형승용자동차,AS불만
2023019836,2023-04-14,남자,30 - 39세,강원특별자치도,소셜커머스(쇼핑),기타숙박시설,계약해제.해지/위약금
2023019837,2023-04-14,여자,50 - 59세,대구광역시,일반판매,국외여행,안전(제품/시설)
2023019838,2023-04-14,남자,70 - 79세,대전광역시,일반판매,기타간편복,품질(물품/용역)
2023019839,2023-04-14,여자,40 - 49세,인천광역시,일반판매,양복(서양식 의복)세탁,품질(물품/용역)
2023019840,2023-04-14,여자,30 - 39세,대구광역시,전화권유판매,모바일정보이용서비스,계약해제.해지/위약금
2023019841,2023-04-14,여자,20 - 29세,광주광역시,국내온라인거래,호텔,계약해제.해지/위약금
2023019842,2023-04-14,여자,50 - 59세,경기도,일반판매,모피·모피의류,품질(물품/용역)
2023019843,2023-04-14,여자,30 - 39세,서울특별시,일반판매,미용서비스,계약해제.해지/위약금
2023019844,2023-04-14,남자,30 - 39세,인천광역시,기타,초고속인터넷,부당행위
2023019845,2023-04-14,여자,40 - 49세,경기도,전화권유판매,모바일정보이용서비스,계약해제.해지/위약금
2023019846,2023-04-14,여자,불명,경상북도,일반판매,양복(서양식 의복)세탁,품질(물품/용역)
2023019847,2023-04-14,여자,20 - 29세,서울특별시,모바일거래,인터넷교육서비스,청약철회
2023019848,2023-04-14,여자,30 - 39세,대구광역시,국내온라인거래,전기진공청소기,품질(물품/용역)
2023019849,2023-04-14,남자,40 - 49세,부산광역시,국내온라인거래,시계,청약철회
2023019850,2023-04-14,여자,50 - 59세,서울특별시,일반판매,기타미분류서비스,계약해제.해지/위약금
2023019851,2023-04-14,여자,20 - 29세,서울특별시,국내온라인거래,모자,계약해제.해지/위약금
2023019852,2023-04-14,여자,50 - 59세,경기도,일반판매,차량용블랙박스,계약불이행(불완전이행)
2023019853,2023-04-14,여자,50 - 59세,서울특별시,국제온라인거래,항공여객운송서비스,청약철회
2023019854,2023-04-14,남자,50 - 59세,서울특별시,모바일거래,카셰어링,AS불만
2023019855,2023-04-14,여자,20 - 29세,경상남도,기타,성형외과,계약해제.해지/위약금
2023019856,2023-04-14,여자,40 - 49세,대구광역시,일반판매,피부과,계약해제.해지/위약금
2023019857,2023-04-14,여자,20 - 29세,경기도,일반판매,성형외과,계약해제.해지/위약금
2023019858,2023-04-14,여자,40 - 49세,서울특별시,일반판매,내과,단순문의.상담
2023019859,2023-04-14,여자,20 - 29세,경기도,일반판매,성형외과,계약해제.해지/위약금
2023019860,2023-04-14,남자,60 - 64세,경기도,일반판매,한의원,계약불이행(불완전이행)
2023019861,2023-04-14,여자,30 - 39세,서울특별시,기타,피부과,계약해제.해지/위약금
2023019862,2023-04-14,여자,30 - 39세,서울특별시,일반판매,운동화,계약불이행(불완전이행)
2023019863,2023-04-14,여자,60 - 64세,경기도,모바일거래,미분류대여(렌트),청약철회
2023019864,2023-04-14,남자,40 - 49세,경기도,국내온라인거래,골프회원권,계약불이행(불완전이행)
2023019865,2023-04-14,여자,40 - 49세,경기도,일반판매,양복(서양식 의복)세탁,품질(물품/용역)
2023019866,2023-04-14,여자,40 - 49세,서울특별시,국내온라인거래,전기진공청소기,품질(물품/용역)
2023019867,2023-04-14,여자,60 - 64세,경기도,전화권유판매,기타일반화장품,계약해제.해지/위약금
2023019868,2023-04-14,여자,20 - 29세,경상남도,국내온라인거래,이동전화서비스,거래관행
2023019869,2023-04-14,여자,20 - 29세,서울특별시,일반판매,필라테스,계약불이행(불완전이행)
2023019870,2023-04-14,여자,30 - 39세,경기도,일반판매,핸드백,품질(물품/용역)
2023019871,2023-04-14,여자,30 - 39세,서울특별시,국내온라인거래,항공여객운송서비스,청약철회
2023019872,2023-04-14,여자,20 - 29세,서울특별시,일반판매,신발세탁,계약불이행(불완전이행)
2023019873,2023-04-14,남자,(미입력),서울특별시,국내온라인거래,복합기,청약철회
2023019874,2023-04-14,남자,40 - 49세,서울특별시,일반판매,운동화,품질(물품/용역)
2023019875,2023-04-14,남자,50 - 59세,경기도,전화권유판매,기타정보이용서비스,계약불이행(불완전이행)
2023019876,2023-04-14,여자,30 - 39세,서울특별시,일반판매,성형외과,계약불이행(불완전이행)
2023019877,2023-04-14,여자,40 - 49세,경기도,방문판매,인터넷교육서비스,계약해제.해지/위약금
2023019879,2023-04-14,여자,50 - 59세,전라남도,일반판매,신발세탁,계약불이행(불완전이행)
2023019880,2023-04-14,남자,20 - 29세,대구광역시,기타,기타의료서비스,계약불이행(불완전이행)
2023019881,2023-04-14,남자,40 - 49세,경기도,국내온라인거래,기타가방,품질(물품/용역)
2023019882,2023-04-14,여자,40 - 49세,서울특별시,일반판매,피부과,계약불이행(불완전이행)
2023019883,2023-04-14,여자,40 - 49세,경기도,일반판매,이불·요,품질(물품/용역)
2023019884,2023-04-14,남자,50 - 59세,경기도,국내온라인거래,프린터,품질(물품/용역)
2023019885,2023-04-14,남자,40 - 49세,경기도,일반판매,점퍼·재킷류,품질(물품/용역)
2023019887,2023-04-14,남자,30 - 39세,서울특별시,국제온라인거래,기타화물운송서비스,청약철회
2023019888,2023-04-14,여자,50 - 59세,경기도,일반판매,성형외과,계약해제.해지/위약금
2023019889,2023-04-14,남자,40 - 49세,경기도,전화권유판매,기타정보이용서비스,계약해제.해지/위약금
2023019890,2023-04-14,여자,50 - 59세,경기도,국내온라인거래,신발세탁,계약불이행(불완전이행)
2023019891,2023-04-14,남자,70 - 79세,전라북도,일반판매,남자용내의류,품질(물품/용역)
2023019893,2023-04-14,남자,50 - 59세,경기도,방문판매,실손보험,계약불이행(불완전이행)
2023019894,2023-04-14,여자,40 - 49세,강원특별자치도,국내온라인거래,셔츠,품질(물품/용역)
2023019895,2023-04-14,남자,20 - 29세,경기도,국내온라인거래,캐주얼바지,품질(물품/용역)
2023019896,2023-04-14,남자,불명,대전광역시,국내온라인거래,책장·서가,청약철회
2023019897,2023-04-14,남자,20 - 29세,대전광역시,방문판매,인터넷교육서비스,계약해제.해지/위약금
2023019898,2023-04-14,남자,20 - 29세,경기도,방문판매,한의원,계약해제.해지/위약금
2023019899,2023-04-14,남자,50 - 59세,경기도,일반판매,양복(서양식 의복)세탁,품질(물품/용역)
2023019900,2023-04-14,여자,30 - 39세,광주광역시,국내온라인거래,모바일정보이용서비스,계약해제.해지/위약금
2023019901,2023-04-14,여자,30 - 39세,인천광역시,국내온라인거래,기타의류·섬유,청약철회
2023019902,2023-04-14,여자,50 - 59세,경상남도,일반판매,일반강습(입시학원등),계약해제.해지/위약금
2023019903,2023-04-14,여자,40 - 49세,경기도,일반판매,"연회서비스(돌잔치,회갑 등)",계약불이행(불완전이행)
2023019904,2023-04-14,남자,50 - 59세,경기도,일반판매,소파,품질(물품/용역)
2023019905,2023-04-14,여자,30 - 39세,경기도,일반판매,필라테스,계약불이행(불완전이행)
2023019906,2023-04-14,남자,40 - 49세,서울특별시,국내온라인거래,IPTV,부당행위
2023019907,2023-04-14,남자,30 - 39세,경기도,방문판매,헬스장,계약해제.해지/위약금
2023019908,2023-04-14,남자,30 - 39세,경상북도,국제온라인거래,국외여행,계약불이행(불완전이행)
2023019909,2023-04-14,남자,40 - 49세,인천광역시,기타통신판매,기타정보통신,무능력자계약
2023019910,2023-04-14,여자,30 - 39세,서울특별시,국내온라인거래,기타가방,청약철회
2023019911,2023-04-14,여자,20 - 29세,인천광역시,일반판매,필라테스,계약해제.해지/위약금
2023019912,2023-04-14,남자,30 - 39세,강원특별자치도,일반판매,기타숙박시설,계약해제.해지/위약금
2023019913,2023-04-14,남자,30 - 39세,울산광역시,기타,택배화물운송서비스,품질(물품/용역)
2023019914,2023-04-14,남자,40 - 49세,경기도,일반판매,소파,AS불만
2023019915,2023-04-14,여자,30 - 39세,서울특별시,국내온라인거래,핸드백,부당행위
2023019916,2023-04-14,남자,50 - 59세,서울특별시,국내온라인거래,캐주얼바지,청약철회
2023019917,2023-04-14,남자,20 - 29세,인천광역시,일반판매,스마트폰,AS불만
2023019918,2023-04-14,여자,40 - 49세,경기도,국내온라인거래,숙녀화(구두·부츠 등),청약철회
2023019919,2023-04-14,여자,30 - 39세,서울특별시,기타,기타교육서비스,계약해제.해지/위약금
2023019920,2023-04-14,여자,20 - 29세,부산광역시,일반판매,기타신발·용품,부당행위
2023019921,2023-04-14,남자,30 - 39세,서울특별시,일반판매,예식서비스,계약해제.해지/위약금
2023019922,2023-04-14,남자,30 - 39세,경기도,일반판매,기타인테리어설비,계약해제.해지/위약금
2023019923,2023-04-14,남자,40 - 49세,대구광역시,모바일거래,식사배달,계약불이행(불완전이행)
2023019924,2023-04-14,여자,30 - 39세,광주광역시,소셜커머스(쇼핑),니트(스웨터),청약철회
2023019925,2023-04-14,여자,30 - 39세,경기도,기타통신판매,미분류대여(렌트),계약불이행(불완전이행)
2023019926,2023-04-14,남자,30 - 39세,서울특별시,소셜커머스(쇼핑),책상,계약불이행(불완전이행)
2023019927,2023-04-14,여자,20 - 29세,경상남도,일반판매,헬스장,계약해제.해지/위약금
2023019928,2023-04-14,남자,30 - 39세,경기도,방문판매,헬스장,계약해제.해지/위약금
2023019929,2023-04-14,남자,40 - 49세,서울특별시,모바일거래,전기진공청소기,품질(물품/용역)
2023019930,2023-04-14,남자,30 - 39세,경기도,국내온라인거래,항공여객운송서비스,계약해제.해지/위약금
2023019931,2023-04-14,남자,30 - 39세,서울특별시,국내온라인거래,항공여객운송서비스,계약불이행(불완전이행)
2023019932,2023-04-14,남자,20 - 29세,서울특별시,일반판매,기타가구,품질(물품/용역)
2023019933,2023-04-14,여자,30 - 39세,경기도,국내온라인거래,인터넷정보이용서비스,계약해제.해지/위약금
2023019934,2023-04-14,남자,30 - 39세,서울특별시,소셜커머스(쇼핑),여자용내의류,품질(물품/용역)
2023019935,2023-04-14,여자,30 - 39세,서울특별시,일반판매,예식서비스,청약철회
2023019936,2023-04-14,여자,30 - 39세,경기도,국내온라인거래,기타가구,품질(물품/용역)
2023019937,2023-04-14,남자,30 - 39세,대전광역시,국내온라인거래,커피메이커,품질(물품/용역)
2023019938,2023-04-14,여자,30 - 39세,대구광역시,국내온라인거래,기타의류·섬유,청약철회
2023019939,2023-04-14,여자,20 - 29세,경기도,방문판매,애완견,품질(물품/용역)
2023019940,2023-04-14,여자,30 - 39세,경기도,국내온라인거래,기타유아용식생활용품,품질(물품/용역)
2023019941,2023-04-14,여자,40 - 49세,경기도,국내온라인거래,CD·LD·DVD(영화·음악·게임),청약철회
2023019942,2023-04-14,여자,40 - 49세,서울특별시,일반판매,헬스장,계약해제.해지/위약금
2023019943,2023-04-14,여자,30 - 39세,경기도,일반판매,기타사설강습서비스,청약철회
2023019944,2023-04-14,여자,30 - 39세,경상남도,국내온라인거래,스마트폰,계약불이행(불완전이행)
2023019945,2023-04-14,남자,40 - 49세,전라북도,국내온라인거래,영화관람,부당행위
2023019946,2023-04-14,남자,40 - 49세,인천광역시,일반판매,초고속인터넷,가격.요금
2023019947,2023-04-14,여자,50 - 59세,경기도,기타,코트,계약불이행(불완전이행)
2023019948,2023-04-14,남자,40 - 49세,대구광역시,일반판매,소파,품질(물품/용역)
2023019949,2023-04-14,여자,20 - 29세,경기도,국내온라인거래,니트(스웨터),청약철회
2023019950,2023-04-14,여자,20 - 29세,대전광역시,국제온라인거래,항공여객운송서비스,계약해제.해지/위약금
2023019951,2023-04-14,여자,30 - 39세,서울특별시,국내온라인거래,펜션,계약해제.해지/위약금
2023019952,2023-04-14,여자,50 - 59세,서울특별시,일반판매,정수기대여(렌트),AS불만
2023019953,2023-04-14,남자,30 - 39세,경기도,국내온라인거래,사진촬영,계약해제.해지/위약금
2023019954,2023-04-14,남자,20 - 29세,서울특별시,기타,코트,계약불이행(불완전이행)
2023019955,2023-04-14,남자,30 - 39세,경상남도,일반판매,컴퓨터및주변기기대여(렌트),부당행위
2023019956,2023-04-14,여자,40 - 49세,서울특별시,전화권유판매,정수기대여(렌트),약관
2023019957,2023-04-14,여자,40 - 49세,서울특별시,TV홈쇼핑,레포츠장비대여(렌트),계약해제.해지/위약금
2023019958,2023-04-14,남자,30 - 39세,서울특별시,기타,헬스장,계약해제.해지/위약금
2023019959,2023-04-14,여자,20 - 29세,충청북도,일반판매,헬스장,계약해제.해지/위약금
2023019960,2023-04-14,남자,40 - 49세,대구광역시,기타,보조배터리,AS불만
2023019961,2023-04-14,남자,30 - 39세,광주광역시,국내온라인거래,기타숙박시설,계약해제.해지/위약금
2023019962,2023-04-14,여자,30 - 39세,경상북도,일반판매,학습지,계약해제.해지/위약금
2023019963,2023-04-14,남자,40 - 49세,울산광역시,일반판매,항공여객운송서비스,품질(물품/용역)
2023019964,2023-04-14,여자,20 - 29세,서울특별시,일반판매,요가,계약해제.해지/위약금
2023019965,2023-04-14,남자,50 - 59세,경기도,방문판매,미분류대여(렌트),계약불이행(불완전이행)
2023019966,2023-04-14,남자,30 - 39세,충청북도,기타,독서실이용,계약해제.해지/위약금
2023019967,2023-04-14,여자,20 - 29세,경기도,국내온라인거래,점퍼·재킷류,청약철회
2023019968,2023-04-14,남자,30 - 39세,경기도,일반판매,기타세탁서비스,품질(물품/용역)
2023019969,2023-04-14,여자,65 - 69세,서울특별시,일반판매,국내결혼중개,계약해제.해지/위약금
2023019970,2023-04-14,남자,40 - 49세,경기도,일반판매,방문교육,부당행위
2023019971,2023-04-14,여자,40 - 49세,부산광역시,국내온라인거래,기타스포츠·레저기구·용품,표시.광고
2023019972,2023-04-14,남자,60 - 64세,서울특별시,일반판매,대학·대학원,계약해제.해지/위약금
2023019973,2023-04-14,여자,20 - 29세,서울특별시,일반판매,필라테스,계약해제.해지/위약금
2023019974,2023-04-14,남자,40 - 49세,부산광역시,국내온라인거래,트레이닝기구,계약불이행(불완전이행)
2023019975,2023-04-14,남자,50 - 59세,서울특별시,기타,고시원이용,계약해제.해지/위약금
2023019976,2023-04-14,남자,50 - 59세,서울특별시,일반판매,TV,품질(물품/용역)
2023019977,2023-04-14,남자,30 - 39세,경기도,방문판매,포장이사운송서비스,계약해제.해지/위약금
2023019979,2023-04-14,남자,50 - 59세,제주도,국내온라인거래,퍼스널컴퓨터,계약해제.해지/위약금
2023019980,2023-04-14,여자,30 - 39세,경상남도,국내온라인거래,호텔,청약철회
2023019981,2023-04-14,여자,30 - 39세,경기도,국제온라인거래,항공여객운송서비스,계약해제.해지/위약금
2023020001,2023-04-15,여자,(미입력),대구광역시,국내온라인거래,항공여객운송서비스,계약해제.해지/위약금
2023020101,2023-04-15,여자,30 - 39세,강원특별자치도,일반판매,예식서비스,계약해제.해지/위약금
2023020102,2023-04-15,여자,40 - 49세,울산광역시,다단계판매,학습지,계약불이행(불완전이행)
2023020103,2023-04-15,여자,불명,서울특별시,국내온라인거래,기타일반화장품,표시.광고
2023020104,2023-04-15,여자,50 - 59세,서울특별시,방문판매,다이어트식품,부당행위
2023020105,2023-04-15,여자,60 - 64세,경기도,일반판매,정수기대여(렌트),AS불만
2023020106,2023-04-15,남자,불명,서울특별시,국내온라인거래,숙녀화(구두·부츠 등),청약철회
2023020107,2023-04-15,여자,30 - 39세,서울특별시,일반판매,기타수선·염색서비스,품질(물품/용역)
2023020108,2023-04-15,남자,30 - 39세,경상남도,국내온라인거래,TV,청약철회
2023020109,2023-04-15,남자,40 - 49세,인천광역시,모바일거래,미분류컨설팅(자문),계약해제.해지/위약금
2023020110,2023-04-15,남자,20 - 29세,서울특별시,일반판매,고시원이용,계약해제.해지/위약금
2023020111,2023-04-15,여자,20 - 29세,충청북도,일반판매,일반강습(입시학원등),계약해제.해지/위약금
2023020112,2023-04-15,남자,30 - 39세,서울특별시,소셜커머스(쇼핑),케첩,품질(물품/용역)
2023020113,2023-04-15,여자,30 - 39세,서울특별시,국내온라인거래,기타의류·섬유,계약불이행(불완전이행)
2023020114,2023-04-15,여자,30 - 39세,서울특별시,국내온라인거래,인터넷정보이용서비스,계약불이행(불완전이행)
2023020201,2023-04-16,여자,20 - 29세,서울특별시,전화권유판매,인터넷교육서비스,청약철회
2023020202,2023-04-16,여자,40 - 49세,서울특별시,일반판매,스마트폰,AS불만
2023020203,2023-04-16,남자,20 - 29세,서울특별시,일반판매,신발세탁,품질(물품/용역)
2023020204,2023-04-16,여자,30 - 39세,경기도,일반판매,이동전화서비스,계약불이행(불완전이행)
2023020205,2023-04-16,남자,30 - 39세,서울특별시,국제온라인거래,항공여객운송서비스,계약해제.해지/위약금
2023020206,2023-04-16,여자,40 - 49세,경기도,기타통신판매,TV,품질(물품/용역)
2023020207,2023-04-16,남자,40 - 49세,서울특별시,일반판매,기타인테리어설비,AS불만
2023020208,2023-04-16,여자,50 - 59세,서울특별시,일반판매,필라테스,계약해제.해지/위약금
2023020209,2023-04-16,여자,60 - 64세,경상북도,기타통신판매,모바일정보이용서비스,계약해제.해지/위약금
2023020210,2023-04-16,여자,40 - 49세,서울특별시,일반판매,냉장고,품질(물품/용역)
2023020211,2023-04-16,여자,40 - 49세,전라북도,국내온라인거래,기타보건·위생용품,청약철회
2023020213,2023-04-16,여자,20 - 29세,경기도,기타,요가,계약해제.해지/위약금
2023020214,2023-04-16,남자,30 - 39세,경기도,일반판매,헬스장,계약해제.해지/위약금
2023020215,2023-04-16,남자,40 - 49세,서울특별시,방문판매,종합체육시설회원권,계약해제.해지/위약금
2023020216,2023-04-16,남자,40 - 49세,경기도,소셜커머스(쇼핑),기타악기·용품,표시.광고
2023020217,2023-04-16,여자,50 - 59세,대구광역시,모바일거래,꽃·화초·화환,계약불이행(불완전이행)
2023020218,2023-04-16,남자,30 - 39세,서울특별시,방문판매,헬스장,계약해제.해지/위약금
2023020219,2023-04-16,남자,40 - 49세,강원특별자치도,기타,인터넷정보이용서비스,부당행위
2023020220,2023-04-16,남자,50 - 59세,경기도,국제온라인거래,택배화물운송서비스,계약불이행(불완전이행)
2023020221,2023-04-16,여자,30 - 39세,서울특별시,일반판매,보석·귀금속,계약해제.해지/위약금
2023020222,2023-04-16,남자,30 - 39세,강원특별자치도,소셜커머스(쇼핑),안마의자대여(렌트),계약해제.해지/위약금
2023020223,2023-04-16,여자,50 - 59세,서울특별시,국내온라인거래,국외여행,계약해제.해지/위약금
2023020224,2023-04-14,남자,40 - 49세,경기도,기타,국내결혼중개,계약해제.해지/위약금
2023020225,2023-04-17,남자,65 - 69세,광주광역시,기타통신판매,기타건강식품,계약해제.해지/위약금
2023020226,2023-04-17,여자,20 - 29세,서울특별시,전화권유판매,인터넷정보이용서비스,계약불이행(불완전이행)
2023020227,2023-04-17,남자,20 - 29세,경기도,국내온라인거래,항공여객운송서비스,거래관행
2023020228,2023-04-17,남자,60 - 64세,경상남도,일반판매,점퍼·재킷류,품질(물품/용역)
2023020229,2023-04-17,남자,40 - 49세,인천광역시,국내온라인거래,전기자전거,품질(물품/용역)
2023020230,2023-04-17,남자,30 - 39세,전라북도,일반판매,대형승용자동차,품질(물품/용역)
2023020231,2023-04-17,여자,20 - 29세,서울특별시,일반판매,숙녀복세트,계약불이행(불완전이행)
2023020232,2023-04-17,여자,50 - 59세,경기도,일반판매,건강(암·기타질병)보험,약관
2023020233,2023-04-17,여자,40 - 49세,전라남도,일반판매,실손보험,약관
2023020234,2023-04-17,여자,20 - 29세,경기도,국내온라인거래,건강침대(흙·돌등),품질(물품/용역)
2023020235,2023-04-17,여자,50 - 59세,경기도,일반판매,양복(서양식 의복)세탁,품질(물품/용역)
2023020236,2023-04-17,남자,30 - 39세,부산광역시,모바일거래,건물청소서비스,계약불이행(불완전이행)
2023020238,2023-04-17,남자,60 - 64세,경기도,일반판매,티셔츠,품질(물품/용역)
2023020240,2023-04-17,남자,50 - 59세,경기도,일반판매,자동차대여(렌트),계약해제.해지/위약금
2023020241,2023-04-17,여자,50 - 59세,서울특별시,전화권유판매,유사투자자문,계약해제.해지/위약금
2023020242,2023-04-17,여자,30 - 39세,서울특별시,국내온라인거래,전기진공청소기,청약철회
2023020243,2023-04-17,여자,40 - 49세,광주광역시,일반판매,유사투자자문,계약해제.해지/위약금
2023020244,2023-04-17,여자,30 - 39세,경기도,방문판매,인터넷정보이용서비스,계약해제.해지/위약금
2023020245,2023-04-17,여자,불명,경기도,일반판매,코트,품질(물품/용역)
2023020246,2023-04-17,여자,40 - 49세,경기도,방문판매,인터넷교육서비스,계약해제.해지/위약금
2023020247,2023-04-17,여자,50 - 59세,서울특별시,모바일거래,모바일게임서비스,부당행위
2023020248,2023-04-17,여자,30 - 39세,인천광역시,모바일거래,기타사설강습서비스,계약해제.해지/위약금
2023020249,2023-04-17,여자,60 - 64세,경기도,일반판매,한복세탁,품질(물품/용역)
2023020250,2023-04-17,여자,60 - 64세,경기도,일반판매,한복세탁,품질(물품/용역)
2023020251,2023-04-17,남자,불명,서울특별시,일반판매,외식,계약불이행(불완전이행)
2023020252,2023-04-17,여자,30 - 39세,부산광역시,국내온라인거래,운동화,청약철회
2023020253,2023-04-17,남자,50 - 59세,부산광역시,일반판매,자동차주차장,부당행위
2023020254,2023-04-17,여자,40 - 49세,서울특별시,전화권유판매,인터넷교육서비스,계약해제.해지/위약금
2023020255,2023-04-17,여자,40 - 49세,대전광역시,국내온라인거래,기타냉장·냉동기기,품질(물품/용역)
2023020256,2023-04-17,남자,40 - 49세,인천광역시,일반판매,전기자전거,품질(물품/용역)
2023020257,2023-04-17,여자,60 - 64세,경기도,일반판매,헬스장,계약불이행(불완전이행)
2023020258,2023-04-17,남자,65 - 69세,서울특별시,일반판매,중형승용자동차,AS불만
2023020260,2023-04-17,남자,40 - 49세,전라북도,전화권유판매,유사투자자문,계약해제.해지/위약금
2023020261,2023-04-17,남자,40 - 49세,서울특별시,모바일거래,"OTT서비스(넷플릭스,왓챠 등)",가격.요금
2023020263,2023-04-17,여자,40 - 49세,경기도,일반판매,양복(서양식 의복)세탁,품질(물품/용역)
2023020264,2023-04-17,남자,60 - 64세,경기도,기타통신판매,포장이사운송서비스,계약해제.해지/위약금
2023020265,2023-04-17,여자,40 - 49세,충청북도,국내온라인거래,숙녀화(구두·부츠 등),품질(물품/용역)
2023020266,2023-04-17,여자,30 - 39세,서울특별시,국내온라인거래,헤어드라이어,품질(물품/용역)
2023020267,2023-04-17,남자,70 - 79세,서울특별시,일반판매,건강(암·기타질병)보험,계약불이행(불완전이행)
2023020268,2023-04-17,남자,50 - 59세,인천광역시,전화권유판매,유사투자자문,계약해제.해지/위약금
2023020269,2023-04-17,여자,40 - 49세,서울특별시,국내온라인거래,여자용내의류,청약철회
2023020270,2023-04-17,여자,40 - 49세,서울특별시,일반판매,기타세탁서비스,품질(물품/용역)
2023020271,2023-04-17,남자,40 - 49세,세종특별자치시,국내온라인거래,기타문화·오락시설이용,청약철회
2023020272,2023-04-17,남자,20 - 29세,대전광역시,일반판매,기타통신기기,품질(물품/용역)
2023020273,2023-04-17,남자,40 - 49세,경기도,국내온라인거래,의류수선,품질(물품/용역)
2023020274,2023-04-17,남자,60 - 64세,서울특별시,국내온라인거래,신유형상품권,약관
2023020275,2023-04-17,여자,40 - 49세,경기도,소셜커머스(쇼핑),의자,품질(물품/용역)
2023020276,2023-04-17,여자,40 - 49세,서울특별시,국내온라인거래,음식물처리기,품질(물품/용역)
2023020277,2023-04-17,여자,50 - 59세,강원특별자치도,국내온라인거래,기타보관서비스,계약해제.해지/위약금
2023020278,2023-04-17,여자,30 - 39세,서울특별시,국내온라인거래,신유형상품권,청약철회
2023020279,2023-04-17,여자,50 - 59세,인천광역시,국내온라인거래,숙녀복세트,청약철회
2023020280,2023-04-17,여자,50 - 59세,경기도,국내온라인거래,캐주얼바지,계약불이행(불완전이행)
2023020281,2023-04-17,여자,20 - 29세,부산광역시,방문판매,인터넷교육서비스,계약불이행(불완전이행)
2023020282,2023-04-17,남자,40 - 49세,인천광역시,전화권유판매,유사투자자문,계약해제.해지/위약금
2023020283,2023-04-17,남자,30 - 39세,서울특별시,국내온라인거래,항공여객운송서비스,청약철회
2023020284,2023-04-17,여자,40 - 49세,경기도,일반판매,니트(스웨터),품질(물품/용역)
2023020285,2023-04-17,여자,70 - 79세,경기도,일반판매,점퍼·재킷류,품질(물품/용역)
2023020286,2023-04-17,남자,50 - 59세,광주광역시,일반판매,중형승용자동차,품질(물품/용역)
2023020287,2023-04-17,남자,40 - 49세,경기도,일반판매,썬루프,AS불만
2023020288,2023-04-17,여자,불명,경기도,일반판매,점퍼·재킷류,품질(물품/용역)
2023020289,2023-04-17,여자,30 - 39세,부산광역시,국내온라인거래,점퍼·재킷류,품질(물품/용역)
2023020290,2023-04-17,여자,20 - 29세,충청북도,일반판매,셔츠,품질(물품/용역)
2023020291,2023-04-17,남자,65 - 69세,경기도,국내온라인거래,밥솥,청약철회
2023020292,2023-04-17,여자,40 - 49세,울산광역시,일반판매,코트,품질(물품/용역)
2023020293,2023-04-17,남자,65 - 69세,제주도,국내온라인거래,CCTV,계약해제.해지/위약금
2023020294,2023-04-17,여자,40 - 49세,부산광역시,일반판매,실손보험,계약불이행(불완전이행)
2023020295,2023-04-17,남자,40 - 49세,경기도,일반판매,기타주택·건물,표시.광고
2023020296,2023-04-17,남자,40 - 49세,서울특별시,일반판매,종합체육시설회원권,계약불이행(불완전이행)
2023020297,2023-04-17,남자,30 - 39세,광주광역시,국내온라인거래,어항,계약불이행(불완전이행)
2023020298,2023-04-17,여자,40 - 49세,전라남도,일반판매,신사복하의,품질(물품/용역)
2023020299,2023-04-17,여자,50 - 59세,인천광역시,전화권유판매,국외여행,표시.광고
2023020300,2023-04-17,여자,50 - 59세,경상남도,일반판매,안마의자대여(렌트),계약해제.해지/위약금
2023020301,2023-04-17,여자,50 - 59세,부산광역시,전화권유판매,종신보험,계약해제.해지/위약금
2023020302,2023-04-17,남자,80세이상,경기도,일반판매,포장이사운송서비스,계약불이행(불완전이행)
2023020303,2023-04-17,여자,20 - 29세,서울특별시,일반판매,기타가방,품질(물품/용역)
2023020304,2023-04-17,여자,50 - 59세,서울특별시,기타통신판매,컴퓨터수리,계약해제.해지/위약금
2023020305,2023-04-17,여자,40 - 49세,경기도,TV홈쇼핑,선탠·선스크린화장품,품질(물품/용역)
2023020306,2023-04-17,여자,30 - 39세,경기도,모바일거래,카셰어링,부당행위
2023020307,2023-04-17,남자,30 - 39세,인천광역시,일반판매,외식,계약불이행(불완전이행)
2023020308,2023-04-17,여자,65 - 69세,서울특별시,일반판매,건강(암·기타질병)보험,약관
2023020309,2023-04-17,남자,60 - 64세,경상북도,일반판매,건강(암·기타질병)보험,약관
2023020310,2023-04-17,여자,50 - 59세,서울특별시,일반판매,정수기대여(렌트),품질(물품/용역)
2023020311,2023-04-17,남자,80세이상,광주광역시,기타통신판매,인터넷정보이용서비스,계약해제.해지/위약금
2023020312,2023-04-17,남자,65 - 69세,서울특별시,일반판매,건강(암·기타질병)보험,약관
2023020313,2023-04-17,여자,40 - 49세,인천광역시,국내온라인거래,캐주얼바지,청약철회
2023020314,2023-04-17,여자,30 - 39세,부산광역시,국내온라인거래,숙녀복세트,계약해제.해지/위약금
2023020315,2023-04-17,남자,40 - 49세,충청북도,일반판매,콜라,품질(물품/용역)
2023020316,2023-04-17,여자,50 - 59세,서울특별시,모바일거래,오이,품질(물품/용역)
2023020317,2023-04-17,여자,30 - 39세,서울특별시,국내온라인거래,캐주얼바지,품질(물품/용역)
2023020319,2023-04-17,여자,30 - 39세,경상남도,방문판매,기타유아용식생활용품,계약불이행(불완전이행)
2023020320,2023-04-17,남자,60 - 64세,경기도,국내온라인거래,국외여행,계약해제.해지/위약금
2023020321,2023-04-17,남자,50 - 59세,충청남도,전화권유판매,유사투자자문,계약해제.해지/위약금
2023020322,2023-04-17,여자,30 - 39세,인천광역시,일반판매,신발세탁,계약불이행(불완전이행)
2023020323,2023-04-17,여자,20 - 29세,부산광역시,일반판매,헬스장,계약해제.해지/위약금
2023020325,2023-04-17,여자,50 - 59세,경기도,국내온라인거래,기타의류·섬유,청약철회
2023020326,2023-04-17,여자,20 - 29세,충청북도,일반판매,치과,품질(물품/용역)
2023020327,2023-04-17,여자,50 - 59세,대전광역시,국내온라인거래,기타어패류·어패류가공식품,계약불이행(불완전이행)
2023020328,2023-04-17,여자,40 - 49세,경기도,소셜커머스(쇼핑),인터넷교육서비스,계약해제.해지/위약금
2023020329,2023-04-17,여자,20 - 29세,대전광역시,일반판매,치과,품질(물품/용역)
2023020330,2023-04-17,여자,40 - 49세,인천광역시,기타,기타정보이용서비스,계약해제.해지/위약금
2023020331,2023-04-17,여자,50 - 59세,경기도,TV홈쇼핑,코트,계약불이행(불완전이행)
2023020332,2023-04-17,남자,40 - 49세,서울특별시,국내온라인거래,운동화,품질(물품/용역)
2023020333,2023-04-17,남자,40 - 49세,전라북도,일반판매,중고자동차중개·매매,표시.광고
2023020334,2023-04-17,여자,65 - 69세,대구광역시,일반판매,실손보험,약관
2023020335,2023-04-17,여자,60 - 64세,충청남도,일반판매,건강(암·기타질병)보험,약관
2023020336,2023-04-17,여자,40 - 49세,인천광역시,국내온라인거래,호텔,계약해제.해지/위약금
2023020337,2023-04-17,여자,60 - 64세,부산광역시,일반판매,숙녀화(구두·부츠 등),품질(물품/용역)
2023020338,2023-04-17,남자,20 - 29세,서울특별시,일반판매,전자담배,품질(물품/용역)
2023020339,2023-04-17,남자,30 - 39세,전라북도,일반판매,운동화,품질(물품/용역)
2023020340,2023-04-17,남자,30 - 39세,광주광역시,국제온라인거래,영상게임기,계약해제.해지/위약금
2023020341,2023-04-17,여자,30 - 39세,충청북도,일반판매,양복(서양식 의복)세탁,품질(물품/용역)
2023020342,2023-04-17,여자,40 - 49세,서울특별시,국내온라인거래,운동화,품질(물품/용역)
2023020343,2023-04-17,여자,60 - 64세,경기도,일반판매,자동차대여(렌트),계약불이행(불완전이행)
2023020344,2023-04-17,남자,20 - 29세,대전광역시,국내온라인거래,기타의류·섬유,계약불이행(불완전이행)
2023020345,2023-04-17,여자,60 - 64세,경상북도,TV홈쇼핑,음식물처리기대여(렌트),계약해제.해지/위약금
2023020346,2023-04-17,남자,65 - 69세,서울특별시,일반판매,차량용블랙박스,계약해제.해지/위약금
2023020348,2023-04-17,여자,30 - 39세,전라북도,국내온라인거래,상품권,청약철회
2023020349,2023-04-17,여자,불명,경기도,국내온라인거래,기타회원권,계약불이행(불완전이행)
2023020350,2023-04-17,남자,30 - 39세,대전광역시,기타통신판매,학습지,청약철회
2023020351,2023-04-17,여자,20 - 29세,서울특별시,소셜커머스(쇼핑),원피스,품질(물품/용역)
2023020352,2023-04-17,여자,50 - 59세,서울특별시,일반판매,이동전화서비스,계약해제.해지/위약금
2023020353,2023-04-17,남자,30 - 39세,경기도,일반판매,헬스장,계약해제.해지/위약금
2023020354,2023-04-17,여자,50 - 59세,경기도,국내온라인거래,CCTV,표시.광고
2023020355,2023-04-17,여자,65 - 69세,서울특별시,일반판매,외식,안전(제품/시설)
2023020356,2023-04-17,남자,20 - 29세,서울특별시,소셜커머스(쇼핑),기타채소·채소가공식품,청약철회
2023020357,2023-04-17,여자,20 - 29세,대전광역시,일반판매,헬스장,계약해제.해지/위약금
2023020358,2023-04-17,여자,20 - 29세,경상남도,방문판매,헬스장,계약해제.해지/위약금
2023020359,2023-04-17,여자,40 - 49세,경상북도,일반판매,기타이·미용기구,품질(물품/용역)
2023020360,2023-04-17,여자,20 - 29세,서울특별시,방문판매,헬스장,계약해제.해지/위약금
2023020361,2023-04-17,남자,50 - 59세,경기도,TV홈쇼핑,음식물처리기대여(렌트),품질(물품/용역)
2023020362,2023-04-17,남자,30 - 39세,충청북도,기타통신판매,스마트폰,부당행위
2023020363,2023-04-17,여자,30 - 39세,부산광역시,방문판매,기타사설강습서비스,계약해제.해지/위약금
2023020364,2023-04-17,여자,30 - 39세,충청남도,전화권유판매,레저·이벤트회원권,계약해제.해지/위약금
2023020365,2023-04-17,여자,40 - 49세,경기도,국내온라인거래,캐주얼바지,청약철회
2023020366,2023-04-17,여자,30 - 39세,서울특별시,일반판매,사진촬영,계약불이행(불완전이행)
2023020367,2023-04-17,여자,30 - 39세,경기도,국내온라인거래,항공여객운송서비스,계약해제.해지/위약금
2023020368,2023-04-17,남자,50 - 59세,서울특별시,소셜커머스(쇼핑),호텔,계약해제.해지/위약금
2023020369,2023-04-17,남자,30 - 39세,서울특별시,일반판매,예식서비스,계약해제.해지/위약금
2023020370,2023-04-17,여자,20 - 29세,서울특별시,방문판매,헬스장,계약해제.해지/위약금
2023020371,2023-04-17,여자,불명,경기도,국내온라인거래,운동화,청약철회
2023020372,2023-04-17,여자,30 - 39세,경기도,국내온라인거래,점퍼·재킷류,청약철회
2023020373,2023-04-17,여자,50 - 59세,경기도,국내온라인거래,새우,품질(물품/용역)
2023020374,2023-04-17,여자,30 - 39세,경상남도,기타,기타세탁서비스,계약불이행(불완전이행)
2023020375,2023-04-17,남자,30 - 39세,인천광역시,일반판매,기타의류·섬유,청약철회
2023020376,2023-04-17,남자,30 - 39세,경기도,기타,일반이사운송서비스,품질(물품/용역)
2023020377,2023-04-17,남자,30 - 39세,경기도,국내온라인거래,전기장판,품질(물품/용역)
2023020378,2023-04-17,남자,80세이상,경기도,국제온라인거래,항공여객운송서비스,계약불이행(불완전이행)
2023020379,2023-04-17,남자,30 - 39세,인천광역시,일반판매,레저시설이용,계약해제.해지/위약금
2023020380,2023-04-17,남자,20 - 29세,서울특별시,방문판매,헬스장,계약해제.해지/위약금
2023020381,2023-04-17,남자,40 - 49세,서울특별시,국내온라인거래,항공여객운송서비스,계약불이행(불완전이행)
2023020382,2023-04-17,남자,30 - 39세,서울특별시,국내온라인거래,식사배달,표시.광고
2023020383,2023-04-17,남자,30 - 39세,경기도,국내온라인거래,기타스포츠·레저기구·용품,계약불이행(불완전이행)
2023020384,2023-04-17,여자,30 - 39세,경기도,일반판매,필라테스,계약해제.해지/위약금
2023020385,2023-04-17,남자,40 - 49세,전라북도,기타,애완견,부당행위
2023020386,2023-04-17,남자,40 - 49세,강원특별자치도,일반판매,스마트폰,AS불만
2023020387,2023-04-17,여자,20 - 29세,서울특별시,국내온라인거래,책장·서가,품질(물품/용역)
2023020388,2023-04-17,여자,30 - 39세,대구광역시,소셜커머스(쇼핑),기타부엌소모품,청약철회
2023020389,2023-04-17,남자,40 - 49세,경기도,국내온라인거래,국외여행,계약해제.해지/위약금
2023020390,2023-04-17,남자,30 - 39세,서울특별시,기타,택배화물운송서비스,품질(물품/용역)
2023020391,2023-04-17,여자,20 - 29세,인천광역시,일반판매,각종자격취득강습,청약철회
2023020392,2023-04-17,여자,40 - 49세,서울특별시,전화권유판매,기타일반화장품,계약해제.해지/위약금
2023020393,2023-04-17,남자,20 - 29세,경기도,전화권유판매,이동전화서비스,가격.요금
2023020394,2023-04-17,남자,50 - 59세,부산광역시,모바일거래,항공여객운송서비스,계약해제.해지/위약금
2023020395,2023-04-17,여자,30 - 39세,경기도,방문판매,콘도회원권,계약불이행(불완전이행)
2023020396,2023-04-17,여자,30 - 39세,서울특별시,전화권유판매,인터넷정보이용서비스,계약해제.해지/위약금
2023020397,2023-04-17,여자,40 - 49세,경상남도,국내온라인거래,기타관람·감상,계약불이행(불완전이행)
2023020398,2023-04-17,남자,40 - 49세,경기도,일반판매,의류수선,품질(물품/용역)
2023020399,2023-04-17,남자,40 - 49세,서울특별시,국내온라인거래,항공여객운송서비스,계약해제.해지/위약금
2023020400,2023-04-17,여자,30 - 39세,경기도,방문판매,학습지,계약해제.해지/위약금
2023020401,2023-04-17,남자,50 - 59세,서울특별시,일반판매,헬스장,계약해제.해지/위약금
2023020402,2023-04-17,남자,30 - 39세,세종특별자치시,국내온라인거래,기타이동통신,계약불이행(불완전이행)
2023020403,2023-04-17,남자,40 - 49세,인천광역시,일반판매,피부·체형관리서비스,계약해제.해지/위약금
2023020404,2023-04-17,여자,40 - 49세,서울특별시,국내온라인거래,기타일반화장품,계약불이행(불완전이행)
2023020405,2023-04-17,여자,30 - 39세,충청남도,일반판매,기타신발·용품,품질(물품/용역)
2023020406,2023-04-17,여자,50 - 59세,대구광역시,TV홈쇼핑,트레이닝기구,계약해제.해지/위약금
2023020407,2023-04-17,여자,20 - 29세,서울특별시,국내온라인거래,냄비,계약해제.해지/위약금
2023020408,2023-04-17,남자,40 - 49세,대구광역시,기타통신판매,케이블TV,품질(물품/용역)
2023020409,2023-04-17,여자,30 - 39세,울산광역시,국내온라인거래,원피스,청약철회
2023020410,2023-04-17,여자,20 - 29세,경상북도,일반판매,헬스장,AS불만
2023020411,2023-04-17,여자,40 - 49세,울산광역시,일반판매,보석·귀금속,품질(물품/용역)
2023020412,2023-04-17,남자,40 - 49세,경기도,일반판매,타일,AS불만
2023020414,2023-04-17,여자,30 - 39세,서울특별시,일반판매,스포츠시설이용,계약해제.해지/위약금
2023020415,2023-04-17,남자,40 - 49세,광주광역시,국내온라인거래,프린터,품질(물품/용역)
2023020416,2023-04-17,여자,30 - 39세,대전광역시,일반판매,필라테스,계약해제.해지/위약금
2023020417,2023-04-17,남자,20 - 29세,인천광역시,일반판매,헬스장,계약해제.해지/위약금
2023020418,2023-04-17,남자,40 - 49세,전라북도,기타통신판매,기타미분류물품,품질(물품/용역)
2023020419,2023-04-17,여자,40 - 49세,경기도,국내온라인거래,헤드폰·이어폰,품질(물품/용역)
2023020420,2023-04-17,남자,40 - 49세,경기도,모바일거래,인쇄서비스,청약철회
2023020421,2023-04-17,남자,60 - 64세,부산광역시,국내온라인거래,전기진공청소기,AS불만
2023020422,2023-04-17,여자,30 - 39세,대구광역시,일반판매,필라테스,계약해제.해지/위약금
2023020423,2023-04-17,남자,30 - 39세,전라북도,국내온라인거래,기타의류·섬유,청약철회
2023020424,2023-04-17,여자,30 - 39세,경기도,국내온라인거래,항공여객운송서비스,계약해제.해지/위약금
2023020425,2023-04-17,남자,20 - 29세,서울특별시,국내온라인거래,기타미분류서비스,계약해제.해지/위약금
2023020426,2023-04-17,여자,30 - 39세,인천광역시,기타,사진촬영,계약해제.해지/위약금
2023020427,2023-04-17,남자,30 - 39세,경기도,TV홈쇼핑,음식물처리기대여(렌트),AS불만
2023020428,2023-04-17,여자,30 - 39세,부산광역시,국내온라인거래,헤어드라이어,AS불만
2023020429,2023-04-17,여자,50 - 59세,경기도,모바일거래,커피메이커,계약불이행(불완전이행)
2023020430,2023-04-17,여자,20 - 29세,제주도,일반판매,헬스장,계약해제.해지/위약금
2023020431,2023-04-17,여자,30 - 39세,울산광역시,국내온라인거래,민간자격(능력)시험,계약해제.해지/위약금
2023020432,2023-04-17,여자,30 - 39세,광주광역시,일반판매,예식서비스,계약해제.해지/위약금
2023020433,2023-04-17,여자,30 - 39세,경기도,기타,헬스장,계약불이행(불완전이행)
2023020434,2023-04-17,여자,40 - 49세,전라북도,기타,인터넷교육서비스,계약해제.해지/위약금
2023020435,2023-04-17,남자,30 - 39세,서울특별시,기타,골프회원권,계약해제.해지/위약금
2023020436,2023-04-17,여자,50 - 59세,경기도,기타,아파트,계약해제.해지/위약금
2023020437,2023-04-17,여자,30 - 39세,부산광역시,국내온라인거래,아동복,청약철회
2023020438,2023-04-17,여자,불명,서울특별시,국내온라인거래,옷장,청약철회
2023020439,2023-04-17,남자,20 - 29세,경기도,방문판매,헬스장,계약해제.해지/위약금
2023020440,2023-04-17,남자,40 - 49세,경기도,기타,아파트,품질(물품/용역)
2023020441,2023-04-17,남자,50 - 59세,서울특별시,일반판매,헬스장,계약해제.해지/위약금
2023020442,2023-04-17,여자,30 - 39세,경상북도,일반판매,기타미분류서비스,계약불이행(불완전이행)
2023020443,2023-04-17,남자,20 - 29세,서울특별시,국내온라인거래,인터넷교육서비스,계약해제.해지/위약금
2023020444,2023-04-17,남자,40 - 49세,경상남도,국내온라인거래,기타스포츠·레저기구·용품,청약철회
2023020445,2023-04-17,여자,30 - 39세,경기도,국내온라인거래,원피스,품질(물품/용역)
2023020446,2023-04-17,남자,30 - 39세,전라남도,일반판매,골프회원권,계약해제.해지/위약금
2023020447,2023-04-17,여자,30 - 39세,경상남도,기타,동물약품,품질(물품/용역)
2023020448,2023-04-17,남자,30 - 39세,충청북도,일반판매,건물청소서비스,부당행위
2023020449,2023-04-17,여자,30 - 39세,울산광역시,일반판매,필라테스,계약해제.해지/위약금
2023020450,2023-04-17,남자,50 - 59세,경상남도,기타통신판매,이동전화서비스,계약불이행(불완전이행)
2023020451,2023-04-17,남자,50 - 59세,인천광역시,방문판매,콘도회원권,계약해제.해지/위약금
2023020452,2023-04-17,남자,30 - 39세,서울특별시,국내온라인거래,운동화,청약철회
2023020453,2023-04-18,남자,80세이상,경기도,국내온라인거래,마사지류,품질(물품/용역)
2023020454,2023-04-18,여자,30 - 39세,경기도,국내온라인거래,비타민제,계약불이행(불완전이행)
2023020455,2023-04-18,남자,20 - 29세,충청남도,일반판매,아파트,계약해제.해지/위약금
2023020456,2023-04-18,남자,30 - 39세,충청북도,일반판매,결혼준비대행서비스,계약해제.해지/위약금
2023020457,2023-04-18,남자,30 - 39세,부산광역시,전화권유판매,정수기대여(렌트),계약해제.해지/위약금
2023020458,2023-04-18,여자,40 - 49세,대구광역시,국내온라인거래,포장이사운송서비스,부당행위
2023020459,2023-04-18,여자,40 - 49세,대구광역시,기타통신판매,포장이사운송서비스,계약해제.해지/위약금
2023020460,2023-04-18,여자,60 - 64세,서울특별시,일반판매,피부·체형관리서비스,계약해제.해지/위약금
2023020461,2023-04-18,여자,40 - 49세,서울특별시,일반판매,필라테스,계약해제.해지/위약금
2023020462,2023-04-18,남자,20 - 29세,경기도,기타통신판매,국외여행,계약해제.해지/위약금
2023020463,2023-04-18,남자,40 - 49세,서울특별시,기타,타이어,부당행위
2023020464,2023-04-18,여자,30 - 39세,대구광역시,방문판매,콘도회원권,계약해제.해지/위약금
2023020465,2023-04-18,여자,20 - 29세,서울특별시,일반판매,필라테스,계약해제.해지/위약금
2023020466,2023-04-18,여자,50 - 59세,경기도,일반판매,침대,품질(물품/용역)
2023020467,2023-04-18,여자,30 - 39세,경기도,일반판매,신발세탁,계약불이행(불완전이행)
2023020468,2023-04-18,남자,30 - 39세,경기도,국내온라인거래,항공여객운송서비스,계약불이행(불완전이행)
2023020469,2023-04-18,여자,불명,서울특별시,국내온라인거래,니트(스웨터),청약철회
2023020470,2023-04-18,여자,40 - 49세,경기도,일반판매,요가,계약해제.해지/위약금
2023020471,2023-04-18,여자,60 - 64세,경기도,국내온라인거래,운동화,청약철회
2023020473,2023-04-18,남자,40 - 49세,충청남도,국내온라인거래,모바일게임서비스,품질(물품/용역)
2023020474,2023-04-18,남자,20 - 29세,서울특별시,국내온라인거래,페인트,품질(물품/용역)
2023020475,2023-04-18,여자,50 - 59세,경기도,국내온라인거래,애완동·식물용품,계약해제.해지/위약금
2023020476,2023-04-18,여자,30 - 39세,대전광역시,국내온라인거래,기타간편복,청약철회
2023020477,2023-04-18,여자,20 - 29세,인천광역시,국내온라인거래,항공여객운송서비스,계약불이행(불완전이행)
2023020478,2023-04-18,여자,20 - 29세,충청북도,일반판매,니트(스웨터),품질(물품/용역)
2023020479,2023-04-18,남자,20 - 29세,경기도,일반판매,헬스장,계약해제.해지/위약금
2023020480,2023-04-18,여자,30 - 39세,경기도,일반판매,헬스장,청약철회
2023020481,2023-04-18,여자,50 - 59세,서울특별시,일반판매,양복(서양식 의복)세탁,품질(물품/용역)
2023020482,2023-04-18,남자,65 - 69세,경상북도,일반판매,커피메이커,품질(물품/용역)
2023020484,2023-04-18,여자,50 - 59세,대구광역시,일반판매,캐주얼바지,품질(물품/용역)
2023020485,2023-04-18,남자,30 - 39세,전라북도,모바일거래,인터넷정보이용서비스,계약해제.해지/위약금
2023020486,2023-04-18,여자,30 - 39세,경기도,일반판매,헬스장,계약해제.해지/위약금
2023020487,2023-04-18,여자,65 - 69세,경기도,일반판매,소형화물자동차,품질(물품/용역)
2023020488,2023-04-18,남자,20 - 29세,경기도,일반판매,헬스장,계약불이행(불완전이행)
2023020489,2023-04-18,남자,60 - 64세,경기도,일반판매,기타공조·냉난방기기,계약불이행(불완전이행)
2023020490,2023-04-18,남자,30 - 39세,경상남도,일반판매,이동전화서비스,품질(물품/용역)
2023020492,2023-04-18,남자,30 - 39세,서울특별시,국내온라인거래,운동화,청약철회
2023020493,2023-04-18,여자,50 - 59세,광주광역시,일반판매,필라테스,계약해제.해지/위약금
2023020494,2023-04-18,남자,50 - 59세,경기도,기타통신판매,모바일정보이용서비스,계약해제.해지/위약금
2023020495,2023-04-18,여자,50 - 59세,전라남도,일반판매,신발세탁,계약불이행(불완전이행)
2023020496,2023-04-18,남자,70 - 79세,경상남도,국내온라인거래,기타정보이용서비스,계약해제.해지/위약금
2023020497,2023-04-18,여자,50 - 59세,서울특별시,일반판매,치과,품질(물품/용역)
2023020498,2023-04-18,남자,30 - 39세,경상남도,기타통신판매,IPTV,품질(물품/용역)
2023020499,2023-04-18,여자,65 - 69세,경기도,기타통신판매,컵,청약철회
2023020500,2023-04-18,남자,20 - 29세,서울특별시,일반판매,헬스장,계약해제.해지/위약금
2023020501,2023-04-18,남자,65 - 69세,서울특별시,일반판매,기타모피·가죽의류,청약철회
2023020502,2023-04-18,여자,20 - 29세,인천광역시,전화권유판매,상조서비스,계약해제.해지/위약금
2023020503,2023-04-18,여자,80세이상,전라남도,일반판매,마취통증의학과,품질(물품/용역)
2023020504,2023-04-18,남자,65 - 69세,인천광역시,일반판매,국내결혼중개,부당행위
2023020505,2023-04-18,남자,50 - 59세,인천광역시,일반판매,외식,품질(물품/용역)
2023020506,2023-04-18,여자,30 - 39세,서울특별시,TV홈쇼핑,미분류대여(렌트),품질(물품/용역)
2023020507,2023-04-18,남자,30 - 39세,경상남도,일반판매,중형승용자동차,AS불만
2023020508,2023-04-18,여자,30 - 39세,경기도,일반판매,양복(서양식 의복)세탁,품질(물품/용역)
2023020509,2023-04-18,여자,50 - 59세,서울특별시,기타,이동전화서비스,가격.요금
2023020511,2023-04-18,남자,50 - 59세,세종특별자치시,국내온라인거래,복합기,품질(물품/용역)
2023020513,2023-04-18,여자,50 - 59세,경상남도,일반판매,양복(서양식 의복)세탁,품질(물품/용역)
2023020514,2023-04-18,여자,50 - 59세,인천광역시,일반판매,기타인테리어설비,AS불만
2023020515,2023-04-18,여자,40 - 49세,경상남도,일반판매,양복(서양식 의복)세탁,품질(물품/용역)
2023020516,2023-04-18,여자,60 - 64세,제주도,전화권유판매,기타건강식품,무능력자계약
2023020517,2023-04-18,여자,30 - 39세,경상남도,국내온라인거래,양복(서양식 의복)세탁,품질(물품/용역)
2023020518,2023-04-18,여자,40 - 49세,서울특별시,국내온라인거래,여자용내의류,계약해제.해지/위약금
2023020519,2023-04-18,여자,40 - 49세,경기도,국내온라인거래,전기진공청소기,품질(물품/용역)
2023020520,2023-04-18,남자,60 - 64세,인천광역시,전화권유판매,유사투자자문,계약해제.해지/위약금
2023020521,2023-04-18,남자,60 - 64세,인천광역시,전화권유판매,유사투자자문,계약해제.해지/위약금
2023020522,2023-04-18,여자,10 - 19세,경기도,국내온라인거래,각종공연관람,계약해제.해지/위약금
2023020523,2023-04-18,남자,60 - 64세,경기도,일반판매,치과,품질(물품/용역)
2023020524,2023-04-18,여자,20 - 29세,서울특별시,국내온라인거래,키보드,청약철회
2023020525,2023-04-18,여자,40 - 49세,충청북도,기타,기타간편복,품질(물품/용역)
2023020527,2023-04-18,남자,40 - 49세,광주광역시,일반판매,미분류대여(렌트),거래관행
2023020528,2023-04-18,남자,50 - 59세,경기도,일반판매,정수기대여(렌트),계약해제.해지/위약금
2023020529,2023-04-18,여자,50 - 59세,경기도,국내온라인거래,캐주얼바지,품질(물품/용역)
2023020530,2023-04-18,여자,40 - 49세,서울특별시,국내온라인거래,숙녀화(구두·부츠 등),품질(물품/용역)
2023020531,2023-04-18,남자,50 - 59세,경기도,일반판매,운동화,품질(물품/용역)
2023020532,2023-04-18,남자,50 - 59세,경기도,일반판매,운동화,품질(물품/용역)
2023020533,2023-04-18,남자,불명,서울특별시,일반판매,예식서비스,계약해제.해지/위약금
2023020534,2023-04-18,남자,40 - 49세,서울특별시,일반판매,이불·요,품질(물품/용역)
2023020535,2023-04-18,남자,20 - 29세,서울특별시,일반판매,대형승용자동차,AS불만
2023020536,2023-04-18,여자,20 - 29세,서울특별시,일반판매,양복(서양식 의복)세탁,품질(물품/용역)
2023020538,2023-04-18,여자,40 - 49세,경기도,일반판매,기타일반화장품,품질(물품/용역)
2023020539,2023-04-18,여자,50 - 59세,경기도,국내온라인거래,항공여객운송서비스,계약불이행(불완전이행)
2023020540,2023-04-18,여자,30 - 39세,광주광역시,모바일거래,모바일정보이용서비스,청약철회
2023020541,2023-04-18,여자,30 - 39세,경기도,일반판매,헬스장,계약해제.해지/위약금
2023020542,2023-04-18,남자,20 - 29세,서울특별시,일반판매,종합체육시설회원권,계약해제.해지/위약금
2023020543,2023-04-18,남자,30 - 39세,서울특별시,국내온라인거래,항공여객운송서비스,부당행위
2023020544,2023-04-18,여자,30 - 39세,전라북도,국내온라인거래,캐주얼바지,청약철회
2023020545,2023-04-18,여자,70 - 79세,서울특별시,국내온라인거래,선글라스,품질(물품/용역)
2023020546,2023-04-18,여자,30 - 39세,경기도,국내온라인거래,항공여객운송서비스,계약해제.해지/위약금
2023020547,2023-04-18,여자,20 - 29세,부산광역시,기타,국외여행,품질(물품/용역)
2023020548,2023-04-18,여자,30 - 39세,충청북도,국내온라인거래,기타화물운송서비스,계약불이행(불완전이행)
2023020549,2023-04-18,여자,40 - 49세,경기도,소셜커머스(쇼핑),숙녀화(구두·부츠 등),부당행위
2023020550,2023-04-18,여자,30 - 39세,경기도,국내온라인거래,정수기,계약불이행(불완전이행)
2023020551,2023-04-18,남자,20 - 29세,경기도,일반판매,헬스장,계약해제.해지/위약금
2023020552,2023-04-18,여자,40 - 49세,부산광역시,국내온라인거래,블라우스,청약철회
2023020553,2023-04-18,남자,70 - 79세,서울특별시,일반판매,기타인터넷기반서비스,가격.요금
2023020554,2023-04-18,여자,30 - 39세,인천광역시,일반판매,기타관람·감상,안전(제품/시설)
2023020555,2023-04-18,여자,60 - 64세,서울특별시,국내온라인거래,항공여객운송서비스,계약불이행(불완전이행)
2023020556,2023-04-18,여자,40 - 49세,서울특별시,국내온라인거래,헤드폰·이어폰,품질(물품/용역)
2023020557,2023-04-18,여자,40 - 49세,경기도,일반판매,필라테스,계약해제.해지/위약금
2023020558,2023-04-18,여자,40 - 49세,서울특별시,모바일거래,다이어트식품,청약철회
2023020559,2023-04-18,남자,60 - 64세,전라남도,일반판매,묘지설비,계약해제.해지/위약금
2023020560,2023-04-18,남자,70 - 79세,서울특별시,기타,기타세탁서비스,품질(물품/용역)
2023020561,2023-04-18,남자,50 - 59세,경상남도,국제온라인거래,항공여객운송서비스,약관
2023020562,2023-04-18,여자,30 - 39세,전라남도,국내온라인거래,원피스,청약철회
2023020563,2023-04-18,남자,50 - 59세,전라남도,국내온라인거래,기타스포츠·레저기구·용품,품질(물품/용역)
2023020564,2023-04-18,남자,30 - 39세,서울특별시,일반판매,가구세트,계약불이행(불완전이행)
2023020565,2023-04-18,남자,30 - 39세,인천광역시,국내온라인거래,인터넷교육서비스,계약불이행(불완전이행)
2023020566,2023-04-18,여자,30 - 39세,서울특별시,기타,가습기,AS불만
2023020567,2023-04-18,여자,40 - 49세,경상남도,국내온라인거래,블라우스,청약철회
2023020569,2023-04-18,여자,30 - 39세,서울특별시,국내온라인거래,전자담배,품질(물품/용역)
2023020570,2023-04-18,여자,10 - 19세,인천광역시,기타,헬스장,계약해제.해지/위약금
2023020571,2023-04-18,여자,20 - 29세,서울특별시,국내온라인거래,캐주얼바지,청약철회
2023020572,2023-04-18,여자,20 - 29세,서울특별시,국제온라인거래,항공여객운송서비스,계약해제.해지/위약금
2023020573,2023-04-18,남자,65 - 69세,충청북도,국내온라인거래,인터넷교육서비스,계약불이행(불완전이행)
2023020574,2023-04-18,여자,40 - 49세,경상남도,소셜커머스(쇼핑),전기진공청소기,품질(물품/용역)
2023020575,2023-04-18,남자,60 - 64세,경상남도,일반판매,택배화물운송서비스,계약불이행(불완전이행)
2023020576,2023-04-18,여자,30 - 39세,서울특별시,국내온라인거래,기타과일·과일가공식품,청약철회
2023020577,2023-04-18,여자,20 - 29세,경기도,국내온라인거래,지갑,청약철회
2023020578,2023-04-18,여자,40 - 49세,서울특별시,기타,헬스장,계약해제.해지/위약금
2023020579,2023-04-18,여자,40 - 49세,경상북도,일반판매,학습지,계약해제.해지/위약금
2023020580,2023-04-18,여자,40 - 49세,경기도,국내온라인거래,전기세탁기,부당행위
2023020581,2023-04-18,여자,30 - 39세,광주광역시,소셜커머스(쇼핑),샌들·슬리퍼,품질(물품/용역)
2023020582,2023-04-18,남자,50 - 59세,경기도,국내온라인거래,가스보일러,AS불만
2023020583,2023-04-18,여자,20 - 29세,부산광역시,일반판매,사진촬영,계약해제.해지/위약금
2023020584,2023-04-18,여자,40 - 49세,서울특별시,일반판매,기타매체광고,계약불이행(불완전이행)
2023020585,2023-04-18,여자,50 - 59세,경기도,국내온라인거래,인쇄서비스,계약불이행(불완전이행)
2023020586,2023-04-18,여자,30 - 39세,서울특별시,일반판매,비디오카메라,AS불만
2023020587,2023-04-18,남자,30 - 39세,경상북도,국내온라인거래,벽돌,계약불이행(불완전이행)
2023020588,2023-04-18,여자,50 - 59세,서울특별시,국내온라인거래,항공여객운송서비스,계약불이행(불완전이행)
2023020589,2023-04-18,여자,30 - 39세,인천광역시,일반판매,각종자격취득강습,청약철회
2023020590,2023-04-18,남자,20 - 29세,경기도,국내온라인거래,의류관리기(스타일러 등),청약철회
2023020591,2023-04-18,남자,20 - 29세,대구광역시,국내온라인거래,기타식품류,부당행위
2023020592,2023-04-18,남자,30 - 39세,서울특별시,소셜커머스(쇼핑),캐주얼바지,표시.광고
2023020593,2023-04-18,여자,20 - 29세,서울특별시,국내온라인거래,손소독제(손세정제),청약철회
2023020594,2023-04-18,여자,20 - 29세,서울특별시,일반판매,헬스장,계약해제.해지/위약금
2023020595,2023-04-18,남자,30 - 39세,경기도,방문판매,결혼준비대행서비스,청약철회
2023020596,2023-04-18,여자,20 - 29세,서울특별시,국내온라인거래,캐주얼바지,청약철회
2023020597,2023-04-18,여자,20 - 29세,서울특별시,국내온라인거래,호텔,계약해제.해지/위약금
2023020598,2023-04-18,여자,20 - 29세,경기도,일반판매,헬스장,계약해제.해지/위약금
2023020599,2023-04-18,남자,40 - 49세,서울특별시,국내온라인거래,기타가방,청약철회
2023020600,2023-04-18,남자,50 - 59세,충청남도,국내온라인거래,기타가구,품질(물품/용역)
2023020601,2023-04-18,남자,40 - 49세,경기도,일반판매,기타가구,품질(물품/용역)
2023020602,2023-04-18,여자,20 - 29세,경기도,국내온라인거래,기타숙박시설,계약해제.해지/위약금
2023020603,2023-04-18,남자,30 - 39세,서울특별시,일반판매,기타어패류·어패류가공식품,안전(제품/시설)
2023020604,2023-04-18,여자,40 - 49세,서울특별시,모바일거래,가사도우미,부당행위
2023020605,2023-04-18,여자,30 - 39세,인천광역시,국내온라인거래,정수기대여(렌트),계약해제.해지/위약금
2023020606,2023-04-18,남자,40 - 49세,서울특별시,일반판매,택배화물운송서비스,품질(물품/용역)
2023020607,2023-04-18,남자,30 - 39세,부산광역시,일반판매,기타예식관련서비스,계약해제.해지/위약금
2023020608,2023-04-18,남자,불명,대구광역시,국내온라인거래,항공여객운송서비스,부당행위
2023020609,2023-04-18,여자,30 - 39세,인천광역시,국내온라인거래,기타일반화장품,계약해제.해지/위약금
2023020610,2023-04-18,남자,30 - 39세,강원특별자치도,방문판매,인터넷교육서비스,계약해제.해지/위약금
2023020612,2023-04-18,남자,40 - 49세,경기도,국내온라인거래,조개,청약철회
2023020613,2023-04-18,여자,40 - 49세,인천광역시,국내온라인거래,항공여객운송서비스,계약해제.해지/위약금
2023020614,2023-04-18,여자,30 - 39세,서울특별시,국내온라인거래,기타완구·인형,계약불이행(불완전이행)
2023020615,2023-04-18,여자,불명,대구광역시,국내온라인거래,인터넷교육서비스,표시.광고
2023020616,2023-04-18,여자,30 - 39세,경기도,국내온라인거래,기타시계류,계약불이행(불완전이행)
2023020617,2023-04-18,남자,30 - 39세,경상남도,일반판매,예식서비스,계약해제.해지/위약금
2023020618,2023-04-18,남자,30 - 39세,서울특별시,방문판매,헬스장,계약해제.해지/위약금
2023020619,2023-04-18,남자,30 - 39세,경상북도,국내온라인거래,항공여객운송서비스,청약철회
2023020620,2023-04-18,남자,40 - 49세,서울특별시,일반판매,이동전화서비스,계약불이행(불완전이행)
2023020621,2023-04-18,여자,30 - 39세,서울특별시,국내온라인거래,샌들·슬리퍼,청약철회
2023020622,2023-04-18,남자,50 - 59세,서울특별시,기타,빵,계약불이행(불완전이행)
2023020623,2023-04-18,여자,20 - 29세,경기도,전화권유판매,인터넷정보이용서비스,계약해제.해지/위약금
2023020624,2023-04-18,여자,20 - 29세,경기도,일반판매,필라테스,계약해제.해지/위약금
2023020625,2023-04-18,남자,30 - 39세,충청남도,소셜커머스(쇼핑),전기진공청소기,품질(물품/용역)
2023020626,2023-04-18,남자,30 - 39세,서울특별시,기타,룸에어컨,AS불만
2023020627,2023-04-18,남자,40 - 49세,경상북도,모바일거래,인터넷교육서비스,계약불이행(불완전이행)
2023020628,2023-04-18,남자,50 - 59세,광주광역시,국내온라인거래,여관(모텔),품질(물품/용역)
2023020629,2023-04-18,여자,40 - 49세,경기도,일반판매,필라테스,계약해제.해지/위약금
2023020630,2023-04-18,여자,30 - 39세,부산광역시,일반판매,떡류,계약불이행(불완전이행)
2023020631,2023-04-18,남자,40 - 49세,전라북도,국제온라인거래,여자용내의류,청약철회
2023020632,2023-04-18,여자,50 - 59세,경상남도,모바일거래,점퍼·재킷류,청약철회
2023020633,2023-04-18,남자,20 - 29세,경기도,일반판매,헬스장,계약해제.해지/위약금
2023020634,2023-04-18,여자,30 - 39세,울산광역시,일반판매,필라테스,계약해제.해지/위약금
2023020635,2023-04-18,남자,40 - 49세,서울특별시,모바일거래,항공여객운송서비스,계약해제.해지/위약금
2023020636,2023-04-19,남자,40 - 49세,서울특별시,일반판매,자동차주차장,부당행위
2023020640,2023-04-19,여자,30 - 39세,경기도,국내온라인거래,아동복,AS불만
2023020642,2023-04-18,여자,50 - 59세,서울특별시,일반판매,보석·귀금속,품질(물품/용역)
2023020643,2023-04-19,여자,65 - 69세,인천광역시,일반판매,건강(암·기타질병)보험,약관
2023020644,2023-04-19,여자,40 - 49세,인천광역시,기타통신판매,일반자전거,품질(물품/용역)
2023020645,2023-04-19,여자,10 - 19세,부산광역시,일반판매,기타사설강습서비스,계약해제.해지/위약금
2023020646,2023-04-19,여자,30 - 39세,경상남도,국내온라인거래,기타신발·용품,청약철회
2023020647,2023-04-19,남자,60 - 64세,서울특별시,일반판매,대형승용자동차,품질(물품/용역)
2023020648,2023-04-19,여자,70 - 79세,서울특별시,일반판매,기타약품,안전(제품/시설)
2023020650,2023-04-19,여자,10 - 19세,부산광역시,일반판매,필라테스,계약해제.해지/위약금
2023020651,2023-04-19,여자,30 - 39세,서울특별시,국내온라인거래,항공여객운송서비스,계약해제.해지/위약금
2023020652,2023-04-19,남자,30 - 39세,서울특별시,국내온라인거래,헤드폰·이어폰,계약불이행(불완전이행)
2023020653,2023-04-19,여자,50 - 59세,서울특별시,국내온라인거래,기타가방,품질(물품/용역)
2023020654,2023-04-19,남자,40 - 49세,부산광역시,기타,스마트폰,품질(물품/용역)
2023020655,2023-04-19,여자,30 - 39세,서울특별시,국내온라인거래,헬스장,청약철회
2023020656,2023-04-19,남자,40 - 49세,서울특별시,일반판매,가구세트,계약해제.해지/위약금
2023020657,2023-04-19,여자,20 - 29세,경기도,일반판매,애완고양이,거래관행
2023020658,2023-04-19,남자,50 - 59세,서울특별시,국내온라인거래,비데,품질(물품/용역)
2023020659,2023-04-19,남자,30 - 39세,인천광역시,전화권유판매,인터넷정보이용서비스,계약해제.해지/위약금
2023020660,2023-04-19,남자,50 - 59세,경상북도,일반판매,골프회원권,계약해제.해지/위약금
2023020661,2023-04-19,여자,30 - 39세,경기도,기타,헬스장,계약해제.해지/위약금
2023020662,2023-04-19,여자,40 - 49세,인천광역시,일반판매,기타간편복,품질(물품/용역)
2023020663,2023-04-19,남자,30 - 39세,경기도,일반판매,양복(서양식 의복)세탁,품질(물품/용역)
2023020664,2023-04-19,여자,40 - 49세,서울특별시,모바일거래,모바일정보이용서비스,부당행위
2023020665,2023-04-19,남자,30 - 39세,대전광역시,국내온라인거래,소파,품질(물품/용역)
2023020666,2023-04-19,여자,40 - 49세,충청남도,방문판매,학습지,계약해제.해지/위약금
2023020667,2023-04-19,여자,30 - 39세,경기도,방문판매,다이어트식품,표시.광고
2023020668,2023-04-19,남자,30 - 39세,충청남도,전화권유판매,유사투자자문,계약해제.해지/위약금
2023020669,2023-04-19,남자,30 - 39세,경기도,일반판매,기타이·미용서비스,계약해제.해지/위약금
2023020670,2023-04-19,여자,40 - 49세,광주광역시,국내온라인거래,원피스,품질(물품/용역)
2023020671,2023-04-19,여자,70 - 79세,서울특별시,국내온라인거래,포장이사운송서비스,품질(물품/용역)
2023020672,2023-04-19,여자,40 - 49세,경기도,국내온라인거래,이동전화서비스,계약불이행(불완전이행)
2023020673,2023-04-19,여자,30 - 39세,경기도,일반판매,점퍼·재킷류,품질(물품/용역)
2023020674,2023-04-19,여자,40 - 49세,서울특별시,소셜커머스(쇼핑),보조배터리,청약철회
2023020675,2023-04-19,남자,60 - 64세,경상북도,일반판매,양복(서양식 의복)세탁,품질(물품/용역)
2023020676,2023-04-19,여자,20 - 29세,경기도,일반판매,피부·체형관리서비스,계약해제.해지/위약금
2023020677,2023-04-19,남자,40 - 49세,대구광역시,일반판매,중형승용자동차,품질(물품/용역)
2023020678,2023-04-19,남자,20 - 29세,경기도,일반판매,양복(서양식 의복)세탁,품질(물품/용역)
2023020680,2023-04-19,남자,70 - 79세,경기도,일반판매,건강(암·기타질병)보험,약관
2023020681,2023-04-19,여자,30 - 39세,경기도,기타통신판매,셔츠,계약불이행(불완전이행)
2023020682,2023-04-19,남자,70 - 79세,경기도,일반판매,유사투자자문,계약해제.해지/위약금
2023020683,2023-04-19,남자,50 - 59세,서울특별시,국내온라인거래,마사지류,청약철회
2023020684,2023-04-19,남자,50 - 59세,부산광역시,국내온라인거래,이동전화서비스,계약불이행(불완전이행)
2023020686,2023-04-19,남자,40 - 49세,대구광역시,일반판매,국제결혼중개,계약해제.해지/위약금
2023020687,2023-04-19,여자,30 - 39세,경기도,일반판매,"연회서비스(돌잔치,회갑 등)",계약해제.해지/위약금
2023020688,2023-04-19,여자,40 - 49세,서울특별시,일반판매,기타옥외장비·설비,품질(물품/용역)
2023020689,2023-04-19,여자,70 - 79세,서울특별시,일반판매,자동차수리·점검,부당행위
2023020690,2023-04-19,여자,60 - 64세,경기도,TV홈쇼핑,안마의자대여(렌트),품질(물품/용역)
2023020691,2023-04-19,남자,30 - 39세,경기도,국내온라인거래,기타자동차용품,AS불만
2023020692,2023-04-19,여자,30 - 39세,경기도,국내온라인거래,기타가구,품질(물품/용역)
2023020693,2023-04-19,여자,60 - 64세,서울특별시,일반판매,기타모피·가죽의류,품질(물품/용역)
2023020694,2023-04-19,남자,80세이상,부산광역시,일반판매,상조서비스,계약해제.해지/위약금
2023020695,2023-04-19,여자,50 - 59세,충청남도,일반판매,방사선종양학과,품질(물품/용역)
2023020697,2023-04-19,여자,40 - 49세,대구광역시,국내온라인거래,핸드백,품질(물품/용역)
2023020698,2023-04-19,여자,40 - 49세,경기도,모바일거래,자동차대여(렌트),계약해제.해지/위약금
2023020699,2023-04-19,남자,65 - 69세,대전광역시,일반판매,소파,품질(물품/용역)
2023020701,2023-04-19,여자,20 - 29세,서울특별시,일반판매,헬스장,계약해제.해지/위약금
2023020702,2023-04-19,여자,65 - 69세,경기도,국제온라인거래,항공여객운송서비스,계약해제.해지/위약금
2023020703,2023-04-19,여자,30 - 39세,경기도,일반판매,헬스장,계약해제.해지/위약금
2023020704,2023-04-19,여자,40 - 49세,대구광역시,일반판매,숙녀복하의,품질(물품/용역)
2023020705,2023-04-19,남자,30 - 39세,경기도,일반판매,보석·귀금속,계약불이행(불완전이행)
2023020706,2023-04-19,남자,60 - 64세,전라남도,일반판매,건강(암·기타질병)보험,계약불이행(불완전이행)
2023020707,2023-04-19,여자,30 - 39세,서울특별시,일반판매,헤드폰·이어폰,계약불이행(불완전이행)
2023020708,2023-04-19,여자,30 - 39세,경기도,소셜커머스(쇼핑),기타책상·테이블류,품질(물품/용역)
2023020709,2023-04-19,남자,20 - 29세,충청북도,일반판매,헬스장,계약해제.해지/위약금
2023020710,2023-04-19,남자,30 - 39세,경기도,일반판매,점퍼·재킷류,품질(물품/용역)
2023020711,2023-04-19,남자,30 - 39세,경기도,일반판매,자동차수리·점검,AS불만
2023020712,2023-04-19,여자,50 - 59세,광주광역시,기타통신판매,일반이사운송서비스,계약해제.해지/위약금
2023020713,2023-04-19,여자,50 - 59세,부산광역시,일반판매,핸드백,품질(물품/용역)
2023020714,2023-04-19,남자,50 - 59세,전라남도,기타통신판매,골프용품,AS불만
2023020717,2023-04-19,여자,30 - 39세,서울특별시,일반판매,헬스장,계약해제.해지/위약금
2023020720,2023-04-19,여자,50 - 59세,경기도,일반판매,기타가방,품질(물품/용역)
2023020721,2023-04-19,남자,40 - 49세,경기도,기타,비뇨의학과,품질(물품/용역)
2023020722,2023-04-19,여자,50 - 59세,광주광역시,전화권유판매,유사투자자문,계약해제.해지/위약금
2023020723,2023-04-19,여자,불명,서울특별시,일반판매,기타가방,품질(물품/용역)
2023020724,2023-04-19,남자,70 - 79세,경기도,일반판매,건강(암·기타질병)보험,약관
2023020726,2023-04-19,남자,40 - 49세,서울특별시,국내온라인거래,성기능향상기기,계약불이행(불완전이행)
2023020727,2023-04-19,남자,50 - 59세,부산광역시,전화권유판매,유사투자자문,청약철회
2023020728,2023-04-19,여자,30 - 39세,대구광역시,국내온라인거래,블라우스,청약철회
2023020729,2023-04-19,여자,40 - 49세,서울특별시,국내온라인거래,전기포트,안전(제품/시설)
2023020732,2023-04-19,남자,30 - 39세,경기도,국내온라인거래,태블릿PC,품질(물품/용역)
2023020733,2023-04-19,여자,50 - 59세,서울특별시,일반판매,정수기대여(렌트),계약불이행(불완전이행)
2023020734,2023-04-19,남자,30 - 39세,서울특별시,국내온라인거래,헤어드라이어,품질(물품/용역)
2023020735,2023-04-19,남자,60 - 64세,서울특별시,기타,초고속인터넷,가격.요금
2023020736,2023-04-19,여자,30 - 39세,서울특별시,방문판매,포장이사운송서비스,품질(물품/용역)
2023020737,2023-04-19,여자,40 - 49세,대구광역시,기타,헬스장,계약해제.해지/위약금
2023020738,2023-04-19,여자,20 - 29세,경기도,국내온라인거래,국외여행,계약불이행(불완전이행)
2023020739,2023-04-19,여자,40 - 49세,강원특별자치도,국내온라인거래,기타식용종자·식용버섯류,표시.광고
2023020740,2023-04-19,여자,50 - 59세,서울특별시,소셜커머스(쇼핑),콘도,계약해제.해지/위약금
2023020741,2023-04-19,남자,40 - 49세,인천광역시,일반판매,소파,계약불이행(불완전이행)
2023020742,2023-04-19,여자,30 - 39세,서울특별시,방문판매,포장이사운송서비스,품질(물품/용역)
2023020743,2023-04-19,여자,30 - 39세,인천광역시,일반판매,헬스장,계약해제.해지/위약금
2023020744,2023-04-19,여자,30 - 39세,경기도,국내온라인거래,기타문화·오락시설이용,계약해제.해지/위약금
2023020745,2023-04-19,남자,30 - 39세,경기도,국내온라인거래,일반강습(입시학원등),계약해제.해지/위약금
2023020746,2023-04-19,여자,30 - 39세,경상북도,모바일거래,기타가방,청약철회
2023020747,2023-04-19,여자,30 - 39세,대구광역시,일반판매,보석·귀금속,청약철회
2023020748,2023-04-19,남자,30 - 39세,서울특별시,국내온라인거래,컴퓨터모니터(데스크탑),품질(물품/용역)
2023020749,2023-04-19,여자,40 - 49세,인천광역시,국내온라인거래,기타아동복,품질(물품/용역)
2023020750,2023-04-19,여자,30 - 39세,서울특별시,기타,헬스장,계약해제.해지/위약금
2023020751,2023-04-19,여자,50 - 59세,광주광역시,일반판매,기타채소·채소가공식품,품질(물품/용역)
2023020752,2023-04-19,여자,20 - 29세,서울특별시,일반판매,해외유학알선,계약해제.해지/위약금
2023020753,2023-04-19,여자,30 - 39세,인천광역시,일반판매,헬스장,계약해제.해지/위약금
2023020754,2023-04-19,여자,30 - 39세,인천광역시,국내온라인거래,악기용품,가격.요금
2023020755,2023-04-19,여자,20 - 29세,서울특별시,국내온라인거래,핸드백,계약불이행(불완전이행)
2023020756,2023-04-19,여자,50 - 59세,경기도,국내온라인거래,기타전기·승강설비,품질(물품/용역)
2023020757,2023-04-19,여자,20 - 29세,경기도,전화권유판매,필라테스,계약해제.해지/위약금
2023020758,2023-04-19,남자,30 - 39세,경기도,일반판매,오피스텔,표시.광고
2023020759,2023-04-19,여자,40 - 49세,대구광역시,국내온라인거래,기타보건·위생용품,청약철회
2023020760,2023-04-19,남자,20 - 29세,서울특별시,국내온라인거래,기타신발·용품,청약철회
2023020761,2023-04-19,남자,20 - 29세,서울특별시,일반판매,헬스장,계약해제.해지/위약금
2023020762,2023-04-19,여자,30 - 39세,서울특별시,국내온라인거래,소파,품질(물품/용역)
2023020763,2023-04-19,남자,30 - 39세,서울특별시,일반판매,독서실이용,계약해제.해지/위약금
2023020764,2023-04-19,여자,30 - 39세,서울특별시,전화권유판매,기타회원권,계약해제.해지/위약금
2023020765,2023-04-19,여자,30 - 39세,서울특별시,국내온라인거래,벨트,계약불이행(불완전이행)
2023020766,2023-04-19,여자,40 - 49세,부산광역시,국내온라인거래,레저시설이용,부당행위
2023020767,2023-04-19,여자,40 - 49세,부산광역시,국내온라인거래,유통시설이용,부당행위
2023020768,2023-04-19,여자,40 - 49세,부산광역시,국내온라인거래,유통시설이용,부당행위
2023020769,2023-04-19,남자,20 - 29세,인천광역시,일반판매,미분류수리가공,계약불이행(불완전이행)
2023020770,2023-04-19,남자,40 - 49세,경기도,소셜커머스(쇼핑),기타가사장비품,품질(물품/용역)
2023020771,2023-04-19,여자,70 - 79세,서울특별시,일반판매,국내여행,계약해제.해지/위약금
2023020772,2023-04-19,여자,20 - 29세,경기도,모바일거래,숙녀복하의,청약철회
2023020773,2023-04-19,여자,20 - 29세,경상남도,모바일거래,부업알선,계약해제.해지/위약금
2023020774,2023-04-19,여자,40 - 49세,경상남도,국내온라인거래,숙녀화(구두·부츠 등),품질(물품/용역)
2023020775,2023-04-19,여자,30 - 39세,경기도,모바일거래,펜션,약관
2023020776,2023-04-19,남자,40 - 49세,경기도,국내온라인거래,각종공연관람,계약해제.해지/위약금
2023020777,2023-04-19,남자,20 - 29세,경기도,소셜커머스(쇼핑),식기세척기,계약불이행(불완전이행)
2023020778,2023-04-19,여자,30 - 39세,부산광역시,전화권유판매,이동전화서비스,계약불이행(불완전이행)
2023020779,2023-04-19,여자,40 - 49세,경기도,국내온라인거래,국외여행,계약불이행(불완전이행)
2023020780,2023-04-19,남자,20 - 29세,경기도,전화권유판매,모바일정보이용서비스,부당행위
2023020781,2023-04-19,여자,40 - 49세,경상북도,국내온라인거래,이유식,안전(제품/시설)
2023020782,2023-04-19,여자,40 - 49세,충청남도,일반판매,골프회원권,계약해제.해지/위약금
2023020783,2023-04-19,여자,40 - 49세,경기도,일반판매,애완견,품질(물품/용역)
2023020784,2023-04-19,여자,30 - 39세,서울특별시,국내온라인거래,지갑,청약철회
2023020785,2023-04-19,남자,65 - 69세,부산광역시,소셜커머스(쇼핑),메모리,청약철회
2023020786,2023-04-19,남자,30 - 39세,서울특별시,국내온라인거래,스마트폰,가격.요금
2023020787,2023-04-19,여자,20 - 29세,대구광역시,국내온라인거래,일반강습(입시학원등),계약해제.해지/위약금
2023020788,2023-04-19,여자,30 - 39세,경기도,일반판매,헬스장,계약해제.해지/위약금
2023020789,2023-04-19,남자,40 - 49세,인천광역시,국제온라인거래,항공여객운송서비스,청약철회
2023020790,2023-04-19,여자,40 - 49세,울산광역시,국내온라인거래,애완동물기타,품질(물품/용역)
2023020791,2023-04-19,남자,20 - 29세,대구광역시,소셜커머스(쇼핑),퍼스널컴퓨터,약관
2023020792,2023-04-19,여자,60 - 64세,대구광역시,소셜커머스(쇼핑),국외여행,부당행위
2023020793,2023-04-19,여자,20 - 29세,서울특별시,일반판매,필라테스,계약해제.해지/위약금
2023020794,2023-04-19,여자,20 - 29세,경상남도,모바일거래,기타가방,청약철회
2023020796,2023-04-19,여자,50 - 59세,경기도,기타,아파트,AS불만
2023020797,2023-04-19,여자,20 - 29세,경기도,모바일거래,호텔,청약철회
2023020798,2023-04-19,여자,20 - 29세,부산광역시,기타,필라테스,계약해제.해지/위약금
2023020799,2023-04-19,남자,40 - 49세,충청남도,국내온라인거래,점퍼·재킷류,계약불이행(불완전이행)
2023020800,2023-04-19,남자,30 - 39세,인천광역시,방문판매,보석·귀금속,청약철회
2023020801,2023-04-19,여자,60 - 64세,대전광역시,기타,국내결혼중개,계약해제.해지/위약금
2023020802,2023-04-19,여자,30 - 39세,경기도,국내온라인거래,단행본,계약불이행(불완전이행)
2023020803,2023-04-19,여자,20 - 29세,경기도,국내온라인거래,통신기기주변장치,안전(제품/시설)
2023020804,2023-04-19,여자,30 - 39세,경기도,국내온라인거래,캐주얼바지,품질(물품/용역)
2023020805,2023-04-19,여자,20 - 29세,대전광역시,일반판매,헬스장,계약해제.해지/위약금
2023020806,2023-04-19,여자,30 - 39세,경상북도,일반판매,사진촬영,계약해제.해지/위약금
2023020807,2023-04-19,남자,30 - 39세,서울특별시,모바일거래,항공여객운송서비스,청약철회
2023020808,2023-04-19,여자,40 - 49세,부산광역시,국내온라인거래,기타가방,청약철회
2023020809,2023-04-19,남자,30 - 39세,경기도,국내온라인거래,소파,품질(물품/용역)
2023020811,2023-04-19,여자,20 - 29세,서울특별시,국내온라인거래,여자용내의류,청약철회
2023020814,2023-04-19,남자,50 - 59세,서울특별시,국내온라인거래,국외여행,계약불이행(불완전이행)
2023020815,2023-04-19,남자,30 - 39세,경기도,일반판매,결혼준비대행서비스,청약철회
2023020816,2023-04-19,여자,40 - 49세,서울특별시,국내온라인거래,스피커,표시.광고
2023020817,2023-04-19,여자,30 - 39세,서울특별시,방문판매,필라테스,계약해제.해지/위약금
2023020818,2023-04-19,여자,20 - 29세,경기도,일반판매,피부·체형관리서비스,계약해제.해지/위약금
2023020819,2023-04-19,여자,50 - 59세,경기도,일반판매,헬스장,계약해제.해지/위약금
2023020821,2023-04-19,여자,30 - 39세,인천광역시,일반판매,종합체육시설회원권,계약해제.해지/위약금
2023020822,2023-04-19,남자,40 - 49세,경기도,국제온라인거래,항공여객운송서비스,계약해제.해지/위약금
2023020824,2023-04-19,여자,50 - 59세,인천광역시,기타,욕실설비,품질(물품/용역)
2023020825,2023-04-19,여자,30 - 39세,경기도,일반판매,필라테스,계약해제.해지/위약금
2023020826,2023-04-19,여자,30 - 39세,경기도,일반판매,사진촬영,계약해제.해지/위약금
2023020827,2023-04-19,남자,20 - 29세,경기도,국내온라인거래,즉석조리식품,표시.광고
2023020828,2023-04-19,남자,40 - 49세,경기도,방문판매,시계,AS불만
2023020829,2023-04-19,여자,20 - 29세,경기도,국내온라인거래,수저,표시.광고
2023020830,2023-04-20,여자,30 - 39세,서울특별시,국내온라인거래,기타가방,품질(물품/용역)
2023020831,2023-04-20,남자,30 - 39세,경기도,국내온라인거래,전동킥보드,품질(물품/용역)
2023020832,2023-04-20,남자,50 - 59세,광주광역시,일반판매,건강(암·기타질병)보험,약관
2023020833,2023-04-20,남자,50 - 59세,서울특별시,국내온라인거래,기타숙박시설,청약철회
2023020834,2023-04-20,여자,50 - 59세,서울특별시,일반판매,해외유학알선,계약해제.해지/위약금
2023020835,2023-04-20,남자,50 - 59세,대전광역시,전화권유판매,기타정보이용서비스,계약해제.해지/위약금
2023020836,2023-04-20,여자,80세이상,경기도,국내온라인거래,헤드폰·이어폰,계약불이행(불완전이행)
2023020837,2023-04-20,여자,30 - 39세,세종특별자치시,국내온라인거래,운동화,청약철회
2023020838,2023-04-20,여자,30 - 39세,서울특별시,기타통신판매,사진촬영,계약해제.해지/위약금
2023020839,2023-04-20,남자,70 - 79세,서울특별시,일반판매,기타사설강습서비스,표시.광고
2023020840,2023-04-20,여자,40 - 49세,세종특별자치시,전화권유판매,자동차보험,계약불이행(불완전이행)
2023020841,2023-04-20,여자,30 - 39세,서울특별시,일반판매,피부·체형관리서비스,계약해제.해지/위약금
2023020842,2023-04-20,남자,40 - 49세,서울특별시,일반판매,자동차수리·점검,부당행위
2023020843,2023-04-20,여자,30 - 39세,서울특별시,국내온라인거래,자동차주차장,청약철회
2023020845,2023-04-20,남자,80세이상,경상북도,전화권유판매,기타건강식품,부당행위
2023020846,2023-04-20,여자,30 - 39세,인천광역시,일반판매,골프회원권,계약해제.해지/위약금
2023020848,2023-04-20,여자,30 - 39세,경기도,기타,사진촬영,계약불이행(불완전이행)
2023020849,2023-04-20,여자,65 - 69세,전라남도,일반판매,기타인테리어설비,품질(물품/용역)
2023020850,2023-04-20,여자,40 - 49세,서울특별시,기타,상품권,거래관행
2023020851,2023-04-20,여자,40 - 49세,서울특별시,국내온라인거래,기타가방,품질(물품/용역)
2023020852,2023-04-20,여자,40 - 49세,서울특별시,일반판매,필라테스,계약해제.해지/위약금
2023020853,2023-04-20,남자,30 - 39세,서울특별시,모바일거래,여관(모텔),계약해제.해지/위약금
2023020854,2023-04-20,여자,65 - 69세,경기도,TV홈쇼핑,음식물처리기대여(렌트),계약해제.해지/위약금
2023020855,2023-04-20,여자,30 - 39세,경기도,일반판매,산후조리원,계약해제.해지/위약금
2023020856,2023-04-20,여자,40 - 49세,경기도,방문판매,학습지,계약해제.해지/위약금
2023020857,2023-04-20,여자,30 - 39세,세종특별자치시,일반판매,헬스장,계약해제.해지/위약금
2023020858,2023-04-20,여자,65 - 69세,인천광역시,일반판매,건강(암·기타질병)보험,약관
2023020859,2023-04-20,남자,40 - 49세,대구광역시,일반판매,기타숙박시설,계약해제.해지/위약금
2023020860,2023-04-20,남자,30 - 39세,충청남도,기타통신판매,포장이사운송서비스,품질(물품/용역)
2023020861,2023-04-20,여자,30 - 39세,경기도,일반판매,양복(서양식 의복)세탁,품질(물품/용역)
2023020862,2023-04-20,여자,20 - 29세,경기도,국내온라인거래,기타문화·오락시설이용,계약해제.해지/위약금
2023020863,2023-04-20,여자,40 - 49세,경상남도,전화권유판매,인터넷정보이용서비스,계약불이행(불완전이행)
2023020864,2023-04-20,여자,30 - 39세,서울특별시,일반판매,헬스장,계약해제.해지/위약금
2023020865,2023-04-20,여자,40 - 49세,경기도,일반판매,예식서비스,계약해제.해지/위약금
2023020866,2023-04-20,남자,50 - 59세,서울특별시,일반판매,실손보험,계약불이행(불완전이행)
2023020867,2023-04-20,여자,30 - 39세,서울특별시,국내온라인거래,헬스장,계약해제.해지/위약금
2023020868,2023-04-20,여자,30 - 39세,서울특별시,일반판매,아파트,계약불이행(불완전이행)
2023020869,2023-04-20,여자,30 - 39세,경기도,국내온라인거래,전기맛사지기,품질(물품/용역)
2023020870,2023-04-20,남자,50 - 59세,경기도,일반판매,점퍼·재킷류,품질(물품/용역)
2023020871,2023-04-20,여자,40 - 49세,경기도,기타,헬스장,계약해제.해지/위약금
2023020872,2023-04-20,여자,50 - 59세,서울특별시,일반판매,포장이사운송서비스,거래관행
2023020873,2023-04-20,여자,40 - 49세,경기도,국내온라인거래,신유형상품권,계약불이행(불완전이행)
2023020874,2023-04-20,여자,불명,충청북도,모바일거래,분유,품질(물품/용역)
2023020875,2023-04-20,남자,30 - 39세,서울특별시,국내온라인거래,캐주얼바지,품질(물품/용역)
2023020876,2023-04-20,남자,30 - 39세,충청남도,일반판매,오토바이,품질(물품/용역)
2023020877,2023-04-20,여자,50 - 59세,전라남도,일반판매,시스템에어컨,계약불이행(불완전이행)
2023020878,2023-04-20,여자,30 - 39세,서울특별시,국내온라인거래,식탁,청약철회
2023020879,2023-04-20,여자,30 - 39세,울산광역시,국내온라인거래,원피스,품질(물품/용역)
2023020880,2023-04-20,남자,40 - 49세,인천광역시,일반판매,필라테스,계약불이행(불완전이행)
2023020881,2023-04-20,남자,30 - 39세,서울특별시,모바일거래,식사배달,거래관행
2023020882,2023-04-20,여자,40 - 49세,충청북도,방문판매,전기장판,품질(물품/용역)
2023020883,2023-04-20,여자,60 - 64세,경기도,일반판매,이불·요,품질(물품/용역)
2023020884,2023-04-20,여자,20 - 29세,서울특별시,국내온라인거래,기타사설강습서비스,계약해제.해지/위약금
2023020885,2023-04-20,여자,40 - 49세,경기도,전화권유판매,기타정보이용서비스,계약해제.해지/위약금
2023020886,2023-04-20,여자,30 - 39세,경기도,국내온라인거래,항공여객운송서비스,계약불이행(불완전이행)
2023020887,2023-04-20,남자,70 - 79세,서울특별시,일반판매,스마트폰,품질(물품/용역)
2023020888,2023-04-20,남자,30 - 39세,경기도,소셜커머스(쇼핑),신유형상품권,약관
2023020889,2023-04-20,남자,60 - 64세,경기도,국내온라인거래,점퍼·재킷류,품질(물품/용역)
2023020890,2023-04-20,여자,30 - 39세,경기도,일반판매,양복(서양식 의복)세탁,품질(물품/용역)
2023020891,2023-04-20,여자,20 - 29세,인천광역시,모바일거래,사진촬영,계약해제.해지/위약금
2023020892,2023-04-20,여자,40 - 49세,서울특별시,국내온라인거래,전기장판,품질(물품/용역)
2023020893,2023-04-20,여자,30 - 39세,경기도,일반판매,양복(서양식 의복)세탁,품질(물품/용역)
2023020894,2023-04-20,여자,50 - 59세,경기도,일반판매,헬스장,계약불이행(불완전이행)
2023020895,2023-04-20,여자,80세이상,서울특별시,일반판매,정형외과,품질(물품/용역)
2023020896,2023-04-20,여자,70 - 79세,충청북도,방문판매,기타옥외장비·설비,부당행위
2023020897,2023-04-20,여자,50 - 59세,서울특별시,국내온라인거래,기타채소·채소가공식품,품질(물품/용역)
2023020898,2023-04-20,남자,60 - 64세,경기도,일반판매,정형외과,품질(물품/용역)
2023020899,2023-04-20,여자,20 - 29세,경기도,일반판매,국내결혼중개,계약해제.해지/위약금
2023020900,2023-04-20,남자,50 - 59세,부산광역시,방문판매,가스보일러,품질(물품/용역)
2023020901,2023-04-20,여자,50 - 59세,경기도,전화권유판매,인터넷정보이용서비스,계약해제.해지/위약금
2023020903,2023-04-20,남자,60 - 64세,서울특별시,모바일거래,소파베드,AS불만
2023020904,2023-04-20,여자,30 - 39세,서울특별시,일반판매,국외여행,계약불이행(불완전이행)
2023020905,2023-04-20,남자,40 - 49세,서울특별시,국내온라인거래,기타냉장·냉동기기,표시.광고
2023020906,2023-04-20,남자,30 - 39세,경기도,국내온라인거래,외국어강습,계약불이행(불완전이행)
2023020907,2023-04-20,여자,40 - 49세,경상북도,모바일거래,레저·이벤트회원권,청약철회
2023020908,2023-04-20,남자,40 - 49세,서울특별시,기타,미분류대여(렌트),계약해제.해지/위약금
2023020909,2023-04-20,여자,30 - 39세,서울특별시,국내온라인거래,점퍼·재킷류,청약철회
2023020910,2023-04-20,여자,40 - 49세,경기도,국내온라인거래,인터넷교육서비스,계약해제.해지/위약금
2023020911,2023-04-20,남자,50 - 59세,경상남도,일반판매,양복(서양식 의복)세탁,품질(물품/용역)
2023020912,2023-04-20,여자,30 - 39세,서울특별시,일반판매,예식서비스,계약해제.해지/위약금
2023020913,2023-04-20,여자,불명,경기도,일반판매,니트(스웨터),품질(물품/용역)
2023020914,2023-04-20,남자,30 - 39세,경기도,모바일거래,식사배달,계약불이행(불완전이행)
2023020915,2023-04-20,여자,40 - 49세,경기도,국내온라인거래,기타서적음반류,계약불이행(불완전이행)
2023020916,2023-04-20,여자,20 - 29세,서울특별시,일반판매,스포츠시설이용,계약해제.해지/위약금
2023020917,2023-04-20,여자,50 - 59세,강원특별자치도,일반판매,티셔츠,품질(물품/용역)
2023020918,2023-04-20,여자,50 - 59세,대전광역시,일반판매,기타법률서비스,계약불이행(불완전이행)
2023020919,2023-04-20,남자,60 - 64세,경기도,일반판매,양복(서양식 의복)세탁,품질(물품/용역)
2023020920,2023-04-20,남자,65 - 69세,서울특별시,기타통신판매,인터넷교육서비스,계약해제.해지/위약금
2023020921,2023-04-20,남자,40 - 49세,경기도,방문판매,경비·관리서비스,계약해제.해지/위약금
2023020922,2023-04-20,여자,50 - 59세,강원특별자치도,국내온라인거래,기타스포츠·레저기구·용품,품질(물품/용역)
2023020923,2023-04-20,여자,60 - 64세,인천광역시,일반판매,기타모피·가죽의류,품질(물품/용역)
2023020924,2023-04-20,여자,20 - 29세,충청남도,일반판매,양복(서양식 의복)세탁,품질(물품/용역)
2023020925,2023-04-20,여자,20 - 29세,서울특별시,일반판매,양복(서양식 의복)세탁,품질(물품/용역)
2023020926,2023-04-20,여자,40 - 49세,인천광역시,일반판매,점퍼·재킷류,품질(물품/용역)
2023020927,2023-04-20,여자,60 - 64세,충청남도,TV홈쇼핑,국외여행,계약해제.해지/위약금
2023020929,2023-04-20,여자,50 - 59세,경상남도,일반판매,실손보험,계약불이행(불완전이행)
2023020930,2023-04-20,여자,50 - 59세,전라남도,국내온라인거래,숙녀복세트,계약불이행(불완전이행)
2023021001,2023-04-20,여자,40 - 49세,대전광역시,일반판매,기타여행,청약철회
2023021002,2023-04-20,남자,20 - 29세,서울특별시,국제온라인거래,항공여객운송서비스,부당행위
2023021003,2023-04-20,남자,60 - 64세,경기도,국내온라인거래,아동복,청약철회
2023021005,2023-04-20,남자,30 - 39세,경기도,국내온라인거래,믹서기,품질(물품/용역)
2023021006,2023-04-20,여자,20 - 29세,서울특별시,일반판매,외국어강습,계약해제.해지/위약금
2023021007,2023-04-20,여자,30 - 39세,경상남도,기타,예식서비스,계약해제.해지/위약금
2023021008,2023-04-20,여자,30 - 39세,세종특별자치시,기타통신판매,건물청소서비스,품질(물품/용역)
2023021009,2023-04-20,남자,30 - 39세,경상남도,국내온라인거래,블라인드,청약철회
2023021010,2023-04-20,여자,30 - 39세,서울특별시,소셜커머스(쇼핑),스프링매트리스,계약불이행(불완전이행)
2023021012,2023-04-20,여자,40 - 49세,인천광역시,국내온라인거래,스포츠웨어,청약철회
2023021013,2023-04-20,여자,20 - 29세,서울특별시,국내온라인거래,싱크대,품질(물품/용역)
2023021014,2023-04-20,여자,20 - 29세,경기도,전화권유판매,헬스장,계약해제.해지/위약금
2023021015,2023-04-20,여자,30 - 39세,인천광역시,모바일거래,인터넷교육서비스,계약해제.해지/위약금
2023021016,2023-04-20,여자,40 - 49세,부산광역시,국내온라인거래,기타미분류서비스,계약불이행(불완전이행)
2023021017,2023-04-20,여자,30 - 39세,서울특별시,국내온라인거래,싱크대,품질(물품/용역)
2023021018,2023-04-20,여자,30 - 39세,경상북도,전화권유판매,필라테스,계약해제.해지/위약금
2023021019,2023-04-20,여자,30 - 39세,경상남도,기타,냉난방시스템,품질(물품/용역)
2023021020,2023-04-20,여자,40 - 49세,서울특별시,모바일거래,다이어트식품,청약철회
2023021021,2023-04-20,여자,50 - 59세,경기도,일반판매,헬스장,계약해제.해지/위약금
2023021022,2023-04-20,남자,30 - 39세,서울특별시,국내온라인거래,기타곡류·곡류가공식품,계약불이행(불완전이행)
2023021023,2023-04-20,남자,40 - 49세,충청북도,국내온라인거래,조립완구,청약철회
2023021024,2023-04-20,남자,30 - 39세,경기도,방문판매,헬스장,계약해제.해지/위약금
2023021025,2023-04-20,여자,50 - 59세,경기도,일반판매,기타세탁서비스,청약철회
2023021026,2023-04-20,여자,20 - 29세,서울특별시,방문판매,종합체육시설회원권,계약해제.해지/위약금
2023021027,2023-04-20,여자,50 - 59세,대구광역시,국내온라인거래,원피스,청약철회
2023021028,2023-04-20,남자,20 - 29세,서울특별시,국내온라인거래,항공여객운송서비스,청약철회
2023021029,2023-04-20,여자,30 - 39세,대구광역시,기타,기타건축자재,품질(물품/용역)
2023021030,2023-04-20,남자,40 - 49세,서울특별시,국내온라인거래,기타신발·용품,청약철회
2023021031,2023-04-20,남자,20 - 29세,경기도,방문판매,헬스장,계약해제.해지/위약금
2023021032,2023-04-20,남자,65 - 69세,경상남도,일반판매,TV,AS불만
2023021033,2023-04-20,남자,30 - 39세,경기도,국내온라인거래,기타정보이용서비스,계약해제.해지/위약금
2023021034,2023-04-20,남자,20 - 29세,서울특별시,일반판매,헬스장,계약해제.해지/위약금
2023021035,2023-04-20,여자,40 - 49세,경상남도,일반판매,보건위생용품기타,품질(물품/용역)
2023021036,2023-04-20,남자,30 - 39세,경상남도,전화권유판매,이동전화서비스,계약불이행(불완전이행)
2023021037,2023-04-20,여자,40 - 49세,인천광역시,국내온라인거래,전화교육,계약해제.해지/위약금
2023021038,2023-04-20,여자,40 - 49세,전라북도,국내온라인거래,여자용내의류,청약철회
2023021039,2023-04-20,여자,30 - 39세,서울특별시,일반판매,포장이사운송서비스,품질(물품/용역)
2023021040,2023-04-20,남자,30 - 39세,경상북도,방문판매,할인회원권,계약해제.해지/위약금
2023021041,2023-04-20,남자,30 - 39세,경기도,일반판매,헬스장,계약해제.해지/위약금
2023021042,2023-04-20,남자,40 - 49세,울산광역시,일반판매,도어,계약해제.해지/위약금
2023021043,2023-04-20,남자,30 - 39세,충청북도,국내온라인거래,기타식품류,안전(제품/시설)
2023021044,2023-04-20,여자,40 - 49세,서울특별시,국내온라인거래,기타가구,부당행위
2023021045,2023-04-20,여자,60 - 64세,경기도,국내온라인거래,기타일반화장품,품질(물품/용역)
2023021046,2023-04-20,남자,40 - 49세,경기도,국내온라인거래,기타건강식품,품질(물품/용역)
2023021047,2023-04-20,남자,30 - 39세,제주도,국내온라인거래,기타의류·섬유,단순문의.상담
2023021048,2023-04-20,여자,40 - 49세,서울특별시,국내온라인거래,스마트폰,청약철회
2023021049,2023-04-20,남자,40 - 49세,서울특별시,국내온라인거래,전기진공청소기,AS불만
2023021050,2023-04-20,남자,20 - 29세,서울특별시,전화권유판매,기타민영보험,부당행위
2023021052,2023-04-20,남자,20 - 29세,경기도,일반판매,헬스장,계약해제.해지/위약금
2023021053,2023-04-20,남자,40 - 49세,인천광역시,국내온라인거래,라텍스매트리스,계약불이행(불완전이행)
2023021054,2023-04-20,여자,50 - 59세,서울특별시,국내온라인거래,기타의류·섬유,품질(물품/용역)
2023021055,2023-04-20,여자,30 - 39세,서울특별시,국내온라인거래,각종공연관람,계약해제.해지/위약금
2023021056,2023-04-20,남자,50 - 59세,경기도,일반판매,포장이사운송서비스,가격.요금
2023021057,2023-04-20,남자,50 - 59세,대전광역시,일반판매,전기온수기,품질(물품/용역)
2023021058,2023-04-20,여자,40 - 49세,서울특별시,일반판매,호텔,안전(제품/시설)
2023021059,2023-04-20,남자,30 - 39세,경기도,방문판매,헬스장,계약해제.해지/위약금
2023021060,2023-04-20,여자,30 - 39세,대전광역시,일반판매,피부·체형관리서비스,계약해제.해지/위약금
2023021061,2023-04-20,여자,60 - 64세,서울특별시,일반판매,헬스장,계약해제.해지/위약금
2023021062,2023-04-20,남자,20 - 29세,경기도,일반판매,닭고기,품질(물품/용역)
2023021063,2023-04-20,여자,30 - 39세,서울특별시,국내온라인거래,서랍장,표시.광고
2023021064,2023-04-20,여자,30 - 39세,대구광역시,일반판매,학습지,계약해제.해지/위약금
2023021065,2023-04-20,남자,50 - 59세,대구광역시,국내온라인거래,택배화물운송서비스,계약불이행(불완전이행)
2023021066,2023-04-20,여자,40 - 49세,서울특별시,국내온라인거래,선탠·선스크린화장품,청약철회
2023021067,2023-04-20,남자,50 - 59세,서울특별시,일반판매,포장이사운송서비스,계약불이행(불완전이행)
2023021068,2023-04-20,남자,60 - 64세,광주광역시,국내온라인거래,초고속인터넷,단순문의.상담
2023021069,2023-04-20,남자,40 - 49세,충청남도,기타,기타음식관련서비스,안전(제품/시설)
2023021070,2023-04-20,여자,50 - 59세,서울특별시,일반판매,일반이사운송서비스,품질(물품/용역)
2023021071,2023-04-20,남자,40 - 49세,인천광역시,일반판매,헬스장,계약해제.해지/위약금
2023021072,2023-04-20,여자,20 - 29세,경상남도,일반판매,메이크업강습,계약해제.해지/위약금
2023021073,2023-04-20,남자,30 - 39세,서울특별시,기타통신판매,이동전화서비스,품질(물품/용역)
2023021101,2023-04-21,남자,30 - 39세,인천광역시,국내온라인거래,양복(서양식 의복)세탁,품질(물품/용역)
2023021102,2023-04-21,여자,20 - 29세,서울특별시,일반판매,고시원이용,품질(물품/용역)
2023021103,2023-04-21,남자,40 - 49세,경기도,방문판매,인터넷교육서비스,계약해제.해지/위약금
2023021104,2023-04-21,여자,30 - 39세,경상남도,일반판매,피부과,계약해제.해지/위약금
2023021106,2023-04-20,남자,30 - 39세,서울특별시,기타,양복(서양식 의복)세탁,품질(물품/용역)
2023021107,2023-04-21,여자,50 - 59세,서울특별시,국내온라인거래,신유형상품권,부당행위
2023021108,2023-04-21,여자,30 - 39세,경기도,국내온라인거래,전기팬히터,안전(제품/시설)
2023021109,2023-04-21,여자,20 - 29세,경기도,국내온라인거래,티셔츠,청약철회
2023021110,2023-04-21,여자,40 - 49세,서울특별시,일반판매,필라테스,계약해제.해지/위약금
2023021111,2023-04-21,여자,60 - 64세,서울특별시,일반판매,건강(암·기타질병)보험,계약불이행(불완전이행)
2023021112,2023-04-21,여자,50 - 59세,경기도,일반판매,건강(암·기타질병)보험,계약불이행(불완전이행)
2023021113,2023-04-21,여자,(미입력),경기도,일반판매,국내결혼중개,계약불이행(불완전이행)
2023021115,2023-04-21,남자,30 - 39세,경기도,기타,기타약품,품질(물품/용역)
2023021116,2023-04-21,여자,40 - 49세,서울특별시,일반판매,한의원,계약해제.해지/위약금
2023021117,2023-04-21,여자,30 - 39세,서울특별시,국내온라인거래,원피스,품질(물품/용역)
2023021118,2023-04-21,남자,40 - 49세,대전광역시,일반판매,스포츠시설이용,계약해제.해지/위약금
2023021119,2023-04-21,여자,40 - 49세,경기도,국내온라인거래,이동전화서비스,거래관행
2023021120,2023-04-21,여자,40 - 49세,경상북도,일반판매,기타사설강습서비스,계약해제.해지/위약금
2023021121,2023-04-21,남자,40 - 49세,서울특별시,일반판매,양복(서양식 의복)세탁,품질(물품/용역)
2023021122,2023-04-21,여자,40 - 49세,서울특별시,일반판매,필라테스,계약해제.해지/위약금
2023021123,2023-04-21,남자,40 - 49세,경기도,국내온라인거래,항공여객운송서비스,계약불이행(불완전이행)
2023021124,2023-04-21,여자,60 - 64세,경기도,일반판매,양복(서양식 의복)세탁,품질(물품/용역)
2023021125,2023-04-21,여자,40 - 49세,인천광역시,일반판매,사무용기기대여(렌트),계약해제.해지/위약금
2023021126,2023-04-21,남자,70 - 79세,전라북도,일반판매,피혁세탁,품질(물품/용역)
2023021127,2023-04-21,여자,40 - 49세,울산광역시,일반판매,양복(서양식 의복)세탁,품질(물품/용역)
2023021128,2023-04-21,남자,50 - 59세,광주광역시,일반판매,유사투자자문,가격.요금
2023021129,2023-04-21,여자,70 - 79세,경상북도,일반판매,상해보험,약관
2023021130,2023-04-21,남자,40 - 49세,광주광역시,전화권유판매,유사투자자문,계약해제.해지/위약금
2023021131,2023-04-21,남자,40 - 49세,충청북도,일반판매,성형외과,계약해제.해지/위약금
2023021132,2023-04-21,여자,40 - 49세,울산광역시,일반판매,양복(서양식 의복)세탁,품질(물품/용역)
2023021133,2023-04-21,여자,30 - 39세,충청북도,국내온라인거래,기타숙박시설,계약해제.해지/위약금
2023021134,2023-04-21,남자,60 - 64세,전라북도,전화권유판매,가상화폐,청약철회
2023021135,2023-04-21,남자,50 - 59세,전라남도,소셜커머스(쇼핑),식탁,표시.광고
2023021136,2023-04-21,남자,40 - 49세,경기도,일반판매,실손보험,약관
2023021137,2023-04-21,여자,50 - 59세,전라북도,일반판매,실손보험,계약불이행(불완전이행)
2023021138,2023-04-21,여자,30 - 39세,경기도,방문판매,인터넷교육서비스,계약해제.해지/위약금
2023021139,2023-04-21,남자,60 - 64세,경기도,전화권유판매,모바일정보이용서비스,계약해제.해지/위약금
2023021140,2023-04-21,남자,30 - 39세,경기도,일반판매,가상화폐,부당행위
2023021141,2023-04-21,남자,30 - 39세,경기도,일반판매,필라테스,계약불이행(불완전이행)
2023021142,2023-04-21,여자,30 - 39세,경기도,일반판매,캐주얼바지,품질(물품/용역)
2023021143,2023-04-21,여자,50 - 59세,경상남도,일반판매,양복(서양식 의복)세탁,품질(물품/용역)
2023021144,2023-04-21,여자,40 - 49세,서울특별시,일반판매,무스탕,품질(물품/용역)
2023021146,2023-04-21,남자,20 - 29세,충청남도,국내온라인거래,기타수선·염색서비스,품질(물품/용역)
2023021147,2023-04-21,남자,40 - 49세,전라북도,소셜커머스(쇼핑),신유형상품권,계약해제.해지/위약금
2023021148,2023-04-21,남자,50 - 59세,경기도,전화권유판매,유사투자자문,약관
2023021149,2023-04-21,여자,50 - 59세,제주도,국내온라인거래,항공여객운송서비스,계약불이행(불완전이행)
2023021150,2023-04-21,남자,50 - 59세,부산광역시,기타통신판매,인터넷정보이용서비스,계약해제.해지/위약금
2023021151,2023-04-21,여자,40 - 49세,서울특별시,일반판매,양복(서양식 의복)세탁,품질(물품/용역)
2023021152,2023-04-21,남자,20 - 29세,인천광역시,기타,헬스장,계약해제.해지/위약금
2023021153,2023-04-21,남자,30 - 39세,서울특별시,국내온라인거래,수도꼭지,표시.광고
2023021154,2023-04-21,여자,40 - 49세,서울특별시,일반판매,전기고데기,품질(물품/용역)
2023021155,2023-04-21,남자,20 - 29세,경기도,일반판매,헬스장,계약해제.해지/위약금
2023021156,2023-04-21,여자,30 - 39세,서울특별시,국내온라인거래,국내여행,거래관행
2023021157,2023-04-21,여자,40 - 49세,대전광역시,국내온라인거래,기타유아용승용물,표시.광고
2023021158,2023-04-21,남자,50 - 59세,경기도,국내온라인거래,전기맛사지기,청약철회
2023021159,2023-04-21,여자,60 - 64세,경기도,일반판매,성형외과,계약해제.해지/위약금
2023021160,2023-04-21,여자,50 - 59세,서울특별시,일반판매,외과,단순문의.상담
2023021161,2023-04-21,여자,30 - 39세,경기도,일반판매,이비인후과,부당행위
2023021162,2023-04-21,여자,20 - 29세,부산광역시,국내온라인거래,기타의류·섬유,계약해제.해지/위약금
2023021163,2023-04-21,남자,불명,서울특별시,일반판매,점퍼·재킷류,품질(물품/용역)
2023021164,2023-04-21,여자,20 - 29세,충청북도,전화권유판매,기타매체광고,청약철회
2023021165,2023-04-21,남자,50 - 59세,경기도,일반판매,애완견,계약해제.해지/위약금
2023021167,2023-04-21,여자,50 - 59세,서울특별시,일반판매,외식,품질(물품/용역)
2023021168,2023-04-21,여자,50 - 59세,서울특별시,일반판매,점퍼·재킷류,품질(물품/용역)
2023021169,2023-04-21,여자,80세이상,서울특별시,일반판매,CCTV,계약불이행(불완전이행)
2023021170,2023-04-21,여자,50 - 59세,광주광역시,국제온라인거래,소파,계약해제.해지/위약금
2023021171,2023-04-21,남자,30 - 39세,부산광역시,일반판매,노트북컴퓨터,AS불만
2023021172,2023-04-21,남자,50 - 59세,경기도,일반판매,점퍼·재킷류,품질(물품/용역)
2023021174,2023-04-21,남자,30 - 39세,경기도,일반판매,피부과,품질(물품/용역)
2023021176,2023-04-21,여자,불명,대구광역시,일반판매,자동차리스,표시.광고
2023021177,2023-04-21,남자,40 - 49세,경상남도,일반판매,동물병원,계약해제.해지/위약금
2023021178,2023-04-21,여자,40 - 49세,서울특별시,국내온라인거래,호텔,청약철회
2023021179,2023-04-21,여자,40 - 49세,세종특별자치시,기타,피부과,품질(물품/용역)
2023021180,2023-04-21,여자,20 - 29세,경기도,일반판매,피부과,계약해제.해지/위약금
2023021181,2023-04-21,여자,40 - 49세,경기도,모바일거래,교통카드,거래관행
2023021182,2023-04-21,여자,50 - 59세,대전광역시,국내온라인거래,보석·귀금속,계약불이행(불완전이행)
2023021183,2023-04-21,여자,30 - 39세,서울특별시,국내온라인거래,양복(서양식 의복)세탁,품질(물품/용역)
2023021184,2023-04-21,여자,30 - 39세,경기도,방문판매,스포츠시설이용,계약해제.해지/위약금
2023021185,2023-04-21,남자,20 - 29세,서울특별시,일반판매,치과,계약해제.해지/위약금
2023021187,2023-04-21,여자,50 - 59세,부산광역시,일반판매,지갑,품질(물품/용역)
2023021188,2023-04-21,남자,40 - 49세,서울특별시,국내온라인거래,스프링매트리스,청약철회
2023021190,2023-04-21,여자,60 - 64세,경기도,방문판매,경비·관리서비스,계약해제.해지/위약금
2023021192,2023-04-21,여자,65 - 69세,서울특별시,국내온라인거래,기타침대류,청약철회
2023021193,2023-04-21,여자,20 - 29세,경상북도,일반판매,피부과,계약해제.해지/위약금
2023021194,2023-04-21,여자,20 - 29세,서울특별시,일반판매,피부과,계약해제.해지/위약금
2023021195,2023-04-21,여자,40 - 49세,충청남도,기타,치과,계약해제.해지/위약금
2023021196,2023-04-21,여자,20 - 29세,강원특별자치도,일반판매,성형외과,계약해제.해지/위약금
2023021197,2023-04-21,남자,30 - 39세,충청북도,방문판매,콘도회원권,계약불이행(불완전이행)
2023021199,2023-04-21,여자,80세이상,부산광역시,방문판매,기타건강식품,품질(물품/용역)
2023021200,2023-04-21,남자,65 - 69세,인천광역시,모바일거래,작동완구,계약불이행(불완전이행)
2023021201,2023-04-21,여자,30 - 39세,서울특별시,국내온라인거래,기타이·미용서비스,계약해제.해지/위약금
2023021202,2023-04-21,여자,30 - 39세,경기도,일반판매,필라테스,계약불이행(불완전이행)
2023021203,2023-04-21,여자,50 - 59세,경기도,기타,초고속인터넷,부당행위
2023021204,2023-04-21,남자,60 - 64세,인천광역시,국내온라인거래,기타숙박시설,계약해제.해지/위약금
2023021205,2023-04-21,남자,50 - 59세,부산광역시,모바일거래,철도여객운송서비스,표시.광고
2023021207,2023-04-21,여자,50 - 59세,강원특별자치도,일반판매,성형외과,계약해제.해지/위약금
2023021208,2023-04-21,여자,50 - 59세,강원특별자치도,일반판매,성형외과,계약해제.해지/위약금
2023021209,2023-04-21,여자,20 - 29세,서울특별시,국내온라인거래,핸드백,청약철회
2023021210,2023-04-21,남자,40 - 49세,경기도,일반판매,건강(암·기타질병)보험,계약불이행(불완전이행)
2023021211,2023-04-21,남자,40 - 49세,경기도,일반판매,자동차수리·점검,AS불만
2023021212,2023-04-21,여자,30 - 39세,경기도,국내온라인거래,기타서적음반류,계약불이행(불완전이행)
2023021213,2023-04-21,여자,30 - 39세,충청북도,일반판매,기타정보이용서비스,품질(물품/용역)
2023021301,2023-04-21,여자,40 - 49세,대구광역시,국내온라인거래,할인회원권,계약해제.해지/위약금
2023021302,2023-04-21,남자,30 - 39세,경기도,전화권유판매,인터넷교육서비스,청약철회
2023021303,2023-04-21,남자,30 - 39세,서울특별시,국내온라인거래,기타신변용품,품질(물품/용역)
2023021304,2023-04-21,남자,30 - 39세,서울특별시,방문판매,헬스장,계약해제.해지/위약금
2023021305,2023-04-21,남자,50 - 59세,대전광역시,국내온라인거래,운동화,계약불이행(불완전이행)
2023021306,2023-04-21,여자,30 - 39세,경기도,국내온라인거래,국외여행,계약해제.해지/위약금
2023021307,2023-04-21,남자,40 - 49세,전라북도,국내온라인거래,호텔,계약해제.해지/위약금
2023021308,2023-04-21,여자,40 - 49세,서울특별시,국내온라인거래,기타가방,계약불이행(불완전이행)
2023021309,2023-04-21,여자,20 - 29세,서울특별시,국내온라인거래,기타보관서비스,계약해제.해지/위약금
2023021310,2023-04-21,남자,30 - 39세,인천광역시,일반판매,소파,품질(물품/용역)
2023021311,2023-04-21,여자,30 - 39세,서울특별시,TV홈쇼핑,국내여행,계약해제.해지/위약금
2023021312,2023-04-21,여자,50 - 59세,서울특별시,기타,공중목욕탕,안전(제품/시설)
2023021313,2023-04-21,남자,50 - 59세,대구광역시,기타통신판매,인터넷정보이용서비스,가격.요금
2023021314,2023-04-21,여자,30 - 39세,인천광역시,국내온라인거래,숙녀복상의,청약철회
2023021315,2023-04-21,여자,30 - 39세,서울특별시,국제온라인거래,항공여객운송서비스,청약철회
2023021316,2023-04-21,남자,40 - 49세,경기도,일반판매,호텔,부당행위
2023021317,2023-04-21,여자,20 - 29세,경기도,일반판매,기타약품,안전(제품/시설)
2023021318,2023-04-21,여자,20 - 29세,서울특별시,소셜커머스(쇼핑),캐주얼바지,품질(물품/용역)
2023021319,2023-04-21,남자,40 - 49세,충청남도,일반판매,헬스장,계약해제.해지/위약금
2023021320,2023-04-21,여자,50 - 59세,경기도,기타,초고속인터넷,계약해제.해지/위약금
2023021321,2023-04-21,남자,20 - 29세,경기도,국내온라인거래,전기포트,품질(물품/용역)
2023021322,2023-04-21,여자,40 - 49세,서울특별시,국내온라인거래,단행본,계약불이행(불완전이행)
2023021323,2023-04-21,남자,20 - 29세,서울특별시,기타,택배화물운송서비스,계약불이행(불완전이행)
2023021324,2023-04-21,여자,50 - 59세,경기도,일반판매,골프회원권,계약해제.해지/위약금
2023021325,2023-04-21,남자,30 - 39세,서울특별시,일반판매,각종공연관람,계약해제.해지/위약금
2023021326,2023-04-21,여자,40 - 49세,서울특별시,국내온라인거래,운동화,계약불이행(불완전이행)
2023021327,2023-04-21,여자,40 - 49세,경기도,일반판매,포장이사운송서비스,부당채권추심
2023021328,2023-04-21,남자,30 - 39세,경기도,모바일거래,모바일게임서비스,품질(물품/용역)
2023021329,2023-04-21,남자,40 - 49세,전라북도,소셜커머스(쇼핑),기타의류·섬유,부당행위
2023021330,2023-04-21,여자,30 - 39세,서울특별시,기타,기타사설강습서비스,계약해제.해지/위약금
2023021331,2023-04-21,여자,40 - 49세,서울특별시,국내온라인거래,펜션,계약해제.해지/위약금
2023021332,2023-04-21,여자,30 - 39세,서울특별시,국내온라인거래,포장이사운송서비스,계약불이행(불완전이행)
2023021333,2023-04-21,여자,40 - 49세,서울특별시,국내온라인거래,전기진공청소기,AS불만
2023021335,2023-04-21,여자,30 - 39세,경기도,방문판매,다이어트식품,청약철회
2023021336,2023-04-21,남자,30 - 39세,서울특별시,전화권유판매,인터넷정보이용서비스,계약해제.해지/위약금
2023021337,2023-04-21,남자,20 - 29세,서울특별시,일반판매,여관(모텔),품질(물품/용역)
2023021338,2023-04-21,남자,50 - 59세,경기도,전화권유판매,이동전화서비스,청약철회
2023021339,2023-04-21,여자,30 - 39세,경상남도,방문판매,학습지,계약해제.해지/위약금
2023021340,2023-04-21,여자,40 - 49세,경기도,일반판매,외식,품질(물품/용역)
2023021341,2023-04-21,여자,40 - 49세,서울특별시,국내온라인거래,가옥임대차,계약불이행(불완전이행)
2023021342,2023-04-21,남자,50 - 59세,경기도,기타,기타사설강습서비스,계약해제.해지/위약금
2023021343,2023-04-21,여자,40 - 49세,서울특별시,국내온라인거래,항공여객운송서비스,계약불이행(불완전이행)
2023021344,2023-04-21,남자,20 - 29세,서울특별시,일반판매,스포츠시설이용,계약해제.해지/위약금
2023021345,2023-04-21,여자,40 - 49세,강원특별자치도,국내온라인거래,파운데이션,계약불이행(불완전이행)
2023021346,2023-04-21,남자,40 - 49세,인천광역시,일반판매,냉장고,품질(물품/용역)
2023021347,2023-04-21,여자,70 - 79세,부산광역시,국내온라인거래,태블릿PC,청약철회
2023021348,2023-04-21,남자,40 - 49세,대구광역시,국내온라인거래,TV,AS불만
2023021349,2023-04-21,여자,30 - 39세,경상남도,방문판매,학습지,계약해제.해지/위약금
2023021350,2023-04-21,여자,40 - 49세,서울특별시,전화권유판매,이동전화서비스,거래관행
2023021351,2023-04-21,여자,30 - 39세,경기도,국제온라인거래,항공여객운송서비스,계약해제.해지/위약금
2023021352,2023-04-21,여자,30 - 39세,대전광역시,국내온라인거래,기타가방,청약철회
2023021353,2023-04-21,남자,30 - 39세,경기도,일반판매,이동전화서비스,청약철회
2023021354,2023-04-21,남자,40 - 49세,충청남도,방문판매,정수기대여(렌트),부당행위
2023021355,2023-04-21,여자,20 - 29세,서울특별시,국내온라인거래,기타문화용품,품질(물품/용역)
2023021356,2023-04-21,여자,20 - 29세,대구광역시,일반판매,헬스장,계약해제.해지/위약금
2023021357,2023-04-21,여자,40 - 49세,대전광역시,방문판매,기타방문·통신교육서비스,계약해제.해지/위약금
2023021358,2023-04-21,남자,20 - 29세,경기도,국내온라인거래,항공여객운송서비스,계약불이행(불완전이행)
2023021359,2023-04-21,여자,20 - 29세,경기도,일반판매,헬스장,계약해제.해지/위약금
2023021360,2023-04-21,여자,30 - 39세,서울특별시,일반판매,예식서비스,계약불이행(불완전이행)
2023021361,2023-04-21,여자,50 - 59세,경기도,모바일거래,안마의자,품질(물품/용역)
2023021362,2023-04-21,여자,20 - 29세,부산광역시,국내온라인거래,핸드백,품질(물품/용역)
2023021363,2023-04-21,여자,30 - 39세,경기도,국내온라인거래,기타간편복,청약철회
2023021401,2023-04-22,남자,40 - 49세,경기도,일반판매,독서실이용,부당행위
2023021402,2023-04-22,여자,30 - 39세,경기도,일반판매,소파,계약불이행(불완전이행)
2023021403,2023-04-22,여자,20 - 29세,인천광역시,일반판매,헬스장,계약해제.해지/위약금
2023021404,2023-04-22,여자,20 - 29세,서울특별시,일반판매,기타사설강습서비스,계약해제.해지/위약금
2023021405,2023-04-22,여자,40 - 49세,대구광역시,일반판매,이동전화서비스,청약철회
2023021406,2023-04-22,남자,50 - 59세,서울특별시,기타,경비·관리서비스,계약해제.해지/위약금
2023021407,2023-04-22,여자,20 - 29세,서울특별시,국내온라인거래,헬스장,계약해제.해지/위약금
2023021408,2023-04-22,남자,20 - 29세,서울특별시,국내온라인거래,액정보호필름,품질(물품/용역)
2023021409,2023-04-22,남자,50 - 59세,부산광역시,국제온라인거래,택배화물운송서비스,계약불이행(불완전이행)
2023021410,2023-04-22,남자,30 - 39세,서울특별시,국제온라인거래,항공여객운송서비스,계약해제.해지/위약금
2023021411,2023-04-22,여자,50 - 59세,인천광역시,국내온라인거래,녹즙기,품질(물품/용역)
2023021412,2023-04-22,여자,40 - 49세,전라북도,일반판매,비데,AS불만
2023021413,2023-04-22,여자,20 - 29세,경상북도,국내온라인거래,기타의류·섬유,청약철회
2023021501,2023-04-23,남자,20 - 29세,서울특별시,국내온라인거래,항공여객운송서비스,계약해제.해지/위약금
2023021502,2023-04-23,남자,50 - 59세,서울특별시,국내온라인거래,국외여행,안전(제품/시설)
2023021503,2023-04-23,남자,20 - 29세,경기도,일반판매,헬스장,계약해제.해지/위약금
2023021504,2023-04-23,여자,50 - 59세,서울특별시,국내온라인거래,전기진공청소기,AS불만
2023021505,2023-04-23,여자,40 - 49세,경상남도,방문판매,인터넷교육서비스,계약해제.해지/위약금
2023021506,2023-04-23,여자,20 - 29세,충청남도,일반판매,예식서비스,계약해제.해지/위약금
2023021507,2023-04-23,남자,30 - 39세,경기도,일반판매,중형승용자동차,AS불만
2023021508,2023-04-23,여자,50 - 59세,서울특별시,국내온라인거래,기타숙박시설,계약해제.해지/위약금
2023021602,2023-04-21,여자,40 - 49세,경기도,국제온라인거래,기타의류·섬유,이자.수수료
2023021603,2023-04-24,남자,50 - 59세,울산광역시,방문판매,저주파치료기,청약철회
2023021604,2023-04-24,남자,40 - 49세,경상남도,일반판매,국내결혼중개,계약해제.해지/위약금
2023021605,2023-04-24,남자,60 - 64세,서울특별시,일반판매,골프회원권,계약불이행(불완전이행)
2023021606,2023-04-24,여자,50 - 59세,경기도,일반판매,선탠·선스크린화장품,품질(물품/용역)
2023021607,2023-04-24,남자,50 - 59세,경상남도,일반판매,양복(서양식 의복)세탁,품질(물품/용역)
2023021608,2023-04-24,남자,30 - 39세,경기도,기타통신판매,건물청소서비스,품질(물품/용역)
2023021609,2023-04-24,여자,60 - 64세,경기도,일반판매,국외여행,계약해제.해지/위약금
2023021610,2023-04-24,여자,50 - 59세,경상남도,일반판매,양복(서양식 의복)세탁,품질(물품/용역)
2023021611,2023-04-24,여자,40 - 49세,울산광역시,일반판매,이동전화서비스,계약불이행(불완전이행)
2023021612,2023-04-24,남자,50 - 59세,울산광역시,일반판매,이동전화서비스,계약불이행(불완전이행)
2023021613,2023-04-24,여자,20 - 29세,서울특별시,소셜커머스(쇼핑),전기진공청소기,품질(물품/용역)
2023021614,2023-04-24,남자,50 - 59세,경상남도,일반판매,양복(서양식 의복)세탁,품질(물품/용역)
2023021615,2023-04-24,여자,30 - 39세,서울특별시,일반판매,헬스장,계약불이행(불완전이행)
2023021616,2023-04-24,여자,30 - 39세,광주광역시,국내온라인거래,기타숙박시설,계약해제.해지/위약금
2023021617,2023-04-24,여자,20 - 29세,대구광역시,국내온라인거래,양복(서양식 의복)세탁,품질(물품/용역)
2023021618,2023-04-24,여자,70 - 79세,경기도,일반판매,양복(서양식 의복)세탁,품질(물품/용역)
2023021619,2023-04-24,남자,20 - 29세,경기도,일반판매,외국어강습,계약해제.해지/위약금
2023021620,2023-04-24,여자,10 - 19세,세종특별자치시,일반판매,필라테스,계약해제.해지/위약금
2023021622,2023-04-24,여자,70 - 79세,서울특별시,일반판매,기타전문서비스,계약불이행(불완전이행)
2023021623,2023-04-24,남자,40 - 49세,경기도,일반판매,식탁,계약해제.해지/위약금
2023021624,2023-04-24,남자,30 - 39세,경기도,기타,인터넷정보이용서비스,부당행위
2023021625,2023-04-24,남자,30 - 39세,경상북도,국내온라인거래,LED램프,계약불이행(불완전이행)
2023021626,2023-04-24,여자,30 - 39세,충청남도,기타,초고속인터넷,계약불이행(불완전이행)
2023021627,2023-04-24,남자,30 - 39세,경기도,전화권유판매,인터넷정보이용서비스,계약해제.해지/위약금
2023021628,2023-04-24,남자,40 - 49세,부산광역시,국내온라인거래,콘센트,품질(물품/용역)
2023021629,2023-04-24,여자,30 - 39세,경기도,방문판매,인터넷교육서비스,계약해제.해지/위약금
2023021630,2023-04-24,남자,50 - 59세,서울특별시,국내온라인거래,운동화,표시.광고
2023021631,2023-04-24,여자,30 - 39세,전라북도,기타,기타인터넷기반서비스,부당행위
2023021633,2023-04-24,여자,30 - 39세,경기도,일반판매,양복(서양식 의복)세탁,품질(물품/용역)
2023021634,2023-04-24,여자,50 - 59세,경상북도,국내온라인거래,점퍼·재킷류,청약철회
2023021635,2023-04-24,여자,30 - 39세,세종특별자치시,일반판매,양복(서양식 의복)세탁,품질(물품/용역)
2023021636,2023-04-24,여자,불명,경상남도,일반판매,기타가방,품질(물품/용역)
2023021637,2023-04-24,여자,50 - 59세,경기도,국내온라인거래,화장품세트,계약불이행(불완전이행)
2023021638,2023-04-24,남자,30 - 39세,서울특별시,일반판매,피부과,품질(물품/용역)
2023021639,2023-04-24,남자,40 - 49세,서울특별시,일반판매,실손보험,계약불이행(불완전이행)
2023021640,2023-04-24,여자,30 - 39세,부산광역시,일반판매,양복(서양식 의복)세탁,품질(물품/용역)
2023021641,2023-04-24,남자,40 - 49세,서울특별시,일반판매,수영장회원권,계약해제.해지/위약금
2023021643,2023-04-24,남자,40 - 49세,경상북도,일반판매,양복(서양식 의복)세탁,품질(물품/용역)
2023021644,2023-04-24,여자,30 - 39세,대전광역시,국내온라인거래,인쇄서비스,계약불이행(불완전이행)
2023021645,2023-04-24,남자,20 - 29세,경기도,국내온라인거래,비타민제,계약불이행(불완전이행)
2023021646,2023-04-24,여자,20 - 29세,서울특별시,국내온라인거래,점퍼·재킷류,품질(물품/용역)
2023021647,2023-04-24,여자,40 - 49세,서울특별시,일반판매,필라테스,계약해제.해지/위약금
2023021648,2023-04-24,여자,40 - 49세,인천광역시,일반판매,필라테스,계약해제.해지/위약금
2023021649,2023-04-24,여자,20 - 29세,경기도,일반판매,필라테스,계약해제.해지/위약금
2023021650,2023-04-24,여자,30 - 39세,경기도,국제온라인거래,전기구강세정기,품질(물품/용역)
2023021651,2023-04-24,여자,20 - 29세,경상남도,일반판매,독서실이용,계약해제.해지/위약금
2023021652,2023-04-24,남자,40 - 49세,서울특별시,일반판매,아파트,계약불이행(불완전이행)
2023021653,2023-04-24,남자,20 - 29세,서울특별시,일반판매,헬스장,계약해제.해지/위약금
2023021654,2023-04-24,남자,40 - 49세,광주광역시,일반판매,기타의류·섬유,계약해제.해지/위약금
2023021655,2023-04-24,남자,40 - 49세,대구광역시,일반판매,헬스장,계약해제.해지/위약금
2023021656,2023-04-24,남자,50 - 59세,경기도,일반판매,치과,품질(물품/용역)
2023021657,2023-04-24,여자,80세이상,부산광역시,일반판매,내과,품질(물품/용역)
2023021658,2023-04-24,남자,50 - 59세,강원특별자치도,국내온라인거래,퍼스널컴퓨터,계약불이행(불완전이행)
2023021659,2023-04-24,여자,20 - 29세,서울특별시,국내온라인거래,각종공연관람,계약해제.해지/위약금
2023021661,2023-04-24,남자,30 - 39세,대구광역시,일반판매,각종공연관람,부당행위
2023021662,2023-04-24,남자,70 - 79세,서울특별시,일반판매,애완견,계약해제.해지/위약금
2023021663,2023-04-24,여자,40 - 49세,대전광역시,국내온라인거래,기타의류·섬유,청약철회
2023021665,2023-04-24,여자,30 - 39세,서울특별시,일반판매,신유형상품권,거래관행
2023021666,2023-04-24,여자,50 - 59세,대구광역시,일반판매,필라테스,계약해제.해지/위약금
2023021668,2023-04-24,여자,50 - 59세,제주도,일반판매,니트(스웨터),품질(물품/용역)
2023021669,2023-04-24,여자,60 - 64세,서울특별시,모바일거래,국내여행,계약해제.해지/위약금
2023021670,2023-04-24,여자,40 - 49세,경기도,국내온라인거래,점퍼·재킷류,품질(물품/용역)
2023021671,2023-04-24,여자,40 - 49세,경상남도,일반판매,예식서비스,계약해제.해지/위약금
2023021672,2023-04-24,여자,40 - 49세,충청북도,기타,기타숙박시설,부당행위
2023021673,2023-04-24,남자,30 - 39세,대전광역시,국내온라인거래,기타통신기기,AS불만
2023021674,2023-04-24,여자,20 - 29세,인천광역시,일반판매,의상대여(렌트),계약해제.해지/위약금
2023021675,2023-04-24,여자,40 - 49세,서울특별시,모바일거래,기타매체광고,계약해제.해지/위약금
2023021676,2023-04-24,여자,30 - 39세,서울특별시,기타,건물관리서비스,AS불만
2023021677,2023-04-24,여자,20 - 29세,충청북도,모바일거래,호텔,계약해제.해지/위약금
2023021678,2023-04-24,남자,20 - 29세,인천광역시,일반판매,헬스장,계약해제.해지/위약금
2023021679,2023-04-24,남자,30 - 39세,충청남도,일반판매,모바일정보이용서비스,계약불이행(불완전이행)
2023021680,2023-04-24,남자,30 - 39세,경기도,일반판매,택배화물운송서비스,품질(물품/용역)
2023021681,2023-04-24,여자,20 - 29세,대전광역시,일반판매,필라테스,계약불이행(불완전이행)
2023021682,2023-04-24,여자,20 - 29세,서울특별시,국내온라인거래,인쇄서비스,품질(물품/용역)
2023021683,2023-04-24,남자,30 - 39세,부산광역시,일반판매,결혼준비대행서비스,계약해제.해지/위약금
2023021684,2023-04-24,남자,20 - 29세,서울특별시,소셜커머스(쇼핑),항공여객운송서비스,계약해제.해지/위약금
2023021685,2023-04-24,남자,30 - 39세,서울특별시,국내온라인거래,티셔츠,청약철회
2023021686,2023-04-24,남자,40 - 49세,서울특별시,국제온라인거래,항공여객운송서비스,계약불이행(불완전이행)
2023021687,2023-04-24,남자,30 - 39세,충청북도,일반판매,항공여객운송서비스,계약불이행(불완전이행)
2023021688,2023-04-24,남자,40 - 49세,대구광역시,전화권유판매,국내결혼중개,계약해제.해지/위약금
2023021689,2023-04-24,남자,20 - 29세,전라북도,국내온라인거래,기타영상기기,청약철회
2023021690,2023-04-24,남자,40 - 49세,인천광역시,소셜커머스(쇼핑),기타스포츠·레저기구·용품,품질(물품/용역)
2023021691,2023-04-24,남자,50 - 59세,서울특별시,방문판매,포장이사운송서비스,계약불이행(불완전이행)
2023021692,2023-04-24,남자,30 - 39세,서울특별시,국내온라인거래,남자용내의류,청약철회
2023021693,2023-04-24,남자,20 - 29세,경기도,국내온라인거래,스마트폰,품질(물품/용역)
2023021694,2023-04-24,여자,30 - 39세,대구광역시,일반판매,예식서비스,계약해제.해지/위약금
2023021695,2023-04-24,여자,30 - 39세,서울특별시,일반판매,피부·체형관리서비스,계약해제.해지/위약금
2023021696,2023-04-24,남자,30 - 39세,부산광역시,국내온라인거래,TV,계약불이행(불완전이행)
2023021697,2023-04-24,남자,40 - 49세,전라북도,국내온라인거래,헤드폰·이어폰,AS불만
2023021698,2023-04-24,여자,30 - 39세,경기도,국내온라인거래,전기어댑터,안전(제품/시설)
2023021699,2023-04-24,남자,60 - 64세,서울특별시,일반판매,가스보일러,품질(물품/용역)
2023021700,2023-04-24,남자,40 - 49세,인천광역시,일반판매,기타세탁서비스,계약불이행(불완전이행)
2023021701,2023-04-24,여자,20 - 29세,대구광역시,일반판매,필라테스,계약해제.해지/위약금
2023021703,2023-04-24,여자,40 - 49세,경상북도,일반판매,창호유리,품질(물품/용역)
2023021704,2023-04-24,남자,50 - 59세,경기도,일반판매,정수기,품질(물품/용역)
2023021705,2023-04-24,여자,40 - 49세,서울특별시,모바일거래,공기청정기,청약철회
2023021706,2023-04-24,남자,50 - 59세,경기도,기타,기타육류·육류가공식품,품질(물품/용역)
2023021707,2023-04-24,남자,30 - 39세,경기도,기타,예식서비스,계약해제.해지/위약금
2023021708,2023-04-24,여자,50 - 59세,서울특별시,TV홈쇼핑,전기압력밥솥,품질(물품/용역)
2023021709,2023-04-24,남자,40 - 49세,서울특별시,모바일거래,카메라,계약불이행(불완전이행)
2023021710,2023-04-24,여자,20 - 29세,대구광역시,국내온라인거래,티셔츠,청약철회
2023021711,2023-04-24,남자,20 - 29세,충청남도,모바일거래,모바일게임서비스,청약철회
2023021712,2023-04-24,여자,40 - 49세,부산광역시,모바일거래,기타가방,품질(물품/용역)
2023021713,2023-04-24,여자,40 - 49세,인천광역시,일반판매,헬스장,계약해제.해지/위약금
2023021714,2023-04-24,여자,30 - 39세,인천광역시,국내온라인거래,통신기기케이스,청약철회
2023021715,2023-04-24,여자,40 - 49세,경기도,TV홈쇼핑,미분류대여(렌트),계약해제.해지/위약금
2023021716,2023-04-24,남자,30 - 39세,경상북도,일반판매,기타스포츠·레저기구·용품,품질(물품/용역)
2023021717,2023-04-24,남자,30 - 39세,부산광역시,전화권유판매,기타매체광고,청약철회
2023021718,2023-04-24,남자,30 - 39세,제주도,일반판매,티셔츠,안전(제품/시설)
2023021719,2023-04-24,남자,30 - 39세,충청남도,국내온라인거래,보조배터리,AS불만
2023021720,2023-04-24,남자,20 - 29세,경기도,기타,외국어강습,계약불이행(불완전이행)
2023021721,2023-04-24,남자,30 - 39세,대전광역시,TV홈쇼핑,게,안전(제품/시설)
2023021722,2023-04-24,여자,30 - 39세,부산광역시,일반판매,운전강습,계약해제.해지/위약금
2023021723,2023-04-24,여자,30 - 39세,경기도,일반판매,국내결혼중개,계약해제.해지/위약금
2023021724,2023-04-24,여자,30 - 39세,부산광역시,방문판매,양복(서양식 의복)세탁,AS불만
2023021725,2023-04-24,여자,30 - 39세,서울특별시,국내온라인거래,인터넷교육서비스,계약해제.해지/위약금
2023021726,2023-04-24,남자,30 - 39세,인천광역시,방문판매,골프회원권,계약해제.해지/위약금
2023021727,2023-04-24,여자,40 - 49세,경상북도,모바일거래,티셔츠,계약불이행(불완전이행)
2023021728,2023-04-24,남자,40 - 49세,대구광역시,소셜커머스(쇼핑),기타놀이·게임기구,청약철회
2023021729,2023-04-24,여자,50 - 59세,경기도,일반판매,헬스장,계약해제.해지/위약금
2023021730,2023-04-24,남자,40 - 49세,서울특별시,전화권유판매,초고속인터넷,계약불이행(불완전이행)
2023021731,2023-04-24,남자,30 - 39세,광주광역시,국내온라인거래,항공여객운송서비스,청약철회
2023021732,2023-04-24,남자,50 - 59세,서울특별시,일반판매,기타의료용구,품질(물품/용역)
2023021733,2023-04-24,여자,40 - 49세,부산광역시,일반판매,기타가구,청약철회
2023021734,2023-04-24,여자,20 - 29세,경기도,기타,필라테스,계약해제.해지/위약금
2023021735,2023-04-24,여자,50 - 59세,경상북도,일반판매,학습지,계약해제.해지/위약금
2023021736,2023-04-24,여자,40 - 49세,서울특별시,국내온라인거래,원피스,계약불이행(불완전이행)
2023021737,2023-04-24,여자,30 - 39세,강원특별자치도,방문판매,기타방문·통신교육서비스,계약해제.해지/위약금
2023021738,2023-04-24,여자,30 - 39세,경상남도,일반판매,필라테스,청약철회
2023021740,2023-04-24,남자,20 - 29세,경기도,일반판매,독서실이용,계약해제.해지/위약금
2023021741,2023-04-24,여자,20 - 29세,서울특별시,일반판매,필라테스,계약해제.해지/위약금
2023021742,2023-04-24,여자,20 - 29세,경상남도,모바일거래,핸드백,청약철회
2023021743,2023-04-24,남자,30 - 39세,광주광역시,일반판매,셔츠,품질(물품/용역)
2023021744,2023-04-24,여자,30 - 39세,서울특별시,방문판매,헬스장,계약해제.해지/위약금
2023021745,2023-04-24,여자,30 - 39세,서울특별시,국내온라인거래,머플러,청약철회
2023021746,2023-04-24,여자,불명,대구광역시,국내온라인거래,기타간편복,청약철회
2023021747,2023-04-24,남자,40 - 49세,서울특별시,일반판매,독서실이용,계약해제.해지/위약금
2023021748,2023-04-24,여자,30 - 39세,강원특별자치도,국내온라인거래,기타주방설비,품질(물품/용역)
2023021749,2023-04-24,여자,30 - 39세,서울특별시,기타,인터넷교육서비스,계약해제.해지/위약금
2023021750,2023-04-24,남자,65 - 69세,경기도,일반판매,티셔츠,청약철회
2023021751,2023-04-24,여자,30 - 39세,인천광역시,일반판매,피부·체형관리서비스,부당행위
2023021752,2023-04-24,남자,60 - 64세,경기도,소셜커머스(쇼핑),인터넷교육서비스,계약불이행(불완전이행)
2023021753,2023-04-24,여자,30 - 39세,부산광역시,일반판매,아파트,계약불이행(불완전이행)
2023021754,2023-04-24,남자,65 - 69세,경상남도,기타,변호서비스,계약해제.해지/위약금
2023021755,2023-04-24,남자,60 - 64세,서울특별시,국내온라인거래,룸에어컨,계약불이행(불완전이행)
2023021756,2023-04-24,여자,30 - 39세,대전광역시,일반판매,필라테스,계약불이행(불완전이행)
2023021758,2023-04-24,여자,40 - 49세,경상북도,국내온라인거래,스커트,청약철회
2023021759,2023-04-24,여자,30 - 39세,서울특별시,국제온라인거래,항공여객운송서비스,청약철회
2023021760,2023-04-24,여자,30 - 39세,대전광역시,기타,기타목욕서비스,안전(제품/시설)
2023021761,2023-04-24,여자,20 - 29세,인천광역시,일반판매,헬스장,계약해제.해지/위약금
2023021762,2023-04-24,여자,20 - 29세,제주도,일반판매,헬스장,계약해제.해지/위약금
2023021763,2023-04-24,여자,30 - 39세,경기도,일반판매,사진촬영,계약해제.해지/위약금
2023021764,2023-04-24,여자,65 - 69세,서울특별시,국내온라인거래,기타일반화장품,품질(물품/용역)
2023021765,2023-04-24,남자,20 - 29세,제주도,모바일거래,사진촬영,계약해제.해지/위약금
2023021766,2023-04-24,여자,20 - 29세,경기도,일반판매,필라테스,계약해제.해지/위약금
2023021801,2023-04-25,남자,20 - 29세,경상북도,일반판매,자동차수리·점검,품질(물품/용역)
2023021802,2023-04-25,남자,40 - 49세,전라북도,일반판매,기타자동차용품,품질(물품/용역)
2023021803,2023-04-25,남자,30 - 39세,서울특별시,일반판매,전기자전거,AS불만
2023021804,2023-04-25,여자,30 - 39세,부산광역시,일반판매,골프회원권,계약해제.해지/위약금
2023021805,2023-04-25,남자,50 - 59세,경상남도,기타통신판매,국외여행,계약불이행(불완전이행)
2023021806,2023-04-25,남자,30 - 39세,경기도,국내온라인거래,옷장,품질(물품/용역)
2023021808,2023-04-25,여자,50 - 59세,인천광역시,방문판매,건강(암·기타질병)보험,약관
2023021809,2023-04-25,남자,50 - 59세,인천광역시,일반판매,실손보험,약관
2023021810,2023-04-25,여자,40 - 49세,경기도,국내온라인거래,라이트,품질(물품/용역)
2023021811,2023-04-25,남자,40 - 49세,경기도,일반판매,자동차수리·점검,계약불이행(불완전이행)
2023021812,2023-04-25,남자,50 - 59세,서울특별시,국내온라인거래,기타자전거,품질(물품/용역)
2023021813,2023-04-25,여자,30 - 39세,서울특별시,국내온라인거래,숙녀화(구두·부츠 등),품질(물품/용역)
2023021814,2023-04-25,남자,40 - 49세,제주도,국내온라인거래,스마트폰,계약불이행(불완전이행)
2023021815,2023-04-25,여자,40 - 49세,경상북도,일반판매,기타미분류서비스,계약불이행(불완전이행)
2023021816,2023-04-25,남자,50 - 59세,경기도,국내온라인거래,전기충전기,AS불만
2023021817,2023-04-25,남자,20 - 29세,서울특별시,일반판매,헬스장,계약해제.해지/위약금
2023021818,2023-04-25,남자,50 - 59세,서울특별시,국내온라인거래,항공여객운송서비스,계약해제.해지/위약금
2023021819,2023-04-25,여자,50 - 59세,광주광역시,일반판매,건강(암·기타질병)보험,약관
2023021820,2023-04-25,여자,65 - 69세,경기도,전화권유판매,가상화폐,계약해제.해지/위약금
2023021821,2023-04-25,남자,40 - 49세,경기도,일반판매,자동차수리·점검,부당행위
2023021822,2023-04-25,여자,50 - 59세,경기도,TV홈쇼핑,미분류대여(렌트),계약해제.해지/위약금
2023021823,2023-04-25,여자,40 - 49세,경상북도,국내온라인거래,원피스,청약철회
2023021824,2023-04-25,남자,50 - 59세,서울특별시,전화권유판매,유사투자자문,계약해제.해지/위약금
2023021825,2023-04-25,여자,40 - 49세,충청남도,국내온라인거래,유사투자자문,약관
2023021826,2023-04-25,남자,50 - 59세,경상북도,기타통신판매,건강(암·기타질병)보험,계약불이행(불완전이행)
2023021827,2023-04-25,남자,30 - 39세,인천광역시,전화권유판매,유사투자자문,계약해제.해지/위약금
2023021828,2023-04-25,여자,40 - 49세,서울특별시,일반판매,피부·체형관리서비스,계약해제.해지/위약금
2023021829,2023-04-25,여자,30 - 39세,서울특별시,모바일거래,자동차주차장,표시.광고
2023021830,2023-04-25,여자,20 - 29세,서울특별시,일반판매,헬스장,계약불이행(불완전이행)
2023021831,2023-04-25,여자,30 - 39세,전라북도,기타,인터넷교육서비스,계약해제.해지/위약금
2023021832,2023-04-25,여자,50 - 59세,경기도,일반판매,냉장고,AS불만
2023021833,2023-04-25,남자,50 - 59세,경기도,전화권유판매,유사투자자문,계약해제.해지/위약금
2023021834,2023-04-25,남자,(미입력),광주광역시,일반판매,대형승용자동차,품질(물품/용역)
2023021835,2023-04-25,여자,50 - 59세,경기도,일반판매,외식,부당행위
2023021836,2023-04-25,여자,30 - 39세,인천광역시,일반판매,숙녀복상의,품질(물품/용역)
2023021837,2023-04-25,남자,50 - 59세,경기도,일반판매,헬스장,계약해제.해지/위약금
2023021838,2023-04-25,남자,30 - 39세,대구광역시,국내온라인거래,운동화,품질(물품/용역)
2023021839,2023-04-25,여자,20 - 29세,경기도,일반판매,공제보험,약관
2023021840,2023-04-25,남자,40 - 49세,서울특별시,국내온라인거래,TV,청약철회
2023021841,2023-04-25,여자,40 - 49세,서울특별시,일반판매,안마의자대여(렌트),품질(물품/용역)
2023021842,2023-04-25,여자,20 - 29세,경기도,전화권유판매,인터넷교육서비스,계약해제.해지/위약금
2023021843,2023-04-25,여자,40 - 49세,경상북도,일반판매,자동차수리·점검,부당행위
2023021844,2023-04-25,남자,30 - 39세,경기도,국내온라인거래,항공여객운송서비스,계약해제.해지/위약금
2023021845,2023-04-25,남자,30 - 39세,전라남도,전화권유판매,유사투자자문,계약해제.해지/위약금
2023021846,2023-04-25,여자,30 - 39세,경기도,일반판매,이동전화서비스,가격.요금
2023021847,2023-04-25,남자,50 - 59세,대전광역시,국내온라인거래,가습기,품질(물품/용역)
2023021848,2023-04-25,남자,30 - 39세,제주도,일반판매,스프링매트리스,품질(물품/용역)
2023021849,2023-04-25,남자,10 - 19세,경기도,일반판매,교통카드,계약불이행(불완전이행)
2023021850,2023-04-25,남자,40 - 49세,경상남도,일반판매,오토바이,AS불만
2023021851,2023-04-25,남자,65 - 69세,충청북도,기타,기타이동통신,계약해제.해지/위약금
2023021852,2023-04-25,남자,65 - 69세,제주도,일반판매,골프회원권,계약불이행(불완전이행)
2023021854,2023-04-25,여자,30 - 39세,대구광역시,국내온라인거래,버스여객운송서비스,계약불이행(불완전이행)
2023021855,2023-04-25,여자,40 - 49세,경기도,국내온라인거래,TV,품질(물품/용역)
2023021856,2023-04-25,남자,50 - 59세,경기도,국내온라인거래,기타회원권,계약불이행(불완전이행)
2023021858,2023-04-25,남자,30 - 39세,경기도,국내온라인거래,기타숙박시설,계약불이행(불완전이행)
2023021860,2023-04-25,남자,40 - 49세,경기도,국내온라인거래,점퍼·재킷류,품질(물품/용역)
2023021861,2023-04-25,남자,40 - 49세,서울특별시,국내온라인거래,기타조명기기,계약불이행(불완전이행)
2023021862,2023-04-25,남자,40 - 49세,대전광역시,모바일거래,의자,표시.광고
2023021863,2023-04-25,여자,65 - 69세,경기도,국내온라인거래,국외여행,계약불이행(불완전이행)
2023021864,2023-04-25,남자,50 - 59세,서울특별시,일반판매,기타병·의원서비스,단순문의.상담
2023021865,2023-04-25,여자,30 - 39세,서울특별시,일반판매,필라테스,계약해제.해지/위약금
2023021866,2023-04-25,여자,50 - 59세,서울특별시,일반판매,안과,품질(물품/용역)
2023021867,2023-04-25,남자,40 - 49세,경기도,소셜커머스(쇼핑),잼,품질(물품/용역)
2023021868,2023-04-25,여자,40 - 49세,경기도,국내온라인거래,점퍼·재킷류,청약철회
2023021871,2023-04-25,여자,50 - 59세,서울특별시,국내온라인거래,기타가방,품질(물품/용역)
2023021872,2023-04-25,여자,40 - 49세,부산광역시,일반판매,기타사설강습서비스,계약해제.해지/위약금
2023021874,2023-04-25,남자,40 - 49세,대구광역시,국내온라인거래,양복(서양식 의복)세탁,품질(물품/용역)
2023021876,2023-04-25,여자,30 - 39세,경기도,일반판매,소파,품질(물품/용역)
2023021877,2023-04-25,여자,30 - 39세,인천광역시,국제온라인거래,기타숙박시설,계약해제.해지/위약금
2023021878,2023-04-25,남자,40 - 49세,광주광역시,일반판매,핸드백,청약철회
2023021879,2023-04-25,여자,50 - 59세,서울특별시,모바일거래,인터넷게임서비스,무능력자계약
2023021880,2023-04-25,여자,70 - 79세,경상남도,일반판매,기타인테리어설비,품질(물품/용역)
2023021881,2023-04-25,여자,30 - 39세,서울특별시,일반판매,양복(서양식 의복)세탁,품질(물품/용역)
2023021882,2023-04-25,남자,70 - 79세,경기도,국내온라인거래,기타숙박시설,계약해제.해지/위약금
2023021883,2023-04-25,여자,30 - 39세,대구광역시,일반판매,골프회원권,계약해제.해지/위약금
2023021884,2023-04-25,여자,20 - 29세,경기도,국내온라인거래,인터넷교육서비스,계약해제.해지/위약금
2023021885,2023-04-25,여자,20 - 29세,서울특별시,일반판매,양복(서양식 의복)세탁,품질(물품/용역)
2023021886,2023-04-25,여자,60 - 64세,경기도,일반판매,레저·이벤트회원권,청약철회
2023021887,2023-04-25,여자,50 - 59세,서울특별시,방문판매,의료용구대여(렌트),계약해제.해지/위약금
2023021888,2023-04-25,여자,20 - 29세,서울특별시,일반판매,헬스장,계약해제.해지/위약금
2023021889,2023-04-25,남자,30 - 39세,경기도,일반판매,미분류수리가공,계약불이행(불완전이행)
2023021890,2023-04-25,여자,20 - 29세,제주도,일반판매,헬스장,계약해제.해지/위약금
2023021892,2023-04-25,여자,50 - 59세,부산광역시,일반판매,양복(서양식 의복)세탁,품질(물품/용역)
2023021893,2023-04-25,여자,70 - 79세,서울특별시,국내온라인거래,기타건강식품,청약철회
2023021894,2023-04-25,남자,50 - 59세,대구광역시,일반판매,카메라,AS불만
2023021895,2023-04-25,여자,(미입력),충청남도,모바일거래,소파,표시.광고
2023021896,2023-04-25,남자,65 - 69세,경상남도,국내온라인거래,차량네비게이션(자동항법장치),표시.광고
2023021898,2023-04-25,여자,30 - 39세,인천광역시,기타,아파트,계약불이행(불완전이행)
2023021899,2023-04-25,여자,50 - 59세,부산광역시,일반판매,양복(서양식 의복)세탁,품질(물품/용역)
2023021900,2023-04-25,여자,20 - 29세,광주광역시,국내온라인거래,상품권,청약철회
2023021901,2023-04-25,남자,30 - 39세,서울특별시,일반판매,셔츠,품질(물품/용역)
2023021902,2023-04-25,남자,40 - 49세,인천광역시,일반판매,국내결혼중개,계약해제.해지/위약금
2023021903,2023-04-25,남자,50 - 59세,서울특별시,소셜커머스(쇼핑),보청기,품질(물품/용역)
2023021904,2023-04-25,여자,불명,부산광역시,일반판매,핸드백,품질(물품/용역)
2023021905,2023-04-25,남자,60 - 64세,경기도,일반판매,양복(서양식 의복)세탁,품질(물품/용역)
2023021906,2023-04-25,여자,40 - 49세,서울특별시,일반판매,아파트,계약불이행(불완전이행)
2023021907,2023-04-25,남자,40 - 49세,부산광역시,일반판매,점퍼·재킷류,품질(물품/용역)
2023021908,2023-04-25,여자,40 - 49세,인천광역시,일반판매,양복(서양식 의복)세탁,품질(물품/용역)
2023021909,2023-04-25,여자,30 - 39세,전라남도,일반판매,양복(서양식 의복)세탁,품질(물품/용역)
2023022001,2023-04-25,여자,20 - 29세,경기도,후원방문판매,애완고양이,계약해제.해지/위약금
2023022002,2023-04-25,남자,40 - 49세,경상남도,일반판매,신발세탁,품질(물품/용역)
2023022003,2023-04-25,남자,30 - 39세,대구광역시,일반판매,헬스장,계약해제.해지/위약금
2023022004,2023-04-25,남자,40 - 49세,서울특별시,국내온라인거래,기타어패류·어패류가공식품,품질(물품/용역)
2023022005,2023-04-25,여자,40 - 49세,서울특별시,일반판매,헬스장,계약해제.해지/위약금
2023022006,2023-04-25,남자,30 - 39세,경기도,일반판매,헬스장,계약해제.해지/위약금
2023022007,2023-04-25,남자,50 - 59세,경기도,전화권유판매,국외여행,표시.광고
2023022008,2023-04-25,남자,60 - 64세,대전광역시,기타,기타채소·채소가공식품,안전(제품/시설)
2023022009,2023-04-25,여자,40 - 49세,서울특별시,소셜커머스(쇼핑),미술전시관람,계약해제.해지/위약금
2023022010,2023-04-25,여자,30 - 39세,경상남도,기타,펜션,계약해제.해지/위약금
2023022011,2023-04-25,남자,30 - 39세,인천광역시,국내온라인거래,기타가방,청약철회
2023022012,2023-04-25,남자,50 - 59세,경상남도,국내온라인거래,호텔,계약해제.해지/위약금
2023022013,2023-04-25,여자,30 - 39세,대전광역시,방문판매,기타회원권,계약해제.해지/위약금
2023022014,2023-04-25,남자,30 - 39세,강원특별자치도,소셜커머스(쇼핑),기타가방,품질(물품/용역)
2023022015,2023-04-25,남자,30 - 39세,경기도,일반판매,헬스장,계약해제.해지/위약금
2023022016,2023-04-25,남자,60 - 64세,서울특별시,국내온라인거래,기타의류·섬유,계약불이행(불완전이행)
2023022017,2023-04-25,여자,30 - 39세,서울특별시,국내온라인거래,스포츠웨어,청약철회
2023022018,2023-04-25,남자,50 - 59세,경기도,국내온라인거래,운동용가방,품질(물품/용역)
2023022019,2023-04-25,여자,40 - 49세,서울특별시,기타,기타문화용품,가격.요금
2023022020,2023-04-25,남자,20 - 29세,경기도,국내온라인거래,니트(스웨터),청약철회
2023022021,2023-04-25,남자,30 - 39세,부산광역시,일반판매,헬스장,계약해제.해지/위약금
2023022022,2023-04-25,남자,30 - 39세,충청남도,전화권유판매,기타정보이용서비스,계약불이행(불완전이행)
2023022023,2023-04-25,남자,20 - 29세,경기도,방문판매,헬스장,계약해제.해지/위약금
2023022024,2023-04-25,여자,30 - 39세,서울특별시,국내온라인거래,항공여객운송서비스,계약불이행(불완전이행)
2023022025,2023-04-25,여자,40 - 49세,전라북도,전화권유판매,인터넷교육서비스,계약해제.해지/위약금
2023022026,2023-04-25,여자,30 - 39세,인천광역시,방문판매,필라테스,계약해제.해지/위약금
2023022027,2023-04-25,여자,30 - 39세,전라남도,국내온라인거래,기타완구·인형,계약불이행(불완전이행)
2023022028,2023-04-25,여자,20 - 29세,경기도,전화권유판매,기타정보이용서비스,청약철회
2023022029,2023-04-25,남자,50 - 59세,경상남도,일반판매,식탁,품질(물품/용역)
2023022030,2023-04-25,여자,30 - 39세,경기도,국내온라인거래,기타간편복,청약철회
2023022032,2023-04-25,여자,30 - 39세,제주도,기타,헬스장,계약해제.해지/위약금
2023022033,2023-04-25,여자,40 - 49세,부산광역시,일반판매,스낵과자,부당행위
2023022034,2023-04-25,여자,20 - 29세,경기도,일반판매,헬스장,계약해제.해지/위약금
2023022035,2023-04-25,여자,20 - 29세,서울특별시,일반판매,헬스장,계약해제.해지/위약금
2023022036,2023-04-25,여자,20 - 29세,경기도,일반판매,헬스장,계약해제.해지/위약금
2023022037,2023-04-25,여자,30 - 39세,경기도,국내온라인거래,인터넷교육서비스,계약해제.해지/위약금
2023022038,2023-04-25,여자,30 - 39세,인천광역시,일반판매,즉석조리식품,계약불이행(불완전이행)
2023022039,2023-04-25,남자,20 - 29세,부산광역시,국내온라인거래,기타알선·중개·번역서비스,계약해제.해지/위약금
2023022040,2023-04-25,남자,40 - 49세,대구광역시,국내온라인거래,노트북컴퓨터,품질(물품/용역)
2023022041,2023-04-25,여자,40 - 49세,경상북도,기타통신판매,여자용내의류,청약철회
2023022042,2023-04-25,여자,40 - 49세,인천광역시,기타,헬스장,계약해제.해지/위약금
2023022043,2023-04-25,남자,40 - 49세,인천광역시,일반판매,헬스장,계약해제.해지/위약금
2023022044,2023-04-25,여자,30 - 39세,인천광역시,소셜커머스(쇼핑),룸에어컨,품질(물품/용역)
2023022045,2023-04-25,여자,40 - 49세,경기도,일반판매,필라테스,계약해제.해지/위약금
2023022046,2023-04-25,여자,40 - 49세,경기도,국내온라인거래,국외여행,부당행위
2023022047,2023-04-25,남자,20 - 29세,경기도,국내온라인거래,헤드폰·이어폰,품질(물품/용역)
2023022048,2023-04-25,여자,30 - 39세,인천광역시,모바일거래,결혼준비대행서비스,거래관행
2023022049,2023-04-25,여자,30 - 39세,서울특별시,방문판매,헬스장,계약해제.해지/위약금
2023022050,2023-04-25,여자,40 - 49세,부산광역시,기타,우유,계약해제.해지/위약금
2023022051,2023-04-25,여자,30 - 39세,서울특별시,일반판매,피부·체형관리서비스,계약해제.해지/위약금
2023022052,2023-04-25,여자,50 - 59세,경기도,일반판매,애완고양이,계약불이행(불완전이행)
2023022053,2023-04-25,여자,30 - 39세,서울특별시,국내온라인거래,기타숙박시설,계약해제.해지/위약금
2023022054,2023-04-25,여자,30 - 39세,서울특별시,일반판매,기타사설강습서비스,계약해제.해지/위약금
2023022055,2023-04-25,여자,65 - 69세,대구광역시,일반판매,헬스장,계약해제.해지/위약금
2023022056,2023-04-25,여자,40 - 49세,인천광역시,국내온라인거래,점퍼·재킷류,청약철회
2023022057,2023-04-25,남자,20 - 29세,인천광역시,국내온라인거래,기타서적음반류,품질(물품/용역)
2023022058,2023-04-25,여자,30 - 39세,인천광역시,국내온라인거래,기타간편복,계약불이행(불완전이행)
2023022060,2023-04-25,남자,40 - 49세,세종특별자치시,모바일거래,모바일게임서비스,계약불이행(불완전이행)
2023022061,2023-04-25,여자,30 - 39세,전라북도,소셜커머스(쇼핑),작동완구,AS불만
2023022062,2023-04-25,여자,30 - 39세,경기도,소셜커머스(쇼핑),보석·귀금속,계약해제.해지/위약금
2023022063,2023-04-25,여자,40 - 49세,경기도,모바일거래,항공여객운송서비스,청약철회
2023022064,2023-04-25,여자,20 - 29세,대구광역시,국제온라인거래,항공여객운송서비스,계약해제.해지/위약금
2023022066,2023-04-25,여자,40 - 49세,울산광역시,국제온라인거래,항공여객운송서비스,계약해제.해지/위약금
2023022067,2023-04-25,남자,50 - 59세,경기도,기타,골프회원권,안전(제품/시설)
2023022068,2023-04-25,남자,20 - 29세,세종특별자치시,기타,기타정보이용서비스,계약해제.해지/위약금
2023022070,2023-04-25,남자,20 - 29세,서울특별시,일반판매,헬스장,계약해제.해지/위약금
2023022071,2023-04-25,남자,40 - 49세,경상남도,국내온라인거래,시계,청약철회
2023022072,2023-04-25,여자,50 - 59세,경기도,일반판매,믹서기,품질(물품/용역)
2023022073,2023-04-25,여자,30 - 39세,경기도,방문판매,보석·귀금속,청약철회
2023022074,2023-04-25,남자,40 - 49세,대전광역시,기타통신판매,TV,품질(물품/용역)
2023022075,2023-04-25,여자,40 - 49세,경기도,모바일거래,티셔츠,표시.광고
2023022076,2023-04-25,여자,50 - 59세,경기도,국내온라인거래,염색제,안전(제품/시설)
2023022077,2023-04-25,여자,20 - 29세,서울특별시,방문판매,헬스장,계약해제.해지/위약금
2023022078,2023-04-25,남자,30 - 39세,충청남도,국내온라인거래,기타공조·냉난방기기,AS불만
2023022079,2023-04-25,여자,20 - 29세,서울특별시,국내온라인거래,기타의류·섬유,품질(물품/용역)
2023022080,2023-04-25,여자,30 - 39세,서울특별시,국제온라인거래,기타숙박시설,청약철회
2023022101,2023-04-26,여자,(미입력),경기도,국내온라인거래,원피스,청약철회
2023022103,2023-04-26,남자,60 - 64세,서울특별시,일반판매,중형승용자동차,안전(제품/시설)
2023022105,2023-04-26,여자,65 - 69세,충청남도,일반판매,기타옥외장비·설비,품질(물품/용역)
2023022106,2023-04-26,남자,65 - 69세,서울특별시,일반판매,소형승용자동차,품질(물품/용역)
2023022108,2023-04-25,여자,60 - 64세,경상북도,국내온라인거래,기타미분류서비스,계약불이행(불완전이행)
2023022109,2023-04-26,여자,30 - 39세,부산광역시,방문판매,인터넷교육서비스,계약불이행(불완전이행)
2023022110,2023-04-26,남자,30 - 39세,경기도,국내온라인거래,시계,계약불이행(불완전이행)
2023022111,2023-04-26,여자,80세이상,경기도,전화권유판매,기타의료용구,품질(물품/용역)
2023022112,2023-04-26,남자,20 - 29세,충청남도,전화권유판매,인터넷정보이용서비스,계약해제.해지/위약금
2023022113,2023-04-26,여자,40 - 49세,대전광역시,전화권유판매,유사투자자문,계약해제.해지/위약금
2023022114,2023-04-26,남자,50 - 59세,경기도,일반판매,자동차주유,계약불이행(불완전이행)
2023022115,2023-04-26,남자,65 - 69세,경기도,일반판매,건강(암·기타질병)보험,약관
2023022116,2023-04-26,여자,40 - 49세,충청남도,국내온라인거래,책장·서가,표시.광고
2023022117,2023-04-26,여자,40 - 49세,경기도,기타통신판매,기타가방,청약철회
2023022118,2023-04-26,남자,60 - 64세,서울특별시,일반판매,기타농업시설자재,품질(물품/용역)
2023022119,2023-04-26,여자,20 - 29세,경기도,국내온라인거래,신유형상품권,계약불이행(불완전이행)
2023022120,2023-04-26,여자,20 - 29세,서울특별시,모바일거래,신유형상품권,부당행위
2023022121,2023-04-26,남자,70 - 79세,제주도,기타,전기온수장판,AS불만
2023022122,2023-04-26,여자,30 - 39세,서울특별시,국제온라인거래,항공여객운송서비스,계약해제.해지/위약금
2023022123,2023-04-26,여자,60 - 64세,대구광역시,일반판매,양복(서양식 의복)세탁,품질(물품/용역)
2023022124,2023-04-26,여자,30 - 39세,경기도,일반판매,초고속인터넷,부당행위
2023022125,2023-04-26,남자,65 - 69세,강원특별자치도,일반판매,비뇨의학과,품질(물품/용역)
2023022126,2023-04-26,남자,30 - 39세,광주광역시,국내온라인거래,기타침대류,품질(물품/용역)
2023022127,2023-04-26,여자,30 - 39세,부산광역시,국내온라인거래,TV,AS불만
2023022128,2023-04-26,남자,60 - 64세,서울특별시,일반판매,중형승용자동차,품질(물품/용역)
2023022129,2023-04-26,여자,50 - 59세,경기도,국내온라인거래,상품권,부당행위
2023022130,2023-04-26,남자,20 - 29세,서울특별시,국내온라인거래,기타식품류,계약불이행(불완전이행)
2023022131,2023-04-26,여자,50 - 59세,경상북도,일반판매,섀시설비,계약불이행(불완전이행)
2023022132,2023-04-26,여자,40 - 49세,서울특별시,기타통신판매,사진촬영,계약해제.해지/위약금
2023022133,2023-04-26,남자,30 - 39세,서울특별시,모바일거래,"OTT서비스(넷플릭스,왓챠 등)",부당행위
2023022134,2023-04-26,여자,50 - 59세,경기도,TV홈쇼핑,인터넷교육서비스,계약해제.해지/위약금
2023022135,2023-04-26,남자,불명,경상북도,소셜커머스(쇼핑),조개,계약불이행(불완전이행)
2023022136,2023-04-26,여자,65 - 69세,서울특별시,국내온라인거래,이불·요,품질(물품/용역)
2023022137,2023-04-26,여자,20 - 29세,서울특별시,일반판매,전산강습,계약불이행(불완전이행)
2023022138,2023-04-26,남자,50 - 59세,서울특별시,일반판매,티셔츠,품질(물품/용역)
2023022139,2023-04-26,여자,60 - 64세,경기도,일반판매,양복(서양식 의복)세탁,품질(물품/용역)
2023022140,2023-04-26,여자,40 - 49세,대구광역시,일반판매,기타수선·염색서비스,품질(물품/용역)
2023022141,2023-04-26,남자,50 - 59세,경상남도,일반판매,오토바이,AS불만
2023022142,2023-04-26,남자,40 - 49세,경기도,소셜커머스(쇼핑),기타자동차용품,품질(물품/용역)
2023022143,2023-04-26,남자,20 - 29세,서울특별시,일반판매,미용서비스,품질(물품/용역)
2023022144,2023-04-26,남자,65 - 69세,경기도,일반판매,유사투자자문,약관
2023022145,2023-04-26,여자,30 - 39세,경기도,일반판매,사진촬영,계약해제.해지/위약금
2023022146,2023-04-26,여자,50 - 59세,경기도,국내온라인거래,운동화,계약불이행(불완전이행)
2023022147,2023-04-26,남자,20 - 29세,인천광역시,일반판매,자동차대여(렌트),약관
2023022148,2023-04-26,여자,20 - 29세,서울특별시,일반판매,헬스장,품질(물품/용역)
2023022149,2023-04-26,여자,65 - 69세,전라남도,일반판매,외식,부당행위
2023022150,2023-04-26,남자,40 - 49세,울산광역시,국내온라인거래,기타서적음반류,품질(물품/용역)
2023022151,2023-04-26,남자,30 - 39세,전라북도,일반판매,중형승용자동차,계약불이행(불완전이행)
2023022152,2023-04-26,남자,50 - 59세,경기도,국내온라인거래,믹서기,표시.광고
2023022153,2023-04-26,여자,65 - 69세,대전광역시,기타,실손보험,부당행위
2023022154,2023-04-26,여자,20 - 29세,경기도,국내온라인거래,선반침대,품질(물품/용역)
2023022155,2023-04-26,여자,30 - 39세,경상남도,일반판매,양복(서양식 의복)세탁,품질(물품/용역)
2023022156,2023-04-26,남자,40 - 49세,인천광역시,일반판매,점퍼·재킷류,품질(물품/용역)
2023022157,2023-04-26,남자,20 - 29세,대전광역시,국내온라인거래,기타의류·섬유,계약불이행(불완전이행)
2023022159,2023-04-26,여자,30 - 39세,강원특별자치도,모바일거래,애완고양이,계약해제.해지/위약금
2023022161,2023-04-26,여자,30 - 39세,서울특별시,국내온라인거래,침대,품질(물품/용역)
2023022162,2023-04-26,여자,60 - 64세,경상북도,일반판매,여자용내의류,품질(물품/용역)
2023022163,2023-04-26,남자,40 - 49세,경기도,국내온라인거래,인터넷교육서비스,표시.광고
2023022164,2023-04-26,남자,30 - 39세,서울특별시,일반판매,컴퓨터수리,가격.요금
2023022165,2023-04-26,여자,65 - 69세,경기도,방문판매,정수기대여(렌트),계약해제.해지/위약금
2023022166,2023-04-26,여자,20 - 29세,서울특별시,일반판매,일반강습(입시학원등),계약해제.해지/위약금
2023022167,2023-04-26,남자,30 - 39세,강원특별자치도,국내온라인거래,기타자동차부품,품질(물품/용역)
2023022169,2023-04-26,여자,50 - 59세,부산광역시,일반판매,점퍼·재킷류,품질(물품/용역)
2023022170,2023-04-26,남자,40 - 49세,대전광역시,일반판매,자동차수리·점검,계약불이행(불완전이행)
2023022171,2023-04-26,여자,50 - 59세,경상북도,일반판매,보석·귀금속,부당행위
2023022172,2023-04-26,여자,50 - 59세,부산광역시,일반판매,이동전화서비스,계약불이행(불완전이행)
2023022173,2023-04-26,여자,65 - 69세,서울특별시,일반판매,실손보험,계약불이행(불완전이행)
2023022174,2023-04-26,여자,60 - 64세,경기도,일반판매,기타인테리어설비,계약해제.해지/위약금
2023022175,2023-04-26,여자,30 - 39세,경기도,방문판매,학습지,계약해제.해지/위약금
2023022176,2023-04-26,남자,60 - 64세,경기도,전화권유판매,유사투자자문,계약해제.해지/위약금
2023022177,2023-04-26,남자,50 - 59세,서울특별시,국내온라인거래,호텔,계약해제.해지/위약금
2023022178,2023-04-26,여자,70 - 79세,경기도,기타,정형외과,품질(물품/용역)
2023022179,2023-04-26,남자,30 - 39세,전라북도,일반판매,건강(암·기타질병)보험,계약불이행(불완전이행)
2023022180,2023-04-26,남자,70 - 79세,충청남도,일반판매,내과,품질(물품/용역)
2023022181,2023-04-26,남자,20 - 29세,서울특별시,전화권유판매,모바일정보이용서비스,계약불이행(불완전이행)
2023022182,2023-04-26,남자,50 - 59세,서울특별시,일반판매,기타인테리어설비,AS불만
2023022183,2023-04-26,남자,70 - 79세,서울특별시,전화권유판매,인터넷정보이용서비스,계약해제.해지/위약금
2023022184,2023-04-26,여자,30 - 39세,경기도,국내온라인거래,기타가사용품,표시.광고
2023022201,2023-04-26,여자,40 - 49세,서울특별시,국내온라인거래,아동복,청약철회
2023022202,2023-04-26,여자,40 - 49세,경기도,방문판매,방문교육,계약해제.해지/위약금
2023022203,2023-04-26,남자,40 - 49세,경기도,국내온라인거래,남자용내의류,청약철회
2023022204,2023-04-26,남자,40 - 49세,서울특별시,기타통신판매,초고속인터넷,계약해제.해지/위약금
2023022205,2023-04-26,남자,30 - 39세,경기도,국내온라인거래,사진촬영,계약해제.해지/위약금
2023022206,2023-04-26,남자,40 - 49세,경기도,소셜커머스(쇼핑),식기세척기,품질(물품/용역)
2023022207,2023-04-26,여자,50 - 59세,경기도,일반판매,기타의류·섬유,청약철회
2023022208,2023-04-26,여자,30 - 39세,서울특별시,국내온라인거래,신유형상품권,계약불이행(불완전이행)
2023022209,2023-04-26,남자,30 - 39세,경기도,국내온라인거래,노트북컴퓨터,계약해제.해지/위약금
2023022210,2023-04-26,남자,30 - 39세,서울특별시,방문판매,레저·이벤트회원권,계약해제.해지/위약금
2023022211,2023-04-26,여자,40 - 49세,경기도,국내온라인거래,전문스포츠화(축구화·골프화 등),품질(물품/용역)
2023022212,2023-04-26,여자,30 - 39세,경기도,일반판매,헬스장,계약해제.해지/위약금
2023022213,2023-04-26,여자,20 - 29세,부산광역시,일반판매,헬스장,계약해제.해지/위약금
2023022214,2023-04-26,여자,40 - 49세,경상남도,국내온라인거래,기타책상·테이블류,청약철회
2023022215,2023-04-26,남자,40 - 49세,대전광역시,국내온라인거래,버너,품질(물품/용역)
2023022216,2023-04-26,여자,30 - 39세,전라북도,국내온라인거래,기타완구·인형,청약철회
2023022217,2023-04-26,남자,40 - 49세,인천광역시,국내온라인거래,기타조리기기·기구,AS불만
2023022218,2023-04-26,여자,30 - 39세,경기도,일반판매,헬스장,이자.수수료
2023022219,2023-04-26,여자,30 - 39세,서울특별시,일반판매,헬스장,계약해제.해지/위약금
2023022220,2023-04-26,남자,30 - 39세,대구광역시,국내온라인거래,이불·요,AS불만
2023022221,2023-04-26,여자,20 - 29세,부산광역시,기타,기타미분류서비스,부당행위
2023022222,2023-04-26,여자,40 - 49세,서울특별시,방문판매,인터넷교육서비스,계약해제.해지/위약금
2023022223,2023-04-26,여자,40 - 49세,서울특별시,일반판매,각종자격취득강습,계약해제.해지/위약금
2023022224,2023-04-26,남자,30 - 39세,경기도,다단계판매,기타건강식품,부당행위
2023022225,2023-04-26,남자,20 - 29세,경기도,방문판매,헬스장,계약해제.해지/위약금
2023022226,2023-04-26,남자,30 - 39세,경기도,방문판매,각종자격취득강습,계약해제.해지/위약금
2023022227,2023-04-26,남자,40 - 49세,인천광역시,일반판매,헬스장,계약해제.해지/위약금
2023022228,2023-04-26,여자,20 - 29세,부산광역시,전화권유판매,기타매체광고,계약해제.해지/위약금
2023022229,2023-04-26,남자,30 - 39세,울산광역시,국내온라인거래,침대,계약해제.해지/위약금
2023022230,2023-04-26,남자,30 - 39세,경기도,기타,항공여객운송서비스,계약해제.해지/위약금
2023022231,2023-04-26,남자,40 - 49세,서울특별시,일반판매,페인트,AS불만
2023022232,2023-04-26,남자,30 - 39세,서울특별시,일반판매,헬스장,계약해제.해지/위약금
2023022233,2023-04-26,여자,40 - 49세,서울특별시,국내온라인거래,운동화,품질(물품/용역)
2023022234,2023-04-26,여자,30 - 39세,인천광역시,소셜커머스(쇼핑),트레이닝기구,청약철회
2023022235,2023-04-26,남자,60 - 64세,울산광역시,일반판매,보석·귀금속,청약철회
2023022236,2023-04-26,남자,20 - 29세,서울특별시,국제온라인거래,항공여객운송서비스,계약해제.해지/위약금
2023022237,2023-04-26,여자,30 - 39세,경기도,국내온라인거래,점퍼·재킷류,품질(물품/용역)
2023022238,2023-04-26,남자,20 - 29세,광주광역시,방문판매,정수기대여(렌트),계약해제.해지/위약금
2023022239,2023-04-26,남자,40 - 49세,서울특별시,국제온라인거래,항공여객운송서비스,계약해제.해지/위약금
2023022240,2023-04-26,남자,20 - 29세,경기도,방문판매,헬스장,계약해제.해지/위약금
2023022241,2023-04-26,여자,50 - 59세,서울특별시,일반판매,헬스장,계약해제.해지/위약금
2023022243,2023-04-26,여자,30 - 39세,서울특별시,국내온라인거래,핸드백,청약철회
2023022245,2023-04-26,남자,30 - 39세,부산광역시,일반판매,시스템에어컨,계약해제.해지/위약금
2023022246,2023-04-26,여자,40 - 49세,강원특별자치도,국내온라인거래,기타의류·섬유,청약철회
2023022247,2023-04-26,남자,40 - 49세,대구광역시,국내온라인거래,운동화,청약철회
2023022248,2023-04-26,여자,40 - 49세,서울특별시,국내온라인거래,자격시험기타,계약해제.해지/위약금
2023022249,2023-04-26,남자,20 - 29세,인천광역시,국내온라인거래,통신기기케이스,품질(물품/용역)
2023022250,2023-04-26,여자,50 - 59세,경기도,기타통신판매,외식,안전(제품/시설)
2023022251,2023-04-26,남자,40 - 49세,경기도,일반판매,이동전화서비스,가격.요금
2023022252,2023-04-26,여자,50 - 59세,경기도,기타,택배화물운송서비스,품질(물품/용역)
2023022253,2023-04-26,여자,60 - 64세,서울특별시,국내온라인거래,가습기,품질(물품/용역)
2023022254,2023-04-26,여자,40 - 49세,강원특별자치도,국제온라인거래,호텔,청약철회
2023022255,2023-04-26,여자,30 - 39세,전라북도,국내온라인거래,TV,품질(물품/용역)
2023022256,2023-04-26,남자,50 - 59세,대전광역시,기타,샴푸,품질(물품/용역)
2023022257,2023-04-26,남자,30 - 39세,전라남도,기타,기타인테리어설비,계약불이행(불완전이행)
2023022258,2023-04-26,여자,40 - 49세,서울특별시,국내온라인거래,침대,청약철회
2023022259,2023-04-26,여자,30 - 39세,경기도,기타,예식서비스,계약해제.해지/위약금
2023022260,2023-04-26,여자,30 - 39세,전라북도,일반판매,달걀,안전(제품/시설)
2023022261,2023-04-26,여자,20 - 29세,인천광역시,방문판매,헬스장,계약해제.해지/위약금
2023022262,2023-04-26,여자,60 - 64세,경기도,방문판매,정수기대여(렌트),계약해제.해지/위약금
2023022263,2023-04-26,남자,30 - 39세,경기도,일반판매,식탁,계약해제.해지/위약금
2023022264,2023-04-26,여자,20 - 29세,경기도,일반판매,헬스장,계약해제.해지/위약금
2023022265,2023-04-26,남자,30 - 39세,대전광역시,일반판매,헬스장,계약해제.해지/위약금
2023022266,2023-04-26,여자,30 - 39세,서울특별시,모바일거래,기타가방,청약철회
2023022267,2023-04-26,여자,30 - 39세,서울특별시,국내온라인거래,숙녀복하의,청약철회
2023022268,2023-04-26,여자,50 - 59세,경상남도,일반판매,피부·체형관리서비스,안전(제품/시설)
2023022270,2023-04-26,여자,30 - 39세,서울특별시,기타,헬스장,계약해제.해지/위약금
2023022271,2023-04-26,여자,50 - 59세,충청북도,기타,케이블TV,청약철회
2023022272,2023-04-26,여자,30 - 39세,경기도,국내온라인거래,점퍼·재킷류,청약철회
2023022273,2023-04-26,남자,30 - 39세,서울특별시,국내온라인거래,기타통신기기,AS불만
2023022274,2023-04-26,남자,40 - 49세,경기도,국내온라인거래,소파,안전(제품/시설)
2023022275,2023-04-26,여자,30 - 39세,서울특별시,기타,미용서비스,안전(제품/시설)
2023022276,2023-04-26,남자,50 - 59세,서울특별시,기타,국외여행,계약불이행(불완전이행)
2023022277,2023-04-26,여자,30 - 39세,경기도,국내온라인거래,코트,품질(물품/용역)
2023022278,2023-04-26,남자,30 - 39세,경기도,국내온라인거래,닭고기포장육,안전(제품/시설)
2023022279,2023-04-26,남자,60 - 64세,대전광역시,일반판매,소파,품질(물품/용역)
2023022280,2023-04-26,남자,60 - 64세,경기도,일반판매,기타미분류서비스,품질(물품/용역)
2023022281,2023-04-26,여자,30 - 39세,경기도,국내온라인거래,나이프·포크,품질(물품/용역)
2023022282,2023-04-26,남자,30 - 39세,인천광역시,모바일거래,기타서적음반류,품질(물품/용역)
2023022283,2023-04-26,남자,40 - 49세,제주도,소셜커머스(쇼핑),기타세정제·탈취제,계약불이행(불완전이행)
2023022284,2023-04-26,여자,40 - 49세,경상북도,일반판매,기타조리기기·기구,청약철회
2023022285,2023-04-26,여자,50 - 59세,경기도,일반판매,포장이사운송서비스,품질(물품/용역)
2023022286,2023-04-26,여자,40 - 49세,서울특별시,일반판매,여행용가방,청약철회
2023022287,2023-04-26,여자,40 - 49세,경기도,일반판매,기타가구,계약불이행(불완전이행)
2023022288,2023-04-26,여자,30 - 39세,경기도,소셜커머스(쇼핑),호텔,품질(물품/용역)
2023022289,2023-04-26,여자,40 - 49세,서울특별시,국내온라인거래,각종공연관람,계약불이행(불완전이행)
2023022290,2023-04-26,남자,30 - 39세,서울특별시,국내온라인거래,반포장이사운송서비스,품질(물품/용역)
2023022291,2023-04-26,남자,40 - 49세,서울특별시,기타,포장이사운송서비스,품질(물품/용역)
2023022292,2023-04-26,여자,20 - 29세,광주광역시,국내온라인거래,기타식품류,품질(물품/용역)
2023022293,2023-04-26,남자,50 - 59세,서울특별시,국내온라인거래,전기포트,청약철회
2023022294,2023-04-26,여자,30 - 39세,인천광역시,일반판매,필라테스,계약해제.해지/위약금
2023022295,2023-04-26,남자,40 - 49세,경기도,일반판매,기타음료,품질(물품/용역)
2023022296,2023-04-26,여자,20 - 29세,인천광역시,기타,골프회원권,계약해제.해지/위약금
2023022297,2023-04-26,남자,40 - 49세,전라북도,기타통신판매,스마트폰,단순문의.상담
2023022298,2023-04-26,여자,30 - 39세,경기도,국내온라인거래,기타의류·섬유,계약불이행(불완전이행)
2023022299,2023-04-26,여자,30 - 39세,부산광역시,일반판매,미용서비스,계약해제.해지/위약금
2023022301,2023-04-27,남자,70 - 79세,경기도,일반판매,차량용블랙박스,품질(물품/용역)
2023022302,2023-04-27,남자,40 - 49세,서울특별시,국내온라인거래,샴푸,품질(물품/용역)
2023022304,2023-04-26,남자,30 - 39세,경기도,국내온라인거래,프린터,청약철회
2023022305,2023-04-27,남자,50 - 59세,경기도,기타통신판매,모바일정보이용서비스,계약불이행(불완전이행)
2023022306,2023-04-27,여자,50 - 59세,서울특별시,일반판매,점퍼·재킷류,품질(물품/용역)
2023022308,2023-04-27,남자,70 - 79세,경상북도,일반판매,기타민영보험,약관
2023022309,2023-04-27,남자,65 - 69세,서울특별시,기타통신판매,초고속인터넷,계약불이행(불완전이행)
2023022310,2023-04-27,여자,50 - 59세,강원특별자치도,일반판매,연금보험,약관
2023022311,2023-04-27,남자,60 - 64세,경상남도,전화권유판매,유사투자자문,계약불이행(불완전이행)
2023022312,2023-04-27,여자,30 - 39세,부산광역시,모바일거래,카셰어링,부당행위
2023022313,2023-04-27,남자,50 - 59세,강원특별자치도,일반판매,실손보험,약관
2023022314,2023-04-27,남자,40 - 49세,서울특별시,국내온라인거래,점퍼·재킷류,청약철회
2023022315,2023-04-27,남자,40 - 49세,대구광역시,방문판매,중형승용자동차,품질(물품/용역)
2023022316,2023-04-27,남자,20 - 29세,서울특별시,일반판매,양복(서양식 의복)세탁,품질(물품/용역)
2023022317,2023-04-27,여자,30 - 39세,경상남도,일반판매,양복(서양식 의복)세탁,품질(물품/용역)
2023022318,2023-04-27,남자,30 - 39세,서울특별시,일반판매,중형승용자동차,품질(물품/용역)
2023022319,2023-04-27,여자,50 - 59세,울산광역시,일반판매,양복(서양식 의복)세탁,품질(물품/용역)
2023022320,2023-04-27,남자,60 - 64세,부산광역시,일반판매,냉장고,AS불만
2023022321,2023-04-27,남자,30 - 39세,경기도,일반판매,신사복세트,계약해제.해지/위약금
2023022322,2023-04-27,남자,40 - 49세,서울특별시,방문판매,인터넷교육서비스,청약철회
2023022323,2023-04-27,여자,50 - 59세,경기도,일반판매,핸드백,품질(물품/용역)
2023022324,2023-04-27,여자,50 - 59세,서울특별시,일반판매,헬스장,계약해제.해지/위약금
2023022325,2023-04-27,남자,80세이상,인천광역시,국내온라인거래,기타이동통신,계약불이행(불완전이행)
2023022326,2023-04-27,남자,30 - 39세,부산광역시,기타통신판매,모바일정보이용서비스,계약해제.해지/위약금
2023022327,2023-04-27,여자,65 - 69세,경기도,일반판매,건강(암·기타질병)보험,약관
2023022328,2023-04-27,여자,50 - 59세,경상북도,일반판매,와이퍼,품질(물품/용역)
2023022329,2023-04-27,여자,30 - 39세,서울특별시,기타,예식서비스,계약해제.해지/위약금
2023022330,2023-04-27,남자,40 - 49세,경기도,일반판매,헬스장,계약불이행(불완전이행)
2023022331,2023-04-27,남자,50 - 59세,부산광역시,기타,정수기대여(렌트),약관
2023022332,2023-04-27,남자,30 - 39세,부산광역시,국내온라인거래,운동화,계약불이행(불완전이행)
2023022333,2023-04-27,남자,40 - 49세,서울특별시,국내온라인거래,이동전화서비스,품질(물품/용역)
2023022334,2023-04-27,여자,40 - 49세,경기도,기타통신판매,부업알선,청약철회
2023022335,2023-04-27,남자,40 - 49세,서울특별시,일반판매,수영장회원권,계약불이행(불완전이행)
2023022336,2023-04-27,남자,60 - 64세,서울특별시,국내온라인거래,시계,계약불이행(불완전이행)
2023022337,2023-04-27,남자,65 - 69세,제주도,모바일거래,모바일정보이용서비스,부당행위
2023022338,2023-04-27,여자,40 - 49세,강원특별자치도,국내온라인거래,기타신변용품,품질(물품/용역)
2023022339,2023-04-27,여자,30 - 39세,인천광역시,일반판매,필라테스,계약해제.해지/위약금
2023022340,2023-04-27,남자,70 - 79세,대전광역시,국내온라인거래,밥솥,품질(물품/용역)
2023022343,2023-04-27,여자,70 - 79세,경상남도,일반판매,스마트폰,품질(물품/용역)
2023022344,2023-04-27,여자,20 - 29세,경기도,모바일거래,교통카드,표시.광고
2023022345,2023-04-27,여자,불명,경기도,일반판매,빵,안전(제품/시설)
2023022346,2023-04-27,여자,40 - 49세,충청남도,일반판매,냉동고,품질(물품/용역)
2023022347,2023-04-27,남자,50 - 59세,서울특별시,국내온라인거래,냉장고,AS불만
2023022348,2023-04-27,여자,40 - 49세,서울특별시,국내온라인거래,카펫,품질(물품/용역)
2023022350,2023-04-27,남자,50 - 59세,경상북도,국내온라인거래,티셔츠,품질(물품/용역)
2023022352,2023-04-27,남자,60 - 64세,충청남도,국내온라인거래,국외여행,부당행위
2023022353,2023-04-27,여자,30 - 39세,경상북도,국내온라인거래,양복(서양식 의복)세탁,품질(물품/용역)
2023022354,2023-04-27,여자,40 - 49세,서울특별시,일반판매,이동전화서비스,청약철회
2023022355,2023-04-27,남자,40 - 49세,경기도,일반판매,피부과,품질(물품/용역)
2023022356,2023-04-27,여자,60 - 64세,세종특별자치시,일반판매,외과,품질(물품/용역)
2023022357,2023-04-27,여자,70 - 79세,서울특별시,전화권유판매,화장품세트,청약철회
2023022358,2023-04-27,여자,40 - 49세,경기도,국내온라인거래,코트,청약철회
2023022359,2023-04-27,남자,50 - 59세,인천광역시,국내온라인거래,전기자전거,품질(물품/용역)
2023022360,2023-04-27,여자,30 - 39세,서울특별시,일반판매,양복(서양식 의복)세탁,품질(물품/용역)
2023022361,2023-04-27,여자,30 - 39세,서울특별시,일반판매,양복(서양식 의복)세탁,품질(물품/용역)
2023022362,2023-04-27,남자,40 - 49세,강원특별자치도,일반판매,정수기대여(렌트),계약해제.해지/위약금
2023022363,2023-04-27,남자,30 - 39세,서울특별시,국내온라인거래,기타가구,계약해제.해지/위약금
2023022364,2023-04-27,남자,40 - 49세,경기도,일반판매,티셔츠,품질(물품/용역)
2023022365,2023-04-27,여자,30 - 39세,인천광역시,국내온라인거래,점퍼·재킷류,청약철회
2023022403,2023-04-27,여자,20 - 29세,경기도,일반판매,할인회원권,계약해제.해지/위약금
2023022404,2023-04-27,남자,30 - 39세,경기도,국내온라인거래,인터넷정보이용서비스,계약해제.해지/위약금
2023022405,2023-04-27,남자,30 - 39세,대구광역시,국내온라인거래,의자,품질(물품/용역)
2023022406,2023-04-27,여자,20 - 29세,울산광역시,전화권유판매,기타매체광고,계약해제.해지/위약금
2023022408,2023-04-27,여자,30 - 39세,서울특별시,일반판매,헬스장,계약해제.해지/위약금
2023022409,2023-04-27,여자,30 - 39세,서울특별시,전화권유판매,기타정보이용서비스,계약해제.해지/위약금
2023022410,2023-04-27,여자,40 - 49세,경기도,일반판매,전기밥솥,품질(물품/용역)
2023022411,2023-04-27,여자,30 - 39세,충청남도,일반판매,택배화물운송서비스,AS불만
2023022412,2023-04-27,여자,40 - 49세,서울특별시,국내온라인거래,회화·공예용품,품질(물품/용역)
2023022413,2023-04-27,여자,20 - 29세,대전광역시,국내온라인거래,기타숙박시설,청약철회
2023022414,2023-04-27,여자,20 - 29세,경기도,국내온라인거래,숙녀복하의,품질(물품/용역)
2023022415,2023-04-27,남자,60 - 64세,경기도,국내온라인거래,기타가방,청약철회
2023022416,2023-04-27,남자,20 - 29세,부산광역시,모바일거래,점퍼·재킷류,청약철회
2023022417,2023-04-27,여자,30 - 39세,인천광역시,소셜커머스(쇼핑),점퍼·재킷류,청약철회
2023022418,2023-04-27,남자,30 - 39세,서울특별시,일반판매,헬스장,계약해제.해지/위약금
2023022419,2023-04-27,남자,30 - 39세,서울특별시,국내온라인거래,밥솥,품질(물품/용역)
2023022420,2023-04-27,여자,30 - 39세,경기도,방문판매,필라테스,계약해제.해지/위약금
2023022421,2023-04-27,여자,40 - 49세,경상북도,모바일거래,스포츠웨어,청약철회
2023022422,2023-04-27,여자,30 - 39세,경기도,전화권유판매,민간자격(능력)시험,계약해제.해지/위약금
2023022423,2023-04-27,여자,50 - 59세,서울특별시,소셜커머스(쇼핑),운동화,부당행위
2023022424,2023-04-27,여자,20 - 29세,강원특별자치도,국내온라인거래,기타침대류,표시.광고
2023022425,2023-04-27,남자,40 - 49세,경기도,국내온라인거래,선글라스,품질(물품/용역)
2023022426,2023-04-27,남자,50 - 59세,인천광역시,일반판매,정수기대여(렌트),계약불이행(불완전이행)
2023022427,2023-04-27,여자,50 - 59세,경기도,일반판매,경비·관리서비스,계약해제.해지/위약금
2023022428,2023-04-27,여자,30 - 39세,서울특별시,국내온라인거래,여자용내의류,청약철회
2023022429,2023-04-27,여자,50 - 59세,경기도,국내온라인거래,점퍼·재킷류,청약철회
2023022430,2023-04-27,남자,40 - 49세,서울특별시,기타,헬스장,계약해제.해지/위약금
2023022431,2023-04-27,여자,20 - 29세,서울특별시,국내온라인거래,이동전화서비스,청약철회
2023022433,2023-04-27,남자,30 - 39세,강원특별자치도,방문판매,아파트,청약철회
2023022434,2023-04-27,남자,60 - 64세,경상북도,국내온라인거래,기타책상·테이블류,품질(물품/용역)
2023022435,2023-04-27,여자,30 - 39세,인천광역시,국내온라인거래,기타의류·섬유,품질(물품/용역)
2023022436,2023-04-27,여자,40 - 49세,경기도,국내온라인거래,기타간편복,청약철회
2023022437,2023-04-27,남자,50 - 59세,경상북도,국내온라인거래,골프용품,계약불이행(불완전이행)
2023022438,2023-04-27,여자,30 - 39세,경상북도,국내온라인거래,일반이사운송서비스,계약불이행(불완전이행)
2023022439,2023-04-27,남자,30 - 39세,경기도,일반판매,전산강습,계약불이행(불완전이행)
2023022440,2023-04-27,여자,30 - 39세,서울특별시,국내온라인거래,기타완구·인형,청약철회
2023022441,2023-04-27,여자,40 - 49세,경기도,국내온라인거래,욕실설비,계약불이행(불완전이행)
2023022442,2023-04-27,여자,30 - 39세,서울특별시,국내온라인거래,의상대여(렌트),계약해제.해지/위약금
2023022443,2023-04-27,여자,40 - 49세,서울특별시,기타,기타매체광고,계약해제.해지/위약금
2023022444,2023-04-27,여자,30 - 39세,경기도,국내온라인거래,단행본,표시.광고
2023022445,2023-04-27,여자,50 - 59세,경기도,국내온라인거래,기타세트가구류,품질(물품/용역)
2023022446,2023-04-27,여자,40 - 49세,서울특별시,방문판매,점퍼·재킷류,청약철회
2023022447,2023-04-27,여자,30 - 39세,경기도,방문판매,전기진공청소기,계약해제.해지/위약금
2023022448,2023-04-27,여자,50 - 59세,부산광역시,국내온라인거래,기타의류·섬유,청약철회
2023022449,2023-04-27,남자,40 - 49세,경기도,국내온라인거래,헤드폰·이어폰,계약불이행(불완전이행)
2023022450,2023-04-27,남자,50 - 59세,경기도,국내온라인거래,호텔,안전(제품/시설)
2023022451,2023-04-27,여자,20 - 29세,충청남도,일반판매,필라테스,계약해제.해지/위약금
2023022452,2023-04-27,여자,40 - 49세,서울특별시,기타,기타인테리어설비,AS불만
2023022453,2023-04-27,여자,20 - 29세,경기도,일반판매,헬스장,청약철회
2023022454,2023-04-27,남자,20 - 29세,경기도,일반판매,외식,안전(제품/시설)
2023022455,2023-04-27,남자,40 - 49세,대구광역시,일반판매,스마트폰,AS불만
2023022456,2023-04-27,남자,40 - 49세,경기도,국내온라인거래,기타스포츠·레저기구·용품,청약철회
2023022457,2023-04-27,여자,20 - 29세,서울특별시,일반판매,미용서비스,품질(물품/용역)
2023022459,2023-04-27,남자,30 - 39세,경기도,기타,기타인테리어설비,품질(물품/용역)
2023022460,2023-04-27,남자,30 - 39세,부산광역시,국내온라인거래,기타가방,계약불이행(불완전이행)
2023022461,2023-04-27,남자,40 - 49세,경기도,국내온라인거래,골프용품,계약불이행(불완전이행)
2023022462,2023-04-27,여자,50 - 59세,세종특별자치시,국내온라인거래,항공화물운송서비스,계약불이행(불완전이행)
2023022463,2023-04-27,남자,50 - 59세,서울특별시,국내온라인거래,스마트폰,AS불만
2023022464,2023-04-27,남자,30 - 39세,서울특별시,국내온라인거래,전기진공청소기,품질(물품/용역)
2023022465,2023-04-27,여자,40 - 49세,서울특별시,기타,일반강습(입시학원등),계약불이행(불완전이행)
2023022466,2023-04-27,남자,30 - 39세,부산광역시,국내온라인거래,이불·침대커버,청약철회
2023022467,2023-04-27,여자,30 - 39세,대전광역시,일반판매,기타목욕서비스,안전(제품/시설)
2023022468,2023-04-27,남자,40 - 49세,인천광역시,기타,헤드폰·이어폰,품질(물품/용역)
2023022469,2023-04-27,남자,50 - 59세,서울특별시,국내온라인거래,필기용구,청약철회
2023022470,2023-04-27,남자,20 - 29세,대구광역시,기타,이동전화서비스,부당행위
2023022471,2023-04-27,여자,30 - 39세,대전광역시,일반판매,필라테스,계약불이행(불완전이행)
2023022501,2023-04-28,남자,60 - 64세,서울특별시,일반판매,핸드백,계약불이행(불완전이행)
2023022503,2023-04-27,남자,40 - 49세,서울특별시,기타,기타매체광고,계약해제.해지/위약금
2023022504,2023-04-28,남자,40 - 49세,충청남도,일반판매,자동차대여(렌트),계약불이행(불완전이행)
2023022505,2023-04-28,남자,40 - 49세,경기도,일반판매,휴대폰(2G),품질(물품/용역)
2023022506,2023-04-28,남자,40 - 49세,경기도,일반판매,자동차세차,부당행위
2023022507,2023-04-28,여자,40 - 49세,서울특별시,기타,항공여객운송서비스,계약불이행(불완전이행)
2023022508,2023-04-28,남자,50 - 59세,경상남도,일반판매,컴퓨터수리,계약불이행(불완전이행)
2023022509,2023-04-28,여자,40 - 49세,서울특별시,국내온라인거래,기타문화·오락시설이용,계약해제.해지/위약금
2023022510,2023-04-28,남자,20 - 29세,경기도,국내온라인거래,사운드카드,품질(물품/용역)
2023022511,2023-04-28,남자,30 - 39세,경기도,국내온라인거래,항공여객운송서비스,계약해제.해지/위약금
2023022512,2023-04-28,남자,50 - 59세,대전광역시,일반판매,상조서비스,계약해제.해지/위약금
2023022513,2023-04-28,남자,20 - 29세,대전광역시,일반판매,건강(암·기타질병)보험,계약불이행(불완전이행)
2023022514,2023-04-28,여자,40 - 49세,서울특별시,일반판매,피부·체형관리서비스,계약해제.해지/위약금
2023022515,2023-04-28,남자,40 - 49세,인천광역시,기타통신판매,신용카드,표시.광고
2023022516,2023-04-28,여자,50 - 59세,경상북도,일반판매,섀시설비,계약해제.해지/위약금
2023022517,2023-04-28,남자,40 - 49세,서울특별시,국내온라인거래,전자게임기구,계약불이행(불완전이행)
2023022519,2023-04-28,여자,50 - 59세,전라북도,국내온라인거래,티셔츠,품질(물품/용역)
2023022520,2023-04-28,여자,40 - 49세,경기도,모바일거래,항공여객운송서비스,계약불이행(불완전이행)
2023022521,2023-04-28,여자,20 - 29세,서울특별시,기타,기타병·의원서비스,계약해제.해지/위약금
2023022522,2023-04-28,남자,50 - 59세,경기도,소셜커머스(쇼핑),지갑,청약철회
2023022523,2023-04-28,여자,20 - 29세,전라북도,기타,피부과,품질(물품/용역)
2023022524,2023-04-28,남자,40 - 49세,경상남도,일반판매,이동전화서비스,계약해제.해지/위약금
2023022525,2023-04-28,남자,30 - 39세,경기도,국내온라인거래,전기진공청소기,AS불만
2023022526,2023-04-28,남자,30 - 39세,서울특별시,일반판매,의류수선,품질(물품/용역)
2023022527,2023-04-28,여자,30 - 39세,부산광역시,방문판매,애완동·식물용품,품질(물품/용역)
2023022529,2023-04-28,남자,50 - 59세,전라남도,일반판매,국외여행,계약해제.해지/위약금
2023022530,2023-04-28,여자,50 - 59세,경상북도,일반판매,포장이사운송서비스,계약불이행(불완전이행)
2023022531,2023-04-28,여자,70 - 79세,서울특별시,일반판매,내과,품질(물품/용역)
2023022532,2023-04-28,남자,50 - 59세,경상남도,전화권유판매,실손보험,부당행위
2023022533,2023-04-28,남자,30 - 39세,경기도,일반판매,스마트폰,품질(물품/용역)
2023022534,2023-04-28,여자,20 - 29세,강원특별자치도,일반판매,양복(서양식 의복)세탁,품질(물품/용역)
2023022535,2023-04-28,여자,40 - 49세,인천광역시,국내온라인거래,옷장,품질(물품/용역)
2023022537,2023-04-28,여자,50 - 59세,인천광역시,일반판매,대형승용자동차,품질(물품/용역)
2023022538,2023-04-28,여자,20 - 29세,경상북도,국내온라인거래,기타일반화장품,계약불이행(불완전이행)
2023022539,2023-04-28,남자,30 - 39세,경기도,국내온라인거래,카셰어링,품질(물품/용역)
2023022540,2023-04-28,여자,40 - 49세,경기도,일반판매,중형승용자동차,계약불이행(불완전이행)
2023022541,2023-04-28,여자,65 - 69세,경기도,일반판매,코트,품질(물품/용역)
2023022542,2023-04-28,여자,40 - 49세,인천광역시,일반판매,양복(서양식 의복)세탁,품질(물품/용역)
2023022543,2023-04-28,남자,50 - 59세,서울특별시,모바일거래,항공여객운송서비스,계약해제.해지/위약금
2023022544,2023-04-28,남자,30 - 39세,인천광역시,국내온라인거래,티셔츠,계약불이행(불완전이행)
2023022545,2023-04-28,남자,50 - 59세,서울특별시,일반판매,호텔,계약불이행(불완전이행)
2023022546,2023-04-28,남자,20 - 29세,경기도,일반판매,애완견,계약해제.해지/위약금
2023022547,2023-04-28,여자,50 - 59세,경기도,일반판매,수영장회원권,계약불이행(불완전이행)
2023022548,2023-04-28,여자,20 - 29세,광주광역시,모바일거래,상조서비스,계약해제.해지/위약금
2023022549,2023-04-28,여자,40 - 49세,경상남도,일반판매,자동차대여(렌트),계약해제.해지/위약금
2023022550,2023-04-28,남자,40 - 49세,서울특별시,일반판매,양복(서양식 의복)세탁,품질(물품/용역)
2023022551,2023-04-28,여자,30 - 39세,서울특별시,국내온라인거래,캐주얼바지,청약철회
2023022552,2023-04-28,남자,50 - 59세,경상남도,일반판매,가구세트,계약해제.해지/위약금
2023022553,2023-04-28,여자,60 - 64세,서울특별시,일반판매,건강(암·기타질병)보험,약관
2023022554,2023-04-28,여자,40 - 49세,경기도,국내온라인거래,점퍼·재킷류,청약철회
2023022555,2023-04-28,여자,30 - 39세,서울특별시,일반판매,정수기대여(렌트),품질(물품/용역)
2023022556,2023-04-28,남자,30 - 39세,서울특별시,일반판매,피부과,계약해제.해지/위약금
2023022557,2023-04-28,여자,40 - 49세,울산광역시,일반판매,건물청소서비스,계약불이행(불완전이행)
2023022558,2023-04-28,남자,40 - 49세,대전광역시,국내온라인거래,냉장고,품질(물품/용역)
2023022559,2023-04-28,여자,20 - 29세,경기도,기타,스마트폰,품질(물품/용역)
2023022560,2023-04-28,남자,20 - 29세,서울특별시,국내온라인거래,운동화,청약철회
2023022561,2023-04-28,남자,30 - 39세,서울특별시,소셜커머스(쇼핑),샌들·슬리퍼,표시.광고
2023022562,2023-04-28,남자,30 - 39세,경기도,국내온라인거래,티셔츠,품질(물품/용역)
2023022563,2023-04-28,여자,20 - 29세,경기도,국내온라인거래,USB,계약불이행(불완전이행)
2023022564,2023-04-28,여자,40 - 49세,경기도,일반판매,피부과,계약해제.해지/위약금
2023022565,2023-04-28,남자,50 - 59세,광주광역시,일반판매,이동전화서비스,계약해제.해지/위약금
2023022566,2023-04-28,여자,70 - 79세,경기도,일반판매,건강(암·기타질병)보험,약관
2023022567,2023-04-28,남자,40 - 49세,경기도,일반판매,국내결혼중개,계약불이행(불완전이행)
2023022568,2023-04-28,여자,40 - 49세,서울특별시,기타통신판매,인터넷교육서비스,계약불이행(불완전이행)
2023022569,2023-04-28,남자,30 - 39세,충청북도,모바일거래,기타주방설비,계약불이행(불완전이행)
2023022570,2023-04-28,여자,50 - 59세,부산광역시,일반판매,국내결혼중개,계약불이행(불완전이행)
2023022571,2023-04-28,여자,50 - 59세,부산광역시,일반판매,피부과,계약해제.해지/위약금
2023022572,2023-04-28,여자,20 - 29세,부산광역시,일반판매,기타사설강습서비스,계약해제.해지/위약금
2023022574,2023-04-28,여자,50 - 59세,경기도,일반판매,기타가방,품질(물품/용역)
2023022575,2023-04-28,여자,20 - 29세,충청북도,전화권유판매,모바일정보이용서비스,계약해제.해지/위약금
2023022576,2023-04-28,여자,40 - 49세,경기도,국내온라인거래,가운·잠옷류,품질(물품/용역)
2023022577,2023-04-28,남자,30 - 39세,경상남도,일반판매,양복(서양식 의복)세탁,품질(물품/용역)
2023022578,2023-04-28,남자,40 - 49세,경기도,일반판매,헬스장,계약해제.해지/위약금
2023022579,2023-04-28,남자,40 - 49세,경기도,일반판매,헬스장,계약불이행(불완전이행)
2023022580,2023-04-28,여자,20 - 29세,서울특별시,기타통신판매,기타숙박시설,계약불이행(불완전이행)
2023022581,2023-04-28,남자,30 - 39세,경기도,국내온라인거래,전기진공청소기,품질(물품/용역)
2023022582,2023-04-28,여자,40 - 49세,서울특별시,국내온라인거래,기타숙박시설,계약해제.해지/위약금
2023022583,2023-04-28,여자,40 - 49세,서울특별시,일반판매,양복(서양식 의복)세탁,품질(물품/용역)
2023022584,2023-04-28,남자,70 - 79세,서울특별시,일반판매,헬스장,계약해제.해지/위약금
2023022585,2023-04-28,남자,50 - 59세,충청북도,일반판매,자동차주유,부당행위
2023022586,2023-04-28,남자,60 - 64세,경기도,국내온라인거래,기타자동차부품,청약철회
2023022587,2023-04-28,남자,70 - 79세,경기도,전화권유판매,유사투자자문,청약철회
2023022588,2023-04-28,남자,70 - 79세,서울특별시,국내온라인거래,소파,청약철회
2023022589,2023-04-28,여자,30 - 39세,서울특별시,일반판매,기타세탁서비스,품질(물품/용역)
2023022590,2023-04-28,여자,50 - 59세,전라남도,일반판매,침대,품질(물품/용역)
2023022591,2023-04-28,여자,80세이상,광주광역시,방문판매,안마의자,계약해제.해지/위약금
2023022592,2023-04-28,여자,80세이상,서울특별시,일반판매,중고전자제품매매업,AS불만
2023022593,2023-04-28,남자,60 - 64세,경기도,국내온라인거래,기타주방설비,품질(물품/용역)
2023022594,2023-04-28,여자,불명,경기도,국내온라인거래,운동화,계약불이행(불완전이행)
2023022595,2023-04-28,남자,30 - 39세,인천광역시,국내온라인거래,기타책상·테이블류,AS불만
2023022596,2023-04-28,여자,40 - 49세,경상남도,일반판매,양복(서양식 의복)세탁,품질(물품/용역)
2023022598,2023-04-28,여자,30 - 39세,경기도,일반판매,한의원,계약해제.해지/위약금
2023022599,2023-04-28,여자,30 - 39세,서울특별시,국내온라인거래,양복(서양식 의복)세탁,품질(물품/용역)
2023022600,2023-04-28,여자,40 - 49세,서울특별시,기타,인터넷교육서비스,계약해제.해지/위약금
2023022601,2023-04-28,여자,30 - 39세,서울특별시,일반판매,기타세탁서비스,품질(물품/용역)
2023022602,2023-04-28,여자,60 - 64세,인천광역시,일반판매,점퍼·재킷류,품질(물품/용역)
2023022603,2023-04-28,여자,40 - 49세,경기도,국내온라인거래,캐주얼바지,품질(물품/용역)
2023022604,2023-04-28,여자,50 - 59세,서울특별시,일반판매,한의원,계약해제.해지/위약금
2023022605,2023-04-28,남자,30 - 39세,부산광역시,일반판매,초고속인터넷,계약불이행(불완전이행)
2023022606,2023-04-28,남자,20 - 29세,대구광역시,일반판매,양복(서양식 의복)세탁,품질(물품/용역)
2023022607,2023-04-28,여자,30 - 39세,세종특별자치시,일반판매,학생용가방,품질(물품/용역)
2023022608,2023-04-28,여자,60 - 64세,경기도,기타통신판매,국외여행,계약해제.해지/위약금
2023022609,2023-04-28,여자,20 - 29세,서울특별시,일반판매,피부과,계약해제.해지/위약금
2023022701,2023-04-28,남자,40 - 49세,경기도,국내온라인거래,화장대,AS불만
2023022702,2023-04-28,남자,30 - 39세,경기도,일반판매,헬스장,계약해제.해지/위약금
2023022703,2023-04-28,여자,40 - 49세,울산광역시,방문판매,학습지,계약해제.해지/위약금
2023022704,2023-04-28,남자,30 - 39세,충청북도,소셜커머스(쇼핑),신사화(구두·부츠 등),청약철회
2023022705,2023-04-28,여자,40 - 49세,경기도,일반판매,헬스장,계약해제.해지/위약금
2023022706,2023-04-28,여자,30 - 39세,경기도,국내온라인거래,액자,표시.광고
2023022707,2023-04-28,여자,10 - 19세,경기도,일반판매,미용서비스,품질(물품/용역)
2023022708,2023-04-28,여자,30 - 39세,경기도,일반판매,미용서비스,품질(물품/용역)
2023022709,2023-04-28,남자,30 - 39세,서울특별시,국내온라인거래,기타알선·중개·번역서비스,계약해제.해지/위약금
2023022710,2023-04-28,남자,30 - 39세,경기도,국내온라인거래,티셔츠,청약철회
2023022711,2023-04-28,남자,50 - 59세,경기도,일반판매,헬스장,계약해제.해지/위약금
2023022712,2023-04-28,여자,40 - 49세,서울특별시,소셜커머스(쇼핑),케이크,청약철회
2023022713,2023-04-28,남자,30 - 39세,서울특별시,방문판매,헬스장,계약해제.해지/위약금
2023022714,2023-04-28,여자,20 - 29세,서울특별시,국내온라인거래,통신기기케이스,청약철회
2023022715,2023-04-28,여자,40 - 49세,서울특별시,국내온라인거래,스커트,청약철회
2023022716,2023-04-28,여자,30 - 39세,서울특별시,국내온라인거래,기타의류·섬유,청약철회
2023022717,2023-04-28,여자,30 - 39세,서울특별시,국내온라인거래,기타가방,청약철회
2023022718,2023-04-28,남자,40 - 49세,경기도,모바일거래,기타숙박시설,청약철회
2023022719,2023-04-28,남자,40 - 49세,부산광역시,일반판매,기타간편복,품질(물품/용역)
2023022721,2023-04-28,남자,40 - 49세,대전광역시,국내온라인거래,의자,계약불이행(불완전이행)
2023022722,2023-04-28,여자,30 - 39세,부산광역시,일반판매,식탁,청약철회
2023022723,2023-04-28,여자,60 - 64세,경기도,국내온라인거래,기타건강식품,청약철회
2023022724,2023-04-28,여자,20 - 29세,서울특별시,국내온라인거래,항공여객운송서비스,계약불이행(불완전이행)
2023022725,2023-04-28,남자,30 - 39세,서울특별시,일반판매,헬스장,계약해제.해지/위약금
2023022727,2023-04-28,남자,40 - 49세,충청북도,국내온라인거래,기타건강식품,계약불이행(불완전이행)
2023022728,2023-04-28,남자,50 - 59세,서울특별시,기타,레포츠장비대여(렌트),안전(제품/시설)
2023022729,2023-04-28,남자,50 - 59세,경기도,국내온라인거래,캐주얼바지,품질(물품/용역)
2023022730,2023-04-28,남자,30 - 39세,경기도,방문판매,헬스장,계약해제.해지/위약금
2023022731,2023-04-28,남자,40 - 49세,서울특별시,국내온라인거래,기타이동통신,청약철회
2023022732,2023-04-28,여자,20 - 29세,경기도,국내온라인거래,항공여객운송서비스,표시.광고
2023022733,2023-04-28,여자,20 - 29세,인천광역시,국내온라인거래,블라우스,청약철회
2023022734,2023-04-28,남자,50 - 59세,경상북도,국내온라인거래,가구세트,품질(물품/용역)
2023022735,2023-04-28,남자,20 - 29세,경기도,방문판매,의상대여(렌트),청약철회
2023022736,2023-04-28,남자,30 - 39세,경상남도,일반판매,예식서비스,청약철회
2023022737,2023-04-28,여자,20 - 29세,경상북도,국내온라인거래,필라테스,계약해제.해지/위약금
2023022738,2023-04-28,여자,20 - 29세,경기도,방문판매,헬스장,계약해제.해지/위약금
2023022739,2023-04-28,여자,30 - 39세,부산광역시,일반판매,미용서비스,품질(물품/용역)
2023022740,2023-04-28,여자,40 - 49세,경기도,국내온라인거래,핸드백,청약철회
2023022741,2023-04-28,여자,40 - 49세,경기도,국내온라인거래,유산균함유제품,청약철회
2023022742,2023-04-28,여자,30 - 39세,경상북도,일반판매,애완견,계약불이행(불완전이행)
2023022743,2023-04-28,남자,60 - 64세,서울특별시,일반판매,기타인테리어설비,AS불만
2023022744,2023-04-28,남자,30 - 39세,경기도,기타통신판매,이동전화서비스,품질(물품/용역)
2023022746,2023-04-28,여자,40 - 49세,광주광역시,전화권유판매,일반강습(입시학원등),계약해제.해지/위약금
2023022747,2023-04-28,남자,30 - 39세,경기도,국내온라인거래,스마트폰,품질(물품/용역)
2023022749,2023-04-28,여자,30 - 39세,전라남도,국내온라인거래,단행본,품질(물품/용역)
2023022750,2023-04-28,남자,30 - 39세,부산광역시,국내온라인거래,기타간편복,청약철회
2023022751,2023-04-28,여자,10 - 19세,대구광역시,일반판매,레저시설이용,안전(제품/시설)
2023022752,2023-04-28,남자,30 - 39세,서울특별시,일반판매,헬스장,계약해제.해지/위약금
2023022753,2023-04-28,여자,40 - 49세,서울특별시,일반판매,스마트폰,계약해제.해지/위약금
2023022754,2023-04-28,남자,40 - 49세,서울특별시,국내온라인거래,초고속인터넷,AS불만
2023022756,2023-04-28,남자,40 - 49세,경상남도,일반판매,기타방문·통신교육서비스,계약해제.해지/위약금
2023022757,2023-04-28,남자,20 - 29세,충청북도,방문판매,헬스장,계약해제.해지/위약금
2023022758,2023-04-28,여자,40 - 49세,서울특별시,국내온라인거래,국내결혼중개,계약해제.해지/위약금
2023022759,2023-04-28,남자,20 - 29세,서울특별시,모바일거래,식사배달,부당행위
2023022760,2023-04-28,남자,20 - 29세,서울특별시,모바일거래,식사배달,부당행위
2023022761,2023-04-28,여자,20 - 29세,서울특별시,국내온라인거래,운동화,청약철회
2023022762,2023-04-28,여자,20 - 29세,경기도,방문판매,헬스장,계약불이행(불완전이행)
2023022763,2023-04-28,여자,40 - 49세,경기도,국내온라인거래,기타의류·섬유,품질(물품/용역)
2023022764,2023-04-28,남자,50 - 59세,부산광역시,국내온라인거래,기타스포츠·레저기구·용품,계약불이행(불완전이행)
2023022765,2023-04-28,남자,30 - 39세,충청북도,일반판매,헬스장,계약해제.해지/위약금
2023022767,2023-04-28,남자,50 - 59세,인천광역시,기타,아파트,계약해제.해지/위약금
2023022768,2023-04-28,여자,40 - 49세,광주광역시,국내온라인거래,인터넷정보이용서비스,계약해제.해지/위약금
2023022769,2023-04-28,남자,40 - 49세,전라남도,소셜커머스(쇼핑),기타간편복,청약철회
2023022770,2023-04-28,여자,60 - 64세,충청북도,일반판매,정수기대여(렌트),품질(물품/용역)
2023022771,2023-04-28,여자,40 - 49세,경기도,모바일거래,케이크,청약철회
2023022801,2023-04-29,여자,30 - 39세,경기도,일반판매,스포츠시설이용,계약해제.해지/위약금
2023022802,2023-04-29,남자,30 - 39세,서울특별시,방문판매,헬스장,계약해제.해지/위약금
2023022803,2023-04-29,남자,20 - 29세,서울특별시,일반판매,일반강습(입시학원등),계약해제.해지/위약금
2023022804,2023-04-29,여자,40 - 49세,서울특별시,국내온라인거래,기타신발·용품,청약철회
2023022805,2023-04-29,여자,50 - 59세,서울특별시,소셜커머스(쇼핑),점퍼·재킷류,청약철회
2023022806,2023-04-29,여자,40 - 49세,서울특별시,일반판매,요가,계약해제.해지/위약금
2023022807,2023-04-29,여자,40 - 49세,전라북도,방문판매,인터넷교육서비스,계약해제.해지/위약금
2023022808,2023-04-29,남자,20 - 29세,서울특별시,일반판매,운전강습,청약철회
2023022809,2023-04-29,여자,50 - 59세,서울특별시,기타,포장이사운송서비스,안전(제품/시설)
2023022810,2023-04-29,여자,20 - 29세,부산광역시,일반판매,헬스장,계약해제.해지/위약금
2023022811,2023-04-29,여자,20 - 29세,경기도,국제온라인거래,항공여객운송서비스,계약해제.해지/위약금
2023022812,2023-04-29,여자,30 - 39세,경기도,기타통신판매,호텔,청약철회
2023022813,2023-04-29,여자,20 - 29세,서울특별시,일반판매,기타가방,품질(물품/용역)
2023022814,2023-04-29,여자,40 - 49세,서울특별시,일반판매,필라테스,계약해제.해지/위약금
2023022815,2023-04-29,여자,불명,서울특별시,기타,일반강습(입시학원등),계약불이행(불완전이행)
2023022816,2023-04-29,여자,30 - 39세,전라북도,일반판매,학습지,계약해제.해지/위약금
2023022817,2023-04-29,남자,20 - 29세,서울특별시,국내온라인거래,인터넷교육서비스,계약해제.해지/위약금
2023022818,2023-04-29,남자,30 - 39세,서울특별시,국내온라인거래,기저귀,청약철회
2023022819,2023-04-29,여자,50 - 59세,경기도,기타,룸에어컨,계약불이행(불완전이행)
2023022820,2023-04-29,여자,30 - 39세,경기도,국내온라인거래,아동화,표시.광고
2023022901,2023-04-30,남자,30 - 39세,경기도,일반판매,헬스장,계약해제.해지/위약금
2023022902,2023-04-30,남자,20 - 29세,경기도,기타,헬스장,계약해제.해지/위약금
2023022903,2023-04-30,남자,30 - 39세,서울특별시,일반판매,용달화물서비스,계약불이행(불완전이행)
2023022904,2023-04-30,남자,65 - 69세,부산광역시,전화권유판매,무선전화기,계약불이행(불완전이행)
2023022905,2023-04-30,여자,40 - 49세,경기도,일반판매,스포츠시설이용,계약해제.해지/위약금
2023022906,2023-04-30,남자,20 - 29세,서울특별시,방문판매,헬스장,계약해제.해지/위약금
2023022907,2023-04-30,남자,30 - 39세,대전광역시,국내온라인거래,운동화,청약철회
2023022908,2023-04-30,남자,30 - 39세,경기도,국내온라인거래,기타숙박시설,계약해제.해지/위약금
2023022909,2023-04-30,남자,50 - 59세,경상북도,국내온라인거래,기타농업시설자재,청약철회
2023022910,2023-04-30,여자,40 - 49세,서울특별시,방문판매,인터넷교육서비스,계약해제.해지/위약금
2023022911,2023-04-30,남자,30 - 39세,서울특별시,기타,결혼준비대행서비스,계약해제.해지/위약금
2023022913,2023-04-30,남자,40 - 49세,경기도,일반판매,영화관람,부당행위
2023022914,2023-04-30,여자,50 - 59세,인천광역시,전화권유판매,경비·관리서비스,계약해제.해지/위약금
2023022915,2023-04-30,남자,20 - 29세,인천광역시,국내온라인거래,트레이닝기구,품질(물품/용역)
2023022916,2023-04-30,남자,40 - 49세,대전광역시,기타,국내결혼중개,계약불이행(불완전이행)
2023022917,2023-04-30,여자,40 - 49세,대전광역시,일반판매,필라테스,계약해제.해지/위약금
2023022918,2023-04-28,여자,60 - 64세,경기도,국내온라인거래,김치냉장고,계약불이행(불완전이행)
2023022919,2023-05-01,여자,30 - 39세,인천광역시,일반판매,필라테스,계약불이행(불완전이행)
2023022920,2023-05-01,여자,20 - 29세,서울특별시,일반판매,미용서비스,품질(물품/용역)
2023022921,2023-05-01,남자,20 - 29세,전라남도,국내온라인거래,핸드백,계약해제.해지/위약금
2023022922,2023-05-01,남자,30 - 39세,서울특별시,국내온라인거래,점퍼·재킷류,청약철회
2023022923,2023-05-01,여자,50 - 59세,인천광역시,일반판매,보석·귀금속,청약철회
2023022925,2023-05-01,여자,60 - 64세,대구광역시,국내온라인거래,통신기기주변장치,청약철회
2023022926,2023-05-01,남자,20 - 29세,전라북도,방문판매,헬스장,계약해제.해지/위약금
2023022927,2023-05-01,남자,20 - 29세,울산광역시,일반판매,애완견,품질(물품/용역)
2023022928,2023-05-01,여자,60 - 64세,경기도,일반판매,외식,품질(물품/용역)
2023022929,2023-05-01,여자,30 - 39세,강원특별자치도,일반판매,헤드폰·이어폰,품질(물품/용역)
2023022930,2023-05-01,여자,40 - 49세,경기도,국내온라인거래,의자,청약철회
2023022931,2023-05-01,여자,20 - 29세,경기도,일반판매,헬스장,계약해제.해지/위약금
2023022932,2023-05-01,남자,30 - 39세,경기도,기타,기타금융상품,계약불이행(불완전이행)
2023022933,2023-05-01,남자,30 - 39세,경기도,기타,기타가구,계약불이행(불완전이행)
2023022934,2023-05-01,여자,20 - 29세,서울특별시,방문판매,헬스장,계약해제.해지/위약금
2023022935,2023-05-01,여자,60 - 64세,서울특별시,일반판매,헬스장,계약해제.해지/위약금
2023022936,2023-05-01,남자,50 - 59세,서울특별시,일반판매,미용서비스,안전(제품/시설)
2023022937,2023-05-01,여자,40 - 49세,부산광역시,일반판매,애완고양이,품질(물품/용역)
2023022938,2023-05-01,남자,20 - 29세,전라북도,일반판매,헬스장,계약해제.해지/위약금
2023022939,2023-05-01,남자,30 - 39세,경기도,국내온라인거래,시스템에어컨,계약해제.해지/위약금
2023022940,2023-05-01,남자,30 - 39세,서울특별시,일반판매,헬스장,계약해제.해지/위약금
2023022941,2023-05-01,남자,20 - 29세,서울특별시,국내온라인거래,텐트,AS불만
2023022942,2023-05-01,남자,30 - 39세,충청북도,기타,기타숙박시설,계약불이행(불완전이행)
2023022943,2023-05-01,남자,40 - 49세,서울특별시,일반판매,호텔,품질(물품/용역)
2023022944,2023-05-01,남자,30 - 39세,서울특별시,일반판매,기타음식관련서비스,부당행위
2023022945,2023-05-01,여자,30 - 39세,대전광역시,전화권유판매,초고속인터넷,계약불이행(불완전이행)
2023022947,2023-05-01,여자,50 - 59세,서울특별시,방문판매,기타매체광고,계약해제.해지/위약금
2023022948,2023-05-01,남자,30 - 39세,경기도,기타,초고속인터넷,부당행위
2023022949,2023-05-01,여자,30 - 39세,충청남도,일반판매,헬스장,계약해제.해지/위약금
2023022950,2023-05-02,남자,50 - 59세,서울특별시,일반판매,양복(서양식 의복)세탁,품질(물품/용역)
2023022951,2023-05-02,남자,60 - 64세,경기도,일반판매,기타가방,품질(물품/용역)
2023022952,2023-05-02,남자,20 - 29세,경기도,기타통신판매,항공여객운송서비스,청약철회
2023022953,2023-05-02,여자,60 - 64세,전라남도,일반판매,자동차보험,약관
2023022954,2023-05-02,남자,50 - 59세,경기도,일반판매,자동차수리·점검,품질(물품/용역)
2023022955,2023-05-02,남자,40 - 49세,경상남도,일반판매,숙녀화(구두·부츠 등),품질(물품/용역)
2023022956,2023-05-02,여자,20 - 29세,충청북도,국내온라인거래,운동화,계약불이행(불완전이행)
2023022957,2023-05-02,여자,30 - 39세,서울특별시,국내온라인거래,샌들·슬리퍼,품질(물품/용역)
2023022958,2023-05-02,여자,40 - 49세,전라북도,국내온라인거래,운동화,품질(물품/용역)
2023022959,2023-05-02,여자,50 - 59세,서울특별시,일반판매,숙녀화(구두·부츠 등),품질(물품/용역)
2023022960,2023-05-02,여자,30 - 39세,부산광역시,일반판매,숙녀화(구두·부츠 등),품질(물품/용역)
2023022961,2023-05-02,여자,50 - 59세,충청북도,일반판매,신발세탁,품질(물품/용역)
2023022962,2023-05-02,여자,50 - 59세,서울특별시,일반판매,생활패션화(슬립온·아쿠아슈즈·장화·작업화 등),품질(물품/용역)
2023022963,2023-05-02,여자,40 - 49세,경상남도,TV홈쇼핑,운동화,품질(물품/용역)
2023022964,2023-05-02,여자,20 - 29세,전라북도,국내온라인거래,샌들·슬리퍼,품질(물품/용역)
2023022965,2023-05-02,여자,30 - 39세,서울특별시,일반판매,기타회원권,계약해제.해지/위약금
2023022966,2023-05-02,여자,40 - 49세,부산광역시,국내온라인거래,운동화,품질(물품/용역)
2023022967,2023-05-02,남자,60 - 64세,대전광역시,일반판매,운동화,품질(물품/용역)
2023022968,2023-05-02,여자,50 - 59세,서울특별시,국내온라인거래,운동화,품질(물품/용역)
2023022970,2023-05-02,여자,30 - 39세,경기도,일반판매,신발세탁,계약불이행(불완전이행)
2023022971,2023-05-02,여자,30 - 39세,서울특별시,모바일거래,운동화,품질(물품/용역)
2023022972,2023-05-02,여자,60 - 64세,부산광역시,일반판매,운동화,품질(물품/용역)
2023022973,2023-05-02,여자,40 - 49세,부산광역시,국내온라인거래,신발세탁,계약불이행(불완전이행)
2023022974,2023-05-02,여자,60 - 64세,부산광역시,일반판매,운동화,품질(물품/용역)
2023022975,2023-05-02,남자,50 - 59세,서울특별시,일반판매,운동화,품질(물품/용역)
2023022976,2023-05-02,여자,40 - 49세,부산광역시,국내온라인거래,신발세탁,계약불이행(불완전이행)
2023022977,2023-05-02,여자,40 - 49세,부산광역시,국내온라인거래,신발세탁,계약불이행(불완전이행)
2023022978,2023-05-02,남자,30 - 39세,인천광역시,모바일거래,택시여객운송서비스,계약해제.해지/위약금
2023022979,2023-05-02,여자,20 - 29세,경기도,기타,초고속인터넷,계약해제.해지/위약금
2023022980,2023-05-02,남자,50 - 59세,충청남도,국내온라인거래,전문스포츠화(축구화·골프화 등),품질(물품/용역)
2023022981,2023-05-02,여자,30 - 39세,서울특별시,일반판매,필라테스,계약해제.해지/위약금
2023022982,2023-05-02,남자,30 - 39세,대전광역시,국내온라인거래,운동화,품질(물품/용역)
2023022983,2023-05-02,여자,50 - 59세,울산광역시,일반판매,신발세탁,계약불이행(불완전이행)
2023022984,2023-05-02,남자,50 - 59세,경기도,국내온라인거래,운동화,품질(물품/용역)
2023022985,2023-05-02,여자,20 - 29세,부산광역시,일반판매,피혁세탁,품질(물품/용역)
2023022986,2023-05-02,여자,60 - 64세,경기도,일반판매,운동화,품질(물품/용역)
2023022987,2023-05-02,여자,70 - 79세,경기도,일반판매,숙녀화(구두·부츠 등),품질(물품/용역)
2023022988,2023-05-02,여자,40 - 49세,경기도,국내온라인거래,운동화,품질(물품/용역)
2023022989,2023-05-02,여자,20 - 29세,서울특별시,국내온라인거래,신발세탁,계약불이행(불완전이행)
2023022990,2023-05-02,여자,40 - 49세,경상북도,일반판매,레저시설이용,부당행위
2023022991,2023-05-02,남자,40 - 49세,서울특별시,국내온라인거래,냄비,품질(물품/용역)
2023022992,2023-05-02,여자,65 - 69세,인천광역시,일반판매,요가,계약해제.해지/위약금
2023022993,2023-05-02,여자,40 - 49세,부산광역시,국내온라인거래,양복(서양식 의복)세탁,품질(물품/용역)
2023022994,2023-05-02,여자,40 - 49세,광주광역시,일반판매,자동차수리·점검,계약불이행(불완전이행)
2023022995,2023-05-02,여자,30 - 39세,경기도,소셜커머스(쇼핑),기타가구,품질(물품/용역)
2023022996,2023-05-02,여자,불명,경상북도,일반판매,캐주얼바지,품질(물품/용역)
2023022997,2023-05-02,남자,40 - 49세,서울특별시,일반판매,기타가구,품질(물품/용역)
2023022998,2023-05-02,여자,50 - 59세,경상북도,일반판매,티셔츠,품질(물품/용역)
2023022999,2023-05-02,남자,30 - 39세,서울특별시,국내온라인거래,치약,품질(물품/용역)
2023023000,2023-05-02,여자,50 - 59세,경기도,일반판매,운동화,품질(물품/용역)
2023023001,2023-05-02,여자,30 - 39세,부산광역시,국내온라인거래,기타컴퓨터·주변기기,계약불이행(불완전이행)
2023023002,2023-05-02,여자,50 - 59세,전라북도,일반판매,점퍼·재킷류,품질(물품/용역)
2023023003,2023-05-02,여자,30 - 39세,경기도,국내온라인거래,운동화,품질(물품/용역)
2023023004,2023-05-02,여자,40 - 49세,경기도,일반판매,운동화,품질(물품/용역)
2023023005,2023-05-02,여자,30 - 39세,경기도,국내온라인거래,운동화,품질(물품/용역)
2023023006,2023-05-02,여자,40 - 49세,충청남도,일반판매,운동화,품질(물품/용역)
2023023007,2023-05-02,남자,50 - 59세,경기도,일반판매,신사화(구두·부츠 등),품질(물품/용역)
2023023008,2023-05-02,여자,40 - 49세,충청남도,일반판매,신사화(구두·부츠 등),계약불이행(불완전이행)
2023023009,2023-05-02,여자,30 - 39세,경기도,일반판매,샌들·슬리퍼,품질(물품/용역)
2023023010,2023-05-02,여자,40 - 49세,경기도,일반판매,운동화,품질(물품/용역)
2023023011,2023-05-02,남자,30 - 39세,서울특별시,국내온라인거래,운동화,품질(물품/용역)
2023023012,2023-05-02,여자,70 - 79세,부산광역시,일반판매,운동화,품질(물품/용역)
2023023013,2023-05-02,여자,30 - 39세,경기도,국내온라인거래,양복(서양식 의복)세탁,품질(물품/용역)
2023023014,2023-05-02,남자,40 - 49세,서울특별시,일반판매,운동화,품질(물품/용역)
2023023015,2023-05-02,남자,50 - 59세,서울특별시,일반판매,신사화(구두·부츠 등),품질(물품/용역)
2023023016,2023-05-02,여자,20 - 29세,부산광역시,국내온라인거래,신발세탁,계약불이행(불완전이행)
2023023017,2023-05-02,여자,50 - 59세,충청북도,일반판매,숙녀화(구두·부츠 등),품질(물품/용역)
2023023018,2023-05-02,여자,20 - 29세,경기도,국내온라인거래,운동화,품질(물품/용역)
2023023019,2023-05-02,여자,60 - 64세,서울특별시,일반판매,등산화,품질(물품/용역)
2023023020,2023-05-02,여자,60 - 64세,경기도,일반판매,운동화,품질(물품/용역)
2023023021,2023-05-02,남자,50 - 59세,인천광역시,국내온라인거래,운동화,품질(물품/용역)
2023023022,2023-05-02,남자,50 - 59세,광주광역시,일반판매,신발세탁,계약불이행(불완전이행)
2023023023,2023-05-02,여자,40 - 49세,경기도,일반판매,운동화,품질(물품/용역)
2023023024,2023-05-02,여자,40 - 49세,부산광역시,일반판매,운동화,품질(물품/용역)
2023023025,2023-05-02,여자,30 - 39세,경기도,일반판매,운동화,품질(물품/용역)
2023023026,2023-05-02,여자,50 - 59세,인천광역시,모바일거래,운동화,품질(물품/용역)
2023023027,2023-05-02,여자,40 - 49세,경상남도,일반판매,신발세탁,계약불이행(불완전이행)
2023023028,2023-05-02,남자,40 - 49세,경기도,국내온라인거래,전문스포츠화(축구화·골프화 등),품질(물품/용역)
2023023029,2023-05-02,남자,50 - 59세,전라북도,국내온라인거래,보석·귀금속,청약철회
2023023030,2023-05-02,여자,30 - 39세,경기도,일반판매,숙녀화(구두·부츠 등),계약불이행(불완전이행)
2023023031,2023-05-02,여자,30 - 39세,서울특별시,일반판매,헬스장,계약해제.해지/위약금
2023023032,2023-05-02,남자,20 - 29세,경기도,기타통신판매,기타컴퓨터·주변기기,청약철회
2023023033,2023-05-02,남자,65 - 69세,서울특별시,모바일거래,기타숙박시설,청약철회
2023023034,2023-05-02,여자,20 - 29세,서울특별시,국내온라인거래,기타채소·채소가공식품,계약불이행(불완전이행)
2023023035,2023-05-02,여자,40 - 49세,서울특별시,일반판매,프린터,계약해제.해지/위약금
2023023036,2023-05-02,여자,50 - 59세,서울특별시,일반판매,포장이사운송서비스,계약불이행(불완전이행)
2023023037,2023-05-02,남자,80세이상,광주광역시,기타통신판매,기타음향기기,청약철회
2023023038,2023-05-02,남자,(미입력),경기도,일반판매,자동차대여(렌트),계약해제.해지/위약금
2023023039,2023-05-02,남자,40 - 49세,경상남도,전화권유판매,이동전화서비스,계약불이행(불완전이행)
2023023040,2023-05-02,남자,30 - 39세,대구광역시,일반판매,헬스장,계약해제.해지/위약금
2023023041,2023-05-02,남자,20 - 29세,서울특별시,국내온라인거래,기타가방,품질(물품/용역)
2023023042,2023-05-02,여자,불명,대전광역시,일반판매,점퍼·재킷류,품질(물품/용역)
2023023043,2023-05-02,여자,65 - 69세,서울특별시,전화권유판매,유사투자자문,계약해제.해지/위약금
2023023044,2023-05-02,여자,50 - 59세,경기도,일반판매,숙녀복하의,품질(물품/용역)
2023023045,2023-05-02,여자,불명,경기도,일반판매,핸드백,품질(물품/용역)
2023023046,2023-05-02,여자,50 - 59세,경상북도,일반판매,핸드백,품질(물품/용역)
2023023047,2023-05-02,여자,30 - 39세,부산광역시,일반판매,운동화,품질(물품/용역)
2023023048,2023-05-02,남자,30 - 39세,경기도,일반판매,중형승용자동차,AS불만
2023023050,2023-05-02,남자,30 - 39세,인천광역시,일반판매,자동차대여(렌트),계약해제.해지/위약금
2023023051,2023-05-02,여자,65 - 69세,서울특별시,전화권유판매,유사투자자문,계약해제.해지/위약금
2023023052,2023-05-02,여자,50 - 59세,인천광역시,전화권유판매,모바일정보이용서비스,계약불이행(불완전이행)
2023023053,2023-05-02,남자,30 - 39세,서울특별시,일반판매,신사복세트,계약해제.해지/위약금
2023023054,2023-05-02,여자,불명,광주광역시,국내온라인거래,시계,계약불이행(불완전이행)
2023023055,2023-05-02,여자,60 - 64세,서울특별시,소셜커머스(쇼핑),전기자전거,AS불만
2023023056,2023-05-02,남자,30 - 39세,경상북도,일반판매,점퍼·재킷류,품질(물품/용역)
2023023058,2023-05-02,남자,불명,경기도,일반판매,안경·안경테,품질(물품/용역)
2023023059,2023-05-02,남자,40 - 49세,경기도,국내온라인거래,컴퓨터모니터(데스크탑),품질(물품/용역)
2023023060,2023-05-02,남자,30 - 39세,서울특별시,소셜커머스(쇼핑),기타자동차부품,표시.광고
2023023061,2023-05-02,남자,50 - 59세,대전광역시,일반판매,TV,품질(물품/용역)
2023023062,2023-05-02,여자,40 - 49세,인천광역시,국내온라인거래,양복(서양식 의복)세탁,품질(물품/용역)
2023023063,2023-05-02,여자,20 - 29세,서울특별시,국내온라인거래,신발세탁,계약불이행(불완전이행)
2023023064,2023-05-02,남자,70 - 79세,충청북도,전화권유판매,인터넷게임서비스,계약불이행(불완전이행)
2023023065,2023-05-02,남자,65 - 69세,대구광역시,일반판매,운동화,품질(물품/용역)
2023023066,2023-05-02,남자,20 - 29세,인천광역시,일반판매,전기자전거,품질(물품/용역)
2023023067,2023-05-02,남자,30 - 39세,울산광역시,기타통신판매,기타회원권,계약불이행(불완전이행)
2023023068,2023-05-02,여자,30 - 39세,경기도,일반판매,기타회원권,계약해제.해지/위약금
2023023069,2023-05-02,여자,20 - 29세,경기도,일반판매,헬스장,계약해제.해지/위약금
2023023070,2023-05-02,여자,40 - 49세,인천광역시,모바일거래,신유형상품권,부당행위
2023023071,2023-05-02,남자,50 - 59세,서울특별시,전화권유판매,유사투자자문,계약해제.해지/위약금
2023023072,2023-05-02,남자,40 - 49세,경상남도,전화권유판매,인터넷정보이용서비스,계약해제.해지/위약금
2023023073,2023-05-02,남자,20 - 29세,대전광역시,국내온라인거래,신발세탁,계약불이행(불완전이행)
2023023074,2023-05-02,남자,60 - 64세,서울특별시,국내온라인거래,신사복세트,품질(물품/용역)
2023023075,2023-05-02,여자,40 - 49세,서울특별시,일반판매,운동화,품질(물품/용역)
2023023076,2023-05-02,여자,40 - 49세,경기도,기타,정수기대여(렌트),계약불이행(불완전이행)
2023023077,2023-05-02,여자,40 - 49세,충청북도,방문판매,인터넷교육서비스,부당행위
2023023078,2023-05-02,여자,30 - 39세,대구광역시,국내온라인거래,티셔츠,청약철회
2023023079,2023-05-02,여자,40 - 49세,부산광역시,일반판매,건강(암·기타질병)보험,약관
2023023080,2023-05-02,여자,20 - 29세,서울특별시,국내온라인거래,지갑,품질(물품/용역)
2023023081,2023-05-02,여자,60 - 64세,경기도,기타통신판매,유사투자자문,품질(물품/용역)
2023023082,2023-05-02,여자,40 - 49세,부산광역시,일반판매,포장이사운송서비스,품질(물품/용역)
2023023083,2023-05-02,남자,40 - 49세,전라북도,국내온라인거래,오토바이,품질(물품/용역)
2023023084,2023-05-02,남자,20 - 29세,충청북도,국내온라인거래,운동화,품질(물품/용역)
2023023085,2023-05-02,남자,20 - 29세,충청북도,국내온라인거래,운동화,품질(물품/용역)
2023023086,2023-05-02,여자,30 - 39세,경기도,국내온라인거래,카펫,품질(물품/용역)
2023023087,2023-05-02,남자,불명,경기도,일반판매,양복(서양식 의복)세탁,품질(물품/용역)
2023023089,2023-05-02,남자,50 - 59세,경기도,일반판매,일반강습(입시학원등),계약해제.해지/위약금
2023023090,2023-05-02,여자,40 - 49세,전라남도,일반판매,건강(암·기타질병)보험,약관
2023023091,2023-05-02,남자,40 - 49세,전라북도,일반판매,건강(암·기타질병)보험,약관
2023023093,2023-05-02,여자,30 - 39세,대전광역시,일반판매,숙녀화(구두·부츠 등),청약철회
2023023094,2023-05-02,여자,50 - 59세,서울특별시,일반판매,이비인후과,품질(물품/용역)
2023023095,2023-05-02,여자,20 - 29세,경기도,일반판매,외과,품질(물품/용역)
2023023096,2023-05-02,여자,20 - 29세,서울특별시,일반판매,동물병원,품질(물품/용역)
2023023097,2023-05-02,남자,65 - 69세,경기도,일반판매,내과,품질(물품/용역)
2023023098,2023-05-02,여자,50 - 59세,경기도,일반판매,실손보험,품질(물품/용역)
2023023099,2023-05-02,남자,50 - 59세,인천광역시,국내온라인거래,상품권,부당행위
2023023100,2023-05-02,여자,50 - 59세,서울특별시,일반판매,건강(암·기타질병)보험,표시.광고
2023023101,2023-05-02,여자,40 - 49세,부산광역시,국내온라인거래,양복(서양식 의복)세탁,품질(물품/용역)
2023023102,2023-05-02,남자,40 - 49세,서울특별시,국내온라인거래,향수,표시.광고
2023023103,2023-05-02,여자,20 - 29세,제주도,국내온라인거래,기타간편복,계약불이행(불완전이행)
2023023104,2023-05-02,여자,30 - 39세,서울특별시,국내온라인거래,인덕션레인지,품질(물품/용역)
2023023105,2023-05-02,여자,40 - 49세,경기도,방문판매,상조서비스,계약해제.해지/위약금
2023023106,2023-05-02,여자,40 - 49세,부산광역시,국내온라인거래,매트,계약불이행(불완전이행)
2023023107,2023-05-02,남자,40 - 49세,전라남도,국내온라인거래,기타자동차용품,품질(물품/용역)
2023023109,2023-05-02,남자,70 - 79세,경기도,기타통신판매,유사투자자문,계약해제.해지/위약금
2023023110,2023-05-02,남자,30 - 39세,경기도,국내온라인거래,화장대,품질(물품/용역)
2023023111,2023-05-02,남자,40 - 49세,경기도,국내온라인거래,전동킥보드,품질(물품/용역)
2023023112,2023-05-02,여자,50 - 59세,경상북도,전화권유판매,유사투자자문,계약해제.해지/위약금
2023023113,2023-05-02,남자,50 - 59세,충청남도,국내온라인거래,인터넷정보이용서비스,계약해제.해지/위약금
2023023114,2023-05-02,여자,70 - 79세,서울특별시,방문판매,레저·이벤트회원권,청약철회
2023023115,2023-05-02,남자,60 - 64세,경기도,일반판매,안경·안경테,계약불이행(불완전이행)
2023023116,2023-05-02,남자,30 - 39세,서울특별시,일반판매,건강(암·기타질병)보험,약관
2023023117,2023-05-02,여자,50 - 59세,부산광역시,일반판매,코트,품질(물품/용역)
2023023118,2023-05-02,남자,70 - 79세,서울특별시,일반판매,이동전화서비스,계약불이행(불완전이행)
2023023119,2023-05-02,남자,50 - 59세,서울특별시,모바일거래,이동전화서비스,부당행위
2023023120,2023-05-02,남자,50 - 59세,경기도,일반판매,타이어,품질(물품/용역)
2023023121,2023-05-02,여자,50 - 59세,경기도,일반판매,건강(암·기타질병)보험,약관
2023023122,2023-05-02,남자,70 - 79세,대전광역시,전화권유판매,이동전화서비스,부당행위
2023023123,2023-05-02,여자,50 - 59세,대구광역시,일반판매,실손보험,약관
2023023124,2023-05-02,남자,40 - 49세,광주광역시,일반판매,자동차대여(렌트),계약불이행(불완전이행)
2023023125,2023-05-02,남자,30 - 39세,경상남도,일반판매,이동전화서비스,계약불이행(불완전이행)
2023023126,2023-05-02,여자,40 - 49세,경기도,국내온라인거래,기타숙박시설,계약해제.해지/위약금
2023023127,2023-05-02,여자,60 - 64세,경기도,국내온라인거래,유사투자자문,계약해제.해지/위약금
2023023128,2023-05-02,여자,불명,경기도,일반판매,티셔츠,품질(물품/용역)
2023023129,2023-05-02,여자,30 - 39세,서울특별시,기타,항공여객운송서비스,계약해제.해지/위약금
2023023130,2023-05-02,여자,30 - 39세,전라북도,일반판매,필라테스,부당행위
2023023131,2023-05-02,남자,30 - 39세,충청남도,국내온라인거래,헤드폰·이어폰,계약해제.해지/위약금
2023023132,2023-05-02,남자,30 - 39세,서울특별시,일반판매,종합체육시설회원권,계약해제.해지/위약금
2023023133,2023-05-02,남자,40 - 49세,서울특별시,국내온라인거래,건물청소서비스,품질(물품/용역)
2023023134,2023-05-02,여자,30 - 39세,충청남도,방문판매,종합체육시설회원권,계약불이행(불완전이행)
2023023135,2023-05-02,여자,30 - 39세,경상남도,일반판매,침대,품질(물품/용역)
2023023136,2023-05-02,남자,30 - 39세,서울특별시,일반판매,헬스장,계약해제.해지/위약금
2023023137,2023-05-02,남자,30 - 39세,서울특별시,일반판매,기타문화·오락시설이용,계약해제.해지/위약금
2023023139,2023-05-02,남자,60 - 64세,인천광역시,일반판매,바닥재·마루공사,품질(물품/용역)
2023023140,2023-05-02,여자,30 - 39세,경기도,전화권유판매,기타매체광고,계약해제.해지/위약금
2023023142,2023-05-02,남자,30 - 39세,서울특별시,방문판매,헬스장,계약해제.해지/위약금
2023023143,2023-05-02,남자,30 - 39세,인천광역시,국내온라인거래,기타일반화장품,부당행위
2023023144,2023-05-02,여자,30 - 39세,서울특별시,일반판매,예식서비스,품질(물품/용역)
2023023145,2023-05-02,여자,30 - 39세,서울특별시,모바일거래,결혼준비대행서비스,계약해제.해지/위약금
2023023146,2023-05-02,여자,50 - 59세,광주광역시,일반판매,기타인테리어설비,계약불이행(불완전이행)
2023023147,2023-05-02,여자,65 - 69세,충청남도,일반판매,종합체육시설회원권,계약불이행(불완전이행)
2023023148,2023-05-02,남자,30 - 39세,부산광역시,국내온라인거래,기타스포츠·레저기구·용품,품질(물품/용역)
2023023149,2023-05-02,남자,30 - 39세,경기도,모바일거래,호텔,표시.광고
2023023150,2023-05-02,남자,40 - 49세,광주광역시,국내온라인거래,각종공연관람,계약해제.해지/위약금
2023023151,2023-05-02,여자,50 - 59세,경기도,일반판매,정수기,품질(물품/용역)
2023023152,2023-05-02,남자,50 - 59세,경기도,모바일거래,호텔,계약해제.해지/위약금
2023023153,2023-05-02,여자,20 - 29세,충청남도,일반판매,종합체육시설회원권,계약불이행(불완전이행)
2023023154,2023-05-02,남자,20 - 29세,충청남도,일반판매,애완고양이,품질(물품/용역)
2023023155,2023-05-02,여자,70 - 79세,부산광역시,일반판매,변호서비스,계약해제.해지/위약금
2023023156,2023-05-02,남자,40 - 49세,경기도,국내온라인거래,CCTV,표시.광고
2023023157,2023-05-02,여자,30 - 39세,서울특별시,국제온라인거래,항공여객운송서비스,계약불이행(불완전이행)
2023023158,2023-05-02,남자,40 - 49세,대구광역시,국제온라인거래,호텔,계약불이행(불완전이행)
2023023159,2023-05-02,남자,40 - 49세,경상남도,기타통신판매,인터넷게임서비스,청약철회
2023023160,2023-05-02,남자,50 - 59세,경기도,일반판매,기타가구,계약해제.해지/위약금
2023023161,2023-05-02,여자,30 - 39세,충청남도,국내온라인거래,원피스,계약해제.해지/위약금
2023023162,2023-05-02,남자,50 - 59세,경기도,국내온라인거래,꽃·화초·화환,품질(물품/용역)
2023023164,2023-05-02,남자,40 - 49세,경기도,일반판매,기타가구,계약불이행(불완전이행)
2023023165,2023-05-02,남자,40 - 49세,경기도,국내온라인거래,면도기,청약철회
2023023166,2023-05-02,남자,40 - 49세,서울특별시,일반판매,기타화물운송서비스,품질(물품/용역)
2023023167,2023-05-02,남자,30 - 39세,대구광역시,소셜커머스(쇼핑),모바일정보이용서비스,부당행위
2023023168,2023-05-02,여자,40 - 49세,인천광역시,전화권유판매,인터넷교육서비스,계약해제.해지/위약금
2023023169,2023-05-02,남자,20 - 29세,서울특별시,일반판매,헬스장,계약해제.해지/위약금
2023023170,2023-05-02,여자,30 - 39세,경기도,기타통신판매,다이어트식품,청약철회
2023023171,2023-05-02,남자,30 - 39세,서울특별시,국내온라인거래,헤드폰·이어폰,계약불이행(불완전이행)
2023023172,2023-05-02,여자,40 - 49세,광주광역시,국내온라인거래,전기세탁기,부당행위
2023023173,2023-05-02,여자,30 - 39세,서울특별시,소셜커머스(쇼핑),항공여객운송서비스,단순문의.상담
2023023174,2023-05-02,남자,60 - 64세,전라북도,일반판매,전기충전기,품질(물품/용역)
2023023175,2023-05-02,여자,30 - 39세,인천광역시,일반판매,미용서비스,품질(물품/용역)
2023023176,2023-05-02,남자,30 - 39세,경기도,소셜커머스(쇼핑),기타가정용공구,품질(물품/용역)
2023023177,2023-05-02,여자,40 - 49세,경기도,일반판매,침대·매트리스대여(렌트),부당채권추심
2023023178,2023-05-02,여자,30 - 39세,서울특별시,국내온라인거래,기타숙박시설,품질(물품/용역)
2023023179,2023-05-02,남자,40 - 49세,충청북도,기타,골프용품,계약해제.해지/위약금
2023023180,2023-05-02,여자,50 - 59세,경기도,전화권유판매,레저·이벤트회원권,계약해제.해지/위약금
2023023181,2023-05-02,여자,40 - 49세,경기도,TV홈쇼핑,침대,계약불이행(불완전이행)
2023023182,2023-05-02,여자,40 - 49세,서울특별시,일반판매,일반강습(입시학원등),계약해제.해지/위약금
2023023183,2023-05-02,여자,30 - 39세,인천광역시,일반판매,기타이·미용서비스,계약해제.해지/위약금
2023023184,2023-05-02,여자,30 - 39세,경기도,국내온라인거래,인쇄서비스,청약철회
2023023185,2023-05-02,여자,40 - 49세,부산광역시,국내온라인거래,여자용내의류,청약철회
2023023186,2023-05-02,여자,50 - 59세,경기도,국내온라인거래,유사투자자문,계약해제.해지/위약금
2023023187,2023-05-02,남자,50 - 59세,서울특별시,국내온라인거래,운동화,청약철회
2023023189,2023-05-02,남자,50 - 59세,서울특별시,일반판매,세면설비,계약불이행(불완전이행)
2023023190,2023-05-02,남자,20 - 29세,인천광역시,일반판매,변호서비스,계약불이행(불완전이행)
2023023191,2023-05-02,여자,30 - 39세,경기도,일반판매,헬스장,계약해제.해지/위약금
2023023192,2023-05-02,여자,20 - 29세,부산광역시,방문판매,결혼준비대행서비스,청약철회
2023023193,2023-05-02,여자,40 - 49세,경상북도,일반판매,기타의류·섬유,계약해제.해지/위약금
2023023194,2023-05-02,남자,60 - 64세,경기도,일반판매,라텍스매트리스,품질(물품/용역)
2023023195,2023-05-02,남자,20 - 29세,대구광역시,모바일거래,기타숙박시설,계약해제.해지/위약금
2023023196,2023-05-02,여자,30 - 39세,경기도,일반판매,의상대여(렌트),AS불만
2023023197,2023-05-02,여자,30 - 39세,서울특별시,국내온라인거래,기타일반화장품,가격.요금
2023023198,2023-05-02,여자,30 - 39세,부산광역시,일반판매,기타세탁서비스,품질(물품/용역)
2023023199,2023-05-02,남자,30 - 39세,경기도,국내온라인거래,조립완구,계약불이행(불완전이행)
2023023200,2023-05-02,여자,20 - 29세,서울특별시,일반판매,헬스장,계약해제.해지/위약금
2023023201,2023-05-02,남자,30 - 39세,경기도,일반판매,스마트폰,AS불만
2023023202,2023-05-02,남자,20 - 29세,충청남도,일반판매,헬스장,계약불이행(불완전이행)
2023023203,2023-05-02,남자,30 - 39세,서울특별시,국내온라인거래,기타가방,청약철회
2023023204,2023-05-02,남자,20 - 29세,울산광역시,일반판매,고시원이용,계약해제.해지/위약금
2023023205,2023-05-03,여자,30 - 39세,서울특별시,국내온라인거래,국외여행,계약해제.해지/위약금
2023023206,2023-05-03,남자,20 - 29세,서울특별시,국내온라인거래,전기자전거,품질(물품/용역)
2023023207,2023-05-03,여자,40 - 49세,경기도,국내온라인거래,식탁,청약철회
2023023208,2023-05-03,남자,30 - 39세,대전광역시,국내온라인거래,기타자동차용품,청약철회
2023023209,2023-05-03,여자,30 - 39세,대구광역시,일반판매,헬스장,계약해제.해지/위약금
2023023210,2023-05-03,남자,40 - 49세,경기도,일반판매,전동킥보드,부당행위
2023023211,2023-05-03,남자,20 - 29세,서울특별시,기타,고시원이용,계약해제.해지/위약금
2023023212,2023-05-03,여자,40 - 49세,전라북도,일반판매,룸에어컨,AS불만
2023023213,2023-05-03,남자,20 - 29세,경기도,국제온라인거래,핸드백,계약불이행(불완전이행)
2023023214,2023-05-03,여자,50 - 59세,전라북도,일반판매,기타위생서비스,거래관행
2023023215,2023-05-03,여자,30 - 39세,경상남도,일반판매,아파트,계약불이행(불완전이행)
2023023216,2023-05-03,남자,50 - 59세,경기도,일반판매,자동차수리·점검,품질(물품/용역)
2023023217,2023-05-03,남자,20 - 29세,부산광역시,일반판매,이동전화서비스,부당행위
2023023218,2023-05-03,남자,50 - 59세,서울특별시,일반판매,다목적승용차,품질(물품/용역)
2023023219,2023-05-03,여자,40 - 49세,서울특별시,국내온라인거래,신유형상품권,계약불이행(불완전이행)
2023023220,2023-05-03,남자,65 - 69세,경기도,일반판매,떡류,품질(물품/용역)
2023023221,2023-05-03,남자,30 - 39세,경기도,방문판매,소형승용자동차,품질(물품/용역)
2023023222,2023-05-03,여자,50 - 59세,인천광역시,기타,포장이사운송서비스,계약불이행(불완전이행)
2023023223,2023-05-03,남자,50 - 59세,경기도,일반판매,전기세탁기,품질(물품/용역)
2023023224,2023-05-03,남자,20 - 29세,경기도,기타,제조물·생산및영업배상보험,부당행위
2023023225,2023-05-03,남자,30 - 39세,인천광역시,일반판매,오토바이,품질(물품/용역)
2023023227,2023-05-03,여자,20 - 29세,경상북도,일반판매,애완고양이,품질(물품/용역)
2023023228,2023-05-03,남자,65 - 69세,강원특별자치도,일반판매,변호서비스,계약불이행(불완전이행)
2023023229,2023-05-03,여자,40 - 49세,전라남도,일반판매,건강(암·기타질병)보험,약관
2023023231,2023-05-03,남자,30 - 39세,전라북도,일반판매,포장이사운송서비스,품질(물품/용역)
2023023232,2023-05-03,남자,30 - 39세,인천광역시,국내온라인거래,기타숙박시설,계약해제.해지/위약금
2023023233,2023-05-03,여자,60 - 64세,서울특별시,일반판매,룸에어컨,표시.광고
2023023234,2023-05-03,남자,40 - 49세,경기도,국내온라인거래,의류관리기(스타일러 등),계약불이행(불완전이행)
2023023235,2023-05-03,여자,40 - 49세,전라남도,일반판매,양복(서양식 의복)세탁,품질(물품/용역)
2023023236,2023-05-03,남자,65 - 69세,서울특별시,일반판매,신사복세트,품질(물품/용역)
2023023237,2023-05-03,남자,30 - 39세,대구광역시,방문판매,상조서비스,계약해제.해지/위약금
2023023238,2023-05-03,남자,60 - 64세,경상남도,전화권유판매,유사투자자문,계약해제.해지/위약금
2023023239,2023-05-03,여자,40 - 49세,대전광역시,일반판매,필라테스,계약불이행(불완전이행)
2023023240,2023-05-03,여자,40 - 49세,서울특별시,일반판매,골프회원권,계약해제.해지/위약금
2023023241,2023-05-03,남자,30 - 39세,부산광역시,일반판매,헬스장,계약해제.해지/위약금
2023023242,2023-05-03,여자,40 - 49세,부산광역시,국내온라인거래,기타숙박시설,계약해제.해지/위약금
2023023243,2023-05-03,남자,70 - 79세,경기도,일반판매,치과,품질(물품/용역)
2023023244,2023-05-03,여자,30 - 39세,세종특별자치시,일반판매,성형외과,품질(물품/용역)
2023023245,2023-05-03,남자,20 - 29세,부산광역시,모바일거래,펜션,청약철회
2023023246,2023-05-03,여자,40 - 49세,세종특별자치시,일반판매,기타의료서비스,안전(제품/시설)
2023023247,2023-05-03,남자,80세이상,경상남도,일반판매,정신건강의학과,안전(제품/시설)
2023023249,2023-05-03,남자,30 - 39세,경기도,일반판매,결혼준비대행서비스,계약해제.해지/위약금
2023023250,2023-05-03,여자,20 - 29세,경기도,일반판매,양복(서양식 의복)세탁,품질(물품/용역)
2023023251,2023-05-03,여자,20 - 29세,경기도,일반판매,양복(서양식 의복)세탁,품질(물품/용역)
2023023252,2023-05-03,남자,65 - 69세,경기도,일반판매,기타자동차용품,계약불이행(불완전이행)
2023023253,2023-05-03,남자,70 - 79세,경기도,방문판매,기타일반화장품,품질(물품/용역)
2023023254,2023-05-03,여자,40 - 49세,서울특별시,국내온라인거래,모자,품질(물품/용역)
2023023255,2023-05-03,남자,60 - 64세,서울특별시,국내온라인거래,항공여객운송서비스,청약철회
2023023256,2023-05-03,여자,50 - 59세,경기도,일반판매,스마트폰,품질(물품/용역)
2023023257,2023-05-03,여자,40 - 49세,경기도,국내온라인거래,보석·귀금속,품질(물품/용역)
2023023258,2023-05-03,여자,40 - 49세,서울특별시,국내온라인거래,책장·서가,품질(물품/용역)
2023023259,2023-05-03,남자,30 - 39세,인천광역시,일반판매,결혼준비대행서비스,계약해제.해지/위약금
2023023260,2023-05-03,여자,50 - 59세,부산광역시,국내온라인거래,캐주얼바지,품질(물품/용역)
2023023262,2023-05-03,여자,40 - 49세,경기도,방문판매,인터넷교육서비스,계약해제.해지/위약금
2023023264,2023-05-03,여자,50 - 59세,경기도,일반판매,기타의료용구,품질(물품/용역)
2023023265,2023-05-03,여자,30 - 39세,충청북도,일반판매,양복(서양식 의복)세탁,품질(물품/용역)
2023023266,2023-05-03,여자,40 - 49세,인천광역시,일반판매,필라테스,계약해제.해지/위약금
2023023267,2023-05-03,남자,60 - 64세,세종특별자치시,방문판매,경비·관리서비스,계약불이행(불완전이행)
2023023268,2023-05-03,여자,40 - 49세,대전광역시,국내온라인거래,여자용내의류,품질(물품/용역)
2023023269,2023-05-03,여자,20 - 29세,서울특별시,일반판매,코트,품질(물품/용역)
2023023270,2023-05-03,여자,50 - 59세,전라북도,기타통신판매,침대,품질(물품/용역)
2023023271,2023-05-03,남자,40 - 49세,인천광역시,일반판매,정수기대여(렌트),계약해제.해지/위약금
2023023272,2023-05-03,남자,40 - 49세,대전광역시,일반판매,미용서비스,계약불이행(불완전이행)
2023023273,2023-05-03,여자,30 - 39세,부산광역시,일반판매,각종자격취득강습,계약해제.해지/위약금
2023023274,2023-05-03,여자,40 - 49세,서울특별시,국내온라인거래,침대,안전(제품/시설)
2023023276,2023-05-03,여자,50 - 59세,경기도,일반판매,캐주얼바지,품질(물품/용역)
2023023277,2023-05-03,여자,40 - 49세,인천광역시,국내온라인거래,전기진공청소기,품질(물품/용역)
2023023278,2023-05-03,여자,40 - 49세,부산광역시,국내온라인거래,스포츠웨어,품질(물품/용역)
2023023279,2023-05-03,여자,50 - 59세,경기도,국내온라인거래,기타의류·섬유,계약불이행(불완전이행)
2023023280,2023-05-03,남자,70 - 79세,서울특별시,일반판매,이동전화서비스,가격.요금
2023023281,2023-05-03,여자,65 - 69세,울산광역시,일반판매,피부·체형관리서비스,계약불이행(불완전이행)
2023023282,2023-05-03,여자,65 - 69세,경기도,일반판매,캐주얼바지,품질(물품/용역)
2023023283,2023-05-03,여자,20 - 29세,서울특별시,국내온라인거래,세탁용합성세제,품질(물품/용역)
2023023284,2023-05-03,여자,30 - 39세,전라북도,일반판매,건강(암·기타질병)보험,계약불이행(불완전이행)
2023023285,2023-05-03,남자,50 - 59세,경상북도,국내온라인거래,기타사무용품,표시.광고
2023023286,2023-05-03,여자,60 - 64세,인천광역시,일반판매,필라테스,계약해제.해지/위약금
2023023287,2023-05-03,여자,40 - 49세,경기도,일반판매,건강(암·기타질병)보험,계약불이행(불완전이행)
2023023288,2023-05-03,여자,40 - 49세,서울특별시,모바일거래,각종쿠폰류(무료통화권포함),계약불이행(불완전이행)
2023023289,2023-05-03,여자,50 - 59세,전라북도,일반판매,건강(암·기타질병)보험,계약불이행(불완전이행)
2023023291,2023-05-03,여자,불명,경기도,일반판매,기타간편복,품질(물품/용역)
2023023293,2023-05-03,여자,50 - 59세,경기도,일반판매,양복(서양식 의복)세탁,품질(물품/용역)
2023023294,2023-05-03,여자,50 - 59세,대구광역시,일반판매,기타가구,품질(물품/용역)
2023023295,2023-05-03,여자,50 - 59세,대구광역시,일반판매,기타가구,품질(물품/용역)
2023023296,2023-05-03,남자,40 - 49세,울산광역시,일반판매,기타자동차부품,계약해제.해지/위약금
2023023297,2023-05-03,여자,50 - 59세,울산광역시,일반판매,보석·귀금속,품질(물품/용역)
2023023298,2023-05-03,여자,50 - 59세,대구광역시,국내온라인거래,기타건강식품,표시.광고
2023023299,2023-05-03,여자,30 - 39세,대구광역시,일반판매,티셔츠,품질(물품/용역)
2023023300,2023-05-03,남자,50 - 59세,경상북도,전화권유판매,인터넷정보이용서비스,계약해제.해지/위약금
2023023301,2023-05-03,남자,40 - 49세,경기도,일반판매,자동차수리·점검,계약불이행(불완전이행)
2023023302,2023-05-03,여자,30 - 39세,서울특별시,모바일거래,각종공연관람,계약불이행(불완전이행)
2023023303,2023-05-03,여자,50 - 59세,충청남도,국내온라인거래,항공여객운송서비스,계약해제.해지/위약금
2023023304,2023-05-03,남자,불명,세종특별자치시,일반판매,돼지고기포장육,안전(제품/시설)
2023023305,2023-05-03,남자,40 - 49세,서울특별시,일반판매,그라인더,품질(물품/용역)
2023023306,2023-05-03,여자,50 - 59세,경기도,방문판매,상조서비스,부당행위
2023023307,2023-05-03,남자,40 - 49세,경기도,일반판매,신유형상품권,부당행위
2023023308,2023-05-03,남자,65 - 69세,경기도,전화권유판매,모바일정보이용서비스,계약해제.해지/위약금
2023023309,2023-05-03,여자,30 - 39세,광주광역시,전화권유판매,인터넷정보이용서비스,계약해제.해지/위약금
2023023310,2023-05-03,남자,40 - 49세,부산광역시,일반판매,택배화물운송서비스,품질(물품/용역)
2023023311,2023-05-03,여자,30 - 39세,강원특별자치도,일반판매,음식물처리기,품질(물품/용역)
2023023312,2023-05-03,여자,40 - 49세,경상북도,기타,항공여객운송서비스,이자.수수료
2023023313,2023-05-03,남자,30 - 39세,서울특별시,국내온라인거래,모바일정보이용서비스,부당행위
2023023314,2023-05-03,남자,30 - 39세,서울특별시,일반판매,헬스장,계약해제.해지/위약금
2023023315,2023-05-03,남자,40 - 49세,경기도,기타,기타세탁서비스,부당행위
2023023316,2023-05-03,남자,65 - 69세,대전광역시,국내온라인거래,전기압력밥솥,AS불만
2023023317,2023-05-03,남자,40 - 49세,서울특별시,국내온라인거래,의자,품질(물품/용역)
2023023318,2023-05-03,여자,20 - 29세,인천광역시,국내온라인거래,펜션,계약해제.해지/위약금
2023023319,2023-05-03,남자,40 - 49세,경상남도,국내온라인거래,트레이닝기구,안전(제품/시설)
2023023320,2023-05-03,여자,40 - 49세,서울특별시,국내온라인거래,택배화물운송서비스,계약불이행(불완전이행)
2023023321,2023-05-03,남자,30 - 39세,경기도,모바일거래,기타인터넷기반서비스,부당행위
2023023322,2023-05-03,남자,40 - 49세,경기도,국내온라인거래,이동전화서비스,부당행위
2023023323,2023-05-03,여자,65 - 69세,경기도,일반판매,헬스장,계약해제.해지/위약금
2023023324,2023-05-03,여자,40 - 49세,경기도,일반판매,기타사설강습서비스,계약해제.해지/위약금
2023023325,2023-05-03,남자,30 - 39세,경상남도,일반판매,헬스장,계약해제.해지/위약금
2023023326,2023-05-03,남자,40 - 49세,경기도,국내온라인거래,기타신변용품,품질(물품/용역)
2023023327,2023-05-03,남자,30 - 39세,서울특별시,국내온라인거래,초고속인터넷,부당행위
2023023328,2023-05-03,여자,50 - 59세,서울특별시,국제온라인거래,여자용내의류,청약철회
2023023329,2023-05-03,여자,30 - 39세,서울특별시,일반판매,헬스장,계약해제.해지/위약금
2023023330,2023-05-03,여자,20 - 29세,서울특별시,국내온라인거래,할인회원권,계약해제.해지/위약금
2023023331,2023-05-03,남자,30 - 39세,경기도,국내온라인거래,책상,품질(물품/용역)
2023023332,2023-05-03,남자,20 - 29세,서울특별시,일반판매,이동전화서비스,계약해제.해지/위약금
2023023334,2023-05-03,여자,30 - 39세,충청남도,일반판매,레저시설이용,계약불이행(불완전이행)
2023023335,2023-05-03,여자,30 - 39세,광주광역시,기타,사진촬영,계약불이행(불완전이행)
2023023336,2023-05-03,여자,30 - 39세,서울특별시,일반판매,헬스장,계약해제.해지/위약금
2023023338,2023-05-03,남자,50 - 59세,서울특별시,일반판매,노트북컴퓨터,품질(물품/용역)
2023023339,2023-05-03,여자,20 - 29세,서울특별시,국내온라인거래,기타사무용품,품질(물품/용역)
2023023340,2023-05-03,여자,50 - 59세,인천광역시,소셜커머스(쇼핑),국외여행,계약불이행(불완전이행)
2023023341,2023-05-03,여자,30 - 39세,서울특별시,국내온라인거래,항공여객운송서비스,계약불이행(불완전이행)
2023023342,2023-05-03,여자,65 - 69세,경기도,기타통신판매,인터넷교육서비스,계약해제.해지/위약금
2023023343,2023-05-03,여자,30 - 39세,서울특별시,모바일거래,기타숙박시설,이자.수수료
2023023345,2023-05-03,여자,30 - 39세,부산광역시,일반판매,기타이·미용서비스,계약해제.해지/위약금
2023023346,2023-05-03,여자,20 - 29세,서울특별시,일반판매,필라테스,계약해제.해지/위약금
2023023347,2023-05-03,남자,40 - 49세,경기도,기타통신판매,미분류컨설팅(자문),청약철회
2023023348,2023-05-03,여자,30 - 39세,서울특별시,일반판매,요가,계약해제.해지/위약금
2023023349,2023-05-03,여자,20 - 29세,서울특별시,방문판매,헬스장,계약해제.해지/위약금
2023023350,2023-05-03,여자,30 - 39세,부산광역시,소셜커머스(쇼핑),기타미분류서비스,계약해제.해지/위약금
2023023351,2023-05-03,남자,20 - 29세,경기도,일반판매,헬스장,계약해제.해지/위약금
2023023352,2023-05-03,남자,30 - 39세,서울특별시,모바일거래,인터넷정보이용서비스,계약불이행(불완전이행)
2023023353,2023-05-03,남자,20 - 29세,경기도,국내온라인거래,장식장,품질(물품/용역)
2023023354,2023-05-03,여자,30 - 39세,대구광역시,일반판매,국내결혼중개,계약해제.해지/위약금
2023023355,2023-05-03,남자,20 - 29세,전라남도,방문판매,헬스장,계약해제.해지/위약금
2023023356,2023-05-03,여자,30 - 39세,강원특별자치도,국내온라인거래,항공여객운송서비스,계약불이행(불완전이행)
2023023357,2023-05-03,남자,30 - 39세,충청북도,일반판매,미용서비스,안전(제품/시설)
2023023358,2023-05-03,여자,50 - 59세,전라북도,일반판매,골프회원권,계약해제.해지/위약금
2023023359,2023-05-03,여자,20 - 29세,서울특별시,방문판매,헬스장,계약해제.해지/위약금
2023023360,2023-05-03,남자,30 - 39세,서울특별시,국내온라인거래,이동전화서비스,품질(물품/용역)
2023023361,2023-05-03,여자,20 - 29세,서울특별시,방문판매,헬스장,계약해제.해지/위약금
2023023362,2023-05-03,여자,40 - 49세,인천광역시,전화권유판매,모바일정보이용서비스,계약불이행(불완전이행)
2023023363,2023-05-03,여자,20 - 29세,경기도,기타,반포장이사운송서비스,품질(물품/용역)
2023023364,2023-05-03,여자,40 - 49세,경기도,기타,포장이사운송서비스,안전(제품/시설)
2023023365,2023-05-03,여자,20 - 29세,대전광역시,방문판매,필라테스,청약철회
2023023366,2023-05-03,남자,50 - 59세,경기도,모바일거래,"OTT서비스(넷플릭스,왓챠 등)",계약해제.해지/위약금
2023023367,2023-05-03,남자,40 - 49세,경상남도,일반판매,콘도회원권,계약불이행(불완전이행)
2023023368,2023-05-03,여자,40 - 49세,경기도,일반판매,필라테스,계약해제.해지/위약금
2023023369,2023-05-03,여자,30 - 39세,서울특별시,국내온라인거래,마이크,품질(물품/용역)
2023023370,2023-05-03,여자,30 - 39세,경기도,소셜커머스(쇼핑),소파,표시.광고
2023023371,2023-05-03,여자,30 - 39세,서울특별시,일반판매,헬스장,계약해제.해지/위약금
2023023372,2023-05-03,여자,20 - 29세,경기도,모바일거래,기타미분류서비스,품질(물품/용역)
2023023373,2023-05-03,여자,60 - 64세,경기도,일반판매,필라테스,계약해제.해지/위약금
2023023374,2023-05-03,남자,30 - 39세,서울특별시,국내온라인거래,택배화물운송서비스,품질(물품/용역)
2023023375,2023-05-03,남자,20 - 29세,대전광역시,다단계판매,헬스장,계약해제.해지/위약금
2023023376,2023-05-03,남자,40 - 49세,전라남도,소셜커머스(쇼핑),소파,품질(물품/용역)
2023023377,2023-05-03,여자,30 - 39세,서울특별시,국내온라인거래,스포츠웨어,청약철회
2023023378,2023-05-03,남자,40 - 49세,인천광역시,기타,기타옥외장비·설비,AS불만
2023023379,2023-05-03,남자,40 - 49세,경기도,소셜커머스(쇼핑),기타스포츠·레저기구·용품,품질(물품/용역)
2023023380,2023-05-03,여자,20 - 29세,서울특별시,국내온라인거래,기타가방,청약철회
2023023381,2023-05-03,여자,30 - 39세,경기도,국내온라인거래,인터넷교육서비스,계약해제.해지/위약금
2023023382,2023-05-04,남자,30 - 39세,대전광역시,일반판매,기타예식관련서비스,청약철회
2023023383,2023-05-04,남자,40 - 49세,경기도,전화권유판매,자동차대여(렌트),청약철회
2023023384,2023-05-04,남자,30 - 39세,서울특별시,일반판매,자동차세차,AS불만
2023023385,2023-05-04,여자,40 - 49세,광주광역시,일반판매,상해보험,약관
2023023386,2023-05-04,여자,65 - 69세,대구광역시,기타통신판매,유사투자자문,계약해제.해지/위약금
2023023387,2023-05-04,남자,50 - 59세,경기도,일반판매,건강(암·기타질병)보험,약관
2023023388,2023-05-04,남자,70 - 79세,대구광역시,기타,신경외과,품질(물품/용역)
2023023389,2023-05-04,여자,30 - 39세,경기도,기타,치과,거래관행
2023023390,2023-05-04,남자,50 - 59세,경기도,기타,한의원,품질(물품/용역)
2023023391,2023-05-04,남자,40 - 49세,경기도,기타통신판매,세무서비스,계약해제.해지/위약금
2023023393,2023-05-04,여자,20 - 29세,인천광역시,일반판매,필라테스,계약해제.해지/위약금
2023023394,2023-05-04,여자,60 - 64세,경기도,일반판매,양복(서양식 의복)세탁,품질(물품/용역)
2023023395,2023-05-04,여자,50 - 59세,서울특별시,일반판매,소파,품질(물품/용역)
2023023396,2023-05-04,여자,불명,전라북도,일반판매,시스템에어컨,계약불이행(불완전이행)
2023023397,2023-05-04,여자,30 - 39세,충청남도,일반판매,헬스장,계약해제.해지/위약금
2023023398,2023-05-04,남자,50 - 59세,경상북도,일반판매,전자담배,품질(물품/용역)
2023023399,2023-05-04,여자,20 - 29세,충청북도,일반판매,미용서비스,계약해제.해지/위약금
2023023400,2023-05-04,남자,30 - 39세,인천광역시,국내온라인거래,기타가구,품질(물품/용역)
2023023401,2023-05-04,여자,40 - 49세,세종특별자치시,국내온라인거래,식탁,계약불이행(불완전이행)
2023023402,2023-05-04,남자,30 - 39세,경기도,국내온라인거래,항공여객운송서비스,계약불이행(불완전이행)
2023023403,2023-05-04,남자,20 - 29세,서울특별시,일반판매,피부과,계약해제.해지/위약금
2023023404,2023-05-04,여자,60 - 64세,경기도,일반판매,성형외과,계약해제.해지/위약금
2023023405,2023-05-04,여자,60 - 64세,대구광역시,일반판매,국외여행,계약해제.해지/위약금
2023023406,2023-05-04,여자,20 - 29세,대구광역시,일반판매,피부과,계약해제.해지/위약금
2023023407,2023-05-04,여자,30 - 39세,서울특별시,일반판매,상품권,부당행위
2023023408,2023-05-04,남자,50 - 59세,경기도,일반판매,캐주얼바지,품질(물품/용역)
2023023409,2023-05-04,여자,40 - 49세,인천광역시,일반판매,일반강습(입시학원등),계약불이행(불완전이행)
2023023410,2023-05-04,여자,40 - 49세,경기도,소셜커머스(쇼핑),신유형상품권,계약불이행(불완전이행)
2023023412,2023-05-04,여자,20 - 29세,서울특별시,일반판매,한의원,계약해제.해지/위약금
2023023413,2023-05-04,남자,30 - 39세,서울특별시,국내온라인거래,항공여객운송서비스,계약불이행(불완전이행)
2023023414,2023-05-04,여자,40 - 49세,서울특별시,국내온라인거래,양복(서양식 의복)세탁,품질(물품/용역)
2023023415,2023-05-04,여자,30 - 39세,경기도,일반판매,헬스장,계약해제.해지/위약금
2023023416,2023-05-04,여자,40 - 49세,충청남도,방문판매,인터넷교육서비스,계약해제.해지/위약금
2023023417,2023-05-04,남자,40 - 49세,인천광역시,모바일거래,모바일정보이용서비스,계약불이행(불완전이행)
2023023418,2023-05-04,여자,40 - 49세,경기도,국내온라인거래,스커트,청약철회
2023023419,2023-05-04,여자,50 - 59세,부산광역시,국내온라인거래,캐주얼바지,표시.광고
2023023420,2023-05-04,여자,65 - 69세,서울특별시,전화권유판매,기타건강식품,부당행위
2023023421,2023-05-04,남자,30 - 39세,경기도,일반판매,사진촬영,계약불이행(불완전이행)
2023023422,2023-05-04,남자,20 - 29세,충청북도,일반판매,헬스장,계약해제.해지/위약금
2023023423,2023-05-04,남자,50 - 59세,경상남도,국내온라인거래,기타묘목·모종·종자,계약해제.해지/위약금
2023023424,2023-05-04,남자,40 - 49세,충청북도,일반판매,중형승용자동차,품질(물품/용역)
2023023426,2023-05-04,여자,40 - 49세,서울특별시,국내온라인거래,공기청정기,품질(물품/용역)
2023023427,2023-05-04,여자,30 - 39세,경기도,국내온라인거래,서랍장,품질(물품/용역)
2023023428,2023-05-04,여자,40 - 49세,경기도,방문판매,인터넷교육서비스,계약해제.해지/위약금
2023023429,2023-05-04,남자,30 - 39세,서울특별시,국제온라인거래,기타자전거용품,표시.광고
2023023431,2023-05-04,남자,50 - 59세,서울특별시,일반판매,수영장회원권,계약해제.해지/위약금
2023023432,2023-05-04,여자,30 - 39세,경기도,일반판매,피부과,계약해제.해지/위약금
2023023433,2023-05-04,여자,30 - 39세,경기도,모바일거래,신용카드,계약불이행(불완전이행)
2023023434,2023-05-04,여자,30 - 39세,경기도,모바일거래,신용카드,계약불이행(불완전이행)
2023023435,2023-05-04,여자,30 - 39세,경기도,국내온라인거래,핸드백,품질(물품/용역)
2023023436,2023-05-04,여자,30 - 39세,서울특별시,국내온라인거래,스커트,품질(물품/용역)
2023023437,2023-05-04,남자,50 - 59세,서울특별시,기타,이동전화서비스,계약불이행(불완전이행)
2023023438,2023-05-04,남자,70 - 79세,경기도,일반판매,이동전화서비스,계약불이행(불완전이행)
2023023439,2023-05-04,남자,80세이상,전라북도,국내온라인거래,이동전화서비스,부당행위
2023023440,2023-05-04,남자,20 - 29세,경기도,일반판매,카셰어링,부당행위
2023023441,2023-05-04,여자,30 - 39세,충청북도,방문판매,기타교육서비스,계약해제.해지/위약금
2023023442,2023-05-04,남자,20 - 29세,서울특별시,국내온라인거래,기타숙박시설,청약철회
2023023443,2023-05-04,여자,30 - 39세,경기도,기타,양복(서양식 의복)세탁,품질(물품/용역)
2023023444,2023-05-04,남자,40 - 49세,경상북도,국내온라인거래,티셔츠,품질(물품/용역)
2023023445,2023-05-04,남자,20 - 29세,서울특별시,국내온라인거래,기타문화·오락시설이용,가격.요금
2023023446,2023-05-04,여자,30 - 39세,서울특별시,국내온라인거래,건물청소서비스,계약불이행(불완전이행)
2023023447,2023-05-04,남자,50 - 59세,경상남도,일반판매,중형승용자동차,AS불만
2023023448,2023-05-04,남자,40 - 49세,강원특별자치도,일반판매,전동킥보드,AS불만
2023023449,2023-05-04,남자,50 - 59세,충청남도,TV홈쇼핑,저축성보험,계약불이행(불완전이행)
2023023450,2023-05-04,남자,50 - 59세,전라북도,일반판매,아파트,계약불이행(불완전이행)
2023023451,2023-05-04,남자,30 - 39세,전라남도,모바일거래,타이어,계약불이행(불완전이행)
2023023452,2023-05-04,여자,20 - 29세,대구광역시,일반판매,기타사설강습서비스,계약해제.해지/위약금
2023023453,2023-05-04,여자,50 - 59세,광주광역시,일반판매,화장실설비,품질(물품/용역)
2023023454,2023-05-04,여자,20 - 29세,경상남도,방문판매,정수기대여(렌트),계약불이행(불완전이행)
2023023455,2023-05-04,여자,30 - 39세,경기도,일반판매,양복(서양식 의복)세탁,품질(물품/용역)
2023023456,2023-05-04,여자,30 - 39세,경기도,일반판매,양복(서양식 의복)세탁,품질(물품/용역)
2023023457,2023-05-04,여자,40 - 49세,울산광역시,모바일거래,셔츠,계약불이행(불완전이행)
2023023458,2023-05-04,여자,30 - 39세,경기도,일반판매,양복(서양식 의복)세탁,품질(물품/용역)
2023023460,2023-05-04,여자,50 - 59세,서울특별시,기타통신판매,포장이사운송서비스,계약불이행(불완전이행)
2023023461,2023-05-04,남자,40 - 49세,경기도,일반판매,양복(서양식 의복)세탁,품질(물품/용역)
2023023462,2023-05-04,여자,20 - 29세,부산광역시,전화권유판매,성형외과,계약해제.해지/위약금
2023023463,2023-05-04,여자,40 - 49세,세종특별자치시,일반판매,핸드백,품질(물품/용역)
2023023464,2023-05-04,여자,40 - 49세,충청남도,일반판매,핸드백,품질(물품/용역)
2023023465,2023-05-04,여자,불명,제주도,일반판매,점퍼·재킷류,품질(물품/용역)
2023023466,2023-05-04,여자,50 - 59세,대구광역시,일반판매,티셔츠,품질(물품/용역)
2023023467,2023-05-04,여자,30 - 39세,경기도,국내온라인거래,셔츠,품질(물품/용역)
2023023468,2023-05-04,여자,30 - 39세,울산광역시,소셜커머스(쇼핑),기타건강식품,품질(물품/용역)
2023023469,2023-05-04,여자,20 - 29세,경기도,일반판매,헬스장,계약해제.해지/위약금
2023023470,2023-05-04,남자,70 - 79세,강원특별자치도,전화권유판매,유사투자자문,계약해제.해지/위약금
2023023471,2023-05-04,남자,30 - 39세,경상남도,일반판매,국내결혼중개,계약해제.해지/위약금
2023023473,2023-05-04,남자,20 - 29세,부산광역시,방문판매,기타사설강습서비스,계약해제.해지/위약금
2023023474,2023-05-04,여자,30 - 39세,경상남도,전화권유판매,모바일정보이용서비스,계약해제.해지/위약금
2023023475,2023-05-04,남자,40 - 49세,서울특별시,국내온라인거래,노트북컴퓨터,AS불만
2023023476,2023-05-04,남자,60 - 64세,서울특별시,국내온라인거래,기타주방설비,품질(물품/용역)
2023023477,2023-05-04,남자,30 - 39세,경상남도,전화권유판매,정수기대여(렌트),계약해제.해지/위약금
2023023478,2023-05-04,여자,20 - 29세,경기도,일반판매,결혼준비대행서비스,계약해제.해지/위약금
2023023479,2023-05-04,남자,20 - 29세,경기도,국내온라인거래,기타정보이용서비스,계약불이행(불완전이행)
2023023480,2023-05-04,남자,40 - 49세,경상남도,일반판매,공중목욕탕,계약해제.해지/위약금
2023023481,2023-05-04,남자,30 - 39세,전라북도,소셜커머스(쇼핑),사진촬영,계약해제.해지/위약금
2023023482,2023-05-04,여자,20 - 29세,서울특별시,국내온라인거래,블라우스,청약철회
2023023483,2023-05-04,남자,10 - 19세,경기도,국내온라인거래,헤드폰·이어폰,품질(물품/용역)
2023023484,2023-05-04,남자,20 - 29세,서울특별시,국내온라인거래,이동전화서비스,청약철회
2023023485,2023-05-04,남자,50 - 59세,서울특별시,소셜커머스(쇼핑),코트,청약철회
2023023486,2023-05-04,여자,40 - 49세,부산광역시,일반판매,포장이사운송서비스,품질(물품/용역)
2023023487,2023-05-04,여자,50 - 59세,전라북도,일반판매,기타옥외장비·설비,AS불만
2023023488,2023-05-04,여자,40 - 49세,인천광역시,국내온라인거래,침대,품질(물품/용역)
2023023489,2023-05-04,여자,30 - 39세,대구광역시,일반판매,헬스장,계약해제.해지/위약금
2023023490,2023-05-04,남자,30 - 39세,광주광역시,국내온라인거래,기타옷감·실,품질(물품/용역)
2023023491,2023-05-04,남자,30 - 39세,경기도,일반판매,헬스장,계약해제.해지/위약금
2023023492,2023-05-04,여자,20 - 29세,서울특별시,국내온라인거래,각종자격취득강습,계약불이행(불완전이행)
2023023493,2023-05-04,남자,40 - 49세,경기도,기타,헬스장,계약해제.해지/위약금
2023023494,2023-05-04,남자,20 - 29세,서울특별시,모바일거래,여관(모텔),계약해제.해지/위약금
2023023495,2023-05-04,남자,40 - 49세,서울특별시,국내온라인거래,호텔,계약해제.해지/위약금
2023023496,2023-05-04,남자,50 - 59세,서울특별시,국내온라인거래,기타숙박시설,청약철회
2023023497,2023-05-04,여자,30 - 39세,서울특별시,기타,피부·체형관리서비스,계약해제.해지/위약금
2023023498,2023-05-04,여자,40 - 49세,서울특별시,다단계판매,인터넷교육서비스,계약해제.해지/위약금
2023023499,2023-05-04,남자,40 - 49세,강원특별자치도,일반판매,골프회원권,계약해제.해지/위약금
2023023500,2023-05-04,남자,40 - 49세,경기도,기타,스마트폰,AS불만
2023023501,2023-05-04,남자,불명,대구광역시,기타,이동전화서비스,품질(물품/용역)
2023023502,2023-05-04,남자,50 - 59세,제주도,기타,기타의류·섬유,계약불이행(불완전이행)
2023023503,2023-05-04,남자,40 - 49세,서울특별시,국내온라인거래,그래픽카드,품질(물품/용역)
2023023504,2023-05-04,여자,30 - 39세,서울특별시,모바일거래,여관(모텔),계약해제.해지/위약금
2023023505,2023-05-04,여자,40 - 49세,경기도,방문판매,필라테스,계약해제.해지/위약금
2023023506,2023-05-04,여자,30 - 39세,대구광역시,국내온라인거래,기타미분류서비스,계약불이행(불완전이행)
2023023507,2023-05-04,남자,60 - 64세,전라북도,기타,기타미분류서비스,계약해제.해지/위약금
2023023508,2023-05-04,여자,40 - 49세,서울특별시,국내온라인거래,도서·음반대여(렌트),계약불이행(불완전이행)
2023023509,2023-05-04,남자,30 - 39세,서울특별시,일반판매,종합체육시설회원권,계약해제.해지/위약금
2023023510,2023-05-04,여자,30 - 39세,서울특별시,국내온라인거래,항공여객운송서비스,계약불이행(불완전이행)
2023023511,2023-05-04,남자,40 - 49세,경기도,국내온라인거래,항공여객운송서비스,계약해제.해지/위약금
2023023512,2023-05-04,남자,40 - 49세,제주도,국내온라인거래,TV,품질(물품/용역)
2023023513,2023-05-04,남자,30 - 39세,전라남도,모바일거래,인터넷정보이용서비스,계약해제.해지/위약금
2023023514,2023-05-04,여자,50 - 59세,대구광역시,국내온라인거래,블라우스,계약불이행(불완전이행)
2023023515,2023-05-04,남자,30 - 39세,서울특별시,국내온라인거래,각종자격취득강습,계약불이행(불완전이행)
2023023516,2023-05-04,남자,20 - 29세,서울특별시,기타,택배화물운송서비스,품질(물품/용역)
2023023517,2023-05-04,여자,50 - 59세,경상남도,전화권유판매,이동전화서비스,계약불이행(불완전이행)
2023023518,2023-05-04,여자,30 - 39세,경기도,국내온라인거래,유리·크리스탈그릇,청약철회
2023023519,2023-05-04,여자,30 - 39세,전라남도,모바일거래,기타여행,계약불이행(불완전이행)
2023023520,2023-05-04,여자,30 - 39세,서울특별시,국내온라인거래,이동전화서비스,부당채권추심
2023023521,2023-05-04,남자,20 - 29세,경기도,국내온라인거래,스포츠관람,계약불이행(불완전이행)
2023023522,2023-05-04,남자,40 - 49세,대전광역시,일반판매,헬스장,계약해제.해지/위약금
2023023523,2023-05-04,여자,30 - 39세,경기도,모바일거래,항공여객운송서비스,계약불이행(불완전이행)
2023023524,2023-05-04,여자,20 - 29세,제주도,방문판매,헬스장,계약해제.해지/위약금
2023023525,2023-05-04,남자,30 - 39세,경기도,국내온라인거래,옷걸이,품질(물품/용역)
2023023526,2023-05-04,여자,30 - 39세,강원특별자치도,국내온라인거래,시계부품·용품,품질(물품/용역)
2023023527,2023-05-04,남자,20 - 29세,경기도,일반판매,헬스장,계약해제.해지/위약금
2023023528,2023-05-04,남자,30 - 39세,서울특별시,국내온라인거래,항공여객운송서비스,계약해제.해지/위약금
2023023529,2023-05-04,여자,20 - 29세,경기도,전화권유판매,필라테스,계약해제.해지/위약금
2023023530,2023-05-04,여자,20 - 29세,경기도,국내온라인거래,헬스장,계약해제.해지/위약금
2023023531,2023-05-04,남자,30 - 39세,서울특별시,기타,컴퓨터모니터(데스크탑),AS불만
2023023601,2023-05-05,여자,30 - 39세,서울특별시,소셜커머스(쇼핑),전기진공청소기,계약불이행(불완전이행)
2023023602,2023-05-05,남자,30 - 39세,서울특별시,일반판매,초고속인터넷,계약해제.해지/위약금
2023023603,2023-05-05,여자,40 - 49세,서울특별시,국내온라인거래,기타사설강습서비스,계약해제.해지/위약금
2023023604,2023-05-05,여자,20 - 29세,서울특별시,일반판매,미용서비스,품질(물품/용역)
2023023605,2023-05-05,남자,40 - 49세,서울특별시,국내온라인거래,운동화,부당행위
2023023606,2023-05-05,남자,20 - 29세,대구광역시,일반판매,소파,계약해제.해지/위약금
2023023607,2023-05-05,남자,40 - 49세,강원특별자치도,국내온라인거래,서랍장,청약철회
2023023608,2023-05-05,여자,20 - 29세,경상남도,일반판매,가스보일러,품질(물품/용역)
2023023609,2023-05-05,여자,불명,전라남도,일반판매,이동전화서비스,계약불이행(불완전이행)
2023023610,2023-05-05,남자,30 - 39세,광주광역시,모바일거래,이동전화서비스,표시.광고
2023023611,2023-05-05,남자,20 - 29세,전라남도,기타,헬스장,계약해제.해지/위약금
2023023612,2023-05-05,남자,20 - 29세,경기도,방문판매,헬스장,계약해제.해지/위약금
2023023701,2023-05-06,남자,50 - 59세,전라남도,국내온라인거래,점퍼·재킷류,계약불이행(불완전이행)
2023023702,2023-05-06,남자,30 - 39세,인천광역시,기타통신판매,건물청소서비스,계약해제.해지/위약금
2023023703,2023-05-06,여자,50 - 59세,서울특별시,일반판매,요가,계약해제.해지/위약금
2023023704,2023-05-06,여자,65 - 69세,서울특별시,일반판매,요가,부당채권추심
2023023705,2023-05-06,남자,30 - 39세,경상북도,일반판매,외식,부당행위
2023023706,2023-05-06,남자,30 - 39세,제주도,모바일거래,기타숙박시설,계약불이행(불완전이행)
2023023707,2023-05-06,여자,50 - 59세,서울특별시,모바일거래,애완동·식물용품,청약철회
2023023708,2023-05-06,남자,20 - 29세,경기도,국내온라인거래,니트(스웨터),청약철회
2023023709,2023-05-06,남자,40 - 49세,경기도,기타,예식서비스,청약철회
2023023710,2023-05-06,여자,30 - 39세,서울특별시,국내온라인거래,기타가방,청약철회
2023023711,2023-05-06,여자,20 - 29세,광주광역시,전화권유판매,기타미분류서비스,계약해제.해지/위약금
2023023712,2023-05-06,여자,30 - 39세,경기도,TV홈쇼핑,노트북컴퓨터,청약철회
2023023801,2023-05-07,여자,20 - 29세,대전광역시,모바일거래,기타사설강습서비스,계약해제.해지/위약금
2023023802,2023-05-07,여자,40 - 49세,서울특별시,방문판매,오피스텔,청약철회
2023023803,2023-05-07,남자,40 - 49세,충청북도,국제온라인거래,벨트,청약철회
2023023804,2023-05-07,남자,40 - 49세,서울특별시,국내온라인거래,전기압력밥솥,청약철회
2023023805,2023-05-07,남자,30 - 39세,경기도,기타통신판매,정수기대여(렌트),AS불만
2023023806,2023-05-07,여자,30 - 39세,인천광역시,일반판매,헬스장,계약해제.해지/위약금
2023023807,2023-05-07,여자,40 - 49세,경상남도,기타통신판매,스마트폰,부당행위
2023023808,2023-05-07,여자,30 - 39세,세종특별자치시,일반판매,애완고양이,품질(물품/용역)
2023023809,2023-05-07,여자,30 - 39세,경기도,일반판매,국내결혼중개,계약해제.해지/위약금
2023023810,2023-05-07,여자,20 - 29세,경기도,국내온라인거래,기타서적음반류,품질(물품/용역)
2023023811,2023-05-07,남자,30 - 39세,경기도,국내온라인거래,포장이사운송서비스,계약불이행(불완전이행)
2023023812,2023-05-07,남자,50 - 59세,충청남도,방문판매,국외여행,계약해제.해지/위약금
2023023813,2023-05-07,여자,40 - 49세,경기도,국내온라인거래,옷장,품질(물품/용역)
2023023814,2023-05-05,남자,20 - 29세,경기도,국내온라인거래,그래픽카드,품질(물품/용역)
2023023815,2023-05-08,여자,50 - 59세,인천광역시,일반판매,기타모피·가죽의류,품질(물품/용역)
2023023816,2023-05-08,여자,50 - 59세,경상남도,일반판매,소형승용자동차,품질(물품/용역)
2023023817,2023-05-08,남자,50 - 59세,서울특별시,일반판매,상품권,부당행위
2023023818,2023-05-08,남자,60 - 64세,서울특별시,국내온라인거래,기타의료용구,품질(물품/용역)
2023023819,2023-05-08,남자,30 - 39세,경기도,국내온라인거래,전동킥보드,안전(제품/시설)
2023023820,2023-05-08,여자,60 - 64세,경기도,방문판매,콘도회원권,청약철회
2023023821,2023-05-08,여자,40 - 49세,경기도,일반판매,기타아동복,품질(물품/용역)
2023023822,2023-05-08,여자,50 - 59세,전라북도,국내온라인거래,캐주얼바지,계약불이행(불완전이행)
2023023823,2023-05-08,여자,65 - 69세,서울특별시,소셜커머스(쇼핑),점퍼·재킷류,품질(물품/용역)
2023023824,2023-05-08,남자,50 - 59세,대구광역시,국내온라인거래,기타자동차용품,계약불이행(불완전이행)
2023023825,2023-05-08,여자,(미입력),인천광역시,소셜커머스(쇼핑),캐주얼바지,계약불이행(불완전이행)
2023023826,2023-05-08,남자,30 - 39세,충청남도,일반판매,기타세탁서비스,계약불이행(불완전이행)
2023023827,2023-05-08,여자,40 - 49세,서울특별시,일반판매,외장하드,품질(물품/용역)
2023023828,2023-05-08,남자,30 - 39세,경기도,모바일거래,여관(모텔),계약해제.해지/위약금
2023023829,2023-05-08,남자,40 - 49세,서울특별시,일반판매,양복(서양식 의복)세탁,품질(물품/용역)
2023023831,2023-05-08,여자,20 - 29세,서울특별시,국내온라인거래,캐주얼바지,표시.광고
2023023832,2023-05-08,여자,50 - 59세,제주도,전화권유판매,인터넷정보이용서비스,계약불이행(불완전이행)
2023023833,2023-05-08,남자,50 - 59세,경기도,국내온라인거래,기타회원권,계약불이행(불완전이행)
2023023834,2023-05-08,남자,30 - 39세,경기도,일반판매,헬스장,계약해제.해지/위약금
2023023835,2023-05-08,여자,10세 미만,경기도,일반판매,응급의학과,품질(물품/용역)
2023023836,2023-05-08,남자,50 - 59세,서울특별시,국내온라인거래,기타숙박시설,청약철회
2023023837,2023-05-08,여자,30 - 39세,대구광역시,일반판매,필라테스,계약해제.해지/위약금
2023023838,2023-05-08,여자,40 - 49세,경상남도,TV홈쇼핑,양복(서양식 의복)세탁,품질(물품/용역)
2023023839,2023-05-08,남자,70 - 79세,경상남도,일반판매,국내여행,품질(물품/용역)
2023023840,2023-05-08,여자,40 - 49세,경기도,국내온라인거래,기타간편복,품질(물품/용역)
2023023842,2023-05-08,남자,불명,경기도,모바일거래,인터넷정보이용서비스,부당행위
2023023843,2023-05-08,여자,40 - 49세,충청남도,기타통신판매,캐주얼바지,청약철회
2023023844,2023-05-08,남자,40 - 49세,울산광역시,국내온라인거래,기타자동차용품,청약철회
2023023845,2023-05-08,여자,50 - 59세,경기도,모바일거래,호텔,계약해제.해지/위약금
2023023847,2023-05-08,남자,불명,서울특별시,국내온라인거래,헤드폰·이어폰,AS불만
2023023848,2023-05-08,남자,50 - 59세,서울특별시,일반판매,자동차수리·점검,계약불이행(불완전이행)
2023023849,2023-05-08,남자,70 - 79세,서울특별시,국내온라인거래,항공여객운송서비스,계약불이행(불완전이행)
2023023850,2023-05-08,여자,30 - 39세,서울특별시,국내온라인거래,양복(서양식 의복)세탁,품질(물품/용역)
2023023851,2023-05-08,남자,40 - 49세,경기도,일반판매,골프용품,품질(물품/용역)
2023023852,2023-05-08,여자,50 - 59세,경기도,일반판매,호텔,품질(물품/용역)
2023023853,2023-05-08,남자,40 - 49세,대전광역시,일반판매,자동차세차,부당행위
2023023854,2023-05-08,여자,60 - 64세,전라남도,일반판매,상해보험,약관
2023023855,2023-05-08,여자,20 - 29세,인천광역시,전화권유판매,유사투자자문,계약해제.해지/위약금
2023023856,2023-05-08,여자,30 - 39세,서울특별시,일반판매,양복(서양식 의복)세탁,품질(물품/용역)
2023023857,2023-05-08,여자,불명,서울특별시,일반판매,전기자전거,계약불이행(불완전이행)
2023023858,2023-05-08,여자,30 - 39세,경기도,일반판매,기타수선·염색서비스,품질(물품/용역)
2023023859,2023-05-08,남자,50 - 59세,경기도,전화권유판매,유사투자자문,계약해제.해지/위약금
2023023860,2023-05-08,남자,30 - 39세,대구광역시,국내온라인거래,기타자동차부품,계약불이행(불완전이행)
2023023861,2023-05-08,남자,30 - 39세,대전광역시,국내온라인거래,화장품세트,계약해제.해지/위약금
2023023862,2023-05-08,여자,40 - 49세,강원특별자치도,기타통신판매,유사투자자문,계약해제.해지/위약금
2023023863,2023-05-08,남자,40 - 49세,경기도,전화권유판매,유사투자자문,계약해제.해지/위약금
2023023864,2023-05-08,남자,50 - 59세,경기도,일반판매,국외여행,계약해제.해지/위약금
2023023865,2023-05-08,여자,40 - 49세,대구광역시,일반판매,양복(서양식 의복)세탁,품질(물품/용역)
2023023866,2023-05-08,여자,30 - 39세,경기도,일반판매,헬스장,계약해제.해지/위약금
2023023867,2023-05-08,남자,30 - 39세,경기도,국내온라인거래,소파,품질(물품/용역)
2023023868,2023-05-08,남자,40 - 49세,경기도,방문판매,상조서비스,계약해제.해지/위약금
2023023869,2023-05-08,남자,40 - 49세,경기도,일반판매,골프회원권,계약해제.해지/위약금
2023023870,2023-05-08,여자,30 - 39세,서울특별시,일반판매,헬스장,계약해제.해지/위약금
2023023871,2023-05-08,남자,30 - 39세,대전광역시,기타,헬스장,계약해제.해지/위약금
2023023872,2023-05-08,여자,40 - 49세,경상남도,일반판매,점퍼·재킷류,품질(물품/용역)
2023023873,2023-05-08,여자,20 - 29세,서울특별시,일반판매,요가,계약해제.해지/위약금
2023023874,2023-05-08,여자,20 - 29세,경기도,일반판매,헬스장,계약해제.해지/위약금
2023023876,2023-05-08,남자,50 - 59세,경기도,일반판매,점퍼·재킷류,품질(물품/용역)
2023023877,2023-05-08,여자,30 - 39세,서울특별시,일반판매,헬스장,계약해제.해지/위약금
2023023878,2023-05-08,여자,30 - 39세,경기도,일반판매,필라테스,계약해제.해지/위약금
2023023879,2023-05-08,여자,40 - 49세,경기도,일반판매,필라테스,계약해제.해지/위약금
2023023880,2023-05-08,여자,30 - 39세,경기도,일반판매,헬스장,계약해제.해지/위약금
2023023881,2023-05-08,남자,30 - 39세,서울특별시,일반판매,헬스장,계약해제.해지/위약금
2023023882,2023-05-08,여자,30 - 39세,대구광역시,일반판매,헬스장,계약해제.해지/위약금
2023023883,2023-05-08,남자,20 - 29세,부산광역시,일반판매,헬스장,계약해제.해지/위약금
2023023884,2023-05-08,여자,50 - 59세,경기도,국내온라인거래,신유형상품권,계약불이행(불완전이행)
2023023885,2023-05-08,여자,40 - 49세,전라북도,방문판매,도배공사,품질(물품/용역)
2023023886,2023-05-08,여자,30 - 39세,서울특별시,일반판매,헬스장,계약해제.해지/위약금
2023023887,2023-05-08,남자,50 - 59세,부산광역시,일반판매,냉동고,품질(물품/용역)
2023023888,2023-05-08,여자,불명,대구광역시,국내온라인거래,신유형상품권,계약불이행(불완전이행)
2023023889,2023-05-08,남자,40 - 49세,전라남도,일반판매,공중목욕탕,청약철회
2023023890,2023-05-08,여자,20 - 29세,경기도,일반판매,헬스장,품질(물품/용역)
2023023891,2023-05-08,남자,40 - 49세,경기도,일반판매,국외여행,계약해제.해지/위약금
2023023892,2023-05-08,남자,30 - 39세,인천광역시,일반판매,자동차대여(렌트),부당행위
2023023893,2023-05-08,남자,40 - 49세,대구광역시,일반판매,전기장판,품질(물품/용역)
2023023894,2023-05-08,남자,30 - 39세,서울특별시,국내온라인거래,자동차대여(렌트),계약불이행(불완전이행)
2023023895,2023-05-08,남자,65 - 69세,부산광역시,일반판매,안과,품질(물품/용역)
2023023896,2023-05-08,여자,40 - 49세,서울특별시,국내온라인거래,전문스포츠화(축구화·골프화 등),표시.광고
2023023897,2023-05-08,남자,50 - 59세,경기도,일반판매,흉부외과,품질(물품/용역)
2023023898,2023-05-08,여자,65 - 69세,부산광역시,국내온라인거래,점퍼·재킷류,청약철회
2023023899,2023-05-08,여자,50 - 59세,경상남도,일반판매,산부인과,품질(물품/용역)
2023023900,2023-05-08,남자,20 - 29세,경상남도,일반판매,한의원,품질(물품/용역)
2023023901,2023-05-08,여자,50 - 59세,경기도,기타통신판매,피부·체형관리서비스,계약해제.해지/위약금
2023023902,2023-05-08,여자,60 - 64세,충청북도,전화권유판매,인터넷정보이용서비스,계약해제.해지/위약금
2023023903,2023-05-08,남자,40 - 49세,인천광역시,일반판매,전기자동차,계약불이행(불완전이행)
2023023904,2023-05-08,여자,40 - 49세,인천광역시,기타통신판매,건물청소서비스,계약불이행(불완전이행)
2023023905,2023-05-08,남자,40 - 49세,경기도,국내온라인거래,기타의료용구,청약철회
2023023906,2023-05-08,여자,30 - 39세,서울특별시,국내온라인거래,기타문화용품,계약불이행(불완전이행)
2023023907,2023-05-08,여자,30 - 39세,인천광역시,국제온라인거래,양복(서양식 의복)세탁,품질(물품/용역)
2023023908,2023-05-08,여자,30 - 39세,인천광역시,국제온라인거래,양복(서양식 의복)세탁,품질(물품/용역)
2023023909,2023-05-08,남자,50 - 59세,서울특별시,국내온라인거래,항공여객운송서비스,계약불이행(불완전이행)
2023023911,2023-05-08,남자,65 - 69세,대전광역시,일반판매,오토바이,계약해제.해지/위약금
2023023912,2023-05-08,남자,50 - 59세,부산광역시,국내온라인거래,이동전화서비스,표시.광고
2023023913,2023-05-08,여자,20 - 29세,인천광역시,국내온라인거래,점퍼·재킷류,청약철회
2023023914,2023-05-08,남자,70 - 79세,대전광역시,일반판매,자동차수리·점검,AS불만
2023023915,2023-05-08,여자,50 - 59세,경기도,일반판매,캐주얼바지,품질(물품/용역)
2023023916,2023-05-08,남자,40 - 49세,경상남도,일반판매,자동차대여(렌트),계약해제.해지/위약금
2023023917,2023-05-08,여자,50 - 59세,경기도,일반판매,점퍼·재킷류,품질(물품/용역)
2023023918,2023-05-08,남자,불명,경기도,일반판매,점퍼·재킷류,품질(물품/용역)
2023023919,2023-05-08,여자,40 - 49세,서울특별시,국내온라인거래,신유형상품권,계약불이행(불완전이행)
2023023921,2023-05-08,남자,40 - 49세,경기도,전화권유판매,기타매체광고,청약철회
2023023922,2023-05-08,여자,40 - 49세,부산광역시,방문판매,방문교육,계약해제.해지/위약금
2023023923,2023-05-08,여자,불명,경기도,일반판매,기타사설강습서비스,계약해제.해지/위약금
2023023924,2023-05-08,남자,60 - 64세,서울특별시,국내온라인거래,욕실설비,품질(물품/용역)
2023023925,2023-05-08,여자,30 - 39세,부산광역시,기타통신판매,기타정보이용서비스,계약불이행(불완전이행)
2023023926,2023-05-08,여자,30 - 39세,충청남도,일반판매,요가,계약해제.해지/위약금
2023023927,2023-05-08,여자,40 - 49세,서울특별시,일반판매,요가,계약해제.해지/위약금
2023023928,2023-05-08,여자,30 - 39세,부산광역시,일반판매,골프회원권,계약불이행(불완전이행)
2023023929,2023-05-08,여자,20 - 29세,서울특별시,모바일거래,화장대,품질(물품/용역)
2023023930,2023-05-08,여자,20 - 29세,경기도,국내온라인거래,골프용품,청약철회
2023023931,2023-05-08,여자,40 - 49세,인천광역시,일반판매,결혼준비대행서비스,계약불이행(불완전이행)
2023023932,2023-05-08,여자,20 - 29세,서울특별시,방문판매,기타주택·건물,계약해제.해지/위약금
2023023933,2023-05-08,여자,30 - 39세,인천광역시,일반판매,결혼준비대행서비스,계약불이행(불완전이행)
2023023934,2023-05-08,여자,40 - 49세,울산광역시,기타,스마트폰,품질(물품/용역)
2023023935,2023-05-08,여자,40 - 49세,울산광역시,국내온라인거래,기타숙박시설,계약해제.해지/위약금
2023023936,2023-05-08,남자,30 - 39세,경기도,일반판매,컴퓨터수리,계약불이행(불완전이행)
2023023938,2023-05-08,남자,불명,대구광역시,일반판매,스마트폰,청약철회
2023023939,2023-05-08,남자,30 - 39세,서울특별시,국내온라인거래,기타주방설비,품질(물품/용역)
2023023940,2023-05-08,여자,30 - 39세,경기도,소셜커머스(쇼핑),룸에어컨,청약철회
2023023941,2023-05-08,남자,40 - 49세,인천광역시,모바일거래,티셔츠,품질(물품/용역)
2023023942,2023-05-08,남자,30 - 39세,인천광역시,국내온라인거래,항공여객운송서비스,계약불이행(불완전이행)
2023023943,2023-05-08,여자,30 - 39세,서울특별시,일반판매,예식서비스,계약해제.해지/위약금
2023023944,2023-05-08,여자,40 - 49세,울산광역시,일반판매,학습지,계약해제.해지/위약금
2023023945,2023-05-08,남자,60 - 64세,경기도,TV홈쇼핑,국외여행,계약해제.해지/위약금
2023023946,2023-05-08,여자,40 - 49세,경상남도,일반판매,미용서비스,계약불이행(불완전이행)
2023023948,2023-05-08,여자,40 - 49세,대구광역시,일반판매,기타방문·통신교육서비스,계약해제.해지/위약금
2023023949,2023-05-08,여자,20 - 29세,서울특별시,전화권유판매,노트북컴퓨터,품질(물품/용역)
2023023950,2023-05-08,여자,50 - 59세,광주광역시,모바일거래,기타의류·섬유,청약철회
2023023951,2023-05-08,여자,30 - 39세,인천광역시,일반판매,헬스장,계약해제.해지/위약금
2023023952,2023-05-08,남자,20 - 29세,경기도,국내온라인거래,기타컴퓨터·주변기기,AS불만
2023023953,2023-05-08,여자,40 - 49세,인천광역시,국내온라인거래,제습기,부당행위
2023023954,2023-05-08,남자,40 - 49세,대구광역시,국내온라인거래,시계,청약철회
2023023955,2023-05-08,남자,50 - 59세,서울특별시,국내온라인거래,호텔,가격.요금
2023023956,2023-05-08,남자,20 - 29세,전라북도,국내온라인거래,신발세탁,품질(물품/용역)
2023023957,2023-05-08,남자,50 - 59세,경기도,국내온라인거래,스마트폰,청약철회
2023023958,2023-05-08,남자,40 - 49세,제주도,방문판매,학습지,계약해제.해지/위약금
2023023959,2023-05-08,여자,50 - 59세,서울특별시,국내온라인거래,가스호스,품질(물품/용역)
2023023960,2023-05-08,남자,30 - 39세,대구광역시,일반판매,헬스장,계약해제.해지/위약금
2023023961,2023-05-08,여자,20 - 29세,경기도,일반판매,피부·체형관리서비스,계약해제.해지/위약금
2023023962,2023-05-08,여자,30 - 39세,부산광역시,국내온라인거래,인터넷교육서비스,부당행위
2023023963,2023-05-08,남자,40 - 49세,경기도,일반판매,헬스장,계약해제.해지/위약금
2023023964,2023-05-08,여자,30 - 39세,경기도,국내온라인거래,숙녀복상의,품질(물품/용역)
2023023965,2023-05-08,남자,30 - 39세,서울특별시,일반판매,예식서비스,청약철회
2023023966,2023-05-08,여자,20 - 29세,경기도,일반판매,양복(서양식 의복)세탁,계약불이행(불완전이행)
2023023967,2023-05-08,남자,30 - 39세,서울특별시,국내온라인거래,항공여객운송서비스,계약해제.해지/위약금
2023023968,2023-05-08,남자,20 - 29세,경상북도,기타,인터넷교육서비스,계약해제.해지/위약금
2023023969,2023-05-08,여자,40 - 49세,부산광역시,기타,정수기대여(렌트),계약해제.해지/위약금
2023023970,2023-05-08,남자,30 - 39세,경기도,일반판매,독서실이용,계약해제.해지/위약금
2023023971,2023-05-08,여자,20 - 29세,부산광역시,일반판매,운전강습,계약해제.해지/위약금
2023023972,2023-05-08,남자,30 - 39세,부산광역시,일반판매,항공여객운송서비스,계약해제.해지/위약금
2023023973,2023-05-08,여자,30 - 39세,서울특별시,일반판매,예식서비스,계약해제.해지/위약금
2023023974,2023-05-08,여자,20 - 29세,서울특별시,모바일거래,펜션,계약해제.해지/위약금
2023023975,2023-05-08,남자,20 - 29세,경상남도,국내온라인거래,기타악기·용품,청약철회
2023023976,2023-05-08,남자,40 - 49세,경기도,국내온라인거래,기타숙박시설,부당행위
2023023978,2023-05-08,남자,40 - 49세,강원특별자치도,국내온라인거래,기타가방,계약불이행(불완전이행)
2023023979,2023-05-08,여자,30 - 39세,경기도,일반판매,헬스장,계약해제.해지/위약금
2023023980,2023-05-08,여자,20 - 29세,서울특별시,방문판매,피부·체형관리서비스,계약해제.해지/위약금
2023023981,2023-05-08,여자,30 - 39세,대구광역시,방문판매,정수기대여(렌트),청약철회
2023023982,2023-05-08,남자,40 - 49세,제주도,기타통신판매,스마트폰,계약해제.해지/위약금
2023023983,2023-05-08,남자,65 - 69세,서울특별시,TV홈쇼핑,국외여행,계약해제.해지/위약금
2023023984,2023-05-08,여자,65 - 69세,전라남도,모바일거래,유산균함유제품,계약해제.해지/위약금
2023023986,2023-05-08,여자,불명,대전광역시,방문판매,기타방문·통신교육서비스,계약해제.해지/위약금
2023023987,2023-05-08,남자,30 - 39세,부산광역시,전화권유판매,인터넷정보이용서비스,계약불이행(불완전이행)
2023023988,2023-05-08,여자,50 - 59세,경기도,기타,택배화물운송서비스,부당행위
2023023990,2023-05-08,남자,30 - 39세,서울특별시,일반판매,헬스장,계약해제.해지/위약금
2023023991,2023-05-08,남자,30 - 39세,서울특별시,일반판매,헬스장,계약해제.해지/위약금
2023023992,2023-05-08,남자,40 - 49세,경상남도,전화권유판매,인터넷정보이용서비스,계약불이행(불완전이행)
2023023993,2023-05-08,남자,20 - 29세,서울특별시,일반판매,미용서비스,품질(물품/용역)
2023023994,2023-05-08,여자,40 - 49세,경기도,일반판매,TV,품질(물품/용역)
2023023995,2023-05-08,여자,20 - 29세,광주광역시,일반판매,헬스장,계약해제.해지/위약금
2023023996,2023-05-08,여자,30 - 39세,경기도,국내온라인거래,유아복,계약불이행(불완전이행)
2023023997,2023-05-08,여자,30 - 39세,서울특별시,일반판매,피부·체형관리서비스,계약불이행(불완전이행)
2023023998,2023-05-08,여자,20 - 29세,경상남도,일반판매,헬스장,계약해제.해지/위약금
2023023999,2023-05-08,남자,30 - 39세,서울특별시,일반판매,택배화물운송서비스,계약불이행(불완전이행)
2023024000,2023-05-08,여자,30 - 39세,부산광역시,국내온라인거래,숙녀복세트,계약해제.해지/위약금
2023024001,2023-05-08,여자,40 - 49세,서울특별시,일반판매,일반이사운송서비스,품질(물품/용역)
2023024002,2023-05-08,남자,40 - 49세,부산광역시,국내온라인거래,택배화물운송서비스,계약불이행(불완전이행)
2023024003,2023-05-08,여자,40 - 49세,서울특별시,일반판매,전기의류건조기,품질(물품/용역)
2023024004,2023-05-08,남자,40 - 49세,제주도,일반판매,헬스장,계약해제.해지/위약금
2023024005,2023-05-08,여자,30 - 39세,충청북도,기타,기타교육서비스,계약해제.해지/위약금
2023024006,2023-05-08,남자,30 - 39세,경기도,일반판매,포장이사운송서비스,계약해제.해지/위약금
2023024007,2023-05-08,여자,30 - 39세,인천광역시,일반판매,결혼준비대행서비스,가격.요금
2023024008,2023-05-08,여자,20 - 29세,경기도,일반판매,헬스장,계약해제.해지/위약금
2023024009,2023-05-08,여자,20 - 29세,경기도,일반판매,이동전화서비스,가격.요금
2023024010,2023-05-08,여자,30 - 39세,경기도,국내온라인거래,전기의류건조기,청약철회
2023024011,2023-05-08,남자,20 - 29세,서울특별시,방문판매,헬스장,계약해제.해지/위약금
2023024012,2023-05-08,남자,30 - 39세,경기도,일반판매,포장이사운송서비스,품질(물품/용역)
2023024013,2023-05-08,남자,50 - 59세,경기도,기타,아파트,안전(제품/시설)
2023024014,2023-05-08,여자,20 - 29세,충청북도,일반판매,헬스장,계약해제.해지/위약금
2023024015,2023-05-09,남자,30 - 39세,경기도,기타,자동차세차,부당행위
2023024016,2023-05-09,여자,50 - 59세,경기도,국내온라인거래,기타이·미용기구,품질(물품/용역)
2023024017,2023-05-09,여자,50 - 59세,서울특별시,일반판매,기타주거관리설비,계약불이행(불완전이행)
2023024019,2023-05-09,여자,40 - 49세,대구광역시,일반판매,양복(서양식 의복)세탁,품질(물품/용역)
2023024020,2023-05-09,여자,30 - 39세,서울특별시,국내온라인거래,전기자전거,청약철회
2023024021,2023-05-09,여자,50 - 59세,인천광역시,기타통신판매,전기자전거,품질(물품/용역)
2023024022,2023-05-09,남자,40 - 49세,서울특별시,국내온라인거래,응접테이블,품질(물품/용역)
2023024023,2023-05-09,남자,60 - 64세,경기도,전화권유판매,안마의자,품질(물품/용역)
2023024024,2023-05-09,남자,50 - 59세,서울특별시,일반판매,스낵과자,품질(물품/용역)
2023024025,2023-05-09,여자,40 - 49세,경기도,국내온라인거래,신유형상품권,계약불이행(불완전이행)
2023024026,2023-05-09,남자,불명,울산광역시,일반판매,양복(서양식 의복)세탁,품질(물품/용역)
2023024027,2023-05-09,여자,40 - 49세,전라북도,기타통신판매,인터넷정보이용서비스,계약해제.해지/위약금
2023024028,2023-05-09,남자,60 - 64세,부산광역시,일반판매,TV,AS불만
2023024029,2023-05-09,여자,40 - 49세,서울특별시,국내온라인거래,기저귀,청약철회
2023024030,2023-05-09,여자,50 - 59세,부산광역시,국내온라인거래,스마트폰,청약철회
2023024031,2023-05-09,여자,20 - 29세,경기도,일반판매,헬스장,계약해제.해지/위약금
2023024032,2023-05-09,여자,30 - 39세,경기도,일반판매,자동차수리·점검,부당행위
2023024033,2023-05-09,여자,40 - 49세,부산광역시,소셜커머스(쇼핑),인터넷정보이용서비스,계약해제.해지/위약금
2023024034,2023-05-09,남자,30 - 39세,경기도,모바일거래,기타숙박시설,계약해제.해지/위약금
2023024035,2023-05-09,여자,65 - 69세,서울특별시,일반판매,전기압력밥솥,품질(물품/용역)
2023024036,2023-05-09,여자,30 - 39세,인천광역시,모바일거래,기타투자상품,계약해제.해지/위약금
2023024037,2023-05-09,남자,40 - 49세,서울특별시,국내온라인거래,페인트,청약철회
2023024038,2023-05-09,남자,20 - 29세,서울특별시,일반판매,기타어패류·어패류가공식품,품질(물품/용역)
2023024040,2023-05-09,여자,50 - 59세,전라남도,방문판매,실손보험,계약불이행(불완전이행)
2023024041,2023-05-09,여자,20 - 29세,경기도,모바일거래,필라테스,계약해제.해지/위약금
2023024043,2023-05-09,남자,65 - 69세,경기도,일반판매,모바일정보이용서비스,부당행위
2023024044,2023-05-09,남자,40 - 49세,강원특별자치도,방문판매,의료용구대여(렌트),계약불이행(불완전이행)
2023024045,2023-05-09,여자,30 - 39세,서울특별시,국내온라인거래,기타가방,청약철회
2023024046,2023-05-09,여자,30 - 39세,서울특별시,일반판매,블라우스,품질(물품/용역)
2023024047,2023-05-09,여자,20 - 29세,경기도,일반판매,컴퓨터수리,계약불이행(불완전이행)
2023024048,2023-05-09,여자,60 - 64세,부산광역시,국내온라인거래,숙녀화(구두·부츠 등),품질(물품/용역)
2023024049,2023-05-09,남자,30 - 39세,경기도,국내온라인거래,전기요,품질(물품/용역)
2023024050,2023-05-09,여자,30 - 39세,경기도,일반판매,필라테스,계약해제.해지/위약금
2023024051,2023-05-09,남자,20 - 29세,서울특별시,일반판매,종합체육시설회원권,계약해제.해지/위약금
2023024052,2023-05-09,남자,40 - 49세,경기도,방문판매,헬스장,계약해제.해지/위약금
2023024053,2023-05-09,여자,40 - 49세,서울특별시,일반판매,피부과,품질(물품/용역)
2023024054,2023-05-09,여자,60 - 64세,경기도,일반판매,상해보험,약관
2023024055,2023-05-09,여자,50 - 59세,경기도,일반판매,상해보험,약관
2023024056,2023-05-09,여자,50 - 59세,대전광역시,일반판매,점퍼·재킷류,품질(물품/용역)
2023024057,2023-05-09,남자,30 - 39세,광주광역시,일반판매,통합보장보험,약관
2023024059,2023-05-09,남자,60 - 64세,충청남도,국내온라인거래,핸드백,품질(물품/용역)
2023024061,2023-05-09,남자,50 - 59세,서울특별시,일반판매,내과,품질(물품/용역)
2023024062,2023-05-09,남자,40 - 49세,경상북도,국내온라인거래,전기자전거,청약철회
2023024063,2023-05-09,여자,40 - 49세,서울특별시,국내온라인거래,숙녀복상의,품질(물품/용역)
2023024064,2023-05-09,여자,65 - 69세,경상남도,일반판매,양복(서양식 의복)세탁,품질(물품/용역)
2023024065,2023-05-09,여자,30 - 39세,서울특별시,일반판매,양복(서양식 의복)세탁,품질(물품/용역)
2023024066,2023-05-09,남자,30 - 39세,서울특별시,일반판매,자동차보험,약관
2023024067,2023-05-09,남자,50 - 59세,서울특별시,일반판매,자동차수리·점검,품질(물품/용역)
2023024068,2023-05-09,여자,50 - 59세,서울특별시,일반판매,미용서비스,계약불이행(불완전이행)
2023024069,2023-05-09,남자,20 - 29세,서울특별시,국내온라인거래,점퍼·재킷류,청약철회
2023024070,2023-05-09,여자,20 - 29세,경기도,일반판매,헬스장,계약해제.해지/위약금
2023024071,2023-05-09,남자,60 - 64세,부산광역시,일반판매,건강(암·기타질병)보험,약관
2023024072,2023-05-09,남자,20 - 29세,충청북도,일반판매,양복(서양식 의복)세탁,품질(물품/용역)
2023024073,2023-05-09,남자,60 - 64세,경기도,일반판매,전동휠,품질(물품/용역)
2023024074,2023-05-09,여자,40 - 49세,경기도,일반판매,정수기대여(렌트),계약해제.해지/위약금
2023024075,2023-05-09,여자,30 - 39세,서울특별시,기타통신판매,전기고데기,품질(물품/용역)
2023024076,2023-05-09,남자,50 - 59세,서울특별시,국내온라인거래,냉장고,청약철회
2023024077,2023-05-09,여자,30 - 39세,울산광역시,일반판매,양복(서양식 의복)세탁,품질(물품/용역)
2023024078,2023-05-09,여자,60 - 64세,인천광역시,방문판매,기타책상·테이블류,계약불이행(불완전이행)
2023024079,2023-05-09,남자,20 - 29세,인천광역시,일반판매,자동차수리·점검,부당행위
2023024080,2023-05-09,남자,40 - 49세,서울특별시,국내온라인거래,국외여행,계약해제.해지/위약금
2023024081,2023-05-09,남자,50 - 59세,경기도,일반판매,치과,품질(물품/용역)
2023024082,2023-05-09,여자,20 - 29세,부산광역시,일반판매,헬스장,계약해제.해지/위약금
2023024083,2023-05-09,남자,30 - 39세,전라북도,국내온라인거래,양복(서양식 의복)세탁,품질(물품/용역)
2023024084,2023-05-09,여자,30 - 39세,경기도,일반판매,헬스장,계약해제.해지/위약금
2023024085,2023-05-09,남자,30 - 39세,경기도,국내온라인거래,컵,청약철회
2023024086,2023-05-09,남자,50 - 59세,경기도,국내온라인거래,호텔,계약해제.해지/위약금
2023024087,2023-05-09,여자,불명,부산광역시,일반판매,기타간편복,품질(물품/용역)
2023024088,2023-05-09,여자,30 - 39세,서울특별시,일반판매,코트,품질(물품/용역)
2023024090,2023-05-09,남자,60 - 64세,서울특별시,일반판매,의류수선,계약불이행(불완전이행)
2023024091,2023-05-09,여자,60 - 64세,경기도,전화권유판매,기타정보이용서비스,계약해제.해지/위약금
2023024092,2023-05-09,남자,60 - 64세,서울특별시,일반판매,기타가구,계약불이행(불완전이행)
2023024093,2023-05-09,여자,65 - 69세,경기도,일반판매,국외여행,품질(물품/용역)
2023024094,2023-05-09,남자,20 - 29세,경기도,일반판매,기타세탁서비스,품질(물품/용역)
2023024095,2023-05-09,남자,30 - 39세,서울특별시,모바일거래,신유형상품권,계약불이행(불완전이행)
2023024096,2023-05-09,남자,60 - 64세,서울특별시,국내온라인거래,항공여객운송서비스,계약불이행(불완전이행)
2023024097,2023-05-09,남자,40 - 49세,서울특별시,일반판매,미분류대여(렌트),계약해제.해지/위약금
2023024098,2023-05-09,남자,30 - 39세,서울특별시,방문판매,결혼준비대행서비스,계약불이행(불완전이행)
2023024099,2023-05-09,남자,40 - 49세,서울특별시,전화권유판매,상조서비스,계약해제.해지/위약금
2023024100,2023-05-09,여자,50 - 59세,경기도,일반판매,상해보험,계약불이행(불완전이행)
2023024101,2023-05-09,여자,20 - 29세,경기도,일반판매,결혼준비대행서비스,계약불이행(불완전이행)
2023024102,2023-05-09,남자,30 - 39세,대구광역시,전화권유판매,모바일정보이용서비스,계약해제.해지/위약금
2023024103,2023-05-09,여자,40 - 49세,경기도,일반판매,실손보험,계약불이행(불완전이행)
2023024104,2023-05-09,여자,30 - 39세,경기도,일반판매,피부과,계약해제.해지/위약금
2023024105,2023-05-09,여자,65 - 69세,서울특별시,TV홈쇼핑,게,품질(물품/용역)
2023024106,2023-05-09,여자,20 - 29세,경기도,국내온라인거래,점퍼·재킷류,품질(물품/용역)
2023024107,2023-05-09,여자,20 - 29세,경기도,방문판매,헬스장,계약해제.해지/위약금
2023024108,2023-05-10,여자,40 - 49세,경상남도,일반판매,소파,품질(물품/용역)
2023024110,2023-05-09,남자,40 - 49세,서울특별시,국내온라인거래,항공여객운송서비스,계약불이행(불완전이행)
2023024111,2023-05-09,여자,50 - 59세,제주도,국내온라인거래,기타의료용구,청약철회
2023024112,2023-05-09,여자,40 - 49세,경상남도,국내온라인거래,기타숙박시설,계약해제.해지/위약금
2023024113,2023-05-09,남자,50 - 59세,경기도,일반판매,보석·귀금속,가격.요금
2023024114,2023-05-09,여자,30 - 39세,서울특별시,국내온라인거래,전집물,품질(물품/용역)
2023024115,2023-05-09,남자,30 - 39세,부산광역시,일반판매,헬스장,계약해제.해지/위약금
2023024116,2023-05-09,여자,50 - 59세,서울특별시,기타,기타인테리어설비,품질(물품/용역)
2023024117,2023-05-09,남자,40 - 49세,경기도,국내온라인거래,기타자동차용품,품질(물품/용역)
2023024118,2023-05-09,여자,40 - 49세,충청남도,국내온라인거래,펜션,계약해제.해지/위약금
2023024119,2023-05-09,남자,30 - 39세,인천광역시,일반판매,필라테스,계약해제.해지/위약금
2023024120,2023-05-09,남자,40 - 49세,경상남도,국내온라인거래,기타숙박시설,계약해제.해지/위약금
2023024121,2023-05-09,여자,30 - 39세,경기도,전화권유판매,인터넷교육서비스,계약해제.해지/위약금
2023024122,2023-05-09,여자,40 - 49세,대구광역시,소셜커머스(쇼핑),기타가방,품질(물품/용역)
2023024123,2023-05-09,여자,40 - 49세,서울특별시,모바일거래,모바일게임서비스,무능력자계약
2023024124,2023-05-09,여자,20 - 29세,경기도,국내온라인거래,국외여행,계약해제.해지/위약금
2023024125,2023-05-09,남자,20 - 29세,충청북도,일반판매,헬스장,계약해제.해지/위약금
2023024126,2023-05-09,여자,20 - 29세,경기도,일반판매,태블릿PC,AS불만
2023024127,2023-05-09,남자,70 - 79세,대구광역시,일반판매,물호스,부당행위
2023024128,2023-05-09,남자,20 - 29세,부산광역시,방문판매,헬스장,계약해제.해지/위약금
2023024129,2023-05-09,남자,30 - 39세,서울특별시,일반판매,예식서비스,계약해제.해지/위약금
2023024130,2023-05-09,남자,20 - 29세,서울특별시,일반판매,헬스장,계약해제.해지/위약금
2023024131,2023-05-09,여자,50 - 59세,울산광역시,국내온라인거래,항공여객운송서비스,계약해제.해지/위약금
2023024132,2023-05-09,여자,50 - 59세,울산광역시,국내온라인거래,기타건강식품,안전(제품/시설)
2023024133,2023-05-09,남자,20 - 29세,인천광역시,국내온라인거래,펜션,청약철회
2023024134,2023-05-09,남자,65 - 69세,경기도,기타통신판매,기타공조·냉난방기기,품질(물품/용역)
2023024135,2023-05-09,여자,30 - 39세,경기도,일반판매,가구세트,청약철회
2023024136,2023-05-09,여자,30 - 39세,광주광역시,국내온라인거래,점퍼·재킷류,청약철회
2023024137,2023-05-09,남자,30 - 39세,경기도,국제온라인거래,기타사무용품,품질(물품/용역)
2023024138,2023-05-09,남자,30 - 39세,서울특별시,기타,이동전화서비스,계약해제.해지/위약금
2023024139,2023-05-09,여자,20 - 29세,대구광역시,국내온라인거래,전기충전기,AS불만
2023024140,2023-05-09,남자,50 - 59세,경상남도,일반판매,대리운전,계약불이행(불완전이행)
2023024141,2023-05-09,남자,40 - 49세,경기도,일반판매,라텍스매트리스,품질(물품/용역)
2023024142,2023-05-09,남자,70 - 79세,부산광역시,국내온라인거래,국외여행,계약해제.해지/위약금
2023024143,2023-05-09,여자,30 - 39세,부산광역시,소셜커머스(쇼핑),칫솔,청약철회
2023024144,2023-05-09,여자,30 - 39세,울산광역시,전화권유판매,기타정보통신,계약불이행(불완전이행)
2023024145,2023-05-09,남자,40 - 49세,경기도,국내온라인거래,USB,품질(물품/용역)
2023024146,2023-05-09,남자,50 - 59세,부산광역시,일반판매,신사화(구두·부츠 등),품질(물품/용역)
2023024147,2023-05-09,여자,40 - 49세,인천광역시,모바일거래,여자용내의류,품질(물품/용역)
2023024148,2023-05-09,남자,50 - 59세,경기도,일반판매,포장이사운송서비스,품질(물품/용역)
2023024149,2023-05-09,여자,50 - 59세,전라북도,일반판매,음식물처리기대여(렌트),AS불만
2023024150,2023-05-09,여자,30 - 39세,대전광역시,국내온라인거래,학생용가방,표시.광고
2023024151,2023-05-09,여자,40 - 49세,경상북도,국내온라인거래,애완동·식물용품,청약철회
2023024152,2023-05-09,여자,20 - 29세,서울특별시,모바일거래,항공여객운송서비스,청약철회
2023024153,2023-05-09,남자,20 - 29세,서울특별시,국내온라인거래,닭고기포장육,청약철회
2023024154,2023-05-09,여자,40 - 49세,경기도,방문판매,인터넷교육서비스,계약해제.해지/위약금
2023024155,2023-05-09,남자,30 - 39세,경상남도,국내온라인거래,각종공연관람,계약해제.해지/위약금
2023024156,2023-05-09,남자,20 - 29세,경상북도,국내온라인거래,오디오세트,AS불만
2023024157,2023-05-09,여자,40 - 49세,전라북도,소셜커머스(쇼핑),기타가방,계약불이행(불완전이행)
2023024158,2023-05-09,여자,40 - 49세,서울특별시,국내온라인거래,기타의류·섬유,청약철회
2023024159,2023-05-09,남자,30 - 39세,충청남도,일반판매,굴,안전(제품/시설)
2023024160,2023-05-09,여자,40 - 49세,부산광역시,방문판매,기타미분류물품,계약해제.해지/위약금
2023024161,2023-05-09,남자,20 - 29세,서울특별시,일반판매,헬스장,계약해제.해지/위약금
2023024162,2023-05-09,남자,30 - 39세,인천광역시,일반판매,외식,계약해제.해지/위약금
2023024163,2023-05-09,남자,30 - 39세,경기도,일반판매,포장이사운송서비스,품질(물품/용역)
2023024164,2023-05-09,남자,50 - 59세,서울특별시,일반판매,기타음식관련서비스,부당행위
2023024165,2023-05-09,여자,30 - 39세,인천광역시,방문판매,인터넷교육서비스,계약해제.해지/위약금
2023024166,2023-05-09,남자,40 - 49세,인천광역시,국내온라인거래,기타책상·테이블류,품질(물품/용역)
2023024167,2023-05-09,남자,40 - 49세,경기도,국내온라인거래,캐주얼바지,청약철회
2023024168,2023-05-09,여자,40 - 49세,경기도,국제온라인거래,기타숙박시설,계약해제.해지/위약금
2023024169,2023-05-09,여자,20 - 29세,대전광역시,일반판매,기타매체광고,청약철회
2023024170,2023-05-09,남자,40 - 49세,경기도,일반판매,이동전화서비스,품질(물품/용역)
2023024171,2023-05-09,남자,30 - 39세,제주도,국내온라인거래,그래픽카드,계약불이행(불완전이행)
2023024172,2023-05-09,여자,40 - 49세,경기도,전화권유판매,다이어트식품,청약철회
2023024173,2023-05-09,여자,40 - 49세,경기도,국내온라인거래,기타신발·용품,품질(물품/용역)
2023024174,2023-05-09,남자,40 - 49세,경기도,일반판매,시스템에어컨,안전(제품/시설)
2023024175,2023-05-09,남자,40 - 49세,부산광역시,국내온라인거래,키보드,품질(물품/용역)
2023024176,2023-05-09,여자,40 - 49세,부산광역시,일반판매,시계,AS불만
2023024177,2023-05-09,남자,40 - 49세,경기도,기타,차량용블랙박스,가격.요금
2023024178,2023-05-09,남자,20 - 29세,서울특별시,방문판매,헬스장,계약해제.해지/위약금
2023024179,2023-05-09,여자,40 - 49세,대구광역시,일반판매,기타시계류,품질(물품/용역)
2023024180,2023-05-09,남자,30 - 39세,서울특별시,국내온라인거래,코트,청약철회
2023024182,2023-05-09,남자,20 - 29세,서울특별시,일반판매,결혼준비대행서비스,계약해제.해지/위약금
2023024183,2023-05-09,여자,50 - 59세,경기도,기타,아파트,AS불만
2023024184,2023-05-09,여자,20 - 29세,서울특별시,일반판매,헬스장,계약해제.해지/위약금
2023024185,2023-05-09,남자,20 - 29세,서울특별시,모바일거래,버스여객운송서비스,계약불이행(불완전이행)
2023024186,2023-05-09,여자,40 - 49세,세종특별자치시,국내온라인거래,호텔,표시.광고
2023024187,2023-05-09,여자,40 - 49세,인천광역시,기타,이동전화서비스,부당행위
2023024188,2023-05-09,남자,30 - 39세,전라남도,국내온라인거래,기타문화·오락시설이용,청약철회
2023024189,2023-05-09,여자,50 - 59세,경기도,전화권유판매,실손보험,부당행위
2023024190,2023-05-09,여자,30 - 39세,경기도,방문판매,필라테스,계약해제.해지/위약금
2023024191,2023-05-09,여자,20 - 29세,대구광역시,일반판매,헬스장,계약해제.해지/위약금
2023024193,2023-05-09,여자,40 - 49세,경기도,기타,스마트폰,품질(물품/용역)
2023024194,2023-05-09,여자,20 - 29세,인천광역시,일반판매,필라테스,계약해제.해지/위약금
2023024195,2023-05-09,남자,40 - 49세,부산광역시,일반판매,소파,품질(물품/용역)
2023024196,2023-05-09,여자,40 - 49세,인천광역시,전화권유판매,인터넷정보이용서비스,계약불이행(불완전이행)
2023024197,2023-05-09,남자,20 - 29세,인천광역시,국내온라인거래,기타신발·용품,청약철회
2023024198,2023-05-09,남자,20 - 29세,경기도,일반판매,국외여행,부당행위
2023024199,2023-05-09,남자,20 - 29세,대구광역시,방문판매,헬스장,계약해제.해지/위약금
2023024200,2023-05-09,남자,40 - 49세,경기도,기타,상가·오피스텔임대차,계약불이행(불완전이행)
2023024201,2023-05-09,남자,50 - 59세,경기도,일반판매,변호서비스,계약해제.해지/위약금
2023024202,2023-05-09,남자,30 - 39세,경기도,일반판매,사진촬영,계약불이행(불완전이행)
2023024203,2023-05-09,남자,50 - 59세,경상북도,일반판매,종합체육시설회원권,계약해제.해지/위약금
2023024204,2023-05-09,여자,30 - 39세,서울특별시,일반판매,헬스장,계약불이행(불완전이행)
2023024205,2023-05-09,여자,20 - 29세,경기도,일반판매,기타미분류서비스,계약해제.해지/위약금
2023024206,2023-05-09,여자,30 - 39세,부산광역시,일반판매,전기온수장판,품질(물품/용역)
2023024207,2023-05-09,여자,40 - 49세,경기도,일반판매,기타인테리어설비,계약해제.해지/위약금
2023024208,2023-05-09,남자,30 - 39세,서울특별시,방문판매,결혼준비대행서비스,계약해제.해지/위약금
2023024209,2023-05-09,남자,30 - 39세,서울특별시,일반판매,택배화물운송서비스,품질(물품/용역)
2023024210,2023-05-09,남자,30 - 39세,서울특별시,일반판매,시스템에어컨,계약불이행(불완전이행)
2023024211,2023-05-09,남자,20 - 29세,서울특별시,일반판매,헬스장,계약해제.해지/위약금
2023024212,2023-05-09,여자,30 - 39세,서울특별시,국제온라인거래,항공여객운송서비스,계약해제.해지/위약금
2023024213,2023-05-09,남자,40 - 49세,서울특별시,기타,기타인테리어설비,품질(물품/용역)
2023024214,2023-05-09,여자,20 - 29세,광주광역시,일반판매,태블릿PC,AS불만
2023024215,2023-05-10,여자,30 - 39세,인천광역시,일반판매,상조서비스,가격.요금
2023024216,2023-05-10,남자,50 - 59세,경기도,국내온라인거래,기타서적음반류,품질(물품/용역)
2023024217,2023-05-10,남자,30 - 39세,서울특별시,국제온라인거래,항공여객운송서비스,계약불이행(불완전이행)
2023024218,2023-05-10,여자,20 - 29세,서울특별시,국내온라인거래,호텔,청약철회
2023024219,2023-05-10,여자,70 - 79세,경기도,일반판매,초고속인터넷,품질(물품/용역)
2023024220,2023-05-10,남자,30 - 39세,대구광역시,일반판매,오토바이,계약불이행(불완전이행)
2023024221,2023-05-10,남자,20 - 29세,제주도,일반판매,헬스장,계약해제.해지/위약금
2023024222,2023-05-10,남자,40 - 49세,서울특별시,일반판매,각종쿠폰류(무료통화권포함),계약해제.해지/위약금
2023024223,2023-05-10,여자,30 - 39세,서울특별시,일반판매,헬스장,계약해제.해지/위약금
2023024224,2023-05-10,남자,40 - 49세,경기도,일반판매,외과,품질(물품/용역)
2023024225,2023-05-10,여자,20 - 29세,부산광역시,일반판매,애완고양이,계약해제.해지/위약금
2023024226,2023-05-10,여자,50 - 59세,서울특별시,국내온라인거래,침대,청약철회
2023024227,2023-05-10,남자,20 - 29세,서울특별시,국내온라인거래,운동화,표시.광고
2023024229,2023-05-10,여자,30 - 39세,인천광역시,일반판매,소형승용자동차,품질(물품/용역)
2023024230,2023-05-10,남자,30 - 39세,경기도,국내온라인거래,항공여객운송서비스,계약불이행(불완전이행)
2023024231,2023-05-10,여자,40 - 49세,대구광역시,일반판매,기타이·미용서비스,계약불이행(불완전이행)
2023024232,2023-05-10,여자,30 - 39세,서울특별시,기타통신판매,미용서비스,품질(물품/용역)
2023024233,2023-05-10,여자,20 - 29세,부산광역시,방문판매,헬스장,계약해제.해지/위약금
2023024234,2023-05-10,여자,20 - 29세,경상남도,방문판매,종합체육시설회원권,계약해제.해지/위약금
2023024235,2023-05-10,남자,40 - 49세,경기도,일반판매,다목적승용차,AS불만
2023024236,2023-05-10,여자,30 - 39세,서울특별시,일반판매,수영장회원권,계약해제.해지/위약금
2023024238,2023-05-10,여자,40 - 49세,대전광역시,국내온라인거래,숙녀화(구두·부츠 등),청약철회
2023024240,2023-05-10,여자,30 - 39세,서울특별시,국내온라인거래,신유형상품권,계약해제.해지/위약금
2023024241,2023-05-10,남자,40 - 49세,경기도,국내온라인거래,각종쿠폰류(무료통화권포함),청약철회
2023024242,2023-05-10,여자,30 - 39세,서울특별시,국내온라인거래,숙녀화(구두·부츠 등),청약철회
2023024243,2023-05-10,여자,30 - 39세,울산광역시,국제온라인거래,항공여객운송서비스,계약해제.해지/위약금
2023024244,2023-05-10,여자,40 - 49세,서울특별시,모바일거래,기타숙박시설,계약해제.해지/위약금
2023024245,2023-05-10,남자,50 - 59세,충청북도,일반판매,보청기,계약해제.해지/위약금
2023024247,2023-05-10,여자,30 - 39세,경상북도,국내온라인거래,점퍼·재킷류,품질(물품/용역)
2023024248,2023-05-10,남자,30 - 39세,세종특별자치시,일반판매,양복(서양식 의복)세탁,품질(물품/용역)
2023024249,2023-05-10,여자,30 - 39세,서울특별시,국내온라인거래,소파,품질(물품/용역)
2023024250,2023-05-10,여자,불명,광주광역시,모바일거래,캐주얼바지,청약철회
2023024251,2023-05-10,남자,30 - 39세,제주도,일반판매,자동차수리·점검,부당행위
2023024252,2023-05-10,남자,40 - 49세,서울특별시,국내온라인거래,각종쿠폰류(무료통화권포함),청약철회
2023024253,2023-05-10,여자,40 - 49세,인천광역시,국내온라인거래,지갑,청약철회
2023024254,2023-05-10,여자,40 - 49세,경기도,국내온라인거래,여자용내의류,부당행위
2023024255,2023-05-10,여자,40 - 49세,서울특별시,일반판매,양복(서양식 의복)세탁,품질(물품/용역)
2023024256,2023-05-10,남자,30 - 39세,울산광역시,방문판매,정수기대여(렌트),부당행위
2023024257,2023-05-10,여자,60 - 64세,충청남도,일반판매,셔츠,품질(물품/용역)
2023024258,2023-05-10,남자,30 - 39세,경기도,기타통신판매,사진촬영,계약해제.해지/위약금
2023024260,2023-05-10,남자,40 - 49세,서울특별시,국내온라인거래,남자용내의류,청약철회
2023024262,2023-05-10,여자,40 - 49세,서울특별시,소셜커머스(쇼핑),기타숙박시설,표시.광고
2023024263,2023-05-10,남자,40 - 49세,서울특별시,일반판매,한의원,계약불이행(불완전이행)
2023024264,2023-05-10,남자,40 - 49세,경기도,일반판매,스마트폰,품질(물품/용역)
2023024265,2023-05-10,여자,50 - 59세,경기도,일반판매,전기자전거,품질(물품/용역)
2023024266,2023-05-10,여자,40 - 49세,서울특별시,TV홈쇼핑,국외여행,품질(물품/용역)
2023024267,2023-05-10,남자,70 - 79세,충청북도,일반판매,기타병·의원서비스,품질(물품/용역)
2023024268,2023-05-10,여자,50 - 59세,경기도,일반판매,여행용가방,품질(물품/용역)
2023024269,2023-05-10,여자,30 - 39세,경기도,일반판매,자동차세차,부당행위
2023024270,2023-05-10,남자,30 - 39세,서울특별시,일반판매,사진촬영,계약해제.해지/위약금
2023024271,2023-05-10,남자,30 - 39세,서울특별시,기타,신유형상품권,계약불이행(불완전이행)
2023024272,2023-05-10,여자,30 - 39세,부산광역시,국내온라인거래,양복(서양식 의복)세탁,품질(물품/용역)
2023024273,2023-05-10,남자,30 - 39세,경상북도,국내온라인거래,통신기기케이스,품질(물품/용역)
2023024274,2023-05-10,남자,30 - 39세,경기도,국내온라인거래,기타숙박시설,계약해제.해지/위약금
2023024275,2023-05-10,여자,30 - 39세,서울특별시,일반판매,전동킥보드,부당행위
2023024276,2023-05-10,남자,40 - 49세,경기도,일반판매,자동차수리·점검,부당행위
2023024277,2023-05-10,여자,50 - 59세,대구광역시,일반판매,점퍼·재킷류,품질(물품/용역)
2023024278,2023-05-10,여자,40 - 49세,경기도,기타통신판매,헬스장,계약해제.해지/위약금
2023024279,2023-05-10,여자,불명,충청남도,일반판매,코트,품질(물품/용역)
2023024280,2023-05-10,남자,70 - 79세,서울특별시,기타통신판매,국외여행,계약해제.해지/위약금
2023024281,2023-05-10,여자,80세이상,서울특별시,방문판매,기타건강식품,청약철회
2023024282,2023-05-10,여자,50 - 59세,울산광역시,일반판매,양복(서양식 의복)세탁,품질(물품/용역)
2023024283,2023-05-10,여자,20 - 29세,경기도,전화권유판매,모바일정보이용서비스,계약해제.해지/위약금
2023024284,2023-05-10,남자,40 - 49세,인천광역시,방문판매,상조서비스,계약해제.해지/위약금
2023024285,2023-05-10,남자,30 - 39세,경상북도,모바일거래,모바일게임서비스,품질(물품/용역)
2023024286,2023-05-10,남자,40 - 49세,서울특별시,일반판매,오토바이,계약불이행(불완전이행)
2023024287,2023-05-10,남자,30 - 39세,부산광역시,모바일거래,모바일정보이용서비스,청약철회
2023024288,2023-05-10,여자,50 - 59세,서울특별시,전화권유판매,유사투자자문,계약해제.해지/위약금
2023024289,2023-05-10,남자,65 - 69세,제주도,일반판매,기타병·의원서비스,단순문의.상담
2023024290,2023-05-10,여자,50 - 59세,충청북도,일반판매,기타병·의원서비스,품질(물품/용역)
2023024491,2023-05-11,남자,70 - 79세,서울특별시,기타,치과,품질(물품/용역)
2023024492,2023-05-11,남자,40 - 49세,충청북도,일반판매,이동전화서비스,청약철회
2023024493,2023-05-11,여자,20 - 29세,서울특별시,소셜커머스(쇼핑),점퍼·재킷류,품질(물품/용역)
2023024494,2023-05-11,여자,40 - 49세,경상남도,기타,이동전화서비스,계약불이행(불완전이행)
2023024496,2023-05-10,남자,30 - 39세,경상남도,기타,기타인테리어설비,계약해제.해지/위약금
2023024497,2023-05-10,여자,40 - 49세,서울특별시,일반판매,스포츠웨어,품질(물품/용역)
2023024498,2023-05-10,여자,30 - 39세,인천광역시,일반판매,필라테스,계약해제.해지/위약금
2023024499,2023-05-10,여자,30 - 39세,서울특별시,국내온라인거래,이불·침대커버,청약철회
2023024500,2023-05-10,남자,40 - 49세,경기도,일반판매,피부·체형관리서비스,계약해제.해지/위약금
2023024501,2023-05-10,여자,30 - 39세,경기도,일반판매,아파트,계약해제.해지/위약금
2023024502,2023-05-10,남자,40 - 49세,서울특별시,국내온라인거래,옷장,품질(물품/용역)
2023024503,2023-05-10,남자,30 - 39세,서울특별시,일반판매,수영장회원권,계약해제.해지/위약금
2023024504,2023-05-10,남자,20 - 29세,경기도,국내온라인거래,일반강습(입시학원등),계약해제.해지/위약금
2023024505,2023-05-10,여자,40 - 49세,경기도,국내온라인거래,닭고기,청약철회
2023024506,2023-05-10,여자,40 - 49세,부산광역시,국내온라인거래,스포츠웨어,청약철회
2023024507,2023-05-10,남자,불명,경기도,국내온라인거래,이동전화서비스,청약철회
2023024508,2023-05-10,남자,40 - 49세,경기도,국내온라인거래,책장·서가,청약철회
2023024509,2023-05-10,여자,30 - 39세,울산광역시,방문판매,헬스장,계약해제.해지/위약금
2023024510,2023-05-10,여자,40 - 49세,서울특별시,국내온라인거래,신유형상품권,계약불이행(불완전이행)
2023024511,2023-05-10,여자,20 - 29세,서울특별시,국내온라인거래,건물청소서비스,계약해제.해지/위약금
2023024512,2023-05-10,여자,30 - 39세,경기도,일반판매,요가,계약해제.해지/위약금
2023024513,2023-05-10,남자,30 - 39세,울산광역시,방문판매,CCTV,계약해제.해지/위약금
2023024514,2023-05-10,남자,30 - 39세,서울특별시,방문판매,헬스장,계약해제.해지/위약금
2023024515,2023-05-10,여자,20 - 29세,경기도,일반판매,기타일반화장품,청약철회
2023024516,2023-05-10,여자,30 - 39세,경기도,TV홈쇼핑,기타건강식품,품질(물품/용역)
2023024517,2023-05-10,남자,40 - 49세,서울특별시,기타,시계,품질(물품/용역)
2023024518,2023-05-10,남자,60 - 64세,경기도,국내온라인거래,침대,계약해제.해지/위약금
2023024519,2023-05-10,남자,30 - 39세,서울특별시,기타통신판매,벽지·바닥재,품질(물품/용역)
2023024520,2023-05-10,여자,30 - 39세,부산광역시,방문판매,정수기대여(렌트),청약철회
2023024521,2023-05-10,남자,40 - 49세,경기도,일반판매,묘지설비,계약해제.해지/위약금
2023024522,2023-05-10,남자,30 - 39세,경기도,기타,인터넷정보이용서비스,품질(물품/용역)
2023024523,2023-05-10,여자,20 - 29세,경상남도,국내온라인거래,기타숙박시설,계약해제.해지/위약금
2023024524,2023-05-10,여자,30 - 39세,경기도,일반판매,결혼준비대행서비스,계약불이행(불완전이행)
2023024525,2023-05-10,여자,20 - 29세,서울특별시,일반판매,메이크업강습,계약해제.해지/위약금
2023024526,2023-05-10,남자,40 - 49세,경상북도,방문판매,학습지,계약해제.해지/위약금
2023024527,2023-05-10,남자,30 - 39세,경기도,일반판매,떡류,거래관행
2023024528,2023-05-10,남자,30 - 39세,경기도,국내온라인거래,기타의류·섬유,청약철회
2023024529,2023-05-10,여자,40 - 49세,경기도,일반판매,요가,계약해제.해지/위약금
2023024530,2023-05-10,남자,50 - 59세,서울특별시,기타통신판매,국내결혼중개,계약해제.해지/위약금
2023024531,2023-05-10,남자,30 - 39세,서울특별시,기타,예식서비스,청약철회
2023024532,2023-05-10,여자,60 - 64세,서울특별시,국내온라인거래,전기포트,품질(물품/용역)
2023024533,2023-05-10,남자,50 - 59세,서울특별시,일반판매,골프회원권,계약해제.해지/위약금
2023024534,2023-05-10,여자,40 - 49세,서울특별시,일반판매,침대,품질(물품/용역)
2023024535,2023-05-10,남자,30 - 39세,대전광역시,일반판매,헬스장,계약해제.해지/위약금
2023024537,2023-05-10,남자,40 - 49세,서울특별시,일반판매,이동전화서비스,계약불이행(불완전이행)
2023024538,2023-05-10,남자,20 - 29세,전라북도,국내온라인거래,기타의류·섬유,청약철회
2023024539,2023-05-10,남자,50 - 59세,경기도,소셜커머스(쇼핑),전기맛사지기,품질(물품/용역)
2023024540,2023-05-10,여자,20 - 29세,부산광역시,기타,헬스장,계약불이행(불완전이행)
2023024541,2023-05-10,여자,20 - 29세,서울특별시,기타,항공여객운송서비스,계약불이행(불완전이행)
2023024542,2023-05-10,여자,30 - 39세,경기도,국내온라인거래,컴퓨터S/W개발(홈페이지제작),계약해제.해지/위약금
2023024543,2023-05-10,여자,30 - 39세,전라남도,일반판매,이동전화서비스,계약불이행(불완전이행)
2023024544,2023-05-10,여자,30 - 39세,서울특별시,모바일거래,보석·귀금속,계약불이행(불완전이행)
2023024545,2023-05-10,남자,20 - 29세,경기도,일반판매,헬스장,계약해제.해지/위약금
2023024546,2023-05-10,남자,40 - 49세,경기도,국내온라인거래,기타알선·중개·번역서비스,계약해제.해지/위약금
2023024547,2023-05-10,여자,30 - 39세,서울특별시,일반판매,결혼준비대행서비스,계약해제.해지/위약금
2023024548,2023-05-10,남자,40 - 49세,서울특별시,기타,콘도회원권,계약불이행(불완전이행)
2023024549,2023-05-10,여자,40 - 49세,경상남도,기타,학습지,계약불이행(불완전이행)
2023024550,2023-05-10,여자,30 - 39세,경기도,일반판매,수영장회원권,계약해제.해지/위약금
2023024551,2023-05-10,남자,30 - 39세,경기도,모바일거래,기타여행,계약해제.해지/위약금
2023024552,2023-05-10,여자,40 - 49세,대구광역시,기타,컴퓨터수리,부당행위
2023024553,2023-05-10,남자,20 - 29세,서울특별시,국내온라인거래,기타서적음반류,청약철회
2023024554,2023-05-10,남자,30 - 39세,경상남도,일반판매,신발세탁,품질(물품/용역)
2023024556,2023-05-10,여자,30 - 39세,서울특별시,일반판매,포장이사운송서비스,품질(물품/용역)
2023024557,2023-05-10,여자,40 - 49세,대구광역시,기타,인터넷게임서비스,무능력자계약
2023024558,2023-05-10,여자,40 - 49세,경기도,국내온라인거래,원피스,품질(물품/용역)
2023024559,2023-05-10,여자,20 - 29세,서울특별시,모바일거래,통신기기케이스,청약철회
2023024560,2023-05-10,남자,70 - 79세,경상남도,일반판매,이동전화서비스,계약해제.해지/위약금
2023024561,2023-05-10,남자,30 - 39세,서울특별시,기타,포장이사운송서비스,품질(물품/용역)
2023024562,2023-05-10,여자,30 - 39세,울산광역시,일반판매,미용서비스,계약해제.해지/위약금
2023024563,2023-05-10,남자,30 - 39세,울산광역시,모바일거래,모바일게임서비스,계약해제.해지/위약금
2023024564,2023-05-10,남자,30 - 39세,경상남도,일반판매,신발세탁,품질(물품/용역)
2023024565,2023-05-10,여자,30 - 39세,경기도,국내온라인거래,할인회원권,계약해제.해지/위약금
2023024566,2023-05-10,여자,40 - 49세,충청남도,일반판매,학습지,청약철회
2023024568,2023-05-10,여자,30 - 39세,인천광역시,방문판매,인터넷교육서비스,계약해제.해지/위약금
2023024569,2023-05-10,여자,20 - 29세,서울특별시,국내온라인거래,호텔,가격.요금
2023024570,2023-05-10,여자,30 - 39세,충청남도,일반판매,피부·체형관리서비스,계약해제.해지/위약금
2023024571,2023-05-10,여자,30 - 39세,경상남도,모바일거래,항공여객운송서비스,계약해제.해지/위약금
2023024572,2023-05-10,여자,40 - 49세,인천광역시,국내온라인거래,기타식생활기기,품질(물품/용역)
2023024573,2023-05-10,남자,50 - 59세,경기도,국내온라인거래,기타보건·위생용품,표시.광고
2023024574,2023-05-10,여자,20 - 29세,경기도,방문판매,화장실설비,가격.요금
2023024575,2023-05-10,남자,30 - 39세,서울특별시,방문판매,헬스장,계약해제.해지/위약금
2023024576,2023-05-10,여자,20 - 29세,경기도,일반판매,헬스장,계약불이행(불완전이행)
2023024578,2023-05-10,여자,40 - 49세,서울특별시,방문판매,헬스장,계약해제.해지/위약금
2023024579,2023-05-10,남자,40 - 49세,경기도,국내온라인거래,카메라부품·용품,계약불이행(불완전이행)
2023024580,2023-05-10,남자,30 - 39세,서울특별시,국내온라인거래,기타조명기기,계약불이행(불완전이행)
2023024581,2023-05-10,여자,30 - 39세,강원특별자치도,일반판매,필라테스,계약해제.해지/위약금
2023024582,2023-05-10,여자,50 - 59세,전라남도,일반판매,미용서비스,부당행위
2023024583,2023-05-10,여자,30 - 39세,서울특별시,일반판매,미용서비스,품질(물품/용역)
2023024584,2023-05-10,남자,50 - 59세,인천광역시,후원방문판매,인터넷교육서비스,계약불이행(불완전이행)
2023024585,2023-05-10,남자,20 - 29세,대전광역시,일반판매,헬스장,계약해제.해지/위약금
2023024586,2023-05-10,여자,30 - 39세,서울특별시,기타,무선인터넷,부당행위
2023024587,2023-05-10,남자,20 - 29세,인천광역시,국내온라인거래,기타놀이·게임기구,계약불이행(불완전이행)
2023024588,2023-05-10,남자,30 - 39세,충청남도,모바일거래,기타숙박시설,표시.광고
2023024589,2023-05-10,여자,30 - 39세,부산광역시,일반판매,미용서비스,계약해제.해지/위약금
2023024590,2023-05-10,여자,30 - 39세,서울특별시,방문판매,결혼준비대행서비스,청약철회
2023024591,2023-05-10,남자,30 - 39세,경기도,일반판매,양복(서양식 의복)세탁,청약철회
2023024592,2023-05-10,여자,30 - 39세,광주광역시,일반판매,필라테스,계약해제.해지/위약금
2023024593,2023-05-10,여자,40 - 49세,경상남도,국내온라인거래,기타신발·용품,품질(물품/용역)
2023024594,2023-05-10,여자,30 - 39세,충청북도,국내온라인거래,기타신발·용품,계약불이행(불완전이행)
2023024595,2023-05-10,여자,20 - 29세,경기도,일반판매,미용서비스,계약해제.해지/위약금
2023024596,2023-05-11,남자,20 - 29세,서울특별시,기타통신판매,전동킥보드,부당행위
2023024597,2023-05-11,여자,30 - 39세,경상북도,일반판매,대형승용자동차,안전(제품/시설)
2023024598,2023-05-11,여자,30 - 39세,서울특별시,기타,헬스장,계약해제.해지/위약금
2023024599,2023-05-11,남자,40 - 49세,경기도,전화권유판매,초고속인터넷,계약불이행(불완전이행)
2023024600,2023-05-11,남자,40 - 49세,경기도,일반판매,학습지,계약해제.해지/위약금
2023024601,2023-05-11,남자,65 - 69세,경기도,일반판매,일반이사운송서비스,부당행위
2023024603,2023-05-11,남자,60 - 64세,서울특별시,일반판매,변호서비스,계약해제.해지/위약금
2023024604,2023-05-11,여자,40 - 49세,경기도,국내온라인거래,카메라부품·용품,청약철회
2023024605,2023-05-11,남자,65 - 69세,경기도,일반판매,건강(암·기타질병)보험,약관
2023024608,2023-05-11,남자,50 - 59세,경기도,전화권유판매,유사투자자문,계약해제.해지/위약금
2023024609,2023-05-11,여자,50 - 59세,서울특별시,국내온라인거래,양복(서양식 의복)세탁,품질(물품/용역)
2023024610,2023-05-11,여자,50 - 59세,경상남도,전화권유판매,유사투자자문,계약해제.해지/위약금
2023024611,2023-05-11,여자,50 - 59세,서울특별시,일반판매,제조물·생산및영업배상보험,약관
2023024612,2023-05-11,여자,30 - 39세,경기도,기타통신판매,신유형상품권,청약철회
2023024613,2023-05-11,남자,30 - 39세,서울특별시,국제온라인거래,항공여객운송서비스,청약철회
2023024614,2023-05-11,남자,40 - 49세,서울특별시,일반판매,TV,AS불만
2023024615,2023-05-11,여자,40 - 49세,광주광역시,국내온라인거래,신유형상품권,청약철회
2023024616,2023-05-11,남자,40 - 49세,서울특별시,기타통신판매,미분류대여(렌트),계약해제.해지/위약금
2023024617,2023-05-11,남자,40 - 49세,경기도,일반판매,자동차보험,계약불이행(불완전이행)
2023024618,2023-05-11,여자,20 - 29세,대전광역시,일반판매,헬스장,계약해제.해지/위약금
2023024619,2023-05-11,남자,20 - 29세,경상남도,국내온라인거래,도어록,품질(물품/용역)
2023024620,2023-05-11,여자,50 - 59세,경기도,일반판매,점퍼·재킷류,품질(물품/용역)
2023024621,2023-05-11,남자,20 - 29세,서울특별시,일반판매,이동전화서비스,가격.요금
2023024622,2023-05-11,여자,30 - 39세,제주도,국내온라인거래,주방세트,품질(물품/용역)
2023024623,2023-05-11,여자,50 - 59세,서울특별시,일반판매,콘도회원권,계약해제.해지/위약금
2023024624,2023-05-11,여자,40 - 49세,경기도,일반판매,양복(서양식 의복)세탁,품질(물품/용역)
2023024625,2023-05-11,남자,20 - 29세,경기도,일반판매,예식서비스,계약해제.해지/위약금
2023024626,2023-05-11,여자,50 - 59세,경기도,TV홈쇼핑,신사복세트,품질(물품/용역)
2023024627,2023-05-11,여자,60 - 64세,부산광역시,방문판매,실손보험,계약불이행(불완전이행)
2023024628,2023-05-11,남자,50 - 59세,경기도,일반판매,실손보험,약관
2023024629,2023-05-11,남자,40 - 49세,세종특별자치시,일반판매,고시원이용,계약해제.해지/위약금
2023024630,2023-05-11,남자,40 - 49세,서울특별시,국내온라인거래,셔츠,청약철회
2023024631,2023-05-11,여자,40 - 49세,경상남도,일반판매,양복(서양식 의복)세탁,품질(물품/용역)
2023024632,2023-05-11,여자,20 - 29세,경기도,전화권유판매,상조서비스,계약해제.해지/위약금
2023024633,2023-05-11,여자,50 - 59세,경기도,국내온라인거래,기타건강식품,품질(물품/용역)
2023024634,2023-05-11,여자,불명,경기도,일반판매,자동차대여(렌트),계약해제.해지/위약금
2023024635,2023-05-11,여자,20 - 29세,서울특별시,일반판매,농축과즙,안전(제품/시설)
2023024636,2023-05-11,남자,40 - 49세,경기도,소셜커머스(쇼핑),전기장판,품질(물품/용역)
2023024637,2023-05-11,남자,50 - 59세,경기도,일반판매,대형승용자동차,품질(물품/용역)
2023024638,2023-05-11,여자,40 - 49세,경기도,국내온라인거래,이유식,계약불이행(불완전이행)
2023024639,2023-05-11,남자,30 - 39세,경기도,일반판매,예식서비스,계약해제.해지/위약금
2023024640,2023-05-11,여자,60 - 64세,서울특별시,방문판매,천마제품,품질(물품/용역)
2023024641,2023-05-11,남자,50 - 59세,경기도,방문판매,상조서비스,계약해제.해지/위약금
2023024642,2023-05-11,여자,30 - 39세,부산광역시,일반판매,피부·체형관리서비스,계약해제.해지/위약금
2023024643,2023-05-11,여자,30 - 39세,전라남도,국내온라인거래,점퍼·재킷류,품질(물품/용역)
2023024644,2023-05-11,남자,20 - 29세,충청남도,전화권유판매,모바일정보이용서비스,계약해제.해지/위약금
2023024645,2023-05-11,남자,40 - 49세,경상북도,일반판매,타이어,품질(물품/용역)
2023024648,2023-05-11,남자,65 - 69세,경기도,일반판매,예식서비스,계약해제.해지/위약금
2023024649,2023-05-11,여자,20 - 29세,경기도,일반판매,양복(서양식 의복)세탁,품질(물품/용역)
2023024650,2023-05-11,여자,30 - 39세,경기도,국내온라인거래,모바일정보이용서비스,계약해제.해지/위약금
2023024651,2023-05-11,여자,60 - 64세,충청남도,전화권유판매,인터넷정보이용서비스,계약해제.해지/위약금
2023024652,2023-05-11,남자,40 - 49세,인천광역시,국내온라인거래,스마트폰,계약불이행(불완전이행)
2023024653,2023-05-11,여자,60 - 64세,서울특별시,일반판매,캐주얼바지,품질(물품/용역)
2023024654,2023-05-11,여자,30 - 39세,경기도,국내온라인거래,항공여객운송서비스,청약철회
2023024655,2023-05-11,여자,40 - 49세,경기도,국내온라인거래,양복(서양식 의복)세탁,품질(물품/용역)
2023024656,2023-05-11,남자,20 - 29세,서울특별시,모바일거래,자동차대여(렌트),계약해제.해지/위약금
2023024657,2023-05-11,남자,30 - 39세,서울특별시,국내온라인거래,전동킥보드,품질(물품/용역)
2023024658,2023-05-11,여자,50 - 59세,경기도,일반판매,시계,AS불만
2023024659,2023-05-11,여자,40 - 49세,경기도,일반판매,양복(서양식 의복)세탁,품질(물품/용역)
2023024660,2023-05-11,남자,40 - 49세,경기도,일반판매,양복(서양식 의복)세탁,품질(물품/용역)
2023024661,2023-05-11,남자,10 - 19세,경기도,일반판매,컴퓨터수리,계약해제.해지/위약금
2023024662,2023-05-11,남자,70 - 79세,경기도,모바일거래,모바일게임서비스,부당행위
2023024663,2023-05-11,남자,65 - 69세,서울특별시,일반판매,골프용품,AS불만
2023024664,2023-05-11,여자,30 - 39세,경기도,일반판매,양복(서양식 의복)세탁,품질(물품/용역)
2023024665,2023-05-11,여자,65 - 69세,서울특별시,일반판매,재활의학과,품질(물품/용역)
2023024666,2023-05-11,남자,30 - 39세,서울특별시,일반판매,일반강습(입시학원등),계약해제.해지/위약금
2023024667,2023-05-11,여자,30 - 39세,경기도,국내온라인거래,캐주얼바지,품질(물품/용역)
2023024668,2023-05-11,여자,50 - 59세,서울특별시,일반판매,아파트,계약불이행(불완전이행)
2023024669,2023-05-11,남자,30 - 39세,전라북도,국제온라인거래,신유형상품권,부당행위
2023024670,2023-05-11,남자,50 - 59세,서울특별시,일반판매,스마트폰,AS불만
2023024671,2023-05-11,남자,40 - 49세,서울특별시,전화권유판매,유사투자자문,계약해제.해지/위약금
2023024672,2023-05-11,여자,30 - 39세,부산광역시,일반판매,핸드백,품질(물품/용역)
2023024673,2023-05-11,여자,30 - 39세,서울특별시,일반판매,헬스장,계약해제.해지/위약금
2023024674,2023-05-11,여자,40 - 49세,서울특별시,일반판매,건강(암·기타질병)보험,약관
2023024675,2023-05-11,남자,65 - 69세,서울특별시,일반판매,이동전화서비스,계약불이행(불완전이행)
2023024676,2023-05-11,여자,40 - 49세,경기도,일반판매,산부인과,품질(물품/용역)
2023024677,2023-05-11,여자,20 - 29세,서울특별시,일반판매,성형외과,품질(물품/용역)
2023024678,2023-05-11,여자,30 - 39세,서울특별시,일반판매,상품권,계약불이행(불완전이행)
2023024679,2023-05-11,남자,20 - 29세,서울특별시,일반판매,양복(서양식 의복)세탁,품질(물품/용역)
2023024680,2023-05-11,여자,50 - 59세,인천광역시,일반판매,니트(스웨터),품질(물품/용역)
2023024681,2023-05-11,여자,40 - 49세,대구광역시,국내온라인거래,니트(스웨터),계약불이행(불완전이행)
2023024682,2023-05-11,남자,30 - 39세,경기도,일반판매,기타회원권,계약해제.해지/위약금
2023024683,2023-05-11,여자,30 - 39세,대전광역시,일반판매,예식서비스,계약해제.해지/위약금
2023024684,2023-05-11,여자,20 - 29세,경기도,일반판매,테니스장스쿼시회원권,계약해제.해지/위약금
2023024685,2023-05-11,남자,30 - 39세,경상남도,일반판매,골프회원권,계약해제.해지/위약금
2023024686,2023-05-11,남자,30 - 39세,서울특별시,일반판매,종합체육시설회원권,계약해제.해지/위약금
2023024687,2023-05-11,여자,50 - 59세,서울특별시,일반판매,필라테스,계약해제.해지/위약금
2023024688,2023-05-11,여자,40 - 49세,경기도,일반판매,헬스장,계약해제.해지/위약금
2023024689,2023-05-11,여자,20 - 29세,서울특별시,일반판매,요가,계약해제.해지/위약금
2023024691,2023-05-11,여자,30 - 39세,경상북도,일반판매,국내결혼중개,계약해제.해지/위약금
2023024692,2023-05-11,여자,30 - 39세,경기도,일반판매,헬스장,계약해제.해지/위약금
2023024693,2023-05-11,여자,50 - 59세,경상남도,국내온라인거래,스포츠웨어,계약불이행(불완전이행)
2023024694,2023-05-11,여자,30 - 39세,경기도,국내온라인거래,샌들·슬리퍼,계약불이행(불완전이행)
2023024695,2023-05-11,여자,30 - 39세,인천광역시,일반판매,소파,청약철회
2023024696,2023-05-11,여자,30 - 39세,서울특별시,일반판매,헬스장,계약해제.해지/위약금
2023024697,2023-05-11,여자,40 - 49세,대전광역시,일반판매,필라테스,계약해제.해지/위약금
2023024698,2023-05-11,여자,20 - 29세,서울특별시,일반판매,헬스장,계약해제.해지/위약금
2023024699,2023-05-11,여자,30 - 39세,경기도,국내온라인거래,티셔츠,품질(물품/용역)
2023024700,2023-05-11,여자,40 - 49세,울산광역시,방문판매,방문교육,계약해제.해지/위약금
2023024701,2023-05-11,여자,30 - 39세,충청남도,국내온라인거래,숙녀복세트,품질(물품/용역)
2023024702,2023-05-11,남자,30 - 39세,경기도,방문판매,일반이사운송서비스,품질(물품/용역)
2023024703,2023-05-11,여자,20 - 29세,대구광역시,일반판매,기타신발·용품,계약불이행(불완전이행)
2023024704,2023-05-11,남자,20 - 29세,서울특별시,국내온라인거래,기타관리서비스,계약해제.해지/위약금
2023024705,2023-05-11,남자,20 - 29세,제주도,일반판매,헬스장,계약해제.해지/위약금
2023024706,2023-05-11,여자,50 - 59세,충청남도,일반판매,음식물처리기대여(렌트),계약해제.해지/위약금
2023024707,2023-05-11,여자,30 - 39세,부산광역시,국내온라인거래,인터넷교육서비스,계약해제.해지/위약금
2023024708,2023-05-11,여자,20 - 29세,경기도,방문판매,헬스장,계약해제.해지/위약금
2023024710,2023-05-11,여자,40 - 49세,경기도,일반판매,필라테스,계약해제.해지/위약금
2023024711,2023-05-11,남자,30 - 39세,서울특별시,국내온라인거래,국외여행,계약불이행(불완전이행)
2023024712,2023-05-11,남자,40 - 49세,경기도,국내온라인거래,환풍기,이자.수수료
2023024713,2023-05-11,남자,70 - 79세,경기도,국내온라인거래,블루투스스피커,품질(물품/용역)
2023024714,2023-05-11,남자,20 - 29세,경기도,방문판매,헬스장,계약해제.해지/위약금
2023024715,2023-05-11,남자,50 - 59세,경기도,국내온라인거래,항공여객운송서비스,계약해제.해지/위약금
2023024716,2023-05-11,남자,50 - 59세,서울특별시,국제온라인거래,공업용기계,부당행위
2023024717,2023-05-11,여자,30 - 39세,전라북도,일반판매,헬스장,계약해제.해지/위약금
2023024718,2023-05-11,남자,30 - 39세,서울특별시,국내온라인거래,펜션,품질(물품/용역)
2023024719,2023-05-11,여자,40 - 49세,서울특별시,일반판매,테니스장스쿼시회원권,계약해제.해지/위약금
2023024721,2023-05-11,여자,40 - 49세,서울특별시,일반판매,사진촬영,계약해제.해지/위약금
2023024722,2023-05-11,남자,50 - 59세,인천광역시,국내온라인거래,소프트웨어,계약해제.해지/위약금
2023024723,2023-05-11,여자,30 - 39세,경기도,국내온라인거래,기타음향기기,계약불이행(불완전이행)
2023024724,2023-05-11,여자,40 - 49세,경기도,국내온라인거래,미분류대여(렌트),계약해제.해지/위약금
2023024725,2023-05-11,여자,40 - 49세,경기도,방문판매,기타일반화장품,계약해제.해지/위약금
2023024726,2023-05-11,여자,30 - 39세,경기도,국내온라인거래,기타숙박시설,계약해제.해지/위약금
2023024727,2023-05-11,여자,40 - 49세,인천광역시,방문판매,포장이사운송서비스,품질(물품/용역)
2023024728,2023-05-11,여자,30 - 39세,서울특별시,일반판매,신발세탁,품질(물품/용역)
2023024729,2023-05-11,여자,20 - 29세,부산광역시,국내온라인거래,여행용가방,청약철회
2023024730,2023-05-11,여자,50 - 59세,강원특별자치도,기타,사진촬영,계약해제.해지/위약금
2023024731,2023-05-11,남자,30 - 39세,서울특별시,일반판매,모바일정보이용서비스,청약철회
2023024732,2023-05-11,남자,30 - 39세,경기도,국내온라인거래,통신기기케이스,품질(물품/용역)
2023024733,2023-05-11,여자,40 - 49세,서울특별시,국내온라인거래,노트북컴퓨터,청약철회
2023024734,2023-05-11,여자,30 - 39세,인천광역시,일반판매,고시원이용,계약해제.해지/위약금
2023024735,2023-05-11,여자,30 - 39세,제주도,일반판매,헬스장,계약해제.해지/위약금
2023024736,2023-05-11,여자,20 - 29세,서울특별시,국내온라인거래,각종공연관람,부당행위
2023024737,2023-05-11,남자,40 - 49세,경기도,국내온라인거래,초고속인터넷,부당행위
2023024738,2023-05-11,남자,40 - 49세,대전광역시,국내온라인거래,기타미분류물품,계약불이행(불완전이행)
2023024739,2023-05-11,여자,40 - 49세,경상북도,기타,학습지,계약해제.해지/위약금
2023024740,2023-05-11,여자,40 - 49세,대구광역시,국내온라인거래,기타신변용품,청약철회
2023024741,2023-05-11,여자,30 - 39세,경기도,모바일거래,기타이·미용서비스,계약불이행(불완전이행)
2023024742,2023-05-11,남자,50 - 59세,서울특별시,국내온라인거래,가스에어컨,품질(물품/용역)
2023024743,2023-05-11,남자,40 - 49세,전라남도,기타,전자담배,품질(물품/용역)
2023024745,2023-05-11,남자,30 - 39세,서울특별시,일반판매,헬스장,계약해제.해지/위약금
2023024746,2023-05-11,남자,30 - 39세,경기도,국내온라인거래,냄비,계약불이행(불완전이행)
2023024747,2023-05-11,여자,30 - 39세,부산광역시,국내온라인거래,모기향,청약철회
2023024748,2023-05-11,여자,30 - 39세,경상남도,국내온라인거래,인터넷교육서비스,계약해제.해지/위약금
2023024749,2023-05-11,여자,30 - 39세,광주광역시,일반판매,침대,AS불만
2023024751,2023-05-11,남자,80세이상,경상남도,전화권유판매,이동전화서비스,계약불이행(불완전이행)
2023024752,2023-05-11,남자,40 - 49세,서울특별시,국내온라인거래,국내결혼중개,계약불이행(불완전이행)
2023024753,2023-05-11,여자,40 - 49세,경기도,국내온라인거래,전기온수장판,안전(제품/시설)
2023024754,2023-05-11,남자,20 - 29세,인천광역시,모바일거래,기타미분류서비스,계약해제.해지/위약금
2023024755,2023-05-11,여자,30 - 39세,인천광역시,일반판매,필라테스,계약해제.해지/위약금
2023024756,2023-05-11,남자,30 - 39세,전라남도,기타통신판매,기타숙박시설,계약해제.해지/위약금
2023024757,2023-05-11,남자,30 - 39세,광주광역시,전화권유판매,국내결혼중개,계약해제.해지/위약금
2023024758,2023-05-11,여자,30 - 39세,경기도,국내온라인거래,국외여행,가격.요금
2023024759,2023-05-12,여자,60 - 64세,부산광역시,일반판매,건강(암·기타질병)보험,약관
2023024760,2023-05-12,여자,30 - 39세,서울특별시,일반판매,종합체육시설회원권,계약해제.해지/위약금
2023024761,2023-05-12,여자,10 - 19세,대구광역시,일반판매,필라테스,계약해제.해지/위약금
2023024763,2023-05-12,여자,20 - 29세,서울특별시,일반판매,기타세탁서비스,품질(물품/용역)
2023024764,2023-05-12,여자,50 - 59세,경기도,일반판매,대형승용자동차,품질(물품/용역)
2023024765,2023-05-12,여자,40 - 49세,경상북도,일반판매,중형승용자동차,부당행위
2023024767,2023-05-12,여자,30 - 39세,경기도,국내온라인거래,침대,계약불이행(불완전이행)
2023024768,2023-05-12,여자,30 - 39세,경기도,국내온라인거래,국내여행,계약불이행(불완전이행)
2023024769,2023-05-12,여자,30 - 39세,대구광역시,일반판매,유사투자자문,계약해제.해지/위약금
2023024770,2023-05-12,남자,50 - 59세,충청남도,일반판매,기타묘목·모종·종자,품질(물품/용역)
2023024771,2023-05-12,여자,20 - 29세,경기도,일반판매,결혼준비대행서비스,계약불이행(불완전이행)
2023024772,2023-05-12,남자,40 - 49세,대전광역시,국내온라인거래,전기진공청소기,청약철회
2023024773,2023-05-12,남자,20 - 29세,부산광역시,국내온라인거래,자동차대여(렌트),계약해제.해지/위약금
2023024774,2023-05-12,여자,30 - 39세,경기도,국내온라인거래,캐주얼바지,청약철회
2023024775,2023-05-12,여자,40 - 49세,서울특별시,국내온라인거래,점퍼·재킷류,품질(물품/용역)
2023024777,2023-05-12,여자,30 - 39세,서울특별시,일반판매,헬스장,계약해제.해지/위약금
2023024778,2023-05-12,남자,20 - 29세,서울특별시,국내온라인거래,전동킥보드,품질(물품/용역)
2023024779,2023-05-12,남자,50 - 59세,대구광역시,일반판매,치과,가격.요금
2023024780,2023-05-12,남자,70 - 79세,서울특별시,일반판매,시계,품질(물품/용역)
2023024782,2023-05-12,남자,40 - 49세,경상남도,일반판매,대형승용자동차,품질(물품/용역)
2023024783,2023-05-12,여자,40 - 49세,경기도,일반판매,한의원,계약해제.해지/위약금
2023024784,2023-05-12,여자,30 - 39세,서울특별시,일반판매,운동화,계약불이행(불완전이행)
2023024785,2023-05-12,여자,40 - 49세,강원특별자치도,일반판매,양복(서양식 의복)세탁,품질(물품/용역)
2023024786,2023-05-12,여자,40 - 49세,강원특별자치도,일반판매,양복(서양식 의복)세탁,품질(물품/용역)
2023024787,2023-05-12,남자,50 - 59세,경상남도,기타,이동전화서비스,부당행위
2023024788,2023-05-12,여자,30 - 39세,부산광역시,일반판매,펜션,계약해제.해지/위약금
2023024789,2023-05-12,여자,30 - 39세,인천광역시,일반판매,양복(서양식 의복)세탁,품질(물품/용역)
2023024790,2023-05-12,남자,60 - 64세,대구광역시,일반판매,중형승용자동차,품질(물품/용역)
2023024791,2023-05-12,남자,50 - 59세,대구광역시,일반판매,양복(서양식 의복)세탁,품질(물품/용역)
2023024792,2023-05-12,여자,40 - 49세,경상남도,일반판매,양복(서양식 의복)세탁,계약불이행(불완전이행)
2023024793,2023-05-12,여자,20 - 29세,대전광역시,국내온라인거래,샌들·슬리퍼,청약철회
2023024794,2023-05-12,남자,50 - 59세,충청남도,국내온라인거래,티셔츠,표시.광고
2023024795,2023-05-12,남자,40 - 49세,대전광역시,국내온라인거래,전동킥보드,안전(제품/시설)
2023024796,2023-05-12,남자,30 - 39세,경기도,국제온라인거래,양복(서양식 의복)세탁,품질(물품/용역)
2023024797,2023-05-12,여자,20 - 29세,경상북도,일반판매,신발세탁,계약불이행(불완전이행)
2023024798,2023-05-12,남자,50 - 59세,울산광역시,일반판매,운동화,품질(물품/용역)
2023024799,2023-05-12,여자,50 - 59세,서울특별시,국내온라인거래,숙녀화(구두·부츠 등),품질(물품/용역)
2023024800,2023-05-12,여자,30 - 39세,서울특별시,일반판매,생활패션화(슬립온·아쿠아슈즈·장화·작업화 등),품질(물품/용역)
2023024801,2023-05-12,남자,50 - 59세,서울특별시,일반판매,운동화,품질(물품/용역)
2023024802,2023-05-12,여자,40 - 49세,서울특별시,일반판매,운동화,품질(물품/용역)
2023024803,2023-05-12,여자,40 - 49세,경기도,일반판매,운동화,품질(물품/용역)
2023024804,2023-05-12,남자,50 - 59세,서울특별시,일반판매,운동화,품질(물품/용역)
2023024805,2023-05-12,남자,40 - 49세,경기도,일반판매,운동화,품질(물품/용역)
2023024806,2023-05-12,남자,30 - 39세,서울특별시,일반판매,운동화,품질(물품/용역)
2023024807,2023-05-12,여자,60 - 64세,서울특별시,일반판매,샌들·슬리퍼,품질(물품/용역)
2023024808,2023-05-12,남자,40 - 49세,경기도,일반판매,운동화,품질(물품/용역)
2023024809,2023-05-12,여자,60 - 64세,전라북도,국내온라인거래,전문스포츠화(축구화·골프화 등),품질(물품/용역)
2023024810,2023-05-12,여자,50 - 59세,경상북도,일반판매,양복(서양식 의복)세탁,품질(물품/용역)
2023024811,2023-05-12,남자,30 - 39세,경기도,일반판매,국외여행,계약해제.해지/위약금
2023024812,2023-05-12,여자,30 - 39세,충청북도,전화권유판매,인터넷정보이용서비스,계약해제.해지/위약금
2023024813,2023-05-12,여자,20 - 29세,경기도,국내온라인거래,모바일정보이용서비스,청약철회
2023024814,2023-05-12,남자,30 - 39세,충청남도,국내온라인거래,생활패션화(슬립온·아쿠아슈즈·장화·작업화 등),품질(물품/용역)
2023024815,2023-05-12,여자,50 - 59세,인천광역시,일반판매,운동화,품질(물품/용역)
2023024817,2023-05-12,여자,50 - 59세,경기도,일반판매,샌들·슬리퍼,품질(물품/용역)
2023024818,2023-05-12,여자,50 - 59세,강원특별자치도,국내온라인거래,운동화,품질(물품/용역)
2023024819,2023-05-12,여자,50 - 59세,충청북도,국내온라인거래,기타가구,청약철회
2023024820,2023-05-12,여자,40 - 49세,전라남도,일반판매,신사화(구두·부츠 등),품질(물품/용역)
2023024821,2023-05-12,여자,40 - 49세,충청남도,일반판매,운동화,품질(물품/용역)
2023024822,2023-05-12,여자,50 - 59세,서울특별시,일반판매,운동화,품질(물품/용역)
2023024823,2023-05-12,여자,20 - 29세,경상북도,일반판매,신발세탁,계약불이행(불완전이행)
2023024824,2023-05-12,여자,40 - 49세,부산광역시,일반판매,생활패션화(슬립온·아쿠아슈즈·장화·작업화 등),품질(물품/용역)
2023024825,2023-05-12,남자,40 - 49세,경상남도,국내온라인거래,운동화,품질(물품/용역)
2023024826,2023-05-12,여자,30 - 39세,서울특별시,일반판매,신발세탁,계약불이행(불완전이행)
2023024827,2023-05-12,여자,40 - 49세,인천광역시,국내온라인거래,운동화,품질(물품/용역)
2023024828,2023-05-12,남자,50 - 59세,서울특별시,일반판매,신발세탁,계약불이행(불완전이행)
2023024829,2023-05-12,여자,40 - 49세,강원특별자치도,국내온라인거래,숙녀화(구두·부츠 등),품질(물품/용역)
2023024830,2023-05-12,남자,70 - 79세,서울특별시,일반판매,운동화,품질(물품/용역)
2023024831,2023-05-12,여자,40 - 49세,경기도,일반판매,신발세탁,계약불이행(불완전이행)
2023024832,2023-05-12,남자,50 - 59세,경기도,일반판매,운동화,품질(물품/용역)
2023024833,2023-05-12,여자,50 - 59세,강원특별자치도,일반판매,숙녀화(구두·부츠 등),품질(물품/용역)
2023024834,2023-05-12,여자,40 - 49세,서울특별시,일반판매,전문스포츠화(축구화·골프화 등),품질(물품/용역)
2023024835,2023-05-12,여자,50 - 59세,광주광역시,일반판매,운동화,품질(물품/용역)
2023024836,2023-05-12,여자,60 - 64세,대구광역시,일반판매,숙녀화(구두·부츠 등),품질(물품/용역)
2023024837,2023-05-12,남자,20 - 29세,서울특별시,국내온라인거래,인터넷교육서비스,계약불이행(불완전이행)
2023024838,2023-05-12,남자,40 - 49세,대구광역시,국내온라인거래,등산화,품질(물품/용역)
2023024839,2023-05-12,남자,30 - 39세,경기도,소셜커머스(쇼핑),호텔,계약해제.해지/위약금
2023024840,2023-05-12,남자,30 - 39세,경기도,모바일거래,카셰어링,계약불이행(불완전이행)
2023024841,2023-05-12,여자,40 - 49세,광주광역시,일반판매,신발세탁,계약불이행(불완전이행)
2023024842,2023-05-12,여자,30 - 39세,경기도,국내온라인거래,기타가방,계약불이행(불완전이행)
2023024843,2023-05-12,남자,60 - 64세,경기도,일반판매,기타육류·육류가공식품,계약불이행(불완전이행)
2023024844,2023-05-12,남자,50 - 59세,강원특별자치도,일반판매,이동전화서비스,계약불이행(불완전이행)
2023024845,2023-05-12,여자,40 - 49세,경상남도,일반판매,신발세탁,계약불이행(불완전이행)
2023024846,2023-05-12,여자,50 - 59세,경기도,일반판매,양복(서양식 의복)세탁,품질(물품/용역)
2023024847,2023-05-12,남자,40 - 49세,충청남도,일반판매,운동화,품질(물품/용역)
2023024848,2023-05-12,남자,30 - 39세,경기도,일반판매,신발세탁,계약불이행(불완전이행)
2023024849,2023-05-12,여자,30 - 39세,제주도,일반판매,헬스장,계약해제.해지/위약금
2023024850,2023-05-12,남자,40 - 49세,서울특별시,일반판매,운동화,품질(물품/용역)
2023024851,2023-05-12,여자,30 - 39세,경상북도,일반판매,필라테스,계약불이행(불완전이행)
2023024852,2023-05-12,여자,20 - 29세,제주도,일반판매,숙녀화(구두·부츠 등),품질(물품/용역)
2023024854,2023-05-12,여자,50 - 59세,경기도,TV홈쇼핑,전기압력밥솥,품질(물품/용역)
2023024855,2023-05-12,여자,50 - 59세,경기도,일반판매,운동화,품질(물품/용역)
2023024856,2023-05-12,남자,60 - 64세,서울특별시,기타,상품권,부당행위
2023024857,2023-05-12,여자,30 - 39세,인천광역시,일반판매,피부과,계약불이행(불완전이행)
2023024858,2023-05-12,남자,40 - 49세,서울특별시,일반판매,수영장회원권,계약해제.해지/위약금
2023024859,2023-05-12,남자,40 - 49세,경기도,국내온라인거래,항공여객운송서비스,계약불이행(불완전이행)
2023024860,2023-05-12,여자,40 - 49세,서울특별시,일반판매,성형외과,계약해제.해지/위약금
2023024861,2023-05-12,남자,20 - 29세,부산광역시,일반판매,기타사설강습서비스,계약해제.해지/위약금
2023024862,2023-05-12,남자,40 - 49세,경상남도,일반판매,양복(서양식 의복)세탁,품질(물품/용역)
2023024863,2023-05-12,여자,30 - 39세,서울특별시,일반판매,피부과,계약해제.해지/위약금
2023024864,2023-05-12,남자,40 - 49세,광주광역시,TV홈쇼핑,차량용블랙박스,품질(물품/용역)
2023024866,2023-05-12,여자,30 - 39세,경기도,국내온라인거래,항공여객운송서비스,계약불이행(불완전이행)
2023024867,2023-05-12,남자,40 - 49세,대구광역시,일반판매,헬스장,계약해제.해지/위약금
2023024868,2023-05-12,남자,30 - 39세,광주광역시,전화권유판매,모바일정보이용서비스,계약해제.해지/위약금
2023024870,2023-05-12,여자,40 - 49세,서울특별시,일반판매,기타한방서비스,계약해제.해지/위약금
2023024871,2023-05-12,여자,30 - 39세,서울특별시,국제온라인거래,영어자격(능력)시험,부당행위
2023024872,2023-05-12,여자,50 - 59세,서울특별시,국내온라인거래,숙녀복하의,품질(물품/용역)
2023024873,2023-05-12,여자,불명,경상남도,일반판매,양복(서양식 의복)세탁,품질(물품/용역)
2023024874,2023-05-12,여자,30 - 39세,서울특별시,국내온라인거래,기타가방,품질(물품/용역)
2023024875,2023-05-12,남자,40 - 49세,광주광역시,일반판매,양복(서양식 의복)세탁,품질(물품/용역)
2023024876,2023-05-12,여자,50 - 59세,서울특별시,일반판매,TV,AS불만
2023024877,2023-05-12,여자,70 - 79세,경기도,일반판매,헬스장,계약해제.해지/위약금
2023024878,2023-05-12,여자,40 - 49세,서울특별시,일반판매,피부·체형관리서비스,계약불이행(불완전이행)
2023024879,2023-05-12,여자,40 - 49세,서울특별시,일반판매,필라테스,계약해제.해지/위약금
2023024916,2023-05-12,여자,30 - 39세,경상남도,일반판매,골프회원권,계약해제.해지/위약금
2023024917,2023-05-12,여자,20 - 29세,광주광역시,방문판매,요가,계약해제.해지/위약금
2023024918,2023-05-12,여자,30 - 39세,서울특별시,모바일거래,기타숙박시설,계약해제.해지/위약금
2023024919,2023-05-12,남자,50 - 59세,전라북도,방문판매,국내결혼중개,계약해제.해지/위약금
2023024920,2023-05-12,여자,30 - 39세,강원특별자치도,기타통신판매,미용서비스,청약철회
2023024921,2023-05-12,여자,60 - 64세,울산광역시,소셜커머스(쇼핑),냉장고,계약불이행(불완전이행)
2023024922,2023-05-12,여자,20 - 29세,경기도,국내온라인거래,원피스,청약철회
2023024923,2023-05-12,남자,20 - 29세,서울특별시,모바일거래,외식,계약해제.해지/위약금
2023024924,2023-05-12,남자,30 - 39세,전라북도,소셜커머스(쇼핑),항공여객운송서비스,청약철회
2023024925,2023-05-12,여자,20 - 29세,부산광역시,국내온라인거래,호텔,계약해제.해지/위약금
2023024927,2023-05-12,남자,30 - 39세,경기도,국내온라인거래,전기고데기,청약철회
2023024928,2023-05-12,여자,30 - 39세,경기도,기타통신판매,피부·체형관리서비스,계약해제.해지/위약금
2023024929,2023-05-12,여자,30 - 39세,충청북도,일반판매,기타곡류·곡류가공식품,안전(제품/시설)
2023024930,2023-05-12,여자,40 - 49세,전라북도,일반판매,골프회원권,계약불이행(불완전이행)
2023024931,2023-05-12,여자,30 - 39세,경기도,국내온라인거래,퍼스널컴퓨터,품질(물품/용역)
2023024932,2023-05-12,남자,40 - 49세,경기도,일반판매,정수기대여(렌트),계약불이행(불완전이행)
2023024933,2023-05-12,남자,30 - 39세,경기도,국제온라인거래,항공여객운송서비스,계약불이행(불완전이행)
2023024934,2023-05-12,남자,20 - 29세,세종특별자치시,일반판매,헬스장,계약해제.해지/위약금
2023024935,2023-05-12,남자,30 - 39세,서울특별시,일반판매,식탁,청약철회
2023024936,2023-05-12,여자,50 - 59세,서울특별시,모바일거래,이동전화서비스,약관
2023024937,2023-05-12,여자,20 - 29세,부산광역시,국내온라인거래,국외여행,품질(물품/용역)
2023024938,2023-05-12,남자,30 - 39세,인천광역시,기타,기타자동차용품,계약불이행(불완전이행)
2023024939,2023-05-12,여자,30 - 39세,서울특별시,일반판매,필라테스,계약해제.해지/위약금
2023024940,2023-05-12,여자,30 - 39세,경상남도,국내온라인거래,기타신발·용품,품질(물품/용역)
2023024941,2023-05-12,남자,20 - 29세,부산광역시,국내온라인거래,기타의류·섬유,청약철회
2023024942,2023-05-12,남자,60 - 64세,경상남도,기타,정수기대여(렌트),계약해제.해지/위약금
2023024943,2023-05-12,남자,30 - 39세,서울특별시,국내온라인거래,국외여행,계약해제.해지/위약금
2023024944,2023-05-12,남자,30 - 39세,서울특별시,모바일거래,골프회원권,계약해제.해지/위약금
2023024945,2023-05-12,남자,40 - 49세,인천광역시,국내온라인거래,항공여객운송서비스,계약불이행(불완전이행)
2023024946,2023-05-12,남자,30 - 39세,충청남도,기타,아파트,품질(물품/용역)
2023024947,2023-05-12,남자,30 - 39세,대전광역시,기타,전기충전기,청약철회
2023024948,2023-05-12,여자,40 - 49세,인천광역시,국제온라인거래,호텔,청약철회
2023024949,2023-05-12,여자,40 - 49세,서울특별시,일반판매,필라테스,계약해제.해지/위약금
2023024950,2023-05-12,여자,30 - 39세,서울특별시,일반판매,식기세척기,품질(물품/용역)
2023024951,2023-05-12,남자,30 - 39세,전라북도,소셜커머스(쇼핑),인터넷교육서비스,계약해제.해지/위약금
2023024952,2023-05-12,남자,40 - 49세,경기도,국내온라인거래,항공여객운송서비스,계약불이행(불완전이행)
2023024953,2023-05-12,남자,30 - 39세,서울특별시,방문판매,헬스장,계약해제.해지/위약금
2023024954,2023-05-12,여자,40 - 49세,충청남도,일반판매,변호서비스,계약해제.해지/위약금
2023024955,2023-05-12,여자,40 - 49세,대구광역시,일반판매,외식,계약불이행(불완전이행)
2023024956,2023-05-12,여자,50 - 59세,서울특별시,기타,스포츠시설이용,계약해제.해지/위약금
2023024957,2023-05-12,여자,40 - 49세,부산광역시,국내온라인거래,숙녀화(구두·부츠 등),청약철회
2023024958,2023-05-12,여자,40 - 49세,경기도,국내온라인거래,항공여객운송서비스,계약해제.해지/위약금
2023024959,2023-05-12,여자,40 - 49세,경기도,일반판매,침대,계약불이행(불완전이행)
2023024960,2023-05-12,여자,40 - 49세,전라남도,일반판매,애완견,품질(물품/용역)
2023024961,2023-05-12,남자,50 - 59세,대전광역시,국내온라인거래,냉장고,청약철회
2023024962,2023-05-12,여자,30 - 39세,경기도,국내온라인거래,캐주얼바지,청약철회
2023024963,2023-05-12,남자,30 - 39세,경상남도,국내온라인거래,남자용내의류,품질(물품/용역)
2023024964,2023-05-12,남자,40 - 49세,광주광역시,일반판매,소프트웨어,계약불이행(불완전이행)
2023024965,2023-05-12,남자,30 - 39세,서울특별시,방문판매,콘도회원권,계약해제.해지/위약금
2023024966,2023-05-12,여자,불명,광주광역시,국내온라인거래,기타숙박시설,계약해제.해지/위약금
2023024967,2023-05-12,남자,30 - 39세,대구광역시,일반판매,기타주류,품질(물품/용역)
2023024968,2023-05-12,남자,30 - 39세,서울특별시,일반판매,결혼준비대행서비스,계약해제.해지/위약금
2023024969,2023-05-12,남자,40 - 49세,경기도,국내온라인거래,노트북컴퓨터,AS불만
2023024970,2023-05-12,여자,20 - 29세,강원특별자치도,기타통신판매,미용서비스,계약해제.해지/위약금
2023024971,2023-05-12,남자,20 - 29세,경기도,기타,고시원이용,계약해제.해지/위약금
2023024972,2023-05-12,남자,50 - 59세,광주광역시,일반판매,기타위생서비스,AS불만
2023024973,2023-05-12,남자,40 - 49세,경기도,국내온라인거래,옷장,AS불만
2023024975,2023-05-12,여자,50 - 59세,강원특별자치도,일반판매,일반강습(입시학원등),계약해제.해지/위약금
2023024976,2023-05-12,여자,20 - 29세,경기도,방문판매,헬스장,계약해제.해지/위약금
2023024977,2023-05-12,여자,20 - 29세,서울특별시,국내온라인거래,결혼준비대행서비스,계약해제.해지/위약금
2023024978,2023-05-12,남자,20 - 29세,부산광역시,국내온라인거래,전기스탠드,계약불이행(불완전이행)
2023024979,2023-05-12,남자,50 - 59세,서울특별시,모바일거래,모바일게임서비스,무능력자계약
2023024980,2023-05-12,여자,30 - 39세,대구광역시,국내온라인거래,항공여객운송서비스,법.제도
2023024981,2023-05-12,여자,40 - 49세,경상남도,국내온라인거래,기타인테리어설비,계약불이행(불완전이행)
2023024982,2023-05-12,여자,30 - 39세,서울특별시,일반판매,사진촬영,가격.요금
2023024983,2023-05-12,남자,40 - 49세,서울특별시,국내온라인거래,그래픽카드,청약철회
2023024984,2023-05-12,여자,30 - 39세,서울특별시,국내온라인거래,스커트,부당행위
2023025015,2023-05-13,여자,30 - 39세,경기도,기타,산후조리원,계약해제.해지/위약금
2023025016,2023-05-13,여자,20 - 29세,서울특별시,방문판매,헬스장,계약해제.해지/위약금
2023025017,2023-05-13,여자,50 - 59세,강원특별자치도,일반판매,기타가구,청약철회
2023025018,2023-05-13,남자,30 - 39세,전라남도,일반판매,냉장고,계약불이행(불완전이행)
2023025019,2023-05-13,여자,20 - 29세,경기도,국내온라인거래,침대,품질(물품/용역)
2023025020,2023-05-13,남자,70 - 79세,경기도,일반판매,애완견,계약해제.해지/위약금
2023025021,2023-05-13,여자,20 - 29세,경상남도,방문판매,헬스장,계약해제.해지/위약금
2023025022,2023-05-13,여자,30 - 39세,서울특별시,모바일거래,미용서비스,품질(물품/용역)
2023025023,2023-05-13,남자,20 - 29세,충청남도,국내온라인거래,기타스포츠·레저기구·용품,청약철회
2023025024,2023-05-13,남자,40 - 49세,서울특별시,국내온라인거래,기타화물운송서비스,계약불이행(불완전이행)
2023025025,2023-05-13,여자,40 - 49세,서울특별시,일반판매,인터넷교육서비스,계약해제.해지/위약금
2023025026,2023-05-13,남자,50 - 59세,울산광역시,일반판매,스마트폰,AS불만
2023025027,2023-05-13,남자,50 - 59세,울산광역시,일반판매,골프회원권,계약불이행(불완전이행)
2023025115,2023-05-14,여자,30 - 39세,경기도,국내온라인거래,각종공연관람,계약해제.해지/위약금
2023025116,2023-05-14,남자,30 - 39세,충청남도,국내온라인거래,택배화물운송서비스,품질(물품/용역)
2023025117,2023-05-14,남자,50 - 59세,경기도,일반판매,일반강습(입시학원등),가격.요금
2023025118,2023-05-14,여자,20 - 29세,대구광역시,국내온라인거래,기타간편복,청약철회
2023025119,2023-05-14,남자,50 - 59세,충청북도,TV홈쇼핑,상조서비스,표시.광고
2023025120,2023-05-14,여자,40 - 49세,경상북도,소셜커머스(쇼핑),음식물처리기대여(렌트),AS불만
2023025122,2023-05-14,여자,40 - 49세,서울특별시,TV홈쇼핑,미분류대여(렌트),품질(물품/용역)
2023025123,2023-05-14,여자,30 - 39세,경기도,방문판매,여자용한복,청약철회
2023025124,2023-05-14,남자,30 - 39세,울산광역시,국제온라인거래,기타숙박시설,계약불이행(불완전이행)
2023025125,2023-05-14,남자,40 - 49세,대구광역시,국내온라인거래,기타건강식품,가격.요금
2023025126,2023-05-12,여자,30 - 39세,서울특별시,일반판매,기타이·미용서비스,계약해제.해지/위약금
2023025127,2023-05-15,여자,30 - 39세,울산광역시,방문판매,인터넷교육서비스,계약해제.해지/위약금
2023025128,2023-05-15,여자,30 - 39세,강원특별자치도,국내온라인거래,티셔츠,품질(물품/용역)
2023025129,2023-05-15,남자,30 - 39세,광주광역시,일반판매,중고자동차중개·매매,계약불이행(불완전이행)
2023025130,2023-05-15,여자,30 - 39세,서울특별시,일반판매,헬스장,계약해제.해지/위약금
2023025131,2023-05-15,남자,50 - 59세,경상남도,일반판매,소형화물자동차,품질(물품/용역)
2023025132,2023-05-15,남자,50 - 59세,서울특별시,일반판매,티셔츠,품질(물품/용역)
2023025133,2023-05-15,남자,40 - 49세,충청북도,국내온라인거래,티셔츠,계약불이행(불완전이행)
2023025134,2023-05-15,남자,40 - 49세,부산광역시,일반판매,중형승용자동차,품질(물품/용역)
2023025135,2023-05-15,여자,30 - 39세,서울특별시,모바일거래,자동차주차장,표시.광고
2023025136,2023-05-15,여자,60 - 64세,경기도,TV홈쇼핑,정수기대여(렌트),계약해제.해지/위약금
2023025138,2023-05-15,남자,40 - 49세,전라북도,일반판매,시스템에어컨,계약불이행(불완전이행)
2023025139,2023-05-15,남자,30 - 39세,인천광역시,국내온라인거래,점퍼·재킷류,품질(물품/용역)
2023025140,2023-05-15,남자,40 - 49세,전라남도,일반판매,대형승용자동차,품질(물품/용역)
2023025141,2023-05-15,여자,30 - 39세,경기도,일반판매,필라테스,계약해제.해지/위약금
2023025142,2023-05-15,여자,30 - 39세,서울특별시,전화권유판매,자동차대여(렌트),계약불이행(불완전이행)
2023025143,2023-05-15,남자,70 - 79세,강원특별자치도,방문판매,초고속인터넷,계약해제.해지/위약금
2023025144,2023-05-15,여자,70 - 79세,강원특별자치도,일반판매,양복(서양식 의복)세탁,품질(물품/용역)
2023025145,2023-05-15,여자,50 - 59세,경기도,일반판매,골프회원권,계약해제.해지/위약금
2023025146,2023-05-15,남자,30 - 39세,경기도,전화권유판매,모바일정보이용서비스,계약해제.해지/위약금
2023025147,2023-05-15,여자,30 - 39세,경상북도,방문판매,인터넷교육서비스,계약해제.해지/위약금
2023025148,2023-05-15,남자,40 - 49세,인천광역시,국내온라인거래,전기맛사지기,청약철회
2023025150,2023-05-15,여자,40 - 49세,서울특별시,국내온라인거래,신유형상품권,계약해제.해지/위약금
2023025151,2023-05-15,남자,40 - 49세,경기도,국내온라인거래,기타숙박시설,계약해제.해지/위약금
2023025152,2023-05-15,여자,40 - 49세,경기도,일반판매,모자,품질(물품/용역)
2023025153,2023-05-15,남자,40 - 49세,경상북도,기타,제조물·생산및영업배상보험,계약불이행(불완전이행)
2023025154,2023-05-15,여자,40 - 49세,서울특별시,국내온라인거래,신유형상품권,계약해제.해지/위약금
2023025155,2023-05-15,남자,50 - 59세,경기도,일반판매,이동전화서비스,계약불이행(불완전이행)
2023025156,2023-05-15,여자,50 - 59세,서울특별시,일반판매,샌들·슬리퍼,청약철회
2023025157,2023-05-15,남자,50 - 59세,대전광역시,기타통신판매,자동차수리·점검,부당행위
2023025159,2023-05-15,남자,30 - 39세,경기도,일반판매,상해보험,약관
2023025160,2023-05-15,여자,30 - 39세,인천광역시,일반판매,피부·체형관리서비스,계약불이행(불완전이행)
2023025161,2023-05-15,남자,30 - 39세,경기도,일반판매,양복(서양식 의복)세탁,품질(물품/용역)
2023025162,2023-05-15,여자,40 - 49세,전라북도,모바일거래,신유형상품권,계약불이행(불완전이행)
2023025163,2023-05-15,여자,50 - 59세,경기도,국내온라인거래,핸드백,품질(물품/용역)
2023025164,2023-05-15,여자,50 - 59세,대구광역시,일반판매,정수기대여(렌트),계약해제.해지/위약금
2023025165,2023-05-15,여자,30 - 39세,경기도,일반판매,사진촬영,계약해제.해지/위약금
2023025166,2023-05-15,여자,50 - 59세,경기도,전화권유판매,인터넷정보이용서비스,계약불이행(불완전이행)
2023025168,2023-05-15,여자,40 - 49세,서울특별시,국내온라인거래,항공여객운송서비스,계약불이행(불완전이행)
2023025169,2023-05-15,여자,50 - 59세,경기도,국내온라인거래,캐주얼바지,품질(물품/용역)
2023025170,2023-05-15,여자,불명,대구광역시,일반판매,셔츠,품질(물품/용역)
2023025171,2023-05-15,여자,65 - 69세,서울특별시,일반판매,기타의류·섬유,계약해제.해지/위약금
2023025172,2023-05-15,여자,30 - 39세,경기도,국내온라인거래,전기고데기,청약철회
2023025173,2023-05-15,여자,40 - 49세,서울특별시,일반판매,양복(서양식 의복)세탁,품질(물품/용역)
2023025174,2023-05-15,여자,30 - 39세,경기도,일반판매,"연회서비스(돌잔치,회갑 등)",계약해제.해지/위약금
2023025175,2023-05-15,여자,50 - 59세,서울특별시,전화권유판매,모바일정보이용서비스,계약불이행(불완전이행)
2023025176,2023-05-15,여자,40 - 49세,서울특별시,일반판매,숙녀복세트,품질(물품/용역)
2023025177,2023-05-15,남자,50 - 59세,서울특별시,일반판매,운동화,품질(물품/용역)
2023025178,2023-05-15,여자,20 - 29세,경기도,기타통신판매,기타미분류서비스,계약해제.해지/위약금
2023025179,2023-05-15,남자,50 - 59세,광주광역시,국내온라인거래,신유형상품권,계약불이행(불완전이행)
2023025180,2023-05-15,여자,불명,경상남도,일반판매,가운·잠옷류,품질(물품/용역)
2023025181,2023-05-15,여자,30 - 39세,충청남도,소셜커머스(쇼핑),아동화,품질(물품/용역)
2023025182,2023-05-15,여자,불명,경상남도,일반판매,이불·요,품질(물품/용역)
2023025183,2023-05-15,남자,50 - 59세,서울특별시,일반판매,기타숙박시설,품질(물품/용역)
2023025184,2023-05-15,여자,30 - 39세,대전광역시,모바일거래,사진촬영,계약해제.해지/위약금
2023025185,2023-05-15,여자,30 - 39세,경기도,국내온라인거래,기타이·미용기구,계약불이행(불완전이행)
2023025186,2023-05-15,여자,30 - 39세,인천광역시,국내온라인거래,미분류대여(렌트),계약해제.해지/위약금
2023025187,2023-05-15,남자,20 - 29세,인천광역시,일반판매,양복(서양식 의복)세탁,품질(물품/용역)
2023025188,2023-05-15,여자,20 - 29세,서울특별시,모바일거래,카셰어링,계약불이행(불완전이행)
2023025189,2023-05-15,남자,30 - 39세,서울특별시,국내온라인거래,호텔,청약철회
2023025190,2023-05-15,여자,30 - 39세,서울특별시,일반판매,신발세탁,계약불이행(불완전이행)
2023025191,2023-05-15,여자,40 - 49세,서울특별시,국내온라인거래,신유형상품권,계약불이행(불완전이행)
2023025192,2023-05-15,남자,20 - 29세,서울특별시,일반판매,양복(서양식 의복)세탁,품질(물품/용역)
2023025193,2023-05-15,여자,40 - 49세,인천광역시,기타통신판매,TV,계약불이행(불완전이행)
2023025194,2023-05-15,남자,30 - 39세,부산광역시,일반판매,이동전화서비스,부당행위
2023025195,2023-05-15,여자,30 - 39세,강원특별자치도,일반판매,점퍼·재킷류,품질(물품/용역)
2023025196,2023-05-15,여자,60 - 64세,경기도,국내온라인거래,욕실설비,계약불이행(불완전이행)
2023025197,2023-05-15,여자,30 - 39세,서울특별시,국내온라인거래,여자용내의류,품질(물품/용역)
2023025199,2023-05-15,여자,40 - 49세,경상북도,국내온라인거래,양복(서양식 의복)세탁,품질(물품/용역)
2023025201,2023-05-15,여자,30 - 39세,서울특별시,국내온라인거래,여행용가방,AS불만
2023025202,2023-05-15,여자,50 - 59세,대전광역시,모바일거래,원피스,청약철회
2023025203,2023-05-15,여자,40 - 49세,인천광역시,국내온라인거래,블라우스,계약불이행(불완전이행)
2023025204,2023-05-15,여자,40 - 49세,경기도,국내온라인거래,신유형상품권,계약불이행(불완전이행)
2023025205,2023-05-15,남자,50 - 59세,경기도,국내온라인거래,소파,품질(물품/용역)
2023025206,2023-05-15,여자,30 - 39세,서울특별시,일반판매,양복(서양식 의복)세탁,품질(물품/용역)
2023025207,2023-05-15,남자,30 - 39세,경상북도,방문판매,전기자전거,계약해제.해지/위약금
2023025208,2023-05-15,여자,30 - 39세,부산광역시,일반판매,신발세탁,계약불이행(불완전이행)
2023025209,2023-05-15,남자,30 - 39세,경기도,일반판매,정수기대여(렌트),계약해제.해지/위약금
2023025210,2023-05-15,여자,20 - 29세,광주광역시,일반판매,초고속인터넷,계약해제.해지/위약금
2023025211,2023-05-15,남자,40 - 49세,경기도,일반판매,헬스장,계약해제.해지/위약금
2023025212,2023-05-15,남자,30 - 39세,대전광역시,모바일거래,카셰어링,이자.수수료
2023025213,2023-05-15,남자,80세이상,서울특별시,일반판매,이동전화서비스,청약철회
2023025214,2023-05-15,여자,40 - 49세,부산광역시,소셜커머스(쇼핑),보석·귀금속,계약불이행(불완전이행)
2023025215,2023-05-15,남자,30 - 39세,경기도,방문판매,결혼준비대행서비스,계약불이행(불완전이행)
2023025216,2023-05-15,남자,60 - 64세,경기도,국내온라인거래,스포츠시설이용,계약해제.해지/위약금
2023025217,2023-05-15,여자,50 - 59세,경상남도,국내온라인거래,양복(서양식 의복)세탁,품질(물품/용역)
2023025218,2023-05-15,여자,50 - 59세,충청남도,기타통신판매,포장이사운송서비스,계약불이행(불완전이행)
2023025219,2023-05-15,남자,40 - 49세,경기도,전화권유판매,국내결혼중개,계약불이행(불완전이행)
2023025220,2023-05-15,남자,60 - 64세,경기도,기타통신판매,시계,품질(물품/용역)
2023025221,2023-05-15,여자,50 - 59세,경기도,국내온라인거래,물안경,품질(물품/용역)
2023025222,2023-05-15,여자,50 - 59세,충청북도,방문판매,음식물처리기,품질(물품/용역)
2023025223,2023-05-15,남자,40 - 49세,경기도,일반판매,초고속인터넷,계약해제.해지/위약금
2023025224,2023-05-15,남자,60 - 64세,경기도,전화권유판매,유사투자자문,계약불이행(불완전이행)
2023025226,2023-05-15,여자,40 - 49세,대구광역시,국내온라인거래,음식물처리기,품질(물품/용역)
2023025227,2023-05-15,여자,70 - 79세,서울특별시,일반판매,이동전화서비스,계약해제.해지/위약금
2023025228,2023-05-15,여자,30 - 39세,경기도,일반판매,아이스크림,부당행위
2023025229,2023-05-15,여자,40 - 49세,충청남도,소셜커머스(쇼핑),사진촬영,계약해제.해지/위약금
2023025230,2023-05-15,남자,40 - 49세,경기도,모바일거래,골프용품,AS불만
2023025231,2023-05-15,남자,40 - 49세,경기도,국내온라인거래,선글라스,계약불이행(불완전이행)
2023025232,2023-05-15,여자,40 - 49세,부산광역시,전화권유판매,일반강습(입시학원등),계약불이행(불완전이행)
2023025233,2023-05-15,남자,30 - 39세,경기도,국내온라인거래,캐주얼바지,청약철회
2023025234,2023-05-15,남자,60 - 64세,경기도,일반판매,공중목욕탕,거래관행
2023025235,2023-05-15,남자,30 - 39세,인천광역시,일반판매,소파,계약불이행(불완전이행)
2023025236,2023-05-15,여자,30 - 39세,대구광역시,국내온라인거래,의자,청약철회
2023025237,2023-05-15,여자,30 - 39세,경기도,일반판매,헬스장,계약해제.해지/위약금
2023025238,2023-05-15,남자,10 - 19세,경기도,국내온라인거래,묘목·모종,품질(물품/용역)
2023025239,2023-05-15,남자,20 - 29세,서울특별시,일반판매,공업용기계,AS불만
2023025240,2023-05-15,남자,30 - 39세,부산광역시,국내온라인거래,택배화물운송서비스,부당행위
2023025241,2023-05-15,남자,30 - 39세,경기도,국내온라인거래,기타회원권,계약해제.해지/위약금
2023025242,2023-05-15,여자,20 - 29세,서울특별시,국내온라인거래,메이크업강습,계약해제.해지/위약금
2023025243,2023-05-15,남자,30 - 39세,인천광역시,일반판매,신발세탁,품질(물품/용역)
2023025244,2023-05-15,여자,40 - 49세,서울특별시,방문판매,헬스장,계약해제.해지/위약금
2023025245,2023-05-15,남자,50 - 59세,충청북도,방문판매,국내결혼중개,계약불이행(불완전이행)
2023025246,2023-05-15,여자,40 - 49세,경기도,일반판매,안마의자,AS불만
2023025247,2023-05-15,남자,50 - 59세,경상남도,방문판매,콘도회원권,청약철회
2023025248,2023-05-15,여자,20 - 29세,서울특별시,국내온라인거래,기타숙박시설,계약해제.해지/위약금
2023025249,2023-05-15,여자,20 - 29세,경기도,국내온라인거래,기타간편복,부당행위
2023025250,2023-05-15,남자,40 - 49세,경기도,소셜커머스(쇼핑),옷장,청약철회
2023025251,2023-05-15,여자,20 - 29세,인천광역시,방문판매,필라테스,계약해제.해지/위약금
2023025252,2023-05-15,여자,40 - 49세,경기도,국제온라인거래,도서·음반대여(렌트),청약철회
2023025253,2023-05-15,여자,40 - 49세,경기도,국내온라인거래,쇠고기포장육,품질(물품/용역)
2023025254,2023-05-15,여자,40 - 49세,경기도,일반판매,인터넷교육서비스,계약해제.해지/위약금
2023025255,2023-05-15,남자,30 - 39세,경기도,일반판매,헬스장,계약해제.해지/위약금
2023025256,2023-05-15,남자,20 - 29세,서울특별시,방문판매,헬스장,계약해제.해지/위약금
2023025257,2023-05-15,여자,20 - 29세,인천광역시,기타,헬스장,계약해제.해지/위약금
2023025258,2023-05-15,여자,30 - 39세,인천광역시,국내온라인거래,캐주얼바지,청약철회
2023025259,2023-05-15,남자,40 - 49세,제주도,모바일거래,노트북컴퓨터,계약해제.해지/위약금
2023025260,2023-05-15,남자,60 - 64세,경기도,국제온라인거래,국외여행,계약해제.해지/위약금
2023025261,2023-05-15,남자,20 - 29세,경상북도,국내온라인거래,운동화,청약철회
2023025262,2023-05-15,여자,60 - 64세,서울특별시,일반판매,인덕션레인지,품질(물품/용역)
2023025263,2023-05-15,남자,30 - 39세,경기도,모바일거래,식사배달,계약불이행(불완전이행)
2023025264,2023-05-15,여자,30 - 39세,경상남도,방문판매,학습지,계약해제.해지/위약금
2023025265,2023-05-15,여자,40 - 49세,서울특별시,일반판매,핸드백,표시.광고
2023025266,2023-05-15,여자,40 - 49세,대구광역시,소셜커머스(쇼핑),정수기대여(렌트),품질(물품/용역)
2023025267,2023-05-15,남자,40 - 49세,경기도,국내온라인거래,전자게임기구,품질(물품/용역)
2023025268,2023-05-15,남자,30 - 39세,부산광역시,국제온라인거래,기타건강식품,계약해제.해지/위약금
2023025269,2023-05-15,여자,30 - 39세,서울특별시,일반판매,헬스장,계약해제.해지/위약금
2023025270,2023-05-15,남자,20 - 29세,경기도,국내온라인거래,모바일게임서비스,부당행위
2023025271,2023-05-15,여자,70 - 79세,경상북도,방문판매,기타회원권,약관
2023025272,2023-05-15,여자,20 - 29세,경상남도,소셜커머스(쇼핑),화장대,청약철회
2023025273,2023-05-15,남자,40 - 49세,경기도,전화권유판매,국내결혼중개,계약불이행(불완전이행)
2023025274,2023-05-15,남자,30 - 39세,경상북도,모바일거래,도배공사,계약불이행(불완전이행)
2023025275,2023-05-15,남자,30 - 39세,서울특별시,기타통신판매,건물청소서비스,계약해제.해지/위약금
2023025276,2023-05-15,남자,30 - 39세,경상북도,기타,TV,AS불만
2023025277,2023-05-15,남자,40 - 49세,경기도,국내온라인거래,인터넷교육서비스,계약해제.해지/위약금
2023025278,2023-05-15,여자,20 - 29세,경기도,일반판매,회화·공예용품,품질(물품/용역)
2023025279,2023-05-15,여자,20 - 29세,광주광역시,국내온라인거래,통신기기주변장치,청약철회
2023025280,2023-05-15,남자,20 - 29세,경상남도,일반판매,독서실이용,계약해제.해지/위약금
2023025281,2023-05-15,여자,30 - 39세,서울특별시,일반판매,피부·체형관리서비스,계약해제.해지/위약금
2023025282,2023-05-15,여자,30 - 39세,경기도,기타,결혼준비대행서비스,계약해제.해지/위약금
2023025283,2023-05-15,여자,30 - 39세,경기도,일반판매,필라테스,계약해제.해지/위약금
2023025284,2023-05-15,여자,20 - 29세,경기도,일반판매,헬스장,계약해제.해지/위약금
2023025285,2023-05-15,여자,40 - 49세,인천광역시,일반판매,의자,품질(물품/용역)
2023025286,2023-05-15,남자,20 - 29세,서울특별시,국내온라인거래,모형완구,청약철회
2023025287,2023-05-15,여자,40 - 49세,서울특별시,일반판매,필라테스,계약해제.해지/위약금
2023025288,2023-05-15,여자,20 - 29세,부산광역시,전화권유판매,이동전화서비스,계약불이행(불완전이행)
2023025289,2023-05-15,여자,40 - 49세,서울특별시,국내온라인거래,기타신발·용품,품질(물품/용역)
2023025291,2023-05-15,여자,40 - 49세,서울특별시,일반판매,기타의류·섬유,품질(물품/용역)
2023025292,2023-05-15,여자,20 - 29세,광주광역시,일반판매,이불·요,계약해제.해지/위약금
2023025293,2023-05-15,여자,30 - 39세,경기도,일반판매,필라테스,계약해제.해지/위약금
2023025294,2023-05-15,여자,30 - 39세,경기도,일반판매,결혼준비대행서비스,계약불이행(불완전이행)
2023025295,2023-05-15,남자,60 - 64세,부산광역시,방문판매,초고속인터넷,가격.요금
2023025296,2023-05-15,남자,40 - 49세,경상남도,소셜커머스(쇼핑),헤드폰·이어폰,품질(물품/용역)
2023025297,2023-05-15,여자,50 - 59세,경상북도,국내온라인거래,TV,품질(물품/용역)
2023025298,2023-05-15,여자,20 - 29세,경상남도,방문판매,헬스장,계약해제.해지/위약금
2023025299,2023-05-15,여자,50 - 59세,서울특별시,국내온라인거래,기타완구·인형,청약철회
2023025300,2023-05-15,여자,20 - 29세,대구광역시,일반판매,헬스장,계약해제.해지/위약금
2023025301,2023-05-15,남자,40 - 49세,전라북도,일반판매,시스템에어컨,품질(물품/용역)
2023025302,2023-05-15,여자,40 - 49세,인천광역시,소셜커머스(쇼핑),음식물처리기,품질(물품/용역)
2023025303,2023-05-15,남자,30 - 39세,대구광역시,소셜커머스(쇼핑),핸드백,청약철회
2023025304,2023-05-15,남자,30 - 39세,강원특별자치도,국내온라인거래,TV,품질(물품/용역)
2023025305,2023-05-15,여자,30 - 39세,서울특별시,국내온라인거래,인터넷교육서비스,계약해제.해지/위약금
2023025306,2023-05-15,여자,20 - 29세,광주광역시,기타,골프회원권,계약해제.해지/위약금
2023025307,2023-05-15,남자,20 - 29세,경상남도,일반판매,헬스장,계약해제.해지/위약금
2023025308,2023-05-15,여자,50 - 59세,대구광역시,일반판매,냉장고,품질(물품/용역)
2023025309,2023-05-15,여자,40 - 49세,서울특별시,기타통신판매,사진촬영,계약해제.해지/위약금
2023025310,2023-05-15,남자,30 - 39세,대전광역시,일반판매,헬스장,계약해제.해지/위약금
2023025311,2023-05-15,남자,50 - 59세,경기도,소셜커머스(쇼핑),전문스포츠화(축구화·골프화 등),청약철회
2023025312,2023-05-15,남자,30 - 39세,경기도,일반판매,예식서비스,계약해제.해지/위약금
2023025313,2023-05-15,여자,30 - 39세,울산광역시,일반판매,필라테스,계약해제.해지/위약금
2023025314,2023-05-15,여자,20 - 29세,경상남도,일반판매,헬스장,계약해제.해지/위약금
2023025315,2023-05-15,여자,40 - 49세,경기도,방문판매,애완고양이,계약해제.해지/위약금
2023025316,2023-05-15,여자,50 - 59세,서울특별시,노상판매,피부·체형관리서비스,계약불이행(불완전이행)
2023025317,2023-05-15,남자,20 - 29세,경기도,방문판매,헬스장,계약해제.해지/위약금
2023025318,2023-05-15,여자,40 - 49세,서울특별시,기타,기타미분류서비스,부당행위
2023025319,2023-05-15,여자,20 - 29세,부산광역시,국내온라인거래,기타인테리어설비,품질(물품/용역)
2023025320,2023-05-15,여자,20 - 29세,경기도,방문판매,헬스장,계약해제.해지/위약금
2023025321,2023-05-16,여자,40 - 49세,경기도,일반판매,양복(서양식 의복)세탁,품질(물품/용역)
2023025322,2023-05-16,남자,60 - 64세,충청북도,기타,한의원,품질(물품/용역)
2023025323,2023-05-16,남자,40 - 49세,경기도,기타통신판매,인터넷정보이용서비스,계약불이행(불완전이행)
2023025324,2023-05-16,남자,60 - 64세,충청북도,기타,정형외과,품질(물품/용역)
2023025325,2023-05-16,여자,50 - 59세,광주광역시,기타통신판매,유사투자자문,계약해제.해지/위약금
2023025326,2023-05-16,여자,50 - 59세,충청남도,일반판매,가구세트,계약해제.해지/위약금
2023025327,2023-05-16,여자,40 - 49세,서울특별시,일반판매,골프회원권,품질(물품/용역)
2023025328,2023-05-16,남자,50 - 59세,서울특별시,일반판매,정형외과,품질(물품/용역)
2023025329,2023-05-16,남자,50 - 59세,서울특별시,일반판매,건강(암·기타질병)보험,약관
2023025330,2023-05-16,여자,20 - 29세,경기도,일반판매,성형외과,품질(물품/용역)
2023025331,2023-05-16,남자,50 - 59세,인천광역시,전화권유판매,유사투자자문,계약해제.해지/위약금
2023025332,2023-05-16,남자,50 - 59세,서울특별시,기타통신판매,기타숙박시설,계약해제.해지/위약금
2023025333,2023-05-16,남자,30 - 39세,경상남도,국내온라인거래,기타자동차부품,계약불이행(불완전이행)
2023025334,2023-05-16,여자,50 - 59세,인천광역시,일반판매,이비인후과,단순문의.상담
2023025335,2023-05-16,여자,60 - 64세,경기도,일반판매,신경외과,품질(물품/용역)
2023025336,2023-05-16,남자,70 - 79세,대전광역시,국내온라인거래,저울,계약불이행(불완전이행)
2023025337,2023-05-16,여자,40 - 49세,광주광역시,국내온라인거래,기타숙박시설,계약해제.해지/위약금
2023025338,2023-05-16,남자,40 - 49세,인천광역시,일반판매,중고자동차중개·매매,품질(물품/용역)
2023025339,2023-05-16,남자,20 - 29세,충청남도,소셜커머스(쇼핑),전문스포츠화(축구화·골프화 등),청약철회
2023025340,2023-05-16,여자,50 - 59세,서울특별시,국내온라인거래,기타의류·섬유,계약불이행(불완전이행)
2023025341,2023-05-16,여자,50 - 59세,경상북도,전화권유판매,유사투자자문,계약해제.해지/위약금
2023025342,2023-05-16,여자,40 - 49세,경기도,국내온라인거래,코트,청약철회
2023025343,2023-05-16,여자,30 - 39세,서울특별시,모바일거래,국외캠프,계약해제.해지/위약금
2023025344,2023-05-16,여자,50 - 59세,서울특별시,일반판매,기타세탁서비스,계약불이행(불완전이행)
2023025345,2023-05-16,여자,30 - 39세,인천광역시,국내온라인거래,양복(서양식 의복)세탁,품질(물품/용역)
2023025346,2023-05-16,여자,50 - 59세,대전광역시,TV홈쇼핑,음식물처리기대여(렌트),계약해제.해지/위약금
2023025347,2023-05-16,남자,30 - 39세,서울특별시,국내온라인거래,모니터,품질(물품/용역)
2023025349,2023-05-16,여자,30 - 39세,서울특별시,국내온라인거래,티셔츠,품질(물품/용역)
2023025350,2023-05-16,여자,50 - 59세,충청남도,전화권유판매,인터넷정보이용서비스,계약해제.해지/위약금
2023025352,2023-05-16,남자,(미입력),경상북도,일반판매,중고자동차중개·매매,품질(물품/용역)
2023025353,2023-05-16,남자,(미입력),충청남도,국내온라인거래,항공여객운송서비스,계약해제.해지/위약금
2023025354,2023-05-16,여자,50 - 59세,서울특별시,일반판매,초고속인터넷,품질(물품/용역)
2023025355,2023-05-16,남자,50 - 59세,경기도,국내온라인거래,신사화(구두·부츠 등),품질(물품/용역)
2023025356,2023-05-16,여자,30 - 39세,경기도,국내온라인거래,샌들·슬리퍼,청약철회
2023025357,2023-05-16,여자,60 - 64세,부산광역시,일반판매,캐주얼바지,품질(물품/용역)
2023025358,2023-05-16,여자,30 - 39세,부산광역시,일반판매,기타가방,품질(물품/용역)
2023025359,2023-05-16,여자,70 - 79세,서울특별시,일반판매,보청기,품질(물품/용역)
2023025360,2023-05-16,여자,불명,서울특별시,일반판매,양복(서양식 의복)세탁,품질(물품/용역)
2023025361,2023-05-16,여자,40 - 49세,부산광역시,일반판매,이동전화서비스,계약불이행(불완전이행)
2023025362,2023-05-16,여자,60 - 64세,경기도,일반판매,전기진공청소기,품질(물품/용역)
2023025363,2023-05-16,여자,50 - 59세,경기도,일반판매,지갑,품질(물품/용역)
2023025364,2023-05-16,남자,30 - 39세,충청남도,일반판매,국외여행,계약해제.해지/위약금
2023025365,2023-05-16,여자,50 - 59세,서울특별시,기타통신판매,건물청소서비스,계약불이행(불완전이행)
2023025366,2023-05-16,여자,40 - 49세,경기도,방문판매,공기청정기대여(렌트),계약불이행(불완전이행)
2023025367,2023-05-16,남자,40 - 49세,서울특별시,국내온라인거래,운동화,품질(물품/용역)
2023025368,2023-05-16,여자,40 - 49세,경상북도,국내온라인거래,운동용가방,AS불만
2023025370,2023-05-16,여자,40 - 49세,서울특별시,국내온라인거래,베개,청약철회
2023025371,2023-05-16,남자,60 - 64세,경기도,전화권유판매,기타건강식품,계약해제.해지/위약금
2023025372,2023-05-16,남자,50 - 59세,경상남도,TV홈쇼핑,택배화물운송서비스,계약불이행(불완전이행)
2023025373,2023-05-16,여자,50 - 59세,대전광역시,일반판매,운동화,품질(물품/용역)
2023025374,2023-05-16,여자,40 - 49세,서울특별시,일반판매,코트,품질(물품/용역)
2023025375,2023-05-16,남자,70 - 79세,경기도,전화권유판매,인터넷정보이용서비스,계약해제.해지/위약금
2023025376,2023-05-16,여자,65 - 69세,부산광역시,기타통신판매,그릇세트,청약철회
2023025377,2023-05-16,남자,40 - 49세,대전광역시,국내온라인거래,기타스포츠·레저기구·용품,품질(물품/용역)
2023025378,2023-05-16,여자,불명,경기도,일반판매,캐주얼바지,청약철회
2023025379,2023-05-16,여자,50 - 59세,광주광역시,국내온라인거래,기타조리기기·기구,품질(물품/용역)
2023025380,2023-05-16,여자,50 - 59세,광주광역시,국내온라인거래,전기압력밥솥,품질(물품/용역)
2023025381,2023-05-16,여자,50 - 59세,광주광역시,일반판매,프라이팬,품질(물품/용역)
2023025382,2023-05-16,남자,50 - 59세,광주광역시,일반판매,원피스,청약철회
2023025383,2023-05-16,남자,50 - 59세,경상남도,기타,의료용구대여(렌트),계약해제.해지/위약금
2023025384,2023-05-16,여자,50 - 59세,강원특별자치도,국내온라인거래,안마의자대여(렌트),계약해제.해지/위약금
2023025385,2023-05-16,여자,40 - 49세,경기도,일반판매,기타교육서비스,계약불이행(불완전이행)
2023025386,2023-05-16,여자,불명,경기도,일반판매,핸드백,품질(물품/용역)
2023025388,2023-05-16,남자,20 - 29세,서울특별시,일반판매,전문스포츠화(축구화·골프화 등),품질(물품/용역)
2023025389,2023-05-16,여자,50 - 59세,서울특별시,일반판매,운동화,품질(물품/용역)
2023025391,2023-05-16,여자,50 - 59세,광주광역시,국내온라인거래,기타가방,청약철회
2023025392,2023-05-16,남자,20 - 29세,서울특별시,일반판매,양복(서양식 의복)세탁,품질(물품/용역)
2023025393,2023-05-16,여자,40 - 49세,경상북도,일반판매,신발세탁,계약불이행(불완전이행)
2023025394,2023-05-16,여자,70 - 79세,서울특별시,일반판매,룸에어컨,품질(물품/용역)
2023025395,2023-05-16,여자,30 - 39세,서울특별시,일반판매,숙녀화(구두·부츠 등),품질(물품/용역)
2023025396,2023-05-16,남자,20 - 29세,서울특별시,국내온라인거래,캐주얼바지,품질(물품/용역)
2023025397,2023-05-16,여자,30 - 39세,서울특별시,일반판매,기타세탁서비스,품질(물품/용역)
2023025398,2023-05-16,남자,30 - 39세,광주광역시,일반판매,이동전화서비스,계약불이행(불완전이행)
2023025399,2023-05-16,남자,40 - 49세,경기도,일반판매,양복(서양식 의복)세탁,품질(물품/용역)
2023025400,2023-05-16,남자,50 - 59세,경상남도,일반판매,내과,품질(물품/용역)
2023025401,2023-05-16,남자,40 - 49세,강원특별자치도,일반판매,컴퓨터수리,품질(물품/용역)
2023025402,2023-05-16,남자,40 - 49세,경기도,일반판매,기타사설강습서비스,계약해제.해지/위약금
2023025403,2023-05-16,남자,40 - 49세,강원특별자치도,국내온라인거래,신유형상품권,부당행위
2023025404,2023-05-16,여자,30 - 39세,경기도,국내온라인거래,CD·LD·DVD(영화·음악·게임),품질(물품/용역)
2023025405,2023-05-16,남자,20 - 29세,경기도,방문판매,헬스장,계약해제.해지/위약금
2023025406,2023-05-16,여자,30 - 39세,경기도,방문판매,헬스장,계약불이행(불완전이행)
2023025407,2023-05-16,여자,20 - 29세,강원특별자치도,일반판매,필라테스,계약해제.해지/위약금
2023025408,2023-05-16,여자,40 - 49세,울산광역시,일반판매,인터넷교육서비스,계약해제.해지/위약금
2023025409,2023-05-16,여자,40 - 49세,인천광역시,기타,선박화물운송서비스,계약불이행(불완전이행)
2023025410,2023-05-16,남자,50 - 59세,대전광역시,기타,스마트폰,품질(물품/용역)
2023025411,2023-05-16,남자,40 - 49세,인천광역시,일반판매,포장이사운송서비스,안전(제품/시설)
2023025412,2023-05-16,남자,30 - 39세,경기도,국내온라인거래,텐트,표시.광고
2023025413,2023-05-16,남자,30 - 39세,대구광역시,기타,가스보일러,부당행위
2023025414,2023-05-16,여자,30 - 39세,서울특별시,국제온라인거래,항공여객운송서비스,계약불이행(불완전이행)
2023025415,2023-05-16,남자,40 - 49세,서울특별시,기타,경비·관리서비스,계약해제.해지/위약금
2023025416,2023-05-16,여자,50 - 59세,서울특별시,국내온라인거래,룸에어컨,AS불만
2023025417,2023-05-16,여자,30 - 39세,서울특별시,일반판매,헬스장,계약해제.해지/위약금
2023025418,2023-05-16,여자,30 - 39세,서울특별시,일반판매,포장이사운송서비스,품질(물품/용역)
2023025419,2023-05-16,여자,30 - 39세,충청북도,국내온라인거래,전기다리미,품질(물품/용역)
2023025421,2023-05-16,남자,30 - 39세,서울특별시,국내온라인거래,컴퓨터S/W개발(홈페이지제작),계약해제.해지/위약금
2023025422,2023-05-16,여자,80세이상,경상남도,일반판매,이동전화서비스,청약철회
2023025423,2023-05-16,여자,30 - 39세,경기도,일반판매,전기장판,안전(제품/시설)
2023025424,2023-05-16,여자,30 - 39세,경기도,일반판매,포장이사운송서비스,계약해제.해지/위약금
2023025425,2023-05-16,여자,20 - 29세,전라북도,일반판매,기타미분류서비스,계약불이행(불완전이행)
2023025426,2023-05-16,여자,30 - 39세,서울특별시,국내온라인거래,CD·LD·DVD(영화·음악·게임),청약철회
2023025427,2023-05-16,남자,40 - 49세,제주도,전화권유판매,기타매체광고,계약해제.해지/위약금
2023025428,2023-05-16,남자,50 - 59세,서울특별시,국내온라인거래,공기청정기,청약철회
2023025429,2023-05-16,여자,30 - 39세,울산광역시,모바일거래,기타어패류·어패류가공식품,계약불이행(불완전이행)
2023025430,2023-05-16,여자,40 - 49세,서울특별시,방문판매,종합체육시설회원권,계약해제.해지/위약금
2023025431,2023-05-16,여자,20 - 29세,경상남도,방문판매,헬스장,계약해제.해지/위약금
2023025432,2023-05-16,남자,20 - 29세,경기도,국내온라인거래,노트북컴퓨터,청약철회
2023025433,2023-05-16,남자,30 - 39세,서울특별시,국내온라인거래,캐주얼바지,계약불이행(불완전이행)
2023025434,2023-05-16,여자,40 - 49세,충청북도,방문판매,빵,안전(제품/시설)
2023025435,2023-05-16,남자,50 - 59세,울산광역시,기타,골프용품,품질(물품/용역)
2023025436,2023-05-16,남자,50 - 59세,전라북도,기타통신판매,유사투자자문,계약불이행(불완전이행)
2023025437,2023-05-16,여자,30 - 39세,충청북도,국내온라인거래,운동화,품질(물품/용역)
2023025438,2023-05-16,여자,30 - 39세,광주광역시,방문판매,애완동물이·미용서비스,품질(물품/용역)
2023025439,2023-05-16,남자,30 - 39세,서울특별시,국내온라인거래,컴퓨터모니터(데스크탑),부당행위
2023025440,2023-05-16,남자,40 - 49세,강원특별자치도,국내온라인거래,남자용내의류,계약불이행(불완전이행)
2023025441,2023-05-16,남자,30 - 39세,제주도,일반판매,결혼준비대행서비스,계약해제.해지/위약금
2023025442,2023-05-16,남자,40 - 49세,서울특별시,국내온라인거래,기타숙박시설,표시.광고
2023025443,2023-05-16,남자,30 - 39세,전라북도,국내온라인거래,항공여객운송서비스,품질(물품/용역)
2023025445,2023-05-16,남자,40 - 49세,서울특별시,기타통신판매,인터넷교육서비스,계약해제.해지/위약금
2023025446,2023-05-16,남자,30 - 39세,서울특별시,국내온라인거래,침대,계약불이행(불완전이행)
2023025447,2023-05-16,여자,30 - 39세,인천광역시,국내온라인거래,여자용내의류,청약철회
2023025448,2023-05-16,여자,40 - 49세,경기도,전화권유판매,인터넷정보이용서비스,계약해제.해지/위약금
2023025449,2023-05-16,여자,30 - 39세,제주도,일반판매,식사배달,품질(물품/용역)
2023025450,2023-05-16,여자,30 - 39세,경기도,일반판매,필라테스,계약해제.해지/위약금
2023025451,2023-05-16,여자,50 - 59세,대구광역시,기타,아파트,표시.광고
2023025452,2023-05-16,여자,40 - 49세,강원특별자치도,일반판매,기타숙박시설,청약철회
2023025453,2023-05-16,여자,30 - 39세,충청남도,국내온라인거래,기타간편복,부당채권추심
2023025454,2023-05-16,여자,40 - 49세,대구광역시,국내온라인거래,침대,품질(물품/용역)
2023025455,2023-05-16,여자,30 - 39세,서울특별시,국내온라인거래,기타사설강습서비스,계약해제.해지/위약금
2023025456,2023-05-16,여자,40 - 49세,광주광역시,노상판매,학습지,계약해제.해지/위약금
2023025457,2023-05-16,남자,30 - 39세,경상남도,국내온라인거래,기타숙박시설,계약해제.해지/위약금
2023025458,2023-05-16,여자,20 - 29세,광주광역시,일반판매,헬스장,계약해제.해지/위약금
2023025459,2023-05-16,남자,40 - 49세,경기도,기타통신판매,모바일정보이용서비스,계약불이행(불완전이행)
2023025460,2023-05-16,남자,20 - 29세,경기도,일반판매,헬스장,계약해제.해지/위약금
2023025461,2023-05-16,남자,30 - 39세,부산광역시,일반판매,소파,품질(물품/용역)
2023025462,2023-05-16,남자,80세이상,강원특별자치도,기타통신판매,기타농업용기계,품질(물품/용역)
2023025463,2023-05-16,여자,30 - 39세,서울특별시,일반판매,피부·체형관리서비스,계약불이행(불완전이행)
2023025464,2023-05-16,여자,20 - 29세,서울특별시,방문판매,헬스장,계약해제.해지/위약금
2023025465,2023-05-16,여자,30 - 39세,강원특별자치도,국내온라인거래,점퍼·재킷류,청약철회
2023025466,2023-05-16,남자,40 - 49세,경기도,국내온라인거래,호텔,계약불이행(불완전이행)
2023025467,2023-05-16,남자,20 - 29세,인천광역시,일반판매,헬스장,계약해제.해지/위약금
2023025468,2023-05-16,여자,30 - 39세,부산광역시,방문판매,요가,계약해제.해지/위약금
2023025469,2023-05-16,남자,30 - 39세,경기도,국내온라인거래,기타숙박시설,표시.광고
2023025470,2023-05-16,남자,20 - 29세,경기도,일반판매,기타사설강습서비스,품질(물품/용역)
2023025471,2023-05-16,여자,20 - 29세,서울특별시,모바일거래,모바일정보이용서비스,계약해제.해지/위약금
2023025472,2023-05-16,남자,50 - 59세,서울특별시,국내온라인거래,노트북컴퓨터,청약철회
2023025474,2023-05-16,여자,40 - 49세,서울특별시,방문판매,국외여행,계약해제.해지/위약금
2023025475,2023-05-16,여자,20 - 29세,대구광역시,방문판매,필라테스,계약해제.해지/위약금
2023025476,2023-05-16,여자,40 - 49세,인천광역시,국내온라인거래,기타책상·테이블류,품질(물품/용역)
2023025477,2023-05-16,남자,30 - 39세,인천광역시,일반판매,스프링매트리스,품질(물품/용역)
2023025478,2023-05-16,남자,30 - 39세,강원특별자치도,소셜커머스(쇼핑),기타가구,계약불이행(불완전이행)
2023025479,2023-05-16,남자,30 - 39세,서울특별시,방문판매,기타회원권,계약해제.해지/위약금
2023025480,2023-05-16,여자,50 - 59세,경상북도,국내온라인거래,기타조명기기,청약철회
2023025481,2023-05-16,여자,40 - 49세,경상북도,방문판매,인터넷교육서비스,계약해제.해지/위약금
2023025482,2023-05-16,여자,30 - 39세,대구광역시,국내온라인거래,아동복,품질(물품/용역)
2023025484,2023-05-16,여자,20 - 29세,서울특별시,일반판매,헬스장,계약해제.해지/위약금
2023025485,2023-05-16,남자,30 - 39세,경기도,전화권유판매,국내결혼중개,계약해제.해지/위약금
2023025486,2023-05-16,남자,30 - 39세,경기도,전화권유판매,이동전화서비스,가격.요금
2023025487,2023-05-16,여자,30 - 39세,경기도,국내온라인거래,기타인터넷기반서비스,계약불이행(불완전이행)
2023025488,2023-05-16,남자,30 - 39세,경기도,기타,보석·귀금속,청약철회
2023025489,2023-05-16,여자,50 - 59세,전라남도,일반판매,숙녀화(구두·부츠 등),품질(물품/용역)
2023025490,2023-05-16,여자,50 - 59세,제주도,소셜커머스(쇼핑),기타세트가구류,계약해제.해지/위약금
2023025491,2023-05-17,여자,40 - 49세,경기도,국내온라인거래,기타가방,품질(물품/용역)
2023025492,2023-05-17,여자,40 - 49세,경상북도,국내온라인거래,인터넷교육서비스,계약해제.해지/위약금
2023025493,2023-05-17,남자,60 - 64세,서울특별시,일반판매,중형승용자동차,AS불만
2023025494,2023-05-17,여자,30 - 39세,강원특별자치도,일반판매,숙녀복상의,청약철회
2023025495,2023-05-17,여자,20 - 29세,광주광역시,일반판매,여자용내의류,계약해제.해지/위약금
2023025497,2023-05-17,여자,30 - 39세,경기도,국내온라인거래,펜션,계약해제.해지/위약금
2023025498,2023-05-17,여자,30 - 39세,경기도,국내온라인거래,애완동·식물용품,청약철회
2023025499,2023-05-17,여자,50 - 59세,대구광역시,소셜커머스(쇼핑),블루투스스피커,품질(물품/용역)
2023025500,2023-05-17,여자,40 - 49세,서울특별시,국내온라인거래,기타문화·오락시설이용,표시.광고
2023025501,2023-05-17,남자,65 - 69세,충청북도,국내온라인거래,항공여객운송서비스,계약해제.해지/위약금
2023025502,2023-05-17,남자,70 - 79세,서울특별시,일반판매,전기자전거,품질(물품/용역)
2023025503,2023-05-17,남자,65 - 69세,경기도,전화권유판매,상조서비스,계약해제.해지/위약금
2023025504,2023-05-17,남자,65 - 69세,서울특별시,일반판매,실손보험,약관
2023025505,2023-05-17,여자,30 - 39세,서울특별시,일반판매,수영장회원권,계약해제.해지/위약금
2023025506,2023-05-17,여자,50 - 59세,대구광역시,기타,필라테스,계약해제.해지/위약금
2023025508,2023-05-17,여자,30 - 39세,서울특별시,일반판매,산후조리원,계약해제.해지/위약금
2023025509,2023-05-17,여자,40 - 49세,서울특별시,일반판매,요가,계약불이행(불완전이행)
2023025510,2023-05-17,여자,40 - 49세,충청북도,방문판매,기타일반화장품,청약철회
2023025511,2023-05-17,남자,70 - 79세,서울특별시,일반판매,음식물처리기대여(렌트),품질(물품/용역)
2023025512,2023-05-17,여자,60 - 64세,대구광역시,국내온라인거래,실손보험,계약불이행(불완전이행)
2023025513,2023-05-17,여자,30 - 39세,경기도,국내온라인거래,항공여객운송서비스,청약철회
2023025514,2023-05-17,여자,50 - 59세,서울특별시,일반판매,수영장회원권,계약해제.해지/위약금
2023025515,2023-05-17,여자,40 - 49세,충청남도,국내온라인거래,기타의류·섬유,표시.광고
2023025516,2023-05-17,남자,40 - 49세,경기도,일반판매,일반자전거,품질(물품/용역)
2023025518,2023-05-17,남자,40 - 49세,경기도,일반판매,기타인테리어설비,안전(제품/시설)
2023025519,2023-05-17,여자,40 - 49세,경기도,국내온라인거래,기타가방,계약불이행(불완전이행)
2023025520,2023-05-17,남자,40 - 49세,인천광역시,일반판매,전자담배,AS불만
2023025521,2023-05-17,여자,70 - 79세,광주광역시,기타,안마의자대여(렌트),품질(물품/용역)
2023025523,2023-05-17,여자,50 - 59세,충청남도,일반판매,캐주얼바지,품질(물품/용역)
2023025524,2023-05-17,여자,30 - 39세,경기도,방문판매,헬스장,계약해제.해지/위약금
2023025525,2023-05-17,여자,30 - 39세,경기도,기타통신판매,사진촬영,계약해제.해지/위약금
2023025526,2023-05-17,남자,20 - 29세,서울특별시,국내온라인거래,항공여객운송서비스,계약해제.해지/위약금
2023025527,2023-05-17,여자,30 - 39세,서울특별시,국내온라인거래,항공여객운송서비스,계약불이행(불완전이행)
2023025528,2023-05-17,남자,40 - 49세,경상남도,국내온라인거래,기타문화용품,청약철회
2023025530,2023-05-17,남자,60 - 64세,경기도,국내온라인거래,항공여객운송서비스,거래관행
2023025531,2023-05-17,여자,30 - 39세,서울특별시,모바일거래,항공여객운송서비스,계약불이행(불완전이행)
2023025532,2023-05-17,남자,65 - 69세,제주도,기타통신판매,자동차대여(렌트),계약해제.해지/위약금
2023025533,2023-05-17,남자,65 - 69세,경기도,일반판매,이동전화서비스,계약불이행(불완전이행)
2023025534,2023-05-17,여자,20 - 29세,경기도,전화권유판매,전기자전거,품질(물품/용역)
2023025535,2023-05-17,남자,30 - 39세,전라북도,국내온라인거래,티셔츠,품질(물품/용역)
2023025536,2023-05-17,남자,40 - 49세,서울특별시,국내온라인거래,기타가방,계약불이행(불완전이행)
2023025537,2023-05-17,여자,30 - 39세,서울특별시,국내온라인거래,피자,부당행위
2023025538,2023-05-17,남자,65 - 69세,경상남도,방문판매,기타식생활기기,품질(물품/용역)
2023025539,2023-05-17,여자,50 - 59세,경기도,국내온라인거래,티셔츠,품질(물품/용역)
2023025540,2023-05-17,여자,30 - 39세,경기도,일반판매,사진촬영,계약해제.해지/위약금
2023025541,2023-05-17,여자,40 - 49세,부산광역시,일반판매,양복(서양식 의복)세탁,품질(물품/용역)
2023025542,2023-05-17,남자,60 - 64세,경기도,일반판매,인터넷정보이용서비스,계약불이행(불완전이행)
2023025543,2023-05-17,여자,65 - 69세,서울특별시,기타통신판매,포장이사운송서비스,계약불이행(불완전이행)
2023025544,2023-05-17,여자,50 - 59세,부산광역시,일반판매,기타가방,청약철회
2023025545,2023-05-17,여자,65 - 69세,경상북도,일반판매,숙녀복하의,품질(물품/용역)
2023025546,2023-05-17,여자,50 - 59세,경기도,일반판매,양복(서양식 의복)세탁,품질(물품/용역)
2023025547,2023-05-17,남자,50 - 59세,경기도,국내온라인거래,노트북컴퓨터,품질(물품/용역)
2023025548,2023-05-17,여자,30 - 39세,대구광역시,일반판매,기타숙박시설,계약해제.해지/위약금
2023025549,2023-05-17,여자,20 - 29세,서울특별시,방문판매,다이어트식품,계약해제.해지/위약금
2023025550,2023-05-17,남자,50 - 59세,서울특별시,일반판매,자동차수리·점검,품질(물품/용역)
2023025551,2023-05-17,여자,40 - 49세,경상북도,일반판매,인터넷교육서비스,계약해제.해지/위약금
2023025552,2023-05-17,여자,30 - 39세,경기도,국내온라인거래,기타의류·섬유,계약불이행(불완전이행)
2023025554,2023-05-17,여자,60 - 64세,서울특별시,국내온라인거래,호텔,계약해제.해지/위약금
2023025555,2023-05-17,여자,20 - 29세,경기도,일반판매,헬스장,계약해제.해지/위약금
2023025556,2023-05-17,남자,60 - 64세,경기도,일반판매,티셔츠,품질(물품/용역)
2023025557,2023-05-17,남자,40 - 49세,서울특별시,일반판매,기타민영보험,약관
2023025558,2023-05-17,여자,30 - 39세,경기도,일반판매,양복(서양식 의복)세탁,품질(물품/용역)
2023025559,2023-05-17,남자,30 - 39세,서울특별시,국내온라인거래,인터넷정보이용서비스,부당행위
2023025560,2023-05-17,여자,65 - 69세,서울특별시,일반판매,점퍼·재킷류,품질(물품/용역)
2023025561,2023-05-17,남자,20 - 29세,충청남도,일반판매,자동차세차,부당행위
2023025562,2023-05-17,여자,60 - 64세,경상남도,국제온라인거래,전기자전거,청약철회
2023025563,2023-05-17,여자,40 - 49세,경기도,모바일거래,국외여행,계약불이행(불완전이행)
2023025565,2023-05-17,남자,65 - 69세,경기도,기타통신판매,전세자동차운송서비스,청약철회
2023025566,2023-05-17,여자,60 - 64세,경기도,일반판매,실손보험,계약불이행(불완전이행)
2023025567,2023-05-17,여자,30 - 39세,대전광역시,기타통신판매,기타숙박시설,계약해제.해지/위약금
2023025568,2023-05-17,남자,30 - 39세,인천광역시,일반판매,경비·관리서비스,계약해제.해지/위약금
2023025569,2023-05-17,남자,60 - 64세,강원특별자치도,기타,국내결혼중개,계약해제.해지/위약금
2023025570,2023-05-17,여자,50 - 59세,광주광역시,일반판매,기타가방,품질(물품/용역)
2023025571,2023-05-17,여자,20 - 29세,서울특별시,일반판매,기타사설강습서비스,계약해제.해지/위약금
2023025572,2023-05-17,남자,50 - 59세,경기도,일반판매,티셔츠,품질(물품/용역)
2023025573,2023-05-17,남자,50 - 59세,전라남도,일반판매,캐주얼바지,품질(물품/용역)
2023025574,2023-05-17,남자,30 - 39세,경기도,일반판매,헬스장,계약해제.해지/위약금
2023025575,2023-05-17,남자,40 - 49세,경상남도,일반판매,양복(서양식 의복)세탁,품질(물품/용역)
2023025576,2023-05-17,여자,30 - 39세,전라남도,국내온라인거래,노트북컴퓨터,품질(물품/용역)
2023025577,2023-05-17,남자,40 - 49세,경상남도,일반판매,양복(서양식 의복)세탁,품질(물품/용역)
2023025578,2023-05-17,여자,불명,경상남도,일반판매,양복(서양식 의복)세탁,품질(물품/용역)
2023025580,2023-05-17,여자,50 - 59세,경기도,일반판매,기타미분류서비스,계약해제.해지/위약금
2023025581,2023-05-17,여자,30 - 39세,경기도,국내온라인거래,그릇세트,품질(물품/용역)
2023025582,2023-05-17,남자,40 - 49세,인천광역시,국내온라인거래,티셔츠,품질(물품/용역)
2023025583,2023-05-17,남자,40 - 49세,경기도,모바일거래,다이어트식품,계약해제.해지/위약금
2023025585,2023-05-17,남자,30 - 39세,경기도,일반판매,스마트폰,AS불만
2023025586,2023-05-17,여자,40 - 49세,전라북도,기타통신판매,IPTV,계약불이행(불완전이행)
2023025587,2023-05-17,여자,40 - 49세,충청북도,모바일거래,캐주얼바지,계약불이행(불완전이행)
2023025589,2023-05-17,남자,70 - 79세,경기도,일반판매,기타회원권,계약불이행(불완전이행)
2023025590,2023-05-17,여자,40 - 49세,인천광역시,일반판매,사진촬영,계약해제.해지/위약금
2023025591,2023-05-17,여자,40 - 49세,세종특별자치시,국내온라인거래,기타어패류·어패류가공식품,품질(물품/용역)
2023025592,2023-05-17,남자,40 - 49세,부산광역시,방문판매,국제결혼중개,계약해제.해지/위약금
2023025593,2023-05-17,여자,40 - 49세,강원특별자치도,전화권유판매,모바일정보이용서비스,계약불이행(불완전이행)
2023025594,2023-05-17,여자,30 - 39세,경기도,기타,기타가구,AS불만
2023025595,2023-05-17,남자,불명,전라남도,전화권유판매,인터넷정보이용서비스,계약불이행(불완전이행)
2023025596,2023-05-17,여자,40 - 49세,광주광역시,일반판매,점퍼·재킷류,품질(물품/용역)
2023025597,2023-05-17,여자,30 - 39세,서울특별시,국내온라인거래,숙녀화(구두·부츠 등),품질(물품/용역)
2023025598,2023-05-17,남자,30 - 39세,경상남도,기타,아파트,품질(물품/용역)
2023025599,2023-05-17,여자,30 - 39세,서울특별시,국내온라인거래,여자용내의류,청약철회
2023025600,2023-05-17,남자,20 - 29세,경기도,모바일거래,룸에어컨,품질(물품/용역)
2023025601,2023-05-17,남자,30 - 39세,서울특별시,국내온라인거래,장식장,청약철회
2023025602,2023-05-17,여자,40 - 49세,경기도,모바일거래,이동전화서비스,가격.요금
2023025603,2023-05-17,여자,30 - 39세,경상북도,국내온라인거래,항공여객운송서비스,계약해제.해지/위약금
2023025604,2023-05-17,남자,40 - 49세,대구광역시,국내온라인거래,떡류,청약철회
2023025605,2023-05-17,남자,30 - 39세,경기도,방문판매,침대,품질(물품/용역)
2023025606,2023-05-17,여자,20 - 29세,대구광역시,국내온라인거래,기타의류·섬유,청약철회
2023025607,2023-05-17,남자,40 - 49세,광주광역시,TV홈쇼핑,음식물처리기대여(렌트),계약해제.해지/위약금
2023025608,2023-05-17,남자,30 - 39세,서울특별시,일반판매,포장이사운송서비스,품질(물품/용역)
2023025609,2023-05-17,여자,50 - 59세,서울특별시,방문판매,가스보일러,품질(물품/용역)
2023025610,2023-05-17,남자,40 - 49세,전라남도,전화권유판매,다이어트식품,품질(물품/용역)
2023025611,2023-05-17,남자,60 - 64세,울산광역시,국내온라인거래,항공여객운송서비스,청약철회
2023025612,2023-05-17,남자,30 - 39세,서울특별시,모바일거래,항공여객운송서비스,계약해제.해지/위약금
2023025613,2023-05-17,남자,30 - 39세,서울특별시,국내온라인거래,스포츠관람,계약해제.해지/위약금
2023025614,2023-05-17,남자,40 - 49세,경기도,국내온라인거래,국외여행,계약불이행(불완전이행)
2023025615,2023-05-17,남자,50 - 59세,충청북도,일반판매,묘목·모종,품질(물품/용역)
2023025616,2023-05-17,여자,30 - 39세,서울특별시,국내온라인거래,기타문화·오락시설이용,계약해제.해지/위약금
2023025617,2023-05-17,남자,20 - 29세,광주광역시,기타,기타이·미용서비스,계약해제.해지/위약금
2023025618,2023-05-17,여자,40 - 49세,서울특별시,일반판매,애완고양이,청약철회
2023025619,2023-05-17,여자,20 - 29세,경기도,일반판매,헬스장,계약해제.해지/위약금
2023025620,2023-05-17,여자,40 - 49세,인천광역시,국내온라인거래,니트(스웨터),청약철회
2023025621,2023-05-17,여자,20 - 29세,서울특별시,일반판매,피부·체형관리서비스,계약해제.해지/위약금
2023025623,2023-05-17,여자,40 - 49세,부산광역시,국내온라인거래,보석·귀금속,계약불이행(불완전이행)
2023025624,2023-05-17,남자,30 - 39세,충청북도,전화권유판매,초고속인터넷,계약불이행(불완전이행)
2023025625,2023-05-17,여자,20 - 29세,경기도,방문판매,헬스장,계약해제.해지/위약금
2023025626,2023-05-17,여자,20 - 29세,충청북도,국내온라인거래,운동화,청약철회
2023025627,2023-05-17,남자,30 - 39세,서울특별시,국내온라인거래,호텔,계약불이행(불완전이행)
2023025628,2023-05-17,여자,30 - 39세,인천광역시,일반판매,피부·체형관리서비스,계약해제.해지/위약금
2023025629,2023-05-17,남자,40 - 49세,인천광역시,기타,골프회원권,계약해제.해지/위약금
2023025630,2023-05-17,여자,50 - 59세,서울특별시,국내온라인거래,외식,계약해제.해지/위약금
2023025631,2023-05-17,여자,30 - 39세,서울특별시,일반판매,필라테스,계약해제.해지/위약금
2023025632,2023-05-17,여자,50 - 59세,서울특별시,소셜커머스(쇼핑),점퍼·재킷류,청약철회
2023025633,2023-05-17,여자,30 - 39세,서울특별시,국내온라인거래,소파,청약철회
2023025634,2023-05-17,남자,30 - 39세,서울특별시,기타,도시가스,가격.요금
2023025635,2023-05-17,남자,30 - 39세,경기도,일반판매,소파,품질(물품/용역)
2023025636,2023-05-17,여자,60 - 64세,서울특별시,일반판매,레인지후드,AS불만
2023025637,2023-05-17,남자,20 - 29세,경상북도,국내온라인거래,인터넷교육서비스,계약불이행(불완전이행)
2023025638,2023-05-17,여자,30 - 39세,경기도,국내온라인거래,모자,표시.광고
2023025639,2023-05-17,여자,50 - 59세,경기도,일반판매,골프회원권,계약해제.해지/위약금
2023025640,2023-05-17,남자,30 - 39세,경기도,국내온라인거래,노트북컴퓨터,품질(물품/용역)
2023025641,2023-05-17,여자,20 - 29세,경기도,일반판매,미용서비스,품질(물품/용역)
2023025642,2023-05-17,남자,30 - 39세,경기도,일반판매,장난감꽃불,안전(제품/시설)
2023025643,2023-05-17,여자,30 - 39세,경기도,소셜커머스(쇼핑),전기세탁기,품질(물품/용역)
2023025644,2023-05-17,여자,20 - 29세,경기도,일반판매,헬스장,계약해제.해지/위약금
2023025645,2023-05-17,여자,30 - 39세,대구광역시,일반판매,사진촬영,계약불이행(불완전이행)
2023025646,2023-05-17,여자,30 - 39세,충청남도,방문판매,학습지,계약해제.해지/위약금
2023025647,2023-05-17,남자,50 - 59세,경기도,기타,전기장판,안전(제품/시설)
2023025648,2023-05-17,남자,60 - 64세,경상남도,기타,화장실설비,청약철회
2023025649,2023-05-17,남자,40 - 49세,경기도,국내온라인거래,태블릿PC,품질(물품/용역)
2023025650,2023-05-17,남자,30 - 39세,경기도,방문판매,기타방문·통신교육서비스,계약해제.해지/위약금
2023025651,2023-05-17,남자,20 - 29세,서울특별시,기타,스마트폰,약관
2023025652,2023-05-17,여자,30 - 39세,광주광역시,기타,의류관리기(스타일러 등),AS불만
2023025653,2023-05-17,남자,40 - 49세,경기도,일반판매,경비·관리서비스,부당채권추심
2023025654,2023-05-17,여자,50 - 59세,서울특별시,전화권유판매,인터넷교육서비스,계약해제.해지/위약금
2023025655,2023-05-17,여자,40 - 49세,인천광역시,국내온라인거래,보석·귀금속,품질(물품/용역)
2023025656,2023-05-17,여자,30 - 39세,서울특별시,기타통신판매,기타미분류서비스,계약불이행(불완전이행)
2023025657,2023-05-17,여자,50 - 59세,경기도,일반판매,종합체육시설회원권,계약해제.해지/위약금
2023025658,2023-05-17,여자,40 - 49세,경기도,일반판매,냉장고,청약철회
2023025659,2023-05-17,남자,20 - 29세,서울특별시,국내온라인거래,인터넷교육서비스,계약해제.해지/위약금
2023025661,2023-05-17,남자,20 - 29세,대전광역시,방문판매,기타회원권,계약해제.해지/위약금
2023025662,2023-05-17,남자,30 - 39세,경기도,국내온라인거래,기타의류·섬유,부당행위
2023025663,2023-05-17,남자,20 - 29세,전라남도,일반판매,기타회원권,계약해제.해지/위약금
2023025664,2023-05-17,여자,50 - 59세,경기도,일반판매,포장이사운송서비스,계약불이행(불완전이행)
2023025665,2023-05-17,남자,30 - 39세,대구광역시,일반판매,기타숙박시설,약관
2023025666,2023-05-17,남자,30 - 39세,서울특별시,기타,헬스장,계약해제.해지/위약금
2023025667,2023-05-17,남자,40 - 49세,서울특별시,국내온라인거래,초고속인터넷,품질(물품/용역)
2023025668,2023-05-17,남자,40 - 49세,경기도,일반판매,식탁,청약철회
2023025669,2023-05-17,여자,40 - 49세,대구광역시,일반판매,냉장고,품질(물품/용역)
2023025670,2023-05-17,여자,20 - 29세,부산광역시,일반판매,점퍼·재킷류,계약해제.해지/위약금
2023025671,2023-05-17,여자,30 - 39세,서울특별시,일반판매,일반강습(입시학원등),계약해제.해지/위약금
2023025672,2023-05-17,남자,30 - 39세,인천광역시,일반판매,경비·관리서비스,계약불이행(불완전이행)
2023025673,2023-05-17,남자,50 - 59세,경기도,일반판매,TV,품질(물품/용역)
2023025675,2023-05-17,남자,40 - 49세,대전광역시,기타,부동산담보대출,계약불이행(불완전이행)
2023025676,2023-05-17,여자,20 - 29세,서울특별시,기타,헬스장,계약해제.해지/위약금
2023025677,2023-05-17,남자,30 - 39세,경상북도,방문판매,기타방문·통신교육서비스,계약해제.해지/위약금
2023025678,2023-05-17,여자,30 - 39세,서울특별시,국내온라인거래,항공여객운송서비스,청약철회
2023025679,2023-05-17,여자,20 - 29세,서울특별시,일반판매,헬스장,계약해제.해지/위약금
2023025680,2023-05-17,남자,50 - 59세,강원특별자치도,기타,카메라,AS불만
2023025681,2023-05-17,남자,30 - 39세,경상남도,일반판매,포장이사운송서비스,부당행위
2023025682,2023-05-17,남자,40 - 49세,서울특별시,일반판매,가스보일러,품질(물품/용역)
2023025683,2023-05-17,남자,40 - 49세,서울특별시,국내온라인거래,항공여객운송서비스,계약해제.해지/위약금
2023025684,2023-05-17,남자,20 - 29세,경상남도,국제온라인거래,기타놀이·게임기구,품질(물품/용역)
2023025685,2023-05-17,여자,40 - 49세,경기도,일반판매,국외여행,계약불이행(불완전이행)
2023025686,2023-05-17,여자,40 - 49세,서울특별시,국내온라인거래,펜션,품질(물품/용역)
2023025687,2023-05-17,여자,50 - 59세,경기도,국내온라인거래,마우스,청약철회
2023025688,2023-05-17,여자,40 - 49세,광주광역시,일반판매,헬스장,계약해제.해지/위약금
2023025689,2023-05-17,여자,10 - 19세,충청북도,국내온라인거래,각종공연관람,표시.광고
2023025690,2023-05-17,여자,30 - 39세,경상남도,기타,수영장회원권,계약해제.해지/위약금
2023025691,2023-05-17,남자,30 - 39세,경기도,국내온라인거래,기타문화·오락시설이용,계약해제.해지/위약금
2023025692,2023-05-18,여자,60 - 64세,서울특별시,국내온라인거래,기타보온·보냉기기,품질(물품/용역)
2023025693,2023-05-18,여자,30 - 39세,서울특별시,국내온라인거래,신유형상품권,계약해제.해지/위약금
2023025694,2023-05-18,남자,40 - 49세,경기도,일반판매,기타자동차용품,AS불만
2023025695,2023-05-18,여자,50 - 59세,부산광역시,국내온라인거래,신유형상품권,계약해제.해지/위약금
2023025696,2023-05-18,여자,30 - 39세,서울특별시,국내온라인거래,신유형상품권,계약해제.해지/위약금
2023025697,2023-05-18,남자,40 - 49세,경기도,전화권유판매,인터넷정보이용서비스,계약해제.해지/위약금
2023025698,2023-05-18,여자,30 - 39세,서울특별시,일반판매,신유형상품권,계약해제.해지/위약금
2023025699,2023-05-18,여자,20 - 29세,서울특별시,일반판매,기타이·미용서비스,계약해제.해지/위약금
2023025700,2023-05-18,여자,30 - 39세,경기도,국내온라인거래,세탁물건조용품,품질(물품/용역)
2023025701,2023-05-18,여자,40 - 49세,경기도,일반판매,신유형상품권,계약불이행(불완전이행)
2023025702,2023-05-18,여자,40 - 49세,서울특별시,일반판매,기타이·미용서비스,계약해제.해지/위약금
2023025704,2023-05-18,남자,20 - 29세,경기도,국내온라인거래,샌들·슬리퍼,품질(물품/용역)
2023025705,2023-05-18,남자,50 - 59세,경기도,국내온라인거래,복합기,품질(물품/용역)
2023025706,2023-05-18,남자,50 - 59세,서울특별시,모바일거래,기타가방,계약불이행(불완전이행)
2023025707,2023-05-18,여자,20 - 29세,서울특별시,일반판매,고시원이용,계약해제.해지/위약금
2023025709,2023-05-18,남자,30 - 39세,경기도,국내온라인거래,텐트,AS불만
2023025710,2023-05-18,여자,50 - 59세,서울특별시,기타,정형외과,품질(물품/용역)
2023025711,2023-05-18,남자,30 - 39세,경기도,기타,기타병·의원서비스,품질(물품/용역)
2023025712,2023-05-18,여자,50 - 59세,경기도,일반판매,각종자격취득강습,계약해제.해지/위약금
2023025713,2023-05-18,여자,50 - 59세,경상북도,기타,반포장이사운송서비스,계약불이행(불완전이행)
2023025714,2023-05-18,여자,30 - 39세,충청북도,일반판매,운동화,품질(물품/용역)
2023025715,2023-05-18,여자,60 - 64세,경상남도,일반판매,건강(암·기타질병)보험,약관
2023025716,2023-05-18,남자,50 - 59세,대구광역시,모바일거래,타이어,계약불이행(불완전이행)
2023025717,2023-05-18,여자,50 - 59세,광주광역시,일반판매,정형외과,품질(물품/용역)
2023025718,2023-05-18,여자,30 - 39세,서울특별시,일반판매,요가,계약해제.해지/위약금
2023025719,2023-05-18,여자,30 - 39세,인천광역시,방문판매,인터넷교육서비스,계약해제.해지/위약금
2023025720,2023-05-18,여자,20 - 29세,경기도,일반판매,헬스장,계약해제.해지/위약금
2023025721,2023-05-18,남자,50 - 59세,서울특별시,국내온라인거래,자동차대여(렌트),계약해제.해지/위약금
2023025722,2023-05-18,남자,50 - 59세,경상남도,기타통신판매,유사투자자문,계약해제.해지/위약금
2023025723,2023-05-18,여자,20 - 29세,인천광역시,일반판매,기타사설강습서비스,계약해제.해지/위약금
2023025724,2023-05-18,여자,50 - 59세,경기도,일반판매,가정의학과,품질(물품/용역)
2023025725,2023-05-18,여자,20 - 29세,경기도,국내온라인거래,스커트,청약철회
2023025726,2023-05-18,여자,40 - 49세,서울특별시,국내온라인거래,점퍼·재킷류,청약철회
2023025727,2023-05-18,남자,30 - 39세,대전광역시,국내온라인거래,중고자동차중개·매매,품질(물품/용역)
2023025728,2023-05-18,여자,40 - 49세,충청남도,국내온라인거래,샌들·슬리퍼,품질(물품/용역)
2023025729,2023-05-18,남자,40 - 49세,경기도,국내온라인거래,양복(서양식 의복)세탁,품질(물품/용역)
2023025730,2023-05-18,여자,20 - 29세,인천광역시,전화권유판매,인터넷정보이용서비스,계약불이행(불완전이행)
2023025731,2023-05-18,남자,30 - 39세,대구광역시,일반판매,자동차세차,계약불이행(불완전이행)
2023025733,2023-05-18,여자,50 - 59세,서울특별시,국내온라인거래,핸드백,품질(물품/용역)
2023025734,2023-05-18,남자,40 - 49세,경기도,국내온라인거래,양복(서양식 의복)세탁,품질(물품/용역)
2023025735,2023-05-18,여자,20 - 29세,전라북도,국내온라인거래,신발세탁,계약불이행(불완전이행)
2023025736,2023-05-18,남자,50 - 59세,인천광역시,국내온라인거래,소파,AS불만
2023025737,2023-05-18,남자,30 - 39세,경상남도,전화권유판매,인터넷정보이용서비스,계약해제.해지/위약금
2023025738,2023-05-18,여자,50 - 59세,광주광역시,국내온라인거래,블라우스,청약철회
2023025739,2023-05-18,여자,20 - 29세,경기도,일반판매,헬스장,계약해제.해지/위약금
2023025740,2023-05-18,여자,40 - 49세,충청북도,기타,사진촬영,계약해제.해지/위약금
2023025741,2023-05-18,남자,80세이상,충청북도,기타통신판매,기타의료용구,청약철회
2023025742,2023-05-18,남자,30 - 39세,서울특별시,기타통신판매,유사투자자문,계약해제.해지/위약금
2023025743,2023-05-18,남자,40 - 49세,경상남도,기타통신판매,유사투자자문,계약해제.해지/위약금
2023025744,2023-05-18,여자,30 - 39세,서울특별시,소셜커머스(쇼핑),신유형상품권,계약해제.해지/위약금
2023025745,2023-05-18,남자,40 - 49세,경기도,일반판매,신용카드,부당행위
2023025746,2023-05-18,남자,50 - 59세,경기도,일반판매,점퍼·재킷류,품질(물품/용역)
2023025747,2023-05-18,여자,50 - 59세,광주광역시,일반판매,종신보험,약관
2023025748,2023-05-18,여자,30 - 39세,경기도,방문판매,기타교재,청약철회
2023025749,2023-05-18,여자,40 - 49세,인천광역시,TV홈쇼핑,호텔,계약해제.해지/위약금
2023025750,2023-05-18,남자,30 - 39세,대구광역시,일반판매,대형승용자동차,품질(물품/용역)
2023025751,2023-05-18,여자,30 - 39세,서울특별시,국내온라인거래,메이크업강습,계약해제.해지/위약금
2023025752,2023-05-18,여자,50 - 59세,경기도,국내온라인거래,의자,품질(물품/용역)
2023025753,2023-05-18,남자,30 - 39세,서울특별시,일반판매,기타세탁서비스,품질(물품/용역)
2023025754,2023-05-18,여자,40 - 49세,경기도,일반판매,숙녀화(구두·부츠 등),품질(물품/용역)
2023025755,2023-05-18,여자,30 - 39세,광주광역시,전화권유판매,기타매체광고,계약해제.해지/위약금
2023025756,2023-05-18,남자,60 - 64세,경기도,일반판매,운동화,품질(물품/용역)
2023025758,2023-05-18,남자,40 - 49세,제주도,국내온라인거래,유사투자자문,부당행위
2023025759,2023-05-18,남자,50 - 59세,경기도,국내온라인거래,신사화(구두·부츠 등),품질(물품/용역)
2023025760,2023-05-18,남자,50 - 59세,서울특별시,일반판매,기타세탁서비스,품질(물품/용역)
2023025761,2023-05-18,남자,50 - 59세,충청남도,기타통신판매,유사투자자문,계약해제.해지/위약금
2023025762,2023-05-18,여자,20 - 29세,부산광역시,일반판매,미용서비스,품질(물품/용역)
2023025763,2023-05-18,남자,50 - 59세,부산광역시,일반판매,연금보험,약관
2023025764,2023-05-18,남자,40 - 49세,전라남도,일반판매,건강(암·기타질병)보험,약관
2023025765,2023-05-18,여자,50 - 59세,서울특별시,전화권유판매,유사투자자문,계약해제.해지/위약금
2023025766,2023-05-18,여자,70 - 79세,경기도,일반판매,비뇨의학과,품질(물품/용역)
2023025767,2023-05-18,남자,30 - 39세,부산광역시,국내온라인거래,의자,청약철회
2023025768,2023-05-18,남자,30 - 39세,서울특별시,일반판매,헬스장,계약해제.해지/위약금
2023025769,2023-05-18,여자,50 - 59세,서울특별시,일반판매,골프회원권,계약해제.해지/위약금
2023025770,2023-05-18,여자,30 - 39세,대구광역시,일반판매,헬스장,계약해제.해지/위약금
2023025771,2023-05-18,여자,50 - 59세,대구광역시,일반판매,피부·체형관리서비스,계약해제.해지/위약금
2023025773,2023-05-18,여자,30 - 39세,전라북도,국내온라인거래,옷장,표시.광고
2023025775,2023-05-18,여자,70 - 79세,경기도,일반판매,기타세탁서비스,품질(물품/용역)
2023025776,2023-05-18,여자,30 - 39세,서울특별시,국내온라인거래,서랍장,품질(물품/용역)
2023025777,2023-05-18,여자,50 - 59세,부산광역시,국내온라인거래,애완동·식물용품,품질(물품/용역)
2023025778,2023-05-18,여자,20 - 29세,경기도,일반판매,피부·체형관리서비스,품질(물품/용역)
2023025779,2023-05-18,여자,40 - 49세,경기도,기타,수영장회원권,계약해제.해지/위약금
2023025780,2023-05-18,남자,40 - 49세,인천광역시,일반판매,기타세탁서비스,품질(물품/용역)
2023025781,2023-05-18,남자,40 - 49세,경기도,국내온라인거래,핸드백,품질(물품/용역)
2023025782,2023-05-18,여자,40 - 49세,경기도,전화권유판매,인터넷정보이용서비스,계약해제.해지/위약금
2023025783,2023-05-18,여자,30 - 39세,경상남도,일반판매,기타세탁서비스,품질(물품/용역)
2023025784,2023-05-18,남자,20 - 29세,서울특별시,국내온라인거래,닭고기포장육,품질(물품/용역)
2023025785,2023-05-18,남자,40 - 49세,전라북도,일반판매,소형화물자동차,품질(물품/용역)
2023025786,2023-05-18,여자,40 - 49세,경상남도,일반판매,기타세탁서비스,품질(물품/용역)
2023025787,2023-05-18,여자,30 - 39세,경기도,기타,기타예식관련서비스,계약해제.해지/위약금
2023025788,2023-05-18,여자,50 - 59세,서울특별시,일반판매,마취통증의학과,부당행위
2023025789,2023-05-18,여자,40 - 49세,서울특별시,일반판매,요가,안전(제품/시설)
2023025790,2023-05-18,남자,30 - 39세,경기도,전화권유판매,미분류컨설팅(자문),계약해제.해지/위약금
2023025792,2023-05-18,남자,40 - 49세,충청남도,일반판매,이동전화서비스,청약철회
2023025793,2023-05-18,여자,40 - 49세,인천광역시,일반판매,점퍼·재킷류,품질(물품/용역)
2023025794,2023-05-18,여자,30 - 39세,경기도,기타,필라테스,안전(제품/시설)
2023025795,2023-05-18,여자,20 - 29세,서울특별시,일반판매,미용서비스,계약불이행(불완전이행)
2023025796,2023-05-18,여자,65 - 69세,서울특별시,일반판매,점퍼·재킷류,품질(물품/용역)
2023025797,2023-05-18,여자,20 - 29세,경기도,일반판매,헬스장,계약해제.해지/위약금
2023025798,2023-05-18,남자,20 - 29세,서울특별시,일반판매,요가,계약해제.해지/위약금
2023025799,2023-05-18,여자,50 - 59세,경상북도,일반판매,기타회원권,계약불이행(불완전이행)
2023025800,2023-05-18,남자,불명,서울특별시,일반판매,기타복지서비스,계약해제.해지/위약금
2023025801,2023-05-18,여자,50 - 59세,서울특별시,일반판매,점퍼·재킷류,품질(물품/용역)
2023025802,2023-05-18,여자,40 - 49세,인천광역시,국내온라인거래,항공여객운송서비스,계약해제.해지/위약금
2023025805,2023-05-18,여자,40 - 49세,경기도,일반판매,필라테스,계약해제.해지/위약금
2023025806,2023-05-18,남자,65 - 69세,경기도,일반판매,중형승용자동차,품질(물품/용역)
2023025807,2023-05-18,남자,40 - 49세,인천광역시,국내온라인거래,전동킥보드,품질(물품/용역)
2023025808,2023-05-18,여자,40 - 49세,경기도,전화권유판매,인터넷교육서비스,계약해제.해지/위약금
2023025810,2023-05-18,남자,30 - 39세,경기도,국내온라인거래,기타스포츠·레저기구·용품,표시.광고
2023025811,2023-05-18,남자,50 - 59세,인천광역시,일반판매,창호유리,품질(물품/용역)
2023025812,2023-05-18,남자,30 - 39세,경상북도,일반판매,종합체육시설회원권,계약해제.해지/위약금
2023025813,2023-05-18,남자,20 - 29세,서울특별시,일반판매,헬스장,계약해제.해지/위약금
2023025814,2023-05-18,여자,50 - 59세,대전광역시,국내온라인거래,소파,AS불만
2023025815,2023-05-18,여자,20 - 29세,서울특별시,국내온라인거래,티셔츠,청약철회
2023025816,2023-05-18,남자,30 - 39세,경기도,기타통신판매,이동전화서비스,계약해제.해지/위약금
2023025817,2023-05-18,여자,40 - 49세,서울특별시,국내온라인거래,여자용내의류,청약철회
2023025818,2023-05-18,남자,50 - 59세,서울특별시,일반판매,시스템에어컨,계약불이행(불완전이행)
2023025819,2023-05-18,여자,30 - 39세,경기도,방문판매,결혼준비대행서비스,청약철회
2023025820,2023-05-18,남자,30 - 39세,경기도,일반판매,고시원이용,계약해제.해지/위약금
2023025821,2023-05-18,여자,50 - 59세,서울특별시,TV홈쇼핑,국외여행,계약해제.해지/위약금
2023025822,2023-05-18,여자,50 - 59세,울산광역시,TV홈쇼핑,기타일반화장품,품질(물품/용역)
2023025823,2023-05-18,여자,20 - 29세,경기도,일반판매,헬스장,계약해제.해지/위약금
2023025824,2023-05-18,남자,20 - 29세,부산광역시,국내온라인거래,스포츠웨어,청약철회
2023025825,2023-05-18,남자,30 - 39세,경기도,일반판매,헬스장,계약해제.해지/위약금
2023025826,2023-05-18,여자,20 - 29세,경기도,전화권유판매,기타매체광고,계약해제.해지/위약금
2023025827,2023-05-18,남자,30 - 39세,부산광역시,일반판매,사진촬영,계약해제.해지/위약금
2023025828,2023-05-18,여자,40 - 49세,경상남도,기타통신판매,초고속인터넷,계약해제.해지/위약금
2023025829,2023-05-18,여자,65 - 69세,제주도,국내온라인거래,호텔,계약해제.해지/위약금
2023025830,2023-05-18,여자,20 - 29세,경기도,일반판매,헬스장,계약해제.해지/위약금
2023025831,2023-05-18,여자,30 - 39세,경기도,일반판매,헬스장,계약해제.해지/위약금
2023025832,2023-05-18,남자,30 - 39세,경상북도,일반판매,결혼준비대행서비스,계약해제.해지/위약금
2023025833,2023-05-18,남자,30 - 39세,경기도,전화권유판매,기타인터넷기반서비스,계약해제.해지/위약금
2023025834,2023-05-18,여자,40 - 49세,부산광역시,국내온라인거래,버스여객운송서비스,계약해제.해지/위약금
2023025835,2023-05-18,여자,50 - 59세,인천광역시,일반판매,필라테스,계약해제.해지/위약금
2023025836,2023-05-18,여자,50 - 59세,경상남도,방문판매,기타매체광고,계약해제.해지/위약금
2023025837,2023-05-18,남자,20 - 29세,부산광역시,일반판매,헬스장,계약해제.해지/위약금
2023025838,2023-05-18,여자,30 - 39세,서울특별시,국내온라인거래,항공여객운송서비스,계약해제.해지/위약금
2023025839,2023-05-18,여자,50 - 59세,경기도,일반판매,소파,품질(물품/용역)
2023025840,2023-05-18,남자,20 - 29세,서울특별시,일반판매,소프트웨어,품질(물품/용역)
2023025842,2023-05-18,여자,30 - 39세,서울특별시,일반판매,헬스장,계약해제.해지/위약금
2023025843,2023-05-18,남자,40 - 49세,경기도,국내온라인거래,국외여행,계약해제.해지/위약금
2023025844,2023-05-18,남자,70 - 79세,경기도,일반판매,노인복지,안전(제품/시설)
2023025845,2023-05-18,여자,30 - 39세,경기도,전화권유판매,인터넷정보이용서비스,계약해제.해지/위약금
2023025847,2023-05-18,남자,40 - 49세,서울특별시,전화권유판매,이동전화서비스,가격.요금
2023025848,2023-05-18,남자,40 - 49세,광주광역시,기타통신판매,항공여객운송서비스,품질(물품/용역)
2023025849,2023-05-18,여자,20 - 29세,인천광역시,모바일거래,블라우스,표시.광고
2023025850,2023-05-18,여자,40 - 49세,부산광역시,일반판매,보석·귀금속,품질(물품/용역)
2023025851,2023-05-18,남자,30 - 39세,경상남도,국내온라인거래,스마트폰,품질(물품/용역)
2023025852,2023-05-18,여자,30 - 39세,경상남도,국내온라인거래,염색제,청약철회
2023025853,2023-05-18,남자,50 - 59세,인천광역시,전화권유판매,IPTV,품질(물품/용역)
2023025854,2023-05-18,남자,30 - 39세,강원특별자치도,국내온라인거래,노트북컴퓨터,품질(물품/용역)
2023025855,2023-05-18,남자,40 - 49세,인천광역시,국내온라인거래,운동화,청약철회
2023025856,2023-05-18,남자,50 - 59세,경기도,국내온라인거래,묘목·모종,계약불이행(불완전이행)
2023025857,2023-05-18,여자,30 - 39세,경기도,일반판매,요가,계약해제.해지/위약금
2023025858,2023-05-18,여자,20 - 29세,인천광역시,일반판매,애완동물기타,계약해제.해지/위약금
2023025859,2023-05-18,남자,50 - 59세,부산광역시,국내온라인거래,노트북컴퓨터,품질(물품/용역)
2023025860,2023-05-18,남자,20 - 29세,대구광역시,국내온라인거래,하드디스크드라이버,청약철회
2023025861,2023-05-18,남자,40 - 49세,경기도,국내온라인거래,보석·귀금속,청약철회
2023025862,2023-05-18,여자,40 - 49세,부산광역시,기타,유통시설이용,계약불이행(불완전이행)
2023025863,2023-05-18,여자,40 - 49세,서울특별시,기타통신판매,국외여행,계약해제.해지/위약금
2023025864,2023-05-18,남자,50 - 59세,서울특별시,국내온라인거래,여행용가방,청약철회
2023025865,2023-05-18,여자,20 - 29세,인천광역시,일반판매,헬스장,계약해제.해지/위약금
2023025866,2023-05-18,여자,40 - 49세,인천광역시,일반판매,필라테스,계약해제.해지/위약금
2023025867,2023-05-18,남자,40 - 49세,전라북도,기타,의류수선,품질(물품/용역)
2023025868,2023-05-18,남자,30 - 39세,경기도,모바일거래,기타사설강습서비스,계약해제.해지/위약금
2023025869,2023-05-18,여자,30 - 39세,경기도,일반판매,바닥재·마루공사,AS불만
2023025870,2023-05-18,여자,40 - 49세,경상북도,국내온라인거래,니트(스웨터),청약철회
2023025871,2023-05-18,남자,50 - 59세,경기도,국내온라인거래,프린터,AS불만
2023025872,2023-05-18,남자,50 - 59세,경기도,국내온라인거래,메모리,품질(물품/용역)
2023025873,2023-05-18,남자,40 - 49세,경상북도,기타,컴퓨터수리,부당행위
2023025874,2023-05-18,여자,20 - 29세,서울특별시,일반판매,사진촬영,계약해제.해지/위약금
2023025875,2023-05-18,남자,20 - 29세,제주도,일반판매,헬스장,계약해제.해지/위약금
2023025876,2023-05-18,여자,40 - 49세,인천광역시,일반판매,인터넷교육서비스,계약해제.해지/위약금
2023025877,2023-05-18,여자,30 - 39세,서울특별시,일반판매,기타통신기기,계약불이행(불완전이행)
2023025878,2023-05-18,여자,40 - 49세,부산광역시,국내온라인거래,유통시설이용,품질(물품/용역)
2023025879,2023-05-18,남자,50 - 59세,경기도,국내온라인거래,책장·서가,청약철회
2023025880,2023-05-18,여자,30 - 39세,인천광역시,국내온라인거래,시스템에어컨,계약불이행(불완전이행)
2023025881,2023-05-18,여자,40 - 49세,경기도,일반판매,기타회원권,계약해제.해지/위약금
2023025882,2023-05-18,여자,40 - 49세,세종특별자치시,국내온라인거래,안마의자,AS불만
2023025883,2023-05-18,여자,40 - 49세,대구광역시,모바일거래,숙녀화(구두·부츠 등),계약불이행(불완전이행)
2023025884,2023-05-18,여자,30 - 39세,경기도,방문판매,컴퓨터수리,AS불만
2023025885,2023-05-18,여자,40 - 49세,경기도,노상판매,신문,계약불이행(불완전이행)
2023025886,2023-05-18,여자,40 - 49세,부산광역시,일반판매,학습지,계약해제.해지/위약금
2023025887,2023-05-18,남자,40 - 49세,경기도,국내온라인거래,기타미분류물품,품질(물품/용역)
2023025888,2023-05-18,남자,20 - 29세,경기도,방문판매,헬스장,계약해제.해지/위약금
2023025889,2023-05-18,남자,40 - 49세,서울특별시,국내온라인거래,택배화물운송서비스,가격.요금
2023025890,2023-05-18,남자,50 - 59세,대구광역시,국내온라인거래,핸드백,청약철회
2023025891,2023-05-18,남자,50 - 59세,부산광역시,기타,항공여객운송서비스,안전(제품/시설)
2023025892,2023-05-18,여자,20 - 29세,서울특별시,일반판매,성기능향상기기,품질(물품/용역)
2023025893,2023-05-18,여자,30 - 39세,경기도,방문판매,인터넷교육서비스,계약해제.해지/위약금
2023025894,2023-05-18,여자,30 - 39세,충청남도,국제온라인거래,항공여객운송서비스,청약철회
2023025895,2023-05-18,여자,30 - 39세,경기도,방문판매,인터넷교육서비스,계약해제.해지/위약금
2023025896,2023-05-18,여자,40 - 49세,경상남도,국내온라인거래,점퍼·재킷류,청약철회
2023025897,2023-05-18,여자,20 - 29세,경기도,기타,필라테스,계약해제.해지/위약금
2023025898,2023-05-18,남자,20 - 29세,제주도,국내온라인거래,기타숙박시설,계약해제.해지/위약금
2023025899,2023-05-18,남자,40 - 49세,대구광역시,국제온라인거래,기타취미용품,계약불이행(불완전이행)
2023025901,2023-05-18,남자,30 - 39세,경기도,소셜커머스(쇼핑),전기의류건조기,계약해제.해지/위약금
2023025902,2023-05-18,남자,30 - 39세,부산광역시,국내온라인거래,기타스포츠·레저기구·용품,청약철회
2023025903,2023-05-18,남자,40 - 49세,대전광역시,일반판매,태블릿PC,AS불만
2023025904,2023-05-18,여자,50 - 59세,서울특별시,일반판매,일반강습(입시학원등),부당행위
2023025905,2023-05-19,여자,30 - 39세,대구광역시,일반판매,이동전화서비스,부당채권추심
2023025906,2023-05-19,여자,30 - 39세,경기도,기타통신판매,사진촬영,계약해제.해지/위약금
2023025908,2023-05-19,남자,30 - 39세,서울특별시,국내온라인거래,양복(서양식 의복)세탁,품질(물품/용역)
2023025909,2023-05-19,남자,80세이상,서울특별시,일반판매,상조서비스,계약불이행(불완전이행)
2023025910,2023-05-19,여자,40 - 49세,대구광역시,일반판매,이불·침대커버,품질(물품/용역)
2023025911,2023-05-19,여자,40 - 49세,경상북도,일반판매,기타스포츠·레저기구·용품,품질(물품/용역)
2023025912,2023-05-19,여자,40 - 49세,서울특별시,일반판매,성형외과,계약해제.해지/위약금
2023025913,2023-05-19,여자,30 - 39세,충청북도,일반판매,양복(서양식 의복)세탁,계약불이행(불완전이행)
2023025914,2023-05-19,여자,40 - 49세,경기도,일반판매,피부과,계약해제.해지/위약금
2023025915,2023-05-19,여자,50 - 59세,경기도,일반판매,의자,청약철회
2023025916,2023-05-19,여자,50 - 59세,전라북도,일반판매,양복(서양식 의복)세탁,품질(물품/용역)
2023025917,2023-05-19,남자,20 - 29세,부산광역시,일반판매,점퍼·재킷류,품질(물품/용역)
2023025918,2023-05-19,여자,50 - 59세,충청남도,국내온라인거래,운동화,청약철회
2023025919,2023-05-19,여자,20 - 29세,서울특별시,국내온라인거래,양복(서양식 의복)세탁,품질(물품/용역)
2023025921,2023-05-19,여자,30 - 39세,서울특별시,국내온라인거래,각종공연관람,계약불이행(불완전이행)
2023025922,2023-05-19,여자,50 - 59세,서울특별시,국내온라인거래,핸드백,품질(물품/용역)
2023025924,2023-05-19,남자,30 - 39세,서울특별시,국내온라인거래,양복(서양식 의복)세탁,품질(물품/용역)
2023025925,2023-05-19,남자,30 - 39세,서울특별시,일반판매,국외여행,계약해제.해지/위약금
2023025926,2023-05-19,남자,30 - 39세,서울특별시,일반판매,한의원,계약해제.해지/위약금
2023025927,2023-05-19,남자,30 - 39세,경기도,방문판매,헬스장,계약해제.해지/위약금
2023025928,2023-05-19,여자,65 - 69세,경기도,기타,성형외과,계약해제.해지/위약금
2023025929,2023-05-19,여자,불명,경기도,일반판매,점퍼·재킷류,품질(물품/용역)
2023025931,2023-05-19,여자,불명,서울특별시,일반판매,아파트,계약불이행(불완전이행)
2023025934,2023-05-19,여자,30 - 39세,부산광역시,일반판매,피부과,품질(물품/용역)
2023025935,2023-05-19,남자,불명,서울특별시,일반판매,아파트,부당행위
2023025936,2023-05-19,남자,불명,경기도,일반판매,아파트,계약불이행(불완전이행)
2023025937,2023-05-19,여자,40 - 49세,경상북도,국내온라인거래,양복(서양식 의복)세탁,품질(물품/용역)
2023025938,2023-05-19,여자,20 - 29세,경기도,일반판매,각종자격취득강습,계약해제.해지/위약금
2023025939,2023-05-19,여자,50 - 59세,인천광역시,기타통신판매,기타가구,품질(물품/용역)
2023025940,2023-05-19,여자,30 - 39세,서울특별시,국내온라인거래,국외여행,청약철회
2023025941,2023-05-19,여자,30 - 39세,서울특별시,국내온라인거래,숙녀화(구두·부츠 등),품질(물품/용역)
2023025942,2023-05-19,남자,30 - 39세,부산광역시,일반판매,인터넷교육서비스,계약해제.해지/위약금
2023025943,2023-05-19,여자,40 - 49세,광주광역시,국내온라인거래,기타신발·용품,청약철회
2023025944,2023-05-19,여자,60 - 64세,경기도,일반판매,포장이사운송서비스,계약불이행(불완전이행)
2023025946,2023-05-19,여자,65 - 69세,서울특별시,일반판매,치과,계약해제.해지/위약금
2023025949,2023-05-19,여자,40 - 49세,경기도,일반판매,골프회원권,계약해제.해지/위약금
2023025950,2023-05-19,남자,30 - 39세,전라북도,일반판매,아파트,계약불이행(불완전이행)
2023025951,2023-05-19,남자,50 - 59세,서울특별시,일반판매,스마트폰,품질(물품/용역)
2023025952,2023-05-19,여자,60 - 64세,서울특별시,일반판매,국내결혼중개,계약해제.해지/위약금
2023025953,2023-05-19,여자,40 - 49세,서울특별시,일반판매,치과,계약해제.해지/위약금
2023025954,2023-05-19,남자,30 - 39세,부산광역시,일반판매,기타의류·섬유,청약철회
2023025955,2023-05-19,남자,50 - 59세,경기도,국내온라인거래,기타숙박시설,계약해제.해지/위약금
2023025956,2023-05-19,남자,50 - 59세,충청북도,국내온라인거래,냉동고,청약철회
2023025957,2023-05-19,남자,40 - 49세,부산광역시,일반판매,스마트폰,품질(물품/용역)
2023025958,2023-05-19,남자,65 - 69세,서울특별시,전화권유판매,인터넷정보이용서비스,계약해제.해지/위약금
2023025959,2023-05-19,남자,60 - 64세,부산광역시,일반판매,피부·체형관리서비스,계약해제.해지/위약금
2023025960,2023-05-19,남자,40 - 49세,서울특별시,국제온라인거래,핸드백,계약불이행(불완전이행)
2023025961,2023-05-19,여자,40 - 49세,강원특별자치도,소셜커머스(쇼핑),신유형상품권,계약불이행(불완전이행)
2023025962,2023-05-19,남자,20 - 29세,경기도,일반판매,헬스장,계약해제.해지/위약금
2023025963,2023-05-19,여자,30 - 39세,서울특별시,일반판매,필라테스,계약해제.해지/위약금
2023025964,2023-05-19,여자,40 - 49세,서울특별시,일반판매,헬스장,계약해제.해지/위약금
2023025965,2023-05-19,여자,20 - 29세,인천광역시,일반판매,헬스장,계약해제.해지/위약금
2023025966,2023-05-19,여자,30 - 39세,서울특별시,일반판매,헬스장,계약해제.해지/위약금
2023025967,2023-05-19,여자,65 - 69세,서울특별시,일반판매,국내결혼중개,계약불이행(불완전이행)
2023025969,2023-05-19,남자,50 - 59세,경기도,일반판매,룸에어컨,부당행위
2023026015,2023-05-19,여자,20 - 29세,대구광역시,방문판매,필라테스,계약해제.해지/위약금
2023026016,2023-05-19,여자,20 - 29세,경기도,일반판매,헬스장,계약해제.해지/위약금
2023026017,2023-05-19,여자,30 - 39세,경기도,일반판매,피부·체형관리서비스,품질(물품/용역)
2023026018,2023-05-19,여자,40 - 49세,경기도,일반판매,미용서비스,품질(물품/용역)
2023026019,2023-05-19,남자,40 - 49세,서울특별시,일반판매,헬스장,계약해제.해지/위약금
2023026020,2023-05-19,남자,40 - 49세,경기도,국내온라인거래,신사복상의,청약철회
2023026021,2023-05-19,여자,30 - 39세,서울특별시,모바일거래,호텔,계약해제.해지/위약금
2023026022,2023-05-19,여자,40 - 49세,서울특별시,일반판매,보석·귀금속,품질(물품/용역)
2023026023,2023-05-19,남자,40 - 49세,인천광역시,일반판매,식탁,품질(물품/용역)
2023026024,2023-05-19,여자,40 - 49세,전라북도,국내온라인거래,기타의류·섬유,계약불이행(불완전이행)
2023026025,2023-05-19,여자,30 - 39세,서울특별시,기타통신판매,펜션,계약해제.해지/위약금
2023026026,2023-05-19,남자,20 - 29세,서울특별시,국내온라인거래,기타숙박시설,청약철회
2023026027,2023-05-19,여자,40 - 49세,인천광역시,국내온라인거래,전기장판,품질(물품/용역)
2023026028,2023-05-19,여자,40 - 49세,강원특별자치도,전화권유판매,공기청정기대여(렌트),품질(물품/용역)
2023026029,2023-05-19,남자,30 - 39세,경기도,국내온라인거래,인덕션레인지,계약불이행(불완전이행)
2023026030,2023-05-19,여자,20 - 29세,인천광역시,일반판매,독서실이용,계약해제.해지/위약금
2023026031,2023-05-19,여자,40 - 49세,경상남도,일반판매,사진촬영,계약불이행(불완전이행)
2023026032,2023-05-19,여자,20 - 29세,인천광역시,국내온라인거래,캐주얼바지,청약철회
2023026033,2023-05-19,남자,40 - 49세,충청남도,국내온라인거래,인터넷교육서비스,품질(물품/용역)
2023026034,2023-05-19,남자,60 - 64세,서울특별시,국내온라인거래,의자,품질(물품/용역)
2023026035,2023-05-19,여자,50 - 59세,경기도,일반판매,신발세탁,품질(물품/용역)
2023026036,2023-05-19,여자,20 - 29세,인천광역시,방문판매,헬스장,계약해제.해지/위약금
2023026037,2023-05-19,남자,40 - 49세,서울특별시,소셜커머스(쇼핑),액정보호필름,품질(물품/용역)
2023026038,2023-05-19,여자,30 - 39세,경기도,일반판매,기타인테리어설비,품질(물품/용역)
2023026039,2023-05-19,남자,30 - 39세,서울특별시,방문판매,헬스장,계약해제.해지/위약금
2023026040,2023-05-19,여자,40 - 49세,경기도,일반판매,필라테스,계약해제.해지/위약금
2023026041,2023-05-19,남자,40 - 49세,경기도,기타,예식서비스,계약해제.해지/위약금
2023026042,2023-05-19,남자,40 - 49세,경기도,국내온라인거래,전기밥솥,청약철회
2023026043,2023-05-19,남자,40 - 49세,세종특별자치시,국내온라인거래,서랍장,계약해제.해지/위약금
2023026044,2023-05-19,여자,30 - 39세,서울특별시,국내온라인거래,이동전화서비스,계약불이행(불완전이행)
2023026045,2023-05-19,여자,40 - 49세,경기도,일반판매,중고자동차중개·매매,품질(물품/용역)
2023026046,2023-05-19,남자,50 - 59세,울산광역시,모바일거래,보석·귀금속,청약철회
2023026047,2023-05-19,여자,40 - 49세,대전광역시,일반판매,포장이사운송서비스,계약해제.해지/위약금
2023026048,2023-05-19,여자,60 - 64세,부산광역시,일반판매,가구세트,계약해제.해지/위약금
2023026049,2023-05-19,여자,70 - 79세,경기도,일반판매,전기압력밥솥,청약철회
2023026050,2023-05-19,여자,40 - 49세,경기도,국내온라인거래,항공여객운송서비스,청약철회
2023026051,2023-05-19,여자,30 - 39세,서울특별시,일반판매,기타인테리어설비,계약불이행(불완전이행)
2023026052,2023-05-19,남자,30 - 39세,경기도,국내온라인거래,기타미분류서비스,부당행위
2023026054,2023-05-19,남자,30 - 39세,부산광역시,일반판매,헬스장,계약해제.해지/위약금
2023026055,2023-05-19,남자,40 - 49세,부산광역시,국제온라인거래,운동화,청약철회
2023026056,2023-05-19,남자,40 - 49세,울산광역시,일반판매,방범경보장치,계약불이행(불완전이행)
2023026057,2023-05-19,여자,40 - 49세,서울특별시,일반판매,헬스장,계약해제.해지/위약금
2023026058,2023-05-19,여자,20 - 29세,강원특별자치도,일반판매,인터넷교육서비스,계약해제.해지/위약금
2023026059,2023-05-19,남자,40 - 49세,경기도,일반판매,스마트폰,AS불만
2023026060,2023-05-19,남자,20 - 29세,강원특별자치도,소셜커머스(쇼핑),신유형상품권,계약불이행(불완전이행)
2023026061,2023-05-19,여자,30 - 39세,경기도,국내온라인거래,블라우스,청약철회
2023026062,2023-05-19,남자,20 - 29세,전라북도,일반판매,헬스장,계약해제.해지/위약금
2023026063,2023-05-19,여자,50 - 59세,경상북도,국내온라인거래,건강침대(흙·돌등),품질(물품/용역)
2023026064,2023-05-19,여자,20 - 29세,대구광역시,국내온라인거래,기타내의류,청약철회
2023026065,2023-05-19,여자,30 - 39세,서울특별시,일반판매,헬스장,계약해제.해지/위약금
2023026066,2023-05-19,남자,65 - 69세,광주광역시,일반판매,딸기,청약철회
2023026067,2023-05-19,남자,불명,인천광역시,국내온라인거래,스포츠웨어,표시.광고
2023026068,2023-05-19,여자,40 - 49세,경기도,방문판매,버스여객운송서비스,계약불이행(불완전이행)
2023026070,2023-05-19,남자,40 - 49세,서울특별시,일반판매,선글라스,AS불만
2023026071,2023-05-19,여자,20 - 29세,서울특별시,일반판매,필라테스,계약해제.해지/위약금
2023026072,2023-05-19,남자,40 - 49세,전라남도,국내온라인거래,기타신발·용품,표시.광고
2023026073,2023-05-19,여자,30 - 39세,전라북도,국내온라인거래,여관(모텔),계약해제.해지/위약금
2023026074,2023-05-19,여자,30 - 39세,경상남도,일반판매,예식서비스,계약해제.해지/위약금
2023026075,2023-05-19,남자,40 - 49세,인천광역시,기타,기타인테리어설비,AS불만
2023026076,2023-05-19,남자,20 - 29세,경기도,일반판매,헬스장,계약해제.해지/위약금
2023026077,2023-05-19,여자,30 - 39세,세종특별자치시,일반판매,예식서비스,계약해제.해지/위약금
2023026078,2023-05-19,남자,40 - 49세,서울특별시,국내온라인거래,자격시험기타,부당행위
2023026079,2023-05-19,여자,40 - 49세,경기도,기타통신판매,각종공연관람,표시.광고
2023026080,2023-05-19,남자,40 - 49세,서울특별시,일반판매,헬스장,계약해제.해지/위약금
2023026081,2023-05-19,남자,50 - 59세,서울특별시,국내온라인거래,소파,품질(물품/용역)
2023026082,2023-05-19,여자,30 - 39세,서울특별시,일반판매,피부·체형관리서비스,계약해제.해지/위약금
2023026083,2023-05-19,남자,30 - 39세,경상북도,일반판매,종합체육시설회원권,계약해제.해지/위약금
2023026084,2023-05-19,여자,40 - 49세,인천광역시,일반판매,교복,계약해제.해지/위약금
2023026085,2023-05-19,남자,30 - 39세,서울특별시,국내온라인거래,국외여행,계약해제.해지/위약금
2023026086,2023-05-19,남자,30 - 39세,인천광역시,전화권유판매,초고속인터넷,가격.요금
2023026087,2023-05-19,여자,30 - 39세,경상남도,국내온라인거래,매트,품질(물품/용역)
2023026088,2023-05-19,남자,30 - 39세,강원특별자치도,모바일거래,모바일게임서비스,계약해제.해지/위약금
2023026115,2023-05-20,남자,30 - 39세,강원특별자치도,일반판매,헬스장,계약해제.해지/위약금
2023026116,2023-05-20,여자,20 - 29세,충청북도,일반판매,점퍼·재킷류,AS불만
2023026117,2023-05-20,여자,30 - 39세,부산광역시,국내온라인거래,가스에어컨,계약불이행(불완전이행)
2023026118,2023-05-20,여자,30 - 39세,경기도,방문판매,인터넷교육서비스,계약해제.해지/위약금
2023026119,2023-05-20,남자,20 - 29세,경기도,국내온라인거래,항공여객운송서비스,계약해제.해지/위약금
2023026120,2023-05-20,여자,20 - 29세,서울특별시,전화권유판매,레저·이벤트회원권,계약해제.해지/위약금
2023026121,2023-05-20,여자,20 - 29세,서울특별시,기타통신판매,항공여객운송서비스,계약불이행(불완전이행)
2023026122,2023-05-20,여자,30 - 39세,인천광역시,국내온라인거래,기타이동통신,계약해제.해지/위약금
2023026123,2023-05-20,여자,30 - 39세,서울특별시,국제온라인거래,항공여객운송서비스,계약불이행(불완전이행)
2023026124,2023-05-20,여자,40 - 49세,경기도,일반판매,셔츠,품질(물품/용역)
2023026125,2023-05-20,여자,30 - 39세,울산광역시,국내온라인거래,기타숙박시설,계약해제.해지/위약금
2023026126,2023-05-20,남자,50 - 59세,부산광역시,국내온라인거래,호텔,가격.요금
2023026127,2023-05-20,여자,30 - 39세,경기도,일반판매,기타미분류서비스,계약해제.해지/위약금
2023026128,2023-05-20,남자,40 - 49세,광주광역시,기타,일반강습(입시학원등),부당행위
2023026129,2023-05-20,남자,20 - 29세,광주광역시,일반판매,헬스장,계약해제.해지/위약금
2023026215,2023-05-21,남자,30 - 39세,경기도,국내온라인거래,기타자동차용품,품질(물품/용역)
2023026216,2023-05-21,여자,30 - 39세,서울특별시,방문판매,헬스장,계약해제.해지/위약금
2023026217,2023-05-21,여자,30 - 39세,경기도,일반판매,필라테스,계약해제.해지/위약금
2023026218,2023-05-21,여자,50 - 59세,인천광역시,국내온라인거래,애완동·식물용품,표시.광고
2023026219,2023-05-21,남자,50 - 59세,전라북도,일반판매,음식물처리기대여(렌트),품질(물품/용역)
2023026220,2023-05-21,여자,40 - 49세,인천광역시,소셜커머스(쇼핑),기타주방설비,품질(물품/용역)
2023026221,2023-05-21,남자,50 - 59세,서울특별시,방문판매,국내결혼중개,계약불이행(불완전이행)
2023026222,2023-05-21,여자,40 - 49세,서울특별시,일반판매,헬스장,계약해제.해지/위약금
2023026223,2023-05-21,여자,30 - 39세,부산광역시,일반판매,헬스장,청약철회
2023026224,2023-05-21,여자,30 - 39세,인천광역시,국내온라인거래,호텔,품질(물품/용역)
2023026225,2023-05-21,여자,60 - 64세,경기도,TV홈쇼핑,국외여행,계약해제.해지/위약금
2023026227,2023-05-21,남자,40 - 49세,서울특별시,국내온라인거래,키보드,품질(물품/용역)
2023026228,2023-05-21,남자,20 - 29세,경기도,일반판매,기타세탁서비스,품질(물품/용역)
2023026229,2023-05-21,여자,20 - 29세,경기도,일반판매,필라테스,계약해제.해지/위약금
2023026230,2023-05-21,여자,20 - 29세,부산광역시,일반판매,미용서비스,품질(물품/용역)
2023026231,2023-05-21,여자,40 - 49세,부산광역시,일반판매,스마트폰,품질(물품/용역)
2023026232,2023-05-21,남자,50 - 59세,경상북도,국내온라인거래,작동완구,청약철회
2023026233,2023-05-21,여자,30 - 39세,경기도,방문판매,인터넷교육서비스,계약해제.해지/위약금
2023026234,2023-05-21,남자,30 - 39세,서울특별시,일반판매,사진촬영,계약해제.해지/위약금
2023026235,2023-05-21,여자,30 - 39세,울산광역시,국내온라인거래,기타숙박시설,청약철회
2023026236,2023-05-19,여자,20 - 29세,경기도,국내온라인거래,코트,청약철회
2023026237,2023-05-22,남자,50 - 59세,경기도,일반판매,장의관련서비스,가격.요금
2023026238,2023-05-22,여자,50 - 59세,서울특별시,모바일거래,펜션,계약해제.해지/위약금
2023026240,2023-05-22,여자,30 - 39세,서울특별시,국내온라인거래,숙녀화(구두·부츠 등),청약철회
2023026241,2023-05-22,여자,불명,전라남도,일반판매,티셔츠,품질(물품/용역)
2023026242,2023-05-22,남자,40 - 49세,경기도,방문판매,실손보험,계약불이행(불완전이행)
2023026243,2023-05-22,남자,40 - 49세,세종특별자치시,일반판매,자동차대여(렌트),부당행위
2023026244,2023-05-22,여자,불명,광주광역시,일반판매,캐주얼바지,품질(물품/용역)
2023026245,2023-05-22,여자,불명,광주광역시,일반판매,캐주얼바지,품질(물품/용역)
2023026247,2023-05-22,여자,40 - 49세,경기도,방문판매,다이어트식품,청약철회
2023026248,2023-05-22,남자,50 - 59세,충청남도,일반판매,이동전화서비스,부당행위
2023026249,2023-05-22,남자,불명,서울특별시,일반판매,화장실설비,품질(물품/용역)
2023026250,2023-05-22,남자,50 - 59세,울산광역시,기타통신판매,기타정보이용서비스,계약해제.해지/위약금
2023026251,2023-05-22,남자,20 - 29세,광주광역시,일반판매,헬스장,계약해제.해지/위약금
2023026252,2023-05-22,남자,60 - 64세,서울특별시,일반판매,중형승용자동차,계약불이행(불완전이행)
2023026253,2023-05-22,여자,40 - 49세,대전광역시,국내온라인거래,샴푸,품질(물품/용역)
2023026254,2023-05-22,여자,30 - 39세,경상북도,일반판매,인터넷교육서비스,계약해제.해지/위약금
2023026255,2023-05-22,여자,30 - 39세,경기도,국내온라인거래,운동화,청약철회
2023026256,2023-05-22,여자,40 - 49세,서울특별시,기타,헬스장,계약해제.해지/위약금
2023026257,2023-05-22,여자,60 - 64세,서울특별시,일반판매,국내결혼중개,가격.요금
2023026259,2023-05-22,여자,30 - 39세,서울특별시,방문판매,인터넷교육서비스,계약해제.해지/위약금
2023026260,2023-05-22,남자,40 - 49세,서울특별시,일반판매,반포장이사운송서비스,계약불이행(불완전이행)
2023026261,2023-05-22,남자,50 - 59세,충청남도,국내온라인거래,전기장판,AS불만
2023026262,2023-05-22,여자,40 - 49세,대구광역시,국내온라인거래,기타의류·섬유,청약철회
2023026263,2023-05-22,여자,40 - 49세,경기도,국내온라인거래,기타의류·섬유,청약철회
2023026264,2023-05-22,여자,20 - 29세,경기도,방문판매,헬스장,계약해제.해지/위약금
2023026266,2023-05-22,남자,30 - 39세,경기도,기타통신판매,기타숙박시설,계약해제.해지/위약금
2023026267,2023-05-22,남자,30 - 39세,서울특별시,기타통신판매,카셰어링,부당행위
2023026268,2023-05-22,여자,40 - 49세,경기도,국내온라인거래,영화관람,계약불이행(불완전이행)
2023026269,2023-05-22,남자,70 - 79세,서울특별시,전화권유판매,유사투자자문,계약해제.해지/위약금
2023026270,2023-05-22,남자,20 - 29세,대구광역시,일반판매,헬스장,계약해제.해지/위약금
2023026271,2023-05-22,여자,20 - 29세,서울특별시,국내온라인거래,코트,청약철회
2023026272,2023-05-22,남자,40 - 49세,강원특별자치도,일반판매,초고속인터넷,계약해제.해지/위약금
2023026275,2023-05-22,여자,40 - 49세,경기도,일반판매,양복(서양식 의복)세탁,품질(물품/용역)
2023026276,2023-05-22,여자,40 - 49세,경상남도,일반판매,코트,품질(물품/용역)
2023026278,2023-05-22,남자,65 - 69세,경기도,국내온라인거래,호텔,계약해제.해지/위약금
2023026279,2023-05-22,남자,30 - 39세,경기도,일반판매,자동차수리·점검,품질(물품/용역)
2023026280,2023-05-22,남자,40 - 49세,서울특별시,국내온라인거래,항공여객운송서비스,계약해제.해지/위약금
2023026281,2023-05-22,여자,30 - 39세,부산광역시,일반판매,코트,품질(물품/용역)
2023026282,2023-05-22,남자,20 - 29세,서울특별시,국내온라인거래,기타가방,품질(물품/용역)
2023026283,2023-05-22,여자,60 - 64세,충청남도,일반판매,중형승용자동차,품질(물품/용역)
2023026284,2023-05-22,남자,50 - 59세,경기도,전화권유판매,소프트웨어,계약해제.해지/위약금
2023026285,2023-05-22,여자,60 - 64세,부산광역시,일반판매,모피·모피의류,품질(물품/용역)
2023026286,2023-05-22,남자,불명,경기도,일반판매,포장이사운송서비스,계약해제.해지/위약금
2023026287,2023-05-22,여자,30 - 39세,서울특별시,일반판매,양복(서양식 의복)세탁,품질(물품/용역)
2023026288,2023-05-22,여자,30 - 39세,서울특별시,일반판매,블라인드,계약해제.해지/위약금
2023026289,2023-05-22,여자,60 - 64세,경기도,다단계판매,기타일반화장품,계약해제.해지/위약금
2023026290,2023-05-22,남자,65 - 69세,전라남도,TV홈쇼핑,국외여행,계약해제.해지/위약금
2023026291,2023-05-22,여자,불명,경기도,일반판매,양복(서양식 의복)세탁,품질(물품/용역)
2023026292,2023-05-22,여자,30 - 39세,대구광역시,일반판매,티셔츠,품질(물품/용역)
2023026293,2023-05-22,여자,40 - 49세,서울특별시,일반판매,대형승용자동차,품질(물품/용역)
2023026294,2023-05-22,여자,50 - 59세,서울특별시,일반판매,지갑,품질(물품/용역)
2023026296,2023-05-22,여자,50 - 59세,대전광역시,국내온라인거래,당면,청약철회
2023026297,2023-05-22,여자,50 - 59세,대구광역시,일반판매,양복(서양식 의복)세탁,품질(물품/용역)
2023026298,2023-05-22,여자,20 - 29세,경기도,일반판매,결혼준비대행서비스,계약불이행(불완전이행)
2023026299,2023-05-22,남자,60 - 64세,서울특별시,국내온라인거래,샌들·슬리퍼,품질(물품/용역)
2023026300,2023-05-22,남자,65 - 69세,경기도,일반판매,내과,품질(물품/용역)
2023026301,2023-05-22,남자,40 - 49세,경기도,국내온라인거래,자동차주유,표시.광고
2023026302,2023-05-22,여자,20 - 29세,인천광역시,일반판매,피부·체형관리서비스,품질(물품/용역)
2023026303,2023-05-22,여자,40 - 49세,충청북도,국내온라인거래,인터넷교육서비스,계약해제.해지/위약금
2023026304,2023-05-22,여자,30 - 39세,서울특별시,국내온라인거래,사다리,청약철회
2023026305,2023-05-22,여자,40 - 49세,서울특별시,국내온라인거래,니트(스웨터),청약철회
2023026306,2023-05-22,남자,20 - 29세,전라남도,국내온라인거래,선풍기,청약철회
2023026308,2023-05-22,남자,50 - 59세,인천광역시,일반판매,바닥재·마루공사,품질(물품/용역)
2023026309,2023-05-22,남자,불명,서울특별시,일반판매,기타가방,품질(물품/용역)
2023026310,2023-05-22,남자,30 - 39세,경기도,국내온라인거래,점퍼·재킷류,품질(물품/용역)
2023026311,2023-05-22,남자,65 - 69세,경기도,기타통신판매,일반이사운송서비스,계약불이행(불완전이행)
2023026312,2023-05-22,여자,50 - 59세,광주광역시,일반판매,이동전화서비스,청약철회
2023026313,2023-05-22,여자,30 - 39세,인천광역시,국내온라인거래,스포츠웨어,품질(물품/용역)
2023026314,2023-05-22,남자,65 - 69세,경기도,일반판매,성기능향상기기,계약불이행(불완전이행)
2023026315,2023-05-22,남자,60 - 64세,경기도,기타통신판매,이동전화서비스,청약철회
2023026316,2023-05-22,여자,40 - 49세,서울특별시,국내온라인거래,택배화물운송서비스,계약불이행(불완전이행)
2023026317,2023-05-22,여자,40 - 49세,경상북도,기타,공기청정기,품질(물품/용역)
2023026318,2023-05-22,여자,40 - 49세,경기도,일반판매,양복(서양식 의복)세탁,품질(물품/용역)
2023026319,2023-05-22,여자,30 - 39세,서울특별시,국내온라인거래,선글라스,청약철회
2023026320,2023-05-22,여자,40 - 49세,광주광역시,일반판매,실손보험,품질(물품/용역)
2023026321,2023-05-22,여자,50 - 59세,부산광역시,전화권유판매,유사투자자문,청약철회
2023026324,2023-05-22,남자,40 - 49세,경상북도,국내온라인거래,의류관리기(스타일러 등),청약철회
2023026325,2023-05-22,여자,50 - 59세,대구광역시,일반판매,상조서비스,계약해제.해지/위약금
2023026326,2023-05-22,여자,40 - 49세,서울특별시,일반판매,양복(서양식 의복)세탁,품질(물품/용역)
2023026327,2023-05-22,여자,30 - 39세,경기도,일반판매,외국어강습,계약해제.해지/위약금
2023026328,2023-05-22,남자,60 - 64세,충청북도,일반판매,실손보험,약관
2023026329,2023-05-22,여자,불명,경상북도,일반판매,기타가방,품질(물품/용역)
2023026330,2023-05-22,여자,70 - 79세,경기도,일반판매,상조서비스,계약해제.해지/위약금
2023026332,2023-05-22,남자,80세이상,경상북도,일반판매,건강(암·기타질병)보험,약관
2023026333,2023-05-22,남자,40 - 49세,세종특별자치시,일반판매,건강(암·기타질병)보험,약관
2023026334,2023-05-22,여자,50 - 59세,경기도,전화권유판매,유사투자자문,계약해제.해지/위약금
2023026335,2023-05-22,남자,50 - 59세,전라북도,일반판매,노트북컴퓨터,품질(물품/용역)
2023026336,2023-05-22,여자,40 - 49세,경상북도,일반판매,안과,품질(물품/용역)
2023026337,2023-05-22,여자,50 - 59세,경기도,일반판매,치과,품질(물품/용역)
2023026338,2023-05-22,남자,65 - 69세,경기도,일반판매,정형외과,품질(물품/용역)
2023026339,2023-05-22,여자,40 - 49세,서울특별시,일반판매,건강(암·기타질병)보험,약관
2023026340,2023-05-22,여자,60 - 64세,서울특별시,일반판매,헬스장,계약해제.해지/위약금
2023026341,2023-05-22,여자,30 - 39세,경상남도,일반판매,양복(서양식 의복)세탁,품질(물품/용역)
2023026342,2023-05-22,여자,40 - 49세,경기도,기타통신판매,향수,계약불이행(불완전이행)
2023026343,2023-05-22,여자,30 - 39세,서울특별시,방문판매,공기청정기대여(렌트),표시.광고
2023026344,2023-05-22,여자,30 - 39세,서울특별시,국내온라인거래,신유형상품권,계약해제.해지/위약금
2023026345,2023-05-22,여자,30 - 39세,서울특별시,일반판매,숙녀화(구두·부츠 등),청약철회
2023026346,2023-05-22,남자,30 - 39세,경상남도,일반판매,아파트,AS불만
2023026347,2023-05-22,여자,20 - 29세,경기도,일반판매,헬스장,계약해제.해지/위약금
2023026348,2023-05-22,남자,40 - 49세,경기도,일반판매,레저시설이용,가격.요금
2023026350,2023-05-22,여자,40 - 49세,부산광역시,방문판매,실손보험,계약불이행(불완전이행)
2023026352,2023-05-22,여자,30 - 39세,서울특별시,일반판매,점퍼·재킷류,품질(물품/용역)
2023026353,2023-05-22,여자,50 - 59세,대구광역시,방문판매,상조서비스,부당행위
2023026355,2023-05-22,여자,50 - 59세,서울특별시,국내온라인거래,캐주얼바지,청약철회
2023026356,2023-05-22,여자,40 - 49세,광주광역시,국내온라인거래,블라우스,표시.광고
2023026357,2023-05-22,여자,30 - 39세,서울특별시,일반판매,국외여행,계약해제.해지/위약금
2023026358,2023-05-22,여자,20 - 29세,부산광역시,일반판매,피부·체형관리서비스,계약해제.해지/위약금
2023026359,2023-05-22,남자,40 - 49세,울산광역시,국내온라인거래,기타빵·과자류,청약철회
2023026360,2023-05-22,남자,40 - 49세,경상남도,기타,김치냉장고,품질(물품/용역)
2023026361,2023-05-22,남자,50 - 59세,전라남도,국내온라인거래,호텔,부당행위
2023026362,2023-05-22,남자,30 - 39세,서울특별시,모바일거래,국내여행,계약해제.해지/위약금
2023026363,2023-05-22,여자,50 - 59세,서울특별시,일반판매,필라테스,계약해제.해지/위약금
2023026364,2023-05-22,여자,30 - 39세,세종특별자치시,소셜커머스(쇼핑),기타가사용품,계약불이행(불완전이행)
2023026365,2023-05-22,남자,30 - 39세,경기도,방문판매,헬스장,계약해제.해지/위약금
2023026366,2023-05-22,남자,20 - 29세,광주광역시,일반판매,헬스장,계약해제.해지/위약금
2023026367,2023-05-22,남자,40 - 49세,서울특별시,기타,정수기,계약불이행(불완전이행)
2023026368,2023-05-22,여자,20 - 29세,서울특별시,국내온라인거래,원피스,청약철회
2023026369,2023-05-22,남자,20 - 29세,인천광역시,기타통신판매,펜션,계약해제.해지/위약금
2023026370,2023-05-22,여자,20 - 29세,경상남도,일반판매,일반강습(입시학원등),계약해제.해지/위약금
2023026371,2023-05-22,여자,65 - 69세,경기도,TV홈쇼핑,음식물처리기대여(렌트),계약해제.해지/위약금
2023026372,2023-05-22,여자,40 - 49세,경기도,국내온라인거래,기타사설강습서비스,계약해제.해지/위약금
2023026373,2023-05-22,여자,60 - 64세,인천광역시,일반판매,초고속인터넷,계약해제.해지/위약금
2023026374,2023-05-22,여자,40 - 49세,서울특별시,후원방문판매,기타여행,계약불이행(불완전이행)
2023026375,2023-05-22,남자,30 - 39세,서울특별시,국내온라인거래,전기장판,청약철회
2023026376,2023-05-22,남자,30 - 39세,경기도,방문판매,기타신발·용품,품질(물품/용역)
2023026377,2023-05-22,여자,40 - 49세,전라북도,일반판매,시스템에어컨,계약불이행(불완전이행)
2023026378,2023-05-22,여자,30 - 39세,경기도,방문판매,헬스장,계약해제.해지/위약금
2023026379,2023-05-22,남자,60 - 64세,서울특별시,국내온라인거래,태블릿PC,청약철회
2023026380,2023-05-22,여자,30 - 39세,경기도,전화권유판매,기타정보이용서비스,계약해제.해지/위약금
2023026381,2023-05-22,남자,30 - 39세,서울특별시,일반판매,헬스장,계약해제.해지/위약금
2023026382,2023-05-22,여자,20 - 29세,서울특별시,일반판매,헬스장,계약해제.해지/위약금
2023026383,2023-05-22,남자,40 - 49세,부산광역시,모바일거래,항공여객운송서비스,계약해제.해지/위약금
2023026384,2023-05-22,여자,40 - 49세,서울특별시,일반판매,시스템에어컨,품질(물품/용역)
2023026386,2023-05-22,남자,10 - 19세,충청남도,국내온라인거래,영상게임기,청약철회
2023026387,2023-05-22,여자,30 - 39세,제주도,국내온라인거래,보석·귀금속,품질(물품/용역)
2023026388,2023-05-22,남자,40 - 49세,부산광역시,모바일거래,호텔,계약해제.해지/위약금
2023026389,2023-05-22,남자,40 - 49세,경상북도,모바일거래,자동차대여(렌트),계약해제.해지/위약금
2023026390,2023-05-22,여자,40 - 49세,광주광역시,소셜커머스(쇼핑),점퍼·재킷류,품질(물품/용역)
2023026391,2023-05-22,여자,30 - 39세,충청북도,모바일거래,미분류대여(렌트),부당행위
2023026392,2023-05-22,여자,30 - 39세,경기도,모바일거래,반포장이사운송서비스,품질(물품/용역)
2023026393,2023-05-22,여자,20 - 29세,광주광역시,일반판매,헬스장,계약해제.해지/위약금
2023026394,2023-05-22,여자,30 - 39세,대전광역시,국내온라인거래,기타통신기기,청약철회
2023026395,2023-05-22,남자,30 - 39세,경기도,일반판매,종합체육시설회원권,계약해제.해지/위약금
2023026396,2023-05-22,여자,50 - 59세,서울특별시,방문판매,경비·관리서비스,부당채권추심
2023026397,2023-05-22,남자,30 - 39세,경기도,일반판매,국내결혼중개,계약해제.해지/위약금
2023026398,2023-05-22,여자,30 - 39세,경기도,방문판매,식탁,청약철회
2023026399,2023-05-22,여자,20 - 29세,인천광역시,일반판매,이동전화서비스,청약철회
2023026400,2023-05-22,여자,30 - 39세,경기도,일반판매,필라테스,계약해제.해지/위약금
2023026401,2023-05-22,여자,20 - 29세,서울특별시,국내온라인거래,항공여객운송서비스,청약철회
2023026402,2023-05-22,여자,30 - 39세,인천광역시,국내온라인거래,셔츠,청약철회
2023026403,2023-05-22,여자,40 - 49세,서울특별시,일반판매,필라테스,계약해제.해지/위약금
2023026404,2023-05-22,여자,40 - 49세,대구광역시,국내온라인거래,기타아동복,청약철회
2023026405,2023-05-22,여자,30 - 39세,제주도,국내온라인거래,스포츠웨어,청약철회
2023026406,2023-05-22,남자,20 - 29세,경기도,일반판매,헬스장,계약해제.해지/위약금
2023026407,2023-05-22,남자,60 - 64세,경기도,일반판매,응접테이블,계약해제.해지/위약금
2023026408,2023-05-22,여자,20 - 29세,서울특별시,일반판매,헬스장,계약해제.해지/위약금
2023026409,2023-05-22,남자,30 - 39세,대구광역시,국내온라인거래,기타의류·섬유,청약철회
2023026410,2023-05-22,남자,40 - 49세,서울특별시,소셜커머스(쇼핑),방향제,청약철회
2023026411,2023-05-22,남자,80세이상,서울특별시,일반판매,가스보일러,AS불만
2023026412,2023-05-22,남자,40 - 49세,대구광역시,기타통신판매,초고속인터넷,계약불이행(불완전이행)
2023026413,2023-05-22,여자,30 - 39세,경기도,국내온라인거래,기타의류·섬유,품질(물품/용역)
2023026414,2023-05-22,남자,30 - 39세,서울특별시,국내온라인거래,시계부품·용품,계약불이행(불완전이행)
2023026415,2023-05-22,남자,20 - 29세,제주도,일반판매,헬스장,계약해제.해지/위약금
2023026416,2023-05-22,여자,40 - 49세,부산광역시,일반판매,항공여객운송서비스,계약불이행(불완전이행)
2023026417,2023-05-22,남자,50 - 59세,경기도,국내온라인거래,호텔,계약해제.해지/위약금
2023026418,2023-05-22,여자,30 - 39세,부산광역시,일반판매,헬스장,계약해제.해지/위약금
2023026419,2023-05-22,여자,40 - 49세,서울특별시,일반판매,기타숙박시설,계약불이행(불완전이행)
2023026420,2023-05-22,남자,40 - 49세,경상남도,소셜커머스(쇼핑),헤어드라이어,청약철회
2023026421,2023-05-22,여자,20 - 29세,서울특별시,모바일거래,기타숙박시설,청약철회
2023026422,2023-05-22,남자,40 - 49세,제주도,국제온라인거래,기타미분류물품,부당행위
2023026423,2023-05-22,여자,30 - 39세,경기도,일반판매,필라테스,계약해제.해지/위약금
2023026424,2023-05-22,여자,30 - 39세,경상남도,일반판매,미용서비스,품질(물품/용역)
2023026425,2023-05-22,남자,30 - 39세,경기도,일반판매,헬스장,계약해제.해지/위약금
2023026426,2023-05-22,여자,30 - 39세,경상북도,일반판매,안마의자,AS불만
2023026427,2023-05-22,남자,40 - 49세,서울특별시,국내온라인거래,인터넷교육서비스,계약해제.해지/위약금
2023026428,2023-05-22,여자,40 - 49세,경기도,국내온라인거래,책상,품질(물품/용역)
2023026429,2023-05-22,남자,30 - 39세,대전광역시,국내온라인거래,컴퓨터모니터(데스크탑),AS불만
2023026430,2023-05-22,여자,20 - 29세,대구광역시,일반판매,헬스장,계약해제.해지/위약금
2023026431,2023-05-22,여자,30 - 39세,서울특별시,모바일거래,호텔,청약철회
2023026433,2023-05-22,여자,40 - 49세,경기도,모바일거래,선글라스,청약철회
2023026434,2023-05-22,남자,30 - 39세,제주도,국내온라인거래,항공여객운송서비스,계약해제.해지/위약금
2023026435,2023-05-22,남자,40 - 49세,경기도,국내온라인거래,티셔츠,청약철회
2023026436,2023-05-22,여자,20 - 29세,인천광역시,일반판매,필라테스,계약해제.해지/위약금
2023026437,2023-05-22,남자,40 - 49세,경기도,일반판매,국내결혼중개,계약해제.해지/위약금
2023026438,2023-05-22,여자,40 - 49세,경기도,국내온라인거래,인터넷교육서비스,계약해제.해지/위약금
2023026439,2023-05-22,여자,50 - 59세,충청남도,일반판매,스마트폰,AS불만
2023026440,2023-05-22,남자,20 - 29세,울산광역시,기타,기타교육서비스,계약해제.해지/위약금
2023026441,2023-05-22,여자,50 - 59세,대구광역시,국내온라인거래,국내여행,부당행위
2023026442,2023-05-22,여자,40 - 49세,경상북도,기타,신발세탁,품질(물품/용역)
2023026443,2023-05-23,여자,(미입력),경상남도,소셜커머스(쇼핑),옷장,계약불이행(불완전이행)
2023026444,2023-05-23,남자,40 - 49세,세종특별자치시,방문판매,헬스장,계약해제.해지/위약금
2023026445,2023-05-23,여자,40 - 49세,대구광역시,국내온라인거래,캐주얼바지,청약철회
2023026446,2023-05-23,여자,70 - 79세,부산광역시,전화권유판매,모바일정보이용서비스,계약불이행(불완전이행)
2023026447,2023-05-23,남자,70 - 79세,대전광역시,국내온라인거래,유사투자자문,부당행위
2023026448,2023-05-23,여자,40 - 49세,서울특별시,일반판매,산부인과,품질(물품/용역)
2023026449,2023-05-23,여자,40 - 49세,세종특별자치시,국내온라인거래,티셔츠,표시.광고
2023026451,2023-05-23,여자,40 - 49세,경기도,기타통신판매,신유형상품권,계약불이행(불완전이행)
2023026454,2023-05-23,여자,20 - 29세,서울특별시,일반판매,헬스장,계약해제.해지/위약금
2023026455,2023-05-23,남자,40 - 49세,서울특별시,기타통신판매,캐주얼바지,청약철회
2023026456,2023-05-23,여자,30 - 39세,경기도,일반판매,헬스장,계약해제.해지/위약금
2023026457,2023-05-23,여자,30 - 39세,경기도,기타통신판매,사진촬영,계약해제.해지/위약금
2023026458,2023-05-23,남자,30 - 39세,인천광역시,기타,예식서비스,계약불이행(불완전이행)
2023026459,2023-05-23,여자,30 - 39세,인천광역시,국내온라인거래,사진촬영,계약불이행(불완전이행)
2023026460,2023-05-23,남자,50 - 59세,서울특별시,일반판매,외식,안전(제품/시설)
2023026461,2023-05-23,여자,40 - 49세,대전광역시,일반판매,인터넷게임서비스,거래관행
2023026462,2023-05-23,남자,30 - 39세,인천광역시,국내온라인거래,기타자동차부품,계약불이행(불완전이행)
2023026463,2023-05-23,여자,40 - 49세,서울특별시,방문판매,콘도회원권,계약해제.해지/위약금
2023026464,2023-05-23,남자,30 - 39세,서울특별시,국제온라인거래,항공여객운송서비스,계약해제.해지/위약금
2023026465,2023-05-23,남자,20 - 29세,서울특별시,일반판매,유사투자자문,계약해제.해지/위약금
2023026466,2023-05-23,여자,30 - 39세,서울특별시,소셜커머스(쇼핑),기타일반화장품,품질(물품/용역)
2023026467,2023-05-23,여자,40 - 49세,인천광역시,기타,포장이사운송서비스,계약불이행(불완전이행)
2023026468,2023-05-23,남자,40 - 49세,경기도,일반판매,자동차수리·점검,계약불이행(불완전이행)
2023026469,2023-05-23,여자,40 - 49세,경기도,일반판매,실손보험,약관
2023026470,2023-05-23,남자,40 - 49세,경기도,국내온라인거래,인터넷게임서비스,계약불이행(불완전이행)
2023026472,2023-05-23,남자,불명,충청남도,국내온라인거래,기타미분류물품,계약불이행(불완전이행)
2023026473,2023-05-23,여자,40 - 49세,인천광역시,일반판매,냉장고,품질(물품/용역)
2023026474,2023-05-23,남자,50 - 59세,대구광역시,일반판매,중형승용자동차,AS불만
2023026475,2023-05-23,여자,30 - 39세,서울특별시,국내온라인거래,핸드백,계약해제.해지/위약금
2023026476,2023-05-23,여자,20 - 29세,경기도,국내온라인거래,항공여객운송서비스,계약해제.해지/위약금
2023026478,2023-05-23,남자,30 - 39세,대전광역시,기타통신판매,기타자동차부품,계약불이행(불완전이행)
2023026479,2023-05-23,여자,50 - 59세,경기도,일반판매,전기압력밥솥,품질(물품/용역)
2023026480,2023-05-23,여자,40 - 49세,서울특별시,일반판매,이동전화서비스,계약불이행(불완전이행)
2023026481,2023-05-23,남자,불명,경상남도,일반판매,양복(서양식 의복)세탁,품질(물품/용역)
2023026482,2023-05-23,남자,30 - 39세,경기도,일반판매,외식,품질(물품/용역)
2023026483,2023-05-23,여자,20 - 29세,서울특별시,국내온라인거래,양복(서양식 의복)세탁,품질(물품/용역)
2023026485,2023-05-23,여자,20 - 29세,서울특별시,일반판매,양복(서양식 의복)세탁,품질(물품/용역)
2023026486,2023-05-23,여자,30 - 39세,경상북도,국내온라인거래,숙녀화(구두·부츠 등),청약철회
2023026487,2023-05-23,여자,40 - 49세,경상북도,방문판매,인터넷교육서비스,계약해제.해지/위약금
2023026489,2023-05-23,남자,50 - 59세,경상남도,국내온라인거래,기타의류·섬유,계약불이행(불완전이행)
2023026491,2023-05-23,여자,30 - 39세,광주광역시,일반판매,인터넷교육서비스,계약해제.해지/위약금
2023026492,2023-05-23,남자,30 - 39세,서울특별시,방문판매,여자용한복,계약해제.해지/위약금
2023026493,2023-05-23,남자,20 - 29세,경기도,일반판매,기타가방,품질(물품/용역)
2023026494,2023-05-23,남자,30 - 39세,서울특별시,일반판매,점퍼·재킷류,품질(물품/용역)
2023026495,2023-05-23,여자,50 - 59세,경기도,기타통신판매,기타건강식품,청약철회
2023026496,2023-05-23,여자,50 - 59세,경상북도,기타,여관(모텔),단순문의.상담
2023026497,2023-05-23,남자,50 - 59세,경상남도,국내온라인거래,노트북컴퓨터,품질(물품/용역)
2023026498,2023-05-23,남자,30 - 39세,경기도,일반판매,골프회원권,계약불이행(불완전이행)
2023026499,2023-05-23,여자,30 - 39세,경상북도,방문판매,인터넷교육서비스,계약해제.해지/위약금
2023026500,2023-05-23,여자,40 - 49세,경상남도,기타,의상대여(렌트),계약해제.해지/위약금
2023026501,2023-05-23,여자,불명,대구광역시,일반판매,캐주얼바지,품질(물품/용역)
2023026502,2023-05-23,남자,50 - 59세,경기도,일반판매,건강(암·기타질병)보험,약관
2023026503,2023-05-23,여자,30 - 39세,서울특별시,국내온라인거래,전기장판,품질(물품/용역)
2023026504,2023-05-23,여자,30 - 39세,서울특별시,모바일거래,여관(모텔),계약해제.해지/위약금
2023026505,2023-05-23,여자,50 - 59세,경기도,국내온라인거래,핸드백,품질(물품/용역)
2023026506,2023-05-23,여자,40 - 49세,서울특별시,일반판매,상품권,무능력자계약
2023026508,2023-05-23,남자,60 - 64세,경기도,방문판매,국외여행,계약해제.해지/위약금
2023026509,2023-05-23,남자,50 - 59세,경기도,일반판매,아파트,품질(물품/용역)
2023026510,2023-05-23,남자,40 - 49세,서울특별시,일반판매,프린터,AS불만
2023026511,2023-05-23,여자,불명,울산광역시,일반판매,양복(서양식 의복)세탁,품질(물품/용역)
2023026512,2023-05-23,여자,65 - 69세,경상남도,일반판매,핸드백,품질(물품/용역)
2023026513,2023-05-23,여자,65 - 69세,경기도,국내온라인거래,주거용접착제,청약철회
2023026514,2023-05-23,여자,50 - 59세,충청남도,일반판매,점퍼·재킷류,품질(물품/용역)
2023026515,2023-05-23,여자,10 - 19세,서울특별시,기타통신판매,각종공연관람,계약해제.해지/위약금
2023026516,2023-05-23,여자,불명,경기도,일반판매,기타사설강습서비스,계약불이행(불완전이행)
2023026517,2023-05-23,여자,30 - 39세,서울특별시,국내온라인거래,셔츠,표시.광고
2023026518,2023-05-23,남자,40 - 49세,경기도,일반판매,신용카드,가격.요금
2023026519,2023-05-23,여자,50 - 59세,서울특별시,일반판매,기타민영보험,약관
2023026520,2023-05-23,남자,50 - 59세,경기도,일반판매,스마트폰,품질(물품/용역)
2023026521,2023-05-23,여자,30 - 39세,서울특별시,모바일거래,외식,계약해제.해지/위약금
2023026522,2023-05-23,남자,50 - 59세,경기도,모바일거래,항공여객운송서비스,계약해제.해지/위약금
2023026523,2023-05-23,남자,50 - 59세,경상북도,국내온라인거래,기타스포츠·레저기구·용품,품질(물품/용역)
2023026524,2023-05-23,여자,50 - 59세,경기도,전화권유판매,유사투자자문,계약해제.해지/위약금
2023026525,2023-05-23,여자,30 - 39세,서울특별시,일반판매,기타부동산임대차,계약해제.해지/위약금
2023026526,2023-05-23,여자,40 - 49세,인천광역시,일반판매,중형승용자동차,품질(물품/용역)
2023026527,2023-05-23,여자,40 - 49세,광주광역시,일반판매,기타사설강습서비스,계약해제.해지/위약금
2023026528,2023-05-23,남자,30 - 39세,서울특별시,일반판매,미분류수리가공,품질(물품/용역)
2023026529,2023-05-23,여자,50 - 59세,인천광역시,일반판매,미분류수리가공,AS불만
2023026530,2023-05-23,남자,40 - 49세,서울특별시,소셜커머스(쇼핑),전기세탁기,청약철회
2023026531,2023-05-23,남자,(미입력),경기도,일반판매,자동차수리·점검,이자.수수료
2023026533,2023-05-23,남자,30 - 39세,울산광역시,국제온라인거래,기타숙박시설,청약철회
2023026534,2023-05-23,남자,30 - 39세,경기도,국내온라인거래,서랍장,청약철회
2023026535,2023-05-23,여자,40 - 49세,제주도,TV홈쇼핑,국외여행,부당행위
2023026536,2023-05-23,남자,40 - 49세,부산광역시,국내온라인거래,기타가방,품질(물품/용역)
2023026537,2023-05-23,남자,65 - 69세,인천광역시,일반판매,묘목·모종,품질(물품/용역)
2023026538,2023-05-23,여자,50 - 59세,울산광역시,일반판매,정형외과,품질(물품/용역)
2023026539,2023-05-23,여자,70 - 79세,서울특별시,일반판매,유통시설이용,안전(제품/시설)
2023026540,2023-05-23,남자,20 - 29세,경기도,국내온라인거래,기타일반화장품,품질(물품/용역)
2023026541,2023-05-23,여자,40 - 49세,전라북도,국내온라인거래,기타방문·통신교육서비스,계약해제.해지/위약금
2023026542,2023-05-23,남자,30 - 39세,경기도,국내온라인거래,티셔츠,품질(물품/용역)
2023026543,2023-05-23,여자,30 - 39세,인천광역시,국내온라인거래,통신기기케이스,품질(물품/용역)
2023026544,2023-05-23,여자,50 - 59세,서울특별시,일반판매,기타주거관리설비,계약불이행(불완전이행)
2023026546,2023-05-23,여자,40 - 49세,대전광역시,국내온라인거래,모자,표시.광고
2023026547,2023-05-23,여자,40 - 49세,경기도,일반판매,기타보관서비스,계약해제.해지/위약금
2023026548,2023-05-23,여자,30 - 39세,경기도,모바일거래,신유형상품권,계약해제.해지/위약금
2023026549,2023-05-23,여자,50 - 59세,전라남도,기타,신경외과,품질(물품/용역)
2023026550,2023-05-23,여자,50 - 59세,대구광역시,기타,정신건강의학과,품질(물품/용역)
2023026551,2023-05-23,남자,60 - 64세,서울특별시,일반판매,전기압력밥솥,품질(물품/용역)
2023026552,2023-05-23,남자,40 - 49세,서울특별시,일반판매,학생용가방,품질(물품/용역)
2023026553,2023-05-23,여자,70 - 79세,광주광역시,기타통신판매,기타건강식품,단순문의.상담
2023026554,2023-05-23,여자,30 - 39세,대구광역시,기타통신판매,여자용내의류,계약해제.해지/위약금
2023026555,2023-05-23,여자,50 - 59세,서울특별시,방문판매,애완견,계약불이행(불완전이행)
2023026556,2023-05-23,남자,30 - 39세,경상남도,일반판매,국내결혼중개,계약해제.해지/위약금
2023026557,2023-05-23,여자,40 - 49세,인천광역시,국제온라인거래,신유형상품권,계약불이행(불완전이행)
2023026558,2023-05-23,남자,30 - 39세,대전광역시,국내온라인거래,노트북컴퓨터,계약불이행(불완전이행)
2023026559,2023-05-23,여자,30 - 39세,서울특별시,국내온라인거래,기타가구,청약철회
2023026560,2023-05-23,남자,40 - 49세,제주도,일반판매,골프용품,AS불만
2023026561,2023-05-23,남자,30 - 39세,대구광역시,국내온라인거래,기타미분류서비스,계약해제.해지/위약금
2023026562,2023-05-23,여자,30 - 39세,서울특별시,기타,애완견,계약해제.해지/위약금
2023026563,2023-05-23,남자,40 - 49세,강원특별자치도,일반판매,스마트폰,AS불만
2023026564,2023-05-23,남자,30 - 39세,경기도,방문판매,골프회원권,계약해제.해지/위약금
2023026565,2023-05-23,여자,40 - 49세,부산광역시,방문판매,모피·모피의류,계약해제.해지/위약금
2023026566,2023-05-23,여자,40 - 49세,전라남도,모바일거래,요구르트,청약철회
2023026567,2023-05-23,여자,30 - 39세,대전광역시,일반판매,필라테스,계약해제.해지/위약금
2023026568,2023-05-23,남자,50 - 59세,경기도,국내온라인거래,보조배터리,AS불만
2023026569,2023-05-23,여자,30 - 39세,경기도,방문판매,인터넷교육서비스,계약해제.해지/위약금
2023026570,2023-05-23,남자,50 - 59세,서울특별시,국내온라인거래,호텔,청약철회
2023026571,2023-05-23,여자,20 - 29세,경기도,국내온라인거래,애완동·식물용품,품질(물품/용역)
2023026572,2023-05-23,여자,불명,경기도,일반판매,기타사설강습서비스,계약해제.해지/위약금
2023026573,2023-05-23,여자,30 - 39세,울산광역시,국내온라인거래,기타신발·용품,청약철회
2023026574,2023-05-23,남자,40 - 49세,강원특별자치도,기타통신판매,항공여객운송서비스,계약해제.해지/위약금
2023026575,2023-05-23,여자,20 - 29세,광주광역시,전화권유판매,인터넷정보이용서비스,계약해제.해지/위약금
2023026576,2023-05-23,여자,20 - 29세,세종특별자치시,기타,헬스장,계약해제.해지/위약금
2023026577,2023-05-23,남자,30 - 39세,서울특별시,국내온라인거래,욕실설비,품질(물품/용역)
2023026578,2023-05-23,여자,30 - 39세,경기도,기타,기타법률서비스,계약해제.해지/위약금
2023026579,2023-05-23,남자,50 - 59세,서울특별시,일반판매,스마트폰,AS불만
2023026580,2023-05-23,남자,40 - 49세,경상남도,국내온라인거래,프린터,품질(물품/용역)
2023026581,2023-05-23,여자,20 - 29세,경기도,국내온라인거래,핸드백,청약철회
2023026582,2023-05-23,남자,30 - 39세,서울특별시,국내온라인거래,이동전화서비스,계약해제.해지/위약금
2023026583,2023-05-23,여자,20 - 29세,서울특별시,일반판매,헬스장,계약해제.해지/위약금
2023026584,2023-05-23,남자,30 - 39세,경상남도,방문판매,정수기대여(렌트),계약해제.해지/위약금
2023026585,2023-05-23,남자,30 - 39세,울산광역시,국제온라인거래,항공여객운송서비스,청약철회
2023026586,2023-05-23,남자,50 - 59세,충청남도,일반판매,택배화물운송서비스,계약불이행(불완전이행)
2023026587,2023-05-23,남자,40 - 49세,서울특별시,방문판매,결혼준비대행서비스,계약해제.해지/위약금
2023026588,2023-05-23,남자,30 - 39세,경상북도,국내온라인거래,필기용구,청약철회
2023026589,2023-05-23,여자,20 - 29세,경기도,일반판매,소파,계약불이행(불완전이행)
2023026590,2023-05-23,여자,40 - 49세,경기도,일반판매,종합체육시설회원권,계약해제.해지/위약금
2023026591,2023-05-23,남자,60 - 64세,서울특별시,일반판매,세무서비스,계약불이행(불완전이행)
2023026592,2023-05-23,여자,30 - 39세,경기도,일반판매,국내결혼중개,계약해제.해지/위약금
2023026593,2023-05-23,여자,20 - 29세,경기도,모바일거래,기타서적음반류,품질(물품/용역)
2023026594,2023-05-23,남자,50 - 59세,강원특별자치도,국내온라인거래,커피,품질(물품/용역)
2023026595,2023-05-23,여자,30 - 39세,서울특별시,기타,일반이사운송서비스,품질(물품/용역)
2023026596,2023-05-23,여자,40 - 49세,전라북도,국내온라인거래,항공여객운송서비스,계약해제.해지/위약금
2023026597,2023-05-23,남자,30 - 39세,서울특별시,일반판매,예식서비스,계약해제.해지/위약금
2023026598,2023-05-23,남자,40 - 49세,전라남도,일반판매,안마의자대여(렌트),계약해제.해지/위약금
2023026599,2023-05-23,남자,30 - 39세,경기도,모바일거래,기타숙박시설,품질(물품/용역)
2023026600,2023-05-23,여자,50 - 59세,경기도,일반판매,보관함보관서비스,가격.요금
2023026601,2023-05-23,남자,30 - 39세,경기도,국내온라인거래,기타숙박시설,계약해제.해지/위약금
2023026603,2023-05-23,남자,40 - 49세,경기도,국내온라인거래,이불·요,계약불이행(불완전이행)
2023026604,2023-05-23,여자,40 - 49세,서울특별시,일반판매,포장이사운송서비스,품질(물품/용역)
2023026605,2023-05-23,여자,30 - 39세,인천광역시,방문판매,인터넷교육서비스,계약해제.해지/위약금
2023026606,2023-05-23,여자,30 - 39세,서울특별시,일반판매,양복(서양식 의복)세탁,품질(물품/용역)
2023026607,2023-05-23,여자,30 - 39세,인천광역시,일반판매,헬스장,계약해제.해지/위약금
2023026608,2023-05-23,남자,60 - 64세,대전광역시,방문판매,TV,품질(물품/용역)
2023026609,2023-05-23,여자,50 - 59세,서울특별시,기타,양복(서양식 의복)세탁,품질(물품/용역)
2023026610,2023-05-23,남자,30 - 39세,경기도,국내온라인거래,신사화(구두·부츠 등),품질(물품/용역)
2023026611,2023-05-23,남자,50 - 59세,강원특별자치도,국내온라인거래,인터넷교육서비스,계약불이행(불완전이행)
2023026612,2023-05-23,여자,30 - 39세,충청남도,일반판매,결혼준비대행서비스,계약불이행(불완전이행)
2023026613,2023-05-23,남자,40 - 49세,서울특별시,모바일거래,기타숙박시설,청약철회
2023026614,2023-05-23,여자,40 - 49세,경기도,국내온라인거래,남자용내의류,청약철회
2023026615,2023-05-23,여자,30 - 39세,경기도,기타,스마트폰,품질(물품/용역)
2023026616,2023-05-23,남자,40 - 49세,인천광역시,기타통신판매,애완견,계약불이행(불완전이행)
2023026617,2023-05-23,남자,40 - 49세,경기도,전화권유판매,모바일정보이용서비스,계약불이행(불완전이행)
2023026618,2023-05-23,여자,20 - 29세,경기도,국내온라인거래,기타의류·섬유,청약철회
2023026619,2023-05-23,여자,20 - 29세,서울특별시,국내온라인거래,룸에어컨,품질(물품/용역)
2023026620,2023-05-23,남자,40 - 49세,전라남도,기타,기타숙박시설,계약해제.해지/위약금
2023026621,2023-05-23,여자,20 - 29세,대구광역시,기타,기타이·미용서비스,품질(물품/용역)
2023026622,2023-05-23,여자,30 - 39세,서울특별시,일반판매,초고속인터넷,AS불만
2023026623,2023-05-23,여자,30 - 39세,서울특별시,국내온라인거래,항공여객운송서비스,부당행위
2023026624,2023-05-23,남자,30 - 39세,서울특별시,일반판매,헬스장,계약해제.해지/위약금
2023026625,2023-05-23,여자,50 - 59세,경기도,일반판매,시계,품질(물품/용역)
2023026626,2023-05-23,남자,50 - 59세,경기도,기타통신판매,대리운전,계약해제.해지/위약금
2023026627,2023-05-23,남자,40 - 49세,경기도,소셜커머스(쇼핑),액정보호필름,표시.광고
2023026628,2023-05-23,남자,65 - 69세,부산광역시,국내온라인거래,기타식품류,품질(물품/용역)
2023026629,2023-05-23,여자,40 - 49세,대구광역시,일반판매,고시원이용,계약해제.해지/위약금
2023026630,2023-05-23,여자,30 - 39세,서울특별시,일반판매,카메라,품질(물품/용역)
2023026631,2023-05-23,여자,30 - 39세,충청북도,방문판매,예식서비스,청약철회
2023026632,2023-05-23,남자,30 - 39세,경기도,기타,기타음식관련서비스,품질(물품/용역)
2023026633,2023-05-23,남자,50 - 59세,경기도,국내온라인거래,서랍장,품질(물품/용역)
2023026634,2023-05-23,남자,30 - 39세,대전광역시,기타,미용서비스,청약철회
2023026635,2023-05-23,여자,30 - 39세,경기도,일반판매,전기진공청소기,계약해제.해지/위약금
2023026636,2023-05-23,여자,30 - 39세,경기도,모바일거래,호텔,계약해제.해지/위약금
2023026637,2023-05-23,남자,30 - 39세,대구광역시,국내온라인거래,메모리폼,청약철회
2023026638,2023-05-23,남자,50 - 59세,강원특별자치도,국내온라인거래,TV,품질(물품/용역)
2023026639,2023-05-23,여자,20 - 29세,전라북도,기타,스마트폰,품질(물품/용역)
2023026640,2023-05-23,남자,30 - 39세,서울특별시,국내온라인거래,항공여객운송서비스,계약해제.해지/위약금
2023026641,2023-05-23,여자,50 - 59세,경기도,기타,초고속인터넷,계약해제.해지/위약금
2023026642,2023-05-23,여자,30 - 39세,서울특별시,국내온라인거래,국외여행,계약해제.해지/위약금
2023026643,2023-05-23,여자,40 - 49세,전라남도,국내온라인거래,원피스,품질(물품/용역)
2023026644,2023-05-23,남자,20 - 29세,제주도,모바일거래,모바일게임서비스,계약불이행(불완전이행)
2023026646,2023-05-24,여자,40 - 49세,경기도,일반판매,자동차세차,부당행위
2023026647,2023-05-24,남자,40 - 49세,인천광역시,국내온라인거래,이동전화서비스,계약해제.해지/위약금
2023026649,2023-05-24,남자,50 - 59세,인천광역시,일반판매,중고자동차중개·매매,품질(물품/용역)
2023026651,2023-05-23,여자,50 - 59세,인천광역시,기타,굴,계약불이행(불완전이행)
2023026652,2023-05-24,여자,50 - 59세,경기도,국내온라인거래,운동화,품질(물품/용역)
2023026653,2023-05-24,남자,20 - 29세,인천광역시,일반판매,운동화,품질(물품/용역)
2023026654,2023-05-24,여자,40 - 49세,서울특별시,일반판매,생활패션화(슬립온·아쿠아슈즈·장화·작업화 등),품질(물품/용역)
2023026655,2023-05-24,남자,40 - 49세,대구광역시,국내온라인거래,운동화,품질(물품/용역)
2023026656,2023-05-24,여자,20 - 29세,서울특별시,국내온라인거래,신발세탁,계약불이행(불완전이행)
2023026657,2023-05-24,남자,40 - 49세,서울특별시,일반판매,신발세탁,계약불이행(불완전이행)
2023026658,2023-05-24,여자,20 - 29세,경기도,일반판매,필라테스,계약해제.해지/위약금
2023026659,2023-05-24,여자,20 - 29세,인천광역시,국내온라인거래,거울,계약불이행(불완전이행)
2023026660,2023-05-24,여자,40 - 49세,서울특별시,전화권유판매,국내결혼중개,계약해제.해지/위약금
2023026661,2023-05-24,남자,65 - 69세,경기도,일반판매,건강(암·기타질병)보험,약관
2023026662,2023-05-24,남자,20 - 29세,서울특별시,국내온라인거래,인터넷게임서비스,약관
2023026663,2023-05-24,여자,30 - 39세,서울특별시,일반판매,인터넷교육서비스,계약해제.해지/위약금
2023026666,2023-05-24,여자,70 - 79세,인천광역시,일반판매,전기압력밥솥,품질(물품/용역)
2023026667,2023-05-24,남자,65 - 69세,경기도,국내온라인거래,전기자전거,계약해제.해지/위약금
2023026668,2023-05-24,남자,70 - 79세,부산광역시,전화권유판매,인터넷정보이용서비스,계약해제.해지/위약금
2023026669,2023-05-24,여자,50 - 59세,경상남도,전화권유판매,실손보험,계약불이행(불완전이행)
2023026670,2023-05-24,여자,30 - 39세,경기도,기타,피부·체형관리서비스,계약해제.해지/위약금
2023026671,2023-05-24,남자,40 - 49세,부산광역시,국내온라인거래,원피스,AS불만
2023026672,2023-05-24,남자,40 - 49세,경기도,국내온라인거래,스피커,표시.광고
2023026673,2023-05-24,여자,30 - 39세,경기도,방문판매,헬스장,계약해제.해지/위약금
2023026674,2023-05-24,여자,20 - 29세,경기도,일반판매,필라테스,계약해제.해지/위약금
2023026675,2023-05-24,여자,30 - 39세,충청남도,국내온라인거래,기타의류·섬유,청약철회
2023026676,2023-05-24,여자,30 - 39세,경기도,소셜커머스(쇼핑),기타자동차용품,청약철회
2023026677,2023-05-24,남자,50 - 59세,서울특별시,전화권유판매,초고속인터넷,계약불이행(불완전이행)
2023026678,2023-05-24,남자,30 - 39세,경기도,국내온라인거래,기타자동차용품,계약불이행(불완전이행)
2023026679,2023-05-24,남자,30 - 39세,충청남도,일반판매,스포츠시설이용,계약해제.해지/위약금
2023026680,2023-05-24,여자,60 - 64세,강원특별자치도,일반판매,운동화,품질(물품/용역)
2023026682,2023-05-24,남자,50 - 59세,부산광역시,일반판매,운동화,품질(물품/용역)
2023026683,2023-05-24,남자,30 - 39세,경기도,국내온라인거래,샌들·슬리퍼,품질(물품/용역)
2023026684,2023-05-24,여자,50 - 59세,서울특별시,방문판매,전문스포츠화(축구화·골프화 등),품질(물품/용역)
2023026685,2023-05-24,여자,20 - 29세,경기도,국내온라인거래,샌들·슬리퍼,품질(물품/용역)
2023026686,2023-05-24,여자,30 - 39세,인천광역시,일반판매,애완견,품질(물품/용역)
2023026687,2023-05-24,남자,40 - 49세,인천광역시,일반판매,운동화,품질(물품/용역)
2023026688,2023-05-24,여자,40 - 49세,경기도,일반판매,신발세탁,계약불이행(불완전이행)
2023026689,2023-05-24,여자,30 - 39세,서울특별시,일반판매,신발세탁,계약불이행(불완전이행)
2023026690,2023-05-24,여자,20 - 29세,경기도,일반판매,피부·체형관리서비스,계약해제.해지/위약금
2023026691,2023-05-24,여자,60 - 64세,경기도,국내온라인거래,운동화,품질(물품/용역)
2023026692,2023-05-24,여자,65 - 69세,부산광역시,일반판매,신사화(구두·부츠 등),품질(물품/용역)
2023026693,2023-05-24,여자,30 - 39세,충청북도,국내온라인거래,샌들·슬리퍼,품질(물품/용역)
2023026694,2023-05-24,여자,30 - 39세,서울특별시,일반판매,신발세탁,계약불이행(불완전이행)
2023026695,2023-05-24,여자,30 - 39세,전라남도,일반판매,헬스장,계약해제.해지/위약금
2023026696,2023-05-24,여자,30 - 39세,경기도,일반판매,신발세탁,계약불이행(불완전이행)
2023026697,2023-05-24,남자,50 - 59세,대구광역시,일반판매,운동화,품질(물품/용역)
2023026698,2023-05-24,남자,40 - 49세,경상북도,일반판매,운동화,품질(물품/용역)
2023026699,2023-05-24,남자,30 - 39세,세종특별자치시,일반판매,헬스장,계약해제.해지/위약금
2023026700,2023-05-24,여자,30 - 39세,경기도,일반판매,신발세탁,계약불이행(불완전이행)
2023026701,2023-05-24,여자,60 - 64세,경기도,일반판매,신발세탁,계약불이행(불완전이행)
2023026702,2023-05-24,남자,60 - 64세,경기도,일반판매,운동화,품질(물품/용역)
2023026703,2023-05-24,여자,40 - 49세,경기도,일반판매,필라테스,계약해제.해지/위약금
2023026705,2023-05-24,여자,30 - 39세,경상남도,일반판매,요가,계약해제.해지/위약금
2023026706,2023-05-24,여자,30 - 39세,대구광역시,일반판매,헬스장,계약해제.해지/위약금
2023026707,2023-05-24,남자,20 - 29세,세종특별자치시,일반판매,헬스장,계약해제.해지/위약금
2023026708,2023-05-24,남자,40 - 49세,경기도,일반판매,실손보험,계약불이행(불완전이행)
2023026709,2023-05-24,여자,40 - 49세,경상남도,국내온라인거래,침대·매트리스대여(렌트),계약해제.해지/위약금
2023026710,2023-05-24,여자,30 - 39세,서울특별시,일반판매,필라테스,계약해제.해지/위약금
2023026711,2023-05-24,여자,20 - 29세,서울특별시,일반판매,필라테스,계약해제.해지/위약금
2023026712,2023-05-24,여자,40 - 49세,부산광역시,기타,필라테스,계약해제.해지/위약금
2023026713,2023-05-24,여자,40 - 49세,부산광역시,국내온라인거래,컵,품질(물품/용역)
2023026714,2023-05-24,남자,20 - 29세,울산광역시,일반판매,헬스장,계약해제.해지/위약금
2023026715,2023-05-24,여자,30 - 39세,경기도,일반판매,필라테스,계약해제.해지/위약금
2023026716,2023-05-24,여자,30 - 39세,서울특별시,일반판매,요가,계약해제.해지/위약금
2023026717,2023-05-24,여자,30 - 39세,경기도,일반판매,필라테스,계약해제.해지/위약금
2023026720,2023-05-24,남자,30 - 39세,대전광역시,국내온라인거래,음식물처리기,품질(물품/용역)
2023026721,2023-05-24,여자,40 - 49세,광주광역시,일반판매,양복(서양식 의복)세탁,품질(물품/용역)
2023026722,2023-05-24,여자,30 - 39세,경기도,일반판매,헬스장,계약해제.해지/위약금
2023026723,2023-05-24,남자,40 - 49세,경기도,일반판매,골프회원권,계약해제.해지/위약금
2023026724,2023-05-24,남자,30 - 39세,경상남도,국내온라인거래,기타미분류물품,청약철회
2023026725,2023-05-24,여자,20 - 29세,경상남도,전화권유판매,기타매체광고,청약철회
2023026726,2023-05-24,여자,20 - 29세,서울특별시,일반판매,기타회원권,계약해제.해지/위약금
2023026727,2023-05-24,여자,60 - 64세,서울특별시,기타,국외여행,계약해제.해지/위약금
2023026728,2023-05-24,여자,30 - 39세,대구광역시,일반판매,양복(서양식 의복)세탁,품질(물품/용역)
2023026729,2023-05-24,남자,40 - 49세,경기도,국내온라인거래,기타가구,품질(물품/용역)
2023026730,2023-05-24,여자,40 - 49세,강원특별자치도,일반판매,운동화,품질(물품/용역)
2023026731,2023-05-24,남자,불명,서울특별시,일반판매,아파트,계약불이행(불완전이행)
2023026732,2023-05-24,여자,50 - 59세,대구광역시,일반판매,헬스장,계약해제.해지/위약금
2023026734,2023-05-24,남자,40 - 49세,부산광역시,일반판매,골프회원권,계약해제.해지/위약금
2023026735,2023-05-24,여자,40 - 49세,서울특별시,국내온라인거래,캐주얼바지,청약철회
2023026736,2023-05-24,남자,30 - 39세,대전광역시,기타,음식물처리기대여(렌트),AS불만
2023026738,2023-05-24,여자,50 - 59세,경기도,일반판매,헬스장,계약해제.해지/위약금
2023026739,2023-05-24,남자,40 - 49세,충청북도,일반판매,생활패션화(슬립온·아쿠아슈즈·장화·작업화 등),품질(물품/용역)
2023026740,2023-05-24,남자,30 - 39세,대구광역시,일반판매,택배화물운송서비스,계약불이행(불완전이행)
2023026741,2023-05-24,여자,60 - 64세,경기도,일반판매,기타병·의원서비스,품질(물품/용역)
2023026742,2023-05-24,남자,30 - 39세,부산광역시,일반판매,오토바이,AS불만
2023026743,2023-05-24,여자,40 - 49세,대구광역시,일반판매,전집물,부당행위
2023026744,2023-05-24,여자,40 - 49세,서울특별시,일반판매,미용서비스,계약해제.해지/위약금
2023026745,2023-05-24,여자,20 - 29세,강원특별자치도,국내온라인거래,캐주얼바지,청약철회
2023026746,2023-05-24,여자,20 - 29세,대구광역시,일반판매,양복(서양식 의복)세탁,품질(물품/용역)
2023026747,2023-05-24,여자,40 - 49세,경기도,국내온라인거래,신유형상품권,계약불이행(불완전이행)
2023026748,2023-05-24,여자,40 - 49세,경상북도,일반판매,정수기대여(렌트),품질(물품/용역)
2023026749,2023-05-24,여자,50 - 59세,경상남도,일반판매,골프회원권,계약불이행(불완전이행)
2023026750,2023-05-24,여자,불명,서울특별시,일반판매,티셔츠,품질(물품/용역)
2023026751,2023-05-24,여자,30 - 39세,경기도,일반판매,필라테스,계약해제.해지/위약금
2023026752,2023-05-24,여자,30 - 39세,서울특별시,일반판매,침대,계약불이행(불완전이행)
2023026754,2023-05-24,남자,20 - 29세,서울특별시,국내온라인거래,신발세탁,계약불이행(불완전이행)
2023026755,2023-05-24,남자,60 - 64세,전라남도,일반판매,안과,계약해제.해지/위약금
2023026756,2023-05-24,남자,50 - 59세,경기도,모바일거래,전동킥보드,부당행위
2023026757,2023-05-24,여자,30 - 39세,울산광역시,일반판매,실손보험,약관
2023026758,2023-05-24,여자,불명,서울특별시,일반판매,티셔츠,품질(물품/용역)
2023026759,2023-05-24,여자,30 - 39세,서울특별시,국내온라인거래,비디오카메라,계약불이행(불완전이행)
2023026760,2023-05-24,남자,65 - 69세,인천광역시,전화권유판매,유사투자자문,계약해제.해지/위약금
2023026761,2023-05-24,남자,30 - 39세,서울특별시,국내온라인거래,가습기,품질(물품/용역)
2023026762,2023-05-24,남자,30 - 39세,경기도,일반판매,헬스장,계약해제.해지/위약금
2023026764,2023-05-24,여자,40 - 49세,부산광역시,기타통신판매,인터넷정보이용서비스,계약불이행(불완전이행)
2023026765,2023-05-24,여자,30 - 39세,경기도,일반판매,가스보일러,AS불만
2023026766,2023-05-24,여자,60 - 64세,대구광역시,일반판매,기타가방,품질(물품/용역)
2023026768,2023-05-24,여자,30 - 39세,경기도,일반판매,헬스장,계약해제.해지/위약금
2023026769,2023-05-24,여자,65 - 69세,서울특별시,기타통신판매,유사투자자문,계약불이행(불완전이행)
2023026770,2023-05-24,남자,50 - 59세,서울특별시,TV홈쇼핑,룸에어컨,계약불이행(불완전이행)
2023026771,2023-05-24,여자,불명,서울특별시,국내온라인거래,양복(서양식 의복)세탁,품질(물품/용역)
2023026773,2023-05-24,여자,40 - 49세,충청남도,국내온라인거래,국내캠프,계약해제.해지/위약금
2023026774,2023-05-24,남자,50 - 59세,서울특별시,국내온라인거래,호텔,계약해제.해지/위약금
2023026775,2023-05-24,남자,30 - 39세,경상남도,일반판매,기타스포츠·레저기구·용품,AS불만
2023026776,2023-05-24,여자,40 - 49세,경기도,일반판매,양복(서양식 의복)세탁,품질(물품/용역)
2023026777,2023-05-24,남자,40 - 49세,인천광역시,국내온라인거래,펜션,계약해제.해지/위약금
2023026778,2023-05-24,남자,30 - 39세,전라남도,국내온라인거래,욕실설비,청약철회
2023026779,2023-05-24,여자,50 - 59세,경기도,기타,헬스장,계약해제.해지/위약금
2023026780,2023-05-24,남자,40 - 49세,경기도,국내온라인거래,운동화,품질(물품/용역)
2023026781,2023-05-24,남자,40 - 49세,경기도,모바일거래,철도여객운송서비스,계약불이행(불완전이행)
2023026782,2023-05-24,여자,40 - 49세,경기도,기타,인터넷교육서비스,부당행위
2023026783,2023-05-24,여자,50 - 59세,경기도,기타,중형승용자동차,AS불만
2023026784,2023-05-24,여자,20 - 29세,서울특별시,기타통신판매,예식서비스,계약해제.해지/위약금
2023026785,2023-05-24,여자,불명,부산광역시,일반판매,핸드백,품질(물품/용역)
2023026786,2023-05-24,여자,20 - 29세,서울특별시,국내온라인거래,셔츠,품질(물품/용역)
2023026787,2023-05-24,여자,30 - 39세,경상북도,일반판매,인터넷교육서비스,계약해제.해지/위약금
2023026788,2023-05-24,남자,40 - 49세,경기도,국내온라인거래,모바일게임서비스,부당행위
2023026789,2023-05-24,여자,30 - 39세,경기도,일반판매,피부과,품질(물품/용역)
2023026790,2023-05-24,여자,60 - 64세,대구광역시,모바일거래,숙녀복상의,청약철회
2023026791,2023-05-24,여자,20 - 29세,경기도,일반판매,필라테스,계약해제.해지/위약금
2023026792,2023-05-24,남자,60 - 64세,서울특별시,국내온라인거래,기타회원권,계약불이행(불완전이행)
2023026793,2023-05-24,남자,40 - 49세,인천광역시,기타통신판매,항공여객운송서비스,계약불이행(불완전이행)
2023026794,2023-05-24,여자,40 - 49세,대전광역시,일반판매,헬스장,계약해제.해지/위약금
2023026795,2023-05-24,여자,30 - 39세,대구광역시,일반판매,국내결혼중개,계약불이행(불완전이행)
2023026796,2023-05-24,여자,20 - 29세,서울특별시,일반판매,피부·체형관리서비스,품질(물품/용역)
2023026797,2023-05-24,남자,50 - 59세,서울특별시,전화권유판매,인터넷정보이용서비스,계약해제.해지/위약금
2023026799,2023-05-24,여자,30 - 39세,대구광역시,일반판매,헬스장,계약해제.해지/위약금
2023026800,2023-05-24,여자,20 - 29세,서울특별시,일반판매,헬스장,계약해제.해지/위약금
2023026801,2023-05-24,남자,50 - 59세,서울특별시,TV홈쇼핑,기타의료용구,안전(제품/시설)
2023026802,2023-05-24,여자,30 - 39세,인천광역시,국내온라인거래,항공여객운송서비스,청약철회
2023026803,2023-05-24,여자,30 - 39세,경기도,국내온라인거래,유아용피복품,안전(제품/시설)
2023026804,2023-05-24,여자,40 - 49세,서울특별시,국내온라인거래,호텔,거래관행
2023026805,2023-05-24,여자,30 - 39세,광주광역시,방문판매,헬스장,계약해제.해지/위약금
2023026806,2023-05-24,남자,40 - 49세,충청남도,국내온라인거래,운동화,품질(물품/용역)
2023026807,2023-05-24,남자,50 - 59세,경상북도,일반판매,싱크대,품질(물품/용역)
2023026808,2023-05-24,남자,60 - 64세,부산광역시,일반판매,TV,품질(물품/용역)
2023026809,2023-05-24,여자,20 - 29세,경기도,방문판매,헬스장,계약해제.해지/위약금
2023026810,2023-05-24,여자,40 - 49세,서울특별시,모바일거래,기타신발·용품,청약철회
2023026811,2023-05-24,여자,40 - 49세,경기도,일반판매,필라테스,계약해제.해지/위약금
2023026812,2023-05-24,남자,50 - 59세,인천광역시,국내온라인거래,오토바이,AS불만
2023026813,2023-05-24,남자,50 - 59세,서울특별시,국내온라인거래,기타숙박시설,계약불이행(불완전이행)
2023026814,2023-05-24,남자,60 - 64세,부산광역시,일반판매,이동전화서비스,계약불이행(불완전이행)
2023026815,2023-05-24,남자,30 - 39세,서울특별시,일반판매,헬스장,계약해제.해지/위약금
2023026816,2023-05-24,여자,30 - 39세,경기도,일반판매,헬스장,계약해제.해지/위약금
2023026817,2023-05-24,여자,30 - 39세,경기도,일반판매,기타이·미용서비스,계약해제.해지/위약금
2023026818,2023-05-24,여자,30 - 39세,경기도,국내온라인거래,항공여객운송서비스,계약해제.해지/위약금
2023026819,2023-05-24,여자,30 - 39세,경기도,국내온라인거래,영화관람,계약해제.해지/위약금
2023026820,2023-05-24,남자,30 - 39세,서울특별시,모바일거래,모바일게임서비스,부당행위
2023026821,2023-05-24,남자,40 - 49세,경기도,일반판매,스포츠시설이용,계약해제.해지/위약금
2023026822,2023-05-24,남자,30 - 39세,서울특별시,국내온라인거래,항공여객운송서비스,계약해제.해지/위약금
2023026823,2023-05-24,남자,40 - 49세,제주도,일반판매,이동전화서비스,부당행위
2023026824,2023-05-24,남자,40 - 49세,경기도,국내온라인거래,TV,품질(물품/용역)
2023026825,2023-05-24,남자,30 - 39세,경기도,국내온라인거래,기타어패류·어패류가공식품,안전(제품/시설)
2023026826,2023-05-24,남자,30 - 39세,서울특별시,일반판매,헬스장,계약해제.해지/위약금
2023026827,2023-05-24,남자,30 - 39세,서울특별시,일반판매,전기충전기,안전(제품/시설)
2023026828,2023-05-24,여자,30 - 39세,서울특별시,국내온라인거래,생리용품,계약불이행(불완전이행)
2023026829,2023-05-24,여자,40 - 49세,부산광역시,국내온라인거래,유통시설이용,계약불이행(불완전이행)
2023026830,2023-05-24,여자,40 - 49세,부산광역시,일반판매,기타의류·섬유,표시.광고
2023026831,2023-05-24,여자,20 - 29세,서울특별시,소셜커머스(쇼핑),기타의류·섬유,청약철회
2023026832,2023-05-24,여자,30 - 39세,서울특별시,국내온라인거래,의자,품질(물품/용역)
2023026833,2023-05-24,여자,40 - 49세,경기도,일반판매,기타음료,품질(물품/용역)
2023026835,2023-05-24,남자,30 - 39세,강원특별자치도,일반판매,예식서비스,계약해제.해지/위약금
2023026836,2023-05-24,여자,30 - 39세,경기도,일반판매,각종자격취득강습,계약해제.해지/위약금
2023026837,2023-05-24,여자,20 - 29세,서울특별시,일반판매,태블릿PC,품질(물품/용역)
2023026839,2023-05-24,여자,30 - 39세,서울특별시,국내온라인거래,항공여객운송서비스,계약해제.해지/위약금
2023026840,2023-05-24,여자,30 - 39세,경기도,모바일거래,기타인테리어설비,계약불이행(불완전이행)
2023026841,2023-05-24,남자,40 - 49세,경기도,국내온라인거래,소프트웨어,계약불이행(불완전이행)
2023026842,2023-05-24,남자,30 - 39세,서울특별시,방문판매,헬스장,계약해제.해지/위약금
2023026843,2023-05-24,여자,20 - 29세,경기도,일반판매,미용서비스,청약철회
2023026844,2023-05-24,여자,40 - 49세,인천광역시,소셜커머스(쇼핑),국외여행,계약불이행(불완전이행)
2023026845,2023-05-24,여자,50 - 59세,충청북도,일반판매,필라테스,계약해제.해지/위약금
2023026846,2023-05-24,여자,30 - 39세,인천광역시,국내온라인거래,이불·침대커버,품질(물품/용역)
2023026847,2023-05-24,여자,40 - 49세,인천광역시,국내온라인거래,컴퓨터S/W개발(홈페이지제작),계약해제.해지/위약금
2023026848,2023-05-24,여자,20 - 29세,경기도,일반판매,필라테스,계약해제.해지/위약금
2023026849,2023-05-24,여자,30 - 39세,강원특별자치도,국내온라인거래,애완동·식물용품,청약철회
2023026850,2023-05-24,여자,30 - 39세,서울특별시,국내온라인거래,아동복,청약철회
2023026851,2023-05-24,남자,30 - 39세,서울특별시,국내온라인거래,운동화,청약철회
2023026852,2023-05-24,여자,50 - 59세,경기도,국내온라인거래,티셔츠,품질(물품/용역)
2023026853,2023-05-24,남자,50 - 59세,서울특별시,방문판매,기타인테리어설비,청약철회
2023026854,2023-05-24,남자,50 - 59세,서울특별시,국내온라인거래,김치냉장고,품질(물품/용역)
2023026855,2023-05-24,여자,20 - 29세,부산광역시,모바일거래,헬스장,계약해제.해지/위약금
2023026856,2023-05-24,여자,30 - 39세,서울특별시,국내온라인거래,베개,청약철회
2023026857,2023-05-24,여자,50 - 59세,울산광역시,일반판매,선풍기,품질(물품/용역)
2023026858,2023-05-24,여자,20 - 29세,경기도,국내온라인거래,스커트,청약철회
2023026859,2023-05-24,여자,40 - 49세,울산광역시,모바일거래,점퍼·재킷류,청약철회
2023026860,2023-05-24,남자,40 - 49세,서울특별시,소셜커머스(쇼핑),통신기기주변장치,안전(제품/시설)
2023026861,2023-05-24,남자,40 - 49세,서울특별시,국내온라인거래,항공여객운송서비스,계약해제.해지/위약금
2023026862,2023-05-24,남자,65 - 69세,경상남도,일반판매,타이어,부당행위
2023026863,2023-05-24,남자,20 - 29세,서울특별시,일반판매,헬스장,계약해제.해지/위약금
2023026864,2023-05-24,여자,40 - 49세,경기도,일반판매,필라테스,계약해제.해지/위약금
2023026865,2023-05-24,남자,40 - 49세,서울특별시,TV홈쇼핑,음식물처리기대여(렌트),AS불만
2023026866,2023-05-24,여자,60 - 64세,충청북도,일반판매,예식서비스,계약해제.해지/위약금
2023026867,2023-05-24,여자,20 - 29세,경기도,일반판매,요가,계약해제.해지/위약금
2023026868,2023-05-24,여자,40 - 49세,서울특별시,기타,기타미분류서비스,계약불이행(불완전이행)
2023026869,2023-05-24,여자,30 - 39세,부산광역시,일반판매,필라테스,계약해제.해지/위약금
2023026870,2023-05-24,여자,40 - 49세,경기도,국내온라인거래,숙녀화(구두·부츠 등),청약철회
2023026871,2023-05-24,여자,30 - 39세,서울특별시,기타,택배화물운송서비스,부당행위
2023026872,2023-05-24,남자,20 - 29세,인천광역시,일반판매,골프회원권,계약해제.해지/위약금
2023026873,2023-05-24,남자,40 - 49세,경상북도,기타,노트북컴퓨터,품질(물품/용역)
2023026874,2023-05-24,여자,30 - 39세,대구광역시,방문판매,복합기,약관
2023026876,2023-05-24,여자,30 - 39세,서울특별시,일반판매,피부·체형관리서비스,계약해제.해지/위약금
2023026877,2023-05-24,여자,30 - 39세,광주광역시,국내온라인거래,캐주얼바지,청약철회
2023026878,2023-05-24,여자,30 - 39세,경기도,일반판매,요가,계약해제.해지/위약금
2023026879,2023-05-24,여자,20 - 29세,서울특별시,전화권유판매,인터넷정보이용서비스,계약해제.해지/위약금
2023026880,2023-05-24,여자,30 - 39세,경기도,모바일거래,침실세트,계약불이행(불완전이행)
2023026881,2023-05-24,남자,30 - 39세,인천광역시,모바일거래,이동전화서비스,가격.요금
2023026882,2023-05-24,여자,40 - 49세,전라북도,일반판매,기타가구,품질(물품/용역)
2023026883,2023-05-24,여자,30 - 39세,서울특별시,전화권유판매,기타매체광고,계약불이행(불완전이행)
2023026884,2023-05-24,여자,30 - 39세,경기도,국내온라인거래,세탁용합성세제,품질(물품/용역)
2023026885,2023-05-24,남자,20 - 29세,경기도,일반판매,화장품세트,계약해제.해지/위약금
2023026886,2023-05-24,남자,30 - 39세,대전광역시,모바일거래,모형완구,AS불만
2023026888,2023-05-24,여자,30 - 39세,경기도,일반판매,헬스장,계약해제.해지/위약금
2023026889,2023-05-24,남자,40 - 49세,충청북도,국내온라인거래,운동화,계약해제.해지/위약금
2023026890,2023-05-24,여자,20 - 29세,경기도,일반판매,필라테스,계약해제.해지/위약금
2023026891,2023-05-24,남자,30 - 39세,서울특별시,기타통신판매,모바일게임서비스,계약해제.해지/위약금
2023026892,2023-05-24,여자,20 - 29세,서울특별시,기타,예식서비스,청약철회
2023026893,2023-05-24,여자,40 - 49세,대구광역시,모바일거래,모바일게임서비스,무능력자계약
2023026894,2023-05-24,남자,40 - 49세,충청북도,모바일거래,인터넷게임서비스,거래관행
2023026895,2023-05-24,여자,30 - 39세,서울특별시,소셜커머스(쇼핑),식기세척기,계약해제.해지/위약금
2023026896,2023-05-24,여자,40 - 49세,경기도,일반판매,필라테스,계약해제.해지/위약금
2023026897,2023-05-24,남자,50 - 59세,서울특별시,일반판매,기타이동통신,계약불이행(불완전이행)
2023026899,2023-05-25,남자,20 - 29세,경기도,모바일거래,헬스장,계약해제.해지/위약금
2023026900,2023-05-25,남자,50 - 59세,부산광역시,일반판매,자동차수리·점검,부당행위
2023026901,2023-05-25,여자,50 - 59세,부산광역시,기타통신판매,이동전화서비스,표시.광고
2023026902,2023-05-25,여자,30 - 39세,울산광역시,국내온라인거래,호텔,계약해제.해지/위약금
2023026903,2023-05-25,여자,60 - 64세,서울특별시,국내온라인거래,노트북컴퓨터,표시.광고
2023026904,2023-05-25,여자,50 - 59세,경기도,일반판매,보건위생용품기타,안전(제품/시설)
2023026905,2023-05-25,여자,30 - 39세,경기도,일반판매,피부과,계약해제.해지/위약금
2023026906,2023-05-25,남자,65 - 69세,경기도,일반판매,전문스포츠화(축구화·골프화 등),품질(물품/용역)
2023026907,2023-05-25,여자,40 - 49세,서울특별시,일반판매,운동화,품질(물품/용역)
2023026908,2023-05-25,여자,20 - 29세,경상북도,일반판매,피부과,계약해제.해지/위약금
2023026909,2023-05-25,남자,65 - 69세,서울특별시,기타통신판매,인터넷교육서비스,계약불이행(불완전이행)
2023026910,2023-05-25,남자,30 - 39세,서울특별시,일반판매,예식서비스,계약해제.해지/위약금
2023026911,2023-05-25,남자,65 - 69세,서울특별시,기타,기타인테리어설비,AS불만
2023026912,2023-05-25,여자,20 - 29세,서울특별시,국내온라인거래,인터넷교육서비스,계약불이행(불완전이행)
2023026913,2023-05-25,여자,50 - 59세,강원특별자치도,일반판매,점퍼·재킷류,품질(물품/용역)
2023026915,2023-05-25,여자,40 - 49세,경기도,국내온라인거래,운동화,품질(물품/용역)
2023026916,2023-05-25,여자,40 - 49세,부산광역시,일반판매,보석·귀금속,계약불이행(불완전이행)
2023026917,2023-05-25,남자,40 - 49세,경기도,일반판매,기타문화용품,계약해제.해지/위약금
2023026918,2023-05-25,여자,50 - 59세,인천광역시,국내온라인거래,기타숙박시설,청약철회
2023026919,2023-05-25,여자,30 - 39세,광주광역시,국내온라인거래,택배화물운송서비스,거래관행
2023026920,2023-05-25,여자,40 - 49세,경기도,일반판매,포장이사운송서비스,계약불이행(불완전이행)
2023026921,2023-05-25,남자,50 - 59세,대전광역시,국제온라인거래,항공화물운송서비스,계약불이행(불완전이행)
2023026922,2023-05-25,여자,30 - 39세,서울특별시,일반판매,운동화,품질(물품/용역)
2023026923,2023-05-25,남자,30 - 39세,경기도,일반판매,자동차대여(렌트),품질(물품/용역)
2023026924,2023-05-25,남자,20 - 29세,충청남도,일반판매,운동화,품질(물품/용역)
2023026925,2023-05-25,남자,30 - 39세,대전광역시,일반판매,기타화물운송서비스,계약불이행(불완전이행)
2023026926,2023-05-25,여자,40 - 49세,울산광역시,일반판매,외과,품질(물품/용역)
2023026927,2023-05-25,여자,40 - 49세,경기도,일반판매,한의원,계약해제.해지/위약금
2023026928,2023-05-25,남자,50 - 59세,경기도,일반판매,전문스포츠화(축구화·골프화 등),품질(물품/용역)
2023026929,2023-05-25,남자,40 - 49세,제주도,국내온라인거래,전기자전거,품질(물품/용역)
2023026930,2023-05-25,남자,20 - 29세,서울특별시,일반판매,포장이사운송서비스,품질(물품/용역)
2023026931,2023-05-25,남자,40 - 49세,서울특별시,일반판매,전기자전거,품질(물품/용역)
2023026932,2023-05-25,남자,50 - 59세,전라남도,일반판매,실손보험,계약불이행(불완전이행)
2023026933,2023-05-25,여자,60 - 64세,충청남도,일반판매,포장이사운송서비스,거래관행
2023026934,2023-05-25,남자,50 - 59세,광주광역시,국내온라인거래,골프회원권,거래관행
2023026935,2023-05-25,남자,80세이상,경기도,기타,공기청정기대여(렌트),계약불이행(불완전이행)
2023026936,2023-05-25,남자,60 - 64세,서울특별시,일반판매,헬스장,계약해제.해지/위약금
2023026937,2023-05-25,남자,30 - 39세,경기도,일반판매,중고자동차중개·매매,이자.수수료
2023026938,2023-05-25,여자,50 - 59세,광주광역시,일반판매,건강(암·기타질병)보험,약관
2023026939,2023-05-25,여자,40 - 49세,경기도,일반판매,애완견,계약해제.해지/위약금
2023026940,2023-05-25,여자,50 - 59세,서울특별시,일반판매,외식,안전(제품/시설)
2023026941,2023-05-25,남자,40 - 49세,경기도,모바일거래,전기자전거,계약해제.해지/위약금
2023026942,2023-05-25,여자,50 - 59세,대구광역시,일반판매,레포츠장비대여(렌트),부당행위
2023026943,2023-05-25,남자,65 - 69세,서울특별시,일반판매,국내여행,계약불이행(불완전이행)
2023026944,2023-05-25,여자,30 - 39세,경기도,일반판매,인터넷교육서비스,계약해제.해지/위약금
2023026945,2023-05-25,여자,20 - 29세,서울특별시,국제온라인거래,기타신변용품,청약철회
2023026946,2023-05-25,남자,30 - 39세,대구광역시,소셜커머스(쇼핑),차량용블랙박스,표시.광고
2023026947,2023-05-25,여자,50 - 59세,전라남도,일반판매,스마트폰,계약불이행(불완전이행)
2023026948,2023-05-25,남자,40 - 49세,부산광역시,일반판매,자동차리스,약관
2023026949,2023-05-25,여자,30 - 39세,서울특별시,국내온라인거래,비치파라솔,청약철회
2023026950,2023-05-25,남자,50 - 59세,경상남도,일반판매,항공여객운송서비스,품질(물품/용역)
2023026952,2023-05-25,남자,30 - 39세,경상남도,국내온라인거래,보석·귀금속,계약불이행(불완전이행)
2023026953,2023-05-25,여자,80세이상,경기도,전화권유판매,소프트웨어,청약철회
2023026954,2023-05-25,남자,65 - 69세,경상남도,일반판매,연금보험,약관
2023026955,2023-05-25,여자,65 - 69세,전라북도,일반판매,치과,품질(물품/용역)
2023026956,2023-05-25,여자,20 - 29세,부산광역시,일반판매,성형외과,품질(물품/용역)
2023026958,2023-05-25,여자,30 - 39세,서울특별시,일반판매,외과,품질(물품/용역)
2023026960,2023-05-25,여자,30 - 39세,서울특별시,국내온라인거래,기타사설강습서비스,품질(물품/용역)
2023026961,2023-05-25,여자,20 - 29세,서울특별시,일반판매,상품권,계약불이행(불완전이행)
2023026962,2023-05-25,여자,40 - 49세,서울특별시,국내온라인거래,항공여객운송서비스,청약철회
2023026963,2023-05-25,남자,30 - 39세,서울특별시,국내온라인거래,기타의류·섬유,청약철회
2023026964,2023-05-25,여자,40 - 49세,서울특별시,일반판매,양복(서양식 의복)세탁,품질(물품/용역)
2023026965,2023-05-25,여자,30 - 39세,경기도,일반판매,운동화,품질(물품/용역)
2023026966,2023-05-25,남자,40 - 49세,경기도,국내온라인거래,비데,AS불만
2023026967,2023-05-25,여자,50 - 59세,부산광역시,일반판매,양복(서양식 의복)세탁,품질(물품/용역)
2023026968,2023-05-25,여자,50 - 59세,경상북도,전화권유판매,유사투자자문,계약해제.해지/위약금
2023026969,2023-05-25,남자,30 - 39세,경상북도,일반판매,보석·귀금속,계약불이행(불완전이행)
2023026970,2023-05-25,남자,50 - 59세,서울특별시,일반판매,실손보험,약관
2023026971,2023-05-25,남자,30 - 39세,경상북도,일반판매,전자담배,계약불이행(불완전이행)
2023026972,2023-05-25,남자,30 - 39세,경기도,모바일거래,유사투자자문,청약철회
2023026973,2023-05-25,여자,30 - 39세,경기도,국내온라인거래,노트북컴퓨터,단순문의.상담
2023026974,2023-05-25,여자,30 - 39세,경기도,일반판매,인터넷교육서비스,계약해제.해지/위약금
2023026975,2023-05-25,여자,30 - 39세,서울특별시,일반판매,핸드백,표시.광고
2023026976,2023-05-25,여자,20 - 29세,경기도,일반판매,신발세탁,계약불이행(불완전이행)
2023026977,2023-05-25,여자,30 - 39세,충청남도,전화권유판매,인터넷정보이용서비스,계약불이행(불완전이행)
2023026978,2023-05-25,남자,30 - 39세,충청북도,일반판매,운동화,품질(물품/용역)
2023026979,2023-05-25,여자,40 - 49세,부산광역시,국내온라인거래,운동화,품질(물품/용역)
2023026980,2023-05-25,여자,65 - 69세,서울특별시,일반판매,니트(스웨터),품질(물품/용역)
2023026981,2023-05-25,남자,30 - 39세,경기도,일반판매,TV,AS불만
2023026982,2023-05-25,남자,65 - 69세,부산광역시,일반판매,운동화,품질(물품/용역)
2023026983,2023-05-25,여자,30 - 39세,경기도,국내온라인거래,각종공연관람,계약불이행(불완전이행)
2023026984,2023-05-25,여자,20 - 29세,서울특별시,국내온라인거래,스커트,청약철회
2023026985,2023-05-25,남자,60 - 64세,부산광역시,일반판매,종신보험,약관
2023026986,2023-05-25,남자,40 - 49세,경상북도,일반판매,기타인테리어설비,계약불이행(불완전이행)
2023026987,2023-05-25,남자,30 - 39세,충청남도,일반판매,대형승용자동차,품질(물품/용역)
2023026988,2023-05-25,여자,50 - 59세,경기도,일반판매,신사화(구두·부츠 등),품질(물품/용역)
2023026989,2023-05-25,여자,50 - 59세,서울특별시,TV홈쇼핑,국외여행,계약해제.해지/위약금
2023026990,2023-05-25,여자,40 - 49세,경기도,모바일거래,신유형상품권,부당행위
2023026991,2023-05-25,여자,40 - 49세,부산광역시,일반판매,운동화,품질(물품/용역)
2023026992,2023-05-25,여자,80세이상,경기도,전화권유판매,기타건강식품,계약해제.해지/위약금
2023026993,2023-05-25,여자,65 - 69세,부산광역시,TV홈쇼핑,국외여행,계약해제.해지/위약금
2023026994,2023-05-25,여자,50 - 59세,경상북도,일반판매,건강(암·기타질병)보험,약관
2023026995,2023-05-25,여자,50 - 59세,경기도,기타통신판매,포장이사운송서비스,계약불이행(불완전이행)
2023026996,2023-05-25,여자,65 - 69세,서울특별시,일반판매,정수기대여(렌트),품질(물품/용역)
2023026997,2023-05-25,여자,65 - 69세,서울특별시,일반판매,포장이사운송서비스,품질(물품/용역)
2023026998,2023-05-25,남자,65 - 69세,경기도,일반판매,이동전화서비스,가격.요금
2023026999,2023-05-25,여자,30 - 39세,광주광역시,일반판매,기타가방,품질(물품/용역)
2023027000,2023-05-25,여자,20 - 29세,경기도,일반판매,필라테스,계약해제.해지/위약금
2023027001,2023-05-25,여자,30 - 39세,서울특별시,방문판매,헬스장,계약해제.해지/위약금
2023027002,2023-05-25,여자,20 - 29세,경기도,국내온라인거래,필라테스,계약해제.해지/위약금
2023027003,2023-05-25,여자,60 - 64세,경기도,일반판매,코트,품질(물품/용역)
2023027004,2023-05-25,여자,30 - 39세,서울특별시,일반판매,양복(서양식 의복)세탁,품질(물품/용역)
2023027005,2023-05-25,남자,40 - 49세,경기도,일반판매,등산화,품질(물품/용역)
2023027006,2023-05-25,남자,40 - 49세,경기도,일반판매,등산화,품질(물품/용역)
2023027007,2023-05-25,남자,40 - 49세,경기도,일반판매,등산화,품질(물품/용역)
2023027008,2023-05-25,여자,40 - 49세,대전광역시,일반판매,헬스장,계약해제.해지/위약금
2023027009,2023-05-25,남자,30 - 39세,경기도,일반판매,양복(서양식 의복)세탁,품질(물품/용역)
2023027010,2023-05-25,여자,50 - 59세,경기도,일반판매,양복(서양식 의복)세탁,품질(물품/용역)
2023027011,2023-05-25,남자,30 - 39세,경상남도,국제온라인거래,항공여객운송서비스,계약해제.해지/위약금
2023027012,2023-05-25,여자,30 - 39세,경기도,기타,김치냉장고,품질(물품/용역)
2023027013,2023-05-25,여자,40 - 49세,인천광역시,일반판매,피부과,계약해제.해지/위약금
2023027014,2023-05-25,남자,60 - 64세,경기도,모바일거래,이동전화서비스,부당행위
2023027015,2023-05-25,남자,20 - 29세,부산광역시,국내온라인거래,스마트폰,품질(물품/용역)
2023027016,2023-05-25,여자,50 - 59세,대구광역시,일반판매,미용서비스,계약불이행(불완전이행)
2023027017,2023-05-25,남자,50 - 59세,경기도,일반판매,하드디스크드라이버,청약철회
2023027018,2023-05-25,남자,10 - 19세,부산광역시,일반판매,스마트폰,부당행위
2023027019,2023-05-25,남자,30 - 39세,서울특별시,기타,항공여객운송서비스,계약불이행(불완전이행)
2023027020,2023-05-25,여자,20 - 29세,대전광역시,일반판매,헬스장,계약해제.해지/위약금
2023027021,2023-05-25,남자,40 - 49세,서울특별시,국내온라인거래,인덕션레인지,AS불만
2023027022,2023-05-25,여자,30 - 39세,서울특별시,국내온라인거래,기타의류·섬유,청약철회
2023027023,2023-05-25,남자,40 - 49세,경기도,기타,기타숙박시설,청약철회
2023027024,2023-05-25,여자,50 - 59세,부산광역시,국내온라인거래,기타숙박시설,계약해제.해지/위약금
2023027025,2023-05-25,남자,40 - 49세,울산광역시,일반판매,안경·안경테,품질(물품/용역)
2023027026,2023-05-25,남자,20 - 29세,서울특별시,국내온라인거래,인터넷정보이용서비스,청약철회
2023027027,2023-05-25,남자,40 - 49세,경기도,국제온라인거래,항공여객운송서비스,계약해제.해지/위약금
2023027028,2023-05-25,여자,20 - 29세,서울특별시,일반판매,피부·체형관리서비스,계약해제.해지/위약금
2023027029,2023-05-25,남자,40 - 49세,충청남도,일반판매,기타스포츠·레저기구·용품,AS불만
2023027030,2023-05-25,여자,40 - 49세,경기도,방문판매,기타방문·통신교육서비스,계약해제.해지/위약금
2023027031,2023-05-25,여자,40 - 49세,부산광역시,국제온라인거래,항공여객운송서비스,계약불이행(불완전이행)
2023027032,2023-05-25,남자,30 - 39세,충청북도,국제온라인거래,생활패션화(슬립온·아쿠아슈즈·장화·작업화 등),품질(물품/용역)
2023027033,2023-05-25,여자,50 - 59세,경기도,일반판매,침대,계약해제.해지/위약금
2023027034,2023-05-25,여자,30 - 39세,서울특별시,일반판매,기타이·미용서비스,계약불이행(불완전이행)
2023027035,2023-05-25,여자,30 - 39세,경기도,일반판매,국내결혼중개,청약철회
2023027036,2023-05-25,남자,50 - 59세,경기도,기타,초고속인터넷,가격.요금
2023027037,2023-05-25,여자,20 - 29세,전라북도,일반판매,영화관람,계약해제.해지/위약금
2023027038,2023-05-25,여자,40 - 49세,경기도,전화권유판매,미분류대여(렌트),품질(물품/용역)
2023027039,2023-05-25,여자,40 - 49세,경기도,국내온라인거래,헤드폰·이어폰,계약불이행(불완전이행)
2023027040,2023-05-25,여자,30 - 39세,경기도,모바일거래,건물청소서비스,계약불이행(불완전이행)
2023027041,2023-05-25,여자,30 - 39세,인천광역시,국내온라인거래,기타신발·용품,청약철회
2023027042,2023-05-25,여자,30 - 39세,경기도,일반판매,사진촬영,품질(물품/용역)
2023027043,2023-05-25,여자,20 - 29세,인천광역시,일반판매,헬스장,계약해제.해지/위약금
2023027044,2023-05-25,남자,30 - 39세,인천광역시,일반판매,소파,계약해제.해지/위약금
2023027045,2023-05-25,여자,30 - 39세,부산광역시,전화권유판매,이동전화서비스,부당행위
2023027046,2023-05-25,남자,50 - 59세,전라북도,전화권유판매,다이어트식품,품질(물품/용역)
2023027047,2023-05-25,여자,40 - 49세,인천광역시,기타통신판매,샌들·슬리퍼,청약철회
2023027048,2023-05-25,남자,40 - 49세,대구광역시,국내온라인거래,선풍기,청약철회
2023027049,2023-05-25,여자,30 - 39세,서울특별시,방문판매,필라테스,계약해제.해지/위약금
2023027050,2023-05-25,남자,50 - 59세,전라북도,일반판매,기름보일러,AS불만
2023027051,2023-05-25,남자,30 - 39세,경기도,방문판매,헬스장,계약해제.해지/위약금
2023027052,2023-05-25,여자,30 - 39세,경기도,일반판매,헬스장,계약불이행(불완전이행)
2023027053,2023-05-25,남자,20 - 29세,서울특별시,일반판매,TV,품질(물품/용역)
2023027054,2023-05-25,남자,20 - 29세,경기도,국내온라인거래,스낵과자,청약철회
2023027055,2023-05-25,남자,20 - 29세,경기도,방문판매,기타사설강습서비스,계약해제.해지/위약금
2023027056,2023-05-25,남자,50 - 59세,서울특별시,기타,골프회원권,계약해제.해지/위약금
2023027057,2023-05-25,여자,40 - 49세,경기도,국내온라인거래,도서·음반대여(렌트),계약불이행(불완전이행)
2023027058,2023-05-25,여자,40 - 49세,전라남도,일반판매,타일,계약해제.해지/위약금
2023027059,2023-05-25,남자,30 - 39세,서울특별시,일반판매,IPTV,계약해제.해지/위약금
2023027060,2023-05-25,여자,40 - 49세,서울특별시,노상판매,인터넷교육서비스,계약해제.해지/위약금
2023027061,2023-05-25,여자,30 - 39세,서울특별시,국내온라인거래,할인회원권,계약불이행(불완전이행)
2023027062,2023-05-25,여자,20 - 29세,대구광역시,국내온라인거래,인터넷게임서비스,청약철회
2023027063,2023-05-25,남자,40 - 49세,경상북도,일반판매,가발,계약불이행(불완전이행)
2023027064,2023-05-25,여자,30 - 39세,대구광역시,모바일거래,인터넷교육서비스,계약해제.해지/위약금
2023027065,2023-05-25,남자,30 - 39세,서울특별시,국내온라인거래,기타식탁용품,품질(물품/용역)
2023027066,2023-05-25,남자,20 - 29세,광주광역시,기타,운전강습,계약해제.해지/위약금
2023027067,2023-05-25,여자,40 - 49세,서울특별시,일반판매,전기세탁기,품질(물품/용역)
2023027068,2023-05-25,남자,30 - 39세,광주광역시,소셜커머스(쇼핑),스포츠웨어,계약해제.해지/위약금
2023027069,2023-05-25,남자,40 - 49세,경기도,기타,펜션,계약해제.해지/위약금
2023027070,2023-05-25,여자,30 - 39세,서울특별시,국내온라인거래,여자용내의류,부당행위
2023027071,2023-05-25,남자,50 - 59세,서울특별시,국내온라인거래,CD·LD·DVD(영화·음악·게임),계약불이행(불완전이행)
2023027072,2023-05-25,남자,40 - 49세,경기도,일반판매,운동화,청약철회
2023027073,2023-05-25,남자,50 - 59세,경기도,일반판매,정수기대여(렌트),AS불만
2023027074,2023-05-25,남자,20 - 29세,인천광역시,방문판매,헬스장,계약해제.해지/위약금
2023027075,2023-05-25,남자,30 - 39세,광주광역시,방문판매,영업용기계,청약철회
2023027076,2023-05-25,남자,60 - 64세,경기도,일반판매,외식,품질(물품/용역)
2023027077,2023-05-25,여자,20 - 29세,서울특별시,일반판매,헬스장,계약해제.해지/위약금
2023027078,2023-05-25,여자,30 - 39세,경기도,일반판매,공기청정기,품질(물품/용역)
2023027079,2023-05-25,여자,20 - 29세,울산광역시,소셜커머스(쇼핑),기타의류·섬유,청약철회
2023027080,2023-05-25,남자,30 - 39세,세종특별자치시,방문판매,헬스장,계약해제.해지/위약금
2023027081,2023-05-25,남자,60 - 64세,서울특별시,TV홈쇼핑,국외여행,계약해제.해지/위약금
2023027082,2023-05-25,남자,30 - 39세,대전광역시,일반판매,국내결혼중개,약관
2023027083,2023-05-25,여자,30 - 39세,인천광역시,방문판매,인터넷교육서비스,계약해제.해지/위약금
2023027084,2023-05-25,남자,50 - 59세,경상남도,모바일거래,모바일정보이용서비스,계약해제.해지/위약금
2023027085,2023-05-25,남자,40 - 49세,광주광역시,국내온라인거래,스마트폰,AS불만
2023027086,2023-05-25,여자,20 - 29세,서울특별시,일반판매,미용서비스,계약해제.해지/위약금
2023027087,2023-05-25,여자,30 - 39세,서울특별시,일반판매,필라테스,계약해제.해지/위약금
2023027088,2023-05-25,여자,50 - 59세,경기도,모바일거래,컵,부당행위
2023027089,2023-05-25,남자,20 - 29세,전라남도,기타,헬스장,AS불만
2023027090,2023-05-25,남자,30 - 39세,경상남도,일반판매,가스보일러,AS불만
2023027091,2023-05-25,여자,30 - 39세,전라남도,일반판매,장의관련서비스,계약해제.해지/위약금
2023027092,2023-05-25,남자,30 - 39세,경기도,방문판매,결혼준비대행서비스,계약해제.해지/위약금
2023027093,2023-05-25,남자,40 - 49세,대전광역시,국내온라인거래,기타신발·용품,품질(물품/용역)
2023027094,2023-05-25,여자,20 - 29세,경기도,기타통신판매,기타숙박시설,부당행위
2023027095,2023-05-25,남자,70 - 79세,서울특별시,전화권유판매,IPTV,부당채권추심
2023027096,2023-05-25,여자,40 - 49세,인천광역시,모바일거래,캐주얼바지,청약철회
2023027097,2023-05-26,여자,50 - 59세,경기도,일반판매,미용서비스,품질(물품/용역)
2023027099,2023-05-26,여자,30 - 39세,서울특별시,국내온라인거래,기타의류·섬유,청약철회
2023027100,2023-05-26,남자,30 - 39세,충청남도,일반판매,자동차세차,계약불이행(불완전이행)
2023027101,2023-05-26,여자,40 - 49세,경기도,일반판매,요가,계약해제.해지/위약금
2023027102,2023-05-26,여자,60 - 64세,서울특별시,일반판매,자동차주차장,부당행위
2023027103,2023-05-26,남자,50 - 59세,대구광역시,TV홈쇼핑,실손보험,계약불이행(불완전이행)
2023027104,2023-05-26,여자,불명,부산광역시,국내온라인거래,영화관람,계약해제.해지/위약금
2023027105,2023-05-26,여자,65 - 69세,충청남도,일반판매,건강(암·기타질병)보험,계약불이행(불완전이행)
2023027106,2023-05-26,여자,40 - 49세,경기도,방문판매,인터넷교육서비스,계약해제.해지/위약금
2023027107,2023-05-26,남자,50 - 59세,충청남도,일반판매,실손보험,계약불이행(불완전이행)
2023027108,2023-05-26,남자,30 - 39세,인천광역시,국내온라인거래,기타자동차용품,계약불이행(불완전이행)
2023027110,2023-05-26,여자,30 - 39세,경기도,국내온라인거래,기타미분류물품,품질(물품/용역)
2023027111,2023-05-26,남자,50 - 59세,서울특별시,일반판매,자동차대여(렌트),계약해제.해지/위약금
2023027112,2023-05-26,여자,30 - 39세,대전광역시,국내온라인거래,기타서적음반류,계약불이행(불완전이행)
2023027113,2023-05-26,여자,30 - 39세,경상남도,기타통신판매,"연회서비스(돌잔치,회갑 등)",계약해제.해지/위약금
2023027114,2023-05-26,여자,30 - 39세,서울특별시,국내온라인거래,룸에어컨,청약철회
2023027115,2023-05-26,남자,50 - 59세,서울특별시,일반판매,실손보험,계약불이행(불완전이행)
2023027116,2023-05-26,여자,30 - 39세,서울특별시,기타,성형외과,계약해제.해지/위약금
2023027117,2023-05-26,여자,30 - 39세,부산광역시,일반판매,피부과,품질(물품/용역)
2023027118,2023-05-26,여자,40 - 49세,세종특별자치시,일반판매,소파,품질(물품/용역)
2023027119,2023-05-26,남자,30 - 39세,강원특별자치도,국내온라인거래,쌀,계약불이행(불완전이행)
2023027120,2023-05-26,여자,20 - 29세,서울특별시,기타,한의원,계약해제.해지/위약금
2023027121,2023-05-26,여자,30 - 39세,경기도,기타통신판매,소파,AS불만
2023027122,2023-05-26,여자,30 - 39세,대구광역시,다단계판매,기타회원권,계약해제.해지/위약금
2023027123,2023-05-26,여자,30 - 39세,경기도,일반판매,미용서비스,품질(물품/용역)
2023027124,2023-05-26,남자,20 - 29세,서울특별시,국내온라인거래,기타숙박시설,품질(물품/용역)
2023027125,2023-05-26,남자,30 - 39세,경기도,일반판매,오피스텔,계약불이행(불완전이행)
2023027126,2023-05-26,여자,30 - 39세,인천광역시,일반판매,피혁세탁,품질(물품/용역)
2023027127,2023-05-26,남자,20 - 29세,경상남도,국내온라인거래,인터넷게임서비스,계약불이행(불완전이행)
2023027128,2023-05-26,여자,50 - 59세,경기도,일반판매,식탁,품질(물품/용역)
2023027129,2023-05-26,여자,30 - 39세,경기도,일반판매,스프링매트리스,계약불이행(불완전이행)
2023027130,2023-05-26,여자,40 - 49세,경기도,국내온라인거래,코트,품질(물품/용역)
2023027131,2023-05-26,여자,30 - 39세,경기도,모바일거래,기타숙박시설,계약불이행(불완전이행)
2023027132,2023-05-26,여자,50 - 59세,경기도,TV홈쇼핑,정수기대여(렌트),약관
2023027133,2023-05-26,여자,40 - 49세,충청북도,기타통신판매,국내결혼중개,계약해제.해지/위약금
2023027134,2023-05-26,여자,50 - 59세,경기도,소셜커머스(쇼핑),기타의류·섬유,청약철회
2023027135,2023-05-26,여자,30 - 39세,서울특별시,국내온라인거래,기타서적음반류,청약철회
2023027136,2023-05-26,여자,60 - 64세,경기도,전화권유판매,모바일정보이용서비스,계약해제.해지/위약금
2023027137,2023-05-26,남자,30 - 39세,인천광역시,일반판매,라텍스매트리스,계약해제.해지/위약금
2023027138,2023-05-26,여자,20 - 29세,인천광역시,일반판매,양복(서양식 의복)세탁,품질(물품/용역)
2023027139,2023-05-26,여자,50 - 59세,경기도,국내온라인거래,가습기,품질(물품/용역)
2023027140,2023-05-26,여자,20 - 29세,인천광역시,국내온라인거래,양복(서양식 의복)세탁,품질(물품/용역)
2023027141,2023-05-26,여자,30 - 39세,경기도,일반판매,노트북컴퓨터,가격.요금
2023027143,2023-05-26,여자,60 - 64세,서울특별시,일반판매,김치냉장고,계약불이행(불완전이행)
2023027144,2023-05-26,남자,40 - 49세,광주광역시,소셜커머스(쇼핑),안마의자,청약철회
2023027145,2023-05-26,여자,20 - 29세,강원특별자치도,일반판매,양복(서양식 의복)세탁,품질(물품/용역)
2023027147,2023-05-26,남자,50 - 59세,경기도,일반판매,변액보험,계약불이행(불완전이행)
2023027148,2023-05-26,여자,불명,경상북도,일반판매,점퍼·재킷류,품질(물품/용역)
2023027150,2023-05-26,남자,20 - 29세,광주광역시,국내온라인거래,양복(서양식 의복)세탁,품질(물품/용역)
2023027151,2023-05-26,여자,40 - 49세,전라북도,모바일거래,모바일게임서비스,계약해제.해지/위약금
2023027152,2023-05-26,여자,50 - 59세,광주광역시,국내온라인거래,양복(서양식 의복)세탁,품질(물품/용역)
2023027153,2023-05-26,여자,30 - 39세,서울특별시,기타,항공여객운송서비스,계약불이행(불완전이행)
2023027154,2023-05-26,남자,30 - 39세,서울특별시,국내온라인거래,기타가사용품,청약철회
2023027155,2023-05-26,남자,65 - 69세,경기도,국내온라인거래,펜션,표시.광고
2023027157,2023-05-26,여자,20 - 29세,서울특별시,국내온라인거래,블라우스,청약철회
2023027158,2023-05-26,남자,30 - 39세,경상북도,일반판매,기타가방,품질(물품/용역)
2023027159,2023-05-26,남자,40 - 49세,서울특별시,일반판매,전문스포츠화(축구화·골프화 등),품질(물품/용역)
2023027160,2023-05-26,여자,40 - 49세,인천광역시,일반판매,골프회원권,계약해제.해지/위약금
2023027161,2023-05-26,여자,20 - 29세,서울특별시,일반판매,피부과,계약해제.해지/위약금
2023027162,2023-05-26,여자,30 - 39세,광주광역시,일반판매,신발세탁,품질(물품/용역)
2023027164,2023-05-26,여자,30 - 39세,경기도,일반판매,한의원,계약해제.해지/위약금
2023027165,2023-05-26,여자,20 - 29세,경기도,일반판매,피부·체형관리서비스,계약해제.해지/위약금
2023027166,2023-05-26,남자,30 - 39세,서울특별시,국내온라인거래,기타가방,품질(물품/용역)
2023027167,2023-05-26,여자,40 - 49세,경기도,국내온라인거래,전집물,계약불이행(불완전이행)
2023027168,2023-05-26,남자,40 - 49세,전라북도,방문판매,국외여행,계약불이행(불완전이행)
2023027169,2023-05-26,여자,40 - 49세,경기도,기타,성형외과,계약해제.해지/위약금
2023027170,2023-05-26,남자,30 - 39세,대구광역시,국내온라인거래,액자,계약해제.해지/위약금
2023027171,2023-05-26,남자,20 - 29세,경기도,일반판매,결혼준비대행서비스,계약해제.해지/위약금
2023027172,2023-05-26,남자,50 - 59세,인천광역시,방문판매,포장이사운송서비스,부당행위
2023027173,2023-05-26,여자,30 - 39세,대구광역시,국제온라인거래,인터넷정보이용서비스,계약해제.해지/위약금
2023027174,2023-05-26,남자,30 - 39세,서울특별시,일반판매,결혼준비대행서비스,계약불이행(불완전이행)
2023027175,2023-05-26,여자,50 - 59세,경기도,일반판매,양복(서양식 의복)세탁,품질(물품/용역)
2023027176,2023-05-26,여자,50 - 59세,서울특별시,일반판매,헬스장,계약해제.해지/위약금
2023027178,2023-05-26,남자,40 - 49세,경기도,일반판매,양복(서양식 의복)세탁,품질(물품/용역)
2023027179,2023-05-26,여자,50 - 59세,경기도,국내온라인거래,코트,품질(물품/용역)
2023027180,2023-05-26,여자,20 - 29세,서울특별시,국내온라인거래,기타신변용품,품질(물품/용역)
2023027181,2023-05-26,여자,40 - 49세,제주도,일반판매,양복(서양식 의복)세탁,품질(물품/용역)
2023027182,2023-05-26,남자,20 - 29세,서울특별시,일반판매,상품권,부당행위
2023027184,2023-05-26,남자,65 - 69세,부산광역시,일반판매,선글라스,품질(물품/용역)
2023027185,2023-05-26,남자,불명,세종특별자치시,모바일거래,모바일정보이용서비스,계약불이행(불완전이행)
2023027186,2023-05-26,남자,(미입력),울산광역시,전화권유판매,이동전화서비스,계약불이행(불완전이행)
2023027187,2023-05-26,남자,80세이상,서울특별시,기타통신판매,국외여행,계약해제.해지/위약금
2023027215,2023-05-26,여자,20 - 29세,경기도,방문판매,필라테스,계약해제.해지/위약금
2023027216,2023-05-26,남자,20 - 29세,경기도,전화권유판매,모바일정보이용서비스,계약해제.해지/위약금
2023027217,2023-05-26,남자,30 - 39세,세종특별자치시,소셜커머스(쇼핑),기타이·미용기구,청약철회
2023027218,2023-05-26,남자,30 - 39세,경기도,국내온라인거래,항공여객운송서비스,청약철회
2023027219,2023-05-26,여자,40 - 49세,경기도,국내온라인거래,미분류대여(렌트),계약해제.해지/위약금
2023027220,2023-05-26,여자,30 - 39세,서울특별시,일반판매,예식서비스,품질(물품/용역)
2023027221,2023-05-26,여자,65 - 69세,강원특별자치도,국내온라인거래,기타신발·용품,청약철회
2023027222,2023-05-26,여자,20 - 29세,서울특별시,일반판매,헬스장,계약해제.해지/위약금
2023027223,2023-05-26,여자,40 - 49세,부산광역시,일반판매,예식서비스,계약해제.해지/위약금
2023027224,2023-05-26,남자,50 - 59세,인천광역시,일반판매,스마트폰,품질(물품/용역)
2023027225,2023-05-26,여자,40 - 49세,경기도,국내온라인거래,기타미분류서비스,계약해제.해지/위약금
2023027226,2023-05-26,남자,30 - 39세,제주도,국내온라인거래,보조배터리,품질(물품/용역)
2023027227,2023-05-26,여자,50 - 59세,경기도,국내온라인거래,원피스,청약철회
2023027228,2023-05-26,남자,20 - 29세,서울특별시,국내온라인거래,기타책상·테이블류,청약철회
2023027229,2023-05-26,남자,50 - 59세,전라북도,기타,기타이동통신,품질(물품/용역)
2023027230,2023-05-26,남자,30 - 39세,인천광역시,국제온라인거래,기타화물운송서비스,부당행위
2023027231,2023-05-26,여자,40 - 49세,대전광역시,기타통신판매,헤드폰·이어폰,AS불만
2023027232,2023-05-26,남자,30 - 39세,부산광역시,기타,변호서비스,계약불이행(불완전이행)
2023027233,2023-05-26,남자,40 - 49세,부산광역시,일반판매,건강(암·기타질병)보험,계약불이행(불완전이행)
2023027234,2023-05-26,여자,30 - 39세,경기도,일반판매,헬스장,계약해제.해지/위약금
2023027235,2023-05-26,여자,40 - 49세,전라북도,일반판매,김치냉장고,AS불만
2023027236,2023-05-26,여자,30 - 39세,경기도,일반판매,헬스장,계약해제.해지/위약금
2023027237,2023-05-26,남자,30 - 39세,부산광역시,일반판매,헬스장,계약해제.해지/위약금
2023027238,2023-05-26,여자,30 - 39세,부산광역시,기타통신판매,보행기,품질(물품/용역)
2023027239,2023-05-26,여자,40 - 49세,경기도,소셜커머스(쇼핑),사진촬영,계약해제.해지/위약금
2023027240,2023-05-26,남자,30 - 39세,경기도,전화권유판매,전기장판,표시.광고
2023027241,2023-05-26,여자,30 - 39세,경상북도,국내온라인거래,기타수선·염색서비스,품질(물품/용역)
2023027242,2023-05-26,남자,20 - 29세,서울특별시,일반판매,헬스장,계약해제.해지/위약금
2023027243,2023-05-26,남자,30 - 39세,전라북도,기타통신판매,스마트폰,AS불만
2023027244,2023-05-26,남자,20 - 29세,서울특별시,국내온라인거래,사진촬영,계약해제.해지/위약금
2023027245,2023-05-26,남자,60 - 64세,서울특별시,일반판매,버스여객운송서비스,계약해제.해지/위약금
2023027246,2023-05-26,남자,30 - 39세,경기도,모바일거래,기타인터넷기반서비스,부당행위
2023027247,2023-05-26,여자,30 - 39세,경기도,국내온라인거래,기타인터넷기반서비스,가격.요금
2023027248,2023-05-26,남자,50 - 59세,경기도,일반판매,스마트폰,AS불만
2023027249,2023-05-26,남자,40 - 49세,경기도,국내온라인거래,보석·귀금속,청약철회
2023027250,2023-05-26,여자,30 - 39세,충청남도,기타,항공여객운송서비스,계약불이행(불완전이행)
2023027251,2023-05-26,여자,20 - 29세,서울특별시,국내온라인거래,각종공연관람,계약해제.해지/위약금
2023027252,2023-05-26,남자,40 - 49세,대전광역시,소셜커머스(쇼핑),샴푸,청약철회
2023027253,2023-05-26,여자,30 - 39세,경기도,국내온라인거래,인터넷교육서비스,계약해제.해지/위약금
2023027254,2023-05-26,남자,30 - 39세,경기도,전화권유판매,인터넷정보이용서비스,계약불이행(불완전이행)
2023027255,2023-05-26,남자,40 - 49세,서울특별시,국내온라인거래,남자용내의류,청약철회
2023027256,2023-05-26,여자,40 - 49세,서울특별시,국내온라인거래,모바일정보이용서비스,계약불이행(불완전이행)
2023027257,2023-05-26,여자,40 - 49세,경기도,국내온라인거래,인터넷교육서비스,계약해제.해지/위약금
2023027258,2023-05-26,남자,20 - 29세,인천광역시,일반판매,헬스장,계약해제.해지/위약금
2023027259,2023-05-26,남자,20 - 29세,서울특별시,방문판매,콘도회원권,계약해제.해지/위약금
2023027260,2023-05-26,여자,50 - 59세,충청남도,모바일거래,모바일정보이용서비스,부당채권추심
2023027261,2023-05-26,여자,40 - 49세,경상남도,국내온라인거래,국내여행,청약철회
2023027262,2023-05-26,남자,40 - 49세,서울특별시,모바일거래,기타숙박시설,계약해제.해지/위약금
2023027263,2023-05-26,남자,30 - 39세,경기도,방문판매,콘도회원권,계약해제.해지/위약금
2023027264,2023-05-26,여자,50 - 59세,인천광역시,일반판매,피부·체형관리서비스,계약해제.해지/위약금
2023027265,2023-05-26,남자,30 - 39세,경기도,일반판매,화장실설비,품질(물품/용역)
2023027266,2023-05-26,여자,40 - 49세,서울특별시,국내온라인거래,침대·매트리스대여(렌트),품질(물품/용역)
2023027267,2023-05-26,여자,30 - 39세,서울특별시,국내온라인거래,전기진공청소기,표시.광고
2023027268,2023-05-26,여자,40 - 49세,서울특별시,일반판매,포장이사운송서비스,품질(물품/용역)
2023027269,2023-05-26,남자,20 - 29세,인천광역시,방문판매,애완견,부당행위
2023027270,2023-05-26,남자,40 - 49세,서울특별시,국내온라인거래,항공여객운송서비스,계약불이행(불완전이행)
2023027271,2023-05-26,남자,30 - 39세,광주광역시,방문판매,독서실이용,계약해제.해지/위약금
2023027272,2023-05-26,남자,30 - 39세,경상북도,일반판매,기타회원권,계약해제.해지/위약금
2023027273,2023-05-26,여자,20 - 29세,서울특별시,일반판매,예식서비스,계약해제.해지/위약금
2023027274,2023-05-26,여자,40 - 49세,경상남도,국내온라인거래,침대,청약철회
2023027275,2023-05-26,여자,50 - 59세,대전광역시,국내온라인거래,기타숙박시설,계약해제.해지/위약금
2023027276,2023-05-26,여자,40 - 49세,경기도,일반판매,스포츠시설이용,계약해제.해지/위약금
2023027277,2023-05-26,남자,65 - 69세,광주광역시,일반판매,콘도회원권,계약불이행(불완전이행)
2023027278,2023-05-26,남자,40 - 49세,서울특별시,국제온라인거래,항공여객운송서비스,계약해제.해지/위약금
2023027279,2023-05-26,남자,30 - 39세,서울특별시,일반판매,미용서비스,계약해제.해지/위약금
2023027280,2023-05-26,여자,20 - 29세,충청북도,기타,스마트폰,계약불이행(불완전이행)
2023027281,2023-05-26,남자,50 - 59세,부산광역시,국내온라인거래,항공여객운송서비스,계약불이행(불완전이행)
2023027282,2023-05-26,여자,20 - 29세,서울특별시,일반판매,요가,계약해제.해지/위약금
2023027283,2023-05-26,여자,20 - 29세,전라남도,국내온라인거래,노트·수첩·앨범등,청약철회
2023027284,2023-05-26,여자,40 - 49세,대구광역시,일반판매,가구세트,품질(물품/용역)
2023027285,2023-05-26,여자,20 - 29세,경기도,국내온라인거래,헬스장,계약해제.해지/위약금
2023027286,2023-05-26,여자,30 - 39세,대구광역시,일반판매,스포츠시설이용,계약해제.해지/위약금
2023027287,2023-05-26,여자,30 - 39세,경기도,국내온라인거래,기타가방,청약철회
2023027288,2023-05-26,여자,20 - 29세,경기도,국내온라인거래,여관(모텔),계약불이행(불완전이행)
2023027289,2023-05-26,남자,불명,경기도,일반판매,헬스장,계약해제.해지/위약금
2023027290,2023-05-26,남자,30 - 39세,서울특별시,일반판매,헬스장,계약해제.해지/위약금
2023027291,2023-05-26,남자,40 - 49세,서울특별시,일반판매,TV,약관
2023027292,2023-05-26,남자,30 - 39세,부산광역시,소셜커머스(쇼핑),여관(모텔),계약해제.해지/위약금
2023027293,2023-05-26,남자,40 - 49세,부산광역시,일반판매,노트북컴퓨터,AS불만
2023027294,2023-05-26,남자,20 - 29세,서울특별시,일반판매,일반강습(입시학원등),계약해제.해지/위약금
2023027295,2023-05-26,여자,50 - 59세,서울특별시,일반판매,애완동물이·미용서비스,품질(물품/용역)
2023027296,2023-05-26,여자,40 - 49세,경기도,기타,포장이사운송서비스,품질(물품/용역)
2023027297,2023-05-26,남자,30 - 39세,강원특별자치도,기타,택배화물운송서비스,계약불이행(불완전이행)
2023027298,2023-05-26,여자,30 - 39세,서울특별시,일반판매,필라테스,계약불이행(불완전이행)
2023027299,2023-05-26,남자,40 - 49세,경기도,국내온라인거래,기타일반화장품,청약철회
2023027300,2023-05-26,여자,30 - 39세,서울특별시,전화권유판매,기타미분류서비스,계약해제.해지/위약금
2023027301,2023-05-26,여자,20 - 29세,서울특별시,일반판매,헬스장,계약해제.해지/위약금
2023027302,2023-05-26,여자,20 - 29세,서울특별시,일반판매,요가,계약해제.해지/위약금
2023027303,2023-05-26,남자,30 - 39세,서울특별시,일반판매,헬스장,계약해제.해지/위약금
2023027304,2023-05-26,여자,20 - 29세,서울특별시,모바일거래,모바일정보이용서비스,계약해제.해지/위약금
2023027305,2023-05-26,여자,30 - 39세,서울특별시,일반판매,피부·체형관리서비스,계약해제.해지/위약금
2023027306,2023-05-26,남자,30 - 39세,인천광역시,방문판매,침대·매트리스대여(렌트),계약불이행(불완전이행)
2023027307,2023-05-26,남자,30 - 39세,서울특별시,국내온라인거래,전문스포츠화(축구화·골프화 등),청약철회
2023027315,2023-05-27,여자,30 - 39세,서울특별시,일반판매,미분류대여(렌트),부당행위
2023027316,2023-05-27,남자,30 - 39세,충청남도,소셜커머스(쇼핑),텐트,품질(물품/용역)
2023027317,2023-05-27,남자,30 - 39세,부산광역시,국내온라인거래,기타의류·섬유,청약철회
2023027318,2023-05-27,남자,30 - 39세,서울특별시,전화권유판매,기타과일·과일가공식품,부당행위
2023027319,2023-05-27,남자,30 - 39세,서울특별시,방문판매,골프회원권,계약해제.해지/위약금
2023027320,2023-05-27,여자,20 - 29세,충청북도,일반판매,기타미분류서비스,계약해제.해지/위약금
2023027321,2023-05-27,여자,40 - 49세,서울특별시,기타,기타교육서비스,계약불이행(불완전이행)
2023027322,2023-05-27,여자,20 - 29세,경기도,기타,보석·귀금속,AS불만
2023027323,2023-05-27,남자,50 - 59세,광주광역시,전화권유판매,기타매체광고,계약불이행(불완전이행)
2023027324,2023-05-27,여자,30 - 39세,인천광역시,전화권유판매,인터넷정보이용서비스,계약해제.해지/위약금
2023027325,2023-05-27,여자,40 - 49세,대전광역시,국내온라인거래,보석·귀금속,계약불이행(불완전이행)
2023027326,2023-05-27,남자,60 - 64세,세종특별자치시,TV홈쇼핑,국외여행,계약해제.해지/위약금
2023027415,2023-05-28,남자,30 - 39세,충청남도,국내온라인거래,통신기기주변장치,품질(물품/용역)
2023027416,2023-05-28,남자,50 - 59세,서울특별시,모바일거래,모바일게임서비스,가격.요금
2023027417,2023-05-28,여자,40 - 49세,서울특별시,일반판매,건물청소서비스,청약철회
2023027418,2023-05-28,남자,40 - 49세,인천광역시,기타,예식서비스,부당행위
2023027419,2023-05-28,남자,30 - 39세,서울특별시,기타,스마트폰,부당행위
2023027420,2023-05-28,여자,30 - 39세,경기도,일반판매,포장이사운송서비스,품질(물품/용역)
2023027421,2023-05-28,남자,20 - 29세,서울특별시,방문판매,기타예식관련서비스,계약해제.해지/위약금
2023027422,2023-05-28,여자,20 - 29세,부산광역시,기타통신판매,국외여행,약관
2023027424,2023-05-28,남자,40 - 49세,서울특별시,일반판매,미용서비스,부당행위
2023027425,2023-05-28,여자,40 - 49세,경기도,국내온라인거래,각종쿠폰류(무료통화권포함),계약불이행(불완전이행)
2023027426,2023-05-26,여자,30 - 39세,경기도,기타,필라테스,계약해제.해지/위약금
2023027427,2023-05-29,남자,40 - 49세,서울특별시,국내온라인거래,기타미분류서비스,부당행위
2023027428,2023-05-29,남자,40 - 49세,서울특별시,기타,기타미분류서비스,계약불이행(불완전이행)
2023027429,2023-05-29,여자,50 - 59세,대구광역시,기타통신판매,포장이사운송서비스,계약불이행(불완전이행)
2023027430,2023-05-29,여자,40 - 49세,경기도,국내온라인거래,인덕션레인지,AS불만
2023027431,2023-05-29,남자,50 - 59세,서울특별시,일반판매,이동전화서비스,품질(물품/용역)
2023027432,2023-05-29,여자,40 - 49세,경기도,국내온라인거래,기타가방,청약철회
2023027433,2023-05-29,여자,30 - 39세,울산광역시,기타,결혼준비대행서비스,품질(물품/용역)
2023027434,2023-05-29,남자,30 - 39세,서울특별시,일반판매,헬스장,계약해제.해지/위약금
2023027435,2023-05-29,여자,30 - 39세,경기도,TV홈쇼핑,기타일반화장품,청약철회
2023027436,2023-05-29,남자,20 - 29세,서울특별시,국내온라인거래,티셔츠,청약철회
2023027437,2023-05-29,남자,20 - 29세,충청북도,일반판매,기타신발·용품,계약불이행(불완전이행)
2023027438,2023-05-29,남자,50 - 59세,부산광역시,일반판매,캐주얼바지,계약불이행(불완전이행)
2023027439,2023-05-29,남자,40 - 49세,서울특별시,국내온라인거래,이동전화서비스,부당행위
2023027440,2023-05-29,여자,40 - 49세,경기도,일반판매,미용서비스,품질(물품/용역)
2023027441,2023-05-29,여자,50 - 59세,서울특별시,국내온라인거래,전기진공청소기,AS불만
2023027442,2023-05-29,여자,40 - 49세,경상북도,일반판매,각종자격취득강습,계약해제.해지/위약금
2023027443,2023-05-29,남자,50 - 59세,충청남도,국내온라인거래,침대,계약불이행(불완전이행)
2023027444,2023-05-29,여자,60 - 64세,경상북도,일반판매,기타세탁서비스,품질(물품/용역)
2023027445,2023-05-29,남자,40 - 49세,경기도,일반판매,캐주얼바지,품질(물품/용역)
2023027446,2023-05-30,남자,(미입력),경기도,국내온라인거래,캐주얼바지,청약철회
2023027447,2023-05-30,여자,60 - 64세,전라북도,일반판매,떡류,계약불이행(불완전이행)
2023027448,2023-05-30,여자,40 - 49세,제주도,국내온라인거래,기타신발·용품,계약해제.해지/위약금
2023027449,2023-05-30,남자,40 - 49세,충청남도,일반판매,점퍼·재킷류,품질(물품/용역)
2023027450,2023-05-30,남자,20 - 29세,서울특별시,일반판매,피부과,계약해제.해지/위약금
2023027451,2023-05-30,여자,70 - 79세,서울특별시,일반판매,정형외과,품질(물품/용역)
2023027452,2023-05-30,여자,30 - 39세,경기도,일반판매,기타회원권,계약해제.해지/위약금
2023027453,2023-05-30,여자,40 - 49세,경상북도,일반판매,실손보험,계약불이행(불완전이행)
2023027454,2023-05-30,남자,60 - 64세,경기도,일반판매,양복(서양식 의복)세탁,품질(물품/용역)
2023027455,2023-05-30,남자,40 - 49세,경상남도,국내온라인거래,CCTV,AS불만
2023027456,2023-05-30,여자,60 - 64세,충청남도,국내온라인거래,셔츠,청약철회
2023027457,2023-05-30,여자,20 - 29세,제주도,일반판매,미용서비스,계약불이행(불완전이행)
2023027459,2023-05-30,여자,20 - 29세,인천광역시,국내온라인거래,니트(스웨터),청약철회
2023027460,2023-05-30,여자,50 - 59세,충청남도,일반판매,기타숙박시설,계약해제.해지/위약금
2023027461,2023-05-30,남자,30 - 39세,서울특별시,기타,신유형상품권,계약불이행(불완전이행)
2023027462,2023-05-30,여자,40 - 49세,전라북도,일반판매,인터넷교육서비스,계약해제.해지/위약금
2023027463,2023-05-30,남자,40 - 49세,서울특별시,국제온라인거래,전기자전거,품질(물품/용역)
2023027464,2023-05-30,여자,40 - 49세,대구광역시,국내온라인거래,기타숙박시설,계약해제.해지/위약금
2023027465,2023-05-30,여자,40 - 49세,서울특별시,일반판매,소파,품질(물품/용역)
2023027466,2023-05-30,여자,30 - 39세,서울특별시,모바일거래,호텔,계약해제.해지/위약금
2023027467,2023-05-30,남자,20 - 29세,서울특별시,국제온라인거래,항공여객운송서비스,청약철회
2023027468,2023-05-30,여자,20 - 29세,서울특별시,일반판매,원피스,계약해제.해지/위약금
2023027470,2023-05-30,남자,70 - 79세,서울특별시,일반판매,아파트,계약불이행(불완전이행)
2023027471,2023-05-30,여자,40 - 49세,경기도,일반판매,노트북컴퓨터,AS불만
2023027472,2023-05-30,남자,30 - 39세,대전광역시,국내온라인거래,이동전화서비스,계약불이행(불완전이행)
2023027473,2023-05-30,남자,30 - 39세,경기도,일반판매,기타세탁서비스,AS불만
2023027474,2023-05-30,남자,60 - 64세,경기도,국내온라인거래,기타인테리어설비,계약불이행(불완전이행)
2023027475,2023-05-30,여자,40 - 49세,부산광역시,방문판매,정수기대여(렌트),계약해제.해지/위약금
2023027476,2023-05-30,여자,30 - 39세,서울특별시,국내온라인거래,기타침구류,품질(물품/용역)
2023027477,2023-05-30,남자,40 - 49세,대전광역시,국내온라인거래,자동차대여(렌트),부당행위
2023027478,2023-05-30,남자,30 - 39세,경상북도,일반판매,국외여행,계약해제.해지/위약금
2023027479,2023-05-30,여자,30 - 39세,대구광역시,일반판매,기타영상기기,품질(물품/용역)
2023027480,2023-05-30,여자,30 - 39세,경기도,국내온라인거래,결혼준비대행서비스,계약해제.해지/위약금
2023027481,2023-05-30,남자,50 - 59세,세종특별자치시,일반판매,전기자동차,AS불만
2023027482,2023-05-30,남자,40 - 49세,서울특별시,국내온라인거래,카셰어링,계약불이행(불완전이행)
2023027483,2023-05-30,남자,30 - 39세,인천광역시,모바일거래,자동차수리·점검,청약철회
2023027484,2023-05-30,여자,30 - 39세,인천광역시,국내온라인거래,기타가구,계약불이행(불완전이행)
2023027485,2023-05-30,여자,60 - 64세,경기도,모바일거래,원피스,품질(물품/용역)
2023027489,2023-05-30,여자,30 - 39세,부산광역시,국내온라인거래,니트(스웨터),품질(물품/용역)
2023027491,2023-05-30,남자,40 - 49세,경기도,일반판매,변호서비스,계약해제.해지/위약금
2023027492,2023-05-30,여자,30 - 39세,경상남도,일반판매,양복(서양식 의복)세탁,품질(물품/용역)
2023027493,2023-05-30,여자,60 - 64세,경상남도,일반판매,양복(서양식 의복)세탁,품질(물품/용역)
2023027495,2023-05-30,여자,30 - 39세,경상남도,일반판매,양복(서양식 의복)세탁,품질(물품/용역)
2023027496,2023-05-30,남자,50 - 59세,서울특별시,전화권유판매,초고속인터넷,계약불이행(불완전이행)
2023027497,2023-05-30,여자,불명,경상남도,일반판매,양복(서양식 의복)세탁,품질(물품/용역)
2023027498,2023-05-30,여자,불명,경기도,모바일거래,원피스,청약철회
2023027499,2023-05-30,남자,40 - 49세,부산광역시,국내온라인거래,이동전화서비스,계약불이행(불완전이행)
2023027500,2023-05-30,여자,40 - 49세,경기도,국내온라인거래,항공여객운송서비스,계약불이행(불완전이행)
2023027501,2023-05-30,여자,40 - 49세,경기도,모바일거래,사진촬영,계약불이행(불완전이행)
2023027502,2023-05-30,남자,30 - 39세,광주광역시,일반판매,자동판매기,품질(물품/용역)
2023027503,2023-05-30,남자,40 - 49세,부산광역시,국내온라인거래,티셔츠,계약해제.해지/위약금
2023027504,2023-05-30,남자,30 - 39세,경기도,일반판매,예식서비스,계약해제.해지/위약금
2023027505,2023-05-30,남자,불명,대구광역시,일반판매,양복(서양식 의복)세탁,품질(물품/용역)
2023027506,2023-05-30,남자,40 - 49세,경기도,일반판매,중고자동차중개·매매,표시.광고
2023027508,2023-05-30,남자,40 - 49세,서울특별시,국내온라인거래,기타숙박시설,계약해제.해지/위약금
2023027509,2023-05-30,여자,50 - 59세,경기도,전화권유판매,정수기대여(렌트),안전(제품/시설)
2023027511,2023-05-30,여자,50 - 59세,경상북도,일반판매,양복(서양식 의복)세탁,품질(물품/용역)
2023027512,2023-05-30,남자,40 - 49세,경기도,기타,기타병·의원서비스,품질(물품/용역)
2023027513,2023-05-30,남자,50 - 59세,경기도,국내온라인거래,침대,표시.광고
2023027514,2023-05-30,여자,30 - 39세,부산광역시,모바일거래,운동화,품질(물품/용역)
2023027515,2023-05-30,남자,40 - 49세,충청남도,기타통신판매,스마트폰,계약불이행(불완전이행)
2023027516,2023-05-30,여자,30 - 39세,부산광역시,일반판매,아파트,계약불이행(불완전이행)
2023027517,2023-05-30,여자,30 - 39세,인천광역시,국내온라인거래,양복(서양식 의복)세탁,품질(물품/용역)
2023027518,2023-05-30,여자,40 - 49세,부산광역시,일반판매,애완견,품질(물품/용역)
2023027519,2023-05-30,여자,70 - 79세,경상남도,일반판매,건강(암·기타질병)보험,약관
2023027520,2023-05-30,여자,40 - 49세,부산광역시,국내온라인거래,자동차보험,표시.광고
2023027521,2023-05-30,남자,50 - 59세,강원특별자치도,국내온라인거래,기타미분류물품,계약해제.해지/위약금
2023027522,2023-05-30,여자,50 - 59세,경기도,기타통신판매,기타투자상품,부당행위
2023027523,2023-05-30,남자,30 - 39세,경기도,일반판매,양복(서양식 의복)세탁,품질(물품/용역)
2023027524,2023-05-30,남자,60 - 64세,대구광역시,국내온라인거래,항공여객운송서비스,안전(제품/시설)
2023027525,2023-05-30,여자,20 - 29세,서울특별시,국내온라인거래,노트북컴퓨터,표시.광고
2023027526,2023-05-30,여자,60 - 64세,인천광역시,일반판매,건강(암·기타질병)보험,약관
2023027527,2023-05-30,여자,40 - 49세,경기도,일반판매,타이어,부당행위
2023027528,2023-05-30,여자,30 - 39세,서울특별시,일반판매,종합체육시설회원권,계약해제.해지/위약금
2023027529,2023-05-30,남자,70 - 79세,부산광역시,일반판매,공기청정기,표시.광고
2023027530,2023-05-30,남자,30 - 39세,경기도,일반판매,이동전화서비스,거래관행
2023027531,2023-05-30,여자,50 - 59세,경기도,일반판매,시계,AS불만
2023027532,2023-05-30,여자,30 - 39세,경기도,국내온라인거래,인터넷정보이용서비스,계약해제.해지/위약금
2023027533,2023-05-30,남자,50 - 59세,서울특별시,일반판매,변호서비스,청약철회
2023027534,2023-05-30,여자,40 - 49세,경상남도,전화권유판매,유사투자자문,계약해제.해지/위약금
2023027535,2023-05-30,남자,60 - 64세,부산광역시,전화권유판매,유사투자자문,청약철회
2023027536,2023-05-30,남자,30 - 39세,서울특별시,일반판매,헬스장,계약해제.해지/위약금
2023027537,2023-05-30,여자,30 - 39세,인천광역시,국내온라인거래,핸드백,품질(물품/용역)
2023027538,2023-05-30,여자,40 - 49세,광주광역시,일반판매,변호서비스,계약해제.해지/위약금
2023027539,2023-05-30,여자,50 - 59세,경기도,일반판매,국내결혼중개,계약해제.해지/위약금
2023027540,2023-05-30,남자,20 - 29세,부산광역시,일반판매,기타민영보험,약관
2023027541,2023-05-30,여자,70 - 79세,경기도,일반판매,국외여행,계약해제.해지/위약금
2023027542,2023-05-30,남자,50 - 59세,인천광역시,전화권유판매,유사투자자문,계약불이행(불완전이행)
2023027543,2023-05-30,여자,30 - 39세,대구광역시,일반판매,치과,품질(물품/용역)
2023027544,2023-05-30,남자,20 - 29세,서울특별시,국내온라인거래,이불·침대커버,품질(물품/용역)
2023027545,2023-05-30,여자,20 - 29세,대전광역시,기타통신판매,점퍼·재킷류,품질(물품/용역)
2023027546,2023-05-30,남자,50 - 59세,전라북도,일반판매,기타숙박시설,계약해제.해지/위약금
2023027547,2023-05-30,여자,30 - 39세,광주광역시,일반판매,양복(서양식 의복)세탁,품질(물품/용역)
2023027548,2023-05-30,여자,50 - 59세,서울특별시,일반판매,티셔츠,품질(물품/용역)
2023027549,2023-05-30,여자,40 - 49세,경기도,기타통신판매,점퍼·재킷류,품질(물품/용역)
2023027550,2023-05-30,남자,70 - 79세,서울특별시,일반판매,신유형상품권,부당행위
2023027551,2023-05-30,남자,30 - 39세,경기도,일반판매,예식서비스,계약해제.해지/위약금
2023027552,2023-05-30,남자,20 - 29세,전라북도,국내온라인거래,양복(서양식 의복)세탁,품질(물품/용역)
2023027553,2023-05-30,여자,20 - 29세,인천광역시,일반판매,헬스장,계약해제.해지/위약금
2023027554,2023-05-30,남자,50 - 59세,전라남도,국내온라인거래,기타의료용구,AS불만
2023027555,2023-05-30,남자,50 - 59세,서울특별시,기타통신판매,포장이사운송서비스,계약불이행(불완전이행)
2023027556,2023-05-30,남자,70 - 79세,충청남도,기타통신판매,기타건강식품,품질(물품/용역)
2023027557,2023-05-30,여자,60 - 64세,경기도,일반판매,양복(서양식 의복)세탁,품질(물품/용역)
2023027558,2023-05-30,남자,50 - 59세,강원특별자치도,일반판매,타이어,부당행위
2023027559,2023-05-30,여자,불명,서울특별시,국내온라인거래,호텔,부당행위
2023027560,2023-05-30,남자,40 - 49세,경기도,모바일거래,신유형상품권,약관
2023027561,2023-05-30,여자,40 - 49세,충청북도,방문판매,섀시설비,계약불이행(불완전이행)
2023027562,2023-05-30,여자,40 - 49세,경상북도,일반판매,피부과,품질(물품/용역)
2023027563,2023-05-30,여자,40 - 49세,경기도,국내온라인거래,보석·귀금속,품질(물품/용역)
2023027564,2023-05-30,남자,30 - 39세,서울특별시,국제온라인거래,항공여객운송서비스,청약철회
2023027565,2023-05-30,여자,30 - 39세,울산광역시,방문판매,학습지,계약해제.해지/위약금
2023027566,2023-05-30,남자,50 - 59세,부산광역시,국내온라인거래,꽃·화초·화환,품질(물품/용역)
2023027567,2023-05-30,남자,30 - 39세,부산광역시,국내온라인거래,티셔츠,품질(물품/용역)
2023027568,2023-05-30,남자,20 - 29세,부산광역시,국내온라인거래,기타스포츠·레저기구·용품,품질(물품/용역)
2023027569,2023-05-30,남자,20 - 29세,경기도,일반판매,스마트폰,품질(물품/용역)
2023027570,2023-05-30,남자,40 - 49세,울산광역시,기타통신판매,보안기,계약해제.해지/위약금
2023027571,2023-05-30,여자,40 - 49세,경기도,일반판매,미용서비스,계약해제.해지/위약금
2023027572,2023-05-30,남자,30 - 39세,경기도,국내온라인거래,사진촬영,계약해제.해지/위약금
2023027573,2023-05-30,여자,20 - 29세,경기도,전화권유판매,각종공연관람,계약해제.해지/위약금
2023027574,2023-05-30,남자,30 - 39세,경기도,국내온라인거래,레저시설이용,계약해제.해지/위약금
2023027575,2023-05-30,남자,60 - 64세,전라남도,일반판매,항공여객운송서비스,가격.요금
2023027576,2023-05-30,여자,20 - 29세,부산광역시,기타통신판매,이동전화서비스,품질(물품/용역)
2023027577,2023-05-30,남자,30 - 39세,서울특별시,국내온라인거래,기타서적음반류,계약불이행(불완전이행)
2023027578,2023-05-30,남자,30 - 39세,서울특별시,일반판매,헬스장,계약해제.해지/위약금
2023027579,2023-05-30,여자,30 - 39세,서울특별시,국내온라인거래,운동화,계약불이행(불완전이행)
2023027580,2023-05-30,남자,40 - 49세,경기도,국내온라인거래,헤드폰·이어폰,안전(제품/시설)
2023027581,2023-05-30,여자,50 - 59세,경기도,방문판매,기타매체광고,계약해제.해지/위약금
2023027582,2023-05-30,여자,30 - 39세,경기도,일반판매,필라테스,계약해제.해지/위약금
2023027583,2023-05-30,여자,20 - 29세,서울특별시,모바일거래,인터넷교육서비스,계약해제.해지/위약금
2023027584,2023-05-30,남자,30 - 39세,서울특별시,방문판매,결혼준비대행서비스,계약해제.해지/위약금
2023027585,2023-05-30,여자,40 - 49세,충청남도,일반판매,의자,품질(물품/용역)
2023027586,2023-05-30,여자,30 - 39세,서울특별시,소셜커머스(쇼핑),기타인테리어설비,계약해제.해지/위약금
2023027587,2023-05-30,남자,30 - 39세,경기도,일반판매,헬스장,계약해제.해지/위약금
2023027588,2023-05-30,남자,30 - 39세,경상북도,기타,펜션,계약해제.해지/위약금
2023027589,2023-05-30,남자,50 - 59세,경상북도,국내온라인거래,신사화(구두·부츠 등),청약철회
2023027590,2023-05-30,여자,30 - 39세,세종특별자치시,기타통신판매,항공여객운송서비스,계약해제.해지/위약금
2023027591,2023-05-30,여자,30 - 39세,충청남도,일반판매,헬스장,계약해제.해지/위약금
2023027592,2023-05-30,여자,40 - 49세,전라남도,일반판매,스마트폰,AS불만
2023027593,2023-05-30,남자,40 - 49세,대전광역시,기타통신판매,인터넷정보이용서비스,품질(물품/용역)
2023027594,2023-05-30,여자,30 - 39세,대전광역시,일반판매,피부·체형관리서비스,계약해제.해지/위약금
2023027595,2023-05-30,남자,30 - 39세,경기도,일반판매,예식서비스,계약해제.해지/위약금
2023027596,2023-05-30,여자,40 - 49세,경기도,일반판매,헬스장,계약해제.해지/위약금
2023027597,2023-05-30,남자,30 - 39세,서울특별시,방문판매,콘도회원권,계약해제.해지/위약금
2023027598,2023-05-30,남자,70 - 79세,서울특별시,국내온라인거래,항공여객운송서비스,표시.광고
2023027599,2023-05-30,여자,30 - 39세,서울특별시,국내온라인거래,통신기기케이스,청약철회
2023027600,2023-05-30,남자,30 - 39세,인천광역시,일반판매,헬스장,계약해제.해지/위약금
2023027601,2023-05-30,여자,40 - 49세,서울특별시,일반판매,경비·관리서비스,품질(물품/용역)
2023027602,2023-05-30,남자,30 - 39세,경기도,일반판매,헬스장,계약해제.해지/위약금
2023027603,2023-05-30,남자,30 - 39세,서울특별시,기타,요가,계약해제.해지/위약금
2023027604,2023-05-30,여자,40 - 49세,경기도,국내온라인거래,국외여행,계약해제.해지/위약금
2023027605,2023-05-30,여자,50 - 59세,경기도,국내온라인거래,국외여행,계약해제.해지/위약금
2023027606,2023-05-30,여자,50 - 59세,경기도,국내온라인거래,항공여객운송서비스,청약철회
2023027607,2023-05-30,남자,30 - 39세,대전광역시,국내온라인거래,점퍼·재킷류,계약해제.해지/위약금
2023027608,2023-05-30,남자,50 - 59세,경기도,국내온라인거래,기타장류,품질(물품/용역)
2023027609,2023-05-30,남자,30 - 39세,경기도,국내온라인거래,TV대,품질(물품/용역)
2023027610,2023-05-30,여자,40 - 49세,경기도,기타,기타식품류,계약불이행(불완전이행)
2023027611,2023-05-30,여자,30 - 39세,서울특별시,국내온라인거래,항공여객운송서비스,표시.광고
2023027612,2023-05-30,남자,30 - 39세,경기도,국내온라인거래,항공여객운송서비스,계약해제.해지/위약금
2023027613,2023-05-30,여자,30 - 39세,경기도,일반판매,헬스장,계약해제.해지/위약금
2023027615,2023-05-30,여자,30 - 39세,경기도,기타통신판매,펜션,계약해제.해지/위약금
2023027616,2023-05-30,여자,30 - 39세,충청남도,기타통신판매,숙녀복상의,품질(물품/용역)
2023027617,2023-05-30,여자,30 - 39세,강원특별자치도,국내온라인거래,항공여객운송서비스,계약해제.해지/위약금
2023027618,2023-05-30,남자,40 - 49세,서울특별시,모바일거래,국내결혼중개,계약해제.해지/위약금
2023027619,2023-05-30,여자,20 - 29세,인천광역시,국내온라인거래,기타의류·섬유,청약철회
2023027620,2023-05-30,남자,50 - 59세,서울특별시,모바일거래,항공여객운송서비스,계약해제.해지/위약금
2023027621,2023-05-30,남자,40 - 49세,경기도,국내온라인거래,TV,계약불이행(불완전이행)
2023027622,2023-05-30,여자,50 - 59세,대구광역시,일반판매,냉장고,계약해제.해지/위약금
2023027623,2023-05-30,여자,20 - 29세,경기도,일반판매,필라테스,계약해제.해지/위약금
2023027624,2023-05-30,여자,40 - 49세,경상남도,일반판매,국내여행,계약해제.해지/위약금
2023027625,2023-05-30,여자,30 - 39세,제주도,일반판매,헬스장,계약해제.해지/위약금
2023027626,2023-05-30,여자,20 - 29세,인천광역시,일반판매,필라테스,계약불이행(불완전이행)
2023027627,2023-05-30,여자,30 - 39세,울산광역시,소셜커머스(쇼핑),셔츠,청약철회
2023027628,2023-05-30,남자,30 - 39세,경상북도,소셜커머스(쇼핑),침대,AS불만
2023027629,2023-05-30,남자,60 - 64세,강원특별자치도,일반판매,택배화물운송서비스,품질(물품/용역)
2023027630,2023-05-30,여자,20 - 29세,대구광역시,일반판매,미용서비스,계약해제.해지/위약금
2023027631,2023-05-30,여자,20 - 29세,충청남도,국내온라인거래,통신기기케이스,청약철회
2023027632,2023-05-30,남자,30 - 39세,충청남도,국내온라인거래,전기진공청소기,표시.광고
2023027633,2023-05-30,남자,40 - 49세,경기도,국내온라인거래,호텔,계약해제.해지/위약금
2023027634,2023-05-30,남자,40 - 49세,경기도,기타,아파트,AS불만
2023027635,2023-05-30,남자,30 - 39세,경기도,국내온라인거래,혼합견과류,품질(물품/용역)
2023027636,2023-05-30,남자,20 - 29세,서울특별시,기타,미용서비스,청약철회
2023027637,2023-05-30,남자,40 - 49세,충청남도,모바일거래,기타미분류서비스,청약철회
2023027638,2023-05-30,남자,50 - 59세,인천광역시,국내온라인거래,버스여객운송서비스,계약해제.해지/위약금
2023027639,2023-05-30,여자,40 - 49세,인천광역시,일반판매,요가,계약해제.해지/위약금
2023027640,2023-05-30,여자,50 - 59세,경기도,국내온라인거래,기타공조·냉난방기기,계약해제.해지/위약금
2023027641,2023-05-30,여자,30 - 39세,서울특별시,방문판매,헬스장,계약해제.해지/위약금
2023027642,2023-05-30,여자,30 - 39세,광주광역시,일반판매,신발세탁,품질(물품/용역)
2023027643,2023-05-30,여자,50 - 59세,경상남도,기타,오피스텔,청약철회
2023027644,2023-05-30,여자,30 - 39세,제주도,국내온라인거래,티셔츠,품질(물품/용역)
2023027645,2023-05-30,남자,불명,경상북도,일반판매,사진촬영,부당행위
2023027646,2023-05-30,여자,30 - 39세,울산광역시,전화권유판매,학습지,계약해제.해지/위약금
2023027647,2023-05-30,여자,40 - 49세,인천광역시,국내온라인거래,기타이·미용기구,AS불만
2023027648,2023-05-30,남자,40 - 49세,서울특별시,TV홈쇼핑,국외여행,계약불이행(불완전이행)
2023027649,2023-05-30,여자,30 - 39세,경기도,일반판매,피부·체형관리서비스,계약해제.해지/위약금
2023027650,2023-05-30,남자,40 - 49세,경상북도,국내온라인거래,기타알선·중개·번역서비스,계약해제.해지/위약금
2023027651,2023-05-30,남자,40 - 49세,경상남도,국내온라인거래,기타재봉·세탁·청소용품,계약해제.해지/위약금
2023027652,2023-05-30,남자,20 - 29세,인천광역시,국내온라인거래,기타여행,계약해제.해지/위약금
2023027653,2023-05-30,남자,60 - 64세,경기도,일반판매,식기세척기,품질(물품/용역)
2023027654,2023-05-30,남자,30 - 39세,경기도,기타,포장이사운송서비스,품질(물품/용역)
2023027655,2023-05-30,여자,40 - 49세,경기도,일반판매,애완견,계약해제.해지/위약금
2023027656,2023-05-30,여자,30 - 39세,부산광역시,기타,신발세탁,계약불이행(불완전이행)
2023027657,2023-05-30,여자,40 - 49세,경기도,일반판매,스마트폰,AS불만
2023027658,2023-05-30,여자,40 - 49세,경기도,국내온라인거래,펜션,청약철회
2023027659,2023-05-30,남자,50 - 59세,전라북도,소셜커머스(쇼핑),기타부엌소모품,청약철회
2023027660,2023-05-30,남자,40 - 49세,경기도,국내온라인거래,이동전화서비스,계약불이행(불완전이행)
2023027661,2023-05-31,여자,40 - 49세,서울특별시,국내온라인거래,캐주얼바지,계약불이행(불완전이행)
2023027662,2023-05-31,여자,(미입력),경기도,국내온라인거래,침대,청약철회
2023027663,2023-05-31,남자,30 - 39세,서울특별시,국내온라인거래,기타숙박시설,계약불이행(불완전이행)
2023027664,2023-05-31,여자,50 - 59세,경기도,일반판매,정형외과,품질(물품/용역)
2023027665,2023-05-31,여자,30 - 39세,경상남도,국내온라인거래,원피스,청약철회
2023027666,2023-05-31,여자,30 - 39세,광주광역시,일반판매,캐주얼바지,품질(물품/용역)
2023027667,2023-05-31,남자,40 - 49세,서울특별시,방문판매,정수기대여(렌트),품질(물품/용역)
2023027668,2023-05-31,여자,40 - 49세,서울특별시,모바일거래,자동차주차장,부당행위
2023027669,2023-05-31,여자,30 - 39세,경기도,방문판매,침대,계약불이행(불완전이행)
2023027670,2023-05-31,남자,10 - 19세,서울특별시,일반판매,일반강습(입시학원등),계약해제.해지/위약금
2023027671,2023-05-31,남자,50 - 59세,서울특별시,전화권유판매,콘도회원권,계약불이행(불완전이행)
2023027672,2023-05-31,남자,50 - 59세,대구광역시,일반판매,기타자동차용품,AS불만
2023027673,2023-05-31,남자,50 - 59세,서울특별시,기타,인터넷정보이용서비스,계약해제.해지/위약금
2023027674,2023-05-31,남자,30 - 39세,울산광역시,방문판매,기타신사복세트,계약해제.해지/위약금
2023027675,2023-05-31,여자,50 - 59세,경기도,일반판매,서랍장,품질(물품/용역)
2023027676,2023-05-31,남자,40 - 49세,대구광역시,국내온라인거래,인터넷정보이용서비스,부당행위
2023027677,2023-05-31,남자,20 - 29세,서울특별시,국내온라인거래,항공여객운송서비스,청약철회
2023027678,2023-05-31,남자,30 - 39세,경기도,일반판매,중형승용자동차,청약철회
2023027679,2023-05-31,여자,60 - 64세,서울특별시,국내온라인거래,호텔,계약해제.해지/위약금
2023027680,2023-05-31,여자,30 - 39세,경상남도,기타통신판매,인터넷교육서비스,계약해제.해지/위약금
2023027681,2023-05-31,여자,30 - 39세,경기도,방문판매,보석·귀금속,계약해제.해지/위약금
2023027682,2023-05-31,여자,40 - 49세,경기도,소셜커머스(쇼핑),유아용피복품,품질(물품/용역)
2023027683,2023-05-31,남자,40 - 49세,경기도,일반판매,소파,계약해제.해지/위약금
2023027684,2023-05-31,남자,20 - 29세,인천광역시,일반판매,기타사설강습서비스,계약해제.해지/위약금
2023027685,2023-05-31,여자,50 - 59세,서울특별시,국내온라인거래,기타의류·섬유,청약철회
2023027686,2023-05-31,여자,30 - 39세,서울특별시,전화권유판매,모바일정보이용서비스,계약해제.해지/위약금
2023027687,2023-05-31,여자,40 - 49세,서울특별시,일반판매,건강(암·기타질병)보험,계약불이행(불완전이행)
2023027688,2023-05-31,여자,40 - 49세,경상남도,일반판매,상해보험,약관
2023027689,2023-05-31,여자,40 - 49세,서울특별시,국내온라인거래,스포츠웨어,청약철회
2023027690,2023-05-31,여자,40 - 49세,서울특별시,기타,실손보험,계약불이행(불완전이행)
2023027691,2023-05-31,여자,60 - 64세,강원특별자치도,일반판매,실손보험,계약불이행(불완전이행)
2023027692,2023-05-31,여자,30 - 39세,경기도,국내온라인거래,캐주얼바지,청약철회
2023027694,2023-05-31,여자,40 - 49세,세종특별자치시,일반판매,양복(서양식 의복)세탁,품질(물품/용역)
2023027696,2023-05-31,남자,30 - 39세,서울특별시,국내온라인거래,신유형상품권,계약불이행(불완전이행)
2023027697,2023-05-31,여자,30 - 39세,서울특별시,국내온라인거래,신유형상품권,부당행위
2023027698,2023-05-31,여자,50 - 59세,경기도,일반판매,일반강습(입시학원등),계약해제.해지/위약금
2023027699,2023-05-31,남자,30 - 39세,경기도,기타통신판매,건물청소서비스,계약해제.해지/위약금
2023027700,2023-05-31,여자,30 - 39세,경상남도,국내온라인거래,기타숙박시설,계약해제.해지/위약금
2023027701,2023-05-31,남자,40 - 49세,경기도,기타,자동차수리·점검,부당행위
2023027702,2023-05-31,남자,40 - 49세,경기도,국내온라인거래,침대·매트리스대여(렌트),계약해제.해지/위약금
2023027703,2023-05-31,여자,50 - 59세,경기도,일반판매,건강(암·기타질병)보험,약관
2023027704,2023-05-31,남자,20 - 29세,서울특별시,일반판매,사진촬영,계약불이행(불완전이행)
2023027705,2023-05-31,남자,40 - 49세,광주광역시,일반판매,이동전화서비스,품질(물품/용역)
2023027706,2023-05-31,여자,20 - 29세,대구광역시,일반판매,헬스장,계약해제.해지/위약금
2023027707,2023-05-31,여자,30 - 39세,부산광역시,일반판매,필라테스,계약해제.해지/위약금
2023027708,2023-05-31,남자,40 - 49세,부산광역시,일반판매,초고속인터넷,계약불이행(불완전이행)
2023027709,2023-05-31,여자,50 - 59세,전라남도,일반판매,실손보험,약관
2023027710,2023-05-31,남자,30 - 39세,경기도,일반판매,건강(암·기타질병)보험,약관
2023027711,2023-05-31,남자,40 - 49세,경기도,소셜커머스(쇼핑),신유형상품권,청약철회
2023027712,2023-05-31,남자,80세이상,충청남도,일반판매,가위,계약불이행(불완전이행)
2023027713,2023-05-31,남자,50 - 59세,서울특별시,전화권유판매,유사투자자문,계약해제.해지/위약금
2023027714,2023-05-31,여자,30 - 39세,서울특별시,일반판매,양복(서양식 의복)세탁,품질(물품/용역)
2023027715,2023-05-31,남자,70 - 79세,서울특별시,전화권유판매,유사투자자문,계약해제.해지/위약금
2023027716,2023-05-31,여자,60 - 64세,광주광역시,일반판매,기타민영보험,약관
2023027717,2023-05-31,남자,30 - 39세,서울특별시,일반판매,대형승용자동차,계약불이행(불완전이행)
2023027718,2023-05-31,여자,20 - 29세,인천광역시,국내온라인거래,스피커,품질(물품/용역)
2023027719,2023-05-31,남자,30 - 39세,경기도,국내온라인거래,야구용품,품질(물품/용역)
2023027720,2023-05-31,여자,20 - 29세,제주도,방문판매,결혼준비대행서비스,계약해제.해지/위약금
2023027721,2023-05-31,남자,20 - 29세,전라북도,일반판매,자동차수리·점검,계약불이행(불완전이행)
2023027722,2023-05-31,여자,50 - 59세,경기도,일반판매,티셔츠,품질(물품/용역)
2023027723,2023-05-31,여자,30 - 39세,경기도,일반판매,헬스장,계약해제.해지/위약금
2023027725,2023-05-31,남자,30 - 39세,전라남도,국내온라인거래,전집물,청약철회
2023027726,2023-05-31,남자,40 - 49세,서울특별시,국내온라인거래,전기맛사지기,품질(물품/용역)
2023027727,2023-05-31,남자,30 - 39세,인천광역시,국내온라인거래,공구세트,청약철회
2023027728,2023-05-31,여자,60 - 64세,경기도,국내온라인거래,싱크대,AS불만
2023027729,2023-05-31,남자,30 - 39세,서울특별시,일반판매,양복(서양식 의복)세탁,품질(물품/용역)
2023027730,2023-05-31,여자,40 - 49세,전라남도,일반판매,피혁세탁,품질(물품/용역)
2023027731,2023-05-31,남자,30 - 39세,경기도,일반판매,양복(서양식 의복)세탁,품질(물품/용역)
2023027732,2023-05-31,여자,40 - 49세,경기도,소셜커머스(쇼핑),기타건강식품,품질(물품/용역)
2023027733,2023-05-31,여자,10 - 19세,서울특별시,일반판매,일반강습(입시학원등),계약불이행(불완전이행)
2023027734,2023-05-31,여자,30 - 39세,서울특별시,국내온라인거래,원피스,품질(물품/용역)
2023027735,2023-05-31,남자,40 - 49세,경기도,국내온라인거래,기타자동차부품,부당행위
2023027736,2023-05-31,여자,30 - 39세,경기도,국내온라인거래,헤어드라이어,청약철회
2023027737,2023-05-31,남자,40 - 49세,서울특별시,국내온라인거래,기타식품류,계약해제.해지/위약금
2023027738,2023-05-31,남자,50 - 59세,경기도,국내온라인거래,기타간편복,품질(물품/용역)
2023027739,2023-05-31,여자,30 - 39세,서울특별시,일반판매,건물청소서비스,품질(물품/용역)
2023027740,2023-05-31,남자,40 - 49세,충청남도,국내온라인거래,공기청정기,품질(물품/용역)
2023027741,2023-05-31,여자,30 - 39세,인천광역시,일반판매,국내결혼중개,계약해제.해지/위약금
2023027742,2023-05-31,남자,50 - 59세,경기도,일반판매,일반강습(입시학원등),계약해제.해지/위약금
2023027743,2023-05-31,여자,40 - 49세,경기도,일반판매,양복(서양식 의복)세탁,품질(물품/용역)
2023027744,2023-05-31,여자,50 - 59세,경기도,일반판매,중형승용자동차,품질(물품/용역)
2023027745,2023-05-31,여자,50 - 59세,경기도,일반판매,양복(서양식 의복)세탁,품질(물품/용역)
2023027746,2023-05-31,여자,30 - 39세,경상북도,일반판매,즉석조리식품,품질(물품/용역)
2023027747,2023-05-31,여자,70 - 79세,경상남도,일반판매,치과,품질(물품/용역)
2023027748,2023-05-31,여자,30 - 39세,경기도,모바일거래,포장이사운송서비스,계약불이행(불완전이행)
2023027749,2023-05-31,여자,40 - 49세,인천광역시,일반판매,산부인과,품질(물품/용역)
2023027750,2023-05-31,남자,70 - 79세,경상북도,기타,포장이사운송서비스,계약불이행(불완전이행)
2023027751,2023-05-31,남자,30 - 39세,서울특별시,일반판매,신경외과,품질(물품/용역)
2023027752,2023-05-31,남자,40 - 49세,부산광역시,국내온라인거래,신유형상품권,부당행위
2023027753,2023-05-31,여자,30 - 39세,경기도,국내온라인거래,블라우스,품질(물품/용역)
2023027754,2023-05-31,여자,40 - 49세,경기도,일반판매,캐주얼바지,품질(물품/용역)
2023027755,2023-05-31,여자,40 - 49세,서울특별시,일반판매,떡류,품질(물품/용역)
2023027756,2023-05-31,남자,20 - 29세,울산광역시,국내온라인거래,기타관람·감상,계약불이행(불완전이행)
2023027757,2023-05-31,여자,40 - 49세,경기도,국내온라인거래,양복(서양식 의복)세탁,품질(물품/용역)
2023027758,2023-05-31,남자,70 - 79세,서울특별시,일반판매,자전거타이어,품질(물품/용역)
2023027759,2023-05-31,여자,40 - 49세,광주광역시,국내온라인거래,인터넷교육서비스,계약해제.해지/위약금
2023027760,2023-05-31,남자,불명,경상남도,일반판매,피혁세탁,품질(물품/용역)
2023027761,2023-05-31,여자,50 - 59세,경기도,국내온라인거래,기타숙박시설,계약불이행(불완전이행)
2023027762,2023-05-31,남자,20 - 29세,서울특별시,국내온라인거래,인터넷정보이용서비스,계약해제.해지/위약금
2023027763,2023-05-31,여자,30 - 39세,경기도,일반판매,"연회서비스(돌잔치,회갑 등)",계약해제.해지/위약금
2023027764,2023-05-31,여자,50 - 59세,경상남도,일반판매,양복(서양식 의복)세탁,품질(물품/용역)
2023027765,2023-05-31,여자,불명,경상남도,일반판매,양복(서양식 의복)세탁,품질(물품/용역)
2023027766,2023-05-31,남자,50 - 59세,충청남도,일반판매,오디오세트,품질(물품/용역)
2023027767,2023-05-31,남자,40 - 49세,서울특별시,일반판매,기타건축자재,계약불이행(불완전이행)
2023027768,2023-05-31,여자,60 - 64세,충청남도,일반판매,핸드백,품질(물품/용역)
2023027769,2023-05-31,남자,불명,서울특별시,국내온라인거래,인터넷정보이용서비스,부당행위
2023027770,2023-05-31,여자,60 - 64세,경기도,후원방문판매,기타일반화장품,안전(제품/시설)
2023027771,2023-05-31,여자,40 - 49세,경기도,일반판매,핸드백,품질(물품/용역)
2023027772,2023-05-31,남자,50 - 59세,경상북도,일반판매,섀시설비,품질(물품/용역)
2023027773,2023-05-31,남자,50 - 59세,경기도,전화권유판매,유사투자자문,청약철회
2023027774,2023-05-31,여자,30 - 39세,서울특별시,일반판매,점퍼·재킷류,품질(물품/용역)
2023027775,2023-05-31,여자,30 - 39세,경기도,일반판매,점퍼·재킷류,품질(물품/용역)
2023027776,2023-05-31,여자,30 - 39세,경기도,일반판매,점퍼·재킷류,품질(물품/용역)
2023027778,2023-05-31,남자,30 - 39세,서울특별시,소셜커머스(쇼핑),신유형상품권,부당행위
2023027779,2023-05-31,남자,40 - 49세,경기도,일반판매,헬스장,계약해제.해지/위약금
2023027780,2023-05-31,남자,40 - 49세,경기도,소셜커머스(쇼핑),공기청정기,품질(물품/용역)
2023027781,2023-05-31,남자,50 - 59세,경기도,모바일거래,스마트폰,AS불만
2023027782,2023-05-31,여자,20 - 29세,광주광역시,국내온라인거래,국외여행,계약해제.해지/위약금
2023027783,2023-05-31,여자,20 - 29세,서울특별시,국내온라인거래,택배화물운송서비스,품질(물품/용역)
2023027784,2023-05-31,남자,20 - 29세,부산광역시,국내온라인거래,퍼스널컴퓨터,품질(물품/용역)
2023027785,2023-05-31,남자,50 - 59세,서울특별시,방문판매,외식,부당행위
2023027786,2023-05-31,남자,30 - 39세,경기도,일반판매,스포츠시설이용,계약해제.해지/위약금
2023027787,2023-05-31,여자,30 - 39세,부산광역시,소셜커머스(쇼핑),기타신발·용품,청약철회
2023027788,2023-05-31,남자,50 - 59세,경기도,기타,국내결혼중개,계약해제.해지/위약금
2023027790,2023-05-31,여자,20 - 29세,경기도,국내온라인거래,항공여객운송서비스,계약해제.해지/위약금
2023027791,2023-05-31,여자,50 - 59세,부산광역시,국내온라인거래,장식장,품질(물품/용역)
2023027792,2023-05-31,남자,60 - 64세,충청남도,일반판매,스프링매트리스,품질(물품/용역)
2023027794,2023-05-31,여자,30 - 39세,서울특별시,국내온라인거래,원피스,청약철회
2023027795,2023-05-31,남자,60 - 64세,경기도,국내온라인거래,호텔,청약철회
2023027796,2023-05-31,여자,30 - 39세,경기도,국내온라인거래,펜션,계약해제.해지/위약금
2023027797,2023-05-31,남자,50 - 59세,경기도,일반판매,양복(서양식 의복)세탁,품질(물품/용역)
2023027798,2023-05-31,여자,20 - 29세,경기도,일반판매,필라테스,계약해제.해지/위약금
2023027799,2023-05-31,여자,20 - 29세,충청북도,모바일거래,국외여행,계약해제.해지/위약금
2023027800,2023-05-31,여자,20 - 29세,경상북도,전화권유판매,모바일정보이용서비스,계약해제.해지/위약금
2023027801,2023-05-31,여자,50 - 59세,경기도,국내온라인거래,기타의류·섬유,청약철회
2023027802,2023-05-31,남자,20 - 29세,서울특별시,기타,창호유리,AS불만
2023027803,2023-05-31,여자,40 - 49세,서울특별시,국내온라인거래,선풍기,가격.요금
2023027804,2023-05-31,여자,30 - 39세,경기도,일반판매,테니스용품,부당행위
2023027805,2023-05-31,여자,30 - 39세,광주광역시,국내온라인거래,기타의류·섬유,계약불이행(불완전이행)
2023027806,2023-05-31,여자,30 - 39세,서울특별시,전화권유판매,인터넷정보이용서비스,계약불이행(불완전이행)
2023027807,2023-05-31,남자,30 - 39세,대전광역시,국내온라인거래,기타이·미용기구,품질(물품/용역)
2023027808,2023-05-31,여자,40 - 49세,충청북도,국내온라인거래,포장이사운송서비스,계약불이행(불완전이행)
2023027809,2023-05-31,여자,30 - 39세,인천광역시,일반판매,헬스장,계약해제.해지/위약금
2023027810,2023-05-31,남자,30 - 39세,경기도,일반판매,애완견,계약불이행(불완전이행)
2023027811,2023-05-31,여자,30 - 39세,부산광역시,국내온라인거래,샴푸,청약철회
2023027812,2023-05-31,여자,30 - 39세,부산광역시,국내온라인거래,일반이사운송서비스,계약불이행(불완전이행)
2023027813,2023-05-31,여자,40 - 49세,강원특별자치도,국내온라인거래,기타스포츠·레저기구·용품,표시.광고
2023027814,2023-05-31,남자,50 - 59세,경상북도,국내온라인거래,정수기,품질(물품/용역)
2023027815,2023-05-31,남자,50 - 59세,광주광역시,국내온라인거래,기타의류·섬유,청약철회
2023027816,2023-05-31,남자,40 - 49세,부산광역시,기타,이동전화서비스,계약불이행(불완전이행)
2023027817,2023-05-31,남자,50 - 59세,전라남도,일반판매,초고속인터넷,계약해제.해지/위약금
2023027818,2023-05-31,남자,20 - 29세,인천광역시,기타통신판매,기타정보이용서비스,계약해제.해지/위약금
2023027819,2023-05-31,여자,60 - 64세,경상남도,일반판매,이동전화서비스,청약철회
2023027820,2023-05-31,여자,30 - 39세,경상북도,기타,예식서비스,계약해제.해지/위약금
2023027821,2023-05-31,남자,30 - 39세,서울특별시,일반판매,헬스장,계약해제.해지/위약금
2023027822,2023-05-31,남자,20 - 29세,경기도,일반판매,택배화물운송서비스,품질(물품/용역)
2023027823,2023-05-31,남자,70 - 79세,경기도,국내온라인거래,블루투스스피커,품질(물품/용역)
2023027824,2023-05-31,남자,30 - 39세,경기도,일반판매,헬스장,계약해제.해지/위약금
2023027825,2023-05-31,여자,30 - 39세,광주광역시,기타,건물청소서비스,계약해제.해지/위약금
2023027826,2023-05-31,여자,40 - 49세,충청북도,국내온라인거래,애완동·식물용품,계약불이행(불완전이행)
2023027827,2023-05-31,남자,30 - 39세,서울특별시,모바일거래,모바일정보이용서비스,계약해제.해지/위약금
2023027828,2023-05-31,여자,40 - 49세,대구광역시,방문판매,기타방문·통신교육서비스,계약해제.해지/위약금
2023027829,2023-05-31,여자,20 - 29세,서울특별시,국내온라인거래,헬스장,계약해제.해지/위약금
2023027830,2023-05-31,남자,30 - 39세,서울특별시,일반판매,헬스장,계약해제.해지/위약금
2023027831,2023-05-31,여자,30 - 39세,부산광역시,국내온라인거래,택배화물운송서비스,품질(물품/용역)
2023027832,2023-05-31,여자,50 - 59세,울산광역시,국내온라인거래,캐주얼바지,청약철회
2023027833,2023-05-31,남자,40 - 49세,경기도,국내온라인거래,헤드폰·이어폰,품질(물품/용역)
2023027834,2023-05-31,여자,20 - 29세,경기도,방문판매,필라테스,계약해제.해지/위약금
2023027835,2023-05-31,여자,20 - 29세,경기도,일반판매,미용서비스,품질(물품/용역)
2023027836,2023-05-31,여자,20 - 29세,대구광역시,일반판매,영화관람,청약철회
2023027837,2023-05-31,여자,60 - 64세,서울특별시,국내온라인거래,시계,품질(물품/용역)
2023027838,2023-05-31,여자,20 - 29세,충청북도,기타통신판매,기타의류·섬유,계약불이행(불완전이행)
2023027839,2023-05-31,여자,50 - 59세,부산광역시,일반판매,사진촬영,계약불이행(불완전이행)
2023027840,2023-05-31,여자,40 - 49세,경기도,일반판매,모자,AS불만
2023027841,2023-05-31,남자,70 - 79세,경상남도,일반판매,묘목·모종,품질(물품/용역)
2023027843,2023-05-31,남자,30 - 39세,경상남도,국내온라인거래,각종공연관람,계약불이행(불완전이행)
2023027844,2023-05-31,여자,30 - 39세,서울특별시,국제온라인거래,장식장,품질(물품/용역)
2023027845,2023-05-31,여자,20 - 29세,서울특별시,국내온라인거래,바닥재·마루공사,품질(물품/용역)
2023027846,2023-05-31,여자,30 - 39세,부산광역시,국내온라인거래,전기진공청소기,AS불만
2023027847,2023-05-31,남자,20 - 29세,서울특별시,일반판매,헬스장,계약해제.해지/위약금
2023027848,2023-05-31,남자,30 - 39세,경기도,기타,택배화물운송서비스,부당행위
2023027849,2023-05-31,남자,50 - 59세,경상남도,일반판매,안마의자,품질(물품/용역)
2023027850,2023-05-31,남자,40 - 49세,서울특별시,일반판매,기타통신기기,품질(물품/용역)
2023027851,2023-05-31,여자,20 - 29세,서울특별시,일반판매,헬스장,계약해제.해지/위약금
2023027852,2023-05-31,여자,30 - 39세,부산광역시,국내온라인거래,CCTV,품질(물품/용역)
2023027853,2023-05-31,여자,50 - 59세,충청남도,기타통신판매,국내결혼중개,청약철회
2023027854,2023-05-31,여자,40 - 49세,경기도,국내온라인거래,신발세탁,품질(물품/용역)
2023027855,2023-05-31,남자,30 - 39세,경기도,기타,헬스장,계약해제.해지/위약금
2023027856,2023-05-31,여자,20 - 29세,대전광역시,일반판매,헬스장,계약해제.해지/위약금
2023027857,2023-05-31,여자,50 - 59세,경기도,일반판매,시계,품질(물품/용역)
2023027858,2023-05-31,남자,30 - 39세,경기도,기타,애완동물기타,계약불이행(불완전이행)
2023027859,2023-05-31,여자,30 - 39세,인천광역시,국제온라인거래,항공여객운송서비스,계약해제.해지/위약금
2023027860,2023-05-31,남자,50 - 59세,서울특별시,국내온라인거래,캐주얼바지,청약철회
2023027861,2023-05-31,여자,30 - 39세,부산광역시,전화권유판매,초고속인터넷,계약불이행(불완전이행)
2023027862,2023-05-31,여자,30 - 39세,경기도,국내온라인거래,항공여객운송서비스,계약해제.해지/위약금
2023027863,2023-05-31,여자,20 - 29세,서울특별시,국내온라인거래,헤드폰·이어폰,청약철회
2023027864,2023-05-31,여자,30 - 39세,경기도,국내온라인거래,"연회서비스(돌잔치,회갑 등)",계약해제.해지/위약금
2023027865,2023-05-31,남자,70 - 79세,서울특별시,국내온라인거래,화장실설비,청약철회
2023027866,2023-05-31,여자,40 - 49세,인천광역시,모바일거래,항공여객운송서비스,계약해제.해지/위약금
2023027867,2023-05-31,남자,30 - 39세,서울특별시,일반판매,의자,품질(물품/용역)
2023027868,2023-05-31,여자,20 - 29세,경기도,국내온라인거래,기타가구,품질(물품/용역)
2023027869,2023-05-31,남자,30 - 39세,경기도,일반판매,예식서비스,계약해제.해지/위약금
2023027870,2023-05-31,남자,20 - 29세,대전광역시,일반판매,헬스장,계약해제.해지/위약금
2023027871,2023-05-31,여자,50 - 59세,서울특별시,국내온라인거래,레저·이벤트회원권,계약해제.해지/위약금
2023027873,2023-06-01,남자,30 - 39세,부산광역시,기타통신판매,예식서비스,계약해제.해지/위약금
2023027874,2023-06-01,여자,50 - 59세,광주광역시,국내온라인거래,기타자동차용품,품질(물품/용역)
2023027875,2023-06-01,남자,50 - 59세,경기도,일반판매,중형승용자동차,품질(물품/용역)
2023027876,2023-06-01,여자,40 - 49세,경기도,모바일거래,항공여객운송서비스,청약철회
2023027877,2023-06-01,여자,40 - 49세,서울특별시,국내온라인거래,원피스,청약철회
2023027878,2023-06-01,남자,30 - 39세,충청북도,일반판매,안경·안경테,계약불이행(불완전이행)
2023027879,2023-06-01,여자,50 - 59세,강원특별자치도,일반판매,양복(서양식 의복)세탁,품질(물품/용역)
2023027880,2023-06-01,남자,50 - 59세,서울특별시,국내온라인거래,공기청정기,계약해제.해지/위약금
2023027881,2023-06-01,여자,50 - 59세,강원특별자치도,일반판매,양복(서양식 의복)세탁,품질(물품/용역)
2023027882,2023-06-01,남자,30 - 39세,대구광역시,국내온라인거래,건물청소서비스,계약불이행(불완전이행)
2023027883,2023-06-01,남자,50 - 59세,강원특별자치도,일반판매,중형승용자동차,안전(제품/시설)
2023027884,2023-06-01,남자,40 - 49세,대구광역시,소셜커머스(쇼핑),자격증교재,청약철회
2023027885,2023-06-01,여자,30 - 39세,광주광역시,국내온라인거래,운동화,청약철회
2023027886,2023-06-01,남자,20 - 29세,경기도,모바일거래,기타숙박시설,계약해제.해지/위약금
2023027887,2023-06-01,남자,30 - 39세,부산광역시,기타통신판매,호텔,계약불이행(불완전이행)
2023027889,2023-06-01,남자,20 - 29세,경기도,일반판매,헬스장,계약해제.해지/위약금
2023027890,2023-06-01,여자,30 - 39세,경기도,모바일거래,인터넷정보이용서비스,계약불이행(불완전이행)
2023027891,2023-06-01,남자,50 - 59세,서울특별시,국내온라인거래,호텔,계약해제.해지/위약금
2023027892,2023-06-01,남자,30 - 39세,서울특별시,국내온라인거래,신유형상품권,부당행위
2023027894,2023-06-01,남자,65 - 69세,서울특별시,일반판매,치과,품질(물품/용역)
2023027895,2023-06-01,남자,40 - 49세,경기도,국내온라인거래,신유형상품권,부당행위
2023027896,2023-06-01,남자,40 - 49세,서울특별시,일반판매,아파트,품질(물품/용역)
2023027897,2023-06-01,여자,60 - 64세,경기도,기타,기타옥외장비·설비,계약불이행(불완전이행)
2023027898,2023-06-01,남자,30 - 39세,경기도,일반판매,자동차주차장,계약불이행(불완전이행)
2023027899,2023-06-01,여자,50 - 59세,세종특별자치시,TV홈쇼핑,음식물처리기대여(렌트),계약불이행(불완전이행)
2023027900,2023-06-01,남자,40 - 49세,경기도,국내온라인거래,이동전화서비스,계약해제.해지/위약금
2023027901,2023-06-01,여자,20 - 29세,경기도,일반판매,양복(서양식 의복)세탁,품질(물품/용역)
2023027903,2023-06-01,남자,30 - 39세,전라북도,전화권유판매,유사투자자문,계약해제.해지/위약금
2023027905,2023-06-01,남자,30 - 39세,경상남도,일반판매,전자담배,품질(물품/용역)
2023027906,2023-06-01,남자,40 - 49세,경기도,국내온라인거래,모바일게임서비스,계약불이행(불완전이행)
2023027907,2023-06-01,여자,40 - 49세,서울특별시,기타통신판매,포장이사운송서비스,품질(물품/용역)
2023027908,2023-06-01,남자,40 - 49세,제주도,모바일거래,신용카드,표시.광고
2023027909,2023-06-01,남자,30 - 39세,인천광역시,국내온라인거래,캐주얼바지,청약철회
2023027910,2023-06-01,여자,50 - 59세,경기도,국내온라인거래,기타의류·섬유,청약철회
2023027911,2023-06-01,남자,30 - 39세,충청북도,모바일거래,모바일게임서비스,청약철회
2023027912,2023-06-01,남자,30 - 39세,경기도,기타,스포츠시설이용,계약해제.해지/위약금
2023027913,2023-06-01,남자,80세이상,서울특별시,전화권유판매,인터넷정보이용서비스,계약불이행(불완전이행)
2023027914,2023-06-01,여자,30 - 39세,서울특별시,일반판매,헬스장,계약해제.해지/위약금
2023027915,2023-06-01,여자,30 - 39세,경기도,국내온라인거래,완구·인형대여(렌트),품질(물품/용역)
2023027916,2023-06-01,여자,50 - 59세,경기도,국내온라인거래,지갑,품질(물품/용역)
2023027917,2023-06-01,남자,40 - 49세,경기도,방문판매,헬스장,계약해제.해지/위약금
2023027918,2023-06-01,여자,70 - 79세,서울특별시,TV홈쇼핑,전기장판,안전(제품/시설)
2023027919,2023-06-01,여자,50 - 59세,경기도,일반판매,양복(서양식 의복)세탁,품질(물품/용역)
2023027920,2023-06-01,여자,60 - 64세,부산광역시,일반판매,양복(서양식 의복)세탁,품질(물품/용역)
2023027921,2023-06-01,여자,60 - 64세,부산광역시,일반판매,양복(서양식 의복)세탁,품질(물품/용역)
2023027923,2023-06-01,여자,30 - 39세,경상남도,일반판매,신발세탁,계약불이행(불완전이행)
2023027924,2023-06-01,여자,30 - 39세,서울특별시,일반판매,모피·모피의류,품질(물품/용역)
2023027925,2023-06-01,여자,30 - 39세,전라남도,국내온라인거래,숙녀화(구두·부츠 등),품질(물품/용역)
2023027926,2023-06-01,여자,50 - 59세,대구광역시,일반판매,미용서비스,계약불이행(불완전이행)
2023027927,2023-06-01,남자,20 - 29세,대구광역시,기타,자동차수리·점검,부당행위
2023027928,2023-06-01,여자,40 - 49세,대구광역시,일반판매,양복(서양식 의복)세탁,품질(물품/용역)
2023027929,2023-06-01,남자,50 - 59세,전라남도,국내온라인거래,기타건강식품,계약불이행(불완전이행)
2023027930,2023-06-01,남자,20 - 29세,서울특별시,모바일거래,헬스장,계약해제.해지/위약금
2023027931,2023-06-01,남자,30 - 39세,서울특별시,국내온라인거래,국외여행,계약해제.해지/위약금
2023027932,2023-06-01,여자,30 - 39세,서울특별시,국내온라인거래,항공여객운송서비스,계약불이행(불완전이행)
2023027933,2023-06-01,여자,30 - 39세,경기도,방문판매,의상대여(렌트),계약해제.해지/위약금
2023027934,2023-06-01,남자,40 - 49세,전라남도,일반판매,치과,품질(물품/용역)
2023027935,2023-06-01,남자,50 - 59세,서울특별시,일반판매,성형외과,품질(물품/용역)
2023027936,2023-06-01,여자,20 - 29세,경기도,일반판매,헬스장,계약해제.해지/위약금
2023027938,2023-06-01,여자,20 - 29세,경기도,일반판매,헬스장,계약해제.해지/위약금
2023027939,2023-06-01,남자,30 - 39세,경기도,전화권유판매,이동전화서비스,청약철회
2023027940,2023-06-01,여자,30 - 39세,서울특별시,일반판매,내과,단순문의.상담
2023027941,2023-06-01,여자,50 - 59세,전라북도,전화권유판매,인터넷정보이용서비스,계약해제.해지/위약금
2023027942,2023-06-01,여자,30 - 39세,전라남도,일반판매,양복(서양식 의복)세탁,품질(물품/용역)
2023027943,2023-06-01,여자,20 - 29세,경기도,일반판매,기타빵·과자류,품질(물품/용역)
2023027944,2023-06-01,여자,40 - 49세,경기도,일반판매,기타간편복,품질(물품/용역)
2023027945,2023-06-01,남자,40 - 49세,경기도,일반판매,이동전화서비스,부당채권추심
2023027946,2023-06-01,여자,30 - 39세,부산광역시,국내온라인거래,기타책상·테이블류,청약철회
2023027947,2023-06-01,남자,70 - 79세,서울특별시,일반판매,이동전화서비스,계약불이행(불완전이행)
2023027948,2023-06-01,여자,50 - 59세,경기도,일반판매,이불·요,품질(물품/용역)
2023027949,2023-06-01,여자,40 - 49세,경상남도,국내온라인거래,먹는샘물,가격.요금
2023027951,2023-06-01,여자,40 - 49세,서울특별시,일반판매,국내결혼중개,계약해제.해지/위약금
2023027952,2023-06-01,여자,30 - 39세,경기도,국내온라인거래,숙녀복하의,품질(물품/용역)
2023027953,2023-06-01,남자,60 - 64세,광주광역시,일반판매,IPTV,계약해제.해지/위약금
2023027954,2023-06-01,남자,30 - 39세,경기도,일반판매,건강(암·기타질병)보험,약관
2023027955,2023-06-01,여자,50 - 59세,대구광역시,국내온라인거래,캐주얼바지,품질(물품/용역)
2023027956,2023-06-01,남자,30 - 39세,경기도,일반판매,건강(암·기타질병)보험,약관
2023027957,2023-06-01,여자,30 - 39세,경상남도,일반판매,건강(암·기타질병)보험,약관
2023027958,2023-06-01,남자,50 - 59세,부산광역시,국내온라인거래,노트북컴퓨터,AS불만
2023027959,2023-06-01,여자,50 - 59세,서울특별시,일반판매,필라테스,계약해제.해지/위약금
2023027960,2023-06-01,남자,30 - 39세,서울특별시,국내온라인거래,기타가방,청약철회
2023027961,2023-06-01,여자,50 - 59세,부산광역시,일반판매,건강(암·기타질병)보험,약관
2023027962,2023-06-01,남자,30 - 39세,경기도,일반판매,"OTT서비스(넷플릭스,왓챠 등)",가격.요금
2023027963,2023-06-01,남자,30 - 39세,경기도,방문판매,종합체육시설회원권,계약해제.해지/위약금
2023027964,2023-06-01,여자,30 - 39세,서울특별시,일반판매,실손보험,약관
2023027965,2023-06-01,남자,30 - 39세,서울특별시,일반판매,기타수선·염색서비스,품질(물품/용역)
2023027966,2023-06-01,남자,50 - 59세,대구광역시,일반판매,실손보험,약관
2023027967,2023-06-01,남자,불명,경상북도,일반판매,스마트폰,품질(물품/용역)
2023027968,2023-06-01,남자,30 - 39세,서울특별시,일반판매,수영장회원권,계약불이행(불완전이행)
2023027969,2023-06-01,여자,50 - 59세,서울특별시,방문판매,실손보험,약관
2023027971,2023-06-01,여자,50 - 59세,서울특별시,일반판매,기타민영보험,약관
2023027972,2023-06-01,남자,불명,부산광역시,일반판매,티셔츠,품질(물품/용역)
2023027973,2023-06-01,남자,50 - 59세,서울특별시,일반판매,기타민영보험,약관
2023027974,2023-06-01,남자,40 - 49세,경기도,국내온라인거래,기타일반화장품,품질(물품/용역)
2023027975,2023-06-01,여자,50 - 59세,경기도,일반판매,기타의류·섬유,계약해제.해지/위약금
2023027976,2023-06-01,남자,40 - 49세,서울특별시,전화권유판매,유사투자자문,계약해제.해지/위약금
2023027977,2023-06-01,남자,50 - 59세,경상남도,일반판매,양복(서양식 의복)세탁,품질(물품/용역)
2023027978,2023-06-01,남자,60 - 64세,서울특별시,전화권유판매,유사투자자문,청약철회
2023027980,2023-06-01,여자,30 - 39세,경기도,모바일거래,커튼,품질(물품/용역)
2023027981,2023-06-01,여자,불명,경상남도,일반판매,핸드백,품질(물품/용역)
2023027983,2023-06-01,남자,40 - 49세,인천광역시,기타,기타주거관리설비,품질(물품/용역)
2023027984,2023-06-01,여자,40 - 49세,세종특별자치시,국내온라인거래,유아복,품질(물품/용역)
2023027985,2023-06-01,여자,50 - 59세,서울특별시,소셜커머스(쇼핑),항공여객운송서비스,가격.요금
2023027986,2023-06-01,남자,30 - 39세,전라북도,일반판매,유아복,품질(물품/용역)
2023027987,2023-06-01,여자,30 - 39세,경기도,국내온라인거래,스프링매트리스,품질(물품/용역)
2023027988,2023-06-01,남자,40 - 49세,충청남도,일반판매,대형승용자동차,품질(물품/용역)
2023027989,2023-06-01,남자,30 - 39세,인천광역시,국내온라인거래,결혼준비대행서비스,계약해제.해지/위약금
2023027990,2023-06-01,남자,40 - 49세,경기도,국내온라인거래,애완동·식물용품,청약철회
2023027991,2023-06-01,여자,40 - 49세,서울특별시,전화권유판매,헬스장,계약해제.해지/위약금
2023027992,2023-06-01,여자,30 - 39세,서울특별시,일반판매,의자,청약철회
2023027993,2023-06-01,여자,40 - 49세,서울특별시,방문판매,요가,계약불이행(불완전이행)
2023027994,2023-06-01,여자,20 - 29세,서울특별시,일반판매,필라테스,계약해제.해지/위약금
2023027995,2023-06-01,여자,30 - 39세,서울특별시,일반판매,전기충전기,가격.요금
2023027996,2023-06-01,남자,50 - 59세,경기도,방문판매,이동전화서비스,품질(물품/용역)
2023027997,2023-06-01,남자,40 - 49세,경기도,일반판매,프로판가스·용기,계약불이행(불완전이행)
2023027998,2023-06-01,남자,20 - 29세,서울특별시,모바일거래,신발세탁,계약불이행(불완전이행)
2023027999,2023-06-01,남자,20 - 29세,서울특별시,국내온라인거래,운동화,계약불이행(불완전이행)
2023028000,2023-06-01,여자,50 - 59세,경기도,TV홈쇼핑,핸드백,청약철회
2023028001,2023-06-01,여자,30 - 39세,인천광역시,국내온라인거래,기타가방,청약철회
2023028002,2023-06-01,여자,30 - 39세,경상북도,일반판매,기타세탁서비스,품질(물품/용역)
2023028003,2023-06-01,남자,50 - 59세,경기도,국제온라인거래,항공여객운송서비스,계약해제.해지/위약금
2023028004,2023-06-01,여자,20 - 29세,서울특별시,일반판매,헬스장,계약해제.해지/위약금
2023028005,2023-06-01,여자,40 - 49세,제주도,일반판매,항공여객운송서비스,계약해제.해지/위약금
2023028006,2023-06-01,여자,80세이상,서울특별시,일반판매,이동전화서비스,청약철회
2023028007,2023-06-01,남자,40 - 49세,광주광역시,일반판매,스마트폰,AS불만
2023028008,2023-06-01,남자,30 - 39세,경기도,전화권유판매,화장품세트,청약철회
2023028009,2023-06-01,여자,30 - 39세,서울특별시,모바일거래,메이크업강습,계약해제.해지/위약금
2023028010,2023-06-01,여자,20 - 29세,서울특별시,일반판매,요가,계약해제.해지/위약금
2023028011,2023-06-01,여자,30 - 39세,강원특별자치도,국내온라인거래,애완동·식물용품,청약철회
2023028012,2023-06-01,남자,40 - 49세,경기도,기타,음식물처리기대여(렌트),AS불만
2023028013,2023-06-01,여자,30 - 39세,경기도,일반판매,요가,계약해제.해지/위약금
2023028014,2023-06-01,여자,20 - 29세,대구광역시,국내온라인거래,기타인터넷기반서비스,약관
2023028016,2023-06-01,남자,40 - 49세,경기도,국내온라인거래,기타미분류물품,청약철회
2023028017,2023-06-01,남자,40 - 49세,경기도,기타,전기포트,부당행위
2023028018,2023-06-01,여자,30 - 39세,전라남도,방문판매,기타방문·통신교육서비스,계약해제.해지/위약금
2023028019,2023-06-01,남자,40 - 49세,경기도,일반판매,변호서비스,계약해제.해지/위약금
2023028020,2023-06-01,남자,30 - 39세,서울특별시,일반판매,헬스장,계약해제.해지/위약금
2023028021,2023-06-01,남자,60 - 64세,전라남도,일반판매,냉장고,AS불만
2023028022,2023-06-01,남자,30 - 39세,인천광역시,소셜커머스(쇼핑),헬스장,계약해제.해지/위약금
2023028023,2023-06-01,여자,20 - 29세,대구광역시,국내온라인거래,항공여객운송서비스,계약해제.해지/위약금
2023028024,2023-06-01,남자,30 - 39세,경기도,국내온라인거래,국외여행,계약해제.해지/위약금
2023028025,2023-06-01,남자,30 - 39세,서울특별시,기타통신판매,신유형상품권,부당행위
2023028026,2023-06-01,여자,20 - 29세,제주도,국내온라인거래,기타숙박시설,계약해제.해지/위약금
2023028027,2023-06-01,남자,20 - 29세,서울특별시,모바일거래,미분류대여(렌트),부당채권추심
2023028028,2023-06-01,남자,20 - 29세,대구광역시,일반판매,헬스장,계약해제.해지/위약금
2023028029,2023-06-01,여자,30 - 39세,경상북도,일반판매,헬스장,계약해제.해지/위약금
2023028030,2023-06-01,남자,30 - 39세,서울특별시,기타,헬스장,계약해제.해지/위약금
2023028031,2023-06-01,여자,50 - 59세,부산광역시,모바일거래,기타일반화장품,계약불이행(불완전이행)
2023028032,2023-06-01,여자,40 - 49세,서울특별시,국내온라인거래,영양보충용제품,청약철회
2023028033,2023-06-01,남자,40 - 49세,서울특별시,일반판매,메이크업강습,계약해제.해지/위약금
2023028034,2023-06-01,여자,30 - 39세,경기도,국내온라인거래,기타숙박시설,계약해제.해지/위약금
2023028035,2023-06-01,남자,20 - 29세,부산광역시,일반판매,헬스장,계약해제.해지/위약금
2023028036,2023-06-01,여자,30 - 39세,인천광역시,국내온라인거래,음식물처리기,품질(물품/용역)
2023028037,2023-06-01,여자,30 - 39세,경기도,기타,기타미분류서비스,계약해제.해지/위약금
2023028038,2023-06-01,남자,20 - 29세,경기도,국내온라인거래,기타스포츠·레저기구·용품,품질(물품/용역)
2023028039,2023-06-01,남자,20 - 29세,인천광역시,방문판매,종합체육시설회원권,계약해제.해지/위약금
2023028040,2023-06-01,여자,30 - 39세,서울특별시,일반판매,피부·체형관리서비스,청약철회
2023028041,2023-06-01,남자,70 - 79세,서울특별시,일반판매,기타주거관리설비,AS불만
2023028042,2023-06-01,남자,50 - 59세,부산광역시,모바일거래,국외여행,부당행위
2023028043,2023-06-01,여자,30 - 39세,울산광역시,일반판매,항공여객운송서비스,계약불이행(불완전이행)
2023028044,2023-06-01,여자,40 - 49세,경기도,국내온라인거래,각종공연관람,계약해제.해지/위약금
2023028045,2023-06-01,남자,30 - 39세,강원특별자치도,기타,고시원이용,계약해제.해지/위약금
2023028046,2023-06-01,남자,50 - 59세,세종특별자치시,국내온라인거래,TV,AS불만
2023028047,2023-06-01,남자,20 - 29세,전라북도,일반판매,헬스장,계약해제.해지/위약금
2023028048,2023-06-01,여자,40 - 49세,서울특별시,일반판매,요가,계약해제.해지/위약금
2023028049,2023-06-01,여자,40 - 49세,서울특별시,기타,필라테스,계약해제.해지/위약금
2023028050,2023-06-01,여자,60 - 64세,서울특별시,일반판매,시스템에어컨,품질(물품/용역)
2023028051,2023-06-01,남자,40 - 49세,서울특별시,국내온라인거래,기타조명기기,계약불이행(불완전이행)
2023028052,2023-06-01,여자,20 - 29세,서울특별시,국내온라인거래,보석·귀금속,계약불이행(불완전이행)
2023028053,2023-06-01,남자,30 - 39세,경기도,방문판매,헬스장,계약해제.해지/위약금
2023028054,2023-06-01,여자,30 - 39세,경기도,국내온라인거래,기타교재,청약철회
2023028055,2023-06-01,남자,30 - 39세,충청북도,일반판매,무선인터넷,품질(물품/용역)
2023028056,2023-06-01,남자,20 - 29세,서울특별시,국내온라인거래,스포츠관람,계약해제.해지/위약금
2023028057,2023-06-01,남자,30 - 39세,대구광역시,일반판매,가구리폼·수리,계약해제.해지/위약금
2023028058,2023-06-01,여자,50 - 59세,서울특별시,방문판매,TV,품질(물품/용역)
2023028059,2023-06-01,남자,20 - 29세,경상북도,일반판매,예식서비스,계약해제.해지/위약금
2023028060,2023-06-01,남자,40 - 49세,광주광역시,TV홈쇼핑,전기오븐,청약철회
2023028062,2023-06-01,남자,30 - 39세,서울특별시,국내온라인거래,TV,표시.광고
2023028063,2023-06-01,남자,30 - 39세,인천광역시,기타,외식,부당행위
2023028064,2023-06-01,여자,50 - 59세,인천광역시,일반판매,해외유학알선,계약해제.해지/위약금
2023028065,2023-06-01,남자,30 - 39세,강원특별자치도,국제온라인거래,스포츠웨어,청약철회
2023028066,2023-06-01,여자,30 - 39세,경기도,기타,창호유리,AS불만
2023028067,2023-06-01,여자,30 - 39세,경기도,국내온라인거래,물호스,청약철회
2023028068,2023-06-01,남자,20 - 29세,대구광역시,국내온라인거래,헤드폰·이어폰,계약불이행(불완전이행)
2023028069,2023-06-01,남자,30 - 39세,광주광역시,일반판매,애완고양이,계약해제.해지/위약금
2023028070,2023-06-01,여자,50 - 59세,광주광역시,일반판매,공중목욕탕,계약해제.해지/위약금
2023028071,2023-06-01,남자,40 - 49세,서울특별시,일반판매,침대,계약불이행(불완전이행)
2023028072,2023-06-01,여자,20 - 29세,대구광역시,일반판매,의류수선,품질(물품/용역)
2023028073,2023-06-01,여자,40 - 49세,제주도,국내온라인거래,항공여객운송서비스,계약해제.해지/위약금
2023028074,2023-06-01,여자,40 - 49세,경기도,국내온라인거래,기타의류·섬유,청약철회
2023028075,2023-06-01,여자,40 - 49세,경기도,일반판매,헬스장,계약해제.해지/위약금
2023028076,2023-06-01,여자,50 - 59세,서울특별시,국내온라인거래,보석·귀금속,계약불이행(불완전이행)
2023028077,2023-06-01,남자,50 - 59세,서울특별시,일반판매,외식,품질(물품/용역)
2023028078,2023-06-01,남자,40 - 49세,부산광역시,일반판매,피혁세탁,품질(물품/용역)
2023028079,2023-06-01,여자,20 - 29세,충청북도,일반판매,필라테스,청약철회
2023028080,2023-06-01,여자,65 - 69세,전라북도,국내온라인거래,호텔,계약불이행(불완전이행)
2023028081,2023-06-01,여자,60 - 64세,충청남도,일반판매,펜션,부당행위
2023028082,2023-06-01,남자,30 - 39세,경기도,국내온라인거래,보석·귀금속,청약철회
2023028083,2023-06-02,남자,30 - 39세,경기도,일반판매,실손보험,약관
2023028084,2023-06-02,남자,50 - 59세,경기도,일반판매,이동전화서비스,가격.요금
2023028085,2023-06-02,남자,40 - 49세,경상북도,일반판매,중형승용자동차,AS불만
2023028086,2023-06-02,남자,20 - 29세,경기도,일반판매,스마트폰,AS불만
2023028088,2023-06-02,여자,50 - 59세,경기도,일반판매,TV,품질(물품/용역)
2023028089,2023-06-02,남자,50 - 59세,제주도,일반판매,자동차대여(렌트),계약불이행(불완전이행)
2023028091,2023-06-02,여자,30 - 39세,경상북도,방문판매,인터넷교육서비스,계약해제.해지/위약금
2023028093,2023-06-02,여자,20 - 29세,경기도,일반판매,각종자격취득강습,계약해제.해지/위약금
2023028094,2023-06-02,남자,20 - 29세,경상남도,모바일거래,신유형상품권,계약불이행(불완전이행)
2023028095,2023-06-02,남자,20 - 29세,충청남도,일반판매,스포츠음료,품질(물품/용역)
2023028097,2023-06-02,여자,30 - 39세,서울특별시,일반판매,피부·체형관리서비스,계약해제.해지/위약금
2023028098,2023-06-02,남자,50 - 59세,경기도,모바일거래,전동킥보드,부당행위
2023028099,2023-06-02,여자,60 - 64세,경상남도,국내온라인거래,전기자전거,품질(물품/용역)
2023028100,2023-06-02,여자,40 - 49세,서울특별시,국내온라인거래,항공여객운송서비스,계약불이행(불완전이행)
2023028101,2023-06-02,여자,불명,전라북도,국내온라인거래,이동전화서비스,부당행위
2023028102,2023-06-02,여자,30 - 39세,서울특별시,국내온라인거래,호텔,계약해제.해지/위약금
2023028103,2023-06-02,남자,30 - 39세,울산광역시,국내온라인거래,신유형상품권,부당행위
2023028104,2023-06-02,여자,20 - 29세,경기도,모바일거래,스커트,계약해제.해지/위약금
2023028105,2023-06-02,여자,30 - 39세,부산광역시,일반판매,피부과,계약해제.해지/위약금
2023028106,2023-06-02,여자,40 - 49세,부산광역시,국내온라인거래,자동차주차장,부당행위
2023028107,2023-06-02,여자,40 - 49세,대구광역시,일반판매,중형승용자동차,계약불이행(불완전이행)
2023028108,2023-06-02,여자,30 - 39세,서울특별시,일반판매,한의원,품질(물품/용역)
2023028109,2023-06-02,여자,30 - 39세,경기도,일반판매,시스템에어컨,계약불이행(불완전이행)
2023028111,2023-06-02,여자,50 - 59세,경기도,일반판매,필라테스,계약불이행(불완전이행)
2023028112,2023-06-02,여자,40 - 49세,대전광역시,기타,이동전화서비스,부당행위
2023028113,2023-06-02,여자,40 - 49세,충청남도,일반판매,성형외과,품질(물품/용역)
2023028114,2023-06-02,남자,50 - 59세,대전광역시,국내온라인거래,스포츠웨어,품질(물품/용역)
2023028115,2023-06-02,남자,20 - 29세,경기도,일반판매,헬스장,계약불이행(불완전이행)
2023028116,2023-06-02,여자,50 - 59세,인천광역시,일반판매,스마트폰,AS불만
2023028117,2023-06-02,남자,40 - 49세,충청북도,일반판매,기타승용차,계약불이행(불완전이행)
2023028118,2023-06-02,남자,30 - 39세,경기도,일반판매,피부·체형관리서비스,계약해제.해지/위약금
2023028119,2023-06-02,여자,20 - 29세,경기도,국내온라인거래,외식,계약불이행(불완전이행)
2023028120,2023-06-02,여자,40 - 49세,경기도,국내온라인거래,기타가방,계약불이행(불완전이행)
2023028121,2023-06-02,남자,40 - 49세,서울특별시,국내온라인거래,시계,품질(물품/용역)
2023028122,2023-06-02,여자,30 - 39세,대구광역시,국내온라인거래,각종공연관람,계약해제.해지/위약금
2023028123,2023-06-02,남자,30 - 39세,충청남도,일반판매,헬스장,계약해제.해지/위약금
2023028124,2023-06-02,여자,20 - 29세,경상북도,일반판매,핸드백,품질(물품/용역)
2023028125,2023-06-02,여자,50 - 59세,대전광역시,일반판매,헬스장,계약불이행(불완전이행)
2023028126,2023-06-02,여자,65 - 69세,울산광역시,일반판매,실손보험,약관
2023028127,2023-06-02,남자,50 - 59세,충청남도,전화권유판매,인터넷정보이용서비스,계약해제.해지/위약금
2023028128,2023-06-02,여자,70 - 79세,경기도,일반판매,종신보험,약관
2023028129,2023-06-02,여자,50 - 59세,부산광역시,일반판매,실손보험,약관
2023028130,2023-06-02,여자,50 - 59세,서울특별시,기타,기타미분류서비스,가격.요금
2023028132,2023-06-02,여자,40 - 49세,서울특별시,소셜커머스(쇼핑),쌀,거래관행
2023028133,2023-06-02,남자,30 - 39세,광주광역시,일반판매,골프회원권,계약해제.해지/위약금
2023028135,2023-06-02,남자,30 - 39세,인천광역시,일반판매,자동차수리·점검,부당행위
2023028136,2023-06-02,여자,20 - 29세,서울특별시,일반판매,필라테스,계약해제.해지/위약금
2023028137,2023-06-02,남자,50 - 59세,인천광역시,일반판매,양복(서양식 의복)세탁,품질(물품/용역)
2023028138,2023-06-02,여자,70 - 79세,경상남도,일반판매,양복(서양식 의복)세탁,품질(물품/용역)
2023028139,2023-06-02,여자,70 - 79세,경상남도,일반판매,양복(서양식 의복)세탁,품질(물품/용역)
2023028140,2023-06-02,여자,50 - 59세,인천광역시,전화권유판매,인터넷정보이용서비스,계약해제.해지/위약금
2023028142,2023-06-02,여자,50 - 59세,전라북도,전화권유판매,모바일정보이용서비스,계약불이행(불완전이행)
2023028144,2023-06-02,남자,20 - 29세,대구광역시,일반판매,수영장회원권,계약해제.해지/위약금
2023028145,2023-06-02,남자,70 - 79세,경기도,일반판매,전기압력밥솥,계약해제.해지/위약금
2023028146,2023-06-02,여자,50 - 59세,강원특별자치도,일반판매,벨트,품질(물품/용역)
2023028147,2023-06-02,남자,40 - 49세,서울특별시,국내온라인거래,노트북컴퓨터,계약불이행(불완전이행)
2023028148,2023-06-02,여자,50 - 59세,인천광역시,방문판매,필라테스,계약해제.해지/위약금
2023028149,2023-06-02,여자,20 - 29세,서울특별시,국내온라인거래,신발세탁,계약불이행(불완전이행)
2023028150,2023-06-02,남자,50 - 59세,대구광역시,일반판매,기타식품류,품질(물품/용역)
2023028151,2023-06-02,여자,40 - 49세,울산광역시,일반판매,학습지,계약해제.해지/위약금
2023028152,2023-06-02,여자,50 - 59세,서울특별시,일반판매,포장이사운송서비스,계약불이행(불완전이행)
2023028153,2023-06-02,남자,30 - 39세,경기도,전화권유판매,기타건강식품,부당행위
2023028154,2023-06-02,여자,40 - 49세,서울특별시,국내온라인거래,헤어드라이어,계약불이행(불완전이행)
2023028155,2023-06-02,여자,20 - 29세,경기도,일반판매,헬스장,계약해제.해지/위약금
2023028156,2023-06-02,남자,50 - 59세,서울특별시,국내온라인거래,인터넷정보이용서비스,계약해제.해지/위약금
2023028157,2023-06-02,남자,60 - 64세,대구광역시,국내온라인거래,호텔,청약철회
2023028158,2023-06-02,여자,30 - 39세,대구광역시,일반판매,미용서비스,계약불이행(불완전이행)
2023028159,2023-06-02,남자,30 - 39세,경상북도,일반판매,상해보험,계약불이행(불완전이행)
2023028160,2023-06-02,여자,30 - 39세,경기도,소셜커머스(쇼핑),국내여행,계약해제.해지/위약금
2023028161,2023-06-02,여자,80세이상,대전광역시,일반판매,필라테스,계약해제.해지/위약금
2023028162,2023-06-02,여자,40 - 49세,인천광역시,모바일거래,택시여객운송서비스,계약불이행(불완전이행)
2023028163,2023-06-02,여자,50 - 59세,대전광역시,기타통신판매,노트북컴퓨터,표시.광고
2023028164,2023-06-02,여자,20 - 29세,서울특별시,국내온라인거래,기타서적음반류,청약철회
2023028165,2023-06-02,여자,20 - 29세,경기도,국내온라인거래,각종자격취득강습,계약불이행(불완전이행)
2023028166,2023-06-02,여자,30 - 39세,충청북도,일반판매,수영장회원권,계약해제.해지/위약금
2023028167,2023-06-02,여자,50 - 59세,부산광역시,일반판매,기타가방,품질(물품/용역)
2023028168,2023-06-02,여자,30 - 39세,경기도,일반판매,기타사설강습서비스,계약해제.해지/위약금
2023028169,2023-06-02,남자,40 - 49세,서울특별시,일반판매,헬스장,계약해제.해지/위약금
2023028170,2023-06-02,여자,20 - 29세,부산광역시,국내온라인거래,양복(서양식 의복)세탁,품질(물품/용역)
2023028171,2023-06-02,여자,40 - 49세,인천광역시,일반판매,헬스장,계약해제.해지/위약금
2023028172,2023-06-02,남자,30 - 39세,대구광역시,국내온라인거래,소파,계약불이행(불완전이행)
2023028173,2023-06-02,남자,40 - 49세,서울특별시,기타통신판매,콘도회원권,계약불이행(불완전이행)
2023028175,2023-06-02,남자,40 - 49세,경기도,일반판매,양복(서양식 의복)세탁,품질(물품/용역)
2023028176,2023-06-02,남자,70 - 79세,전라북도,일반판매,경비·관리서비스,부당행위
2023028177,2023-06-02,남자,40 - 49세,경기도,일반판매,양복(서양식 의복)세탁,품질(물품/용역)
2023028178,2023-06-02,여자,50 - 59세,서울특별시,일반판매,포장이사운송서비스,품질(물품/용역)
2023028179,2023-06-02,남자,40 - 49세,부산광역시,기타,성형외과,계약해제.해지/위약금
2023028180,2023-06-02,여자,40 - 49세,경기도,다단계판매,전기온수장판,품질(물품/용역)
2023028181,2023-06-02,여자,40 - 49세,부산광역시,국내온라인거래,신유형상품권,계약해제.해지/위약금
2023028182,2023-06-02,여자,40 - 49세,경기도,일반판매,아파트,AS불만
2023028183,2023-06-02,남자,50 - 59세,서울특별시,일반판매,기타목욕서비스,계약해제.해지/위약금
2023028184,2023-06-02,여자,40 - 49세,서울특별시,모바일거래,어패류젓갈,계약불이행(불완전이행)
2023028185,2023-06-02,남자,30 - 39세,경기도,모바일거래,자동차주차장,계약불이행(불완전이행)
2023028186,2023-06-02,남자,40 - 49세,서울특별시,국내온라인거래,룸에어컨,AS불만
2023028187,2023-06-02,여자,30 - 39세,인천광역시,일반판매,피부과,계약해제.해지/위약금
2023028188,2023-06-02,남자,40 - 49세,경기도,일반판매,냉난방시스템,품질(물품/용역)
2023028189,2023-06-02,여자,20 - 29세,경기도,일반판매,성형외과,계약해제.해지/위약금
2023028190,2023-06-02,여자,40 - 49세,서울특별시,일반판매,한의원,계약해제.해지/위약금
2023028191,2023-06-02,여자,50 - 59세,부산광역시,일반판매,소파,계약해제.해지/위약금
2023028192,2023-06-02,여자,40 - 49세,서울특별시,국내온라인거래,점퍼·재킷류,표시.광고
2023028215,2023-06-02,여자,30 - 39세,부산광역시,일반판매,양복(서양식 의복)세탁,부당행위
2023028216,2023-06-02,남자,30 - 39세,인천광역시,국내온라인거래,티셔츠,청약철회
2023028217,2023-06-02,남자,30 - 39세,경기도,일반판매,헬스장,계약해제.해지/위약금
2023028218,2023-06-02,남자,40 - 49세,서울특별시,일반판매,종합체육시설회원권,계약해제.해지/위약금
2023028219,2023-06-02,여자,30 - 39세,경기도,국내온라인거래,소파,청약철회
2023028220,2023-06-02,남자,30 - 39세,경기도,국내온라인거래,기타식품류,청약철회
2023028221,2023-06-02,남자,40 - 49세,경기도,TV홈쇼핑,음식물처리기,계약해제.해지/위약금
2023028222,2023-06-02,남자,30 - 39세,대구광역시,국내온라인거래,스포츠관람,약관
2023028223,2023-06-02,여자,30 - 39세,제주도,국내온라인거래,레저시설이용,계약해제.해지/위약금
2023028224,2023-06-02,여자,20 - 29세,서울특별시,일반판매,헬스장,계약해제.해지/위약금
2023028225,2023-06-02,여자,30 - 39세,인천광역시,소셜커머스(쇼핑),라텍스매트리스,계약불이행(불완전이행)
2023028226,2023-06-02,남자,20 - 29세,충청북도,국내온라인거래,남자용내의류,계약불이행(불완전이행)
2023028227,2023-06-02,여자,30 - 39세,서울특별시,일반판매,기타세탁서비스,품질(물품/용역)
2023028228,2023-06-02,여자,30 - 39세,경기도,일반판매,스마트폰,품질(물품/용역)
2023028229,2023-06-02,여자,30 - 39세,경기도,일반판매,예식서비스,계약해제.해지/위약금
2023028230,2023-06-02,남자,30 - 39세,경상남도,국내온라인거래,남자용내의류,품질(물품/용역)
2023028231,2023-06-02,남자,60 - 64세,대전광역시,일반판매,운동화,품질(물품/용역)
2023028232,2023-06-02,여자,40 - 49세,서울특별시,국내온라인거래,항공여객운송서비스,계약해제.해지/위약금
2023028233,2023-06-02,여자,20 - 29세,서울특별시,모바일거래,미용서비스,계약해제.해지/위약금
2023028234,2023-06-02,여자,40 - 49세,경기도,국내온라인거래,호텔,계약해제.해지/위약금
2023028235,2023-06-02,여자,40 - 49세,전라북도,국내온라인거래,책장·서가,청약철회
2023028236,2023-06-02,남자,50 - 59세,경기도,기타,택배화물운송서비스,품질(물품/용역)
2023028237,2023-06-02,여자,30 - 39세,서울특별시,국제온라인거래,기타숙박시설,계약해제.해지/위약금
2023028238,2023-06-02,여자,40 - 49세,경기도,국내온라인거래,노트북컴퓨터,품질(물품/용역)
2023028239,2023-06-02,여자,50 - 59세,경기도,기타통신판매,숙녀복세트,계약불이행(불완전이행)
2023028240,2023-06-02,남자,30 - 39세,서울특별시,국내온라인거래,기타스포츠·레저기구·용품,계약해제.해지/위약금
2023028241,2023-06-02,여자,60 - 64세,부산광역시,국내온라인거래,기타간편복,계약해제.해지/위약금
2023028242,2023-06-02,여자,30 - 39세,강원특별자치도,일반판매,양복(서양식 의복)세탁,품질(물품/용역)
2023028243,2023-06-02,여자,30 - 39세,충청북도,일반판매,헬스장,계약해제.해지/위약금
2023028244,2023-06-02,남자,30 - 39세,경기도,국내온라인거래,국외여행,계약해제.해지/위약금
2023028245,2023-06-02,여자,30 - 39세,서울특별시,기타,필라테스,계약해제.해지/위약금
2023028246,2023-06-02,남자,30 - 39세,대전광역시,기타,기타인테리어설비,계약불이행(불완전이행)
2023028247,2023-06-02,여자,40 - 49세,대구광역시,모바일거래,기타교재,청약철회
2023028248,2023-06-02,남자,30 - 39세,경기도,일반판매,욕실설비,품질(물품/용역)
2023028249,2023-06-02,남자,40 - 49세,경기도,일반판매,외식,품질(물품/용역)
2023028251,2023-06-02,여자,30 - 39세,경기도,모바일거래,항공여객운송서비스,계약해제.해지/위약금
2023028252,2023-06-02,여자,30 - 39세,경기도,국내온라인거래,항공여객운송서비스,계약해제.해지/위약금
2023028253,2023-06-02,여자,30 - 39세,인천광역시,국내온라인거래,의자,청약철회
2023028254,2023-06-02,남자,40 - 49세,서울특별시,일반판매,기타사설강습서비스,계약해제.해지/위약금
2023028255,2023-06-02,여자,30 - 39세,경기도,일반판매,필라테스,계약해제.해지/위약금
2023028256,2023-06-02,여자,20 - 29세,서울특별시,일반판매,애완견,계약불이행(불완전이행)
2023028257,2023-06-02,남자,40 - 49세,서울특별시,국내온라인거래,기타문화·오락시설이용,계약해제.해지/위약금
2023028258,2023-06-02,여자,30 - 39세,서울특별시,일반판매,테니스장스쿼시회원권,계약해제.해지/위약금
2023028259,2023-06-02,남자,30 - 39세,부산광역시,국내온라인거래,선풍기,품질(물품/용역)
2023028260,2023-06-02,남자,20 - 29세,경상남도,일반판매,헬스장,계약해제.해지/위약금
2023028261,2023-06-02,남자,30 - 39세,경기도,국내온라인거래,의자,품질(물품/용역)
2023028262,2023-06-02,남자,40 - 49세,경기도,방문판매,헬스장,계약해제.해지/위약금
2023028263,2023-06-02,여자,20 - 29세,경기도,일반판매,필라테스,계약해제.해지/위약금
2023028264,2023-06-02,여자,30 - 39세,서울특별시,전화권유판매,인터넷정보이용서비스,계약해제.해지/위약금
2023028265,2023-06-02,남자,30 - 39세,경기도,모바일거래,사진촬영,계약해제.해지/위약금
2023028266,2023-06-02,여자,30 - 39세,경상남도,방문판매,도서·음반대여(렌트),계약불이행(불완전이행)
2023028267,2023-06-02,여자,30 - 39세,대구광역시,국내온라인거래,기타악기·용품,청약철회
2023028268,2023-06-02,남자,40 - 49세,경기도,국내온라인거래,트레이닝기구,청약철회
2023028269,2023-06-02,여자,60 - 64세,경기도,국내온라인거래,기타침대류,계약해제.해지/위약금
2023028270,2023-06-02,여자,50 - 59세,서울특별시,국내온라인거래,티셔츠,청약철회
2023028271,2023-06-02,여자,30 - 39세,경기도,일반판매,필라테스,계약해제.해지/위약금
2023028272,2023-06-02,남자,30 - 39세,부산광역시,기타,기타예식관련서비스,계약해제.해지/위약금
2023028273,2023-06-02,여자,20 - 29세,서울특별시,일반판매,헬스장,계약해제.해지/위약금
2023028274,2023-06-02,여자,30 - 39세,서울특별시,국내온라인거래,택배화물운송서비스,품질(물품/용역)
2023028275,2023-06-02,여자,20 - 29세,경기도,일반판매,일반강습(입시학원등),계약해제.해지/위약금
2023028276,2023-06-02,여자,20 - 29세,서울특별시,국내온라인거래,기타사설강습서비스,계약해제.해지/위약금
2023028277,2023-06-02,여자,50 - 59세,서울특별시,일반판매,텐트,품질(물품/용역)
2023028278,2023-06-02,여자,30 - 39세,경기도,소셜커머스(쇼핑),기타가사장비품,품질(물품/용역)
2023028279,2023-06-02,여자,20 - 29세,인천광역시,일반판매,미용서비스,품질(물품/용역)
2023028280,2023-06-02,여자,40 - 49세,인천광역시,일반판매,요가,계약해제.해지/위약금
2023028281,2023-06-02,남자,30 - 39세,부산광역시,기타통신판매,이동전화서비스,청약철회
2023028282,2023-06-02,남자,40 - 49세,대전광역시,소셜커머스(쇼핑),기타정보이용서비스,부당행위
2023028283,2023-06-02,여자,40 - 49세,광주광역시,TV홈쇼핑,호텔,계약해제.해지/위약금
2023028284,2023-06-02,여자,20 - 29세,인천광역시,국내온라인거래,이동전화서비스,계약해제.해지/위약금
2023028285,2023-06-02,남자,20 - 29세,경상남도,일반판매,이동전화서비스,청약철회
2023028286,2023-06-02,남자,30 - 39세,서울특별시,일반판매,포장이사운송서비스,품질(물품/용역)
2023028287,2023-06-02,여자,40 - 49세,광주광역시,국제온라인거래,기타신발·용품,계약불이행(불완전이행)
2023028288,2023-06-02,남자,30 - 39세,경기도,일반판매,사진촬영,계약해제.해지/위약금
2023028289,2023-06-02,여자,40 - 49세,경기도,국내온라인거래,신유형상품권,표시.광고
2023028290,2023-06-02,여자,40 - 49세,인천광역시,일반판매,운전강습,계약해제.해지/위약금
2023028291,2023-06-02,여자,40 - 49세,경상남도,국내온라인거래,원피스,청약철회
2023028292,2023-06-02,여자,20 - 29세,인천광역시,기타,묘지설비,계약해제.해지/위약금
2023028293,2023-06-02,여자,40 - 49세,서울특별시,일반판매,헬스장,계약해제.해지/위약금
2023028294,2023-06-02,여자,20 - 29세,경기도,국내온라인거래,인터넷게임서비스,부당행위
2023028295,2023-06-02,남자,40 - 49세,전라북도,일반판매,미용서비스,계약해제.해지/위약금
2023028296,2023-06-02,남자,40 - 49세,서울특별시,국내온라인거래,소파,품질(물품/용역)
2023028297,2023-06-02,남자,30 - 39세,경기도,국내온라인거래,캐주얼바지,청약철회
2023028298,2023-06-02,남자,30 - 39세,경기도,다단계판매,학습지,계약해제.해지/위약금
2023028299,2023-06-02,여자,50 - 59세,전라남도,기타,미분류수리가공,계약불이행(불완전이행)
2023028315,2023-06-03,여자,30 - 39세,경기도,모바일거래,포장이사운송서비스,계약불이행(불완전이행)
2023028316,2023-06-03,남자,40 - 49세,경기도,기타,항공여객운송서비스,가격.요금
2023028317,2023-06-03,남자,30 - 39세,전라남도,모바일거래,기타숙박시설,거래관행
2023028318,2023-06-03,남자,20 - 29세,서울특별시,국내온라인거래,인터넷게임서비스,부당행위
2023028319,2023-06-03,여자,20 - 29세,경기도,국내온라인거래,기타교재,표시.광고
2023028320,2023-06-03,여자,40 - 49세,경기도,국내온라인거래,휠체어,AS불만
2023028321,2023-06-03,남자,40 - 49세,인천광역시,일반판매,건물청소서비스,계약불이행(불완전이행)
2023028322,2023-06-03,여자,20 - 29세,경기도,국내온라인거래,사진촬영,계약해제.해지/위약금
2023028324,2023-06-03,여자,40 - 49세,경기도,일반판매,콘택트렌즈·용품,품질(물품/용역)
2023028325,2023-06-03,남자,50 - 59세,경기도,기타,아파트,AS불만
2023028326,2023-06-03,여자,30 - 39세,충청남도,기타통신판매,보석·귀금속,계약불이행(불완전이행)
2023028328,2023-06-03,남자,30 - 39세,경기도,기타,유통시설이용,안전(제품/시설)
2023028415,2023-06-04,여자,20 - 29세,충청남도,모바일거래,컴퓨터모니터(데스크탑),청약철회
2023028416,2023-06-04,여자,65 - 69세,서울특별시,기타통신판매,항공여객운송서비스,계약해제.해지/위약금
2023028417,2023-06-04,여자,20 - 29세,경기도,일반판매,필라테스,계약해제.해지/위약금
2023028418,2023-06-04,남자,20 - 29세,경기도,일반판매,신발세탁,계약불이행(불완전이행)
2023028419,2023-06-04,여자,40 - 49세,전라남도,국내온라인거래,점퍼·재킷류,청약철회
2023028420,2023-06-04,여자,30 - 39세,경상북도,방문판매,결혼준비대행서비스,청약철회
2023028421,2023-06-04,여자,50 - 59세,경기도,일반판매,필라테스,계약해제.해지/위약금
2023028422,2023-06-04,남자,40 - 49세,경상남도,국내온라인거래,기타공조·냉난방기기,부당행위
2023028423,2023-06-04,남자,30 - 39세,경기도,국내온라인거래,낚시용품,청약철회
2023028424,2023-06-04,여자,30 - 39세,경기도,국제온라인거래,레저·이벤트회원권,표시.광고
2023028425,2023-06-04,여자,40 - 49세,광주광역시,국내온라인거래,캐주얼바지,계약불이행(불완전이행)
2023028426,2023-06-04,여자,30 - 39세,경기도,국내온라인거래,기타사설강습서비스,계약해제.해지/위약금
2023028427,2023-06-04,여자,30 - 39세,전라남도,일반판매,헬스장,계약해제.해지/위약금
2023028428,2023-06-04,남자,50 - 59세,경기도,일반판매,국내결혼중개,계약불이행(불완전이행)
2023028429,2023-06-04,남자,30 - 39세,서울특별시,기타,국제결혼중개,품질(물품/용역)
2023028430,2023-06-04,여자,50 - 59세,경상남도,기타,안마의자대여(렌트),계약해제.해지/위약금
2023028431,2023-06-04,여자,20 - 29세,서울특별시,국내온라인거래,항공여객운송서비스,계약불이행(불완전이행)
2023028432,2023-06-04,여자,20 - 29세,서울특별시,일반판매,헬스장,계약해제.해지/위약금
2023028433,2023-06-04,여자,20 - 29세,서울특별시,일반판매,헬스장,계약해제.해지/위약금
2023028435,2023-06-04,여자,40 - 49세,제주도,소셜커머스(쇼핑),기타문화·오락시설이용,계약해제.해지/위약금
2023028436,2023-06-02,남자,40 - 49세,강원특별자치도,국내온라인거래,항공여객운송서비스,계약해제.해지/위약금
2023028437,2023-06-05,남자,50 - 59세,경기도,국내온라인거래,기타의료용구,품질(물품/용역)
2023028438,2023-06-05,여자,40 - 49세,부산광역시,일반판매,핸드백,품질(물품/용역)
2023028439,2023-06-05,여자,40 - 49세,전라북도,일반판매,음식물처리기대여(렌트),계약해제.해지/위약금
2023028440,2023-06-05,여자,30 - 39세,경기도,일반판매,인터넷교육서비스,계약해제.해지/위약금
2023028441,2023-06-05,여자,50 - 59세,서울특별시,국내온라인거래,숙녀화(구두·부츠 등),품질(물품/용역)
2023028442,2023-06-05,남자,30 - 39세,경기도,일반판매,운동화,품질(물품/용역)
2023028443,2023-06-05,여자,50 - 59세,경기도,일반판매,운동화,품질(물품/용역)
2023028444,2023-06-05,여자,50 - 59세,경기도,일반판매,운동화,품질(물품/용역)
2023028445,2023-06-05,여자,40 - 49세,전라남도,일반판매,운동화,품질(물품/용역)
2023028446,2023-06-05,남자,40 - 49세,서울특별시,일반판매,운동화,품질(물품/용역)
2023028447,2023-06-05,남자,60 - 64세,서울특별시,일반판매,전문스포츠화(축구화·골프화 등),품질(물품/용역)
2023028448,2023-06-05,남자,70 - 79세,전라남도,일반판매,운동화,품질(물품/용역)
2023028449,2023-06-05,남자,40 - 49세,부산광역시,일반판매,운동화,품질(물품/용역)
2023028450,2023-06-05,여자,40 - 49세,서울특별시,일반판매,신발세탁,계약불이행(불완전이행)
2023028451,2023-06-05,여자,60 - 64세,서울특별시,일반판매,샌들·슬리퍼,품질(물품/용역)
2023028452,2023-06-05,남자,70 - 79세,강원특별자치도,일반판매,타이어,품질(물품/용역)
2023028453,2023-06-05,남자,50 - 59세,울산광역시,국내온라인거래,숙녀화(구두·부츠 등),품질(물품/용역)
2023028454,2023-06-05,여자,40 - 49세,서울특별시,일반판매,운동화,품질(물품/용역)
2023028455,2023-06-05,여자,20 - 29세,인천광역시,방문판매,신발세탁,계약불이행(불완전이행)
2023028456,2023-06-05,남자,65 - 69세,경기도,일반판매,운동화,품질(물품/용역)
2023028457,2023-06-05,남자,50 - 59세,부산광역시,일반판매,운동화,품질(물품/용역)
2023028458,2023-06-05,여자,50 - 59세,대구광역시,일반판매,신사화(구두·부츠 등),품질(물품/용역)
2023028459,2023-06-05,여자,20 - 29세,충청북도,일반판매,신발세탁,계약불이행(불완전이행)
2023028460,2023-06-05,여자,50 - 59세,서울특별시,일반판매,샌들·슬리퍼,품질(물품/용역)
2023028461,2023-06-05,남자,40 - 49세,서울특별시,국내온라인거래,운동화,품질(물품/용역)
2023028462,2023-06-05,남자,70 - 79세,서울특별시,국내온라인거래,소파,계약해제.해지/위약금
2023028463,2023-06-05,남자,70 - 79세,부산광역시,일반판매,건강(암·기타질병)보험,약관
2023028464,2023-06-05,남자,40 - 49세,경기도,국내온라인거래,항공여객운송서비스,청약철회
2023028465,2023-06-05,남자,40 - 49세,부산광역시,모바일거래,모바일게임서비스,부당행위
2023028466,2023-06-05,여자,30 - 39세,경기도,방문판매,헬스장,계약해제.해지/위약금
2023028468,2023-06-05,남자,70 - 79세,서울특별시,일반판매,국외여행,계약해제.해지/위약금
2023028469,2023-06-05,여자,30 - 39세,부산광역시,국내온라인거래,운동화,품질(물품/용역)
2023028470,2023-06-05,남자,30 - 39세,경기도,일반판매,헬스장,계약해제.해지/위약금
2023028471,2023-06-05,남자,30 - 39세,서울특별시,일반판매,헬스장,계약해제.해지/위약금
2023028472,2023-06-05,여자,20 - 29세,경기도,일반판매,헬스장,계약해제.해지/위약금
2023028473,2023-06-05,남자,30 - 39세,서울특별시,일반판매,헬스장,계약해제.해지/위약금
2023028474,2023-06-05,여자,40 - 49세,울산광역시,일반판매,양복(서양식 의복)세탁,품질(물품/용역)
2023028475,2023-06-05,남자,30 - 39세,서울특별시,국내온라인거래,항공여객운송서비스,계약해제.해지/위약금
2023028476,2023-06-05,남자,50 - 59세,전라북도,일반판매,골프회원권,계약해제.해지/위약금
2023028477,2023-06-05,남자,30 - 39세,광주광역시,일반판매,헬스장,계약해제.해지/위약금
2023028478,2023-06-05,남자,30 - 39세,서울특별시,국내온라인거래,신유형상품권,청약철회
2023028480,2023-06-05,여자,30 - 39세,대전광역시,일반판매,기타공조·냉난방기기,청약철회
2023028481,2023-06-05,남자,30 - 39세,전라북도,일반판매,애완견,품질(물품/용역)
2023028482,2023-06-05,여자,40 - 49세,인천광역시,일반판매,기타미분류서비스,계약해제.해지/위약금
2023028483,2023-06-05,여자,20 - 29세,충청남도,일반판매,필라테스,계약해제.해지/위약금
2023028484,2023-06-05,여자,30 - 39세,서울특별시,기타,일반강습(입시학원등),계약해제.해지/위약금
2023028486,2023-06-05,여자,30 - 39세,서울특별시,기타,골프회원권,계약해제.해지/위약금
2023028487,2023-06-05,여자,50 - 59세,경기도,국내온라인거래,기타가사장비품,청약철회
2023028488,2023-06-05,남자,30 - 39세,전라남도,전화권유판매,인터넷정보이용서비스,계약해제.해지/위약금
2023028489,2023-06-05,남자,40 - 49세,광주광역시,국내온라인거래,항공여객운송서비스,계약불이행(불완전이행)
2023028490,2023-06-05,여자,30 - 39세,인천광역시,일반판매,애완동물이·미용서비스,품질(물품/용역)
2023028492,2023-06-05,남자,60 - 64세,서울특별시,방문판매,기타의료용구,품질(물품/용역)
2023028493,2023-06-05,여자,70 - 79세,서울특별시,일반판매,수영장회원권,계약불이행(불완전이행)
2023028494,2023-06-05,여자,30 - 39세,충청북도,방문판매,헬스장,계약해제.해지/위약금
2023028495,2023-06-05,남자,40 - 49세,경기도,일반판매,신사화(구두·부츠 등),품질(물품/용역)
2023028496,2023-06-05,여자,70 - 79세,경기도,일반판매,포장이사운송서비스,품질(물품/용역)
2023028497,2023-06-05,여자,70 - 79세,서울특별시,기타,가구리폼·수리,품질(물품/용역)
2023028499,2023-06-05,여자,30 - 39세,경기도,국내온라인거래,이불·요,품질(물품/용역)
2023028500,2023-06-05,여자,30 - 39세,서울특별시,국내온라인거래,기타곡류·곡류가공식품,표시.광고
2023028501,2023-06-05,여자,40 - 49세,경기도,국내온라인거래,신유형상품권,거래관행
2023028502,2023-06-05,여자,20 - 29세,인천광역시,일반판매,이동전화서비스,거래관행
2023028503,2023-06-05,남자,50 - 59세,경기도,기타통신판매,보석·귀금속,계약불이행(불완전이행)
2023028504,2023-06-05,여자,70 - 79세,울산광역시,일반판매,양복(서양식 의복)세탁,품질(물품/용역)
2023028506,2023-06-05,남자,30 - 39세,충청북도,일반판매,각종쿠폰류(무료통화권포함),부당행위
2023028507,2023-06-05,여자,불명,서울특별시,국내온라인거래,캐주얼바지,계약해제.해지/위약금
2023028508,2023-06-05,남자,40 - 49세,경기도,모바일거래,항공여객운송서비스,계약해제.해지/위약금
2023028509,2023-06-05,여자,30 - 39세,경기도,일반판매,인터넷교육서비스,계약불이행(불완전이행)
2023028510,2023-06-05,여자,30 - 39세,경기도,일반판매,미용서비스,품질(물품/용역)
2023028511,2023-06-05,남자,50 - 59세,서울특별시,기타통신판매,전기온수기,품질(물품/용역)
2023028513,2023-06-05,여자,40 - 49세,서울특별시,국내온라인거래,룸에어컨,계약불이행(불완전이행)
2023028514,2023-06-05,남자,20 - 29세,경기도,일반판매,헬스장,계약해제.해지/위약금
2023028515,2023-06-05,여자,20 - 29세,서울특별시,국내온라인거래,라텍스매트리스,청약철회
2023028516,2023-06-05,남자,60 - 64세,충청북도,기타,마취통증의학과,품질(물품/용역)
2023028517,2023-06-05,여자,80세이상,경기도,일반판매,안과,품질(물품/용역)
2023028518,2023-06-05,남자,50 - 59세,경기도,일반판매,중형승용자동차,품질(물품/용역)
2023028519,2023-06-05,여자,65 - 69세,전라남도,일반판매,정형외과,품질(물품/용역)
2023028520,2023-06-05,여자,20 - 29세,강원특별자치도,일반판매,성형외과,품질(물품/용역)
2023028521,2023-06-05,여자,65 - 69세,부산광역시,일반판매,외과,품질(물품/용역)
2023028522,2023-06-05,남자,30 - 39세,경기도,국내온라인거래,시계,계약해제.해지/위약금
2023028523,2023-06-05,여자,20 - 29세,경기도,일반판매,헬스장,계약해제.해지/위약금
2023028524,2023-06-05,여자,30 - 39세,전라북도,일반판매,자동차대여(렌트),약관
2023028525,2023-06-05,여자,20 - 29세,경기도,국내온라인거래,운동화,청약철회
2023028526,2023-06-05,남자,50 - 59세,충청북도,일반판매,보조배터리,품질(물품/용역)
2023028527,2023-06-05,남자,40 - 49세,서울특별시,일반판매,대형승용자동차,품질(물품/용역)
2023028528,2023-06-05,여자,40 - 49세,대전광역시,국내온라인거래,캐주얼바지,품질(물품/용역)
2023028529,2023-06-05,여자,20 - 29세,인천광역시,일반판매,헬스장,계약해제.해지/위약금
2023028531,2023-06-05,여자,60 - 64세,경기도,일반판매,국외여행,계약해제.해지/위약금
2023028532,2023-06-05,남자,50 - 59세,경기도,일반판매,양복(서양식 의복)세탁,품질(물품/용역)
2023028533,2023-06-05,여자,20 - 29세,서울특별시,일반판매,애완고양이,품질(물품/용역)
2023028534,2023-06-05,여자,20 - 29세,경기도,국내온라인거래,기타의류·섬유,계약불이행(불완전이행)
2023028535,2023-06-05,남자,30 - 39세,서울특별시,국내온라인거래,샌들·슬리퍼,품질(물품/용역)
2023028536,2023-06-05,남자,30 - 39세,서울특별시,국내온라인거래,샌들·슬리퍼,품질(물품/용역)
2023028537,2023-06-05,남자,20 - 29세,경기도,일반판매,헬스장,계약해제.해지/위약금
2023028538,2023-06-05,여자,70 - 79세,경기도,소셜커머스(쇼핑),압력솥,품질(물품/용역)
2023028539,2023-06-05,여자,20 - 29세,경기도,일반판매,운동화,품질(물품/용역)
2023028540,2023-06-05,남자,30 - 39세,서울특별시,일반판매,기타인테리어설비,AS불만
2023028541,2023-06-05,남자,30 - 39세,경기도,일반판매,기타수선·염색서비스,품질(물품/용역)
2023028542,2023-06-05,여자,30 - 39세,충청남도,일반판매,헬스장,계약해제.해지/위약금
2023028543,2023-06-05,여자,30 - 39세,경기도,일반판매,예식서비스,계약해제.해지/위약금
2023028544,2023-06-05,남자,40 - 49세,대구광역시,일반판매,캐주얼바지,품질(물품/용역)
2023028545,2023-06-05,남자,50 - 59세,부산광역시,일반판매,운동화,품질(물품/용역)
2023028546,2023-06-05,남자,30 - 39세,경기도,일반판매,헬스장,계약불이행(불완전이행)
2023028547,2023-06-05,남자,30 - 39세,경기도,국내온라인거래,운동화,품질(물품/용역)
2023028548,2023-06-05,여자,30 - 39세,서울특별시,일반판매,운동화,품질(물품/용역)
2023028549,2023-06-05,여자,40 - 49세,서울특별시,일반판매,숙녀화(구두·부츠 등),품질(물품/용역)
2023028550,2023-06-05,남자,50 - 59세,서울특별시,모바일거래,항공여객운송서비스,계약해제.해지/위약금
2023028551,2023-06-05,여자,20 - 29세,광주광역시,일반판매,헬스장,계약해제.해지/위약금
2023028552,2023-06-05,여자,40 - 49세,제주도,일반판매,운동화,품질(물품/용역)
2023028553,2023-06-05,남자,65 - 69세,서울특별시,국내온라인거래,항공여객운송서비스,계약불이행(불완전이행)
2023028554,2023-06-05,여자,30 - 39세,경상북도,국내온라인거래,숙녀복하의,품질(물품/용역)
2023028555,2023-06-05,남자,30 - 39세,경기도,일반판매,전기자동차,품질(물품/용역)
2023028556,2023-06-05,여자,30 - 39세,대전광역시,일반판매,운동화,품질(물품/용역)
2023028557,2023-06-05,여자,65 - 69세,경기도,전화권유판매,유사투자자문,계약해제.해지/위약금
2023028558,2023-06-05,여자,40 - 49세,경상북도,일반판매,신발세탁,계약불이행(불완전이행)
2023028559,2023-06-05,남자,60 - 64세,부산광역시,모바일거래,소프트웨어,계약해제.해지/위약금
2023028562,2023-06-05,여자,20 - 29세,경기도,국내온라인거래,점퍼·재킷류,품질(물품/용역)
2023028563,2023-06-05,남자,65 - 69세,울산광역시,일반판매,실손보험,약관
2023028564,2023-06-05,여자,20 - 29세,인천광역시,방문판매,경비·관리서비스,품질(물품/용역)
2023028565,2023-06-05,남자,50 - 59세,서울특별시,전화권유판매,유사투자자문,계약해제.해지/위약금
2023028566,2023-06-05,여자,30 - 39세,대구광역시,일반판매,핸드백,품질(물품/용역)
2023028567,2023-06-05,여자,50 - 59세,경기도,일반판매,헬스장,계약해제.해지/위약금
2023028568,2023-06-05,여자,40 - 49세,인천광역시,일반판매,인터넷정보이용서비스,계약해제.해지/위약금
2023028570,2023-06-05,남자,60 - 64세,울산광역시,일반판매,양복(서양식 의복)세탁,품질(물품/용역)
2023028571,2023-06-05,남자,50 - 59세,인천광역시,전화권유판매,유사투자자문,계약해제.해지/위약금
2023028572,2023-06-05,남자,50 - 59세,서울특별시,일반판매,실손보험,약관
2023028573,2023-06-05,여자,50 - 59세,경기도,일반판매,헬스장,계약해제.해지/위약금
2023028574,2023-06-05,여자,40 - 49세,서울특별시,일반판매,유사투자자문,계약해제.해지/위약금
2023028575,2023-06-05,여자,30 - 39세,경기도,일반판매,헬스장,계약해제.해지/위약금
2023028576,2023-06-05,여자,20 - 29세,해외 및 기타,국제온라인거래,기타문화용품,계약불이행(불완전이행)
2023028577,2023-06-05,여자,30 - 39세,광주광역시,다단계판매,보석·귀금속,부당행위
2023028578,2023-06-05,남자,60 - 64세,강원특별자치도,TV홈쇼핑,정수기대여(렌트),계약해제.해지/위약금
2023028579,2023-06-05,여자,40 - 49세,인천광역시,일반판매,필라테스,계약해제.해지/위약금
2023028580,2023-06-05,남자,20 - 29세,인천광역시,모바일거래,호텔,계약불이행(불완전이행)
2023028581,2023-06-05,여자,20 - 29세,세종특별자치시,국내온라인거래,기타서적음반류,품질(물품/용역)
2023028582,2023-06-05,남자,50 - 59세,전라남도,기타,택배화물운송서비스,품질(물품/용역)
2023028583,2023-06-05,여자,50 - 59세,경기도,국내온라인거래,기타의류·섬유,품질(물품/용역)
2023028584,2023-06-05,남자,50 - 59세,경기도,기타,가스보일러,가격.요금
2023028585,2023-06-05,여자,40 - 49세,경상북도,국내온라인거래,아동복,청약철회
2023028586,2023-06-05,남자,20 - 29세,서울특별시,국내온라인거래,기타숙박시설,계약해제.해지/위약금
2023028587,2023-06-05,남자,20 - 29세,서울특별시,일반판매,고시원이용,계약해제.해지/위약금
2023028588,2023-06-05,남자,50 - 59세,경기도,기타,기타가사서비스,부당행위
2023028589,2023-06-05,여자,30 - 39세,경기도,일반판매,필라테스,계약해제.해지/위약금
2023028591,2023-06-05,여자,30 - 39세,서울특별시,기타,각종공연관람,계약해제.해지/위약금
2023028592,2023-06-05,여자,30 - 39세,광주광역시,기타,사진촬영,품질(물품/용역)
2023028593,2023-06-05,여자,50 - 59세,서울특별시,소셜커머스(쇼핑),벨트,계약불이행(불완전이행)
2023028594,2023-06-05,여자,30 - 39세,대구광역시,국내온라인거래,기타회원권,청약철회
2023028595,2023-06-05,여자,50 - 59세,서울특별시,국내온라인거래,핸드백,청약철회
2023028596,2023-06-05,남자,20 - 29세,서울특별시,방문판매,헬스장,계약해제.해지/위약금
2023028597,2023-06-05,여자,30 - 39세,제주도,국내온라인거래,원피스,청약철회
2023028598,2023-06-05,남자,30 - 39세,서울특별시,국내온라인거래,헤드폰·이어폰,청약철회
2023028599,2023-06-05,여자,30 - 39세,경기도,국내온라인거래,기타공조·냉난방기기,계약해제.해지/위약금
2023028600,2023-06-05,여자,20 - 29세,전라남도,방문판매,아파트,부당행위
2023028601,2023-06-05,남자,20 - 29세,서울특별시,국내온라인거래,국내결혼중개,계약해제.해지/위약금
2023028602,2023-06-05,여자,40 - 49세,서울특별시,국내온라인거래,숙녀화(구두·부츠 등),청약철회
2023028603,2023-06-05,남자,50 - 59세,경기도,국내온라인거래,기타음향기기,품질(물품/용역)
2023028604,2023-06-05,여자,40 - 49세,경기도,일반판매,모피·모피의류,품질(물품/용역)
2023028605,2023-06-05,여자,30 - 39세,전라북도,일반판매,피부·체형관리서비스,계약해제.해지/위약금
2023028606,2023-06-05,여자,40 - 49세,경기도,소셜커머스(쇼핑),기타신발·용품,품질(물품/용역)
2023028607,2023-06-05,여자,50 - 59세,경기도,일반판매,헬스장,계약해제.해지/위약금
2023028608,2023-06-05,여자,50 - 59세,경기도,일반판매,헬스장,계약해제.해지/위약금
2023028609,2023-06-05,남자,20 - 29세,인천광역시,일반판매,예식서비스,계약해제.해지/위약금
2023028610,2023-06-05,여자,30 - 39세,인천광역시,방문판매,필라테스,계약해제.해지/위약금
2023028611,2023-06-05,남자,30 - 39세,서울특별시,국내온라인거래,기타숙박시설,계약불이행(불완전이행)
2023028612,2023-06-05,남자,20 - 29세,부산광역시,전화권유판매,이동전화서비스,계약불이행(불완전이행)
2023028613,2023-06-05,여자,30 - 39세,충청남도,방문판매,기타방문·통신교육서비스,계약해제.해지/위약금
2023028614,2023-06-05,남자,20 - 29세,경기도,방문판매,헬스장,계약해제.해지/위약금
2023028615,2023-06-05,남자,30 - 39세,대구광역시,국내온라인거래,시계,계약불이행(불완전이행)
2023028616,2023-06-05,여자,30 - 39세,경기도,일반판매,식탁,계약해제.해지/위약금
2023028617,2023-06-05,여자,30 - 39세,강원특별자치도,모바일거래,항공여객운송서비스,계약불이행(불완전이행)
2023028618,2023-06-05,여자,50 - 59세,경기도,일반판매,가스에어컨,가격.요금
2023028619,2023-06-05,여자,30 - 39세,경기도,일반판매,사진촬영,계약불이행(불완전이행)
2023028620,2023-06-05,남자,20 - 29세,대전광역시,일반판매,미분류대여(렌트),단순문의.상담
2023028621,2023-06-05,여자,30 - 39세,제주도,방문판매,헬스장,계약해제.해지/위약금
2023028622,2023-06-05,여자,10 - 19세,충청북도,일반판매,여자용내의류,청약철회
2023028623,2023-06-05,여자,30 - 39세,부산광역시,모바일거래,영화관람,청약철회
2023028624,2023-06-05,남자,50 - 59세,경상남도,일반판매,가구세트,계약해제.해지/위약금
2023028625,2023-06-05,여자,40 - 49세,서울특별시,일반판매,이동전화서비스,부당행위
2023028626,2023-06-05,남자,20 - 29세,경상남도,국내온라인거래,고시원이용,부당행위
2023028627,2023-06-05,남자,30 - 39세,대구광역시,일반판매,사진촬영,약관
2023028628,2023-06-05,여자,40 - 49세,강원특별자치도,전화권유판매,상조서비스,계약해제.해지/위약금
2023028629,2023-06-05,남자,40 - 49세,경기도,일반판매,기타의료용구,AS불만
2023028630,2023-06-05,여자,30 - 39세,서울특별시,기타,필라테스,계약해제.해지/위약금
2023028631,2023-06-05,남자,50 - 59세,서울특별시,모바일거래,항공여객운송서비스,표시.광고
2023028632,2023-06-05,남자,40 - 49세,서울특별시,국내온라인거래,항공여객운송서비스,계약해제.해지/위약금
2023028633,2023-06-05,남자,30 - 39세,경기도,모바일거래,이불·요,품질(물품/용역)
2023028634,2023-06-05,여자,30 - 39세,경기도,일반판매,헬스장,계약해제.해지/위약금
2023028635,2023-06-05,여자,20 - 29세,경기도,일반판매,외식,안전(제품/시설)
2023028636,2023-06-05,여자,30 - 39세,경기도,국내온라인거래,부업알선,계약해제.해지/위약금
2023028637,2023-06-05,여자,30 - 39세,서울특별시,기타통신판매,식기세척기,청약철회
2023028638,2023-06-05,남자,30 - 39세,인천광역시,국내온라인거래,룸에어컨,계약해제.해지/위약금
2023028639,2023-06-05,여자,20 - 29세,제주도,국내온라인거래,식탁,AS불만
2023028640,2023-06-05,남자,30 - 39세,경기도,국내온라인거래,기타미분류서비스,계약불이행(불완전이행)
2023028641,2023-06-05,여자,30 - 39세,경기도,일반판매,피부·체형관리서비스,계약불이행(불완전이행)
2023028642,2023-06-05,여자,20 - 29세,광주광역시,일반판매,헬스장,계약해제.해지/위약금
2023028643,2023-06-05,여자,20 - 29세,경상남도,일반판매,독서실이용,계약해제.해지/위약금
2023028644,2023-06-05,여자,20 - 29세,서울특별시,일반판매,미용서비스,품질(물품/용역)
2023028645,2023-06-05,여자,40 - 49세,서울특별시,소셜커머스(쇼핑),스마트폰,계약불이행(불완전이행)
2023028646,2023-06-05,여자,40 - 49세,부산광역시,국내온라인거래,기타보건·위생용품,계약불이행(불완전이행)
2023028647,2023-06-05,남자,30 - 39세,부산광역시,모바일거래,항공여객운송서비스,계약불이행(불완전이행)
2023028648,2023-06-05,남자,40 - 49세,경기도,일반판매,가구세트,청약철회
2023028649,2023-06-05,남자,20 - 29세,서울특별시,국내온라인거래,기타스포츠·레저기구·용품,청약철회
2023028650,2023-06-05,여자,20 - 29세,대구광역시,국내온라인거래,기타여행,계약해제.해지/위약금
2023028651,2023-06-05,여자,30 - 39세,서울특별시,국내온라인거래,미분류대여(렌트),안전(제품/시설)
2023028652,2023-06-05,남자,20 - 29세,경기도,국내온라인거래,항공여객운송서비스,계약해제.해지/위약금
2023028653,2023-06-05,여자,30 - 39세,서울특별시,국내온라인거래,항공여객운송서비스,계약해제.해지/위약금
2023028654,2023-06-05,남자,20 - 29세,울산광역시,방문판매,헬스장,계약해제.해지/위약금
2023028655,2023-06-05,여자,20 - 29세,전라북도,일반판매,캐주얼바지,품질(물품/용역)
2023028656,2023-06-05,남자,40 - 49세,경기도,국내온라인거래,안마의자,청약철회
2023028657,2023-06-05,남자,30 - 39세,경기도,일반판매,헬스장,계약해제.해지/위약금
2023028658,2023-06-05,여자,40 - 49세,경기도,일반판매,필라테스,계약해제.해지/위약금
2023028659,2023-06-05,남자,20 - 29세,서울특별시,국내온라인거래,운동화,부당행위
2023028660,2023-06-05,남자,20 - 29세,경기도,국내온라인거래,침대,청약철회
2023028661,2023-06-05,남자,30 - 39세,충청남도,방문판매,헬스장,계약해제.해지/위약금
2023028662,2023-06-05,남자,50 - 59세,서울특별시,국내온라인거래,블루투스스피커,AS불만
2023028663,2023-06-05,여자,20 - 29세,강원특별자치도,국내온라인거래,컴퓨터모니터(데스크탑),품질(물품/용역)
2023028664,2023-06-05,여자,30 - 39세,부산광역시,방문판매,기타이·미용서비스,계약해제.해지/위약금
2023028665,2023-06-05,남자,30 - 39세,경기도,일반판매,헬스장,계약해제.해지/위약금
2023028666,2023-06-05,남자,50 - 59세,경기도,기타,기타사설강습서비스,청약철회
2023028667,2023-06-05,남자,30 - 39세,경기도,일반판매,외식,품질(물품/용역)
2023028668,2023-06-05,남자,20 - 29세,경기도,기타통신판매,컴퓨터수리,AS불만
2023028669,2023-06-05,남자,30 - 39세,전라북도,국내온라인거래,용달화물서비스,단순문의.상담
2023028671,2023-06-05,여자,30 - 39세,부산광역시,방문판매,헬스장,계약해제.해지/위약금
2023028672,2023-06-05,남자,30 - 39세,경상북도,일반판매,국외여행,계약해제.해지/위약금
2023028673,2023-06-05,남자,30 - 39세,경기도,일반판매,결혼준비대행서비스,계약해제.해지/위약금
2023028674,2023-06-06,여자,30 - 39세,서울특별시,기타,필라테스,계약해제.해지/위약금
2023028675,2023-06-06,남자,30 - 39세,경기도,국내온라인거래,전기요,AS불만
2023028676,2023-06-06,여자,20 - 29세,대전광역시,일반판매,필라테스,계약해제.해지/위약금
2023028677,2023-06-06,남자,30 - 39세,세종특별자치시,방문판매,통신기기케이스,품질(물품/용역)
2023028678,2023-06-06,남자,40 - 49세,서울특별시,국내온라인거래,항공여객운송서비스,계약불이행(불완전이행)
2023028679,2023-06-06,여자,30 - 39세,경기도,일반판매,인터넷교육서비스,계약해제.해지/위약금
2023028680,2023-06-06,남자,30 - 39세,대구광역시,기타,포장이사운송서비스,계약불이행(불완전이행)
2023028681,2023-06-06,남자,20 - 29세,경기도,국내온라인거래,운동화,표시.광고
2023028682,2023-06-06,남자,20 - 29세,경기도,일반판매,헬스장,계약해제.해지/위약금
2023028683,2023-06-06,남자,70 - 79세,서울특별시,TV홈쇼핑,톱,청약철회
2023028684,2023-06-06,여자,40 - 49세,대구광역시,소셜커머스(쇼핑),도서·음반대여(렌트),계약불이행(불완전이행)
2023028685,2023-06-06,여자,20 - 29세,경기도,전화권유판매,기타정보이용서비스,계약해제.해지/위약금
2023028686,2023-06-06,여자,60 - 64세,경상북도,전화권유판매,이동전화서비스,청약철회
2023028687,2023-06-06,여자,20 - 29세,서울특별시,기타,기타사설강습서비스,계약불이행(불완전이행)
2023028688,2023-06-06,남자,40 - 49세,서울특별시,일반판매,룸에어컨,AS불만
2023028689,2023-06-06,여자,10 - 19세,인천광역시,국내온라인거래,영화관람,계약불이행(불완전이행)
2023028690,2023-06-06,남자,20 - 29세,대전광역시,방문판매,헬스장,표시.광고
2023028691,2023-06-06,여자,30 - 39세,인천광역시,일반판매,헬스장,계약해제.해지/위약금
2023028692,2023-06-06,여자,20 - 29세,경기도,일반판매,이동전화서비스,계약해제.해지/위약금
2023028693,2023-06-06,남자,30 - 39세,부산광역시,방문판매,비데,AS불만
2023028694,2023-06-07,여자,30 - 39세,서울특별시,국내온라인거래,인터넷교육서비스,계약불이행(불완전이행)
2023028695,2023-06-07,여자,40 - 49세,경기도,국내온라인거래,기타스포츠·레저기구·용품,품질(물품/용역)
2023028696,2023-06-07,여자,30 - 39세,대구광역시,일반판매,점퍼·재킷류,품질(물품/용역)
2023028697,2023-06-07,여자,30 - 39세,경기도,일반판매,요가,AS불만
2023028698,2023-06-07,여자,65 - 69세,서울특별시,일반판매,기타교육서비스,청약철회
2023028699,2023-06-07,남자,30 - 39세,경기도,국내온라인거래,보석·귀금속,청약철회
2023028700,2023-06-07,여자,50 - 59세,서울특별시,일반판매,이동전화서비스,청약철회
2023028701,2023-06-07,여자,50 - 59세,부산광역시,TV홈쇼핑,혼합견과류,품질(물품/용역)
2023028702,2023-06-07,여자,40 - 49세,서울특별시,국내온라인거래,TV,품질(물품/용역)
2023028703,2023-06-07,여자,30 - 39세,충청남도,방문판매,인터넷교육서비스,계약해제.해지/위약금
2023028704,2023-06-07,여자,40 - 49세,서울특별시,국내온라인거래,기타내의류,계약불이행(불완전이행)
2023028705,2023-06-07,남자,40 - 49세,경기도,일반판매,중형승용자동차,품질(물품/용역)
2023028706,2023-06-07,여자,40 - 49세,충청남도,국내온라인거래,전집물,청약철회
2023028707,2023-06-07,여자,30 - 39세,서울특별시,일반판매,실손보험,계약불이행(불완전이행)
2023028708,2023-06-07,여자,20 - 29세,경기도,일반판매,실손보험,계약불이행(불완전이행)
2023028709,2023-06-07,남자,40 - 49세,경기도,국내온라인거래,룸에어컨,계약해제.해지/위약금
2023028710,2023-06-07,여자,40 - 49세,서울특별시,기타통신판매,인터넷교육서비스,계약해제.해지/위약금
2023028711,2023-06-07,여자,30 - 39세,경상북도,일반판매,학습지,계약해제.해지/위약금
2023028712,2023-06-07,여자,40 - 49세,경기도,기타,기타가방,약관
2023028713,2023-06-07,남자,40 - 49세,서울특별시,국내온라인거래,항공여객운송서비스,계약불이행(불완전이행)
2023028714,2023-06-07,남자,65 - 69세,경기도,기타통신판매,전기진공청소기,품질(물품/용역)
2023028715,2023-06-07,여자,40 - 49세,서울특별시,국내온라인거래,홍삼제품,계약불이행(불완전이행)
2023028716,2023-06-07,여자,40 - 49세,서울특별시,국내온라인거래,점퍼·재킷류,청약철회
2023028718,2023-06-07,남자,40 - 49세,경기도,일반판매,중형승용자동차,AS불만
2023028719,2023-06-07,남자,불명,경기도,국내온라인거래,티셔츠,청약철회
2023028720,2023-06-07,남자,20 - 29세,서울특별시,국내온라인거래,그래픽카드,AS불만
2023028721,2023-06-07,여자,30 - 39세,인천광역시,국내온라인거래,소파,품질(물품/용역)
2023028723,2023-06-07,남자,40 - 49세,서울특별시,국내온라인거래,티셔츠,계약불이행(불완전이행)
2023028724,2023-06-07,여자,30 - 39세,경기도,국내온라인거래,호텔,부당행위
2023028725,2023-06-07,남자,20 - 29세,부산광역시,국내온라인거래,자동차대여(렌트),부당행위
2023028726,2023-06-07,여자,30 - 39세,경기도,국내온라인거래,기타매체광고,계약해제.해지/위약금
2023028727,2023-06-07,남자,80세이상,경기도,전화권유판매,유사투자자문,계약불이행(불완전이행)
2023028728,2023-06-07,여자,40 - 49세,경기도,국내온라인거래,전동킥보드,품질(물품/용역)
2023028730,2023-06-07,남자,50 - 59세,서울특별시,일반판매,유선방송,계약해제.해지/위약금
2023028731,2023-06-07,남자,40 - 49세,서울특별시,기타,건물청소서비스,계약불이행(불완전이행)
2023028732,2023-06-07,여자,40 - 49세,충청남도,국내온라인거래,인터넷교육서비스,계약해제.해지/위약금
2023028733,2023-06-07,여자,40 - 49세,충청남도,국내온라인거래,국외여행,계약불이행(불완전이행)
2023028734,2023-06-07,남자,50 - 59세,부산광역시,일반판매,자동차수리·점검,품질(물품/용역)
2023028735,2023-06-07,여자,60 - 64세,인천광역시,국내온라인거래,기타간편복,청약철회
2023028736,2023-06-07,남자,40 - 49세,강원특별자치도,소셜커머스(쇼핑),TV,품질(물품/용역)
2023028737,2023-06-07,여자,30 - 39세,서울특별시,일반판매,인덕션레인지,품질(물품/용역)
2023028738,2023-06-07,여자,40 - 49세,전라남도,기타통신판매,국가자격(능력)시험,계약해제.해지/위약금
2023028739,2023-06-07,남자,65 - 69세,광주광역시,국내온라인거래,철도여객운송서비스,가격.요금
2023028740,2023-06-07,여자,30 - 39세,경기도,방문판매,인터넷교육서비스,계약해제.해지/위약금
2023028741,2023-06-07,여자,30 - 39세,서울특별시,일반판매,기타인테리어설비,계약해제.해지/위약금
2023028742,2023-06-07,남자,65 - 69세,충청남도,일반판매,미분류대여(렌트),계약해제.해지/위약금
2023028743,2023-06-07,여자,20 - 29세,서울특별시,국내온라인거래,기타일반화장품,계약불이행(불완전이행)
2023028744,2023-06-07,여자,40 - 49세,대전광역시,일반판매,양복(서양식 의복)세탁,품질(물품/용역)
2023028745,2023-06-07,여자,20 - 29세,서울특별시,모바일거래,통신기기케이스,품질(물품/용역)
2023028746,2023-06-07,남자,40 - 49세,경상북도,일반판매,양복(서양식 의복)세탁,품질(물품/용역)
2023028747,2023-06-07,남자,20 - 29세,서울특별시,일반판매,양복(서양식 의복)세탁,품질(물품/용역)
2023028748,2023-06-07,남자,40 - 49세,세종특별자치시,국내온라인거래,공기청정기,품질(물품/용역)
2023028749,2023-06-07,여자,50 - 59세,경기도,일반판매,헬스장,계약해제.해지/위약금
2023028751,2023-06-07,여자,60 - 64세,경기도,일반판매,헬스장,계약해제.해지/위약금
2023028752,2023-06-07,여자,30 - 39세,경기도,일반판매,공중목욕탕,계약해제.해지/위약금
2023028753,2023-06-07,남자,40 - 49세,경상북도,전화권유판매,유사투자자문,계약해제.해지/위약금
2023028754,2023-06-07,여자,50 - 59세,대전광역시,일반판매,헬스장,계약해제.해지/위약금
2023028755,2023-06-07,여자,30 - 39세,경기도,일반판매,안마의자,품질(물품/용역)
2023028756,2023-06-07,여자,20 - 29세,서울특별시,일반판매,치과,품질(물품/용역)
2023028757,2023-06-07,남자,20 - 29세,서울특별시,모바일거래,카셰어링,계약불이행(불완전이행)
2023028758,2023-06-07,여자,40 - 49세,광주광역시,일반판매,건강(암·기타질병)보험,약관
2023028759,2023-06-07,남자,40 - 49세,경기도,전화권유판매,유사투자자문,청약철회
2023028760,2023-06-07,남자,80세이상,부산광역시,기타통신판매,기타이·미용기구,품질(물품/용역)
2023028761,2023-06-07,여자,20 - 29세,광주광역시,전화권유판매,태블릿PC,청약철회
2023028762,2023-06-07,남자,40 - 49세,전라북도,국내온라인거래,전기자전거,품질(물품/용역)
2023028763,2023-06-07,여자,40 - 49세,경기도,국내온라인거래,유아용교재,청약철회
2023028764,2023-06-07,남자,65 - 69세,부산광역시,기타통신판매,인터넷정보이용서비스,계약해제.해지/위약금
2023028765,2023-06-07,남자,50 - 59세,서울특별시,일반판매,양복(서양식 의복)세탁,품질(물품/용역)
2023028766,2023-06-07,남자,40 - 49세,서울특별시,일반판매,고시원이용,계약해제.해지/위약금
2023028767,2023-06-07,여자,40 - 49세,대구광역시,일반판매,건강(암·기타질병)보험,약관
2023028768,2023-06-07,남자,30 - 39세,충청남도,일반판매,자동차수리·점검,계약불이행(불완전이행)
2023028769,2023-06-07,남자,50 - 59세,서울특별시,일반판매,신사화(구두·부츠 등),품질(물품/용역)
2023028770,2023-06-07,여자,30 - 39세,서울특별시,국내온라인거래,기타의류·섬유,청약철회
2023028771,2023-06-07,여자,60 - 64세,서울특별시,일반판매,양복(서양식 의복)세탁,품질(물품/용역)
2023028772,2023-06-07,남자,20 - 29세,경기도,일반판매,헬스장,계약해제.해지/위약금
2023028773,2023-06-07,여자,50 - 59세,대구광역시,일반판매,운동화,품질(물품/용역)
2023028774,2023-06-07,남자,40 - 49세,경기도,일반판매,포장이사운송서비스,품질(물품/용역)
2023028775,2023-06-07,남자,60 - 64세,광주광역시,일반판매,침대·매트리스대여(렌트),품질(물품/용역)
2023028776,2023-06-07,남자,30 - 39세,서울특별시,일반판매,양복(서양식 의복)세탁,품질(물품/용역)
2023028777,2023-06-07,여자,50 - 59세,서울특별시,일반판매,중고자동차중개·매매,품질(물품/용역)
2023028778,2023-06-07,여자,40 - 49세,경기도,국내온라인거래,헤어드라이어,청약철회
2023028779,2023-06-07,남자,20 - 29세,광주광역시,국내온라인거래,스포츠웨어,표시.광고
2023028780,2023-06-07,여자,40 - 49세,충청남도,방문판매,정수기대여(렌트),AS불만
2023028782,2023-06-07,남자,30 - 39세,인천광역시,국내온라인거래,기타가구,계약해제.해지/위약금
2023028783,2023-06-07,남자,50 - 59세,서울특별시,기타통신판매,노인복지,계약불이행(불완전이행)
2023028784,2023-06-07,남자,20 - 29세,서울특별시,일반판매,지갑,품질(물품/용역)
2023028785,2023-06-07,여자,65 - 69세,서울특별시,일반판매,건강(암·기타질병)보험,약관
2023028786,2023-06-07,남자,50 - 59세,경기도,일반판매,건강(암·기타질병)보험,약관
2023028787,2023-06-07,남자,60 - 64세,대구광역시,일반판매,건강(암·기타질병)보험,약관
2023028788,2023-06-07,남자,40 - 49세,경기도,일반판매,양복(서양식 의복)세탁,품질(물품/용역)
2023028789,2023-06-07,남자,불명,경기도,국내온라인거래,항공여객운송서비스,청약철회
2023028790,2023-06-07,여자,30 - 39세,서울특별시,국내온라인거래,샌들·슬리퍼,품질(물품/용역)
2023028791,2023-06-07,여자,50 - 59세,경기도,기타,국외여행,AS불만
2023028792,2023-06-07,남자,50 - 59세,경기도,기타,정수기대여(렌트),품질(물품/용역)
2023028794,2023-06-07,남자,20 - 29세,경상남도,국내온라인거래,룸에어컨,품질(물품/용역)
2023028795,2023-06-07,여자,20 - 29세,경상북도,기타,기타대출,부당행위
2023028796,2023-06-07,남자,40 - 49세,서울특별시,일반판매,대리운전,AS불만
2023028797,2023-06-07,남자,65 - 69세,대구광역시,일반판매,자동차대여(렌트),거래관행
2023028798,2023-06-07,여자,50 - 59세,경기도,일반판매,운동화,품질(물품/용역)
2023028800,2023-06-07,여자,불명,광주광역시,일반판매,캐주얼바지,품질(물품/용역)
2023028801,2023-06-07,여자,불명,광주광역시,일반판매,캐주얼바지,품질(물품/용역)
2023028802,2023-06-07,여자,20 - 29세,경기도,기타,성형외과,품질(물품/용역)
2023028803,2023-06-07,남자,30 - 39세,인천광역시,기타,기타병·의원서비스,품질(물품/용역)
2023028804,2023-06-07,남자,30 - 39세,인천광역시,기타,기타병·의원서비스,품질(물품/용역)
2023028805,2023-06-07,여자,30 - 39세,광주광역시,일반판매,캐주얼바지,품질(물품/용역)
2023028806,2023-06-07,남자,40 - 49세,부산광역시,기타,치과,품질(물품/용역)
2023028807,2023-06-07,여자,40 - 49세,서울특별시,국내온라인거래,샌들·슬리퍼,품질(물품/용역)
2023028808,2023-06-07,남자,20 - 29세,서울특별시,국내온라인거래,향수,품질(물품/용역)
2023028809,2023-06-07,여자,70 - 79세,대구광역시,국내온라인거래,참외,청약철회
2023028811,2023-06-07,남자,40 - 49세,서울특별시,국내온라인거래,항공여객운송서비스,계약불이행(불완전이행)
2023028812,2023-06-07,여자,30 - 39세,경기도,일반판매,중형승용자동차,품질(물품/용역)
2023028813,2023-06-07,남자,20 - 29세,경기도,일반판매,신발세탁,계약불이행(불완전이행)
2023028814,2023-06-07,남자,30 - 39세,서울특별시,일반판매,필라테스,품질(물품/용역)
2023028816,2023-06-07,남자,50 - 59세,서울특별시,모바일거래,참외,품질(물품/용역)
2023028817,2023-06-07,여자,40 - 49세,서울특별시,일반판매,수박,품질(물품/용역)
2023028818,2023-06-07,여자,30 - 39세,경기도,방문판매,피부·체형관리서비스,계약해제.해지/위약금
2023028819,2023-06-07,여자,40 - 49세,경상남도,일반판매,중형승용자동차,품질(물품/용역)
2023028820,2023-06-07,여자,(미입력),인천광역시,방문판매,중형승용자동차,품질(물품/용역)
2023028822,2023-06-07,여자,65 - 69세,서울특별시,기타통신판매,인터넷정보이용서비스,계약해제.해지/위약금
2023028823,2023-06-07,여자,50 - 59세,경상남도,일반판매,신발세탁,계약불이행(불완전이행)
2023028824,2023-06-07,여자,65 - 69세,서울특별시,기타통신판매,인터넷정보이용서비스,계약해제.해지/위약금
2023028825,2023-06-07,여자,50 - 59세,경상북도,국내온라인거래,기타장류,품질(물품/용역)
2023028826,2023-06-07,여자,30 - 39세,경기도,일반판매,필라테스,계약해제.해지/위약금
2023028827,2023-06-07,여자,불명,충청북도,기타,골프회원권,계약불이행(불완전이행)
2023028828,2023-06-07,여자,20 - 29세,대전광역시,방문판매,헬스장,계약해제.해지/위약금
2023028829,2023-06-07,여자,50 - 59세,서울특별시,일반판매,숙녀화(구두·부츠 등),품질(물품/용역)
2023028830,2023-06-07,남자,30 - 39세,경기도,소셜커머스(쇼핑),당근,품질(물품/용역)
2023028831,2023-06-07,여자,30 - 39세,서울특별시,국내온라인거래,항공여객운송서비스,청약철회
2023028832,2023-06-07,여자,50 - 59세,경기도,국내온라인거래,운동화,품질(물품/용역)
2023028833,2023-06-07,여자,60 - 64세,경기도,국내온라인거래,국외여행,안전(제품/시설)
2023028834,2023-06-07,여자,40 - 49세,경상남도,국내온라인거래,국외여행,계약불이행(불완전이행)
2023028835,2023-06-07,여자,50 - 59세,경기도,일반판매,핸드백,품질(물품/용역)
2023028836,2023-06-07,남자,30 - 39세,부산광역시,국내온라인거래,항공여객운송서비스,청약철회
2023028838,2023-06-07,남자,40 - 49세,경기도,TV홈쇼핑,레포츠장비대여(렌트),계약해제.해지/위약금
2023028839,2023-06-07,남자,30 - 39세,경기도,일반판매,헬스장,계약해제.해지/위약금
2023028840,2023-06-07,남자,70 - 79세,경기도,일반판매,정형외과,품질(물품/용역)
2023028841,2023-06-07,여자,30 - 39세,서울특별시,일반판매,헬스장,계약해제.해지/위약금
2023028842,2023-06-07,여자,20 - 29세,경기도,일반판매,헬스장,계약해제.해지/위약금
2023028843,2023-06-07,여자,20 - 29세,경기도,일반판매,양복(서양식 의복)세탁,품질(물품/용역)
2023028844,2023-06-07,여자,50 - 59세,서울특별시,일반판매,냉장고,품질(물품/용역)
2023028845,2023-06-07,여자,불명,대구광역시,일반판매,이동전화서비스,계약불이행(불완전이행)
2023028847,2023-06-07,여자,40 - 49세,충청남도,일반판매,경비·관리서비스,부당행위
2023028848,2023-06-07,여자,20 - 29세,경기도,일반판매,헬스장,계약해제.해지/위약금
2023028849,2023-06-07,여자,50 - 59세,서울특별시,모바일거래,즉석조리식품,표시.광고
2023028851,2023-06-07,여자,70 - 79세,경기도,국내온라인거래,룸에어컨,계약불이행(불완전이행)
2023028852,2023-06-07,여자,30 - 39세,경기도,일반판매,기타약품,품질(물품/용역)
2023028853,2023-06-07,여자,30 - 39세,서울특별시,국내온라인거래,기타의류·섬유,청약철회
2023028854,2023-06-07,남자,30 - 39세,경기도,국내온라인거래,기타스포츠·레저기구·용품,품질(물품/용역)
2023028855,2023-06-07,남자,30 - 39세,경상남도,국제온라인거래,기타의류·섬유,청약철회
2023028856,2023-06-07,남자,40 - 49세,경상남도,일반판매,소파,계약불이행(불완전이행)
2023028857,2023-06-07,여자,20 - 29세,서울특별시,국내온라인거래,기타미분류서비스,계약해제.해지/위약금
2023028858,2023-06-07,남자,50 - 59세,경기도,일반판매,가구세트,품질(물품/용역)
2023028859,2023-06-07,남자,30 - 39세,서울특별시,소셜커머스(쇼핑),전기장판,품질(물품/용역)
2023028860,2023-06-07,여자,20 - 29세,경기도,방문판매,헬스장,계약해제.해지/위약금
2023028862,2023-06-07,여자,30 - 39세,광주광역시,일반판매,숙녀화(구두·부츠 등),품질(물품/용역)
2023028863,2023-06-07,남자,20 - 29세,부산광역시,국내온라인거래,티셔츠,청약철회
2023028864,2023-06-07,여자,40 - 49세,경기도,모바일거래,부업알선,계약해제.해지/위약금
2023028865,2023-06-07,남자,50 - 59세,대구광역시,소셜커머스(쇼핑),묘목·모종,청약철회
2023028866,2023-06-07,남자,30 - 39세,전라북도,기타,국내결혼중개,계약해제.해지/위약금
2023028867,2023-06-07,여자,30 - 39세,인천광역시,기타통신판매,피부·체형관리서비스,계약해제.해지/위약금
2023028868,2023-06-07,여자,30 - 39세,경기도,국내온라인거래,기타신발·용품,계약불이행(불완전이행)
2023028869,2023-06-07,여자,40 - 49세,경상북도,일반판매,필라테스,계약불이행(불완전이행)
2023028870,2023-06-07,남자,30 - 39세,경상남도,방문판매,미분류컨설팅(자문),계약불이행(불완전이행)
2023028871,2023-06-07,남자,30 - 39세,전라북도,모바일거래,기타매체광고,계약해제.해지/위약금
2023028872,2023-06-07,여자,40 - 49세,경기도,전화권유판매,인터넷교육서비스,계약해제.해지/위약금
2023028873,2023-06-07,여자,30 - 39세,경기도,국내온라인거래,인터넷교육서비스,계약해제.해지/위약금
2023028874,2023-06-07,여자,20 - 29세,경기도,방문판매,헬스장,계약해제.해지/위약금
2023028875,2023-06-07,여자,30 - 39세,경기도,국내온라인거래,침대,품질(물품/용역)
2023028876,2023-06-07,남자,30 - 39세,서울특별시,방문판매,헬스장,계약해제.해지/위약금
2023028877,2023-06-07,여자,50 - 59세,경기도,국제온라인거래,기타의류·섬유,표시.광고
2023028878,2023-06-07,여자,40 - 49세,대전광역시,TV홈쇼핑,전기구강세정기,AS불만
2023028879,2023-06-07,여자,30 - 39세,경상북도,전화권유판매,기타정보이용서비스,계약불이행(불완전이행)
2023028880,2023-06-07,여자,30 - 39세,전라남도,일반판매,기타인테리어설비,계약해제.해지/위약금
2023028881,2023-06-07,여자,30 - 39세,서울특별시,일반판매,요가,계약해제.해지/위약금
2023028882,2023-06-07,여자,30 - 39세,서울특별시,국내온라인거래,보석·귀금속,품질(물품/용역)
2023028883,2023-06-07,남자,50 - 59세,충청남도,일반판매,양복(서양식 의복)세탁,청약철회
2023028884,2023-06-07,남자,20 - 29세,경기도,방문판매,핸드백,부당행위
2023028885,2023-06-07,여자,40 - 49세,경기도,국내온라인거래,기타과일·과일가공식품,품질(물품/용역)
2023028886,2023-06-07,여자,30 - 39세,서울특별시,모바일거래,펜션,계약해제.해지/위약금
2023028887,2023-06-07,여자,30 - 39세,서울특별시,소셜커머스(쇼핑),TV대,품질(물품/용역)
2023028888,2023-06-07,여자,30 - 39세,강원특별자치도,일반판매,사진촬영,계약불이행(불완전이행)
2023028889,2023-06-07,남자,40 - 49세,부산광역시,기타통신판매,항공여객운송서비스,계약불이행(불완전이행)
2023028890,2023-06-07,여자,30 - 39세,강원특별자치도,일반판매,결혼준비대행서비스,품질(물품/용역)
2023028891,2023-06-07,여자,40 - 49세,경기도,국내온라인거래,핸드백,청약철회
2023028892,2023-06-07,남자,40 - 49세,서울특별시,방문판매,헬스장,계약해제.해지/위약금
2023028893,2023-06-07,여자,30 - 39세,경상남도,국내온라인거래,단행본,계약불이행(불완전이행)
2023028894,2023-06-07,남자,50 - 59세,충청남도,일반판매,골프회원권,가격.요금
2023028895,2023-06-07,남자,20 - 29세,경기도,일반판매,사진촬영,품질(물품/용역)
2023028896,2023-06-07,여자,50 - 59세,인천광역시,국내온라인거래,숙녀복상의,계약해제.해지/위약금
2023028897,2023-06-07,여자,30 - 39세,경기도,국내온라인거래,각종공연관람,계약불이행(불완전이행)
2023028898,2023-06-07,여자,30 - 39세,인천광역시,방문판매,결혼준비대행서비스,계약해제.해지/위약금
2023028899,2023-06-07,남자,70 - 79세,광주광역시,일반판매,보청기,품질(물품/용역)
2023028900,2023-06-07,남자,30 - 39세,경상북도,소셜커머스(쇼핑),기타스포츠·레저기구·용품,AS불만
2023028902,2023-06-07,여자,65 - 69세,서울특별시,일반판매,국외여행,계약불이행(불완전이행)
2023028903,2023-06-07,여자,50 - 59세,서울특별시,국내온라인거래,항공여객운송서비스,청약철회
2023028904,2023-06-07,남자,40 - 49세,경상북도,국내온라인거래,영화관람,약관
2023028905,2023-06-07,여자,20 - 29세,서울특별시,국내온라인거래,캐주얼바지,품질(물품/용역)
2023028906,2023-06-07,여자,20 - 29세,서울특별시,방문판매,헬스장,계약해제.해지/위약금
2023028907,2023-06-07,남자,20 - 29세,광주광역시,방문판매,학습지,계약해제.해지/위약금
2023028908,2023-06-07,여자,30 - 39세,서울특별시,국내온라인거래,각종공연관람,약관
2023028909,2023-06-07,여자,20 - 29세,서울특별시,국내온라인거래,인터넷게임서비스,청약철회
2023028910,2023-06-07,남자,50 - 59세,세종특별자치시,모바일거래,기타정보이용서비스,계약불이행(불완전이행)
2023028911,2023-06-07,여자,40 - 49세,경기도,일반판매,국내결혼중개,계약불이행(불완전이행)
2023028912,2023-06-07,남자,30 - 39세,서울특별시,일반판매,헬스장,계약해제.해지/위약금
2023028913,2023-06-07,여자,20 - 29세,서울특별시,일반판매,필라테스,계약해제.해지/위약금
2023028914,2023-06-07,여자,40 - 49세,경기도,소셜커머스(쇼핑),국외여행,계약불이행(불완전이행)
2023028915,2023-06-07,여자,20 - 29세,충청남도,국내온라인거래,기타미분류서비스,계약해제.해지/위약금
2023028916,2023-06-07,남자,40 - 49세,경기도,전화권유판매,기타정보이용서비스,계약해제.해지/위약금
2023028917,2023-06-07,남자,30 - 39세,서울특별시,국내온라인거래,식탁,계약불이행(불완전이행)
2023028918,2023-06-07,여자,50 - 59세,대구광역시,국내온라인거래,영화관람,청약철회
2023028919,2023-06-07,남자,40 - 49세,서울특별시,모바일거래,통신기기주변장치,AS불만
2023028920,2023-06-07,여자,20 - 29세,경기도,기타,헬스장,계약해제.해지/위약금
2023028921,2023-06-07,여자,40 - 49세,경기도,일반판매,미용서비스,품질(물품/용역)
2023028922,2023-06-07,여자,30 - 39세,경상북도,기타통신판매,인터넷정보이용서비스,표시.광고
2023028923,2023-06-07,여자,30 - 39세,서울특별시,일반판매,국외여행,계약해제.해지/위약금
2023028924,2023-06-07,여자,30 - 39세,부산광역시,일반판매,헬스장,청약철회
2023028925,2023-06-07,남자,50 - 59세,전라남도,기타,비료,품질(물품/용역)
2023028926,2023-06-07,여자,30 - 39세,대구광역시,일반판매,페인트,AS불만
2023028927,2023-06-07,남자,50 - 59세,서울특별시,국내온라인거래,TV,AS불만
2023028928,2023-06-07,여자,40 - 49세,경기도,모바일거래,자동차주차장,청약철회
2023028929,2023-06-07,여자,50 - 59세,서울특별시,국내온라인거래,항공여객운송서비스,안전(제품/시설)
2023028930,2023-06-07,남자,50 - 59세,대구광역시,소셜커머스(쇼핑),기타가사용품,청약철회
2023028931,2023-06-07,남자,30 - 39세,부산광역시,기타통신판매,기타정보이용서비스,계약해제.해지/위약금
2023028932,2023-06-07,남자,30 - 39세,충청남도,국내온라인거래,국외여행,계약해제.해지/위약금
2023028933,2023-06-07,남자,40 - 49세,서울특별시,국내온라인거래,모니터,청약철회
2023028934,2023-06-07,남자,30 - 39세,전라북도,기타,기타부동산임대차,계약해제.해지/위약금
2023028935,2023-06-07,여자,50 - 59세,서울특별시,국내온라인거래,골프용품,부당행위
2023028936,2023-06-07,여자,50 - 59세,경기도,일반판매,필라테스,계약해제.해지/위약금
2023028937,2023-06-07,여자,40 - 49세,경기도,방문판매,헬스장,계약해제.해지/위약금
2023028938,2023-06-07,남자,40 - 49세,서울특별시,국내온라인거래,운동화,청약철회
2023028939,2023-06-08,남자,50 - 59세,서울특별시,국내온라인거래,항공여객운송서비스,청약철회
2023028940,2023-06-08,남자,70 - 79세,서울특별시,TV홈쇼핑,룸에어컨,계약불이행(불완전이행)
2023028941,2023-06-08,여자,30 - 39세,대전광역시,국내온라인거래,음식물처리기,청약철회
2023028942,2023-06-08,여자,50 - 59세,서울특별시,일반판매,미용서비스,계약해제.해지/위약금
2023028943,2023-06-08,남자,50 - 59세,경기도,일반판매,기타전문서비스,계약해제.해지/위약금
2023028944,2023-06-08,여자,40 - 49세,서울특별시,일반판매,스마트폰,품질(물품/용역)
2023028945,2023-06-08,여자,30 - 39세,서울특별시,국내온라인거래,원피스,청약철회
2023028946,2023-06-08,남자,40 - 49세,경기도,국내온라인거래,기타신발·용품,계약불이행(불완전이행)
2023028947,2023-06-08,남자,20 - 29세,세종특별자치시,기타통신판매,국내결혼중개,계약해제.해지/위약금
2023028948,2023-06-08,남자,40 - 49세,서울특별시,일반판매,외식,품질(물품/용역)
2023028949,2023-06-08,여자,50 - 59세,경기도,일반판매,헬스장,품질(물품/용역)
2023028950,2023-06-08,여자,30 - 39세,경상남도,소셜커머스(쇼핑),기타신발·용품,표시.광고
2023028951,2023-06-08,여자,30 - 39세,서울특별시,국내온라인거래,샌들·슬리퍼,청약철회
2023028952,2023-06-08,남자,40 - 49세,서울특별시,일반판매,외식,계약불이행(불완전이행)
2023028953,2023-06-08,여자,30 - 39세,서울특별시,기타통신판매,영화관람,계약해제.해지/위약금
2023028954,2023-06-08,여자,40 - 49세,경상남도,국내온라인거래,전기진공청소기,청약철회
2023028955,2023-06-08,여자,50 - 59세,서울특별시,일반판매,기타인테리어설비,AS불만
2023028956,2023-06-08,여자,20 - 29세,경기도,국내온라인거래,운동화,청약철회
2023028957,2023-06-08,남자,30 - 39세,경기도,국내온라인거래,조립완구,청약철회
2023028958,2023-06-08,남자,50 - 59세,충청북도,일반판매,중형승용자동차,품질(물품/용역)
2023028959,2023-06-08,여자,50 - 59세,제주도,기타통신판매,한약,계약불이행(불완전이행)
2023028960,2023-06-08,남자,50 - 59세,경기도,일반판매,자동차리스,품질(물품/용역)
2023028961,2023-06-08,남자,50 - 59세,충청북도,일반판매,TV,AS불만
2023028962,2023-06-08,남자,80세이상,서울특별시,일반판매,국내결혼중개,계약해제.해지/위약금
2023028963,2023-06-08,여자,30 - 39세,경기도,국내온라인거래,냉장고,품질(물품/용역)
2023028964,2023-06-08,남자,40 - 49세,인천광역시,모바일거래,기타숙박시설,계약해제.해지/위약금
2023028965,2023-06-08,여자,50 - 59세,대구광역시,일반판매,룸에어컨,품질(물품/용역)
2023028966,2023-06-08,여자,50 - 59세,경기도,일반판매,양복(서양식 의복)세탁,품질(물품/용역)
2023028967,2023-06-08,남자,30 - 39세,인천광역시,국내온라인거래,기타가정용공구,품질(물품/용역)
2023028968,2023-06-08,여자,30 - 39세,서울특별시,모바일거래,기타미분류서비스,계약해제.해지/위약금
2023028970,2023-06-08,여자,50 - 59세,경기도,일반판매,양복(서양식 의복)세탁,품질(물품/용역)
2023028971,2023-06-08,남자,50 - 59세,인천광역시,국내온라인거래,소스,계약불이행(불완전이행)
2023028972,2023-06-08,여자,60 - 64세,서울특별시,국내온라인거래,원피스,품질(물품/용역)
2023028974,2023-06-08,여자,40 - 49세,서울특별시,일반판매,운동화,품질(물품/용역)
2023028975,2023-06-08,남자,60 - 64세,강원특별자치도,국내온라인거래,기타컴퓨터·주변기기,AS불만
2023028976,2023-06-08,여자,40 - 49세,서울특별시,일반판매,건강(암·기타질병)보험,계약불이행(불완전이행)
2023028977,2023-06-08,여자,40 - 49세,대구광역시,소셜커머스(쇼핑),운동화,청약철회
2023028978,2023-06-08,남자,50 - 59세,경기도,국내온라인거래,전자게임기구,청약철회
2023028979,2023-06-08,여자,20 - 29세,경상남도,국내온라인거래,기타가방,품질(물품/용역)
2023028980,2023-06-08,남자,30 - 39세,경기도,소셜커머스(쇼핑),기타숙박시설,청약철회
2023028981,2023-06-08,여자,30 - 39세,강원특별자치도,국내온라인거래,항공여객운송서비스,품질(물품/용역)
2023028983,2023-06-08,여자,30 - 39세,경상남도,국내온라인거래,블라우스,청약철회
2023028984,2023-06-08,남자,60 - 64세,충청북도,전화권유판매,인터넷정보이용서비스,계약해제.해지/위약금
2023028985,2023-06-08,여자,30 - 39세,경기도,일반판매,호텔,품질(물품/용역)
2023028986,2023-06-08,남자,30 - 39세,서울특별시,일반판매,상품권,표시.광고
2023028987,2023-06-08,여자,50 - 59세,충청남도,일반판매,룸에어컨,품질(물품/용역)
2023028988,2023-06-08,여자,50 - 59세,경기도,일반판매,"연회서비스(돌잔치,회갑 등)",계약해제.해지/위약금
2023028989,2023-06-08,남자,40 - 49세,경기도,일반판매,상조서비스,계약해제.해지/위약금
2023028990,2023-06-08,여자,65 - 69세,경기도,기타,국외여행,계약불이행(불완전이행)
2023028991,2023-06-08,남자,50 - 59세,충청북도,일반판매,운동화,품질(물품/용역)
2023028992,2023-06-08,여자,20 - 29세,충청북도,일반판매,옷장,계약불이행(불완전이행)
2023028993,2023-06-08,여자,50 - 59세,대구광역시,기타통신판매,상조서비스,계약불이행(불완전이행)
2023028994,2023-06-08,여자,40 - 49세,서울특별시,소셜커머스(쇼핑),신유형상품권,부당행위
2023028995,2023-06-08,남자,50 - 59세,서울특별시,전화권유판매,유사투자자문,계약불이행(불완전이행)
2023028996,2023-06-08,남자,65 - 69세,인천광역시,기타통신판매,유사투자자문,계약해제.해지/위약금
2023028997,2023-06-08,남자,40 - 49세,부산광역시,국내온라인거래,국외여행,청약철회
2023028998,2023-06-08,남자,40 - 49세,경기도,전화권유판매,유사투자자문,계약해제.해지/위약금
2023028999,2023-06-08,남자,50 - 59세,광주광역시,국내온라인거래,샌들·슬리퍼,품질(물품/용역)
2023029000,2023-06-08,여자,40 - 49세,서울특별시,국내온라인거래,항공여객운송서비스,가격.요금
2023029001,2023-06-08,여자,30 - 39세,경기도,방문판매,인터넷교육서비스,계약해제.해지/위약금
2023029002,2023-06-08,여자,40 - 49세,서울특별시,기타,포장이사운송서비스,계약불이행(불완전이행)
2023029003,2023-06-08,남자,40 - 49세,충청남도,국내온라인거래,항공여객운송서비스,계약해제.해지/위약금
2023029004,2023-06-08,여자,60 - 64세,경상북도,일반판매,건강(암·기타질병)보험,약관
2023029005,2023-06-08,여자,40 - 49세,경기도,국내온라인거래,원피스,계약해제.해지/위약금
2023029006,2023-06-08,남자,60 - 64세,경상북도,모바일거래,기타숙박시설,계약해제.해지/위약금
2023029007,2023-06-08,남자,50 - 59세,경기도,일반판매,중형승용자동차,품질(물품/용역)
2023029008,2023-06-08,여자,40 - 49세,서울특별시,일반판매,핸드백,품질(물품/용역)
2023029009,2023-06-08,남자,40 - 49세,경상남도,국내온라인거래,항공여객운송서비스,청약철회
2023029010,2023-06-08,여자,40 - 49세,서울특별시,기타통신판매,유아용카시트(안전의자),표시.광고
2023029012,2023-06-08,여자,65 - 69세,경기도,국내온라인거래,기타식품류,계약불이행(불완전이행)
2023029013,2023-06-08,남자,30 - 39세,경기도,일반판매,시스템에어컨,부당행위
2023029014,2023-06-08,여자,30 - 39세,부산광역시,국내온라인거래,호텔,표시.광고
2023029015,2023-06-08,여자,30 - 39세,서울특별시,방문판매,포장이사운송서비스,품질(물품/용역)
2023029016,2023-06-08,남자,65 - 69세,경기도,기타통신판매,모바일정보이용서비스,계약해제.해지/위약금
2023029017,2023-06-08,여자,10 - 19세,경기도,모바일거래,영화관람,청약철회
2023029018,2023-06-08,남자,불명,경기도,국내온라인거래,기타가방,품질(물품/용역)
2023029019,2023-06-08,여자,60 - 64세,서울특별시,일반판매,성형외과,AS불만
2023029020,2023-06-08,남자,30 - 39세,경상북도,국내온라인거래,국외여행,계약해제.해지/위약금
2023029021,2023-06-08,여자,30 - 39세,서울특별시,국내온라인거래,호텔,계약불이행(불완전이행)
2023029022,2023-06-08,남자,불명,경기도,국내온라인거래,캐주얼바지,품질(물품/용역)
2023029023,2023-06-08,여자,40 - 49세,대구광역시,일반판매,기타사설강습서비스,계약해제.해지/위약금
2023029024,2023-06-08,여자,65 - 69세,서울특별시,기타통신판매,식기세척기,표시.광고
2023029025,2023-06-08,남자,30 - 39세,경기도,모바일거래,"OTT서비스(넷플릭스,왓챠 등)",계약해제.해지/위약금
2023029026,2023-06-08,여자,30 - 39세,경기도,국내온라인거래,샌들·슬리퍼,품질(물품/용역)
2023029027,2023-06-08,여자,50 - 59세,서울특별시,모바일거래,점퍼·재킷류,계약불이행(불완전이행)
2023029029,2023-06-08,남자,30 - 39세,경기도,일반판매,내과,품질(물품/용역)
2023029030,2023-06-08,남자,40 - 49세,충청남도,국내온라인거래,기타숙박시설,청약철회
2023029031,2023-06-08,여자,60 - 64세,부산광역시,일반판매,의료용구대여(렌트),품질(물품/용역)
2023029032,2023-06-08,여자,70 - 79세,경기도,일반판매,정수기대여(렌트),계약불이행(불완전이행)
2023029033,2023-06-08,여자,40 - 49세,서울특별시,일반판매,정수기대여(렌트),계약불이행(불완전이행)
2023029034,2023-06-08,여자,20 - 29세,경기도,국내온라인거래,호텔,계약해제.해지/위약금
2023029035,2023-06-08,여자,30 - 39세,서울특별시,일반판매,카메라,품질(물품/용역)
2023029036,2023-06-08,여자,60 - 64세,경상남도,국내온라인거래,기타의류·섬유,청약철회
2023029037,2023-06-08,남자,40 - 49세,경기도,일반판매,음식물처리기대여(렌트),계약해제.해지/위약금
2023029038,2023-06-08,여자,30 - 39세,서울특별시,일반판매,필라테스,계약해제.해지/위약금
2023029039,2023-06-08,남자,20 - 29세,경상남도,일반판매,기타숙박시설,부당행위
2023029040,2023-06-08,여자,60 - 64세,경상남도,전화권유판매,인터넷정보이용서비스,계약불이행(불완전이행)
2023029041,2023-06-08,남자,30 - 39세,부산광역시,일반판매,헬스장,계약해제.해지/위약금
2023029042,2023-06-08,남자,40 - 49세,서울특별시,기타,자동차수리·점검,계약불이행(불완전이행)
2023029043,2023-06-08,남자,20 - 29세,부산광역시,일반판매,독서실이용,계약해제.해지/위약금
2023029044,2023-06-08,여자,20 - 29세,세종특별자치시,기타통신판매,기타숙박시설,계약해제.해지/위약금
2023029045,2023-06-08,여자,30 - 39세,서울특별시,일반판매,결혼준비대행서비스,청약철회
2023029046,2023-06-08,여자,30 - 39세,서울특별시,일반판매,룸에어컨,계약불이행(불완전이행)
2023029047,2023-06-08,남자,40 - 49세,대전광역시,일반판매,소파,AS불만
2023029048,2023-06-08,남자,50 - 59세,경상북도,기타,의료용구대여(렌트),계약불이행(불완전이행)
2023029049,2023-06-08,남자,40 - 49세,인천광역시,기타,골프회원권,계약해제.해지/위약금
2023029050,2023-06-08,남자,40 - 49세,경기도,기타,인터넷전화,계약불이행(불완전이행)
2023029051,2023-06-08,남자,30 - 39세,경기도,국내온라인거래,인터넷게임서비스,청약철회
2023029052,2023-06-08,남자,40 - 49세,대전광역시,기타,냉동고,AS불만
2023029053,2023-06-08,남자,30 - 39세,대전광역시,국내온라인거래,기타미분류서비스,청약철회
2023029054,2023-06-08,여자,50 - 59세,경기도,국내온라인거래,전문스포츠화(축구화·골프화 등),청약철회
2023029055,2023-06-08,여자,20 - 29세,서울특별시,국내온라인거래,캐주얼바지,청약철회
2023029056,2023-06-08,남자,40 - 49세,경기도,기타,일반강습(입시학원등),계약해제.해지/위약금
2023029057,2023-06-08,여자,30 - 39세,경기도,모바일거래,인터넷정보이용서비스,청약철회
2023029058,2023-06-08,여자,30 - 39세,부산광역시,국내온라인거래,기타의료용구,부당행위
2023029059,2023-06-08,남자,50 - 59세,인천광역시,일반판매,골프회원권,계약해제.해지/위약금
2023029061,2023-06-08,남자,40 - 49세,경기도,일반판매,헬스장,계약해제.해지/위약금
2023029062,2023-06-08,남자,50 - 59세,경기도,국내온라인거래,국외여행,계약해제.해지/위약금
2023029063,2023-06-08,여자,30 - 39세,경기도,노상판매,인터넷교육서비스,계약해제.해지/위약금
2023029064,2023-06-08,여자,30 - 39세,경상남도,국내온라인거래,전집물,계약불이행(불완전이행)
2023029065,2023-06-08,남자,40 - 49세,경기도,국내온라인거래,TV,계약불이행(불완전이행)
2023029066,2023-06-08,여자,40 - 49세,서울특별시,일반판매,점퍼·재킷류,청약철회
2023029067,2023-06-08,여자,40 - 49세,대전광역시,국내온라인거래,선풍기,품질(물품/용역)
2023029068,2023-06-08,여자,30 - 39세,서울특별시,기타,기타사설강습서비스,계약해제.해지/위약금
2023029069,2023-06-08,여자,30 - 39세,전라남도,국내온라인거래,자격증교재,표시.광고
2023029070,2023-06-08,여자,40 - 49세,서울특별시,일반판매,욕실설비,품질(물품/용역)
2023029072,2023-06-08,남자,20 - 29세,대구광역시,일반판매,보석·귀금속,청약철회
2023029073,2023-06-08,여자,40 - 49세,서울특별시,일반판매,예식서비스,계약해제.해지/위약금
2023029074,2023-06-08,여자,50 - 59세,경상북도,국내온라인거래,침대,품질(물품/용역)
2023029075,2023-06-08,남자,60 - 64세,경기도,기타,국외여행,계약해제.해지/위약금
2023029076,2023-06-08,남자,20 - 29세,인천광역시,국내온라인거래,각종공연관람,계약해제.해지/위약금
2023029077,2023-06-08,여자,40 - 49세,서울특별시,국내온라인거래,항공여객운송서비스,계약해제.해지/위약금
2023029078,2023-06-08,여자,30 - 39세,서울특별시,일반판매,필라테스,계약해제.해지/위약금
2023029079,2023-06-08,여자,40 - 49세,인천광역시,기타,미용서비스,계약불이행(불완전이행)
2023029080,2023-06-08,남자,30 - 39세,충청북도,일반판매,헬스장,계약해제.해지/위약금
2023029081,2023-06-08,여자,40 - 49세,서울특별시,일반판매,헬스장,계약해제.해지/위약금
2023029082,2023-06-08,남자,40 - 49세,서울특별시,일반판매,국내결혼중개,계약불이행(불완전이행)
2023029083,2023-06-08,여자,30 - 39세,서울특별시,국내온라인거래,기타인터넷기반서비스,계약해제.해지/위약금
2023029084,2023-06-08,여자,30 - 39세,경기도,기타,헬스장,계약해제.해지/위약금
2023029085,2023-06-08,여자,30 - 39세,경기도,전화권유판매,국내결혼중개,계약해제.해지/위약금
2023029086,2023-06-08,여자,30 - 39세,서울특별시,국내온라인거래,기타내의류,청약철회
2023029087,2023-06-08,여자,50 - 59세,경기도,국내온라인거래,기타매체광고,품질(물품/용역)
2023029088,2023-06-08,남자,20 - 29세,경기도,모바일거래,고시원이용,계약해제.해지/위약금
2023029089,2023-06-08,남자,40 - 49세,울산광역시,기타,기타미분류서비스,품질(물품/용역)
2023029090,2023-06-08,남자,20 - 29세,서울특별시,국내온라인거래,인터넷교육서비스,계약해제.해지/위약금
2023029091,2023-06-08,남자,20 - 29세,서울특별시,전화권유판매,해외유학알선,계약해제.해지/위약금
2023029092,2023-06-08,여자,30 - 39세,강원특별자치도,일반판매,항공여객운송서비스,계약해제.해지/위약금
2023029093,2023-06-08,남자,40 - 49세,서울특별시,소셜커머스(쇼핑),스피커,청약철회
2023029094,2023-06-08,남자,30 - 39세,경기도,소셜커머스(쇼핑),프린터,청약철회
2023029096,2023-06-08,여자,50 - 59세,서울특별시,국내온라인거래,국외여행,계약해제.해지/위약금
2023029097,2023-06-08,여자,20 - 29세,경기도,국내온라인거래,국외여행,계약해제.해지/위약금
2023029098,2023-06-08,남자,30 - 39세,서울특별시,방문판매,헬스장,계약해제.해지/위약금
2023029099,2023-06-08,남자,30 - 39세,서울특별시,국제온라인거래,기타내의류,청약철회
2023029100,2023-06-08,여자,30 - 39세,서울특별시,국내온라인거래,기타서적음반류,계약불이행(불완전이행)
2023029101,2023-06-08,남자,30 - 39세,경기도,방문판매,국내결혼중개,계약해제.해지/위약금
2023029102,2023-06-08,남자,30 - 39세,경기도,국내온라인거래,운동화,AS불만
2023029103,2023-06-08,여자,30 - 39세,인천광역시,일반판매,예식서비스,계약해제.해지/위약금
2023029104,2023-06-08,여자,40 - 49세,경기도,일반판매,헬스장,계약해제.해지/위약금
2023029105,2023-06-08,여자,30 - 39세,서울특별시,모바일거래,할인회원권,계약해제.해지/위약금
2023029106,2023-06-08,남자,40 - 49세,경기도,국내온라인거래,호텔,계약불이행(불완전이행)
2023029107,2023-06-08,남자,30 - 39세,부산광역시,일반판매,신사화(구두·부츠 등),계약해제.해지/위약금
2023029108,2023-06-08,여자,20 - 29세,제주도,일반판매,헬스장,계약해제.해지/위약금
2023029109,2023-06-08,남자,50 - 59세,서울특별시,국내온라인거래,신유형상품권,약관
2023029110,2023-06-08,여자,30 - 39세,서울특별시,국내온라인거래,캐주얼바지,계약해제.해지/위약금
2023029111,2023-06-08,여자,30 - 39세,서울특별시,일반판매,피부·체형관리서비스,계약해제.해지/위약금
2023029112,2023-06-08,여자,30 - 39세,서울특별시,일반판매,침대,품질(물품/용역)
2023029113,2023-06-08,여자,30 - 39세,세종특별자치시,일반판매,사진촬영,계약해제.해지/위약금
2023029114,2023-06-08,남자,40 - 49세,대구광역시,국내온라인거래,통신기기주변장치,계약불이행(불완전이행)
2023029115,2023-06-08,남자,20 - 29세,경기도,국내온라인거래,책상,청약철회
2023029116,2023-06-08,여자,50 - 59세,서울특별시,국내온라인거래,시계,계약불이행(불완전이행)
2023029117,2023-06-08,여자,40 - 49세,경기도,일반판매,변호서비스,계약해제.해지/위약금
2023029118,2023-06-08,여자,50 - 59세,경기도,국내온라인거래,전기진공청소기,품질(물품/용역)
2023029119,2023-06-08,남자,30 - 39세,부산광역시,일반판매,헬스장,계약해제.해지/위약금
2023029120,2023-06-08,여자,30 - 39세,서울특별시,기타,세탁물건조용품,품질(물품/용역)
2023029121,2023-06-08,여자,20 - 29세,인천광역시,일반판매,헬스장,계약해제.해지/위약금
2023029122,2023-06-08,여자,30 - 39세,서울특별시,기타,헬스장,계약해제.해지/위약금
2023029123,2023-06-08,여자,20 - 29세,경상남도,국내온라인거래,기타의자류,청약철회
2023029124,2023-06-08,여자,40 - 49세,부산광역시,방문판매,학습지,계약해제.해지/위약금
2023029125,2023-06-08,남자,30 - 39세,인천광역시,일반판매,외식,안전(제품/시설)
2023029126,2023-06-08,여자,30 - 39세,전라북도,일반판매,헬스장,계약해제.해지/위약금
2023029127,2023-06-08,여자,20 - 29세,경기도,모바일거래,기타숙박시설,계약해제.해지/위약금
2023029128,2023-06-08,여자,30 - 39세,경기도,전화권유판매,기타회원권,계약해제.해지/위약금
2023029129,2023-06-08,여자,50 - 59세,경기도,일반판매,기타인테리어설비,AS불만
2023029130,2023-06-08,여자,30 - 39세,경기도,방문판매,헬스장,계약해제.해지/위약금
2023029131,2023-06-08,여자,20 - 29세,경기도,일반판매,헬스장,계약해제.해지/위약금
2023029132,2023-06-08,남자,50 - 59세,서울특별시,모바일거래,기타숙박시설,청약철회
2023029133,2023-06-08,여자,20 - 29세,서울특별시,모바일거래,일반강습(입시학원등),청약철회
2023029134,2023-06-08,남자,20 - 29세,제주도,일반판매,종합체육시설회원권,계약해제.해지/위약금
2023029135,2023-06-08,남자,40 - 49세,강원특별자치도,국내온라인거래,기타숙박시설,부당행위
2023029136,2023-06-08,여자,30 - 39세,부산광역시,방문판매,학습지,계약해제.해지/위약금
2023029137,2023-06-08,여자,40 - 49세,경기도,국내온라인거래,안마의자,청약철회
2023029138,2023-06-08,여자,30 - 39세,경기도,국내온라인거래,기타숙박시설,계약불이행(불완전이행)
2023029139,2023-06-08,여자,30 - 39세,서울특별시,국내온라인거래,기타통신기기,계약불이행(불완전이행)
2023029140,2023-06-08,남자,30 - 39세,경기도,국내온라인거래,기타숙박시설,청약철회
2023029141,2023-06-08,여자,40 - 49세,경기도,일반판매,블라우스,부당행위
2023029142,2023-06-08,남자,30 - 39세,전라남도,일반판매,독서실이용,청약철회
2023029144,2023-06-09,여자,40 - 49세,전라남도,일반판매,중형승용자동차,AS불만
2023029145,2023-06-09,남자,40 - 49세,경상남도,일반판매,케이블TV,계약해제.해지/위약금
2023029149,2023-06-08,여자,50 - 59세,부산광역시,기타통신판매,기타건강식품,계약해제.해지/위약금
2023029150,2023-06-09,남자,50 - 59세,경기도,국내온라인거래,킥보드,청약철회
2023029151,2023-06-09,여자,40 - 49세,경기도,국내온라인거래,기타방문·통신교육서비스,청약철회
2023029152,2023-06-09,남자,40 - 49세,서울특별시,국내온라인거래,기타숙박시설,품질(물품/용역)
2023029153,2023-06-09,여자,50 - 59세,충청북도,일반판매,양복(서양식 의복)세탁,품질(물품/용역)
2023029154,2023-06-09,남자,30 - 39세,대구광역시,일반판매,신사복세트,품질(물품/용역)
2023029155,2023-06-09,여자,40 - 49세,대전광역시,일반판매,안마의자,품질(물품/용역)
2023029156,2023-06-09,남자,40 - 49세,충청남도,일반판매,소프트웨어,AS불만
2023029157,2023-06-09,남자,40 - 49세,경기도,모바일거래,국외여행,계약불이행(불완전이행)
2023029159,2023-06-09,남자,40 - 49세,서울특별시,국내온라인거래,항공여객운송서비스,계약해제.해지/위약금
2023029160,2023-06-09,여자,불명,대전광역시,국내온라인거래,커피,부당행위
2023029161,2023-06-09,여자,30 - 39세,제주도,일반판매,헬스장,계약해제.해지/위약금
2023029163,2023-06-09,여자,30 - 39세,서울특별시,일반판매,국내결혼중개,계약해제.해지/위약금
2023029164,2023-06-09,여자,20 - 29세,서울특별시,일반판매,헬스장,계약해제.해지/위약금
2023029165,2023-06-09,여자,30 - 39세,대전광역시,국내온라인거래,영화관람,계약해제.해지/위약금
2023029167,2023-06-09,여자,50 - 59세,서울특별시,일반판매,전기자전거,품질(물품/용역)
2023029169,2023-06-09,여자,30 - 39세,대구광역시,일반판매,필라테스,계약해제.해지/위약금
2023029170,2023-06-09,남자,40 - 49세,서울특별시,일반판매,건강(암·기타질병)보험,계약불이행(불완전이행)
2023029171,2023-06-09,여자,50 - 59세,광주광역시,일반판매,종신보험,약관
2023029172,2023-06-09,여자,65 - 69세,강원특별자치도,일반판매,기타세탁서비스,계약불이행(불완전이행)
2023029173,2023-06-09,남자,20 - 29세,서울특별시,국내온라인거래,메인보드,계약불이행(불완전이행)
2023029174,2023-06-09,여자,20 - 29세,서울특별시,일반판매,기타회원권,계약해제.해지/위약금
2023029176,2023-06-09,남자,60 - 64세,경기도,일반판매,온풍기,품질(물품/용역)
2023029177,2023-06-09,남자,40 - 49세,서울특별시,일반판매,골프회원권,계약불이행(불완전이행)
2023029178,2023-06-09,남자,50 - 59세,강원특별자치도,일반판매,차량용블랙박스,부당행위
2023029179,2023-06-09,남자,20 - 29세,대전광역시,모바일거래,선박여객운송서비스,계약해제.해지/위약금
2023029180,2023-06-09,여자,30 - 39세,서울특별시,일반판매,점퍼·재킷류,품질(물품/용역)
2023029181,2023-06-09,남자,60 - 64세,서울특별시,국내온라인거래,항공여객운송서비스,계약해제.해지/위약금
2023029182,2023-06-09,여자,40 - 49세,부산광역시,일반판매,실손보험,약관
2023029183,2023-06-09,여자,60 - 64세,경기도,일반판매,양복(서양식 의복)세탁,품질(물품/용역)
2023029184,2023-06-09,여자,65 - 69세,부산광역시,일반판매,실손보험,약관
2023029185,2023-06-09,여자,60 - 64세,경기도,일반판매,양복(서양식 의복)세탁,품질(물품/용역)
2023029186,2023-06-09,남자,(미입력),경기도,일반판매,카셰어링,부당행위
2023029187,2023-06-09,남자,65 - 69세,서울특별시,일반판매,종신보험,약관
2023029188,2023-06-09,여자,65 - 69세,경기도,일반판매,실손보험,약관
2023029189,2023-06-09,남자,20 - 29세,경기도,일반판매,헬스장,계약해제.해지/위약금
2023029190,2023-06-09,여자,20 - 29세,부산광역시,기타,헬스장,계약해제.해지/위약금
2023029191,2023-06-09,여자,20 - 29세,서울특별시,기타,성형외과,계약해제.해지/위약금
2023029192,2023-06-09,남자,30 - 39세,부산광역시,기타,한의원,계약해제.해지/위약금
2023029193,2023-06-09,남자,30 - 39세,경상북도,모바일거래,기타숙박시설,계약해제.해지/위약금
2023029194,2023-06-09,남자,50 - 59세,경기도,방문판매,상조서비스,부당행위
2023029195,2023-06-09,남자,60 - 64세,서울특별시,일반판매,자동차수리·점검,부당행위
2023029196,2023-06-09,여자,30 - 39세,경기도,국내온라인거래,양복(서양식 의복)세탁,품질(물품/용역)
2023029197,2023-06-09,여자,20 - 29세,경상북도,일반판매,피부과,계약해제.해지/위약금
2023029198,2023-06-09,여자,65 - 69세,경기도,방문판매,상조서비스,계약해제.해지/위약금
2023029199,2023-06-09,여자,60 - 64세,경기도,기타,기타세탁서비스,품질(물품/용역)
2023029200,2023-06-09,남자,20 - 29세,인천광역시,소셜커머스(쇼핑),전기어댑터,품질(물품/용역)
2023029201,2023-06-09,여자,50 - 59세,경기도,기타통신판매,팬코일(이동식에어컨),품질(물품/용역)
2023029202,2023-06-09,남자,30 - 39세,경기도,일반판매,종합체육시설회원권,계약해제.해지/위약금
2023029203,2023-06-09,남자,20 - 29세,경기도,국내온라인거래,신유형상품권,청약철회
2023029204,2023-06-09,남자,50 - 59세,경기도,일반판매,양복(서양식 의복)세탁,품질(물품/용역)
2023029205,2023-06-09,남자,65 - 69세,서울특별시,국내온라인거래,항공여객운송서비스,청약철회
2023029207,2023-06-09,여자,30 - 39세,경기도,전화권유판매,인터넷정보이용서비스,계약해제.해지/위약금
2023029208,2023-06-09,남자,불명,경기도,국내온라인거래,호텔,표시.광고
2023029209,2023-06-09,여자,30 - 39세,서울특별시,일반판매,양복(서양식 의복)세탁,품질(물품/용역)
2023029210,2023-06-09,여자,60 - 64세,경기도,일반판매,양복(서양식 의복)세탁,품질(물품/용역)
2023029211,2023-06-09,남자,30 - 39세,서울특별시,일반판매,양복(서양식 의복)세탁,품질(물품/용역)
2023029212,2023-06-09,남자,50 - 59세,서울특별시,일반판매,캐주얼바지,품질(물품/용역)
2023029213,2023-06-09,남자,50 - 59세,서울특별시,일반판매,셔츠,품질(물품/용역)
2023029214,2023-06-09,남자,40 - 49세,충청남도,국내온라인거래,기타간편복,계약불이행(불완전이행)
2023029217,2023-06-09,남자,40 - 49세,충청북도,일반판매,자동차세차,부당행위
2023029218,2023-06-09,여자,50 - 59세,강원특별자치도,일반판매,원피스,품질(물품/용역)
2023029219,2023-06-09,여자,10 - 19세,서울특별시,국내온라인거래,인터넷교육서비스,계약해제.해지/위약금
2023029220,2023-06-09,여자,30 - 39세,경기도,일반판매,양복(서양식 의복)세탁,품질(물품/용역)
2023029221,2023-06-09,여자,30 - 39세,서울특별시,일반판매,필라테스,계약해제.해지/위약금
2023029222,2023-06-09,여자,20 - 29세,충청남도,국내온라인거래,원피스,품질(물품/용역)
2023029223,2023-06-09,여자,30 - 39세,경기도,국내온라인거래,핸드백,품질(물품/용역)
2023029224,2023-06-09,여자,20 - 29세,서울특별시,일반판매,미용서비스,계약불이행(불완전이행)
2023029225,2023-06-09,여자,30 - 39세,서울특별시,일반판매,헬스장,계약해제.해지/위약금
2023029226,2023-06-09,여자,20 - 29세,서울특별시,국내온라인거래,헬스장,계약해제.해지/위약금
2023029227,2023-06-09,여자,30 - 39세,경기도,국내온라인거래,원피스,품질(물품/용역)
2023029228,2023-06-09,여자,30 - 39세,경기도,전화권유판매,모바일정보이용서비스,계약해제.해지/위약금
2023029229,2023-06-09,여자,20 - 29세,충청북도,일반판매,헬스장,계약해제.해지/위약금
2023029231,2023-06-09,여자,30 - 39세,인천광역시,일반판매,헬스장,계약해제.해지/위약금
2023029233,2023-06-09,남자,40 - 49세,충청남도,일반판매,양복(서양식 의복)세탁,품질(물품/용역)
2023029415,2023-06-10,남자,60 - 64세,서울특별시,방문판매,김치냉장고,품질(물품/용역)
2023029416,2023-06-10,여자,40 - 49세,경기도,일반판매,국외여행,계약해제.해지/위약금
2023029417,2023-06-10,남자,20 - 29세,경기도,기타,예식서비스,계약해제.해지/위약금
2023029418,2023-06-10,여자,20 - 29세,경기도,일반판매,헬스장,계약해제.해지/위약금
2023029419,2023-06-10,여자,40 - 49세,경기도,국내온라인거래,냉장고,청약철회
2023029420,2023-06-10,여자,50 - 59세,울산광역시,소셜커머스(쇼핑),정수기대여(렌트),품질(물품/용역)
2023029422,2023-06-10,여자,30 - 39세,인천광역시,기타,스마트폰,부당행위
2023029423,2023-06-10,여자,50 - 59세,서울특별시,국내온라인거래,보석·귀금속,계약불이행(불완전이행)
2023029424,2023-06-10,남자,30 - 39세,인천광역시,국내온라인거래,기타숙박시설,계약해제.해지/위약금
2023029515,2023-06-11,남자,(미입력),충청남도,국내온라인거래,항공여객운송서비스,계약해제.해지/위약금
2023029516,2023-06-11,여자,30 - 39세,경기도,국내온라인거래,기타간편복,청약철회
2023029517,2023-06-11,여자,30 - 39세,서울특별시,국내온라인거래,기타건강식품,품질(물품/용역)
2023029518,2023-06-11,남자,40 - 49세,서울특별시,소셜커머스(쇼핑),TV,계약불이행(불완전이행)
2023029519,2023-06-11,여자,50 - 59세,부산광역시,일반판매,골프회원권,계약불이행(불완전이행)
2023029520,2023-06-11,남자,30 - 39세,서울특별시,국내온라인거래,기타미분류서비스,계약해제.해지/위약금
2023029521,2023-06-11,여자,30 - 39세,경기도,일반판매,헬스장,계약해제.해지/위약금
2023029522,2023-06-11,여자,65 - 69세,경기도,국내온라인거래,기타식생활기기,품질(물품/용역)
2023029523,2023-06-11,여자,30 - 39세,서울특별시,일반판매,핸드백,품질(물품/용역)
2023029524,2023-06-11,남자,50 - 59세,경기도,일반판매,외식,품질(물품/용역)
2023029525,2023-06-11,여자,30 - 39세,인천광역시,국내온라인거래,전기충전기,AS불만
2023029526,2023-06-11,남자,30 - 39세,경기도,기타,사진촬영,계약불이행(불완전이행)
2023029527,2023-06-11,남자,20 - 29세,경기도,일반판매,외식,안전(제품/시설)
2023029528,2023-06-11,남자,30 - 39세,경기도,국내온라인거래,기타가방,품질(물품/용역)
2023029529,2023-06-11,여자,30 - 39세,충청북도,일반판매,스마트폰,청약철회
2023029530,2023-06-11,여자,20 - 29세,전라남도,일반판매,고시원이용,계약해제.해지/위약금
2023029531,2023-06-11,여자,40 - 49세,전라남도,모바일거래,인터넷게임서비스,무능력자계약
2023029532,2023-06-11,여자,30 - 39세,서울특별시,전화권유판매,결혼준비대행서비스,청약철회
2023029533,2023-06-11,남자,20 - 29세,강원특별자치도,일반판매,헬스장,계약해제.해지/위약금
2023029534,2023-06-11,여자,40 - 49세,경기도,모바일거래,각종공연관람,계약해제.해지/위약금
2023029535,2023-06-11,여자,20 - 29세,경기도,일반판매,기타수선·염색서비스,품질(물품/용역)
2023029536,2023-06-11,남자,40 - 49세,서울특별시,기타,스마트폰,AS불만
2023029537,2023-06-11,여자,30 - 39세,서울특별시,기타,도시가스,부당행위
2023029538,2023-06-11,남자,30 - 39세,대구광역시,국내온라인거래,각종공연관람,계약해제.해지/위약금
2023029539,2023-06-09,여자,20 - 29세,경기도,방문판매,필라테스,계약해제.해지/위약금
2023029540,2023-06-12,남자,40 - 49세,경기도,일반판매,양복(서양식 의복)세탁,품질(물품/용역)
2023029541,2023-06-12,남자,40 - 49세,경상북도,국내온라인거래,식탁,품질(물품/용역)
2023029542,2023-06-12,여자,50 - 59세,경기도,일반판매,티셔츠,품질(물품/용역)
2023029543,2023-06-12,남자,30 - 39세,서울특별시,국내온라인거래,카셰어링,계약불이행(불완전이행)
2023029544,2023-06-12,여자,40 - 49세,서울특별시,국내온라인거래,운동화,계약불이행(불완전이행)
2023029545,2023-06-12,여자,30 - 39세,서울특별시,모바일거래,중고자동차중개·매매,표시.광고
2023029546,2023-06-12,남자,불명,서울특별시,일반판매,자동차주차장,가격.요금
2023029547,2023-06-12,여자,70 - 79세,서울특별시,일반판매,콘도회원권,표시.광고
2023029548,2023-06-12,여자,30 - 39세,경기도,기타,산후조리원,계약불이행(불완전이행)
2023029549,2023-06-12,남자,40 - 49세,서울특별시,일반판매,TV,AS불만
2023029550,2023-06-12,여자,30 - 39세,울산광역시,일반판매,기타수선·염색서비스,품질(물품/용역)
2023029551,2023-06-12,여자,30 - 39세,서울특별시,일반판매,양복(서양식 의복)세탁,품질(물품/용역)
2023029552,2023-06-12,여자,40 - 49세,서울특별시,일반판매,대형승용자동차,품질(물품/용역)
2023029553,2023-06-12,남자,40 - 49세,경기도,국내온라인거래,향수,계약불이행(불완전이행)
2023029554,2023-06-12,남자,30 - 39세,경기도,일반판매,자동차수리·점검,AS불만
2023029555,2023-06-12,여자,40 - 49세,경기도,국내온라인거래,운동화,계약불이행(불완전이행)
2023029556,2023-06-12,남자,65 - 69세,인천광역시,일반판매,치과,품질(물품/용역)
2023029557,2023-06-12,여자,50 - 59세,서울특별시,일반판매,도어록,계약불이행(불완전이행)
2023029558,2023-06-12,여자,40 - 49세,경기도,일반판매,TV,품질(물품/용역)
2023029559,2023-06-12,남자,30 - 39세,부산광역시,국내온라인거래,식탁,계약불이행(불완전이행)
2023029560,2023-06-12,남자,30 - 39세,서울특별시,기타,중고자동차중개·매매,AS불만
2023029561,2023-06-12,남자,20 - 29세,서울특별시,일반판매,미분류수리가공,계약불이행(불완전이행)
2023029562,2023-06-12,여자,40 - 49세,서울특별시,일반판매,전기세탁기,AS불만
2023029563,2023-06-12,남자,30 - 39세,서울특별시,국내온라인거래,신유형상품권,부당행위
2023029564,2023-06-12,남자,50 - 59세,경기도,전화권유판매,인터넷정보이용서비스,계약불이행(불완전이행)
2023029565,2023-06-12,여자,40 - 49세,경상남도,국내온라인거래,세탁용합성세제,품질(물품/용역)
2023029566,2023-06-12,여자,30 - 39세,경기도,국내온라인거래,기타관람·감상,계약해제.해지/위약금
2023029567,2023-06-12,여자,30 - 39세,경기도,기타통신판매,포장이사운송서비스,계약불이행(불완전이행)
2023029568,2023-06-12,여자,40 - 49세,서울특별시,국내온라인거래,기타통신기기,AS불만
2023029569,2023-06-12,여자,20 - 29세,경기도,기타통신판매,인터넷교육서비스,계약해제.해지/위약금
2023029570,2023-06-12,남자,40 - 49세,인천광역시,소셜커머스(쇼핑),텐트,청약철회
2023029571,2023-06-12,여자,60 - 64세,경기도,일반판매,스커트,품질(물품/용역)
2023029572,2023-06-12,여자,30 - 39세,인천광역시,일반판매,전기고데기,AS불만
2023029573,2023-06-12,남자,50 - 59세,인천광역시,모바일거래,인터넷교육서비스,계약해제.해지/위약금
2023029574,2023-06-12,남자,30 - 39세,서울특별시,국내온라인거래,기타과일·과일가공식품,계약불이행(불완전이행)
2023029575,2023-06-12,여자,20 - 29세,대구광역시,국내온라인거래,캐주얼바지,청약철회
2023029576,2023-06-12,여자,40 - 49세,경기도,일반판매,포장이사운송서비스,계약불이행(불완전이행)
2023029577,2023-06-12,남자,40 - 49세,인천광역시,국내온라인거래,스마트폰,표시.광고
2023029578,2023-06-12,여자,20 - 29세,경기도,방문판매,중형승용자동차,이자.수수료
2023029579,2023-06-12,여자,불명,광주광역시,기타,골프용품,품질(물품/용역)
2023029580,2023-06-12,여자,30 - 39세,서울특별시,모바일거래,기타숙박시설,계약해제.해지/위약금
2023029581,2023-06-12,여자,30 - 39세,서울특별시,국제온라인거래,기타숙박시설,계약불이행(불완전이행)
2023029582,2023-06-12,여자,불명,경상남도,일반판매,양복(서양식 의복)세탁,품질(물품/용역)
2023029583,2023-06-12,여자,80세이상,경기도,소셜커머스(쇼핑),전기압력밥솥,품질(물품/용역)
2023029584,2023-06-12,남자,40 - 49세,대전광역시,국내온라인거래,운동화,품질(물품/용역)
2023029585,2023-06-12,남자,불명,경상남도,일반판매,양복(서양식 의복)세탁,품질(물품/용역)
2023029587,2023-06-12,남자,불명,충청남도,일반판매,양복(서양식 의복)세탁,품질(물품/용역)
2023029588,2023-06-12,남자,50 - 59세,강원특별자치도,기타,항공화물운송서비스,계약불이행(불완전이행)
2023029589,2023-06-12,여자,40 - 49세,서울특별시,국내온라인거래,보석·귀금속,계약불이행(불완전이행)
2023029590,2023-06-12,남자,30 - 39세,경기도,일반판매,신용카드,표시.광고
2023029591,2023-06-12,남자,50 - 59세,경기도,일반판매,중고자동차중개·매매,품질(물품/용역)
2023029592,2023-06-12,남자,40 - 49세,경기도,일반판매,전자담배,품질(물품/용역)
2023029593,2023-06-12,여자,40 - 49세,서울특별시,일반판매,양복(서양식 의복)세탁,품질(물품/용역)
2023029594,2023-06-12,남자,50 - 59세,경기도,기타,안과,품질(물품/용역)
2023029595,2023-06-12,남자,50 - 59세,서울특별시,기타,응급의학과,품질(물품/용역)
2023029596,2023-06-12,여자,40 - 49세,경기도,기타통신판매,유사투자자문,단순문의.상담
2023029597,2023-06-12,남자,50 - 59세,서울특별시,국내온라인거래,헤어드라이어,품질(물품/용역)
2023029598,2023-06-12,남자,30 - 39세,제주도,전화권유판매,법무서비스,청약철회
2023029599,2023-06-12,여자,50 - 59세,경기도,일반판매,대형승용자동차,품질(물품/용역)
2023029600,2023-06-12,여자,70 - 79세,경기도,기타통신판매,기타일반화장품,부당채권추심
2023029601,2023-06-12,남자,20 - 29세,서울특별시,기타통신판매,블라인드,계약불이행(불완전이행)
2023029602,2023-06-12,여자,40 - 49세,경기도,전화권유판매,다이어트식품,계약해제.해지/위약금
2023029603,2023-06-12,여자,40 - 49세,서울특별시,국내온라인거래,항공여객운송서비스,계약해제.해지/위약금
2023029605,2023-06-12,남자,20 - 29세,충청남도,기타통신판매,유사투자자문,계약해제.해지/위약금
2023029606,2023-06-12,여자,20 - 29세,서울특별시,일반판매,피혁세탁,품질(물품/용역)
2023029607,2023-06-12,여자,40 - 49세,서울특별시,일반판매,성형외과,안전(제품/시설)
2023029608,2023-06-12,남자,70 - 79세,경기도,일반판매,기타주거관리설비,품질(물품/용역)
2023029609,2023-06-12,남자,30 - 39세,인천광역시,국내온라인거래,선풍기,품질(물품/용역)
2023029610,2023-06-12,여자,30 - 39세,경기도,일반판매,양복(서양식 의복)세탁,품질(물품/용역)
2023029611,2023-06-12,여자,50 - 59세,서울특별시,TV홈쇼핑,화장비누,청약철회
2023029612,2023-06-12,여자,50 - 59세,서울특별시,국내온라인거래,기타의류·섬유,품질(물품/용역)
2023029613,2023-06-12,남자,40 - 49세,인천광역시,국내온라인거래,모바일게임서비스,무능력자계약
2023029614,2023-06-12,여자,50 - 59세,경기도,국내온라인거래,기타문화용품,청약철회
2023029615,2023-06-12,여자,40 - 49세,경기도,국내온라인거래,보석·귀금속,청약철회
2023029616,2023-06-12,여자,40 - 49세,서울특별시,기타,양복(서양식 의복)세탁,품질(물품/용역)
2023029617,2023-06-12,여자,30 - 39세,서울특별시,국내온라인거래,신유형상품권,계약불이행(불완전이행)
2023029618,2023-06-12,여자,40 - 49세,대구광역시,국내온라인거래,소파,계약불이행(불완전이행)
2023029619,2023-06-12,여자,30 - 39세,제주도,일반판매,코트,품질(물품/용역)
2023029620,2023-06-12,여자,60 - 64세,경기도,일반판매,기타간편복,품질(물품/용역)
2023029621,2023-06-12,남자,20 - 29세,부산광역시,모바일거래,전자게임기구,청약철회
2023029622,2023-06-12,여자,40 - 49세,서울특별시,일반판매,이동전화서비스,계약해제.해지/위약금
2023029623,2023-06-12,남자,20 - 29세,경기도,모바일거래,헬스장,계약해제.해지/위약금
2023029624,2023-06-12,남자,70 - 79세,부산광역시,방문판매,이동전화서비스,계약불이행(불완전이행)
2023029625,2023-06-12,여자,40 - 49세,경기도,일반판매,헬스장,계약해제.해지/위약금
2023029626,2023-06-12,여자,40 - 49세,서울특별시,일반판매,제습기,AS불만
2023029627,2023-06-12,여자,30 - 39세,인천광역시,기타,각종자격취득강습,계약해제.해지/위약금
2023029628,2023-06-12,여자,30 - 39세,서울특별시,국내온라인거래,이불·요,부당행위
2023029630,2023-06-12,남자,40 - 49세,경기도,모바일거래,항공여객운송서비스,부당행위
2023029631,2023-06-12,여자,30 - 39세,경기도,국내온라인거래,펜션,품질(물품/용역)
2023029633,2023-06-12,여자,40 - 49세,경기도,국내온라인거래,캐주얼바지,품질(물품/용역)
2023029634,2023-06-12,여자,30 - 39세,인천광역시,일반판매,헬스장,계약해제.해지/위약금
2023029636,2023-06-12,여자,불명,제주도,국내온라인거래,공기청정기,AS불만
2023029637,2023-06-12,여자,50 - 59세,경기도,일반판매,식탁,AS불만
2023029638,2023-06-12,여자,30 - 39세,인천광역시,국내온라인거래,블라우스,청약철회
2023029639,2023-06-12,남자,30 - 39세,경상북도,기타,건강(암·기타질병)보험,계약불이행(불완전이행)
2023029640,2023-06-12,남자,20 - 29세,서울특별시,일반판매,양복(서양식 의복)세탁,품질(물품/용역)
2023029641,2023-06-12,여자,65 - 69세,서울특별시,TV홈쇼핑,화장품세트,표시.광고
2023029642,2023-06-12,남자,20 - 29세,서울특별시,국내온라인거래,양복(서양식 의복)세탁,품질(물품/용역)
2023029643,2023-06-12,남자,30 - 39세,대구광역시,일반판매,단체보장보험,계약불이행(불완전이행)
2023029644,2023-06-12,남자,50 - 59세,울산광역시,일반판매,타이어,품질(물품/용역)
2023029645,2023-06-12,남자,20 - 29세,서울특별시,국내온라인거래,양복(서양식 의복)세탁,품질(물품/용역)
2023029646,2023-06-12,남자,50 - 59세,제주도,일반판매,헬스장,계약해제.해지/위약금
2023029648,2023-06-09,남자,40 - 49세,서울특별시,소셜커머스(쇼핑),기타의류·섬유,표시.광고
2023029649,2023-06-09,남자,30 - 39세,경기도,국내온라인거래,셀카봉,품질(물품/용역)
2023029650,2023-06-09,여자,50 - 59세,전라남도,일반판매,의상대여(렌트),계약해제.해지/위약금
2023029651,2023-06-09,여자,40 - 49세,인천광역시,국내온라인거래,항공여객운송서비스,계약해제.해지/위약금
2023029652,2023-06-09,남자,30 - 39세,인천광역시,국내온라인거래,항공여객운송서비스,계약해제.해지/위약금
2023029653,2023-06-09,여자,20 - 29세,서울특별시,기타,컴퓨터수리,부당행위
2023029654,2023-06-09,남자,20 - 29세,서울특별시,국내온라인거래,TV,청약철회
2023029655,2023-06-09,여자,30 - 39세,서울특별시,기타,포장이사운송서비스,품질(물품/용역)
2023029656,2023-06-09,여자,20 - 29세,경기도,일반판매,룸에어컨,품질(물품/용역)
2023029657,2023-06-09,남자,50 - 59세,서울특별시,기타통신판매,모바일정보이용서비스,품질(물품/용역)
2023029658,2023-06-09,남자,30 - 39세,경기도,일반판매,헬스장,계약해제.해지/위약금
2023029659,2023-06-09,여자,30 - 39세,서울특별시,일반판매,헬스장,계약해제.해지/위약금
2023029660,2023-06-09,여자,30 - 39세,경기도,전화권유판매,인터넷교육서비스,계약해제.해지/위약금
2023029661,2023-06-09,남자,30 - 39세,대전광역시,전화권유판매,기타정보이용서비스,계약해제.해지/위약금
2023029662,2023-06-09,여자,30 - 39세,경기도,일반판매,사진촬영,품질(물품/용역)
2023029663,2023-06-09,남자,30 - 39세,서울특별시,국내온라인거래,인터넷게임서비스,계약불이행(불완전이행)
2023029664,2023-06-09,남자,30 - 39세,대구광역시,일반판매,소파,청약철회
2023029665,2023-06-09,여자,20 - 29세,경기도,전화권유판매,인터넷정보이용서비스,계약불이행(불완전이행)
2023029666,2023-06-09,여자,30 - 39세,전라북도,국내온라인거래,선풍기,AS불만
2023029667,2023-06-09,남자,30 - 39세,전라북도,기타,국내결혼중개,계약해제.해지/위약금
2023029668,2023-06-09,여자,30 - 39세,경기도,일반판매,TV,품질(물품/용역)
2023029669,2023-06-09,남자,40 - 49세,서울특별시,일반판매,골프회원권,계약해제.해지/위약금
2023029670,2023-06-09,남자,30 - 39세,서울특별시,일반판매,일반강습(입시학원등),계약해제.해지/위약금
2023029671,2023-06-09,남자,30 - 39세,경기도,일반판매,헬스장,계약해제.해지/위약금
2023029672,2023-06-09,남자,30 - 39세,경기도,일반판매,비데,AS불만
2023029673,2023-06-09,여자,40 - 49세,대구광역시,모바일거래,여자용내의류,청약철회
2023029674,2023-06-09,여자,50 - 59세,서울특별시,국내온라인거래,철도여객운송서비스,계약해제.해지/위약금
2023029675,2023-06-09,남자,20 - 29세,인천광역시,일반판매,헬스장,계약해제.해지/위약금
2023029676,2023-06-09,여자,30 - 39세,부산광역시,기타,반포장이사운송서비스,부당행위
2023029677,2023-06-09,여자,50 - 59세,전라북도,국내온라인거래,니트(스웨터),청약철회
2023029678,2023-06-09,여자,20 - 29세,서울특별시,일반판매,필라테스,계약해제.해지/위약금
2023029679,2023-06-09,남자,30 - 39세,서울특별시,모바일거래,모바일게임서비스,계약불이행(불완전이행)
2023029680,2023-06-09,남자,65 - 69세,경기도,국내온라인거래,프린터,청약철회
2023029681,2023-06-09,여자,30 - 39세,경기도,방문판매,인터넷교육서비스,계약해제.해지/위약금
2023029682,2023-06-09,여자,40 - 49세,대구광역시,방문판매,학습지,계약해제.해지/위약금
2023029683,2023-06-09,여자,50 - 59세,서울특별시,일반판매,소파,품질(물품/용역)
2023029684,2023-06-09,남자,30 - 39세,서울특별시,모바일거래,모바일게임서비스,부당행위
2023029685,2023-06-09,여자,50 - 59세,서울특별시,기타,애완견,부당행위
2023029686,2023-06-09,여자,40 - 49세,서울특별시,전화권유판매,기타일반화장품,계약불이행(불완전이행)
2023029687,2023-06-09,여자,50 - 59세,경기도,소셜커머스(쇼핑),식기세척기,AS불만
2023029688,2023-06-09,여자,20 - 29세,부산광역시,소셜커머스(쇼핑),기타의류·섬유,청약철회
2023029689,2023-06-09,남자,30 - 39세,경기도,국내온라인거래,항공여객운송서비스,계약해제.해지/위약금
2023029690,2023-06-09,여자,60 - 64세,경기도,방문판매,콘도회원권,계약불이행(불완전이행)
2023029691,2023-06-09,남자,60 - 64세,세종특별자치시,일반판매,정수기대여(렌트),계약해제.해지/위약금
2023029692,2023-06-09,남자,20 - 29세,부산광역시,일반판매,기타이동통신,청약철회
2023029693,2023-06-09,여자,20 - 29세,충청북도,일반판매,미용서비스,AS불만
2023029694,2023-06-09,여자,20 - 29세,서울특별시,일반판매,헬스장,계약해제.해지/위약금
2023029695,2023-06-09,남자,30 - 39세,서울특별시,일반판매,헬스장,계약해제.해지/위약금
2023029696,2023-06-09,남자,20 - 29세,서울특별시,일반판매,기타사설강습서비스,계약해제.해지/위약금
2023029697,2023-06-09,남자,30 - 39세,부산광역시,모바일거래,항공여객운송서비스,표시.광고
2023029698,2023-06-09,남자,30 - 39세,대전광역시,일반판매,기타스포츠·레저기구·용품,계약불이행(불완전이행)
2023029699,2023-06-09,남자,20 - 29세,경기도,일반판매,헬스장,계약해제.해지/위약금
2023029700,2023-06-09,여자,30 - 39세,서울특별시,국내온라인거래,모기향,품질(물품/용역)
2023029701,2023-06-09,여자,40 - 49세,서울특별시,국내온라인거래,기타일반화장품,청약철회
2023029702,2023-06-09,여자,20 - 29세,인천광역시,일반판매,기타미분류서비스,단순문의.상담
2023029703,2023-06-09,여자,30 - 39세,경기도,국내온라인거래,점퍼·재킷류,청약철회
2023029704,2023-06-09,여자,30 - 39세,경기도,일반판매,인터넷교육서비스,계약해제.해지/위약금
2023029705,2023-06-09,남자,40 - 49세,대전광역시,국내온라인거래,옷장,품질(물품/용역)
2023029706,2023-06-09,남자,30 - 39세,경기도,국내온라인거래,노트북컴퓨터,계약불이행(불완전이행)
2023029707,2023-06-09,여자,30 - 39세,서울특별시,일반판매,기타이·미용서비스,품질(물품/용역)
2023029708,2023-06-09,여자,30 - 39세,울산광역시,전화권유판매,기타방문·통신교육서비스,계약불이행(불완전이행)
2023029709,2023-06-09,여자,20 - 29세,서울특별시,모바일거래,사진촬영,계약해제.해지/위약금
2023029710,2023-06-09,남자,30 - 39세,인천광역시,기타,결혼준비대행서비스,청약철회
2023029711,2023-06-09,여자,40 - 49세,경기도,방문판매,인터넷교육서비스,계약해제.해지/위약금
2023029712,2023-06-09,여자,40 - 49세,경기도,TV홈쇼핑,국내여행,계약불이행(불완전이행)
2023029713,2023-06-09,남자,40 - 49세,경기도,방문판매,헬스장,계약해제.해지/위약금
2023029714,2023-06-09,남자,60 - 64세,부산광역시,일반판매,외식,부당행위
2023029715,2023-06-09,여자,30 - 39세,경기도,국내온라인거래,건물청소서비스,품질(물품/용역)
2023029716,2023-06-09,여자,40 - 49세,경기도,TV홈쇼핑,음식물처리기대여(렌트),가격.요금
2023029717,2023-06-09,여자,40 - 49세,경기도,기타통신판매,건물청소서비스,계약불이행(불완전이행)
2023029718,2023-06-09,여자,40 - 49세,서울특별시,소셜커머스(쇼핑),노트북컴퓨터,품질(물품/용역)
2023029719,2023-06-09,여자,40 - 49세,서울특별시,모바일거래,기타숙박시설,계약불이행(불완전이행)
2023029720,2023-06-09,여자,40 - 49세,서울특별시,일반판매,이동전화서비스,부당행위
2023029721,2023-06-09,여자,20 - 29세,강원특별자치도,기타통신판매,인터넷정보이용서비스,부당행위
2023029722,2023-06-09,여자,30 - 39세,서울특별시,국내온라인거래,기타의류·섬유,청약철회
2023029723,2023-06-09,남자,30 - 39세,강원특별자치도,국내온라인거래,메인보드,품질(물품/용역)
2023029724,2023-06-09,여자,20 - 29세,전라북도,방문판매,헬스장,계약해제.해지/위약금
2023029725,2023-06-09,남자,30 - 39세,경기도,국내온라인거래,인덕션레인지,계약불이행(불완전이행)
2023029726,2023-06-09,남자,20 - 29세,대구광역시,일반판매,헬스장,계약해제.해지/위약금
2023029727,2023-06-09,남자,40 - 49세,광주광역시,국내온라인거래,기타신발·용품,청약철회
2023029728,2023-06-09,여자,30 - 39세,충청남도,방문판매,학습지,계약해제.해지/위약금
2023029729,2023-06-09,남자,30 - 39세,인천광역시,일반판매,필라테스,계약해제.해지/위약금
2023029730,2023-06-09,남자,40 - 49세,서울특별시,모바일거래,택시여객운송서비스,계약해제.해지/위약금
2023029731,2023-06-12,여자,50 - 59세,서울특별시,일반판매,원피스,품질(물품/용역)
2023029733,2023-06-12,여자,30 - 39세,경기도,국내온라인거래,양복(서양식 의복)세탁,품질(물품/용역)
2023029734,2023-06-12,여자,30 - 39세,서울특별시,일반판매,필라테스,계약해제.해지/위약금
2023029735,2023-06-12,여자,20 - 29세,인천광역시,일반판매,헬스장,계약해제.해지/위약금
2023029736,2023-06-12,남자,20 - 29세,대전광역시,일반판매,헬스장,계약해제.해지/위약금
2023029737,2023-06-12,여자,40 - 49세,경기도,일반판매,헬스장,계약해제.해지/위약금
2023029738,2023-06-12,여자,20 - 29세,경기도,기타,기타사설강습서비스,계약해제.해지/위약금
2023029739,2023-06-12,여자,40 - 49세,경상남도,국제온라인거래,숙녀복세트,부당행위
2023029740,2023-06-12,남자,20 - 29세,경기도,일반판매,기타숙박시설,계약해제.해지/위약금
2023029741,2023-06-12,여자,20 - 29세,서울특별시,일반판매,피부·체형관리서비스,계약해제.해지/위약금
2023029742,2023-06-12,여자,30 - 39세,광주광역시,국내온라인거래,점퍼·재킷류,품질(물품/용역)
2023029743,2023-06-12,여자,20 - 29세,서울특별시,일반판매,일반강습(입시학원등),청약철회
2023029744,2023-06-12,남자,40 - 49세,경상남도,일반판매,헬스장,계약불이행(불완전이행)
2023029745,2023-06-12,여자,30 - 39세,경기도,TV홈쇼핑,국외여행,품질(물품/용역)
2023029746,2023-06-12,여자,40 - 49세,경기도,국내온라인거래,운동화,청약철회
2023029747,2023-06-12,남자,60 - 64세,전라북도,국내온라인거래,항공여객운송서비스,청약철회
2023029748,2023-06-12,남자,30 - 39세,대구광역시,일반판매,남자용내의류,청약철회
2023029749,2023-06-12,여자,40 - 49세,경기도,일반판매,항공여객운송서비스,계약해제.해지/위약금
2023029750,2023-06-12,여자,40 - 49세,서울특별시,기타,필라테스,계약해제.해지/위약금
2023029751,2023-06-12,여자,30 - 39세,서울특별시,소셜커머스(쇼핑),스팀다리미,AS불만
2023029752,2023-06-12,여자,30 - 39세,충청남도,국내온라인거래,기타숙박시설,계약해제.해지/위약금
2023029753,2023-06-12,여자,40 - 49세,경기도,국내온라인거래,블라우스,청약철회
2023029754,2023-06-12,남자,40 - 49세,서울특별시,국내온라인거래,정수기대여(렌트),계약해제.해지/위약금
2023029755,2023-06-12,여자,20 - 29세,서울특별시,기타통신판매,이동전화서비스,품질(물품/용역)
2023029756,2023-06-12,여자,30 - 39세,경기도,일반판매,헬스장,계약해제.해지/위약금
2023029757,2023-06-12,남자,30 - 39세,경기도,기타,시스템에어컨,품질(물품/용역)
2023029758,2023-06-12,남자,20 - 29세,인천광역시,일반판매,캐주얼바지,청약철회
2023029759,2023-06-12,여자,40 - 49세,서울특별시,국내온라인거래,시계,청약철회
2023029760,2023-06-12,남자,30 - 39세,인천광역시,일반판매,변호서비스,계약해제.해지/위약금
2023029761,2023-06-12,여자,20 - 29세,서울특별시,국내온라인거래,항공여객운송서비스,청약철회
2023029762,2023-06-12,남자,30 - 39세,경상북도,국내온라인거래,음식물처리기,품질(물품/용역)
2023029763,2023-06-12,남자,50 - 59세,강원특별자치도,국내온라인거래,스마트폰,품질(물품/용역)
2023029764,2023-06-12,남자,50 - 59세,경기도,일반판매,식탁,품질(물품/용역)
2023029765,2023-06-12,여자,30 - 39세,서울특별시,국내온라인거래,원피스,청약철회
2023029766,2023-06-12,여자,30 - 39세,경상남도,일반판매,가구세트,계약불이행(불완전이행)
2023029767,2023-06-12,남자,40 - 49세,인천광역시,일반판매,유리·크리스탈그릇,품질(물품/용역)
2023029768,2023-06-12,여자,30 - 39세,서울특별시,국내온라인거래,기타일반화장품,품질(물품/용역)
2023029769,2023-06-12,남자,20 - 29세,부산광역시,일반판매,헬스장,청약철회
2023029770,2023-06-12,남자,30 - 39세,인천광역시,국제온라인거래,기타화물운송서비스,가격.요금
2023029771,2023-06-12,여자,70 - 79세,울산광역시,일반판매,초고속인터넷,계약불이행(불완전이행)
2023029772,2023-06-12,여자,40 - 49세,서울특별시,방문판매,정수기대여(렌트),품질(물품/용역)
2023029773,2023-06-12,여자,40 - 49세,충청북도,국내온라인거래,전집물,계약불이행(불완전이행)
2023029774,2023-06-12,여자,40 - 49세,경기도,국내온라인거래,기타일반화장품,청약철회
2023029775,2023-06-12,여자,40 - 49세,서울특별시,국내온라인거래,숙녀복상의,청약철회
2023029776,2023-06-12,남자,70 - 79세,대전광역시,기타통신판매,묘목·모종,품질(물품/용역)
2023029777,2023-06-12,여자,40 - 49세,경기도,기타통신판매,호텔,계약해제.해지/위약금
2023029778,2023-06-12,남자,40 - 49세,대전광역시,일반판매,항공여객운송서비스,계약불이행(불완전이행)
2023029779,2023-06-12,남자,40 - 49세,서울특별시,국내온라인거래,기타통신기기,AS불만
2023029780,2023-06-12,남자,20 - 29세,부산광역시,방문판매,종합체육시설회원권,계약해제.해지/위약금
2023029781,2023-06-12,남자,50 - 59세,인천광역시,모바일거래,항공여객운송서비스,계약해제.해지/위약금
2023029782,2023-06-12,여자,40 - 49세,경기도,국내온라인거래,기타의류·섬유,품질(물품/용역)
2023029783,2023-06-12,여자,20 - 29세,서울특별시,방문판매,피부·체형관리서비스,청약철회
2023029784,2023-06-12,여자,40 - 49세,경기도,국내온라인거래,기타숙박시설,청약철회
2023029785,2023-06-12,여자,20 - 29세,서울특별시,일반판매,기타교육서비스,계약해제.해지/위약금
2023029786,2023-06-12,여자,30 - 39세,경기도,일반판매,예식서비스,계약해제.해지/위약금
2023029787,2023-06-12,여자,30 - 39세,경기도,일반판매,산후조리원,계약불이행(불완전이행)
2023029788,2023-06-12,여자,50 - 59세,인천광역시,기타,헬스장,계약해제.해지/위약금
2023029789,2023-06-12,남자,30 - 39세,대전광역시,전화권유판매,기타매체광고,계약해제.해지/위약금
2023029790,2023-06-12,남자,40 - 49세,충청북도,소셜커머스(쇼핑),소파,품질(물품/용역)
2023029791,2023-06-12,남자,30 - 39세,경상남도,방문판매,콘도회원권,계약해제.해지/위약금
2023029792,2023-06-12,남자,30 - 39세,대구광역시,일반판매,바닥재·마루공사,품질(물품/용역)
2023029793,2023-06-12,남자,50 - 59세,서울특별시,기타,경비·관리서비스,계약불이행(불완전이행)
2023029794,2023-06-12,여자,40 - 49세,서울특별시,모바일거래,호텔,계약불이행(불완전이행)
2023029795,2023-06-12,여자,40 - 49세,경기도,국내온라인거래,기타의류·섬유,품질(물품/용역)
2023029796,2023-06-12,남자,40 - 49세,경기도,국내온라인거래,국외여행,계약해제.해지/위약금
2023029797,2023-06-12,여자,40 - 49세,서울특별시,국내온라인거래,기타숙박시설,청약철회
2023029798,2023-06-12,남자,30 - 39세,충청북도,일반판매,소파,계약불이행(불완전이행)
2023029799,2023-06-12,여자,30 - 39세,경상북도,모바일거래,국외여행,청약철회
2023029800,2023-06-12,남자,40 - 49세,충청북도,기타,실손보험,부당행위
2023029801,2023-06-12,남자,40 - 49세,전라남도,일반판매,항공여객운송서비스,계약불이행(불완전이행)
2023029802,2023-06-12,남자,40 - 49세,경기도,국내온라인거래,이동전화서비스,청약철회
2023029803,2023-06-12,남자,40 - 49세,서울특별시,국내온라인거래,기타음향기기,표시.광고
2023029804,2023-06-12,여자,30 - 39세,경기도,국내온라인거래,기타유아용승용물,청약철회
2023029805,2023-06-12,여자,40 - 49세,서울특별시,일반판매,법무서비스,계약해제.해지/위약금
2023029806,2023-06-12,여자,80세이상,전라남도,기타,기타미분류서비스,단순문의.상담
2023029807,2023-06-12,남자,50 - 59세,경기도,국내온라인거래,노트북컴퓨터,품질(물품/용역)
2023029808,2023-06-12,남자,30 - 39세,경기도,일반판매,헬스장,계약해제.해지/위약금
2023029809,2023-06-12,여자,30 - 39세,경기도,국내온라인거래,전자게임기구,품질(물품/용역)
2023029810,2023-06-12,남자,40 - 49세,부산광역시,국내온라인거래,기타의류·섬유,청약철회
2023029811,2023-06-12,여자,60 - 64세,부산광역시,국내온라인거래,호텔,부당행위
2023029812,2023-06-12,여자,40 - 49세,인천광역시,소셜커머스(쇼핑),비타민제,계약불이행(불완전이행)
2023029813,2023-06-12,여자,30 - 39세,서울특별시,방문판매,헬스장,계약해제.해지/위약금
2023029814,2023-06-12,여자,40 - 49세,경기도,일반판매,메이크업강습,계약해제.해지/위약금
2023029815,2023-06-12,남자,30 - 39세,경상북도,일반판매,골프회원권,계약해제.해지/위약금
2023029816,2023-06-12,여자,30 - 39세,서울특별시,일반판매,테니스장스쿼시회원권,계약해제.해지/위약금
2023029817,2023-06-12,남자,30 - 39세,경기도,일반판매,외국어강습,계약해제.해지/위약금
2023029818,2023-06-12,남자,40 - 49세,경기도,국내온라인거래,인터넷교육서비스,계약불이행(불완전이행)
2023029819,2023-06-12,남자,30 - 39세,충청북도,국내온라인거래,인터넷정보이용서비스,청약철회
2023029820,2023-06-12,남자,50 - 59세,경기도,기타,피자,품질(물품/용역)
2023029821,2023-06-12,남자,40 - 49세,경상남도,일반판매,기타미분류물품,품질(물품/용역)
2023029822,2023-06-12,여자,40 - 49세,울산광역시,기타,전기세탁기,품질(물품/용역)
2023029823,2023-06-12,여자,30 - 39세,대전광역시,국내온라인거래,컴퓨터S/W개발(홈페이지제작),계약불이행(불완전이행)
2023029824,2023-06-12,여자,10 - 19세,대구광역시,방문판매,이동전화서비스,약관
2023029825,2023-06-12,남자,65 - 69세,서울특별시,일반판매,이동전화서비스,계약해제.해지/위약금
2023029826,2023-06-12,여자,30 - 39세,경기도,국내온라인거래,기타건축자재,청약철회
2023029827,2023-06-12,여자,40 - 49세,대전광역시,모바일거래,도서·음반대여(렌트),계약불이행(불완전이행)
2023029828,2023-06-12,남자,40 - 49세,경기도,국내온라인거래,룸에어컨,청약철회
2023029829,2023-06-12,남자,60 - 64세,서울특별시,국내온라인거래,기타통신기기,청약철회
2023029830,2023-06-12,남자,30 - 39세,서울특별시,국내온라인거래,TV,품질(물품/용역)
2023029831,2023-06-12,남자,40 - 49세,울산광역시,일반판매,기타미분류물품,품질(물품/용역)
2023029832,2023-06-12,남자,50 - 59세,부산광역시,기타통신판매,펜션,계약해제.해지/위약금
2023029833,2023-06-12,여자,50 - 59세,경기도,국내온라인거래,기타사설강습서비스,계약해제.해지/위약금
2023029834,2023-06-12,남자,30 - 39세,경상남도,국내온라인거래,의자,품질(물품/용역)
2023029835,2023-06-12,여자,30 - 39세,서울특별시,일반판매,복사기,계약해제.해지/위약금
2023029836,2023-06-12,남자,30 - 39세,울산광역시,일반판매,예식서비스,계약해제.해지/위약금
2023029837,2023-06-12,여자,40 - 49세,서울특별시,국내온라인거래,정수기대여(렌트),품질(물품/용역)
2023029838,2023-06-12,여자,30 - 39세,서울특별시,국내온라인거래,펜션,청약철회
2023029839,2023-06-12,여자,30 - 39세,경기도,기타,건물청소서비스,부당행위
2023029840,2023-06-12,남자,20 - 29세,인천광역시,기타,펜션,청약철회
2023029841,2023-06-12,여자,50 - 59세,대구광역시,국내온라인거래,코트,청약철회
2023029842,2023-06-12,여자,30 - 39세,경기도,방문판매,기타이·미용서비스,청약철회
2023029843,2023-06-12,남자,70 - 79세,서울특별시,모바일거래,묘목·모종,품질(물품/용역)
2023029844,2023-06-12,여자,30 - 39세,충청북도,일반판매,피부·체형관리서비스,계약해제.해지/위약금
2023029845,2023-06-12,여자,30 - 39세,부산광역시,기타,기타음식관련서비스,부당행위
2023029846,2023-06-12,여자,50 - 59세,충청남도,국내온라인거래,인터넷정보이용서비스,청약철회
2023029847,2023-06-12,남자,30 - 39세,경기도,국내온라인거래,인터넷게임서비스,부당행위
2023029848,2023-06-12,여자,30 - 39세,서울특별시,국내온라인거래,숙녀화(구두·부츠 등),청약철회
2023029849,2023-06-12,여자,40 - 49세,서울특별시,기타,가스에어컨,계약불이행(불완전이행)
2023029850,2023-06-12,여자,20 - 29세,경기도,국내온라인거래,항공여객운송서비스,계약불이행(불완전이행)
2023029851,2023-06-12,남자,40 - 49세,부산광역시,일반판매,도배공사,AS불만
2023029852,2023-06-12,여자,30 - 39세,서울특별시,국내온라인거래,기타민영보험,계약불이행(불완전이행)
2023029853,2023-06-12,여자,40 - 49세,광주광역시,일반판매,각종자격취득강습,계약해제.해지/위약금
2023029854,2023-06-12,여자,40 - 49세,제주도,국내온라인거래,"OTT서비스(넷플릭스,왓챠 등)",품질(물품/용역)
2023029855,2023-06-12,남자,30 - 39세,서울특별시,일반판매,인터넷교육서비스,계약해제.해지/위약금
2023029856,2023-06-12,남자,20 - 29세,대전광역시,소셜커머스(쇼핑),모니터,품질(물품/용역)
2023029857,2023-06-12,여자,20 - 29세,대전광역시,국내온라인거래,인쇄서비스,계약불이행(불완전이행)
2023029858,2023-06-13,남자,30 - 39세,경기도,국내온라인거래,자동차대여(렌트),계약해제.해지/위약금
2023029860,2023-06-13,여자,50 - 59세,충청남도,일반판매,미용서비스,계약해제.해지/위약금
2023029861,2023-06-13,남자,40 - 49세,경기도,일반판매,헬스장,계약해제.해지/위약금
2023029862,2023-06-13,남자,40 - 49세,서울특별시,국내온라인거래,운동화,표시.광고
2023029863,2023-06-13,여자,30 - 39세,대구광역시,국내온라인거래,기타자동차용품,품질(물품/용역)
2023029864,2023-06-13,여자,20 - 29세,전라북도,국내온라인거래,항공여객운송서비스,청약철회
2023029866,2023-06-13,남자,40 - 49세,경기도,기타,정수기대여(렌트),계약해제.해지/위약금
2023029868,2023-06-13,남자,40 - 49세,경기도,국내온라인거래,타이어,계약해제.해지/위약금
2023029869,2023-06-13,남자,30 - 39세,대구광역시,기타,컴퓨터및주변기기대여(렌트),계약불이행(불완전이행)
2023029870,2023-06-13,남자,40 - 49세,경기도,전화권유판매,인터넷교육서비스,거래관행
2023029871,2023-06-13,여자,40 - 49세,서울특별시,국내온라인거래,자동차대여(렌트),부당행위
2023029872,2023-06-13,여자,20 - 29세,서울특별시,모바일거래,카셰어링,AS불만
2023029873,2023-06-13,여자,50 - 59세,부산광역시,전화권유판매,실손보험,계약불이행(불완전이행)
2023029874,2023-06-13,남자,40 - 49세,부산광역시,일반판매,대형승용자동차,품질(물품/용역)
2023029875,2023-06-13,남자,20 - 29세,인천광역시,소셜커머스(쇼핑),전자게임기구,청약철회
2023029876,2023-06-13,여자,20 - 29세,대전광역시,국내온라인거래,항공여객운송서비스,청약철회
2023029877,2023-06-13,여자,20 - 29세,경상남도,국내온라인거래,낚시용품,계약불이행(불완전이행)
2023029878,2023-06-13,남자,40 - 49세,경기도,국내온라인거래,항공여객운송서비스,청약철회
2023029880,2023-06-13,여자,30 - 39세,서울특별시,일반판매,기타의류·섬유,품질(물품/용역)
2023029881,2023-06-13,여자,30 - 39세,충청남도,일반판매,양복(서양식 의복)세탁,품질(물품/용역)
2023029882,2023-06-13,여자,30 - 39세,충청남도,일반판매,양복(서양식 의복)세탁,품질(물품/용역)
2023029883,2023-06-13,여자,30 - 39세,충청남도,일반판매,양복(서양식 의복)세탁,품질(물품/용역)
2023029885,2023-06-09,남자,20 - 29세,경상남도,기타통신판매,시스템에어컨,계약해제.해지/위약금
2023029886,2023-06-09,여자,30 - 39세,서울특별시,국내온라인거래,기타숙박시설,품질(물품/용역)
2023029887,2023-06-09,남자,30 - 39세,경기도,방문판매,결혼준비대행서비스,청약철회
2023029888,2023-06-09,남자,불명,서울특별시,기타,이동전화서비스,계약불이행(불완전이행)
2023029889,2023-06-09,남자,40 - 49세,경기도,일반판매,애완견,계약해제.해지/위약금
2023029890,2023-06-13,여자,30 - 39세,경기도,일반판매,점퍼·재킷류,품질(물품/용역)
2023029891,2023-06-13,여자,30 - 39세,경기도,국내온라인거래,호텔,계약해제.해지/위약금
2023029892,2023-06-13,남자,30 - 39세,경기도,국내온라인거래,모형완구,계약불이행(불완전이행)
2023029893,2023-06-13,남자,70 - 79세,서울특별시,일반판매,안과,품질(물품/용역)
2023029894,2023-06-13,남자,30 - 39세,서울특별시,일반판매,신유형상품권,계약해제.해지/위약금
2023029895,2023-06-13,여자,50 - 59세,부산광역시,국내온라인거래,기타의류·섬유,청약철회
2023029896,2023-06-13,여자,40 - 49세,경상북도,기타통신판매,모바일정보이용서비스,계약해제.해지/위약금
2023029897,2023-06-13,여자,50 - 59세,대구광역시,일반판매,양복(서양식 의복)세탁,품질(물품/용역)
2023029898,2023-06-13,남자,30 - 39세,전라북도,일반판매,골프회원권,계약불이행(불완전이행)
2023029899,2023-06-13,여자,30 - 39세,인천광역시,일반판매,결혼준비대행서비스,계약해제.해지/위약금
2023029901,2023-06-13,여자,40 - 49세,경기도,일반판매,기타간편복,품질(물품/용역)
2023029902,2023-06-13,남자,65 - 69세,대전광역시,일반판매,캐주얼바지,단순문의.상담
2023029903,2023-06-13,남자,50 - 59세,서울특별시,국내온라인거래,여자용내의류,품질(물품/용역)
2023029904,2023-06-13,여자,30 - 39세,경기도,일반판매,포장이사운송서비스,계약해제.해지/위약금
2023029905,2023-06-13,남자,50 - 59세,강원특별자치도,일반판매,이동전화서비스,거래관행
2023029906,2023-06-13,남자,불명,경기도,국내온라인거래,모바일게임서비스,부당행위
2023029907,2023-06-13,여자,40 - 49세,서울특별시,일반판매,양복(서양식 의복)세탁,품질(물품/용역)
2023029908,2023-06-13,여자,50 - 59세,경기도,국내온라인거래,욕실설비,청약철회
2023029909,2023-06-13,남자,50 - 59세,전라북도,국내온라인거래,전기맛사지기,품질(물품/용역)
2023029910,2023-06-13,여자,40 - 49세,경기도,일반판매,양복(서양식 의복)세탁,품질(물품/용역)
2023029911,2023-06-13,남자,30 - 39세,부산광역시,국내온라인거래,욕실설비,품질(물품/용역)
2023029912,2023-06-13,여자,50 - 59세,경기도,일반판매,단독·다가구주택,품질(물품/용역)
2023029913,2023-06-13,남자,50 - 59세,경기도,소셜커머스(쇼핑),라텍스매트리스,단순문의.상담
2023029914,2023-06-13,여자,20 - 29세,충청북도,방문판매,예식서비스,계약해제.해지/위약금
2023029916,2023-06-13,남자,30 - 39세,경기도,모바일거래,자격증교재,품질(물품/용역)
2023029917,2023-06-13,남자,60 - 64세,대구광역시,일반판매,안과,품질(물품/용역)
2023029918,2023-06-13,남자,40 - 49세,경기도,일반판매,건물청소서비스,계약불이행(불완전이행)
2023029919,2023-06-13,여자,80세이상,충청남도,일반판매,외과,품질(물품/용역)
2023029920,2023-06-13,남자,30 - 39세,서울특별시,일반판매,건강(암·기타질병)보험,약관
2023029921,2023-06-13,여자,80세이상,충청남도,일반판매,전기온수장판,안전(제품/시설)
2023029922,2023-06-13,남자,50 - 59세,서울특별시,국내온라인거래,국외여행,계약불이행(불완전이행)
2023029923,2023-06-13,남자,50 - 59세,경상남도,전화권유판매,유사투자자문,계약해제.해지/위약금
2023029924,2023-06-13,여자,40 - 49세,경상북도,일반판매,기타문화용품,계약해제.해지/위약금
2023029925,2023-06-13,여자,30 - 39세,경기도,국내온라인거래,여자용내의류,청약철회
2023029926,2023-06-13,남자,40 - 49세,충청남도,일반판매,치과,품질(물품/용역)
2023029927,2023-06-13,여자,65 - 69세,경기도,일반판매,산부인과,품질(물품/용역)
2023029928,2023-06-13,여자,30 - 39세,경기도,모바일거래,항공여객운송서비스,계약불이행(불완전이행)
2023029929,2023-06-13,여자,30 - 39세,서울특별시,국내온라인거래,기타일반화장품,품질(물품/용역)
2023029930,2023-06-13,남자,40 - 49세,경기도,국내온라인거래,운동화,표시.광고
2023029931,2023-06-13,남자,20 - 29세,경기도,일반판매,자동차수리·점검,AS불만
2023029932,2023-06-13,남자,50 - 59세,서울특별시,국내온라인거래,레인지후드,계약불이행(불완전이행)
2023029933,2023-06-13,여자,30 - 39세,경기도,일반판매,일반강습(입시학원등),계약해제.해지/위약금
2023029934,2023-06-13,여자,40 - 49세,대구광역시,소셜커머스(쇼핑),숙녀화(구두·부츠 등),청약철회
2023029935,2023-06-13,남자,70 - 79세,경상북도,일반판매,소형화물자동차,품질(물품/용역)
2023029936,2023-06-13,남자,60 - 64세,경기도,일반판매,전기밥솥,품질(물품/용역)
2023029937,2023-06-13,여자,60 - 64세,인천광역시,일반판매,보청기,품질(물품/용역)
2023029938,2023-06-13,남자,20 - 29세,경기도,일반판매,외식,가격.요금
2023029939,2023-06-13,여자,40 - 49세,인천광역시,기타,취업·이민알선,계약불이행(불완전이행)
2023029940,2023-06-13,남자,40 - 49세,경상북도,국내온라인거래,양복(서양식 의복)세탁,품질(물품/용역)
2023029941,2023-06-13,남자,30 - 39세,대구광역시,TV홈쇼핑,음식물처리기대여(렌트),계약불이행(불완전이행)
2023029942,2023-06-13,남자,20 - 29세,광주광역시,일반판매,헬스장,계약해제.해지/위약금
2023029943,2023-06-13,남자,70 - 79세,충청북도,일반판매,포장이사운송서비스,품질(물품/용역)
2023029944,2023-06-13,여자,30 - 39세,강원특별자치도,국내온라인거래,양복(서양식 의복)세탁,품질(물품/용역)
2023029945,2023-06-13,남자,불명,서울특별시,국내온라인거래,기타인테리어설비,청약철회
2023029946,2023-06-13,남자,30 - 39세,대전광역시,기타통신판매,의자,품질(물품/용역)
2023029947,2023-06-13,남자,20 - 29세,경기도,일반판매,헬스장,계약불이행(불완전이행)
2023029948,2023-06-13,여자,40 - 49세,서울특별시,일반판매,티셔츠,품질(물품/용역)
2023029950,2023-06-13,남자,불명,서울특별시,국내온라인거래,기타인테리어설비,계약해제.해지/위약금
2023029951,2023-06-13,남자,불명,서울특별시,일반판매,커튼,청약철회
2023029952,2023-06-13,여자,70 - 79세,전라남도,기타,호텔,계약해제.해지/위약금
2023029953,2023-06-13,여자,70 - 79세,경기도,일반판매,냉장고,품질(물품/용역)
2023029954,2023-06-13,남자,30 - 39세,서울특별시,일반판매,소프트웨어,계약해제.해지/위약금
2023029955,2023-06-13,남자,30 - 39세,부산광역시,모바일거래,기타투자상품,계약불이행(불완전이행)
2023029956,2023-06-13,여자,65 - 69세,서울특별시,일반판매,룸에어컨,AS불만
2023029957,2023-06-13,여자,20 - 29세,경기도,일반판매,티셔츠,품질(물품/용역)
2023029958,2023-06-13,여자,30 - 39세,대전광역시,일반판매,점퍼·재킷류,품질(물품/용역)
2023029959,2023-06-13,여자,불명,부산광역시,모바일거래,기타투자상품,계약불이행(불완전이행)
2023029960,2023-06-13,여자,40 - 49세,경기도,국내온라인거래,옷장,계약불이행(불완전이행)
2023029961,2023-06-13,남자,40 - 49세,서울특별시,모바일거래,자동차주차장,계약해제.해지/위약금
2023029962,2023-06-13,여자,40 - 49세,강원특별자치도,일반판매,캐주얼바지,품질(물품/용역)
2023029963,2023-06-13,여자,30 - 39세,경기도,기타,기타예식관련서비스,계약해제.해지/위약금
2023029964,2023-06-13,남자,(미입력),부산광역시,일반판매,필라테스,계약해제.해지/위약금
2023029965,2023-06-13,여자,20 - 29세,서울특별시,일반판매,양복(서양식 의복)세탁,품질(물품/용역)
2023029966,2023-06-13,여자,20 - 29세,서울특별시,일반판매,양복(서양식 의복)세탁,품질(물품/용역)
2023029967,2023-06-13,남자,30 - 39세,서울특별시,국내온라인거래,피혁세탁,품질(물품/용역)
2023029969,2023-06-13,여자,30 - 39세,서울특별시,전화권유판매,인터넷교육서비스,계약해제.해지/위약금
2023029970,2023-06-13,여자,30 - 39세,대구광역시,국내온라인거래,항공여객운송서비스,계약해제.해지/위약금
2023029971,2023-06-13,여자,40 - 49세,서울특별시,일반판매,스마트폰,품질(물품/용역)
2023029972,2023-06-13,여자,30 - 39세,서울특별시,국내온라인거래,화장품세트,계약불이행(불완전이행)
2023029974,2023-06-13,남자,20 - 29세,경상북도,국내온라인거래,퍼스널컴퓨터,청약철회
2023029975,2023-06-13,남자,20 - 29세,경기도,국내온라인거래,호텔,품질(물품/용역)
2023029976,2023-06-13,여자,40 - 49세,대구광역시,일반판매,이동전화서비스,계약불이행(불완전이행)
2023029977,2023-06-13,남자,20 - 29세,서울특별시,국내온라인거래,메모리,청약철회
2023029978,2023-06-13,남자,40 - 49세,부산광역시,기타통신판매,인터넷정보이용서비스,계약해제.해지/위약금
2023029979,2023-06-13,남자,60 - 64세,서울특별시,국내온라인거래,식탁,청약철회
2023029980,2023-06-13,남자,40 - 49세,경기도,국내온라인거래,셔츠,청약철회
2023029981,2023-06-13,여자,60 - 64세,대전광역시,기타,사과,청약철회
2023029982,2023-06-13,여자,40 - 49세,경기도,일반판매,가구세트,계약해제.해지/위약금
2023029983,2023-06-13,남자,30 - 39세,서울특별시,국내온라인거래,운동화,청약철회
2023029984,2023-06-13,여자,40 - 49세,경기도,방문판매,인터넷교육서비스,계약해제.해지/위약금
2023029985,2023-06-13,여자,30 - 39세,경기도,전화권유판매,모바일정보이용서비스,계약해제.해지/위약금
2023029986,2023-06-13,남자,40 - 49세,경기도,일반판매,이동전화서비스,부당채권추심
2023029987,2023-06-13,남자,50 - 59세,경기도,일반판매,오피스텔,계약해제.해지/위약금
2023029988,2023-06-13,여자,40 - 49세,인천광역시,국내온라인거래,전기맛사지기,품질(물품/용역)
2023029989,2023-06-13,남자,20 - 29세,부산광역시,국내온라인거래,헤드폰·이어폰,AS불만
2023029990,2023-06-13,남자,20 - 29세,경상남도,일반판매,택배화물운송서비스,계약불이행(불완전이행)
2023029991,2023-06-13,여자,20 - 29세,서울특별시,일반판매,헬스장,계약해제.해지/위약금
2023029992,2023-06-13,여자,70 - 79세,충청북도,일반판매,음식물처리기대여(렌트),품질(물품/용역)
2023029993,2023-06-13,남자,30 - 39세,경기도,국내온라인거래,매트,청약철회
2023029994,2023-06-13,남자,30 - 39세,경기도,모바일거래,기타신발·용품,계약불이행(불완전이행)
2023029995,2023-06-13,여자,30 - 39세,서울특별시,일반판매,헬스장,계약해제.해지/위약금
2023029996,2023-06-13,남자,30 - 39세,광주광역시,소셜커머스(쇼핑),전기충전기,안전(제품/시설)
2023029997,2023-06-13,여자,30 - 39세,부산광역시,국내온라인거래,사진촬영,계약불이행(불완전이행)
2023029998,2023-06-13,여자,50 - 59세,서울특별시,일반판매,기타가구,AS불만
2023029999,2023-06-13,남자,40 - 49세,경기도,국내온라인거래,기타스포츠·레저기구·용품,품질(물품/용역)
2023030000,2023-06-13,여자,20 - 29세,인천광역시,일반판매,일반강습(입시학원등),계약해제.해지/위약금
2023030001,2023-06-13,여자,30 - 39세,충청북도,방문판매,헬스장,계약해제.해지/위약금
2023030002,2023-06-13,여자,40 - 49세,경기도,국내온라인거래,기타의류·섬유,부당행위
2023030003,2023-06-13,여자,20 - 29세,서울특별시,모바일거래,기타숙박시설,계약해제.해지/위약금
2023030004,2023-06-13,남자,40 - 49세,경기도,국내온라인거래,기타신변용품,부당행위
2023030005,2023-06-13,남자,50 - 59세,광주광역시,국내온라인거래,기타보건·위생용품,청약철회
2023030006,2023-06-13,남자,20 - 29세,광주광역시,국내온라인거래,베개,청약철회
2023030007,2023-06-13,여자,40 - 49세,서울특별시,국내온라인거래,보석·귀금속,청약철회
2023030008,2023-06-13,여자,20 - 29세,강원특별자치도,국내온라인거래,항공여객운송서비스,계약해제.해지/위약금
2023030009,2023-06-13,남자,50 - 59세,대전광역시,국제온라인거래,항공여객운송서비스,계약해제.해지/위약금
2023030010,2023-06-13,남자,30 - 39세,서울특별시,국내온라인거래,전자담배,품질(물품/용역)
2023030011,2023-06-13,여자,30 - 39세,경기도,일반판매,헬스장,계약해제.해지/위약금
2023030012,2023-06-13,남자,30 - 39세,서울특별시,일반판매,골프회원권,계약해제.해지/위약금
2023030013,2023-06-13,남자,30 - 39세,제주도,일반판매,헬스장,계약해제.해지/위약금
2023030014,2023-06-13,여자,30 - 39세,경기도,방문판매,기타건강식품,부당행위
2023030015,2023-06-13,남자,30 - 39세,경기도,국내온라인거래,운동화,품질(물품/용역)
2023030016,2023-06-13,여자,30 - 39세,경기도,국제온라인거래,항공여객운송서비스,계약해제.해지/위약금
2023030017,2023-06-13,여자,50 - 59세,경기도,기타통신판매,응접테이블,계약불이행(불완전이행)
2023030018,2023-06-13,남자,40 - 49세,경기도,방문판매,학습지,계약해제.해지/위약금
2023030019,2023-06-13,여자,30 - 39세,서울특별시,국내온라인거래,음식물처리기,품질(물품/용역)
2023030020,2023-06-13,여자,30 - 39세,서울특별시,일반판매,기타회원권,계약해제.해지/위약금
2023030021,2023-06-13,여자,10 - 19세,전라북도,국내온라인거래,셔츠,청약철회
2023030022,2023-06-13,여자,20 - 29세,대구광역시,일반판매,헬스장,계약해제.해지/위약금
2023030023,2023-06-13,남자,40 - 49세,경상북도,소셜커머스(쇼핑),CPU,계약불이행(불완전이행)
2023030024,2023-06-13,남자,40 - 49세,서울특별시,일반판매,골프회원권,계약해제.해지/위약금
2023030025,2023-06-13,남자,30 - 39세,서울특별시,국내온라인거래,기타스포츠·레저기구·용품,품질(물품/용역)
2023030026,2023-06-13,여자,30 - 39세,충청남도,모바일거래,숙녀화(구두·부츠 등),청약철회
2023030027,2023-06-13,남자,30 - 39세,경기도,방문판매,보석·귀금속,청약철회
2023030028,2023-06-13,여자,30 - 39세,경기도,일반판매,일반강습(입시학원등),계약해제.해지/위약금
2023030029,2023-06-13,남자,30 - 39세,서울특별시,국내온라인거래,스포츠웨어,청약철회
2023030030,2023-06-13,남자,60 - 64세,경기도,국제온라인거래,헤드폰·이어폰,청약철회
2023030031,2023-06-13,여자,30 - 39세,서울특별시,국내온라인거래,각종공연관람,계약해제.해지/위약금
2023030032,2023-06-13,남자,50 - 59세,서울특별시,소셜커머스(쇼핑),기타식품류,계약불이행(불완전이행)
2023030033,2023-06-13,여자,40 - 49세,경기도,일반판매,스포츠웨어,청약철회
2023030034,2023-06-13,여자,40 - 49세,서울특별시,국내온라인거래,기타숙박시설,계약불이행(불완전이행)
2023030035,2023-06-13,여자,20 - 29세,서울특별시,전화권유판매,인터넷정보이용서비스,계약불이행(불완전이행)
2023030036,2023-06-13,남자,50 - 59세,인천광역시,국내온라인거래,항공여객운송서비스,계약해제.해지/위약금
2023030037,2023-06-13,남자,20 - 29세,부산광역시,일반판매,골프용품,품질(물품/용역)
2023030038,2023-06-13,남자,40 - 49세,인천광역시,기타,영화관람,계약불이행(불완전이행)
2023030039,2023-06-13,여자,30 - 39세,전라남도,일반판매,기타미분류물품,계약해제.해지/위약금
2023030040,2023-06-13,여자,30 - 39세,제주도,일반판매,헬스장,계약해제.해지/위약금
2023030041,2023-06-13,남자,30 - 39세,서울특별시,국내온라인거래,항공여객운송서비스,계약해제.해지/위약금
2023030042,2023-06-13,여자,30 - 39세,대구광역시,국내온라인거래,USB,청약철회
2023030043,2023-06-13,여자,30 - 39세,경기도,모바일거래,기타숙박시설,안전(제품/시설)
2023030044,2023-06-13,여자,20 - 29세,인천광역시,기타통신판매,택시여객운송서비스,계약불이행(불완전이행)
2023030045,2023-06-13,남자,20 - 29세,경상남도,국내온라인거래,티셔츠,청약철회
2023030046,2023-06-13,여자,40 - 49세,충청북도,국내온라인거래,여자용내의류,청약철회
2023030047,2023-06-13,남자,40 - 49세,서울특별시,국내온라인거래,호텔,청약철회
2023030048,2023-06-13,여자,40 - 49세,서울특별시,국내온라인거래,기타미분류서비스,계약해제.해지/위약금
2023030049,2023-06-13,여자,30 - 39세,서울특별시,방문판매,기타사설강습서비스,계약해제.해지/위약금
2023030050,2023-06-13,여자,20 - 29세,경기도,일반판매,필라테스,계약해제.해지/위약금
2023030051,2023-06-13,여자,40 - 49세,부산광역시,전화권유판매,기타여행,계약해제.해지/위약금
2023030052,2023-06-13,여자,30 - 39세,경기도,일반판매,필라테스,계약해제.해지/위약금
2023030053,2023-06-13,여자,20 - 29세,서울특별시,모바일거래,요가,계약해제.해지/위약금
2023030054,2023-06-13,여자,30 - 39세,서울특별시,모바일거래,"OTT서비스(넷플릭스,왓챠 등)",계약해제.해지/위약금
2023030055,2023-06-13,남자,30 - 39세,대구광역시,일반판매,골프용품,품질(물품/용역)
2023030056,2023-06-13,여자,30 - 39세,경상남도,국내온라인거래,선어(생선),계약불이행(불완전이행)
2023030057,2023-06-13,여자,40 - 49세,경상남도,기타,택배화물운송서비스,품질(물품/용역)
2023030058,2023-06-13,여자,30 - 39세,경기도,일반판매,헬스장,계약해제.해지/위약금
2023030059,2023-06-13,여자,20 - 29세,인천광역시,일반판매,결혼준비대행서비스,청약철회
2023030060,2023-06-13,여자,40 - 49세,경기도,국내온라인거래,캐주얼바지,청약철회
2023030061,2023-06-13,남자,60 - 64세,인천광역시,소셜커머스(쇼핑),선풍기,품질(물품/용역)
2023030062,2023-06-13,여자,30 - 39세,경기도,전화권유판매,기타인터넷기반서비스,부당행위
2023030063,2023-06-13,여자,20 - 29세,경기도,국내온라인거래,김치냉장고,표시.광고
2023030064,2023-06-13,남자,30 - 39세,울산광역시,국내온라인거래,호텔,계약불이행(불완전이행)
2023030065,2023-06-13,여자,30 - 39세,인천광역시,소셜커머스(쇼핑),호텔,청약철회
2023030066,2023-06-13,여자,40 - 49세,경기도,일반판매,헬스장,계약해제.해지/위약금
2023030067,2023-06-13,남자,30 - 39세,경상북도,방문판매,레저·이벤트회원권,계약해제.해지/위약금
2023030068,2023-06-13,남자,20 - 29세,경기도,국내온라인거래,블라우스,계약불이행(불완전이행)
2023030069,2023-06-13,여자,30 - 39세,경기도,국내온라인거래,기타서적음반류,청약철회
2023030070,2023-06-13,여자,20 - 29세,인천광역시,일반판매,헬스장,계약해제.해지/위약금
2023030071,2023-06-13,여자,30 - 39세,부산광역시,국내온라인거래,캐주얼바지,청약철회
2023030072,2023-06-13,남자,20 - 29세,경상남도,국내온라인거래,여행용가방,계약해제.해지/위약금
2023030073,2023-06-13,남자,50 - 59세,경기도,국내온라인거래,천연피혁의류,표시.광고
2023030074,2023-06-13,여자,30 - 39세,경기도,국내온라인거래,도색공사,계약해제.해지/위약금
2023030075,2023-06-13,여자,30 - 39세,서울특별시,국내온라인거래,인터넷교육서비스,계약해제.해지/위약금
2023030076,2023-06-13,여자,20 - 29세,경기도,일반판매,기타사설강습서비스,계약해제.해지/위약금
2023030077,2023-06-13,여자,50 - 59세,광주광역시,소셜커머스(쇼핑),기타세정제·탈취제,청약철회
2023030078,2023-06-13,여자,40 - 49세,경기도,일반판매,기타사설강습서비스,계약해제.해지/위약금
2023030079,2023-06-13,남자,30 - 39세,경기도,일반판매,도배공사,AS불만
2023030080,2023-06-13,남자,30 - 39세,경기도,전화권유판매,국제결혼중개,품질(물품/용역)
2023030081,2023-06-13,남자,20 - 29세,대구광역시,일반판매,의자,AS불만
2023030082,2023-06-13,여자,30 - 39세,인천광역시,일반판매,냉장고,계약불이행(불완전이행)
2023030084,2023-06-14,남자,40 - 49세,제주도,일반판매,중형승용자동차,품질(물품/용역)
2023030085,2023-06-14,여자,30 - 39세,경기도,전화권유판매,인터넷정보이용서비스,계약불이행(불완전이행)
2023030086,2023-06-14,여자,60 - 64세,경기도,전화권유판매,기타건강식품,청약철회
2023030087,2023-06-14,남자,20 - 29세,대구광역시,일반판매,탁주,안전(제품/시설)
2023030088,2023-06-14,남자,40 - 49세,서울특별시,국내온라인거래,자동차주차장,계약해제.해지/위약금
2023030089,2023-06-14,여자,30 - 39세,경상북도,기타통신판매,이동전화서비스,약관
2023030090,2023-06-14,남자,30 - 39세,인천광역시,기타,스팀다리미,AS불만
2023030091,2023-06-14,여자,20 - 29세,충청북도,일반판매,영화관람,계약해제.해지/위약금
2023030092,2023-06-14,여자,40 - 49세,경기도,일반판매,해외유학알선,계약해제.해지/위약금
2023030093,2023-06-14,여자,50 - 59세,경기도,일반판매,피부·체형관리서비스,계약불이행(불완전이행)
2023030094,2023-06-14,여자,20 - 29세,경기도,모바일거래,항공여객운송서비스,계약해제.해지/위약금
2023030095,2023-06-14,여자,30 - 39세,부산광역시,일반판매,운동화,품질(물품/용역)
2023030096,2023-06-14,남자,20 - 29세,강원특별자치도,국내온라인거래,신발세탁,계약불이행(불완전이행)
2023030097,2023-06-14,여자,50 - 59세,경기도,일반판매,등산화,품질(물품/용역)
2023030098,2023-06-14,여자,60 - 64세,경기도,일반판매,생활패션화(슬립온·아쿠아슈즈·장화·작업화 등),품질(물품/용역)
2023030099,2023-06-14,여자,40 - 49세,광주광역시,국내온라인거래,숙녀화(구두·부츠 등),품질(물품/용역)
2023030101,2023-06-14,여자,50 - 59세,광주광역시,일반판매,성형외과,품질(물품/용역)
2023030102,2023-06-14,남자,50 - 59세,경기도,국내온라인거래,냄비,청약철회
2023030104,2023-06-14,남자,20 - 29세,인천광역시,기타통신판매,룸에어컨,표시.광고
2023030105,2023-06-14,남자,40 - 49세,경기도,국내온라인거래,껌,계약불이행(불완전이행)
2023030106,2023-06-14,남자,30 - 39세,경기도,국내온라인거래,선풍기,품질(물품/용역)
2023030107,2023-06-14,여자,30 - 39세,서울특별시,기타통신판매,이동전화서비스,약관
2023030108,2023-06-14,남자,30 - 39세,서울특별시,일반판매,이동전화서비스,부당행위
2023030109,2023-06-14,여자,30 - 39세,경기도,국내온라인거래,각종공연관람,계약불이행(불완전이행)
2023030110,2023-06-14,여자,30 - 39세,서울특별시,일반판매,이동전화서비스,부당행위
2023030111,2023-06-14,남자,30 - 39세,경기도,국내온라인거래,CD·LD·DVD(영화·음악·게임),청약철회
2023030112,2023-06-14,남자,50 - 59세,경기도,전화권유판매,인터넷교육서비스,AS불만
2023030113,2023-06-14,남자,불명,서울특별시,일반판매,보증보험,계약불이행(불완전이행)
2023030114,2023-06-14,여자,50 - 59세,경기도,일반판매,피혁세탁,품질(물품/용역)
2023030115,2023-06-14,남자,30 - 39세,충청남도,국내온라인거래,자동차대여(렌트),부당행위
2023030116,2023-06-14,여자,30 - 39세,서울특별시,국내온라인거래,선풍기,품질(물품/용역)
2023030117,2023-06-14,남자,20 - 29세,경상남도,국내온라인거래,기타컴퓨터·주변기기,계약불이행(불완전이행)
2023030118,2023-06-14,남자,50 - 59세,경기도,방문판매,헬스장,계약해제.해지/위약금
2023030119,2023-06-14,남자,40 - 49세,부산광역시,일반판매,핸드백,품질(물품/용역)
2023030120,2023-06-14,남자,30 - 39세,인천광역시,국내온라인거래,호텔,품질(물품/용역)
2023030121,2023-06-14,남자,20 - 29세,부산광역시,일반판매,헬스장,계약해제.해지/위약금
2023030122,2023-06-14,여자,30 - 39세,대구광역시,기타통신판매,신유형상품권,청약철회
2023030123,2023-06-14,여자,65 - 69세,경상북도,일반판매,티셔츠,품질(물품/용역)
2023030124,2023-06-14,여자,20 - 29세,인천광역시,일반판매,피부·체형관리서비스,계약해제.해지/위약금
2023030125,2023-06-14,여자,50 - 59세,경기도,일반판매,양복(서양식 의복)세탁,품질(물품/용역)
2023030127,2023-06-14,여자,30 - 39세,경기도,일반판매,샌들·슬리퍼,품질(물품/용역)
2023030128,2023-06-14,여자,40 - 49세,경기도,국내온라인거래,운동화,품질(물품/용역)
2023030129,2023-06-14,남자,30 - 39세,경기도,일반판매,숙녀화(구두·부츠 등),품질(물품/용역)
2023030130,2023-06-14,남자,40 - 49세,서울특별시,일반판매,운동화,품질(물품/용역)
2023030131,2023-06-14,남자,40 - 49세,경상북도,국내온라인거래,운동화,품질(물품/용역)
2023030132,2023-06-14,여자,40 - 49세,서울특별시,일반판매,포장이사운송서비스,계약불이행(불완전이행)
2023030133,2023-06-14,여자,40 - 49세,충청남도,일반판매,양복(서양식 의복)세탁,품질(물품/용역)
2023030134,2023-06-14,남자,60 - 64세,충청남도,일반판매,양복(서양식 의복)세탁,품질(물품/용역)
2023030135,2023-06-14,여자,30 - 39세,경기도,방문판매,인터넷교육서비스,계약해제.해지/위약금
2023030136,2023-06-14,남자,30 - 39세,경기도,국내온라인거래,기타자동차부품,표시.광고
2023030137,2023-06-14,여자,65 - 69세,경상북도,일반판매,국내결혼중개,계약해제.해지/위약금
2023030138,2023-06-14,남자,40 - 49세,서울특별시,일반판매,스마트폰,품질(물품/용역)
2023030139,2023-06-14,여자,20 - 29세,경기도,일반판매,예식서비스,계약해제.해지/위약금
2023030140,2023-06-14,남자,50 - 59세,서울특별시,국내온라인거래,전기압력밥솥,품질(물품/용역)
2023030141,2023-06-14,여자,20 - 29세,경기도,방문판매,보석·귀금속,계약해제.해지/위약금
2023030142,2023-06-14,남자,30 - 39세,경기도,국내온라인거래,룸에어컨,계약불이행(불완전이행)
2023030143,2023-06-14,남자,30 - 39세,전라북도,소셜커머스(쇼핑),오존살균기,품질(물품/용역)
2023030145,2023-06-14,남자,65 - 69세,경상북도,일반판매,유선방송,계약불이행(불완전이행)
2023030146,2023-06-14,여자,80세이상,서울특별시,방문판매,건강(암·기타질병)보험,약관
2023030147,2023-06-14,여자,30 - 39세,전라남도,일반판매,기타가방,품질(물품/용역)
2023030148,2023-06-14,남자,불명,서울특별시,일반판매,모자,품질(물품/용역)
2023030149,2023-06-14,남자,30 - 39세,대전광역시,일반판매,중형승용자동차,품질(물품/용역)
2023030150,2023-06-14,남자,40 - 49세,서울특별시,국내온라인거래,영화관람,청약철회
2023030152,2023-06-14,남자,30 - 39세,서울특별시,기타통신판매,모바일정보이용서비스,청약철회
2023030153,2023-06-14,남자,30 - 39세,경기도,국내온라인거래,점퍼·재킷류,품질(물품/용역)
2023030154,2023-06-14,여자,불명,경상북도,일반판매,핸드백,품질(물품/용역)
2023030155,2023-06-14,여자,30 - 39세,충청북도,일반판매,신발세탁,계약불이행(불완전이행)
2023030156,2023-06-14,남자,60 - 64세,경기도,일반판매,헬스장,계약해제.해지/위약금
2023030157,2023-06-14,남자,30 - 39세,강원특별자치도,국내온라인거래,항공여객운송서비스,계약해제.해지/위약금
2023030158,2023-06-14,남자,50 - 59세,충청남도,국내온라인거래,항공여객운송서비스,계약해제.해지/위약금
2023030159,2023-06-14,여자,40 - 49세,경기도,기타통신판매,사진촬영,계약해제.해지/위약금
2023030160,2023-06-14,여자,65 - 69세,부산광역시,일반판매,수도꼭지,품질(물품/용역)
2023030161,2023-06-14,여자,30 - 39세,경기도,전화권유판매,인터넷정보이용서비스,계약해제.해지/위약금
2023030162,2023-06-14,남자,30 - 39세,경기도,기타통신판매,식사배달,계약불이행(불완전이행)
2023030163,2023-06-14,여자,40 - 49세,부산광역시,일반판매,핸드백,품질(물품/용역)
2023030164,2023-06-14,여자,40 - 49세,서울특별시,국내온라인거래,생활패션화(슬립온·아쿠아슈즈·장화·작업화 등),품질(물품/용역)
2023030165,2023-06-14,여자,40 - 49세,부산광역시,모바일거래,운동화,품질(물품/용역)
2023030166,2023-06-14,여자,50 - 59세,경기도,일반판매,아파트,계약불이행(불완전이행)
2023030167,2023-06-14,남자,30 - 39세,충청남도,일반판매,고시원이용,계약해제.해지/위약금
2023030168,2023-06-14,남자,40 - 49세,충청북도,일반판매,운동화,품질(물품/용역)
2023030169,2023-06-14,남자,30 - 39세,경기도,국내온라인거래,펜션,청약철회
2023030170,2023-06-14,여자,40 - 49세,서울특별시,일반판매,숙녀복하의,품질(물품/용역)
2023030171,2023-06-14,여자,30 - 39세,인천광역시,일반판매,예식서비스,계약해제.해지/위약금
2023030172,2023-06-14,여자,40 - 49세,경상북도,국내온라인거래,기타가구,품질(물품/용역)
2023030173,2023-06-14,여자,20 - 29세,대전광역시,국내온라인거래,운동화,표시.광고
2023030174,2023-06-14,남자,60 - 64세,경상북도,일반판매,자동차대여(렌트),부당행위
2023030175,2023-06-14,남자,65 - 69세,부산광역시,일반판매,운동화,품질(물품/용역)
2023030176,2023-06-14,여자,30 - 39세,부산광역시,모바일거래,모바일게임서비스,계약해제.해지/위약금
2023030177,2023-06-14,남자,50 - 59세,울산광역시,기타통신판매,펜션,계약해제.해지/위약금
2023030178,2023-06-14,여자,20 - 29세,서울특별시,국내온라인거래,헬스장,계약해제.해지/위약금
2023030179,2023-06-14,여자,20 - 29세,전라북도,일반판매,신발세탁,계약불이행(불완전이행)
2023030180,2023-06-14,여자,30 - 39세,제주도,국내온라인거래,기타모피·가죽의류,품질(물품/용역)
2023030181,2023-06-14,남자,70 - 79세,인천광역시,일반판매,피부과,품질(물품/용역)
2023030182,2023-06-14,여자,30 - 39세,경기도,일반판매,가정의학과,품질(물품/용역)
2023030183,2023-06-14,여자,불명,대구광역시,일반판매,필라테스,계약해제.해지/위약금
2023030184,2023-06-14,여자,30 - 39세,경기도,국내온라인거래,아동용내의류,청약철회
2023030185,2023-06-14,남자,30 - 39세,경기도,모바일거래,신유형상품권,부당행위
2023030186,2023-06-14,남자,불명,서울특별시,모바일거래,모바일정보이용서비스,청약철회
2023030187,2023-06-14,남자,60 - 64세,경상북도,일반판매,국외여행,가격.요금
2023030188,2023-06-14,여자,30 - 39세,충청남도,국내온라인거래,점퍼·재킷류,품질(물품/용역)
2023030189,2023-06-14,여자,30 - 39세,경상남도,국내온라인거래,전기진공청소기,계약불이행(불완전이행)
2023030190,2023-06-14,여자,40 - 49세,광주광역시,전화권유판매,모바일정보이용서비스,계약불이행(불완전이행)
2023030191,2023-06-14,여자,30 - 39세,경기도,국내온라인거래,기타숙박시설,계약해제.해지/위약금
2023030192,2023-06-14,여자,50 - 59세,경기도,일반판매,스커트,품질(물품/용역)
2023030193,2023-06-14,여자,20 - 29세,경기도,국내온라인거래,각종공연관람,청약철회
2023030194,2023-06-14,여자,40 - 49세,경기도,방문판매,헬스장,계약해제.해지/위약금
2023030195,2023-06-14,여자,40 - 49세,인천광역시,국내온라인거래,기타가방,청약철회
2023030196,2023-06-14,여자,20 - 29세,서울특별시,일반판매,헬스장,계약해제.해지/위약금
2023030197,2023-06-14,남자,40 - 49세,인천광역시,국내온라인거래,전기세탁기,품질(물품/용역)
2023030198,2023-06-14,여자,30 - 39세,경기도,국내온라인거래,헬스장,계약해제.해지/위약금
2023030199,2023-06-14,남자,30 - 39세,경기도,방문판매,콘센트,계약불이행(불완전이행)
2023030200,2023-06-14,여자,40 - 49세,충청남도,일반판매,기타미분류물품,품질(물품/용역)
2023030201,2023-06-14,남자,40 - 49세,서울특별시,일반판매,이동전화서비스,품질(물품/용역)
2023030202,2023-06-14,여자,40 - 49세,인천광역시,국내온라인거래,여자용내의류,계약불이행(불완전이행)
2023030203,2023-06-14,여자,30 - 39세,서울특별시,국내온라인거래,항공여객운송서비스,계약해제.해지/위약금
2023030204,2023-06-14,여자,40 - 49세,광주광역시,기타,일반강습(입시학원등),계약해제.해지/위약금
2023030205,2023-06-14,여자,30 - 39세,대구광역시,일반판매,필라테스,계약해제.해지/위약금
2023030208,2023-06-14,여자,30 - 39세,인천광역시,국내온라인거래,원피스,청약철회
2023030209,2023-06-14,여자,30 - 39세,서울특별시,방문판매,바닥재·마루공사,AS불만
2023030210,2023-06-14,여자,40 - 49세,세종특별자치시,국내온라인거래,책장·서가,품질(물품/용역)
2023030211,2023-06-14,여자,30 - 39세,전라북도,일반판매,필라테스,계약해제.해지/위약금
2023030212,2023-06-14,여자,30 - 39세,서울특별시,일반판매,국내결혼중개,청약철회
2023030213,2023-06-14,남자,30 - 39세,서울특별시,국내온라인거래,전자게임기구,청약철회
2023030214,2023-06-14,남자,30 - 39세,경기도,일반판매,헬스장,계약해제.해지/위약금
2023030215,2023-06-14,남자,20 - 29세,광주광역시,방문판매,헬스장,계약해제.해지/위약금
2023030216,2023-06-14,남자,30 - 39세,대전광역시,일반판매,필라테스,계약해제.해지/위약금
2023030217,2023-06-14,여자,20 - 29세,부산광역시,방문판매,헬스장,계약해제.해지/위약금
2023030218,2023-06-14,남자,20 - 29세,서울특별시,국내온라인거래,기타스포츠·레저기구·용품,계약해제.해지/위약금
2023030219,2023-06-14,남자,30 - 39세,강원특별자치도,국내온라인거래,보조배터리,안전(제품/시설)
2023030220,2023-06-14,여자,40 - 49세,부산광역시,국내온라인거래,인쇄서비스,계약불이행(불완전이행)
2023030221,2023-06-14,여자,30 - 39세,경기도,일반판매,스마트폰,AS불만
2023030222,2023-06-14,남자,30 - 39세,경기도,일반판매,이동전화서비스,가격.요금
2023030223,2023-06-14,여자,40 - 49세,서울특별시,방문판매,필라테스,계약해제.해지/위약금
2023030224,2023-06-14,남자,50 - 59세,경기도,국내온라인거래,인덕션레인지,품질(물품/용역)
2023030225,2023-06-14,남자,30 - 39세,충청북도,모바일거래,기타의류·섬유,계약불이행(불완전이행)
2023030226,2023-06-14,여자,20 - 29세,광주광역시,일반판매,기타약품,안전(제품/시설)
2023030227,2023-06-14,남자,20 - 29세,경기도,국내온라인거래,항공여객운송서비스,계약해제.해지/위약금
2023030228,2023-06-14,여자,30 - 39세,서울특별시,국내온라인거래,신유형상품권,계약불이행(불완전이행)
2023030229,2023-06-14,남자,30 - 39세,충청북도,국내온라인거래,보석·귀금속,청약철회
2023030230,2023-06-14,여자,30 - 39세,서울특별시,국내온라인거래,상품권,계약불이행(불완전이행)
2023030231,2023-06-14,여자,30 - 39세,서울특별시,기타통신판매,미용서비스,계약해제.해지/위약금
2023030232,2023-06-14,남자,50 - 59세,경상남도,모바일거래,모바일정보이용서비스,부당행위
2023030233,2023-06-14,남자,20 - 29세,서울특별시,국내온라인거래,기타사설강습서비스,계약해제.해지/위약금
2023030234,2023-06-14,남자,40 - 49세,부산광역시,국내온라인거래,조립완구,청약철회
2023030235,2023-06-14,남자,20 - 29세,경상남도,국내온라인거래,헤드폰·이어폰,청약철회
2023030236,2023-06-14,남자,20 - 29세,부산광역시,국내온라인거래,스포츠웨어,품질(물품/용역)
2023030237,2023-06-14,남자,30 - 39세,인천광역시,방문판매,룸에어컨,품질(물품/용역)
2023030238,2023-06-14,남자,20 - 29세,충청북도,모바일거래,이동전화서비스,계약불이행(불완전이행)
2023030239,2023-06-14,여자,30 - 39세,서울특별시,국제온라인거래,운동화,청약철회
2023030240,2023-06-14,여자,20 - 29세,서울특별시,방문판매,필라테스,계약해제.해지/위약금
2023030241,2023-06-14,여자,20 - 29세,대전광역시,일반판매,필라테스,계약해제.해지/위약금
2023030242,2023-06-14,여자,20 - 29세,경기도,일반판매,필라테스,계약해제.해지/위약금
2023030243,2023-06-14,여자,30 - 39세,경기도,일반판매,헬스장,계약해제.해지/위약금
2023030244,2023-06-14,여자,20 - 29세,인천광역시,국내온라인거래,숙녀복상의,청약철회
2023030245,2023-06-14,여자,40 - 49세,부산광역시,방문판매,인터넷교육서비스,계약해제.해지/위약금
2023030246,2023-06-14,남자,30 - 39세,대구광역시,국내온라인거래,레저·이벤트회원권,계약해제.해지/위약금
2023030247,2023-06-14,여자,40 - 49세,경기도,기타,사진촬영,계약해제.해지/위약금
2023030248,2023-06-14,남자,50 - 59세,경기도,국내온라인거래,기타취미용품,AS불만
2023030249,2023-06-14,여자,60 - 64세,전라남도,방문판매,레저·이벤트회원권,계약해제.해지/위약금
2023030250,2023-06-14,여자,40 - 49세,경상남도,일반판매,헬스장,계약해제.해지/위약금
2023030251,2023-06-14,여자,20 - 29세,서울특별시,국내온라인거래,기타정보이용서비스,계약불이행(불완전이행)
2023030252,2023-06-14,남자,30 - 39세,부산광역시,일반판매,헬스장,계약해제.해지/위약금
2023030253,2023-06-14,여자,50 - 59세,경기도,일반판매,휴대폰(2G),품질(물품/용역)
2023030254,2023-06-14,남자,40 - 49세,경상북도,국내온라인거래,트레이닝기구,청약철회
2023030255,2023-06-14,남자,65 - 69세,경기도,방문판매,가스보일러,품질(물품/용역)
2023030256,2023-06-14,남자,30 - 39세,충청남도,일반판매,결혼준비대행서비스,계약해제.해지/위약금
2023030257,2023-06-14,여자,50 - 59세,인천광역시,일반판매,이동전화서비스,가격.요금
2023030258,2023-06-14,남자,65 - 69세,경기도,전화권유판매,인터넷정보이용서비스,계약해제.해지/위약금
2023030259,2023-06-14,남자,40 - 49세,서울특별시,국제온라인거래,스마트폰,품질(물품/용역)
2023030260,2023-06-14,여자,30 - 39세,서울특별시,방문판매,결혼준비대행서비스,청약철회
2023030261,2023-06-14,여자,50 - 59세,경기도,방문판매,기타인테리어설비,품질(물품/용역)
2023030262,2023-06-14,남자,30 - 39세,경상북도,모바일거래,모바일정보이용서비스,품질(물품/용역)
2023030263,2023-06-14,여자,60 - 64세,부산광역시,국내온라인거래,숙녀화(구두·부츠 등),청약철회
2023030264,2023-06-14,남자,40 - 49세,경기도,소셜커머스(쇼핑),소파,품질(물품/용역)
2023030265,2023-06-14,남자,40 - 49세,경기도,국내온라인거래,낚시용품,품질(물품/용역)
2023030266,2023-06-14,여자,20 - 29세,경기도,국내온라인거래,티셔츠,계약불이행(불완전이행)
2023030267,2023-06-14,남자,30 - 39세,부산광역시,기타,헬스장,계약해제.해지/위약금
2023030268,2023-06-14,남자,50 - 59세,강원특별자치도,국내온라인거래,기타미분류서비스,계약해제.해지/위약금
2023030269,2023-06-14,남자,30 - 39세,경기도,국제온라인거래,항공여객운송서비스,계약해제.해지/위약금
2023030270,2023-06-14,여자,30 - 39세,인천광역시,국내온라인거래,기타건강식품,계약불이행(불완전이행)
2023030271,2023-06-14,여자,30 - 39세,서울특별시,방문판매,피부·체형관리서비스,계약불이행(불완전이행)
2023030272,2023-06-14,남자,40 - 49세,경기도,일반판매,헬스장,계약해제.해지/위약금
2023030273,2023-06-14,여자,50 - 59세,경기도,국내온라인거래,기타의류·섬유,청약철회
2023030274,2023-06-14,남자,30 - 39세,경기도,소셜커머스(쇼핑),노트북컴퓨터,품질(물품/용역)
2023030275,2023-06-14,여자,40 - 49세,경상남도,모바일거래,운동화,청약철회
2023030276,2023-06-14,남자,20 - 29세,서울특별시,일반판매,헬스장,계약해제.해지/위약금
2023030277,2023-06-14,여자,30 - 39세,경기도,일반판매,헬스장,청약철회
2023030278,2023-06-14,여자,30 - 39세,인천광역시,국내온라인거래,티셔츠,품질(물품/용역)
2023030279,2023-06-14,남자,30 - 39세,서울특별시,방문판매,헬스장,청약철회
2023030280,2023-06-14,남자,40 - 49세,서울특별시,전화권유판매,인터넷정보이용서비스,계약불이행(불완전이행)
2023030281,2023-06-14,여자,30 - 39세,광주광역시,기타,기타음식관련서비스,품질(물품/용역)
2023030282,2023-06-14,여자,30 - 39세,서울특별시,국내온라인거래,기타미분류물품,청약철회
2023030283,2023-06-14,여자,20 - 29세,경기도,국내온라인거래,영화관람,청약철회
2023030284,2023-06-14,여자,30 - 39세,경기도,국내온라인거래,CCTV,품질(물품/용역)
2023030285,2023-06-14,여자,20 - 29세,경상남도,일반판매,항공여객운송서비스,가격.요금
2023030286,2023-06-14,남자,30 - 39세,경기도,국내온라인거래,보석·귀금속,청약철회
2023030287,2023-06-14,남자,30 - 39세,서울특별시,모바일거래,모바일게임서비스,청약철회
2023030288,2023-06-14,남자,70 - 79세,부산광역시,기타,전기의류건조기,AS불만
2023030289,2023-06-14,남자,50 - 59세,경기도,국내온라인거래,기타숙박시설,계약불이행(불완전이행)
2023030290,2023-06-14,여자,30 - 39세,대구광역시,일반판매,필라테스,계약불이행(불완전이행)
2023030291,2023-06-14,여자,30 - 39세,서울특별시,방문판매,인터넷교육서비스,계약해제.해지/위약금
2023030292,2023-06-14,여자,20 - 29세,인천광역시,일반판매,헬스장,청약철회
2023030293,2023-06-14,남자,30 - 39세,광주광역시,국내온라인거래,국외여행,계약해제.해지/위약금
2023030294,2023-06-14,남자,20 - 29세,부산광역시,기타통신판매,가스에어컨,품질(물품/용역)
2023030295,2023-06-14,여자,30 - 39세,서울특별시,모바일거래,기타숙박시설,청약철회
2023030296,2023-06-14,여자,30 - 39세,서울특별시,국제온라인거래,기타숙박시설,청약철회
2023030297,2023-06-14,여자,30 - 39세,강원특별자치도,국내온라인거래,인터넷교육서비스,계약불이행(불완전이행)
2023030298,2023-06-14,남자,20 - 29세,경기도,국내온라인거래,기타매체광고,부당행위
2023030299,2023-06-14,남자,30 - 39세,경기도,기타,헬스장,계약해제.해지/위약금
2023030300,2023-06-14,남자,30 - 39세,인천광역시,모바일거래,캐주얼바지,계약불이행(불완전이행)
2023030301,2023-06-14,여자,30 - 39세,경기도,국제온라인거래,항공여객운송서비스,계약불이행(불완전이행)
2023030302,2023-06-14,여자,30 - 39세,전라북도,국내온라인거래,TV,품질(물품/용역)
2023030303,2023-06-14,남자,30 - 39세,부산광역시,국내온라인거래,항공여객운송서비스,계약해제.해지/위약금
2023030304,2023-06-14,여자,30 - 39세,강원특별자치도,기타,미용서비스,품질(물품/용역)
2023030305,2023-06-15,여자,50 - 59세,전라남도,기타,기타정보이용서비스,단순문의.상담
2023030306,2023-06-15,남자,30 - 39세,경기도,국내온라인거래,항공여객운송서비스,계약해제.해지/위약금
2023030307,2023-06-15,남자,40 - 49세,전라북도,모바일거래,자동차주차장,표시.광고
2023030308,2023-06-15,여자,30 - 39세,강원특별자치도,국내온라인거래,아동복,계약불이행(불완전이행)
2023030309,2023-06-15,남자,50 - 59세,인천광역시,일반판매,중형승용자동차,AS불만
2023030310,2023-06-15,여자,30 - 39세,서울특별시,일반판매,헬스장,계약해제.해지/위약금
2023030311,2023-06-15,여자,20 - 29세,경기도,일반판매,헬스장,계약해제.해지/위약금
2023030312,2023-06-15,여자,70 - 79세,서울특별시,국내온라인거래,헤드폰·이어폰,AS불만
2023030314,2023-06-15,여자,60 - 64세,경기도,방문판매,카오디오·스테레오,계약해제.해지/위약금
2023030315,2023-06-15,남자,20 - 29세,부산광역시,모바일거래,이동전화서비스,약관
2023030316,2023-06-15,여자,50 - 59세,서울특별시,TV홈쇼핑,의류관리기(스타일러 등),품질(물품/용역)
2023030317,2023-06-15,남자,30 - 39세,경상남도,일반판매,폐차·구조변경등기타,계약불이행(불완전이행)
2023030318,2023-06-15,여자,30 - 39세,경기도,국내온라인거래,항공여객운송서비스,계약해제.해지/위약금
2023030319,2023-06-15,여자,40 - 49세,서울특별시,소셜커머스(쇼핑),전기의류건조기,품질(물품/용역)
2023030320,2023-06-15,남자,40 - 49세,서울특별시,일반판매,종합체육시설회원권,계약해제.해지/위약금
2023030321,2023-06-15,남자,60 - 64세,서울특별시,일반판매,자동차수리·점검,계약불이행(불완전이행)
2023030322,2023-06-15,남자,40 - 49세,대구광역시,국내온라인거래,항공여객운송서비스,계약해제.해지/위약금
2023030323,2023-06-15,남자,30 - 39세,서울특별시,모바일거래,카셰어링,계약불이행(불완전이행)
2023030324,2023-06-15,여자,30 - 39세,경기도,국내온라인거래,운동화,계약불이행(불완전이행)
2023030325,2023-06-15,남자,40 - 49세,경상북도,모바일거래,기타인터넷기반서비스,부당행위
2023030326,2023-06-15,남자,30 - 39세,경기도,기타,가스보일러,품질(물품/용역)
2023030327,2023-06-15,여자,40 - 49세,서울특별시,국제온라인거래,항공여객운송서비스,계약해제.해지/위약금
2023030328,2023-06-15,여자,30 - 39세,경기도,일반판매,미용서비스,계약불이행(불완전이행)
2023030329,2023-06-15,여자,30 - 39세,경상남도,소셜커머스(쇼핑),샌들·슬리퍼,계약불이행(불완전이행)
2023030330,2023-06-15,남자,30 - 39세,서울특별시,일반판매,예식서비스,계약해제.해지/위약금
2023030331,2023-06-15,여자,20 - 29세,서울특별시,국내온라인거래,블라우스,품질(물품/용역)
2023030332,2023-06-15,남자,30 - 39세,경기도,일반판매,중형승용자동차,품질(물품/용역)
2023030333,2023-06-15,여자,40 - 49세,경상북도,국내온라인거래,기타신변용품,품질(물품/용역)
2023030334,2023-06-15,남자,30 - 39세,전라북도,일반판매,자동차수리·점검,가격.요금
2023030335,2023-06-15,남자,60 - 64세,충청남도,국내온라인거래,쌀,품질(물품/용역)
2023030336,2023-06-15,남자,30 - 39세,서울특별시,기타,도배공사,계약불이행(불완전이행)
2023030337,2023-06-15,여자,20 - 29세,인천광역시,일반판매,헬스장,계약해제.해지/위약금
2023030338,2023-06-15,남자,30 - 39세,경기도,국내온라인거래,양복(서양식 의복)세탁,품질(물품/용역)
2023030339,2023-06-15,여자,불명,경기도,모바일거래,모바일정보이용서비스,부당행위
2023030340,2023-06-15,남자,30 - 39세,서울특별시,소셜커머스(쇼핑),룸에어컨,가격.요금
2023030341,2023-06-15,여자,30 - 39세,대전광역시,기타,피부·체형관리서비스,계약해제.해지/위약금
2023030343,2023-06-15,여자,50 - 59세,경기도,국내온라인거래,응접테이블,품질(물품/용역)
2023030344,2023-06-15,남자,20 - 29세,인천광역시,일반판매,시스템에어컨,계약불이행(불완전이행)
2023030345,2023-06-15,여자,30 - 39세,경상북도,국내온라인거래,항공여객운송서비스,계약해제.해지/위약금
2023030346,2023-06-15,남자,70 - 79세,대전광역시,일반판매,양복(서양식 의복)세탁,품질(물품/용역)
2023030347,2023-06-15,여자,30 - 39세,서울특별시,국내온라인거래,통신기기주변장치,계약불이행(불완전이행)
2023030348,2023-06-15,남자,40 - 49세,서울특별시,일반판매,라텍스매트리스,계약불이행(불완전이행)
2023030349,2023-06-15,여자,30 - 39세,경기도,일반판매,헬스장,계약해제.해지/위약금
2023030350,2023-06-15,여자,70 - 79세,서울특별시,일반판매,양복(서양식 의복)세탁,품질(물품/용역)
2023030351,2023-06-15,남자,20 - 29세,경기도,기타통신판매,인터넷게임서비스,청약철회
2023030352,2023-06-15,남자,30 - 39세,광주광역시,일반판매,피부·체형관리서비스,계약해제.해지/위약금
2023030354,2023-06-15,여자,30 - 39세,인천광역시,일반판매,기타가구,품질(물품/용역)
2023030355,2023-06-15,여자,65 - 69세,경상남도,일반판매,보석·귀금속,계약해제.해지/위약금
2023030357,2023-06-15,여자,불명,경상남도,일반판매,양복(서양식 의복)세탁,품질(물품/용역)
2023030358,2023-06-15,남자,60 - 64세,전라남도,국내온라인거래,소프트웨어,계약불이행(불완전이행)
2023030359,2023-06-15,여자,불명,경상남도,일반판매,양복(서양식 의복)세탁,품질(물품/용역)
2023030360,2023-06-15,여자,30 - 39세,서울특별시,국내온라인거래,기타서적음반류,계약불이행(불완전이행)
2023030361,2023-06-15,여자,50 - 59세,서울특별시,기타통신판매,기타문화·오락시설이용,약관
2023030362,2023-06-15,남자,40 - 49세,서울특별시,일반판매,기타사설강습서비스,계약해제.해지/위약금
2023030366,2023-06-15,남자,30 - 39세,부산광역시,일반판매,소형화물자동차,품질(물품/용역)
2023030367,2023-06-15,남자,50 - 59세,경상남도,일반판매,건강(암·기타질병)보험,약관
2023030368,2023-06-15,여자,20 - 29세,전라북도,국내온라인거래,샌들·슬리퍼,품질(물품/용역)
2023030369,2023-06-15,여자,20 - 29세,부산광역시,일반판매,상조서비스,계약해제.해지/위약금
2023030370,2023-06-15,남자,40 - 49세,충청북도,전화권유판매,유사투자자문,계약해제.해지/위약금
2023030371,2023-06-15,남자,65 - 69세,경기도,일반판매,룸에어컨,표시.광고
2023030372,2023-06-15,남자,30 - 39세,경기도,모바일거래,외식,품질(물품/용역)
2023030374,2023-06-15,여자,60 - 64세,서울특별시,국내온라인거래,기타인테리어설비,AS불만
2023030375,2023-06-15,여자,50 - 59세,서울특별시,전화권유판매,건강(암·기타질병)보험,약관
2023030376,2023-06-15,여자,60 - 64세,경상남도,일반판매,머플러,품질(물품/용역)
2023030377,2023-06-15,여자,30 - 39세,인천광역시,기타통신판매,여관(모텔),계약해제.해지/위약금
2023030378,2023-06-15,여자,30 - 39세,인천광역시,일반판매,"연회서비스(돌잔치,회갑 등)",계약해제.해지/위약금
2023030379,2023-06-15,여자,50 - 59세,서울특별시,일반판매,숙녀화(구두·부츠 등),품질(물품/용역)
2023030381,2023-06-15,여자,30 - 39세,서울특별시,일반판매,핸드백,품질(물품/용역)
2023030382,2023-06-15,여자,40 - 49세,부산광역시,일반판매,건강(암·기타질병)보험,약관
2023030383,2023-06-15,여자,30 - 39세,부산광역시,일반판매,일반강습(입시학원등),계약해제.해지/위약금
2023030384,2023-06-15,남자,30 - 39세,전라남도,일반판매,건강(암·기타질병)보험,약관
2023030385,2023-06-15,남자,40 - 49세,경기도,일반판매,기타미분류서비스,청약철회
2023030386,2023-06-15,남자,40 - 49세,서울특별시,일반판매,기타건축자재,계약불이행(불완전이행)
2023030387,2023-06-15,남자,50 - 59세,경기도,일반판매,변호서비스,이자.수수료
2023030388,2023-06-15,여자,40 - 49세,부산광역시,국내온라인거래,다이어트식품,품질(물품/용역)
2023030389,2023-06-15,여자,20 - 29세,서울특별시,국내온라인거래,운동화,품질(물품/용역)
2023030390,2023-06-15,남자,20 - 29세,경기도,일반판매,실손보험,약관
2023030391,2023-06-15,여자,30 - 39세,서울특별시,국내온라인거래,기타내의류,청약철회
2023030392,2023-06-15,남자,60 - 64세,경기도,일반판매,건강(암·기타질병)보험,약관
2023030393,2023-06-15,남자,30 - 39세,울산광역시,국내온라인거래,욕실설비,품질(물품/용역)
2023030394,2023-06-15,남자,불명,대구광역시,일반판매,티셔츠,품질(물품/용역)
2023030395,2023-06-15,여자,40 - 49세,경기도,국내온라인거래,핸드백,품질(물품/용역)
2023030396,2023-06-15,남자,50 - 59세,경기도,전화권유판매,유사투자자문,계약해제.해지/위약금
2023030397,2023-06-15,여자,20 - 29세,경기도,국내온라인거래,기타과일·과일가공식품,계약불이행(불완전이행)
2023030398,2023-06-15,여자,30 - 39세,서울특별시,국내온라인거래,헤어드라이어,계약불이행(불완전이행)
2023030399,2023-06-15,여자,10 - 19세,서울특별시,국내온라인거래,각종공연관람,계약불이행(불완전이행)
2023030400,2023-06-15,남자,30 - 39세,전라남도,일반판매,티셔츠,품질(물품/용역)
2023030401,2023-06-15,여자,30 - 39세,부산광역시,국내온라인거래,항공여객운송서비스,계약불이행(불완전이행)
2023030402,2023-06-15,남자,40 - 49세,충청북도,국내온라인거래,헤드폰·이어폰,품질(물품/용역)
2023030403,2023-06-15,남자,40 - 49세,경기도,일반판매,스마트폰,AS불만
2023030404,2023-06-15,여자,불명,경기도,일반판매,핸드백,품질(물품/용역)
2023030405,2023-06-15,여자,30 - 39세,서울특별시,일반판매,성형외과,품질(물품/용역)
2023030406,2023-06-15,여자,60 - 64세,충청남도,일반판매,치과,품질(물품/용역)
2023030407,2023-06-15,여자,40 - 49세,전라북도,국내온라인거래,양복(서양식 의복)세탁,품질(물품/용역)
2023030408,2023-06-15,남자,50 - 59세,경기도,일반판매,기타건축자재,계약불이행(불완전이행)
2023030409,2023-06-15,남자,30 - 39세,경기도,전화권유판매,모바일정보이용서비스,계약불이행(불완전이행)
2023030410,2023-06-15,여자,40 - 49세,경기도,일반판매,핸드백,품질(물품/용역)
2023030411,2023-06-15,남자,40 - 49세,경기도,일반판매,치과,품질(물품/용역)
2023030412,2023-06-15,여자,50 - 59세,울산광역시,국내온라인거래,호텔,계약해제.해지/위약금
2023030414,2023-06-15,남자,30 - 39세,경기도,모바일거래,신유형상품권,부당행위
2023030415,2023-06-15,여자,불명,서울특별시,모바일거래,신유형상품권,계약불이행(불완전이행)
2023030416,2023-06-15,여자,50 - 59세,인천광역시,국내온라인거래,전기압력밥솥,품질(물품/용역)
2023030417,2023-06-15,여자,40 - 49세,서울특별시,일반판매,종합체육시설회원권,청약철회
2023030418,2023-06-15,남자,30 - 39세,경기도,국내온라인거래,호텔,청약철회
2023030419,2023-06-15,여자,40 - 49세,서울특별시,국내온라인거래,프라이팬,품질(물품/용역)
2023030420,2023-06-15,남자,50 - 59세,인천광역시,국내온라인거래,소프트웨어,청약철회
2023030422,2023-06-15,남자,40 - 49세,서울특별시,국제온라인거래,핸드백,부당행위
2023030424,2023-06-15,여자,40 - 49세,대구광역시,기타,인터넷교육서비스,계약해제.해지/위약금
2023030425,2023-06-15,여자,30 - 39세,충청남도,일반판매,미용서비스,계약해제.해지/위약금
2023030426,2023-06-15,남자,30 - 39세,부산광역시,일반판매,기타미분류물품,품질(물품/용역)
2023030427,2023-06-15,남자,40 - 49세,서울특별시,국내온라인거래,지갑,품질(물품/용역)
2023030428,2023-06-15,여자,20 - 29세,서울특별시,국내온라인거래,기타의류·섬유,계약불이행(불완전이행)
2023030429,2023-06-15,여자,50 - 59세,서울특별시,일반판매,필라테스,계약해제.해지/위약금
2023030430,2023-06-15,여자,30 - 39세,충청북도,기타,건물청소서비스,부당행위
2023030431,2023-06-15,여자,30 - 39세,부산광역시,일반판매,마사지류,계약해제.해지/위약금
2023030432,2023-06-15,남자,60 - 64세,경기도,일반판매,냄비,품질(물품/용역)
2023030433,2023-06-15,여자,30 - 39세,경기도,방문판매,테니스장스쿼시회원권,계약해제.해지/위약금
2023030434,2023-06-15,남자,40 - 49세,경기도,국내온라인거래,기타숙박시설,계약불이행(불완전이행)
2023030435,2023-06-15,여자,30 - 39세,충청북도,방문판매,헬스장,계약해제.해지/위약금
2023030436,2023-06-15,여자,40 - 49세,인천광역시,국내온라인거래,헤드폰·이어폰,청약철회
2023030437,2023-06-15,여자,20 - 29세,서울특별시,일반판매,스포츠시설이용,계약해제.해지/위약금
2023030438,2023-06-15,남자,30 - 39세,부산광역시,일반판매,헬스장,계약해제.해지/위약금
2023030439,2023-06-15,남자,30 - 39세,서울특별시,기타,스마트폰,부당행위
2023030440,2023-06-15,여자,30 - 39세,경기도,모바일거래,기타숙박시설,계약불이행(불완전이행)
2023030441,2023-06-15,여자,30 - 39세,경기도,국내온라인거래,핸드백,청약철회
2023030442,2023-06-15,남자,30 - 39세,경기도,일반판매,국외여행,계약해제.해지/위약금
2023030443,2023-06-15,여자,40 - 49세,서울특별시,국제온라인거래,기타숙박시설,계약불이행(불완전이행)
2023030444,2023-06-15,남자,40 - 49세,경기도,모바일거래,식사배달,청약철회
2023030445,2023-06-15,여자,40 - 49세,서울특별시,일반판매,전기의류건조기,AS불만
2023030446,2023-06-15,여자,20 - 29세,경기도,일반판매,헬스장,계약해제.해지/위약금
2023030447,2023-06-15,여자,30 - 39세,경기도,국내온라인거래,사진촬영,계약해제.해지/위약금
2023030448,2023-06-15,여자,20 - 29세,인천광역시,모바일거래,시스템에어컨,품질(물품/용역)
2023030449,2023-06-15,남자,30 - 39세,경기도,일반판매,헬스장,계약해제.해지/위약금
2023030451,2023-06-15,남자,50 - 59세,울산광역시,방문판매,프린터,AS불만
2023030452,2023-06-15,여자,30 - 39세,서울특별시,국내온라인거래,항공여객운송서비스,계약해제.해지/위약금
2023030453,2023-06-15,여자,30 - 39세,경기도,방문판매,포장이사운송서비스,품질(물품/용역)
2023030454,2023-06-15,남자,30 - 39세,서울특별시,모바일거래,여관(모텔),청약철회
2023030455,2023-06-15,남자,50 - 59세,경상남도,일반판매,전기장판,안전(제품/시설)
2023030457,2023-06-15,여자,20 - 29세,경기도,일반판매,기타이·미용서비스,계약해제.해지/위약금
2023030458,2023-06-15,여자,30 - 39세,서울특별시,일반판매,헬스장,계약불이행(불완전이행)
2023030459,2023-06-15,남자,30 - 39세,경기도,국내온라인거래,닭고기포장육,청약철회
2023030460,2023-06-15,여자,40 - 49세,인천광역시,국내온라인거래,스마트폰,품질(물품/용역)
2023030461,2023-06-15,여자,30 - 39세,경기도,일반판매,헬스장,계약해제.해지/위약금
2023030462,2023-06-15,남자,40 - 49세,경기도,기타,하수도위생서비스,부당행위
2023030463,2023-06-15,여자,30 - 39세,서울특별시,일반판매,미용서비스,계약불이행(불완전이행)
2023030464,2023-06-15,남자,20 - 29세,충청북도,국제온라인거래,항공여객운송서비스,계약해제.해지/위약금
2023030466,2023-06-15,여자,40 - 49세,서울특별시,일반판매,스포츠시설이용,계약해제.해지/위약금
2023030467,2023-06-15,여자,40 - 49세,인천광역시,일반판매,도배공사,품질(물품/용역)
2023030468,2023-06-15,여자,30 - 39세,서울특별시,일반판매,헬스장,계약해제.해지/위약금
2023030469,2023-06-15,남자,50 - 59세,인천광역시,일반판매,스포츠시설이용,청약철회
2023030470,2023-06-15,남자,30 - 39세,경기도,국내온라인거래,신사화(구두·부츠 등),품질(물품/용역)
2023030471,2023-06-15,여자,50 - 59세,경기도,방문판매,공중목욕탕,계약해제.해지/위약금
2023030472,2023-06-15,여자,50 - 59세,경기도,일반판매,국외여행,계약해제.해지/위약금
2023030473,2023-06-15,남자,30 - 39세,경기도,전화권유판매,미분류대여(렌트),계약해제.해지/위약금
2023030474,2023-06-15,여자,60 - 64세,서울특별시,일반판매,안경·안경테,품질(물품/용역)
2023030475,2023-06-15,여자,30 - 39세,부산광역시,일반판매,벽지·바닥재,품질(물품/용역)
2023030476,2023-06-15,여자,30 - 39세,인천광역시,국내온라인거래,태블릿PC,품질(물품/용역)
2023030477,2023-06-15,남자,30 - 39세,대구광역시,방문판매,결혼준비대행서비스,청약철회
2023030478,2023-06-15,남자,40 - 49세,서울특별시,일반판매,헬스장,계약불이행(불완전이행)
2023030479,2023-06-15,남자,30 - 39세,경기도,기타,예식서비스,계약해제.해지/위약금
2023030480,2023-06-15,여자,20 - 29세,서울특별시,국내온라인거래,건물청소서비스,계약불이행(불완전이행)
2023030481,2023-06-15,남자,70 - 79세,서울특별시,소셜커머스(쇼핑),꽃·화초·화환,청약철회
2023030482,2023-06-15,남자,40 - 49세,부산광역시,국내온라인거래,단행본,계약불이행(불완전이행)
2023030483,2023-06-15,여자,20 - 29세,경기도,일반판매,미용서비스,계약불이행(불완전이행)
2023030484,2023-06-15,여자,20 - 29세,서울특별시,일반판매,일반강습(입시학원등),계약해제.해지/위약금
2023030485,2023-06-15,여자,40 - 49세,서울특별시,일반판매,헬스장,계약해제.해지/위약금
2023030486,2023-06-15,여자,30 - 39세,서울특별시,방문판매,인터넷교육서비스,계약해제.해지/위약금
2023030487,2023-06-15,여자,50 - 59세,서울특별시,국내온라인거래,기타이·미용기구,청약철회
2023030488,2023-06-15,남자,30 - 39세,경상남도,방문판매,기타미분류물품,계약해제.해지/위약금
2023030489,2023-06-15,여자,30 - 39세,제주도,국내온라인거래,냉장고,품질(물품/용역)
2023030490,2023-06-15,여자,20 - 29세,서울특별시,기타통신판매,인터넷교육서비스,계약해제.해지/위약금
2023030491,2023-06-15,여자,30 - 39세,서울특별시,국내온라인거래,미술전시관람,AS불만
2023030492,2023-06-15,남자,70 - 79세,서울특별시,일반판매,헬스장,계약해제.해지/위약금
2023030493,2023-06-15,여자,30 - 39세,전라남도,소셜커머스(쇼핑),맥주,품질(물품/용역)
2023030494,2023-06-15,여자,20 - 29세,경기도,일반판매,피부·체형관리서비스,계약해제.해지/위약금
2023030495,2023-06-15,여자,40 - 49세,서울특별시,국내온라인거래,미술전시관람,계약해제.해지/위약금
2023030496,2023-06-15,여자,30 - 39세,경기도,일반판매,필라테스,계약해제.해지/위약금
2023030497,2023-06-15,남자,30 - 39세,경기도,국내온라인거래,노트북컴퓨터,품질(물품/용역)
2023030498,2023-06-15,여자,30 - 39세,경기도,기타,법무서비스,계약해제.해지/위약금
2023030499,2023-06-15,여자,50 - 59세,대전광역시,TV홈쇼핑,전기장판,청약철회
2023030500,2023-06-15,여자,30 - 39세,서울특별시,일반판매,미용서비스,부당행위
2023030501,2023-06-15,남자,20 - 29세,서울특별시,국제온라인거래,기타숙박시설,계약불이행(불완전이행)
2023030502,2023-06-15,남자,30 - 39세,대구광역시,일반판매,시스템에어컨,품질(물품/용역)
2023030503,2023-06-15,남자,65 - 69세,강원특별자치도,전화권유판매,상조서비스,계약불이행(불완전이행)
2023030504,2023-06-15,여자,40 - 49세,경기도,국내온라인거래,제습기,계약불이행(불완전이행)
2023030505,2023-06-15,남자,20 - 29세,경상남도,방문판매,헬스장,계약해제.해지/위약금
2023030506,2023-06-15,여자,30 - 39세,부산광역시,일반판매,헬스장,계약해제.해지/위약금
2023030507,2023-06-15,남자,20 - 29세,경기도,모바일거래,기타알선·중개·번역서비스,계약불이행(불완전이행)
2023030508,2023-06-15,남자,30 - 39세,경기도,일반판매,사진촬영,청약철회
2023030509,2023-06-15,남자,60 - 64세,전라북도,일반판매,전기자동차,품질(물품/용역)
2023030510,2023-06-15,남자,50 - 59세,서울특별시,국내온라인거래,국외여행,계약해제.해지/위약금
2023030511,2023-06-15,여자,40 - 49세,부산광역시,국내온라인거래,애완동·식물용품,안전(제품/시설)
2023030512,2023-06-15,여자,30 - 39세,경기도,소셜커머스(쇼핑),가스에어컨,청약철회
2023030513,2023-06-15,남자,40 - 49세,인천광역시,전화권유판매,헬스장,계약해제.해지/위약금
2023030514,2023-06-15,여자,30 - 39세,경기도,방문판매,인터넷교육서비스,계약해제.해지/위약금
2023030515,2023-06-15,여자,40 - 49세,울산광역시,방문판매,기타교육서비스,계약해제.해지/위약금
2023030516,2023-06-15,여자,30 - 39세,충청남도,소셜커머스(쇼핑),기타조명기기,청약철회
2023030517,2023-06-15,여자,40 - 49세,경기도,방문판매,기타방문·통신교육서비스,계약해제.해지/위약금
2023030518,2023-06-15,남자,30 - 39세,서울특별시,일반판매,필라테스,계약해제.해지/위약금
2023030519,2023-06-15,남자,20 - 29세,서울특별시,방문판매,일반강습(입시학원등),계약해제.해지/위약금
2023030520,2023-06-15,남자,40 - 49세,서울특별시,일반판매,기타사설강습서비스,계약불이행(불완전이행)
2023030521,2023-06-15,남자,50 - 59세,서울특별시,방문판매,식탁,계약해제.해지/위약금
2023030522,2023-06-16,남자,40 - 49세,경기도,일반판매,신문,계약해제.해지/위약금
2023030523,2023-06-16,여자,30 - 39세,서울특별시,국내온라인거래,호텔,안전(제품/시설)
2023030524,2023-06-16,여자,20 - 29세,서울특별시,일반판매,양복(서양식 의복)세탁,품질(물품/용역)
2023030526,2023-06-16,남자,40 - 49세,경상북도,소셜커머스(쇼핑),소파,품질(물품/용역)
2023030527,2023-06-16,남자,30 - 39세,광주광역시,일반판매,예식서비스,계약해제.해지/위약금
2023030528,2023-06-16,남자,(미입력),경상남도,일반판매,이동전화서비스,계약불이행(불완전이행)
2023030529,2023-06-16,남자,40 - 49세,경기도,일반판매,중형승용자동차,품질(물품/용역)
2023030530,2023-06-16,남자,불명,경기도,일반판매,전등·전구,AS불만
2023030531,2023-06-16,남자,30 - 39세,서울특별시,일반판매,카셰어링,부당행위
2023030532,2023-06-16,남자,40 - 49세,서울특별시,일반판매,자동차대여(렌트),부당행위
2023030533,2023-06-16,남자,30 - 39세,경기도,모바일거래,카셰어링,품질(물품/용역)
2023030534,2023-06-16,남자,20 - 29세,경기도,일반판매,자동차대여(렌트),부당행위
2023030535,2023-06-16,여자,20 - 29세,경기도,기타,자동차주유,가격.요금
2023030536,2023-06-16,여자,30 - 39세,서울특별시,일반판매,피부과,계약해제.해지/위약금
2023030537,2023-06-16,남자,40 - 49세,인천광역시,방문판매,식탁,품질(물품/용역)
2023030538,2023-06-16,남자,70 - 79세,서울특별시,전화권유판매,유사투자자문,계약해제.해지/위약금
2023030539,2023-06-16,남자,40 - 49세,전라남도,국내온라인거래,인터넷정보이용서비스,계약불이행(불완전이행)
2023030540,2023-06-16,여자,20 - 29세,서울특별시,기타,헬스장,계약해제.해지/위약금
2023030541,2023-06-16,남자,40 - 49세,경기도,기타,인터넷정보이용서비스,계약해제.해지/위약금
2023030542,2023-06-16,남자,65 - 69세,제주도,일반판매,기타의료용구,품질(물품/용역)
2023030543,2023-06-16,여자,50 - 59세,세종특별자치시,일반판매,양복(서양식 의복)세탁,계약불이행(불완전이행)
2023030544,2023-06-16,남자,40 - 49세,서울특별시,일반판매,테니스장스쿼시회원권,계약해제.해지/위약금
2023030545,2023-06-16,여자,50 - 59세,충청북도,전화권유판매,유사투자자문,계약해제.해지/위약금
2023030546,2023-06-16,남자,30 - 39세,서울특별시,일반판매,기타미분류서비스,거래관행
2023030547,2023-06-16,여자,20 - 29세,경기도,방문판매,인터넷교육서비스,계약해제.해지/위약금
2023030548,2023-06-16,여자,40 - 49세,충청북도,일반판매,자동차수리·점검,품질(물품/용역)
2023030549,2023-06-16,남자,30 - 39세,충청북도,국내온라인거래,기타미분류서비스,청약철회
2023030550,2023-06-16,여자,40 - 49세,경상남도,일반판매,기타방문·통신교육서비스,계약해제.해지/위약금
2023030551,2023-06-16,여자,50 - 59세,광주광역시,일반판매,기타미분류물품,청약철회
2023030552,2023-06-16,남자,20 - 29세,광주광역시,모바일거래,기타자동차용품,품질(물품/용역)
2023030553,2023-06-16,남자,불명,서울특별시,기타,이동전화서비스,가격.요금
2023030555,2023-06-16,남자,40 - 49세,대구광역시,일반판매,티셔츠,품질(물품/용역)
2023030556,2023-06-16,남자,40 - 49세,부산광역시,국내온라인거래,기타유아용승용물,품질(물품/용역)
2023030557,2023-06-16,남자,불명,충청북도,일반판매,전기세탁기,AS불만
2023030558,2023-06-16,남자,30 - 39세,서울특별시,국내온라인거래,기타건축자재,청약철회
2023030559,2023-06-16,여자,30 - 39세,경기도,국내온라인거래,복합기,AS불만
2023030561,2023-06-16,여자,50 - 59세,경기도,기타,기타옥외장비·설비,품질(물품/용역)
2023030562,2023-06-16,여자,20 - 29세,경기도,국내온라인거래,지갑,품질(물품/용역)
2023030563,2023-06-16,여자,30 - 39세,서울특별시,일반판매,피부·체형관리서비스,계약해제.해지/위약금
2023030564,2023-06-16,남자,50 - 59세,전라남도,일반판매,기타자동차용품,품질(물품/용역)
2023030565,2023-06-16,여자,50 - 59세,경기도,일반판매,숙녀복세트,품질(물품/용역)
2023030566,2023-06-16,여자,20 - 29세,경상남도,국내온라인거래,양복(서양식 의복)세탁,품질(물품/용역)
2023030567,2023-06-16,남자,30 - 39세,경상남도,국내온라인거래,펜션,계약불이행(불완전이행)
2023030568,2023-06-16,여자,30 - 39세,경기도,일반판매,양복(서양식 의복)세탁,품질(물품/용역)
2023030569,2023-06-16,여자,40 - 49세,경기도,국내온라인거래,침대,표시.광고
2023030571,2023-06-16,여자,30 - 39세,강원특별자치도,일반판매,실손보험,약관
2023030572,2023-06-16,남자,20 - 29세,경기도,국내온라인거래,보조배터리,표시.광고
2023030573,2023-06-16,여자,65 - 69세,경기도,일반판매,점퍼·재킷류,품질(물품/용역)
2023030574,2023-06-16,남자,20 - 29세,부산광역시,국내온라인거래,모니터,가격.요금
2023030575,2023-06-16,남자,30 - 39세,대구광역시,일반판매,변호서비스,계약해제.해지/위약금
2023030576,2023-06-16,여자,65 - 69세,경기도,일반판매,이동전화서비스,청약철회
2023030577,2023-06-16,여자,50 - 59세,서울특별시,기타통신판매,기타건강식품,품질(물품/용역)
2023030579,2023-06-16,남자,30 - 39세,충청남도,전화권유판매,실손보험,약관
2023030580,2023-06-16,여자,50 - 59세,서울특별시,국내온라인거래,항공여객운송서비스,거래관행
2023030581,2023-06-16,여자,60 - 64세,경기도,국내온라인거래,아동화,품질(물품/용역)
2023030582,2023-06-16,여자,50 - 59세,서울특별시,일반판매,양복(서양식 의복)세탁,품질(물품/용역)
2023030583,2023-06-16,남자,40 - 49세,서울특별시,일반판매,중형승용자동차,품질(물품/용역)
2023030585,2023-06-16,남자,50 - 59세,인천광역시,국내온라인거래,운동화,품질(물품/용역)
2023030587,2023-06-16,여자,50 - 59세,인천광역시,일반판매,유사투자자문,계약해제.해지/위약금
2023030588,2023-06-16,남자,20 - 29세,서울특별시,일반판매,종신보험,계약불이행(불완전이행)
2023030589,2023-06-16,남자,40 - 49세,경기도,일반판매,신발세탁,계약불이행(불완전이행)
2023030590,2023-06-16,남자,50 - 59세,경기도,국내온라인거래,신사복상의,품질(물품/용역)
2023030591,2023-06-16,남자,40 - 49세,경기도,국내온라인거래,냉장고,AS불만
2023030592,2023-06-16,남자,30 - 39세,경상북도,국내온라인거래,기타정보이용서비스,계약불이행(불완전이행)
2023030593,2023-06-16,남자,50 - 59세,서울특별시,국내온라인거래,전문스포츠화(축구화·골프화 등),품질(물품/용역)
2023030594,2023-06-16,여자,20 - 29세,경기도,국내온라인거래,항공여객운송서비스,계약해제.해지/위약금
2023030595,2023-06-16,여자,65 - 69세,서울특별시,일반판매,운동화,품질(물품/용역)
2023030596,2023-06-16,여자,40 - 49세,경기도,일반판매,양복(서양식 의복)세탁,품질(물품/용역)
2023030597,2023-06-16,여자,50 - 59세,경기도,일반판매,숙녀화(구두·부츠 등),품질(물품/용역)
2023030598,2023-06-16,남자,60 - 64세,충청남도,일반판매,전기의류건조기,품질(물품/용역)
2023030600,2023-06-16,여자,50 - 59세,인천광역시,일반판매,양복(서양식 의복)세탁,품질(물품/용역)
2023030601,2023-06-16,남자,40 - 49세,부산광역시,일반판매,숙녀화(구두·부츠 등),품질(물품/용역)
2023030602,2023-06-16,남자,20 - 29세,부산광역시,일반판매,시스템에어컨,AS불만
2023030603,2023-06-16,여자,50 - 59세,경기도,국내온라인거래,점퍼·재킷류,품질(물품/용역)
2023030604,2023-06-16,남자,50 - 59세,경기도,기타통신판매,이동전화서비스,품질(물품/용역)
2023030605,2023-06-16,남자,30 - 39세,경기도,국내온라인거래,신사화(구두·부츠 등),품질(물품/용역)
2023030606,2023-06-16,여자,40 - 49세,인천광역시,일반판매,양복(서양식 의복)세탁,품질(물품/용역)
2023030607,2023-06-16,여자,40 - 49세,인천광역시,일반판매,양복(서양식 의복)세탁,품질(물품/용역)
2023030608,2023-06-16,여자,40 - 49세,경기도,기타통신판매,건물청소서비스,계약불이행(불완전이행)
2023030609,2023-06-16,여자,50 - 59세,울산광역시,전화권유판매,인터넷정보이용서비스,계약해제.해지/위약금
2023030610,2023-06-16,여자,30 - 39세,경기도,일반판매,건물청소서비스,품질(물품/용역)
2023030611,2023-06-16,여자,50 - 59세,대구광역시,일반판매,핸드백,품질(물품/용역)
2023030612,2023-06-16,여자,70 - 79세,전라남도,기타,택배화물운송서비스,계약불이행(불완전이행)
2023030613,2023-06-16,여자,불명,충청남도,일반판매,핸드백,품질(물품/용역)
2023030614,2023-06-16,남자,30 - 39세,경기도,국내온라인거래,운동화,청약철회
2023030615,2023-06-16,남자,30 - 39세,경기도,모바일거래,공업용기계,품질(물품/용역)
2023030616,2023-06-16,남자,50 - 59세,경기도,일반판매,헬스장,계약해제.해지/위약금
2023030617,2023-06-16,여자,60 - 64세,경기도,모바일거래,기타일반화장품,품질(물품/용역)
2023030618,2023-06-16,남자,20 - 29세,경기도,일반판매,피부과,품질(물품/용역)
2023030620,2023-06-16,여자,40 - 49세,경기도,일반판매,점퍼·재킷류,품질(물품/용역)
2023030621,2023-06-16,여자,60 - 64세,경기도,일반판매,정형외과,품질(물품/용역)
2023030622,2023-06-16,여자,50 - 59세,경기도,일반판매,셔츠,품질(물품/용역)
2023030623,2023-06-16,여자,50 - 59세,서울특별시,일반판매,국외여행,계약불이행(불완전이행)
2023030625,2023-06-16,여자,40 - 49세,경기도,국내온라인거래,티셔츠,품질(물품/용역)
2023030626,2023-06-16,남자,50 - 59세,서울특별시,일반판매,룸에어컨,품질(물품/용역)
2023030627,2023-06-16,여자,30 - 39세,부산광역시,국내온라인거래,헤드폰·이어폰,품질(물품/용역)
2023030629,2023-06-16,여자,50 - 59세,서울특별시,일반판매,기타의류·섬유,품질(물품/용역)
2023030631,2023-06-16,남자,40 - 49세,대전광역시,소셜커머스(쇼핑),냉동고,품질(물품/용역)
2023030632,2023-06-16,여자,50 - 59세,경기도,일반판매,점퍼·재킷류,품질(물품/용역)
2023030633,2023-06-16,남자,(미입력),서울특별시,방문판매,중고자동차중개·매매,표시.광고
2023030634,2023-06-16,여자,70 - 79세,서울특별시,일반판매,숙녀화(구두·부츠 등),거래관행
2023030635,2023-06-16,여자,60 - 64세,서울특별시,일반판매,소파,계약불이행(불완전이행)
2023030637,2023-06-16,남자,80세이상,전라북도,방문판매,기타옥외장비·설비,계약해제.해지/위약금
2023030638,2023-06-16,여자,30 - 39세,경기도,국내온라인거래,외식,거래관행
2023030715,2023-06-16,여자,50 - 59세,대구광역시,일반판매,전기압력밥솥,품질(물품/용역)
2023030716,2023-06-16,여자,50 - 59세,경기도,기타,도배공사,품질(물품/용역)
2023030717,2023-06-16,남자,30 - 39세,서울특별시,국내온라인거래,기타알선·중개·번역서비스,AS불만
2023030718,2023-06-16,남자,30 - 39세,강원특별자치도,일반판매,기타세탁서비스,청약철회
2023030719,2023-06-16,남자,20 - 29세,인천광역시,국내온라인거래,기타일반화장품,품질(물품/용역)
2023030720,2023-06-16,남자,40 - 49세,경상남도,국내온라인거래,시스템에어컨,계약해제.해지/위약금
2023030721,2023-06-16,남자,30 - 39세,인천광역시,국제온라인거래,하드디스크드라이버,계약해제.해지/위약금
2023030722,2023-06-16,여자,20 - 29세,대구광역시,기타,헬스장,계약해제.해지/위약금
2023030723,2023-06-16,여자,불명,경상북도,기타통신판매,기타의류·섬유,청약철회
2023030724,2023-06-16,남자,30 - 39세,경기도,일반판매,컴퓨터수리,AS불만
2023030725,2023-06-16,여자,20 - 29세,인천광역시,일반판매,피혁세탁,AS불만
2023030726,2023-06-16,남자,40 - 49세,경상남도,일반판매,스마트폰,품질(물품/용역)
2023030727,2023-06-16,여자,30 - 39세,경기도,기타,포장이사운송서비스,품질(물품/용역)
2023030728,2023-06-16,여자,40 - 49세,경기도,기타,기타인테리어설비,AS불만
2023030729,2023-06-16,여자,50 - 59세,서울특별시,국내온라인거래,기타위생서비스,계약해제.해지/위약금
2023030730,2023-06-16,여자,40 - 49세,서울특별시,일반판매,초고속인터넷,계약해제.해지/위약금
2023030731,2023-06-16,남자,30 - 39세,경기도,국내온라인거래,항공여객운송서비스,계약불이행(불완전이행)
2023030732,2023-06-16,남자,40 - 49세,대구광역시,국내온라인거래,국외여행,부당행위
2023030733,2023-06-16,여자,30 - 39세,서울특별시,TV홈쇼핑,기타인테리어설비,품질(물품/용역)
2023030734,2023-06-16,여자,50 - 59세,서울특별시,전화권유판매,초고속인터넷,계약해제.해지/위약금
2023030735,2023-06-16,여자,20 - 29세,제주도,국내온라인거래,기타이·미용서비스,계약해제.해지/위약금
2023030736,2023-06-16,여자,20 - 29세,서울특별시,국내온라인거래,항공여객운송서비스,가격.요금
2023030737,2023-06-16,여자,20 - 29세,서울특별시,방문판매,스포츠시설이용,청약철회
2023030738,2023-06-16,남자,60 - 64세,부산광역시,국내온라인거래,기타의류·섬유,청약철회
2023030739,2023-06-16,여자,30 - 39세,강원특별자치도,기타,인터넷교육서비스,계약해제.해지/위약금
2023030740,2023-06-16,남자,50 - 59세,충청남도,기타,항공여객운송서비스,법.제도
2023030741,2023-06-16,남자,50 - 59세,서울특별시,국내온라인거래,태블릿PC,품질(물품/용역)
2023030742,2023-06-16,여자,30 - 39세,부산광역시,국내온라인거래,기타의류·섬유,부당행위
2023030743,2023-06-16,남자,65 - 69세,경상남도,기타,기타빵·과자류,안전(제품/시설)
2023030744,2023-06-16,여자,30 - 39세,충청북도,일반판매,공기청정기대여(렌트),계약해제.해지/위약금
2023030745,2023-06-16,남자,30 - 39세,경기도,일반판매,예식서비스,계약해제.해지/위약금
2023030746,2023-06-16,남자,50 - 59세,서울특별시,TV홈쇼핑,항공여객운송서비스,계약불이행(불완전이행)
2023030747,2023-06-16,남자,40 - 49세,경기도,기타,낚시용품,부당행위
2023030748,2023-06-16,여자,20 - 29세,서울특별시,일반판매,일반강습(입시학원등),계약해제.해지/위약금
2023030749,2023-06-16,남자,30 - 39세,인천광역시,국내온라인거래,캐주얼바지,청약철회
2023030750,2023-06-16,여자,20 - 29세,부산광역시,국내온라인거래,각종공연관람,계약불이행(불완전이행)
2023030751,2023-06-16,남자,50 - 59세,전라남도,일반판매,냉장고,표시.광고
2023030752,2023-06-16,여자,20 - 29세,충청북도,일반판매,필라테스,계약해제.해지/위약금
2023030753,2023-06-16,남자,40 - 49세,경기도,국내온라인거래,프린터잉크,품질(물품/용역)
2023030754,2023-06-16,남자,40 - 49세,부산광역시,국내온라인거래,인터넷교육서비스,부당행위
2023030755,2023-06-16,남자,20 - 29세,서울특별시,국내온라인거래,인터넷교육서비스,계약해제.해지/위약금
2023030756,2023-06-16,여자,50 - 59세,경기도,국내온라인거래,국외여행,계약해제.해지/위약금
2023030757,2023-06-16,남자,40 - 49세,인천광역시,일반판매,헬스장,계약불이행(불완전이행)
2023030758,2023-06-16,여자,40 - 49세,서울특별시,기타통신판매,미분류대여(렌트),계약해제.해지/위약금
2023030759,2023-06-16,여자,20 - 29세,서울특별시,국내온라인거래,각종공연관람,계약해제.해지/위약금
2023030760,2023-06-16,여자,20 - 29세,경기도,국제온라인거래,항공여객운송서비스,청약철회
2023030761,2023-06-16,여자,40 - 49세,서울특별시,국내온라인거래,셔츠,청약철회
2023030762,2023-06-16,남자,60 - 64세,서울특별시,기타통신판매,택배화물운송서비스,품질(물품/용역)
2023030763,2023-06-16,여자,20 - 29세,경기도,일반판매,헬스장,계약해제.해지/위약금
2023030764,2023-06-16,여자,20 - 29세,대전광역시,국내온라인거래,항공여객운송서비스,계약해제.해지/위약금
2023030765,2023-06-16,여자,30 - 39세,경기도,방문판매,예식서비스,계약해제.해지/위약금
2023030766,2023-06-16,여자,50 - 59세,인천광역시,TV홈쇼핑,시계,표시.광고
2023030767,2023-06-16,남자,50 - 59세,경기도,기타,전기세탁기,계약불이행(불완전이행)
2023030768,2023-06-16,여자,50 - 59세,인천광역시,TV홈쇼핑,국외여행,계약해제.해지/위약금
2023030769,2023-06-16,여자,40 - 49세,경기도,방문판매,인터넷교육서비스,계약해제.해지/위약금
2023030770,2023-06-16,남자,40 - 49세,대전광역시,국제온라인거래,텐트,청약철회
2023030772,2023-06-16,여자,30 - 39세,서울특별시,국내온라인거래,항공여객운송서비스,계약해제.해지/위약금
2023030773,2023-06-16,여자,30 - 39세,경기도,일반판매,사진촬영,계약해제.해지/위약금
2023030774,2023-06-16,여자,30 - 39세,경기도,일반판매,요가,청약철회
2023030775,2023-06-16,여자,20 - 29세,경상남도,국내온라인거래,기타가방,청약철회
2023030776,2023-06-16,여자,20 - 29세,서울특별시,국내온라인거래,각종공연관람,부당행위
2023030777,2023-06-16,남자,10 - 19세,경상남도,방문판매,헤드폰·이어폰,품질(물품/용역)
2023030778,2023-06-16,여자,40 - 49세,서울특별시,전화권유판매,인터넷교육서비스,계약해제.해지/위약금
2023030779,2023-06-16,남자,30 - 39세,전라남도,국내온라인거래,티셔츠,가격.요금
2023030780,2023-06-16,남자,40 - 49세,경기도,모바일거래,기타숙박시설,청약철회
2023030781,2023-06-16,남자,30 - 39세,경기도,소셜커머스(쇼핑),벤치,품질(물품/용역)
2023030782,2023-06-16,여자,40 - 49세,경기도,전화권유판매,인터넷교육서비스,계약해제.해지/위약금
2023030783,2023-06-16,여자,30 - 39세,경기도,일반판매,헬스장,계약해제.해지/위약금
2023030784,2023-06-16,여자,40 - 49세,인천광역시,방문판매,인터넷교육서비스,계약해제.해지/위약금
2023030786,2023-06-16,여자,40 - 49세,경상남도,방문판매,학습지,계약해제.해지/위약금
2023030787,2023-06-16,여자,60 - 64세,경기도,국내온라인거래,원피스,청약철회
2023030788,2023-06-16,여자,40 - 49세,전라남도,일반판매,응접테이블,계약불이행(불완전이행)
2023030789,2023-06-16,여자,30 - 39세,충청남도,국내온라인거래,서랍장,품질(물품/용역)
2023030790,2023-06-16,여자,20 - 29세,서울특별시,방문판매,필라테스,청약철회
2023030791,2023-06-16,남자,40 - 49세,서울특별시,국내온라인거래,퍼스널컴퓨터,품질(물품/용역)
2023030792,2023-06-16,남자,50 - 59세,경상남도,전화권유판매,담배,계약불이행(불완전이행)
2023030793,2023-06-16,여자,20 - 29세,서울특별시,일반판매,기타세탁서비스,계약불이행(불완전이행)
2023030794,2023-06-16,여자,30 - 39세,인천광역시,일반판매,피부·체형관리서비스,계약해제.해지/위약금
2023030795,2023-06-16,여자,40 - 49세,경상북도,소셜커머스(쇼핑),선풍기,청약철회
2023030796,2023-06-16,남자,30 - 39세,경기도,일반판매,외식,품질(물품/용역)
2023030797,2023-06-16,여자,20 - 29세,부산광역시,기타,필라테스,계약해제.해지/위약금
2023030798,2023-06-16,여자,50 - 59세,경기도,일반판매,소파,품질(물품/용역)
2023030799,2023-06-16,여자,20 - 29세,경기도,일반판매,헬스장,약관
2023030815,2023-06-17,남자,30 - 39세,경기도,일반판매,애완고양이,청약철회
2023030816,2023-06-17,남자,30 - 39세,경상남도,국내온라인거래,기타통신기기,부당행위
2023030817,2023-06-17,여자,20 - 29세,서울특별시,일반판매,기타세탁서비스,품질(물품/용역)
2023030818,2023-06-17,남자,40 - 49세,서울특별시,국내온라인거래,메모리,청약철회
2023030819,2023-06-17,여자,20 - 29세,경상북도,국내온라인거래,숙녀복상의,청약철회
2023030820,2023-06-17,남자,40 - 49세,전라북도,기타,포장이사운송서비스,품질(물품/용역)
2023030821,2023-06-17,여자,40 - 49세,경기도,방문판매,기타교육서비스,계약해제.해지/위약금
2023030822,2023-06-17,남자,30 - 39세,부산광역시,기타통신판매,국내결혼중개,계약해제.해지/위약금
2023030823,2023-06-17,여자,20 - 29세,경기도,일반판매,피임약,품질(물품/용역)
2023030824,2023-06-17,여자,30 - 39세,부산광역시,일반판매,예식서비스,계약불이행(불완전이행)
2023030825,2023-06-17,여자,30 - 39세,경상남도,소셜커머스(쇼핑),운동화,품질(물품/용역)
2023030826,2023-06-17,남자,50 - 59세,경기도,국내온라인거래,항공여객운송서비스,계약불이행(불완전이행)
2023030827,2023-06-17,남자,40 - 49세,서울특별시,국내온라인거래,국외여행,계약해제.해지/위약금
2023030828,2023-06-17,여자,30 - 39세,서울특별시,국내온라인거래,CD·LD·DVD(영화·음악·게임),계약불이행(불완전이행)
2023030830,2023-06-17,남자,40 - 49세,서울특별시,기타통신판매,도어,품질(물품/용역)
2023030831,2023-06-17,여자,40 - 49세,서울특별시,모바일거래,복숭아,품질(물품/용역)
2023030832,2023-06-17,여자,40 - 49세,서울특별시,국내온라인거래,컴퓨터모니터(데스크탑),품질(물품/용역)
2023030833,2023-06-17,여자,50 - 59세,대구광역시,국내온라인거래,책장·서가,청약철회
2023030835,2023-06-17,여자,40 - 49세,경기도,일반판매,포장이사운송서비스,품질(물품/용역)
2023030915,2023-06-18,남자,30 - 39세,부산광역시,국내온라인거래,전기의류건조기,계약해제.해지/위약금
2023030916,2023-06-18,여자,40 - 49세,서울특별시,국내온라인거래,운동화,청약철회
2023030917,2023-06-18,남자,30 - 39세,부산광역시,국내온라인거래,식사배달,계약불이행(불완전이행)
2023030918,2023-06-18,남자,30 - 39세,경기도,일반판매,항공여객운송서비스,계약불이행(불완전이행)
2023030919,2023-06-18,여자,30 - 39세,서울특별시,방문판매,미용서비스,계약해제.해지/위약금
2023030920,2023-06-18,여자,30 - 39세,강원특별자치도,국내온라인거래,티셔츠,품질(물품/용역)
2023030921,2023-06-18,남자,65 - 69세,경기도,일반판매,기타주택·건물,계약불이행(불완전이행)
2023030922,2023-06-18,남자,30 - 39세,서울특별시,국내온라인거래,전기진공청소기,AS불만
2023030923,2023-06-18,남자,40 - 49세,경기도,전화권유판매,국내결혼중개,계약해제.해지/위약금
2023030924,2023-06-18,여자,20 - 29세,경기도,국내온라인거래,캐주얼바지,품질(물품/용역)
2023030925,2023-06-18,여자,30 - 39세,경기도,국내온라인거래,가운·잠옷류,표시.광고
2023030926,2023-06-18,여자,20 - 29세,서울특별시,일반판매,헬스장,계약해제.해지/위약금
2023030927,2023-06-18,여자,20 - 29세,부산광역시,국내온라인거래,일반강습(입시학원등),계약해제.해지/위약금
2023030928,2023-06-18,여자,30 - 39세,서울특별시,국내온라인거래,각종자격취득강습,계약해제.해지/위약금
2023030929,2023-06-18,남자,30 - 39세,서울특별시,국내온라인거래,식탁,품질(물품/용역)
2023030930,2023-06-18,남자,30 - 39세,경상북도,소셜커머스(쇼핑),화장품세트,청약철회
2023030931,2023-06-18,여자,50 - 59세,경기도,국내온라인거래,기타의류·섬유,청약철회
2023030932,2023-06-18,여자,20 - 29세,경기도,일반판매,피부·체형관리서비스,계약해제.해지/위약금
2023030933,2023-06-18,여자,20 - 29세,부산광역시,일반판매,초고속인터넷,부당행위
2023030934,2023-06-18,남자,40 - 49세,경기도,국내온라인거래,콘도,청약철회
2023030935,2023-06-16,여자,30 - 39세,서울특별시,일반판매,기타매체광고,계약해제.해지/위약금
2023030936,2023-06-19,여자,20 - 29세,경기도,기타통신판매,기타사설강습서비스,계약해제.해지/위약금
2023030937,2023-06-19,여자,70 - 79세,경기도,일반판매,치과,품질(물품/용역)
2023030938,2023-06-19,남자,30 - 39세,경상남도,기타,자동차수리·점검,품질(물품/용역)
2023030939,2023-06-19,여자,20 - 29세,전라북도,국내온라인거래,항공여객운송서비스,청약철회
2023030940,2023-06-19,남자,30 - 39세,대구광역시,소셜커머스(쇼핑),핸드백,계약불이행(불완전이행)
2023030941,2023-06-19,여자,20 - 29세,서울특별시,일반판매,자동차대여(렌트),계약해제.해지/위약금
2023030942,2023-06-19,여자,40 - 49세,경상남도,국내온라인거래,양복(서양식 의복)세탁,품질(물품/용역)
2023030943,2023-06-19,여자,20 - 29세,서울특별시,국내온라인거래,항공여객운송서비스,청약철회
2023030944,2023-06-19,여자,60 - 64세,경기도,국내온라인거래,국내여행,계약불이행(불완전이행)
2023030945,2023-06-19,남자,70 - 79세,경기도,국내온라인거래,재봉틀,품질(물품/용역)
2023030946,2023-06-19,여자,70 - 79세,대구광역시,일반판매,건강(암·기타질병)보험,계약불이행(불완전이행)
2023030947,2023-06-19,여자,40 - 49세,경상북도,국내온라인거래,헤어드라이어,AS불만
2023030948,2023-06-19,여자,70 - 79세,울산광역시,일반판매,양복(서양식 의복)세탁,품질(물품/용역)
2023030949,2023-06-19,남자,30 - 39세,충청남도,국내온라인거래,스마트폰,계약불이행(불완전이행)
2023030950,2023-06-19,남자,30 - 39세,경기도,일반판매,오토바이,계약불이행(불완전이행)
2023030952,2023-06-19,여자,40 - 49세,울산광역시,일반판매,양복(서양식 의복)세탁,품질(물품/용역)
2023030953,2023-06-19,남자,50 - 59세,경기도,일반판매,건강(암·기타질병)보험,약관
2023030954,2023-06-19,여자,40 - 49세,경기도,일반판매,외식,부당행위
2023030955,2023-06-19,남자,40 - 49세,인천광역시,소셜커머스(쇼핑),모바일정보이용서비스,계약해제.해지/위약금
2023030956,2023-06-19,남자,40 - 49세,경기도,국내온라인거래,티셔츠,청약철회
2023030957,2023-06-19,여자,60 - 64세,경기도,일반판매,포장이사운송서비스,계약불이행(불완전이행)
2023030958,2023-06-19,여자,20 - 29세,경상남도,국내온라인거래,기타가방,품질(물품/용역)
2023030959,2023-06-19,여자,30 - 39세,전라북도,일반판매,숙녀복하의,품질(물품/용역)
2023030960,2023-06-19,남자,40 - 49세,대전광역시,일반판매,중형승용자동차,안전(제품/시설)
2023030961,2023-06-19,남자,40 - 49세,경기도,모바일거래,먹는샘물,청약철회
2023030962,2023-06-19,남자,50 - 59세,서울특별시,일반판매,자동차수리·점검,품질(물품/용역)
2023030963,2023-06-19,여자,30 - 39세,경기도,일반판매,필라테스,계약해제.해지/위약금
2023030964,2023-06-19,여자,50 - 59세,인천광역시,일반판매,기타인테리어설비,AS불만
2023030965,2023-06-19,여자,50 - 59세,서울특별시,일반판매,건강(암·기타질병)보험,계약불이행(불완전이행)
2023030966,2023-06-19,여자,30 - 39세,서울특별시,국내온라인거래,양복(서양식 의복)세탁,품질(물품/용역)
2023030967,2023-06-19,남자,40 - 49세,부산광역시,일반판매,중형승용자동차,품질(물품/용역)
2023030968,2023-06-19,여자,30 - 39세,경기도,국내온라인거래,건물청소서비스,품질(물품/용역)
2023030969,2023-06-19,남자,30 - 39세,경기도,일반판매,자동차수리·점검,부당행위
2023030970,2023-06-19,남자,30 - 39세,경상북도,국내온라인거래,운동화,청약철회
2023030971,2023-06-19,남자,65 - 69세,서울특별시,기타통신판매,전기자전거,청약철회
2023030972,2023-06-19,여자,70 - 79세,울산광역시,일반판매,창호유리,품질(물품/용역)
2023030973,2023-06-19,여자,30 - 39세,제주도,국내온라인거래,타올,품질(물품/용역)
2023030974,2023-06-19,여자,30 - 39세,경기도,국내온라인거래,항공여객운송서비스,계약해제.해지/위약금
2023030975,2023-06-19,남자,40 - 49세,대전광역시,국내온라인거래,보석·귀금속,계약불이행(불완전이행)
2023030976,2023-06-19,남자,(미입력),경상남도,TV홈쇼핑,전기진공청소기,안전(제품/시설)
2023030977,2023-06-19,여자,30 - 39세,대전광역시,일반판매,헬스장,계약해제.해지/위약금
2023030978,2023-06-19,남자,40 - 49세,대구광역시,일반판매,국내결혼중개,계약해제.해지/위약금
2023030979,2023-06-19,여자,20 - 29세,경기도,방문판매,헬스장,계약해제.해지/위약금
2023030980,2023-06-19,여자,40 - 49세,서울특별시,국내온라인거래,신발세탁,계약불이행(불완전이행)
2023030981,2023-06-19,여자,30 - 39세,경기도,일반판매,필라테스,계약해제.해지/위약금
2023030982,2023-06-19,여자,20 - 29세,대구광역시,일반판매,성형외과,계약해제.해지/위약금
2023030984,2023-06-19,남자,50 - 59세,서울특별시,국내온라인거래,라텍스매트리스,품질(물품/용역)
2023030985,2023-06-19,남자,20 - 29세,서울특별시,일반판매,성형외과,계약불이행(불완전이행)
2023030986,2023-06-19,여자,30 - 39세,서울특별시,일반판매,헬스장,계약해제.해지/위약금
2023030987,2023-06-19,남자,30 - 39세,서울특별시,방문판매,헬스장,계약해제.해지/위약금
2023030988,2023-06-19,여자,20 - 29세,경상남도,일반판매,치과,계약불이행(불완전이행)
2023030990,2023-06-19,여자,60 - 64세,충청북도,기타통신판매,초고속인터넷,계약해제.해지/위약금
2023030991,2023-06-19,남자,60 - 64세,대구광역시,일반판매,등산화,품질(물품/용역)
2023030992,2023-06-19,남자,30 - 39세,서울특별시,국내온라인거래,헬스장,계약해제.해지/위약금
2023030993,2023-06-19,남자,30 - 39세,서울특별시,일반판매,카셰어링,계약해제.해지/위약금
2023030995,2023-06-19,남자,불명,경기도,국내온라인거래,기타악기·용품,계약불이행(불완전이행)
2023030996,2023-06-19,여자,50 - 59세,경기도,일반판매,숙녀화(구두·부츠 등),품질(물품/용역)
2023030997,2023-06-19,여자,40 - 49세,인천광역시,일반판매,양복(서양식 의복)세탁,품질(물품/용역)
2023030998,2023-06-19,여자,50 - 59세,서울특별시,일반판매,생활패션화(슬립온·아쿠아슈즈·장화·작업화 등),품질(물품/용역)
2023030999,2023-06-19,남자,70 - 79세,부산광역시,국내온라인거래,전기자전거,품질(물품/용역)
2023031001,2023-06-19,남자,30 - 39세,인천광역시,국내온라인거래,신용카드조회기,청약철회
2023031002,2023-06-19,여자,20 - 29세,경기도,일반판매,성형외과,계약해제.해지/위약금
2023031003,2023-06-19,여자,30 - 39세,경기도,국내온라인거래,스팀다리미,표시.광고
2023031004,2023-06-19,남자,10 - 19세,경상남도,국내온라인거래,운동화,품질(물품/용역)
2023031005,2023-06-19,여자,40 - 49세,경기도,방문판매,인터넷교육서비스,계약해제.해지/위약금
2023031006,2023-06-19,남자,30 - 39세,서울특별시,일반판매,자동차대여(렌트),부당행위
2023031007,2023-06-19,남자,60 - 64세,경기도,국내온라인거래,복합기,품질(물품/용역)
2023031008,2023-06-19,여자,40 - 49세,경기도,일반판매,아이스크림,부당행위
2023031009,2023-06-19,여자,40 - 49세,경기도,일반판매,헬스장,계약해제.해지/위약금
2023031010,2023-06-19,여자,30 - 39세,서울특별시,국내온라인거래,원피스,품질(물품/용역)
2023031011,2023-06-19,남자,40 - 49세,광주광역시,전화권유판매,정수기대여(렌트),청약철회
2023031012,2023-06-19,여자,20 - 29세,경기도,일반판매,헬스장,계약해제.해지/위약금
2023031013,2023-06-19,여자,50 - 59세,서울특별시,일반판매,정수기대여(렌트),계약불이행(불완전이행)
2023031014,2023-06-19,여자,65 - 69세,서울특별시,일반판매,양복(서양식 의복)세탁,품질(물품/용역)
2023031015,2023-06-19,여자,30 - 39세,인천광역시,국내온라인거래,기타조명기기,계약불이행(불완전이행)
2023031016,2023-06-19,남자,30 - 39세,서울특별시,기타통신판매,이동전화서비스,계약불이행(불완전이행)
2023031017,2023-06-19,여자,60 - 64세,인천광역시,방문판매,소파,청약철회
2023031018,2023-06-19,남자,30 - 39세,경기도,국내온라인거래,국외여행,청약철회
2023031019,2023-06-19,남자,40 - 49세,서울특별시,일반판매,헬스장,계약해제.해지/위약금
2023031020,2023-06-19,남자,40 - 49세,대구광역시,일반판매,헬스장,계약해제.해지/위약금
2023031021,2023-06-19,남자,20 - 29세,충청북도,일반판매,양복(서양식 의복)세탁,품질(물품/용역)
2023031022,2023-06-19,여자,40 - 49세,경기도,일반판매,이동전화서비스,계약불이행(불완전이행)
2023031023,2023-06-19,여자,20 - 29세,경기도,일반판매,헬스장,계약해제.해지/위약금
2023031024,2023-06-19,여자,30 - 39세,경기도,기타통신판매,스마트폰,품질(물품/용역)
2023031025,2023-06-19,여자,50 - 59세,경기도,국내온라인거래,항공여객운송서비스,부당행위
2023031026,2023-06-19,여자,20 - 29세,부산광역시,국내온라인거래,운동화,품질(물품/용역)
2023031027,2023-06-19,남자,40 - 49세,경기도,일반판매,타이어,품질(물품/용역)
2023031028,2023-06-19,여자,65 - 69세,경기도,국내온라인거래,숙녀복상의,품질(물품/용역)
2023031029,2023-06-19,여자,20 - 29세,부산광역시,일반판매,필라테스,계약해제.해지/위약금
2023031030,2023-06-19,남자,65 - 69세,경기도,기타통신판매,모바일정보이용서비스,계약불이행(불완전이행)
2023031032,2023-06-19,여자,30 - 39세,경기도,일반판매,헬스장,계약해제.해지/위약금
2023031033,2023-06-19,남자,80세이상,서울특별시,일반판매,인터넷전화,가격.요금
2023031034,2023-06-19,여자,50 - 59세,광주광역시,일반판매,헬스장,계약해제.해지/위약금
2023031035,2023-06-19,남자,30 - 39세,서울특별시,모바일거래,응접테이블,청약철회
2023031036,2023-06-19,남자,50 - 59세,전라북도,일반판매,건강(암·기타질병)보험,약관
2023031037,2023-06-19,여자,50 - 59세,인천광역시,일반판매,상해보험,약관
2023031039,2023-06-19,남자,50 - 59세,대전광역시,전화권유판매,실손보험,약관
2023031040,2023-06-19,남자,40 - 49세,경기도,일반판매,상해보험,부당행위
2023031041,2023-06-19,남자,65 - 69세,인천광역시,전화권유판매,유사투자자문,계약해제.해지/위약금
2023031043,2023-06-19,남자,50 - 59세,경기도,기타통신판매,유사투자자문,계약해제.해지/위약금
2023031045,2023-06-19,여자,20 - 29세,서울특별시,전화권유판매,실손보험,약관
2023031046,2023-06-19,여자,40 - 49세,충청북도,일반판매,소형화물자동차,계약불이행(불완전이행)
2023031047,2023-06-19,여자,30 - 39세,경상남도,기타통신판매,상조서비스,계약해제.해지/위약금
2023031048,2023-06-19,여자,20 - 29세,경기도,기타통신판매,필라테스,계약해제.해지/위약금
2023031049,2023-06-19,남자,불명,대구광역시,국내온라인거래,각종공연관람,청약철회
2023031050,2023-06-19,남자,불명,경기도,국내온라인거래,운동화,계약불이행(불완전이행)
2023031051,2023-06-19,여자,30 - 39세,경기도,일반판매,치과,계약해제.해지/위약금
2023031052,2023-06-19,여자,40 - 49세,경기도,일반판매,양복(서양식 의복)세탁,품질(물품/용역)
2023031053,2023-06-19,여자,30 - 39세,인천광역시,일반판매,골프회원권,계약해제.해지/위약금
2023031054,2023-06-19,여자,40 - 49세,경기도,일반판매,양복(서양식 의복)세탁,품질(물품/용역)
2023031055,2023-06-19,남자,40 - 49세,전라남도,전화권유판매,모바일정보이용서비스,계약불이행(불완전이행)
2023031056,2023-06-19,남자,40 - 49세,경상남도,방문판매,기타의류·섬유,계약불이행(불완전이행)
2023031057,2023-06-19,여자,40 - 49세,경기도,일반판매,헬스장,계약불이행(불완전이행)
2023031058,2023-06-19,남자,30 - 39세,서울특별시,소셜커머스(쇼핑),블라인드,계약해제.해지/위약금
2023031059,2023-06-19,여자,40 - 49세,전라남도,모바일거래,모바일정보이용서비스,계약불이행(불완전이행)
2023031060,2023-06-19,여자,20 - 29세,서울특별시,국내온라인거래,외식,안전(제품/시설)
2023031061,2023-06-19,여자,30 - 39세,경상남도,소셜커머스(쇼핑),선풍기,품질(물품/용역)
2023031062,2023-06-19,여자,20 - 29세,경기도,국내온라인거래,스커트,청약철회
2023031063,2023-06-19,여자,20 - 29세,서울특별시,일반판매,침대·매트리스대여(렌트),품질(물품/용역)
2023031064,2023-06-19,여자,40 - 49세,전라남도,기타,안마의자대여(렌트),AS불만
2023031065,2023-06-19,여자,30 - 39세,경상남도,국내온라인거래,기타숙박시설,계약해제.해지/위약금
2023031066,2023-06-19,여자,40 - 49세,경상남도,국내온라인거래,운동화,계약해제.해지/위약금
2023031067,2023-06-19,남자,20 - 29세,서울특별시,일반판매,헬스장,계약해제.해지/위약금
2023031068,2023-06-19,남자,30 - 39세,대구광역시,국내온라인거래,각종쿠폰류(무료통화권포함),약관
2023031069,2023-06-19,남자,40 - 49세,경기도,일반판매,골프회원권,계약해제.해지/위약금
2023031070,2023-06-19,남자,30 - 39세,경기도,국내온라인거래,남자용내의류,청약철회
2023031071,2023-06-19,여자,40 - 49세,서울특별시,국제온라인거래,사진촬영,계약해제.해지/위약금
2023031072,2023-06-19,여자,20 - 29세,대구광역시,소셜커머스(쇼핑),택배화물운송서비스,부당행위
2023031073,2023-06-19,남자,50 - 59세,경기도,국제온라인거래,기타스포츠·레저기구·용품,계약불이행(불완전이행)
2023031074,2023-06-19,여자,50 - 59세,전라남도,국내온라인거래,기타숙박시설,계약해제.해지/위약금
2023031075,2023-06-19,여자,30 - 39세,경기도,일반판매,온천탕,안전(제품/시설)
2023031076,2023-06-19,남자,40 - 49세,경기도,모바일거래,모바일게임서비스,계약해제.해지/위약금
2023031077,2023-06-19,여자,40 - 49세,전라남도,소셜커머스(쇼핑),국외여행,품질(물품/용역)
2023031078,2023-06-19,여자,40 - 49세,부산광역시,국내온라인거래,컴퓨터수리,계약불이행(불완전이행)
2023031079,2023-06-19,여자,40 - 49세,서울특별시,기타,골프회원권,계약불이행(불완전이행)
2023031080,2023-06-19,남자,30 - 39세,경기도,국내온라인거래,텐트,품질(물품/용역)
2023031081,2023-06-19,남자,30 - 39세,경기도,일반판매,택배화물운송서비스,이자.수수료
2023031082,2023-06-19,남자,40 - 49세,경기도,국내온라인거래,전기맛사지기,품질(물품/용역)
2023031083,2023-06-19,여자,20 - 29세,경기도,국내온라인거래,기타미분류서비스,계약해제.해지/위약금
2023031084,2023-06-19,여자,50 - 59세,경상북도,일반판매,포장이사운송서비스,품질(물품/용역)
2023031085,2023-06-19,남자,40 - 49세,서울특별시,국내온라인거래,티셔츠,청약철회
2023031087,2023-06-19,여자,20 - 29세,충청남도,일반판매,피부·체형관리서비스,계약해제.해지/위약금
2023031088,2023-06-19,남자,40 - 49세,경기도,국내온라인거래,전문스포츠화(축구화·골프화 등),청약철회
2023031089,2023-06-19,여자,20 - 29세,경기도,기타,헬스장,계약해제.해지/위약금
2023031090,2023-06-19,남자,30 - 39세,전라북도,일반판매,이용서비스,품질(물품/용역)
2023031091,2023-06-19,남자,40 - 49세,경기도,국내온라인거래,낚시용품,품질(물품/용역)
2023031092,2023-06-19,남자,40 - 49세,경기도,국내온라인거래,인터넷교육서비스,계약해제.해지/위약금
2023031093,2023-06-19,남자,40 - 49세,울산광역시,국내온라인거래,기타어패류·어패류가공식품,품질(물품/용역)
2023031094,2023-06-19,여자,50 - 59세,전라북도,기타통신판매,다이어트식품,청약철회
2023031095,2023-06-19,남자,40 - 49세,서울특별시,국내온라인거래,항공여객운송서비스,계약해제.해지/위약금
2023031096,2023-06-19,남자,30 - 39세,경기도,국제온라인거래,소파,청약철회
2023031097,2023-06-19,남자,40 - 49세,대구광역시,기타통신판매,컴퓨터수리,계약불이행(불완전이행)
2023031098,2023-06-19,여자,30 - 39세,경기도,국내온라인거래,꽃·화초·화환,청약철회
2023031099,2023-06-19,여자,30 - 39세,대전광역시,국제온라인거래,항공여객운송서비스,청약철회
2023031100,2023-06-19,여자,30 - 39세,경기도,국내온라인거래,인터넷교육서비스,계약해제.해지/위약금
2023031101,2023-06-19,여자,20 - 29세,서울특별시,일반판매,통신기기케이스,품질(물품/용역)
2023031102,2023-06-19,여자,30 - 39세,경기도,국내온라인거래,커피메이커,청약철회
2023031103,2023-06-19,남자,40 - 49세,서울특별시,국제온라인거래,항공여객운송서비스,청약철회
2023031104,2023-06-19,남자,30 - 39세,인천광역시,일반판매,애완견,계약불이행(불완전이행)
2023031105,2023-06-19,남자,60 - 64세,경기도,소셜커머스(쇼핑),미용화장지(휴지),표시.광고
2023031106,2023-06-19,남자,30 - 39세,서울특별시,일반판매,헬스장,청약철회
2023031107,2023-06-19,남자,20 - 29세,경기도,일반판매,영화관람,계약해제.해지/위약금
2023031108,2023-06-19,여자,30 - 39세,경상북도,국내온라인거래,소파,품질(물품/용역)
2023031109,2023-06-19,여자,30 - 39세,인천광역시,기타,종합체육시설회원권,계약해제.해지/위약금
2023031110,2023-06-19,남자,20 - 29세,서울특별시,국내온라인거래,기타문화·오락시설이용,표시.광고
2023031111,2023-06-19,남자,40 - 49세,경기도,일반판매,태블릿PC,품질(물품/용역)
2023031112,2023-06-19,여자,40 - 49세,경기도,일반판매,식기세척기,AS불만
2023031113,2023-06-19,여자,30 - 39세,서울특별시,일반판매,헬스장,청약철회
2023031114,2023-06-19,여자,30 - 39세,경기도,국내온라인거래,원피스,품질(물품/용역)
2023031115,2023-06-19,여자,40 - 49세,서울특별시,기타,택배화물운송서비스,품질(물품/용역)
2023031116,2023-06-19,여자,40 - 49세,서울특별시,기타통신판매,기타방문·통신교육서비스,계약불이행(불완전이행)
2023031117,2023-06-19,여자,20 - 29세,제주도,국내온라인거래,항공여객운송서비스,계약해제.해지/위약금
2023031118,2023-06-19,여자,불명,서울특별시,방문판매,이동전화서비스,계약해제.해지/위약금
2023031119,2023-06-19,여자,30 - 39세,경기도,방문판매,인터넷교육서비스,계약해제.해지/위약금
2023031120,2023-06-19,여자,30 - 39세,서울특별시,일반판매,미용서비스,계약해제.해지/위약금
2023031121,2023-06-19,남자,40 - 49세,경기도,일반판매,예식서비스,계약해제.해지/위약금
2023031122,2023-06-19,남자,50 - 59세,경기도,국제온라인거래,택배화물운송서비스,계약불이행(불완전이행)
2023031123,2023-06-19,남자,40 - 49세,인천광역시,일반판매,빵,청약철회
2023031124,2023-06-19,여자,40 - 49세,인천광역시,국내온라인거래,인터넷교육서비스,계약불이행(불완전이행)
2023031125,2023-06-19,남자,30 - 39세,경기도,일반판매,외식,계약해제.해지/위약금
2023031126,2023-06-19,여자,50 - 59세,서울특별시,국내온라인거래,인터넷교육서비스,계약해제.해지/위약금
2023031127,2023-06-19,여자,40 - 49세,서울특별시,국내온라인거래,캐주얼바지,품질(물품/용역)
2023031128,2023-06-19,남자,40 - 49세,인천광역시,기타,건물청소서비스,품질(물품/용역)
2023031129,2023-06-19,여자,40 - 49세,서울특별시,일반판매,필라테스,청약철회
2023031130,2023-06-19,남자,20 - 29세,인천광역시,일반판매,헬스장,계약해제.해지/위약금
2023031131,2023-06-19,남자,40 - 49세,부산광역시,기타,모바일정보이용서비스,부당채권추심
2023031132,2023-06-19,여자,40 - 49세,경기도,국내온라인거래,기타보온·보냉기기,계약불이행(불완전이행)
2023031133,2023-06-19,여자,40 - 49세,경기도,전화권유판매,국외여행,계약불이행(불완전이행)
2023031134,2023-06-19,남자,20 - 29세,부산광역시,국내온라인거래,합성피혁의류,청약철회
2023031135,2023-06-19,여자,30 - 39세,대구광역시,국내온라인거래,매트,품질(물품/용역)
2023031136,2023-06-19,여자,20 - 29세,경기도,일반판매,각종공연관람,계약불이행(불완전이행)
2023031137,2023-06-19,남자,20 - 29세,광주광역시,기타,기타숙박시설,계약해제.해지/위약금
2023031138,2023-06-19,여자,40 - 49세,서울특별시,전화권유판매,해외유학알선,계약해제.해지/위약금
2023031139,2023-06-19,여자,30 - 39세,경기도,국내온라인거래,장식장,품질(물품/용역)
2023031140,2023-06-19,여자,30 - 39세,울산광역시,국내온라인거래,전집물,청약철회
2023031141,2023-06-19,여자,30 - 39세,전라북도,일반판매,피혁세탁,품질(물품/용역)
2023031142,2023-06-19,남자,30 - 39세,부산광역시,기타,소파,계약불이행(불완전이행)
2023031143,2023-06-19,남자,50 - 59세,대구광역시,국내온라인거래,매트,청약철회
2023031144,2023-06-19,여자,40 - 49세,경상남도,전화권유판매,모바일정보이용서비스,계약해제.해지/위약금
2023031145,2023-06-19,여자,20 - 29세,서울특별시,방문판매,결혼준비대행서비스,계약해제.해지/위약금
2023031146,2023-06-19,남자,20 - 29세,서울특별시,방문판매,헬스장,청약철회
2023031147,2023-06-19,여자,30 - 39세,경기도,일반판매,식탁,AS불만
2023031148,2023-06-19,여자,30 - 39세,경기도,일반판매,룸에어컨,품질(물품/용역)
2023031149,2023-06-19,여자,50 - 59세,대전광역시,전화권유판매,각종자격취득강습,계약불이행(불완전이행)
2023031150,2023-06-19,여자,40 - 49세,서울특별시,모바일거래,인터넷정보이용서비스,부당행위
2023031151,2023-06-19,남자,50 - 59세,경기도,국내온라인거래,영화관람,계약해제.해지/위약금
2023031152,2023-06-19,남자,30 - 39세,서울특별시,일반판매,택배화물운송서비스,계약불이행(불완전이행)
2023031153,2023-06-19,여자,30 - 39세,부산광역시,방문판매,필라테스,계약해제.해지/위약금
2023031154,2023-06-19,여자,30 - 39세,전라남도,국내온라인거래,기타가구,부당행위
2023031155,2023-06-19,여자,30 - 39세,경기도,일반판매,보석·귀금속,가격.요금
2023031156,2023-06-19,여자,30 - 39세,경기도,방문판매,헬스장,계약해제.해지/위약금
2023031157,2023-06-19,남자,40 - 49세,서울특별시,모바일거래,호텔,계약해제.해지/위약금
2023031158,2023-06-19,여자,50 - 59세,서울특별시,국내온라인거래,인터넷교육서비스,계약불이행(불완전이행)
2023031159,2023-06-19,여자,20 - 29세,경기도,일반판매,피부·체형관리서비스,계약해제.해지/위약금
2023031160,2023-06-19,남자,30 - 39세,경기도,기타,스마트폰,AS불만
2023031161,2023-06-20,남자,40 - 49세,전라북도,일반판매,자동차수리·점검,계약불이행(불완전이행)
2023031162,2023-06-20,남자,65 - 69세,서울특별시,일반판매,정형외과,품질(물품/용역)
2023031163,2023-06-20,남자,65 - 69세,대전광역시,일반판매,모자,품질(물품/용역)
2023031164,2023-06-20,여자,20 - 29세,경기도,일반판매,필라테스,계약해제.해지/위약금
2023031165,2023-06-20,남자,30 - 39세,전라남도,일반판매,정수기,계약해제.해지/위약금
2023031167,2023-06-20,여자,20 - 29세,서울특별시,기타,경비·관리서비스,계약불이행(불완전이행)
2023031169,2023-06-20,여자,40 - 49세,서울특별시,일반판매,기타병·의원서비스,계약해제.해지/위약금
2023031170,2023-06-20,여자,70 - 79세,대전광역시,일반판매,운동화,품질(물품/용역)
2023031171,2023-06-20,여자,40 - 49세,경기도,일반판매,치과,계약해제.해지/위약금
2023031172,2023-06-20,남자,60 - 64세,인천광역시,일반판매,정신건강의학과,품질(물품/용역)
2023031173,2023-06-20,남자,50 - 59세,인천광역시,일반판매,신유형상품권,계약불이행(불완전이행)
2023031174,2023-06-20,여자,40 - 49세,부산광역시,국내온라인거래,일반자전거,안전(제품/시설)
2023031175,2023-06-20,여자,40 - 49세,충청남도,일반판매,기타어패류·어패류가공식품,품질(물품/용역)
2023031176,2023-06-20,여자,40 - 49세,서울특별시,일반판매,포장이사운송서비스,품질(물품/용역)
2023031177,2023-06-20,여자,10 - 19세,대구광역시,기타,성형외과,계약해제.해지/위약금
2023031178,2023-06-20,여자,40 - 49세,경상북도,일반판매,가스에어컨,AS불만
2023031179,2023-06-20,여자,60 - 64세,경기도,TV홈쇼핑,전기밥솥,품질(물품/용역)
2023031180,2023-06-20,남자,50 - 59세,경상남도,국내온라인거래,소파,품질(물품/용역)
2023031181,2023-06-20,여자,50 - 59세,경기도,기타통신판매,국외여행,계약불이행(불완전이행)
2023031182,2023-06-20,여자,20 - 29세,서울특별시,일반판매,기타음료,품질(물품/용역)
2023031183,2023-06-20,여자,불명,경기도,국내온라인거래,통신기기케이스,계약불이행(불완전이행)
2023031184,2023-06-20,남자,20 - 29세,경기도,일반판매,헬스장,계약해제.해지/위약금
2023031185,2023-06-20,남자,30 - 39세,경기도,일반판매,중고자동차중개·매매,표시.광고
2023031186,2023-06-20,남자,40 - 49세,경기도,국내온라인거래,항공여객운송서비스,계약해제.해지/위약금
2023031187,2023-06-20,남자,60 - 64세,서울특별시,국내온라인거래,기타주택·건물,품질(물품/용역)
2023031188,2023-06-20,남자,20 - 29세,경기도,국내온라인거래,전기자전거,품질(물품/용역)
2023031189,2023-06-20,여자,30 - 39세,경기도,일반판매,양복(서양식 의복)세탁,품질(물품/용역)
2023031190,2023-06-20,여자,30 - 39세,울산광역시,기타통신판매,매트,품질(물품/용역)
2023031192,2023-06-20,남자,30 - 39세,울산광역시,기타,인덕션레인지,계약해제.해지/위약금
2023031194,2023-06-20,남자,40 - 49세,광주광역시,일반판매,대형승용자동차,품질(물품/용역)
2023031195,2023-06-20,남자,50 - 59세,경기도,일반판매,스마트폰,AS불만
2023031196,2023-06-20,여자,50 - 59세,경기도,TV홈쇼핑,전기고데기,품질(물품/용역)
2023031197,2023-06-20,여자,40 - 49세,제주도,일반판매,자동차대여(렌트),계약해제.해지/위약금
2023031199,2023-06-20,여자,30 - 39세,인천광역시,전화권유판매,기타매체광고,계약해제.해지/위약금
2023031200,2023-06-20,여자,20 - 29세,인천광역시,국내온라인거래,식사배달,안전(제품/시설)
2023031201,2023-06-20,남자,40 - 49세,울산광역시,일반판매,통신기기주변장치,안전(제품/시설)
2023031202,2023-06-20,남자,40 - 49세,서울특별시,일반판매,캐주얼바지,품질(물품/용역)
2023031203,2023-06-20,남자,30 - 39세,경기도,국내온라인거래,카셰어링,계약해제.해지/위약금
2023031205,2023-06-20,남자,70 - 79세,인천광역시,TV홈쇼핑,신유형상품권,계약불이행(불완전이행)
2023031206,2023-06-20,남자,50 - 59세,서울특별시,일반판매,중고자동차중개·매매,표시.광고
2023031208,2023-06-20,남자,65 - 69세,서울특별시,국내온라인거래,기타여행,계약해제.해지/위약금
2023031209,2023-06-20,남자,70 - 79세,전라북도,일반판매,기타공조·냉난방기기,AS불만
2023031210,2023-06-20,여자,50 - 59세,대전광역시,일반판매,안마의자,AS불만
2023031211,2023-06-20,여자,50 - 59세,서울특별시,일반판매,셔츠,품질(물품/용역)
2023031212,2023-06-20,여자,50 - 59세,경기도,일반판매,샌들·슬리퍼,품질(물품/용역)
2023031213,2023-06-20,여자,30 - 39세,서울특별시,방문판매,국내결혼중개,계약해제.해지/위약금
2023031214,2023-06-20,남자,40 - 49세,광주광역시,일반판매,건강(암·기타질병)보험,약관
2023031215,2023-06-20,남자,65 - 69세,인천광역시,일반판매,차량네비게이션(자동항법장치),계약불이행(불완전이행)
2023031216,2023-06-20,남자,40 - 49세,경상남도,일반판매,자동차대여(렌트),약관
2023031217,2023-06-20,남자,30 - 39세,경기도,일반판매,헬스장,계약해제.해지/위약금
2023031218,2023-06-20,여자,40 - 49세,서울특별시,국내온라인거래,기타가방,품질(물품/용역)
2023031219,2023-06-20,남자,20 - 29세,경기도,일반판매,택시여객운송서비스,계약해제.해지/위약금
2023031220,2023-06-20,남자,50 - 59세,경기도,일반판매,식탁,계약해제.해지/위약금
2023031221,2023-06-20,여자,50 - 59세,서울특별시,소셜커머스(쇼핑),여자용내의류,청약철회
2023031222,2023-06-20,여자,50 - 59세,경기도,국내온라인거래,김치냉장고,계약불이행(불완전이행)
2023031223,2023-06-20,여자,30 - 39세,경상남도,국내온라인거래,자동차대여(렌트),계약불이행(불완전이행)
2023031224,2023-06-20,남자,40 - 49세,경기도,기타,항공여객운송서비스,부당행위
2023031226,2023-06-20,남자,50 - 59세,광주광역시,일반판매,중형승용자동차,AS불만
2023031227,2023-06-20,남자,30 - 39세,경기도,모바일거래,카셰어링,부당행위
2023031229,2023-06-20,여자,60 - 64세,경기도,일반판매,기타인테리어설비,계약불이행(불완전이행)
2023031230,2023-06-20,여자,40 - 49세,서울특별시,일반판매,양복(서양식 의복)세탁,품질(물품/용역)
2023031231,2023-06-20,남자,40 - 49세,충청남도,일반판매,스포츠시설이용,계약해제.해지/위약금
2023031232,2023-06-20,여자,20 - 29세,경기도,일반판매,헬스장,계약해제.해지/위약금
2023031233,2023-06-20,여자,60 - 64세,부산광역시,국내온라인거래,생활패션화(슬립온·아쿠아슈즈·장화·작업화 등),품질(물품/용역)
2023031234,2023-06-20,남자,50 - 59세,경상북도,국내온라인거래,운동화,품질(물품/용역)
2023031235,2023-06-20,여자,70 - 79세,인천광역시,TV홈쇼핑,건강침대(흙·돌등),계약불이행(불완전이행)
2023031236,2023-06-20,여자,30 - 39세,서울특별시,일반판매,기타사설강습서비스,계약해제.해지/위약금
2023031237,2023-06-20,남자,60 - 64세,충청남도,국내온라인거래,셀카봉,품질(물품/용역)
2023031238,2023-06-20,여자,40 - 49세,경기도,일반판매,운동화,품질(물품/용역)
2023031239,2023-06-20,남자,80세이상,경기도,일반판매,이동전화서비스,청약철회
2023031242,2023-06-20,여자,30 - 39세,인천광역시,모바일거래,신유형상품권,계약불이행(불완전이행)
2023031243,2023-06-20,여자,50 - 59세,인천광역시,국내온라인거래,캐주얼바지,품질(물품/용역)
2023031244,2023-06-20,남자,40 - 49세,서울특별시,일반판매,제조물·생산및영업배상보험,계약불이행(불완전이행)
2023031245,2023-06-20,여자,30 - 39세,대전광역시,국내온라인거래,인터넷게임서비스,계약해제.해지/위약금
2023031246,2023-06-20,여자,60 - 64세,강원특별자치도,일반판매,공기청정기,계약불이행(불완전이행)
2023031247,2023-06-20,여자,50 - 59세,인천광역시,방문판매,필라테스,계약불이행(불완전이행)
2023031248,2023-06-20,남자,70 - 79세,대구광역시,일반판매,운동화,품질(물품/용역)
2023031249,2023-06-20,여자,30 - 39세,서울특별시,일반판매,운동화,품질(물품/용역)
2023031250,2023-06-20,남자,30 - 39세,인천광역시,방문판매,예식서비스,계약해제.해지/위약금
2023031251,2023-06-20,남자,50 - 59세,부산광역시,일반판매,캐주얼바지,품질(물품/용역)
2023031252,2023-06-20,여자,30 - 39세,경기도,국내온라인거래,아동화,품질(물품/용역)
2023031253,2023-06-20,남자,30 - 39세,부산광역시,국내온라인거래,핸드백,품질(물품/용역)
2023031254,2023-06-20,여자,20 - 29세,경기도,일반판매,한의원,계약해제.해지/위약금
2023031255,2023-06-20,여자,40 - 49세,서울특별시,국내온라인거래,숙녀화(구두·부츠 등),품질(물품/용역)
2023031256,2023-06-20,여자,20 - 29세,대전광역시,일반판매,필라테스,계약해제.해지/위약금
2023031257,2023-06-20,여자,40 - 49세,서울특별시,국내온라인거래,숙녀화(구두·부츠 등),품질(물품/용역)
2023031258,2023-06-20,여자,20 - 29세,서울특별시,일반판매,헬스장,계약해제.해지/위약금
2023031259,2023-06-20,남자,30 - 39세,충청남도,방문판매,헬스장,계약해제.해지/위약금
2023031260,2023-06-20,여자,30 - 39세,부산광역시,일반판매,양복(서양식 의복)세탁,품질(물품/용역)
2023031261,2023-06-20,여자,20 - 29세,경기도,일반판매,헬스장,계약해제.해지/위약금
2023031262,2023-06-20,여자,20 - 29세,서울특별시,방문판매,필라테스,계약해제.해지/위약금
2023031263,2023-06-20,여자,20 - 29세,서울특별시,국내온라인거래,운동화,품질(물품/용역)
2023031264,2023-06-20,남자,불명,대구광역시,국내온라인거래,인터넷정보이용서비스,계약해제.해지/위약금
2023031265,2023-06-20,남자,30 - 39세,충청남도,국내온라인거래,기타숙박시설,표시.광고
2023031266,2023-06-20,남자,60 - 64세,서울특별시,일반판매,마취통증의학과,품질(물품/용역)
2023031268,2023-06-20,남자,50 - 59세,경기도,일반판매,자동차대여(렌트),계약해제.해지/위약금
2023031270,2023-06-20,여자,70 - 79세,서울특별시,일반판매,전기압력밥솥,품질(물품/용역)
2023031271,2023-06-20,남자,80세이상,서울특별시,일반판매,위성방송,품질(물품/용역)
2023031274,2023-06-20,여자,40 - 49세,경상북도,국내온라인거래,핸드백,품질(물품/용역)
2023031275,2023-06-20,여자,50 - 59세,경기도,소셜커머스(쇼핑),TV대,안전(제품/시설)
2023031276,2023-06-20,여자,50 - 59세,경기도,방문판매,정수기대여(렌트),계약해제.해지/위약금
2023031277,2023-06-20,여자,20 - 29세,충청남도,국내온라인거래,기타가방,품질(물품/용역)
2023031278,2023-06-20,남자,30 - 39세,대전광역시,일반판매,골프회원권,계약해제.해지/위약금
2023031279,2023-06-20,여자,30 - 39세,서울특별시,기타통신판매,캐주얼바지,품질(물품/용역)
2023031280,2023-06-20,남자,20 - 29세,경기도,일반판매,헬스장,계약해제.해지/위약금
2023031281,2023-06-20,여자,40 - 49세,대구광역시,모바일거래,전기진공청소기,부당행위
2023031282,2023-06-20,여자,40 - 49세,서울특별시,국내온라인거래,블라우스,청약철회
2023031283,2023-06-20,여자,20 - 29세,강원특별자치도,방문판매,보석·귀금속,청약철회
2023031284,2023-06-20,여자,40 - 49세,서울특별시,국내온라인거래,국외여행,부당행위
2023031285,2023-06-20,남자,40 - 49세,충청북도,일반판매,기타의료용구,안전(제품/시설)
2023031286,2023-06-20,여자,40 - 49세,경기도,국내온라인거래,헤드폰·이어폰,계약불이행(불완전이행)
2023031287,2023-06-20,여자,40 - 49세,경상남도,모바일거래,인터넷게임서비스,무능력자계약
2023031288,2023-06-20,여자,30 - 39세,전라남도,국내온라인거래,기타완구·인형,품질(물품/용역)
2023031289,2023-06-20,남자,30 - 39세,전라남도,국내온라인거래,의자,품질(물품/용역)
2023031290,2023-06-20,여자,30 - 39세,경기도,일반판매,애완동물이·미용서비스,안전(제품/시설)
2023031291,2023-06-20,남자,50 - 59세,인천광역시,국내온라인거래,전기장판,안전(제품/시설)
2023031292,2023-06-20,여자,30 - 39세,서울특별시,일반판매,필라테스,계약해제.해지/위약금
2023031293,2023-06-20,남자,50 - 59세,경기도,일반판매,스마트폰,AS불만
2023031294,2023-06-20,여자,20 - 29세,경기도,국내온라인거래,각종공연관람,품질(물품/용역)
2023031295,2023-06-20,남자,40 - 49세,인천광역시,일반판매,스마트폰,품질(물품/용역)
2023031297,2023-06-20,여자,40 - 49세,경기도,기타,초고속인터넷,부당행위
2023031298,2023-06-20,여자,40 - 49세,경기도,기타,학습지,청약철회
2023031299,2023-06-20,여자,30 - 39세,서울특별시,모바일거래,인터넷정보이용서비스,계약불이행(불완전이행)
2023031300,2023-06-20,여자,30 - 39세,부산광역시,일반판매,전기세탁기,품질(물품/용역)
2023031301,2023-06-20,남자,20 - 29세,광주광역시,국내온라인거래,기타매체광고,계약불이행(불완전이행)
2023031302,2023-06-20,여자,20 - 29세,전라남도,국내온라인거래,기타의류·섬유,거래관행
2023031303,2023-06-20,남자,70 - 79세,서울특별시,모바일거래,각종공연관람,청약철회
2023031304,2023-06-20,여자,40 - 49세,서울특별시,국내온라인거래,캐주얼바지,청약철회
2023031305,2023-06-20,남자,50 - 59세,경상북도,전화권유판매,인터넷정보이용서비스,계약해제.해지/위약금
2023031306,2023-06-20,남자,20 - 29세,경기도,일반판매,헬스장,청약철회
2023031307,2023-06-20,여자,30 - 39세,서울특별시,국내온라인거래,티셔츠,청약철회
2023031308,2023-06-20,남자,50 - 59세,경기도,국내온라인거래,골프용품,품질(물품/용역)
2023031309,2023-06-20,여자,30 - 39세,경기도,국내온라인거래,원피스,청약철회
2023031310,2023-06-20,남자,50 - 59세,부산광역시,일반판매,대문,품질(물품/용역)
2023031311,2023-06-20,여자,10 - 19세,경기도,국내온라인거래,기타교재,청약철회
2023031312,2023-06-20,남자,30 - 39세,서울특별시,일반판매,포장이사운송서비스,청약철회
2023031313,2023-06-20,여자,50 - 59세,서울특별시,방문판매,다이어트식품,청약철회
2023031314,2023-06-20,여자,20 - 29세,충청북도,전화권유판매,테니스장스쿼시회원권,계약해제.해지/위약금
2023031316,2023-06-20,남자,30 - 39세,경기도,일반판매,피아노,계약불이행(불완전이행)
2023031317,2023-06-20,여자,30 - 39세,서울특별시,국내온라인거래,보석·귀금속,품질(물품/용역)
2023031318,2023-06-20,여자,20 - 29세,서울특별시,일반판매,기타책상·테이블류,계약불이행(불완전이행)
2023031319,2023-06-20,여자,40 - 49세,서울특별시,국내온라인거래,블라우스,청약철회
2023031320,2023-06-20,여자,40 - 49세,경상북도,전화권유판매,모바일정보이용서비스,계약해제.해지/위약금
2023031321,2023-06-20,남자,20 - 29세,경상북도,방문판매,콘도회원권,청약철회
2023031322,2023-06-20,남자,30 - 39세,충청남도,기타,헬스장,계약해제.해지/위약금
2023031323,2023-06-20,여자,40 - 49세,전라북도,방문판매,식기세척기,계약불이행(불완전이행)
2023031324,2023-06-20,여자,20 - 29세,부산광역시,국내온라인거래,기타신발·용품,청약철회
2023031325,2023-06-20,여자,40 - 49세,부산광역시,일반판매,필라테스,청약철회
2023031326,2023-06-20,남자,40 - 49세,경상남도,국내온라인거래,기타의류·섬유,계약해제.해지/위약금
2023031327,2023-06-20,남자,40 - 49세,부산광역시,일반판매,헬스장,계약해제.해지/위약금
2023031328,2023-06-20,여자,30 - 39세,부산광역시,국내온라인거래,기타가방,청약철회
2023031329,2023-06-20,여자,40 - 49세,경기도,TV홈쇼핑,기타건강식품,품질(물품/용역)
2023031330,2023-06-20,여자,40 - 49세,경상남도,전화권유판매,초고속인터넷,계약해제.해지/위약금
2023031331,2023-06-20,여자,40 - 49세,서울특별시,일반판매,필라테스,청약철회
2023031332,2023-06-20,여자,50 - 59세,경기도,국내온라인거래,비데,품질(물품/용역)
2023031333,2023-06-20,남자,60 - 64세,서울특별시,국내온라인거래,국외여행,계약해제.해지/위약금
2023031334,2023-06-20,여자,40 - 49세,경상남도,일반판매,헬스장,계약해제.해지/위약금
2023031335,2023-06-20,남자,30 - 39세,서울특별시,일반판매,사진촬영,부당행위
2023031336,2023-06-20,남자,40 - 49세,경상남도,국내온라인거래,기타시계류,계약불이행(불완전이행)
2023031337,2023-06-20,남자,50 - 59세,서울특별시,국내온라인거래,호텔,계약해제.해지/위약금
2023031339,2023-06-20,여자,30 - 39세,경기도,국제온라인거래,기타숙박시설,가격.요금
2023031340,2023-06-20,남자,40 - 49세,서울특별시,일반판매,고시원이용,계약해제.해지/위약금
2023031341,2023-06-20,여자,40 - 49세,경기도,방문판매,정수기대여(렌트),품질(물품/용역)
2023031342,2023-06-20,남자,40 - 49세,경기도,국내온라인거래,기타건축자재,품질(물품/용역)
2023031343,2023-06-20,남자,40 - 49세,경기도,기타,정수기대여(렌트),부당채권추심
2023031344,2023-06-20,남자,40 - 49세,경기도,국내온라인거래,항공여객운송서비스,계약해제.해지/위약금
2023031345,2023-06-20,남자,20 - 29세,경기도,국내온라인거래,기타의류·섬유,청약철회
2023031346,2023-06-20,여자,40 - 49세,서울특별시,소셜커머스(쇼핑),기타의료용구,청약철회
2023031347,2023-06-20,여자,50 - 59세,강원특별자치도,국내온라인거래,기타의류·섬유,청약철회
2023031348,2023-06-20,여자,30 - 39세,경기도,일반판매,빵,계약불이행(불완전이행)
2023031349,2023-06-20,남자,30 - 39세,경상남도,국내온라인거래,공업용기계,품질(물품/용역)
2023031350,2023-06-20,여자,20 - 29세,경기도,일반판매,헬스장,계약불이행(불완전이행)
2023031351,2023-06-20,남자,40 - 49세,서울특별시,국내온라인거래,기타가구,품질(물품/용역)
2023031352,2023-06-20,여자,20 - 29세,경기도,소셜커머스(쇼핑),캐주얼바지,청약철회
2023031353,2023-06-20,여자,40 - 49세,경상남도,기타,코트,계약불이행(불완전이행)
2023031354,2023-06-20,여자,40 - 49세,인천광역시,일반판매,기타세탁서비스,품질(물품/용역)
2023031355,2023-06-20,남자,30 - 39세,경기도,국내온라인거래,탁자,품질(물품/용역)
2023031356,2023-06-20,여자,50 - 59세,부산광역시,모바일거래,모바일정보이용서비스,계약해제.해지/위약금
2023031357,2023-06-20,남자,40 - 49세,경기도,국내온라인거래,항공여객운송서비스,계약해제.해지/위약금
2023031358,2023-06-20,여자,20 - 29세,경기도,소셜커머스(쇼핑),프린터,청약철회
2023031359,2023-06-20,여자,40 - 49세,강원특별자치도,기타,기타가방,청약철회
2023031360,2023-06-20,여자,30 - 39세,경기도,국내온라인거래,기타책상·테이블류,품질(물품/용역)
2023031361,2023-06-20,여자,50 - 59세,인천광역시,전화권유판매,기타매체광고,계약불이행(불완전이행)
2023031362,2023-06-20,남자,20 - 29세,대전광역시,국내온라인거래,모자,계약불이행(불완전이행)
2023031363,2023-06-20,남자,20 - 29세,경기도,국내온라인거래,조립완구,청약철회
2023031364,2023-06-20,여자,40 - 49세,서울특별시,국내온라인거래,조립완구,품질(물품/용역)
2023031365,2023-06-20,여자,20 - 29세,서울특별시,국내온라인거래,건물청소서비스,계약불이행(불완전이행)
2023031366,2023-06-20,여자,50 - 59세,강원특별자치도,일반판매,외식,안전(제품/시설)
2023031367,2023-06-20,여자,70 - 79세,서울특별시,기타,이동전화서비스,가격.요금
2023031368,2023-06-20,여자,50 - 59세,울산광역시,국내온라인거래,기타이·미용기구,부당행위
2023031369,2023-06-20,여자,30 - 39세,서울특별시,국내온라인거래,김치,청약철회
2023031370,2023-06-20,남자,10 - 19세,경기도,일반판매,각종자격취득강습,계약해제.해지/위약금
2023031371,2023-06-20,남자,50 - 59세,서울특별시,모바일거래,기타보건·위생용품,품질(물품/용역)
2023031372,2023-06-20,남자,30 - 39세,울산광역시,모바일거래,식사배달,부당행위
2023031373,2023-06-20,남자,40 - 49세,대구광역시,전화권유판매,국내결혼중개,계약해제.해지/위약금
2023031375,2023-06-20,남자,30 - 39세,부산광역시,일반판매,소파,계약불이행(불완전이행)
2023031376,2023-06-20,남자,30 - 39세,서울특별시,일반판매,보석·귀금속,부당행위
2023031377,2023-06-20,여자,40 - 49세,경기도,일반판매,운동화,품질(물품/용역)
2023031378,2023-06-20,여자,30 - 39세,경상북도,일반판매,공중목욕탕,안전(제품/시설)
2023031379,2023-06-20,여자,30 - 39세,대전광역시,기타통신판매,기타미분류서비스,품질(물품/용역)
2023031380,2023-06-20,여자,20 - 29세,서울특별시,국내온라인거래,기타영상기기,품질(물품/용역)
2023031381,2023-06-21,남자,40 - 49세,부산광역시,기타통신판매,기타미분류서비스,계약불이행(불완전이행)
2023031382,2023-06-21,여자,50 - 59세,서울특별시,일반판매,기타세탁서비스,품질(물품/용역)
2023031383,2023-06-21,여자,80세이상,대구광역시,일반판매,냉장고,계약불이행(불완전이행)
2023031384,2023-06-21,남자,20 - 29세,경기도,일반판매,안마의자대여(렌트),AS불만
2023031385,2023-06-21,남자,50 - 59세,경기도,기타통신판매,욕실설비,품질(물품/용역)
2023031386,2023-06-21,남자,60 - 64세,대구광역시,기타통신판매,호텔,계약해제.해지/위약금
2023031387,2023-06-21,남자,60 - 64세,강원특별자치도,방문판매,정수기대여(렌트),품질(물품/용역)
2023031388,2023-06-21,남자,40 - 49세,서울특별시,일반판매,자동차주차장,부당행위
2023031389,2023-06-21,여자,30 - 39세,충청북도,일반판매,자동차수리·점검,품질(물품/용역)
2023031390,2023-06-21,남자,40 - 49세,서울특별시,소셜커머스(쇼핑),기타자동차용품,표시.광고
2023031391,2023-06-21,남자,40 - 49세,서울특별시,일반판매,대형승용자동차,부당행위
2023031393,2023-06-21,여자,40 - 49세,전라북도,기타,골프회원권,계약불이행(불완전이행)
2023031394,2023-06-21,남자,20 - 29세,서울특별시,국내온라인거래,셔츠,계약불이행(불완전이행)
2023031395,2023-06-21,여자,40 - 49세,경기도,국내온라인거래,카셰어링,AS불만
2023031396,2023-06-21,남자,20 - 29세,경상남도,일반판매,통합보장보험,계약불이행(불완전이행)
2023031397,2023-06-21,남자,40 - 49세,경기도,일반판매,소파,품질(물품/용역)
2023031427,2023-06-21,남자,65 - 69세,전라남도,국내온라인거래,TV,품질(물품/용역)
2023031428,2023-06-21,여자,30 - 39세,경기도,방문판매,자동차세차,계약해제.해지/위약금
2023031430,2023-06-21,남자,40 - 49세,서울특별시,일반판매,신용카드,계약불이행(불완전이행)
2023031431,2023-06-21,여자,30 - 39세,경기도,국내온라인거래,스커트,청약철회
2023031432,2023-06-21,여자,40 - 49세,대전광역시,국내온라인거래,이동전화서비스,계약해제.해지/위약금
2023031433,2023-06-21,남자,50 - 59세,서울특별시,국내온라인거래,카셰어링,부당행위
2023031434,2023-06-21,여자,30 - 39세,울산광역시,국내온라인거래,카셰어링,계약해제.해지/위약금
2023031435,2023-06-21,남자,불명,경기도,국내온라인거래,상조서비스,계약불이행(불완전이행)
2023031436,2023-06-21,남자,30 - 39세,부산광역시,모바일거래,카셰어링,부당행위
2023031437,2023-06-21,남자,60 - 64세,인천광역시,방문판매,국외여행,계약불이행(불완전이행)
2023031438,2023-06-21,여자,30 - 39세,서울특별시,모바일거래,기타가구,품질(물품/용역)
2023031439,2023-06-21,여자,30 - 39세,경기도,국내온라인거래,샌들·슬리퍼,청약철회
2023031440,2023-06-21,여자,30 - 39세,인천광역시,국내온라인거래,기타신발·용품,계약불이행(불완전이행)
2023031441,2023-06-21,여자,50 - 59세,경기도,일반판매,자동차수리·점검,AS불만
2023031442,2023-06-21,여자,40 - 49세,울산광역시,방문판매,인터넷교육서비스,계약해제.해지/위약금
2023031443,2023-06-21,남자,40 - 49세,인천광역시,일반판매,스포츠시설이용,계약해제.해지/위약금
2023031444,2023-06-21,남자,50 - 59세,경기도,국내온라인거래,기타옥외장비·설비,청약철회
2023031445,2023-06-21,남자,65 - 69세,경기도,일반판매,침대,품질(물품/용역)
2023031446,2023-06-21,남자,30 - 39세,서울특별시,국내온라인거래,선글라스,AS불만
2023031447,2023-06-21,여자,30 - 39세,서울특별시,일반판매,헬스장,계약해제.해지/위약금
2023031448,2023-06-21,남자,30 - 39세,경기도,일반판매,헬스장,계약해제.해지/위약금
2023031449,2023-06-21,남자,40 - 49세,경기도,기타,인터넷정보이용서비스,부당행위
2023031450,2023-06-21,여자,50 - 59세,인천광역시,국내온라인거래,소파,계약불이행(불완전이행)
2023031451,2023-06-21,여자,50 - 59세,경기도,TV홈쇼핑,미분류대여(렌트),계약해제.해지/위약금
2023031452,2023-06-21,여자,30 - 39세,세종특별자치시,일반판매,필라테스,계약해제.해지/위약금
2023031455,2023-06-21,남자,40 - 49세,전라남도,일반판매,룸에어컨,거래관행
2023031456,2023-06-21,남자,60 - 64세,경상남도,일반판매,초고속인터넷,거래관행
2023031457,2023-06-21,여자,40 - 49세,인천광역시,일반판매,TV,품질(물품/용역)
2023031458,2023-06-21,여자,50 - 59세,경기도,모바일거래,운동화,청약철회
2023031459,2023-06-21,남자,65 - 69세,서울특별시,TV홈쇼핑,국외여행,계약해제.해지/위약금
2023031460,2023-06-21,남자,50 - 59세,충청남도,기타통신판매,기타여행,계약해제.해지/위약금
2023031461,2023-06-21,남자,30 - 39세,경상북도,국내온라인거래,제습기,품질(물품/용역)
2023031462,2023-06-21,남자,30 - 39세,경상남도,일반판매,양복(서양식 의복)세탁,품질(물품/용역)
2023031463,2023-06-21,남자,30 - 39세,경기도,기타통신판매,자동차대여(렌트),계약해제.해지/위약금
2023031465,2023-06-21,여자,40 - 49세,인천광역시,국내온라인거래,운동화,청약철회
2023031466,2023-06-21,여자,30 - 39세,강원특별자치도,소셜커머스(쇼핑),캐주얼바지,품질(물품/용역)
2023031467,2023-06-21,여자,50 - 59세,서울특별시,일반판매,양복(서양식 의복)세탁,품질(물품/용역)
2023031468,2023-06-21,남자,40 - 49세,대구광역시,일반판매,감귤,품질(물품/용역)
2023031469,2023-06-21,남자,50 - 59세,충청남도,일반판매,양복(서양식 의복)세탁,품질(물품/용역)
2023031470,2023-06-21,여자,불명,충청남도,일반판매,코트,품질(물품/용역)
2023031471,2023-06-21,남자,30 - 39세,인천광역시,국내온라인거래,외장하드,계약해제.해지/위약금
2023031472,2023-06-21,여자,30 - 39세,경기도,일반판매,이불·요,품질(물품/용역)
2023031473,2023-06-21,여자,50 - 59세,인천광역시,모바일거래,레인지후드,품질(물품/용역)
2023031474,2023-06-21,남자,40 - 49세,경상북도,국내온라인거래,유사투자자문,계약해제.해지/위약금
2023031475,2023-06-21,남자,30 - 39세,광주광역시,일반판매,변액보험,계약불이행(불완전이행)
2023031476,2023-06-21,남자,40 - 49세,서울특별시,국내온라인거래,오디오세트,품질(물품/용역)
2023031477,2023-06-21,남자,70 - 79세,서울특별시,모바일거래,기타회원권,계약불이행(불완전이행)
2023031478,2023-06-21,남자,40 - 49세,서울특별시,기타통신판매,유사투자자문,계약해제.해지/위약금
2023031479,2023-06-21,남자,60 - 64세,울산광역시,일반판매,안마의자,품질(물품/용역)
2023031480,2023-06-21,남자,50 - 59세,인천광역시,일반판매,자동차수리·점검,AS불만
2023031481,2023-06-21,여자,50 - 59세,서울특별시,일반판매,건강(암·기타질병)보험,약관
2023031482,2023-06-21,남자,60 - 64세,경기도,국내온라인거래,점퍼·재킷류,품질(물품/용역)
2023031483,2023-06-21,여자,50 - 59세,서울특별시,일반판매,실손보험,약관
2023031484,2023-06-21,여자,50 - 59세,경기도,전화권유판매,상조서비스,청약철회
2023031485,2023-06-21,여자,40 - 49세,대구광역시,일반판매,실손보험,약관
2023031486,2023-06-21,여자,50 - 59세,서울특별시,일반판매,피부·체형관리서비스,계약해제.해지/위약금
2023031487,2023-06-21,여자,40 - 49세,서울특별시,일반판매,기타가사서비스,품질(물품/용역)
2023031488,2023-06-21,여자,65 - 69세,경기도,일반판매,인터넷정보이용서비스,계약불이행(불완전이행)
2023031489,2023-06-21,여자,30 - 39세,부산광역시,일반판매,이동전화서비스,품질(물품/용역)
2023031490,2023-06-21,여자,65 - 69세,대구광역시,일반판매,블라우스,품질(물품/용역)
2023031492,2023-06-21,여자,20 - 29세,경기도,방문판매,헬스장,계약해제.해지/위약금
2023031494,2023-06-21,여자,60 - 64세,인천광역시,전화권유판매,인터넷정보이용서비스,계약불이행(불완전이행)
2023031495,2023-06-21,여자,50 - 59세,경기도,국내온라인거래,기타가구,품질(물품/용역)
2023031496,2023-06-21,여자,60 - 64세,경기도,국내온라인거래,소파,품질(물품/용역)
2023031497,2023-06-21,여자,65 - 69세,대구광역시,일반판매,블라우스,품질(물품/용역)
2023031498,2023-06-21,여자,40 - 49세,강원특별자치도,국내온라인거래,운동화,청약철회
2023031499,2023-06-21,남자,50 - 59세,경상남도,일반판매,건강(암·기타질병)보험,약관
2023031500,2023-06-21,남자,50 - 59세,경상북도,전화권유판매,유사투자자문,계약해제.해지/위약금
2023031501,2023-06-21,여자,40 - 49세,부산광역시,일반판매,산부인과,품질(물품/용역)
2023031502,2023-06-21,여자,30 - 39세,경기도,일반판매,헬스장,계약해제.해지/위약금
2023031503,2023-06-21,여자,40 - 49세,경기도,일반판매,가정의학과,품질(물품/용역)
2023031504,2023-06-21,여자,30 - 39세,인천광역시,일반판매,임대아파트,계약해제.해지/위약금
2023031505,2023-06-21,남자,50 - 59세,경상남도,전화권유판매,이동전화서비스,계약불이행(불완전이행)
2023031506,2023-06-21,남자,30 - 39세,경상남도,일반판매,기타인테리어설비,품질(물품/용역)
2023031509,2023-06-21,여자,40 - 49세,서울특별시,일반판매,자동차주차장,안전(제품/시설)
2023031510,2023-06-21,여자,30 - 39세,경기도,국내온라인거래,룸에어컨,거래관행
2023031511,2023-06-21,남자,65 - 69세,경기도,국내온라인거래,전기압력밥솥,청약철회
2023031513,2023-06-21,여자,30 - 39세,경기도,일반판매,애완고양이,계약해제.해지/위약금
2023031514,2023-06-21,여자,40 - 49세,경기도,국내온라인거래,원피스,품질(물품/용역)
2023031515,2023-06-21,여자,40 - 49세,경기도,국내온라인거래,원피스,품질(물품/용역)
2023031516,2023-06-21,여자,40 - 49세,서울특별시,일반판매,수영장회원권,계약해제.해지/위약금
2023031517,2023-06-21,여자,불명,경기도,일반판매,티셔츠,품질(물품/용역)
2023031518,2023-06-21,여자,30 - 39세,경기도,일반판매,헬스장,계약해제.해지/위약금
2023031519,2023-06-21,여자,불명,제주도,일반판매,애완동물이·미용서비스,가격.요금
2023031520,2023-06-21,남자,40 - 49세,경기도,국내온라인거래,기타가방,품질(물품/용역)
2023031521,2023-06-21,남자,40 - 49세,경상북도,일반판매,티셔츠,품질(물품/용역)
2023031523,2023-06-21,남자,30 - 39세,경기도,국내온라인거래,인터넷정보이용서비스,계약불이행(불완전이행)
2023031524,2023-06-21,남자,60 - 64세,제주도,전화권유판매,기타약품,계약해제.해지/위약금
2023031525,2023-06-21,여자,30 - 39세,서울특별시,일반판매,테니스장스쿼시회원권,계약해제.해지/위약금
2023031526,2023-06-21,남자,60 - 64세,서울특별시,기타,헬스장,계약해제.해지/위약금
2023031527,2023-06-21,남자,60 - 64세,부산광역시,소셜커머스(쇼핑),보온병,품질(물품/용역)
2023031528,2023-06-21,여자,20 - 29세,대전광역시,기타,미용서비스,계약해제.해지/위약금
2023031529,2023-06-21,여자,20 - 29세,대구광역시,모바일거래,여관(모텔),계약해제.해지/위약금
2023031530,2023-06-21,남자,30 - 39세,부산광역시,국내온라인거래,기타신발·용품,품질(물품/용역)
2023031532,2023-06-21,남자,60 - 64세,제주도,국내온라인거래,장식장,AS불만
2023031533,2023-06-21,여자,30 - 39세,경기도,소셜커머스(쇼핑),창호유리,계약불이행(불완전이행)
2023031534,2023-06-21,여자,40 - 49세,경상남도,국내온라인거래,기타숙박시설,계약해제.해지/위약금
2023031535,2023-06-21,여자,40 - 49세,경기도,노상판매,인터넷교육서비스,계약해제.해지/위약금
2023031536,2023-06-21,여자,80세이상,서울특별시,TV홈쇼핑,기타건강식품,부당행위
2023031537,2023-06-21,남자,65 - 69세,경상북도,일반판매,동력살분무기,품질(물품/용역)
2023031538,2023-06-21,남자,30 - 39세,인천광역시,일반판매,소파,청약철회
2023031539,2023-06-21,남자,30 - 39세,울산광역시,국내온라인거래,운동화,청약철회
2023031540,2023-06-21,여자,30 - 39세,경기도,국내온라인거래,"OTT서비스(넷플릭스,왓챠 등)",청약철회
2023031541,2023-06-21,여자,40 - 49세,경기도,국내온라인거래,소파,품질(물품/용역)
2023031542,2023-06-21,남자,50 - 59세,서울특별시,국내온라인거래,헤드폰·이어폰,청약철회
2023031543,2023-06-21,남자,40 - 49세,경기도,일반판매,애완견,계약해제.해지/위약금
2023031544,2023-06-21,여자,40 - 49세,경기도,국내온라인거래,CPU,청약철회
2023031545,2023-06-21,여자,30 - 39세,강원특별자치도,국내온라인거래,기타의류·섬유,청약철회
2023031546,2023-06-21,여자,20 - 29세,경기도,국내온라인거래,기타가방,청약철회
2023031547,2023-06-21,남자,40 - 49세,인천광역시,기타,기타미분류서비스,계약불이행(불완전이행)
2023031548,2023-06-21,여자,40 - 49세,부산광역시,모바일거래,모바일정보이용서비스,계약해제.해지/위약금
2023031549,2023-06-21,남자,20 - 29세,서울특별시,국내온라인거래,코트,청약철회
2023031550,2023-06-21,여자,30 - 39세,인천광역시,일반판매,헬스장,계약해제.해지/위약금
2023031551,2023-06-21,여자,20 - 29세,서울특별시,방문판매,헬스장,계약해제.해지/위약금
2023031552,2023-06-21,여자,30 - 39세,서울특별시,일반판매,결혼준비대행서비스,계약해제.해지/위약금
2023031553,2023-06-21,여자,50 - 59세,인천광역시,국내온라인거래,전기오븐레인지,청약철회
2023031554,2023-06-21,남자,30 - 39세,서울특별시,일반판매,결혼준비대행서비스,계약해제.해지/위약금
2023031555,2023-06-21,남자,20 - 29세,경기도,일반판매,헬스장,계약해제.해지/위약금
2023031556,2023-06-21,남자,40 - 49세,경기도,방문판매,정수기대여(렌트),계약불이행(불완전이행)
2023031557,2023-06-21,여자,30 - 39세,충청남도,일반판매,헬스장,계약해제.해지/위약금
2023031558,2023-06-21,남자,30 - 39세,서울특별시,국내온라인거래,항공여객운송서비스,계약불이행(불완전이행)
2023031559,2023-06-21,남자,30 - 39세,서울특별시,국내온라인거래,침대,안전(제품/시설)
2023031560,2023-06-21,여자,30 - 39세,부산광역시,일반판매,헬스장,계약해제.해지/위약금
2023031561,2023-06-21,남자,50 - 59세,서울특별시,국내온라인거래,항공여객운송서비스,계약불이행(불완전이행)
2023031562,2023-06-21,남자,30 - 39세,부산광역시,국내온라인거래,기타책상·테이블류,품질(물품/용역)
2023031564,2023-06-21,여자,20 - 29세,경기도,일반판매,헬스장,계약해제.해지/위약금
2023031565,2023-06-21,여자,20 - 29세,서울특별시,국내온라인거래,스커트,품질(물품/용역)
2023031566,2023-06-21,여자,20 - 29세,서울특별시,일반판매,헬스장,계약해제.해지/위약금
2023031567,2023-06-21,여자,50 - 59세,서울특별시,일반판매,운동화,품질(물품/용역)
2023031568,2023-06-21,여자,70 - 79세,경기도,방문판매,오피스텔,계약해제.해지/위약금
2023031569,2023-06-21,여자,30 - 39세,서울특별시,국내온라인거래,의상대여(렌트),부당행위
2023031570,2023-06-21,남자,20 - 29세,경기도,일반판매,헬스장,계약해제.해지/위약금
2023031571,2023-06-21,남자,50 - 59세,경기도,국내온라인거래,스포츠시설이용,계약해제.해지/위약금
2023031572,2023-06-21,남자,30 - 39세,인천광역시,전화권유판매,초고속인터넷,계약해제.해지/위약금
2023031573,2023-06-21,남자,30 - 39세,대전광역시,국내온라인거래,기타신발·용품,품질(물품/용역)
2023031574,2023-06-21,여자,30 - 39세,부산광역시,기타통신판매,초고속인터넷,계약해제.해지/위약금
2023031575,2023-06-21,남자,40 - 49세,경기도,국내온라인거래,노트북컴퓨터,청약철회
2023031576,2023-06-21,남자,30 - 39세,경기도,국내온라인거래,옷장,품질(물품/용역)
2023031577,2023-06-21,남자,30 - 39세,경기도,국제온라인거래,항공여객운송서비스,계약해제.해지/위약금
2023031578,2023-06-21,여자,30 - 39세,부산광역시,일반판매,필라테스,계약해제.해지/위약금
2023031579,2023-06-21,남자,30 - 39세,부산광역시,국내온라인거래,인터넷게임서비스,계약불이행(불완전이행)
2023031580,2023-06-21,여자,40 - 49세,경상남도,국내온라인거래,선풍기,품질(물품/용역)
2023031581,2023-06-21,남자,30 - 39세,서울특별시,국내온라인거래,영업용기계,품질(물품/용역)
2023031582,2023-06-21,여자,30 - 39세,경기도,기타,각종자격취득강습,계약해제.해지/위약금
2023031583,2023-06-21,남자,40 - 49세,서울특별시,방문판매,국내결혼중개,계약해제.해지/위약금
2023031584,2023-06-21,여자,30 - 39세,경기도,전화권유판매,인터넷교육서비스,계약해제.해지/위약금
2023031585,2023-06-21,여자,40 - 49세,인천광역시,국내온라인거래,텐트,품질(물품/용역)
2023031586,2023-06-21,여자,40 - 49세,경기도,국내온라인거래,캐주얼바지,표시.광고
2023031587,2023-06-21,여자,30 - 39세,서울특별시,기타,필라테스,계약해제.해지/위약금
2023031588,2023-06-21,남자,50 - 59세,서울특별시,국내온라인거래,항공여객운송서비스,청약철회
2023031590,2023-06-21,남자,20 - 29세,인천광역시,일반판매,독서실이용,계약해제.해지/위약금
2023031591,2023-06-21,여자,30 - 39세,경기도,일반판매,시계부품·용품,계약불이행(불완전이행)
2023031592,2023-06-21,남자,40 - 49세,서울특별시,일반판매,필라테스,계약해제.해지/위약금
2023031593,2023-06-21,남자,30 - 39세,경기도,국내온라인거래,기타가방,청약철회
2023031594,2023-06-21,남자,20 - 29세,경기도,일반판매,외식,품질(물품/용역)
2023031595,2023-06-21,여자,30 - 39세,경기도,국내온라인거래,국외여행,계약해제.해지/위약금
2023031596,2023-06-21,남자,40 - 49세,경기도,국내온라인거래,식탁,품질(물품/용역)
2023031597,2023-06-21,여자,40 - 49세,대구광역시,모바일거래,철도여객운송서비스,부당행위
2023031598,2023-06-21,남자,30 - 39세,대구광역시,국제온라인거래,TV,청약철회
2023031599,2023-06-21,남자,40 - 49세,경기도,국내온라인거래,통신기기케이스,약관
2023031601,2023-06-21,여자,20 - 29세,부산광역시,일반판매,필라테스,계약해제.해지/위약금
2023031602,2023-06-21,여자,30 - 39세,서울특별시,모바일거래,모바일정보이용서비스,계약해제.해지/위약금
2023031603,2023-06-21,여자,60 - 64세,경상남도,국제온라인거래,항공여객운송서비스,계약불이행(불완전이행)
2023031604,2023-06-21,남자,60 - 64세,경기도,국내온라인거래,제초기,안전(제품/시설)
2023031605,2023-06-21,여자,20 - 29세,부산광역시,방문판매,학습지,부당채권추심
2023031606,2023-06-21,남자,40 - 49세,서울특별시,국내온라인거래,인터넷정보이용서비스,계약해제.해지/위약금
2023031607,2023-06-21,남자,40 - 49세,광주광역시,방문판매,인터넷교육서비스,계약불이행(불완전이행)
2023031608,2023-06-21,여자,30 - 39세,서울특별시,국내온라인거래,베개,계약불이행(불완전이행)
2023031609,2023-06-21,여자,40 - 49세,충청북도,국내온라인거래,운동화,청약철회
2023031610,2023-06-21,남자,40 - 49세,서울특별시,소셜커머스(쇼핑),가스에어컨,품질(물품/용역)
2023031611,2023-06-21,남자,65 - 69세,서울특별시,일반판매,이동전화서비스,계약해제.해지/위약금
2023031612,2023-06-21,여자,30 - 39세,서울특별시,기타통신판매,연극관람,계약해제.해지/위약금
2023031613,2023-06-21,남자,30 - 39세,울산광역시,국내온라인거래,유모차,계약불이행(불완전이행)
2023031614,2023-06-21,여자,40 - 49세,경기도,국내온라인거래,꽃·화초·화환,품질(물품/용역)
2023031615,2023-06-21,남자,30 - 39세,경기도,일반판매,미용서비스,계약불이행(불완전이행)
2023031616,2023-06-21,여자,50 - 59세,대구광역시,국내온라인거래,레저·이벤트회원권,계약불이행(불완전이행)
2023031617,2023-06-21,여자,20 - 29세,서울특별시,일반판매,스커트,품질(물품/용역)
2023031618,2023-06-21,남자,30 - 39세,서울특별시,국내온라인거래,기타투자상품,계약해제.해지/위약금
2023031619,2023-06-21,남자,30 - 39세,서울특별시,일반판매,헬스장,계약해제.해지/위약금
2023031620,2023-06-21,여자,30 - 39세,경기도,방문판매,결혼준비대행서비스,청약철회
2023031621,2023-06-21,여자,20 - 29세,경기도,모바일거래,기타정보통신,청약철회
2023031622,2023-06-21,여자,30 - 39세,서울특별시,일반판매,헬스장,계약해제.해지/위약금
2023031623,2023-06-21,남자,20 - 29세,서울특별시,국내온라인거래,건물청소서비스,계약해제.해지/위약금
2023031624,2023-06-21,여자,30 - 39세,경기도,일반판매,기타가사서비스,품질(물품/용역)
2023031625,2023-06-21,여자,40 - 49세,경기도,일반판매,인터넷교육서비스,계약해제.해지/위약금
2023031626,2023-06-21,남자,65 - 69세,서울특별시,방문판매,건물청소서비스,계약불이행(불완전이행)
2023031627,2023-06-21,남자,20 - 29세,충청북도,일반판매,기타회원권,계약해제.해지/위약금
2023031628,2023-06-21,여자,50 - 59세,경기도,국내온라인거래,펜션,계약해제.해지/위약금
2023031629,2023-06-21,여자,30 - 39세,부산광역시,기타,각종공연관람,부당행위
2023031630,2023-06-21,남자,불명,경기도,일반판매,테니스장스쿼시회원권,계약해제.해지/위약금
2023031631,2023-06-22,남자,40 - 49세,경기도,기타,일반강습(입시학원등),품질(물품/용역)
2023031632,2023-06-22,남자,20 - 29세,경기도,일반판매,자동차주차장,가격.요금
2023031633,2023-06-22,여자,30 - 39세,인천광역시,국내온라인거래,건물청소서비스,계약불이행(불완전이행)
2023031634,2023-06-22,남자,40 - 49세,제주도,일반판매,헬스장,계약해제.해지/위약금
2023031636,2023-06-22,남자,70 - 79세,경기도,국내온라인거래,기타통신기기,품질(물품/용역)
2023031637,2023-06-22,여자,65 - 69세,부산광역시,일반판매,치과,품질(물품/용역)
2023031638,2023-06-22,여자,65 - 69세,인천광역시,일반판매,기타신변용품,품질(물품/용역)
2023031639,2023-06-22,남자,40 - 49세,서울특별시,일반판매,원피스,품질(물품/용역)
2023031640,2023-06-22,여자,20 - 29세,충청북도,일반판매,신발세탁,품질(물품/용역)
2023031641,2023-06-22,남자,40 - 49세,서울특별시,일반판매,초고속인터넷,계약해제.해지/위약금
2023031642,2023-06-22,여자,30 - 39세,서울특별시,국내온라인거래,항공여객운송서비스,계약불이행(불완전이행)
2023031643,2023-06-22,여자,50 - 59세,충청북도,일반판매,산부인과,품질(물품/용역)
2023031644,2023-06-22,남자,40 - 49세,경기도,국내온라인거래,모형완구,청약철회
2023031645,2023-06-22,남자,60 - 64세,서울특별시,일반판매,통신기기주변장치,AS불만
2023031646,2023-06-22,남자,50 - 59세,부산광역시,국내온라인거래,등산화,품질(물품/용역)
2023031647,2023-06-22,여자,65 - 69세,부산광역시,일반판매,운동화,품질(물품/용역)
2023031648,2023-06-22,여자,60 - 64세,경기도,방문판매,실손보험,계약불이행(불완전이행)
2023031649,2023-06-22,남자,40 - 49세,대전광역시,일반판매,신사복세트,계약해제.해지/위약금
2023031650,2023-06-22,남자,40 - 49세,부산광역시,방문판매,건강(암·기타질병)보험,부당행위
2023031651,2023-06-22,여자,30 - 39세,서울특별시,전화권유판매,건강(암·기타질병)보험,계약해제.해지/위약금
2023031652,2023-06-22,남자,50 - 59세,경기도,기타통신판매,포장이사운송서비스,품질(물품/용역)
2023031653,2023-06-22,여자,30 - 39세,경기도,기타통신판매,인터넷교육서비스,계약불이행(불완전이행)
2023031654,2023-06-22,여자,40 - 49세,경기도,전화권유판매,기타매체광고,계약해제.해지/위약금
2023031655,2023-06-22,여자,20 - 29세,대전광역시,일반판매,국외여행,계약해제.해지/위약금
2023031656,2023-06-22,남자,30 - 39세,서울특별시,일반판매,필라테스,계약해제.해지/위약금
2023031658,2023-06-22,남자,20 - 29세,충청남도,일반판매,운동화,품질(물품/용역)
2023031660,2023-06-22,남자,30 - 39세,경기도,모바일거래,펜션,품질(물품/용역)
2023031661,2023-06-22,여자,30 - 39세,경기도,국내온라인거래,모자,청약철회
2023031662,2023-06-22,여자,70 - 79세,경기도,기타통신판매,기타일반화장품,품질(물품/용역)
2023031663,2023-06-22,남자,50 - 59세,경기도,방문판매,실손보험,계약불이행(불완전이행)
2023031664,2023-06-22,남자,30 - 39세,서울특별시,일반판매,헬스장,계약해제.해지/위약금
2023031665,2023-06-22,남자,20 - 29세,서울특별시,일반판매,헬스장,계약해제.해지/위약금
2023031666,2023-06-22,여자,20 - 29세,서울특별시,일반판매,요가,계약불이행(불완전이행)
2023031667,2023-06-22,남자,30 - 39세,서울특별시,일반판매,기타사설강습서비스,계약해제.해지/위약금
2023031668,2023-06-22,여자,40 - 49세,서울특별시,일반판매,미용서비스,안전(제품/시설)
2023031669,2023-06-22,남자,30 - 39세,서울특별시,국내온라인거래,신유형상품권,부당행위
2023031670,2023-06-22,여자,50 - 59세,울산광역시,일반판매,초고속인터넷,계약불이행(불완전이행)
2023031671,2023-06-22,남자,40 - 49세,경기도,국내온라인거래,기타책상·테이블류,청약철회
2023031672,2023-06-22,남자,50 - 59세,경상남도,소셜커머스(쇼핑),기타의류·섬유,계약해제.해지/위약금
2023031673,2023-06-22,여자,30 - 39세,경기도,국내온라인거래,기타숙박시설,안전(제품/시설)
2023031674,2023-06-22,여자,20 - 29세,경상북도,일반판매,미용서비스,품질(물품/용역)
2023031675,2023-06-22,여자,40 - 49세,서울특별시,전화권유판매,유사투자자문,계약해제.해지/위약금
2023031676,2023-06-22,남자,20 - 29세,경기도,일반판매,자동차대여(렌트),부당행위
2023031677,2023-06-22,남자,30 - 39세,서울특별시,일반판매,경비·관리서비스,계약불이행(불완전이행)
2023031678,2023-06-22,여자,50 - 59세,서울특별시,일반판매,내과,안전(제품/시설)
2023031679,2023-06-22,여자,40 - 49세,서울특별시,국내온라인거래,샌들·슬리퍼,품질(물품/용역)
2023031680,2023-06-22,여자,30 - 39세,경기도,국내온라인거래,핸드백,품질(물품/용역)
2023031681,2023-06-22,남자,70 - 79세,경상남도,일반판매,이동전화서비스,계약불이행(불완전이행)
2023031682,2023-06-22,남자,50 - 59세,대구광역시,일반판매,중형승용자동차,계약불이행(불완전이행)
2023031683,2023-06-22,여자,40 - 49세,서울특별시,국내온라인거래,애완식물(화분·분재),계약불이행(불완전이행)
2023031684,2023-06-22,남자,40 - 49세,경기도,전화권유판매,유사투자자문,계약해제.해지/위약금
2023031685,2023-06-22,여자,40 - 49세,부산광역시,일반판매,종신보험,약관
2023031686,2023-06-22,남자,30 - 39세,대구광역시,국내온라인거래,컴퓨터모니터(데스크탑),품질(물품/용역)
2023031687,2023-06-22,여자,70 - 79세,서울특별시,방문판매,국내결혼중개,계약불이행(불완전이행)
2023031688,2023-06-22,여자,65 - 69세,경기도,일반판매,공제보험,약관
2023031689,2023-06-22,여자,40 - 49세,경기도,기타,정수기대여(렌트),계약불이행(불완전이행)
2023031690,2023-06-22,남자,60 - 64세,대구광역시,국내온라인거래,화장지(휴지),계약불이행(불완전이행)
2023031691,2023-06-22,여자,50 - 59세,대구광역시,모바일거래,보석·귀금속,청약철회
2023031692,2023-06-22,여자,40 - 49세,서울특별시,일반판매,미용서비스,계약불이행(불완전이행)
2023031693,2023-06-22,남자,30 - 39세,경기도,일반판매,포장이사운송서비스,계약불이행(불완전이행)
2023031694,2023-06-22,여자,30 - 39세,전라북도,국내온라인거래,기타신변용품,품질(물품/용역)
2023031695,2023-06-22,여자,50 - 59세,서울특별시,일반판매,셔츠,품질(물품/용역)
2023031696,2023-06-22,남자,60 - 64세,경기도,일반판매,운동화,품질(물품/용역)
2023031697,2023-06-22,남자,65 - 69세,서울특별시,국내온라인거래,기타숙박시설,계약해제.해지/위약금
2023031698,2023-06-22,여자,20 - 29세,울산광역시,국내온라인거래,기타의류·섬유,계약불이행(불완전이행)
2023031699,2023-06-22,여자,불명,경상남도,일반판매,점퍼·재킷류,품질(물품/용역)
2023031700,2023-06-22,남자,60 - 64세,경상북도,일반판매,소형승용자동차,품질(물품/용역)
2023031701,2023-06-22,남자,20 - 29세,강원특별자치도,일반판매,운동화,품질(물품/용역)
2023031703,2023-06-22,여자,70 - 79세,전라남도,일반판매,자동차보험,약관
2023031705,2023-06-22,남자,30 - 39세,경기도,국내온라인거래,국내여행,계약해제.해지/위약금
2023031706,2023-06-22,여자,50 - 59세,경기도,TV홈쇼핑,자동차대여(렌트),부당행위
2023031707,2023-06-22,여자,50 - 59세,경상북도,국내온라인거래,기타의류·섬유,표시.광고
2023031708,2023-06-22,여자,40 - 49세,경기도,국내온라인거래,기타가방,품질(물품/용역)
2023031709,2023-06-22,여자,20 - 29세,부산광역시,일반판매,운동화,품질(물품/용역)
2023031710,2023-06-22,남자,20 - 29세,경상북도,일반판매,기타의류·섬유,청약철회
2023031711,2023-06-22,여자,20 - 29세,서울특별시,일반판매,양복(서양식 의복)세탁,품질(물품/용역)
2023031712,2023-06-22,남자,65 - 69세,서울특별시,기타통신판매,인터넷공유기,계약불이행(불완전이행)
2023031713,2023-06-22,여자,20 - 29세,서울특별시,일반판매,피혁세탁,품질(물품/용역)
2023031714,2023-06-22,남자,80세이상,서울특별시,국내온라인거래,항공여객운송서비스,계약해제.해지/위약금
2023031716,2023-06-22,남자,50 - 59세,대구광역시,일반판매,양복(서양식 의복)세탁,품질(물품/용역)
2023031717,2023-06-22,남자,20 - 29세,부산광역시,국내온라인거래,기타조명기기,계약불이행(불완전이행)
2023031718,2023-06-22,여자,30 - 39세,부산광역시,일반판매,티셔츠,품질(물품/용역)
2023031719,2023-06-22,여자,50 - 59세,울산광역시,일반판매,핸드백,품질(물품/용역)
2023031720,2023-06-22,여자,65 - 69세,서울특별시,국내온라인거래,다이어트식품,계약불이행(불완전이행)
2023031721,2023-06-22,남자,30 - 39세,서울특별시,전화권유판매,유사투자자문,계약불이행(불완전이행)
2023031722,2023-06-22,남자,40 - 49세,서울특별시,전화권유판매,인터넷정보이용서비스,계약해제.해지/위약금
2023031723,2023-06-22,남자,70 - 79세,경기도,전화권유판매,유사투자자문,청약철회
2023031725,2023-06-22,여자,30 - 39세,경기도,일반판매,필라테스,계약해제.해지/위약금
2023031726,2023-06-22,남자,40 - 49세,대구광역시,전화권유판매,이동전화서비스,계약불이행(불완전이행)
2023031727,2023-06-22,남자,40 - 49세,세종특별자치시,소셜커머스(쇼핑),운동화,표시.광고
2023031728,2023-06-22,남자,30 - 39세,전라남도,국내온라인거래,통신기기케이스,거래관행
2023031729,2023-06-22,남자,30 - 39세,충청북도,일반판매,사진촬영,청약철회
2023031730,2023-06-22,남자,50 - 59세,서울특별시,국내온라인거래,선풍기,품질(물품/용역)
2023031731,2023-06-22,여자,40 - 49세,경상남도,전화권유판매,인터넷정보이용서비스,계약해제.해지/위약금
2023031732,2023-06-22,남자,60 - 64세,경기도,국내온라인거래,티셔츠,청약철회
2023031733,2023-06-22,여자,20 - 29세,경기도,국내온라인거래,기타관람·감상,계약해제.해지/위약금
2023031734,2023-06-22,여자,40 - 49세,대전광역시,국내온라인거래,아동용내의류,계약불이행(불완전이행)
2023031735,2023-06-22,여자,30 - 39세,부산광역시,일반판매,필라테스,계약해제.해지/위약금
2023031736,2023-06-22,남자,20 - 29세,광주광역시,일반판매,헬스장,계약해제.해지/위약금
2023031737,2023-06-22,여자,30 - 39세,경기도,국내온라인거래,여자용내의류,청약철회
2023031738,2023-06-22,남자,40 - 49세,대전광역시,기타,각종공연관람,계약해제.해지/위약금
2023031739,2023-06-22,여자,30 - 39세,경기도,일반판매,헬스장,계약해제.해지/위약금
2023031740,2023-06-22,남자,30 - 39세,경기도,방문판매,헬스장,계약해제.해지/위약금
2023031741,2023-06-22,여자,20 - 29세,부산광역시,일반판매,애완고양이,계약해제.해지/위약금
2023031742,2023-06-22,남자,50 - 59세,부산광역시,국내온라인거래,기타약품,청약철회
2023031743,2023-06-22,여자,30 - 39세,경기도,국내온라인거래,유아복,청약철회
2023031744,2023-06-22,여자,30 - 39세,경기도,일반판매,헬스장,계약해제.해지/위약금
2023031745,2023-06-22,남자,40 - 49세,경기도,일반판매,룸에어컨,품질(물품/용역)
2023031746,2023-06-22,남자,40 - 49세,경기도,일반판매,안경·안경테,품질(물품/용역)
2023031747,2023-06-22,남자,40 - 49세,부산광역시,일반판매,스마트폰,AS불만
2023031748,2023-06-22,여자,30 - 39세,경기도,기타통신판매,음식물처리기대여(렌트),계약해제.해지/위약금
2023031749,2023-06-22,여자,30 - 39세,서울특별시,국내온라인거래,소프트웨어,부당채권추심
2023031750,2023-06-22,남자,60 - 64세,서울특별시,국내온라인거래,휠체어,청약철회
2023031751,2023-06-22,남자,60 - 64세,경기도,국내온라인거래,기타숙박시설,계약해제.해지/위약금
2023031752,2023-06-22,남자,50 - 59세,경기도,기타,필라테스,계약해제.해지/위약금
2023031753,2023-06-22,여자,40 - 49세,경기도,국내온라인거래,운동화,청약철회
2023031754,2023-06-22,여자,40 - 49세,경기도,국내온라인거래,필라테스,계약해제.해지/위약금
2023031755,2023-06-22,여자,30 - 39세,인천광역시,일반판매,변호서비스,계약해제.해지/위약금
2023031756,2023-06-22,남자,40 - 49세,부산광역시,국내온라인거래,이동전화서비스,가격.요금
2023031757,2023-06-22,여자,20 - 29세,인천광역시,국내온라인거래,항공여객운송서비스,계약불이행(불완전이행)
2023031758,2023-06-22,남자,30 - 39세,경기도,일반판매,기타사설강습서비스,계약해제.해지/위약금
2023031759,2023-06-22,여자,20 - 29세,경상남도,국내온라인거래,이동전화서비스,계약해제.해지/위약금
2023031760,2023-06-22,여자,20 - 29세,서울특별시,일반판매,헬스장,계약해제.해지/위약금
2023031761,2023-06-22,남자,40 - 49세,서울특별시,국내온라인거래,작동완구,품질(물품/용역)
2023031762,2023-06-22,남자,30 - 39세,제주도,국내온라인거래,밤,품질(물품/용역)
2023031763,2023-06-22,남자,30 - 39세,서울특별시,국내온라인거래,항공여객운송서비스,계약해제.해지/위약금
2023031764,2023-06-22,남자,40 - 49세,경상남도,일반판매,냉장고,품질(물품/용역)
2023031765,2023-06-22,여자,50 - 59세,인천광역시,모바일거래,헬스장,계약해제.해지/위약금
2023031766,2023-06-22,남자,50 - 59세,울산광역시,모바일거래,모바일게임서비스,무능력자계약
2023031767,2023-06-22,남자,20 - 29세,부산광역시,기타,인터넷교육서비스,계약해제.해지/위약금
2023031768,2023-06-22,남자,40 - 49세,경기도,기타,노트북컴퓨터,품질(물품/용역)
2023031769,2023-06-22,여자,40 - 49세,부산광역시,국내온라인거래,원피스,청약철회
2023031770,2023-06-22,여자,40 - 49세,경기도,일반판매,기타방문·통신교육서비스,계약해제.해지/위약금
2023031771,2023-06-22,여자,30 - 39세,부산광역시,일반판매,기타교육서비스,계약해제.해지/위약금
2023031772,2023-06-22,남자,30 - 39세,경상북도,국내온라인거래,전기충전기,표시.광고
2023031774,2023-06-22,남자,40 - 49세,경기도,국내온라인거래,국외여행,AS불만
2023031775,2023-06-22,남자,30 - 39세,경기도,일반판매,헬스장,계약해제.해지/위약금
2023031776,2023-06-22,여자,30 - 39세,대구광역시,국내온라인거래,모자,청약철회
2023031777,2023-06-22,여자,50 - 59세,대구광역시,국내온라인거래,머플러,청약철회
2023031778,2023-06-22,여자,40 - 49세,경기도,국내온라인거래,운동화,청약철회
2023031779,2023-06-22,여자,20 - 29세,경상남도,일반판매,일반강습(입시학원등),계약해제.해지/위약금
2023031780,2023-06-22,여자,40 - 49세,경기도,기타,점퍼·재킷류,품질(물품/용역)
2023031781,2023-06-22,여자,30 - 39세,인천광역시,국내온라인거래,항공여객운송서비스,계약불이행(불완전이행)
2023031782,2023-06-22,여자,40 - 49세,강원특별자치도,국내온라인거래,신유형상품권,계약불이행(불완전이행)
2023031783,2023-06-22,여자,30 - 39세,서울특별시,국내온라인거래,캐주얼바지,청약철회
2023031784,2023-06-22,남자,50 - 59세,경기도,국내온라인거래,블루투스스피커,품질(물품/용역)
2023031786,2023-06-22,여자,30 - 39세,서울특별시,국내온라인거래,항공여객운송서비스,청약철회
2023031787,2023-06-22,남자,20 - 29세,인천광역시,일반판매,미용서비스,품질(물품/용역)
2023031788,2023-06-22,여자,30 - 39세,경기도,전화권유판매,인터넷교육서비스,계약해제.해지/위약금
2023031789,2023-06-22,남자,20 - 29세,인천광역시,국내온라인거래,운동화,청약철회
2023031790,2023-06-22,여자,20 - 29세,인천광역시,국내온라인거래,기타미분류서비스,청약철회
2023031791,2023-06-22,남자,40 - 49세,서울특별시,국내온라인거래,캐주얼바지,청약철회
2023031793,2023-06-22,남자,30 - 39세,서울특별시,국내온라인거래,시계,계약불이행(불완전이행)
2023031794,2023-06-22,남자,20 - 29세,경상북도,일반판매,이불·요,계약해제.해지/위약금
2023031795,2023-06-22,남자,30 - 39세,서울특별시,기타,기타세탁서비스,품질(물품/용역)
2023031796,2023-06-22,여자,50 - 59세,부산광역시,일반판매,요가,계약해제.해지/위약금
2023031797,2023-06-22,남자,20 - 29세,경기도,일반판매,종합체육시설회원권,계약해제.해지/위약금
2023031798,2023-06-22,여자,30 - 39세,경기도,일반판매,헬스장,계약해제.해지/위약금
2023031799,2023-06-22,여자,20 - 29세,경기도,일반판매,헬스장,계약해제.해지/위약금
2023031800,2023-06-22,여자,20 - 29세,충청남도,일반판매,기타이·미용서비스,부당행위
2023031801,2023-06-22,남자,20 - 29세,부산광역시,전화권유판매,인터넷정보이용서비스,계약해제.해지/위약금
2023031802,2023-06-22,여자,50 - 59세,경기도,일반판매,일반강습(입시학원등),계약해제.해지/위약금
2023031803,2023-06-22,남자,60 - 64세,인천광역시,기타,소파,계약해제.해지/위약금
2023031804,2023-06-22,남자,20 - 29세,서울특별시,방문판매,헬스장,계약해제.해지/위약금
2023031805,2023-06-22,남자,30 - 39세,서울특별시,일반판매,헬스장,계약해제.해지/위약금
2023031806,2023-06-22,여자,30 - 39세,서울특별시,일반판매,가스에어컨,품질(물품/용역)
2023031807,2023-06-22,여자,50 - 59세,서울특별시,일반판매,식기세척기,AS불만
2023031808,2023-06-22,남자,40 - 49세,경기도,국내온라인거래,노트북컴퓨터,품질(물품/용역)
2023031809,2023-06-22,여자,50 - 59세,대구광역시,일반판매,기타세탁서비스,청약철회
2023031810,2023-06-22,남자,30 - 39세,강원특별자치도,일반판매,기타의료용구,품질(물품/용역)
2023031811,2023-06-22,여자,40 - 49세,전라북도,일반판매,미용서비스,계약해제.해지/위약금
2023031812,2023-06-22,남자,30 - 39세,광주광역시,모바일거래,항공여객운송서비스,계약해제.해지/위약금
2023031813,2023-06-22,여자,20 - 29세,경기도,국내온라인거래,원피스,계약불이행(불완전이행)
2023031815,2023-06-22,여자,30 - 39세,경상남도,국내온라인거래,셔츠,AS불만
2023031817,2023-06-23,남자,40 - 49세,부산광역시,일반판매,대형승용자동차,계약불이행(불완전이행)
2023031818,2023-06-23,남자,30 - 39세,부산광역시,국내온라인거래,운동화,품질(물품/용역)
2023031819,2023-06-23,남자,60 - 64세,충청남도,국내온라인거래,제초기,청약철회
2023031820,2023-06-23,남자,40 - 49세,경기도,국내온라인거래,기타의류·섬유,청약철회
2023031821,2023-06-23,남자,30 - 39세,강원특별자치도,일반판매,대형승용자동차,품질(물품/용역)
2023031823,2023-06-23,여자,30 - 39세,부산광역시,일반판매,성형외과,계약해제.해지/위약금
2023031825,2023-06-23,여자,30 - 39세,경기도,일반판매,예식서비스,계약해제.해지/위약금
2023031826,2023-06-23,남자,65 - 69세,광주광역시,전화권유판매,유사투자자문,부당채권추심
2023031827,2023-06-23,여자,50 - 59세,경상북도,방문판매,상조서비스,청약철회
2023031828,2023-06-23,남자,40 - 49세,서울특별시,일반판매,양복(서양식 의복)세탁,품질(물품/용역)
2023031829,2023-06-23,남자,30 - 39세,경기도,일반판매,독서실이용,계약해제.해지/위약금
2023031831,2023-06-23,여자,30 - 39세,경기도,국내온라인거래,여자용내의류,계약불이행(불완전이행)
2023031832,2023-06-23,여자,40 - 49세,경기도,국내온라인거래,기타책상·테이블류,품질(물품/용역)
2023031833,2023-06-23,남자,40 - 49세,서울특별시,모바일거래,일반자전거,계약해제.해지/위약금
2023031834,2023-06-23,여자,20 - 29세,부산광역시,일반판매,성형외과,계약해제.해지/위약금
2023031836,2023-06-23,여자,10 - 19세,경기도,일반판매,미용서비스,품질(물품/용역)
2023031837,2023-06-23,여자,40 - 49세,경기도,기타통신판매,피부·체형관리서비스,계약해제.해지/위약금
2023031838,2023-06-23,여자,30 - 39세,경기도,일반판매,기타스포츠·레저기구·용품,품질(물품/용역)
2023031839,2023-06-23,남자,30 - 39세,경기도,일반판매,자동차수리·점검,AS불만
2023031840,2023-06-23,여자,30 - 39세,부산광역시,소셜커머스(쇼핑),원피스,청약철회
2023031841,2023-06-23,남자,40 - 49세,대구광역시,일반판매,중형승용자동차,품질(물품/용역)
2023031842,2023-06-23,여자,40 - 49세,경기도,국내온라인거래,운동화,청약철회
2023031843,2023-06-23,남자,40 - 49세,인천광역시,국내온라인거래,인터넷교육서비스,계약불이행(불완전이행)
2023031844,2023-06-23,남자,30 - 39세,부산광역시,일반판매,오토바이,품질(물품/용역)
2023031845,2023-06-23,남자,50 - 59세,서울특별시,국내온라인거래,보석·귀금속,계약불이행(불완전이행)
2023031846,2023-06-23,여자,30 - 39세,광주광역시,전화권유판매,인터넷정보이용서비스,계약불이행(불완전이행)
2023031847,2023-06-23,여자,20 - 29세,경기도,모바일거래,신유형상품권,계약해제.해지/위약금
2023031848,2023-06-23,남자,40 - 49세,충청남도,국내온라인거래,호텔,계약불이행(불완전이행)
2023031849,2023-06-23,남자,30 - 39세,강원특별자치도,일반판매,스마트폰,AS불만
2023031850,2023-06-23,여자,40 - 49세,강원특별자치도,국내온라인거래,인터넷정보이용서비스,약관
2023031851,2023-06-23,남자,65 - 69세,인천광역시,국내온라인거래,소파,AS불만
2023031852,2023-06-23,여자,40 - 49세,전라남도,일반판매,실손보험,계약불이행(불완전이행)
2023031853,2023-06-23,남자,30 - 39세,서울특별시,국내온라인거래,건물청소서비스,계약불이행(불완전이행)
2023031854,2023-06-23,남자,65 - 69세,서울특별시,일반판매,전기진공청소기,AS불만
2023031855,2023-06-23,여자,20 - 29세,서울특별시,국내온라인거래,인쇄서비스,품질(물품/용역)
2023031856,2023-06-23,남자,40 - 49세,경기도,국내온라인거래,선풍기,AS불만
2023031857,2023-06-23,남자,30 - 39세,서울특별시,일반판매,헬스장,계약해제.해지/위약금
2023031858,2023-06-23,여자,30 - 39세,대구광역시,일반판매,피부·체형관리서비스,계약해제.해지/위약금
2023031859,2023-06-23,남자,20 - 29세,서울특별시,일반판매,니트(스웨터),품질(물품/용역)
2023031860,2023-06-23,남자,50 - 59세,서울특별시,기타,자동차대여(렌트),계약해제.해지/위약금
2023031861,2023-06-23,남자,30 - 39세,강원특별자치도,국내온라인거래,셔츠,품질(물품/용역)
2023031862,2023-06-23,남자,30 - 39세,경기도,일반판매,전기자동차,계약불이행(불완전이행)
2023031863,2023-06-23,여자,50 - 59세,울산광역시,기타통신판매,유사투자자문,계약해제.해지/위약금
2023031864,2023-06-23,여자,50 - 59세,경기도,전화권유판매,유사투자자문,계약해제.해지/위약금
2023031865,2023-06-23,남자,30 - 39세,경기도,국내온라인거래,쓰레기통,품질(물품/용역)
2023031866,2023-06-23,여자,30 - 39세,경기도,기타,기타가사용품,품질(물품/용역)
2023031869,2023-06-23,여자,30 - 39세,경기도,일반판매,양복(서양식 의복)세탁,품질(물품/용역)
2023031870,2023-06-23,여자,60 - 64세,경기도,국제온라인거래,펜션,계약해제.해지/위약금
2023031872,2023-06-23,여자,60 - 64세,광주광역시,일반판매,상해보험,약관
2023031873,2023-06-23,여자,60 - 64세,광주광역시,일반판매,상해보험,약관
2023031874,2023-06-23,남자,80세이상,광주광역시,전화권유판매,유사투자자문,계약해제.해지/위약금
2023031875,2023-06-23,남자,40 - 49세,경상남도,기타통신판매,유사투자자문,계약해제.해지/위약금
2023031876,2023-06-23,남자,60 - 64세,부산광역시,방문판매,CCTV,계약불이행(불완전이행)
2023031877,2023-06-23,남자,20 - 29세,서울특별시,전화권유판매,인터넷정보이용서비스,계약해제.해지/위약금
2023031878,2023-06-23,남자,불명,충청북도,국내온라인거래,침대,품질(물품/용역)
2023031879,2023-06-23,여자,50 - 59세,경기도,일반판매,건강(암·기타질병)보험,약관
2023031880,2023-06-23,남자,40 - 49세,서울특별시,국내온라인거래,양복(서양식 의복)세탁,품질(물품/용역)
2023031881,2023-06-23,여자,30 - 39세,서울특별시,일반판매,성형외과,계약해제.해지/위약금
2023031882,2023-06-23,남자,20 - 29세,서울특별시,일반판매,기타숙박시설,거래관행
2023031883,2023-06-23,여자,40 - 49세,충청남도,일반판매,애완견,계약해제.해지/위약금
2023031884,2023-06-23,남자,40 - 49세,경기도,국내온라인거래,여관(모텔),계약해제.해지/위약금
2023031885,2023-06-23,여자,60 - 64세,광주광역시,일반판매,치과,품질(물품/용역)
2023031886,2023-06-23,여자,60 - 64세,대전광역시,기타,정형외과,품질(물품/용역)
2023031887,2023-06-23,여자,30 - 39세,제주도,일반판매,핸드백,품질(물품/용역)
2023031888,2023-06-23,여자,50 - 59세,부산광역시,일반판매,양복(서양식 의복)세탁,품질(물품/용역)
2023031889,2023-06-23,여자,40 - 49세,경기도,일반판매,기타사설강습서비스,계약해제.해지/위약금
2023031890,2023-06-23,여자,70 - 79세,서울특별시,모바일거래,이동전화서비스,부당행위
2023031891,2023-06-23,여자,50 - 59세,경상남도,일반판매,양복(서양식 의복)세탁,품질(물품/용역)
2023031892,2023-06-23,여자,40 - 49세,서울특별시,일반판매,항공여객운송서비스,계약불이행(불완전이행)
2023031893,2023-06-23,여자,30 - 39세,인천광역시,일반판매,자동차대여(렌트),품질(물품/용역)
2023031894,2023-06-23,남자,50 - 59세,서울특별시,국내온라인거래,캐주얼바지,청약철회
2023031895,2023-06-23,여자,30 - 39세,인천광역시,국내온라인거래,핸드백,품질(물품/용역)
2023031897,2023-06-23,남자,30 - 39세,대구광역시,일반판매,학습지,계약해제.해지/위약금
2023031898,2023-06-23,여자,65 - 69세,경기도,국내온라인거래,샌들·슬리퍼,청약철회
2023031899,2023-06-23,남자,40 - 49세,경상남도,소셜커머스(쇼핑),티셔츠,계약불이행(불완전이행)
2023031900,2023-06-23,여자,30 - 39세,충청북도,모바일거래,모바일게임서비스,청약철회
2023031902,2023-06-23,여자,20 - 29세,서울특별시,일반판매,헬스장,계약해제.해지/위약금
2023031903,2023-06-23,여자,50 - 59세,경기도,국내온라인거래,항공여객운송서비스,계약해제.해지/위약금
2023031904,2023-06-23,여자,40 - 49세,경기도,기타통신판매,건물청소서비스,계약해제.해지/위약금
2023031905,2023-06-23,남자,50 - 59세,충청북도,일반판매,기타인테리어설비,계약불이행(불완전이행)
2023031906,2023-06-23,남자,30 - 39세,전라북도,일반판매,초고속인터넷,계약해제.해지/위약금
2023031907,2023-06-23,여자,65 - 69세,경기도,일반판매,티셔츠,품질(물품/용역)
2023031908,2023-06-23,남자,50 - 59세,충청북도,국내온라인거래,기타세정제·탈취제,품질(물품/용역)
2023031910,2023-06-23,여자,불명,경기도,일반판매,스포츠웨어,품질(물품/용역)
2023031911,2023-06-23,여자,50 - 59세,서울특별시,국내온라인거래,운동화,청약철회
2023031912,2023-06-23,남자,60 - 64세,경기도,일반판매,이동전화서비스,계약불이행(불완전이행)
2023031913,2023-06-23,여자,20 - 29세,대전광역시,국내온라인거래,샌들·슬리퍼,품질(물품/용역)
2023031914,2023-06-23,남자,40 - 49세,대전광역시,모바일거래,항공여객운송서비스,계약불이행(불완전이행)
2023031915,2023-06-23,여자,40 - 49세,충청남도,국내온라인거래,신발세탁,계약불이행(불완전이행)
2023031916,2023-06-23,여자,50 - 59세,충청남도,일반판매,운동화,청약철회
2023031917,2023-06-23,여자,60 - 64세,부산광역시,국내온라인거래,그릇세트,계약불이행(불완전이행)
2023031919,2023-06-23,여자,50 - 59세,경기도,국내온라인거래,옥수수,청약철회
2023031920,2023-06-23,여자,60 - 64세,부산광역시,일반판매,운동화,품질(물품/용역)
2023031922,2023-06-23,남자,65 - 69세,서울특별시,방문판매,실손보험,계약불이행(불완전이행)
2023031923,2023-06-23,남자,60 - 64세,경기도,일반판매,건강(암·기타질병)보험,계약불이행(불완전이행)
2023031924,2023-06-23,여자,40 - 49세,경기도,국제온라인거래,인터넷교육서비스,계약해제.해지/위약금
2023031925,2023-06-23,남자,40 - 49세,서울특별시,전화권유판매,자동차리스,부당행위
2023031926,2023-06-23,여자,50 - 59세,인천광역시,일반판매,신발세탁,계약불이행(불완전이행)
2023031927,2023-06-23,남자,40 - 49세,서울특별시,국내온라인거래,티셔츠,품질(물품/용역)
2023031928,2023-06-23,남자,50 - 59세,경상남도,일반판매,운동화,품질(물품/용역)
2023031929,2023-06-23,남자,30 - 39세,경기도,국내온라인거래,핸드백,품질(물품/용역)
2023031930,2023-06-23,여자,65 - 69세,경기도,일반판매,어패류젓갈,계약불이행(불완전이행)
2023031931,2023-06-23,남자,40 - 49세,서울특별시,일반판매,핸드백,품질(물품/용역)
2023031932,2023-06-23,여자,30 - 39세,경기도,일반판매,기타일반화장품,품질(물품/용역)
2023031933,2023-06-23,남자,불명,전라북도,국내온라인거래,의자,계약해제.해지/위약금
2023031934,2023-06-23,여자,40 - 49세,전라남도,전화권유판매,모바일정보이용서비스,계약해제.해지/위약금
2023031935,2023-06-23,여자,60 - 64세,경기도,모바일거래,기타투자상품,계약불이행(불완전이행)
2023031936,2023-06-23,남자,30 - 39세,경상남도,국내온라인거래,기타이·미용기구,품질(물품/용역)
2023032016,2023-06-23,여자,20 - 29세,서울특별시,일반판매,양복(서양식 의복)세탁,청약철회
2023032017,2023-06-23,남자,30 - 39세,경기도,국내온라인거래,기타조명기기,AS불만
2023032018,2023-06-23,여자,20 - 29세,경기도,일반판매,피부·체형관리서비스,계약해제.해지/위약금
2023032019,2023-06-23,여자,40 - 49세,경상북도,방문판매,인터넷교육서비스,계약해제.해지/위약금
2023032020,2023-06-23,남자,40 - 49세,서울특별시,모바일거래,이동전화서비스,부당행위
2023032021,2023-06-23,남자,20 - 29세,서울특별시,일반판매,헬스장,계약해제.해지/위약금
2023032022,2023-06-23,여자,30 - 39세,전라북도,일반판매,침대,계약해제.해지/위약금
2023032023,2023-06-23,여자,30 - 39세,경기도,소셜커머스(쇼핑),점퍼·재킷류,청약철회
2023032024,2023-06-23,남자,50 - 59세,경기도,국내온라인거래,전기진공청소기,계약해제.해지/위약금
2023032025,2023-06-23,남자,50 - 59세,서울특별시,국내온라인거래,항공여객운송서비스,가격.요금
2023032026,2023-06-23,여자,20 - 29세,경기도,기타,의상대여(렌트),계약불이행(불완전이행)
2023032027,2023-06-23,남자,30 - 39세,대구광역시,일반판매,버스여객운송서비스,부당행위
2023032028,2023-06-23,여자,40 - 49세,경기도,소셜커머스(쇼핑),기타정보이용서비스,계약해제.해지/위약금
2023032029,2023-06-23,여자,40 - 49세,서울특별시,일반판매,요가,계약해제.해지/위약금
2023032030,2023-06-23,여자,30 - 39세,경기도,일반판매,기타가스·급배수설비,품질(물품/용역)
2023032031,2023-06-23,여자,30 - 39세,서울특별시,일반판매,예식서비스,계약해제.해지/위약금
2023032032,2023-06-23,여자,50 - 59세,서울특별시,일반판매,애완견,계약불이행(불완전이행)
2023032033,2023-06-23,남자,30 - 39세,인천광역시,전화권유판매,인터넷정보이용서비스,계약불이행(불완전이행)
2023032034,2023-06-23,남자,70 - 79세,서울특별시,국내온라인거래,노트북컴퓨터,부당행위
2023032035,2023-06-23,남자,30 - 39세,서울특별시,기타,포장이사운송서비스,가격.요금
2023032036,2023-06-23,여자,40 - 49세,서울특별시,국내온라인거래,화장품세트,청약철회
2023032037,2023-06-23,남자,40 - 49세,인천광역시,국내온라인거래,기타미분류물품,AS불만
2023032038,2023-06-23,남자,20 - 29세,경기도,국내온라인거래,기타숙박시설,청약철회
2023032039,2023-06-23,여자,40 - 49세,서울특별시,모바일거래,항공여객운송서비스,청약철회
2023032040,2023-06-23,남자,60 - 64세,부산광역시,일반판매,세면설비,품질(물품/용역)
2023032041,2023-06-23,여자,40 - 49세,인천광역시,일반판매,스마트폰,품질(물품/용역)
2023032042,2023-06-23,남자,40 - 49세,경기도,소셜커머스(쇼핑),상품권,계약해제.해지/위약금
2023032043,2023-06-23,여자,40 - 49세,대구광역시,전화권유판매,인터넷교육서비스,약관
2023032044,2023-06-23,여자,40 - 49세,서울특별시,기타통신판매,이동전화서비스,계약해제.해지/위약금
2023032045,2023-06-23,남자,30 - 39세,경상북도,국내온라인거래,스피커,청약철회
2023032046,2023-06-23,여자,20 - 29세,경기도,국내온라인거래,국외여행,계약불이행(불완전이행)
2023032048,2023-06-23,남자,20 - 29세,경기도,일반판매,헬스장,계약해제.해지/위약금
2023032049,2023-06-23,여자,40 - 49세,서울특별시,일반판매,양복(서양식 의복)세탁,품질(물품/용역)
2023032050,2023-06-23,여자,60 - 64세,전라북도,TV홈쇼핑,기타음료,청약철회
2023032051,2023-06-23,여자,30 - 39세,대전광역시,일반판매,헬스장,계약해제.해지/위약금
2023032052,2023-06-23,여자,30 - 39세,서울특별시,소셜커머스(쇼핑),이불·요,품질(물품/용역)
2023032053,2023-06-23,남자,50 - 59세,서울특별시,국내온라인거래,테니스용품,품질(물품/용역)
2023032054,2023-06-23,여자,20 - 29세,대구광역시,일반판매,결혼준비대행서비스,계약해제.해지/위약금
2023032055,2023-06-23,여자,30 - 39세,부산광역시,방문판매,헬스장,계약해제.해지/위약금
2023032056,2023-06-23,남자,50 - 59세,제주도,국내온라인거래,기타스포츠·레저기구·용품,AS불만
2023032115,2023-06-24,남자,40 - 49세,강원특별자치도,기타,기타미분류서비스,계약해제.해지/위약금
2023032116,2023-06-24,남자,30 - 39세,부산광역시,모바일거래,기타숙박시설,계약해제.해지/위약금
2023032117,2023-06-24,여자,30 - 39세,서울특별시,일반판매,헬스장,계약해제.해지/위약금
2023032118,2023-06-24,남자,30 - 39세,경기도,일반판매,포장이사운송서비스,품질(물품/용역)
2023032119,2023-06-24,여자,50 - 59세,부산광역시,국내온라인거래,기타의류·섬유,계약해제.해지/위약금
2023032120,2023-06-24,여자,40 - 49세,충청남도,기타,국외여행,청약철회
2023032121,2023-06-24,여자,30 - 39세,경상북도,일반판매,국내결혼중개,계약해제.해지/위약금
2023032122,2023-06-24,여자,50 - 59세,경기도,국내온라인거래,김치냉장고,품질(물품/용역)
2023032123,2023-06-24,여자,30 - 39세,대구광역시,일반판매,전기장판,안전(제품/시설)
2023032124,2023-06-24,여자,20 - 29세,인천광역시,모바일거래,모바일게임서비스,청약철회
2023032125,2023-06-24,남자,30 - 39세,서울특별시,일반판매,냉장고,AS불만
2023032126,2023-06-24,여자,20 - 29세,경기도,일반판매,헬스장,계약해제.해지/위약금
2023032127,2023-06-25,남자,50 - 59세,경상북도,국내온라인거래,각종공연관람,계약해제.해지/위약금
2023032128,2023-06-25,여자,30 - 39세,전라북도,국내온라인거래,요가,청약철회
2023032129,2023-06-25,여자,30 - 39세,경기도,국내온라인거래,캐주얼바지,청약철회
2023032130,2023-06-25,남자,50 - 59세,서울특별시,일반판매,정수기대여(렌트),품질(물품/용역)
2023032131,2023-06-25,여자,20 - 29세,경상북도,국내온라인거래,셔츠,청약철회
2023032132,2023-06-25,남자,40 - 49세,경기도,일반판매,정수기,품질(물품/용역)
2023032133,2023-06-25,남자,50 - 59세,충청남도,국내온라인거래,캐주얼바지,품질(물품/용역)
2023032134,2023-06-25,남자,30 - 39세,경상남도,국내온라인거래,기타신발·용품,품질(물품/용역)
2023032135,2023-06-25,여자,30 - 39세,경기도,일반판매,욕실설비,품질(물품/용역)
2023032136,2023-06-25,남자,60 - 64세,전라북도,일반판매,화목보일러,AS불만
2023032137,2023-06-25,남자,20 - 29세,서울특별시,일반판매,헬스장,계약해제.해지/위약금
2023032138,2023-06-25,여자,40 - 49세,부산광역시,일반판매,전기진공청소기,AS불만
2023032139,2023-06-25,여자,40 - 49세,경기도,일반판매,피부·체형관리서비스,계약해제.해지/위약금
2023032140,2023-06-25,여자,20 - 29세,서울특별시,노상판매,기타일반화장품,계약해제.해지/위약금
2023032141,2023-06-25,여자,40 - 49세,경기도,소셜커머스(쇼핑),숙녀화(구두·부츠 등),청약철회
2023032142,2023-06-25,여자,30 - 39세,충청남도,국내온라인거래,냉장고,품질(물품/용역)
2023032143,2023-06-25,여자,50 - 59세,경기도,일반판매,등산화,품질(물품/용역)
2023032144,2023-06-25,여자,65 - 69세,경기도,국내온라인거래,국외여행,AS불만
2023032145,2023-06-25,여자,20 - 29세,서울특별시,일반판매,포장이사운송서비스,품질(물품/용역)
2023032146,2023-06-25,남자,20 - 29세,전라북도,일반판매,스포츠웨어,부당행위
2023032147,2023-06-25,남자,50 - 59세,인천광역시,국내온라인거래,마늘,품질(물품/용역)
2023032148,2023-06-25,여자,20 - 29세,서울특별시,기타통신판매,인터넷교육서비스,계약해제.해지/위약금
2023032149,2023-06-25,남자,40 - 49세,서울특별시,일반판매,냉장고,AS불만
2023032150,2023-06-26,여자,50 - 59세,서울특별시,일반판매,대형승용자동차,AS불만
2023032151,2023-06-26,여자,40 - 49세,제주도,일반판매,노트북컴퓨터,품질(물품/용역)
2023032152,2023-06-26,여자,50 - 59세,인천광역시,기타,정수기대여(렌트),계약해제.해지/위약금
2023032153,2023-06-26,남자,30 - 39세,서울특별시,소셜커머스(쇼핑),호텔,계약해제.해지/위약금
2023032154,2023-06-26,여자,40 - 49세,서울특별시,일반판매,모바일게임서비스,계약해제.해지/위약금
2023032155,2023-06-26,여자,50 - 59세,경기도,일반판매,핸드백,품질(물품/용역)
2023032156,2023-06-26,여자,50 - 59세,서울특별시,국내온라인거래,각종공연관람,계약불이행(불완전이행)
2023032157,2023-06-26,남자,20 - 29세,서울특별시,일반판매,자동차대여(렌트),AS불만
2023032158,2023-06-26,여자,50 - 59세,서울특별시,기타통신판매,캐주얼바지,청약철회
2023032159,2023-06-26,남자,30 - 39세,인천광역시,국내온라인거래,미분류대여(렌트),청약철회
2023032160,2023-06-26,여자,30 - 39세,서울특별시,전화권유판매,유사투자자문,청약철회
2023032161,2023-06-26,여자,30 - 39세,경기도,기타,건물청소서비스,계약불이행(불완전이행)
2023032162,2023-06-26,남자,30 - 39세,경기도,일반판매,스마트폰,AS불만
2023032163,2023-06-26,여자,40 - 49세,경기도,국내온라인거래,항공여객운송서비스,계약해제.해지/위약금
2023032165,2023-06-26,남자,40 - 49세,서울특별시,일반판매,정수기대여(렌트),계약해제.해지/위약금
2023032166,2023-06-26,여자,30 - 39세,대전광역시,일반판매,양복(서양식 의복)세탁,품질(물품/용역)
2023032168,2023-06-26,남자,30 - 39세,인천광역시,기타,골프회원권,계약해제.해지/위약금
2023032169,2023-06-26,남자,30 - 39세,서울특별시,국내온라인거래,인터넷정보이용서비스,부당행위
2023032171,2023-06-26,여자,30 - 39세,서울특별시,일반판매,헬스장,계약해제.해지/위약금
2023032173,2023-06-26,여자,20 - 29세,경기도,모바일거래,호텔,계약불이행(불완전이행)
2023032174,2023-06-26,여자,20 - 29세,서울특별시,일반판매,피부·체형관리서비스,계약해제.해지/위약금
2023032175,2023-06-26,여자,40 - 49세,경기도,기타,전기밥솥,품질(물품/용역)
2023032176,2023-06-26,여자,50 - 59세,대구광역시,일반판매,셔츠,품질(물품/용역)
2023032177,2023-06-26,남자,40 - 49세,경기도,일반판매,예식서비스,계약해제.해지/위약금
2023032179,2023-06-26,여자,50 - 59세,서울특별시,일반판매,양복(서양식 의복)세탁,품질(물품/용역)
2023032180,2023-06-26,여자,30 - 39세,서울특별시,일반판매,외식,가격.요금
2023032182,2023-06-26,여자,40 - 49세,경기도,국내온라인거래,항공여객운송서비스,계약해제.해지/위약금
2023032183,2023-06-26,여자,40 - 49세,경기도,국내온라인거래,스포츠웨어,품질(물품/용역)
2023032184,2023-06-26,여자,30 - 39세,부산광역시,일반판매,포장이사운송서비스,계약불이행(불완전이행)
2023032185,2023-06-26,남자,40 - 49세,부산광역시,국내온라인거래,외장하드,청약철회
2023032186,2023-06-26,남자,50 - 59세,충청북도,국내온라인거래,태블릿PC,계약해제.해지/위약금
2023032187,2023-06-26,남자,20 - 29세,대구광역시,일반판매,택배화물운송서비스,계약불이행(불완전이행)
2023032188,2023-06-26,남자,50 - 59세,경상남도,국내온라인거래,모형완구,품질(물품/용역)
2023032189,2023-06-26,남자,40 - 49세,전라북도,일반판매,자동차세차,부당행위
2023032190,2023-06-26,여자,65 - 69세,부산광역시,일반판매,운동화,품질(물품/용역)
2023032191,2023-06-26,여자,20 - 29세,경기도,소셜커머스(쇼핑),스마트폰,품질(물품/용역)
2023032192,2023-06-26,남자,40 - 49세,서울특별시,국내온라인거래,전자레인지,청약철회
2023032193,2023-06-26,여자,30 - 39세,경기도,국내온라인거래,아동화,품질(물품/용역)
2023032194,2023-06-26,여자,불명,경기도,일반판매,캐주얼바지,품질(물품/용역)
2023032195,2023-06-26,여자,40 - 49세,서울특별시,국제온라인거래,호텔,가격.요금
2023032196,2023-06-26,여자,40 - 49세,경기도,국내온라인거래,점퍼·재킷류,청약철회
2023032197,2023-06-26,여자,30 - 39세,경기도,국내온라인거래,소파,청약철회
2023032198,2023-06-26,여자,40 - 49세,서울특별시,국내온라인거래,코트,계약해제.해지/위약금
2023032199,2023-06-26,남자,50 - 59세,경기도,TV홈쇼핑,매트,품질(물품/용역)
2023032200,2023-06-26,남자,40 - 49세,인천광역시,일반판매,자동차주차장,부당행위
2023032201,2023-06-26,남자,40 - 49세,경기도,일반판매,전기자전거,품질(물품/용역)
2023032202,2023-06-26,여자,60 - 64세,경기도,일반판매,기타모피·가죽의류,품질(물품/용역)
2023032203,2023-06-26,여자,50 - 59세,경기도,기타,실손보험,계약불이행(불완전이행)
2023032204,2023-06-26,여자,30 - 39세,충청남도,일반판매,인터넷교육서비스,계약해제.해지/위약금
2023032205,2023-06-26,여자,65 - 69세,부산광역시,일반판매,양복(서양식 의복)세탁,품질(물품/용역)
2023032206,2023-06-26,여자,40 - 49세,서울특별시,국내온라인거래,원피스,표시.광고
2023032207,2023-06-26,여자,20 - 29세,서울특별시,일반판매,예식서비스,계약해제.해지/위약금
2023032208,2023-06-26,여자,50 - 59세,서울특별시,모바일거래,기타스포츠·레저기구·용품,청약철회
2023032209,2023-06-26,여자,40 - 49세,경기도,국내온라인거래,티셔츠,품질(물품/용역)
2023032210,2023-06-26,남자,30 - 39세,인천광역시,일반판매,자동차대여(렌트),약관
2023032211,2023-06-26,여자,70 - 79세,경기도,일반판매,건강(암·기타질병)보험,계약해제.해지/위약금
2023032212,2023-06-26,여자,30 - 39세,서울특별시,국내온라인거래,운동화,품질(물품/용역)
2023032213,2023-06-26,여자,30 - 39세,경기도,일반판매,전기오븐레인지,계약불이행(불완전이행)
2023032214,2023-06-26,남자,30 - 39세,경기도,국내온라인거래,캐주얼바지,품질(물품/용역)
2023032215,2023-06-26,남자,60 - 64세,대전광역시,일반판매,운동화,품질(물품/용역)
2023032216,2023-06-26,남자,50 - 59세,서울특별시,일반판매,건강(암·기타질병)보험,약관
2023032217,2023-06-26,남자,50 - 59세,부산광역시,일반판매,아파트,계약해제.해지/위약금
2023032218,2023-06-26,여자,불명,경기도,국내온라인거래,양복(서양식 의복)세탁,품질(물품/용역)
2023032219,2023-06-26,여자,불명,경기도,일반판매,양복(서양식 의복)세탁,품질(물품/용역)
2023032220,2023-06-26,남자,50 - 59세,전라북도,국내온라인거래,전문스포츠화(축구화·골프화 등),품질(물품/용역)
2023032221,2023-06-26,여자,50 - 59세,경기도,국내온라인거래,소파,품질(물품/용역)
2023032222,2023-06-26,남자,70 - 79세,서울특별시,일반판매,차량네비게이션(자동항법장치),청약철회
2023032223,2023-06-26,여자,30 - 39세,경기도,국내온라인거래,기타숙박시설,계약불이행(불완전이행)
2023032224,2023-06-26,남자,40 - 49세,제주도,국내온라인거래,양복(서양식 의복)세탁,품질(물품/용역)
2023032225,2023-06-26,남자,40 - 49세,제주도,국내온라인거래,양복(서양식 의복)세탁,품질(물품/용역)
2023032226,2023-06-26,남자,40 - 49세,경상남도,일반판매,비뇨의학과,품질(물품/용역)
2023032227,2023-06-26,남자,65 - 69세,경기도,일반판매,외식,거래관행
2023032229,2023-06-26,여자,50 - 59세,경기도,일반판매,중형승용자동차,품질(물품/용역)
2023032230,2023-06-26,남자,30 - 39세,경상북도,모바일거래,기타숙박시설,품질(물품/용역)
2023032231,2023-06-26,여자,30 - 39세,제주도,국내온라인거래,외식,계약해제.해지/위약금
2023032232,2023-06-26,여자,40 - 49세,서울특별시,일반판매,양복(서양식 의복)세탁,품질(물품/용역)
2023032233,2023-06-26,남자,40 - 49세,서울특별시,소셜커머스(쇼핑),선풍기,표시.광고
2023032234,2023-06-26,여자,50 - 59세,대구광역시,일반판매,인터넷정보이용서비스,계약불이행(불완전이행)
2023032235,2023-06-26,남자,40 - 49세,경기도,국내온라인거래,가구세트,계약불이행(불완전이행)
2023032236,2023-06-26,남자,10 - 19세,경기도,전화권유판매,실손보험,약관
2023032237,2023-06-26,남자,60 - 64세,경기도,국내온라인거래,기타숙박시설,이자.수수료
2023032238,2023-06-26,여자,30 - 39세,서울특별시,국내온라인거래,기타신발·용품,계약해제.해지/위약금
2023032239,2023-06-26,여자,70 - 79세,경기도,TV홈쇼핑,국외여행,계약불이행(불완전이행)
2023032240,2023-06-26,여자,40 - 49세,서울특별시,국내온라인거래,운동화,품질(물품/용역)
2023032241,2023-06-26,여자,40 - 49세,경기도,일반판매,외과,품질(물품/용역)
2023032242,2023-06-26,여자,40 - 49세,서울특별시,국내온라인거래,서랍장,품질(물품/용역)
2023032243,2023-06-26,여자,65 - 69세,경기도,소셜커머스(쇼핑),음식물처리기,품질(물품/용역)
2023032244,2023-06-26,여자,40 - 49세,충청남도,국내온라인거래,다이어트식품,품질(물품/용역)
2023032245,2023-06-26,여자,70 - 79세,서울특별시,일반판매,기타숙박시설,안전(제품/시설)
2023032246,2023-06-26,남자,60 - 64세,경기도,TV홈쇼핑,국내여행,계약해제.해지/위약금
2023032247,2023-06-26,여자,50 - 59세,경기도,국내온라인거래,이불·요,품질(물품/용역)
2023032248,2023-06-26,여자,50 - 59세,경기도,일반판매,변호서비스,계약불이행(불완전이행)
2023032249,2023-06-26,여자,50 - 59세,서울특별시,국내온라인거래,기타조리기기·기구,계약불이행(불완전이행)
2023032250,2023-06-26,남자,30 - 39세,광주광역시,일반판매,헬스장,단순문의.상담
2023032251,2023-06-26,여자,50 - 59세,전라북도,일반판매,스프링매트리스,품질(물품/용역)
2023032253,2023-06-26,남자,불명,부산광역시,일반판매,양복(서양식 의복)세탁,품질(물품/용역)
2023032254,2023-06-26,여자,40 - 49세,부산광역시,일반판매,양복(서양식 의복)세탁,품질(물품/용역)
2023032255,2023-06-26,남자,불명,경기도,일반판매,점퍼·재킷류,품질(물품/용역)
2023032256,2023-06-26,남자,20 - 29세,경기도,일반판매,자동차대여(렌트),약관
2023032257,2023-06-26,여자,40 - 49세,경기도,국내온라인거래,기타의류·섬유,청약철회
2023032258,2023-06-26,여자,불명,서울특별시,일반판매,티셔츠,품질(물품/용역)
2023032259,2023-06-26,남자,65 - 69세,서울특별시,국내온라인거래,가스에어컨,품질(물품/용역)
2023032260,2023-06-26,남자,80세이상,경기도,기타,전기압력밥솥,품질(물품/용역)
2023032261,2023-06-26,여자,불명,부산광역시,일반판매,양복(서양식 의복)세탁,품질(물품/용역)
2023032262,2023-06-26,여자,50 - 59세,경기도,일반판매,필라테스,계약해제.해지/위약금
2023032263,2023-06-26,여자,50 - 59세,경기도,일반판매,식기세척기,품질(물품/용역)
2023032264,2023-06-26,여자,30 - 39세,경기도,전화권유판매,골프회원권,계약해제.해지/위약금
2023032265,2023-06-26,남자,20 - 29세,서울특별시,방문판매,헬스장,계약해제.해지/위약금
2023032266,2023-06-26,여자,30 - 39세,서울특별시,일반판매,국내결혼중개,계약해제.해지/위약금
2023032267,2023-06-26,남자,40 - 49세,울산광역시,일반판매,룸에어컨,AS불만
2023032268,2023-06-26,여자,50 - 59세,경기도,일반판매,애완견,계약불이행(불완전이행)
2023032269,2023-06-26,남자,40 - 49세,경기도,국내온라인거래,기타인테리어설비,품질(물품/용역)
2023032270,2023-06-26,여자,40 - 49세,인천광역시,국내온라인거래,샴푸,청약철회
2023032271,2023-06-26,남자,30 - 39세,서울특별시,일반판매,국내결혼중개,계약해제.해지/위약금
2023032272,2023-06-26,여자,50 - 59세,경기도,일반판매,요가,계약불이행(불완전이행)
2023032273,2023-06-26,여자,40 - 49세,울산광역시,국내온라인거래,기타유아용식생활용품,계약불이행(불완전이행)
2023032274,2023-06-26,남자,40 - 49세,충청북도,국내온라인거래,기타미분류물품,품질(물품/용역)
2023032275,2023-06-26,여자,20 - 29세,서울특별시,국내온라인거래,기타회원권,계약불이행(불완전이행)
2023032276,2023-06-26,여자,40 - 49세,경기도,국내온라인거래,셔츠,청약철회
2023032277,2023-06-26,남자,30 - 39세,광주광역시,기타통신판매,예식서비스,계약해제.해지/위약금
2023032278,2023-06-26,남자,20 - 29세,충청북도,국내온라인거래,셔츠,청약철회
2023032279,2023-06-26,여자,30 - 39세,서울특별시,일반판매,기타미분류서비스,품질(물품/용역)
2023032280,2023-06-26,여자,30 - 39세,경상남도,기타,기타이·미용서비스,부당행위
2023032281,2023-06-26,여자,30 - 39세,서울특별시,국내온라인거래,음식물처리기대여(렌트),AS불만
2023032282,2023-06-26,여자,20 - 29세,경기도,일반판매,기타숙박시설,품질(물품/용역)
2023032283,2023-06-26,여자,40 - 49세,부산광역시,국내온라인거래,기타숙박시설,계약불이행(불완전이행)
2023032284,2023-06-26,남자,30 - 39세,서울특별시,국내온라인거래,레저시설이용,부당행위
2023032285,2023-06-26,여자,40 - 49세,대전광역시,전화권유판매,기타정보통신,계약불이행(불완전이행)
2023032286,2023-06-26,남자,20 - 29세,경기도,기타,공부방이용,계약해제.해지/위약금
2023032287,2023-06-26,여자,30 - 39세,경기도,국내온라인거래,캐주얼바지,청약철회
2023032288,2023-06-26,여자,50 - 59세,경기도,일반판매,헬스장,계약해제.해지/위약금
2023032289,2023-06-26,남자,30 - 39세,경기도,전화권유판매,초고속인터넷,계약해제.해지/위약금
2023032290,2023-06-26,남자,30 - 39세,경기도,방문판매,헬스장,계약해제.해지/위약금
2023032291,2023-06-26,여자,40 - 49세,인천광역시,일반판매,기타간편복,부당행위
2023032292,2023-06-26,여자,20 - 29세,서울특별시,국내온라인거래,미용서비스,품질(물품/용역)
2023032293,2023-06-26,남자,20 - 29세,부산광역시,일반판매,기타음식관련서비스,안전(제품/시설)
2023032294,2023-06-26,여자,50 - 59세,인천광역시,국내온라인거래,기타의류·섬유,품질(물품/용역)
2023032295,2023-06-26,여자,20 - 29세,경기도,방문판매,양복(서양식 의복)세탁,품질(물품/용역)
2023032296,2023-06-26,여자,20 - 29세,경기도,국내온라인거래,티셔츠,청약철회
2023032298,2023-06-26,남자,50 - 59세,광주광역시,국내온라인거래,스마트폰,AS불만
2023032299,2023-06-26,남자,30 - 39세,경상북도,일반판매,국외여행,계약해제.해지/위약금
2023032300,2023-06-26,여자,30 - 39세,충청남도,일반판매,미용서비스,품질(물품/용역)
2023032301,2023-06-26,남자,40 - 49세,인천광역시,기타,스마트폰,AS불만
2023032302,2023-06-26,남자,40 - 49세,경기도,방문판매,인터넷교육서비스,계약해제.해지/위약금
2023032303,2023-06-26,남자,20 - 29세,서울특별시,일반판매,종합체육시설회원권,계약해제.해지/위약금
2023032304,2023-06-26,여자,30 - 39세,서울특별시,국내온라인거래,캐주얼바지,청약철회
2023032305,2023-06-26,여자,40 - 49세,인천광역시,국내온라인거래,호텔,거래관행
2023032306,2023-06-26,여자,30 - 39세,경기도,일반판매,헬스장,계약해제.해지/위약금
2023032307,2023-06-26,여자,20 - 29세,경상북도,국내온라인거래,인터넷게임서비스,계약불이행(불완전이행)
2023032308,2023-06-26,여자,30 - 39세,충청남도,일반판매,필라테스,계약불이행(불완전이행)
2023032309,2023-06-26,남자,20 - 29세,대전광역시,일반판매,애완견,품질(물품/용역)
2023032310,2023-06-26,여자,20 - 29세,경상남도,일반판매,헬스장,계약해제.해지/위약금
2023032311,2023-06-26,남자,50 - 59세,경기도,일반판매,유선방송,계약해제.해지/위약금
2023032312,2023-06-26,여자,30 - 39세,서울특별시,기타,기타세탁서비스,품질(물품/용역)
2023032313,2023-06-26,남자,30 - 39세,경기도,일반판매,결혼준비대행서비스,계약해제.해지/위약금
2023032315,2023-06-26,여자,50 - 59세,경상북도,국내온라인거래,기타숙박시설,계약해제.해지/위약금
2023032316,2023-06-26,남자,20 - 29세,강원특별자치도,일반판매,경비·관리서비스,부당채권추심
2023032317,2023-06-26,남자,30 - 39세,서울특별시,국내온라인거래,항공여객운송서비스,계약불이행(불완전이행)
2023032318,2023-06-26,남자,50 - 59세,서울특별시,국내온라인거래,침대,품질(물품/용역)
2023032319,2023-06-26,남자,30 - 39세,인천광역시,소셜커머스(쇼핑),보석·귀금속,청약철회
2023032320,2023-06-26,남자,30 - 39세,경기도,국내온라인거래,TV,품질(물품/용역)
2023032321,2023-06-26,남자,30 - 39세,충청남도,일반판매,미용서비스,품질(물품/용역)
2023032322,2023-06-26,남자,30 - 39세,경기도,국내온라인거래,TV,품질(물품/용역)
2023032323,2023-06-26,여자,30 - 39세,서울특별시,일반판매,피부·체형관리서비스,계약해제.해지/위약금
2023032324,2023-06-26,남자,30 - 39세,경기도,일반판매,일반강습(입시학원등),계약해제.해지/위약금
2023032325,2023-06-26,남자,40 - 49세,경기도,일반판매,중형승용자동차,부당행위
2023032326,2023-06-26,여자,30 - 39세,서울특별시,일반판매,각종자격취득강습,계약해제.해지/위약금
2023032327,2023-06-26,여자,60 - 64세,경기도,국내온라인거래,국외여행,계약해제.해지/위약금
2023032329,2023-06-26,여자,30 - 39세,대구광역시,방문판매,결혼준비대행서비스,계약해제.해지/위약금
2023032330,2023-06-26,남자,40 - 49세,광주광역시,소셜커머스(쇼핑),기타자동차부품,안전(제품/시설)
2023032331,2023-06-26,여자,50 - 59세,인천광역시,기타,전기세탁기,품질(물품/용역)
2023032332,2023-06-26,여자,30 - 39세,서울특별시,일반판매,기타부동산임대차,청약철회
2023032333,2023-06-26,남자,30 - 39세,경기도,일반판매,일반강습(입시학원등),계약해제.해지/위약금
2023032334,2023-06-26,여자,20 - 29세,서울특별시,일반판매,피부·체형관리서비스,계약해제.해지/위약금
2023032335,2023-06-26,여자,30 - 39세,인천광역시,일반판매,케이크,표시.광고
2023032337,2023-06-26,여자,40 - 49세,경기도,국내온라인거래,음식물처리기대여(렌트),품질(물품/용역)
2023032338,2023-06-26,여자,30 - 39세,경기도,일반판매,TV,품질(물품/용역)
2023032339,2023-06-26,여자,40 - 49세,대전광역시,기타,국외여행,계약불이행(불완전이행)
2023032340,2023-06-26,남자,20 - 29세,경기도,국내온라인거래,모바일정보이용서비스,계약해제.해지/위약금
2023032341,2023-06-26,남자,40 - 49세,경상북도,모바일거래,인터넷게임서비스,무능력자계약
2023032342,2023-06-26,여자,50 - 59세,서울특별시,기타,국외여행,계약해제.해지/위약금
2023032343,2023-06-26,여자,20 - 29세,대구광역시,일반판매,필라테스,계약불이행(불완전이행)
2023032344,2023-06-26,여자,50 - 59세,경기도,국내온라인거래,이불·침대커버,품질(물품/용역)
2023032345,2023-06-26,여자,20 - 29세,서울특별시,모바일거래,인터넷정보이용서비스,계약해제.해지/위약금
2023032346,2023-06-26,여자,20 - 29세,대구광역시,국내온라인거래,기타의류·섬유,청약철회
2023032347,2023-06-26,여자,30 - 39세,부산광역시,일반판매,기타신발·용품,품질(물품/용역)
2023032348,2023-06-26,여자,60 - 64세,부산광역시,기타,케이블TV,부당행위
2023032349,2023-06-26,여자,50 - 59세,경기도,일반판매,싱크대,AS불만
2023032350,2023-06-26,여자,50 - 59세,서울특별시,일반판매,미용서비스,계약불이행(불완전이행)
2023032351,2023-06-26,여자,20 - 29세,경기도,일반판매,필라테스,계약해제.해지/위약금
2023032352,2023-06-26,여자,40 - 49세,대전광역시,일반판매,변호서비스,계약해제.해지/위약금
2023032353,2023-06-26,남자,40 - 49세,경기도,일반판매,정수기대여(렌트),품질(물품/용역)
2023032354,2023-06-26,남자,30 - 39세,인천광역시,일반판매,기타미분류서비스,부당행위
2023032355,2023-06-26,남자,20 - 29세,경기도,국내온라인거래,보석·귀금속,품질(물품/용역)
2023032356,2023-06-26,여자,30 - 39세,서울특별시,소셜커머스(쇼핑),티셔츠,청약철회
2023032357,2023-06-26,남자,30 - 39세,부산광역시,국내온라인거래,조립완구,청약철회
2023032358,2023-06-26,남자,20 - 29세,서울특별시,국내온라인거래,인터넷게임서비스,품질(물품/용역)
2023032359,2023-06-26,여자,30 - 39세,서울특별시,국내온라인거래,기타간편복,청약철회
2023032360,2023-06-26,여자,30 - 39세,경기도,국내온라인거래,스커트,청약철회
2023032361,2023-06-26,여자,30 - 39세,서울특별시,일반판매,테니스장스쿼시회원권,계약해제.해지/위약금
2023032362,2023-06-26,여자,40 - 49세,강원특별자치도,국내온라인거래,혼합견과류,청약철회
2023032363,2023-06-26,남자,50 - 59세,대구광역시,일반판매,타이어,품질(물품/용역)
2023032364,2023-06-26,남자,30 - 39세,경상북도,일반판매,헬스장,계약해제.해지/위약금
2023032365,2023-06-26,남자,40 - 49세,서울특별시,기타,펜션,청약철회
2023032366,2023-06-26,여자,40 - 49세,서울특별시,국내온라인거래,서랍장,품질(물품/용역)
2023032367,2023-06-26,여자,30 - 39세,경기도,국내온라인거래,전기세탁기,계약불이행(불완전이행)
2023032368,2023-06-26,남자,70 - 79세,경기도,국내온라인거래,벌꿀,계약불이행(불완전이행)
2023032369,2023-06-26,여자,40 - 49세,경기도,일반판매,필라테스,계약해제.해지/위약금
2023032370,2023-06-27,남자,20 - 29세,경기도,국내온라인거래,인터넷교육서비스,계약해제.해지/위약금
2023032371,2023-06-27,남자,(미입력),대구광역시,일반판매,중고자동차중개·매매,품질(물품/용역)
2023032372,2023-06-27,남자,40 - 49세,경기도,기타,포장이사운송서비스,계약불이행(불완전이행)
2023032373,2023-06-27,여자,30 - 39세,경기도,일반판매,반포장이사운송서비스,AS불만
2023032374,2023-06-27,남자,40 - 49세,경기도,일반판매,중형승용자동차,약관
2023032375,2023-06-27,남자,30 - 39세,경기도,TV홈쇼핑,미분류대여(렌트),AS불만
2023032376,2023-06-27,여자,40 - 49세,경기도,일반판매,택배화물운송서비스,계약불이행(불완전이행)
2023032377,2023-06-27,남자,60 - 64세,전라남도,일반판매,가스보일러,품질(물품/용역)
2023032378,2023-06-27,남자,40 - 49세,광주광역시,전화권유판매,유사투자자문,계약불이행(불완전이행)
2023032379,2023-06-27,여자,30 - 39세,서울특별시,모바일거래,각종공연관람,청약철회
2023032380,2023-06-27,남자,40 - 49세,경기도,국내온라인거래,기타신변용품,계약불이행(불완전이행)
2023032381,2023-06-27,남자,30 - 39세,서울특별시,기타통신판매,자동차대여(렌트),청약철회
2023032382,2023-06-27,여자,20 - 29세,경기도,기타,일반강습(입시학원등),계약해제.해지/위약금
2023032383,2023-06-27,남자,30 - 39세,서울특별시,기타통신판매,항공여객운송서비스,계약불이행(불완전이행)
2023032384,2023-06-27,여자,50 - 59세,경기도,국내온라인거래,샌들·슬리퍼,품질(물품/용역)
2023032385,2023-06-27,남자,50 - 59세,울산광역시,TV홈쇼핑,음식물처리기대여(렌트),안전(제품/시설)
2023032386,2023-06-27,여자,20 - 29세,충청북도,일반판매,카셰어링,부당행위
2023032387,2023-06-27,남자,50 - 59세,충청북도,기타통신판매,모바일정보이용서비스,약관
2023032388,2023-06-27,여자,20 - 29세,서울특별시,국내온라인거래,기타문화·오락시설이용,계약불이행(불완전이행)
2023032389,2023-06-27,여자,30 - 39세,대전광역시,일반판매,전기의류건조기,품질(물품/용역)
2023032390,2023-06-27,여자,30 - 39세,서울특별시,국내온라인거래,기타의류·섬유,품질(물품/용역)
2023032391,2023-06-27,여자,20 - 29세,충청남도,일반판매,헬스장,계약해제.해지/위약금
2023032392,2023-06-27,남자,30 - 39세,서울특별시,일반판매,식탁,품질(물품/용역)
2023032393,2023-06-27,남자,60 - 64세,충청남도,기타통신판매,기타건강식품,청약철회
2023032394,2023-06-27,여자,20 - 29세,경기도,기타,일반강습(입시학원등),계약해제.해지/위약금
2023032395,2023-06-27,남자,65 - 69세,서울특별시,일반판매,자동차대여(렌트),품질(물품/용역)
2023032396,2023-06-27,여자,30 - 39세,서울특별시,국내온라인거래,팬코일(이동식에어컨),품질(물품/용역)
2023032397,2023-06-27,남자,60 - 64세,대전광역시,국내온라인거래,셔츠,청약철회
2023032398,2023-06-27,여자,30 - 39세,경기도,기타,전세자동차운송서비스,계약불이행(불완전이행)
2023032399,2023-06-27,남자,40 - 49세,경기도,일반판매,중고자동차중개·매매,표시.광고
2023032400,2023-06-27,남자,20 - 29세,강원특별자치도,일반판매,헬스장,계약해제.해지/위약금
2023032401,2023-06-27,남자,50 - 59세,경상남도,일반판매,자동차대여(렌트),부당행위
2023032402,2023-06-27,여자,30 - 39세,경기도,모바일거래,사진촬영,계약해제.해지/위약금
2023032403,2023-06-27,남자,30 - 39세,인천광역시,일반판매,헬스장,계약해제.해지/위약금
2023032404,2023-06-27,여자,50 - 59세,서울특별시,일반판매,기타인테리어설비,품질(물품/용역)
2023032405,2023-06-27,여자,40 - 49세,경기도,일반판매,소파,품질(물품/용역)
2023032406,2023-06-27,남자,40 - 49세,서울특별시,국내온라인거래,식사배달,계약불이행(불완전이행)
2023032407,2023-06-27,남자,30 - 39세,해외 및 기타,일반판매,노트북컴퓨터,AS불만
2023032408,2023-06-27,여자,65 - 69세,인천광역시,방문판매,정수기대여(렌트),계약불이행(불완전이행)
2023032409,2023-06-27,여자,20 - 29세,경기도,전화권유판매,인터넷교육서비스,계약해제.해지/위약금
2023032410,2023-06-27,남자,60 - 64세,경상북도,방문판매,기타옥외장비·설비,청약철회
2023032411,2023-06-27,여자,40 - 49세,서울특별시,방문판매,샌들·슬리퍼,계약해제.해지/위약금
2023032412,2023-06-27,남자,30 - 39세,경기도,모바일거래,고시원이용,계약해제.해지/위약금
2023032413,2023-06-27,남자,40 - 49세,전라북도,소셜커머스(쇼핑),차량네비게이션(자동항법장치),품질(물품/용역)
2023032414,2023-06-27,여자,30 - 39세,인천광역시,일반판매,예식서비스,계약해제.해지/위약금
2023032415,2023-06-27,남자,30 - 39세,충청북도,일반판매,자동차대여(렌트),부당행위
2023032416,2023-06-27,여자,30 - 39세,대전광역시,국내온라인거래,호텔,계약해제.해지/위약금
2023032417,2023-06-27,남자,40 - 49세,인천광역시,일반판매,자동차대여(렌트),부당행위
2023032418,2023-06-27,남자,30 - 39세,경상북도,국내온라인거래,기타숙박시설,청약철회
2023032419,2023-06-27,여자,40 - 49세,경기도,기타,인터넷교육서비스,계약해제.해지/위약금
2023032421,2023-06-27,남자,65 - 69세,경기도,국내온라인거래,기타과일·과일가공식품,표시.광고
2023032422,2023-06-27,여자,40 - 49세,서울특별시,일반판매,외식,품질(물품/용역)
2023032423,2023-06-27,남자,40 - 49세,전라북도,전화권유판매,모바일정보이용서비스,계약해제.해지/위약금
2023032424,2023-06-27,여자,60 - 64세,경기도,TV홈쇼핑,원피스,품질(물품/용역)
2023032425,2023-06-27,남자,50 - 59세,서울특별시,일반판매,룸에어컨,품질(물품/용역)
2023032426,2023-06-27,여자,40 - 49세,경기도,국내온라인거래,항공여객운송서비스,계약해제.해지/위약금
2023032427,2023-06-27,남자,30 - 39세,대구광역시,국내온라인거래,캐주얼바지,청약철회
2023032428,2023-06-27,여자,60 - 64세,서울특별시,전화권유판매,기타정보이용서비스,계약해제.해지/위약금
2023032429,2023-06-27,여자,40 - 49세,대전광역시,일반판매,경비·관리서비스,계약해제.해지/위약금
2023032430,2023-06-27,여자,30 - 39세,전라북도,국내온라인거래,기타의류·섬유,청약철회
2023032431,2023-06-27,남자,30 - 39세,경기도,소셜커머스(쇼핑),항공여객운송서비스,청약철회
2023032432,2023-06-27,여자,50 - 59세,경상남도,일반판매,신발세탁,품질(물품/용역)
2023032433,2023-06-27,여자,60 - 64세,서울특별시,국내온라인거래,호텔,계약해제.해지/위약금
2023032434,2023-06-27,남자,30 - 39세,경기도,국내온라인거래,기타신발·용품,계약불이행(불완전이행)
2023032435,2023-06-27,남자,40 - 49세,충청남도,일반판매,대형승용자동차,품질(물품/용역)
2023032436,2023-06-27,남자,30 - 39세,충청북도,일반판매,국내결혼중개,계약해제.해지/위약금
2023032437,2023-06-27,여자,50 - 59세,전라북도,일반판매,TV,AS불만
2023032438,2023-06-27,여자,50 - 59세,인천광역시,일반판매,양복(서양식 의복)세탁,품질(물품/용역)
2023032439,2023-06-27,여자,65 - 69세,서울특별시,국내온라인거래,기타모피·가죽의류,품질(물품/용역)
2023032440,2023-06-27,여자,40 - 49세,제주도,일반판매,건강(암·기타질병)보험,계약불이행(불완전이행)
2023032441,2023-06-27,남자,80세이상,경기도,일반판매,외과,품질(물품/용역)
2023032442,2023-06-27,남자,40 - 49세,경기도,일반판매,소파,AS불만
2023032443,2023-06-27,남자,70 - 79세,경기도,전화권유판매,유사투자자문,계약해제.해지/위약금
2023032444,2023-06-27,여자,30 - 39세,대구광역시,국내온라인거래,선탠·선스크린화장품,품질(물품/용역)
2023032445,2023-06-27,여자,50 - 59세,서울특별시,일반판매,자동차수리·점검,AS불만
2023032447,2023-06-27,남자,30 - 39세,대구광역시,국제온라인거래,양복(서양식 의복)세탁,품질(물품/용역)
2023032448,2023-06-27,여자,50 - 59세,부산광역시,전화권유판매,유사투자자문,계약해제.해지/위약금
2023032449,2023-06-27,남자,40 - 49세,경기도,전화권유판매,모바일정보이용서비스,계약해제.해지/위약금
2023032450,2023-06-27,남자,40 - 49세,전라남도,기타통신판매,유사투자자문,계약해제.해지/위약금
2023032451,2023-06-27,남자,30 - 39세,경기도,일반판매,헬스장,계약해제.해지/위약금
2023032452,2023-06-27,여자,50 - 59세,경기도,일반판매,가스보일러,안전(제품/시설)
2023032453,2023-06-27,여자,50 - 59세,충청북도,일반판매,머플러,품질(물품/용역)
2023032454,2023-06-27,여자,40 - 49세,강원특별자치도,기타,정형외과,품질(물품/용역)
2023032455,2023-06-27,여자,30 - 39세,경상남도,국내온라인거래,기타신변용품,표시.광고
2023032456,2023-06-27,남자,40 - 49세,경상북도,전화권유판매,모바일정보이용서비스,계약해제.해지/위약금
2023032457,2023-06-27,여자,50 - 59세,경기도,일반판매,한의원,품질(물품/용역)
2023032458,2023-06-27,여자,20 - 29세,대구광역시,일반판매,핸드백,품질(물품/용역)
2023032459,2023-06-27,여자,40 - 49세,서울특별시,일반판매,반포장이사운송서비스,계약불이행(불완전이행)
2023032460,2023-06-27,여자,40 - 49세,서울특별시,일반판매,상품권,표시.광고
2023032461,2023-06-27,여자,20 - 29세,경기도,국내온라인거래,소파,표시.광고
2023032463,2023-06-27,여자,40 - 49세,인천광역시,일반판매,식탁,품질(물품/용역)
2023032464,2023-06-27,남자,30 - 39세,서울특별시,일반판매,헬스장,계약해제.해지/위약금
2023032465,2023-06-27,남자,65 - 69세,경기도,일반판매,핸드백,품질(물품/용역)
2023032466,2023-06-27,여자,70 - 79세,경기도,국내온라인거래,기타신발·용품,청약철회
2023032467,2023-06-27,여자,30 - 39세,경기도,일반판매,양복(서양식 의복)세탁,품질(물품/용역)
2023032468,2023-06-27,여자,70 - 79세,광주광역시,TV홈쇼핑,미분류대여(렌트),계약해제.해지/위약금
2023032469,2023-06-27,여자,20 - 29세,서울특별시,일반판매,전기장판,안전(제품/시설)
2023032470,2023-06-27,남자,20 - 29세,대구광역시,소셜커머스(쇼핑),보석·귀금속,청약철회
2023032471,2023-06-27,남자,30 - 39세,인천광역시,일반판매,기타문화·오락시설이용,계약해제.해지/위약금
2023032472,2023-06-27,여자,50 - 59세,제주도,기타통신판매,자동차대여(렌트),청약철회
2023032473,2023-06-27,남자,불명,경기도,모바일거래,신유형상품권,청약철회
2023032474,2023-06-27,남자,50 - 59세,서울특별시,일반판매,용기면,안전(제품/시설)
2023032475,2023-06-27,남자,불명,경기도,모바일거래,신유형상품권,청약철회
2023032476,2023-06-27,여자,30 - 39세,서울특별시,국내온라인거래,블라우스,품질(물품/용역)
2023032477,2023-06-27,여자,40 - 49세,경기도,일반판매,양복(서양식 의복)세탁,품질(물품/용역)
2023032478,2023-06-27,남자,20 - 29세,서울특별시,일반판매,기타세탁서비스,계약불이행(불완전이행)
2023032479,2023-06-27,남자,불명,대구광역시,일반판매,캐주얼바지,품질(물품/용역)
2023032480,2023-06-27,여자,30 - 39세,충청남도,기타,건물청소서비스,부당행위
2023032481,2023-06-27,남자,40 - 49세,부산광역시,국내온라인거래,운동화,청약철회
2023032482,2023-06-27,남자,50 - 59세,경기도,기타,기타이·미용서비스,계약불이행(불완전이행)
2023032483,2023-06-27,여자,30 - 39세,부산광역시,국내온라인거래,기타의류·섬유,청약철회
2023032484,2023-06-27,여자,65 - 69세,서울특별시,국내온라인거래,국외여행,계약해제.해지/위약금
2023032485,2023-06-27,여자,50 - 59세,경기도,국내온라인거래,다이어트식품,품질(물품/용역)
2023032486,2023-06-27,여자,50 - 59세,서울특별시,모바일거래,기타세탁서비스,품질(물품/용역)
2023032487,2023-06-27,남자,30 - 39세,울산광역시,국내온라인거래,기타육류·육류가공식품,청약철회
2023032488,2023-06-27,남자,40 - 49세,인천광역시,기타,이동전화서비스,가격.요금
2023032489,2023-06-27,여자,30 - 39세,인천광역시,국내온라인거래,바닥재·마루공사,계약불이행(불완전이행)
2023032490,2023-06-27,여자,40 - 49세,인천광역시,국내온라인거래,기타의류·섬유,AS불만
2023032491,2023-06-27,여자,30 - 39세,광주광역시,일반판매,헬스장,계약해제.해지/위약금
2023032492,2023-06-27,여자,40 - 49세,서울특별시,일반판매,국외여행,계약해제.해지/위약금
2023032493,2023-06-27,남자,30 - 39세,서울특별시,일반판매,산후조리원,계약해제.해지/위약금
2023032494,2023-06-27,남자,30 - 39세,서울특별시,국내온라인거래,기타일반화장품,계약불이행(불완전이행)
2023032495,2023-06-27,남자,50 - 59세,경기도,일반판매,침대,계약해제.해지/위약금
2023032496,2023-06-27,여자,30 - 39세,서울특별시,국내온라인거래,침대,품질(물품/용역)
2023032497,2023-06-27,남자,30 - 39세,경기도,방문판매,정수기대여(렌트),AS불만
2023032498,2023-06-27,여자,30 - 39세,인천광역시,기타,공부방이용,계약해제.해지/위약금
2023032499,2023-06-27,남자,30 - 39세,서울특별시,국내온라인거래,건물청소서비스,부당행위
2023032500,2023-06-27,남자,40 - 49세,인천광역시,일반판매,기타주거관리설비,AS불만
2023032501,2023-06-27,여자,30 - 39세,경기도,일반판매,소파,계약해제.해지/위약금
2023032502,2023-06-27,여자,20 - 29세,강원특별자치도,국내온라인거래,이동전화서비스,부당행위
2023032503,2023-06-27,남자,65 - 69세,경기도,일반판매,소파,품질(물품/용역)
2023032504,2023-06-27,여자,40 - 49세,경기도,국내온라인거래,침대,AS불만
2023032505,2023-06-27,남자,50 - 59세,부산광역시,일반판매,스마트폰,AS불만
2023032506,2023-06-27,여자,50 - 59세,서울특별시,국내온라인거래,국외여행,계약해제.해지/위약금
2023032507,2023-06-27,여자,50 - 59세,서울특별시,국내온라인거래,호텔,부당행위
2023032508,2023-06-27,여자,30 - 39세,서울특별시,일반판매,국내결혼중개,계약해제.해지/위약금
2023032509,2023-06-27,남자,30 - 39세,경기도,일반판매,외식,안전(제품/시설)
2023032510,2023-06-27,여자,40 - 49세,경기도,일반판매,필라테스,계약해제.해지/위약금
2023032511,2023-06-27,여자,50 - 59세,경기도,일반판매,가스레인지,청약철회
2023032512,2023-06-27,남자,40 - 49세,서울특별시,기타,기타숙박시설,계약해제.해지/위약금
2023032513,2023-06-27,여자,30 - 39세,전라남도,방문판매,애완동물이·미용서비스,계약불이행(불완전이행)
2023032514,2023-06-27,남자,불명,세종특별자치시,일반판매,노인복지,계약불이행(불완전이행)
2023032515,2023-06-27,여자,30 - 39세,경기도,국내온라인거래,기타신발·용품,청약철회
2023032516,2023-06-27,남자,40 - 49세,대구광역시,국내온라인거래,샌들·슬리퍼,청약철회
2023032517,2023-06-27,여자,40 - 49세,전라북도,소셜커머스(쇼핑),기타일반화장품,계약불이행(불완전이행)
2023032518,2023-06-27,남자,40 - 49세,서울특별시,모바일거래,전동킥보드,품질(물품/용역)
2023032519,2023-06-27,남자,30 - 39세,경기도,일반판매,레저시설이용,계약불이행(불완전이행)
2023032520,2023-06-27,남자,30 - 39세,경기도,일반판매,헬스장,계약해제.해지/위약금
2023032521,2023-06-27,남자,40 - 49세,서울특별시,기타,헬스장,계약해제.해지/위약금
2023032522,2023-06-27,여자,40 - 49세,전라북도,기타,정수기,AS불만
2023032523,2023-06-27,남자,40 - 49세,인천광역시,국내온라인거래,TV,품질(물품/용역)
2023032524,2023-06-27,여자,40 - 49세,경기도,국내온라인거래,국외여행,AS불만
2023032525,2023-06-27,남자,30 - 39세,경기도,기타통신판매,골프회원권,계약해제.해지/위약금
2023032526,2023-06-27,남자,40 - 49세,서울특별시,국내온라인거래,치즈,청약철회
2023032527,2023-06-27,남자,30 - 39세,경기도,일반판매,헬스장,계약해제.해지/위약금
2023032528,2023-06-27,여자,20 - 29세,서울특별시,일반판매,종합체육시설회원권,계약해제.해지/위약금
2023032530,2023-06-27,여자,50 - 59세,경기도,일반판매,정수기대여(렌트),품질(물품/용역)
2023032531,2023-06-27,여자,30 - 39세,인천광역시,국내온라인거래,미용서비스,계약해제.해지/위약금
2023032532,2023-06-27,여자,30 - 39세,경기도,일반판매,헬스장,계약해제.해지/위약금
2023032533,2023-06-27,여자,30 - 39세,대구광역시,국내온라인거래,기타책상·테이블류,계약불이행(불완전이행)
2023032534,2023-06-27,남자,40 - 49세,경기도,기타,스포츠시설이용,안전(제품/시설)
2023032535,2023-06-27,여자,20 - 29세,서울특별시,국내온라인거래,신발세탁,품질(물품/용역)
2023032536,2023-06-27,여자,40 - 49세,경기도,방문판매,인터넷교육서비스,계약해제.해지/위약금
2023032537,2023-06-27,여자,20 - 29세,경기도,국내온라인거래,안경·안경테,청약철회
2023032539,2023-06-27,남자,40 - 49세,서울특별시,일반판매,애완견,청약철회
2023032540,2023-06-27,여자,40 - 49세,부산광역시,국내온라인거래,핸드백,계약불이행(불완전이행)
2023032541,2023-06-27,남자,30 - 39세,대구광역시,기타,이동전화서비스,품질(물품/용역)
2023032542,2023-06-27,남자,40 - 49세,경기도,국내온라인거래,항공여객운송서비스,품질(물품/용역)
2023032543,2023-06-27,여자,20 - 29세,경기도,일반판매,외국어강습,청약철회
2023032545,2023-06-27,여자,40 - 49세,부산광역시,국내온라인거래,베개,계약불이행(불완전이행)
2023032546,2023-06-27,남자,20 - 29세,경기도,국내온라인거래,항공여객운송서비스,부당행위
2023032547,2023-06-27,여자,30 - 39세,인천광역시,국내온라인거래,모바일정보이용서비스,계약해제.해지/위약금
2023032548,2023-06-27,여자,50 - 59세,서울특별시,기타,미용서비스,품질(물품/용역)
2023032549,2023-06-27,여자,20 - 29세,서울특별시,국내온라인거래,선풍기,품질(물품/용역)
2023032550,2023-06-27,남자,50 - 59세,대구광역시,일반판매,기타숙박시설,부당행위
2023032551,2023-06-27,여자,50 - 59세,강원특별자치도,방문판매,공기청정기대여(렌트),계약불이행(불완전이행)
2023032552,2023-06-27,여자,20 - 29세,광주광역시,국내온라인거래,숙녀화(구두·부츠 등),계약불이행(불완전이행)
2023032553,2023-06-27,남자,30 - 39세,경기도,국제온라인거래,소프트웨어,계약해제.해지/위약금
2023032554,2023-06-27,남자,50 - 59세,충청남도,일반판매,국외여행,계약불이행(불완전이행)
2023032555,2023-06-27,남자,20 - 29세,경기도,국내온라인거래,메모리,품질(물품/용역)
2023032556,2023-06-27,여자,10 - 19세,울산광역시,일반판매,미용서비스,품질(물품/용역)
2023032557,2023-06-27,남자,30 - 39세,서울특별시,일반판매,국내결혼중개,청약철회
2023032558,2023-06-27,여자,30 - 39세,경기도,국내온라인거래,헤어드라이어,계약해제.해지/위약금
2023032559,2023-06-27,여자,30 - 39세,경상남도,일반판매,룸에어컨,품질(물품/용역)
2023032560,2023-06-27,남자,20 - 29세,서울특별시,방문판매,종합체육시설회원권,계약해제.해지/위약금
2023032561,2023-06-27,여자,20 - 29세,경기도,일반판매,헬스장,계약해제.해지/위약금
2023032562,2023-06-27,남자,30 - 39세,경상남도,기타,철도여객운송서비스,계약불이행(불완전이행)
2023032563,2023-06-27,여자,20 - 29세,서울특별시,일반판매,헬스장,계약해제.해지/위약금
2023032564,2023-06-27,여자,30 - 39세,강원특별자치도,일반판매,아파트,AS불만
2023032565,2023-06-27,남자,20 - 29세,경기도,국내온라인거래,메모리,청약철회
2023032566,2023-06-27,여자,40 - 49세,경기도,일반판매,기타주거관리설비,품질(물품/용역)
2023032567,2023-06-27,여자,20 - 29세,경상북도,기타,건물청소서비스,계약불이행(불완전이행)
2023032568,2023-06-27,남자,20 - 29세,광주광역시,방문판매,헬스장,계약해제.해지/위약금
2023032569,2023-06-27,여자,50 - 59세,경기도,전화권유판매,인터넷정보이용서비스,계약불이행(불완전이행)
2023032570,2023-06-27,여자,40 - 49세,서울특별시,일반판매,이동전화서비스,부당행위
2023032571,2023-06-27,여자,20 - 29세,서울특별시,국내온라인거래,CD·LD·DVD(영화·음악·게임),청약철회
2023032572,2023-06-27,여자,30 - 39세,서울특별시,국내온라인거래,일반강습(입시학원등),약관
2023032573,2023-06-27,여자,20 - 29세,전라북도,국내온라인거래,기타교육서비스,계약불이행(불완전이행)
2023032574,2023-06-27,여자,20 - 29세,부산광역시,국내온라인거래,스포츠웨어,청약철회
2023032575,2023-06-27,남자,30 - 39세,경기도,일반판매,신사복세트,품질(물품/용역)
2023032576,2023-06-27,남자,30 - 39세,서울특별시,국내온라인거래,소스,계약불이행(불완전이행)
2023032577,2023-06-27,남자,40 - 49세,경상북도,국내온라인거래,기타미분류서비스,부당행위
2023032578,2023-06-27,여자,50 - 59세,경기도,국내온라인거래,항공여객운송서비스,계약불이행(불완전이행)
2023032579,2023-06-27,여자,30 - 39세,서울특별시,국내온라인거래,미용서비스,계약해제.해지/위약금
2023032580,2023-06-27,남자,30 - 39세,세종특별자치시,국내온라인거래,항공여객운송서비스,계약해제.해지/위약금
2023032581,2023-06-27,여자,40 - 49세,경기도,기타통신판매,기타숙박시설,계약해제.해지/위약금
2023032582,2023-06-27,남자,40 - 49세,경기도,일반판매,항공여객운송서비스,계약불이행(불완전이행)
2023032583,2023-06-27,여자,50 - 59세,경기도,일반판매,신발세탁,품질(물품/용역)
2023032584,2023-06-27,여자,20 - 29세,서울특별시,일반판매,필라테스,계약해제.해지/위약금
2023032585,2023-06-28,여자,50 - 59세,경기도,기타,모바일게임서비스,계약해제.해지/위약금
2023032587,2023-06-28,남자,30 - 39세,충청남도,국내온라인거래,캐주얼바지,계약불이행(불완전이행)
2023032589,2023-06-28,여자,30 - 39세,경상남도,기타통신판매,기타인테리어설비,계약해제.해지/위약금
2023032590,2023-06-28,여자,30 - 39세,경기도,모바일거래,기타일반화장품,품질(물품/용역)
2023032591,2023-06-28,남자,30 - 39세,서울특별시,모바일거래,자동차대여(렌트),계약해제.해지/위약금
2023032592,2023-06-28,여자,20 - 29세,경기도,국내온라인거래,각종공연관람,청약철회
2023032593,2023-06-28,남자,30 - 39세,경기도,일반판매,예식서비스,계약해제.해지/위약금
2023032594,2023-06-28,여자,50 - 59세,서울특별시,일반판매,라텍스매트리스,계약불이행(불완전이행)
2023032595,2023-06-28,남자,65 - 69세,서울특별시,일반판매,가구세트,AS불만
2023032597,2023-06-28,남자,30 - 39세,경기도,국내온라인거래,레인지후드,AS불만
2023032598,2023-06-28,여자,20 - 29세,인천광역시,국내온라인거래,항공여객운송서비스,계약불이행(불완전이행)
2023032599,2023-06-28,남자,30 - 39세,서울특별시,일반판매,자동차대여(렌트),부당행위
2023032600,2023-06-28,남자,40 - 49세,전라북도,국내온라인거래,선풍기,품질(물품/용역)
2023032601,2023-06-28,여자,50 - 59세,충청북도,일반판매,냉장고,품질(물품/용역)
2023032602,2023-06-28,남자,40 - 49세,경상북도,기타,상해보험,계약불이행(불완전이행)
2023032603,2023-06-28,여자,40 - 49세,서울특별시,일반판매,기타인테리어설비,AS불만
2023032604,2023-06-28,여자,50 - 59세,충청북도,국내온라인거래,핸드백,계약불이행(불완전이행)
2023032605,2023-06-28,여자,40 - 49세,대구광역시,국내온라인거래,국내여행,계약해제.해지/위약금
2023032606,2023-06-28,여자,30 - 39세,경기도,국내온라인거래,염색제,품질(물품/용역)
2023032607,2023-06-28,여자,60 - 64세,서울특별시,일반판매,룸에어컨,품질(물품/용역)
2023032608,2023-06-28,여자,30 - 39세,경기도,일반판매,카셰어링,부당행위
2023032609,2023-06-28,남자,40 - 49세,경기도,국내온라인거래,항공여객운송서비스,계약해제.해지/위약금
2023032610,2023-06-28,남자,50 - 59세,광주광역시,일반판매,이동전화서비스,계약불이행(불완전이행)
2023032611,2023-06-28,남자,20 - 29세,경기도,방문판매,헬스장,계약해제.해지/위약금
2023032613,2023-06-28,남자,40 - 49세,경기도,전화권유판매,인터넷정보이용서비스,계약해제.해지/위약금
2023032614,2023-06-28,남자,30 - 39세,경기도,국내온라인거래,카셰어링,부당행위
2023032615,2023-06-28,여자,30 - 39세,인천광역시,국내온라인거래,양복(서양식 의복)세탁,품질(물품/용역)
2023032616,2023-06-28,남자,30 - 39세,서울특별시,모바일거래,오토바이,품질(물품/용역)
2023032617,2023-06-28,여자,50 - 59세,경기도,기타통신판매,국외여행,계약불이행(불완전이행)
2023032618,2023-06-28,남자,30 - 39세,경기도,일반판매,헬스장,계약해제.해지/위약금
2023032619,2023-06-28,여자,50 - 59세,서울특별시,국내온라인거래,기타가방,품질(물품/용역)
2023032620,2023-06-28,여자,40 - 49세,서울특별시,국내온라인거래,항공여객운송서비스,계약불이행(불완전이행)
2023032621,2023-06-28,남자,40 - 49세,경기도,국내온라인거래,전기세탁기,약관
2023032622,2023-06-28,여자,65 - 69세,서울특별시,일반판매,양복(서양식 의복)세탁,품질(물품/용역)
2023032624,2023-06-28,남자,50 - 59세,대전광역시,일반판매,양복(서양식 의복)세탁,품질(물품/용역)
2023032625,2023-06-28,여자,50 - 59세,서울특별시,일반판매,신사복상의,품질(물품/용역)
2023032626,2023-06-28,여자,30 - 39세,세종특별자치시,국내온라인거래,경비·관리서비스,계약불이행(불완전이행)
2023032627,2023-06-28,남자,30 - 39세,서울특별시,전화권유판매,인터넷정보이용서비스,계약해제.해지/위약금
2023032628,2023-06-28,남자,60 - 64세,경기도,TV홈쇼핑,음식물처리기대여(렌트),품질(물품/용역)
2023032629,2023-06-28,여자,40 - 49세,서울특별시,국내온라인거래,원피스,청약철회
2023032630,2023-06-28,여자,30 - 39세,경기도,기타통신판매,인터넷교육서비스,계약해제.해지/위약금
2023032631,2023-06-28,남자,70 - 79세,부산광역시,전화권유판매,기타정보이용서비스,계약해제.해지/위약금
2023032632,2023-06-28,남자,50 - 59세,인천광역시,일반판매,국내결혼중개,계약불이행(불완전이행)
2023032633,2023-06-28,여자,50 - 59세,대구광역시,일반판매,캐주얼바지,품질(물품/용역)
2023032634,2023-06-28,남자,20 - 29세,경기도,국내온라인거래,기타미분류서비스,계약해제.해지/위약금
2023032635,2023-06-28,남자,30 - 39세,서울특별시,일반판매,운동화,품질(물품/용역)
2023032636,2023-06-28,여자,40 - 49세,서울특별시,일반판매,치과,품질(물품/용역)
2023032637,2023-06-28,여자,불명,경기도,일반판매,캐주얼바지,품질(물품/용역)
2023032638,2023-06-28,여자,40 - 49세,대구광역시,국내온라인거래,냄비,품질(물품/용역)
2023032639,2023-06-28,여자,30 - 39세,서울특별시,국내온라인거래,항공여객운송서비스,청약철회
2023032641,2023-06-28,여자,40 - 49세,경기도,일반판매,피부·체형관리서비스,계약해제.해지/위약금
2023032642,2023-06-28,남자,30 - 39세,경기도,일반판매,신사화(구두·부츠 등),품질(물품/용역)
2023032643,2023-06-28,여자,불명,경기도,일반판매,캐주얼바지,품질(물품/용역)
2023032644,2023-06-28,남자,50 - 59세,광주광역시,일반판매,제습기,AS불만
2023032645,2023-06-28,여자,50 - 59세,경상남도,일반판매,양복(서양식 의복)세탁,품질(물품/용역)
2023032646,2023-06-28,여자,30 - 39세,대전광역시,일반판매,펜션,계약해제.해지/위약금
2023032647,2023-06-28,남자,60 - 64세,서울특별시,일반판매,기타문화·오락시설이용,품질(물품/용역)
2023032648,2023-06-28,여자,30 - 39세,광주광역시,전화권유판매,초고속인터넷,계약불이행(불완전이행)
2023032649,2023-06-28,여자,50 - 59세,경기도,모바일거래,기타가구,청약철회
2023032650,2023-06-28,남자,40 - 49세,경기도,일반판매,자동차수리·점검,품질(물품/용역)
2023032651,2023-06-28,남자,50 - 59세,인천광역시,국내온라인거래,전동킥보드,품질(물품/용역)
2023032652,2023-06-28,남자,20 - 29세,경기도,일반판매,자동차수리·점검,부당행위
2023032653,2023-06-28,남자,65 - 69세,부산광역시,일반판매,콘도회원권,계약불이행(불완전이행)
2023032654,2023-06-28,여자,30 - 39세,경상남도,국내온라인거래,양복(서양식 의복)세탁,품질(물품/용역)
2023032655,2023-06-28,남자,50 - 59세,서울특별시,모바일거래,호텔,계약해제.해지/위약금
2023032656,2023-06-28,남자,30 - 39세,경기도,방문판매,학습지,가격.요금
2023032657,2023-06-28,남자,50 - 59세,충청남도,일반판매,정수기대여(렌트),계약해제.해지/위약금
2023032658,2023-06-28,남자,30 - 39세,대구광역시,국내온라인거래,바닥재·마루공사,계약불이행(불완전이행)
2023032659,2023-06-28,남자,70 - 79세,부산광역시,일반판매,기타회원권,거래관행
2023032660,2023-06-28,남자,40 - 49세,경기도,기타,신용카드,부당행위
2023032662,2023-06-28,남자,40 - 49세,경기도,국내온라인거래,선풍기,계약해제.해지/위약금
2023032663,2023-06-28,여자,50 - 59세,경상북도,국내온라인거래,소파,청약철회
2023032664,2023-06-28,남자,40 - 49세,전라북도,방문판매,음식물처리기,품질(물품/용역)
2023032665,2023-06-28,남자,불명,경상남도,국내온라인거래,기타가사용품,청약철회
2023032666,2023-06-28,남자,50 - 59세,전라북도,일반판매,룸에어컨,품질(물품/용역)
2023032667,2023-06-28,여자,불명,경기도,일반판매,양복(서양식 의복)세탁,품질(물품/용역)
2023032668,2023-06-28,남자,50 - 59세,경기도,일반판매,중형승용자동차,품질(물품/용역)
2023032669,2023-06-28,남자,40 - 49세,인천광역시,일반판매,성형외과,품질(물품/용역)
2023032670,2023-06-28,남자,불명,서울특별시,소셜커머스(쇼핑),인터넷정보이용서비스,부당행위
2023032671,2023-06-28,남자,30 - 39세,서울특별시,일반판매,피부과,품질(물품/용역)
2023032672,2023-06-28,여자,20 - 29세,서울특별시,모바일거래,기타세탁서비스,품질(물품/용역)
2023032673,2023-06-28,여자,40 - 49세,충청남도,일반판매,신발세탁,계약불이행(불완전이행)
2023032674,2023-06-28,남자,80세이상,서울특별시,일반판매,오피스텔,계약해제.해지/위약금
2023032675,2023-06-28,여자,40 - 49세,충청북도,일반판매,스포츠웨어,청약철회
2023032676,2023-06-28,여자,30 - 39세,강원특별자치도,일반판매,운동화,품질(물품/용역)
2023032677,2023-06-28,여자,30 - 39세,강원특별자치도,일반판매,운동화,품질(물품/용역)
2023032678,2023-06-28,여자,65 - 69세,대구광역시,일반판매,점퍼·재킷류,품질(물품/용역)
2023032680,2023-06-28,여자,10 - 19세,경기도,국내온라인거래,외국어강습,계약해제.해지/위약금
2023032681,2023-06-28,여자,40 - 49세,경기도,국내온라인거래,인터넷정보이용서비스,부당행위
2023032682,2023-06-28,여자,50 - 59세,서울특별시,일반판매,수영장회원권,계약해제.해지/위약금
2023032683,2023-06-28,남자,30 - 39세,경기도,일반판매,아파트,계약해제.해지/위약금
2023032685,2023-06-28,여자,40 - 49세,경기도,국내온라인거래,헤어린스,계약불이행(불완전이행)
2023032686,2023-06-28,여자,30 - 39세,부산광역시,기타통신판매,신유형상품권,청약철회
2023032687,2023-06-28,남자,40 - 49세,서울특별시,기타통신판매,정수기대여(렌트),표시.광고
2023032688,2023-06-28,남자,40 - 49세,대구광역시,국내온라인거래,항공여객운송서비스,계약해제.해지/위약금
2023032689,2023-06-28,여자,40 - 49세,광주광역시,국내온라인거래,응접테이블,계약불이행(불완전이행)
2023032690,2023-06-28,여자,30 - 39세,서울특별시,국내온라인거래,이불·침대커버,품질(물품/용역)
2023032691,2023-06-28,여자,30 - 39세,경기도,방문판매,인터넷교육서비스,계약해제.해지/위약금
2023032692,2023-06-28,여자,30 - 39세,서울특별시,일반판매,피부·체형관리서비스,계약해제.해지/위약금
2023032693,2023-06-28,여자,40 - 49세,서울특별시,국내온라인거래,커튼,계약불이행(불완전이행)
2023032694,2023-06-28,여자,20 - 29세,강원특별자치도,국내온라인거래,각종공연관람,계약해제.해지/위약금
2023032695,2023-06-28,남자,30 - 39세,서울특별시,국내온라인거래,전자담배,청약철회
2023032696,2023-06-28,여자,50 - 59세,대전광역시,국내온라인거래,가발,AS불만
2023032697,2023-06-28,여자,50 - 59세,인천광역시,일반판매,요가,계약해제.해지/위약금
2023032698,2023-06-28,남자,50 - 59세,경상북도,국내온라인거래,호텔,계약해제.해지/위약금
2023032699,2023-06-28,남자,40 - 49세,제주도,일반판매,빵,품질(물품/용역)
2023032700,2023-06-28,여자,30 - 39세,경기도,방문판매,골프회원권,계약해제.해지/위약금
2023032701,2023-06-28,남자,30 - 39세,부산광역시,국내온라인거래,기타음식관련서비스,계약불이행(불완전이행)
2023032702,2023-06-28,남자,40 - 49세,대전광역시,소셜커머스(쇼핑),운동화,품질(물품/용역)
2023032703,2023-06-28,남자,30 - 39세,대구광역시,국내온라인거래,기타신발·용품,청약철회
2023032704,2023-06-28,남자,30 - 39세,충청남도,국제온라인거래,TV,품질(물품/용역)
2023032705,2023-06-28,남자,50 - 59세,경상북도,전화권유판매,콘도회원권,계약해제.해지/위약금
2023032706,2023-06-28,남자,30 - 39세,경기도,일반판매,전자담배,표시.광고
2023032707,2023-06-28,남자,20 - 29세,경기도,국내온라인거래,버스여객운송서비스,계약해제.해지/위약금
2023032708,2023-06-28,남자,30 - 39세,경기도,방문판매,콘도회원권,계약해제.해지/위약금
2023032709,2023-06-28,여자,30 - 39세,서울특별시,일반판매,묘지설비,표시.광고
2023032710,2023-06-28,여자,30 - 39세,서울특별시,일반판매,필라테스,계약해제.해지/위약금
2023032711,2023-06-28,남자,20 - 29세,충청남도,방문판매,헬스장,계약해제.해지/위약금
2023032712,2023-06-28,여자,20 - 29세,대전광역시,국내온라인거래,캐주얼바지,품질(물품/용역)
2023032713,2023-06-28,남자,40 - 49세,전라북도,기타통신판매,이동전화서비스,거래관행
2023032714,2023-06-28,남자,30 - 39세,경기도,국내온라인거래,CD·LD·DVD(영화·음악·게임),계약불이행(불완전이행)
2023032715,2023-06-28,여자,30 - 39세,서울특별시,국내온라인거래,기타가구,청약철회
2023032716,2023-06-28,남자,30 - 39세,서울특별시,일반판매,포장이사운송서비스,품질(물품/용역)
2023032717,2023-06-28,여자,30 - 39세,인천광역시,일반판매,기타교재,계약해제.해지/위약금
2023032718,2023-06-28,남자,60 - 64세,서울특별시,기타통신판매,미분류대여(렌트),품질(물품/용역)
2023032720,2023-06-28,남자,50 - 59세,충청남도,소셜커머스(쇼핑),모니터,계약불이행(불완전이행)
2023032721,2023-06-28,남자,20 - 29세,울산광역시,방문판매,헬스장,계약해제.해지/위약금
2023032722,2023-06-28,여자,30 - 39세,서울특별시,국내온라인거래,인터넷정보이용서비스,계약불이행(불완전이행)
2023032723,2023-06-28,남자,30 - 39세,경기도,일반판매,헬스장,계약해제.해지/위약금
2023032724,2023-06-28,남자,40 - 49세,경기도,일반판매,신발세탁,품질(물품/용역)
2023032725,2023-06-28,여자,50 - 59세,서울특별시,국내온라인거래,샌들·슬리퍼,청약철회
2023032726,2023-06-28,여자,40 - 49세,서울특별시,소셜커머스(쇼핑),복숭아,청약철회
2023032727,2023-06-28,남자,30 - 39세,경기도,일반판매,헬스장,계약해제.해지/위약금
2023032728,2023-06-28,여자,30 - 39세,경기도,방문판매,인터넷교육서비스,계약해제.해지/위약금
2023032729,2023-06-28,여자,30 - 39세,경기도,기타,인터넷교육서비스,계약해제.해지/위약금
2023032730,2023-06-28,남자,30 - 39세,부산광역시,국내온라인거래,미용서비스,계약해제.해지/위약금
2023032731,2023-06-28,여자,30 - 39세,경기도,국내온라인거래,포장이사운송서비스,계약불이행(불완전이행)
2023032732,2023-06-28,남자,50 - 59세,서울특별시,소셜커머스(쇼핑),키보드,청약철회
2023032733,2023-06-28,여자,65 - 69세,대구광역시,기타,케이블TV,부당행위
2023032734,2023-06-28,여자,40 - 49세,대구광역시,일반판매,필라테스,계약해제.해지/위약금
2023032735,2023-06-28,남자,20 - 29세,서울특별시,일반판매,헬스장,계약해제.해지/위약금
2023032736,2023-06-28,여자,65 - 69세,부산광역시,일반판매,이동전화서비스,청약철회
2023032737,2023-06-28,남자,50 - 59세,충청북도,국내온라인거래,제습기,계약불이행(불완전이행)
2023032738,2023-06-28,남자,30 - 39세,대전광역시,국내온라인거래,TV,청약철회
2023032739,2023-06-28,남자,40 - 49세,경기도,국내온라인거래,정수기대여(렌트),계약해제.해지/위약금
2023032740,2023-06-28,여자,40 - 49세,경기도,일반판매,헬스장,계약해제.해지/위약금
2023032741,2023-06-28,여자,30 - 39세,경기도,방문판매,인터넷교육서비스,계약해제.해지/위약금
2023032742,2023-06-28,여자,40 - 49세,경기도,일반판매,"연회서비스(돌잔치,회갑 등)",계약해제.해지/위약금
2023032743,2023-06-28,남자,20 - 29세,경기도,일반판매,헬스장,계약해제.해지/위약금
2023032744,2023-06-28,여자,30 - 39세,강원특별자치도,국내온라인거래,기타일반화장품,품질(물품/용역)
2023032745,2023-06-28,남자,30 - 39세,대전광역시,국내온라인거래,키보드,품질(물품/용역)
2023032746,2023-06-28,남자,60 - 64세,서울특별시,국내온라인거래,국외여행,AS불만
2023032747,2023-06-28,여자,40 - 49세,광주광역시,방문판매,학습지,계약해제.해지/위약금
2023032748,2023-06-28,여자,40 - 49세,충청남도,일반판매,정수기대여(렌트),AS불만
2023032749,2023-06-28,남자,30 - 39세,서울특별시,국내온라인거래,기타교육서비스,계약해제.해지/위약금
2023032750,2023-06-28,남자,30 - 39세,전라북도,일반판매,기타음식관련서비스,품질(물품/용역)
2023032751,2023-06-28,여자,30 - 39세,경기도,국내온라인거래,애완동·식물용품,품질(물품/용역)
2023032752,2023-06-28,남자,65 - 69세,경기도,일반판매,이동전화서비스,계약해제.해지/위약금
2023032753,2023-06-28,여자,30 - 39세,서울특별시,국제온라인거래,항공여객운송서비스,계약불이행(불완전이행)
2023032754,2023-06-28,남자,30 - 39세,서울특별시,방문판매,헬스장,계약해제.해지/위약금
2023032755,2023-06-28,남자,20 - 29세,경기도,국제온라인거래,철도여객운송서비스,청약철회
2023032756,2023-06-28,여자,30 - 39세,전라남도,전화권유판매,기타정보이용서비스,계약해제.해지/위약금
2023032757,2023-06-28,여자,30 - 39세,경기도,모바일거래,액자,계약불이행(불완전이행)
2023032758,2023-06-28,여자,30 - 39세,경기도,일반판매,기타회원권,계약해제.해지/위약금
2023032759,2023-06-28,여자,30 - 39세,전라북도,소셜커머스(쇼핑),운동화,청약철회
2023032760,2023-06-28,여자,불명,서울특별시,국내온라인거래,기타가방,청약철회
2023032761,2023-06-28,여자,20 - 29세,서울특별시,일반판매,그림,계약불이행(불완전이행)
2023032762,2023-06-28,여자,50 - 59세,경상남도,방문판매,기타신용대출,청약철회
2023032763,2023-06-28,남자,30 - 39세,강원특별자치도,일반판매,양복(서양식 의복)세탁,청약철회
2023032764,2023-06-28,여자,20 - 29세,경기도,일반판매,헬스장,계약해제.해지/위약금
2023032765,2023-06-28,남자,40 - 49세,충청남도,국내온라인거래,인터넷교육서비스,계약해제.해지/위약금
2023032766,2023-06-28,남자,30 - 39세,서울특별시,방문판매,헬스장,계약해제.해지/위약금
2023032767,2023-06-28,여자,40 - 49세,강원특별자치도,방문판매,인터넷교육서비스,계약해제.해지/위약금
2023032768,2023-06-28,남자,40 - 49세,경기도,국내온라인거래,식기세척기,품질(물품/용역)
2023032769,2023-06-28,여자,30 - 39세,서울특별시,국내온라인거래,냉장고,품질(물품/용역)
2023032770,2023-06-28,남자,50 - 59세,경기도,일반판매,룸에어컨,품질(물품/용역)
2023032771,2023-06-28,여자,30 - 39세,제주도,방문판매,기타예식관련서비스,계약해제.해지/위약금
2023032772,2023-06-28,여자,40 - 49세,경기도,국내온라인거래,기타숙박시설,계약해제.해지/위약금
2023032773,2023-06-28,여자,50 - 59세,대구광역시,전화권유판매,화장품세트,부당행위
2023032774,2023-06-28,여자,50 - 59세,서울특별시,일반판매,항공여객운송서비스,계약해제.해지/위약금
2023032775,2023-06-28,여자,40 - 49세,인천광역시,기타,골프회원권,계약해제.해지/위약금
2023032776,2023-06-28,남자,30 - 39세,부산광역시,국내온라인거래,시계,청약철회
2023032777,2023-06-28,남자,50 - 59세,경기도,국내온라인거래,김치냉장고,계약불이행(불완전이행)
2023032778,2023-06-28,여자,30 - 39세,서울특별시,방문판매,인터넷교육서비스,계약해제.해지/위약금
2023032779,2023-06-28,남자,30 - 39세,대구광역시,일반판매,펜션,품질(물품/용역)
2023032780,2023-06-28,남자,30 - 39세,서울특별시,국내온라인거래,CCTV,품질(물품/용역)
2023032781,2023-06-28,여자,30 - 39세,인천광역시,일반판매,필라테스,계약해제.해지/위약금
2023032782,2023-06-28,여자,65 - 69세,서울특별시,모바일거래,블라우스,청약철회
2023032783,2023-06-28,여자,30 - 39세,서울특별시,일반판매,이동전화서비스,약관
2023032784,2023-06-28,여자,20 - 29세,서울특별시,일반판매,사진촬영,계약해제.해지/위약금
2023032785,2023-06-28,여자,30 - 39세,부산광역시,일반판매,국내결혼중개,계약해제.해지/위약금
2023032786,2023-06-28,여자,30 - 39세,충청북도,일반판매,커튼,청약철회
2023032788,2023-06-28,남자,40 - 49세,경기도,일반판매,유통시설이용,안전(제품/시설)
2023032789,2023-06-29,여자,50 - 59세,경기도,일반판매,액정보호필름,품질(물품/용역)
2023032790,2023-06-29,남자,40 - 49세,서울특별시,국내온라인거래,시계,청약철회
2023032791,2023-06-29,여자,40 - 49세,서울특별시,기타,포장이사운송서비스,계약불이행(불완전이행)
2023032792,2023-06-29,여자,30 - 39세,경기도,국내온라인거래,호텔,계약해제.해지/위약금
2023032793,2023-06-29,남자,30 - 39세,경상북도,일반판매,중고자동차중개·매매,AS불만
2023032794,2023-06-29,남자,50 - 59세,대전광역시,모바일거래,기타자전거용품,품질(물품/용역)
2023032795,2023-06-29,여자,40 - 49세,서울특별시,소셜커머스(쇼핑),옷장,청약철회
2023032796,2023-06-29,남자,50 - 59세,서울특별시,국내온라인거래,룸에어컨,계약해제.해지/위약금
2023032797,2023-06-29,여자,40 - 49세,경기도,기타통신판매,헬스장,계약해제.해지/위약금
2023032798,2023-06-29,여자,30 - 39세,서울특별시,모바일거래,기타신변용품,품질(물품/용역)
2023032799,2023-06-29,남자,40 - 49세,경기도,국내온라인거래,컴퓨터모니터(데스크탑),품질(물품/용역)
2023032800,2023-06-29,여자,20 - 29세,충청남도,일반판매,필라테스,청약철회
2023032801,2023-06-29,여자,30 - 39세,서울특별시,모바일거래,헬스장,계약해제.해지/위약금
2023032802,2023-06-29,여자,40 - 49세,부산광역시,일반판매,항공여객운송서비스,계약해제.해지/위약금
2023032803,2023-06-29,여자,30 - 39세,서울특별시,국내온라인거래,기타문화·오락시설이용,계약해제.해지/위약금
2023032804,2023-06-29,남자,40 - 49세,서울특별시,일반판매,골프회원권,계약해제.해지/위약금
2023032805,2023-06-29,여자,불명,서울특별시,일반판매,독서실이용,계약해제.해지/위약금
2023032806,2023-06-29,여자,20 - 29세,대전광역시,소셜커머스(쇼핑),기타의류·섬유,청약철회
2023032807,2023-06-29,여자,30 - 39세,경기도,국내온라인거래,식탁,품질(물품/용역)
2023032808,2023-06-29,여자,40 - 49세,서울특별시,국내온라인거래,기타가구,품질(물품/용역)
2023032809,2023-06-29,남자,50 - 59세,대구광역시,국내온라인거래,TV,품질(물품/용역)
2023032810,2023-06-29,여자,40 - 49세,경상남도,국내온라인거래,캐주얼바지,청약철회
2023032811,2023-06-29,여자,20 - 29세,대구광역시,일반판매,필라테스,계약해제.해지/위약금
2023032812,2023-06-29,남자,40 - 49세,대전광역시,일반판매,헬스장,계약해제.해지/위약금
2023032813,2023-06-29,남자,20 - 29세,강원특별자치도,국내온라인거래,헤어드라이어,청약철회
2023032814,2023-06-29,여자,40 - 49세,서울특별시,일반판매,티셔츠,품질(물품/용역)
2023032815,2023-06-29,남자,20 - 29세,대전광역시,방문판매,헬스장,계약해제.해지/위약금
2023032816,2023-06-29,여자,60 - 64세,서울특별시,TV홈쇼핑,전기밥솥,품질(물품/용역)
2023032817,2023-06-29,남자,30 - 39세,대전광역시,일반판매,국외여행,계약해제.해지/위약금
2023032818,2023-06-29,남자,20 - 29세,서울특별시,일반판매,양복(서양식 의복)세탁,품질(물품/용역)
2023032819,2023-06-29,여자,70 - 79세,전라남도,국내온라인거래,믹서기,품질(물품/용역)
2023032820,2023-06-29,남자,30 - 39세,부산광역시,국내온라인거래,펜션,계약해제.해지/위약금
2023032823,2023-06-29,여자,40 - 49세,서울특별시,국내온라인거래,현상·인화,품질(물품/용역)
2023032825,2023-06-29,여자,60 - 64세,경기도,TV홈쇼핑,국외여행,계약해제.해지/위약금
2023032826,2023-06-29,여자,40 - 49세,대구광역시,국내온라인거래,복합기,품질(물품/용역)
2023032828,2023-06-29,남자,50 - 59세,경기도,일반판매,소형승용자동차,AS불만
2023032829,2023-06-29,여자,40 - 49세,경기도,일반판매,골프회원권,계약해제.해지/위약금
2023032830,2023-06-29,남자,20 - 29세,경기도,일반판매,항공여객운송서비스,거래관행
2023032831,2023-06-29,남자,40 - 49세,경기도,일반판매,골프회원권,계약해제.해지/위약금
2023032832,2023-06-29,여자,20 - 29세,서울특별시,일반판매,필라테스,계약해제.해지/위약금
2023032833,2023-06-29,여자,30 - 39세,경기도,일반판매,양복(서양식 의복)세탁,품질(물품/용역)
2023032834,2023-06-29,남자,60 - 64세,경기도,국내온라인거래,전기세탁기,계약불이행(불완전이행)
2023032835,2023-06-29,여자,60 - 64세,경기도,국내온라인거래,원피스,청약철회
2023032837,2023-06-29,남자,20 - 29세,경기도,국내온라인거래,룸에어컨,품질(물품/용역)
2023032838,2023-06-29,남자,40 - 49세,대전광역시,기타,스포츠시설이용,약관
2023032839,2023-06-29,여자,30 - 39세,경기도,일반판매,양복(서양식 의복)세탁,품질(물품/용역)
2023032840,2023-06-29,남자,40 - 49세,경기도,기타통신판매,일반이사운송서비스,계약해제.해지/위약금
2023032841,2023-06-29,여자,30 - 39세,서울특별시,모바일거래,각종공연관람,품질(물품/용역)
2023032842,2023-06-29,여자,30 - 39세,충청북도,모바일거래,국외여행,청약철회
2023032843,2023-06-29,여자,20 - 29세,경기도,일반판매,침대,품질(물품/용역)
2023032844,2023-06-29,여자,50 - 59세,부산광역시,모바일거래,유사투자자문,계약해제.해지/위약금
2023032845,2023-06-29,남자,30 - 39세,대전광역시,기타,유통시설이용,거래관행
2023032846,2023-06-29,여자,40 - 49세,경기도,소셜커머스(쇼핑),보조배터리,청약철회
2023032847,2023-06-29,여자,50 - 59세,서울특별시,국내온라인거래,기타식생활기기,품질(물품/용역)
2023032848,2023-06-29,남자,50 - 59세,서울특별시,국내온라인거래,항공여객운송서비스,계약해제.해지/위약금
2023032849,2023-06-29,남자,40 - 49세,전라남도,일반판매,아파트,안전(제품/시설)
2023032850,2023-06-29,남자,30 - 39세,인천광역시,일반판매,자동차보험,약관
2023032851,2023-06-29,남자,50 - 59세,인천광역시,국내온라인거래,항공여객운송서비스,청약철회
2023032852,2023-06-29,남자,20 - 29세,경기도,국내온라인거래,항공여객운송서비스,계약불이행(불완전이행)
2023032853,2023-06-29,남자,불명,경기도,국내온라인거래,항공여객운송서비스,청약철회
2023032855,2023-06-29,여자,50 - 59세,서울특별시,일반판매,선어(생선),계약해제.해지/위약금
2023032856,2023-06-29,남자,70 - 79세,경기도,일반판매,신사복세트,계약불이행(불완전이행)
2023032857,2023-06-29,남자,50 - 59세,대구광역시,방문판매,상조서비스,계약해제.해지/위약금
2023032858,2023-06-29,여자,50 - 59세,경상남도,국내온라인거래,기타여행,계약불이행(불완전이행)
2023032859,2023-06-29,남자,30 - 39세,서울특별시,모바일거래,모바일정보이용서비스,계약해제.해지/위약금
2023032861,2023-06-29,여자,40 - 49세,대구광역시,일반판매,기타신발·용품,부당행위
2023032862,2023-06-29,남자,불명,서울특별시,모바일거래,전동킥보드,부당행위
2023032863,2023-06-29,여자,20 - 29세,서울특별시,소셜커머스(쇼핑),기타과일·과일가공식품,안전(제품/시설)
2023032864,2023-06-29,남자,30 - 39세,서울특별시,국내온라인거래,국외여행,청약철회
2023032865,2023-06-29,여자,40 - 49세,대구광역시,일반판매,티셔츠,품질(물품/용역)
2023032866,2023-06-29,여자,30 - 39세,인천광역시,일반판매,기타병·의원서비스,가격.요금
2023032867,2023-06-29,남자,20 - 29세,경기도,소셜커머스(쇼핑),기타책상·테이블류,품질(물품/용역)
2023032868,2023-06-29,남자,70 - 79세,강원특별자치도,전화권유판매,유사투자자문,계약해제.해지/위약금
2023032870,2023-06-29,남자,40 - 49세,제주도,일반판매,중고자동차중개·매매,표시.광고
2023032871,2023-06-29,여자,65 - 69세,서울특별시,일반판매,통합보장보험,약관
2023032872,2023-06-29,여자,40 - 49세,부산광역시,기타,"OTT서비스(넷플릭스,왓챠 등)",부당행위
2023032873,2023-06-29,남자,60 - 64세,경기도,기타,공기청정기,AS불만
2023032874,2023-06-29,남자,60 - 64세,서울특별시,국내온라인거래,기타가사장비품,품질(물품/용역)
2023032875,2023-06-29,남자,50 - 59세,경기도,전화권유판매,인터넷정보이용서비스,계약불이행(불완전이행)
2023032876,2023-06-29,여자,50 - 59세,강원특별자치도,일반판매,중형승용자동차,품질(물품/용역)
2023032877,2023-06-29,여자,30 - 39세,경기도,일반판매,혈압계,품질(물품/용역)
2023032878,2023-06-29,여자,50 - 59세,대구광역시,일반판매,여자용내의류,품질(물품/용역)
2023032879,2023-06-29,남자,40 - 49세,경기도,국내온라인거래,티셔츠,청약철회
2023032880,2023-06-29,남자,30 - 39세,부산광역시,일반판매,보석·귀금속,품질(물품/용역)
2023032881,2023-06-29,남자,70 - 79세,서울특별시,일반판매,건강(암·기타질병)보험,계약불이행(불완전이행)
2023032882,2023-06-29,남자,30 - 39세,경기도,국내온라인거래,외식,안전(제품/시설)
2023032883,2023-06-29,여자,30 - 39세,경기도,기타통신판매,신용카드,표시.광고
2023032884,2023-06-29,여자,50 - 59세,경기도,일반판매,제조물·생산및영업배상보험,안전(제품/시설)
2023032885,2023-06-29,여자,50 - 59세,경기도,국내온라인거래,애완동·식물용품,품질(물품/용역)
2023032886,2023-06-29,여자,70 - 79세,부산광역시,일반판매,건강(암·기타질병)보험,약관
2023032887,2023-06-29,여자,40 - 49세,경기도,일반판매,헬스장,계약불이행(불완전이행)
2023032888,2023-06-29,남자,50 - 59세,서울특별시,모바일거래,전기온수장판,AS불만
2023032889,2023-06-29,여자,40 - 49세,서울특별시,국내온라인거래,핸드백,품질(물품/용역)
2023032890,2023-06-29,여자,30 - 39세,대구광역시,일반판매,기타책상·테이블류,계약불이행(불완전이행)
2023032891,2023-06-29,여자,30 - 39세,서울특별시,국내온라인거래,여자용내의류,청약철회
2023032892,2023-06-29,여자,20 - 29세,인천광역시,기타통신판매,피부·체형관리서비스,계약불이행(불완전이행)
2023032893,2023-06-29,여자,불명,경기도,일반판매,티셔츠,품질(물품/용역)
2023032894,2023-06-29,남자,30 - 39세,서울특별시,일반판매,실손보험,계약불이행(불완전이행)
2023032895,2023-06-29,남자,30 - 39세,경기도,국내온라인거래,양복(서양식 의복)세탁,품질(물품/용역)
2023032896,2023-06-29,여자,30 - 39세,제주도,일반판매,정수기대여(렌트),계약해제.해지/위약금
2023032897,2023-06-29,여자,20 - 29세,서울특별시,일반판매,헬스장,계약해제.해지/위약금
2023032898,2023-06-29,여자,30 - 39세,경상북도,일반판매,헬스장,계약불이행(불완전이행)
2023032899,2023-06-29,남자,30 - 39세,서울특별시,일반판매,헬스장,계약해제.해지/위약금
2023032900,2023-06-29,여자,30 - 39세,경기도,국내온라인거래,캐주얼바지,품질(물품/용역)
2023032901,2023-06-29,여자,30 - 39세,경기도,국내온라인거래,캐주얼바지,품질(물품/용역)
2023032902,2023-06-29,여자,30 - 39세,경기도,일반판매,향수,품질(물품/용역)
2023032903,2023-06-29,남자,40 - 49세,인천광역시,일반판매,택배화물운송서비스,계약불이행(불완전이행)
2023032904,2023-06-29,여자,20 - 29세,서울특별시,국내온라인거래,캐주얼바지,계약불이행(불완전이행)
2023032905,2023-06-29,남자,40 - 49세,경기도,일반판매,점퍼·재킷류,품질(물품/용역)
2023032906,2023-06-29,남자,50 - 59세,제주도,국내온라인거래,항공여객운송서비스,계약불이행(불완전이행)
2023032907,2023-06-29,남자,60 - 64세,인천광역시,일반판매,신경외과,품질(물품/용역)
2023032908,2023-06-29,여자,40 - 49세,경상남도,일반판매,치과,품질(물품/용역)
2023032909,2023-06-29,남자,40 - 49세,경상북도,일반판매,사진촬영,계약불이행(불완전이행)
2023032910,2023-06-29,여자,60 - 64세,부산광역시,전화권유판매,유사투자자문,계약해제.해지/위약금
2023032911,2023-06-29,여자,65 - 69세,충청북도,일반판매,자동차보험,계약불이행(불완전이행)
2023032912,2023-06-29,여자,30 - 39세,부산광역시,일반판매,점퍼·재킷류,품질(물품/용역)
2023032913,2023-06-29,남자,30 - 39세,서울특별시,국내온라인거래,미용서비스,표시.광고
2023032914,2023-06-29,여자,20 - 29세,세종특별자치시,일반판매,원피스,품질(물품/용역)
2023032915,2023-06-29,여자,30 - 39세,서울특별시,모바일거래,기타숙박시설,AS불만
2023032916,2023-06-29,남자,30 - 39세,서울특별시,국내온라인거래,호텔,계약불이행(불완전이행)
2023032917,2023-06-29,여자,30 - 39세,경기도,기타,전동칫솔,안전(제품/시설)
2023032918,2023-06-29,남자,40 - 49세,서울특별시,국내온라인거래,기타가사용품,청약철회
2023032919,2023-06-29,여자,40 - 49세,충청남도,기타,포장이사운송서비스,품질(물품/용역)
2023032920,2023-06-29,남자,20 - 29세,경기도,방문판매,이동전화서비스,청약철회
2023032921,2023-06-29,여자,30 - 39세,인천광역시,국내온라인거래,TV,AS불만
2023032922,2023-06-29,여자,40 - 49세,광주광역시,국내온라인거래,숙녀화(구두·부츠 등),품질(물품/용역)
2023032923,2023-06-29,여자,30 - 39세,경기도,일반판매,포장이사운송서비스,품질(물품/용역)
2023032924,2023-06-29,남자,50 - 59세,인천광역시,기타통신판매,건물청소서비스,계약불이행(불완전이행)
2023032925,2023-06-29,남자,30 - 39세,서울특별시,일반판매,자동차수리·점검,AS불만
2023032926,2023-06-29,여자,30 - 39세,서울특별시,모바일거래,양복(서양식 의복)세탁,계약불이행(불완전이행)
2023032927,2023-06-29,남자,40 - 49세,인천광역시,기타,아파트,계약해제.해지/위약금
2023032928,2023-06-29,남자,30 - 39세,인천광역시,일반판매,룸에어컨,AS불만
2023032929,2023-06-29,여자,30 - 39세,서울특별시,국내온라인거래,전기진공청소기,AS불만
2023032930,2023-06-29,여자,30 - 39세,서울특별시,국내온라인거래,기타건강식품,청약철회
2023032931,2023-06-29,여자,50 - 59세,서울특별시,국내온라인거래,감자,품질(물품/용역)
2023032932,2023-06-29,여자,30 - 39세,서울특별시,전화권유판매,기타매체광고,계약해제.해지/위약금
2023032933,2023-06-29,여자,30 - 39세,서울특별시,일반판매,헬스장,계약해제.해지/위약금
2023032934,2023-06-29,남자,30 - 39세,광주광역시,전화권유판매,기타정보이용서비스,계약해제.해지/위약금
2023032935,2023-06-29,남자,30 - 39세,경상북도,국내온라인거래,애완동물기타,계약불이행(불완전이행)
2023032936,2023-06-29,남자,30 - 39세,서울특별시,국내온라인거래,기타신발·용품,청약철회
2023032937,2023-06-29,여자,50 - 59세,강원특별자치도,국내온라인거래,기타식생활기기,품질(물품/용역)
2023032938,2023-06-29,여자,40 - 49세,대구광역시,국내온라인거래,티셔츠,청약철회
2023032939,2023-06-29,남자,30 - 39세,경기도,기타,택배화물운송서비스,품질(물품/용역)
2023032940,2023-06-29,여자,30 - 39세,경상북도,국내온라인거래,기타신발·용품,계약불이행(불완전이행)
2023032941,2023-06-29,남자,30 - 39세,전라북도,일반판매,냉장고,부당행위
2023032942,2023-06-29,남자,40 - 49세,전라북도,국내온라인거래,소파,품질(물품/용역)
2023032943,2023-06-29,여자,30 - 39세,서울특별시,국내온라인거래,통신기기케이스,품질(물품/용역)
2023032944,2023-06-29,여자,30 - 39세,대전광역시,일반판매,건물청소서비스,품질(물품/용역)
2023032945,2023-06-29,여자,30 - 39세,경기도,일반판매,피부·체형관리서비스,AS불만
2023032946,2023-06-29,남자,40 - 49세,경기도,일반판매,화장실설비,AS불만
2023032947,2023-06-29,여자,40 - 49세,서울특별시,국내온라인거래,각종공연관람,계약불이행(불완전이행)
2023032948,2023-06-29,남자,30 - 39세,경기도,국내온라인거래,기타보건·위생용품,청약철회
2023032949,2023-06-29,여자,40 - 49세,인천광역시,일반판매,의류수선,품질(물품/용역)
2023032950,2023-06-29,여자,40 - 49세,경상남도,일반판매,미분류수리가공,계약불이행(불완전이행)
2023032951,2023-06-29,여자,40 - 49세,서울특별시,국내온라인거래,옷장,청약철회
2023032952,2023-06-29,남자,40 - 49세,인천광역시,소셜커머스(쇼핑),기타스포츠·레저기구·용품,품질(물품/용역)
2023032953,2023-06-29,여자,60 - 64세,서울특별시,기타,오피스텔,AS불만
2023032954,2023-06-29,남자,40 - 49세,서울특별시,방문판매,기타매체광고,계약해제.해지/위약금
2023032955,2023-06-29,남자,30 - 39세,서울특별시,기타통신판매,전화이용서비스,계약불이행(불완전이행)
2023032956,2023-06-29,여자,30 - 39세,서울특별시,국내온라인거래,시계,청약철회
2023032958,2023-06-29,여자,40 - 49세,서울특별시,국내온라인거래,기타미분류서비스,계약불이행(불완전이행)
2023032959,2023-06-29,남자,50 - 59세,경기도,국내온라인거래,가스에어컨,계약해제.해지/위약금
2023032960,2023-06-29,여자,20 - 29세,서울특별시,국내온라인거래,헬스장,계약해제.해지/위약금
2023032961,2023-06-29,여자,20 - 29세,충청북도,소셜커머스(쇼핑),보조배터리,품질(물품/용역)
2023032962,2023-06-29,여자,50 - 59세,서울특별시,국내온라인거래,기타가방,청약철회
2023032963,2023-06-29,여자,20 - 29세,경기도,일반판매,피부·체형관리서비스,계약해제.해지/위약금
2023032964,2023-06-29,남자,50 - 59세,세종특별자치시,모바일거래,기타자동차용품,품질(물품/용역)
2023032965,2023-06-29,여자,20 - 29세,서울특별시,소셜커머스(쇼핑),생리용품,계약해제.해지/위약금
2023032966,2023-06-29,여자,50 - 59세,전라북도,기타,기타이·미용서비스,품질(물품/용역)
2023032967,2023-06-29,남자,20 - 29세,전라북도,일반판매,노트북컴퓨터,계약해제.해지/위약금
2023032968,2023-06-29,남자,20 - 29세,서울특별시,일반판매,소파,AS불만
2023032969,2023-06-29,여자,불명,서울특별시,일반판매,애완동물기타,가격.요금
2023032970,2023-06-29,여자,20 - 29세,서울특별시,일반판매,결혼준비대행서비스,계약해제.해지/위약금
2023032971,2023-06-29,여자,40 - 49세,서울특별시,국내온라인거래,룸에어컨,AS불만
2023032972,2023-06-29,여자,30 - 39세,경기도,기타,택배화물운송서비스,계약불이행(불완전이행)
2023032973,2023-06-29,남자,40 - 49세,서울특별시,기타,펜션,청약철회
2023032974,2023-06-29,남자,30 - 39세,경기도,일반판매,국내결혼중개,계약해제.해지/위약금
2023032975,2023-06-29,남자,40 - 49세,광주광역시,기타통신판매,초고속인터넷,품질(물품/용역)
2023032976,2023-06-29,남자,20 - 29세,서울특별시,일반판매,헬스장,계약해제.해지/위약금
2023032977,2023-06-29,남자,30 - 39세,경기도,일반판매,예식서비스,계약해제.해지/위약금
2023032978,2023-06-29,남자,50 - 59세,서울특별시,국내온라인거래,헤드폰·이어폰,품질(물품/용역)
2023032979,2023-06-29,여자,40 - 49세,경기도,전화권유판매,인터넷교육서비스,계약불이행(불완전이행)
2023032980,2023-06-29,남자,40 - 49세,경상남도,국제온라인거래,기타가방,품질(물품/용역)
2023032981,2023-06-29,남자,20 - 29세,경기도,국내온라인거래,건물청소서비스,품질(물품/용역)
2023032982,2023-06-29,여자,50 - 59세,경상남도,일반판매,오디오세트,품질(물품/용역)
2023032983,2023-06-29,여자,70 - 79세,서울특별시,국내온라인거래,룸에어컨,계약불이행(불완전이행)
2023032984,2023-06-29,여자,30 - 39세,서울특별시,국내온라인거래,전기진공청소기,품질(물품/용역)
2023032985,2023-06-29,남자,20 - 29세,경기도,국내온라인거래,통신기기케이스,품질(물품/용역)
2023032986,2023-06-29,여자,50 - 59세,서울특별시,일반판매,침대·매트리스대여(렌트),품질(물품/용역)
2023032987,2023-06-29,남자,40 - 49세,경기도,일반판매,기타침대류,계약해제.해지/위약금
2023032988,2023-06-29,남자,30 - 39세,경상북도,국내온라인거래,기타신발·용품,청약철회
2023032989,2023-06-29,남자,20 - 29세,인천광역시,일반판매,해외유학알선,계약해제.해지/위약금
2023032990,2023-06-29,여자,30 - 39세,서울특별시,국내온라인거래,펜션,청약철회
2023032991,2023-06-29,남자,50 - 59세,경상남도,국내온라인거래,보조배터리,안전(제품/시설)
2023032992,2023-06-29,여자,30 - 39세,경기도,국내온라인거래,호텔,안전(제품/시설)
2023032993,2023-06-29,남자,30 - 39세,경기도,전화권유판매,기타매체광고,청약철회
2023032994,2023-06-29,여자,40 - 49세,충청남도,기타,기타인테리어설비,AS불만
2023032995,2023-06-29,여자,20 - 29세,서울특별시,일반판매,피부·체형관리서비스,계약해제.해지/위약금
2023032996,2023-06-29,여자,30 - 39세,경기도,국내온라인거래,액정보호필름,청약철회
2023032997,2023-06-29,여자,10 - 19세,인천광역시,일반판매,기타사설강습서비스,계약해제.해지/위약금
2023032998,2023-06-29,여자,30 - 39세,서울특별시,기타,스마트폰,부당행위
2023032999,2023-06-29,여자,40 - 49세,인천광역시,국내온라인거래,룸에어컨,품질(물품/용역)
2023033000,2023-06-29,여자,30 - 39세,경상북도,방문판매,학습지,계약불이행(불완전이행)
2023033001,2023-06-29,여자,40 - 49세,강원특별자치도,전화권유판매,이동전화서비스,계약해제.해지/위약금
2023033002,2023-06-29,남자,40 - 49세,서울특별시,일반판매,건물청소서비스,계약불이행(불완전이행)
2023033003,2023-06-29,여자,50 - 59세,서울특별시,기타,기타가스·급배수설비,AS불만
2023033004,2023-06-29,여자,30 - 39세,서울특별시,기타통신판매,기타가구,품질(물품/용역)
2023033005,2023-06-29,여자,40 - 49세,인천광역시,국내온라인거래,펜션,품질(물품/용역)
2023033006,2023-06-29,여자,30 - 39세,광주광역시,일반판매,기타가방,품질(물품/용역)
2023033007,2023-06-29,여자,40 - 49세,서울특별시,국내온라인거래,소금,계약불이행(불완전이행)
2023033008,2023-06-30,여자,70 - 79세,경기도,일반판매,기타건강식품,품질(물품/용역)
2023033010,2023-06-30,여자,40 - 49세,서울특별시,일반판매,피부과,계약해제.해지/위약금
2023033011,2023-06-30,남자,50 - 59세,서울특별시,일반판매,스마트폰,품질(물품/용역)
2023033012,2023-06-30,남자,30 - 39세,경기도,일반판매,자동차세차,AS불만
2023033013,2023-06-30,남자,40 - 49세,경기도,국내온라인거래,기타건축자재,거래관행
2023033014,2023-06-30,여자,40 - 49세,인천광역시,일반판매,기타사설강습서비스,품질(물품/용역)
2023033015,2023-06-30,남자,60 - 64세,광주광역시,일반판매,대형승용자동차,품질(물품/용역)
2023033016,2023-06-30,여자,20 - 29세,인천광역시,일반판매,펜션,계약불이행(불완전이행)
2023033017,2023-06-30,여자,50 - 59세,경상북도,전화권유판매,유사투자자문,계약해제.해지/위약금
2023033018,2023-06-30,남자,50 - 59세,전라북도,일반판매,기타가스·급배수설비,품질(물품/용역)
2023033019,2023-06-30,남자,30 - 39세,경기도,전화권유판매,투자자문(컨설팅),계약해제.해지/위약금
2023033020,2023-06-30,남자,65 - 69세,충청북도,일반판매,건강(암·기타질병)보험,약관
2023033023,2023-06-30,남자,(미입력),서울특별시,일반판매,자동차주유,부당행위
2023033024,2023-06-30,여자,50 - 59세,경상남도,일반판매,묘지설비,계약해제.해지/위약금
2023033025,2023-06-30,남자,70 - 79세,경기도,일반판매,스포츠웨어,품질(물품/용역)
2023033026,2023-06-30,남자,80세이상,경기도,기타,전집물,부당행위
2023033027,2023-06-30,남자,40 - 49세,광주광역시,전화권유판매,유사투자자문,품질(물품/용역)
2023033028,2023-06-30,여자,20 - 29세,전라남도,일반판매,정수기,청약철회
2023033029,2023-06-30,여자,20 - 29세,경기도,국내온라인거래,항공여객운송서비스,계약불이행(불완전이행)
2023033030,2023-06-30,남자,40 - 49세,경기도,국내온라인거래,기타의류·섬유,계약불이행(불완전이행)
2023033031,2023-06-30,여자,30 - 39세,부산광역시,국내온라인거래,캐주얼바지,청약철회
2023033032,2023-06-30,남자,20 - 29세,강원특별자치도,국내온라인거래,양복(서양식 의복)세탁,품질(물품/용역)
2023033033,2023-06-30,여자,30 - 39세,인천광역시,일반판매,스포츠시설이용,계약해제.해지/위약금
2023033034,2023-06-30,남자,40 - 49세,경상북도,일반판매,택배화물운송서비스,계약불이행(불완전이행)
2023033035,2023-06-30,여자,40 - 49세,충청북도,일반판매,인덕션레인지,품질(물품/용역)
2023033036,2023-06-30,남자,30 - 39세,경상북도,국내온라인거래,양복(서양식 의복)세탁,품질(물품/용역)
2023033037,2023-06-30,여자,30 - 39세,부산광역시,국내온라인거래,애완동·식물용품,품질(물품/용역)
2023033039,2023-06-30,여자,30 - 39세,경기도,일반판매,레저시설이용,품질(물품/용역)
2023033040,2023-06-30,남자,40 - 49세,대구광역시,일반판매,중고자동차중개·매매,표시.광고
2023033041,2023-06-30,여자,50 - 59세,경기도,기타통신판매,일반이사운송서비스,계약해제.해지/위약금
2023033042,2023-06-30,남자,20 - 29세,서울특별시,모바일거래,카셰어링,부당행위
2023033043,2023-06-30,여자,40 - 49세,경기도,일반판매,피부·체형관리서비스,계약해제.해지/위약금
2023033044,2023-06-30,여자,40 - 49세,서울특별시,일반판매,룸에어컨,계약불이행(불완전이행)
2023033045,2023-06-30,여자,50 - 59세,경기도,일반판매,양복(서양식 의복)세탁,품질(물품/용역)
2023033046,2023-06-30,남자,50 - 59세,대전광역시,일반판매,자동차대여(렌트),계약불이행(불완전이행)
2023033047,2023-06-30,여자,60 - 64세,경기도,기타통신판매,원피스,청약철회
2023033048,2023-06-30,여자,40 - 49세,부산광역시,국내온라인거래,셔츠,품질(물품/용역)
2023033049,2023-06-30,여자,30 - 39세,경기도,국내온라인거래,기타미분류물품,계약불이행(불완전이행)
2023033050,2023-06-30,여자,20 - 29세,전라남도,방문판매,인터넷교육서비스,계약해제.해지/위약금
2023033051,2023-06-30,남자,20 - 29세,서울특별시,일반판매,식사배달,거래관행
2023033052,2023-06-30,남자,30 - 39세,대구광역시,국내온라인거래,양복(서양식 의복)세탁,품질(물품/용역)
2023033053,2023-06-30,남자,30 - 39세,서울특별시,일반판매,신사복세트,계약불이행(불완전이행)
2023033054,2023-06-30,남자,40 - 49세,부산광역시,일반판매,이동전화서비스,계약해제.해지/위약금
2023033055,2023-06-30,남자,30 - 39세,경기도,일반판매,스마트폰,품질(물품/용역)
2023033056,2023-06-30,남자,65 - 69세,경기도,일반판매,이동전화서비스,계약불이행(불완전이행)
2023033057,2023-06-30,여자,20 - 29세,경기도,국내온라인거래,항공여객운송서비스,이자.수수료
2023033058,2023-06-30,여자,40 - 49세,경기도,일반판매,기타사설강습서비스,계약해제.해지/위약금
2023033059,2023-06-30,여자,30 - 39세,경기도,일반판매,티셔츠,품질(물품/용역)
2023033060,2023-06-30,여자,30 - 39세,대전광역시,일반판매,필라테스,계약불이행(불완전이행)
2023033061,2023-06-30,남자,40 - 49세,경기도,소셜커머스(쇼핑),김치냉장고,계약불이행(불완전이행)
2023033062,2023-06-30,여자,30 - 39세,충청남도,국내온라인거래,기타의류·섬유,청약철회
2023033063,2023-06-30,여자,50 - 59세,인천광역시,기타통신판매,실손보험,계약해제.해지/위약금
2023033064,2023-06-30,남자,60 - 64세,울산광역시,전화권유판매,유사투자자문,계약해제.해지/위약금
2023033065,2023-06-30,남자,50 - 59세,경기도,전화권유판매,유사투자자문,계약해제.해지/위약금
2023033066,2023-06-30,남자,30 - 39세,경기도,소셜커머스(쇼핑),운동화,청약철회
2023033067,2023-06-30,남자,40 - 49세,경기도,일반판매,성형외과,계약해제.해지/위약금
2023033068,2023-06-30,여자,50 - 59세,충청남도,일반판매,종신보험,약관
2023033069,2023-06-30,여자,40 - 49세,경기도,국내온라인거래,캐주얼바지,품질(물품/용역)
2023033070,2023-06-30,여자,50 - 59세,서울특별시,전화권유판매,유사투자자문,계약해제.해지/위약금
2023033071,2023-06-30,여자,50 - 59세,경기도,일반판매,스마트폰,AS불만
2023033072,2023-06-30,여자,20 - 29세,경기도,모바일거래,미용서비스,청약철회
2023033073,2023-06-30,여자,40 - 49세,서울특별시,모바일거래,기타신발·용품,청약철회
2023033074,2023-06-30,남자,80세이상,강원특별자치도,모바일거래,인터넷정보이용서비스,계약해제.해지/위약금
2023033075,2023-06-30,남자,30 - 39세,경기도,기타,시스템에어컨,품질(물품/용역)
2023033076,2023-06-30,여자,30 - 39세,인천광역시,국내온라인거래,양복(서양식 의복)세탁,품질(물품/용역)
2023033077,2023-06-30,남자,30 - 39세,서울특별시,일반판매,보석·귀금속,계약불이행(불완전이행)
2023033078,2023-06-30,여자,40 - 49세,서울특별시,일반판매,기타세탁서비스,품질(물품/용역)
2023033079,2023-06-30,남자,40 - 49세,경기도,소셜커머스(쇼핑),냉장고,AS불만
2023033080,2023-06-30,여자,30 - 39세,충청북도,기타,건물청소서비스,계약불이행(불완전이행)
2023033082,2023-06-30,남자,80세이상,경기도,기타통신판매,룸에어컨,계약불이행(불완전이행)
2023033083,2023-06-30,여자,불명,서울특별시,일반판매,핸드백,품질(물품/용역)
2023033084,2023-06-30,남자,50 - 59세,강원특별자치도,국내온라인거래,셔츠,품질(물품/용역)
2023033085,2023-06-30,여자,30 - 39세,경기도,국내온라인거래,숙녀복세트,품질(물품/용역)
2023033086,2023-06-30,여자,20 - 29세,부산광역시,기타통신판매,스포츠웨어,품질(물품/용역)
2023033115,2023-06-30,남자,50 - 59세,경기도,일반판매,골프회원권,계약불이행(불완전이행)
2023033116,2023-06-30,남자,50 - 59세,전라북도,국내온라인거래,기타의류·섬유,청약철회
2023033117,2023-06-30,남자,40 - 49세,강원특별자치도,소셜커머스(쇼핑),냉장고,품질(물품/용역)
2023033118,2023-06-30,여자,30 - 39세,서울특별시,국내온라인거래,기타부동산임대차,부당행위
2023033119,2023-06-30,여자,30 - 39세,서울특별시,방문판매,헬스장,계약해제.해지/위약금
2023033120,2023-06-30,남자,40 - 49세,강원특별자치도,국내온라인거래,헤드폰·이어폰,청약철회
2023033121,2023-06-30,여자,30 - 39세,경기도,국내온라인거래,기타신발·용품,청약철회
2023033122,2023-06-30,여자,40 - 49세,서울특별시,일반판매,헬스장,계약해제.해지/위약금
2023033123,2023-06-30,여자,20 - 29세,서울특별시,일반판매,필라테스,계약해제.해지/위약금
2023033124,2023-06-30,여자,30 - 39세,서울특별시,국내온라인거래,건물청소서비스,청약철회
2023033125,2023-06-30,여자,30 - 39세,부산광역시,소셜커머스(쇼핑),인터넷교육서비스,계약해제.해지/위약금
2023033126,2023-06-30,여자,30 - 39세,경기도,방문판매,기타조명기기,청약철회
2023033127,2023-06-30,여자,30 - 39세,서울특별시,국내온라인거래,스포츠웨어,품질(물품/용역)
2023033128,2023-06-30,여자,30 - 39세,광주광역시,기타통신판매,펜션,계약해제.해지/위약금
2023033129,2023-06-30,남자,30 - 39세,경상북도,방문판매,학습지,부당행위
2023033131,2023-06-30,여자,30 - 39세,경기도,전화권유판매,인터넷정보이용서비스,계약해제.해지/위약금
2023033132,2023-06-30,여자,40 - 49세,대전광역시,방문판매,미분류컨설팅(자문),계약해제.해지/위약금
2023033133,2023-06-30,여자,30 - 39세,서울특별시,모바일거래,모바일게임서비스,부당행위
2023033134,2023-06-30,여자,30 - 39세,충청남도,일반판매,필라테스,계약불이행(불완전이행)
2023033135,2023-06-30,남자,30 - 39세,경기도,기타통신판매,정수기,AS불만
2023033136,2023-06-30,여자,40 - 49세,서울특별시,방문판매,인터넷교육서비스,계약해제.해지/위약금
2023033137,2023-06-30,남자,50 - 59세,서울특별시,소셜커머스(쇼핑),시계,품질(물품/용역)
2023033138,2023-06-30,여자,20 - 29세,대전광역시,국내온라인거래,기타완구·인형,계약불이행(불완전이행)
2023033139,2023-06-30,남자,50 - 59세,서울특별시,국내온라인거래,운동화,청약철회
2023033140,2023-06-30,남자,20 - 29세,서울특별시,일반판매,스마트폰,AS불만
2023033141,2023-06-30,남자,40 - 49세,경기도,기타,항공여객운송서비스,계약불이행(불완전이행)
2023033142,2023-06-30,남자,50 - 59세,광주광역시,국내온라인거래,전기압력밥솥,품질(물품/용역)
2023033143,2023-06-30,여자,20 - 29세,서울특별시,일반판매,헬스장,계약해제.해지/위약금
2023033144,2023-06-30,여자,30 - 39세,대전광역시,다단계판매,학습지,계약해제.해지/위약금
2023033145,2023-06-30,남자,30 - 39세,서울특별시,방문판매,결혼준비대행서비스,계약해제.해지/위약금
2023033146,2023-06-30,여자,40 - 49세,서울특별시,기타,항공여객운송서비스,계약불이행(불완전이행)
2023033147,2023-06-30,여자,40 - 49세,경상남도,일반판매,미용서비스,청약철회
2023033148,2023-06-30,남자,20 - 29세,경기도,국제온라인거래,그래픽카드,품질(물품/용역)
2023033149,2023-06-30,남자,40 - 49세,인천광역시,국내온라인거래,CCTV,품질(물품/용역)
2023033150,2023-06-30,여자,30 - 39세,서울특별시,국내온라인거래,이동전화서비스,가격.요금
2023033151,2023-06-30,여자,40 - 49세,경기도,국내온라인거래,TV,계약불이행(불완전이행)
2023033152,2023-06-30,남자,60 - 64세,경기도,국내온라인거래,기타가정용공구,청약철회
2023033153,2023-06-30,남자,20 - 29세,서울특별시,일반판매,미용서비스,청약철회
2023033154,2023-06-30,남자,50 - 59세,충청북도,방문판매,콘도회원권,계약불이행(불완전이행)
2023033155,2023-06-30,남자,50 - 59세,충청북도,기타,포장이사운송서비스,계약불이행(불완전이행)
2023033156,2023-06-30,남자,50 - 59세,서울특별시,국내온라인거래,기타세트가구류,계약불이행(불완전이행)
2023033157,2023-06-30,남자,50 - 59세,서울특별시,일반판매,냉장고,부당행위
2023033158,2023-06-30,남자,30 - 39세,경기도,국내온라인거래,음식물처리기,AS불만
2023033159,2023-06-30,남자,50 - 59세,경기도,국제온라인거래,항공여객운송서비스,계약해제.해지/위약금
2023033160,2023-06-30,여자,50 - 59세,서울특별시,소셜커머스(쇼핑),부업알선,부당행위
2023033161,2023-06-30,여자,30 - 39세,서울특별시,일반판매,포장이사운송서비스,품질(물품/용역)
2023033162,2023-06-30,여자,40 - 49세,서울특별시,기타,국외여행,계약해제.해지/위약금
2023033163,2023-06-30,남자,40 - 49세,충청북도,일반판매,정수기대여(렌트),계약불이행(불완전이행)
2023033164,2023-06-30,남자,40 - 49세,경기도,국제온라인거래,텐트,계약불이행(불완전이행)
2023033165,2023-06-30,남자,30 - 39세,부산광역시,국내온라인거래,태블릿PC,표시.광고
2023033166,2023-06-30,남자,40 - 49세,경기도,국내온라인거래,인터넷교육서비스,계약해제.해지/위약금
2023033167,2023-06-30,여자,30 - 39세,부산광역시,국내온라인거래,기타의류·섬유,청약철회
2023033168,2023-06-30,여자,20 - 29세,서울특별시,일반판매,헬스장,계약해제.해지/위약금
2023033169,2023-06-30,남자,20 - 29세,경기도,국내온라인거래,여자용내의류,청약철회
2023033170,2023-06-30,여자,30 - 39세,경기도,일반판매,기타예식관련서비스,계약불이행(불완전이행)
2023033171,2023-06-30,여자,20 - 29세,경기도,기타,예식서비스,계약해제.해지/위약금
2023033172,2023-06-30,여자,30 - 39세,서울특별시,국제온라인거래,항공여객운송서비스,이자.수수료
2023033173,2023-06-30,남자,40 - 49세,경기도,국내온라인거래,사진촬영,계약해제.해지/위약금
2023033324,2023-06-30,여자,30 - 39세,경기도,방문판매,필라테스,계약해제.해지/위약금
